player,player_id,position,team_name,player_game_count,base_attempts,base_dropbacks,behind_los_accuracy_percent,behind_los_aimed_passes,behind_los_attempts,behind_los_attempts_percent,behind_los_avg_depth_of_target,behind_los_avg_time_to_throw,behind_los_bats,behind_los_big_time_throws,behind_los_btt_rate,behind_los_completion_percent,behind_los_completions,behind_los_def_gen_pressures,behind_los_drop_rate,behind_los_dropbacks,behind_los_drops,behind_los_epa,behind_los_first_downs,behind_los_grades_pass,behind_los_hit_as_threw,behind_los_interceptions,behind_los_passing_snaps,behind_los_positive_epa_percent,behind_los_pressure_to_sack_rate,behind_los_qb_rating,behind_los_sack_percent,behind_los_sacks,behind_los_scrambles,behind_los_spikes,behind_los_thrown_aways,behind_los_touchdowns,behind_los_turnover_worthy_plays,behind_los_twp_rate,behind_los_yards,behind_los_ypa,center_behind_los_accuracy_percent,center_behind_los_aimed_passes,center_behind_los_attempts,center_behind_los_attempts_percent,center_behind_los_avg_depth_of_target,center_behind_los_avg_time_to_throw,center_behind_los_bats,center_behind_los_big_time_throws,center_behind_los_btt_rate,center_behind_los_completion_percent,center_behind_los_completions,center_behind_los_def_gen_pressures,center_behind_los_drop_rate,center_behind_los_dropbacks,center_behind_los_drops,center_behind_los_epa,center_behind_los_first_downs,center_behind_los_grades_pass,center_behind_los_hit_as_threw,center_behind_los_interceptions,center_behind_los_passing_snaps,center_behind_los_positive_epa_percent,center_behind_los_pressure_to_sack_rate,center_behind_los_qb_rating,center_behind_los_sack_percent,center_behind_los_sacks,center_behind_los_scrambles,center_behind_los_spikes,center_behind_los_thrown_aways,center_behind_los_touchdowns,center_behind_los_turnover_worthy_plays,center_behind_los_twp_rate,center_behind_los_yards,center_behind_los_ypa,center_deep_accuracy_percent,center_deep_aimed_passes,center_deep_attempts,center_deep_attempts_percent,center_deep_avg_depth_of_target,center_deep_avg_time_to_throw,center_deep_bats,center_deep_big_time_throws,center_deep_btt_rate,center_deep_completion_percent,center_deep_completions,center_deep_def_gen_pressures,center_deep_drop_rate,center_deep_dropbacks,center_deep_drops,center_deep_epa,center_deep_first_downs,center_deep_grades_pass,center_deep_hit_as_threw,center_deep_interceptions,center_deep_passing_snaps,center_deep_positive_epa_percent,center_deep_pressure_to_sack_rate,center_deep_qb_rating,center_deep_sack_percent,center_deep_sacks,center_deep_scrambles,center_deep_spikes,center_deep_thrown_aways,center_deep_touchdowns,center_deep_turnover_worthy_plays,center_deep_twp_rate,center_deep_yards,center_deep_ypa,center_medium_accuracy_percent,center_medium_aimed_passes,center_medium_attempts,center_medium_attempts_percent,center_medium_avg_depth_of_target,center_medium_avg_time_to_throw,center_medium_bats,center_medium_big_time_throws,center_medium_btt_rate,center_medium_completion_percent,center_medium_completions,center_medium_def_gen_pressures,center_medium_drop_rate,center_medium_dropbacks,center_medium_drops,center_medium_epa,center_medium_first_downs,center_medium_grades_pass,center_medium_hit_as_threw,center_medium_interceptions,center_medium_passing_snaps,center_medium_positive_epa_percent,center_medium_pressure_to_sack_rate,center_medium_qb_rating,center_medium_sack_percent,center_medium_sacks,center_medium_scrambles,center_medium_spikes,center_medium_thrown_aways,center_medium_touchdowns,center_medium_turnover_worthy_plays,center_medium_twp_rate,center_medium_yards,center_medium_ypa,center_short_accuracy_percent,center_short_aimed_passes,center_short_attempts,center_short_attempts_percent,center_short_avg_depth_of_target,center_short_avg_time_to_throw,center_short_bats,center_short_big_time_throws,center_short_btt_rate,center_short_completion_percent,center_short_completions,center_short_def_gen_pressures,center_short_drop_rate,center_short_dropbacks,center_short_drops,center_short_epa,center_short_first_downs,center_short_grades_pass,center_short_hit_as_threw,center_short_interceptions,center_short_passing_snaps,center_short_positive_epa_percent,center_short_pressure_to_sack_rate,center_short_qb_rating,center_short_sack_percent,center_short_sacks,center_short_scrambles,center_short_spikes,center_short_thrown_aways,center_short_touchdowns,center_short_turnover_worthy_plays,center_short_twp_rate,center_short_yards,center_short_ypa,declined_penalties,deep_accuracy_percent,deep_aimed_passes,deep_attempts,deep_attempts_percent,deep_avg_depth_of_target,deep_avg_time_to_throw,deep_bats,deep_big_time_throws,deep_btt_rate,deep_completion_percent,deep_completions,deep_def_gen_pressures,deep_drop_rate,deep_dropbacks,deep_drops,deep_epa,deep_first_downs,deep_grades_pass,deep_hit_as_threw,deep_interceptions,deep_passing_snaps,deep_positive_epa_percent,deep_pressure_to_sack_rate,deep_qb_rating,deep_sack_percent,deep_sacks,deep_scrambles,deep_spikes,deep_thrown_aways,deep_touchdowns,deep_turnover_worthy_plays,deep_twp_rate,deep_yards,deep_ypa,franchise_id,left_behind_los_accuracy_percent,left_behind_los_aimed_passes,left_behind_los_attempts,left_behind_los_attempts_percent,left_behind_los_avg_depth_of_target,left_behind_los_avg_time_to_throw,left_behind_los_bats,left_behind_los_big_time_throws,left_behind_los_btt_rate,left_behind_los_completion_percent,left_behind_los_completions,left_behind_los_def_gen_pressures,left_behind_los_drop_rate,left_behind_los_dropbacks,left_behind_los_drops,left_behind_los_epa,left_behind_los_first_downs,left_behind_los_grades_pass,left_behind_los_hit_as_threw,left_behind_los_interceptions,left_behind_los_passing_snaps,left_behind_los_positive_epa_percent,left_behind_los_pressure_to_sack_rate,left_behind_los_qb_rating,left_behind_los_sack_percent,left_behind_los_sacks,left_behind_los_scrambles,left_behind_los_spikes,left_behind_los_thrown_aways,left_behind_los_touchdowns,left_behind_los_turnover_worthy_plays,left_behind_los_twp_rate,left_behind_los_yards,left_behind_los_ypa,left_deep_accuracy_percent,left_deep_aimed_passes,left_deep_attempts,left_deep_attempts_percent,left_deep_avg_depth_of_target,left_deep_avg_time_to_throw,left_deep_bats,left_deep_big_time_throws,left_deep_btt_rate,left_deep_completion_percent,left_deep_completions,left_deep_def_gen_pressures,left_deep_drop_rate,left_deep_dropbacks,left_deep_drops,left_deep_epa,left_deep_first_downs,left_deep_grades_pass,left_deep_hit_as_threw,left_deep_interceptions,left_deep_passing_snaps,left_deep_positive_epa_percent,left_deep_pressure_to_sack_rate,left_deep_qb_rating,left_deep_sack_percent,left_deep_sacks,left_deep_scrambles,left_deep_spikes,left_deep_thrown_aways,left_deep_touchdowns,left_deep_turnover_worthy_plays,left_deep_twp_rate,left_deep_yards,left_deep_ypa,left_medium_accuracy_percent,left_medium_aimed_passes,left_medium_attempts,left_medium_attempts_percent,left_medium_avg_depth_of_target,left_medium_avg_time_to_throw,left_medium_bats,left_medium_big_time_throws,left_medium_btt_rate,left_medium_completion_percent,left_medium_completions,left_medium_def_gen_pressures,left_medium_drop_rate,left_medium_dropbacks,left_medium_drops,left_medium_epa,left_medium_first_downs,left_medium_grades_pass,left_medium_hit_as_threw,left_medium_interceptions,left_medium_passing_snaps,left_medium_positive_epa_percent,left_medium_pressure_to_sack_rate,left_medium_qb_rating,left_medium_sack_percent,left_medium_sacks,left_medium_scrambles,left_medium_spikes,left_medium_thrown_aways,left_medium_touchdowns,left_medium_turnover_worthy_plays,left_medium_twp_rate,left_medium_yards,left_medium_ypa,left_short_accuracy_percent,left_short_aimed_passes,left_short_attempts,left_short_attempts_percent,left_short_avg_depth_of_target,left_short_avg_time_to_throw,left_short_bats,left_short_big_time_throws,left_short_btt_rate,left_short_completion_percent,left_short_completions,left_short_def_gen_pressures,left_short_drop_rate,left_short_dropbacks,left_short_drops,left_short_epa,left_short_first_downs,left_short_grades_pass,left_short_hit_as_threw,left_short_interceptions,left_short_passing_snaps,left_short_positive_epa_percent,left_short_pressure_to_sack_rate,left_short_qb_rating,left_short_sack_percent,left_short_sacks,left_short_scrambles,left_short_spikes,left_short_thrown_aways,left_short_touchdowns,left_short_turnover_worthy_plays,left_short_twp_rate,left_short_yards,left_short_ypa,medium_accuracy_percent,medium_aimed_passes,medium_attempts,medium_attempts_percent,medium_avg_depth_of_target,medium_avg_time_to_throw,medium_bats,medium_big_time_throws,medium_btt_rate,medium_completion_percent,medium_completions,medium_def_gen_pressures,medium_drop_rate,medium_dropbacks,medium_drops,medium_epa,medium_first_downs,medium_grades_pass,medium_hit_as_threw,medium_interceptions,medium_passing_snaps,medium_positive_epa_percent,medium_pressure_to_sack_rate,medium_qb_rating,medium_sack_percent,medium_sacks,medium_scrambles,medium_spikes,medium_thrown_aways,medium_touchdowns,medium_turnover_worthy_plays,medium_twp_rate,medium_yards,medium_ypa,penalties,right_behind_los_accuracy_percent,right_behind_los_aimed_passes,right_behind_los_attempts,right_behind_los_attempts_percent,right_behind_los_avg_depth_of_target,right_behind_los_avg_time_to_throw,right_behind_los_bats,right_behind_los_big_time_throws,right_behind_los_btt_rate,right_behind_los_completion_percent,right_behind_los_completions,right_behind_los_def_gen_pressures,right_behind_los_drop_rate,right_behind_los_dropbacks,right_behind_los_drops,right_behind_los_epa,right_behind_los_first_downs,right_behind_los_grades_pass,right_behind_los_hit_as_threw,right_behind_los_interceptions,right_behind_los_passing_snaps,right_behind_los_positive_epa_percent,right_behind_los_pressure_to_sack_rate,right_behind_los_qb_rating,right_behind_los_sack_percent,right_behind_los_sacks,right_behind_los_scrambles,right_behind_los_spikes,right_behind_los_thrown_aways,right_behind_los_touchdowns,right_behind_los_turnover_worthy_plays,right_behind_los_twp_rate,right_behind_los_yards,right_behind_los_ypa,right_deep_accuracy_percent,right_deep_aimed_passes,right_deep_attempts,right_deep_attempts_percent,right_deep_avg_depth_of_target,right_deep_avg_time_to_throw,right_deep_bats,right_deep_big_time_throws,right_deep_btt_rate,right_deep_completion_percent,right_deep_completions,right_deep_def_gen_pressures,right_deep_drop_rate,right_deep_dropbacks,right_deep_drops,right_deep_epa,right_deep_first_downs,right_deep_grades_pass,right_deep_hit_as_threw,right_deep_interceptions,right_deep_passing_snaps,right_deep_positive_epa_percent,right_deep_pressure_to_sack_rate,right_deep_qb_rating,right_deep_sack_percent,right_deep_sacks,right_deep_scrambles,right_deep_spikes,right_deep_thrown_aways,right_deep_touchdowns,right_deep_turnover_worthy_plays,right_deep_twp_rate,right_deep_yards,right_deep_ypa,right_medium_accuracy_percent,right_medium_aimed_passes,right_medium_attempts,right_medium_attempts_percent,right_medium_avg_depth_of_target,right_medium_avg_time_to_throw,right_medium_bats,right_medium_big_time_throws,right_medium_btt_rate,right_medium_completion_percent,right_medium_completions,right_medium_def_gen_pressures,right_medium_drop_rate,right_medium_dropbacks,right_medium_drops,right_medium_epa,right_medium_first_downs,right_medium_grades_pass,right_medium_hit_as_threw,right_medium_interceptions,right_medium_passing_snaps,right_medium_positive_epa_percent,right_medium_pressure_to_sack_rate,right_medium_qb_rating,right_medium_sack_percent,right_medium_sacks,right_medium_scrambles,right_medium_spikes,right_medium_thrown_aways,right_medium_touchdowns,right_medium_turnover_worthy_plays,right_medium_twp_rate,right_medium_yards,right_medium_ypa,right_short_accuracy_percent,right_short_aimed_passes,right_short_attempts,right_short_attempts_percent,right_short_avg_depth_of_target,right_short_avg_time_to_throw,right_short_bats,right_short_big_time_throws,right_short_btt_rate,right_short_completion_percent,right_short_completions,right_short_def_gen_pressures,right_short_drop_rate,right_short_dropbacks,right_short_drops,right_short_epa,right_short_first_downs,right_short_grades_pass,right_short_hit_as_threw,right_short_interceptions,right_short_passing_snaps,right_short_positive_epa_percent,right_short_pressure_to_sack_rate,right_short_qb_rating,right_short_sack_percent,right_short_sacks,right_short_scrambles,right_short_spikes,right_short_thrown_aways,right_short_touchdowns,right_short_turnover_worthy_plays,right_short_twp_rate,right_short_yards,right_short_ypa,short_accuracy_percent,short_aimed_passes,short_attempts,short_attempts_percent,short_avg_depth_of_target,short_avg_time_to_throw,short_bats,short_big_time_throws,short_btt_rate,short_completion_percent,short_completions,short_def_gen_pressures,short_drop_rate,short_dropbacks,short_drops,short_epa,short_first_downs,short_grades_pass,short_hit_as_threw,short_interceptions,short_passing_snaps,short_positive_epa_percent,short_pressure_to_sack_rate,short_qb_rating,short_sack_percent,short_sacks,short_scrambles,short_spikes,short_thrown_aways,short_touchdowns,short_turnover_worthy_plays,short_twp_rate,short_yards,short_ypa
Caden Veltkamp,156642,QB,FAU,12,512,555,92.6,121,121,23.6,-3.2,1.86,0,0,0.0,86.8,105,19,6.3,121,7,-0.26,26,69.0,0,0,124,37.2,0.0,89.4,0.0,0,0,0,0,2,1,0.8,501,4.1,95.9,73,73,14.3,-3.5,1.92,0,0,0.0,91.8,67,11,4.3,73,3,-0.14,17,71.7,0,0,74,41.1,0.0,90.5,0.0,0,0,0,0,1,0,0.0,337,4.6,48.1,27,27,5.3,30.4,3.26,0,8,27.6,40.7,11,6,15.4,27,2,0.56,11,80.7,0,2,29,40.7,0.0,96.8,0.0,0,0,0,0,5,5,17.2,341,12.6,66.7,60,60,11.7,13.9,2.74,0,2,3.3,60.0,36,14,10.0,60,4,0.46,35,76.1,0,9,61,61.7,0.0,73.8,0.0,0,0,0,0,3,8,13.1,643,10.7,82.0,133,133,26.0,4.4,2.04,0,0,0.0,77.4,103,26,5.5,133,6,0.32,40,77.1,0,1,139,59.4,0.0,100.8,0.0,0,0,0,0,3,1,0.7,952,7.2,0,42.2,64,64,12.5,28.7,2.78,0,20,26.7,39.1,25,15,7.4,64,2,0.41,24,84.3,0,5,75,39.1,0.0,92.8,0.0,0,0,0,0,10,8,10.7,786,12.3,165,88.9,18,18,3.5,-2.6,1.4,0,0,0.0,83.3,15,1,6.3,18,1,-0.62,4,63.3,0,0,20,38.9,0.0,80.6,0.0,0,0,0,0,0,0,0.0,60,3.3,27.8,18,18,3.5,28.1,2.42,0,4,18.2,27.8,5,4,0.0,18,0,-0.18,4,66.8,0,2,22,27.8,0.0,66.2,0.0,0,0,0,0,3,1,4.5,169,9.4,53.3,15,15,2.9,14.7,2.29,0,1,5.9,53.3,8,3,0.0,15,0,0.91,8,70.1,0,0,17,53.3,0.0,126.9,0.0,0,0,0,0,2,0,0.0,147,9.8,90.0,30,30,5.9,4.5,2.0,0,0,0.0,86.7,26,2,3.7,30,1,0.47,12,82.6,0,0,31,66.7,0.0,103.5,0.0,0,0,0,0,1,1,3.2,185,6.2,60.9,92,92,18.0,14.2,2.68,0,3,3.1,56.5,52,22,7.1,92,4,0.44,50,70.1,0,10,98,57.6,0.0,70.0,0.0,0,0,0,0,5,9,9.2,934,10.2,0,86.7,30,30,5.9,-2.7,1.97,0,0,0.0,76.7,23,7,11.5,30,3,-0.32,5,60.6,0,0,30,26.7,0.0,91.5,0.0,0,0,0,0,1,1,3.3,104,3.5,47.4,19,19,3.7,26.7,2.43,0,8,33.3,47.4,9,5,0.0,19,0,0.76,9,86.7,0,1,24,47.4,0.0,106.8,0.0,0,0,0,0,2,2,8.3,276,14.5,47.1,17,17,3.3,14.6,2.79,0,0,0.0,47.1,8,5,0.0,17,0,-0.03,7,47.6,0,1,20,47.1,0.0,52.1,0.0,0,0,0,0,0,1,5.0,144,8.5,76.1,46,46,9.0,4.3,2.0,0,0,0.0,73.9,34,8,2.9,46,1,0.2,15,52.6,0,1,49,52.2,0.0,93.7,0.0,0,0,0,0,2,3,6.1,271,5.9,81.8,209,209,40.8,4.4,2.03,0,0,0.0,78.0,163,36,4.7,209,8,0.32,67,74.9,0,2,219,58.9,0.0,100.3,0.0,0,0,0,0,6,5,2.3,1408,6.7
Sawyer Robertson,146839,QB,BAYLOR,12,505,544,91.0,100,100,19.8,-3.2,1.76,0,0,0.0,90.0,90,10,1.1,100,1,-0.07,26,70.6,0,0,100,48.0,0.0,100.4,0.0,0,0,0,0,4,0,0.0,490,4.9,89.9,69,69,13.7,-3.7,1.8,0,0,0.0,88.4,61,8,1.6,69,1,-0.13,18,68.9,0,0,69,43.5,0.0,97.0,0.0,0,0,0,0,2,0,0.0,343,5.0,56.5,23,23,4.6,30.0,3.04,0,5,20.8,56.5,13,7,0.0,23,0,1.44,13,76.2,0,1,24,56.5,0.0,122.7,0.0,0,0,0,0,4,4,16.7,465,20.2,57.7,71,71,14.1,12.8,2.62,0,0,0.0,52.1,37,15,9.8,71,4,0.41,31,69.9,0,2,76,53.5,0.0,101.6,0.0,0,0,0,0,7,6,7.9,595,8.4,75.5,110,110,21.8,5.5,2.32,0,0,0.0,71.8,79,17,4.8,110,4,0.11,38,62.7,0,2,114,60.9,0.0,89.6,0.0,0,0,0,0,2,2,1.8,771,7.0,0,42.2,83,83,16.4,28.7,2.82,0,20,19.2,36.1,30,27,14.3,83,5,0.43,29,70.8,0,3,104,34.9,0.0,101.4,0.0,0,0,0,0,8,9,8.7,1047,12.6,118,89.5,19,19,3.8,-2.0,1.44,0,0,0.0,89.5,17,1,0.0,19,0,-0.12,5,66.6,0,0,19,52.6,0.0,100.0,0.0,0,0,0,0,1,0,0.0,72,3.8,35.9,39,39,7.7,28.7,2.66,0,12,25.0,28.2,11,13,21.4,39,3,0.03,11,69.6,0,2,48,28.2,0.0,70.2,0.0,0,0,0,0,3,2,4.2,364,9.3,30.8,26,26,5.1,14.6,2.63,0,1,3.4,30.8,8,6,0.0,26,0,-0.09,8,50.1,0,2,29,30.8,0.0,41.7,0.0,0,0,0,0,2,1,3.4,127,4.9,92.3,26,26,5.1,4.5,2.33,0,0,0.0,80.8,21,3,12.5,26,3,0.06,6,72.6,0,0,29,57.7,0.0,103.4,0.0,0,0,0,0,1,0,0.0,149,5.7,52.3,128,128,25.3,13.8,2.62,0,5,3.6,48.4,62,29,7.5,128,5,0.28,55,68.0,0,6,138,49.2,0.0,95.0,0.0,0,0,0,0,16,9,6.5,997,7.8,0,100.0,12,12,2.4,-2.7,2.03,0,0,0.0,100.0,12,1,0.0,12,0,0.38,3,68.3,0,0,12,66.7,0.0,120.5,0.0,0,0,0,0,1,0,0.0,75,6.3,38.1,21,21,4.2,27.0,2.88,0,3,9.4,28.6,6,7,25.0,21,2,0.05,5,60.2,0,0,32,23.8,0.0,86.2,0.0,0,0,0,0,1,3,9.4,218,10.4,58.1,31,31,6.1,15.5,2.62,0,4,12.1,54.8,17,8,5.6,31,1,0.29,16,74.1,0,2,33,54.8,0.0,97.4,0.0,0,0,0,0,7,2,6.1,275,8.9,67.6,34,34,6.7,5.8,2.36,0,0,0.0,64.7,22,9,4.3,34,1,-0.21,11,70.9,0,1,37,58.8,0.0,71.8,0.0,0,0,0,0,0,0,0.0,229,6.7,76.5,170,170,33.7,5.4,2.33,0,0,0.0,71.8,122,29,6.2,170,8,0.04,55,68.4,0,3,180,60.0,0.0,88.6,0.0,0,0,0,0,3,2,1.1,1149,6.8
Jaylen Raynor,172203,QB,ARK STATE,12,472,542,95.1,82,82,17.4,-3.5,1.81,0,0,0.0,95.1,78,13,0.0,82,0,-0.33,16,70.3,0,0,83,40.2,0.0,87.1,0.0,0,0,0,0,1,0,0.0,322,3.9,94.6,74,74,15.7,-3.7,1.75,0,0,0.0,94.6,70,9,0.0,74,0,-0.33,15,69.5,0,0,75,41.9,0.0,87.3,0.0,0,0,0,0,1,0,0.0,287,3.9,50.0,18,18,3.8,32.8,3.11,0,6,30.0,38.9,7,6,22.2,18,2,0.41,7,64.6,0,3,20,38.9,0.0,47.0,0.0,0,0,0,0,0,3,15.0,251,13.9,63.3,60,60,12.7,13.8,2.78,0,0,0.0,58.3,35,11,7.9,60,3,0.52,34,80.8,0,1,66,58.3,0.0,114.9,0.0,0,0,0,0,5,4,6.1,625,10.4,84.1,145,145,30.7,4.0,2.42,0,0,0.0,80.0,116,25,4.9,145,6,0.32,56,75.3,0,3,149,60.0,0.0,95.7,0.0,0,0,0,0,5,1,0.7,911,6.3,0,34.5,58,58,12.3,31.3,2.75,0,15,21.7,24.1,14,9,30.0,58,6,-0.02,14,59.4,0,6,69,24.1,0.0,34.8,0.0,0,0,0,0,2,7,10.1,498,8.6,113,100.0,8,8,1.7,-2.1,2.38,0,0,0.0,100.0,8,4,0.0,8,0,-0.33,1,66.9,0,0,8,25.0,0.0,84.9,0.0,0,0,0,0,0,0,0.0,35,4.4,28.6,21,21,4.4,31.0,2.56,0,5,20.8,14.3,3,2,50.0,21,3,-0.39,3,68.2,0,1,24,14.3,0.0,31.3,0.0,0,0,0,0,0,0,0.0,121,5.8,33.3,12,12,2.5,13.7,3.58,0,0,0.0,33.3,4,5,0.0,12,0,-0.07,4,48.3,0,1,15,33.3,0.0,16.3,0.0,0,0,0,0,0,1,6.7,61,5.1,84.0,50,50,10.6,5.7,2.28,0,0,0.0,80.0,40,7,4.8,50,2,0.33,16,73.0,0,0,53,68.0,0.0,102.7,0.0,0,0,0,0,1,1,1.9,353,7.1,57.1,84,84,17.8,14.0,2.93,0,0,0.0,53.6,45,20,6.3,84,3,0.44,44,75.6,0,2,94,53.6,0.0,100.0,0.0,0,0,0,0,6,5,5.3,795,9.5,0,,0,0,0.0,,,0,0,,,0,0,,0,0,0.0,0,,0,0,0,,,0.0,,0,0,0,0,0,0,,0,,26.3,19,19,4.0,30.1,2.62,0,4,16.0,21.1,4,1,20.0,19,1,-0.03,4,46.8,0,2,25,21.1,0.0,50.2,0.0,0,0,0,0,2,4,16.0,126,6.6,50.0,12,12,2.5,15.0,3.06,0,0,0.0,50.0,6,4,0.0,12,0,0.54,6,72.0,0,0,13,50.0,0.0,109.4,0.0,0,0,0,0,1,0,0.0,109,9.1,72.4,29,29,6.1,5.0,2.47,0,0,0.0,72.4,21,10,0.0,29,0,0.25,11,65.6,0,0,30,65.5,0.0,100.8,0.0,0,0,0,0,1,2,6.7,187,6.4,82.6,224,224,47.5,4.5,2.39,0,0,0.0,79.0,177,42,4.3,224,8,0.31,83,76.2,0,3,232,62.5,0.0,98.5,0.0,0,0,0,0,7,4,1.7,1451,6.5
Nick Minicucci,173617,QB,DELAWARE,12,483,530,97.4,38,38,7.9,-3.2,1.72,0,0,0.0,92.1,35,5,5.4,38,2,-0.06,8,69.8,0,0,39,42.1,0.0,91.9,0.0,0,0,0,0,1,0,0.0,150,3.9,100.0,30,30,6.2,-3.3,1.56,0,0,0.0,96.7,29,3,3.3,30,1,0.0,7,70.8,0,0,31,46.7,0.0,94.6,0.0,0,0,0,0,1,0,0.0,121,4.0,63.2,19,19,3.9,29.9,3.13,0,8,30.8,57.9,11,3,8.3,19,1,1.27,11,94.0,0,0,26,57.9,0.0,137.5,0.0,0,0,0,0,2,1,3.8,335,17.6,56.1,66,66,13.7,13.5,2.84,0,1,1.4,51.5,34,18,8.1,66,3,0.29,28,59.5,0,2,69,51.5,0.0,88.3,0.0,0,0,0,0,3,8,11.6,645,9.8,87.0,123,123,25.5,4.3,2.36,0,0,0.0,82.9,102,19,4.7,123,5,0.27,50,68.5,0,1,126,64.2,0.0,103.0,0.0,0,0,0,0,3,2,1.6,932,7.6,0,40.6,69,69,14.3,27.9,2.82,0,17,20.5,37.7,26,17,7.1,69,2,0.6,26,84.4,0,1,83,37.7,0.0,111.8,0.0,0,0,0,0,7,3,3.6,837,12.1,151,100.0,5,5,1.0,-3.4,2.5,0,0,0.0,80.0,4,1,20.0,5,1,-0.06,1,65.5,0,0,5,40.0,0.0,87.5,0.0,0,0,0,0,0,0,0.0,25,5.0,36.4,22,22,4.6,27.9,2.77,0,5,20.0,31.8,7,6,12.5,22,1,0.67,7,63.4,0,1,25,31.8,0.0,92.0,0.0,0,0,0,0,2,1,4.0,277,12.6,30.0,20,20,4.1,14.3,2.63,0,0,0.0,30.0,6,2,0.0,20,0,0.12,6,38.5,0,1,25,35.0,0.0,41.5,0.0,0,0,0,0,1,1,4.0,89,4.5,84.1,63,63,13.0,4.3,2.27,0,0,0.0,81.0,51,8,3.8,63,2,0.36,14,61.2,0,1,65,65.1,0.0,108.4,0.0,0,0,0,0,4,2,3.1,411,6.5,51.4,109,109,22.6,13.9,2.92,0,1,0.8,46.8,51,29,8.9,109,5,0.22,44,56.8,0,4,121,47.7,0.0,78.6,0.0,0,0,0,0,6,11,9.1,902,8.3,0,66.7,3,3,0.6,-1.7,2.03,0,0,0.0,66.7,2,1,0.0,3,0,-0.55,0,56.0,0,0,3,0.0,0.0,70.1,0.0,0,0,0,0,0,0,0.0,4,1.3,28.6,28,28,5.8,26.5,2.66,0,4,12.5,28.6,8,8,0.0,28,0,0.09,8,67.2,0,0,32,28.6,0.0,96.3,0.0,0,0,0,0,3,1,3.1,225,8.0,56.5,23,23,4.8,14.6,3.4,0,0,0.0,47.8,11,9,15.4,23,2,0.1,10,71.5,0,1,27,47.8,0.0,83.2,0.0,0,0,0,0,2,2,7.4,168,7.3,80.4,51,51,10.6,4.7,2.51,0,0,0.0,76.5,39,8,4.9,51,2,0.18,14,69.5,0,0,53,62.7,0.0,96.4,0.0,0,0,0,0,1,1,1.9,295,5.8,84.8,237,237,49.1,4.4,2.37,0,0,0.0,81.0,192,35,4.5,237,9,0.28,78,68.5,0,2,244,64.1,0.0,103.2,0.0,0,0,0,0,8,5,2.0,1638,6.9
Malik Washington,198729,QB,MARYLAND,12,474,508,96.4,84,84,17.7,-3.2,1.87,0,0,0.0,86.9,73,5,9.9,84,8,-0.12,25,71.7,0,1,84,48.8,0.0,85.7,0.0,0,0,0,0,0,0,0.0,483,5.8,95.6,68,68,14.3,-3.2,1.89,0,0,0.0,85.3,58,5,10.8,68,7,-0.2,20,70.3,0,1,68,48.5,0.0,83.8,0.0,0,0,0,0,0,0,0.0,379,5.6,19.2,26,26,5.5,33.8,3.03,0,3,10.7,19.2,5,9,0.0,26,0,-0.26,5,35.2,0,4,28,19.2,0.0,54.5,0.0,0,0,0,0,3,5,17.9,178,6.8,60.0,45,45,9.5,13.7,2.93,0,0,0.0,48.9,22,17,18.5,45,5,0.33,21,73.2,0,2,45,48.9,0.0,81.2,0.0,0,0,0,0,3,3,6.7,374,8.3,79.7,148,148,31.2,3.3,2.55,0,0,0.0,68.9,102,38,13.6,148,16,0.06,44,61.5,0,2,149,49.3,0.0,84.5,0.0,0,0,0,0,2,3,2.0,926,6.3,0,36.1,61,61,12.9,29.4,2.86,0,14,21.2,31.1,19,17,13.6,61,3,0.39,19,76.3,0,4,66,31.1,0.0,80.7,0.0,0,0,0,0,9,6,9.1,591,9.7,215,100.0,8,8,1.7,-2.3,1.68,0,0,0.0,87.5,7,0,12.5,8,1,0.16,3,66.7,0,0,8,50.0,,91.1,0.0,0,0,0,0,0,0,0.0,47,5.9,35.0,20,20,4.2,25.8,2.66,0,5,23.8,30.0,6,4,14.3,20,1,0.4,6,80.5,0,0,21,30.0,0.0,100.0,0.0,0,0,0,0,3,1,4.8,160,8.0,45.8,24,24,5.1,14.3,3.23,0,0,0.0,45.8,11,9,0.0,24,0,0.15,10,64.3,0,0,25,45.8,0.0,93.9,0.0,0,0,0,0,2,0,0.0,149,6.2,73.9,23,23,4.9,3.7,2.44,0,0,0.0,69.6,16,8,5.9,23,1,0.03,4,63.6,0,0,23,34.8,0.0,97.9,0.0,0,0,0,0,1,0,0.0,129,5.6,52.1,94,94,19.8,14.1,3.03,0,1,1.0,45.7,43,35,12.2,94,6,0.19,41,70.4,0,2,97,45.7,0.0,79.4,0.0,0,0,0,0,5,4,4.1,685,7.3,0,100.0,8,8,1.7,-3.5,1.94,0,0,0.0,100.0,8,0,0.0,8,0,0.29,2,67.0,0,0,8,50.0,,96.4,0.0,0,0,0,0,0,0,0.0,57,7.1,66.7,15,15,3.2,26.5,2.85,0,6,35.3,53.3,8,4,20.0,15,2,1.5,8,95.8,0,0,17,53.3,0.0,138.2,0.0,0,0,0,0,3,0,0.0,253,16.9,44.0,25,25,5.3,14.7,3.02,0,1,3.7,40.0,10,9,9.1,25,1,-0.01,10,64.0,0,0,27,40.0,0.0,62.4,0.0,0,0,0,0,0,1,3.7,162,6.5,75.8,33,33,7.0,4.2,2.35,0,0,0.0,60.6,20,3,20.0,33,5,-0.12,6,65.2,0,0,33,45.5,0.0,71.4,0.0,0,0,0,0,0,0,0.0,149,4.5,78.4,204,204,43.0,3.5,2.51,0,0,0.0,67.6,138,49,13.8,204,22,0.02,54,63.2,0,2,205,47.1,0.0,83.9,0.0,0,0,0,0,3,3,1.5,1204,5.9
Jaron-Keawe Sagapolutele,198237,QB,CAL,12,456,504,93.6,78,78,17.1,-3.0,1.71,0,0,0.0,89.7,70,8,4.1,78,3,-0.03,21,70.2,0,0,80,47.4,0.0,91.9,0.0,0,0,0,0,2,0,0.0,312,4.0,90.9,55,55,12.1,-3.3,1.61,0,0,0.0,87.3,48,3,4.0,55,2,0.06,18,67.7,0,0,57,52.7,0.0,97.8,0.0,0,0,0,0,2,0,0.0,251,4.6,54.5,22,22,4.8,28.2,2.99,0,8,36.4,45.5,10,11,16.7,22,2,0.48,10,93.6,0,2,22,45.5,0.0,84.5,0.0,0,0,0,0,2,2,9.1,308,14.0,62.7,51,51,11.2,13.7,2.88,0,2,3.9,56.9,29,19,9.4,51,3,0.62,27,91.1,0,0,51,56.9,0.0,104.7,0.0,0,0,0,0,2,1,2.0,516,10.1,80.6,98,98,21.5,4.3,2.46,0,0,0.0,72.4,71,29,10.1,98,8,0.17,32,67.3,0,3,102,55.1,0.0,82.3,0.0,0,0,0,0,2,2,2.0,606,6.2,0,51.5,66,66,14.5,26.9,2.83,0,21,28.0,43.9,29,25,14.7,66,5,0.49,29,92.8,0,4,75,43.9,0.0,90.8,0.0,0,0,0,0,5,4,5.3,848,12.8,130,100.0,12,12,2.6,-2.0,2.13,0,0,0.0,100.0,12,4,0.0,12,0,-0.13,2,67.9,0,0,12,33.3,0.0,79.2,0.0,0,0,0,0,0,0,0.0,23,1.9,50.0,18,18,3.9,27.6,2.98,0,5,20.8,44.4,8,8,11.1,18,1,0.39,8,70.9,0,1,24,44.4,0.0,86.6,0.0,0,0,0,0,1,1,4.2,232,12.9,64.3,28,28,6.1,15.8,3.35,0,3,10.0,57.1,16,11,11.1,28,2,0.26,15,77.0,0,1,30,57.1,0.0,102.2,0.0,0,0,0,0,2,3,10.0,293,10.5,74.5,51,51,11.2,4.3,2.43,0,0,0.0,66.7,34,12,10.5,51,4,-0.06,9,63.3,0,0,51,51.0,0.0,87.5,0.0,0,0,0,0,2,1,2.0,205,4.0,65.0,100,100,21.9,14.4,3.01,0,7,6.7,58.0,58,33,10.8,100,7,0.52,52,91.0,0,2,105,57.0,0.0,100.7,0.0,0,0,0,0,5,6,5.7,1007,10.1,0,100.0,11,11,2.4,-2.4,1.8,0,0,0.0,90.9,10,1,9.1,11,1,-0.38,1,67.9,0,0,11,36.4,0.0,81.1,0.0,0,0,0,0,0,0,0.0,38,3.5,50.0,26,26,5.7,25.2,2.59,0,8,27.6,42.3,11,6,15.4,26,2,0.58,11,92.0,0,1,29,42.3,0.0,96.3,0.0,0,0,0,0,2,1,3.4,308,11.8,71.4,21,21,4.6,14.3,2.88,0,2,8.3,61.9,13,3,13.3,21,2,0.63,10,82.8,0,1,24,57.1,0.0,89.0,0.0,0,0,0,0,1,2,8.3,198,9.4,72.2,36,36,7.9,4.6,2.51,0,0,0.0,69.4,25,10,3.8,36,1,-0.19,9,64.4,0,0,39,41.7,0.0,85.4,0.0,0,0,0,0,1,0,0.0,140,3.9,77.3,185,185,40.6,4.4,2.46,0,0,0.0,70.3,130,51,9.1,185,13,0.04,50,67.0,0,3,192,51.4,0.0,84.3,0.0,0,0,0,0,5,3,1.6,951,5.1
Ty Simpson,157008,QB,ALABAMA,13,419,479,93.0,86,86,20.5,-3.2,2.17,0,0,0.0,90.7,78,15,2.5,86,2,0.24,29,65.8,0,0,87,52.3,0.0,113.2,0.0,0,0,0,0,5,1,1.1,561,6.5,93.5,62,62,14.8,-3.3,2.11,0,0,0.0,91.9,57,12,1.7,62,1,0.25,20,69.7,0,0,62,53.2,0.0,112.4,0.0,0,0,0,0,3,0,0.0,440,7.1,31.6,19,19,4.5,32.6,3.56,0,4,16.7,26.3,5,6,16.7,19,1,-0.26,5,55.8,0,1,24,26.3,0.0,72.3,0.0,0,0,0,0,2,3,12.5,146,7.7,78.3,60,60,14.3,14.3,3.11,0,7,11.1,71.7,43,12,8.5,60,4,1.04,40,95.4,0,0,63,71.7,0.0,152.7,0.0,0,0,0,0,7,2,3.2,749,12.5,86.8,91,91,21.7,4.2,2.35,0,0,0.0,73.6,67,20,15.2,91,12,0.23,28,72.9,0,1,93,53.8,0.0,104.0,0.0,0,0,0,0,5,1,1.1,586,6.4,0,47.4,57,57,13.6,29.9,3.39,0,18,26.5,45.6,26,11,3.7,57,1,0.69,26,91.2,0,3,68,45.6,0.0,105.3,0.0,0,0,0,0,6,4,5.9,784,13.8,103,100.0,8,8,1.9,-3.3,2.61,0,0,0.0,87.5,7,0,12.5,8,1,-0.12,1,67.3,0,0,9,37.5,,82.8,0.0,0,0,0,0,0,0,0.0,31,3.9,55.0,20,20,4.8,28.6,3.29,0,7,29.2,55.0,11,4,0.0,20,0,1.11,11,93.1,0,1,24,55.0,0.0,112.5,0.0,0,0,0,0,2,1,4.2,311,15.6,45.5,22,22,5.3,15.0,3.38,0,2,8.0,40.9,9,10,10.0,22,1,0.36,9,67.0,0,0,25,40.9,0.0,80.9,0.0,0,0,0,0,1,1,4.0,156,7.1,75.9,29,29,6.9,4.4,2.53,0,0,0.0,65.5,19,3,13.6,29,3,0.02,9,75.1,0,0,29,55.2,0.0,107.5,0.0,0,0,0,0,3,0,0.0,114,3.9,67.0,100,100,23.9,14.5,3.19,0,11,10.2,60.0,60,29,10.4,100,7,0.72,57,93.0,0,0,108,60.0,0.0,122.4,0.0,0,0,0,0,8,3,2.8,1048,10.5,0,87.5,16,16,3.8,-2.9,2.21,0,0,0.0,87.5,14,3,0.0,16,0,0.35,8,49.1,0,0,16,56.3,0.0,129.7,0.0,0,0,0,0,2,1,6.3,90,5.6,55.6,18,18,4.3,28.6,3.33,0,7,35.0,55.6,10,1,0.0,18,0,1.23,10,92.9,0,1,20,55.6,0.0,114.4,0.0,0,0,0,0,2,0,0.0,327,18.2,55.6,18,18,4.3,14.3,3.23,0,2,10.0,44.4,8,7,20.0,18,2,0.09,8,75.4,0,0,20,44.4,0.0,72.2,0.0,0,0,0,0,0,0,0.0,143,7.9,78.1,32,32,7.6,3.8,2.57,0,0,0.0,78.1,25,6,0.0,32,0,0.44,15,70.7,0,0,34,59.4,0.0,91.3,0.0,0,0,0,0,0,0,0.0,189,5.9,82.9,152,152,36.3,4.2,2.43,0,0,0.0,73.0,111,29,11.9,152,15,0.24,52,76.5,0,1,156,55.3,0.0,102.1,0.0,0,0,0,0,8,1,0.6,889,5.8
Kevin Jennings,158272,QB,SMU,12,424,472,94.8,116,116,27.4,-3.6,1.67,0,0,0.0,91.4,106,11,3.6,116,4,-0.05,17,69.4,0,0,117,40.5,0.0,91.6,0.0,0,0,0,0,2,1,0.9,535,4.6,94.4,90,90,21.2,-3.7,1.58,0,0,0.0,91.1,82,6,3.5,90,3,-0.09,14,68.0,0,0,90,42.2,0.0,92.1,0.0,0,0,0,0,2,1,1.1,390,4.3,55.0,20,20,4.7,31.5,3.37,0,5,23.8,50.0,10,6,9.1,20,1,1.27,10,80.5,0,1,21,50.0,0.0,114.6,0.0,0,0,0,0,4,2,9.5,435,21.8,64.6,48,48,11.3,13.1,2.73,0,0,0.0,60.4,29,11,6.5,48,2,0.58,28,80.9,0,4,49,60.4,0.0,76.6,0.0,0,0,0,0,2,4,8.2,519,10.8,82.6,69,69,16.3,4.4,2.34,0,0,0.0,73.9,51,12,10.5,69,6,0.31,24,75.7,0,2,72,63.8,0.0,103.2,0.0,0,0,0,0,4,0,0.0,535,7.8,0,48.3,60,60,14.2,28.5,2.98,0,19,26.0,46.7,28,14,3.4,60,1,0.89,28,91.6,0,2,73,46.7,0.0,118.8,0.0,0,0,0,0,11,3,4.1,1021,17.0,287,100.0,7,7,1.7,-4.1,2.5,0,0,0.0,100.0,7,2,0.0,7,0,-0.37,0,66.4,0,0,7,28.6,0.0,83.9,0.0,0,0,0,0,0,0,0.0,29,4.1,43.8,16,16,3.8,25.9,2.81,0,5,21.7,43.8,7,3,0.0,16,0,0.6,7,87.1,0,0,23,43.8,0.0,125.0,0.0,0,0,0,0,3,0,0.0,180,11.3,45.5,11,11,2.6,14.4,2.99,0,0,0.0,27.3,3,2,40.0,11,2,-0.45,3,62.3,0,0,11,27.3,0.0,46.0,0.0,0,0,0,0,0,0,0.0,50,4.5,82.8,29,29,6.8,5.5,2.34,0,0,0.0,75.9,22,2,8.3,29,2,0.36,12,71.9,0,0,30,58.6,0.0,112.9,0.0,0,0,0,0,1,0,0.0,251,8.7,61.9,84,84,19.8,13.7,2.83,0,0,0.0,56.0,47,23,9.6,84,5,0.43,44,82.4,0,6,88,56.0,0.0,78.3,0.0,0,0,0,0,5,6,6.8,796,9.5,0,94.7,19,19,4.5,-2.7,1.74,0,0,0.0,89.5,17,3,5.6,19,1,0.26,3,66.9,0,0,20,36.8,0.0,92.1,0.0,0,0,0,0,0,0,0.0,116,6.1,45.8,24,24,5.7,27.8,2.75,0,9,31.0,45.8,11,5,0.0,24,0,0.78,11,90.9,0,1,29,45.8,0.0,114.6,0.0,0,0,0,0,4,1,3.4,406,16.9,64.0,25,25,5.9,14.7,2.96,0,0,0.0,60.0,15,10,6.3,25,1,0.55,13,80.2,0,2,28,60.0,0.0,96.2,0.0,0,0,0,0,3,2,7.1,227,9.1,79.5,39,39,9.2,4.8,2.62,0,0,0.0,69.2,27,7,12.9,39,4,0.3,15,69.4,0,0,41,61.5,0.0,110.2,0.0,0,0,0,0,3,0,0.0,232,5.9,81.8,137,137,32.3,4.8,2.42,0,0,0.0,73.0,100,21,10.7,137,12,0.32,51,76.7,0,2,143,62.0,0.0,107.3,0.0,0,0,0,0,8,0,0.0,1018,7.4
Darian Mensah,169984,QB,DUKE,12,426,468,94.3,87,87,20.4,-3.0,1.81,0,0,0.0,92.0,80,13,2.4,87,2,0.03,20,69.4,0,0,90,49.4,0.0,92.6,0.0,0,0,0,0,1,0,0.0,462,5.3,96.9,65,65,15.3,-3.2,1.73,0,0,0.0,93.8,61,9,3.2,65,2,0.12,17,69.7,0,0,67,53.8,0.0,95.8,0.0,0,0,0,0,1,0,0.0,375,5.8,42.9,14,14,3.3,33.7,3.1,0,3,20.0,35.7,5,3,16.7,14,1,0.61,5,69.0,0,0,15,35.7,0.0,123.5,0.0,0,0,0,0,2,2,13.3,178,12.7,77.8,45,45,10.6,13.4,2.87,0,1,2.0,75.6,34,11,2.9,45,1,1.37,34,92.0,0,1,51,73.3,0.0,147.5,0.0,0,0,0,0,8,4,7.8,594,13.2,87.6,89,89,20.9,4.7,2.7,0,0,0.0,83.1,74,23,5.1,89,4,0.48,34,90.1,0,0,90,68.5,0.0,98.5,0.0,0,0,0,0,0,1,1.1,679,7.6,0,43.8,73,73,17.1,28.5,2.99,0,19,23.8,37.0,27,20,15.6,73,5,0.58,27,89.0,0,1,80,35.6,0.0,116.3,0.0,0,0,0,0,12,4,5.0,867,11.9,154,100.0,7,7,1.6,-2.9,1.77,0,0,0.0,100.0,7,0,0.0,7,0,0.18,2,65.8,0,0,8,71.4,,91.7,0.0,0,0,0,0,0,0,0.0,42,6.0,55.6,18,18,4.2,26.5,2.71,0,5,25.0,55.6,10,4,0.0,18,0,1.22,10,92.0,0,0,20,55.6,0.0,140.0,0.0,0,0,0,0,5,0,0.0,241,13.4,75.0,20,20,4.7,15.9,3.11,0,1,4.0,75.0,15,9,0.0,20,0,1.16,15,90.7,0,1,25,75.0,0.0,132.9,0.0,0,0,0,0,3,1,4.0,238,11.9,85.7,14,14,3.3,4.4,3.01,0,0,0.0,85.7,12,3,0.0,14,0,0.27,4,44.0,0,0,15,42.9,0.0,92.6,0.0,0,0,0,0,0,2,13.3,87,6.2,73.1,93,93,21.8,14.3,2.89,0,4,3.8,71.0,66,26,2.9,93,2,1.13,65,92.9,0,3,105,69.9,0.0,137.7,0.0,0,0,0,0,15,6,5.7,1124,12.1,0,80.0,15,15,3.5,-2.0,2.18,0,0,0.0,80.0,12,4,0.0,15,0,-0.45,1,61.6,0,0,15,20.0,0.0,79.2,0.0,0,0,0,0,0,0,0.0,45,3.0,39.0,41,41,9.6,27.6,3.08,0,11,24.4,29.3,12,13,25.0,41,4,0.29,12,80.0,0,1,45,26.8,0.0,102.0,0.0,0,0,0,0,5,2,4.4,448,10.9,64.3,28,28,6.6,14.6,2.78,0,2,6.9,60.7,17,6,5.6,28,1,0.72,16,83.2,0,1,29,60.7,0.0,120.8,0.0,0,0,0,0,4,1,3.4,292,10.4,82.9,35,35,8.2,3.7,3.02,0,0,0.0,77.1,27,8,6.9,35,2,0.08,10,65.5,0,0,39,45.7,0.0,91.5,0.0,0,0,0,0,0,1,2.6,211,6.0,86.2,138,138,32.4,4.4,2.81,0,0,0.0,81.9,113,34,5.0,138,6,0.36,48,80.4,0,0,144,60.1,0.0,96.2,0.0,0,0,0,0,0,4,2.8,977,7.1
John Mateer,158516,QB,OKLAHOMA,12,402,459,95.0,60,60,14.9,-2.6,1.55,0,0,0.0,93.3,56,7,1.8,60,1,0.09,16,69.5,0,0,61,45.0,0.0,107.6,0.0,0,0,0,0,3,0,0.0,350,5.8,93.3,45,45,11.2,-2.6,1.48,0,0,0.0,91.1,41,5,2.4,45,1,0.06,12,67.4,0,0,45,40.0,0.0,114.3,0.0,0,0,0,0,3,0,0.0,274,6.1,55.6,18,18,4.5,26.5,3.33,0,4,20.0,50.0,9,4,10.0,18,1,0.9,9,72.5,0,2,20,50.0,0.0,74.8,0.0,0,0,0,0,1,3,15.0,305,16.9,57.4,61,61,15.2,13.1,2.76,0,1,1.6,54.1,33,9,5.7,61,2,0.42,32,72.1,0,3,64,52.5,0.0,104.5,0.0,0,0,0,0,6,8,12.5,659,10.8,78.0,127,127,31.6,4.1,2.26,0,0,0.0,70.9,90,21,9.1,127,9,0.03,43,64.0,0,4,130,54.3,0.0,77.6,0.0,0,0,0,0,1,4,3.1,821,6.5,0,35.3,51,51,12.7,26.4,2.98,0,10,17.9,33.3,17,18,5.6,51,1,0.32,17,66.8,0,2,56,33.3,0.0,77.4,0.0,0,0,0,0,3,4,7.1,542,10.6,261,100.0,9,9,2.2,-2.6,1.54,0,0,0.0,100.0,9,0,0.0,9,0,0.67,4,67.6,0,0,10,88.9,,94.0,0.0,0,0,0,0,0,0,0.0,59,6.6,30.8,13,13,3.2,24.3,2.33,0,2,14.3,30.8,4,3,0.0,13,0,0.15,4,72.7,0,0,14,30.8,0.0,101.9,0.0,0,0,0,0,2,0,0.0,108,8.3,45.5,11,11,2.7,15.3,2.2,0,2,16.7,45.5,5,1,0.0,11,0,0.36,5,76.3,0,1,12,45.5,0.0,60.8,0.0,0,0,0,0,1,1,8.3,75,6.8,84.6,26,26,6.5,4.7,2.06,0,0,0.0,76.9,20,2,9.1,26,2,-0.24,7,40.1,0,1,27,57.7,0.0,72.6,0.0,0,0,0,0,0,1,3.7,140,5.4,56.6,83,83,20.6,13.7,2.7,0,3,3.4,54.2,45,15,4.3,83,2,0.53,44,76.3,0,4,89,53.0,0.0,99.0,0.0,0,0,0,0,7,10,11.2,870,10.5,0,100.0,6,6,1.5,-2.8,2.1,0,0,0.0,100.0,6,2,0.0,6,0,-0.56,0,66.0,0,0,6,16.7,0.0,79.2,0.0,0,0,0,0,0,0,0.0,17,2.8,20.0,20,20,5.0,27.8,3.1,0,4,18.2,20.0,4,11,0.0,20,0,-0.08,4,52.7,0,0,22,20.0,0.0,54.0,0.0,0,0,0,0,0,1,4.5,129,6.5,63.6,11,11,2.7,15.5,2.93,0,0,0.0,63.6,7,5,0.0,11,0,1.31,7,73.0,0,0,13,63.6,0.0,106.6,0.0,0,0,0,0,0,1,7.7,136,12.4,91.3,23,23,5.7,4.0,2.87,0,0,0.0,91.3,21,9,0.0,23,0,0.35,8,70.9,0,0,26,65.2,0.0,95.8,0.0,0,0,0,0,0,0,0.0,161,7.0,80.7,176,176,43.8,4.2,2.31,0,0,0.0,74.4,131,32,7.7,176,11,0.03,58,60.4,0,5,183,56.3,0.0,80.7,0.0,0,0,0,0,1,5,2.7,1122,6.4
Josh Hoover,127148,QB,TCU,12,413,455,94.9,78,78,18.9,-2.6,1.88,0,0,0.0,93.6,73,3,1.4,78,1,0.01,19,70.0,0,1,78,50.0,0.0,92.4,0.0,0,0,0,0,2,0,0.0,422,5.4,93.8,64,64,15.5,-2.7,1.77,0,0,0.0,92.2,59,1,1.7,64,1,0.02,17,68.7,0,1,64,53.1,0.0,89.1,0.0,0,0,0,0,1,0,0.0,365,5.7,53.3,15,15,3.6,25.9,3.18,0,4,22.2,53.3,8,5,0.0,15,0,0.71,8,67.7,0,3,18,53.3,0.0,98.6,0.0,0,0,0,0,3,4,22.2,226,15.1,66.7,60,60,14.5,14.4,2.59,0,2,3.2,58.3,35,8,12.5,60,5,0.71,35,78.5,0,2,63,58.3,0.0,115.5,0.0,0,0,0,0,6,5,7.9,653,10.9,84.0,106,106,25.7,4.6,2.06,0,0,0.0,76.4,81,14,9.0,106,8,0.31,43,80.1,0,3,110,63.2,0.0,96.9,0.0,0,0,0,0,3,4,3.6,851,8.0,0,44.4,54,54,13.1,28.3,2.76,0,20,30.8,40.7,22,12,8.3,54,2,0.69,22,91.6,0,4,65,40.7,0.0,96.8,0.0,0,0,0,0,10,4,6.2,743,13.8,305,100.0,5,5,1.2,-2.8,2.14,0,0,0.0,100.0,5,0,0.0,5,0,0.02,1,65.5,0,0,5,40.0,,89.2,0.0,0,0,0,0,0,0,0.0,27,5.4,45.0,20,20,4.8,28.9,2.45,0,9,36.0,35.0,7,4,22.2,20,2,0.71,7,93.5,0,0,25,35.0,0.0,116.7,0.0,0,0,0,0,2,0,0.0,257,12.9,59.1,22,22,5.3,13.7,3.21,0,0,0.0,59.1,13,8,0.0,22,0,0.44,12,69.4,0,1,23,59.1,0.0,103.8,0.0,0,0,0,0,2,1,4.3,217,9.9,84.8,33,33,8.0,5.2,2.22,0,0,0.0,81.8,27,5,3.6,33,1,0.47,12,73.8,0,0,33,66.7,0.0,103.9,0.0,0,0,0,0,1,0,0.0,215,6.5,58.3,103,103,24.9,14.1,2.86,0,4,3.7,53.4,55,23,8.3,103,5,0.49,53,74.1,0,4,108,53.4,0.0,102.7,0.0,0,0,0,0,10,9,8.3,987,9.6,0,100.0,9,9,2.2,-1.8,2.53,0,0,0.0,100.0,9,2,0.0,9,0,-0.04,1,66.8,0,0,9,33.3,0.0,117.6,0.0,0,0,0,0,1,0,0.0,30,3.3,36.8,19,19,4.6,29.5,2.74,0,7,31.8,36.8,7,3,0.0,19,0,0.65,7,85.4,0,1,22,36.8,0.0,102.5,0.0,0,0,0,0,5,0,0.0,260,13.7,33.3,21,21,5.1,13.9,3.27,0,2,9.1,33.3,7,7,0.0,21,0,-0.06,6,56.6,0,1,22,33.3,0.0,65.0,0.0,0,0,0,0,2,3,13.6,117,5.6,68.0,25,25,6.1,4.8,2.48,0,0,0.0,56.0,14,5,17.6,25,3,0.24,13,64.1,0,1,26,56.0,0.0,96.6,0.0,0,0,0,0,2,1,3.8,227,9.1,81.7,164,164,39.7,4.7,2.15,0,0,0.0,74.4,122,24,9.0,164,12,0.33,68,79.4,0,4,169,62.8,0.0,99.0,0.0,0,0,0,0,6,5,3.0,1293,7.9
Joe Fagnano,104768,QB,UCONN,12,414,453,93.8,97,97,23.4,-2.8,1.5,0,0,0.0,89.7,87,3,4.4,97,4,0.13,21,68.9,0,0,101,53.6,0.0,87.9,0.0,0,0,0,0,0,0,0.0,494,5.1,94.5,73,73,17.6,-2.9,1.5,0,0,0.0,90.4,66,2,4.3,73,3,0.13,17,68.7,0,0,77,52.1,0.0,88.2,0.0,0,0,0,0,0,0,0.0,378,5.2,47.1,17,17,4.1,31.1,3.45,0,5,27.8,47.1,8,3,0.0,17,0,1.21,8,85.2,0,0,18,47.1,0.0,133.0,0.0,0,0,0,0,3,1,5.6,290,17.1,59.3,59,59,14.3,13.4,2.89,0,2,3.2,54.2,32,18,8.6,59,3,0.65,29,84.9,0,1,62,54.2,0.0,124.6,0.0,0,0,0,0,8,2,3.2,635,10.8,91.1,101,101,24.4,3.9,2.21,0,0,0.0,79.2,80,21,13.0,101,12,0.53,38,78.0,0,0,103,63.4,0.0,121.5,0.0,0,0,0,0,6,0,0.0,849,8.4,0,36.7,49,49,11.8,28.0,3.21,0,12,22.2,34.7,17,14,5.6,49,1,0.38,17,82.6,0,0,54,34.7,0.0,110.9,0.0,0,0,0,0,5,1,1.9,540,11.0,146,92.3,13,13,3.1,-2.7,1.58,0,0,0.0,84.6,11,1,8.3,13,1,0.01,2,64.4,0,0,13,53.8,0.0,85.9,0.0,0,0,0,0,0,0,0.0,60,4.6,25.0,12,12,2.9,24.2,3.09,0,3,21.4,25.0,3,5,0.0,12,0,-0.26,3,81.3,0,0,14,25.0,0.0,80.6,0.0,0,0,0,0,1,0,0.0,74,6.2,83.3,12,12,2.9,15.2,2.34,0,0,0.0,83.3,10,3,0.0,12,0,1.49,10,84.4,0,0,14,83.3,0.0,158.3,0.0,0,0,0,0,3,1,7.1,195,16.3,95.8,24,24,5.8,3.8,2.19,0,0,0.0,91.7,22,4,4.3,24,1,0.54,6,77.2,0,0,24,75.0,0.0,115.1,0.0,0,0,0,0,1,0,0.0,199,8.3,63.0,92,92,22.2,13.8,2.87,0,2,2.0,59.8,55,28,5.2,92,3,0.75,51,89.6,0,1,100,58.7,0.0,135.5,0.0,0,0,0,0,14,3,3.0,1072,11.7,0,90.9,11,11,2.7,-2.4,1.42,0,0,0.0,90.9,10,0,0.0,11,0,0.26,2,63.5,0,0,11,63.6,,87.9,0.0,0,0,0,0,0,0,0.0,56,5.1,35.0,20,20,4.8,27.7,3.07,0,4,18.2,30.0,6,6,14.3,20,1,0.06,6,66.5,0,0,22,30.0,0.0,80.4,0.0,0,0,0,0,1,0,0.0,176,8.8,61.9,21,21,5.1,14.2,3.13,0,0,0.0,61.9,13,7,0.0,21,0,0.61,12,79.3,0,0,24,57.1,0.0,141.3,0.0,0,0,0,0,3,0,0.0,242,11.5,83.9,31,31,7.5,4.5,2.55,0,0,0.0,80.6,25,6,3.8,31,1,0.77,11,67.8,0,0,33,61.3,0.0,129.4,0.0,0,0,0,0,2,1,3.0,307,9.9,90.4,156,156,37.7,4.0,2.28,0,0,0.0,81.4,127,31,9.9,156,14,0.58,55,79.2,0,0,160,64.7,0.0,122.1,0.0,0,0,0,0,9,1,0.6,1355,8.7
Marcel Reed,175940,QB,TEXAS A&M,13,380,445,91.7,72,72,18.9,-2.8,1.9,0,0,0.0,83.3,60,10,9.1,72,6,0.07,22,67.3,0,1,74,54.2,0.0,112.7,0.0,0,0,0,0,5,0,0.0,495,6.9,93.5,46,46,12.1,-3.0,1.86,0,0,0.0,87.0,40,6,7.0,46,3,0.08,16,67.7,0,1,47,54.3,0.0,119.7,0.0,0,0,0,0,4,0,0.0,365,7.9,54.5,22,22,5.8,36.1,3.71,0,5,22.7,40.9,9,4,25.0,22,3,0.48,9,87.1,0,1,22,40.9,0.0,99.6,0.0,0,0,0,0,2,1,4.5,316,14.4,60.3,63,63,16.6,13.7,3.07,0,3,4.3,50.8,32,18,15.8,63,6,0.24,31,62.0,0,5,69,50.8,0.0,83.8,0.0,0,0,0,0,6,9,13.0,616,9.8,79.2,101,101,26.6,5.0,2.41,0,0,0.0,70.3,71,15,11.3,101,9,0.27,48,68.3,0,0,104,59.4,0.0,97.2,0.0,0,0,0,0,1,2,1.9,806,8.0,0,45.1,51,51,13.4,31.9,3.52,0,13,23.6,39.2,20,11,13.0,51,3,0.34,19,74.6,0,4,55,37.3,0.0,93.8,0.0,0,0,0,0,7,5,9.1,691,13.5,312,90.9,11,11,2.9,-3.0,2.01,0,0,0.0,81.8,9,3,10.0,11,1,-0.08,2,64.0,0,0,12,54.5,0.0,109.8,0.0,0,0,0,0,1,0,0.0,34,3.1,35.7,14,14,3.7,31.4,3.26,0,5,27.8,35.7,5,1,0.0,14,0,0.24,5,47.0,0,3,18,35.7,0.0,83.9,0.0,0,0,0,0,2,3,16.7,219,15.6,61.5,13,13,3.4,14.1,3.32,0,0,0.0,53.8,7,6,12.5,13,1,0.89,6,55.0,0,1,15,53.8,0.0,106.6,0.0,0,0,0,0,3,2,13.3,168,12.9,83.9,31,31,8.2,3.7,2.47,0,0,0.0,80.6,25,3,3.8,31,1,0.35,11,67.2,0,0,31,61.3,0.0,103.0,0.0,0,0,0,0,1,1,3.2,190,6.1,61.2,85,85,22.4,13.8,3.13,0,5,5.3,52.9,45,28,13.5,85,7,0.41,43,64.6,0,6,94,52.9,0.0,98.7,0.0,0,0,0,0,11,11,11.7,864,10.2,0,86.7,15,15,3.9,-2.2,1.95,0,0,0.0,73.3,11,1,15.4,15,2,0.14,4,61.6,0,0,15,53.3,0.0,89.9,0.0,0,0,0,0,0,0,0.0,96,6.4,40.0,15,15,3.9,26.4,3.47,0,3,20.0,40.0,6,6,0.0,15,0,0.24,5,76.9,0,0,15,33.3,0.0,118.3,0.0,0,0,0,0,3,1,6.7,156,10.4,66.7,9,9,2.4,14.0,3.24,0,2,20.0,66.7,6,4,0.0,9,0,0.9,6,82.1,0,0,10,66.7,0.0,134.3,0.0,0,0,0,0,2,0,0.0,80,8.9,76.5,17,17,4.5,3.1,2.46,0,0,0.0,76.5,13,3,0.0,17,0,0.15,7,59.6,0,1,17,52.9,0.0,68.3,0.0,0,0,0,0,0,0,0.0,110,6.5,79.9,149,149,39.2,4.5,2.43,0,0,0.0,73.2,109,21,8.4,149,10,0.27,66,68.4,0,1,152,59.1,0.0,95.7,0.0,0,0,0,0,2,3,2.0,1106,7.4
JC French IV,162521,QB,GA SOUTHRN,12,366,444,96.0,101,101,27.6,-3.2,1.72,0,0,0.0,91.1,92,16,5.2,101,5,0.16,31,71.8,0,0,101,50.5,0.0,108.8,0.0,0,0,0,0,5,0,0.0,622,6.2,95.8,72,72,19.7,-3.6,1.72,0,0,0.0,90.3,65,12,5.8,72,4,0.16,24,70.5,0,0,72,48.6,0.0,111.7,0.0,0,0,0,0,4,0,0.0,458,6.4,37.5,16,16,4.4,31.9,3.01,0,1,6.3,25.0,4,4,33.3,16,2,-0.28,4,40.6,0,2,16,25.0,0.0,60.2,0.0,0,0,0,0,2,3,18.8,127,7.9,75.6,41,41,11.2,14.0,2.77,0,0,0.0,70.7,29,3,6.5,41,2,1.06,28,93.4,0,1,43,68.3,0.0,111.1,0.0,0,0,0,0,1,1,2.3,587,14.3,71.8,71,71,19.4,5.2,2.15,0,0,0.0,66.2,47,13,7.8,71,4,0.04,23,45.7,0,2,74,54.9,0.0,77.0,0.0,0,0,0,0,1,4,5.4,456,6.4,0,38.8,49,49,13.4,30.6,2.8,0,10,18.2,32.7,16,14,15.8,49,3,0.14,16,63.0,0,4,55,32.7,0.0,78.6,0.0,0,0,0,0,8,4,7.3,514,10.5,174,94.4,18,18,4.9,-2.4,1.64,0,0,0.0,94.4,17,1,0.0,18,0,0.24,4,66.4,0,0,18,66.7,0.0,107.9,0.0,0,0,0,0,1,0,0.0,98,5.4,40.0,15,15,4.1,30.5,2.66,0,6,33.3,33.3,5,5,16.7,15,1,0.43,5,86.1,0,0,18,33.3,0.0,121.5,0.0,0,0,0,0,3,0,0.0,194,12.9,52.4,21,21,5.7,14.1,2.27,0,1,4.5,42.9,9,1,18.2,21,2,0.39,8,59.4,0,0,22,42.9,0.0,84.4,0.0,0,0,0,0,1,1,4.5,155,7.4,85.7,14,14,3.8,4.6,2.23,0,0,0.0,85.7,12,1,0.0,14,0,0.63,7,66.0,0,0,14,78.6,0.0,111.0,0.0,0,0,0,0,0,0,0.0,149,10.6,61.3,80,80,21.9,14.5,2.55,0,2,2.3,56.3,45,9,8.2,80,4,0.68,43,80.9,0,2,86,55.0,0.0,103.9,0.0,0,0,0,0,5,3,3.5,854,10.7,0,100.0,11,11,3.0,-2.4,1.81,0,0,0.0,90.9,10,3,9.1,11,1,0.03,3,68.0,0,0,11,36.4,0.0,91.7,0.0,0,0,0,0,0,0,0.0,66,6.0,38.9,18,18,4.9,29.4,2.73,0,3,14.3,38.9,7,5,0.0,18,0,0.28,7,58.7,0,2,21,38.9,0.0,79.2,0.0,0,0,0,0,3,1,4.8,193,10.7,38.9,18,18,4.9,15.9,2.37,0,1,4.8,38.9,7,5,0.0,18,0,0.13,7,46.4,0,1,21,38.9,0.0,76.9,0.0,0,0,0,0,3,1,4.8,112,6.2,70.4,27,27,7.4,5.7,2.2,0,0,0.0,63.0,17,4,10.5,27,2,0.16,12,61.3,0,0,27,55.6,0.0,78.9,0.0,0,0,0,0,0,0,0.0,158,5.9,73.2,112,112,30.6,5.3,2.17,0,0,0.0,67.9,76,18,7.3,112,6,0.14,42,51.7,0,2,115,58.0,0.0,82.6,0.0,0,0,0,0,1,4,3.5,763,6.8
Noah Fifita,158722,QB,ARIZONA,12,386,443,100.0,47,47,12.2,-2.6,1.99,0,0,0.0,100.0,47,5,0.0,47,0,0.06,9,72.6,0,0,49,48.9,0.0,99.6,0.0,0,0,0,0,1,0,0.0,291,6.2,100.0,33,33,8.5,-2.8,1.89,0,0,0.0,100.0,33,3,0.0,33,0,0.11,5,71.3,0,0,35,45.5,0.0,104.7,0.0,0,0,0,0,1,0,0.0,221,6.7,42.1,19,19,4.9,33.9,3.34,0,4,20.0,42.1,8,3,0.0,19,0,1.15,8,82.3,0,0,20,42.1,0.0,128.8,0.0,0,0,0,0,4,0,0.0,316,16.6,79.2,48,48,12.4,14.2,3.21,0,3,6.0,70.8,34,20,10.5,48,4,0.97,32,94.1,0,3,50,68.8,0.0,126.7,0.0,0,0,0,0,6,4,8.0,703,14.6,90.1,111,111,28.8,5.0,2.52,0,0,0.0,80.2,89,19,11.0,111,11,0.45,41,73.5,0,0,115,65.8,0.0,117.5,0.0,0,0,0,0,7,2,1.7,793,7.1,0,37.0,54,54,14.0,31.1,3.15,0,16,24.6,33.3,18,10,10.0,54,2,0.51,18,87.0,0,0,65,33.3,0.0,115.5,0.0,0,0,0,0,8,1,1.5,597,11.1,109,100.0,6,6,1.6,-2.2,1.98,0,0,0.0,100.0,6,1,0.0,6,0,0.01,2,66.0,0,0,6,50.0,0.0,95.1,0.0,0,0,0,0,0,0,0.0,41,6.8,64.3,14,14,3.6,28.4,3.41,0,8,47.1,50.0,7,2,22.2,14,2,1.06,7,95.8,0,0,17,50.0,0.0,135.4,0.0,0,0,0,0,3,0,0.0,202,14.4,33.3,12,12,3.1,14.9,2.73,0,1,7.7,33.3,4,2,0.0,12,0,-0.21,3,52.6,0,0,13,25.0,0.0,51.4,0.0,0,0,0,0,0,0,0.0,62,5.2,70.0,20,20,5.2,5.2,3.19,0,0,0.0,60.0,12,8,14.3,20,2,-0.15,4,57.2,0,1,20,45.0,0.0,63.5,0.0,0,0,0,0,1,1,5.0,75,3.8,67.9,84,84,21.8,14.5,3.1,0,6,6.7,60.7,51,27,10.5,84,6,0.58,48,91.1,0,4,90,58.3,0.0,111.7,0.0,0,0,0,0,8,5,5.6,949,11.3,0,100.0,8,8,2.1,-1.9,2.4,0,0,0.0,100.0,8,1,0.0,8,0,-0.1,2,66.8,0,0,8,62.5,0.0,81.8,0.0,0,0,0,0,0,0,0.0,29,3.6,14.3,21,21,5.4,30.5,2.8,0,4,14.3,14.3,3,5,0.0,21,0,-0.44,3,53.9,0,0,28,14.3,0.0,58.6,0.0,0,0,0,0,1,1,3.6,79,3.8,62.5,24,24,6.2,15.0,3.07,0,2,7.4,54.2,13,5,13.3,24,2,0.2,13,75.0,0,1,27,54.2,0.0,89.6,0.0,0,0,0,0,2,1,3.7,184,7.7,81.6,38,38,9.8,5.8,2.55,0,0,0.0,78.9,30,7,3.2,38,1,0.44,14,82.6,0,0,39,63.2,0.0,103.7,0.0,0,0,0,0,1,0,0.0,258,6.8,85.8,169,169,43.8,5.2,2.61,0,0,0.0,77.5,131,34,9.7,169,14,0.38,59,76.7,0,1,174,62.7,0.0,109.7,0.0,0,0,0,0,9,3,1.7,1126,6.7
Katin Houser,158386,QB,E CAROLINA,12,407,442,95.2,83,83,20.4,-3.0,1.54,0,0,0.0,91.6,76,6,3.8,83,3,0.11,23,70.5,0,0,88,49.4,0.0,101.3,0.0,0,0,0,0,3,0,0.0,449,5.4,93.0,57,57,14.0,-3.4,1.63,0,0,0.0,87.7,50,4,5.7,57,3,0.19,16,69.3,0,0,62,49.1,0.0,106.9,0.0,0,0,0,0,3,0,0.0,310,5.4,52.4,21,21,5.2,32.5,2.68,0,6,25.0,42.9,9,4,18.2,21,2,1.1,9,90.5,0,1,24,42.9,0.0,109.6,0.0,0,0,0,0,4,0,0.0,392,18.7,61.3,75,75,18.4,12.9,2.43,0,1,1.2,56.0,42,18,8.7,75,4,0.47,39,75.1,0,2,81,53.3,0.0,89.8,0.0,0,0,0,0,3,4,4.9,698,9.3,78.9,90,90,22.1,5.0,1.95,0,0,0.0,73.3,66,14,7.0,90,5,0.2,37,70.9,0,1,95,64.4,0.0,101.7,0.0,0,0,0,0,4,1,1.1,611,6.8,0,51.7,58,58,14.3,32.1,2.64,0,21,33.3,43.1,25,11,16.7,58,5,1.05,25,95.4,0,1,63,43.1,0.0,122.5,0.0,0,0,0,0,7,2,3.2,1021,17.6,156,100.0,12,12,2.9,-1.8,1.2,0,0,0.0,100.0,12,0,0.0,12,0,-0.26,4,63.7,0,0,12,33.3,,87.8,0.0,0,0,0,0,0,0,0.0,61,5.1,60.9,23,23,5.7,29.7,2.55,0,11,44.0,52.2,12,7,14.3,23,2,1.32,12,97.1,0,0,25,52.2,0.0,126.6,0.0,0,0,0,0,2,1,4.0,472,20.5,81.8,11,11,2.7,12.0,2.15,0,0,0.0,81.8,9,1,0.0,11,0,0.78,7,89.7,0,0,12,81.8,0.0,116.7,0.0,0,0,0,0,0,0,0.0,132,12.0,82.8,29,29,7.1,4.3,1.66,0,0,0.0,82.8,24,2,0.0,29,0,-0.11,4,50.5,0,1,30,69.0,0.0,76.1,0.0,0,0,0,0,0,1,3.3,166,5.7,65.7,99,99,24.3,12.8,2.4,0,1,0.9,61.6,61,25,6.2,99,4,0.6,56,84.2,0,2,106,59.6,0.0,100.1,0.0,0,0,0,0,4,4,3.8,990,10.0,0,100.0,14,14,3.4,-2.4,1.45,0,0,0.0,100.0,14,2,0.0,14,0,0.13,3,68.7,0,0,14,64.3,0.0,89.9,0.0,0,0,0,0,0,0,0.0,78,5.6,35.7,14,14,3.4,35.4,2.71,0,4,28.6,28.6,4,0,20.0,14,1,0.55,4,78.5,0,0,14,28.6,,97.6,0.0,0,0,0,0,1,1,7.1,157,11.2,76.9,13,13,3.2,12.8,2.45,0,0,0.0,76.9,10,6,0.0,13,0,1.2,10,88.2,0,0,13,76.9,0.0,143.1,0.0,0,0,0,0,1,0,0.0,160,12.3,65.5,29,29,7.1,4.7,2.15,0,1,3.1,55.2,16,7,15.8,29,3,-0.33,5,46.9,0,1,32,41.4,0.0,57.7,0.0,0,0,0,0,1,1,3.1,86,3.0,77.0,148,148,36.4,4.8,1.93,0,1,0.6,71.6,106,23,7.0,148,8,0.04,46,61.3,0,3,157,60.8,0.0,88.9,0.0,0,0,0,0,5,3,1.9,863,5.8
Micah Alejado,184162,QB,HAWAII,10,384,441,95.0,60,60,15.6,-2.6,1.81,0,0,0.0,88.3,53,5,7.0,60,4,-0.2,8,69.3,0,1,60,40.0,0.0,80.3,0.0,0,0,0,0,0,0,0.0,296,4.9,93.3,45,45,11.7,-2.8,1.83,0,0,0.0,86.7,39,5,7.1,45,3,-0.3,6,67.3,0,1,45,37.8,0.0,77.7,0.0,0,0,0,0,0,0,0.0,219,4.9,35.3,17,17,4.4,32.9,2.95,0,5,27.8,29.4,5,5,16.7,17,1,0.75,5,74.7,0,1,18,29.4,0.0,93.9,0.0,0,0,0,0,2,1,5.6,253,14.9,78.6,42,42,10.9,13.8,2.74,0,3,7.0,59.5,25,12,24.2,42,8,0.78,24,94.4,0,2,43,59.5,0.0,108.9,0.0,0,0,0,0,4,2,4.7,457,10.9,86.8,76,76,19.8,4.0,2.29,0,0,0.0,82.9,63,10,4.5,76,3,0.05,30,57.8,0,3,82,59.2,0.0,85.6,0.0,0,0,0,0,2,4,4.9,486,6.4,0,37.7,53,53,13.8,31.5,2.84,0,16,28.6,34.0,18,14,10.0,53,2,0.83,18,83.7,0,2,56,35.8,0.0,104.4,0.0,0,0,0,0,8,2,3.6,638,12.0,180,100.0,7,7,1.8,-1.1,1.73,0,0,0.0,100.0,7,0,0.0,7,0,0.64,2,66.4,0,0,7,71.4,,92.9,0.0,0,0,0,0,0,0,0.0,44,6.3,47.6,21,21,5.5,30.7,2.93,0,8,38.1,42.9,9,6,10.0,21,1,1.34,9,93.9,0,0,21,47.6,0.0,129.5,0.0,0,0,0,0,5,0,0.0,266,12.7,61.5,26,26,6.8,14.2,2.89,0,3,11.5,57.7,15,3,6.3,26,1,1.1,14,77.3,0,0,26,57.7,0.0,141.8,0.0,0,0,0,0,5,1,3.8,326,12.5,91.9,37,37,9.6,5.3,2.34,0,1,2.6,91.9,34,6,0.0,37,0,0.47,15,88.6,0,0,38,67.6,0.0,102.1,0.0,0,0,0,0,1,0,0.0,235,6.4,67.1,85,85,22.1,14.0,2.84,0,9,10.3,55.3,47,21,17.5,85,10,0.84,44,93.0,0,2,87,55.3,0.0,121.0,0.0,0,0,0,0,10,3,3.4,886,10.4,0,100.0,8,8,2.1,-2.6,1.79,0,0,0.0,87.5,7,0,12.5,8,1,-0.36,0,66.8,0,0,8,25.0,,83.9,0.0,0,0,0,0,0,0,0.0,33,4.1,26.7,15,15,3.9,31.0,2.58,0,3,17.6,26.7,4,3,0.0,15,0,0.22,4,47.8,0,1,17,26.7,0.0,54.6,0.0,0,0,0,0,1,1,5.9,119,7.9,47.1,17,17,4.4,14.3,3.01,0,3,16.7,41.2,7,6,12.5,17,1,0.58,6,80.5,0,0,18,41.2,0.0,81.3,0.0,0,0,0,0,1,0,0.0,103,6.1,84.3,51,51,13.3,4.5,2.15,0,0,0.0,72.5,37,7,14.0,51,6,-0.02,16,47.3,0,1,51,51.0,0.0,77.2,0.0,0,0,0,0,0,2,3.9,280,5.5,87.2,164,164,42.7,4.4,2.26,0,1,0.6,81.7,134,23,6.3,164,9,0.12,61,63.2,0,4,171,58.5,0.0,88.0,0.0,0,0,0,0,3,6,3.5,1001,6.1
Athan Kaliakmanis,144971,QB,RUTGERS,12,370,440,93.1,29,29,7.8,-2.0,2.43,0,0,0.0,79.3,23,6,14.8,29,4,0.2,9,66.4,0,0,29,58.6,0.0,87.5,0.0,0,0,0,0,0,0,0.0,145,5.0,91.3,23,23,6.2,-2.1,2.43,0,0,0.0,82.6,19,5,9.5,23,2,0.2,7,64.8,0,0,23,60.9,0.0,88.0,0.0,0,0,0,0,0,0,0.0,118,5.1,44.4,9,9,2.4,37.7,3.38,0,2,20.0,33.3,3,1,25.0,9,1,0.96,3,79.2,0,1,10,33.3,0.0,81.9,0.0,0,0,0,0,2,1,10.0,137,15.2,74.6,59,59,15.9,13.2,2.45,0,1,1.6,69.5,41,11,6.8,59,3,0.66,40,93.9,0,1,62,69.5,0.0,120.0,0.0,0,0,0,0,3,0,0.0,709,12.0,78.0,109,109,29.5,4.7,2.37,0,0,0.0,70.6,77,16,9.4,109,8,0.19,32,78.8,0,3,110,56.9,0.0,85.7,0.0,0,0,0,0,4,0,0.0,627,5.8,0,50.0,60,60,16.2,30.4,2.82,0,21,30.4,46.7,28,14,6.7,60,2,0.95,28,93.9,0,1,69,46.7,0.0,125.0,0.0,0,0,0,0,7,3,4.3,1043,17.4,278,100.0,4,4,1.1,-1.8,2.25,0,0,0.0,75.0,3,0,25.0,4,1,0.52,2,64.7,0,0,4,75.0,,87.5,0.0,0,0,0,0,0,0,0.0,22,5.5,46.4,28,28,7.6,30.6,2.69,0,11,35.5,42.9,12,4,7.7,28,1,0.69,12,91.3,0,0,31,42.9,0.0,125.6,0.0,0,0,0,0,3,2,6.5,488,17.4,50.0,24,24,6.5,15.4,2.45,0,4,14.8,50.0,12,4,0.0,24,0,0.68,12,70.6,0,0,27,50.0,0.0,113.9,0.0,0,0,0,0,4,3,11.1,176,7.3,85.0,20,20,5.4,4.7,2.38,0,0,0.0,80.0,16,4,5.9,20,1,0.28,5,74.4,0,0,21,70.0,0.0,92.5,0.0,0,0,0,0,0,0,0.0,124,6.2,64.4,101,101,27.3,13.7,2.48,0,5,4.5,61.4,62,18,4.6,101,3,0.55,60,89.1,0,3,110,61.4,0.0,108.6,0.0,0,0,0,0,8,6,5.5,1001,9.9,0,100.0,2,2,0.5,-1.0,2.75,0,0,0.0,50.0,1,1,50.0,2,1,-0.46,0,62.7,0,0,2,0.0,0.0,56.3,0.0,0,0,0,0,0,0,0.0,5,2.5,56.5,23,23,6.2,27.3,2.75,0,8,28.6,56.5,13,9,0.0,23,0,1.27,13,93.5,0,0,28,56.5,0.0,130.3,0.0,0,0,0,0,2,0,0.0,418,18.2,50.0,18,18,4.9,12.8,2.64,0,0,0.0,50.0,9,3,0.0,18,0,-0.01,8,45.0,0,2,21,50.0,0.0,49.5,0.0,0,0,0,0,1,3,14.3,116,6.4,76.7,30,30,8.1,5.0,2.46,0,0,0.0,76.7,23,3,0.0,30,0,0.39,11,67.5,0,0,30,66.7,0.0,102.5,0.0,0,0,0,0,1,1,3.3,183,6.1,78.6,159,159,43.0,4.7,2.39,0,0,0.0,73.0,116,23,7.2,159,9,0.24,48,79.3,0,3,161,60.4,0.0,90.0,0.0,0,0,0,0,5,1,0.6,934,5.9
Noah Kim,129623,QB,E MICHIGAN,12,403,436,96.3,54,54,13.4,-3.4,2.2,0,0,0.0,90.7,49,13,5.8,54,3,-0.06,11,71.4,0,0,55,50.0,0.0,93.2,0.0,0,0,0,0,1,0,0.0,264,4.9,97.7,43,43,10.7,-3.5,1.95,0,0,0.0,93.0,40,7,4.8,43,2,0.08,11,70.4,0,0,44,55.8,0.0,99.7,0.0,0,0,0,0,1,0,0.0,261,6.1,45.5,11,11,2.7,31.8,2.7,0,5,33.3,45.5,5,2,0.0,11,0,1.04,5,72.3,0,2,15,45.5,0.0,92.0,0.0,0,0,0,0,4,2,13.3,184,16.7,63.8,47,47,11.7,13.2,2.84,0,0,0.0,57.4,27,9,10.0,47,3,0.52,24,74.1,0,1,52,57.4,0.0,92.2,0.0,0,0,0,0,2,3,5.8,416,8.9,80.9,94,94,23.3,4.0,2.44,0,0,0.0,76.6,72,20,5.3,94,4,0.07,30,64.2,0,4,100,53.2,0.0,79.7,0.0,0,0,0,0,2,1,1.0,551,5.9,0,51.0,49,49,12.2,28.9,2.9,0,15,26.3,42.9,21,10,16.0,49,4,0.78,21,90.7,0,3,57,42.9,0.0,104.0,0.0,0,0,0,0,9,3,5.3,691,14.1,160,100.0,4,4,1.0,-3.8,2.95,0,0,0.0,100.0,4,2,0.0,4,0,-0.76,0,64.7,0,0,4,25.0,0.0,79.2,0.0,0,0,0,0,0,0,0.0,-2,-0.5,57.1,14,14,3.5,26.4,2.71,0,4,28.6,42.9,6,5,25.0,14,2,0.64,6,94.2,0,0,14,42.9,0.0,112.5,0.0,0,0,0,0,1,0,0.0,171,12.2,47.8,23,23,5.7,14.3,3.04,0,2,7.1,47.8,11,9,0.0,23,0,0.25,10,48.7,0,1,28,47.8,0.0,71.1,0.0,0,0,0,0,1,3,10.7,181,7.9,88.2,34,34,8.4,4.9,2.04,0,0,0.0,79.4,27,5,10.0,34,3,0.46,9,76.9,0,0,34,70.6,0.0,110.0,0.0,0,0,0,0,1,0,0.0,274,8.1,58.1,93,93,23.1,13.6,2.93,0,2,1.9,53.8,50,28,7.4,93,4,0.45,45,65.3,0,3,104,53.8,0.0,89.2,0.0,0,0,0,0,5,7,6.7,844,9.1,0,85.7,7,7,1.7,-2.0,3.31,0,0,0.0,71.4,5,4,16.7,7,1,-0.55,0,66.4,0,0,7,28.6,0.0,74.1,0.0,0,0,0,0,0,0,0.0,5,0.7,50.0,24,24,6.0,29.0,3.11,0,6,21.4,41.7,10,3,16.7,24,2,0.75,10,78.5,0,1,28,41.7,0.0,111.1,0.0,0,0,0,0,4,1,3.6,336,14.0,56.5,23,23,5.7,13.5,3.02,0,0,0.0,52.2,12,10,7.7,23,1,0.52,11,63.8,0,1,24,52.2,0.0,101.2,0.0,0,0,0,0,2,1,4.2,247,10.7,80.0,35,35,8.7,4.3,2.2,0,0,0.0,80.0,28,8,0.0,35,0,-0.16,8,56.4,0,1,35,51.4,0.0,78.3,0.0,0,0,0,0,0,1,2.9,198,5.7,82.2,163,163,40.4,4.2,2.31,0,0,0.0,77.9,127,33,5.2,163,7,0.1,47,66.8,0,5,169,56.4,0.0,86.2,0.0,0,0,0,0,3,2,1.2,1023,6.3
Joey Aguilar,174978,QB,TENNESSEE,12,388,424,92.1,76,76,19.6,-2.4,1.84,0,0,0.0,85.5,65,7,7.1,76,5,0.19,21,68.8,0,0,78,51.3,0.0,101.3,0.0,0,0,0,0,2,0,0.0,471,6.2,91.5,59,59,15.2,-2.6,1.88,0,0,0.0,83.1,49,6,9.3,59,5,0.21,19,66.6,0,0,60,50.8,0.0,104.0,0.0,0,0,0,0,2,0,0.0,368,6.2,60.7,28,28,7.2,33.9,3.15,0,14,48.3,57.1,16,13,5.9,28,1,1.55,16,96.0,0,2,29,57.1,0.0,111.6,0.0,0,0,0,0,9,2,6.9,628,22.4,67.2,61,61,15.7,13.1,2.85,0,0,0.0,60.7,37,10,9.8,61,4,0.79,37,92.2,0,2,65,60.7,0.0,106.7,0.0,0,0,0,0,5,0,0.0,592,9.7,82.7,104,104,26.8,5.0,2.35,0,0,0.0,76.9,80,25,7.0,104,6,0.34,41,81.8,0,3,111,61.5,0.0,93.4,0.0,0,0,0,0,2,1,0.9,819,7.9,0,55.4,56,56,14.4,34.3,3.04,0,20,32.8,46.4,26,24,16.1,56,5,1.02,26,94.6,0,3,61,46.4,0.0,110.1,0.0,0,0,0,0,13,3,4.9,1013,18.1,307,85.7,7,7,1.8,-2.0,1.39,0,0,0.0,85.7,6,0,0.0,7,0,0.31,1,66.6,0,0,7,57.1,,100.6,0.0,0,0,0,0,0,0,0.0,57,8.1,50.0,14,14,3.6,36.8,3.06,0,2,14.3,28.6,4,7,42.9,14,3,0.12,4,80.9,0,1,14,28.6,0.0,79.2,0.0,0,0,0,0,2,1,7.1,142,10.1,87.5,8,8,2.1,16.1,3.63,0,1,9.1,75.0,6,3,14.3,8,1,1.03,6,78.1,0,0,11,75.0,0.0,151.6,0.0,0,0,0,0,1,1,9.1,91,11.4,68.2,22,22,5.7,3.8,2.13,0,0,0.0,63.6,14,6,6.7,22,1,-0.01,6,69.1,0,1,22,54.5,0.0,61.4,0.0,0,0,0,0,0,0,0.0,133,6.0,67.8,87,87,22.4,13.5,3.02,0,1,1.0,62.1,54,19,8.5,87,5,0.74,51,91.8,0,2,98,62.1,0.0,111.0,0.0,0,0,0,0,7,1,1.0,834,9.6,0,100.0,10,10,2.6,-1.6,1.92,0,0,0.0,100.0,10,1,0.0,10,0,-0.06,1,68.0,0,0,11,50.0,0.0,85.8,0.0,0,0,0,0,0,0,0.0,46,4.6,50.0,14,14,3.6,32.6,2.79,0,4,22.2,42.9,6,4,14.3,14,1,0.85,6,84.4,0,0,18,42.9,0.0,129.5,0.0,0,0,0,0,2,0,0.0,243,17.4,61.1,18,18,4.6,13.8,3.31,0,0,0.0,61.1,11,6,0.0,18,0,0.48,8,75.6,0,0,22,61.1,0.0,106.5,0.0,0,0,0,0,1,0,0.0,151,8.4,85.2,27,27,7.0,4.3,2.43,0,0,0.0,70.4,19,8,17.4,27,4,-0.29,11,59.6,0,1,30,63.0,0.0,73.1,0.0,0,0,0,0,0,1,3.3,180,6.7,81.0,153,153,39.4,4.7,2.33,0,0,0.0,73.9,113,39,8.9,153,11,0.18,58,78.1,0,5,163,60.8,0.0,85.2,0.0,0,0,0,0,2,2,1.2,1132,7.4
CJ Bailey,183349,QB,NC STATE,12,375,424,96.8,63,63,16.8,-3.4,1.93,0,0,0.0,96.8,61,11,0.0,63,0,0.1,12,72.4,0,0,64,44.4,0.0,107.6,0.0,0,0,0,0,3,0,0.0,379,6.0,95.7,47,47,12.5,-3.3,1.87,0,0,0.0,95.7,45,7,0.0,47,0,0.1,10,71.0,0,0,48,44.7,0.0,107.1,0.0,0,0,0,0,2,0,0.0,296,6.3,70.6,17,17,4.5,31.8,3.52,0,4,22.2,70.6,12,6,0.0,17,0,2.15,12,94.3,0,0,18,70.6,0.0,152.6,0.0,0,0,0,0,5,1,5.6,455,26.8,68.3,41,41,10.9,14.0,3.09,0,0,0.0,65.9,27,12,3.6,41,1,0.64,26,70.0,0,3,45,65.9,0.0,77.9,0.0,0,0,0,0,1,5,11.1,426,10.4,84.5,103,103,27.5,4.0,2.4,0,0,0.0,77.7,80,17,8.0,103,7,0.16,34,63.2,0,2,103,57.3,0.0,95.9,0.0,0,0,0,0,4,2,1.9,602,5.8,0,52.2,46,46,12.3,30.1,3.23,0,8,15.4,50.0,23,16,4.2,46,1,1.05,23,84.3,0,1,52,50.0,0.0,126.4,0.0,0,0,0,0,9,1,1.9,814,17.7,248,100.0,9,9,2.4,-3.4,2.1,0,0,0.0,100.0,9,3,0.0,9,0,0.24,2,67.3,0,0,9,44.4,0.0,128.7,0.0,0,0,0,0,1,0,0.0,54,6.0,35.7,14,14,3.7,29.9,3.16,0,0,0.0,28.6,4,5,20.0,14,1,0.27,4,45.4,0,0,15,28.6,0.0,103.0,0.0,0,0,0,0,2,0,0.0,122,8.7,63.2,19,19,5.1,14.4,2.95,0,2,9.1,57.9,11,10,8.3,19,1,0.75,11,88.2,0,0,22,57.9,0.0,124.7,0.0,0,0,0,0,2,0,0.0,179,9.4,80.0,30,30,8.0,4.4,2.17,0,0,0.0,73.3,22,5,8.3,30,2,0.12,7,53.6,0,0,32,50.0,0.0,93.5,0.0,0,0,0,0,1,0,0.0,138,4.6,62.1,87,87,23.2,13.8,2.98,0,3,3.2,59.8,52,31,3.7,87,2,0.41,51,64.0,0,6,95,59.8,0.0,80.5,0.0,0,0,0,0,5,10,10.5,798,9.2,0,100.0,7,7,1.9,-3.7,2.16,0,0,0.0,100.0,7,1,0.0,7,0,-0.1,0,66.4,0,0,7,42.9,0.0,83.9,0.0,0,0,0,0,0,0,0.0,29,4.1,46.7,15,15,4.0,28.5,2.97,0,4,21.1,46.7,7,5,0.0,15,0,0.55,7,76.7,0,1,19,46.7,0.0,104.9,0.0,0,0,0,0,2,0,0.0,237,15.8,51.9,27,27,7.2,12.9,2.83,0,1,3.6,51.9,14,9,0.0,27,0,-0.19,14,32.2,0,3,28,51.9,0.0,60.2,0.0,0,0,0,0,2,5,17.9,193,7.1,84.6,26,26,6.9,4.0,2.23,0,0,0.0,80.8,21,4,4.5,26,1,0.32,10,60.6,0,0,29,53.8,0.0,104.0,0.0,0,0,0,0,1,0,0.0,153,5.9,83.6,159,159,42.4,4.1,2.33,0,0,0.0,77.4,123,26,7.5,159,10,0.18,51,60.5,0,2,164,55.3,0.0,97.3,0.0,0,0,0,0,6,2,1.2,893,5.6
Arch Manning,173162,QB,TEXAS,12,373,421,97.6,83,83,22.3,-3.6,1.89,0,0,0.0,91.6,76,12,6.2,83,5,0.06,21,71.8,0,0,86,39.8,0.0,100.5,0.0,0,0,0,0,1,0,0.0,594,7.2,100.0,59,59,15.8,-3.8,1.85,0,0,0.0,94.9,56,7,5.1,59,3,0.03,15,72.3,0,0,60,37.3,0.0,100.4,0.0,0,0,0,0,1,0,0.0,398,6.7,56.0,25,25,6.7,35.8,3.85,0,6,21.4,52.0,13,10,7.1,25,1,1.1,13,92.1,0,0,28,52.0,0.0,137.1,0.0,0,0,0,0,7,2,7.1,462,18.5,62.3,53,53,14.2,14.1,3.26,0,1,1.8,56.6,30,20,9.1,53,3,0.57,29,84.6,0,2,57,56.6,0.0,108.1,0.0,0,0,0,0,5,5,8.8,549,10.4,77.9,68,68,18.2,4.0,2.4,0,0,0.0,69.1,47,19,11.3,68,6,0.0,19,67.2,0,1,69,51.5,0.0,81.7,0.0,0,0,0,0,1,2,2.9,380,5.6,0,45.8,59,59,15.8,33.3,3.54,0,15,22.4,40.7,24,23,11.1,59,3,0.63,24,91.0,0,3,67,40.7,0.0,106.5,0.0,0,0,0,0,11,6,9.0,887,15.0,311,81.8,11,11,2.9,-3.4,1.78,0,0,0.0,81.8,9,0,0.0,11,0,0.03,2,59.9,0,0,12,45.5,,102.3,0.0,0,0,0,0,0,0,0.0,94,8.5,42.1,19,19,5.1,32.6,3.32,0,3,15.8,31.6,6,7,25.0,19,2,0.49,6,71.1,0,1,19,31.6,0.0,93.6,0.0,0,0,0,0,2,2,10.5,251,13.2,50.0,12,12,3.2,14.0,2.73,0,0,0.0,50.0,6,3,0.0,12,0,0.62,6,71.3,0,0,12,50.0,0.0,109.4,0.0,0,0,0,0,1,0,0.0,109,9.1,75.0,12,12,3.2,4.5,3.06,0,0,0.0,66.7,8,2,11.1,12,1,-0.12,2,65.0,0,0,13,41.7,0.0,78.1,0.0,0,0,0,0,0,0,0.0,59,4.9,64.4,87,87,23.3,14.0,3.16,0,2,2.2,58.6,51,29,8.9,87,5,0.57,49,91.0,0,3,91,58.6,0.0,105.4,0.0,0,0,0,0,7,6,6.6,878,10.1,0,100.0,13,13,3.5,-2.5,2.12,0,0,0.0,84.6,11,5,15.4,13,2,0.2,4,68.7,0,0,14,46.2,0.0,99.4,0.0,0,0,0,0,0,0,0.0,102,7.8,33.3,15,15,4.0,30.2,3.32,0,6,30.0,33.3,5,6,0.0,15,0,0.03,5,83.4,0,2,20,33.3,0.0,78.2,0.0,0,0,0,0,2,2,10.0,174,11.6,77.3,22,22,5.9,13.5,3.15,0,1,4.5,68.2,15,6,11.8,22,2,0.52,14,92.6,0,1,22,68.2,0.0,96.8,0.0,0,0,0,0,1,1,4.5,220,10.0,78.6,28,28,7.5,4.5,2.46,0,0,0.0,75.0,21,6,4.5,28,1,0.43,9,71.3,0,0,31,57.1,0.0,125.6,0.0,0,0,0,0,4,0,0.0,144,5.1,77.8,108,108,29.0,4.2,2.49,0,0,0.0,70.4,76,27,9.5,108,8,0.1,30,70.4,0,1,113,51.9,0.0,94.8,0.0,0,0,0,0,5,2,1.8,583,5.4
Walker Eget,146170,QB,S JOSE ST,11,397,421,96.9,32,32,8.1,-3.8,1.69,0,0,0.0,93.8,30,1,3.2,32,1,0.29,11,69.0,0,0,32,59.4,0.0,117.7,0.0,0,0,0,0,3,0,0.0,152,4.8,96.0,25,25,6.3,-4.0,1.62,0,0,0.0,92.0,23,1,4.2,25,1,0.16,9,67.7,0,0,25,56.0,0.0,122.8,0.0,0,0,0,0,3,0,0.0,99,4.0,43.3,30,30,7.6,31.2,3.23,0,11,35.5,43.3,13,7,0.0,30,0,0.77,13,90.7,0,3,31,46.7,0.0,72.9,0.0,0,0,0,0,2,3,9.7,533,17.8,64.0,50,50,12.6,14.0,2.71,0,2,3.9,56.0,28,15,12.5,50,4,0.27,25,77.6,0,2,51,54.0,0.0,100.3,0.0,0,0,0,0,5,2,3.9,418,8.4,83.3,96,96,24.2,4.6,2.38,0,0,0.0,76.0,73,14,8.8,96,7,0.14,31,49.8,0,1,101,53.1,0.0,95.1,0.0,0,0,0,0,2,4,4.0,622,6.5,0,41.5,82,82,20.7,32.8,3.08,0,27,31.0,40.2,33,25,2.9,82,1,0.64,33,90.2,0,3,87,40.2,0.0,100.9,0.0,0,0,0,0,7,6,6.9,1293,15.8,285,100.0,2,2,0.5,-3.5,2.3,0,0,0.0,100.0,2,0,0.0,2,0,2.2,1,62.7,0,0,2,100.0,,118.8,0.0,0,0,0,0,0,0,0.0,25,12.5,34.5,29,29,7.3,34.6,3.06,0,9,28.1,31.0,9,11,10.0,29,1,0.24,9,73.8,0,0,32,27.6,0.0,99.9,0.0,0,0,0,0,2,2,6.3,341,11.8,60.0,10,10,2.5,12.6,2.71,0,0,0.0,50.0,5,3,16.7,10,1,0.02,4,68.0,0,0,11,40.0,0.0,71.7,0.0,0,0,0,0,0,0,0.0,67,6.7,76.5,34,34,8.6,5.9,2.46,0,0,0.0,64.7,22,8,15.4,34,4,-0.11,12,57.2,0,2,35,55.9,0.0,55.8,0.0,0,0,0,0,0,2,5.7,198,5.8,58.9,73,73,18.4,13.8,2.72,0,2,2.6,49.3,36,21,16.3,73,7,0.13,32,72.2,0,2,76,46.6,0.0,84.3,0.0,0,0,0,0,5,3,3.9,521,7.1,0,100.0,5,5,1.3,-3.0,1.76,0,0,0.0,100.0,5,0,0.0,5,0,0.14,1,65.5,0,0,5,60.0,,90.0,0.0,0,0,0,0,0,0,0.0,28,5.6,47.8,23,23,5.8,32.7,2.91,0,7,29.2,47.8,11,7,0.0,23,0,0.95,11,84.3,0,0,24,47.8,0.0,133.6,0.0,0,0,0,0,3,1,4.2,419,18.2,38.5,13,13,3.3,14.2,2.76,0,0,0.0,23.1,3,3,40.0,13,2,-0.31,3,50.6,0,0,14,23.1,0.0,39.6,0.0,0,0,0,0,0,1,7.1,36,2.8,80.4,46,46,11.6,5.6,2.47,0,0,0.0,80.4,37,11,0.0,46,0,-0.14,8,57.7,0,1,49,50.0,0.0,81.2,0.0,0,0,0,0,0,2,4.1,260,5.7,81.3,176,176,44.3,5.1,2.42,0,0,0.0,75.0,132,33,7.7,176,11,0.02,51,52.1,0,4,185,52.8,0.0,84.5,0.0,0,0,0,0,2,8,4.3,1080,6.1
Bryson Barnes,131845,QB,UTAH ST,12,335,419,100.0,50,50,14.9,-2.7,1.74,0,0,0.0,98.0,49,7,2.0,50,1,0.01,16,72.8,0,0,52,50.0,0.0,90.7,0.0,0,0,0,0,0,0,0.0,288,5.8,100.0,37,37,11.0,-2.9,1.79,0,0,0.0,97.3,36,7,2.7,37,1,0.01,11,71.6,0,0,38,43.2,0.0,89.2,0.0,0,0,0,0,0,0,0.0,200,5.4,58.3,12,12,3.6,32.5,3.37,0,3,25.0,58.3,7,4,0.0,12,0,1.81,7,89.8,0,1,12,66.7,0.0,107.6,0.0,0,0,0,0,3,2,16.7,302,25.2,70.2,47,47,14.0,13.7,2.75,0,0,0.0,57.4,27,18,18.2,47,6,0.66,26,90.3,0,0,49,57.4,0.0,107.8,0.0,0,0,0,0,2,0,0.0,492,10.5,74.1,54,54,16.1,5.5,2.24,0,0,0.0,63.0,34,13,15.0,54,6,-0.06,16,63.8,0,2,55,50.0,0.0,75.5,0.0,0,0,0,0,2,1,1.8,312,5.8,0,41.9,62,62,18.5,30.1,3.18,0,13,17.6,40.3,25,26,3.8,62,1,0.65,25,76.7,0,2,74,40.3,0.0,113.9,0.0,0,0,0,0,10,5,6.8,842,13.6,329,100.0,7,7,2.1,-2.3,1.79,0,0,0.0,100.0,7,0,0.0,7,0,-0.19,2,66.9,0,0,8,71.4,,91.1,0.0,0,0,0,0,0,0,0.0,41,5.9,41.7,24,24,7.2,28.2,3.18,0,6,20.0,37.5,9,12,10.0,24,1,0.49,9,80.8,0,0,30,33.3,0.0,115.5,0.0,0,0,0,0,4,0,0.0,245,10.2,54.5,11,11,3.3,15.5,3.41,0,2,18.2,54.5,6,6,0.0,11,0,0.8,6,87.4,0,0,11,54.5,0.0,139.2,0.0,0,0,0,0,2,0,0.0,139,12.6,90.5,21,21,6.3,3.9,2.21,0,0,0.0,81.0,17,7,10.5,21,2,0.18,5,60.6,0,0,22,61.9,0.0,92.3,0.0,0,0,0,0,0,0,0.0,129,6.1,67.5,80,80,23.9,14.1,3.03,0,4,4.7,60.0,48,32,11.1,80,6,0.82,46,91.9,0,0,85,60.0,0.0,124.5,0.0,0,0,0,0,6,0,0.0,910,11.4,0,100.0,6,6,1.8,-2.3,1.38,0,0,0.0,100.0,6,0,0.0,6,0,0.23,3,66.0,0,0,6,66.7,,99.3,0.0,0,0,0,0,0,0,0.0,47,7.8,34.6,26,26,7.8,30.8,3.08,0,4,12.5,34.6,9,10,0.0,26,0,0.26,9,56.7,0,1,32,34.6,0.0,100.6,0.0,0,0,0,0,3,3,9.4,295,11.3,68.2,22,22,6.6,14.3,3.43,0,2,8.0,68.2,15,8,0.0,22,0,1.16,14,86.3,0,0,25,68.2,0.0,141.3,0.0,0,0,0,0,2,0,0.0,279,12.7,75.7,37,37,11.0,4.0,2.58,0,0,0.0,73.0,27,5,3.6,37,1,0.13,8,63.9,0,0,38,56.8,0.0,86.5,0.0,0,0,0,0,0,0,0.0,210,5.7,77.7,112,112,33.4,4.7,2.35,0,0,0.0,69.6,78,25,10.3,112,9,0.05,29,64.1,0,2,115,54.5,0.0,82.8,0.0,0,0,0,0,2,1,0.9,651,5.8
Logan Fife,128176,QB,NEW MEX ST,10,364,419,90.3,62,62,17.0,-3.7,1.98,0,0,0.0,83.9,52,10,7.1,62,4,-0.22,11,65.7,0,0,63,37.1,0.0,82.6,0.0,0,0,0,0,0,0,0.0,237,3.8,91.1,45,45,12.4,-4.0,1.8,0,0,0.0,84.4,38,4,7.3,45,3,-0.16,10,64.2,0,0,46,42.2,0.0,84.9,0.0,0,0,0,0,0,0,0.0,197,4.4,38.9,18,18,4.9,28.9,2.73,0,7,35.0,38.9,7,1,0.0,18,0,0.53,7,90.0,0,1,20,38.9,0.0,100.5,0.0,0,0,0,0,2,2,10.0,281,15.6,46.2,39,39,10.7,14.3,2.41,0,0,0.0,41.0,16,6,11.1,39,2,-0.18,16,41.3,0,5,41,41.0,0.0,40.0,0.0,0,0,0,0,1,5,12.2,325,8.3,81.2,101,101,27.7,5.0,1.95,0,0,0.0,75.2,76,12,7.3,101,6,0.22,33,79.1,0,2,104,57.4,0.0,92.7,0.0,0,0,0,0,3,0,0.0,637,6.3,0,35.2,54,54,14.8,27.5,2.62,0,14,22.6,33.3,18,8,5.3,54,1,0.34,18,78.9,0,3,62,33.3,0.0,87.0,0.0,0,0,0,0,6,7,11.3,561,10.4,242,80.0,5,5,1.4,-2.6,2.68,0,0,0.0,60.0,3,2,25.0,5,1,-0.82,0,58.8,0,0,5,20.0,0.0,64.6,0.0,0,0,0,0,0,0,0.0,9,1.8,31.8,22,22,6.0,27.5,2.65,0,4,16.0,31.8,7,6,0.0,22,0,0.32,7,72.3,0,2,25,31.8,0.0,64.6,0.0,0,0,0,0,4,3,12.0,181,8.2,42.9,14,14,3.8,15.4,2.54,0,1,6.7,42.9,6,3,0.0,14,0,-0.02,6,47.4,0,1,15,42.9,0.0,56.8,0.0,0,0,0,0,1,2,13.3,84,6.0,65.0,20,20,5.5,5.5,2.25,0,0,0.0,60.0,12,4,7.7,20,1,-0.2,7,50.8,0,1,21,55.0,0.0,50.2,0.0,0,0,0,0,0,1,4.8,91,4.6,48.7,76,76,20.9,14.4,2.49,0,1,1.2,44.7,34,19,8.1,76,3,0.02,33,52.0,0,6,82,44.7,0.0,48.1,0.0,0,0,0,0,2,7,8.5,600,7.9,0,91.7,12,12,3.3,-3.2,2.37,0,0,0.0,91.7,11,4,0.0,12,0,-0.21,1,68.3,0,0,12,25.0,0.0,79.2,0.0,0,0,0,0,0,0,0.0,31,2.6,35.7,14,14,3.8,25.7,2.44,0,3,17.6,28.6,4,1,20.0,14,1,0.13,4,59.1,0,0,17,28.6,0.0,56.5,0.0,0,0,0,0,0,2,11.8,99,7.1,56.5,23,23,6.3,14.0,2.6,0,0,0.0,52.2,12,10,7.7,23,1,0.38,11,75.7,0,0,26,52.2,0.0,80.2,0.0,0,0,0,0,0,0,0.0,191,8.3,73.9,23,23,6.3,4.9,2.19,0,0,0.0,56.5,13,4,23.5,23,4,-0.09,5,61.5,0,0,26,43.5,0.0,69.8,0.0,0,0,0,0,0,0,0.0,114,5.0,77.8,144,144,39.6,5.1,2.03,0,0,0.0,70.1,101,20,9.8,144,11,0.11,45,72.2,0,3,151,54.9,0.0,83.2,0.0,0,0,0,0,3,1,0.7,842,5.8
Brendon Lewis,131687,QB,MEMPHIS,12,343,418,95.7,70,70,20.4,-3.4,2.13,0,0,0.0,92.9,65,14,3.0,70,2,0.0,17,70.4,0,0,72,41.4,0.0,98.2,0.0,0,0,0,0,2,0,0.0,369,5.3,96.2,52,52,15.2,-3.4,2.09,0,0,0.0,92.3,48,9,4.0,52,2,0.05,12,69.9,0,0,54,40.4,0.0,102.6,0.0,0,0,0,0,2,0,0.0,288,5.5,35.3,17,17,5.0,41.7,3.5,0,5,29.4,29.4,5,7,16.7,17,1,0.24,5,64.1,0,3,17,29.4,0.0,59.2,0.0,0,0,0,0,1,2,11.8,239,14.1,71.4,28,28,8.2,13.3,3.25,0,1,3.6,64.3,18,7,10.0,28,2,1.11,16,86.0,0,0,28,64.3,0.0,131.5,0.0,0,0,0,0,2,1,3.6,354,12.6,92.7,96,96,28.0,4.3,2.55,0,0,0.0,88.5,85,13,4.5,96,4,0.32,31,71.7,0,0,99,65.6,0.0,99.1,0.0,0,0,0,0,1,1,1.0,667,6.9,0,44.7,47,47,13.7,35.7,3.33,0,14,24.6,36.2,17,18,19.0,47,4,0.58,17,80.1,0,4,57,36.2,0.0,88.4,0.0,0,0,0,0,7,3,5.3,614,13.1,218,100.0,6,6,1.7,-2.3,1.82,0,0,0.0,100.0,6,1,0.0,6,0,-0.29,1,66.0,0,0,6,33.3,0.0,79.9,0.0,0,0,0,0,0,0,0.0,19,3.2,36.4,11,11,3.2,32.4,3.14,0,2,13.3,18.2,2,3,50.0,11,2,-0.37,2,58.5,0,1,15,18.2,0.0,50.0,0.0,0,0,0,0,2,1,6.7,56,5.1,100.0,11,11,3.2,12.5,3.03,0,0,0.0,100.0,11,1,0.0,11,0,1.22,9,92.6,0,0,12,100.0,0.0,118.8,0.0,0,0,0,0,0,0,0.0,169,15.4,76.5,17,17,5.0,4.4,2.78,0,0,0.0,64.7,11,3,15.4,17,2,-0.08,5,51.6,0,1,17,47.1,0.0,51.6,0.0,0,0,0,0,0,1,5.9,82,4.8,80.4,51,51,14.9,13.3,3.13,0,1,1.9,74.5,38,11,7.3,51,3,1.06,34,93.6,0,1,52,74.5,0.0,134.2,0.0,0,0,0,0,4,2,3.8,648,12.7,0,91.7,12,12,3.5,-3.8,2.46,0,0,0.0,91.7,11,4,0.0,12,0,-0.08,4,64.0,0,0,12,50.0,0.0,88.2,0.0,0,0,0,0,0,0,0.0,62,5.2,57.9,19,19,5.5,32.2,3.29,0,7,28.0,52.6,10,8,9.1,19,1,1.44,10,91.3,0,0,25,52.6,0.0,137.6,0.0,0,0,0,0,4,0,0.0,319,16.8,83.3,12,12,3.5,14.1,2.95,0,0,0.0,75.0,9,3,10.0,12,1,0.78,9,92.8,0,1,12,75.0,0.0,112.8,0.0,0,0,0,0,2,1,8.3,125,10.4,88.5,26,26,7.6,4.9,2.76,0,0,0.0,84.6,22,3,4.3,26,1,0.63,10,68.5,0,0,26,73.1,0.0,108.7,0.0,0,0,0,0,1,0,0.0,182,7.0,89.9,139,139,40.5,4.4,2.62,0,0,0.0,84.9,118,19,5.6,139,7,0.33,46,69.4,0,1,142,64.7,0.0,96.4,0.0,0,0,0,0,2,2,1.4,931,6.7
Owen McCown,157688,QB,UTSA,12,384,416,94.0,100,100,26.0,-2.9,1.55,0,0,0.0,92.0,92,8,2.1,100,2,0.12,24,71.0,0,0,105,46.0,0.0,109.7,0.0,0,0,0,0,6,0,0.0,554,5.5,94.9,78,78,20.3,-3.0,1.57,0,0,0.0,92.3,72,5,2.7,78,2,0.14,20,70.1,0,0,81,44.9,0.0,117.7,0.0,0,0,0,0,6,0,0.0,476,6.1,41.7,12,12,3.1,32.9,3.5,0,3,23.1,41.7,5,3,0.0,12,0,0.75,5,82.3,0,0,13,41.7,0.0,128.5,0.0,0,0,0,0,2,1,7.7,227,18.9,76.1,46,46,12.0,12.9,2.71,0,1,2.0,65.2,30,15,14.3,46,5,0.47,30,85.9,0,3,50,65.2,0.0,110.5,0.0,0,0,0,0,7,4,8.0,460,10.0,81.6,87,87,22.7,4.6,2.2,0,0,0.0,74.7,65,20,8.5,87,6,0.29,32,76.6,0,1,91,56.3,0.0,107.4,0.0,0,0,0,0,5,1,1.1,599,6.9,0,35.3,34,34,8.9,29.1,2.92,0,8,19.5,35.3,12,9,0.0,34,0,0.47,12,71.3,0,1,41,35.3,0.0,110.9,0.0,0,0,0,0,5,3,7.3,483,14.2,331,85.7,7,7,1.8,-2.6,1.61,0,0,0.0,85.7,6,1,0.0,7,0,-0.02,2,66.4,0,0,7,42.9,0.0,79.2,0.0,0,0,0,0,0,0,0.0,18,2.6,30.0,10,10,2.6,25.6,2.64,0,2,18.2,30.0,3,3,0.0,10,0,0.45,3,72.0,0,0,11,30.0,0.0,105.8,0.0,0,0,0,0,2,0,0.0,94,9.4,55.6,18,18,4.7,14.7,3.22,0,1,4.8,50.0,9,8,10.0,18,1,0.36,9,73.2,0,1,21,50.0,0.0,64.1,0.0,0,0,0,0,0,2,9.5,188,10.4,77.4,31,31,8.1,5.2,2.8,0,0,0.0,71.0,22,7,8.3,31,2,0.15,8,72.5,0,0,32,54.8,0.0,104.2,0.0,0,0,0,0,2,2,6.3,160,5.2,66.2,74,74,19.3,13.4,2.83,0,2,2.4,55.4,41,26,16.3,74,8,0.34,41,80.4,0,4,83,55.4,0.0,99.4,0.0,0,0,0,0,8,6,7.2,668,9.0,0,93.3,15,15,3.9,-2.3,1.43,0,0,0.0,93.3,14,2,0.0,15,0,0.08,2,66.0,0,0,17,53.3,0.0,83.3,0.0,0,0,0,0,0,0,0.0,60,4.0,33.3,12,12,3.1,28.1,2.58,0,3,17.6,33.3,4,3,0.0,12,0,0.22,4,53.8,0,1,17,33.3,0.0,75.0,0.0,0,0,0,0,1,2,11.8,162,13.5,40.0,10,10,2.6,12.9,2.7,0,0,0.0,20.0,2,3,50.0,10,2,-0.33,2,51.9,0,0,12,20.0,0.0,72.9,0.0,0,0,0,0,1,0,0.0,20,2.0,78.9,38,38,9.9,5.1,2.1,0,0,0.0,71.1,27,6,10.0,38,3,0.06,11,59.8,0,1,38,57.9,0.0,85.6,0.0,0,0,0,0,1,0,0.0,242,6.4,80.1,156,156,40.6,4.8,2.3,0,0,0.0,73.1,114,33,8.8,156,11,0.2,51,74.3,0,2,161,56.4,0.0,101.5,0.0,0,0,0,0,8,3,1.9,1001,6.4
Ben Finley,122864,QB,AKRON,11,366,416,75.9,29,29,7.9,-2.7,1.88,0,0,0.0,69.0,20,2,9.1,29,2,-0.41,7,42.3,0,1,29,27.6,0.0,70.3,0.0,0,0,0,0,1,2,6.9,95,3.3,78.3,23,23,6.3,-2.7,1.87,0,0,0.0,69.6,16,1,11.1,23,2,-0.42,6,52.1,0,1,23,26.1,0.0,70.2,0.0,0,0,0,0,1,1,4.3,76,3.3,44.4,18,18,4.9,28.4,3.04,0,7,35.0,33.3,6,5,25.0,18,2,0.8,6,89.3,0,0,20,33.3,0.0,121.5,0.0,0,0,0,0,3,0,0.0,240,13.3,64.6,82,82,22.4,14.0,2.77,0,2,2.4,52.4,43,23,18.9,82,10,0.35,41,83.5,0,5,85,52.4,0.0,80.2,0.0,0,0,0,0,5,6,7.1,778,9.5,78.4,74,74,20.2,4.2,2.37,0,0,0.0,66.2,49,13,15.5,74,9,0.04,20,77.8,0,1,76,50.0,0.0,81.6,0.0,0,0,0,0,2,1,1.3,373,5.0,0,29.6,54,54,14.8,28.3,3.08,0,10,16.4,25.9,14,17,12.5,54,2,0.34,13,71.6,0,0,61,27.8,0.0,107.5,0.0,0,0,0,0,7,2,3.3,529,9.8,102,66.7,3,3,0.8,-1.3,1.83,0,0,0.0,66.7,2,0,0.0,3,0,0.21,1,55.9,0,0,3,66.7,,82.6,0.0,0,0,0,0,0,0,0.0,18,6.0,23.1,13,13,3.6,27.5,3.17,0,0,0.0,23.1,3,4,0.0,13,0,-0.09,3,46.5,0,0,16,23.1,0.0,58.2,0.0,0,0,0,0,0,1,6.3,97,7.5,60.0,25,25,6.8,14.5,2.57,0,1,3.6,52.0,13,6,13.3,25,2,0.53,13,72.0,0,0,28,52.0,0.0,105.6,0.0,0,0,0,0,2,2,7.1,201,8.0,72.2,18,18,4.9,5.3,2.33,0,0,0.0,55.6,10,4,23.1,18,3,-0.19,4,62.0,0,0,19,44.4,0.0,66.2,0.0,0,0,0,0,0,0,0.0,77,4.3,62.1,140,140,38.3,14.1,2.73,0,5,3.4,53.6,75,35,13.8,140,12,0.4,72,80.4,0,7,149,53.6,0.0,82.4,0.0,0,0,0,0,8,13,8.7,1258,9.0,0,66.7,3,3,0.8,-4.3,2.0,0,0,0.0,66.7,2,1,0.0,3,0,-0.98,0,29.4,0,0,3,0.0,0.0,70.1,0.0,0,0,0,0,0,1,33.3,1,0.3,21.7,23,23,6.3,28.6,3.06,0,3,12.0,21.7,5,8,0.0,23,0,0.23,4,67.4,0,0,25,26.1,0.0,101.4,0.0,0,0,0,0,4,1,4.0,192,8.3,57.6,33,33,9.0,14.0,2.77,0,2,5.6,57.6,19,6,0.0,33,0,0.44,18,65.4,0,2,36,57.6,0.0,70.1,0.0,0,0,0,0,1,5,13.9,279,8.5,67.7,31,31,8.5,4.4,2.36,0,0,0.0,61.3,19,6,9.5,31,2,-0.19,7,50.0,0,0,32,45.2,0.0,83.0,0.0,0,0,0,0,1,2,6.3,142,4.6,74.8,123,123,33.6,4.4,2.37,0,0,0.0,63.4,78,23,15.2,123,14,-0.05,31,68.5,0,1,127,48.0,0.0,79.7,0.0,0,0,0,0,3,3,2.4,592,4.8
Demond Williams Jr.,183648,QB,WASHINGTON,12,331,415,95.1,82,82,24.8,-3.5,1.81,0,0,0.0,93.9,77,14,1.3,82,1,0.43,28,75.0,0,0,83,62.2,0.0,109.4,0.0,0,0,0,0,3,0,0.0,601,7.3,94.3,70,70,21.1,-3.5,1.71,0,0,0.0,94.3,66,11,0.0,70,0,0.51,26,74.4,0,0,71,62.9,0.0,108.7,0.0,0,0,0,0,2,0,0.0,547,7.8,55.6,18,18,5.4,37.0,3.99,0,4,21.1,50.0,9,7,10.0,18,1,1.03,9,89.5,0,2,19,50.0,0.0,93.3,0.0,0,0,0,0,2,2,10.5,326,18.1,71.9,32,32,9.7,13.8,3.03,0,0,0.0,71.9,23,7,0.0,32,0,0.73,23,80.5,0,2,32,71.9,0.0,98.4,0.0,0,0,0,0,1,2,6.3,470,14.7,88.6,70,70,21.1,4.0,2.36,0,0,0.0,88.6,62,17,0.0,70,0,0.43,30,68.2,0,2,70,72.9,0.0,103.2,0.0,0,0,0,0,3,3,4.3,574,8.2,0,44.7,47,47,14.2,33.0,3.33,0,11,21.6,42.6,20,14,4.8,47,1,0.57,20,81.2,0,4,51,42.6,0.0,93.8,0.0,0,0,0,0,7,4,7.8,698,14.9,340,100.0,2,2,0.6,-2.0,1.25,0,0,0.0,100.0,2,0,0.0,2,0,0.79,0,62.6,0,0,2,100.0,,104.2,0.0,0,0,0,0,0,0,0.0,18,9.0,42.1,19,19,5.7,29.8,2.89,0,6,27.3,42.1,8,4,0.0,19,0,0.83,8,81.8,0,0,22,42.1,0.0,128.8,0.0,0,0,0,0,3,0,0.0,290,15.3,60.0,20,20,6.0,14.7,3.4,0,1,5.0,60.0,12,7,0.0,20,0,0.79,12,81.1,0,0,20,65.0,0.0,131.9,0.0,0,0,0,0,2,0,0.0,223,11.2,83.3,18,18,5.4,4.5,3.42,0,0,0.0,77.8,14,5,6.7,18,1,-0.07,7,55.2,0,0,19,50.0,0.0,123.6,0.0,0,0,0,0,2,0,0.0,86,4.8,62.3,69,69,20.8,14.1,3.2,0,1,1.4,60.9,42,20,2.3,69,1,0.65,42,84.0,0,2,70,62.3,0.0,116.8,0.0,0,0,0,0,6,2,2.9,780,11.3,0,100.0,10,10,3.0,-3.6,2.62,0,0,0.0,90.0,9,3,10.0,10,1,-0.19,2,67.6,0,0,10,50.0,0.0,115.0,0.0,0,0,0,0,1,0,0.0,36,3.6,30.0,10,10,3.0,31.7,2.97,0,1,10.0,30.0,3,3,0.0,10,0,-0.73,3,44.4,0,2,10,30.0,0.0,61.2,0.0,0,0,0,0,2,2,20.0,82,8.2,47.1,17,17,5.1,14.1,3.29,0,0,0.0,41.2,7,6,12.5,17,1,0.35,7,71.6,0,0,18,41.2,0.0,97.3,0.0,0,0,0,0,3,0,0.0,87,5.1,85.7,21,21,6.3,3.4,3.13,0,0,0.0,76.2,16,7,11.1,21,2,0.18,7,64.0,0,0,23,52.4,0.0,87.6,0.0,0,0,0,0,0,0,0.0,111,5.3,87.2,109,109,32.9,3.9,2.68,0,0,0.0,84.4,92,29,3.2,109,3,0.3,44,65.5,0,2,112,65.1,0.0,103.8,0.0,0,0,0,0,5,3,2.7,771,7.1
Brad Jackson,184354,QB,TEXAS ST,12,332,414,96.9,65,65,19.6,-2.5,1.68,0,0,0.0,95.4,62,7,1.6,65,1,-0.06,14,71.1,0,0,67,43.1,0.0,92.6,0.0,0,0,0,0,1,0,0.0,324,5.0,100.0,39,39,11.7,-2.9,1.65,0,0,0.0,97.4,38,5,2.6,39,1,0.01,10,71.8,0,0,41,41.0,0.0,97.9,0.0,0,0,0,0,1,0,0.0,212,5.4,35.0,20,20,6.0,34.9,3.07,0,8,38.1,35.0,7,8,0.0,20,0,0.57,7,90.7,0,0,21,35.0,0.0,100.0,0.0,0,0,0,0,1,1,4.8,291,14.6,70.6,34,34,10.2,13.6,2.65,0,0,0.0,61.8,21,4,12.5,34,3,0.81,21,75.6,0,1,37,61.8,0.0,122.8,0.0,0,0,0,0,3,2,5.4,489,14.4,90.4,83,83,25.0,4.0,2.09,0,0,0.0,86.7,72,13,4.0,83,3,0.55,37,68.2,0,5,85,69.9,0.0,93.8,0.0,0,0,0,0,4,2,2.4,720,8.7,0,49.0,51,51,15.4,32.6,2.93,0,22,38.6,47.1,24,16,4.0,51,1,1.05,24,95.4,0,0,57,47.1,0.0,132.6,0.0,0,0,0,0,6,1,1.8,946,18.5,314,93.3,15,15,4.5,-1.7,1.69,0,0,0.0,93.3,14,1,0.0,15,0,-0.21,2,65.0,0,0,15,53.3,0.0,87.2,0.0,0,0,0,0,0,0,0.0,74,4.9,71.4,14,14,4.2,30.4,2.86,0,7,38.9,71.4,10,1,0.0,14,0,1.85,10,94.0,0,0,18,71.4,0.0,153.3,0.0,0,0,0,0,4,0,0.0,351,25.1,63.6,11,11,3.3,14.1,3.18,0,0,0.0,45.5,5,4,28.6,11,2,-0.18,4,68.7,0,0,11,45.5,0.0,104.9,0.0,0,0,0,0,2,0,0.0,67,6.1,93.9,33,33,9.9,3.6,1.97,0,0,0.0,93.9,31,1,0.0,33,0,0.5,12,71.4,0,0,33,81.8,0.0,108.2,0.0,0,0,0,0,1,0,0.0,249,7.5,63.6,55,55,16.6,13.9,2.85,0,0,0.0,52.7,29,11,17.1,55,6,0.48,28,69.4,0,2,58,52.7,0.0,107.2,0.0,0,0,0,0,5,3,5.2,608,11.1,0,90.9,11,11,3.3,-2.2,1.77,0,0,0.0,90.9,10,1,0.0,11,0,-0.11,2,63.5,0,0,11,36.4,0.0,81.1,0.0,0,0,0,0,0,0,0.0,38,3.5,47.1,17,17,5.1,31.9,2.82,0,7,38.9,41.2,7,7,12.5,17,1,0.96,7,93.1,0,0,18,41.2,0.0,108.1,0.0,0,0,0,0,1,0,0.0,304,17.9,40.0,10,10,3.0,14.6,3.17,0,0,0.0,30.0,3,3,25.0,10,1,0.1,3,44.6,0,1,10,30.0,0.0,9.2,0.0,0,0,0,0,0,1,10.0,52,5.2,81.8,22,22,6.6,3.0,2.0,0,0,0.0,77.3,17,1,5.6,22,1,0.61,6,44.3,0,0,23,68.2,0.0,117.2,0.0,0,0,0,0,1,1,4.3,188,8.5,89.9,138,138,41.6,3.7,2.04,0,0,0.0,87.0,120,15,3.2,138,4,0.55,55,65.6,0,5,141,72.5,0.0,101.0,0.0,0,0,0,0,6,3,2.1,1157,8.4
Jacob Clark,101628,QB,MO STATE,11,340,413,87.2,39,39,11.5,-3.3,2.18,0,0,0.0,87.2,34,8,0.0,39,0,0.07,11,68.0,0,1,39,41.0,0.0,89.6,0.0,0,0,0,0,1,0,0.0,235,6.0,86.2,29,29,8.5,-3.3,2.22,0,0,0.0,86.2,25,5,0.0,29,0,0.18,9,68.4,0,1,29,44.8,0.0,93.8,0.0,0,0,0,0,1,0,0.0,209,7.2,68.4,19,19,5.6,27.5,2.92,0,9,42.9,63.2,12,8,7.7,19,1,1.47,12,94.9,0,1,21,63.2,0.0,120.0,0.0,0,0,0,0,2,2,9.5,418,22.0,63.8,69,69,20.3,13.7,2.72,0,1,1.4,62.3,43,19,2.3,69,1,0.46,37,83.6,0,3,70,59.4,0.0,100.9,0.0,0,0,0,0,4,3,4.3,756,11.0,80.4,97,97,28.5,4.2,2.3,0,0,0.0,73.2,71,22,9.0,97,7,0.12,32,51.7,0,3,104,54.6,0.0,86.8,0.0,0,0,0,0,3,4,3.8,612,6.3,0,56.3,48,48,14.1,26.5,3.08,0,19,34.5,47.9,23,17,14.8,48,4,1.0,23,95.0,0,2,55,47.9,0.0,116.3,0.0,0,0,0,0,7,5,9.1,738,15.4,230,80.0,5,5,1.5,-2.4,2.02,0,0,0.0,80.0,4,1,0.0,5,0,-0.34,1,58.8,0,0,5,20.0,0.0,80.8,0.0,0,0,0,0,0,0,0.0,17,3.4,50.0,16,16,4.7,25.7,3.39,0,7,38.9,37.5,6,5,25.0,16,2,0.68,6,94.9,0,0,18,37.5,0.0,116.1,0.0,0,0,0,0,3,0,0.0,166,10.4,58.3,12,12,3.5,14.6,2.73,0,2,13.3,58.3,7,3,0.0,12,0,0.23,6,57.6,0,2,15,58.3,0.0,84.4,0.0,0,0,0,0,4,1,6.7,97,8.1,89.5,19,19,5.6,4.2,2.52,0,0,0.0,89.5,17,4,0.0,19,0,0.1,5,69.1,0,0,19,52.6,0.0,107.5,0.0,0,0,0,0,1,0,0.0,106,5.6,64.9,97,97,28.5,13.9,2.71,0,4,3.9,63.9,62,23,1.6,97,1,0.53,53,83.6,0,5,103,60.8,0.0,113.3,0.0,0,0,0,0,10,5,4.9,1049,10.8,0,100.0,5,5,1.5,-4.4,2.16,0,0,0.0,100.0,5,2,0.0,5,0,-0.19,1,65.4,0,0,5,40.0,0.0,79.2,0.0,0,0,0,0,0,0,0.0,9,1.8,46.2,13,13,3.8,26.0,2.92,0,3,18.8,38.5,5,4,16.7,13,1,0.7,5,69.9,0,1,16,38.5,0.0,91.0,0.0,0,0,0,0,2,3,18.8,154,11.8,75.0,16,16,4.7,14.4,2.63,0,1,5.6,75.0,12,1,0.0,16,0,1.05,10,84.5,0,0,18,68.8,0.0,155.2,0.0,0,0,0,0,2,1,5.6,196,12.3,77.3,22,22,6.5,4.5,2.46,0,0,0.0,63.6,14,5,17.6,22,3,0.34,4,62.9,0,0,23,45.5,0.0,111.4,0.0,0,0,0,0,2,1,4.3,137,6.2,81.2,138,138,40.6,4.2,2.36,0,0,0.0,73.9,102,31,8.9,138,10,0.15,41,56.3,0,3,146,52.9,0.0,94.9,0.0,0,0,0,0,6,5,3.4,855,6.2
Drew Mestemaker,190616,QB,N TEXAS,12,384,413,94.3,88,88,22.9,-3.1,1.85,0,0,0.0,90.9,80,9,3.6,88,3,0.31,28,69.7,0,0,88,52.3,0.0,127.3,0.0,0,0,0,0,8,0,0.0,641,7.3,94.1,68,68,17.7,-3.3,1.79,0,0,0.0,91.2,62,8,3.1,68,2,0.33,22,68.9,0,0,68,54.4,0.0,127.1,0.0,0,0,0,0,6,0,0.0,507,7.5,52.6,19,19,4.9,34.5,3.29,0,8,36.4,47.4,9,5,10.0,19,1,1.25,9,91.9,0,0,22,52.6,0.0,133.2,0.0,0,0,0,0,4,1,4.5,371,19.5,79.7,64,64,16.7,13.5,2.71,0,4,5.7,76.6,49,13,3.9,64,2,1.24,49,94.9,0,1,70,76.6,0.0,142.7,0.0,0,0,0,0,6,1,1.4,1006,15.7,83.1,83,83,21.6,4.5,2.24,0,0,0.0,77.1,64,17,7.2,83,5,0.37,36,77.6,0,1,87,60.2,0.0,112.8,0.0,0,0,0,0,4,2,2.3,705,8.5,0,50.0,42,42,10.9,31.7,3.33,0,18,36.0,42.9,18,15,14.3,42,3,1.03,18,92.4,0,1,50,45.2,0.0,119.5,0.0,0,0,0,0,7,4,8.0,699,16.6,251,83.3,6,6,1.6,-1.8,1.87,0,0,0.0,83.3,5,1,0.0,6,0,0.32,3,59.8,0,0,6,50.0,0.0,136.1,0.0,0,0,0,0,1,0,0.0,43,7.2,25.0,12,12,3.1,27.3,3.43,0,3,21.4,16.7,2,5,33.3,12,1,-0.23,2,58.8,0,1,14,16.7,0.0,14.6,0.0,0,0,0,0,0,2,14.3,64,5.3,62.5,16,16,4.2,13.3,2.57,0,0,0.0,50.0,8,6,20.0,16,2,0.43,8,78.9,0,0,16,50.0,0.0,98.2,0.0,0,0,0,0,1,0,0.0,129,8.1,66.7,24,24,6.3,5.6,2.21,0,0,0.0,66.7,16,2,0.0,24,0,0.35,10,47.7,0,1,24,62.5,0.0,69.3,0.0,0,0,0,0,0,1,4.2,167,7.0,74.0,100,100,26.0,13.5,2.76,0,6,5.5,69.0,69,24,6.8,100,5,0.95,68,93.5,0,1,109,68.0,0.0,137.5,0.0,0,0,0,0,9,2,1.8,1314,13.1,0,100.0,14,14,3.6,-3.0,2.11,0,0,0.0,92.9,13,0,7.1,14,1,0.21,3,68.7,0,0,14,42.9,,117.6,0.0,0,0,0,0,1,0,0.0,91,6.5,72.7,11,11,2.9,31.7,3.28,0,7,50.0,63.6,7,5,12.5,11,1,2.02,7,94.5,0,0,14,63.6,0.0,146.8,0.0,0,0,0,0,3,1,7.1,264,24.0,65.0,20,20,5.2,14.0,3.08,0,2,8.7,60.0,12,5,7.7,20,1,0.42,11,71.2,0,0,23,55.0,0.0,122.7,0.0,0,0,0,0,2,1,4.3,179,9.0,89.7,29,29,7.6,4.0,2.43,0,0,0.0,86.2,25,5,3.8,29,1,0.62,15,70.6,0,0,30,62.1,0.0,122.8,0.0,0,0,0,0,1,0,0.0,311,10.7,81.6,136,136,35.4,4.6,2.28,0,0,0.0,77.2,105,24,5.4,136,6,0.42,61,71.8,0,2,141,61.0,0.0,108.8,0.0,0,0,0,0,5,3,2.1,1183,8.7
Carson Beck,124010,QB,MIAMI FL,13,373,411,98.0,99,99,26.5,-2.9,1.42,0,0,0.0,94.9,94,1,3.1,99,3,0.12,25,74.5,0,0,100,44.4,0.0,99.2,0.0,0,0,0,0,2,0,0.0,612,6.2,97.5,79,79,21.2,-3.0,1.37,0,0,0.0,94.9,75,0,2.6,79,2,0.11,21,73.4,0,0,79,44.3,,100.0,0.0,0,0,0,0,2,0,0.0,472,6.0,50.0,20,20,5.4,30.7,3.03,0,4,19.0,45.0,9,7,10.0,20,1,0.31,9,74.7,0,5,21,45.0,0.0,91.7,0.0,0,0,0,0,5,4,19.0,293,14.7,54.3,46,46,12.3,13.6,2.68,0,0,0.0,52.2,24,8,4.0,46,1,0.43,23,71.8,0,1,51,50.0,0.0,88.0,0.0,0,0,0,0,1,2,3.9,489,10.6,90.7,107,107,28.7,3.8,2.29,0,0,0.0,83.2,89,8,8.2,107,8,0.39,46,73.5,0,2,109,69.2,0.0,109.9,0.0,0,0,0,0,6,2,1.8,831,7.8,0,53.1,49,49,13.1,29.6,2.8,0,12,23.1,51.0,25,11,3.8,49,1,0.83,25,86.9,0,6,52,51.0,0.0,96.7,0.0,0,0,0,0,12,5,9.6,756,15.4,220,100.0,4,4,1.1,-2.8,2.0,0,0,0.0,100.0,4,1,0.0,4,0,0.15,1,64.7,0,0,4,50.0,0.0,89.6,0.0,0,0,0,0,0,0,0.0,22,5.5,66.7,15,15,4.0,30.9,2.77,0,6,37.5,66.7,10,2,0.0,15,0,1.54,10,92.7,0,1,16,66.7,0.0,121.5,0.0,0,0,0,0,4,1,6.3,309,20.6,55.6,9,9,2.4,14.3,2.42,0,1,10.0,55.6,5,2,0.0,9,0,1.06,5,71.6,0,0,10,77.8,0.0,117.4,0.0,0,0,0,0,1,0,0.0,69,7.7,100.0,19,19,5.1,4.2,2.11,0,0,0.0,94.7,18,1,5.3,19,1,0.58,8,71.9,0,0,19,84.2,0.0,102.0,0.0,0,0,0,0,0,0,0.0,161,8.5,57.4,68,68,18.2,13.6,2.64,0,2,2.6,55.9,38,10,2.6,68,1,0.67,37,78.4,0,1,76,57.4,0.0,108.6,0.0,0,0,0,0,5,2,2.6,678,10.0,0,100.0,16,16,4.3,-2.7,1.55,0,0,0.0,93.8,15,0,6.3,16,1,0.15,3,69.4,0,0,17,43.8,,97.4,0.0,0,0,0,0,0,0,0.0,118,7.4,42.9,14,14,3.8,26.7,2.52,0,2,13.3,42.9,6,2,0.0,14,0,0.82,6,65.1,0,0,15,42.9,0.0,123.2,0.0,0,0,0,0,3,0,0.0,154,11.0,69.2,13,13,3.5,13.2,2.67,0,1,6.7,69.2,9,0,0.0,13,0,1.24,9,83.0,0,0,15,69.2,,137.8,0.0,0,0,0,0,3,0,0.0,120,9.2,73.7,19,19,5.1,4.0,2.55,0,0,0.0,68.4,13,5,7.1,19,1,0.28,8,57.5,0,1,20,68.4,0.0,84.8,0.0,0,0,0,0,1,0,0.0,137,7.2,89.7,145,145,38.9,3.9,2.3,0,0,0.0,82.8,120,14,7.7,145,10,0.4,62,72.7,0,3,148,71.0,0.0,106.6,0.0,0,0,0,0,7,2,1.4,1129,7.8
Ta'Quan Roberson,101625,QB,BUFFALO,11,362,411,89.5,38,38,10.5,-3.0,1.89,0,0,0.0,84.2,32,2,5.9,38,2,-0.4,4,53.4,0,0,38,18.4,0.0,79.2,0.0,0,0,0,0,0,1,2.6,111,2.9,93.3,30,30,8.3,-3.1,1.78,0,0,0.0,90.0,27,1,3.6,30,1,-0.36,4,51.5,0,0,30,20.0,0.0,80.4,0.0,0,0,0,0,0,1,3.3,99,3.3,45.0,20,20,5.5,31.4,2.95,0,5,25.0,40.0,8,5,11.1,20,1,0.3,8,59.0,0,3,20,40.0,0.0,64.6,0.0,0,0,0,0,1,3,15.0,286,14.3,67.5,40,40,11.0,14.1,2.69,0,2,4.9,60.0,24,8,11.1,40,3,0.55,24,64.2,0,2,41,57.5,0.0,102.4,0.0,0,0,0,0,3,6,14.6,443,11.1,81.8,88,88,24.3,4.6,2.31,0,0,0.0,77.3,68,20,5.6,88,4,0.18,30,68.6,0,2,91,58.0,0.0,95.1,0.0,0,0,0,0,3,1,1.1,564,6.4,0,41.8,67,67,18.5,30.6,2.8,0,21,28.0,37.3,25,20,10.7,67,3,0.4,25,84.1,0,4,75,37.3,0.0,93.9,0.0,0,0,0,0,7,5,6.7,817,12.2,126,100.0,2,2,0.6,-1.5,3.55,0,0,0.0,50.0,1,1,50.0,2,1,-0.71,0,62.7,0,0,2,0.0,0.0,56.3,0.0,0,0,0,0,0,0,0.0,3,1.5,26.3,19,19,5.2,28.4,2.6,0,3,13.6,26.3,5,6,0.0,19,0,0.09,5,51.9,0,1,22,26.3,0.0,76.9,0.0,0,0,0,0,2,2,9.1,167,8.8,60.0,15,15,4.1,14.3,2.56,0,3,16.7,60.0,9,2,0.0,15,0,0.65,9,91.9,0,0,18,60.0,0.0,128.3,0.0,0,0,0,0,2,0,0.0,132,8.8,64.0,25,25,6.9,5.2,2.23,0,0,0.0,64.0,16,5,0.0,25,0,-0.22,8,33.2,0,1,28,56.0,0.0,61.8,0.0,0,0,0,0,0,3,10.7,138,5.5,57.5,73,73,20.2,14.4,2.72,0,6,7.8,50.7,37,18,11.9,73,5,0.39,36,72.2,0,4,77,47.9,0.0,84.3,0.0,0,0,0,0,6,6,7.8,621,8.5,0,66.7,6,6,1.7,-3.2,1.87,0,0,0.0,66.7,4,0,0.0,6,0,-0.47,0,59.9,0,0,6,16.7,,70.1,0.0,0,0,0,0,0,0,0.0,9,1.5,50.0,28,28,7.7,31.5,2.84,0,13,39.4,42.9,12,9,14.3,28,2,0.69,12,94.9,0,0,33,42.9,0.0,129.5,0.0,0,0,0,0,4,0,0.0,364,13.0,33.3,18,18,5.0,15.4,2.91,0,1,5.6,22.2,4,8,33.3,18,2,-0.17,3,50.7,0,2,18,16.7,0.0,18.5,0.0,0,0,0,0,1,0,0.0,46,2.6,82.9,35,35,9.7,5.0,2.02,0,0,0.0,80.0,28,5,3.4,35,1,0.18,11,54.8,0,1,35,60.0,0.0,95.2,0.0,0,0,0,0,1,1,2.9,260,7.4,79.1,148,148,40.9,4.8,2.23,0,0,0.0,75.7,112,30,4.3,148,5,0.11,49,56.3,0,4,154,58.1,0.0,90.0,0.0,0,0,0,0,4,5,3.2,962,6.5
Nicholas Vattiato,145302,QB,MIDDLE TN,9,360,410,91.8,61,61,16.9,-3.2,1.73,0,0,0.0,88.5,54,2,3.6,61,2,-0.07,12,68.1,0,0,62,45.9,0.0,91.3,0.0,0,0,0,0,1,0,0.0,281,4.6,92.7,41,41,11.4,-3.7,1.71,0,0,0.0,87.8,36,2,5.3,41,2,-0.05,8,66.8,0,0,42,43.9,0.0,95.7,0.0,0,0,0,0,1,0,0.0,206,5.0,30.0,10,10,2.8,34.6,2.83,0,2,18.2,30.0,3,2,0.0,10,0,-0.03,3,53.8,0,2,11,30.0,0.0,78.3,0.0,0,0,0,0,2,1,9.1,123,12.3,59.5,42,42,11.7,14.0,2.64,0,1,2.2,52.4,22,10,12.0,42,3,0.13,20,90.2,0,1,45,52.4,0.0,83.5,0.0,0,0,0,0,2,0,0.0,321,7.6,75.7,115,115,31.9,4.0,2.19,0,0,0.0,68.7,79,19,9.2,115,8,0.25,41,61.0,0,2,121,59.1,0.0,101.7,0.0,0,0,0,0,7,3,2.5,810,7.0,0,32.4,34,34,9.4,30.4,2.73,0,7,17.1,26.5,9,6,18.2,34,2,0.19,9,59.2,0,2,41,26.5,0.0,61.8,0.0,0,0,0,0,2,2,4.9,323,9.5,224,87.5,16,16,4.4,-2.5,1.63,0,0,0.0,87.5,14,0,0.0,16,0,-0.2,3,65.4,0,0,16,50.0,,81.3,0.0,0,0,0,0,0,0,0.0,56,3.5,45.5,11,11,3.1,27.7,2.9,0,4,30.8,36.4,4,0,20.0,11,1,0.66,4,77.0,0,0,13,36.4,,80.9,0.0,0,0,0,0,0,1,7.7,128,11.6,81.8,11,11,3.1,14.9,2.55,0,0,0.0,63.6,7,1,22.2,11,2,0.51,7,91.9,0,0,12,63.6,0.0,131.3,0.0,0,0,0,0,1,0,0.0,121,11.0,70.6,34,34,9.4,4.4,2.06,0,0,0.0,67.6,23,3,4.2,34,1,-0.17,6,54.8,0,1,35,38.2,0.0,82.1,0.0,0,0,0,0,2,1,2.9,133,3.9,58.7,63,63,17.5,13.9,2.7,0,1,1.5,50.8,32,14,13.5,63,5,0.02,30,90.0,0,2,67,50.8,0.0,83.5,0.0,0,0,0,0,4,1,1.5,471,7.5,0,100.0,4,4,1.1,-1.8,2.35,0,0,0.0,100.0,4,0,0.0,4,0,0.23,1,64.7,0,0,4,50.0,,86.5,0.0,0,0,0,0,0,0,0.0,19,4.8,23.1,13,13,3.6,29.5,2.51,0,1,5.9,15.4,2,4,33.3,13,1,-0.03,2,48.9,0,0,17,15.4,0.0,50.2,0.0,0,0,0,0,0,0,0.0,72,5.5,30.0,10,10,2.8,12.3,3.12,0,0,0.0,30.0,3,3,0.0,10,0,-0.98,3,46.7,0,1,10,30.0,0.0,33.3,0.0,0,0,0,0,1,1,10.0,29,2.9,88.0,25,25,6.9,5.4,2.49,0,0,0.0,84.0,21,3,4.5,25,1,0.17,6,72.5,0,0,25,68.0,0.0,89.5,0.0,0,0,0,0,0,0,0.0,137,5.5,76.4,174,174,48.3,4.3,2.21,0,0,0.0,70.7,123,25,7.5,174,10,0.16,53,62.3,0,3,181,56.3,0.0,96.9,0.0,0,0,0,0,9,4,2.2,1080,6.2
Jake Retzlaff,70874,QB,TULANE,13,371,409,88.6,70,70,18.9,-3.2,1.77,0,0,0.0,81.4,57,10,8.1,70,5,-0.1,13,65.6,0,0,71,38.6,0.0,94.9,0.0,0,0,0,0,2,0,0.0,315,4.5,85.7,42,42,11.3,-3.3,1.62,0,0,0.0,83.3,35,5,2.8,42,1,-0.06,9,63.4,0,0,42,40.5,0.0,97.9,0.0,0,0,0,0,1,0,0.0,235,5.6,38.9,18,18,4.9,33.1,3.19,0,6,31.6,38.9,7,4,0.0,18,0,0.72,7,56.1,0,3,19,38.9,0.0,86.6,0.0,0,0,0,0,4,5,26.3,380,21.1,73.0,74,74,19.9,13.7,2.8,0,1,1.3,67.6,50,21,7.4,74,4,0.56,47,91.2,0,2,77,67.6,0.0,107.4,0.0,0,0,0,0,3,4,5.2,830,11.2,74.7,87,87,23.5,4.3,2.27,0,0,0.0,62.1,54,21,16.9,87,11,0.05,30,54.4,0,1,88,55.2,0.0,81.4,0.0,0,0,0,0,2,4,4.5,516,5.9,0,43.9,41,41,11.1,28.8,3.18,0,10,22.7,41.5,17,11,5.6,41,1,0.58,17,65.0,0,4,44,41.5,0.0,88.7,0.0,0,0,0,0,6,8,18.2,646,15.8,319,94.7,19,19,5.1,-3.1,1.72,0,0,0.0,84.2,16,3,11.1,19,2,-0.19,2,66.9,0,0,20,31.6,0.0,79.8,0.0,0,0,0,0,0,0,0.0,60,3.2,45.5,11,11,3.0,25.1,3.11,0,1,7.7,45.5,5,2,0.0,11,0,0.54,5,58.9,0,0,13,45.5,0.0,117.2,0.0,0,0,0,0,1,1,7.7,124,11.3,60.9,23,23,6.2,13.7,3.07,0,0,0.0,52.2,12,7,14.3,23,2,0.33,11,68.7,0,0,27,52.2,0.0,85.4,0.0,0,0,0,0,0,1,3.7,220,9.6,75.0,12,12,3.2,5.0,2.27,0,0,0.0,66.7,8,5,11.1,12,1,0.46,4,56.0,0,0,14,58.3,0.0,93.1,0.0,0,0,0,0,0,0,0.0,102,8.5,70.8,120,120,32.3,13.8,2.9,0,2,1.6,63.3,76,35,10.6,120,9,0.58,72,91.4,0,2,127,63.3,0.0,106.4,0.0,0,0,0,0,5,5,3.9,1284,10.7,0,88.9,9,9,2.4,-2.9,2.6,0,0,0.0,66.7,6,2,25.0,9,2,-0.09,2,62.2,0,0,9,44.4,0.0,107.2,0.0,0,0,0,0,1,0,0.0,20,2.2,50.0,12,12,3.2,25.7,3.23,0,3,25.0,41.7,5,5,16.7,12,1,0.4,5,79.2,0,1,12,41.7,0.0,79.2,0.0,0,0,0,0,1,2,16.7,142,11.8,73.9,23,23,6.2,14.2,3.05,0,1,4.3,60.9,14,7,17.6,23,3,0.92,14,91.1,0,0,23,60.9,0.0,124.2,0.0,0,0,0,0,2,0,0.0,234,10.2,86.4,22,22,5.9,6.1,2.63,0,0,0.0,72.7,16,2,15.8,22,3,0.58,11,89.0,0,0,23,72.7,0.0,90.9,0.0,0,0,0,0,0,0,0.0,149,6.8,76.9,121,121,32.6,4.7,2.34,0,0,0.0,64.5,78,28,16.1,121,15,0.19,45,64.0,0,1,125,58.7,0.0,84.3,0.0,0,0,0,0,2,4,3.2,767,6.3
Anthony Colandrea,170131,QB,UNLV,12,350,407,93.4,76,76,21.7,-3.3,1.87,0,0,0.0,92.1,70,7,1.4,76,1,-0.04,19,69.9,0,0,77,47.4,0.0,89.1,0.0,0,0,0,0,0,0,0.0,409,5.4,93.1,58,58,16.6,-3.6,1.96,0,0,0.0,91.4,53,5,1.9,58,1,-0.01,16,67.9,0,0,59,50.0,0.0,91.9,0.0,0,0,0,0,0,0,0.0,351,6.1,54.2,24,24,6.9,32.9,3.17,0,7,28.0,50.0,12,7,7.7,24,1,1.25,12,90.4,0,1,25,50.0,0.0,118.1,0.0,0,0,0,0,4,2,8.0,547,22.8,83.8,37,37,10.6,13.7,2.97,0,1,2.5,81.1,30,7,3.2,37,1,1.6,30,93.9,0,0,40,81.1,0.0,157.6,0.0,0,0,0,0,8,1,2.5,456,12.3,76.6,64,64,18.3,4.5,2.47,0,0,0.0,73.4,47,23,4.1,64,2,0.19,28,68.0,0,1,64,57.8,0.0,102.3,0.0,0,0,0,0,3,1,1.6,460,7.2,0,47.7,65,65,18.6,30.7,3.09,0,22,28.9,38.5,25,18,19.4,65,6,0.77,25,92.4,0,3,76,40.0,0.0,102.9,0.0,0,0,0,0,7,5,6.6,1046,16.1,325,88.9,9,9,2.6,-2.2,1.67,0,0,0.0,88.9,8,2,0.0,9,0,-0.34,0,67.3,0,0,9,33.3,0.0,79.2,0.0,0,0,0,0,0,0,0.0,27,3.0,40.9,22,22,6.3,30.3,3.05,0,8,29.6,27.3,6,7,33.3,22,3,0.15,6,85.3,0,1,27,27.3,0.0,45.8,0.0,0,0,0,0,0,1,3.7,199,9.0,66.7,15,15,4.3,14.4,2.9,0,0,0.0,66.7,10,3,0.0,15,0,0.69,10,81.2,0,1,17,66.7,0.0,115.8,0.0,0,0,0,0,2,0,0.0,167,11.1,88.2,17,17,4.9,4.5,2.0,0,0,0.0,82.4,14,1,6.7,17,1,-0.14,3,78.1,0,1,17,58.8,0.0,69.1,0.0,0,0,0,0,0,0,0.0,110,6.5,72.9,70,70,20.0,14.2,3.03,0,2,2.6,70.0,49,16,3.9,70,2,1.01,49,91.9,0,2,76,70.0,0.0,134.2,0.0,0,0,0,0,10,2,2.6,775,11.1,0,100.0,9,9,2.6,-2.2,1.46,0,0,0.0,100.0,9,0,0.0,9,0,0.04,3,67.2,0,0,9,44.4,,81.0,0.0,0,0,0,0,0,0,0.0,31,3.4,47.4,19,19,5.4,28.3,3.02,0,7,29.2,36.8,7,4,22.2,19,2,0.88,7,90.7,0,1,24,42.1,0.0,102.5,0.0,0,0,0,0,3,2,8.3,300,15.8,55.6,18,18,5.1,15.0,3.27,0,1,5.3,50.0,9,6,10.0,18,1,0.06,9,65.4,0,1,19,50.0,0.0,55.8,0.0,0,0,0,0,0,1,5.3,152,8.4,87.8,41,41,11.7,5.3,2.59,0,0,0.0,80.5,33,8,8.3,41,3,0.17,11,64.6,0,1,45,70.7,0.0,97.5,0.0,0,0,0,0,2,1,2.2,243,5.9,82.0,122,122,34.9,4.7,2.44,0,0,0.0,77.0,94,32,6.0,122,6,0.13,42,70.8,0,3,126,62.3,0.0,97.5,0.0,0,0,0,0,5,2,1.6,813,6.7
Nico Iamaleava,174728,QB,UCLA,11,329,406,95.8,48,48,14.6,-2.9,2.09,0,0,0.0,95.8,46,12,0.0,48,0,-0.15,9,71.3,0,1,49,45.8,0.0,87.0,0.0,0,0,0,0,1,0,0.0,254,5.3,94.9,39,39,11.9,-2.9,2.06,0,0,0.0,94.9,37,11,0.0,39,0,-0.16,7,70.2,0,1,39,43.6,0.0,88.6,0.0,0,0,0,0,1,0,0.0,225,5.8,50.0,12,12,3.6,28.9,3.13,0,3,25.0,33.3,4,4,33.3,12,2,-0.01,4,81.9,0,0,12,33.3,0.0,105.9,0.0,0,0,0,0,2,0,0.0,105,8.8,62.0,50,50,15.2,13.7,2.86,0,0,0.0,58.0,29,16,6.5,50,2,0.52,28,72.4,0,3,54,56.0,0.0,82.2,0.0,0,0,0,0,3,4,7.4,442,8.8,86.3,102,102,31.0,3.8,2.34,0,0,0.0,84.3,86,27,2.3,102,2,0.17,35,67.6,0,1,105,59.8,0.0,104.6,0.0,0,0,0,0,5,1,1.0,629,6.2,0,29.0,31,31,9.4,27.9,2.99,0,6,17.1,19.4,6,9,33.3,31,3,-0.5,6,63.5,0,1,35,19.4,0.0,57.1,0.0,0,0,0,0,2,1,2.9,163,5.3,324,100.0,5,5,1.5,-3.8,2.46,0,0,0.0,100.0,5,1,0.0,5,0,-0.47,0,66.0,0,0,6,20.0,0.0,79.2,0.0,0,0,0,0,0,0,0.0,7,1.4,0.0,7,7,2.1,27.1,2.61,0,0,0.0,0.0,0,2,,7,0,-1.0,0,36.2,0,0,10,0.0,0.0,39.6,0.0,0,0,0,0,0,0,0.0,0,0.0,52.9,17,17,5.2,14.6,2.86,0,3,17.6,47.1,8,6,11.1,17,1,0.4,8,86.4,0,0,17,47.1,0.0,78.1,0.0,0,0,0,0,0,0,0.0,150,8.8,76.0,25,25,7.6,4.6,2.06,0,0,0.0,72.0,18,5,5.3,25,1,-0.24,7,43.3,0,1,26,56.0,0.0,79.6,0.0,0,0,0,0,1,1,3.8,125,5.0,59.7,77,77,23.4,14.0,2.88,0,3,3.6,55.8,43,26,6.5,77,3,0.51,42,79.0,0,3,83,54.5,0.0,87.7,0.0,0,0,0,0,4,4,4.8,703,9.1,0,100.0,4,4,1.2,-2.0,1.95,0,0,0.0,100.0,4,0,0.0,4,0,0.4,2,64.7,0,0,4,100.0,,89.6,0.0,0,0,0,0,0,0,0.0,22,5.5,25.0,12,12,3.6,27.3,3.08,0,3,23.1,16.7,2,3,33.3,12,1,-0.7,2,66.2,0,1,13,16.7,0.0,12.5,0.0,0,0,0,0,0,1,7.7,58,4.8,60.0,10,10,3.0,14.1,3.04,0,0,0.0,60.0,6,4,0.0,10,0,0.64,6,67.8,0,0,12,60.0,0.0,131.7,0.0,0,0,0,0,1,0,0.0,111,11.1,76.5,17,17,5.2,4.3,2.16,0,0,0.0,64.7,11,4,15.4,17,2,-0.08,4,66.9,0,0,18,41.2,0.0,72.4,0.0,0,0,0,0,0,0,0.0,67,3.9,83.3,144,144,43.8,4.0,2.27,0,0,0.0,79.9,115,36,4.2,144,5,0.07,46,62.7,0,2,149,56.9,0.0,98.5,0.0,0,0,0,0,6,2,1.3,821,5.7
Diego Pavia,156927,QB,VANDERBILT,12,340,406,100.0,57,57,16.8,-3.2,1.87,0,0,0.0,98.2,56,7,1.8,57,1,0.44,20,73.4,0,0,57,61.4,0.0,112.4,0.0,0,0,0,0,3,0,0.0,385,6.8,100.0,48,48,14.1,-3.2,1.76,0,0,0.0,97.9,47,4,2.1,48,1,0.48,17,72.7,0,0,48,60.4,0.0,116.8,0.0,0,0,0,0,3,0,0.0,338,7.0,53.3,15,15,4.4,32.5,3.13,0,6,33.3,40.0,6,6,25.0,15,2,0.64,6,90.1,0,1,18,40.0,0.0,99.3,0.0,0,0,0,0,4,1,5.6,214,14.3,77.1,48,48,14.1,13.3,2.66,0,1,2.0,68.8,33,13,10.8,48,4,0.66,32,91.0,0,3,50,64.6,0.0,122.1,0.0,0,0,0,0,6,2,4.0,567,11.8,90.1,71,71,20.9,4.6,2.4,0,0,0.0,87.3,62,17,3.1,71,2,0.81,43,87.6,0,1,72,78.9,0.0,116.9,0.0,0,0,0,0,3,0,0.0,716,10.1,0,49.0,49,49,14.4,30.7,3.0,0,22,36.7,38.8,19,18,20.8,49,5,0.72,19,94.1,0,3,60,38.8,0.0,100.6,0.0,0,0,0,0,10,5,8.3,739,15.1,333,100.0,4,4,1.2,-2.8,2.35,0,0,0.0,100.0,4,2,0.0,4,0,0.27,1,64.8,0,0,4,75.0,0.0,89.6,0.0,0,0,0,0,0,0,0.0,22,5.5,60.0,15,15,4.4,31.0,2.84,0,8,44.4,53.3,8,6,11.1,15,1,1.5,8,94.7,0,1,18,53.3,0.0,110.4,0.0,0,0,0,0,4,2,11.1,329,21.9,42.9,7,7,2.1,14.1,2.27,0,1,11.1,42.9,3,0,0.0,7,0,0.11,3,66.4,0,0,9,42.9,,109.5,0.0,0,0,0,0,1,0,0.0,54,7.7,86.2,29,29,8.5,4.8,2.42,0,0,0.0,82.8,24,4,4.0,29,1,0.62,15,73.7,0,0,30,72.4,0.0,123.6,0.0,0,0,0,0,2,1,3.3,236,8.1,70.3,74,74,21.8,13.4,2.67,0,3,3.8,63.5,47,19,9.6,74,5,0.59,46,88.9,0,4,79,60.8,0.0,114.5,0.0,0,0,0,0,8,4,5.1,817,11.0,0,100.0,5,5,1.5,-3.0,2.6,0,0,0.0,100.0,5,1,0.0,5,0,0.22,2,65.5,0,0,5,60.0,0.0,87.5,0.0,0,0,0,0,0,0,0.0,25,5.0,36.8,19,19,5.6,29.1,3.03,0,8,33.3,26.3,5,6,28.6,19,2,0.17,5,87.1,0,1,24,26.3,0.0,83.2,0.0,0,0,0,0,2,2,8.3,196,10.3,63.2,19,19,5.6,13.3,2.84,0,1,5.0,57.9,11,6,8.3,19,1,0.58,11,70.1,0,1,20,57.9,0.0,88.9,0.0,0,0,0,0,1,2,10.0,196,10.3,87.5,40,40,11.8,4.8,2.67,0,0,0.0,85.0,34,9,2.9,40,1,0.44,15,73.3,0,0,45,65.0,0.0,104.9,0.0,0,0,0,0,1,0,0.0,287,7.2,88.6,140,140,41.2,4.7,2.48,0,0,0.0,85.7,120,30,3.2,140,4,0.67,73,85.6,0,1,147,73.6,0.0,114.9,0.0,0,0,0,0,6,1,0.7,1239,8.9
Byrum Brown,156206,QB,USF,12,342,405,95.2,62,62,18.1,-2.6,1.78,0,0,0.0,87.1,54,2,8.5,62,5,0.19,14,69.6,0,1,63,54.8,0.0,103.2,0.0,0,0,0,0,3,0,0.0,404,6.5,95.5,44,44,12.9,-2.9,1.84,0,0,0.0,86.4,38,2,9.5,44,4,0.32,12,68.9,0,1,45,56.8,0.0,109.8,0.0,0,0,0,0,3,0,0.0,316,7.2,57.1,21,21,6.1,32.5,3.64,0,7,26.9,42.9,9,5,25.0,21,3,0.76,9,90.5,0,0,26,42.9,0.0,121.6,0.0,0,0,0,0,2,1,3.8,319,15.2,64.7,34,34,9.9,12.6,3.1,0,0,0.0,61.8,21,12,4.5,34,1,0.51,19,87.0,0,2,41,61.8,0.0,115.4,0.0,0,0,0,0,7,2,4.9,382,11.2,79.7,79,79,23.1,4.6,2.56,0,0,0.0,70.9,56,16,11.1,79,7,0.12,28,70.1,0,2,82,53.2,0.0,83.8,0.0,0,0,0,0,2,1,1.2,469,5.9,0,56.9,58,58,17.0,32.1,3.45,0,19,27.9,51.7,30,14,9.1,58,3,1.34,30,93.4,0,1,68,51.7,0.0,129.7,0.0,0,0,0,0,10,2,2.9,1167,20.1,327,100.0,10,10,2.9,-2.3,1.67,0,0,0.0,100.0,10,0,0.0,10,0,-0.15,1,63.0,0,0,10,50.0,,83.8,0.0,0,0,0,0,0,0,0.0,41,4.1,46.7,15,15,4.4,33.1,3.63,0,4,25.0,46.7,7,7,0.0,15,0,0.96,7,89.9,0,1,16,46.7,0.0,104.9,0.0,0,0,0,0,2,1,6.3,281,18.7,55.6,18,18,5.3,14.2,3.17,0,1,5.6,50.0,9,4,10.0,18,1,0.14,9,70.8,0,1,18,50.0,0.0,112.3,0.0,0,0,0,0,3,1,5.6,225,12.5,78.0,41,41,12.0,4.0,2.45,0,0,0.0,63.4,26,2,18.8,41,6,-0.09,8,68.7,0,0,42,46.3,0.0,74.1,0.0,0,0,0,0,0,0,0.0,189,4.6,61.3,62,62,18.1,13.4,3.1,0,2,2.9,58.1,36,16,5.3,62,2,0.4,34,89.0,0,3,69,58.1,0.0,116.7,0.0,0,0,0,0,12,3,4.3,696,11.2,0,87.5,8,8,2.3,-1.5,1.6,0,0,0.0,75.0,6,0,14.3,8,1,-0.09,1,66.8,0,0,8,50.0,,89.1,0.0,0,0,0,0,0,0,0.0,47,5.9,63.6,22,22,6.4,31.0,3.14,0,8,30.8,63.6,14,2,0.0,22,0,2.15,14,91.7,0,0,26,63.6,0.0,146.8,0.0,0,0,0,0,6,0,0.0,567,25.8,60.0,10,10,2.9,14.5,2.96,0,1,10.0,60.0,6,0,0.0,10,0,0.52,6,87.3,0,0,10,60.0,,128.8,0.0,0,0,0,0,2,0,0.0,89,8.9,88.5,26,26,7.6,4.7,2.33,0,0,0.0,88.5,23,1,0.0,26,0,0.45,11,75.2,0,0,27,73.1,0.0,112.5,0.0,0,0,0,0,1,1,3.7,206,7.9,80.8,146,146,42.7,4.5,2.49,0,0,0.0,71.9,105,19,11.0,146,13,0.12,47,73.7,0,2,151,54.8,0.0,87.8,0.0,0,0,0,0,3,2,1.3,864,5.9
Braylon Braxton,144442,QB,SO MISS,11,350,401,97.6,85,85,24.3,-3.2,1.86,0,0,0.0,97.6,83,11,0.0,85,0,-0.33,12,66.7,0,1,88,36.5,0.0,88.5,0.0,0,0,0,0,2,1,1.1,386,4.5,96.7,60,60,17.1,-3.2,1.68,0,0,0.0,96.7,58,4,0.0,60,0,-0.31,9,62.9,0,1,62,36.7,0.0,91.7,0.0,0,0,0,0,2,1,1.6,300,5.0,79.2,24,24,6.9,32.1,3.16,0,10,37.0,75.0,18,6,5.3,24,1,2.11,18,95.6,0,0,27,75.0,0.0,156.3,0.0,0,0,0,0,6,1,3.7,618,25.8,58.8,34,34,9.7,14.9,2.58,0,2,5.4,55.9,19,7,5.0,34,1,0.49,18,79.6,0,2,37,52.9,0.0,102.8,0.0,0,0,0,0,6,2,5.4,319,9.4,80.6,62,62,17.7,3.9,2.36,0,0,0.0,79.0,49,10,2.0,62,1,0.53,24,61.0,0,1,63,67.7,0.0,101.0,0.0,0,0,0,0,2,2,3.2,451,7.3,0,52.1,71,71,20.3,30.4,2.97,0,23,26.1,47.9,34,13,8.1,71,3,1.06,34,92.5,0,1,88,47.9,0.0,127.8,0.0,0,0,0,0,10,3,3.4,1170,16.5,296,100.0,16,16,4.6,-2.8,2.34,0,0,0.0,100.0,16,7,0.0,16,0,-0.36,2,68.9,0,0,16,37.5,0.0,83.9,0.0,0,0,0,0,0,0,0.0,66,4.1,34.6,26,26,7.4,29.3,2.77,0,5,16.1,30.8,8,1,11.1,26,1,0.3,8,73.8,0,0,31,30.8,0.0,79.0,0.0,0,0,0,0,1,1,3.2,240,9.2,65.0,20,20,5.7,13.9,2.83,0,0,0.0,65.0,13,3,0.0,20,0,0.62,13,76.4,0,1,20,65.0,0.0,113.5,0.0,0,0,0,0,2,1,5.0,215,10.8,75.0,12,12,3.4,4.8,2.88,0,0,0.0,58.3,7,5,22.2,12,2,-0.64,2,73.0,0,1,12,33.3,0.0,31.3,0.0,0,0,0,0,0,0,0.0,44,3.7,54.2,72,72,20.6,14.4,2.88,0,2,2.5,51.4,37,18,5.1,72,2,0.37,36,67.8,0,3,80,50.0,0.0,102.5,0.0,0,0,0,0,9,4,5.0,612,8.5,0,100.0,9,9,2.6,-3.9,2.23,0,0,0.0,100.0,9,0,0.0,9,0,-0.4,1,67.7,0,0,10,33.3,,79.2,0.0,0,0,0,0,0,0,0.0,20,2.2,42.9,21,21,6.0,29.9,3.01,0,8,26.7,38.1,8,6,11.1,21,1,0.81,8,85.3,0,1,30,38.1,0.0,105.7,0.0,0,0,0,0,3,1,3.3,312,14.9,33.3,18,18,5.1,14.1,3.48,0,0,0.0,27.8,5,8,16.7,18,1,-0.15,5,37.2,0,0,23,27.8,0.0,63.7,0.0,0,0,0,0,1,1,4.3,78,4.3,83.3,24,24,6.9,6.0,2.76,0,0,0.0,83.3,20,5,0.0,24,0,0.25,8,74.5,0,0,24,66.7,0.0,91.7,0.0,0,0,0,0,0,0,0.0,144,6.0,80.6,98,98,28.0,4.5,2.52,0,0,0.0,77.6,76,20,3.8,98,3,0.32,34,68.9,0,2,99,63.3,0.0,92.1,0.0,0,0,0,0,2,2,2.0,639,6.5
Trinidad Chambliss,178723,QB,OLE MISS,12,362,398,96.9,64,64,17.7,-3.5,2.17,0,0,0.0,89.1,57,11,8.1,64,5,0.18,17,73.7,0,0,67,53.1,0.0,90.5,0.0,0,0,0,0,0,0,0.0,366,5.7,95.0,40,40,11.0,-3.4,1.97,0,0,0.0,90.0,36,3,5.3,40,2,0.24,12,73.8,0,0,43,52.5,0.0,92.3,0.0,0,0,0,0,0,0,0.0,246,6.2,60.0,15,15,4.1,29.1,2.77,0,8,38.1,53.3,8,3,11.1,15,1,0.5,7,94.1,0,0,21,46.7,0.0,120.8,0.0,0,0,0,0,1,1,4.8,281,18.7,64.2,53,53,14.6,13.4,2.8,0,1,1.9,62.3,33,5,2.9,53,1,0.73,29,77.3,0,0,54,62.3,0.0,127.6,0.0,0,0,0,0,4,4,7.4,617,11.6,80.2,91,91,25.1,5.0,2.09,0,0,0.0,75.8,69,8,5.5,91,4,0.56,49,68.4,0,1,93,69.2,0.0,122.0,0.0,0,0,0,0,7,1,1.1,778,8.5,0,55.8,43,43,11.9,28.6,2.67,0,19,35.2,53.5,23,8,4.2,43,1,0.85,22,94.6,0,2,54,51.2,0.0,118.1,0.0,0,0,0,0,5,2,3.7,819,19.0,226,100.0,16,16,4.4,-3.8,2.22,0,0,0.0,87.5,14,3,12.5,16,2,0.08,2,65.7,0,0,16,56.3,0.0,89.1,0.0,0,0,0,0,0,0,0.0,86,5.4,42.9,14,14,3.9,30.1,2.56,0,5,31.3,42.9,6,3,0.0,14,0,1.07,6,82.2,0,1,16,42.9,0.0,99.7,0.0,0,0,0,0,2,1,6.3,248,17.7,43.8,16,16,4.4,15.6,2.31,0,1,6.3,43.8,7,1,0.0,16,0,0.17,6,66.3,0,0,16,43.8,0.0,99.7,0.0,0,0,0,0,1,0,0.0,155,9.7,88.5,26,26,7.2,4.8,1.73,0,0,0.0,88.5,23,2,0.0,26,0,0.69,10,70.4,0,0,27,69.2,0.0,121.2,0.0,0,0,0,0,1,0,0.0,260,10.0,55.4,83,83,22.9,14.1,2.8,0,3,3.5,54.2,45,11,2.2,83,1,0.53,40,71.6,0,0,86,54.2,0.0,111.3,0.0,0,0,0,0,5,5,5.8,876,10.6,0,100.0,8,8,2.2,-3.5,3.05,0,0,0.0,87.5,7,5,12.5,8,1,0.1,3,66.4,0,0,8,50.0,0.0,84.4,0.0,0,0,0,0,0,0,0.0,34,4.3,64.3,14,14,3.9,26.5,2.67,0,6,35.3,64.3,9,2,0.0,14,0,1.0,9,92.3,0,1,17,64.3,0.0,117.6,0.0,0,0,0,0,2,0,0.0,290,20.7,35.7,14,14,3.9,15.1,3.35,0,1,6.3,35.7,5,5,0.0,14,0,0.15,5,52.0,0,0,16,35.7,0.0,62.8,0.0,0,0,0,0,0,1,6.3,104,7.4,80.0,30,30,8.3,4.2,2.54,0,0,0.0,80.0,24,7,0.0,30,0,0.34,11,63.2,0,0,31,60.0,0.0,105.0,0.0,0,0,0,0,1,0,0.0,196,6.5,81.6,147,147,40.6,4.8,2.11,0,0,0.0,78.9,116,17,3.3,147,4,0.54,70,69.6,0,1,151,67.3,0.0,119.2,0.0,0,0,0,0,9,1,0.7,1234,8.4
Jayden Maiava,158135,QB,USC,12,376,395,91.1,79,79,21.0,-3.3,2.09,0,0,0.0,89.9,71,8,1.4,79,1,0.34,30,66.9,0,0,79,59.5,0.0,111.0,0.0,0,0,0,0,3,1,1.3,600,7.6,91.3,69,69,18.4,-3.4,2.06,0,0,0.0,91.3,63,7,0.0,69,0,0.39,28,66.8,0,0,69,62.3,0.0,114.6,0.0,0,0,0,0,3,1,1.4,554,8.0,55.6,27,27,7.2,29.8,3.21,0,7,21.2,55.6,15,9,0.0,27,0,1.44,15,87.5,0,1,33,55.6,0.0,109.7,0.0,0,0,0,0,2,3,9.1,615,22.8,64.0,50,50,13.3,13.2,2.79,0,4,7.5,62.0,31,17,3.1,50,1,0.53,30,79.2,0,2,53,62.0,0.0,84.3,0.0,0,0,0,0,1,5,9.4,487,9.7,86.3,80,80,21.3,4.9,2.3,0,0,0.0,80.0,64,14,7.2,80,5,0.44,31,77.1,0,1,84,63.8,0.0,119.5,0.0,0,0,0,0,6,2,2.4,635,7.9,0,52.2,67,67,17.8,28.0,3.17,0,19,23.5,50.7,34,25,2.9,67,1,1.16,34,92.5,0,2,81,50.7,0.0,113.9,0.0,0,0,0,0,6,4,4.9,1220,18.2,326,80.0,5,5,1.3,-2.6,2.94,0,0,0.0,60.0,3,1,25.0,5,1,-0.18,1,58.8,0,0,5,20.0,0.0,66.3,0.0,0,0,0,0,0,0,0.0,17,3.4,46.7,15,15,4.0,25.8,2.67,0,5,27.8,40.0,6,4,14.3,15,1,1.05,6,90.3,0,0,18,40.0,0.0,127.1,0.0,0,0,0,0,2,0,0.0,189,12.6,64.3,14,14,3.7,13.4,3.45,0,1,6.3,64.3,9,6,0.0,14,0,0.69,9,86.9,0,0,16,64.3,0.0,132.4,0.0,0,0,0,0,2,0,0.0,125,8.9,77.8,18,18,4.8,4.8,2.62,0,0,0.0,61.1,11,3,21.4,18,3,0.03,8,50.3,0,1,18,55.6,0.0,56.7,0.0,0,0,0,0,0,2,11.1,116,6.4,63.2,87,87,23.1,13.3,3.16,0,6,6.2,59.8,52,32,5.5,87,3,0.55,51,83.2,0,3,97,59.8,0.0,98.3,0.0,0,0,0,0,6,6,6.2,789,9.1,0,100.0,5,5,1.3,-2.4,1.66,0,0,0.0,100.0,5,0,0.0,5,0,0.12,1,65.4,0,0,5,60.0,,90.8,0.0,0,0,0,0,0,0,0.0,29,5.8,52.0,25,25,6.6,27.4,3.44,0,7,23.3,52.0,13,12,0.0,25,0,0.92,13,90.8,0,1,30,52.0,0.0,107.5,0.0,0,0,0,0,2,1,3.3,416,16.6,60.9,23,23,6.1,13.5,3.8,0,1,3.6,52.2,12,9,14.3,23,2,0.5,12,70.5,0,1,28,52.2,0.0,99.1,0.0,0,0,0,0,3,1,3.6,177,7.7,64.0,25,25,6.6,3.9,3.46,0,0,0.0,60.0,15,9,6.3,25,1,-0.2,4,58.1,0,1,26,40.0,0.0,74.6,0.0,0,0,0,0,2,1,3.8,71,2.8,80.5,123,123,32.7,4.7,2.59,0,0,0.0,73.2,90,26,9.1,123,9,0.25,43,69.7,0,3,128,57.7,0.0,102.4,0.0,0,0,0,0,8,5,3.9,822,6.7
Chandler Morris,122938,QB,VIRGINIA,12,358,395,95.8,72,72,20.1,-3.0,1.78,0,0,0.0,84.7,61,11,11.6,72,8,-0.3,14,71.5,0,1,73,38.9,0.0,80.9,0.0,0,0,0,0,1,0,0.0,266,3.7,94.8,58,58,16.2,-3.2,1.75,0,0,0.0,82.8,48,10,12.7,58,7,-0.39,10,70.3,0,1,59,32.8,0.0,74.4,0.0,0,0,0,0,0,0,0.0,208,3.6,35.7,14,14,3.9,29.4,2.95,0,4,26.7,35.7,5,7,0.0,14,0,0.64,5,80.5,0,0,15,35.7,0.0,107.7,0.0,0,0,0,0,1,0,0.0,215,15.4,61.4,57,57,15.9,14.5,3.04,0,2,3.5,59.6,34,16,2.9,57,1,0.76,32,83.4,0,1,57,59.6,0.0,120.9,0.0,0,0,0,0,5,3,5.3,646,11.3,86.0,86,86,24.0,3.5,2.43,0,0,0.0,79.1,68,18,8.1,86,6,0.24,26,73.5,0,0,88,61.6,0.0,101.5,0.0,0,0,0,0,2,1,1.1,559,6.5,0,34.2,38,38,10.6,27.1,3.21,0,9,21.4,31.6,12,15,7.7,38,1,0.11,12,69.2,0,3,42,31.6,0.0,58.7,0.0,0,0,0,0,2,3,7.1,416,10.9,335,100.0,3,3,0.8,-2.3,2.33,0,0,0.0,100.0,3,0,0.0,3,0,0.13,1,63.9,0,0,3,66.7,,87.5,0.0,0,0,0,0,0,0,0.0,15,5.0,0.0,5,5,1.4,25.2,4.2,0,0,0.0,0.0,0,3,,5,0,-1.61,0,27.7,0,2,7,0.0,0.0,0.0,0.0,0,0,0,0,0,1,14.3,0,0.0,43.8,16,16,4.5,14.9,2.94,0,2,11.1,43.8,7,7,0.0,16,0,0.3,7,69.3,0,0,18,43.8,0.0,98.2,0.0,0,0,0,0,1,0,0.0,149,9.3,95.5,22,22,6.1,3.9,2.2,0,0,0.0,86.4,19,2,9.5,22,2,0.5,4,72.9,0,0,22,54.5,0.0,96.4,0.0,0,0,0,0,0,0,0.0,157,7.1,55.3,94,94,26.3,14.5,3.1,0,5,5.1,54.3,51,28,1.9,94,1,0.6,49,79.8,0,2,98,54.3,0.0,104.9,0.0,0,0,0,0,6,5,5.1,1020,10.9,0,100.0,11,11,3.1,-2.1,1.78,0,0,0.0,90.9,10,1,9.1,11,1,0.04,3,67.9,0,0,11,63.6,0.0,113.3,0.0,0,0,0,0,1,0,0.0,43,3.9,42.1,19,19,5.3,25.9,3.15,0,5,25.0,36.8,7,5,12.5,19,1,0.17,7,78.4,0,1,20,36.8,0.0,72.5,0.0,0,0,0,0,1,2,10.0,201,10.6,47.6,21,21,5.9,14.1,3.39,0,1,4.3,47.6,10,5,0.0,21,0,0.41,10,65.1,0,1,23,47.6,0.0,66.6,0.0,0,0,0,0,0,2,8.7,225,10.7,78.8,33,33,9.2,3.8,2.87,0,0,0.0,75.8,25,11,3.8,33,1,0.07,12,64.1,0,1,35,54.5,0.0,104.1,0.0,0,0,0,0,3,1,2.9,168,5.1,85.8,141,141,39.4,3.6,2.5,0,0,0.0,79.4,112,31,7.4,141,9,0.24,42,73.8,0,1,145,58.9,0.0,101.7,0.0,0,0,0,0,5,2,1.4,884,6.3
Taylen Green,145996,QB,ARKANSAS,12,329,393,90.0,30,30,9.1,-3.2,2.02,0,0,0.0,86.7,26,2,3.7,30,1,-0.32,4,66.6,0,0,32,46.7,0.0,85.0,0.0,0,0,0,0,0,0,0.0,132,4.4,91.3,23,23,7.0,-3.3,2.05,0,0,0.0,87.0,20,2,4.8,23,1,-0.46,3,64.8,0,0,25,43.5,0.0,83.2,0.0,0,0,0,0,0,0,0.0,91,4.0,57.1,14,14,4.3,27.0,3.06,0,4,25.0,57.1,8,3,0.0,14,0,1.08,8,91.1,0,1,16,57.1,0.0,111.6,0.0,0,0,0,0,2,2,12.5,280,20.0,75.0,64,64,19.5,13.9,2.95,0,3,4.5,71.9,46,10,4.2,64,2,0.94,40,92.3,0,2,67,68.8,0.0,137.5,0.0,0,0,0,0,7,4,6.0,816,12.8,85.4,96,96,29.2,4.6,2.54,0,0,0.0,80.2,77,19,6.1,96,5,0.47,43,65.1,0,3,102,67.7,0.0,107.1,0.0,0,0,0,0,5,3,2.9,832,8.7,0,37.8,37,37,11.2,26.6,3.06,0,6,15.0,37.8,14,10,0.0,37,0,0.29,14,80.3,0,4,40,37.8,0.0,73.1,0.0,0,0,0,0,3,5,12.5,503,13.6,111,100.0,5,5,1.5,-2.6,1.62,0,0,0.0,100.0,5,0,0.0,5,0,0.27,1,65.5,0,0,5,60.0,,95.0,0.0,0,0,0,0,0,0,0.0,34,6.8,44.4,9,9,2.7,24.9,3.38,0,1,10.0,44.4,4,3,0.0,9,0,0.32,4,79.4,0,1,10,44.4,0.0,88.7,0.0,0,0,0,0,1,1,10.0,153,17.0,41.7,12,12,3.6,14.9,3.26,0,0,0.0,25.0,3,4,40.0,12,2,-0.43,2,42.0,0,1,13,25.0,0.0,14.2,0.0,0,0,0,0,0,1,7.7,63,5.3,56.3,16,16,4.9,5.6,2.81,0,0,0.0,50.0,8,3,11.1,16,1,-0.2,4,53.3,0,0,16,43.8,0.0,66.4,0.0,0,0,0,0,0,0,0.0,87,5.4,70.0,90,90,27.4,14.2,3.06,0,5,5.3,64.4,58,19,7.9,90,5,0.73,50,90.4,0,3,94,62.2,0.0,121.9,0.0,0,0,0,0,9,6,6.4,1007,11.2,0,50.0,2,2,0.6,-2.5,2.65,0,0,0.0,50.0,1,0,0.0,2,0,-0.15,0,62.6,0,0,2,50.0,,58.3,0.0,0,0,0,0,0,0,0.0,7,3.5,14.3,14,14,4.3,27.2,2.84,0,1,7.1,14.3,2,4,0.0,14,0,-0.53,2,50.3,0,2,14,14.3,0.0,8.3,0.0,0,0,0,0,0,2,14.3,70,5.0,71.4,14,14,4.3,14.9,3.35,0,2,14.3,64.3,9,5,10.0,14,1,0.76,8,82.6,0,0,14,64.3,0.0,133.3,0.0,0,0,0,0,2,1,7.1,128,9.1,59.3,27,27,8.2,4.8,2.52,0,0,0.0,55.6,15,6,6.3,27,1,0.08,8,40.8,0,1,28,44.4,0.0,81.1,0.0,0,0,0,0,2,2,7.1,152,5.6,77.0,139,139,42.2,4.8,2.57,0,0,0.0,71.9,100,28,6.5,139,7,0.32,55,56.6,0,4,146,60.4,0.0,98.9,0.0,0,0,0,0,7,5,3.4,1071,7.7
Miller Moss,70727,QB,LOUISVILLE,11,359,390,88.0,50,50,13.9,-3.5,2.04,0,1,2.0,88.0,44,8,0.0,50,0,-0.17,10,66.6,0,0,50,38.0,0.0,97.9,0.0,0,0,0,0,1,1,2.0,295,5.9,90.2,41,41,11.4,-3.3,1.87,0,1,2.4,90.2,37,5,0.0,41,0,-0.21,9,68.5,0,0,41,39.0,0.0,97.9,0.0,0,0,0,0,1,1,2.4,227,5.5,69.2,13,13,3.6,26.8,3.32,0,6,42.9,69.2,9,4,0.0,13,0,1.77,9,95.0,0,1,14,69.2,0.0,119.4,0.0,0,0,0,0,3,2,14.3,263,20.2,53.8,39,39,10.9,14.5,2.93,0,0,0.0,43.6,17,6,19.0,39,4,0.01,17,67.8,0,2,43,43.6,0.0,79.4,0.0,0,0,0,0,3,3,7.0,344,8.8,82.8,134,134,37.3,4.1,2.23,0,0,0.0,80.6,108,26,2.7,134,3,0.25,47,67.4,0,2,139,59.0,0.0,100.3,0.0,0,0,0,0,4,2,1.4,963,7.2,0,45.0,40,40,11.1,27.2,3.28,0,12,27.9,40.0,16,15,11.1,40,2,0.56,16,92.0,0,3,43,40.0,0.0,89.1,0.0,0,0,0,0,4,3,7.0,495,12.4,210,75.0,4,4,1.1,-3.5,2.65,0,0,0.0,75.0,3,3,0.0,4,0,0.37,1,57.4,0,0,4,25.0,0.0,116.7,0.0,0,0,0,0,0,0,0.0,54,13.5,25.0,12,12,3.3,29.0,3.35,0,2,15.4,8.3,1,4,66.7,12,2,-0.51,1,59.3,0,2,13,8.3,0.0,0.0,0.0,0,0,0,0,0,1,7.7,36,3.0,20.0,10,10,2.8,15.2,2.91,0,0,0.0,20.0,2,5,0.0,10,0,-0.74,2,52.4,0,0,12,20.0,0.0,39.6,0.0,0,0,0,0,0,0,0.0,29,2.9,90.0,10,10,2.8,4.2,2.42,0,0,0.0,70.0,7,2,22.2,10,2,-0.13,1,67.9,0,0,11,60.0,0.0,82.5,0.0,0,0,0,0,0,0,0.0,53,5.3,47.1,68,68,18.9,14.4,2.95,0,1,1.4,41.2,28,20,12.5,68,4,-0.01,28,65.2,0,2,74,41.2,0.0,79.5,0.0,0,0,0,0,5,5,6.8,504,7.4,0,80.0,5,5,1.4,-4.4,2.98,0,0,0.0,80.0,4,0,0.0,5,0,-0.26,0,58.7,0,0,5,40.0,,79.2,0.0,0,0,0,0,0,0,0.0,14,2.8,40.0,15,15,4.2,26.1,3.19,0,4,25.0,40.0,6,7,0.0,15,0,0.36,6,90.1,0,0,16,40.0,0.0,109.7,0.0,0,0,0,0,1,0,0.0,196,13.1,47.4,19,19,5.3,13.7,3.01,0,1,5.3,47.4,9,9,0.0,19,0,0.33,9,65.6,0,0,19,47.4,0.0,105.4,0.0,0,0,0,0,2,2,10.5,131,6.9,84.8,33,33,9.2,5.2,2.41,0,0,0.0,75.8,25,9,10.7,33,3,0.31,8,37.6,0,0,34,66.7,0.0,92.5,0.0,0,0,0,0,0,3,8.8,216,6.5,83.6,177,177,49.3,4.3,2.27,0,0,0.0,79.1,140,37,5.4,177,8,0.24,56,60.4,0,2,184,60.5,0.0,98.5,0.0,0,0,0,0,4,5,2.7,1232,7.0
Ryan Browne,174949,QB,PURDUE,12,341,388,95.8,71,71,20.8,-3.1,1.96,0,0,0.0,90.1,64,3,5.9,71,4,-0.08,20,67.1,0,0,73,40.8,0.0,92.0,0.0,0,0,0,0,1,1,1.4,352,5.0,94.7,57,57,16.7,-3.3,1.99,0,0,0.0,91.2,52,3,3.7,57,2,-0.13,14,65.0,0,0,59,38.6,0.0,92.2,0.0,0,0,0,0,1,1,1.7,269,4.7,40.9,22,22,6.5,30.3,3.42,0,5,19.2,27.3,6,8,33.3,22,3,0.21,6,71.1,0,1,26,27.3,0.0,75.2,0.0,0,0,0,0,3,1,3.8,145,6.6,56.3,71,71,20.8,13.9,2.71,0,2,2.6,43.7,31,18,22.5,71,9,-0.17,30,59.4,0,5,77,42.3,0.0,54.2,0.0,0,0,0,0,3,8,10.4,528,7.4,87.7,57,57,16.7,4.7,2.6,0,0,0.0,80.7,46,14,8.0,57,4,0.12,16,83.4,0,1,59,56.1,0.0,95.6,0.0,0,0,0,0,1,0,0.0,416,7.3,0,37.5,40,40,11.7,29.1,3.57,0,9,17.3,30.0,12,18,20.0,40,3,0.24,12,65.6,0,2,52,30.0,0.0,77.4,0.0,0,0,0,0,4,3,5.8,363,9.1,273,100.0,5,5,1.5,-1.8,1.94,0,0,0.0,80.0,4,0,20.0,5,1,0.5,4,65.5,0,0,5,80.0,,110.0,0.0,0,0,0,0,0,0,0.0,52,10.4,28.6,7,7,2.1,25.0,4.2,0,1,9.1,28.6,2,4,0.0,7,0,0.27,2,58.3,0,0,11,28.6,0.0,71.7,0.0,0,0,0,0,0,0,0.0,75,10.7,57.1,14,14,4.1,12.5,2.94,0,0,0.0,50.0,7,3,12.5,14,1,0.05,7,70.2,0,1,14,50.0,0.0,43.8,0.0,0,0,0,0,0,1,7.1,100,7.1,72.7,11,11,3.2,4.9,2.56,0,0,0.0,72.7,8,2,0.0,11,0,0.48,4,57.6,0,0,11,63.6,0.0,92.6,0.0,0,0,0,0,0,0,0.0,79,7.2,56.4,110,110,32.3,13.9,2.95,0,2,1.7,45.5,50,32,19.4,110,12,-0.05,49,67.2,0,6,118,44.5,0.0,56.8,0.0,0,0,0,0,3,9,7.6,804,7.3,0,100.0,9,9,2.6,-2.7,1.78,0,0,0.0,88.9,8,0,11.1,9,1,-0.07,2,67.3,0,0,9,33.3,,81.0,0.0,0,0,0,0,0,0,0.0,31,3.4,36.4,11,11,3.2,29.3,3.45,0,3,20.0,36.4,4,6,0.0,11,0,0.3,4,58.6,0,1,15,36.4,0.0,76.9,0.0,0,0,0,0,1,2,13.3,143,13.0,56.0,25,25,7.3,14.9,3.64,0,0,0.0,48.0,12,11,14.3,25,2,0.23,12,76.9,0,0,27,48.0,0.0,71.4,0.0,0,0,0,0,0,0,0.0,176,7.0,80.0,25,25,7.3,5.2,2.83,0,0,0.0,76.0,19,6,5.0,25,1,-0.21,10,62.2,0,1,27,76.0,0.0,71.9,0.0,0,0,0,0,0,2,7.4,139,5.6,83.9,93,93,27.3,4.9,2.65,0,0,0.0,78.5,73,22,6.4,93,5,0.07,30,76.0,0,2,97,62.4,0.0,89.7,0.0,0,0,0,0,1,2,2.1,634,6.8
Gunner Stockton,157072,QB,GEORGIA,12,329,388,98.0,102,102,31.0,-3.3,1.53,0,0,0.0,97.1,99,9,1.0,102,1,0.25,28,75.8,0,0,106,57.8,0.0,110.3,0.0,0,0,0,0,5,0,0.0,669,6.6,98.5,68,68,20.7,-3.4,1.46,0,0,0.0,97.1,66,6,1.5,68,1,0.23,18,75.6,0,0,70,54.4,0.0,106.4,0.0,0,0,0,0,3,0,0.0,408,6.0,42.9,21,21,6.4,30.6,3.16,0,5,21.7,33.3,7,5,22.2,21,2,0.0,7,60.6,0,2,23,33.3,0.0,42.3,0.0,0,0,0,0,1,4,17.4,182,8.7,69.7,33,33,10.0,13.5,2.82,0,1,2.9,63.6,21,6,8.7,33,2,0.75,21,79.6,0,3,35,63.6,0.0,108.1,0.0,0,0,0,0,4,3,8.6,406,12.3,86.5,52,52,15.8,4.0,2.43,0,0,0.0,84.6,44,8,2.2,52,1,0.59,29,79.9,0,0,53,73.1,0.0,121.0,0.0,0,0,0,0,3,0,0.0,438,8.4,0,46.8,47,47,14.3,28.6,2.86,0,11,19.6,34.0,16,10,27.3,47,6,0.23,16,81.6,0,2,56,34.0,0.0,82.8,0.0,0,0,0,0,4,5,8.9,470,10.0,173,94.7,19,19,5.8,-2.9,1.67,0,0,0.0,94.7,18,1,0.0,19,0,0.38,7,69.6,0,0,19,57.9,0.0,134.4,0.0,0,0,0,0,2,0,0.0,149,7.8,40.0,15,15,4.6,26.6,2.57,0,2,11.8,26.7,4,2,33.3,15,2,-0.02,4,79.9,0,0,17,26.7,0.0,81.3,0.0,0,0,0,0,1,0,0.0,115,7.7,63.6,11,11,3.3,14.2,2.53,0,0,0.0,63.6,7,1,0.0,11,0,0.74,7,65.6,0,0,14,63.6,0.0,126.3,0.0,0,0,0,0,1,0,0.0,108,9.8,77.8,18,18,5.5,5.4,2.47,0,0,0.0,72.2,13,5,7.1,18,1,0.23,7,72.6,0,0,19,50.0,0.0,88.2,0.0,0,0,0,0,0,0,0.0,112,6.2,70.7,58,58,17.6,13.9,2.77,0,3,4.6,65.5,38,10,7.3,58,3,0.8,38,82.8,0,3,65,65.5,0.0,123.9,0.0,0,0,0,0,7,4,6.2,685,11.8,0,100.0,15,15,4.6,-3.2,1.63,0,0,0.0,100.0,15,2,0.0,15,0,0.2,3,65.9,0,0,17,73.3,0.0,97.8,0.0,0,0,0,0,0,0,0.0,112,7.5,63.6,11,11,3.3,27.5,2.69,0,4,25.0,45.5,5,3,28.6,11,2,1.0,5,90.7,0,0,16,45.5,0.0,131.6,0.0,0,0,0,0,2,1,6.3,173,15.7,78.6,14,14,4.3,14.6,2.86,0,2,12.5,71.4,10,3,9.1,14,1,0.97,10,84.3,0,0,16,71.4,0.0,152.1,0.0,0,0,0,0,2,1,6.3,171,12.2,92.0,25,25,7.6,4.6,2.36,0,0,0.0,84.0,21,4,8.7,25,2,0.63,13,69.6,0,0,27,80.0,0.0,106.8,0.0,0,0,0,0,1,2,7.4,161,6.4,86.3,95,95,28.9,4.4,2.42,0,0,0.0,82.1,78,17,4.9,95,4,0.53,49,79.7,0,0,99,70.5,0.0,111.9,0.0,0,0,0,0,4,2,2.0,711,7.5
Drake Lindsey,184727,QB,MINNESOTA,12,364,387,93.2,74,74,20.3,-2.8,2.01,0,0,0.0,86.5,64,5,7.2,74,5,-0.25,15,68.6,0,1,76,35.1,0.0,90.4,0.0,0,0,0,0,2,0,0.0,361,4.9,95.2,62,62,17.0,-2.6,1.94,0,0,0.0,87.1,54,2,8.5,62,5,-0.08,15,67.2,0,0,64,37.1,0.0,99.8,0.0,0,0,0,0,2,0,0.0,333,5.4,33.3,21,21,5.8,30.6,2.9,0,4,18.2,33.3,7,5,0.0,21,0,0.48,7,72.9,0,1,22,33.3,0.0,93.8,0.0,0,0,0,0,2,2,9.1,278,13.2,71.1,38,38,10.4,14.7,2.71,0,3,7.0,68.4,26,10,3.7,38,1,0.89,25,91.9,0,0,43,68.4,0.0,134.5,0.0,0,0,0,0,3,1,2.3,448,11.8,82.5,97,97,26.6,3.7,2.55,0,0,0.0,81.4,79,13,1.3,97,1,0.21,34,69.1,0,1,97,58.8,0.0,97.5,0.0,0,0,0,0,3,1,1.0,577,5.9,0,26.7,45,45,12.4,28.0,2.74,0,9,18.0,26.7,12,9,0.0,45,0,0.05,12,63.7,0,3,50,26.7,0.0,76.8,0.0,0,0,0,0,5,4,8.0,437,9.7,225,71.4,7,7,1.9,-3.4,2.29,0,0,0.0,71.4,5,1,0.0,7,0,-1.55,0,66.6,0,1,7,28.6,0.0,34.5,0.0,0,0,0,0,0,0,0.0,18,2.6,0.0,11,11,3.0,23.4,2.67,0,1,8.3,0.0,0,0,,11,0,-1.23,0,40.8,0,1,12,0.0,,1.7,0.0,0,0,0,0,0,1,8.3,0,0.0,44.4,18,18,4.9,14.5,2.81,0,0,0.0,44.4,8,3,0.0,18,0,-0.2,8,75.9,0,1,20,50.0,0.0,59.0,0.0,0,0,0,0,1,1,5.0,106,5.9,73.1,26,26,7.1,5.0,2.25,0,0,0.0,65.4,17,6,10.5,26,2,0.05,4,76.3,0,0,26,42.3,0.0,88.1,0.0,0,0,0,0,1,0,0.0,117,4.5,56.3,71,71,19.5,14.8,2.75,0,4,5.0,53.5,38,20,5.0,71,2,0.46,37,84.7,0,1,80,54.9,0.0,96.2,0.0,0,0,0,0,4,3,3.8,623,8.8,0,100.0,5,5,1.4,-4.4,2.48,0,0,0.0,100.0,5,2,0.0,5,0,-0.49,0,65.5,0,0,5,20.0,0.0,79.2,0.0,0,0,0,0,0,0,0.0,10,2.0,38.5,13,13,3.6,27.8,2.53,0,4,25.0,38.5,5,4,0.0,13,0,0.46,5,68.0,0,1,16,38.5,0.0,92.6,0.0,0,0,0,0,3,1,6.3,159,12.2,33.3,15,15,4.1,15.1,2.77,0,1,5.9,26.7,4,7,20.0,15,1,0.15,4,46.5,0,0,17,26.7,0.0,46.3,0.0,0,0,0,0,0,1,5.9,69,4.6,78.3,23,23,6.3,4.3,2.43,0,0,0.0,78.3,18,6,0.0,23,0,0.01,6,72.1,0,0,24,56.5,0.0,102.9,0.0,0,0,0,0,1,1,4.2,120,5.2,80.1,146,146,40.1,4.1,2.48,0,0,0.0,78.1,114,25,2.6,146,3,0.15,44,74.4,0,1,147,55.5,0.0,98.5,0.0,0,0,0,0,5,2,1.4,814,5.6
Kyron Drones,144506,QB,VA TECH,12,317,387,95.9,49,49,15.5,-3.1,2.12,0,0,0.0,87.8,43,6,8.5,49,4,0.0,11,68.2,0,0,50,38.8,0.0,105.8,0.0,0,0,0,0,3,0,0.0,220,4.5,96.3,27,27,8.5,-3.5,1.95,0,0,0.0,88.9,24,5,7.7,27,2,0.19,7,68.5,0,0,28,44.4,0.0,100.6,0.0,0,0,0,0,1,0,0.0,140,5.2,46.7,15,15,4.7,33.7,3.79,0,5,33.3,40.0,6,5,14.3,15,1,0.76,6,91.9,0,1,15,40.0,0.0,99.3,0.0,0,0,0,0,2,1,6.7,191,12.7,50.0,26,26,8.2,13.1,2.91,0,0,0.0,46.2,12,12,7.7,26,1,0.15,11,72.0,0,0,26,46.2,0.0,110.1,0.0,0,0,0,0,3,0,0.0,194,7.5,72.4,76,76,24.0,4.4,2.75,0,0,0.0,65.8,50,24,9.1,76,5,0.06,24,62.7,0,3,77,50.0,0.0,92.9,0.0,0,0,0,0,6,4,5.2,477,6.3,0,40.4,47,47,14.8,32.0,3.47,0,14,26.9,34.0,16,14,15.8,47,3,0.19,16,84.5,0,5,52,34.0,0.0,65.3,0.0,0,0,0,0,4,6,11.5,520,11.1,337,90.9,11,11,3.5,-2.3,2.01,0,0,0.0,90.9,10,1,0.0,11,0,-0.05,3,63.5,0,0,11,45.5,0.0,124.8,0.0,0,0,0,0,2,0,0.0,49,4.5,26.7,15,15,4.7,31.9,3.36,0,3,16.7,20.0,3,3,25.0,15,1,-0.31,3,53.6,0,2,18,20.0,0.0,31.9,0.0,0,0,0,0,1,3,16.7,80,5.3,70.0,10,10,3.2,13.5,3.9,0,0,0.0,70.0,7,2,0.0,10,0,0.82,5,70.3,0,1,10,70.0,0.0,102.5,0.0,0,0,0,0,1,1,10.0,116,11.6,85.2,27,27,8.5,4.3,2.29,0,0,0.0,66.7,18,5,21.7,27,5,-0.23,4,67.9,0,0,29,40.7,0.0,77.7,0.0,0,0,0,0,0,0,0.0,130,4.8,49.2,59,59,18.6,13.2,3.18,0,1,1.6,47.5,28,27,3.4,59,1,0.23,24,61.7,0,1,62,47.5,0.0,88.1,0.0,0,0,0,0,4,4,6.5,438,7.4,0,100.0,11,11,3.5,-3.1,2.65,0,0,0.0,81.8,9,0,18.2,11,2,-0.43,1,63.5,0,0,11,18.2,,79.2,0.0,0,0,0,0,0,0,0.0,31,2.8,47.1,17,17,5.4,30.6,3.28,0,6,31.6,41.2,7,6,12.5,17,1,0.12,7,85.7,0,2,19,41.2,0.0,68.5,0.0,0,0,0,0,1,2,10.5,249,14.6,39.1,23,23,7.3,13.2,3.17,0,1,3.8,39.1,9,13,0.0,23,0,0.07,8,46.0,0,0,26,39.1,0.0,57.9,0.0,0,0,0,0,0,3,11.5,128,5.6,69.7,33,33,10.4,4.5,2.76,0,0,0.0,66.7,22,9,4.3,33,1,0.01,7,54.9,0,0,35,48.5,0.0,76.8,0.0,0,0,0,0,0,0,0.0,152,4.6,74.3,136,136,42.9,4.4,2.66,0,0,0.0,66.2,90,38,10.9,136,11,-0.01,35,62.4,0,3,141,47.8,0.0,86.0,0.0,0,0,0,0,6,4,2.8,759,5.6
Rocco Becht,157567,QB,IOWA STATE,12,340,386,89.3,28,28,8.2,-3.6,2.08,0,0,0.0,85.7,24,8,4.0,28,1,-0.08,6,61.2,0,0,28,32.1,0.0,98.8,0.0,0,0,0,0,1,0,0.0,136,4.9,90.0,20,20,5.9,-4.2,2.04,0,0,0.0,90.0,18,5,0.0,20,0,0.12,4,60.6,0,0,20,40.0,0.0,104.8,0.0,0,0,0,0,1,0,0.0,103,5.2,28.6,14,14,4.1,29.6,3.04,0,3,20.0,21.4,3,2,25.0,14,1,-0.06,3,74.7,0,1,15,21.4,0.0,58.9,0.0,0,0,0,0,1,0,0.0,127,9.1,65.3,49,49,14.4,13.7,2.51,0,1,2.0,57.1,28,6,12.5,49,4,0.48,28,91.1,0,2,51,57.1,0.0,99.0,0.0,0,0,0,0,3,2,3.9,540,11.0,75.8,99,99,29.1,4.4,2.25,0,0,0.0,66.7,66,15,12.0,99,9,0.11,30,60.7,0,1,102,52.5,0.0,87.3,0.0,0,0,0,0,2,1,1.0,644,6.5,0,43.2,44,44,12.9,29.6,2.9,0,13,25.5,36.4,16,11,15.8,44,3,0.64,16,91.8,0,2,51,36.4,0.0,105.1,0.0,0,0,0,0,6,1,2.0,579,13.2,193,87.5,8,8,2.4,-2.3,2.18,0,0,0.0,75.0,6,3,14.3,8,1,-0.57,2,61.6,0,0,8,12.5,0.0,81.8,0.0,0,0,0,0,0,0,0.0,33,4.1,58.3,12,12,3.5,29.5,3.03,0,5,33.3,50.0,6,5,14.3,12,1,1.09,6,91.6,0,1,15,50.0,0.0,100.7,0.0,0,0,0,0,3,1,6.7,229,19.1,70.6,17,17,5.0,13.6,2.64,0,0,0.0,58.8,10,1,16.7,17,2,0.4,10,87.4,0,1,19,58.8,0.0,87.1,0.0,0,0,0,0,1,1,5.3,167,9.8,95.7,23,23,6.8,4.9,1.89,0,0,0.0,87.0,20,0,9.1,23,2,0.31,6,68.6,0,0,25,69.6,,96.7,0.0,0,0,0,0,0,0,0.0,166,7.2,64.8,88,88,25.9,13.7,2.67,0,2,2.2,58.0,51,14,10.5,88,6,0.41,51,90.5,0,5,93,58.0,0.0,90.9,0.0,0,0,0,0,6,5,5.4,875,9.9,0,,0,0,0.0,,,0,0,,,0,0,,0,0,0.0,0,,0,0,0,,,0.0,,0,0,0,0,0,0,,0,,44.4,18,18,5.3,29.7,2.69,0,5,23.8,38.9,7,4,12.5,18,1,0.87,7,90.2,0,0,21,38.9,0.0,123.1,0.0,0,0,0,0,2,0,0.0,223,12.4,59.1,22,22,6.5,13.6,3.04,0,1,4.3,59.1,13,7,0.0,22,0,0.25,13,65.7,0,2,23,59.1,0.0,75.6,0.0,0,0,0,0,2,2,8.7,168,7.6,82.9,35,35,10.3,3.9,2.38,0,0,0.0,80.0,28,4,3.4,35,1,0.29,11,61.0,0,1,38,65.7,0.0,86.2,0.0,0,0,0,0,1,1,2.6,184,5.3,80.3,157,157,46.2,4.4,2.23,0,0,0.0,72.6,114,19,9.5,157,12,0.18,47,62.9,0,2,165,58.0,0.0,90.0,0.0,0,0,0,0,3,2,1.2,994,6.3
Cade Klubnik,156253,QB,CLEMSON,11,355,384,100.0,69,69,19.4,-3.2,1.58,0,0,0.0,94.2,65,6,5.8,69,4,0.05,18,72.8,0,0,70,44.9,0.0,107.4,0.0,0,0,0,0,3,0,0.0,434,6.3,100.0,55,55,15.5,-3.4,1.61,0,0,0.0,92.7,51,6,7.3,55,4,-0.13,13,71.7,0,0,56,40.0,0.0,92.3,0.0,0,0,0,0,1,0,0.0,258,4.7,55.6,18,18,5.1,31.3,3.25,0,5,26.3,50.0,9,9,10.0,18,1,0.91,9,86.1,0,1,19,50.0,0.0,112.3,0.0,0,0,0,0,5,1,5.3,303,16.8,66.7,33,33,9.3,12.6,2.94,0,1,2.8,66.7,22,11,0.0,33,0,0.69,20,72.7,0,2,36,63.6,0.0,120.6,0.0,0,0,0,0,4,4,11.1,385,11.7,86.6,97,97,27.3,4.1,2.36,0,0,0.0,82.5,80,22,4.8,97,4,0.28,38,74.2,0,1,101,61.9,0.0,95.4,0.0,0,0,0,0,0,0,0.0,768,7.9,0,45.7,46,46,13.0,30.4,3.2,0,14,28.0,34.8,16,25,23.8,46,5,0.32,16,89.9,0,3,50,34.8,0.0,90.1,0.0,0,0,0,0,9,3,6.0,515,11.2,140,100.0,11,11,3.1,-2.5,1.33,0,0,0.0,100.0,11,0,0.0,11,0,0.52,3,68.0,0,0,11,63.6,,144.7,0.0,0,0,0,0,1,0,0.0,126,11.5,35.7,14,14,3.9,29.0,3.01,0,4,23.5,28.6,4,8,20.0,14,1,0.3,4,69.0,0,1,17,28.6,0.0,75.6,0.0,0,0,0,0,3,1,5.9,130,9.3,73.7,19,19,5.4,14.2,2.67,0,1,5.0,68.4,13,5,7.1,19,1,0.76,12,88.5,0,0,20,68.4,0.0,105.8,0.0,0,0,0,0,0,0,0.0,213,11.2,83.3,12,12,3.4,4.8,1.96,0,0,0.0,75.0,9,1,10.0,12,1,-0.04,5,66.8,0,0,16,58.3,0.0,90.3,0.0,0,0,0,0,0,0,0.0,74,6.2,68.8,77,77,21.7,13.4,2.83,0,2,2.4,62.3,48,24,9.4,77,5,0.63,44,85.9,0,2,83,61.0,0.0,104.8,0.0,0,0,0,0,4,4,4.8,818,10.6,0,100.0,3,3,0.8,-3.0,1.83,0,0,0.0,100.0,3,0,0.0,3,0,1.47,2,63.9,0,0,3,66.7,,158.3,0.0,0,0,0,0,1,0,0.0,50,16.7,42.9,14,14,3.9,30.7,3.34,0,5,35.7,21.4,3,8,50.0,14,3,-0.42,3,90.7,0,1,14,21.4,0.0,45.5,0.0,0,0,0,0,1,1,7.1,82,5.9,68.0,25,25,7.0,14.0,2.81,0,0,0.0,52.0,13,8,23.5,25,4,0.45,12,81.4,0,0,27,52.0,0.0,82.1,0.0,0,0,0,0,0,0,0.0,220,8.8,72.0,25,25,7.0,5.3,3.01,0,0,0.0,68.0,17,7,5.6,25,1,0.02,8,63.9,0,0,26,40.0,0.0,82.8,0.0,0,0,0,0,0,0,0.0,144,5.8,83.6,134,134,37.7,4.4,2.45,0,0,0.0,79.1,106,30,5.4,134,6,0.2,51,73.2,0,1,143,57.5,0.0,94.2,0.0,0,0,0,0,0,0,0.0,986,7.4
LaNorris Sellers,174326,QB,S CAROLINA,12,296,384,95.9,49,49,16.6,-3.5,1.72,0,0,0.0,93.9,46,5,2.1,49,1,0.26,12,71.1,0,1,49,55.1,0.0,97.4,0.0,0,0,0,0,1,0,0.0,382,7.8,94.9,39,39,13.2,-3.6,1.66,0,0,0.0,94.9,37,3,0.0,39,0,0.51,11,70.0,0,0,39,56.4,0.0,111.8,0.0,0,0,0,0,1,0,0.0,342,8.8,61.1,18,18,6.1,37.8,3.22,0,9,42.9,50.0,9,7,18.2,18,2,1.25,9,94.7,0,1,21,50.0,0.0,112.3,0.0,0,0,0,0,5,1,4.8,377,20.9,66.7,36,36,12.2,12.6,2.63,0,0,0.0,63.9,23,12,4.2,36,1,0.51,22,79.3,0,1,40,61.1,0.0,105.1,0.0,0,0,0,0,1,3,7.5,484,13.4,71.3,80,80,27.0,4.4,2.49,0,0,0.0,65.0,52,20,8.8,80,5,-0.12,20,70.5,0,2,82,40.0,0.0,76.6,0.0,0,0,0,0,1,1,1.2,510,6.4,0,43.5,46,46,15.5,33.1,3.25,0,15,27.3,39.1,18,17,10.0,46,2,0.73,16,86.4,0,4,55,37.0,0.0,90.1,0.0,0,0,0,0,9,7,12.7,723,15.7,289,100.0,4,4,1.4,-3.3,1.38,0,0,0.0,100.0,4,0,0.0,4,0,0.24,0,64.8,0,0,4,50.0,,79.2,0.0,0,0,0,0,0,0,0.0,9,2.3,25.0,8,8,2.7,33.0,3.65,0,2,25.0,25.0,2,5,0.0,8,0,0.25,1,43.3,0,3,8,25.0,0.0,70.3,0.0,0,0,0,0,1,3,37.5,83,10.4,66.7,6,6,2.0,14.7,2.77,0,0,0.0,66.7,4,0,0.0,6,0,0.88,4,43.0,0,0,10,66.7,,103.5,0.0,0,0,0,0,0,1,10.0,66,11.0,75.0,16,16,5.4,4.1,2.43,0,0,0.0,75.0,12,2,0.0,16,0,0.05,3,56.8,0,0,18,50.0,0.0,90.1,0.0,0,0,0,0,0,0,0.0,98,6.1,64.2,53,53,17.9,13.0,2.82,0,0,0.0,60.4,32,17,5.9,53,2,0.42,29,74.7,0,1,62,56.6,0.0,104.8,0.0,0,0,0,0,2,4,6.5,607,11.5,0,100.0,6,6,2.0,-3.3,2.37,0,0,0.0,83.3,5,2,16.7,6,1,-1.31,1,66.0,0,1,6,50.0,0.0,48.6,0.0,0,0,0,0,0,0,0.0,31,5.2,35.0,20,20,6.8,28.9,3.13,0,4,15.4,35.0,7,5,0.0,20,0,0.45,6,69.5,0,0,26,30.0,0.0,122.9,0.0,0,0,0,0,3,3,11.5,263,13.2,54.5,11,11,3.7,13.5,3.47,0,0,0.0,45.5,5,5,16.7,11,1,-0.12,3,77.6,0,0,12,36.4,0.0,91.9,0.0,0,0,0,0,1,0,0.0,57,5.2,76.0,25,25,8.4,4.3,3.25,0,0,0.0,68.0,17,12,10.5,25,2,-0.1,4,61.7,0,0,26,44.0,0.0,77.6,0.0,0,0,0,0,0,0,0.0,113,4.5,72.7,121,121,40.9,4.4,2.64,0,0,0.0,66.9,81,34,8.0,121,7,-0.1,27,67.3,0,2,126,42.1,0.0,78.6,0.0,0,0,0,0,1,1,0.8,721,6.0
Luke Altmyer,146802,QB,ILLINOIS,12,332,383,97.7,43,43,13.0,-2.6,2.09,0,0,0.0,95.3,41,7,2.4,43,1,0.23,10,70.7,0,1,45,58.1,0.0,91.5,0.0,0,0,0,0,1,0,0.0,276,6.4,100.0,30,30,9.0,-3.1,1.96,0,0,0.0,96.7,29,3,3.3,30,1,0.39,8,68.7,0,0,31,60.0,0.0,106.8,0.0,0,0,0,0,1,0,0.0,209,7.0,53.3,15,15,4.5,30.3,3.25,0,4,23.5,46.7,7,2,12.5,15,1,1.22,7,81.6,0,0,17,46.7,0.0,132.6,0.0,0,0,0,0,2,2,11.8,254,16.9,66.7,48,48,14.5,14.2,2.69,0,0,0.0,64.6,31,15,3.1,48,1,0.82,30,75.9,0,1,55,64.6,0.0,110.3,0.0,0,0,0,0,2,4,7.3,567,11.8,83.3,90,90,27.1,4.4,2.05,0,0,0.0,81.1,73,15,2.7,90,2,0.35,36,79.5,0,1,95,63.3,0.0,110.9,0.0,0,0,0,0,5,0,0.0,656,7.3,0,45.5,44,44,13.3,28.1,3.2,0,9,18.0,40.9,18,8,10.0,44,2,0.64,18,82.4,0,2,50,40.9,0.0,99.6,0.0,0,0,0,0,4,4,8.0,591,13.4,187,100.0,3,3,0.9,-1.0,1.47,0,0,0.0,100.0,3,0,0.0,3,0,0.72,1,63.8,0,0,3,100.0,,91.7,0.0,0,0,0,0,0,0,0.0,18,6.0,18.8,16,16,4.8,27.9,3.19,0,1,5.3,18.8,3,3,0.0,16,0,-0.26,3,49.3,0,1,19,18.8,0.0,30.2,0.0,0,0,0,0,0,1,5.3,112,7.0,68.8,16,16,4.8,14.7,3.0,0,1,5.3,68.8,11,7,0.0,16,0,1.51,11,83.9,0,0,19,68.8,0.0,151.0,0.0,0,0,0,0,3,0,0.0,261,16.3,63.2,19,19,5.7,5.0,3.09,0,0,0.0,52.6,10,7,16.7,19,2,-0.08,6,63.0,0,0,19,52.6,0.0,81.0,0.0,0,0,0,0,1,0,0.0,80,4.2,67.9,78,78,23.5,14.0,2.85,0,2,2.2,66.7,52,27,1.9,78,1,0.92,51,85.7,0,1,91,66.7,0.0,132.9,0.0,0,0,0,0,7,4,4.4,948,12.2,0,90.0,10,10,3.0,-1.6,2.66,0,0,0.0,90.0,9,4,0.0,10,0,-0.42,1,68.0,0,1,11,40.0,0.0,47.5,0.0,0,0,0,0,0,0,0.0,49,4.9,69.2,13,13,3.9,25.8,3.15,0,4,28.6,61.5,8,3,11.1,13,1,1.05,8,93.6,0,1,14,61.5,0.0,113.0,0.0,0,0,0,0,2,1,7.1,225,17.3,71.4,14,14,4.2,12.9,3.24,0,1,5.9,71.4,10,5,0.0,14,0,0.61,10,85.9,0,0,17,71.4,0.0,136.9,0.0,0,0,0,0,2,0,0.0,120,8.6,96.9,32,32,9.6,4.3,2.66,0,0,0.0,93.8,30,10,3.2,32,1,0.58,15,74.1,0,0,32,71.9,0.0,130.1,0.0,0,0,0,0,3,1,3.1,247,7.7,83.7,141,141,42.5,4.4,2.33,0,0,0.0,80.1,113,32,4.2,141,5,0.34,57,79.1,0,1,146,63.8,0.0,114.0,0.0,0,0,0,0,9,1,0.7,983,7.0
DJ Lagway,184426,QB,FLORIDA,12,338,382,95.6,68,68,20.1,-3.5,1.74,0,0,0.0,95.6,65,9,0.0,68,0,-0.18,13,68.9,0,0,68,36.8,0.0,88.5,0.0,0,0,0,0,0,0,0.0,357,5.3,95.7,46,46,13.6,-3.7,1.69,0,0,0.0,95.7,44,6,0.0,46,0,-0.2,10,70.8,0,0,46,34.8,0.0,88.0,0.0,0,0,0,0,0,0,0.0,235,5.1,33.3,18,18,5.3,32.9,3.04,0,3,15.8,33.3,6,1,0.0,18,0,-0.2,6,37.5,0,5,19,33.3,0.0,60.9,0.0,0,0,0,0,1,5,26.3,264,14.7,60.6,33,33,9.8,13.5,2.75,0,1,2.8,51.5,17,8,15.0,33,3,-0.16,15,61.9,0,3,36,48.5,0.0,54.5,0.0,0,0,0,0,1,4,11.1,295,8.9,77.9,86,86,25.4,4.2,2.26,0,0,0.0,72.1,62,18,7.5,86,5,0.14,32,60.7,0,3,89,55.8,0.0,96.2,0.0,0,0,0,0,6,5,5.6,523,6.1,0,39.0,41,41,12.1,29.7,2.85,0,10,22.2,36.6,15,8,6.3,41,1,0.14,15,66.8,0,6,45,36.6,0.0,77.6,0.0,0,0,0,0,4,6,13.3,577,14.1,163,100.0,8,8,2.4,-3.5,2.06,0,0,0.0,100.0,8,1,0.0,8,0,0.19,2,67.0,0,0,8,37.5,0.0,99.0,0.0,0,0,0,0,0,0,0.0,62,7.8,25.0,4,4,1.2,29.3,2.93,0,1,14.3,0.0,0,1,100.0,4,1,-1.25,0,76.3,0,0,7,0.0,0.0,39.6,0.0,0,0,0,0,0,0,0.0,0,0.0,56.3,16,16,4.7,15.8,2.64,0,2,12.5,37.5,6,4,33.3,16,3,0.13,5,81.7,0,0,16,43.8,0.0,78.9,0.0,0,0,0,0,1,0,0.0,95,5.9,53.8,13,13,3.8,5.0,2.5,0,0,0.0,53.8,7,3,0.0,13,0,-0.33,4,49.7,0,1,14,30.8,0.0,58.2,0.0,0,0,0,0,1,0,0.0,55,4.2,60.3,68,68,20.1,14.4,2.78,0,3,4.1,48.5,33,17,19.5,68,8,0.11,29,75.8,0,3,73,48.5,0.0,77.6,0.0,0,0,0,0,4,4,5.5,552,8.1,0,92.9,14,14,4.1,-2.5,1.71,0,0,0.0,92.9,13,2,0.0,14,0,-0.3,1,57.3,0,0,14,42.9,0.0,84.5,0.0,0,0,0,0,0,0,0.0,60,4.3,47.4,19,19,5.6,26.7,2.65,0,6,31.6,47.4,9,6,0.0,19,0,0.75,9,86.9,0,1,19,47.4,0.0,111.3,0.0,0,0,0,0,3,1,5.3,313,16.5,63.2,19,19,5.6,14.6,2.96,0,0,0.0,52.6,10,5,16.7,19,2,0.57,9,79.1,0,0,21,52.6,0.0,116.6,0.0,0,0,0,0,2,0,0.0,162,8.5,77.5,40,40,11.8,4.1,2.75,0,0,0.0,77.5,31,9,0.0,40,0,0.09,11,64.2,0,1,42,60.0,0.0,85.5,0.0,0,0,0,0,1,1,2.4,201,5.0,75.5,139,139,41.1,4.3,2.42,0,0,0.0,71.9,100,30,4.8,139,5,0.08,47,60.1,0,5,145,54.7,0.0,89.6,0.0,0,0,0,0,8,6,4.1,779,5.6
Avery Johnson,173108,QB,KANSAS ST,12,344,379,88.9,36,36,10.5,-3.1,1.98,0,0,0.0,86.1,31,4,3.1,36,1,-0.7,4,63.8,0,0,36,16.7,0.0,88.4,0.0,0,0,0,0,1,0,0.0,98,2.7,85.7,21,21,6.1,-2.7,1.86,0,0,0.0,81.0,17,3,5.6,21,1,-0.72,4,61.3,0,0,21,23.8,0.0,99.0,0.0,0,0,0,0,1,0,0.0,83,4.0,61.9,21,21,6.1,29.8,3.21,0,8,36.4,52.4,11,4,15.4,21,2,1.22,11,85.2,0,1,22,52.4,0.0,117.6,0.0,0,0,0,0,4,5,22.7,369,17.6,76.3,38,38,11.0,12.8,2.56,0,1,2.6,63.2,24,9,17.2,38,5,0.5,22,91.3,0,1,39,63.2,0.0,129.9,0.0,0,0,0,0,5,2,5.1,425,11.2,82.8,93,93,27.0,5.0,2.19,0,0,0.0,73.1,68,8,11.7,93,9,0.28,32,73.8,0,2,98,61.3,0.0,88.7,0.0,0,0,0,0,2,1,1.0,613,6.6,0,48.9,47,47,13.7,29.7,2.94,0,15,30.6,40.4,19,13,17.4,47,4,0.94,19,86.1,0,2,49,40.4,0.0,109.7,0.0,0,0,0,0,8,6,12.2,692,14.7,199,100.0,7,7,2.0,-4.1,2.5,0,0,0.0,100.0,7,1,0.0,7,0,-0.74,0,66.5,0,0,7,0.0,0.0,79.2,0.0,0,0,0,0,0,0,0.0,3,0.4,41.7,12,12,3.5,30.1,2.53,0,4,33.3,33.3,4,4,20.0,12,1,1.31,4,91.0,0,0,12,33.3,0.0,121.5,0.0,0,0,0,0,3,0,0.0,194,16.2,61.5,13,13,3.8,14.2,3.55,0,1,7.1,53.8,7,7,12.5,13,1,0.22,7,68.7,0,0,14,46.2,0.0,106.9,0.0,0,0,0,0,1,2,14.3,107,8.2,79.3,29,29,8.4,5.0,2.47,0,0,0.0,75.9,22,5,4.3,29,1,0.21,11,62.1,0,0,30,62.1,0.0,100.4,0.0,0,0,0,0,1,1,3.3,164,5.7,63.8,69,69,20.1,13.5,2.99,0,2,2.7,55.1,38,23,13.6,69,6,0.29,35,78.2,0,2,73,53.6,0.0,104.4,0.0,0,0,0,0,6,6,8.2,654,9.5,0,87.5,8,8,2.3,-3.1,1.84,0,0,0.0,87.5,7,0,0.0,8,0,-0.61,0,61.6,0,0,8,12.5,,79.2,0.0,0,0,0,0,0,0,0.0,12,1.5,35.7,14,14,4.1,29.4,2.87,0,3,20.0,28.6,4,5,20.0,14,1,0.2,4,59.5,0,1,15,28.6,0.0,59.5,0.0,0,0,0,0,1,1,6.7,129,9.2,38.9,18,18,5.2,14.7,3.52,0,0,0.0,38.9,7,7,0.0,18,0,-0.08,6,44.1,0,1,20,38.9,0.0,39.6,0.0,0,0,0,0,0,2,10.0,122,6.8,69.0,42,42,12.2,4.2,2.5,0,0,0.0,61.9,26,7,10.3,42,3,-0.23,6,51.8,0,0,42,35.7,0.0,69.9,0.0,0,0,0,0,0,2,4.8,164,3.9,78.7,164,164,47.7,4.8,2.32,0,0,0.0,70.7,116,20,10.1,164,13,0.14,49,67.1,0,2,170,54.9,0.0,86.0,0.0,0,0,0,0,3,4,2.4,941,5.7
Alonza Barnett III,156710,QB,JAMES MAD,13,345,378,92.5,53,53,15.4,-3.3,1.75,0,0,0.0,88.7,47,5,4.1,53,2,-0.16,8,67.5,0,0,55,39.6,0.0,87.0,0.0,0,0,0,0,0,0,0.0,259,4.9,91.3,46,46,13.3,-3.3,1.7,0,0,0.0,87.0,40,3,4.8,46,2,-0.24,5,66.4,0,0,48,39.1,0.0,86.0,0.0,0,0,0,0,0,0,0.0,213,4.6,57.9,19,19,5.5,31.7,3.19,0,6,30.0,57.9,11,5,0.0,19,0,1.89,10,92.8,0,0,20,57.9,0.0,142.0,0.0,0,0,0,0,6,0,0.0,484,25.5,61.8,34,34,9.9,13.5,2.81,0,3,7.9,58.8,20,10,4.8,34,1,0.9,20,75.1,0,2,38,58.8,0.0,115.1,0.0,0,0,0,0,6,2,5.3,399,11.7,81.6,103,103,29.9,4.5,2.42,0,0,0.0,70.9,73,19,13.1,103,11,0.24,37,59.8,0,3,107,56.3,0.0,86.5,0.0,0,0,0,0,2,3,2.8,766,7.4,0,38.8,49,49,14.2,30.9,3.01,0,11,20.4,38.8,19,12,0.0,49,0,0.84,18,80.1,0,1,54,38.8,0.0,117.6,0.0,0,0,0,0,9,0,0.0,723,14.8,197,100.0,4,4,1.2,-4.0,1.73,0,0,0.0,100.0,4,1,0.0,4,0,-0.2,1,64.7,0,0,4,25.0,0.0,79.2,0.0,0,0,0,0,0,0,0.0,12,3.0,31.3,16,16,4.6,30.6,2.74,0,3,16.7,31.3,5,5,0.0,16,0,0.29,5,62.6,0,1,18,31.3,0.0,82.6,0.0,0,0,0,0,2,0,0.0,157,9.8,50.0,8,8,2.3,15.4,2.6,0,0,0.0,50.0,4,1,0.0,8,0,0.31,4,55.5,0,0,11,50.0,0.0,77.6,0.0,0,0,0,0,0,0,0.0,65,8.1,89.5,19,19,5.5,4.6,2.09,0,0,0.0,89.5,17,7,0.0,19,0,0.65,9,59.9,0,0,22,89.5,0.0,123.7,0.0,0,0,0,0,1,0,0.0,180,9.5,54.8,62,62,18.0,14.2,2.69,0,5,7.2,53.2,33,16,2.9,62,1,0.59,33,68.7,0,3,69,53.2,0.0,105.4,0.0,0,0,0,0,7,3,4.3,617,10.0,0,100.0,3,3,0.9,-3.7,2.6,0,0,0.0,100.0,3,1,0.0,3,0,1.24,2,63.9,0,0,3,66.7,0.0,113.9,0.0,0,0,0,0,0,0,0.0,34,11.3,21.4,14,14,4.1,30.2,3.07,0,2,12.5,21.4,3,2,0.0,14,0,0.03,3,57.5,0,0,16,21.4,0.0,75.3,0.0,0,0,0,0,1,0,0.0,82,5.9,45.0,20,20,5.8,15.0,2.52,0,2,10.0,45.0,9,5,0.0,20,0,0.17,9,60.6,0,1,20,45.0,0.0,67.3,0.0,0,0,0,0,1,1,5.0,153,7.7,65.4,26,26,7.5,4.8,2.68,0,0,0.0,65.4,17,5,0.0,26,0,0.61,10,58.6,0,0,27,61.5,0.0,122.8,0.0,0,0,0,0,3,1,3.7,173,6.7,79.7,148,148,42.9,4.6,2.43,0,0,0.0,72.3,107,31,9.3,148,11,0.36,56,59.4,0,3,156,61.5,0.0,98.9,0.0,0,0,0,0,6,4,2.6,1119,7.6
Brendan Sorsby,156398,QB,CINCINNATI,12,336,378,93.6,47,47,14.0,-3.6,1.94,0,0,0.0,87.2,41,11,6.8,47,3,-0.01,10,71.1,0,0,49,38.3,0.0,105.4,0.0,0,0,0,0,3,0,0.0,197,4.2,91.9,37,37,11.0,-3.6,1.77,0,0,0.0,83.8,31,7,8.8,37,3,0.1,9,69.9,0,0,39,37.8,0.0,113.0,0.0,0,0,0,0,3,0,0.0,171,4.6,52.6,19,19,5.7,33.5,3.3,0,10,52.6,52.6,10,7,0.0,19,0,2.02,10,95.8,0,1,19,52.6,0.0,115.7,0.0,0,0,0,0,4,1,5.3,511,26.9,72.4,29,29,8.6,13.4,2.71,0,1,3.2,62.1,18,5,14.3,29,3,0.82,18,90.3,0,0,31,62.1,0.0,138.5,0.0,0,0,0,0,4,2,6.5,314,10.8,86.3,73,73,21.7,3.9,2.42,0,0,0.0,80.8,59,17,6.3,73,4,0.44,36,76.4,0,1,75,64.4,0.0,117.2,0.0,0,0,0,0,4,1,1.3,666,9.1,0,38.7,62,62,18.5,30.1,2.94,0,21,30.9,37.1,23,21,4.2,62,1,0.7,23,92.4,0,3,68,37.1,0.0,104.5,0.0,0,0,0,0,8,3,4.4,955,15.4,138,100.0,6,6,1.8,-3.0,2.75,0,0,0.0,100.0,6,2,0.0,6,0,-0.26,0,66.0,0,0,6,50.0,0.0,81.3,0.0,0,0,0,0,0,0,0.0,21,3.5,38.9,18,18,5.4,27.3,2.38,0,6,30.0,38.9,7,6,0.0,18,0,0.69,7,90.3,0,0,20,38.9,0.0,126.2,0.0,0,0,0,0,3,0,0.0,232,12.9,47.6,21,21,6.3,13.5,2.33,0,1,4.3,47.6,10,1,0.0,21,0,0.34,10,69.9,0,0,23,47.6,0.0,108.9,0.0,0,0,0,0,4,0,0.0,139,6.6,82.4,34,34,10.1,5.5,2.3,0,0,0.0,76.5,26,4,7.1,34,2,0.29,13,76.1,0,0,35,64.7,0.0,110.7,0.0,0,0,0,0,2,0,0.0,206,6.1,58.3,72,72,21.4,13.8,2.59,0,2,2.6,52.8,38,12,9.5,72,4,0.4,38,76.8,0,1,78,52.8,0.0,115.5,0.0,0,0,0,0,9,3,3.8,615,8.5,0,100.0,4,4,1.2,-3.5,2.28,0,0,0.0,100.0,4,2,0.0,4,0,-0.6,1,64.8,0,0,4,25.0,0.0,79.2,0.0,0,0,0,0,0,0,0.0,5,1.3,28.0,25,25,7.4,29.5,3.06,0,5,17.2,24.0,6,8,14.3,25,1,-0.28,6,69.7,0,2,29,24.0,0.0,42.4,0.0,0,0,0,0,1,2,6.9,212,8.5,50.0,22,22,6.5,14.7,2.68,0,0,0.0,45.5,10,6,9.1,22,1,-0.07,10,53.3,0,1,24,45.5,0.0,66.9,0.0,0,0,0,0,1,1,4.2,162,7.4,86.4,22,22,6.5,5.0,2.52,0,0,0.0,81.8,18,6,5.3,22,1,0.17,8,75.4,0,0,23,54.5,0.0,93.8,0.0,0,0,0,0,0,0,0.0,143,6.5,85.3,129,129,38.4,4.5,2.41,0,0,0.0,79.8,103,27,6.4,129,7,0.36,57,80.7,0,1,133,62.8,0.0,111.7,0.0,0,0,0,0,6,1,0.8,1015,7.9
Tommy Castellanos,158433,QB,FLORIDA ST,12,311,376,86.0,50,50,16.1,-3.6,1.83,0,0,0.0,74.0,37,3,14.0,50,6,-0.32,8,64.0,0,1,53,40.0,0.0,74.8,0.0,0,0,0,0,0,0,0.0,232,4.6,87.5,40,40,12.9,-3.8,1.71,0,0,0.0,75.0,30,1,14.3,40,5,-0.36,5,65.3,0,1,43,37.5,0.0,73.6,0.0,0,0,0,0,0,0,0.0,187,4.7,36.0,25,25,8.0,35.5,3.32,0,8,30.8,36.0,9,8,0.0,25,0,0.51,9,74.2,0,3,26,36.0,0.0,84.2,0.0,0,0,0,0,5,2,7.7,430,17.2,87.1,31,31,10.0,14.1,3.21,0,0,0.0,77.4,24,8,11.1,31,3,1.13,24,95.0,0,0,32,74.2,0.0,140.2,0.0,0,0,0,0,2,0,0.0,421,13.6,79.5,39,39,12.5,4.5,2.41,0,0,0.0,74.4,29,11,6.5,39,2,0.11,7,70.6,0,1,41,48.7,0.0,97.6,0.0,0,0,0,0,2,1,2.4,254,6.5,0,37.5,72,72,23.2,32.8,3.26,0,20,25.6,34.7,25,22,7.4,72,2,0.47,25,86.1,0,7,78,34.7,0.0,75.9,0.0,0,0,0,0,7,4,5.1,1046,14.5,167,100.0,2,2,0.6,-2.5,1.2,0,0,0.0,50.0,1,0,50.0,2,1,-0.94,0,62.7,0,0,2,0.0,,56.3,0.0,0,0,0,0,0,0,0.0,0,0.0,45.8,24,24,7.7,31.8,3.12,0,6,23.1,45.8,11,8,0.0,24,0,1.0,11,78.9,0,2,26,45.8,0.0,85.4,0.0,0,0,0,0,2,2,7.7,416,17.3,55.6,27,27,8.7,13.8,3.32,0,2,7.4,48.1,13,10,13.3,27,2,0.41,12,89.9,0,0,27,48.1,0.0,95.1,0.0,0,0,0,0,2,0,0.0,183,6.8,88.5,26,26,8.4,4.5,2.35,0,0,0.0,88.5,23,4,0.0,26,0,0.34,9,58.9,0,0,29,69.2,0.0,118.3,0.0,0,0,0,0,2,0,0.0,162,6.2,70.2,84,84,27.0,13.9,3.3,0,3,3.5,63.1,53,25,10.2,84,6,0.8,51,94.2,0,0,86,61.9,0.0,117.7,0.0,0,0,0,0,4,0,0.0,950,11.3,0,75.0,8,8,2.6,-3.1,2.58,0,0,0.0,75.0,6,2,0.0,8,0,0.03,3,56.3,0,0,8,62.5,0.0,88.0,0.0,0,0,0,0,0,0,0.0,45,5.6,30.4,23,23,7.4,31.0,3.33,0,6,23.1,21.7,5,6,28.6,23,2,-0.14,5,86.4,0,2,26,21.7,0.0,27.1,0.0,0,0,0,0,0,0,0.0,200,8.7,65.4,26,26,8.4,13.8,3.39,0,1,3.7,61.5,16,7,5.9,26,1,0.81,15,85.4,0,0,27,61.5,0.0,105.4,0.0,0,0,0,0,0,0,0.0,346,13.3,70.0,20,20,6.4,5.9,3.07,0,0,0.0,70.0,14,7,0.0,20,0,0.34,8,58.8,0,0,20,60.0,0.0,85.6,0.0,0,0,0,0,0,1,5.0,121,6.1,80.0,85,85,27.3,4.8,2.54,0,0,0.0,77.6,66,22,2.9,85,2,0.24,24,64.9,0,1,90,57.6,0.0,103.8,0.0,0,0,0,0,4,2,2.2,537,6.3
Kiael Kelly,145634,QB,BALL ST,12,275,375,95.6,68,68,24.7,-3.7,1.56,0,0,0.0,88.2,60,8,7.7,68,5,-0.12,15,70.6,0,0,71,32.4,0.0,98.1,0.0,0,0,0,0,3,0,0.0,273,4.0,96.1,51,51,18.5,-3.9,1.39,0,0,0.0,90.2,46,4,6.1,51,3,-0.05,13,70.2,0,0,53,35.3,0.0,104.7,0.0,0,0,0,0,3,0,0.0,225,4.4,18.8,16,16,5.8,30.8,3.41,0,1,6.3,12.5,2,6,33.3,16,1,-0.65,2,33.5,0,2,16,12.5,0.0,2.3,0.0,0,0,0,0,0,3,18.8,57,3.6,67.7,31,31,11.3,12.5,3.11,0,0,0.0,58.1,18,11,14.3,31,3,0.19,17,75.7,0,3,31,58.1,0.0,77.3,0.0,0,0,0,0,2,3,9.7,334,10.8,72.3,47,47,17.1,4.3,2.22,0,0,0.0,63.8,30,8,11.8,47,4,0.31,16,69.7,0,1,50,51.1,0.0,88.3,0.0,0,0,0,0,2,1,2.0,312,6.6,0,25.6,39,39,14.2,28.2,2.94,0,6,13.6,17.9,7,14,30.0,39,3,-0.33,7,58.3,0,3,44,17.9,0.0,36.7,0.0,0,0,0,0,2,3,6.8,230,5.9,117,100.0,8,8,2.9,-2.4,2.0,0,0,0.0,100.0,8,2,0.0,8,0,-0.41,1,67.2,0,0,9,37.5,0.0,79.2,0.0,0,0,0,0,0,0,0.0,24,3.0,26.7,15,15,5.5,25.7,2.49,0,3,17.6,26.7,4,6,0.0,15,0,0.05,4,74.0,0,1,17,26.7,0.0,78.1,0.0,0,0,0,0,2,0,0.0,141,9.4,26.7,15,15,5.5,14.1,2.68,0,0,0.0,26.7,4,6,0.0,15,0,-0.49,4,38.8,0,1,16,26.7,0.0,22.9,0.0,0,0,0,0,0,1,6.3,85,5.7,50.0,18,18,6.5,5.3,1.82,0,0,0.0,50.0,9,3,0.0,18,0,-0.08,3,43.2,0,0,18,33.3,0.0,75.7,0.0,0,0,0,0,1,1,5.6,58,3.2,52.5,61,61,22.2,13.2,3.15,0,0,0.0,47.5,29,26,9.4,61,3,0.06,27,57.4,0,4,62,47.5,0.0,62.4,0.0,0,0,0,0,2,5,8.1,543,8.9,0,88.9,9,9,3.3,-3.8,2.1,0,0,0.0,66.7,6,2,25.0,9,2,-0.31,1,62.3,0,0,9,11.1,0.0,70.1,0.0,0,0,0,0,0,0,0.0,24,2.7,37.5,8,8,2.9,27.6,2.86,0,2,18.2,12.5,1,2,66.7,8,2,-0.4,1,70.8,0,0,11,12.5,0.0,43.8,0.0,0,0,0,0,0,0,0.0,32,4.0,46.7,15,15,5.5,13.7,3.69,0,0,0.0,46.7,7,9,0.0,15,0,0.36,6,48.3,0,0,15,46.7,0.0,75.4,0.0,0,0,0,0,0,1,6.7,124,8.3,87.5,24,24,8.7,5.0,3.05,0,0,0.0,87.5,21,7,0.0,24,0,0.74,10,75.0,0,0,24,75.0,0.0,114.9,0.0,0,0,0,0,1,0,0.0,198,8.3,71.9,89,89,32.4,4.7,2.36,0,0,0.0,67.4,60,18,6.3,89,4,0.35,29,66.6,0,1,92,53.9,0.0,95.2,0.0,0,0,0,0,4,2,2.2,568,6.4
Dante Moore,173983,QB,OREGON,13,339,372,96.1,77,77,22.7,-3.1,1.59,0,0,0.0,93.5,72,6,2.7,77,2,0.0,19,74.7,0,0,79,42.9,0.0,98.5,0.0,0,0,0,0,2,0,0.0,428,5.6,98.3,59,59,17.4,-3.1,1.58,0,0,0.0,96.6,57,5,1.7,59,1,0.05,16,73.6,0,0,60,47.5,0.0,98.9,0.0,0,0,0,0,1,0,0.0,376,6.4,76.5,17,17,5.0,30.9,2.88,0,10,55.6,70.6,12,2,7.7,17,1,1.87,12,97.5,0,2,18,70.6,0.0,113.0,0.0,0,0,0,0,10,2,11.1,423,24.9,69.2,39,39,11.5,14.5,3.03,0,3,7.1,69.2,27,14,0.0,39,0,1.19,26,90.2,0,2,42,69.2,0.0,130.1,0.0,0,0,0,0,5,4,9.5,504,12.9,88.5,78,78,23.0,3.9,2.19,0,0,0.0,84.6,66,10,4.3,78,3,0.13,28,71.8,0,3,82,56.4,0.0,91.3,0.0,0,0,0,0,2,1,1.2,601,7.7,0,64.6,48,48,14.2,29.1,2.86,0,23,43.4,56.3,27,7,12.9,48,4,1.21,27,98.9,0,2,53,56.3,0.0,123.3,0.0,0,0,0,0,14,2,3.8,876,18.3,264,85.7,14,14,4.1,-3.1,1.76,0,0,0.0,78.6,11,1,8.3,14,1,-0.43,2,68.7,0,0,14,14.3,0.0,79.2,0.0,0,0,0,0,0,0,0.0,29,2.1,52.9,17,17,5.0,28.1,2.59,0,6,33.3,47.1,8,2,11.1,17,1,0.91,8,94.1,0,0,18,47.1,0.0,133.0,0.0,0,0,0,0,3,0,0.0,260,15.3,61.9,21,21,6.2,14.5,2.52,0,1,4.8,47.6,10,4,23.1,21,3,0.38,10,81.6,0,0,21,47.6,0.0,94.5,0.0,0,0,0,0,1,0,0.0,186,8.9,84.2,19,19,5.6,4.6,2.07,0,0,0.0,73.7,14,2,12.5,19,2,0.38,7,62.5,0,0,19,68.4,0.0,105.6,0.0,0,0,0,0,1,0,0.0,112,5.9,67.9,78,78,23.0,14.4,2.79,0,5,6.0,62.8,49,23,7.5,78,4,0.91,48,92.0,0,2,84,62.8,0.0,126.2,0.0,0,0,0,0,8,4,4.8,903,11.6,0,100.0,4,4,1.2,-2.5,1.05,0,0,0.0,100.0,4,0,0.0,4,0,0.74,1,65.4,0,0,5,75.0,,130.2,0.0,0,0,0,0,1,0,0.0,23,5.8,64.3,14,14,4.1,28.3,3.17,0,7,41.2,50.0,7,3,22.2,14,2,0.78,7,95.5,0,0,17,50.0,0.0,119.6,0.0,0,0,0,0,1,0,0.0,193,13.8,72.2,18,18,5.3,14.2,2.6,0,1,4.8,66.7,12,5,7.7,18,1,0.9,12,90.9,0,0,21,66.7,0.0,144.0,0.0,0,0,0,0,2,0,0.0,213,11.8,79.2,24,24,7.1,4.1,2.54,0,0,0.0,70.8,17,6,10.5,24,2,-0.3,6,50.4,0,1,25,41.7,0.0,76.9,0.0,0,0,0,0,1,1,4.0,111,4.6,86.0,121,121,35.7,4.1,2.24,0,0,0.0,80.2,97,18,6.7,121,7,0.08,41,66.2,0,4,126,55.4,0.0,92.3,0.0,0,0,0,0,4,2,1.6,824,6.8
Baylor Hayes,192135,QB,TULSA,10,319,372,92.1,63,63,19.7,-2.6,1.84,0,0,0.0,87.3,55,10,5.2,63,3,-0.04,19,66.5,0,0,64,47.6,0.0,95.0,0.0,0,0,0,0,2,0,0.0,268,4.3,95.2,42,42,13.2,-2.5,1.66,0,0,0.0,90.5,38,6,5.0,42,2,0.09,14,70.0,0,0,43,52.4,0.0,102.0,0.0,0,0,0,0,2,0,0.0,196,4.7,33.3,18,18,5.6,32.6,3.51,0,2,9.5,33.3,6,11,0.0,18,0,0.06,5,57.2,0,0,21,27.8,0.0,81.5,0.0,0,0,0,0,0,2,9.5,223,12.4,57.7,26,26,8.2,13.4,2.86,0,1,3.6,53.8,14,10,6.7,26,1,0.59,12,62.7,0,2,28,53.8,0.0,94.1,0.0,0,0,0,0,4,3,10.7,247,9.5,74.6,63,63,19.7,4.2,2.42,0,0,0.0,68.3,43,14,8.5,63,4,0.25,21,58.2,0,2,67,55.6,0.0,73.0,0.0,0,0,0,0,0,2,3.0,412,6.5,0,42.1,57,57,17.9,32.6,3.52,0,13,19.4,35.1,20,30,16.7,57,4,0.16,19,74.3,0,1,67,31.6,0.0,78.2,0.0,0,0,0,0,1,5,7.5,661,11.6,320,100.0,12,12,3.8,-2.3,2.07,0,0,0.0,91.7,11,2,8.3,12,1,0.0,4,63.4,0,0,12,58.3,0.0,85.4,0.0,0,0,0,0,0,0,0.0,54,4.5,54.5,22,22,6.9,30.3,3.57,0,7,26.9,36.4,8,11,33.3,22,4,0.19,8,85.7,0,0,26,36.4,0.0,88.8,0.0,0,0,0,0,1,2,7.7,218,9.9,54.5,11,11,3.4,15.1,3.14,0,2,15.4,54.5,6,7,0.0,11,0,0.84,6,58.1,0,1,13,54.5,0.0,101.3,0.0,0,0,0,0,3,1,7.7,140,12.7,94.1,17,17,5.3,4.9,2.69,0,0,0.0,88.2,15,7,6.3,17,1,0.6,6,75.1,0,0,17,52.9,0.0,116.2,0.0,0,0,0,0,1,0,0.0,122,7.2,51.9,54,54,16.9,14.0,2.97,0,4,6.3,50.0,27,24,3.6,54,1,0.6,25,58.3,0,3,63,50.0,0.0,101.5,0.0,0,0,0,0,8,5,7.9,536,9.9,0,66.7,9,9,2.8,-3.9,2.4,0,0,0.0,66.7,6,2,0.0,9,0,-0.67,1,52.2,0,0,9,11.1,0.0,70.1,0.0,0,0,0,0,0,0,0.0,18,2.0,35.3,17,17,5.3,35.5,3.47,0,4,20.0,35.3,6,8,0.0,17,0,0.21,6,66.8,0,1,20,29.4,0.0,59.1,0.0,0,0,0,0,0,1,5.0,220,12.9,41.2,17,17,5.3,14.4,3.02,0,1,4.5,41.2,7,7,0.0,17,0,0.47,7,54.6,0,0,22,41.2,0.0,92.5,0.0,0,0,0,0,1,1,4.5,149,8.8,87.1,31,31,9.7,4.5,2.3,0,0,0.0,80.6,25,6,7.4,31,2,0.22,10,57.6,0,0,32,54.8,0.0,88.4,0.0,0,0,0,0,0,1,3.1,162,5.2,81.1,111,111,34.8,4.4,2.43,0,0,0.0,74.8,83,27,7.8,111,7,0.3,37,61.8,0,2,116,55.0,0.0,86.0,0.0,0,0,0,0,1,3,2.6,696,6.3
Preston Stone,124716,QB,NWESTERN,12,341,371,97.7,44,44,12.9,-3.5,1.92,0,0,0.0,97.7,43,3,0.0,44,0,-0.1,8,67.1,0,0,45,43.2,0.0,93.5,0.0,0,0,0,0,1,0,0.0,203,4.6,100.0,36,36,10.6,-3.7,1.86,0,0,0.0,100.0,36,2,0.0,36,0,-0.03,8,71.8,0,0,36,47.2,0.0,97.8,0.0,0,0,0,0,1,0,0.0,189,5.3,66.7,6,6,1.8,31.7,3.1,0,2,28.6,66.7,4,3,0.0,6,0,1.41,4,87.6,0,0,7,66.7,0.0,109.7,0.0,0,0,0,0,0,1,14.3,149,24.8,60.4,53,53,15.5,14.3,2.99,0,2,3.7,50.9,27,13,15.6,53,5,0.16,27,65.0,0,5,54,50.9,0.0,66.1,0.0,0,0,0,0,3,6,11.1,534,10.1,83.3,78,78,22.9,4.7,2.42,0,0,0.0,78.2,61,15,6.2,78,4,0.31,26,76.2,0,2,82,62.8,0.0,103.6,0.0,0,0,0,0,5,3,3.7,492,6.3,0,31.6,57,57,16.7,26.5,2.89,0,11,16.9,26.3,15,19,16.7,57,3,-0.09,15,61.2,0,3,65,26.3,0.0,55.2,0.0,0,0,0,0,3,8,12.3,444,7.8,256,80.0,5,5,1.5,-2.4,1.92,0,0,0.0,80.0,4,1,0.0,5,0,-0.43,0,45.9,0,0,6,40.0,0.0,79.2,0.0,0,0,0,0,0,0,0.0,7,1.4,34.8,23,23,6.7,27.4,3.04,0,5,19.2,26.1,6,10,25.0,23,2,-0.04,6,76.6,0,1,26,26.1,0.0,78.3,0.0,0,0,0,0,3,2,7.7,164,7.1,55.0,20,20,5.9,13.9,2.73,0,0,0.0,45.0,9,4,18.2,20,2,0.03,6,74.2,0,0,21,45.0,0.0,65.2,0.0,0,0,0,0,0,0,0.0,123,6.2,77.8,27,27,7.9,4.6,2.16,0,0,0.0,74.1,20,4,4.8,27,1,0.13,7,58.4,0,0,27,51.9,0.0,82.3,0.0,0,0,0,0,0,0,0.0,120,4.4,60.9,87,87,25.5,14.1,2.99,0,4,4.3,51.7,45,20,15.1,87,8,0.23,42,74.3,0,6,93,51.7,0.0,70.0,0.0,0,0,0,0,4,7,7.5,798,9.2,0,100.0,3,3,0.9,-2.7,2.67,0,0,0.0,100.0,3,0,0.0,3,0,-0.39,0,63.9,0,0,3,0.0,,79.2,0.0,0,0,0,0,0,0,0.0,7,2.3,21.4,28,28,8.2,24.6,2.72,0,4,12.5,17.9,5,6,16.7,28,1,-0.46,5,38.1,0,2,32,17.9,0.0,16.8,0.0,0,0,0,0,0,5,15.6,131,4.7,71.4,14,14,4.1,13.9,3.36,0,2,11.1,64.3,9,3,10.0,14,1,0.76,9,81.3,0,1,18,64.3,0.0,91.7,0.0,0,0,0,0,1,1,5.6,141,10.1,80.0,25,25,7.3,4.8,2.79,0,0,0.0,76.0,19,4,5.0,25,1,0.23,10,57.1,0,1,28,56.0,0.0,81.6,0.0,0,0,0,0,1,1,3.6,117,4.7,81.5,130,130,38.1,4.7,2.43,0,0,0.0,76.9,100,23,5.7,130,6,0.26,43,69.6,0,3,137,59.2,0.0,95.3,0.0,0,0,0,0,6,4,2.9,729,5.6
Jalon Daniels,122555,QB,KANSAS,12,321,370,98.0,50,50,15.6,-2.3,1.89,0,0,0.0,94.0,47,7,4.1,50,2,0.09,11,71.6,0,0,50,52.0,0.0,103.7,0.0,0,0,0,0,2,0,0.0,284,5.7,96.8,31,31,9.7,-2.2,1.87,0,0,0.0,90.3,28,3,6.7,31,2,0.16,9,69.2,0,0,31,51.6,0.0,115.1,0.0,0,0,0,0,2,0,0.0,200,6.5,47.1,17,17,5.3,32.3,3.09,0,4,22.2,41.2,7,2,12.5,17,1,0.69,7,87.4,0,0,18,41.2,0.0,128.1,0.0,0,0,0,0,3,0,0.0,223,13.1,68.4,38,38,11.8,13.8,2.75,0,2,5.1,65.8,25,7,3.8,38,1,0.69,23,89.9,0,1,39,65.8,0.0,135.3,0.0,0,0,0,0,8,1,2.6,454,11.9,85.3,75,75,23.4,4.3,2.14,0,0,0.0,76.0,57,11,10.9,75,7,0.19,33,62.1,0,3,76,61.3,0.0,88.9,0.0,0,0,0,0,2,2,2.6,563,7.5,0,43.6,55,55,17.1,28.9,3.15,0,15,24.2,40.0,22,14,8.3,55,2,0.64,22,92.6,0,1,62,40.0,0.0,110.2,0.0,0,0,0,0,5,3,4.8,741,13.5,198,100.0,13,13,4.0,-2.4,1.71,0,0,0.0,100.0,13,3,0.0,13,0,0.09,1,68.5,0,0,13,61.5,0.0,87.8,0.0,0,0,0,0,0,0,0.0,66,5.1,44.4,18,18,5.6,26.2,3.17,0,6,26.1,38.9,7,6,12.5,18,1,0.5,7,90.1,0,0,23,38.9,0.0,85.4,0.0,0,0,0,0,0,2,8.7,220,12.2,42.1,19,19,5.9,14.9,2.68,0,1,4.8,31.6,6,7,25.0,19,2,-0.42,6,50.7,0,1,21,31.6,0.0,30.8,0.0,0,0,0,0,0,3,14.3,111,5.8,82.8,29,29,9.0,4.9,2.19,0,0,0.0,72.4,21,8,12.5,29,3,0.36,13,66.4,0,0,29,62.1,0.0,122.2,0.0,0,0,0,0,3,0,0.0,176,6.1,57.1,70,70,21.8,14.3,2.79,0,3,4.1,48.6,34,18,15.0,70,6,0.26,32,74.7,0,2,74,48.6,0.0,108.1,0.0,0,0,0,0,9,4,5.4,636,9.1,0,100.0,6,6,1.9,-2.8,2.35,0,0,0.0,100.0,6,1,0.0,6,0,-0.3,1,66.1,0,0,6,33.3,0.0,79.2,0.0,0,0,0,0,0,0,0.0,18,3.0,40.0,20,20,6.2,28.4,3.18,0,5,23.8,40.0,8,6,0.0,20,0,0.72,8,90.8,0,1,21,40.0,0.0,100.0,0.0,0,0,0,0,2,1,4.8,298,14.9,46.2,13,13,4.0,14.8,3.08,0,0,0.0,23.1,3,4,50.0,13,3,-0.01,3,59.8,0,0,14,23.1,0.0,75.5,0.0,0,0,0,0,1,0,0.0,71,5.5,75.0,24,24,7.5,4.7,2.54,0,0,0.0,70.8,17,7,5.6,24,1,0.14,6,40.5,0,1,24,50.0,0.0,80.4,0.0,0,0,0,0,1,2,8.3,131,5.5,82.8,128,128,39.9,4.5,2.23,0,0,0.0,74.2,95,26,10.4,128,11,0.22,52,57.9,0,4,129,59.4,0.0,94.9,0.0,0,0,0,0,6,4,3.1,870,6.8
Kaden Anderson,127312,QB,WYOMING,12,340,369,90.2,61,61,17.9,-3.4,1.83,0,0,0.0,83.6,51,9,7.3,61,4,-0.07,17,69.7,0,0,65,44.3,0.0,97.3,0.0,0,0,0,0,1,0,0.0,369,6.0,90.6,53,53,15.6,-3.4,1.69,0,0,0.0,83.0,44,6,8.3,53,4,-0.02,16,68.7,0,0,56,47.2,0.0,100.1,0.0,0,0,0,0,1,0,0.0,345,6.5,38.5,13,13,3.8,31.6,3.37,0,0,0.0,38.5,5,6,0.0,13,0,-0.16,5,56.9,0,1,16,30.8,0.0,50.8,0.0,0,0,0,0,0,1,6.3,152,11.7,60.7,28,28,8.2,13.9,3.16,0,1,3.3,53.6,15,6,11.8,28,2,0.28,13,83.3,0,1,30,53.6,0.0,88.4,0.0,0,0,0,0,1,2,6.7,300,10.7,79.3,87,87,25.6,4.3,2.7,0,0,0.0,69.0,60,14,13.0,87,9,-0.01,25,48.9,0,4,92,51.7,0.0,80.2,0.0,0,0,0,0,4,7,7.6,511,5.9,0,27.3,44,44,12.9,29.7,3.11,0,5,9.4,27.3,12,17,0.0,44,0,-0.19,12,49.5,0,3,53,25.0,0.0,62.6,0.0,0,0,0,0,4,3,5.7,355,8.1,351,80.0,5,5,1.5,-3.8,2.98,0,0,0.0,80.0,4,3,0.0,5,0,-0.58,0,65.5,0,0,5,20.0,0.0,79.2,0.0,0,0,0,0,0,0,0.0,4,0.8,33.3,12,12,3.5,26.7,2.95,0,3,18.8,33.3,4,3,0.0,12,0,0.23,4,63.8,0,0,16,33.3,0.0,101.0,0.0,0,0,0,0,1,0,0.0,125,10.4,33.3,15,15,4.4,14.3,2.75,0,1,6.3,33.3,5,3,0.0,15,0,0.2,4,55.4,0,0,16,33.3,0.0,90.8,0.0,0,0,0,0,2,0,0.0,77,5.1,86.2,29,29,8.5,5.4,2.36,0,0,0.0,79.3,23,4,8.0,29,2,0.13,9,62.0,0,0,30,65.5,0.0,89.2,0.0,0,0,0,0,0,0,0.0,157,5.4,48.3,58,58,17.1,13.8,3.11,0,3,4.8,41.4,24,14,14.3,58,4,0.16,21,71.1,0,1,62,41.4,0.0,77.4,0.0,0,0,0,0,3,2,3.2,429,7.4,0,100.0,3,3,0.9,-2.0,2.37,0,0,0.0,100.0,3,0,0.0,3,0,-0.19,1,64.7,0,0,4,33.3,,94.4,0.0,0,0,0,0,0,0,0.0,20,6.7,15.8,19,19,5.6,30.3,3.04,0,2,9.5,15.8,3,8,0.0,19,0,-0.48,3,38.7,0,2,21,15.8,0.0,44.2,0.0,0,0,0,0,3,2,9.5,78,4.1,40.0,15,15,4.4,13.2,3.37,0,1,6.3,26.7,4,5,33.3,15,2,-0.1,4,58.1,0,0,16,26.7,0.0,41.5,0.0,0,0,0,0,0,0,0.0,52,3.5,69.0,29,29,8.5,4.9,2.75,0,0,0.0,65.5,19,7,5.0,29,1,-0.17,7,48.4,0,2,30,55.2,0.0,49.2,0.0,0,0,0,0,0,1,3.3,148,5.1,78.6,145,145,42.6,4.6,2.64,0,0,0.0,70.3,102,25,10.5,145,12,-0.02,41,49.7,0,6,152,55.2,0.0,76.1,0.0,0,0,0,0,4,8,5.3,816,5.6
Blake Shapen,122282,QB,MISS STATE,11,303,368,96.2,52,52,17.2,-3.4,1.77,0,0,0.0,94.2,49,5,2.0,52,1,0.0,11,71.7,0,0,54,42.3,0.0,96.5,0.0,0,0,0,0,2,0,0.0,212,4.1,97.6,41,41,13.5,-3.7,1.76,0,0,0.0,95.1,39,4,2.5,41,1,-0.01,9,72.5,0,0,43,39.0,0.0,100.3,0.0,0,0,0,0,2,0,0.0,171,4.2,35.3,17,17,5.6,36.2,2.98,0,5,25.0,29.4,5,5,16.7,17,1,0.16,5,79.4,0,2,20,29.4,0.0,57.6,0.0,0,0,0,0,1,1,5.0,206,12.1,72.2,36,36,11.9,12.9,2.64,0,0,0.0,61.1,22,5,15.4,36,4,0.81,21,90.0,0,2,39,58.3,0.0,100.5,0.0,0,0,0,0,2,1,2.6,468,13.0,80.9,68,68,22.4,5.0,2.33,0,0,0.0,70.6,48,13,12.7,68,7,-0.13,24,72.3,0,4,72,55.9,0.0,79.9,0.0,0,0,0,0,3,3,4.2,470,6.9,0,42.5,40,40,13.2,37.4,2.92,0,15,31.9,40.0,16,11,5.9,40,1,0.96,16,90.6,0,2,47,40.0,0.0,106.3,0.0,0,0,0,0,6,2,4.3,719,18.0,227,80.0,5,5,1.7,-2.0,1.28,0,0,0.0,80.0,4,1,0.0,5,0,-0.15,1,58.9,0,0,5,40.0,0.0,80.0,0.0,0,0,0,0,0,0,0.0,16,3.2,60.0,10,10,3.3,41.9,2.85,0,5,50.0,60.0,6,3,0.0,10,0,2.63,6,93.3,0,0,10,60.0,0.0,143.8,0.0,0,0,0,0,2,0,0.0,320,32.0,62.5,8,8,2.6,13.1,2.63,0,0,0.0,62.5,5,2,0.0,8,0,0.74,4,67.2,0,0,8,62.5,0.0,92.2,0.0,0,0,0,0,0,0,0.0,73,9.1,87.9,33,33,10.9,3.5,2.15,0,0,0.0,75.8,25,8,13.8,33,4,0.57,12,72.8,0,0,33,63.6,0.0,106.4,0.0,0,0,0,0,1,0,0.0,246,7.5,66.7,51,51,16.8,12.9,2.65,0,0,0.0,58.8,30,8,11.8,51,4,0.73,28,86.1,0,2,54,56.9,0.0,95.3,0.0,0,0,0,0,2,1,1.9,581,11.4,0,100.0,6,6,2.0,-2.3,2.22,0,0,0.0,100.0,6,0,0.0,6,0,0.22,1,66.0,0,0,6,66.7,,84.0,0.0,0,0,0,0,0,0,0.0,25,4.2,38.5,13,13,4.3,35.6,2.89,0,5,29.4,38.5,5,3,0.0,13,0,0.72,5,75.9,0,0,17,38.5,0.0,125.8,0.0,0,0,0,0,3,1,5.9,193,14.8,42.9,7,7,2.3,12.4,2.7,0,0,0.0,42.9,3,1,0.0,7,0,0.33,3,62.6,0,0,7,42.9,0.0,61.6,0.0,0,0,0,0,0,0,0.0,40,5.7,88.2,34,34,11.2,4.2,2.37,0,0,0.0,79.4,27,5,10.0,34,3,0.3,7,73.1,0,0,35,55.9,0.0,101.0,0.0,0,0,0,0,1,0,0.0,200,5.9,84.4,135,135,44.6,4.4,2.29,0,0,0.0,74.1,100,26,12.3,135,14,0.15,43,76.2,0,4,140,57.8,0.0,92.1,0.0,0,0,0,0,5,3,2.1,916,6.8
Bear Bachmeier,203434,QB,BYU,12,324,367,95.8,72,72,22.2,-2.8,1.73,0,0,0.0,90.3,65,15,5.8,72,4,-0.12,13,69.3,0,0,73,38.9,0.0,95.0,0.0,0,0,0,0,1,0,0.0,409,5.7,95.9,49,49,15.1,-2.9,1.76,0,0,0.0,89.8,44,11,6.4,49,3,-0.13,10,67.8,0,0,49,38.8,0.0,99.8,0.0,0,0,0,0,1,0,0.0,310,6.3,72.2,18,18,5.6,30.1,2.91,0,6,31.6,61.1,11,5,15.4,18,2,1.64,11,91.2,0,0,19,61.1,0.0,144.7,0.0,0,0,0,0,4,3,15.8,385,21.4,68.3,63,63,19.4,13.5,2.86,0,0,0.0,60.3,38,18,11.6,63,5,0.73,38,79.6,0,2,65,60.3,0.0,107.1,0.0,0,0,0,0,3,6,9.2,801,12.7,77.4,53,53,16.4,4.2,2.28,0,0,0.0,69.8,37,9,9.8,53,4,0.18,16,65.4,0,1,56,62.3,0.0,91.9,0.0,0,0,0,0,2,1,1.8,342,6.5,0,42.5,40,40,12.3,29.1,2.96,0,11,22.9,32.5,13,9,23.5,40,4,0.39,13,76.2,0,1,48,32.5,0.0,97.0,0.0,0,0,0,0,4,6,12.5,431,10.8,128,100.0,17,17,5.2,-2.6,1.49,0,0,0.0,94.1,16,1,5.9,17,1,-0.11,1,69.2,0,0,17,29.4,0.0,82.8,0.0,0,0,0,0,0,0,0.0,66,3.9,22.2,9,9,2.8,24.7,3.24,0,2,15.4,11.1,1,2,50.0,9,1,-0.43,1,56.1,0,1,13,11.1,0.0,0.0,0.0,0,0,0,0,0,1,7.7,19,2.1,68.4,19,19,5.9,14.2,2.62,0,0,0.0,68.4,13,6,0.0,19,0,0.62,13,75.7,0,0,19,68.4,0.0,137.6,0.0,0,0,0,0,2,1,5.3,198,10.4,88.2,17,17,5.2,4.8,1.79,0,0,0.0,76.5,13,1,13.3,17,2,0.52,4,62.6,0,0,17,70.6,0.0,92.3,0.0,0,0,0,0,0,0,0.0,108,6.4,67.6,102,102,31.5,13.6,2.82,0,0,0.0,62.7,64,27,7.2,102,5,0.69,64,85.3,0,2,106,62.7,0.0,110.9,0.0,0,0,0,0,5,7,6.6,1183,11.6,0,83.3,6,6,1.9,-3.3,2.18,0,0,0.0,83.3,5,3,0.0,6,0,0.02,2,60.8,0,0,7,66.7,0.0,89.6,0.0,0,0,0,0,0,0,0.0,33,5.5,15.4,13,13,4.0,30.8,2.82,0,3,18.8,7.7,1,2,50.0,13,1,-0.79,1,60.2,0,0,16,7.7,0.0,39.6,0.0,0,0,0,0,0,2,12.5,27,2.1,65.0,20,20,6.2,13.5,2.89,0,0,0.0,65.0,13,3,0.0,20,0,0.64,13,84.5,0,0,22,65.0,0.0,94.6,0.0,0,0,0,0,0,0,0.0,184,9.2,84.2,19,19,5.9,3.7,2.01,0,0,0.0,84.2,16,2,0.0,19,0,0.52,5,68.8,0,0,22,73.7,0.0,126.5,0.0,0,0,0,0,2,0,0.0,113,5.9,80.9,89,89,27.5,4.2,2.13,0,0,0.0,74.2,66,12,8.3,89,6,0.32,25,67.3,0,1,95,66.3,0.0,100.5,0.0,0,0,0,0,4,1,1.1,563,6.3
Jack Layne,158966,QB,NEW MEXICO,12,301,365,97.1,68,68,22.6,-2.7,1.78,0,0,0.0,91.2,62,9,6.1,68,4,0.06,15,72.7,0,0,68,36.8,0.0,109.1,0.0,0,0,0,0,3,0,0.0,452,6.6,96.2,53,53,17.6,-2.8,1.68,0,0,0.0,90.6,48,5,5.9,53,3,0.12,13,71.5,0,0,53,37.7,0.0,115.9,0.0,0,0,0,0,3,0,0.0,386,7.3,46.7,15,15,5.0,34.8,3.25,0,7,36.8,46.7,7,9,0.0,15,0,0.86,7,90.3,0,3,19,46.7,0.0,93.1,0.0,0,0,0,0,2,3,15.8,294,19.6,66.7,21,21,7.0,14.1,2.55,0,0,0.0,66.7,14,8,0.0,21,0,0.78,14,81.3,0,1,24,66.7,0.0,121.6,0.0,0,0,0,0,2,1,4.2,265,12.6,71.9,57,57,18.9,4.0,2.22,0,0,0.0,68.4,39,16,4.9,57,2,-0.06,16,56.0,0,1,63,50.9,0.0,88.3,0.0,0,0,0,0,2,0,0.0,339,5.9,0,46.3,41,41,13.6,29.4,2.84,0,16,31.4,41.5,17,17,10.5,41,2,0.71,17,93.0,0,3,51,41.5,0.0,82.6,0.0,0,0,0,0,3,3,5.9,598,14.6,241,100.0,4,4,1.3,-3.0,1.65,0,0,0.0,75.0,3,1,25.0,4,1,-0.28,0,64.8,0,0,4,25.0,0.0,77.1,0.0,0,0,0,0,0,0,0.0,8,2.0,50.0,12,12,4.0,26.6,2.45,0,4,28.6,41.7,5,2,16.7,12,1,0.39,5,93.2,0,0,14,41.7,0.0,88.9,0.0,0,0,0,0,0,0,0.0,155,12.9,74.1,27,27,9.0,14.9,2.59,0,1,3.3,66.7,18,9,10.0,27,2,0.99,18,81.4,0,1,30,66.7,0.0,106.6,0.0,0,0,0,0,1,1,3.3,341,12.6,82.6,23,23,7.6,4.7,2.22,0,0,0.0,82.6,19,3,0.0,23,0,0.23,8,71.6,0,0,26,60.9,0.0,104.0,0.0,0,0,0,0,1,0,0.0,126,5.5,67.7,65,65,21.6,14.8,2.71,0,2,2.7,64.6,42,23,4.5,65,2,0.76,42,83.1,0,4,73,64.6,0.0,99.5,0.0,0,0,0,0,4,4,5.5,759,11.7,0,100.0,11,11,3.7,-2.4,2.3,0,0,0.0,100.0,11,3,0.0,11,0,-0.1,2,67.7,0,0,11,36.4,0.0,88.6,0.0,0,0,0,0,0,0,0.0,58,5.3,42.9,14,14,4.7,26.1,2.73,0,5,27.8,35.7,5,6,16.7,14,1,0.84,5,82.2,0,0,18,35.7,0.0,100.0,0.0,0,0,0,0,1,0,0.0,149,10.6,58.8,17,17,5.6,15.4,3.1,0,1,5.3,58.8,10,6,0.0,17,0,0.35,10,67.7,0,2,19,58.8,0.0,68.6,0.0,0,0,0,0,1,2,10.5,153,9.0,83.3,24,24,8.0,4.0,2.16,0,0,0.0,83.3,20,4,0.0,24,0,-0.08,10,54.7,0,1,28,54.2,0.0,71.0,0.0,0,0,0,0,0,1,3.6,125,5.2,76.9,104,104,34.6,4.1,2.2,0,0,0.0,75.0,78,23,2.5,104,2,0.0,34,59.6,0,2,117,53.8,0.0,89.8,0.0,0,0,0,0,3,1,0.9,590,5.7
Cutter Boley,184630,QB,KENTUCKY,11,305,364,92.8,69,69,22.6,-3.4,1.72,0,0,0.0,91.3,63,10,1.6,69,1,0.04,19,66.2,0,1,72,44.9,0.0,95.6,0.0,0,0,0,0,2,1,1.4,419,6.1,100.0,43,43,14.1,-3.8,1.33,0,0,0.0,100.0,43,2,0.0,43,0,0.42,15,72.4,0,0,44,58.1,0.0,115.7,0.0,0,0,0,0,2,0,0.0,346,8.0,28.6,7,7,2.3,28.9,2.83,0,1,14.3,28.6,2,2,0.0,7,0,0.28,2,65.3,0,1,7,42.9,0.0,28.6,0.0,0,0,0,0,0,0,0.0,69,9.9,71.4,28,28,9.2,13.4,3.02,0,0,0.0,71.4,20,6,0.0,28,0,0.43,19,64.3,0,3,29,67.9,0.0,97.9,0.0,0,0,0,0,2,5,17.2,399,14.3,84.1,69,69,22.6,4.2,2.37,0,0,0.0,75.4,52,14,10.3,69,6,0.22,27,82.5,0,0,71,50.7,0.0,106.1,0.0,0,0,0,0,3,0,0.0,443,6.4,0,19.0,42,42,13.8,29.5,2.99,0,7,14.3,19.0,8,12,0.0,42,0,-0.24,8,38.4,0,5,49,21.4,0.0,38.2,0.0,0,0,0,0,3,6,12.2,271,6.5,202,80.0,15,15,4.9,-2.7,2.25,0,0,0.0,80.0,12,3,0.0,15,0,-0.28,2,58.7,0,0,16,26.7,0.0,79.7,0.0,0,0,0,0,0,0,0.0,47,3.1,22.2,18,18,5.9,27.3,2.84,0,4,18.2,22.2,4,5,0.0,18,0,0.02,4,42.1,0,3,22,22.2,0.0,56.7,0.0,0,0,0,0,2,4,18.2,139,7.7,71.4,7,7,2.3,14.6,2.97,0,0,0.0,71.4,5,1,0.0,7,0,1.53,5,79.5,0,0,9,71.4,0.0,142.9,0.0,0,0,0,0,1,0,0.0,70,10.0,77.3,22,22,7.2,3.8,2.07,0,0,0.0,59.1,13,2,23.5,22,4,0.01,8,65.3,0,0,23,40.9,0.0,83.9,0.0,0,0,0,0,1,0,0.0,92,4.2,68.5,54,54,17.7,13.8,3.15,0,0,0.0,68.5,37,13,0.0,54,0,0.61,34,75.5,0,5,58,66.7,0.0,97.2,0.0,0,0,0,0,4,8,13.8,673,12.5,0,81.8,11,11,3.6,-2.6,2.49,0,0,0.0,72.7,8,5,11.1,11,1,-1.03,2,53.4,0,1,12,18.2,0.0,37.3,0.0,0,0,0,0,0,1,8.3,26,2.4,11.8,17,17,5.6,31.9,3.22,0,2,10.0,11.8,2,5,0.0,17,0,-0.72,2,34.9,0,1,20,11.8,0.0,37.6,0.0,0,0,0,0,1,2,10.0,63,3.7,63.2,19,19,6.2,14.2,3.4,0,0,0.0,63.2,12,6,0.0,19,0,0.55,10,77.1,0,2,20,63.2,0.0,77.4,0.0,0,0,0,0,1,3,15.0,204,10.7,73.5,34,34,11.1,5.3,2.53,0,0,0.0,73.5,25,6,0.0,34,0,0.32,15,62.2,0,1,36,61.8,0.0,104.7,0.0,0,0,0,0,2,1,2.8,277,8.1,80.0,125,125,41.0,4.4,2.36,0,0,0.0,72.0,90,22,10.0,125,10,0.21,50,76.3,0,1,130,52.0,0.0,101.8,0.0,0,0,0,0,6,1,0.8,812,6.5
Parker Navarro,123758,QB,OHIO,12,293,363,94.7,19,19,6.5,-2.1,2.05,0,0,0.0,94.7,18,3,0.0,19,0,-0.27,4,69.6,0,0,19,31.6,0.0,82.0,0.0,0,0,0,0,0,0,0.0,70,3.7,93.3,15,15,5.1,-1.9,2.14,0,0,0.0,93.3,14,3,0.0,15,0,-0.18,4,68.8,0,0,15,33.3,0.0,83.9,0.0,0,0,0,0,0,0,0.0,62,4.1,34.8,23,23,7.8,33.3,3.32,0,4,15.4,30.4,7,5,12.5,23,1,0.45,7,57.7,0,1,26,30.4,0.0,84.3,0.0,0,0,0,0,2,3,11.5,254,11.0,66.7,33,33,11.3,12.9,2.84,0,0,0.0,63.6,21,7,4.5,33,1,0.53,20,58.3,0,2,38,63.6,0.0,106.3,0.0,0,0,0,0,3,5,13.2,365,11.1,75.6,82,82,28.0,4.2,2.46,0,0,0.0,72.0,59,18,4.8,82,3,0.19,30,54.5,0,3,85,59.8,0.0,89.8,0.0,0,0,0,0,4,2,2.4,527,6.4,0,40.8,49,49,16.7,31.0,3.33,0,13,21.7,38.8,19,13,5.0,49,1,0.55,19,79.5,0,3,60,38.8,0.0,100.3,0.0,0,0,0,0,6,3,5.0,610,12.4,259,100.0,2,2,0.7,-3.5,1.75,0,0,0.0,100.0,2,0,0.0,2,0,-1.06,0,62.7,0,0,2,0.0,,79.2,0.0,0,0,0,0,0,0,0.0,-1,-0.5,41.7,12,12,4.1,28.6,3.8,0,3,18.8,41.7,5,3,0.0,12,0,0.51,5,78.8,0,2,16,41.7,0.0,88.9,0.0,0,0,0,0,2,0,0.0,153,12.8,81.3,16,16,5.5,12.8,3.6,0,0,0.0,68.8,11,9,15.4,16,2,0.33,8,76.4,0,0,16,62.5,0.0,101.3,0.0,0,0,0,0,0,1,6.3,161,10.1,89.5,19,19,6.5,4.6,2.73,0,0,0.0,84.2,16,5,5.9,19,1,0.41,11,58.5,0,1,19,73.7,0.0,72.6,0.0,0,0,0,0,0,2,10.5,127,6.7,70.3,64,64,21.8,13.3,3.23,0,1,1.4,65.6,42,22,6.7,64,3,0.56,37,73.1,0,2,69,64.1,0.0,110.0,0.0,0,0,0,0,4,6,8.7,697,10.9,0,100.0,2,2,0.7,-2.0,1.65,0,0,0.0,100.0,2,0,0.0,2,0,-0.2,0,62.6,0,0,2,50.0,,85.4,0.0,0,0,0,0,0,0,0.0,9,4.5,50.0,14,14,4.8,29.4,2.96,0,6,33.3,50.0,7,5,0.0,14,0,0.76,7,90.8,0,0,18,50.0,0.0,135.4,0.0,0,0,0,0,2,0,0.0,203,14.5,66.7,15,15,5.1,14.5,3.69,0,1,6.7,66.7,10,6,0.0,15,0,0.85,9,86.3,0,0,15,66.7,0.0,127.4,0.0,0,0,0,0,1,0,0.0,171,11.4,78.8,33,33,11.3,3.9,2.44,0,0,0.0,69.7,23,4,11.5,33,3,-0.14,10,62.6,0,1,33,48.5,0.0,73.4,0.0,0,0,0,0,0,1,3.0,205,6.2,78.4,134,134,45.7,4.2,2.5,0,0,0.0,73.1,98,27,6.7,134,7,0.14,51,56.7,0,5,137,59.0,0.0,84.1,0.0,0,0,0,0,4,5,3.6,859,6.4
Conner Weigman,158683,QB,HOUSTON,12,319,362,97.7,44,44,13.8,-3.3,1.98,0,0,0.0,93.2,41,5,4.7,44,2,0.28,17,72.2,0,0,45,50.0,0.0,108.2,0.0,0,0,0,0,2,0,0.0,279,6.3,97.4,38,38,11.9,-3.2,1.89,0,0,0.0,94.7,36,2,2.7,38,1,0.33,16,71.7,0,0,39,52.6,0.0,112.4,0.0,0,0,0,0,2,0,0.0,257,6.8,30.8,13,13,4.1,34.2,3.05,0,5,31.3,30.8,4,6,0.0,13,0,0.09,4,71.6,0,1,16,30.8,0.0,43.1,0.0,0,0,0,0,0,2,12.5,148,11.4,57.6,33,33,10.3,14.2,2.59,0,1,2.8,51.5,17,6,10.5,33,2,0.38,16,65.8,0,3,36,51.5,0.0,86.0,0.0,0,0,0,0,6,3,8.3,311,9.4,83.8,80,80,25.1,4.2,2.24,0,0,0.0,80.0,64,19,4.5,80,3,0.25,34,62.4,0,3,83,60.0,0.0,110.7,0.0,0,0,0,0,6,4,4.8,665,8.3,0,35.7,42,42,13.2,30.5,2.73,0,13,22.8,35.7,15,15,0.0,42,0,0.46,15,77.1,0,2,57,35.7,0.0,95.8,0.0,0,0,0,0,4,3,5.3,574,13.7,182,100.0,1,1,0.3,-1.0,2.9,0,0,0.0,0.0,0,1,100.0,1,1,-0.85,0,60.4,0,0,1,0.0,0.0,39.6,0.0,0,0,0,0,0,0,0.0,0,0.0,42.9,7,7,2.2,26.7,2.83,0,2,14.3,42.9,3,2,0.0,7,0,-0.27,3,55.7,0,1,14,42.9,0.0,45.8,0.0,0,0,0,0,0,1,7.1,80,11.4,58.8,17,17,5.3,13.5,2.9,0,1,5.3,58.8,10,6,0.0,17,0,0.62,10,61.0,0,0,19,58.8,0.0,125.1,0.0,0,0,0,0,2,2,10.5,142,8.4,75.9,29,29,9.1,3.7,2.77,0,0,0.0,69.0,20,9,9.1,29,2,-0.18,8,59.8,0,1,30,41.4,0.0,65.0,0.0,0,0,0,0,0,1,3.3,138,4.8,56.9,72,72,22.6,14.0,2.77,0,2,2.5,54.2,39,17,4.9,72,2,0.49,37,66.8,0,3,80,54.2,0.0,107.1,0.0,0,0,0,0,9,5,6.3,651,9.0,0,100.0,5,5,1.6,-4.4,2.48,0,0,0.0,100.0,5,2,0.0,5,0,0.11,1,65.3,0,0,5,40.0,0.0,85.0,0.0,0,0,0,0,0,0,0.0,22,4.4,36.4,22,22,6.9,29.4,2.5,0,6,22.2,36.4,8,7,0.0,22,0,0.91,8,84.5,0,0,27,36.4,0.0,124.1,0.0,0,0,0,0,4,0,0.0,346,15.7,54.5,22,22,6.9,14.2,2.95,0,0,0.0,54.5,12,5,0.0,22,0,0.54,11,67.9,0,0,25,54.5,0.0,100.2,0.0,0,0,0,0,1,0,0.0,198,9.0,80.6,31,31,9.7,3.9,2.45,0,0,0.0,80.6,25,10,0.0,31,0,0.24,7,57.9,0,0,32,51.6,0.0,89.2,0.0,0,0,0,0,0,0,0.0,168,5.4,81.4,140,140,43.9,4.0,2.4,0,0,0.0,77.9,109,38,4.4,140,5,0.16,49,60.8,0,4,145,54.3,0.0,97.9,0.0,0,0,0,0,6,5,3.4,971,6.9
Jalen Kitna,146688,QB,UAB,10,336,362,95.2,62,62,18.5,-3.0,1.74,0,0,0.0,88.7,55,8,6.8,62,4,-0.04,15,69.6,0,0,62,37.1,0.0,90.7,0.0,0,0,0,0,1,0,0.0,278,4.5,93.6,47,47,14.0,-3.0,1.68,0,0,0.0,87.2,41,5,6.8,47,3,-0.06,11,67.8,0,0,47,34.0,0.0,92.7,0.0,0,0,0,0,1,0,0.0,214,4.6,37.5,16,16,4.8,31.4,3.21,0,4,25.0,31.3,5,3,16.7,16,1,0.59,5,72.0,0,1,16,31.3,0.0,54.2,0.0,0,0,0,0,0,3,18.8,229,14.3,65.6,61,61,18.2,12.9,2.94,0,1,1.6,62.3,38,18,5.0,61,2,0.66,35,69.4,0,3,64,60.7,0.0,106.8,0.0,0,0,0,0,5,7,10.9,673,11.0,78.7,94,94,28.0,4.3,2.47,0,0,0.0,76.6,72,23,2.7,94,2,0.19,37,67.3,0,2,96,56.4,0.0,102.0,0.0,0,0,0,0,4,2,2.1,694,7.4,0,29.4,34,34,10.1,28.4,3.23,0,6,14.6,26.5,9,8,10.0,34,1,0.37,9,54.6,0,2,41,26.5,0.0,66.5,0.0,0,0,0,0,2,5,12.2,362,10.6,321,100.0,9,9,2.7,-2.6,1.39,0,0,0.0,88.9,8,1,11.1,9,1,0.13,3,66.8,0,0,9,55.6,0.0,88.4,0.0,0,0,0,0,0,0,0.0,47,5.2,16.7,6,6,1.8,25.5,3.32,0,0,0.0,16.7,1,1,0.0,6,0,-0.38,1,46.3,0,0,10,16.7,0.0,43.1,0.0,0,0,0,0,0,0,0.0,23,3.8,66.7,9,9,2.7,16.1,3.0,0,0,0.0,44.4,4,1,33.3,9,2,0.58,4,73.7,0,0,9,44.4,0.0,77.5,0.0,0,0,0,0,0,0,0.0,83,9.2,100.0,19,19,5.7,5.4,2.47,0,0,0.0,94.7,18,2,5.3,19,1,0.38,6,74.4,0,0,19,68.4,0.0,114.9,0.0,0,0,0,0,1,0,0.0,140,7.4,61.8,89,89,26.5,13.7,3.18,0,2,2.2,55.1,49,26,10.9,89,6,0.36,46,65.8,0,6,93,53.9,0.0,79.0,0.0,0,0,0,0,5,10,10.8,864,9.7,0,100.0,6,6,1.8,-3.7,2.73,0,0,0.0,100.0,6,2,0.0,6,0,-0.11,1,66.0,0,0,6,33.3,0.0,79.2,0.0,0,0,0,0,0,0,0.0,17,2.8,25.0,12,12,3.6,25.9,3.21,0,2,13.3,25.0,3,4,0.0,12,0,0.45,3,46.6,0,1,15,25.0,0.0,70.1,0.0,0,0,0,0,2,2,13.3,110,9.2,47.4,19,19,5.7,15.2,4.02,0,1,5.0,36.8,7,7,22.2,19,2,-0.67,7,48.3,0,3,20,36.8,0.0,16.9,0.0,0,0,0,0,0,3,15.0,108,5.7,87.0,23,23,6.8,4.4,2.72,0,0,0.0,87.0,20,9,0.0,23,0,-0.06,8,74.5,0,0,25,56.5,0.0,88.6,0.0,0,0,0,0,0,0,0.0,121,5.3,83.1,136,136,40.5,4.5,2.51,0,0,0.0,80.9,110,34,2.7,136,3,0.17,51,72.9,0,2,140,58.1,0.0,102.1,0.0,0,0,0,0,5,2,1.4,955,7.0
Evan Simon,129906,QB,TEMPLE,12,314,357,90.2,41,41,13.1,-2.9,1.94,0,0,0.0,90.2,37,9,0.0,41,0,0.04,9,63.2,0,0,43,41.5,0.0,111.5,0.0,0,0,0,0,3,0,0.0,201,4.9,86.7,30,30,9.6,-3.0,1.87,0,0,0.0,86.7,26,7,0.0,30,0,0.1,7,62.4,0,0,31,43.3,0.0,113.2,0.0,0,0,0,0,2,0,0.0,175,5.8,66.7,9,9,2.9,27.7,2.73,0,2,18.2,55.6,5,2,16.7,9,1,1.6,5,85.7,0,0,11,55.6,0.0,140.0,0.0,0,0,0,0,3,0,0.0,146,16.2,75.8,33,33,10.5,15.1,2.41,0,6,18.2,72.7,24,8,4.0,33,1,1.12,23,83.6,0,2,33,69.7,0.0,119.8,0.0,0,0,0,0,3,4,12.1,528,16.0,79.7,64,64,20.4,4.5,2.34,0,0,0.0,73.4,47,15,7.8,64,4,0.2,23,65.6,0,0,65,56.3,0.0,109.1,0.0,0,0,0,0,4,1,1.5,384,6.0,0,45.5,33,33,10.5,26.8,2.71,0,6,16.7,42.4,14,5,6.7,33,1,0.85,14,76.9,0,0,36,42.4,0.0,128.8,0.0,0,0,0,0,7,1,2.8,410,12.4,306,100.0,2,2,0.6,-3.5,1.3,0,0,0.0,100.0,2,0,0.0,2,0,-0.05,1,62.6,0,0,2,50.0,,79.2,0.0,0,0,0,0,0,0,0.0,5,2.5,20.0,10,10,3.2,29.1,2.88,0,0,0.0,20.0,2,1,0.0,10,0,-0.02,2,42.0,0,0,11,20.0,0.0,57.1,0.0,0,0,0,0,0,1,9.1,72,7.2,45.0,20,20,6.4,14.5,2.54,0,0,0.0,45.0,9,5,0.0,20,0,0.35,9,58.9,0,0,21,45.0,0.0,94.4,0.0,0,0,0,0,2,0,0.0,103,5.2,68.0,25,25,8.0,4.9,2.14,0,0,0.0,68.0,17,7,0.0,25,0,0.37,10,66.4,0,0,25,68.0,0.0,119.0,0.0,0,0,0,0,3,0,0.0,124,5.0,60.0,70,70,22.3,14.6,2.51,0,7,9.5,58.6,41,18,2.4,70,1,0.7,40,70.7,0,2,74,57.1,0.0,107.1,0.0,0,0,0,0,5,5,6.8,744,10.6,0,100.0,9,9,2.9,-2.4,2.3,0,0,0.0,100.0,9,2,0.0,9,0,-0.14,1,61.9,0,0,10,33.3,0.0,116.2,0.0,0,0,0,0,1,0,0.0,21,2.3,50.0,14,14,4.5,24.7,2.56,0,4,28.6,50.0,7,2,0.0,14,0,0.99,7,86.6,0,0,14,50.0,0.0,135.4,0.0,0,0,0,0,4,0,0.0,192,13.7,47.1,17,17,5.4,13.7,2.68,0,1,5.0,47.1,8,5,0.0,17,0,0.31,8,55.3,0,0,20,47.1,0.0,69.0,0.0,0,0,0,0,0,1,5.0,113,6.6,81.4,43,43,13.7,4.9,2.06,0,0,0.0,79.1,34,4,2.9,43,1,0.4,16,80.9,0,0,43,62.8,0.0,112.9,0.0,0,0,0,0,3,1,2.3,237,5.5,78.0,132,132,42.0,4.7,2.21,0,0,0.0,74.2,98,26,4.9,132,5,0.29,49,74.0,0,0,133,60.6,0.0,112.7,0.0,0,0,0,0,10,2,1.5,745,5.6
Haynes King,124329,QB,GA TECH,11,324,350,97.6,84,84,25.9,-3.5,1.83,0,0,0.0,90.5,76,18,7.3,84,6,0.09,22,74.4,0,0,86,45.2,0.0,106.9,0.0,0,0,0,0,3,0,0.0,572,6.8,98.4,61,61,18.8,-3.5,1.66,0,0,0.0,90.2,55,10,8.3,61,5,0.26,19,73.2,0,0,63,49.2,0.0,117.4,0.0,0,0,0,0,3,0,0.0,503,8.2,50.0,20,20,6.2,34.4,3.41,0,5,25.0,45.0,9,3,10.0,20,1,0.76,9,88.4,0,2,20,45.0,0.0,52.1,0.0,0,0,0,0,0,1,5.0,321,16.1,65.4,26,26,8.0,13.6,2.71,0,1,3.6,61.5,16,9,5.9,26,1,0.56,14,84.8,0,1,28,61.5,0.0,107.4,0.0,0,0,0,0,2,0,0.0,277,10.7,88.6,88,88,27.2,3.8,2.38,0,0,0.0,86.4,76,17,2.6,88,2,0.43,40,66.3,0,1,90,70.5,0.0,113.1,0.0,0,0,0,0,4,1,1.1,761,8.6,0,52.6,38,38,11.7,31.6,3.23,0,13,30.2,47.4,18,8,10.0,38,2,0.83,18,92.1,0,3,43,47.4,0.0,87.1,0.0,0,0,0,0,3,2,4.7,581,15.3,176,100.0,13,13,4.0,-3.8,2.11,0,0,0.0,92.3,12,4,7.7,13,1,-0.37,3,68.0,0,0,13,38.5,0.0,83.3,0.0,0,0,0,0,0,0,0.0,52,4.0,42.9,7,7,2.2,31.4,2.96,0,2,20.0,42.9,3,0,0.0,7,0,0.48,3,72.3,0,0,10,42.9,,121.4,0.0,0,0,0,0,1,0,0.0,74,10.6,28.6,7,7,2.2,14.0,2.8,0,0,0.0,28.6,2,3,0.0,7,0,-0.01,2,41.4,0,0,7,28.6,0.0,65.8,0.0,0,0,0,0,0,0,0.0,65,9.3,88.2,17,17,5.2,3.9,2.86,0,0,0.0,82.4,14,5,6.7,17,1,0.35,7,69.3,0,0,17,64.7,0.0,94.1,0.0,0,0,0,0,0,0,0.0,112,6.6,63.5,52,52,16.0,13.6,2.83,0,1,1.8,57.7,30,19,9.1,52,3,0.63,28,85.6,0,1,55,55.8,0.0,98.7,0.0,0,0,0,0,2,0,0.0,546,10.5,0,90.0,10,10,3.1,-3.5,2.5,0,0,0.0,90.0,9,4,0.0,10,0,-0.38,0,67.7,0,0,10,30.0,0.0,79.2,0.0,0,0,0,0,0,0,0.0,17,1.7,63.6,11,11,3.4,26.6,3.06,0,6,46.2,54.5,6,5,14.3,11,1,1.17,6,92.8,0,1,13,54.5,0.0,101.3,0.0,0,0,0,0,2,1,7.7,186,16.9,73.7,19,19,5.9,13.5,3.02,0,0,0.0,63.2,12,7,14.3,19,2,0.95,12,90.4,0,0,20,57.9,0.0,99.5,0.0,0,0,0,0,0,0,0.0,204,10.7,80.0,20,20,6.2,4.2,2.57,0,0,0.0,80.0,16,5,0.0,20,0,-0.17,5,70.7,0,0,20,60.0,0.0,90.4,0.0,0,0,0,0,0,0,0.0,114,5.7,87.2,125,125,38.6,3.9,2.47,0,0,0.0,84.8,106,27,2.8,125,3,0.32,52,69.8,0,1,127,68.0,0.0,106.9,0.0,0,0,0,0,4,1,0.8,987,7.9
Julian Sayin,183708,QB,OHIO STATE,12,328,349,96.4,56,56,17.1,-3.4,1.95,0,0,0.0,94.6,53,8,1.9,56,1,0.04,12,66.5,0,1,56,51.8,0.0,93.4,0.0,0,0,0,0,2,1,1.8,299,5.3,95.6,45,45,13.7,-3.6,1.77,0,0,0.0,93.3,42,6,2.3,45,1,-0.05,9,64.6,0,1,45,53.3,0.0,86.4,0.0,0,0,0,0,1,1,2.2,233,5.2,84.2,19,19,5.8,33.6,3.04,0,11,52.4,84.2,16,7,0.0,19,0,2.62,16,99.9,0,0,21,84.2,0.0,158.3,0.0,0,0,0,0,8,0,0.0,635,33.4,85.2,27,27,8.2,13.4,3.04,0,1,3.7,77.8,21,5,8.7,27,2,1.0,20,92.7,0,1,27,77.8,0.0,142.9,0.0,0,0,0,0,4,1,3.7,359,13.3,94.3,87,87,26.5,4.1,2.61,0,0,0.0,93.1,81,15,1.2,87,1,0.69,49,90.1,0,1,89,78.2,0.0,105.4,0.0,0,0,0,0,2,0,0.0,748,8.6,0,64.1,39,39,11.9,32.5,3.12,0,16,36.4,64.1,25,11,0.0,39,0,1.89,25,97.2,0,0,44,64.1,0.0,147.2,0.0,0,0,0,0,13,1,2.3,974,25.0,260,100.0,4,4,1.2,-3.8,2.88,0,0,0.0,100.0,4,1,0.0,4,0,0.92,2,64.7,0,0,4,50.0,0.0,136.5,0.0,0,0,0,0,1,0,0.0,29,7.3,50.0,8,8,2.4,33.1,2.71,0,2,20.0,50.0,4,0,0.0,8,0,1.43,4,69.7,0,0,10,50.0,,135.4,0.0,0,0,0,0,2,1,10.0,206,25.8,55.6,27,27,8.2,14.6,2.68,0,2,7.1,51.9,14,6,6.7,27,1,0.3,14,73.4,0,1,28,51.9,0.0,101.1,0.0,0,0,0,0,4,1,3.6,205,7.6,90.6,32,32,9.8,4.6,2.98,0,0,0.0,87.5,28,6,3.4,32,1,0.18,10,75.9,0,0,32,65.6,0.0,91.0,0.0,0,0,0,0,0,0,0.0,187,5.8,69.4,72,72,22.0,13.6,2.86,0,4,5.4,65.3,47,13,6.0,72,3,0.65,45,91.6,0,2,74,65.3,0.0,123.7,0.0,0,0,0,0,13,2,2.7,678,9.4,0,100.0,7,7,2.1,-2.4,2.57,0,0,0.0,100.0,7,1,0.0,7,0,0.1,1,66.5,0,0,7,42.9,0.0,88.7,0.0,0,0,0,0,0,0,0.0,37,5.3,41.7,12,12,3.7,30.3,3.53,0,3,23.1,41.7,5,4,0.0,12,0,1.03,5,84.3,0,0,13,41.7,0.0,122.6,0.0,0,0,0,0,3,0,0.0,133,11.1,66.7,18,18,5.5,12.3,2.87,0,1,5.3,66.7,12,2,0.0,18,0,0.65,11,88.6,0,0,19,66.7,0.0,123.6,0.0,0,0,0,0,5,0,0.0,114,6.3,85.7,28,28,8.5,4.6,3.16,0,0,0.0,85.7,24,8,0.0,28,0,0.17,9,71.7,0,1,28,60.7,0.0,78.4,0.0,0,0,0,0,0,1,3.6,179,6.4,91.8,147,147,44.8,4.3,2.8,0,0,0.0,90.5,133,29,1.5,147,2,0.48,68,88.9,0,2,149,72.1,0.0,97.1,0.0,0,0,0,0,2,1,0.7,1114,7.6
Tayven Jackson,157615,QB,UCF,11,317,349,96.3,82,82,25.9,-3.2,1.89,0,0,0.0,93.9,77,12,2.5,82,2,-0.02,18,68.4,0,1,83,47.6,0.0,85.7,0.0,0,0,0,0,0,1,1.2,474,5.8,98.4,62,62,19.6,-3.4,1.95,0,0,0.0,96.8,60,10,1.6,62,1,0.08,15,68.6,0,1,63,53.2,0.0,88.4,0.0,0,0,0,0,0,1,1.6,424,6.8,44.4,18,18,5.7,30.9,3.43,0,7,35.0,27.8,5,2,37.5,18,3,0.38,5,74.6,0,1,20,27.8,0.0,86.6,0.0,0,0,0,0,3,3,15.0,186,10.3,59.4,32,32,10.1,14.1,2.89,0,0,0.0,56.3,18,8,5.3,32,1,0.25,16,83.8,0,1,33,53.1,0.0,92.6,0.0,0,0,0,0,2,1,3.0,275,8.6,72.7,66,66,20.8,4.6,2.47,0,0,0.0,69.7,46,15,4.2,66,2,0.3,26,54.2,0,1,66,62.1,0.0,95.3,0.0,0,0,0,0,2,2,3.0,496,7.5,0,36.2,47,47,14.8,28.4,3.34,0,11,22.4,27.7,13,13,23.5,47,4,0.22,13,61.0,0,4,49,27.7,0.0,68.4,0.0,0,0,0,0,5,7,14.3,466,9.9,323,71.4,7,7,2.2,-2.3,1.84,0,0,0.0,71.4,5,1,0.0,7,0,-0.63,0,55.3,0,0,7,14.3,0.0,74.1,0.0,0,0,0,0,0,0,0.0,7,1.0,29.4,17,17,5.4,27.2,3.13,0,3,17.6,23.5,4,5,20.0,17,1,-0.23,4,61.1,0,2,17,23.5,0.0,12.5,0.0,0,0,0,0,0,1,5.9,102,6.0,60.0,10,10,3.2,14.1,2.73,0,0,0.0,60.0,6,2,0.0,10,0,0.75,5,64.3,0,0,10,60.0,0.0,102.1,0.0,0,0,0,0,0,1,10.0,120,12.0,83.3,24,24,7.6,4.2,2.26,0,0,0.0,70.8,17,3,15.0,24,3,-0.28,4,55.0,0,1,27,45.8,0.0,71.9,0.0,0,0,0,0,0,1,3.7,162,6.8,54.9,51,51,16.1,14.0,2.85,0,0,0.0,52.9,27,12,3.6,51,1,0.24,24,74.0,0,1,53,51.0,0.0,86.8,0.0,0,0,0,0,2,3,5.7,437,8.6,0,100.0,13,13,4.1,-2.5,1.62,0,0,0.0,92.3,12,1,7.7,13,1,-0.21,3,68.3,0,0,13,38.5,0.0,80.4,0.0,0,0,0,0,0,0,0.0,43,3.3,33.3,12,12,3.8,26.3,3.53,0,1,8.3,33.3,4,6,0.0,12,0,0.62,4,40.5,0,1,12,33.3,0.0,86.8,0.0,0,0,0,0,2,3,25.0,178,14.8,33.3,9,9,2.8,13.6,2.83,0,0,0.0,33.3,3,2,0.0,9,0,-0.37,3,46.6,0,0,10,33.3,0.0,49.3,0.0,0,0,0,0,0,1,10.0,42,4.7,77.8,27,27,8.5,4.5,1.96,0,0,0.0,74.1,20,2,4.8,27,1,0.02,4,55.7,0,0,28,55.6,0.0,95.6,0.0,0,0,0,0,1,0,0.0,126,4.7,76.1,117,117,36.9,4.5,2.31,0,0,0.0,70.9,83,20,6.7,117,6,0.12,34,53.2,0,2,121,57.3,0.0,90.5,0.0,0,0,0,0,3,3,2.5,784,6.7
Bryce Underwood,198795,QB,MICHIGAN,12,293,347,92.2,64,64,21.8,-3.0,1.7,0,0,0.0,82.8,53,7,10.2,64,6,0.04,16,70.9,0,0,64,53.1,0.0,101.8,0.0,0,0,0,0,2,0,0.0,380,5.9,91.5,59,59,20.1,-3.0,1.72,0,0,0.0,83.1,49,6,9.3,59,5,-0.02,13,70.5,0,0,59,52.5,0.0,101.1,0.0,0,0,0,0,2,0,0.0,328,5.6,33.3,18,18,6.1,29.3,3.06,0,5,27.8,33.3,6,5,0.0,18,0,0.38,6,72.4,0,1,18,33.3,0.0,66.0,0.0,0,0,0,0,1,2,11.1,176,9.8,65.0,40,40,13.7,13.5,2.98,0,0,0.0,50.0,20,11,23.1,40,6,0.14,20,75.6,0,3,41,50.0,0.0,53.1,0.0,0,0,0,0,0,3,7.3,390,9.8,86.6,67,67,22.9,4.0,2.35,0,0,0.0,71.6,48,13,17.2,67,10,0.21,26,75.1,0,1,67,58.2,0.0,88.3,0.0,0,0,0,0,1,1,1.5,446,6.7,0,41.3,46,46,15.7,26.9,2.98,0,12,23.1,39.1,18,10,5.3,46,1,0.57,18,77.8,0,2,52,39.1,0.0,88.9,0.0,0,0,0,0,3,4,7.7,559,12.2,222,100.0,1,1,0.3,-3.0,1.7,0,0,0.0,100.0,1,0,0.0,1,0,-0.64,0,60.4,0,0,1,0.0,,83.3,0.0,0,0,0,0,0,0,0.0,4,4.0,57.1,7,7,2.4,24.4,2.79,0,1,9.1,57.1,4,2,0.0,7,0,1.41,4,59.4,0,0,11,57.1,0.0,141.4,0.0,0,0,0,0,1,1,9.1,149,21.3,27.3,11,11,3.8,14.6,2.95,0,0,0.0,27.3,3,6,0.0,11,0,-0.03,3,44.4,0,0,12,27.3,0.0,84.8,0.0,0,0,0,0,2,0,0.0,48,4.4,81.3,16,16,5.5,5.4,2.08,0,0,0.0,68.8,11,2,15.4,16,2,0.28,6,73.3,0,0,16,62.5,0.0,87.5,0.0,0,0,0,0,0,0,0.0,108,6.8,59.1,66,66,22.5,14.0,2.95,0,0,0.0,50.0,33,21,15.4,66,6,0.25,33,71.5,0,3,69,50.0,0.0,79.0,0.0,0,0,0,0,3,3,4.3,619,9.4,0,100.0,4,4,1.4,-3.3,1.43,0,0,0.0,75.0,3,1,25.0,4,1,1.06,3,64.7,0,0,4,75.0,0.0,114.6,0.0,0,0,0,0,0,0,0.0,48,12.0,42.9,21,21,7.2,25.7,2.99,0,6,26.1,38.1,8,3,11.1,21,1,0.46,8,82.5,0,1,23,38.1,0.0,76.3,0.0,0,0,0,0,1,1,4.3,234,11.1,66.7,15,15,5.1,14.9,2.86,0,0,0.0,66.7,10,4,0.0,15,0,0.75,10,75.6,0,0,16,66.7,0.0,130.1,0.0,0,0,0,0,1,0,0.0,181,12.1,78.3,23,23,7.8,4.9,2.75,0,0,0.0,69.6,16,6,11.1,23,2,-0.04,7,45.0,0,0,25,52.2,0.0,81.3,0.0,0,0,0,0,0,1,4.0,117,5.1,84.0,106,106,36.2,4.4,2.4,0,0,0.0,70.8,75,21,15.7,106,14,0.17,39,68.5,0,1,108,57.5,0.0,86.6,0.0,0,0,0,0,1,2,1.9,671,6.3
Tucker Gleason,122475,QB,TOLEDO,12,325,346,95.5,44,44,13.5,-3.4,1.71,0,0,0.0,88.6,39,3,7.1,44,3,-0.05,9,74.7,0,0,45,40.9,0.0,103.7,0.0,0,0,0,0,2,0,0.0,231,5.3,93.9,33,33,10.2,-3.7,1.77,0,0,0.0,84.8,28,2,9.7,33,3,-0.05,6,74.1,0,0,34,42.4,0.0,109.3,0.0,0,0,0,0,2,0,0.0,178,5.4,68.4,19,19,5.8,30.9,3.1,0,8,38.1,57.9,11,4,15.4,19,2,1.51,11,97.2,0,0,21,57.9,0.0,142.0,0.0,0,0,0,0,6,0,0.0,403,21.2,68.0,50,50,15.4,14.5,2.86,0,3,5.9,54.0,27,16,20.6,50,7,0.32,24,83.7,0,4,51,54.0,0.0,80.5,0.0,0,0,0,0,4,1,2.0,481,9.6,87.5,88,88,27.1,4.4,2.55,0,0,0.0,80.7,71,22,7.8,88,6,0.39,40,86.8,0,3,91,67.0,0.0,100.4,0.0,0,0,0,0,4,2,2.2,693,7.9,0,50.0,42,42,12.9,28.8,3.08,0,15,30.0,40.5,17,15,19.0,42,4,0.62,17,94.9,0,1,50,40.5,0.0,117.6,0.0,0,0,0,0,8,1,2.0,601,14.3,316,100.0,8,8,2.5,-2.5,1.68,0,0,0.0,100.0,8,1,0.0,8,0,0.16,3,67.0,0,0,8,50.0,0.0,90.1,0.0,0,0,0,0,0,0,0.0,45,5.6,41.7,12,12,3.7,28.6,3.05,0,4,25.0,25.0,3,6,40.0,12,2,0.22,3,88.7,0,0,16,25.0,0.0,96.2,0.0,0,0,0,0,1,0,0.0,119,9.9,60.0,10,10,3.1,15.6,3.17,0,0,0.0,60.0,6,3,0.0,10,0,0.64,6,73.7,0,0,12,60.0,0.0,135.4,0.0,0,0,0,0,3,1,8.3,105,10.5,84.0,25,25,7.7,3.8,2.45,0,0,0.0,72.0,18,5,14.3,25,3,-0.03,5,64.9,0,1,25,48.0,0.0,62.8,0.0,0,0,0,0,0,1,4.0,104,4.2,64.0,75,75,23.1,14.3,3.0,0,3,3.8,53.3,40,24,16.7,75,8,0.23,36,85.5,0,4,79,53.3,0.0,94.1,0.0,0,0,0,0,7,2,2.5,696,9.3,0,100.0,3,3,0.9,-2.3,1.2,0,0,0.0,100.0,3,0,0.0,3,0,-0.67,0,63.9,0,0,3,0.0,,79.2,0.0,0,0,0,0,0,0,0.0,8,2.7,27.3,11,11,3.4,25.4,3.09,0,3,23.1,27.3,3,5,0.0,11,0,-0.46,3,72.5,0,1,13,27.3,0.0,49.4,0.0,0,0,0,0,1,1,7.7,79,7.2,53.3,15,15,4.6,12.9,3.33,0,0,0.0,46.7,7,5,12.5,15,1,-0.32,6,76.4,0,0,16,46.7,0.0,71.5,0.0,0,0,0,0,0,0,0.0,110,7.3,89.3,28,28,8.6,4.8,2.71,0,0,0.0,85.7,24,10,4.0,28,1,0.14,9,69.7,0,0,28,64.3,0.0,95.2,0.0,0,0,0,0,0,0,0.0,192,6.9,87.2,141,141,43.4,4.4,2.56,0,0,0.0,80.1,113,37,8.1,141,10,0.26,54,83.1,0,4,144,63.1,0.0,93.5,0.0,0,0,0,0,4,3,2.1,989,7.0
Robby Ashford,131702,QB,WAKE,11,290,346,89.4,85,85,29.3,-3.3,1.83,0,0,0.0,84.7,72,10,5.3,85,4,-0.24,12,67.7,0,0,89,35.3,0.0,84.8,0.0,0,0,0,0,0,0,0.0,370,4.4,89.2,65,65,22.4,-3.5,1.82,0,0,0.0,84.6,55,8,5.2,65,3,-0.26,10,67.6,0,0,68,35.4,0.0,85.8,0.0,0,0,0,0,0,0,0.0,299,4.6,50.0,18,18,6.2,31.6,3.26,0,7,36.8,33.3,6,12,33.3,18,3,0.61,6,92.8,0,1,19,33.3,0.0,98.4,0.0,0,0,0,0,4,2,10.5,270,15.0,56.3,32,32,11.0,12.9,2.87,0,1,2.9,53.1,17,13,5.6,32,1,0.65,14,61.2,0,1,35,53.1,0.0,116.7,0.0,0,0,0,0,3,5,14.3,486,15.2,64.5,62,62,21.4,3.7,2.54,0,0,0.0,53.2,33,13,17.5,62,7,-0.09,20,51.6,0,3,63,50.0,0.0,56.6,0.0,0,0,0,0,1,3,4.8,371,6.0,0,41.5,41,41,14.1,29.8,3.03,0,15,33.3,31.7,13,16,23.5,41,4,0.3,13,91.1,0,1,45,31.7,0.0,100.6,0.0,0,0,0,0,4,4,8.9,489,11.9,339,87.5,8,8,2.8,-2.8,1.96,0,0,0.0,75.0,6,0,14.3,8,1,-0.36,0,61.6,0,0,8,25.0,,77.1,0.0,0,0,0,0,0,0,0.0,23,2.9,28.6,14,14,4.8,29.4,2.82,0,5,31.3,21.4,3,4,25.0,14,1,-0.18,3,77.0,0,0,16,21.4,0.0,54.2,0.0,0,0,0,0,0,1,6.3,91,6.5,75.0,12,12,4.1,15.6,2.77,0,0,0.0,75.0,9,2,0.0,12,0,1.05,8,84.4,0,1,14,75.0,0.0,109.7,0.0,0,0,0,0,1,1,7.1,180,15.0,66.7,12,12,4.1,3.7,2.18,0,0,0.0,58.3,7,1,12.5,12,1,0.32,3,57.2,0,0,14,50.0,0.0,65.6,0.0,0,0,0,0,0,0,0.0,43,3.6,61.4,57,57,19.7,14.1,2.89,0,2,3.2,57.9,33,19,5.7,57,2,0.61,29,67.9,0,3,63,57.9,0.0,103.9,0.0,0,0,0,0,4,7,11.1,797,14.0,0,91.7,12,12,4.1,-2.6,1.8,0,0,0.0,91.7,11,2,0.0,12,0,-0.08,2,64.5,0,0,13,41.7,0.0,83.3,0.0,0,0,0,0,0,0,0.0,48,4.0,44.4,9,9,3.1,27.0,2.91,0,3,30.0,44.4,4,0,0.0,9,0,0.43,4,71.9,0,0,10,44.4,,91.2,0.0,0,0,0,0,0,1,10.0,128,14.2,61.5,13,13,4.5,15.7,3.07,0,1,7.1,53.8,7,4,12.5,13,1,0.11,7,57.1,0,1,14,53.8,0.0,56.9,0.0,0,0,0,0,0,1,7.1,131,10.1,76.5,17,17,5.9,4.3,2.51,0,0,0.0,76.5,13,4,0.0,17,0,0.28,6,66.7,0,0,19,64.7,0.0,89.3,0.0,0,0,0,0,0,0,0.0,96,5.6,67.0,91,91,31.4,3.8,2.49,0,0,0.0,58.2,53,18,13.1,91,8,0.04,29,55.2,0,3,96,52.7,0.0,63.9,0.0,0,0,0,0,1,3,3.1,510,5.6
Bishop Davenport,163426,QB,S ALABAMA,12,298,341,92.1,101,101,33.9,-3.3,1.79,0,0,0.0,89.1,90,13,3.2,101,3,-0.06,22,69.4,0,0,109,41.6,0.0,97.2,0.0,0,0,0,0,3,0,0.0,499,4.9,95.2,83,83,27.9,-3.6,1.71,0,0,0.0,91.6,76,10,3.8,83,3,-0.01,17,70.8,0,0,91,44.6,0.0,97.7,0.0,0,0,0,0,2,0,0.0,458,5.5,42.9,14,14,4.7,34.3,2.86,0,5,33.3,42.9,6,1,0.0,14,0,0.89,6,75.4,0,1,15,42.9,0.0,83.9,0.0,0,0,0,0,1,2,13.3,236,16.9,58.3,36,36,12.1,12.8,2.58,0,0,0.0,55.6,20,7,4.8,36,1,0.33,20,39.0,0,3,39,55.6,0.0,61.5,0.0,0,0,0,0,1,8,20.5,333,9.3,76.7,60,60,20.1,4.6,2.28,0,0,0.0,63.3,38,10,17.4,60,8,0.17,20,70.0,0,1,61,51.7,0.0,85.3,0.0,0,0,0,0,2,3,4.9,379,6.3,0,32.3,31,31,10.4,31.4,2.72,0,9,22.0,32.3,10,4,0.0,31,0,0.36,10,65.3,0,2,41,32.3,0.0,93.8,0.0,0,0,0,0,4,4,9.8,417,13.5,288,57.1,7,7,2.3,-2.4,2.11,0,0,0.0,57.1,4,2,0.0,7,0,-0.65,1,49.7,0,0,7,14.3,0.0,62.2,0.0,0,0,0,0,0,0,0.0,10,1.4,44.4,9,9,3.0,30.3,2.37,0,3,27.3,44.4,4,1,0.0,9,0,1.08,4,81.7,0,0,11,44.4,0.0,130.8,0.0,0,0,0,0,3,0,0.0,181,20.1,62.5,8,8,2.7,14.1,2.51,0,0,0.0,62.5,5,2,0.0,8,0,0.87,5,68.9,0,0,10,62.5,0.0,145.8,0.0,0,0,0,0,1,0,0.0,109,13.6,81.0,21,21,7.0,4.6,2.17,0,0,0.0,81.0,17,5,0.0,21,0,0.15,7,61.8,0,0,22,61.9,0.0,107.1,0.0,0,0,0,0,1,0,0.0,124,5.9,58.2,55,55,18.5,13.0,2.61,0,0,0.0,56.4,31,12,3.1,55,1,0.44,29,48.0,0,3,63,56.4,0.0,79.4,0.0,0,0,0,0,2,8,12.7,540,9.8,0,90.9,11,11,3.7,-2.3,2.14,0,0,0.0,90.9,10,1,0.0,11,0,-0.07,4,68.0,0,0,11,36.4,0.0,109.5,0.0,0,0,0,0,1,0,0.0,31,2.8,0.0,8,8,2.7,27.6,2.86,0,1,6.7,0.0,0,2,,8,0,-1.38,0,38.0,0,1,15,0.0,0.0,0.0,0.0,0,0,0,0,0,2,13.3,0,0.0,54.5,11,11,3.7,12.6,2.79,0,0,0.0,54.5,6,3,0.0,11,0,0.48,4,60.7,0,0,14,54.5,0.0,84.7,0.0,0,0,0,0,0,0,0.0,98,8.9,88.9,18,18,6.0,4.4,2.33,0,0,0.0,88.9,16,2,0.0,18,0,0.34,5,71.6,0,0,19,72.2,0.0,93.5,0.0,0,0,0,0,0,0,0.0,116,6.4,79.8,99,99,33.2,4.6,2.27,0,0,0.0,71.7,71,17,10.1,99,8,0.19,32,70.7,0,1,102,57.6,0.0,93.8,0.0,0,0,0,0,3,3,2.9,619,6.3
Mason Heintschel,199088,QB,PITTSBURGH,9,277,340,97.4,38,38,13.7,-2.7,1.91,0,0,0.0,89.5,34,5,8.1,38,3,0.03,11,68.4,0,0,40,44.7,0.0,88.4,0.0,0,0,0,0,0,0,0.0,198,5.2,100.0,30,30,10.8,-2.9,1.94,0,0,0.0,93.3,28,5,6.7,30,2,0.1,9,71.1,0,0,30,43.3,0.0,90.3,0.0,0,0,0,0,0,0,0.0,170,5.7,60.0,15,15,5.4,28.9,3.09,0,4,23.5,46.7,7,5,22.2,15,2,0.64,7,83.2,0,2,17,46.7,0.0,93.1,0.0,0,0,0,0,2,2,11.8,249,16.6,69.0,42,42,15.2,14.8,3.03,0,0,0.0,64.3,27,10,6.9,42,2,0.99,26,76.8,0,1,44,64.3,0.0,120.6,0.0,0,0,0,0,3,5,11.4,515,12.3,77.6,85,85,30.7,4.0,2.47,0,0,0.0,71.8,61,28,7.6,85,5,0.16,27,47.4,0,1,89,51.8,0.0,90.1,0.0,0,0,0,0,1,3,3.4,596,7.0,0,51.5,33,33,11.9,27.9,3.48,0,12,27.3,39.4,13,13,23.5,33,4,0.57,13,87.2,0,4,44,39.4,0.0,86.8,0.0,0,0,0,0,4,4,9.1,411,12.5,268,100.0,3,3,1.1,-1.7,2.17,0,0,0.0,100.0,3,0,0.0,3,0,0.49,1,57.5,0,0,4,100.0,,86.1,0.0,0,0,0,0,0,0,0.0,14,4.7,50.0,8,8,2.9,30.1,3.33,0,3,25.0,37.5,3,2,25.0,8,1,0.89,3,75.3,0,1,12,37.5,0.0,76.6,0.0,0,0,0,0,1,1,8.3,83,10.4,50.0,10,10,3.6,13.2,3.01,0,0,0.0,50.0,5,1,0.0,10,0,0.21,5,60.1,0,0,10,50.0,0.0,115.0,0.0,0,0,0,0,2,0,0.0,76,7.6,81.0,21,21,7.6,3.3,2.2,0,0,0.0,81.0,17,3,0.0,21,0,0.16,6,62.0,0,0,22,52.4,0.0,131.8,0.0,0,0,0,0,3,0,0.0,129,6.1,60.0,65,65,23.5,14.8,3.09,0,0,0.0,56.9,37,15,5.1,65,2,0.7,34,71.5,0,1,68,56.9,0.0,116.6,0.0,0,0,0,0,6,5,7.4,666,10.2,0,80.0,5,5,1.8,-2.4,1.6,0,0,0.0,60.0,3,0,25.0,5,1,-0.68,1,59.9,0,0,6,20.0,,64.6,0.0,0,0,0,0,0,0,0.0,14,2.8,40.0,10,10,3.6,24.7,4.18,0,5,33.3,30.0,3,6,25.0,10,1,0.2,3,80.8,0,1,15,30.0,0.0,53.8,0.0,0,0,0,0,1,1,6.7,79,7.9,38.5,13,13,4.7,15.8,3.38,0,0,0.0,38.5,5,4,0.0,13,0,0.13,3,58.2,0,0,14,38.5,0.0,83.8,0.0,0,0,0,0,1,0,0.0,75,5.8,68.4,19,19,6.9,3.3,2.79,0,0,0.0,68.4,13,7,0.0,19,0,-0.13,4,45.2,0,1,23,47.4,0.0,74.2,0.0,0,0,0,0,1,1,4.3,89,4.7,76.8,125,125,45.1,3.8,2.48,0,0,0.0,72.8,91,38,5.2,125,5,0.12,37,47.1,0,2,134,51.2,0.0,96.5,0.0,0,0,0,0,5,4,3.0,814,6.5
Fernando Mendoza,158323,QB,INDIANA,12,296,336,92.7,41,41,13.9,-2.5,1.72,0,0,0.0,92.7,38,1,0.0,41,0,0.55,16,67.0,0,0,42,65.9,0.0,128.7,0.0,0,0,0,0,3,0,0.0,370,9.0,91.9,37,37,12.5,-2.6,1.73,0,0,0.0,91.9,34,1,0.0,37,0,0.53,14,66.2,0,0,38,64.9,0.0,121.2,0.0,0,0,0,0,2,0,0.0,324,8.8,77.8,18,18,6.1,30.2,3.28,0,9,42.9,72.2,13,6,7.1,18,1,2.3,13,96.8,0,0,21,72.2,0.0,153.9,0.0,0,0,0,0,5,0,0.0,490,27.2,80.8,26,26,8.8,14.3,2.7,0,2,7.1,73.1,19,8,9.5,26,2,0.93,19,88.9,0,2,28,73.1,0.0,120.5,0.0,0,0,0,0,6,3,10.7,312,12.0,87.1,70,70,23.6,4.6,2.25,0,0,0.0,85.7,60,13,1.6,70,1,0.71,35,67.3,0,1,73,74.3,0.0,137.3,0.0,0,0,0,0,7,0,0.0,727,10.4,0,55.0,40,40,13.5,28.8,3.06,0,13,26.5,52.5,21,11,4.5,40,1,1.05,21,91.8,0,1,49,52.5,0.0,127.1,0.0,0,0,0,0,8,2,4.1,699,17.5,190,100.0,2,2,0.7,-2.0,1.25,0,0,0.0,100.0,2,0,0.0,2,0,-0.4,0,62.6,0,0,2,50.0,,79.2,0.0,0,0,0,0,0,0,0.0,4,2.0,50.0,8,8,2.7,28.0,2.66,0,2,18.2,50.0,4,2,0.0,8,0,0.32,4,80.7,0,0,11,50.0,0.0,135.4,0.0,0,0,0,0,2,0,0.0,104,13.0,52.0,25,25,8.4,13.4,2.45,0,1,3.6,52.0,13,2,0.0,25,0,0.11,13,74.4,0,1,28,52.0,0.0,101.0,0.0,0,0,0,0,3,2,7.1,196,7.8,88.0,25,25,8.4,5.7,1.94,0,0,0.0,88.0,22,4,0.0,25,0,0.56,11,79.8,0,0,25,80.0,0.0,135.9,0.0,0,0,0,0,3,0,0.0,178,7.1,66.7,66,66,22.3,13.7,2.68,0,3,4.1,60.6,40,15,9.1,66,4,0.45,39,86.4,0,3,73,60.6,0.0,111.4,0.0,0,0,0,0,10,6,8.2,604,9.2,0,100.0,2,2,0.7,-1.0,1.9,0,0,0.0,100.0,2,0,0.0,2,0,1.92,2,62.6,0,0,2,100.0,,158.3,0.0,0,0,0,0,1,0,0.0,42,21.0,28.6,14,14,4.7,27.6,3.01,0,2,11.8,28.6,4,3,0.0,14,0,-0.15,4,52.7,0,1,17,28.6,0.0,52.4,0.0,0,0,0,0,1,2,11.8,105,7.5,66.7,15,15,5.1,13.3,3.01,0,0,0.0,53.3,8,5,20.0,15,2,0.2,7,75.4,0,0,17,53.3,0.0,95.4,0.0,0,0,0,0,1,1,5.9,96,6.4,90.9,33,33,11.1,4.7,1.99,0,0,0.0,90.9,30,2,0.0,33,0,0.16,9,78.1,0,0,33,66.7,0.0,99.5,0.0,0,0,0,0,1,0,0.0,180,5.5,88.3,128,128,43.2,4.8,2.12,0,0,0.0,87.5,112,19,0.9,128,1,0.54,55,76.9,0,1,131,73.4,0.0,127.4,0.0,0,0,0,0,11,0,0.0,1085,8.5
Devon Dampier,171556,QB,UTAH,11,305,335,100.0,38,38,12.5,-2.3,1.72,0,0,0.0,100.0,38,6,0.0,38,0,0.15,11,72.0,0,0,39,50.0,0.0,102.4,0.0,0,0,0,0,1,0,0.0,246,6.5,100.0,24,24,7.9,-2.3,1.71,0,0,0.0,100.0,24,3,0.0,24,0,0.18,7,70.4,0,0,25,50.0,0.0,91.0,0.0,0,0,0,0,0,0,0.0,140,5.8,25.0,16,16,5.2,33.4,3.85,0,5,23.8,25.0,4,6,0.0,16,0,0.01,3,58.0,0,2,21,25.0,0.0,48.7,0.0,0,0,0,0,1,4,19.0,155,9.7,65.8,38,38,12.5,13.1,2.62,0,0,0.0,63.2,24,8,4.0,38,1,0.91,22,90.5,0,0,38,63.2,0.0,143.8,0.0,0,0,0,0,6,0,0.0,451,11.9,88.3,60,60,19.7,4.8,1.96,0,0,0.0,88.3,53,5,0.0,60,0,0.67,32,77.1,0,0,62,76.7,0.0,114.9,0.0,0,0,0,0,3,0,0.0,455,7.6,0,27.1,48,48,15.7,30.2,3.42,0,11,18.6,27.1,13,15,0.0,48,0,0.19,12,53.4,0,4,59,27.1,0.0,67.1,0.0,0,0,0,0,5,8,13.6,461,9.6,328,100.0,6,6,2.0,-2.2,1.25,0,0,0.0,100.0,6,0,0.0,6,0,0.96,3,66.1,0,0,6,66.7,,158.3,0.0,0,0,0,0,1,0,0.0,90,15.0,42.9,14,14,4.6,30.3,3.61,0,4,26.7,42.9,6,3,0.0,14,0,0.78,6,58.3,0,2,15,42.9,0.0,89.9,0.0,0,0,0,0,4,3,20.0,225,16.1,33.3,15,15,4.9,15.5,2.81,0,1,6.3,33.3,5,5,0.0,15,0,0.39,5,60.6,0,1,16,33.3,0.0,52.4,0.0,0,0,0,0,1,1,6.3,101,6.7,92.9,28,28,9.2,4.5,2.04,0,0,0.0,85.7,24,2,7.7,28,2,0.24,8,70.9,0,0,30,60.7,0.0,101.0,0.0,0,0,0,0,1,0,0.0,151,5.4,56.6,76,76,24.9,13.7,2.73,0,3,3.8,50.0,38,18,11.6,76,5,0.6,34,90.0,0,1,79,50.0,0.0,113.9,0.0,0,0,0,0,11,1,1.3,658,8.7,0,100.0,8,8,2.6,-2.6,2.1,0,0,0.0,100.0,8,3,0.0,8,0,-0.55,1,66.9,0,0,8,37.5,0.0,79.2,0.0,0,0,0,0,0,0,0.0,16,2.0,16.7,18,18,5.9,27.2,2.88,0,2,8.7,16.7,3,6,0.0,18,0,-0.1,3,49.8,0,0,23,16.7,0.0,45.8,0.0,0,0,0,0,0,1,4.3,81,4.5,56.5,23,23,7.5,13.5,2.85,0,2,8.0,39.1,9,5,30.8,23,4,0.22,7,87.1,0,0,25,39.1,0.0,93.5,0.0,0,0,0,0,4,0,0.0,106,4.6,77.1,35,35,11.5,4.8,2.76,0,1,2.9,74.3,26,8,3.7,35,1,0.12,5,54.8,0,0,35,54.3,0.0,96.1,0.0,0,0,0,0,1,1,2.9,190,5.4,86.2,123,123,40.3,4.8,2.2,0,1,0.8,83.7,103,15,2.8,123,3,0.42,45,72.0,0,0,127,66.7,0.0,107.2,0.0,0,0,0,0,5,1,0.8,796,6.5
Colton Joseph,172283,QB,DOMINION,12,291,334,92.3,39,39,13.4,-2.3,1.57,0,0,0.0,92.3,36,3,0.0,39,0,-0.29,5,70.2,0,0,39,43.6,0.0,83.1,0.0,0,0,0,0,0,0,0.0,154,3.9,94.7,19,19,6.5,-2.8,1.63,0,0,0.0,94.7,18,2,0.0,19,0,-0.3,4,69.6,0,0,19,42.1,0.0,84.6,0.0,0,0,0,0,0,0,0.0,82,4.3,46.4,28,28,9.6,29.1,2.88,0,6,19.4,39.3,11,6,15.4,28,2,0.59,11,75.6,0,1,31,39.3,0.0,107.7,0.0,0,0,0,0,3,2,6.5,399,14.3,61.2,67,67,23.0,14.4,2.52,0,0,0.0,55.2,37,8,9.8,67,4,0.53,37,67.2,0,4,68,55.2,0.0,109.5,0.0,0,0,0,0,7,4,5.9,828,12.4,71.4,28,28,9.6,4.8,2.74,0,0,0.0,67.9,19,5,5.0,28,1,0.08,11,62.7,0,2,29,50.0,0.0,78.0,0.0,0,0,0,0,2,1,3.4,170,6.1,0,40.0,65,65,22.3,31.9,2.86,0,16,21.3,36.9,24,14,7.7,65,2,0.58,23,80.0,0,2,75,36.9,0.0,111.7,0.0,0,0,0,0,9,3,4.0,870,13.4,263,90.0,10,10,3.4,-1.8,1.72,0,0,0.0,90.0,9,1,0.0,10,0,-0.11,1,62.9,0,0,10,60.0,0.0,87.1,0.0,0,0,0,0,0,0,0.0,49,4.9,28.6,21,21,7.2,34.9,2.89,0,5,20.0,28.6,6,4,0.0,21,0,0.29,6,66.9,0,1,25,28.6,0.0,91.1,0.0,0,0,0,0,2,1,4.0,277,13.2,65.0,20,20,6.9,13.0,3.28,0,0,0.0,60.0,12,7,7.7,20,1,0.75,11,84.8,0,0,22,60.0,0.0,124.4,0.0,0,0,0,0,2,0,0.0,187,9.4,82.1,28,28,9.6,4.3,2.44,0,0,0.0,82.1,23,3,0.0,28,0,0.58,15,78.2,0,0,29,71.4,0.0,113.5,0.0,0,0,0,0,1,0,0.0,235,8.4,60.8,102,102,35.1,13.9,2.76,0,0,0.0,55.9,57,17,8.1,102,5,0.49,56,72.6,0,6,106,55.9,0.0,99.5,0.0,0,0,0,0,9,6,5.7,1124,11.0,0,90.0,10,10,3.4,-1.7,1.32,0,0,0.0,90.0,9,0,0.0,10,0,-0.44,0,67.7,0,0,10,30.0,,79.2,0.0,0,0,0,0,0,0,0.0,23,2.3,43.8,16,16,5.5,32.8,2.79,0,5,26.3,43.8,7,4,0.0,16,0,0.96,6,84.8,0,0,19,43.8,0.0,128.6,0.0,0,0,0,0,4,0,0.0,194,12.1,53.3,15,15,5.2,12.7,3.11,0,0,0.0,53.3,8,2,0.0,15,0,-0.01,8,59.4,0,2,16,53.3,0.0,37.2,0.0,0,0,0,0,0,2,12.5,109,7.3,84.2,19,19,6.5,5.1,2.88,0,0,0.0,73.7,14,1,12.5,19,2,-0.18,1,61.7,0,0,22,52.6,0.0,80.2,0.0,0,0,0,0,0,0,0.0,76,4.0,78.7,75,75,25.8,4.7,2.66,0,0,0.0,74.7,56,9,5.1,75,3,0.2,27,70.5,0,2,80,58.7,0.0,93.3,0.0,0,0,0,0,3,1,1.3,481,6.4
Beau Pribula,164182,QB,MISSOURI,10,271,322,91.1,45,45,16.6,-3.3,1.9,0,0,0.0,91.1,41,8,0.0,45,0,0.03,13,70.9,0,0,46,44.4,0.0,89.9,0.0,0,0,0,0,0,0,0.0,251,5.6,100.0,34,34,12.5,-3.4,1.66,0,0,0.0,100.0,34,3,0.0,34,0,0.22,12,71.7,0,0,35,52.9,0.0,93.8,0.0,0,0,0,0,0,0,0.0,221,6.5,55.6,9,9,3.3,31.9,2.82,0,2,22.2,44.4,4,1,20.0,9,1,0.26,4,71.8,0,1,9,44.4,0.0,88.7,0.0,0,0,0,0,1,1,11.1,146,16.2,65.6,32,32,11.8,13.1,2.51,0,1,2.9,62.5,20,5,4.8,32,1,0.23,20,78.0,0,4,35,62.5,0.0,85.3,0.0,0,0,0,0,3,3,8.6,303,9.5,88.4,69,69,25.5,4.8,2.25,0,0,0.0,85.5,59,11,3.3,69,2,0.56,35,89.1,0,0,70,68.1,0.0,116.9,0.0,0,0,0,0,3,1,1.4,592,8.6,0,47.8,23,23,8.5,28.1,2.87,0,7,26.9,39.1,9,7,18.2,23,2,0.18,9,84.4,0,2,26,39.1,0.0,63.5,0.0,0,0,0,0,1,2,7.7,279,12.1,229,50.0,2,2,0.7,-3.5,3.15,0,0,0.0,50.0,1,1,0.0,2,0,-0.32,1,62.7,0,0,2,50.0,0.0,68.8,0.0,0,0,0,0,0,0,0.0,12,6.0,100.0,4,4,1.5,27.8,2.8,0,3,60.0,75.0,3,1,25.0,4,1,1.37,3,96.3,0,0,5,75.0,0.0,116.7,0.0,0,0,0,0,0,0,0.0,83,20.8,50.0,16,16,5.9,13.4,2.74,0,0,0.0,50.0,8,4,0.0,16,0,0.06,8,63.6,0,2,17,50.0,0.0,34.1,0.0,0,0,0,0,0,2,11.8,115,7.2,83.9,31,31,11.4,4.5,2.33,0,0,0.0,77.4,24,9,7.7,31,2,0.11,9,67.8,0,1,31,54.8,0.0,100.6,0.0,0,0,0,0,2,1,3.2,193,6.2,56.5,62,62,22.9,13.5,2.59,0,1,1.5,54.8,34,11,2.9,62,1,0.2,34,69.9,0,6,67,54.8,0.0,69.5,0.0,0,0,0,0,5,6,9.0,512,8.3,0,66.7,9,9,3.3,-2.8,2.5,0,0,0.0,66.7,6,4,0.0,9,0,-0.61,0,62.3,0,0,9,11.1,0.0,70.1,0.0,0,0,0,0,0,0,0.0,18,2.0,20.0,10,10,3.7,24.8,2.94,0,2,16.7,20.0,2,5,0.0,10,0,-0.36,2,58.4,0,1,12,20.0,0.0,8.3,0.0,0,0,0,0,0,1,8.3,50,5.0,42.9,14,14,5.2,14.5,2.59,0,0,0.0,42.9,6,2,0.0,14,0,0.29,6,52.6,0,0,15,42.9,0.0,105.4,0.0,0,0,0,0,2,1,6.7,94,6.7,72.7,22,22,8.1,3.9,2.73,0,0,0.0,68.2,15,3,6.3,22,1,0.25,5,49.7,0,0,24,54.5,0.0,80.5,0.0,0,0,0,0,0,0,0.0,114,5.2,84.4,122,122,45.0,4.5,2.36,0,0,0.0,80.3,98,23,4.9,122,5,0.39,49,79.0,0,1,125,62.3,0.0,107.6,0.0,0,0,0,0,5,2,1.6,899,7.4
Dylan Lonergan,172386,QB,BOSTON COL,10,284,318,97.6,42,42,14.8,-3.4,1.84,0,0,0.0,88.1,37,6,9.8,42,4,-0.46,5,72.5,0,0,42,35.7,0.0,81.9,0.0,0,0,0,0,0,0,0.0,154,3.7,96.4,28,28,9.9,-3.4,1.74,0,0,0.0,89.3,25,1,7.4,28,2,-0.22,5,71.0,0,0,28,39.3,0.0,83.5,0.0,0,0,0,0,0,0,0.0,113,4.0,46.7,15,15,5.3,29.4,3.17,0,4,25.0,46.7,7,2,0.0,15,0,0.88,7,86.1,0,0,16,46.7,0.0,115.3,0.0,0,0,0,0,1,0,0.0,226,15.1,72.7,33,33,11.6,15.6,2.95,0,2,5.9,69.7,23,8,4.2,33,1,0.29,20,79.8,0,3,34,63.6,0.0,104.7,0.0,0,0,0,0,3,4,11.8,460,13.9,86.1,101,101,35.6,4.3,2.37,0,0,0.0,83.2,84,12,3.4,101,3,0.34,40,69.4,0,1,103,66.3,0.0,98.1,0.0,0,0,0,0,2,2,1.9,703,7.0,0,41.4,29,29,10.2,27.3,2.84,0,9,29.0,41.4,12,5,0.0,29,0,0.73,12,91.1,0,0,31,41.4,0.0,108.1,0.0,0,0,0,0,2,0,0.0,338,11.7,121,100.0,9,9,3.2,-3.3,1.9,0,0,0.0,77.8,7,2,22.2,9,2,-0.57,0,67.3,0,0,9,33.3,0.0,79.2,0.0,0,0,0,0,0,0,0.0,18,2.0,25.0,4,4,1.4,23.5,2.58,0,2,40.0,25.0,1,1,0.0,4,0,0.11,1,77.9,0,0,5,25.0,0.0,54.2,0.0,0,0,0,0,0,0,0.0,26,6.5,37.5,8,8,2.8,15.1,2.9,0,0,0.0,37.5,3,1,0.0,8,0,0.15,3,51.2,0,0,12,37.5,0.0,95.8,0.0,0,0,0,0,1,0,0.0,44,5.5,57.1,21,21,7.4,4.7,1.98,0,0,0.0,57.1,12,3,0.0,21,0,0.26,8,63.0,0,0,22,47.6,0.0,89.8,0.0,0,0,0,0,1,1,4.5,122,5.8,61.5,52,52,18.3,15.2,2.93,0,3,5.3,57.7,30,10,6.3,52,2,0.23,27,75.5,0,3,57,53.8,0.0,96.7,0.0,0,0,0,0,4,4,7.0,561,10.8,0,100.0,5,5,1.8,-3.2,2.32,0,0,0.0,100.0,5,3,0.0,5,0,-1.56,0,65.5,0,0,5,20.0,0.0,85.8,0.0,0,0,0,0,0,0,0.0,23,4.6,40.0,10,10,3.5,25.7,2.44,0,3,30.0,40.0,4,2,0.0,10,0,0.74,4,88.4,0,0,10,40.0,0.0,104.6,0.0,0,0,0,0,1,0,0.0,86,8.6,45.5,11,11,3.9,14.3,2.91,0,1,9.1,36.4,4,1,20.0,11,1,0.09,4,76.0,0,0,11,36.4,0.0,54.0,0.0,0,0,0,0,0,0,0.0,57,5.2,65.2,23,23,8.1,4.3,2.48,0,0,0.0,65.2,15,5,0.0,23,0,-0.14,5,49.9,0,1,24,43.5,0.0,102.7,0.0,0,0,0,0,3,1,4.2,137,6.0,78.6,145,145,51.1,4.4,2.33,0,0,0.0,76.6,111,20,2.6,145,3,0.26,53,65.1,0,2,149,60.0,0.0,101.6,0.0,0,0,0,0,6,4,2.7,962,6.6
CJ Carr,184093,QB,NOTRE DAME,12,299,317,90.5,42,42,14.0,-3.0,1.79,0,0,0.0,85.7,36,6,5.3,42,2,0.14,12,66.7,0,1,44,50.0,0.0,106.9,0.0,0,0,0,0,3,0,0.0,266,6.3,96.4,28,28,9.4,-3.5,1.69,0,0,0.0,92.9,26,5,3.7,28,1,0.21,7,68.1,0,0,29,50.0,0.0,108.3,0.0,0,0,0,0,1,0,0.0,200,7.1,59.1,22,22,7.4,35.3,3.08,0,8,30.8,59.1,13,3,0.0,22,0,1.72,13,90.3,0,0,26,59.1,0.0,143.0,0.0,0,0,0,0,5,2,7.7,506,23.0,70.0,20,20,6.7,13.1,2.84,0,0,0.0,65.0,13,4,7.1,20,1,0.46,11,58.5,0,1,22,60.0,0.0,117.5,0.0,0,0,0,0,2,2,9.1,234,11.7,76.0,50,50,16.7,4.5,2.33,0,0,0.0,70.0,35,14,7.9,50,3,0.57,29,67.0,0,2,52,68.0,0.0,110.1,0.0,0,0,0,0,5,2,3.8,396,7.9,0,45.9,61,61,20.4,30.1,2.97,0,20,28.2,44.3,27,13,3.6,61,1,0.95,27,91.1,0,0,71,44.3,0.0,130.6,0.0,0,0,0,0,8,3,4.2,961,15.8,258,75.0,8,8,2.7,-2.1,2.28,0,0,0.0,62.5,5,1,16.7,8,1,0.43,2,57.4,0,0,9,37.5,0.0,119.3,0.0,0,0,0,0,1,0,0.0,49,6.1,36.4,22,22,7.4,26.3,2.99,0,5,20.8,36.4,8,8,0.0,22,0,0.66,8,81.8,0,0,24,36.4,0.0,123.9,0.0,0,0,0,0,3,0,0.0,274,12.5,45.5,11,11,3.7,13.3,3.18,0,0,0.0,45.5,5,3,0.0,11,0,-0.02,5,62.5,0,0,12,45.5,0.0,89.2,0.0,0,0,0,0,1,1,8.3,50,4.5,90.0,30,30,10.0,4.3,1.87,0,0,0.0,83.3,25,4,7.4,30,2,0.13,13,67.8,0,1,31,56.7,0.0,92.8,0.0,0,0,0,0,1,1,3.2,208,6.9,70.0,50,50,16.7,13.5,2.92,0,1,1.9,66.0,33,9,5.7,50,2,0.51,31,82.6,0,2,53,64.0,0.0,121.5,0.0,0,0,0,0,5,4,7.5,573,11.5,0,83.3,6,6,2.0,-1.3,1.58,0,0,0.0,83.3,5,0,0.0,6,0,-0.57,3,65.4,0,1,6,66.7,,79.2,0.0,0,0,0,0,1,0,0.0,17,2.8,41.2,17,17,5.7,28.4,2.81,0,7,33.3,35.3,6,2,14.3,17,1,0.34,6,84.3,0,0,21,35.3,0.0,75.9,0.0,0,0,0,0,0,1,4.8,181,10.6,84.2,19,19,6.4,14.1,2.84,0,1,5.3,78.9,15,2,6.3,19,1,0.88,15,94.2,0,1,19,78.9,0.0,131.9,0.0,0,0,0,0,2,1,5.3,289,15.2,83.0,47,47,15.7,4.7,2.24,0,0,0.0,83.0,39,4,0.0,47,0,0.58,22,81.1,0,0,50,72.3,0.0,110.7,0.0,0,0,0,0,2,0,0.0,337,7.2,81.9,127,127,42.5,4.5,2.19,0,0,0.0,78.0,99,22,4.8,127,5,0.47,64,76.2,0,3,133,66.9,0.0,108.7,0.0,0,0,0,0,8,3,2.3,941,7.4
Gio Lopez,172309,QB,N CAROLINA,11,261,310,98.1,54,54,20.7,-3.5,2.0,0,0,0.0,94.4,51,8,3.8,54,2,-0.06,12,71.4,0,0,58,46.3,0.0,102.1,0.0,0,0,0,0,2,0,0.0,299,5.5,97.6,42,42,16.1,-3.7,1.94,0,0,0.0,95.2,40,6,2.4,42,1,-0.07,7,70.5,0,0,45,47.6,0.0,107.7,0.0,0,0,0,0,2,0,0.0,254,6.0,45.5,11,11,4.2,32.8,3.9,0,3,27.3,36.4,4,7,20.0,11,1,0.35,4,81.8,0,0,11,36.4,0.0,110.6,0.0,0,0,0,0,2,1,9.1,102,9.3,76.2,21,21,8.0,14.0,2.86,0,0,0.0,76.2,16,10,0.0,21,0,0.95,15,90.4,0,1,24,76.2,0.0,129.6,0.0,0,0,0,0,2,1,4.2,298,14.2,82.3,62,62,23.8,4.7,2.33,0,0,0.0,74.2,46,19,9.8,62,5,0.0,20,74.6,0,1,63,54.8,0.0,83.5,0.0,0,0,0,0,0,0,0.0,392,6.3,0,30.0,40,40,15.3,32.1,3.29,0,9,20.5,25.0,10,22,16.7,40,2,-0.14,10,67.9,0,1,44,25.0,0.0,79.8,0.0,0,0,0,0,4,2,4.5,286,7.2,245,100.0,6,6,2.3,-2.5,2.03,0,0,0.0,83.3,5,1,16.7,6,1,0.55,5,66.0,0,0,6,66.7,0.0,93.8,0.0,0,0,0,0,0,0,0.0,39,6.5,21.4,14,14,5.4,32.7,3.23,0,3,20.0,21.4,3,7,0.0,14,0,-0.04,3,58.4,0,1,15,21.4,0.0,54.8,0.0,0,0,0,0,1,1,6.7,113,8.1,70.6,17,17,6.5,14.5,3.53,0,2,9.5,70.6,12,8,0.0,17,0,1.03,12,86.3,0,0,21,70.6,0.0,126.3,0.0,0,0,0,0,1,0,0.0,187,11.0,91.3,23,23,8.8,4.1,2.62,0,0,0.0,87.0,20,5,4.8,23,1,0.08,7,60.0,0,1,25,65.2,0.0,87.7,0.0,0,0,0,0,1,1,4.0,136,5.9,62.7,51,51,19.5,13.7,3.3,0,2,3.3,62.7,32,28,0.0,51,0,0.6,30,88.5,0,2,60,60.8,0.0,103.6,0.0,0,0,0,0,3,2,3.3,562,11.0,0,100.0,6,6,2.3,-3.0,2.4,0,0,0.0,100.0,6,1,0.0,6,0,-0.62,0,65.2,0,0,7,16.7,0.0,79.2,0.0,0,0,0,0,0,0,0.0,6,1.0,26.7,15,15,5.7,31.0,2.9,0,3,16.7,20.0,3,8,25.0,15,1,-0.6,3,60.9,0,0,18,20.0,0.0,69.0,0.0,0,0,0,0,1,0,0.0,71,4.7,30.8,13,13,5.0,12.5,3.7,0,0,0.0,30.8,4,10,0.0,13,0,-0.51,3,61.5,0,1,15,23.1,0.0,20.4,0.0,0,0,0,0,0,1,6.7,77,5.9,84.6,13,13,5.0,5.0,2.41,0,0,0.0,84.6,11,1,0.0,13,0,0.33,5,60.8,0,0,14,61.5,0.0,89.4,0.0,0,0,0,0,0,0,0.0,71,5.5,84.7,98,98,37.5,4.6,2.41,0,0,0.0,78.6,77,25,7.2,98,6,0.06,32,70.1,0,2,102,58.2,0.0,87.0,0.0,0,0,0,0,1,1,1.0,599,6.1
Garrett Nussmeier,146757,QB,LSU,9,288,310,98.5,67,67,23.3,-3.4,1.67,0,0,0.0,95.5,64,2,3.0,67,2,-0.1,13,73.0,0,0,70,44.8,0.0,84.8,0.0,0,0,0,0,0,0,0.0,292,4.4,98.0,49,49,17.0,-3.6,1.77,0,0,0.0,93.9,46,2,4.2,49,2,-0.16,10,71.4,0,0,51,40.8,0.0,85.4,0.0,0,0,0,0,0,0,0.0,220,4.5,83.3,12,12,4.2,28.8,2.57,0,7,50.0,58.3,7,0,30.0,12,3,1.5,7,97.2,0,0,14,58.3,,142.4,0.0,0,0,0,0,2,0,0.0,244,20.3,64.9,37,37,12.8,13.8,2.89,0,2,4.9,62.2,23,13,4.2,37,1,0.69,21,75.3,0,3,41,62.2,0.0,79.1,0.0,0,0,0,0,2,6,14.6,364,9.8,84.1,69,69,24.0,3.5,2.37,0,0,0.0,76.8,53,19,8.6,69,5,0.18,24,64.1,0,1,74,55.1,0.0,105.2,0.0,0,0,0,0,3,1,1.4,508,7.4,0,46.7,30,30,10.4,29.4,2.77,0,11,28.9,30.0,9,2,35.7,30,5,0.28,9,90.2,0,1,38,30.0,0.0,75.6,0.0,0,0,0,0,2,3,7.9,289,9.6,211,100.0,10,10,3.5,-3.0,1.23,0,0,0.0,100.0,10,0,0.0,10,0,0.06,2,67.8,0,0,10,50.0,,83.8,0.0,0,0,0,0,0,0,0.0,41,4.1,42.9,7,7,2.4,30.3,3.24,0,1,9.1,28.6,2,1,33.3,7,1,-0.18,2,53.9,0,1,11,28.6,0.0,14.3,0.0,0,0,0,0,0,2,18.2,45,6.4,55.6,9,9,3.1,12.3,2.26,0,0,0.0,55.6,5,3,0.0,9,0,0.52,5,62.9,0,0,9,55.6,0.0,113.0,0.0,0,0,0,0,2,0,0.0,54,6.0,77.3,22,22,7.6,4.5,2.18,0,0,0.0,68.2,15,5,11.8,22,2,0.29,7,57.1,0,0,22,50.0,0.0,120.1,0.0,0,0,0,0,2,0,0.0,163,7.4,63.3,60,60,20.8,13.4,2.88,0,3,4.6,60.0,36,20,5.3,60,2,0.58,34,83.1,0,3,65,60.0,0.0,95.8,0.0,0,0,0,0,5,6,9.2,530,8.8,0,100.0,8,8,2.8,-2.9,1.63,0,0,0.0,100.0,8,0,0.0,8,0,0.02,1,67.4,0,0,9,62.5,,82.8,0.0,0,0,0,0,0,0,0.0,31,3.9,9.1,11,11,3.8,29.5,2.7,0,3,23.1,0.0,0,1,100.0,11,1,-0.76,0,64.2,0,0,13,0.0,0.0,39.6,0.0,0,0,0,0,0,1,7.7,0,0.0,64.3,14,14,4.9,13.1,3.26,0,1,6.7,57.1,8,4,11.1,14,1,0.34,8,91.0,0,0,15,57.1,0.0,106.8,0.0,0,0,0,0,1,0,0.0,112,8.0,73.1,26,26,9.0,4.8,2.06,0,0,0.0,65.4,17,4,10.5,26,2,0.03,8,62.5,0,0,26,50.0,0.0,79.0,0.0,0,0,0,0,0,0,0.0,140,5.4,80.3,117,117,40.6,4.0,2.27,0,0,0.0,72.6,85,28,9.6,117,9,0.16,39,62.7,0,1,122,53.0,0.0,102.2,0.0,0,0,0,0,5,1,0.8,811,6.9
Zane Flores,174288,QB,OKLA STATE,9,267,301,90.3,62,62,23.2,-2.9,2.05,0,0,0.0,83.9,52,12,7.1,62,4,-0.19,15,65.7,0,0,64,40.3,0.0,96.5,0.0,0,0,0,0,2,0,0.0,284,4.6,91.3,46,46,17.2,-3.1,1.89,0,0,0.0,87.0,40,7,4.8,46,2,-0.13,14,65.8,0,0,47,45.7,0.0,103.9,0.0,0,0,0,0,2,0,0.0,251,5.5,27.3,11,11,4.1,30.9,3.1,0,1,8.3,27.3,3,4,0.0,11,0,-0.05,3,55.9,0,2,12,27.3,0.0,23.1,0.0,0,0,0,0,0,1,8.3,94,8.5,57.9,19,19,7.1,13.8,2.96,0,1,5.0,47.4,9,8,18.2,19,2,0.2,8,66.5,0,1,20,42.1,0.0,67.0,0.0,0,0,0,0,1,1,5.0,136,7.2,78.5,65,65,24.3,4.3,2.24,0,0,0.0,73.8,48,14,5.9,65,3,0.01,20,59.6,0,2,66,56.9,0.0,77.4,0.0,0,0,0,0,0,4,6.1,415,6.4,0,23.5,34,34,12.7,29.6,2.8,0,5,13.5,17.6,6,10,25.0,34,2,-0.27,6,54.8,0,3,37,17.6,0.0,16.2,0.0,0,0,0,0,0,3,8.1,211,6.2,262,100.0,8,8,3.0,-2.0,2.0,0,0,0.0,100.0,8,1,0.0,8,0,-0.1,1,67.2,0,0,9,50.0,0.0,82.3,0.0,0,0,0,0,0,0,0.0,30,3.8,16.7,12,12,4.5,28.9,2.41,0,2,15.4,16.7,2,3,0.0,12,0,-0.13,2,60.9,0,0,13,16.7,0.0,51.4,0.0,0,0,0,0,0,0,0.0,70,5.8,54.5,11,11,4.1,12.3,2.34,0,0,0.0,54.5,6,1,0.0,11,0,0.05,6,64.3,0,1,11,54.5,0.0,45.3,0.0,0,0,0,0,0,1,9.1,94,8.5,77.3,22,22,8.2,4.4,2.44,0,0,0.0,77.3,17,3,0.0,22,0,0.28,10,65.7,0,0,22,63.6,0.0,99.4,0.0,0,0,0,0,0,0,0.0,174,7.9,61.5,39,39,14.6,13.4,2.91,0,1,2.4,56.4,22,12,8.3,39,2,0.29,20,68.7,0,2,41,53.8,0.0,72.6,0.0,0,0,0,0,1,3,7.3,340,8.7,0,75.0,8,8,3.0,-3.0,2.98,0,0,0.0,50.0,4,4,33.3,8,2,-0.65,0,56.4,0,0,8,0.0,0.0,56.3,0.0,0,0,0,0,0,0,0.0,3,0.4,27.3,11,11,4.1,29.0,2.92,0,2,16.7,9.1,1,3,66.7,11,2,-0.65,1,51.5,0,1,12,9.1,0.0,7.0,0.0,0,0,0,0,0,2,16.7,47,4.3,77.8,9,9,3.4,13.8,3.49,0,0,0.0,77.8,7,3,0.0,9,0,0.78,6,68.6,0,0,10,77.8,0.0,117.6,0.0,0,0,0,0,0,1,10.0,110,12.2,77.3,22,22,8.2,3.8,2.48,0,0,0.0,63.6,14,4,17.6,22,3,-0.49,2,53.6,0,0,22,27.3,0.0,67.6,0.0,0,0,0,0,0,1,4.5,64,2.9,78.0,109,109,40.8,4.2,2.33,0,0,0.0,72.5,79,21,7.1,109,6,-0.04,32,59.6,0,2,110,52.3,0.0,79.8,0.0,0,0,0,0,0,5,4.5,653,6.0
Zevi Eckhaus,148535,QB,WASH STATE,10,263,301,94.9,39,39,14.8,-2.3,1.79,0,0,0.0,92.3,36,8,2.7,39,1,-0.17,8,72.1,0,0,39,38.5,0.0,86.8,0.0,0,0,0,0,0,0,0.0,188,4.8,93.3,30,30,11.4,-2.2,1.71,0,0,0.0,90.0,27,5,3.6,30,1,-0.2,7,71.2,0,0,30,40.0,0.0,89.2,0.0,0,0,0,0,0,0,0.0,162,5.4,47.6,21,21,8.0,33.7,3.09,0,7,28.0,47.6,10,11,0.0,21,0,0.82,10,80.7,0,2,25,47.6,0.0,93.8,0.0,0,0,0,0,6,2,8.0,342,16.3,54.5,22,22,8.4,13.2,2.93,0,0,0.0,50.0,11,11,8.3,22,1,0.0,11,57.2,0,2,24,50.0,0.0,69.3,0.0,0,0,0,0,2,1,4.2,175,8.0,84.2,76,76,28.9,3.6,2.15,0,0,0.0,81.6,62,23,3.1,76,2,0.16,28,66.4,0,1,80,59.2,0.0,95.4,0.0,0,0,0,0,2,1,1.3,465,6.1,0,36.6,41,41,15.6,30.2,2.99,0,11,22.0,36.6,15,19,0.0,41,0,0.26,15,70.8,0,6,50,36.6,0.0,79.5,0.0,0,0,0,0,7,5,10.0,462,11.3,341,100.0,6,6,2.3,-3.0,1.78,0,0,0.0,100.0,6,1,0.0,6,0,-0.4,0,66.1,0,0,6,16.7,0.0,79.2,0.0,0,0,0,0,0,0,0.0,11,1.8,28.6,7,7,2.7,25.3,2.7,0,2,18.2,28.6,2,2,0.0,7,0,-0.12,2,62.7,0,1,11,28.6,0.0,52.1,0.0,0,0,0,0,1,1,9.1,42,6.0,41.2,17,17,6.5,16.1,2.35,0,1,5.6,41.2,7,8,0.0,17,0,0.43,7,54.2,0,0,18,41.2,0.0,66.8,0.0,0,0,0,0,0,1,5.6,124,7.3,100.0,11,11,4.2,3.7,2.3,0,0,0.0,100.0,11,3,0.0,11,0,0.37,3,67.5,0,0,11,72.7,0.0,95.5,0.0,0,0,0,0,0,0,0.0,76,6.9,54.2,48,48,18.3,14.5,2.7,0,2,3.8,52.1,25,21,3.8,48,1,0.37,25,68.7,0,2,52,52.1,0.0,78.5,0.0,0,0,0,0,2,2,3.8,420,8.8,0,100.0,3,3,1.1,-1.7,2.57,0,0,0.0,100.0,3,2,0.0,3,0,0.47,1,63.8,0,0,3,66.7,0.0,87.5,0.0,0,0,0,0,0,0,0.0,15,5.0,23.1,13,13,4.9,27.2,2.99,0,2,14.3,23.1,3,6,0.0,13,0,-0.42,3,53.7,0,3,14,23.1,0.0,12.5,0.0,0,0,0,0,0,2,14.3,78,6.0,77.8,9,9,3.4,14.3,2.77,0,1,10.0,77.8,7,2,0.0,9,0,1.13,7,92.9,0,0,10,77.8,0.0,118.8,0.0,0,0,0,0,0,0,0.0,121,13.4,78.6,28,28,10.6,4.0,2.85,0,0,0.0,64.3,18,8,18.2,28,4,-0.06,6,56.6,0,0,29,46.4,0.0,88.5,0.0,0,0,0,0,1,0,0.0,141,5.0,84.3,115,115,43.7,3.7,2.34,0,0,0.0,79.1,91,34,6.2,115,6,0.12,37,64.8,0,1,120,57.4,0.0,96.4,0.0,0,0,0,0,3,1,0.8,682,5.9
Ethan Vasko,163817,QB,LIBERTY,10,268,300,93.5,31,31,11.6,-3.6,1.9,0,0,0.0,93.5,29,3,0.0,31,0,0.08,8,69.2,0,0,32,45.2,0.0,103.9,0.0,0,0,0,0,1,0,0.0,197,6.4,96.0,25,25,9.3,-3.7,1.8,0,0,0.0,96.0,24,2,0.0,25,0,0.33,8,70.6,0,0,25,56.0,0.0,112.0,0.0,0,0,0,0,1,0,0.0,192,7.7,40.0,15,15,5.6,30.9,3.53,0,5,26.3,40.0,6,2,0.0,15,0,0.64,6,71.9,0,2,19,40.0,0.0,87.5,0.0,0,0,0,0,2,3,15.8,207,13.8,71.4,35,35,13.1,13.1,2.94,0,0,0.0,71.4,25,9,0.0,35,0,0.75,20,90.1,0,1,38,65.7,0.0,104.2,0.0,0,0,0,0,1,1,2.6,378,10.8,76.0,50,50,18.7,5.3,2.33,0,0,0.0,72.0,36,8,5.3,50,2,0.1,20,62.8,0,3,53,60.0,0.0,66.8,0.0,0,0,0,0,0,2,3.8,356,7.1,0,32.7,49,49,18.3,27.8,3.65,0,13,23.2,26.5,13,15,18.8,49,3,-0.02,13,61.0,0,6,56,26.5,0.0,62.9,0.0,0,0,0,0,5,8,14.3,487,9.9,206,75.0,4,4,1.5,-3.0,2.33,0,0,0.0,75.0,3,0,0.0,4,0,-0.93,0,58.8,0,0,5,0.0,,77.1,0.0,0,0,0,0,0,0,0.0,5,1.3,36.8,19,19,7.1,26.2,3.65,0,6,30.0,31.6,6,8,14.3,19,1,0.24,6,71.3,0,2,20,31.6,0.0,80.5,0.0,0,0,0,0,3,3,15.0,257,13.5,57.1,14,14,5.2,13.4,3.56,0,0,0.0,57.1,8,6,0.0,14,0,1.03,6,71.3,0,1,14,57.1,0.0,80.4,0.0,0,0,0,0,1,1,7.1,123,8.8,82.4,17,17,6.3,5.6,2.44,0,0,0.0,76.5,13,6,7.1,17,1,0.27,6,51.1,0,1,17,70.6,0.0,70.2,0.0,0,0,0,0,0,1,5.9,118,6.9,63.8,69,69,25.7,13.8,3.13,0,0,0.0,60.9,42,23,4.5,69,2,0.62,35,85.0,0,2,73,58.0,0.0,99.5,0.0,0,0,0,0,4,3,4.1,654,9.5,0,100.0,2,2,0.7,-3.5,2.2,0,0,0.0,100.0,2,1,0.0,2,0,-1.07,0,62.7,0,0,2,0.0,0.0,79.2,0.0,0,0,0,0,0,0,0.0,0,0.0,20.0,15,15,5.6,26.7,3.77,0,2,11.8,6.7,1,5,66.7,15,2,-1.0,1,36.8,0,2,17,6.7,0.0,0.0,0.0,0,0,0,0,0,2,11.8,23,1.5,55.0,20,20,7.5,15.2,3.16,0,0,0.0,45.0,9,8,18.2,20,2,0.12,9,67.6,0,0,21,45.0,0.0,104.8,0.0,0,0,0,0,2,1,4.8,153,7.7,81.8,22,22,8.2,5.0,2.22,0,0,0.0,81.8,18,4,0.0,22,0,0.18,7,45.2,0,0,22,59.1,0.0,94.9,0.0,0,0,0,0,0,1,4.5,149,6.8,78.7,89,89,33.2,5.3,2.32,0,0,0.0,75.3,67,18,4.3,89,3,0.15,33,54.2,0,4,92,61.8,0.0,75.3,0.0,0,0,0,0,0,4,4.3,623,7.0
Maddux Madsen,163379,QB,BOISE ST,9,255,298,89.5,38,38,14.9,-3.0,2.12,0,0,0.0,84.2,32,2,5.9,38,2,0.01,7,64.3,0,0,38,36.8,0.0,105.2,0.0,0,0,0,0,1,0,0.0,271,7.1,93.3,30,30,11.8,-2.9,2.04,0,0,0.0,90.0,27,1,3.6,30,1,0.16,6,66.6,0,0,30,43.3,0.0,112.1,0.0,0,0,0,0,1,0,0.0,247,8.2,53.3,15,15,5.9,27.5,3.04,0,6,35.3,40.0,6,5,25.0,15,2,0.65,6,93.5,0,0,17,40.0,0.0,127.1,0.0,0,0,0,0,3,1,5.9,214,14.3,71.1,45,45,17.6,14.3,2.68,0,1,2.0,60.0,27,5,15.6,45,5,0.82,26,76.4,0,3,51,60.0,0.0,102.4,0.0,0,0,0,0,4,3,5.9,523,11.6,83.8,74,74,29.0,4.1,2.29,0,0,0.0,75.7,56,13,9.7,74,6,0.59,34,73.6,0,1,76,67.6,0.0,122.4,0.0,0,0,0,0,7,1,1.3,556,7.5,0,43.3,30,30,11.8,26.5,2.94,0,7,20.0,36.7,11,11,15.4,30,2,0.57,11,86.0,0,0,35,36.7,0.0,116.0,0.0,0,0,0,0,3,2,5.7,360,12.0,120,100.0,3,3,1.2,-3.7,2.3,0,0,0.0,66.7,2,0,33.3,3,1,-0.67,0,55.9,0,0,3,0.0,,70.1,0.0,0,0,0,0,0,0,0.0,6,2.0,0.0,5,5,2.0,25.4,2.72,0,0,0.0,0.0,0,1,,5,0,-0.46,0,42.2,0,0,6,0.0,0.0,39.6,0.0,0,0,0,0,0,0,0.0,0,0.0,28.6,7,7,2.7,14.0,2.8,0,0,0.0,28.6,2,2,0.0,7,0,-0.61,2,41.2,0,1,7,28.6,0.0,6.0,0.0,0,0,0,0,0,1,14.3,31,4.4,85.7,7,7,2.7,3.9,1.99,0,0,0.0,71.4,5,0,16.7,7,1,-0.15,2,57.4,0,0,7,57.1,,84.8,0.0,0,0,0,0,0,0,0.0,39,5.6,64.2,67,67,26.3,13.9,2.82,0,1,1.4,53.7,36,11,16.3,67,7,0.55,35,71.6,0,4,74,53.7,0.0,84.0,0.0,0,0,0,0,4,5,6.8,677,10.1,0,60.0,5,5,2.0,-3.2,2.5,0,0,0.0,60.0,3,1,0.0,5,0,-0.5,1,58.9,0,0,5,20.0,0.0,67.1,0.0,0,0,0,0,0,0,0.0,18,3.6,50.0,10,10,3.9,25.5,2.91,0,1,8.3,50.0,5,5,0.0,10,0,0.97,5,70.9,0,0,12,50.0,0.0,95.8,0.0,0,0,0,0,0,1,8.3,146,14.6,60.0,15,15,5.9,12.7,3.24,0,0,0.0,46.7,7,4,22.2,15,2,0.25,7,68.6,0,0,16,46.7,0.0,75.1,0.0,0,0,0,0,0,1,6.3,123,8.2,58.3,24,24,9.4,5.3,3.0,0,0,0.0,50.0,12,6,14.3,24,2,-0.46,4,29.5,0,2,26,41.7,0.0,24.5,0.0,0,0,0,0,0,3,11.5,89,3.7,78.1,105,105,41.2,4.4,2.43,0,0,0.0,69.5,73,19,11.0,105,9,0.3,40,58.5,0,3,109,61.0,0.0,97.5,0.0,0,0,0,0,7,4,3.7,684,6.5
Carlos Del Rio-Wilson,146687,QB,MARSHALL,11,257,295,96.4,56,56,21.8,-2.6,1.53,0,0,0.0,96.4,54,3,0.0,56,0,0.08,20,71.8,0,0,56,53.6,0.0,94.4,0.0,0,0,0,0,0,0,0.0,373,6.7,98.0,50,50,19.5,-2.7,1.41,0,0,0.0,98.0,49,2,0.0,50,0,0.01,16,72.9,0,0,50,52.0,0.0,93.8,0.0,0,0,0,0,0,0,0.0,326,6.5,0.0,4,4,1.6,29.8,2.68,0,1,14.3,0.0,0,3,,4,0,-1.82,0,49.4,0,1,7,0.0,0.0,0.0,0.0,0,0,0,0,0,0,0.0,0,0.0,72.7,44,44,17.1,13.5,2.57,0,1,2.2,68.2,30,11,6.3,44,2,0.95,30,85.4,0,1,45,68.2,0.0,131.8,0.0,0,0,0,0,4,3,6.7,635,14.4,75.0,60,60,23.3,4.5,2.31,0,0,0.0,68.3,41,16,8.9,60,4,0.46,25,62.9,0,2,62,55.0,0.0,103.3,0.0,0,0,0,0,5,1,1.6,438,7.3,0,26.9,26,26,10.1,27.0,2.78,0,8,23.5,26.9,7,8,0.0,26,0,0.02,7,70.0,0,1,34,26.9,0.0,78.8,0.0,0,0,0,0,3,2,5.9,183,7.0,214,66.7,3,3,1.2,-1.3,2.2,0,0,0.0,66.7,2,0,0.0,3,0,0.52,2,56.0,0,0,3,66.7,,77.1,0.0,0,0,0,0,0,0,0.0,14,4.7,60.0,5,5,1.9,23.0,2.62,0,1,16.7,60.0,3,0,0.0,5,0,1.16,3,87.2,0,0,6,60.0,,104.2,0.0,0,0,0,0,0,0,0.0,68,13.6,55.6,9,9,3.5,13.8,2.58,0,1,10.0,55.6,5,3,0.0,9,0,0.13,4,52.3,0,0,10,55.6,0.0,83.1,0.0,0,0,0,0,0,1,10.0,75,8.3,91.7,12,12,4.7,4.1,2.01,0,0,0.0,91.7,11,2,0.0,12,0,0.79,6,70.1,0,0,15,66.7,0.0,142.0,0.0,0,0,0,0,3,0,0.0,103,8.6,68.8,64,64,24.9,13.3,2.6,0,2,2.9,65.6,42,19,4.5,64,2,0.87,41,80.2,0,1,68,65.6,0.0,133.6,0.0,0,0,0,0,6,4,5.9,812,12.7,0,100.0,3,3,1.2,-3.3,2.93,0,0,0.0,100.0,3,1,0.0,3,0,0.79,2,63.9,0,0,3,66.7,0.0,112.5,0.0,0,0,0,0,0,0,0.0,33,11.0,23.5,17,17,6.6,27.5,2.86,0,6,28.6,23.5,4,5,0.0,17,0,0.11,4,67.4,0,0,21,23.5,0.0,94.9,0.0,0,0,0,0,3,2,9.5,115,6.8,63.6,11,11,4.3,12.4,2.74,0,0,0.0,63.6,7,5,0.0,11,0,1.15,7,71.9,0,0,13,63.6,0.0,133.3,0.0,0,0,0,0,2,0,0.0,102,9.3,69.2,26,26,10.1,5.9,3.25,0,0,0.0,61.5,16,14,11.1,26,2,-0.09,7,51.8,0,1,28,38.5,0.0,60.3,0.0,0,0,0,0,0,1,3.6,143,5.5,75.5,98,98,38.1,4.8,2.52,0,0,0.0,69.4,68,32,8.1,98,6,0.35,38,61.0,0,3,105,52.0,0.0,103.4,0.0,0,0,0,0,8,2,1.9,684,7.0
Maalik Murphy,157302,QB,OREGON ST,10,280,295,84.8,33,33,11.8,-2.7,1.76,0,0,0.0,78.8,26,2,7.1,33,2,-0.09,6,57.3,0,0,33,39.4,0.0,102.8,0.0,0,0,0,0,2,1,3.0,126,3.8,86.7,30,30,10.7,-2.7,1.71,0,0,0.0,80.0,24,2,7.7,30,2,0.01,6,66.6,0,0,30,43.3,0.0,106.7,0.0,0,0,0,0,2,0,0.0,128,4.3,37.5,16,16,5.7,30.5,3.23,0,2,12.5,37.5,6,7,0.0,16,0,-0.19,6,57.6,0,1,16,37.5,0.0,57.6,0.0,0,0,0,0,0,2,12.5,193,12.1,56.5,46,46,16.4,13.2,2.69,0,1,2.1,45.7,21,11,19.2,46,5,0.11,21,67.6,0,4,48,45.7,0.0,49.0,0.0,0,0,0,0,2,4,8.3,338,7.3,82.0,89,89,31.8,4.0,2.26,0,0,0.0,75.3,67,26,8.2,89,6,0.42,33,69.7,0,0,91,67.4,0.0,113.9,0.0,0,0,0,0,5,2,2.2,648,7.3,0,43.2,37,37,13.2,28.5,3.23,0,5,12.8,37.8,14,14,12.5,37,2,0.09,14,60.0,0,1,39,37.8,0.0,67.6,0.0,0,0,0,0,0,4,10.3,402,10.9,265,0.0,1,1,0.4,-1.0,2.0,0,0,0.0,0.0,0,0,,1,0,-1.71,0,34.2,0,0,1,0.0,,39.6,0.0,0,0,0,0,0,1,100.0,0,0.0,50.0,14,14,5.0,25.4,3.11,0,2,14.3,42.9,6,6,14.3,14,1,0.45,6,65.3,0,0,14,42.9,0.0,86.3,0.0,0,0,0,0,0,1,7.1,163,11.6,36.4,11,11,3.9,14.5,2.73,0,0,0.0,36.4,4,2,0.0,11,0,-0.4,4,47.1,0,1,12,36.4,0.0,24.4,0.0,0,0,0,0,0,1,8.3,79,7.2,70.6,17,17,6.1,4.8,1.86,0,0,0.0,70.6,12,3,0.0,17,0,-0.18,2,46.3,0,1,18,70.6,0.0,57.2,0.0,0,0,0,0,0,1,5.6,85,5.0,51.4,70,70,25.0,13.5,2.81,0,1,1.4,41.4,29,20,19.4,70,7,-0.09,27,61.3,0,6,73,41.4,0.0,38.6,0.0,0,0,0,0,2,6,8.2,474,6.8,0,100.0,2,2,0.7,-3.0,2.35,0,0,0.0,100.0,2,0,0.0,2,0,-0.79,0,62.6,0,0,2,0.0,,79.2,0.0,0,0,0,0,0,0,0.0,-2,-1.0,42.9,7,7,2.5,30.4,3.46,0,1,11.1,28.6,2,1,33.3,7,1,0.02,2,56.6,0,0,9,28.6,0.0,54.5,0.0,0,0,0,0,0,1,11.1,46,6.6,46.2,13,13,4.6,13.9,3.31,0,0,0.0,30.8,4,7,33.3,13,2,-0.54,2,57.4,0,1,13,30.8,0.0,13.9,0.0,0,0,0,0,0,1,7.7,57,4.4,76.2,21,21,7.5,3.8,2.3,0,0,0.0,71.4,15,3,6.3,21,1,-0.32,3,56.0,0,0,23,33.3,0.0,78.1,0.0,0,0,0,0,0,0,0.0,83,4.0,79.5,127,127,45.4,4.1,2.22,0,0,0.0,74.0,94,32,6.9,127,7,0.22,38,62.8,0,1,132,62.2,0.0,100.4,0.0,0,0,0,0,5,3,2.3,816,6.4
Dylan Raiola,183581,QB,NEBRASKA,9,251,294,95.6,45,45,17.9,-3.0,2.0,0,0,0.0,93.3,42,4,2.3,45,1,0.0,10,69.0,0,0,46,48.9,0.0,99.5,0.0,0,0,0,0,2,0,0.0,195,4.3,95.1,41,41,16.3,-3.0,1.94,0,0,0.0,92.7,38,4,2.6,41,1,0.02,9,68.4,0,0,42,51.2,0.0,93.9,0.0,0,0,0,0,1,0,0.0,188,4.6,66.7,6,6,2.4,28.3,4.5,0,3,50.0,66.7,4,3,0.0,6,0,1.64,4,94.3,0,0,6,66.7,0.0,149.3,0.0,0,0,0,0,1,0,0.0,118,19.7,68.0,25,25,10.0,13.8,3.02,0,0,0.0,68.0,17,5,0.0,25,0,0.7,16,80.6,0,2,27,68.0,0.0,104.2,0.0,0,0,0,0,2,2,7.4,388,15.5,83.1,83,83,33.1,4.0,2.44,0,0,0.0,80.7,67,13,2.9,83,2,0.32,34,61.1,0,2,86,60.2,0.0,104.7,0.0,0,0,0,0,4,3,3.5,637,7.7,0,52.0,25,25,10.0,28.8,3.41,0,5,17.2,44.0,11,8,15.4,25,2,0.81,11,83.4,0,1,29,44.0,0.0,100.8,0.0,0,0,0,0,2,1,3.4,353,14.1,238,,0,0,0.0,,,0,0,,,0,0,,0,0,0.0,0,,0,0,0,,,0.0,,0,0,0,0,0,0,,0,,85.7,7,7,2.8,28.0,2.81,0,2,20.0,71.4,5,2,16.7,7,1,1.44,5,90.6,0,0,10,71.4,0.0,113.7,0.0,0,0,0,0,0,0,0.0,138,19.7,53.8,13,13,5.2,15.6,2.95,0,0,0.0,46.2,6,2,14.3,13,1,0.35,6,63.9,0,0,13,46.2,0.0,109.9,0.0,0,0,0,0,2,0,0.0,93,7.2,82.4,17,17,6.8,4.0,2.01,0,0,0.0,82.4,14,1,0.0,17,0,0.1,5,33.3,0,0,17,58.8,0.0,113.2,0.0,0,0,0,0,1,1,5.9,110,6.5,64.2,53,53,21.1,14.3,3.05,0,2,3.6,60.4,32,11,5.9,53,2,0.65,31,82.4,0,2,55,60.4,0.0,123.1,0.0,0,0,0,0,8,2,3.6,596,11.2,0,100.0,4,4,1.6,-2.3,2.55,0,0,0.0,100.0,4,0,0.0,4,0,-0.18,1,64.7,0,0,4,25.0,,118.8,0.0,0,0,0,0,1,0,0.0,7,1.8,25.0,12,12,4.8,29.5,3.22,0,0,0.0,16.7,2,3,33.3,12,1,0.03,2,44.7,0,1,13,16.7,0.0,53.8,0.0,0,0,0,0,1,1,7.7,97,8.1,66.7,15,15,6.0,13.9,3.19,0,2,13.3,60.0,9,4,10.0,15,1,0.82,9,82.9,0,0,15,60.0,0.0,123.6,0.0,0,0,0,0,4,0,0.0,115,7.7,88.9,18,18,7.2,3.1,1.91,0,0,0.0,83.3,15,1,6.3,18,1,0.2,8,43.8,0,1,18,61.1,0.0,87.3,0.0,0,0,0,0,1,1,5.6,109,6.1,83.9,118,118,47.0,3.8,2.3,0,0,0.0,81.4,96,15,3.0,118,3,0.27,47,50.5,0,3,121,60.2,0.0,103.2,0.0,0,0,0,0,6,5,4.1,856,7.3
E.J. Warner,156185,QB,FRESNO ST,9,255,293,98.0,50,50,19.6,-4.1,2.16,0,0,0.0,90.0,45,9,8.2,50,4,0.12,13,70.8,0,0,51,48.0,0.0,103.6,0.0,0,0,0,0,2,0,0.0,283,5.7,97.4,38,38,14.9,-4.2,1.94,0,0,0.0,89.5,34,6,8.1,38,3,0.25,12,69.6,0,0,39,55.3,0.0,109.5,0.0,0,0,0,0,2,0,0.0,231,6.1,33.3,9,9,3.5,28.2,2.83,0,3,30.0,33.3,3,3,0.0,9,0,-0.12,3,37.4,0,3,10,33.3,0.0,81.9,0.0,0,0,0,0,2,4,40.0,113,12.6,64.9,37,37,14.5,12.8,2.43,0,0,0.0,62.2,23,9,4.2,37,1,0.76,20,89.7,0,1,40,62.2,0.0,101.4,0.0,0,0,0,0,2,1,2.5,362,9.8,89.6,77,77,30.2,4.5,2.32,0,0,0.0,83.1,64,11,7.2,77,5,0.19,29,64.2,0,3,78,62.3,0.0,91.0,0.0,0,0,0,0,2,3,3.8,589,7.6,0,35.0,20,20,7.8,28.0,2.65,0,7,31.8,30.0,6,4,14.3,20,1,-0.19,6,55.6,0,5,22,30.0,0.0,66.3,0.0,0,0,0,0,5,6,27.3,188,9.4,169,100.0,5,5,2.0,-3.2,3.1,0,0,0.0,100.0,5,1,0.0,5,0,-1.11,0,64.8,0,0,5,0.0,0.0,79.2,0.0,0,0,0,0,0,0,0.0,4,0.8,28.6,7,7,2.7,27.7,2.67,0,2,28.6,14.3,1,1,50.0,7,1,-1.04,1,57.3,0,2,7,14.3,0.0,42.6,0.0,0,0,0,0,1,2,28.6,26,3.7,44.4,9,9,3.5,14.8,2.9,0,0,0.0,33.3,3,1,25.0,9,1,0.14,3,60.8,0,1,9,44.4,0.0,12.0,0.0,0,0,0,0,0,1,11.1,47,5.2,83.3,12,12,4.7,3.9,2.53,0,0,0.0,83.3,10,0,0.0,12,0,0.02,3,60.3,0,0,12,58.3,,90.6,0.0,0,0,0,0,0,0,0.0,69,5.8,59.7,62,62,24.3,13.6,2.5,0,1,1.5,56.5,35,11,5.4,62,2,0.51,31,86.6,0,3,66,58.1,0.0,83.1,0.0,0,0,0,0,3,3,4.5,565,9.1,0,100.0,7,7,2.7,-4.0,2.64,0,0,0.0,85.7,6,2,14.3,7,1,0.27,1,66.5,0,0,7,42.9,0.0,95.2,0.0,0,0,0,0,0,0,0.0,48,6.9,50.0,4,4,1.6,28.0,2.18,0,2,40.0,50.0,2,0,0.0,4,0,1.15,2,86.4,0,0,5,50.0,,134.4,0.0,0,0,0,0,2,0,0.0,49,12.3,56.3,16,16,6.3,14.6,2.43,0,1,5.9,56.3,9,1,0.0,16,0,0.12,8,76.3,0,1,17,56.3,0.0,84.4,0.0,0,0,0,0,1,1,5.9,156,9.8,90.9,22,22,8.6,3.8,2.41,0,0,0.0,81.8,18,4,10.0,22,2,0.29,8,71.2,0,0,23,68.2,0.0,88.8,0.0,0,0,0,0,0,0,0.0,117,5.3,89.2,111,111,43.5,4.3,2.36,0,0,0.0,82.9,92,15,7.1,111,7,0.19,40,66.7,0,3,113,63.1,0.0,90.5,0.0,0,0,0,0,2,3,2.7,775,7.0
Aidan Armenta,175731,QB,LA MONROE,11,253,293,98.4,63,63,24.9,-4.2,1.76,0,0,0.0,95.2,60,5,3.2,63,2,-0.08,13,70.9,0,0,66,33.3,0.0,90.2,0.0,0,0,0,0,1,0,0.0,276,4.4,98.1,53,53,20.9,-4.5,1.66,0,0,0.0,94.3,50,4,3.8,53,2,-0.11,11,71.4,0,0,55,34.0,0.0,91.7,0.0,0,0,0,0,1,0,0.0,239,4.5,18.2,22,22,8.7,33.5,3.38,0,2,7.7,18.2,4,7,0.0,22,0,-0.63,4,30.3,0,4,26,18.2,0.0,26.5,0.0,0,0,0,0,1,4,15.4,126,5.7,68.4,19,19,7.5,12.7,2.9,0,1,5.3,57.9,11,7,15.4,19,2,0.77,10,86.0,0,1,19,57.9,0.0,115.0,0.0,0,0,0,0,2,1,5.3,235,12.4,76.7,43,43,17.0,5.1,2.24,0,0,0.0,72.1,31,3,6.1,43,2,-0.17,22,71.5,0,2,45,58.1,0.0,75.0,0.0,0,0,0,0,0,2,4.4,332,7.7,0,26.6,64,64,25.3,33.7,3.32,0,14,20.0,21.9,14,15,17.6,64,3,-0.09,14,59.0,0,4,70,21.9,0.0,57.5,0.0,0,0,0,0,5,5,7.1,467,7.3,209,100.0,5,5,2.0,-3.4,1.8,0,0,0.0,100.0,5,1,0.0,5,0,-0.36,1,59.9,0,0,6,20.0,0.0,81.7,0.0,0,0,0,0,0,0,0.0,18,3.6,14.3,14,14,5.5,34.6,3.81,0,3,20.0,7.1,1,3,50.0,14,1,-0.51,1,61.4,0,0,15,7.1,0.0,63.4,0.0,0,0,0,0,1,1,6.7,25,1.8,71.4,7,7,2.8,14.7,2.61,0,1,11.1,57.1,4,2,20.0,7,1,0.73,4,83.5,0,0,9,57.1,0.0,124.4,0.0,0,0,0,0,2,1,11.1,59,8.4,71.4,7,7,2.8,4.4,2.07,0,0,0.0,57.1,4,1,20.0,7,1,-0.46,3,54.8,0,0,8,42.9,0.0,64.0,0.0,0,0,0,0,0,0,0.0,24,3.4,62.5,40,40,15.8,14.1,3.19,0,3,6.8,55.0,22,11,12.0,40,3,0.64,20,76.8,0,2,44,55.0,0.0,110.3,0.0,0,0,0,0,5,4,9.1,419,10.5,0,100.0,5,5,2.0,-2.2,2.74,0,0,0.0,100.0,5,0,0.0,5,0,0.49,1,64.8,0,0,5,40.0,,82.5,0.0,0,0,0,0,0,0,0.0,19,3.8,39.3,28,28,11.1,33.5,3.03,0,9,31.0,32.1,9,5,18.2,28,2,0.54,9,84.6,0,0,29,32.1,0.0,111.6,0.0,0,0,0,0,3,0,0.0,316,11.3,50.0,14,14,5.5,15.7,3.86,0,1,6.3,50.0,7,2,0.0,14,0,0.43,6,49.7,0,1,16,50.0,0.0,75.0,0.0,0,0,0,0,1,2,12.5,125,8.9,77.3,22,22,8.7,4.6,2.4,0,0,0.0,68.2,15,2,11.8,22,2,0.02,6,59.2,0,0,22,45.5,0.0,94.9,0.0,0,0,0,0,1,0,0.0,110,5.0,76.4,72,72,28.5,4.9,2.28,0,0,0.0,69.4,50,6,9.1,72,5,-0.14,31,66.8,0,2,75,52.8,0.0,80.0,0.0,0,0,0,0,1,2,2.7,466,6.5
Behren Morton,144747,QB,TEXAS TECH,10,270,293,98.0,50,50,18.5,-3.4,1.62,0,0,0.0,94.0,47,3,4.1,50,2,0.42,14,71.0,0,0,51,52.0,0.0,102.3,0.0,0,0,0,0,1,0,0.0,348,7.0,97.6,42,42,15.6,-3.6,1.68,0,0,0.0,92.9,39,3,4.9,42,2,0.46,12,70.3,0,0,43,50.0,0.0,104.9,0.0,0,0,0,0,1,0,0.0,305,7.3,100.0,5,5,1.9,32.2,3.34,0,4,66.7,100.0,5,0,0.0,5,0,3.69,5,99.1,0,0,6,100.0,,158.3,0.0,0,0,0,0,4,0,0.0,207,41.4,81.8,22,22,8.1,12.9,2.7,0,1,4.2,68.2,15,5,16.7,22,3,1.15,14,91.3,0,0,24,68.2,0.0,150.6,0.0,0,0,0,0,4,0,0.0,306,13.9,78.8,80,80,29.6,4.1,2.3,0,0,0.0,72.5,58,15,7.9,80,5,0.4,25,68.3,0,1,82,55.0,0.0,106.5,0.0,0,0,0,0,4,3,3.7,624,7.8,0,47.5,40,40,14.8,28.9,2.81,0,15,34.1,42.5,17,5,10.5,40,2,0.79,17,94.4,0,2,44,42.5,0.0,108.3,0.0,0,0,0,0,7,2,4.5,594,14.9,315,100.0,2,2,0.7,-2.0,1.3,0,0,0.0,100.0,2,0,0.0,2,0,0.42,1,62.6,0,0,2,50.0,,110.4,0.0,0,0,0,0,0,0,0.0,21,10.5,37.5,16,16,5.9,28.9,2.69,0,4,23.5,37.5,6,3,0.0,16,0,0.11,6,64.3,0,1,17,37.5,0.0,58.9,0.0,0,0,0,0,0,2,11.8,198,12.4,61.5,13,13,4.8,13.5,2.69,0,1,7.7,61.5,8,3,0.0,13,0,0.12,8,52.0,0,1,13,61.5,0.0,64.6,0.0,0,0,0,0,0,2,15.4,135,10.4,76.9,13,13,4.8,6.2,2.86,0,0,0.0,76.9,10,0,0.0,13,0,-0.07,5,73.9,0,0,13,61.5,,118.1,0.0,0,0,0,0,1,0,0.0,82,6.3,68.9,45,45,16.7,13.3,2.72,0,3,6.4,62.2,28,10,9.7,45,3,0.69,27,78.3,0,1,47,62.2,0.0,134.0,0.0,0,0,0,0,6,3,6.4,537,11.9,0,100.0,6,6,2.2,-2.5,1.3,0,0,0.0,100.0,6,0,0.0,6,0,0.2,1,65.5,0,0,6,66.7,,81.9,0.0,0,0,0,0,0,0,0.0,22,3.7,42.1,19,19,7.0,28.1,2.77,0,7,33.3,31.6,6,2,25.0,19,2,0.6,6,94.0,0,1,21,31.6,0.0,87.5,0.0,0,0,0,0,3,0,0.0,189,9.9,50.0,10,10,3.7,14.1,2.8,0,1,10.0,50.0,5,2,0.0,10,0,0.45,5,60.2,0,0,10,50.0,0.0,123.3,0.0,0,0,0,0,2,1,10.0,96,9.6,92.3,26,26,9.6,5.2,2.72,0,0,0.0,80.8,21,8,12.5,26,3,0.57,10,70.2,0,0,27,76.9,0.0,118.4,0.0,0,0,0,0,1,1,3.7,243,9.3,81.5,119,119,44.1,4.5,2.45,0,0,0.0,74.8,89,23,8.2,119,8,0.39,40,72.3,0,1,122,60.5,0.0,110.9,0.0,0,0,0,0,6,4,3.3,949,8.0
Ben Gulbranson,131734,QB,STANFORD,9,261,292,80.0,20,20,7.7,-2.8,1.96,0,0,0.0,70.0,14,3,12.5,20,2,-0.39,2,55.3,0,0,23,20.0,0.0,72.9,0.0,0,0,0,0,0,0,0.0,56,2.8,93.3,15,15,5.7,-2.8,1.51,0,0,0.0,86.7,13,1,7.1,15,1,-0.3,2,61.4,0,0,18,20.0,0.0,80.3,0.0,0,0,0,0,0,0,0.0,49,3.3,100.0,5,5,1.9,35.8,2.6,0,4,66.7,100.0,5,1,0.0,5,0,4.32,5,98.9,0,0,6,100.0,0.0,158.3,0.0,0,0,0,0,2,0,0.0,207,41.4,63.6,22,22,8.4,14.2,2.79,0,0,0.0,59.1,13,6,7.1,22,1,0.46,13,84.5,0,0,23,59.1,0.0,103.8,0.0,0,0,0,0,1,0,0.0,197,9.0,73.1,93,93,35.6,4.4,2.35,0,0,0.0,69.9,65,25,4.4,93,3,-0.09,29,43.9,0,4,96,50.5,0.0,81.1,0.0,0,0,0,0,3,7,7.3,623,6.7,0,53.8,26,26,10.0,30.7,3.02,0,10,35.7,46.2,12,3,14.3,26,2,1.01,12,91.5,0,3,28,46.2,0.0,78.7,0.0,0,0,0,0,2,4,14.3,446,17.2,300,0.0,2,2,0.8,-3.0,3.85,0,0,0.0,0.0,0,1,,2,0,-1.37,0,46.4,0,0,2,0.0,0.0,39.6,0.0,0,0,0,0,0,0,0.0,0,0.0,55.6,9,9,3.4,27.9,3.1,0,3,33.3,33.3,3,1,40.0,9,2,0.06,3,80.1,0,2,9,33.3,0.0,27.8,0.0,0,0,0,0,0,3,33.3,81,9.0,40.0,10,10,3.8,13.2,2.66,0,0,0.0,40.0,4,4,0.0,10,0,-0.16,3,46.0,0,1,11,40.0,0.0,61.7,0.0,0,0,0,0,1,1,9.1,78,7.8,73.3,30,30,11.5,4.4,2.23,0,0,0.0,66.7,20,7,9.1,30,2,-0.12,8,37.5,0,1,30,50.0,0.0,68.3,0.0,0,0,0,0,0,3,10.0,177,5.9,53.3,45,45,17.2,13.9,2.69,0,1,2.1,51.1,23,14,4.2,45,1,0.35,22,67.3,0,2,48,51.1,0.0,95.8,0.0,0,0,0,0,4,3,6.3,432,9.6,0,66.7,3,3,1.1,-2.3,2.9,0,0,0.0,33.3,1,1,50.0,3,1,-0.18,0,56.0,0,0,3,33.3,0.0,42.4,0.0,0,0,0,0,0,0,0.0,7,2.3,33.3,12,12,4.6,30.8,3.13,0,3,23.1,33.3,4,1,0.0,12,0,0.35,4,59.9,0,1,13,33.3,0.0,47.2,0.0,0,0,0,0,0,1,7.7,158,13.2,46.2,13,13,5.0,13.8,2.53,0,1,7.1,46.2,6,4,0.0,13,0,0.55,6,54.8,0,1,14,46.2,0.0,98.4,0.0,0,0,0,0,2,2,14.3,157,12.1,71.4,21,21,8.0,4.8,2.76,0,0,0.0,61.9,13,6,13.3,21,2,-0.11,4,68.9,0,0,23,57.1,0.0,68.9,0.0,0,0,0,0,0,1,4.3,77,3.7,72.9,144,144,55.2,4.4,2.38,0,0,0.0,68.1,98,38,6.7,144,7,-0.1,41,44.2,0,5,149,51.4,0.0,76.6,0.0,0,0,0,0,3,11,7.4,877,6.1
Sam Leavitt,175465,QB,ARIZONA ST,7,239,287,91.1,56,56,23.4,-3.4,1.97,0,0,0.0,87.5,49,4,3.9,56,2,-0.11,13,66.1,0,0,59,39.3,0.0,99.5,0.0,0,0,0,0,2,0,0.0,281,5.0,90.2,51,51,21.3,-3.5,2.02,0,0,0.0,86.3,44,4,4.3,51,2,-0.11,13,65.3,0,0,54,37.3,0.0,100.7,0.0,0,0,0,0,2,0,0.0,257,5.0,44.4,9,9,3.8,39.7,3.78,0,6,42.9,33.3,3,3,25.0,9,1,0.53,3,91.2,0,0,14,33.3,0.0,81.9,0.0,0,0,0,0,0,1,7.1,143,15.9,44.0,25,25,10.5,14.4,2.94,0,0,0.0,40.0,10,6,9.1,25,1,0.05,10,53.4,0,1,28,40.0,0.0,56.1,0.0,0,0,0,0,1,3,10.7,144,5.8,76.8,56,56,23.4,4.4,2.2,0,0,0.0,69.6,39,6,9.3,56,4,0.36,18,62.7,0,0,60,64.3,0.0,86.5,0.0,0,0,0,0,0,1,1.7,355,6.3,0,39.4,33,33,13.8,33.2,3.28,0,15,34.9,33.3,11,10,15.4,33,2,0.45,11,89.2,0,2,43,33.3,0.0,87.0,0.0,0,0,0,0,3,5,11.6,432,13.1,110,100.0,3,3,1.3,-3.3,1.53,0,0,0.0,100.0,3,0,0.0,3,0,0.06,0,63.9,0,0,3,66.7,,94.4,0.0,0,0,0,0,0,0,0.0,20,6.7,41.7,12,12,5.0,29.5,2.99,0,5,35.7,41.7,5,3,0.0,12,0,0.57,5,75.7,0,1,14,41.7,0.0,93.8,0.0,0,0,0,0,2,2,14.3,151,12.6,58.3,12,12,5.0,14.3,3.18,0,1,8.3,41.7,5,4,28.6,12,2,-0.12,5,83.3,0,0,12,41.7,0.0,108.3,0.0,0,0,0,0,2,0,0.0,92,7.7,70.0,20,20,8.4,4.9,2.65,0,0,0.0,70.0,14,5,0.0,20,0,0.06,6,61.2,0,0,22,55.0,0.0,98.5,0.0,0,0,0,0,1,0,0.0,103,5.2,50.0,52,52,21.8,14.7,3.14,0,3,5.5,44.2,23,17,11.5,52,3,0.08,23,62.1,0,1,55,44.2,0.0,81.3,0.0,0,0,0,0,3,5,9.1,388,7.5,0,100.0,2,2,0.8,-2.0,1.3,0,0,0.0,100.0,2,0,0.0,2,0,-0.3,0,62.6,0,0,2,50.0,,79.2,0.0,0,0,0,0,0,0,0.0,4,2.0,33.3,12,12,5.0,32.2,3.19,0,4,26.7,25.0,3,4,25.0,12,1,0.27,3,74.8,0,1,15,25.0,0.0,68.1,0.0,0,0,0,0,1,2,13.3,138,11.5,53.3,15,15,6.3,15.3,3.44,0,2,13.3,53.3,8,7,0.0,15,0,0.3,8,55.9,0,0,15,53.3,0.0,88.8,0.0,0,0,0,0,0,2,13.3,152,10.1,80.0,10,10,4.2,4.9,2.13,0,0,0.0,80.0,8,1,0.0,10,0,0.59,4,68.5,0,0,10,70.0,0.0,128.8,0.0,0,0,0,0,1,0,0.0,69,6.9,75.6,86,86,36.0,4.6,2.3,0,0,0.0,70.9,61,12,6.2,86,4,0.32,28,64.2,0,0,92,62.8,0.0,94.5,0.0,0,0,0,0,2,1,1.1,527,6.1
Keyone Jenkins,170403,QB,FIU,9,250,287,94.0,50,50,20.0,-2.8,1.93,0,0,0.0,92.0,46,8,2.1,50,1,-0.23,12,74.6,0,0,51,46.0,0.0,83.5,0.0,0,0,0,0,0,0,0.0,202,4.0,91.9,37,37,14.8,-3.2,1.83,0,0,0.0,91.9,34,7,0.0,37,0,-0.34,9,74.0,0,0,38,45.9,0.0,83.8,0.0,0,0,0,0,0,0,0.0,152,4.1,28.6,14,14,5.6,32.1,3.4,0,3,21.4,21.4,3,7,25.0,14,1,0.08,3,51.2,0,1,14,21.4,0.0,52.4,0.0,0,0,0,0,1,3,21.4,105,7.5,53.7,41,41,16.4,14.1,3.12,0,1,2.4,51.2,21,12,4.5,41,1,0.39,20,75.0,0,1,42,51.2,0.0,94.6,0.0,0,0,0,0,2,1,2.4,430,10.5,84.9,53,53,21.2,3.9,2.56,0,0,0.0,77.4,41,15,8.9,53,4,0.48,19,53.2,0,1,56,69.8,0.0,106.9,0.0,0,0,0,0,3,2,3.6,373,7.0,0,30.0,30,30,12.0,30.4,3.06,0,4,12.9,26.7,8,12,11.1,30,1,0.04,8,46.8,0,2,31,26.7,0.0,56.3,0.0,0,0,0,0,2,4,12.9,250,8.3,166,100.0,8,8,3.2,-1.6,2.49,0,0,0.0,100.0,8,1,0.0,8,0,0.06,3,66.4,0,0,8,37.5,0.0,81.3,0.0,0,0,0,0,0,0,0.0,28,3.5,12.5,8,8,3.2,30.5,2.83,0,1,11.1,12.5,1,2,0.0,8,0,-0.48,1,32.7,0,1,9,12.5,0.0,6.3,0.0,0,0,0,0,0,1,11.1,36,4.5,80.0,15,15,6.0,14.8,3.07,0,0,0.0,80.0,12,2,0.0,15,0,1.38,12,89.9,0,0,16,80.0,0.0,141.0,0.0,0,0,0,0,1,0,0.0,221,14.7,85.7,21,21,8.4,3.8,2.7,0,0,0.0,85.7,18,6,0.0,21,0,-0.07,6,68.0,0,0,22,71.4,0.0,93.7,0.0,0,0,0,0,0,0,0.0,136,6.5,56.9,65,65,26.0,14.3,3.11,0,1,1.5,55.4,36,15,2.7,65,1,0.53,35,75.3,0,2,67,55.4,0.0,99.8,0.0,0,0,0,0,4,4,6.0,684,10.5,0,100.0,5,5,2.0,-2.2,1.82,0,0,0.0,80.0,4,0,20.0,5,1,0.08,0,65.5,0,0,5,60.0,,85.0,0.0,0,0,0,0,0,0,0.0,22,4.4,50.0,8,8,3.2,27.5,2.69,0,0,0.0,50.0,4,3,0.0,8,0,0.48,4,68.4,0,0,8,50.0,0.0,135.4,0.0,0,0,0,0,1,0,0.0,109,13.6,33.3,9,9,3.6,14.3,3.14,0,0,0.0,33.3,3,1,0.0,9,0,-0.25,3,36.2,0,1,9,33.3,0.0,42.6,0.0,0,0,0,0,1,3,33.3,33,3.7,64.3,14,14,5.6,4.4,2.43,0,0,0.0,57.1,8,4,11.1,14,1,0.09,5,59.7,0,0,16,42.9,0.0,64.0,0.0,0,0,0,0,0,0,0.0,48,3.4,81.8,88,88,35.2,4.0,2.57,0,0,0.0,76.1,67,25,6.9,88,5,0.29,30,58.2,0,1,94,65.9,0.0,98.5,0.0,0,0,0,0,3,2,2.1,557,6.3
Dru DeShields,176094,QB,KENT STATE,11,244,283,90.0,30,30,12.3,-2.9,1.93,0,0,0.0,90.0,27,5,0.0,30,0,0.31,6,64.6,0,0,31,40.0,0.0,100.0,0.0,0,0,0,0,1,0,0.0,160,5.3,95.2,21,21,8.6,-3.1,1.79,0,0,0.0,95.2,20,2,0.0,21,0,0.49,6,67.3,0,0,22,47.6,0.0,110.7,0.0,0,0,0,0,1,0,0.0,142,6.8,90.9,11,11,4.5,31.9,2.94,0,6,54.5,90.9,10,4,0.0,11,0,3.9,10,99.9,0,0,11,90.9,0.0,158.3,0.0,0,0,0,0,7,0,0.0,498,45.3,57.9,19,19,7.8,13.3,2.54,0,0,0.0,57.9,11,8,0.0,19,0,0.35,10,69.5,0,1,20,52.6,0.0,84.1,0.0,0,0,0,0,1,1,5.0,174,9.2,67.8,59,59,24.2,5.2,2.17,0,0,0.0,59.3,35,18,12.5,59,5,-0.08,18,48.4,0,2,60,44.1,0.0,62.8,0.0,0,0,0,0,0,3,5.0,360,6.1,0,56.5,46,46,18.9,28.9,3.0,0,14,29.2,52.2,24,18,7.7,46,2,1.45,24,94.3,0,0,48,52.2,0.0,137.2,0.0,0,0,0,0,14,2,4.2,959,20.8,201,100.0,2,2,0.8,-3.0,3.0,0,0,0.0,100.0,2,1,0.0,2,0,0.31,0,62.6,0,0,2,50.0,0.0,79.2,0.0,0,0,0,0,0,0,0.0,4,2.0,61.5,13,13,5.3,26.2,2.94,0,4,28.6,53.8,7,6,12.5,13,1,1.31,7,93.2,0,0,14,53.8,0.0,138.6,0.0,0,0,0,0,3,0,0.0,276,21.2,33.3,15,15,6.1,13.9,3.41,0,0,0.0,33.3,5,5,0.0,15,0,0.02,4,36.5,0,0,15,33.3,0.0,53.8,0.0,0,0,0,0,0,1,6.7,86,5.7,73.7,19,19,7.8,5.7,2.54,0,0,0.0,57.9,11,4,21.4,19,3,-0.1,3,69.2,0,0,21,42.1,0.0,69.8,0.0,0,0,0,0,0,0,0.0,89,4.7,46.9,49,49,20.1,14.0,3.13,0,1,1.9,46.9,23,21,0.0,49,0,0.21,21,46.5,0,1,53,42.9,0.0,82.3,0.0,0,0,0,0,3,5,9.4,343,7.0,0,71.4,7,7,2.9,-2.3,2.04,0,0,0.0,71.4,5,2,0.0,7,0,-0.25,0,55.2,0,0,7,14.3,0.0,74.1,0.0,0,0,0,0,0,0,0.0,14,2.0,36.4,22,22,9.0,29.0,3.06,0,4,17.4,31.8,7,8,12.5,22,1,0.31,7,63.0,0,0,23,31.8,0.0,103.2,0.0,0,0,0,0,4,2,8.7,185,8.4,46.7,15,15,6.1,15.1,3.6,0,1,5.6,46.7,7,8,0.0,15,0,0.24,7,40.7,0,0,18,40.0,0.0,103.6,0.0,0,0,0,0,2,3,16.7,83,5.5,80.0,20,20,8.2,4.2,2.54,0,0,0.0,80.0,16,6,0.0,20,0,-0.05,6,67.0,0,0,23,55.0,0.0,91.5,0.0,0,0,0,0,0,0,0.0,119,6.0,71.4,98,98,40.2,5.1,2.32,0,0,0.0,63.3,62,28,11.4,98,8,-0.08,27,57.1,0,2,104,45.9,0.0,70.5,0.0,0,0,0,0,0,3,2.9,568,5.8
Mark Gronowski,138303,QB,IOWA,12,241,283,97.9,48,48,19.9,-3.2,1.71,0,0,0.0,95.8,46,3,2.1,48,1,-0.1,15,71.1,0,0,48,41.7,0.0,89.8,0.0,0,0,0,0,0,0,0.0,266,5.5,97.8,45,45,18.7,-3.2,1.6,0,0,0.0,95.6,43,2,2.3,45,1,-0.08,15,70.8,0,0,45,42.2,0.0,90.8,0.0,0,0,0,0,0,0,0.0,261,5.8,50.0,6,6,2.5,29.7,3.88,0,0,0.0,33.3,2,2,33.3,6,1,0.15,2,75.2,0,0,7,33.3,0.0,80.6,0.0,0,0,0,0,0,0,0.0,73,12.2,66.7,21,21,8.7,13.5,3.1,0,0,0.0,61.9,13,4,7.1,21,1,0.46,11,75.2,0,0,22,57.1,0.0,122.1,0.0,0,0,0,0,2,0,0.0,185,8.8,80.4,56,56,23.2,3.7,2.43,0,0,0.0,71.4,40,11,11.1,56,5,-0.13,16,69.3,0,3,59,48.2,0.0,67.6,0.0,0,0,0,0,1,0,0.0,301,5.4,0,43.8,32,32,13.3,28.2,3.77,0,7,20.0,37.5,12,11,14.3,32,2,0.17,12,89.0,0,2,35,37.5,0.0,90.2,0.0,0,0,0,0,3,2,5.7,397,12.4,192,100.0,1,1,0.4,-2.0,4.9,0,0,0.0,100.0,1,1,0.0,1,0,-1.06,0,60.4,0,0,1,0.0,0.0,79.2,0.0,0,0,0,0,0,0,0.0,-1,-1.0,33.3,12,12,5.0,30.8,3.88,0,3,21.4,25.0,3,3,25.0,12,1,-0.87,3,73.3,0,2,14,25.0,0.0,24.0,0.0,0,0,0,0,0,2,14.3,105,8.8,83.3,6,6,2.5,14.7,2.93,0,0,0.0,83.3,5,1,0.0,6,0,1.48,5,89.3,0,0,6,83.3,0.0,118.8,0.0,0,0,0,0,0,0,0.0,98,16.3,76.5,17,17,7.1,4.1,2.0,0,0,0.0,70.6,12,0,7.7,17,1,0.25,7,67.4,0,0,17,47.1,,120.5,0.0,0,0,0,0,2,0,0.0,83,4.9,63.2,38,38,15.8,13.8,3.32,0,0,0.0,57.9,22,6,8.3,38,2,0.38,20,78.8,0,1,40,55.3,0.0,94.5,0.0,0,0,0,0,2,0,0.0,343,9.0,0,100.0,2,2,0.8,-2.5,2.6,0,0,0.0,100.0,2,0,0.0,2,0,-0.12,0,62.7,0,0,2,50.0,,79.2,0.0,0,0,0,0,0,0,0.0,6,3.0,50.0,14,14,5.8,25.4,3.62,0,4,28.6,50.0,7,6,0.0,14,0,1.06,7,90.8,0,0,14,50.0,0.0,135.4,0.0,0,0,0,0,3,0,0.0,219,15.6,45.5,11,11,4.6,13.7,3.95,0,0,0.0,36.4,4,1,20.0,11,1,-0.37,4,62.3,0,1,12,36.4,0.0,17.2,0.0,0,0,0,0,0,0,0.0,60,5.5,84.0,25,25,10.4,3.6,2.88,0,0,0.0,76.0,19,5,9.5,25,2,0.13,10,72.8,0,0,27,48.0,0.0,89.1,0.0,0,0,0,0,0,1,3.7,142,5.7,80.6,98,98,40.7,3.7,2.47,0,0,0.0,72.4,71,16,10.1,98,8,0.0,33,72.8,0,3,103,48.0,0.0,82.3,0.0,0,0,0,0,3,1,1.0,526,5.4
Jackson Arnold,173684,QB,AUBURN,10,215,279,97.4,38,38,17.7,-3.6,1.54,0,0,0.0,94.7,36,5,2.7,38,1,-0.18,7,70.0,0,0,39,39.5,0.0,92.0,0.0,0,0,0,0,1,0,0.0,151,4.0,100.0,29,29,13.5,-3.6,1.53,0,0,0.0,96.6,28,3,3.4,29,1,-0.23,6,71.0,0,0,30,34.5,0.0,82.0,0.0,0,0,0,0,0,0,0.0,107,3.7,40.0,5,5,2.3,35.8,2.84,0,1,16.7,40.0,2,2,0.0,5,0,0.77,2,62.9,0,0,6,40.0,0.0,87.5,0.0,0,0,0,0,0,0,0.0,72,14.4,53.3,15,15,7.0,11.5,2.95,0,0,0.0,46.7,7,3,12.5,15,1,0.39,7,60.0,0,0,16,46.7,0.0,68.8,0.0,0,0,0,0,0,2,12.5,100,6.7,71.2,59,59,27.4,4.4,2.36,0,0,0.0,66.1,39,6,7.1,59,3,-0.28,14,48.3,0,2,59,47.5,0.0,65.1,0.0,0,0,0,0,0,3,5.1,313,5.3,0,47.8,23,23,10.7,31.8,2.68,0,5,17.2,43.5,10,5,9.1,23,1,0.69,10,80.4,0,0,29,43.5,0.0,130.0,0.0,0,0,0,0,3,0,0.0,340,14.8,115,100.0,7,7,3.3,-3.3,1.56,0,0,0.0,100.0,7,1,0.0,7,0,0.12,1,66.4,0,0,7,71.4,0.0,131.3,0.0,0,0,0,0,1,0,0.0,42,6.0,66.7,9,9,4.2,32.7,2.7,0,3,27.3,55.6,5,2,16.7,9,1,1.17,5,86.1,0,0,11,55.6,0.0,140.0,0.0,0,0,0,0,2,0,0.0,178,19.8,42.9,7,7,3.3,12.7,2.19,0,0,0.0,42.9,3,2,0.0,7,0,0.5,3,71.1,0,0,7,42.9,0.0,110.1,0.0,0,0,0,0,1,0,0.0,55,7.9,90.6,32,32,14.9,4.9,2.06,0,0,0.0,78.1,25,5,13.8,32,4,0.34,11,73.3,0,0,32,65.6,0.0,104.9,0.0,0,0,0,0,1,1,3.1,214,6.7,44.8,29,29,13.5,11.8,2.72,0,0,0.0,41.4,12,7,7.7,29,1,0.22,10,58.9,0,0,30,41.4,0.0,73.3,0.0,0,0,0,0,1,3,10.0,176,6.1,0,50.0,2,2,0.9,-5.0,1.65,0,0,0.0,50.0,1,1,0.0,2,0,-0.6,0,54.6,0,0,2,0.0,0.0,56.3,0.0,0,0,0,0,0,0,0.0,2,1.0,33.3,9,9,4.2,28.7,2.57,0,1,8.3,33.3,3,1,0.0,9,0,0.16,3,71.5,0,0,12,33.3,0.0,108.6,0.0,0,0,0,0,1,0,0.0,90,10.0,28.6,7,7,3.3,11.7,2.77,0,0,0.0,28.6,2,2,0.0,7,0,-0.45,0,45.9,0,0,7,28.6,0.0,39.6,0.0,0,0,0,0,0,1,14.3,21,3.0,78.9,19,19,8.8,5.8,2.63,0,0,0.0,73.7,14,4,6.7,19,1,0.32,5,74.5,0,0,19,57.9,0.0,88.7,0.0,0,0,0,0,0,0,0.0,115,6.1,78.2,110,110,51.2,4.8,2.32,0,0,0.0,70.9,78,15,9.3,110,8,0.0,30,63.0,0,2,110,54.5,0.0,80.9,0.0,0,0,0,0,1,4,3.6,642,5.8
Maverick McIvor,99476,QB,W KENTUCKY,7,253,276,96.9,64,64,25.3,-3.0,1.7,0,0,0.0,95.3,61,6,1.6,64,1,-0.03,14,66.0,0,0,65,45.3,0.0,106.8,0.0,0,0,0,0,4,1,1.5,297,4.6,95.5,44,44,17.4,-3.4,1.62,0,0,0.0,93.2,41,4,2.4,44,1,-0.11,9,69.1,0,0,45,38.6,0.0,110.7,0.0,0,0,0,0,3,0,0.0,225,5.1,27.3,11,11,4.3,32.6,3.11,0,1,8.3,27.3,3,2,0.0,11,0,0.13,3,30.6,0,1,12,27.3,0.0,54.0,0.0,0,0,0,0,1,2,16.7,91,8.3,78.6,28,28,11.1,13.3,2.41,0,0,0.0,71.4,20,5,9.1,28,2,0.74,20,91.3,0,1,29,71.4,0.0,122.6,0.0,0,0,0,0,2,1,3.4,383,13.7,80.3,61,61,24.1,3.8,2.28,0,0,0.0,77.0,47,17,4.1,61,2,-0.03,26,56.5,0,1,64,59.0,0.0,84.8,0.0,0,0,0,0,0,3,4.7,371,6.1,0,41.5,41,41,16.2,29.2,2.81,0,12,26.7,39.0,16,11,5.9,41,1,0.6,16,84.2,0,2,45,39.0,0.0,105.9,0.0,0,0,0,0,5,3,6.7,587,14.3,346,100.0,9,9,3.6,-2.8,1.91,0,0,0.0,100.0,9,1,0.0,9,0,0.24,3,67.3,0,0,9,66.7,0.0,87.5,0.0,0,0,0,0,0,0,0.0,45,5.0,25.0,16,16,6.3,26.6,2.59,0,3,17.6,25.0,4,4,0.0,16,0,-0.09,4,68.6,0,0,17,25.0,0.0,79.2,0.0,0,0,0,0,1,0,0.0,120,7.5,16.7,6,6,2.4,16.5,2.57,0,0,0.0,16.7,1,3,0.0,6,0,-0.46,1,40.6,0,0,6,16.7,0.0,39.6,0.0,0,0,0,0,0,0,0.0,17,2.8,78.6,14,14,5.5,5.0,1.96,0,0,0.0,71.4,10,3,9.1,14,1,0.49,6,75.6,0,0,15,57.1,0.0,86.3,0.0,0,0,0,0,0,0,0.0,83,5.9,66.7,42,42,16.6,14.4,2.5,0,2,4.5,57.1,24,11,14.3,42,4,0.41,24,82.1,0,2,44,57.1,0.0,98.8,0.0,0,0,0,0,3,2,4.5,455,10.8,0,100.0,11,11,4.3,-1.8,1.86,0,0,0.0,100.0,11,1,0.0,11,0,0.08,2,50.1,0,0,11,54.5,0.0,109.5,0.0,0,0,0,0,1,1,9.1,27,2.5,71.4,14,14,5.5,29.4,2.84,0,8,50.0,64.3,9,5,10.0,14,1,1.74,9,97.6,0,1,16,64.3,0.0,117.6,0.0,0,0,0,0,3,1,6.3,376,26.9,62.5,8,8,3.2,16.6,2.74,0,2,22.2,37.5,3,3,40.0,8,2,-0.08,3,64.3,0,1,9,37.5,0.0,62.0,0.0,0,0,0,0,1,1,11.1,55,6.9,76.9,13,13,5.1,2.6,2.26,0,0,0.0,76.9,10,0,0.0,13,0,-0.36,3,48.4,0,0,14,46.2,,82.5,0.0,0,0,0,0,0,0,0.0,51,3.9,79.5,88,88,34.8,3.8,2.23,0,0,0.0,76.1,67,20,4.3,88,3,0.0,35,58.9,0,1,93,56.8,0.0,84.7,0.0,0,0,0,0,0,3,3.2,505,5.7
Jayden Denegal,158533,QB,S DIEGO ST,12,243,276,93.9,49,49,20.2,-2.8,2.1,0,0,0.0,83.7,41,6,10.9,49,5,-0.47,9,69.9,0,1,52,26.5,0.0,88.4,0.0,0,0,0,0,2,0,0.0,196,4.0,93.8,32,32,13.2,-3.0,2.11,0,0,0.0,81.3,26,4,13.3,32,4,-0.7,4,69.6,0,1,35,18.8,0.0,87.0,0.0,0,0,0,0,2,0,0.0,88,2.8,90.0,10,10,4.1,31.8,3.51,0,4,28.6,50.0,5,4,44.4,10,4,1.62,5,90.9,0,1,14,50.0,0.0,95.8,0.0,0,0,0,0,2,1,7.1,190,19.0,54.2,24,24,9.9,13.4,2.95,0,0,0.0,50.0,12,4,7.7,24,1,-0.24,11,63.3,0,2,25,50.0,0.0,42.2,0.0,0,0,0,0,0,3,12.0,191,8.0,72.3,47,47,19.3,5.0,2.62,0,0,0.0,66.0,31,12,8.8,47,3,-0.12,15,54.0,0,1,50,53.2,0.0,72.3,0.0,0,0,0,0,0,2,4.0,272,5.8,0,51.1,45,45,18.5,33.4,3.41,0,12,22.6,40.0,18,16,21.7,45,5,0.48,18,81.7,0,3,53,40.0,0.0,99.3,0.0,0,0,0,0,6,4,7.5,700,15.6,284,85.7,7,7,2.9,-1.9,2.0,0,0,0.0,71.4,5,1,16.7,7,1,-0.21,1,60.8,0,0,7,14.3,0.0,93.2,0.0,0,0,0,0,0,0,0.0,53,7.6,16.7,12,12,4.9,31.4,3.12,0,1,7.7,8.3,1,6,50.0,12,1,-1.64,1,29.3,0,2,13,8.3,0.0,0.0,0.0,0,0,0,0,0,3,23.1,26,2.2,71.4,7,7,2.9,15.1,3.33,0,0,0.0,71.4,5,1,0.0,7,0,0.78,4,90.3,0,0,7,71.4,0.0,113.7,0.0,0,0,0,0,0,0,0.0,89,12.7,90.0,20,20,8.2,4.3,2.24,0,0,0.0,85.0,17,1,5.6,20,1,0.09,8,56.8,0,1,21,80.0,0.0,72.7,0.0,0,0,0,0,0,1,4.8,129,6.5,61.5,39,39,16.0,13.7,3.01,0,0,0.0,59.0,23,5,4.2,39,1,0.27,21,79.6,0,2,41,59.0,0.0,75.8,0.0,0,0,0,0,0,3,7.3,430,11.0,0,100.0,10,10,4.1,-2.9,2.13,0,0,0.0,100.0,10,1,0.0,10,0,0.1,4,67.5,0,0,10,60.0,0.0,89.6,0.0,0,0,0,0,0,0,0.0,55,5.5,52.2,23,23,9.5,35.1,3.53,0,7,26.9,52.2,12,6,0.0,23,0,1.09,12,91.4,0,0,26,52.2,0.0,137.2,0.0,0,0,0,0,4,0,0.0,484,21.0,75.0,8,8,3.3,13.4,2.94,0,0,0.0,75.0,6,0,0.0,8,0,1.37,6,83.7,0,0,9,75.0,,116.7,0.0,0,0,0,0,0,0,0.0,150,18.8,70.0,20,20,8.2,5.3,2.54,0,0,0.0,65.0,13,4,7.1,20,1,-0.14,4,49.0,0,0,23,40.0,0.0,90.0,0.0,0,0,0,0,1,1,4.3,82,4.1,75.9,87,87,35.8,4.9,2.51,0,0,0.0,70.1,61,17,7.6,87,5,-0.07,27,51.3,0,2,94,56.3,0.0,77.9,0.0,0,0,0,0,1,4,4.3,483,5.6
Grayson Loftis,170054,QB,CHARLOTTE,11,234,267,88.6,35,35,15.0,-2.8,2.03,0,0,0.0,80.0,28,9,9.7,35,3,-0.34,5,63.5,0,0,35,31.4,0.0,79.2,0.0,0,0,0,0,0,0,0.0,94,2.7,88.9,27,27,11.5,-2.5,1.93,0,0,0.0,77.8,21,5,12.5,27,3,-0.4,3,63.4,0,0,27,25.9,0.0,79.2,0.0,0,0,0,0,0,0,0.0,59,2.2,37.5,16,16,6.8,32.5,3.01,0,4,22.2,37.5,6,5,0.0,16,0,0.94,6,77.4,0,1,18,37.5,0.0,99.0,0.0,0,0,0,0,4,2,11.1,216,13.5,86.7,15,15,6.4,13.5,2.99,0,1,5.9,86.7,13,4,0.0,15,0,0.95,12,93.8,0,0,17,86.7,0.0,141.0,0.0,0,0,0,0,1,0,0.0,216,14.4,71.4,49,49,20.9,3.8,2.51,0,0,0.0,67.3,33,11,5.7,49,2,-0.12,12,47.4,0,2,50,44.9,0.0,87.4,0.0,0,0,0,0,3,3,6.0,303,6.2,0,35.7,42,42,17.9,31.1,3.02,0,12,25.5,31.0,13,10,13.3,42,2,0.2,13,70.2,0,5,47,31.0,0.0,65.4,0.0,0,0,0,0,4,6,12.8,457,10.9,136,100.0,4,4,1.7,-3.0,2.6,0,0,0.0,100.0,4,2,0.0,4,0,-0.22,0,64.8,0,0,4,50.0,0.0,79.2,0.0,0,0,0,0,0,0,0.0,11,2.8,46.2,13,13,5.6,30.8,3.26,0,4,26.7,30.8,4,1,33.3,13,2,0.18,4,79.4,0,1,15,30.8,0.0,40.2,0.0,0,0,0,0,0,1,6.7,139,10.7,35.7,14,14,6.0,13.7,2.79,0,1,7.1,35.7,5,4,0.0,14,0,-0.13,5,49.4,0,0,14,35.7,0.0,54.5,0.0,0,0,0,0,0,1,7.1,76,5.4,68.4,19,19,8.1,3.7,2.52,0,0,0.0,68.4,13,3,0.0,19,0,-0.08,2,56.2,0,0,19,36.8,0.0,78.2,0.0,0,0,0,0,0,1,5.3,87,4.6,62.2,37,37,15.8,13.4,2.79,0,3,7.7,62.2,23,11,0.0,37,0,0.37,22,82.2,0,1,39,62.2,0.0,92.8,0.0,0,0,0,0,1,2,5.1,366,9.9,0,75.0,4,4,1.7,-4.3,2.18,0,0,0.0,75.0,3,2,0.0,4,0,-0.01,2,57.6,0,0,4,50.0,0.0,89.6,0.0,0,0,0,0,0,0,0.0,24,6.0,23.1,13,13,5.6,29.6,2.81,0,4,28.6,23.1,3,4,0.0,13,0,-0.69,3,43.5,0,3,14,23.1,0.0,20.2,0.0,0,0,0,0,0,3,21.4,102,7.8,62.5,8,8,3.4,12.5,2.41,0,1,12.5,62.5,5,3,0.0,8,0,0.14,5,66.9,0,1,8,62.5,0.0,53.1,0.0,0,0,0,0,0,1,12.5,74,9.3,82.6,23,23,9.8,4.0,2.4,0,0,0.0,78.3,18,4,5.3,23,1,-0.06,4,68.0,0,0,24,52.2,0.0,86.2,0.0,0,0,0,0,0,1,4.2,108,4.7,73.6,91,91,38.9,3.8,2.49,0,0,0.0,70.3,64,18,4.5,91,3,-0.1,18,53.7,0,2,93,45.1,0.0,85.3,0.0,0,0,0,0,3,5,5.4,498,5.5
Broc Lowry,173383,QB,W MICHIGAN,12,233,267,92.0,50,50,21.5,-3.5,1.97,0,0,0.0,90.0,45,12,2.2,50,1,-0.13,11,68.2,0,0,51,38.0,0.0,97.4,0.0,0,0,0,0,1,0,0.0,289,5.8,90.0,40,40,17.2,-3.6,1.89,0,0,0.0,90.0,36,9,0.0,40,0,0.0,11,66.7,0,0,41,45.0,0.0,102.7,0.0,0,0,0,0,1,0,0.0,266,6.7,44.4,9,9,3.9,33.1,2.96,0,3,30.0,44.4,4,3,0.0,9,0,0.48,4,76.1,0,1,10,44.4,0.0,88.7,0.0,0,0,0,0,1,2,20.0,162,18.0,70.8,24,24,10.3,12.4,2.62,0,0,0.0,66.7,16,3,5.9,24,1,0.36,14,79.4,0,1,27,66.7,0.0,93.1,0.0,0,0,0,0,1,1,3.7,224,9.3,83.8,37,37,15.9,3.6,2.33,0,0,0.0,81.1,30,9,3.2,37,1,0.07,14,69.1,0,0,40,54.1,0.0,104.4,0.0,0,0,0,0,1,0,0.0,255,6.9,0,34.6,26,26,11.2,29.8,2.68,0,6,18.8,34.6,9,6,0.0,26,0,0.26,9,65.5,0,1,32,34.6,0.0,79.8,0.0,0,0,0,0,1,2,6.3,333,12.8,347,100.0,3,3,1.3,-4.0,2.63,0,0,0.0,100.0,3,1,0.0,3,0,-0.92,0,63.9,0,0,3,0.0,0.0,79.2,0.0,0,0,0,0,0,0,0.0,7,2.3,27.3,11,11,4.7,27.8,2.47,0,2,15.4,27.3,3,3,0.0,11,0,0.19,3,61.7,0,0,13,27.3,0.0,69.1,0.0,0,0,0,0,0,0,0.0,111,10.1,46.7,15,15,6.4,14.7,2.59,0,0,0.0,40.0,6,5,14.3,15,1,0.17,6,66.8,0,0,15,40.0,0.0,92.4,0.0,0,0,0,0,1,0,0.0,125,8.3,86.4,22,22,9.4,5.4,2.04,0,0,0.0,81.8,18,1,5.3,22,1,0.29,7,63.4,0,0,22,54.5,0.0,107.2,0.0,0,0,0,0,1,0,0.0,134,6.1,58.5,53,53,22.7,13.3,2.81,0,0,0.0,54.7,29,13,6.5,53,2,0.26,26,75.5,0,1,57,54.7,0.0,93.3,0.0,0,0,0,0,3,1,1.8,440,8.3,0,100.0,7,7,3.0,-2.7,2.13,0,0,0.0,85.7,6,2,14.3,7,1,-0.52,0,66.5,0,0,7,14.3,0.0,79.2,0.0,0,0,0,0,0,0,0.0,16,2.3,33.3,6,6,2.6,28.3,2.63,0,1,11.1,33.3,2,0,0.0,6,0,0.06,2,53.9,0,0,9,33.3,,71.5,0.0,0,0,0,0,0,0,0.0,60,10.0,50.0,14,14,6.0,13.3,3.36,0,0,0.0,50.0,7,5,0.0,14,0,0.16,6,64.8,0,0,15,50.0,0.0,94.6,0.0,0,0,0,0,1,0,0.0,91,6.5,90.0,20,20,8.6,4.7,2.01,0,0,0.0,80.0,16,2,11.1,20,2,0.21,6,83.5,0,0,20,50.0,0.0,94.4,0.0,0,0,0,0,0,0,0.0,133,6.7,86.1,79,79,33.9,4.3,2.17,0,0,0.0,81.0,64,12,5.9,79,4,0.17,27,75.4,0,0,82,53.2,0.0,102.6,0.0,0,0,0,0,2,0,0.0,522,6.6
Amari Odom,178686,QB,KENNESAW,10,224,266,82.5,40,40,17.9,-2.9,2.03,0,0,0.0,77.5,31,10,6.1,40,2,-0.15,8,63.1,0,0,41,27.5,0.0,94.6,0.0,0,0,0,0,1,0,0.0,188,4.7,76.2,21,21,9.4,-3.0,1.98,0,0,0.0,71.4,15,5,6.3,21,1,-0.2,5,58.6,0,0,21,28.6,0.0,82.2,0.0,0,0,0,0,0,0,0.0,104,5.0,60.0,15,15,6.7,37.5,3.26,0,9,45.0,60.0,9,6,0.0,15,0,1.88,9,93.9,0,0,20,60.0,0.0,143.8,0.0,0,0,0,0,5,2,10.0,381,25.4,61.1,36,36,16.1,13.8,2.87,0,0,0.0,58.3,21,8,4.5,36,1,0.47,18,62.7,0,3,37,55.6,0.0,74.9,0.0,0,0,0,0,1,4,10.8,429,11.9,71.9,64,64,28.6,5.2,2.38,0,0,0.0,67.2,43,14,6.5,64,3,0.11,22,59.9,0,2,66,53.1,0.0,85.5,0.0,0,0,0,0,2,2,3.0,462,7.2,0,61.1,36,36,16.1,33.0,3.03,0,18,38.3,61.1,22,9,0.0,36,0,1.57,22,94.2,0,1,47,61.1,0.0,133.1,0.0,0,0,0,0,12,4,8.5,772,21.4,200,88.9,9,9,4.0,-2.6,1.67,0,0,0.0,77.8,7,0,12.5,9,1,-0.05,1,67.7,0,0,10,33.3,,79.6,0.0,0,0,0,0,0,0,0.0,28,3.1,70.0,10,10,4.5,30.5,2.46,0,6,54.5,70.0,7,2,0.0,10,0,1.82,7,95.7,0,0,11,70.0,0.0,152.1,0.0,0,0,0,0,3,0,0.0,188,18.8,50.0,6,6,2.7,12.7,2.93,0,1,16.7,50.0,3,1,0.0,6,0,0.22,3,74.6,0,0,6,50.0,0.0,76.4,0.0,0,0,0,0,0,0,0.0,47,7.8,85.7,7,7,3.1,3.0,2.01,0,0,0.0,85.7,6,2,0.0,7,0,-0.06,1,56.2,0,0,8,42.9,0.0,89.9,0.0,0,0,0,0,0,0,0.0,39,5.6,64.0,50,50,22.3,13.7,2.95,0,1,2.0,62.0,31,10,3.1,50,1,0.56,27,73.7,0,3,51,60.0,0.0,90.6,0.0,0,0,0,0,2,4,7.8,582,11.6,0,90.0,10,10,4.5,-3.0,2.45,0,0,0.0,90.0,9,5,0.0,10,0,-0.11,2,62.9,0,0,10,20.0,0.0,123.3,0.0,0,0,0,0,1,0,0.0,56,5.6,54.5,11,11,4.9,29.2,3.22,0,3,18.8,54.5,6,1,0.0,11,0,0.91,6,67.0,0,1,16,54.5,0.0,101.3,0.0,0,0,0,0,4,2,12.5,203,18.5,87.5,8,8,3.6,14.0,3.3,0,0,0.0,87.5,7,1,0.0,8,0,1.22,6,90.1,0,0,8,87.5,0.0,158.3,0.0,0,0,0,0,1,0,0.0,106,13.3,88.2,17,17,7.6,4.9,2.26,0,0,0.0,70.6,12,0,20.0,17,3,0.28,5,66.1,0,0,17,58.8,,84.7,0.0,0,0,0,0,0,0,0.0,97,5.7,76.1,88,88,39.3,4.9,2.33,0,0,0.0,69.3,61,16,9.0,88,6,0.13,28,61.0,0,2,91,53.4,0.0,86.3,0.0,0,0,0,0,2,2,2.2,598,6.8
Kaidon Salter,132046,QB,COLORADO,9,206,265,90.9,44,44,21.4,-3.3,1.86,0,0,0.0,88.6,39,5,2.5,44,1,0.16,11,64.0,0,0,45,50.0,0.0,89.0,0.0,0,0,0,0,0,0,0.0,236,5.4,94.4,36,36,17.5,-3.3,1.74,0,0,0.0,91.7,33,3,2.9,36,1,0.1,10,66.0,0,0,37,50.0,0.0,86.7,0.0,0,0,0,0,0,0,0.0,173,4.8,53.8,13,13,6.3,34.5,3.47,0,3,23.1,46.2,6,1,14.3,13,1,0.94,6,90.1,0,0,13,46.2,0.0,132.2,0.0,0,0,0,0,3,1,7.7,197,15.2,54.5,11,11,5.3,14.5,4.0,0,0,0.0,54.5,6,5,0.0,11,0,0.35,6,54.3,0,1,11,54.5,0.0,48.7,0.0,0,0,0,0,0,2,18.2,103,9.4,89.4,47,47,22.8,3.9,2.34,0,0,0.0,85.1,40,8,4.8,47,2,0.44,18,74.5,0,1,48,59.6,0.0,96.8,0.0,0,0,0,0,1,0,0.0,360,7.7,0,41.9,31,31,15.0,34.4,3.62,0,7,18.9,35.5,11,8,15.4,31,2,0.7,11,74.7,0,2,37,35.5,0.0,96.4,0.0,0,0,0,0,6,4,10.8,448,14.5,143,100.0,3,3,1.5,-2.0,1.43,0,0,0.0,100.0,3,0,0.0,3,0,0.4,0,63.9,0,0,3,66.7,,93.1,0.0,0,0,0,0,0,0,0.0,19,6.3,40.0,10,10,4.9,32.5,3.72,0,1,7.7,30.0,3,3,25.0,10,1,0.7,3,43.7,0,1,13,30.0,0.0,79.2,0.0,0,0,0,0,2,2,15.4,140,14.0,100.0,5,5,2.4,13.6,2.8,0,0,0.0,100.0,5,1,0.0,5,0,1.79,5,79.7,0,0,5,100.0,0.0,152.9,0.0,0,0,0,0,2,0,0.0,56,11.2,85.7,21,21,10.2,3.5,2.0,0,0,0.0,76.2,16,3,11.1,21,2,-0.32,6,48.4,0,1,21,52.4,0.0,67.4,0.0,0,0,0,0,0,1,4.8,109,5.2,58.6,29,29,14.1,14.2,3.83,0,0,0.0,51.7,15,13,11.8,29,2,0.19,15,54.1,0,3,30,51.7,0.0,71.3,0.0,0,0,0,0,3,5,16.7,217,7.5,0,60.0,5,5,2.4,-4.0,2.92,0,0,0.0,60.0,3,2,0.0,5,0,0.44,1,52.3,0,0,5,40.0,0.0,88.8,0.0,0,0,0,0,0,0,0.0,44,8.8,25.0,8,8,3.9,36.6,3.74,0,3,27.3,25.0,2,4,0.0,8,0,0.29,2,79.0,0,1,11,25.0,0.0,79.2,0.0,0,0,0,0,1,1,9.1,111,13.9,46.2,13,13,6.3,14.2,4.08,0,0,0.0,30.8,4,7,33.3,13,2,-0.56,4,44.5,0,2,14,30.8,0.0,32.4,0.0,0,0,0,0,1,3,21.4,58,4.5,53.8,13,13,6.3,4.3,2.82,0,0,0.0,46.2,6,8,14.3,13,1,-0.18,4,56.1,0,0,13,30.8,0.0,54.6,0.0,0,0,0,0,0,0,0.0,44,3.4,82.7,81,81,39.3,3.9,2.33,0,0,0.0,76.5,62,19,7.5,81,5,0.15,28,64.2,0,2,82,53.1,0.0,86.1,0.0,0,0,0,0,1,1,1.2,513,6.3
Skyler Locklear,164027,QB,UTEP,9,213,256,94.7,38,38,17.8,-2.9,1.79,0,0,0.0,86.8,33,4,8.3,38,3,-0.17,6,70.0,0,0,39,34.2,0.0,101.2,0.0,0,0,0,0,2,0,0.0,155,4.1,96.7,30,30,14.1,-3.0,1.51,0,0,0.0,90.0,27,2,6.9,30,2,0.01,6,71.3,0,0,31,36.7,0.0,107.8,0.0,0,0,0,0,2,0,0.0,136,4.5,28.6,14,14,6.6,34.8,3.49,0,3,20.0,21.4,3,6,25.0,14,1,0.01,3,74.3,0,2,15,21.4,0.0,46.1,0.0,0,0,0,0,1,1,6.7,117,8.4,50.0,8,8,3.8,15.8,2.73,0,0,0.0,50.0,4,1,0.0,8,0,-0.41,4,52.3,0,1,11,50.0,0.0,80.7,0.0,0,0,0,0,1,1,9.1,71,8.9,81.4,59,59,27.7,3.2,2.19,0,0,0.0,74.6,44,17,8.3,59,4,0.01,18,44.7,0,4,60,54.2,0.0,73.9,0.0,0,0,0,0,2,4,6.7,377,6.4,0,34.8,46,46,21.6,33.8,3.29,0,11,22.0,32.6,15,15,6.3,46,1,0.43,15,71.6,0,5,50,32.6,0.0,81.3,0.0,0,0,0,0,6,4,8.0,596,13.0,330,100.0,1,1,0.5,-3.0,0.9,0,0,0.0,100.0,1,0,0.0,1,0,-0.49,0,60.6,0,0,1,0.0,,79.2,0.0,0,0,0,0,0,0,0.0,2,2.0,41.2,17,17,8.0,33.1,3.19,0,5,27.8,41.2,7,5,0.0,17,0,0.92,7,67.6,0,2,18,41.2,0.0,88.5,0.0,0,0,0,0,4,2,11.1,308,18.1,50.0,4,4,1.9,14.8,4.2,0,0,0.0,50.0,2,2,0.0,4,0,-0.15,1,38.3,0,1,6,25.0,0.0,34.4,0.0,0,0,0,0,0,1,16.7,29,7.3,76.9,13,13,6.1,5.8,2.18,0,0,0.0,61.5,8,2,20.0,13,2,-0.07,2,52.9,0,0,14,46.2,0.0,71.3,0.0,0,0,0,0,0,0,0.0,56,4.3,61.1,18,18,8.5,14.6,3.38,0,0,0.0,50.0,9,5,18.2,18,2,-0.26,7,55.4,0,2,24,38.9,0.0,59.0,0.0,0,0,0,0,1,2,8.3,157,8.7,0,85.7,7,7,3.3,-2.7,3.14,0,0,0.0,71.4,5,2,16.7,7,1,-0.87,0,60.4,0,0,7,28.6,0.0,74.1,0.0,0,0,0,0,0,0,0.0,17,2.4,33.3,15,15,7.0,33.7,3.22,0,3,17.6,33.3,5,4,0.0,15,0,0.28,5,64.4,0,1,17,33.3,0.0,71.8,0.0,0,0,0,0,1,1,5.9,171,11.4,83.3,6,6,2.8,13.0,3.72,0,0,0.0,50.0,3,2,40.0,6,2,-0.15,2,79.5,0,0,7,33.3,0.0,83.3,0.0,0,0,0,0,0,0,0.0,57,9.5,73.3,15,15,7.0,3.7,3.57,0,0,0.0,60.0,9,6,18.2,15,2,0.14,3,69.0,0,0,15,40.0,0.0,112.2,0.0,0,0,0,0,2,0,0.0,74,4.9,79.3,87,87,40.8,3.7,2.43,0,0,0.0,70.1,61,25,11.6,87,8,0.02,23,49.4,0,4,89,50.6,0.0,81.0,0.0,0,0,0,0,4,4,4.5,507,5.8
AJ Hairston Jr.,184157,QB,UMASS,10,220,254,88.9,18,18,8.2,-3.5,2.24,0,0,0.0,83.3,15,6,6.3,18,1,-1.02,0,59.8,0,1,18,11.1,0.0,56.0,0.0,0,0,0,0,0,0,0.0,-6,-0.3,90.0,10,10,4.5,-3.8,2.0,0,0,0.0,90.0,9,4,0.0,10,0,-1.25,0,58.3,0,1,10,10.0,0.0,39.6,0.0,0,0,0,0,0,0,0.0,-9,-0.9,42.9,7,7,3.2,26.6,3.2,0,2,25.0,28.6,2,6,33.3,7,1,-0.21,2,68.4,0,1,8,28.6,0.0,73.5,0.0,0,0,0,0,1,2,25.0,78,11.1,55.2,29,29,13.2,14.1,2.86,0,0,0.0,44.8,13,12,18.8,29,3,0.1,12,70.2,0,1,32,44.8,0.0,65.7,0.0,0,0,0,0,1,2,6.3,203,7.0,86.5,52,52,23.6,3.5,2.66,0,0,0.0,73.1,38,16,15.6,52,7,0.2,18,60.8,0,0,52,53.8,0.0,91.5,0.0,0,0,0,0,1,0,0.0,276,5.3,0,33.3,27,27,12.3,26.7,3.35,0,5,17.9,18.5,5,14,44.4,27,4,-0.22,5,70.7,0,1,28,18.5,0.0,66.9,0.0,0,0,0,0,2,3,10.7,198,7.3,216,80.0,5,5,2.3,-3.0,2.36,0,0,0.0,80.0,4,0,0.0,5,0,-0.74,0,58.8,0,0,5,20.0,,79.2,0.0,0,0,0,0,0,0,0.0,4,0.8,25.0,12,12,5.5,25.9,2.99,0,2,16.7,8.3,1,4,66.7,12,2,-0.73,1,65.2,0,0,12,8.3,0.0,39.6,0.0,0,0,0,0,0,1,8.3,21,1.8,60.0,15,15,6.8,14.2,2.74,0,0,0.0,53.3,8,6,11.1,15,1,0.42,7,70.9,0,1,16,53.3,0.0,51.0,0.0,0,0,0,0,0,1,6.3,116,7.7,63.6,22,22,10.0,4.5,2.12,0,0,0.0,59.1,13,6,7.1,22,1,-0.23,4,67.9,0,0,22,40.9,0.0,67.6,0.0,0,0,0,0,0,0,0.0,86,3.9,50.0,54,54,24.5,14.4,2.93,0,0,0.0,42.6,23,21,14.8,54,4,0.02,21,65.4,0,2,61,42.6,0.0,55.1,0.0,0,0,0,0,1,3,4.9,347,6.4,0,100.0,3,3,1.4,-3.3,2.83,0,0,0.0,66.7,2,2,33.3,3,1,-0.72,0,63.9,0,0,3,0.0,0.0,70.1,0.0,0,0,0,0,0,0,0.0,-1,-0.3,37.5,8,8,3.6,28.1,4.01,0,1,12.5,25.0,2,4,33.3,8,1,0.55,2,70.2,0,0,8,25.0,0.0,118.2,0.0,0,0,0,0,1,0,0.0,99,12.4,20.0,10,10,4.5,15.7,3.44,0,0,0.0,20.0,2,3,0.0,10,0,-0.83,2,44.8,0,0,13,20.0,0.0,39.6,0.0,0,0,0,0,0,0,0.0,28,2.8,68.2,22,22,10.0,4.1,2.55,0,0,0.0,68.2,15,7,0.0,22,0,-0.08,1,63.6,0,0,23,50.0,0.0,75.4,0.0,0,0,0,0,0,0,0.0,87,4.0,77.1,96,96,43.6,3.9,2.51,0,0,0.0,68.8,66,29,10.8,96,8,0.04,23,64.4,0,0,97,50.0,0.0,82.3,0.0,0,0,0,0,1,0,0.0,449,4.7
Tucker Kilcrease,156863,QB,TROY,8,195,251,93.1,29,29,14.9,-3.1,1.63,0,0,0.0,82.8,24,2,11.1,29,3,-0.1,6,66.1,0,0,29,31.0,0.0,91.1,0.0,0,0,0,0,1,0,0.0,90,3.1,96.0,25,25,12.8,-3.2,1.64,0,0,0.0,84.0,21,2,12.5,25,3,-0.11,5,67.6,0,0,25,32.0,0.0,92.5,0.0,0,0,0,0,1,0,0.0,66,2.6,46.2,13,13,6.7,29.5,3.12,0,4,28.6,46.2,6,4,0.0,13,0,0.79,6,87.1,0,1,14,46.2,0.0,100.2,0.0,0,0,0,0,2,1,7.1,191,14.7,47.8,23,23,11.8,15.0,2.52,0,2,8.0,43.5,10,9,9.1,23,1,0.05,10,77.8,0,1,25,43.5,0.0,79.1,0.0,0,0,0,0,2,1,4.0,165,7.2,82.5,40,40,20.5,4.8,2.45,0,0,0.0,77.5,31,16,6.1,40,2,0.52,19,71.4,0,1,40,65.0,0.0,96.9,0.0,0,0,0,0,1,0,0.0,310,7.8,0,32.4,34,34,17.4,31.4,2.84,0,8,21.1,29.4,10,8,9.1,34,1,0.44,10,71.7,0,2,38,29.4,0.0,77.3,0.0,0,0,0,0,3,4,10.5,370,10.9,318,50.0,2,2,1.0,-2.5,1.7,0,0,0.0,50.0,1,0,0.0,2,0,0.71,1,54.5,0,0,2,50.0,,85.4,0.0,0,0,0,0,0,0,0.0,20,10.0,18.2,11,11,5.6,31.1,2.75,0,1,8.3,18.2,2,1,0.0,11,0,0.22,2,59.5,0,0,12,18.2,0.0,91.5,0.0,0,0,0,0,1,0,0.0,90,8.2,83.3,6,6,3.1,13.8,3.22,0,0,0.0,83.3,5,4,0.0,6,0,1.02,5,78.3,0,0,7,83.3,0.0,118.8,0.0,0,0,0,0,0,0,0.0,86,14.3,95.8,24,24,12.3,5.3,2.07,0,0,0.0,91.7,22,3,4.3,24,1,0.97,10,72.1,0,0,24,79.2,0.0,121.2,0.0,0,0,0,0,1,0,0.0,234,9.8,59.4,32,32,16.4,14.8,2.66,0,2,5.6,56.3,18,15,5.3,32,1,0.39,18,85.0,0,1,36,56.3,0.0,97.4,0.0,0,0,0,0,2,1,2.8,312,9.8,0,100.0,2,2,1.0,-3.0,1.5,0,0,0.0,100.0,2,0,0.0,2,0,-0.69,0,62.7,0,0,2,0.0,,79.2,0.0,0,0,0,0,0,0,0.0,4,2.0,30.0,10,10,5.1,34.3,2.56,0,3,25.0,20.0,2,3,33.3,10,1,0.23,2,57.1,0,1,12,20.0,0.0,24.6,0.0,0,0,0,0,0,3,25.0,89,8.9,100.0,3,3,1.5,15.3,2.6,0,0,0.0,100.0,3,2,0.0,3,0,1.74,3,83.5,0,0,4,100.0,0.0,118.8,0.0,0,0,0,0,0,0,0.0,61,20.3,100.0,13,13,6.7,2.6,2.91,0,0,0.0,92.3,12,2,7.7,13,1,0.67,7,63.4,0,0,14,69.2,0.0,120.8,0.0,0,0,0,0,1,0,0.0,89,6.8,89.6,77,77,39.5,4.6,2.41,0,0,0.0,84.4,65,21,5.8,77,4,0.69,36,73.1,0,1,78,70.1,0.0,108.5,0.0,0,0,0,0,3,0,0.0,633,8.2
Jackson Brousseau,173480,QB,COLO STATE,9,202,250,94.1,51,51,25.2,-3.3,1.94,0,0,0.0,92.2,47,10,2.1,51,1,0.04,13,71.3,0,0,54,51.0,0.0,93.3,0.0,0,0,0,0,0,0,0.0,326,6.4,91.2,34,34,16.8,-3.6,1.94,0,0,0.0,88.2,30,7,3.2,34,1,0.04,9,69.5,0,0,37,47.1,0.0,94.1,0.0,0,0,0,0,0,0,0.0,224,6.6,60.0,5,5,2.5,39.4,3.2,0,3,37.5,40.0,2,2,33.3,5,1,1.19,2,82.1,0,0,8,40.0,0.0,127.1,0.0,0,0,0,0,1,0,0.0,97,19.4,77.8,9,9,4.5,13.3,2.99,0,1,10.0,77.8,7,4,0.0,9,0,1.16,6,89.4,0,0,10,77.8,0.0,157.6,0.0,0,0,0,0,2,1,10.0,111,12.3,95.3,43,43,21.3,4.1,2.65,0,0,0.0,88.4,38,14,7.3,43,3,0.26,14,60.9,0,1,44,58.1,0.0,89.4,0.0,0,0,0,0,0,1,2.3,335,7.8,0,32.0,25,25,12.4,29.9,2.8,0,5,16.7,28.0,7,9,12.5,25,1,0.12,7,54.7,0,1,30,28.0,0.0,88.8,0.0,0,0,0,0,4,4,13.3,233,9.3,144,100.0,6,6,3.0,-2.2,2.1,0,0,0.0,100.0,6,2,0.0,6,0,0.24,1,65.9,0,0,6,83.3,0.0,95.8,0.0,0,0,0,0,0,0,0.0,42,7.0,33.3,12,12,5.9,25.7,2.61,0,2,15.4,33.3,4,6,0.0,12,0,0.05,4,58.2,0,1,13,33.3,0.0,71.5,0.0,0,0,0,0,3,3,23.1,106,8.8,90.0,10,10,5.0,14.5,2.87,0,0,0.0,80.0,8,5,11.1,10,1,1.55,8,92.6,0,0,11,80.0,0.0,152.1,0.0,0,0,0,0,1,0,0.0,156,15.6,68.4,19,19,9.4,4.5,2.39,0,0,0.0,63.2,12,4,7.7,19,1,-0.15,6,29.6,0,1,19,57.9,0.0,72.9,0.0,0,0,0,0,1,2,10.5,103,5.4,74.1,27,27,13.4,14.1,2.96,0,1,3.3,70.4,19,11,5.0,27,1,0.89,18,91.3,0,0,30,66.7,0.0,147.8,0.0,0,0,0,0,3,1,3.3,324,12.0,0,100.0,11,11,5.4,-2.9,1.84,0,0,0.0,100.0,11,1,0.0,11,0,-0.05,3,67.8,0,0,11,45.5,0.0,89.4,0.0,0,0,0,0,0,0,0.0,60,5.5,12.5,8,8,4.0,30.4,2.85,0,0,0.0,12.5,1,1,0.0,8,0,-0.44,1,29.9,0,0,9,12.5,0.0,42.7,0.0,0,0,0,0,0,1,11.1,30,3.8,50.0,8,8,4.0,14.5,3.03,0,0,0.0,50.0,4,2,0.0,8,0,-0.24,4,62.7,0,0,9,37.5,0.0,73.4,0.0,0,0,0,0,0,0,0.0,57,7.1,66.7,9,9,4.5,5.3,2.59,0,0,0.0,66.7,6,3,0.0,9,0,0.03,1,62.1,0,0,9,44.4,0.0,112.7,0.0,0,0,0,0,1,0,0.0,39,4.3,84.5,71,71,35.1,4.4,2.57,0,0,0.0,78.9,56,21,6.7,71,4,0.12,21,49.1,0,2,72,56.3,0.0,92.3,0.0,0,0,0,0,2,3,4.2,477,6.7
Aidan Chiles,173727,QB,MICH STATE,8,204,246,93.8,32,32,15.7,-3.3,2.13,0,0,0.0,93.8,30,6,0.0,32,0,0.06,9,64.9,0,0,33,50.0,0.0,85.5,0.0,0,0,0,0,0,0,0.0,145,4.5,92.0,25,25,12.3,-3.4,2.2,0,0,0.0,92.0,23,4,0.0,25,0,0.13,8,65.5,0,0,26,48.0,0.0,87.0,0.0,0,0,0,0,0,0,0.0,122,4.9,33.3,6,6,2.9,28.0,4.13,0,0,0.0,33.3,2,3,0.0,6,0,0.07,2,44.1,0,0,7,50.0,0.0,59.7,0.0,0,0,0,0,0,1,14.3,43,7.2,50.0,16,16,7.8,13.8,3.43,0,0,0.0,50.0,8,6,0.0,16,0,0.06,8,63.4,0,1,16,50.0,0.0,73.4,0.0,0,0,0,0,1,1,6.3,134,8.4,85.4,48,48,23.5,4.1,2.48,0,0,0.0,79.2,38,7,7.3,48,3,0.37,18,62.1,0,2,50,60.4,0.0,100.9,0.0,0,0,0,0,3,2,4.0,354,7.4,0,30.3,33,33,16.2,28.6,3.65,0,5,12.5,30.3,10,16,0.0,33,0,0.31,10,49.2,0,0,40,33.3,0.0,110.4,0.0,0,0,0,0,4,2,5.0,344,10.4,223,100.0,7,7,3.4,-2.7,1.86,0,0,0.0,100.0,7,2,0.0,7,0,-0.19,1,60.8,0,0,7,57.1,0.0,80.4,0.0,0,0,0,0,0,0,0.0,23,3.3,20.0,15,15,7.4,27.2,3.64,0,2,10.0,20.0,3,8,0.0,15,0,-0.06,3,37.5,0,0,20,20.0,0.0,76.8,0.0,0,0,0,0,1,1,5.0,99,6.6,42.9,14,14,6.9,14.8,3.08,0,1,6.3,35.7,5,3,16.7,14,1,-0.01,4,75.0,0,0,16,35.7,0.0,52.4,0.0,0,0,0,0,0,0,0.0,69,4.9,82.4,17,17,8.3,4.5,2.24,0,0,0.0,70.6,12,3,14.3,17,2,0.24,2,58.1,0,0,17,58.8,0.0,85.4,0.0,0,0,0,0,0,0,0.0,100,5.9,53.7,41,41,20.1,14.0,3.28,0,1,2.3,51.2,21,11,4.5,41,1,0.2,19,78.9,0,1,43,51.2,0.0,74.9,0.0,0,0,0,0,1,1,2.3,317,7.7,0,,0,0,0.0,,,0,0,,,0,0,,0,0,0.0,0,,0,0,0,,,0.0,,0,0,0,0,0,0,,0,,41.7,12,12,5.9,30.7,3.42,0,3,23.1,41.7,5,5,0.0,12,0,0.89,5,77.0,0,0,13,41.7,0.0,128.5,0.0,0,0,0,0,3,0,0.0,202,16.8,72.7,11,11,5.4,13.5,3.32,0,0,0.0,72.7,8,2,0.0,11,0,0.67,7,86.3,0,0,11,72.7,0.0,105.9,0.0,0,0,0,0,0,0,0.0,114,10.4,89.5,19,19,9.3,2.8,2.75,0,0,0.0,84.2,16,0,5.9,19,1,0.32,7,73.5,0,0,20,68.4,,130.5,0.0,0,0,0,0,2,0,0.0,131,6.9,85.7,84,84,41.2,3.9,2.49,0,0,0.0,78.6,66,10,8.3,84,6,0.33,27,65.1,0,2,87,61.9,0.0,105.6,0.0,0,0,0,0,5,2,2.3,585,7.0
JJ Kohl,174674,QB,APP STATE,8,217,237,94.6,37,37,17.1,-2.7,2.07,0,0,0.0,89.2,33,6,5.7,37,2,-0.08,7,69.9,0,0,37,40.5,0.0,84.0,0.0,0,0,0,0,0,0,0.0,154,4.2,93.8,32,32,14.7,-2.8,1.96,0,0,0.0,90.6,29,6,3.3,32,1,-0.11,6,69.1,0,0,32,40.6,0.0,84.5,0.0,0,0,0,0,0,0,0.0,137,4.3,53.8,13,13,6.0,33.2,2.72,0,3,23.1,38.5,5,4,28.6,13,2,0.78,5,64.3,0,0,13,38.5,0.0,122.1,0.0,0,0,0,0,3,2,15.4,151,11.6,76.5,17,17,7.8,15.5,2.79,0,1,5.3,70.6,12,6,7.7,17,1,0.99,12,81.4,0,1,19,70.6,0.0,125.9,0.0,0,0,0,0,2,1,5.3,205,12.1,79.5,73,73,33.6,4.8,2.31,0,0,0.0,72.6,53,21,8.6,73,5,0.32,28,78.3,0,0,77,63.0,0.0,110.0,0.0,0,0,0,0,4,0,0.0,511,7.0,0,48.3,29,29,13.4,29.0,2.81,0,8,26.7,37.9,11,7,21.4,29,3,0.67,11,82.4,0,0,30,37.9,0.0,122.0,0.0,0,0,0,0,4,3,10.0,339,11.7,108,100.0,4,4,1.8,-2.0,2.78,0,0,0.0,75.0,3,0,25.0,4,1,0.22,1,64.7,0,0,4,50.0,,84.4,0.0,0,0,0,0,0,0,0.0,19,4.8,50.0,8,8,3.7,27.0,2.63,0,3,37.5,37.5,3,1,25.0,8,1,0.82,3,91.3,0,0,8,37.5,0.0,85.4,0.0,0,0,0,0,0,0,0.0,125,15.6,60.0,10,10,4.6,14.9,2.52,0,3,25.0,60.0,6,1,0.0,10,0,0.76,6,65.9,0,0,12,60.0,0.0,132.5,0.0,0,0,0,0,2,1,8.3,98,9.8,75.0,16,16,7.4,3.9,1.94,0,0,0.0,68.8,11,2,8.3,16,1,0.24,7,60.8,0,0,16,56.3,0.0,83.3,0.0,0,0,0,0,0,0,0.0,92,5.8,55.3,38,38,17.5,15.2,2.7,0,4,9.5,50.0,19,11,9.5,38,2,0.45,19,59.2,0,2,42,52.6,0.0,92.2,0.0,0,0,0,0,4,4,9.5,322,8.5,0,100.0,1,1,0.5,-5.0,2.9,0,0,0.0,100.0,1,0,0.0,1,0,-0.31,0,60.6,0,0,1,0.0,,79.2,0.0,0,0,0,0,0,0,0.0,-2,-2.0,37.5,8,8,3.7,24.1,3.13,0,2,22.2,37.5,3,2,0.0,8,0,0.37,3,73.9,0,0,9,37.5,0.0,105.7,0.0,0,0,0,0,1,1,11.1,63,7.9,18.2,11,11,5.1,14.9,2.72,0,0,0.0,9.1,1,4,50.0,11,1,-0.66,1,27.6,0,1,11,18.2,0.0,1.7,0.0,0,0,0,0,0,2,18.2,19,1.7,77.8,9,9,4.1,2.4,2.37,0,0,0.0,66.7,6,0,14.3,9,1,0.15,4,37.1,0,0,10,66.7,,79.4,0.0,0,0,0,0,0,1,10.0,47,5.2,78.6,98,98,45.2,4.5,2.25,0,0,0.0,71.4,70,23,9.1,98,7,0.29,39,70.8,0,0,103,62.2,0.0,102.8,0.0,0,0,0,0,4,1,1.0,650,6.6
AJ Swann,157186,QB,APP STATE,7,221,237,89.2,37,37,16.7,-2.6,1.95,0,0,0.0,83.8,31,9,6.1,37,2,-0.25,9,64.3,0,1,38,40.5,0.0,70.9,0.0,0,0,0,0,0,0,0.0,138,3.7,85.2,27,27,12.2,-2.6,1.98,0,0,0.0,81.5,22,8,4.3,27,1,-0.3,6,63.8,0,1,28,40.7,0.0,66.8,0.0,0,0,0,0,0,0,0.0,101,3.7,33.3,6,6,2.7,34.5,3.07,0,0,0.0,33.3,2,1,0.0,6,0,-0.22,1,29.0,0,1,6,16.7,0.0,42.4,0.0,0,0,0,0,0,2,33.3,81,13.5,74.1,27,27,12.2,13.4,2.61,0,0,0.0,59.3,16,6,20.0,27,4,0.67,16,87.7,0,1,29,59.3,0.0,118.4,0.0,0,0,0,0,4,1,3.4,277,10.3,81.4,43,43,19.5,4.8,2.03,0,0,0.0,74.4,32,7,8.6,43,3,0.01,16,58.9,0,1,47,55.8,0.0,94.5,0.0,0,0,0,0,2,2,4.3,254,5.9,0,45.5,33,33,14.9,30.1,2.76,0,11,31.4,33.3,11,9,26.7,33,4,0.24,9,85.5,0,2,35,27.3,0.0,87.0,0.0,0,0,0,0,3,4,11.4,425,12.9,108,100.0,9,9,4.1,-2.3,1.81,0,0,0.0,88.9,8,1,11.1,9,1,0.04,3,62.3,0,0,9,44.4,0.0,85.6,0.0,0,0,0,0,0,0,0.0,41,4.6,33.3,12,12,5.4,28.3,2.78,0,4,28.6,16.7,2,2,50.0,12,2,0.11,2,70.5,0,0,14,16.7,0.0,90.6,0.0,0,0,0,0,2,1,7.1,69,5.8,57.1,14,14,6.3,14.7,2.81,0,0,0.0,42.9,6,5,25.0,14,2,0.16,6,64.2,0,0,15,42.9,0.0,69.0,0.0,0,0,0,0,0,0,0.0,105,7.5,70.6,17,17,7.7,4.8,2.38,0,0,0.0,58.8,10,3,16.7,17,2,0.01,4,54.8,0,0,18,47.1,0.0,67.3,0.0,0,0,0,0,0,1,5.6,66,3.9,60.7,56,56,25.3,14.1,2.76,0,0,0.0,50.0,28,16,17.6,56,6,0.29,27,75.7,0,2,59,50.0,0.0,93.3,0.0,0,0,0,0,5,2,3.4,466,8.3,0,100.0,1,1,0.5,-4.0,2.2,0,0,0.0,100.0,1,0,0.0,1,0,-1.39,0,60.4,0,0,1,0.0,,79.2,0.0,0,0,0,0,0,0,0.0,-4,-4.0,60.0,15,15,6.8,29.7,2.62,0,7,46.7,46.7,7,6,22.2,15,2,0.54,6,95.7,0,1,15,40.0,0.0,87.5,0.0,0,0,0,0,1,1,6.7,275,18.3,40.0,15,15,6.8,14.7,2.99,0,0,0.0,40.0,6,5,0.0,15,0,-0.28,5,54.2,0,1,15,40.0,0.0,53.2,0.0,0,0,0,0,1,1,6.7,84,5.6,95.5,22,22,10.0,3.8,2.25,0,0,0.0,81.8,18,1,14.3,22,3,-0.33,9,56.0,0,2,22,50.0,0.0,56.2,0.0,0,0,0,0,0,1,4.5,145,6.6,82.9,82,82,37.1,4.5,2.16,0,0,0.0,73.2,60,11,11.8,82,8,-0.08,29,56.2,0,3,87,52.4,0.0,79.6,0.0,0,0,0,0,2,4,4.6,465,5.7
Hunter Watson,183993,QB,SM HOUSTON,7,182,234,91.9,37,37,20.3,-3.9,1.78,0,0,0.0,86.5,32,4,5.9,37,2,-0.09,11,66.0,0,0,37,43.2,0.0,96.1,0.0,0,0,0,0,1,0,0.0,181,4.9,94.3,35,35,19.2,-3.9,1.71,0,0,0.0,88.6,31,2,6.1,35,2,-0.06,11,67.6,0,0,35,45.7,0.0,97.4,0.0,0,0,0,0,1,0,0.0,178,5.1,33.3,3,3,1.6,43.7,3.23,0,1,20.0,0.0,0,1,100.0,3,1,-0.41,0,79.0,0,1,5,0.0,0.0,0.0,0.0,0,0,0,0,0,0,0.0,0,0.0,54.5,22,22,12.1,13.4,2.37,0,0,0.0,50.0,11,5,8.3,22,1,-0.23,10,83.7,0,2,23,50.0,0.0,47.5,0.0,0,0,0,0,0,0,0.0,220,10.0,76.7,43,43,23.6,5.8,2.42,0,0,0.0,65.1,28,11,15.2,43,5,0.19,14,65.3,0,0,43,55.8,0.0,100.9,0.0,0,0,0,0,2,1,2.3,300,7.0,0,33.3,15,15,8.2,31.7,2.46,0,3,15.0,26.7,4,2,20.0,15,1,0.19,4,58.8,0,2,20,26.7,0.0,57.4,0.0,0,0,0,0,2,3,15.0,109,7.3,281,,0,0,0.0,,,0,0,,,0,0,,0,0,0.0,0,,0,0,0,,,0.0,,0,0,0,0,0,0,,0,,0.0,5,5,2.7,34.8,2.3,0,0,0.0,0.0,0,0,,5,0,-1.01,0,29.1,0,1,7,0.0,,0.0,0.0,0,0,0,0,0,2,28.6,0,0.0,62.5,8,8,4.4,13.4,3.69,0,0,0.0,50.0,4,2,20.0,8,1,0.0,3,75.8,0,0,8,50.0,0.0,68.8,0.0,0,0,0,0,0,0,0.0,48,6.0,64.7,17,17,9.3,4.8,2.11,0,0,0.0,64.7,11,3,0.0,17,0,0.1,5,60.0,0,0,18,41.2,0.0,75.1,0.0,0,0,0,0,0,0,0.0,78,4.6,52.4,42,42,23.1,13.4,2.79,0,1,2.3,45.2,19,11,13.6,42,3,-0.32,17,80.6,0,2,44,45.2,0.0,54.2,0.0,0,0,0,0,0,0,0.0,345,8.2,0,50.0,2,2,1.1,-3.5,2.95,0,0,0.0,50.0,1,2,0.0,2,0,-0.61,0,54.6,0,0,2,0.0,0.0,56.3,0.0,0,0,0,0,0,0,0.0,3,1.5,57.1,7,7,3.8,24.4,2.24,0,2,25.0,57.1,4,1,0.0,7,0,1.31,4,74.2,0,0,8,57.1,0.0,141.4,0.0,0,0,0,0,2,1,12.5,109,15.6,41.7,12,12,6.6,13.3,2.98,0,1,7.7,33.3,4,4,20.0,12,1,-0.71,4,62.7,0,0,13,33.3,0.0,56.6,0.0,0,0,0,0,0,0,0.0,77,6.4,100.0,12,12,6.6,5.4,2.51,0,0,0.0,83.3,10,2,16.7,12,2,0.62,3,73.6,0,0,14,66.7,0.0,96.5,0.0,0,0,0,0,0,0,0.0,86,7.2,77.8,72,72,39.6,5.5,2.36,0,0,0.0,68.1,49,16,12.5,72,7,0.24,22,67.6,0,0,75,54.2,0.0,94.9,0.0,0,0,0,0,2,1,1.3,464,6.4
Tad Hudson,170107,QB,COAST CAR,9,207,232,87.5,56,56,27.1,-3.2,1.75,0,0,0.0,78.6,44,6,10.2,56,5,-0.47,7,66.2,0,0,57,23.2,0.0,79.2,0.0,0,0,0,0,0,0,0.0,140,2.5,83.7,43,43,20.8,-3.5,1.86,0,0,0.0,74.4,32,6,11.1,43,4,-0.5,5,63.8,0,0,44,20.9,0.0,76.6,0.0,0,0,0,0,0,0,0.0,101,2.3,36.4,11,11,5.3,29.0,3.68,0,3,23.1,18.2,2,5,50.0,11,2,-0.34,2,48.9,0,2,13,18.2,0.0,18.2,0.0,0,0,0,0,0,3,23.1,81,7.4,44.0,25,25,12.1,13.7,2.86,0,0,0.0,36.0,9,13,18.2,25,2,-0.18,7,61.7,0,1,28,36.0,0.0,38.1,0.0,0,0,0,0,0,3,10.7,136,5.4,81.6,49,49,23.7,3.5,2.15,0,0,0.0,69.4,34,9,15.0,49,6,-0.05,15,57.9,0,1,50,44.9,0.0,81.1,0.0,0,0,0,0,1,2,4.0,269,5.5,0,29.6,27,27,13.0,28.4,3.05,0,6,17.6,22.2,6,10,25.0,27,2,0.07,6,64.0,0,2,34,22.2,0.0,38.3,0.0,0,0,0,0,1,3,8.8,193,7.1,141,100.0,5,5,2.4,-1.4,1.16,0,0,0.0,100.0,5,0,0.0,5,0,-0.23,2,65.5,0,0,5,40.0,,82.5,0.0,0,0,0,0,0,0,0.0,19,3.8,20.0,5,5,2.4,26.8,2.6,0,2,25.0,20.0,1,3,0.0,5,0,0.4,1,73.7,0,0,8,20.0,0.0,63.8,0.0,0,0,0,0,0,0,0.0,44,8.8,37.5,8,8,3.9,13.6,2.09,0,1,12.5,37.5,3,4,0.0,8,0,-0.03,3,53.8,0,1,8,37.5,0.0,60.4,0.0,0,0,0,0,1,1,12.5,52,6.5,77.8,9,9,4.3,3.8,1.86,0,0,0.0,55.6,5,0,28.6,9,2,0.34,4,63.8,0,0,10,55.6,,72.0,0.0,0,0,0,0,0,0,0.0,51,5.7,44.7,38,38,18.4,13.6,2.79,0,1,2.3,39.5,15,17,11.8,38,2,0.05,13,64.9,0,2,43,39.5,0.0,55.3,0.0,0,0,0,0,2,4,9.3,225,5.9,0,100.0,8,8,3.9,-2.5,1.55,0,0,0.0,87.5,7,0,12.5,8,1,-0.42,0,67.0,0,0,8,25.0,,79.2,0.0,0,0,0,0,0,0,0.0,20,2.5,27.3,11,11,5.3,28.5,2.63,0,1,7.7,27.3,3,2,0.0,11,0,0.32,3,69.1,0,0,13,27.3,0.0,83.1,0.0,0,0,0,0,1,0,0.0,68,6.2,60.0,5,5,2.4,12.6,3.6,0,0,0.0,60.0,3,0,0.0,5,0,1.35,3,79.7,0,0,7,60.0,,122.5,0.0,0,0,0,0,1,0,0.0,37,7.4,78.6,14,14,6.8,3.8,2.3,0,0,0.0,71.4,10,1,9.1,14,1,-0.04,4,46.9,0,0,14,57.1,0.0,80.7,0.0,0,0,0,0,0,1,7.1,64,4.6,80.6,72,72,34.8,3.6,2.14,0,0,0.0,68.1,49,10,15.5,72,9,0.0,23,55.0,0,1,74,48.6,0.0,79.9,0.0,0,0,0,0,1,3,4.1,384,5.3
Caden Creel,170414,QB,JVILLE ST,12,170,230,93.2,44,44,25.9,-3.4,1.75,0,0,0.0,90.9,40,5,2.4,44,1,0.02,10,69.2,0,0,46,50.0,0.0,90.4,0.0,0,0,0,0,0,0,0.0,251,5.7,94.3,35,35,20.6,-3.6,1.63,0,0,0.0,91.4,32,4,3.0,35,1,0.06,9,67.9,0,0,37,51.4,0.0,91.7,0.0,0,0,0,0,0,0,0.0,210,6.0,44.4,9,9,5.3,31.9,3.22,0,3,30.0,44.4,4,2,0.0,9,0,0.79,4,70.2,0,1,10,44.4,0.0,91.2,0.0,0,0,0,0,2,1,10.0,134,14.9,50.0,12,12,7.1,14.3,3.32,0,1,8.3,50.0,6,4,0.0,12,0,0.1,6,70.3,0,0,12,50.0,0.0,111.8,0.0,0,0,0,0,1,0,0.0,116,9.7,86.2,29,29,17.1,4.5,2.56,0,0,0.0,69.0,20,6,20.0,29,5,0.37,13,63.6,0,0,29,62.1,0.0,117.7,0.0,0,0,0,0,2,1,3.4,245,8.4,0,37.5,24,24,14.1,29.9,3.42,0,5,17.2,33.3,8,8,11.1,24,1,0.62,8,66.8,0,2,29,33.3,0.0,86.8,0.0,0,0,0,0,4,2,6.9,331,13.8,196,85.7,7,7,4.1,-2.9,1.69,0,0,0.0,85.7,6,0,0.0,7,0,-0.16,1,66.4,0,0,7,42.9,,82.1,0.0,0,0,0,0,0,0,0.0,26,3.7,28.6,7,7,4.1,27.1,3.17,0,1,9.1,28.6,2,2,0.0,7,0,0.43,2,65.0,0,1,11,28.6,0.0,75.9,0.0,0,0,0,0,1,1,9.1,82,11.7,0.0,2,2,1.2,11.5,2.4,0,0,0.0,0.0,0,0,,2,0,-1.57,0,45.7,0,0,3,0.0,,39.6,0.0,0,0,0,0,0,0,0.0,0,0.0,75.0,12,12,7.1,6.3,2.15,0,0,0.0,66.7,8,1,11.1,12,1,0.41,5,70.4,0,0,14,66.7,0.0,83.7,0.0,0,0,0,0,0,0,0.0,75,6.3,53.6,28,28,16.5,13.4,3.07,0,1,3.2,50.0,14,8,6.7,28,1,-0.05,14,60.6,0,1,31,50.0,0.0,86.6,0.0,0,0,0,0,2,1,3.2,228,8.1,0,100.0,2,2,1.2,-2.0,4.1,0,0,0.0,100.0,2,1,0.0,2,0,0.01,0,62.7,0,0,2,50.0,0.0,97.9,0.0,0,0,0,0,0,0,0.0,15,7.5,37.5,8,8,4.7,30.1,3.86,0,1,12.5,25.0,2,4,33.3,8,1,0.59,2,58.8,0,0,8,25.0,0.0,118.8,0.0,0,0,0,0,1,0,0.0,115,14.4,64.3,14,14,8.2,12.9,2.96,0,0,0.0,57.1,8,4,11.1,14,1,0.04,8,57.8,0,1,16,57.1,0.0,77.1,0.0,0,0,0,0,1,1,6.3,112,8.0,83.3,18,18,10.6,3.7,2.73,0,0,0.0,77.8,14,6,6.7,18,1,0.43,5,42.5,0,0,18,61.1,0.0,93.3,0.0,0,0,0,0,0,1,5.6,115,6.4,83.1,59,59,34.7,4.6,2.53,0,0,0.0,71.2,42,13,14.3,59,7,0.4,23,58.9,0,0,61,62.7,0.0,103.4,0.0,0,0,0,0,2,2,3.3,435,7.4
T.J. Finley,124093,QB,GA STATE,7,203,226,94.6,37,37,18.2,-3.2,1.57,0,0,0.0,86.5,32,3,8.6,37,3,-0.23,6,68.0,0,0,38,37.8,0.0,83.9,0.0,0,0,0,0,0,0,0.0,153,4.1,92.9,28,28,13.8,-3.4,1.61,0,0,0.0,82.1,23,2,11.5,28,3,-0.14,4,66.4,0,0,29,42.9,0.0,84.2,0.0,0,0,0,0,0,0,0.0,118,4.2,44.4,9,9,4.4,34.0,3.18,0,3,27.3,44.4,4,3,0.0,9,0,0.4,4,71.2,0,1,11,44.4,0.0,50.0,0.0,0,0,0,0,0,2,18.2,109,12.1,47.8,23,23,11.3,13.8,2.4,0,0,0.0,39.1,9,6,18.2,23,2,-0.03,8,53.8,0,0,25,39.1,0.0,76.2,0.0,0,0,0,0,1,2,8.0,149,6.5,81.3,64,64,31.5,4.4,2.24,0,0,0.0,73.4,47,7,9.6,64,5,-0.02,20,65.7,0,3,65,51.6,0.0,75.5,0.0,0,0,0,0,1,2,3.1,407,6.4,0,37.5,24,24,11.8,30.9,2.7,0,7,25.0,29.2,7,7,22.2,24,2,0.23,7,70.9,0,2,28,29.2,0.0,46.9,0.0,0,0,0,0,1,4,14.3,234,9.8,175,100.0,4,4,2.0,-2.5,1.23,0,0,0.0,100.0,4,0,0.0,4,0,-0.07,2,64.8,0,0,4,50.0,,88.5,0.0,0,0,0,0,0,0,0.0,21,5.3,14.3,7,7,3.4,27.3,2.46,0,1,12.5,0.0,0,3,100.0,7,1,-0.98,0,45.9,0,1,8,0.0,0.0,0.0,0.0,0,0,0,0,0,1,12.5,0,0.0,50.0,8,8,3.9,12.9,2.13,0,0,0.0,37.5,3,3,25.0,8,1,0.42,3,71.1,0,0,10,37.5,0.0,100.5,0.0,0,0,0,0,1,0,0.0,53,6.6,78.9,19,19,9.4,3.3,2.32,0,0,0.0,73.7,14,7,6.7,19,1,0.14,5,60.4,0,1,19,63.2,0.0,72.3,0.0,0,0,0,0,0,0,0.0,140,7.4,54.3,35,35,17.2,13.7,2.32,0,1,2.4,45.7,16,10,15.8,35,3,0.31,15,66.2,0,0,41,45.7,0.0,99.9,0.0,0,0,0,0,3,2,4.9,262,7.5,0,100.0,5,5,2.5,-2.6,1.62,0,0,0.0,100.0,5,1,0.0,5,0,-0.83,0,64.9,0,0,5,0.0,0.0,79.2,0.0,0,0,0,0,0,0,0.0,14,2.8,50.0,8,8,3.9,30.5,2.39,0,3,33.3,37.5,3,1,25.0,8,1,1.11,3,84.4,0,0,9,37.5,0.0,125.0,0.0,0,0,0,0,1,1,11.1,125,15.6,100.0,4,4,2.0,14.5,2.28,0,1,16.7,100.0,4,1,0.0,4,0,2.09,4,84.3,0,0,6,100.0,0.0,158.3,0.0,0,0,0,0,1,0,0.0,60,15.0,81.8,11,11,5.4,4.6,2.4,0,0,0.0,81.8,9,5,0.0,11,0,-0.15,3,61.8,0,1,12,54.5,0.0,76.5,0.0,0,0,0,0,1,1,8.3,46,4.2,80.9,94,94,46.3,4.2,2.27,0,0,0.0,74.5,70,19,7.9,94,6,0.0,28,64.8,0,5,96,54.3,0.0,75.4,0.0,0,0,0,0,2,3,3.1,593,6.3
Rickie Collins,172474,QB,SYRACUSE,7,181,225,87.0,23,23,12.7,-3.6,1.66,0,0,0.0,73.9,17,6,15.0,23,3,-0.05,5,61.9,0,0,23,47.8,0.0,84.1,0.0,0,0,0,0,0,0,0.0,113,4.9,86.4,22,22,12.2,-3.6,1.67,0,0,0.0,72.7,16,6,15.8,22,3,-0.14,4,61.5,0,0,22,45.5,0.0,77.5,0.0,0,0,0,0,0,0,0.0,78,3.5,50.0,12,12,6.6,31.8,3.15,0,2,16.7,50.0,6,3,0.0,12,0,1.08,6,70.9,0,2,12,50.0,0.0,56.3,0.0,0,0,0,0,0,1,8.3,200,16.7,66.7,21,21,11.6,14.3,2.58,0,0,0.0,42.9,9,9,35.7,21,5,-0.29,8,52.7,0,2,23,38.1,0.0,67.0,0.0,0,0,0,0,3,2,8.7,147,7.0,80.9,47,47,26.0,4.0,2.2,0,0,0.0,68.1,32,11,15.8,47,6,-0.15,13,59.2,0,1,51,44.7,0.0,78.2,0.0,0,0,0,0,1,2,3.9,239,5.1,0,26.5,34,34,18.8,28.8,3.26,0,6,15.8,26.5,9,12,0.0,34,0,-0.53,9,54.8,0,6,38,26.5,0.0,31.1,0.0,0,0,0,0,1,5,13.2,276,8.1,304,100.0,1,1,0.6,-3.0,1.4,0,0,0.0,100.0,1,0,0.0,1,0,1.85,1,60.4,0,0,1,100.0,,118.8,0.0,0,0,0,0,0,0,0.0,35,35.0,9.1,11,11,6.1,29.1,3.47,0,2,16.7,9.1,1,5,0.0,11,0,-2.21,1,54.5,0,3,12,9.1,0.0,30.3,0.0,0,0,0,0,1,2,16.7,18,1.6,14.3,7,7,3.9,13.9,2.19,0,0,0.0,14.3,1,4,0.0,7,0,-0.83,1,25.4,0,1,7,14.3,0.0,0.0,0.0,0,0,0,0,0,2,28.6,18,2.6,86.7,15,15,8.3,3.7,2.14,0,0,0.0,86.7,13,3,0.0,15,0,0.36,4,67.7,0,0,16,86.7,0.0,92.5,0.0,0,0,0,0,0,0,0.0,93,6.2,51.4,35,35,19.3,14.4,2.53,0,0,0.0,37.1,13,14,27.8,35,5,-0.27,12,41.0,0,3,37,34.3,0.0,60.4,0.0,0,0,0,0,4,4,10.8,210,6.0,0,,0,0,0.0,,,0,0,,,0,0,,0,0,0.0,0,,0,0,0,,,0.0,,0,0,0,0,0,0,,0,,18.2,11,11,6.1,25.1,3.16,0,2,14.3,18.2,2,4,0.0,11,0,-0.6,2,44.5,0,1,14,18.2,0.0,11.2,0.0,0,0,0,0,0,2,14.3,58,5.3,42.9,7,7,3.9,15.0,2.74,0,0,0.0,42.9,3,1,0.0,7,0,0.34,3,66.1,0,0,7,42.9,0.0,104.2,0.0,0,0,0,0,1,0,0.0,45,6.4,65.0,20,20,11.0,5.8,2.05,0,0,0.0,65.0,13,3,0.0,20,0,-0.11,4,53.7,0,0,20,45.0,0.0,77.3,0.0,0,0,0,0,0,2,10.0,101,5.1,78.0,82,82,45.3,4.4,2.15,0,0,0.0,70.7,58,17,9.4,82,6,-0.05,21,59.3,0,1,87,52.4,0.0,82.0,0.0,0,0,0,0,1,4,4.6,433,5.3
Rodney Tisdale Jr.,188754,QB,W KENTUCKY,7,195,222,93.0,43,43,22.1,-2.5,1.81,0,0,0.0,93.0,40,6,0.0,43,0,-0.18,8,67.0,0,0,43,39.5,0.0,94.3,0.0,0,0,0,0,1,0,0.0,205,4.8,91.2,34,34,17.4,-2.6,1.77,0,0,0.0,91.2,31,4,0.0,34,0,-0.06,8,65.2,0,0,34,47.1,0.0,99.6,0.0,0,0,0,0,1,0,0.0,189,5.6,40.0,5,5,2.6,24.0,3.3,0,0,0.0,40.0,2,1,0.0,5,0,-0.18,2,45.0,0,1,5,40.0,0.0,43.3,0.0,0,0,0,0,0,1,20.0,57,11.4,71.0,31,31,15.9,12.5,2.65,0,0,0.0,67.7,21,6,4.5,31,1,0.65,19,81.2,0,1,31,67.7,0.0,108.9,0.0,0,0,0,0,2,2,6.5,315,10.2,77.6,49,49,25.1,4.1,2.4,0,0,0.0,67.3,33,7,13.2,49,5,0.1,20,66.0,0,3,50,59.2,0.0,86.3,0.0,0,0,0,0,4,4,8.0,310,6.3,0,45.8,24,24,12.3,26.3,2.73,0,6,22.2,37.5,9,7,18.2,24,2,0.4,9,78.7,0,1,27,37.5,0.0,91.7,0.0,0,0,0,0,2,1,3.7,276,11.5,346,100.0,3,3,1.5,-3.3,1.33,0,0,0.0,100.0,3,0,0.0,3,0,-1.0,0,63.9,0,0,3,0.0,,79.2,0.0,0,0,0,0,0,0,0.0,1,0.3,22.2,9,9,4.6,26.0,2.29,0,1,10.0,22.2,2,5,0.0,9,0,0.08,2,53.5,0,0,10,22.2,0.0,87.3,0.0,0,0,0,0,1,0,0.0,50,5.6,50.0,8,8,4.1,14.5,2.86,0,0,0.0,50.0,4,2,0.0,8,0,0.07,4,59.2,0,1,11,50.0,0.0,40.6,0.0,0,0,0,0,0,1,9.1,70,8.8,87.5,16,16,8.2,3.9,2.11,0,0,0.0,87.5,14,0,0.0,16,0,0.49,5,62.8,0,0,16,68.8,,94.8,0.0,0,0,0,0,0,0,0.0,108,6.8,62.2,45,45,23.1,13.2,2.67,0,0,0.0,60.0,27,10,3.6,45,1,0.44,25,75.1,0,2,48,60.0,0.0,87.3,0.0,0,0,0,0,2,3,6.3,420,9.3,0,100.0,6,6,3.1,-1.3,2.25,0,0,0.0,100.0,6,2,0.0,6,0,-0.43,0,66.0,0,0,6,16.7,0.0,79.2,0.0,0,0,0,0,0,0,0.0,15,2.5,70.0,10,10,5.1,27.6,2.84,0,5,41.7,50.0,5,1,28.6,10,2,0.99,5,94.1,0,0,12,50.0,0.0,129.2,0.0,0,0,0,0,1,0,0.0,169,16.9,33.3,6,6,3.1,15.0,2.53,0,0,0.0,33.3,2,2,0.0,6,0,-0.12,2,60.2,0,0,6,33.3,0.0,54.2,0.0,0,0,0,0,0,0,0.0,35,5.8,80.0,10,10,5.1,4.9,2.45,0,0,0.0,80.0,8,2,0.0,10,0,0.33,2,29.6,0,0,13,70.0,0.0,88.3,0.0,0,0,0,0,0,1,7.7,52,5.2,80.0,75,75,38.5,4.1,2.34,0,0,0.0,73.3,55,9,8.3,75,5,0.22,27,56.0,0,3,79,62.7,0.0,90.4,0.0,0,0,0,0,4,5,6.3,470,6.3
Lunch Winfield,176367,QB,LA LAFAYET,10,181,221,94.1,17,17,9.4,-2.8,2.41,0,0,0.0,94.1,16,5,0.0,17,0,0.0,3,63.4,0,0,19,41.2,0.0,89.5,0.0,0,0,0,0,0,0,0.0,93,5.5,100.0,12,12,6.6,-3.1,2.23,0,0,0.0,100.0,12,3,0.0,12,0,0.22,3,64.5,0,0,13,50.0,0.0,94.4,0.0,0,0,0,0,0,0,0.0,80,6.7,54.5,11,11,6.1,30.4,3.51,0,1,9.1,54.5,6,7,0.0,11,0,0.69,5,59.7,0,3,11,54.5,0.0,99.6,0.0,0,0,0,0,2,2,18.2,193,17.5,66.7,21,21,11.6,13.8,3.18,0,0,0.0,61.9,13,8,7.1,21,1,0.76,13,78.7,0,1,23,61.9,0.0,111.2,0.0,0,0,0,0,2,0,0.0,230,11.0,80.5,41,41,22.7,4.5,2.15,0,0,0.0,78.0,32,8,3.0,41,1,0.32,14,67.9,0,1,42,63.4,0.0,103.5,0.0,0,0,0,0,2,0,0.0,302,7.4,0,35.0,40,40,22.1,30.1,3.01,0,6,13.0,32.5,13,13,7.1,40,1,0.2,12,55.3,0,4,46,32.5,0.0,71.8,0.0,0,0,0,0,5,4,8.7,409,10.2,207,100.0,1,1,0.6,-1.0,3.0,0,0,0.0,100.0,1,0,0.0,1,0,-0.65,0,60.4,0,0,1,0.0,,79.2,0.0,0,0,0,0,0,0,0.0,0,0.0,26.7,15,15,8.3,28.1,2.85,0,2,12.5,20.0,3,4,25.0,15,1,-0.27,3,53.6,0,1,16,20.0,0.0,47.9,0.0,0,0,0,0,1,1,6.3,95,6.3,60.0,5,5,2.8,16.8,2.6,0,0,0.0,60.0,3,1,0.0,5,0,1.03,3,55.3,0,0,6,60.0,0.0,131.7,0.0,0,0,0,0,1,1,16.7,48,9.6,81.0,21,21,11.6,4.8,1.89,0,0,0.0,81.0,17,1,0.0,21,0,0.08,3,60.6,0,0,21,47.6,0.0,89.9,0.0,0,0,0,0,0,0,0.0,117,5.6,60.0,35,35,19.3,14.7,3.14,0,0,0.0,51.4,18,14,14.3,35,3,0.54,18,68.7,0,1,39,51.4,0.0,100.9,0.0,0,0,0,0,3,1,2.6,330,9.4,0,75.0,4,4,2.2,-2.5,2.83,0,0,0.0,75.0,3,2,0.0,4,0,-0.5,0,58.9,0,0,5,25.0,0.0,78.1,0.0,0,0,0,0,0,0,0.0,13,3.3,28.6,14,14,7.7,32.1,2.78,0,3,15.8,28.6,4,2,0.0,14,0,0.32,4,56.8,0,0,19,28.6,0.0,102.7,0.0,0,0,0,0,2,1,5.3,121,8.6,44.4,9,9,5.0,15.7,3.36,0,0,0.0,22.2,2,5,50.0,9,2,-0.23,2,53.0,0,0,10,22.2,0.0,51.2,0.0,0,0,0,0,0,0,0.0,52,5.8,78.6,14,14,7.7,2.9,2.52,0,0,0.0,71.4,10,7,9.1,14,1,0.13,4,65.4,0,0,15,50.0,0.0,83.0,0.0,0,0,0,0,0,0,0.0,72,5.1,80.3,76,76,42.0,4.3,2.15,0,0,0.0,77.6,59,16,3.3,76,2,0.22,21,66.9,0,1,78,56.6,0.0,96.9,0.0,0,0,0,0,2,0,0.0,491,6.5
Dequan Finn,97804,QB,MIAMI OH,8,180,212,95.8,24,24,13.3,-2.2,1.61,0,0,0.0,95.8,23,1,0.0,24,0,0.08,4,68.3,0,0,26,58.3,0.0,85.9,0.0,0,0,0,0,0,0,0.0,111,4.6,94.1,17,17,9.4,-2.5,1.58,0,0,0.0,94.1,16,1,0.0,17,0,0.17,3,66.3,0,0,18,58.8,0.0,87.3,0.0,0,0,0,0,0,0,0.0,84,4.9,46.2,13,13,7.2,32.9,3.75,0,5,35.7,46.2,6,6,0.0,13,0,0.83,6,88.0,0,1,14,46.2,0.0,86.2,0.0,0,0,0,0,1,1,7.1,289,22.2,83.3,18,18,10.0,14.6,2.87,0,0,0.0,66.7,12,3,20.0,18,3,0.79,10,75.9,0,1,18,66.7,0.0,115.0,0.0,0,0,0,0,2,2,11.1,188,10.4,84.2,19,19,10.6,5.2,2.56,0,0,0.0,78.9,15,5,6.3,19,1,0.66,11,63.5,0,0,21,63.2,0.0,134.6,0.0,0,0,0,0,2,1,4.8,150,7.9,0,44.4,36,36,20.0,30.6,3.43,0,9,22.5,41.7,15,11,6.3,36,1,0.63,15,80.0,0,3,40,41.7,0.0,72.7,0.0,0,0,0,0,2,3,7.5,587,16.3,221,100.0,6,6,3.3,-1.3,1.78,0,0,0.0,100.0,6,0,0.0,6,0,-0.02,1,66.6,0,0,7,66.7,,86.1,0.0,0,0,0,0,0,0,0.0,28,4.7,50.0,10,10,5.6,28.2,3.01,0,2,20.0,40.0,4,3,20.0,10,1,0.36,4,80.3,0,1,10,40.0,0.0,47.9,0.0,0,0,0,0,0,1,10.0,148,14.8,53.8,13,13,7.2,13.2,2.82,0,0,0.0,38.5,5,3,28.6,13,2,0.16,5,57.9,0,0,14,38.5,0.0,87.0,0.0,0,0,0,0,1,0,0.0,85,6.5,93.3,15,15,8.3,4.7,2.55,0,0,0.0,93.3,14,3,0.0,15,0,0.91,7,71.4,0,0,15,93.3,0.0,125.8,0.0,0,0,0,0,1,0,0.0,133,8.9,66.7,45,45,25.0,13.7,3.02,0,1,2.1,55.6,25,11,16.7,45,5,0.41,22,69.6,0,1,48,55.6,0.0,96.0,0.0,0,0,0,0,3,3,6.3,374,8.3,0,100.0,1,1,0.6,-2.0,1.0,0,0,0.0,100.0,1,0,0.0,1,0,-0.88,0,60.4,0,0,1,0.0,,79.2,0.0,0,0,0,0,0,0,0.0,-1,-1.0,38.5,13,13,7.2,30.2,3.44,0,2,12.5,38.5,5,2,0.0,13,0,0.63,5,58.5,0,1,16,38.5,0.0,75.8,0.0,0,0,0,0,1,1,6.3,150,11.5,57.1,14,14,7.8,13.0,3.41,0,1,6.3,57.1,8,5,0.0,14,0,0.16,7,65.8,0,0,16,57.1,0.0,79.8,0.0,0,0,0,0,0,1,6.3,101,7.2,60.9,23,23,12.8,5.0,2.6,0,0,0.0,56.5,13,5,7.1,23,1,-0.5,5,53.8,0,2,24,52.2,0.0,44.8,0.0,0,0,0,0,1,2,8.3,96,4.2,77.2,57,57,31.7,5.0,2.58,0,0,0.0,73.7,42,13,4.5,57,2,0.26,23,62.5,0,2,60,66.7,0.0,100.0,0.0,0,0,0,0,4,3,5.0,379,6.6
Malachi Nelson,174203,QB,UTEP,6,189,211,88.9,27,27,14.3,-2.8,1.98,0,0,0.0,88.9,24,7,0.0,27,0,0.15,8,68.0,0,0,27,40.7,0.0,99.2,0.0,0,0,0,0,1,0,0.0,131,4.9,95.0,20,20,10.6,-3.2,2.22,0,0,0.0,95.0,19,6,0.0,20,0,0.27,6,69.3,0,0,20,40.0,0.0,103.5,0.0,0,0,0,0,1,0,0.0,97,4.9,33.3,6,6,3.2,30.5,2.87,0,2,25.0,16.7,1,1,50.0,6,1,-0.3,1,49.6,0,1,8,16.7,0.0,60.4,0.0,0,0,0,0,1,3,37.5,48,8.0,52.4,21,21,11.1,13.4,2.82,0,1,4.5,42.9,9,7,18.2,21,2,-0.39,8,41.5,0,3,22,42.9,0.0,44.0,0.0,0,0,0,0,0,4,18.2,231,11.0,75.9,58,58,30.7,4.3,2.01,0,0,0.0,65.5,38,10,13.6,58,6,-0.29,13,62.8,0,3,61,46.6,0.0,62.3,0.0,0,0,0,0,1,2,3.3,298,5.1,0,42.3,26,26,13.8,29.3,2.87,0,9,30.0,30.8,8,8,27.3,26,3,0.22,8,85.4,0,1,30,30.8,0.0,92.1,0.0,0,0,0,0,4,5,16.7,255,9.8,330,100.0,3,3,1.6,-1.7,1.37,0,0,0.0,100.0,3,1,0.0,3,0,0.06,1,63.9,0,0,3,66.7,0.0,100.0,0.0,0,0,0,0,0,0,0.0,24,8.0,30.0,10,10,5.3,27.2,2.72,0,1,8.3,30.0,3,4,0.0,10,0,-0.29,3,57.9,0,0,12,30.0,0.0,58.3,0.0,0,0,0,0,0,2,16.7,75,7.5,28.6,7,7,3.7,12.0,2.6,0,0,0.0,28.6,2,2,0.0,7,0,-0.44,2,52.4,0,0,7,28.6,0.0,42.6,0.0,0,0,0,0,0,0,0.0,26,3.7,71.4,14,14,7.4,6.2,2.41,0,0,0.0,64.3,9,3,10.0,14,1,0.14,4,73.0,0,0,14,50.0,0.0,73.5,0.0,0,0,0,0,0,0,0.0,60,4.3,47.1,34,34,18.0,13.4,2.75,0,1,2.8,35.3,12,11,25.0,34,4,-0.3,11,40.9,0,4,36,38.2,0.0,42.2,0.0,0,0,0,0,1,5,13.9,330,9.7,0,50.0,4,4,2.1,-1.8,1.25,0,0,0.0,50.0,2,0,0.0,4,0,-0.42,1,57.5,0,0,4,25.0,,56.3,0.0,0,0,0,0,0,0,0.0,10,2.5,60.0,10,10,5.3,30.7,3.01,0,6,60.0,40.0,4,3,33.3,10,2,1.04,4,97.5,0,0,10,40.0,0.0,127.1,0.0,0,0,0,0,3,0,0.0,132,13.2,50.0,6,6,3.2,15.2,2.67,0,0,0.0,16.7,1,2,66.7,6,2,0.17,1,48.4,0,1,7,33.3,0.0,77.8,0.0,0,0,0,0,1,1,14.3,73,12.2,64.7,17,17,9.0,4.8,1.94,0,0,0.0,64.7,11,1,0.0,17,0,-0.14,3,38.4,0,1,18,35.3,0.0,70.7,0.0,0,0,0,0,1,1,5.6,80,4.7,73.0,89,89,47.1,4.7,2.06,0,0,0.0,65.2,58,14,10.8,89,7,-0.2,20,59.3,0,4,93,44.9,0.0,65.7,0.0,0,0,0,0,2,3,3.2,438,4.9
Cameran Brown,184894,QB,GA STATE,10,186,209,100.0,36,36,19.4,-3.8,1.85,0,0,0.0,100.0,36,7,0.0,36,0,-0.15,7,72.0,0,0,39,41.7,0.0,81.1,0.0,0,0,0,0,0,0,0.0,125,3.5,100.0,30,30,16.1,-3.7,1.84,0,0,0.0,100.0,30,5,0.0,30,0,-0.19,6,71.3,0,0,32,36.7,0.0,81.5,0.0,0,0,0,0,0,0,0.0,107,3.6,75.0,8,8,4.3,30.4,3.01,0,5,50.0,75.0,6,1,0.0,8,0,2.39,6,94.9,0,0,10,75.0,0.0,156.3,0.0,0,0,0,0,2,0,0.0,224,28.0,62.1,29,29,15.6,13.3,2.8,0,0,0.0,58.6,17,10,5.6,29,1,0.77,17,85.1,0,0,29,58.6,0.0,129.4,0.0,0,0,0,0,3,1,3.4,306,10.6,80.4,56,56,30.1,4.1,2.46,0,0,0.0,71.4,40,16,11.1,56,5,0.15,20,68.6,0,1,61,58.9,0.0,97.6,0.0,0,0,0,0,3,1,1.6,344,6.1,0,43.5,23,23,12.4,28.6,2.69,0,9,34.6,43.5,10,6,0.0,23,0,0.76,10,90.6,0,0,26,43.5,0.0,130.0,0.0,0,0,0,0,3,1,3.8,330,14.3,175,100.0,5,5,2.7,-4.2,1.72,0,0,0.0,100.0,5,1,0.0,5,0,0.24,1,65.5,0,0,5,80.0,0.0,80.0,0.0,0,0,0,0,0,0,0.0,16,3.2,33.3,6,6,3.2,31.5,2.8,0,1,14.3,33.3,2,3,0.0,6,0,0.35,2,51.6,0,0,7,33.3,0.0,66.7,0.0,0,0,0,0,0,1,14.3,53,8.8,60.0,5,5,2.7,12.6,2.04,0,0,0.0,60.0,3,1,0.0,5,0,0.74,3,68.4,0,0,5,60.0,0.0,118.3,0.0,0,0,0,0,1,0,0.0,32,6.4,100.0,2,2,1.1,2.5,1.65,0,0,0.0,50.0,1,0,50.0,2,1,-0.14,1,52.2,0,0,3,50.0,,64.6,0.0,0,0,0,0,0,0,0.0,10,5.0,59.6,47,47,25.3,13.7,2.74,0,0,0.0,55.3,26,16,7.1,47,2,0.6,26,79.7,0,0,50,55.3,0.0,124.6,0.0,0,0,0,0,6,1,2.0,415,8.8,0,100.0,1,1,0.5,-5.0,2.7,0,0,0.0,100.0,1,1,0.0,1,0,-0.78,0,62.7,0,0,2,0.0,0.0,79.2,0.0,0,0,0,0,0,0,0.0,2,2.0,22.2,9,9,4.8,25.1,2.32,0,3,33.3,22.2,2,2,0.0,9,0,-0.42,2,79.6,0,0,9,22.2,0.0,88.7,0.0,0,0,0,0,1,0,0.0,53,5.9,53.8,13,13,7.0,15.1,2.85,0,0,0.0,46.2,6,5,14.3,13,1,0.18,6,62.9,0,0,16,46.2,0.0,104.8,0.0,0,0,0,0,2,0,0.0,77,5.9,80.0,10,10,5.4,3.4,2.49,0,0,0.0,70.0,7,3,12.5,10,1,-0.39,2,76.7,0,0,11,30.0,0.0,122.5,0.0,0,0,0,0,1,0,0.0,69,6.9,80.9,68,68,36.6,4.0,2.44,0,0,0.0,70.6,48,19,12.7,68,7,0.07,23,70.6,0,1,75,54.4,0.0,100.3,0.0,0,0,0,0,4,1,1.3,423,6.2
Chase Jenkins,173242,QB,RICE,12,172,207,95.5,66,66,38.4,-3.2,1.33,0,0,0.0,95.5,63,10,0.0,66,0,-0.09,18,72.3,0,0,67,47.0,0.0,92.0,0.0,0,0,0,0,2,0,0.0,242,3.7,94.5,55,55,32.0,-3.4,1.17,0,0,0.0,94.5,52,6,0.0,55,0,-0.13,15,71.5,0,0,56,45.5,0.0,93.9,0.0,0,0,0,0,2,0,0.0,200,3.6,36.4,11,11,6.4,32.1,3.23,0,2,18.2,18.2,2,7,50.0,11,2,-0.18,2,68.8,0,0,11,18.2,0.0,83.5,0.0,0,0,0,0,1,1,9.1,69,6.3,38.5,13,13,7.6,14.9,2.67,0,2,13.3,38.5,5,7,0.0,13,0,-0.06,4,51.2,0,0,15,30.8,0.0,99.4,0.0,0,0,0,0,2,1,6.7,80,6.2,90.9,11,11,6.4,3.3,2.27,0,0,0.0,90.9,10,1,0.0,11,0,0.82,7,75.8,0,1,11,63.6,0.0,77.7,0.0,0,0,0,0,0,0,0.0,129,11.7,0,37.0,27,27,15.7,29.9,3.06,0,6,20.7,29.6,8,12,20.0,27,2,0.39,8,79.1,0,0,29,29.6,0.0,114.0,0.0,0,0,0,0,4,1,3.4,307,11.4,275,100.0,2,2,1.2,-2.0,1.6,0,0,0.0,100.0,2,1,0.0,2,0,0.55,2,62.7,0,0,2,100.0,0.0,89.6,0.0,0,0,0,0,0,0,0.0,11,5.5,20.0,5,5,2.9,26.2,3.32,0,2,28.6,20.0,1,1,0.0,5,0,0.6,1,72.1,0,0,7,20.0,0.0,118.8,0.0,0,0,0,0,1,0,0.0,75,15.0,66.7,6,6,3.5,12.7,3.28,0,0,0.0,66.7,4,5,0.0,6,0,0.72,4,70.5,0,0,6,66.7,0.0,93.1,0.0,0,0,0,0,0,1,16.7,51,8.5,100.0,14,14,8.1,4.3,2.44,0,0,0.0,100.0,14,1,0.0,14,0,1.07,8,72.9,0,0,14,85.7,0.0,106.0,0.0,0,0,0,0,0,0,0.0,132,9.4,40.0,25,25,14.5,13.9,2.94,0,2,7.1,40.0,10,14,0.0,25,0,0.04,9,57.9,0,0,28,36.0,0.0,85.6,0.0,0,0,0,0,2,2,7.1,141,5.6,0,100.0,9,9,5.2,-1.8,2.3,0,0,0.0,100.0,9,3,0.0,9,0,0.0,1,67.2,0,0,9,44.4,0.0,81.0,0.0,0,0,0,0,0,0,0.0,31,3.4,45.5,11,11,6.4,29.3,2.78,0,2,18.2,45.5,5,4,0.0,11,0,0.87,5,79.9,0,0,11,45.5,0.0,131.6,0.0,0,0,0,0,2,0,0.0,163,14.8,16.7,6,6,3.5,13.0,3.18,0,0,0.0,16.7,1,2,0.0,6,0,-0.44,1,59.6,0,0,7,16.7,0.0,39.6,0.0,0,0,0,0,0,0,0.0,10,1.7,71.4,21,21,12.2,3.9,2.2,0,0,0.0,66.7,14,5,6.7,21,1,-0.19,4,66.0,0,1,21,52.4,0.0,69.9,0.0,0,0,0,0,1,0,0.0,82,3.9,84.8,46,46,26.7,3.9,2.29,0,0,0.0,82.6,38,7,2.6,46,1,0.44,19,74.9,0,2,46,65.2,0.0,86.9,0.0,0,0,0,0,1,0,0.0,343,7.5
Joe Labas,144847,QB,C MICHIGAN,12,183,202,90.0,20,20,10.9,-2.7,2.35,0,0,0.0,90.0,18,2,0.0,20,0,-0.29,5,67.0,0,0,21,45.0,0.0,101.5,0.0,0,0,0,0,1,0,0.0,87,4.4,92.3,13,13,7.1,-2.5,2.06,0,0,0.0,92.3,12,0,0.0,13,0,-0.26,4,64.4,0,0,13,53.8,,111.2,0.0,0,0,0,0,1,0,0.0,59,4.5,70.0,10,10,5.5,27.9,3.05,0,5,38.5,60.0,6,6,14.3,10,1,2.08,6,93.7,0,1,13,60.0,0.0,104.2,0.0,0,0,0,0,2,1,7.7,263,26.3,72.0,25,25,13.7,13.2,2.94,0,0,0.0,68.0,17,12,5.6,25,1,1.12,14,86.8,0,0,26,68.0,0.0,137.5,0.0,0,0,0,0,2,1,3.8,370,14.8,85.2,54,54,29.5,4.1,2.6,0,0,0.0,81.5,44,21,4.3,54,2,0.24,16,64.4,0,1,54,63.0,0.0,98.8,0.0,0,0,0,0,2,0,0.0,357,6.6,0,52.6,19,19,10.4,27.2,3.06,0,8,29.6,42.1,8,8,20.0,19,2,1.15,8,86.5,0,3,27,42.1,0.0,89.3,0.0,0,0,0,0,3,2,7.4,332,17.5,134,100.0,3,3,1.6,-3.0,1.97,0,0,0.0,100.0,3,1,0.0,3,0,-0.25,1,64.7,0,0,4,33.3,0.0,83.3,0.0,0,0,0,0,0,0,0.0,12,4.0,33.3,3,3,1.6,23.0,2.6,0,1,14.3,33.3,1,0,0.0,3,0,0.49,1,58.6,0,1,7,33.3,,75.7,0.0,0,0,0,0,1,0,0.0,33,11.0,83.3,6,6,3.3,14.2,3.33,0,1,14.3,66.7,4,4,20.0,6,1,0.87,4,90.2,0,0,7,66.7,0.0,140.3,0.0,0,0,0,0,1,0,0.0,62,10.3,81.3,16,16,8.7,3.4,2.29,0,0,0.0,81.3,13,2,0.0,16,0,0.73,6,64.4,0,1,16,68.8,0.0,127.9,0.0,0,0,0,0,2,1,6.3,183,11.4,76.2,42,42,23.0,13.6,2.95,0,2,4.4,71.4,30,18,6.3,42,2,1.13,26,92.4,0,0,45,71.4,0.0,137.5,0.0,0,0,0,0,3,1,2.2,578,13.8,0,75.0,4,4,2.2,-3.3,3.58,0,0,0.0,75.0,3,1,0.0,4,0,-0.4,0,64.7,0,0,4,25.0,0.0,81.3,0.0,0,0,0,0,0,0,0.0,16,4.0,33.3,6,6,3.3,28.0,3.32,0,2,28.6,16.7,1,2,50.0,6,1,-0.08,1,60.2,0,1,7,16.7,0.0,12.5,0.0,0,0,0,0,0,1,14.3,36,6.0,81.8,11,11,6.0,14.1,2.75,0,1,8.3,81.8,9,2,0.0,11,0,1.29,8,91.0,0,0,12,81.8,0.0,118.8,0.0,0,0,0,0,0,0,0.0,146,13.3,61.9,21,21,11.5,4.6,2.92,0,0,0.0,61.9,13,6,0.0,21,0,-0.4,3,34.3,0,1,23,42.9,0.0,77.3,0.0,0,0,0,0,1,2,8.7,139,6.6,79.1,91,91,49.7,4.1,2.62,0,0,0.0,76.9,70,29,2.8,91,2,0.18,25,54.6,0,3,93,59.3,0.0,101.9,0.0,0,0,0,0,5,3,3.2,679,7.5
Alessio Milivojevic,183542,QB,MICH STATE,9,172,198,86.2,29,29,16.9,-3.4,2.37,0,0,0.0,86.2,25,10,0.0,29,0,-0.13,4,57.8,0,1,29,48.3,0.0,70.5,0.0,0,0,0,0,0,1,3.4,127,4.4,82.6,23,23,13.4,-3.9,2.27,0,0,0.0,82.6,19,7,0.0,23,0,-0.11,4,54.8,0,1,23,47.8,0.0,67.4,0.0,0,0,0,0,0,1,4.3,104,4.5,0.0,3,3,1.7,28.0,3.97,0,0,0.0,0.0,0,1,,3,0,-0.77,0,37.3,0,0,3,0.0,0.0,39.6,0.0,0,0,0,0,0,0,0.0,0,0.0,71.4,28,28,16.3,14.7,2.91,0,0,0.0,71.4,20,10,0.0,28,0,1.26,20,91.6,0,0,28,71.4,0.0,149.4,0.0,0,0,0,0,3,1,3.6,357,12.8,83.7,43,43,25.0,4.5,2.47,0,0,0.0,74.4,32,14,11.1,43,4,-0.06,13,67.9,0,1,44,46.5,0.0,102.1,0.0,0,0,0,0,3,2,4.5,252,5.9,0,37.5,16,16,9.3,30.9,3.09,0,3,16.7,37.5,6,8,0.0,16,0,0.48,6,70.9,0,0,18,43.8,0.0,101.6,0.0,0,0,0,0,1,0,0.0,182,11.4,223,100.0,3,3,1.7,-1.0,1.97,0,0,0.0,100.0,3,0,0.0,3,0,0.16,0,63.9,0,0,3,66.7,,91.7,0.0,0,0,0,0,0,0,0.0,18,6.0,50.0,4,4,2.3,37.5,3.13,0,1,20.0,50.0,2,4,0.0,4,0,2.25,2,78.7,0,0,5,75.0,0.0,135.4,0.0,0,0,0,0,1,0,0.0,93,23.3,66.7,3,3,1.7,14.0,2.1,0,1,33.3,66.7,2,2,0.0,3,0,0.96,2,81.4,0,0,3,66.7,0.0,122.2,0.0,0,0,0,0,1,0,0.0,18,6.0,76.9,13,13,7.6,5.1,2.14,0,0,0.0,69.2,9,1,10.0,13,1,-0.04,1,47.4,0,0,14,30.8,0.0,80.0,0.0,0,0,0,0,0,0,0.0,63,4.8,64.4,45,45,26.2,14.7,3.02,0,2,4.4,62.2,28,18,3.4,45,1,1.02,26,92.3,0,0,45,62.2,0.0,141.6,0.0,0,0,0,0,5,1,2.2,547,12.2,0,100.0,3,3,1.7,-2.7,3.53,0,0,0.0,100.0,3,3,0.0,3,0,-0.52,0,63.9,0,0,3,33.3,0.0,79.2,0.0,0,0,0,0,0,0,0.0,5,1.7,44.4,9,9,5.2,29.0,2.79,0,2,20.0,44.4,4,3,0.0,9,0,0.1,4,75.4,0,0,10,44.4,0.0,80.3,0.0,0,0,0,0,0,0,0.0,89,9.9,50.0,14,14,8.1,14.8,3.44,0,1,7.1,42.9,6,6,14.3,14,1,0.56,4,83.7,0,0,14,42.9,0.0,112.8,0.0,0,0,0,0,1,0,0.0,172,12.3,78.6,14,14,8.1,5.1,2.53,0,0,0.0,78.6,11,4,0.0,14,0,-0.19,5,43.9,0,1,15,71.4,0.0,89.3,0.0,0,0,0,0,1,1,6.7,96,6.9,81.4,70,70,40.7,4.7,2.42,0,0,0.0,74.3,52,19,8.8,70,5,-0.08,19,56.2,0,2,73,48.6,0.0,95.6,0.0,0,0,0,0,4,3,4.1,411,5.9
Carter Jones,198923,QB,NEVADA,9,173,194,94.9,39,39,22.5,-3.0,1.54,0,0,0.0,94.9,37,6,0.0,39,0,0.19,17,68.6,0,0,41,53.8,0.0,117.7,0.0,0,0,0,0,3,0,0.0,238,6.1,96.3,27,27,15.6,-3.1,1.65,0,0,0.0,96.3,26,5,0.0,27,0,0.0,12,71.1,0,0,29,44.4,0.0,114.8,0.0,0,0,0,0,2,0,0.0,152,5.6,66.7,3,3,1.7,29.3,2.93,0,1,33.3,66.7,2,1,0.0,3,0,0.7,2,62.8,0,1,3,66.7,0.0,70.1,0.0,0,0,0,0,0,1,33.3,69,23.0,65.0,20,20,11.6,13.4,2.5,0,0,0.0,60.0,12,3,7.7,20,1,0.14,12,78.0,0,2,21,60.0,0.0,71.0,0.0,0,0,0,0,1,0,0.0,201,10.1,79.5,39,39,22.5,3.5,2.29,0,0,0.0,74.4,29,12,6.5,39,2,0.13,13,59.0,0,1,39,51.3,0.0,82.6,0.0,0,0,0,0,0,1,2.6,274,7.0,0,9.1,22,22,12.7,30.0,2.8,0,1,4.2,9.1,2,6,0.0,22,0,-0.89,2,27.3,0,4,24,9.1,0.0,0.6,0.0,0,0,0,0,0,5,20.8,69,3.1,239,80.0,5,5,2.9,-2.6,1.34,0,0,0.0,80.0,4,0,0.0,5,0,0.32,2,58.8,0,0,5,60.0,,87.5,0.0,0,0,0,0,0,0,0.0,25,5.0,0.0,9,9,5.2,30.4,2.88,0,0,0.0,0.0,0,2,,9,0,-1.22,0,28.6,0,2,11,0.0,0.0,0.0,0.0,0,0,0,0,0,2,18.2,0,0.0,40.0,5,5,2.9,15.4,2.6,0,1,20.0,20.0,1,1,50.0,5,1,-0.24,1,52.9,0,0,5,20.0,0.0,79.2,0.0,0,0,0,0,1,1,20.0,15,3.0,76.5,17,17,9.8,4.8,1.88,0,0,0.0,76.5,13,2,0.0,17,0,-0.07,3,53.7,0,0,17,47.1,0.0,84.4,0.0,0,0,0,0,0,0,0.0,76,4.5,62.2,37,37,21.4,13.8,2.74,0,1,2.6,54.1,20,6,13.0,37,3,0.04,20,73.2,0,3,38,54.1,0.0,75.1,0.0,0,0,0,0,3,2,5.3,308,8.3,0,100.0,7,7,4.0,-3.0,1.27,0,0,0.0,100.0,7,1,0.0,7,0,0.87,3,60.8,0,0,7,85.7,0.0,142.6,0.0,0,0,0,0,1,0,0.0,61,8.7,0.0,10,10,5.8,29.8,2.7,0,0,0.0,0.0,0,3,,10,0,-1.08,0,27.8,0,1,10,0.0,0.0,0.0,0.0,0,0,0,0,0,2,20.0,0,0.0,66.7,12,12,6.9,13.8,3.18,0,0,0.0,58.3,7,2,12.5,12,1,-0.02,7,67.5,0,1,12,58.3,0.0,75.7,0.0,0,0,0,0,1,1,8.3,92,7.7,78.6,14,14,8.1,4.9,2.45,0,0,0.0,71.4,10,2,9.1,14,1,-0.22,3,72.5,0,0,14,42.9,0.0,80.7,0.0,0,0,0,0,0,0,0.0,64,4.6,78.6,70,70,40.5,4.1,2.22,0,0,0.0,74.3,52,16,5.5,70,3,0.01,19,61.2,0,1,70,48.6,0.0,82.7,0.0,0,0,0,0,0,1,1.4,414,5.9
Goose Crowder,144781,QB,TROY,6,156,192,84.6,26,26,16.7,-2.7,1.61,0,0,0.0,76.9,20,2,9.1,26,2,-0.22,3,61.6,0,0,26,30.8,0.0,100.8,0.0,0,0,0,0,1,1,3.8,136,5.2,90.0,20,20,12.8,-2.7,1.68,0,0,0.0,80.0,16,1,11.1,20,2,-0.01,3,58.9,0,0,20,40.0,0.0,109.8,0.0,0,0,0,0,1,1,5.0,127,6.4,71.4,7,7,4.5,27.1,2.53,0,5,62.5,71.4,5,1,0.0,7,0,1.84,4,95.8,0,1,8,71.4,0.0,113.7,0.0,0,0,0,0,3,1,12.5,172,24.6,76.5,17,17,10.9,12.6,2.7,0,0,0.0,70.6,12,6,7.7,17,1,1.06,9,81.5,0,1,17,70.6,0.0,112.7,0.0,0,0,0,0,3,1,5.9,150,8.8,82.1,39,39,25.0,4.4,2.29,0,0,0.0,69.2,27,7,15.6,39,5,0.08,14,59.0,0,1,39,56.4,0.0,84.6,0.0,0,0,0,0,1,2,5.1,252,6.5,0,52.9,17,17,10.9,29.3,2.44,0,8,44.4,47.1,8,5,11.1,17,1,0.83,7,92.0,0,2,18,47.1,0.0,93.4,0.0,0,0,0,0,5,2,11.1,270,15.9,318,100.0,1,1,0.6,-3.0,1.3,0,0,0.0,100.0,1,0,0.0,1,0,-0.43,0,60.4,0,0,1,0.0,,79.2,0.0,0,0,0,0,0,0,0.0,3,3.0,57.1,7,7,4.5,32.3,2.34,0,3,42.9,42.9,3,4,25.0,7,1,0.84,3,86.1,0,0,7,42.9,0.0,129.5,0.0,0,0,0,0,2,0,0.0,98,14.0,55.6,9,9,5.8,16.3,2.58,0,0,0.0,55.6,5,1,0.0,9,0,1.03,5,69.4,0,0,9,55.6,0.0,128.9,0.0,0,0,0,0,1,1,11.1,94,10.4,64.3,14,14,9.0,5.0,2.28,0,0,0.0,57.1,8,4,11.1,14,1,-0.31,6,54.4,0,0,14,50.0,0.0,71.4,0.0,0,0,0,0,0,0,0.0,73,5.2,66.7,30,30,19.2,14.0,2.63,0,0,0.0,63.3,19,9,5.0,30,1,0.83,15,74.4,0,2,30,63.3,0.0,104.7,0.0,0,0,0,0,4,3,10.0,274,9.1,0,60.0,5,5,3.2,-2.6,1.4,0,0,0.0,60.0,3,1,0.0,5,0,-1.03,0,65.4,0,0,5,0.0,0.0,64.6,0.0,0,0,0,0,0,0,0.0,6,1.2,0.0,3,3,1.9,27.3,2.43,0,0,0.0,0.0,0,0,,3,0,-1.54,0,33.5,0,1,3,0.0,,0.0,0.0,0,0,0,0,0,1,33.3,0,0.0,50.0,4,4,2.6,14.8,2.48,0,0,0.0,50.0,2,2,0.0,4,0,-0.55,1,45.2,0,1,4,50.0,0.0,35.4,0.0,0,0,0,0,0,1,25.0,30,7.5,80.0,20,20,12.8,3.8,2.03,0,0,0.0,75.0,15,4,6.3,20,1,0.15,6,81.6,0,0,20,60.0,0.0,85.2,0.0,0,0,0,0,0,0,0.0,99,5.0,78.1,73,73,46.8,4.3,2.22,0,0,0.0,68.5,50,15,12.3,73,7,0.02,26,65.8,0,1,73,56.2,0.0,82.2,0.0,0,0,0,0,1,2,2.7,424,5.8
Scotty Fox Jr.,199546,QB,W VIRGINIA,9,170,190,92.9,28,28,16.5,-3.7,1.53,0,0,0.0,92.9,26,3,0.0,28,0,0.2,6,68.3,0,0,28,35.7,0.0,111.9,0.0,0,0,0,0,1,0,0.0,224,8.0,95.2,21,21,12.4,-4.0,1.39,0,0,0.0,95.2,20,1,0.0,21,0,0.53,6,66.9,0,0,21,42.9,0.0,125.0,0.0,0,0,0,0,1,0,0.0,214,10.2,66.7,3,3,1.8,30.0,2.4,0,2,66.7,66.7,2,2,0.0,3,0,1.75,2,93.2,0,0,3,66.7,0.0,109.7,0.0,0,0,0,0,0,0,0.0,55,18.3,50.0,18,18,10.6,13.2,2.23,0,0,0.0,50.0,9,8,0.0,18,0,0.36,9,29.7,0,2,18,50.0,0.0,91.7,0.0,0,0,0,0,2,4,22.2,218,12.1,76.5,51,51,30.0,4.5,1.83,0,0,0.0,64.7,33,6,15.4,51,6,-0.02,15,63.1,0,1,51,47.1,0.0,78.1,0.0,0,0,0,0,1,1,2.0,290,5.7,0,40.9,22,22,12.9,31.5,2.51,0,8,30.8,40.9,9,9,0.0,22,0,0.7,9,91.3,0,1,26,40.9,0.0,108.9,0.0,0,0,0,0,3,0,0.0,323,14.7,343,100.0,3,3,1.8,-4.0,1.97,0,0,0.0,100.0,3,1,0.0,3,0,-1.03,0,63.8,0,0,3,0.0,0.0,79.2,0.0,0,0,0,0,0,0,0.0,4,1.3,20.0,5,5,2.9,30.2,2.34,0,1,14.3,20.0,1,1,0.0,5,0,0.02,1,56.3,0,0,7,20.0,0.0,79.2,0.0,0,0,0,0,0,0,0.0,69,13.8,66.7,3,3,1.8,15.7,2.13,0,0,0.0,66.7,2,0,0.0,3,0,0.7,2,56.3,0,0,3,66.7,,99.3,0.0,0,0,0,0,0,0,0.0,30,10.0,85.7,14,14,8.2,3.4,1.68,0,0,0.0,71.4,10,0,16.7,14,2,-0.47,2,51.8,0,1,14,42.9,,51.2,0.0,0,0,0,0,0,1,7.1,65,4.6,40.0,30,30,17.6,14.0,2.29,0,0,0.0,40.0,12,11,0.0,30,0,-0.18,12,28.3,0,3,30,40.0,0.0,54.0,0.0,0,0,0,0,2,5,16.7,259,8.6,0,75.0,4,4,2.4,-2.3,1.93,0,0,0.0,75.0,3,1,0.0,4,0,-0.61,0,64.7,0,0,4,25.0,0.0,77.1,0.0,0,0,0,0,0,0,0.0,6,1.5,42.9,14,14,8.2,32.2,2.6,0,5,31.3,42.9,6,6,0.0,14,0,0.72,6,91.6,0,1,16,42.9,0.0,99.7,0.0,0,0,0,0,3,0,0.0,199,14.2,11.1,9,9,5.3,15.0,2.46,0,0,0.0,11.1,1,3,0.0,9,0,-1.57,1,29.2,0,1,9,11.1,0.0,0.0,0.0,0,0,0,0,0,1,11.1,11,1.2,73.3,15,15,8.8,3.2,2.09,0,0,0.0,73.3,11,5,0.0,15,0,0.22,4,65.1,0,0,15,40.0,0.0,95.1,0.0,0,0,0,0,0,0,0.0,115,7.7,77.5,80,80,47.1,4.1,1.85,0,0,0.0,67.5,54,11,12.9,80,8,-0.05,21,61.6,0,2,80,45.0,0.0,76.6,0.0,0,0,0,0,1,2,2.5,470,5.9
Drew Allar,164157,QB,PENN STATE,6,159,186,85.7,28,28,17.6,-3.7,1.65,0,0,0.0,85.7,24,3,0.0,28,0,-0.42,6,50.2,0,1,29,32.1,0.0,76.2,0.0,0,0,0,0,1,1,3.4,77,2.8,88.2,17,17,10.7,-3.9,1.49,0,0,0.0,88.2,15,2,0.0,17,0,-0.28,4,65.5,0,0,18,35.3,0.0,98.8,0.0,0,0,0,0,1,0,0.0,45,2.6,33.3,3,3,1.9,39.0,2.93,0,0,0.0,33.3,1,0,0.0,3,0,0.17,1,64.5,0,0,3,33.3,,57.6,0.0,0,0,0,0,0,0,0.0,20,6.7,72.2,18,18,11.3,13.9,3.18,0,2,11.1,61.1,11,3,15.4,18,2,0.38,10,92.9,0,0,18,55.6,0.0,131.3,0.0,0,0,0,0,2,0,0.0,178,9.9,86.8,38,38,23.9,4.6,2.39,0,0,0.0,84.2,32,5,3.0,38,1,0.49,12,65.0,0,0,38,73.7,0.0,101.9,0.0,0,0,0,0,0,1,2.6,321,8.4,0,46.2,13,13,8.2,30.8,2.92,0,2,13.3,38.5,5,1,16.7,13,1,0.82,5,63.6,0,0,15,38.5,0.0,119.6,0.0,0,0,0,0,4,1,6.7,143,11.0,266,87.5,8,8,5.0,-3.9,2.0,0,0,0.0,87.5,7,1,0.0,8,0,-0.8,2,31.0,0,1,8,37.5,0.0,41.7,0.0,0,0,0,0,0,1,12.5,28,3.5,50.0,6,6,3.8,28.7,3.05,0,0,0.0,33.3,2,1,33.3,6,1,0.9,2,51.6,0,0,7,33.3,0.0,120.1,0.0,0,0,0,0,2,0,0.0,73,12.2,47.4,19,19,11.9,14.3,3.05,0,0,0.0,47.4,9,3,0.0,19,0,0.01,9,57.5,0,1,19,47.4,0.0,70.7,0.0,0,0,0,0,1,1,5.3,153,8.1,90.9,11,11,6.9,4.9,2.33,0,0,0.0,72.7,8,2,20.0,11,2,0.06,5,62.9,0,0,11,45.5,0.0,87.7,0.0,0,0,0,0,0,0,0.0,66,6.0,56.8,44,44,27.7,14.1,3.03,0,2,4.5,52.3,23,10,8.0,44,2,0.19,22,84.7,0,1,44,50.0,0.0,95.7,0.0,0,0,0,0,3,1,2.3,389,8.8,0,66.7,3,3,1.9,-2.0,1.6,0,0,0.0,66.7,2,0,0.0,3,0,-0.23,0,55.9,0,0,3,0.0,,70.1,0.0,0,0,0,0,0,0,0.0,4,1.3,50.0,4,4,2.5,27.8,2.73,0,2,40.0,50.0,2,0,0.0,4,0,1.18,2,74.0,0,0,5,50.0,,135.4,0.0,0,0,0,0,2,1,20.0,50,12.5,42.9,7,7,4.4,14.3,2.6,0,0,0.0,42.9,3,4,0.0,7,0,0.2,3,75.2,0,0,7,42.9,0.0,72.3,0.0,0,0,0,0,0,0,0.0,58,8.3,68.8,16,16,10.1,4.7,2.76,0,0,0.0,68.8,11,1,0.0,16,0,0.09,5,45.1,0,1,16,62.5,0.0,60.4,0.0,0,0,0,0,0,1,6.3,104,6.5,83.1,65,65,40.9,4.7,2.47,0,0,0.0,78.5,51,8,5.6,65,3,0.32,22,59.1,0,1,65,66.2,0.0,91.7,0.0,0,0,0,0,0,2,3.1,491,7.6
Blake Baker,170448,QB,LA TECH,8,155,185,100.0,35,35,22.6,-3.4,1.77,0,0,0.0,100.0,35,2,0.0,35,0,0.17,10,71.7,0,0,35,45.7,0.0,93.1,0.0,0,0,0,0,0,0,0.0,222,6.3,100.0,28,28,18.1,-3.5,1.75,0,0,0.0,100.0,28,2,0.0,28,0,0.17,9,70.8,0,0,28,46.4,0.0,95.4,0.0,0,0,0,0,0,0,0.0,193,6.9,62.5,8,8,5.2,29.0,3.29,0,1,11.1,62.5,5,3,0.0,8,0,0.6,5,65.2,0,1,9,62.5,0.0,106.3,0.0,0,0,0,0,1,1,11.1,155,19.4,62.1,29,29,18.7,12.8,2.56,0,0,0.0,51.7,15,7,16.7,29,3,0.4,15,80.0,0,0,32,51.7,0.0,101.2,0.0,0,0,0,0,1,1,3.1,310,10.7,91.3,23,23,14.8,3.6,2.14,0,0,0.0,91.3,21,4,0.0,23,0,0.3,7,72.6,0,0,24,60.9,0.0,117.8,0.0,0,0,0,0,1,0,0.0,202,8.8,0,44.4,18,18,11.6,26.2,2.73,0,4,18.2,38.9,7,6,12.5,18,1,0.09,7,64.7,0,2,22,38.9,0.0,64.6,0.0,0,0,0,0,1,3,13.6,221,12.3,208,100.0,2,2,1.3,-4.0,1.4,0,0,0.0,100.0,2,0,0.0,2,0,-0.81,0,62.6,0,0,2,0.0,,79.2,0.0,0,0,0,0,0,0,0.0,1,0.5,25.0,4,4,2.6,24.0,2.55,0,1,20.0,25.0,1,1,0.0,4,0,-0.7,1,53.3,0,1,5,25.0,0.0,13.5,0.0,0,0,0,0,0,1,20.0,25,6.3,71.4,7,7,4.5,10.9,2.17,0,0,0.0,57.1,4,0,20.0,7,1,0.42,4,65.2,0,0,7,57.1,,80.7,0.0,0,0,0,0,0,0,0.0,52,7.4,90.0,10,10,6.5,4.8,1.88,0,0,0.0,80.0,8,0,11.1,10,1,0.1,2,64.3,0,0,11,60.0,,92.9,0.0,0,0,0,0,0,0,0.0,63,6.3,61.2,49,49,31.6,12.7,2.45,0,0,0.0,53.1,26,12,13.3,49,4,0.32,25,74.1,0,1,54,53.1,0.0,98.5,0.0,0,0,0,0,3,1,1.9,474,9.7,0,100.0,5,5,3.2,-2.2,2.02,0,0,0.0,100.0,5,0,0.0,5,0,0.57,1,65.4,0,0,5,60.0,,90.0,0.0,0,0,0,0,0,0,0.0,28,5.6,33.3,6,6,3.9,24.0,2.1,0,2,25.0,16.7,1,2,50.0,6,1,-0.06,1,68.8,0,0,8,16.7,0.0,55.6,0.0,0,0,0,0,0,1,12.5,41,6.8,53.8,13,13,8.4,13.5,2.36,0,0,0.0,53.8,7,5,0.0,13,0,0.1,6,58.2,0,1,15,53.8,0.0,90.4,0.0,0,0,0,0,2,0,0.0,112,8.6,83.3,6,6,3.9,4.0,1.93,0,0,0.0,83.3,5,1,0.0,6,0,-0.08,2,59.6,0,0,6,50.0,0.0,93.1,0.0,0,0,0,0,0,0,0.0,38,6.3,89.7,39,39,25.2,4.0,2.04,0,0,0.0,87.2,34,5,2.9,39,1,0.19,11,70.3,0,0,41,59.0,0.0,107.6,0.0,0,0,0,0,1,0,0.0,303,7.8
Drew Pyne,122910,QB,BOWL GREEN,6,154,182,84.4,32,32,20.8,-3.5,2.05,0,0,0.0,84.4,27,6,0.0,32,0,-0.11,8,62.7,0,0,32,37.5,0.0,85.3,0.0,0,0,0,0,0,0,0.0,143,4.5,81.8,22,22,14.3,-3.5,2.01,0,0,0.0,81.8,18,4,0.0,22,0,-0.22,4,61.7,0,0,22,31.8,0.0,83.9,0.0,0,0,0,0,0,0,0.0,91,4.1,50.0,4,4,2.6,24.0,4.1,0,0,0.0,50.0,2,3,0.0,4,0,-0.11,2,49.9,0,1,4,50.0,0.0,94.8,0.0,0,0,0,0,1,1,25.0,49,12.3,60.0,15,15,9.7,14.7,2.83,0,1,6.7,60.0,9,1,0.0,15,0,0.17,8,52.9,0,2,15,60.0,0.0,57.8,0.0,0,0,0,0,0,3,20.0,163,10.9,72.7,44,44,28.6,3.6,2.21,0,0,0.0,68.2,30,15,6.3,44,2,0.0,9,64.3,0,0,45,47.7,0.0,79.0,0.0,0,0,0,0,0,0,0.0,212,4.8,0,27.3,11,11,7.1,23.2,3.15,0,2,15.4,27.3,3,5,0.0,11,0,-1.12,3,59.7,0,2,13,27.3,0.0,45.5,0.0,0,0,0,0,1,1,7.7,73,6.6,122,100.0,3,3,1.9,-3.0,2.03,0,0,0.0,100.0,3,1,0.0,3,0,0.87,2,63.9,0,0,3,66.7,0.0,106.9,0.0,0,0,0,0,0,0,0.0,29,9.7,25.0,4,4,2.6,21.5,2.65,0,1,25.0,25.0,1,1,0.0,4,0,-2.52,1,70.9,0,1,4,25.0,0.0,12.5,0.0,0,0,0,0,0,0,0.0,24,6.0,66.7,6,6,3.9,14.3,2.53,0,0,0.0,66.7,4,1,0.0,6,0,1.01,3,81.3,0,0,6,66.7,0.0,149.3,0.0,0,0,0,0,1,0,0.0,81,13.5,75.0,8,8,5.2,4.5,2.14,0,0,0.0,62.5,5,1,16.7,8,1,0.24,4,51.7,0,0,8,62.5,0.0,84.9,0.0,0,0,0,0,0,0,0.0,59,7.4,60.0,30,30,19.5,14.5,2.64,0,1,3.2,60.0,18,4,0.0,30,0,0.6,16,65.6,0,2,31,60.0,0.0,104.7,0.0,0,0,0,0,3,3,9.7,339,11.3,0,85.7,7,7,4.5,-3.7,2.19,0,0,0.0,85.7,6,1,0.0,7,0,-0.17,2,60.8,0,0,7,42.9,0.0,80.4,0.0,0,0,0,0,0,0,0.0,23,3.3,0.0,3,3,1.9,24.3,2.57,0,1,20.0,0.0,0,1,,3,0,-0.58,0,58.7,0,0,5,0.0,0.0,39.6,0.0,0,0,0,0,0,0,0.0,0,0.0,55.6,9,9,5.8,14.2,2.41,0,0,0.0,55.6,5,2,0.0,9,0,1.05,5,66.3,0,0,10,55.6,0.0,131.9,0.0,0,0,0,0,2,0,0.0,95,10.6,65.0,20,20,13.0,3.6,2.26,0,0,0.0,55.0,11,5,15.4,20,2,-0.73,2,44.0,0,1,20,20.0,0.0,39.6,0.0,0,0,0,0,0,1,5.0,56,2.8,70.8,72,72,46.8,3.7,2.21,0,0,0.0,63.9,46,21,9.8,72,5,-0.18,15,55.1,0,1,73,41.7,0.0,68.5,0.0,0,0,0,0,0,1,1.4,327,4.5
Grayson James,145214,QB,BOSTON COL,7,154,180,88.9,18,18,11.7,-3.2,1.51,0,0,0.0,88.9,16,0,0.0,18,0,-0.09,3,66.3,0,1,18,55.6,,60.2,0.0,0,0,0,0,0,0,0.0,72,4.0,90.9,11,11,7.1,-3.3,1.45,0,0,0.0,90.9,10,0,0.0,11,0,0.02,1,63.5,0,0,11,45.5,,81.4,0.0,0,0,0,0,0,0,0.0,39,3.5,46.7,15,15,9.7,28.5,3.07,0,3,18.8,46.7,7,5,0.0,15,0,1.14,7,70.6,0,0,16,53.3,0.0,132.6,0.0,0,0,0,0,2,3,18.8,254,16.9,66.7,21,21,13.6,14.3,2.98,0,1,4.8,66.7,14,9,0.0,21,0,1.2,14,73.7,0,1,21,66.7,0.0,127.8,0.0,0,0,0,0,3,3,14.3,254,12.1,80.5,41,41,26.6,3.9,2.51,0,0,0.0,73.2,30,20,9.1,41,3,-0.07,13,57.2,0,2,43,58.5,0.0,67.3,0.0,0,0,0,0,0,1,2.3,242,5.9,0,36.4,33,33,21.4,29.5,3.04,0,4,11.4,36.4,12,10,0.0,33,0,0.58,12,64.8,0,0,35,39.4,0.0,112.6,0.0,0,0,0,0,3,6,17.1,395,12.0,121,66.7,3,3,1.9,-3.0,1.53,0,0,0.0,66.7,2,0,0.0,3,0,-1.06,0,63.9,0,1,3,66.7,,36.1,0.0,0,0,0,0,0,0,0.0,13,4.3,27.3,11,11,7.1,30.7,3.0,0,1,9.1,27.3,3,3,0.0,11,0,0.2,3,64.4,0,0,11,27.3,0.0,84.7,0.0,0,0,0,0,1,1,9.1,72,6.5,50.0,10,10,6.5,14.7,2.5,0,0,0.0,50.0,5,3,0.0,10,0,0.37,5,66.6,0,1,12,50.0,0.0,81.3,0.0,0,0,0,0,1,1,8.3,105,10.5,60.0,5,5,3.2,3.4,3.26,0,0,0.0,60.0,3,3,0.0,5,0,-0.46,0,66.8,0,0,5,40.0,0.0,67.1,0.0,0,0,0,0,0,0,0.0,18,3.6,57.9,38,38,24.7,14.9,2.78,0,1,2.5,57.9,22,14,0.0,38,0,0.77,22,70.7,0,2,40,57.9,0.0,112.0,0.0,0,0,0,0,4,5,12.5,442,11.6,0,100.0,4,4,2.6,-3.0,1.65,0,0,0.0,100.0,4,0,0.0,4,0,0.34,2,64.8,0,0,4,75.0,,87.5,0.0,0,0,0,0,0,0,0.0,20,5.0,28.6,7,7,4.5,29.7,3.03,0,0,0.0,28.6,2,2,0.0,7,0,-0.03,2,51.3,0,0,8,28.6,0.0,68.2,0.0,0,0,0,0,0,2,25.0,69,9.9,42.9,7,7,4.5,17.0,2.59,0,0,0.0,42.9,3,2,0.0,7,0,0.07,3,57.8,0,0,7,42.9,0.0,87.2,0.0,0,0,0,0,0,1,14.3,83,11.9,57.1,7,7,4.5,5.9,2.63,0,0,0.0,57.1,4,3,0.0,7,0,-0.64,1,44.7,0,0,7,42.9,0.0,65.8,0.0,0,0,0,0,0,0,0.0,27,3.9,75.5,53,53,34.4,4.1,2.6,0,0,0.0,69.8,37,26,7.5,53,3,-0.18,14,54.8,0,2,55,54.7,0.0,67.1,0.0,0,0,0,0,0,1,1.8,287,5.4
Jeff Sims,122496,QB,ARIZONA ST,7,150,174,88.0,25,25,16.7,-3.9,1.81,0,0,0.0,88.0,22,3,0.0,25,0,-0.21,4,62.6,0,0,25,28.0,0.0,79.2,0.0,0,0,0,0,0,0,0.0,69,2.8,88.9,18,18,12.0,-4.1,1.84,0,0,0.0,88.9,16,3,0.0,18,0,0.19,4,62.8,0,0,18,38.9,0.0,83.6,0.0,0,0,0,0,0,0,0.0,73,4.1,37.5,8,8,5.3,31.4,3.3,0,1,12.5,25.0,2,2,33.3,8,1,-0.2,2,50.0,0,2,8,25.0,0.0,18.2,0.0,0,0,0,0,0,2,25.0,59,7.4,62.5,24,24,16.0,14.4,2.78,0,0,0.0,54.2,13,6,13.3,24,2,0.59,11,71.4,0,1,25,50.0,0.0,96.0,0.0,0,0,0,0,2,3,12.0,221,9.2,75.7,37,37,24.7,4.6,2.02,0,0,0.0,67.6,25,6,10.7,37,3,0.28,13,70.0,0,0,38,54.1,0.0,127.5,0.0,0,0,0,0,4,0,0.0,294,7.9,0,28.6,28,28,18.7,27.6,3.02,0,7,23.3,21.4,6,9,25.0,28,2,-0.03,6,71.0,0,2,30,21.4,0.0,36.5,0.0,0,0,0,0,1,2,6.7,183,6.5,110,100.0,2,2,1.3,-1.5,1.4,0,0,0.0,100.0,2,0,0.0,2,0,-0.51,0,62.7,0,0,2,0.0,,79.2,0.0,0,0,0,0,0,0,0.0,6,3.0,27.3,11,11,7.3,26.3,2.93,0,3,25.0,18.2,2,5,33.3,11,1,-0.44,2,75.6,0,0,12,18.2,0.0,45.6,0.0,0,0,0,0,0,0,0.0,49,4.5,42.9,7,7,4.7,14.6,2.34,0,0,0.0,28.6,2,2,33.3,7,1,-0.64,2,43.0,0,1,8,28.6,0.0,0.6,0.0,0,0,0,0,0,1,12.5,22,3.1,87.5,8,8,5.3,5.5,2.33,0,0,0.0,75.0,6,4,14.3,8,1,0.29,2,62.7,0,0,8,50.0,0.0,87.5,0.0,0,0,0,0,0,0,0.0,44,5.5,51.4,37,37,24.7,14.1,2.64,0,0,0.0,43.2,16,9,15.8,37,3,0.16,14,55.7,0,3,39,40.5,0.0,51.2,0.0,0,0,0,0,2,5,12.8,256,6.9,0,80.0,5,5,3.3,-4.0,1.86,0,0,0.0,80.0,4,0,0.0,5,0,-1.55,0,58.8,0,0,5,0.0,,79.2,0.0,0,0,0,0,0,0,0.0,-10,-2.0,22.2,9,9,6.0,25.8,2.89,0,3,30.0,22.2,2,2,0.0,9,0,0.61,2,74.9,0,0,10,22.2,0.0,98.8,0.0,0,0,0,0,1,0,0.0,75,8.3,16.7,6,6,4.0,12.3,2.47,0,0,0.0,16.7,1,1,0.0,6,0,-0.62,1,35.2,0,1,6,16.7,0.0,0.0,0.0,0,0,0,0,0,1,16.7,13,2.2,37.5,8,8,5.3,4.3,2.48,0,0,0.0,37.5,3,1,0.0,8,0,-0.84,1,48.3,0,0,10,37.5,0.0,54.2,0.0,0,0,0,0,0,0,0.0,40,5.0,71.7,53,53,35.3,4.7,2.14,0,0,0.0,64.2,34,11,10.5,53,4,0.11,16,64.5,0,0,56,50.9,0.0,110.4,0.0,0,0,0,0,4,0,0.0,378,7.1
Steve Angeli,156966,QB,SYRACUSE,4,156,174,100.0,10,10,6.4,-3.0,1.45,0,0,0.0,100.0,10,1,0.0,10,0,0.26,2,67.0,0,0,11,50.0,0.0,96.7,0.0,0,0,0,0,0,0,0.0,72,7.2,100.0,9,9,5.8,-3.1,1.47,0,0,0.0,100.0,9,1,0.0,9,0,0.3,2,66.7,0,0,10,55.6,0.0,99.5,0.0,0,0,0,0,0,0,0.0,71,7.9,75.0,8,8,5.1,28.9,2.95,0,4,44.4,75.0,6,3,0.0,8,0,2.67,6,94.1,0,0,9,75.0,0.0,156.3,0.0,0,0,0,0,1,1,11.1,219,27.4,75.0,16,16,10.3,13.1,2.27,0,0,0.0,62.5,10,4,16.7,16,2,0.77,10,82.3,0,0,18,62.5,0.0,102.9,0.0,0,0,0,0,0,1,5.6,187,11.7,85.1,47,47,30.1,4.1,2.24,0,0,0.0,80.9,38,12,5.0,47,2,0.51,17,69.7,0,1,48,66.0,0.0,97.4,0.0,0,0,0,0,1,0,0.0,367,7.8,0,51.9,27,27,17.3,25.7,2.65,0,8,26.7,48.1,13,8,7.1,27,1,1.26,13,93.1,0,0,30,48.1,0.0,133.9,0.0,0,0,0,0,5,1,3.3,436,16.1,304,,0,0,0.0,,,0,0,,,0,0,,0,0,0.0,0,,0,0,0,,,0.0,,0,0,0,0,0,0,,0,,33.3,3,3,1.9,29.0,2.4,0,0,0.0,33.3,1,1,0.0,3,0,0.54,1,56.3,0,0,5,33.3,0.0,118.1,0.0,0,0,0,0,1,0,0.0,35,11.7,57.1,7,7,4.5,15.4,2.57,0,1,14.3,57.1,4,3,0.0,7,0,0.28,4,80.9,0,0,7,57.1,0.0,88.4,0.0,0,0,0,0,0,0,0.0,65,9.3,100.0,9,9,5.8,5.7,1.84,0,0,0.0,77.8,7,0,22.2,9,2,0.32,4,61.0,0,0,9,66.7,,90.3,0.0,0,0,0,0,0,0,0.0,51,5.7,65.5,29,29,18.6,14.4,2.33,0,1,3.1,58.6,17,9,10.5,29,2,0.54,17,76.8,0,1,32,58.6,0.0,104.1,0.0,0,0,0,0,2,2,6.3,310,10.7,0,100.0,1,1,0.6,-2.0,1.3,0,0,0.0,100.0,1,0,0.0,1,0,-0.12,0,60.4,0,0,1,0.0,,79.2,0.0,0,0,0,0,0,0,0.0,1,1.0,43.8,16,16,10.3,23.4,2.55,0,4,25.0,37.5,6,4,14.3,16,1,0.7,6,91.7,0,0,16,37.5,0.0,120.3,0.0,0,0,0,0,3,0,0.0,182,11.4,50.0,6,6,3.8,16.5,2.22,0,0,0.0,50.0,3,2,0.0,6,0,0.26,3,45.0,0,1,7,50.0,0.0,84.0,0.0,0,0,0,0,2,1,14.3,58,9.7,75.0,20,20,12.8,4.6,2.16,0,0,0.0,65.0,13,5,13.3,20,2,0.04,6,56.4,0,0,20,45.0,0.0,106.5,0.0,0,0,0,0,2,0,0.0,81,4.1,84.2,76,76,48.7,4.4,2.17,0,0,0.0,76.3,58,17,9.4,76,6,0.37,27,65.4,0,1,77,60.5,0.0,100.7,0.0,0,0,0,0,3,0,0.0,499,6.6
Ethan Grunkemeyer,183606,QB,PENN STATE,9,145,172,96.4,55,55,37.9,-2.4,1.8,0,0,0.0,90.9,50,10,5.7,55,3,0.25,19,72.8,0,0,56,50.9,0.0,108.0,0.0,0,0,0,0,3,0,0.0,306,5.6,95.7,46,46,31.7,-2.5,1.77,0,0,0.0,89.1,41,8,6.8,46,3,0.23,16,72.5,0,0,47,47.8,0.0,113.2,0.0,0,0,0,0,3,0,0.0,274,6.0,40.0,10,10,6.9,34.6,3.3,0,3,25.0,40.0,4,4,0.0,10,0,0.95,4,74.3,0,0,12,40.0,0.0,120.8,0.0,0,0,0,0,1,1,8.3,146,14.6,70.6,17,17,11.7,15.9,3.31,0,0,0.0,64.7,11,6,8.3,17,1,0.65,10,83.3,0,1,19,64.7,0.0,103.2,0.0,0,0,0,0,1,1,5.3,235,13.8,77.3,22,22,15.2,2.9,2.32,0,0,0.0,72.7,16,8,5.9,22,1,0.35,10,59.9,0,1,22,68.2,0.0,65.7,0.0,0,0,0,0,0,0,0.0,116,5.3,0,38.9,18,18,12.4,31.1,3.22,0,4,17.4,33.3,6,5,14.3,18,1,0.46,6,74.6,0,1,23,33.3,0.0,70.8,0.0,0,0,0,0,1,1,4.3,197,10.9,266,100.0,3,3,2.1,-1.7,1.7,0,0,0.0,100.0,3,0,0.0,3,0,0.71,2,63.3,0,0,3,66.7,,81.9,0.0,0,0,0,0,0,0,0.0,11,3.7,40.0,5,5,3.4,27.4,2.8,0,1,20.0,20.0,1,0,50.0,5,1,-0.19,1,79.1,0,1,5,20.0,,6.7,0.0,0,0,0,0,0,0,0.0,23,4.6,50.0,6,6,4.1,15.2,2.58,0,0,0.0,50.0,3,1,0.0,6,0,1.27,3,56.6,0,1,6,50.0,0.0,95.8,0.0,0,0,0,0,1,1,16.7,91,15.2,100.0,4,4,2.8,5.3,1.78,0,0,0.0,100.0,4,0,0.0,4,0,0.52,2,63.7,0,0,4,75.0,,100.0,0.0,0,0,0,0,0,0,0.0,32,8.0,64.3,28,28,19.3,15.8,3.12,0,0,0.0,60.7,17,10,5.6,28,1,0.66,16,74.8,0,2,30,57.1,0.0,98.8,0.0,0,0,0,0,2,2,6.7,397,14.2,0,100.0,6,6,4.1,-1.8,2.15,0,0,0.0,100.0,6,2,0.0,6,0,0.15,1,65.3,0,0,6,66.7,0.0,81.3,0.0,0,0,0,0,0,0,0.0,21,3.5,33.3,3,3,2.1,25.3,3.67,0,0,0.0,33.3,1,1,0.0,3,0,-0.12,1,56.4,0,0,6,33.3,0.0,68.8,0.0,0,0,0,0,0,0,0.0,28,9.3,60.0,5,5,3.4,15.8,3.14,0,0,0.0,60.0,3,3,0.0,5,0,-0.05,3,57.2,0,0,5,40.0,0.0,104.2,0.0,0,0,0,0,0,0,0.0,71,14.2,100.0,7,7,4.8,2.0,2.79,0,0,0.0,100.0,7,1,0.0,7,0,0.33,2,68.9,0,0,7,71.4,0.0,85.1,0.0,0,0,0,0,0,0,0.0,31,4.4,84.8,33,33,22.8,3.0,2.35,0,0,0.0,81.8,27,9,3.6,33,1,0.37,14,64.2,0,1,33,69.7,0.0,76.6,0.0,0,0,0,0,0,0,0.0,179,5.4
Blake Horvath,162555,QB,NAVY,11,146,172,92.0,25,25,17.1,-2.6,1.72,0,0,0.0,92.0,23,2,0.0,25,0,0.21,10,65.3,0,0,25,56.0,0.0,90.3,0.0,0,0,0,0,0,0,0.0,142,5.7,89.5,19,19,13.0,-2.6,1.64,0,0,0.0,89.5,17,2,0.0,19,0,0.38,9,63.4,0,0,19,63.2,0.0,94.1,0.0,0,0,0,0,0,0,0.0,125,6.6,63.2,19,19,13.0,29.1,2.8,0,7,33.3,63.2,12,8,0.0,19,0,1.86,12,94.7,0,0,21,63.2,0.0,146.4,0.0,0,0,0,0,5,0,0.0,529,27.8,78.6,14,14,9.6,15.4,2.79,0,0,0.0,78.6,11,5,0.0,14,0,1.27,11,71.0,0,2,14,78.6,0.0,118.8,0.0,0,0,0,0,3,2,14.3,199,14.2,71.4,21,21,14.4,4.7,2.45,0,0,0.0,61.9,13,7,13.3,21,2,0.22,6,64.3,0,1,21,52.4,0.0,99.5,0.0,0,0,0,0,2,0,0.0,171,8.1,0,48.6,37,37,25.3,27.8,2.83,0,11,26.8,45.9,17,14,5.6,37,1,1.13,17,91.2,0,1,41,45.9,0.0,120.8,0.0,0,0,0,0,5,1,2.4,707,19.1,237,100.0,3,3,2.1,-2.7,1.57,0,0,0.0,100.0,3,0,0.0,3,0,-0.34,0,63.9,0,0,3,33.3,,79.2,0.0,0,0,0,0,0,0,0.0,9,3.0,16.7,6,6,4.1,27.3,3.02,0,0,0.0,16.7,1,1,0.0,6,0,0.15,1,48.6,0,0,6,16.7,0.0,51.4,0.0,0,0,0,0,0,0,0.0,35,5.8,37.5,8,8,5.5,14.4,2.49,0,0,0.0,37.5,3,1,0.0,8,0,-0.04,3,39.1,0,1,8,37.5,0.0,28.1,0.0,0,0,0,0,0,1,12.5,66,8.3,87.5,8,8,5.5,6.1,2.11,0,0,0.0,87.5,7,4,0.0,8,0,1.03,5,84.2,0,0,8,87.5,0.0,101.6,0.0,0,0,0,0,0,0,0.0,67,8.4,56.7,30,30,20.5,15.0,2.71,0,1,3.2,56.7,17,7,0.0,30,0,0.57,17,56.6,0,4,31,56.7,0.0,87.6,0.0,0,0,0,0,3,4,12.9,321,10.7,0,100.0,3,3,2.1,-2.3,2.33,0,0,0.0,100.0,3,0,0.0,3,0,-0.32,1,63.9,0,0,3,33.3,,79.2,0.0,0,0,0,0,0,0,0.0,8,2.7,41.7,12,12,8.2,26.1,2.78,0,4,28.6,33.3,4,5,20.0,12,1,0.47,4,74.5,0,1,14,33.3,0.0,44.8,0.0,0,0,0,0,0,1,7.1,143,11.9,37.5,8,8,5.5,14.8,2.79,0,1,11.1,37.5,3,1,0.0,8,0,-0.03,3,56.6,0,1,9,37.5,0.0,22.9,0.0,0,0,0,0,0,1,11.1,56,7.0,75.0,16,16,11.0,4.1,2.13,0,0,0.0,68.8,11,2,8.3,16,1,0.01,3,66.9,0,0,17,37.5,0.0,76.0,0.0,0,0,0,0,0,0,0.0,64,4.0,75.6,45,45,30.8,4.7,2.28,0,0,0.0,68.9,31,13,8.8,45,3,0.29,14,73.7,0,1,46,53.3,0.0,93.0,0.0,0,0,0,0,2,0,0.0,302,6.7
Josh Holst,171312,QB,N ILLINOIS,7,130,167,89.3,28,28,21.5,-2.2,1.67,0,0,0.0,82.1,23,4,8.0,28,2,-0.07,6,63.7,0,0,28,39.3,0.0,97.3,0.0,0,0,0,0,1,0,0.0,126,4.5,86.4,22,22,16.9,-2.3,1.59,0,0,0.0,81.8,18,3,5.3,22,1,-0.01,6,61.7,0,0,22,40.9,0.0,102.3,0.0,0,0,0,0,1,0,0.0,108,4.9,25.0,4,4,3.1,34.3,2.65,0,1,25.0,25.0,1,3,0.0,4,0,0.0,1,63.8,0,0,4,25.0,0.0,50.0,0.0,0,0,0,0,0,0,0.0,22,5.5,50.0,12,12,9.2,14.3,2.57,0,0,0.0,50.0,6,4,0.0,12,0,0.46,6,67.2,0,0,12,50.0,0.0,80.2,0.0,0,0,0,0,0,0,0.0,105,8.8,80.8,26,26,20.0,1.9,2.34,0,0,0.0,80.8,21,8,0.0,26,0,0.01,9,56.0,0,0,28,46.2,0.0,88.9,0.0,0,0,0,0,0,0,0.0,139,5.3,0,23.5,17,17,13.1,30.9,2.85,0,4,22.2,23.5,4,6,0.0,17,0,-0.28,4,49.6,0,2,18,23.5,0.0,60.3,0.0,0,0,0,0,2,2,11.1,137,8.1,254,100.0,4,4,3.1,-1.0,1.93,0,0,0.0,75.0,3,1,25.0,4,1,-0.64,0,64.7,0,0,4,0.0,0.0,77.1,0.0,0,0,0,0,0,0,0.0,4,1.0,0.0,8,8,6.2,30.3,2.94,0,0,0.0,0.0,0,1,,8,0,-1.96,0,25.0,0,2,9,0.0,0.0,0.0,0.0,0,0,0,0,0,2,22.2,0,0.0,0.0,5,5,3.8,15.4,3.0,0,0,0.0,0.0,0,0,,5,0,-1.35,0,27.7,0,0,5,0.0,,39.6,0.0,0,0,0,0,0,1,20.0,0,0.0,71.4,14,14,10.8,4.0,2.44,0,0,0.0,71.4,10,3,0.0,14,0,0.03,4,65.9,0,0,15,35.7,0.0,83.6,0.0,0,0,0,0,0,0,0.0,74,5.3,47.8,23,23,17.7,13.9,2.52,0,1,4.3,47.8,11,6,0.0,23,0,0.06,10,51.0,0,1,23,47.8,0.0,67.8,0.0,0,0,0,0,1,2,8.7,163,7.1,0,100.0,2,2,1.5,-3.0,2.0,0,0,0.0,100.0,2,0,0.0,2,0,0.44,0,62.7,0,0,2,100.0,,95.8,0.0,0,0,0,0,0,0,0.0,14,7.0,60.0,5,5,3.8,29.2,2.86,0,3,60.0,60.0,3,2,0.0,5,0,2.17,3,94.1,0,0,5,60.0,0.0,143.8,0.0,0,0,0,0,2,0,0.0,115,23.0,83.3,6,6,4.6,11.8,2.02,0,1,16.7,83.3,5,2,0.0,6,0,0.45,4,62.0,0,1,6,83.3,0.0,106.9,0.0,0,0,0,0,1,1,16.7,58,9.7,81.8,11,11,8.5,4.3,2.16,0,0,0.0,72.7,8,3,11.1,11,1,0.04,4,56.6,0,0,12,54.5,0.0,80.9,0.0,0,0,0,0,0,0,0.0,48,4.4,78.4,51,51,39.2,3.0,2.33,0,0,0.0,76.5,39,14,2.5,51,1,0.02,17,58.6,0,0,55,45.1,0.0,87.1,0.0,0,0,0,0,0,0,0.0,261,5.1
Roman Gagliano,183961,QB,MIDDLE TN,5,137,161,81.3,16,16,11.7,-2.9,1.75,0,0,0.0,68.8,11,1,15.4,16,2,-0.36,3,58.5,0,0,16,37.5,0.0,76.8,0.0,0,0,0,0,0,0,0.0,67,4.2,83.3,12,12,8.8,-2.8,1.75,0,0,0.0,83.3,10,1,0.0,12,0,-0.24,3,59.6,0,0,12,41.7,0.0,87.2,0.0,0,0,0,0,0,0,0.0,59,4.9,40.0,10,10,7.3,31.0,3.35,0,2,18.2,30.0,3,4,25.0,10,1,0.83,3,77.8,0,0,11,30.0,0.0,118.8,0.0,0,0,0,0,2,0,0.0,152,15.2,56.3,16,16,11.7,14.6,2.74,0,1,5.6,56.3,9,3,0.0,16,0,0.99,9,82.4,0,0,18,56.3,0.0,131.8,0.0,0,0,0,0,2,1,5.6,166,10.4,91.7,36,36,26.3,4.3,2.19,0,0,0.0,83.3,30,7,9.1,36,3,0.16,13,82.4,0,0,37,58.3,0.0,102.9,0.0,0,0,0,0,1,1,2.7,233,6.5,0,50.0,26,26,19.0,30.3,2.92,0,8,25.8,42.3,11,12,15.4,26,2,0.86,11,91.9,0,0,31,42.3,0.0,127.9,0.0,0,0,0,0,3,0,0.0,390,15.0,224,100.0,1,1,0.7,-1.0,1.4,0,0,0.0,100.0,1,0,0.0,1,0,0.31,0,60.6,0,0,1,100.0,,100.0,0.0,0,0,0,0,0,0,0.0,8,8.0,60.0,5,5,3.6,24.6,3.16,0,2,40.0,60.0,3,3,0.0,5,0,0.87,3,90.8,0,0,5,60.0,0.0,143.8,0.0,0,0,0,0,1,0,0.0,69,13.8,40.0,5,5,3.6,15.4,2.52,0,0,0.0,40.0,2,0,0.0,5,0,0.72,2,56.5,0,0,5,40.0,,104.2,0.0,0,0,0,0,1,0,0.0,35,7.0,75.0,12,12,8.8,4.9,2.53,0,0,0.0,58.3,7,3,22.2,12,2,-0.22,0,60.5,0,0,13,33.3,0.0,67.0,0.0,0,0,0,0,0,0,0.0,47,3.9,51.9,27,27,19.7,14.4,2.61,0,1,3.4,48.1,13,4,7.1,27,1,0.71,12,72.6,0,0,29,48.1,0.0,114.6,0.0,0,0,0,0,3,1,3.4,229,8.5,0,66.7,3,3,2.2,-3.7,1.87,0,0,0.0,0.0,0,0,100.0,3,2,-1.05,0,56.1,0,0,3,0.0,,39.6,0.0,0,0,0,0,0,0,0.0,0,0.0,54.5,11,11,8.0,32.3,2.41,0,4,26.7,45.5,5,5,16.7,11,1,0.88,5,90.6,0,0,15,45.5,0.0,92.0,0.0,0,0,0,0,0,0,0.0,169,15.4,50.0,6,6,4.4,13.3,2.33,0,0,0.0,33.3,2,1,33.3,6,1,-0.08,1,53.7,0,0,6,33.3,0.0,49.3,0.0,0,0,0,0,0,0,0.0,28,4.7,63.6,11,11,8.0,5.3,2.23,0,0,0.0,54.5,6,2,14.3,11,1,0.19,4,77.0,0,0,12,36.4,0.0,60.4,0.0,0,0,0,0,0,0,0.0,34,3.1,83.1,59,59,43.1,4.6,2.26,0,0,0.0,72.9,43,12,12.2,59,6,0.09,17,80.9,0,0,62,49.2,0.0,90.6,0.0,0,0,0,0,1,1,1.6,314,5.3
Ashton Daniels,157259,QB,AUBURN,4,122,154,100.0,11,11,9.0,-3.6,1.78,0,0,0.0,100.0,11,0,0.0,11,0,-0.09,2,67.7,0,0,11,36.4,,94.7,0.0,0,0,0,0,0,0,0.0,74,6.7,100.0,7,7,5.7,-4.0,1.53,0,0,0.0,100.0,7,0,0.0,7,0,0.17,2,66.3,0,0,7,42.9,,104.2,0.0,0,0,0,0,0,0,0.0,63,9.0,50.0,4,4,3.3,34.5,3.28,0,0,0.0,50.0,2,2,0.0,4,0,1.03,2,42.7,0,0,4,50.0,0.0,95.8,0.0,0,0,0,0,0,1,25.0,69,17.3,75.0,12,12,9.8,13.5,3.08,0,0,0.0,75.0,9,4,0.0,12,0,0.83,9,84.5,0,0,14,75.0,0.0,141.3,0.0,0,0,0,0,1,0,0.0,141,11.8,87.2,47,47,38.5,4.7,2.17,0,0,0.0,76.6,36,12,12.2,47,5,0.22,21,71.0,0,1,48,66.0,0.0,88.3,0.0,0,0,0,0,0,1,2.1,352,7.5,0,43.8,16,16,13.1,32.3,3.09,0,4,22.2,31.3,5,9,28.6,16,2,0.73,5,67.1,0,1,18,31.3,0.0,90.6,0.0,0,0,0,0,2,3,16.7,188,11.8,115,100.0,2,2,1.6,-2.5,1.35,0,0,0.0,100.0,2,0,0.0,2,0,-0.75,0,62.7,0,0,2,0.0,,79.2,0.0,0,0,0,0,0,0,0.0,5,2.5,37.5,8,8,6.6,31.3,2.58,0,2,22.2,25.0,2,4,33.3,8,1,0.32,2,67.8,0,0,9,25.0,0.0,95.3,0.0,0,0,0,0,1,1,11.1,55,6.9,0.0,4,4,3.3,13.8,3.2,0,0,0.0,0.0,0,1,,4,0,-0.62,0,28.9,0,0,4,0.0,0.0,39.6,0.0,0,0,0,0,0,0,0.0,0,0.0,40.0,5,5,4.1,6.8,2.04,0,0,0.0,0.0,0,1,100.0,5,2,-0.73,0,50.2,0,0,6,0.0,0.0,39.6,0.0,0,0,0,0,0,0,0.0,0,0.0,56.3,16,16,13.1,13.6,3.11,0,0,0.0,56.3,9,5,0.0,16,0,0.46,9,70.4,0,0,19,56.3,0.0,106.5,0.0,0,0,0,0,1,0,0.0,141,8.8,0,100.0,2,2,1.6,-3.5,3.1,0,0,0.0,100.0,2,0,0.0,2,0,-0.32,0,62.6,0,0,2,50.0,,79.2,0.0,0,0,0,0,0,0,0.0,6,3.0,50.0,4,4,3.3,32.3,3.95,0,2,40.0,25.0,1,3,50.0,4,1,1.25,1,80.3,0,1,5,25.0,0.0,79.2,0.0,0,0,0,0,1,1,20.0,64,16.0,,0,0,0.0,,,0,0,0.0,,0,0,,0,0,0.0,0,73.1,0,0,1,,,0.0,,0,0,0,0,0,0,0.0,0,,63.6,11,11,9.0,5.8,3.02,0,0,0.0,63.6,7,3,0.0,11,0,-0.09,2,66.1,0,0,11,36.4,0.0,71.0,0.0,0,0,0,0,0,0,0.0,42,3.8,79.4,63,63,51.6,5.0,2.31,0,0,0.0,68.3,43,16,14.0,63,7,0.09,23,68.3,0,1,65,55.6,0.0,78.4,0.0,0,0,0,0,0,1,1.5,394,6.3
Landyn Locke,199937,QB,SM HOUSTON,6,143,154,93.3,15,15,10.5,-3.3,1.93,0,0,0.0,86.7,13,0,7.1,15,1,-0.67,2,45.0,0,1,15,20.0,,73.9,0.0,0,0,0,0,1,1,6.7,46,3.1,90.9,11,11,7.7,-3.4,1.83,0,0,0.0,81.8,9,0,10.0,11,1,-0.51,2,38.9,0,1,11,27.3,,76.1,0.0,0,0,0,0,1,1,9.1,45,4.1,16.7,6,6,4.2,37.0,3.17,0,0,0.0,16.7,1,1,0.0,6,0,-1.04,1,41.8,0,1,7,16.7,0.0,4.2,0.0,0,0,0,0,0,1,14.3,24,4.0,57.9,19,19,13.3,13.7,2.59,0,0,0.0,52.6,10,3,9.1,19,1,0.19,10,39.7,0,2,19,57.9,0.0,41.0,0.0,0,0,0,0,0,3,15.8,158,8.3,73.7,38,38,26.6,5.4,2.43,0,0,0.0,63.2,24,7,14.3,38,4,0.12,14,48.9,0,0,40,63.2,0.0,82.7,0.0,0,0,0,0,0,3,7.5,255,6.7,0,13.6,22,22,15.4,34.1,2.75,0,3,12.0,13.6,3,2,0.0,22,0,-0.69,3,48.9,0,1,25,13.6,0.0,43.9,0.0,0,0,0,0,1,1,4.0,109,5.0,281,100.0,3,3,2.1,-2.3,2.07,0,0,0.0,100.0,3,0,0.0,3,0,-1.25,0,63.9,0,0,3,0.0,,79.2,0.0,0,0,0,0,0,0,0.0,-1,-0.3,0.0,7,7,4.9,31.0,2.43,0,0,0.0,0.0,0,1,,7,0,-1.58,0,40.3,0,0,9,0.0,0.0,39.6,0.0,0,0,0,0,0,0,0.0,0,0.0,50.0,4,4,2.8,15.8,3.28,0,1,25.0,50.0,2,1,0.0,4,0,0.59,2,72.6,0,0,4,50.0,0.0,81.3,0.0,0,0,0,0,0,0,0.0,36,9.0,66.7,9,9,6.3,5.1,2.53,0,0,0.0,66.7,6,3,0.0,9,0,-0.21,1,56.4,0,0,9,44.4,0.0,77.1,0.0,0,0,0,0,0,0,0.0,42,4.7,55.6,27,27,18.9,14.2,2.76,0,1,3.7,51.9,14,5,6.7,27,1,0.3,14,47.8,0,2,27,55.6,0.0,59.2,0.0,0,0,0,0,1,3,11.1,210,7.8,0,100.0,1,1,0.7,-6.0,2.6,0,0,0.0,100.0,1,0,0.0,1,0,-0.65,0,60.6,0,0,1,0.0,,79.2,0.0,0,0,0,0,0,0,0.0,2,2.0,22.2,9,9,6.3,34.6,2.71,0,3,33.3,22.2,2,0,0.0,9,0,0.23,2,72.8,0,0,9,22.2,,103.5,0.0,0,0,0,0,1,0,0.0,85,9.4,50.0,4,4,2.8,14.8,3.05,0,0,0.0,50.0,2,1,0.0,4,0,0.51,2,59.9,0,0,4,50.0,0.0,100.0,0.0,0,0,0,0,1,0,0.0,16,4.0,82.4,17,17,11.9,4.3,2.59,0,0,0.0,64.7,11,4,21.4,17,3,0.28,7,73.8,0,0,18,47.1,0.0,100.9,0.0,0,0,0,0,1,0,0.0,103,6.1,75.0,64,64,44.8,5.1,2.49,0,0,0.0,64.1,41,14,14.6,64,7,0.11,22,56.6,0,0,67,56.3,0.0,86.7,0.0,0,0,0,0,1,3,4.5,400,6.3
Max Cutforth,176220,QB,BOISE ST,8,140,153,100.0,16,16,11.4,-3.7,1.9,0,0,0.0,100.0,16,1,0.0,16,0,0.33,4,69.0,0,0,16,68.8,0.0,110.2,0.0,0,0,0,0,1,0,0.0,87,5.4,100.0,10,10,7.1,-3.5,1.66,0,0,0.0,100.0,10,0,0.0,10,0,0.25,3,67.5,0,0,10,60.0,,121.3,0.0,0,0,0,0,1,0,0.0,51,5.1,20.0,5,5,3.6,33.6,3.0,0,1,20.0,20.0,1,2,0.0,5,0,0.53,1,68.9,0,0,5,20.0,0.0,118.8,0.0,0,0,0,0,1,0,0.0,66,13.2,71.4,28,28,20.0,13.4,2.99,0,0,0.0,57.1,16,7,20.0,28,4,0.45,15,89.0,0,1,30,57.1,0.0,82.3,0.0,0,0,0,0,1,2,6.7,239,8.5,84.1,44,44,31.4,4.6,2.2,0,0,0.0,70.5,31,2,16.2,44,6,-0.21,7,61.6,0,1,45,50.0,0.0,73.4,0.0,0,0,0,0,0,0,0.0,233,5.3,0,35.7,14,14,10.0,29.4,3.32,0,2,12.5,28.6,4,5,20.0,14,1,0.11,4,69.3,0,0,16,28.6,0.0,96.1,0.0,0,0,0,0,1,1,6.3,152,10.9,120,100.0,3,3,2.1,-5.3,2.57,0,0,0.0,100.0,3,0,0.0,3,0,0.3,0,63.9,0,0,3,100.0,,90.3,0.0,0,0,0,0,0,0,0.0,17,5.7,25.0,4,4,2.9,27.8,2.93,0,0,0.0,0.0,0,1,100.0,4,1,-1.14,0,44.0,0,0,4,0.0,0.0,39.6,0.0,0,0,0,0,0,1,25.0,0,0.0,40.0,5,5,3.6,14.4,2.84,0,0,0.0,40.0,2,0,0.0,5,0,0.53,2,44.7,0,0,5,40.0,,56.3,0.0,0,0,0,0,0,1,20.0,25,5.0,53.8,13,13,9.3,5.3,2.72,0,0,0.0,38.5,5,4,28.6,13,2,-0.24,2,37.8,0,0,13,30.8,0.0,49.5,0.0,0,0,0,0,0,1,7.7,48,3.7,67.6,37,37,26.4,13.9,2.93,0,1,2.4,56.8,21,8,16.0,37,4,0.49,20,81.2,0,1,42,56.8,0.0,83.1,0.0,0,0,0,0,1,3,7.1,319,8.6,0,100.0,3,3,2.1,-2.7,2.03,0,0,0.0,100.0,3,1,0.0,3,0,0.62,1,63.9,0,0,3,66.7,0.0,93.1,0.0,0,0,0,0,0,0,0.0,19,6.3,60.0,5,5,3.6,26.6,3.96,0,1,14.3,60.0,3,2,0.0,5,0,0.69,3,80.3,0,0,7,60.0,0.0,104.2,0.0,0,0,0,0,0,0,0.0,86,17.2,75.0,4,4,2.9,16.3,2.65,0,1,14.3,75.0,3,1,0.0,4,0,0.68,3,67.7,0,0,7,75.0,0.0,116.7,0.0,0,0,0,0,0,0,0.0,55,13.8,71.4,7,7,5.0,3.4,2.4,0,0,0.0,42.9,3,3,40.0,7,2,-0.33,1,29.0,0,0,9,14.3,0.0,50.3,0.0,0,0,0,0,0,1,11.1,16,2.3,76.6,64,64,45.7,4.6,2.33,0,0,0.0,60.9,39,9,20.4,64,10,-0.23,10,46.0,0,1,67,42.2,0.0,65.7,0.0,0,0,0,0,0,2,3.0,297,4.6
Joe Pesansky,149434,QB,FIU,8,129,150,94.4,18,18,14.0,-2.7,1.91,0,0,0.0,94.4,17,1,0.0,18,0,0.1,5,66.0,0,0,18,50.0,0.0,89.1,0.0,0,0,0,0,0,0,0.0,97,5.4,93.3,15,15,11.6,-2.7,1.57,0,0,0.0,93.3,14,0,0.0,15,0,0.14,4,65.3,0,0,15,53.3,,92.5,0.0,0,0,0,0,0,0,0.0,93,6.2,55.6,9,9,7.0,30.4,2.86,0,3,33.3,44.4,4,2,20.0,9,1,1.25,4,92.4,0,0,9,44.4,0.0,130.8,0.0,0,0,0,0,3,0,0.0,169,18.8,71.4,14,14,10.9,12.8,2.48,0,0,0.0,71.4,10,4,0.0,14,0,1.18,9,90.4,0,0,14,71.4,0.0,146.7,0.0,0,0,0,0,2,0,0.0,153,10.9,83.3,30,30,23.3,4.3,2.45,0,0,0.0,76.7,23,8,8.0,30,2,-0.27,11,58.8,0,3,33,60.0,0.0,71.8,0.0,0,0,0,0,2,2,6.1,167,5.6,0,44.0,25,25,19.4,30.0,3.01,0,6,23.1,40.0,10,10,9.1,25,1,0.68,10,90.5,0,1,26,40.0,0.0,110.4,0.0,0,0,0,0,4,0,0.0,322,12.9,166,,0,0,0.0,,,0,0,,,0,0,,0,0,0.0,0,,0,0,0,,,0.0,,0,0,0,0,0,0,,0,,42.9,7,7,5.4,33.6,2.9,0,2,28.6,42.9,3,4,0.0,7,0,0.96,3,76.0,0,0,7,42.9,0.0,124.4,0.0,0,0,0,0,1,0,0.0,79,11.3,0.0,1,1,0.8,16.0,3.8,0,1,50.0,0.0,0,0,,1,0,-0.7,0,77.4,0,0,2,0.0,,39.6,0.0,0,0,0,0,0,0,0.0,0,0.0,85.7,7,7,5.4,6.6,2.29,0,0,0.0,85.7,6,0,0.0,7,0,0.45,2,70.1,0,0,8,85.7,,95.2,0.0,0,0,0,0,0,0,0.0,48,6.9,65.2,23,23,17.8,13.4,2.87,0,2,8.3,60.9,14,7,6.7,23,1,0.53,13,91.6,0,2,24,60.9,0.0,85.4,0.0,0,0,0,0,2,2,8.3,220,9.6,0,100.0,3,3,2.3,-2.3,3.63,0,0,0.0,100.0,3,1,0.0,3,0,-0.14,1,63.2,0,0,3,33.3,0.0,79.2,0.0,0,0,0,0,0,0,0.0,4,1.3,33.3,9,9,7.0,26.8,3.24,0,1,10.0,33.3,3,4,0.0,9,0,-0.12,3,72.6,0,1,10,33.3,0.0,24.5,0.0,0,0,0,0,0,0,0.0,74,8.2,62.5,8,8,6.2,14.1,3.45,0,1,12.5,50.0,4,3,20.0,8,1,-0.44,4,81.9,0,2,8,50.0,0.0,39.1,0.0,0,0,0,0,0,2,25.0,67,8.4,80.0,10,10,7.8,4.5,2.67,0,0,0.0,80.0,8,3,0.0,10,0,0.79,4,77.7,0,0,11,70.0,0.0,125.4,0.0,0,0,0,0,1,0,0.0,61,6.1,83.0,47,47,36.4,4.7,2.47,0,0,0.0,78.7,37,11,5.1,47,2,0.07,17,68.2,0,3,52,66.0,0.0,85.8,0.0,0,0,0,0,3,2,3.8,276,5.9
Michael Van Buren Jr.,184764,QB,LSU,6,126,148,94.6,37,37,29.4,-3.9,1.69,0,0,0.0,89.2,33,1,5.7,37,2,-0.18,4,72.6,0,0,39,35.1,0.0,90.9,0.0,0,0,0,0,1,0,0.0,135,3.6,93.9,33,33,26.2,-3.8,1.61,0,0,0.0,87.9,29,1,6.5,33,2,-0.17,4,72.2,0,0,35,36.4,0.0,92.8,0.0,0,0,0,0,1,0,0.0,127,3.8,0.0,3,3,2.4,29.0,2.4,0,0,0.0,0.0,0,1,,3,0,-0.85,0,31.3,0,0,4,0.0,0.0,39.6,0.0,0,0,0,0,0,1,25.0,0,0.0,63.2,19,19,15.1,14.4,2.78,0,3,15.8,52.6,10,3,16.7,19,2,0.12,9,65.6,0,2,19,52.6,0.0,61.8,0.0,0,0,0,0,1,4,21.1,173,9.1,86.4,22,22,17.5,4.9,2.62,0,0,0.0,68.2,15,6,21.1,22,4,0.26,8,85.9,0,0,22,59.1,0.0,104.9,0.0,0,0,0,0,1,0,0.0,163,7.4,0,40.0,10,10,7.9,28.8,2.73,0,0,0.0,30.0,3,5,25.0,10,1,0.35,3,33.8,0,0,15,30.0,0.0,92.1,0.0,0,0,0,0,1,2,13.3,76,7.6,211,100.0,2,2,1.6,-5.5,2.05,0,0,0.0,100.0,2,0,0.0,2,0,-0.19,0,62.6,0,0,2,50.0,,79.2,0.0,0,0,0,0,0,0,0.0,4,2.0,50.0,6,6,4.8,30.0,2.32,0,0,0.0,33.3,2,3,33.3,6,1,0.59,2,42.1,0,0,9,33.3,0.0,74.3,0.0,0,0,0,0,0,1,11.1,64,10.7,50.0,6,6,4.8,14.0,2.65,0,0,0.0,50.0,3,1,0.0,6,0,0.29,3,65.2,0,0,6,50.0,0.0,82.6,0.0,0,0,0,0,0,0,0.0,56,9.3,100.0,6,6,4.8,4.2,2.1,0,0,0.0,83.3,5,1,16.7,6,1,0.34,3,55.4,0,0,7,66.7,0.0,84.7,0.0,0,0,0,0,0,0,0.0,26,4.3,55.6,36,36,28.6,14.4,2.9,0,3,8.1,50.0,18,7,10.0,36,2,0.05,16,73.7,0,2,37,50.0,0.0,74.3,0.0,0,0,0,0,2,4,10.8,304,8.4,0,100.0,2,2,1.6,-4.5,2.65,0,0,0.0,100.0,2,0,0.0,2,0,-0.38,0,62.6,0,0,2,0.0,,79.2,0.0,0,0,0,0,0,0,0.0,4,2.0,100.0,1,1,0.8,21.0,6.2,0,0,0.0,100.0,1,1,0.0,1,0,2.45,1,57.1,0,0,2,100.0,0.0,156.3,0.0,0,0,0,0,1,0,0.0,12,12.0,45.5,11,11,8.7,14.5,3.24,0,0,0.0,45.5,5,3,0.0,11,0,-0.18,4,79.6,0,0,12,45.5,0.0,98.7,0.0,0,0,0,0,1,0,0.0,75,6.8,83.3,6,6,4.8,4.5,2.13,0,0,0.0,83.3,5,1,0.0,6,0,0.2,3,62.3,0,0,6,50.0,0.0,95.1,0.0,0,0,0,0,0,0,0.0,41,6.8,88.2,34,34,27.0,4.7,2.44,0,0,0.0,73.5,25,8,16.7,34,5,0.27,14,77.9,0,0,35,58.8,0.0,101.3,0.0,0,0,0,0,1,0,0.0,230,6.8
Eli Holstein,172381,QB,PITTSBURGH,7,126,147,100.0,20,20,15.9,-3.0,1.56,0,0,0.0,90.0,18,2,10.0,20,2,-0.37,2,66.4,0,0,20,35.0,0.0,82.9,0.0,0,0,0,0,0,0,0.0,78,3.9,100.0,15,15,11.9,-3.2,1.55,0,0,0.0,93.3,14,1,6.7,15,1,-0.4,2,68.3,0,0,15,33.3,0.0,83.9,0.0,0,0,0,0,0,0,0.0,62,4.1,57.1,7,7,5.6,31.1,3.51,0,3,42.9,57.1,4,4,0.0,7,0,1.91,4,74.9,0,1,7,57.1,0.0,101.8,0.0,0,0,0,0,1,2,28.6,211,30.1,59.1,22,22,17.5,14.7,2.99,0,0,0.0,50.0,11,8,15.4,22,2,0.34,11,63.2,0,2,24,50.0,0.0,88.3,0.0,0,0,0,0,4,2,8.3,226,10.3,75.0,32,32,25.4,4.0,2.26,0,0,0.0,75.0,24,4,0.0,32,0,0.01,11,56.8,0,2,33,46.9,0.0,81.5,0.0,0,0,0,0,1,2,6.1,250,7.8,0,50.0,18,18,14.3,31.7,3.34,0,7,35.0,50.0,9,7,0.0,18,0,1.46,9,73.7,0,1,20,50.0,0.0,112.3,0.0,0,0,0,0,5,3,15.0,386,21.4,268,100.0,5,5,4.0,-2.4,1.56,0,0,0.0,80.0,4,1,20.0,5,1,-0.29,0,58.8,0,0,5,40.0,0.0,80.0,0.0,0,0,0,0,0,0,0.0,16,3.2,33.3,6,6,4.8,28.0,2.87,0,2,33.3,33.3,2,2,0.0,6,0,0.85,2,53.5,0,0,6,33.3,0.0,106.9,0.0,0,0,0,0,2,1,16.7,54,9.0,33.3,6,6,4.8,14.2,2.97,0,0,0.0,33.3,2,2,0.0,6,0,0.01,2,32.1,0,0,6,33.3,0.0,52.1,0.0,0,0,0,0,0,1,16.7,32,5.3,100.0,8,8,6.3,2.1,2.14,0,0,0.0,100.0,8,0,0.0,8,0,0.46,4,63.3,0,0,8,75.0,,133.9,0.0,0,0,0,0,1,0,0.0,53,6.6,52.9,34,34,27.0,14.6,2.96,0,0,0.0,47.1,16,13,11.1,34,2,0.35,16,55.3,0,2,36,47.1,0.0,93.3,0.0,0,0,0,0,5,3,8.3,301,8.9,0,,0,0,0.0,,,0,0,,,0,0,,0,0,0.0,0,,0,0,0,,,0.0,,0,0,0,0,0,0,,0,,60.0,5,5,4.0,37.0,3.66,0,2,28.6,60.0,3,1,0.0,5,0,1.56,3,78.7,0,0,7,60.0,0.0,143.8,0.0,0,0,0,0,2,0,0.0,121,24.2,50.0,6,6,4.8,14.8,2.85,0,0,0.0,50.0,3,3,0.0,6,0,0.73,3,63.8,0,0,6,50.0,0.0,113.2,0.0,0,0,0,0,1,0,0.0,43,7.2,60.0,5,5,4.0,4.2,2.3,0,0,0.0,40.0,2,2,33.3,5,1,-1.63,0,37.4,0,1,5,20.0,0.0,8.3,0.0,0,0,0,0,0,1,20.0,13,2.6,77.8,45,45,35.7,3.7,2.24,0,0,0.0,75.6,34,6,2.9,45,1,-0.09,15,52.9,0,3,46,48.9,0.0,81.3,0.0,0,0,0,0,2,3,6.5,316,7.0
Elijah Brown,183276,QB,STANFORD,6,128,144,100.0,9,9,7.0,-2.6,2.22,0,0,0.0,100.0,9,1,0.0,9,0,0.25,4,66.1,0,0,9,55.6,0.0,101.4,0.0,0,0,0,0,0,0,0.0,75,8.3,100.0,5,5,3.9,-2.4,2.22,0,0,0.0,100.0,5,0,0.0,5,0,-0.28,1,64.7,0,0,5,40.0,,87.5,0.0,0,0,0,0,0,0,0.0,25,5.0,0.0,1,1,0.8,39.0,2.6,0,0,0.0,0.0,0,1,,1,0,-0.37,0,37.2,0,0,2,0.0,0.0,39.6,0.0,0,0,0,0,0,1,50.0,0,0.0,70.0,10,10,7.8,15.4,2.93,0,0,0.0,60.0,6,6,14.3,10,1,0.45,6,58.4,0,1,11,60.0,0.0,97.9,0.0,0,0,0,0,1,1,9.1,126,12.6,66.7,51,51,39.8,4.0,2.14,0,0,0.0,64.7,33,13,2.9,51,1,-0.21,11,54.6,0,0,52,49.0,0.0,76.2,0.0,0,0,0,0,0,3,5.8,247,4.8,0,44.4,18,18,14.1,26.3,2.54,0,5,21.7,38.9,7,7,12.5,18,1,0.67,7,74.6,0,0,23,38.9,0.0,115.5,0.0,0,0,0,0,3,2,8.7,179,9.9,300,100.0,3,3,2.3,-3.3,2.37,0,0,0.0,100.0,3,1,0.0,3,0,0.43,2,63.3,0,0,3,66.7,0.0,109.7,0.0,0,0,0,0,0,0,0.0,31,10.3,44.4,9,9,7.0,24.3,2.54,0,2,16.7,44.4,4,1,0.0,9,0,0.66,4,76.2,0,0,12,44.4,0.0,118.1,0.0,0,0,0,0,2,0,0.0,85,9.4,66.7,3,3,2.3,14.0,2.93,0,0,0.0,66.7,2,1,0.0,3,0,0.52,2,78.3,0,0,3,66.7,0.0,97.9,0.0,0,0,0,0,0,0,0.0,29,9.7,87.5,8,8,6.3,3.4,2.39,0,0,0.0,87.5,7,2,0.0,8,0,0.2,3,63.8,0,0,8,50.0,0.0,94.3,0.0,0,0,0,0,0,0,0.0,53,6.6,61.9,21,21,16.4,15.0,2.95,0,0,0.0,57.1,12,11,7.7,21,1,0.37,12,64.1,0,2,23,57.1,0.0,69.0,0.0,0,0,0,0,1,1,4.3,217,10.3,0,100.0,1,1,0.8,-1.0,1.8,0,0,0.0,100.0,1,0,0.0,1,0,2.41,1,61.0,0,0,1,100.0,,118.8,0.0,0,0,0,0,0,0,0.0,19,19.0,50.0,8,8,6.3,26.9,2.53,0,3,33.3,37.5,3,5,25.0,8,1,0.83,3,78.6,0,0,9,37.5,0.0,121.9,0.0,0,0,0,0,1,1,11.1,94,11.8,50.0,8,8,6.3,14.8,2.99,0,0,0.0,50.0,4,4,0.0,8,0,0.22,4,59.8,0,1,9,50.0,0.0,36.5,0.0,0,0,0,0,0,0,0.0,62,7.8,70.0,10,10,7.8,4.5,2.1,0,0,0.0,60.0,6,1,14.3,10,1,0.04,4,50.9,0,0,10,60.0,0.0,76.3,0.0,0,0,0,0,0,0,0.0,58,5.8,69.6,69,69,53.9,4.0,2.16,0,0,0.0,66.7,46,16,4.2,69,2,-0.12,18,54.2,0,0,70,50.7,0.0,79.3,0.0,0,0,0,0,0,3,4.3,358,5.2
Dexter Williams II,129457,QB,KENNESAW,8,127,142,95.5,22,22,17.3,-2.9,1.65,0,0,0.0,86.4,19,2,9.5,22,2,-0.11,3,64.2,0,0,23,31.8,0.0,102.7,0.0,0,0,0,0,1,0,0.0,110,5.0,94.4,18,18,14.2,-3.2,1.67,0,0,0.0,83.3,15,2,11.8,18,2,-0.02,3,62.7,0,0,19,38.9,0.0,107.6,0.0,0,0,0,0,1,0,0.0,97,5.4,30.8,13,13,10.2,32.2,3.48,0,0,0.0,30.8,4,7,0.0,13,0,-0.9,4,42.3,0,3,13,30.8,0.0,46.5,0.0,0,0,0,0,1,3,23.1,102,7.8,72.7,11,11,8.7,14.7,2.81,0,0,0.0,63.6,7,2,12.5,11,1,0.84,7,69.3,0,0,11,63.6,0.0,107.2,0.0,0,0,0,0,0,2,18.2,139,12.6,90.3,31,31,24.4,4.7,2.43,0,0,0.0,83.9,26,6,7.1,31,2,0.68,19,70.4,0,0,31,71.0,0.0,121.1,0.0,0,0,0,0,2,1,3.2,245,7.9,0,23.1,26,26,20.5,34.2,3.23,0,1,3.8,23.1,6,13,0.0,26,0,-0.36,6,42.7,0,3,26,23.1,0.0,48.2,0.0,0,0,0,0,2,3,11.5,219,8.4,200,100.0,2,2,1.6,-1.5,1.4,0,0,0.0,100.0,2,0,0.0,2,0,-0.69,0,62.6,0,0,2,0.0,,79.2,0.0,0,0,0,0,0,0,0.0,5,2.5,12.5,8,8,6.3,38.9,3.3,0,1,12.5,12.5,1,6,0.0,8,0,-0.21,1,56.1,0,0,8,12.5,0.0,51.6,0.0,0,0,0,0,0,0,0.0,47,5.9,33.3,3,3,2.4,14.7,3.53,0,0,0.0,33.3,1,0,0.0,3,0,0.06,1,29.0,0,0,3,33.3,,46.5,0.0,0,0,0,0,0,1,33.3,12,4.0,57.1,7,7,5.5,4.4,2.44,0,0,0.0,57.1,4,1,0.0,7,0,-0.51,0,50.7,0,0,7,28.6,0.0,62.2,0.0,0,0,0,0,0,0,0.0,21,3.0,65.0,20,20,15.7,14.9,3.03,0,1,5.0,55.0,11,3,15.4,20,2,0.72,11,69.0,0,0,20,55.0,0.0,104.6,0.0,0,0,0,0,1,3,15.0,192,9.6,0,100.0,2,2,1.6,-1.5,1.65,0,0,0.0,100.0,2,0,0.0,2,0,-0.31,0,62.6,0,0,2,0.0,,83.3,0.0,0,0,0,0,0,0,0.0,8,4.0,20.0,5,5,3.9,31.8,2.48,0,0,0.0,20.0,1,0,0.0,5,0,0.81,1,46.0,0,0,5,20.0,,118.8,0.0,0,0,0,0,1,0,0.0,70,14.0,66.7,6,6,4.7,15.3,3.17,0,1,16.7,50.0,3,1,25.0,6,1,0.84,3,89.6,0,0,6,50.0,0.0,111.8,0.0,0,0,0,0,1,0,0.0,41,6.8,57.1,7,7,5.5,2.7,3.19,0,0,0.0,28.6,2,2,50.0,7,2,-0.96,0,49.2,0,0,7,14.3,0.0,39.6,0.0,0,0,0,0,0,0,0.0,11,1.6,80.0,45,45,35.4,4.3,2.55,0,0,0.0,71.1,32,9,11.1,45,4,0.24,19,62.9,0,0,45,55.6,0.0,101.8,0.0,0,0,0,0,2,1,2.2,277,6.2
Liam Szarka,197814,QB,AIR FORCE,10,122,136,90.9,11,11,9.0,-3.3,1.82,0,0,0.0,81.8,9,3,10.0,11,1,-0.05,2,56.2,0,0,11,36.4,0.0,79.5,0.0,0,0,0,0,0,1,9.1,34,3.1,100.0,7,7,5.7,-3.3,1.54,0,0,0.0,85.7,6,1,14.3,7,1,0.23,2,65.9,0,0,7,57.1,0.0,85.1,0.0,0,0,0,0,0,0,0.0,31,4.4,63.6,22,22,18.0,25.2,2.9,0,7,29.2,63.6,14,7,0.0,22,0,1.47,14,90.6,0,2,24,68.2,0.0,108.9,0.0,0,0,0,0,3,3,12.5,501,22.8,60.0,15,15,12.3,14.3,2.59,0,0,0.0,60.0,9,9,0.0,15,0,0.61,9,72.2,0,1,16,60.0,0.0,102.2,0.0,0,0,0,0,2,1,6.3,138,9.2,65.0,20,20,16.4,6.0,2.54,0,0,0.0,65.0,13,9,0.0,20,0,0.11,8,31.6,0,2,21,60.0,0.0,61.3,0.0,0,0,0,0,1,3,14.3,134,6.7,0,58.6,29,29,23.8,24.9,3.15,0,9,28.1,58.6,17,11,0.0,29,0,1.28,17,90.5,0,2,32,62.1,0.0,113.9,0.0,0,0,0,0,4,3,9.4,594,20.5,101,100.0,2,2,1.6,-3.0,2.75,0,0,0.0,100.0,2,1,0.0,2,0,-0.46,0,62.6,0,0,2,0.0,0.0,79.2,0.0,0,0,0,0,0,0,0.0,2,1.0,0.0,2,2,1.6,23.0,2.9,0,0,0.0,0.0,0,1,,2,0,-0.74,0,50.5,0,0,2,0.0,0.0,39.6,0.0,0,0,0,0,0,0,0.0,0,0.0,100.0,8,8,6.6,14.3,2.46,0,0,0.0,100.0,8,1,0.0,8,0,1.91,8,94.0,0,0,8,100.0,0.0,158.3,0.0,0,0,0,0,1,0,0.0,157,19.6,50.0,4,4,3.3,4.8,2.88,0,0,0.0,25.0,1,0,50.0,4,1,-0.32,1,53.0,0,0,4,25.0,,79.2,0.0,0,0,0,0,1,0,0.0,5,1.3,71.9,32,32,26.2,13.9,2.54,0,0,0.0,71.9,23,11,0.0,32,0,1.06,23,91.0,0,1,33,71.9,0.0,132.3,0.0,0,0,0,0,3,1,3.0,431,13.5,0,50.0,2,2,1.6,-3.5,1.85,0,0,0.0,50.0,1,1,0.0,2,0,-0.6,0,41.6,0,0,2,0.0,0.0,56.3,0.0,0,0,0,0,0,1,50.0,1,0.5,60.0,5,5,4.1,24.4,4.32,0,2,33.3,60.0,3,3,0.0,5,0,1.22,3,83.0,0,0,6,60.0,0.0,143.8,0.0,0,0,0,0,1,0,0.0,93,18.6,66.7,9,9,7.4,13.0,2.51,0,0,0.0,66.7,6,1,0.0,9,0,1.07,6,82.2,0,0,9,66.7,0.0,109.7,0.0,0,0,0,0,0,0,0.0,136,15.1,80.0,15,15,12.3,4.2,2.74,0,0,0.0,80.0,12,3,0.0,15,0,0.3,7,54.1,0,0,15,66.7,0.0,93.3,0.0,0,0,0,0,0,0,0.0,96,6.4,69.2,39,39,32.0,5.2,2.65,0,0,0.0,66.7,26,12,3.7,39,1,0.14,16,37.2,0,2,40,59.0,0.0,78.5,0.0,0,0,0,0,2,3,7.5,235,6.0
Grant Jordan,151147,QB,UMASS,7,108,128,90.0,10,10,9.3,-2.3,1.64,0,0,0.0,80.0,8,0,11.1,10,1,-0.5,1,63.0,0,0,10,30.0,,79.2,0.0,0,0,0,0,0,0,0.0,24,2.4,85.7,7,7,6.5,-2.7,1.76,0,0,0.0,71.4,5,0,16.7,7,1,-0.64,0,60.8,0,0,7,28.6,,74.1,0.0,0,0,0,0,0,0,0.0,15,2.1,40.0,5,5,4.6,33.4,3.48,0,2,40.0,40.0,2,3,0.0,5,0,0.73,2,88.8,0,0,5,40.0,0.0,87.5,0.0,0,0,0,0,0,0,0.0,91,18.2,50.0,16,16,14.8,12.8,2.95,0,1,5.9,50.0,8,7,0.0,16,0,0.18,8,72.0,0,1,17,50.0,0.0,90.1,0.0,0,0,0,0,2,1,5.9,126,7.9,76.9,26,26,24.1,4.3,2.51,0,0,0.0,73.1,19,10,5.0,26,1,-0.21,4,50.7,0,0,26,46.2,0.0,80.4,0.0,0,0,0,0,0,1,3.8,109,4.2,0,25.0,16,16,14.8,31.0,3.16,0,3,17.6,18.8,3,11,25.0,16,1,-0.16,3,67.4,0,0,17,18.8,0.0,63.3,0.0,0,0,0,0,0,0,0.0,139,8.7,216,100.0,1,1,0.9,-1.0,1.3,0,0,0.0,100.0,1,0,0.0,1,0,-0.27,0,60.4,0,0,1,0.0,,79.2,0.0,0,0,0,0,0,0,0.0,1,1.0,50.0,4,4,3.7,29.3,2.6,0,1,20.0,25.0,1,3,50.0,4,1,0.15,1,70.3,0,0,5,25.0,0.0,77.1,0.0,0,0,0,0,0,0,0.0,48,12.0,40.0,5,5,4.6,15.6,2.46,0,0,0.0,20.0,1,2,50.0,5,1,-1.38,1,34.7,0,1,5,20.0,0.0,0.8,0.0,0,0,0,0,0,1,20.0,16,3.2,72.7,11,11,10.2,5.4,2.66,0,0,0.0,63.6,7,3,12.5,11,1,-0.09,2,56.9,0,0,11,54.5,0.0,73.7,0.0,0,0,0,0,0,0,0.0,49,4.5,52.0,25,25,23.1,13.1,2.93,0,1,3.8,48.0,12,11,7.7,25,1,-0.02,12,66.3,0,2,26,48.0,0.0,65.3,0.0,0,0,0,0,2,2,7.7,179,7.2,0,100.0,2,2,1.9,-1.5,1.4,0,0,0.0,100.0,2,0,0.0,2,0,-0.12,1,62.6,0,0,2,50.0,,83.3,0.0,0,0,0,0,0,0,0.0,8,4.0,0.0,7,7,6.5,30.3,3.24,0,0,0.0,0.0,0,5,,7,0,-0.98,0,41.3,0,0,7,0.0,0.0,39.6,0.0,0,0,0,0,0,0,0.0,0,0.0,75.0,4,4,3.7,11.5,3.45,0,0,0.0,75.0,3,2,0.0,4,0,0.87,3,79.2,0,0,4,75.0,0.0,103.1,0.0,0,0,0,0,0,0,0.0,37,9.3,92.9,14,14,13.0,4.4,2.61,0,0,0.0,85.7,12,3,7.7,14,1,0.15,4,72.2,0,0,14,57.1,0.0,109.5,0.0,0,0,0,0,1,0,0.0,64,4.6,80.4,51,51,47.2,4.5,2.57,0,0,0.0,74.5,38,16,7.3,51,3,-0.08,10,58.2,0,0,51,51.0,0.0,88.8,0.0,0,0,0,0,1,1,2.0,222,4.4
Hunter Simmons,148254,QB,WISCONSIN,8,119,128,81.3,16,16,13.4,-3.3,2.36,0,0,0.0,75.0,12,6,7.7,16,1,-0.4,3,65.5,0,0,16,31.3,0.0,82.0,0.0,0,0,0,0,0,0,0.0,67,4.2,84.6,13,13,10.9,-3.4,2.35,0,0,0.0,76.9,10,4,9.1,13,1,-0.46,2,68.2,0,0,13,30.8,0.0,84.1,0.0,0,0,0,0,0,0,0.0,56,4.3,28.6,7,7,5.9,30.6,3.19,0,1,14.3,28.6,2,4,0.0,7,0,0.2,2,61.1,0,0,7,28.6,0.0,66.4,0.0,0,0,0,0,0,0,0.0,66,9.4,50.0,6,6,5.0,13.5,2.98,0,1,16.7,50.0,3,1,0.0,6,0,-0.35,3,28.2,0,1,6,50.0,0.0,76.4,0.0,0,0,0,0,1,2,33.3,47,7.8,78.6,28,28,23.5,4.9,2.41,0,0,0.0,67.9,19,8,13.6,28,3,-0.58,8,65.9,0,3,29,50.0,0.0,53.7,0.0,0,0,0,0,1,2,6.9,153,5.5,0,29.4,17,17,14.3,28.1,3.21,0,3,15.8,29.4,5,8,0.0,17,0,0.09,5,52.1,0,1,19,29.4,0.0,48.9,0.0,0,0,0,0,0,3,15.8,189,11.1,349,66.7,3,3,2.5,-3.0,2.37,0,0,0.0,66.7,2,2,0.0,3,0,-0.16,1,56.0,0,0,3,33.3,0.0,72.9,0.0,0,0,0,0,0,0,0.0,11,3.7,16.7,6,6,5.0,25.2,2.92,0,1,14.3,16.7,1,3,0.0,6,0,-0.56,1,46.3,0,0,7,16.7,0.0,45.8,0.0,0,0,0,0,0,2,28.6,27,4.5,60.0,5,5,4.2,16.0,3.2,0,1,20.0,60.0,3,2,0.0,5,0,0.47,3,79.0,0,0,5,60.0,0.0,99.6,0.0,0,0,0,0,0,0,0.0,57,11.4,73.3,15,15,12.6,3.9,2.39,0,0,0.0,66.7,10,5,9.1,15,1,-0.46,3,54.3,0,1,15,40.0,0.0,46.0,0.0,0,0,0,0,0,1,6.7,58,3.9,50.0,14,14,11.8,14.6,3.26,0,2,13.3,50.0,7,4,0.0,14,0,-0.2,7,46.7,0,1,15,50.0,0.0,73.5,0.0,0,0,0,0,1,2,13.3,120,8.6,0,,0,0,0.0,,,0,0,,,0,0,,0,0,0.0,0,,0,0,0,,,0.0,,0,0,0,0,0,0,,0,,50.0,4,4,3.4,28.0,3.68,0,1,20.0,50.0,2,1,0.0,4,0,0.87,2,56.5,0,1,5,50.0,0.0,56.3,0.0,0,0,0,0,0,1,20.0,96,24.0,33.3,3,3,2.5,14.7,3.9,0,0,0.0,33.3,1,1,0.0,3,0,-1.03,1,54.9,0,0,4,33.3,0.0,52.1,0.0,0,0,0,0,0,0,0.0,16,5.3,80.0,15,15,12.6,4.1,3.14,0,0,0.0,60.0,9,4,25.0,15,3,-0.46,4,53.1,0,1,16,60.0,0.0,45.7,0.0,0,0,0,0,0,1,6.3,77,5.1,77.6,58,58,48.7,4.4,2.59,0,0,0.0,65.5,38,17,15.6,58,7,-0.52,15,58.6,0,5,60,50.0,0.0,47.2,0.0,0,0,0,0,1,4,6.7,288,5.0
Will Hammond,184898,QB,TEXAS TECH,7,109,124,96.3,27,27,24.8,-3.1,1.9,0,0,0.0,88.9,24,3,7.7,27,2,-0.16,3,68.4,0,0,27,40.7,0.0,98.6,0.0,0,0,0,0,1,0,0.0,127,4.7,94.7,19,19,17.4,-3.2,1.78,0,0,0.0,84.2,16,1,11.1,19,2,-0.28,2,66.5,0,0,19,31.6,0.0,104.4,0.0,0,0,0,0,1,0,0.0,92,4.8,33.3,6,6,5.5,35.3,2.98,0,1,16.7,16.7,1,1,50.0,6,1,-0.9,1,43.2,0,2,6,16.7,0.0,5.6,0.0,0,0,0,0,0,1,16.7,26,4.3,80.0,10,10,9.2,12.6,2.84,0,1,10.0,80.0,8,4,0.0,10,0,1.33,7,91.3,0,0,10,80.0,0.0,118.8,0.0,0,0,0,0,0,1,10.0,131,13.1,72.7,22,22,20.2,4.2,2.3,0,0,0.0,54.5,12,4,25.0,22,4,-0.16,8,56.4,0,1,22,36.4,0.0,61.9,0.0,0,0,0,0,1,2,9.1,96,4.4,0,47.1,17,17,15.6,30.6,2.98,0,4,22.2,35.3,6,2,25.0,17,2,0.4,6,78.7,0,2,18,35.3,0.0,73.7,0.0,0,0,0,0,4,1,5.6,172,10.1,315,100.0,2,2,1.8,-2.0,1.55,0,0,0.0,100.0,2,0,0.0,2,0,0.27,0,62.6,0,0,2,100.0,,89.6,0.0,0,0,0,0,0,0,0.0,11,5.5,50.0,8,8,7.3,26.6,3.16,0,1,12.5,50.0,4,1,0.0,8,0,1.33,4,85.3,0,0,8,50.0,0.0,135.4,0.0,0,0,0,0,4,0,0.0,113,14.1,80.0,5,5,4.6,15.4,2.42,0,1,20.0,60.0,3,1,25.0,5,1,0.75,3,80.5,0,0,5,60.0,0.0,133.3,0.0,0,0,0,0,1,0,0.0,50,10.0,80.0,10,10,9.2,4.3,1.99,0,0,0.0,80.0,8,0,0.0,10,0,0.09,1,49.1,0,0,10,40.0,,82.5,0.0,0,0,0,0,0,0,0.0,38,3.8,59.1,22,22,20.2,13.5,2.69,0,2,8.7,54.5,12,7,7.7,22,1,0.64,11,81.2,0,0,23,54.5,0.0,100.6,0.0,0,0,0,0,1,1,4.3,200,9.1,0,100.0,6,6,5.5,-3.0,2.4,0,0,0.0,100.0,6,2,0.0,6,0,0.09,1,66.0,0,0,6,50.0,0.0,83.3,0.0,0,0,0,0,0,0,0.0,24,4.0,66.7,3,3,2.8,31.7,2.5,0,2,50.0,33.3,1,0,50.0,3,1,0.5,1,90.5,0,0,4,33.3,,75.7,0.0,0,0,0,0,0,0,0.0,33,11.0,14.3,7,7,6.4,13.6,2.66,0,0,0.0,14.3,1,2,0.0,7,0,-0.43,1,47.8,0,0,8,14.3,0.0,39.6,0.0,0,0,0,0,0,0,0.0,19,2.7,85.7,7,7,6.4,5.1,2.06,0,0,0.0,85.7,6,0,0.0,7,0,0.17,1,58.9,0,0,8,71.4,,90.5,0.0,0,0,0,0,0,0,0.0,40,5.7,76.9,39,39,35.8,4.4,2.18,0,0,0.0,66.7,26,4,13.3,39,4,-0.04,10,53.1,0,1,40,43.6,0.0,74.1,0.0,0,0,0,0,1,2,5.0,174,4.5
Gavin Wimsatt,155757,QB,JVILLE ST,10,109,123,88.6,35,35,32.1,-3.5,1.7,0,0,0.0,82.9,29,1,6.5,35,2,0.04,9,63.5,0,0,35,48.6,0.0,111.0,0.0,0,0,0,0,2,0,0.0,212,6.1,88.0,25,25,22.9,-3.6,1.56,0,0,0.0,84.0,21,1,4.5,25,1,0.12,7,62.8,0,0,25,44.0,0.0,121.8,0.0,0,0,0,0,2,0,0.0,171,6.8,66.7,3,3,2.8,44.7,3.9,0,0,0.0,66.7,2,1,0.0,3,0,3.02,2,67.4,0,0,4,66.7,0.0,149.3,0.0,0,0,0,0,1,0,0.0,97,32.3,57.1,14,14,12.8,13.2,3.24,0,0,0.0,50.0,7,3,12.5,14,1,0.34,6,77.6,0,1,15,50.0,0.0,51.5,0.0,0,0,0,0,0,0,0.0,126,9.0,73.1,26,26,23.9,4.4,2.26,0,0,0.0,57.7,15,6,21.1,26,4,-0.2,8,68.7,0,0,28,42.3,0.0,73.6,0.0,0,0,0,0,0,0,0.0,146,5.6,0,45.5,11,11,10.1,33.7,2.93,0,2,16.7,36.4,4,2,20.0,11,1,1.02,4,71.3,0,0,12,36.4,0.0,124.1,0.0,0,0,0,0,2,1,8.3,179,16.3,196,100.0,4,4,3.7,-3.0,1.38,0,0,0.0,100.0,4,0,0.0,4,0,0.32,1,64.7,0,0,4,75.0,,90.6,0.0,0,0,0,0,0,0,0.0,23,5.8,0.0,1,1,0.9,35.0,2.4,0,0,0.0,0.0,0,0,,1,0,-0.62,0,49.9,0,0,1,0.0,,39.6,0.0,0,0,0,0,0,0,0.0,0,0.0,,0,0,0.0,,,0,0,,,0,0,,0,0,0.0,0,,0,0,0,,,0.0,,0,0,0,0,0,0,,0,,75.0,4,4,3.7,6.5,1.8,0,0,0.0,75.0,3,0,0.0,4,0,0.17,1,78.4,0,0,4,50.0,,87.5,0.0,0,0,0,0,0,0,0.0,22,5.5,54.5,22,22,20.2,13.8,3.19,0,0,0.0,40.9,9,6,25.0,22,3,0.14,8,70.8,0,2,23,40.9,0.0,28.0,0.0,0,0,0,0,0,1,4.3,157,7.1,0,83.3,6,6,5.5,-3.3,2.5,0,0,0.0,66.7,4,0,20.0,6,1,-0.47,1,59.9,0,0,6,50.0,,70.1,0.0,0,0,0,0,0,0,0.0,18,3.0,42.9,7,7,6.4,28.9,2.59,0,2,28.6,28.6,2,1,33.3,7,1,0.4,2,75.5,0,0,7,28.6,0.0,115.5,0.0,0,0,0,0,1,1,14.3,82,11.7,50.0,8,8,7.3,14.9,3.09,0,0,0.0,25.0,2,3,50.0,8,2,-0.2,2,55.5,0,1,8,25.0,0.0,3.6,0.0,0,0,0,0,0,1,12.5,31,3.9,60.0,5,5,4.6,5.8,3.36,0,0,0.0,40.0,2,2,33.3,5,1,-0.45,1,61.3,0,0,5,40.0,0.0,48.8,0.0,0,0,0,0,0,0,0.0,16,3.2,71.4,35,35,32.1,4.8,2.37,0,0,0.0,57.1,20,8,20.0,35,5,-0.19,10,71.9,0,0,37,42.9,0.0,71.6,0.0,0,0,0,0,0,0,0.0,184,5.3
Luke Weaver,198494,QB,HAWAII,4,102,122,88.9,18,18,17.6,-3.1,1.74,0,0,0.0,88.9,16,1,0.0,18,0,0.51,7,62.8,0,0,18,50.0,0.0,135.0,0.0,0,0,0,0,3,0,0.0,124,6.9,86.7,15,15,14.7,-3.3,1.73,0,0,0.0,86.7,13,1,0.0,15,0,0.53,6,61.7,0,0,15,46.7,0.0,137.6,0.0,0,0,0,0,3,0,0.0,113,7.5,50.0,4,4,3.9,29.8,3.38,0,1,20.0,50.0,2,1,0.0,4,0,0.74,2,73.8,0,1,5,50.0,0.0,56.3,0.0,0,0,0,0,0,1,20.0,50,12.5,50.0,2,2,2.0,10.5,1.7,0,0,0.0,50.0,1,0,0.0,2,0,0.46,1,35.0,0,0,4,50.0,,95.8,0.0,0,0,0,0,0,1,25.0,29,14.5,72.7,33,33,32.4,3.8,2.28,0,0,0.0,63.6,21,7,12.5,33,3,-0.16,10,62.4,0,1,35,33.3,0.0,75.7,0.0,0,0,0,0,1,1,2.9,183,5.5,0,41.2,17,17,16.7,29.4,2.69,0,4,19.0,29.4,5,2,28.6,17,2,0.37,5,76.2,0,1,21,29.4,0.0,56.0,0.0,0,0,0,0,1,3,14.3,138,8.1,180,100.0,1,1,1.0,-1.0,1.3,0,0,0.0,100.0,1,0,0.0,1,0,0.07,0,60.6,0,0,1,100.0,,91.7,0.0,0,0,0,0,0,0,0.0,6,6.0,40.0,10,10,9.8,30.4,2.44,0,3,23.1,30.0,3,1,25.0,10,1,0.59,3,77.2,0,0,13,30.0,0.0,97.1,0.0,0,0,0,0,1,1,7.7,88,8.8,0.0,1,1,1.0,12.0,2.5,0,0,0.0,0.0,0,0,,1,0,-8.76,0,24.1,0,1,2,0.0,,0.0,0.0,0,0,0,0,0,1,50.0,0,0.0,71.4,14,14,13.7,5.6,1.77,0,0,0.0,71.4,10,0,0.0,14,0,0.11,2,61.8,0,0,14,50.0,,83.0,0.0,0,0,0,0,0,0,0.0,72,5.1,25.0,4,4,3.9,13.0,3.08,0,0,0.0,25.0,1,1,0.0,4,0,-2.38,1,24.6,0,1,7,25.0,0.0,17.7,0.0,0,0,0,0,0,2,28.6,29,7.3,0,100.0,2,2,2.0,-2.5,2.05,0,0,0.0,100.0,2,0,0.0,2,0,0.6,1,62.1,0,0,2,50.0,,79.2,0.0,0,0,0,0,0,0,0.0,5,2.5,33.3,3,3,2.9,25.3,2.63,0,0,0.0,0.0,0,0,100.0,3,1,-0.86,0,55.1,0,0,3,0.0,,39.6,0.0,0,0,0,0,0,1,33.3,0,0.0,0.0,1,1,1.0,19.0,6.4,0,0,0.0,0.0,0,1,,1,0,-1.71,0,48.5,0,0,1,0.0,0.0,39.6,0.0,0,0,0,0,0,0,0.0,0,0.0,72.7,11,11,10.8,5.4,1.95,0,0,0.0,72.7,8,1,0.0,11,0,-0.11,3,41.8,0,0,11,45.5,0.0,83.1,0.0,0,0,0,0,0,1,9.1,54,4.9,72.4,58,58,56.9,4.6,2.1,0,0,0.0,67.2,39,8,7.1,58,3,-0.08,15,56.2,0,1,60,39.7,0.0,78.9,0.0,0,0,0,0,1,2,3.3,309,5.3
Darius Curry,191052,QB,COLO STATE,5,108,121,95.2,21,21,19.4,-2.9,1.75,0,0,0.0,85.7,18,2,10.0,21,2,0.55,7,67.4,0,0,22,52.4,0.0,121.0,0.0,0,0,0,0,1,0,0.0,194,9.2,93.3,15,15,13.9,-2.9,1.69,0,0,0.0,80.0,12,2,14.3,15,2,0.68,5,65.7,0,0,16,46.7,0.0,135.6,0.0,0,0,0,0,1,0,0.0,168,11.2,33.3,3,3,2.8,27.3,2.67,0,2,50.0,0.0,0,1,100.0,3,1,-1.81,0,66.0,0,1,4,0.0,0.0,0.0,0.0,0,0,0,0,0,1,25.0,0,0.0,64.3,14,14,13.0,14.4,3.26,0,1,7.1,57.1,8,6,11.1,14,1,0.74,6,70.2,0,0,14,50.0,0.0,90.5,0.0,0,0,0,0,0,0,0.0,137,9.8,76.5,34,34,31.5,3.8,2.23,0,0,0.0,67.6,23,10,11.5,34,3,-0.45,10,61.0,0,4,34,44.1,0.0,62.0,0.0,0,0,0,0,2,1,2.9,192,5.6,0,37.5,8,8,7.4,27.8,2.75,0,2,18.2,25.0,2,3,33.3,8,1,-1.02,2,41.9,0,3,11,25.0,0.0,22.4,0.0,0,0,0,0,0,3,27.3,67,8.4,144,100.0,3,3,2.8,-2.3,2.4,0,0,0.0,100.0,3,0,0.0,3,0,-0.02,1,63.9,0,0,3,33.3,,80.6,0.0,0,0,0,0,0,0,0.0,10,3.3,100.0,1,1,0.9,21.0,2.7,0,0,0.0,100.0,1,0,0.0,1,0,4.11,1,73.8,0,0,2,100.0,,118.8,0.0,0,0,0,0,0,0,0.0,40,40.0,66.7,3,3,2.8,13.0,2.47,0,0,0.0,66.7,2,1,0.0,3,0,0.18,2,77.8,0,0,3,66.7,0.0,100.7,0.0,0,0,0,0,0,0,0.0,31,10.3,90.0,10,10,9.3,5.7,2.27,0,0,0.0,90.0,9,4,0.0,10,0,0.33,3,83.8,0,0,10,70.0,0.0,123.3,0.0,0,0,0,0,1,0,0.0,56,5.6,63.6,22,22,20.4,14.2,3.17,0,1,4.5,59.1,13,10,7.1,22,1,0.73,11,77.4,0,0,22,54.5,0.0,105.5,0.0,0,0,0,0,1,0,0.0,206,9.4,0,100.0,3,3,2.8,-3.3,1.43,0,0,0.0,100.0,3,0,0.0,3,0,0.48,1,63.8,0,0,3,100.0,,88.9,0.0,0,0,0,0,0,0,0.0,16,5.3,25.0,4,4,3.7,29.8,2.83,0,0,0.0,25.0,1,2,0.0,4,0,-1.7,1,26.6,0,2,5,25.0,0.0,15.6,0.0,0,0,0,0,0,2,40.0,27,6.8,60.0,5,5,4.6,14.6,3.32,0,0,0.0,60.0,3,3,0.0,5,0,1.04,3,72.9,0,0,5,60.0,0.0,123.3,0.0,0,0,0,0,1,0,0.0,38,7.6,71.4,7,7,6.5,4.6,2.49,0,0,0.0,71.4,5,2,0.0,7,0,0.04,1,49.1,0,0,8,28.6,0.0,76.5,0.0,0,0,0,0,0,1,12.5,25,3.6,78.4,51,51,47.2,4.3,2.27,0,0,0.0,72.5,37,16,7.5,51,3,-0.23,14,65.4,0,4,52,47.1,0.0,71.8,0.0,0,0,0,0,3,2,3.8,273,5.4
Ryder Burton,175011,QB,UAB,7,98,118,75.0,8,8,8.2,-1.9,2.85,0,0,0.0,62.5,5,3,16.7,8,1,-0.02,2,56.5,0,0,8,50.0,0.0,69.3,0.0,0,0,0,0,0,0,0.0,29,3.6,66.7,6,6,6.1,-2.2,2.92,0,0,0.0,66.7,4,3,0.0,6,0,0.15,2,53.9,0,0,6,66.7,0.0,73.6,0.0,0,0,0,0,0,0,0.0,23,3.8,57.1,7,7,7.1,27.1,4.81,0,4,57.1,42.9,3,3,25.0,7,1,1.18,3,94.0,0,0,7,42.9,0.0,112.5,0.0,0,0,0,0,2,0,0.0,59,8.4,57.1,7,7,7.1,12.1,2.64,0,0,0.0,42.9,3,2,25.0,7,1,-0.74,2,49.2,0,2,7,42.9,0.0,20.2,0.0,0,0,0,0,0,1,14.3,37,5.3,84.6,26,26,26.5,4.5,2.51,0,0,0.0,80.8,21,3,4.5,26,1,0.38,10,74.2,0,1,27,65.4,0.0,79.3,0.0,0,0,0,0,0,0,0.0,179,6.9,0,50.0,20,20,20.4,26.7,3.6,0,8,38.1,45.0,9,6,10.0,20,1,0.53,9,93.1,0,2,21,45.0,0.0,78.8,0.0,0,0,0,0,5,1,4.8,188,9.4,321,100.0,1,1,1.0,-1.0,3.3,0,0,0.0,100.0,1,0,0.0,1,0,-0.02,0,60.4,0,0,1,0.0,,91.7,0.0,0,0,0,0,0,0,0.0,6,6.0,42.9,7,7,7.1,26.6,2.57,0,1,14.3,42.9,3,1,0.0,7,0,0.06,3,84.6,0,0,7,42.9,0.0,116.7,0.0,0,0,0,0,1,0,0.0,66,9.4,42.9,7,7,7.1,12.6,2.91,0,0,0.0,42.9,3,1,0.0,7,0,1.24,3,59.4,0,0,8,42.9,0.0,129.5,0.0,0,0,0,0,1,0,0.0,96,13.7,100.0,4,4,4.1,4.8,3.3,0,0,0.0,100.0,4,2,0.0,4,0,0.53,3,63.2,0,0,4,75.0,0.0,105.2,0.0,0,0,0,0,0,0,0.0,37,9.3,45.5,22,22,22.4,13.2,2.84,0,0,0.0,36.4,8,3,20.0,22,2,0.14,7,57.0,0,2,24,36.4,0.0,55.7,0.0,0,0,0,0,2,1,4.2,163,7.4,0,100.0,1,1,1.0,-1.0,2.0,0,0,0.0,0.0,0,0,100.0,1,1,-1.03,0,61.0,0,0,1,0.0,,39.6,0.0,0,0,0,0,0,0,0.0,0,0.0,50.0,6,6,6.1,26.2,3.38,0,3,42.9,50.0,3,2,0.0,6,0,0.33,3,77.5,0,2,7,50.0,0.0,87.5,0.0,0,0,0,0,2,1,14.3,63,10.5,37.5,8,8,8.2,14.8,2.94,0,0,0.0,25.0,2,0,33.3,8,1,-0.06,2,63.9,0,0,9,25.0,,82.3,0.0,0,0,0,0,1,0,0.0,30,3.8,100.0,15,15,15.3,4.3,3.07,0,0,0.0,100.0,15,5,0.0,15,0,0.45,4,72.5,0,0,15,86.7,0.0,97.8,0.0,0,0,0,0,0,0,0.0,112,7.5,91.1,45,45,45.9,4.4,2.77,0,0,0.0,88.9,40,10,2.4,45,1,0.41,17,76.0,0,1,46,73.3,0.0,87.8,0.0,0,0,0,0,0,0,0.0,328,7.3
Julian Lewis,198304,QB,COLORADO,4,96,118,85.0,20,20,20.8,-3.9,2.87,0,0,0.0,85.0,17,6,0.0,20,0,-0.37,1,64.2,0,0,21,20.0,0.0,79.2,0.0,0,0,0,0,0,0,0.0,52,2.6,80.0,10,10,10.4,-3.8,2.12,0,0,0.0,80.0,8,2,0.0,10,0,-0.64,0,63.5,0,0,11,20.0,0.0,79.2,0.0,0,0,0,0,0,0,0.0,9,0.9,100.0,1,1,1.0,39.0,3.0,0,1,100.0,100.0,1,0,0.0,1,0,4.12,1,87.4,0,0,1,100.0,,118.8,0.0,0,0,0,0,0,0,0.0,42,42.0,72.7,11,11,11.5,12.5,2.75,0,0,0.0,54.5,6,2,25.0,11,2,0.36,4,82.9,0,0,11,45.5,0.0,116.1,0.0,0,0,0,0,1,0,0.0,101,9.2,86.7,15,15,15.6,3.9,2.68,0,0,0.0,80.0,12,6,7.7,15,1,-0.55,4,53.0,0,0,15,53.3,0.0,96.1,0.0,0,0,0,0,0,1,6.7,106,7.1,0,46.7,15,15,15.6,30.1,2.96,0,6,40.0,40.0,6,4,14.3,15,1,0.97,6,93.0,0,0,15,40.0,0.0,127.1,0.0,0,0,0,0,3,0,0.0,211,14.1,143,100.0,3,3,3.1,-4.3,5.33,0,0,0.0,100.0,3,2,0.0,3,0,-0.63,0,63.8,0,0,3,0.0,0.0,79.2,0.0,0,0,0,0,0,0,0.0,4,1.3,50.0,10,10,10.4,28.4,2.66,0,4,40.0,50.0,5,2,0.0,10,0,1.34,5,91.5,0,0,10,50.0,0.0,135.4,0.0,0,0,0,0,3,0,0.0,169,16.9,66.7,3,3,3.1,13.7,4.4,0,0,0.0,66.7,2,1,0.0,3,0,0.83,2,72.3,0,0,4,66.7,0.0,102.1,0.0,0,0,0,0,0,0,0.0,32,10.7,33.3,6,6,6.3,4.3,2.93,0,0,0.0,33.3,2,1,0.0,6,0,-1.2,1,31.9,0,0,6,16.7,0.0,42.4,0.0,0,0,0,0,0,1,16.7,12,2.0,68.4,19,19,19.8,13.1,3.37,0,0,0.0,57.9,11,5,15.4,19,2,0.3,7,82.7,0,0,20,52.6,0.0,106.5,0.0,0,0,0,0,1,0,0.0,176,9.3,0,85.7,7,7,7.3,-3.9,2.89,0,0,0.0,85.7,6,2,0.0,7,0,0.11,1,60.8,0,0,7,28.6,0.0,89.9,0.0,0,0,0,0,0,0,0.0,39,5.6,25.0,4,4,4.2,32.3,3.7,0,1,25.0,0.0,0,2,100.0,4,1,-0.73,0,75.7,0,0,4,0.0,0.0,39.6,0.0,0,0,0,0,0,0,0.0,0,0.0,60.0,5,5,5.2,14.0,4.12,0,0,0.0,60.0,3,2,0.0,5,0,-0.15,1,67.6,0,0,5,60.0,0.0,87.9,0.0,0,0,0,0,0,0,0.0,43,8.6,54.5,11,11,11.5,3.5,3.66,0,0,0.0,54.5,6,4,0.0,11,0,0.03,1,63.5,0,0,11,36.4,0.0,61.9,0.0,0,0,0,0,0,0,0.0,38,3.5,65.6,32,32,33.3,3.9,3.07,0,0,0.0,62.5,20,11,4.8,32,1,-0.47,6,47.6,0,0,32,40.6,0.0,74.5,0.0,0,0,0,0,0,2,6.3,156,4.9
Danny O'Neil,184200,QB,WISCONSIN,6,90,118,70.8,24,24,26.7,-2.8,2.3,0,0,0.0,70.8,17,6,0.0,24,0,-0.53,4,55.0,0,1,25,33.3,0.0,56.6,0.0,0,0,0,0,0,0,0.0,74,3.1,73.3,15,15,16.7,-2.2,1.91,0,0,0.0,73.3,11,2,0.0,15,0,-0.35,4,58.8,0,1,16,46.7,0.0,56.0,0.0,0,0,0,0,0,0,0.0,74,4.9,20.0,5,5,5.6,33.2,3.14,0,1,20.0,20.0,1,2,0.0,5,0,-0.37,1,53.9,0,0,5,20.0,0.0,45.4,0.0,0,0,0,0,0,0,0.0,22,4.4,80.0,5,5,5.6,12.0,2.04,0,0,0.0,80.0,4,0,0.0,5,0,1.1,4,74.7,0,0,5,80.0,,157.9,0.0,0,0,0,0,1,0,0.0,62,12.4,100.0,17,17,18.9,4.6,2.34,0,0,0.0,100.0,17,5,0.0,17,0,1.07,12,81.8,0,0,18,94.1,0.0,130.1,0.0,0,0,0,0,1,0,0.0,179,10.5,0,33.3,12,12,13.3,28.8,3.11,0,3,21.4,33.3,4,5,0.0,12,0,0.02,4,66.2,0,1,14,33.3,0.0,64.6,0.0,0,0,0,0,1,1,7.1,120,10.0,349,75.0,4,4,4.4,-4.3,3.55,0,0,0.0,75.0,3,3,0.0,4,0,-1.23,0,57.0,0,0,4,0.0,0.0,77.1,0.0,0,0,0,0,0,0,0.0,-7,-1.8,66.7,3,3,3.3,30.0,2.93,0,2,50.0,66.7,2,2,0.0,3,0,1.08,2,71.3,0,1,4,66.7,0.0,109.7,0.0,0,0,0,0,1,1,25.0,75,25.0,0.0,1,1,1.1,17.0,3.2,0,0,0.0,0.0,0,0,,1,0,-0.76,0,46.8,0,0,1,0.0,,39.6,0.0,0,0,0,0,0,0,0.0,0,0.0,66.7,6,6,6.7,3.8,2.5,0,0,0.0,66.7,4,2,0.0,6,0,0.14,1,60.6,0,0,6,33.3,0.0,109.7,0.0,0,0,0,0,1,0,0.0,18,3.0,46.2,13,13,14.4,13.7,2.49,0,0,0.0,46.2,6,1,0.0,13,0,-0.25,6,24.0,0,3,13,46.2,0.0,86.1,0.0,0,0,0,0,2,4,30.8,142,10.9,0,60.0,5,5,5.6,-3.4,2.48,0,0,0.0,60.0,3,1,0.0,5,0,-0.54,0,52.1,0,0,5,20.0,0.0,64.6,0.0,0,0,0,0,0,0,0.0,7,1.4,25.0,4,4,4.4,22.5,3.2,0,0,0.0,25.0,1,1,0.0,4,0,-0.28,1,67.9,0,0,5,25.0,0.0,51.0,0.0,0,0,0,0,0,0,0.0,23,5.8,28.6,7,7,7.8,14.4,2.71,0,0,0.0,28.6,2,1,0.0,7,0,-1.14,2,18.8,0,3,7,28.6,0.0,74.7,0.0,0,0,0,0,1,4,57.1,80,11.4,86.7,15,15,16.7,4.4,3.62,0,0,0.0,86.7,13,5,0.0,15,0,0.3,7,57.9,0,0,15,66.7,0.0,95.0,0.0,0,0,0,0,0,0,0.0,102,6.8,89.5,38,38,42.2,4.4,2.87,0,0,0.0,89.5,34,12,0.0,38,0,0.62,20,71.4,0,0,39,73.7,0.0,117.0,0.0,0,0,0,0,2,0,0.0,299,7.9
Nicco Marchiol,157363,QB,W VIRGINIA,4,98,116,87.5,16,16,16.3,-3.4,2.19,0,0,0.0,87.5,14,3,0.0,16,0,-0.29,2,68.8,0,0,16,25.0,0.0,83.1,0.0,0,0,0,0,0,0,0.0,63,3.9,87.5,8,8,8.2,-4.3,1.48,0,0,0.0,87.5,7,0,0.0,8,0,-0.51,0,66.8,0,0,8,12.5,,80.2,0.0,0,0,0,0,0,0,0.0,26,3.3,33.3,3,3,3.1,23.0,2.53,0,0,0.0,33.3,1,1,0.0,3,0,-0.47,1,71.3,0,1,3,33.3,0.0,33.3,0.0,0,0,0,0,0,0,0.0,31,10.3,53.3,15,15,15.3,13.9,2.42,0,2,12.5,53.3,8,7,0.0,15,0,-0.03,7,68.8,0,1,16,53.3,0.0,61.0,0.0,0,0,0,0,0,1,6.3,152,10.1,77.3,22,22,22.4,4.5,2.04,0,0,0.0,72.7,16,2,5.9,22,1,0.24,7,61.7,0,0,24,63.6,0.0,104.7,0.0,0,0,0,0,1,1,4.2,142,6.5,0,36.4,11,11,11.2,27.6,2.66,0,2,18.2,27.3,3,2,25.0,11,1,0.22,3,68.8,0,1,11,27.3,0.0,65.7,0.0,0,0,0,0,1,1,9.1,122,11.1,343,85.7,7,7,7.1,-2.7,2.94,0,0,0.0,85.7,6,3,0.0,7,0,-0.28,1,66.0,0,0,7,28.6,0.0,81.0,0.0,0,0,0,0,0,0,0.0,24,3.4,0.0,3,3,3.1,25.7,2.67,0,0,0.0,0.0,0,0,,3,0,-0.72,0,40.4,0,0,3,0.0,,39.6,0.0,0,0,0,0,0,1,33.3,0,0.0,75.0,4,4,4.1,12.8,2.95,0,0,0.0,75.0,3,2,0.0,4,0,0.15,3,78.4,0,0,4,75.0,0.0,99.0,0.0,0,0,0,0,0,0,0.0,33,8.3,100.0,14,14,14.3,4.5,2.17,0,0,0.0,100.0,14,3,0.0,14,0,-0.08,2,69.9,0,0,14,71.4,0.0,98.2,0.0,0,0,0,0,0,0,0.0,106,7.6,57.1,21,21,21.4,13.6,2.55,0,2,9.1,57.1,12,10,0.0,21,0,-0.03,11,73.6,0,1,22,57.1,0.0,68.9,0.0,0,0,0,0,0,1,4.5,197,9.4,0,100.0,1,1,1.0,-1.0,2.6,0,0,0.0,100.0,1,0,0.0,1,0,1.46,1,60.6,0,0,1,100.0,,118.8,0.0,0,0,0,0,0,0,0.0,13,13.0,60.0,5,5,5.1,31.6,2.74,0,2,40.0,40.0,2,1,33.3,5,1,1.21,2,80.7,0,0,5,40.0,0.0,127.1,0.0,0,0,0,0,1,0,0.0,91,18.2,50.0,2,2,2.0,13.0,2.75,0,0,0.0,50.0,1,1,0.0,2,0,-0.42,1,61.5,0,0,2,50.0,0.0,68.8,0.0,0,0,0,0,0,0,0.0,12,6.0,100.0,7,7,7.1,3.7,2.01,0,0,0.0,100.0,7,2,0.0,7,0,0.92,4,78.7,0,0,7,71.4,0.0,112.5,0.0,0,0,0,0,0,0,0.0,77,11.0,88.4,43,43,43.9,4.3,2.08,0,0,0.0,86.0,37,7,2.6,43,1,0.25,13,70.5,0,0,45,67.4,0.0,105.9,0.0,0,0,0,0,1,1,2.2,325,7.6
Cale Hellums,170981,QB,ARMY,12,80,115,90.0,10,10,12.5,-3.6,1.69,0,0,0.0,90.0,9,2,0.0,10,0,-0.46,1,67.6,0,0,10,20.0,0.0,79.2,0.0,0,0,0,0,0,0,0.0,24,2.4,83.3,6,6,7.5,-3.5,1.15,0,0,0.0,83.3,5,1,0.0,6,0,-0.36,1,66.0,0,0,6,16.7,0.0,79.2,0.0,0,0,0,0,0,0,0.0,16,2.7,43.8,16,16,20.0,31.9,3.19,0,6,31.6,37.5,6,6,14.3,16,1,0.8,6,76.9,0,1,19,37.5,0.0,80.2,0.0,0,0,0,0,1,2,10.5,241,15.1,50.0,12,12,15.0,14.5,2.8,0,0,0.0,41.7,5,5,16.7,12,1,-0.1,5,45.9,0,1,13,41.7,0.0,55.9,0.0,0,0,0,0,1,1,7.7,75,6.3,100.0,6,6,7.5,7.7,2.25,0,0,0.0,83.3,5,3,16.7,6,1,1.4,3,86.5,0,0,7,66.7,0.0,138.9,0.0,0,0,0,0,1,0,0.0,47,7.8,0,34.8,23,23,28.8,30.7,3.44,0,8,29.6,30.4,7,11,12.5,23,1,0.25,7,71.9,0,2,27,30.4,0.0,53.7,0.0,0,0,0,0,1,3,11.1,265,11.5,114,100.0,2,2,2.5,-5.0,3.1,0,0,0.0,100.0,2,1,0.0,2,0,-0.27,0,62.6,0,0,2,50.0,0.0,79.2,0.0,0,0,0,0,0,0,0.0,5,2.5,0.0,1,1,1.3,26.0,3.1,0,1,50.0,0.0,0,0,,1,0,-0.57,0,83.6,0,0,2,0.0,,39.6,0.0,0,0,0,0,0,0,0.0,0,0.0,83.3,6,6,7.5,13.0,2.6,0,0,0.0,83.3,5,2,0.0,6,0,1.57,5,81.0,0,0,6,83.3,0.0,118.8,0.0,0,0,0,0,0,0,0.0,82,13.7,66.7,3,3,3.8,4.7,1.93,0,0,0.0,66.7,2,0,0.0,3,0,-0.52,0,49.7,0,0,3,33.3,,70.1,0.0,0,0,0,0,0,0,0.0,9,3.0,63.6,22,22,27.5,14.0,2.72,0,1,4.3,54.5,12,10,14.3,22,2,0.52,12,70.7,0,1,23,54.5,0.0,83.1,0.0,0,0,0,0,1,1,4.3,208,9.5,0,100.0,2,2,2.5,-2.5,1.9,0,0,0.0,100.0,2,0,0.0,2,0,-0.95,0,62.7,0,0,2,0.0,,79.2,0.0,0,0,0,0,0,0,0.0,3,1.5,16.7,6,6,7.5,28.0,4.18,0,1,16.7,16.7,1,5,0.0,6,0,-1.07,1,42.9,0,1,6,16.7,0.0,4.2,0.0,0,0,0,0,0,1,16.7,24,4.0,75.0,4,4,5.0,14.0,2.68,0,1,25.0,50.0,2,3,33.3,4,1,0.82,2,91.5,0,0,4,50.0,0.0,95.8,0.0,0,0,0,0,0,0,0.0,51,12.8,62.5,8,8,10.0,6.1,1.95,0,0,0.0,62.5,5,0,0.0,8,0,0.46,2,34.4,0,0,8,50.0,,71.4,0.0,0,0,0,0,0,1,12.5,33,4.1,76.5,17,17,21.3,6.4,2.05,0,0,0.0,70.6,12,3,7.7,17,1,0.62,5,57.1,0,0,18,52.9,0.0,102.3,0.0,0,0,0,0,1,1,5.6,89,5.2
Gabarri Johnson,175905,QB,OREGON ST,8,97,115,85.7,21,21,21.6,-3.8,1.89,0,0,0.0,71.4,15,1,16.7,21,3,-0.37,3,61.3,0,0,21,19.0,0.0,76.1,0.0,0,0,0,0,0,0,0.0,73,3.5,88.9,18,18,18.6,-3.9,1.78,0,0,0.0,77.8,14,1,12.5,18,2,-0.23,3,63.0,0,0,18,22.2,0.0,83.1,0.0,0,0,0,0,0,0,0.0,71,3.9,50.0,2,2,2.1,35.5,3.4,0,1,50.0,0.0,0,2,100.0,2,1,-0.6,0,76.0,0,0,2,0.0,0.0,39.6,0.0,0,0,0,0,0,0,0.0,0,0.0,80.0,5,5,5.2,12.4,3.14,0,0,0.0,80.0,4,1,0.0,5,0,1.04,4,83.8,0,0,5,80.0,0.0,118.8,0.0,0,0,0,0,0,0,0.0,75,15.0,68.6,35,35,36.1,4.0,2.35,0,0,0.0,62.9,22,6,8.3,35,2,-0.3,10,41.1,0,2,37,45.7,0.0,61.2,0.0,0,0,0,0,1,3,8.1,177,5.1,0,30.0,10,10,10.3,29.0,3.02,0,2,16.7,20.0,2,4,33.3,10,1,-0.61,2,40.2,0,1,12,20.0,0.0,10.4,0.0,0,0,0,0,0,1,8.3,55,5.5,265,100.0,1,1,1.0,-1.0,1.6,0,0,0.0,100.0,1,0,0.0,1,0,-1.8,0,61.0,0,0,1,0.0,,79.2,0.0,0,0,0,0,0,0,0.0,2,2.0,33.3,3,3,3.1,23.7,2.7,0,0,0.0,33.3,1,1,0.0,3,0,-0.44,1,27.8,0,1,4,33.3,0.0,27.8,0.0,0,0,0,0,0,1,25.0,27,9.0,0.0,1,1,1.0,16.0,2.6,0,0,0.0,0.0,0,0,,1,0,-0.32,0,54.8,0,0,1,0.0,,39.6,0.0,0,0,0,0,0,0,0.0,0,0.0,62.5,8,8,8.2,4.1,2.24,0,0,0.0,62.5,5,1,0.0,8,0,0.17,2,66.8,0,0,8,37.5,0.0,110.9,0.0,0,0,0,0,1,0,0.0,33,4.1,70.0,10,10,10.3,13.4,3.17,0,0,0.0,60.0,6,2,14.3,10,1,0.57,6,69.6,0,0,11,60.0,0.0,95.8,0.0,0,0,0,0,0,0,0.0,105,10.5,0,50.0,2,2,2.1,-4.0,3.05,0,0,0.0,0.0,0,0,100.0,2,1,-0.91,0,54.5,0,0,2,0.0,,39.6,0.0,0,0,0,0,0,0,0.0,0,0.0,20.0,5,5,5.2,29.6,3.06,0,1,16.7,20.0,1,1,0.0,5,0,-0.71,1,50.4,0,0,6,20.0,0.0,50.4,0.0,0,0,0,0,0,0,0.0,28,5.6,75.0,4,4,4.1,14.0,3.35,0,0,0.0,50.0,2,1,33.3,4,1,0.2,2,55.1,0,0,5,50.0,0.0,75.0,0.0,0,0,0,0,0,0,0.0,30,7.5,91.7,12,12,12.4,4.3,2.32,0,0,0.0,83.3,10,4,9.1,12,1,-0.45,2,66.9,0,0,12,50.0,0.0,85.4,0.0,0,0,0,0,0,0,0.0,54,4.5,72.7,55,55,56.7,4.1,2.33,0,0,0.0,67.3,37,11,7.5,55,3,-0.26,14,50.4,0,2,57,45.5,0.0,75.1,0.0,0,0,0,0,2,3,5.3,264,4.8
TJ Lateef,199810,QB,NEBRASKA,6,95,114,94.4,18,18,18.9,-3.0,1.99,0,0,0.0,94.4,17,1,0.0,18,0,0.41,7,65.9,0,0,18,55.6,0.0,123.6,0.0,0,0,0,0,1,0,0.0,166,9.2,93.8,16,16,16.8,-2.9,1.99,0,0,0.0,93.8,15,1,0.0,16,0,0.37,6,65.2,0,0,16,50.0,0.0,128.1,0.0,0,0,0,0,1,0,0.0,156,9.8,33.3,3,3,3.2,34.3,3.67,0,1,33.3,33.3,1,0,0.0,3,0,1.15,1,66.4,0,0,3,33.3,,121.5,0.0,0,0,0,0,1,0,0.0,62,20.7,33.3,6,6,6.3,14.3,3.13,0,0,0.0,33.3,2,1,0.0,6,0,0.07,2,46.3,0,0,7,33.3,0.0,52.8,0.0,0,0,0,0,0,1,14.3,33,5.5,88.9,27,27,28.4,4.0,2.22,0,0,0.0,85.2,23,2,4.2,27,1,0.45,10,61.3,0,0,27,70.4,0.0,104.2,0.0,0,0,0,0,0,0,0.0,243,9.0,0,23.1,13,13,13.7,28.8,3.02,0,2,14.3,15.4,2,1,33.3,13,1,0.04,2,57.7,0,0,14,15.4,0.0,79.6,0.0,0,0,0,0,1,0,0.0,84,6.5,238,100.0,1,1,1.1,-5.0,2.4,0,0,0.0,100.0,1,0,0.0,1,0,0.5,0,60.4,0,0,1,100.0,,79.2,0.0,0,0,0,0,0,0,0.0,-5,-5.0,0.0,4,4,4.2,28.8,2.63,0,0,0.0,0.0,0,0,,4,0,-0.6,0,39.2,0,0,4,0.0,,39.6,0.0,0,0,0,0,0,0,0.0,0,0.0,100.0,2,2,2.1,16.5,3.45,0,1,33.3,100.0,2,0,0.0,2,0,2.9,2,84.5,0,0,3,100.0,,158.3,0.0,0,0,0,0,1,0,0.0,62,31.0,100.0,5,5,5.3,3.8,2.26,0,0,0.0,80.0,4,2,20.0,5,1,-0.32,1,73.6,0,0,5,40.0,0.0,80.8,0.0,0,0,0,0,0,0,0.0,17,3.4,44.4,18,18,18.9,14.7,3.41,0,1,5.0,44.4,8,4,0.0,18,0,0.49,8,55.7,0,0,20,44.4,0.0,96.8,0.0,0,0,0,0,1,1,5.0,169,9.4,0,100.0,1,1,1.1,-2.0,1.6,0,0,0.0,100.0,1,0,0.0,1,0,0.94,1,60.4,0,0,1,100.0,,118.8,0.0,0,0,0,0,0,0,0.0,15,15.0,33.3,6,6,6.3,26.2,2.97,0,1,14.3,16.7,1,1,50.0,6,1,-0.09,1,67.4,0,0,7,16.7,0.0,42.4,0.0,0,0,0,0,0,0,0.0,22,3.7,40.0,10,10,10.5,14.5,3.57,0,0,0.0,40.0,4,3,0.0,10,0,0.26,4,51.8,0,0,10,40.0,0.0,66.3,0.0,0,0,0,0,0,0,0.0,74,7.4,100.0,5,5,5.3,4.0,2.62,0,0,0.0,100.0,5,1,0.0,5,0,1.4,3,53.4,0,0,5,100.0,0.0,142.1,0.0,0,0,0,0,1,0,0.0,43,8.6,91.9,37,37,38.9,3.9,2.28,0,0,0.0,86.5,32,5,5.9,37,2,0.48,14,63.1,0,0,37,70.3,0.0,109.8,0.0,0,0,0,0,1,0,0.0,303,8.2
Chubba Purdy,122412,QB,NEVADA,8,88,113,71.4,14,14,15.9,-2.9,1.61,0,0,0.0,64.3,9,2,10.0,14,1,-0.53,2,38.3,0,1,15,35.7,0.0,43.5,0.0,0,0,0,0,0,1,6.7,59,4.2,75.0,12,12,13.6,-2.8,1.58,0,0,0.0,66.7,8,2,11.1,12,1,-0.78,1,39.1,0,1,13,33.3,0.0,35.4,0.0,0,0,0,0,0,1,7.7,31,2.6,75.0,4,4,4.5,29.8,3.05,0,1,25.0,75.0,3,1,0.0,4,0,2.47,3,91.0,0,0,4,75.0,0.0,156.3,0.0,0,0,0,0,1,0,0.0,116,29.0,53.3,15,15,17.0,14.3,3.05,0,0,0.0,46.7,7,5,12.5,15,1,-1.22,6,53.1,0,5,17,40.0,0.0,63.6,0.0,0,0,0,0,1,4,23.5,144,9.6,68.8,16,16,18.2,5.0,2.47,0,0,0.0,50.0,8,3,27.3,16,3,-0.27,4,52.5,0,0,17,37.5,0.0,58.1,0.0,0,0,0,0,0,0,0.0,55,3.4,0,46.2,13,13,14.8,28.3,2.93,0,2,13.3,46.2,6,4,0.0,13,0,0.54,6,57.5,0,2,15,46.2,0.0,92.6,0.0,0,0,0,0,2,4,26.7,207,15.9,239,50.0,2,2,2.3,-3.5,1.85,0,0,0.0,50.0,1,0,0.0,2,0,0.93,1,54.6,0,0,2,50.0,,95.8,0.0,0,0,0,0,0,0,0.0,28,14.0,16.7,6,6,6.8,30.7,2.98,0,0,0.0,16.7,1,1,0.0,6,0,-0.97,1,33.8,0,1,6,16.7,0.0,2.1,0.0,0,0,0,0,0,2,33.3,21,3.5,33.3,3,3,3.4,16.7,2.33,0,0,0.0,33.3,1,0,0.0,3,0,-0.97,1,52.8,0,0,3,33.3,,57.6,0.0,0,0,0,0,0,0,0.0,20,6.7,87.5,8,8,9.1,4.5,2.58,0,0,0.0,75.0,6,2,14.3,8,1,-0.05,1,61.6,0,0,8,37.5,0.0,84.9,0.0,0,0,0,0,0,0,0.0,39,4.9,52.4,21,21,23.9,14.2,3.02,0,0,0.0,42.9,9,7,18.2,21,2,-1.03,8,52.5,0,5,23,38.1,0.0,49.0,0.0,0,0,0,0,1,5,21.7,176,8.4,0,,0,0,0.0,,,0,0,,,0,0,,0,0,0.0,0,,0,0,0,,,0.0,,0,0,0,0,0,0,,0,,66.7,3,3,3.4,21.7,2.67,0,1,20.0,66.7,2,2,0.0,3,0,1.01,2,54.1,0,1,5,66.7,0.0,109.7,0.0,0,0,0,0,1,2,40.0,70,23.3,66.7,3,3,3.4,11.3,3.57,0,0,0.0,33.3,1,2,50.0,3,1,-0.13,1,60.0,0,0,3,33.3,0.0,46.5,0.0,0,0,0,0,0,1,33.3,12,4.0,85.7,7,7,8.0,4.9,2.33,0,0,0.0,85.7,6,1,0.0,7,0,0.32,3,62.5,0,0,8,71.4,0.0,90.5,0.0,0,0,0,0,0,0,0.0,40,5.7,77.4,31,31,35.2,4.8,2.46,0,0,0.0,64.5,20,6,16.7,31,4,-0.08,8,56.6,0,0,33,45.2,0.0,73.9,0.0,0,0,0,0,0,0,0.0,134,4.3
Adam Damante,170711,QB,NEW MEX ST,4,104,113,91.3,23,23,22.1,-3.2,1.67,0,0,0.0,87.0,20,2,4.8,23,1,-0.27,2,64.8,0,1,23,39.1,0.0,65.8,0.0,0,0,0,0,0,0,0.0,95,4.1,88.9,18,18,17.3,-3.3,1.69,0,0,0.0,88.9,16,2,0.0,18,0,-0.26,2,66.3,0,1,18,44.4,0.0,63.0,0.0,0,0,0,0,0,0,0.0,84,4.7,100.0,1,1,1.0,21.0,2.7,0,0,0.0,100.0,1,1,0.0,1,0,0.69,1,76.2,0,0,1,100.0,0.0,118.8,0.0,0,0,0,0,0,0,0.0,21,21.0,72.7,11,11,10.6,13.0,2.32,0,0,0.0,72.7,8,1,0.0,11,0,0.81,7,67.3,0,0,12,72.7,0.0,129.7,0.0,0,0,0,0,1,1,8.3,97,8.8,88.9,27,27,26.0,5.1,1.82,0,0,0.0,74.1,20,4,16.7,27,4,0.35,10,68.9,0,1,29,63.0,0.0,85.1,0.0,0,0,0,0,1,0,0.0,158,5.9,0,41.7,12,12,11.5,33.1,2.86,0,1,6.7,33.3,4,3,20.0,12,1,0.29,4,54.8,0,1,15,33.3,0.0,75.0,0.0,0,0,0,0,1,2,13.3,165,13.8,242,100.0,5,5,4.8,-3.0,1.58,0,0,0.0,80.0,4,0,20.0,5,1,-0.31,0,58.7,0,0,5,20.0,,79.2,0.0,0,0,0,0,0,0,0.0,11,2.2,20.0,5,5,4.8,30.2,2.8,0,0,0.0,0.0,0,1,100.0,5,1,-0.63,0,36.4,0,0,8,0.0,0.0,39.6,0.0,0,0,0,0,0,2,25.0,0,0.0,44.4,9,9,8.7,14.6,2.04,0,0,0.0,44.4,4,2,0.0,9,0,-0.15,3,43.0,0,1,9,44.4,0.0,61.1,0.0,0,0,0,0,1,1,11.1,53,5.9,66.7,3,3,2.9,4.0,1.63,0,0,0.0,66.7,2,0,0.0,3,0,-0.37,1,52.6,0,0,3,33.3,,70.1,0.0,0,0,0,0,0,0,0.0,7,2.3,69.2,26,26,25.0,14.0,2.44,0,0,0.0,65.4,17,7,5.6,26,1,0.46,14,64.0,0,1,28,65.4,0.0,103.8,0.0,0,0,0,0,2,2,7.1,235,9.0,0,,0,0,0.0,,,0,0,,,0,0,,0,0,0.0,0,,0,0,0,,,0.0,,0,0,0,0,0,0,,0,,50.0,6,6,5.8,37.5,2.93,0,1,16.7,50.0,3,1,0.0,6,0,0.99,3,70.1,0,1,6,50.0,0.0,95.8,0.0,0,0,0,0,1,0,0.0,144,24.0,100.0,6,6,5.8,14.8,3.27,0,0,0.0,83.3,5,4,16.7,6,1,0.74,4,79.8,0,0,7,83.3,0.0,118.8,0.0,0,0,0,0,0,0,0.0,85,14.2,87.5,8,8,7.7,3.8,2.73,0,0,0.0,87.5,7,3,0.0,8,0,0.49,4,65.2,0,0,8,75.0,0.0,135.9,0.0,0,0,0,0,1,0,0.0,57,7.1,86.8,38,38,36.5,4.7,1.99,0,0,0.0,76.3,29,7,12.1,38,4,0.32,15,67.2,0,1,40,63.2,0.0,96.6,0.0,0,0,0,0,2,0,0.0,222,5.8
Trey Kukuk,198675,QB,LA TECH,8,91,106,92.9,28,28,30.8,-3.5,1.93,0,0,0.0,85.7,24,5,7.7,28,2,-0.11,6,71.4,0,0,28,28.6,0.0,100.6,0.0,0,0,0,0,1,0,0.0,148,5.3,90.5,21,21,23.1,-3.8,1.98,0,0,0.0,81.0,17,4,10.5,21,2,-0.05,5,70.6,0,0,21,23.8,0.0,108.1,0.0,0,0,0,0,1,0,0.0,129,6.1,0.0,1,1,1.1,33.0,3.2,0,0,0.0,0.0,0,0,,1,0,-0.94,0,58.1,0,0,1,0.0,,39.6,0.0,0,0,0,0,0,0,0.0,0,0.0,71.4,7,7,7.7,14.4,2.47,0,0,0.0,71.4,5,3,0.0,7,0,0.26,5,81.5,0,1,8,71.4,0.0,113.7,0.0,0,0,0,0,1,0,0.0,126,18.0,85.0,20,20,22.0,4.5,2.26,0,0,0.0,80.0,16,6,5.9,20,1,-0.1,4,42.3,0,1,20,55.0,0.0,72.1,0.0,0,0,0,0,0,2,10.0,126,6.3,0,0.0,5,5,5.5,30.0,3.04,0,0,0.0,0.0,0,0,,5,0,-1.41,0,46.7,0,0,5,0.0,,39.6,0.0,0,0,0,0,0,0,0.0,0,0.0,208,100.0,4,4,4.4,-2.0,1.9,0,0,0.0,100.0,4,0,0.0,4,0,-0.65,0,64.7,0,0,4,25.0,,79.2,0.0,0,0,0,0,0,0,0.0,7,1.8,0.0,1,1,1.1,34.0,2.6,0,0,0.0,0.0,0,0,,1,0,-0.65,0,58.1,0,0,1,0.0,,39.6,0.0,0,0,0,0,0,0,0.0,0,0.0,50.0,4,4,4.4,14.5,2.63,0,0,0.0,50.0,2,3,0.0,4,0,-0.36,2,30.0,0,1,5,50.0,0.0,49.0,0.0,0,0,0,0,0,1,20.0,43,10.8,87.5,8,8,8.8,4.3,1.79,0,0,0.0,87.5,7,1,0.0,8,0,0.53,3,61.0,0,0,8,75.0,0.0,100.0,0.0,0,0,0,0,0,0,0.0,64,8.0,61.5,13,13,14.3,14.2,2.73,0,0,0.0,61.5,8,7,0.0,13,0,0.13,8,58.5,0,2,16,61.5,0.0,91.5,0.0,0,0,0,0,1,1,6.3,180,13.8,0,100.0,3,3,3.3,-3.3,1.63,0,0,0.0,100.0,3,1,0.0,3,0,0.18,1,63.9,0,0,3,66.7,0.0,83.3,0.0,0,0,0,0,0,0,0.0,12,4.0,0.0,3,3,3.3,27.7,3.13,0,0,0.0,0.0,0,0,,3,0,-1.83,0,45.5,0,0,3,0.0,,39.6,0.0,0,0,0,0,0,0,0.0,0,0.0,50.0,2,2,2.2,12.5,3.85,0,0,0.0,50.0,1,1,0.0,2,0,0.65,1,58.2,0,0,3,50.0,0.0,66.7,0.0,0,0,0,0,0,0,0.0,11,5.5,80.0,5,5,5.5,4.0,2.16,0,0,0.0,80.0,4,0,0.0,5,0,0.63,2,64.8,0,0,5,60.0,,83.3,0.0,0,0,0,0,0,0,0.0,20,4.0,84.8,33,33,36.3,4.3,2.13,0,0,0.0,81.8,27,7,3.6,33,1,0.16,9,48.8,0,1,33,60.6,0.0,80.6,0.0,0,0,0,0,0,2,6.1,210,6.4
Conner Harrell,156352,QB,CHARLOTTE,4,96,106,100.0,22,22,22.9,-2.6,2.05,0,0,0.0,95.5,21,2,4.5,22,1,-0.22,4,70.4,0,0,24,31.8,0.0,100.0,0.0,0,0,0,0,1,0,0.0,96,4.4,100.0,19,19,19.8,-2.6,2.06,0,0,0.0,94.7,18,2,5.3,19,1,-0.17,3,70.0,0,0,21,31.6,0.0,102.9,0.0,0,0,0,0,1,0,0.0,85,4.5,33.3,6,6,6.3,34.8,3.38,0,1,16.7,16.7,1,3,50.0,6,1,-0.5,1,57.2,0,1,6,16.7,0.0,25.7,0.0,0,0,0,0,0,1,16.7,55,9.2,62.5,8,8,8.3,13.4,3.04,0,0,0.0,62.5,5,4,0.0,8,0,1.06,5,61.6,0,1,9,62.5,0.0,57.8,0.0,0,0,0,0,0,1,11.1,83,10.4,83.3,12,12,12.5,4.1,2.25,0,0,0.0,75.0,9,4,10.0,12,1,0.75,7,68.2,0,0,13,66.7,0.0,125.7,0.0,0,0,0,0,1,0,0.0,96,8.0,0,35.7,14,14,14.6,30.0,3.01,0,2,14.3,21.4,3,6,40.0,14,2,-0.15,3,69.9,0,1,14,21.4,0.0,58.6,0.0,0,0,0,0,1,1,7.1,126,9.0,136,100.0,2,2,2.1,-2.0,1.85,0,0,0.0,100.0,2,0,0.0,2,0,-0.14,1,62.6,0,0,2,50.0,,93.8,0.0,0,0,0,0,0,0,0.0,13,6.5,25.0,4,4,4.2,25.5,2.88,0,0,0.0,0.0,0,2,100.0,4,1,-0.81,0,63.3,0,0,4,0.0,0.0,39.6,0.0,0,0,0,0,0,0,0.0,0,0.0,66.7,6,6,6.3,13.5,3.55,0,0,0.0,66.7,4,3,0.0,6,0,1.47,4,76.1,0,0,7,66.7,0.0,109.7,0.0,0,0,0,0,0,0,0.0,106,17.7,87.5,8,8,8.3,3.5,2.8,0,0,0.0,87.5,7,2,0.0,8,0,0.17,4,67.1,0,0,8,75.0,0.0,127.6,0.0,0,0,0,0,1,0,0.0,41,5.1,66.7,24,24,25.0,13.2,3.03,0,0,0.0,66.7,16,8,0.0,24,0,1.06,16,80.4,0,1,27,66.7,0.0,92.4,0.0,0,0,0,0,0,1,3.7,317,13.2,0,100.0,1,1,1.0,-4.0,2.2,0,0,0.0,100.0,1,0,0.0,1,0,-1.24,0,60.6,0,0,1,0.0,,79.2,0.0,0,0,0,0,0,0,0.0,-2,-2.0,50.0,4,4,4.2,27.3,2.6,0,1,25.0,50.0,2,1,0.0,4,0,1.04,2,81.8,0,0,4,50.0,0.0,135.4,0.0,0,0,0,0,1,0,0.0,71,17.8,70.0,10,10,10.4,12.9,2.72,0,0,0.0,70.0,7,1,0.0,10,0,0.81,7,84.7,0,0,11,70.0,0.0,112.5,0.0,0,0,0,0,0,0,0.0,128,12.8,81.8,11,11,11.5,3.9,2.19,0,0,0.0,72.7,8,0,11.1,11,1,0.49,2,63.7,0,0,12,54.5,,85.8,0.0,0,0,0,0,0,0,0.0,61,5.5,83.9,31,31,32.3,3.9,2.37,0,0,0.0,77.4,24,6,7.7,31,2,0.51,13,69.1,0,0,33,64.5,0.0,114.7,0.0,0,0,0,0,2,0,0.0,198,6.4
Brandon Rose,158503,QB,UMASS,6,88,101,94.1,17,17,19.3,-2.1,1.82,0,0,0.0,88.2,15,2,6.3,17,1,-0.23,4,65.9,0,0,17,47.1,0.0,79.2,0.0,0,0,0,0,0,0,0.0,50,2.9,88.9,9,9,10.2,-2.9,1.97,0,0,0.0,88.9,8,1,0.0,9,0,-0.57,1,62.3,0,0,9,22.2,0.0,79.2,0.0,0,0,0,0,0,0,0.0,10,1.1,,0,0,0.0,,,0,0,0.0,,0,0,,0,0,0.0,0,58.0,0,0,1,,,0.0,,0,0,0,0,0,0,0.0,0,,46.2,13,13,14.8,12.8,3.07,0,0,0.0,38.5,5,6,16.7,13,1,-1.14,3,29.4,0,3,14,30.8,0.0,17.0,0.0,0,0,0,0,0,4,28.6,70,5.4,87.0,23,23,26.1,4.5,2.61,0,0,0.0,78.3,18,5,10.0,23,2,0.32,6,63.8,0,0,23,56.5,0.0,91.7,0.0,0,0,0,0,0,0,0.0,138,6.0,0,33.3,6,6,6.8,29.5,2.48,0,0,0.0,16.7,1,1,50.0,6,1,-0.5,1,60.9,0,0,8,16.7,0.0,42.4,0.0,0,0,0,0,0,0,0.0,22,3.7,216,100.0,4,4,4.5,-1.5,1.5,0,0,0.0,100.0,4,0,0.0,4,0,0.6,2,64.7,0,0,4,100.0,,94.8,0.0,0,0,0,0,0,0,0.0,27,6.8,40.0,5,5,5.7,28.4,2.5,0,0,0.0,20.0,1,1,50.0,5,1,-0.32,1,66.9,0,0,6,20.0,0.0,45.4,0.0,0,0,0,0,0,0,0.0,22,4.4,85.7,7,7,8.0,12.9,2.79,0,0,0.0,57.1,4,2,33.3,7,2,-0.01,4,90.5,0,0,8,57.1,0.0,81.3,0.0,0,0,0,0,0,0,0.0,53,7.6,66.7,3,3,3.4,3.7,1.9,0,0,0.0,66.7,2,1,0.0,3,0,0.03,1,59.1,0,0,3,33.3,0.0,72.9,0.0,0,0,0,0,0,0,0.0,11,3.7,61.5,26,26,29.5,12.8,3.03,0,0,0.0,50.0,13,12,18.8,26,3,-0.29,11,62.2,0,3,28,46.2,0.0,45.5,0.0,0,0,0,0,1,4,14.3,178,6.8,0,100.0,4,4,4.5,-1.0,1.83,0,0,0.0,75.0,3,1,25.0,4,1,-0.31,1,64.7,0,0,4,50.0,0.0,78.1,0.0,0,0,0,0,0,0,0.0,13,3.3,0.0,1,1,1.1,35.0,2.4,0,0,0.0,0.0,0,0,,1,0,-1.42,0,51.3,0,0,1,0.0,,39.6,0.0,0,0,0,0,0,0,0.0,0,0.0,66.7,6,6,6.8,12.7,3.25,0,0,0.0,66.7,4,4,0.0,6,0,1.22,4,84.1,0,0,6,66.7,0.0,135.4,0.0,0,0,0,0,1,0,0.0,55,9.2,37.5,8,8,9.1,5.6,2.8,0,0,0.0,37.5,3,3,0.0,8,0,0.02,1,52.5,0,0,8,37.5,0.0,46.4,0.0,0,0,0,0,0,0,0.0,25,3.1,73.5,34,34,38.6,4.7,2.59,0,0,0.0,67.6,23,9,8.0,34,2,0.22,8,59.7,0,0,34,50.0,0.0,79.8,0.0,0,0,0,0,0,0,0.0,174,5.1
Jaxon Potter,176687,QB,WASH STATE,3,96,100,96.3,27,27,28.1,-3.1,1.64,0,0,0.0,92.6,25,2,3.8,27,1,-0.17,5,68.5,0,0,27,33.3,0.0,92.6,0.0,0,0,0,0,1,0,0.0,88,3.3,95.2,21,21,21.9,-3.3,1.6,0,0,0.0,90.5,19,1,5.0,21,1,-0.12,4,67.2,0,0,21,38.1,0.0,82.7,0.0,0,0,0,0,0,0,0.0,81,3.9,25.0,4,4,4.2,28.8,2.78,0,1,25.0,25.0,1,1,0.0,4,0,-1.97,1,36.8,0,2,4,25.0,0.0,22.9,0.0,0,0,0,0,0,2,50.0,34,8.5,100.0,6,6,6.3,14.2,2.45,0,0,0.0,100.0,6,2,0.0,6,0,1.74,6,93.2,0,0,6,100.0,0.0,158.3,0.0,0,0,0,0,1,0,0.0,104,17.3,73.9,23,23,24.0,4.9,2.17,0,0,0.0,69.6,16,5,5.9,23,1,-0.03,9,52.6,0,1,24,47.8,0.0,71.6,0.0,0,0,0,0,0,2,8.3,164,7.1,0,30.0,10,10,10.4,27.8,2.67,0,3,27.3,30.0,3,3,0.0,10,0,-0.46,3,59.2,0,2,11,30.0,0.0,33.8,0.0,0,0,0,0,0,2,18.2,111,11.1,341,100.0,5,5,5.2,-2.8,1.62,0,0,0.0,100.0,5,1,0.0,5,0,-0.59,0,65.4,0,0,5,0.0,0.0,79.2,0.0,0,0,0,0,0,0,0.0,4,0.8,0.0,1,1,1.0,31.0,2.2,0,0,0.0,0.0,0,0,,1,0,-0.62,0,49.5,0,0,2,0.0,,39.6,0.0,0,0,0,0,0,0,0.0,0,0.0,33.3,3,3,3.1,15.3,2.6,0,0,0.0,33.3,1,1,0.0,3,0,-0.42,1,52.4,0,0,3,33.3,0.0,59.0,0.0,0,0,0,0,0,0,0.0,21,7.0,88.9,9,9,9.4,4.6,2.02,0,0,0.0,88.9,8,1,0.0,9,0,0.69,4,80.1,0,0,11,77.8,0.0,125.0,0.0,0,0,0,0,1,0,0.0,46,5.1,76.9,13,13,13.5,14.3,2.46,0,0,0.0,76.9,10,3,0.0,13,0,0.93,10,90.4,0,0,13,76.9,0.0,157.9,0.0,0,0,0,0,2,0,0.0,168,12.9,0,100.0,1,1,1.0,-2.0,2.4,0,0,0.0,100.0,1,0,0.0,1,0,0.78,1,60.4,0,0,1,100.0,,118.8,0.0,0,0,0,0,1,0,0.0,3,3.0,40.0,5,5,5.2,26.4,2.68,0,2,40.0,40.0,2,2,0.0,5,0,0.79,2,86.0,0,0,5,40.0,0.0,87.5,0.0,0,0,0,0,0,0,0.0,77,15.4,75.0,4,4,4.2,13.8,2.38,0,0,0.0,75.0,3,0,0.0,4,0,0.73,3,77.6,0,0,4,75.0,,149.0,0.0,0,0,0,0,1,0,0.0,43,10.8,55.6,9,9,9.4,3.9,1.97,0,0,0.0,55.6,5,2,0.0,9,0,-0.32,1,46.7,0,0,9,33.3,0.0,60.9,0.0,0,0,0,0,0,0,0.0,27,3.0,73.2,41,41,42.7,4.6,2.09,0,0,0.0,70.7,29,8,3.3,41,1,0.06,14,58.2,0,1,44,51.2,0.0,83.1,0.0,0,0,0,0,1,2,4.5,237,5.8
Carson Conklin,170765,QB,FRESNO ST,4,95,99,100.0,20,20,21.1,-4.8,2.36,0,0,0.0,95.0,19,3,5.0,20,1,-0.24,4,69.7,0,0,20,40.0,0.0,83.5,0.0,0,0,0,0,0,0,0.0,81,4.1,100.0,15,15,15.8,-4.9,2.11,0,0,0.0,93.3,14,1,6.7,15,1,-0.18,3,68.8,0,0,15,40.0,0.0,85.8,0.0,0,0,0,0,0,0,0.0,69,4.6,0.0,6,6,6.3,30.8,2.73,0,0,0.0,0.0,0,2,,6,0,-1.54,0,24.6,0,1,6,0.0,0.0,0.0,0.0,0,0,0,0,0,1,16.7,0,0.0,75.0,12,12,12.6,12.8,2.55,0,0,0.0,41.7,5,5,44.4,12,4,-0.03,5,91.3,0,0,12,41.7,0.0,60.4,0.0,0,0,0,0,0,1,8.3,68,5.7,85.0,20,20,21.1,5.0,2.29,0,0,0.0,75.0,15,2,11.8,20,2,0.14,5,73.0,0,0,20,60.0,0.0,91.5,0.0,0,0,0,0,0,0,0.0,129,6.5,0,0.0,14,14,14.7,29.8,2.99,0,0,0.0,0.0,0,7,,14,0,-1.12,0,24.8,0,1,16,0.0,0.0,9.8,0.0,0,0,0,0,0,2,12.5,0,0.0,169,100.0,4,4,4.2,-3.8,2.63,0,0,0.0,100.0,4,1,0.0,4,0,-0.16,1,64.7,0,0,4,50.0,0.0,86.5,0.0,0,0,0,0,0,0,0.0,19,4.8,0.0,4,4,4.2,30.5,3.03,0,0,0.0,0.0,0,3,,4,0,-0.8,0,34.6,0,0,5,0.0,0.0,39.6,0.0,0,0,0,0,0,0,0.0,0,0.0,28.6,7,7,7.4,14.6,2.59,0,1,14.3,28.6,2,4,0.0,7,0,-0.12,2,66.9,0,1,7,28.6,0.0,42.6,0.0,0,0,0,0,1,0,0.0,26,3.7,50.0,4,4,4.2,5.8,2.8,0,0,0.0,50.0,2,0,0.0,4,0,-0.4,1,59.9,0,0,4,50.0,,56.3,0.0,0,0,0,0,0,0,0.0,8,2.0,50.0,24,24,25.3,13.6,2.75,0,1,4.2,33.3,8,9,33.3,24,4,-0.2,8,75.4,0,1,24,33.3,0.0,45.1,0.0,0,0,0,0,1,2,8.3,108,4.5,0,100.0,1,1,1.1,-7.0,5.0,0,0,0.0,100.0,1,1,0.0,1,0,-1.41,0,61.0,0,0,1,0.0,0.0,79.2,0.0,0,0,0,0,0,0,0.0,-7,-7.0,0.0,4,4,4.2,27.5,3.35,0,0,0.0,0.0,0,2,,4,0,-0.82,0,34.1,0,0,5,0.0,0.0,39.6,0.0,0,0,0,0,0,1,20.0,0,0.0,20.0,5,5,5.3,14.2,3.44,0,0,0.0,20.0,1,0,0.0,5,0,-0.7,1,34.5,0,0,5,20.0,,39.6,0.0,0,0,0,0,0,1,20.0,14,2.8,100.0,4,4,4.2,5.5,3.05,0,0,0.0,100.0,4,1,0.0,4,0,-0.03,0,59.1,0,0,5,75.0,0.0,96.9,0.0,0,0,0,0,0,0,0.0,29,7.3,82.1,28,28,29.5,5.1,2.47,0,0,0.0,75.0,21,3,8.7,28,2,0.04,6,69.8,0,0,29,60.7,0.0,89.3,0.0,0,0,0,0,0,0,0.0,166,5.9
Brady Davidson,199832,QB,N ILLINOIS,8,89,99,90.0,10,10,11.2,-1.7,2.18,0,0,0.0,90.0,9,4,0.0,10,0,0.18,2,62.9,0,0,10,60.0,0.0,93.8,0.0,0,0,0,0,0,0,0.0,65,6.5,85.7,7,7,7.9,-1.9,2.37,0,0,0.0,85.7,6,3,0.0,7,0,0.03,2,60.9,0,0,7,57.1,0.0,95.8,0.0,0,0,0,0,0,0,0.0,49,7.0,25.0,4,4,4.5,37.0,3.0,0,1,20.0,25.0,1,0,0.0,4,0,-0.16,1,60.4,0,0,5,25.0,,99.0,0.0,0,0,0,0,1,0,0.0,31,7.8,33.3,3,3,3.4,14.3,2.67,0,0,0.0,33.3,1,0,0.0,3,0,-0.18,1,40.9,0,0,3,33.3,,52.1,0.0,0,0,0,0,0,1,33.3,16,5.3,77.3,22,22,24.7,3.6,2.6,0,0,0.0,72.7,16,8,5.9,22,1,-0.11,6,67.8,0,1,25,50.0,0.0,70.6,0.0,0,0,0,0,0,1,4.0,142,6.5,0,13.3,15,15,16.9,28.4,2.61,0,1,5.9,13.3,2,4,0.0,15,0,-0.76,2,41.4,0,1,17,13.3,0.0,52.2,0.0,0,0,0,0,2,1,5.9,48,3.2,254,100.0,3,3,3.4,-1.3,1.73,0,0,0.0,100.0,3,1,0.0,3,0,0.54,0,63.9,0,0,3,66.7,0.0,88.9,0.0,0,0,0,0,0,0,0.0,16,5.3,12.5,8,8,9.0,25.5,2.43,0,0,0.0,12.5,1,1,0.0,8,0,-0.51,1,55.7,0,0,8,12.5,0.0,79.2,0.0,0,0,0,0,1,0,0.0,17,2.1,60.0,5,5,5.6,17.2,2.64,0,0,0.0,60.0,3,4,0.0,5,0,0.86,3,68.4,0,0,5,60.0,0.0,140.0,0.0,0,0,0,0,1,0,0.0,58,11.6,88.9,9,9,10.1,3.4,2.04,0,0,0.0,88.9,8,2,0.0,9,0,0.14,1,72.9,0,0,9,44.4,0.0,88.0,0.0,0,0,0,0,0,0,0.0,46,5.1,25.0,16,16,18.0,15.4,3.14,0,0,0.0,25.0,4,8,0.0,16,0,-0.52,4,28.4,0,1,16,25.0,0.0,41.1,0.0,0,0,0,0,1,2,12.5,74,4.6,0,,0,0,0.0,,,0,0,,,0,0,,0,0,0.0,0,,0,0,0,,,0.0,,0,0,0,0,0,0,,0,,0.0,3,3,3.4,24.7,2.6,0,0,0.0,0.0,0,3,,3,0,-2.23,0,27.4,0,1,4,0.0,0.0,0.0,0.0,0,0,0,0,0,1,25.0,0,0.0,0.0,8,8,9.0,14.8,3.64,0,0,0.0,0.0,0,4,,8,0,-1.52,0,24.8,0,1,8,0.0,0.0,0.0,0.0,0,0,0,0,0,1,12.5,0,0.0,33.3,6,6,6.7,7.5,2.25,0,0,0.0,33.3,2,0,0.0,6,0,-0.49,0,52.8,0,0,7,16.7,,42.4,0.0,0,0,0,0,0,0,0.0,11,1.8,73.0,37,37,41.6,4.2,2.41,0,0,0.0,70.3,26,10,3.7,37,1,-0.11,7,67.0,0,1,41,43.2,0.0,71.8,0.0,0,0,0,0,0,1,2.4,199,5.4
Daniel Beale,197861,QB,LA LAFAYET,5,86,96,80.0,10,10,11.6,-2.3,1.83,0,0,0.0,70.0,7,1,12.5,10,1,-1.61,0,62.9,0,1,10,10.0,0.0,33.3,0.0,0,0,0,0,0,0,0.0,8,0.8,71.4,7,7,8.1,-2.1,2.01,0,0,0.0,57.1,4,1,20.0,7,1,-1.89,0,60.8,0,1,7,14.3,0.0,22.6,0.0,0,0,0,0,0,0,0.0,6,0.9,25.0,4,4,4.7,38.8,3.88,0,1,20.0,25.0,1,2,0.0,4,0,-0.2,1,62.7,0,0,5,25.0,0.0,71.9,0.0,0,0,0,0,0,0,0.0,43,10.8,50.0,6,6,7.0,14.5,2.7,0,1,14.3,33.3,2,1,33.3,6,1,-0.48,2,70.2,0,1,7,16.7,0.0,13.2,0.0,0,0,0,0,0,0,0.0,33,5.5,80.0,30,30,34.9,3.6,2.56,0,0,0.0,70.0,21,8,12.5,30,3,0.04,13,60.7,0,2,31,56.7,0.0,60.8,0.0,0,0,0,0,0,1,3.2,203,6.8,0,30.8,13,13,15.1,30.7,2.85,0,2,9.5,15.4,2,4,50.0,13,2,-0.09,2,56.2,0,0,21,15.4,0.0,50.2,0.0,0,0,0,0,0,0,0.0,72,5.5,207,100.0,1,1,1.2,-6.0,1.5,0,0,0.0,100.0,1,0,0.0,1,0,-2.07,0,61.0,0,0,1,0.0,,79.2,0.0,0,0,0,0,0,0,0.0,-5,-5.0,28.6,7,7,8.1,27.9,2.46,0,0,0.0,0.0,0,2,100.0,7,2,-0.54,0,54.1,0,0,8,0.0,0.0,39.6,0.0,0,0,0,0,0,0,0.0,0,0.0,40.0,5,5,5.8,14.8,3.06,0,0,0.0,40.0,2,3,0.0,5,0,0.23,2,61.2,0,0,5,40.0,0.0,60.4,0.0,0,0,0,0,0,0,0.0,30,6.0,66.7,6,6,7.0,4.3,2.03,0,0,0.0,33.3,2,0,50.0,6,2,-0.34,0,53.9,0,0,6,33.3,,42.4,0.0,0,0,0,0,0,0,0.0,10,1.7,46.7,15,15,17.4,14.5,2.87,0,1,6.3,40.0,6,4,14.3,15,1,0.11,6,66.6,0,1,16,33.3,0.0,53.2,0.0,0,0,0,0,1,0,0.0,84,5.6,0,100.0,2,2,2.3,-1.0,1.35,0,0,0.0,100.0,2,0,0.0,2,0,-0.41,0,62.6,0,0,2,0.0,,81.3,0.0,0,0,0,0,0,0,0.0,7,3.5,50.0,2,2,2.3,24.5,2.15,0,1,12.5,50.0,1,0,0.0,2,0,1.68,1,56.4,0,0,8,50.0,,95.8,0.0,0,0,0,0,0,0,0.0,29,14.5,50.0,4,4,4.7,14.0,2.9,0,0,0.0,50.0,2,0,0.0,4,0,0.86,2,60.3,0,0,4,50.0,,105.2,0.0,0,0,0,0,1,0,0.0,21,5.3,57.1,7,7,8.1,3.6,2.36,0,0,0.0,57.1,4,1,0.0,7,0,-0.34,2,57.4,0,0,9,28.6,0.0,62.2,0.0,0,0,0,0,0,0,0.0,18,2.6,74.4,43,43,50.0,3.7,2.45,0,0,0.0,62.8,27,9,15.6,43,5,-0.07,15,58.1,0,2,46,48.8,0.0,57.4,0.0,0,0,0,0,0,1,2.2,231,5.4
Brayden Fowler-Nicolosi,157207,QB,COLO STATE,3,82,95,100.0,13,13,15.9,-2.8,1.81,0,0,0.0,92.3,12,2,7.7,13,1,0.01,3,64.5,0,0,13,53.8,0.0,91.3,0.0,0,0,0,0,0,0,0.0,77,5.9,100.0,12,12,14.6,-3.0,1.67,0,0,0.0,91.7,11,1,8.3,12,1,0.04,3,64.0,0,0,12,58.3,0.0,93.1,0.0,0,0,0,0,0,0,0.0,76,6.3,33.3,3,3,3.7,34.3,3.23,0,0,0.0,33.3,1,2,0.0,3,0,0.78,1,51.7,0,0,4,33.3,0.0,64.6,0.0,0,0,0,0,0,0,0.0,25,8.3,66.7,6,6,7.3,14.5,2.53,0,0,0.0,66.7,4,3,0.0,6,0,0.9,4,70.0,0,1,7,66.7,0.0,109.7,0.0,0,0,0,0,1,1,14.3,82,13.7,65.2,23,23,28.0,4.0,2.15,0,0,0.0,52.2,12,5,20.0,23,3,-0.16,6,55.2,0,0,23,30.4,0.0,63.5,0.0,0,0,0,0,0,0,0.0,99,4.3,0,27.3,11,11,13.4,31.0,3.3,0,1,8.3,27.3,3,4,0.0,11,0,-0.32,3,53.8,0,1,12,18.2,0.0,29.0,0.0,0,0,0,0,0,1,8.3,105,9.5,144,,0,0,0.0,,,0,0,,,0,0,,0,0,0.0,0,,0,0,0,,,0.0,,0,0,0,0,0,0,,0,,25.0,4,4,4.9,29.0,3.1,0,1,25.0,25.0,1,2,0.0,4,0,-0.94,1,58.5,0,1,4,25.0,0.0,36.5,0.0,0,0,0,0,0,1,25.0,47,11.8,57.1,7,7,8.5,13.9,2.97,0,0,0.0,57.1,4,2,0.0,7,0,0.36,4,64.7,0,0,8,57.1,0.0,80.7,0.0,0,0,0,0,0,0,0.0,52,7.4,80.0,5,5,6.1,4.4,1.92,0,0,0.0,80.0,4,1,0.0,5,0,-0.26,1,33.7,0,0,5,40.0,0.0,83.3,0.0,0,0,0,0,0,1,20.0,20,4.0,47.4,19,19,23.2,13.8,2.82,0,0,0.0,47.4,9,7,0.0,19,0,0.37,9,62.1,0,1,21,47.4,0.0,69.8,0.0,0,0,0,0,1,1,4.8,149,7.8,0,100.0,1,1,1.2,-1.0,3.5,0,0,0.0,100.0,1,1,0.0,1,0,-0.34,0,60.4,0,0,1,0.0,0.0,79.2,0.0,0,0,0,0,0,0,0.0,1,1.0,25.0,4,4,4.9,30.5,3.55,0,0,0.0,25.0,1,0,0.0,4,0,-0.53,1,57.7,0,0,4,0.0,,61.5,0.0,0,0,0,0,0,0,0.0,33,8.3,16.7,6,6,7.3,13.2,2.93,0,0,0.0,16.7,1,2,0.0,6,0,-0.15,1,48.2,0,0,6,16.7,0.0,39.6,0.0,0,0,0,0,0,0,0.0,15,2.5,100.0,4,4,4.9,5.8,2.75,0,0,0.0,100.0,4,1,0.0,4,0,0.61,4,72.2,0,0,5,75.0,0.0,106.3,0.0,0,0,0,0,0,0,0.0,38,9.5,71.9,32,32,39.0,4.3,2.19,0,0,0.0,62.5,20,7,13.0,32,3,-0.08,11,52.6,0,0,33,37.5,0.0,74.6,0.0,0,0,0,0,0,1,3.0,157,4.9
Henry Hesson,145798,QB,MIAMI OH,4,81,95,100.0,6,6,7.4,-1.8,1.9,0,0,0.0,100.0,6,3,0.0,6,0,0.65,3,66.0,0,0,6,66.7,0.0,145.8,0.0,0,0,0,0,1,0,0.0,57,9.5,100.0,5,5,6.2,-2.0,1.9,0,0,0.0,100.0,5,2,0.0,5,0,0.76,3,65.4,0,0,5,60.0,0.0,148.8,0.0,0,0,0,0,1,0,0.0,51,10.2,50.0,4,4,4.9,27.8,2.38,0,2,50.0,25.0,1,2,50.0,4,1,0.15,1,91.7,0,1,4,25.0,0.0,79.2,0.0,0,0,0,0,1,0,0.0,66,16.5,30.0,10,10,12.3,13.1,2.61,0,0,0.0,20.0,2,3,33.3,10,1,-0.9,2,29.7,0,1,10,20.0,0.0,0.0,0.0,0,0,0,0,0,2,20.0,28,2.8,70.0,10,10,12.3,3.5,2.33,0,0,0.0,70.0,7,3,0.0,10,0,0.05,4,59.0,0,0,10,70.0,0.0,88.7,0.0,0,0,0,0,0,0,0.0,68,6.8,0,38.1,21,21,25.9,26.3,2.76,0,4,19.0,33.3,7,7,12.5,21,1,-0.05,7,74.8,0,2,21,33.3,0.0,68.1,0.0,0,0,0,0,2,3,14.3,232,11.0,221,,0,0,0.0,,,0,0,,,0,0,,0,0,0.0,0,,0,0,0,,,0.0,,0,0,0,0,0,0,,0,,50.0,10,10,12.3,25.8,2.51,0,1,10.0,50.0,5,2,0.0,10,0,0.02,5,68.0,0,0,10,50.0,0.0,129.2,0.0,0,0,0,0,1,1,10.0,141,14.1,60.0,5,5,6.2,12.4,2.28,0,0,0.0,60.0,3,1,0.0,5,0,-0.03,3,73.6,0,0,5,60.0,0.0,86.3,0.0,0,0,0,0,0,0,0.0,41,8.2,75.0,8,8,9.9,6.6,2.45,0,0,0.0,75.0,6,2,0.0,8,0,0.23,1,66.4,0,0,8,62.5,0.0,91.1,0.0,0,0,0,0,0,0,0.0,51,6.4,27.3,22,22,27.2,13.5,2.44,0,0,0.0,22.7,5,4,16.7,22,1,-0.67,5,30.9,0,1,22,22.7,0.0,21.2,0.0,0,0,0,0,0,2,9.1,69,3.1,0,100.0,1,1,1.2,-1.0,1.9,0,0,0.0,100.0,1,1,0.0,1,0,0.13,0,60.4,0,0,1,100.0,0.0,91.7,0.0,0,0,0,0,0,0,0.0,6,6.0,14.3,7,7,8.6,26.3,3.34,0,1,14.3,14.3,1,3,0.0,7,0,-0.27,1,54.4,0,1,7,14.3,0.0,2.4,0.0,0,0,0,0,0,2,28.6,25,3.6,0.0,7,7,8.6,14.9,2.3,0,0,0.0,0.0,0,0,,7,0,-0.8,0,28.7,0,0,7,0.0,,39.6,0.0,0,0,0,0,0,0,0.0,0,0.0,50.0,2,2,2.5,7.5,2.2,0,0,0.0,50.0,1,1,0.0,2,0,0.05,1,55.2,0,0,3,50.0,0.0,68.8,0.0,0,0,0,0,0,0,0.0,12,6.0,70.0,20,20,24.7,5.2,2.37,0,0,0.0,70.0,14,6,0.0,20,0,0.12,6,61.3,0,0,21,65.0,0.0,87.7,0.0,0,0,0,0,0,0,0.0,131,6.6
Max Johnson,124099,QB,N CAROLINA,4,87,94,95.2,21,21,24.1,-3.3,2.0,0,0,0.0,85.7,18,3,10.0,21,2,-0.27,5,70.2,0,0,22,28.6,0.0,83.3,0.0,0,0,0,0,0,0,0.0,84,4.0,100.0,14,14,16.1,-3.8,1.93,0,0,0.0,85.7,12,3,14.3,14,2,-0.31,3,68.9,0,0,15,28.6,0.0,83.9,0.0,0,0,0,0,0,0,0.0,58,4.1,,0,0,0.0,,,0,0,,,0,0,,0,0,0.0,0,,0,0,0,,,0.0,,0,0,0,0,0,0,,0,,44.4,9,9,10.3,15.1,2.49,0,0,0.0,44.4,4,5,0.0,9,0,0.41,4,31.9,0,0,10,44.4,0.0,72.5,0.0,0,0,0,0,0,2,20.0,72,8.0,85.7,21,21,24.1,3.6,2.35,0,0,0.0,81.0,17,7,5.6,21,1,0.19,7,61.1,0,0,21,52.4,0.0,94.8,0.0,0,0,0,0,0,0,0.0,142,6.8,0,33.3,3,3,3.4,31.3,2.37,0,1,25.0,33.3,1,1,0.0,3,0,0.0,1,66.4,0,0,4,33.3,0.0,81.9,0.0,0,0,0,0,0,0,0.0,39,13.0,245,100.0,5,5,5.7,-2.0,2.18,0,0,0.0,100.0,5,0,0.0,5,0,0.01,2,65.4,0,0,5,40.0,,88.3,0.0,0,0,0,0,0,0,0.0,26,5.2,100.0,1,1,1.1,39.0,2.8,0,1,50.0,100.0,1,0,0.0,1,0,2.15,1,76.2,0,0,2,100.0,,118.8,0.0,0,0,0,0,0,0,0.0,39,39.0,66.7,3,3,3.4,12.7,3.13,0,0,0.0,66.7,2,0,0.0,3,0,0.99,2,77.8,0,0,3,66.7,,86.8,0.0,0,0,0,0,0,0,0.0,21,7.0,53.8,13,13,14.9,3.7,2.6,0,0,0.0,46.2,6,3,14.3,13,1,-0.24,3,64.8,0,0,13,38.5,0.0,92.6,0.0,0,0,0,0,2,0,0.0,36,2.8,50.0,16,16,18.4,14.1,2.75,0,0,0.0,43.8,7,6,12.5,16,1,0.34,7,47.0,0,0,18,43.8,0.0,65.4,0.0,0,0,0,0,0,2,11.1,103,6.4,0,50.0,2,2,2.3,-3.0,2.05,0,0,0.0,50.0,1,0,0.0,2,0,-0.72,0,62.6,0,0,2,0.0,,56.3,0.0,0,0,0,0,0,0,0.0,0,0.0,0.0,2,2,2.3,27.5,2.15,0,0,0.0,0.0,0,1,,2,0,-1.08,0,52.5,0,0,2,0.0,0.0,39.6,0.0,0,0,0,0,0,0,0.0,0,0.0,50.0,4,4,4.6,12.8,3.05,0,0,0.0,25.0,1,1,50.0,4,1,-0.3,1,59.8,0,0,5,25.0,0.0,39.6,0.0,0,0,0,0,0,0,0.0,10,2.5,62.5,8,8,9.2,4.4,2.53,0,0,0.0,62.5,5,1,0.0,8,0,-0.3,0,42.8,0,0,8,50.0,0.0,68.8,0.0,0,0,0,0,0,0,0.0,28,3.5,71.4,42,42,48.3,3.8,2.46,0,0,0.0,66.7,28,11,6.7,42,2,-0.03,10,56.7,0,0,42,47.6,0.0,93.9,0.0,0,0,0,0,2,0,0.0,206,4.9
Kirk Francis,173296,QB,TULSA,3,90,92,91.3,23,23,25.6,-3.2,1.49,0,0,0.0,87.0,20,2,4.8,23,1,-0.12,4,67.7,0,0,23,43.5,0.0,85.3,0.0,0,0,0,0,0,0,0.0,103,4.5,89.5,19,19,21.1,-3.3,1.38,0,0,0.0,84.2,16,0,5.9,19,1,-0.11,4,66.7,0,0,19,42.1,,86.4,0.0,0,0,0,0,0,0,0.0,90,4.7,0.0,1,1,1.1,48.0,3.0,0,0,0.0,0.0,0,1,,1,0,-0.89,0,58.1,0,0,1,0.0,0.0,39.6,0.0,0,0,0,0,0,0,0.0,0,0.0,46.7,15,15,16.7,13.5,2.43,0,1,5.9,46.7,7,1,0.0,15,0,-0.3,6,53.5,0,3,17,46.7,0.0,54.2,0.0,0,0,0,0,1,1,5.9,110,7.3,66.7,15,15,16.7,3.8,2.25,0,0,0.0,66.7,10,2,0.0,15,0,0.25,5,71.0,0,0,15,53.3,0.0,76.0,0.0,0,0,0,0,0,0,0.0,66,4.4,0,30.8,13,13,14.4,29.9,2.42,0,2,12.5,30.8,4,4,0.0,13,0,0.1,4,56.7,0,1,16,30.8,0.0,69.6,0.0,0,0,0,0,2,2,12.5,107,8.2,320,100.0,2,2,2.2,-2.5,2.85,0,0,0.0,100.0,2,2,0.0,2,0,0.32,0,62.6,0,0,2,100.0,0.0,91.7,0.0,0,0,0,0,0,0,0.0,12,6.0,37.5,8,8,8.9,26.3,2.31,0,1,11.1,37.5,3,1,0.0,8,0,0.14,3,55.0,0,1,9,37.5,0.0,71.4,0.0,0,0,0,0,1,2,22.2,73,9.1,25.0,4,4,4.4,13.0,2.68,0,0,0.0,25.0,1,0,0.0,4,0,-0.45,0,42.5,0,0,4,25.0,,39.6,0.0,0,0,0,0,0,0,0.0,10,2.5,75.0,4,4,4.4,6.0,2.65,0,0,0.0,75.0,3,3,0.0,4,0,0.01,1,63.2,0,0,4,50.0,0.0,100.0,0.0,0,0,0,0,0,0,0.0,34,8.5,40.9,22,22,24.4,13.5,2.53,0,1,4.2,40.9,9,1,0.0,22,0,-0.34,6,46.0,0,3,24,36.4,0.0,36.4,0.0,0,0,0,0,1,1,4.2,130,5.9,0,100.0,2,2,2.2,-3.0,1.15,0,0,0.0,100.0,2,0,0.0,2,0,-0.64,0,62.6,0,0,2,0.0,,79.2,0.0,0,0,0,0,0,0,0.0,1,0.5,25.0,4,4,4.4,32.8,2.5,0,1,16.7,25.0,1,2,0.0,4,0,0.28,1,61.1,0,0,6,25.0,0.0,102.1,0.0,0,0,0,0,1,0,0.0,34,8.5,33.3,3,3,3.3,13.7,2.8,0,0,0.0,33.3,1,0,0.0,3,0,-0.4,0,47.5,0,0,3,0.0,,43.8,0.0,0,0,0,0,0,0,0.0,10,3.3,100.0,8,8,8.9,4.6,2.36,0,0,0.0,100.0,8,2,0.0,8,0,0.15,3,66.1,0,0,9,75.0,0.0,95.3,0.0,0,0,0,0,0,0,0.0,55,6.9,77.8,27,27,30.0,4.4,2.34,0,0,0.0,77.8,21,7,0.0,27,0,0.18,9,71.0,0,0,28,59.3,0.0,90.6,0.0,0,0,0,0,0,0,0.0,155,5.7
Christian Veilleux,145086,QB,GA STATE,3,87,92,80.0,10,10,11.5,-2.7,2.08,0,0,0.0,80.0,8,3,0.0,10,0,-0.19,3,58.3,0,0,10,40.0,0.0,84.2,0.0,0,0,0,0,0,0,0.0,42,4.2,87.5,8,8,9.2,-2.9,1.88,0,0,0.0,87.5,7,2,0.0,8,0,-0.33,2,61.6,0,0,8,37.5,0.0,86.5,0.0,0,0,0,0,0,0,0.0,38,4.8,37.5,8,8,9.2,30.6,2.69,0,3,37.5,37.5,3,3,0.0,8,0,0.35,3,78.3,0,0,8,37.5,0.0,85.4,0.0,0,0,0,0,0,1,12.5,104,13.0,71.4,7,7,8.0,13.1,2.34,0,0,0.0,57.1,4,3,20.0,7,1,0.87,4,79.0,0,0,9,57.1,0.0,140.5,0.0,0,0,0,0,1,0,0.0,86,12.3,74.2,31,31,35.6,4.8,2.01,0,0,0.0,54.8,17,6,26.1,31,6,-0.45,10,36.2,0,3,31,41.9,0.0,44.1,0.0,0,0,0,0,1,3,9.7,187,6.0,0,42.9,14,14,16.1,29.2,3.01,0,3,20.0,35.7,5,6,16.7,14,1,0.23,5,65.9,0,0,15,35.7,0.0,77.4,0.0,0,0,0,0,0,1,6.7,153,10.9,175,100.0,1,1,1.1,-1.0,2.2,0,0,0.0,100.0,1,0,0.0,1,0,1.61,1,61.0,0,0,1,100.0,,83.3,0.0,0,0,0,0,0,0,0.0,4,4.0,66.7,3,3,3.4,22.7,3.1,0,0,0.0,33.3,1,2,50.0,3,1,-0.28,1,58.1,0,0,4,33.3,0.0,57.6,0.0,0,0,0,0,0,0,0.0,20,6.7,60.0,5,5,5.7,14.4,2.88,0,0,0.0,40.0,2,1,33.3,5,1,-0.12,2,62.6,0,0,5,40.0,0.0,87.5,0.0,0,0,0,0,1,0,0.0,15,3.0,57.1,7,7,8.0,4.0,2.59,0,0,0.0,57.1,4,3,0.0,7,0,-0.19,0,51.5,0,0,7,28.6,0.0,62.2,0.0,0,0,0,0,0,0,0.0,16,2.3,53.3,15,15,17.2,14.1,2.47,0,0,0.0,40.0,6,6,25.0,15,2,0.17,6,64.7,0,0,18,40.0,0.0,103.1,0.0,0,0,0,0,2,0,0.0,101,6.7,0,0.0,1,1,1.1,-3.0,3.6,0,0,0.0,0.0,0,1,,1,0,-0.84,0,56.8,0,0,1,0.0,0.0,39.6,0.0,0,0,0,0,0,0,0.0,0,0.0,33.3,3,3,3.4,32.0,3.77,0,0,0.0,33.3,1,1,0.0,3,0,0.4,1,45.8,0,0,3,33.3,0.0,70.1,0.0,0,0,0,0,0,0,0.0,29,9.7,0.0,3,3,3.4,15.7,2.1,0,0,0.0,0.0,0,2,,3,0,-0.99,0,38.3,0,0,4,0.0,0.0,39.6,0.0,0,0,0,0,0,0,0.0,0,0.0,100.0,2,2,2.3,6.5,2.05,0,0,0.0,50.0,1,0,50.0,2,1,-0.06,0,61.7,0,0,2,50.0,,64.6,0.0,0,0,0,0,0,0,0.0,10,5.0,72.5,40,40,46.0,4.8,2.12,0,0,0.0,55.0,22,9,24.1,40,7,-0.38,10,37.7,0,3,40,40.0,0.0,47.2,0.0,0,0,0,0,1,3,7.5,213,5.3
Deshawn Purdie,184271,QB,WAKE,8,84,92,100.0,11,11,13.1,-2.6,1.82,0,0,0.0,81.8,9,2,18.2,11,2,-0.58,2,67.6,0,0,12,27.3,0.0,87.1,0.0,0,0,0,0,0,0,0.0,54,4.9,100.0,10,10,11.9,-2.8,1.69,0,0,0.0,80.0,8,1,20.0,10,2,-0.54,2,66.9,0,0,10,30.0,0.0,89.6,0.0,0,0,0,0,0,0,0.0,55,5.5,50.0,8,8,9.5,38.0,4.21,0,3,37.5,50.0,4,3,0.0,8,0,1.42,4,91.5,0,0,8,50.0,0.0,135.4,0.0,0,0,0,0,3,0,0.0,169,21.1,50.0,8,8,9.5,12.5,2.74,0,0,0.0,50.0,4,0,0.0,8,0,-0.11,4,57.4,0,2,8,50.0,,74.5,0.0,0,0,0,0,1,1,12.5,59,7.4,70.0,20,20,23.8,5.0,2.16,0,0,0.0,60.0,12,5,14.3,20,2,0.0,8,31.5,0,0,20,60.0,0.0,84.6,0.0,0,0,0,0,0,2,10.0,156,7.8,0,50.0,16,16,19.0,31.5,3.64,0,4,22.2,50.0,8,6,0.0,16,0,1.09,8,83.9,0,0,18,50.0,0.0,135.4,0.0,0,0,0,0,4,0,0.0,275,17.2,339,,0,0,0.0,,,0,0,,,0,0,,0,0,0.0,0,,0,0,0,,,0.0,,0,0,0,0,0,0,,0,,0.0,1,1,1.2,21.0,3.8,0,0,0.0,0.0,0,0,,1,0,-0.89,0,44.9,0,0,3,0.0,,39.6,0.0,0,0,0,0,0,0,0.0,0,0.0,33.3,3,3,3.6,12.0,2.57,0,0,0.0,33.3,1,0,0.0,3,0,0.38,1,57.3,0,0,3,33.3,,81.9,0.0,0,0,0,0,1,0,0.0,6,2.0,62.5,8,8,9.5,3.1,2.4,0,0,0.0,62.5,5,0,0.0,8,0,-0.35,2,32.4,0,1,8,25.0,,34.9,0.0,0,0,0,0,0,1,12.5,39,4.9,37.5,16,16,19.0,12.4,3.07,0,0,0.0,37.5,6,2,0.0,16,0,-0.04,5,50.6,0,2,16,37.5,0.0,53.9,0.0,0,0,0,0,2,1,6.3,79,4.9,0,100.0,1,1,1.2,-1.0,3.1,0,0,0.0,100.0,1,1,0.0,1,0,-1.0,0,62.6,0,0,2,0.0,0.0,79.2,0.0,0,0,0,0,0,0,0.0,-1,-1.0,57.1,7,7,8.3,25.6,2.96,0,1,14.3,57.1,4,3,0.0,7,0,0.98,4,75.5,0,0,7,57.1,0.0,141.4,0.0,0,0,0,0,1,0,0.0,106,15.1,20.0,5,5,6.0,12.6,3.9,0,0,0.0,20.0,1,2,0.0,5,0,-0.17,0,45.7,0,0,5,20.0,0.0,39.6,0.0,0,0,0,0,0,0,0.0,14,2.8,80.0,5,5,6.0,3.6,2.9,0,0,0.0,40.0,2,1,50.0,5,2,-0.18,1,72.5,0,0,5,40.0,0.0,52.1,0.0,0,0,0,0,0,0,0.0,20,4.0,69.7,33,33,39.3,4.3,2.33,0,0,0.0,57.6,19,6,17.4,33,4,-0.11,11,32.1,0,1,33,48.5,0.0,64.6,0.0,0,0,0,0,0,3,9.1,215,6.5
Samari Collier,144801,QB,COAST CAR,6,80,92,94.1,17,17,21.3,-2.9,1.49,0,0,0.0,94.1,16,1,0.0,17,0,0.48,7,69.2,0,0,17,58.8,0.0,120.1,0.0,0,0,0,0,1,0,0.0,138,8.1,92.3,13,13,16.3,-3.3,1.47,0,0,0.0,92.3,12,1,0.0,13,0,0.41,5,68.3,0,0,13,53.8,0.0,125.3,0.0,0,0,0,0,1,0,0.0,103,7.9,50.0,2,2,2.5,26.5,3.35,0,1,50.0,50.0,1,1,0.0,2,0,1.38,1,78.4,0,0,2,50.0,0.0,95.8,0.0,0,0,0,0,0,0,0.0,40,20.0,50.0,8,8,10.0,12.8,2.71,0,0,0.0,37.5,3,0,25.0,8,1,0.24,3,53.6,0,1,9,37.5,,65.1,0.0,0,0,0,0,2,1,11.1,61,7.6,73.3,15,15,18.8,3.9,2.23,0,0,0.0,66.7,10,5,9.1,15,1,0.7,6,69.8,0,0,15,53.3,0.0,142.5,0.0,0,0,0,0,2,0,0.0,163,10.9,0,35.7,14,14,17.5,30.6,2.79,0,4,22.2,21.4,3,2,40.0,14,2,0.11,3,68.2,0,0,18,21.4,0.0,94.6,0.0,0,0,0,0,2,0,0.0,94,6.7,141,100.0,4,4,5.0,-1.5,1.55,0,0,0.0,100.0,4,0,0.0,4,0,0.69,2,64.8,0,0,4,75.0,,103.1,0.0,0,0,0,0,0,0,0.0,35,8.8,0.0,2,2,2.5,26.0,2.2,0,0,0.0,0.0,0,0,,2,0,-0.9,0,39.1,0,0,3,0.0,,39.6,0.0,0,0,0,0,0,0,0.0,0,0.0,,0,0,0.0,,,0,0,,,0,0,,0,0,0.0,0,,0,0,0,,,0.0,,0,0,0,0,0,0,,0,,66.7,9,9,11.3,4.9,1.97,0,0,0.0,66.7,6,3,0.0,9,0,-1.22,1,27.5,0,1,10,33.3,0.0,31.0,0.0,0,0,0,0,0,2,20.0,28,3.1,41.7,12,12,15.0,12.7,2.85,0,0,0.0,25.0,3,1,40.0,12,2,-0.2,3,57.1,0,1,13,25.0,0.0,53.1,0.0,0,0,0,0,2,1,7.7,61,5.1,0,,0,0,0.0,,,0,0,,,0,0,,0,0,0.0,0,,0,0,0,,,0.0,,0,0,0,0,0,0,,0,,40.0,10,10,12.5,32.4,2.79,0,3,23.1,20.0,2,1,50.0,10,2,0.06,2,72.5,0,0,13,20.0,0.0,89.2,0.0,0,0,0,0,2,0,0.0,54,5.4,25.0,4,4,5.0,12.5,3.13,0,0,0.0,0.0,0,1,100.0,4,1,-1.08,0,64.4,0,0,4,0.0,0.0,39.6,0.0,0,0,0,0,0,0,0.0,0,0.0,40.0,5,5,6.3,4.6,3.12,0,0,0.0,40.0,2,1,0.0,5,0,-0.42,0,47.0,0,0,5,20.0,0.0,47.9,0.0,0,0,0,0,0,0,0.0,12,2.4,65.5,29,29,36.3,4.3,2.3,0,0,0.0,62.1,18,9,5.3,29,1,-0.09,7,42.2,0,1,30,41.4,0.0,91.6,0.0,0,0,0,0,2,2,6.7,203,7.0
Cam Fancher,145266,QB,UCF,3,72,91,100.0,15,15,20.8,-2.3,2.09,0,0,0.0,100.0,15,3,0.0,15,0,-0.04,1,64.9,0,0,15,53.3,0.0,83.1,0.0,0,0,0,0,0,0,0.0,59,3.9,100.0,10,10,13.9,-2.0,2.11,0,0,0.0,100.0,10,2,0.0,10,0,0.2,1,62.6,0,0,10,70.0,0.0,89.6,0.0,0,0,0,0,0,0,0.0,55,5.5,0.0,7,7,9.7,34.3,3.94,0,1,12.5,0.0,0,2,,7,0,-0.84,0,48.1,0,0,8,0.0,0.0,39.6,0.0,0,0,0,0,0,1,12.5,0,0.0,72.7,11,11,15.3,15.7,3.1,0,0,0.0,54.5,6,4,25.0,11,2,0.03,4,87.3,0,0,12,45.5,0.0,91.5,0.0,0,0,0,0,0,1,8.3,116,10.5,55.6,18,18,25.0,5.2,2.65,0,0,0.0,55.6,10,3,0.0,18,0,-0.16,4,49.3,0,0,19,55.6,0.0,65.0,0.0,0,0,0,0,0,1,5.3,72,4.0,0,0.0,7,7,9.7,34.3,3.94,0,1,9.1,0.0,0,2,,7,0,-0.84,0,44.2,0,0,11,0.0,0.0,39.6,0.0,0,0,0,0,0,1,9.1,0,0.0,323,100.0,3,3,4.2,-2.7,1.4,0,0,0.0,100.0,3,0,0.0,3,0,-0.5,0,63.9,0,0,3,0.0,,79.2,0.0,0,0,0,0,0,0,0.0,3,1.0,,0,0,0.0,,,0,0,0.0,,0,0,,0,0,0.0,0,45.1,0,0,2,,,0.0,,0,0,0,0,0,0,0.0,0,,33.3,3,3,4.2,15.3,3.97,0,0,0.0,33.3,1,0,0.0,3,0,0.66,1,41.9,0,0,3,33.3,,54.9,0.0,0,0,0,0,0,1,33.3,18,6.0,80.0,5,5,6.9,4.4,2.4,0,0,0.0,60.0,3,0,25.0,5,1,-0.19,2,51.1,0,0,5,60.0,,64.6,0.0,0,0,0,0,0,0,0.0,15,3.0,66.7,15,15,20.8,15.9,3.72,0,0,0.0,53.3,8,5,20.0,15,2,0.4,6,75.2,0,0,16,46.7,0.0,92.1,0.0,0,0,0,0,0,2,12.5,164,10.9,0,100.0,2,2,2.8,-3.0,3.05,0,0,0.0,100.0,2,1,0.0,2,0,-0.5,0,62.7,0,0,2,50.0,0.0,79.2,0.0,0,0,0,0,0,0,0.0,1,0.5,,0,0,0.0,,,0,0,0.0,,0,0,,0,0,0.0,0,59.3,0,0,1,,,0.0,,0,0,0,0,0,0,0.0,0,,100.0,1,1,1.4,19.0,9.8,0,0,0.0,100.0,1,1,0.0,1,0,3.69,1,57.7,0,0,1,100.0,0.0,118.8,0.0,0,0,0,0,0,0,0.0,30,30.0,83.3,6,6,8.3,3.5,2.23,0,0,0.0,83.3,5,0,0.0,6,0,0.16,1,62.7,0,0,6,50.0,,81.9,0.0,0,0,0,0,0,0,0.0,22,3.7,65.5,29,29,40.3,4.7,2.52,0,0,0.0,62.1,18,3,5.3,29,1,-0.1,7,50.2,0,0,30,55.2,0.0,69.5,0.0,0,0,0,0,0,1,3.3,109,3.8
Mabrey Mettauer,183668,QB,SM HOUSTON,6,62,86,85.7,21,21,33.9,-4.0,2.04,0,0,0.0,85.7,18,4,0.0,21,0,-0.25,4,64.1,0,0,21,38.1,0.0,95.0,0.0,0,0,0,0,1,0,0.0,60,2.9,85.7,14,14,22.6,-4.0,1.67,0,0,0.0,85.7,12,0,0.0,14,0,-0.06,4,64.8,0,0,14,42.9,,103.6,0.0,0,0,0,0,1,0,0.0,44,3.1,33.3,3,3,4.8,34.0,4.2,0,1,25.0,33.3,1,1,0.0,3,0,-0.79,1,43.3,0,1,4,33.3,0.0,78.5,0.0,0,0,0,0,1,1,25.0,35,11.7,50.0,6,6,9.7,11.2,2.6,0,0,0.0,16.7,1,2,66.7,6,2,-1.68,1,82.5,0,1,7,16.7,0.0,0.0,0.0,0,0,0,0,0,0,0.0,11,1.8,66.7,15,15,24.2,6.1,2.46,0,0,0.0,66.7,10,2,0.0,15,0,-0.07,2,61.7,0,0,18,40.0,0.0,82.6,0.0,0,0,0,0,0,1,5.6,90,6.0,0,20.0,5,5,8.1,34.2,3.74,0,1,14.3,20.0,1,1,0.0,5,0,-0.9,1,38.3,0,1,7,20.0,0.0,56.3,0.0,0,0,0,0,1,1,14.3,35,7.0,281,66.7,3,3,4.8,-3.7,3.23,0,0,0.0,66.7,2,2,0.0,3,0,-1.21,0,56.2,0,0,3,0.0,0.0,70.1,0.0,0,0,0,0,0,0,0.0,4,1.3,0.0,1,1,1.6,33.0,3.3,0,0,0.0,0.0,0,0,,1,0,-0.9,0,49.8,0,0,2,0.0,,39.6,0.0,0,0,0,0,0,0,0.0,0,0.0,33.3,3,3,4.8,13.0,2.27,0,0,0.0,33.3,1,0,0.0,3,0,0.02,1,56.1,0,0,4,33.3,,60.4,0.0,0,0,0,0,0,0,0.0,22,7.3,100.0,1,1,1.6,6.0,1.3,0,0,0.0,100.0,1,0,0.0,1,0,5.73,1,71.7,0,0,2,100.0,,158.3,0.0,0,0,0,0,1,0,0.0,59,59.0,40.0,10,10,16.1,12.1,2.38,0,0,0.0,20.0,2,2,50.0,10,2,-1.06,2,74.0,0,1,13,20.0,0.0,1.2,0.0,0,0,0,0,0,0,0.0,33,3.3,0,100.0,4,4,6.5,-4.0,2.43,0,0,0.0,100.0,4,2,0.0,4,0,-0.19,0,64.8,0,0,4,50.0,0.0,79.2,0.0,0,0,0,0,0,0,0.0,12,3.0,0.0,1,1,1.6,36.0,2.8,0,0,0.0,0.0,0,0,,1,0,-1.23,0,51.3,0,0,1,0.0,,39.6,0.0,0,0,0,0,0,0,0.0,0,0.0,0.0,1,1,1.6,15.0,1.4,0,0,0.0,0.0,0,0,,1,0,-0.63,0,62.4,0,0,2,0.0,,39.6,0.0,0,0,0,0,0,0,0.0,0,0.0,100.0,5,5,8.1,3.2,1.76,0,0,0.0,80.0,4,0,20.0,5,1,0.27,1,72.0,0,0,5,40.0,,85.8,0.0,0,0,0,0,0,0,0.0,23,4.6,76.2,21,21,33.9,5.4,2.24,0,0,0.0,71.4,15,2,6.3,21,1,0.29,4,68.5,0,0,25,42.9,0.0,111.6,0.0,0,0,0,0,1,1,4.0,172,8.2
Joseph Filardi,199227,QB,SYRACUSE,4,64,85,76.9,13,13,20.3,-3.5,1.46,0,0,0.0,76.9,10,3,0.0,13,0,-0.47,1,60.5,0,0,13,15.4,0.0,78.7,0.0,0,0,0,0,0,0,0.0,33,2.5,75.0,12,12,18.8,-3.6,1.49,0,0,0.0,75.0,9,3,0.0,12,0,-0.62,0,59.9,0,0,12,8.3,0.0,77.1,0.0,0,0,0,0,0,0,0.0,22,1.8,66.7,3,3,4.7,23.7,3.0,0,1,33.3,66.7,2,0,0.0,3,0,1.73,2,62.7,0,0,3,66.7,,149.3,0.0,0,0,0,0,1,1,33.3,42,14.0,50.0,2,2,3.1,12.0,3.55,0,0,0.0,50.0,1,1,0.0,2,0,0.6,1,27.0,0,0,5,50.0,0.0,72.9,0.0,0,0,0,0,0,1,20.0,14,7.0,54.5,11,11,17.2,5.8,1.89,0,0,0.0,45.5,5,1,16.7,11,1,-0.73,4,28.7,0,2,12,45.5,0.0,22.3,0.0,0,0,0,0,0,2,16.7,58,5.3,0,25.0,8,8,12.5,26.5,2.89,0,2,22.2,25.0,2,2,0.0,8,0,-0.18,2,61.4,0,0,9,25.0,0.0,88.5,0.0,0,0,0,0,1,1,11.1,42,5.3,304,,0,0,0.0,,,0,0,,,0,0,,0,0,0.0,0,,0,0,0,,,0.0,,0,0,0,0,0,0,,0,,0.0,3,3,4.7,30.0,2.27,0,0,0.0,0.0,0,1,,3,0,-0.92,0,44.6,0,0,3,0.0,0.0,39.6,0.0,0,0,0,0,0,0,0.0,0,0.0,33.3,3,3,4.7,13.0,2.3,0,0,0.0,33.3,1,0,0.0,3,0,0.08,1,51.0,0,0,3,33.3,,46.5,0.0,0,0,0,0,0,0,0.0,12,4.0,50.0,4,4,6.3,3.0,2.5,0,0,0.0,50.0,2,2,0.0,4,0,-2.94,0,25.1,0,1,4,0.0,0.0,16.7,0.0,0,0,0,0,0,1,25.0,4,1.0,30.0,10,10,15.6,14.3,2.85,0,0,0.0,30.0,3,3,0.0,10,0,-0.04,3,27.2,0,0,14,30.0,0.0,44.2,0.0,0,0,0,0,0,1,7.1,41,4.1,0,100.0,1,1,1.6,-3.0,1.1,0,0,0.0,100.0,1,0,0.0,1,0,1.37,1,60.6,0,0,1,100.0,,112.5,0.0,0,0,0,0,0,0,0.0,11,11.0,0.0,2,2,3.1,25.5,3.65,0,1,33.3,0.0,0,1,,2,0,-1.92,0,75.4,0,0,3,0.0,0.0,39.6,0.0,0,0,0,0,0,0,0.0,0,0.0,20.0,5,5,7.8,16.0,2.9,0,0,0.0,20.0,1,2,0.0,5,0,-0.38,1,32.5,0,0,6,20.0,0.0,39.6,0.0,0,0,0,0,0,0,0.0,15,3.0,69.2,13,13,20.3,5.1,2.55,0,0,0.0,69.2,9,4,0.0,13,0,-0.2,2,56.4,0,0,13,38.5,0.0,75.2,0.0,0,0,0,0,0,1,7.7,48,3.7,60.7,28,28,43.8,5.1,2.28,0,0,0.0,57.1,16,7,5.9,28,1,-0.8,6,28.3,0,3,29,35.7,0.0,26.5,0.0,0,0,0,0,0,4,13.8,110,3.9
Austin Simmons,175891,QB,OLE MISS,6,75,84,100.0,3,3,4.0,-3.7,2.0,0,0,0.0,100.0,3,1,0.0,3,0,0.83,1,63.9,0,0,3,66.7,0.0,112.5,0.0,0,0,0,0,0,0,0.0,33,11.0,100.0,2,2,2.7,-5.0,0.9,0,0,0.0,100.0,2,0,0.0,2,0,-0.19,0,62.7,0,0,2,50.0,,85.4,0.0,0,0,0,0,0,0,0.0,9,4.5,57.1,7,7,9.3,30.0,2.7,0,2,25.0,42.9,3,2,25.0,7,1,-0.54,3,76.4,0,2,8,42.9,0.0,50.3,0.0,0,0,0,0,0,1,12.5,102,14.6,46.2,13,13,17.3,15.1,2.53,0,0,0.0,46.2,6,3,0.0,13,0,0.36,6,58.6,0,1,13,46.2,0.0,93.6,0.0,0,0,0,0,3,1,7.7,142,10.9,96.3,27,27,36.0,4.9,1.82,0,0,0.0,88.9,24,0,7.7,27,2,0.75,14,76.9,0,0,28,81.5,,123.1,0.0,0,0,0,0,1,0,0.0,286,10.6,0,50.0,12,12,16.0,30.3,2.63,0,5,38.5,33.3,4,2,33.3,12,2,-0.37,4,92.0,0,2,13,33.3,0.0,42.0,0.0,0,0,0,0,0,1,7.7,149,12.4,226,100.0,1,1,1.3,-1.0,4.2,0,0,0.0,100.0,1,1,0.0,1,0,2.85,1,60.6,0,0,1,100.0,0.0,118.8,0.0,0,0,0,0,0,0,0.0,24,24.0,0.0,1,1,1.3,42.0,2.8,0,0,0.0,0.0,0,0,,1,0,-0.78,0,58.0,0,0,1,0.0,,39.6,0.0,0,0,0,0,0,0,0.0,0,0.0,80.0,5,5,6.7,16.0,3.0,0,1,20.0,60.0,3,1,25.0,5,1,1.51,3,90.3,0,0,5,60.0,0.0,104.2,0.0,0,0,0,0,0,0,0.0,96,19.2,42.9,7,7,9.3,4.7,1.84,0,0,0.0,28.6,2,1,33.3,7,1,-0.58,1,54.7,0,0,7,28.6,0.0,39.6,0.0,0,0,0,0,0,0,0.0,13,1.9,50.0,20,20,26.7,15.4,2.62,0,1,5.0,45.0,9,4,10.0,20,1,0.34,9,60.4,0,2,20,45.0,0.0,89.2,0.0,0,0,0,0,3,2,10.0,238,11.9,0,,0,0,0.0,,,0,0,,,0,0,,0,0,0.0,0,,0,0,0,,,0.0,,0,0,0,0,0,0,,0,,50.0,4,4,5.3,27.8,2.48,0,3,75.0,25.0,1,0,50.0,4,1,0.04,1,95.6,0,0,4,25.0,,76.0,0.0,0,0,0,0,0,0,0.0,47,11.8,0.0,2,2,2.7,16.0,2.25,0,0,0.0,0.0,0,0,,2,0,-2.71,0,26.6,0,1,2,0.0,,0.0,0.0,0,0,0,0,0,1,50.0,0,0.0,75.0,4,4,5.3,4.0,1.7,0,0,0.0,75.0,3,1,0.0,4,0,-1.43,1,64.8,0,1,4,75.0,0.0,51.0,0.0,0,0,0,0,0,0,0.0,25,6.3,84.2,38,38,50.7,4.8,1.81,0,0,0.0,76.3,29,2,9.4,38,3,0.28,16,72.7,0,1,39,71.1,0.0,99.0,0.0,0,0,0,0,1,0,0.0,324,8.5
Hunter Najm,184223,QB,BOWL GREEN,5,68,82,100.0,13,13,19.1,-2.7,1.82,0,0,0.0,100.0,13,0,0.0,13,0,1.87,10,68.2,0,0,13,76.9,,158.3,0.0,0,0,0,0,2,0,0.0,263,20.2,100.0,11,11,16.2,-2.7,1.88,0,0,0.0,100.0,11,0,0.0,11,0,1.72,8,67.7,0,0,11,72.7,,158.3,0.0,0,0,0,0,2,0,0.0,203,18.5,25.0,4,4,5.9,28.5,2.53,0,0,0.0,25.0,1,1,0.0,4,0,-0.75,1,37.7,0,1,4,25.0,0.0,10.4,0.0,0,0,0,0,0,1,25.0,22,5.5,25.0,8,8,11.8,13.8,3.28,0,1,12.5,25.0,2,1,0.0,8,0,-0.41,2,63.3,0,0,8,25.0,0.0,46.9,0.0,0,0,0,0,0,0,0.0,38,4.8,72.7,11,11,16.2,3.1,2.21,0,0,0.0,63.6,7,2,12.5,11,1,0.12,4,64.1,0,0,11,54.5,0.0,106.3,0.0,0,0,0,0,1,0,0.0,55,5.0,0,33.3,6,6,8.8,26.0,2.37,0,1,12.5,33.3,2,1,0.0,6,0,-0.02,2,53.2,0,1,8,33.3,0.0,59.7,0.0,0,0,0,0,1,1,12.5,43,7.2,122,,0,0,0.0,,,0,0,,,0,0,,0,0,0.0,0,,0,0,0,,,0.0,,0,0,0,0,0,0,,0,,100.0,1,1,1.5,22.0,2.3,0,1,33.3,100.0,1,0,0.0,1,0,3.34,1,75.2,0,0,3,100.0,,158.3,0.0,0,0,0,0,1,0,0.0,21,21.0,0.0,3,3,4.4,14.3,2.43,0,0,0.0,0.0,0,0,,3,0,-1.88,0,19.3,0,1,3,0.0,,0.0,0.0,0,0,0,0,0,2,66.7,0,0.0,75.0,4,4,5.9,4.8,1.93,0,0,0.0,75.0,3,1,0.0,4,0,0.37,1,65.6,0,0,4,75.0,0.0,118.8,0.0,0,0,0,0,1,0,0.0,14,3.5,22.2,18,18,26.5,14.3,2.92,0,1,5.6,16.7,3,1,25.0,18,1,-0.85,3,24.7,0,3,18,16.7,0.0,0.0,0.0,0,0,0,0,0,4,22.2,54,3.0,0,100.0,2,2,2.9,-2.5,1.45,0,0,0.0,100.0,2,0,0.0,2,0,2.68,2,62.7,0,0,2,100.0,,118.8,0.0,0,0,0,0,0,0,0.0,60,30.0,0.0,1,1,1.5,20.0,1.8,0,0,0.0,0.0,0,0,,1,0,-0.49,0,58.4,0,0,1,0.0,,39.6,0.0,0,0,0,0,0,0,0.0,0,0.0,28.6,7,7,10.3,14.9,2.73,0,0,0.0,14.3,1,0,50.0,7,1,-0.89,1,25.6,0,2,7,14.3,,0.0,0.0,0,0,0,0,0,2,28.6,16,2.3,83.3,6,6,8.8,3.5,2.33,0,0,0.0,83.3,5,0,0.0,6,0,0.16,3,61.2,0,0,6,83.3,,97.2,0.0,0,0,0,0,0,0,0.0,44,7.3,76.2,21,21,30.9,3.5,2.19,0,0,0.0,71.4,15,3,6.3,21,1,0.18,8,65.3,0,0,21,66.7,0.0,115.8,0.0,0,0,0,0,2,0,0.0,113,5.4
Sam Jackson V,144682,QB,OKLA STATE,8,67,82,73.7,19,19,28.4,-3.8,1.95,0,0,0.0,73.7,14,5,0.0,19,0,-0.23,4,60.4,0,0,19,31.6,0.0,80.2,0.0,0,0,0,0,0,0,0.0,76,4.0,77.8,18,18,26.9,-4.0,1.79,0,0,0.0,77.8,14,4,0.0,18,0,-0.2,4,63.0,0,0,18,33.3,0.0,84.3,0.0,0,0,0,0,0,0,0.0,76,4.2,,0,0,0.0,,,0,0,,,0,0,,0,0,0.0,0,,0,0,0,,,0.0,,0,0,0,0,0,0,,0,,40.0,5,5,7.5,13.6,3.56,0,0,0.0,40.0,2,1,0.0,5,0,-2.04,1,42.5,0,1,5,40.0,0.0,11.7,0.0,0,0,0,0,0,1,20.0,19,3.8,80.0,10,10,14.9,4.1,2.78,0,0,0.0,70.0,7,5,12.5,10,1,-0.3,1,55.5,0,0,12,40.0,0.0,86.3,0.0,0,0,0,0,0,0,0.0,62,6.2,0,50.0,6,6,9.0,30.0,3.3,0,2,28.6,50.0,3,0,0.0,6,0,1.17,3,88.1,0,0,7,50.0,,135.4,0.0,0,0,0,0,1,0,0.0,109,18.2,262,,0,0,0.0,,,0,0,,,0,0,,0,0,0.0,0,,0,0,0,,,0.0,,0,0,0,0,0,0,,0,,50.0,4,4,6.0,27.5,2.93,0,1,20.0,50.0,2,0,0.0,4,0,0.78,2,75.5,0,0,5,50.0,,135.4,0.0,0,0,0,0,1,0,0.0,61,15.3,57.1,7,7,10.4,13.4,3.79,0,0,0.0,42.9,3,3,25.0,7,1,-0.07,2,50.1,0,1,7,42.9,0.0,25.6,0.0,0,0,0,0,0,1,14.3,46,6.6,60.0,5,5,7.5,4.8,3.16,0,0,0.0,60.0,3,0,0.0,5,0,-1.14,0,47.8,0,0,5,40.0,,64.6,0.0,0,0,0,0,0,0,0.0,14,2.8,46.7,15,15,22.4,13.0,3.64,0,0,0.0,40.0,6,5,14.3,15,1,-0.76,4,42.9,0,2,15,40.0,0.0,18.1,0.0,0,0,0,0,0,2,13.3,80,5.3,0,0.0,1,1,1.5,-1.0,4.8,0,0,0.0,0.0,0,1,,1,0,-0.74,0,57.7,0,0,1,0.0,0.0,39.6,0.0,0,0,0,0,0,0,0.0,0,0.0,50.0,2,2,3.0,35.0,4.05,0,1,50.0,50.0,1,0,0.0,2,0,1.97,1,88.9,0,0,2,50.0,,95.8,0.0,0,0,0,0,0,0,0.0,48,24.0,33.3,3,3,4.5,11.0,3.43,0,0,0.0,33.3,1,1,0.0,3,0,-0.24,1,53.6,0,0,3,33.3,0.0,50.7,0.0,0,0,0,0,0,0,0.0,15,5.0,100.0,2,2,3.0,2.0,2.25,0,0,0.0,100.0,2,0,0.0,2,0,0.21,1,71.9,0,0,3,50.0,,87.5,0.0,0,0,0,0,0,0,0.0,10,5.0,76.5,17,17,25.4,4.1,2.83,0,0,0.0,70.6,12,5,7.7,17,1,-0.49,2,55.5,0,0,20,41.2,0.0,82.0,0.0,0,0,0,0,0,0,0.0,86,5.1
Christopher Vizzina,170032,QB,CLEMSON,4,71,79,95.0,20,20,28.2,-3.5,1.73,0,0,0.0,90.0,18,5,5.3,20,1,-0.09,3,73.2,0,0,20,50.0,0.0,85.0,0.0,0,0,0,0,0,0,0.0,88,4.4,100.0,14,14,19.7,-3.9,1.66,0,0,0.0,92.9,13,3,7.1,14,1,0.13,3,76.4,0,0,14,57.1,0.0,92.0,0.0,0,0,0,0,0,0,0.0,85,6.1,75.0,4,4,5.6,31.8,2.8,0,2,50.0,25.0,1,1,66.7,4,2,0.25,1,92.8,0,0,4,25.0,0.0,100.0,0.0,0,0,0,0,1,0,0.0,32,8.0,71.4,7,7,9.9,12.9,2.61,0,0,0.0,71.4,5,2,0.0,7,0,0.49,5,68.4,0,0,7,71.4,0.0,96.7,0.0,0,0,0,0,0,1,14.3,59,8.4,84.2,19,19,26.8,4.3,2.38,0,0,0.0,78.9,15,6,6.3,19,1,0.09,5,72.7,0,0,19,52.6,0.0,90.8,0.0,0,0,0,0,0,0,0.0,110,5.8,0,71.4,7,7,9.9,29.9,2.67,0,2,22.2,42.9,3,1,40.0,7,2,1.8,3,76.1,0,0,9,42.9,0.0,129.5,0.0,0,0,0,0,3,1,11.1,117,16.7,140,100.0,1,1,1.4,-1.0,2.2,0,0,0.0,100.0,1,1,0.0,1,0,0.12,0,60.4,0,0,1,100.0,0.0,91.7,0.0,0,0,0,0,0,0,0.0,6,6.0,0.0,1,1,1.4,22.0,2.5,0,0,0.0,0.0,0,0,,1,0,-0.95,0,42.7,0,0,3,0.0,,39.6,0.0,0,0,0,0,0,1,33.3,0,0.0,0.0,1,1,1.4,12.0,1.9,0,0,0.0,0.0,0,1,,1,0,-0.56,0,47.3,0,0,1,0.0,0.0,39.6,0.0,0,0,0,0,0,0,0.0,0,0.0,25.0,4,4,5.6,5.0,2.23,0,0,0.0,25.0,1,1,0.0,4,0,-0.41,0,45.6,0,0,4,0.0,0.0,39.6,0.0,0,0,0,0,0,1,25.0,3,0.8,40.0,15,15,21.1,13.7,2.45,0,0,0.0,40.0,6,4,0.0,15,0,-0.18,6,39.4,0,1,15,40.0,0.0,28.2,0.0,0,0,0,0,0,4,26.7,74,4.9,0,80.0,5,5,7.0,-2.8,1.84,0,0,0.0,80.0,4,1,0.0,5,0,-0.73,0,58.7,0,0,5,20.0,0.0,79.2,0.0,0,0,0,0,0,0,0.0,-3,-0.6,100.0,2,2,2.8,30.0,2.5,0,0,0.0,100.0,2,0,0.0,2,0,6.29,2,59.9,0,0,2,100.0,,158.3,0.0,0,0,0,0,2,0,0.0,85,42.5,14.3,7,7,9.9,14.7,2.37,0,0,0.0,14.3,1,1,0.0,7,0,-0.79,1,28.4,0,1,7,14.3,0.0,0.0,0.0,0,0,0,0,0,3,42.9,15,2.1,60.0,5,5,7.0,6.2,1.94,0,0,0.0,40.0,2,0,33.3,5,1,0.07,1,35.3,0,0,5,40.0,,87.5,0.0,0,0,0,0,1,1,20.0,14,2.8,71.4,28,28,39.4,4.7,2.28,0,0,0.0,64.3,18,7,10.0,28,2,0.02,6,56.0,0,0,28,42.9,0.0,86.5,0.0,0,0,0,0,1,2,7.1,127,4.5
Matt Zollers,198887,QB,MISSOURI,6,70,77,93.3,15,15,21.4,-3.4,1.38,0,0,0.0,93.3,14,1,0.0,15,0,-0.08,3,65.2,0,0,15,26.7,0.0,82.5,0.0,0,0,0,0,0,0,0.0,57,3.8,100.0,11,11,15.7,-3.5,1.22,0,0,0.0,100.0,11,1,0.0,11,0,0.11,3,67.7,0,0,11,36.4,0.0,85.2,0.0,0,0,0,0,0,0,0.0,49,4.5,0.0,1,1,1.4,25.0,2.8,0,0,0.0,0.0,0,0,,1,0,-1.18,0,51.9,0,0,1,0.0,,39.6,0.0,0,0,0,0,0,0,0.0,0,0.0,60.0,5,5,7.1,15.0,3.46,0,0,0.0,60.0,3,0,0.0,5,0,1.03,3,76.3,0,0,5,60.0,,91.3,0.0,0,0,0,0,0,0,0.0,47,9.4,81.3,16,16,22.9,4.3,2.19,0,0,0.0,68.8,11,2,15.4,16,2,0.09,4,65.0,0,1,16,62.5,0.0,109.1,0.0,0,0,0,0,2,0,0.0,139,8.7,0,30.8,13,13,18.6,30.5,2.7,0,1,6.7,30.8,4,4,0.0,13,0,0.23,4,52.8,0,0,15,23.1,0.0,93.1,0.0,0,0,0,0,1,0,0.0,124,9.5,229,100.0,2,2,2.9,-4.0,1.05,0,0,0.0,100.0,2,0,0.0,2,0,-0.7,0,62.7,0,0,2,0.0,,79.2,0.0,0,0,0,0,0,0,0.0,6,3.0,16.7,6,6,8.6,33.0,2.48,0,0,0.0,16.7,1,2,0.0,6,0,-0.01,1,48.7,0,0,8,16.7,0.0,84.7,0.0,0,0,0,0,1,0,0.0,26,4.3,0.0,1,1,1.4,19.0,3.0,0,0,0.0,0.0,0,0,,1,0,-0.59,0,48.8,0,0,3,0.0,,39.6,0.0,0,0,0,0,0,0,0.0,0,0.0,66.7,3,3,4.3,7.7,2.13,0,0,0.0,66.7,2,0,0.0,3,0,1.6,2,70.6,0,0,5,66.7,,122.2,0.0,0,0,0,0,1,0,0.0,18,6.0,45.5,11,11,15.7,15.3,2.96,0,0,0.0,27.3,3,0,40.0,11,2,0.0,3,54.7,0,0,13,27.3,,44.9,0.0,0,0,0,0,0,0,0.0,47,4.3,0,50.0,2,2,2.9,-2.5,2.6,0,0,0.0,50.0,1,0,0.0,2,0,-0.54,0,54.6,0,0,2,0.0,,56.3,0.0,0,0,0,0,0,0,0.0,2,1.0,50.0,6,6,8.6,28.8,2.9,0,1,16.7,50.0,3,2,0.0,6,0,0.7,3,64.8,0,0,6,33.3,0.0,95.8,0.0,0,0,0,0,0,0,0.0,98,16.3,40.0,5,5,7.1,14.8,2.46,0,0,0.0,0.0,0,0,100.0,5,2,-0.91,0,42.5,0,0,5,0.0,,39.6,0.0,0,0,0,0,0,0,0.0,0,0.0,100.0,1,1,1.4,9.0,2.1,0,0,0.0,100.0,1,0,0.0,1,0,1.61,1,71.9,0,0,1,100.0,,118.8,0.0,0,0,0,0,0,0,0.0,17,17.0,80.0,20,20,28.6,5.0,2.18,0,0,0.0,70.0,14,2,12.5,20,2,0.39,7,71.7,0,1,22,65.0,0.0,115.4,0.0,0,0,0,0,3,0,0.0,174,8.7
Kamario Taylor,198868,QB,MISS STATE,7,56,76,85.7,7,7,12.5,-2.9,1.76,0,0,0.0,85.7,6,1,0.0,7,0,-0.18,1,60.8,0,0,7,28.6,0.0,79.2,0.0,0,0,0,0,0,0,0.0,20,2.9,85.7,7,7,12.5,-2.9,1.76,0,0,0.0,85.7,6,1,0.0,7,0,-0.18,1,60.8,0,0,7,28.6,0.0,79.2,0.0,0,0,0,0,0,0,0.0,20,2.9,57.1,7,7,12.5,38.9,3.29,0,3,37.5,42.9,3,3,25.0,7,1,1.36,3,77.1,0,0,8,42.9,0.0,129.5,0.0,0,0,0,0,2,1,12.5,144,20.6,50.0,8,8,14.3,12.8,2.81,0,0,0.0,50.0,4,2,0.0,8,0,0.32,4,76.1,0,0,8,50.0,0.0,83.3,0.0,0,0,0,0,0,0,0.0,76,9.5,72.7,11,11,19.6,4.5,2.53,0,0,0.0,54.5,6,6,25.0,11,2,-0.01,4,62.1,0,0,11,45.5,0.0,70.3,0.0,0,0,0,0,0,0,0.0,60,5.5,0,33.3,12,12,21.4,39.1,4.13,0,3,21.4,25.0,3,6,25.0,12,1,0.35,3,61.7,0,0,14,25.0,0.0,116.7,0.0,0,0,0,0,2,1,7.1,144,12.0,227,,0,0,0.0,,,0,0,,,0,0,,0,0,0.0,0,,0,0,0,,,0.0,,0,0,0,0,0,0,,0,,0.0,1,1,1.8,37.0,11.5,0,0,0.0,0.0,0,1,,1,0,-2.57,0,52.1,0,0,1,0.0,0.0,39.6,0.0,0,0,0,0,0,0,0.0,0,0.0,,0,0,0.0,,,0,0,,,0,0,,0,0,0.0,0,,0,0,0,,,0.0,,0,0,0,0,0,0,,0,,100.0,7,7,12.5,5.0,2.14,0,0,0.0,85.7,6,0,14.3,7,1,0.59,3,60.3,0,0,7,85.7,,97.6,0.0,0,0,0,0,0,0,0.0,52,7.4,50.0,12,12,21.4,12.2,2.72,0,0,0.0,50.0,6,3,0.0,12,0,0.01,6,72.9,0,1,13,50.0,0.0,45.8,0.0,0,0,0,0,0,0,0.0,106,8.8,0,,0,0,0.0,,,0,0,,,0,0,,0,0,0.0,0,,0,0,0,,,0.0,,0,0,0,0,0,0,,0,,0.0,4,4,7.1,40.0,3.78,0,0,0.0,0.0,0,2,,4,0,-0.7,0,45.3,0,0,5,0.0,0.0,39.6,0.0,0,0,0,0,0,0,0.0,0,0.0,50.0,4,4,7.1,11.0,2.53,0,0,0.0,50.0,2,1,0.0,4,0,-0.62,2,62.3,0,1,5,50.0,0.0,35.4,0.0,0,0,0,0,0,0,0.0,30,7.5,100.0,3,3,5.4,2.0,2.4,0,0,0.0,100.0,3,1,0.0,3,0,1.09,2,56.8,0,0,3,66.7,0.0,118.8,0.0,0,0,0,0,2,0,0.0,6,2.0,85.7,21,21,37.5,4.3,2.38,0,0,0.0,71.4,15,7,16.7,21,3,0.35,9,60.5,0,0,21,61.9,0.0,116.8,0.0,0,0,0,0,2,0,0.0,118,5.6
Ryan Staub,171906,QB,COLORADO,4,56,73,90.9,11,11,19.6,-3.5,1.83,0,0,0.0,81.8,9,2,10.0,11,1,-0.14,2,63.5,0,0,11,45.5,0.0,88.6,0.0,0,0,0,0,0,0,0.0,58,5.3,87.5,8,8,14.3,-3.9,2.03,0,0,0.0,75.0,6,2,14.3,8,1,-0.45,1,61.6,0,0,8,37.5,0.0,78.6,0.0,0,0,0,0,0,0,0.0,27,3.4,50.0,4,4,7.1,33.3,3.25,0,3,60.0,50.0,2,2,0.0,4,0,-0.59,2,84.4,0,1,5,50.0,0.0,95.8,0.0,0,0,0,0,1,1,20.0,68,17.0,40.0,5,5,8.9,16.6,2.9,0,0,0.0,40.0,2,1,0.0,5,0,0.39,2,27.7,0,0,6,40.0,0.0,65.4,0.0,0,0,0,0,0,2,33.3,36,7.2,85.7,14,14,25.0,4.6,2.42,0,0,0.0,71.4,10,1,16.7,14,2,0.51,5,59.4,0,1,14,50.0,0.0,95.2,0.0,0,0,0,0,1,1,7.1,133,9.5,0,38.5,13,13,23.2,31.5,2.52,0,5,35.7,30.8,4,4,20.0,13,1,-0.23,4,81.8,0,2,14,30.8,0.0,79.8,0.0,0,0,0,0,2,1,7.1,175,13.5,143,100.0,1,1,1.8,-3.0,1.3,0,0,0.0,100.0,1,0,0.0,1,0,0.83,0,60.6,0,0,1,100.0,,100.0,0.0,0,0,0,0,0,0,0.0,8,8.0,25.0,4,4,7.1,29.8,2.0,0,1,25.0,0.0,0,1,100.0,4,1,-2.11,0,67.6,0,1,4,0.0,0.0,0.0,0.0,0,0,0,0,0,0,0.0,0,0.0,,0,0,0.0,,,0,0,,,0,0,,0,0,0.0,0,,0,0,0,,,0.0,,0,0,0,0,0,0,,0,,60.0,5,5,8.9,5.2,1.9,0,0,0.0,60.0,3,0,0.0,5,0,-0.65,0,33.2,0,1,5,40.0,,30.8,0.0,0,0,0,0,0,1,20.0,22,4.4,40.0,5,5,8.9,16.6,2.9,0,0,0.0,40.0,2,1,0.0,5,0,0.39,2,27.7,0,0,6,40.0,0.0,65.4,0.0,0,0,0,0,0,2,33.3,36,7.2,0,100.0,2,2,3.6,-2.0,1.3,0,0,0.0,100.0,2,0,0.0,2,0,0.59,1,62.6,0,0,2,50.0,,114.6,0.0,0,0,0,0,0,0,0.0,23,11.5,40.0,5,5,8.9,31.6,2.34,0,1,20.0,40.0,2,1,0.0,5,0,1.55,2,70.8,0,0,5,40.0,0.0,127.1,0.0,0,0,0,0,1,0,0.0,107,21.4,,0,0,0.0,,,0,0,,,0,0,,0,0,0.0,0,,0,0,0,,,0.0,,0,0,0,0,0,0,,0,,60.0,5,5,8.9,3.4,2.02,0,0,0.0,40.0,2,0,33.3,5,1,-0.73,0,58.9,0,0,5,0.0,,47.9,0.0,0,0,0,0,0,0,0.0,3,0.6,75.0,24,24,42.9,4.5,2.23,0,0,0.0,62.5,15,1,16.7,24,3,0.01,5,48.4,0,2,24,37.5,0.0,60.8,0.0,0,0,0,0,1,2,8.3,158,6.6
Malachi Singleton,172426,QB,PURDUE,8,64,71,100.0,10,10,15.6,-3.4,2.15,0,0,0.0,100.0,10,3,0.0,10,0,0.13,3,67.5,0,0,10,50.0,0.0,94.2,0.0,0,0,0,0,0,0,0.0,66,6.6,100.0,9,9,14.1,-3.7,1.96,0,0,0.0,100.0,9,2,0.0,9,0,0.1,3,67.1,0,0,9,44.4,0.0,94.9,0.0,0,0,0,0,0,0,0.0,61,6.8,100.0,2,2,3.1,26.0,2.95,0,1,50.0,100.0,2,1,0.0,2,0,0.72,1,92.8,0,0,2,50.0,0.0,118.8,0.0,0,0,0,0,0,0,0.0,61,30.5,50.0,6,6,9.4,12.2,3.12,0,0,0.0,33.3,2,3,33.3,6,1,-0.61,2,66.7,0,0,7,33.3,0.0,48.6,0.0,0,0,0,0,0,0,0.0,27,4.5,76.9,13,13,20.3,4.3,3.02,0,0,0.0,76.9,10,6,0.0,13,0,0.21,6,53.6,0,1,13,61.5,0.0,100.6,0.0,0,0,0,0,2,1,7.7,84,6.5,0,50.0,14,14,21.9,29.4,3.21,0,2,14.3,42.9,6,7,14.3,14,1,0.51,5,74.9,0,0,14,35.7,0.0,111.9,0.0,0,0,0,0,1,1,7.1,169,12.1,273,100.0,1,1,1.6,-1.0,3.9,0,0,0.0,100.0,1,1,0.0,1,0,0.35,0,60.4,0,0,1,100.0,0.0,87.5,0.0,0,0,0,0,0,0,0.0,5,5.0,33.3,6,6,9.4,30.8,3.0,0,1,16.7,33.3,2,3,0.0,6,0,0.7,2,63.1,0,0,6,33.3,0.0,104.2,0.0,0,0,0,0,1,0,0.0,50,8.3,50.0,2,2,3.1,10.5,2.35,0,0,0.0,50.0,1,0,0.0,2,0,0.67,1,72.7,0,0,4,50.0,,97.9,0.0,0,0,0,0,1,0,0.0,7,3.5,100.0,4,4,6.3,5.0,1.98,0,0,0.0,100.0,4,0,0.0,4,0,0.7,2,69.3,0,0,5,100.0,,97.9,0.0,0,0,0,0,0,0,0.0,30,7.5,50.0,14,14,21.9,13.3,3.42,0,0,0.0,42.9,6,5,14.3,14,1,-0.07,6,63.5,0,1,17,42.9,0.0,69.0,0.0,0,0,0,0,2,1,5.9,72,5.1,0,,0,0,0.0,,,0,0,,,0,0,,0,0,0.0,0,,0,0,0,,,0.0,,0,0,0,0,0,0,,0,,50.0,6,6,9.4,29.0,3.52,0,0,0.0,33.3,2,3,33.3,6,1,0.25,2,58.7,0,0,6,33.3,0.0,70.1,0.0,0,0,0,0,0,1,16.7,58,9.7,50.0,6,6,9.4,15.3,4.08,0,0,0.0,50.0,3,2,0.0,6,0,0.22,3,49.5,0,1,6,50.0,0.0,70.1,0.0,0,0,0,0,1,1,16.7,38,6.3,100.0,2,2,3.1,5.0,2.6,0,0,0.0,100.0,2,1,0.0,2,0,0.13,0,62.3,0,0,2,100.0,0.0,87.5,0.0,0,0,0,0,0,0,0.0,10,5.0,84.2,19,19,29.7,4.5,2.76,0,0,0.0,84.2,16,7,0.0,19,0,0.31,8,60.0,0,1,20,73.7,0.0,107.0,0.0,0,0,0,0,2,1,5.0,124,6.5
MJ Morris,157404,QB,COAST CAR,3,61,65,95.0,20,20,32.8,-2.8,1.33,0,0,0.0,95.0,19,1,0.0,20,0,0.13,6,67.2,0,0,21,50.0,0.0,89.4,0.0,0,0,0,0,0,0,0.0,109,5.5,93.3,15,15,24.6,-3.1,1.35,0,0,0.0,93.3,14,1,0.0,15,0,0.27,4,65.4,0,0,15,60.0,0.0,93.1,0.0,0,0,0,0,0,0,0.0,95,6.3,0.0,3,3,4.9,29.3,2.63,0,0,0.0,0.0,0,1,,3,0,-1.8,0,29.5,0,2,3,0.0,0.0,0.0,0.0,0,0,0,0,0,2,66.7,0,0.0,100.0,1,1,1.6,14.0,2.8,0,0,0.0,100.0,1,0,0.0,1,0,2.23,1,73.1,0,0,1,100.0,,118.8,0.0,0,0,0,0,0,0,0.0,19,19.0,72.7,11,11,18.0,2.4,2.34,0,0,0.0,72.7,8,1,0.0,11,0,-0.2,3,49.5,0,0,12,45.5,0.0,83.5,0.0,0,0,0,0,0,1,8.3,55,5.0,0,27.3,11,11,18.0,28.7,3.42,0,2,18.2,18.2,2,4,33.3,11,1,-0.8,2,35.5,0,3,11,18.2,0.0,4.9,0.0,0,0,0,0,0,4,36.4,46,4.2,141,100.0,4,4,6.6,-2.0,1.2,0,0,0.0,100.0,4,0,0.0,4,0,-0.44,1,65.5,0,0,5,0.0,,79.2,0.0,0,0,0,0,0,0,0.0,10,2.5,66.7,3,3,4.9,29.0,2.47,0,1,33.3,33.3,1,0,50.0,3,1,-0.04,1,72.9,0,0,3,33.3,,60.4,0.0,0,0,0,0,0,0,0.0,22,7.3,66.7,3,3,4.9,14.7,2.53,0,0,0.0,66.7,2,0,0.0,3,0,0.77,2,63.5,0,0,3,33.3,,109.0,0.0,0,0,0,0,0,0,0.0,37,12.3,66.7,6,6,9.8,5.0,2.17,0,0,0.0,33.3,2,1,50.0,6,2,-0.78,1,61.6,0,0,6,16.7,0.0,42.4,0.0,0,0,0,0,0,0,0.0,9,1.5,50.0,8,8,13.1,14.1,2.31,0,0,0.0,50.0,4,1,0.0,8,0,0.33,4,43.7,0,1,8,37.5,0.0,38.5,0.0,0,0,0,0,0,1,12.5,66,8.3,0,100.0,1,1,1.6,-1.0,1.4,0,0,0.0,100.0,1,0,0.0,1,0,0.28,1,60.6,0,0,1,100.0,,83.3,0.0,0,0,0,0,0,0,0.0,4,4.0,20.0,5,5,8.2,28.2,4.46,0,1,20.0,20.0,1,3,0.0,5,0,-0.65,1,34.4,0,1,5,20.0,0.0,7.5,0.0,0,0,0,0,0,2,40.0,24,4.8,25.0,4,4,6.6,13.8,2.03,0,0,0.0,25.0,1,1,0.0,4,0,-0.48,1,28.3,0,1,4,25.0,0.0,0.0,0.0,0,0,0,0,0,1,25.0,10,2.5,100.0,1,1,1.6,5.0,1.7,0,0,0.0,100.0,1,1,0.0,1,0,4.61,1,55.5,0,0,2,100.0,0.0,158.3,0.0,0,0,0,0,1,0,0.0,34,34.0,72.2,18,18,29.5,3.4,2.24,0,0,0.0,61.1,11,3,15.4,18,2,-0.13,5,52.2,0,0,20,38.9,0.0,94.2,0.0,0,0,0,0,1,1,5.0,98,5.4
Tristan Ti'a,204242,QB,OREGON ST,3,53,63,80.0,5,5,9.4,-3.6,1.96,0,0,0.0,80.0,4,1,0.0,5,0,0.42,1,65.4,0,0,5,40.0,0.0,87.5,0.0,0,0,0,0,0,0,0.0,25,5.0,75.0,4,4,7.5,-4.3,1.75,0,0,0.0,75.0,3,0,0.0,4,0,0.24,0,64.7,0,0,4,25.0,,77.1,0.0,0,0,0,0,0,0,0.0,10,2.5,60.0,5,5,9.4,30.0,3.08,0,1,20.0,60.0,3,1,0.0,5,0,1.29,3,91.0,0,0,5,60.0,0.0,104.2,0.0,0,0,0,0,0,0,0.0,105,21.0,100.0,5,5,9.4,13.2,2.84,0,0,0.0,80.0,4,1,20.0,5,1,1.75,4,80.8,0,0,5,80.0,0.0,147.1,0.0,0,0,0,0,2,0,0.0,49,9.8,77.8,18,18,34.0,4.8,2.71,0,0,0.0,77.8,14,7,0.0,18,0,-0.14,5,63.5,0,1,18,50.0,0.0,84.3,0.0,0,0,0,0,1,1,5.6,96,5.3,0,55.6,9,9,17.0,29.7,2.7,0,2,18.2,44.4,4,1,20.0,9,1,0.69,4,88.6,0,0,11,44.4,0.0,91.2,0.0,0,0,0,0,0,0,0.0,133,14.8,265,,0,0,0.0,,,0,0,,,0,0,,0,0,0.0,0,,0,0,0,,,0.0,,0,0,0,0,0,0,,0,,50.0,2,2,3.8,30.5,2.0,0,1,50.0,0.0,0,0,100.0,2,1,-0.82,0,76.7,0,0,2,0.0,,39.6,0.0,0,0,0,0,0,0,0.0,0,0.0,,0,0,0.0,,,0,0,,,0,0,,0,0,0.0,0,,0,0,0,,,0.0,,0,0,0,0,0,0,,0,,75.0,4,4,7.5,5.3,1.8,0,0,0.0,75.0,3,0,0.0,4,0,0.37,2,63.4,0,0,6,75.0,,89.6,0.0,0,0,0,0,0,0,0.0,24,6.0,83.3,6,6,11.3,13.5,2.98,0,0,0.0,66.7,4,2,20.0,6,1,0.72,4,65.0,0,1,6,66.7,0.0,91.7,0.0,0,0,0,0,2,1,16.7,49,8.2,0,100.0,1,1,1.9,-1.0,2.8,0,0,0.0,100.0,1,1,0.0,1,0,1.13,1,60.4,0,0,1,100.0,0.0,118.8,0.0,0,0,0,0,0,0,0.0,15,15.0,50.0,2,2,3.8,28.0,2.45,0,0,0.0,50.0,1,0,0.0,2,0,0.7,1,62.3,0,0,4,50.0,,95.8,0.0,0,0,0,0,0,0,0.0,28,14.0,0.0,1,1,1.9,15.0,3.7,0,0,0.0,0.0,0,1,,1,0,-4.43,0,34.4,0,1,1,0.0,0.0,0.0,0.0,0,0,0,0,0,1,100.0,0,0.0,88.9,9,9,17.0,4.7,1.97,0,0,0.0,88.9,8,1,0.0,9,0,0.62,4,67.7,0,0,9,88.9,0.0,93.5,0.0,0,0,0,0,0,0,0.0,58,6.4,80.6,31,31,58.5,4.8,2.38,0,0,0.0,80.6,25,8,0.0,31,0,0.15,11,66.7,0,1,33,64.5,0.0,87.9,0.0,0,0,0,0,1,1,3.0,178,5.7
KJ Jackson,184386,QB,ARKANSAS,5,54,63,83.3,6,6,11.1,-2.8,2.22,0,0,0.0,83.3,5,1,0.0,6,0,-0.5,0,59.9,0,0,6,16.7,0.0,79.2,0.0,0,0,0,0,0,0,0.0,17,2.8,75.0,4,4,7.4,-2.8,2.43,0,0,0.0,75.0,3,0,0.0,4,0,-0.81,0,57.5,0,0,4,0.0,,77.1,0.0,0,0,0,0,0,0,0.0,8,2.0,66.7,3,3,5.6,22.3,2.97,0,1,33.3,66.7,2,2,0.0,3,0,1.84,2,78.4,0,0,3,66.7,0.0,149.3,0.0,0,0,0,0,1,1,33.3,43,14.3,71.4,14,14,25.9,13.5,2.68,0,1,7.1,64.3,9,5,10.0,14,1,0.84,9,88.1,0,0,14,64.3,0.0,131.3,0.0,0,0,0,0,1,0,0.0,174,12.4,72.2,18,18,33.3,4.9,2.4,0,0,0.0,66.7,12,7,7.7,18,1,0.41,5,73.8,0,0,19,50.0,0.0,90.5,0.0,0,0,0,0,0,1,5.3,142,7.9,0,40.0,5,5,9.3,23.2,2.86,0,1,20.0,40.0,2,3,0.0,5,0,0.9,2,72.5,0,0,5,40.0,0.0,110.8,0.0,0,0,0,0,1,1,20.0,43,8.6,111,100.0,1,1,1.9,-2.0,1.9,0,0,0.0,100.0,1,0,0.0,1,0,0.91,0,60.4,0,0,1,100.0,,104.2,0.0,0,0,0,0,0,0,0.0,9,9.0,0.0,1,1,1.9,20.0,2.7,0,0,0.0,0.0,0,0,,1,0,-0.63,0,58.4,0,0,1,0.0,,39.6,0.0,0,0,0,0,0,0,0.0,0,0.0,0.0,2,2,3.7,14.5,2.4,0,0,0.0,0.0,0,0,,2,0,-0.79,0,27.4,0,0,3,0.0,,39.6,0.0,0,0,0,0,0,1,33.3,0,0.0,100.0,4,4,7.4,5.0,2.43,0,0,0.0,75.0,3,1,25.0,4,1,1.22,2,90.6,0,0,4,75.0,0.0,150.0,0.0,0,0,0,0,1,0,0.0,44,11.0,62.5,16,16,29.6,13.6,2.64,0,1,5.6,56.3,9,5,10.0,16,1,0.63,9,66.8,0,0,18,56.3,0.0,115.1,0.0,0,0,0,0,1,1,5.6,174,10.9,0,100.0,1,1,1.9,-4.0,1.7,0,0,0.0,100.0,1,1,0.0,1,0,-0.7,0,61.0,0,0,1,0.0,0.0,79.2,0.0,0,0,0,0,0,0,0.0,0,0.0,0.0,1,1,1.9,29.0,2.7,0,0,0.0,0.0,0,1,,1,0,-0.37,0,58.9,0,0,1,0.0,0.0,39.6,0.0,0,0,0,0,0,0,0.0,0,0.0,,0,0,0.0,,,0,0,0.0,,0,0,,0,0,0.0,0,47.3,0,0,1,,,0.0,,0,0,0,0,0,0,0.0,0,,50.0,4,4,7.4,5.3,2.7,0,0,0.0,50.0,2,1,0.0,4,0,-0.09,1,64.8,0,0,4,25.0,0.0,65.6,0.0,0,0,0,0,0,0,0.0,21,5.3,73.1,26,26,48.1,5.0,2.45,0,0,0.0,65.4,17,9,10.5,26,2,0.46,8,81.9,0,0,27,50.0,0.0,102.6,0.0,0,0,0,0,1,1,3.7,207,8.0
Zach Calzada,98006,QB,KENTUCKY,3,58,63,100.0,13,13,22.4,-3.3,1.55,0,0,0.0,92.3,12,1,7.7,13,1,-0.67,0,68.5,0,0,14,23.1,0.0,79.2,0.0,0,0,0,0,0,0,0.0,33,2.5,100.0,11,11,19.0,-3.4,1.45,0,0,0.0,90.9,10,1,9.1,11,1,-0.56,0,68.1,0,0,12,27.3,0.0,79.9,0.0,0,0,0,0,0,0,0.0,35,3.2,0.0,4,4,6.9,38.8,3.08,0,0,0.0,0.0,0,1,,4,0,-0.54,0,44.8,0,0,5,0.0,0.0,39.6,0.0,0,0,0,0,0,0,0.0,0,0.0,0.0,4,4,6.9,15.0,4.08,0,0,0.0,0.0,0,2,,4,0,-1.45,0,24.0,0,0,4,0.0,0.0,39.6,0.0,0,0,0,0,0,1,25.0,0,0.0,90.9,11,11,19.0,3.2,2.37,0,0,0.0,72.7,8,4,20.0,11,2,-0.31,3,50.6,0,1,12,36.4,0.0,57.4,0.0,0,0,0,0,0,1,8.3,86,7.8,0,5.9,17,17,29.3,31.8,3.41,0,2,10.5,5.9,1,8,0.0,17,0,-0.9,1,41.8,0,1,19,5.9,0.0,15.1,0.0,0,0,0,0,0,1,5.3,44,2.6,202,100.0,2,2,3.4,-3.0,2.1,0,0,0.0,100.0,2,0,0.0,2,0,-1.27,0,62.7,0,0,2,0.0,,79.2,0.0,0,0,0,0,0,0,0.0,-2,-1.0,0.0,4,4,6.9,31.5,3.55,0,0,0.0,0.0,0,3,,4,0,-1.26,0,42.0,0,0,4,0.0,0.0,39.6,0.0,0,0,0,0,0,0,0.0,0,0.0,0.0,1,1,1.7,16.0,2.6,0,0,0.0,0.0,0,0,,1,0,-1.41,0,48.5,0,0,1,0.0,,39.6,0.0,0,0,0,0,0,0,0.0,0,0.0,50.0,2,2,3.4,2.5,3.0,0,0,0.0,50.0,1,0,0.0,2,0,0.0,1,62.7,0,0,2,50.0,,81.3,0.0,0,0,0,0,0,0,0.0,18,9.0,25.0,8,8,13.8,14.0,3.9,0,0,0.0,25.0,2,3,0.0,8,0,-0.5,2,28.6,0,0,8,25.0,0.0,41.1,0.0,0,0,0,0,0,1,12.5,27,3.4,0,,0,0,0.0,,,0,0,,,0,0,,0,0,0.0,0,,0,0,0,,,0.0,,0,0,0,0,0,0,,0,,11.1,9,9,15.5,28.9,3.49,0,2,20.0,11.1,1,4,0.0,9,0,-0.91,1,52.1,0,1,10,11.1,0.0,7.9,0.0,0,0,0,0,0,1,10.0,44,4.9,66.7,3,3,5.2,12.0,4.1,0,0,0.0,66.7,2,1,0.0,3,0,1.07,2,73.4,0,0,3,66.7,0.0,95.1,0.0,0,0,0,0,0,0,0.0,27,9.0,100.0,5,5,8.6,3.4,3.0,0,0,0.0,80.0,4,2,20.0,5,1,0.17,2,77.9,0,0,6,60.0,0.0,92.5,0.0,0,0,0,0,0,0,0.0,31,6.2,88.9,18,18,31.0,3.2,2.62,0,0,0.0,72.2,13,6,18.8,18,3,-0.14,6,62.3,0,1,20,44.4,0.0,70.4,0.0,0,0,0,0,0,1,5.0,135,7.5
Zion Turner,158636,QB,MARSHALL,4,59,63,100.0,9,9,15.3,-2.6,2.33,0,0,0.0,100.0,9,2,0.0,9,0,0.21,1,67.3,0,0,9,44.4,0.0,86.1,0.0,0,0,0,0,0,0,0.0,42,4.7,100.0,6,6,10.2,-2.3,2.02,0,0,0.0,100.0,6,1,0.0,6,0,0.05,0,66.0,0,0,6,33.3,0.0,79.2,0.0,0,0,0,0,0,0,0.0,15,2.5,50.0,2,2,3.4,31.0,3.15,0,0,0.0,50.0,1,0,0.0,2,0,0.56,1,73.0,0,0,2,50.0,,95.8,0.0,0,0,0,0,0,0,0.0,26,13.0,62.5,8,8,13.6,14.0,2.85,0,0,0.0,50.0,4,3,20.0,8,1,-0.32,4,73.5,0,1,8,50.0,0.0,39.1,0.0,0,0,0,0,0,2,25.0,67,8.4,77.8,18,18,30.5,4.3,2.34,0,0,0.0,77.8,14,5,0.0,18,0,0.06,6,72.8,0,0,18,44.4,0.0,85.6,0.0,0,0,0,0,0,0,0.0,82,4.6,0,57.1,7,7,11.9,31.3,3.07,0,2,28.6,57.1,4,2,0.0,7,0,1.75,4,84.9,0,0,7,57.1,0.0,141.4,0.0,0,0,0,0,1,0,0.0,145,20.7,214,100.0,2,2,3.4,-1.5,2.8,0,0,0.0,100.0,2,0,0.0,2,0,0.42,0,62.6,0,0,2,50.0,,93.8,0.0,0,0,0,0,0,0,0.0,13,6.5,33.3,3,3,5.1,32.3,3.23,0,1,33.3,33.3,1,1,0.0,3,0,0.31,1,68.1,0,0,3,33.3,0.0,77.1,0.0,0,0,0,0,0,0,0.0,34,11.3,0.0,2,2,3.4,17.5,2.9,0,0,0.0,0.0,0,1,,2,0,-1.23,0,33.0,0,0,3,0.0,0.0,39.6,0.0,0,0,0,0,0,0,0.0,0,0.0,100.0,5,5,8.5,4.4,2.88,0,0,0.0,80.0,4,2,20.0,5,1,0.03,1,64.8,0,0,5,60.0,0.0,90.8,0.0,0,0,0,0,0,0,0.0,29,5.8,38.5,13,13,22.0,14.2,2.77,0,0,0.0,30.8,4,4,20.0,13,1,-0.69,4,55.0,0,1,14,30.8,0.0,17.1,0.0,0,0,0,0,0,2,14.3,67,5.2,0,100.0,1,1,1.7,-6.0,3.3,0,0,0.0,100.0,1,1,0.0,1,0,0.73,1,60.4,0,0,1,100.0,0.0,118.8,0.0,0,0,0,0,0,0,0.0,14,14.0,100.0,2,2,3.4,30.0,2.75,0,1,50.0,100.0,2,1,0.0,2,0,5.1,2,84.4,0,0,2,100.0,0.0,158.3,0.0,0,0,0,0,1,0,0.0,85,42.5,0.0,3,3,5.1,12.3,2.47,0,0,0.0,0.0,0,0,,3,0,-1.31,0,51.0,0,0,3,0.0,,39.6,0.0,0,0,0,0,0,0,0.0,0,0.0,100.0,5,5,8.5,6.2,2.9,0,0,0.0,100.0,5,1,0.0,5,0,0.27,2,63.5,0,0,6,80.0,0.0,98.3,0.0,0,0,0,0,0,1,16.7,38,7.6,85.7,28,28,47.5,4.7,2.54,0,0,0.0,82.1,23,8,4.2,28,1,0.09,9,72.0,0,0,29,53.6,0.0,88.8,0.0,0,0,0,0,0,1,3.4,149,5.3
Zach Wilcke,156836,QB,CHARLOTTE,6,52,60,87.5,8,8,15.4,-3.1,1.64,0,0,0.0,87.5,7,2,0.0,8,0,-0.86,1,61.6,0,0,8,37.5,0.0,82.3,0.0,0,0,0,0,0,0,0.0,30,3.8,87.5,8,8,15.4,-3.1,1.64,0,0,0.0,87.5,7,2,0.0,8,0,-0.86,1,61.6,0,0,8,37.5,0.0,82.3,0.0,0,0,0,0,0,0,0.0,30,3.8,,0,0,0.0,,,0,0,,,0,0,,0,0,0.0,0,,0,0,0,,,0.0,,0,0,0,0,0,0,,0,,0.0,2,2,3.8,13.5,2.7,0,0,0.0,0.0,0,1,,2,0,-0.67,0,58.0,0,0,3,0.0,0.0,39.6,0.0,0,0,0,0,0,0,0.0,0,0.0,80.0,10,10,19.2,3.9,2.61,0,0,0.0,80.0,8,4,0.0,10,0,0.3,5,41.3,0,1,10,60.0,0.0,60.4,0.0,0,0,0,0,0,1,10.0,80,8.0,0,57.1,7,7,13.5,24.4,2.59,0,2,25.0,57.1,4,2,0.0,7,0,0.55,4,85.1,0,0,8,57.1,0.0,140.5,0.0,0,0,0,0,1,1,12.5,86,12.3,136,,0,0,0.0,,,0,0,,,0,0,,0,0,0.0,0,,0,0,0,,,0.0,,0,0,0,0,0,0,,0,,40.0,5,5,9.6,23.8,2.66,0,0,0.0,40.0,2,2,0.0,5,0,-0.12,2,60.4,0,0,6,40.0,0.0,71.3,0.0,0,0,0,0,0,1,16.7,43,8.6,0.0,3,3,5.8,15.7,2.4,0,0,0.0,0.0,0,2,,3,0,-2.77,0,51.7,0,1,4,0.0,0.0,0.0,0.0,0,0,0,0,0,1,25.0,0,0.0,100.0,5,5,9.6,2.4,1.84,0,0,0.0,100.0,5,1,0.0,5,0,-0.29,3,72.1,0,0,5,60.0,0.0,124.6,0.0,0,0,0,0,1,0,0.0,22,4.4,14.3,7,7,13.5,15.1,2.54,0,0,0.0,14.3,1,3,0.0,7,0,-1.46,1,41.9,0,2,9,14.3,0.0,6.0,0.0,0,0,0,0,0,2,22.2,31,4.4,0,,0,0,0.0,,,0,0,,,0,0,,0,0,0.0,0,,0,0,0,,,0.0,,0,0,0,0,0,0,,0,,100.0,2,2,3.8,26.0,2.4,0,2,100.0,100.0,2,0,0.0,2,0,2.22,2,94.8,0,0,2,100.0,,158.3,0.0,0,0,0,0,1,0,0.0,43,21.5,50.0,2,2,3.8,16.0,2.6,0,0,0.0,50.0,1,0,0.0,2,0,-0.28,1,33.7,0,1,2,50.0,,56.3,0.0,0,0,0,0,0,1,50.0,31,15.5,100.0,9,9,17.3,4.7,3.04,0,0,0.0,88.9,8,4,11.1,9,1,0.3,3,71.6,0,0,9,66.7,0.0,88.4,0.0,0,0,0,0,0,0,0.0,47,5.2,91.7,24,24,46.2,3.9,2.61,0,0,0.0,87.5,21,9,4.5,24,1,0.18,11,61.4,0,1,24,62.5,0.0,89.1,0.0,0,0,0,0,1,1,4.2,149,6.2
Deuce Bailey,198907,QB,MO STATE,2,48,60,80.0,10,10,20.8,-3.4,2.98,0,0,0.0,80.0,8,2,0.0,10,0,-0.05,3,58.4,0,0,10,30.0,0.0,89.2,0.0,0,0,0,0,0,0,0.0,54,5.4,85.7,7,7,14.6,-3.6,2.23,0,0,0.0,85.7,6,1,0.0,7,0,-0.01,2,60.9,0,0,7,28.6,0.0,91.7,0.0,0,0,0,0,0,0,0.0,42,6.0,33.3,3,3,6.3,33.0,3.07,0,0,0.0,33.3,1,1,0.0,3,0,-0.55,1,58.6,0,0,3,33.3,0.0,81.9,0.0,0,0,0,0,0,0,0.0,42,14.0,100.0,5,5,10.4,13.8,3.2,0,0,0.0,100.0,5,0,0.0,5,0,2.73,5,92.4,0,0,5,100.0,,118.8,0.0,0,0,0,0,0,0,0.0,135,27.0,62.5,8,8,16.7,5.8,2.74,0,0,0.0,50.0,4,2,20.0,8,1,0.51,3,63.9,0,0,8,50.0,0.0,70.3,0.0,0,0,0,0,0,0,0.0,51,6.4,0,28.6,7,7,14.6,28.3,2.66,0,1,12.5,28.6,2,2,0.0,7,0,-0.06,2,66.0,0,0,8,28.6,0.0,103.6,0.0,0,0,0,0,1,0,0.0,62,8.9,230,,0,0,0.0,,,0,0,,,0,0,,0,0,0.0,0,,0,0,0,,,0.0,,0,0,0,0,0,0,,0,,0.0,2,2,4.2,25.5,2.7,0,0,0.0,0.0,0,1,,2,0,-0.65,0,50.1,0,0,2,0.0,0.0,39.6,0.0,0,0,0,0,0,0,0.0,0,0.0,,0,0,0.0,,,0,0,,,0,0,,0,0,0.0,0,,0,0,0,,,0.0,,0,0,0,0,0,0,,0,,50.0,2,2,4.2,7.0,4.1,0,0,0.0,50.0,1,0,0.0,2,0,-0.38,0,52.0,0,0,3,50.0,,56.3,0.0,0,0,0,0,0,0,0.0,5,2.5,70.0,10,10,20.8,14.4,3.38,0,0,0.0,70.0,7,1,0.0,10,0,1.68,7,76.9,0,0,10,70.0,0.0,145.8,0.0,0,0,0,0,1,1,10.0,154,15.4,0,66.7,3,3,6.3,-3.0,4.73,0,0,0.0,66.7,2,1,0.0,3,0,-0.16,1,55.9,0,0,3,33.3,0.0,74.3,0.0,0,0,0,0,0,0,0.0,12,4.0,50.0,2,2,4.2,24.0,2.0,0,1,33.3,50.0,1,0,0.0,2,0,1.26,1,80.1,0,0,3,50.0,,125.0,0.0,0,0,0,0,1,0,0.0,20,10.0,40.0,5,5,10.4,15.0,3.56,0,0,0.0,40.0,2,1,0.0,5,0,0.63,2,46.4,0,0,5,40.0,0.0,90.8,0.0,0,0,0,0,1,1,20.0,19,3.8,66.7,3,3,6.3,4.3,5.77,0,0,0.0,33.3,1,2,50.0,3,1,-0.05,0,80.0,0,0,3,33.3,0.0,42.4,0.0,0,0,0,0,0,0,0.0,9,3.0,61.5,13,13,27.1,5.6,3.65,0,0,0.0,46.2,6,4,25.0,13,2,0.24,3,67.1,0,0,14,46.2,0.0,61.4,0.0,0,0,0,0,0,0,0.0,65,5.0
Tama Amisone,199154,QB,S JOSE ST,6,52,60,87.5,8,8,15.4,-4.9,1.58,0,0,0.0,87.5,7,0,0.0,8,0,-0.55,2,61.2,0,0,8,37.5,,80.2,0.0,0,0,0,0,0,0,0.0,26,3.3,85.7,7,7,13.5,-5.3,1.63,0,0,0.0,85.7,6,0,0.0,7,0,-0.74,1,60.4,0,0,7,28.6,,79.2,0.0,0,0,0,0,0,0,0.0,19,2.7,,0,0,0.0,,,0,0,0.0,,0,0,,0,0,0.0,0,58.1,0,0,1,,,0.0,,0,0,0,0,0,0,0.0,0,,100.0,2,2,3.8,14.5,4.3,0,0,0.0,50.0,1,0,50.0,2,1,-0.94,1,85.2,0,1,2,50.0,,33.3,0.0,0,0,0,0,0,0,0.0,14,7.0,70.0,10,10,19.2,4.5,2.31,0,0,0.0,70.0,7,1,0.0,10,0,0.27,3,59.8,0,0,10,60.0,0.0,81.7,0.0,0,0,0,0,0,0,0.0,51,5.1,0,25.0,8,8,15.4,31.6,3.95,0,0,0.0,25.0,2,4,0.0,8,0,-0.33,2,47.2,0,1,9,25.0,0.0,10.9,0.0,0,0,0,0,0,1,11.1,45,5.6,285,100.0,1,1,1.9,-2.0,1.2,0,0,0.0,100.0,1,0,0.0,1,0,0.79,1,60.6,0,0,1,100.0,,95.8,0.0,0,0,0,0,0,0,0.0,7,7.0,25.0,4,4,7.7,29.8,3.45,0,0,0.0,25.0,1,3,0.0,4,0,-0.09,1,57.5,0,0,4,25.0,0.0,51.0,0.0,0,0,0,0,0,0,0.0,23,5.8,50.0,2,2,3.8,13.0,2.35,0,0,0.0,50.0,1,0,0.0,2,0,-1.31,1,61.5,0,1,2,50.0,,27.1,0.0,0,0,0,0,0,0,0.0,11,5.5,80.0,5,5,9.6,5.2,2.6,0,0,0.0,60.0,3,0,25.0,5,1,-0.01,0,53.2,0,0,6,60.0,,69.6,0.0,0,0,0,0,0,1,16.7,21,4.2,80.0,5,5,9.6,13.0,3.36,0,0,0.0,60.0,3,0,25.0,5,1,-0.54,3,85.8,0,2,5,60.0,,41.7,0.0,0,0,0,0,0,0,0.0,35,7.0,0,,0,0,0.0,,,0,0,,,0,0,,0,0,0.0,0,,0,0,0,,,0.0,,0,0,0,0,0,0,,0,,25.0,4,4,7.7,33.5,4.45,0,0,0.0,25.0,1,1,0.0,4,0,-0.58,1,43.0,0,1,4,25.0,0.0,10.4,0.0,0,0,0,0,0,1,25.0,22,5.5,100.0,1,1,1.9,10.0,3.5,0,0,0.0,100.0,1,0,0.0,1,0,1.81,1,74.3,0,0,1,100.0,,108.3,0.0,0,0,0,0,0,0,0.0,10,10.0,100.0,5,5,9.6,6.0,2.84,0,0,0.0,100.0,5,0,0.0,5,0,0.47,1,83.9,0,0,5,80.0,,93.3,0.0,0,0,0,0,0,0,0.0,32,6.4,80.0,20,20,38.5,5.1,2.52,0,0,0.0,75.0,15,1,6.3,20,1,0.25,4,66.9,0,0,21,65.0,0.0,86.3,0.0,0,0,0,0,0,1,4.8,104,5.2
Carter Smith,199578,QB,WISCONSIN,4,46,59,100.0,14,14,30.4,-2.7,2.26,0,0,0.0,92.9,13,4,7.1,14,1,-0.13,3,68.3,0,0,14,42.9,0.0,85.1,0.0,0,0,0,0,0,0,0.0,62,4.4,100.0,12,12,26.1,-2.8,2.32,0,0,0.0,91.7,11,4,8.3,12,1,0.09,3,67.9,0,0,12,50.0,0.0,88.5,0.0,0,0,0,0,0,0,0.0,63,5.3,0.0,1,1,2.2,29.0,6.2,0,0,0.0,0.0,0,1,,1,0,-1.85,0,51.9,0,0,1,0.0,0.0,39.6,0.0,0,0,0,0,0,0,0.0,0,0.0,,0,0,0.0,,,0,0,,,0,0,,0,0,0.0,0,,0,0,0,,,0.0,,0,0,0,0,0,0,,0,,66.7,9,9,19.6,5.9,3.17,0,0,0.0,55.6,5,4,16.7,9,1,0.23,2,57.5,0,0,9,55.6,0.0,67.4,0.0,0,0,0,0,0,0,0.0,41,4.6,0,0.0,5,5,10.9,28.8,4.12,0,0,0.0,0.0,0,4,,5,0,-0.93,0,36.8,0,0,5,0.0,0.0,39.6,0.0,0,0,0,0,0,0,0.0,0,0.0,349,,0,0,0.0,,,0,0,,,0,0,,0,0,0.0,0,,0,0,0,,,0.0,,0,0,0,0,0,0,,0,,0.0,2,2,4.3,27.0,3.35,0,0,0.0,0.0,0,1,,2,0,-0.7,0,42.4,0,0,2,0.0,0.0,39.6,0.0,0,0,0,0,0,0,0.0,0,0.0,66.7,3,3,6.5,16.3,2.77,0,0,0.0,66.7,2,1,0.0,3,0,0.86,2,48.3,0,1,3,66.7,0.0,109.7,0.0,0,0,0,0,1,1,33.3,62,20.7,100.0,3,3,6.5,5.7,2.9,0,0,0.0,100.0,3,1,0.0,3,0,1.01,2,56.7,0,0,3,100.0,0.0,100.0,0.0,0,0,0,0,0,0,0.0,24,8.0,50.0,4,4,8.7,15.3,2.93,0,0,0.0,50.0,2,2,0.0,4,0,0.52,2,40.8,0,1,5,50.0,0.0,95.8,0.0,0,0,0,0,1,1,20.0,62,15.5,0,100.0,2,2,4.3,-2.5,1.9,0,0,0.0,100.0,2,0,0.0,2,0,-1.43,0,62.7,0,0,2,0.0,,79.2,0.0,0,0,0,0,0,0,0.0,-1,-0.5,0.0,2,2,4.3,30.5,3.85,0,0,0.0,0.0,0,2,,2,0,-0.69,0,49.3,0,0,2,0.0,0.0,39.6,0.0,0,0,0,0,0,0,0.0,0,0.0,0.0,1,1,2.2,12.0,3.4,0,0,0.0,0.0,0,1,,1,0,-0.49,0,44.1,0,0,2,0.0,0.0,39.6,0.0,0,0,0,0,0,0,0.0,0,0.0,60.0,5,5,10.9,4.0,3.68,0,0,0.0,60.0,3,2,0.0,5,0,0.46,2,65.6,0,0,5,60.0,0.0,104.2,0.0,0,0,0,0,1,0,0.0,12,2.4,70.6,17,17,37.0,5.3,3.27,0,0,0.0,64.7,11,7,8.3,17,1,0.43,6,59.7,0,0,17,64.7,0.0,94.5,0.0,0,0,0,0,1,0,0.0,77,4.5
AJ Bianco,158232,QB,NEVADA,6,46,57,100.0,10,10,21.7,-2.5,2.41,0,0,0.0,100.0,10,2,0.0,10,0,-0.29,1,67.5,0,0,11,30.0,0.0,79.2,0.0,0,0,0,0,0,0,0.0,24,2.4,100.0,3,3,6.5,-2.7,2.87,0,0,0.0,100.0,3,0,0.0,3,0,-0.25,0,63.3,0,0,3,33.3,,81.9,0.0,0,0,0,0,0,0,0.0,11,3.7,,0,0,0.0,,,0,0,,,0,0,,0,0,0.0,0,,0,0,0,,,0.0,,0,0,0,0,0,0,,0,,57.1,7,7,15.2,12.3,2.36,0,0,0.0,57.1,4,3,0.0,7,0,-0.37,4,54.7,0,1,8,57.1,0.0,41.1,0.0,0,0,0,0,0,1,12.5,52,7.4,71.4,14,14,30.4,3.9,2.44,0,0,0.0,64.3,9,4,10.0,14,1,0.65,3,56.9,0,0,14,35.7,0.0,79.5,0.0,0,0,0,0,0,0,0.0,80,5.7,0,25.0,4,4,8.7,26.3,2.43,0,1,25.0,0.0,0,1,100.0,4,1,-0.98,0,65.3,0,0,4,0.0,0.0,39.6,0.0,0,0,0,0,0,0,0.0,0,0.0,239,100.0,4,4,8.7,-1.3,2.43,0,0,0.0,100.0,4,1,0.0,4,0,-0.24,1,65.5,0,0,5,25.0,0.0,79.2,0.0,0,0,0,0,0,0,0.0,10,2.5,0.0,1,1,2.2,30.0,2.2,0,0,0.0,0.0,0,0,,1,0,-0.77,0,49.9,0,0,1,0.0,,39.6,0.0,0,0,0,0,0,0,0.0,0,0.0,0.0,1,1,2.2,16.0,2.4,0,0,0.0,0.0,0,0,,1,0,-2.05,0,48.5,0,0,1,0.0,,39.6,0.0,0,0,0,0,0,0,0.0,0,0.0,100.0,1,1,2.2,4.0,1.8,0,0,0.0,100.0,1,0,0.0,1,0,-0.19,0,60.4,0,0,1,0.0,,83.3,0.0,0,0,0,0,0,0,0.0,4,4.0,50.0,12,12,26.1,13.4,2.48,0,0,0.0,50.0,6,3,0.0,12,0,-0.47,5,57.4,0,1,13,50.0,0.0,63.2,0.0,0,0,0,0,1,1,7.7,76,6.3,0,100.0,3,3,6.5,-4.0,1.93,0,0,0.0,100.0,3,1,0.0,3,0,-0.39,0,63.9,0,0,3,33.3,0.0,79.2,0.0,0,0,0,0,0,0,0.0,3,1.0,33.3,3,3,6.5,25.0,2.5,0,1,33.3,0.0,0,1,100.0,3,1,-1.05,0,73.9,0,0,3,0.0,0.0,39.6,0.0,0,0,0,0,0,0,0.0,0,0.0,50.0,4,4,8.7,14.8,2.7,0,0,0.0,50.0,2,0,0.0,4,0,-0.25,1,70.2,0,0,4,50.0,,108.3,0.0,0,0,0,0,1,0,0.0,24,6.0,100.0,1,1,2.2,4.0,1.6,0,0,0.0,100.0,1,0,0.0,1,0,-0.19,0,75.7,0,0,2,0.0,,83.3,0.0,0,0,0,0,0,0,0.0,4,4.0,75.0,16,16,34.8,3.9,2.34,0,0,0.0,68.8,11,4,8.3,16,1,0.54,3,63.7,0,0,17,31.3,0.0,82.3,0.0,0,0,0,0,0,0,0.0,88,5.5
Michael Merdinger,183334,QB,LIBERTY,5,42,56,83.3,6,6,14.3,-2.2,1.95,0,0,0.0,66.7,4,0,20.0,6,1,-0.33,1,59.9,0,0,6,33.3,,70.1,0.0,0,0,0,0,0,0,0.0,14,2.3,100.0,4,4,9.5,-2.3,1.75,0,0,0.0,75.0,3,0,25.0,4,1,-0.21,1,64.7,0,0,4,25.0,,77.1,0.0,0,0,0,0,0,0,0.0,6,1.5,50.0,2,2,4.8,39.5,3.3,0,1,50.0,50.0,1,2,0.0,2,0,1.95,1,85.1,0,0,2,50.0,0.0,95.8,0.0,0,0,0,0,0,0,0.0,53,26.5,71.4,7,7,16.7,11.7,2.83,0,0,0.0,71.4,5,1,0.0,7,0,0.55,4,69.4,0,0,7,57.1,0.0,99.7,0.0,0,0,0,0,0,0,0.0,64,9.1,71.4,7,7,16.7,5.0,2.11,0,0,0.0,71.4,5,1,0.0,7,0,0.18,3,52.0,0,0,8,42.9,0.0,92.0,0.0,0,0,0,0,0,0,0.0,51,7.3,0,66.7,6,6,14.3,32.7,2.78,0,4,57.1,66.7,4,4,0.0,6,0,2.58,4,94.8,0,0,7,66.7,0.0,149.3,0.0,0,0,0,0,1,0,0.0,192,32.0,206,0.0,1,1,2.4,-1.0,2.0,0,0,0.0,0.0,0,0,,1,0,-1.13,0,56.8,0,0,1,0.0,,39.6,0.0,0,0,0,0,0,0,0.0,0,0.0,100.0,2,2,4.8,30.0,2.7,0,2,100.0,100.0,2,0,0.0,2,0,4.33,2,95.0,0,0,2,100.0,,158.3,0.0,0,0,0,0,1,0,0.0,99,49.5,25.0,4,4,9.5,14.0,2.83,0,0,0.0,25.0,1,1,0.0,4,0,-0.41,1,54.6,0,0,4,25.0,0.0,39.6,0.0,0,0,0,0,0,0,0.0,12,3.0,40.0,5,5,11.9,5.4,3.12,0,0,0.0,40.0,2,1,0.0,5,0,-0.64,2,51.9,0,0,5,40.0,0.0,49.6,0.0,0,0,0,0,0,0,0.0,17,3.4,42.9,14,14,33.3,12.6,2.82,0,0,0.0,42.9,6,2,0.0,14,0,0.03,5,50.1,0,0,15,35.7,0.0,60.4,0.0,0,0,0,0,0,1,6.7,76,5.4,0,100.0,1,1,2.4,-3.0,2.7,0,0,0.0,100.0,1,0,0.0,1,0,0.0,0,61.0,0,0,1,100.0,,100.0,0.0,0,0,0,0,0,0,0.0,8,8.0,50.0,2,2,4.8,28.5,2.35,0,1,33.3,50.0,1,2,0.0,2,0,1.45,1,75.9,0,0,3,50.0,0.0,95.8,0.0,0,0,0,0,0,0,0.0,40,20.0,0.0,3,3,7.1,13.0,2.8,0,0,0.0,0.0,0,0,,3,0,-0.62,0,30.0,0,0,4,0.0,,39.6,0.0,0,0,0,0,0,1,25.0,0,0.0,,0,0,0.0,,,0,0,,,0,0,,0,0,0.0,0,,0,0,0,,,0.0,,0,0,0,0,0,0,,0,,58.3,12,12,28.6,5.2,2.53,0,0,0.0,58.3,7,2,0.0,12,0,-0.16,5,49.5,0,0,13,41.7,0.0,74.3,0.0,0,0,0,0,0,0,0.0,68,5.7
Daniel Kaelin,183565,QB,VIRGINIA,4,52,56,100.0,9,9,17.3,-3.2,1.59,0,0,0.0,88.9,8,1,11.1,9,1,0.14,3,67.3,0,0,9,55.6,0.0,108.8,0.0,0,0,0,0,0,0,0.0,91,10.1,100.0,5,5,9.6,-4.0,1.16,0,0,0.0,100.0,5,0,0.0,5,0,0.67,2,65.5,0,0,5,60.0,,118.8,0.0,0,0,0,0,0,0,0.0,76,15.2,,0,0,0.0,,,0,0,,,0,0,,0,0,0.0,0,,0,0,0,,,0.0,,0,0,0,0,0,0,,0,,28.6,7,7,13.5,13.0,2.87,0,0,0.0,14.3,1,3,50.0,7,1,-1.06,1,39.9,0,1,7,14.3,0.0,0.0,0.0,0,0,0,0,0,1,14.3,14,2.0,81.3,16,16,30.8,5.3,2.61,0,0,0.0,75.0,12,3,7.7,16,1,0.42,7,64.9,0,0,16,62.5,0.0,101.3,0.0,0,0,0,0,0,0,0.0,141,8.8,0,25.0,4,4,7.7,26.5,2.53,0,0,0.0,25.0,1,1,0.0,4,0,0.09,1,61.7,0,0,4,25.0,0.0,58.3,0.0,0,0,0,0,0,0,0.0,30,7.5,335,100.0,1,1,1.9,-4.0,1.0,0,0,0.0,100.0,1,0,0.0,1,0,-2.57,0,61.0,0,0,1,0.0,,79.2,0.0,0,0,0,0,0,0,0.0,-2,-2.0,0.0,3,3,5.8,28.0,2.4,0,0,0.0,0.0,0,1,,3,0,-0.43,0,49.4,0,0,3,0.0,0.0,39.6,0.0,0,0,0,0,0,0,0.0,0,0.0,50.0,2,2,3.8,11.5,4.2,0,0,0.0,50.0,1,1,0.0,2,0,-0.28,1,61.0,0,0,2,50.0,0.0,70.8,0.0,0,0,0,0,0,0,0.0,13,6.5,100.0,4,4,7.7,2.8,1.8,0,0,0.0,100.0,4,0,0.0,4,0,-0.22,0,57.5,0,0,4,50.0,,83.3,0.0,0,0,0,0,0,0,0.0,16,4.0,42.9,14,14,26.9,13.0,3.17,0,0,0.0,28.6,4,5,33.3,14,2,-0.59,4,55.0,0,1,14,28.6,0.0,37.2,0.0,0,0,0,0,1,1,7.1,54,3.9,0,100.0,3,3,5.8,-1.7,2.5,0,0,0.0,66.7,2,1,33.3,3,1,0.16,1,63.9,0,0,3,66.7,0.0,81.3,0.0,0,0,0,0,0,0,0.0,17,5.7,100.0,1,1,1.9,22.0,2.9,0,0,0.0,100.0,1,0,0.0,1,0,1.64,1,76.2,0,0,1,100.0,,118.8,0.0,0,0,0,0,0,0,0.0,30,30.0,60.0,5,5,9.6,13.6,3.18,0,0,0.0,40.0,2,1,33.3,5,1,-0.06,2,74.3,0,0,5,40.0,0.0,97.5,0.0,0,0,0,0,1,0,0.0,27,5.4,50.0,2,2,3.8,5.0,3.25,0,0,0.0,50.0,1,2,0.0,2,0,-0.1,0,54.6,0,0,2,50.0,0.0,58.3,0.0,0,0,0,0,0,0,0.0,7,3.5,81.8,22,22,42.3,4.8,2.52,0,0,0.0,77.3,17,5,5.6,22,1,0.26,7,61.7,0,0,22,59.1,0.0,97.5,0.0,0,0,0,0,0,0,0.0,164,7.5
Evan Bullock,170452,QB,LA TECH,3,44,55,66.7,6,6,13.6,-4.0,2.22,0,0,0.0,50.0,3,0,25.0,6,1,-0.39,1,53.9,0,0,6,16.7,,56.3,0.0,0,0,0,0,0,0,0.0,17,2.8,60.0,5,5,11.4,-4.2,2.32,0,0,0.0,40.0,2,0,33.3,5,1,-0.38,1,52.3,0,0,5,20.0,,48.8,0.0,0,0,0,0,0,0,0.0,16,3.2,0.0,1,1,2.3,29.0,2.6,0,0,0.0,0.0,0,0,,1,0,-0.47,0,38.3,0,0,2,0.0,,39.6,0.0,0,0,0,0,0,1,50.0,0,0.0,0.0,4,4,9.1,12.0,2.28,0,0,0.0,0.0,0,1,,4,0,-1.72,0,22.5,0,1,4,0.0,0.0,0.0,0.0,0,0,0,0,0,2,50.0,0,0.0,91.7,12,12,27.3,3.8,2.09,0,0,0.0,83.3,10,3,9.1,12,1,0.57,4,60.9,0,0,12,66.7,0.0,97.9,0.0,0,0,0,0,0,0,0.0,90,7.5,0,33.3,6,6,13.6,24.2,2.48,0,2,20.0,33.3,2,1,0.0,6,0,-0.62,2,55.2,0,1,10,33.3,0.0,24.3,0.0,0,0,0,0,0,2,20.0,49,8.2,208,100.0,1,1,2.3,-3.0,1.7,0,0,0.0,100.0,1,0,0.0,1,0,-0.47,0,60.6,0,0,1,0.0,,79.2,0.0,0,0,0,0,0,0,0.0,1,1.0,0.0,2,2,4.5,24.5,1.75,0,0,0.0,0.0,0,1,,2,0,-3.44,0,35.0,0,1,3,0.0,0.0,0.0,0.0,0,0,0,0,0,1,33.3,0,0.0,60.0,5,5,11.4,14.4,4.0,0,0,0.0,60.0,3,0,0.0,5,0,0.71,3,72.6,0,0,5,60.0,,88.8,0.0,0,0,0,0,0,0,0.0,44,8.8,66.7,3,3,6.8,7.3,3.2,0,0,0.0,66.7,2,0,0.0,3,0,0.08,0,61.0,0,0,3,66.7,,78.5,0.0,0,0,0,0,0,0,0.0,15,5.0,40.0,10,10,22.7,13.0,3.41,0,0,0.0,40.0,4,1,0.0,10,0,-0.16,4,35.6,0,1,11,40.0,0.0,18.8,0.0,0,0,0,0,0,2,18.2,55,5.5,0,,0,0,0.0,,,0,0,,,0,0,,0,0,0.0,0,,0,0,0,,,0.0,,0,0,0,0,0,0,,0,,66.7,3,3,6.8,22.3,2.93,0,2,40.0,66.7,2,0,0.0,3,0,1.2,2,85.9,0,0,5,66.7,,109.7,0.0,0,0,0,0,0,0,0.0,49,16.3,100.0,1,1,2.3,10.0,5.0,0,0,0.0,100.0,1,0,0.0,1,0,1.75,1,68.9,0,0,2,100.0,,112.5,0.0,0,0,0,0,0,0,0.0,11,11.0,66.7,6,6,13.6,3.3,1.97,0,0,0.0,50.0,3,2,25.0,6,1,-0.46,1,55.6,0,0,6,16.7,0.0,56.3,0.0,0,0,0,0,0,0,0.0,16,2.7,81.0,21,21,47.7,4.1,2.21,0,0,0.0,71.4,15,5,11.8,21,2,0.2,5,59.0,0,0,21,52.4,0.0,85.6,0.0,0,0,0,0,0,0,0.0,121,5.8
Zach Gibson,100201,QB,FAU,6,53,55,70.0,10,10,18.9,-3.2,2.62,0,0,0.0,60.0,6,2,14.3,10,1,-0.01,2,50.4,0,0,11,20.0,0.0,97.9,0.0,0,0,0,0,1,0,0.0,26,2.6,50.0,4,4,7.5,-3.5,2.28,0,0,0.0,25.0,1,1,50.0,4,1,-0.61,0,45.5,0,0,5,0.0,0.0,39.6,0.0,0,0,0,0,0,0,0.0,0,0.0,50.0,4,4,7.5,26.3,3.08,0,1,25.0,50.0,2,1,0.0,4,0,0.2,2,40.5,0,2,4,50.0,0.0,56.3,0.0,0,0,0,0,0,2,50.0,53,13.3,100.0,4,4,7.5,15.5,2.75,0,0,0.0,100.0,4,0,0.0,4,0,1.72,4,93.0,0,0,5,100.0,,158.3,0.0,0,0,0,0,1,0,0.0,72,18.0,73.3,15,15,28.3,4.7,2.19,0,0,0.0,66.7,10,2,9.1,15,1,0.36,5,59.5,0,0,16,53.3,0.0,82.1,0.0,0,0,0,0,0,0,0.0,88,5.9,0,50.0,8,8,15.1,26.6,3.3,0,2,22.2,50.0,4,3,0.0,8,0,0.71,4,46.4,0,2,9,50.0,0.0,56.3,0.0,0,0,0,0,0,3,33.3,106,13.3,165,66.7,3,3,5.7,-3.7,3.67,0,0,0.0,66.7,2,0,0.0,3,0,-0.38,0,55.9,0,0,3,0.0,,70.1,0.0,0,0,0,0,0,0,0.0,7,2.3,100.0,1,1,1.9,20.0,7.3,0,1,100.0,100.0,1,1,0.0,1,0,3.81,1,89.8,0,0,1,100.0,0.0,118.8,0.0,0,0,0,0,0,0,0.0,20,20.0,50.0,2,2,3.8,14.0,2.1,0,0,0.0,50.0,1,0,0.0,2,0,0.46,1,68.4,0,0,2,50.0,,102.1,0.0,0,0,0,0,1,0,0.0,9,4.5,57.1,7,7,13.2,4.1,2.84,0,0,0.0,57.1,4,3,0.0,7,0,-0.73,0,38.6,0,1,7,0.0,0.0,22.6,0.0,0,0,0,0,0,1,14.3,10,1.4,62.5,8,8,15.1,14.9,2.59,0,0,0.0,62.5,5,1,0.0,8,0,0.8,5,86.4,0,0,9,62.5,0.0,135.9,0.0,0,0,0,0,2,0,0.0,81,10.1,0,100.0,3,3,5.7,-2.3,2.03,0,0,0.0,100.0,3,1,0.0,3,0,1.16,2,63.8,0,0,3,66.7,0.0,132.6,0.0,0,0,0,0,1,0,0.0,19,6.3,33.3,3,3,5.7,29.3,2.27,0,0,0.0,33.3,1,1,0.0,3,0,0.38,1,37.4,0,0,4,33.3,0.0,75.7,0.0,0,0,0,0,0,1,25.0,33,11.0,0.0,2,2,3.8,14.5,2.75,0,0,0.0,0.0,0,1,,2,0,-0.68,0,45.2,0,0,2,0.0,0.0,39.6,0.0,0,0,0,0,0,0,0.0,0,0.0,50.0,4,4,7.5,5.5,2.43,0,0,0.0,50.0,2,1,0.0,4,0,-0.14,0,51.2,0,0,4,25.0,0.0,56.3,0.0,0,0,0,0,0,0,0.0,12,3.0,65.4,26,26,49.1,4.7,2.4,0,0,0.0,61.5,16,6,5.9,26,1,-0.01,5,48.1,0,1,27,34.6,0.0,55.0,0.0,0,0,0,0,0,1,3.7,110,4.2
Landry Lyddy,156581,QB,SO MISS,5,52,55,92.3,13,13,25.0,-3.5,2.02,0,0,0.0,92.3,12,2,0.0,13,0,-0.18,3,64.9,0,0,14,46.2,0.0,84.3,0.0,0,0,0,0,0,0,0.0,55,4.2,100.0,9,9,17.3,-3.4,1.49,0,0,0.0,100.0,9,2,0.0,9,0,-0.28,2,67.6,0,0,10,44.4,0.0,85.2,0.0,0,0,0,0,0,0,0.0,40,4.4,25.0,4,4,7.7,29.5,2.6,0,0,0.0,25.0,1,2,0.0,4,0,-0.73,1,28.9,0,2,5,25.0,0.0,24.0,0.0,0,0,0,0,0,2,40.0,35,8.8,70.0,10,10,19.2,14.0,2.62,0,0,0.0,70.0,7,4,0.0,10,0,0.59,5,90.1,0,0,11,70.0,0.0,102.9,0.0,0,0,0,0,0,0,0.0,102,10.2,77.8,9,9,17.3,2.9,2.52,0,0,0.0,77.8,7,1,0.0,9,0,1.17,3,69.4,0,0,9,55.6,0.0,158.3,0.0,0,0,0,0,2,0,0.0,117,13.0,0,20.0,5,5,9.6,29.8,2.52,0,0,0.0,20.0,1,2,0.0,5,0,-0.7,1,30.4,0,2,7,20.0,0.0,16.7,0.0,0,0,0,0,0,2,28.6,35,7.0,296,50.0,2,2,3.8,-3.0,2.9,0,0,0.0,50.0,1,0,0.0,2,0,-0.61,0,54.6,0,0,2,0.0,,56.3,0.0,0,0,0,0,0,0,0.0,1,0.5,0.0,1,1,1.9,31.0,2.2,0,0,0.0,0.0,0,0,,1,0,-0.58,0,58.0,0,0,1,0.0,,39.6,0.0,0,0,0,0,0,0,0.0,0,0.0,66.7,3,3,5.8,12.0,2.67,0,0,0.0,66.7,2,0,0.0,3,0,0.99,1,78.9,0,0,3,66.7,,109.7,0.0,0,0,0,0,0,0,0.0,44,14.7,100.0,1,1,1.9,3.0,2.1,0,0,0.0,100.0,1,0,0.0,1,0,2.48,1,71.8,0,0,1,100.0,,118.8,0.0,0,0,0,0,0,0,0.0,28,28.0,64.3,14,14,26.9,13.4,2.9,0,0,0.0,64.3,9,5,0.0,14,0,-0.19,6,75.0,0,1,15,64.3,0.0,69.3,0.0,0,0,0,0,0,1,6.7,146,10.4,0,100.0,2,2,3.8,-4.0,3.55,0,0,0.0,100.0,2,0,0.0,2,0,0.74,1,62.7,0,0,2,100.0,,95.8,0.0,0,0,0,0,0,0,0.0,14,7.0,,0,0,0.0,,,0,0,0.0,,0,0,,0,0,0.0,0,58.4,0,0,1,,,0.0,,0,0,0,0,0,0,0.0,0,,0.0,1,1,1.9,12.0,6.4,0,0,0.0,0.0,0,1,,1,0,-11.54,0,24.0,0,1,1,0.0,0.0,0.0,0.0,0,0,0,0,0,1,100.0,0,0.0,83.3,6,6,11.5,4.7,3.18,0,0,0.0,66.7,4,0,20.0,6,1,-0.28,1,71.5,0,0,6,50.0,,75.0,0.0,0,0,0,0,0,0,0.0,25,4.2,81.3,16,16,30.8,3.6,2.74,0,0,0.0,75.0,12,1,7.7,16,1,0.71,5,77.0,0,0,16,56.3,0.0,148.4,0.0,0,0,0,0,2,0,0.0,170,10.6
Gunnar Gray,171202,QB,BUFFALO,4,53,53,90.0,10,10,18.9,-3.3,2.0,0,0,0.0,80.0,8,3,11.1,10,1,-0.09,2,67.3,0,0,10,20.0,0.0,112.5,0.0,0,0,0,0,1,0,0.0,22,2.2,88.9,9,9,17.0,-3.4,2.1,0,0,0.0,77.8,7,3,12.5,9,1,-0.04,1,66.9,0,0,9,22.2,0.0,116.2,0.0,0,0,0,0,1,0,0.0,21,2.3,100.0,1,1,1.9,25.0,2.5,0,1,100.0,100.0,1,1,0.0,1,0,1.93,1,87.7,0,0,1,100.0,0.0,118.8,0.0,0,0,0,0,0,0,0.0,27,27.0,50.0,4,4,7.5,13.0,2.33,0,0,0.0,50.0,2,0,0.0,4,0,-0.35,1,48.4,0,0,4,25.0,,61.5,0.0,0,0,0,0,0,0,0.0,17,4.3,78.9,19,19,35.8,5.1,2.22,0,0,0.0,68.4,13,3,13.3,19,2,-0.04,5,66.0,0,1,19,63.2,0.0,60.4,0.0,0,0,0,0,0,1,5.3,106,5.6,0,18.2,11,11,20.8,30.0,2.45,0,2,18.2,18.2,2,3,0.0,11,0,-0.76,2,49.3,0,1,11,18.2,0.0,39.6,0.0,0,0,0,0,1,1,9.1,53,4.8,126,100.0,1,1,1.9,-2.0,1.1,0,0,0.0,100.0,1,0,0.0,1,0,-0.51,1,60.6,0,0,1,0.0,,79.2,0.0,0,0,0,0,0,0,0.0,1,1.0,0.0,5,5,9.4,32.6,2.58,0,0,0.0,0.0,0,1,,5,0,-1.24,0,43.4,0,0,5,0.0,0.0,39.6,0.0,0,0,0,0,0,0,0.0,0,0.0,100.0,1,1,1.9,11.0,3.7,0,0,0.0,100.0,1,0,0.0,1,0,0.83,0,76.4,0,0,1,100.0,,112.5,0.0,0,0,0,0,0,0,0.0,11,11.0,100.0,2,2,3.8,5.0,1.65,0,0,0.0,100.0,2,0,0.0,2,0,0.22,0,61.7,0,0,2,50.0,,93.8,0.0,0,0,0,0,0,0,0.0,13,6.5,50.0,6,6,11.3,12.5,2.57,0,0,0.0,50.0,3,0,0.0,6,0,-0.25,1,53.4,0,0,6,33.3,,63.2,0.0,0,0,0,0,0,0,0.0,28,4.7,0,,0,0,0.0,,,0,0,,,0,0,,0,0,0.0,0,,0,0,0,,,0.0,,0,0,0,0,0,0,,0,,20.0,5,5,9.4,28.4,2.3,0,1,20.0,20.0,1,1,0.0,5,0,-0.81,1,42.6,0,1,5,20.0,0.0,48.8,0.0,0,0,0,0,1,1,20.0,26,5.2,0.0,1,1,1.9,12.0,2.4,0,0,0.0,0.0,0,0,,1,0,-0.93,0,48.5,0,0,1,0.0,,39.6,0.0,0,0,0,0,0,0,0.0,0,0.0,33.3,3,3,5.7,6.3,1.97,0,0,0.0,33.3,1,0,0.0,3,0,-0.73,0,26.7,0,0,4,33.3,,42.4,0.0,0,0,0,0,0,1,25.0,6,2.0,75.0,24,24,45.3,5.3,2.14,0,0,0.0,66.7,16,3,11.1,24,2,-0.11,5,50.0,0,1,25,58.3,0.0,62.0,0.0,0,0,0,0,0,2,8.0,125,5.2
Thomas Gotkowski,184081,QB,MIAMI OH,2,47,53,100.0,3,3,6.4,-1.7,1.27,0,0,0.0,100.0,3,0,0.0,3,0,0.04,0,63.9,0,0,3,66.7,,87.5,0.0,0,0,0,0,0,0,0.0,15,5.0,100.0,2,2,4.3,-1.0,1.35,0,0,0.0,100.0,2,0,0.0,2,0,0.45,0,62.6,0,0,2,100.0,,95.8,0.0,0,0,0,0,0,0,0.0,14,7.0,0.0,2,2,4.3,32.5,3.35,0,0,0.0,0.0,0,1,,2,0,-0.67,0,57.1,0,0,2,0.0,0.0,39.6,0.0,0,0,0,0,0,0,0.0,0,0.0,0.0,1,1,2.1,15.0,2.3,0,0,0.0,0.0,0,0,,1,0,-0.55,0,46.8,0,0,1,0.0,,39.6,0.0,0,0,0,0,0,0,0.0,0,0.0,83.3,6,6,12.8,5.5,1.58,0,0,0.0,66.7,4,0,20.0,6,1,0.12,2,59.5,0,0,6,50.0,,78.5,0.0,0,0,0,0,0,0,0.0,30,5.0,0,53.8,13,13,27.7,31.7,2.55,0,2,15.4,53.8,7,4,0.0,13,0,1.22,7,70.8,0,0,13,53.8,0.0,138.6,0.0,0,0,0,0,3,0,0.0,244,18.8,221,100.0,1,1,2.1,-3.0,1.1,0,0,0.0,100.0,1,0,0.0,1,0,-0.78,0,60.6,0,0,1,0.0,,79.2,0.0,0,0,0,0,0,0,0.0,1,1.0,80.0,5,5,10.6,35.4,2.48,0,1,20.0,80.0,4,0,0.0,5,0,2.59,4,67.3,0,0,5,80.0,,158.3,0.0,0,0,0,0,3,0,0.0,141,28.2,50.0,6,6,12.8,16.2,2.72,0,0,0.0,50.0,3,2,0.0,6,0,0.56,3,65.7,0,0,6,50.0,0.0,83.3,0.0,0,0,0,0,0,0,0.0,57,9.5,50.0,6,6,12.8,6.0,2.08,0,0,0.0,50.0,3,0,0.0,6,0,-0.42,1,51.0,0,0,6,33.3,,58.3,0.0,0,0,0,0,0,0,0.0,21,3.5,41.7,12,12,25.5,16.0,2.88,0,1,8.3,41.7,5,3,0.0,12,0,0.43,5,61.2,0,0,12,41.7,0.0,92.0,0.0,0,0,0,0,1,0,0.0,79,6.6,0,,0,0,0.0,,,0,0,,,0,0,,0,0,0.0,0,,0,0,0,,,0.0,,0,0,0,0,0,0,,0,,50.0,6,6,12.8,28.3,2.35,0,1,16.7,50.0,3,3,0.0,6,0,0.7,3,72.8,0,0,6,50.0,0.0,95.8,0.0,0,0,0,0,0,0,0.0,103,17.2,40.0,5,5,10.6,16.0,3.18,0,1,20.0,40.0,2,1,0.0,5,0,0.47,2,63.6,0,0,5,40.0,0.0,93.3,0.0,0,0,0,0,1,0,0.0,22,4.4,75.0,4,4,8.5,5.5,2.53,0,0,0.0,75.0,3,0,0.0,4,0,0.0,1,56.2,0,0,4,50.0,,87.5,0.0,0,0,0,0,0,0,0.0,22,5.5,68.8,16,16,34.0,5.7,2.01,0,0,0.0,62.5,10,0,9.1,16,1,-0.11,4,53.0,0,0,16,43.8,,73.2,0.0,0,0,0,0,0,0,0.0,73,4.6
Lucian Anderson III,173364,QB,BOWL GREEN,3,41,50,85.7,7,7,17.1,-2.1,1.99,0,0,0.0,71.4,5,0,16.7,7,1,-0.91,1,46.5,0,1,7,14.3,,87.8,0.0,0,0,0,0,1,1,14.3,44,6.3,80.0,5,5,12.2,-2.2,2.08,0,0,0.0,80.0,4,0,0.0,5,0,-0.97,1,42.0,0,1,5,20.0,,105.8,0.0,0,0,0,0,1,1,20.0,47,9.4,0.0,2,2,4.9,31.5,3.55,0,1,20.0,0.0,0,0,,2,0,-1.24,0,63.5,0,1,5,0.0,,0.0,0.0,0,0,0,0,0,0,0.0,0,0.0,75.0,4,4,9.8,15.5,2.88,0,0,0.0,75.0,3,1,0.0,4,0,0.82,3,83.5,0,0,4,75.0,0.0,116.7,0.0,0,0,0,0,0,0,0.0,64,16.0,90.9,11,11,26.8,4.3,2.4,0,0,0.0,72.7,8,0,20.0,11,2,-0.6,2,67.1,0,1,11,54.5,,47.2,0.0,0,0,0,0,0,0,0.0,59,5.4,0,0.0,4,4,9.8,32.3,3.08,0,1,10.0,0.0,0,0,,4,0,-1.08,0,50.0,0,1,10,0.0,,0.0,0.0,0,0,0,0,0,0,0.0,0,0.0,122,100.0,1,1,2.4,-3.0,1.8,0,0,0.0,100.0,1,0,0.0,1,0,-1.34,0,61.0,0,0,1,0.0,,79.2,0.0,0,0,0,0,0,0,0.0,-3,-3.0,,0,0,0.0,,,0,0,0.0,,0,0,,0,0,0.0,0,56.8,0,0,2,,,0.0,,0,0,0,0,0,0,0.0,0,,100.0,3,3,7.3,13.0,2.7,0,0,0.0,100.0,3,0,0.0,3,0,1.27,3,89.8,0,0,3,100.0,,158.3,0.0,0,0,0,0,1,0,0.0,39,13.0,100.0,1,1,2.4,0.0,1.7,0,0,0.0,100.0,1,0,0.0,1,0,0.99,1,61.0,0,0,1,100.0,,83.3,0.0,0,0,0,0,0,0,0.0,4,4.0,77.8,9,9,22.0,14.3,2.78,0,0,0.0,77.8,7,1,0.0,9,0,0.83,7,91.3,0,0,9,77.8,0.0,155.8,0.0,0,0,0,0,1,0,0.0,116,12.9,0,100.0,1,1,2.4,-1.0,1.7,0,0,0.0,0.0,0,0,100.0,1,1,-0.2,0,60.4,0,0,1,0.0,,39.6,0.0,0,0,0,0,0,0,0.0,0,0.0,0.0,2,2,4.9,33.0,2.6,0,0,0.0,0.0,0,0,,2,0,-0.93,0,38.1,0,0,3,0.0,,39.6,0.0,0,0,0,0,0,0,0.0,0,0.0,50.0,2,2,4.9,14.0,2.7,0,0,0.0,50.0,1,0,0.0,2,0,0.2,1,70.4,0,0,2,50.0,,70.8,0.0,0,0,0,0,0,0,0.0,13,6.5,83.3,6,6,14.6,2.5,1.87,0,0,0.0,83.3,5,0,0.0,6,0,-0.46,0,59.9,0,0,6,50.0,,81.9,0.0,0,0,0,0,0,0,0.0,22,3.7,88.9,18,18,43.9,3.4,2.18,0,0,0.0,77.8,14,0,12.5,18,2,-0.47,3,65.9,0,1,18,55.6,,63.2,0.0,0,0,0,0,0,0,0.0,85,4.7
Brady Jones,200039,QB,W MICHIGAN,5,43,50,100.0,8,8,18.6,-4.3,2.33,0,0,0.0,75.0,6,2,25.0,8,2,-0.04,1,66.9,0,0,8,37.5,0.0,78.1,0.0,0,0,0,0,0,0,0.0,26,3.3,100.0,7,7,16.3,-3.9,2.43,0,0,0.0,71.4,5,2,28.6,7,2,-0.05,1,66.4,0,0,7,28.6,0.0,74.1,0.0,0,0,0,0,0,0,0.0,19,2.7,0.0,2,2,4.7,41.0,3.75,0,0,0.0,0.0,0,0,,2,0,-0.36,0,57.5,0,0,2,0.0,,39.6,0.0,0,0,0,0,0,0,0.0,0,0.0,25.0,4,4,9.3,13.0,2.83,0,0,0.0,25.0,1,1,0.0,4,0,-1.05,1,44.9,0,1,4,25.0,0.0,39.6,0.0,0,0,0,0,1,0,0.0,1,0.3,66.7,6,6,14.0,3.7,2.27,0,0,0.0,66.7,4,4,0.0,6,0,-0.35,1,53.1,0,0,7,33.3,0.0,78.5,0.0,0,0,0,0,0,0,0.0,30,5.0,0,10.0,10,10,23.3,30.1,2.5,0,1,10.0,10.0,1,4,0.0,10,0,-0.71,1,53.4,0,0,10,10.0,0.0,41.7,0.0,0,0,0,0,0,1,10.0,35,3.5,347,100.0,1,1,2.3,-7.0,1.6,0,0,0.0,100.0,1,0,0.0,1,0,0.02,0,60.4,0,0,1,100.0,,95.8,0.0,0,0,0,0,0,0,0.0,7,7.0,16.7,6,6,14.0,25.8,2.13,0,1,16.7,16.7,1,3,0.0,6,0,-0.76,1,61.9,0,0,6,16.7,0.0,51.4,0.0,0,0,0,0,0,1,16.7,35,5.8,50.0,2,2,4.7,12.5,2.45,0,0,0.0,50.0,1,0,0.0,2,0,0.77,1,38.9,0,1,2,50.0,,29.2,0.0,0,0,0,0,0,1,50.0,12,6.0,50.0,2,2,4.7,6.0,2.15,0,0,0.0,50.0,1,1,0.0,2,0,0.37,1,63.9,0,0,2,50.0,0.0,56.3,0.0,0,0,0,0,0,0,0.0,5,2.5,37.5,8,8,18.6,12.6,3.13,0,0,0.0,37.5,3,2,0.0,8,0,-0.77,3,33.8,0,3,8,37.5,0.0,46.4,0.0,0,0,0,0,1,2,25.0,25,3.1,0,,0,0,0.0,,,0,0,,,0,0,,0,0,0.0,0,,0,0,0,,,0.0,,0,0,0,0,0,0,,0,,0.0,2,2,4.7,32.0,2.35,0,0,0.0,0.0,0,1,,2,0,-0.93,0,43.5,0,0,2,0.0,0.0,39.6,0.0,0,0,0,0,0,0,0.0,0,0.0,50.0,2,2,4.7,12.0,4.4,0,0,0.0,50.0,1,1,0.0,2,0,-1.75,1,48.0,0,1,2,50.0,0.0,29.2,0.0,0,0,0,0,0,1,50.0,12,6.0,100.0,5,5,11.6,2.0,2.72,0,0,0.0,80.0,4,0,20.0,5,1,-0.04,1,65.4,0,0,5,40.0,,79.2,0.0,0,0,0,0,0,0,0.0,15,3.0,76.9,13,13,30.2,3.4,2.42,0,0,0.0,69.2,9,5,10.0,13,1,-0.12,3,59.6,0,0,14,38.5,0.0,75.8,0.0,0,0,0,0,0,0,0.0,50,3.8
Brendan Sullivan,145034,QB,TULANE,11,31,46,100.0,9,9,29.0,-3.6,1.63,0,0,0.0,88.9,8,1,11.1,9,1,0.26,3,67.3,0,0,9,66.7,0.0,87.5,0.0,0,0,0,0,0,0,0.0,45,5.0,100.0,7,7,22.6,-3.7,1.76,0,0,0.0,85.7,6,1,14.3,7,1,0.29,2,66.5,0,0,7,57.1,0.0,88.7,0.0,0,0,0,0,0,0,0.0,37,5.3,0.0,1,1,3.2,28.0,2.7,0,0,0.0,0.0,0,1,,1,0,-0.63,0,50.4,0,0,3,0.0,0.0,39.6,0.0,0,0,0,0,0,0,0.0,0,0.0,50.0,2,2,6.5,14.5,4.45,0,1,50.0,50.0,1,1,0.0,2,0,-0.14,1,44.7,0,1,2,50.0,0.0,56.3,0.0,0,0,0,0,1,1,50.0,6,3.0,0.0,2,2,6.5,6.0,2.45,0,0,0.0,0.0,0,0,,2,0,-0.8,0,45.5,0,0,2,0.0,,39.6,0.0,0,0,0,0,0,0,0.0,0,0.0,0,40.0,5,5,16.1,27.0,3.14,0,2,22.2,20.0,1,1,50.0,5,1,-0.67,1,67.1,0,1,9,20.0,0.0,5.0,0.0,0,0,0,0,0,1,11.1,21,4.2,319,100.0,2,2,6.5,-3.0,1.2,0,0,0.0,100.0,2,0,0.0,2,0,0.14,1,62.6,0,0,2,100.0,,83.3,0.0,0,0,0,0,0,0,0.0,8,4.0,50.0,2,2,6.5,20.0,2.4,0,1,33.3,50.0,1,0,0.0,2,0,0.04,1,81.1,0,0,3,50.0,,87.5,0.0,0,0,0,0,0,0,0.0,21,10.5,100.0,2,2,6.5,16.5,2.7,0,1,50.0,100.0,2,0,0.0,2,0,1.88,2,91.1,0,0,2,100.0,,158.3,0.0,0,0,0,0,1,0,0.0,35,17.5,,0,0,0.0,,,0,0,,,0,0,,0,0,0.0,0,,0,0,0,,,0.0,,0,0,0,0,0,0,,0,,88.9,9,9,29.0,15.2,4.04,0,2,22.2,88.9,8,4,0.0,9,0,1.46,8,91.5,0,1,9,88.9,0.0,118.8,0.0,0,0,0,0,2,1,11.1,138,15.3,0,,0,0,0.0,,,0,0,,,0,0,,0,0,0.0,0,,0,0,0,,,0.0,,0,0,0,0,0,0,,0,,50.0,2,2,6.5,33.5,4.1,0,1,33.3,0.0,0,0,100.0,2,1,-1.41,0,61.7,0,1,3,0.0,,0.0,0.0,0,0,0,0,0,1,33.3,0,0.0,100.0,5,5,16.1,15.0,4.42,0,0,0.0,100.0,5,3,0.0,5,0,1.94,5,92.2,0,0,5,100.0,0.0,118.8,0.0,0,0,0,0,0,0,0.0,97,19.4,100.0,3,3,9.7,4.3,2.9,0,0,0.0,100.0,3,0,0.0,3,0,1.07,2,56.8,0,0,3,100.0,,106.9,0.0,0,0,0,0,0,0,0.0,29,9.7,60.0,5,5,16.1,5.0,2.72,0,0,0.0,60.0,3,0,0.0,5,0,0.32,2,46.7,0,0,5,60.0,,76.3,0.0,0,0,0,0,0,0,0.0,29,5.8
Khalil Wilkins,189946,QB,W VIRGINIA,4,35,45,80.0,5,5,14.3,-4.2,1.88,0,0,0.0,80.0,4,1,0.0,5,0,-0.63,0,58.8,0,0,5,20.0,0.0,84.2,0.0,0,0,0,0,0,0,0.0,21,4.2,75.0,4,4,11.4,-4.3,1.65,0,0,0.0,75.0,3,1,0.0,4,0,-0.63,0,57.6,0,0,4,25.0,0.0,85.4,0.0,0,0,0,0,0,0,0.0,20,5.0,0.0,3,3,8.6,22.7,2.33,0,0,0.0,0.0,0,2,,3,0,-0.83,0,46.5,0,0,4,0.0,0.0,39.6,0.0,0,0,0,0,0,0,0.0,0,0.0,80.0,5,5,14.3,14.2,2.42,0,0,0.0,60.0,3,1,25.0,5,1,0.73,3,86.2,0,0,5,60.0,0.0,86.3,0.0,0,0,0,0,0,0,0.0,41,8.2,0.0,1,1,2.9,3.0,2.5,0,0,0.0,0.0,0,1,,1,0,-0.99,0,55.3,0,0,1,0.0,0.0,39.6,0.0,0,0,0,0,0,0,0.0,0,0.0,0,33.3,9,9,25.7,29.6,2.56,0,1,8.3,22.2,2,5,33.3,9,1,-0.24,2,51.4,0,1,12,22.2,0.0,57.4,0.0,0,0,0,0,1,0,0.0,71,7.9,343,,0,0,0.0,,,0,0,,,0,0,,0,0,0.0,0,,0,0,0,,,0.0,,0,0,0,0,0,0,,0,,66.7,3,3,8.6,28.0,2.57,0,0,0.0,66.7,2,1,0.0,3,0,1.87,2,51.9,0,0,5,66.7,0.0,149.3,0.0,0,0,0,0,1,0,0.0,71,23.7,60.0,5,5,14.3,13.2,3.44,0,0,0.0,40.0,2,3,33.3,5,1,0.17,1,63.2,0,0,5,40.0,0.0,62.1,0.0,0,0,0,0,0,0,0.0,32,6.4,66.7,6,6,17.1,4.7,1.9,0,0,0.0,66.7,4,1,0.0,6,0,-1.21,1,38.7,0,1,6,33.3,0.0,34.7,0.0,0,0,0,0,0,1,16.7,24,4.0,58.3,12,12,34.3,13.8,2.84,0,0,0.0,41.7,5,5,28.6,12,2,0.22,4,68.8,0,0,13,41.7,0.0,62.2,0.0,0,0,0,0,0,0,0.0,73,6.1,0,100.0,1,1,2.9,-4.0,2.8,0,0,0.0,100.0,1,0,0.0,1,0,-0.62,0,60.4,0,0,1,0.0,,79.2,0.0,0,0,0,0,0,0,0.0,1,1.0,33.3,3,3,8.6,38.0,2.77,0,1,33.3,0.0,0,2,100.0,3,1,-1.76,0,66.7,0,1,3,0.0,0.0,0.0,0.0,0,0,0,0,0,0,0.0,0,0.0,0.0,2,2,5.7,14.5,2.4,0,0,0.0,0.0,0,1,,2,0,-0.92,0,42.6,0,0,3,0.0,0.0,39.6,0.0,0,0,0,0,0,0,0.0,0,0.0,,0,0,0.0,,,0,0,,,0,0,,0,0,0.0,0,,0,0,0,,,0.0,,0,0,0,0,0,0,,0,,57.1,7,7,20.0,4.4,1.99,0,0,0.0,57.1,4,2,0.0,7,0,-1.18,1,36.0,0,1,7,28.6,0.0,24.4,0.0,0,0,0,0,0,1,14.3,24,3.4
Walker Howard,157112,QB,LA LAFAYET,5,40,44,100.0,3,3,7.5,-3.3,1.93,0,0,0.0,100.0,3,0,0.0,3,0,-0.81,0,63.8,0,0,3,33.3,,79.2,0.0,0,0,0,0,0,0,0.0,6,2.0,100.0,1,1,2.5,-3.0,1.4,0,0,0.0,100.0,1,0,0.0,1,0,0.14,0,60.6,0,0,1,100.0,,95.8,0.0,0,0,0,0,0,0,0.0,7,7.0,0.0,3,3,7.5,44.0,3.8,0,0,0.0,0.0,0,2,,3,0,-0.86,0,23.1,0,2,3,0.0,0.0,0.0,0.0,0,0,0,0,0,2,66.7,0,0.0,100.0,2,2,5.0,12.5,3.75,0,0,0.0,100.0,2,1,0.0,2,0,1.72,2,85.2,0,0,2,100.0,0.0,118.8,0.0,0,0,0,0,0,0,0.0,40,20.0,72.7,11,11,27.5,4.7,1.95,0,0,0.0,45.5,5,0,37.5,11,3,-0.86,1,59.4,0,1,11,36.4,,15.7,0.0,0,0,0,0,0,0,0.0,36,3.3,0,0.0,4,4,10.0,42.5,3.43,0,0,0.0,0.0,0,2,,4,0,-0.75,0,25.3,0,2,6,0.0,0.0,0.0,0.0,0,0,0,0,0,2,33.3,0,0.0,207,100.0,1,1,2.5,-5.0,2.5,0,0,0.0,100.0,1,0,0.0,1,0,-1.12,0,61.0,0,0,1,0.0,,79.2,0.0,0,0,0,0,0,0,0.0,1,1.0,0.0,1,1,2.5,38.0,2.3,0,0,0.0,0.0,0,0,,1,0,-0.41,0,49.0,0,0,2,0.0,,39.6,0.0,0,0,0,0,0,0,0.0,0,0.0,40.0,5,5,12.5,16.8,2.22,0,0,0.0,40.0,2,0,0.0,5,0,0.44,2,62.3,0,0,5,40.0,,72.1,0.0,0,0,0,0,0,0,0.0,44,8.8,57.1,7,7,17.5,4.1,2.0,0,0,0.0,42.9,3,0,25.0,7,1,-0.45,1,42.0,0,0,7,14.3,,50.3,0.0,0,0,0,0,0,0,0.0,16,2.3,40.0,10,10,25.0,15.5,2.63,0,0,0.0,40.0,4,1,0.0,10,0,0.25,4,51.8,0,0,11,40.0,0.0,70.4,0.0,0,0,0,0,0,1,9.1,84,8.4,0,100.0,1,1,2.5,-2.0,1.9,0,0,0.0,100.0,1,0,0.0,1,0,-1.45,0,60.6,0,0,1,0.0,,79.2,0.0,0,0,0,0,0,0,0.0,-2,-2.0,,0,0,0.0,,,0,0,0.0,,0,0,,0,0,0.0,0,58.1,0,0,1,,,0.0,,0,0,0,0,0,0,0.0,0,,0.0,3,3,7.5,15.3,2.57,0,0,0.0,0.0,0,0,,3,0,-1.03,0,28.4,0,0,4,0.0,,39.6,0.0,0,0,0,0,0,1,25.0,0,0.0,100.0,3,3,7.5,2.7,2.1,0,0,0.0,100.0,3,0,0.0,3,0,-0.35,0,54.1,0,0,4,66.7,,84.7,0.0,0,0,0,0,0,0,0.0,13,4.3,71.4,21,21,52.5,4.2,1.99,0,0,0.0,52.4,11,0,26.7,21,4,-0.65,2,48.8,0,1,22,33.3,,38.8,0.0,0,0,0,0,0,0,0.0,65,3.1
Mason Drube,200056,QB,WYOMING,3,37,44,100.0,5,5,13.5,-3.2,1.92,0,0,0.0,100.0,5,1,0.0,5,0,-0.21,1,65.4,0,0,5,40.0,0.0,83.3,0.0,0,0,0,0,0,0,0.0,20,4.0,100.0,3,3,8.1,-3.0,1.77,0,0,0.0,100.0,3,1,0.0,3,0,-0.06,1,63.9,0,0,3,33.3,0.0,86.1,0.0,0,0,0,0,0,0,0.0,14,4.7,50.0,2,2,5.4,32.0,4.6,0,0,0.0,0.0,0,1,100.0,2,1,-1.69,0,74.9,0,0,2,0.0,0.0,39.6,0.0,0,0,0,0,0,0,0.0,0,0.0,100.0,4,4,10.8,13.3,3.95,0,0,0.0,100.0,4,0,0.0,4,0,1.17,4,91.1,0,0,4,100.0,,118.8,0.0,0,0,0,0,0,0,0.0,68,17.0,83.3,6,6,16.2,5.0,2.08,0,0,0.0,66.7,4,1,20.0,6,1,0.39,2,51.5,0,0,7,66.7,0.0,91.7,0.0,0,0,0,0,0,0,0.0,49,8.2,0,14.3,7,7,18.9,28.1,4.17,0,0,0.0,0.0,0,3,100.0,7,1,-0.98,0,56.8,0,0,7,0.0,0.0,39.6,0.0,0,0,0,0,0,0,0.0,0,0.0,351,100.0,1,1,2.7,-6.0,1.8,0,0,0.0,100.0,1,0,0.0,1,0,-1.08,0,60.6,0,0,1,0.0,,79.2,0.0,0,0,0,0,0,0,0.0,-1,-1.0,0.0,3,3,8.1,27.0,4.63,0,0,0.0,0.0,0,1,,3,0,-0.77,0,51.3,0,0,3,0.0,0.0,39.6,0.0,0,0,0,0,0,0,0.0,0,0.0,0.0,1,1,2.7,10.0,2.8,0,0,0.0,0.0,0,0,,1,0,-2.71,0,27.4,0,0,1,0.0,,39.6,0.0,0,0,0,0,0,1,100.0,0,0.0,50.0,4,4,10.8,3.3,2.63,0,0,0.0,50.0,2,1,0.0,4,0,0.03,1,65.2,0,0,4,50.0,0.0,57.3,0.0,0,0,0,0,0,0,0.0,13,3.3,55.6,9,9,24.3,13.1,3.41,0,0,0.0,55.6,5,1,0.0,9,0,-0.06,5,57.5,0,0,10,55.6,0.0,84.5,0.0,0,0,0,0,0,2,20.0,78,8.7,0,100.0,1,1,2.7,-1.0,2.5,0,0,0.0,100.0,1,0,0.0,1,0,0.22,0,60.6,0,0,1,100.0,,95.8,0.0,0,0,0,0,0,0,0.0,7,7.0,0.0,2,2,5.4,26.0,3.05,0,0,0.0,0.0,0,1,,2,0,-0.6,0,49.3,0,0,2,0.0,0.0,39.6,0.0,0,0,0,0,0,0,0.0,0,0.0,25.0,4,4,10.8,13.8,3.03,0,0,0.0,25.0,1,1,0.0,4,0,-0.63,1,49.8,0,0,5,25.0,0.0,39.6,0.0,0,0,0,0,0,1,20.0,10,2.5,66.7,6,6,16.2,7.0,3.67,0,0,0.0,66.7,4,4,0.0,6,0,-0.52,0,64.7,0,1,6,66.7,0.0,36.8,0.0,0,0,0,0,0,0,0.0,27,4.5,68.8,16,16,43.2,5.3,2.81,0,0,0.0,62.5,10,6,9.1,16,1,-0.04,3,59.8,0,1,17,62.5,0.0,51.3,0.0,0,0,0,0,0,0,0.0,89,5.6
Mitch Griffis,123386,QB,TEXAS TECH,5,36,43,88.9,9,9,25.0,-4.0,1.66,0,0,0.0,88.9,8,0,0.0,9,0,-0.13,2,62.3,0,0,9,33.3,,97.2,0.0,0,0,0,0,0,0,0.0,66,7.3,80.0,5,5,13.9,-5.2,1.88,0,0,0.0,80.0,4,0,0.0,5,0,-0.33,1,58.8,0,0,5,20.0,,101.7,0.0,0,0,0,0,0,0,0.0,42,8.4,50.0,2,2,5.6,25.0,2.7,0,2,66.7,50.0,1,1,0.0,2,0,0.23,1,93.3,0,0,3,50.0,0.0,95.8,0.0,0,0,0,0,0,0,0.0,32,16.0,100.0,3,3,8.3,11.0,2.43,0,0,0.0,100.0,3,1,0.0,3,0,2.05,3,91.7,0,0,4,100.0,0.0,157.6,0.0,0,0,0,0,1,0,0.0,37,12.3,100.0,6,6,16.7,5.7,2.28,0,0,0.0,100.0,6,1,0.0,6,0,0.83,5,67.8,0,0,8,83.3,0.0,111.8,0.0,0,0,0,0,0,0,0.0,65,10.8,0,75.0,8,8,22.2,24.1,2.46,0,4,30.8,75.0,6,4,0.0,8,0,1.47,6,92.6,0,0,13,75.0,0.0,156.3,0.0,0,0,0,0,1,0,0.0,167,20.9,315,100.0,1,1,2.8,-3.0,1.2,0,0,0.0,100.0,1,0,0.0,1,0,0.27,0,60.4,0,0,1,100.0,,100.0,0.0,0,0,0,0,0,0,0.0,8,8.0,100.0,2,2,5.6,25.5,2.5,0,1,33.3,100.0,2,1,0.0,2,0,3.14,2,91.4,0,0,3,100.0,0.0,158.3,0.0,0,0,0,0,1,0,0.0,63,31.5,,0,0,0.0,,,0,0,,,0,0,,0,0,0.0,0,,0,0,0,,,0.0,,0,0,0,0,0,0,,0,,100.0,1,1,2.8,0.0,1.4,0,0,0.0,100.0,1,0,0.0,1,0,0.36,0,60.4,0,0,1,100.0,,95.8,0.0,0,0,0,0,0,0,0.0,7,7.0,75.0,4,4,11.1,11.3,2.9,0,0,0.0,75.0,3,1,0.0,4,0,1.36,3,92.5,0,0,5,75.0,0.0,142.7,0.0,0,0,0,0,1,0,0.0,37,9.3,0,100.0,3,3,8.3,-2.3,1.43,0,0,0.0,100.0,3,0,0.0,3,0,0.06,1,63.9,0,0,3,33.3,,88.9,0.0,0,0,0,0,0,0,0.0,16,5.3,75.0,4,4,11.1,23.0,2.33,0,1,14.3,75.0,3,2,0.0,4,0,1.26,3,70.9,0,0,7,75.0,0.0,116.7,0.0,0,0,0,0,0,0,0.0,72,18.0,0.0,1,1,2.8,12.0,4.3,0,0,0.0,0.0,0,0,,1,0,-0.7,0,72.6,0,0,1,0.0,,39.6,0.0,0,0,0,0,0,0,0.0,0,0.0,66.7,3,3,8.3,3.7,1.93,0,0,0.0,66.7,2,0,0.0,3,0,-0.28,1,55.9,0,0,3,33.3,,78.5,0.0,0,0,0,0,0,0,0.0,15,5.0,90.0,10,10,27.8,4.5,2.09,0,0,0.0,90.0,9,1,0.0,10,0,0.45,6,65.3,0,0,12,70.0,0.0,102.9,0.0,0,0,0,0,0,0,0.0,87,8.7
Byrd Ficklin,199457,QB,UTAH,7,36,43,66.7,3,3,8.3,-1.7,1.87,0,0,0.0,66.7,2,0,0.0,3,0,-0.16,1,56.0,0,0,3,33.3,,78.5,0.0,0,0,0,0,0,0,0.0,15,5.0,50.0,2,2,5.6,-2.0,2.15,0,0,0.0,50.0,1,0,0.0,2,0,-0.18,1,54.5,0,0,2,50.0,,66.7,0.0,0,0,0,0,0,0,0.0,11,5.5,,0,0,0.0,,,0,0,,,0,0,,0,0,0.0,0,,0,0,0,,,0.0,,0,0,0,0,0,0,,0,,100.0,1,1,2.8,11.0,1.6,0,0,0.0,100.0,1,0,0.0,1,0,1.9,1,73.1,0,0,1,100.0,,118.8,0.0,0,0,0,0,0,0,0.0,14,14.0,60.0,10,10,27.8,4.8,1.86,0,0,0.0,50.0,5,1,16.7,10,1,0.11,4,56.8,0,0,10,40.0,0.0,79.2,0.0,0,0,0,0,0,0,0.0,85,8.5,0,50.0,4,4,11.1,29.0,3.1,0,2,40.0,50.0,2,3,0.0,4,0,1.1,2,80.4,0,0,5,50.0,0.0,135.4,0.0,0,0,0,0,1,0,0.0,61,15.3,328,,0,0,0.0,,,0,0,,,0,0,,0,0,0.0,0,,0,0,0,,,0.0,,0,0,0,0,0,0,,0,,66.7,3,3,8.3,28.3,3.3,0,2,50.0,66.7,2,2,0.0,3,0,1.81,2,84.3,0,0,4,66.7,0.0,149.3,0.0,0,0,0,0,1,0,0.0,61,20.3,60.0,5,5,13.9,12.0,2.88,0,0,0.0,60.0,3,1,0.0,5,0,0.6,3,68.4,0,0,5,60.0,0.0,98.8,0.0,0,0,0,0,0,0,0.0,56,11.2,100.0,6,6,16.7,3.0,2.35,0,0,0.0,100.0,6,2,0.0,6,0,0.92,2,76.2,0,0,6,66.7,0.0,126.4,0.0,0,0,0,0,1,0,0.0,29,4.8,66.7,9,9,25.0,13.0,2.57,0,0,0.0,66.7,6,1,0.0,9,0,1.06,6,80.5,0,0,9,66.7,0.0,146.1,0.0,0,0,0,0,1,0,0.0,111,12.3,0,100.0,1,1,2.8,-1.0,1.3,0,0,0.0,100.0,1,0,0.0,1,0,-0.13,0,60.6,0,0,1,0.0,,83.3,0.0,0,0,0,0,0,0,0.0,4,4.0,0.0,1,1,2.8,31.0,2.5,0,0,0.0,0.0,0,1,,1,0,-1.03,0,58.1,0,0,1,0.0,0.0,39.6,0.0,0,0,0,0,0,0,0.0,0,0.0,66.7,3,3,8.3,15.3,2.37,0,0,0.0,66.7,2,0,0.0,3,0,1.55,2,77.3,0,0,3,66.7,,149.3,0.0,0,0,0,0,1,0,0.0,41,13.7,0.0,2,2,5.6,7.5,3.65,0,0,0.0,0.0,0,1,,2,0,-0.58,0,54.6,0,0,2,0.0,0.0,39.6,0.0,0,0,0,0,0,0,0.0,0,0.0,66.7,18,18,50.0,4.5,2.22,0,0,0.0,61.1,11,4,8.3,18,1,0.3,6,64.1,0,0,18,44.4,0.0,97.9,0.0,0,0,0,0,1,0,0.0,114,6.3
Tramell Jones Jr.,200122,QB,FLORIDA,2,35,42,100.0,6,6,17.1,-5.0,1.6,0,0,0.0,83.3,5,2,16.7,6,1,-0.24,1,65.9,0,0,6,33.3,0.0,81.9,0.0,0,0,0,0,0,0,0.0,22,3.7,100.0,5,5,14.3,-5.0,1.42,0,0,0.0,80.0,4,1,20.0,5,1,-0.21,1,65.3,0,0,5,40.0,0.0,82.5,0.0,0,0,0,0,0,0,0.0,19,3.8,50.0,2,2,5.7,20.5,2.8,0,0,0.0,50.0,1,0,0.0,2,0,0.5,1,66.1,0,0,2,50.0,,95.8,0.0,0,0,0,0,0,0,0.0,32,16.0,85.7,7,7,20.0,12.6,2.3,0,0,0.0,57.1,4,0,33.3,7,2,0.46,4,81.7,0,0,7,57.1,,122.6,0.0,0,0,0,0,1,0,0.0,56,8.0,100.0,7,7,20.0,4.1,2.26,0,0,0.0,85.7,6,1,14.3,7,1,-0.36,3,59.6,0,0,7,42.9,0.0,89.9,0.0,0,0,0,0,0,0,0.0,39,5.6,0,25.0,4,4,11.4,27.8,2.75,0,0,0.0,25.0,1,0,0.0,4,0,-0.05,1,56.9,0,0,4,25.0,,60.4,0.0,0,0,0,0,0,0,0.0,32,8.0,163,,0,0,0.0,,,0,0,,,0,0,,0,0,0.0,0,,0,0,0,,,0.0,,0,0,0,0,0,0,,0,,0.0,2,2,5.7,35.0,2.7,0,0,0.0,0.0,0,0,,2,0,-0.6,0,49.7,0,0,2,0.0,,39.6,0.0,0,0,0,0,0,0,0.0,0,0.0,0.0,1,1,2.9,18.0,2.8,0,0,0.0,0.0,0,0,,1,0,-1.24,0,37.7,0,0,1,0.0,,39.6,0.0,0,0,0,0,0,1,100.0,0,0.0,100.0,2,2,5.7,3.0,2.9,0,0,0.0,50.0,1,1,50.0,2,1,0.28,0,62.7,0,0,2,50.0,0.0,66.7,0.0,0,0,0,0,0,0,0.0,11,5.5,66.7,12,12,34.3,13.6,2.4,0,0,0.0,50.0,6,1,25.0,12,2,0.18,6,77.6,0,0,12,50.0,0.0,110.1,0.0,0,0,0,0,2,1,8.3,77,6.4,0,100.0,1,1,2.9,-5.0,2.5,0,0,0.0,100.0,1,1,0.0,1,0,-0.39,0,60.6,0,0,1,0.0,0.0,79.2,0.0,0,0,0,0,0,0,0.0,3,3.0,,0,0,0.0,,,0,0,,,0,0,,0,0,0.0,0,,0,0,0,,,0.0,,0,0,0,0,0,0,,0,,50.0,4,4,11.4,14.3,2.48,0,0,0.0,50.0,2,1,0.0,4,0,0.04,2,79.5,0,0,4,50.0,0.0,105.2,0.0,0,0,0,0,1,0,0.0,21,5.3,100.0,2,2,5.7,3.5,2.6,0,0,0.0,100.0,2,0,0.0,2,0,0.99,2,72.5,0,0,2,100.0,,87.5,0.0,0,0,0,0,0,0,0.0,10,5.0,100.0,11,11,31.4,3.8,2.44,0,0,0.0,81.8,9,2,18.2,11,2,0.0,5,66.8,0,0,11,54.5,0.0,89.4,0.0,0,0,0,0,0,0,0.0,60,5.5
Landon Graves,181155,QB,LA MONROE,6,38,42,100.0,3,3,7.9,-3.3,3.17,0,0,0.0,100.0,3,2,0.0,3,0,1.52,2,63.2,0,0,3,66.7,0.0,108.3,0.0,0,0,0,0,0,0,0.0,30,10.0,,0,0,0.0,,,0,0,,,0,0,,0,0,0.0,0,,0,0,0,,,0.0,,0,0,0,0,0,0,,0,,33.3,3,3,7.9,34.3,3.6,0,1,33.3,0.0,0,1,100.0,3,1,-1.52,0,49.3,0,1,3,0.0,0.0,0.0,0.0,0,0,0,0,0,1,33.3,0,0.0,50.0,4,4,10.5,12.8,2.3,0,0,0.0,25.0,1,2,50.0,4,1,0.41,1,62.0,0,1,4,25.0,0.0,22.9,0.0,0,0,0,0,0,1,25.0,34,8.5,70.0,10,10,26.3,5.2,2.46,0,0,0.0,70.0,7,3,0.0,10,0,0.06,4,74.2,0,0,11,50.0,0.0,82.9,0.0,0,0,0,0,0,0,0.0,54,5.4,0,25.0,8,8,21.1,31.9,2.84,0,1,10.0,12.5,1,2,50.0,8,1,-0.37,1,29.8,0,1,10,12.5,0.0,39.6,0.0,0,0,0,0,1,3,30.0,19,2.4,209,100.0,1,1,2.6,-6.0,3.8,0,0,0.0,100.0,1,1,0.0,1,0,-0.48,0,60.6,0,0,1,0.0,0.0,79.2,0.0,0,0,0,0,0,0,0.0,0,0.0,0.0,1,1,2.6,29.0,2.3,0,0,0.0,0.0,0,0,,1,0,-0.65,0,51.1,0,0,2,0.0,,39.6,0.0,0,0,0,0,0,0,0.0,0,0.0,50.0,2,2,5.3,12.5,2.7,0,0,0.0,50.0,1,0,0.0,2,0,0.84,1,61.0,0,0,2,50.0,,95.8,0.0,0,0,0,0,1,0,0.0,4,2.0,100.0,1,1,2.6,7.0,2.2,0,0,0.0,100.0,1,0,0.0,1,0,1.8,1,71.9,0,0,1,100.0,,91.7,0.0,0,0,0,0,0,0,0.0,6,6.0,44.4,9,9,23.7,13.6,3.01,0,0,0.0,33.3,3,4,25.0,9,1,0.29,3,64.1,0,1,9,33.3,0.0,51.4,0.0,0,0,0,0,1,1,11.1,52,5.8,0,100.0,2,2,5.3,-2.0,2.85,0,0,0.0,100.0,2,1,0.0,2,0,2.52,2,62.1,0,0,2,100.0,0.0,118.8,0.0,0,0,0,0,0,0,0.0,30,15.0,25.0,4,4,10.5,30.8,2.4,0,0,0.0,25.0,1,1,0.0,4,0,0.56,1,29.1,0,0,5,25.0,0.0,86.5,0.0,0,0,0,0,1,2,40.0,19,4.8,33.3,3,3,7.9,15.3,4.17,0,0,0.0,33.3,1,2,0.0,3,0,-0.24,1,64.5,0,0,3,33.3,0.0,49.3,0.0,0,0,0,0,0,0,0.0,14,4.7,100.0,4,4,10.5,5.5,2.35,0,0,0.0,100.0,4,1,0.0,4,0,0.33,1,71.7,0,0,4,50.0,0.0,91.7,0.0,0,0,0,0,0,0,0.0,24,6.0,80.0,15,15,39.5,5.4,2.41,0,0,0.0,80.0,12,4,0.0,15,0,0.25,6,80.0,0,0,16,53.3,0.0,90.0,0.0,0,0,0,0,0,0,0.0,84,5.6
Gevani McCoy,147609,QB,TEMPLE,8,33,41,66.7,3,3,9.1,-3.3,1.3,0,0,0.0,66.7,2,1,0.0,3,0,-0.98,0,64.7,0,0,4,0.0,0.0,70.1,0.0,0,0,0,0,0,0,0.0,2,0.7,50.0,2,2,6.1,-4.5,1.1,0,0,0.0,50.0,1,0,0.0,2,0,-1.15,0,63.9,0,0,3,0.0,,56.3,0.0,0,0,0,0,0,0,0.0,3,1.5,,0,0,0.0,,,0,0,0.0,,0,0,,0,0,0.0,0,50.8,0,0,1,,,0.0,,0,0,0,0,0,0,0.0,0,,100.0,1,1,3.0,10.0,2.6,0,0,0.0,100.0,1,0,0.0,1,0,1.95,1,74.3,0,0,1,100.0,,118.8,0.0,0,0,0,0,0,0,0.0,19,19.0,78.6,14,14,42.4,3.1,2.41,0,0,0.0,78.6,11,1,0.0,14,0,-0.01,6,63.7,0,0,16,50.0,0.0,117.6,0.0,0,0,0,0,1,0,0.0,91,6.5,0,100.0,2,2,6.1,29.0,2.6,0,1,33.3,100.0,2,0,0.0,2,0,2.9,2,74.4,0,0,3,100.0,,118.8,0.0,0,0,0,0,0,0,0.0,76,38.0,306,,0,0,0.0,,,0,0,,,0,0,,0,0,0.0,0,,0,0,0,,,0.0,,0,0,0,0,0,0,,0,,100.0,1,1,3.0,29.0,2.2,0,1,100.0,100.0,1,0,0.0,1,0,3.03,1,89.2,0,0,1,100.0,,118.8,0.0,0,0,0,0,0,0,0.0,34,34.0,50.0,2,2,6.1,14.5,3.25,0,0,0.0,50.0,1,1,0.0,2,0,0.4,0,64.5,0,0,2,50.0,0.0,75.0,0.0,0,0,0,0,0,0,0.0,15,7.5,75.0,4,4,12.1,3.0,1.88,0,0,0.0,75.0,3,0,0.0,4,0,0.56,2,61.6,0,0,5,50.0,,88.5,0.0,0,0,0,0,0,0,0.0,23,5.8,50.0,6,6,18.2,13.8,2.82,0,1,16.7,50.0,3,1,0.0,6,0,0.55,2,69.3,0,0,6,50.0,0.0,115.3,0.0,0,0,0,0,1,0,0.0,46,7.7,0,100.0,1,1,3.0,-1.0,1.7,0,0,0.0,100.0,1,1,0.0,1,0,-0.64,0,60.6,0,0,1,0.0,0.0,79.2,0.0,0,0,0,0,0,0,0.0,-1,-1.0,100.0,1,1,3.0,29.0,3.0,0,0,0.0,100.0,1,0,0.0,1,0,2.78,1,58.4,0,0,1,100.0,,118.8,0.0,0,0,0,0,0,0,0.0,42,42.0,33.3,3,3,9.1,14.7,2.6,0,1,33.3,33.3,1,0,0.0,3,0,0.18,1,58.6,0,0,3,33.3,,86.1,0.0,0,0,0,0,1,0,0.0,12,4.0,100.0,3,3,9.1,4.7,2.23,0,0,0.0,100.0,3,1,0.0,3,0,1.51,2,85.9,0,0,3,100.0,0.0,91.7,0.0,0,0,0,0,0,0,0.0,18,6.0,81.0,21,21,63.6,3.3,2.29,0,0,0.0,81.0,17,2,0.0,21,0,0.31,10,71.9,0,0,24,57.1,0.0,108.7,0.0,0,0,0,0,1,0,0.0,132,6.3
Dewayne Coleman,163179,QB,ARMY,5,38,41,100.0,2,2,5.3,-2.5,2.7,0,0,0.0,100.0,2,1,0.0,2,0,-0.99,0,62.6,0,0,2,0.0,0.0,79.2,0.0,0,0,0,0,0,0,0.0,1,0.5,100.0,1,1,2.6,-2.0,2.5,0,0,0.0,100.0,1,0,0.0,1,0,-1.18,0,60.6,0,0,1,0.0,,79.2,0.0,0,0,0,0,0,0,0.0,-1,-1.0,100.0,2,2,5.3,31.5,2.45,0,2,66.7,50.0,1,1,50.0,2,1,1.08,1,91.9,0,0,3,50.0,0.0,95.8,0.0,0,0,0,0,0,0,0.0,35,17.5,60.0,10,10,26.3,13.5,2.79,0,0,0.0,50.0,5,6,16.7,10,1,-0.39,3,51.6,0,1,11,40.0,0.0,35.8,0.0,0,0,0,0,0,1,9.1,76,7.6,100.0,4,4,10.5,3.0,3.13,0,0,0.0,75.0,3,0,25.0,4,1,-0.4,0,58.3,0,0,4,25.0,,80.2,0.0,0,0,0,0,0,0,0.0,15,3.8,0,71.4,7,7,18.4,27.3,2.79,0,3,37.5,57.1,4,4,20.0,7,1,1.79,4,95.2,0,1,8,57.1,0.0,101.8,0.0,0,0,0,0,2,0,0.0,147,21.0,114,,0,0,0.0,,,0,0,,,0,0,,0,0,0.0,0,,0,0,0,,,0.0,,0,0,0,0,0,0,,0,,0.0,1,1,2.6,33.0,3.5,0,0,0.0,0.0,0,1,,1,0,-0.55,0,51.3,0,1,1,0.0,0.0,0.0,0.0,0,0,0,0,0,0,0.0,0,0.0,100.0,1,1,2.6,13.0,6.4,0,0,0.0,100.0,1,0,0.0,1,0,2.71,1,74.3,0,0,1,100.0,,118.8,0.0,0,0,0,0,0,0,0.0,13,13.0,50.0,2,2,5.3,2.0,2.7,0,0,0.0,50.0,1,0,0.0,2,0,-1.03,0,56.1,0,0,3,0.0,,56.3,0.0,0,0,0,0,0,0,0.0,0,0.0,63.6,11,11,28.9,13.5,3.12,0,0,0.0,54.5,6,6,14.3,11,1,-0.1,4,57.0,0,1,12,45.5,0.0,43.4,0.0,0,0,0,0,0,1,8.3,89,8.1,0,100.0,1,1,2.6,-3.0,2.9,0,0,0.0,100.0,1,1,0.0,1,0,-0.8,0,60.4,0,0,1,0.0,0.0,79.2,0.0,0,0,0,0,0,0,0.0,2,2.0,75.0,4,4,10.5,23.8,2.78,0,1,25.0,75.0,3,2,0.0,4,0,2.73,3,95.2,0,0,4,75.0,0.0,156.3,0.0,0,0,0,0,2,0,0.0,112,28.0,,0,0,0.0,,,0,0,,,0,0,,0,0,0.0,0,,0,0,0,,,0.0,,0,0,0,0,0,0,,0,,66.7,6,6,15.8,5.0,2.65,0,0,0.0,50.0,3,1,25.0,6,1,0.42,2,65.2,0,0,6,50.0,0.0,58.3,0.0,0,0,0,0,0,0,0.0,21,3.5,75.0,12,12,31.6,3.8,2.82,0,0,0.0,58.3,7,1,22.2,12,2,-0.1,2,60.8,0,0,13,33.3,0.0,63.2,0.0,0,0,0,0,0,0,0.0,36,3.0
Noah Gillon,198101,QB,APP STATE,3,32,40,100.0,5,5,15.6,-3.2,1.8,0,0,0.0,100.0,5,0,0.0,5,0,0.12,1,65.4,0,0,5,60.0,,92.5,0.0,0,0,0,0,0,0,0.0,31,6.2,100.0,5,5,15.6,-3.2,1.8,0,0,0.0,100.0,5,0,0.0,5,0,0.12,1,65.4,0,0,5,60.0,,92.5,0.0,0,0,0,0,0,0,0.0,31,6.2,,0,0,0.0,,,0,0,,,0,0,,0,0,0.0,0,,0,0,0,,,0.0,,0,0,0,0,0,0,,0,,33.3,3,3,9.4,12.3,2.57,0,0,0.0,0.0,0,1,100.0,3,1,-0.65,0,29.9,0,0,3,0.0,0.0,39.6,0.0,0,0,0,0,0,2,66.7,0,0.0,57.1,14,14,43.8,5.5,2.02,0,0,0.0,50.0,7,7,12.5,14,1,-0.48,1,35.7,0,0,14,35.7,0.0,63.4,0.0,0,0,0,0,0,1,7.1,66,4.7,0,0.0,2,2,6.3,30.0,2.4,0,0,0.0,0.0,0,0,,2,0,-1.77,0,58.7,0,0,2,0.0,,39.6,0.0,0,0,0,0,0,0,0.0,0,0.0,108,,0,0,0.0,,,0,0,,,0,0,,0,0,0.0,0,,0,0,0,,,0.0,,0,0,0,0,0,0,,0,,0.0,2,2,6.3,30.0,2.4,0,0,0.0,0.0,0,0,,2,0,-1.77,0,58.7,0,0,2,0.0,,39.6,0.0,0,0,0,0,0,0,0.0,0,0.0,,0,0,0.0,,,0,0,,,0,0,,0,0,0.0,0,,0,0,0,,,0.0,,0,0,0,0,0,0,,0,,66.7,3,3,9.4,5.0,2.73,0,0,0.0,33.3,1,0,50.0,3,1,0.35,1,64.5,0,0,3,33.3,,49.3,0.0,0,0,0,0,0,0,0.0,14,4.7,33.3,3,3,9.4,12.3,2.57,0,0,0.0,0.0,0,1,100.0,3,1,-0.65,0,29.9,0,0,3,0.0,0.0,39.6,0.0,0,0,0,0,0,2,66.7,0,0.0,0,,0,0,0.0,,,0,0,,,0,0,,0,0,0.0,0,,0,0,0,,,0.0,,0,0,0,0,0,0,,0,,,0,0,0.0,,,0,0,,,0,0,,0,0,0.0,0,,0,0,0,,,0.0,,0,0,0,0,0,0,,0,,,0,0,0.0,,,0,0,,,0,0,,0,0,0.0,0,,0,0,0,,,0.0,,0,0,0,0,0,0,,0,,,0,0,0.0,,,0,0,0.0,,0,0,,0,0,0.0,0,77.2,0,0,1,,,0.0,,0,0,0,0,0,0,0.0,0,,58.8,17,17,53.1,5.4,2.15,0,0,0.0,47.1,8,7,20.0,17,2,-0.33,2,46.7,0,0,18,35.3,0.0,60.9,0.0,0,0,0,0,0,1,5.6,80,4.7
Josh Johnson,186429,QB,AIR FORCE,5,28,38,100.0,1,1,3.6,-1.0,2.3,0,0,0.0,100.0,1,0,0.0,1,0,1.68,1,60.6,0,0,1,100.0,,118.8,0.0,0,0,0,0,0,0,0.0,18,18.0,100.0,1,1,3.6,-1.0,2.3,0,0,0.0,100.0,1,0,0.0,1,0,1.68,1,60.6,0,0,1,100.0,,118.8,0.0,0,0,0,0,0,0,0.0,18,18.0,80.0,10,10,35.7,27.8,2.88,0,4,40.0,70.0,7,0,12.5,10,1,1.81,7,97.4,0,0,10,70.0,,152.1,0.0,0,0,0,0,2,0,0.0,245,24.5,50.0,2,2,7.1,13.0,2.7,0,0,0.0,50.0,1,1,0.0,2,0,0.64,1,57.7,0,0,3,50.0,0.0,77.1,0.0,0,0,0,0,0,0,0.0,16,8.0,75.0,4,4,14.3,4.0,2.15,0,0,0.0,50.0,2,0,33.3,4,1,-1.42,0,45.7,0,1,4,50.0,,16.7,0.0,0,0,0,0,0,1,25.0,10,2.5,0,66.7,12,12,42.9,26.7,2.94,0,4,33.3,58.3,7,1,12.5,12,1,1.1,7,92.9,0,1,12,58.3,0.0,107.6,0.0,0,0,0,0,2,1,8.3,245,20.4,101,,0,0,0.0,,,0,0,,,0,0,,0,0,0.0,0,,0,0,0,,,0.0,,0,0,0,0,0,0,,0,,0.0,1,1,3.6,21.0,2.4,0,0,0.0,0.0,0,0,,1,0,-1.6,0,51.9,0,0,1,0.0,,39.6,0.0,0,0,0,0,0,0,0.0,0,0.0,0.0,1,1,3.6,13.0,2.8,0,0,0.0,0.0,0,0,,1,0,-0.92,0,47.3,0,0,1,0.0,,39.6,0.0,0,0,0,0,0,0,0.0,0,0.0,100.0,1,1,3.6,5.0,1.5,0,0,0.0,100.0,1,0,0.0,1,0,0.43,0,60.4,0,0,1,100.0,,95.8,0.0,0,0,0,0,0,0,0.0,7,7.0,40.0,5,5,17.9,13.8,3.32,0,0,0.0,40.0,2,3,0.0,5,0,0.6,2,52.8,0,0,6,40.0,0.0,60.4,0.0,0,0,0,0,0,0,0.0,30,6.0,0,,0,0,0.0,,,0,0,,,0,0,,0,0,0.0,0,,0,0,0,,,0.0,,0,0,0,0,0,0,,0,,0.0,1,1,3.6,21.0,4.1,0,0,0.0,0.0,0,1,,1,0,-3.27,0,27.6,0,1,1,0.0,0.0,0.0,0.0,0,0,0,0,0,1,100.0,0,0.0,50.0,2,2,7.1,15.0,4.2,0,0,0.0,50.0,1,2,0.0,2,0,1.32,1,62.0,0,0,2,50.0,0.0,72.9,0.0,0,0,0,0,0,0,0.0,14,7.0,75.0,4,4,14.3,5.0,2.58,0,0,0.0,75.0,3,0,0.0,4,0,2.21,2,73.5,0,0,4,75.0,,156.3,0.0,0,0,0,0,2,0,0.0,64,16.0,77.8,9,9,32.1,4.6,2.27,0,0,0.0,66.7,6,0,14.3,9,1,0.4,2,60.9,0,1,9,66.7,,95.1,0.0,0,0,0,0,2,1,11.1,81,9.0
Brandon Tennison,174109,QB,UTSA,4,32,38,100.0,10,10,31.3,-2.5,1.52,0,0,0.0,90.0,9,1,10.0,10,1,0.33,3,62.6,0,0,10,70.0,0.0,88.8,0.0,0,0,0,0,0,0,0.0,53,5.3,100.0,10,10,31.3,-2.5,1.52,0,0,0.0,90.0,9,1,10.0,10,1,0.33,3,62.6,0,0,10,70.0,0.0,88.8,0.0,0,0,0,0,0,0,0.0,53,5.3,,0,0,0.0,,,0,0,,,0,0,,0,0,0.0,0,,0,0,0,,,0.0,,0,0,0,0,0,0,,0,,,0,0,0.0,,,0,0,,,0,0,,0,0,0.0,0,,0,0,0,,,0.0,,0,0,0,0,0,0,,0,,50.0,4,4,12.5,6.5,1.7,0,0,0.0,50.0,2,0,0.0,4,0,0.12,1,45.4,0,0,4,50.0,,64.6,0.0,0,0,0,0,0,0,0.0,20,5.0,0,33.3,3,3,9.4,25.7,2.33,0,1,25.0,33.3,1,0,0.0,3,0,0.79,1,59.8,0,0,4,33.3,,116.7,0.0,0,0,0,0,1,0,0.0,34,11.3,331,,0,0,0.0,,,0,0,,,0,0,,0,0,0.0,0,,0,0,0,,,0.0,,0,0,0,0,0,0,,0,,33.3,3,3,9.4,25.7,2.33,0,1,25.0,33.3,1,0,0.0,3,0,0.79,1,59.8,0,0,4,33.3,,116.7,0.0,0,0,0,0,1,0,0.0,34,11.3,66.7,3,3,9.4,14.3,1.97,0,0,0.0,66.7,2,1,0.0,3,0,2.44,2,72.3,0,0,3,66.7,0.0,145.8,0.0,0,0,0,0,1,0,0.0,35,11.7,66.7,3,3,9.4,5.3,1.73,0,0,0.0,33.3,1,0,50.0,3,1,-0.49,0,61.9,0,0,3,33.3,,42.4,0.0,0,0,0,0,0,0,0.0,4,1.3,60.0,5,5,15.6,13.4,2.1,0,0,0.0,60.0,3,1,0.0,5,0,1.39,3,71.8,0,0,5,60.0,0.0,133.3,0.0,0,0,0,0,1,0,0.0,50,10.0,0,,0,0,0.0,,,0,0,,,0,0,,0,0,0.0,0,,0,0,0,,,0.0,,0,0,0,0,0,0,,0,,,0,0,0.0,,,0,0,,,0,0,,0,0,0.0,0,,0,0,0,,,0.0,,0,0,0,0,0,0,,0,,50.0,2,2,6.3,12.0,2.3,0,0,0.0,50.0,1,0,0.0,2,0,-0.19,1,63.6,0,0,2,50.0,,75.0,0.0,0,0,0,0,0,0,0.0,15,7.5,100.0,4,4,12.5,3.8,1.68,0,0,0.0,100.0,4,2,0.0,4,0,0.27,1,64.4,0,0,4,75.0,0.0,106.3,0.0,0,0,0,0,0,0,0.0,38,9.5,72.7,11,11,34.4,5.2,1.7,0,0,0.0,63.6,7,2,12.5,11,1,0.01,2,54.7,0,0,11,54.5,0.0,78.6,0.0,0,0,0,0,0,0,0.0,62,5.6
Luke Doty,124230,QB,S CAROLINA,3,30,36,75.0,4,4,13.3,-2.8,1.4,0,0,0.0,75.0,3,0,0.0,4,0,-0.82,0,57.4,0,0,4,0.0,,77.1,0.0,0,0,0,0,0,0,0.0,-1,-0.3,50.0,2,2,6.7,-3.5,1.5,0,0,0.0,50.0,1,0,0.0,2,0,-0.95,0,54.6,0,0,2,0.0,,56.3,0.0,0,0,0,0,0,0,0.0,-5,-2.5,0.0,2,2,6.7,31.0,2.6,0,0,0.0,0.0,0,0,,2,0,-0.44,0,50.3,0,0,3,0.0,,39.6,0.0,0,0,0,0,0,0,0.0,0,0.0,100.0,3,3,10.0,13.3,2.33,0,0,0.0,66.7,2,1,33.3,3,1,0.13,2,90.2,0,0,3,66.7,0.0,99.3,0.0,0,0,0,0,0,0,0.0,30,10.0,68.8,16,16,53.3,4.9,1.9,0,0,0.0,62.5,10,4,9.1,16,1,-0.59,5,63.8,0,1,16,43.8,0.0,49.0,0.0,0,0,0,0,0,0,0.0,80,5.0,0,0.0,2,2,6.7,31.0,2.6,0,0,0.0,0.0,0,0,,2,0,-0.44,0,50.3,0,0,3,0.0,,39.6,0.0,0,0,0,0,0,0,0.0,0,0.0,289,100.0,1,1,3.3,-1.0,1.6,0,0,0.0,100.0,1,0,0.0,1,0,-1.09,0,60.6,0,0,1,0.0,,79.2,0.0,0,0,0,0,0,0,0.0,-1,-1.0,,0,0,0.0,,,0,0,,,0,0,,0,0,0.0,0,,0,0,0,,,0.0,,0,0,0,0,0,0,,0,,100.0,1,1,3.3,19.0,2.3,0,0,0.0,100.0,1,0,0.0,1,0,3.48,1,74.3,0,0,1,100.0,,118.8,0.0,0,0,0,0,0,0,0.0,24,24.0,100.0,1,1,3.3,0.0,1.8,0,0,0.0,100.0,1,0,0.0,1,0,-0.43,0,60.4,0,0,1,0.0,,79.2,0.0,0,0,0,0,0,0,0.0,2,2.0,83.3,6,6,20.0,14.7,2.3,0,0,0.0,66.7,4,1,20.0,6,1,0.65,4,83.3,0,0,6,66.7,0.0,102.1,0.0,0,0,0,0,0,0,0.0,64,10.7,0,100.0,1,1,3.3,-3.0,1.0,0,0,0.0,100.0,1,0,0.0,1,0,-0.3,0,60.6,0,0,1,0.0,,87.5,0.0,0,0,0,0,0,0,0.0,5,5.0,,0,0,0.0,,,0,0,,,0,0,,0,0,0.0,0,,0,0,0,,,0.0,,0,0,0,0,0,0,,0,,50.0,2,2,6.7,14.5,2.25,0,0,0.0,50.0,1,0,0.0,2,0,0.01,1,50.5,0,0,2,50.0,,64.6,0.0,0,0,0,0,0,0,0.0,10,5.0,100.0,1,1,3.3,0.0,2.0,0,0,0.0,100.0,1,0,0.0,1,0,-0.19,0,60.4,0,0,1,0.0,,79.2,0.0,0,0,0,0,0,0,0.0,3,3.0,72.2,18,18,60.0,4.4,1.9,0,0,0.0,66.7,12,4,7.7,18,1,-0.56,5,64.4,0,1,18,38.9,0.0,54.2,0.0,0,0,0,0,0,0,0.0,85,4.7
Angel Flores,164493,QB,C MICHIGAN,8,29,36,100.0,11,11,37.9,-3.2,1.55,0,0,0.0,100.0,11,1,0.0,11,0,-0.69,1,67.5,0,0,11,18.2,0.0,79.2,0.0,0,0,0,0,0,0,0.0,26,2.4,100.0,9,9,31.0,-3.1,1.43,0,0,0.0,100.0,9,0,0.0,9,0,-0.68,1,66.8,0,0,9,22.2,,79.2,0.0,0,0,0,0,0,0,0.0,23,2.6,100.0,2,2,6.9,40.5,3.2,0,2,100.0,100.0,2,1,0.0,2,0,3.81,2,94.7,0,0,2,100.0,0.0,118.8,0.0,0,0,0,0,0,0,0.0,95,47.5,100.0,1,1,3.4,11.0,3.3,0,0,0.0,100.0,1,0,0.0,1,0,0.98,1,73.1,0,0,1,100.0,,118.8,0.0,0,0,0,0,1,0,0.0,2,2.0,50.0,2,2,6.9,4.5,2.9,0,0,0.0,50.0,1,1,0.0,2,0,0.71,1,62.7,0,0,2,50.0,0.0,60.4,0.0,0,0,0,0,0,0,0.0,8,4.0,0,75.0,4,4,13.8,34.0,3.05,0,3,75.0,75.0,3,3,0.0,4,0,1.77,3,95.8,0,0,4,75.0,0.0,116.7,0.0,0,0,0,0,0,0,0.0,122,30.5,134,100.0,1,1,3.4,-4.0,2.8,0,0,0.0,100.0,1,1,0.0,1,0,-1.11,0,60.4,0,0,1,0.0,0.0,79.2,0.0,0,0,0,0,0,0,0.0,-1,-1.0,100.0,1,1,3.4,23.0,3.4,0,1,100.0,100.0,1,1,0.0,1,0,2.03,1,88.1,0,0,1,100.0,0.0,118.8,0.0,0,0,0,0,0,0,0.0,27,27.0,0.0,1,1,3.4,15.0,2.3,0,0,0.0,0.0,0,1,,1,0,-0.83,0,26.9,0,0,1,0.0,0.0,39.6,0.0,0,0,0,0,0,1,100.0,0,0.0,,0,0,0.0,,,0,0,,,0,0,,0,0,0.0,0,,0,0,0,,,0.0,,0,0,0,0,0,0,,0,,50.0,4,4,13.8,13.0,2.58,0,0,0.0,50.0,2,1,0.0,4,0,0.42,2,39.8,0,0,4,50.0,0.0,108.3,0.0,0,0,0,0,2,1,25.0,24,6.0,0,100.0,1,1,3.4,-3.0,1.4,0,0,0.0,100.0,1,0,0.0,1,0,-0.35,0,60.6,0,0,1,0.0,,83.3,0.0,0,0,0,0,0,0,0.0,4,4.0,0.0,1,1,3.4,32.0,2.4,0,0,0.0,0.0,0,1,,1,0,-2.57,0,60.1,0,0,1,0.0,0.0,39.6,0.0,0,0,0,0,0,0,0.0,0,0.0,50.0,2,2,6.9,13.0,2.35,0,0,0.0,50.0,1,0,0.0,2,0,0.76,1,59.4,0,0,2,50.0,,129.2,0.0,0,0,0,0,1,0,0.0,22,11.0,50.0,4,4,13.8,3.3,2.3,0,0,0.0,50.0,2,2,0.0,4,0,0.34,0,57.4,0,0,4,50.0,0.0,59.4,0.0,0,0,0,0,0,0,0.0,15,3.8,50.0,6,6,20.7,3.7,2.5,0,0,0.0,50.0,3,3,0.0,6,0,0.46,1,59.9,0,0,6,50.0,0.0,59.7,0.0,0,0,0,0,0,0,0.0,23,3.8
Xavier Ward,146492,QB,S JOSE ST,3,32,36,83.3,6,6,18.8,-4.3,1.87,0,0,0.0,50.0,3,2,40.0,6,2,-0.27,2,59.9,0,0,6,33.3,0.0,56.3,0.0,0,0,0,0,0,0,0.0,16,2.7,83.3,6,6,18.8,-4.3,1.87,0,0,0.0,50.0,3,2,40.0,6,2,-0.27,2,59.9,0,0,6,33.3,0.0,56.3,0.0,0,0,0,0,0,0,0.0,16,2.7,50.0,2,2,6.3,28.5,2.95,0,1,25.0,50.0,1,1,0.0,2,0,-0.03,1,65.2,0,0,4,50.0,0.0,95.8,0.0,0,0,0,0,0,0,0.0,29,14.5,25.0,4,4,12.5,15.8,2.68,0,0,0.0,25.0,1,1,0.0,4,0,-1.18,1,26.3,0,2,4,25.0,0.0,25.0,0.0,0,0,0,0,0,2,50.0,36,9.0,66.7,6,6,18.8,3.2,2.23,0,0,0.0,50.0,3,2,25.0,6,1,-2.12,0,29.1,0,1,7,0.0,0.0,16.7,0.0,0,0,0,0,0,1,14.3,9,1.5,0,16.7,6,6,18.8,32.0,3.02,0,1,12.5,16.7,1,2,0.0,6,0,-1.01,1,44.5,0,1,8,16.7,0.0,7.6,0.0,0,0,0,0,0,1,12.5,29,4.8,285,,0,0,0.0,,,0,0,,,0,0,,0,0,0.0,0,,0,0,0,,,0.0,,0,0,0,0,0,0,,0,,0.0,2,2,6.3,27.0,2.95,0,0,0.0,0.0,0,1,,2,0,-0.88,0,50.1,0,0,2,0.0,0.0,39.6,0.0,0,0,0,0,0,0,0.0,0,0.0,0.0,1,1,3.1,11.0,2.2,0,0,0.0,0.0,0,1,,1,0,-0.46,0,46.8,0,0,1,0.0,0.0,39.6,0.0,0,0,0,0,0,0,0.0,0,0.0,80.0,5,5,15.6,5.0,2.18,0,0,0.0,60.0,3,0,25.0,5,1,-0.08,0,58.0,0,0,5,40.0,,67.1,0.0,0,0,0,0,0,0,0.0,18,3.6,20.0,5,5,15.6,14.8,2.58,0,0,0.0,20.0,1,2,0.0,5,0,-1.04,1,25.7,0,2,5,20.0,0.0,17.5,0.0,0,0,0,0,0,2,40.0,36,7.2,0,,0,0,0.0,,,0,0,,,0,0,,0,0,0.0,0,,0,0,0,,,0.0,,0,0,0,0,0,0,,0,,0.0,2,2,6.3,40.5,3.15,0,0,0.0,0.0,0,0,,2,0,-2.12,0,31.0,0,1,2,0.0,,0.0,0.0,0,0,0,0,0,1,50.0,0,0.0,,0,0,0.0,,,0,0,,,0,0,,0,0,0.0,0,,0,0,0,,,0.0,,0,0,0,0,0,0,,0,,50.0,2,2,6.3,4.5,3.3,0,0,0.0,50.0,1,0,0.0,2,0,-0.09,0,53.6,0,0,2,50.0,,60.4,0.0,0,0,0,0,0,0,0.0,8,4.0,69.2,13,13,40.6,4.1,2.38,0,0,0.0,53.8,7,2,22.2,13,2,-1.02,0,34.5,0,1,14,23.1,0.0,27.4,0.0,0,0,0,0,0,1,7.1,35,2.7
Jacob Conover,70963,QB,UTAH ST,4,33,35,100.0,6,6,18.2,-3.2,1.67,0,0,0.0,100.0,6,1,0.0,6,0,0.52,1,66.0,0,0,6,50.0,0.0,118.8,0.0,0,0,0,0,0,0,0.0,82,13.7,100.0,4,4,12.1,-3.3,1.63,0,0,0.0,100.0,4,0,0.0,4,0,-0.52,0,64.8,0,0,4,25.0,,80.2,0.0,0,0,0,0,0,0,0.0,13,3.3,0.0,1,1,3.0,31.0,7.2,0,0,0.0,0.0,0,0,,1,0,-0.7,0,51.3,0,0,1,0.0,,39.6,0.0,0,0,0,0,0,0,0.0,0,0.0,50.0,6,6,18.2,14.0,2.67,0,0,0.0,50.0,3,1,0.0,6,0,0.25,3,59.5,0,0,6,50.0,0.0,84.7,0.0,0,0,0,0,0,0,0.0,59,9.8,80.0,5,5,15.2,5.6,2.2,0,0,0.0,80.0,4,2,0.0,5,0,1.49,4,79.9,0,0,5,80.0,0.0,140.4,0.0,0,0,0,0,1,0,0.0,41,8.2,0,20.0,5,5,15.2,35.6,4.04,0,1,20.0,0.0,0,2,100.0,5,1,-0.54,0,46.5,0,0,5,0.0,0.0,39.6,0.0,0,0,0,0,0,1,20.0,0,0.0,329,100.0,1,1,3.0,-3.0,1.6,0,0,0.0,100.0,1,1,0.0,1,0,4.61,1,60.6,0,0,1,100.0,0.0,118.8,0.0,0,0,0,0,0,0,0.0,62,62.0,0.0,2,2,6.1,31.5,2.65,0,0,0.0,0.0,0,1,,2,0,-0.38,0,42.1,0,0,2,0.0,0.0,39.6,0.0,0,0,0,0,0,0,0.0,0,0.0,0.0,1,1,3.0,14.0,2.5,0,0,0.0,0.0,0,0,,1,0,-0.87,0,46.8,0,0,1,0.0,,39.6,0.0,0,0,0,0,0,0,0.0,0,0.0,50.0,4,4,12.1,5.3,2.33,0,0,0.0,50.0,2,0,0.0,4,0,-0.35,1,44.9,0,0,4,25.0,,56.3,0.0,0,0,0,0,0,0,0.0,11,2.8,50.0,8,8,24.2,14.4,2.6,0,1,12.5,50.0,4,2,0.0,8,0,0.36,4,64.5,0,0,8,50.0,0.0,121.4,0.0,0,0,0,0,1,0,0.0,73,9.1,0,100.0,1,1,3.0,-3.0,1.9,0,0,0.0,100.0,1,0,0.0,1,0,0.59,0,60.4,0,0,1,100.0,,95.8,0.0,0,0,0,0,0,0,0.0,7,7.0,50.0,2,2,6.1,42.0,3.85,0,1,50.0,0.0,0,1,100.0,2,1,-0.63,0,65.1,0,0,2,0.0,0.0,39.6,0.0,0,0,0,0,0,1,50.0,0,0.0,100.0,1,1,3.0,17.0,2.3,0,1,100.0,100.0,1,1,0.0,1,0,2.25,1,84.1,0,0,1,100.0,0.0,158.3,0.0,0,0,0,0,1,0,0.0,14,14.0,75.0,4,4,12.1,4.8,2.55,0,0,0.0,75.0,3,0,0.0,4,0,0.06,1,58.6,0,0,5,75.0,,88.5,0.0,0,0,0,0,0,0,0.0,23,5.8,69.2,13,13,39.4,5.2,2.35,0,0,0.0,69.2,9,2,0.0,13,0,0.48,6,63.5,0,0,14,61.5,0.0,109.5,0.0,0,0,0,0,1,0,0.0,75,5.8
Kalieb Osborne,184132,QB,TOLEDO,6,23,35,100.0,3,3,13.0,-2.0,1.77,0,0,0.0,100.0,3,1,0.0,3,0,-0.09,1,56.0,0,0,3,33.3,0.0,87.5,0.0,0,0,0,0,0,0,0.0,15,5.0,100.0,2,2,8.7,-2.5,1.45,0,0,0.0,100.0,2,1,0.0,2,0,0.14,1,54.6,0,0,2,50.0,0.0,91.7,0.0,0,0,0,0,0,0,0.0,12,6.0,50.0,2,2,8.7,35.5,3.0,0,1,50.0,50.0,1,1,0.0,2,0,0.56,1,78.8,0,0,2,50.0,0.0,120.8,0.0,0,0,0,0,1,0,0.0,18,9.0,0.0,1,1,4.3,11.0,3.4,0,0,0.0,0.0,0,0,,1,0,-1.88,0,48.5,0,0,1,0.0,,39.6,0.0,0,0,0,0,0,0,0.0,0,0.0,75.0,4,4,17.4,5.3,2.03,0,0,0.0,75.0,3,0,0.0,4,0,1.9,3,61.4,0,0,5,75.0,,156.3,0.0,0,0,0,0,1,0,0.0,80,20.0,0,60.0,5,5,21.7,30.4,2.8,0,2,40.0,60.0,3,2,0.0,5,0,0.87,3,91.1,0,0,5,60.0,0.0,143.8,0.0,0,0,0,0,1,0,0.0,75,15.0,316,100.0,1,1,4.3,-1.0,2.4,0,0,0.0,100.0,1,0,0.0,1,0,-0.54,0,60.6,0,0,1,0.0,,79.2,0.0,0,0,0,0,0,0,0.0,3,3.0,50.0,2,2,8.7,30.0,2.45,0,1,50.0,50.0,1,0,0.0,2,0,0.99,1,78.8,0,0,2,50.0,,95.8,0.0,0,0,0,0,0,0,0.0,36,18.0,50.0,2,2,8.7,17.5,2.45,0,0,0.0,50.0,1,2,0.0,2,0,-0.28,1,61.5,0,0,2,50.0,0.0,85.4,0.0,0,0,0,0,0,0,0.0,20,10.0,,0,0,0.0,,,0,0,,,0,0,,0,0,0.0,0,,0,0,0,,,0.0,,0,0,0,0,0,0,,0,,25.0,4,4,17.4,15.3,2.78,0,0,0.0,25.0,1,3,0.0,4,0,-0.8,1,39.5,0,0,5,25.0,0.0,47.9,0.0,0,0,0,0,0,0,0.0,20,5.0,0,,0,0,0.0,,,0,0,,,0,0,,0,0,0.0,0,,0,0,0,,,0.0,,0,0,0,0,0,0,,0,,100.0,1,1,4.3,21.0,3.1,0,0,0.0,100.0,1,1,0.0,1,0,1.27,1,76.2,0,0,1,100.0,0.0,118.8,0.0,0,0,0,0,0,0,0.0,21,21.0,0.0,1,1,4.3,15.0,2.8,0,0,0.0,0.0,0,1,,1,0,-0.77,0,37.4,0,0,2,0.0,0.0,39.6,0.0,0,0,0,0,0,0,0.0,0,0.0,66.7,6,6,26.1,5.3,1.98,0,0,0.0,66.7,4,0,0.0,6,0,0.57,2,44.7,0,0,6,66.7,,91.7,0.0,0,0,0,0,0,0,0.0,49,8.2,70.0,10,10,43.5,5.3,2.0,0,0,0.0,70.0,7,0,0.0,10,0,1.1,5,50.6,0,0,11,70.0,,145.8,0.0,0,0,0,0,1,0,0.0,129,12.9
Luke Duncan,173972,QB,UCLA,2,34,34,100.0,8,8,23.5,-2.9,1.58,0,0,0.0,100.0,8,0,0.0,8,0,-0.3,0,66.8,0,0,8,50.0,,79.2,0.0,0,0,0,0,0,0,0.0,20,2.5,100.0,5,5,14.7,-3.6,1.46,0,0,0.0,100.0,5,0,0.0,5,0,-0.04,0,65.4,0,0,5,80.0,,82.5,0.0,0,0,0,0,0,0,0.0,19,3.8,,0,0,0.0,,,0,0,,,0,0,,0,0,0.0,0,,0,0,0,,,0.0,,0,0,0,0,0,0,,0,,66.7,3,3,8.8,16.0,2.67,0,0,0.0,66.7,2,2,0.0,3,0,1.54,2,71.1,0,0,3,66.7,0.0,109.7,0.0,0,0,0,0,0,0,0.0,39,13.0,80.0,15,15,44.1,3.4,2.21,0,0,0.0,53.3,8,4,33.3,15,4,0.49,5,61.3,0,0,15,53.3,0.0,129.4,0.0,0,0,0,0,2,0,0.0,156,10.4,0,0.0,1,1,2.9,25.0,2.2,0,0,0.0,0.0,0,1,,1,0,-3.73,0,60.5,0,0,1,0.0,0.0,39.6,0.0,0,0,0,0,0,0,0.0,0,0.0,324,100.0,1,1,2.9,-3.0,1.1,0,0,0.0,100.0,1,0,0.0,1,0,-1.13,0,61.0,0,0,1,0.0,,79.2,0.0,0,0,0,0,0,0,0.0,0,0.0,0.0,1,1,2.9,25.0,2.2,0,0,0.0,0.0,0,1,,1,0,-3.73,0,60.5,0,0,1,0.0,0.0,39.6,0.0,0,0,0,0,0,0,0.0,0,0.0,0.0,1,1,2.9,16.0,2.7,0,0,0.0,0.0,0,0,,1,0,-0.66,0,33.8,0,0,1,0.0,,39.6,0.0,0,0,0,0,0,1,100.0,0,0.0,,0,0,0.0,,,0,0,,,0,0,,0,0,0.0,0,,0,0,0,,,0.0,,0,0,0,0,0,0,,0,,40.0,5,5,14.7,15.0,2.6,0,0,0.0,40.0,2,2,0.0,5,0,0.61,2,45.0,0,0,5,40.0,0.0,67.9,0.0,0,0,0,0,0,1,20.0,39,7.8,0,100.0,2,2,5.9,-1.0,2.1,0,0,0.0,100.0,2,0,0.0,2,0,-0.52,0,62.6,0,0,2,0.0,,79.2,0.0,0,0,0,0,0,0,0.0,1,0.5,,0,0,0.0,,,0,0,,,0,0,,0,0,0.0,0,,0,0,0,,,0.0,,0,0,0,0,0,0,,0,,0.0,1,1,2.9,11.0,2.3,0,0,0.0,0.0,0,0,,1,0,-0.88,0,46.8,0,0,1,0.0,,39.6,0.0,0,0,0,0,0,0,0.0,0,0.0,100.0,3,3,8.8,6.0,2.5,0,0,0.0,100.0,3,2,0.0,3,0,1.32,2,79.1,0,0,3,100.0,0.0,94.4,0.0,0,0,0,0,0,0,0.0,20,6.7,83.3,18,18,52.9,3.8,2.26,0,0,0.0,61.1,11,6,26.7,18,4,0.63,7,68.9,0,0,18,61.1,0.0,130.8,0.0,0,0,0,0,2,0,0.0,176,9.8
Deuce Knight,198161,QB,AUBURN,2,25,34,100.0,1,1,4.0,-1.0,1.5,0,0,0.0,100.0,1,0,0.0,1,0,-0.45,0,60.6,0,0,1,0.0,,79.2,0.0,0,0,0,0,0,0,0.0,3,3.0,,0,0,0.0,,,0,0,,,0,0,,0,0,0.0,0,,0,0,0,,,0.0,,0,0,0,0,0,0,,0,,100.0,2,2,8.0,31.0,3.65,0,0,0.0,100.0,2,0,0.0,2,0,4.66,2,90.2,0,0,2,100.0,,158.3,0.0,0,0,0,0,1,0,0.0,121,60.5,66.7,3,3,12.0,13.7,2.7,0,0,0.0,66.7,2,0,0.0,3,0,0.45,2,56.3,0,0,3,66.7,,92.4,0.0,0,0,0,0,0,0,0.0,25,8.3,75.0,12,12,48.0,6.1,2.05,0,0,0.0,66.7,8,2,11.1,12,1,0.41,5,47.8,0,0,12,58.3,0.0,85.1,0.0,0,0,0,0,0,2,16.7,79,6.6,0,66.7,3,3,12.0,35.0,3.47,0,0,0.0,66.7,2,0,0.0,3,0,2.86,2,75.3,0,0,4,66.7,,149.3,0.0,0,0,0,0,1,0,0.0,121,40.3,115,,0,0,0.0,,,0,0,,,0,0,,0,0,0.0,0,,0,0,0,,,0.0,,0,0,0,0,0,0,,0,,0.0,1,1,4.0,43.0,3.1,0,0,0.0,0.0,0,0,,1,0,-0.75,0,50.2,0,0,2,0.0,,39.6,0.0,0,0,0,0,0,0,0.0,0,0.0,100.0,1,1,4.0,15.0,1.7,0,1,100.0,100.0,1,0,0.0,1,0,3.35,1,84.6,0,0,1,100.0,,147.9,0.0,0,0,0,0,1,0,0.0,10,10.0,0.0,2,2,8.0,5.0,3.25,0,0,0.0,0.0,0,1,,2,0,-0.59,0,46.1,0,0,2,0.0,0.0,39.6,0.0,0,0,0,0,0,0,0.0,0,0.0,75.0,4,4,16.0,14.0,2.45,0,1,25.0,75.0,3,0,0.0,4,0,1.17,3,73.4,0,0,4,75.0,,140.6,0.0,0,0,0,0,1,0,0.0,35,8.8,0,100.0,1,1,4.0,-1.0,1.5,0,0,0.0,100.0,1,0,0.0,1,0,-0.45,0,60.6,0,0,1,0.0,,79.2,0.0,0,0,0,0,0,0,0.0,3,3.0,,0,0,0.0,,,0,0,,,0,0,,0,0,0.0,0,,0,0,0,,,0.0,,0,0,0,0,0,0,,0,,,0,0,0.0,,,0,0,,,0,0,,0,0,0.0,0,,0,0,0,,,0.0,,0,0,0,0,0,0,,0,,100.0,3,3,12.0,5.0,1.7,0,0,0.0,100.0,3,0,0.0,3,0,0.02,2,58.1,0,0,3,66.7,,95.8,0.0,0,0,0,0,0,0,0.0,21,7.0,70.6,17,17,68.0,5.8,2.13,0,0,0.0,64.7,11,3,8.3,17,1,0.22,7,45.0,0,0,17,52.9,0.0,80.5,0.0,0,0,0,0,0,2,11.8,100,5.9
Michael Hawkins Jr.,184595,QB,OKLAHOMA,2,27,33,100.0,6,6,22.2,-3.3,1.35,0,0,0.0,100.0,6,0,0.0,6,0,0.56,4,65.9,0,0,6,83.3,,137.5,0.0,0,0,0,0,1,0,0.0,45,7.5,100.0,5,5,18.5,-3.6,1.42,0,0,0.0,100.0,5,0,0.0,5,0,0.5,3,65.4,0,0,5,80.0,,137.9,0.0,0,0,0,0,1,0,0.0,38,7.6,50.0,2,2,7.4,29.5,3.35,0,0,0.0,50.0,1,0,0.0,2,0,1.1,1,58.3,0,0,3,50.0,,95.8,0.0,0,0,0,0,0,0,0.0,32,16.0,60.0,5,5,18.5,13.0,2.62,0,0,0.0,40.0,2,1,33.3,5,1,0.18,1,71.4,0,0,5,40.0,0.0,94.2,0.0,0,0,0,0,1,0,0.0,23,4.6,100.0,3,3,11.1,6.3,1.73,0,0,0.0,100.0,3,0,0.0,3,0,0.71,2,87.0,0,0,3,100.0,,102.8,0.0,0,0,0,0,0,0,0.0,26,8.7,0,40.0,5,5,18.5,30.4,3.14,0,0,0.0,40.0,2,1,0.0,5,0,0.93,2,50.6,0,0,6,40.0,0.0,126.7,0.0,0,0,0,0,1,1,16.7,62,12.4,261,100.0,1,1,3.7,-2.0,1.0,0,0,0.0,100.0,1,0,0.0,1,0,0.84,1,60.6,0,0,1,100.0,,95.8,0.0,0,0,0,0,0,0,0.0,7,7.0,,0,0,0.0,,,0,0,,,0,0,,0,0,0.0,0,,0,0,0,,,0.0,,0,0,0,0,0,0,,0,,0.0,1,1,3.7,13.0,1.7,0,0,0.0,0.0,0,0,,1,0,-1.0,0,47.3,0,0,1,0.0,,39.6,0.0,0,0,0,0,0,0,0.0,0,0.0,100.0,1,1,3.7,5.0,1.5,0,0,0.0,100.0,1,0,0.0,1,0,-0.01,0,60.4,0,0,1,0.0,,87.5,0.0,0,0,0,0,0,0,0.0,5,5.0,57.1,7,7,25.9,13.4,2.5,0,0,0.0,28.6,2,1,50.0,7,2,-0.15,1,69.5,0,0,7,28.6,0.0,80.4,0.0,0,0,0,0,1,0,0.0,23,3.3,0,,0,0,0.0,,,0,0,,,0,0,,0,0,0.0,0,,0,0,0,,,0.0,,0,0,0,0,0,0,,0,,33.3,3,3,11.1,31.0,3.0,0,0,0.0,33.3,1,1,0.0,3,0,0.82,1,48.0,0,0,3,33.3,0.0,111.1,0.0,0,0,0,0,1,1,33.3,30,10.0,100.0,1,1,3.7,16.0,2.7,0,0,0.0,0.0,0,0,100.0,1,1,-0.95,0,73.1,0,0,1,0.0,,39.6,0.0,0,0,0,0,0,0,0.0,0,0.0,25.0,4,4,14.8,6.5,2.8,0,0,0.0,25.0,1,1,0.0,4,0,-0.75,0,45.5,0,0,4,25.0,0.0,39.6,0.0,0,0,0,0,0,0,0.0,6,1.5,62.5,8,8,29.6,6.3,2.24,0,0,0.0,62.5,5,1,0.0,8,0,-0.11,2,67.1,0,0,8,50.0,0.0,73.4,0.0,0,0,0,0,0,0,0.0,37,4.6
Michael Johnson Jr.,97796,QB,AKRON,7,23,33,83.3,6,6,26.1,-2.3,1.92,0,0,0.0,83.3,5,0,0.0,6,0,-0.93,0,59.9,0,0,6,0.0,,79.2,0.0,0,0,0,0,0,0,0.0,-3,-0.5,80.0,5,5,21.7,-2.0,1.98,0,0,0.0,80.0,4,0,0.0,5,0,-0.99,0,58.8,0,0,5,0.0,,79.2,0.0,0,0,0,0,0,0,0.0,-4,-0.8,,0,0,0.0,,,0,0,,,0,0,,0,0,0.0,0,,0,0,0,,,0.0,,0,0,0,0,0,0,,0,,50.0,4,4,17.4,16.8,3.55,0,0,0.0,50.0,2,1,0.0,4,0,0.88,2,73.4,0,0,4,50.0,0.0,83.3,0.0,0,0,0,0,0,0,0.0,38,9.5,100.0,1,1,4.3,5.0,1.6,0,0,0.0,100.0,1,0,0.0,1,0,0.17,0,75.7,0,0,3,100.0,,100.0,0.0,0,0,0,0,0,0,0.0,8,8.0,0,0.0,2,2,8.7,22.5,2.7,0,0,0.0,0.0,0,0,,2,0,-0.79,0,43.1,0,0,2,0.0,,39.6,0.0,0,0,0,0,0,0,0.0,0,0.0,102,100.0,1,1,4.3,-4.0,1.6,0,0,0.0,100.0,1,0,0.0,1,0,-0.61,0,60.4,0,0,1,0.0,,79.2,0.0,0,0,0,0,0,0,0.0,1,1.0,0.0,2,2,8.7,22.5,2.7,0,0,0.0,0.0,0,0,,2,0,-0.79,0,43.1,0,0,2,0.0,,39.6,0.0,0,0,0,0,0,0,0.0,0,0.0,0.0,1,1,4.3,16.0,3.5,0,0,0.0,0.0,0,1,,1,0,-0.86,0,46.8,0,0,1,0.0,0.0,39.6,0.0,0,0,0,0,0,0,0.0,0,0.0,100.0,4,4,17.4,6.0,2.3,0,0,0.0,75.0,3,0,25.0,4,1,0.15,1,72.6,0,0,4,50.0,,116.7,0.0,0,0,0,0,1,0,0.0,10,2.5,33.3,6,6,26.1,15.8,3.28,0,0,0.0,33.3,2,2,0.0,6,0,0.13,2,61.8,0,0,6,33.3,0.0,56.3,0.0,0,0,0,0,0,0,0.0,38,6.3,0,,0,0,0.0,,,0,0,,,0,0,,0,0,0.0,0,,0,0,0,,,0.0,,0,0,0,0,0,0,,0,,,0,0,0.0,,,0,0,,,0,0,,0,0,0.0,0,,0,0,0,,,0.0,,0,0,0,0,0,0,,0,,0.0,1,1,4.3,12.0,2.0,0,0,0.0,0.0,0,0,,1,0,-1.87,0,56.6,0,0,1,0.0,,39.6,0.0,0,0,0,0,0,0,0.0,0,0.0,100.0,1,1,4.3,9.0,2.0,0,0,0.0,100.0,1,0,0.0,1,0,0.95,0,60.4,0,0,1,100.0,,104.2,0.0,0,0,0,0,0,0,0.0,9,9.0,100.0,6,6,26.1,6.3,2.13,0,0,0.0,83.3,5,0,16.7,6,1,0.28,1,78.3,0,0,8,66.7,,125.0,0.0,0,0,0,0,1,0,0.0,27,4.5
Aaron Philo,183222,QB,GA TECH,1,28,30,100.0,9,9,32.1,-4.3,1.24,0,0,0.0,100.0,9,0,0.0,9,0,0.46,2,67.7,0,0,10,66.7,,118.8,0.0,0,0,0,0,0,0,0.0,117,13.0,100.0,9,9,32.1,-4.3,1.24,0,0,0.0,100.0,9,0,0.0,9,0,0.46,2,67.7,0,0,10,66.7,,118.8,0.0,0,0,0,0,0,0,0.0,117,13.0,60.0,5,5,17.9,36.6,2.96,0,3,50.0,60.0,3,3,0.0,5,0,1.31,3,87.5,0,1,6,60.0,0.0,64.6,0.0,0,0,0,0,0,1,16.7,113,22.6,100.0,1,1,3.6,19.0,6.7,0,0,0.0,100.0,1,1,0.0,1,0,0.0,1,54.8,0,0,1,0.0,0.0,118.8,0.0,0,0,0,0,0,0,0.0,19,19.0,75.0,4,4,14.3,2.3,2.13,0,0,0.0,50.0,2,0,33.3,4,1,-0.38,0,57.1,0,0,4,25.0,,65.6,0.0,0,0,0,0,0,0,0.0,21,5.3,0,66.7,6,6,21.4,33.8,3.12,0,4,57.1,66.7,4,4,0.0,6,0,1.45,4,92.2,0,1,7,66.7,0.0,109.7,0.0,0,0,0,0,1,1,14.3,124,20.7,176,,0,0,0.0,,,0,0,,,0,0,,0,0,0.0,0,,0,0,0,,,0.0,,0,0,0,0,0,0,,0,,,0,0,0.0,,,0,0,,,0,0,,0,0,0.0,0,,0,0,0,,,0.0,,0,0,0,0,0,0,,0,,100.0,1,1,3.6,15.0,2.4,0,0,0.0,100.0,1,0,0.0,1,0,2.79,1,73.1,0,0,1,100.0,,118.8,0.0,0,0,0,0,0,0,0.0,24,24.0,0.0,1,1,3.6,7.0,1.9,0,0,0.0,0.0,0,1,,1,0,-1.13,0,41.1,0,0,1,0.0,0.0,39.6,0.0,0,0,0,0,0,1,100.0,0,0.0,100.0,3,3,10.7,17.0,4.2,0,0,0.0,100.0,3,1,0.0,3,0,1.87,3,77.3,0,0,3,66.7,0.0,118.8,0.0,0,0,0,0,0,0,0.0,60,20.0,0,,0,0,0.0,,,0,0,,,0,0,,0,0,0.0,0,,0,0,0,,,0.0,,0,0,0,0,0,0,,0,,100.0,1,1,3.6,20.0,3.9,0,1,100.0,100.0,1,1,0.0,1,0,2.17,1,88.1,0,0,1,100.0,0.0,152.1,0.0,0,0,0,0,1,0,0.0,11,11.0,100.0,1,1,3.6,17.0,3.5,0,0,0.0,100.0,1,0,0.0,1,0,2.81,1,74.3,0,0,1,100.0,,118.8,0.0,0,0,0,0,0,0,0.0,17,17.0,100.0,3,3,10.7,4.7,2.13,0,0,0.0,100.0,3,1,0.0,3,0,0.64,2,61.9,0,0,3,100.0,0.0,118.8,0.0,0,0,0,0,0,0,0.0,51,17.0,75.0,8,8,28.6,3.8,2.1,0,0,0.0,62.5,5,2,16.7,8,1,-0.09,2,47.8,0,0,8,50.0,0.0,91.7,0.0,0,0,0,0,0,1,12.5,72,9.0
Ryan Puglisi,184571,QB,GEORGIA,6,27,30,100.0,8,8,29.6,-3.6,1.56,0,0,0.0,87.5,7,1,12.5,8,1,-0.45,0,66.9,0,0,8,37.5,0.0,82.8,0.0,0,0,0,0,0,0,0.0,31,3.9,100.0,5,5,18.5,-3.8,1.46,0,0,0.0,80.0,4,0,20.0,5,1,-0.41,0,65.4,0,0,5,60.0,,86.7,0.0,0,0,0,0,0,0,0.0,24,4.8,0.0,1,1,3.7,28.0,2.3,0,0,0.0,0.0,0,1,,1,0,-3.02,0,38.9,0,1,1,0.0,0.0,0.0,0.0,0,0,0,0,0,1,100.0,0,0.0,100.0,5,5,18.5,12.2,2.46,0,1,20.0,80.0,4,0,20.0,5,1,1.05,3,92.1,0,0,5,80.0,,118.8,0.0,0,0,0,0,0,0,0.0,65,13.0,100.0,4,4,14.8,7.0,2.23,0,0,0.0,50.0,2,1,50.0,4,2,-0.46,2,85.1,0,0,4,50.0,0.0,66.7,0.0,0,0,0,0,0,0,0.0,22,5.5,0,0.0,3,3,11.1,35.7,3.17,0,0,0.0,0.0,0,2,,3,0,-1.32,0,35.4,0,2,3,0.0,0.0,0.0,0.0,0,0,0,0,0,1,33.3,0,0.0,173,100.0,1,1,3.7,-5.0,2.7,0,0,0.0,100.0,1,1,0.0,1,0,-0.42,0,60.4,0,0,1,0.0,0.0,79.2,0.0,0,0,0,0,0,0,0.0,3,3.0,0.0,1,1,3.7,31.0,2.2,0,0,0.0,0.0,0,1,,1,0,-0.93,0,51.3,0,0,1,0.0,0.0,39.6,0.0,0,0,0,0,0,0,0.0,0,0.0,50.0,2,2,7.4,14.5,2.2,0,0,0.0,50.0,1,0,0.0,2,0,0.63,1,61.0,0,0,2,50.0,,131.3,0.0,0,0,0,0,1,0,0.0,23,11.5,100.0,2,2,7.4,7.5,1.6,0,0,0.0,50.0,1,0,50.0,2,1,-0.99,1,65.3,0,0,2,50.0,,60.4,0.0,0,0,0,0,0,0,0.0,8,4.0,85.7,7,7,25.9,12.9,2.39,0,1,14.3,71.4,5,0,16.7,7,1,0.93,4,90.5,0,0,7,71.4,,153.3,0.0,0,0,0,0,1,0,0.0,88,12.6,0,100.0,2,2,7.4,-2.5,1.25,0,0,0.0,100.0,2,0,0.0,2,0,-0.55,0,62.6,0,0,2,0.0,,79.2,0.0,0,0,0,0,0,0,0.0,4,2.0,0.0,1,1,3.7,48.0,5.0,0,0,0.0,0.0,0,0,,1,0,0.0,0,58.1,0,1,1,0.0,,0.0,0.0,0,0,0,0,0,0,0.0,0,0.0,,0,0,0.0,,,0,0,,,0,0,,0,0,0.0,0,,0,0,0,,,0.0,,0,0,0,0,0,0,,0,,50.0,2,2,7.4,1.0,2.7,0,0,0.0,50.0,1,0,0.0,2,0,0.1,1,62.7,0,0,2,50.0,,68.8,0.0,0,0,0,0,0,0,0.0,12,6.0,87.5,8,8,29.6,5.6,2.19,0,0,0.0,50.0,4,1,42.9,8,3,-0.45,4,81.9,0,0,8,50.0,0.0,65.6,0.0,0,0,0,0,0,0,0.0,42,5.3
Kenny Minchey,171091,QB,NOTRE DAME,5,26,29,80.0,5,5,19.2,-1.4,2.34,0,0,0.0,80.0,4,2,0.0,5,0,-0.05,1,58.8,0,0,5,20.0,0.0,81.7,0.0,0,0,0,0,0,0,0.0,18,3.6,75.0,4,4,15.4,-1.5,2.53,0,0,0.0,75.0,3,2,0.0,4,0,-0.78,0,57.5,0,0,4,0.0,0.0,77.1,0.0,0,0,0,0,0,0,0.0,3,0.8,,0,0,0.0,,,0,0,,,0,0,,0,0,0.0,0,,0,0,0,,,0.0,,0,0,0,0,0,0,,0,,100.0,1,1,3.8,13.0,2.1,0,0,0.0,100.0,1,0,0.0,1,0,1.48,1,73.1,0,0,1,100.0,,118.8,0.0,0,0,0,0,0,0,0.0,14,14.0,100.0,2,2,7.7,2.0,3.2,0,0,0.0,100.0,2,1,0.0,2,0,1.12,1,71.7,0,0,3,100.0,0.0,91.7,0.0,0,0,0,0,0,0,0.0,12,6.0,0,16.7,6,6,23.1,32.8,2.57,0,1,16.7,16.7,1,2,0.0,6,0,0.16,1,53.6,0,0,6,16.7,0.0,52.8,0.0,0,0,0,0,0,0,0.0,37,6.2,258,,0,0,0.0,,,0,0,,,0,0,,0,0,0.0,0,,0,0,0,,,0.0,,0,0,0,0,0,0,,0,,0.0,3,3,11.5,33.0,2.53,0,0,0.0,0.0,0,2,,3,0,-0.66,0,43.7,0,0,3,0.0,0.0,39.6,0.0,0,0,0,0,0,0,0.0,0,0.0,100.0,2,2,7.7,16.5,4.0,0,1,50.0,100.0,2,1,0.0,2,0,1.38,2,91.5,0,0,2,100.0,0.0,118.8,0.0,0,0,0,0,0,0,0.0,38,19.0,100.0,4,4,15.4,6.8,2.35,0,0,0.0,100.0,4,1,0.0,4,0,1.1,2,77.5,0,0,4,100.0,0.0,112.5,0.0,0,0,0,0,0,0,0.0,44,11.0,100.0,4,4,15.4,14.3,3.4,0,1,25.0,100.0,4,1,0.0,4,0,1.32,4,93.3,0,0,4,100.0,0.0,118.8,0.0,0,0,0,0,0,0,0.0,63,15.8,0,100.0,1,1,3.8,-1.0,1.6,0,0,0.0,100.0,1,0,0.0,1,0,2.88,1,61.0,0,0,1,100.0,,118.8,0.0,0,0,0,0,0,0,0.0,15,15.0,33.3,3,3,11.5,32.7,2.6,0,1,33.3,33.3,1,0,0.0,3,0,0.99,1,67.1,0,0,3,33.3,,81.3,0.0,0,0,0,0,0,0,0.0,37,12.3,100.0,1,1,3.8,11.0,3.5,0,0,0.0,100.0,1,0,0.0,1,0,1.01,1,72.6,0,0,1,100.0,,112.5,0.0,0,0,0,0,0,0,0.0,11,11.0,100.0,5,5,19.2,4.0,1.72,0,0,0.0,100.0,5,0,0.0,5,0,-0.47,1,72.5,0,0,5,40.0,,85.0,0.0,0,0,0,0,0,0,0.0,22,4.4,100.0,11,11,42.3,4.6,2.22,0,0,0.0,100.0,11,2,0.0,11,0,0.39,4,82.5,0,0,12,72.7,0.0,96.2,0.0,0,0,0,0,0,0,0.0,78,7.1
Jalen Macon,153929,QB,N ILLINOIS,3,21,29,100.0,5,5,23.8,-2.6,1.7,0,0,0.0,100.0,5,0,0.0,5,0,0.04,1,65.9,0,0,6,60.0,,83.3,0.0,0,0,0,0,0,0,0.0,20,4.0,100.0,3,3,14.3,-3.0,1.9,0,0,0.0,100.0,3,0,0.0,3,0,0.27,1,64.6,0,0,4,66.7,,87.5,0.0,0,0,0,0,0,0,0.0,15,5.0,0.0,2,2,9.5,36.5,3.0,0,0,0.0,0.0,0,1,,2,0,-0.87,0,41.6,0,0,2,0.0,0.0,39.6,0.0,0,0,0,0,0,0,0.0,0,0.0,100.0,1,1,4.8,17.0,2.2,0,0,0.0,100.0,1,0,0.0,1,0,7.13,1,73.1,0,0,1,100.0,,158.3,0.0,0,0,0,0,1,0,0.0,67,67.0,66.7,3,3,14.3,6.3,2.8,0,0,0.0,33.3,1,1,50.0,3,1,-0.17,1,56.7,0,0,3,33.3,0.0,42.4,0.0,0,0,0,0,0,0,0.0,7,2.3,0,0.0,6,6,28.6,28.3,2.55,0,0,0.0,0.0,0,2,,6,0,-1.04,0,35.0,0,0,6,0.0,0.0,39.6,0.0,0,0,0,0,0,0,0.0,0,0.0,254,100.0,1,1,4.8,-2.0,1.5,0,0,0.0,100.0,1,0,0.0,1,0,0.03,0,60.6,0,0,1,100.0,,87.5,0.0,0,0,0,0,0,0,0.0,5,5.0,0.0,2,2,9.5,25.0,2.0,0,0,0.0,0.0,0,0,,2,0,-0.97,0,43.8,0,0,2,0.0,,39.6,0.0,0,0,0,0,0,0,0.0,0,0.0,0.0,1,1,4.8,15.0,3.8,0,0,0.0,0.0,0,1,,1,0,-0.73,0,46.8,0,0,1,0.0,0.0,39.6,0.0,0,0,0,0,0,0,0.0,0,0.0,100.0,1,1,4.8,5.0,2.8,0,0,0.0,100.0,1,0,0.0,1,0,1.06,1,70.4,0,0,1,100.0,,87.5,0.0,0,0,0,0,0,0,0.0,5,5.0,33.3,3,3,14.3,14.3,3.07,0,0,0.0,33.3,1,2,0.0,3,0,1.45,1,51.0,0,0,3,33.3,0.0,121.5,0.0,0,0,0,0,1,0,0.0,67,22.3,0,100.0,1,1,4.8,-2.0,1.3,0,0,0.0,100.0,1,0,0.0,1,0,-0.64,0,60.4,0,0,1,0.0,,79.2,0.0,0,0,0,0,0,0,0.0,0,0.0,0.0,2,2,9.5,23.5,2.65,0,0,0.0,0.0,0,1,,2,0,-1.3,0,51.7,0,0,2,0.0,0.0,39.6,0.0,0,0,0,0,0,0,0.0,0,0.0,0.0,1,1,4.8,11.0,3.2,0,0,0.0,0.0,0,1,,1,0,-2.03,0,48.5,0,0,1,0.0,0.0,39.6,0.0,0,0,0,0,0,0,0.0,0,0.0,50.0,2,2,9.5,7.0,1.95,0,0,0.0,50.0,1,0,0.0,2,0,0.08,0,53.6,0,0,2,50.0,,56.3,0.0,0,0,0,0,0,0,0.0,6,3.0,66.7,6,6,28.6,6.3,2.52,0,0,0.0,50.0,3,1,25.0,6,1,0.12,2,60.1,0,0,6,50.0,0.0,56.3,0.0,0,0,0,0,0,0,0.0,18,3.0
John Alan Richter,156999,QB,TOLEDO,3,25,29,100.0,3,3,12.0,-3.3,1.43,0,0,0.0,100.0,3,0,0.0,3,0,0.39,2,63.9,0,0,3,100.0,,109.7,0.0,0,0,0,0,0,0,0.0,31,10.3,100.0,2,2,8.0,-4.0,1.55,0,0,0.0,100.0,2,0,0.0,2,0,0.54,1,62.6,0,0,2,100.0,,118.8,0.0,0,0,0,0,0,0,0.0,25,12.5,33.3,3,3,12.0,32.7,2.83,0,1,33.3,0.0,0,0,100.0,3,1,-0.26,0,69.4,0,1,3,0.0,,0.0,0.0,0,0,0,0,0,0,0.0,0,0.0,100.0,2,2,8.0,13.0,2.65,0,0,0.0,100.0,2,0,0.0,2,0,1.33,2,84.7,0,0,2,100.0,,118.8,0.0,0,0,0,0,0,0,0.0,28,14.0,100.0,6,6,24.0,3.8,2.08,0,0,0.0,100.0,6,1,0.0,6,0,1.67,5,83.3,0,0,6,100.0,0.0,131.9,0.0,0,0,0,0,3,0,0.0,37,6.2,0,16.7,6,6,24.0,31.5,2.62,0,1,16.7,0.0,0,0,100.0,6,1,-0.66,0,55.7,0,1,6,0.0,,0.0,0.0,0,0,0,0,0,0,0.0,0,0.0,316,100.0,1,1,4.0,-2.0,1.2,0,0,0.0,100.0,1,0,0.0,1,0,0.08,1,60.6,0,0,1,100.0,,91.7,0.0,0,0,0,0,0,0,0.0,6,6.0,,0,0,0.0,,,0,0,,,0,0,,0,0,0.0,0,,0,0,0,,,0.0,,0,0,0,0,0,0,,0,,,0,0,0.0,,,0,0,,,0,0,,0,0,0.0,0,,0,0,0,,,0.0,,0,0,0,0,0,0,,0,,100.0,4,4,16.0,7.8,2.1,0,0,0.0,75.0,3,1,25.0,4,1,0.48,2,60.7,0,0,4,75.0,0.0,92.7,0.0,0,0,0,0,0,0,0.0,27,6.8,100.0,4,4,16.0,13.5,2.75,0,0,0.0,75.0,3,0,25.0,4,1,0.78,3,91.6,0,0,4,75.0,,111.5,0.0,0,0,0,0,0,0,0.0,45,11.3,0,,0,0,0.0,,,0,0,,,0,0,,0,0,0.0,0,,0,0,0,,,0.0,,0,0,0,0,0,0,,0,,0.0,3,3,12.0,30.3,2.4,0,0,0.0,0.0,0,0,,3,0,-1.06,0,44.3,0,0,3,0.0,,39.6,0.0,0,0,0,0,0,0,0.0,0,0.0,100.0,2,2,8.0,14.0,2.85,0,0,0.0,50.0,1,0,50.0,2,1,0.23,1,84.7,0,0,2,50.0,,79.2,0.0,0,0,0,0,0,0,0.0,17,8.5,100.0,2,2,8.0,2.5,2.0,0,0,0.0,100.0,2,0,0.0,2,0,0.18,1,57.4,0,0,2,100.0,,93.8,0.0,0,0,0,0,0,0,0.0,13,6.5,100.0,12,12,48.0,4.9,2.08,0,0,0.0,91.7,11,2,8.3,12,1,1.03,8,73.8,0,0,12,91.7,0.0,133.0,0.0,0,0,0,0,3,0,0.0,77,6.4
Jake Merklinger,184888,QB,TENNESSEE,3,24,28,100.0,5,5,20.8,-1.8,2.6,0,0,0.0,60.0,3,2,40.0,5,2,-0.42,1,65.5,0,0,5,40.0,0.0,65.4,0.0,0,0,0,0,0,0,0.0,16,3.2,100.0,3,3,12.5,-2.0,1.9,0,0,0.0,33.3,1,1,66.7,3,2,-0.46,0,63.9,0,0,3,33.3,0.0,42.4,0.0,0,0,0,0,0,0,0.0,5,1.7,100.0,1,1,4.2,38.0,2.6,0,1,100.0,100.0,1,0,0.0,1,0,1.76,1,87.3,0,0,1,100.0,,118.8,0.0,0,0,0,0,0,0,0.0,41,41.0,100.0,1,1,4.2,15.0,3.4,0,0,0.0,100.0,1,0,0.0,1,0,0.83,1,55.3,0,0,1,100.0,,118.8,0.0,0,0,0,0,0,0,0.0,15,15.0,83.3,6,6,25.0,5.5,2.2,0,0,0.0,66.7,4,1,20.0,6,1,0.48,4,78.1,0,0,6,66.7,0.0,122.9,0.0,0,0,0,0,1,0,0.0,37,6.2,0,75.0,4,4,16.7,33.3,3.03,0,1,25.0,75.0,3,0,0.0,4,0,1.43,3,90.9,0,0,4,75.0,,116.7,0.0,0,0,0,0,0,0,0.0,100,25.0,307,,0,0,0.0,,,0,0,,,0,0,,0,0,0.0,0,,0,0,0,,,0.0,,0,0,0,0,0,0,,0,,50.0,2,2,8.3,31.5,3.2,0,0,0.0,50.0,1,0,0.0,2,0,0.85,1,66.0,0,0,2,50.0,,95.8,0.0,0,0,0,0,0,0,0.0,27,13.5,0.0,1,1,4.2,12.0,2.8,0,0,0.0,0.0,0,0,,1,0,-0.71,0,46.8,0,0,1,0.0,,39.6,0.0,0,0,0,0,0,0,0.0,0,0.0,100.0,1,1,4.2,0.0,1.7,0,0,0.0,100.0,1,0,0.0,1,0,-0.21,0,60.4,0,0,1,0.0,,83.3,0.0,0,0,0,0,0,0,0.0,4,4.0,50.0,4,4,16.7,14.5,3.0,0,0,0.0,25.0,1,0,50.0,4,1,-0.28,1,53.3,0,0,4,25.0,,42.7,0.0,0,0,0,0,0,0,0.0,15,3.8,0,100.0,2,2,8.3,-1.5,3.65,0,0,0.0,100.0,2,1,0.0,2,0,-0.37,1,62.6,0,0,2,50.0,0.0,89.6,0.0,0,0,0,0,0,0,0.0,11,5.5,100.0,1,1,4.2,32.0,3.1,0,0,0.0,100.0,1,0,0.0,1,0,2.24,1,75.7,0,0,1,100.0,,118.8,0.0,0,0,0,0,0,0,0.0,32,32.0,50.0,2,2,8.3,15.5,2.9,0,0,0.0,0.0,0,0,100.0,2,1,-0.62,0,67.3,0,0,2,0.0,,39.6,0.0,0,0,0,0,0,0,0.0,0,0.0,100.0,1,1,4.2,7.0,1.5,0,0,0.0,100.0,1,0,0.0,1,0,0.52,1,74.4,0,0,1,100.0,,118.8,0.0,0,0,0,0,1,0,0.0,1,1.0,87.5,8,8,33.3,5.0,2.05,0,0,0.0,75.0,6,1,14.3,8,1,0.4,5,83.4,0,0,8,62.5,0.0,126.0,0.0,0,0,0,0,2,0,0.0,42,5.3
Turner Helton,163044,QB,GA SOUTHRN,3,26,28,87.5,8,8,30.8,-3.8,1.73,0,0,0.0,87.5,7,2,0.0,8,0,-0.38,1,66.9,0,0,8,25.0,0.0,79.2,0.0,0,0,0,0,0,0,0.0,19,2.4,100.0,3,3,11.5,-5.7,2.17,0,0,0.0,100.0,3,1,0.0,3,0,-0.06,1,63.9,0,0,3,33.3,0.0,81.9,0.0,0,0,0,0,0,0,0.0,11,3.7,,0,0,0.0,,,0,0,,,0,0,,0,0,0.0,0,,0,0,0,,,0.0,,0,0,0,0,0,0,,0,,100.0,1,1,3.8,15.0,2.1,0,0,0.0,100.0,1,0,0.0,1,0,3.92,1,74.3,0,0,1,100.0,,152.1,0.0,0,0,0,0,1,0,0.0,11,11.0,75.0,4,4,15.4,3.5,1.98,0,0,0.0,75.0,3,1,0.0,4,0,-0.49,2,65.7,0,0,4,25.0,0.0,83.3,0.0,0,0,0,0,0,0,0.0,18,4.5,0,25.0,4,4,15.4,22.5,2.8,0,1,20.0,0.0,0,0,100.0,4,1,-0.88,0,60.8,0,0,5,0.0,,39.6,0.0,0,0,0,0,0,0,0.0,0,0.0,174,66.7,3,3,11.5,-2.7,1.47,0,0,0.0,66.7,2,1,0.0,3,0,-0.75,0,63.9,0,0,3,0.0,0.0,70.1,0.0,0,0,0,0,0,0,0.0,2,0.7,50.0,2,2,7.7,21.0,1.9,0,1,33.3,0.0,0,0,100.0,2,1,-0.42,0,68.6,0,0,3,0.0,,39.6,0.0,0,0,0,0,0,0,0.0,0,0.0,100.0,1,1,3.8,11.0,4.2,0,0,0.0,100.0,1,1,0.0,1,0,1.76,1,74.3,0,0,1,100.0,0.0,112.5,0.0,0,0,0,0,0,0,0.0,11,11.0,50.0,2,2,7.7,2.5,2.8,0,0,0.0,50.0,1,0,0.0,2,0,0.62,1,54.5,0,0,2,50.0,,64.6,0.0,0,0,0,0,0,0,0.0,10,5.0,50.0,4,4,15.4,13.8,4.1,0,0,0.0,50.0,2,2,0.0,4,0,1.03,2,66.0,0,0,5,50.0,0.0,106.3,0.0,0,0,0,0,1,0,0.0,22,5.5,0,100.0,2,2,7.7,-2.5,1.45,0,0,0.0,100.0,2,0,0.0,2,0,-0.3,0,62.6,0,0,2,50.0,,79.2,0.0,0,0,0,0,0,0,0.0,6,3.0,0.0,2,2,7.7,24.0,3.7,0,0,0.0,0.0,0,0,,2,0,-1.35,0,51.1,0,0,2,0.0,,39.6,0.0,0,0,0,0,0,0,0.0,0,0.0,0.0,2,2,7.7,14.5,5.05,0,0,0.0,0.0,0,1,,2,0,-0.79,0,45.5,0,0,3,0.0,0.0,39.6,0.0,0,0,0,0,0,0,0.0,0,0.0,100.0,1,1,3.8,4.0,1.6,0,0,0.0,100.0,1,0,0.0,1,0,0.23,0,60.4,0,0,1,100.0,,87.5,0.0,0,0,0,0,0,0,0.0,5,5.0,71.4,7,7,26.9,3.3,2.16,0,0,0.0,71.4,5,1,0.0,7,0,-0.07,3,61.9,0,0,7,42.9,0.0,81.3,0.0,0,0,0,0,0,0,0.0,33,4.7
Baron May,76359,QB,BOWL GREEN,1,22,27,80.0,5,5,22.7,-2.6,1.68,0,0,0.0,80.0,4,1,0.0,5,0,-0.25,1,58.8,0,0,5,20.0,0.0,79.2,0.0,0,0,0,0,0,0,0.0,11,2.2,66.7,3,3,13.6,-3.0,1.6,0,0,0.0,66.7,2,1,0.0,3,0,-0.32,0,56.1,0,0,3,0.0,0.0,70.1,0.0,0,0,0,0,0,0,0.0,6,2.0,0.0,1,1,4.5,32.0,3.2,0,0,0.0,0.0,0,0,,1,0,-0.91,0,50.1,0,0,1,0.0,,39.6,0.0,0,0,0,0,0,0,0.0,0,0.0,66.7,6,6,27.3,15.0,2.88,0,2,33.3,66.7,4,2,0.0,6,0,1.5,4,88.5,0,0,6,66.7,0.0,109.7,0.0,0,0,0,0,0,0,0.0,79,13.2,100.0,3,3,13.6,3.7,2.4,0,0,0.0,100.0,3,0,0.0,3,0,0.3,2,62.8,0,0,3,66.7,,118.8,0.0,0,0,0,0,0,0,0.0,39,13.0,0,0.0,1,1,4.5,32.0,3.2,0,0,0.0,0.0,0,0,,1,0,-0.91,0,50.8,0,0,2,0.0,,39.6,0.0,0,0,0,0,0,0,0.0,0,0.0,122,100.0,1,1,4.5,-2.0,1.8,0,0,0.0,100.0,1,0,0.0,1,0,0.11,1,60.6,0,0,1,100.0,,83.3,0.0,0,0,0,0,0,0,0.0,4,4.0,,0,0,0.0,,,0,0,0.0,,0,0,,0,0,0.0,0,59.9,0,0,1,,,0.0,,0,0,0,0,0,0,0.0,0,,33.3,3,3,13.6,16.7,2.3,0,1,33.3,33.3,1,0,0.0,3,0,0.97,1,67.2,0,0,3,33.3,,87.5,0.0,0,0,0,0,1,0,0.0,13,4.3,,0,0,0.0,,,0,0,,,0,0,,0,0,0.0,0,,0,0,0,,,0.0,,0,0,0,0,0,0,,0,,55.6,9,9,40.9,15.6,2.69,0,3,30.0,55.6,5,2,0.0,9,0,1.32,5,79.3,0,0,10,55.6,0.0,128.0,0.0,0,0,0,0,1,0,0.0,92,10.2,0,100.0,1,1,4.5,-2.0,1.8,0,0,0.0,100.0,1,0,0.0,1,0,-0.39,0,60.6,0,0,1,0.0,,79.2,0.0,0,0,0,0,0,0,0.0,1,1.0,,0,0,0.0,,,0,0,,,0,0,,0,0,0.0,0,,0,0,0,,,0.0,,0,0,0,0,0,0,,0,,,0,0,0.0,,,0,0,0.0,,0,0,,0,0,0.0,0,47.3,0,0,1,,,0.0,,0,0,0,0,0,0,0.0,0,,,0,0,0.0,,,0,0,,,0,0,,0,0,0.0,0,,0,0,0,,,0.0,,0,0,0,0,0,0,,0,,100.0,3,3,13.6,3.7,2.4,0,0,0.0,100.0,3,0,0.0,3,0,0.3,2,62.8,0,0,3,66.7,,118.8,0.0,0,0,0,0,0,0,0.0,39,13.0
Shaker Reisig,199615,QB,BOSTON COL,3,19,26,0.0,1,1,5.3,-2.0,2.9,0,0,0.0,0.0,0,1,,1,0,-1.89,0,55.3,0,0,1,0.0,0.0,39.6,0.0,0,0,0,0,0,0,0.0,0,0.0,0.0,1,1,5.3,-2.0,2.9,0,0,0.0,0.0,0,1,,1,0,-1.89,0,55.3,0,0,1,0.0,0.0,39.6,0.0,0,0,0,0,0,0,0.0,0,0.0,66.7,3,3,15.8,24.7,2.57,0,2,66.7,66.7,2,0,0.0,3,0,0.98,2,86.2,0,1,3,66.7,,70.1,0.0,0,0,0,0,0,1,33.3,67,22.3,100.0,1,1,5.3,14.0,3.4,0,0,0.0,100.0,1,0,0.0,1,0,0.45,1,73.1,0,0,1,100.0,,118.8,0.0,0,0,0,0,0,0,0.0,16,16.0,75.0,4,4,21.1,5.3,1.98,0,0,0.0,75.0,3,1,0.0,4,0,-0.37,0,64.1,0,0,4,0.0,0.0,80.2,0.0,0,0,0,0,0,0,0.0,15,3.8,0,60.0,5,5,26.3,24.8,2.42,0,2,40.0,60.0,3,0,0.0,5,0,0.91,3,73.4,0,1,5,60.0,,64.6,0.0,0,0,0,0,0,1,20.0,96,19.2,121,,0,0,0.0,,,0,0,,,0,0,,0,0,0.0,0,,0,0,0,,,0.0,,0,0,0,0,0,0,,0,,50.0,2,2,10.5,25.0,2.2,0,0,0.0,50.0,1,0,0.0,2,0,0.82,1,49.8,0,0,2,50.0,,95.8,0.0,0,0,0,0,0,0,0.0,29,14.5,0.0,2,2,10.5,17.5,2.05,0,0,0.0,0.0,0,0,,2,0,-2.18,0,25.7,0,1,2,0.0,,0.0,0.0,0,0,0,0,0,1,50.0,0,0.0,0.0,1,1,5.3,9.0,5.4,0,0,0.0,0.0,0,1,,1,0,-0.64,0,46.1,0,0,1,0.0,0.0,39.6,0.0,0,0,0,0,0,0,0.0,0,0.0,33.3,3,3,15.8,16.3,2.5,0,0,0.0,33.3,1,0,0.0,3,0,-1.3,1,29.8,0,1,3,33.3,,12.5,0.0,0,0,0,0,0,1,33.3,16,5.3,0,,0,0,0.0,,,0,0,,,0,0,,0,0,0.0,0,,0,0,0,,,0.0,,0,0,0,0,0,0,,0,,,0,0,0.0,,,0,0,,,0,0,,0,0,0.0,0,,0,0,0,,,0.0,,0,0,0,0,0,0,,0,,,0,0,0.0,,,0,0,,,0,0,,0,0,0.0,0,,0,0,0,,,0.0,,0,0,0,0,0,0,,0,,75.0,4,4,21.1,5.0,2.5,0,0,0.0,75.0,3,2,0.0,4,0,0.97,2,78.3,0,0,4,50.0,0.0,118.8,0.0,0,0,0,0,1,0,0.0,14,3.5,66.7,9,9,47.4,5.6,2.59,0,0,0.0,66.7,6,4,0.0,9,0,0.19,2,67.7,0,0,9,22.2,0.0,108.1,0.0,0,0,0,0,1,0,0.0,29,3.2
Drew Devillier,190639,QB,RICE,6,22,26,100.0,7,7,31.8,-3.1,1.31,0,0,0.0,100.0,7,0,0.0,7,0,0.15,2,77.3,0,0,8,42.9,,114.3,0.0,0,0,0,0,0,0,0.0,80,11.4,100.0,7,7,31.8,-3.1,1.31,0,0,0.0,100.0,7,0,0.0,7,0,0.15,2,77.3,0,0,8,42.9,,114.3,0.0,0,0,0,0,0,0,0.0,80,11.4,0.0,1,1,4.5,36.0,2.7,0,0,0.0,0.0,0,0,,1,0,-0.41,0,49.9,0,0,1,0.0,,39.6,0.0,0,0,0,0,0,0,0.0,0,0.0,,0,0,0.0,,,0,0,,,0,0,,0,0,0.0,0,,0,0,0,,,0.0,,0,0,0,0,0,0,,0,,50.0,4,4,18.2,3.3,1.95,0,0,0.0,25.0,1,0,50.0,4,1,-0.37,1,43.6,0,0,4,25.0,,39.6,0.0,0,0,0,0,0,0,0.0,11,2.8,0,0.0,2,2,9.1,35.5,3.35,0,0,0.0,0.0,0,0,,2,0,-0.21,0,30.0,0,0,2,0.0,,39.6,0.0,0,0,0,0,0,1,50.0,0,0.0,275,,0,0,0.0,,,0,0,,,0,0,,0,0,0.0,0,,0,0,0,,,0.0,,0,0,0,0,0,0,,0,,0.0,1,1,4.5,35.0,4.0,0,0,0.0,0.0,0,0,,1,0,-0.01,0,37.1,0,0,1,0.0,,39.6,0.0,0,0,0,0,0,1,100.0,0,0.0,75.0,4,4,18.2,13.5,2.38,0,1,25.0,75.0,3,1,0.0,4,0,1.46,3,91.1,0,0,4,75.0,0.0,152.1,0.0,0,0,0,0,1,0,0.0,46,11.5,100.0,1,1,4.5,5.0,1.3,0,0,0.0,0.0,0,0,100.0,1,1,-0.81,0,60.4,0,0,1,0.0,,39.6,0.0,0,0,0,0,0,0,0.0,0,0.0,50.0,6,6,27.3,12.8,2.37,0,1,16.7,50.0,3,2,0.0,6,0,0.91,3,81.7,0,0,6,50.0,0.0,115.3,0.0,0,0,0,0,1,0,0.0,46,7.7,0,,0,0,0.0,,,0,0,,,0,0,,0,0,0.0,0,,0,0,0,,,0.0,,0,0,0,0,0,0,,0,,,0,0,0.0,,,0,0,,,0,0,,0,0,0.0,0,,0,0,0,,,0.0,,0,0,0,0,0,0,,0,,0.0,2,2,9.1,11.5,2.35,0,0,0.0,0.0,0,1,,2,0,-0.2,0,50.5,0,0,2,0.0,0.0,39.6,0.0,0,0,0,0,0,0,0.0,0,0.0,100.0,1,1,4.5,6.0,2.8,0,0,0.0,0.0,0,1,100.0,1,1,-0.59,0,61.7,0,0,2,0.0,0.0,39.6,0.0,0,0,0,0,0,0,0.0,0,0.0,66.7,6,6,27.3,4.0,1.98,0,0,0.0,16.7,1,1,75.0,6,3,-0.48,1,49.8,0,0,7,16.7,0.0,39.6,0.0,0,0,0,0,0,0,0.0,11,1.8
CJ Montes,146114,QB,KENT STATE,2,19,26,75.0,4,4,21.1,-2.5,1.98,0,0,0.0,75.0,3,2,0.0,4,0,-1.87,1,64.7,0,1,4,25.0,0.0,67.7,0.0,0,0,0,0,0,0,0.0,41,10.3,75.0,4,4,21.1,-2.5,1.98,0,0,0.0,75.0,3,2,0.0,4,0,-1.87,1,64.7,0,1,4,25.0,0.0,67.7,0.0,0,0,0,0,0,0,0.0,41,10.3,,0,0,0.0,,,0,0,,,0,0,,0,0,0.0,0,,0,0,0,,,0.0,,0,0,0,0,0,0,,0,,100.0,1,1,5.3,11.0,2.3,0,0,0.0,100.0,1,0,0.0,1,0,2.05,1,73.1,0,0,1,100.0,,118.8,0.0,0,0,0,0,0,0,0.0,16,16.0,75.0,4,4,21.1,1.0,2.2,0,0,0.0,75.0,3,1,0.0,4,0,1.18,2,66.2,0,0,4,50.0,0.0,155.2,0.0,0,0,0,0,1,0,0.0,49,12.3,0,,0,0,0.0,,,0,0,,,0,0,,0,0,0.0,0,,0,0,0,,,0.0,,0,0,0,0,0,0,,0,,201,,0,0,0.0,,,0,0,,,0,0,,0,0,0.0,0,,0,0,0,,,0.0,,0,0,0,0,0,0,,0,,,0,0,0.0,,,0,0,,,0,0,,0,0,0.0,0,,0,0,0,,,0.0,,0,0,0,0,0,0,,0,,0.0,1,1,5.3,16.0,1.8,0,0,0.0,0.0,0,0,,1,0,-1.24,0,48.5,0,0,1,0.0,,39.6,0.0,0,0,0,0,0,0,0.0,0,0.0,0.0,1,1,5.3,2.0,2.1,0,0,0.0,0.0,0,1,,1,0,-0.72,0,57.7,0,0,1,0.0,0.0,39.6,0.0,0,0,0,0,0,0,0.0,0,0.0,40.0,5,5,26.3,15.2,3.08,0,0,0.0,40.0,2,3,0.0,5,0,0.0,2,53.0,0,0,5,40.0,0.0,64.6,0.0,0,0,0,0,0,0,0.0,35,7.0,0,,0,0,0.0,,,0,0,,,0,0,,0,0,0.0,0,,0,0,0,,,0.0,,0,0,0,0,0,0,,0,,,0,0,0.0,,,0,0,,,0,0,,0,0,0.0,0,,0,0,0,,,0.0,,0,0,0,0,0,0,,0,,33.3,3,3,15.8,16.3,3.77,0,0,0.0,33.3,1,3,0.0,3,0,-0.26,1,49.6,0,0,3,33.3,0.0,56.3,0.0,0,0,0,0,0,0,0.0,19,6.3,100.0,3,3,15.8,4.3,1.8,0,0,0.0,66.7,2,0,33.3,3,1,0.26,0,63.9,0,0,3,66.7,,78.5,0.0,0,0,0,0,0,0,0.0,15,5.0,75.0,8,8,42.1,2.4,2.04,0,0,0.0,62.5,5,2,16.7,8,1,0.6,2,63.0,0,0,8,50.0,0.0,127.1,0.0,0,0,0,0,1,0,0.0,64,8.0
Deuce Adams,190581,QB,LOUISVILLE,3,21,25,100.0,7,7,33.3,-3.3,2.59,0,0,0.0,100.0,7,2,0.0,7,0,-0.66,0,66.5,0,0,7,14.3,0.0,79.2,0.0,0,0,0,0,0,0,0.0,10,1.4,100.0,5,5,23.8,-2.8,2.52,0,0,0.0,100.0,5,2,0.0,5,0,-0.59,0,65.5,0,0,5,20.0,0.0,79.2,0.0,0,0,0,0,0,0,0.0,14,2.8,0.0,1,1,4.8,32.0,2.8,0,0,0.0,0.0,0,0,,1,0,-1.08,0,50.1,0,0,1,0.0,,39.6,0.0,0,0,0,0,0,0,0.0,0,0.0,50.0,2,2,9.5,11.5,1.95,0,0,0.0,50.0,1,1,0.0,2,0,-0.34,1,61.0,0,0,2,50.0,0.0,77.1,0.0,0,0,0,0,0,0,0.0,16,8.0,80.0,5,5,23.8,4.4,1.94,0,0,0.0,60.0,3,2,25.0,5,1,-0.71,1,63.1,0,0,5,60.0,0.0,64.6,0.0,0,0,0,0,0,0,0.0,14,2.8,0,66.7,3,3,14.3,28.0,2.67,0,2,66.7,66.7,2,0,0.0,3,0,1.0,2,91.4,0,0,3,66.7,,109.7,0.0,0,0,0,0,0,0,0.0,54,18.0,210,,0,0,0.0,,,0,0,,,0,0,,0,0,0.0,0,,0,0,0,,,0.0,,0,0,0,0,0,0,,0,,100.0,1,1,4.8,27.0,2.8,0,1,100.0,100.0,1,0,0.0,1,0,1.51,1,87.7,0,0,1,100.0,,118.8,0.0,0,0,0,0,0,0,0.0,28,28.0,,0,0,0.0,,,0,0,,,0,0,,0,0,0.0,0,,0,0,0,,,0.0,,0,0,0,0,0,0,,0,,,0,0,0.0,,,0,0,,,0,0,,0,0,0.0,0,,0,0,0,,,0.0,,0,0,0,0,0,0,,0,,50.0,2,2,9.5,11.5,1.95,0,0,0.0,50.0,1,1,0.0,2,0,-0.34,1,61.0,0,0,2,50.0,0.0,77.1,0.0,0,0,0,0,0,0,0.0,16,8.0,0,100.0,2,2,9.5,-4.5,2.75,0,0,0.0,100.0,2,0,0.0,2,0,-0.85,0,62.6,0,0,2,0.0,,79.2,0.0,0,0,0,0,0,0,0.0,-4,-2.0,100.0,1,1,4.8,25.0,2.4,0,1,100.0,100.0,1,0,0.0,1,0,2.57,1,87.7,0,0,1,100.0,,118.8,0.0,0,0,0,0,0,0,0.0,26,26.0,,0,0,0.0,,,0,0,,,0,0,,0,0,0.0,0,,0,0,0,,,0.0,,0,0,0,0,0,0,,0,,100.0,2,2,9.5,5.0,1.8,0,0,0.0,100.0,2,1,0.0,2,0,0.73,1,62.6,0,0,2,100.0,0.0,104.2,0.0,0,0,0,0,0,0,0.0,18,9.0,85.7,7,7,33.3,4.6,1.9,0,0,0.0,71.4,5,3,16.7,7,1,-0.3,2,64.3,0,0,7,71.4,0.0,80.7,0.0,0,0,0,0,0,0,0.0,32,4.6
Braxton Woodson,175276,QB,NAVY,4,19,25,100.0,2,2,10.5,-3.5,1.75,0,0,0.0,100.0,2,1,0.0,2,0,0.65,1,62.7,0,0,2,50.0,0.0,91.7,0.0,0,0,0,0,0,0,0.0,12,6.0,100.0,2,2,10.5,-3.5,1.75,0,0,0.0,100.0,2,1,0.0,2,0,0.65,1,62.7,0,0,2,50.0,0.0,91.7,0.0,0,0,0,0,0,0,0.0,12,6.0,0.0,1,1,5.3,34.0,3.9,0,0,0.0,0.0,0,1,,1,0,-0.79,0,58.0,0,0,1,0.0,0.0,39.6,0.0,0,0,0,0,0,0,0.0,0,0.0,100.0,2,2,10.5,14.5,2.8,0,0,0.0,100.0,2,0,0.0,2,0,2.38,2,85.2,0,0,2,100.0,,118.8,0.0,0,0,0,0,0,0,0.0,44,22.0,25.0,4,4,21.1,4.8,1.98,0,0,0.0,25.0,1,3,0.0,4,0,-1.24,0,52.2,0,0,4,0.0,0.0,39.6,0.0,0,0,0,0,0,0,0.0,4,1.0,0,25.0,4,4,21.1,26.8,2.73,0,2,50.0,0.0,0,1,100.0,4,1,-0.64,0,91.0,0,0,4,0.0,0.0,39.6,0.0,0,0,0,0,0,0,0.0,0,0.0,237,,0,0,0.0,,,0,0,,,0,0,,0,0,0.0,0,,0,0,0,,,0.0,,0,0,0,0,0,0,,0,,100.0,1,1,5.3,20.0,2.5,0,1,100.0,0.0,0,0,100.0,1,1,-0.12,0,90.7,0,0,1,0.0,,39.6,0.0,0,0,0,0,0,0,0.0,0,0.0,0.0,1,1,5.3,11.0,1.8,0,0,0.0,0.0,0,0,,1,0,-0.79,0,46.8,0,0,1,0.0,,39.6,0.0,0,0,0,0,0,0,0.0,0,0.0,100.0,1,1,5.3,9.0,2.1,0,0,0.0,100.0,1,0,0.0,1,0,0.42,0,77.2,0,0,1,100.0,,95.8,0.0,0,0,0,0,0,0,0.0,7,7.0,80.0,5,5,26.3,13.4,2.9,0,0,0.0,60.0,3,2,25.0,5,1,1.12,3,84.5,0,0,5,60.0,0.0,102.9,0.0,0,0,0,0,0,0,0.0,61,12.2,0,,0,0,0.0,,,0,0,,,0,0,,0,0,0.0,0,,0,0,0,,,0.0,,0,0,0,0,0,0,,0,,0.0,2,2,10.5,26.5,2.25,0,1,50.0,0.0,0,0,,2,0,-0.83,0,78.0,0,0,2,0.0,,39.6,0.0,0,0,0,0,0,0,0.0,0,0.0,100.0,2,2,10.5,13.5,3.55,0,0,0.0,50.0,1,2,50.0,2,1,0.82,1,84.7,0,0,2,50.0,0.0,79.2,0.0,0,0,0,0,0,0,0.0,17,8.5,100.0,2,2,10.5,4.5,2.4,0,0,0.0,100.0,2,1,0.0,2,0,0.64,1,61.7,0,0,2,50.0,0.0,118.8,0.0,0,0,0,0,0,0,0.0,26,13.0,57.1,7,7,36.8,5.3,2.11,0,0,0.0,57.1,4,4,0.0,7,0,-0.47,1,65.5,0,0,7,28.6,0.0,71.7,0.0,0,0,0,0,0,0,0.0,37,5.3
Alberto Mendoza,188673,QB,INDIANA,6,24,25,100.0,5,5,20.8,-3.2,1.32,0,0,0.0,100.0,5,0,0.0,5,0,1.03,4,65.5,0,0,5,100.0,,150.4,0.0,0,0,0,0,1,0,0.0,53,10.6,100.0,5,5,20.8,-3.2,1.32,0,0,0.0,100.0,5,0,0.0,5,0,1.03,4,65.5,0,0,5,100.0,,150.4,0.0,0,0,0,0,1,0,0.0,53,10.6,,0,0,0.0,,,0,0,,,0,0,,0,0,0.0,0,,0,0,0,,,0.0,,0,0,0,0,0,0,,0,,57.1,7,7,29.2,14.4,2.46,0,0,0.0,57.1,4,1,0.0,7,0,0.26,4,57.7,0,1,7,57.1,0.0,101.8,0.0,0,0,0,0,1,1,14.3,101,14.4,100.0,2,2,8.3,4.0,1.3,0,0,0.0,100.0,2,0,0.0,2,0,2.99,1,57.4,0,0,2,100.0,,158.3,0.0,0,0,0,0,1,0,0.0,69,34.5,0,50.0,2,2,8.3,22.5,2.5,0,0,0.0,50.0,1,1,0.0,2,0,1.3,1,55.9,0,0,2,50.0,0.0,89.6,0.0,0,0,0,0,0,1,50.0,22,11.0,190,,0,0,0.0,,,0,0,,,0,0,,0,0,0.0,0,,0,0,0,,,0.0,,0,0,0,0,0,0,,0,,,0,0,0.0,,,0,0,,,0,0,,0,0,0.0,0,,0,0,0,,,0.0,,0,0,0,0,0,0,,0,,100.0,1,1,4.2,19.0,2.0,0,0,0.0,0.0,0,0,100.0,1,1,-1.84,0,74.3,0,0,1,0.0,,39.6,0.0,0,0,0,0,0,0,0.0,0,0.0,100.0,6,6,25.0,4.2,1.55,0,0,0.0,83.3,5,0,16.7,6,1,0.59,1,71.1,0,0,6,50.0,,130.6,0.0,0,0,0,0,1,0,0.0,35,5.8,66.7,9,9,37.5,14.4,2.29,0,0,0.0,55.6,5,1,16.7,9,1,0.22,5,69.4,0,1,9,55.6,0.0,97.9,0.0,0,0,0,0,2,1,11.1,107,11.9,0,,0,0,0.0,,,0,0,,,0,0,,0,0,0.0,0,,0,0,0,,,0.0,,0,0,0,0,0,0,,0,,50.0,2,2,8.3,22.5,2.5,0,0,0.0,50.0,1,1,0.0,2,0,1.3,1,55.9,0,0,2,50.0,0.0,89.6,0.0,0,0,0,0,0,1,50.0,22,11.0,100.0,1,1,4.2,10.0,1.4,0,0,0.0,100.0,1,0,0.0,1,0,2.01,1,73.1,0,0,1,100.0,,131.3,0.0,0,0,0,0,1,0,0.0,6,6.0,,0,0,0.0,,,0,0,,,0,0,,0,0,0.0,0,,0,0,0,,,0.0,,0,0,0,0,0,0,,0,,100.0,8,8,33.3,4.1,1.49,0,0,0.0,87.5,7,0,12.5,8,1,1.19,2,67.7,0,0,8,62.5,,158.3,0.0,0,0,0,0,2,0,0.0,104,13.0
AJ Hill,198754,QB,MEMPHIS,1,25,25,100.0,3,3,12.0,-3.0,3.3,0,0,0.0,100.0,3,1,0.0,3,0,0.33,1,64.7,0,0,4,100.0,0.0,94.4,0.0,0,0,0,0,0,0,0.0,20,6.7,100.0,1,1,4.0,-1.0,3.4,0,0,0.0,100.0,1,1,0.0,1,0,0.45,1,60.6,0,0,1,100.0,0.0,87.5,0.0,0,0,0,0,0,0,0.0,5,5.0,,0,0,0.0,,,0,0,,,0,0,,0,0,0.0,0,,0,0,0,,,0.0,,0,0,0,0,0,0,,0,,100.0,2,2,8.0,13.5,2.7,0,0,0.0,100.0,2,0,0.0,2,0,3.29,2,86.2,0,0,2,100.0,,158.3,0.0,0,0,0,0,1,0,0.0,58,29.0,40.0,5,5,20.0,4.8,2.84,0,0,0.0,40.0,2,0,0.0,5,0,-0.24,2,40.2,0,0,5,40.0,,51.3,0.0,0,0,0,0,0,0,0.0,19,3.8,0,33.3,3,3,12.0,27.3,4.3,0,1,33.3,33.3,1,2,0.0,3,0,-0.67,1,43.1,0,1,3,33.3,0.0,31.9,0.0,0,0,0,0,0,1,33.3,30,10.0,218,,0,0,0.0,,,0,0,,,0,0,,0,0,0.0,0,,0,0,0,,,0.0,,0,0,0,0,0,0,,0,,0.0,1,1,4.0,32.0,2.7,0,0,0.0,0.0,0,1,,1,0,-3.59,0,27.5,0,1,1,0.0,0.0,0.0,0.0,0,0,0,0,0,1,100.0,0,0.0,0.0,1,1,4.0,17.0,1.9,0,0,0.0,0.0,0,0,,1,0,-1.74,0,49.6,0,0,1,0.0,,39.6,0.0,0,0,0,0,0,0,0.0,0,0.0,,0,0,0.0,,,0,0,,,0,0,,0,0,0.0,0,,0,0,0,,,0.0,,0,0,0,0,0,0,,0,,66.7,6,6,24.0,14.5,2.45,0,0,0.0,66.7,4,0,0.0,6,0,1.23,4,88.9,0,0,7,66.7,,149.3,0.0,0,0,0,0,1,0,0.0,88,14.7,0,100.0,2,2,8.0,-4.0,3.25,0,0,0.0,100.0,2,0,0.0,2,0,0.27,0,63.9,0,0,3,100.0,,97.9,0.0,0,0,0,0,0,0,0.0,15,7.5,50.0,2,2,8.0,25.0,5.1,0,1,50.0,50.0,1,1,0.0,2,0,0.79,1,76.6,0,0,2,50.0,0.0,95.8,0.0,0,0,0,0,0,0,0.0,30,15.0,66.7,3,3,12.0,14.3,2.47,0,0,0.0,66.7,2,0,0.0,3,0,0.85,2,87.8,0,0,4,66.7,,99.3,0.0,0,0,0,0,0,0,0.0,30,10.0,75.0,4,4,16.0,4.3,2.43,0,0,0.0,75.0,3,1,0.0,4,0,0.22,1,66.2,0,0,4,75.0,0.0,83.3,0.0,0,0,0,0,0,0,0.0,18,4.5,55.6,9,9,36.0,4.6,2.66,0,0,0.0,55.6,5,1,0.0,9,0,-0.04,3,49.0,0,0,9,55.6,0.0,65.5,0.0,0,0,0,0,0,0,0.0,37,4.1
Zeon Chriss-Gremillion,156733,QB,HOUSTON,4,21,24,83.3,6,6,28.6,-4.0,1.48,0,0,0.0,83.3,5,1,0.0,6,0,-0.49,1,59.9,0,0,6,33.3,0.0,79.2,0.0,0,0,0,0,0,0,0.0,17,2.8,83.3,6,6,28.6,-4.0,1.48,0,0,0.0,83.3,5,1,0.0,6,0,-0.49,1,59.9,0,0,6,33.3,0.0,79.2,0.0,0,0,0,0,0,0,0.0,17,2.8,100.0,1,1,4.8,20.0,2.4,0,1,100.0,100.0,1,1,0.0,1,0,5.44,1,87.7,0,0,1,100.0,0.0,158.3,0.0,0,0,0,0,1,0,0.0,64,64.0,33.3,3,3,14.3,17.0,3.43,0,0,0.0,0.0,0,1,100.0,3,1,-0.85,0,47.9,0,0,4,0.0,0.0,39.6,0.0,0,0,0,0,0,1,25.0,0,0.0,0.0,1,1,4.8,6.0,2.6,0,0,0.0,0.0,0,1,,1,0,-0.68,0,47.1,0,0,2,0.0,0.0,39.6,0.0,0,0,0,0,0,0,0.0,0,0.0,0,25.0,4,4,19.0,31.0,2.63,0,1,25.0,25.0,1,4,0.0,4,0,0.02,1,41.9,0,1,4,25.0,0.0,79.2,0.0,0,0,0,0,1,2,50.0,64,16.0,182,,0,0,0.0,,,0,0,,,0,0,,0,0,0.0,0,,0,0,0,,,0.0,,0,0,0,0,0,0,,0,,0.0,2,2,9.5,37.0,2.85,0,0,0.0,0.0,0,2,,2,0,-1.1,0,31.0,0,0,2,0.0,0.0,39.6,0.0,0,0,0,0,0,1,50.0,0,0.0,0.0,1,1,4.8,17.0,2.1,0,0,0.0,0.0,0,1,,1,0,-1.74,0,56.6,0,0,1,0.0,0.0,39.6,0.0,0,0,0,0,0,0,0.0,0,0.0,50.0,2,2,9.5,3.0,2.1,0,0,0.0,50.0,1,1,0.0,2,0,0.09,0,54.5,0,0,2,50.0,0.0,58.3,0.0,0,0,0,0,0,0,0.0,7,3.5,25.0,4,4,19.0,17.0,3.1,0,0,0.0,0.0,0,2,100.0,4,1,-1.07,0,47.2,0,0,5,0.0,0.0,39.6,0.0,0,0,0,0,0,1,20.0,0,0.0,0,,0,0,0.0,,,0,0,,,0,0,,0,0,0.0,0,,0,0,0,,,0.0,,0,0,0,0,0,0,,0,,0.0,1,1,4.8,30.0,2.4,0,0,0.0,0.0,0,1,,1,0,-3.17,0,37.0,0,1,1,0.0,0.0,0.0,0.0,0,0,0,0,0,1,100.0,0,0.0,,0,0,0.0,,,0,0,,,0,0,,0,0,0.0,0,,0,0,0,,,0.0,,0,0,0,0,0,0,,0,,100.0,3,3,14.3,3.0,3.4,0,0,0.0,100.0,3,1,0.0,3,0,0.31,1,64.6,0,0,3,66.7,0.0,94.4,0.0,0,0,0,0,0,0,0.0,20,6.7,66.7,6,6,28.6,3.5,2.83,0,0,0.0,66.7,4,3,0.0,6,0,0.07,1,51.5,0,0,7,50.0,0.0,76.4,0.0,0,0,0,0,0,0,0.0,27,4.5
Jaylen Henderson,146054,QB,W VIRGINIA,5,18,24,100.0,3,3,16.7,-4.3,0.93,0,0,0.0,100.0,3,0,0.0,3,0,-0.16,0,63.9,0,0,3,33.3,,83.3,0.0,0,0,0,0,0,0,0.0,12,4.0,100.0,3,3,16.7,-4.3,0.93,0,0,0.0,100.0,3,0,0.0,3,0,-0.16,0,63.9,0,0,3,33.3,,83.3,0.0,0,0,0,0,0,0,0.0,12,4.0,50.0,2,2,11.1,29.0,2.45,0,1,50.0,0.0,0,0,100.0,2,1,-0.84,0,83.7,0,0,2,0.0,,39.6,0.0,0,0,0,0,0,0,0.0,0,0.0,33.3,3,3,16.7,11.7,2.03,0,0,0.0,0.0,0,1,100.0,3,1,-1.57,0,52.8,0,0,3,0.0,0.0,39.6,0.0,0,0,0,0,0,0,0.0,0,0.0,25.0,4,4,22.2,2.8,2.0,0,0,0.0,25.0,1,1,0.0,4,0,-0.61,1,20.2,0,0,4,25.0,0.0,45.8,0.0,0,0,0,0,0,2,50.0,18,4.5,0,25.0,4,4,22.2,27.3,2.7,0,1,16.7,0.0,0,2,100.0,4,1,-0.89,0,61.6,0,0,6,0.0,0.0,39.6,0.0,0,0,0,0,0,0,0.0,0,0.0,343,,0,0,0.0,,,0,0,,,0,0,,0,0,0.0,0,,0,0,0,,,0.0,,0,0,0,0,0,0,,0,,0.0,2,2,11.1,25.5,2.95,0,0,0.0,0.0,0,2,,2,0,-0.94,0,42.8,0,0,2,0.0,0.0,39.6,0.0,0,0,0,0,0,0,0.0,0,0.0,0.0,1,1,5.6,17.0,3.5,0,0,0.0,0.0,0,1,,1,0,-1.21,0,48.5,0,0,1,0.0,0.0,39.6,0.0,0,0,0,0,0,0,0.0,0,0.0,100.0,2,2,11.1,3.0,3.8,0,0,0.0,100.0,2,2,0.0,2,0,0.18,0,62.6,0,0,2,50.0,0.0,91.7,0.0,0,0,0,0,0,0,0.0,12,6.0,25.0,4,4,22.2,13.0,2.4,0,0,0.0,0.0,0,2,100.0,4,1,-1.48,0,46.1,0,0,4,0.0,0.0,39.6,0.0,0,0,0,0,0,0,0.0,0,0.0,0,,0,0,0.0,,,0,0,,,0,0,,0,0,0.0,0,,0,0,0,,,0.0,,0,0,0,0,0,0,,0,,,0,0,0.0,,,0,0,0.0,,0,0,,0,0,0.0,0,56.3,0,0,2,,,0.0,,0,0,0,0,0,0,0.0,0,,,0,0,0.0,,,0,0,,,0,0,,0,0,0.0,0,,0,0,0,,,0.0,,0,0,0,0,0,0,,0,,100.0,1,1,5.6,4.0,1.4,0,0,0.0,100.0,1,0,0.0,1,0,0.8,0,60.4,0,0,1,100.0,,100.0,0.0,0,0,0,0,0,0,0.0,8,8.0,57.1,7,7,38.9,3.0,2.43,0,0,0.0,57.1,4,3,0.0,7,0,-0.18,1,23.2,0,0,7,42.9,0.0,72.3,0.0,0,0,0,0,0,2,28.6,38,5.4
Cole Ballard,173062,QB,KANSAS,5,22,24,100.0,4,4,18.2,-3.0,1.88,0,0,0.0,75.0,3,1,25.0,4,1,0.17,2,64.2,0,0,4,50.0,0.0,86.5,0.0,0,0,0,0,0,0,0.0,21,5.3,100.0,1,1,4.5,-6.0,2.2,0,0,0.0,100.0,1,0,0.0,1,0,-0.17,0,60.4,0,0,1,0.0,,79.2,0.0,0,0,0,0,0,0,0.0,3,3.0,,0,0,0.0,,,0,0,,,0,0,,0,0,0.0,0,,0,0,0,,,0.0,,0,0,0,0,0,0,,0,,,0,0,0.0,,,0,0,,,0,0,,0,0,0.0,0,,0,0,0,,,0.0,,0,0,0,0,0,0,,0,,100.0,5,5,22.7,4.6,2.28,0,0,0.0,80.0,4,1,20.0,5,1,-0.2,3,55.2,0,1,5,60.0,0.0,55.4,0.0,0,0,0,0,0,0,0.0,34,6.8,0,28.6,7,7,31.8,28.4,2.76,0,1,14.3,28.6,2,1,0.0,7,0,0.37,2,72.0,0,0,7,28.6,0.0,95.8,0.0,0,0,0,0,1,0,0.0,49,7.0,198,100.0,2,2,9.1,-2.0,2.05,0,0,0.0,100.0,2,1,0.0,2,0,0.8,2,62.1,0,0,2,100.0,0.0,104.2,0.0,0,0,0,0,0,0,0.0,18,9.0,25.0,4,4,18.2,26.5,2.75,0,0,0.0,25.0,1,0,0.0,4,0,-0.2,1,63.3,0,0,4,25.0,,56.3,0.0,0,0,0,0,0,0,0.0,28,7.0,0.0,2,2,9.1,16.0,3.15,0,0,0.0,0.0,0,0,,2,0,-1.53,0,45.2,0,0,2,0.0,,39.6,0.0,0,0,0,0,0,0,0.0,0,0.0,50.0,2,2,9.1,3.0,1.95,0,0,0.0,50.0,1,0,0.0,2,0,-0.19,0,62.6,0,0,2,50.0,,56.3,0.0,0,0,0,0,0,0,0.0,4,2.0,0.0,2,2,9.1,16.0,3.15,0,0,0.0,0.0,0,0,,2,0,-1.53,0,45.2,0,0,2,0.0,,39.6,0.0,0,0,0,0,0,0,0.0,0,0.0,0,100.0,1,1,4.5,-2.0,1.2,0,0,0.0,0.0,0,0,100.0,1,1,-0.77,0,60.6,0,0,1,0.0,,39.6,0.0,0,0,0,0,0,0,0.0,0,0.0,33.3,3,3,13.6,31.0,2.77,0,1,33.3,33.3,1,1,0.0,3,0,1.14,1,75.4,0,0,3,33.3,0.0,98.6,0.0,0,0,0,0,1,0,0.0,21,7.0,,0,0,0.0,,,0,0,,,0,0,,0,0,0.0,0,,0,0,0,,,0.0,,0,0,0,0,0,0,,0,,0.0,1,1,4.5,4.0,2.8,0,0,0.0,0.0,0,0,,1,0,-0.25,0,57.7,0,0,1,0.0,,39.6,0.0,0,0,0,0,0,0,0.0,0,0.0,75.0,8,8,36.4,4.1,2.26,0,0,0.0,62.5,5,1,16.7,8,1,-0.2,3,53.7,0,1,8,50.0,0.0,34.4,0.0,0,0,0,0,0,0,0.0,38,4.8
Cole Gonzales,159939,QB,PITTSBURGH,3,22,24,75.0,4,4,18.2,-3.3,1.0,0,0,0.0,75.0,3,0,0.0,4,0,-0.42,0,57.4,0,0,4,25.0,,77.1,0.0,0,0,0,0,0,0,0.0,6,1.5,100.0,3,3,13.6,-3.7,1.0,0,0,0.0,100.0,3,0,0.0,3,0,-0.34,0,63.9,0,0,3,33.3,,79.2,0.0,0,0,0,0,0,0,0.0,6,2.0,33.3,3,3,13.6,24.7,3.2,0,1,33.3,33.3,1,2,0.0,3,0,1.49,1,34.0,0,1,3,33.3,0.0,81.9,0.0,0,0,0,0,1,2,66.7,60,20.0,50.0,6,6,27.3,12.8,2.48,0,0,0.0,16.7,1,0,66.7,6,2,-0.52,1,62.4,0,0,6,16.7,,39.6,0.0,0,0,0,0,0,0,0.0,13,2.2,100.0,2,2,9.1,1.0,2.6,0,0,0.0,100.0,2,2,0.0,2,0,0.5,0,62.6,0,0,2,100.0,0.0,108.3,0.0,0,0,0,0,0,0,0.0,20,10.0,0,33.3,3,3,13.6,24.7,3.2,0,1,33.3,33.3,1,2,0.0,3,0,1.49,1,34.0,0,1,3,33.3,0.0,81.9,0.0,0,0,0,0,1,2,66.7,60,20.0,268,0.0,1,1,4.5,-2.0,1.0,0,0,0.0,0.0,0,0,,1,0,-0.66,0,56.8,0,0,1,0.0,,39.6,0.0,0,0,0,0,0,0,0.0,0,0.0,,0,0,0.0,,,0,0,,,0,0,,0,0,0.0,0,,0,0,0,,,0.0,,0,0,0,0,0,0,,0,,50.0,2,2,9.1,15.0,2.15,0,0,0.0,50.0,1,1,0.0,2,0,0.66,1,61.5,0,0,2,50.0,0.0,72.9,0.0,0,0,0,0,0,0,0.0,14,7.0,50.0,2,2,9.1,4.5,1.95,0,0,0.0,50.0,1,0,0.0,2,0,-0.75,0,62.3,0,0,2,0.0,,56.3,0.0,0,0,0,0,0,0,0.0,0,0.0,50.0,8,8,36.4,13.4,2.4,0,0,0.0,25.0,2,1,50.0,8,2,-0.23,2,62.7,0,0,8,25.0,0.0,41.1,0.0,0,0,0,0,0,0,0.0,27,3.4,0,,0,0,0.0,,,0,0,,,0,0,,0,0,0.0,0,,0,0,0,,,0.0,,0,0,0,0,0,0,,0,,,0,0,0.0,,,0,0,,,0,0,,0,0,0.0,0,,0,0,0,,,0.0,,0,0,0,0,0,0,,0,,,0,0,0.0,,,0,0,,,0,0,,0,0,0.0,0,,0,0,0,,,0.0,,0,0,0,0,0,0,,0,,100.0,2,2,9.1,2.5,1.95,0,0,0.0,100.0,2,1,0.0,2,0,-0.31,0,62.6,0,0,2,50.0,0.0,79.2,0.0,0,0,0,0,0,0,0.0,5,2.5,83.3,6,6,27.3,2.7,2.17,0,0,0.0,83.3,5,3,0.0,6,0,-0.19,0,65.6,0,0,6,50.0,0.0,84.0,0.0,0,0,0,0,0,0,0.0,25,4.2
Kevin Sperry,198436,QB,FLORIDA ST,3,18,23,100.0,5,5,27.8,-2.6,2.0,0,0,0.0,100.0,5,1,0.0,5,0,0.46,1,65.5,0,0,5,60.0,0.0,96.7,0.0,0,0,0,0,0,0,0.0,36,7.2,100.0,3,3,16.7,-2.3,1.73,0,0,0.0,100.0,3,1,0.0,3,0,0.7,1,63.9,0,0,3,66.7,0.0,104.2,0.0,0,0,0,0,0,0,0.0,27,9.0,0.0,2,2,11.1,42.0,4.0,0,0,0.0,0.0,0,0,,2,0,-1.62,0,43.6,0,0,2,0.0,,39.6,0.0,0,0,0,0,0,0,0.0,0,0.0,0.0,1,1,5.6,14.0,3.5,0,0,0.0,0.0,0,0,,1,0,-0.13,0,58.6,0,0,1,0.0,,39.6,0.0,0,0,0,0,0,0,0.0,0,0.0,100.0,1,1,5.6,5.0,2.0,0,0,0.0,100.0,1,0,0.0,1,0,0.91,1,60.4,0,0,1,100.0,,108.3,0.0,0,0,0,0,0,0,0.0,10,10.0,0,20.0,5,5,27.8,35.4,3.72,0,0,0.0,20.0,1,0,0.0,5,0,-0.16,1,47.1,0,0,5,20.0,,71.3,0.0,0,0,0,0,0,0,0.0,53,10.6,167,100.0,2,2,11.1,-3.0,2.4,0,0,0.0,100.0,2,0,0.0,2,0,0.09,0,62.6,0,0,2,50.0,,85.4,0.0,0,0,0,0,0,0,0.0,9,4.5,0.0,1,1,5.6,20.0,2.6,0,0,0.0,0.0,0,0,,1,0,-0.09,0,58.4,0,0,1,0.0,,39.6,0.0,0,0,0,0,0,0,0.0,0,0.0,,0,0,0.0,,,0,0,,,0,0,,0,0,0.0,0,,0,0,0,,,0.0,,0,0,0,0,0,0,,0,,,0,0,0.0,,,0,0,,,0,0,,0,0,0.0,0,,0,0,0,,,0.0,,0,0,0,0,0,0,,0,,80.0,5,5,27.8,14.4,3.32,0,0,0.0,80.0,4,0,0.0,5,0,1.45,4,84.6,0,0,6,80.0,,158.3,0.0,0,0,0,0,2,0,0.0,79,15.8,0,,0,0,0.0,,,0,0,,,0,0,,0,0,0.0,0,,0,0,0,,,0.0,,0,0,0,0,0,0,,0,,50.0,2,2,11.1,36.5,4.0,0,0,0.0,50.0,1,0,0.0,2,0,1.26,1,58.0,0,0,2,50.0,,95.8,0.0,0,0,0,0,0,0,0.0,53,26.5,100.0,4,4,22.2,14.5,3.28,0,0,0.0,100.0,4,0,0.0,4,0,1.84,4,88.2,0,0,5,100.0,,158.3,0.0,0,0,0,0,2,0,0.0,79,19.8,100.0,1,1,5.6,7.0,2.1,0,0,0.0,100.0,1,1,0.0,1,0,0.67,1,60.4,0,0,1,100.0,0.0,118.8,0.0,0,0,0,0,0,0,0.0,16,16.0,100.0,2,2,11.1,6.0,2.05,0,0,0.0,100.0,2,1,0.0,2,0,0.79,2,61.7,0,0,2,100.0,0.0,118.8,0.0,0,0,0,0,0,0,0.0,26,13.0
Gaston Moore,123756,QB,USF,6,20,23,100.0,8,8,40.0,-2.1,1.59,0,0,0.0,87.5,7,0,12.5,8,1,-0.3,1,66.7,0,0,8,12.5,,118.8,0.0,0,0,0,0,1,0,0.0,9,1.1,100.0,5,5,25.0,-2.6,1.74,0,0,0.0,100.0,5,0,0.0,5,0,-0.6,0,65.3,0,0,5,0.0,,79.2,0.0,0,0,0,0,0,0,0.0,2,0.4,,0,0,0.0,,,0,0,,,0,0,,0,0,0.0,0,,0,0,0,,,0.0,,0,0,0,0,0,0,,0,,,0,0,0.0,,,0,0,,,0,0,,0,0,0.0,0,,0,0,0,,,0.0,,0,0,0,0,0,0,,0,,80.0,5,5,25.0,3.4,2.2,0,0,0.0,60.0,3,0,25.0,5,1,-0.18,1,60.5,0,0,5,20.0,,66.3,0.0,0,0,0,0,0,0,0.0,17,3.4,0,0.0,1,1,5.0,44.0,3.1,0,0,0.0,0.0,0,1,,1,0,-1.02,0,50.3,0,0,2,0.0,0.0,39.6,0.0,0,0,0,0,0,0,0.0,0,0.0,327,100.0,2,2,10.0,-1.5,1.25,0,0,0.0,100.0,2,0,0.0,2,0,0.54,1,62.7,0,0,2,50.0,,120.8,0.0,0,0,0,0,1,0,0.0,7,3.5,0.0,1,1,5.0,44.0,3.1,0,0,0.0,0.0,0,1,,1,0,-1.02,0,50.3,0,0,2,0.0,0.0,39.6,0.0,0,0,0,0,0,0,0.0,0,0.0,,0,0,0.0,,,0,0,,,0,0,,0,0,0.0,0,,0,0,0,,,0.0,,0,0,0,0,0,0,,0,,,0,0,0.0,,,0,0,,,0,0,,0,0,0.0,0,,0,0,0,,,0.0,,0,0,0,0,0,0,,0,,100.0,1,1,5.0,10.0,3.3,0,1,50.0,100.0,1,0,0.0,1,0,2.01,1,92.0,0,0,2,100.0,,118.8,0.0,0,0,0,0,0,0,0.0,13,13.0,0,100.0,1,1,5.0,-1.0,1.5,0,0,0.0,0.0,0,0,100.0,1,1,-0.51,0,60.6,0,0,1,0.0,,39.6,0.0,0,0,0,0,0,0,0.0,0,0.0,,0,0,0.0,,,0,0,,,0,0,,0,0,0.0,0,,0,0,0,,,0.0,,0,0,0,0,0,0,,0,,100.0,1,1,5.0,10.0,3.3,0,1,50.0,100.0,1,0,0.0,1,0,2.01,1,92.0,0,0,2,100.0,,118.8,0.0,0,0,0,0,0,0,0.0,13,13.0,100.0,3,3,15.0,2.7,2.47,0,0,0.0,100.0,3,0,0.0,3,0,0.09,1,58.8,0,0,3,66.7,,87.5,0.0,0,0,0,0,0,0,0.0,15,5.0,87.5,8,8,40.0,3.1,2.3,0,0,0.0,75.0,6,0,14.3,8,1,-0.08,2,59.7,0,0,8,37.5,,81.3,0.0,0,0,0,0,0,0,0.0,32,4.0
JacQai Long,184703,QB,MARSHALL,5,18,22,100.0,3,3,16.7,-1.7,1.6,0,0,0.0,100.0,3,0,0.0,3,0,-0.77,0,63.8,0,0,3,33.3,,80.6,0.0,0,0,0,0,0,0,0.0,10,3.3,100.0,3,3,16.7,-1.7,1.6,0,0,0.0,100.0,3,0,0.0,3,0,-0.77,0,63.8,0,0,3,33.3,,80.6,0.0,0,0,0,0,0,0,0.0,10,3.3,,0,0,0.0,,,0,0,,,0,0,,0,0,0.0,0,,0,0,0,,,0.0,,0,0,0,0,0,0,,0,,,0,0,0.0,,,0,0,,,0,0,,0,0,0.0,0,,0,0,0,,,0.0,,0,0,0,0,0,0,,0,,50.0,4,4,22.2,5.8,2.95,0,0,0.0,50.0,2,1,0.0,4,0,-0.37,1,36.8,0,0,4,25.0,0.0,62.5,0.0,0,0,0,0,0,1,25.0,18,4.5,0,50.0,2,2,11.1,26.5,3.65,0,0,0.0,0.0,0,1,100.0,2,1,-0.68,0,74.3,0,0,2,0.0,0.0,39.6,0.0,0,0,0,0,0,0,0.0,0,0.0,214,,0,0,0.0,,,0,0,,,0,0,,0,0,0.0,0,,0,0,0,,,0.0,,0,0,0,0,0,0,,0,,50.0,2,2,11.1,26.5,3.65,0,0,0.0,0.0,0,1,100.0,2,1,-0.68,0,74.3,0,0,2,0.0,0.0,39.6,0.0,0,0,0,0,0,0,0.0,0,0.0,0.0,1,1,5.6,12.0,3.3,0,0,0.0,0.0,0,0,,1,0,-0.71,0,46.8,0,0,1,0.0,,39.6,0.0,0,0,0,0,0,0,0.0,0,0.0,100.0,1,1,5.6,1.0,1.8,0,0,0.0,100.0,1,0,0.0,1,0,-0.29,0,61.0,0,0,1,0.0,,79.2,0.0,0,0,0,0,0,0,0.0,3,3.0,0.0,3,3,16.7,13.0,4.07,0,0,0.0,0.0,0,1,,3,0,-1.05,0,37.2,0,0,3,0.0,0.0,39.6,0.0,0,0,0,0,0,0,0.0,0,0.0,0,,0,0,0.0,,,0,0,,,0,0,,0,0,0.0,0,,0,0,0,,,0.0,,0,0,0,0,0,0,,0,,,0,0,0.0,,,0,0,,,0,0,,0,0,0.0,0,,0,0,0,,,0.0,,0,0,0,0,0,0,,0,,0.0,2,2,11.1,13.5,4.45,0,0,0.0,0.0,0,1,,2,0,-1.23,0,45.2,0,0,2,0.0,0.0,39.6,0.0,0,0,0,0,0,0,0.0,0,0.0,,0,0,0.0,,,0,0,,,0,0,,0,0,0.0,0,,0,0,0,,,0.0,,0,0,0,0,0,0,,0,,60.0,5,5,27.8,4.8,2.72,0,0,0.0,60.0,3,1,0.0,5,0,-0.35,1,39.7,0,0,5,20.0,0.0,69.6,0.0,0,0,0,0,0,1,20.0,21,4.2
Husan Longstreet,199411,QB,USC,2,15,21,100.0,3,3,20.0,-4.0,1.43,0,0,0.0,100.0,3,0,0.0,3,0,-0.64,0,63.9,0,0,3,0.0,,79.2,0.0,0,0,0,0,0,0,0.0,3,1.0,100.0,3,3,20.0,-4.0,1.43,0,0,0.0,100.0,3,0,0.0,3,0,-0.64,0,63.9,0,0,3,0.0,,79.2,0.0,0,0,0,0,0,0,0.0,3,1.0,,0,0,0.0,,,0,0,,,0,0,,0,0,0.0,0,,0,0,0,,,0.0,,0,0,0,0,0,0,,0,,100.0,1,1,6.7,15.0,2.5,0,0,0.0,100.0,1,0,0.0,1,0,2.34,1,73.1,0,0,1,100.0,,143.8,0.0,0,0,0,0,1,0,0.0,9,9.0,83.3,6,6,40.0,3.2,1.95,0,0,0.0,83.3,5,0,0.0,6,0,0.61,3,56.1,0,0,6,66.7,,113.2,0.0,0,0,0,0,0,0,0.0,67,11.2,0,,0,0,0.0,,,0,0,,,0,0,,0,0,0.0,0,,0,0,0,,,0.0,,0,0,0,0,0,0,,0,,326,,0,0,0.0,,,0,0,,,0,0,,0,0,0.0,0,,0,0,0,,,0.0,,0,0,0,0,0,0,,0,,,0,0,0.0,,,0,0,,,0,0,,0,0,0.0,0,,0,0,0,,,0.0,,0,0,0,0,0,0,,0,,,0,0,0.0,,,0,0,,,0,0,,0,0,0.0,0,,0,0,0,,,0.0,,0,0,0,0,0,0,,0,,100.0,2,2,13.3,4.5,1.75,0,0,0.0,100.0,2,0,0.0,2,0,0.65,1,61.7,0,0,2,50.0,,87.5,0.0,0,0,0,0,0,0,0.0,10,5.0,100.0,1,1,6.7,15.0,2.5,0,0,0.0,100.0,1,0,0.0,1,0,2.34,1,59.9,0,0,2,100.0,,143.8,0.0,0,0,0,0,1,0,0.0,9,9.0,0,,0,0,0.0,,,0,0,,,0,0,,0,0,0.0,0,,0,0,0,,,0.0,,0,0,0,0,0,0,,0,,,0,0,0.0,,,0,0,,,0,0,,0,0,0.0,0,,0,0,0,,,0.0,,0,0,0,0,0,0,,0,,,0,0,0.0,,,0,0,0.0,,0,0,,0,0,0.0,0,46.8,0,0,1,,,0.0,,0,0,0,0,0,0,0.0,0,,100.0,2,2,13.3,4.0,3.0,0,0,0.0,100.0,2,1,0.0,2,0,0.87,1,72.9,0,0,2,100.0,0.0,95.8,0.0,0,0,0,0,0,0,0.0,14,7.0,90.0,10,10,66.7,3.6,2.12,0,0,0.0,90.0,9,1,0.0,10,0,0.67,5,64.8,0,0,10,70.0,0.0,104.6,0.0,0,0,0,0,0,0,0.0,91,9.1
Miles O'Neill,191260,QB,TEXAS A&M,3,14,21,100.0,2,2,14.3,-3.0,1.3,0,0,0.0,100.0,2,0,0.0,2,0,-0.65,0,62.6,0,0,2,0.0,,79.2,0.0,0,0,0,0,0,0,0.0,4,2.0,100.0,1,1,7.1,-3.0,1.2,0,0,0.0,100.0,1,0,0.0,1,0,-0.58,0,60.6,0,0,1,0.0,,79.2,0.0,0,0,0,0,0,0,0.0,2,2.0,50.0,2,2,14.3,52.0,4.2,0,1,50.0,50.0,1,0,0.0,2,0,1.65,1,75.4,0,1,2,50.0,,95.8,0.0,0,0,0,0,1,1,50.0,72,36.0,0.0,1,1,7.1,19.0,2.9,0,0,0.0,0.0,0,1,,1,0,-4.68,0,34.4,0,1,1,0.0,0.0,0.0,0.0,0,0,0,0,0,1,100.0,0,0.0,100.0,2,2,14.3,4.5,2.0,0,0,0.0,50.0,1,0,50.0,2,1,-0.11,0,62.6,0,0,2,50.0,,58.3,0.0,0,0,0,0,0,0,0.0,7,3.5,0,40.0,5,5,35.7,40.2,3.4,0,2,40.0,40.0,2,1,0.0,5,0,0.6,2,75.3,0,1,5,40.0,0.0,87.5,0.0,0,0,0,0,1,1,20.0,97,19.4,312,100.0,1,1,7.1,-3.0,1.4,0,0,0.0,100.0,1,0,0.0,1,0,-0.71,0,60.4,0,0,1,0.0,,79.2,0.0,0,0,0,0,0,0,0.0,2,2.0,0.0,1,1,7.1,38.0,2.8,0,0,0.0,0.0,0,1,,1,0,-1.31,0,51.3,0,0,1,0.0,0.0,39.6,0.0,0,0,0,0,0,0,0.0,0,0.0,,0,0,0.0,,,0,0,,,0,0,,0,0,0.0,0,,0,0,0,,,0.0,,0,0,0,0,0,0,,0,,100.0,1,1,7.1,5.0,1.7,0,0,0.0,100.0,1,0,0.0,1,0,0.39,0,60.4,0,0,1,100.0,,91.7,0.0,0,0,0,0,0,0,0.0,6,6.0,0.0,2,2,14.3,15.0,5.75,0,0,0.0,0.0,0,2,,2,0,-2.63,0,32.4,0,1,3,0.0,0.0,0.0,0.0,0,0,0,0,0,1,33.3,0,0.0,0,,0,0,0.0,,,0,0,,,0,0,,0,0,0.0,0,,0,0,0,,,0.0,,0,0,0,0,0,0,,0,,50.0,2,2,14.3,29.5,2.9,0,1,50.0,50.0,1,0,0.0,2,0,0.5,1,76.2,0,0,2,50.0,,95.8,0.0,0,0,0,0,0,0,0.0,25,12.5,0.0,1,1,7.1,11.0,8.6,0,0,0.0,0.0,0,1,,1,0,-0.59,0,51.0,0,0,2,0.0,0.0,39.6,0.0,0,0,0,0,0,0,0.0,0,0.0,100.0,1,1,7.1,6.0,2.2,0,0,0.0,100.0,1,1,0.0,1,0,0.04,0,60.4,0,0,1,100.0,0.0,91.7,0.0,0,0,0,0,0,0,0.0,6,6.0,100.0,4,4,28.6,5.0,1.98,0,0,0.0,75.0,3,1,25.0,4,1,0.05,0,63.7,0,0,4,75.0,0.0,84.4,0.0,0,0,0,0,0,0,0.0,19,4.8
Emory Williams,170099,QB,MIAMI FL,4,19,21,100.0,4,4,21.1,-2.5,1.48,0,0,0.0,100.0,4,0,0.0,4,0,1.13,3,64.7,0,0,4,100.0,,116.7,0.0,0,0,0,0,0,0,0.0,48,12.0,100.0,3,3,15.8,-2.0,1.53,0,0,0.0,100.0,3,0,0.0,3,0,0.89,2,63.9,0,0,3,100.0,,112.5,0.0,0,0,0,0,0,0,0.0,33,11.0,0.0,2,2,10.5,37.5,2.95,0,0,0.0,0.0,0,0,,2,0,-0.74,0,48.9,0,0,2,0.0,,39.6,0.0,0,0,0,0,0,0,0.0,0,0.0,100.0,1,1,5.3,12.0,2.1,0,0,0.0,100.0,1,1,0.0,1,0,2.0,0,76.6,0,0,1,100.0,0.0,118.8,0.0,0,0,0,0,0,0,0.0,14,14.0,57.1,7,7,36.8,3.7,2.14,0,0,0.0,57.1,4,0,0.0,7,0,-0.51,1,61.9,0,0,7,42.9,,68.8,0.0,0,0,0,0,0,0,0.0,32,4.6,0,0.0,2,2,10.5,37.5,2.95,0,0,0.0,0.0,0,0,,2,0,-0.74,0,48.9,0,0,2,0.0,,39.6,0.0,0,0,0,0,0,0,0.0,0,0.0,220,,0,0,0.0,,,0,0,,,0,0,,0,0,0.0,0,,0,0,0,,,0.0,,0,0,0,0,0,0,,0,,,0,0,0.0,,,0,0,,,0,0,,0,0,0.0,0,,0,0,0,,,0.0,,0,0,0,0,0,0,,0,,50.0,2,2,10.5,13.5,2.0,0,0,0.0,50.0,1,0,0.0,2,0,0.73,1,67.3,0,0,2,50.0,,95.8,0.0,0,0,0,0,0,0,0.0,25,12.5,100.0,1,1,5.3,6.0,3.2,0,0,0.0,100.0,1,1,0.0,1,0,1.6,1,60.9,0,0,1,100.0,0.0,118.8,0.0,0,0,0,0,0,0,0.0,17,17.0,75.0,4,4,21.1,13.0,2.1,0,0,0.0,75.0,3,1,0.0,4,0,1.03,2,85.0,0,0,4,75.0,0.0,116.7,0.0,0,0,0,0,0,0,0.0,52,13.0,0,100.0,1,1,5.3,-4.0,1.3,0,0,0.0,100.0,1,0,0.0,1,0,1.85,1,61.0,0,0,1,100.0,,118.8,0.0,0,0,0,0,0,0,0.0,15,15.0,,0,0,0.0,,,0,0,,,0,0,,0,0,0.0,0,,0,0,0,,,0.0,,0,0,0,0,0,0,,0,,100.0,1,1,5.3,13.0,2.3,0,0,0.0,100.0,1,0,0.0,1,0,0.64,1,72.6,0,0,1,100.0,,118.8,0.0,0,0,0,0,0,0,0.0,13,13.0,100.0,1,1,5.3,3.0,1.4,0,0,0.0,100.0,1,0,0.0,1,0,0.56,0,60.4,0,0,1,100.0,,95.8,0.0,0,0,0,0,0,0,0.0,7,7.0,66.7,9,9,47.4,3.9,2.18,0,0,0.0,66.7,6,1,0.0,9,0,-0.15,2,62.8,0,0,9,55.6,0.0,83.6,0.0,0,0,0,0,0,0,0.0,56,6.2
Hank Brown,172439,QB,IOWA,3,21,21,75.0,4,4,19.0,-4.8,2.3,0,0,0.0,75.0,3,0,0.0,4,0,0.52,2,57.7,0,0,4,50.0,,116.7,0.0,0,0,0,0,0,0,0.0,54,13.5,66.7,3,3,14.3,-6.0,2.23,0,0,0.0,66.7,2,0,0.0,3,0,0.16,1,56.3,0,0,3,33.3,,106.3,0.0,0,0,0,0,0,0,0.0,35,11.7,,0,0,0.0,,,0,0,,,0,0,,0,0,0.0,0,,0,0,0,,,0.0,,0,0,0,0,0,0,,0,,66.7,3,3,14.3,13.3,3.73,0,0,0.0,33.3,1,1,50.0,3,1,-0.32,1,58.1,0,0,3,33.3,0.0,45.1,0.0,0,0,0,0,0,0,0.0,11,3.7,77.8,9,9,42.9,4.9,2.12,0,0,0.0,66.7,6,2,14.3,9,1,0.0,3,74.7,0,1,9,44.4,0.0,69.9,0.0,0,0,0,0,1,0,0.0,32,3.6,0,0.0,1,1,4.8,31.0,2.4,0,0,0.0,0.0,0,0,,1,0,-0.65,0,49.9,0,0,1,0.0,,39.6,0.0,0,0,0,0,0,0,0.0,0,0.0,192,100.0,1,1,4.8,-1.0,2.5,0,0,0.0,100.0,1,0,0.0,1,0,1.6,1,60.6,0,0,1,100.0,,118.8,0.0,0,0,0,0,0,0,0.0,19,19.0,0.0,1,1,4.8,31.0,2.4,0,0,0.0,0.0,0,0,,1,0,-0.65,0,49.9,0,0,1,0.0,,39.6,0.0,0,0,0,0,0,0,0.0,0,0.0,0.0,1,1,4.8,16.0,2.4,0,0,0.0,0.0,0,1,,1,0,-0.32,0,56.6,0,0,1,0.0,0.0,39.6,0.0,0,0,0,0,0,0,0.0,0,0.0,100.0,1,1,4.8,4.0,1.7,0,0,0.0,100.0,1,0,0.0,1,0,0.38,0,60.6,0,0,1,100.0,,108.3,0.0,0,0,0,0,0,0,0.0,10,10.0,50.0,4,4,19.0,14.0,3.4,0,0,0.0,25.0,1,2,50.0,4,1,-0.32,1,56.1,0,0,4,25.0,0.0,39.6,0.0,0,0,0,0,0,0,0.0,11,2.8,0,,0,0,0.0,,,0,0,,,0,0,,0,0,0.0,0,,0,0,0,,,0.0,,0,0,0,0,0,0,,0,,,0,0,0.0,,,0,0,,,0,0,,0,0,0.0,0,,0,0,0,,,0.0,,0,0,0,0,0,0,,0,,,0,0,0.0,,,0,0,,,0,0,,0,0,0.0,0,,0,0,0,,,0.0,,0,0,0,0,0,0,,0,,,0,0,0.0,,,0,0,,,0,0,,0,0,0.0,0,,0,0,0,,,0.0,,0,0,0,0,0,0,,0,,80.0,10,10,47.6,4.8,2.08,0,0,0.0,70.0,7,2,12.5,10,1,0.04,3,74.7,0,1,10,50.0,0.0,71.7,0.0,0,0,0,0,1,0,0.0,42,4.2
Brock Thomas,176601,QB,OREGON,5,16,20,,0,0,0.0,,,0,0,,,0,0,,0,0,0.0,0,,0,0,0,,,0.0,,0,0,0,0,0,0,,0,,,0,0,0.0,,,0,0,,,0,0,,0,0,0.0,0,,0,0,0,,,0.0,,0,0,0,0,0,0,,0,,,0,0,0.0,,,0,0,,,0,0,,0,0,0.0,0,,0,0,0,,,0.0,,0,0,0,0,0,0,,0,,100.0,1,1,6.3,19.0,3.0,0,0,0.0,100.0,1,1,0.0,1,0,3.34,1,74.3,0,0,1,100.0,0.0,118.8,0.0,0,0,0,0,0,0,0.0,35,35.0,85.7,7,7,43.8,3.1,2.21,0,0,0.0,85.7,6,0,0.0,7,0,-0.19,1,57.4,0,0,7,42.9,,119.9,0.0,0,0,0,0,1,0,0.0,23,3.3,0,,0,0,0.0,,,0,0,,,0,0,,0,0,0.0,0,,0,0,0,,,0.0,,0,0,0,0,0,0,,0,,264,,0,0,0.0,,,0,0,,,0,0,,0,0,0.0,0,,0,0,0,,,0.0,,0,0,0,0,0,0,,0,,,0,0,0.0,,,0,0,,,0,0,,0,0,0.0,0,,0,0,0,,,0.0,,0,0,0,0,0,0,,0,,100.0,3,3,18.8,11.7,2.13,0,0,0.0,100.0,3,0,0.0,3,0,1.61,3,90.9,0,0,3,100.0,,118.8,0.0,0,0,0,0,0,0,0.0,49,16.3,100.0,1,1,6.3,4.0,1.8,0,0,0.0,100.0,1,0,0.0,1,0,-0.07,0,60.6,0,0,1,0.0,,83.3,0.0,0,0,0,0,0,0,0.0,4,4.0,100.0,5,5,31.3,14.6,2.82,0,0,0.0,100.0,5,1,0.0,5,0,2.21,5,66.8,0,0,6,100.0,0.0,118.8,0.0,0,0,0,0,0,1,16.7,103,20.6,0,,0,0,0.0,,,0,0,,,0,0,,0,0,0.0,0,,0,0,0,,,0.0,,0,0,0,0,0,0,,0,,,0,0,0.0,,,0,0,,,0,0,,0,0,0.0,0,,0,0,0,,,0.0,,0,0,0,0,0,0,,0,,100.0,1,1,6.3,19.0,4.7,0,0,0.0,100.0,1,0,0.0,1,0,2.89,1,27.3,0,0,2,100.0,,118.8,0.0,0,0,0,0,0,1,50.0,19,19.0,,0,0,0.0,,,0,0,,,0,0,,0,0,0.0,0,,0,0,0,,,0.0,,0,0,0,0,0,0,,0,,87.5,8,8,50.0,3.3,2.16,0,0,0.0,87.5,7,0,0.0,8,0,-0.17,1,58.3,0,0,8,37.5,,120.3,0.0,0,0,0,0,1,0,0.0,27,3.4
Braden Streeter,185330,QB,DELAWARE,2,19,20,,0,0,0.0,,,0,0,,,0,0,,0,0,0.0,0,,0,0,0,,,0.0,,0,0,0,0,0,0,,0,,,0,0,0.0,,,0,0,,,0,0,,0,0,0.0,0,,0,0,0,,,0.0,,0,0,0,0,0,0,,0,,100.0,1,1,5.3,21.0,2.3,0,1,100.0,100.0,1,0,0.0,1,0,3.63,1,88.1,0,0,1,100.0,,158.3,0.0,0,0,0,0,1,0,0.0,25,25.0,,0,0,0.0,,,0,0,,,0,0,,0,0,0.0,0,,0,0,0,,,0.0,,0,0,0,0,0,0,,0,,40.0,5,5,26.3,3.2,2.64,0,0,0.0,40.0,2,2,0.0,5,0,-1.52,0,38.3,0,1,5,20.0,0.0,8.3,0.0,0,0,0,0,0,1,20.0,9,1.8,0,50.0,4,4,21.1,30.8,2.5,0,1,25.0,25.0,1,1,50.0,4,1,0.48,1,87.1,0,0,4,25.0,0.0,92.7,0.0,0,0,0,0,1,0,0.0,25,6.3,151,,0,0,0.0,,,0,0,,,0,0,,0,0,0.0,0,,0,0,0,,,0.0,,0,0,0,0,0,0,,0,,50.0,2,2,10.5,37.5,2.55,0,0,0.0,0.0,0,1,100.0,2,1,-0.45,0,72.6,0,0,2,0.0,0.0,39.6,0.0,0,0,0,0,0,0,0.0,0,0.0,100.0,1,1,5.3,12.0,3.8,0,0,0.0,100.0,1,0,0.0,1,0,1.24,1,74.3,0,0,1,100.0,,118.8,0.0,0,0,0,0,0,0,0.0,17,17.0,100.0,4,4,21.1,4.5,2.1,0,0,0.0,100.0,4,0,0.0,4,0,0.44,1,63.2,0,0,4,75.0,,87.5,0.0,0,0,0,0,0,0,0.0,20,5.0,100.0,1,1,5.3,12.0,3.8,0,0,0.0,100.0,1,0,0.0,1,0,1.24,1,74.3,0,0,1,100.0,,118.8,0.0,0,0,0,0,0,0,0.0,17,17.0,0,,0,0,0.0,,,0,0,,,0,0,,0,0,0.0,0,,0,0,0,,,0.0,,0,0,0,0,0,0,,0,,0.0,1,1,5.3,27.0,2.6,0,0,0.0,0.0,0,0,,1,0,-0.78,0,58.4,0,0,1,0.0,,39.6,0.0,0,0,0,0,0,0,0.0,0,0.0,,0,0,0.0,,,0,0,,,0,0,,0,0,0.0,0,,0,0,0,,,0.0,,0,0,0,0,0,0,,0,,100.0,4,4,21.1,3.0,2.88,0,0,0.0,100.0,4,1,0.0,4,0,0.71,2,71.9,0,0,4,75.0,0.0,94.8,0.0,0,0,0,0,0,0,0.0,27,6.8,76.9,13,13,68.4,3.5,2.55,0,0,0.0,76.9,10,3,0.0,13,0,-0.23,3,54.9,0,1,13,53.8,0.0,52.1,0.0,0,0,0,0,0,1,7.7,56,4.3
Blaze Berlowitz,171066,QB,VANDERBILT,6,17,20,100.0,3,3,17.6,-3.0,2.23,0,0,0.0,100.0,3,1,0.0,3,0,1.48,2,63.9,0,0,3,66.7,0.0,118.8,0.0,0,0,0,0,0,0,0.0,39,13.0,100.0,3,3,17.6,-3.0,2.23,0,0,0.0,100.0,3,1,0.0,3,0,1.48,2,63.9,0,0,3,66.7,0.0,118.8,0.0,0,0,0,0,0,0,0.0,39,13.0,0.0,1,1,5.9,25.0,2.1,0,0,0.0,0.0,0,1,,1,0,-1.39,0,51.9,0,0,1,0.0,0.0,39.6,0.0,0,0,0,0,0,0,0.0,0,0.0,25.0,4,4,23.5,12.3,2.53,0,0,0.0,25.0,1,1,0.0,4,0,0.0,1,37.1,0,0,5,25.0,0.0,79.2,0.0,0,0,0,0,1,1,20.0,9,2.3,100.0,4,4,23.5,4.0,2.03,0,0,0.0,75.0,3,1,25.0,4,1,0.2,1,57.4,0,0,4,75.0,0.0,95.8,0.0,0,0,0,0,0,0,0.0,30,7.5,0,33.3,3,3,17.6,24.0,3.53,0,0,0.0,33.3,1,1,0.0,3,0,-0.24,1,45.3,0,0,3,33.3,0.0,67.4,0.0,0,0,0,0,0,0,0.0,27,9.0,333,,0,0,0.0,,,0,0,,,0,0,,0,0,0.0,0,,0,0,0,,,0.0,,0,0,0,0,0,0,,0,,50.0,2,2,11.8,23.5,4.25,0,0,0.0,50.0,1,0,0.0,2,0,0.33,1,50.1,0,0,2,50.0,,95.8,0.0,0,0,0,0,0,0,0.0,27,13.5,,0,0,0.0,,,0,0,,,0,0,,0,0,0.0,0,,0,0,0,,,0.0,,0,0,0,0,0,0,,0,,,0,0,0.0,,,0,0,,,0,0,,0,0,0.0,0,,0,0,0,,,0.0,,0,0,0,0,0,0,,0,,33.3,6,6,35.3,14.3,2.7,0,1,14.3,33.3,2,2,0.0,6,0,0.17,2,46.6,0,0,7,33.3,0.0,93.8,0.0,0,0,0,0,1,1,14.3,35,5.8,0,,0,0,0.0,,,0,0,,,0,0,,0,0,0.0,0,,0,0,0,,,0.0,,0,0,0,0,0,0,,0,,,0,0,0.0,,,0,0,,,0,0,,0,0,0.0,0,,0,0,0,,,0.0,,0,0,0,0,0,0,,0,,50.0,2,2,11.8,18.5,3.05,0,1,50.0,50.0,1,1,0.0,2,0,0.52,1,70.0,0,0,2,50.0,0.0,95.8,0.0,0,0,0,0,0,0,0.0,26,13.0,,0,0,0.0,,,0,0,,,0,0,,0,0,0.0,0,,0,0,0,,,0.0,,0,0,0,0,0,0,,0,,100.0,4,4,23.5,4.0,2.03,0,0,0.0,75.0,3,1,25.0,4,1,0.2,1,57.4,0,0,4,75.0,0.0,95.8,0.0,0,0,0,0,0,0,0.0,30,7.5
Austin Mack,171934,QB,ALABAMA,3,16,19,100.0,5,5,31.3,-1.6,1.88,0,0,0.0,100.0,5,0,0.0,5,0,0.34,3,65.4,0,0,5,80.0,,95.0,0.0,0,0,0,0,0,0,0.0,34,6.8,100.0,2,2,12.5,-2.5,1.5,0,0,0.0,100.0,2,0,0.0,2,0,1.11,2,62.7,0,0,2,100.0,,104.2,0.0,0,0,0,0,0,0,0.0,18,9.0,,0,0,0.0,,,0,0,,,0,0,,0,0,0.0,0,,0,0,0,,,0.0,,0,0,0,0,0,0,,0,,100.0,1,1,6.3,13.0,2.5,0,0,0.0,100.0,1,0,0.0,1,0,1.47,1,73.1,0,0,1,100.0,,131.3,0.0,0,0,0,0,1,0,0.0,6,6.0,100.0,2,2,12.5,6.0,1.95,0,0,0.0,100.0,2,0,0.0,2,0,2.04,2,73.0,0,0,2,100.0,,158.3,0.0,0,0,0,0,1,0,0.0,28,14.0,0,0.0,1,1,6.3,20.0,2.8,0,0,0.0,0.0,0,0,,1,0,-0.65,0,49.5,0,0,2,0.0,,39.6,0.0,0,0,0,0,0,0,0.0,0,0.0,103,100.0,2,2,12.5,-1.0,2.3,0,0,0.0,100.0,2,0,0.0,2,0,-0.67,1,62.7,0,0,2,50.0,,81.3,0.0,0,0,0,0,0,0,0.0,7,3.5,0.0,1,1,6.3,20.0,2.8,0,0,0.0,0.0,0,0,,1,0,-0.65,0,50.4,0,0,1,0.0,,39.6,0.0,0,0,0,0,0,0,0.0,0,0.0,,0,0,0.0,,,0,0,,,0,0,,0,0,0.0,0,,0,0,0,,,0.0,,0,0,0,0,0,0,,0,,66.7,3,3,18.8,5.7,3.03,0,0,0.0,66.7,2,1,0.0,3,0,0.08,1,57.1,0,0,3,33.3,0.0,86.8,0.0,0,0,0,0,0,0,0.0,21,7.0,50.0,2,2,12.5,11.5,2.95,0,0,0.0,50.0,1,0,0.0,2,0,0.34,1,59.9,0,0,2,50.0,,95.8,0.0,0,0,0,0,1,0,0.0,6,3.0,0,100.0,1,1,6.3,-1.0,1.8,0,0,0.0,100.0,1,0,0.0,1,0,0.84,0,60.4,0,0,1,100.0,,104.2,0.0,0,0,0,0,0,0,0.0,9,9.0,,0,0,0.0,,,0,0,0.0,,0,0,,0,0,0.0,0,58.1,0,0,1,,,0.0,,0,0,0,0,0,0,0.0,0,,0.0,1,1,6.3,10.0,3.4,0,0,0.0,0.0,0,0,,1,0,-0.79,0,46.8,0,0,1,0.0,,39.6,0.0,0,0,0,0,0,0,0.0,0,0.0,100.0,3,3,18.8,5.0,2.5,0,0,0.0,100.0,3,0,0.0,3,0,0.59,2,58.0,0,0,3,100.0,,116.7,0.0,0,0,0,0,0,0,0.0,36,12.0,87.5,8,8,50.0,5.5,2.56,0,0,0.0,87.5,7,1,0.0,8,0,0.76,5,64.2,0,0,8,75.0,0.0,150.5,0.0,0,0,0,0,1,0,0.0,85,10.6
Devin Kargman,156913,QB,KENT STATE,2,16,19,66.7,3,3,18.8,-3.3,1.73,0,0,0.0,66.7,2,1,0.0,3,0,-0.76,0,56.0,0,0,3,0.0,0.0,70.1,0.0,0,0,0,0,0,0,0.0,4,1.3,66.7,3,3,18.8,-3.3,1.73,0,0,0.0,66.7,2,1,0.0,3,0,-0.76,0,56.0,0,0,3,0.0,0.0,70.1,0.0,0,0,0,0,0,0,0.0,4,1.3,,0,0,0.0,,,0,0,,,0,0,,0,0,0.0,0,,0,0,0,,,0.0,,0,0,0,0,0,0,,0,,100.0,1,1,6.3,10.0,1.8,0,0,0.0,100.0,1,0,0.0,1,0,1.9,1,72.6,0,0,1,100.0,,118.8,0.0,0,0,0,0,0,0,0.0,21,21.0,75.0,4,4,25.0,7.8,1.95,0,0,0.0,50.0,2,1,33.3,4,1,-0.44,1,55.6,0,1,4,25.0,0.0,27.1,0.0,0,0,0,0,0,1,25.0,22,5.5,0,0.0,3,3,18.8,30.3,2.93,0,0,0.0,0.0,0,2,,3,0,-1.14,0,38.0,0,0,3,0.0,0.0,39.6,0.0,0,0,0,0,0,0,0.0,0,0.0,201,,0,0,0.0,,,0,0,,,0,0,,0,0,0.0,0,,0,0,0,,,0.0,,0,0,0,0,0,0,,0,,0.0,2,2,12.5,28.5,2.8,0,0,0.0,0.0,0,1,,2,0,-1.35,0,43.3,0,0,2,0.0,0.0,39.6,0.0,0,0,0,0,0,0,0.0,0,0.0,50.0,2,2,12.5,10.5,1.75,0,0,0.0,50.0,1,1,0.0,2,0,-1.13,1,69.4,0,0,2,50.0,0.0,68.8,0.0,0,0,0,0,0,0,0.0,12,6.0,,0,0,0.0,,,0,0,,,0,0,,0,0,0.0,0,,0,0,0,,,0.0,,0,0,0,0,0,0,,0,,66.7,3,3,18.8,10.3,1.77,0,0,0.0,66.7,2,1,0.0,3,0,-0.12,2,77.8,0,0,3,66.7,0.0,103.5,0.0,0,0,0,0,0,0,0.0,33,11.0,0,,0,0,0.0,,,0,0,,,0,0,,0,0,0.0,0,,0,0,0,,,0.0,,0,0,0,0,0,0,,0,,0.0,1,1,6.3,34.0,3.2,0,0,0.0,0.0,0,1,,1,0,-0.7,0,49.9,0,0,1,0.0,0.0,39.6,0.0,0,0,0,0,0,0,0.0,0,0.0,,0,0,0.0,,,0,0,,,0,0,,0,0,0.0,0,,0,0,0,,,0.0,,0,0,0,0,0,0,,0,,50.0,2,2,12.5,4.5,1.75,0,0,0.0,50.0,1,1,0.0,2,0,-0.35,0,54.3,0,0,2,50.0,0.0,62.5,0.0,0,0,0,0,0,0,0.0,9,4.5,66.7,6,6,37.5,6.7,1.88,0,0,0.0,50.0,3,2,25.0,6,1,-0.41,1,53.0,0,1,6,33.3,0.0,25.7,0.0,0,0,0,0,0,1,16.7,31,5.2
Braedyn Locke,157141,QB,ARIZONA,3,16,19,100.0,3,3,18.8,-3.7,1.83,0,0,0.0,100.0,3,1,0.0,3,0,-0.2,1,63.8,0,0,3,33.3,0.0,79.2,0.0,0,0,0,0,0,0,0.0,8,2.7,100.0,2,2,12.5,-5.0,1.55,0,0,0.0,100.0,2,0,0.0,2,0,0.16,1,62.7,0,0,2,50.0,,81.3,0.0,0,0,0,0,0,0,0.0,7,3.5,100.0,1,1,6.3,40.0,3.6,0,0,0.0,100.0,1,0,0.0,1,0,3.37,1,50.1,0,0,1,100.0,,118.8,0.0,0,0,0,0,0,0,0.0,40,40.0,33.3,3,3,18.8,11.0,2.67,0,0,0.0,0.0,0,1,100.0,3,1,-0.92,0,52.1,0,0,4,0.0,0.0,39.6,0.0,0,0,0,0,0,0,0.0,0,0.0,25.0,4,4,25.0,6.3,1.7,0,0,0.0,25.0,1,0,0.0,4,0,-2.75,0,37.8,0,1,4,25.0,,0.0,0.0,0,0,0,0,0,1,25.0,11,2.8,0,50.0,2,2,12.5,33.5,2.65,0,0,0.0,50.0,1,0,0.0,2,0,1.39,1,29.6,0,0,3,50.0,,95.8,0.0,0,0,0,0,0,1,33.3,40,20.0,109,,0,0,0.0,,,0,0,,,0,0,,0,0,0.0,0,,0,0,0,,,0.0,,0,0,0,0,0,0,,0,,0.0,1,1,6.3,27.0,1.7,0,0,0.0,0.0,0,0,,1,0,-0.59,0,37.5,0,0,1,0.0,,39.6,0.0,0,0,0,0,0,1,100.0,0,0.0,,0,0,0.0,,,0,0,,,0,0,,0,0,0.0,0,,0,0,0,,,0.0,,0,0,0,0,0,0,,0,,50.0,2,2,12.5,4.5,2.0,0,0,0.0,50.0,1,0,0.0,2,0,-1.48,1,46.0,0,0,2,50.0,,64.6,0.0,0,0,0,0,0,0,0.0,10,5.0,33.3,3,3,18.8,11.0,2.67,0,0,0.0,0.0,0,1,100.0,3,1,-0.92,0,52.1,0,0,4,0.0,0.0,39.6,0.0,0,0,0,0,0,0,0.0,0,0.0,0,100.0,1,1,6.3,-1.0,2.4,0,0,0.0,100.0,1,1,0.0,1,0,-0.91,0,60.6,0,0,1,0.0,0.0,79.2,0.0,0,0,0,0,0,0,0.0,1,1.0,,0,0,0.0,,,0,0,0.0,,0,0,,0,0,0.0,0,51.9,0,0,1,,,0.0,,0,0,0,0,0,0,0.0,0,,,0,0,0.0,,,0,0,,,0,0,,0,0,0.0,0,,0,0,0,,,0.0,,0,0,0,0,0,0,,0,,0.0,1,1,6.3,7.0,2.9,0,0,0.0,0.0,0,0,,1,0,-1.24,0,58.0,0,0,2,0.0,,39.6,0.0,0,0,0,0,0,0,0.0,0,0.0,28.6,7,7,43.8,5.9,1.96,0,0,0.0,28.6,2,0,0.0,7,0,-2.17,1,37.1,0,1,8,28.6,,0.0,0.0,0,0,0,0,0,1,12.5,21,3.0
Khristian Martin,188254,QB,MARYLAND,5,17,19,100.0,5,5,29.4,-2.6,1.32,0,0,0.0,100.0,5,0,0.0,5,0,-0.44,1,65.5,0,0,5,20.0,,79.2,0.0,0,0,0,0,0,0,0.0,7,1.4,100.0,4,4,23.5,-2.8,1.3,0,0,0.0,100.0,4,0,0.0,4,0,-0.5,1,64.8,0,0,4,25.0,,79.2,0.0,0,0,0,0,0,0,0.0,5,1.3,100.0,1,1,5.9,24.0,2.7,0,1,100.0,100.0,1,1,0.0,1,0,2.84,1,87.7,0,0,1,100.0,0.0,118.8,0.0,0,0,0,0,0,0,0.0,29,29.0,100.0,1,1,5.9,10.0,2.6,0,0,0.0,100.0,1,0,0.0,1,0,-0.58,0,56.9,0,0,2,0.0,,108.3,0.0,0,0,0,0,0,0,0.0,10,10.0,75.0,4,4,23.5,5.0,1.7,0,0,0.0,25.0,1,1,66.7,4,2,-1.69,0,55.6,0,0,4,0.0,0.0,39.6,0.0,0,0,0,0,0,0,0.0,9,2.3,0,75.0,4,4,23.5,26.3,2.38,0,2,50.0,50.0,2,3,33.3,4,1,0.3,2,94.3,0,0,4,50.0,0.0,95.8,0.0,0,0,0,0,0,0,0.0,60,15.0,215,,0,0,0.0,,,0,0,,,0,0,,0,0,0.0,0,,0,0,0,,,0.0,,0,0,0,0,0,0,,0,,0.0,1,1,5.9,21.0,2.0,0,0,0.0,0.0,0,1,,1,0,-2.74,0,60.5,0,0,1,0.0,0.0,39.6,0.0,0,0,0,0,0,0,0.0,0,0.0,,0,0,0.0,,,0,0,,,0,0,,0,0,0.0,0,,0,0,0,,,0.0,,0,0,0,0,0,0,,0,,100.0,2,2,11.8,7.5,2.3,0,0,0.0,100.0,2,0,0.0,2,0,0.24,1,72.5,0,0,2,50.0,,106.3,0.0,0,0,0,0,0,0,0.0,19,9.5,50.0,2,2,11.8,12.0,2.15,0,0,0.0,50.0,1,0,0.0,2,0,-1.19,0,54.7,0,0,3,0.0,,64.6,0.0,0,0,0,0,0,0,0.0,10,5.0,0,100.0,1,1,5.9,-2.0,1.4,0,0,0.0,100.0,1,0,0.0,1,0,-0.22,0,60.6,0,0,1,0.0,,79.2,0.0,0,0,0,0,0,0,0.0,2,2.0,100.0,2,2,11.8,30.0,2.4,0,1,50.0,50.0,1,1,50.0,2,1,0.56,1,92.5,0,0,2,50.0,0.0,95.8,0.0,0,0,0,0,0,0,0.0,31,15.5,0.0,1,1,5.9,14.0,1.7,0,0,0.0,0.0,0,0,,1,0,-1.81,0,56.6,0,0,1,0.0,,39.6,0.0,0,0,0,0,0,0,0.0,0,0.0,,0,0,0.0,,,0,0,,,0,0,,0,0,0.0,0,,0,0,0,,,0.0,,0,0,0,0,0,0,,0,,83.3,6,6,35.3,5.8,1.9,0,0,0.0,50.0,3,1,40.0,6,2,-1.05,1,63.8,0,0,6,16.7,0.0,63.2,0.0,0,0,0,0,0,0,0.0,28,4.7
Kemper Hodges,186426,QB,AIR FORCE,3,14,18,0.0,1,1,7.1,-2.0,2.8,0,0,0.0,0.0,0,0,,1,0,-0.18,0,52.8,0,0,2,0.0,,39.6,0.0,0,0,0,0,0,0,0.0,0,0.0,0.0,1,1,7.1,-2.0,2.8,0,0,0.0,0.0,0,0,,1,0,-0.18,0,52.8,0,0,2,0.0,,39.6,0.0,0,0,0,0,0,0,0.0,0,0.0,0.0,2,2,14.3,35.0,3.0,0,0,0.0,0.0,0,1,,2,0,-0.84,0,49.0,0,0,2,0.0,0.0,39.6,0.0,0,0,0,0,0,0,0.0,0,0.0,100.0,3,3,21.4,12.0,2.47,0,0,0.0,100.0,3,1,0.0,3,0,2.59,3,90.5,0,0,3,100.0,0.0,118.8,0.0,0,0,0,0,0,0,0.0,64,21.3,66.7,3,3,21.4,5.0,2.5,0,0,0.0,66.7,2,0,0.0,3,0,-0.47,0,57.0,0,0,3,66.7,,70.1,0.0,0,0,0,0,0,0,0.0,9,3.0,0,0.0,3,3,21.4,33.0,3.17,0,0,0.0,0.0,0,2,,3,0,-0.91,0,44.4,0,0,3,0.0,0.0,39.6,0.0,0,0,0,0,0,0,0.0,0,0.0,101,,0,0,0.0,,,0,0,,,0,0,,0,0,0.0,0,,0,0,0,,,0.0,,0,0,0,0,0,0,,0,,0.0,1,1,7.1,29.0,3.5,0,0,0.0,0.0,0,1,,1,0,-1.03,0,51.9,0,0,1,0.0,0.0,39.6,0.0,0,0,0,0,0,0,0.0,0,0.0,0.0,1,1,7.1,16.0,3.5,0,0,0.0,0.0,0,0,,1,0,-2.8,0,49.6,0,0,1,0.0,,39.6,0.0,0,0,0,0,0,0,0.0,0,0.0,100.0,1,1,7.1,0.0,2.4,0,0,0.0,100.0,1,1,0.0,1,0,-1.46,0,61.0,0,0,1,0.0,0.0,79.2,0.0,0,0,0,0,0,0,0.0,1,1.0,60.0,5,5,35.7,12.4,2.64,0,0,0.0,60.0,3,1,0.0,5,0,0.88,3,70.4,0,0,5,60.0,0.0,104.2,0.0,0,0,0,0,0,0,0.0,64,12.8,0,,0,0,0.0,,,0,0,,,0,0,,0,0,0.0,0,,0,0,0,,,0.0,,0,0,0,0,0,0,,0,,,0,0,0.0,,,0,0,,,0,0,,0,0,0.0,0,,0,0,0,,,0.0,,0,0,0,0,0,0,,0,,0.0,1,1,7.1,10.0,2.3,0,0,0.0,0.0,0,0,,1,0,-0.58,0,46.8,0,0,1,0.0,,39.6,0.0,0,0,0,0,0,0,0.0,0,0.0,,0,0,0.0,,,0,0,,,0,0,,0,0,0.0,0,,0,0,0,,,0.0,,0,0,0,0,0,0,,0,,75.0,4,4,28.6,3.8,2.48,0,0,0.0,75.0,3,1,0.0,4,0,-0.72,0,58.4,0,0,4,50.0,0.0,77.1,0.0,0,0,0,0,0,0,0.0,10,2.5
Quinn Henicle,190064,QB,DOMINION,4,15,18,66.7,3,3,20.0,-3.3,1.73,0,0,0.0,66.7,2,0,0.0,3,0,-1.29,0,63.8,0,0,3,0.0,,70.1,0.0,0,0,0,0,0,0,0.0,4,1.3,100.0,2,2,13.3,-3.5,1.75,0,0,0.0,100.0,2,0,0.0,2,0,-1.61,0,62.7,0,0,2,0.0,,79.2,0.0,0,0,0,0,0,0,0.0,4,2.0,,0,0,0.0,,,0,0,,,0,0,,0,0,0.0,0,,0,0,0,,,0.0,,0,0,0,0,0,0,,0,,66.7,3,3,20.0,14.3,2.73,0,0,0.0,66.7,2,0,0.0,3,0,1.47,2,77.3,0,0,3,66.7,,106.3,0.0,0,0,0,0,0,0,0.0,35,11.7,66.7,3,3,20.0,5.3,3.0,0,0,0.0,33.3,1,1,50.0,3,1,-0.34,0,72.3,0,0,3,33.3,0.0,42.4,0.0,0,0,0,0,0,0,0.0,8,2.7,0,0.0,2,2,13.3,37.0,2.8,0,0,0.0,0.0,0,2,,2,0,-0.78,0,40.7,0,0,4,0.0,0.0,39.6,0.0,0,0,0,0,0,0,0.0,0,0.0,263,,0,0,0.0,,,0,0,,,0,0,,0,0,0.0,0,,0,0,0,,,0.0,,0,0,0,0,0,0,,0,,0.0,1,1,6.7,31.0,2.7,0,0,0.0,0.0,0,1,,1,0,-0.75,0,42.8,0,0,2,0.0,0.0,39.6,0.0,0,0,0,0,0,0,0.0,0,0.0,0.0,1,1,6.7,10.0,2.4,0,0,0.0,0.0,0,0,,1,0,-1.01,0,47.3,0,0,1,0.0,,39.6,0.0,0,0,0,0,0,0,0.0,0,0.0,,0,0,0.0,,,0,0,,,0,0,,0,0,0.0,0,,0,0,0,,,0.0,,0,0,0,0,0,0,,0,,50.0,6,6,40.0,12.2,3.2,0,0,0.0,50.0,3,0,0.0,6,0,0.51,3,69.4,0,0,6,50.0,,75.0,0.0,0,0,0,0,0,0,0.0,45,7.5,0,0.0,1,1,6.7,-3.0,1.7,0,0,0.0,0.0,0,0,,1,0,-0.63,0,60.4,0,0,1,0.0,,39.6,0.0,0,0,0,0,0,0,0.0,0,0.0,0.0,1,1,6.7,43.0,2.9,0,0,0.0,0.0,0,1,,1,0,-0.8,0,50.9,0,0,2,0.0,0.0,39.6,0.0,0,0,0,0,0,0,0.0,0,0.0,50.0,2,2,13.3,10.0,4.3,0,0,0.0,50.0,1,0,0.0,2,0,-0.18,1,67.3,0,0,2,50.0,,64.6,0.0,0,0,0,0,0,0,0.0,10,5.0,,0,0,0.0,,,0,0,,,0,0,,0,0,0.0,0,,0,0,0,,,0.0,,0,0,0,0,0,0,,0,,66.7,3,3,20.0,5.3,3.0,0,0,0.0,33.3,1,1,50.0,3,1,-0.34,0,72.3,0,0,3,33.3,0.0,42.4,0.0,0,0,0,0,0,0,0.0,8,2.7
Keelon Russell,198077,QB,ALABAMA,2,15,17,100.0,3,3,20.0,-2.0,1.83,0,0,0.0,66.7,2,0,33.3,3,1,-0.37,0,64.7,0,0,4,33.3,,70.1,0.0,0,0,0,0,0,0,0.0,6,2.0,100.0,2,2,13.3,-2.5,1.85,0,0,0.0,100.0,2,0,0.0,2,0,-0.24,0,63.9,0,0,3,50.0,,79.2,0.0,0,0,0,0,0,0,0.0,6,3.0,,0,0,0.0,,,0,0,,,0,0,,0,0,0.0,0,,0,0,0,,,0.0,,0,0,0,0,0,0,,0,,100.0,1,1,6.7,11.0,2.7,0,0,0.0,100.0,1,1,0.0,1,0,2.77,1,74.3,0,0,1,100.0,0.0,118.8,0.0,0,0,0,0,0,0,0.0,13,13.0,50.0,4,4,26.7,5.0,2.45,0,0,0.0,50.0,2,0,0.0,4,0,-0.4,2,30.8,0,0,4,50.0,,71.9,0.0,0,0,0,0,0,1,25.0,27,6.8,0,100.0,1,1,6.7,20.0,3.4,0,0,0.0,100.0,1,0,0.0,1,0,1.48,1,76.2,0,0,1,100.0,,118.8,0.0,0,0,0,0,0,0,0.0,30,30.0,103,100.0,1,1,6.7,-1.0,1.8,0,0,0.0,0.0,0,0,100.0,1,1,-0.63,0,60.6,0,0,1,0.0,,39.6,0.0,0,0,0,0,0,0,0.0,0,0.0,,0,0,0.0,,,0,0,,,0,0,,0,0,0.0,0,,0,0,0,,,0.0,,0,0,0,0,0,0,,0,,100.0,2,2,13.3,14.5,2.7,0,1,50.0,100.0,2,0,0.0,2,0,2.13,2,91.5,0,0,2,100.0,,158.3,0.0,0,0,0,0,1,0,0.0,31,15.5,100.0,1,1,6.7,6.0,3.1,0,0,0.0,100.0,1,0,0.0,1,0,0.46,1,60.4,0,0,1,100.0,,108.3,0.0,0,0,0,0,0,0,0.0,10,10.0,80.0,5,5,33.3,13.6,2.72,0,1,20.0,80.0,4,2,0.0,5,0,1.99,4,90.7,0,0,5,80.0,0.0,157.9,0.0,0,0,0,0,2,0,0.0,62,12.4,0,,0,0,0.0,,,0,0,,,0,0,,0,0,0.0,0,,0,0,0,,,0.0,,0,0,0,0,0,0,,0,,100.0,1,1,6.7,20.0,3.4,0,0,0.0,100.0,1,0,0.0,1,0,1.48,1,76.2,0,0,1,100.0,,118.8,0.0,0,0,0,0,0,0,0.0,30,30.0,50.0,2,2,13.3,14.0,2.75,0,0,0.0,50.0,1,1,0.0,2,0,1.47,1,61.5,0,0,2,50.0,0.0,120.8,0.0,0,0,0,0,1,0,0.0,18,9.0,100.0,1,1,6.7,3.0,2.9,0,0,0.0,100.0,1,1,0.0,1,0,1.03,1,60.6,0,0,1,100.0,0.0,100.0,0.0,0,0,0,0,0,0,0.0,8,8.0,66.7,6,6,40.0,4.8,2.63,0,0,0.0,66.7,4,1,0.0,6,0,-0.02,4,37.0,0,0,6,66.7,0.0,88.9,0.0,0,0,0,0,0,1,16.7,45,7.5
Brayden Roggow,184145,QB,AKRON,3,17,17,100.0,4,4,23.5,-3.8,1.53,0,0,0.0,100.0,4,0,0.0,4,0,0.47,2,64.7,0,0,4,75.0,,105.2,0.0,0,0,0,0,0,0,0.0,37,9.3,100.0,4,4,23.5,-3.8,1.53,0,0,0.0,100.0,4,0,0.0,4,0,0.47,2,64.7,0,0,4,75.0,,105.2,0.0,0,0,0,0,0,0,0.0,37,9.3,0.0,1,1,5.9,23.0,2.6,0,0,0.0,0.0,0,1,,1,0,-1.85,0,51.9,0,0,1,0.0,0.0,39.6,0.0,0,0,0,0,0,0,0.0,0,0.0,,0,0,0.0,,,0,0,,,0,0,,0,0,0.0,0,,0,0,0,,,0.0,,0,0,0,0,0,0,,0,,75.0,4,4,23.5,4.5,1.63,0,0,0.0,75.0,3,0,0.0,4,0,-0.15,0,63.7,0,0,4,50.0,,82.3,0.0,0,0,0,0,0,0,0.0,17,4.3,0,0.0,2,2,11.8,26.5,2.3,0,0,0.0,0.0,0,1,,2,0,-1.81,0,44.6,0,0,2,0.0,0.0,39.6,0.0,0,0,0,0,0,0,0.0,0,0.0,102,,0,0,0.0,,,0,0,,,0,0,,0,0,0.0,0,,0,0,0,,,0.0,,0,0,0,0,0,0,,0,,,0,0,0.0,,,0,0,,,0,0,,0,0,0.0,0,,0,0,0,,,0.0,,0,0,0,0,0,0,,0,,66.7,3,3,17.6,12.0,2.27,0,0,0.0,66.7,2,0,0.0,3,0,0.6,2,69.7,0,0,3,66.7,,92.4,0.0,0,0,0,0,0,0,0.0,25,8.3,100.0,2,2,11.8,1.0,2.1,0,0,0.0,100.0,2,0,0.0,2,0,1.48,1,62.1,0,0,2,100.0,,91.7,0.0,0,0,0,0,0,0,0.0,12,6.0,66.7,3,3,17.6,12.0,2.27,0,0,0.0,66.7,2,0,0.0,3,0,0.6,2,69.7,0,0,3,66.7,,92.4,0.0,0,0,0,0,0,0,0.0,25,8.3,0,,0,0,0.0,,,0,0,,,0,0,,0,0,0.0,0,,0,0,0,,,0.0,,0,0,0,0,0,0,,0,,0.0,1,1,5.9,30.0,2.0,0,0,0.0,0.0,0,0,,1,0,-1.77,0,51.3,0,0,1,0.0,,39.6,0.0,0,0,0,0,0,0,0.0,0,0.0,,0,0,0.0,,,0,0,,,0,0,,0,0,0.0,0,,0,0,0,,,0.0,,0,0,0,0,0,0,,0,,,0,0,0.0,,,0,0,,,0,0,,0,0,0.0,0,,0,0,0,,,0.0,,0,0,0,0,0,0,,0,,83.3,6,6,35.3,3.3,1.78,0,0,0.0,83.3,5,0,0.0,6,0,0.39,1,64.5,0,0,6,66.7,,86.8,0.0,0,0,0,0,0,0,0.0,29,4.8
Noah Walters,164315,QB,OKLA STATE,2,14,17,66.7,3,3,21.4,-5.0,1.6,0,0,0.0,66.7,2,0,0.0,3,0,0.42,1,25.5,0,0,3,66.7,,78.5,0.0,0,0,0,0,0,1,33.3,15,5.0,66.7,3,3,21.4,-5.0,1.6,0,0,0.0,66.7,2,0,0.0,3,0,0.42,1,25.5,0,0,3,66.7,,78.5,0.0,0,0,0,0,0,1,33.3,15,5.0,0.0,1,1,7.1,20.0,2.5,0,0,0.0,0.0,0,0,,1,0,-0.6,0,58.4,0,0,1,0.0,,39.6,0.0,0,0,0,0,0,0,0.0,0,0.0,,0,0,0.0,,,0,0,,,0,0,,0,0,0.0,0,,0,0,0,,,0.0,,0,0,0,0,0,0,,0,,75.0,4,4,28.6,4.0,1.98,0,0,0.0,75.0,3,0,0.0,4,0,1.21,2,66.9,0,0,4,50.0,,150.0,0.0,0,0,0,0,1,0,0.0,44,11.0,0,0.0,4,4,28.6,26.0,2.55,0,0,0.0,0.0,0,0,,4,0,-0.73,0,55.6,0,0,5,0.0,,39.6,0.0,0,0,0,0,0,0,0.0,0,0.0,262,,0,0,0.0,,,0,0,,,0,0,,0,0,0.0,0,,0,0,0,,,0.0,,0,0,0,0,0,0,,0,,0.0,2,2,14.3,25.0,2.45,0,0,0.0,0.0,0,0,,2,0,-0.72,0,57.1,0,0,3,0.0,,39.6,0.0,0,0,0,0,0,0,0.0,0,0.0,100.0,1,1,7.1,11.0,3.5,0,0,0.0,100.0,1,0,0.0,1,0,2.08,1,74.3,0,0,1,100.0,,118.8,0.0,0,0,0,0,0,0,0.0,13,13.0,,0,0,0.0,,,0,0,,,0,0,,0,0,0.0,0,,0,0,0,,,0.0,,0,0,0,0,0,0,,0,,50.0,2,2,14.3,11.0,2.8,0,0,0.0,50.0,1,0,0.0,2,0,0.45,1,62.6,0,0,2,50.0,,70.8,0.0,0,0,0,0,0,0,0.0,13,6.5,0,,0,0,0.0,,,0,0,,,0,0,,0,0,0.0,0,,0,0,0,,,0.0,,0,0,0,0,0,0,,0,,0.0,1,1,7.1,34.0,2.8,0,0,0.0,0.0,0,0,,1,0,-0.9,0,58.0,0,0,1,0.0,,39.6,0.0,0,0,0,0,0,0,0.0,0,0.0,0.0,1,1,7.1,11.0,2.1,0,0,0.0,0.0,0,0,,1,0,-1.18,0,48.5,0,0,1,0.0,,39.6,0.0,0,0,0,0,0,0,0.0,0,0.0,100.0,1,1,7.1,5.0,2.5,0,0,0.0,0.0,0,0,100.0,1,1,-2.18,0,71.8,0,0,1,0.0,,39.6,0.0,0,0,0,0,0,0,0.0,0,0.0,80.0,5,5,35.7,4.2,2.08,0,0,0.0,60.0,3,0,25.0,5,1,0.54,2,73.4,0,0,5,40.0,,128.3,0.0,0,0,0,0,1,0,0.0,44,8.8
Jared Hollins,184343,QB,S ALABAMA,4,16,17,100.0,6,6,37.5,-3.0,2.17,0,0,0.0,100.0,6,2,0.0,6,0,-0.24,2,66.5,0,0,7,50.0,0.0,89.6,0.0,0,0,0,0,0,0,0.0,33,5.5,100.0,3,3,18.8,-3.3,1.77,0,0,0.0,100.0,3,0,0.0,3,0,0.04,1,63.9,0,0,3,66.7,,94.4,0.0,0,0,0,0,0,0,0.0,20,6.7,,0,0,0.0,,,0,0,,,0,0,,0,0,0.0,0,,0,0,0,,,0.0,,0,0,0,0,0,0,,0,,,0,0,0.0,,,0,0,,,0,0,,0,0,0.0,0,,0,0,0,,,0.0,,0,0,0,0,0,0,,0,,66.7,3,3,18.8,3.0,2.53,0,0,0.0,66.7,2,1,0.0,3,0,-0.27,0,62.8,0,0,3,33.3,0.0,70.1,0.0,0,0,0,0,0,0,0.0,9,3.0,0,100.0,1,1,6.3,38.0,3.2,0,2,100.0,100.0,1,0,0.0,1,0,4.0,1,94.6,0,0,2,100.0,,158.3,0.0,0,0,0,0,1,0,0.0,35,35.0,288,100.0,1,1,6.3,-3.0,1.1,0,0,0.0,100.0,1,0,0.0,1,0,0.83,1,60.4,0,0,1,100.0,,118.8,0.0,0,0,0,0,0,0,0.0,15,15.0,100.0,1,1,6.3,38.0,3.2,0,1,100.0,100.0,1,0,0.0,1,0,4.0,1,87.3,0,0,1,100.0,,158.3,0.0,0,0,0,0,1,0,0.0,35,35.0,,0,0,0.0,,,0,0,,,0,0,,0,0,0.0,0,,0,0,0,,,0.0,,0,0,0,0,0,0,,0,,100.0,1,1,6.3,0.0,2.8,0,0,0.0,100.0,1,0,0.0,1,0,1.59,1,52.4,0,0,3,100.0,,118.8,0.0,0,0,0,0,0,0,0.0,15,15.0,0.0,1,1,6.3,13.0,3.5,0,0,0.0,0.0,0,1,,1,0,-0.81,0,55.3,0,0,1,0.0,0.0,39.6,0.0,0,0,0,0,0,0,0.0,0,0.0,0,100.0,2,2,12.5,-2.5,3.3,0,0,0.0,100.0,2,2,0.0,2,0,-1.19,0,63.9,0,0,3,0.0,0.0,79.2,0.0,0,0,0,0,0,0,0.0,-2,-1.0,,0,0,0.0,,,0,1,100.0,,0,0,,0,0,0.0,0,87.3,0,0,1,,,0.0,,0,0,0,0,0,0,0.0,0,,0.0,1,1,6.3,13.0,3.5,0,0,0.0,0.0,0,1,,1,0,-0.81,0,55.3,0,0,1,0.0,0.0,39.6,0.0,0,0,0,0,0,0,0.0,0,0.0,66.7,3,3,18.8,4.7,2.23,0,0,0.0,66.7,2,0,0.0,3,0,0.28,1,51.9,0,0,3,66.7,,70.1,0.0,0,0,0,0,0,0,0.0,9,3.0,71.4,7,7,43.8,3.3,2.44,0,0,0.0,71.4,5,1,0.0,7,0,0.23,2,52.3,0,0,9,57.1,0.0,81.3,0.0,0,0,0,0,0,0,0.0,33,4.7
Ui Ale,173036,QB,TROY,1,11,16,100.0,2,2,18.2,-2.0,1.25,0,0,0.0,50.0,1,0,50.0,2,1,-1.88,0,62.7,0,0,2,0.0,,62.5,0.0,0,0,0,0,0,0,0.0,9,4.5,100.0,2,2,18.2,-2.0,1.25,0,0,0.0,50.0,1,0,50.0,2,1,-1.88,0,62.7,0,0,2,0.0,,62.5,0.0,0,0,0,0,0,0,0.0,9,4.5,,0,0,0.0,,,0,0,,,0,0,,0,0,0.0,0,,0,0,0,,,0.0,,0,0,0,0,0,0,,0,,50.0,2,2,18.2,11.5,2.2,0,0,0.0,50.0,1,0,0.0,2,0,0.12,1,67.3,0,0,2,50.0,,72.9,0.0,0,0,0,0,0,0,0.0,14,7.0,100.0,1,1,9.1,6.0,2.0,0,0,0.0,100.0,1,0,0.0,1,0,3.06,1,65.0,0,0,2,100.0,,118.8,0.0,0,0,0,0,0,0,0.0,14,14.0,0,50.0,2,2,18.2,29.0,2.8,0,0,0.0,0.0,0,0,100.0,2,1,-0.54,0,57.1,0,0,2,0.0,,39.6,0.0,0,0,0,0,0,0,0.0,0,0.0,318,,0,0,0.0,,,0,0,,,0,0,,0,0,0.0,0,,0,0,0,,,0.0,,0,0,0,0,0,0,,0,,50.0,2,2,18.2,29.0,2.8,0,0,0.0,0.0,0,0,100.0,2,1,-0.54,0,57.1,0,0,2,0.0,,39.6,0.0,0,0,0,0,0,0,0.0,0,0.0,0.0,1,1,9.1,16.0,2.5,0,0,0.0,0.0,0,0,,1,0,-0.28,0,46.8,0,0,1,0.0,,39.6,0.0,0,0,0,0,0,0,0.0,0,0.0,,0,0,0.0,,,0,0,,,0,0,,0,0,0.0,0,,0,0,0,,,0.0,,0,0,0,0,0,0,,0,,50.0,4,4,36.4,12.5,2.2,0,0,0.0,50.0,2,0,0.0,4,0,0.21,1,55.5,0,0,4,50.0,,69.8,0.0,0,0,0,0,0,0,0.0,25,6.3,0,,0,0,0.0,,,0,0,,,0,0,,0,0,0.0,0,,0,0,0,,,0.0,,0,0,0,0,0,0,,0,,,0,0,0.0,,,0,0,,,0,0,,0,0,0.0,0,,0,0,0,,,0.0,,0,0,0,0,0,0,,0,,100.0,1,1,9.1,11.0,1.9,0,0,0.0,100.0,1,0,0.0,1,0,0.89,0,58.6,0,0,1,100.0,,112.5,0.0,0,0,0,0,0,0,0.0,11,11.0,100.0,1,1,9.1,5.0,1.6,0,0,0.0,100.0,1,0,0.0,1,0,0.59,1,71.8,0,0,1,100.0,,91.7,0.0,0,0,0,0,0,0,0.0,6,6.0,100.0,2,2,18.2,5.5,1.8,0,0,0.0,100.0,2,0,0.0,2,0,1.82,2,73.4,0,0,3,100.0,,108.3,0.0,0,0,0,0,0,0,0.0,20,10.0
Lincoln Kienholz,170256,QB,OHIO STATE,4,14,16,0.0,1,1,7.1,-1.0,1.8,0,0,0.0,0.0,0,0,,1,0,-0.75,0,57.7,0,0,1,0.0,,39.6,0.0,0,0,0,0,0,0,0.0,0,0.0,0.0,1,1,7.1,-1.0,1.8,0,0,0.0,0.0,0,0,,1,0,-0.75,0,57.7,0,0,1,0.0,,39.6,0.0,0,0,0,0,0,0,0.0,0,0.0,,0,0,0.0,,,0,0,,,0,0,,0,0,0.0,0,,0,0,0,,,0.0,,0,0,0,0,0,0,,0,,66.7,3,3,21.4,14.0,2.93,0,0,0.0,66.7,2,1,0.0,3,0,0.91,2,72.3,0,0,3,66.7,0.0,131.9,0.0,0,0,0,0,1,0,0.0,25,8.3,100.0,7,7,50.0,4.7,2.49,0,0,0.0,100.0,7,1,0.0,7,0,0.77,6,77.8,0,0,7,85.7,0.0,111.9,0.0,0,0,0,0,0,0,0.0,76,10.9,0,,0,0,0.0,,,0,0,,,0,0,,0,0,0.0,0,,0,0,0,,,0.0,,0,0,0,0,0,0,,0,,260,,0,0,0.0,,,0,0,,,0,0,,0,0,0.0,0,,0,0,0,,,0.0,,0,0,0,0,0,0,,0,,,0,0,0.0,,,0,0,,,0,0,,0,0,0.0,0,,0,0,0,,,0.0,,0,0,0,0,0,0,,0,,100.0,1,1,7.1,15.0,3.0,0,0,0.0,100.0,1,1,0.0,1,0,2.05,1,87.3,0,0,2,100.0,0.0,118.8,0.0,0,0,0,0,0,0,0.0,15,15.0,100.0,1,1,7.1,4.0,3.2,0,0,0.0,100.0,1,0,0.0,1,0,1.34,1,56.1,0,0,1,100.0,,118.8,0.0,0,0,0,0,0,0,0.0,23,23.0,75.0,4,4,28.6,14.3,2.95,0,0,0.0,75.0,3,2,0.0,4,0,1.2,3,87.1,0,0,5,75.0,0.0,145.8,0.0,0,0,0,0,1,0,0.0,40,10.0,0,,0,0,0.0,,,0,0,,,0,0,,0,0,0.0,0,,0,0,0,,,0.0,,0,0,0,0,0,0,,0,,,0,0,0.0,,,0,0,,,0,0,,0,0,0.0,0,,0,0,0,,,0.0,,0,0,0,0,0,0,,0,,,0,0,0.0,,,0,0,,,0,0,,0,0,0.0,0,,0,0,0,,,0.0,,0,0,0,0,0,0,,0,,,0,0,0.0,,,0,0,,,0,0,,0,0,0.0,0,,0,0,0,,,0.0,,0,0,0,0,0,0,,0,,100.0,8,8,57.1,4.6,2.58,0,0,0.0,100.0,8,1,0.0,8,0,0.84,7,74.0,0,0,8,87.5,0.0,118.2,0.0,0,0,0,0,0,0,0.0,99,12.4
Robert McDaniel,199153,QB,S JOSE ST,3,11,16,100.0,2,2,18.2,-4.5,1.95,0,0,0.0,100.0,2,1,0.0,2,0,-0.11,0,62.7,0,0,2,50.0,0.0,81.3,0.0,0,0,0,0,0,0,0.0,7,3.5,100.0,2,2,18.2,-4.5,1.95,0,0,0.0,100.0,2,1,0.0,2,0,-0.11,0,62.7,0,0,2,50.0,0.0,81.3,0.0,0,0,0,0,0,0,0.0,7,3.5,,0,0,0.0,,,0,0,,,0,0,,0,0,0.0,0,,0,0,0,,,0.0,,0,0,0,0,0,0,,0,,0.0,2,2,18.2,15.0,3.45,0,0,0.0,0.0,0,0,,2,0,-2.14,0,45.7,0,0,2,0.0,,39.6,0.0,0,0,0,0,0,0,0.0,0,0.0,50.0,2,2,18.2,4.0,2.9,0,0,0.0,50.0,1,0,0.0,2,0,-0.11,1,62.6,0,0,2,50.0,,68.8,0.0,0,0,0,0,0,0,0.0,12,6.0,0,0.0,1,1,9.1,25.0,2.2,0,0,0.0,0.0,0,0,,1,0,-2.41,0,37.9,0,1,1,0.0,,0.0,0.0,0,0,0,0,0,1,100.0,0,0.0,285,,0,0,0.0,,,0,0,,,0,0,,0,0,0.0,0,,0,0,0,,,0.0,,0,0,0,0,0,0,,0,,,0,0,0.0,,,0,0,,,0,0,,0,0,0.0,0,,0,0,0,,,0.0,,0,0,0,0,0,0,,0,,,0,0,0.0,,,0,0,0.0,,0,0,,0,0,0.0,0,50.7,0,0,1,,,0.0,,0,0,0,0,0,0,0.0,0,,0.0,2,2,18.2,6.0,2.05,0,0,0.0,0.0,0,0,,2,0,-0.65,0,54.3,0,0,2,0.0,,39.6,0.0,0,0,0,0,0,0,0.0,0,0.0,0.0,2,2,18.2,15.0,3.45,0,0,0.0,0.0,0,0,,2,0,-2.14,0,40.7,0,0,3,0.0,,39.6,0.0,0,0,0,0,0,0,0.0,0,0.0,0,,0,0,0.0,,,0,0,,,0,0,,0,0,0.0,0,,0,0,0,,,0.0,,0,0,0,0,0,0,,0,,0.0,1,1,9.1,25.0,2.2,0,0,0.0,0.0,0,0,,1,0,-2.41,0,37.9,0,1,1,0.0,,0.0,0.0,0,0,0,0,0,1,100.0,0,0.0,,0,0,0.0,,,0,0,,,0,0,,0,0,0.0,0,,0,0,0,,,0.0,,0,0,0,0,0,0,,0,,0.0,1,1,9.1,9.0,2.0,0,0,0.0,0.0,0,1,,1,0,-0.58,0,60.4,0,0,1,0.0,0.0,39.6,0.0,0,0,0,0,0,0,0.0,0,0.0,20.0,5,5,45.5,5.8,2.38,0,0,0.0,20.0,1,1,0.0,5,0,-0.42,1,58.0,0,0,5,20.0,0.0,39.6,0.0,0,0,0,0,0,0,0.0,12,2.4
James Laubstein,190465,QB,NEW MEXICO,4,14,16,100.0,3,3,21.4,-1.7,1.7,0,0,0.0,66.7,2,0,33.3,3,1,-0.42,0,63.9,0,0,3,0.0,,70.1,0.0,0,0,0,0,0,0,0.0,3,1.0,100.0,1,1,7.1,-1.0,2.1,0,0,0.0,100.0,1,0,0.0,1,0,-0.37,0,61.0,0,0,1,0.0,,79.2,0.0,0,0,0,0,0,0,0.0,0,0.0,100.0,1,1,7.1,23.0,2.7,0,0,0.0,100.0,1,0,0.0,1,0,2.49,1,78.3,0,0,1,100.0,,118.8,0.0,0,0,0,0,0,0,0.0,26,26.0,,0,0,0.0,,,0,0,,,0,0,,0,0,0.0,0,,0,0,0,,,0.0,,0,0,0,0,0,0,,0,,100.0,2,2,14.3,5.0,3.0,0,0,0.0,50.0,1,0,50.0,2,1,0.91,1,72.9,0,0,2,50.0,,108.3,0.0,0,0,0,0,1,0,0.0,12,6.0,0,50.0,2,2,14.3,25.5,2.9,0,0,0.0,50.0,1,0,0.0,2,0,0.9,1,68.3,0,0,2,50.0,,95.8,0.0,0,0,0,0,0,0,0.0,26,13.0,241,100.0,1,1,7.1,-3.0,1.2,0,0,0.0,100.0,1,0,0.0,1,0,-0.28,0,60.4,0,0,1,0.0,,79.2,0.0,0,0,0,0,0,0,0.0,3,3.0,0.0,1,1,7.1,28.0,3.1,0,0,0.0,0.0,0,0,,1,0,-0.69,0,50.8,0,0,1,0.0,,39.6,0.0,0,0,0,0,0,0,0.0,0,0.0,0.0,1,1,7.1,13.0,6.2,0,0,0.0,0.0,0,1,,1,0,-0.45,0,54.8,0,0,1,0.0,0.0,39.6,0.0,0,0,0,0,0,0,0.0,0,0.0,100.0,5,5,35.7,4.4,2.1,0,0,0.0,100.0,5,1,0.0,5,0,1.11,3,71.7,0,0,5,100.0,0.0,147.1,0.0,0,0,0,0,1,0,0.0,49,9.8,0.0,1,1,7.1,13.0,6.2,0,0,0.0,0.0,0,1,,1,0,-0.45,0,54.8,0,0,1,0.0,0.0,39.6,0.0,0,0,0,0,0,0,0.0,0,0.0,0,100.0,1,1,7.1,-1.0,1.8,0,0,0.0,0.0,0,0,100.0,1,1,-0.63,0,60.6,0,0,1,0.0,,39.6,0.0,0,0,0,0,0,0,0.0,0,0.0,,0,0,0.0,,,0,0,,,0,0,,0,0,0.0,0,,0,0,0,,,0.0,,0,0,0,0,0,0,,0,,,0,0,0.0,,,0,0,,,0,0,,0,0,0.0,0,,0,0,0,,,0.0,,0,0,0,0,0,0,,0,,100.0,1,1,7.1,5.0,5.5,0,0,0.0,100.0,1,1,0.0,1,0,0.14,0,60.4,0,0,1,100.0,0.0,91.7,0.0,0,0,0,0,0,0,0.0,6,6.0,100.0,8,8,57.1,4.6,2.75,0,0,0.0,87.5,7,2,12.5,8,1,0.94,4,77.2,0,0,8,87.5,0.0,141.1,0.0,0,0,0,0,2,0,0.0,67,8.4
Billy Edwards Jr.,144185,QB,WISCONSIN,2,16,16,100.0,1,1,6.3,-4.0,2.6,0,0,0.0,100.0,1,0,0.0,1,0,-0.01,0,60.4,0,0,1,0.0,,87.5,0.0,0,0,0,0,0,0,0.0,5,5.0,,0,0,0.0,,,0,0,,,0,0,,0,0,0.0,0,,0,0,0,,,0.0,,0,0,0,0,0,0,,0,,0.0,1,1,6.3,49.0,3.3,0,0,0.0,0.0,0,1,,1,0,-0.74,0,49.9,0,0,1,0.0,0.0,39.6,0.0,0,0,0,0,0,0,0.0,0,0.0,50.0,2,2,12.5,10.5,2.2,0,0,0.0,50.0,1,2,0.0,2,0,0.77,1,67.8,0,0,2,50.0,0.0,79.2,0.0,0,0,0,0,0,0,0.0,17,8.5,66.7,3,3,18.8,4.0,2.07,0,0,0.0,66.7,2,0,0.0,3,0,0.92,2,49.5,0,0,3,66.7,,109.7,0.0,0,0,0,0,0,0,0.0,56,18.7,0,0.0,3,3,18.8,42.3,3.17,0,0,0.0,0.0,0,2,,3,0,-0.99,0,43.8,0,0,3,0.0,0.0,39.6,0.0,0,0,0,0,0,0,0.0,0,0.0,349,100.0,1,1,6.3,-4.0,2.6,0,0,0.0,100.0,1,0,0.0,1,0,-0.01,0,60.4,0,0,1,0.0,,87.5,0.0,0,0,0,0,0,0,0.0,5,5.0,0.0,1,1,6.3,44.0,4.0,0,0,0.0,0.0,0,1,,1,0,-0.76,0,49.9,0,0,1,0.0,0.0,39.6,0.0,0,0,0,0,0,0,0.0,0,0.0,0.0,1,1,6.3,18.0,2.9,0,0,0.0,0.0,0,0,,1,0,-0.77,0,54.8,0,0,1,0.0,,39.6,0.0,0,0,0,0,0,0,0.0,0,0.0,100.0,1,1,6.3,1.0,1.4,0,0,0.0,100.0,1,0,0.0,1,0,1.71,1,49.4,0,0,2,100.0,,118.8,0.0,0,0,0,0,0,0,0.0,13,13.0,50.0,4,4,25.0,12.5,2.33,0,0,0.0,50.0,2,2,0.0,4,0,0.36,2,70.7,0,0,4,50.0,0.0,72.9,0.0,0,0,0,0,0,0,0.0,28,7.0,0,,0,0,0.0,,,0,0,,,0,0,,0,0,0.0,0,,0,0,0,,,0.0,,0,0,0,0,0,0,,0,,0.0,1,1,6.3,34.0,2.2,0,0,0.0,0.0,0,0,,1,0,-1.48,0,59.3,0,0,1,0.0,,39.6,0.0,0,0,0,0,0,0,0.0,0,0.0,100.0,1,1,6.3,11.0,2.0,0,0,0.0,100.0,1,0,0.0,1,0,0.67,1,72.6,0,0,1,100.0,,112.5,0.0,0,0,0,0,0,0,0.0,11,11.0,100.0,1,1,6.3,6.0,1.6,0,0,0.0,100.0,1,0,0.0,1,0,1.31,1,60.9,0,0,1,100.0,,112.5,0.0,0,0,0,0,0,0,0.0,11,11.0,80.0,5,5,31.3,3.8,1.84,0,0,0.0,80.0,4,0,0.0,5,0,1.16,4,46.3,0,0,6,80.0,,118.8,0.0,0,0,0,0,0,0,0.0,80,16.0
Matthew Sluka,143059,QB,JAMES MAD,4,11,15,100.0,3,3,27.3,-4.0,1.4,0,0,0.0,100.0,3,0,0.0,3,0,-0.41,0,63.9,0,0,3,33.3,,79.2,0.0,0,0,0,0,0,0,0.0,6,2.0,100.0,2,2,18.2,-4.5,1.4,0,0,0.0,100.0,2,0,0.0,2,0,-0.58,0,62.6,0,0,2,50.0,,79.2,0.0,0,0,0,0,0,0,0.0,3,1.5,100.0,2,2,18.2,29.5,3.25,0,1,50.0,100.0,2,0,0.0,2,0,4.19,2,92.8,0,0,2,100.0,,158.3,0.0,0,0,0,0,1,0,0.0,58,29.0,,0,0,0.0,,,0,0,,,0,0,,0,0,0.0,0,,0,0,0,,,0.0,,0,0,0,0,0,0,,0,,0.0,1,1,9.1,1.0,1.2,0,0,0.0,0.0,0,0,,1,0,-0.27,0,55.6,0,0,1,0.0,,39.6,0.0,0,0,0,0,0,0,0.0,0,0.0,0,60.0,5,5,45.5,27.0,2.54,0,1,16.7,60.0,3,0,0.0,5,0,1.21,3,56.0,0,2,6,60.0,,104.2,0.0,0,0,0,0,2,2,33.3,76,15.2,197,,0,0,0.0,,,0,0,,,0,0,,0,0,0.0,0,,0,0,0,,,0.0,,0,0,0,0,0,0,,0,,0.0,1,1,9.1,25.0,2.0,0,0,0.0,0.0,0,0,,1,0,-3.58,0,37.5,0,1,1,0.0,,0.0,0.0,0,0,0,0,0,1,100.0,0,0.0,,0,0,0.0,,,0,0,,,0,0,,0,0,0.0,0,,0,0,0,,,0.0,,0,0,0,0,0,0,,0,,,0,0,0.0,,,0,0,,,0,0,,0,0,0.0,0,,0,0,0,,,0.0,,0,0,0,0,0,0,,0,,100.0,1,1,9.1,18.0,2.0,0,1,100.0,100.0,1,0,0.0,1,0,2.73,1,84.6,0,0,1,100.0,,158.3,0.0,0,0,0,0,1,0,0.0,14,14.0,0,100.0,1,1,9.1,-3.0,1.4,0,0,0.0,100.0,1,0,0.0,1,0,-0.09,0,60.6,0,0,1,0.0,,79.2,0.0,0,0,0,0,0,0,0.0,3,3.0,50.0,2,2,18.2,25.5,2.1,0,0,0.0,50.0,1,0,0.0,2,0,0.63,1,36.8,0,1,3,50.0,,81.3,0.0,0,0,0,0,1,1,33.3,18,9.0,100.0,1,1,9.1,18.0,2.0,0,1,100.0,100.0,1,0,0.0,1,0,2.73,1,84.6,0,0,1,100.0,,158.3,0.0,0,0,0,0,1,0,0.0,14,14.0,100.0,1,1,9.1,4.0,1.7,0,0,0.0,100.0,1,0,0.0,1,0,-1.66,0,61.0,0,0,1,0.0,,83.3,0.0,0,0,0,0,0,0,0.0,4,4.0,50.0,2,2,18.2,2.5,1.45,0,0,0.0,50.0,1,0,0.0,2,0,-0.96,0,57.0,0,0,2,0.0,,56.3,0.0,0,0,0,0,0,0,0.0,4,2.0
Nick Evers,158082,QB,UCONN,2,15,15,100.0,5,5,33.3,-3.2,1.36,0,0,0.0,100.0,5,0,0.0,5,0,0.51,2,65.4,0,0,5,40.0,,141.3,0.0,0,0,0,0,1,0,0.0,42,8.4,100.0,5,5,33.3,-3.2,1.36,0,0,0.0,100.0,5,0,0.0,5,0,0.51,2,65.4,0,0,5,40.0,,141.3,0.0,0,0,0,0,1,0,0.0,42,8.4,,0,0,0.0,,,0,0,,,0,0,,0,0,0.0,0,,0,0,0,,,0.0,,0,0,0,0,0,0,,0,,100.0,2,2,13.3,14.0,3.2,0,0,0.0,50.0,1,0,50.0,2,1,0.12,1,83.1,0,0,2,50.0,,83.3,0.0,0,0,0,0,0,0,0.0,19,9.5,66.7,3,3,20.0,5.7,2.1,0,0,0.0,66.7,2,0,0.0,3,0,0.4,1,57.4,0,0,3,66.7,,91.0,0.0,0,0,0,0,0,0,0.0,24,8.0,0,0.0,2,2,13.3,27.5,2.95,0,0,0.0,0.0,0,1,,2,0,-0.71,0,42.1,0,0,2,0.0,0.0,39.6,0.0,0,0,0,0,0,0,0.0,0,0.0,146,,0,0,0.0,,,0,0,,,0,0,,0,0,0.0,0,,0,0,0,,,0.0,,0,0,0,0,0,0,,0,,0.0,1,1,6.7,23.0,3.0,0,0,0.0,0.0,0,0,,1,0,-0.58,0,50.4,0,0,1,0.0,,39.6,0.0,0,0,0,0,0,0,0.0,0,0.0,0.0,1,1,6.7,15.0,3.5,0,0,0.0,0.0,0,0,,1,0,-0.68,0,47.3,0,0,1,0.0,,39.6,0.0,0,0,0,0,0,0,0.0,0,0.0,,0,0,0.0,,,0,0,,,0,0,,0,0,0.0,0,,0,0,0,,,0.0,,0,0,0,0,0,0,,0,,66.7,3,3,20.0,14.3,3.3,0,0,0.0,33.3,1,0,50.0,3,1,-0.14,1,69.7,0,0,3,33.3,,56.3,0.0,0,0,0,0,0,0,0.0,19,6.3,0,,0,0,0.0,,,0,0,,,0,0,,0,0,0.0,0,,0,0,0,,,0.0,,0,0,0,0,0,0,,0,,0.0,1,1,6.7,32.0,2.9,0,0,0.0,0.0,0,1,,1,0,-0.85,0,50.1,0,0,1,0.0,0.0,39.6,0.0,0,0,0,0,0,0,0.0,0,0.0,,0,0,0.0,,,0,0,,,0,0,,0,0,0.0,0,,0,0,0,,,0.0,,0,0,0,0,0,0,,0,,100.0,2,2,13.3,7.0,2.2,0,0,0.0,100.0,2,0,0.0,2,0,1.17,1,71.5,0,0,2,100.0,,108.3,0.0,0,0,0,0,0,0,0.0,20,10.0,80.0,5,5,33.3,6.2,2.14,0,0,0.0,80.0,4,0,0.0,5,0,0.7,2,65.9,0,0,5,80.0,,103.3,0.0,0,0,0,0,0,0,0.0,44,8.8
Kai Horton,144418,QB,WASHINGTON,3,10,15,100.0,1,1,10.0,-4.0,1.2,0,0,0.0,100.0,1,0,0.0,1,0,-0.66,0,61.0,0,0,1,0.0,,79.2,0.0,0,0,0,0,0,0,0.0,1,1.0,100.0,1,1,10.0,-4.0,1.2,0,0,0.0,100.0,1,0,0.0,1,0,-0.66,0,61.0,0,0,1,0.0,,79.2,0.0,0,0,0,0,0,0,0.0,1,1.0,50.0,2,2,20.0,33.5,2.8,0,0,0.0,50.0,1,0,0.0,2,0,0.2,1,53.9,0,0,2,50.0,,95.8,0.0,0,0,0,0,0,1,50.0,25,12.5,100.0,2,2,20.0,12.5,2.95,0,0,0.0,100.0,2,0,0.0,2,0,1.5,2,83.6,0,0,2,100.0,,118.8,0.0,0,0,0,0,0,0,0.0,36,18.0,50.0,2,2,20.0,4.0,2.1,0,0,0.0,50.0,1,1,0.0,2,0,0.3,1,54.2,0,0,2,50.0,0.0,72.9,0.0,0,0,0,0,0,0,0.0,14,7.0,0,33.3,3,3,30.0,34.7,2.93,0,0,0.0,33.3,1,0,0.0,3,0,-0.09,1,47.0,0,0,3,33.3,,64.6,0.0,0,0,0,0,0,1,33.3,25,8.3,340,,0,0,0.0,,,0,0,,,0,0,,0,0,0.0,0,,0,0,0,,,0.0,,0,0,0,0,0,0,,0,,,0,0,0.0,,,0,0,,,0,0,,0,0,0.0,0,,0,0,0,,,0.0,,0,0,0,0,0,0,,0,,,0,0,0.0,,,0,0,,,0,0,,0,0,0.0,0,,0,0,0,,,0.0,,0,0,0,0,0,0,,0,,,0,0,0.0,,,0,0,,,0,0,,0,0,0.0,0,,0,0,0,,,0.0,,0,0,0,0,0,0,,0,,100.0,3,3,30.0,12.3,2.93,0,0,0.0,100.0,3,0,0.0,3,0,1.23,3,89.8,0,0,3,100.0,,118.8,0.0,0,0,0,0,0,0,0.0,48,16.0,0,,0,0,0.0,,,0,0,,,0,0,,0,0,0.0,0,,0,0,0,,,0.0,,0,0,0,0,0,0,,0,,0.0,1,1,10.0,37.0,3.2,0,0,0.0,0.0,0,0,,1,0,-0.66,0,49.9,0,0,1,0.0,,39.6,0.0,0,0,0,0,0,0,0.0,0,0.0,100.0,1,1,10.0,12.0,2.9,0,0,0.0,100.0,1,0,0.0,1,0,0.7,1,72.6,0,0,1,100.0,,116.7,0.0,0,0,0,0,0,0,0.0,12,12.0,100.0,1,1,10.0,2.0,3.6,0,0,0.0,0.0,0,1,100.0,1,1,-1.87,0,54.4,0,0,1,0.0,0.0,39.6,0.0,0,0,0,0,0,0,0.0,0,0.0,66.7,3,3,30.0,3.3,2.6,0,0,0.0,33.3,1,2,50.0,3,1,-0.42,1,48.0,0,0,3,33.3,0.0,49.3,0.0,0,0,0,0,0,0,0.0,14,4.7
Cutter Woods,199951,QB,S CAROLINA,2,11,13,100.0,1,1,9.1,-6.0,2.5,0,0,0.0,100.0,1,0,0.0,1,0,-1.8,0,61.0,0,0,1,0.0,,79.2,0.0,0,0,0,0,0,0,0.0,-1,-1.0,100.0,1,1,9.1,-6.0,2.5,0,0,0.0,100.0,1,0,0.0,1,0,-1.8,0,61.0,0,0,1,0.0,,79.2,0.0,0,0,0,0,0,0,0.0,-1,-1.0,,0,0,0.0,,,0,0,,,0,0,,0,0,0.0,0,,0,0,0,,,0.0,,0,0,0,0,0,0,,0,,,0,0,0.0,,,0,0,,,0,0,,0,0,0.0,0,,0,0,0,,,0.0,,0,0,0,0,0,0,,0,,100.0,4,4,36.4,6.3,1.73,0,0,0.0,100.0,4,2,0.0,4,0,0.57,3,79.1,0,0,4,75.0,0.0,103.1,0.0,0,0,0,0,0,0,0.0,35,8.8,0,0.0,2,2,18.2,23.5,2.5,0,0,0.0,0.0,0,1,,2,0,-2.17,0,57.1,0,1,2,0.0,0.0,0.0,0.0,0,0,0,0,0,0,0.0,0,0.0,289,,0,0,0.0,,,0,0,,,0,0,,0,0,0.0,0,,0,0,0,,,0.0,,0,0,0,0,0,0,,0,,0.0,2,2,18.2,23.5,2.5,0,0,0.0,0.0,0,1,,2,0,-2.17,0,57.1,0,1,2,0.0,0.0,0.0,0.0,0,0,0,0,0,0,0.0,0,0.0,100.0,1,1,9.1,15.0,1.9,0,0,0.0,100.0,1,0,0.0,1,0,0.88,1,72.6,0,0,1,100.0,,118.8,0.0,0,0,0,0,0,0,0.0,16,16.0,,0,0,0.0,,,0,0,,,0,0,,0,0,0.0,0,,0,0,0,,,0.0,,0,0,0,0,0,0,,0,,100.0,2,2,18.2,14.0,3.85,0,0,0.0,50.0,1,1,50.0,2,1,0.09,1,83.6,0,0,2,50.0,0.0,77.1,0.0,0,0,0,0,0,0,0.0,16,8.0,0,,0,0,0.0,,,0,0,,,0,0,,0,0,0.0,0,,0,0,0,,,0.0,,0,0,0,0,0,0,,0,,,0,0,0.0,,,0,0,,,0,0,,0,0,0.0,0,,0,0,0,,,0.0,,0,0,0,0,0,0,,0,,100.0,1,1,9.1,13.0,5.8,0,0,0.0,0.0,0,1,100.0,1,1,-0.71,0,71.6,0,0,1,0.0,0.0,39.6,0.0,0,0,0,0,0,0,0.0,0,0.0,100.0,2,2,18.2,9.0,1.8,0,0,0.0,100.0,2,0,0.0,2,0,0.74,2,88.1,0,0,2,100.0,,106.3,0.0,0,0,0,0,0,0,0.0,19,9.5,100.0,6,6,54.5,7.2,1.75,0,0,0.0,100.0,6,2,0.0,6,0,0.63,5,90.6,0,0,6,83.3,0.0,104.2,0.0,0,0,0,0,0,0,0.0,54,9.0
Brady Allen,156493,QB,LOUISVILLE,3,12,13,100.0,3,3,25.0,-2.0,2.0,0,0,0.0,100.0,3,0,0.0,3,0,-0.58,0,63.9,0,0,3,33.3,,83.3,0.0,0,0,0,0,0,0,0.0,12,4.0,100.0,3,3,25.0,-2.0,2.0,0,0,0.0,100.0,3,0,0.0,3,0,-0.58,0,63.9,0,0,3,33.3,,83.3,0.0,0,0,0,0,0,0,0.0,12,4.0,,0,0,0.0,,,0,0,,,0,0,,0,0,0.0,0,,0,0,0,,,0.0,,0,0,0,0,0,0,,0,,0.0,1,1,8.3,19.0,2.0,0,0,0.0,0.0,0,0,,1,0,-3.74,0,26.8,0,1,1,0.0,,0.0,0.0,0,0,0,0,0,1,100.0,0,0.0,75.0,4,4,33.3,4.8,2.48,0,0,0.0,75.0,3,1,0.0,4,0,-0.84,1,37.2,0,1,4,50.0,0.0,45.8,0.0,0,0,0,0,0,1,25.0,20,5.0,0,100.0,3,3,25.0,29.3,2.93,0,3,75.0,33.3,1,0,66.7,3,2,0.19,1,94.9,0,0,4,33.3,,112.5,0.0,0,0,0,0,1,0,0.0,31,10.3,210,,0,0,0.0,,,0,0,,,0,0,,0,0,0.0,0,,0,0,0,,,0.0,,0,0,0,0,0,0,,0,,100.0,2,2,16.7,30.0,2.8,0,2,66.7,0.0,0,0,100.0,2,2,-1.06,0,92.0,0,0,3,0.0,,39.6,0.0,0,0,0,0,0,0,0.0,0,0.0,,0,0,0.0,,,0,0,,,0,0,,0,0,0.0,0,,0,0,0,,,0.0,,0,0,0,0,0,0,,0,,,0,0,0.0,,,0,0,0.0,,0,0,,0,0,0.0,0,60.9,0,0,1,,,0.0,,0,0,0,0,0,0,0.0,0,,0.0,1,1,8.3,19.0,2.0,0,0,0.0,0.0,0,0,,1,0,-3.74,0,26.8,0,1,1,0.0,,0.0,0.0,0,0,0,0,0,1,100.0,0,0.0,0,,0,0,0.0,,,0,0,,,0,0,,0,0,0.0,0,,0,0,0,,,0.0,,0,0,0,0,0,0,,0,,100.0,1,1,8.3,28.0,3.2,0,1,100.0,100.0,1,0,0.0,1,0,2.69,1,87.7,0,0,1,100.0,,158.3,0.0,0,0,0,0,1,0,0.0,31,31.0,,0,0,0.0,,,0,0,,,0,0,,0,0,0.0,0,,0,0,0,,,0.0,,0,0,0,0,0,0,,0,,100.0,1,1,8.3,3.0,1.6,0,0,0.0,100.0,1,0,0.0,1,0,1.74,1,61.0,0,0,1,100.0,,116.7,0.0,0,0,0,0,0,0,0.0,12,12.0,80.0,5,5,41.7,4.4,2.3,0,0,0.0,80.0,4,1,0.0,5,0,-0.33,2,42.9,0,1,6,60.0,0.0,53.8,0.0,0,0,0,0,0,1,16.7,32,6.4
Jadyn Glasser,184670,QB,C MICHIGAN,1,10,13,100.0,2,2,20.0,-5.0,2.65,0,0,0.0,100.0,2,1,0.0,2,0,1.15,1,62.7,0,0,2,50.0,0.0,91.7,0.0,0,0,0,0,0,0,0.0,12,6.0,100.0,2,2,20.0,-5.0,2.65,0,0,0.0,100.0,2,1,0.0,2,0,1.15,1,62.7,0,0,2,50.0,0.0,91.7,0.0,0,0,0,0,0,0,0.0,12,6.0,,0,0,0.0,,,0,0,,,0,0,,0,0,0.0,0,,0,0,0,,,0.0,,0,0,0,0,0,0,,0,,100.0,1,1,10.0,13.0,2.2,0,0,0.0,100.0,1,1,0.0,1,0,2.53,1,73.1,0,0,1,100.0,0.0,118.8,0.0,0,0,0,0,0,0,0.0,26,26.0,100.0,2,2,20.0,7.5,3.4,0,0,0.0,100.0,2,2,0.0,2,0,1.88,1,72.2,0,0,2,100.0,0.0,104.2,0.0,0,0,0,0,0,0,0.0,18,9.0,0,,0,0,0.0,,,0,0,,,0,0,,0,0,0.0,0,,0,0,0,,,0.0,,0,0,0,0,0,0,,0,,134,,0,0,0.0,,,0,0,,,0,0,,0,0,0.0,0,,0,0,0,,,0.0,,0,0,0,0,0,0,,0,,,0,0,0.0,,,0,0,,,0,0,,0,0,0.0,0,,0,0,0,,,0.0,,0,0,0,0,0,0,,0,,,0,0,0.0,,,0,0,,,0,0,,0,0,0.0,0,,0,0,0,,,0.0,,0,0,0,0,0,0,,0,,0.0,1,1,10.0,0.0,2.0,0,0,0.0,0.0,0,0,,1,0,-0.55,0,56.8,0,0,1,0.0,,39.6,0.0,0,0,0,0,0,0,0.0,0,0.0,100.0,2,2,20.0,15.5,3.25,0,0,0.0,100.0,2,2,0.0,2,0,2.71,2,85.2,0,0,2,100.0,0.0,118.8,0.0,0,0,0,0,0,0,0.0,44,22.0,0,,0,0,0.0,,,0,0,,,0,0,,0,0,0.0,0,,0,0,0,,,0.0,,0,0,0,0,0,0,,0,,,0,0,0.0,,,0,0,,,0,0,,0,0,0.0,0,,0,0,0,,,0.0,,0,0,0,0,0,0,,0,,100.0,1,1,10.0,18.0,4.3,0,0,0.0,100.0,1,1,0.0,1,0,2.88,1,74.3,0,0,1,100.0,0.0,118.8,0.0,0,0,0,0,0,0,0.0,18,18.0,100.0,1,1,10.0,4.0,1.9,0,0,0.0,100.0,1,1,0.0,1,0,-0.13,0,60.6,0,0,1,0.0,0.0,83.3,0.0,0,0,0,0,0,0,0.0,4,4.0,75.0,4,4,40.0,4.8,2.68,0,0,0.0,75.0,3,3,0.0,4,0,0.77,1,66.0,0,0,4,50.0,0.0,87.5,0.0,0,0,0,0,0,0,0.0,22,5.5
Nolan Good,198637,QB,KENT STATE,2,10,12,66.7,3,3,30.0,-4.0,1.73,0,0,0.0,66.7,2,0,0.0,3,0,0.29,1,56.3,0,0,3,33.3,,70.1,0.0,0,0,0,0,0,0,0.0,9,3.0,66.7,3,3,30.0,-4.0,1.73,0,0,0.0,66.7,2,0,0.0,3,0,0.29,1,56.3,0,0,3,33.3,,70.1,0.0,0,0,0,0,0,0,0.0,9,3.0,,0,0,0.0,,,0,0,,,0,0,,0,0,0.0,0,,0,0,0,,,0.0,,0,0,0,0,0,0,,0,,0.0,1,1,10.0,19.0,2.8,0,0,0.0,0.0,0,0,,1,0,-0.62,0,54.8,0,0,1,0.0,,39.6,0.0,0,0,0,0,0,0,0.0,0,0.0,50.0,2,2,20.0,7.0,1.9,0,0,0.0,50.0,1,0,0.0,2,0,-0.51,0,54.8,0,0,2,0.0,,62.5,0.0,0,0,0,0,0,0,0.0,9,4.5,0,,0,0,0.0,,,0,0,,,0,0,,0,0,0.0,0,,0,0,0,,,0.0,,0,0,0,0,0,0,,0,,201,,0,0,0.0,,,0,0,,,0,0,,0,0,0.0,0,,0,0,0,,,0.0,,0,0,0,0,0,0,,0,,,0,0,0.0,,,0,0,,,0,0,,0,0,0.0,0,,0,0,0,,,0.0,,0,0,0,0,0,0,,0,,,0,0,0.0,,,0,0,,,0,0,,0,0,0.0,0,,0,0,0,,,0.0,,0,0,0,0,0,0,,0,,,0,0,0.0,,,0,0,,,0,0,,0,0,0.0,0,,0,0,0,,,0.0,,0,0,0,0,0,0,,0,,0.0,1,1,10.0,19.0,2.8,0,0,0.0,0.0,0,0,,1,0,-0.62,0,54.8,0,0,1,0.0,,39.6,0.0,0,0,0,0,0,0,0.0,0,0.0,0,,0,0,0.0,,,0,0,,,0,0,,0,0,0.0,0,,0,0,0,,,0.0,,0,0,0,0,0,0,,0,,,0,0,0.0,,,0,0,,,0,0,,0,0,0.0,0,,0,0,0,,,0.0,,0,0,0,0,0,0,,0,,,0,0,0.0,,,0,0,,,0,0,,0,0,0.0,0,,0,0,0,,,0.0,,0,0,0,0,0,0,,0,,66.7,3,3,30.0,5.0,3.4,0,0,0.0,66.7,2,0,0.0,3,0,0.04,1,55.2,0,0,3,66.7,,78.5,0.0,0,0,0,0,0,0,0.0,15,5.0,60.0,5,5,50.0,5.8,2.8,0,0,0.0,60.0,3,0,0.0,5,0,-0.18,1,52.5,0,0,5,40.0,,72.1,0.0,0,0,0,0,0,0,0.0,24,4.8
Billy Wiles,144144,QB,APP STATE,2,7,12,,0,0,0.0,,,0,0,,,0,0,,0,0,0.0,0,,0,0,0,,,0.0,,0,0,0,0,0,0,,0,,,0,0,0.0,,,0,0,,,0,0,,0,0,0.0,0,,0,0,0,,,0.0,,0,0,0,0,0,0,,0,,,0,0,0.0,,,0,0,,,0,0,,0,0,0.0,0,,0,0,0,,,0.0,,0,0,0,0,0,0,,0,,100.0,1,1,14.3,12.0,2.7,0,0,0.0,100.0,1,0,0.0,1,0,1.73,1,74.3,0,0,1,100.0,,118.8,0.0,0,0,0,0,0,0,0.0,19,19.0,100.0,2,2,28.6,2.0,2.35,0,0,0.0,100.0,2,0,0.0,2,0,0.5,1,62.6,0,0,2,50.0,,97.9,0.0,0,0,0,0,0,0,0.0,15,7.5,0,,0,0,0.0,,,0,0,,,0,0,,0,0,0.0,0,,0,0,0,,,0.0,,0,0,0,0,0,0,,0,,108,,0,0,0.0,,,0,0,,,0,0,,0,0,0.0,0,,0,0,0,,,0.0,,0,0,0,0,0,0,,0,,,0,0,0.0,,,0,0,,,0,0,,0,0,0.0,0,,0,0,0,,,0.0,,0,0,0,0,0,0,,0,,,0,0,0.0,,,0,0,,,0,0,,0,0,0.0,0,,0,0,0,,,0.0,,0,0,0,0,0,0,,0,,100.0,1,1,14.3,9.0,2.7,0,0,0.0,100.0,1,0,0.0,1,0,1.42,1,86.6,0,0,2,100.0,,118.8,0.0,0,0,0,0,1,0,0.0,3,3.0,50.0,2,2,28.6,15.5,2.55,0,0,0.0,50.0,1,0,0.0,2,0,-0.15,1,50.8,0,1,2,50.0,,43.8,0.0,0,0,0,0,0,1,50.0,19,9.5,0,,0,0,0.0,,,0,0,,,0,0,,0,0,0.0,0,,0,0,0,,,0.0,,0,0,0,0,0,0,,0,,,0,0,0.0,,,0,0,,,0,0,,0,0,0.0,0,,0,0,0,,,0.0,,0,0,0,0,0,0,,0,,0.0,1,1,14.3,19.0,2.4,0,0,0.0,0.0,0,0,,1,0,-2.04,0,35.6,0,1,1,0.0,,0.0,0.0,0,0,0,0,0,1,100.0,0,0.0,100.0,2,2,28.6,3.0,1.9,0,0,0.0,100.0,2,1,0.0,2,0,1.27,0,62.6,0,0,2,100.0,0.0,93.8,0.0,0,0,0,0,0,0,0.0,13,6.5,100.0,5,5,71.4,3.8,2.24,0,0,0.0,100.0,5,1,0.0,5,0,0.99,2,83.0,0,0,6,80.0,0.0,132.1,0.0,0,0,0,0,1,0,0.0,31,6.2
Brock Glenn,170335,QB,FLORIDA ST,4,10,12,66.7,3,3,30.0,-2.7,2.1,0,0,0.0,66.7,2,1,0.0,3,0,0.79,1,55.9,0,0,3,66.7,0.0,149.3,0.0,0,0,0,0,1,0,0.0,41,13.7,66.7,3,3,30.0,-2.7,2.1,0,0,0.0,66.7,2,1,0.0,3,0,0.79,1,55.9,0,0,3,66.7,0.0,149.3,0.0,0,0,0,0,1,0,0.0,41,13.7,,0,0,0.0,,,0,0,,,0,0,,0,0,0.0,0,,0,0,0,,,0.0,,0,0,0,0,0,0,,0,,100.0,1,1,10.0,13.0,2.7,0,0,0.0,100.0,1,0,0.0,1,0,0.51,1,73.1,0,0,1,100.0,,118.8,0.0,0,0,0,0,0,0,0.0,15,15.0,100.0,1,1,10.0,1.0,2.4,0,0,0.0,100.0,1,0,0.0,1,0,1.48,1,61.0,0,0,1,100.0,,118.8,0.0,0,0,0,0,1,0,0.0,2,2.0,0,0.0,1,1,10.0,31.0,2.7,0,0,0.0,0.0,0,0,,1,0,-0.97,0,50.1,0,0,1,0.0,,39.6,0.0,0,0,0,0,0,0,0.0,0,0.0,167,,0,0,0.0,,,0,0,,,0,0,,0,0,0.0,0,,0,0,0,,,0.0,,0,0,0,0,0,0,,0,,,0,0,0.0,,,0,0,,,0,0,,0,0,0.0,0,,0,0,0,,,0.0,,0,0,0,0,0,0,,0,,,0,0,0.0,,,0,0,,,0,0,,0,0,0.0,0,,0,0,0,,,0.0,,0,0,0,0,0,0,,0,,100.0,2,2,20.0,4.5,2.15,0,0,0.0,50.0,1,0,50.0,2,1,-1.45,0,71.6,0,0,2,50.0,,56.3,0.0,0,0,0,0,0,0,0.0,6,3.0,100.0,1,1,10.0,13.0,2.7,0,0,0.0,100.0,1,0,0.0,1,0,0.51,1,73.1,0,0,1,100.0,,118.8,0.0,0,0,0,0,0,0,0.0,15,15.0,0,,0,0,0.0,,,0,0,,,0,0,,0,0,0.0,0,,0,0,0,,,0.0,,0,0,0,0,0,0,,0,,0.0,1,1,10.0,31.0,2.7,0,0,0.0,0.0,0,0,,1,0,-0.97,0,50.1,0,0,1,0.0,,39.6,0.0,0,0,0,0,0,0,0.0,0,0.0,,0,0,0.0,,,0,0,,,0,0,,0,0,0.0,0,,0,0,0,,,0.0,,0,0,0,0,0,0,,0,,100.0,1,1,10.0,4.0,1.8,0,0,0.0,100.0,1,0,0.0,1,0,0.27,0,60.4,0,0,1,100.0,,87.5,0.0,0,0,0,0,0,0,0.0,5,5.0,100.0,4,4,40.0,3.5,2.13,0,0,0.0,75.0,3,0,25.0,4,1,-0.29,1,71.9,0,0,4,75.0,,117.7,0.0,0,0,0,0,1,0,0.0,13,3.3
Luke Carney,199218,QB,SYRACUSE,3,7,12,100.0,2,2,28.6,-4.5,1.85,0,0,0.0,100.0,2,0,0.0,2,0,-0.46,0,62.6,0,0,2,0.0,,79.2,0.0,0,0,0,0,0,0,0.0,4,2.0,100.0,2,2,28.6,-4.5,1.85,0,0,0.0,100.0,2,0,0.0,2,0,-0.46,0,62.6,0,0,2,0.0,,79.2,0.0,0,0,0,0,0,0,0.0,4,2.0,,0,0,0.0,,,0,0,,,0,0,,0,0,0.0,0,,0,0,0,,,0.0,,0,0,0,0,0,0,,0,,,0,0,0.0,,,0,0,,,0,0,,0,0,0.0,0,,0,0,0,,,0.0,,0,0,0,0,0,0,,0,,100.0,1,1,14.3,6.0,2.3,0,0,0.0,100.0,1,0,0.0,1,0,0.87,0,61.6,0,0,1,100.0,,100.0,0.0,0,0,0,0,0,0,0.0,8,8.0,0,0.0,1,1,14.3,24.0,2.0,0,0,0.0,0.0,0,0,,1,0,-0.75,0,50.8,0,0,1,0.0,,39.6,0.0,0,0,0,0,0,0,0.0,0,0.0,304,,0,0,0.0,,,0,0,,,0,0,,0,0,0.0,0,,0,0,0,,,0.0,,0,0,0,0,0,0,,0,,0.0,1,1,14.3,24.0,2.0,0,0,0.0,0.0,0,0,,1,0,-0.75,0,50.8,0,0,1,0.0,,39.6,0.0,0,0,0,0,0,0,0.0,0,0.0,,0,0,0.0,,,0,0,,,0,0,,0,0,0.0,0,,0,0,0,,,0.0,,0,0,0,0,0,0,,0,,,0,0,0.0,,,0,0,,,0,0,,0,0,0.0,0,,0,0,0,,,0.0,,0,0,0,0,0,0,,0,,,0,0,0.0,,,0,0,,,0,0,,0,0,0.0,0,,0,0,0,,,0.0,,0,0,0,0,0,0,,0,,0,,0,0,0.0,,,0,0,,,0,0,,0,0,0.0,0,,0,0,0,,,0.0,,0,0,0,0,0,0,,0,,,0,0,0.0,,,0,0,,,0,0,,0,0,0.0,0,,0,0,0,,,0.0,,0,0,0,0,0,0,,0,,,0,0,0.0,,,0,0,,,0,0,,0,0,0.0,0,,0,0,0,,,0.0,,0,0,0,0,0,0,,0,,66.7,3,3,42.9,6.0,3.33,0,0,0.0,66.7,2,0,0.0,3,0,0.03,1,66.0,0,0,3,33.3,,71.5,0.0,0,0,0,0,0,0,0.0,10,3.3,75.0,4,4,57.1,6.0,3.08,0,0,0.0,75.0,3,0,0.0,4,0,0.24,1,66.4,0,0,4,50.0,,83.3,0.0,0,0,0,0,0,0,0.0,18,4.5
Brady Hart,199994,QB,TEXAS A&M,2,11,12,100.0,3,3,27.3,-3.7,1.53,0,0,0.0,100.0,3,0,0.0,3,0,0.64,1,63.9,0,0,3,66.7,,109.7,0.0,0,0,0,0,0,0,0.0,31,10.3,100.0,2,2,18.2,-4.5,1.5,0,0,0.0,100.0,2,0,0.0,2,0,1.52,1,62.7,0,0,2,100.0,,118.8,0.0,0,0,0,0,0,0,0.0,33,16.5,,0,0,0.0,,,0,0,,,0,0,,0,0,0.0,0,,0,0,0,,,0.0,,0,0,0,0,0,0,,0,,50.0,2,2,18.2,15.5,3.05,0,0,0.0,50.0,1,1,0.0,2,0,0.66,1,59.9,0,0,2,50.0,0.0,95.8,0.0,0,0,0,0,0,0,0.0,25,12.5,0.0,1,1,9.1,6.0,2.0,0,0,0.0,0.0,0,0,,1,0,-1.95,0,54.1,0,0,1,0.0,,39.6,0.0,0,0,0,0,0,0,0.0,0,0.0,0,,0,0,0.0,,,0,0,,,0,0,,0,0,0.0,0,,0,0,0,,,0.0,,0,0,0,0,0,0,,0,,312,,0,0,0.0,,,0,0,,,0,0,,0,0,0.0,0,,0,0,0,,,0.0,,0,0,0,0,0,0,,0,,,0,0,0.0,,,0,0,,,0,0,,0,0,0.0,0,,0,0,0,,,0.0,,0,0,0,0,0,0,,0,,,0,0,0.0,,,0,0,,,0,0,,0,0,0.0,0,,0,0,0,,,0.0,,0,0,0,0,0,0,,0,,0.0,1,1,9.1,3.0,1.7,0,0,0.0,0.0,0,0,,1,0,-0.76,0,56.8,0,0,1,0.0,,39.6,0.0,0,0,0,0,0,0,0.0,0,0.0,50.0,2,2,18.2,15.5,3.05,0,0,0.0,50.0,1,1,0.0,2,0,0.66,1,59.9,0,0,2,50.0,0.0,95.8,0.0,0,0,0,0,0,0,0.0,25,12.5,0,100.0,1,1,9.1,-2.0,1.6,0,0,0.0,100.0,1,0,0.0,1,0,-1.11,0,60.6,0,0,1,0.0,,79.2,0.0,0,0,0,0,0,0,0.0,-2,-2.0,,0,0,0.0,,,0,0,,,0,0,,0,0,0.0,0,,0,0,0,,,0.0,,0,0,0,0,0,0,,0,,,0,0,0.0,,,0,0,,,0,0,,0,0,0.0,0,,0,0,0,,,0.0,,0,0,0,0,0,0,,0,,50.0,2,2,18.2,6.0,3.55,0,0,0.0,50.0,1,1,0.0,2,0,-0.19,0,55.4,0,0,2,50.0,0.0,56.3,0.0,0,0,0,0,0,0,0.0,6,3.0,25.0,4,4,36.4,5.3,2.7,0,0,0.0,25.0,1,1,0.0,4,0,-0.77,0,46.7,0,0,4,25.0,0.0,39.6,0.0,0,0,0,0,0,0,0.0,6,1.5
Nick Poulos,188474,QB,OHIO,1,8,12,,0,0,0.0,,,0,0,,,0,0,,0,0,0.0,0,,0,0,0,,,0.0,,0,0,0,0,0,0,,0,,,0,0,0.0,,,0,0,,,0,0,,0,0,0.0,0,,0,0,0,,,0.0,,0,0,0,0,0,0,,0,,,0,0,0.0,,,0,0,,,0,0,,0,0,0.0,0,,0,0,0,,,0.0,,0,0,0,0,0,0,,0,,0.0,3,3,37.5,13.3,2.87,0,0,0.0,0.0,0,1,,3,0,-0.44,0,37.6,0,0,3,0.0,0.0,39.6,0.0,0,0,0,0,0,0,0.0,0,0.0,100.0,1,1,12.5,4.0,2.0,0,0,0.0,100.0,1,0,0.0,1,0,0.61,0,60.6,0,0,1,100.0,,91.7,0.0,0,0,0,0,0,0,0.0,6,6.0,0,,0,0,0.0,,,0,0,,,0,0,,0,0,0.0,0,,0,0,0,,,0.0,,0,0,0,0,0,0,,0,,259,,0,0,0.0,,,0,0,,,0,0,,0,0,0.0,0,,0,0,0,,,0.0,,0,0,0,0,0,0,,0,,,0,0,0.0,,,0,0,,,0,0,,0,0,0.0,0,,0,0,0,,,0.0,,0,0,0,0,0,0,,0,,,0,0,0.0,,,0,0,,,0,0,,0,0,0.0,0,,0,0,0,,,0.0,,0,0,0,0,0,0,,0,,,0,0,0.0,,,0,0,,,0,0,,0,0,0.0,0,,0,0,0,,,0.0,,0,0,0,0,0,0,,0,,0.0,3,3,37.5,13.3,2.87,0,0,0.0,0.0,0,1,,3,0,-0.44,0,37.6,0,0,3,0.0,0.0,39.6,0.0,0,0,0,0,0,0,0.0,0,0.0,0,,0,0,0.0,,,0,0,,,0,0,,0,0,0.0,0,,0,0,0,,,0.0,,0,0,0,0,0,0,,0,,,0,0,0.0,,,0,0,,,0,0,,0,0,0.0,0,,0,0,0,,,0.0,,0,0,0,0,0,0,,0,,,0,0,0.0,,,0,0,,,0,0,,0,0,0.0,0,,0,0,0,,,0.0,,0,0,0,0,0,0,,0,,100.0,3,3,37.5,3.3,1.7,0,0,0.0,100.0,3,0,0.0,3,0,0.47,1,55.4,0,0,3,66.7,,84.7,0.0,0,0,0,0,0,0,0.0,13,4.3,100.0,4,4,50.0,3.5,1.78,0,0,0.0,100.0,4,0,0.0,4,0,0.51,1,56.9,0,0,4,75.0,,86.5,0.0,0,0,0,0,0,0,0.0,19,4.8
Matthew Caldwell,150302,QB,TEXAS,4,11,11,100.0,3,3,27.3,-3.0,1.67,0,0,0.0,100.0,3,0,0.0,3,0,-0.26,1,63.9,0,0,3,33.3,,79.2,0.0,0,0,0,0,0,0,0.0,9,3.0,100.0,3,3,27.3,-3.0,1.67,0,0,0.0,100.0,3,0,0.0,3,0,-0.26,1,63.9,0,0,3,33.3,,79.2,0.0,0,0,0,0,0,0,0.0,9,3.0,50.0,2,2,18.2,20.0,2.75,0,0,0.0,50.0,1,0,0.0,2,0,-0.06,1,70.8,0,0,2,50.0,,95.8,0.0,0,0,0,0,0,0,0.0,26,13.0,66.7,3,3,27.3,14.0,2.53,0,0,0.0,66.7,2,1,0.0,3,0,1.01,2,80.7,0,0,3,66.7,0.0,104.9,0.0,0,0,0,0,0,0,0.0,34,11.3,100.0,1,1,9.1,6.0,1.9,0,0,0.0,100.0,1,0,0.0,1,0,1.07,1,71.9,0,0,1,100.0,,91.7,0.0,0,0,0,0,0,0,0.0,6,6.0,0,33.3,3,3,27.3,27.0,2.6,0,0,0.0,33.3,1,0,0.0,3,0,-0.3,1,62.4,0,0,3,33.3,,66.0,0.0,0,0,0,0,0,0,0.0,26,8.7,311,,0,0,0.0,,,0,0,,,0,0,,0,0,0.0,0,,0,0,0,,,0.0,,0,0,0,0,0,0,,0,,0.0,1,1,9.1,41.0,2.3,0,0,0.0,0.0,0,0,,1,0,-0.77,0,51.3,0,0,1,0.0,,39.6,0.0,0,0,0,0,0,0,0.0,0,0.0,,0,0,0.0,,,0,0,,,0,0,,0,0,0.0,0,,0,0,0,,,0.0,,0,0,0,0,0,0,,0,,,0,0,0.0,,,0,0,,,0,0,,0,0,0.0,0,,0,0,0,,,0.0,,0,0,0,0,0,0,,0,,75.0,4,4,36.4,14.8,2.28,0,0,0.0,75.0,3,1,0.0,4,0,1.4,3,86.8,0,0,4,75.0,0.0,150.0,0.0,0,0,0,0,1,0,0.0,44,11.0,0,,0,0,0.0,,,0,0,,,0,0,,0,0,0.0,0,,0,0,0,,,0.0,,0,0,0,0,0,0,,0,,,0,0,0.0,,,0,0,,,0,0,,0,0,0.0,0,,0,0,0,,,0.0,,0,0,0,0,0,0,,0,,100.0,1,1,9.1,17.0,1.5,0,0,0.0,100.0,1,0,0.0,1,0,2.59,1,73.1,0,0,1,100.0,,147.9,0.0,0,0,0,0,1,0,0.0,10,10.0,,0,0,0.0,,,0,0,,,0,0,,0,0,0.0,0,,0,0,0,,,0.0,,0,0,0,0,0,0,,0,,100.0,1,1,9.1,6.0,1.9,0,0,0.0,100.0,1,0,0.0,1,0,1.07,1,71.9,0,0,1,100.0,,91.7,0.0,0,0,0,0,0,0,0.0,6,6.0
Jordan Magwood,199666,QB,FAU,2,9,11,100.0,1,1,11.1,-4.0,4.7,0,0,0.0,100.0,1,1,0.0,1,0,-0.85,0,60.4,0,0,1,0.0,0.0,79.2,0.0,0,0,0,0,0,0,0.0,-2,-2.0,100.0,1,1,11.1,-4.0,4.7,0,0,0.0,100.0,1,1,0.0,1,0,-0.85,0,60.4,0,0,1,0.0,0.0,79.2,0.0,0,0,0,0,0,0,0.0,-2,-2.0,,0,0,0.0,,,0,0,,,0,0,,0,0,0.0,0,,0,0,0,,,0.0,,0,0,0,0,0,0,,0,,100.0,2,2,22.2,12.5,2.35,0,0,0.0,100.0,2,0,0.0,2,0,1.17,2,86.6,0,0,2,100.0,,118.8,0.0,0,0,0,0,0,0,0.0,38,19.0,100.0,1,1,11.1,5.0,1.7,0,0,0.0,100.0,1,0,0.0,1,0,0.49,1,56.1,0,0,1,100.0,,87.5,0.0,0,0,0,0,0,0,0.0,5,5.0,0,0.0,1,1,11.1,20.0,1.9,0,0,0.0,0.0,0,0,,1,0,-0.49,0,50.8,0,0,1,0.0,,39.6,0.0,0,0,0,0,0,0,0.0,0,0.0,165,,0,0,0.0,,,0,0,,,0,0,,0,0,0.0,0,,0,0,0,,,0.0,,0,0,0,0,0,0,,0,,,0,0,0.0,,,0,0,,,0,0,,0,0,0.0,0,,0,0,0,,,0.0,,0,0,0,0,0,0,,0,,100.0,1,1,11.1,17.0,2.9,0,0,0.0,100.0,1,0,0.0,1,0,0.56,1,74.3,0,0,1,100.0,,118.8,0.0,0,0,0,0,0,0,0.0,17,17.0,,0,0,0.0,,,0,0,,,0,0,,0,0,0.0,0,,0,0,0,,,0.0,,0,0,0,0,0,0,,0,,100.0,3,3,33.3,14.0,2.53,0,0,0.0,100.0,3,0,0.0,3,0,0.96,3,91.0,0,0,3,100.0,,118.8,0.0,0,0,0,0,0,0,0.0,55,18.3,0,,0,0,0.0,,,0,0,,,0,0,,0,0,0.0,0,,0,0,0,,,0.0,,0,0,0,0,0,0,,0,,0.0,1,1,11.1,20.0,1.9,0,0,0.0,0.0,0,0,,1,0,-0.49,0,50.8,0,0,1,0.0,,39.6,0.0,0,0,0,0,0,0,0.0,0,0.0,,0,0,0.0,,,0,0,,,0,0,,0,0,0.0,0,,0,0,0,,,0.0,,0,0,0,0,0,0,,0,,100.0,2,2,22.2,2.5,2.0,0,0,0.0,100.0,2,0,0.0,2,0,-0.23,0,62.7,0,0,2,50.0,,79.2,0.0,0,0,0,0,0,0,0.0,5,2.5,100.0,3,3,33.3,3.3,1.9,0,0,0.0,100.0,3,0,0.0,3,0,0.01,1,58.9,0,0,3,66.7,,80.6,0.0,0,0,0,0,0,0,0.0,10,3.3
Hauss Hejny,183824,QB,OKLA STATE,1,10,11,100.0,3,3,30.0,-2.0,1.5,0,0,0.0,66.7,2,0,33.3,3,1,0.22,1,63.9,0,0,3,33.3,,112.5,0.0,0,0,0,0,1,0,0.0,11,3.7,100.0,3,3,30.0,-2.0,1.5,0,0,0.0,66.7,2,0,33.3,3,1,0.22,1,63.9,0,0,3,33.3,,112.5,0.0,0,0,0,0,1,0,0.0,11,3.7,0.0,1,1,10.0,49.0,3.4,0,0,0.0,0.0,0,0,,1,0,-0.78,0,58.1,0,0,2,0.0,,39.6,0.0,0,0,0,0,0,0,0.0,0,0.0,,0,0,0.0,,,0,0,,,0,0,,0,0,0.0,0,,0,0,0,,,0.0,,0,0,0,0,0,0,,0,,0.0,1,1,10.0,6.0,2.1,0,0,0.0,0.0,0,0,,1,0,-0.53,0,45.8,0,0,1,0.0,,39.6,0.0,0,0,0,0,0,0,0.0,0,0.0,0,50.0,4,4,40.0,39.8,3.33,0,1,20.0,50.0,2,2,0.0,4,0,0.59,2,79.2,0,0,5,50.0,0.0,95.8,0.0,0,0,0,0,0,0,0.0,75,18.8,262,,0,0,0.0,,,0,0,,,0,0,,0,0,0.0,0,,0,0,0,,,0.0,,0,0,0,0,0,0,,0,,50.0,2,2,20.0,37.0,3.2,0,1,50.0,50.0,1,1,0.0,2,0,0.29,1,77.0,0,0,2,50.0,0.0,95.8,0.0,0,0,0,0,0,0,0.0,34,17.0,,0,0,0.0,,,0,0,,,0,0,,0,0,0.0,0,,0,0,0,,,0.0,,0,0,0,0,0,0,,0,,50.0,2,2,20.0,6.5,1.65,0,0,0.0,50.0,1,1,0.0,2,0,0.39,1,73.1,0,0,2,50.0,0.0,64.6,0.0,0,0,0,0,0,0,0.0,10,5.0,,0,0,0.0,,,0,0,,,0,0,,0,0,0.0,0,,0,0,0,,,0.0,,0,0,0,0,0,0,,0,,0,,0,0,0.0,,,0,0,,,0,0,,0,0,0.0,0,,0,0,0,,,0.0,,0,0,0,0,0,0,,0,,100.0,1,1,10.0,36.0,3.5,0,0,0.0,100.0,1,1,0.0,1,0,2.57,1,75.7,0,0,1,100.0,0.0,118.8,0.0,0,0,0,0,0,0,0.0,41,41.0,,0,0,0.0,,,0,0,,,0,0,,0,0,0.0,0,,0,0,0,,,0.0,,0,0,0,0,0,0,,0,,,0,0,0.0,,,0,0,,,0,0,,0,0,0.0,0,,0,0,0,,,0.0,,0,0,0,0,0,0,,0,,33.3,3,3,30.0,6.3,1.8,0,0,0.0,33.3,1,1,0.0,3,0,0.08,1,59.2,0,0,3,33.3,0.0,43.8,0.0,0,0,0,0,0,0,0.0,10,3.3
AJ Surace,184666,QB,RUTGERS,2,9,11,,0,0,0.0,,,0,0,,,0,0,,0,0,0.0,0,,0,0,0,,,0.0,,0,0,0,0,0,0,,0,,,0,0,0.0,,,0,0,,,0,0,,0,0,0.0,0,,0,0,0,,,0.0,,0,0,0,0,0,0,,0,,,0,0,0.0,,,0,0,,,0,0,,0,0,0.0,0,,0,0,0,,,0.0,,0,0,0,0,0,0,,0,,75.0,4,4,44.4,13.3,2.33,0,0,0.0,50.0,2,0,33.3,4,1,1.14,2,71.9,0,0,5,50.0,,111.5,0.0,0,0,0,0,1,0,0.0,27,6.8,100.0,1,1,11.1,5.0,3.0,0,0,0.0,100.0,1,0,0.0,1,0,-0.58,0,60.6,0,0,1,0.0,,91.7,0.0,0,0,0,0,0,0,0.0,6,6.0,0,50.0,2,2,22.2,29.5,2.85,0,0,0.0,50.0,1,0,0.0,2,0,2.42,1,75.0,0,0,2,50.0,,135.4,0.0,0,0,0,0,1,0,0.0,25,12.5,278,,0,0,0.0,,,0,0,,,0,0,,0,0,0.0,0,,0,0,0,,,0.0,,0,0,0,0,0,0,,0,,100.0,1,1,11.1,32.0,2.8,0,0,0.0,100.0,1,0,0.0,1,0,5.41,1,77.9,0,0,1,100.0,,158.3,0.0,0,0,0,0,1,0,0.0,25,25.0,,0,0,0.0,,,0,0,,,0,0,,0,0,0.0,0,,0,0,0,,,0.0,,0,0,0,0,0,0,,0,,,0,0,0.0,,,0,0,,,0,0,,0,0,0.0,0,,0,0,0,,,0.0,,0,0,0,0,0,0,,0,,50.0,6,6,66.7,14.0,2.2,0,0,0.0,33.3,2,0,33.3,6,1,0.56,2,64.7,0,0,7,33.3,,88.2,0.0,0,0,0,0,1,0,0.0,27,4.5,0,,0,0,0.0,,,0,0,,,0,0,,0,0,0.0,0,,0,0,0,,,0.0,,0,0,0,0,0,0,,0,,0.0,1,1,11.1,27.0,2.9,0,0,0.0,0.0,0,0,,1,0,-0.57,0,58.4,0,0,1,0.0,,39.6,0.0,0,0,0,0,0,0,0.0,0,0.0,0.0,2,2,22.2,15.5,1.95,0,0,0.0,0.0,0,0,,2,0,-0.6,0,50.5,0,0,2,0.0,,39.6,0.0,0,0,0,0,0,0,0.0,0,0.0,,0,0,0.0,,,0,0,,,0,0,,0,0,0.0,0,,0,0,0,,,0.0,,0,0,0,0,0,0,,0,,100.0,1,1,11.1,5.0,3.0,0,0,0.0,100.0,1,0,0.0,1,0,-0.58,0,60.6,0,0,1,0.0,,91.7,0.0,0,0,0,0,0,0,0.0,6,6.0
Davi Belfort,184926,QB,UCF,3,6,10,100.0,1,1,16.7,-3.0,1.5,0,0,0.0,100.0,1,0,0.0,1,0,-1.16,0,60.4,0,0,1,0.0,,79.2,0.0,0,0,0,0,0,0,0.0,-4,-4.0,100.0,1,1,16.7,-3.0,1.5,0,0,0.0,100.0,1,0,0.0,1,0,-1.16,0,60.4,0,0,1,0.0,,79.2,0.0,0,0,0,0,0,0,0.0,-4,-4.0,0.0,1,1,16.7,29.0,3.2,0,0,0.0,0.0,0,0,,1,0,-1.77,0,28.0,0,1,1,0.0,,0.0,0.0,0,0,0,0,0,1,100.0,0,0.0,100.0,1,1,16.7,12.0,4.1,0,0,0.0,100.0,1,0,0.0,1,0,3.62,1,73.1,0,0,1,100.0,,118.8,0.0,0,0,0,0,0,0,0.0,39,39.0,100.0,2,2,33.3,4.5,4.2,0,0,0.0,100.0,2,0,0.0,2,0,-0.1,1,62.6,0,0,2,0.0,,104.2,0.0,0,0,0,0,0,0,0.0,18,9.0,0,0.0,2,2,33.3,27.0,3.0,0,0,0.0,0.0,0,0,,2,0,-1.29,0,26.8,0,1,2,0.0,,0.0,0.0,0,0,0,0,0,1,50.0,0,0.0,323,,0,0,0.0,,,0,0,,,0,0,,0,0,0.0,0,,0,0,0,,,0.0,,0,0,0,0,0,0,,0,,0.0,1,1,16.7,25.0,2.8,0,0,0.0,0.0,0,0,,1,0,-0.8,0,50.8,0,0,1,0.0,,39.6,0.0,0,0,0,0,0,0,0.0,0,0.0,,0,0,0.0,,,0,0,,,0,0,,0,0,0.0,0,,0,0,0,,,0.0,,0,0,0,0,0,0,,0,,,0,0,0.0,,,0,0,,,0,0,,0,0,0.0,0,,0,0,0,,,0.0,,0,0,0,0,0,0,,0,,100.0,1,1,16.7,12.0,4.1,0,0,0.0,100.0,1,0,0.0,1,0,3.62,1,73.1,0,0,1,100.0,,118.8,0.0,0,0,0,0,0,0,0.0,39,39.0,0,,0,0,0.0,,,0,0,,,0,0,,0,0,0.0,0,,0,0,0,,,0.0,,0,0,0,0,0,0,,0,,,0,0,0.0,,,0,0,,,0,0,,0,0,0.0,0,,0,0,0,,,0.0,,0,0,0,0,0,0,,0,,,0,0,0.0,,,0,0,,,0,0,,0,0,0.0,0,,0,0,0,,,0.0,,0,0,0,0,0,0,,0,,,0,0,0.0,,,0,0,,,0,0,,0,0,0.0,0,,0,0,0,,,0.0,,0,0,0,0,0,0,,0,,100.0,2,2,33.3,4.5,4.2,0,0,0.0,100.0,2,0,0.0,2,0,-0.1,1,62.6,0,0,2,0.0,,104.2,0.0,0,0,0,0,0,0,0.0,18,9.0
Landon Sims,200048,QB,WYOMING,4,8,10,100.0,2,2,25.0,-3.5,1.0,0,0,0.0,100.0,2,0,0.0,2,0,0.47,0,62.6,0,0,2,100.0,,95.8,0.0,0,0,0,0,0,0,0.0,14,7.0,100.0,1,1,12.5,-4.0,0.9,0,0,0.0,100.0,1,0,0.0,1,0,0.38,0,60.4,0,0,1,100.0,,91.7,0.0,0,0,0,0,0,0,0.0,6,6.0,100.0,1,1,12.5,23.0,2.8,0,0,0.0,0.0,0,0,100.0,1,1,-0.78,0,76.2,0,0,1,0.0,,39.6,0.0,0,0,0,0,0,0,0.0,0,0.0,,0,0,0.0,,,0,0,,,0,0,,0,0,0.0,0,,0,0,0,,,0.0,,0,0,0,0,0,0,,0,,100.0,1,1,12.5,3.0,4.0,0,0,0.0,100.0,1,0,0.0,1,0,-1.08,0,61.0,0,0,1,0.0,,87.5,0.0,0,0,0,0,0,0,0.0,5,5.0,0,100.0,1,1,12.5,23.0,2.8,0,0,0.0,0.0,0,0,100.0,1,1,-0.78,0,76.2,0,0,1,0.0,,39.6,0.0,0,0,0,0,0,0,0.0,0,0.0,351,100.0,1,1,12.5,-3.0,1.1,0,0,0.0,100.0,1,0,0.0,1,0,0.56,0,60.4,0,0,1,100.0,,100.0,0.0,0,0,0,0,0,0,0.0,8,8.0,,0,0,0.0,,,0,0,,,0,0,,0,0,0.0,0,,0,0,0,,,0.0,,0,0,0,0,0,0,,0,,,0,0,0.0,,,0,0,,,0,0,,0,0,0.0,0,,0,0,0,,,0.0,,0,0,0,0,0,0,,0,,100.0,1,1,12.5,8.0,4.6,0,0,0.0,100.0,1,1,0.0,1,0,1.83,1,71.9,0,0,1,100.0,0.0,108.3,0.0,0,0,0,0,0,0,0.0,10,10.0,,0,0,0.0,,,0,0,,,0,0,,0,0,0.0,0,,0,0,0,,,0.0,,0,0,0,0,0,0,,0,,0,,0,0,0.0,,,0,0,,,0,0,,0,0,0.0,0,,0,0,0,,,0.0,,0,0,0,0,0,0,,0,,,0,0,0.0,,,0,0,,,0,0,,0,0,0.0,0,,0,0,0,,,0.0,,0,0,0,0,0,0,,0,,,0,0,0.0,,,0,0,,,0,0,,0,0,0.0,0,,0,0,0,,,0.0,,0,0,0,0,0,0,,0,,100.0,2,2,25.0,1.5,2.4,0,0,0.0,100.0,2,1,0.0,2,0,1.24,2,71.5,0,0,2,100.0,0.0,125.0,0.0,0,0,0,0,1,0,0.0,9,4.5,100.0,4,4,50.0,3.5,3.35,0,0,0.0,100.0,4,2,0.0,4,0,0.81,3,78.7,0,0,4,75.0,0.0,131.3,0.0,0,0,0,0,1,0,0.0,24,6.0
Arrington Maiden,184715,QB,MEMPHIS,3,8,10,,0,0,0.0,,,0,0,,,0,0,,0,0,0.0,0,,0,0,0,,,0.0,,0,0,0,0,0,0,,0,,,0,0,0.0,,,0,0,,,0,0,,0,0,0.0,0,,0,0,0,,,0.0,,0,0,0,0,0,0,,0,,,0,0,0.0,,,0,0,0.0,,0,0,,0,0,0.0,0,49.9,0,0,1,,,0.0,,0,0,0,0,0,0,0.0,0,,,0,0,0.0,,,0,0,,,0,0,,0,0,0.0,0,,0,0,0,,,0.0,,0,0,0,0,0,0,,0,,50.0,2,2,25.0,3.5,2.55,0,0,0.0,50.0,1,0,0.0,2,0,-0.24,0,40.6,0,0,2,50.0,,56.3,0.0,0,0,0,0,0,1,50.0,6,3.0,0,50.0,2,2,25.0,25.0,2.35,0,1,33.3,50.0,1,0,0.0,2,0,-0.15,1,89.1,0,0,3,50.0,,89.6,0.0,0,0,0,0,0,0,0.0,22,11.0,218,,0,0,0.0,,,0,0,,,0,0,,0,0,0.0,0,,0,0,0,,,0.0,,0,0,0,0,0,0,,0,,0.0,1,1,12.5,29.0,2.3,0,1,100.0,0.0,0,0,,1,0,-2.82,0,89.8,0,0,1,0.0,,39.6,0.0,0,0,0,0,0,0,0.0,0,0.0,50.0,2,2,25.0,10.5,3.85,0,0,0.0,50.0,1,1,0.0,2,0,-0.52,0,87.1,0,0,2,50.0,0.0,66.7,0.0,0,0,0,0,0,0,0.0,11,5.5,,0,0,0.0,,,0,0,,,0,0,,0,0,0.0,0,,0,0,0,,,0.0,,0,0,0,0,0,0,,0,,50.0,2,2,25.0,10.5,3.85,0,0,0.0,50.0,1,1,0.0,2,0,-0.52,0,87.1,0,0,2,50.0,0.0,66.7,0.0,0,0,0,0,0,0,0.0,11,5.5,0,,0,0,0.0,,,0,0,,,0,0,,0,0,0.0,0,,0,0,0,,,0.0,,0,0,0,0,0,0,,0,,100.0,1,1,12.5,21.0,2.4,0,0,0.0,100.0,1,0,0.0,1,0,2.52,1,77.7,0,0,1,100.0,,118.8,0.0,0,0,0,0,0,0,0.0,22,22.0,,0,0,0.0,,,0,0,,,0,0,,0,0,0.0,0,,0,0,0,,,0.0,,0,0,0,0,0,0,,0,,100.0,2,2,25.0,6.5,1.95,0,0,0.0,100.0,2,0,0.0,2,0,0.45,1,61.7,0,0,2,100.0,,108.3,0.0,0,0,0,0,0,0,0.0,20,10.0,75.0,4,4,50.0,5.0,2.25,0,0,0.0,75.0,3,0,0.0,4,0,0.1,1,46.0,0,0,4,75.0,,91.7,0.0,0,0,0,0,0,1,25.0,26,6.5
Bert Emanuel Jr.,158581,QB,S DIEGO ST,5,9,10,100.0,3,3,33.3,-3.7,2.53,0,0,0.0,100.0,3,0,0.0,3,0,0.19,2,63.9,0,0,3,66.7,,90.3,0.0,0,0,0,0,0,0,0.0,17,5.7,100.0,3,3,33.3,-3.7,2.53,0,0,0.0,100.0,3,0,0.0,3,0,0.19,2,63.9,0,0,3,66.7,,90.3,0.0,0,0,0,0,0,0,0.0,17,5.7,,0,0,0.0,,,0,0,,,0,0,,0,0,0.0,0,,0,0,0,,,0.0,,0,0,0,0,0,0,,0,,,0,0,0.0,,,0,0,,,0,0,,0,0,0.0,0,,0,0,0,,,0.0,,0,0,0,0,0,0,,0,,100.0,1,1,11.1,1.0,2.6,0,0,0.0,100.0,1,0,0.0,1,0,0.41,0,61.0,0,0,1,100.0,,118.8,0.0,0,0,0,0,0,0,0.0,15,15.0,0,,0,0,0.0,,,0,0,0.0,,0,0,,0,0,0.0,0,50.1,0,0,1,,,0.0,,0,0,0,0,0,0,0.0,0,,284,,0,0,0.0,,,0,0,,,0,0,,0,0,0.0,0,,0,0,0,,,0.0,,0,0,0,0,0,0,,0,,,0,0,0.0,,,0,0,,,0,0,,0,0,0.0,0,,0,0,0,,,0.0,,0,0,0,0,0,0,,0,,0.0,1,1,11.1,10.0,2.5,0,0,0.0,0.0,0,0,,1,0,-1.75,0,48.5,0,0,1,0.0,,39.6,0.0,0,0,0,0,0,0,0.0,0,0.0,,0,0,0.0,,,0,0,,,0,0,,0,0,0.0,0,,0,0,0,,,0.0,,0,0,0,0,0,0,,0,,0.0,2,2,22.2,10.5,2.7,0,0,0.0,0.0,0,0,,2,0,-1.17,0,51.1,0,0,2,0.0,,39.6,0.0,0,0,0,0,0,0,0.0,0,0.0,0,,0,0,0.0,,,0,0,,,0,0,,0,0,0.0,0,,0,0,0,,,0.0,,0,0,0,0,0,0,,0,,,0,0,0.0,,,0,0,0.0,,0,0,,0,0,0.0,0,50.1,0,0,1,,,0.0,,0,0,0,0,0,0,0.0,0,,0.0,1,1,11.1,11.0,2.9,0,0,0.0,0.0,0,0,,1,0,-0.59,0,61.8,0,0,1,0.0,,39.6,0.0,0,0,0,0,0,0,0.0,0,0.0,100.0,1,1,11.1,5.0,2.2,0,0,0.0,100.0,1,0,0.0,1,0,0.0,0,60.6,0,0,1,0.0,,87.5,0.0,0,0,0,0,0,0,0.0,5,5.0,100.0,2,2,22.2,3.0,2.4,0,0,0.0,100.0,2,0,0.0,2,0,0.21,0,62.7,0,0,2,50.0,,108.3,0.0,0,0,0,0,0,0,0.0,20,10.0
Weston Bryan,207846,QB,GA SOUTHRN,7,9,10,100.0,2,2,22.2,-1.5,1.3,0,0,0.0,100.0,2,0,0.0,2,0,-0.63,0,54.5,0,0,2,0.0,,79.2,0.0,0,0,0,0,0,0,0.0,2,1.0,,0,0,0.0,,,0,0,,,0,0,,0,0,0.0,0,,0,0,0,,,0.0,,0,0,0,0,0,0,,0,,100.0,1,1,11.1,31.0,2.4,0,1,100.0,0.0,0,0,100.0,1,1,-0.71,0,87.4,0,0,1,0.0,,39.6,0.0,0,0,0,0,0,0,0.0,0,0.0,,0,0,0.0,,,0,0,,,0,0,,0,0,0.0,0,,0,0,0,,,0.0,,0,0,0,0,0,0,,0,,100.0,1,1,11.1,3.0,1.2,0,0,0.0,100.0,1,0,0.0,1,0,-0.1,0,60.6,0,0,1,0.0,,83.3,0.0,0,0,0,0,0,0,0.0,4,4.0,0,75.0,4,4,44.4,31.0,2.15,0,2,50.0,50.0,2,0,33.3,4,1,1.6,2,91.4,0,0,4,50.0,,135.4,0.0,0,0,0,0,2,0,0.0,65,16.3,174,100.0,1,1,11.1,-2.0,1.3,0,0,0.0,100.0,1,0,0.0,1,0,-0.7,0,57.7,0,0,1,0.0,,79.2,0.0,0,0,0,0,0,0,0.0,0,0.0,100.0,2,2,22.2,34.0,2.0,0,1,50.0,100.0,2,0,0.0,2,0,3.82,2,84.4,0,0,2,100.0,,158.3,0.0,0,0,0,0,2,0,0.0,65,32.5,,0,0,0.0,,,0,0,,,0,0,,0,0,0.0,0,,0,0,0,,,0.0,,0,0,0,0,0,0,,0,,,0,0,0.0,,,0,0,,,0,0,,0,0,0.0,0,,0,0,0,,,0.0,,0,0,0,0,0,0,,0,,100.0,1,1,11.1,11.0,1.5,0,0,0.0,100.0,1,0,0.0,1,0,0.96,1,72.6,0,0,1,100.0,,122.9,0.0,0,0,0,0,1,0,0.0,4,4.0,0,100.0,1,1,11.1,-1.0,1.3,0,0,0.0,100.0,1,0,0.0,1,0,-0.56,0,61.0,0,0,1,0.0,,79.2,0.0,0,0,0,0,0,0,0.0,2,2.0,0.0,1,1,11.1,25.0,2.2,0,0,0.0,0.0,0,0,,1,0,-0.53,0,58.9,0,0,1,0.0,,39.6,0.0,0,0,0,0,0,0,0.0,0,0.0,100.0,1,1,11.1,11.0,1.5,0,0,0.0,100.0,1,0,0.0,1,0,0.96,1,72.6,0,0,1,100.0,,122.9,0.0,0,0,0,0,1,0,0.0,4,4.0,100.0,1,1,11.1,4.0,2.4,0,0,0.0,100.0,1,0,0.0,1,0,1.0,0,54.6,0,0,2,100.0,,104.2,0.0,0,0,0,0,0,0,0.0,9,9.0,100.0,2,2,22.2,3.5,1.8,0,0,0.0,100.0,2,0,0.0,2,0,0.45,0,55.9,0,0,3,50.0,,93.8,0.0,0,0,0,0,0,0,0.0,13,6.5
Shay Smith,188323,QB,UTEP,5,8,9,66.7,3,3,37.5,-2.3,2.0,0,0,0.0,66.7,2,0,0.0,3,0,-0.23,0,56.1,0,0,3,33.3,,70.1,0.0,0,0,0,0,0,0,0.0,6,2.0,100.0,2,2,25.0,-2.5,1.35,0,0,0.0,100.0,2,0,0.0,2,0,0.07,0,62.7,0,0,2,50.0,,79.2,0.0,0,0,0,0,0,0,0.0,6,3.0,,0,0,0.0,,,0,0,,,0,0,,0,0,0.0,0,,0,0,0,,,0.0,,0,0,0,0,0,0,,0,,,0,0,0.0,,,0,0,,,0,0,,0,0,0.0,0,,0,0,0,,,0.0,,0,0,0,0,0,0,,0,,0.0,1,1,12.5,4.0,1.9,0,0,0.0,0.0,0,0,,1,0,-0.44,0,24.4,0,0,2,0.0,,39.6,0.0,0,0,0,0,0,1,50.0,0,0.0,0,0.0,1,1,12.5,36.0,3.2,0,0,0.0,0.0,0,1,,1,0,-0.57,0,41.2,0,0,3,0.0,0.0,39.6,0.0,0,0,0,0,0,1,33.3,0,0.0,330,,0,0,0.0,,,0,0,,,0,0,,0,0,0.0,0,,0,0,0,,,0.0,,0,0,0,0,0,0,,0,,0.0,1,1,12.5,36.0,3.2,0,0,0.0,0.0,0,1,,1,0,-0.57,0,38.4,0,0,2,0.0,0.0,39.6,0.0,0,0,0,0,0,1,50.0,0,0.0,,0,0,0.0,,,0,0,,,0,0,,0,0,0.0,0,,0,0,0,,,0.0,,0,0,0,0,0,0,,0,,,0,0,0.0,,,0,0,,,0,0,,0,0,0.0,0,,0,0,0,,,0.0,,0,0,0,0,0,0,,0,,0.0,2,2,25.0,12.5,3.6,0,0,0.0,0.0,0,0,,2,0,-1.21,0,62.5,0,0,2,0.0,,39.6,0.0,0,0,0,0,0,0,0.0,0,0.0,0,0.0,1,1,12.5,-2.0,3.3,0,0,0.0,0.0,0,0,,1,0,-0.83,0,57.7,0,0,1,0.0,,39.6,0.0,0,0,0,0,0,0,0.0,0,0.0,,0,0,0.0,,,0,0,0.0,,0,0,,0,0,0.0,0,59.3,0,0,1,,,0.0,,0,0,0,0,0,0,0.0,0,,0.0,2,2,25.0,12.5,3.6,0,0,0.0,0.0,0,0,,2,0,-1.21,0,62.5,0,0,2,0.0,,39.6,0.0,0,0,0,0,0,0,0.0,0,0.0,100.0,1,1,12.5,5.0,2.9,0,0,0.0,100.0,1,0,0.0,1,0,0.09,0,61.0,0,0,1,100.0,,87.5,0.0,0,0,0,0,0,0,0.0,5,5.0,50.0,2,2,25.0,4.5,2.4,0,0,0.0,50.0,1,0,0.0,2,0,-0.18,0,25.6,0,0,3,50.0,,56.3,0.0,0,0,0,0,0,1,33.3,5,2.5
Patrick Crayton Jr.,204285,QB,RICE,2,7,9,75.0,4,4,57.1,-3.0,1.7,0,0,0.0,75.0,3,1,0.0,4,0,-1.36,1,73.3,0,1,4,25.0,0.0,41.7,0.0,0,0,0,0,0,0,0.0,16,4.0,100.0,2,2,28.6,-4.0,0.7,0,0,0.0,100.0,2,0,0.0,2,0,0.53,1,80.7,0,0,2,50.0,,104.2,0.0,0,0,0,0,0,0,0.0,18,9.0,,0,0,0.0,,,0,0,,,0,0,,0,0,0.0,0,,0,0,0,,,0.0,,0,0,0,0,0,0,,0,,,0,0,0.0,,,0,0,,,0,0,,0,0,0.0,0,,0,0,0,,,0.0,,0,0,0,0,0,0,,0,,100.0,1,1,14.3,3.0,2.4,0,0,0.0,100.0,1,1,0.0,1,0,-0.55,0,60.6,0,0,1,0.0,0.0,83.3,0.0,0,0,0,0,0,0,0.0,4,4.0,0,,0,0,0.0,,,0,0,,,0,0,,0,0,0.0,0,,0,0,0,,,0.0,,0,0,0,0,0,0,,0,,275,0.0,1,1,14.3,-2.0,2.7,0,0,0.0,0.0,0,1,,1,0,-5.5,0,60.6,0,1,1,0.0,0.0,0.0,0.0,0,0,0,0,0,0,0.0,0,0.0,,0,0,0.0,,,0,0,,,0,0,,0,0,0.0,0,,0,0,0,,,0.0,,0,0,0,0,0,0,,0,,,0,0,0.0,,,0,0,,,0,0,,0,0,0.0,0,,0,0,0,,,0.0,,0,0,0,0,0,0,,0,,,0,0,0.0,,,0,0,,,0,0,,0,0,0.0,0,,0,0,0,,,0.0,,0,0,0,0,0,0,,0,,,0,0,0.0,,,0,0,,,0,0,,0,0,0.0,0,,0,0,0,,,0.0,,0,0,0,0,0,0,,0,,0,100.0,1,1,14.3,-2.0,2.7,0,0,0.0,100.0,1,0,0.0,1,0,-0.99,0,56.8,0,0,1,0.0,,79.2,0.0,0,0,0,0,0,0,0.0,-2,-2.0,,0,0,0.0,,,0,0,,,0,0,,0,0,0.0,0,,0,0,0,,,0.0,,0,0,0,0,0,0,,0,,,0,0,0.0,,,0,0,,,0,0,,0,0,0.0,0,,0,0,0,,,0.0,,0,0,0,0,0,0,,0,,,0,0,0.0,,,0,0,,,0,0,,0,0,0.0,0,,0,0,0,,,0.0,,0,0,0,0,0,0,,0,,100.0,1,1,14.3,3.0,2.4,0,0,0.0,100.0,1,1,0.0,1,0,-0.55,0,60.6,0,0,1,0.0,0.0,83.3,0.0,0,0,0,0,0,0,0.0,4,4.0
Zach Marker,173615,QB,DELAWARE,1,8,9,50.0,2,2,25.0,-1.5,1.35,0,0,0.0,0.0,0,0,100.0,2,1,-0.73,0,62.6,0,0,2,0.0,,39.6,0.0,0,0,0,0,0,0,0.0,0,0.0,50.0,2,2,25.0,-1.5,1.35,0,0,0.0,0.0,0,0,100.0,2,1,-0.73,0,62.6,0,0,2,0.0,,39.6,0.0,0,0,0,0,0,0,0.0,0,0.0,,0,0,0.0,,,0,0,,,0,0,,0,0,0.0,0,,0,0,0,,,0.0,,0,0,0,0,0,0,,0,,,0,0,0.0,,,0,0,,,0,0,,0,0,0.0,0,,0,0,0,,,0.0,,0,0,0,0,0,0,,0,,100.0,2,2,25.0,4.0,2.2,0,0,0.0,50.0,1,0,50.0,2,1,0.27,1,72.9,0,0,2,50.0,,60.4,0.0,0,0,0,0,0,0,0.0,8,4.0,0,0.0,1,1,12.5,25.0,2.6,0,0,0.0,0.0,0,0,,1,0,-0.95,0,50.8,0,0,1,0.0,,39.6,0.0,0,0,0,0,0,0,0.0,0,0.0,151,,0,0,0.0,,,0,0,,,0,0,,0,0,0.0,0,,0,0,0,,,0.0,,0,0,0,0,0,0,,0,,,0,0,0.0,,,0,0,,,0,0,,0,0,0.0,0,,0,0,0,,,0.0,,0,0,0,0,0,0,,0,,,0,0,0.0,,,0,0,,,0,0,,0,0,0.0,0,,0,0,0,,,0.0,,0,0,0,0,0,0,,0,,50.0,2,2,25.0,6.0,1.9,0,0,0.0,50.0,1,0,0.0,2,0,-0.13,0,54.9,0,0,2,50.0,,60.4,0.0,0,0,0,0,0,0,0.0,8,4.0,,0,0,0.0,,,0,0,,,0,0,,0,0,0.0,0,,0,0,0,,,0.0,,0,0,0,0,0,0,,0,,0,,0,0,0.0,,,0,0,,,0,0,,0,0,0.0,0,,0,0,0,,,0.0,,0,0,0,0,0,0,,0,,0.0,1,1,12.5,25.0,2.6,0,0,0.0,0.0,0,0,,1,0,-0.95,0,50.8,0,0,1,0.0,,39.6,0.0,0,0,0,0,0,0,0.0,0,0.0,,0,0,0.0,,,0,0,,,0,0,,0,0,0.0,0,,0,0,0,,,0.0,,0,0,0,0,0,0,,0,,100.0,1,1,12.5,3.0,1.5,0,0,0.0,100.0,1,0,0.0,1,0,-0.16,0,60.6,0,0,1,0.0,,87.5,0.0,0,0,0,0,0,0,0.0,5,5.0,80.0,5,5,62.5,4.6,1.94,0,0,0.0,60.0,3,0,25.0,5,1,0.02,1,66.7,0,0,5,40.0,,69.6,0.0,0,0,0,0,0,0,0.0,21,4.2
Jacurri Brown,156344,QB,UCF,2,5,9,,0,0,0.0,,,0,0,,,0,0,,0,0,0.0,0,,0,0,0,,,0.0,,0,0,0,0,0,0,,0,,,0,0,0.0,,,0,0,,,0,0,,0,0,0.0,0,,0,0,0,,,0.0,,0,0,0,0,0,0,,0,,,0,0,0.0,,,0,0,,,0,0,,0,0,0.0,0,,0,0,0,,,0.0,,0,0,0,0,0,0,,0,,0.0,2,2,40.0,13.5,2.55,0,0,0.0,0.0,0,1,,2,0,-1.79,0,25.4,0,1,2,0.0,0.0,0.0,0.0,0,0,0,0,0,1,50.0,0,0.0,100.0,2,2,40.0,5.5,1.6,0,0,0.0,100.0,2,0,0.0,2,0,1.22,1,62.9,0,0,2,100.0,,97.9,0.0,0,0,0,0,0,0,0.0,15,7.5,0,100.0,1,1,20.0,23.0,2.6,0,0,0.0,100.0,1,0,0.0,1,0,7.45,1,76.6,0,0,1,100.0,,158.3,0.0,0,0,0,0,1,0,0.0,82,82.0,323,,0,0,0.0,,,0,0,,,0,0,,0,0,0.0,0,,0,0,0,,,0.0,,0,0,0,0,0,0,,0,,100.0,1,1,20.0,23.0,2.6,0,0,0.0,100.0,1,0,0.0,1,0,7.45,1,76.6,0,0,1,100.0,,158.3,0.0,0,0,0,0,1,0,0.0,82,82.0,,0,0,0.0,,,0,0,,,0,0,,0,0,0.0,0,,0,0,0,,,0.0,,0,0,0,0,0,0,,0,,,0,0,0.0,,,0,0,,,0,0,,0,0,0.0,0,,0,0,0,,,0.0,,0,0,0,0,0,0,,0,,0.0,2,2,40.0,13.5,2.55,0,0,0.0,0.0,0,1,,2,0,-1.79,0,25.4,0,1,2,0.0,0.0,0.0,0.0,0,0,0,0,0,1,50.0,0,0.0,0,,0,0,0.0,,,0,0,,,0,0,,0,0,0.0,0,,0,0,0,,,0.0,,0,0,0,0,0,0,,0,,,0,0,0.0,,,0,0,,,0,0,,0,0,0.0,0,,0,0,0,,,0.0,,0,0,0,0,0,0,,0,,,0,0,0.0,,,0,0,,,0,0,,0,0,0.0,0,,0,0,0,,,0.0,,0,0,0,0,0,0,,0,,,0,0,0.0,,,0,0,,,0,0,,0,0,0.0,0,,0,0,0,,,0.0,,0,0,0,0,0,0,,0,,100.0,2,2,40.0,5.5,1.6,0,0,0.0,100.0,2,0,0.0,2,0,1.22,1,62.9,0,0,2,100.0,,97.9,0.0,0,0,0,0,0,0,0.0,15,7.5
Devin Brown,156479,QB,CAL,4,7,9,,0,0,0.0,,,0,0,,,0,0,,0,0,0.0,0,,0,0,0,,,0.0,,0,0,0,0,0,0,,0,,,0,0,0.0,,,0,0,,,0,0,,0,0,0.0,0,,0,0,0,,,0.0,,0,0,0,0,0,0,,0,,,0,0,0.0,,,0,0,,,0,0,,0,0,0.0,0,,0,0,0,,,0.0,,0,0,0,0,0,0,,0,,100.0,1,1,14.3,16.0,2.7,0,0,0.0,100.0,1,0,0.0,1,0,1.63,1,74.3,0,0,1,100.0,,118.8,0.0,0,0,0,0,0,0,0.0,16,16.0,66.7,3,3,42.9,5.0,2.47,0,0,0.0,66.7,2,0,0.0,3,0,0.07,1,50.0,0,0,3,33.3,,82.6,0.0,0,0,0,0,0,0,0.0,18,6.0,0,,0,0,0.0,,,0,0,,,0,0,,0,0,0.0,0,,0,0,0,,,0.0,,0,0,0,0,0,0,,0,,130,,0,0,0.0,,,0,0,,,0,0,,0,0,0.0,0,,0,0,0,,,0.0,,0,0,0,0,0,0,,0,,,0,0,0.0,,,0,0,,,0,0,,0,0,0.0,0,,0,0,0,,,0.0,,0,0,0,0,0,0,,0,,,0,0,0.0,,,0,0,,,0,0,,0,0,0.0,0,,0,0,0,,,0.0,,0,0,0,0,0,0,,0,,,0,0,0.0,,,0,0,,,0,0,,0,0,0.0,0,,0,0,0,,,0.0,,0,0,0,0,0,0,,0,,50.0,4,4,57.1,16.0,3.93,0,0,0.0,50.0,2,2,0.0,4,0,0.29,2,47.2,0,1,4,50.0,0.0,75.0,0.0,0,0,0,0,1,1,25.0,30,7.5,0,,0,0,0.0,,,0,0,,,0,0,,0,0,0.0,0,,0,0,0,,,0.0,,0,0,0,0,0,0,,0,,,0,0,0.0,,,0,0,,,0,0,,0,0,0.0,0,,0,0,0,,,0.0,,0,0,0,0,0,0,,0,,33.3,3,3,42.9,16.0,4.33,0,0,0.0,33.3,1,2,0.0,3,0,-0.16,1,34.1,0,1,3,33.3,0.0,49.3,0.0,0,0,0,0,1,1,33.3,14,4.7,,0,0,0.0,,,0,0,,,0,0,,0,0,0.0,0,,0,0,0,,,0.0,,0,0,0,0,0,0,,0,,66.7,3,3,42.9,5.0,2.47,0,0,0.0,66.7,2,0,0.0,3,0,0.07,1,50.0,0,0,3,33.3,,82.6,0.0,0,0,0,0,0,0,0.0,18,6.0
Deante Ruffin,198632,QB,KENT STATE,1,4,9,,0,0,0.0,,,0,0,,,0,0,,0,0,0.0,0,,0,0,0,,,0.0,,0,0,0,0,0,0,,0,,,0,0,0.0,,,0,0,,,0,0,,0,0,0.0,0,,0,0,0,,,0.0,,0,0,0,0,0,0,,0,,,0,0,0.0,,,0,0,,,0,0,,0,0,0.0,0,,0,0,0,,,0.0,,0,0,0,0,0,0,,0,,100.0,1,1,25.0,10.0,2.4,0,0,0.0,100.0,1,0,0.0,1,0,0.66,0,61.8,0,0,1,100.0,,108.3,0.0,0,0,0,0,0,0,0.0,10,10.0,50.0,2,2,50.0,6.0,2.05,0,0,0.0,50.0,1,1,0.0,2,0,-1.93,0,54.4,0,0,2,0.0,0.0,56.3,0.0,0,0,0,0,0,0,0.0,6,3.0,0,100.0,1,1,25.0,28.0,2.6,0,0,0.0,100.0,1,0,0.0,1,0,2.45,1,58.3,0,0,2,100.0,,118.8,0.0,0,0,0,0,0,0,0.0,34,34.0,201,,0,0,0.0,,,0,0,,,0,0,,0,0,0.0,0,,0,0,0,,,0.0,,0,0,0,0,0,0,,0,,100.0,1,1,25.0,28.0,2.6,0,0,0.0,100.0,1,0,0.0,1,0,2.45,1,58.3,0,0,2,100.0,,118.8,0.0,0,0,0,0,0,0,0.0,34,34.0,,0,0,0.0,,,0,0,,,0,0,,0,0,0.0,0,,0,0,0,,,0.0,,0,0,0,0,0,0,,0,,,0,0,0.0,,,0,0,,,0,0,,0,0,0.0,0,,0,0,0,,,0.0,,0,0,0,0,0,0,,0,,100.0,1,1,25.0,10.0,2.4,0,0,0.0,100.0,1,0,0.0,1,0,0.66,0,61.8,0,0,1,100.0,,108.3,0.0,0,0,0,0,0,0,0.0,10,10.0,0,,0,0,0.0,,,0,0,,,0,0,,0,0,0.0,0,,0,0,0,,,0.0,,0,0,0,0,0,0,,0,,,0,0,0.0,,,0,0,,,0,0,,0,0,0.0,0,,0,0,0,,,0.0,,0,0,0,0,0,0,,0,,,0,0,0.0,,,0,0,,,0,0,,0,0,0.0,0,,0,0,0,,,0.0,,0,0,0,0,0,0,,0,,,0,0,0.0,,,0,0,,,0,0,,0,0,0.0,0,,0,0,0,,,0.0,,0,0,0,0,0,0,,0,,50.0,2,2,50.0,6.0,2.05,0,0,0.0,50.0,1,1,0.0,2,0,-1.93,0,54.4,0,0,2,0.0,0.0,56.3,0.0,0,0,0,0,0,0,0.0,6,3.0
Chaston Ditta,198345,QB,E CAROLINA,3,7,9,,0,0,0.0,,,0,0,,,0,0,,0,0,0.0,0,,0,0,0,,,0.0,,0,0,0,0,0,0,,0,,,0,0,0.0,,,0,0,,,0,0,,0,0,0.0,0,,0,0,0,,,0.0,,0,0,0,0,0,0,,0,,,0,0,0.0,,,0,0,,,0,0,,0,0,0.0,0,,0,0,0,,,0.0,,0,0,0,0,0,0,,0,,0.0,1,1,14.3,11.0,2.0,0,0,0.0,0.0,0,0,,1,0,-0.91,0,47.3,0,0,1,0.0,,39.6,0.0,0,0,0,0,0,0,0.0,0,0.0,,0,0,0.0,,,0,0,,,0,0,,0,0,0.0,0,,0,0,0,,,0.0,,0,0,0,0,0,0,,0,,0,,0,0,0.0,,,0,0,,,0,0,,0,0,0.0,0,,0,0,0,,,0.0,,0,0,0,0,0,0,,0,,156,,0,0,0.0,,,0,0,,,0,0,,0,0,0.0,0,,0,0,0,,,0.0,,0,0,0,0,0,0,,0,,,0,0,0.0,,,0,0,,,0,0,,0,0,0.0,0,,0,0,0,,,0.0,,0,0,0,0,0,0,,0,,100.0,1,1,14.3,14.0,1.6,0,0,0.0,100.0,1,0,0.0,1,0,2.22,1,72.6,0,0,1,100.0,,152.1,0.0,0,0,0,0,1,0,0.0,11,11.0,100.0,1,1,14.3,3.0,1.5,0,0,0.0,100.0,1,0,0.0,1,0,0.99,1,60.4,0,0,1,100.0,,118.8,0.0,0,0,0,0,0,0,0.0,17,17.0,50.0,2,2,28.6,12.5,1.8,0,0,0.0,50.0,1,0,0.0,2,0,0.66,1,59.9,0,0,2,50.0,,106.3,0.0,0,0,0,0,1,0,0.0,11,5.5,0,,0,0,0.0,,,0,0,,,0,0,,0,0,0.0,0,,0,0,0,,,0.0,,0,0,0,0,0,0,,0,,,0,0,0.0,,,0,0,,,0,0,,0,0,0.0,0,,0,0,0,,,0.0,,0,0,0,0,0,0,,0,,,0,0,0.0,,,0,0,,,0,0,,0,0,0.0,0,,0,0,0,,,0.0,,0,0,0,0,0,0,,0,,100.0,3,3,42.9,3.3,1.5,0,0,0.0,66.7,2,0,33.3,3,1,-0.17,0,55.9,0,0,3,33.3,,71.5,0.0,0,0,0,0,0,0,0.0,10,3.3,100.0,4,4,57.1,3.3,1.5,0,0,0.0,75.0,3,0,25.0,4,1,0.12,1,57.4,0,0,4,50.0,,92.7,0.0,0,0,0,0,0,0,0.0,27,6.8
Julian Dugger,183269,QB,WASH STATE,3,3,9,0.0,1,1,33.3,-5.0,1.2,0,0,0.0,0.0,0,0,,1,0,-1.81,0,55.3,0,0,1,0.0,,39.6,0.0,0,0,0,0,0,0,0.0,0,0.0,0.0,1,1,33.3,-5.0,1.2,0,0,0.0,0.0,0,0,,1,0,-1.81,0,55.3,0,0,1,0.0,,39.6,0.0,0,0,0,0,0,0,0.0,0,0.0,,0,0,0.0,,,0,0,,,0,0,,0,0,0.0,0,,0,0,0,,,0.0,,0,0,0,0,0,0,,0,,,0,0,0.0,,,0,0,,,0,0,,0,0,0.0,0,,0,0,0,,,0.0,,0,0,0,0,0,0,,0,,0.0,1,1,33.3,7.0,1.9,0,0,0.0,0.0,0,0,,1,0,-0.37,0,53.7,0,0,1,0.0,,39.6,0.0,0,0,0,0,0,0,0.0,0,0.0,0,,0,0,0.0,,,0,0,,,0,0,,0,0,0.0,0,,0,0,0,,,0.0,,0,0,0,0,0,0,,0,,341,,0,0,0.0,,,0,0,,,0,0,,0,0,0.0,0,,0,0,0,,,0.0,,0,0,0,0,0,0,,0,,,0,0,0.0,,,0,0,,,0,0,,0,0,0.0,0,,0,0,0,,,0.0,,0,0,0,0,0,0,,0,,,0,0,0.0,,,0,0,,,0,0,,0,0,0.0,0,,0,0,0,,,0.0,,0,0,0,0,0,0,,0,,0.0,1,1,33.3,4.0,2.0,0,0,0.0,0.0,0,0,,1,0,-0.28,0,60.4,0,0,1,0.0,,39.6,0.0,0,0,0,0,0,0,0.0,0,0.0,,0,0,0.0,,,0,0,,,0,0,,0,0,0.0,0,,0,0,0,,,0.0,,0,0,0,0,0,0,,0,,0,,0,0,0.0,,,0,0,,,0,0,,0,0,0.0,0,,0,0,0,,,0.0,,0,0,0,0,0,0,,0,,,0,0,0.0,,,0,0,,,0,0,,0,0,0.0,0,,0,0,0,,,0.0,,0,0,0,0,0,0,,0,,,0,0,0.0,,,0,0,,,0,0,,0,0,0.0,0,,0,0,0,,,0.0,,0,0,0,0,0,0,,0,,,0,0,0.0,,,0,0,,,0,0,,0,0,0.0,0,,0,0,0,,,0.0,,0,0,0,0,0,0,,0,,0.0,2,2,66.7,5.5,1.95,0,0,0.0,0.0,0,0,,2,0,-0.33,0,54.9,0,0,2,0.0,,39.6,0.0,0,0,0,0,0,0,0.0,0,0.0
George MacIntyre,199971,QB,TENNESSEE,2,9,9,100.0,3,3,33.3,-1.0,1.43,0,0,0.0,100.0,3,0,0.0,3,0,0.63,2,63.9,0,0,3,100.0,,104.2,0.0,0,0,0,0,0,0,0.0,27,9.0,100.0,1,1,11.1,-1.0,1.6,0,0,0.0,100.0,1,0,0.0,1,0,1.07,0,60.4,0,0,1,100.0,,104.2,0.0,0,0,0,0,0,0,0.0,9,9.0,,0,0,0.0,,,0,0,,,0,0,,0,0,0.0,0,,0,0,0,,,0.0,,0,0,0,0,0,0,,0,,,0,0,0.0,,,0,0,,,0,0,,0,0,0.0,0,,0,0,0,,,0.0,,0,0,0,0,0,0,,0,,100.0,1,1,11.1,0.0,2.9,0,0,0.0,100.0,1,0,0.0,1,0,1.48,1,60.4,0,0,1,100.0,,100.0,0.0,0,0,0,0,0,0,0.0,8,8.0,0,0.0,2,2,22.2,32.5,3.65,0,0,0.0,0.0,0,1,,2,0,-1.06,0,43.6,0,0,2,0.0,0.0,39.6,0.0,0,0,0,0,0,0,0.0,0,0.0,307,100.0,1,1,11.1,-1.0,1.4,0,0,0.0,100.0,1,0,0.0,1,0,0.72,1,60.4,0,0,1,100.0,,118.8,0.0,0,0,0,0,0,0,0.0,13,13.0,,0,0,0.0,,,0,0,,,0,0,,0,0,0.0,0,,0,0,0,,,0.0,,0,0,0,0,0,0,,0,,,0,0,0.0,,,0,0,,,0,0,,0,0,0.0,0,,0,0,0,,,0.0,,0,0,0,0,0,0,,0,,100.0,1,1,11.1,8.0,5.0,0,0,0.0,100.0,1,0,0.0,1,0,0.52,0,60.4,0,0,1,100.0,,95.8,0.0,0,0,0,0,0,0,0.0,7,7.0,100.0,1,1,11.1,12.0,4.0,0,0,0.0,100.0,1,1,0.0,1,0,2.07,1,74.3,0,0,1,100.0,0.0,116.7,0.0,0,0,0,0,0,0,0.0,12,12.0,0,100.0,1,1,11.1,-1.0,1.3,0,0,0.0,100.0,1,0,0.0,1,0,0.11,1,60.6,0,0,1,100.0,,87.5,0.0,0,0,0,0,0,0,0.0,5,5.0,0.0,2,2,22.2,32.5,3.65,0,0,0.0,0.0,0,1,,2,0,-1.06,0,43.6,0,0,2,0.0,0.0,39.6,0.0,0,0,0,0,0,0,0.0,0,0.0,100.0,1,1,11.1,12.0,4.0,0,0,0.0,100.0,1,1,0.0,1,0,2.07,1,74.3,0,0,1,100.0,0.0,116.7,0.0,0,0,0,0,0,0,0.0,12,12.0,100.0,1,1,11.1,6.0,1.7,0,0,0.0,100.0,1,0,0.0,1,0,0.15,1,53.9,0,0,1,100.0,,91.7,0.0,0,0,0,0,0,0,0.0,6,6.0,100.0,3,3,33.3,4.7,3.2,0,0,0.0,100.0,3,0,0.0,3,0,0.71,2,56.2,0,0,3,100.0,,95.8,0.0,0,0,0,0,0,0,0.0,21,7.0
Hunter Herring,147138,QB,LA MONROE,6,7,8,,0,0,0.0,,,0,0,0.0,,0,0,,0,0,0.0,0,59.8,0,0,1,,,0.0,,0,0,0,0,0,0,0.0,0,,,0,0,0.0,,,0,0,0.0,,0,0,,0,0,0.0,0,59.8,0,0,1,,,0.0,,0,0,0,0,0,0,0.0,0,,0.0,1,1,14.3,39.0,5.0,0,0,0.0,0.0,0,0,,1,0,0.0,0,49.9,0,0,1,0.0,,39.6,0.0,0,0,0,0,0,0,0.0,0,0.0,,0,0,0.0,,,0,0,,,0,0,,0,0,0.0,0,,0,0,0,,,0.0,,0,0,0,0,0,0,,0,,100.0,2,2,28.6,6.0,2.2,0,0,0.0,100.0,2,1,0.0,2,0,3.63,2,73.0,0,0,2,100.0,0.0,118.8,0.0,0,0,0,0,0,0,0.0,61,30.5,0,0.0,2,2,28.6,30.0,4.35,0,0,0.0,0.0,0,1,,2,0,-1.87,0,30.1,0,1,2,0.0,0.0,0.0,0.0,0,0,0,0,0,1,50.0,0,0.0,209,,0,0,0.0,,,0,0,,,0,0,,0,0,0.0,0,,0,0,0,,,0.0,,0,0,0,0,0,0,,0,,,0,0,0.0,,,0,0,,,0,0,,0,0,0.0,0,,0,0,0,,,0.0,,0,0,0,0,0,0,,0,,,0,0,0.0,,,0,0,,,0,0,,0,0,0.0,0,,0,0,0,,,0.0,,0,0,0,0,0,0,,0,,0.0,1,1,14.3,8.0,3.1,0,0,0.0,0.0,0,1,,1,0,-0.61,0,60.4,0,0,1,0.0,0.0,39.6,0.0,0,0,0,0,0,0,0.0,0,0.0,50.0,2,2,28.6,12.5,2.55,0,0,0.0,50.0,1,0,0.0,2,0,-3.43,1,33.7,0,1,2,50.0,,58.3,0.0,0,0,0,0,1,1,50.0,7,3.5,0,,0,0,0.0,,,0,0,,,0,0,,0,0,0.0,0,,0,0,0,,,0.0,,0,0,0,0,0,0,,0,,0.0,1,1,14.3,21.0,3.7,0,0,0.0,0.0,0,1,,1,0,-3.75,0,37.5,0,1,1,0.0,0.0,0.0,0.0,0,0,0,0,0,1,100.0,0,0.0,50.0,2,2,28.6,12.5,2.55,0,0,0.0,50.0,1,0,0.0,2,0,-3.43,1,33.7,0,1,2,50.0,,58.3,0.0,0,0,0,0,1,1,50.0,7,3.5,,0,0,0.0,,,0,0,,,0,0,,0,0,0.0,0,,0,0,0,,,0.0,,0,0,0,0,0,0,,0,,66.7,3,3,42.9,6.7,2.5,0,0,0.0,66.7,2,2,0.0,3,0,2.21,2,71.7,0,0,3,66.7,0.0,109.7,0.0,0,0,0,0,0,0,0.0,61,20.3
Reese Poffenbarger,145346,QB,N TEXAS,2,7,8,100.0,2,2,28.6,-3.0,1.65,0,0,0.0,100.0,2,0,0.0,2,0,0.66,1,62.6,0,0,2,100.0,,106.3,0.0,0,0,0,0,0,0,0.0,19,9.5,100.0,1,1,14.3,-2.0,2.0,0,0,0.0,100.0,1,0,0.0,1,0,0.82,1,60.6,0,0,1,100.0,,112.5,0.0,0,0,0,0,0,0,0.0,11,11.0,0.0,1,1,14.3,35.0,3.5,0,0,0.0,0.0,0,0,,1,0,-0.94,0,27.8,0,0,1,0.0,,39.6,0.0,0,0,0,0,0,1,100.0,0,0.0,100.0,1,1,14.3,14.0,5.9,0,0,0.0,0.0,0,0,100.0,1,1,-0.7,0,72.6,0,0,1,0.0,,39.6,0.0,0,0,0,0,0,0,0.0,0,0.0,100.0,2,2,28.6,5.5,1.65,0,0,0.0,100.0,2,0,0.0,2,0,0.23,1,55.2,0,0,2,100.0,,91.7,0.0,0,0,0,0,0,0,0.0,12,6.0,0,0.0,1,1,14.3,35.0,3.5,0,0,0.0,0.0,0,0,,1,0,-0.94,0,27.8,0,0,1,0.0,,39.6,0.0,0,0,0,0,0,1,100.0,0,0.0,251,,0,0,0.0,,,0,0,,,0,0,,0,0,0.0,0,,0,0,0,,,0.0,,0,0,0,0,0,0,,0,,,0,0,0.0,,,0,0,,,0,0,,0,0,0.0,0,,0,0,0,,,0.0,,0,0,0,0,0,0,,0,,,0,0,0.0,,,0,0,,,0,0,,0,0,0.0,0,,0,0,0,,,0.0,,0,0,0,0,0,0,,0,,,0,0,0.0,,,0,0,,,0,0,,0,0,0.0,0,,0,0,0,,,0.0,,0,0,0,0,0,0,,0,,100.0,1,1,14.3,14.0,5.9,0,0,0.0,0.0,0,0,100.0,1,1,-0.7,0,72.6,0,0,1,0.0,,39.6,0.0,0,0,0,0,0,0,0.0,0,0.0,0,100.0,1,1,14.3,-4.0,1.3,0,0,0.0,100.0,1,0,0.0,1,0,0.5,0,60.4,0,0,1,100.0,,100.0,0.0,0,0,0,0,0,0,0.0,8,8.0,,0,0,0.0,,,0,0,,,0,0,,0,0,0.0,0,,0,0,0,,,0.0,,0,0,0,0,0,0,,0,,,0,0,0.0,,,0,0,,,0,0,,0,0,0.0,0,,0,0,0,,,0.0,,0,0,0,0,0,0,,0,,100.0,1,1,14.3,6.0,1.7,0,0,0.0,100.0,1,0,0.0,1,0,0.04,0,60.4,0,0,1,100.0,,87.5,0.0,0,0,0,0,0,0,0.0,5,5.0,100.0,3,3,42.9,5.7,1.67,0,0,0.0,100.0,3,0,0.0,3,0,0.17,1,56.2,0,0,3,100.0,,90.3,0.0,0,0,0,0,0,0,0.0,17,5.7
Malachi Toney,200155,WR,MIAMI FL,6,7,8,100.0,1,1,14.3,-8.0,3.5,0,0,0.0,100.0,1,0,0.0,1,0,2.38,1,60.4,0,0,1,100.0,,158.3,0.0,0,0,0,0,1,0,0.0,14,14.0,100.0,1,1,14.3,-8.0,3.5,0,0,0.0,100.0,1,0,0.0,1,0,2.38,1,60.4,0,0,1,100.0,,158.3,0.0,0,0,0,0,1,0,0.0,14,14.0,,0,0,0.0,,,0,0,,,0,0,,0,0,0.0,0,,0,0,0,,,0.0,,0,0,0,0,0,0,,0,,,0,0,0.0,,,0,0,,,0,0,,0,0,0.0,0,,0,0,0,,,0.0,,0,0,0,0,0,0,,0,,100.0,1,1,14.3,8.0,4.0,0,0,0.0,100.0,1,0,0.0,1,0,0.94,1,77.2,0,0,1,100.0,,118.8,0.0,0,0,0,0,0,0,0.0,15,15.0,0,33.3,3,3,42.9,25.7,2.83,0,1,33.3,33.3,1,1,0.0,3,0,0.42,1,72.6,0,0,3,33.3,0.0,81.9,0.0,0,0,0,0,0,0,0.0,44,14.7,220,,0,0,0.0,,,0,0,,,0,0,,0,0,0.0,0,,0,0,0,,,0.0,,0,0,0,0,0,0,,0,,,0,0,0.0,,,0,0,,,0,0,,0,0,0.0,0,,0,0,0,,,0.0,,0,0,0,0,0,0,,0,,0.0,1,1,14.3,10.0,1.6,0,0,0.0,0.0,0,1,,1,0,-0.65,0,47.3,0,0,1,0.0,0.0,39.6,0.0,0,0,0,0,0,0,0.0,0,0.0,,0,0,0.0,,,0,0,,,0,0,,0,0,0.0,0,,0,0,0,,,0.0,,0,0,0,0,0,0,,0,,50.0,2,2,28.6,11.0,2.2,0,0,0.0,50.0,1,1,0.0,2,0,0.63,1,59.9,0,0,2,50.0,0.0,102.1,0.0,0,0,0,0,1,0,0.0,9,4.5,0,,0,0,0.0,,,0,0,,,0,0,,0,0,0.0,0,,0,0,0,,,0.0,,0,0,0,0,0,0,,0,,33.3,3,3,42.9,25.7,2.83,0,1,33.3,33.3,1,1,0.0,3,0,0.42,1,72.6,0,0,3,33.3,0.0,81.9,0.0,0,0,0,0,0,0,0.0,44,14.7,100.0,1,1,14.3,12.0,2.8,0,0,0.0,100.0,1,0,0.0,1,0,1.9,1,72.6,0,0,1,100.0,,143.8,0.0,0,0,0,0,1,0,0.0,9,9.0,,0,0,0.0,,,0,0,0.0,,0,0,,0,0,0.0,0,74.6,0,0,1,,,0.0,,0,0,0,0,0,0,0.0,0,,100.0,1,1,14.3,8.0,4.0,0,0,0.0,100.0,1,0,0.0,1,0,0.94,1,90.2,0,0,2,100.0,,118.8,0.0,0,0,0,0,0,0,0.0,15,15.0
William Watson III,174771,QB,VA TECH,3,4,8,,0,0,0.0,,,0,0,,,0,0,,0,0,0.0,0,,0,0,0,,,0.0,,0,0,0,0,0,0,,0,,,0,0,0.0,,,0,0,,,0,0,,0,0,0.0,0,,0,0,0,,,0.0,,0,0,0,0,0,0,,0,,,0,0,0.0,,,0,0,,,0,0,,0,0,0.0,0,,0,0,0,,,0.0,,0,0,0,0,0,0,,0,,,0,0,0.0,,,0,0,,,0,0,,0,0,0.0,0,,0,0,0,,,0.0,,0,0,0,0,0,0,,0,,100.0,1,1,25.0,2.0,3.8,0,0,0.0,100.0,1,0,0.0,1,0,2.79,1,60.6,0,0,1,100.0,,118.8,0.0,0,0,0,0,0,0,0.0,38,38.0,0,100.0,1,1,25.0,33.0,2.9,0,1,100.0,100.0,1,1,0.0,1,0,4.91,1,89.4,0,0,1,100.0,0.0,118.8,0.0,0,0,0,0,0,0,0.0,39,39.0,337,,0,0,0.0,,,0,0,,,0,0,,0,0,0.0,0,,0,0,0,,,0.0,,0,0,0,0,0,0,,0,,,0,0,0.0,,,0,0,,,0,0,,0,0,0.0,0,,0,0,0,,,0.0,,0,0,0,0,0,0,,0,,0.0,1,1,25.0,12.0,3.3,0,0,0.0,0.0,0,0,,1,0,-0.51,0,46.8,0,0,1,0.0,,39.6,0.0,0,0,0,0,0,0,0.0,0,0.0,,0,0,0.0,,,0,0,,,0,0,,0,0,0.0,0,,0,0,0,,,0.0,,0,0,0,0,0,0,,0,,0.0,2,2,50.0,14.0,2.9,0,0,0.0,0.0,0,0,,2,0,-0.64,0,36.2,0,0,2,0.0,,39.6,0.0,0,0,0,0,0,0,0.0,0,0.0,0,,0,0,0.0,,,0,0,,,0,0,,0,0,0.0,0,,0,0,0,,,0.0,,0,0,0,0,0,0,,0,,100.0,1,1,25.0,33.0,2.9,0,1,100.0,100.0,1,1,0.0,1,0,4.91,1,89.4,0,0,1,100.0,0.0,118.8,0.0,0,0,0,0,0,0,0.0,39,39.0,0.0,1,1,25.0,16.0,2.5,0,0,0.0,0.0,0,0,,1,0,-0.77,0,47.3,0,0,1,0.0,,39.6,0.0,0,0,0,0,0,0,0.0,0,0.0,,0,0,0.0,,,0,0,,,0,0,,0,0,0.0,0,,0,0,0,,,0.0,,0,0,0,0,0,0,,0,,100.0,1,1,25.0,2.0,3.8,0,0,0.0,100.0,1,0,0.0,1,0,2.79,1,60.6,0,0,1,100.0,,118.8,0.0,0,0,0,0,0,0,0.0,38,38.0
Anthony Garcia,174863,WR,UTAH ST,6,7,8,,0,0,0.0,,,0,0,,,0,0,,0,0,0.0,0,,0,0,0,,,0.0,,0,0,0,0,0,0,,0,,,0,0,0.0,,,0,0,,,0,0,,0,0,0.0,0,,0,0,0,,,0.0,,0,0,0,0,0,0,,0,,100.0,1,1,14.3,28.0,3.5,0,1,100.0,100.0,1,0,0.0,1,0,3.01,1,87.7,0,0,1,100.0,,158.3,0.0,0,0,0,0,1,0,0.0,24,24.0,,0,0,0.0,,,0,0,,,0,0,,0,0,0.0,0,,0,0,0,,,0.0,,0,0,0,0,0,0,,0,,100.0,1,1,14.3,6.0,3.5,0,0,0.0,100.0,1,1,0.0,1,0,3.24,1,67.7,0,0,2,100.0,0.0,118.8,0.0,0,0,0,0,1,0,0.0,3,3.0,0,50.0,2,2,28.6,25.0,3.5,0,1,50.0,50.0,1,0,0.0,2,0,1.21,1,84.0,0,0,2,50.0,,133.3,0.0,0,0,0,0,1,0,0.0,24,12.0,329,,0,0,0.0,,,0,0,,,0,0,,0,0,0.0,0,,0,0,0,,,0.0,,0,0,0,0,0,0,,0,,,0,0,0.0,,,0,0,,,0,0,,0,0,0.0,0,,0,0,0,,,0.0,,0,0,0,0,0,0,,0,,,0,0,0.0,,,0,0,,,0,0,,0,0,0.0,0,,0,0,0,,,0.0,,0,0,0,0,0,0,,0,,100.0,1,1,14.3,4.0,1.5,0,0,0.0,100.0,1,0,0.0,1,0,-0.5,0,60.6,0,0,1,0.0,,87.5,0.0,0,0,0,0,0,0,0.0,5,5.0,100.0,2,2,28.6,15.0,3.8,0,0,0.0,100.0,2,0,0.0,2,0,2.43,2,83.1,0,0,2,100.0,,158.3,0.0,0,0,0,0,1,0,0.0,45,22.5,0,,0,0,0.0,,,0,0,,,0,0,,0,0,0.0,0,,0,0,0,,,0.0,,0,0,0,0,0,0,,0,,0.0,1,1,14.3,22.0,3.5,0,0,0.0,0.0,0,0,,1,0,-0.59,0,58.4,0,0,1,0.0,,39.6,0.0,0,0,0,0,0,0,0.0,0,0.0,100.0,2,2,28.6,15.0,3.8,0,0,0.0,100.0,2,0,0.0,2,0,2.43,2,83.1,0,0,2,100.0,,158.3,0.0,0,0,0,0,1,0,0.0,45,22.5,100.0,1,1,14.3,2.0,3.1,0,0,0.0,100.0,1,0,0.0,1,0,1.17,1,73.7,0,0,1,100.0,,118.8,0.0,0,0,0,0,1,0,0.0,2,2.0,100.0,3,3,42.9,4.0,2.7,0,0,0.0,100.0,3,1,0.0,3,0,1.3,2,77.0,0,0,4,66.7,0.0,120.1,0.0,0,0,0,0,2,0,0.0,10,3.3
Cole Feuerbacher,171447,QB,MO STATE,2,8,8,100.0,3,3,37.5,-4.0,2.03,0,0,0.0,100.0,3,1,0.0,3,0,-1.32,1,56.1,0,0,3,33.3,0.0,81.9,0.0,0,0,0,0,0,0,0.0,11,3.7,100.0,2,2,25.0,-3.5,1.55,0,0,0.0,100.0,2,1,0.0,2,0,-2.5,0,54.5,0,0,2,0.0,0.0,79.2,0.0,0,0,0,0,0,0,0.0,3,1.5,0.0,1,1,12.5,29.0,2.6,0,0,0.0,0.0,0,0,,1,0,-0.85,0,50.4,0,0,1,0.0,,39.6,0.0,0,0,0,0,0,0,0.0,0,0.0,,0,0,0.0,,,0,0,,,0,0,,0,0,0.0,0,,0,0,0,,,0.0,,0,0,0,0,0,0,,0,,100.0,1,1,12.5,8.0,1.5,0,0,0.0,100.0,1,0,0.0,1,0,1.06,0,60.9,0,0,1,100.0,,104.2,0.0,0,0,0,0,0,0,0.0,9,9.0,0,0.0,1,1,12.5,29.0,2.6,0,0,0.0,0.0,0,0,,1,0,-0.85,0,50.4,0,0,1,0.0,,39.6,0.0,0,0,0,0,0,0,0.0,0,0.0,230,100.0,1,1,12.5,-5.0,3.0,0,0,0.0,100.0,1,0,0.0,1,0,1.03,1,61.0,0,0,1,100.0,,100.0,0.0,0,0,0,0,0,0,0.0,8,8.0,,0,0,0.0,,,0,0,,,0,0,,0,0,0.0,0,,0,0,0,,,0.0,,0,0,0,0,0,0,,0,,,0,0,0.0,,,0,0,,,0,0,,0,0,0.0,0,,0,0,0,,,0.0,,0,0,0,0,0,0,,0,,100.0,2,2,25.0,3.5,3.7,0,0,0.0,50.0,1,1,50.0,2,1,-0.63,0,62.9,0,0,2,0.0,0.0,56.3,0.0,0,0,0,0,0,0,0.0,1,0.5,,0,0,0.0,,,0,0,0.0,,0,0,,0,0,0.0,0,72.6,0,0,1,,,0.0,,0,0,0,0,0,0,0.0,0,,0,,0,0,0.0,,,0,0,,,0,0,,0,0,0.0,0,,0,0,0,,,0.0,,0,0,0,0,0,0,,0,,,0,0,0.0,,,0,0,,,0,0,,0,0,0.0,0,,0,0,0,,,0.0,,0,0,0,0,0,0,,0,,,0,0,0.0,,,0,0,0.0,,0,0,,0,0,0.0,0,72.6,0,0,1,,,0.0,,0,0,0,0,0,0,0.0,0,,100.0,1,1,12.5,7.0,2.4,0,0,0.0,100.0,1,0,0.0,1,0,-0.98,0,61.6,0,0,1,0.0,,95.8,0.0,0,0,0,0,0,0,0.0,7,7.0,100.0,4,4,50.0,5.5,2.83,0,0,0.0,75.0,3,1,25.0,4,1,-0.3,0,64.2,0,0,4,25.0,0.0,82.3,0.0,0,0,0,0,0,0,0.0,17,4.3
Ethan Houck,198664,QB,LIBERTY,2,6,7,,0,0,0.0,,,0,0,,,0,0,,0,0,0.0,0,,0,0,0,,,0.0,,0,0,0,0,0,0,,0,,,0,0,0.0,,,0,0,,,0,0,,0,0,0.0,0,,0,0,0,,,0.0,,0,0,0,0,0,0,,0,,,0,0,0.0,,,0,0,,,0,0,,0,0,0.0,0,,0,0,0,,,0.0,,0,0,0,0,0,0,,0,,50.0,2,2,33.3,16.0,2.9,0,0,0.0,50.0,1,0,0.0,2,0,0.36,1,59.9,0,0,2,50.0,,79.2,0.0,0,0,0,0,0,0,0.0,17,8.5,,0,0,0.0,,,0,0,,,0,0,,0,0,0.0,0,,0,0,0,,,0.0,,0,0,0,0,0,0,,0,,0,0.0,1,1,16.7,22.0,4.1,0,0,0.0,0.0,0,0,,1,0,-0.38,0,24.6,0,0,1,0.0,,39.6,0.0,0,0,0,0,0,1,100.0,0,0.0,206,,0,0,0.0,,,0,0,,,0,0,,0,0,0.0,0,,0,0,0,,,0.0,,0,0,0,0,0,0,,0,,,0,0,0.0,,,0,0,,,0,0,,0,0,0.0,0,,0,0,0,,,0.0,,0,0,0,0,0,0,,0,,0.0,2,2,33.3,16.5,2.65,0,1,50.0,0.0,0,0,,2,0,-1.68,0,43.6,0,1,2,0.0,,0.0,0.0,0,0,0,0,0,1,50.0,0,0.0,,0,0,0.0,,,0,0,,,0,0,,0,0,0.0,0,,0,0,0,,,0.0,,0,0,0,0,0,0,,0,,25.0,4,4,66.7,16.3,2.78,0,1,25.0,25.0,1,0,0.0,4,0,-0.66,1,47.9,0,1,4,25.0,,5.2,0.0,0,0,0,0,0,1,25.0,17,4.3,0,,0,0,0.0,,,0,0,,,0,0,,0,0,0.0,0,,0,0,0,,,0.0,,0,0,0,0,0,0,,0,,0.0,1,1,16.7,22.0,4.1,0,0,0.0,0.0,0,0,,1,0,-0.38,0,24.6,0,0,1,0.0,,39.6,0.0,0,0,0,0,0,1,100.0,0,0.0,,0,0,0.0,,,0,0,,,0,0,,0,0,0.0,0,,0,0,0,,,0.0,,0,0,0,0,0,0,,0,,,0,0,0.0,,,0,0,,,0,0,,0,0,0.0,0,,0,0,0,,,0.0,,0,0,0,0,0,0,,0,,,0,0,0.0,,,0,0,,,0,0,,0,0,0.0,0,,0,0,0,,,0.0,,0,0,0,0,0,0,,0,
Alex Manske,198567,QB,IOWA STATE,1,5,7,100.0,1,1,20.0,-6.0,1.3,0,0,0.0,100.0,1,0,0.0,1,0,-1.12,0,60.6,0,0,1,0.0,,79.2,0.0,0,0,0,0,0,0,0.0,0,0.0,100.0,1,1,20.0,-6.0,1.3,0,0,0.0,100.0,1,0,0.0,1,0,-1.12,0,60.6,0,0,1,0.0,,79.2,0.0,0,0,0,0,0,0,0.0,0,0.0,,0,0,0.0,,,0,0,,,0,0,,0,0,0.0,0,,0,0,0,,,0.0,,0,0,0,0,0,0,,0,,,0,0,0.0,,,0,0,,,0,0,,0,0,0.0,0,,0,0,0,,,0.0,,0,0,0,0,0,0,,0,,,0,0,0.0,,,0,0,,,0,0,,0,0,0.0,0,,0,0,0,,,0.0,,0,0,0,0,0,0,,0,,0,,0,0,0.0,,,0,0,,,0,0,,0,0,0.0,0,,0,0,0,,,0.0,,0,0,0,0,0,0,,0,,193,,0,0,0.0,,,0,0,,,0,0,,0,0,0.0,0,,0,0,0,,,0.0,,0,0,0,0,0,0,,0,,,0,0,0.0,,,0,0,,,0,0,,0,0,0.0,0,,0,0,0,,,0.0,,0,0,0,0,0,0,,0,,,0,0,0.0,,,0,0,0.0,,0,0,,0,0,0.0,0,48.5,0,0,1,,,0.0,,0,0,0,0,0,0,0.0,0,,100.0,2,2,40.0,4.5,2.05,0,0,0.0,100.0,2,0,0.0,2,0,1.06,1,62.7,0,0,2,100.0,,106.3,0.0,0,0,0,0,0,0,0.0,19,9.5,,0,0,0.0,,,0,0,0.0,,0,0,,0,0,0.0,0,48.5,0,0,1,,,0.0,,0,0,0,0,0,0,0.0,0,,0,,0,0,0.0,,,0,0,,,0,0,,0,0,0.0,0,,0,0,0,,,0.0,,0,0,0,0,0,0,,0,,,0,0,0.0,,,0,0,,,0,0,,0,0,0.0,0,,0,0,0,,,0.0,,0,0,0,0,0,0,,0,,,0,0,0.0,,,0,0,,,0,0,,0,0,0.0,0,,0,0,0,,,0.0,,0,0,0,0,0,0,,0,,50.0,2,2,40.0,7.0,2.15,0,0,0.0,50.0,1,0,0.0,2,0,0.43,1,64.8,0,0,2,50.0,,62.5,0.0,0,0,0,0,0,0,0.0,9,4.5,75.0,4,4,80.0,5.8,2.1,0,0,0.0,75.0,3,0,0.0,4,0,0.74,2,66.2,0,0,4,75.0,,93.8,0.0,0,0,0,0,0,0,0.0,28,7.0
Brady Lichtenberg,144226,QB,CINCINNATI,1,6,7,66.7,3,3,50.0,-1.3,2.03,0,0,0.0,66.7,2,1,0.0,3,0,-0.18,1,63.9,0,0,3,33.3,0.0,85.4,0.0,0,0,0,0,0,0,0.0,20,6.7,66.7,3,3,50.0,-1.3,2.03,0,0,0.0,66.7,2,1,0.0,3,0,-0.18,1,63.9,0,0,3,33.3,0.0,85.4,0.0,0,0,0,0,0,0,0.0,20,6.7,,0,0,0.0,,,0,0,,,0,0,,0,0,0.0,0,,0,0,0,,,0.0,,0,0,0,0,0,0,,0,,,0,0,0.0,,,0,0,,,0,0,,0,0,0.0,0,,0,0,0,,,0.0,,0,0,0,0,0,0,,0,,100.0,1,1,16.7,4.0,1.6,0,0,0.0,100.0,1,0,0.0,1,0,0.22,1,56.1,0,0,1,100.0,,95.8,0.0,0,0,0,0,0,0,0.0,7,7.0,0,100.0,1,1,16.7,32.0,3.0,0,1,100.0,100.0,1,0,0.0,1,0,4.44,1,87.3,0,0,1,100.0,,158.3,0.0,0,0,0,0,1,0,0.0,29,29.0,138,,0,0,0.0,,,0,0,,,0,0,,0,0,0.0,0,,0,0,0,,,0.0,,0,0,0,0,0,0,,0,,100.0,1,1,16.7,32.0,3.0,0,1,100.0,100.0,1,0,0.0,1,0,4.44,1,87.3,0,0,1,100.0,,158.3,0.0,0,0,0,0,1,0,0.0,29,29.0,,0,0,0.0,,,0,0,,,0,0,,0,0,0.0,0,,0,0,0,,,0.0,,0,0,0,0,0,0,,0,,,0,0,0.0,,,0,0,,,0,0,,0,0,0.0,0,,0,0,0,,,0.0,,0,0,0,0,0,0,,0,,,0,0,0.0,,,0,0,,,0,0,,0,0,0.0,0,,0,0,0,,,0.0,,0,0,0,0,0,0,,0,,0,,0,0,0.0,,,0,0,,,0,0,,0,0,0.0,0,,0,0,0,,,0.0,,0,0,0,0,0,0,,0,,,0,0,0.0,,,0,0,,,0,0,,0,0,0.0,0,,0,0,0,,,0.0,,0,0,0,0,0,0,,0,,,0,0,0.0,,,0,0,,,0,0,,0,0,0.0,0,,0,0,0,,,0.0,,0,0,0,0,0,0,,0,,0.0,1,1,16.7,6.0,1.7,0,0,0.0,0.0,0,0,,1,0,-0.65,0,53.3,0,0,1,0.0,,39.6,0.0,0,0,0,0,0,0,0.0,0,0.0,50.0,2,2,33.3,5.0,1.65,0,0,0.0,50.0,1,0,0.0,2,0,-0.22,1,49.5,0,0,2,50.0,,58.3,0.0,0,0,0,0,0,0,0.0,7,3.5
Bryson Graves,175806,WR,COAST CAR,6,5,7,100.0,1,1,20.0,-6.0,3.4,0,0,0.0,100.0,1,0,0.0,1,0,0.54,0,60.4,0,0,1,100.0,,95.8,0.0,0,0,0,0,0,0,0.0,7,7.0,100.0,1,1,20.0,-6.0,3.4,0,0,0.0,100.0,1,0,0.0,1,0,0.54,0,60.4,0,0,1,100.0,,95.8,0.0,0,0,0,0,0,0,0.0,7,7.0,,0,0,0.0,,,0,0,,,0,0,,0,0,0.0,0,,0,0,0,,,0.0,,0,0,0,0,0,0,,0,,,0,0,0.0,,,0,0,,,0,0,,0,0,0.0,0,,0,0,0,,,0.0,,0,0,0,0,0,0,,0,,100.0,1,1,20.0,9.0,3.3,0,0,0.0,0.0,0,1,100.0,1,1,-0.59,0,60.4,0,0,1,0.0,0.0,39.6,0.0,0,0,0,0,0,0,0.0,0,0.0,0,100.0,2,2,40.0,29.5,3.95,0,0,0.0,100.0,2,0,0.0,2,0,2.22,1,89.3,0,0,2,50.0,,158.3,0.0,0,0,0,0,1,0,0.0,115,57.5,141,,0,0,0.0,,,0,0,,,0,0,,0,0,0.0,0,,0,0,0,,,0.0,,0,0,0,0,0,0,,0,,,0,0,0.0,,,0,0,,,0,0,,0,0,0.0,0,,0,0,0,,,0.0,,0,0,0,0,0,0,,0,,,0,0,0.0,,,0,0,,,0,0,,0,0,0.0,0,,0,0,0,,,0.0,,0,0,0,0,0,0,,0,,,0,0,0.0,,,0,0,,,0,0,,0,0,0.0,0,,0,0,0,,,0.0,,0,0,0,0,0,0,,0,,100.0,1,1,20.0,13.0,3.5,0,0,0.0,100.0,1,0,0.0,1,0,1.9,1,73.1,0,0,1,100.0,,118.8,0.0,0,0,0,0,0,0,0.0,25,25.0,0,,0,0,0.0,,,0,0,,,0,0,,0,0,0.0,0,,0,0,0,,,0.0,,0,0,0,0,0,0,,0,,100.0,2,2,40.0,29.5,3.95,0,0,0.0,100.0,2,0,0.0,2,0,2.22,1,89.3,0,0,2,50.0,,158.3,0.0,0,0,0,0,1,0,0.0,115,57.5,100.0,1,1,20.0,13.0,3.5,0,0,0.0,100.0,1,0,0.0,1,0,1.9,1,73.1,0,0,1,100.0,,118.8,0.0,0,0,0,0,0,0,0.0,25,25.0,,0,0,0.0,,,0,0,,,0,0,,0,0,0.0,0,,0,0,0,,,0.0,,0,0,0,0,0,0,,0,,100.0,1,1,20.0,9.0,3.3,0,0,0.0,0.0,0,1,100.0,1,1,-0.59,0,60.4,0,0,1,0.0,0.0,39.6,0.0,0,0,0,0,0,0,0.0,0,0.0
Nate Bennett,184815,QB,BAYLOR,1,7,7,100.0,2,2,28.6,-1.5,1.3,0,0,0.0,100.0,2,0,0.0,2,0,-0.34,0,62.6,0,0,2,0.0,,79.2,0.0,0,0,0,0,0,0,0.0,6,3.0,,0,0,0.0,,,0,0,,,0,0,,0,0,0.0,0,,0,0,0,,,0.0,,0,0,0,0,0,0,,0,,,0,0,0.0,,,0,0,,,0,0,,0,0,0.0,0,,0,0,0,,,0.0,,0,0,0,0,0,0,,0,,50.0,2,2,28.6,11.5,2.55,0,0,0.0,50.0,1,1,0.0,2,0,0.29,1,67.3,0,0,2,50.0,0.0,66.7,0.0,0,0,0,0,0,0,0.0,11,5.5,,0,0,0.0,,,0,0,,,0,0,,0,0,0.0,0,,0,0,0,,,0.0,,0,0,0,0,0,0,,0,,0,,0,0,0.0,,,0,0,,,0,0,,0,0,0.0,0,,0,0,0,,,0.0,,0,0,0,0,0,0,,0,,118,100.0,2,2,28.6,-1.5,1.3,0,0,0.0,100.0,2,0,0.0,2,0,-0.34,0,62.6,0,0,2,0.0,,79.2,0.0,0,0,0,0,0,0,0.0,6,3.0,,0,0,0.0,,,0,0,,,0,0,,0,0,0.0,0,,0,0,0,,,0.0,,0,0,0,0,0,0,,0,,,0,0,0.0,,,0,0,,,0,0,,0,0,0.0,0,,0,0,0,,,0.0,,0,0,0,0,0,0,,0,,,0,0,0.0,,,0,0,,,0,0,,0,0,0.0,0,,0,0,0,,,0.0,,0,0,0,0,0,0,,0,,50.0,4,4,57.1,11.3,2.65,0,0,0.0,50.0,2,1,0.0,4,0,-0.39,2,68.0,0,0,4,50.0,0.0,66.7,0.0,0,0,0,0,0,0,0.0,22,5.5,0,,0,0,0.0,,,0,0,,,0,0,,0,0,0.0,0,,0,0,0,,,0.0,,0,0,0,0,0,0,,0,,,0,0,0.0,,,0,0,,,0,0,,0,0,0.0,0,,0,0,0,,,0.0,,0,0,0,0,0,0,,0,,50.0,2,2,28.6,11.0,2.75,0,0,0.0,50.0,1,0,0.0,2,0,-1.06,1,63.6,0,0,2,50.0,,66.7,0.0,0,0,0,0,0,0,0.0,11,5.5,100.0,1,1,14.3,4.0,4.8,0,0,0.0,100.0,1,0,0.0,1,0,0.44,0,61.0,0,0,1,100.0,,91.7,0.0,0,0,0,0,0,0,0.0,6,6.0,100.0,1,1,14.3,4.0,4.8,0,0,0.0,100.0,1,0,0.0,1,0,0.44,0,61.0,0,0,1,100.0,,91.7,0.0,0,0,0,0,0,0,0.0,6,6.0
Banks Bowen,204187,QB,OKLA STATE,2,5,7,100.0,3,3,60.0,-4.3,2.27,0,0,0.0,100.0,3,2,0.0,3,0,-0.18,0,32.7,0,0,3,33.3,0.0,79.2,0.0,0,0,0,0,0,1,33.3,4,1.3,100.0,3,3,60.0,-4.3,2.27,0,0,0.0,100.0,3,2,0.0,3,0,-0.18,0,32.7,0,0,3,33.3,0.0,79.2,0.0,0,0,0,0,0,1,33.3,4,1.3,,0,0,0.0,,,0,0,,,0,0,,0,0,0.0,0,,0,0,0,,,0.0,,0,0,0,0,0,0,,0,,,0,0,0.0,,,0,0,,,0,0,,0,0,0.0,0,,0,0,0,,,0.0,,0,0,0,0,0,0,,0,,,0,0,0.0,,,0,0,,,0,0,,0,0,0.0,0,,0,0,0,,,0.0,,0,0,0,0,0,0,,0,,0,0.0,1,1,20.0,27.0,2.9,0,0,0.0,0.0,0,0,,1,0,-0.65,0,50.4,0,0,1,0.0,,39.6,0.0,0,0,0,0,0,0,0.0,0,0.0,262,,0,0,0.0,,,0,0,,,0,0,,0,0,0.0,0,,0,0,0,,,0.0,,0,0,0,0,0,0,,0,,0.0,1,1,20.0,27.0,2.9,0,0,0.0,0.0,0,0,,1,0,-0.65,0,50.4,0,0,1,0.0,,39.6,0.0,0,0,0,0,0,0,0.0,0,0.0,,0,0,0.0,,,0,0,,,0,0,,0,0,0.0,0,,0,0,0,,,0.0,,0,0,0,0,0,0,,0,,0.0,1,1,20.0,0.0,2.1,0,0,0.0,0.0,0,0,,1,0,-1.84,0,27.3,0,0,1,0.0,,39.6,0.0,0,0,0,0,0,1,100.0,0,0.0,,0,0,0.0,,,0,0,,,0,0,,0,0,0.0,0,,0,0,0,,,0.0,,0,0,0,0,0,0,,0,,0,,0,0,0.0,,,0,0,,,0,0,,0,0,0.0,0,,0,0,0,,,0.0,,0,0,0,0,0,0,,0,,,0,0,0.0,,,0,0,,,0,0,,0,0,0.0,0,,0,0,0,,,0.0,,0,0,0,0,0,0,,0,,,0,0,0.0,,,0,0,,,0,0,,0,0,0.0,0,,0,0,0,,,0.0,,0,0,0,0,0,0,,0,,,0,0,0.0,,,0,0,,,0,0,,0,0,0.0,0,,0,0,0,,,0.0,,0,0,0,0,0,0,,0,,0.0,1,1,20.0,0.0,2.1,0,0,0.0,0.0,0,0,,1,0,-1.84,0,27.3,0,0,1,0.0,,39.6,0.0,0,0,0,0,0,1,100.0,0,0.0
Lucas Scheerhorn,190304,QB,RICE,2,4,7,100.0,2,2,50.0,-3.5,0.9,0,0,0.0,100.0,2,0,0.0,2,0,-0.31,0,62.7,0,0,2,50.0,,79.2,0.0,0,0,0,0,0,0,0.0,4,2.0,100.0,2,2,50.0,-3.5,0.9,0,0,0.0,100.0,2,0,0.0,2,0,-0.31,0,62.7,0,0,2,50.0,,79.2,0.0,0,0,0,0,0,0,0.0,4,2.0,,0,0,0.0,,,0,0,,,0,0,,0,0,0.0,0,,0,0,0,,,0.0,,0,0,0,0,0,0,,0,,100.0,1,1,25.0,17.0,2.2,0,0,0.0,100.0,1,0,0.0,1,0,2.43,1,75.4,0,0,1,100.0,,118.8,0.0,0,0,0,0,0,0,0.0,20,20.0,,0,0,0.0,,,0,0,,,0,0,,0,0,0.0,0,,0,0,0,,,0.0,,0,0,0,0,0,0,,0,,0,,0,0,0.0,,,0,0,,,0,0,,0,0,0.0,0,,0,0,0,,,0.0,,0,0,0,0,0,0,,0,,275,,0,0,0.0,,,0,0,,,0,0,,0,0,0.0,0,,0,0,0,,,0.0,,0,0,0,0,0,0,,0,,,0,0,0.0,,,0,0,,,0,0,,0,0,0.0,0,,0,0,0,,,0.0,,0,0,0,0,0,0,,0,,100.0,1,1,25.0,17.0,3.4,0,0,0.0,0.0,0,1,100.0,1,1,-1.48,0,57.7,0,0,1,0.0,0.0,39.6,0.0,0,0,0,0,0,0,0.0,0,0.0,,0,0,0.0,,,0,0,,,0,0,,0,0,0.0,0,,0,0,0,,,0.0,,0,0,0,0,0,0,,0,,100.0,2,2,50.0,17.0,2.8,0,0,0.0,50.0,1,1,50.0,2,1,0.48,1,72.0,0,0,2,50.0,0.0,85.4,0.0,0,0,0,0,0,0,0.0,20,10.0,0,,0,0,0.0,,,0,0,,,0,0,,0,0,0.0,0,,0,0,0,,,0.0,,0,0,0,0,0,0,,0,,,0,0,0.0,,,0,0,,,0,0,,0,0,0.0,0,,0,0,0,,,0.0,,0,0,0,0,0,0,,0,,,0,0,0.0,,,0,0,,,0,0,,0,0,0.0,0,,0,0,0,,,0.0,,0,0,0,0,0,0,,0,,,0,0,0.0,,,0,0,,,0,0,,0,0,0.0,0,,0,0,0,,,0.0,,0,0,0,0,0,0,,0,,,0,0,0.0,,,0,0,,,0,0,,0,0,0.0,0,,0,0,0,,,0.0,,0,0,0,0,0,0,,0,
Mike Wright Jr.,124366,QB,E CAROLINA,3,7,7,100.0,2,2,28.6,-2.5,1.3,0,0,0.0,100.0,2,0,0.0,2,0,-1.04,0,62.7,0,0,2,50.0,,79.2,0.0,0,0,0,0,0,0,0.0,3,1.5,100.0,2,2,28.6,-2.5,1.3,0,0,0.0,100.0,2,0,0.0,2,0,-1.04,0,62.7,0,0,2,50.0,,79.2,0.0,0,0,0,0,0,0,0.0,3,1.5,,0,0,0.0,,,0,0,,,0,0,,0,0,0.0,0,,0,0,0,,,0.0,,0,0,0,0,0,0,,0,,,0,0,0.0,,,0,0,,,0,0,,0,0,0.0,0,,0,0,0,,,0.0,,0,0,0,0,0,0,,0,,,0,0,0.0,,,0,0,,,0,0,,0,0,0.0,0,,0,0,0,,,0.0,,0,0,0,0,0,0,,0,,0,0.0,1,1,14.3,30.0,1.8,0,0,0.0,0.0,0,0,,1,0,-0.81,0,58.0,0,0,1,0.0,,39.6,0.0,0,0,0,0,0,0,0.0,0,0.0,156,,0,0,0.0,,,0,0,,,0,0,,0,0,0.0,0,,0,0,0,,,0.0,,0,0,0,0,0,0,,0,,,0,0,0.0,,,0,0,,,0,0,,0,0,0.0,0,,0,0,0,,,0.0,,0,0,0,0,0,0,,0,,,0,0,0.0,,,0,0,,,0,0,,0,0,0.0,0,,0,0,0,,,0.0,,0,0,0,0,0,0,,0,,,0,0,0.0,,,0,0,,,0,0,,0,0,0.0,0,,0,0,0,,,0.0,,0,0,0,0,0,0,,0,,50.0,2,2,28.6,11.5,3.2,0,0,0.0,50.0,1,2,0.0,2,0,-0.5,0,56.9,0,0,2,0.0,0.0,64.6,0.0,0,0,0,0,0,0,0.0,10,5.0,0,,0,0,0.0,,,0,0,,,0,0,,0,0,0.0,0,,0,0,0,,,0.0,,0,0,0,0,0,0,,0,,0.0,1,1,14.3,30.0,1.8,0,0,0.0,0.0,0,0,,1,0,-0.81,0,58.0,0,0,1,0.0,,39.6,0.0,0,0,0,0,0,0,0.0,0,0.0,50.0,2,2,28.6,11.5,3.2,0,0,0.0,50.0,1,2,0.0,2,0,-0.5,0,56.9,0,0,2,0.0,0.0,64.6,0.0,0,0,0,0,0,0,0.0,10,5.0,100.0,1,1,14.3,0.0,2.2,0,0,0.0,0.0,0,0,100.0,1,1,-0.64,0,60.4,0,0,1,0.0,,39.6,0.0,0,0,0,0,0,0,0.0,0,0.0,100.0,1,1,14.3,0.0,2.2,0,0,0.0,0.0,0,0,100.0,1,1,-0.64,0,60.4,0,0,1,0.0,,39.6,0.0,0,0,0,0,0,0,0.0,0,0.0
Will Wilson,198972,QB,NC STATE,3,5,7,,0,0,0.0,,,0,0,,,0,0,,0,0,0.0,0,,0,0,0,,,0.0,,0,0,0,0,0,0,,0,,,0,0,0.0,,,0,0,,,0,0,,0,0,0.0,0,,0,0,0,,,0.0,,0,0,0,0,0,0,,0,,,0,0,0.0,,,0,0,,,0,0,,0,0,0.0,0,,0,0,0,,,0.0,,0,0,0,0,0,0,,0,,,0,0,0.0,,,0,0,,,0,0,,0,0,0.0,0,,0,0,0,,,0.0,,0,0,0,0,0,0,,0,,100.0,1,1,20.0,7.0,3.0,0,0,0.0,100.0,1,1,0.0,1,0,1.46,1,71.9,0,0,1,100.0,0.0,95.8,0.0,0,0,0,0,0,0,0.0,7,7.0,0,,0,0,0.0,,,0,0,,,0,0,,0,0,0.0,0,,0,0,0,,,0.0,,0,0,0,0,0,0,,0,,248,,0,0,0.0,,,0,0,,,0,0,,0,0,0.0,0,,0,0,0,,,0.0,,0,0,0,0,0,0,,0,,,0,0,0.0,,,0,0,,,0,0,,0,0,0.0,0,,0,0,0,,,0.0,,0,0,0,0,0,0,,0,,,0,0,0.0,,,0,0,,,0,0,,0,0,0.0,0,,0,0,0,,,0.0,,0,0,0,0,0,0,,0,,100.0,1,1,20.0,5.0,1.7,0,0,0.0,100.0,1,0,0.0,1,0,-0.13,0,60.4,0,0,1,0.0,,83.3,0.0,0,0,0,0,0,0,0.0,4,4.0,0.0,1,1,20.0,17.0,2.2,0,0,0.0,0.0,0,0,,1,0,-0.96,0,48.5,0,0,1,0.0,,39.6,0.0,0,0,0,0,0,0,0.0,0,0.0,0,,0,0,0.0,,,0,0,,,0,0,,0,0,0.0,0,,0,0,0,,,0.0,,0,0,0,0,0,0,,0,,,0,0,0.0,,,0,0,,,0,0,,0,0,0.0,0,,0,0,0,,,0.0,,0,0,0,0,0,0,,0,,0.0,1,1,20.0,17.0,2.2,0,0,0.0,0.0,0,0,,1,0,-0.96,0,48.5,0,0,1,0.0,,39.6,0.0,0,0,0,0,0,0,0.0,0,0.0,50.0,2,2,40.0,5.5,1.85,0,0,0.0,50.0,1,0,0.0,2,0,-2.13,1,25.3,0,1,2,50.0,,16.7,0.0,0,0,0,0,0,1,50.0,5,2.5,75.0,4,4,80.0,5.8,2.1,0,0,0.0,75.0,3,1,0.0,4,0,-0.73,2,30.4,0,1,4,50.0,0.0,41.7,0.0,0,0,0,0,0,1,25.0,16,4.0
Max Shikenjanski,173421,QB,MINNESOTA,1,5,6,100.0,2,2,40.0,-5.5,2.1,0,0,0.0,100.0,2,0,0.0,2,0,0.97,1,62.7,0,0,2,50.0,,152.1,0.0,0,0,0,0,1,0,0.0,22,11.0,100.0,1,1,20.0,-7.0,2.8,0,0,0.0,100.0,1,0,0.0,1,0,3.04,1,60.6,0,0,1,100.0,,158.3,0.0,0,0,0,0,1,0,0.0,22,22.0,100.0,1,1,20.0,44.0,3.5,0,1,100.0,100.0,1,0,0.0,1,0,3.49,1,87.4,0,0,1,100.0,,118.8,0.0,0,0,0,0,0,0,0.0,52,52.0,,0,0,0.0,,,0,0,,,0,0,,0,0,0.0,0,,0,0,0,,,0.0,,0,0,0,0,0,0,,0,,100.0,1,1,20.0,4.0,3.3,0,0,0.0,0.0,0,1,100.0,1,1,-1.34,0,61.0,0,0,1,0.0,0.0,39.6,0.0,0,0,0,0,0,0,0.0,0,0.0,0,100.0,1,1,20.0,44.0,3.5,0,1,100.0,100.0,1,0,0.0,1,0,3.49,1,87.4,0,0,1,100.0,,118.8,0.0,0,0,0,0,0,0,0.0,52,52.0,225,,0,0,0.0,,,0,0,,,0,0,,0,0,0.0,0,,0,0,0,,,0.0,,0,0,0,0,0,0,,0,,,0,0,0.0,,,0,0,,,0,0,,0,0,0.0,0,,0,0,0,,,0.0,,0,0,0,0,0,0,,0,,,0,0,0.0,,,0,0,,,0,0,,0,0,0.0,0,,0,0,0,,,0.0,,0,0,0,0,0,0,,0,,,0,0,0.0,,,0,0,,,0,0,,0,0,0.0,0,,0,0,0,,,0.0,,0,0,0,0,0,0,,0,,,0,0,0.0,,,0,0,,,0,0,,0,0,0.0,0,,0,0,0,,,0.0,,0,0,0,0,0,0,,0,,0,100.0,1,1,20.0,-4.0,1.4,0,0,0.0,100.0,1,0,0.0,1,0,-1.1,0,61.0,0,0,1,0.0,,79.2,0.0,0,0,0,0,0,0,0.0,0,0.0,,0,0,0.0,,,0,0,,,0,0,,0,0,0.0,0,,0,0,0,,,0.0,,0,0,0,0,0,0,,0,,,0,0,0.0,,,0,0,,,0,0,,0,0,0.0,0,,0,0,0,,,0.0,,0,0,0,0,0,0,,0,,100.0,1,1,20.0,6.0,1.9,0,0,0.0,100.0,1,0,0.0,1,0,0.49,0,60.4,0,0,1,100.0,,91.7,0.0,0,0,0,0,0,0,0.0,6,6.0,100.0,2,2,40.0,5.0,2.6,0,0,0.0,50.0,1,1,50.0,2,1,-0.42,0,61.7,0,0,2,50.0,0.0,56.3,0.0,0,0,0,0,0,0,0.0,6,3.0
Ken Seals,124359,QB,TCU,2,6,6,100.0,1,1,16.7,-8.0,2.8,0,0,0.0,100.0,1,0,0.0,1,0,-0.36,0,60.6,0,0,1,0.0,,79.2,0.0,0,0,0,0,0,0,0.0,2,2.0,100.0,1,1,16.7,-8.0,2.8,0,0,0.0,100.0,1,0,0.0,1,0,-0.36,0,60.6,0,0,1,0.0,,79.2,0.0,0,0,0,0,0,0,0.0,2,2.0,0.0,1,1,16.7,23.0,2.1,0,0,0.0,0.0,0,0,,1,0,-3.25,0,37.5,0,1,1,0.0,,0.0,0.0,0,0,0,0,0,1,100.0,0,0.0,,0,0,0.0,,,0,0,,,0,0,,0,0,0.0,0,,0,0,0,,,0.0,,0,0,0,0,0,0,,0,,100.0,1,1,16.7,2.0,3.5,0,0,0.0,100.0,1,1,0.0,1,0,-1.73,0,61.0,0,0,1,0.0,0.0,79.2,0.0,0,0,0,0,0,0,0.0,2,2.0,0,0.0,1,1,16.7,23.0,2.1,0,0,0.0,0.0,0,0,,1,0,-3.25,0,37.5,0,1,1,0.0,,0.0,0.0,0,0,0,0,0,1,100.0,0,0.0,305,,0,0,0.0,,,0,0,,,0,0,,0,0,0.0,0,,0,0,0,,,0.0,,0,0,0,0,0,0,,0,,,0,0,0.0,,,0,0,,,0,0,,0,0,0.0,0,,0,0,0,,,0.0,,0,0,0,0,0,0,,0,,,0,0,0.0,,,0,0,,,0,0,,0,0,0.0,0,,0,0,0,,,0.0,,0,0,0,0,0,0,,0,,,0,0,0.0,,,0,0,,,0,0,,0,0,0.0,0,,0,0,0,,,0.0,,0,0,0,0,0,0,,0,,0.0,1,1,16.7,19.0,2.1,0,0,0.0,0.0,0,1,,1,0,-0.66,0,48.5,0,0,1,0.0,0.0,39.6,0.0,0,0,0,0,0,0,0.0,0,0.0,0,,0,0,0.0,,,0,0,,,0,0,,0,0,0.0,0,,0,0,0,,,0.0,,0,0,0,0,0,0,,0,,,0,0,0.0,,,0,0,,,0,0,,0,0,0.0,0,,0,0,0,,,0.0,,0,0,0,0,0,0,,0,,0.0,1,1,16.7,19.0,2.1,0,0,0.0,0.0,0,1,,1,0,-0.66,0,48.5,0,0,1,0.0,0.0,39.6,0.0,0,0,0,0,0,0,0.0,0,0.0,100.0,2,2,33.3,1.5,1.45,0,0,0.0,100.0,2,0,0.0,2,0,0.8,1,62.6,0,0,2,100.0,,108.3,0.0,0,0,0,0,0,0,0.0,20,10.0,100.0,3,3,50.0,1.7,2.13,0,0,0.0,100.0,3,1,0.0,3,0,-0.05,1,63.9,0,0,3,66.7,0.0,97.2,0.0,0,0,0,0,0,0,0.0,22,7.3
Josh Flowers,184255,QB,ARK STATE,2,6,6,100.0,1,1,16.7,-3.0,1.2,0,0,0.0,0.0,0,0,100.0,1,1,-0.76,0,60.4,0,0,1,0.0,,39.6,0.0,0,0,0,0,0,0,0.0,0,0.0,100.0,1,1,16.7,-3.0,1.2,0,0,0.0,0.0,0,0,100.0,1,1,-0.76,0,60.4,0,0,1,0.0,,39.6,0.0,0,0,0,0,0,0,0.0,0,0.0,,0,0,0.0,,,0,0,,,0,0,,0,0,0.0,0,,0,0,0,,,0.0,,0,0,0,0,0,0,,0,,,0,0,0.0,,,0,0,,,0,0,,0,0,0.0,0,,0,0,0,,,0.0,,0,0,0,0,0,0,,0,,50.0,2,2,33.3,4.5,2.2,0,0,0.0,50.0,1,1,0.0,2,0,-0.03,1,54.0,0,0,2,50.0,0.0,95.8,0.0,0,0,0,0,1,0,0.0,6,3.0,0,0.0,1,1,16.7,28.0,2.5,0,0,0.0,0.0,0,0,,1,0,-3.93,0,37.9,0,1,1,0.0,,0.0,0.0,0,0,0,0,0,1,100.0,0,0.0,113,,0,0,0.0,,,0,0,,,0,0,,0,0,0.0,0,,0,0,0,,,0.0,,0,0,0,0,0,0,,0,,,0,0,0.0,,,0,0,,,0,0,,0,0,0.0,0,,0,0,0,,,0.0,,0,0,0,0,0,0,,0,,,0,0,0.0,,,0,0,,,0,0,,0,0,0.0,0,,0,0,0,,,0.0,,0,0,0,0,0,0,,0,,100.0,1,1,16.7,4.0,1.8,0,0,0.0,100.0,1,0,0.0,1,0,1.34,1,73.5,0,0,1,100.0,,95.8,0.0,0,0,0,0,0,0,0.0,7,7.0,0.0,1,1,16.7,19.0,1.8,0,0,0.0,0.0,0,0,,1,0,-0.87,0,56.6,0,0,1,0.0,,39.6,0.0,0,0,0,0,0,0,0.0,0,0.0,0,,0,0,0.0,,,0,0,,,0,0,,0,0,0.0,0,,0,0,0,,,0.0,,0,0,0,0,0,0,,0,,0.0,1,1,16.7,28.0,2.5,0,0,0.0,0.0,0,0,,1,0,-3.93,0,37.9,0,1,1,0.0,,0.0,0.0,0,0,0,0,0,1,100.0,0,0.0,0.0,1,1,16.7,19.0,1.8,0,0,0.0,0.0,0,0,,1,0,-0.87,0,56.6,0,0,1,0.0,,39.6,0.0,0,0,0,0,0,0,0.0,0,0.0,,0,0,0.0,,,0,0,,,0,0,,0,0,0.0,0,,0,0,0,,,0.0,,0,0,0,0,0,0,,0,,66.7,3,3,50.0,4.3,2.07,0,0,0.0,66.7,2,1,0.0,3,0,0.43,2,72.3,0,0,3,66.7,0.0,115.3,0.0,0,0,0,0,1,0,0.0,13,4.3
Lloyd Jones III,199313,QB,TEXAS TECH,1,5,6,0.0,1,1,20.0,-1.0,4.2,0,0,0.0,0.0,0,1,,1,0,-1.24,0,55.3,0,0,1,0.0,0.0,39.6,0.0,0,0,0,0,0,0,0.0,0,0.0,,0,0,0.0,,,0,0,,,0,0,,0,0,0.0,0,,0,0,0,,,0.0,,0,0,0,0,0,0,,0,,,0,0,0.0,,,0,0,,,0,0,,0,0,0.0,0,,0,0,0,,,0.0,,0,0,0,0,0,0,,0,,,0,0,0.0,,,0,0,,,0,0,,0,0,0.0,0,,0,0,0,,,0.0,,0,0,0,0,0,0,,0,,100.0,2,2,40.0,7.5,1.65,0,0,0.0,100.0,2,0,0.0,2,0,2.31,2,72.5,0,0,2,100.0,,118.8,0.0,0,0,0,0,0,0,0.0,29,14.5,0,100.0,1,1,20.0,34.0,2.3,0,0,0.0,100.0,1,1,0.0,1,0,4.87,1,59.3,0,0,1,100.0,0.0,158.3,0.0,0,0,0,0,1,0,0.0,30,30.0,315,,0,0,0.0,,,0,0,,,0,0,,0,0,0.0,0,,0,0,0,,,0.0,,0,0,0,0,0,0,,0,,100.0,1,1,20.0,34.0,2.3,0,0,0.0,100.0,1,1,0.0,1,0,4.87,1,59.3,0,0,1,100.0,0.0,158.3,0.0,0,0,0,0,1,0,0.0,30,30.0,100.0,1,1,20.0,17.0,2.2,0,0,0.0,100.0,1,0,0.0,1,0,3.68,1,74.3,0,0,1,100.0,,158.3,0.0,0,0,0,0,1,0,0.0,15,15.0,,0,0,0.0,,,0,0,,,0,0,,0,0,0.0,0,,0,0,0,,,0.0,,0,0,0,0,0,0,,0,,100.0,1,1,20.0,17.0,2.2,0,0,0.0,100.0,1,0,0.0,1,0,3.68,1,74.3,0,0,1,100.0,,158.3,0.0,0,0,0,0,1,0,0.0,15,15.0,0,0.0,1,1,20.0,-1.0,4.2,0,0,0.0,0.0,0,1,,1,0,-1.24,0,55.3,0,0,1,0.0,0.0,39.6,0.0,0,0,0,0,0,0,0.0,0,0.0,,0,0,0.0,,,0,0,,,0,0,,0,0,0.0,0,,0,0,0,,,0.0,,0,0,0,0,0,0,,0,,,0,0,0.0,,,0,0,,,0,0,,0,0,0.0,0,,0,0,0,,,0.0,,0,0,0,0,0,0,,0,,,0,0,0.0,,,0,0,,,0,0,,0,0,0.0,0,,0,0,0,,,0.0,,0,0,0,0,0,0,,0,,100.0,2,2,40.0,7.5,1.65,0,0,0.0,100.0,2,0,0.0,2,0,2.31,2,72.5,0,0,2,100.0,,118.8,0.0,0,0,0,0,0,0,0.0,29,14.5
Jackson Proctor,148851,QB,N ILLINOIS,1,6,6,100.0,2,2,33.3,-2.5,1.3,0,0,0.0,100.0,2,0,0.0,2,0,0.19,0,62.7,0,0,2,50.0,,83.3,0.0,0,0,0,0,0,0,0.0,8,4.0,100.0,2,2,33.3,-2.5,1.3,0,0,0.0,100.0,2,0,0.0,2,0,0.19,0,62.7,0,0,2,50.0,,83.3,0.0,0,0,0,0,0,0,0.0,8,4.0,,0,0,0.0,,,0,0,,,0,0,,0,0,0.0,0,,0,0,0,,,0.0,,0,0,0,0,0,0,,0,,,0,0,0.0,,,0,0,,,0,0,,0,0,0.0,0,,0,0,0,,,0.0,,0,0,0,0,0,0,,0,,50.0,2,2,33.3,4.0,2.3,0,0,0.0,0.0,0,1,100.0,2,1,-0.88,0,55.4,0,0,2,0.0,0.0,39.6,0.0,0,0,0,0,0,0,0.0,0,0.0,0,,0,0,0.0,,,0,0,,,0,0,,0,0,0.0,0,,0,0,0,,,0.0,,0,0,0,0,0,0,,0,,254,,0,0,0.0,,,0,0,,,0,0,,0,0,0.0,0,,0,0,0,,,0.0,,0,0,0,0,0,0,,0,,,0,0,0.0,,,0,0,,,0,0,,0,0,0.0,0,,0,0,0,,,0.0,,0,0,0,0,0,0,,0,,,0,0,0.0,,,0,0,,,0,0,,0,0,0.0,0,,0,0,0,,,0.0,,0,0,0,0,0,0,,0,,,0,0,0.0,,,0,0,,,0,0,,0,0,0.0,0,,0,0,0,,,0.0,,0,0,0,0,0,0,,0,,,0,0,0.0,,,0,0,,,0,0,,0,0,0.0,0,,0,0,0,,,0.0,,0,0,0,0,0,0,,0,,0,,0,0,0.0,,,0,0,,,0,0,,0,0,0.0,0,,0,0,0,,,0.0,,0,0,0,0,0,0,,0,,,0,0,0.0,,,0,0,,,0,0,,0,0,0.0,0,,0,0,0,,,0.0,,0,0,0,0,0,0,,0,,,0,0,0.0,,,0,0,,,0,0,,0,0,0.0,0,,0,0,0,,,0.0,,0,0,0,0,0,0,,0,,0.0,1,1,16.7,6.0,2.3,0,0,0.0,0.0,0,0,,1,0,-1.93,0,46.1,0,0,1,0.0,,39.6,0.0,0,0,0,0,0,0,0.0,0,0.0,33.3,3,3,50.0,4.7,2.3,0,0,0.0,0.0,0,1,100.0,3,1,-1.23,0,44.5,0,0,3,0.0,0.0,39.6,0.0,0,0,0,0,0,0,0.0,0,0.0
Brennen Ward,200146,QB,KENTUCKY,1,6,6,,0,0,0.0,,,0,0,,,0,0,,0,0,0.0,0,,0,0,0,,,0.0,,0,0,0,0,0,0,,0,,,0,0,0.0,,,0,0,,,0,0,,0,0,0.0,0,,0,0,0,,,0.0,,0,0,0,0,0,0,,0,,,0,0,0.0,,,0,0,,,0,0,,0,0,0.0,0,,0,0,0,,,0.0,,0,0,0,0,0,0,,0,,,0,0,0.0,,,0,0,,,0,0,,0,0,0.0,0,,0,0,0,,,0.0,,0,0,0,0,0,0,,0,,100.0,4,4,66.7,4.0,2.25,0,0,0.0,50.0,2,1,50.0,4,2,-1.03,0,78.9,0,0,4,25.0,0.0,56.3,0.0,0,0,0,0,0,0,0.0,12,3.0,0,,0,0,0.0,,,0,0,0.0,,0,0,,0,0,0.0,0,58.9,0,0,1,,,0.0,,0,0,0,0,0,0,0.0,0,,202,,0,0,0.0,,,0,0,,,0,0,,0,0,0.0,0,,0,0,0,,,0.0,,0,0,0,0,0,0,,0,,,0,0,0.0,,,0,0,0.0,,0,0,,0,0,0.0,0,58.9,0,0,1,,,0.0,,0,0,0,0,0,0,0.0,0,,100.0,1,1,16.7,10.0,4.6,0,0,0.0,100.0,1,1,0.0,1,0,2.39,1,75.4,0,0,1,100.0,0.0,118.8,0.0,0,0,0,0,0,0,0.0,13,13.0,,0,0,0.0,,,0,0,,,0,0,,0,0,0.0,0,,0,0,0,,,0.0,,0,0,0,0,0,0,,0,,100.0,1,1,16.7,10.0,4.6,0,0,0.0,100.0,1,1,0.0,1,0,2.39,1,75.4,0,0,1,100.0,0.0,118.8,0.0,0,0,0,0,0,0,0.0,13,13.0,0,,0,0,0.0,,,0,0,,,0,0,,0,0,0.0,0,,0,0,0,,,0.0,,0,0,0,0,0,0,,0,,,0,0,0.0,,,0,0,,,0,0,,0,0,0.0,0,,0,0,0,,,0.0,,0,0,0,0,0,0,,0,,,0,0,0.0,,,0,0,,,0,0,,0,0,0.0,0,,0,0,0,,,0.0,,0,0,0,0,0,0,,0,,,0,0,0.0,,,0,0,,,0,0,,0,0,0.0,0,,0,0,0,,,0.0,,0,0,0,0,0,0,,0,,100.0,4,4,66.7,4.0,2.25,0,0,0.0,50.0,2,1,50.0,4,2,-1.03,0,78.9,0,0,4,25.0,0.0,56.3,0.0,0,0,0,0,0,0,0.0,12,3.0
Lex Thomas,170381,QB,NC STATE,1,6,6,,0,0,0.0,,,0,0,,,0,0,,0,0,0.0,0,,0,0,0,,,0.0,,0,0,0,0,0,0,,0,,,0,0,0.0,,,0,0,,,0,0,,0,0,0.0,0,,0,0,0,,,0.0,,0,0,0,0,0,0,,0,,,0,0,0.0,,,0,0,,,0,0,,0,0,0.0,0,,0,0,0,,,0.0,,0,0,0,0,0,0,,0,,,0,0,0.0,,,0,0,,,0,0,,0,0,0.0,0,,0,0,0,,,0.0,,0,0,0,0,0,0,,0,,100.0,1,1,16.7,1.0,2.8,0,0,0.0,100.0,1,0,0.0,1,0,0.25,1,60.4,0,0,1,100.0,,116.7,0.0,0,0,0,0,0,0,0.0,12,12.0,0,0.0,1,1,16.7,36.0,2.6,0,0,0.0,0.0,0,1,,1,0,-1.25,0,59.3,0,0,1,0.0,0.0,39.6,0.0,0,0,0,0,0,0,0.0,0,0.0,248,,0,0,0.0,,,0,0,,,0,0,,0,0,0.0,0,,0,0,0,,,0.0,,0,0,0,0,0,0,,0,,0.0,1,1,16.7,36.0,2.6,0,0,0.0,0.0,0,1,,1,0,-1.25,0,59.3,0,0,1,0.0,0.0,39.6,0.0,0,0,0,0,0,0,0.0,0,0.0,0.0,1,1,16.7,11.0,2.8,0,0,0.0,0.0,0,0,,1,0,-1.43,0,48.5,0,0,1,0.0,,39.6,0.0,0,0,0,0,0,0,0.0,0,0.0,,0,0,0.0,,,0,0,,,0,0,,0,0,0.0,0,,0,0,0,,,0.0,,0,0,0,0,0,0,,0,,0.0,1,1,16.7,11.0,2.8,0,0,0.0,0.0,0,0,,1,0,-1.43,0,48.5,0,0,1,0.0,,39.6,0.0,0,0,0,0,0,0,0.0,0,0.0,0,,0,0,0.0,,,0,0,,,0,0,,0,0,0.0,0,,0,0,0,,,0.0,,0,0,0,0,0,0,,0,,,0,0,0.0,,,0,0,,,0,0,,0,0,0.0,0,,0,0,0,,,0.0,,0,0,0,0,0,0,,0,,,0,0,0.0,,,0,0,,,0,0,,0,0,0.0,0,,0,0,0,,,0.0,,0,0,0,0,0,0,,0,,100.0,1,1,16.7,4.0,2.9,0,0,0.0,100.0,1,0,0.0,1,0,-0.33,0,60.6,0,0,1,0.0,,91.7,0.0,0,0,0,0,0,0,0.0,6,6.0,100.0,2,2,33.3,2.5,2.85,0,0,0.0,100.0,2,0,0.0,2,0,-0.04,1,62.6,0,0,2,50.0,,104.2,0.0,0,0,0,0,0,0,0.0,18,9.0
Luke Moga,184857,QB,OREGON,2,5,6,100.0,1,1,20.0,-5.0,1.5,0,0,0.0,100.0,1,0,0.0,1,0,-0.9,0,60.6,0,0,1,0.0,,79.2,0.0,0,0,0,0,0,0,0.0,2,2.0,100.0,1,1,20.0,-5.0,1.5,0,0,0.0,100.0,1,0,0.0,1,0,-0.9,0,60.6,0,0,1,0.0,,79.2,0.0,0,0,0,0,0,0,0.0,2,2.0,,0,0,0.0,,,0,0,,,0,0,,0,0,0.0,0,,0,0,0,,,0.0,,0,0,0,0,0,0,,0,,100.0,1,1,20.0,18.0,3.3,0,0,0.0,100.0,1,0,0.0,1,0,3.92,1,73.1,0,0,1,100.0,,118.8,0.0,0,0,0,0,0,0,0.0,51,51.0,0.0,1,1,20.0,6.0,1.4,0,0,0.0,0.0,0,0,,1,0,-1.93,0,46.1,0,0,1,0.0,,39.6,0.0,0,0,0,0,0,0,0.0,0,0.0,0,,0,0,0.0,,,0,0,0.0,,0,0,,0,0,0.0,0,58.4,0,0,1,,,0.0,,0,0,0,0,0,0,0.0,0,,264,,0,0,0.0,,,0,0,,,0,0,,0,0,0.0,0,,0,0,0,,,0.0,,0,0,0,0,0,0,,0,,,0,0,0.0,,,0,0,0.0,,0,0,,0,0,0.0,0,58.4,0,0,1,,,0.0,,0,0,0,0,0,0,0.0,0,,,0,0,0.0,,,0,0,,,0,0,,0,0,0.0,0,,0,0,0,,,0.0,,0,0,0,0,0,0,,0,,0.0,1,1,20.0,4.0,2.1,0,0,0.0,0.0,0,0,,1,0,-1.6,0,55.3,0,0,1,0.0,,39.6,0.0,0,0,0,0,0,0,0.0,0,0.0,100.0,1,1,20.0,18.0,3.3,0,0,0.0,100.0,1,0,0.0,1,0,3.92,1,73.1,0,0,1,100.0,,118.8,0.0,0,0,0,0,0,0,0.0,51,51.0,0,,0,0,0.0,,,0,0,,,0,0,,0,0,0.0,0,,0,0,0,,,0.0,,0,0,0,0,0,0,,0,,,0,0,0.0,,,0,0,,,0,0,,0,0,0.0,0,,0,0,0,,,0.0,,0,0,0,0,0,0,,0,,,0,0,0.0,,,0,0,,,0,0,,0,0,0.0,0,,0,0,0,,,0.0,,0,0,0,0,0,0,,0,,100.0,1,1,20.0,5.0,1.9,0,0,0.0,100.0,1,0,0.0,1,0,0.12,0,60.4,0,0,1,100.0,,87.5,0.0,0,0,0,0,0,0,0.0,5,5.0,33.3,3,3,60.0,5.0,1.8,0,0,0.0,33.3,1,0,0.0,3,0,-1.14,0,42.6,0,0,3,33.3,,42.4,0.0,0,0,0,0,0,0,0.0,5,1.7
Au'Tori Newkirk,205242,QB,N CAROLINA,2,6,6,,0,0,0.0,,,0,0,,,0,0,,0,0,0.0,0,,0,0,0,,,0.0,,0,0,0,0,0,0,,0,,,0,0,0.0,,,0,0,,,0,0,,0,0,0.0,0,,0,0,0,,,0.0,,0,0,0,0,0,0,,0,,,0,0,0.0,,,0,0,,,0,0,,0,0,0.0,0,,0,0,0,,,0.0,,0,0,0,0,0,0,,0,,50.0,2,2,33.3,12.0,2.35,0,0,0.0,50.0,1,1,0.0,2,0,-2.05,1,29.6,0,1,3,50.0,0.0,25.0,0.0,0,0,0,0,0,1,33.3,10,5.0,100.0,1,1,16.7,4.0,1.8,0,0,0.0,100.0,1,0,0.0,1,0,0.82,0,60.4,0,0,1,100.0,,104.2,0.0,0,0,0,0,0,0,0.0,9,9.0,0,,0,0,0.0,,,0,0,,,0,0,,0,0,0.0,0,,0,0,0,,,0.0,,0,0,0,0,0,0,,0,,245,,0,0,0.0,,,0,0,,,0,0,,0,0,0.0,0,,0,0,0,,,0.0,,0,0,0,0,0,0,,0,,,0,0,0.0,,,0,0,,,0,0,,0,0,0.0,0,,0,0,0,,,0.0,,0,0,0,0,0,0,,0,,,0,0,0.0,,,0,0,,,0,0,,0,0,0.0,0,,0,0,0,,,0.0,,0,0,0,0,0,0,,0,,,0,0,0.0,,,0,0,,,0,0,,0,0,0.0,0,,0,0,0,,,0.0,,0,0,0,0,0,0,,0,,25.0,4,4,66.7,15.0,2.48,0,0,0.0,25.0,1,2,0.0,4,0,-1.34,1,28.9,0,1,5,25.0,0.0,0.0,0.0,0,0,0,0,0,1,20.0,10,2.5,0,,0,0,0.0,,,0,0,,,0,0,,0,0,0.0,0,,0,0,0,,,0.0,,0,0,0,0,0,0,,0,,,0,0,0.0,,,0,0,,,0,0,,0,0,0.0,0,,0,0,0,,,0.0,,0,0,0,0,0,0,,0,,0.0,2,2,33.3,18.0,2.6,0,0,0.0,0.0,0,1,,2,0,-0.63,0,44.1,0,0,2,0.0,0.0,39.6,0.0,0,0,0,0,0,0,0.0,0,0.0,100.0,1,1,16.7,9.0,2.4,0,0,0.0,100.0,1,0,0.0,1,0,2.17,1,71.7,0,0,1,100.0,,122.9,0.0,0,0,0,0,1,0,0.0,4,4.0,100.0,2,2,33.3,6.5,2.1,0,0,0.0,100.0,2,0,0.0,2,0,1.49,1,72.8,0,0,2,100.0,,133.3,0.0,0,0,0,0,1,0,0.0,13,6.5
David Amador II,174085,WR,UTSA,5,2,5,,0,0,0.0,,,0,0,,,0,0,,0,0,0.0,0,,0,0,0,,,0.0,,0,0,0,0,0,0,,0,,,0,0,0.0,,,0,0,,,0,0,,0,0,0.0,0,,0,0,0,,,0.0,,0,0,0,0,0,0,,0,,,0,0,0.0,,,0,0,,,0,0,,0,0,0.0,0,,0,0,0,,,0.0,,0,0,0,0,0,0,,0,,,0,0,0.0,,,0,0,,,0,0,,0,0,0.0,0,,0,0,0,,,0.0,,0,0,0,0,0,0,,0,,,0,0,0.0,,,0,0,,,0,0,,0,0,0.0,0,,0,0,0,,,0.0,,0,0,0,0,0,0,,0,,0,100.0,1,1,50.0,25.0,3.5,0,0,0.0,100.0,1,0,0.0,1,0,2.61,1,76.2,0,0,1,100.0,,158.3,0.0,0,0,0,0,1,0,0.0,21,21.0,331,,0,0,0.0,,,0,0,,,0,0,,0,0,0.0,0,,0,0,0,,,0.0,,0,0,0,0,0,0,,0,,,0,0,0.0,,,0,0,,,0,0,,0,0,0.0,0,,0,0,0,,,0.0,,0,0,0,0,0,0,,0,,,0,0,0.0,,,0,0,,,0,0,,0,0,0.0,0,,0,0,0,,,0.0,,0,0,0,0,0,0,,0,,,0,0,0.0,,,0,0,,,0,0,,0,0,0.0,0,,0,0,0,,,0.0,,0,0,0,0,0,0,,0,,100.0,1,1,50.0,13.0,3.5,0,0,0.0,100.0,1,1,0.0,1,0,0.96,1,72.6,0,0,1,100.0,0.0,122.9,0.0,0,0,0,0,1,0,0.0,4,4.0,0,,0,0,0.0,,,0,0,,,0,0,,0,0,0.0,0,,0,0,0,,,0.0,,0,0,0,0,0,0,,0,,100.0,1,1,50.0,25.0,3.5,0,0,0.0,100.0,1,0,0.0,1,0,2.61,1,76.2,0,0,1,100.0,,158.3,0.0,0,0,0,0,1,0,0.0,21,21.0,100.0,1,1,50.0,13.0,3.5,0,0,0.0,100.0,1,1,0.0,1,0,0.96,1,72.6,0,0,1,100.0,0.0,122.9,0.0,0,0,0,0,1,0,0.0,4,4.0,,0,0,0.0,,,0,0,,,0,0,,0,0,0.0,0,,0,0,0,,,0.0,,0,0,0,0,0,0,,0,,,0,0,0.0,,,0,0,,,0,0,,0,0,0.0,0,,0,0,0,,,0.0,,0,0,0,0,0,0,,0,
Luke Kromenhoek,183305,QB,MISS STATE,2,4,5,,0,0,0.0,,,0,0,,,0,0,,0,0,0.0,0,,0,0,0,,,0.0,,0,0,0,0,0,0,,0,,,0,0,0.0,,,0,0,,,0,0,,0,0,0.0,0,,0,0,0,,,0.0,,0,0,0,0,0,0,,0,,,0,0,0.0,,,0,0,,,0,0,,0,0,0.0,0,,0,0,0,,,0.0,,0,0,0,0,0,0,,0,,,0,0,0.0,,,0,0,,,0,0,,0,0,0.0,0,,0,0,0,,,0.0,,0,0,0,0,0,0,,0,,,0,0,0.0,,,0,0,,,0,0,,0,0,0.0,0,,0,0,0,,,0.0,,0,0,0,0,0,0,,0,,0,,0,0,0.0,,,0,0,,,0,0,,0,0,0.0,0,,0,0,0,,,0.0,,0,0,0,0,0,0,,0,,227,,0,0,0.0,,,0,0,,,0,0,,0,0,0.0,0,,0,0,0,,,0.0,,0,0,0,0,0,0,,0,,,0,0,0.0,,,0,0,,,0,0,,0,0,0.0,0,,0,0,0,,,0.0,,0,0,0,0,0,0,,0,,100.0,1,1,25.0,13.0,2.9,0,0,0.0,100.0,1,0,0.0,1,0,0.67,1,72.6,0,0,1,100.0,,118.8,0.0,0,0,0,0,0,0,0.0,13,13.0,,0,0,0.0,,,0,0,,,0,0,,0,0,0.0,0,,0,0,0,,,0.0,,0,0,0,0,0,0,,0,,100.0,1,1,25.0,13.0,2.9,0,0,0.0,100.0,1,0,0.0,1,0,0.67,1,72.6,0,0,1,100.0,,118.8,0.0,0,0,0,0,0,0,0.0,13,13.0,0,,0,0,0.0,,,0,0,,,0,0,,0,0,0.0,0,,0,0,0,,,0.0,,0,0,0,0,0,0,,0,,,0,0,0.0,,,0,0,,,0,0,,0,0,0.0,0,,0,0,0,,,0.0,,0,0,0,0,0,0,,0,,,0,0,0.0,,,0,0,,,0,0,,0,0,0.0,0,,0,0,0,,,0.0,,0,0,0,0,0,0,,0,,100.0,2,2,50.0,6.0,2.05,0,0,0.0,50.0,1,0,50.0,2,1,-0.07,0,61.7,0,0,2,50.0,,58.3,0.0,0,0,0,0,0,0,0.0,7,3.5,100.0,2,2,50.0,6.0,2.05,0,0,0.0,50.0,1,0,50.0,2,1,-0.07,0,61.7,0,0,2,50.0,,58.3,0.0,0,0,0,0,0,0,0.0,7,3.5
Trent Pearman,156233,QB,CLEMSON,2,5,5,100.0,1,1,20.0,-3.0,1.3,0,0,0.0,100.0,1,0,0.0,1,0,-0.62,0,60.6,0,0,1,0.0,,83.3,0.0,0,0,0,0,0,0,0.0,4,4.0,100.0,1,1,20.0,-3.0,1.3,0,0,0.0,100.0,1,0,0.0,1,0,-0.62,0,60.6,0,0,1,0.0,,83.3,0.0,0,0,0,0,0,0,0.0,4,4.0,50.0,2,2,40.0,28.0,3.0,0,1,50.0,50.0,1,2,0.0,2,0,1.71,1,86.9,0,0,2,50.0,0.0,95.8,0.0,0,0,0,0,0,0,0.0,31,15.5,,0,0,0.0,,,0,0,,,0,0,,0,0,0.0,0,,0,0,0,,,0.0,,0,0,0,0,0,0,,0,,,0,0,0.0,,,0,0,,,0,0,,0,0,0.0,0,,0,0,0,,,0.0,,0,0,0,0,0,0,,0,,0,33.3,3,3,60.0,27.3,2.8,0,1,33.3,33.3,1,2,0.0,3,0,0.9,1,82.8,0,0,3,33.3,0.0,72.9,0.0,0,0,0,0,0,0,0.0,31,10.3,140,,0,0,0.0,,,0,0,,,0,0,,0,0,0.0,0,,0,0,0,,,0.0,,0,0,0,0,0,0,,0,,,0,0,0.0,,,0,0,,,0,0,,0,0,0.0,0,,0,0,0,,,0.0,,0,0,0,0,0,0,,0,,,0,0,0.0,,,0,0,,,0,0,,0,0,0.0,0,,0,0,0,,,0.0,,0,0,0,0,0,0,,0,,,0,0,0.0,,,0,0,,,0,0,,0,0,0.0,0,,0,0,0,,,0.0,,0,0,0,0,0,0,,0,,,0,0,0.0,,,0,0,,,0,0,,0,0,0.0,0,,0,0,0,,,0.0,,0,0,0,0,0,0,,0,,0,,0,0,0.0,,,0,0,,,0,0,,0,0,0.0,0,,0,0,0,,,0.0,,0,0,0,0,0,0,,0,,0.0,1,1,20.0,26.0,2.4,0,0,0.0,0.0,0,0,,1,0,-0.72,0,59.9,0,0,1,0.0,,39.6,0.0,0,0,0,0,0,0,0.0,0,0.0,,0,0,0.0,,,0,0,,,0,0,,0,0,0.0,0,,0,0,0,,,0.0,,0,0,0,0,0,0,,0,,,0,0,0.0,,,0,0,,,0,0,,0,0,0.0,0,,0,0,0,,,0.0,,0,0,0,0,0,0,,0,,,0,0,0.0,,,0,0,,,0,0,,0,0,0.0,0,,0,0,0,,,0.0,,0,0,0,0,0,0,,0,
Parker Kingston,163251,WR,BYU,4,4,5,,0,0,0.0,,,0,0,,,0,0,,0,0,0.0,0,,0,0,0,,,0.0,,0,0,0,0,0,0,,0,,,0,0,0.0,,,0,0,,,0,0,,0,0,0.0,0,,0,0,0,,,0.0,,0,0,0,0,0,0,,0,,,0,0,0.0,,,0,0,,,0,0,,0,0,0.0,0,,0,0,0,,,0.0,,0,0,0,0,0,0,,0,,,0,0,0.0,,,0,0,,,0,0,,0,0,0.0,0,,0,0,0,,,0.0,,0,0,0,0,0,0,,0,,,0,0,0.0,,,0,0,,,0,0,,0,0,0.0,0,,0,0,0,,,0.0,,0,0,0,0,0,0,,0,,0,0.0,2,2,50.0,35.0,4.25,0,0,0.0,0.0,0,0,,2,0,-0.91,0,49.0,0,0,2,0.0,,39.6,0.0,0,0,0,0,0,0,0.0,0,0.0,128,,0,0,0.0,,,0,0,,,0,0,,0,0,0.0,0,,0,0,0,,,0.0,,0,0,0,0,0,0,,0,,0.0,2,2,50.0,35.0,4.25,0,0,0.0,0.0,0,0,,2,0,-0.91,0,49.0,0,0,2,0.0,,39.6,0.0,0,0,0,0,0,0,0.0,0,0.0,0.0,1,1,25.0,11.0,3.6,0,0,0.0,0.0,0,0,,1,0,-0.46,0,54.8,0,0,1,0.0,,39.6,0.0,0,0,0,0,0,0,0.0,0,0.0,,0,0,0.0,,,0,0,,,0,0,,0,0,0.0,0,,0,0,0,,,0.0,,0,0,0,0,0,0,,0,,0.0,1,1,25.0,11.0,3.6,0,0,0.0,0.0,0,0,,1,0,-0.46,0,54.8,0,0,1,0.0,,39.6,0.0,0,0,0,0,0,0,0.0,0,0.0,0,,0,0,0.0,,,0,0,,,0,0,,0,0,0.0,0,,0,0,0,,,0.0,,0,0,0,0,0,0,,0,,,0,0,0.0,,,0,0,,,0,0,,0,0,0.0,0,,0,0,0,,,0.0,,0,0,0,0,0,0,,0,,,0,0,0.0,,,0,0,,,0,0,,0,0,0.0,0,,0,0,0,,,0.0,,0,0,0,0,0,0,,0,,,0,0,0.0,,,0,0,,,0,0,,0,0,0.0,0,,0,0,0,,,0.0,,0,0,0,0,0,0,,0,,,0,0,0.0,,,0,0,,,0,0,,0,0,0.0,0,,0,0,0,,,0.0,,0,0,0,0,0,0,,0,
Tommy Ulatowski,163150,QB,KENNESAW,2,5,5,100.0,1,1,20.0,-1.0,1.5,0,0,0.0,100.0,1,0,0.0,1,0,-0.4,0,60.4,0,0,1,0.0,,79.2,0.0,0,0,0,0,0,0,0.0,3,3.0,,0,0,0.0,,,0,0,,,0,0,,0,0,0.0,0,,0,0,0,,,0.0,,0,0,0,0,0,0,,0,,,0,0,0.0,,,0,0,,,0,0,,0,0,0.0,0,,0,0,0,,,0.0,,0,0,0,0,0,0,,0,,,0,0,0.0,,,0,0,,,0,0,,0,0,0.0,0,,0,0,0,,,0.0,,0,0,0,0,0,0,,0,,100.0,2,2,40.0,2.0,2.0,0,0,0.0,100.0,2,0,0.0,2,0,-0.81,0,62.7,0,0,2,50.0,,79.2,0.0,0,0,0,0,0,0,0.0,6,3.0,0,,0,0,0.0,,,0,0,,,0,0,,0,0,0.0,0,,0,0,0,,,0.0,,0,0,0,0,0,0,,0,,200,100.0,1,1,20.0,-1.0,1.5,0,0,0.0,100.0,1,0,0.0,1,0,-0.4,0,60.4,0,0,1,0.0,,79.2,0.0,0,0,0,0,0,0,0.0,3,3.0,,0,0,0.0,,,0,0,,,0,0,,0,0,0.0,0,,0,0,0,,,0.0,,0,0,0,0,0,0,,0,,0.0,1,1,20.0,13.0,2.4,0,0,0.0,0.0,0,1,,1,0,-0.84,0,46.8,0,0,1,0.0,0.0,39.6,0.0,0,0,0,0,0,0,0.0,0,0.0,,0,0,0.0,,,0,0,,,0,0,,0,0,0.0,0,,0,0,0,,,0.0,,0,0,0,0,0,0,,0,,0.0,1,1,20.0,13.0,2.4,0,0,0.0,0.0,0,1,,1,0,-0.84,0,46.8,0,0,1,0.0,0.0,39.6,0.0,0,0,0,0,0,0,0.0,0,0.0,0,,0,0,0.0,,,0,0,,,0,0,,0,0,0.0,0,,0,0,0,,,0.0,,0,0,0,0,0,0,,0,,,0,0,0.0,,,0,0,,,0,0,,0,0,0.0,0,,0,0,0,,,0.0,,0,0,0,0,0,0,,0,,,0,0,0.0,,,0,0,,,0,0,,0,0,0.0,0,,0,0,0,,,0.0,,0,0,0,0,0,0,,0,,,0,0,0.0,,,0,0,,,0,0,,0,0,0.0,0,,0,0,0,,,0.0,,0,0,0,0,0,0,,0,,100.0,2,2,40.0,2.0,2.0,0,0,0.0,100.0,2,0,0.0,2,0,-0.81,0,62.7,0,0,2,50.0,,79.2,0.0,0,0,0,0,0,0,0.0,6,3.0
Chris Denson,199629,QB,CLEMSON,1,4,5,100.0,3,3,75.0,-2.3,1.47,0,0,0.0,100.0,3,0,0.0,3,0,0.25,1,63.9,0,0,3,33.3,,121.5,0.0,0,0,0,0,1,0,0.0,11,3.7,100.0,2,2,50.0,-3.0,1.5,0,0,0.0,100.0,2,0,0.0,2,0,0.41,1,62.6,0,0,2,50.0,,118.8,0.0,0,0,0,0,1,0,0.0,6,3.0,,0,0,0.0,,,0,0,,,0,0,,0,0,0.0,0,,0,0,0,,,0.0,,0,0,0,0,0,0,,0,,,0,0,0.0,,,0,0,,,0,0,,0,0,0.0,0,,0,0,0,,,0.0,,0,0,0,0,0,0,,0,,100.0,1,1,25.0,6.0,3.2,0,0,0.0,100.0,1,0,0.0,1,0,0.82,1,53.9,0,0,1,100.0,,112.5,0.0,0,0,0,0,0,0,0.0,11,11.0,0,,0,0,0.0,,,0,0,,,0,0,,0,0,0.0,0,,0,0,0,,,0.0,,0,0,0,0,0,0,,0,,140,100.0,1,1,25.0,-1.0,1.4,0,0,0.0,100.0,1,0,0.0,1,0,-0.07,0,60.4,0,0,1,0.0,,87.5,0.0,0,0,0,0,0,0,0.0,5,5.0,,0,0,0.0,,,0,0,,,0,0,,0,0,0.0,0,,0,0,0,,,0.0,,0,0,0,0,0,0,,0,,,0,0,0.0,,,0,0,,,0,0,,0,0,0.0,0,,0,0,0,,,0.0,,0,0,0,0,0,0,,0,,,0,0,0.0,,,0,0,,,0,0,,0,0,0.0,0,,0,0,0,,,0.0,,0,0,0,0,0,0,,0,,,0,0,0.0,,,0,0,,,0,0,,0,0,0.0,0,,0,0,0,,,0.0,,0,0,0,0,0,0,,0,,0,,0,0,0.0,,,0,0,,,0,0,,0,0,0.0,0,,0,0,0,,,0.0,,0,0,0,0,0,0,,0,,,0,0,0.0,,,0,0,,,0,0,,0,0,0.0,0,,0,0,0,,,0.0,,0,0,0,0,0,0,,0,,,0,0,0.0,,,0,0,,,0,0,,0,0,0.0,0,,0,0,0,,,0.0,,0,0,0,0,0,0,,0,,,0,0,0.0,,,0,0,,,0,0,,0,0,0.0,0,,0,0,0,,,0.0,,0,0,0,0,0,0,,0,,100.0,1,1,25.0,6.0,3.2,0,0,0.0,100.0,1,0,0.0,1,0,0.82,1,53.9,0,0,1,100.0,,112.5,0.0,0,0,0,0,0,0,0.0,11,11.0
Henry Belin IV,162693,QB,DUKE,1,5,5,100.0,1,1,20.0,-2.0,3.3,0,0,0.0,100.0,1,0,0.0,1,0,0.04,0,60.6,0,0,1,100.0,,87.5,0.0,0,0,0,0,0,0,0.0,5,5.0,100.0,1,1,20.0,-2.0,3.3,0,0,0.0,100.0,1,0,0.0,1,0,0.04,0,60.6,0,0,1,100.0,,87.5,0.0,0,0,0,0,0,0,0.0,5,5.0,,0,0,0.0,,,0,0,,,0,0,,0,0,0.0,0,,0,0,0,,,0.0,,0,0,0,0,0,0,,0,,100.0,1,1,20.0,11.0,3.2,0,0,0.0,100.0,1,0,0.0,1,0,1.01,1,73.1,0,0,1,100.0,,118.8,0.0,0,0,0,0,0,0,0.0,17,17.0,,0,0,0.0,,,0,0,,,0,0,,0,0,0.0,0,,0,0,0,,,0.0,,0,0,0,0,0,0,,0,,0,0.0,3,3,60.0,38.7,4.37,0,0,0.0,0.0,0,1,,3,0,-1.38,0,39.2,0,0,3,0.0,0.0,39.6,0.0,0,0,0,0,0,0,0.0,0,0.0,154,,0,0,0.0,,,0,0,,,0,0,,0,0,0.0,0,,0,0,0,,,0.0,,0,0,0,0,0,0,,0,,0.0,1,1,20.0,35.0,5.1,0,0,0.0,0.0,0,0,,1,0,-0.5,0,49.9,0,0,1,0.0,,39.6,0.0,0,0,0,0,0,0,0.0,0,0.0,,0,0,0.0,,,0,0,,,0,0,,0,0,0.0,0,,0,0,0,,,0.0,,0,0,0,0,0,0,,0,,,0,0,0.0,,,0,0,,,0,0,,0,0,0.0,0,,0,0,0,,,0.0,,0,0,0,0,0,0,,0,,100.0,1,1,20.0,11.0,3.2,0,0,0.0,100.0,1,0,0.0,1,0,1.01,1,73.1,0,0,1,100.0,,118.8,0.0,0,0,0,0,0,0,0.0,17,17.0,0,,0,0,0.0,,,0,0,,,0,0,,0,0,0.0,0,,0,0,0,,,0.0,,0,0,0,0,0,0,,0,,0.0,2,2,40.0,40.5,4.0,0,0,0.0,0.0,0,1,,2,0,-1.82,0,44.8,0,0,2,0.0,0.0,39.6,0.0,0,0,0,0,0,0,0.0,0,0.0,,0,0,0.0,,,0,0,,,0,0,,0,0,0.0,0,,0,0,0,,,0.0,,0,0,0,0,0,0,,0,,,0,0,0.0,,,0,0,,,0,0,,0,0,0.0,0,,0,0,0,,,0.0,,0,0,0,0,0,0,,0,,,0,0,0.0,,,0,0,,,0,0,,0,0,0.0,0,,0,0,0,,,0.0,,0,0,0,0,0,0,,0,
McCae Hillstead,174761,QB,BYU,1,5,5,100.0,4,4,80.0,-3.3,1.6,0,0,0.0,100.0,4,0,0.0,4,0,0.61,1,64.7,0,0,4,75.0,,101.0,0.0,0,0,0,0,0,0,0.0,33,8.3,100.0,4,4,80.0,-3.3,1.6,0,0,0.0,100.0,4,0,0.0,4,0,0.61,1,64.7,0,0,4,75.0,,101.0,0.0,0,0,0,0,0,0,0.0,33,8.3,,0,0,0.0,,,0,0,,,0,0,,0,0,0.0,0,,0,0,0,,,0.0,,0,0,0,0,0,0,,0,,,0,0,0.0,,,0,0,,,0,0,,0,0,0.0,0,,0,0,0,,,0.0,,0,0,0,0,0,0,,0,,0.0,1,1,20.0,3.0,2.1,0,0,0.0,0.0,0,0,,1,0,-0.67,0,57.7,0,0,1,0.0,,39.6,0.0,0,0,0,0,0,0,0.0,0,0.0,0,,0,0,0.0,,,0,0,,,0,0,,0,0,0.0,0,,0,0,0,,,0.0,,0,0,0,0,0,0,,0,,128,,0,0,0.0,,,0,0,,,0,0,,0,0,0.0,0,,0,0,0,,,0.0,,0,0,0,0,0,0,,0,,,0,0,0.0,,,0,0,,,0,0,,0,0,0.0,0,,0,0,0,,,0.0,,0,0,0,0,0,0,,0,,,0,0,0.0,,,0,0,,,0,0,,0,0,0.0,0,,0,0,0,,,0.0,,0,0,0,0,0,0,,0,,,0,0,0.0,,,0,0,,,0,0,,0,0,0.0,0,,0,0,0,,,0.0,,0,0,0,0,0,0,,0,,,0,0,0.0,,,0,0,,,0,0,,0,0,0.0,0,,0,0,0,,,0.0,,0,0,0,0,0,0,,0,,0,,0,0,0.0,,,0,0,,,0,0,,0,0,0.0,0,,0,0,0,,,0.0,,0,0,0,0,0,0,,0,,,0,0,0.0,,,0,0,,,0,0,,0,0,0.0,0,,0,0,0,,,0.0,,0,0,0,0,0,0,,0,,,0,0,0.0,,,0,0,,,0,0,,0,0,0.0,0,,0,0,0,,,0.0,,0,0,0,0,0,0,,0,,,0,0,0.0,,,0,0,,,0,0,,0,0,0.0,0,,0,0,0,,,0.0,,0,0,0,0,0,0,,0,,0.0,1,1,20.0,3.0,2.1,0,0,0.0,0.0,0,0,,1,0,-0.67,0,57.7,0,0,1,0.0,,39.6,0.0,0,0,0,0,0,0,0.0,0,0.0
Jacob Zeno,98014,QB,TEXAS A&M,1,5,5,100.0,1,1,20.0,-3.0,2.6,0,0,0.0,100.0,1,0,0.0,1,0,1.45,0,60.6,0,0,1,100.0,,118.8,0.0,0,0,0,0,0,0,0.0,14,14.0,,0,0,0.0,,,0,0,,,0,0,,0,0,0.0,0,,0,0,0,,,0.0,,0,0,0,0,0,0,,0,,,0,0,0.0,,,0,0,,,0,0,,0,0,0.0,0,,0,0,0,,,0.0,,0,0,0,0,0,0,,0,,,0,0,0.0,,,0,0,,,0,0,,0,0,0.0,0,,0,0,0,,,0.0,,0,0,0,0,0,0,,0,,100.0,1,1,20.0,8.0,2.9,0,0,0.0,100.0,1,0,0.0,1,0,1.38,1,71.7,0,0,1,100.0,,118.8,0.0,0,0,0,0,0,0,0.0,13,13.0,0,,0,0,0.0,,,0,0,,,0,0,,0,0,0.0,0,,0,0,0,,,0.0,,0,0,0,0,0,0,,0,,312,100.0,1,1,20.0,-3.0,2.6,0,0,0.0,100.0,1,0,0.0,1,0,1.45,0,60.6,0,0,1,100.0,,118.8,0.0,0,0,0,0,0,0,0.0,14,14.0,,0,0,0.0,,,0,0,,,0,0,,0,0,0.0,0,,0,0,0,,,0.0,,0,0,0,0,0,0,,0,,,0,0,0.0,,,0,0,,,0,0,,0,0,0.0,0,,0,0,0,,,0.0,,0,0,0,0,0,0,,0,,0.0,1,1,20.0,5.0,1.5,0,0,0.0,0.0,0,0,,1,0,-0.77,0,56.8,0,0,1,0.0,,39.6,0.0,0,0,0,0,0,0,0.0,0,0.0,,0,0,0.0,,,0,0,,,0,0,,0,0,0.0,0,,0,0,0,,,0.0,,0,0,0,0,0,0,,0,,0,,0,0,0.0,,,0,0,,,0,0,,0,0,0.0,0,,0,0,0,,,0.0,,0,0,0,0,0,0,,0,,,0,0,0.0,,,0,0,,,0,0,,0,0,0.0,0,,0,0,0,,,0.0,,0,0,0,0,0,0,,0,,,0,0,0.0,,,0,0,,,0,0,,0,0,0.0,0,,0,0,0,,,0.0,,0,0,0,0,0,0,,0,,,0,0,0.0,,,0,0,,,0,0,,0,0,0.0,0,,0,0,0,,,0.0,,0,0,0,0,0,0,,0,,50.0,2,2,40.0,6.5,2.2,0,0,0.0,50.0,1,0,0.0,2,0,0.3,1,64.9,0,0,2,50.0,,70.8,0.0,0,0,0,0,0,0,0.0,13,6.5
Marcus Beamon,198245,QB,C MICHIGAN,3,4,5,100.0,1,1,25.0,-1.0,2.2,0,0,0.0,100.0,1,1,0.0,1,0,-0.08,0,60.6,0,0,1,0.0,0.0,79.2,0.0,0,0,0,0,0,0,0.0,2,2.0,100.0,1,1,25.0,-1.0,2.2,0,0,0.0,100.0,1,1,0.0,1,0,-0.08,0,60.6,0,0,1,0.0,0.0,79.2,0.0,0,0,0,0,0,0,0.0,2,2.0,,0,0,0.0,,,0,0,,,0,0,,0,0,0.0,0,,0,0,0,,,0.0,,0,0,0,0,0,0,,0,,,0,0,0.0,,,0,0,,,0,0,,0,0,0.0,0,,0,0,0,,,0.0,,0,0,0,0,0,0,,0,,,0,0,0.0,,,0,0,,,0,0,,0,0,0.0,0,,0,0,0,,,0.0,,0,0,0,0,0,0,,0,,0,50.0,2,2,50.0,26.0,2.8,0,1,33.3,50.0,1,0,0.0,2,0,2.2,1,74.6,0,0,3,50.0,,135.4,0.0,0,0,0,0,1,0,0.0,33,16.5,134,,0,0,0.0,,,0,0,,,0,0,,0,0,0.0,0,,0,0,0,,,0.0,,0,0,0,0,0,0,,0,,50.0,2,2,50.0,26.0,2.8,0,1,33.3,50.0,1,0,0.0,2,0,2.2,1,74.6,0,0,3,50.0,,135.4,0.0,0,0,0,0,1,0,0.0,33,16.5,,0,0,0.0,,,0,0,,,0,0,,0,0,0.0,0,,0,0,0,,,0.0,,0,0,0,0,0,0,,0,,,0,0,0.0,,,0,0,,,0,0,,0,0,0.0,0,,0,0,0,,,0.0,,0,0,0,0,0,0,,0,,,0,0,0.0,,,0,0,,,0,0,,0,0,0.0,0,,0,0,0,,,0.0,,0,0,0,0,0,0,,0,,0,,0,0,0.0,,,0,0,,,0,0,,0,0,0.0,0,,0,0,0,,,0.0,,0,0,0,0,0,0,,0,,,0,0,0.0,,,0,0,,,0,0,,0,0,0.0,0,,0,0,0,,,0.0,,0,0,0,0,0,0,,0,,,0,0,0.0,,,0,0,,,0,0,,0,0,0.0,0,,0,0,0,,,0.0,,0,0,0,0,0,0,,0,,,0,0,0.0,,,0,0,,,0,0,,0,0,0.0,0,,0,0,0,,,0.0,,0,0,0,0,0,0,,0,,,0,0,0.0,,,0,0,,,0,0,,0,0,0.0,0,,0,0,0,,,0.0,,0,0,0,0,0,0,,0,
DJ Bailey,189891,QB,SM HOUSTON,1,3,5,,0,0,0.0,,,0,0,,,0,0,,0,0,0.0,0,,0,0,0,,,0.0,,0,0,0,0,0,0,,0,,,0,0,0.0,,,0,0,,,0,0,,0,0,0.0,0,,0,0,0,,,0.0,,0,0,0,0,0,0,,0,,,0,0,0.0,,,0,0,,,0,0,,0,0,0.0,0,,0,0,0,,,0.0,,0,0,0,0,0,0,,0,,100.0,1,1,33.3,13.0,2.3,0,0,0.0,100.0,1,0,0.0,1,0,0.37,1,73.1,0,0,1,100.0,,118.8,0.0,0,0,0,0,0,0,0.0,14,14.0,,0,0,0.0,,,0,0,,,0,0,,0,0,0.0,0,,0,0,0,,,0.0,,0,0,0,0,0,0,,0,,0,,0,0,0.0,,,0,0,,,0,0,,0,0,0.0,0,,0,0,0,,,0.0,,0,0,0,0,0,0,,0,,281,,0,0,0.0,,,0,0,,,0,0,,0,0,0.0,0,,0,0,0,,,0.0,,0,0,0,0,0,0,,0,,,0,0,0.0,,,0,0,,,0,0,,0,0,0.0,0,,0,0,0,,,0.0,,0,0,0,0,0,0,,0,,0.0,1,1,33.3,16.0,2.2,0,0,0.0,0.0,0,0,,1,0,-0.89,0,48.5,0,0,1,0.0,,39.6,0.0,0,0,0,0,0,0,0.0,0,0.0,,0,0,0.0,,,0,0,,,0,0,,0,0,0.0,0,,0,0,0,,,0.0,,0,0,0,0,0,0,,0,,50.0,2,2,66.7,14.5,2.25,0,0,0.0,50.0,1,0,0.0,2,0,-0.26,1,61.5,0,0,2,50.0,,72.9,0.0,0,0,0,0,0,0,0.0,14,7.0,0,,0,0,0.0,,,0,0,,,0,0,,0,0,0.0,0,,0,0,0,,,0.0,,0,0,0,0,0,0,,0,,,0,0,0.0,,,0,0,,,0,0,,0,0,0.0,0,,0,0,0,,,0.0,,0,0,0,0,0,0,,0,,,0,0,0.0,,,0,0,,,0,0,,0,0,0.0,0,,0,0,0,,,0.0,,0,0,0,0,0,0,,0,,100.0,1,1,33.3,7.0,2.0,0,0,0.0,100.0,1,0,0.0,1,0,1.27,1,60.4,0,0,1,100.0,,118.8,0.0,0,0,0,0,0,0,0.0,28,28.0,100.0,1,1,33.3,7.0,2.0,0,0,0.0,100.0,1,0,0.0,1,0,1.27,1,60.4,0,0,1,100.0,,118.8,0.0,0,0,0,0,0,0,0.0,28,28.0
Charlie Mirer,157260,QB,STANFORD,1,3,5,,0,0,0.0,,,0,0,,,0,0,,0,0,0.0,0,,0,0,0,,,0.0,,0,0,0,0,0,0,,0,,,0,0,0.0,,,0,0,,,0,0,,0,0,0.0,0,,0,0,0,,,0.0,,0,0,0,0,0,0,,0,,,0,0,0.0,,,0,0,,,0,0,,0,0,0.0,0,,0,0,0,,,0.0,,0,0,0,0,0,0,,0,,100.0,1,1,33.3,13.0,2.4,0,0,0.0,100.0,1,0,0.0,1,0,1.52,0,58.6,0,0,1,100.0,,118.8,0.0,0,0,0,0,0,0,0.0,19,19.0,,0,0,0.0,,,0,0,,,0,0,,0,0,0.0,0,,0,0,0,,,0.0,,0,0,0,0,0,0,,0,,0,,0,0,0.0,,,0,0,,,0,0,,0,0,0.0,0,,0,0,0,,,0.0,,0,0,0,0,0,0,,0,,300,,0,0,0.0,,,0,0,,,0,0,,0,0,0.0,0,,0,0,0,,,0.0,,0,0,0,0,0,0,,0,,,0,0,0.0,,,0,0,,,0,0,,0,0,0.0,0,,0,0,0,,,0.0,,0,0,0,0,0,0,,0,,,0,0,0.0,,,0,0,,,0,0,,0,0,0.0,0,,0,0,0,,,0.0,,0,0,0,0,0,0,,0,,100.0,1,1,33.3,3.0,1.6,0,0,0.0,100.0,1,0,0.0,1,0,2.28,1,71.8,0,0,1,100.0,,118.8,0.0,0,0,0,0,1,0,0.0,3,3.0,100.0,1,1,33.3,13.0,2.4,0,0,0.0,100.0,1,0,0.0,1,0,1.52,0,58.6,0,0,1,100.0,,118.8,0.0,0,0,0,0,0,0,0.0,19,19.0,0,,0,0,0.0,,,0,0,,,0,0,,0,0,0.0,0,,0,0,0,,,0.0,,0,0,0,0,0,0,,0,,,0,0,0.0,,,0,0,,,0,0,,0,0,0.0,0,,0,0,0,,,0.0,,0,0,0,0,0,0,,0,,,0,0,0.0,,,0,0,,,0,0,,0,0,0.0,0,,0,0,0,,,0.0,,0,0,0,0,0,0,,0,,,0,0,0.0,,,0,0,,,0,0,,0,0,0.0,0,,0,0,0,,,0.0,,0,0,0,0,0,0,,0,,100.0,1,1,33.3,3.0,1.6,0,0,0.0,100.0,1,0,0.0,1,0,2.28,1,71.8,0,0,1,100.0,,118.8,0.0,0,0,0,0,1,0,0.0,3,3.0
Whitt Newbauer,188566,QB,OKLAHOMA,2,4,5,100.0,1,1,25.0,-2.0,1.7,0,0,0.0,100.0,1,0,0.0,1,0,-1.3,0,61.0,0,0,1,0.0,,79.2,0.0,0,0,0,0,0,0,0.0,-2,-2.0,100.0,1,1,25.0,-2.0,1.7,0,0,0.0,100.0,1,0,0.0,1,0,-1.3,0,61.0,0,0,1,0.0,,79.2,0.0,0,0,0,0,0,0,0.0,-2,-2.0,,0,0,0.0,,,0,0,,,0,0,,0,0,0.0,0,,0,0,0,,,0.0,,0,0,0,0,0,0,,0,,0.0,2,2,50.0,11.5,2.35,0,0,0.0,0.0,0,0,,2,0,-0.73,0,44.7,0,0,2,0.0,,39.6,0.0,0,0,0,0,0,0,0.0,0,0.0,,0,0,0.0,,,0,0,0.0,,0,0,,0,0,0.0,0,60.9,0,0,1,,,0.0,,0,0,0,0,0,0,0.0,0,,0,,0,0,0.0,,,0,0,,,0,0,,0,0,0.0,0,,0,0,0,,,0.0,,0,0,0,0,0,0,,0,,261,,0,0,0.0,,,0,0,,,0,0,,0,0,0.0,0,,0,0,0,,,0.0,,0,0,0,0,0,0,,0,,,0,0,0.0,,,0,0,,,0,0,,0,0,0.0,0,,0,0,0,,,0.0,,0,0,0,0,0,0,,0,,,0,0,0.0,,,0,0,,,0,0,,0,0,0.0,0,,0,0,0,,,0.0,,0,0,0,0,0,0,,0,,100.0,1,1,25.0,3.0,1.6,0,0,0.0,100.0,1,0,0.0,1,0,1.63,1,61.0,0,0,1,100.0,,100.0,0.0,0,0,0,0,0,0,0.0,8,8.0,0.0,2,2,50.0,11.5,2.35,0,0,0.0,0.0,0,0,,2,0,-0.73,0,44.7,0,0,2,0.0,,39.6,0.0,0,0,0,0,0,0,0.0,0,0.0,0,,0,0,0.0,,,0,0,,,0,0,,0,0,0.0,0,,0,0,0,,,0.0,,0,0,0,0,0,0,,0,,,0,0,0.0,,,0,0,,,0,0,,0,0,0.0,0,,0,0,0,,,0.0,,0,0,0,0,0,0,,0,,,0,0,0.0,,,0,0,,,0,0,,0,0,0.0,0,,0,0,0,,,0.0,,0,0,0,0,0,0,,0,,,0,0,0.0,,,0,0,,,0,0,,0,0,0.0,0,,0,0,0,,,0.0,,0,0,0,0,0,0,,0,,100.0,1,1,25.0,3.0,1.6,0,0,0.0,100.0,1,0,0.0,1,0,1.63,1,62.3,0,0,2,100.0,,100.0,0.0,0,0,0,0,0,0,0.0,8,8.0
Jalyn Gramstad,180656,QB,NEBRASKA,2,5,5,100.0,2,2,40.0,-4.0,0.75,0,0,0.0,100.0,2,0,0.0,2,0,-0.59,0,62.6,0,0,2,0.0,,79.2,0.0,0,0,0,0,0,0,0.0,-1,-0.5,100.0,2,2,40.0,-4.0,0.75,0,0,0.0,100.0,2,0,0.0,2,0,-0.59,0,62.6,0,0,2,0.0,,79.2,0.0,0,0,0,0,0,0,0.0,-1,-0.5,,0,0,0.0,,,0,0,,,0,0,,0,0,0.0,0,,0,0,0,,,0.0,,0,0,0,0,0,0,,0,,,0,0,0.0,,,0,0,,,0,0,,0,0,0.0,0,,0,0,0,,,0.0,,0,0,0,0,0,0,,0,,100.0,3,3,60.0,4.3,2.0,0,0,0.0,100.0,3,0,0.0,3,0,-0.09,0,62.8,0,0,3,33.3,,90.3,0.0,0,0,0,0,0,0,0.0,17,5.7,0,,0,0,0.0,,,0,0,,,0,0,,0,0,0.0,0,,0,0,0,,,0.0,,0,0,0,0,0,0,,0,,238,,0,0,0.0,,,0,0,,,0,0,,0,0,0.0,0,,0,0,0,,,0.0,,0,0,0,0,0,0,,0,,,0,0,0.0,,,0,0,,,0,0,,0,0,0.0,0,,0,0,0,,,0.0,,0,0,0,0,0,0,,0,,,0,0,0.0,,,0,0,,,0,0,,0,0,0.0,0,,0,0,0,,,0.0,,0,0,0,0,0,0,,0,,,0,0,0.0,,,0,0,,,0,0,,0,0,0.0,0,,0,0,0,,,0.0,,0,0,0,0,0,0,,0,,,0,0,0.0,,,0,0,,,0,0,,0,0,0.0,0,,0,0,0,,,0.0,,0,0,0,0,0,0,,0,,0,,0,0,0.0,,,0,0,,,0,0,,0,0,0.0,0,,0,0,0,,,0.0,,0,0,0,0,0,0,,0,,,0,0,0.0,,,0,0,,,0,0,,0,0,0.0,0,,0,0,0,,,0.0,,0,0,0,0,0,0,,0,,,0,0,0.0,,,0,0,,,0,0,,0,0,0.0,0,,0,0,0,,,0.0,,0,0,0,0,0,0,,0,,,0,0,0.0,,,0,0,,,0,0,,0,0,0.0,0,,0,0,0,,,0.0,,0,0,0,0,0,0,,0,,100.0,3,3,60.0,4.3,2.0,0,0,0.0,100.0,3,0,0.0,3,0,-0.09,0,62.8,0,0,3,33.3,,90.3,0.0,0,0,0,0,0,0,0.0,17,5.7
Germie Bernard,158374,WR,ALABAMA,3,2,4,100.0,1,1,50.0,-5.0,3.9,0,0,0.0,100.0,1,0,0.0,1,0,-0.05,0,61.0,0,0,1,0.0,,112.5,0.0,0,0,0,0,0,0,0.0,11,11.0,,0,0,0.0,,,0,0,,,0,0,,0,0,0.0,0,,0,0,0,,,0.0,,0,0,0,0,0,0,,0,,,0,0,0.0,,,0,0,,,0,0,,0,0,0.0,0,,0,0,0,,,0.0,,0,0,0,0,0,0,,0,,,0,0,0.0,,,0,0,,,0,0,,0,0,0.0,0,,0,0,0,,,0.0,,0,0,0,0,0,0,,0,,100.0,1,1,50.0,0.0,2.5,0,0,0.0,100.0,1,0,0.0,1,0,0.4,1,61.0,0,0,1,100.0,,83.3,0.0,0,0,0,0,0,0,0.0,4,4.0,0,,0,0,0.0,,,0,0,,,0,0,,0,0,0.0,0,,0,0,0,,,0.0,,0,0,0,0,0,0,,0,,103,,0,0,0.0,,,0,0,,,0,0,,0,0,0.0,0,,0,0,0,,,0.0,,0,0,0,0,0,0,,0,,,0,0,0.0,,,0,0,,,0,0,,0,0,0.0,0,,0,0,0,,,0.0,,0,0,0,0,0,0,,0,,,0,0,0.0,,,0,0,,,0,0,,0,0,0.0,0,,0,0,0,,,0.0,,0,0,0,0,0,0,,0,,,0,0,0.0,,,0,0,,,0,0,,0,0,0.0,0,,0,0,0,,,0.0,,0,0,0,0,0,0,,0,,,0,0,0.0,,,0,0,,,0,0,,0,0,0.0,0,,0,0,0,,,0.0,,0,0,0,0,0,0,,0,,0,100.0,1,1,50.0,-5.0,3.9,0,0,0.0,100.0,1,0,0.0,1,0,-0.05,0,61.0,0,0,1,0.0,,112.5,0.0,0,0,0,0,0,0,0.0,11,11.0,,0,0,0.0,,,0,0,,,0,0,,0,0,0.0,0,,0,0,0,,,0.0,,0,0,0,0,0,0,,0,,,0,0,0.0,,,0,0,,,0,0,,0,0,0.0,0,,0,0,0,,,0.0,,0,0,0,0,0,0,,0,,,0,0,0.0,,,0,0,,,0,0,,0,0,0.0,0,,0,0,0,,,0.0,,0,0,0,0,0,0,,0,,100.0,1,1,50.0,0.0,2.5,0,0,0.0,100.0,1,0,0.0,1,0,0.4,1,61.0,0,0,1,100.0,,83.3,0.0,0,0,0,0,0,0,0.0,4,4.0
Alex Orji,158545,QB,UNLV,1,3,4,100.0,1,1,33.3,-2.0,1.1,0,0,0.0,100.0,1,0,0.0,1,0,0.96,1,60.4,0,0,1,100.0,,118.8,0.0,0,0,0,0,0,0,0.0,19,19.0,100.0,1,1,33.3,-2.0,1.1,0,0,0.0,100.0,1,0,0.0,1,0,0.96,1,60.4,0,0,1,100.0,,118.8,0.0,0,0,0,0,0,0,0.0,19,19.0,,0,0,0.0,,,0,0,,,0,0,,0,0,0.0,0,,0,0,0,,,0.0,,0,0,0,0,0,0,,0,,,0,0,0.0,,,0,0,,,0,0,,0,0,0.0,0,,0,0,0,,,0.0,,0,0,0,0,0,0,,0,,100.0,1,1,33.3,5.0,1.6,0,0,0.0,100.0,1,0,0.0,1,0,0.67,1,60.4,0,0,1,100.0,,118.8,0.0,0,0,0,0,0,0,0.0,13,13.0,0,,0,0,0.0,,,0,0,,,0,0,,0,0,0.0,0,,0,0,0,,,0.0,,0,0,0,0,0,0,,0,,325,,0,0,0.0,,,0,0,,,0,0,,0,0,0.0,0,,0,0,0,,,0.0,,0,0,0,0,0,0,,0,,,0,0,0.0,,,0,0,,,0,0,,0,0,0.0,0,,0,0,0,,,0.0,,0,0,0,0,0,0,,0,,,0,0,0.0,,,0,0,,,0,0,,0,0,0.0,0,,0,0,0,,,0.0,,0,0,0,0,0,0,,0,,,0,0,0.0,,,0,0,,,0,0,,0,0,0.0,0,,0,0,0,,,0.0,,0,0,0,0,0,0,,0,,,0,0,0.0,,,0,0,,,0,0,,0,0,0.0,0,,0,0,0,,,0.0,,0,0,0,0,0,0,,0,,0,,0,0,0.0,,,0,0,,,0,0,,0,0,0.0,0,,0,0,0,,,0.0,,0,0,0,0,0,0,,0,,,0,0,0.0,,,0,0,,,0,0,,0,0,0.0,0,,0,0,0,,,0.0,,0,0,0,0,0,0,,0,,,0,0,0.0,,,0,0,,,0,0,,0,0,0.0,0,,0,0,0,,,0.0,,0,0,0,0,0,0,,0,,100.0,1,1,33.3,5.0,1.9,0,0,0.0,100.0,1,0,0.0,1,0,0.09,0,60.4,0,0,1,100.0,,87.5,0.0,0,0,0,0,0,0,0.0,5,5.0,100.0,2,2,66.7,5.0,1.75,0,0,0.0,100.0,2,0,0.0,2,0,0.38,1,62.6,0,0,2,100.0,,104.2,0.0,0,0,0,0,0,0,0.0,18,9.0
D.J. McKinney,175620,HB,NEW MEXICO,3,3,4,0.0,1,1,33.3,-7.0,5.7,0,0,0.0,0.0,0,1,,1,0,-0.74,0,56.8,0,0,1,0.0,0.0,39.6,0.0,0,0,0,0,0,0,0.0,0,0.0,,0,0,0.0,,,0,0,,,0,0,,0,0,0.0,0,,0,0,0,,,0.0,,0,0,0,0,0,0,,0,,,0,0,0.0,,,0,0,,,0,0,,0,0,0.0,0,,0,0,0,,,0.0,,0,0,0,0,0,0,,0,,100.0,1,1,33.3,16.0,1.5,0,0,0.0,100.0,1,0,0.0,1,0,3.61,1,75.4,0,0,1,100.0,,143.8,0.0,0,0,0,0,1,0,0.0,9,9.0,,0,0,0.0,,,0,0,,,0,0,,0,0,0.0,0,,0,0,0,,,0.0,,0,0,0,0,0,0,,0,,0,,0,0,0.0,,,0,0,,,0,0,,0,0,0.0,0,,0,0,0,,,0.0,,0,0,0,0,0,0,,0,,241,0.0,1,1,33.3,-7.0,5.7,0,0,0.0,0.0,0,1,,1,0,-0.74,0,56.8,0,0,1,0.0,0.0,39.6,0.0,0,0,0,0,0,0,0.0,0,0.0,,0,0,0.0,,,0,0,,,0,0,,0,0,0.0,0,,0,0,0,,,0.0,,0,0,0,0,0,0,,0,,,0,0,0.0,,,0,0,,,0,0,,0,0,0.0,0,,0,0,0,,,0.0,,0,0,0,0,0,0,,0,,,0,0,0.0,,,0,0,,,0,0,,0,0,0.0,0,,0,0,0,,,0.0,,0,0,0,0,0,0,,0,,100.0,1,1,33.3,16.0,1.5,0,0,0.0,100.0,1,0,0.0,1,0,3.61,1,75.4,0,0,1,100.0,,143.8,0.0,0,0,0,0,1,0,0.0,9,9.0,0,,0,0,0.0,,,0,0,,,0,0,,0,0,0.0,0,,0,0,0,,,0.0,,0,0,0,0,0,0,,0,,,0,0,0.0,,,0,0,,,0,0,,0,0,0.0,0,,0,0,0,,,0.0,,0,0,0,0,0,0,,0,,,0,0,0.0,,,0,0,,,0,0,,0,0,0.0,0,,0,0,0,,,0.0,,0,0,0,0,0,0,,0,,,0,0,0.0,,,0,0,,,0,0,,0,0,0.0,0,,0,0,0,,,0.0,,0,0,0,0,0,0,,0,,,0,0,0.0,,,0,0,,,0,0,,0,0,0.0,0,,0,0,0,,,0.0,,0,0,0,0,0,0,,0,
Ryan Boe,190878,QB,NWESTERN,3,3,4,100.0,1,1,33.3,-4.0,2.1,0,0,0.0,100.0,1,0,0.0,1,0,0.28,0,60.6,0,0,1,100.0,,95.8,0.0,0,0,0,0,0,0,0.0,7,7.0,100.0,1,1,33.3,-4.0,2.1,0,0,0.0,100.0,1,0,0.0,1,0,0.28,0,60.6,0,0,1,100.0,,95.8,0.0,0,0,0,0,0,0,0.0,7,7.0,,0,0,0.0,,,0,0,,,0,0,,0,0,0.0,0,,0,0,0,,,0.0,,0,0,0,0,0,0,,0,,,0,0,0.0,,,0,0,0.0,,0,0,,0,0,0.0,0,46.8,0,0,1,,,0.0,,0,0,0,0,0,0,0.0,0,,0.0,1,1,33.3,4.0,2.8,0,0,0.0,0.0,0,1,,1,0,-2.23,0,61.0,0,0,1,0.0,0.0,39.6,0.0,0,0,0,0,0,0,0.0,0,0.0,0,,0,0,0.0,,,0,0,,,0,0,,0,0,0.0,0,,0,0,0,,,0.0,,0,0,0,0,0,0,,0,,256,,0,0,0.0,,,0,0,,,0,0,,0,0,0.0,0,,0,0,0,,,0.0,,0,0,0,0,0,0,,0,,,0,0,0.0,,,0,0,,,0,0,,0,0,0.0,0,,0,0,0,,,0.0,,0,0,0,0,0,0,,0,,,0,0,0.0,,,0,0,,,0,0,,0,0,0.0,0,,0,0,0,,,0.0,,0,0,0,0,0,0,,0,,,0,0,0.0,,,0,0,,,0,0,,0,0,0.0,0,,0,0,0,,,0.0,,0,0,0,0,0,0,,0,,0.0,1,1,33.3,16.0,2.5,0,0,0.0,0.0,0,0,,1,0,-0.65,0,36.2,0,0,2,0.0,,39.6,0.0,0,0,0,0,0,0,0.0,0,0.0,0,,0,0,0.0,,,0,0,,,0,0,,0,0,0.0,0,,0,0,0,,,0.0,,0,0,0,0,0,0,,0,,,0,0,0.0,,,0,0,,,0,0,,0,0,0.0,0,,0,0,0,,,0.0,,0,0,0,0,0,0,,0,,0.0,1,1,33.3,16.0,2.5,0,0,0.0,0.0,0,0,,1,0,-0.65,0,47.3,0,0,1,0.0,,39.6,0.0,0,0,0,0,0,0,0.0,0,0.0,,0,0,0.0,,,0,0,,,0,0,,0,0,0.0,0,,0,0,0,,,0.0,,0,0,0,0,0,0,,0,,0.0,1,1,33.3,4.0,2.8,0,0,0.0,0.0,0,1,,1,0,-2.23,0,61.0,0,0,1,0.0,0.0,39.6,0.0,0,0,0,0,0,0,0.0,0,0.0
Nate Rogers,190774,QB,UAB,5,2,4,100.0,1,1,50.0,-1.0,3.3,0,0,0.0,100.0,1,0,0.0,1,0,-0.62,0,60.4,0,0,1,0.0,,79.2,0.0,0,0,0,0,0,0,0.0,0,0.0,,0,0,0.0,,,0,0,,,0,0,,0,0,0.0,0,,0,0,0,,,0.0,,0,0,0,0,0,0,,0,,,0,0,0.0,,,0,0,,,0,0,,0,0,0.0,0,,0,0,0,,,0.0,,0,0,0,0,0,0,,0,,,0,0,0.0,,,0,0,,,0,0,,0,0,0.0,0,,0,0,0,,,0.0,,0,0,0,0,0,0,,0,,,0,0,0.0,,,0,0,,,0,0,,0,0,0.0,0,,0,0,0,,,0.0,,0,0,0,0,0,0,,0,,0,0.0,1,1,50.0,28.0,3.2,0,0,0.0,0.0,0,1,,1,0,0.0,0,50.4,0,0,1,0.0,0.0,39.6,0.0,0,0,0,0,0,0,0.0,0,0.0,321,,0,0,0.0,,,0,0,,,0,0,,0,0,0.0,0,,0,0,0,,,0.0,,0,0,0,0,0,0,,0,,0.0,1,1,50.0,28.0,3.2,0,0,0.0,0.0,0,1,,1,0,0.0,0,50.4,0,0,1,0.0,0.0,39.6,0.0,0,0,0,0,0,0,0.0,0,0.0,,0,0,0.0,,,0,0,,,0,0,,0,0,0.0,0,,0,0,0,,,0.0,,0,0,0,0,0,0,,0,,,0,0,0.0,,,0,0,,,0,0,,0,0,0.0,0,,0,0,0,,,0.0,,0,0,0,0,0,0,,0,,,0,0,0.0,,,0,0,,,0,0,,0,0,0.0,0,,0,0,0,,,0.0,,0,0,0,0,0,0,,0,,0,100.0,1,1,50.0,-1.0,3.3,0,0,0.0,100.0,1,0,0.0,1,0,-0.62,0,60.4,0,0,1,0.0,,79.2,0.0,0,0,0,0,0,0,0.0,0,0.0,,0,0,0.0,,,0,0,,,0,0,,0,0,0.0,0,,0,0,0,,,0.0,,0,0,0,0,0,0,,0,,,0,0,0.0,,,0,0,,,0,0,,0,0,0.0,0,,0,0,0,,,0.0,,0,0,0,0,0,0,,0,,,0,0,0.0,,,0,0,,,0,0,,0,0,0.0,0,,0,0,0,,,0.0,,0,0,0,0,0,0,,0,,,0,0,0.0,,,0,0,,,0,0,,0,0,0.0,0,,0,0,0,,,0.0,,0,0,0,0,0,0,,0,
Max Brown,157756,QB,W VIRGINIA,1,3,4,,0,0,0.0,,,0,0,,,0,0,,0,0,0.0,0,,0,0,0,,,0.0,,0,0,0,0,0,0,,0,,,0,0,0.0,,,0,0,,,0,0,,0,0,0.0,0,,0,0,0,,,0.0,,0,0,0,0,0,0,,0,,,0,0,0.0,,,0,0,,,0,0,,0,0,0.0,0,,0,0,0,,,0.0,,0,0,0,0,0,0,,0,,,0,0,0.0,,,0,0,,,0,0,,0,0,0.0,0,,0,0,0,,,0.0,,0,0,0,0,0,0,,0,,100.0,1,1,33.3,6.0,1.6,0,0,0.0,100.0,1,0,0.0,1,0,1.42,1,71.9,0,0,1,100.0,,95.8,0.0,0,0,0,0,0,0,0.0,7,7.0,0,0.0,1,1,33.3,35.0,3.2,0,0,0.0,0.0,0,0,,1,0,-5.66,0,27.8,0,1,1,0.0,,0.0,0.0,0,0,0,0,0,1,100.0,0,0.0,343,,0,0,0.0,,,0,0,,,0,0,,0,0,0.0,0,,0,0,0,,,0.0,,0,0,0,0,0,0,,0,,0.0,1,1,33.3,35.0,3.2,0,0,0.0,0.0,0,0,,1,0,-5.66,0,27.8,0,1,1,0.0,,0.0,0.0,0,0,0,0,0,1,100.0,0,0.0,,0,0,0.0,,,0,0,,,0,0,,0,0,0.0,0,,0,0,0,,,0.0,,0,0,0,0,0,0,,0,,,0,0,0.0,,,0,0,,,0,0,,0,0,0.0,0,,0,0,0,,,0.0,,0,0,0,0,0,0,,0,,,0,0,0.0,,,0,0,,,0,0,,0,0,0.0,0,,0,0,0,,,0.0,,0,0,0,0,0,0,,0,,0,,0,0,0.0,,,0,0,,,0,0,,0,0,0.0,0,,0,0,0,,,0.0,,0,0,0,0,0,0,,0,,,0,0,0.0,,,0,0,,,0,0,,0,0,0.0,0,,0,0,0,,,0.0,,0,0,0,0,0,0,,0,,,0,0,0.0,,,0,0,,,0,0,,0,0,0.0,0,,0,0,0,,,0.0,,0,0,0,0,0,0,,0,,,0,0,0.0,,,0,0,,,0,0,,0,0,0.0,0,,0,0,0,,,0.0,,0,0,0,0,0,0,,0,,100.0,1,1,33.3,6.0,1.6,0,0,0.0,100.0,1,0,0.0,1,0,1.42,1,71.9,0,0,1,100.0,,95.8,0.0,0,0,0,0,0,0,0.0,7,7.0
Ethan Hampton,145858,QB,ILLINOIS,2,4,4,,0,0,0.0,,,0,0,,,0,0,,0,0,0.0,0,,0,0,0,,,0.0,,0,0,0,0,0,0,,0,,,0,0,0.0,,,0,0,,,0,0,,0,0,0.0,0,,0,0,0,,,0.0,,0,0,0,0,0,0,,0,,,0,0,0.0,,,0,0,,,0,0,,0,0,0.0,0,,0,0,0,,,0.0,,0,0,0,0,0,0,,0,,50.0,2,2,50.0,14.0,2.6,0,0,0.0,50.0,1,1,0.0,2,0,-0.78,1,62.0,0,1,2,50.0,0.0,33.3,0.0,0,0,0,0,0,0,0.0,14,7.0,,0,0,0.0,,,0,0,,,0,0,,0,0,0.0,0,,0,0,0,,,0.0,,0,0,0,0,0,0,,0,,0,,0,0,0.0,,,0,0,,,0,0,,0,0,0.0,0,,0,0,0,,,0.0,,0,0,0,0,0,0,,0,,187,,0,0,0.0,,,0,0,,,0,0,,0,0,0.0,0,,0,0,0,,,0.0,,0,0,0,0,0,0,,0,,,0,0,0.0,,,0,0,,,0,0,,0,0,0.0,0,,0,0,0,,,0.0,,0,0,0,0,0,0,,0,,,0,0,0.0,,,0,0,,,0,0,,0,0,0.0,0,,0,0,0,,,0.0,,0,0,0,0,0,0,,0,,100.0,2,2,50.0,6.0,1.5,0,0,0.0,100.0,2,0,0.0,2,0,0.5,0,60.8,0,0,2,100.0,,93.8,0.0,0,0,0,0,0,0,0.0,13,6.5,50.0,2,2,50.0,14.0,2.6,0,0,0.0,50.0,1,1,0.0,2,0,-0.78,1,62.0,0,1,2,50.0,0.0,33.3,0.0,0,0,0,0,0,0,0.0,14,7.0,0,,0,0,0.0,,,0,0,,,0,0,,0,0,0.0,0,,0,0,0,,,0.0,,0,0,0,0,0,0,,0,,,0,0,0.0,,,0,0,,,0,0,,0,0,0.0,0,,0,0,0,,,0.0,,0,0,0,0,0,0,,0,,,0,0,0.0,,,0,0,,,0,0,,0,0,0.0,0,,0,0,0,,,0.0,,0,0,0,0,0,0,,0,,,0,0,0.0,,,0,0,,,0,0,,0,0,0.0,0,,0,0,0,,,0.0,,0,0,0,0,0,0,,0,,100.0,2,2,50.0,6.0,1.5,0,0,0.0,100.0,2,0,0.0,2,0,0.5,0,60.8,0,0,2,100.0,,93.8,0.0,0,0,0,0,0,0,0.0,13,6.5
Parker Awad,183974,QB,NEW MEX ST,1,3,4,,0,0,0.0,,,0,0,,,0,0,,0,0,0.0,0,,0,0,0,,,0.0,,0,0,0,0,0,0,,0,,,0,0,0.0,,,0,0,,,0,0,,0,0,0.0,0,,0,0,0,,,0.0,,0,0,0,0,0,0,,0,,,0,0,0.0,,,0,0,,,0,0,,0,0,0.0,0,,0,0,0,,,0.0,,0,0,0,0,0,0,,0,,,0,0,0.0,,,0,0,,,0,0,,0,0,0.0,0,,0,0,0,,,0.0,,0,0,0,0,0,0,,0,,,0,0,0.0,,,0,0,,,0,0,,0,0,0.0,0,,0,0,0,,,0.0,,0,0,0,0,0,0,,0,,0,,0,0,0.0,,,0,0,,,0,0,,0,0,0.0,0,,0,0,0,,,0.0,,0,0,0,0,0,0,,0,,242,,0,0,0.0,,,0,0,,,0,0,,0,0,0.0,0,,0,0,0,,,0.0,,0,0,0,0,0,0,,0,,,0,0,0.0,,,0,0,,,0,0,,0,0,0.0,0,,0,0,0,,,0.0,,0,0,0,0,0,0,,0,,0.0,2,2,66.7,13.5,5.1,0,0,0.0,0.0,0,2,,2,0,-0.35,0,56.8,0,0,2,0.0,0.0,39.6,0.0,0,0,0,0,0,0,0.0,0,0.0,,0,0,0.0,,,0,0,,,0,0,,0,0,0.0,0,,0,0,0,,,0.0,,0,0,0,0,0,0,,0,,0.0,2,2,66.7,13.5,5.1,0,0,0.0,0.0,0,2,,2,0,-0.35,0,56.8,0,0,2,0.0,0.0,39.6,0.0,0,0,0,0,0,0,0.0,0,0.0,0,,0,0,0.0,,,0,0,,,0,0,,0,0,0.0,0,,0,0,0,,,0.0,,0,0,0,0,0,0,,0,,,0,0,0.0,,,0,0,,,0,0,,0,0,0.0,0,,0,0,0,,,0.0,,0,0,0,0,0,0,,0,,,0,0,0.0,,,0,0,,,0,0,,0,0,0.0,0,,0,0,0,,,0.0,,0,0,0,0,0,0,,0,,,0,0,0.0,,,0,0,,,0,0,,0,0,0.0,0,,0,0,0,,,0.0,,0,0,0,0,0,0,,0,,,0,0,0.0,,,0,0,,,0,0,,0,0,0.0,0,,0,0,0,,,0.0,,0,0,0,0,0,0,,0,
Isaiah Marshall,183809,QB,KANSAS,2,3,4,,0,0,0.0,,,0,0,,,0,0,,0,0,0.0,0,,0,0,0,,,0.0,,0,0,0,0,0,0,,0,,,0,0,0.0,,,0,0,,,0,0,,0,0,0.0,0,,0,0,0,,,0.0,,0,0,0,0,0,0,,0,,,0,0,0.0,,,0,0,,,0,0,,0,0,0.0,0,,0,0,0,,,0.0,,0,0,0,0,0,0,,0,,,0,0,0.0,,,0,0,,,0,0,,0,0,0.0,0,,0,0,0,,,0.0,,0,0,0,0,0,0,,0,,100.0,1,1,33.3,7.0,2.0,0,0,0.0,100.0,1,0,0.0,1,0,0.72,1,60.4,0,0,1,100.0,,116.7,0.0,0,0,0,0,0,0,0.0,12,12.0,0,,0,0,0.0,,,0,0,,,0,0,,0,0,0.0,0,,0,0,0,,,0.0,,0,0,0,0,0,0,,0,,198,,0,0,0.0,,,0,0,,,0,0,,0,0,0.0,0,,0,0,0,,,0.0,,0,0,0,0,0,0,,0,,,0,0,0.0,,,0,0,,,0,0,,0,0,0.0,0,,0,0,0,,,0.0,,0,0,0,0,0,0,,0,,,0,0,0.0,,,0,0,,,0,0,,0,0,0.0,0,,0,0,0,,,0.0,,0,0,0,0,0,0,,0,,,0,0,0.0,,,0,0,,,0,0,,0,0,0.0,0,,0,0,0,,,0.0,,0,0,0,0,0,0,,0,,,0,0,0.0,,,0,0,,,0,0,,0,0,0.0,0,,0,0,0,,,0.0,,0,0,0,0,0,0,,0,,0,,0,0,0.0,,,0,0,,,0,0,,0,0,0.0,0,,0,0,0,,,0.0,,0,0,0,0,0,0,,0,,,0,0,0.0,,,0,0,,,0,0,,0,0,0.0,0,,0,0,0,,,0.0,,0,0,0,0,0,0,,0,,,0,0,0.0,,,0,0,,,0,0,,0,0,0.0,0,,0,0,0,,,0.0,,0,0,0,0,0,0,,0,,100.0,2,2,66.7,7.5,2.3,0,0,0.0,100.0,2,0,0.0,2,0,1.39,1,71.2,0,0,2,100.0,,100.0,0.0,0,0,0,0,0,0,0.0,16,8.0,100.0,3,3,100.0,7.3,2.2,0,0,0.0,100.0,3,0,0.0,3,0,1.17,2,70.0,0,0,3,100.0,,105.6,0.0,0,0,0,0,0,0,0.0,28,9.3
Charlie Fiser,158265,QB,SMU,2,4,4,100.0,4,4,100.0,-4.0,0.93,0,0,0.0,100.0,4,0,0.0,4,0,0.19,1,64.7,0,0,4,50.0,,97.9,0.0,0,0,0,0,0,0,0.0,30,7.5,100.0,4,4,100.0,-4.0,0.93,0,0,0.0,100.0,4,0,0.0,4,0,0.19,1,64.7,0,0,4,50.0,,97.9,0.0,0,0,0,0,0,0,0.0,30,7.5,,0,0,0.0,,,0,0,,,0,0,,0,0,0.0,0,,0,0,0,,,0.0,,0,0,0,0,0,0,,0,,,0,0,0.0,,,0,0,,,0,0,,0,0,0.0,0,,0,0,0,,,0.0,,0,0,0,0,0,0,,0,,,0,0,0.0,,,0,0,,,0,0,,0,0,0.0,0,,0,0,0,,,0.0,,0,0,0,0,0,0,,0,,0,,0,0,0.0,,,0,0,,,0,0,,0,0,0.0,0,,0,0,0,,,0.0,,0,0,0,0,0,0,,0,,287,,0,0,0.0,,,0,0,,,0,0,,0,0,0.0,0,,0,0,0,,,0.0,,0,0,0,0,0,0,,0,,,0,0,0.0,,,0,0,,,0,0,,0,0,0.0,0,,0,0,0,,,0.0,,0,0,0,0,0,0,,0,,,0,0,0.0,,,0,0,,,0,0,,0,0,0.0,0,,0,0,0,,,0.0,,0,0,0,0,0,0,,0,,,0,0,0.0,,,0,0,,,0,0,,0,0,0.0,0,,0,0,0,,,0.0,,0,0,0,0,0,0,,0,,,0,0,0.0,,,0,0,,,0,0,,0,0,0.0,0,,0,0,0,,,0.0,,0,0,0,0,0,0,,0,,0,,0,0,0.0,,,0,0,,,0,0,,0,0,0.0,0,,0,0,0,,,0.0,,0,0,0,0,0,0,,0,,,0,0,0.0,,,0,0,,,0,0,,0,0,0.0,0,,0,0,0,,,0.0,,0,0,0,0,0,0,,0,,,0,0,0.0,,,0,0,,,0,0,,0,0,0.0,0,,0,0,0,,,0.0,,0,0,0,0,0,0,,0,,,0,0,0.0,,,0,0,,,0,0,,0,0,0.0,0,,0,0,0,,,0.0,,0,0,0,0,0,0,,0,,,0,0,0.0,,,0,0,,,0,0,,0,0,0.0,0,,0,0,0,,,0.0,,0,0,0,0,0,0,,0,
Cade Cunningham,145264,QB,JVILLE ST,2,3,3,100.0,1,1,33.3,-2.0,1.7,0,0,0.0,100.0,1,1,0.0,1,0,-1.73,0,61.0,0,0,1,0.0,0.0,79.2,0.0,0,0,0,0,0,0,0.0,-1,-1.0,,0,0,0.0,,,0,0,,,0,0,,0,0,0.0,0,,0,0,0,,,0.0,,0,0,0,0,0,0,,0,,,0,0,0.0,,,0,0,,,0,0,,0,0,0.0,0,,0,0,0,,,0.0,,0,0,0,0,0,0,,0,,100.0,1,1,33.3,11.0,3.9,0,0,0.0,0.0,0,0,100.0,1,1,-0.75,0,73.1,0,0,1,0.0,,39.6,0.0,0,0,0,0,0,0,0.0,0,0.0,,0,0,0.0,,,0,0,,,0,0,,0,0,0.0,0,,0,0,0,,,0.0,,0,0,0,0,0,0,,0,,0,,0,0,0.0,,,0,0,,,0,0,,0,0,0.0,0,,0,0,0,,,0.0,,0,0,0,0,0,0,,0,,196,100.0,1,1,33.3,-2.0,1.7,0,0,0.0,100.0,1,1,0.0,1,0,-1.73,0,61.0,0,0,1,0.0,0.0,79.2,0.0,0,0,0,0,0,0,0.0,-1,-1.0,,0,0,0.0,,,0,0,,,0,0,,0,0,0.0,0,,0,0,0,,,0.0,,0,0,0,0,0,0,,0,,,0,0,0.0,,,0,0,,,0,0,,0,0,0.0,0,,0,0,0,,,0.0,,0,0,0,0,0,0,,0,,,0,0,0.0,,,0,0,,,0,0,,0,0,0.0,0,,0,0,0,,,0.0,,0,0,0,0,0,0,,0,,50.0,2,2,66.7,10.5,2.9,0,0,0.0,0.0,0,0,100.0,2,1,-0.78,0,67.8,0,0,2,0.0,,39.6,0.0,0,0,0,0,0,0,0.0,0,0.0,0,,0,0,0.0,,,0,0,,,0,0,,0,0,0.0,0,,0,0,0,,,0.0,,0,0,0,0,0,0,,0,,,0,0,0.0,,,0,0,,,0,0,,0,0,0.0,0,,0,0,0,,,0.0,,0,0,0,0,0,0,,0,,0.0,1,1,33.3,10.0,1.9,0,0,0.0,0.0,0,0,,1,0,-0.8,0,55.3,0,0,1,0.0,,39.6,0.0,0,0,0,0,0,0,0.0,0,0.0,,0,0,0.0,,,0,0,,,0,0,,0,0,0.0,0,,0,0,0,,,0.0,,0,0,0,0,0,0,,0,,,0,0,0.0,,,0,0,,,0,0,,0,0,0.0,0,,0,0,0,,,0.0,,0,0,0,0,0,0,,0,
Jacob De Jesus,174068,WR,CAL,1,2,3,,0,0,0.0,,,0,0,,,0,0,,0,0,0.0,0,,0,0,0,,,0.0,,0,0,0,0,0,0,,0,,,0,0,0.0,,,0,0,,,0,0,,0,0,0.0,0,,0,0,0,,,0.0,,0,0,0,0,0,0,,0,,,0,0,0.0,,,0,0,,,0,0,,0,0,0.0,0,,0,0,0,,,0.0,,0,0,0,0,0,0,,0,,,0,0,0.0,,,0,0,,,0,0,,0,0,0.0,0,,0,0,0,,,0.0,,0,0,0,0,0,0,,0,,,0,0,0.0,,,0,0,,,0,0,,0,0,0.0,0,,0,0,0,,,0.0,,0,0,0,0,0,0,,0,,0,100.0,1,1,50.0,27.0,3.5,0,1,100.0,100.0,1,0,0.0,1,0,2.51,1,87.7,0,0,1,100.0,,118.8,0.0,0,0,0,0,0,0,0.0,27,27.0,130,,0,0,0.0,,,0,0,,,0,0,,0,0,0.0,0,,0,0,0,,,0.0,,0,0,0,0,0,0,,0,,,0,0,0.0,,,0,0,,,0,0,,0,0,0.0,0,,0,0,0,,,0.0,,0,0,0,0,0,0,,0,,0.0,1,1,50.0,18.0,4.4,0,0,0.0,0.0,0,0,,1,0,-0.76,0,56.6,0,0,1,0.0,,39.6,0.0,0,0,0,0,0,0,0.0,0,0.0,,0,0,0.0,,,0,0,,,0,0,,0,0,0.0,0,,0,0,0,,,0.0,,0,0,0,0,0,0,,0,,0.0,1,1,50.0,18.0,4.4,0,0,0.0,0.0,0,0,,1,0,-0.76,0,56.6,0,0,1,0.0,,39.6,0.0,0,0,0,0,0,0,0.0,0,0.0,0,,0,0,0.0,,,0,0,,,0,0,,0,0,0.0,0,,0,0,0,,,0.0,,0,0,0,0,0,0,,0,,100.0,1,1,50.0,27.0,3.5,0,1,100.0,100.0,1,0,0.0,1,0,2.51,1,87.7,0,0,1,100.0,,118.8,0.0,0,0,0,0,0,0,0.0,27,27.0,,0,0,0.0,,,0,0,,,0,0,,0,0,0.0,0,,0,0,0,,,0.0,,0,0,0,0,0,0,,0,,,0,0,0.0,,,0,0,,,0,0,,0,0,0.0,0,,0,0,0,,,0.0,,0,0,0,0,0,0,,0,,,0,0,0.0,,,0,0,,,0,0,,0,0,0.0,0,,0,0,0,,,0.0,,0,0,0,0,0,0,,0,
K'saan Farrar,198321,QB,UCONN,1,1,3,,0,0,0.0,,,0,0,,,0,0,,0,0,0.0,0,,0,0,0,,,0.0,,0,0,0,0,0,0,,0,,,0,0,0.0,,,0,0,,,0,0,,0,0,0.0,0,,0,0,0,,,0.0,,0,0,0,0,0,0,,0,,,0,0,0.0,,,0,0,,,0,0,,0,0,0.0,0,,0,0,0,,,0.0,,0,0,0,0,0,0,,0,,,0,0,0.0,,,0,0,,,0,0,,0,0,0.0,0,,0,0,0,,,0.0,,0,0,0,0,0,0,,0,,,0,0,0.0,,,0,0,,,0,0,,0,0,0.0,0,,0,0,0,,,0.0,,0,0,0,0,0,0,,0,,0,0.0,1,1,100.0,20.0,2.9,0,0,0.0,0.0,0,1,,1,0,-0.96,0,59.9,0,0,1,0.0,0.0,39.6,0.0,0,0,0,0,0,0,0.0,0,0.0,146,,0,0,0.0,,,0,0,,,0,0,,0,0,0.0,0,,0,0,0,,,0.0,,0,0,0,0,0,0,,0,,,0,0,0.0,,,0,0,,,0,0,,0,0,0.0,0,,0,0,0,,,0.0,,0,0,0,0,0,0,,0,,,0,0,0.0,,,0,0,,,0,0,,0,0,0.0,0,,0,0,0,,,0.0,,0,0,0,0,0,0,,0,,,0,0,0.0,,,0,0,,,0,0,,0,0,0.0,0,,0,0,0,,,0.0,,0,0,0,0,0,0,,0,,,0,0,0.0,,,0,0,,,0,0,,0,0,0.0,0,,0,0,0,,,0.0,,0,0,0,0,0,0,,0,,0,,0,0,0.0,,,0,0,,,0,0,,0,0,0.0,0,,0,0,0,,,0.0,,0,0,0,0,0,0,,0,,0.0,1,1,100.0,20.0,2.9,0,0,0.0,0.0,0,1,,1,0,-0.96,0,59.9,0,0,1,0.0,0.0,39.6,0.0,0,0,0,0,0,0,0.0,0,0.0,,0,0,0.0,,,0,0,,,0,0,,0,0,0.0,0,,0,0,0,,,0.0,,0,0,0,0,0,0,,0,,,0,0,0.0,,,0,0,,,0,0,,0,0,0.0,0,,0,0,0,,,0.0,,0,0,0,0,0,0,,0,,,0,0,0.0,,,0,0,,,0,0,,0,0,0.0,0,,0,0,0,,,0.0,,0,0,0,0,0,0,,0,
Chris Jimerson Jr.,198991,QB,N TEXAS,3,2,3,,0,0,0.0,,,0,0,,,0,0,,0,0,0.0,0,,0,0,0,,,0.0,,0,0,0,0,0,0,,0,,,0,0,0.0,,,0,0,,,0,0,,0,0,0.0,0,,0,0,0,,,0.0,,0,0,0,0,0,0,,0,,100.0,1,1,50.0,38.0,3.4,0,1,100.0,100.0,1,0,0.0,1,0,4.95,1,89.4,0,0,1,100.0,,158.3,0.0,0,0,0,0,1,0,0.0,37,37.0,,0,0,0.0,,,0,0,,,0,0,,0,0,0.0,0,,0,0,0,,,0.0,,0,0,0,0,0,0,,0,,,0,0,0.0,,,0,0,,,0,0,,0,0,0.0,0,,0,0,0,,,0.0,,0,0,0,0,0,0,,0,,0,100.0,1,1,50.0,38.0,3.4,0,1,100.0,100.0,1,0,0.0,1,0,4.95,1,89.4,0,0,1,100.0,,158.3,0.0,0,0,0,0,1,0,0.0,37,37.0,251,,0,0,0.0,,,0,0,,,0,0,,0,0,0.0,0,,0,0,0,,,0.0,,0,0,0,0,0,0,,0,,,0,0,0.0,,,0,0,,,0,0,,0,0,0.0,0,,0,0,0,,,0.0,,0,0,0,0,0,0,,0,,,0,0,0.0,,,0,0,,,0,0,,0,0,0.0,0,,0,0,0,,,0.0,,0,0,0,0,0,0,,0,,,0,0,0.0,,,0,0,,,0,0,,0,0,0.0,0,,0,0,0,,,0.0,,0,0,0,0,0,0,,0,,,0,0,0.0,,,0,0,,,0,0,,0,0,0.0,0,,0,0,0,,,0.0,,0,0,0,0,0,0,,0,,0,,0,0,0.0,,,0,0,,,0,0,,0,0,0.0,0,,0,0,0,,,0.0,,0,0,0,0,0,0,,0,,,0,0,0.0,,,0,0,,,0,0,,0,0,0.0,0,,0,0,0,,,0.0,,0,0,0,0,0,0,,0,,,0,0,0.0,,,0,0,,,0,0,,0,0,0.0,0,,0,0,0,,,0.0,,0,0,0,0,0,0,,0,,0.0,1,1,50.0,9.0,5.6,0,0,0.0,0.0,0,1,,1,0,-0.58,0,72.8,0,0,2,0.0,0.0,39.6,0.0,0,0,0,0,0,0,0.0,0,0.0,0.0,1,1,50.0,9.0,5.6,0,0,0.0,0.0,0,1,,1,0,-0.58,0,72.8,0,0,2,0.0,0.0,39.6,0.0,0,0,0,0,0,0,0.0,0,0.0
Stephen Kittleman,126906,QB,TULSA,1,3,3,100.0,1,1,33.3,-4.0,0.5,0,0,0.0,100.0,1,0,0.0,1,0,1.27,1,61.0,0,0,1,100.0,,104.2,0.0,0,0,0,0,0,0,0.0,9,9.0,100.0,1,1,33.3,-4.0,0.5,0,0,0.0,100.0,1,0,0.0,1,0,1.27,1,61.0,0,0,1,100.0,,104.2,0.0,0,0,0,0,0,0,0.0,9,9.0,,0,0,0.0,,,0,0,,,0,0,,0,0,0.0,0,,0,0,0,,,0.0,,0,0,0,0,0,0,,0,,,0,0,0.0,,,0,0,,,0,0,,0,0,0.0,0,,0,0,0,,,0.0,,0,0,0,0,0,0,,0,,100.0,1,1,33.3,4.0,1.2,0,0,0.0,100.0,1,0,0.0,1,0,0.47,0,60.6,0,0,1,100.0,,104.2,0.0,0,0,0,0,0,0,0.0,9,9.0,0,0.0,1,1,33.3,27.0,2.2,0,0,0.0,0.0,0,0,,1,0,-0.66,0,58.9,0,0,1,0.0,,39.6,0.0,0,0,0,0,0,0,0.0,0,0.0,320,,0,0,0.0,,,0,0,,,0,0,,0,0,0.0,0,,0,0,0,,,0.0,,0,0,0,0,0,0,,0,,0.0,1,1,33.3,27.0,2.2,0,0,0.0,0.0,0,0,,1,0,-0.66,0,58.9,0,0,1,0.0,,39.6,0.0,0,0,0,0,0,0,0.0,0,0.0,,0,0,0.0,,,0,0,,,0,0,,0,0,0.0,0,,0,0,0,,,0.0,,0,0,0,0,0,0,,0,,,0,0,0.0,,,0,0,,,0,0,,0,0,0.0,0,,0,0,0,,,0.0,,0,0,0,0,0,0,,0,,,0,0,0.0,,,0,0,0.0,,0,0,,0,0,0.0,0,73.1,0,0,1,,,0.0,,0,0,0,0,0,0,0.0,0,,0,,0,0,0.0,,,0,0,,,0,0,,0,0,0.0,0,,0,0,0,,,0.0,,0,0,0,0,0,0,,0,,,0,0,0.0,,,0,0,,,0,0,,0,0,0.0,0,,0,0,0,,,0.0,,0,0,0,0,0,0,,0,,,0,0,0.0,,,0,0,0.0,,0,0,,0,0,0.0,0,73.1,0,0,1,,,0.0,,0,0,0,0,0,0,0.0,0,,,0,0,0.0,,,0,0,,,0,0,,0,0,0.0,0,,0,0,0,,,0.0,,0,0,0,0,0,0,,0,,100.0,1,1,33.3,4.0,1.2,0,0,0.0,100.0,1,0,0.0,1,0,0.47,0,60.6,0,0,1,100.0,,104.2,0.0,0,0,0,0,0,0,0.0,9,9.0
Tucker McDonald,171056,QB,UCONN,2,3,3,50.0,2,2,66.7,-1.0,1.6,0,0,0.0,0.0,0,0,100.0,2,1,-0.84,0,54.6,0,0,2,0.0,,39.6,0.0,0,0,0,0,0,0,0.0,0,0.0,,0,0,0.0,,,0,0,,,0,0,,0,0,0.0,0,,0,0,0,,,0.0,,0,0,0,0,0,0,,0,,100.0,1,1,33.3,38.0,3.4,0,1,100.0,100.0,1,0,0.0,1,0,2.49,1,87.3,0,0,1,100.0,,118.8,0.0,0,0,0,0,0,0,0.0,45,45.0,,0,0,0.0,,,0,0,,,0,0,,0,0,0.0,0,,0,0,0,,,0.0,,0,0,0,0,0,0,,0,,,0,0,0.0,,,0,0,,,0,0,,0,0,0.0,0,,0,0,0,,,0.0,,0,0,0,0,0,0,,0,,0,100.0,1,1,33.3,38.0,3.4,0,1,100.0,100.0,1,0,0.0,1,0,2.49,1,87.3,0,0,1,100.0,,118.8,0.0,0,0,0,0,0,0,0.0,45,45.0,146,,0,0,0.0,,,0,0,,,0,0,,0,0,0.0,0,,0,0,0,,,0.0,,0,0,0,0,0,0,,0,,,0,0,0.0,,,0,0,,,0,0,,0,0,0.0,0,,0,0,0,,,0.0,,0,0,0,0,0,0,,0,,,0,0,0.0,,,0,0,,,0,0,,0,0,0.0,0,,0,0,0,,,0.0,,0,0,0,0,0,0,,0,,,0,0,0.0,,,0,0,,,0,0,,0,0,0.0,0,,0,0,0,,,0.0,,0,0,0,0,0,0,,0,,,0,0,0.0,,,0,0,,,0,0,,0,0,0.0,0,,0,0,0,,,0.0,,0,0,0,0,0,0,,0,,0,50.0,2,2,66.7,-1.0,1.6,0,0,0.0,0.0,0,0,100.0,2,1,-0.84,0,54.6,0,0,2,0.0,,39.6,0.0,0,0,0,0,0,0,0.0,0,0.0,,0,0,0.0,,,0,0,,,0,0,,0,0,0.0,0,,0,0,0,,,0.0,,0,0,0,0,0,0,,0,,,0,0,0.0,,,0,0,,,0,0,,0,0,0.0,0,,0,0,0,,,0.0,,0,0,0,0,0,0,,0,,,0,0,0.0,,,0,0,,,0,0,,0,0,0.0,0,,0,0,0,,,0.0,,0,0,0,0,0,0,,0,,,0,0,0.0,,,0,0,,,0,0,,0,0,0.0,0,,0,0,0,,,0.0,,0,0,0,0,0,0,,0,
Noah Short,163220,HB,ARMY,2,2,3,,0,0,0.0,,,0,0,,,0,0,,0,0,0.0,0,,0,0,0,,,0.0,,0,0,0,0,0,0,,0,,,0,0,0.0,,,0,0,,,0,0,,0,0,0.0,0,,0,0,0,,,0.0,,0,0,0,0,0,0,,0,,100.0,2,2,100.0,32.5,3.5,0,1,50.0,100.0,2,1,0.0,2,0,3.25,2,83.4,0,0,2,100.0,0.0,118.8,0.0,0,0,0,0,0,0,0.0,84,42.0,,0,0,0.0,,,0,0,,,0,0,,0,0,0.0,0,,0,0,0,,,0.0,,0,0,0,0,0,0,,0,,,0,0,0.0,,,0,0,,,0,0,,0,0,0.0,0,,0,0,0,,,0.0,,0,0,0,0,0,0,,0,,0,100.0,2,2,100.0,32.5,3.5,0,1,50.0,100.0,2,1,0.0,2,0,3.25,2,83.4,0,0,2,100.0,0.0,118.8,0.0,0,0,0,0,0,0,0.0,84,42.0,114,,0,0,0.0,,,0,0,,,0,0,,0,0,0.0,0,,0,0,0,,,0.0,,0,0,0,0,0,0,,0,,,0,0,0.0,,,0,0,,,0,0,,0,0,0.0,0,,0,0,0,,,0.0,,0,0,0,0,0,0,,0,,,0,0,0.0,,,0,0,,,0,0,,0,0,0.0,0,,0,0,0,,,0.0,,0,0,0,0,0,0,,0,,,0,0,0.0,,,0,0,,,0,0,,0,0,0.0,0,,0,0,0,,,0.0,,0,0,0,0,0,0,,0,,,0,0,0.0,,,0,0,,,0,0,,0,0,0.0,0,,0,0,0,,,0.0,,0,0,0,0,0,0,,0,,0,,0,0,0.0,,,0,0,,,0,0,,0,0,0.0,0,,0,0,0,,,0.0,,0,0,0,0,0,0,,0,,,0,0,0.0,,,0,0,,,0,0,,0,0,0.0,0,,0,0,0,,,0.0,,0,0,0,0,0,0,,0,,,0,0,0.0,,,0,0,,,0,0,,0,0,0.0,0,,0,0,0,,,0.0,,0,0,0,0,0,0,,0,,,0,0,0.0,,,0,0,,,0,0,,0,0,0.0,0,,0,0,0,,,0.0,,0,0,0,0,0,0,,0,,,0,0,0.0,,,0,0,,,0,0,,0,0,0.0,0,,0,0,0,,,0.0,,0,0,0,0,0,0,,0,
Dylan Wittke,174804,QB,MINNESOTA,1,3,3,,0,0,0.0,,,0,0,0.0,,0,0,,0,0,0.0,0,60.6,0,0,1,,,0.0,,0,0,0,0,0,0,0.0,0,,,0,0,0.0,,,0,0,0.0,,0,0,,0,0,0.0,0,60.6,0,0,1,,,0.0,,0,0,0,0,0,0,0.0,0,,,0,0,0.0,,,0,0,,,0,0,,0,0,0.0,0,,0,0,0,,,0.0,,0,0,0,0,0,0,,0,,,0,0,0.0,,,0,0,,,0,0,,0,0,0.0,0,,0,0,0,,,0.0,,0,0,0,0,0,0,,0,,0.0,1,1,33.3,1.0,2.3,0,0,0.0,0.0,0,1,,1,0,-0.91,0,56.8,0,0,1,0.0,0.0,39.6,0.0,0,0,0,0,0,0,0.0,0,0.0,0,0.0,1,1,33.3,36.0,2.9,0,0,0.0,0.0,0,0,,1,0,-2.87,0,37.1,0,1,1,0.0,,0.0,0.0,0,0,0,0,0,1,100.0,0,0.0,225,,0,0,0.0,,,0,0,,,0,0,,0,0,0.0,0,,0,0,0,,,0.0,,0,0,0,0,0,0,,0,,,0,0,0.0,,,0,0,,,0,0,,0,0,0.0,0,,0,0,0,,,0.0,,0,0,0,0,0,0,,0,,,0,0,0.0,,,0,0,,,0,0,,0,0,0.0,0,,0,0,0,,,0.0,,0,0,0,0,0,0,,0,,,0,0,0.0,,,0,0,,,0,0,,0,0,0.0,0,,0,0,0,,,0.0,,0,0,0,0,0,0,,0,,,0,0,0.0,,,0,0,,,0,0,,0,0,0.0,0,,0,0,0,,,0.0,,0,0,0,0,0,0,,0,,0,,0,0,0.0,,,0,0,,,0,0,,0,0,0.0,0,,0,0,0,,,0.0,,0,0,0,0,0,0,,0,,0.0,1,1,33.3,36.0,2.9,0,0,0.0,0.0,0,0,,1,0,-2.87,0,37.1,0,1,1,0.0,,0.0,0.0,0,0,0,0,0,1,100.0,0,0.0,,0,0,0.0,,,0,0,,,0,0,,0,0,0.0,0,,0,0,0,,,0.0,,0,0,0,0,0,0,,0,,100.0,1,1,33.3,6.0,1.9,0,0,0.0,100.0,1,0,0.0,1,0,0.76,0,60.4,0,0,1,100.0,,95.8,0.0,0,0,0,0,0,0,0.0,7,7.0,50.0,2,2,66.7,3.5,2.1,0,0,0.0,50.0,1,1,0.0,2,0,-0.07,0,53.6,0,0,2,50.0,0.0,58.3,0.0,0,0,0,0,0,0,0.0,7,3.5
Antonio Williams,156241,WR,CLEMSON,3,1,3,,0,0,0.0,,,0,0,,,0,0,,0,0,0.0,0,,0,0,0,,,0.0,,0,0,0,0,0,0,,0,,,0,0,0.0,,,0,0,,,0,0,,0,0,0.0,0,,0,0,0,,,0.0,,0,0,0,0,0,0,,0,,,0,0,0.0,,,0,0,,,0,0,,0,0,0.0,0,,0,0,0,,,0.0,,0,0,0,0,0,0,,0,,,0,0,0.0,,,0,0,,,0,0,,0,0,0.0,0,,0,0,0,,,0.0,,0,0,0,0,0,0,,0,,,0,0,0.0,,,0,0,,,0,0,,0,0,0.0,0,,0,0,0,,,0.0,,0,0,0,0,0,0,,0,,0,100.0,1,1,100.0,32.0,3.1,0,1,100.0,100.0,1,0,0.0,1,0,7.19,1,87.3,0,0,1,100.0,,158.3,0.0,0,0,0,0,1,0,0.0,75,75.0,140,,0,0,0.0,,,0,0,,,0,0,,0,0,0.0,0,,0,0,0,,,0.0,,0,0,0,0,0,0,,0,,,0,0,0.0,,,0,0,,,0,0,,0,0,0.0,0,,0,0,0,,,0.0,,0,0,0,0,0,0,,0,,,0,0,0.0,,,0,0,,,0,0,,0,0,0.0,0,,0,0,0,,,0.0,,0,0,0,0,0,0,,0,,,0,0,0.0,,,0,0,,,0,0,,0,0,0.0,0,,0,0,0,,,0.0,,0,0,0,0,0,0,,0,,,0,0,0.0,,,0,0,,,0,0,,0,0,0.0,0,,0,0,0,,,0.0,,0,0,0,0,0,0,,0,,0,,0,0,0.0,,,0,0,,,0,0,,0,0,0.0,0,,0,0,0,,,0.0,,0,0,0,0,0,0,,0,,100.0,1,1,100.0,32.0,3.1,0,1,100.0,100.0,1,0,0.0,1,0,7.19,1,87.3,0,0,1,100.0,,158.3,0.0,0,0,0,0,1,0,0.0,75,75.0,,0,0,0.0,,,0,0,,,0,0,,0,0,0.0,0,,0,0,0,,,0.0,,0,0,0,0,0,0,,0,,,0,0,0.0,,,0,0,,,0,0,,0,0,0.0,0,,0,0,0,,,0.0,,0,0,0,0,0,0,,0,,,0,0,0.0,,,0,0,,,0,0,,0,0,0.0,0,,0,0,0,,,0.0,,0,0,0,0,0,0,,0,
Jackson Gutierrez,189488,HB,NAVY,2,2,3,,0,0,0.0,,,0,0,,,0,0,,0,0,0.0,0,,0,0,0,,,0.0,,0,0,0,0,0,0,,0,,,0,0,0.0,,,0,0,,,0,0,,0,0,0.0,0,,0,0,0,,,0.0,,0,0,0,0,0,0,,0,,,0,0,0.0,,,0,0,,,0,0,,0,0,0.0,0,,0,0,0,,,0.0,,0,0,0,0,0,0,,0,,,0,0,0.0,,,0,0,,,0,0,,0,0,0.0,0,,0,0,0,,,0.0,,0,0,0,0,0,0,,0,,,0,0,0.0,,,0,0,,,0,0,,0,0,0.0,0,,0,0,0,,,0.0,,0,0,0,0,0,0,,0,,0,,0,0,0.0,,,0,0,,,0,0,,0,0,0.0,0,,0,0,0,,,0.0,,0,0,0,0,0,0,,0,,237,,0,0,0.0,,,0,0,,,0,0,,0,0,0.0,0,,0,0,0,,,0.0,,0,0,0,0,0,0,,0,,,0,0,0.0,,,0,0,,,0,0,,0,0,0.0,0,,0,0,0,,,0.0,,0,0,0,0,0,0,,0,,,0,0,0.0,,,0,0,,,0,0,,0,0,0.0,0,,0,0,0,,,0.0,,0,0,0,0,0,0,,0,,,0,0,0.0,,,0,0,,,0,0,,0,0,0.0,0,,0,0,0,,,0.0,,0,0,0,0,0,0,,0,,0.0,1,1,50.0,15.0,2.5,0,0,0.0,0.0,0,1,,1,0,-0.68,0,46.8,0,0,1,0.0,0.0,39.6,0.0,0,0,0,0,0,0,0.0,0,0.0,0,,0,0,0.0,,,0,0,,,0,0,,0,0,0.0,0,,0,0,0,,,0.0,,0,0,0,0,0,0,,0,,,0,0,0.0,,,0,0,,,0,0,,0,0,0.0,0,,0,0,0,,,0.0,,0,0,0,0,0,0,,0,,0.0,1,1,50.0,15.0,2.5,0,0,0.0,0.0,0,1,,1,0,-0.68,0,46.8,0,0,1,0.0,0.0,39.6,0.0,0,0,0,0,0,0,0.0,0,0.0,0.0,1,1,50.0,3.0,1.6,0,0,0.0,0.0,0,0,,1,0,-1.48,0,46.1,0,0,1,0.0,,39.6,0.0,0,0,0,0,0,1,100.0,0,0.0,0.0,1,1,50.0,3.0,1.6,0,0,0.0,0.0,0,0,,1,0,-1.48,0,46.1,0,0,1,0.0,,39.6,0.0,0,0,0,0,0,1,100.0,0,0.0
Cameron Friel,146195,QB,UNLV,1,2,3,,0,0,0.0,,,0,0,,,0,0,,0,0,0.0,0,,0,0,0,,,0.0,,0,0,0,0,0,0,,0,,,0,0,0.0,,,0,0,,,0,0,,0,0,0.0,0,,0,0,0,,,0.0,,0,0,0,0,0,0,,0,,,0,0,0.0,,,0,0,,,0,0,,0,0,0.0,0,,0,0,0,,,0.0,,0,0,0,0,0,0,,0,,,0,0,0.0,,,0,0,,,0,0,,0,0,0.0,0,,0,0,0,,,0.0,,0,0,0,0,0,0,,0,,,0,0,0.0,,,0,0,,,0,0,,0,0,0.0,0,,0,0,0,,,0.0,,0,0,0,0,0,0,,0,,0,,0,0,0.0,,,0,0,,,0,0,,0,0,0.0,0,,0,0,0,,,0.0,,0,0,0,0,0,0,,0,,325,,0,0,0.0,,,0,0,,,0,0,,0,0,0.0,0,,0,0,0,,,0.0,,0,0,0,0,0,0,,0,,,0,0,0.0,,,0,0,,,0,0,,0,0,0.0,0,,0,0,0,,,0.0,,0,0,0,0,0,0,,0,,,0,0,0.0,,,0,0,,,0,0,,0,0,0.0,0,,0,0,0,,,0.0,,0,0,0,0,0,0,,0,,,0,0,0.0,,,0,0,,,0,0,,0,0,0.0,0,,0,0,0,,,0.0,,0,0,0,0,0,0,,0,,,0,0,0.0,,,0,0,,,0,0,,0,0,0.0,0,,0,0,0,,,0.0,,0,0,0,0,0,0,,0,,0,,0,0,0.0,,,0,0,,,0,0,,0,0,0.0,0,,0,0,0,,,0.0,,0,0,0,0,0,0,,0,,,0,0,0.0,,,0,0,,,0,0,,0,0,0.0,0,,0,0,0,,,0.0,,0,0,0,0,0,0,,0,,,0,0,0.0,,,0,0,,,0,0,,0,0,0.0,0,,0,0,0,,,0.0,,0,0,0,0,0,0,,0,,0.0,1,1,50.0,2.0,2.1,0,0,0.0,0.0,0,0,,1,0,-1.33,0,55.3,0,0,1,0.0,,39.6,0.0,0,0,0,0,0,0,0.0,0,0.0,0.0,1,1,50.0,2.0,2.1,0,0,0.0,0.0,0,0,,1,0,-1.33,0,55.3,0,0,1,0.0,,39.6,0.0,0,0,0,0,0,0,0.0,0,0.0
Cameron Flowers,188745,WR,W KENTUCKY,3,3,3,0.0,1,1,33.3,-7.0,3.5,0,0,0.0,0.0,0,1,,1,0,-0.91,0,57.7,0,0,1,0.0,0.0,39.6,0.0,0,0,0,0,0,0,0.0,0,0.0,0.0,1,1,33.3,-7.0,3.5,0,0,0.0,0.0,0,1,,1,0,-0.91,0,57.7,0,0,1,0.0,0.0,39.6,0.0,0,0,0,0,0,0,0.0,0,0.0,,0,0,0.0,,,0,0,,,0,0,,0,0,0.0,0,,0,0,0,,,0.0,,0,0,0,0,0,0,,0,,,0,0,0.0,,,0,0,,,0,0,,0,0,0.0,0,,0,0,0,,,0.0,,0,0,0,0,0,0,,0,,100.0,1,1,33.3,0.0,6.1,0,0,0.0,100.0,1,1,0.0,1,0,-1.13,0,61.0,0,0,1,0.0,0.0,79.2,0.0,0,0,0,0,0,0,0.0,2,2.0,0,100.0,1,1,33.3,39.0,3.3,0,0,0.0,100.0,1,0,0.0,1,0,3.38,1,75.7,0,0,1,100.0,,118.8,0.0,0,0,0,0,0,0,0.0,39,39.0,346,,0,0,0.0,,,0,0,,,0,0,,0,0,0.0,0,,0,0,0,,,0.0,,0,0,0,0,0,0,,0,,,0,0,0.0,,,0,0,,,0,0,,0,0,0.0,0,,0,0,0,,,0.0,,0,0,0,0,0,0,,0,,,0,0,0.0,,,0,0,,,0,0,,0,0,0.0,0,,0,0,0,,,0.0,,0,0,0,0,0,0,,0,,,0,0,0.0,,,0,0,,,0,0,,0,0,0.0,0,,0,0,0,,,0.0,,0,0,0,0,0,0,,0,,,0,0,0.0,,,0,0,,,0,0,,0,0,0.0,0,,0,0,0,,,0.0,,0,0,0,0,0,0,,0,,0,,0,0,0.0,,,0,0,,,0,0,,0,0,0.0,0,,0,0,0,,,0.0,,0,0,0,0,0,0,,0,,100.0,1,1,33.3,39.0,3.3,0,0,0.0,100.0,1,0,0.0,1,0,3.38,1,75.7,0,0,1,100.0,,118.8,0.0,0,0,0,0,0,0,0.0,39,39.0,,0,0,0.0,,,0,0,,,0,0,,0,0,0.0,0,,0,0,0,,,0.0,,0,0,0,0,0,0,,0,,,0,0,0.0,,,0,0,,,0,0,,0,0,0.0,0,,0,0,0,,,0.0,,0,0,0,0,0,0,,0,,100.0,1,1,33.3,0.0,6.1,0,0,0.0,100.0,1,1,0.0,1,0,-1.13,0,61.0,0,0,1,0.0,0.0,79.2,0.0,0,0,0,0,0,0,0.0,2,2.0
Ty Robinson,146317,WR,BALL ST,2,3,3,,0,0,0.0,,,0,0,,,0,0,,0,0,0.0,0,,0,0,0,,,0.0,,0,0,0,0,0,0,,0,,,0,0,0.0,,,0,0,,,0,0,,0,0,0.0,0,,0,0,0,,,0.0,,0,0,0,0,0,0,,0,,,0,0,0.0,,,0,0,,,0,0,,0,0,0.0,0,,0,0,0,,,0.0,,0,0,0,0,0,0,,0,,,0,0,0.0,,,0,0,,,0,0,,0,0,0.0,0,,0,0,0,,,0.0,,0,0,0,0,0,0,,0,,,0,0,0.0,,,0,0,,,0,0,,0,0,0.0,0,,0,0,0,,,0.0,,0,0,0,0,0,0,,0,,0,100.0,1,1,33.3,27.0,3.2,0,1,100.0,100.0,1,1,0.0,1,0,1.99,1,87.7,0,0,1,100.0,0.0,118.8,0.0,0,0,0,0,0,0,0.0,37,37.0,117,,0,0,0.0,,,0,0,,,0,0,,0,0,0.0,0,,0,0,0,,,0.0,,0,0,0,0,0,0,,0,,,0,0,0.0,,,0,0,,,0,0,,0,0,0.0,0,,0,0,0,,,0.0,,0,0,0,0,0,0,,0,,,0,0,0.0,,,0,0,,,0,0,,0,0,0.0,0,,0,0,0,,,0.0,,0,0,0,0,0,0,,0,,,0,0,0.0,,,0,0,,,0,0,,0,0,0.0,0,,0,0,0,,,0.0,,0,0,0,0,0,0,,0,,100.0,1,1,33.3,17.0,2.9,0,0,0.0,100.0,1,1,0.0,1,0,3.0,1,72.6,0,0,1,100.0,0.0,118.8,0.0,0,0,0,0,0,0,0.0,40,40.0,0,,0,0,0.0,,,0,0,,,0,0,,0,0,0.0,0,,0,0,0,,,0.0,,0,0,0,0,0,0,,0,,100.0,1,1,33.3,27.0,3.2,0,1,100.0,100.0,1,1,0.0,1,0,1.99,1,87.7,0,0,1,100.0,0.0,118.8,0.0,0,0,0,0,0,0,0.0,37,37.0,100.0,1,1,33.3,17.0,2.9,0,0,0.0,100.0,1,1,0.0,1,0,3.0,1,72.6,0,0,1,100.0,0.0,118.8,0.0,0,0,0,0,0,0,0.0,40,40.0,0.0,1,1,33.3,8.0,3.0,0,0,0.0,0.0,0,1,,1,0,-2.69,0,45.7,0,0,1,0.0,0.0,39.6,0.0,0,0,0,0,0,0,0.0,0,0.0,0.0,1,1,33.3,8.0,3.0,0,0,0.0,0.0,0,1,,1,0,-2.69,0,45.7,0,0,1,0.0,0.0,39.6,0.0,0,0,0,0,0,0,0.0,0,0.0
Air Noland,183705,QB,S CAROLINA,1,3,3,100.0,1,1,33.3,-2.0,1.6,0,0,0.0,100.0,1,0,0.0,1,0,0.94,1,55.3,0,0,1,100.0,,91.7,0.0,0,0,0,0,0,0,0.0,6,6.0,100.0,1,1,33.3,-2.0,1.6,0,0,0.0,100.0,1,0,0.0,1,0,0.94,1,55.3,0,0,1,100.0,,91.7,0.0,0,0,0,0,0,0,0.0,6,6.0,,0,0,0.0,,,0,0,,,0,0,,0,0,0.0,0,,0,0,0,,,0.0,,0,0,0,0,0,0,,0,,,0,0,0.0,,,0,0,,,0,0,,0,0,0.0,0,,0,0,0,,,0.0,,0,0,0,0,0,0,,0,,100.0,1,1,33.3,5.0,1.6,0,0,0.0,100.0,1,0,0.0,1,0,0.39,0,60.6,0,0,1,100.0,,95.8,0.0,0,0,0,0,0,0,0.0,7,7.0,0,,0,0,0.0,,,0,0,0.0,,0,0,,0,0,0.0,0,51.9,0,0,1,,,0.0,,0,0,0,0,0,0,0.0,0,,289,,0,0,0.0,,,0,0,,,0,0,,0,0,0.0,0,,0,0,0,,,0.0,,0,0,0,0,0,0,,0,,,0,0,0.0,,,0,0,,,0,0,,0,0,0.0,0,,0,0,0,,,0.0,,0,0,0,0,0,0,,0,,,0,0,0.0,,,0,0,,,0,0,,0,0,0.0,0,,0,0,0,,,0.0,,0,0,0,0,0,0,,0,,,0,0,0.0,,,0,0,,,0,0,,0,0,0.0,0,,0,0,0,,,0.0,,0,0,0,0,0,0,,0,,,0,0,0.0,,,0,0,,,0,0,,0,0,0.0,0,,0,0,0,,,0.0,,0,0,0,0,0,0,,0,,0,,0,0,0.0,,,0,0,,,0,0,,0,0,0.0,0,,0,0,0,,,0.0,,0,0,0,0,0,0,,0,,,0,0,0.0,,,0,0,0.0,,0,0,,0,0,0.0,0,51.9,0,0,1,,,0.0,,0,0,0,0,0,0,0.0,0,,,0,0,0.0,,,0,0,,,0,0,,0,0,0.0,0,,0,0,0,,,0.0,,0,0,0,0,0,0,,0,,0.0,1,1,33.3,2.0,2.2,0,0,0.0,0.0,0,0,,1,0,-0.67,0,57.7,0,0,1,0.0,,39.6,0.0,0,0,0,0,0,0,0.0,0,0.0,50.0,2,2,66.7,3.5,1.9,0,0,0.0,50.0,1,0,0.0,2,0,-0.14,0,54.6,0,0,2,50.0,,58.3,0.0,0,0,0,0,0,0,0.0,7,3.5
Jadyn Davis,183683,QB,MICHIGAN,1,2,3,,0,0,0.0,,,0,0,,,0,0,,0,0,0.0,0,,0,0,0,,,0.0,,0,0,0,0,0,0,,0,,,0,0,0.0,,,0,0,,,0,0,,0,0,0.0,0,,0,0,0,,,0.0,,0,0,0,0,0,0,,0,,0.0,1,1,50.0,20.0,2.2,0,0,0.0,0.0,0,0,,1,0,-1.15,0,39.5,0,1,1,0.0,,0.0,0.0,0,0,0,0,0,1,100.0,0,0.0,,0,0,0.0,,,0,0,,,0,0,,0,0,0.0,0,,0,0,0,,,0.0,,0,0,0,0,0,0,,0,,,0,0,0.0,,,0,0,,,0,0,,0,0,0.0,0,,0,0,0,,,0.0,,0,0,0,0,0,0,,0,,0,0.0,1,1,50.0,20.0,2.2,0,0,0.0,0.0,0,0,,1,0,-1.15,0,39.5,0,1,1,0.0,,0.0,0.0,0,0,0,0,0,1,100.0,0,0.0,222,,0,0,0.0,,,0,0,,,0,0,,0,0,0.0,0,,0,0,0,,,0.0,,0,0,0,0,0,0,,0,,,0,0,0.0,,,0,0,,,0,0,,0,0,0.0,0,,0,0,0,,,0.0,,0,0,0,0,0,0,,0,,0.0,1,1,50.0,13.0,2.1,0,0,0.0,0.0,0,0,,1,0,-0.33,0,54.8,0,0,1,0.0,,39.6,0.0,0,0,0,0,0,0,0.0,0,0.0,,0,0,0.0,,,0,0,,,0,0,,0,0,0.0,0,,0,0,0,,,0.0,,0,0,0,0,0,0,,0,,0.0,1,1,50.0,13.0,2.1,0,0,0.0,0.0,0,0,,1,0,-0.33,0,54.8,0,0,1,0.0,,39.6,0.0,0,0,0,0,0,0,0.0,0,0.0,0,,0,0,0.0,,,0,0,,,0,0,,0,0,0.0,0,,0,0,0,,,0.0,,0,0,0,0,0,0,,0,,,0,0,0.0,,,0,0,,,0,0,,0,0,0.0,0,,0,0,0,,,0.0,,0,0,0,0,0,0,,0,,,0,0,0.0,,,0,0,,,0,0,,0,0,0.0,0,,0,0,0,,,0.0,,0,0,0,0,0,0,,0,,,0,0,0.0,,,0,0,,,0,0,,0,0,0.0,0,,0,0,0,,,0.0,,0,0,0,0,0,0,,0,,,0,0,0.0,,,0,0,,,0,0,,0,0,0.0,0,,0,0,0,,,0.0,,0,0,0,0,0,0,,0,
Keldric Luster,175287,QB,TEXAS ST,2,3,3,,0,0,0.0,,,0,0,,,0,0,,0,0,0.0,0,,0,0,0,,,0.0,,0,0,0,0,0,0,,0,,,0,0,0.0,,,0,0,,,0,0,,0,0,0.0,0,,0,0,0,,,0.0,,0,0,0,0,0,0,,0,,,0,0,0.0,,,0,0,,,0,0,,0,0,0.0,0,,0,0,0,,,0.0,,0,0,0,0,0,0,,0,,100.0,1,1,33.3,13.0,2.4,0,0,0.0,0.0,0,1,100.0,1,1,-0.73,0,72.6,0,0,1,0.0,0.0,39.6,0.0,0,0,0,0,0,0,0.0,0,0.0,,0,0,0.0,,,0,0,,,0,0,,0,0,0.0,0,,0,0,0,,,0.0,,0,0,0,0,0,0,,0,,0,,0,0,0.0,,,0,0,,,0,0,,0,0,0.0,0,,0,0,0,,,0.0,,0,0,0,0,0,0,,0,,314,,0,0,0.0,,,0,0,,,0,0,,0,0,0.0,0,,0,0,0,,,0.0,,0,0,0,0,0,0,,0,,,0,0,0.0,,,0,0,,,0,0,,0,0,0.0,0,,0,0,0,,,0.0,,0,0,0,0,0,0,,0,,100.0,1,1,33.3,10.0,2.6,0,0,0.0,100.0,1,0,0.0,1,0,2.39,1,74.3,0,0,1,100.0,,118.8,0.0,0,0,0,0,0,0,0.0,14,14.0,0.0,1,1,33.3,8.0,2.7,0,0,0.0,0.0,0,0,,1,0,-1.78,0,54.1,0,0,1,0.0,,39.6,0.0,0,0,0,0,0,0,0.0,0,0.0,100.0,2,2,66.7,11.5,2.5,0,0,0.0,50.0,1,1,50.0,2,1,0.83,1,84.7,0,0,2,50.0,0.0,72.9,0.0,0,0,0,0,0,0,0.0,14,7.0,0,,0,0,0.0,,,0,0,,,0,0,,0,0,0.0,0,,0,0,0,,,0.0,,0,0,0,0,0,0,,0,,,0,0,0.0,,,0,0,,,0,0,,0,0,0.0,0,,0,0,0,,,0.0,,0,0,0,0,0,0,,0,,,0,0,0.0,,,0,0,,,0,0,,0,0,0.0,0,,0,0,0,,,0.0,,0,0,0,0,0,0,,0,,,0,0,0.0,,,0,0,,,0,0,,0,0,0.0,0,,0,0,0,,,0.0,,0,0,0,0,0,0,,0,,0.0,1,1,33.3,8.0,2.7,0,0,0.0,0.0,0,0,,1,0,-1.78,0,54.1,0,0,1,0.0,,39.6,0.0,0,0,0,0,0,0,0.0,0,0.0
Brock Hansel,158437,QB,UCF,1,3,3,100.0,2,2,66.7,-4.0,1.05,0,0,0.0,50.0,1,0,50.0,2,1,0.06,1,62.6,0,0,2,50.0,,66.7,0.0,0,0,0,0,0,0,0.0,11,5.5,100.0,2,2,66.7,-4.0,1.05,0,0,0.0,50.0,1,0,50.0,2,1,0.06,1,62.6,0,0,2,50.0,,66.7,0.0,0,0,0,0,0,0,0.0,11,5.5,,0,0,0.0,,,0,0,,,0,0,,0,0,0.0,0,,0,0,0,,,0.0,,0,0,0,0,0,0,,0,,,0,0,0.0,,,0,0,,,0,0,,0,0,0.0,0,,0,0,0,,,0.0,,0,0,0,0,0,0,,0,,0.0,1,1,33.3,7.0,2.4,0,0,0.0,0.0,0,0,,1,0,-6.62,0,26.6,0,1,1,0.0,,0.0,0.0,0,0,0,0,0,1,100.0,0,0.0,0,,0,0,0.0,,,0,0,,,0,0,,0,0,0.0,0,,0,0,0,,,0.0,,0,0,0,0,0,0,,0,,323,,0,0,0.0,,,0,0,,,0,0,,0,0,0.0,0,,0,0,0,,,0.0,,0,0,0,0,0,0,,0,,,0,0,0.0,,,0,0,,,0,0,,0,0,0.0,0,,0,0,0,,,0.0,,0,0,0,0,0,0,,0,,,0,0,0.0,,,0,0,,,0,0,,0,0,0.0,0,,0,0,0,,,0.0,,0,0,0,0,0,0,,0,,,0,0,0.0,,,0,0,,,0,0,,0,0,0.0,0,,0,0,0,,,0.0,,0,0,0,0,0,0,,0,,,0,0,0.0,,,0,0,,,0,0,,0,0,0.0,0,,0,0,0,,,0.0,,0,0,0,0,0,0,,0,,0,,0,0,0.0,,,0,0,,,0,0,,0,0,0.0,0,,0,0,0,,,0.0,,0,0,0,0,0,0,,0,,,0,0,0.0,,,0,0,,,0,0,,0,0,0.0,0,,0,0,0,,,0.0,,0,0,0,0,0,0,,0,,,0,0,0.0,,,0,0,,,0,0,,0,0,0.0,0,,0,0,0,,,0.0,,0,0,0,0,0,0,,0,,,0,0,0.0,,,0,0,,,0,0,,0,0,0.0,0,,0,0,0,,,0.0,,0,0,0,0,0,0,,0,,0.0,1,1,33.3,7.0,2.4,0,0,0.0,0.0,0,0,,1,0,-6.62,0,26.6,0,1,1,0.0,,0.0,0.0,0,0,0,0,0,1,100.0,0,0.0
Trent Howland,144833,HB,OKLA STATE,3,2,3,,0,0,0.0,,,0,0,,,0,0,,0,0,0.0,0,,0,0,0,,,0.0,,0,0,0,0,0,0,,0,,,0,0,0.0,,,0,0,,,0,0,,0,0,0.0,0,,0,0,0,,,0.0,,0,0,0,0,0,0,,0,,0.0,1,1,50.0,24.0,3.3,0,0,0.0,0.0,0,1,,1,0,-4.46,0,37.9,0,1,1,0.0,0.0,0.0,0.0,0,0,0,0,0,1,100.0,0,0.0,100.0,1,1,50.0,11.0,3.0,0,0,0.0,100.0,1,1,0.0,1,0,1.81,1,73.1,0,0,1,100.0,0.0,118.8,0.0,0,0,0,0,0,0,0.0,13,13.0,,0,0,0.0,,,0,0,,,0,0,,0,0,0.0,0,,0,0,0,,,0.0,,0,0,0,0,0,0,,0,,0,0.0,1,1,50.0,24.0,3.3,0,0,0.0,0.0,0,1,,1,0,-4.46,0,37.9,0,1,1,0.0,0.0,0.0,0.0,0,0,0,0,0,1,100.0,0,0.0,262,,0,0,0.0,,,0,0,,,0,0,,0,0,0.0,0,,0,0,0,,,0.0,,0,0,0,0,0,0,,0,,,0,0,0.0,,,0,0,,,0,0,,0,0,0.0,0,,0,0,0,,,0.0,,0,0,0,0,0,0,,0,,,0,0,0.0,,,0,0,,,0,0,,0,0,0.0,0,,0,0,0,,,0.0,,0,0,0,0,0,0,,0,,,0,0,0.0,,,0,0,,,0,0,,0,0,0.0,0,,0,0,0,,,0.0,,0,0,0,0,0,0,,0,,100.0,1,1,50.0,11.0,3.0,0,0,0.0,100.0,1,1,0.0,1,0,1.81,1,73.1,0,0,1,100.0,0.0,118.8,0.0,0,0,0,0,0,0,0.0,13,13.0,0,,0,0,0.0,,,0,0,,,0,0,,0,0,0.0,0,,0,0,0,,,0.0,,0,0,0,0,0,0,,0,,,0,0,0.0,,,0,0,,,0,0,,0,0,0.0,0,,0,0,0,,,0.0,,0,0,0,0,0,0,,0,,,0,0,0.0,,,0,0,,,0,0,,0,0,0.0,0,,0,0,0,,,0.0,,0,0,0,0,0,0,,0,,,0,0,0.0,,,0,0,,,0,0,,0,0,0.0,0,,0,0,0,,,0.0,,0,0,0,0,0,0,,0,,,0,0,0.0,,,0,0,,,0,0,,0,0,0.0,0,,0,0,0,,,0.0,,0,0,0,0,0,0,,0,
Whit Muschamp,188521,QB,VANDERBILT,1,3,3,100.0,1,1,33.3,-2.0,2.0,0,0,0.0,100.0,1,0,0.0,1,0,2.27,1,61.0,0,0,1,100.0,,118.8,0.0,0,0,0,0,0,0,0.0,35,35.0,,0,0,0.0,,,0,0,,,0,0,,0,0,0.0,0,,0,0,0,,,0.0,,0,0,0,0,0,0,,0,,,0,0,0.0,,,0,0,,,0,0,,0,0,0.0,0,,0,0,0,,,0.0,,0,0,0,0,0,0,,0,,,0,0,0.0,,,0,0,,,0,0,,0,0,0.0,0,,0,0,0,,,0.0,,0,0,0,0,0,0,,0,,100.0,1,1,33.3,5.0,2.4,0,0,0.0,0.0,0,0,100.0,1,1,-0.47,0,56.1,0,0,1,0.0,,39.6,0.0,0,0,0,0,0,0,0.0,0,0.0,0,,0,0,0.0,,,0,0,,,0,0,,0,0,0.0,0,,0,0,0,,,0.0,,0,0,0,0,0,0,,0,,333,100.0,1,1,33.3,-2.0,2.0,0,0,0.0,100.0,1,0,0.0,1,0,2.27,1,61.0,0,0,1,100.0,,118.8,0.0,0,0,0,0,0,0,0.0,35,35.0,,0,0,0.0,,,0,0,,,0,0,,0,0,0.0,0,,0,0,0,,,0.0,,0,0,0,0,0,0,,0,,,0,0,0.0,,,0,0,,,0,0,,0,0,0.0,0,,0,0,0,,,0.0,,0,0,0,0,0,0,,0,,100.0,1,1,33.3,5.0,1.6,0,0,0.0,100.0,1,0,0.0,1,0,0.33,0,60.4,0,0,1,100.0,,87.5,0.0,0,0,0,0,0,0,0.0,5,5.0,,0,0,0.0,,,0,0,,,0,0,,0,0,0.0,0,,0,0,0,,,0.0,,0,0,0,0,0,0,,0,,0,,0,0,0.0,,,0,0,,,0,0,,0,0,0.0,0,,0,0,0,,,0.0,,0,0,0,0,0,0,,0,,,0,0,0.0,,,0,0,,,0,0,,0,0,0.0,0,,0,0,0,,,0.0,,0,0,0,0,0,0,,0,,,0,0,0.0,,,0,0,,,0,0,,0,0,0.0,0,,0,0,0,,,0.0,,0,0,0,0,0,0,,0,,,0,0,0.0,,,0,0,,,0,0,,0,0,0.0,0,,0,0,0,,,0.0,,0,0,0,0,0,0,,0,,100.0,2,2,66.7,5.0,2.0,0,0,0.0,50.0,1,0,50.0,2,1,-0.07,0,57.4,0,0,2,50.0,,56.3,0.0,0,0,0,0,0,0,0.0,5,2.5
Dermaricus Davis,190930,QB,HAWAII,1,3,3,,0,0,0.0,,,0,0,,,0,0,,0,0,0.0,0,,0,0,0,,,0.0,,0,0,0,0,0,0,,0,,,0,0,0.0,,,0,0,,,0,0,,0,0,0.0,0,,0,0,0,,,0.0,,0,0,0,0,0,0,,0,,,0,0,0.0,,,0,0,,,0,0,,0,0,0.0,0,,0,0,0,,,0.0,,0,0,0,0,0,0,,0,,100.0,1,1,33.3,10.0,3.6,0,0,0.0,100.0,1,0,0.0,1,0,1.3,1,73.1,0,0,1,100.0,,108.3,0.0,0,0,0,0,0,0,0.0,10,10.0,,0,0,0.0,,,0,0,,,0,0,,0,0,0.0,0,,0,0,0,,,0.0,,0,0,0,0,0,0,,0,,0,0.0,1,1,33.3,26.0,2.5,0,0,0.0,0.0,0,0,,1,0,-0.94,0,51.9,0,0,1,0.0,,39.6,0.0,0,0,0,0,0,0,0.0,0,0.0,180,,0,0,0.0,,,0,0,,,0,0,,0,0,0.0,0,,0,0,0,,,0.0,,0,0,0,0,0,0,,0,,,0,0,0.0,,,0,0,,,0,0,,0,0,0.0,0,,0,0,0,,,0.0,,0,0,0,0,0,0,,0,,,0,0,0.0,,,0,0,,,0,0,,0,0,0.0,0,,0,0,0,,,0.0,,0,0,0,0,0,0,,0,,,0,0,0.0,,,0,0,,,0,0,,0,0,0.0,0,,0,0,0,,,0.0,,0,0,0,0,0,0,,0,,100.0,1,1,33.3,10.0,3.6,0,0,0.0,100.0,1,0,0.0,1,0,1.3,1,73.1,0,0,1,100.0,,108.3,0.0,0,0,0,0,0,0,0.0,10,10.0,0,,0,0,0.0,,,0,0,,,0,0,,0,0,0.0,0,,0,0,0,,,0.0,,0,0,0,0,0,0,,0,,0.0,1,1,33.3,26.0,2.5,0,0,0.0,0.0,0,0,,1,0,-0.94,0,51.9,0,0,1,0.0,,39.6,0.0,0,0,0,0,0,0,0.0,0,0.0,,0,0,0.0,,,0,0,,,0,0,,0,0,0.0,0,,0,0,0,,,0.0,,0,0,0,0,0,0,,0,,,0,0,0.0,,,0,0,,,0,0,,0,0,0.0,0,,0,0,0,,,0.0,,0,0,0,0,0,0,,0,,,0,0,0.0,,,0,0,,,0,0,,0,0,0.0,0,,0,0,0,,,0.0,,0,0,0,0,0,0,,0,
Zavion Thomas,163697,WR,LSU,3,3,3,,0,0,0.0,,,0,0,,,0,0,,0,0,0.0,0,,0,0,0,,,0.0,,0,0,0,0,0,0,,0,,,0,0,0.0,,,0,0,,,0,0,,0,0,0.0,0,,0,0,0,,,0.0,,0,0,0,0,0,0,,0,,,0,0,0.0,,,0,0,,,0,0,,0,0,0.0,0,,0,0,0,,,0.0,,0,0,0,0,0,0,,0,,,0,0,0.0,,,0,0,,,0,0,,0,0,0.0,0,,0,0,0,,,0.0,,0,0,0,0,0,0,,0,,,0,0,0.0,,,0,0,,,0,0,,0,0,0.0,0,,0,0,0,,,0.0,,0,0,0,0,0,0,,0,,0,,0,0,0.0,,,0,0,,,0,0,,0,0,0.0,0,,0,0,0,,,0.0,,0,0,0,0,0,0,,0,,211,,0,0,0.0,,,0,0,,,0,0,,0,0,0.0,0,,0,0,0,,,0.0,,0,0,0,0,0,0,,0,,,0,0,0.0,,,0,0,,,0,0,,0,0,0.0,0,,0,0,0,,,0.0,,0,0,0,0,0,0,,0,,50.0,2,2,66.7,18.0,3.2,0,0,0.0,50.0,1,0,0.0,2,0,0.48,1,59.4,0,0,2,50.0,,79.2,0.0,0,0,0,0,0,0,0.0,17,8.5,,0,0,0.0,,,0,0,,,0,0,,0,0,0.0,0,,0,0,0,,,0.0,,0,0,0,0,0,0,,0,,50.0,2,2,66.7,18.0,3.2,0,0,0.0,50.0,1,0,0.0,2,0,0.48,1,59.4,0,0,2,50.0,,79.2,0.0,0,0,0,0,0,0,0.0,17,8.5,0,,0,0,0.0,,,0,0,,,0,0,,0,0,0.0,0,,0,0,0,,,0.0,,0,0,0,0,0,0,,0,,,0,0,0.0,,,0,0,,,0,0,,0,0,0.0,0,,0,0,0,,,0.0,,0,0,0,0,0,0,,0,,,0,0,0.0,,,0,0,,,0,0,,0,0,0.0,0,,0,0,0,,,0.0,,0,0,0,0,0,0,,0,,100.0,1,1,33.3,9.0,4.2,0,0,0.0,100.0,1,0,0.0,1,0,0.96,1,71.7,0,0,1,100.0,,118.8,0.0,0,0,0,0,0,0,0.0,16,16.0,100.0,1,1,33.3,9.0,4.2,0,0,0.0,100.0,1,0,0.0,1,0,0.96,1,71.7,0,0,1,100.0,,118.8,0.0,0,0,0,0,0,0,0.0,16,16.0
Donovan Faupel,175668,WR,NEW MEX ST,3,3,3,,0,0,0.0,,,0,0,,,0,0,,0,0,0.0,0,,0,0,0,,,0.0,,0,0,0,0,0,0,,0,,,0,0,0.0,,,0,0,,,0,0,,0,0,0.0,0,,0,0,0,,,0.0,,0,0,0,0,0,0,,0,,,0,0,0.0,,,0,0,,,0,0,,0,0,0.0,0,,0,0,0,,,0.0,,0,0,0,0,0,0,,0,,100.0,1,1,33.3,12.0,3.4,0,0,0.0,100.0,1,0,0.0,1,0,3.73,1,75.4,0,0,1,100.0,,118.8,0.0,0,0,0,0,0,0,0.0,23,23.0,,0,0,0.0,,,0,0,,,0,0,,0,0,0.0,0,,0,0,0,,,0.0,,0,0,0,0,0,0,,0,,0,0.0,1,1,33.3,24.0,4.6,0,0,0.0,0.0,0,0,,1,0,-0.96,0,50.4,0,0,1,0.0,,39.6,0.0,0,0,0,0,0,0,0.0,0,0.0,242,,0,0,0.0,,,0,0,,,0,0,,0,0,0.0,0,,0,0,0,,,0.0,,0,0,0,0,0,0,,0,,,0,0,0.0,,,0,0,,,0,0,,0,0,0.0,0,,0,0,0,,,0.0,,0,0,0,0,0,0,,0,,,0,0,0.0,,,0,0,,,0,0,,0,0,0.0,0,,0,0,0,,,0.0,,0,0,0,0,0,0,,0,,,0,0,0.0,,,0,0,,,0,0,,0,0,0.0,0,,0,0,0,,,0.0,,0,0,0,0,0,0,,0,,100.0,2,2,66.7,15.5,3.95,0,0,0.0,100.0,2,0,0.0,2,0,3.73,2,85.7,0,0,2,100.0,,158.3,0.0,0,0,0,0,1,0,0.0,57,28.5,0,,0,0,0.0,,,0,0,,,0,0,,0,0,0.0,0,,0,0,0,,,0.0,,0,0,0,0,0,0,,0,,0.0,1,1,33.3,24.0,4.6,0,0,0.0,0.0,0,0,,1,0,-0.96,0,50.4,0,0,1,0.0,,39.6,0.0,0,0,0,0,0,0,0.0,0,0.0,100.0,1,1,33.3,19.0,4.5,0,0,0.0,100.0,1,0,0.0,1,0,3.74,1,72.6,0,0,1,100.0,,158.3,0.0,0,0,0,0,1,0,0.0,34,34.0,,0,0,0.0,,,0,0,,,0,0,,0,0,0.0,0,,0,0,0,,,0.0,,0,0,0,0,0,0,,0,,,0,0,0.0,,,0,0,,,0,0,,0,0,0.0,0,,0,0,0,,,0.0,,0,0,0,0,0,0,,0,
Jeremy Hecklinski,183388,QB,IOWA,2,2,3,100.0,1,1,50.0,-3.0,1.4,0,0,0.0,100.0,1,0,0.0,1,0,-1.7,0,61.0,0,0,1,0.0,,79.2,0.0,0,0,0,0,0,0,0.0,2,2.0,100.0,1,1,50.0,-3.0,1.4,0,0,0.0,100.0,1,0,0.0,1,0,-1.7,0,61.0,0,0,1,0.0,,79.2,0.0,0,0,0,0,0,0,0.0,2,2.0,,0,0,0.0,,,0,0,,,0,0,,0,0,0.0,0,,0,0,0,,,0.0,,0,0,0,0,0,0,,0,,,0,0,0.0,,,0,0,,,0,0,,0,0,0.0,0,,0,0,0,,,0.0,,0,0,0,0,0,0,,0,,,0,0,0.0,,,0,0,,,0,0,,0,0,0.0,0,,0,0,0,,,0.0,,0,0,0,0,0,0,,0,,0,,0,0,0.0,,,0,0,,,0,0,,0,0,0.0,0,,0,0,0,,,0.0,,0,0,0,0,0,0,,0,,192,,0,0,0.0,,,0,0,,,0,0,,0,0,0.0,0,,0,0,0,,,0.0,,0,0,0,0,0,0,,0,,,0,0,0.0,,,0,0,,,0,0,,0,0,0.0,0,,0,0,0,,,0.0,,0,0,0,0,0,0,,0,,,0,0,0.0,,,0,0,,,0,0,,0,0,0.0,0,,0,0,0,,,0.0,,0,0,0,0,0,0,,0,,100.0,1,1,50.0,6.0,2.4,0,0,0.0,100.0,1,0,0.0,1,0,0.34,0,60.9,0,0,1,100.0,,91.7,0.0,0,0,0,0,0,0,0.0,6,6.0,,0,0,0.0,,,0,0,,,0,0,,0,0,0.0,0,,0,0,0,,,0.0,,0,0,0,0,0,0,,0,,0,,0,0,0.0,,,0,0,,,0,0,,0,0,0.0,0,,0,0,0,,,0.0,,0,0,0,0,0,0,,0,,,0,0,0.0,,,0,0,,,0,0,,0,0,0.0,0,,0,0,0,,,0.0,,0,0,0,0,0,0,,0,,,0,0,0.0,,,0,0,,,0,0,,0,0,0.0,0,,0,0,0,,,0.0,,0,0,0,0,0,0,,0,,,0,0,0.0,,,0,0,,,0,0,,0,0,0.0,0,,0,0,0,,,0.0,,0,0,0,0,0,0,,0,,100.0,1,1,50.0,6.0,2.4,0,0,0.0,100.0,1,0,0.0,1,0,0.34,0,60.9,0,0,1,100.0,,91.7,0.0,0,0,0,0,0,0,0.0,6,6.0
Ethan Lane,171235,QB,C MICHIGAN,1,3,3,100.0,2,2,66.7,-2.0,1.85,0,0,0.0,50.0,1,0,50.0,2,1,-2.91,0,62.6,0,0,2,0.0,,60.4,0.0,0,0,0,0,0,0,0.0,8,4.0,100.0,1,1,33.3,-1.0,1.8,0,0,0.0,0.0,0,0,100.0,1,1,-0.91,0,60.6,0,0,1,0.0,,39.6,0.0,0,0,0,0,0,0,0.0,0,0.0,,0,0,0.0,,,0,0,,,0,0,,0,0,0.0,0,,0,0,0,,,0.0,,0,0,0,0,0,0,,0,,,0,0,0.0,,,0,0,,,0,0,,0,0,0.0,0,,0,0,0,,,0.0,,0,0,0,0,0,0,,0,,,0,0,0.0,,,0,0,,,0,0,,0,0,0.0,0,,0,0,0,,,0.0,,0,0,0,0,0,0,,0,,0,,0,0,0.0,,,0,0,,,0,0,,0,0,0.0,0,,0,0,0,,,0.0,,0,0,0,0,0,0,,0,,134,100.0,1,1,33.3,-3.0,1.9,0,0,0.0,100.0,1,0,0.0,1,0,-4.91,0,60.4,0,0,1,0.0,,100.0,0.0,0,0,0,0,0,0,0.0,8,8.0,,0,0,0.0,,,0,0,,,0,0,,0,0,0.0,0,,0,0,0,,,0.0,,0,0,0,0,0,0,,0,,,0,0,0.0,,,0,0,,,0,0,,0,0,0.0,0,,0,0,0,,,0.0,,0,0,0,0,0,0,,0,,0.0,1,1,33.3,5.0,1.8,0,0,0.0,0.0,0,0,,1,0,-1.68,0,45.9,0,0,1,0.0,,39.6,0.0,0,0,0,0,0,0,0.0,0,0.0,,0,0,0.0,,,0,0,,,0,0,,0,0,0.0,0,,0,0,0,,,0.0,,0,0,0,0,0,0,,0,,0,,0,0,0.0,,,0,0,,,0,0,,0,0,0.0,0,,0,0,0,,,0.0,,0,0,0,0,0,0,,0,,,0,0,0.0,,,0,0,,,0,0,,0,0,0.0,0,,0,0,0,,,0.0,,0,0,0,0,0,0,,0,,,0,0,0.0,,,0,0,,,0,0,,0,0,0.0,0,,0,0,0,,,0.0,,0,0,0,0,0,0,,0,,,0,0,0.0,,,0,0,,,0,0,,0,0,0.0,0,,0,0,0,,,0.0,,0,0,0,0,0,0,,0,,0.0,1,1,33.3,5.0,1.8,0,0,0.0,0.0,0,0,,1,0,-1.68,0,45.9,0,0,1,0.0,,39.6,0.0,0,0,0,0,0,0,0.0,0,0.0
Evan Crenshaw,156684,P,TROY,2,1,2,100.0,1,1,100.0,-1.0,2.1,0,0,0.0,100.0,1,0,0.0,1,0,1.37,1,60.6,0,0,1,100.0,,112.5,0.0,0,0,0,0,0,0,0.0,11,11.0,100.0,1,1,100.0,-1.0,2.1,0,0,0.0,100.0,1,0,0.0,1,0,1.37,1,60.6,0,0,1,100.0,,112.5,0.0,0,0,0,0,0,0,0.0,11,11.0,,0,0,0.0,,,0,0,,,0,0,,0,0,0.0,0,,0,0,0,,,0.0,,0,0,0,0,0,0,,0,,,0,0,0.0,,,0,0,,,0,0,,0,0,0.0,0,,0,0,0,,,0.0,,0,0,0,0,0,0,,0,,,0,0,0.0,,,0,0,,,0,0,,0,0,0.0,0,,0,0,0,,,0.0,,0,0,0,0,0,0,,0,,0,,0,0,0.0,,,0,0,,,0,0,,0,0,0.0,0,,0,0,0,,,0.0,,0,0,0,0,0,0,,0,,318,,0,0,0.0,,,0,0,,,0,0,,0,0,0.0,0,,0,0,0,,,0.0,,0,0,0,0,0,0,,0,,,0,0,0.0,,,0,0,,,0,0,,0,0,0.0,0,,0,0,0,,,0.0,,0,0,0,0,0,0,,0,,,0,0,0.0,,,0,0,,,0,0,,0,0,0.0,0,,0,0,0,,,0.0,,0,0,0,0,0,0,,0,,,0,0,0.0,,,0,0,,,0,0,,0,0,0.0,0,,0,0,0,,,0.0,,0,0,0,0,0,0,,0,,,0,0,0.0,,,0,0,,,0,0,,0,0,0.0,0,,0,0,0,,,0.0,,0,0,0,0,0,0,,0,,0,,0,0,0.0,,,0,0,,,0,0,,0,0,0.0,0,,0,0,0,,,0.0,,0,0,0,0,0,0,,0,,,0,0,0.0,,,0,0,,,0,0,,0,0,0.0,0,,0,0,0,,,0.0,,0,0,0,0,0,0,,0,,,0,0,0.0,,,0,0,,,0,0,,0,0,0.0,0,,0,0,0,,,0.0,,0,0,0,0,0,0,,0,,,0,0,0.0,,,0,0,,,0,0,,0,0,0.0,0,,0,0,0,,,0.0,,0,0,0,0,0,0,,0,,,0,0,0.0,,,0,0,,,0,0,,0,0,0.0,0,,0,0,0,,,0.0,,0,0,0,0,0,0,,0,
Cam Vaughn,170441,WR,W VIRGINIA,2,2,2,,0,0,0.0,,,0,0,,,0,0,,0,0,0.0,0,,0,0,0,,,0.0,,0,0,0,0,0,0,,0,,,0,0,0.0,,,0,0,,,0,0,,0,0,0.0,0,,0,0,0,,,0.0,,0,0,0,0,0,0,,0,,0.0,1,1,50.0,32.0,5.1,0,0,0.0,0.0,0,0,,1,0,-0.94,0,50.1,0,0,1,0.0,,39.6,0.0,0,0,0,0,0,0,0.0,0,0.0,,0,0,0.0,,,0,0,,,0,0,,0,0,0.0,0,,0,0,0,,,0.0,,0,0,0,0,0,0,,0,,,0,0,0.0,,,0,0,,,0,0,,0,0,0.0,0,,0,0,0,,,0.0,,0,0,0,0,0,0,,0,,0,50.0,2,2,100.0,27.5,3.85,0,0,0.0,50.0,1,0,0.0,2,0,0.77,1,65.8,0,0,2,50.0,,95.8,0.0,0,0,0,0,0,0,0.0,29,14.5,343,,0,0,0.0,,,0,0,,,0,0,,0,0,0.0,0,,0,0,0,,,0.0,,0,0,0,0,0,0,,0,,100.0,1,1,50.0,23.0,2.6,0,0,0.0,100.0,1,0,0.0,1,0,2.48,1,76.2,0,0,1,100.0,,118.8,0.0,0,0,0,0,0,0,0.0,29,29.0,,0,0,0.0,,,0,0,,,0,0,,0,0,0.0,0,,0,0,0,,,0.0,,0,0,0,0,0,0,,0,,,0,0,0.0,,,0,0,,,0,0,,0,0,0.0,0,,0,0,0,,,0.0,,0,0,0,0,0,0,,0,,,0,0,0.0,,,0,0,,,0,0,,0,0,0.0,0,,0,0,0,,,0.0,,0,0,0,0,0,0,,0,,0,,0,0,0.0,,,0,0,,,0,0,,0,0,0.0,0,,0,0,0,,,0.0,,0,0,0,0,0,0,,0,,,0,0,0.0,,,0,0,,,0,0,,0,0,0.0,0,,0,0,0,,,0.0,,0,0,0,0,0,0,,0,,,0,0,0.0,,,0,0,,,0,0,,0,0,0.0,0,,0,0,0,,,0.0,,0,0,0,0,0,0,,0,,,0,0,0.0,,,0,0,,,0,0,,0,0,0.0,0,,0,0,0,,,0.0,,0,0,0,0,0,0,,0,,,0,0,0.0,,,0,0,,,0,0,,0,0,0.0,0,,0,0,0,,,0.0,,0,0,0,0,0,0,,0,
John Neider,171057,WR,UCONN,2,2,2,,0,0,0.0,,,0,0,,,0,0,,0,0,0.0,0,,0,0,0,,,0.0,,0,0,0,0,0,0,,0,,,0,0,0.0,,,0,0,,,0,0,,0,0,0.0,0,,0,0,0,,,0.0,,0,0,0,0,0,0,,0,,,0,0,0.0,,,0,0,,,0,0,,0,0,0.0,0,,0,0,0,,,0.0,,0,0,0,0,0,0,,0,,,0,0,0.0,,,0,0,,,0,0,,0,0,0.0,0,,0,0,0,,,0.0,,0,0,0,0,0,0,,0,,,0,0,0.0,,,0,0,,,0,0,,0,0,0.0,0,,0,0,0,,,0.0,,0,0,0,0,0,0,,0,,0,0.0,1,1,50.0,32.0,4.3,0,0,0.0,0.0,0,1,,1,0,-0.65,0,49.9,0,0,1,0.0,0.0,39.6,0.0,0,0,0,0,0,0,0.0,0,0.0,146,,0,0,0.0,,,0,0,,,0,0,,0,0,0.0,0,,0,0,0,,,0.0,,0,0,0,0,0,0,,0,,0.0,1,1,50.0,32.0,4.3,0,0,0.0,0.0,0,1,,1,0,-0.65,0,49.9,0,0,1,0.0,0.0,39.6,0.0,0,0,0,0,0,0,0.0,0,0.0,,0,0,0.0,,,0,0,,,0,0,,0,0,0.0,0,,0,0,0,,,0.0,,0,0,0,0,0,0,,0,,,0,0,0.0,,,0,0,,,0,0,,0,0,0.0,0,,0,0,0,,,0.0,,0,0,0,0,0,0,,0,,100.0,1,1,50.0,19.0,2.6,0,0,0.0,100.0,1,0,0.0,1,0,2.38,1,73.1,0,0,1,100.0,,158.3,0.0,0,0,0,0,1,0,0.0,15,15.0,0,,0,0,0.0,,,0,0,,,0,0,,0,0,0.0,0,,0,0,0,,,0.0,,0,0,0,0,0,0,,0,,,0,0,0.0,,,0,0,,,0,0,,0,0,0.0,0,,0,0,0,,,0.0,,0,0,0,0,0,0,,0,,100.0,1,1,50.0,19.0,2.6,0,0,0.0,100.0,1,0,0.0,1,0,2.38,1,73.1,0,0,1,100.0,,158.3,0.0,0,0,0,0,1,0,0.0,15,15.0,,0,0,0.0,,,0,0,,,0,0,,0,0,0.0,0,,0,0,0,,,0.0,,0,0,0,0,0,0,,0,,,0,0,0.0,,,0,0,,,0,0,,0,0,0.0,0,,0,0,0,,,0.0,,0,0,0,0,0,0,,0,
Que'Sean Brown,170041,WR,DUKE,2,1,2,,0,0,0.0,,,0,0,,,0,0,,0,0,0.0,0,,0,0,0,,,0.0,,0,0,0,0,0,0,,0,,,0,0,0.0,,,0,0,,,0,0,,0,0,0.0,0,,0,0,0,,,0.0,,0,0,0,0,0,0,,0,,,0,0,0.0,,,0,0,,,0,0,,0,0,0.0,0,,0,0,0,,,0.0,,0,0,0,0,0,0,,0,,,0,0,0.0,,,0,0,,,0,0,,0,0,0.0,0,,0,0,0,,,0.0,,0,0,0,0,0,0,,0,,,0,0,0.0,,,0,0,,,0,0,,0,0,0.0,0,,0,0,0,,,0.0,,0,0,0,0,0,0,,0,,0,,0,0,0.0,,,0,0,,,0,0,,0,0,0.0,0,,0,0,0,,,0.0,,0,0,0,0,0,0,,0,,154,,0,0,0.0,,,0,0,,,0,0,,0,0,0.0,0,,0,0,0,,,0.0,,0,0,0,0,0,0,,0,,,0,0,0.0,,,0,0,,,0,0,,0,0,0.0,0,,0,0,0,,,0.0,,0,0,0,0,0,0,,0,,0.0,1,1,100.0,18.0,3.3,0,0,0.0,0.0,0,0,,1,0,-0.88,0,48.5,0,0,1,0.0,,39.6,0.0,0,0,0,0,0,0,0.0,0,0.0,,0,0,0.0,,,0,0,,,0,0,,0,0,0.0,0,,0,0,0,,,0.0,,0,0,0,0,0,0,,0,,0.0,1,1,100.0,18.0,3.3,0,0,0.0,0.0,0,0,,1,0,-0.88,0,48.5,0,0,1,0.0,,39.6,0.0,0,0,0,0,0,0,0.0,0,0.0,0,,0,0,0.0,,,0,0,,,0,0,,0,0,0.0,0,,0,0,0,,,0.0,,0,0,0,0,0,0,,0,,,0,0,0.0,,,0,0,,,0,0,,0,0,0.0,0,,0,0,0,,,0.0,,0,0,0,0,0,0,,0,,,0,0,0.0,,,0,0,,,0,0,,0,0,0.0,0,,0,0,0,,,0.0,,0,0,0,0,0,0,,0,,,0,0,0.0,,,0,0,,,0,0,,0,0,0.0,0,,0,0,0,,,0.0,,0,0,0,0,0,0,,0,,,0,0,0.0,,,0,0,,,0,0,,0,0,0.0,0,,0,0,0,,,0.0,,0,0,0,0,0,0,,0,
Carson Cruver,169906,QB,FAU,1,2,2,,0,0,0.0,,,0,0,,,0,0,,0,0,0.0,0,,0,0,0,,,0.0,,0,0,0,0,0,0,,0,,,0,0,0.0,,,0,0,,,0,0,,0,0,0.0,0,,0,0,0,,,0.0,,0,0,0,0,0,0,,0,,,0,0,0.0,,,0,0,,,0,0,,0,0,0.0,0,,0,0,0,,,0.0,,0,0,0,0,0,0,,0,,,0,0,0.0,,,0,0,,,0,0,,0,0,0.0,0,,0,0,0,,,0.0,,0,0,0,0,0,0,,0,,0.0,1,1,50.0,9.0,3.2,0,0,0.0,0.0,0,0,,1,0,-1.24,0,28.6,0,0,1,0.0,,39.6,0.0,0,0,0,0,0,1,100.0,0,0.0,0,,0,0,0.0,,,0,0,,,0,0,,0,0,0.0,0,,0,0,0,,,0.0,,0,0,0,0,0,0,,0,,165,,0,0,0.0,,,0,0,,,0,0,,0,0,0.0,0,,0,0,0,,,0.0,,0,0,0,0,0,0,,0,,,0,0,0.0,,,0,0,,,0,0,,0,0,0.0,0,,0,0,0,,,0.0,,0,0,0,0,0,0,,0,,,0,0,0.0,,,0,0,,,0,0,,0,0,0.0,0,,0,0,0,,,0.0,,0,0,0,0,0,0,,0,,,0,0,0.0,,,0,0,,,0,0,,0,0,0.0,0,,0,0,0,,,0.0,,0,0,0,0,0,0,,0,,,0,0,0.0,,,0,0,,,0,0,,0,0,0.0,0,,0,0,0,,,0.0,,0,0,0,0,0,0,,0,,0,,0,0,0.0,,,0,0,,,0,0,,0,0,0.0,0,,0,0,0,,,0.0,,0,0,0,0,0,0,,0,,,0,0,0.0,,,0,0,,,0,0,,0,0,0.0,0,,0,0,0,,,0.0,,0,0,0,0,0,0,,0,,,0,0,0.0,,,0,0,,,0,0,,0,0,0.0,0,,0,0,0,,,0.0,,0,0,0,0,0,0,,0,,,0,0,0.0,,,0,0,,,0,0,,0,0,0.0,0,,0,0,0,,,0.0,,0,0,0,0,0,0,,0,,0.0,1,1,50.0,9.0,3.2,0,0,0.0,0.0,0,0,,1,0,-1.24,0,28.6,0,0,1,0.0,,39.6,0.0,0,0,0,0,0,1,100.0,0,0.0
Squirrel White,163776,WR,FLORIDA ST,2,0,2,,0,0,,,,0,0,,,0,0,,0,0,0.0,0,,0,0,0,,,0.0,,0,0,0,0,0,0,,0,,,0,0,,,,0,0,,,0,0,,0,0,0.0,0,,0,0,0,,,0.0,,0,0,0,0,0,0,,0,,,0,0,,,,0,0,,,0,0,,0,0,0.0,0,,0,0,0,,,0.0,,0,0,0,0,0,0,,0,,,0,0,,,,0,0,,,0,0,,0,0,0.0,0,,0,0,0,,,0.0,,0,0,0,0,0,0,,0,,,0,0,,,,0,0,,,0,0,,0,0,0.0,0,,0,0,0,,,0.0,,0,0,0,0,0,0,,0,,0,,0,0,,,,0,0,,,0,0,,0,0,0.0,0,,0,0,0,,,0.0,,0,0,0,0,0,0,,0,,167,,0,0,,,,0,0,,,0,0,,0,0,0.0,0,,0,0,0,,,0.0,,0,0,0,0,0,0,,0,,,0,0,,,,0,0,,,0,0,,0,0,0.0,0,,0,0,0,,,0.0,,0,0,0,0,0,0,,0,,,0,0,,,,0,0,,,0,0,,0,0,0.0,0,,0,0,0,,,0.0,,0,0,0,0,0,0,,0,,,0,0,,,,0,0,,,0,0,,0,0,0.0,0,,0,0,0,,,0.0,,0,0,0,0,0,0,,0,,,0,0,,,,0,0,,,0,0,,0,0,0.0,0,,0,0,0,,,0.0,,0,0,0,0,0,0,,0,,0,,0,0,,,,0,0,,,0,0,,0,0,0.0,0,,0,0,0,,,0.0,,0,0,0,0,0,0,,0,,,0,0,,,,0,0,,,0,0,,0,0,0.0,0,,0,0,0,,,0.0,,0,0,0,0,0,0,,0,,,0,0,,,,0,0,,,0,0,,0,0,0.0,0,,0,0,0,,,0.0,,0,0,0,0,0,0,,0,,,0,0,,,,0,0,,,0,0,,0,0,0.0,0,,0,0,0,,,0.0,,0,0,0,0,0,0,,0,,,0,0,,,,0,0,,,0,0,,0,0,0.0,0,,0,0,0,,,0.0,,0,0,0,0,0,0,,0,
Drew Dickey,163710,QB,VANDERBILT,1,2,2,,0,0,0.0,,,0,0,,,0,0,,0,0,0.0,0,,0,0,0,,,0.0,,0,0,0,0,0,0,,0,,,0,0,0.0,,,0,0,,,0,0,,0,0,0.0,0,,0,0,0,,,0.0,,0,0,0,0,0,0,,0,,,0,0,0.0,,,0,0,,,0,0,,0,0,0.0,0,,0,0,0,,,0.0,,0,0,0,0,0,0,,0,,,0,0,0.0,,,0,0,,,0,0,,0,0,0.0,0,,0,0,0,,,0.0,,0,0,0,0,0,0,,0,,,0,0,0.0,,,0,0,,,0,0,,0,0,0.0,0,,0,0,0,,,0.0,,0,0,0,0,0,0,,0,,0,100.0,1,1,50.0,26.0,3.3,0,1,100.0,100.0,1,0,0.0,1,0,3.44,1,89.2,0,0,1,100.0,,118.8,0.0,0,0,0,0,0,0,0.0,28,28.0,333,,0,0,0.0,,,0,0,,,0,0,,0,0,0.0,0,,0,0,0,,,0.0,,0,0,0,0,0,0,,0,,100.0,1,1,50.0,26.0,3.3,0,1,100.0,100.0,1,0,0.0,1,0,3.44,1,89.2,0,0,1,100.0,,118.8,0.0,0,0,0,0,0,0,0.0,28,28.0,0.0,1,1,50.0,17.0,2.9,0,0,0.0,0.0,0,0,,1,0,-0.76,0,54.8,0,0,1,0.0,,39.6,0.0,0,0,0,0,0,0,0.0,0,0.0,,0,0,0.0,,,0,0,,,0,0,,0,0,0.0,0,,0,0,0,,,0.0,,0,0,0,0,0,0,,0,,0.0,1,1,50.0,17.0,2.9,0,0,0.0,0.0,0,0,,1,0,-0.76,0,54.8,0,0,1,0.0,,39.6,0.0,0,0,0,0,0,0,0.0,0,0.0,0,,0,0,0.0,,,0,0,,,0,0,,0,0,0.0,0,,0,0,0,,,0.0,,0,0,0,0,0,0,,0,,,0,0,0.0,,,0,0,,,0,0,,0,0,0.0,0,,0,0,0,,,0.0,,0,0,0,0,0,0,,0,,,0,0,0.0,,,0,0,,,0,0,,0,0,0.0,0,,0,0,0,,,0.0,,0,0,0,0,0,0,,0,,,0,0,0.0,,,0,0,,,0,0,,0,0,0.0,0,,0,0,0,,,0.0,,0,0,0,0,0,0,,0,,,0,0,0.0,,,0,0,,,0,0,,0,0,0.0,0,,0,0,0,,,0.0,,0,0,0,0,0,0,,0,
Easton Messer,163051,WR,FAU,2,2,2,,0,0,0.0,,,0,0,,,0,0,,0,0,0.0,0,,0,0,0,,,0.0,,0,0,0,0,0,0,,0,,,0,0,0.0,,,0,0,,,0,0,,0,0,0.0,0,,0,0,0,,,0.0,,0,0,0,0,0,0,,0,,,0,0,0.0,,,0,0,,,0,0,,0,0,0.0,0,,0,0,0,,,0.0,,0,0,0,0,0,0,,0,,,0,0,0.0,,,0,0,,,0,0,,0,0,0.0,0,,0,0,0,,,0.0,,0,0,0,0,0,0,,0,,,0,0,0.0,,,0,0,,,0,0,,0,0,0.0,0,,0,0,0,,,0.0,,0,0,0,0,0,0,,0,,0,100.0,1,1,50.0,34.0,2.9,0,1,100.0,100.0,1,1,0.0,1,0,3.6,1,87.3,0,0,1,100.0,0.0,158.3,0.0,0,0,0,0,1,0,0.0,48,48.0,165,,0,0,0.0,,,0,0,,,0,0,,0,0,0.0,0,,0,0,0,,,0.0,,0,0,0,0,0,0,,0,,,0,0,0.0,,,0,0,,,0,0,,0,0,0.0,0,,0,0,0,,,0.0,,0,0,0,0,0,0,,0,,,0,0,0.0,,,0,0,,,0,0,,0,0,0.0,0,,0,0,0,,,0.0,,0,0,0,0,0,0,,0,,,0,0,0.0,,,0,0,,,0,0,,0,0,0.0,0,,0,0,0,,,0.0,,0,0,0,0,0,0,,0,,,0,0,0.0,,,0,0,,,0,0,,0,0,0.0,0,,0,0,0,,,0.0,,0,0,0,0,0,0,,0,,0,,0,0,0.0,,,0,0,,,0,0,,0,0,0.0,0,,0,0,0,,,0.0,,0,0,0,0,0,0,,0,,100.0,1,1,50.0,34.0,2.9,0,1,100.0,100.0,1,1,0.0,1,0,3.6,1,87.3,0,0,1,100.0,0.0,158.3,0.0,0,0,0,0,1,0,0.0,48,48.0,,0,0,0.0,,,0,0,,,0,0,,0,0,0.0,0,,0,0,0,,,0.0,,0,0,0,0,0,0,,0,,100.0,1,1,50.0,6.0,3.4,0,0,0.0,100.0,1,0,0.0,1,0,0.97,0,60.9,0,0,1,100.0,,95.8,0.0,0,0,0,0,0,0,0.0,7,7.0,100.0,1,1,50.0,6.0,3.4,0,0,0.0,100.0,1,0,0.0,1,0,0.97,0,60.9,0,0,1,100.0,,95.8,0.0,0,0,0,0,0,0,0.0,7,7.0
Iverson Hooks,163020,WR,UAB,2,1,2,,0,0,0.0,,,0,0,,,0,0,,0,0,0.0,0,,0,0,0,,,0.0,,0,0,0,0,0,0,,0,,,0,0,0.0,,,0,0,,,0,0,,0,0,0.0,0,,0,0,0,,,0.0,,0,0,0,0,0,0,,0,,,0,0,0.0,,,0,0,,,0,0,,0,0,0.0,0,,0,0,0,,,0.0,,0,0,0,0,0,0,,0,,,0,0,0.0,,,0,0,,,0,0,,0,0,0.0,0,,0,0,0,,,0.0,,0,0,0,0,0,0,,0,,,0,0,0.0,,,0,0,,,0,0,,0,0,0.0,0,,0,0,0,,,0.0,,0,0,0,0,0,0,,0,,0,,0,0,0.0,,,0,0,,,0,0,,0,0,0.0,0,,0,0,0,,,0.0,,0,0,0,0,0,0,,0,,321,,0,0,0.0,,,0,0,,,0,0,,0,0,0.0,0,,0,0,0,,,0.0,,0,0,0,0,0,0,,0,,,0,0,0.0,,,0,0,,,0,0,,0,0,0.0,0,,0,0,0,,,0.0,,0,0,0,0,0,0,,0,,,0,0,0.0,,,0,0,,,0,0,,0,0,0.0,0,,0,0,0,,,0.0,,0,0,0,0,0,0,,0,,,0,0,0.0,,,0,0,,,0,0,,0,0,0.0,0,,0,0,0,,,0.0,,0,0,0,0,0,0,,0,,,0,0,0.0,,,0,0,,,0,0,,0,0,0.0,0,,0,0,0,,,0.0,,0,0,0,0,0,0,,0,,0,,0,0,0.0,,,0,0,,,0,0,,0,0,0.0,0,,0,0,0,,,0.0,,0,0,0,0,0,0,,0,,,0,0,0.0,,,0,0,,,0,0,,0,0,0.0,0,,0,0,0,,,0.0,,0,0,0,0,0,0,,0,,,0,0,0.0,,,0,0,,,0,0,,0,0,0.0,0,,0,0,0,,,0.0,,0,0,0,0,0,0,,0,,100.0,1,1,100.0,9.0,7.4,0,0,0.0,100.0,1,1,0.0,1,0,1.19,1,77.2,0,0,1,100.0,0.0,118.8,0.0,0,0,0,0,0,0,0.0,17,17.0,100.0,1,1,100.0,9.0,7.4,0,0,0.0,100.0,1,1,0.0,1,0,1.19,1,77.2,0,0,1,100.0,0.0,118.8,0.0,0,0,0,0,0,0,0.0,17,17.0
Quinton Jackson,163001,HB,RICE,2,0,2,,0,0,,,,0,0,,,0,0,,0,0,0.0,0,,0,0,0,,,0.0,,0,0,0,0,0,0,,0,,,0,0,,,,0,0,,,0,0,,0,0,0.0,0,,0,0,0,,,0.0,,0,0,0,0,0,0,,0,,,0,0,,,,0,0,,,0,0,,0,0,0.0,0,,0,0,0,,,0.0,,0,0,0,0,0,0,,0,,,0,0,,,,0,0,,,0,0,,0,0,0.0,0,,0,0,0,,,0.0,,0,0,0,0,0,0,,0,,,0,0,,,,0,0,,,0,0,,0,0,0.0,0,,0,0,0,,,0.0,,0,0,0,0,0,0,,0,,0,,0,0,,,,0,0,,,0,0,,0,0,0.0,0,,0,0,0,,,0.0,,0,0,0,0,0,0,,0,,275,,0,0,,,,0,0,,,0,0,,0,0,0.0,0,,0,0,0,,,0.0,,0,0,0,0,0,0,,0,,,0,0,,,,0,0,,,0,0,,0,0,0.0,0,,0,0,0,,,0.0,,0,0,0,0,0,0,,0,,,0,0,,,,0,0,,,0,0,,0,0,0.0,0,,0,0,0,,,0.0,,0,0,0,0,0,0,,0,,,0,0,,,,0,0,,,0,0,,0,0,0.0,0,,0,0,0,,,0.0,,0,0,0,0,0,0,,0,,,0,0,,,,0,0,,,0,0,,0,0,0.0,0,,0,0,0,,,0.0,,0,0,0,0,0,0,,0,,0,,0,0,,,,0,0,,,0,0,,0,0,0.0,0,,0,0,0,,,0.0,,0,0,0,0,0,0,,0,,,0,0,,,,0,0,,,0,0,,0,0,0.0,0,,0,0,0,,,0.0,,0,0,0,0,0,0,,0,,,0,0,,,,0,0,,,0,0,,0,0,0.0,0,,0,0,0,,,0.0,,0,0,0,0,0,0,,0,,,0,0,,,,0,0,,,0,0,,0,0,0.0,0,,0,0,0,,,0.0,,0,0,0,0,0,0,,0,,,0,0,,,,0,0,,,0,0,,0,0,0.0,0,,0,0,0,,,0.0,,0,0,0,0,0,0,,0,
Quin Smith,173880,WR,AIR FORCE,2,1,2,,0,0,0.0,,,0,0,,,0,0,,0,0,0.0,0,,0,0,0,,,0.0,,0,0,0,0,0,0,,0,,,0,0,0.0,,,0,0,,,0,0,,0,0,0.0,0,,0,0,0,,,0.0,,0,0,0,0,0,0,,0,,,0,0,0.0,,,0,0,,,0,0,,0,0,0.0,0,,0,0,0,,,0.0,,0,0,0,0,0,0,,0,,,0,0,0.0,,,0,0,,,0,0,,0,0,0.0,0,,0,0,0,,,0.0,,0,0,0,0,0,0,,0,,,0,0,0.0,,,0,0,,,0,0,,0,0,0.0,0,,0,0,0,,,0.0,,0,0,0,0,0,0,,0,,0,,0,0,0.0,,,0,0,,,0,0,,0,0,0.0,0,,0,0,0,,,0.0,,0,0,0,0,0,0,,0,,101,,0,0,0.0,,,0,0,,,0,0,,0,0,0.0,0,,0,0,0,,,0.0,,0,0,0,0,0,0,,0,,,0,0,0.0,,,0,0,,,0,0,,0,0,0.0,0,,0,0,0,,,0.0,,0,0,0,0,0,0,,0,,100.0,1,1,100.0,15.0,2.4,0,0,0.0,0.0,0,0,100.0,1,1,-3.42,0,75.4,0,0,1,0.0,,39.6,0.0,0,0,0,0,0,0,0.0,0,0.0,,0,0,0.0,,,0,0,,,0,0,,0,0,0.0,0,,0,0,0,,,0.0,,0,0,0,0,0,0,,0,,100.0,1,1,100.0,15.0,2.4,0,0,0.0,0.0,0,0,100.0,1,1,-3.42,0,75.4,0,0,1,0.0,,39.6,0.0,0,0,0,0,0,0,0.0,0,0.0,0,,0,0,0.0,,,0,0,,,0,0,,0,0,0.0,0,,0,0,0,,,0.0,,0,0,0,0,0,0,,0,,,0,0,0.0,,,0,0,,,0,0,,0,0,0.0,0,,0,0,0,,,0.0,,0,0,0,0,0,0,,0,,,0,0,0.0,,,0,0,,,0,0,,0,0,0.0,0,,0,0,0,,,0.0,,0,0,0,0,0,0,,0,,,0,0,0.0,,,0,0,,,0,0,,0,0,0.0,0,,0,0,0,,,0.0,,0,0,0,0,0,0,,0,,,0,0,0.0,,,0,0,,,0,0,,0,0,0.0,0,,0,0,0,,,0.0,,0,0,0,0,0,0,,0,
Langston Lewis,158597,WR,C MICHIGAN,2,0,2,,0,0,,,,0,0,,,0,0,,0,0,0.0,0,,0,0,0,,,0.0,,0,0,0,0,0,0,,0,,,0,0,,,,0,0,,,0,0,,0,0,0.0,0,,0,0,0,,,0.0,,0,0,0,0,0,0,,0,,,0,0,,,,0,0,,,0,0,,0,0,0.0,0,,0,0,0,,,0.0,,0,0,0,0,0,0,,0,,,0,0,,,,0,0,,,0,0,,0,0,0.0,0,,0,0,0,,,0.0,,0,0,0,0,0,0,,0,,,0,0,,,,0,0,,,0,0,,0,0,0.0,0,,0,0,0,,,0.0,,0,0,0,0,0,0,,0,,0,,0,0,,,,0,0,,,0,0,,0,0,0.0,0,,0,0,0,,,0.0,,0,0,0,0,0,0,,0,,134,,0,0,,,,0,0,,,0,0,,0,0,0.0,0,,0,0,0,,,0.0,,0,0,0,0,0,0,,0,,,0,0,,,,0,0,,,0,0,,0,0,0.0,0,,0,0,0,,,0.0,,0,0,0,0,0,0,,0,,,0,0,,,,0,0,,,0,0,,0,0,0.0,0,,0,0,0,,,0.0,,0,0,0,0,0,0,,0,,,0,0,,,,0,0,,,0,0,,0,0,0.0,0,,0,0,0,,,0.0,,0,0,0,0,0,0,,0,,,0,0,,,,0,0,,,0,0,,0,0,0.0,0,,0,0,0,,,0.0,,0,0,0,0,0,0,,0,,0,,0,0,,,,0,0,,,0,0,,0,0,0.0,0,,0,0,0,,,0.0,,0,0,0,0,0,0,,0,,,0,0,,,,0,0,,,0,0,,0,0,0.0,0,,0,0,0,,,0.0,,0,0,0,0,0,0,,0,,,0,0,,,,0,0,,,0,0,,0,0,0.0,0,,0,0,0,,,0.0,,0,0,0,0,0,0,,0,,,0,0,,,,0,0,,,0,0,,0,0,0.0,0,,0,0,0,,,0.0,,0,0,0,0,0,0,,0,,,0,0,,,,0,0,,,0,0,,0,0,0.0,0,,0,0,0,,,0.0,,0,0,0,0,0,0,,0,
Austin Novosad,174133,QB,OREGON,1,2,2,,0,0,0.0,,,0,0,,,0,0,,0,0,0.0,0,,0,0,0,,,0.0,,0,0,0,0,0,0,,0,,,0,0,0.0,,,0,0,,,0,0,,0,0,0.0,0,,0,0,0,,,0.0,,0,0,0,0,0,0,,0,,,0,0,0.0,,,0,0,,,0,0,,0,0,0.0,0,,0,0,0,,,0.0,,0,0,0,0,0,0,,0,,,0,0,0.0,,,0,0,,,0,0,,0,0,0.0,0,,0,0,0,,,0.0,,0,0,0,0,0,0,,0,,0.0,1,1,50.0,0.0,2.5,0,0,0.0,0.0,0,0,,1,0,-0.75,0,57.7,0,0,1,0.0,,39.6,0.0,0,0,0,0,0,0,0.0,0,0.0,0,100.0,1,1,50.0,37.0,3.0,0,0,0.0,100.0,1,0,0.0,1,0,2.87,1,75.9,0,0,1,100.0,,118.8,0.0,0,0,0,0,0,0,0.0,40,40.0,264,,0,0,0.0,,,0,0,,,0,0,,0,0,0.0,0,,0,0,0,,,0.0,,0,0,0,0,0,0,,0,,,0,0,0.0,,,0,0,,,0,0,,0,0,0.0,0,,0,0,0,,,0.0,,0,0,0,0,0,0,,0,,,0,0,0.0,,,0,0,,,0,0,,0,0,0.0,0,,0,0,0,,,0.0,,0,0,0,0,0,0,,0,,,0,0,0.0,,,0,0,,,0,0,,0,0,0.0,0,,0,0,0,,,0.0,,0,0,0,0,0,0,,0,,,0,0,0.0,,,0,0,,,0,0,,0,0,0.0,0,,0,0,0,,,0.0,,0,0,0,0,0,0,,0,,0,,0,0,0.0,,,0,0,,,0,0,,0,0,0.0,0,,0,0,0,,,0.0,,0,0,0,0,0,0,,0,,100.0,1,1,50.0,37.0,3.0,0,0,0.0,100.0,1,0,0.0,1,0,2.87,1,75.9,0,0,1,100.0,,118.8,0.0,0,0,0,0,0,0,0.0,40,40.0,,0,0,0.0,,,0,0,,,0,0,,0,0,0.0,0,,0,0,0,,,0.0,,0,0,0,0,0,0,,0,,,0,0,0.0,,,0,0,,,0,0,,0,0,0.0,0,,0,0,0,,,0.0,,0,0,0,0,0,0,,0,,0.0,1,1,50.0,0.0,2.5,0,0,0.0,0.0,0,0,,1,0,-0.75,0,57.7,0,0,1,0.0,,39.6,0.0,0,0,0,0,0,0,0.0,0,0.0
Makai Lemon,174150,WR,USC,2,1,2,,0,0,0.0,,,0,0,,,0,0,,0,0,0.0,0,,0,0,0,,,0.0,,0,0,0,0,0,0,,0,,,0,0,0.0,,,0,0,,,0,0,,0,0,0.0,0,,0,0,0,,,0.0,,0,0,0,0,0,0,,0,,,0,0,0.0,,,0,0,,,0,0,,0,0,0.0,0,,0,0,0,,,0.0,,0,0,0,0,0,0,,0,,,0,0,0.0,,,0,0,,,0,0,,0,0,0.0,0,,0,0,0,,,0.0,,0,0,0,0,0,0,,0,,,0,0,0.0,,,0,0,,,0,0,,0,0,0.0,0,,0,0,0,,,0.0,,0,0,0,0,0,0,,0,,0,100.0,1,1,100.0,24.0,4.8,0,0,0.0,100.0,1,1,0.0,1,0,2.64,1,76.6,0,0,1,100.0,0.0,158.3,0.0,0,0,0,0,1,0,0.0,24,24.0,326,,0,0,0.0,,,0,0,,,0,0,,0,0,0.0,0,,0,0,0,,,0.0,,0,0,0,0,0,0,,0,,,0,0,0.0,,,0,0,,,0,0,,0,0,0.0,0,,0,0,0,,,0.0,,0,0,0,0,0,0,,0,,,0,0,0.0,,,0,0,,,0,0,,0,0,0.0,0,,0,0,0,,,0.0,,0,0,0,0,0,0,,0,,,0,0,0.0,,,0,0,,,0,0,,0,0,0.0,0,,0,0,0,,,0.0,,0,0,0,0,0,0,,0,,,0,0,0.0,,,0,0,,,0,0,,0,0,0.0,0,,0,0,0,,,0.0,,0,0,0,0,0,0,,0,,0,,0,0,0.0,,,0,0,,,0,0,,0,0,0.0,0,,0,0,0,,,0.0,,0,0,0,0,0,0,,0,,100.0,1,1,100.0,24.0,4.8,0,0,0.0,100.0,1,1,0.0,1,0,2.64,1,76.6,0,0,1,100.0,0.0,158.3,0.0,0,0,0,0,1,0,0.0,24,24.0,,0,0,0.0,,,0,0,,,0,0,,0,0,0.0,0,,0,0,0,,,0.0,,0,0,0,0,0,0,,0,,,0,0,0.0,,,0,0,,,0,0,,0,0,0.0,0,,0,0,0,,,0.0,,0,0,0,0,0,0,,0,,,0,0,0.0,,,0,0,,,0,0,,0,0,0.0,0,,0,0,0,,,0.0,,0,0,0,0,0,0,,0,
Dominiq Ponder,174401,QB,COLORADO,1,1,2,,0,0,0.0,,,0,0,,,0,0,,0,0,0.0,0,,0,0,0,,,0.0,,0,0,0,0,0,0,,0,,,0,0,0.0,,,0,0,,,0,0,,0,0,0.0,0,,0,0,0,,,0.0,,0,0,0,0,0,0,,0,,,0,0,0.0,,,0,0,,,0,0,,0,0,0.0,0,,0,0,0,,,0.0,,0,0,0,0,0,0,,0,,,0,0,0.0,,,0,0,,,0,0,,0,0,0.0,0,,0,0,0,,,0.0,,0,0,0,0,0,0,,0,,0.0,1,1,100.0,5.0,2.1,0,0,0.0,0.0,0,0,,1,0,-0.1,0,55.3,0,0,1,0.0,,39.6,0.0,0,0,0,0,0,0,0.0,0,0.0,0,,0,0,0.0,,,0,0,,,0,0,,0,0,0.0,0,,0,0,0,,,0.0,,0,0,0,0,0,0,,0,,143,,0,0,0.0,,,0,0,,,0,0,,0,0,0.0,0,,0,0,0,,,0.0,,0,0,0,0,0,0,,0,,,0,0,0.0,,,0,0,,,0,0,,0,0,0.0,0,,0,0,0,,,0.0,,0,0,0,0,0,0,,0,,,0,0,0.0,,,0,0,,,0,0,,0,0,0.0,0,,0,0,0,,,0.0,,0,0,0,0,0,0,,0,,,0,0,0.0,,,0,0,,,0,0,,0,0,0.0,0,,0,0,0,,,0.0,,0,0,0,0,0,0,,0,,,0,0,0.0,,,0,0,,,0,0,,0,0,0.0,0,,0,0,0,,,0.0,,0,0,0,0,0,0,,0,,0,,0,0,0.0,,,0,0,,,0,0,,0,0,0.0,0,,0,0,0,,,0.0,,0,0,0,0,0,0,,0,,,0,0,0.0,,,0,0,,,0,0,,0,0,0.0,0,,0,0,0,,,0.0,,0,0,0,0,0,0,,0,,,0,0,0.0,,,0,0,,,0,0,,0,0,0.0,0,,0,0,0,,,0.0,,0,0,0,0,0,0,,0,,,0,0,0.0,,,0,0,,,0,0,,0,0,0.0,0,,0,0,0,,,0.0,,0,0,0,0,0,0,,0,,0.0,1,1,100.0,5.0,2.1,0,0,0.0,0.0,0,0,,1,0,-0.1,0,55.3,0,0,1,0.0,,39.6,0.0,0,0,0,0,0,0,0.0,0,0.0
Dalen Cobb,158341,WR,GA SOUTHRN,2,1,2,,0,0,0.0,,,0,0,,,0,0,,0,0,0.0,0,,0,0,0,,,0.0,,0,0,0,0,0,0,,0,,,0,0,0.0,,,0,0,,,0,0,,0,0,0.0,0,,0,0,0,,,0.0,,0,0,0,0,0,0,,0,,,0,0,0.0,,,0,0,,,0,0,,0,0,0.0,0,,0,0,0,,,0.0,,0,0,0,0,0,0,,0,,,0,0,0.0,,,0,0,,,0,0,,0,0,0.0,0,,0,0,0,,,0.0,,0,0,0,0,0,0,,0,,,0,0,0.0,,,0,0,,,0,0,,0,0,0.0,0,,0,0,0,,,0.0,,0,0,0,0,0,0,,0,,0,100.0,1,1,100.0,33.0,3.1,0,0,0.0,100.0,1,0,0.0,1,0,2.88,1,75.7,0,0,1,100.0,,118.8,0.0,0,0,0,0,0,0,0.0,44,44.0,174,,0,0,0.0,,,0,0,,,0,0,,0,0,0.0,0,,0,0,0,,,0.0,,0,0,0,0,0,0,,0,,,0,0,0.0,,,0,0,,,0,0,,0,0,0.0,0,,0,0,0,,,0.0,,0,0,0,0,0,0,,0,,,0,0,0.0,,,0,0,,,0,0,,0,0,0.0,0,,0,0,0,,,0.0,,0,0,0,0,0,0,,0,,,0,0,0.0,,,0,0,,,0,0,,0,0,0.0,0,,0,0,0,,,0.0,,0,0,0,0,0,0,,0,,,0,0,0.0,,,0,0,,,0,0,,0,0,0.0,0,,0,0,0,,,0.0,,0,0,0,0,0,0,,0,,0,,0,0,0.0,,,0,0,,,0,0,,0,0,0.0,0,,0,0,0,,,0.0,,0,0,0,0,0,0,,0,,100.0,1,1,100.0,33.0,3.1,0,0,0.0,100.0,1,0,0.0,1,0,2.88,1,75.7,0,0,1,100.0,,118.8,0.0,0,0,0,0,0,0,0.0,44,44.0,,0,0,0.0,,,0,0,,,0,0,,0,0,0.0,0,,0,0,0,,,0.0,,0,0,0,0,0,0,,0,,,0,0,0.0,,,0,0,,,0,0,,0,0,0.0,0,,0,0,0,,,0.0,,0,0,0,0,0,0,,0,,,0,0,0.0,,,0,0,,,0,0,,0,0,0.0,0,,0,0,0,,,0.0,,0,0,0,0,0,0,,0,
Omari Arnold,158336,HB,GA SOUTHRN,2,2,2,,0,0,0.0,,,0,0,,,0,0,,0,0,0.0,0,,0,0,0,,,0.0,,0,0,0,0,0,0,,0,,,0,0,0.0,,,0,0,,,0,0,,0,0,0.0,0,,0,0,0,,,0.0,,0,0,0,0,0,0,,0,,100.0,1,1,50.0,29.0,3.6,0,0,0.0,100.0,1,0,0.0,1,0,6.15,1,76.6,0,0,1,100.0,,158.3,0.0,0,0,0,0,1,0,0.0,73,73.0,,0,0,0.0,,,0,0,,,0,0,,0,0,0.0,0,,0,0,0,,,0.0,,0,0,0,0,0,0,,0,,,0,0,0.0,,,0,0,,,0,0,,0,0,0.0,0,,0,0,0,,,0.0,,0,0,0,0,0,0,,0,,0,100.0,1,1,50.0,29.0,3.6,0,0,0.0,100.0,1,0,0.0,1,0,6.15,1,76.6,0,0,1,100.0,,158.3,0.0,0,0,0,0,1,0,0.0,73,73.0,174,,0,0,0.0,,,0,0,,,0,0,,0,0,0.0,0,,0,0,0,,,0.0,,0,0,0,0,0,0,,0,,,0,0,0.0,,,0,0,,,0,0,,0,0,0.0,0,,0,0,0,,,0.0,,0,0,0,0,0,0,,0,,,0,0,0.0,,,0,0,,,0,0,,0,0,0.0,0,,0,0,0,,,0.0,,0,0,0,0,0,0,,0,,,0,0,0.0,,,0,0,,,0,0,,0,0,0.0,0,,0,0,0,,,0.0,,0,0,0,0,0,0,,0,,100.0,1,1,50.0,17.0,2.2,0,0,0.0,100.0,1,0,0.0,1,0,1.75,1,72.6,0,0,1,100.0,,156.3,0.0,0,0,0,0,1,0,0.0,12,12.0,0,,0,0,0.0,,,0,0,,,0,0,,0,0,0.0,0,,0,0,0,,,0.0,,0,0,0,0,0,0,,0,,,0,0,0.0,,,0,0,,,0,0,,0,0,0.0,0,,0,0,0,,,0.0,,0,0,0,0,0,0,,0,,100.0,1,1,50.0,17.0,2.2,0,0,0.0,100.0,1,0,0.0,1,0,1.75,1,72.6,0,0,1,100.0,,156.3,0.0,0,0,0,0,1,0,0.0,12,12.0,,0,0,0.0,,,0,0,,,0,0,,0,0,0.0,0,,0,0,0,,,0.0,,0,0,0,0,0,0,,0,,,0,0,0.0,,,0,0,,,0,0,,0,0,0.0,0,,0,0,0,,,0.0,,0,0,0,0,0,0,,0,
Hank Beatty,158198,WR,ILLINOIS,2,2,2,,0,0,0.0,,,0,0,,,0,0,,0,0,0.0,0,,0,0,0,,,0.0,,0,0,0,0,0,0,,0,,,0,0,0.0,,,0,0,,,0,0,,0,0,0.0,0,,0,0,0,,,0.0,,0,0,0,0,0,0,,0,,,0,0,0.0,,,0,0,,,0,0,,0,0,0.0,0,,0,0,0,,,0.0,,0,0,0,0,0,0,,0,,100.0,1,1,50.0,19.0,3.1,0,0,0.0,100.0,1,1,0.0,1,0,1.98,1,73.1,0,0,1,100.0,0.0,118.8,0.0,0,0,0,0,0,0,0.0,28,28.0,,0,0,0.0,,,0,0,,,0,0,,0,0,0.0,0,,0,0,0,,,0.0,,0,0,0,0,0,0,,0,,0,,0,0,0.0,,,0,0,,,0,0,,0,0,0.0,0,,0,0,0,,,0.0,,0,0,0,0,0,0,,0,,187,,0,0,0.0,,,0,0,,,0,0,,0,0,0.0,0,,0,0,0,,,0.0,,0,0,0,0,0,0,,0,,,0,0,0.0,,,0,0,,,0,0,,0,0,0.0,0,,0,0,0,,,0.0,,0,0,0,0,0,0,,0,,,0,0,0.0,,,0,0,,,0,0,,0,0,0.0,0,,0,0,0,,,0.0,,0,0,0,0,0,0,,0,,,0,0,0.0,,,0,0,,,0,0,,0,0,0.0,0,,0,0,0,,,0.0,,0,0,0,0,0,0,,0,,100.0,1,1,50.0,19.0,3.1,0,0,0.0,100.0,1,1,0.0,1,0,1.98,1,73.1,0,0,1,100.0,0.0,118.8,0.0,0,0,0,0,0,0,0.0,28,28.0,0,,0,0,0.0,,,0,0,,,0,0,,0,0,0.0,0,,0,0,0,,,0.0,,0,0,0,0,0,0,,0,,,0,0,0.0,,,0,0,,,0,0,,0,0,0.0,0,,0,0,0,,,0.0,,0,0,0,0,0,0,,0,,,0,0,0.0,,,0,0,,,0,0,,0,0,0.0,0,,0,0,0,,,0.0,,0,0,0,0,0,0,,0,,100.0,1,1,50.0,8.0,3.5,0,0,0.0,100.0,1,1,0.0,1,0,2.06,0,71.9,0,0,1,100.0,0.0,118.8,0.0,0,0,0,0,1,0,0.0,3,3.0,100.0,1,1,50.0,8.0,3.5,0,0,0.0,100.0,1,1,0.0,1,0,2.06,0,71.9,0,0,1,100.0,0.0,118.8,0.0,0,0,0,0,1,0,0.0,3,3.0
Landon Rehkow,175039,P,UTAH ST,3,1,2,,0,0,0.0,,,0,0,,,0,0,,0,0,0.0,0,,0,0,0,,,0.0,,0,0,0,0,0,0,,0,,,0,0,0.0,,,0,0,,,0,0,,0,0,0.0,0,,0,0,0,,,0.0,,0,0,0,0,0,0,,0,,,0,0,0.0,,,0,0,,,0,0,,0,0,0.0,0,,0,0,0,,,0.0,,0,0,0,0,0,0,,0,,,0,0,0.0,,,0,0,,,0,0,,0,0,0.0,0,,0,0,0,,,0.0,,0,0,0,0,0,0,,0,,,0,0,0.0,,,0,0,,,0,0,,0,0,0.0,0,,0,0,0,,,0.0,,0,0,0,0,0,0,,0,,0,,0,0,0.0,,,0,0,,,0,0,,0,0,0.0,0,,0,0,0,,,0.0,,0,0,0,0,0,0,,0,,329,,0,0,0.0,,,0,0,,,0,0,,0,0,0.0,0,,0,0,0,,,0.0,,0,0,0,0,0,0,,0,,,0,0,0.0,,,0,0,,,0,0,,0,0,0.0,0,,0,0,0,,,0.0,,0,0,0,0,0,0,,0,,,0,0,0.0,,,0,0,,,0,0,,0,0,0.0,0,,0,0,0,,,0.0,,0,0,0,0,0,0,,0,,,0,0,0.0,,,0,0,,,0,0,,0,0,0.0,0,,0,0,0,,,0.0,,0,0,0,0,0,0,,0,,,0,0,0.0,,,0,0,,,0,0,,0,0,0.0,0,,0,0,0,,,0.0,,0,0,0,0,0,0,,0,,0,,0,0,0.0,,,0,0,,,0,0,,0,0,0.0,0,,0,0,0,,,0.0,,0,0,0,0,0,0,,0,,,0,0,0.0,,,0,0,,,0,0,,0,0,0.0,0,,0,0,0,,,0.0,,0,0,0,0,0,0,,0,,,0,0,0.0,,,0,0,,,0,0,,0,0,0.0,0,,0,0,0,,,0.0,,0,0,0,0,0,0,,0,,100.0,1,1,100.0,0.0,2.2,0,0,0.0,100.0,1,0,0.0,1,0,-2.11,0,60.6,0,0,1,0.0,,91.7,0.0,0,0,0,0,0,0,0.0,6,6.0,100.0,1,1,100.0,0.0,2.2,0,0,0.0,100.0,1,0,0.0,1,0,-2.11,0,60.6,0,0,1,0.0,,91.7,0.0,0,0,0,0,0,0,0.0,6,6.0
Mason Mini,175102,TE,CAL,2,2,2,,0,0,0.0,,,0,0,,,0,0,,0,0,0.0,0,,0,0,0,,,0.0,,0,0,0,0,0,0,,0,,,0,0,0.0,,,0,0,,,0,0,,0,0,0.0,0,,0,0,0,,,0.0,,0,0,0,0,0,0,,0,,100.0,1,1,50.0,27.0,2.9,0,0,0.0,100.0,1,1,0.0,1,0,3.28,1,76.2,0,0,1,100.0,0.0,158.3,0.0,0,0,0,0,1,0,0.0,42,42.0,,0,0,0.0,,,0,0,,,0,0,,0,0,0.0,0,,0,0,0,,,0.0,,0,0,0,0,0,0,,0,,,0,0,0.0,,,0,0,,,0,0,,0,0,0.0,0,,0,0,0,,,0.0,,0,0,0,0,0,0,,0,,0,100.0,1,1,50.0,27.0,2.9,0,0,0.0,100.0,1,1,0.0,1,0,3.28,1,76.2,0,0,1,100.0,0.0,158.3,0.0,0,0,0,0,1,0,0.0,42,42.0,130,,0,0,0.0,,,0,0,,,0,0,,0,0,0.0,0,,0,0,0,,,0.0,,0,0,0,0,0,0,,0,,,0,0,0.0,,,0,0,,,0,0,,0,0,0.0,0,,0,0,0,,,0.0,,0,0,0,0,0,0,,0,,,0,0,0.0,,,0,0,,,0,0,,0,0,0.0,0,,0,0,0,,,0.0,,0,0,0,0,0,0,,0,,,0,0,0.0,,,0,0,,,0,0,,0,0,0.0,0,,0,0,0,,,0.0,,0,0,0,0,0,0,,0,,100.0,1,1,50.0,14.0,4.6,0,0,0.0,100.0,1,1,0.0,1,0,2.05,1,74.3,0,0,1,100.0,0.0,118.8,0.0,0,0,0,0,0,0,0.0,17,17.0,0,,0,0,0.0,,,0,0,,,0,0,,0,0,0.0,0,,0,0,0,,,0.0,,0,0,0,0,0,0,,0,,,0,0,0.0,,,0,0,,,0,0,,0,0,0.0,0,,0,0,0,,,0.0,,0,0,0,0,0,0,,0,,100.0,1,1,50.0,14.0,4.6,0,0,0.0,100.0,1,1,0.0,1,0,2.05,1,74.3,0,0,1,100.0,0.0,118.8,0.0,0,0,0,0,0,0,0.0,17,17.0,,0,0,0.0,,,0,0,,,0,0,,0,0,0.0,0,,0,0,0,,,0.0,,0,0,0,0,0,0,,0,,,0,0,0.0,,,0,0,,,0,0,,0,0,0.0,0,,0,0,0,,,0.0,,0,0,0,0,0,0,,0,
Treyson Bourguet,158154,QB,BYU,1,2,2,,0,0,0.0,,,0,0,,,0,0,,0,0,0.0,0,,0,0,0,,,0.0,,0,0,0,0,0,0,,0,,,0,0,0.0,,,0,0,,,0,0,,0,0,0.0,0,,0,0,0,,,0.0,,0,0,0,0,0,0,,0,,0.0,1,1,50.0,43.0,2.9,0,0,0.0,0.0,0,1,,1,0,-1.43,0,59.3,0,0,1,0.0,0.0,39.6,0.0,0,0,0,0,0,0,0.0,0,0.0,,0,0,0.0,,,0,0,,,0,0,,0,0,0.0,0,,0,0,0,,,0.0,,0,0,0,0,0,0,,0,,100.0,1,1,50.0,7.0,1.8,0,0,0.0,100.0,1,0,0.0,1,0,0.67,0,60.4,0,0,1,100.0,,100.0,0.0,0,0,0,0,0,0,0.0,8,8.0,0,0.0,1,1,50.0,43.0,2.9,0,0,0.0,0.0,0,1,,1,0,-1.43,0,59.3,0,0,1,0.0,0.0,39.6,0.0,0,0,0,0,0,0,0.0,0,0.0,128,,0,0,0.0,,,0,0,,,0,0,,0,0,0.0,0,,0,0,0,,,0.0,,0,0,0,0,0,0,,0,,,0,0,0.0,,,0,0,,,0,0,,0,0,0.0,0,,0,0,0,,,0.0,,0,0,0,0,0,0,,0,,,0,0,0.0,,,0,0,,,0,0,,0,0,0.0,0,,0,0,0,,,0.0,,0,0,0,0,0,0,,0,,,0,0,0.0,,,0,0,,,0,0,,0,0,0.0,0,,0,0,0,,,0.0,,0,0,0,0,0,0,,0,,,0,0,0.0,,,0,0,,,0,0,,0,0,0.0,0,,0,0,0,,,0.0,,0,0,0,0,0,0,,0,,0,,0,0,0.0,,,0,0,,,0,0,,0,0,0.0,0,,0,0,0,,,0.0,,0,0,0,0,0,0,,0,,,0,0,0.0,,,0,0,,,0,0,,0,0,0.0,0,,0,0,0,,,0.0,,0,0,0,0,0,0,,0,,,0,0,0.0,,,0,0,,,0,0,,0,0,0.0,0,,0,0,0,,,0.0,,0,0,0,0,0,0,,0,,,0,0,0.0,,,0,0,,,0,0,,0,0,0.0,0,,0,0,0,,,0.0,,0,0,0,0,0,0,,0,,100.0,1,1,50.0,7.0,1.8,0,0,0.0,100.0,1,0,0.0,1,0,0.67,0,60.4,0,0,1,100.0,,100.0,0.0,0,0,0,0,0,0,0.0,8,8.0
Omari Kelly,157048,WR,MICH STATE,1,2,2,0.0,1,1,50.0,-3.0,2.8,0,0,0.0,0.0,0,1,,1,0,-0.71,0,57.7,0,0,1,0.0,0.0,39.6,0.0,0,0,0,0,0,0,0.0,0,0.0,0.0,1,1,50.0,-3.0,2.8,0,0,0.0,0.0,0,1,,1,0,-0.71,0,57.7,0,0,1,0.0,0.0,39.6,0.0,0,0,0,0,0,0,0.0,0,0.0,,0,0,0.0,,,0,0,,,0,0,,0,0,0.0,0,,0,0,0,,,0.0,,0,0,0,0,0,0,,0,,,0,0,0.0,,,0,0,,,0,0,,0,0,0.0,0,,0,0,0,,,0.0,,0,0,0,0,0,0,,0,,,0,0,0.0,,,0,0,,,0,0,,0,0,0.0,0,,0,0,0,,,0.0,,0,0,0,0,0,0,,0,,0,,0,0,0.0,,,0,0,,,0,0,,0,0,0.0,0,,0,0,0,,,0.0,,0,0,0,0,0,0,,0,,223,,0,0,0.0,,,0,0,,,0,0,,0,0,0.0,0,,0,0,0,,,0.0,,0,0,0,0,0,0,,0,,,0,0,0.0,,,0,0,,,0,0,,0,0,0.0,0,,0,0,0,,,0.0,,0,0,0,0,0,0,,0,,100.0,1,1,50.0,13.0,4.0,0,0,0.0,100.0,1,1,0.0,1,0,0.88,1,72.6,0,0,1,100.0,0.0,118.8,0.0,0,0,0,0,0,0,0.0,13,13.0,,0,0,0.0,,,0,0,,,0,0,,0,0,0.0,0,,0,0,0,,,0.0,,0,0,0,0,0,0,,0,,100.0,1,1,50.0,13.0,4.0,0,0,0.0,100.0,1,1,0.0,1,0,0.88,1,72.6,0,0,1,100.0,0.0,118.8,0.0,0,0,0,0,0,0,0.0,13,13.0,0,,0,0,0.0,,,0,0,,,0,0,,0,0,0.0,0,,0,0,0,,,0.0,,0,0,0,0,0,0,,0,,,0,0,0.0,,,0,0,,,0,0,,0,0,0.0,0,,0,0,0,,,0.0,,0,0,0,0,0,0,,0,,,0,0,0.0,,,0,0,,,0,0,,0,0,0.0,0,,0,0,0,,,0.0,,0,0,0,0,0,0,,0,,,0,0,0.0,,,0,0,,,0,0,,0,0,0.0,0,,0,0,0,,,0.0,,0,0,0,0,0,0,,0,,,0,0,0.0,,,0,0,,,0,0,,0,0,0.0,0,,0,0,0,,,0.0,,0,0,0,0,0,0,,0,
Michael Grant,170336,QB,FLORIDA ST,1,1,2,100.0,1,1,100.0,-1.0,1.8,0,0,0.0,100.0,1,1,0.0,1,0,2.6,1,60.6,0,0,1,100.0,0.0,118.8,0.0,0,0,0,0,0,0,0.0,14,14.0,100.0,1,1,100.0,-1.0,1.8,0,0,0.0,100.0,1,1,0.0,1,0,2.6,1,60.6,0,0,1,100.0,0.0,118.8,0.0,0,0,0,0,0,0,0.0,14,14.0,,0,0,0.0,,,0,0,,,0,0,,0,0,0.0,0,,0,0,0,,,0.0,,0,0,0,0,0,0,,0,,,0,0,0.0,,,0,0,,,0,0,,0,0,0.0,0,,0,0,0,,,0.0,,0,0,0,0,0,0,,0,,,0,0,0.0,,,0,0,,,0,0,,0,0,0.0,0,,0,0,0,,,0.0,,0,0,0,0,0,0,,0,,0,,0,0,0.0,,,0,0,,,0,0,,0,0,0.0,0,,0,0,0,,,0.0,,0,0,0,0,0,0,,0,,167,,0,0,0.0,,,0,0,,,0,0,,0,0,0.0,0,,0,0,0,,,0.0,,0,0,0,0,0,0,,0,,,0,0,0.0,,,0,0,,,0,0,,0,0,0.0,0,,0,0,0,,,0.0,,0,0,0,0,0,0,,0,,,0,0,0.0,,,0,0,,,0,0,,0,0,0.0,0,,0,0,0,,,0.0,,0,0,0,0,0,0,,0,,,0,0,0.0,,,0,0,,,0,0,,0,0,0.0,0,,0,0,0,,,0.0,,0,0,0,0,0,0,,0,,,0,0,0.0,,,0,0,,,0,0,,0,0,0.0,0,,0,0,0,,,0.0,,0,0,0,0,0,0,,0,,0,,0,0,0.0,,,0,0,,,0,0,,0,0,0.0,0,,0,0,0,,,0.0,,0,0,0,0,0,0,,0,,,0,0,0.0,,,0,0,,,0,0,,0,0,0.0,0,,0,0,0,,,0.0,,0,0,0,0,0,0,,0,,,0,0,0.0,,,0,0,,,0,0,,0,0,0.0,0,,0,0,0,,,0.0,,0,0,0,0,0,0,,0,,,0,0,0.0,,,0,0,,,0,0,,0,0,0.0,0,,0,0,0,,,0.0,,0,0,0,0,0,0,,0,,,0,0,0.0,,,0,0,,,0,0,,0,0,0.0,0,,0,0,0,,,0.0,,0,0,0,0,0,0,,0,
Samaj Jones,183797,QB,CINCINNATI,1,2,2,100.0,1,1,50.0,-2.0,1.2,0,0,0.0,100.0,1,0,0.0,1,0,4.67,1,61.0,0,0,1,100.0,,158.3,0.0,0,0,0,0,1,0,0.0,42,42.0,100.0,1,1,50.0,-2.0,1.2,0,0,0.0,100.0,1,0,0.0,1,0,4.67,1,61.0,0,0,1,100.0,,158.3,0.0,0,0,0,0,1,0,0.0,42,42.0,,0,0,0.0,,,0,0,,,0,0,,0,0,0.0,0,,0,0,0,,,0.0,,0,0,0,0,0,0,,0,,,0,0,0.0,,,0,0,,,0,0,,0,0,0.0,0,,0,0,0,,,0.0,,0,0,0,0,0,0,,0,,,0,0,0.0,,,0,0,,,0,0,,0,0,0.0,0,,0,0,0,,,0.0,,0,0,0,0,0,0,,0,,0,,0,0,0.0,,,0,0,,,0,0,,0,0,0.0,0,,0,0,0,,,0.0,,0,0,0,0,0,0,,0,,138,,0,0,0.0,,,0,0,,,0,0,,0,0,0.0,0,,0,0,0,,,0.0,,0,0,0,0,0,0,,0,,,0,0,0.0,,,0,0,,,0,0,,0,0,0.0,0,,0,0,0,,,0.0,,0,0,0,0,0,0,,0,,,0,0,0.0,,,0,0,,,0,0,,0,0,0.0,0,,0,0,0,,,0.0,,0,0,0,0,0,0,,0,,,0,0,0.0,,,0,0,,,0,0,,0,0,0.0,0,,0,0,0,,,0.0,,0,0,0,0,0,0,,0,,,0,0,0.0,,,0,0,,,0,0,,0,0,0.0,0,,0,0,0,,,0.0,,0,0,0,0,0,0,,0,,0,,0,0,0.0,,,0,0,,,0,0,,0,0,0.0,0,,0,0,0,,,0.0,,0,0,0,0,0,0,,0,,,0,0,0.0,,,0,0,,,0,0,,0,0,0.0,0,,0,0,0,,,0.0,,0,0,0,0,0,0,,0,,,0,0,0.0,,,0,0,,,0,0,,0,0,0.0,0,,0,0,0,,,0.0,,0,0,0,0,0,0,,0,,100.0,1,1,50.0,8.0,1.6,0,0,0.0,100.0,1,0,0.0,1,0,0.09,0,60.4,0,0,1,100.0,,112.5,0.0,0,0,0,0,0,0,0.0,11,11.0,100.0,1,1,50.0,8.0,1.6,0,0,0.0,100.0,1,0,0.0,1,0,0.09,0,60.4,0,0,1,100.0,,112.5,0.0,0,0,0,0,0,0,0.0,11,11.0
Isaac Wilson,183872,QB,UTAH,1,1,2,,0,0,0.0,,,0,0,,,0,0,,0,0,0.0,0,,0,0,0,,,0.0,,0,0,0,0,0,0,,0,,,0,0,0.0,,,0,0,,,0,0,,0,0,0.0,0,,0,0,0,,,0.0,,0,0,0,0,0,0,,0,,,0,0,0.0,,,0,0,,,0,0,,0,0,0.0,0,,0,0,0,,,0.0,,0,0,0,0,0,0,,0,,,0,0,0.0,,,0,0,,,0,0,,0,0,0.0,0,,0,0,0,,,0.0,,0,0,0,0,0,0,,0,,0.0,1,1,100.0,6.0,1.4,0,0,0.0,0.0,0,0,,1,0,-1.44,0,28.6,0,0,1,0.0,,39.6,0.0,0,0,0,0,0,1,100.0,0,0.0,0,,0,0,0.0,,,0,0,,,0,0,,0,0,0.0,0,,0,0,0,,,0.0,,0,0,0,0,0,0,,0,,328,,0,0,0.0,,,0,0,,,0,0,,0,0,0.0,0,,0,0,0,,,0.0,,0,0,0,0,0,0,,0,,,0,0,0.0,,,0,0,,,0,0,,0,0,0.0,0,,0,0,0,,,0.0,,0,0,0,0,0,0,,0,,,0,0,0.0,,,0,0,,,0,0,,0,0,0.0,0,,0,0,0,,,0.0,,0,0,0,0,0,0,,0,,,0,0,0.0,,,0,0,,,0,0,,0,0,0.0,0,,0,0,0,,,0.0,,0,0,0,0,0,0,,0,,,0,0,0.0,,,0,0,,,0,0,,0,0,0.0,0,,0,0,0,,,0.0,,0,0,0,0,0,0,,0,,0,,0,0,0.0,,,0,0,,,0,0,,0,0,0.0,0,,0,0,0,,,0.0,,0,0,0,0,0,0,,0,,,0,0,0.0,,,0,0,,,0,0,,0,0,0.0,0,,0,0,0,,,0.0,,0,0,0,0,0,0,,0,,,0,0,0.0,,,0,0,,,0,0,,0,0,0.0,0,,0,0,0,,,0.0,,0,0,0,0,0,0,,0,,,0,0,0.0,,,0,0,,,0,0,,0,0,0.0,0,,0,0,0,,,0.0,,0,0,0,0,0,0,,0,,0.0,1,1,100.0,6.0,1.4,0,0,0.0,0.0,0,0,,1,0,-1.44,0,28.6,0,0,1,0.0,,39.6,0.0,0,0,0,0,0,1,100.0,0,0.0
Michael Buckley,156001,WR,NEW MEXICO,2,2,2,,0,0,0.0,,,0,0,,,0,0,,0,0,0.0,0,,0,0,0,,,0.0,,0,0,0,0,0,0,,0,,,0,0,0.0,,,0,0,,,0,0,,0,0,0.0,0,,0,0,0,,,0.0,,0,0,0,0,0,0,,0,,,0,0,0.0,,,0,0,,,0,0,,0,0,0.0,0,,0,0,0,,,0.0,,0,0,0,0,0,0,,0,,,0,0,0.0,,,0,0,,,0,0,,0,0,0.0,0,,0,0,0,,,0.0,,0,0,0,0,0,0,,0,,,0,0,0.0,,,0,0,,,0,0,,0,0,0.0,0,,0,0,0,,,0.0,,0,0,0,0,0,0,,0,,0,50.0,2,2,100.0,35.0,3.35,0,2,100.0,50.0,1,1,0.0,2,0,1.23,1,94.7,0,0,2,50.0,0.0,135.4,0.0,0,0,0,0,1,0,0.0,41,20.5,241,,0,0,0.0,,,0,0,,,0,0,,0,0,0.0,0,,0,0,0,,,0.0,,0,0,0,0,0,0,,0,,0.0,1,1,50.0,41.0,3.3,0,1,100.0,0.0,0,1,,1,0,-0.9,0,87.3,0,0,1,0.0,0.0,39.6,0.0,0,0,0,0,0,0,0.0,0,0.0,,0,0,0.0,,,0,0,,,0,0,,0,0,0.0,0,,0,0,0,,,0.0,,0,0,0,0,0,0,,0,,,0,0,0.0,,,0,0,,,0,0,,0,0,0.0,0,,0,0,0,,,0.0,,0,0,0,0,0,0,,0,,,0,0,0.0,,,0,0,,,0,0,,0,0,0.0,0,,0,0,0,,,0.0,,0,0,0,0,0,0,,0,,0,,0,0,0.0,,,0,0,,,0,0,,0,0,0.0,0,,0,0,0,,,0.0,,0,0,0,0,0,0,,0,,100.0,1,1,50.0,29.0,3.4,0,1,100.0,100.0,1,0,0.0,1,0,3.35,1,87.7,0,0,1,100.0,,158.3,0.0,0,0,0,0,1,0,0.0,41,41.0,,0,0,0.0,,,0,0,,,0,0,,0,0,0.0,0,,0,0,0,,,0.0,,0,0,0,0,0,0,,0,,,0,0,0.0,,,0,0,,,0,0,,0,0,0.0,0,,0,0,0,,,0.0,,0,0,0,0,0,0,,0,,,0,0,0.0,,,0,0,,,0,0,,0,0,0.0,0,,0,0,0,,,0.0,,0,0,0,0,0,0,,0,
Tucker Parks,184002,QB,W KENTUCKY,1,2,2,,0,0,0.0,,,0,0,,,0,0,,0,0,0.0,0,,0,0,0,,,0.0,,0,0,0,0,0,0,,0,,,0,0,0.0,,,0,0,,,0,0,,0,0,0.0,0,,0,0,0,,,0.0,,0,0,0,0,0,0,,0,,,0,0,0.0,,,0,0,,,0,0,,0,0,0.0,0,,0,0,0,,,0.0,,0,0,0,0,0,0,,0,,,0,0,0.0,,,0,0,,,0,0,,0,0,0.0,0,,0,0,0,,,0.0,,0,0,0,0,0,0,,0,,,0,0,0.0,,,0,0,,,0,0,,0,0,0.0,0,,0,0,0,,,0.0,,0,0,0,0,0,0,,0,,0,,0,0,0.0,,,0,0,,,0,0,,0,0,0.0,0,,0,0,0,,,0.0,,0,0,0,0,0,0,,0,,346,,0,0,0.0,,,0,0,,,0,0,,0,0,0.0,0,,0,0,0,,,0.0,,0,0,0,0,0,0,,0,,,0,0,0.0,,,0,0,,,0,0,,0,0,0.0,0,,0,0,0,,,0.0,,0,0,0,0,0,0,,0,,,0,0,0.0,,,0,0,,,0,0,,0,0,0.0,0,,0,0,0,,,0.0,,0,0,0,0,0,0,,0,,,0,0,0.0,,,0,0,,,0,0,,0,0,0.0,0,,0,0,0,,,0.0,,0,0,0,0,0,0,,0,,,0,0,0.0,,,0,0,,,0,0,,0,0,0.0,0,,0,0,0,,,0.0,,0,0,0,0,0,0,,0,,0,,0,0,0.0,,,0,0,,,0,0,,0,0,0.0,0,,0,0,0,,,0.0,,0,0,0,0,0,0,,0,,,0,0,0.0,,,0,0,,,0,0,,0,0,0.0,0,,0,0,0,,,0.0,,0,0,0,0,0,0,,0,,,0,0,0.0,,,0,0,,,0,0,,0,0,0.0,0,,0,0,0,,,0.0,,0,0,0,0,0,0,,0,,,0,0,0.0,,,0,0,,,0,0,,0,0,0.0,0,,0,0,0,,,0.0,,0,0,0,0,0,0,,0,,,0,0,0.0,,,0,0,,,0,0,,0,0,0.0,0,,0,0,0,,,0.0,,0,0,0,0,0,0,,0,
Tama Uiliata,184180,WR,HAWAII,2,2,2,,0,0,0.0,,,0,0,,,0,0,,0,0,0.0,0,,0,0,0,,,0.0,,0,0,0,0,0,0,,0,,,0,0,0.0,,,0,0,,,0,0,,0,0,0.0,0,,0,0,0,,,0.0,,0,0,0,0,0,0,,0,,100.0,1,1,50.0,29.0,3.8,0,0,0.0,100.0,1,0,0.0,1,0,2.45,1,76.2,0,0,1,100.0,,118.8,0.0,0,0,0,0,0,0,0.0,34,34.0,,0,0,0.0,,,0,0,,,0,0,,0,0,0.0,0,,0,0,0,,,0.0,,0,0,0,0,0,0,,0,,,0,0,0.0,,,0,0,,,0,0,,0,0,0.0,0,,0,0,0,,,0.0,,0,0,0,0,0,0,,0,,0,100.0,1,1,50.0,29.0,3.8,0,0,0.0,100.0,1,0,0.0,1,0,2.45,1,76.2,0,0,1,100.0,,118.8,0.0,0,0,0,0,0,0,0.0,34,34.0,180,,0,0,0.0,,,0,0,,,0,0,,0,0,0.0,0,,0,0,0,,,0.0,,0,0,0,0,0,0,,0,,,0,0,0.0,,,0,0,,,0,0,,0,0,0.0,0,,0,0,0,,,0.0,,0,0,0,0,0,0,,0,,,0,0,0.0,,,0,0,,,0,0,,0,0,0.0,0,,0,0,0,,,0.0,,0,0,0,0,0,0,,0,,0.0,1,1,50.0,9.0,3.8,0,0,0.0,0.0,0,1,,1,0,-0.65,0,45.8,0,0,1,0.0,0.0,39.6,0.0,0,0,0,0,0,0,0.0,0,0.0,,0,0,0.0,,,0,0,,,0,0,,0,0,0.0,0,,0,0,0,,,0.0,,0,0,0,0,0,0,,0,,0,,0,0,0.0,,,0,0,,,0,0,,0,0,0.0,0,,0,0,0,,,0.0,,0,0,0,0,0,0,,0,,,0,0,0.0,,,0,0,,,0,0,,0,0,0.0,0,,0,0,0,,,0.0,,0,0,0,0,0,0,,0,,,0,0,0.0,,,0,0,,,0,0,,0,0,0.0,0,,0,0,0,,,0.0,,0,0,0,0,0,0,,0,,,0,0,0.0,,,0,0,,,0,0,,0,0,0.0,0,,0,0,0,,,0.0,,0,0,0,0,0,0,,0,,0.0,1,1,50.0,9.0,3.8,0,0,0.0,0.0,0,1,,1,0,-0.65,0,45.8,0,0,1,0.0,0.0,39.6,0.0,0,0,0,0,0,0,0.0,0,0.0
Myles Butler,150199,WR,MIDDLE TN,2,1,2,,0,0,0.0,,,0,0,,,0,0,,0,0,0.0,0,,0,0,0,,,0.0,,0,0,0,0,0,0,,0,,,0,0,0.0,,,0,0,,,0,0,,0,0,0.0,0,,0,0,0,,,0.0,,0,0,0,0,0,0,,0,,,0,0,0.0,,,0,0,,,0,0,,0,0,0.0,0,,0,0,0,,,0.0,,0,0,0,0,0,0,,0,,,0,0,0.0,,,0,0,,,0,0,,0,0,0.0,0,,0,0,0,,,0.0,,0,0,0,0,0,0,,0,,,0,0,0.0,,,0,0,,,0,0,,0,0,0.0,0,,0,0,0,,,0.0,,0,0,0,0,0,0,,0,,0,,0,0,0.0,,,0,0,,,0,0,,0,0,0.0,0,,0,0,0,,,0.0,,0,0,0,0,0,0,,0,,224,,0,0,0.0,,,0,0,,,0,0,,0,0,0.0,0,,0,0,0,,,0.0,,0,0,0,0,0,0,,0,,,0,0,0.0,,,0,0,,,0,0,,0,0,0.0,0,,0,0,0,,,0.0,,0,0,0,0,0,0,,0,,,0,0,0.0,,,0,0,,,0,0,,0,0,0.0,0,,0,0,0,,,0.0,,0,0,0,0,0,0,,0,,,0,0,0.0,,,0,0,,,0,0,,0,0,0.0,0,,0,0,0,,,0.0,,0,0,0,0,0,0,,0,,,0,0,0.0,,,0,0,,,0,0,,0,0,0.0,0,,0,0,0,,,0.0,,0,0,0,0,0,0,,0,,0,,0,0,0.0,,,0,0,,,0,0,,0,0,0.0,0,,0,0,0,,,0.0,,0,0,0,0,0,0,,0,,,0,0,0.0,,,0,0,,,0,0,,0,0,0.0,0,,0,0,0,,,0.0,,0,0,0,0,0,0,,0,,,0,0,0.0,,,0,0,,,0,0,,0,0,0.0,0,,0,0,0,,,0.0,,0,0,0,0,0,0,,0,,,0,0,0.0,,,0,0,,,0,0,,0,0,0.0,0,,0,0,0,,,0.0,,0,0,0,0,0,0,,0,,,0,0,0.0,,,0,0,,,0,0,,0,0,0.0,0,,0,0,0,,,0.0,,0,0,0,0,0,0,,0,
JC Evans,184302,QB,JAMES MAD,2,2,2,,0,0,0.0,,,0,0,,,0,0,,0,0,0.0,0,,0,0,0,,,0.0,,0,0,0,0,0,0,,0,,,0,0,0.0,,,0,0,,,0,0,,0,0,0.0,0,,0,0,0,,,0.0,,0,0,0,0,0,0,,0,,,0,0,0.0,,,0,0,,,0,0,,0,0,0.0,0,,0,0,0,,,0.0,,0,0,0,0,0,0,,0,,0.0,1,1,50.0,17.0,2.4,0,0,0.0,0.0,0,1,,1,0,-1.25,0,56.6,0,0,1,0.0,0.0,39.6,0.0,0,0,0,0,0,0,0.0,0,0.0,,0,0,0.0,,,0,0,,,0,0,,0,0,0.0,0,,0,0,0,,,0.0,,0,0,0,0,0,0,,0,,0,0.0,1,1,50.0,31.0,2.8,0,0,0.0,0.0,0,0,,1,0,-0.49,0,49.9,0,0,1,0.0,,39.6,0.0,0,0,0,0,0,0,0.0,0,0.0,197,,0,0,0.0,,,0,0,,,0,0,,0,0,0.0,0,,0,0,0,,,0.0,,0,0,0,0,0,0,,0,,,0,0,0.0,,,0,0,,,0,0,,0,0,0.0,0,,0,0,0,,,0.0,,0,0,0,0,0,0,,0,,,0,0,0.0,,,0,0,,,0,0,,0,0,0.0,0,,0,0,0,,,0.0,,0,0,0,0,0,0,,0,,,0,0,0.0,,,0,0,,,0,0,,0,0,0.0,0,,0,0,0,,,0.0,,0,0,0,0,0,0,,0,,0.0,1,1,50.0,17.0,2.4,0,0,0.0,0.0,0,1,,1,0,-1.25,0,56.6,0,0,1,0.0,0.0,39.6,0.0,0,0,0,0,0,0,0.0,0,0.0,0,,0,0,0.0,,,0,0,,,0,0,,0,0,0.0,0,,0,0,0,,,0.0,,0,0,0,0,0,0,,0,,0.0,1,1,50.0,31.0,2.8,0,0,0.0,0.0,0,0,,1,0,-0.49,0,49.9,0,0,1,0.0,,39.6,0.0,0,0,0,0,0,0,0.0,0,0.0,,0,0,0.0,,,0,0,,,0,0,,0,0,0.0,0,,0,0,0,,,0.0,,0,0,0,0,0,0,,0,,,0,0,0.0,,,0,0,,,0,0,,0,0,0.0,0,,0,0,0,,,0.0,,0,0,0,0,0,0,,0,,,0,0,0.0,,,0,0,,,0,0,,0,0,0.0,0,,0,0,0,,,0.0,,0,0,0,0,0,0,,0,
Michael Brescia,149295,TE,W MICHIGAN,2,0,2,,0,0,,,,0,0,,,0,0,,0,0,0.0,0,,0,0,0,,,0.0,,0,0,0,0,0,0,,0,,,0,0,,,,0,0,,,0,0,,0,0,0.0,0,,0,0,0,,,0.0,,0,0,0,0,0,0,,0,,,0,0,,,,0,0,,,0,0,,0,0,0.0,0,,0,0,0,,,0.0,,0,0,0,0,0,0,,0,,,0,0,,,,0,0,,,0,0,,0,0,0.0,0,,0,0,0,,,0.0,,0,0,0,0,0,0,,0,,,0,0,,,,0,0,,,0,0,,0,0,0.0,0,,0,0,0,,,0.0,,0,0,0,0,0,0,,0,,0,,0,0,,,,0,0,,,0,0,,0,0,0.0,0,,0,0,0,,,0.0,,0,0,0,0,0,0,,0,,347,,0,0,,,,0,0,,,0,0,,0,0,0.0,0,,0,0,0,,,0.0,,0,0,0,0,0,0,,0,,,0,0,,,,0,0,,,0,0,,0,0,0.0,0,,0,0,0,,,0.0,,0,0,0,0,0,0,,0,,,0,0,,,,0,0,,,0,0,,0,0,0.0,0,,0,0,0,,,0.0,,0,0,0,0,0,0,,0,,,0,0,,,,0,0,,,0,0,,0,0,0.0,0,,0,0,0,,,0.0,,0,0,0,0,0,0,,0,,,0,0,,,,0,0,,,0,0,,0,0,0.0,0,,0,0,0,,,0.0,,0,0,0,0,0,0,,0,,0,,0,0,,,,0,0,,,0,0,,0,0,0.0,0,,0,0,0,,,0.0,,0,0,0,0,0,0,,0,,,0,0,,,,0,0,,,0,0,,0,0,0.0,0,,0,0,0,,,0.0,,0,0,0,0,0,0,,0,,,0,0,,,,0,0,,,0,0,,0,0,0.0,0,,0,0,0,,,0.0,,0,0,0,0,0,0,,0,,,0,0,,,,0,0,,,0,0,,0,0,0.0,0,,0,0,0,,,0.0,,0,0,0,0,0,0,,0,,,0,0,,,,0,0,,,0,0,,0,0,0.0,0,,0,0,0,,,0.0,,0,0,0,0,0,0,,0,
Ju'Juan Johnson,184458,HB,LSU,2,1,2,,0,0,0.0,,,0,0,,,0,0,,0,0,0.0,0,,0,0,0,,,0.0,,0,0,0,0,0,0,,0,,,0,0,0.0,,,0,0,,,0,0,,0,0,0.0,0,,0,0,0,,,0.0,,0,0,0,0,0,0,,0,,,0,0,0.0,,,0,0,,,0,0,,0,0,0.0,0,,0,0,0,,,0.0,,0,0,0,0,0,0,,0,,,0,0,0.0,,,0,0,,,0,0,,0,0,0.0,0,,0,0,0,,,0.0,,0,0,0,0,0,0,,0,,,0,0,0.0,,,0,0,,,0,0,,0,0,0.0,0,,0,0,0,,,0.0,,0,0,0,0,0,0,,0,,0,,0,0,0.0,,,0,0,,,0,0,,0,0,0.0,0,,0,0,0,,,0.0,,0,0,0,0,0,0,,0,,211,,0,0,0.0,,,0,0,,,0,0,,0,0,0.0,0,,0,0,0,,,0.0,,0,0,0,0,0,0,,0,,,0,0,0.0,,,0,0,,,0,0,,0,0,0.0,0,,0,0,0,,,0.0,,0,0,0,0,0,0,,0,,,0,0,0.0,,,0,0,,,0,0,,0,0,0.0,0,,0,0,0,,,0.0,,0,0,0,0,0,0,,0,,,0,0,0.0,,,0,0,,,0,0,,0,0,0.0,0,,0,0,0,,,0.0,,0,0,0,0,0,0,,0,,100.0,1,1,100.0,10.0,3.2,0,0,0.0,100.0,1,0,0.0,1,0,0.83,1,73.1,0,0,1,100.0,,118.8,0.0,0,0,0,0,0,0,0.0,14,14.0,0,,0,0,0.0,,,0,0,,,0,0,,0,0,0.0,0,,0,0,0,,,0.0,,0,0,0,0,0,0,,0,,,0,0,0.0,,,0,0,,,0,0,,0,0,0.0,0,,0,0,0,,,0.0,,0,0,0,0,0,0,,0,,100.0,1,1,100.0,10.0,3.2,0,0,0.0,100.0,1,0,0.0,1,0,0.83,1,73.1,0,0,1,100.0,,118.8,0.0,0,0,0,0,0,0,0.0,14,14.0,,0,0,0.0,,,0,0,,,0,0,,0,0,0.0,0,,0,0,0,,,0.0,,0,0,0,0,0,0,,0,,,0,0,0.0,,,0,0,,,0,0,,0,0,0.0,0,,0,0,0,,,0.0,,0,0,0,0,0,0,,0,
Mason Love,184495,K,S CAROLINA,2,2,2,,0,0,0.0,,,0,0,,,0,0,,0,0,0.0,0,,0,0,0,,,0.0,,0,0,0,0,0,0,,0,,,0,0,0.0,,,0,0,,,0,0,,0,0,0.0,0,,0,0,0,,,0.0,,0,0,0,0,0,0,,0,,,0,0,0.0,,,0,0,,,0,0,,0,0,0.0,0,,0,0,0,,,0.0,,0,0,0,0,0,0,,0,,,0,0,0.0,,,0,0,,,0,0,,0,0,0.0,0,,0,0,0,,,0.0,,0,0,0,0,0,0,,0,,100.0,1,1,50.0,2.0,1.6,0,0,0.0,100.0,1,0,0.0,1,0,-1.92,0,60.6,0,0,1,0.0,,108.3,0.0,0,0,0,0,0,0,0.0,10,10.0,0,,0,0,0.0,,,0,0,,,0,0,,0,0,0.0,0,,0,0,0,,,0.0,,0,0,0,0,0,0,,0,,289,,0,0,0.0,,,0,0,,,0,0,,0,0,0.0,0,,0,0,0,,,0.0,,0,0,0,0,0,0,,0,,,0,0,0.0,,,0,0,,,0,0,,0,0,0.0,0,,0,0,0,,,0.0,,0,0,0,0,0,0,,0,,,0,0,0.0,,,0,0,,,0,0,,0,0,0.0,0,,0,0,0,,,0.0,,0,0,0,0,0,0,,0,,0.0,1,1,50.0,7.0,1.6,0,0,0.0,0.0,0,0,,1,0,-3.65,0,32.7,0,1,1,0.0,,0.0,0.0,0,0,0,0,0,1,100.0,0,0.0,,0,0,0.0,,,0,0,,,0,0,,0,0,0.0,0,,0,0,0,,,0.0,,0,0,0,0,0,0,,0,,0,,0,0,0.0,,,0,0,,,0,0,,0,0,0.0,0,,0,0,0,,,0.0,,0,0,0,0,0,0,,0,,,0,0,0.0,,,0,0,,,0,0,,0,0,0.0,0,,0,0,0,,,0.0,,0,0,0,0,0,0,,0,,,0,0,0.0,,,0,0,,,0,0,,0,0,0.0,0,,0,0,0,,,0.0,,0,0,0,0,0,0,,0,,,0,0,0.0,,,0,0,,,0,0,,0,0,0.0,0,,0,0,0,,,0.0,,0,0,0,0,0,0,,0,,50.0,2,2,100.0,4.5,1.6,0,0,0.0,50.0,1,0,0.0,2,0,-2.78,0,34.3,0,1,2,0.0,,25.0,0.0,0,0,0,0,0,1,50.0,10,5.0
Ryan Wingo,184520,WR,TEXAS,2,2,2,,0,0,0.0,,,0,0,,,0,0,,0,0,0.0,0,,0,0,0,,,0.0,,0,0,0,0,0,0,,0,,,0,0,0.0,,,0,0,,,0,0,,0,0,0.0,0,,0,0,0,,,0.0,,0,0,0,0,0,0,,0,,0.0,1,1,50.0,32.0,2.8,0,0,0.0,0.0,0,0,,1,0,-0.94,0,49.9,0,0,1,0.0,,39.6,0.0,0,0,0,0,0,0,0.0,0,0.0,,0,0,0.0,,,0,0,,,0,0,,0,0,0.0,0,,0,0,0,,,0.0,,0,0,0,0,0,0,,0,,,0,0,0.0,,,0,0,,,0,0,,0,0,0.0,0,,0,0,0,,,0.0,,0,0,0,0,0,0,,0,,0,0.0,2,2,100.0,28.0,3.4,0,0,0.0,0.0,0,1,,2,0,-0.81,0,49.3,0,0,2,0.0,0.0,39.6,0.0,0,0,0,0,0,0,0.0,0,0.0,311,,0,0,0.0,,,0,0,,,0,0,,0,0,0.0,0,,0,0,0,,,0.0,,0,0,0,0,0,0,,0,,,0,0,0.0,,,0,0,,,0,0,,0,0,0.0,0,,0,0,0,,,0.0,,0,0,0,0,0,0,,0,,,0,0,0.0,,,0,0,,,0,0,,0,0,0.0,0,,0,0,0,,,0.0,,0,0,0,0,0,0,,0,,,0,0,0.0,,,0,0,,,0,0,,0,0,0.0,0,,0,0,0,,,0.0,,0,0,0,0,0,0,,0,,,0,0,0.0,,,0,0,,,0,0,,0,0,0.0,0,,0,0,0,,,0.0,,0,0,0,0,0,0,,0,,0,,0,0,0.0,,,0,0,,,0,0,,0,0,0.0,0,,0,0,0,,,0.0,,0,0,0,0,0,0,,0,,0.0,1,1,50.0,24.0,4.0,0,0,0.0,0.0,0,1,,1,0,-0.69,0,58.4,0,0,1,0.0,0.0,39.6,0.0,0,0,0,0,0,0,0.0,0,0.0,,0,0,0.0,,,0,0,,,0,0,,0,0,0.0,0,,0,0,0,,,0.0,,0,0,0,0,0,0,,0,,,0,0,0.0,,,0,0,,,0,0,,0,0,0.0,0,,0,0,0,,,0.0,,0,0,0,0,0,0,,0,,,0,0,0.0,,,0,0,,,0,0,,0,0,0.0,0,,0,0,0,,,0.0,,0,0,0,0,0,0,,0,
Joseph Manjack IV,146413,WR,TCU,2,2,2,,0,0,0.0,,,0,0,,,0,0,,0,0,0.0,0,,0,0,0,,,0.0,,0,0,0,0,0,0,,0,,,0,0,0.0,,,0,0,,,0,0,,0,0,0.0,0,,0,0,0,,,0.0,,0,0,0,0,0,0,,0,,,0,0,0.0,,,0,0,,,0,0,,0,0,0.0,0,,0,0,0,,,0.0,,0,0,0,0,0,0,,0,,,0,0,0.0,,,0,0,,,0,0,,0,0,0.0,0,,0,0,0,,,0.0,,0,0,0,0,0,0,,0,,,0,0,0.0,,,0,0,,,0,0,,0,0,0.0,0,,0,0,0,,,0.0,,0,0,0,0,0,0,,0,,0,,0,0,0.0,,,0,0,,,0,0,,0,0,0.0,0,,0,0,0,,,0.0,,0,0,0,0,0,0,,0,,305,,0,0,0.0,,,0,0,,,0,0,,0,0,0.0,0,,0,0,0,,,0.0,,0,0,0,0,0,0,,0,,,0,0,0.0,,,0,0,,,0,0,,0,0,0.0,0,,0,0,0,,,0.0,,0,0,0,0,0,0,,0,,,0,0,0.0,,,0,0,,,0,0,,0,0,0.0,0,,0,0,0,,,0.0,,0,0,0,0,0,0,,0,,,0,0,0.0,,,0,0,,,0,0,,0,0,0.0,0,,0,0,0,,,0.0,,0,0,0,0,0,0,,0,,100.0,1,1,50.0,15.0,3.3,0,0,0.0,100.0,1,0,0.0,1,0,0.92,1,73.1,0,0,1,100.0,,118.8,0.0,0,0,0,0,0,0,0.0,17,17.0,0,,0,0,0.0,,,0,0,,,0,0,,0,0,0.0,0,,0,0,0,,,0.0,,0,0,0,0,0,0,,0,,,0,0,0.0,,,0,0,,,0,0,,0,0,0.0,0,,0,0,0,,,0.0,,0,0,0,0,0,0,,0,,100.0,1,1,50.0,15.0,3.3,0,0,0.0,100.0,1,0,0.0,1,0,0.92,1,73.1,0,0,1,100.0,,118.8,0.0,0,0,0,0,0,0,0.0,17,17.0,,0,0,0.0,,,0,0,,,0,0,,0,0,0.0,0,,0,0,0,,,0.0,,0,0,0,0,0,0,,0,,,0,0,0.0,,,0,0,,,0,0,,0,0,0.0,0,,0,0,0,,,0.0,,0,0,0,0,0,0,,0,
Trent Walker,146340,WR,OREGON ST,2,2,2,,0,0,0.0,,,0,0,,,0,0,,0,0,0.0,0,,0,0,0,,,0.0,,0,0,0,0,0,0,,0,,,0,0,0.0,,,0,0,,,0,0,,0,0,0.0,0,,0,0,0,,,0.0,,0,0,0,0,0,0,,0,,,0,0,0.0,,,0,0,,,0,0,,0,0,0.0,0,,0,0,0,,,0.0,,0,0,0,0,0,0,,0,,,0,0,0.0,,,0,0,,,0,0,,0,0,0.0,0,,0,0,0,,,0.0,,0,0,0,0,0,0,,0,,,0,0,0.0,,,0,0,,,0,0,,0,0,0.0,0,,0,0,0,,,0.0,,0,0,0,0,0,0,,0,,0,0.0,1,1,50.0,20.0,2.9,0,0,0.0,0.0,0,1,,1,0,-0.81,0,50.8,0,0,1,0.0,0.0,39.6,0.0,0,0,0,0,0,0,0.0,0,0.0,265,,0,0,0.0,,,0,0,,,0,0,,0,0,0.0,0,,0,0,0,,,0.0,,0,0,0,0,0,0,,0,,0.0,1,1,50.0,20.0,2.9,0,0,0.0,0.0,0,1,,1,0,-0.81,0,50.8,0,0,1,0.0,0.0,39.6,0.0,0,0,0,0,0,0,0.0,0,0.0,,0,0,0.0,,,0,0,,,0,0,,0,0,0.0,0,,0,0,0,,,0.0,,0,0,0,0,0,0,,0,,,0,0,0.0,,,0,0,,,0,0,,0,0,0.0,0,,0,0,0,,,0.0,,0,0,0,0,0,0,,0,,100.0,1,1,50.0,16.0,3.8,0,0,0.0,100.0,1,0,0.0,1,0,0.98,1,72.6,0,0,1,100.0,,118.8,0.0,0,0,0,0,0,0,0.0,17,17.0,0,,0,0,0.0,,,0,0,,,0,0,,0,0,0.0,0,,0,0,0,,,0.0,,0,0,0,0,0,0,,0,,,0,0,0.0,,,0,0,,,0,0,,0,0,0.0,0,,0,0,0,,,0.0,,0,0,0,0,0,0,,0,,100.0,1,1,50.0,16.0,3.8,0,0,0.0,100.0,1,0,0.0,1,0,0.98,1,72.6,0,0,1,100.0,,118.8,0.0,0,0,0,0,0,0,0.0,17,17.0,,0,0,0.0,,,0,0,,,0,0,,0,0,0.0,0,,0,0,0,,,0.0,,0,0,0,0,0,0,,0,,,0,0,0.0,,,0,0,,,0,0,,0,0,0.0,0,,0,0,0,,,0.0,,0,0,0,0,0,0,,0,
Nykahi Davenport,189601,HB,USF,2,1,2,,0,0,0.0,,,0,0,,,0,0,,0,0,0.0,0,,0,0,0,,,0.0,,0,0,0,0,0,0,,0,,,0,0,0.0,,,0,0,,,0,0,,0,0,0.0,0,,0,0,0,,,0.0,,0,0,0,0,0,0,,0,,100.0,1,1,100.0,33.0,3.7,0,0,0.0,100.0,1,0,0.0,1,0,4.01,1,75.9,0,0,1,100.0,,158.3,0.0,0,0,0,0,1,0,0.0,29,29.0,,0,0,0.0,,,0,0,,,0,0,,0,0,0.0,0,,0,0,0,,,0.0,,0,0,0,0,0,0,,0,,,0,0,0.0,,,0,0,,,0,0,,0,0,0.0,0,,0,0,0,,,0.0,,0,0,0,0,0,0,,0,,0,100.0,1,1,100.0,33.0,3.7,0,0,0.0,100.0,1,0,0.0,1,0,4.01,1,75.9,0,0,1,100.0,,158.3,0.0,0,0,0,0,1,0,0.0,29,29.0,327,,0,0,0.0,,,0,0,,,0,0,,0,0,0.0,0,,0,0,0,,,0.0,,0,0,0,0,0,0,,0,,,0,0,0.0,,,0,0,,,0,0,,0,0,0.0,0,,0,0,0,,,0.0,,0,0,0,0,0,0,,0,,,0,0,0.0,,,0,0,,,0,0,,0,0,0.0,0,,0,0,0,,,0.0,,0,0,0,0,0,0,,0,,,0,0,0.0,,,0,0,,,0,0,,0,0,0.0,0,,0,0,0,,,0.0,,0,0,0,0,0,0,,0,,,0,0,0.0,,,0,0,,,0,0,,0,0,0.0,0,,0,0,0,,,0.0,,0,0,0,0,0,0,,0,,0,,0,0,0.0,,,0,0,,,0,0,,0,0,0.0,0,,0,0,0,,,0.0,,0,0,0,0,0,0,,0,,,0,0,0.0,,,0,0,,,0,0,,0,0,0.0,0,,0,0,0,,,0.0,,0,0,0,0,0,0,,0,,,0,0,0.0,,,0,0,,,0,0,,0,0,0.0,0,,0,0,0,,,0.0,,0,0,0,0,0,0,,0,,,0,0,0.0,,,0,0,,,0,0,,0,0,0.0,0,,0,0,0,,,0.0,,0,0,0,0,0,0,,0,,,0,0,0.0,,,0,0,,,0,0,,0,0,0.0,0,,0,0,0,,,0.0,,0,0,0,0,0,0,,0,
Mason Bray,189620,QB,ARIZONA,1,2,2,,0,0,0.0,,,0,0,,,0,0,,0,0,0.0,0,,0,0,0,,,0.0,,0,0,0,0,0,0,,0,,,0,0,0.0,,,0,0,,,0,0,,0,0,0.0,0,,0,0,0,,,0.0,,0,0,0,0,0,0,,0,,,0,0,0.0,,,0,0,,,0,0,,0,0,0.0,0,,0,0,0,,,0.0,,0,0,0,0,0,0,,0,,,0,0,0.0,,,0,0,,,0,0,,0,0,0.0,0,,0,0,0,,,0.0,,0,0,0,0,0,0,,0,,,0,0,0.0,,,0,0,,,0,0,,0,0,0.0,0,,0,0,0,,,0.0,,0,0,0,0,0,0,,0,,0,,0,0,0.0,,,0,0,,,0,0,,0,0,0.0,0,,0,0,0,,,0.0,,0,0,0,0,0,0,,0,,109,,0,0,0.0,,,0,0,,,0,0,,0,0,0.0,0,,0,0,0,,,0.0,,0,0,0,0,0,0,,0,,,0,0,0.0,,,0,0,,,0,0,,0,0,0.0,0,,0,0,0,,,0.0,,0,0,0,0,0,0,,0,,,0,0,0.0,,,0,0,,,0,0,,0,0,0.0,0,,0,0,0,,,0.0,,0,0,0,0,0,0,,0,,,0,0,0.0,,,0,0,,,0,0,,0,0,0.0,0,,0,0,0,,,0.0,,0,0,0,0,0,0,,0,,,0,0,0.0,,,0,0,,,0,0,,0,0,0.0,0,,0,0,0,,,0.0,,0,0,0,0,0,0,,0,,0,,0,0,0.0,,,0,0,,,0,0,,0,0,0.0,0,,0,0,0,,,0.0,,0,0,0,0,0,0,,0,,,0,0,0.0,,,0,0,,,0,0,,0,0,0.0,0,,0,0,0,,,0.0,,0,0,0,0,0,0,,0,,,0,0,0.0,,,0,0,,,0,0,,0,0,0.0,0,,0,0,0,,,0.0,,0,0,0,0,0,0,,0,,50.0,2,2,100.0,4.0,1.75,0,0,0.0,50.0,1,0,0.0,2,0,0.62,1,54.3,0,0,2,50.0,,89.6,0.0,0,0,0,0,0,0,0.0,22,11.0,50.0,2,2,100.0,4.0,1.75,0,0,0.0,50.0,1,0,0.0,2,0,0.62,1,54.3,0,0,2,50.0,,89.6,0.0,0,0,0,0,0,0,0.0,22,11.0
Devin Mockobee,145111,HB,PURDUE,2,2,2,100.0,1,1,50.0,-2.0,2.8,0,0,0.0,100.0,1,0,0.0,1,0,2.51,1,60.4,0,0,1,100.0,,158.3,0.0,0,0,0,0,1,0,0.0,14,14.0,,0,0,0.0,,,0,0,,,0,0,,0,0,0.0,0,,0,0,0,,,0.0,,0,0,0,0,0,0,,0,,,0,0,0.0,,,0,0,,,0,0,,0,0,0.0,0,,0,0,0,,,0.0,,0,0,0,0,0,0,,0,,,0,0,0.0,,,0,0,,,0,0,,0,0,0.0,0,,0,0,0,,,0.0,,0,0,0,0,0,0,,0,,,0,0,0.0,,,0,0,,,0,0,,0,0,0.0,0,,0,0,0,,,0.0,,0,0,0,0,0,0,,0,,0,,0,0,0.0,,,0,0,,,0,0,,0,0,0.0,0,,0,0,0,,,0.0,,0,0,0,0,0,0,,0,,273,100.0,1,1,50.0,-2.0,2.8,0,0,0.0,100.0,1,0,0.0,1,0,2.51,1,60.4,0,0,1,100.0,,158.3,0.0,0,0,0,0,1,0,0.0,14,14.0,,0,0,0.0,,,0,0,,,0,0,,0,0,0.0,0,,0,0,0,,,0.0,,0,0,0,0,0,0,,0,,,0,0,0.0,,,0,0,,,0,0,,0,0,0.0,0,,0,0,0,,,0.0,,0,0,0,0,0,0,,0,,,0,0,0.0,,,0,0,,,0,0,,0,0,0.0,0,,0,0,0,,,0.0,,0,0,0,0,0,0,,0,,0.0,1,1,50.0,17.0,3.2,0,0,0.0,0.0,0,1,,1,0,-5.11,0,33.8,0,1,1,0.0,0.0,0.0,0.0,0,0,0,0,0,1,100.0,0,0.0,0,,0,0,0.0,,,0,0,,,0,0,,0,0,0.0,0,,0,0,0,,,0.0,,0,0,0,0,0,0,,0,,,0,0,0.0,,,0,0,,,0,0,,0,0,0.0,0,,0,0,0,,,0.0,,0,0,0,0,0,0,,0,,0.0,1,1,50.0,17.0,3.2,0,0,0.0,0.0,0,1,,1,0,-5.11,0,33.8,0,1,1,0.0,0.0,0.0,0.0,0,0,0,0,0,1,100.0,0,0.0,,0,0,0.0,,,0,0,,,0,0,,0,0,0.0,0,,0,0,0,,,0.0,,0,0,0,0,0,0,,0,,,0,0,0.0,,,0,0,,,0,0,,0,0,0.0,0,,0,0,0,,,0.0,,0,0,0,0,0,0,,0,
Liam Clifford,145089,WR,PENN STATE,2,1,2,,0,0,0.0,,,0,0,,,0,0,,0,0,0.0,0,,0,0,0,,,0.0,,0,0,0,0,0,0,,0,,,0,0,0.0,,,0,0,,,0,0,,0,0,0.0,0,,0,0,0,,,0.0,,0,0,0,0,0,0,,0,,,0,0,0.0,,,0,0,,,0,0,,0,0,0.0,0,,0,0,0,,,0.0,,0,0,0,0,0,0,,0,,,0,0,0.0,,,0,0,,,0,0,,0,0,0.0,0,,0,0,0,,,0.0,,0,0,0,0,0,0,,0,,,0,0,0.0,,,0,0,,,0,0,,0,0,0.0,0,,0,0,0,,,0.0,,0,0,0,0,0,0,,0,,0,,0,0,0.0,,,0,0,,,0,0,,0,0,0.0,0,,0,0,0,,,0.0,,0,0,0,0,0,0,,0,,266,,0,0,0.0,,,0,0,,,0,0,,0,0,0.0,0,,0,0,0,,,0.0,,0,0,0,0,0,0,,0,,,0,0,0.0,,,0,0,,,0,0,,0,0,0.0,0,,0,0,0,,,0.0,,0,0,0,0,0,0,,0,,,0,0,0.0,,,0,0,,,0,0,,0,0,0.0,0,,0,0,0,,,0.0,,0,0,0,0,0,0,,0,,,0,0,0.0,,,0,0,,,0,0,,0,0,0.0,0,,0,0,0,,,0.0,,0,0,0,0,0,0,,0,,0.0,1,1,100.0,18.0,4.4,0,0,0.0,0.0,0,1,,1,0,-0.89,0,46.8,0,0,1,0.0,0.0,39.6,0.0,0,0,0,0,0,0,0.0,0,0.0,0,,0,0,0.0,,,0,0,,,0,0,,0,0,0.0,0,,0,0,0,,,0.0,,0,0,0,0,0,0,,0,,,0,0,0.0,,,0,0,,,0,0,,0,0,0.0,0,,0,0,0,,,0.0,,0,0,0,0,0,0,,0,,0.0,1,1,100.0,18.0,4.4,0,0,0.0,0.0,0,1,,1,0,-0.89,0,46.8,0,0,1,0.0,0.0,39.6,0.0,0,0,0,0,0,0,0.0,0,0.0,,0,0,0.0,,,0,0,,,0,0,,0,0,0.0,0,,0,0,0,,,0.0,,0,0,0,0,0,0,,0,,,0,0,0.0,,,0,0,,,0,0,,0,0,0.0,0,,0,0,0,,,0.0,,0,0,0,0,0,0,,0,
Oscar Doyle,192649,P,BOISE ST,2,2,2,,0,0,0.0,,,0,0,,,0,0,,0,0,0.0,0,,0,0,0,,,0.0,,0,0,0,0,0,0,,0,,,0,0,0.0,,,0,0,,,0,0,,0,0,0.0,0,,0,0,0,,,0.0,,0,0,0,0,0,0,,0,,,0,0,0.0,,,0,0,,,0,0,,0,0,0.0,0,,0,0,0,,,0.0,,0,0,0,0,0,0,,0,,,0,0,0.0,,,0,0,,,0,0,,0,0,0.0,0,,0,0,0,,,0.0,,0,0,0,0,0,0,,0,,100.0,1,1,50.0,7.0,4.2,0,0,0.0,100.0,1,1,0.0,1,0,3.76,1,78.6,0,0,1,100.0,0.0,147.9,0.0,0,0,0,0,1,0,0.0,10,10.0,0,,0,0,0.0,,,0,0,,,0,0,,0,0,0.0,0,,0,0,0,,,0.0,,0,0,0,0,0,0,,0,,120,,0,0,0.0,,,0,0,,,0,0,,0,0,0.0,0,,0,0,0,,,0.0,,0,0,0,0,0,0,,0,,,0,0,0.0,,,0,0,,,0,0,,0,0,0.0,0,,0,0,0,,,0.0,,0,0,0,0,0,0,,0,,,0,0,0.0,,,0,0,,,0,0,,0,0,0.0,0,,0,0,0,,,0.0,,0,0,0,0,0,0,,0,,,0,0,0.0,,,0,0,,,0,0,,0,0,0.0,0,,0,0,0,,,0.0,,0,0,0,0,0,0,,0,,,0,0,0.0,,,0,0,,,0,0,,0,0,0.0,0,,0,0,0,,,0.0,,0,0,0,0,0,0,,0,,0,,0,0,0.0,,,0,0,,,0,0,,0,0,0.0,0,,0,0,0,,,0.0,,0,0,0,0,0,0,,0,,,0,0,0.0,,,0,0,,,0,0,,0,0,0.0,0,,0,0,0,,,0.0,,0,0,0,0,0,0,,0,,,0,0,0.0,,,0,0,,,0,0,,0,0,0.0,0,,0,0,0,,,0.0,,0,0,0,0,0,0,,0,,100.0,1,1,50.0,2.0,2.0,0,0,0.0,100.0,1,0,0.0,1,0,2.72,1,74.3,0,0,1,100.0,,112.5,0.0,0,0,0,0,0,0,0.0,11,11.0,100.0,2,2,100.0,4.5,3.1,0,0,0.0,100.0,2,1,0.0,2,0,3.24,2,92.1,0,0,2,100.0,0.0,150.0,0.0,0,0,0,0,1,0,0.0,21,10.5
Da'Realyst Clark,198624,WR,KENT STATE,2,2,2,,0,0,0.0,,,0,0,,,0,0,,0,0,0.0,0,,0,0,0,,,0.0,,0,0,0,0,0,0,,0,,,0,0,0.0,,,0,0,,,0,0,,0,0,0.0,0,,0,0,0,,,0.0,,0,0,0,0,0,0,,0,,,0,0,0.0,,,0,0,,,0,0,,0,0,0.0,0,,0,0,0,,,0.0,,0,0,0,0,0,0,,0,,100.0,1,1,50.0,18.0,3.0,0,0,0.0,100.0,1,0,0.0,1,0,2.56,1,73.1,0,0,1,100.0,,156.3,0.0,0,0,0,0,1,0,0.0,12,12.0,,0,0,0.0,,,0,0,,,0,0,,0,0,0.0,0,,0,0,0,,,0.0,,0,0,0,0,0,0,,0,,0,,0,0,0.0,,,0,0,,,0,0,,0,0,0.0,0,,0,0,0,,,0.0,,0,0,0,0,0,0,,0,,201,,0,0,0.0,,,0,0,,,0,0,,0,0,0.0,0,,0,0,0,,,0.0,,0,0,0,0,0,0,,0,,,0,0,0.0,,,0,0,,,0,0,,0,0,0.0,0,,0,0,0,,,0.0,,0,0,0,0,0,0,,0,,,0,0,0.0,,,0,0,,,0,0,,0,0,0.0,0,,0,0,0,,,0.0,,0,0,0,0,0,0,,0,,,0,0,0.0,,,0,0,,,0,0,,0,0,0.0,0,,0,0,0,,,0.0,,0,0,0,0,0,0,,0,,100.0,2,2,100.0,16.0,4.2,0,0,0.0,100.0,2,1,0.0,2,0,2.93,2,86.2,0,0,2,100.0,0.0,158.3,0.0,0,0,0,0,1,0,0.0,39,19.5,0,,0,0,0.0,,,0,0,,,0,0,,0,0,0.0,0,,0,0,0,,,0.0,,0,0,0,0,0,0,,0,,,0,0,0.0,,,0,0,,,0,0,,0,0,0.0,0,,0,0,0,,,0.0,,0,0,0,0,0,0,,0,,100.0,1,1,50.0,14.0,5.4,0,0,0.0,100.0,1,1,0.0,1,0,3.3,1,75.4,0,0,1,100.0,0.0,118.8,0.0,0,0,0,0,0,0,0.0,27,27.0,,0,0,0.0,,,0,0,,,0,0,,0,0,0.0,0,,0,0,0,,,0.0,,0,0,0,0,0,0,,0,,,0,0,0.0,,,0,0,,,0,0,,0,0,0.0,0,,0,0,0,,,0.0,,0,0,0,0,0,0,,0,
Tahj Bullock,144070,QB,COLO STATE,2,1,2,,0,0,0.0,,,0,0,,,0,0,,0,0,0.0,0,,0,0,0,,,0.0,,0,0,0,0,0,0,,0,,,0,0,0.0,,,0,0,,,0,0,,0,0,0.0,0,,0,0,0,,,0.0,,0,0,0,0,0,0,,0,,,0,0,0.0,,,0,0,,,0,0,,0,0,0.0,0,,0,0,0,,,0.0,,0,0,0,0,0,0,,0,,0.0,1,1,100.0,19.0,3.7,0,0,0.0,0.0,0,1,,1,0,-0.75,0,46.8,0,0,1,0.0,0.0,39.6,0.0,0,0,0,0,0,0,0.0,0,0.0,,0,0,0.0,,,0,0,,,0,0,,0,0,0.0,0,,0,0,0,,,0.0,,0,0,0,0,0,0,,0,,0,,0,0,0.0,,,0,0,,,0,0,,0,0,0.0,0,,0,0,0,,,0.0,,0,0,0,0,0,0,,0,,144,,0,0,0.0,,,0,0,,,0,0,,0,0,0.0,0,,0,0,0,,,0.0,,0,0,0,0,0,0,,0,,,0,0,0.0,,,0,0,,,0,0,,0,0,0.0,0,,0,0,0,,,0.0,,0,0,0,0,0,0,,0,,,0,0,0.0,,,0,0,,,0,0,,0,0,0.0,0,,0,0,0,,,0.0,,0,0,0,0,0,0,,0,,,0,0,0.0,,,0,0,0.0,,0,0,,0,0,0.0,0,71.7,0,0,1,,,0.0,,0,0,0,0,0,0,0.0,0,,0.0,1,1,100.0,19.0,3.7,0,0,0.0,0.0,0,1,,1,0,-0.75,0,46.8,0,0,1,0.0,0.0,39.6,0.0,0,0,0,0,0,0,0.0,0,0.0,0,,0,0,0.0,,,0,0,,,0,0,,0,0,0.0,0,,0,0,0,,,0.0,,0,0,0,0,0,0,,0,,,0,0,0.0,,,0,0,,,0,0,,0,0,0.0,0,,0,0,0,,,0.0,,0,0,0,0,0,0,,0,,,0,0,0.0,,,0,0,,,0,0,,0,0,0.0,0,,0,0,0,,,0.0,,0,0,0,0,0,0,,0,,,0,0,0.0,,,0,0,0.0,,0,0,,0,0,0.0,0,56.9,0,0,1,,,0.0,,0,0,0,0,0,0,0.0,0,,,0,0,0.0,,,0,0,0.0,,0,0,,0,0,0.0,0,67.8,0,0,2,,,0.0,,0,0,0,0,0,0,0.0,0,
Stanley Anderson-Lofton,198834,QB,MIDDLE TN,1,1,2,,0,0,0.0,,,0,0,,,0,0,,0,0,0.0,0,,0,0,0,,,0.0,,0,0,0,0,0,0,,0,,,0,0,0.0,,,0,0,,,0,0,,0,0,0.0,0,,0,0,0,,,0.0,,0,0,0,0,0,0,,0,,,0,0,0.0,,,0,0,,,0,0,,0,0,0.0,0,,0,0,0,,,0.0,,0,0,0,0,0,0,,0,,,0,0,0.0,,,0,0,,,0,0,,0,0,0.0,0,,0,0,0,,,0.0,,0,0,0,0,0,0,,0,,100.0,1,1,100.0,4.0,2.6,0,0,0.0,100.0,1,0,0.0,1,0,0.03,0,61.0,0,0,1,100.0,,112.5,0.0,0,0,0,0,0,0,0.0,11,11.0,0,,0,0,0.0,,,0,0,,,0,0,,0,0,0.0,0,,0,0,0,,,0.0,,0,0,0,0,0,0,,0,,224,,0,0,0.0,,,0,0,,,0,0,,0,0,0.0,0,,0,0,0,,,0.0,,0,0,0,0,0,0,,0,,,0,0,0.0,,,0,0,,,0,0,,0,0,0.0,0,,0,0,0,,,0.0,,0,0,0,0,0,0,,0,,,0,0,0.0,,,0,0,,,0,0,,0,0,0.0,0,,0,0,0,,,0.0,,0,0,0,0,0,0,,0,,,0,0,0.0,,,0,0,,,0,0,,0,0,0.0,0,,0,0,0,,,0.0,,0,0,0,0,0,0,,0,,,0,0,0.0,,,0,0,,,0,0,,0,0,0.0,0,,0,0,0,,,0.0,,0,0,0,0,0,0,,0,,0,,0,0,0.0,,,0,0,,,0,0,,0,0,0.0,0,,0,0,0,,,0.0,,0,0,0,0,0,0,,0,,,0,0,0.0,,,0,0,,,0,0,,0,0,0.0,0,,0,0,0,,,0.0,,0,0,0,0,0,0,,0,,,0,0,0.0,,,0,0,,,0,0,,0,0,0.0,0,,0,0,0,,,0.0,,0,0,0,0,0,0,,0,,,0,0,0.0,,,0,0,,,0,0,,0,0,0.0,0,,0,0,0,,,0.0,,0,0,0,0,0,0,,0,,100.0,1,1,100.0,4.0,2.6,0,0,0.0,100.0,1,0,0.0,1,0,0.03,0,61.0,0,0,1,100.0,,112.5,0.0,0,0,0,0,0,0,0.0,11,11.0
Teddy Hoffmann,198966,WR,NC STATE,2,1,2,,0,0,0.0,,,0,0,,,0,0,,0,0,0.0,0,,0,0,0,,,0.0,,0,0,0,0,0,0,,0,,,0,0,0.0,,,0,0,,,0,0,,0,0,0.0,0,,0,0,0,,,0.0,,0,0,0,0,0,0,,0,,100.0,1,1,100.0,21.0,3.1,0,0,0.0,100.0,1,0,0.0,1,0,5.64,1,76.2,0,0,1,100.0,,158.3,0.0,0,0,0,0,1,0,0.0,59,59.0,,0,0,0.0,,,0,0,,,0,0,,0,0,0.0,0,,0,0,0,,,0.0,,0,0,0,0,0,0,,0,,,0,0,0.0,,,0,0,,,0,0,,0,0,0.0,0,,0,0,0,,,0.0,,0,0,0,0,0,0,,0,,0,100.0,1,1,100.0,21.0,3.1,0,0,0.0,100.0,1,0,0.0,1,0,5.64,1,76.2,0,0,1,100.0,,158.3,0.0,0,0,0,0,1,0,0.0,59,59.0,248,,0,0,0.0,,,0,0,,,0,0,,0,0,0.0,0,,0,0,0,,,0.0,,0,0,0,0,0,0,,0,,,0,0,0.0,,,0,0,,,0,0,,0,0,0.0,0,,0,0,0,,,0.0,,0,0,0,0,0,0,,0,,,0,0,0.0,,,0,0,,,0,0,,0,0,0.0,0,,0,0,0,,,0.0,,0,0,0,0,0,0,,0,,,0,0,0.0,,,0,0,,,0,0,,0,0,0.0,0,,0,0,0,,,0.0,,0,0,0,0,0,0,,0,,,0,0,0.0,,,0,0,,,0,0,,0,0,0.0,0,,0,0,0,,,0.0,,0,0,0,0,0,0,,0,,0,,0,0,0.0,,,0,0,,,0,0,,0,0,0.0,0,,0,0,0,,,0.0,,0,0,0,0,0,0,,0,,,0,0,0.0,,,0,0,,,0,0,,0,0,0.0,0,,0,0,0,,,0.0,,0,0,0,0,0,0,,0,,,0,0,0.0,,,0,0,,,0,0,,0,0,0.0,0,,0,0,0,,,0.0,,0,0,0,0,0,0,,0,,,0,0,0.0,,,0,0,,,0,0,,0,0,0.0,0,,0,0,0,,,0.0,,0,0,0,0,0,0,,0,,,0,0,0.0,,,0,0,,,0,0,,0,0,0.0,0,,0,0,0,,,0.0,,0,0,0,0,0,0,,0,
Nick DeGennaro,129503,WR,JAMES MAD,1,1,2,,0,0,0.0,,,0,0,,,0,0,,0,0,0.0,0,,0,0,0,,,0.0,,0,0,0,0,0,0,,0,,,0,0,0.0,,,0,0,,,0,0,,0,0,0.0,0,,0,0,0,,,0.0,,0,0,0,0,0,0,,0,,,0,0,0.0,,,0,0,,,0,0,,0,0,0.0,0,,0,0,0,,,0.0,,0,0,0,0,0,0,,0,,,0,0,0.0,,,0,0,,,0,0,,0,0,0.0,0,,0,0,0,,,0.0,,0,0,0,0,0,0,,0,,,0,0,0.0,,,0,0,,,0,0,,0,0,0.0,0,,0,0,0,,,0.0,,0,0,0,0,0,0,,0,,0,100.0,1,1,100.0,27.0,3.4,0,0,0.0,100.0,1,0,0.0,1,0,5.5,1,77.7,0,0,1,100.0,,118.8,0.0,0,0,0,0,0,0,0.0,50,50.0,197,,0,0,0.0,,,0,0,,,0,0,,0,0,0.0,0,,0,0,0,,,0.0,,0,0,0,0,0,0,,0,,100.0,1,1,100.0,27.0,3.4,0,0,0.0,100.0,1,0,0.0,1,0,5.5,1,77.7,0,0,1,100.0,,118.8,0.0,0,0,0,0,0,0,0.0,50,50.0,,0,0,0.0,,,0,0,,,0,0,,0,0,0.0,0,,0,0,0,,,0.0,,0,0,0,0,0,0,,0,,,0,0,0.0,,,0,0,,,0,0,,0,0,0.0,0,,0,0,0,,,0.0,,0,0,0,0,0,0,,0,,,0,0,0.0,,,0,0,,,0,0,,0,0,0.0,0,,0,0,0,,,0.0,,0,0,0,0,0,0,,0,,0,,0,0,0.0,,,0,0,,,0,0,,0,0,0.0,0,,0,0,0,,,0.0,,0,0,0,0,0,0,,0,,,0,0,0.0,,,0,0,,,0,0,,0,0,0.0,0,,0,0,0,,,0.0,,0,0,0,0,0,0,,0,,,0,0,0.0,,,0,0,,,0,0,,0,0,0.0,0,,0,0,0,,,0.0,,0,0,0,0,0,0,,0,,,0,0,0.0,,,0,0,,,0,0,,0,0,0.0,0,,0,0,0,,,0.0,,0,0,0,0,0,0,,0,,,0,0,0.0,,,0,0,,,0,0,,0,0,0.0,0,,0,0,0,,,0.0,,0,0,0,0,0,0,,0,
Jimmy Calloway,124274,WR,TULANE,2,2,2,,0,0,0.0,,,0,0,0.0,,0,0,,0,0,0.0,0,60.6,0,0,1,,,0.0,,0,0,0,0,0,0,0.0,0,,,0,0,0.0,,,0,0,,,0,0,,0,0,0.0,0,,0,0,0,,,0.0,,0,0,0,0,0,0,,0,,,0,0,0.0,,,0,0,,,0,0,,0,0,0.0,0,,0,0,0,,,0.0,,0,0,0,0,0,0,,0,,,0,0,0.0,,,0,0,,,0,0,,0,0,0.0,0,,0,0,0,,,0.0,,0,0,0,0,0,0,,0,,,0,0,0.0,,,0,0,,,0,0,,0,0,0.0,0,,0,0,0,,,0.0,,0,0,0,0,0,0,,0,,0,50.0,2,2,100.0,35.5,4.35,0,1,50.0,50.0,1,0,0.0,2,0,1.8,1,87.8,0,0,2,50.0,,135.4,0.0,0,0,0,0,1,0,0.0,42,21.0,319,,0,0,0.0,,,0,0,0.0,,0,0,,0,0,0.0,0,60.6,0,0,1,,,0.0,,0,0,0,0,0,0,0.0,0,,,0,0,0.0,,,0,0,,,0,0,,0,0,0.0,0,,0,0,0,,,0.0,,0,0,0,0,0,0,,0,,,0,0,0.0,,,0,0,,,0,0,,0,0,0.0,0,,0,0,0,,,0.0,,0,0,0,0,0,0,,0,,,0,0,0.0,,,0,0,,,0,0,,0,0,0.0,0,,0,0,0,,,0.0,,0,0,0,0,0,0,,0,,,0,0,0.0,,,0,0,,,0,0,,0,0,0.0,0,,0,0,0,,,0.0,,0,0,0,0,0,0,,0,,0,,0,0,0.0,,,0,0,,,0,0,,0,0,0.0,0,,0,0,0,,,0.0,,0,0,0,0,0,0,,0,,50.0,2,2,100.0,35.5,4.35,0,1,50.0,50.0,1,0,0.0,2,0,1.8,1,87.8,0,0,2,50.0,,135.4,0.0,0,0,0,0,1,0,0.0,42,21.0,,0,0,0.0,,,0,0,,,0,0,,0,0,0.0,0,,0,0,0,,,0.0,,0,0,0,0,0,0,,0,,,0,0,0.0,,,0,0,,,0,0,,0,0,0.0,0,,0,0,0,,,0.0,,0,0,0,0,0,0,,0,,,0,0,0.0,,,0,0,,,0,0,,0,0,0.0,0,,0,0,0,,,0.0,,0,0,0,0,0,0,,0,
Tavien St. Clair,199863,QB,OHIO STATE,1,2,2,,0,0,0.0,,,0,0,,,0,0,,0,0,0.0,0,,0,0,0,,,0.0,,0,0,0,0,0,0,,0,,,0,0,0.0,,,0,0,,,0,0,,0,0,0.0,0,,0,0,0,,,0.0,,0,0,0,0,0,0,,0,,,0,0,0.0,,,0,0,,,0,0,,0,0,0.0,0,,0,0,0,,,0.0,,0,0,0,0,0,0,,0,,,0,0,0.0,,,0,0,,,0,0,,0,0,0.0,0,,0,0,0,,,0.0,,0,0,0,0,0,0,,0,,100.0,1,1,50.0,7.0,2.2,0,0,0.0,0.0,0,0,100.0,1,1,-1.72,0,54.1,0,0,1,0.0,,39.6,0.0,0,0,0,0,0,0,0.0,0,0.0,0,,0,0,0.0,,,0,0,,,0,0,,0,0,0.0,0,,0,0,0,,,0.0,,0,0,0,0,0,0,,0,,260,,0,0,0.0,,,0,0,,,0,0,,0,0,0.0,0,,0,0,0,,,0.0,,0,0,0,0,0,0,,0,,,0,0,0.0,,,0,0,,,0,0,,0,0,0.0,0,,0,0,0,,,0.0,,0,0,0,0,0,0,,0,,,0,0,0.0,,,0,0,,,0,0,,0,0,0.0,0,,0,0,0,,,0.0,,0,0,0,0,0,0,,0,,,0,0,0.0,,,0,0,,,0,0,,0,0,0.0,0,,0,0,0,,,0.0,,0,0,0,0,0,0,,0,,,0,0,0.0,,,0,0,,,0,0,,0,0,0.0,0,,0,0,0,,,0.0,,0,0,0,0,0,0,,0,,0,,0,0,0.0,,,0,0,,,0,0,,0,0,0.0,0,,0,0,0,,,0.0,,0,0,0,0,0,0,,0,,,0,0,0.0,,,0,0,,,0,0,,0,0,0.0,0,,0,0,0,,,0.0,,0,0,0,0,0,0,,0,,,0,0,0.0,,,0,0,,,0,0,,0,0,0.0,0,,0,0,0,,,0.0,,0,0,0,0,0,0,,0,,0.0,1,1,50.0,7.0,3.2,0,0,0.0,0.0,0,0,,1,0,-0.83,0,53.9,0,0,1,0.0,,39.6,0.0,0,0,0,0,0,0,0.0,0,0.0,50.0,2,2,100.0,7.0,2.7,0,0,0.0,0.0,0,0,100.0,2,1,-1.28,0,49.0,0,0,2,0.0,,39.6,0.0,0,0,0,0,0,0,0.0,0,0.0
Marcus Bellon,104082,WR,NEVADA,2,2,2,,0,0,0.0,,,0,0,,,0,0,,0,0,0.0,0,,0,0,0,,,0.0,,0,0,0,0,0,0,,0,,,0,0,0.0,,,0,0,,,0,0,,0,0,0.0,0,,0,0,0,,,0.0,,0,0,0,0,0,0,,0,,,0,0,0.0,,,0,0,,,0,0,,0,0,0.0,0,,0,0,0,,,0.0,,0,0,0,0,0,0,,0,,,0,0,0.0,,,0,0,,,0,0,,0,0,0.0,0,,0,0,0,,,0.0,,0,0,0,0,0,0,,0,,,0,0,0.0,,,0,0,,,0,0,,0,0,0.0,0,,0,0,0,,,0.0,,0,0,0,0,0,0,,0,,0,,0,0,0.0,,,0,0,,,0,0,,0,0,0.0,0,,0,0,0,,,0.0,,0,0,0,0,0,0,,0,,239,,0,0,0.0,,,0,0,,,0,0,,0,0,0.0,0,,0,0,0,,,0.0,,0,0,0,0,0,0,,0,,,0,0,0.0,,,0,0,,,0,0,,0,0,0.0,0,,0,0,0,,,0.0,,0,0,0,0,0,0,,0,,0.0,1,1,50.0,18.0,3.1,0,0,0.0,0.0,0,0,,1,0,-0.63,0,54.8,0,0,1,0.0,,39.6,0.0,0,0,0,0,0,0,0.0,0,0.0,,0,0,0.0,,,0,0,,,0,0,,0,0,0.0,0,,0,0,0,,,0.0,,0,0,0,0,0,0,,0,,0.0,1,1,50.0,18.0,3.1,0,0,0.0,0.0,0,0,,1,0,-0.63,0,54.8,0,0,1,0.0,,39.6,0.0,0,0,0,0,0,0,0.0,0,0.0,0,,0,0,0.0,,,0,0,,,0,0,,0,0,0.0,0,,0,0,0,,,0.0,,0,0,0,0,0,0,,0,,,0,0,0.0,,,0,0,,,0,0,,0,0,0.0,0,,0,0,0,,,0.0,,0,0,0,0,0,0,,0,,,0,0,0.0,,,0,0,,,0,0,,0,0,0.0,0,,0,0,0,,,0.0,,0,0,0,0,0,0,,0,,,0,0,0.0,,,0,0,,,0,0,,0,0,0.0,0,,0,0,0,,,0.0,,0,0,0,0,0,0,,0,,,0,0,0.0,,,0,0,,,0,0,,0,0,0.0,0,,0,0,0,,,0.0,,0,0,0,0,0,0,,0,
Cole Geer,200287,QB,VIRGINIA,1,2,2,100.0,1,1,50.0,-4.0,0.8,0,0,0.0,100.0,1,0,0.0,1,0,-1.16,0,60.6,0,0,1,0.0,,79.2,0.0,0,0,0,0,0,0,0.0,-2,-2.0,100.0,1,1,50.0,-4.0,0.8,0,0,0.0,100.0,1,0,0.0,1,0,-1.16,0,60.6,0,0,1,0.0,,79.2,0.0,0,0,0,0,0,0,0.0,-2,-2.0,,0,0,0.0,,,0,0,,,0,0,,0,0,0.0,0,,0,0,0,,,0.0,,0,0,0,0,0,0,,0,,,0,0,0.0,,,0,0,,,0,0,,0,0,0.0,0,,0,0,0,,,0.0,,0,0,0,0,0,0,,0,,100.0,1,1,50.0,8.0,2.3,0,0,0.0,100.0,1,0,0.0,1,0,1.64,1,71.9,0,0,1,100.0,,108.3,0.0,0,0,0,0,0,0,0.0,10,10.0,0,,0,0,0.0,,,0,0,,,0,0,,0,0,0.0,0,,0,0,0,,,0.0,,0,0,0,0,0,0,,0,,335,,0,0,0.0,,,0,0,,,0,0,,0,0,0.0,0,,0,0,0,,,0.0,,0,0,0,0,0,0,,0,,,0,0,0.0,,,0,0,,,0,0,,0,0,0.0,0,,0,0,0,,,0.0,,0,0,0,0,0,0,,0,,,0,0,0.0,,,0,0,,,0,0,,0,0,0.0,0,,0,0,0,,,0.0,,0,0,0,0,0,0,,0,,,0,0,0.0,,,0,0,,,0,0,,0,0,0.0,0,,0,0,0,,,0.0,,0,0,0,0,0,0,,0,,,0,0,0.0,,,0,0,,,0,0,,0,0,0.0,0,,0,0,0,,,0.0,,0,0,0,0,0,0,,0,,0,,0,0,0.0,,,0,0,,,0,0,,0,0,0.0,0,,0,0,0,,,0.0,,0,0,0,0,0,0,,0,,,0,0,0.0,,,0,0,,,0,0,,0,0,0.0,0,,0,0,0,,,0.0,,0,0,0,0,0,0,,0,,,0,0,0.0,,,0,0,,,0,0,,0,0,0.0,0,,0,0,0,,,0.0,,0,0,0,0,0,0,,0,,,0,0,0.0,,,0,0,,,0,0,,0,0,0.0,0,,0,0,0,,,0.0,,0,0,0,0,0,0,,0,,100.0,1,1,50.0,8.0,2.3,0,0,0.0,100.0,1,0,0.0,1,0,1.64,1,71.9,0,0,1,100.0,,108.3,0.0,0,0,0,0,0,0,0.0,10,10.0
Kyre Duplessis,147082,WR,DELAWARE,2,0,1,,0,0,,,,0,0,,,0,0,,0,0,0.0,0,,0,0,0,,,0.0,,0,0,0,0,0,0,,0,,,0,0,,,,0,0,,,0,0,,0,0,0.0,0,,0,0,0,,,0.0,,0,0,0,0,0,0,,0,,,0,0,,,,0,0,,,0,0,,0,0,0.0,0,,0,0,0,,,0.0,,0,0,0,0,0,0,,0,,,0,0,,,,0,0,,,0,0,,0,0,0.0,0,,0,0,0,,,0.0,,0,0,0,0,0,0,,0,,,0,0,,,,0,0,,,0,0,,0,0,0.0,0,,0,0,0,,,0.0,,0,0,0,0,0,0,,0,,0,,0,0,,,,0,0,,,0,0,,0,0,0.0,0,,0,0,0,,,0.0,,0,0,0,0,0,0,,0,,151,,0,0,,,,0,0,,,0,0,,0,0,0.0,0,,0,0,0,,,0.0,,0,0,0,0,0,0,,0,,,0,0,,,,0,0,,,0,0,,0,0,0.0,0,,0,0,0,,,0.0,,0,0,0,0,0,0,,0,,,0,0,,,,0,0,,,0,0,,0,0,0.0,0,,0,0,0,,,0.0,,0,0,0,0,0,0,,0,,,0,0,,,,0,0,,,0,0,,0,0,0.0,0,,0,0,0,,,0.0,,0,0,0,0,0,0,,0,,,0,0,,,,0,0,,,0,0,,0,0,0.0,0,,0,0,0,,,0.0,,0,0,0,0,0,0,,0,,0,,0,0,,,,0,0,,,0,0,,0,0,0.0,0,,0,0,0,,,0.0,,0,0,0,0,0,0,,0,,,0,0,,,,0,0,,,0,0,,0,0,0.0,0,,0,0,0,,,0.0,,0,0,0,0,0,0,,0,,,0,0,,,,0,0,,,0,0,,0,0,0.0,0,,0,0,0,,,0.0,,0,0,0,0,0,0,,0,,,0,0,,,,0,0,0.0,,0,0,,0,0,0.0,0,74.6,0,0,1,,,0.0,,0,0,0,0,0,0,0.0,0,,,0,0,,,,0,0,0.0,,0,0,,0,0,0.0,0,74.6,0,0,1,,,0.0,,0,0,0,0,0,0,0.0,0,
Jordan Shipp,183338,WR,N CAROLINA,1,1,1,,0,0,0.0,,,0,0,,,0,0,,0,0,0.0,0,,0,0,0,,,0.0,,0,0,0,0,0,0,,0,,,0,0,0.0,,,0,0,,,0,0,,0,0,0.0,0,,0,0,0,,,0.0,,0,0,0,0,0,0,,0,,,0,0,0.0,,,0,0,,,0,0,,0,0,0.0,0,,0,0,0,,,0.0,,0,0,0,0,0,0,,0,,,0,0,0.0,,,0,0,,,0,0,,0,0,0.0,0,,0,0,0,,,0.0,,0,0,0,0,0,0,,0,,,0,0,0.0,,,0,0,,,0,0,,0,0,0.0,0,,0,0,0,,,0.0,,0,0,0,0,0,0,,0,,0,0.0,1,1,100.0,28.0,3.1,0,0,0.0,0.0,0,0,,1,0,-0.68,0,50.8,0,0,1,0.0,,39.6,0.0,0,0,0,0,0,0,0.0,0,0.0,245,,0,0,0.0,,,0,0,,,0,0,,0,0,0.0,0,,0,0,0,,,0.0,,0,0,0,0,0,0,,0,,0.0,1,1,100.0,28.0,3.1,0,0,0.0,0.0,0,0,,1,0,-0.68,0,50.8,0,0,1,0.0,,39.6,0.0,0,0,0,0,0,0,0.0,0,0.0,,0,0,0.0,,,0,0,,,0,0,,0,0,0.0,0,,0,0,0,,,0.0,,0,0,0,0,0,0,,0,,,0,0,0.0,,,0,0,,,0,0,,0,0,0.0,0,,0,0,0,,,0.0,,0,0,0,0,0,0,,0,,,0,0,0.0,,,0,0,,,0,0,,0,0,0.0,0,,0,0,0,,,0.0,,0,0,0,0,0,0,,0,,0,,0,0,0.0,,,0,0,,,0,0,,0,0,0.0,0,,0,0,0,,,0.0,,0,0,0,0,0,0,,0,,,0,0,0.0,,,0,0,,,0,0,,0,0,0.0,0,,0,0,0,,,0.0,,0,0,0,0,0,0,,0,,,0,0,0.0,,,0,0,,,0,0,,0,0,0.0,0,,0,0,0,,,0.0,,0,0,0,0,0,0,,0,,,0,0,0.0,,,0,0,,,0,0,,0,0,0.0,0,,0,0,0,,,0.0,,0,0,0,0,0,0,,0,,,0,0,0.0,,,0,0,,,0,0,,0,0,0.0,0,,0,0,0,,,0.0,,0,0,0,0,0,0,,0,
Jojo Stone,183321,WR,FIU,1,1,1,,0,0,0.0,,,0,0,,,0,0,,0,0,0.0,0,,0,0,0,,,0.0,,0,0,0,0,0,0,,0,,,0,0,0.0,,,0,0,,,0,0,,0,0,0.0,0,,0,0,0,,,0.0,,0,0,0,0,0,0,,0,,,0,0,0.0,,,0,0,,,0,0,,0,0,0.0,0,,0,0,0,,,0.0,,0,0,0,0,0,0,,0,,,0,0,0.0,,,0,0,,,0,0,,0,0,0.0,0,,0,0,0,,,0.0,,0,0,0,0,0,0,,0,,,0,0,0.0,,,0,0,,,0,0,,0,0,0.0,0,,0,0,0,,,0.0,,0,0,0,0,0,0,,0,,0,,0,0,0.0,,,0,0,,,0,0,,0,0,0.0,0,,0,0,0,,,0.0,,0,0,0,0,0,0,,0,,166,,0,0,0.0,,,0,0,,,0,0,,0,0,0.0,0,,0,0,0,,,0.0,,0,0,0,0,0,0,,0,,,0,0,0.0,,,0,0,,,0,0,,0,0,0.0,0,,0,0,0,,,0.0,,0,0,0,0,0,0,,0,,,0,0,0.0,,,0,0,,,0,0,,0,0,0.0,0,,0,0,0,,,0.0,,0,0,0,0,0,0,,0,,,0,0,0.0,,,0,0,,,0,0,,0,0,0.0,0,,0,0,0,,,0.0,,0,0,0,0,0,0,,0,,0.0,1,1,100.0,10.0,3.6,0,0,0.0,0.0,0,1,,1,0,-0.63,0,54.8,0,0,1,0.0,0.0,39.6,0.0,0,0,0,0,0,0,0.0,0,0.0,0,,0,0,0.0,,,0,0,,,0,0,,0,0,0.0,0,,0,0,0,,,0.0,,0,0,0,0,0,0,,0,,,0,0,0.0,,,0,0,,,0,0,,0,0,0.0,0,,0,0,0,,,0.0,,0,0,0,0,0,0,,0,,0.0,1,1,100.0,10.0,3.6,0,0,0.0,0.0,0,1,,1,0,-0.63,0,54.8,0,0,1,0.0,0.0,39.6,0.0,0,0,0,0,0,0,0.0,0,0.0,,0,0,0.0,,,0,0,,,0,0,,0,0,0.0,0,,0,0,0,,,0.0,,0,0,0,0,0,0,,0,,,0,0,0.0,,,0,0,,,0,0,,0,0,0.0,0,,0,0,0,,,0.0,,0,0,0,0,0,0,,0,
Jayden Bradford,184684,QB,LIBERTY,1,1,1,,0,0,0.0,,,0,0,,,0,0,,0,0,0.0,0,,0,0,0,,,0.0,,0,0,0,0,0,0,,0,,,0,0,0.0,,,0,0,,,0,0,,0,0,0.0,0,,0,0,0,,,0.0,,0,0,0,0,0,0,,0,,,0,0,0.0,,,0,0,,,0,0,,0,0,0.0,0,,0,0,0,,,0.0,,0,0,0,0,0,0,,0,,,0,0,0.0,,,0,0,,,0,0,,0,0,0.0,0,,0,0,0,,,0.0,,0,0,0,0,0,0,,0,,,0,0,0.0,,,0,0,,,0,0,,0,0,0.0,0,,0,0,0,,,0.0,,0,0,0,0,0,0,,0,,0,,0,0,0.0,,,0,0,,,0,0,,0,0,0.0,0,,0,0,0,,,0.0,,0,0,0,0,0,0,,0,,206,,0,0,0.0,,,0,0,,,0,0,,0,0,0.0,0,,0,0,0,,,0.0,,0,0,0,0,0,0,,0,,,0,0,0.0,,,0,0,,,0,0,,0,0,0.0,0,,0,0,0,,,0.0,,0,0,0,0,0,0,,0,,,0,0,0.0,,,0,0,,,0,0,,0,0,0.0,0,,0,0,0,,,0.0,,0,0,0,0,0,0,,0,,,0,0,0.0,,,0,0,,,0,0,,0,0,0.0,0,,0,0,0,,,0.0,,0,0,0,0,0,0,,0,,,0,0,0.0,,,0,0,,,0,0,,0,0,0.0,0,,0,0,0,,,0.0,,0,0,0,0,0,0,,0,,0,,0,0,0.0,,,0,0,,,0,0,,0,0,0.0,0,,0,0,0,,,0.0,,0,0,0,0,0,0,,0,,,0,0,0.0,,,0,0,,,0,0,,0,0,0.0,0,,0,0,0,,,0.0,,0,0,0,0,0,0,,0,,,0,0,0.0,,,0,0,,,0,0,,0,0,0.0,0,,0,0,0,,,0.0,,0,0,0,0,0,0,,0,,100.0,1,1,100.0,6.0,2.4,0,0,0.0,100.0,1,0,0.0,1,0,2.91,1,71.5,0,0,1,100.0,,118.8,0.0,0,0,0,0,0,0,0.0,18,18.0,100.0,1,1,100.0,6.0,2.4,0,0,0.0,100.0,1,0,0.0,1,0,2.91,1,71.5,0,0,1,100.0,,118.8,0.0,0,0,0,0,0,0,0.0,18,18.0
Eli Stowers,147013,TE,VANDERBILT,1,0,1,,0,0,,,,0,0,,,0,0,,0,0,0.0,0,,0,0,0,,,0.0,,0,0,0,0,0,0,,0,,,0,0,,,,0,0,,,0,0,,0,0,0.0,0,,0,0,0,,,0.0,,0,0,0,0,0,0,,0,,,0,0,,,,0,0,,,0,0,,0,0,0.0,0,,0,0,0,,,0.0,,0,0,0,0,0,0,,0,,,0,0,,,,0,0,,,0,0,,0,0,0.0,0,,0,0,0,,,0.0,,0,0,0,0,0,0,,0,,,0,0,,,,0,0,,,0,0,,0,0,0.0,0,,0,0,0,,,0.0,,0,0,0,0,0,0,,0,,0,,0,0,,,,0,0,,,0,0,,0,0,0.0,0,,0,0,0,,,0.0,,0,0,0,0,0,0,,0,,333,,0,0,,,,0,0,,,0,0,,0,0,0.0,0,,0,0,0,,,0.0,,0,0,0,0,0,0,,0,,,0,0,,,,0,0,,,0,0,,0,0,0.0,0,,0,0,0,,,0.0,,0,0,0,0,0,0,,0,,,0,0,,,,0,0,,,0,0,,0,0,0.0,0,,0,0,0,,,0.0,,0,0,0,0,0,0,,0,,,0,0,,,,0,0,,,0,0,,0,0,0.0,0,,0,0,0,,,0.0,,0,0,0,0,0,0,,0,,,0,0,,,,0,0,,,0,0,,0,0,0.0,0,,0,0,0,,,0.0,,0,0,0,0,0,0,,0,,0,,0,0,,,,0,0,,,0,0,,0,0,0.0,0,,0,0,0,,,0.0,,0,0,0,0,0,0,,0,,,0,0,,,,0,0,,,0,0,,0,0,0.0,0,,0,0,0,,,0.0,,0,0,0,0,0,0,,0,,,0,0,,,,0,0,,,0,0,,0,0,0.0,0,,0,0,0,,,0.0,,0,0,0,0,0,0,,0,,,0,0,,,,0,0,,,0,0,,0,0,0.0,0,,0,0,0,,,0.0,,0,0,0,0,0,0,,0,,,0,0,,,,0,0,,,0,0,,0,0,0.0,0,,0,0,0,,,0.0,,0,0,0,0,0,0,,0,
Brady Kluse,184714,WR,MEMPHIS,1,1,1,100.0,1,1,100.0,-6.0,2.7,0,0,0.0,100.0,1,0,0.0,1,0,1.4,1,60.6,0,0,1,100.0,,118.8,0.0,0,0,0,0,0,0,0.0,14,14.0,100.0,1,1,100.0,-6.0,2.7,0,0,0.0,100.0,1,0,0.0,1,0,1.4,1,60.6,0,0,1,100.0,,118.8,0.0,0,0,0,0,0,0,0.0,14,14.0,,0,0,0.0,,,0,0,,,0,0,,0,0,0.0,0,,0,0,0,,,0.0,,0,0,0,0,0,0,,0,,,0,0,0.0,,,0,0,,,0,0,,0,0,0.0,0,,0,0,0,,,0.0,,0,0,0,0,0,0,,0,,,0,0,0.0,,,0,0,,,0,0,,0,0,0.0,0,,0,0,0,,,0.0,,0,0,0,0,0,0,,0,,0,,0,0,0.0,,,0,0,,,0,0,,0,0,0.0,0,,0,0,0,,,0.0,,0,0,0,0,0,0,,0,,218,,0,0,0.0,,,0,0,,,0,0,,0,0,0.0,0,,0,0,0,,,0.0,,0,0,0,0,0,0,,0,,,0,0,0.0,,,0,0,,,0,0,,0,0,0.0,0,,0,0,0,,,0.0,,0,0,0,0,0,0,,0,,,0,0,0.0,,,0,0,,,0,0,,0,0,0.0,0,,0,0,0,,,0.0,,0,0,0,0,0,0,,0,,,0,0,0.0,,,0,0,,,0,0,,0,0,0.0,0,,0,0,0,,,0.0,,0,0,0,0,0,0,,0,,,0,0,0.0,,,0,0,,,0,0,,0,0,0.0,0,,0,0,0,,,0.0,,0,0,0,0,0,0,,0,,0,,0,0,0.0,,,0,0,,,0,0,,0,0,0.0,0,,0,0,0,,,0.0,,0,0,0,0,0,0,,0,,,0,0,0.0,,,0,0,,,0,0,,0,0,0.0,0,,0,0,0,,,0.0,,0,0,0,0,0,0,,0,,,0,0,0.0,,,0,0,,,0,0,,0,0,0.0,0,,0,0,0,,,0.0,,0,0,0,0,0,0,,0,,,0,0,0.0,,,0,0,,,0,0,,0,0,0.0,0,,0,0,0,,,0.0,,0,0,0,0,0,0,,0,,,0,0,0.0,,,0,0,,,0,0,,0,0,0.0,0,,0,0,0,,,0.0,,0,0,0,0,0,0,,0,
Trever Jackson,183303,QB,ARKANSAS,1,1,1,,0,0,0.0,,,0,0,,,0,0,,0,0,0.0,0,,0,0,0,,,0.0,,0,0,0,0,0,0,,0,,,0,0,0.0,,,0,0,,,0,0,,0,0,0.0,0,,0,0,0,,,0.0,,0,0,0,0,0,0,,0,,,0,0,0.0,,,0,0,,,0,0,,0,0,0.0,0,,0,0,0,,,0.0,,0,0,0,0,0,0,,0,,,0,0,0.0,,,0,0,,,0,0,,0,0,0.0,0,,0,0,0,,,0.0,,0,0,0,0,0,0,,0,,100.0,1,1,100.0,4.0,2.7,0,0,0.0,0.0,0,0,100.0,1,1,-1.34,0,61.0,0,0,1,0.0,,39.6,0.0,0,0,0,0,0,0,0.0,0,0.0,0,,0,0,0.0,,,0,0,,,0,0,,0,0,0.0,0,,0,0,0,,,0.0,,0,0,0,0,0,0,,0,,111,,0,0,0.0,,,0,0,,,0,0,,0,0,0.0,0,,0,0,0,,,0.0,,0,0,0,0,0,0,,0,,,0,0,0.0,,,0,0,,,0,0,,0,0,0.0,0,,0,0,0,,,0.0,,0,0,0,0,0,0,,0,,,0,0,0.0,,,0,0,,,0,0,,0,0,0.0,0,,0,0,0,,,0.0,,0,0,0,0,0,0,,0,,,0,0,0.0,,,0,0,,,0,0,,0,0,0.0,0,,0,0,0,,,0.0,,0,0,0,0,0,0,,0,,,0,0,0.0,,,0,0,,,0,0,,0,0,0.0,0,,0,0,0,,,0.0,,0,0,0,0,0,0,,0,,0,,0,0,0.0,,,0,0,,,0,0,,0,0,0.0,0,,0,0,0,,,0.0,,0,0,0,0,0,0,,0,,,0,0,0.0,,,0,0,,,0,0,,0,0,0.0,0,,0,0,0,,,0.0,,0,0,0,0,0,0,,0,,,0,0,0.0,,,0,0,,,0,0,,0,0,0.0,0,,0,0,0,,,0.0,,0,0,0,0,0,0,,0,,,0,0,0.0,,,0,0,,,0,0,,0,0,0.0,0,,0,0,0,,,0.0,,0,0,0,0,0,0,,0,,100.0,1,1,100.0,4.0,2.7,0,0,0.0,0.0,0,0,100.0,1,1,-1.34,0,61.0,0,0,1,0.0,,39.6,0.0,0,0,0,0,0,0,0.0,0,0.0
Tommy Lock,146875,QB,MISSOURI,1,1,1,,0,0,0.0,,,0,0,,,0,0,,0,0,0.0,0,,0,0,0,,,0.0,,0,0,0,0,0,0,,0,,,0,0,0.0,,,0,0,,,0,0,,0,0,0.0,0,,0,0,0,,,0.0,,0,0,0,0,0,0,,0,,,0,0,0.0,,,0,0,,,0,0,,0,0,0.0,0,,0,0,0,,,0.0,,0,0,0,0,0,0,,0,,,0,0,0.0,,,0,0,,,0,0,,0,0,0.0,0,,0,0,0,,,0.0,,0,0,0,0,0,0,,0,,,0,0,0.0,,,0,0,,,0,0,,0,0,0.0,0,,0,0,0,,,0.0,,0,0,0,0,0,0,,0,,0,,0,0,0.0,,,0,0,,,0,0,,0,0,0.0,0,,0,0,0,,,0.0,,0,0,0,0,0,0,,0,,229,,0,0,0.0,,,0,0,,,0,0,,0,0,0.0,0,,0,0,0,,,0.0,,0,0,0,0,0,0,,0,,,0,0,0.0,,,0,0,,,0,0,,0,0,0.0,0,,0,0,0,,,0.0,,0,0,0,0,0,0,,0,,,0,0,0.0,,,0,0,,,0,0,,0,0,0.0,0,,0,0,0,,,0.0,,0,0,0,0,0,0,,0,,0.0,1,1,100.0,6.0,1.7,0,0,0.0,0.0,0,0,,1,0,-1.3,0,53.7,0,0,1,0.0,,39.6,0.0,0,0,0,0,0,0,0.0,0,0.0,,0,0,0.0,,,0,0,,,0,0,,0,0,0.0,0,,0,0,0,,,0.0,,0,0,0,0,0,0,,0,,0,,0,0,0.0,,,0,0,,,0,0,,0,0,0.0,0,,0,0,0,,,0.0,,0,0,0,0,0,0,,0,,,0,0,0.0,,,0,0,,,0,0,,0,0,0.0,0,,0,0,0,,,0.0,,0,0,0,0,0,0,,0,,,0,0,0.0,,,0,0,,,0,0,,0,0,0.0,0,,0,0,0,,,0.0,,0,0,0,0,0,0,,0,,,0,0,0.0,,,0,0,,,0,0,,0,0,0.0,0,,0,0,0,,,0.0,,0,0,0,0,0,0,,0,,0.0,1,1,100.0,6.0,1.7,0,0,0.0,0.0,0,0,,1,0,-1.3,0,53.7,0,0,1,0.0,,39.6,0.0,0,0,0,0,0,0,0.0,0,0.0
AJ Maddox,184744,QB,OLE MISS,1,1,1,,0,0,0.0,,,0,0,,,0,0,,0,0,0.0,0,,0,0,0,,,0.0,,0,0,0,0,0,0,,0,,,0,0,0.0,,,0,0,,,0,0,,0,0,0.0,0,,0,0,0,,,0.0,,0,0,0,0,0,0,,0,,,0,0,0.0,,,0,0,,,0,0,,0,0,0.0,0,,0,0,0,,,0.0,,0,0,0,0,0,0,,0,,,0,0,0.0,,,0,0,,,0,0,,0,0,0.0,0,,0,0,0,,,0.0,,0,0,0,0,0,0,,0,,100.0,1,1,100.0,3.0,1.5,0,0,0.0,100.0,1,0,0.0,1,0,1.1,1,60.4,0,0,1,100.0,,118.8,0.0,0,0,0,0,0,0,0.0,19,19.0,0,,0,0,0.0,,,0,0,,,0,0,,0,0,0.0,0,,0,0,0,,,0.0,,0,0,0,0,0,0,,0,,226,,0,0,0.0,,,0,0,,,0,0,,0,0,0.0,0,,0,0,0,,,0.0,,0,0,0,0,0,0,,0,,,0,0,0.0,,,0,0,,,0,0,,0,0,0.0,0,,0,0,0,,,0.0,,0,0,0,0,0,0,,0,,,0,0,0.0,,,0,0,,,0,0,,0,0,0.0,0,,0,0,0,,,0.0,,0,0,0,0,0,0,,0,,,0,0,0.0,,,0,0,,,0,0,,0,0,0.0,0,,0,0,0,,,0.0,,0,0,0,0,0,0,,0,,,0,0,0.0,,,0,0,,,0,0,,0,0,0.0,0,,0,0,0,,,0.0,,0,0,0,0,0,0,,0,,0,,0,0,0.0,,,0,0,,,0,0,,0,0,0.0,0,,0,0,0,,,0.0,,0,0,0,0,0,0,,0,,,0,0,0.0,,,0,0,,,0,0,,0,0,0.0,0,,0,0,0,,,0.0,,0,0,0,0,0,0,,0,,,0,0,0.0,,,0,0,,,0,0,,0,0,0.0,0,,0,0,0,,,0.0,,0,0,0,0,0,0,,0,,,0,0,0.0,,,0,0,,,0,0,,0,0,0.0,0,,0,0,0,,,0.0,,0,0,0,0,0,0,,0,,100.0,1,1,100.0,3.0,1.5,0,0,0.0,100.0,1,0,0.0,1,0,1.1,1,60.4,0,0,1,100.0,,118.8,0.0,0,0,0,0,0,0,0.0,19,19.0
Marshall Nichols,146864,P,GA TECH,1,1,1,,0,0,0.0,,,0,0,,,0,0,,0,0,0.0,0,,0,0,0,,,0.0,,0,0,0,0,0,0,,0,,,0,0,0.0,,,0,0,,,0,0,,0,0,0.0,0,,0,0,0,,,0.0,,0,0,0,0,0,0,,0,,,0,0,0.0,,,0,0,,,0,0,,0,0,0.0,0,,0,0,0,,,0.0,,0,0,0,0,0,0,,0,,,0,0,0.0,,,0,0,,,0,0,,0,0,0.0,0,,0,0,0,,,0.0,,0,0,0,0,0,0,,0,,,0,0,0.0,,,0,0,,,0,0,,0,0,0.0,0,,0,0,0,,,0.0,,0,0,0,0,0,0,,0,,0,,0,0,0.0,,,0,0,,,0,0,,0,0,0.0,0,,0,0,0,,,0.0,,0,0,0,0,0,0,,0,,176,,0,0,0.0,,,0,0,,,0,0,,0,0,0.0,0,,0,0,0,,,0.0,,0,0,0,0,0,0,,0,,,0,0,0.0,,,0,0,,,0,0,,0,0,0.0,0,,0,0,0,,,0.0,,0,0,0,0,0,0,,0,,,0,0,0.0,,,0,0,,,0,0,,0,0,0.0,0,,0,0,0,,,0.0,,0,0,0,0,0,0,,0,,,0,0,0.0,,,0,0,,,0,0,,0,0,0.0,0,,0,0,0,,,0.0,,0,0,0,0,0,0,,0,,,0,0,0.0,,,0,0,,,0,0,,0,0,0.0,0,,0,0,0,,,0.0,,0,0,0,0,0,0,,0,,0,,0,0,0.0,,,0,0,,,0,0,,0,0,0.0,0,,0,0,0,,,0.0,,0,0,0,0,0,0,,0,,,0,0,0.0,,,0,0,,,0,0,,0,0,0.0,0,,0,0,0,,,0.0,,0,0,0,0,0,0,,0,,,0,0,0.0,,,0,0,,,0,0,,0,0,0.0,0,,0,0,0,,,0.0,,0,0,0,0,0,0,,0,,100.0,1,1,100.0,5.0,1.9,0,0,0.0,100.0,1,0,0.0,1,0,-2.66,0,54.4,0,0,1,0.0,,87.5,0.0,0,0,0,0,0,0,0.0,5,5.0,100.0,1,1,100.0,5.0,1.9,0,0,0.0,100.0,1,0,0.0,1,0,-2.66,0,54.4,0,0,1,0.0,,87.5,0.0,0,0,0,0,0,0,0.0,5,5.0
John White,184784,QB,SO MISS,1,1,1,100.0,1,1,100.0,-4.0,1.4,0,0,0.0,100.0,1,0,0.0,1,0,-1.57,0,60.4,0,0,1,0.0,,79.2,0.0,0,0,0,0,0,0,0.0,-1,-1.0,100.0,1,1,100.0,-4.0,1.4,0,0,0.0,100.0,1,0,0.0,1,0,-1.57,0,60.4,0,0,1,0.0,,79.2,0.0,0,0,0,0,0,0,0.0,-1,-1.0,,0,0,0.0,,,0,0,,,0,0,,0,0,0.0,0,,0,0,0,,,0.0,,0,0,0,0,0,0,,0,,,0,0,0.0,,,0,0,,,0,0,,0,0,0.0,0,,0,0,0,,,0.0,,0,0,0,0,0,0,,0,,,0,0,0.0,,,0,0,,,0,0,,0,0,0.0,0,,0,0,0,,,0.0,,0,0,0,0,0,0,,0,,0,,0,0,0.0,,,0,0,,,0,0,,0,0,0.0,0,,0,0,0,,,0.0,,0,0,0,0,0,0,,0,,296,,0,0,0.0,,,0,0,,,0,0,,0,0,0.0,0,,0,0,0,,,0.0,,0,0,0,0,0,0,,0,,,0,0,0.0,,,0,0,,,0,0,,0,0,0.0,0,,0,0,0,,,0.0,,0,0,0,0,0,0,,0,,,0,0,0.0,,,0,0,,,0,0,,0,0,0.0,0,,0,0,0,,,0.0,,0,0,0,0,0,0,,0,,,0,0,0.0,,,0,0,,,0,0,,0,0,0.0,0,,0,0,0,,,0.0,,0,0,0,0,0,0,,0,,,0,0,0.0,,,0,0,,,0,0,,0,0,0.0,0,,0,0,0,,,0.0,,0,0,0,0,0,0,,0,,0,,0,0,0.0,,,0,0,,,0,0,,0,0,0.0,0,,0,0,0,,,0.0,,0,0,0,0,0,0,,0,,,0,0,0.0,,,0,0,,,0,0,,0,0,0.0,0,,0,0,0,,,0.0,,0,0,0,0,0,0,,0,,,0,0,0.0,,,0,0,,,0,0,,0,0,0.0,0,,0,0,0,,,0.0,,0,0,0,0,0,0,,0,,,0,0,0.0,,,0,0,,,0,0,,0,0,0.0,0,,0,0,0,,,0.0,,0,0,0,0,0,0,,0,,,0,0,0.0,,,0,0,,,0,0,,0,0,0.0,0,,0,0,0,,,0.0,,0,0,0,0,0,0,,0,
Kenyon Clay,156837,HB,ARK STATE,1,0,1,,0,0,,,,0,0,,,0,0,,0,0,0.0,0,,0,0,0,,,0.0,,0,0,0,0,0,0,,0,,,0,0,,,,0,0,,,0,0,,0,0,0.0,0,,0,0,0,,,0.0,,0,0,0,0,0,0,,0,,,0,0,,,,0,0,,,0,0,,0,0,0.0,0,,0,0,0,,,0.0,,0,0,0,0,0,0,,0,,,0,0,,,,0,0,,,0,0,,0,0,0.0,0,,0,0,0,,,0.0,,0,0,0,0,0,0,,0,,,0,0,,,,0,0,,,0,0,,0,0,0.0,0,,0,0,0,,,0.0,,0,0,0,0,0,0,,0,,0,,0,0,,,,0,0,,,0,0,,0,0,0.0,0,,0,0,0,,,0.0,,0,0,0,0,0,0,,0,,113,,0,0,,,,0,0,,,0,0,,0,0,0.0,0,,0,0,0,,,0.0,,0,0,0,0,0,0,,0,,,0,0,,,,0,0,,,0,0,,0,0,0.0,0,,0,0,0,,,0.0,,0,0,0,0,0,0,,0,,,0,0,,,,0,0,,,0,0,,0,0,0.0,0,,0,0,0,,,0.0,,0,0,0,0,0,0,,0,,,0,0,,,,0,0,,,0,0,,0,0,0.0,0,,0,0,0,,,0.0,,0,0,0,0,0,0,,0,,,0,0,,,,0,0,,,0,0,,0,0,0.0,0,,0,0,0,,,0.0,,0,0,0,0,0,0,,0,,0,,0,0,,,,0,0,,,0,0,,0,0,0.0,0,,0,0,0,,,0.0,,0,0,0,0,0,0,,0,,,0,0,,,,0,0,,,0,0,,0,0,0.0,0,,0,0,0,,,0.0,,0,0,0,0,0,0,,0,,,0,0,,,,0,0,,,0,0,,0,0,0.0,0,,0,0,0,,,0.0,,0,0,0,0,0,0,,0,,,0,0,,,,0,0,,,0,0,,0,0,0.0,0,,0,0,0,,,0.0,,0,0,0,0,0,0,,0,,,0,0,,,,0,0,,,0,0,,0,0,0.0,0,,0,0,0,,,0.0,,0,0,0,0,0,0,,0,
Connor Moberly,184835,QB,IOWA STATE,1,1,1,,0,0,0.0,,,0,0,,,0,0,,0,0,0.0,0,,0,0,0,,,0.0,,0,0,0,0,0,0,,0,,,0,0,0.0,,,0,0,,,0,0,,0,0,0.0,0,,0,0,0,,,0.0,,0,0,0,0,0,0,,0,,,0,0,0.0,,,0,0,,,0,0,,0,0,0.0,0,,0,0,0,,,0.0,,0,0,0,0,0,0,,0,,,0,0,0.0,,,0,0,,,0,0,,0,0,0.0,0,,0,0,0,,,0.0,,0,0,0,0,0,0,,0,,,0,0,0.0,,,0,0,,,0,0,,0,0,0.0,0,,0,0,0,,,0.0,,0,0,0,0,0,0,,0,,0,,0,0,0.0,,,0,0,,,0,0,,0,0,0.0,0,,0,0,0,,,0.0,,0,0,0,0,0,0,,0,,193,,0,0,0.0,,,0,0,,,0,0,,0,0,0.0,0,,0,0,0,,,0.0,,0,0,0,0,0,0,,0,,,0,0,0.0,,,0,0,,,0,0,,0,0,0.0,0,,0,0,0,,,0.0,,0,0,0,0,0,0,,0,,,0,0,0.0,,,0,0,,,0,0,,0,0,0.0,0,,0,0,0,,,0.0,,0,0,0,0,0,0,,0,,,0,0,0.0,,,0,0,,,0,0,,0,0,0.0,0,,0,0,0,,,0.0,,0,0,0,0,0,0,,0,,,0,0,0.0,,,0,0,,,0,0,,0,0,0.0,0,,0,0,0,,,0.0,,0,0,0,0,0,0,,0,,0,,0,0,0.0,,,0,0,,,0,0,,0,0,0.0,0,,0,0,0,,,0.0,,0,0,0,0,0,0,,0,,,0,0,0.0,,,0,0,,,0,0,,0,0,0.0,0,,0,0,0,,,0.0,,0,0,0,0,0,0,,0,,,0,0,0.0,,,0,0,,,0,0,,0,0,0.0,0,,0,0,0,,,0.0,,0,0,0,0,0,0,,0,,,0,0,0.0,,,0,0,,,0,0,,0,0,0.0,0,,0,0,0,,,0.0,,0,0,0,0,0,0,,0,,,0,0,0.0,,,0,0,,,0,0,,0,0,0.0,0,,0,0,0,,,0.0,,0,0,0,0,0,0,,0,
Josh Burnham,156977,ED,NOTRE DAME,1,1,1,,0,0,0.0,,,0,0,,,0,0,,0,0,0.0,0,,0,0,0,,,0.0,,0,0,0,0,0,0,,0,,,0,0,0.0,,,0,0,,,0,0,,0,0,0.0,0,,0,0,0,,,0.0,,0,0,0,0,0,0,,0,,,0,0,0.0,,,0,0,,,0,0,,0,0,0.0,0,,0,0,0,,,0.0,,0,0,0,0,0,0,,0,,,0,0,0.0,,,0,0,,,0,0,,0,0,0.0,0,,0,0,0,,,0.0,,0,0,0,0,0,0,,0,,100.0,1,1,100.0,8.0,1.4,0,0,0.0,100.0,1,0,0.0,1,0,9.07,1,78.6,0,0,1,100.0,,158.3,0.0,0,0,0,0,1,0,0.0,84,84.0,0,,0,0,0.0,,,0,0,,,0,0,,0,0,0.0,0,,0,0,0,,,0.0,,0,0,0,0,0,0,,0,,258,,0,0,0.0,,,0,0,,,0,0,,0,0,0.0,0,,0,0,0,,,0.0,,0,0,0,0,0,0,,0,,,0,0,0.0,,,0,0,,,0,0,,0,0,0.0,0,,0,0,0,,,0.0,,0,0,0,0,0,0,,0,,,0,0,0.0,,,0,0,,,0,0,,0,0,0.0,0,,0,0,0,,,0.0,,0,0,0,0,0,0,,0,,,0,0,0.0,,,0,0,,,0,0,,0,0,0.0,0,,0,0,0,,,0.0,,0,0,0,0,0,0,,0,,,0,0,0.0,,,0,0,,,0,0,,0,0,0.0,0,,0,0,0,,,0.0,,0,0,0,0,0,0,,0,,0,,0,0,0.0,,,0,0,,,0,0,,0,0,0.0,0,,0,0,0,,,0.0,,0,0,0,0,0,0,,0,,,0,0,0.0,,,0,0,,,0,0,,0,0,0.0,0,,0,0,0,,,0.0,,0,0,0,0,0,0,,0,,,0,0,0.0,,,0,0,,,0,0,,0,0,0.0,0,,0,0,0,,,0.0,,0,0,0,0,0,0,,0,,,0,0,0.0,,,0,0,,,0,0,,0,0,0.0,0,,0,0,0,,,0.0,,0,0,0,0,0,0,,0,,100.0,1,1,100.0,8.0,1.4,0,0,0.0,100.0,1,0,0.0,1,0,9.07,1,78.6,0,0,1,100.0,,158.3,0.0,0,0,0,0,1,0,0.0,84,84.0
RaRa Thomas,146850,WR,TROY,1,1,1,,0,0,0.0,,,0,0,,,0,0,,0,0,0.0,0,,0,0,0,,,0.0,,0,0,0,0,0,0,,0,,,0,0,0.0,,,0,0,,,0,0,,0,0,0.0,0,,0,0,0,,,0.0,,0,0,0,0,0,0,,0,,0.0,1,1,100.0,27.0,4.7,0,0,0.0,0.0,0,1,,1,0,-3.66,0,24.4,0,1,1,0.0,0.0,0.0,0.0,0,0,0,0,0,1,100.0,0,0.0,,0,0,0.0,,,0,0,,,0,0,,0,0,0.0,0,,0,0,0,,,0.0,,0,0,0,0,0,0,,0,,,0,0,0.0,,,0,0,,,0,0,,0,0,0.0,0,,0,0,0,,,0.0,,0,0,0,0,0,0,,0,,0,0.0,1,1,100.0,27.0,4.7,0,0,0.0,0.0,0,1,,1,0,-3.66,0,24.4,0,1,1,0.0,0.0,0.0,0.0,0,0,0,0,0,1,100.0,0,0.0,318,,0,0,0.0,,,0,0,,,0,0,,0,0,0.0,0,,0,0,0,,,0.0,,0,0,0,0,0,0,,0,,,0,0,0.0,,,0,0,,,0,0,,0,0,0.0,0,,0,0,0,,,0.0,,0,0,0,0,0,0,,0,,,0,0,0.0,,,0,0,,,0,0,,0,0,0.0,0,,0,0,0,,,0.0,,0,0,0,0,0,0,,0,,,0,0,0.0,,,0,0,,,0,0,,0,0,0.0,0,,0,0,0,,,0.0,,0,0,0,0,0,0,,0,,,0,0,0.0,,,0,0,,,0,0,,0,0,0.0,0,,0,0,0,,,0.0,,0,0,0,0,0,0,,0,,0,,0,0,0.0,,,0,0,,,0,0,,0,0,0.0,0,,0,0,0,,,0.0,,0,0,0,0,0,0,,0,,,0,0,0.0,,,0,0,,,0,0,,0,0,0.0,0,,0,0,0,,,0.0,,0,0,0,0,0,0,,0,,,0,0,0.0,,,0,0,,,0,0,,0,0,0.0,0,,0,0,0,,,0.0,,0,0,0,0,0,0,,0,,,0,0,0.0,,,0,0,,,0,0,,0,0,0.0,0,,0,0,0,,,0.0,,0,0,0,0,0,0,,0,,,0,0,0.0,,,0,0,,,0,0,,0,0,0.0,0,,0,0,0,,,0.0,,0,0,0,0,0,0,,0,
Sam Huard,146463,QB,USC,1,1,1,,0,0,0.0,,,0,0,,,0,0,,0,0,0.0,0,,0,0,0,,,0.0,,0,0,0,0,0,0,,0,,,0,0,0.0,,,0,0,,,0,0,,0,0,0.0,0,,0,0,0,,,0.0,,0,0,0,0,0,0,,0,,,0,0,0.0,,,0,0,,,0,0,,0,0,0.0,0,,0,0,0,,,0.0,,0,0,0,0,0,0,,0,,,0,0,0.0,,,0,0,,,0,0,,0,0,0.0,0,,0,0,0,,,0.0,,0,0,0,0,0,0,,0,,,0,0,0.0,,,0,0,,,0,0,,0,0,0.0,0,,0,0,0,,,0.0,,0,0,0,0,0,0,,0,,0,,0,0,0.0,,,0,0,,,0,0,,0,0,0.0,0,,0,0,0,,,0.0,,0,0,0,0,0,0,,0,,326,,0,0,0.0,,,0,0,,,0,0,,0,0,0.0,0,,0,0,0,,,0.0,,0,0,0,0,0,0,,0,,,0,0,0.0,,,0,0,,,0,0,,0,0,0.0,0,,0,0,0,,,0.0,,0,0,0,0,0,0,,0,,,0,0,0.0,,,0,0,,,0,0,,0,0,0.0,0,,0,0,0,,,0.0,,0,0,0,0,0,0,,0,,100.0,1,1,100.0,9.0,2.3,0,0,0.0,100.0,1,0,0.0,1,0,2.25,1,71.5,0,0,1,100.0,,108.3,0.0,0,0,0,0,0,0,0.0,10,10.0,,0,0,0.0,,,0,0,,,0,0,,0,0,0.0,0,,0,0,0,,,0.0,,0,0,0,0,0,0,,0,,0,,0,0,0.0,,,0,0,,,0,0,,0,0,0.0,0,,0,0,0,,,0.0,,0,0,0,0,0,0,,0,,,0,0,0.0,,,0,0,,,0,0,,0,0,0.0,0,,0,0,0,,,0.0,,0,0,0,0,0,0,,0,,,0,0,0.0,,,0,0,,,0,0,,0,0,0.0,0,,0,0,0,,,0.0,,0,0,0,0,0,0,,0,,,0,0,0.0,,,0,0,,,0,0,,0,0,0.0,0,,0,0,0,,,0.0,,0,0,0,0,0,0,,0,,100.0,1,1,100.0,9.0,2.3,0,0,0.0,100.0,1,0,0.0,1,0,2.25,1,71.5,0,0,1,100.0,,108.3,0.0,0,0,0,0,0,0,0.0,10,10.0
Jmariyae Robinson,164812,WR,MO STATE,1,1,1,0.0,1,1,100.0,-7.0,3.2,0,0,0.0,0.0,0,0,,1,0,-0.37,0,53.4,0,0,1,0.0,,39.6,0.0,0,0,0,0,0,1,100.0,0,0.0,0.0,1,1,100.0,-7.0,3.2,0,0,0.0,0.0,0,0,,1,0,-0.37,0,53.4,0,0,1,0.0,,39.6,0.0,0,0,0,0,0,1,100.0,0,0.0,,0,0,0.0,,,0,0,,,0,0,,0,0,0.0,0,,0,0,0,,,0.0,,0,0,0,0,0,0,,0,,,0,0,0.0,,,0,0,,,0,0,,0,0,0.0,0,,0,0,0,,,0.0,,0,0,0,0,0,0,,0,,,0,0,0.0,,,0,0,,,0,0,,0,0,0.0,0,,0,0,0,,,0.0,,0,0,0,0,0,0,,0,,0,,0,0,0.0,,,0,0,,,0,0,,0,0,0.0,0,,0,0,0,,,0.0,,0,0,0,0,0,0,,0,,230,,0,0,0.0,,,0,0,,,0,0,,0,0,0.0,0,,0,0,0,,,0.0,,0,0,0,0,0,0,,0,,,0,0,0.0,,,0,0,,,0,0,,0,0,0.0,0,,0,0,0,,,0.0,,0,0,0,0,0,0,,0,,,0,0,0.0,,,0,0,,,0,0,,0,0,0.0,0,,0,0,0,,,0.0,,0,0,0,0,0,0,,0,,,0,0,0.0,,,0,0,,,0,0,,0,0,0.0,0,,0,0,0,,,0.0,,0,0,0,0,0,0,,0,,,0,0,0.0,,,0,0,,,0,0,,0,0,0.0,0,,0,0,0,,,0.0,,0,0,0,0,0,0,,0,,0,,0,0,0.0,,,0,0,,,0,0,,0,0,0.0,0,,0,0,0,,,0.0,,0,0,0,0,0,0,,0,,,0,0,0.0,,,0,0,,,0,0,,0,0,0.0,0,,0,0,0,,,0.0,,0,0,0,0,0,0,,0,,,0,0,0.0,,,0,0,,,0,0,,0,0,0.0,0,,0,0,0,,,0.0,,0,0,0,0,0,0,,0,,,0,0,0.0,,,0,0,,,0,0,,0,0,0.0,0,,0,0,0,,,0.0,,0,0,0,0,0,0,,0,,,0,0,0.0,,,0,0,,,0,0,,0,0,0.0,0,,0,0,0,,,0.0,,0,0,0,0,0,0,,0,
Graham Knowles,183218,QB,GA TECH,1,1,1,100.0,1,1,100.0,-5.0,1.0,0,0,0.0,100.0,1,0,0.0,1,0,6.25,1,60.4,0,0,1,100.0,,158.3,0.0,0,0,0,0,1,0,0.0,84,84.0,100.0,1,1,100.0,-5.0,1.0,0,0,0.0,100.0,1,0,0.0,1,0,6.25,1,60.4,0,0,1,100.0,,158.3,0.0,0,0,0,0,1,0,0.0,84,84.0,,0,0,0.0,,,0,0,,,0,0,,0,0,0.0,0,,0,0,0,,,0.0,,0,0,0,0,0,0,,0,,,0,0,0.0,,,0,0,,,0,0,,0,0,0.0,0,,0,0,0,,,0.0,,0,0,0,0,0,0,,0,,,0,0,0.0,,,0,0,,,0,0,,0,0,0.0,0,,0,0,0,,,0.0,,0,0,0,0,0,0,,0,,0,,0,0,0.0,,,0,0,,,0,0,,0,0,0.0,0,,0,0,0,,,0.0,,0,0,0,0,0,0,,0,,176,,0,0,0.0,,,0,0,,,0,0,,0,0,0.0,0,,0,0,0,,,0.0,,0,0,0,0,0,0,,0,,,0,0,0.0,,,0,0,,,0,0,,0,0,0.0,0,,0,0,0,,,0.0,,0,0,0,0,0,0,,0,,,0,0,0.0,,,0,0,,,0,0,,0,0,0.0,0,,0,0,0,,,0.0,,0,0,0,0,0,0,,0,,,0,0,0.0,,,0,0,,,0,0,,0,0,0.0,0,,0,0,0,,,0.0,,0,0,0,0,0,0,,0,,,0,0,0.0,,,0,0,,,0,0,,0,0,0.0,0,,0,0,0,,,0.0,,0,0,0,0,0,0,,0,,0,,0,0,0.0,,,0,0,,,0,0,,0,0,0.0,0,,0,0,0,,,0.0,,0,0,0,0,0,0,,0,,,0,0,0.0,,,0,0,,,0,0,,0,0,0.0,0,,0,0,0,,,0.0,,0,0,0,0,0,0,,0,,,0,0,0.0,,,0,0,,,0,0,,0,0,0.0,0,,0,0,0,,,0.0,,0,0,0,0,0,0,,0,,,0,0,0.0,,,0,0,,,0,0,,0,0,0.0,0,,0,0,0,,,0.0,,0,0,0,0,0,0,,0,,,0,0,0.0,,,0,0,,,0,0,,0,0,0.0,0,,0,0,0,,,0.0,,0,0,0,0,0,0,,0,
Michael Jackson III,146412,WR,PURDUE,1,0,1,,0,0,,,,0,0,,,0,0,,0,0,0.0,0,,0,0,0,,,0.0,,0,0,0,0,0,0,,0,,,0,0,,,,0,0,,,0,0,,0,0,0.0,0,,0,0,0,,,0.0,,0,0,0,0,0,0,,0,,,0,0,,,,0,0,,,0,0,,0,0,0.0,0,,0,0,0,,,0.0,,0,0,0,0,0,0,,0,,,0,0,,,,0,0,,,0,0,,0,0,0.0,0,,0,0,0,,,0.0,,0,0,0,0,0,0,,0,,,0,0,,,,0,0,,,0,0,,0,0,0.0,0,,0,0,0,,,0.0,,0,0,0,0,0,0,,0,,0,,0,0,,,,0,0,,,0,0,,0,0,0.0,0,,0,0,0,,,0.0,,0,0,0,0,0,0,,0,,273,,0,0,,,,0,0,,,0,0,,0,0,0.0,0,,0,0,0,,,0.0,,0,0,0,0,0,0,,0,,,0,0,,,,0,0,,,0,0,,0,0,0.0,0,,0,0,0,,,0.0,,0,0,0,0,0,0,,0,,,0,0,,,,0,0,,,0,0,,0,0,0.0,0,,0,0,0,,,0.0,,0,0,0,0,0,0,,0,,,0,0,,,,0,0,,,0,0,,0,0,0.0,0,,0,0,0,,,0.0,,0,0,0,0,0,0,,0,,,0,0,,,,0,0,,,0,0,,0,0,0.0,0,,0,0,0,,,0.0,,0,0,0,0,0,0,,0,,0,,0,0,,,,0,0,,,0,0,,0,0,0.0,0,,0,0,0,,,0.0,,0,0,0,0,0,0,,0,,,0,0,,,,0,0,,,0,0,,0,0,0.0,0,,0,0,0,,,0.0,,0,0,0,0,0,0,,0,,,0,0,,,,0,0,,,0,0,,0,0,0.0,0,,0,0,0,,,0.0,,0,0,0,0,0,0,,0,,,0,0,,,,0,0,,,0,0,,0,0,0.0,0,,0,0,0,,,0.0,,0,0,0,0,0,0,,0,,,0,0,,,,0,0,,,0,0,,0,0,0.0,0,,0,0,0,,,0.0,,0,0,0,0,0,0,,0,
Kendrick Law,157004,WR,KENTUCKY,1,1,1,,0,0,0.0,,,0,0,,,0,0,,0,0,0.0,0,,0,0,0,,,0.0,,0,0,0,0,0,0,,0,,,0,0,0.0,,,0,0,,,0,0,,0,0,0.0,0,,0,0,0,,,0.0,,0,0,0,0,0,0,,0,,,0,0,0.0,,,0,0,,,0,0,,0,0,0.0,0,,0,0,0,,,0.0,,0,0,0,0,0,0,,0,,,0,0,0.0,,,0,0,,,0,0,,0,0,0.0,0,,0,0,0,,,0.0,,0,0,0,0,0,0,,0,,,0,0,0.0,,,0,0,,,0,0,,0,0,0.0,0,,0,0,0,,,0.0,,0,0,0,0,0,0,,0,,0,0.0,1,1,100.0,39.0,2.7,0,0,0.0,0.0,0,0,,1,0,-0.67,0,49.9,0,0,1,0.0,,39.6,0.0,0,0,0,0,0,0,0.0,0,0.0,202,,0,0,0.0,,,0,0,,,0,0,,0,0,0.0,0,,0,0,0,,,0.0,,0,0,0,0,0,0,,0,,0.0,1,1,100.0,39.0,2.7,0,0,0.0,0.0,0,0,,1,0,-0.67,0,49.9,0,0,1,0.0,,39.6,0.0,0,0,0,0,0,0,0.0,0,0.0,,0,0,0.0,,,0,0,,,0,0,,0,0,0.0,0,,0,0,0,,,0.0,,0,0,0,0,0,0,,0,,,0,0,0.0,,,0,0,,,0,0,,0,0,0.0,0,,0,0,0,,,0.0,,0,0,0,0,0,0,,0,,,0,0,0.0,,,0,0,,,0,0,,0,0,0.0,0,,0,0,0,,,0.0,,0,0,0,0,0,0,,0,,0,,0,0,0.0,,,0,0,,,0,0,,0,0,0.0,0,,0,0,0,,,0.0,,0,0,0,0,0,0,,0,,,0,0,0.0,,,0,0,,,0,0,,0,0,0.0,0,,0,0,0,,,0.0,,0,0,0,0,0,0,,0,,,0,0,0.0,,,0,0,,,0,0,,0,0,0.0,0,,0,0,0,,,0.0,,0,0,0,0,0,0,,0,,,0,0,0.0,,,0,0,,,0,0,,0,0,0.0,0,,0,0,0,,,0.0,,0,0,0,0,0,0,,0,,,0,0,0.0,,,0,0,,,0,0,,0,0,0.0,0,,0,0,0,,,0.0,,0,0,0,0,0,0,,0,
Jordan Faison,171081,WR,NOTRE DAME,1,1,1,,0,0,0.0,,,0,0,,,0,0,,0,0,0.0,0,,0,0,0,,,0.0,,0,0,0,0,0,0,,0,,,0,0,0.0,,,0,0,,,0,0,,0,0,0.0,0,,0,0,0,,,0.0,,0,0,0,0,0,0,,0,,,0,0,0.0,,,0,0,,,0,0,,0,0,0.0,0,,0,0,0,,,0.0,,0,0,0,0,0,0,,0,,100.0,1,1,100.0,13.0,3.8,0,0,0.0,100.0,1,0,0.0,1,0,5.34,1,75.4,0,0,1,100.0,,118.8,0.0,0,0,0,0,0,0,0.0,40,40.0,,0,0,0.0,,,0,0,,,0,0,,0,0,0.0,0,,0,0,0,,,0.0,,0,0,0,0,0,0,,0,,0,,0,0,0.0,,,0,0,,,0,0,,0,0,0.0,0,,0,0,0,,,0.0,,0,0,0,0,0,0,,0,,258,,0,0,0.0,,,0,0,,,0,0,,0,0,0.0,0,,0,0,0,,,0.0,,0,0,0,0,0,0,,0,,,0,0,0.0,,,0,0,,,0,0,,0,0,0.0,0,,0,0,0,,,0.0,,0,0,0,0,0,0,,0,,,0,0,0.0,,,0,0,,,0,0,,0,0,0.0,0,,0,0,0,,,0.0,,0,0,0,0,0,0,,0,,,0,0,0.0,,,0,0,,,0,0,,0,0,0.0,0,,0,0,0,,,0.0,,0,0,0,0,0,0,,0,,100.0,1,1,100.0,13.0,3.8,0,0,0.0,100.0,1,0,0.0,1,0,5.34,1,75.4,0,0,1,100.0,,118.8,0.0,0,0,0,0,0,0,0.0,40,40.0,0,,0,0,0.0,,,0,0,,,0,0,,0,0,0.0,0,,0,0,0,,,0.0,,0,0,0,0,0,0,,0,,,0,0,0.0,,,0,0,,,0,0,,0,0,0.0,0,,0,0,0,,,0.0,,0,0,0,0,0,0,,0,,,0,0,0.0,,,0,0,,,0,0,,0,0,0.0,0,,0,0,0,,,0.0,,0,0,0,0,0,0,,0,,,0,0,0.0,,,0,0,,,0,0,,0,0,0.0,0,,0,0,0,,,0.0,,0,0,0,0,0,0,,0,,,0,0,0.0,,,0,0,,,0,0,,0,0,0.0,0,,0,0,0,,,0.0,,0,0,0,0,0,0,,0,
Emile Sebafundi,186490,P,COAST CAR,1,1,1,,0,0,0.0,,,0,0,,,0,0,,0,0,0.0,0,,0,0,0,,,0.0,,0,0,0,0,0,0,,0,,,0,0,0.0,,,0,0,,,0,0,,0,0,0.0,0,,0,0,0,,,0.0,,0,0,0,0,0,0,,0,,,0,0,0.0,,,0,0,,,0,0,,0,0,0.0,0,,0,0,0,,,0.0,,0,0,0,0,0,0,,0,,,0,0,0.0,,,0,0,,,0,0,,0,0,0.0,0,,0,0,0,,,0.0,,0,0,0,0,0,0,,0,,100.0,1,1,100.0,1.0,2.3,0,0,0.0,100.0,1,0,0.0,1,0,-2.51,0,60.6,0,0,1,0.0,,79.2,0.0,0,0,0,0,0,0,0.0,2,2.0,0,,0,0,0.0,,,0,0,,,0,0,,0,0,0.0,0,,0,0,0,,,0.0,,0,0,0,0,0,0,,0,,141,,0,0,0.0,,,0,0,,,0,0,,0,0,0.0,0,,0,0,0,,,0.0,,0,0,0,0,0,0,,0,,,0,0,0.0,,,0,0,,,0,0,,0,0,0.0,0,,0,0,0,,,0.0,,0,0,0,0,0,0,,0,,,0,0,0.0,,,0,0,,,0,0,,0,0,0.0,0,,0,0,0,,,0.0,,0,0,0,0,0,0,,0,,,0,0,0.0,,,0,0,,,0,0,,0,0,0.0,0,,0,0,0,,,0.0,,0,0,0,0,0,0,,0,,,0,0,0.0,,,0,0,,,0,0,,0,0,0.0,0,,0,0,0,,,0.0,,0,0,0,0,0,0,,0,,0,,0,0,0.0,,,0,0,,,0,0,,0,0,0.0,0,,0,0,0,,,0.0,,0,0,0,0,0,0,,0,,,0,0,0.0,,,0,0,,,0,0,,0,0,0.0,0,,0,0,0,,,0.0,,0,0,0,0,0,0,,0,,,0,0,0.0,,,0,0,,,0,0,,0,0,0.0,0,,0,0,0,,,0.0,,0,0,0,0,0,0,,0,,,0,0,0.0,,,0,0,,,0,0,,0,0,0.0,0,,0,0,0,,,0.0,,0,0,0,0,0,0,,0,,100.0,1,1,100.0,1.0,2.3,0,0,0.0,100.0,1,0,0.0,1,0,-2.51,0,60.6,0,0,1,0.0,,79.2,0.0,0,0,0,0,0,0,0.0,2,2.0
Terrence Smith Jr.,188214,WR,UCONN,1,1,1,,0,0,0.0,,,0,0,,,0,0,,0,0,0.0,0,,0,0,0,,,0.0,,0,0,0,0,0,0,,0,,,0,0,0.0,,,0,0,,,0,0,,0,0,0.0,0,,0,0,0,,,0.0,,0,0,0,0,0,0,,0,,0.0,1,1,100.0,31.0,3.3,0,0,0.0,0.0,0,0,,1,0,-0.45,0,49.9,0,0,1,0.0,,39.6,0.0,0,0,0,0,0,0,0.0,0,0.0,,0,0,0.0,,,0,0,,,0,0,,0,0,0.0,0,,0,0,0,,,0.0,,0,0,0,0,0,0,,0,,,0,0,0.0,,,0,0,,,0,0,,0,0,0.0,0,,0,0,0,,,0.0,,0,0,0,0,0,0,,0,,0,0.0,1,1,100.0,31.0,3.3,0,0,0.0,0.0,0,0,,1,0,-0.45,0,49.9,0,0,1,0.0,,39.6,0.0,0,0,0,0,0,0,0.0,0,0.0,146,,0,0,0.0,,,0,0,,,0,0,,0,0,0.0,0,,0,0,0,,,0.0,,0,0,0,0,0,0,,0,,,0,0,0.0,,,0,0,,,0,0,,0,0,0.0,0,,0,0,0,,,0.0,,0,0,0,0,0,0,,0,,,0,0,0.0,,,0,0,,,0,0,,0,0,0.0,0,,0,0,0,,,0.0,,0,0,0,0,0,0,,0,,,0,0,0.0,,,0,0,,,0,0,,0,0,0.0,0,,0,0,0,,,0.0,,0,0,0,0,0,0,,0,,,0,0,0.0,,,0,0,,,0,0,,0,0,0.0,0,,0,0,0,,,0.0,,0,0,0,0,0,0,,0,,0,,0,0,0.0,,,0,0,,,0,0,,0,0,0.0,0,,0,0,0,,,0.0,,0,0,0,0,0,0,,0,,,0,0,0.0,,,0,0,,,0,0,,0,0,0.0,0,,0,0,0,,,0.0,,0,0,0,0,0,0,,0,,,0,0,0.0,,,0,0,,,0,0,,0,0,0.0,0,,0,0,0,,,0.0,,0,0,0,0,0,0,,0,,,0,0,0.0,,,0,0,,,0,0,,0,0,0.0,0,,0,0,0,,,0.0,,0,0,0,0,0,0,,0,,,0,0,0.0,,,0,0,,,0,0,,0,0,0.0,0,,0,0,0,,,0.0,,0,0,0,0,0,0,,0,
Karle Lacey Jr.,208850,QB,TEXAS,1,1,1,,0,0,0.0,,,0,0,,,0,0,,0,0,0.0,0,,0,0,0,,,0.0,,0,0,0,0,0,0,,0,,,0,0,0.0,,,0,0,,,0,0,,0,0,0.0,0,,0,0,0,,,0.0,,0,0,0,0,0,0,,0,,,0,0,0.0,,,0,0,,,0,0,,0,0,0.0,0,,0,0,0,,,0.0,,0,0,0,0,0,0,,0,,,0,0,0.0,,,0,0,,,0,0,,0,0,0.0,0,,0,0,0,,,0.0,,0,0,0,0,0,0,,0,,100.0,1,1,100.0,7.0,2.0,0,0,0.0,100.0,1,0,0.0,1,0,-0.58,0,61.6,0,0,1,0.0,,95.8,0.0,0,0,0,0,0,0,0.0,7,7.0,0,,0,0,0.0,,,0,0,,,0,0,,0,0,0.0,0,,0,0,0,,,0.0,,0,0,0,0,0,0,,0,,311,,0,0,0.0,,,0,0,,,0,0,,0,0,0.0,0,,0,0,0,,,0.0,,0,0,0,0,0,0,,0,,,0,0,0.0,,,0,0,,,0,0,,0,0,0.0,0,,0,0,0,,,0.0,,0,0,0,0,0,0,,0,,,0,0,0.0,,,0,0,,,0,0,,0,0,0.0,0,,0,0,0,,,0.0,,0,0,0,0,0,0,,0,,,0,0,0.0,,,0,0,,,0,0,,0,0,0.0,0,,0,0,0,,,0.0,,0,0,0,0,0,0,,0,,,0,0,0.0,,,0,0,,,0,0,,0,0,0.0,0,,0,0,0,,,0.0,,0,0,0,0,0,0,,0,,0,,0,0,0.0,,,0,0,,,0,0,,0,0,0.0,0,,0,0,0,,,0.0,,0,0,0,0,0,0,,0,,,0,0,0.0,,,0,0,,,0,0,,0,0,0.0,0,,0,0,0,,,0.0,,0,0,0,0,0,0,,0,,,0,0,0.0,,,0,0,,,0,0,,0,0,0.0,0,,0,0,0,,,0.0,,0,0,0,0,0,0,,0,,,0,0,0.0,,,0,0,,,0,0,,0,0,0.0,0,,0,0,0,,,0.0,,0,0,0,0,0,0,,0,,100.0,1,1,100.0,7.0,2.0,0,0,0.0,100.0,1,0,0.0,1,0,-0.58,0,61.6,0,0,1,0.0,,95.8,0.0,0,0,0,0,0,0,0.0,7,7.0
Carter Holden,188279,K,MIAMI OH,1,1,1,,0,0,0.0,,,0,0,,,0,0,,0,0,0.0,0,,0,0,0,,,0.0,,0,0,0,0,0,0,,0,,,0,0,0.0,,,0,0,,,0,0,,0,0,0.0,0,,0,0,0,,,0.0,,0,0,0,0,0,0,,0,,,0,0,0.0,,,0,0,,,0,0,,0,0,0.0,0,,0,0,0,,,0.0,,0,0,0,0,0,0,,0,,,0,0,0.0,,,0,0,,,0,0,,0,0,0.0,0,,0,0,0,,,0.0,,0,0,0,0,0,0,,0,,0.0,1,1,100.0,6.0,2.3,0,0,0.0,0.0,0,1,,1,0,0.0,0,60.9,0,1,1,0.0,0.0,0.0,0.0,0,0,0,0,0,0,0.0,0,0.0,0,,0,0,0.0,,,0,0,,,0,0,,0,0,0.0,0,,0,0,0,,,0.0,,0,0,0,0,0,0,,0,,221,,0,0,0.0,,,0,0,,,0,0,,0,0,0.0,0,,0,0,0,,,0.0,,0,0,0,0,0,0,,0,,,0,0,0.0,,,0,0,,,0,0,,0,0,0.0,0,,0,0,0,,,0.0,,0,0,0,0,0,0,,0,,,0,0,0.0,,,0,0,,,0,0,,0,0,0.0,0,,0,0,0,,,0.0,,0,0,0,0,0,0,,0,,,0,0,0.0,,,0,0,,,0,0,,0,0,0.0,0,,0,0,0,,,0.0,,0,0,0,0,0,0,,0,,,0,0,0.0,,,0,0,,,0,0,,0,0,0.0,0,,0,0,0,,,0.0,,0,0,0,0,0,0,,0,,0,,0,0,0.0,,,0,0,,,0,0,,0,0,0.0,0,,0,0,0,,,0.0,,0,0,0,0,0,0,,0,,,0,0,0.0,,,0,0,,,0,0,,0,0,0.0,0,,0,0,0,,,0.0,,0,0,0,0,0,0,,0,,,0,0,0.0,,,0,0,,,0,0,,0,0,0.0,0,,0,0,0,,,0.0,,0,0,0,0,0,0,,0,,,0,0,0.0,,,0,0,,,0,0,,0,0,0.0,0,,0,0,0,,,0.0,,0,0,0,0,0,0,,0,,0.0,1,1,100.0,6.0,2.3,0,0,0.0,0.0,0,1,,1,0,0.0,0,60.9,0,1,1,0.0,0.0,0.0,0.0,0,0,0,0,0,0,0.0,0,0.0
Holden Geriner,157045,QB,TEXAS ST,1,1,1,,0,0,0.0,,,0,0,,,0,0,,0,0,0.0,0,,0,0,0,,,0.0,,0,0,0,0,0,0,,0,,,0,0,0.0,,,0,0,,,0,0,,0,0,0.0,0,,0,0,0,,,0.0,,0,0,0,0,0,0,,0,,,0,0,0.0,,,0,0,,,0,0,,0,0,0.0,0,,0,0,0,,,0.0,,0,0,0,0,0,0,,0,,0.0,1,1,100.0,13.0,2.4,0,0,0.0,0.0,0,1,,1,0,-1.21,0,48.5,0,0,1,0.0,0.0,39.6,0.0,0,0,0,0,0,0,0.0,0,0.0,,0,0,0.0,,,0,0,,,0,0,,0,0,0.0,0,,0,0,0,,,0.0,,0,0,0,0,0,0,,0,,0,,0,0,0.0,,,0,0,,,0,0,,0,0,0.0,0,,0,0,0,,,0.0,,0,0,0,0,0,0,,0,,314,,0,0,0.0,,,0,0,,,0,0,,0,0,0.0,0,,0,0,0,,,0.0,,0,0,0,0,0,0,,0,,,0,0,0.0,,,0,0,,,0,0,,0,0,0.0,0,,0,0,0,,,0.0,,0,0,0,0,0,0,,0,,,0,0,0.0,,,0,0,,,0,0,,0,0,0.0,0,,0,0,0,,,0.0,,0,0,0,0,0,0,,0,,,0,0,0.0,,,0,0,,,0,0,,0,0,0.0,0,,0,0,0,,,0.0,,0,0,0,0,0,0,,0,,0.0,1,1,100.0,13.0,2.4,0,0,0.0,0.0,0,1,,1,0,-1.21,0,48.5,0,0,1,0.0,0.0,39.6,0.0,0,0,0,0,0,0,0.0,0,0.0,0,,0,0,0.0,,,0,0,,,0,0,,0,0,0.0,0,,0,0,0,,,0.0,,0,0,0,0,0,0,,0,,,0,0,0.0,,,0,0,,,0,0,,0,0,0.0,0,,0,0,0,,,0.0,,0,0,0,0,0,0,,0,,,0,0,0.0,,,0,0,,,0,0,,0,0,0.0,0,,0,0,0,,,0.0,,0,0,0,0,0,0,,0,,,0,0,0.0,,,0,0,,,0,0,,0,0,0.0,0,,0,0,0,,,0.0,,0,0,0,0,0,0,,0,,,0,0,0.0,,,0,0,,,0,0,,0,0,0.0,0,,0,0,0,,,0.0,,0,0,0,0,0,0,,0,
Zion Booker,177939,WR,TULSA,1,0,1,,0,0,,,,0,0,,,0,0,,0,0,0.0,0,,0,0,0,,,0.0,,0,0,0,0,0,0,,0,,,0,0,,,,0,0,,,0,0,,0,0,0.0,0,,0,0,0,,,0.0,,0,0,0,0,0,0,,0,,,0,0,,,,0,0,,,0,0,,0,0,0.0,0,,0,0,0,,,0.0,,0,0,0,0,0,0,,0,,,0,0,,,,0,0,,,0,0,,0,0,0.0,0,,0,0,0,,,0.0,,0,0,0,0,0,0,,0,,,0,0,,,,0,0,,,0,0,,0,0,0.0,0,,0,0,0,,,0.0,,0,0,0,0,0,0,,0,,0,,0,0,,,,0,0,,,0,0,,0,0,0.0,0,,0,0,0,,,0.0,,0,0,0,0,0,0,,0,,320,,0,0,,,,0,0,,,0,0,,0,0,0.0,0,,0,0,0,,,0.0,,0,0,0,0,0,0,,0,,,0,0,,,,0,0,,,0,0,,0,0,0.0,0,,0,0,0,,,0.0,,0,0,0,0,0,0,,0,,,0,0,,,,0,0,,,0,0,,0,0,0.0,0,,0,0,0,,,0.0,,0,0,0,0,0,0,,0,,,0,0,,,,0,0,,,0,0,,0,0,0.0,0,,0,0,0,,,0.0,,0,0,0,0,0,0,,0,,,0,0,,,,0,0,,,0,0,,0,0,0.0,0,,0,0,0,,,0.0,,0,0,0,0,0,0,,0,,0,,0,0,,,,0,0,,,0,0,,0,0,0.0,0,,0,0,0,,,0.0,,0,0,0,0,0,0,,0,,,0,0,,,,0,0,,,0,0,,0,0,0.0,0,,0,0,0,,,0.0,,0,0,0,0,0,0,,0,,,0,0,,,,0,0,,,0,0,,0,0,0.0,0,,0,0,0,,,0.0,,0,0,0,0,0,0,,0,,,0,0,,,,0,0,,,0,0,,0,0,0.0,0,,0,0,0,,,0.0,,0,0,0,0,0,0,,0,,,0,0,,,,0,0,,,0,0,,0,0,0.0,0,,0,0,0,,,0.0,,0,0,0,0,0,0,,0,
Orion Phillips,177614,P,UTAH,1,1,1,100.0,1,1,100.0,-3.0,2.0,0,0,0.0,100.0,1,0,0.0,1,0,3.74,1,60.6,0,0,1,100.0,,118.8,0.0,0,0,0,0,0,0,0.0,25,25.0,100.0,1,1,100.0,-3.0,2.0,0,0,0.0,100.0,1,0,0.0,1,0,3.74,1,60.6,0,0,1,100.0,,118.8,0.0,0,0,0,0,0,0,0.0,25,25.0,,0,0,0.0,,,0,0,,,0,0,,0,0,0.0,0,,0,0,0,,,0.0,,0,0,0,0,0,0,,0,,,0,0,0.0,,,0,0,,,0,0,,0,0,0.0,0,,0,0,0,,,0.0,,0,0,0,0,0,0,,0,,,0,0,0.0,,,0,0,,,0,0,,0,0,0.0,0,,0,0,0,,,0.0,,0,0,0,0,0,0,,0,,0,,0,0,0.0,,,0,0,,,0,0,,0,0,0.0,0,,0,0,0,,,0.0,,0,0,0,0,0,0,,0,,328,,0,0,0.0,,,0,0,,,0,0,,0,0,0.0,0,,0,0,0,,,0.0,,0,0,0,0,0,0,,0,,,0,0,0.0,,,0,0,,,0,0,,0,0,0.0,0,,0,0,0,,,0.0,,0,0,0,0,0,0,,0,,,0,0,0.0,,,0,0,,,0,0,,0,0,0.0,0,,0,0,0,,,0.0,,0,0,0,0,0,0,,0,,,0,0,0.0,,,0,0,,,0,0,,0,0,0.0,0,,0,0,0,,,0.0,,0,0,0,0,0,0,,0,,,0,0,0.0,,,0,0,,,0,0,,0,0,0.0,0,,0,0,0,,,0.0,,0,0,0,0,0,0,,0,,0,,0,0,0.0,,,0,0,,,0,0,,0,0,0.0,0,,0,0,0,,,0.0,,0,0,0,0,0,0,,0,,,0,0,0.0,,,0,0,,,0,0,,0,0,0.0,0,,0,0,0,,,0.0,,0,0,0,0,0,0,,0,,,0,0,0.0,,,0,0,,,0,0,,0,0,0.0,0,,0,0,0,,,0.0,,0,0,0,0,0,0,,0,,,0,0,0.0,,,0,0,,,0,0,,0,0,0.0,0,,0,0,0,,,0.0,,0,0,0,0,0,0,,0,,,0,0,0.0,,,0,0,,,0,0,,0,0,0.0,0,,0,0,0,,,0.0,,0,0,0,0,0,0,,0,
CJ Smith,157076,WR,MEMPHIS,1,1,1,,0,0,0.0,,,0,0,,,0,0,,0,0,0.0,0,,0,0,0,,,0.0,,0,0,0,0,0,0,,0,,,0,0,0.0,,,0,0,,,0,0,,0,0,0.0,0,,0,0,0,,,0.0,,0,0,0,0,0,0,,0,,0.0,1,1,100.0,23.0,2.9,0,0,0.0,0.0,0,1,,1,0,-2.61,0,37.5,0,1,1,0.0,0.0,0.0,0.0,0,0,0,0,0,1,100.0,0,0.0,,0,0,0.0,,,0,0,,,0,0,,0,0,0.0,0,,0,0,0,,,0.0,,0,0,0,0,0,0,,0,,,0,0,0.0,,,0,0,,,0,0,,0,0,0.0,0,,0,0,0,,,0.0,,0,0,0,0,0,0,,0,,0,0.0,1,1,100.0,23.0,2.9,0,0,0.0,0.0,0,1,,1,0,-2.61,0,37.5,0,1,1,0.0,0.0,0.0,0.0,0,0,0,0,0,1,100.0,0,0.0,218,,0,0,0.0,,,0,0,,,0,0,,0,0,0.0,0,,0,0,0,,,0.0,,0,0,0,0,0,0,,0,,,0,0,0.0,,,0,0,,,0,0,,0,0,0.0,0,,0,0,0,,,0.0,,0,0,0,0,0,0,,0,,,0,0,0.0,,,0,0,,,0,0,,0,0,0.0,0,,0,0,0,,,0.0,,0,0,0,0,0,0,,0,,,0,0,0.0,,,0,0,,,0,0,,0,0,0.0,0,,0,0,0,,,0.0,,0,0,0,0,0,0,,0,,,0,0,0.0,,,0,0,,,0,0,,0,0,0.0,0,,0,0,0,,,0.0,,0,0,0,0,0,0,,0,,0,,0,0,0.0,,,0,0,,,0,0,,0,0,0.0,0,,0,0,0,,,0.0,,0,0,0,0,0,0,,0,,,0,0,0.0,,,0,0,,,0,0,,0,0,0.0,0,,0,0,0,,,0.0,,0,0,0,0,0,0,,0,,,0,0,0.0,,,0,0,,,0,0,,0,0,0.0,0,,0,0,0,,,0.0,,0,0,0,0,0,0,,0,,,0,0,0.0,,,0,0,,,0,0,,0,0,0.0,0,,0,0,0,,,0.0,,0,0,0,0,0,0,,0,,,0,0,0.0,,,0,0,,,0,0,,0,0,0.0,0,,0,0,0,,,0.0,,0,0,0,0,0,0,,0,
Nathan Totten,176386,K,MARSHALL,1,1,1,,0,0,0.0,,,0,0,,,0,0,,0,0,0.0,0,,0,0,0,,,0.0,,0,0,0,0,0,0,,0,,,0,0,0.0,,,0,0,,,0,0,,0,0,0.0,0,,0,0,0,,,0.0,,0,0,0,0,0,0,,0,,,0,0,0.0,,,0,0,,,0,0,,0,0,0.0,0,,0,0,0,,,0.0,,0,0,0,0,0,0,,0,,100.0,1,1,100.0,12.0,2.1,0,0,0.0,100.0,1,0,0.0,1,0,2.99,1,75.4,0,0,1,100.0,,116.7,0.0,0,0,0,0,0,0,0.0,12,12.0,,0,0,0.0,,,0,0,,,0,0,,0,0,0.0,0,,0,0,0,,,0.0,,0,0,0,0,0,0,,0,,0,,0,0,0.0,,,0,0,,,0,0,,0,0,0.0,0,,0,0,0,,,0.0,,0,0,0,0,0,0,,0,,214,,0,0,0.0,,,0,0,,,0,0,,0,0,0.0,0,,0,0,0,,,0.0,,0,0,0,0,0,0,,0,,,0,0,0.0,,,0,0,,,0,0,,0,0,0.0,0,,0,0,0,,,0.0,,0,0,0,0,0,0,,0,,,0,0,0.0,,,0,0,,,0,0,,0,0,0.0,0,,0,0,0,,,0.0,,0,0,0,0,0,0,,0,,,0,0,0.0,,,0,0,,,0,0,,0,0,0.0,0,,0,0,0,,,0.0,,0,0,0,0,0,0,,0,,100.0,1,1,100.0,12.0,2.1,0,0,0.0,100.0,1,0,0.0,1,0,2.99,1,75.4,0,0,1,100.0,,116.7,0.0,0,0,0,0,0,0,0.0,12,12.0,0,,0,0,0.0,,,0,0,,,0,0,,0,0,0.0,0,,0,0,0,,,0.0,,0,0,0,0,0,0,,0,,,0,0,0.0,,,0,0,,,0,0,,0,0,0.0,0,,0,0,0,,,0.0,,0,0,0,0,0,0,,0,,,0,0,0.0,,,0,0,,,0,0,,0,0,0.0,0,,0,0,0,,,0.0,,0,0,0,0,0,0,,0,,,0,0,0.0,,,0,0,,,0,0,,0,0,0.0,0,,0,0,0,,,0.0,,0,0,0,0,0,0,,0,,,0,0,0.0,,,0,0,,,0,0,,0,0,0.0,0,,0,0,0,,,0.0,,0,0,0,0,0,0,,0,
Koi Perich,188710,S,MINNESOTA,1,0,1,,0,0,,,,0,0,,,0,0,,0,0,0.0,0,,0,0,0,,,0.0,,0,0,0,0,0,0,,0,,,0,0,,,,0,0,,,0,0,,0,0,0.0,0,,0,0,0,,,0.0,,0,0,0,0,0,0,,0,,,0,0,,,,0,0,,,0,0,,0,0,0.0,0,,0,0,0,,,0.0,,0,0,0,0,0,0,,0,,,0,0,,,,0,0,,,0,0,,0,0,0.0,0,,0,0,0,,,0.0,,0,0,0,0,0,0,,0,,,0,0,,,,0,0,,,0,0,,0,0,0.0,0,,0,0,0,,,0.0,,0,0,0,0,0,0,,0,,0,,0,0,,,,0,0,,,0,0,,0,0,0.0,0,,0,0,0,,,0.0,,0,0,0,0,0,0,,0,,225,,0,0,,,,0,0,,,0,0,,0,0,0.0,0,,0,0,0,,,0.0,,0,0,0,0,0,0,,0,,,0,0,,,,0,0,,,0,0,,0,0,0.0,0,,0,0,0,,,0.0,,0,0,0,0,0,0,,0,,,0,0,,,,0,0,,,0,0,,0,0,0.0,0,,0,0,0,,,0.0,,0,0,0,0,0,0,,0,,,0,0,,,,0,0,,,0,0,,0,0,0.0,0,,0,0,0,,,0.0,,0,0,0,0,0,0,,0,,,0,0,,,,0,0,,,0,0,,0,0,0.0,0,,0,0,0,,,0.0,,0,0,0,0,0,0,,0,,0,,0,0,,,,0,0,,,0,0,,0,0,0.0,0,,0,0,0,,,0.0,,0,0,0,0,0,0,,0,,,0,0,,,,0,0,,,0,0,,0,0,0.0,0,,0,0,0,,,0.0,,0,0,0,0,0,0,,0,,,0,0,,,,0,0,,,0,0,,0,0,0.0,0,,0,0,0,,,0.0,,0,0,0,0,0,0,,0,,,0,0,,,,0,0,,,0,0,,0,0,0.0,0,,0,0,0,,,0.0,,0,0,0,0,0,0,,0,,,0,0,,,,0,0,,,0,0,,0,0,0.0,0,,0,0,0,,,0.0,,0,0,0,0,0,0,,0,
DJ Burks,157550,S,APP STATE,1,1,1,,0,0,0.0,,,0,0,,,0,0,,0,0,0.0,0,,0,0,0,,,0.0,,0,0,0,0,0,0,,0,,,0,0,0.0,,,0,0,,,0,0,,0,0,0.0,0,,0,0,0,,,0.0,,0,0,0,0,0,0,,0,,,0,0,0.0,,,0,0,,,0,0,,0,0,0.0,0,,0,0,0,,,0.0,,0,0,0,0,0,0,,0,,,0,0,0.0,,,0,0,,,0,0,,0,0,0.0,0,,0,0,0,,,0.0,,0,0,0,0,0,0,,0,,0.0,1,1,100.0,3.0,2.5,0,0,0.0,0.0,0,0,,1,0,-2.17,0,54.4,0,0,1,0.0,,39.6,0.0,0,0,0,0,0,0,0.0,0,0.0,0,,0,0,0.0,,,0,0,,,0,0,,0,0,0.0,0,,0,0,0,,,0.0,,0,0,0,0,0,0,,0,,108,,0,0,0.0,,,0,0,,,0,0,,0,0,0.0,0,,0,0,0,,,0.0,,0,0,0,0,0,0,,0,,,0,0,0.0,,,0,0,,,0,0,,0,0,0.0,0,,0,0,0,,,0.0,,0,0,0,0,0,0,,0,,,0,0,0.0,,,0,0,,,0,0,,0,0,0.0,0,,0,0,0,,,0.0,,0,0,0,0,0,0,,0,,,0,0,0.0,,,0,0,,,0,0,,0,0,0.0,0,,0,0,0,,,0.0,,0,0,0,0,0,0,,0,,,0,0,0.0,,,0,0,,,0,0,,0,0,0.0,0,,0,0,0,,,0.0,,0,0,0,0,0,0,,0,,0,,0,0,0.0,,,0,0,,,0,0,,0,0,0.0,0,,0,0,0,,,0.0,,0,0,0,0,0,0,,0,,,0,0,0.0,,,0,0,,,0,0,,0,0,0.0,0,,0,0,0,,,0.0,,0,0,0,0,0,0,,0,,,0,0,0.0,,,0,0,,,0,0,,0,0,0.0,0,,0,0,0,,,0.0,,0,0,0,0,0,0,,0,,,0,0,0.0,,,0,0,,,0,0,,0,0,0.0,0,,0,0,0,,,0.0,,0,0,0,0,0,0,,0,,0.0,1,1,100.0,3.0,2.5,0,0,0.0,0.0,0,0,,1,0,-2.17,0,54.4,0,0,1,0.0,,39.6,0.0,0,0,0,0,0,0,0.0,0,0.0
Adrian Norton,176301,WR,MARSHALL,1,1,1,,0,0,0.0,,,0,0,,,0,0,,0,0,0.0,0,,0,0,0,,,0.0,,0,0,0,0,0,0,,0,,,0,0,0.0,,,0,0,,,0,0,,0,0,0.0,0,,0,0,0,,,0.0,,0,0,0,0,0,0,,0,,,0,0,0.0,,,0,0,,,0,0,,0,0,0.0,0,,0,0,0,,,0.0,,0,0,0,0,0,0,,0,,,0,0,0.0,,,0,0,,,0,0,,0,0,0.0,0,,0,0,0,,,0.0,,0,0,0,0,0,0,,0,,,0,0,0.0,,,0,0,,,0,0,,0,0,0.0,0,,0,0,0,,,0.0,,0,0,0,0,0,0,,0,,0,100.0,1,1,100.0,25.0,3.3,0,1,100.0,0.0,0,0,100.0,1,1,-0.84,0,88.1,0,0,1,0.0,,39.6,0.0,0,0,0,0,0,0,0.0,0,0.0,214,,0,0,0.0,,,0,0,,,0,0,,0,0,0.0,0,,0,0,0,,,0.0,,0,0,0,0,0,0,,0,,100.0,1,1,100.0,25.0,3.3,0,1,100.0,0.0,0,0,100.0,1,1,-0.84,0,88.1,0,0,1,0.0,,39.6,0.0,0,0,0,0,0,0,0.0,0,0.0,,0,0,0.0,,,0,0,,,0,0,,0,0,0.0,0,,0,0,0,,,0.0,,0,0,0,0,0,0,,0,,,0,0,0.0,,,0,0,,,0,0,,0,0,0.0,0,,0,0,0,,,0.0,,0,0,0,0,0,0,,0,,,0,0,0.0,,,0,0,,,0,0,,0,0,0.0,0,,0,0,0,,,0.0,,0,0,0,0,0,0,,0,,0,,0,0,0.0,,,0,0,,,0,0,,0,0,0.0,0,,0,0,0,,,0.0,,0,0,0,0,0,0,,0,,,0,0,0.0,,,0,0,,,0,0,,0,0,0.0,0,,0,0,0,,,0.0,,0,0,0,0,0,0,,0,,,0,0,0.0,,,0,0,,,0,0,,0,0,0.0,0,,0,0,0,,,0.0,,0,0,0,0,0,0,,0,,,0,0,0.0,,,0,0,,,0,0,,0,0,0.0,0,,0,0,0,,,0.0,,0,0,0,0,0,0,,0,,,0,0,0.0,,,0,0,,,0,0,,0,0,0.0,0,,0,0,0,,,0.0,,0,0,0,0,0,0,,0,
Micah Ford,188865,HB,STANFORD,1,1,1,,0,0,0.0,,,0,0,,,0,0,,0,0,0.0,0,,0,0,0,,,0.0,,0,0,0,0,0,0,,0,,,0,0,0.0,,,0,0,,,0,0,,0,0,0.0,0,,0,0,0,,,0.0,,0,0,0,0,0,0,,0,,,0,0,0.0,,,0,0,,,0,0,,0,0,0.0,0,,0,0,0,,,0.0,,0,0,0,0,0,0,,0,,,0,0,0.0,,,0,0,,,0,0,,0,0,0.0,0,,0,0,0,,,0.0,,0,0,0,0,0,0,,0,,,0,0,0.0,,,0,0,,,0,0,,0,0,0.0,0,,0,0,0,,,0.0,,0,0,0,0,0,0,,0,,0,,0,0,0.0,,,0,0,,,0,0,,0,0,0.0,0,,0,0,0,,,0.0,,0,0,0,0,0,0,,0,,300,,0,0,0.0,,,0,0,,,0,0,,0,0,0.0,0,,0,0,0,,,0.0,,0,0,0,0,0,0,,0,,,0,0,0.0,,,0,0,,,0,0,,0,0,0.0,0,,0,0,0,,,0.0,,0,0,0,0,0,0,,0,,,0,0,0.0,,,0,0,,,0,0,,0,0,0.0,0,,0,0,0,,,0.0,,0,0,0,0,0,0,,0,,,0,0,0.0,,,0,0,,,0,0,,0,0,0.0,0,,0,0,0,,,0.0,,0,0,0,0,0,0,,0,,0.0,1,1,100.0,17.0,2.5,0,0,0.0,0.0,0,0,,1,0,-0.6,0,33.8,0,0,1,0.0,,39.6,0.0,0,0,0,0,0,1,100.0,0,0.0,0,,0,0,0.0,,,0,0,,,0,0,,0,0,0.0,0,,0,0,0,,,0.0,,0,0,0,0,0,0,,0,,,0,0,0.0,,,0,0,,,0,0,,0,0,0.0,0,,0,0,0,,,0.0,,0,0,0,0,0,0,,0,,0.0,1,1,100.0,17.0,2.5,0,0,0.0,0.0,0,0,,1,0,-0.6,0,33.8,0,0,1,0.0,,39.6,0.0,0,0,0,0,0,1,100.0,0,0.0,,0,0,0.0,,,0,0,,,0,0,,0,0,0.0,0,,0,0,0,,,0.0,,0,0,0,0,0,0,,0,,,0,0,0.0,,,0,0,,,0,0,,0,0,0.0,0,,0,0,0,,,0.0,,0,0,0,0,0,0,,0,
Michael Valentino,189408,QB,FAU,1,1,1,,0,0,0.0,,,0,0,,,0,0,,0,0,0.0,0,,0,0,0,,,0.0,,0,0,0,0,0,0,,0,,,0,0,0.0,,,0,0,,,0,0,,0,0,0.0,0,,0,0,0,,,0.0,,0,0,0,0,0,0,,0,,,0,0,0.0,,,0,0,,,0,0,,0,0,0.0,0,,0,0,0,,,0.0,,0,0,0,0,0,0,,0,,,0,0,0.0,,,0,0,,,0,0,,0,0,0.0,0,,0,0,0,,,0.0,,0,0,0,0,0,0,,0,,,0,0,0.0,,,0,0,,,0,0,,0,0,0.0,0,,0,0,0,,,0.0,,0,0,0,0,0,0,,0,,0,0.0,1,1,100.0,27.0,1.9,0,0,0.0,0.0,0,0,,1,0,-0.62,0,50.4,0,0,1,0.0,,39.6,0.0,0,0,0,0,0,0,0.0,0,0.0,165,,0,0,0.0,,,0,0,,,0,0,,0,0,0.0,0,,0,0,0,,,0.0,,0,0,0,0,0,0,,0,,0.0,1,1,100.0,27.0,1.9,0,0,0.0,0.0,0,0,,1,0,-0.62,0,50.4,0,0,1,0.0,,39.6,0.0,0,0,0,0,0,0,0.0,0,0.0,,0,0,0.0,,,0,0,,,0,0,,0,0,0.0,0,,0,0,0,,,0.0,,0,0,0,0,0,0,,0,,,0,0,0.0,,,0,0,,,0,0,,0,0,0.0,0,,0,0,0,,,0.0,,0,0,0,0,0,0,,0,,,0,0,0.0,,,0,0,,,0,0,,0,0,0.0,0,,0,0,0,,,0.0,,0,0,0,0,0,0,,0,,0,,0,0,0.0,,,0,0,,,0,0,,0,0,0.0,0,,0,0,0,,,0.0,,0,0,0,0,0,0,,0,,,0,0,0.0,,,0,0,,,0,0,,0,0,0.0,0,,0,0,0,,,0.0,,0,0,0,0,0,0,,0,,,0,0,0.0,,,0,0,,,0,0,,0,0,0.0,0,,0,0,0,,,0.0,,0,0,0,0,0,0,,0,,,0,0,0.0,,,0,0,,,0,0,,0,0,0.0,0,,0,0,0,,,0.0,,0,0,0,0,0,0,,0,,,0,0,0.0,,,0,0,,,0,0,,0,0,0.0,0,,0,0,0,,,0.0,,0,0,0,0,0,0,,0,
Evan Svoboda,157664,TE,WYOMING,1,1,1,,0,0,0.0,,,0,0,,,0,0,,0,0,0.0,0,,0,0,0,,,0.0,,0,0,0,0,0,0,,0,,,0,0,0.0,,,0,0,,,0,0,,0,0,0.0,0,,0,0,0,,,0.0,,0,0,0,0,0,0,,0,,,0,0,0.0,,,0,0,,,0,0,,0,0,0.0,0,,0,0,0,,,0.0,,0,0,0,0,0,0,,0,,,0,0,0.0,,,0,0,,,0,0,,0,0,0.0,0,,0,0,0,,,0.0,,0,0,0,0,0,0,,0,,0.0,1,1,100.0,8.0,1.8,0,0,0.0,0.0,0,0,,1,0,-5.83,0,33.1,0,1,1,0.0,,0.0,0.0,0,0,0,0,0,1,100.0,0,0.0,0,,0,0,0.0,,,0,0,,,0,0,,0,0,0.0,0,,0,0,0,,,0.0,,0,0,0,0,0,0,,0,,351,,0,0,0.0,,,0,0,,,0,0,,0,0,0.0,0,,0,0,0,,,0.0,,0,0,0,0,0,0,,0,,,0,0,0.0,,,0,0,,,0,0,,0,0,0.0,0,,0,0,0,,,0.0,,0,0,0,0,0,0,,0,,,0,0,0.0,,,0,0,,,0,0,,0,0,0.0,0,,0,0,0,,,0.0,,0,0,0,0,0,0,,0,,,0,0,0.0,,,0,0,,,0,0,,0,0,0.0,0,,0,0,0,,,0.0,,0,0,0,0,0,0,,0,,,0,0,0.0,,,0,0,,,0,0,,0,0,0.0,0,,0,0,0,,,0.0,,0,0,0,0,0,0,,0,,0,,0,0,0.0,,,0,0,,,0,0,,0,0,0.0,0,,0,0,0,,,0.0,,0,0,0,0,0,0,,0,,,0,0,0.0,,,0,0,,,0,0,,0,0,0.0,0,,0,0,0,,,0.0,,0,0,0,0,0,0,,0,,,0,0,0.0,,,0,0,,,0,0,,0,0,0.0,0,,0,0,0,,,0.0,,0,0,0,0,0,0,,0,,,0,0,0.0,,,0,0,,,0,0,,0,0,0.0,0,,0,0,0,,,0.0,,0,0,0,0,0,0,,0,,0.0,1,1,100.0,8.0,1.8,0,0,0.0,0.0,0,0,,1,0,-5.83,0,33.1,0,1,1,0.0,,0.0,0.0,0,0,0,0,0,1,100.0,0,0.0
Luke Nickel,200166,QB,MIAMI FL,1,1,1,,0,0,0.0,,,0,0,,,0,0,,0,0,0.0,0,,0,0,0,,,0.0,,0,0,0,0,0,0,,0,,,0,0,0.0,,,0,0,,,0,0,,0,0,0.0,0,,0,0,0,,,0.0,,0,0,0,0,0,0,,0,,,0,0,0.0,,,0,0,,,0,0,,0,0,0.0,0,,0,0,0,,,0.0,,0,0,0,0,0,0,,0,,,0,0,0.0,,,0,0,,,0,0,,0,0,0.0,0,,0,0,0,,,0.0,,0,0,0,0,0,0,,0,,,0,0,0.0,,,0,0,,,0,0,,0,0,0.0,0,,0,0,0,,,0.0,,0,0,0,0,0,0,,0,,0,0.0,1,1,100.0,35.0,2.8,0,0,0.0,0.0,0,0,,1,0,-0.36,0,49.9,0,0,1,0.0,,39.6,0.0,0,0,0,0,0,0,0.0,0,0.0,220,,0,0,0.0,,,0,0,,,0,0,,0,0,0.0,0,,0,0,0,,,0.0,,0,0,0,0,0,0,,0,,0.0,1,1,100.0,35.0,2.8,0,0,0.0,0.0,0,0,,1,0,-0.36,0,49.9,0,0,1,0.0,,39.6,0.0,0,0,0,0,0,0,0.0,0,0.0,,0,0,0.0,,,0,0,,,0,0,,0,0,0.0,0,,0,0,0,,,0.0,,0,0,0,0,0,0,,0,,,0,0,0.0,,,0,0,,,0,0,,0,0,0.0,0,,0,0,0,,,0.0,,0,0,0,0,0,0,,0,,,0,0,0.0,,,0,0,,,0,0,,0,0,0.0,0,,0,0,0,,,0.0,,0,0,0,0,0,0,,0,,0,,0,0,0.0,,,0,0,,,0,0,,0,0,0.0,0,,0,0,0,,,0.0,,0,0,0,0,0,0,,0,,,0,0,0.0,,,0,0,,,0,0,,0,0,0.0,0,,0,0,0,,,0.0,,0,0,0,0,0,0,,0,,,0,0,0.0,,,0,0,,,0,0,,0,0,0.0,0,,0,0,0,,,0.0,,0,0,0,0,0,0,,0,,,0,0,0.0,,,0,0,,,0,0,,0,0,0.0,0,,0,0,0,,,0.0,,0,0,0,0,0,0,,0,,,0,0,0.0,,,0,0,,,0,0,,0,0,0.0,0,,0,0,0,,,0.0,,0,0,0,0,0,0,,0,
TJ Washington Jr.,170178,HB,IOWA,1,0,1,,0,0,,,,0,0,,,0,0,,0,0,0.0,0,,0,0,0,,,0.0,,0,0,0,0,0,0,,0,,,0,0,,,,0,0,,,0,0,,0,0,0.0,0,,0,0,0,,,0.0,,0,0,0,0,0,0,,0,,,0,0,,,,0,0,,,0,0,,0,0,0.0,0,,0,0,0,,,0.0,,0,0,0,0,0,0,,0,,,0,0,,,,0,0,,,0,0,,0,0,0.0,0,,0,0,0,,,0.0,,0,0,0,0,0,0,,0,,,0,0,,,,0,0,,,0,0,,0,0,0.0,0,,0,0,0,,,0.0,,0,0,0,0,0,0,,0,,0,,0,0,,,,0,0,,,0,0,,0,0,0.0,0,,0,0,0,,,0.0,,0,0,0,0,0,0,,0,,192,,0,0,,,,0,0,,,0,0,,0,0,0.0,0,,0,0,0,,,0.0,,0,0,0,0,0,0,,0,,,0,0,,,,0,0,,,0,0,,0,0,0.0,0,,0,0,0,,,0.0,,0,0,0,0,0,0,,0,,,0,0,,,,0,0,,,0,0,,0,0,0.0,0,,0,0,0,,,0.0,,0,0,0,0,0,0,,0,,,0,0,,,,0,0,,,0,0,,0,0,0.0,0,,0,0,0,,,0.0,,0,0,0,0,0,0,,0,,,0,0,,,,0,0,,,0,0,,0,0,0.0,0,,0,0,0,,,0.0,,0,0,0,0,0,0,,0,,0,,0,0,,,,0,0,,,0,0,,0,0,0.0,0,,0,0,0,,,0.0,,0,0,0,0,0,0,,0,,,0,0,,,,0,0,,,0,0,,0,0,0.0,0,,0,0,0,,,0.0,,0,0,0,0,0,0,,0,,,0,0,,,,0,0,,,0,0,,0,0,0.0,0,,0,0,0,,,0.0,,0,0,0,0,0,0,,0,,,0,0,,,,0,0,,,0,0,,0,0,0.0,0,,0,0,0,,,0.0,,0,0,0,0,0,0,,0,,,0,0,,,,0,0,,,0,0,,0,0,0.0,0,,0,0,0,,,0.0,,0,0,0,0,0,0,,0,
Reece Vander Zee,189694,WR,IOWA,1,1,1,,0,0,0.0,,,0,0,,,0,0,,0,0,0.0,0,,0,0,0,,,0.0,,0,0,0,0,0,0,,0,,,0,0,0.0,,,0,0,,,0,0,,0,0,0.0,0,,0,0,0,,,0.0,,0,0,0,0,0,0,,0,,,0,0,0.0,,,0,0,,,0,0,,0,0,0.0,0,,0,0,0,,,0.0,,0,0,0,0,0,0,,0,,,0,0,0.0,,,0,0,,,0,0,,0,0,0.0,0,,0,0,0,,,0.0,,0,0,0,0,0,0,,0,,,0,0,0.0,,,0,0,,,0,0,,0,0,0.0,0,,0,0,0,,,0.0,,0,0,0,0,0,0,,0,,0,,0,0,0.0,,,0,0,,,0,0,,0,0,0.0,0,,0,0,0,,,0.0,,0,0,0,0,0,0,,0,,192,,0,0,0.0,,,0,0,,,0,0,,0,0,0.0,0,,0,0,0,,,0.0,,0,0,0,0,0,0,,0,,,0,0,0.0,,,0,0,,,0,0,,0,0,0.0,0,,0,0,0,,,0.0,,0,0,0,0,0,0,,0,,,0,0,0.0,,,0,0,,,0,0,,0,0,0.0,0,,0,0,0,,,0.0,,0,0,0,0,0,0,,0,,,0,0,0.0,,,0,0,,,0,0,,0,0,0.0,0,,0,0,0,,,0.0,,0,0,0,0,0,0,,0,,,0,0,0.0,,,0,0,,,0,0,,0,0,0.0,0,,0,0,0,,,0.0,,0,0,0,0,0,0,,0,,0,,0,0,0.0,,,0,0,,,0,0,,0,0,0.0,0,,0,0,0,,,0.0,,0,0,0,0,0,0,,0,,,0,0,0.0,,,0,0,,,0,0,,0,0,0.0,0,,0,0,0,,,0.0,,0,0,0,0,0,0,,0,,,0,0,0.0,,,0,0,,,0,0,,0,0,0.0,0,,0,0,0,,,0.0,,0,0,0,0,0,0,,0,,100.0,1,1,100.0,5.0,3.1,0,0,0.0,100.0,1,0,0.0,1,0,1.62,1,73.3,0,0,1,100.0,,127.1,0.0,0,0,0,0,1,0,0.0,5,5.0,100.0,1,1,100.0,5.0,3.1,0,0,0.0,100.0,1,0,0.0,1,0,1.62,1,73.3,0,0,1,100.0,,127.1,0.0,0,0,0,0,1,0,0.0,5,5.0
Sean West,189741,K,WISCONSIN,1,1,1,,0,0,0.0,,,0,0,,,0,0,,0,0,0.0,0,,0,0,0,,,0.0,,0,0,0,0,0,0,,0,,,0,0,0.0,,,0,0,,,0,0,,0,0,0.0,0,,0,0,0,,,0.0,,0,0,0,0,0,0,,0,,,0,0,0.0,,,0,0,,,0,0,,0,0,0.0,0,,0,0,0,,,0.0,,0,0,0,0,0,0,,0,,,0,0,0.0,,,0,0,,,0,0,,0,0,0.0,0,,0,0,0,,,0.0,,0,0,0,0,0,0,,0,,100.0,1,1,100.0,8.0,2.1,0,0,0.0,100.0,1,0,0.0,1,0,3.65,1,62.2,0,0,1,100.0,,118.8,0.0,0,0,0,0,0,0,0.0,24,24.0,0,,0,0,0.0,,,0,0,,,0,0,,0,0,0.0,0,,0,0,0,,,0.0,,0,0,0,0,0,0,,0,,349,,0,0,0.0,,,0,0,,,0,0,,0,0,0.0,0,,0,0,0,,,0.0,,0,0,0,0,0,0,,0,,,0,0,0.0,,,0,0,,,0,0,,0,0,0.0,0,,0,0,0,,,0.0,,0,0,0,0,0,0,,0,,,0,0,0.0,,,0,0,,,0,0,,0,0,0.0,0,,0,0,0,,,0.0,,0,0,0,0,0,0,,0,,,0,0,0.0,,,0,0,,,0,0,,0,0,0.0,0,,0,0,0,,,0.0,,0,0,0,0,0,0,,0,,,0,0,0.0,,,0,0,,,0,0,,0,0,0.0,0,,0,0,0,,,0.0,,0,0,0,0,0,0,,0,,0,,0,0,0.0,,,0,0,,,0,0,,0,0,0.0,0,,0,0,0,,,0.0,,0,0,0,0,0,0,,0,,,0,0,0.0,,,0,0,,,0,0,,0,0,0.0,0,,0,0,0,,,0.0,,0,0,0,0,0,0,,0,,,0,0,0.0,,,0,0,,,0,0,,0,0,0.0,0,,0,0,0,,,0.0,,0,0,0,0,0,0,,0,,,0,0,0.0,,,0,0,,,0,0,,0,0,0.0,0,,0,0,0,,,0.0,,0,0,0,0,0,0,,0,,100.0,1,1,100.0,8.0,2.1,0,0,0.0,100.0,1,0,0.0,1,0,3.65,1,62.2,0,0,1,100.0,,118.8,0.0,0,0,0,0,0,0,0.0,24,24.0
John Hoyet Chance,189821,P,LA TECH,1,1,1,,0,0,0.0,,,0,0,,,0,0,,0,0,0.0,0,,0,0,0,,,0.0,,0,0,0,0,0,0,,0,,,0,0,0.0,,,0,0,,,0,0,,0,0,0.0,0,,0,0,0,,,0.0,,0,0,0,0,0,0,,0,,,0,0,0.0,,,0,0,,,0,0,,0,0,0.0,0,,0,0,0,,,0.0,,0,0,0,0,0,0,,0,,,0,0,0.0,,,0,0,,,0,0,,0,0,0.0,0,,0,0,0,,,0.0,,0,0,0,0,0,0,,0,,,0,0,0.0,,,0,0,,,0,0,,0,0,0.0,0,,0,0,0,,,0.0,,0,0,0,0,0,0,,0,,0,,0,0,0.0,,,0,0,,,0,0,,0,0,0.0,0,,0,0,0,,,0.0,,0,0,0,0,0,0,,0,,208,,0,0,0.0,,,0,0,,,0,0,,0,0,0.0,0,,0,0,0,,,0.0,,0,0,0,0,0,0,,0,,,0,0,0.0,,,0,0,,,0,0,,0,0,0.0,0,,0,0,0,,,0.0,,0,0,0,0,0,0,,0,,,0,0,0.0,,,0,0,,,0,0,,0,0,0.0,0,,0,0,0,,,0.0,,0,0,0,0,0,0,,0,,,0,0,0.0,,,0,0,,,0,0,,0,0,0.0,0,,0,0,0,,,0.0,,0,0,0,0,0,0,,0,,0.0,1,1,100.0,10.0,1.9,0,0,0.0,0.0,0,0,,1,0,-3.0,0,57.7,0,0,1,0.0,,39.6,0.0,0,0,0,0,0,0,0.0,0,0.0,0,,0,0,0.0,,,0,0,,,0,0,,0,0,0.0,0,,0,0,0,,,0.0,,0,0,0,0,0,0,,0,,,0,0,0.0,,,0,0,,,0,0,,0,0,0.0,0,,0,0,0,,,0.0,,0,0,0,0,0,0,,0,,0.0,1,1,100.0,10.0,1.9,0,0,0.0,0.0,0,0,,1,0,-3.0,0,57.7,0,0,1,0.0,,39.6,0.0,0,0,0,0,0,0,0.0,0,0.0,,0,0,0.0,,,0,0,,,0,0,,0,0,0.0,0,,0,0,0,,,0.0,,0,0,0,0,0,0,,0,,,0,0,0.0,,,0,0,,,0,0,,0,0,0.0,0,,0,0,0,,,0.0,,0,0,0,0,0,0,,0,
Randy Pittman Jr.,176195,TE,FLORIDA ST,1,1,1,,0,0,0.0,,,0,0,,,0,0,,0,0,0.0,0,,0,0,0,,,0.0,,0,0,0,0,0,0,,0,,,0,0,0.0,,,0,0,,,0,0,,0,0,0.0,0,,0,0,0,,,0.0,,0,0,0,0,0,0,,0,,,0,0,0.0,,,0,0,,,0,0,,0,0,0.0,0,,0,0,0,,,0.0,,0,0,0,0,0,0,,0,,,0,0,0.0,,,0,0,,,0,0,,0,0,0.0,0,,0,0,0,,,0.0,,0,0,0,0,0,0,,0,,100.0,1,1,100.0,8.0,2.1,0,0,0.0,100.0,1,1,0.0,1,0,1.59,1,71.7,0,0,1,100.0,0.0,122.9,0.0,0,0,0,0,1,0,0.0,4,4.0,0,,0,0,0.0,,,0,0,,,0,0,,0,0,0.0,0,,0,0,0,,,0.0,,0,0,0,0,0,0,,0,,167,,0,0,0.0,,,0,0,,,0,0,,0,0,0.0,0,,0,0,0,,,0.0,,0,0,0,0,0,0,,0,,,0,0,0.0,,,0,0,,,0,0,,0,0,0.0,0,,0,0,0,,,0.0,,0,0,0,0,0,0,,0,,,0,0,0.0,,,0,0,,,0,0,,0,0,0.0,0,,0,0,0,,,0.0,,0,0,0,0,0,0,,0,,,0,0,0.0,,,0,0,,,0,0,,0,0,0.0,0,,0,0,0,,,0.0,,0,0,0,0,0,0,,0,,,0,0,0.0,,,0,0,,,0,0,,0,0,0.0,0,,0,0,0,,,0.0,,0,0,0,0,0,0,,0,,0,,0,0,0.0,,,0,0,,,0,0,,0,0,0.0,0,,0,0,0,,,0.0,,0,0,0,0,0,0,,0,,,0,0,0.0,,,0,0,,,0,0,,0,0,0.0,0,,0,0,0,,,0.0,,0,0,0,0,0,0,,0,,,0,0,0.0,,,0,0,,,0,0,,0,0,0.0,0,,0,0,0,,,0.0,,0,0,0,0,0,0,,0,,,0,0,0.0,,,0,0,,,0,0,,0,0,0.0,0,,0,0,0,,,0.0,,0,0,0,0,0,0,,0,,100.0,1,1,100.0,8.0,2.1,0,0,0.0,100.0,1,1,0.0,1,0,1.59,1,71.7,0,0,1,100.0,0.0,122.9,0.0,0,0,0,0,1,0,0.0,4,4.0
Ian Ratliff,176183,P,APP STATE,2,1,1,,0,0,0.0,,,0,0,,,0,0,,0,0,0.0,0,,0,0,0,,,0.0,,0,0,0,0,0,0,,0,,,0,0,0.0,,,0,0,,,0,0,,0,0,0.0,0,,0,0,0,,,0.0,,0,0,0,0,0,0,,0,,,0,0,0.0,,,0,0,,,0,0,,0,0,0.0,0,,0,0,0,,,0.0,,0,0,0,0,0,0,,0,,100.0,1,1,100.0,11.0,2.5,0,0,0.0,100.0,1,0,0.0,1,0,4.44,1,75.4,0,0,1,100.0,,118.8,0.0,0,0,0,0,0,0,0.0,23,23.0,,0,0,0.0,,,0,0,,,0,0,,0,0,0.0,0,,0,0,0,,,0.0,,0,0,0,0,0,0,,0,,0,,0,0,0.0,,,0,0,,,0,0,,0,0,0.0,0,,0,0,0,,,0.0,,0,0,0,0,0,0,,0,,108,,0,0,0.0,,,0,0,,,0,0,,0,0,0.0,0,,0,0,0,,,0.0,,0,0,0,0,0,0,,0,,,0,0,0.0,,,0,0,,,0,0,,0,0,0.0,0,,0,0,0,,,0.0,,0,0,0,0,0,0,,0,,,0,0,0.0,,,0,0,,,0,0,,0,0,0.0,0,,0,0,0,,,0.0,,0,0,0,0,0,0,,0,,,0,0,0.0,,,0,0,,,0,0,,0,0,0.0,0,,0,0,0,,,0.0,,0,0,0,0,0,0,,0,,100.0,1,1,100.0,11.0,2.5,0,0,0.0,100.0,1,0,0.0,1,0,4.44,1,72.4,0,0,2,100.0,,118.8,0.0,0,0,0,0,0,0,0.0,23,23.0,0,,0,0,0.0,,,0,0,,,0,0,,0,0,0.0,0,,0,0,0,,,0.0,,0,0,0,0,0,0,,0,,,0,0,0.0,,,0,0,,,0,0,,0,0,0.0,0,,0,0,0,,,0.0,,0,0,0,0,0,0,,0,,,0,0,0.0,,,0,0,0.0,,0,0,,0,0,0.0,0,58.1,0,0,1,,,0.0,,0,0,0,0,0,0,0.0,0,,,0,0,0.0,,,0,0,,,0,0,,0,0,0.0,0,,0,0,0,,,0.0,,0,0,0,0,0,0,,0,,,0,0,0.0,,,0,0,,,0,0,,0,0,0.0,0,,0,0,0,,,0.0,,0,0,0,0,0,0,,0,
Na'eem Abdul-Rahim Gladding,190053,WR,DOMINION,1,1,1,100.0,1,1,100.0,-4.0,2.8,0,0,0.0,100.0,1,1,0.0,1,0,0.38,0,61.0,0,0,1,100.0,0.0,87.5,0.0,0,0,0,0,0,0,0.0,5,5.0,100.0,1,1,100.0,-4.0,2.8,0,0,0.0,100.0,1,1,0.0,1,0,0.38,0,61.0,0,0,1,100.0,0.0,87.5,0.0,0,0,0,0,0,0,0.0,5,5.0,,0,0,0.0,,,0,0,,,0,0,,0,0,0.0,0,,0,0,0,,,0.0,,0,0,0,0,0,0,,0,,,0,0,0.0,,,0,0,,,0,0,,0,0,0.0,0,,0,0,0,,,0.0,,0,0,0,0,0,0,,0,,,0,0,0.0,,,0,0,,,0,0,,0,0,0.0,0,,0,0,0,,,0.0,,0,0,0,0,0,0,,0,,0,,0,0,0.0,,,0,0,,,0,0,,0,0,0.0,0,,0,0,0,,,0.0,,0,0,0,0,0,0,,0,,263,,0,0,0.0,,,0,0,,,0,0,,0,0,0.0,0,,0,0,0,,,0.0,,0,0,0,0,0,0,,0,,,0,0,0.0,,,0,0,,,0,0,,0,0,0.0,0,,0,0,0,,,0.0,,0,0,0,0,0,0,,0,,,0,0,0.0,,,0,0,,,0,0,,0,0,0.0,0,,0,0,0,,,0.0,,0,0,0,0,0,0,,0,,,0,0,0.0,,,0,0,,,0,0,,0,0,0.0,0,,0,0,0,,,0.0,,0,0,0,0,0,0,,0,,,0,0,0.0,,,0,0,,,0,0,,0,0,0.0,0,,0,0,0,,,0.0,,0,0,0,0,0,0,,0,,0,,0,0,0.0,,,0,0,,,0,0,,0,0,0.0,0,,0,0,0,,,0.0,,0,0,0,0,0,0,,0,,,0,0,0.0,,,0,0,,,0,0,,0,0,0.0,0,,0,0,0,,,0.0,,0,0,0,0,0,0,,0,,,0,0,0.0,,,0,0,,,0,0,,0,0,0.0,0,,0,0,0,,,0.0,,0,0,0,0,0,0,,0,,,0,0,0.0,,,0,0,,,0,0,,0,0,0.0,0,,0,0,0,,,0.0,,0,0,0,0,0,0,,0,,,0,0,0.0,,,0,0,,,0,0,,0,0,0.0,0,,0,0,0,,,0.0,,0,0,0,0,0,0,,0,
Jordyn Tyson,157690,WR,ARIZONA ST,1,1,1,,0,0,0.0,,,0,0,,,0,0,,0,0,0.0,0,,0,0,0,,,0.0,,0,0,0,0,0,0,,0,,,0,0,0.0,,,0,0,,,0,0,,0,0,0.0,0,,0,0,0,,,0.0,,0,0,0,0,0,0,,0,,0.0,1,1,100.0,27.0,3.0,0,0,0.0,0.0,0,0,,1,0,-0.4,0,51.9,0,0,1,0.0,,39.6,0.0,0,0,0,0,0,0,0.0,0,0.0,,0,0,0.0,,,0,0,,,0,0,,0,0,0.0,0,,0,0,0,,,0.0,,0,0,0,0,0,0,,0,,,0,0,0.0,,,0,0,,,0,0,,0,0,0.0,0,,0,0,0,,,0.0,,0,0,0,0,0,0,,0,,0,0.0,1,1,100.0,27.0,3.0,0,0,0.0,0.0,0,0,,1,0,-0.4,0,51.9,0,0,1,0.0,,39.6,0.0,0,0,0,0,0,0,0.0,0,0.0,110,,0,0,0.0,,,0,0,,,0,0,,0,0,0.0,0,,0,0,0,,,0.0,,0,0,0,0,0,0,,0,,,0,0,0.0,,,0,0,,,0,0,,0,0,0.0,0,,0,0,0,,,0.0,,0,0,0,0,0,0,,0,,,0,0,0.0,,,0,0,,,0,0,,0,0,0.0,0,,0,0,0,,,0.0,,0,0,0,0,0,0,,0,,,0,0,0.0,,,0,0,,,0,0,,0,0,0.0,0,,0,0,0,,,0.0,,0,0,0,0,0,0,,0,,,0,0,0.0,,,0,0,,,0,0,,0,0,0.0,0,,0,0,0,,,0.0,,0,0,0,0,0,0,,0,,0,,0,0,0.0,,,0,0,,,0,0,,0,0,0.0,0,,0,0,0,,,0.0,,0,0,0,0,0,0,,0,,,0,0,0.0,,,0,0,,,0,0,,0,0,0.0,0,,0,0,0,,,0.0,,0,0,0,0,0,0,,0,,,0,0,0.0,,,0,0,,,0,0,,0,0,0.0,0,,0,0,0,,,0.0,,0,0,0,0,0,0,,0,,,0,0,0.0,,,0,0,,,0,0,,0,0,0.0,0,,0,0,0,,,0.0,,0,0,0,0,0,0,,0,,,0,0,0.0,,,0,0,,,0,0,,0,0,0.0,0,,0,0,0,,,0.0,,0,0,0,0,0,0,,0,
Deuce Alexander,176077,WR,OLE MISS,1,0,1,,0,0,,,,0,0,,,0,0,,0,0,0.0,0,,0,0,0,,,0.0,,0,0,0,0,0,0,,0,,,0,0,,,,0,0,,,0,0,,0,0,0.0,0,,0,0,0,,,0.0,,0,0,0,0,0,0,,0,,,0,0,,,,0,0,,,0,0,,0,0,0.0,0,,0,0,0,,,0.0,,0,0,0,0,0,0,,0,,,0,0,,,,0,0,,,0,0,,0,0,0.0,0,,0,0,0,,,0.0,,0,0,0,0,0,0,,0,,,0,0,,,,0,0,,,0,0,,0,0,0.0,0,,0,0,0,,,0.0,,0,0,0,0,0,0,,0,,0,,0,0,,,,0,0,,,0,0,,0,0,0.0,0,,0,0,0,,,0.0,,0,0,0,0,0,0,,0,,226,,0,0,,,,0,0,,,0,0,,0,0,0.0,0,,0,0,0,,,0.0,,0,0,0,0,0,0,,0,,,0,0,,,,0,0,,,0,0,,0,0,0.0,0,,0,0,0,,,0.0,,0,0,0,0,0,0,,0,,,0,0,,,,0,0,,,0,0,,0,0,0.0,0,,0,0,0,,,0.0,,0,0,0,0,0,0,,0,,,0,0,,,,0,0,,,0,0,,0,0,0.0,0,,0,0,0,,,0.0,,0,0,0,0,0,0,,0,,,0,0,,,,0,0,,,0,0,,0,0,0.0,0,,0,0,0,,,0.0,,0,0,0,0,0,0,,0,,0,,0,0,,,,0,0,,,0,0,,0,0,0.0,0,,0,0,0,,,0.0,,0,0,0,0,0,0,,0,,,0,0,,,,0,0,,,0,0,,0,0,0.0,0,,0,0,0,,,0.0,,0,0,0,0,0,0,,0,,,0,0,,,,0,0,,,0,0,,0,0,0.0,0,,0,0,0,,,0.0,,0,0,0,0,0,0,,0,,,0,0,,,,0,0,,,0,0,,0,0,0.0,0,,0,0,0,,,0.0,,0,0,0,0,0,0,,0,,,0,0,,,,0,0,,,0,0,,0,0,0.0,0,,0,0,0,,,0.0,,0,0,0,0,0,0,,0,
Colton Allen,157725,QB,COLORADO,1,1,1,100.0,1,1,100.0,-1.0,1.6,0,0,0.0,100.0,1,0,0.0,1,0,0.0,0,61.0,0,0,1,0.0,,83.3,0.0,0,0,0,0,0,0,0.0,4,4.0,,0,0,0.0,,,0,0,,,0,0,,0,0,0.0,0,,0,0,0,,,0.0,,0,0,0,0,0,0,,0,,,0,0,0.0,,,0,0,,,0,0,,0,0,0.0,0,,0,0,0,,,0.0,,0,0,0,0,0,0,,0,,,0,0,0.0,,,0,0,,,0,0,,0,0,0.0,0,,0,0,0,,,0.0,,0,0,0,0,0,0,,0,,,0,0,0.0,,,0,0,,,0,0,,0,0,0.0,0,,0,0,0,,,0.0,,0,0,0,0,0,0,,0,,0,,0,0,0.0,,,0,0,,,0,0,,0,0,0.0,0,,0,0,0,,,0.0,,0,0,0,0,0,0,,0,,143,100.0,1,1,100.0,-1.0,1.6,0,0,0.0,100.0,1,0,0.0,1,0,0.0,0,61.0,0,0,1,0.0,,83.3,0.0,0,0,0,0,0,0,0.0,4,4.0,,0,0,0.0,,,0,0,,,0,0,,0,0,0.0,0,,0,0,0,,,0.0,,0,0,0,0,0,0,,0,,,0,0,0.0,,,0,0,,,0,0,,0,0,0.0,0,,0,0,0,,,0.0,,0,0,0,0,0,0,,0,,,0,0,0.0,,,0,0,,,0,0,,0,0,0.0,0,,0,0,0,,,0.0,,0,0,0,0,0,0,,0,,,0,0,0.0,,,0,0,,,0,0,,0,0,0.0,0,,0,0,0,,,0.0,,0,0,0,0,0,0,,0,,0,,0,0,0.0,,,0,0,,,0,0,,0,0,0.0,0,,0,0,0,,,0.0,,0,0,0,0,0,0,,0,,,0,0,0.0,,,0,0,,,0,0,,0,0,0.0,0,,0,0,0,,,0.0,,0,0,0,0,0,0,,0,,,0,0,0.0,,,0,0,,,0,0,,0,0,0.0,0,,0,0,0,,,0.0,,0,0,0,0,0,0,,0,,,0,0,0.0,,,0,0,,,0,0,,0,0,0.0,0,,0,0,0,,,0.0,,0,0,0,0,0,0,,0,,,0,0,0.0,,,0,0,,,0,0,,0,0,0.0,0,,0,0,0,,,0.0,,0,0,0,0,0,0,,0,
Ashton Logan,157726,P,MIDDLE TN,1,1,1,0.0,1,1,100.0,-4.0,1.9,0,0,0.0,0.0,0,0,,1,0,-3.52,0,54.4,0,0,1,0.0,,39.6,0.0,0,0,0,0,0,0,0.0,0,0.0,0.0,1,1,100.0,-4.0,1.9,0,0,0.0,0.0,0,0,,1,0,-3.52,0,54.4,0,0,1,0.0,,39.6,0.0,0,0,0,0,0,0,0.0,0,0.0,,0,0,0.0,,,0,0,,,0,0,,0,0,0.0,0,,0,0,0,,,0.0,,0,0,0,0,0,0,,0,,,0,0,0.0,,,0,0,,,0,0,,0,0,0.0,0,,0,0,0,,,0.0,,0,0,0,0,0,0,,0,,,0,0,0.0,,,0,0,,,0,0,,0,0,0.0,0,,0,0,0,,,0.0,,0,0,0,0,0,0,,0,,0,,0,0,0.0,,,0,0,,,0,0,,0,0,0.0,0,,0,0,0,,,0.0,,0,0,0,0,0,0,,0,,224,,0,0,0.0,,,0,0,,,0,0,,0,0,0.0,0,,0,0,0,,,0.0,,0,0,0,0,0,0,,0,,,0,0,0.0,,,0,0,,,0,0,,0,0,0.0,0,,0,0,0,,,0.0,,0,0,0,0,0,0,,0,,,0,0,0.0,,,0,0,,,0,0,,0,0,0.0,0,,0,0,0,,,0.0,,0,0,0,0,0,0,,0,,,0,0,0.0,,,0,0,,,0,0,,0,0,0.0,0,,0,0,0,,,0.0,,0,0,0,0,0,0,,0,,,0,0,0.0,,,0,0,,,0,0,,0,0,0.0,0,,0,0,0,,,0.0,,0,0,0,0,0,0,,0,,0,,0,0,0.0,,,0,0,,,0,0,,0,0,0.0,0,,0,0,0,,,0.0,,0,0,0,0,0,0,,0,,,0,0,0.0,,,0,0,,,0,0,,0,0,0.0,0,,0,0,0,,,0.0,,0,0,0,0,0,0,,0,,,0,0,0.0,,,0,0,,,0,0,,0,0,0.0,0,,0,0,0,,,0.0,,0,0,0,0,0,0,,0,,,0,0,0.0,,,0,0,,,0,0,,0,0,0.0,0,,0,0,0,,,0.0,,0,0,0,0,0,0,,0,,,0,0,0.0,,,0,0,,,0,0,,0,0,0.0,0,,0,0,0,,,0.0,,0,0,0,0,0,0,,0,
Duane Thomas Jr.,175797,WR,UCF,1,1,1,,0,0,0.0,,,0,0,,,0,0,,0,0,0.0,0,,0,0,0,,,0.0,,0,0,0,0,0,0,,0,,,0,0,0.0,,,0,0,,,0,0,,0,0,0.0,0,,0,0,0,,,0.0,,0,0,0,0,0,0,,0,,,0,0,0.0,,,0,0,,,0,0,,0,0,0.0,0,,0,0,0,,,0.0,,0,0,0,0,0,0,,0,,,0,0,0.0,,,0,0,,,0,0,,0,0,0.0,0,,0,0,0,,,0.0,,0,0,0,0,0,0,,0,,,0,0,0.0,,,0,0,,,0,0,,0,0,0.0,0,,0,0,0,,,0.0,,0,0,0,0,0,0,,0,,0,,0,0,0.0,,,0,0,,,0,0,,0,0,0.0,0,,0,0,0,,,0.0,,0,0,0,0,0,0,,0,,323,,0,0,0.0,,,0,0,,,0,0,,0,0,0.0,0,,0,0,0,,,0.0,,0,0,0,0,0,0,,0,,,0,0,0.0,,,0,0,,,0,0,,0,0,0.0,0,,0,0,0,,,0.0,,0,0,0,0,0,0,,0,,,0,0,0.0,,,0,0,,,0,0,,0,0,0.0,0,,0,0,0,,,0.0,,0,0,0,0,0,0,,0,,,0,0,0.0,,,0,0,,,0,0,,0,0,0.0,0,,0,0,0,,,0.0,,0,0,0,0,0,0,,0,,,0,0,0.0,,,0,0,,,0,0,,0,0,0.0,0,,0,0,0,,,0.0,,0,0,0,0,0,0,,0,,0,,0,0,0.0,,,0,0,,,0,0,,0,0,0.0,0,,0,0,0,,,0.0,,0,0,0,0,0,0,,0,,,0,0,0.0,,,0,0,,,0,0,,0,0,0.0,0,,0,0,0,,,0.0,,0,0,0,0,0,0,,0,,,0,0,0.0,,,0,0,,,0,0,,0,0,0.0,0,,0,0,0,,,0.0,,0,0,0,0,0,0,,0,,0.0,1,1,100.0,8.0,4.3,0,0,0.0,0.0,0,0,,1,0,-3.49,0,28.7,0,1,1,0.0,,0.0,0.0,0,0,0,0,0,1,100.0,0,0.0,0.0,1,1,100.0,8.0,4.3,0,0,0.0,0.0,0,0,,1,0,-3.49,0,28.7,0,1,1,0.0,,0.0,0.0,0,0,0,0,0,1,100.0,0,0.0
Tay Lanier,78216,WR,COLO STATE,2,1,1,,0,0,0.0,,,0,0,,,0,0,,0,0,0.0,0,,0,0,0,,,0.0,,0,0,0,0,0,0,,0,,,0,0,0.0,,,0,0,,,0,0,,0,0,0.0,0,,0,0,0,,,0.0,,0,0,0,0,0,0,,0,,,0,0,0.0,,,0,0,,,0,0,,0,0,0.0,0,,0,0,0,,,0.0,,0,0,0,0,0,0,,0,,,0,0,0.0,,,0,0,,,0,0,,0,0,0.0,0,,0,0,0,,,0.0,,0,0,0,0,0,0,,0,,,0,0,0.0,,,0,0,,,0,0,,0,0,0.0,0,,0,0,0,,,0.0,,0,0,0,0,0,0,,0,,0,,0,0,0.0,,,0,0,,,0,0,,0,0,0.0,0,,0,0,0,,,0.0,,0,0,0,0,0,0,,0,,144,,0,0,0.0,,,0,0,,,0,0,,0,0,0.0,0,,0,0,0,,,0.0,,0,0,0,0,0,0,,0,,,0,0,0.0,,,0,0,,,0,0,,0,0,0.0,0,,0,0,0,,,0.0,,0,0,0,0,0,0,,0,,,0,0,0.0,,,0,0,,,0,0,,0,0,0.0,0,,0,0,0,,,0.0,,0,0,0,0,0,0,,0,,,0,0,0.0,,,0,0,,,0,0,,0,0,0.0,0,,0,0,0,,,0.0,,0,0,0,0,0,0,,0,,,0,0,0.0,,,0,0,,,0,0,,0,0,0.0,0,,0,0,0,,,0.0,,0,0,0,0,0,0,,0,,0,,0,0,0.0,,,0,0,,,0,0,,0,0,0.0,0,,0,0,0,,,0.0,,0,0,0,0,0,0,,0,,,0,0,0.0,,,0,0,,,0,0,,0,0,0.0,0,,0,0,0,,,0.0,,0,0,0,0,0,0,,0,,,0,0,0.0,,,0,0,,,0,0,,0,0,0.0,0,,0,0,0,,,0.0,,0,0,0,0,0,0,,0,,100.0,1,1,100.0,7.0,3.1,0,0,0.0,100.0,1,0,0.0,1,0,0.64,0,60.4,0,0,1,100.0,,104.2,0.0,0,0,0,0,0,0,0.0,9,9.0,100.0,1,1,100.0,7.0,3.1,0,0,0.0,100.0,1,0,0.0,1,0,0.64,0,60.4,0,0,1,100.0,,104.2,0.0,0,0,0,0,0,0,0.0,9,9.0
Joseph Williams,190753,WR,COLORADO,1,1,1,0.0,1,1,100.0,-5.0,5.7,0,0,0.0,0.0,0,1,,1,0,-0.75,0,60.4,0,0,1,0.0,0.0,39.6,0.0,0,0,0,0,0,0,0.0,0,0.0,,0,0,0.0,,,0,0,,,0,0,,0,0,0.0,0,,0,0,0,,,0.0,,0,0,0,0,0,0,,0,,,0,0,0.0,,,0,0,,,0,0,,0,0,0.0,0,,0,0,0,,,0.0,,0,0,0,0,0,0,,0,,,0,0,0.0,,,0,0,,,0,0,,0,0,0.0,0,,0,0,0,,,0.0,,0,0,0,0,0,0,,0,,,0,0,0.0,,,0,0,,,0,0,,0,0,0.0,0,,0,0,0,,,0.0,,0,0,0,0,0,0,,0,,0,,0,0,0.0,,,0,0,,,0,0,,0,0,0.0,0,,0,0,0,,,0.0,,0,0,0,0,0,0,,0,,143,,0,0,0.0,,,0,0,,,0,0,,0,0,0.0,0,,0,0,0,,,0.0,,0,0,0,0,0,0,,0,,,0,0,0.0,,,0,0,,,0,0,,0,0,0.0,0,,0,0,0,,,0.0,,0,0,0,0,0,0,,0,,,0,0,0.0,,,0,0,,,0,0,,0,0,0.0,0,,0,0,0,,,0.0,,0,0,0,0,0,0,,0,,,0,0,0.0,,,0,0,,,0,0,,0,0,0.0,0,,0,0,0,,,0.0,,0,0,0,0,0,0,,0,,,0,0,0.0,,,0,0,,,0,0,,0,0,0.0,0,,0,0,0,,,0.0,,0,0,0,0,0,0,,0,,0,0.0,1,1,100.0,-5.0,5.7,0,0,0.0,0.0,0,1,,1,0,-0.75,0,60.4,0,0,1,0.0,0.0,39.6,0.0,0,0,0,0,0,0,0.0,0,0.0,,0,0,0.0,,,0,0,,,0,0,,0,0,0.0,0,,0,0,0,,,0.0,,0,0,0,0,0,0,,0,,,0,0,0.0,,,0,0,,,0,0,,0,0,0.0,0,,0,0,0,,,0.0,,0,0,0,0,0,0,,0,,,0,0,0.0,,,0,0,,,0,0,,0,0,0.0,0,,0,0,0,,,0.0,,0,0,0,0,0,0,,0,,,0,0,0.0,,,0,0,,,0,0,,0,0,0.0,0,,0,0,0,,,0.0,,0,0,0,0,0,0,,0,
Jordan Napier,175759,WR,S DIEGO ST,1,1,1,,0,0,0.0,,,0,0,,,0,0,,0,0,0.0,0,,0,0,0,,,0.0,,0,0,0,0,0,0,,0,,,0,0,0.0,,,0,0,,,0,0,,0,0,0.0,0,,0,0,0,,,0.0,,0,0,0,0,0,0,,0,,,0,0,0.0,,,0,0,,,0,0,,0,0,0.0,0,,0,0,0,,,0.0,,0,0,0,0,0,0,,0,,,0,0,0.0,,,0,0,,,0,0,,0,0,0.0,0,,0,0,0,,,0.0,,0,0,0,0,0,0,,0,,,0,0,0.0,,,0,0,,,0,0,,0,0,0.0,0,,0,0,0,,,0.0,,0,0,0,0,0,0,,0,,0,0.0,1,1,100.0,33.0,5.1,0,0,0.0,0.0,0,0,,1,0,-0.65,0,27.5,0,0,1,0.0,,39.6,0.0,0,0,0,0,0,1,100.0,0,0.0,284,,0,0,0.0,,,0,0,,,0,0,,0,0,0.0,0,,0,0,0,,,0.0,,0,0,0,0,0,0,,0,,0.0,1,1,100.0,33.0,5.1,0,0,0.0,0.0,0,0,,1,0,-0.65,0,27.5,0,0,1,0.0,,39.6,0.0,0,0,0,0,0,1,100.0,0,0.0,,0,0,0.0,,,0,0,,,0,0,,0,0,0.0,0,,0,0,0,,,0.0,,0,0,0,0,0,0,,0,,,0,0,0.0,,,0,0,,,0,0,,0,0,0.0,0,,0,0,0,,,0.0,,0,0,0,0,0,0,,0,,,0,0,0.0,,,0,0,,,0,0,,0,0,0.0,0,,0,0,0,,,0.0,,0,0,0,0,0,0,,0,,0,,0,0,0.0,,,0,0,,,0,0,,0,0,0.0,0,,0,0,0,,,0.0,,0,0,0,0,0,0,,0,,,0,0,0.0,,,0,0,,,0,0,,0,0,0.0,0,,0,0,0,,,0.0,,0,0,0,0,0,0,,0,,,0,0,0.0,,,0,0,,,0,0,,0,0,0.0,0,,0,0,0,,,0.0,,0,0,0,0,0,0,,0,,,0,0,0.0,,,0,0,,,0,0,,0,0,0.0,0,,0,0,0,,,0.0,,0,0,0,0,0,0,,0,,,0,0,0.0,,,0,0,,,0,0,,0,0,0.0,0,,0,0,0,,,0.0,,0,0,0,0,0,0,,0,
Gavin Freeman,158078,WR,OKLA STATE,1,1,1,0.0,1,1,100.0,-4.0,3.3,0,0,0.0,0.0,0,1,,1,0,-1.17,0,56.8,0,0,1,0.0,0.0,39.6,0.0,0,0,0,0,0,0,0.0,0,0.0,0.0,1,1,100.0,-4.0,3.3,0,0,0.0,0.0,0,1,,1,0,-1.17,0,56.8,0,0,1,0.0,0.0,39.6,0.0,0,0,0,0,0,0,0.0,0,0.0,,0,0,0.0,,,0,0,,,0,0,,0,0,0.0,0,,0,0,0,,,0.0,,0,0,0,0,0,0,,0,,,0,0,0.0,,,0,0,,,0,0,,0,0,0.0,0,,0,0,0,,,0.0,,0,0,0,0,0,0,,0,,,0,0,0.0,,,0,0,,,0,0,,0,0,0.0,0,,0,0,0,,,0.0,,0,0,0,0,0,0,,0,,0,,0,0,0.0,,,0,0,,,0,0,,0,0,0.0,0,,0,0,0,,,0.0,,0,0,0,0,0,0,,0,,262,,0,0,0.0,,,0,0,,,0,0,,0,0,0.0,0,,0,0,0,,,0.0,,0,0,0,0,0,0,,0,,,0,0,0.0,,,0,0,,,0,0,,0,0,0.0,0,,0,0,0,,,0.0,,0,0,0,0,0,0,,0,,,0,0,0.0,,,0,0,,,0,0,,0,0,0.0,0,,0,0,0,,,0.0,,0,0,0,0,0,0,,0,,,0,0,0.0,,,0,0,,,0,0,,0,0,0.0,0,,0,0,0,,,0.0,,0,0,0,0,0,0,,0,,,0,0,0.0,,,0,0,,,0,0,,0,0,0.0,0,,0,0,0,,,0.0,,0,0,0,0,0,0,,0,,0,,0,0,0.0,,,0,0,,,0,0,,0,0,0.0,0,,0,0,0,,,0.0,,0,0,0,0,0,0,,0,,,0,0,0.0,,,0,0,,,0,0,,0,0,0.0,0,,0,0,0,,,0.0,,0,0,0,0,0,0,,0,,,0,0,0.0,,,0,0,,,0,0,,0,0,0.0,0,,0,0,0,,,0.0,,0,0,0,0,0,0,,0,,,0,0,0.0,,,0,0,,,0,0,,0,0,0.0,0,,0,0,0,,,0.0,,0,0,0,0,0,0,,0,,,0,0,0.0,,,0,0,,,0,0,,0,0,0.0,0,,0,0,0,,,0.0,,0,0,0,0,0,0,,0,
Drew Wagner,190897,WR,NWESTERN,1,0,1,,0,0,,,,0,0,,,0,0,,0,0,0.0,0,,0,0,0,,,0.0,,0,0,0,0,0,0,,0,,,0,0,,,,0,0,,,0,0,,0,0,0.0,0,,0,0,0,,,0.0,,0,0,0,0,0,0,,0,,,0,0,,,,0,0,,,0,0,,0,0,0.0,0,,0,0,0,,,0.0,,0,0,0,0,0,0,,0,,,0,0,,,,0,0,,,0,0,,0,0,0.0,0,,0,0,0,,,0.0,,0,0,0,0,0,0,,0,,,0,0,,,,0,0,,,0,0,,0,0,0.0,0,,0,0,0,,,0.0,,0,0,0,0,0,0,,0,,0,,0,0,,,,0,0,,,0,0,,0,0,0.0,0,,0,0,0,,,0.0,,0,0,0,0,0,0,,0,,256,,0,0,,,,0,0,,,0,0,,0,0,0.0,0,,0,0,0,,,0.0,,0,0,0,0,0,0,,0,,,0,0,,,,0,0,,,0,0,,0,0,0.0,0,,0,0,0,,,0.0,,0,0,0,0,0,0,,0,,,0,0,,,,0,0,,,0,0,,0,0,0.0,0,,0,0,0,,,0.0,,0,0,0,0,0,0,,0,,,0,0,,,,0,0,,,0,0,,0,0,0.0,0,,0,0,0,,,0.0,,0,0,0,0,0,0,,0,,,0,0,,,,0,0,,,0,0,,0,0,0.0,0,,0,0,0,,,0.0,,0,0,0,0,0,0,,0,,0,,0,0,,,,0,0,,,0,0,,0,0,0.0,0,,0,0,0,,,0.0,,0,0,0,0,0,0,,0,,,0,0,,,,0,0,,,0,0,,0,0,0.0,0,,0,0,0,,,0.0,,0,0,0,0,0,0,,0,,,0,0,,,,0,0,,,0,0,,0,0,0.0,0,,0,0,0,,,0.0,,0,0,0,0,0,0,,0,,,0,0,,,,0,0,,,0,0,,0,0,0.0,0,,0,0,0,,,0.0,,0,0,0,0,0,0,,0,,,0,0,,,,0,0,,,0,0,,0,0,0.0,0,,0,0,0,,,0.0,,0,0,0,0,0,0,,0,
Shamar Rigby,190922,WR,OKLA STATE,1,1,1,,0,0,0.0,,,0,0,,,0,0,,0,0,0.0,0,,0,0,0,,,0.0,,0,0,0,0,0,0,,0,,,0,0,0.0,,,0,0,,,0,0,,0,0,0.0,0,,0,0,0,,,0.0,,0,0,0,0,0,0,,0,,100.0,1,1,100.0,25.0,3.3,0,0,0.0,100.0,1,0,0.0,1,0,5.1,1,76.6,0,0,1,100.0,,158.3,0.0,0,0,0,0,1,0,0.0,63,63.0,,0,0,0.0,,,0,0,,,0,0,,0,0,0.0,0,,0,0,0,,,0.0,,0,0,0,0,0,0,,0,,,0,0,0.0,,,0,0,,,0,0,,0,0,0.0,0,,0,0,0,,,0.0,,0,0,0,0,0,0,,0,,0,100.0,1,1,100.0,25.0,3.3,0,0,0.0,100.0,1,0,0.0,1,0,5.1,1,76.6,0,0,1,100.0,,158.3,0.0,0,0,0,0,1,0,0.0,63,63.0,262,,0,0,0.0,,,0,0,,,0,0,,0,0,0.0,0,,0,0,0,,,0.0,,0,0,0,0,0,0,,0,,,0,0,0.0,,,0,0,,,0,0,,0,0,0.0,0,,0,0,0,,,0.0,,0,0,0,0,0,0,,0,,,0,0,0.0,,,0,0,,,0,0,,0,0,0.0,0,,0,0,0,,,0.0,,0,0,0,0,0,0,,0,,,0,0,0.0,,,0,0,,,0,0,,0,0,0.0,0,,0,0,0,,,0.0,,0,0,0,0,0,0,,0,,,0,0,0.0,,,0,0,,,0,0,,0,0,0.0,0,,0,0,0,,,0.0,,0,0,0,0,0,0,,0,,0,,0,0,0.0,,,0,0,,,0,0,,0,0,0.0,0,,0,0,0,,,0.0,,0,0,0,0,0,0,,0,,,0,0,0.0,,,0,0,,,0,0,,0,0,0.0,0,,0,0,0,,,0.0,,0,0,0,0,0,0,,0,,,0,0,0.0,,,0,0,,,0,0,,0,0,0.0,0,,0,0,0,,,0.0,,0,0,0,0,0,0,,0,,,0,0,0.0,,,0,0,,,0,0,,0,0,0.0,0,,0,0,0,,,0.0,,0,0,0,0,0,0,,0,,,0,0,0.0,,,0,0,,,0,0,,0,0,0.0,0,,0,0,0,,,0.0,,0,0,0,0,0,0,,0,
Zachary Waters,175574,QB,FIU,1,1,1,100.0,1,1,100.0,-4.0,0.5,0,0,0.0,100.0,1,0,0.0,1,0,-1.04,0,61.0,0,0,1,0.0,,100.0,0.0,0,0,0,0,0,0,0.0,8,8.0,100.0,1,1,100.0,-4.0,0.5,0,0,0.0,100.0,1,0,0.0,1,0,-1.04,0,61.0,0,0,1,0.0,,100.0,0.0,0,0,0,0,0,0,0.0,8,8.0,,0,0,0.0,,,0,0,,,0,0,,0,0,0.0,0,,0,0,0,,,0.0,,0,0,0,0,0,0,,0,,,0,0,0.0,,,0,0,,,0,0,,0,0,0.0,0,,0,0,0,,,0.0,,0,0,0,0,0,0,,0,,,0,0,0.0,,,0,0,,,0,0,,0,0,0.0,0,,0,0,0,,,0.0,,0,0,0,0,0,0,,0,,0,,0,0,0.0,,,0,0,,,0,0,,0,0,0.0,0,,0,0,0,,,0.0,,0,0,0,0,0,0,,0,,166,,0,0,0.0,,,0,0,,,0,0,,0,0,0.0,0,,0,0,0,,,0.0,,0,0,0,0,0,0,,0,,,0,0,0.0,,,0,0,,,0,0,,0,0,0.0,0,,0,0,0,,,0.0,,0,0,0,0,0,0,,0,,,0,0,0.0,,,0,0,,,0,0,,0,0,0.0,0,,0,0,0,,,0.0,,0,0,0,0,0,0,,0,,,0,0,0.0,,,0,0,,,0,0,,0,0,0.0,0,,0,0,0,,,0.0,,0,0,0,0,0,0,,0,,,0,0,0.0,,,0,0,,,0,0,,0,0,0.0,0,,0,0,0,,,0.0,,0,0,0,0,0,0,,0,,0,,0,0,0.0,,,0,0,,,0,0,,0,0,0.0,0,,0,0,0,,,0.0,,0,0,0,0,0,0,,0,,,0,0,0.0,,,0,0,,,0,0,,0,0,0.0,0,,0,0,0,,,0.0,,0,0,0,0,0,0,,0,,,0,0,0.0,,,0,0,,,0,0,,0,0,0.0,0,,0,0,0,,,0.0,,0,0,0,0,0,0,,0,,,0,0,0.0,,,0,0,,,0,0,,0,0,0.0,0,,0,0,0,,,0.0,,0,0,0,0,0,0,,0,,,0,0,0.0,,,0,0,,,0,0,,0,0,0.0,0,,0,0,0,,,0.0,,0,0,0,0,0,0,,0,
Cam Bates,190986,WR,BOISE ST,1,1,1,,0,0,0.0,,,0,0,,,0,0,,0,0,0.0,0,,0,0,0,,,0.0,,0,0,0,0,0,0,,0,,,0,0,0.0,,,0,0,,,0,0,,0,0,0.0,0,,0,0,0,,,0.0,,0,0,0,0,0,0,,0,,,0,0,0.0,,,0,0,,,0,0,,0,0,0.0,0,,0,0,0,,,0.0,,0,0,0,0,0,0,,0,,,0,0,0.0,,,0,0,,,0,0,,0,0,0.0,0,,0,0,0,,,0.0,,0,0,0,0,0,0,,0,,,0,0,0.0,,,0,0,,,0,0,,0,0,0.0,0,,0,0,0,,,0.0,,0,0,0,0,0,0,,0,,0,,0,0,0.0,,,0,0,,,0,0,,0,0,0.0,0,,0,0,0,,,0.0,,0,0,0,0,0,0,,0,,120,,0,0,0.0,,,0,0,,,0,0,,0,0,0.0,0,,0,0,0,,,0.0,,0,0,0,0,0,0,,0,,,0,0,0.0,,,0,0,,,0,0,,0,0,0.0,0,,0,0,0,,,0.0,,0,0,0,0,0,0,,0,,100.0,1,1,100.0,15.0,2.6,0,0,0.0,100.0,1,0,0.0,1,0,0.91,1,54.8,0,0,1,100.0,,118.8,0.0,0,0,0,0,0,0,0.0,15,15.0,,0,0,0.0,,,0,0,,,0,0,,0,0,0.0,0,,0,0,0,,,0.0,,0,0,0,0,0,0,,0,,100.0,1,1,100.0,15.0,2.6,0,0,0.0,100.0,1,0,0.0,1,0,0.91,1,54.8,0,0,1,100.0,,118.8,0.0,0,0,0,0,0,0,0.0,15,15.0,0,,0,0,0.0,,,0,0,,,0,0,,0,0,0.0,0,,0,0,0,,,0.0,,0,0,0,0,0,0,,0,,,0,0,0.0,,,0,0,,,0,0,,0,0,0.0,0,,0,0,0,,,0.0,,0,0,0,0,0,0,,0,,,0,0,0.0,,,0,0,,,0,0,,0,0,0.0,0,,0,0,0,,,0.0,,0,0,0,0,0,0,,0,,,0,0,0.0,,,0,0,,,0,0,,0,0,0.0,0,,0,0,0,,,0.0,,0,0,0,0,0,0,,0,,,0,0,0.0,,,0,0,,,0,0,,0,0,0.0,0,,0,0,0,,,0.0,,0,0,0,0,0,0,,0,
Harrison Wallace III,145090,WR,OLE MISS,2,0,1,,0,0,,,,0,0,,,0,0,,0,0,0.0,0,,0,0,0,,,0.0,,0,0,0,0,0,0,,0,,,0,0,,,,0,0,,,0,0,,0,0,0.0,0,,0,0,0,,,0.0,,0,0,0,0,0,0,,0,,,0,0,,,,0,0,,,0,0,,0,0,0.0,0,,0,0,0,,,0.0,,0,0,0,0,0,0,,0,,,0,0,,,,0,0,,,0,0,,0,0,0.0,0,,0,0,0,,,0.0,,0,0,0,0,0,0,,0,,,0,0,,,,0,0,,,0,0,,0,0,0.0,0,,0,0,0,,,0.0,,0,0,0,0,0,0,,0,,0,,0,0,,,,0,0,,,0,0,,0,0,0.0,0,,0,0,0,,,0.0,,0,0,0,0,0,0,,0,,226,,0,0,,,,0,0,,,0,0,,0,0,0.0,0,,0,0,0,,,0.0,,0,0,0,0,0,0,,0,,,0,0,,,,0,0,,,0,0,,0,0,0.0,0,,0,0,0,,,0.0,,0,0,0,0,0,0,,0,,,0,0,,,,0,0,,,0,0,,0,0,0.0,0,,0,0,0,,,0.0,,0,0,0,0,0,0,,0,,,0,0,,,,0,0,,,0,0,,0,0,0.0,0,,0,0,0,,,0.0,,0,0,0,0,0,0,,0,,,0,0,,,,0,0,0.0,,0,0,,0,0,0.0,0,56.6,0,0,1,,,0.0,,0,0,0,0,0,0,0.0,0,,0,,0,0,,,,0,0,,,0,0,,0,0,0.0,0,,0,0,0,,,0.0,,0,0,0,0,0,0,,0,,,0,0,,,,0,0,,,0,0,,0,0,0.0,0,,0,0,0,,,0.0,,0,0,0,0,0,0,,0,,,0,0,,,,0,0,0.0,,0,0,,0,0,0.0,0,56.6,0,0,1,,,0.0,,0,0,0,0,0,0,0.0,0,,,0,0,,,,0,0,,,0,0,,0,0,0.0,0,,0,0,0,,,0.0,,0,0,0,0,0,0,,0,,,0,0,,,,0,0,,,0,0,,0,0,0.0,0,,0,0,0,,,0.0,,0,0,0,0,0,0,,0,
Terry Bussey,191251,WR,TEXAS A&M,1,0,1,,0,0,,,,0,0,,,0,0,,0,0,0.0,0,,0,0,0,,,0.0,,0,0,0,0,0,0,,0,,,0,0,,,,0,0,,,0,0,,0,0,0.0,0,,0,0,0,,,0.0,,0,0,0,0,0,0,,0,,,0,0,,,,0,0,,,0,0,,0,0,0.0,0,,0,0,0,,,0.0,,0,0,0,0,0,0,,0,,,0,0,,,,0,0,,,0,0,,0,0,0.0,0,,0,0,0,,,0.0,,0,0,0,0,0,0,,0,,,0,0,,,,0,0,,,0,0,,0,0,0.0,0,,0,0,0,,,0.0,,0,0,0,0,0,0,,0,,0,,0,0,,,,0,0,,,0,0,,0,0,0.0,0,,0,0,0,,,0.0,,0,0,0,0,0,0,,0,,312,,0,0,,,,0,0,,,0,0,,0,0,0.0,0,,0,0,0,,,0.0,,0,0,0,0,0,0,,0,,,0,0,,,,0,0,,,0,0,,0,0,0.0,0,,0,0,0,,,0.0,,0,0,0,0,0,0,,0,,,0,0,,,,0,0,,,0,0,,0,0,0.0,0,,0,0,0,,,0.0,,0,0,0,0,0,0,,0,,,0,0,,,,0,0,,,0,0,,0,0,0.0,0,,0,0,0,,,0.0,,0,0,0,0,0,0,,0,,,0,0,,,,0,0,,,0,0,,0,0,0.0,0,,0,0,0,,,0.0,,0,0,0,0,0,0,,0,,0,,0,0,,,,0,0,,,0,0,,0,0,0.0,0,,0,0,0,,,0.0,,0,0,0,0,0,0,,0,,,0,0,,,,0,0,,,0,0,,0,0,0.0,0,,0,0,0,,,0.0,,0,0,0,0,0,0,,0,,,0,0,,,,0,0,,,0,0,,0,0,0.0,0,,0,0,0,,,0.0,,0,0,0,0,0,0,,0,,,0,0,,,,0,0,,,0,0,,0,0,0.0,0,,0,0,0,,,0.0,,0,0,0,0,0,0,,0,,,0,0,,,,0,0,,,0,0,,0,0,0.0,0,,0,0,0,,,0.0,,0,0,0,0,0,0,,0,
Linkon Cure,204094,WR,KANSAS ST,1,1,1,,0,0,0.0,,,0,0,,,0,0,,0,0,0.0,0,,0,0,0,,,0.0,,0,0,0,0,0,0,,0,,,0,0,0.0,,,0,0,,,0,0,,0,0,0.0,0,,0,0,0,,,0.0,,0,0,0,0,0,0,,0,,,0,0,0.0,,,0,0,,,0,0,,0,0,0.0,0,,0,0,0,,,0.0,,0,0,0,0,0,0,,0,,,0,0,0.0,,,0,0,,,0,0,,0,0,0.0,0,,0,0,0,,,0.0,,0,0,0,0,0,0,,0,,,0,0,0.0,,,0,0,,,0,0,,0,0,0.0,0,,0,0,0,,,0.0,,0,0,0,0,0,0,,0,,0,0.0,1,1,100.0,26.0,3.3,0,0,0.0,0.0,0,1,,1,0,-3.49,0,37.5,0,1,1,0.0,0.0,0.0,0.0,0,0,0,0,0,1,100.0,0,0.0,199,,0,0,0.0,,,0,0,,,0,0,,0,0,0.0,0,,0,0,0,,,0.0,,0,0,0,0,0,0,,0,,,0,0,0.0,,,0,0,,,0,0,,0,0,0.0,0,,0,0,0,,,0.0,,0,0,0,0,0,0,,0,,,0,0,0.0,,,0,0,,,0,0,,0,0,0.0,0,,0,0,0,,,0.0,,0,0,0,0,0,0,,0,,,0,0,0.0,,,0,0,,,0,0,,0,0,0.0,0,,0,0,0,,,0.0,,0,0,0,0,0,0,,0,,,0,0,0.0,,,0,0,,,0,0,,0,0,0.0,0,,0,0,0,,,0.0,,0,0,0,0,0,0,,0,,0,,0,0,0.0,,,0,0,,,0,0,,0,0,0.0,0,,0,0,0,,,0.0,,0,0,0,0,0,0,,0,,0.0,1,1,100.0,26.0,3.3,0,0,0.0,0.0,0,1,,1,0,-3.49,0,37.5,0,1,1,0.0,0.0,0.0,0.0,0,0,0,0,0,1,100.0,0,0.0,,0,0,0.0,,,0,0,,,0,0,,0,0,0.0,0,,0,0,0,,,0.0,,0,0,0,0,0,0,,0,,,0,0,0.0,,,0,0,,,0,0,,0,0,0.0,0,,0,0,0,,,0.0,,0,0,0,0,0,0,,0,,,0,0,0.0,,,0,0,,,0,0,,0,0,0.0,0,,0,0,0,,,0.0,,0,0,0,0,0,0,,0,
Calvin Johnson II,145043,WR,TULSA,1,0,1,,0,0,,,,0,0,,,0,0,,0,0,0.0,0,,0,0,0,,,0.0,,0,0,0,0,0,0,,0,,,0,0,,,,0,0,,,0,0,,0,0,0.0,0,,0,0,0,,,0.0,,0,0,0,0,0,0,,0,,,0,0,,,,0,0,,,0,0,,0,0,0.0,0,,0,0,0,,,0.0,,0,0,0,0,0,0,,0,,,0,0,,,,0,0,,,0,0,,0,0,0.0,0,,0,0,0,,,0.0,,0,0,0,0,0,0,,0,,,0,0,,,,0,0,,,0,0,,0,0,0.0,0,,0,0,0,,,0.0,,0,0,0,0,0,0,,0,,0,,0,0,,,,0,0,,,0,0,,0,0,0.0,0,,0,0,0,,,0.0,,0,0,0,0,0,0,,0,,320,,0,0,,,,0,0,,,0,0,,0,0,0.0,0,,0,0,0,,,0.0,,0,0,0,0,0,0,,0,,,0,0,,,,0,0,,,0,0,,0,0,0.0,0,,0,0,0,,,0.0,,0,0,0,0,0,0,,0,,,0,0,,,,0,0,,,0,0,,0,0,0.0,0,,0,0,0,,,0.0,,0,0,0,0,0,0,,0,,,0,0,,,,0,0,,,0,0,,0,0,0.0,0,,0,0,0,,,0.0,,0,0,0,0,0,0,,0,,,0,0,,,,0,0,,,0,0,,0,0,0.0,0,,0,0,0,,,0.0,,0,0,0,0,0,0,,0,,0,,0,0,,,,0,0,,,0,0,,0,0,0.0,0,,0,0,0,,,0.0,,0,0,0,0,0,0,,0,,,0,0,,,,0,0,,,0,0,,0,0,0.0,0,,0,0,0,,,0.0,,0,0,0,0,0,0,,0,,,0,0,,,,0,0,,,0,0,,0,0,0.0,0,,0,0,0,,,0.0,,0,0,0,0,0,0,,0,,,0,0,,,,0,0,,,0,0,,0,0,0.0,0,,0,0,0,,,0.0,,0,0,0,0,0,0,,0,,,0,0,,,,0,0,,,0,0,,0,0,0.0,0,,0,0,0,,,0.0,,0,0,0,0,0,0,,0,
Samari Howard,170984,FB,ARMY,1,0,1,,0,0,,,,0,0,,,0,0,,0,0,0.0,0,,0,0,0,,,0.0,,0,0,0,0,0,0,,0,,,0,0,,,,0,0,,,0,0,,0,0,0.0,0,,0,0,0,,,0.0,,0,0,0,0,0,0,,0,,,0,0,,,,0,0,,,0,0,,0,0,0.0,0,,0,0,0,,,0.0,,0,0,0,0,0,0,,0,,,0,0,,,,0,0,,,0,0,,0,0,0.0,0,,0,0,0,,,0.0,,0,0,0,0,0,0,,0,,,0,0,,,,0,0,,,0,0,,0,0,0.0,0,,0,0,0,,,0.0,,0,0,0,0,0,0,,0,,0,,0,0,,,,0,0,,,0,0,,0,0,0.0,0,,0,0,0,,,0.0,,0,0,0,0,0,0,,0,,114,,0,0,,,,0,0,,,0,0,,0,0,0.0,0,,0,0,0,,,0.0,,0,0,0,0,0,0,,0,,,0,0,,,,0,0,,,0,0,,0,0,0.0,0,,0,0,0,,,0.0,,0,0,0,0,0,0,,0,,,0,0,,,,0,0,,,0,0,,0,0,0.0,0,,0,0,0,,,0.0,,0,0,0,0,0,0,,0,,,0,0,,,,0,0,,,0,0,,0,0,0.0,0,,0,0,0,,,0.0,,0,0,0,0,0,0,,0,,,0,0,,,,0,0,,,0,0,,0,0,0.0,0,,0,0,0,,,0.0,,0,0,0,0,0,0,,0,,0,,0,0,,,,0,0,,,0,0,,0,0,0.0,0,,0,0,0,,,0.0,,0,0,0,0,0,0,,0,,,0,0,,,,0,0,,,0,0,,0,0,0.0,0,,0,0,0,,,0.0,,0,0,0,0,0,0,,0,,,0,0,,,,0,0,,,0,0,,0,0,0.0,0,,0,0,0,,,0.0,,0,0,0,0,0,0,,0,,,0,0,,,,0,0,,,0,0,,0,0,0.0,0,,0,0,0,,,0.0,,0,0,0,0,0,0,,0,,,0,0,,,,0,0,,,0,0,,0,0,0.0,0,,0,0,0,,,0.0,,0,0,0,0,0,0,,0,
JV Gibson,193295,WR,OKLAHOMA,1,1,1,,0,0,0.0,,,0,0,,,0,0,,0,0,0.0,0,,0,0,0,,,0.0,,0,0,0,0,0,0,,0,,,0,0,0.0,,,0,0,,,0,0,,0,0,0.0,0,,0,0,0,,,0.0,,0,0,0,0,0,0,,0,,,0,0,0.0,,,0,0,,,0,0,,0,0,0.0,0,,0,0,0,,,0.0,,0,0,0,0,0,0,,0,,,0,0,0.0,,,0,0,,,0,0,,0,0,0.0,0,,0,0,0,,,0.0,,0,0,0,0,0,0,,0,,,0,0,0.0,,,0,0,,,0,0,,0,0,0.0,0,,0,0,0,,,0.0,,0,0,0,0,0,0,,0,,0,,0,0,0.0,,,0,0,,,0,0,,0,0,0.0,0,,0,0,0,,,0.0,,0,0,0,0,0,0,,0,,261,,0,0,0.0,,,0,0,,,0,0,,0,0,0.0,0,,0,0,0,,,0.0,,0,0,0,0,0,0,,0,,,0,0,0.0,,,0,0,,,0,0,,0,0,0.0,0,,0,0,0,,,0.0,,0,0,0,0,0,0,,0,,,0,0,0.0,,,0,0,,,0,0,,0,0,0.0,0,,0,0,0,,,0.0,,0,0,0,0,0,0,,0,,,0,0,0.0,,,0,0,,,0,0,,0,0,0.0,0,,0,0,0,,,0.0,,0,0,0,0,0,0,,0,,,0,0,0.0,,,0,0,,,0,0,,0,0,0.0,0,,0,0,0,,,0.0,,0,0,0,0,0,0,,0,,0,,0,0,0.0,,,0,0,,,0,0,,0,0,0.0,0,,0,0,0,,,0.0,,0,0,0,0,0,0,,0,,,0,0,0.0,,,0,0,,,0,0,,0,0,0.0,0,,0,0,0,,,0.0,,0,0,0,0,0,0,,0,,,0,0,0.0,,,0,0,,,0,0,,0,0,0.0,0,,0,0,0,,,0.0,,0,0,0,0,0,0,,0,,100.0,1,1,100.0,7.0,4.6,0,0,0.0,100.0,1,1,0.0,1,0,0.89,0,77.7,0,0,1,100.0,0.0,100.0,0.0,0,0,0,0,0,0,0.0,8,8.0,100.0,1,1,100.0,7.0,4.6,0,0,0.0,100.0,1,1,0.0,1,0,0.89,0,77.7,0,0,1,100.0,0.0,100.0,0.0,0,0,0,0,0,0,0.0,8,8.0
Landon Strother,197048,WR,LA LAFAYET,1,0,1,,0,0,,,,0,0,,,0,0,,0,0,0.0,0,,0,0,0,,,0.0,,0,0,0,0,0,0,,0,,,0,0,,,,0,0,,,0,0,,0,0,0.0,0,,0,0,0,,,0.0,,0,0,0,0,0,0,,0,,,0,0,,,,0,0,,,0,0,,0,0,0.0,0,,0,0,0,,,0.0,,0,0,0,0,0,0,,0,,,0,0,,,,0,0,,,0,0,,0,0,0.0,0,,0,0,0,,,0.0,,0,0,0,0,0,0,,0,,,0,0,,,,0,0,,,0,0,,0,0,0.0,0,,0,0,0,,,0.0,,0,0,0,0,0,0,,0,,0,,0,0,,,,0,0,,,0,0,,0,0,0.0,0,,0,0,0,,,0.0,,0,0,0,0,0,0,,0,,207,,0,0,,,,0,0,,,0,0,,0,0,0.0,0,,0,0,0,,,0.0,,0,0,0,0,0,0,,0,,,0,0,,,,0,0,,,0,0,,0,0,0.0,0,,0,0,0,,,0.0,,0,0,0,0,0,0,,0,,,0,0,,,,0,0,,,0,0,,0,0,0.0,0,,0,0,0,,,0.0,,0,0,0,0,0,0,,0,,,0,0,,,,0,0,,,0,0,,0,0,0.0,0,,0,0,0,,,0.0,,0,0,0,0,0,0,,0,,,0,0,,,,0,0,,,0,0,,0,0,0.0,0,,0,0,0,,,0.0,,0,0,0,0,0,0,,0,,0,,0,0,,,,0,0,,,0,0,,0,0,0.0,0,,0,0,0,,,0.0,,0,0,0,0,0,0,,0,,,0,0,,,,0,0,,,0,0,,0,0,0.0,0,,0,0,0,,,0.0,,0,0,0,0,0,0,,0,,,0,0,,,,0,0,,,0,0,,0,0,0.0,0,,0,0,0,,,0.0,,0,0,0,0,0,0,,0,,,0,0,,,,0,0,,,0,0,,0,0,0.0,0,,0,0,0,,,0.0,,0,0,0,0,0,0,,0,,,0,0,,,,0,0,,,0,0,,0,0,0.0,0,,0,0,0,,,0.0,,0,0,0,0,0,0,,0,
Jack Howes,144913,K,BUFFALO,1,0,1,,0,0,,,,0,0,,,0,0,,0,0,0.0,0,,0,0,0,,,0.0,,0,0,0,0,0,0,,0,,,0,0,,,,0,0,,,0,0,,0,0,0.0,0,,0,0,0,,,0.0,,0,0,0,0,0,0,,0,,,0,0,,,,0,0,,,0,0,,0,0,0.0,0,,0,0,0,,,0.0,,0,0,0,0,0,0,,0,,,0,0,,,,0,0,,,0,0,,0,0,0.0,0,,0,0,0,,,0.0,,0,0,0,0,0,0,,0,,,0,0,,,,0,0,,,0,0,,0,0,0.0,0,,0,0,0,,,0.0,,0,0,0,0,0,0,,0,,0,,0,0,,,,0,0,,,0,0,,0,0,0.0,0,,0,0,0,,,0.0,,0,0,0,0,0,0,,0,,126,,0,0,,,,0,0,,,0,0,,0,0,0.0,0,,0,0,0,,,0.0,,0,0,0,0,0,0,,0,,,0,0,,,,0,0,,,0,0,,0,0,0.0,0,,0,0,0,,,0.0,,0,0,0,0,0,0,,0,,,0,0,,,,0,0,,,0,0,,0,0,0.0,0,,0,0,0,,,0.0,,0,0,0,0,0,0,,0,,,0,0,,,,0,0,,,0,0,,0,0,0.0,0,,0,0,0,,,0.0,,0,0,0,0,0,0,,0,,,0,0,,,,0,0,,,0,0,,0,0,0.0,0,,0,0,0,,,0.0,,0,0,0,0,0,0,,0,,0,,0,0,,,,0,0,,,0,0,,0,0,0.0,0,,0,0,0,,,0.0,,0,0,0,0,0,0,,0,,,0,0,,,,0,0,,,0,0,,0,0,0.0,0,,0,0,0,,,0.0,,0,0,0,0,0,0,,0,,,0,0,,,,0,0,,,0,0,,0,0,0.0,0,,0,0,0,,,0.0,,0,0,0,0,0,0,,0,,,0,0,,,,0,0,,,0,0,,0,0,0.0,0,,0,0,0,,,0.0,,0,0,0,0,0,0,,0,,,0,0,,,,0,0,,,0,0,,0,0,0.0,0,,0,0,0,,,0.0,,0,0,0,0,0,0,,0,
Suderian Harrison,175436,WR,VIRGINIA,1,1,1,,0,0,0.0,,,0,0,,,0,0,,0,0,0.0,0,,0,0,0,,,0.0,,0,0,0,0,0,0,,0,,,0,0,0.0,,,0,0,,,0,0,,0,0,0.0,0,,0,0,0,,,0.0,,0,0,0,0,0,0,,0,,,0,0,0.0,,,0,0,,,0,0,,0,0,0.0,0,,0,0,0,,,0.0,,0,0,0,0,0,0,,0,,,0,0,0.0,,,0,0,,,0,0,,0,0,0.0,0,,0,0,0,,,0.0,,0,0,0,0,0,0,,0,,,0,0,0.0,,,0,0,,,0,0,,0,0,0.0,0,,0,0,0,,,0.0,,0,0,0,0,0,0,,0,,0,0.0,1,1,100.0,32.0,5.1,0,0,0.0,0.0,0,0,,1,0,-0.76,0,49.9,0,0,1,0.0,,39.6,0.0,0,0,0,0,0,0,0.0,0,0.0,335,,0,0,0.0,,,0,0,,,0,0,,0,0,0.0,0,,0,0,0,,,0.0,,0,0,0,0,0,0,,0,,,0,0,0.0,,,0,0,,,0,0,,0,0,0.0,0,,0,0,0,,,0.0,,0,0,0,0,0,0,,0,,,0,0,0.0,,,0,0,,,0,0,,0,0,0.0,0,,0,0,0,,,0.0,,0,0,0,0,0,0,,0,,,0,0,0.0,,,0,0,,,0,0,,0,0,0.0,0,,0,0,0,,,0.0,,0,0,0,0,0,0,,0,,,0,0,0.0,,,0,0,,,0,0,,0,0,0.0,0,,0,0,0,,,0.0,,0,0,0,0,0,0,,0,,0,,0,0,0.0,,,0,0,,,0,0,,0,0,0.0,0,,0,0,0,,,0.0,,0,0,0,0,0,0,,0,,0.0,1,1,100.0,32.0,5.1,0,0,0.0,0.0,0,0,,1,0,-0.76,0,49.9,0,0,1,0.0,,39.6,0.0,0,0,0,0,0,0,0.0,0,0.0,,0,0,0.0,,,0,0,,,0,0,,0,0,0.0,0,,0,0,0,,,0.0,,0,0,0,0,0,0,,0,,,0,0,0.0,,,0,0,,,0,0,,0,0,0.0,0,,0,0,0,,,0.0,,0,0,0,0,0,0,,0,,,0,0,0.0,,,0,0,,,0,0,,0,0,0.0,0,,0,0,0,,,0.0,,0,0,0,0,0,0,,0,
Mark Fletcher Jr.,175374,HB,MIAMI FL,1,1,1,0.0,1,1,100.0,-3.0,2.9,0,0,0.0,0.0,0,1,,1,0,-0.93,0,56.8,0,0,1,0.0,0.0,39.6,0.0,0,0,0,0,0,0,0.0,0,0.0,,0,0,0.0,,,0,0,,,0,0,,0,0,0.0,0,,0,0,0,,,0.0,,0,0,0,0,0,0,,0,,,0,0,0.0,,,0,0,,,0,0,,0,0,0.0,0,,0,0,0,,,0.0,,0,0,0,0,0,0,,0,,,0,0,0.0,,,0,0,,,0,0,,0,0,0.0,0,,0,0,0,,,0.0,,0,0,0,0,0,0,,0,,,0,0,0.0,,,0,0,,,0,0,,0,0,0.0,0,,0,0,0,,,0.0,,0,0,0,0,0,0,,0,,0,,0,0,0.0,,,0,0,,,0,0,,0,0,0.0,0,,0,0,0,,,0.0,,0,0,0,0,0,0,,0,,220,0.0,1,1,100.0,-3.0,2.9,0,0,0.0,0.0,0,1,,1,0,-0.93,0,56.8,0,0,1,0.0,0.0,39.6,0.0,0,0,0,0,0,0,0.0,0,0.0,,0,0,0.0,,,0,0,,,0,0,,0,0,0.0,0,,0,0,0,,,0.0,,0,0,0,0,0,0,,0,,,0,0,0.0,,,0,0,,,0,0,,0,0,0.0,0,,0,0,0,,,0.0,,0,0,0,0,0,0,,0,,,0,0,0.0,,,0,0,,,0,0,,0,0,0.0,0,,0,0,0,,,0.0,,0,0,0,0,0,0,,0,,,0,0,0.0,,,0,0,,,0,0,,0,0,0.0,0,,0,0,0,,,0.0,,0,0,0,0,0,0,,0,,0,,0,0,0.0,,,0,0,,,0,0,,0,0,0.0,0,,0,0,0,,,0.0,,0,0,0,0,0,0,,0,,,0,0,0.0,,,0,0,,,0,0,,0,0,0.0,0,,0,0,0,,,0.0,,0,0,0,0,0,0,,0,,,0,0,0.0,,,0,0,,,0,0,,0,0,0.0,0,,0,0,0,,,0.0,,0,0,0,0,0,0,,0,,,0,0,0.0,,,0,0,,,0,0,,0,0,0.0,0,,0,0,0,,,0.0,,0,0,0,0,0,0,,0,,,0,0,0.0,,,0,0,,,0,0,,0,0,0.0,0,,0,0,0,,,0.0,,0,0,0,0,0,0,,0,
Donaven McCulley,144829,WR,MICHIGAN,1,1,1,,0,0,0.0,,,0,0,,,0,0,,0,0,0.0,0,,0,0,0,,,0.0,,0,0,0,0,0,0,,0,,,0,0,0.0,,,0,0,,,0,0,,0,0,0.0,0,,0,0,0,,,0.0,,0,0,0,0,0,0,,0,,,0,0,0.0,,,0,0,,,0,0,,0,0,0.0,0,,0,0,0,,,0.0,,0,0,0,0,0,0,,0,,,0,0,0.0,,,0,0,,,0,0,,0,0,0.0,0,,0,0,0,,,0.0,,0,0,0,0,0,0,,0,,,0,0,0.0,,,0,0,,,0,0,,0,0,0.0,0,,0,0,0,,,0.0,,0,0,0,0,0,0,,0,,0,,0,0,0.0,,,0,0,,,0,0,,0,0,0.0,0,,0,0,0,,,0.0,,0,0,0,0,0,0,,0,,222,,0,0,0.0,,,0,0,,,0,0,,0,0,0.0,0,,0,0,0,,,0.0,,0,0,0,0,0,0,,0,,,0,0,0.0,,,0,0,,,0,0,,0,0,0.0,0,,0,0,0,,,0.0,,0,0,0,0,0,0,,0,,,0,0,0.0,,,0,0,,,0,0,,0,0,0.0,0,,0,0,0,,,0.0,,0,0,0,0,0,0,,0,,,0,0,0.0,,,0,0,,,0,0,,0,0,0.0,0,,0,0,0,,,0.0,,0,0,0,0,0,0,,0,,0.0,1,1,100.0,17.0,4.1,0,0,0.0,0.0,0,0,,1,0,-0.71,0,33.8,0,0,1,0.0,,39.6,0.0,0,0,0,0,0,1,100.0,0,0.0,0,,0,0,0.0,,,0,0,,,0,0,,0,0,0.0,0,,0,0,0,,,0.0,,0,0,0,0,0,0,,0,,,0,0,0.0,,,0,0,,,0,0,,0,0,0.0,0,,0,0,0,,,0.0,,0,0,0,0,0,0,,0,,0.0,1,1,100.0,17.0,4.1,0,0,0.0,0.0,0,0,,1,0,-0.71,0,33.8,0,0,1,0.0,,39.6,0.0,0,0,0,0,0,1,100.0,0,0.0,,0,0,0.0,,,0,0,,,0,0,,0,0,0.0,0,,0,0,0,,,0.0,,0,0,0,0,0,0,,0,,,0,0,0.0,,,0,0,,,0,0,,0,0,0.0,0,,0,0,0,,,0.0,,0,0,0,0,0,0,,0,
RJ Garcia II,144591,WR,BOWL GREEN,1,1,1,,0,0,0.0,,,0,0,,,0,0,,0,0,0.0,0,,0,0,0,,,0.0,,0,0,0,0,0,0,,0,,,0,0,0.0,,,0,0,,,0,0,,0,0,0.0,0,,0,0,0,,,0.0,,0,0,0,0,0,0,,0,,,0,0,0.0,,,0,0,,,0,0,,0,0,0.0,0,,0,0,0,,,0.0,,0,0,0,0,0,0,,0,,,0,0,0.0,,,0,0,,,0,0,,0,0,0.0,0,,0,0,0,,,0.0,,0,0,0,0,0,0,,0,,,0,0,0.0,,,0,0,,,0,0,,0,0,0.0,0,,0,0,0,,,0.0,,0,0,0,0,0,0,,0,,0,100.0,1,1,100.0,26.0,4.0,0,1,100.0,100.0,1,0,0.0,1,0,6.35,1,88.1,0,0,1,100.0,,158.3,0.0,0,0,0,0,1,0,0.0,73,73.0,122,,0,0,0.0,,,0,0,,,0,0,,0,0,0.0,0,,0,0,0,,,0.0,,0,0,0,0,0,0,,0,,100.0,1,1,100.0,26.0,4.0,0,1,100.0,100.0,1,0,0.0,1,0,6.35,1,88.1,0,0,1,100.0,,158.3,0.0,0,0,0,0,1,0,0.0,73,73.0,,0,0,0.0,,,0,0,,,0,0,,0,0,0.0,0,,0,0,0,,,0.0,,0,0,0,0,0,0,,0,,,0,0,0.0,,,0,0,,,0,0,,0,0,0.0,0,,0,0,0,,,0.0,,0,0,0,0,0,0,,0,,,0,0,0.0,,,0,0,,,0,0,,0,0,0.0,0,,0,0,0,,,0.0,,0,0,0,0,0,0,,0,,0,,0,0,0.0,,,0,0,,,0,0,,0,0,0.0,0,,0,0,0,,,0.0,,0,0,0,0,0,0,,0,,,0,0,0.0,,,0,0,,,0,0,,0,0,0.0,0,,0,0,0,,,0.0,,0,0,0,0,0,0,,0,,,0,0,0.0,,,0,0,,,0,0,,0,0,0.0,0,,0,0,0,,,0.0,,0,0,0,0,0,0,,0,,,0,0,0.0,,,0,0,,,0,0,,0,0,0.0,0,,0,0,0,,,0.0,,0,0,0,0,0,0,,0,,,0,0,0.0,,,0,0,,,0,0,,0,0,0.0,0,,0,0,0,,,0.0,,0,0,0,0,0,0,,0,
Luke Hutchison,175242,WR,NAVY,1,0,1,,0,0,,,,0,0,,,0,0,,0,0,0.0,0,,0,0,0,,,0.0,,0,0,0,0,0,0,,0,,,0,0,,,,0,0,,,0,0,,0,0,0.0,0,,0,0,0,,,0.0,,0,0,0,0,0,0,,0,,,0,0,,,,0,0,,,0,0,,0,0,0.0,0,,0,0,0,,,0.0,,0,0,0,0,0,0,,0,,,0,0,,,,0,0,,,0,0,,0,0,0.0,0,,0,0,0,,,0.0,,0,0,0,0,0,0,,0,,,0,0,,,,0,0,,,0,0,,0,0,0.0,0,,0,0,0,,,0.0,,0,0,0,0,0,0,,0,,0,,0,0,,,,0,0,,,0,0,,0,0,0.0,0,,0,0,0,,,0.0,,0,0,0,0,0,0,,0,,237,,0,0,,,,0,0,,,0,0,,0,0,0.0,0,,0,0,0,,,0.0,,0,0,0,0,0,0,,0,,,0,0,,,,0,0,,,0,0,,0,0,0.0,0,,0,0,0,,,0.0,,0,0,0,0,0,0,,0,,,0,0,,,,0,0,,,0,0,,0,0,0.0,0,,0,0,0,,,0.0,,0,0,0,0,0,0,,0,,,0,0,,,,0,0,,,0,0,,0,0,0.0,0,,0,0,0,,,0.0,,0,0,0,0,0,0,,0,,,0,0,,,,0,0,,,0,0,,0,0,0.0,0,,0,0,0,,,0.0,,0,0,0,0,0,0,,0,,0,,0,0,,,,0,0,,,0,0,,0,0,0.0,0,,0,0,0,,,0.0,,0,0,0,0,0,0,,0,,,0,0,,,,0,0,,,0,0,,0,0,0.0,0,,0,0,0,,,0.0,,0,0,0,0,0,0,,0,,,0,0,,,,0,0,,,0,0,,0,0,0.0,0,,0,0,0,,,0.0,,0,0,0,0,0,0,,0,,,0,0,,,,0,0,,,0,0,,0,0,0.0,0,,0,0,0,,,0.0,,0,0,0,0,0,0,,0,,,0,0,,,,0,0,,,0,0,,0,0,0.0,0,,0,0,0,,,0.0,,0,0,0,0,0,0,,0,
Jaxton Eck,175078,LB,NEW MEXICO,1,1,1,,0,0,0.0,,,0,0,,,0,0,,0,0,0.0,0,,0,0,0,,,0.0,,0,0,0,0,0,0,,0,,,0,0,0.0,,,0,0,,,0,0,,0,0,0.0,0,,0,0,0,,,0.0,,0,0,0,0,0,0,,0,,,0,0,0.0,,,0,0,,,0,0,,0,0,0.0,0,,0,0,0,,,0.0,,0,0,0,0,0,0,,0,,100.0,1,1,100.0,13.0,1.7,0,0,0.0,100.0,1,0,0.0,1,0,4.71,1,75.4,0,0,1,100.0,,118.8,0.0,0,0,0,0,0,0,0.0,30,30.0,,0,0,0.0,,,0,0,,,0,0,,0,0,0.0,0,,0,0,0,,,0.0,,0,0,0,0,0,0,,0,,0,,0,0,0.0,,,0,0,,,0,0,,0,0,0.0,0,,0,0,0,,,0.0,,0,0,0,0,0,0,,0,,241,,0,0,0.0,,,0,0,,,0,0,,0,0,0.0,0,,0,0,0,,,0.0,,0,0,0,0,0,0,,0,,,0,0,0.0,,,0,0,,,0,0,,0,0,0.0,0,,0,0,0,,,0.0,,0,0,0,0,0,0,,0,,,0,0,0.0,,,0,0,,,0,0,,0,0,0.0,0,,0,0,0,,,0.0,,0,0,0,0,0,0,,0,,,0,0,0.0,,,0,0,,,0,0,,0,0,0.0,0,,0,0,0,,,0.0,,0,0,0,0,0,0,,0,,100.0,1,1,100.0,13.0,1.7,0,0,0.0,100.0,1,0,0.0,1,0,4.71,1,75.4,0,0,1,100.0,,118.8,0.0,0,0,0,0,0,0,0.0,30,30.0,0,,0,0,0.0,,,0,0,,,0,0,,0,0,0.0,0,,0,0,0,,,0.0,,0,0,0,0,0,0,,0,,,0,0,0.0,,,0,0,,,0,0,,0,0,0.0,0,,0,0,0,,,0.0,,0,0,0,0,0,0,,0,,,0,0,0.0,,,0,0,,,0,0,,0,0,0.0,0,,0,0,0,,,0.0,,0,0,0,0,0,0,,0,,,0,0,0.0,,,0,0,,,0,0,,0,0,0.0,0,,0,0,0,,,0.0,,0,0,0,0,0,0,,0,,,0,0,0.0,,,0,0,,,0,0,,0,0,0.0,0,,0,0,0,,,0.0,,0,0,0,0,0,0,,0,
Benjamin Brahmer,174660,TE,IOWA STATE,2,1,1,,0,0,0.0,,,0,0,,,0,0,,0,0,0.0,0,,0,0,0,,,0.0,,0,0,0,0,0,0,,0,,,0,0,0.0,,,0,0,,,0,0,,0,0,0.0,0,,0,0,0,,,0.0,,0,0,0,0,0,0,,0,,100.0,1,1,100.0,38.0,3.2,0,1,100.0,100.0,1,0,0.0,1,0,3.92,1,87.4,0,0,1,100.0,,118.8,0.0,0,0,0,0,0,0,0.0,45,45.0,,0,0,0.0,,,0,0,,,0,0,,0,0,0.0,0,,0,0,0,,,0.0,,0,0,0,0,0,0,,0,,,0,0,0.0,,,0,0,,,0,0,,0,0,0.0,0,,0,0,0,,,0.0,,0,0,0,0,0,0,,0,,0,100.0,1,1,100.0,38.0,3.2,0,1,100.0,100.0,1,0,0.0,1,0,3.92,1,87.4,0,0,1,100.0,,118.8,0.0,0,0,0,0,0,0,0.0,45,45.0,193,,0,0,0.0,,,0,0,,,0,0,,0,0,0.0,0,,0,0,0,,,0.0,,0,0,0,0,0,0,,0,,,0,0,0.0,,,0,0,,,0,0,,0,0,0.0,0,,0,0,0,,,0.0,,0,0,0,0,0,0,,0,,,0,0,0.0,,,0,0,,,0,0,,0,0,0.0,0,,0,0,0,,,0.0,,0,0,0,0,0,0,,0,,,0,0,0.0,,,0,0,,,0,0,,0,0,0.0,0,,0,0,0,,,0.0,,0,0,0,0,0,0,,0,,,0,0,0.0,,,0,0,,,0,0,,0,0,0.0,0,,0,0,0,,,0.0,,0,0,0,0,0,0,,0,,0,,0,0,0.0,,,0,0,,,0,0,,0,0,0.0,0,,0,0,0,,,0.0,,0,0,0,0,0,0,,0,,,0,0,0.0,,,0,0,,,0,0,,0,0,0.0,0,,0,0,0,,,0.0,,0,0,0,0,0,0,,0,,,0,0,0.0,,,0,0,,,0,0,,0,0,0.0,0,,0,0,0,,,0.0,,0,0,0,0,0,0,,0,,,0,0,0.0,,,0,0,,,0,0,,0,0,0.0,0,,0,0,0,,,0.0,,0,0,0,0,0,0,,0,,,0,0,0.0,,,0,0,,,0,0,,0,0,0.0,0,,0,0,0,,,0.0,,0,0,0,0,0,0,,0,
Tyrell Henry,158385,WR,WISCONSIN,1,1,1,,0,0,0.0,,,0,0,,,0,0,,0,0,0.0,0,,0,0,0,,,0.0,,0,0,0,0,0,0,,0,,,0,0,0.0,,,0,0,,,0,0,,0,0,0.0,0,,0,0,0,,,0.0,,0,0,0,0,0,0,,0,,,0,0,0.0,,,0,0,,,0,0,,0,0,0.0,0,,0,0,0,,,0.0,,0,0,0,0,0,0,,0,,,0,0,0.0,,,0,0,,,0,0,,0,0,0.0,0,,0,0,0,,,0.0,,0,0,0,0,0,0,,0,,,0,0,0.0,,,0,0,,,0,0,,0,0,0.0,0,,0,0,0,,,0.0,,0,0,0,0,0,0,,0,,0,0.0,1,1,100.0,22.0,3.1,0,0,0.0,0.0,0,0,,1,0,-0.87,0,50.8,0,0,1,0.0,,39.6,0.0,0,0,0,0,0,0,0.0,0,0.0,349,,0,0,0.0,,,0,0,,,0,0,,0,0,0.0,0,,0,0,0,,,0.0,,0,0,0,0,0,0,,0,,,0,0,0.0,,,0,0,,,0,0,,0,0,0.0,0,,0,0,0,,,0.0,,0,0,0,0,0,0,,0,,,0,0,0.0,,,0,0,,,0,0,,0,0,0.0,0,,0,0,0,,,0.0,,0,0,0,0,0,0,,0,,,0,0,0.0,,,0,0,,,0,0,,0,0,0.0,0,,0,0,0,,,0.0,,0,0,0,0,0,0,,0,,,0,0,0.0,,,0,0,,,0,0,,0,0,0.0,0,,0,0,0,,,0.0,,0,0,0,0,0,0,,0,,0,,0,0,0.0,,,0,0,,,0,0,,0,0,0.0,0,,0,0,0,,,0.0,,0,0,0,0,0,0,,0,,0.0,1,1,100.0,22.0,3.1,0,0,0.0,0.0,0,0,,1,0,-0.87,0,50.8,0,0,1,0.0,,39.6,0.0,0,0,0,0,0,0,0.0,0,0.0,,0,0,0.0,,,0,0,,,0,0,,0,0,0.0,0,,0,0,0,,,0.0,,0,0,0,0,0,0,,0,,,0,0,0.0,,,0,0,,,0,0,,0,0,0.0,0,,0,0,0,,,0.0,,0,0,0,0,0,0,,0,,,0,0,0.0,,,0,0,,,0,0,,0,0,0.0,0,,0,0,0,,,0.0,,0,0,0,0,0,0,,0,
Mikey Matthews,174168,WR,UCLA,1,1,1,,0,0,0.0,,,0,0,,,0,0,,0,0,0.0,0,,0,0,0,,,0.0,,0,0,0,0,0,0,,0,,,0,0,0.0,,,0,0,,,0,0,,0,0,0.0,0,,0,0,0,,,0.0,,0,0,0,0,0,0,,0,,,0,0,0.0,,,0,0,,,0,0,,0,0,0.0,0,,0,0,0,,,0.0,,0,0,0,0,0,0,,0,,,0,0,0.0,,,0,0,,,0,0,,0,0,0.0,0,,0,0,0,,,0.0,,0,0,0,0,0,0,,0,,0.0,1,1,100.0,9.0,6.6,0,0,0.0,0.0,0,1,,1,0,-2.76,0,45.7,0,0,1,0.0,0.0,39.6,0.0,0,0,0,0,0,0,0.0,0,0.0,0,,0,0,0.0,,,0,0,,,0,0,,0,0,0.0,0,,0,0,0,,,0.0,,0,0,0,0,0,0,,0,,324,,0,0,0.0,,,0,0,,,0,0,,0,0,0.0,0,,0,0,0,,,0.0,,0,0,0,0,0,0,,0,,,0,0,0.0,,,0,0,,,0,0,,0,0,0.0,0,,0,0,0,,,0.0,,0,0,0,0,0,0,,0,,,0,0,0.0,,,0,0,,,0,0,,0,0,0.0,0,,0,0,0,,,0.0,,0,0,0,0,0,0,,0,,,0,0,0.0,,,0,0,,,0,0,,0,0,0.0,0,,0,0,0,,,0.0,,0,0,0,0,0,0,,0,,,0,0,0.0,,,0,0,,,0,0,,0,0,0.0,0,,0,0,0,,,0.0,,0,0,0,0,0,0,,0,,0,,0,0,0.0,,,0,0,,,0,0,,0,0,0.0,0,,0,0,0,,,0.0,,0,0,0,0,0,0,,0,,,0,0,0.0,,,0,0,,,0,0,,0,0,0.0,0,,0,0,0,,,0.0,,0,0,0,0,0,0,,0,,,0,0,0.0,,,0,0,,,0,0,,0,0,0.0,0,,0,0,0,,,0.0,,0,0,0,0,0,0,,0,,,0,0,0.0,,,0,0,,,0,0,,0,0,0.0,0,,0,0,0,,,0.0,,0,0,0,0,0,0,,0,,0.0,1,1,100.0,9.0,6.6,0,0,0.0,0.0,0,1,,1,0,-2.76,0,45.7,0,0,1,0.0,0.0,39.6,0.0,0,0,0,0,0,0,0.0,0,0.0
Frank Covey IV,174054,WR,NWESTERN,1,1,1,,0,0,0.0,,,0,0,,,0,0,,0,0,0.0,0,,0,0,0,,,0.0,,0,0,0,0,0,0,,0,,,0,0,0.0,,,0,0,,,0,0,,0,0,0.0,0,,0,0,0,,,0.0,,0,0,0,0,0,0,,0,,0.0,1,1,100.0,30.0,3.1,0,0,0.0,0.0,0,0,,1,0,-0.77,0,49.9,0,0,1,0.0,,39.6,0.0,0,0,0,0,0,0,0.0,0,0.0,,0,0,0.0,,,0,0,,,0,0,,0,0,0.0,0,,0,0,0,,,0.0,,0,0,0,0,0,0,,0,,,0,0,0.0,,,0,0,,,0,0,,0,0,0.0,0,,0,0,0,,,0.0,,0,0,0,0,0,0,,0,,0,0.0,1,1,100.0,30.0,3.1,0,0,0.0,0.0,0,0,,1,0,-0.77,0,49.9,0,0,1,0.0,,39.6,0.0,0,0,0,0,0,0,0.0,0,0.0,256,,0,0,0.0,,,0,0,,,0,0,,0,0,0.0,0,,0,0,0,,,0.0,,0,0,0,0,0,0,,0,,,0,0,0.0,,,0,0,,,0,0,,0,0,0.0,0,,0,0,0,,,0.0,,0,0,0,0,0,0,,0,,,0,0,0.0,,,0,0,,,0,0,,0,0,0.0,0,,0,0,0,,,0.0,,0,0,0,0,0,0,,0,,,0,0,0.0,,,0,0,,,0,0,,0,0,0.0,0,,0,0,0,,,0.0,,0,0,0,0,0,0,,0,,,0,0,0.0,,,0,0,,,0,0,,0,0,0.0,0,,0,0,0,,,0.0,,0,0,0,0,0,0,,0,,0,,0,0,0.0,,,0,0,,,0,0,,0,0,0.0,0,,0,0,0,,,0.0,,0,0,0,0,0,0,,0,,,0,0,0.0,,,0,0,,,0,0,,0,0,0.0,0,,0,0,0,,,0.0,,0,0,0,0,0,0,,0,,,0,0,0.0,,,0,0,,,0,0,,0,0,0.0,0,,0,0,0,,,0.0,,0,0,0,0,0,0,,0,,,0,0,0.0,,,0,0,,,0,0,,0,0,0.0,0,,0,0,0,,,0.0,,0,0,0,0,0,0,,0,,,0,0,0.0,,,0,0,,,0,0,,0,0,0.0,0,,0,0,0,,,0.0,,0,0,0,0,0,0,,0,
Ryan Montgomery,198473,QB,GEORGIA,1,1,1,100.0,1,1,100.0,-4.0,0.6,0,0,0.0,100.0,1,0,0.0,1,0,1.18,1,60.6,0,0,1,100.0,,116.7,0.0,0,0,0,0,0,0,0.0,12,12.0,100.0,1,1,100.0,-4.0,0.6,0,0,0.0,100.0,1,0,0.0,1,0,1.18,1,60.6,0,0,1,100.0,,116.7,0.0,0,0,0,0,0,0,0.0,12,12.0,,0,0,0.0,,,0,0,,,0,0,,0,0,0.0,0,,0,0,0,,,0.0,,0,0,0,0,0,0,,0,,,0,0,0.0,,,0,0,,,0,0,,0,0,0.0,0,,0,0,0,,,0.0,,0,0,0,0,0,0,,0,,,0,0,0.0,,,0,0,,,0,0,,0,0,0.0,0,,0,0,0,,,0.0,,0,0,0,0,0,0,,0,,0,,0,0,0.0,,,0,0,,,0,0,,0,0,0.0,0,,0,0,0,,,0.0,,0,0,0,0,0,0,,0,,173,,0,0,0.0,,,0,0,,,0,0,,0,0,0.0,0,,0,0,0,,,0.0,,0,0,0,0,0,0,,0,,,0,0,0.0,,,0,0,,,0,0,,0,0,0.0,0,,0,0,0,,,0.0,,0,0,0,0,0,0,,0,,,0,0,0.0,,,0,0,,,0,0,,0,0,0.0,0,,0,0,0,,,0.0,,0,0,0,0,0,0,,0,,,0,0,0.0,,,0,0,,,0,0,,0,0,0.0,0,,0,0,0,,,0.0,,0,0,0,0,0,0,,0,,,0,0,0.0,,,0,0,,,0,0,,0,0,0.0,0,,0,0,0,,,0.0,,0,0,0,0,0,0,,0,,0,,0,0,0.0,,,0,0,,,0,0,,0,0,0.0,0,,0,0,0,,,0.0,,0,0,0,0,0,0,,0,,,0,0,0.0,,,0,0,,,0,0,,0,0,0.0,0,,0,0,0,,,0.0,,0,0,0,0,0,0,,0,,,0,0,0.0,,,0,0,,,0,0,,0,0,0.0,0,,0,0,0,,,0.0,,0,0,0,0,0,0,,0,,,0,0,0.0,,,0,0,,,0,0,,0,0,0.0,0,,0,0,0,,,0.0,,0,0,0,0,0,0,,0,,,0,0,0.0,,,0,0,,,0,0,,0,0,0.0,0,,0,0,0,,,0.0,,0,0,0,0,0,0,,0,
Semaj Morgan,174043,WR,MICHIGAN,1,1,1,,0,0,0.0,,,0,0,,,0,0,,0,0,0.0,0,,0,0,0,,,0.0,,0,0,0,0,0,0,,0,,,0,0,0.0,,,0,0,,,0,0,,0,0,0.0,0,,0,0,0,,,0.0,,0,0,0,0,0,0,,0,,,0,0,0.0,,,0,0,,,0,0,,0,0,0.0,0,,0,0,0,,,0.0,,0,0,0,0,0,0,,0,,,0,0,0.0,,,0,0,,,0,0,,0,0,0.0,0,,0,0,0,,,0.0,,0,0,0,0,0,0,,0,,,0,0,0.0,,,0,0,,,0,0,,0,0,0.0,0,,0,0,0,,,0.0,,0,0,0,0,0,0,,0,,0,0.0,1,1,100.0,27.0,3.0,0,0,0.0,0.0,0,0,,1,0,-0.67,0,50.4,0,0,1,0.0,,39.6,0.0,0,0,0,0,0,0,0.0,0,0.0,222,,0,0,0.0,,,0,0,,,0,0,,0,0,0.0,0,,0,0,0,,,0.0,,0,0,0,0,0,0,,0,,,0,0,0.0,,,0,0,,,0,0,,0,0,0.0,0,,0,0,0,,,0.0,,0,0,0,0,0,0,,0,,,0,0,0.0,,,0,0,,,0,0,,0,0,0.0,0,,0,0,0,,,0.0,,0,0,0,0,0,0,,0,,,0,0,0.0,,,0,0,,,0,0,,0,0,0.0,0,,0,0,0,,,0.0,,0,0,0,0,0,0,,0,,,0,0,0.0,,,0,0,,,0,0,,0,0,0.0,0,,0,0,0,,,0.0,,0,0,0,0,0,0,,0,,0,,0,0,0.0,,,0,0,,,0,0,,0,0,0.0,0,,0,0,0,,,0.0,,0,0,0,0,0,0,,0,,0.0,1,1,100.0,27.0,3.0,0,0,0.0,0.0,0,0,,1,0,-0.67,0,50.4,0,0,1,0.0,,39.6,0.0,0,0,0,0,0,0,0.0,0,0.0,,0,0,0.0,,,0,0,,,0,0,,0,0,0.0,0,,0,0,0,,,0.0,,0,0,0,0,0,0,,0,,,0,0,0.0,,,0,0,,,0,0,,0,0,0.0,0,,0,0,0,,,0.0,,0,0,0,0,0,0,,0,,,0,0,0.0,,,0,0,,,0,0,,0,0,0.0,0,,0,0,0,,,0.0,,0,0,0,0,0,0,,0,
Kaden Feagin,174024,HB,ILLINOIS,1,0,1,,0,0,,,,0,0,,,0,0,,0,0,0.0,0,,0,0,0,,,0.0,,0,0,0,0,0,0,,0,,,0,0,,,,0,0,,,0,0,,0,0,0.0,0,,0,0,0,,,0.0,,0,0,0,0,0,0,,0,,,0,0,,,,0,0,,,0,0,,0,0,0.0,0,,0,0,0,,,0.0,,0,0,0,0,0,0,,0,,,0,0,,,,0,0,,,0,0,,0,0,0.0,0,,0,0,0,,,0.0,,0,0,0,0,0,0,,0,,,0,0,,,,0,0,,,0,0,,0,0,0.0,0,,0,0,0,,,0.0,,0,0,0,0,0,0,,0,,0,,0,0,,,,0,0,,,0,0,,0,0,0.0,0,,0,0,0,,,0.0,,0,0,0,0,0,0,,0,,187,,0,0,,,,0,0,,,0,0,,0,0,0.0,0,,0,0,0,,,0.0,,0,0,0,0,0,0,,0,,,0,0,,,,0,0,,,0,0,,0,0,0.0,0,,0,0,0,,,0.0,,0,0,0,0,0,0,,0,,,0,0,,,,0,0,,,0,0,,0,0,0.0,0,,0,0,0,,,0.0,,0,0,0,0,0,0,,0,,,0,0,,,,0,0,,,0,0,,0,0,0.0,0,,0,0,0,,,0.0,,0,0,0,0,0,0,,0,,,0,0,,,,0,0,,,0,0,,0,0,0.0,0,,0,0,0,,,0.0,,0,0,0,0,0,0,,0,,0,,0,0,,,,0,0,,,0,0,,0,0,0.0,0,,0,0,0,,,0.0,,0,0,0,0,0,0,,0,,,0,0,,,,0,0,,,0,0,,0,0,0.0,0,,0,0,0,,,0.0,,0,0,0,0,0,0,,0,,,0,0,,,,0,0,,,0,0,,0,0,0.0,0,,0,0,0,,,0.0,,0,0,0,0,0,0,,0,,,0,0,,,,0,0,,,0,0,,0,0,0.0,0,,0,0,0,,,0.0,,0,0,0,0,0,0,,0,,,0,0,,,,0,0,,,0,0,,0,0,0.0,0,,0,0,0,,,0.0,,0,0,0,0,0,0,,0,
Beau Allen,73936,QB,KENTUCKY,1,0,1,,0,0,,,,0,0,,,0,0,,0,0,0.0,0,,0,0,0,,,0.0,,0,0,0,0,0,0,,0,,,0,0,,,,0,0,,,0,0,,0,0,0.0,0,,0,0,0,,,0.0,,0,0,0,0,0,0,,0,,,0,0,,,,0,0,,,0,0,,0,0,0.0,0,,0,0,0,,,0.0,,0,0,0,0,0,0,,0,,,0,0,,,,0,0,,,0,0,,0,0,0.0,0,,0,0,0,,,0.0,,0,0,0,0,0,0,,0,,,0,0,,,,0,0,,,0,0,,0,0,0.0,0,,0,0,0,,,0.0,,0,0,0,0,0,0,,0,,0,,0,0,,,,0,0,,,0,0,,0,0,0.0,0,,0,0,0,,,0.0,,0,0,0,0,0,0,,0,,202,,0,0,,,,0,0,,,0,0,,0,0,0.0,0,,0,0,0,,,0.0,,0,0,0,0,0,0,,0,,,0,0,,,,0,0,,,0,0,,0,0,0.0,0,,0,0,0,,,0.0,,0,0,0,0,0,0,,0,,,0,0,,,,0,0,,,0,0,,0,0,0.0,0,,0,0,0,,,0.0,,0,0,0,0,0,0,,0,,,0,0,,,,0,0,,,0,0,,0,0,0.0,0,,0,0,0,,,0.0,,0,0,0,0,0,0,,0,,,0,0,,,,0,0,,,0,0,,0,0,0.0,0,,0,0,0,,,0.0,,0,0,0,0,0,0,,0,,0,,0,0,,,,0,0,,,0,0,,0,0,0.0,0,,0,0,0,,,0.0,,0,0,0,0,0,0,,0,,,0,0,,,,0,0,,,0,0,,0,0,0.0,0,,0,0,0,,,0.0,,0,0,0,0,0,0,,0,,,0,0,,,,0,0,,,0,0,,0,0,0.0,0,,0,0,0,,,0.0,,0,0,0,0,0,0,,0,,,0,0,,,,0,0,,,0,0,,0,0,0.0,0,,0,0,0,,,0.0,,0,0,0,0,0,0,,0,,,0,0,,,,0,0,,,0,0,,0,0,0.0,0,,0,0,0,,,0.0,,0,0,0,0,0,0,,0,
Cam Edwards,158615,HB,UCONN,1,0,1,,0,0,,,,0,0,,,0,0,,0,0,0.0,0,,0,0,0,,,0.0,,0,0,0,0,0,0,,0,,,0,0,,,,0,0,,,0,0,,0,0,0.0,0,,0,0,0,,,0.0,,0,0,0,0,0,0,,0,,,0,0,,,,0,0,,,0,0,,0,0,0.0,0,,0,0,0,,,0.0,,0,0,0,0,0,0,,0,,,0,0,,,,0,0,,,0,0,,0,0,0.0,0,,0,0,0,,,0.0,,0,0,0,0,0,0,,0,,,0,0,,,,0,0,,,0,0,,0,0,0.0,0,,0,0,0,,,0.0,,0,0,0,0,0,0,,0,,0,,0,0,,,,0,0,,,0,0,,0,0,0.0,0,,0,0,0,,,0.0,,0,0,0,0,0,0,,0,,146,,0,0,,,,0,0,,,0,0,,0,0,0.0,0,,0,0,0,,,0.0,,0,0,0,0,0,0,,0,,,0,0,,,,0,0,,,0,0,,0,0,0.0,0,,0,0,0,,,0.0,,0,0,0,0,0,0,,0,,,0,0,,,,0,0,,,0,0,,0,0,0.0,0,,0,0,0,,,0.0,,0,0,0,0,0,0,,0,,,0,0,,,,0,0,,,0,0,,0,0,0.0,0,,0,0,0,,,0.0,,0,0,0,0,0,0,,0,,,0,0,,,,0,0,,,0,0,,0,0,0.0,0,,0,0,0,,,0.0,,0,0,0,0,0,0,,0,,0,,0,0,,,,0,0,,,0,0,,0,0,0.0,0,,0,0,0,,,0.0,,0,0,0,0,0,0,,0,,,0,0,,,,0,0,,,0,0,,0,0,0.0,0,,0,0,0,,,0.0,,0,0,0,0,0,0,,0,,,0,0,,,,0,0,,,0,0,,0,0,0.0,0,,0,0,0,,,0.0,,0,0,0,0,0,0,,0,,,0,0,,,,0,0,,,0,0,,0,0,0.0,0,,0,0,0,,,0.0,,0,0,0,0,0,0,,0,,,0,0,,,,0,0,,,0,0,,0,0,0.0,0,,0,0,0,,,0.0,,0,0,0,0,0,0,,0,
AJ Jones,158729,WR,MIDDLE TN,1,1,1,,0,0,0.0,,,0,0,,,0,0,,0,0,0.0,0,,0,0,0,,,0.0,,0,0,0,0,0,0,,0,,,0,0,0.0,,,0,0,,,0,0,,0,0,0.0,0,,0,0,0,,,0.0,,0,0,0,0,0,0,,0,,,0,0,0.0,,,0,0,,,0,0,,0,0,0.0,0,,0,0,0,,,0.0,,0,0,0,0,0,0,,0,,,0,0,0.0,,,0,0,,,0,0,,0,0,0.0,0,,0,0,0,,,0.0,,0,0,0,0,0,0,,0,,,0,0,0.0,,,0,0,,,0,0,,0,0,0.0,0,,0,0,0,,,0.0,,0,0,0,0,0,0,,0,,0,0.0,1,1,100.0,37.0,3.4,0,0,0.0,0.0,0,0,,1,0,-0.66,0,37.0,0,0,1,0.0,,39.6,0.0,0,0,0,0,0,1,100.0,0,0.0,224,,0,0,0.0,,,0,0,,,0,0,,0,0,0.0,0,,0,0,0,,,0.0,,0,0,0,0,0,0,,0,,,0,0,0.0,,,0,0,,,0,0,,0,0,0.0,0,,0,0,0,,,0.0,,0,0,0,0,0,0,,0,,,0,0,0.0,,,0,0,,,0,0,,0,0,0.0,0,,0,0,0,,,0.0,,0,0,0,0,0,0,,0,,,0,0,0.0,,,0,0,,,0,0,,0,0,0.0,0,,0,0,0,,,0.0,,0,0,0,0,0,0,,0,,,0,0,0.0,,,0,0,,,0,0,,0,0,0.0,0,,0,0,0,,,0.0,,0,0,0,0,0,0,,0,,0,,0,0,0.0,,,0,0,,,0,0,,0,0,0.0,0,,0,0,0,,,0.0,,0,0,0,0,0,0,,0,,0.0,1,1,100.0,37.0,3.4,0,0,0.0,0.0,0,0,,1,0,-0.66,0,37.0,0,0,1,0.0,,39.6,0.0,0,0,0,0,0,1,100.0,0,0.0,,0,0,0.0,,,0,0,,,0,0,,0,0,0.0,0,,0,0,0,,,0.0,,0,0,0,0,0,0,,0,,,0,0,0.0,,,0,0,,,0,0,,0,0,0.0,0,,0,0,0,,,0.0,,0,0,0,0,0,0,,0,,,0,0,0.0,,,0,0,,,0,0,,0,0,0.0,0,,0,0,0,,,0.0,,0,0,0,0,0,0,,0,
Hollywood Smothers,173719,HB,NC STATE,1,1,1,100.0,1,1,100.0,-5.0,2.5,0,0,0.0,100.0,1,0,0.0,1,0,-1.54,0,60.4,0,0,1,0.0,,79.2,0.0,0,0,0,0,0,0,0.0,-4,-4.0,,0,0,0.0,,,0,0,,,0,0,,0,0,0.0,0,,0,0,0,,,0.0,,0,0,0,0,0,0,,0,,,0,0,0.0,,,0,0,,,0,0,,0,0,0.0,0,,0,0,0,,,0.0,,0,0,0,0,0,0,,0,,,0,0,0.0,,,0,0,,,0,0,,0,0,0.0,0,,0,0,0,,,0.0,,0,0,0,0,0,0,,0,,,0,0,0.0,,,0,0,,,0,0,,0,0,0.0,0,,0,0,0,,,0.0,,0,0,0,0,0,0,,0,,0,,0,0,0.0,,,0,0,,,0,0,,0,0,0.0,0,,0,0,0,,,0.0,,0,0,0,0,0,0,,0,,248,,0,0,0.0,,,0,0,,,0,0,,0,0,0.0,0,,0,0,0,,,0.0,,0,0,0,0,0,0,,0,,,0,0,0.0,,,0,0,,,0,0,,0,0,0.0,0,,0,0,0,,,0.0,,0,0,0,0,0,0,,0,,,0,0,0.0,,,0,0,,,0,0,,0,0,0.0,0,,0,0,0,,,0.0,,0,0,0,0,0,0,,0,,,0,0,0.0,,,0,0,,,0,0,,0,0,0.0,0,,0,0,0,,,0.0,,0,0,0,0,0,0,,0,,,0,0,0.0,,,0,0,,,0,0,,0,0,0.0,0,,0,0,0,,,0.0,,0,0,0,0,0,0,,0,,0,100.0,1,1,100.0,-5.0,2.5,0,0,0.0,100.0,1,0,0.0,1,0,-1.54,0,60.4,0,0,1,0.0,,79.2,0.0,0,0,0,0,0,0,0.0,-4,-4.0,,0,0,0.0,,,0,0,,,0,0,,0,0,0.0,0,,0,0,0,,,0.0,,0,0,0,0,0,0,,0,,,0,0,0.0,,,0,0,,,0,0,,0,0,0.0,0,,0,0,0,,,0.0,,0,0,0,0,0,0,,0,,,0,0,0.0,,,0,0,,,0,0,,0,0,0.0,0,,0,0,0,,,0.0,,0,0,0,0,0,0,,0,,,0,0,0.0,,,0,0,,,0,0,,0,0,0.0,0,,0,0,0,,,0.0,,0,0,0,0,0,0,,0,
Clay Thevenin,198671,HB,LA TECH,1,1,1,100.0,1,1,100.0,-4.0,3.0,0,0,0.0,0.0,0,0,100.0,1,1,-1.93,0,61.0,0,0,1,0.0,,39.6,0.0,0,0,0,0,0,0,0.0,0,0.0,100.0,1,1,100.0,-4.0,3.0,0,0,0.0,0.0,0,0,100.0,1,1,-1.93,0,61.0,0,0,1,0.0,,39.6,0.0,0,0,0,0,0,0,0.0,0,0.0,,0,0,0.0,,,0,0,,,0,0,,0,0,0.0,0,,0,0,0,,,0.0,,0,0,0,0,0,0,,0,,,0,0,0.0,,,0,0,,,0,0,,0,0,0.0,0,,0,0,0,,,0.0,,0,0,0,0,0,0,,0,,,0,0,0.0,,,0,0,,,0,0,,0,0,0.0,0,,0,0,0,,,0.0,,0,0,0,0,0,0,,0,,0,,0,0,0.0,,,0,0,,,0,0,,0,0,0.0,0,,0,0,0,,,0.0,,0,0,0,0,0,0,,0,,208,,0,0,0.0,,,0,0,,,0,0,,0,0,0.0,0,,0,0,0,,,0.0,,0,0,0,0,0,0,,0,,,0,0,0.0,,,0,0,,,0,0,,0,0,0.0,0,,0,0,0,,,0.0,,0,0,0,0,0,0,,0,,,0,0,0.0,,,0,0,,,0,0,,0,0,0.0,0,,0,0,0,,,0.0,,0,0,0,0,0,0,,0,,,0,0,0.0,,,0,0,,,0,0,,0,0,0.0,0,,0,0,0,,,0.0,,0,0,0,0,0,0,,0,,,0,0,0.0,,,0,0,,,0,0,,0,0,0.0,0,,0,0,0,,,0.0,,0,0,0,0,0,0,,0,,0,,0,0,0.0,,,0,0,,,0,0,,0,0,0.0,0,,0,0,0,,,0.0,,0,0,0,0,0,0,,0,,,0,0,0.0,,,0,0,,,0,0,,0,0,0.0,0,,0,0,0,,,0.0,,0,0,0,0,0,0,,0,,,0,0,0.0,,,0,0,,,0,0,,0,0,0.0,0,,0,0,0,,,0.0,,0,0,0,0,0,0,,0,,,0,0,0.0,,,0,0,,,0,0,,0,0,0.0,0,,0,0,0,,,0.0,,0,0,0,0,0,0,,0,,,0,0,0.0,,,0,0,,,0,0,,0,0,0.0,0,,0,0,0,,,0.0,,0,0,0,0,0,0,,0,
Christian Moss,144095,WR,KENNESAW,1,1,1,,0,0,0.0,,,0,0,,,0,0,,0,0,0.0,0,,0,0,0,,,0.0,,0,0,0,0,0,0,,0,,,0,0,0.0,,,0,0,,,0,0,,0,0,0.0,0,,0,0,0,,,0.0,,0,0,0,0,0,0,,0,,,0,0,0.0,,,0,0,,,0,0,,0,0,0.0,0,,0,0,0,,,0.0,,0,0,0,0,0,0,,0,,,0,0,0.0,,,0,0,,,0,0,,0,0,0.0,0,,0,0,0,,,0.0,,0,0,0,0,0,0,,0,,,0,0,0.0,,,0,0,,,0,0,,0,0,0.0,0,,0,0,0,,,0.0,,0,0,0,0,0,0,,0,,0,100.0,1,1,100.0,22.0,3.0,0,0,0.0,100.0,1,1,0.0,1,0,1.76,1,76.2,0,0,1,100.0,0.0,158.3,0.0,0,0,0,0,1,0,0.0,13,13.0,200,,0,0,0.0,,,0,0,,,0,0,,0,0,0.0,0,,0,0,0,,,0.0,,0,0,0,0,0,0,,0,,,0,0,0.0,,,0,0,,,0,0,,0,0,0.0,0,,0,0,0,,,0.0,,0,0,0,0,0,0,,0,,,0,0,0.0,,,0,0,,,0,0,,0,0,0.0,0,,0,0,0,,,0.0,,0,0,0,0,0,0,,0,,,0,0,0.0,,,0,0,,,0,0,,0,0,0.0,0,,0,0,0,,,0.0,,0,0,0,0,0,0,,0,,,0,0,0.0,,,0,0,,,0,0,,0,0,0.0,0,,0,0,0,,,0.0,,0,0,0,0,0,0,,0,,0,,0,0,0.0,,,0,0,,,0,0,,0,0,0.0,0,,0,0,0,,,0.0,,0,0,0,0,0,0,,0,,100.0,1,1,100.0,22.0,3.0,0,0,0.0,100.0,1,1,0.0,1,0,1.76,1,76.2,0,0,1,100.0,0.0,158.3,0.0,0,0,0,0,1,0,0.0,13,13.0,,0,0,0.0,,,0,0,,,0,0,,0,0,0.0,0,,0,0,0,,,0.0,,0,0,0,0,0,0,,0,,,0,0,0.0,,,0,0,,,0,0,,0,0,0.0,0,,0,0,0,,,0.0,,0,0,0,0,0,0,,0,,,0,0,0.0,,,0,0,,,0,0,,0,0,0.0,0,,0,0,0,,,0.0,,0,0,0,0,0,0,,0,
Luke Watkins,198688,WR,LA TECH,1,1,1,100.0,1,1,100.0,-6.0,2.5,0,0,0.0,100.0,1,1,0.0,1,0,-2.83,0,61.0,0,0,1,0.0,0.0,79.2,0.0,0,0,0,0,0,0,0.0,-5,-5.0,100.0,1,1,100.0,-6.0,2.5,0,0,0.0,100.0,1,1,0.0,1,0,-2.83,0,61.0,0,0,1,0.0,0.0,79.2,0.0,0,0,0,0,0,0,0.0,-5,-5.0,,0,0,0.0,,,0,0,,,0,0,,0,0,0.0,0,,0,0,0,,,0.0,,0,0,0,0,0,0,,0,,,0,0,0.0,,,0,0,,,0,0,,0,0,0.0,0,,0,0,0,,,0.0,,0,0,0,0,0,0,,0,,,0,0,0.0,,,0,0,,,0,0,,0,0,0.0,0,,0,0,0,,,0.0,,0,0,0,0,0,0,,0,,0,,0,0,0.0,,,0,0,,,0,0,,0,0,0.0,0,,0,0,0,,,0.0,,0,0,0,0,0,0,,0,,208,,0,0,0.0,,,0,0,,,0,0,,0,0,0.0,0,,0,0,0,,,0.0,,0,0,0,0,0,0,,0,,,0,0,0.0,,,0,0,,,0,0,,0,0,0.0,0,,0,0,0,,,0.0,,0,0,0,0,0,0,,0,,,0,0,0.0,,,0,0,,,0,0,,0,0,0.0,0,,0,0,0,,,0.0,,0,0,0,0,0,0,,0,,,0,0,0.0,,,0,0,,,0,0,,0,0,0.0,0,,0,0,0,,,0.0,,0,0,0,0,0,0,,0,,,0,0,0.0,,,0,0,,,0,0,,0,0,0.0,0,,0,0,0,,,0.0,,0,0,0,0,0,0,,0,,0,,0,0,0.0,,,0,0,,,0,0,,0,0,0.0,0,,0,0,0,,,0.0,,0,0,0,0,0,0,,0,,,0,0,0.0,,,0,0,,,0,0,,0,0,0.0,0,,0,0,0,,,0.0,,0,0,0,0,0,0,,0,,,0,0,0.0,,,0,0,,,0,0,,0,0,0.0,0,,0,0,0,,,0.0,,0,0,0,0,0,0,,0,,,0,0,0.0,,,0,0,,,0,0,,0,0,0.0,0,,0,0,0,,,0.0,,0,0,0,0,0,0,,0,,,0,0,0.0,,,0,0,,,0,0,,0,0,0.0,0,,0,0,0,,,0.0,,0,0,0,0,0,0,,0,
Eric Singleton Jr.,170078,WR,AUBURN,1,1,1,,0,0,0.0,,,0,0,,,0,0,,0,0,0.0,0,,0,0,0,,,0.0,,0,0,0,0,0,0,,0,,,0,0,0.0,,,0,0,,,0,0,,0,0,0.0,0,,0,0,0,,,0.0,,0,0,0,0,0,0,,0,,0.0,1,1,100.0,37.0,3.1,0,0,0.0,0.0,0,1,,1,0,-0.75,0,51.3,0,0,1,0.0,0.0,39.6,0.0,0,0,0,0,0,0,0.0,0,0.0,,0,0,0.0,,,0,0,,,0,0,,0,0,0.0,0,,0,0,0,,,0.0,,0,0,0,0,0,0,,0,,,0,0,0.0,,,0,0,,,0,0,,0,0,0.0,0,,0,0,0,,,0.0,,0,0,0,0,0,0,,0,,0,0.0,1,1,100.0,37.0,3.1,0,0,0.0,0.0,0,1,,1,0,-0.75,0,51.3,0,0,1,0.0,0.0,39.6,0.0,0,0,0,0,0,0,0.0,0,0.0,115,,0,0,0.0,,,0,0,,,0,0,,0,0,0.0,0,,0,0,0,,,0.0,,0,0,0,0,0,0,,0,,,0,0,0.0,,,0,0,,,0,0,,0,0,0.0,0,,0,0,0,,,0.0,,0,0,0,0,0,0,,0,,,0,0,0.0,,,0,0,,,0,0,,0,0,0.0,0,,0,0,0,,,0.0,,0,0,0,0,0,0,,0,,,0,0,0.0,,,0,0,,,0,0,,0,0,0.0,0,,0,0,0,,,0.0,,0,0,0,0,0,0,,0,,,0,0,0.0,,,0,0,,,0,0,,0,0,0.0,0,,0,0,0,,,0.0,,0,0,0,0,0,0,,0,,0,,0,0,0.0,,,0,0,,,0,0,,0,0,0.0,0,,0,0,0,,,0.0,,0,0,0,0,0,0,,0,,,0,0,0.0,,,0,0,,,0,0,,0,0,0.0,0,,0,0,0,,,0.0,,0,0,0,0,0,0,,0,,,0,0,0.0,,,0,0,,,0,0,,0,0,0.0,0,,0,0,0,,,0.0,,0,0,0,0,0,0,,0,,,0,0,0.0,,,0,0,,,0,0,,0,0,0.0,0,,0,0,0,,,0.0,,0,0,0,0,0,0,,0,,,0,0,0.0,,,0,0,,,0,0,,0,0,0.0,0,,0,0,0,,,0.0,,0,0,0,0,0,0,,0,
Jaden Bradley,144016,WR,UNLV,1,1,1,,0,0,0.0,,,0,0,,,0,0,,0,0,0.0,0,,0,0,0,,,0.0,,0,0,0,0,0,0,,0,,,0,0,0.0,,,0,0,,,0,0,,0,0,0.0,0,,0,0,0,,,0.0,,0,0,0,0,0,0,,0,,,0,0,0.0,,,0,0,,,0,0,,0,0,0.0,0,,0,0,0,,,0.0,,0,0,0,0,0,0,,0,,,0,0,0.0,,,0,0,,,0,0,,0,0,0.0,0,,0,0,0,,,0.0,,0,0,0,0,0,0,,0,,,0,0,0.0,,,0,0,,,0,0,,0,0,0.0,0,,0,0,0,,,0.0,,0,0,0,0,0,0,,0,,0,100.0,1,1,100.0,20.0,3.2,0,0,0.0,100.0,1,0,0.0,1,0,1.8,1,76.2,0,0,1,100.0,,158.3,0.0,0,0,0,0,1,0,0.0,16,16.0,325,,0,0,0.0,,,0,0,,,0,0,,0,0,0.0,0,,0,0,0,,,0.0,,0,0,0,0,0,0,,0,,100.0,1,1,100.0,20.0,3.2,0,0,0.0,100.0,1,0,0.0,1,0,1.8,1,76.2,0,0,1,100.0,,158.3,0.0,0,0,0,0,1,0,0.0,16,16.0,,0,0,0.0,,,0,0,,,0,0,,0,0,0.0,0,,0,0,0,,,0.0,,0,0,0,0,0,0,,0,,,0,0,0.0,,,0,0,,,0,0,,0,0,0.0,0,,0,0,0,,,0.0,,0,0,0,0,0,0,,0,,,0,0,0.0,,,0,0,,,0,0,,0,0,0.0,0,,0,0,0,,,0.0,,0,0,0,0,0,0,,0,,0,,0,0,0.0,,,0,0,,,0,0,,0,0,0.0,0,,0,0,0,,,0.0,,0,0,0,0,0,0,,0,,,0,0,0.0,,,0,0,,,0,0,,0,0,0.0,0,,0,0,0,,,0.0,,0,0,0,0,0,0,,0,,,0,0,0.0,,,0,0,,,0,0,,0,0,0.0,0,,0,0,0,,,0.0,,0,0,0,0,0,0,,0,,,0,0,0.0,,,0,0,,,0,0,,0,0,0.0,0,,0,0,0,,,0.0,,0,0,0,0,0,0,,0,,,0,0,0.0,,,0,0,,,0,0,,0,0,0.0,0,,0,0,0,,,0.0,,0,0,0,0,0,0,,0,
Romello Brinson,143936,WR,SMU,1,1,1,,0,0,0.0,,,0,0,,,0,0,,0,0,0.0,0,,0,0,0,,,0.0,,0,0,0,0,0,0,,0,,,0,0,0.0,,,0,0,,,0,0,,0,0,0.0,0,,0,0,0,,,0.0,,0,0,0,0,0,0,,0,,,0,0,0.0,,,0,0,,,0,0,,0,0,0.0,0,,0,0,0,,,0.0,,0,0,0,0,0,0,,0,,,0,0,0.0,,,0,0,,,0,0,,0,0,0.0,0,,0,0,0,,,0.0,,0,0,0,0,0,0,,0,,,0,0,0.0,,,0,0,,,0,0,,0,0,0.0,0,,0,0,0,,,0.0,,0,0,0,0,0,0,,0,,0,,0,0,0.0,,,0,0,,,0,0,,0,0,0.0,0,,0,0,0,,,0.0,,0,0,0,0,0,0,,0,,287,,0,0,0.0,,,0,0,,,0,0,,0,0,0.0,0,,0,0,0,,,0.0,,0,0,0,0,0,0,,0,,,0,0,0.0,,,0,0,,,0,0,,0,0,0.0,0,,0,0,0,,,0.0,,0,0,0,0,0,0,,0,,,0,0,0.0,,,0,0,,,0,0,,0,0,0.0,0,,0,0,0,,,0.0,,0,0,0,0,0,0,,0,,,0,0,0.0,,,0,0,,,0,0,,0,0,0.0,0,,0,0,0,,,0.0,,0,0,0,0,0,0,,0,,,0,0,0.0,,,0,0,,,0,0,,0,0,0.0,0,,0,0,0,,,0.0,,0,0,0,0,0,0,,0,,0,,0,0,0.0,,,0,0,,,0,0,,0,0,0.0,0,,0,0,0,,,0.0,,0,0,0,0,0,0,,0,,,0,0,0.0,,,0,0,,,0,0,,0,0,0.0,0,,0,0,0,,,0.0,,0,0,0,0,0,0,,0,,,0,0,0.0,,,0,0,,,0,0,,0,0,0.0,0,,0,0,0,,,0.0,,0,0,0,0,0,0,,0,,0.0,1,1,100.0,4.0,5.7,0,0,0.0,0.0,0,1,,1,0,-0.54,0,55.3,0,0,1,0.0,0.0,39.6,0.0,0,0,0,0,0,0,0.0,0,0.0,0.0,1,1,100.0,4.0,5.7,0,0,0.0,0.0,0,1,,1,0,-0.54,0,55.3,0,0,1,0.0,0.0,39.6,0.0,0,0,0,0,0,0,0.0,0,0.0
Gabe Glover,204935,WR,JVILLE ST,1,1,1,,0,0,0.0,,,0,0,,,0,0,,0,0,0.0,0,,0,0,0,,,0.0,,0,0,0,0,0,0,,0,,,0,0,0.0,,,0,0,,,0,0,,0,0,0.0,0,,0,0,0,,,0.0,,0,0,0,0,0,0,,0,,,0,0,0.0,,,0,0,,,0,0,,0,0,0.0,0,,0,0,0,,,0.0,,0,0,0,0,0,0,,0,,,0,0,0.0,,,0,0,,,0,0,,0,0,0.0,0,,0,0,0,,,0.0,,0,0,0,0,0,0,,0,,,0,0,0.0,,,0,0,,,0,0,,0,0,0.0,0,,0,0,0,,,0.0,,0,0,0,0,0,0,,0,,0,,0,0,0.0,,,0,0,,,0,0,,0,0,0.0,0,,0,0,0,,,0.0,,0,0,0,0,0,0,,0,,196,,0,0,0.0,,,0,0,,,0,0,,0,0,0.0,0,,0,0,0,,,0.0,,0,0,0,0,0,0,,0,,,0,0,0.0,,,0,0,,,0,0,,0,0,0.0,0,,0,0,0,,,0.0,,0,0,0,0,0,0,,0,,,0,0,0.0,,,0,0,,,0,0,,0,0,0.0,0,,0,0,0,,,0.0,,0,0,0,0,0,0,,0,,,0,0,0.0,,,0,0,,,0,0,,0,0,0.0,0,,0,0,0,,,0.0,,0,0,0,0,0,0,,0,,100.0,1,1,100.0,16.0,4.3,0,0,0.0,100.0,1,0,0.0,1,0,1.58,0,76.6,0,0,1,100.0,,118.8,0.0,0,0,0,0,0,0,0.0,18,18.0,0,,0,0,0.0,,,0,0,,,0,0,,0,0,0.0,0,,0,0,0,,,0.0,,0,0,0,0,0,0,,0,,,0,0,0.0,,,0,0,,,0,0,,0,0,0.0,0,,0,0,0,,,0.0,,0,0,0,0,0,0,,0,,100.0,1,1,100.0,16.0,4.3,0,0,0.0,100.0,1,0,0.0,1,0,1.58,0,76.6,0,0,1,100.0,,118.8,0.0,0,0,0,0,0,0,0.0,18,18.0,,0,0,0.0,,,0,0,,,0,0,,0,0,0.0,0,,0,0,0,,,0.0,,0,0,0,0,0,0,,0,,,0,0,0.0,,,0,0,,,0,0,,0,0,0.0,0,,0,0,0,,,0.0,,0,0,0,0,0,0,,0,
Jacquon Gibson,158762,WR,UMASS,1,1,1,,0,0,0.0,,,0,0,,,0,0,,0,0,0.0,0,,0,0,0,,,0.0,,0,0,0,0,0,0,,0,,,0,0,0.0,,,0,0,,,0,0,,0,0,0.0,0,,0,0,0,,,0.0,,0,0,0,0,0,0,,0,,,0,0,0.0,,,0,0,,,0,0,,0,0,0.0,0,,0,0,0,,,0.0,,0,0,0,0,0,0,,0,,,0,0,0.0,,,0,0,,,0,0,,0,0,0.0,0,,0,0,0,,,0.0,,0,0,0,0,0,0,,0,,,0,0,0.0,,,0,0,,,0,0,,0,0,0.0,0,,0,0,0,,,0.0,,0,0,0,0,0,0,,0,,0,,0,0,0.0,,,0,0,,,0,0,,0,0,0.0,0,,0,0,0,,,0.0,,0,0,0,0,0,0,,0,,216,,0,0,0.0,,,0,0,,,0,0,,0,0,0.0,0,,0,0,0,,,0.0,,0,0,0,0,0,0,,0,,,0,0,0.0,,,0,0,,,0,0,,0,0,0.0,0,,0,0,0,,,0.0,,0,0,0,0,0,0,,0,,,0,0,0.0,,,0,0,,,0,0,,0,0,0.0,0,,0,0,0,,,0.0,,0,0,0,0,0,0,,0,,100.0,1,1,100.0,5.0,3.0,0,0,0.0,100.0,1,0,0.0,1,0,-0.03,0,60.4,0,0,1,0.0,,87.5,0.0,0,0,0,0,0,0,0.0,5,5.0,,0,0,0.0,,,0,0,,,0,0,,0,0,0.0,0,,0,0,0,,,0.0,,0,0,0,0,0,0,,0,,0,,0,0,0.0,,,0,0,,,0,0,,0,0,0.0,0,,0,0,0,,,0.0,,0,0,0,0,0,0,,0,,,0,0,0.0,,,0,0,,,0,0,,0,0,0.0,0,,0,0,0,,,0.0,,0,0,0,0,0,0,,0,,,0,0,0.0,,,0,0,,,0,0,,0,0,0.0,0,,0,0,0,,,0.0,,0,0,0,0,0,0,,0,,,0,0,0.0,,,0,0,,,0,0,,0,0,0.0,0,,0,0,0,,,0.0,,0,0,0,0,0,0,,0,,100.0,1,1,100.0,5.0,3.0,0,0,0.0,100.0,1,0,0.0,1,0,-0.03,0,60.4,0,0,1,0.0,,87.5,0.0,0,0,0,0,0,0,0.0,5,5.0
Grant Wilson,143041,QB,INDIANA,1,1,1,,0,0,0.0,,,0,0,,,0,0,,0,0,0.0,0,,0,0,0,,,0.0,,0,0,0,0,0,0,,0,,,0,0,0.0,,,0,0,,,0,0,,0,0,0.0,0,,0,0,0,,,0.0,,0,0,0,0,0,0,,0,,,0,0,0.0,,,0,0,,,0,0,,0,0,0.0,0,,0,0,0,,,0.0,,0,0,0,0,0,0,,0,,,0,0,0.0,,,0,0,,,0,0,,0,0,0.0,0,,0,0,0,,,0.0,,0,0,0,0,0,0,,0,,,0,0,0.0,,,0,0,,,0,0,,0,0,0.0,0,,0,0,0,,,0.0,,0,0,0,0,0,0,,0,,0,,0,0,0.0,,,0,0,,,0,0,,0,0,0.0,0,,0,0,0,,,0.0,,0,0,0,0,0,0,,0,,190,,0,0,0.0,,,0,0,,,0,0,,0,0,0.0,0,,0,0,0,,,0.0,,0,0,0,0,0,0,,0,,,0,0,0.0,,,0,0,,,0,0,,0,0,0.0,0,,0,0,0,,,0.0,,0,0,0,0,0,0,,0,,,0,0,0.0,,,0,0,,,0,0,,0,0,0.0,0,,0,0,0,,,0.0,,0,0,0,0,0,0,,0,,100.0,1,1,100.0,5.0,1.5,0,0,0.0,100.0,1,0,0.0,1,0,0.3,1,56.1,0,0,1,100.0,,87.5,0.0,0,0,0,0,0,0,0.0,5,5.0,,0,0,0.0,,,0,0,,,0,0,,0,0,0.0,0,,0,0,0,,,0.0,,0,0,0,0,0,0,,0,,0,,0,0,0.0,,,0,0,,,0,0,,0,0,0.0,0,,0,0,0,,,0.0,,0,0,0,0,0,0,,0,,,0,0,0.0,,,0,0,,,0,0,,0,0,0.0,0,,0,0,0,,,0.0,,0,0,0,0,0,0,,0,,,0,0,0.0,,,0,0,,,0,0,,0,0,0.0,0,,0,0,0,,,0.0,,0,0,0,0,0,0,,0,,,0,0,0.0,,,0,0,,,0,0,,0,0,0.0,0,,0,0,0,,,0.0,,0,0,0,0,0,0,,0,,100.0,1,1,100.0,5.0,1.5,0,0,0.0,100.0,1,0,0.0,1,0,0.3,1,56.1,0,0,1,100.0,,87.5,0.0,0,0,0,0,0,0,0.0,5,5.0
Ryan Leavy,139035,P,E CAROLINA,1,1,1,,0,0,0.0,,,0,0,,,0,0,,0,0,0.0,0,,0,0,0,,,0.0,,0,0,0,0,0,0,,0,,,0,0,0.0,,,0,0,,,0,0,,0,0,0.0,0,,0,0,0,,,0.0,,0,0,0,0,0,0,,0,,,0,0,0.0,,,0,0,,,0,0,,0,0,0.0,0,,0,0,0,,,0.0,,0,0,0,0,0,0,,0,,,0,0,0.0,,,0,0,,,0,0,,0,0,0.0,0,,0,0,0,,,0.0,,0,0,0,0,0,0,,0,,100.0,1,1,100.0,4.0,2.0,0,0,0.0,100.0,1,0,0.0,1,0,3.12,1,60.6,0,0,1,100.0,,118.8,0.0,0,0,0,0,0,0,0.0,17,17.0,0,,0,0,0.0,,,0,0,,,0,0,,0,0,0.0,0,,0,0,0,,,0.0,,0,0,0,0,0,0,,0,,156,,0,0,0.0,,,0,0,,,0,0,,0,0,0.0,0,,0,0,0,,,0.0,,0,0,0,0,0,0,,0,,,0,0,0.0,,,0,0,,,0,0,,0,0,0.0,0,,0,0,0,,,0.0,,0,0,0,0,0,0,,0,,,0,0,0.0,,,0,0,,,0,0,,0,0,0.0,0,,0,0,0,,,0.0,,0,0,0,0,0,0,,0,,,0,0,0.0,,,0,0,,,0,0,,0,0,0.0,0,,0,0,0,,,0.0,,0,0,0,0,0,0,,0,,,0,0,0.0,,,0,0,,,0,0,,0,0,0.0,0,,0,0,0,,,0.0,,0,0,0,0,0,0,,0,,0,,0,0,0.0,,,0,0,,,0,0,,0,0,0.0,0,,0,0,0,,,0.0,,0,0,0,0,0,0,,0,,,0,0,0.0,,,0,0,,,0,0,,0,0,0.0,0,,0,0,0,,,0.0,,0,0,0,0,0,0,,0,,,0,0,0.0,,,0,0,,,0,0,,0,0,0.0,0,,0,0,0,,,0.0,,0,0,0,0,0,0,,0,,,0,0,0.0,,,0,0,,,0,0,,0,0,0.0,0,,0,0,0,,,0.0,,0,0,0,0,0,0,,0,,100.0,1,1,100.0,4.0,2.0,0,0,0.0,100.0,1,0,0.0,1,0,3.12,1,60.6,0,0,1,100.0,,118.8,0.0,0,0,0,0,0,0,0.0,17,17.0
Johntay Cook II,131255,WR,SYRACUSE,1,1,1,,0,0,0.0,,,0,0,,,0,0,,0,0,0.0,0,,0,0,0,,,0.0,,0,0,0,0,0,0,,0,,,0,0,0.0,,,0,0,,,0,0,,0,0,0.0,0,,0,0,0,,,0.0,,0,0,0,0,0,0,,0,,,0,0,0.0,,,0,0,,,0,0,,0,0,0.0,0,,0,0,0,,,0.0,,0,0,0,0,0,0,,0,,,0,0,0.0,,,0,0,,,0,0,,0,0,0.0,0,,0,0,0,,,0.0,,0,0,0,0,0,0,,0,,,0,0,0.0,,,0,0,,,0,0,,0,0,0.0,0,,0,0,0,,,0.0,,0,0,0,0,0,0,,0,,0,0.0,1,1,100.0,25.0,3.7,0,0,0.0,0.0,0,0,,1,0,-0.67,0,50.4,0,0,1,0.0,,39.6,0.0,0,0,0,0,0,0,0.0,0,0.0,304,,0,0,0.0,,,0,0,,,0,0,,0,0,0.0,0,,0,0,0,,,0.0,,0,0,0,0,0,0,,0,,,0,0,0.0,,,0,0,,,0,0,,0,0,0.0,0,,0,0,0,,,0.0,,0,0,0,0,0,0,,0,,,0,0,0.0,,,0,0,,,0,0,,0,0,0.0,0,,0,0,0,,,0.0,,0,0,0,0,0,0,,0,,,0,0,0.0,,,0,0,,,0,0,,0,0,0.0,0,,0,0,0,,,0.0,,0,0,0,0,0,0,,0,,,0,0,0.0,,,0,0,,,0,0,,0,0,0.0,0,,0,0,0,,,0.0,,0,0,0,0,0,0,,0,,0,,0,0,0.0,,,0,0,,,0,0,,0,0,0.0,0,,0,0,0,,,0.0,,0,0,0,0,0,0,,0,,0.0,1,1,100.0,25.0,3.7,0,0,0.0,0.0,0,0,,1,0,-0.67,0,50.4,0,0,1,0.0,,39.6,0.0,0,0,0,0,0,0,0.0,0,0.0,,0,0,0.0,,,0,0,,,0,0,,0,0,0.0,0,,0,0,0,,,0.0,,0,0,0,0,0,0,,0,,,0,0,0.0,,,0,0,,,0,0,,0,0,0.0,0,,0,0,0,,,0.0,,0,0,0,0,0,0,,0,,,0,0,0.0,,,0,0,,,0,0,,0,0,0.0,0,,0,0,0,,,0.0,,0,0,0,0,0,0,,0,
Andrew Burnette,205005,HB,LA TECH,1,1,1,,0,0,0.0,,,0,0,,,0,0,,0,0,0.0,0,,0,0,0,,,0.0,,0,0,0,0,0,0,,0,,,0,0,0.0,,,0,0,,,0,0,,0,0,0.0,0,,0,0,0,,,0.0,,0,0,0,0,0,0,,0,,,0,0,0.0,,,0,0,,,0,0,,0,0,0.0,0,,0,0,0,,,0.0,,0,0,0,0,0,0,,0,,,0,0,0.0,,,0,0,,,0,0,,0,0,0.0,0,,0,0,0,,,0.0,,0,0,0,0,0,0,,0,,,0,0,0.0,,,0,0,,,0,0,,0,0,0.0,0,,0,0,0,,,0.0,,0,0,0,0,0,0,,0,,0,0.0,1,1,100.0,31.0,2.6,0,0,0.0,0.0,0,0,,1,0,-4.9,0,37.1,0,1,1,0.0,,0.0,0.0,0,0,0,0,0,1,100.0,0,0.0,208,,0,0,0.0,,,0,0,,,0,0,,0,0,0.0,0,,0,0,0,,,0.0,,0,0,0,0,0,0,,0,,,0,0,0.0,,,0,0,,,0,0,,0,0,0.0,0,,0,0,0,,,0.0,,0,0,0,0,0,0,,0,,,0,0,0.0,,,0,0,,,0,0,,0,0,0.0,0,,0,0,0,,,0.0,,0,0,0,0,0,0,,0,,,0,0,0.0,,,0,0,,,0,0,,0,0,0.0,0,,0,0,0,,,0.0,,0,0,0,0,0,0,,0,,,0,0,0.0,,,0,0,,,0,0,,0,0,0.0,0,,0,0,0,,,0.0,,0,0,0,0,0,0,,0,,0,,0,0,0.0,,,0,0,,,0,0,,0,0,0.0,0,,0,0,0,,,0.0,,0,0,0,0,0,0,,0,,0.0,1,1,100.0,31.0,2.6,0,0,0.0,0.0,0,0,,1,0,-4.9,0,37.1,0,1,1,0.0,,0.0,0.0,0,0,0,0,0,1,100.0,0,0.0,,0,0,0.0,,,0,0,,,0,0,,0,0,0.0,0,,0,0,0,,,0.0,,0,0,0,0,0,0,,0,,,0,0,0.0,,,0,0,,,0,0,,0,0,0.0,0,,0,0,0,,,0.0,,0,0,0,0,0,0,,0,,,0,0,0.0,,,0,0,,,0,0,,0,0,0.0,0,,0,0,0,,,0.0,,0,0,0,0,0,0,,0,
Denzel Boston,162481,WR,WASHINGTON,1,1,1,,0,0,0.0,,,0,0,,,0,0,,0,0,0.0,0,,0,0,0,,,0.0,,0,0,0,0,0,0,,0,,,0,0,0.0,,,0,0,,,0,0,,0,0,0.0,0,,0,0,0,,,0.0,,0,0,0,0,0,0,,0,,,0,0,0.0,,,0,0,,,0,0,,0,0,0.0,0,,0,0,0,,,0.0,,0,0,0,0,0,0,,0,,,0,0,0.0,,,0,0,,,0,0,,0,0,0.0,0,,0,0,0,,,0.0,,0,0,0,0,0,0,,0,,,0,0,0.0,,,0,0,,,0,0,,0,0,0.0,0,,0,0,0,,,0.0,,0,0,0,0,0,0,,0,,0,,0,0,0.0,,,0,0,,,0,0,,0,0,0.0,0,,0,0,0,,,0.0,,0,0,0,0,0,0,,0,,340,,0,0,0.0,,,0,0,,,0,0,,0,0,0.0,0,,0,0,0,,,0.0,,0,0,0,0,0,0,,0,,,0,0,0.0,,,0,0,,,0,0,,0,0,0.0,0,,0,0,0,,,0.0,,0,0,0,0,0,0,,0,,,0,0,0.0,,,0,0,,,0,0,,0,0,0.0,0,,0,0,0,,,0.0,,0,0,0,0,0,0,,0,,,0,0,0.0,,,0,0,,,0,0,,0,0,0.0,0,,0,0,0,,,0.0,,0,0,0,0,0,0,,0,,100.0,1,1,100.0,15.0,3.1,0,0,0.0,100.0,1,0,0.0,1,0,2.39,1,72.6,0,0,1,100.0,,156.3,0.0,0,0,0,0,1,0,0.0,12,12.0,0,,0,0,0.0,,,0,0,,,0,0,,0,0,0.0,0,,0,0,0,,,0.0,,0,0,0,0,0,0,,0,,,0,0,0.0,,,0,0,,,0,0,,0,0,0.0,0,,0,0,0,,,0.0,,0,0,0,0,0,0,,0,,100.0,1,1,100.0,15.0,3.1,0,0,0.0,100.0,1,0,0.0,1,0,2.39,1,72.6,0,0,1,100.0,,156.3,0.0,0,0,0,0,1,0,0.0,12,12.0,,0,0,0.0,,,0,0,,,0,0,,0,0,0.0,0,,0,0,0,,,0.0,,0,0,0,0,0,0,,0,,,0,0,0.0,,,0,0,,,0,0,,0,0,0.0,0,,0,0,0,,,0.0,,0,0,0,0,0,0,,0,
Grady Gross,162487,K,WASHINGTON,1,1,1,,0,0,0.0,,,0,0,,,0,0,,0,0,0.0,0,,0,0,0,,,0.0,,0,0,0,0,0,0,,0,,,0,0,0.0,,,0,0,,,0,0,,0,0,0.0,0,,0,0,0,,,0.0,,0,0,0,0,0,0,,0,,,0,0,0.0,,,0,0,,,0,0,,0,0,0.0,0,,0,0,0,,,0.0,,0,0,0,0,0,0,,0,,,0,0,0.0,,,0,0,,,0,0,,0,0,0.0,0,,0,0,0,,,0.0,,0,0,0,0,0,0,,0,,,0,0,0.0,,,0,0,,,0,0,,0,0,0.0,0,,0,0,0,,,0.0,,0,0,0,0,0,0,,0,,0,,0,0,0.0,,,0,0,,,0,0,,0,0,0.0,0,,0,0,0,,,0.0,,0,0,0,0,0,0,,0,,340,,0,0,0.0,,,0,0,,,0,0,,0,0,0.0,0,,0,0,0,,,0.0,,0,0,0,0,0,0,,0,,,0,0,0.0,,,0,0,,,0,0,,0,0,0.0,0,,0,0,0,,,0.0,,0,0,0,0,0,0,,0,,,0,0,0.0,,,0,0,,,0,0,,0,0,0.0,0,,0,0,0,,,0.0,,0,0,0,0,0,0,,0,,,0,0,0.0,,,0,0,,,0,0,,0,0,0.0,0,,0,0,0,,,0.0,,0,0,0,0,0,0,,0,,,0,0,0.0,,,0,0,,,0,0,,0,0,0.0,0,,0,0,0,,,0.0,,0,0,0,0,0,0,,0,,0,,0,0,0.0,,,0,0,,,0,0,,0,0,0.0,0,,0,0,0,,,0.0,,0,0,0,0,0,0,,0,,,0,0,0.0,,,0,0,,,0,0,,0,0,0.0,0,,0,0,0,,,0.0,,0,0,0,0,0,0,,0,,,0,0,0.0,,,0,0,,,0,0,,0,0,0.0,0,,0,0,0,,,0.0,,0,0,0,0,0,0,,0,,0.0,1,1,100.0,9.0,2.1,0,0,0.0,0.0,0,1,,1,0,-2.11,0,62.2,0,0,1,0.0,0.0,39.6,0.0,0,0,0,0,0,0,0.0,0,0.0,0.0,1,1,100.0,9.0,2.1,0,0,0.0,0.0,0,1,,1,0,-2.11,0,62.2,0,0,1,0.0,0.0,39.6,0.0,0,0,0,0,0,0,0.0,0,0.0
Jay Ducker,130550,HB,TEMPLE,1,1,1,,0,0,0.0,,,0,0,,,0,0,,0,0,0.0,0,,0,0,0,,,0.0,,0,0,0,0,0,0,,0,,,0,0,0.0,,,0,0,,,0,0,,0,0,0.0,0,,0,0,0,,,0.0,,0,0,0,0,0,0,,0,,,0,0,0.0,,,0,0,,,0,0,,0,0,0.0,0,,0,0,0,,,0.0,,0,0,0,0,0,0,,0,,,0,0,0.0,,,0,0,,,0,0,,0,0,0.0,0,,0,0,0,,,0.0,,0,0,0,0,0,0,,0,,,0,0,0.0,,,0,0,,,0,0,,0,0,0.0,0,,0,0,0,,,0.0,,0,0,0,0,0,0,,0,,0,,0,0,0.0,,,0,0,,,0,0,,0,0,0.0,0,,0,0,0,,,0.0,,0,0,0,0,0,0,,0,,306,,0,0,0.0,,,0,0,,,0,0,,0,0,0.0,0,,0,0,0,,,0.0,,0,0,0,0,0,0,,0,,,0,0,0.0,,,0,0,,,0,0,,0,0,0.0,0,,0,0,0,,,0.0,,0,0,0,0,0,0,,0,,,0,0,0.0,,,0,0,,,0,0,,0,0,0.0,0,,0,0,0,,,0.0,,0,0,0,0,0,0,,0,,,0,0,0.0,,,0,0,,,0,0,,0,0,0.0,0,,0,0,0,,,0.0,,0,0,0,0,0,0,,0,,100.0,1,1,100.0,16.0,2.6,0,0,0.0,100.0,1,0,0.0,1,0,2.93,1,74.3,0,0,1,100.0,,158.3,0.0,0,0,0,0,1,0,0.0,16,16.0,0,,0,0,0.0,,,0,0,,,0,0,,0,0,0.0,0,,0,0,0,,,0.0,,0,0,0,0,0,0,,0,,,0,0,0.0,,,0,0,,,0,0,,0,0,0.0,0,,0,0,0,,,0.0,,0,0,0,0,0,0,,0,,100.0,1,1,100.0,16.0,2.6,0,0,0.0,100.0,1,0,0.0,1,0,2.93,1,74.3,0,0,1,100.0,,158.3,0.0,0,0,0,0,1,0,0.0,16,16.0,,0,0,0.0,,,0,0,,,0,0,,0,0,0.0,0,,0,0,0,,,0.0,,0,0,0,0,0,0,,0,,,0,0,0.0,,,0,0,,,0,0,,0,0,0.0,0,,0,0,0,,,0.0,,0,0,0,0,0,0,,0,
Bryce Yates,199090,WR,PITTSBURGH,1,1,1,,0,0,0.0,,,0,0,,,0,0,,0,0,0.0,0,,0,0,0,,,0.0,,0,0,0,0,0,0,,0,,,0,0,0.0,,,0,0,,,0,0,,0,0,0.0,0,,0,0,0,,,0.0,,0,0,0,0,0,0,,0,,,0,0,0.0,,,0,0,,,0,0,,0,0,0.0,0,,0,0,0,,,0.0,,0,0,0,0,0,0,,0,,0.0,1,1,100.0,19.0,3.3,0,0,0.0,0.0,0,0,,1,0,-0.93,0,47.3,0,0,1,0.0,,39.6,0.0,0,0,0,0,0,0,0.0,0,0.0,,0,0,0.0,,,0,0,,,0,0,,0,0,0.0,0,,0,0,0,,,0.0,,0,0,0,0,0,0,,0,,0,,0,0,0.0,,,0,0,,,0,0,,0,0,0.0,0,,0,0,0,,,0.0,,0,0,0,0,0,0,,0,,268,,0,0,0.0,,,0,0,,,0,0,,0,0,0.0,0,,0,0,0,,,0.0,,0,0,0,0,0,0,,0,,,0,0,0.0,,,0,0,,,0,0,,0,0,0.0,0,,0,0,0,,,0.0,,0,0,0,0,0,0,,0,,,0,0,0.0,,,0,0,,,0,0,,0,0,0.0,0,,0,0,0,,,0.0,,0,0,0,0,0,0,,0,,,0,0,0.0,,,0,0,,,0,0,,0,0,0.0,0,,0,0,0,,,0.0,,0,0,0,0,0,0,,0,,0.0,1,1,100.0,19.0,3.3,0,0,0.0,0.0,0,0,,1,0,-0.93,0,47.3,0,0,1,0.0,,39.6,0.0,0,0,0,0,0,0,0.0,0,0.0,0,,0,0,0.0,,,0,0,,,0,0,,0,0,0.0,0,,0,0,0,,,0.0,,0,0,0,0,0,0,,0,,,0,0,0.0,,,0,0,,,0,0,,0,0,0.0,0,,0,0,0,,,0.0,,0,0,0,0,0,0,,0,,,0,0,0.0,,,0,0,,,0,0,,0,0,0.0,0,,0,0,0,,,0.0,,0,0,0,0,0,0,,0,,,0,0,0.0,,,0,0,,,0,0,,0,0,0.0,0,,0,0,0,,,0.0,,0,0,0,0,0,0,,0,,,0,0,0.0,,,0,0,,,0,0,,0,0,0.0,0,,0,0,0,,,0.0,,0,0,0,0,0,0,,0,
Sean Ashenfelder,199125,QB,RUTGERS,1,1,1,,0,0,0.0,,,0,0,,,0,0,,0,0,0.0,0,,0,0,0,,,0.0,,0,0,0,0,0,0,,0,,,0,0,0.0,,,0,0,,,0,0,,0,0,0.0,0,,0,0,0,,,0.0,,0,0,0,0,0,0,,0,,,0,0,0.0,,,0,0,,,0,0,,0,0,0.0,0,,0,0,0,,,0.0,,0,0,0,0,0,0,,0,,,0,0,0.0,,,0,0,,,0,0,,0,0,0.0,0,,0,0,0,,,0.0,,0,0,0,0,0,0,,0,,100.0,1,1,100.0,2.0,2.3,0,0,0.0,100.0,1,0,0.0,1,0,0.41,1,60.6,0,0,1,100.0,,112.5,0.0,0,0,0,0,0,0,0.0,11,11.0,0,,0,0,0.0,,,0,0,,,0,0,,0,0,0.0,0,,0,0,0,,,0.0,,0,0,0,0,0,0,,0,,278,,0,0,0.0,,,0,0,,,0,0,,0,0,0.0,0,,0,0,0,,,0.0,,0,0,0,0,0,0,,0,,,0,0,0.0,,,0,0,,,0,0,,0,0,0.0,0,,0,0,0,,,0.0,,0,0,0,0,0,0,,0,,,0,0,0.0,,,0,0,,,0,0,,0,0,0.0,0,,0,0,0,,,0.0,,0,0,0,0,0,0,,0,,,0,0,0.0,,,0,0,,,0,0,,0,0,0.0,0,,0,0,0,,,0.0,,0,0,0,0,0,0,,0,,,0,0,0.0,,,0,0,,,0,0,,0,0,0.0,0,,0,0,0,,,0.0,,0,0,0,0,0,0,,0,,0,,0,0,0.0,,,0,0,,,0,0,,0,0,0.0,0,,0,0,0,,,0.0,,0,0,0,0,0,0,,0,,,0,0,0.0,,,0,0,,,0,0,,0,0,0.0,0,,0,0,0,,,0.0,,0,0,0,0,0,0,,0,,,0,0,0.0,,,0,0,,,0,0,,0,0,0.0,0,,0,0,0,,,0.0,,0,0,0,0,0,0,,0,,,0,0,0.0,,,0,0,,,0,0,,0,0,0.0,0,,0,0,0,,,0.0,,0,0,0,0,0,0,,0,,100.0,1,1,100.0,2.0,2.3,0,0,0.0,100.0,1,0,0.0,1,0,0.41,1,60.6,0,0,1,100.0,,112.5,0.0,0,0,0,0,0,0,0.0,11,11.0
Eli Heidenreich,162554,FB,NAVY,1,1,1,,0,0,0.0,,,0,0,,,0,0,,0,0,0.0,0,,0,0,0,,,0.0,,0,0,0,0,0,0,,0,,,0,0,0.0,,,0,0,,,0,0,,0,0,0.0,0,,0,0,0,,,0.0,,0,0,0,0,0,0,,0,,100.0,1,1,100.0,25.0,2.7,0,1,100.0,0.0,0,1,100.0,1,1,-0.76,0,87.7,0,0,1,0.0,0.0,39.6,0.0,0,0,0,0,0,0,0.0,0,0.0,,0,0,0.0,,,0,0,,,0,0,,0,0,0.0,0,,0,0,0,,,0.0,,0,0,0,0,0,0,,0,,,0,0,0.0,,,0,0,,,0,0,,0,0,0.0,0,,0,0,0,,,0.0,,0,0,0,0,0,0,,0,,0,100.0,1,1,100.0,25.0,2.7,0,1,100.0,0.0,0,1,100.0,1,1,-0.76,0,87.7,0,0,1,0.0,0.0,39.6,0.0,0,0,0,0,0,0,0.0,0,0.0,237,,0,0,0.0,,,0,0,,,0,0,,0,0,0.0,0,,0,0,0,,,0.0,,0,0,0,0,0,0,,0,,,0,0,0.0,,,0,0,,,0,0,,0,0,0.0,0,,0,0,0,,,0.0,,0,0,0,0,0,0,,0,,,0,0,0.0,,,0,0,,,0,0,,0,0,0.0,0,,0,0,0,,,0.0,,0,0,0,0,0,0,,0,,,0,0,0.0,,,0,0,,,0,0,,0,0,0.0,0,,0,0,0,,,0.0,,0,0,0,0,0,0,,0,,,0,0,0.0,,,0,0,,,0,0,,0,0,0.0,0,,0,0,0,,,0.0,,0,0,0,0,0,0,,0,,0,,0,0,0.0,,,0,0,,,0,0,,0,0,0.0,0,,0,0,0,,,0.0,,0,0,0,0,0,0,,0,,,0,0,0.0,,,0,0,,,0,0,,0,0,0.0,0,,0,0,0,,,0.0,,0,0,0,0,0,0,,0,,,0,0,0.0,,,0,0,,,0,0,,0,0,0.0,0,,0,0,0,,,0.0,,0,0,0,0,0,0,,0,,,0,0,0.0,,,0,0,,,0,0,,0,0,0.0,0,,0,0,0,,,0.0,,0,0,0,0,0,0,,0,,,0,0,0.0,,,0,0,,,0,0,,0,0,0.0,0,,0,0,0,,,0.0,,0,0,0,0,0,0,,0,
Qian Magwood,130339,WR,BALL ST,1,1,1,,0,0,0.0,,,0,0,,,0,0,,0,0,0.0,0,,0,0,0,,,0.0,,0,0,0,0,0,0,,0,,,0,0,0.0,,,0,0,,,0,0,,0,0,0.0,0,,0,0,0,,,0.0,,0,0,0,0,0,0,,0,,,0,0,0.0,,,0,0,,,0,0,,0,0,0.0,0,,0,0,0,,,0.0,,0,0,0,0,0,0,,0,,100.0,1,1,100.0,12.0,3.1,0,0,0.0,100.0,1,0,0.0,1,0,4.48,1,75.4,0,0,1,100.0,,158.3,0.0,0,0,0,0,1,0,0.0,19,19.0,,0,0,0.0,,,0,0,,,0,0,,0,0,0.0,0,,0,0,0,,,0.0,,0,0,0,0,0,0,,0,,0,,0,0,0.0,,,0,0,,,0,0,,0,0,0.0,0,,0,0,0,,,0.0,,0,0,0,0,0,0,,0,,117,,0,0,0.0,,,0,0,,,0,0,,0,0,0.0,0,,0,0,0,,,0.0,,0,0,0,0,0,0,,0,,,0,0,0.0,,,0,0,,,0,0,,0,0,0.0,0,,0,0,0,,,0.0,,0,0,0,0,0,0,,0,,,0,0,0.0,,,0,0,,,0,0,,0,0,0.0,0,,0,0,0,,,0.0,,0,0,0,0,0,0,,0,,,0,0,0.0,,,0,0,,,0,0,,0,0,0.0,0,,0,0,0,,,0.0,,0,0,0,0,0,0,,0,,100.0,1,1,100.0,12.0,3.1,0,0,0.0,100.0,1,0,0.0,1,0,4.48,1,75.4,0,0,1,100.0,,158.3,0.0,0,0,0,0,1,0,0.0,19,19.0,0,,0,0,0.0,,,0,0,,,0,0,,0,0,0.0,0,,0,0,0,,,0.0,,0,0,0,0,0,0,,0,,,0,0,0.0,,,0,0,,,0,0,,0,0,0.0,0,,0,0,0,,,0.0,,0,0,0,0,0,0,,0,,,0,0,0.0,,,0,0,,,0,0,,0,0,0.0,0,,0,0,0,,,0.0,,0,0,0,0,0,0,,0,,,0,0,0.0,,,0,0,,,0,0,,0,0,0.0,0,,0,0,0,,,0.0,,0,0,0,0,0,0,,0,,,0,0,0.0,,,0,0,,,0,0,,0,0,0.0,0,,0,0,0,,,0.0,,0,0,0,0,0,0,,0,
Ty Hawkins,199163,QB,SMU,2,1,1,,0,0,0.0,,,0,0,,,0,0,,0,0,0.0,0,,0,0,0,,,0.0,,0,0,0,0,0,0,,0,,,0,0,0.0,,,0,0,,,0,0,,0,0,0.0,0,,0,0,0,,,0.0,,0,0,0,0,0,0,,0,,,0,0,0.0,,,0,0,,,0,0,,0,0,0.0,0,,0,0,0,,,0.0,,0,0,0,0,0,0,,0,,,0,0,0.0,,,0,0,,,0,0,,0,0,0.0,0,,0,0,0,,,0.0,,0,0,0,0,0,0,,0,,,0,0,0.0,,,0,0,,,0,0,,0,0,0.0,0,,0,0,0,,,0.0,,0,0,0,0,0,0,,0,,0,,0,0,0.0,,,0,0,0.0,,0,0,,0,0,0.0,0,58.9,0,0,1,,,0.0,,0,0,0,0,0,0,0.0,0,,287,,0,0,0.0,,,0,0,,,0,0,,0,0,0.0,0,,0,0,0,,,0.0,,0,0,0,0,0,0,,0,,,0,0,0.0,,,0,0,,,0,0,,0,0,0.0,0,,0,0,0,,,0.0,,0,0,0,0,0,0,,0,,,0,0,0.0,,,0,0,,,0,0,,0,0,0.0,0,,0,0,0,,,0.0,,0,0,0,0,0,0,,0,,,0,0,0.0,,,0,0,,,0,0,,0,0,0.0,0,,0,0,0,,,0.0,,0,0,0,0,0,0,,0,,,0,0,0.0,,,0,0,,,0,0,,0,0,0.0,0,,0,0,0,,,0.0,,0,0,0,0,0,0,,0,,0,,0,0,0.0,,,0,0,,,0,0,,0,0,0.0,0,,0,0,0,,,0.0,,0,0,0,0,0,0,,0,,,0,0,0.0,,,0,0,0.0,,0,0,,0,0,0.0,0,58.9,0,0,1,,,0.0,,0,0,0,0,0,0,0.0,0,,,0,0,0.0,,,0,0,,,0,0,,0,0,0.0,0,,0,0,0,,,0.0,,0,0,0,0,0,0,,0,,100.0,1,1,100.0,9.0,3.6,0,0,0.0,100.0,1,0,0.0,1,0,0.45,0,60.9,0,0,1,100.0,,104.2,0.0,0,0,0,0,0,0,0.0,9,9.0,100.0,1,1,100.0,9.0,3.6,0,0,0.0,100.0,1,0,0.0,1,0,0.45,0,60.9,0,0,1,100.0,,104.2,0.0,0,0,0,0,0,0,0.0,9,9.0
Amare Thomas,173349,WR,HOUSTON,1,0,1,,0,0,,,,0,0,,,0,0,,0,0,0.0,0,,0,0,0,,,0.0,,0,0,0,0,0,0,,0,,,0,0,,,,0,0,,,0,0,,0,0,0.0,0,,0,0,0,,,0.0,,0,0,0,0,0,0,,0,,,0,0,,,,0,0,,,0,0,,0,0,0.0,0,,0,0,0,,,0.0,,0,0,0,0,0,0,,0,,,0,0,,,,0,0,,,0,0,,0,0,0.0,0,,0,0,0,,,0.0,,0,0,0,0,0,0,,0,,,0,0,,,,0,0,,,0,0,,0,0,0.0,0,,0,0,0,,,0.0,,0,0,0,0,0,0,,0,,0,,0,0,,,,0,0,,,0,0,,0,0,0.0,0,,0,0,0,,,0.0,,0,0,0,0,0,0,,0,,182,,0,0,,,,0,0,,,0,0,,0,0,0.0,0,,0,0,0,,,0.0,,0,0,0,0,0,0,,0,,,0,0,,,,0,0,,,0,0,,0,0,0.0,0,,0,0,0,,,0.0,,0,0,0,0,0,0,,0,,,0,0,,,,0,0,,,0,0,,0,0,0.0,0,,0,0,0,,,0.0,,0,0,0,0,0,0,,0,,,0,0,,,,0,0,,,0,0,,0,0,0.0,0,,0,0,0,,,0.0,,0,0,0,0,0,0,,0,,,0,0,,,,0,0,,,0,0,,0,0,0.0,0,,0,0,0,,,0.0,,0,0,0,0,0,0,,0,,0,,0,0,,,,0,0,,,0,0,,0,0,0.0,0,,0,0,0,,,0.0,,0,0,0,0,0,0,,0,,,0,0,,,,0,0,,,0,0,,0,0,0.0,0,,0,0,0,,,0.0,,0,0,0,0,0,0,,0,,,0,0,,,,0,0,,,0,0,,0,0,0.0,0,,0,0,0,,,0.0,,0,0,0,0,0,0,,0,,,0,0,,,,0,0,,,0,0,,0,0,0.0,0,,0,0,0,,,0.0,,0,0,0,0,0,0,,0,,,0,0,,,,0,0,,,0,0,,0,0,0.0,0,,0,0,0,,,0.0,,0,0,0,0,0,0,,0,
Terry Lockett Jr.,129625,WR,E MICHIGAN,1,1,1,,0,0,0.0,,,0,0,,,0,0,,0,0,0.0,0,,0,0,0,,,0.0,,0,0,0,0,0,0,,0,,,0,0,0.0,,,0,0,,,0,0,,0,0,0.0,0,,0,0,0,,,0.0,,0,0,0,0,0,0,,0,,,0,0,0.0,,,0,0,,,0,0,,0,0,0.0,0,,0,0,0,,,0.0,,0,0,0,0,0,0,,0,,0.0,1,1,100.0,19.0,3.6,0,0,0.0,0.0,0,1,,1,0,-0.72,0,46.8,0,0,1,0.0,0.0,39.6,0.0,0,0,0,0,0,0,0.0,0,0.0,,0,0,0.0,,,0,0,,,0,0,,0,0,0.0,0,,0,0,0,,,0.0,,0,0,0,0,0,0,,0,,0,,0,0,0.0,,,0,0,,,0,0,,0,0,0.0,0,,0,0,0,,,0.0,,0,0,0,0,0,0,,0,,160,,0,0,0.0,,,0,0,,,0,0,,0,0,0.0,0,,0,0,0,,,0.0,,0,0,0,0,0,0,,0,,,0,0,0.0,,,0,0,,,0,0,,0,0,0.0,0,,0,0,0,,,0.0,,0,0,0,0,0,0,,0,,,0,0,0.0,,,0,0,,,0,0,,0,0,0.0,0,,0,0,0,,,0.0,,0,0,0,0,0,0,,0,,,0,0,0.0,,,0,0,,,0,0,,0,0,0.0,0,,0,0,0,,,0.0,,0,0,0,0,0,0,,0,,0.0,1,1,100.0,19.0,3.6,0,0,0.0,0.0,0,1,,1,0,-0.72,0,46.8,0,0,1,0.0,0.0,39.6,0.0,0,0,0,0,0,0,0.0,0,0.0,0,,0,0,0.0,,,0,0,,,0,0,,0,0,0.0,0,,0,0,0,,,0.0,,0,0,0,0,0,0,,0,,,0,0,0.0,,,0,0,,,0,0,,0,0,0.0,0,,0,0,0,,,0.0,,0,0,0,0,0,0,,0,,,0,0,0.0,,,0,0,,,0,0,,0,0,0.0,0,,0,0,0,,,0.0,,0,0,0,0,0,0,,0,,,0,0,0.0,,,0,0,,,0,0,,0,0,0.0,0,,0,0,0,,,0.0,,0,0,0,0,0,0,,0,,,0,0,0.0,,,0,0,,,0,0,,0,0,0.0,0,,0,0,0,,,0.0,,0,0,0,0,0,0,,0,
Holden Phillips,199309,QB,TEXAS TECH,1,1,1,,0,0,0.0,,,0,0,,,0,0,,0,0,0.0,0,,0,0,0,,,0.0,,0,0,0,0,0,0,,0,,,0,0,0.0,,,0,0,,,0,0,,0,0,0.0,0,,0,0,0,,,0.0,,0,0,0,0,0,0,,0,,,0,0,0.0,,,0,0,,,0,0,,0,0,0.0,0,,0,0,0,,,0.0,,0,0,0,0,0,0,,0,,,0,0,0.0,,,0,0,,,0,0,,0,0,0.0,0,,0,0,0,,,0.0,,0,0,0,0,0,0,,0,,,0,0,0.0,,,0,0,,,0,0,,0,0,0.0,0,,0,0,0,,,0.0,,0,0,0,0,0,0,,0,,0,,0,0,0.0,,,0,0,,,0,0,,0,0,0.0,0,,0,0,0,,,0.0,,0,0,0,0,0,0,,0,,315,,0,0,0.0,,,0,0,,,0,0,,0,0,0.0,0,,0,0,0,,,0.0,,0,0,0,0,0,0,,0,,,0,0,0.0,,,0,0,,,0,0,,0,0,0.0,0,,0,0,0,,,0.0,,0,0,0,0,0,0,,0,,,0,0,0.0,,,0,0,,,0,0,,0,0,0.0,0,,0,0,0,,,0.0,,0,0,0,0,0,0,,0,,,0,0,0.0,,,0,0,,,0,0,,0,0,0.0,0,,0,0,0,,,0.0,,0,0,0,0,0,0,,0,,,0,0,0.0,,,0,0,,,0,0,,0,0,0.0,0,,0,0,0,,,0.0,,0,0,0,0,0,0,,0,,0,,0,0,0.0,,,0,0,,,0,0,,0,0,0.0,0,,0,0,0,,,0.0,,0,0,0,0,0,0,,0,,,0,0,0.0,,,0,0,,,0,0,,0,0,0.0,0,,0,0,0,,,0.0,,0,0,0,0,0,0,,0,,,0,0,0.0,,,0,0,,,0,0,,0,0,0.0,0,,0,0,0,,,0.0,,0,0,0,0,0,0,,0,,100.0,1,1,100.0,8.0,2.4,0,0,0.0,100.0,1,0,0.0,1,0,0.97,1,71.9,0,0,1,100.0,,100.0,0.0,0,0,0,0,0,0,0.0,8,8.0,100.0,1,1,100.0,8.0,2.4,0,0,0.0,100.0,1,0,0.0,1,0,0.97,1,71.9,0,0,1,100.0,,100.0,0.0,0,0,0,0,0,0,0.0,8,8.0
Octavian Smith Jr.,162805,WR,MARYLAND,1,1,1,,0,0,0.0,,,0,0,,,0,0,,0,0,0.0,0,,0,0,0,,,0.0,,0,0,0,0,0,0,,0,,,0,0,0.0,,,0,0,,,0,0,,0,0,0.0,0,,0,0,0,,,0.0,,0,0,0,0,0,0,,0,,,0,0,0.0,,,0,0,,,0,0,,0,0,0.0,0,,0,0,0,,,0.0,,0,0,0,0,0,0,,0,,,0,0,0.0,,,0,0,,,0,0,,0,0,0.0,0,,0,0,0,,,0.0,,0,0,0,0,0,0,,0,,,0,0,0.0,,,0,0,,,0,0,,0,0,0.0,0,,0,0,0,,,0.0,,0,0,0,0,0,0,,0,,0,0.0,1,1,100.0,23.0,2.9,0,0,0.0,0.0,0,1,,1,0,-0.58,0,50.4,0,0,1,0.0,0.0,39.6,0.0,0,0,0,0,0,0,0.0,0,0.0,215,,0,0,0.0,,,0,0,,,0,0,,0,0,0.0,0,,0,0,0,,,0.0,,0,0,0,0,0,0,,0,,,0,0,0.0,,,0,0,,,0,0,,0,0,0.0,0,,0,0,0,,,0.0,,0,0,0,0,0,0,,0,,,0,0,0.0,,,0,0,,,0,0,,0,0,0.0,0,,0,0,0,,,0.0,,0,0,0,0,0,0,,0,,,0,0,0.0,,,0,0,,,0,0,,0,0,0.0,0,,0,0,0,,,0.0,,0,0,0,0,0,0,,0,,,0,0,0.0,,,0,0,,,0,0,,0,0,0.0,0,,0,0,0,,,0.0,,0,0,0,0,0,0,,0,,0,,0,0,0.0,,,0,0,,,0,0,,0,0,0.0,0,,0,0,0,,,0.0,,0,0,0,0,0,0,,0,,0.0,1,1,100.0,23.0,2.9,0,0,0.0,0.0,0,1,,1,0,-0.58,0,50.4,0,0,1,0.0,0.0,39.6,0.0,0,0,0,0,0,0,0.0,0,0.0,,0,0,0.0,,,0,0,,,0,0,,0,0,0.0,0,,0,0,0,,,0.0,,0,0,0,0,0,0,,0,,,0,0,0.0,,,0,0,,,0,0,,0,0,0.0,0,,0,0,0,,,0.0,,0,0,0,0,0,0,,0,,,0,0,0.0,,,0,0,,,0,0,,0,0,0.0,0,,0,0,0,,,0.0,,0,0,0,0,0,0,,0,
Jack James,199342,QB,TROY,1,0,1,,0,0,,,,0,0,,,0,0,,0,0,0.0,0,,0,0,0,,,0.0,,0,0,0,0,0,0,,0,,,0,0,,,,0,0,,,0,0,,0,0,0.0,0,,0,0,0,,,0.0,,0,0,0,0,0,0,,0,,,0,0,,,,0,0,,,0,0,,0,0,0.0,0,,0,0,0,,,0.0,,0,0,0,0,0,0,,0,,,0,0,,,,0,0,,,0,0,,0,0,0.0,0,,0,0,0,,,0.0,,0,0,0,0,0,0,,0,,,0,0,,,,0,0,,,0,0,,0,0,0.0,0,,0,0,0,,,0.0,,0,0,0,0,0,0,,0,,0,,0,0,,,,0,0,,,0,0,,0,0,0.0,0,,0,0,0,,,0.0,,0,0,0,0,0,0,,0,,318,,0,0,,,,0,0,,,0,0,,0,0,0.0,0,,0,0,0,,,0.0,,0,0,0,0,0,0,,0,,,0,0,,,,0,0,,,0,0,,0,0,0.0,0,,0,0,0,,,0.0,,0,0,0,0,0,0,,0,,,0,0,,,,0,0,,,0,0,,0,0,0.0,0,,0,0,0,,,0.0,,0,0,0,0,0,0,,0,,,0,0,,,,0,0,,,0,0,,0,0,0.0,0,,0,0,0,,,0.0,,0,0,0,0,0,0,,0,,,0,0,,,,0,0,,,0,0,,0,0,0.0,0,,0,0,0,,,0.0,,0,0,0,0,0,0,,0,,0,,0,0,,,,0,0,,,0,0,,0,0,0.0,0,,0,0,0,,,0.0,,0,0,0,0,0,0,,0,,,0,0,,,,0,0,,,0,0,,0,0,0.0,0,,0,0,0,,,0.0,,0,0,0,0,0,0,,0,,,0,0,,,,0,0,,,0,0,,0,0,0.0,0,,0,0,0,,,0.0,,0,0,0,0,0,0,,0,,,0,0,,,,0,0,,,0,0,,0,0,0.0,0,,0,0,0,,,0.0,,0,0,0,0,0,0,,0,,,0,0,,,,0,0,,,0,0,,0,0,0.0,0,,0,0,0,,,0.0,,0,0,0,0,0,0,,0,
Agyeman Addae,199393,HB,UCF,1,1,1,,0,0,0.0,,,0,0,,,0,0,,0,0,0.0,0,,0,0,0,,,0.0,,0,0,0,0,0,0,,0,,,0,0,0.0,,,0,0,,,0,0,,0,0,0.0,0,,0,0,0,,,0.0,,0,0,0,0,0,0,,0,,,0,0,0.0,,,0,0,,,0,0,,0,0,0.0,0,,0,0,0,,,0.0,,0,0,0,0,0,0,,0,,,0,0,0.0,,,0,0,,,0,0,,0,0,0.0,0,,0,0,0,,,0.0,,0,0,0,0,0,0,,0,,100.0,1,1,100.0,1.0,1.4,0,0,0.0,100.0,1,0,0.0,1,0,1.59,1,60.6,0,0,1,100.0,,122.9,0.0,0,0,0,0,1,0,0.0,4,4.0,0,,0,0,0.0,,,0,0,,,0,0,,0,0,0.0,0,,0,0,0,,,0.0,,0,0,0,0,0,0,,0,,323,,0,0,0.0,,,0,0,,,0,0,,0,0,0.0,0,,0,0,0,,,0.0,,0,0,0,0,0,0,,0,,,0,0,0.0,,,0,0,,,0,0,,0,0,0.0,0,,0,0,0,,,0.0,,0,0,0,0,0,0,,0,,,0,0,0.0,,,0,0,,,0,0,,0,0,0.0,0,,0,0,0,,,0.0,,0,0,0,0,0,0,,0,,,0,0,0.0,,,0,0,,,0,0,,0,0,0.0,0,,0,0,0,,,0.0,,0,0,0,0,0,0,,0,,,0,0,0.0,,,0,0,,,0,0,,0,0,0.0,0,,0,0,0,,,0.0,,0,0,0,0,0,0,,0,,0,,0,0,0.0,,,0,0,,,0,0,,0,0,0.0,0,,0,0,0,,,0.0,,0,0,0,0,0,0,,0,,,0,0,0.0,,,0,0,,,0,0,,0,0,0.0,0,,0,0,0,,,0.0,,0,0,0,0,0,0,,0,,,0,0,0.0,,,0,0,,,0,0,,0,0,0.0,0,,0,0,0,,,0.0,,0,0,0,0,0,0,,0,,,0,0,0.0,,,0,0,,,0,0,,0,0,0.0,0,,0,0,0,,,0.0,,0,0,0,0,0,0,,0,,100.0,1,1,100.0,1.0,1.4,0,0,0.0,100.0,1,0,0.0,1,0,1.59,1,60.6,0,0,1,100.0,,122.9,0.0,0,0,0,0,1,0,0.0,4,4.0
Sebastian Brown,129607,WR,KENT STATE,2,1,1,,0,0,0.0,,,0,0,,,0,0,,0,0,0.0,0,,0,0,0,,,0.0,,0,0,0,0,0,0,,0,,,0,0,0.0,,,0,0,,,0,0,,0,0,0.0,0,,0,0,0,,,0.0,,0,0,0,0,0,0,,0,,,0,0,0.0,,,0,0,,,0,0,,0,0,0.0,0,,0,0,0,,,0.0,,0,0,0,0,0,0,,0,,,0,0,0.0,,,0,0,,,0,0,,0,0,0.0,0,,0,0,0,,,0.0,,0,0,0,0,0,0,,0,,,0,0,0.0,,,0,0,,,0,0,,0,0,0.0,0,,0,0,0,,,0.0,,0,0,0,0,0,0,,0,,0,0.0,1,1,100.0,29.0,3.6,0,0,0.0,0.0,0,0,,1,0,-3.4,0,37.5,0,1,1,0.0,,0.0,0.0,0,0,0,0,0,1,100.0,0,0.0,201,,0,0,0.0,,,0,0,,,0,0,,0,0,0.0,0,,0,0,0,,,0.0,,0,0,0,0,0,0,,0,,,0,0,0.0,,,0,0,,,0,0,,0,0,0.0,0,,0,0,0,,,0.0,,0,0,0,0,0,0,,0,,,0,0,0.0,,,0,0,0.0,,0,0,,0,0,0.0,0,47.3,0,0,1,,,0.0,,0,0,0,0,0,0,0.0,0,,,0,0,0.0,,,0,0,,,0,0,,0,0,0.0,0,,0,0,0,,,0.0,,0,0,0,0,0,0,,0,,,0,0,0.0,,,0,0,0.0,,0,0,,0,0,0.0,0,47.3,0,0,1,,,0.0,,0,0,0,0,0,0,0.0,0,,0,,0,0,0.0,,,0,0,,,0,0,,0,0,0.0,0,,0,0,0,,,0.0,,0,0,0,0,0,0,,0,,0.0,1,1,100.0,29.0,3.6,0,0,0.0,0.0,0,0,,1,0,-3.4,0,37.5,0,1,1,0.0,,0.0,0.0,0,0,0,0,0,1,100.0,0,0.0,,0,0,0.0,,,0,0,,,0,0,,0,0,0.0,0,,0,0,0,,,0.0,,0,0,0,0,0,0,,0,,,0,0,0.0,,,0,0,,,0,0,,0,0,0.0,0,,0,0,0,,,0.0,,0,0,0,0,0,0,,0,,,0,0,0.0,,,0,0,,,0,0,,0,0,0.0,0,,0,0,0,,,0.0,,0,0,0,0,0,0,,0,
Locklan Hewlett,199429,QB,USF,1,1,1,,0,0,0.0,,,0,0,,,0,0,,0,0,0.0,0,,0,0,0,,,0.0,,0,0,0,0,0,0,,0,,,0,0,0.0,,,0,0,,,0,0,,0,0,0.0,0,,0,0,0,,,0.0,,0,0,0,0,0,0,,0,,,0,0,0.0,,,0,0,,,0,0,,0,0,0.0,0,,0,0,0,,,0.0,,0,0,0,0,0,0,,0,,,0,0,0.0,,,0,0,,,0,0,,0,0,0.0,0,,0,0,0,,,0.0,,0,0,0,0,0,0,,0,,,0,0,0.0,,,0,0,,,0,0,,0,0,0.0,0,,0,0,0,,,0.0,,0,0,0,0,0,0,,0,,0,100.0,1,1,100.0,27.0,2.3,0,0,0.0,100.0,1,0,0.0,1,0,5.38,1,78.3,0,0,1,100.0,,158.3,0.0,0,0,0,0,1,0,0.0,45,45.0,327,,0,0,0.0,,,0,0,,,0,0,,0,0,0.0,0,,0,0,0,,,0.0,,0,0,0,0,0,0,,0,,,0,0,0.0,,,0,0,,,0,0,,0,0,0.0,0,,0,0,0,,,0.0,,0,0,0,0,0,0,,0,,,0,0,0.0,,,0,0,,,0,0,,0,0,0.0,0,,0,0,0,,,0.0,,0,0,0,0,0,0,,0,,,0,0,0.0,,,0,0,,,0,0,,0,0,0.0,0,,0,0,0,,,0.0,,0,0,0,0,0,0,,0,,,0,0,0.0,,,0,0,,,0,0,,0,0,0.0,0,,0,0,0,,,0.0,,0,0,0,0,0,0,,0,,0,,0,0,0.0,,,0,0,,,0,0,,0,0,0.0,0,,0,0,0,,,0.0,,0,0,0,0,0,0,,0,,100.0,1,1,100.0,27.0,2.3,0,0,0.0,100.0,1,0,0.0,1,0,5.38,1,78.3,0,0,1,100.0,,158.3,0.0,0,0,0,0,1,0,0.0,45,45.0,,0,0,0.0,,,0,0,,,0,0,,0,0,0.0,0,,0,0,0,,,0.0,,0,0,0,0,0,0,,0,,,0,0,0.0,,,0,0,,,0,0,,0,0,0.0,0,,0,0,0,,,0.0,,0,0,0,0,0,0,,0,,,0,0,0.0,,,0,0,,,0,0,,0,0,0.0,0,,0,0,0,,,0.0,,0,0,0,0,0,0,,0,
Jaylen King,170801,QB,FLORIDA ST,1,1,1,,0,0,0.0,,,0,0,,,0,0,,0,0,0.0,0,,0,0,0,,,0.0,,0,0,0,0,0,0,,0,,,0,0,0.0,,,0,0,,,0,0,,0,0,0.0,0,,0,0,0,,,0.0,,0,0,0,0,0,0,,0,,,0,0,0.0,,,0,0,,,0,0,,0,0,0.0,0,,0,0,0,,,0.0,,0,0,0,0,0,0,,0,,,0,0,0.0,,,0,0,,,0,0,,0,0,0.0,0,,0,0,0,,,0.0,,0,0,0,0,0,0,,0,,,0,0,0.0,,,0,0,,,0,0,,0,0,0.0,0,,0,0,0,,,0.0,,0,0,0,0,0,0,,0,,0,,0,0,0.0,,,0,0,,,0,0,,0,0,0.0,0,,0,0,0,,,0.0,,0,0,0,0,0,0,,0,,167,,0,0,0.0,,,0,0,,,0,0,,0,0,0.0,0,,0,0,0,,,0.0,,0,0,0,0,0,0,,0,,,0,0,0.0,,,0,0,,,0,0,,0,0,0.0,0,,0,0,0,,,0.0,,0,0,0,0,0,0,,0,,,0,0,0.0,,,0,0,,,0,0,,0,0,0.0,0,,0,0,0,,,0.0,,0,0,0,0,0,0,,0,,,0,0,0.0,,,0,0,,,0,0,,0,0,0.0,0,,0,0,0,,,0.0,,0,0,0,0,0,0,,0,,,0,0,0.0,,,0,0,,,0,0,,0,0,0.0,0,,0,0,0,,,0.0,,0,0,0,0,0,0,,0,,0,,0,0,0.0,,,0,0,,,0,0,,0,0,0.0,0,,0,0,0,,,0.0,,0,0,0,0,0,0,,0,,,0,0,0.0,,,0,0,,,0,0,,0,0,0.0,0,,0,0,0,,,0.0,,0,0,0,0,0,0,,0,,,0,0,0.0,,,0,0,,,0,0,,0,0,0.0,0,,0,0,0,,,0.0,,0,0,0,0,0,0,,0,,,0,0,0.0,,,0,0,,,0,0,,0,0,0.0,0,,0,0,0,,,0.0,,0,0,0,0,0,0,,0,,,0,0,0.0,,,0,0,,,0,0,,0,0,0.0,0,,0,0,0,,,0.0,,0,0,0,0,0,0,,0,
Steele Pizzella,199501,QB,WAKE,1,1,1,,0,0,0.0,,,0,0,,,0,0,,0,0,0.0,0,,0,0,0,,,0.0,,0,0,0,0,0,0,,0,,,0,0,0.0,,,0,0,,,0,0,,0,0,0.0,0,,0,0,0,,,0.0,,0,0,0,0,0,0,,0,,,0,0,0.0,,,0,0,,,0,0,,0,0,0.0,0,,0,0,0,,,0.0,,0,0,0,0,0,0,,0,,,0,0,0.0,,,0,0,,,0,0,,0,0,0.0,0,,0,0,0,,,0.0,,0,0,0,0,0,0,,0,,,0,0,0.0,,,0,0,,,0,0,,0,0,0.0,0,,0,0,0,,,0.0,,0,0,0,0,0,0,,0,,0,0.0,1,1,100.0,26.0,2.0,0,0,0.0,0.0,0,0,,1,0,-0.54,0,50.8,0,0,1,0.0,,39.6,0.0,0,0,0,0,0,0,0.0,0,0.0,339,,0,0,0.0,,,0,0,,,0,0,,0,0,0.0,0,,0,0,0,,,0.0,,0,0,0,0,0,0,,0,,,0,0,0.0,,,0,0,,,0,0,,0,0,0.0,0,,0,0,0,,,0.0,,0,0,0,0,0,0,,0,,,0,0,0.0,,,0,0,,,0,0,,0,0,0.0,0,,0,0,0,,,0.0,,0,0,0,0,0,0,,0,,,0,0,0.0,,,0,0,,,0,0,,0,0,0.0,0,,0,0,0,,,0.0,,0,0,0,0,0,0,,0,,,0,0,0.0,,,0,0,,,0,0,,0,0,0.0,0,,0,0,0,,,0.0,,0,0,0,0,0,0,,0,,0,,0,0,0.0,,,0,0,,,0,0,,0,0,0.0,0,,0,0,0,,,0.0,,0,0,0,0,0,0,,0,,0.0,1,1,100.0,26.0,2.0,0,0,0.0,0.0,0,0,,1,0,-0.54,0,50.8,0,0,1,0.0,,39.6,0.0,0,0,0,0,0,0,0.0,0,0.0,,0,0,0.0,,,0,0,,,0,0,,0,0,0.0,0,,0,0,0,,,0.0,,0,0,0,0,0,0,,0,,,0,0,0.0,,,0,0,,,0,0,,0,0,0.0,0,,0,0,0,,,0.0,,0,0,0,0,0,0,,0,,,0,0,0.0,,,0,0,,,0,0,,0,0,0.0,0,,0,0,0,,,0.0,,0,0,0,0,0,0,,0,
Tyler White,127307,P,TEXAS A&M,1,1,1,,0,0,0.0,,,0,0,,,0,0,,0,0,0.0,0,,0,0,0,,,0.0,,0,0,0,0,0,0,,0,,,0,0,0.0,,,0,0,,,0,0,,0,0,0.0,0,,0,0,0,,,0.0,,0,0,0,0,0,0,,0,,,0,0,0.0,,,0,0,,,0,0,,0,0,0.0,0,,0,0,0,,,0.0,,0,0,0,0,0,0,,0,,,0,0,0.0,,,0,0,,,0,0,,0,0,0.0,0,,0,0,0,,,0.0,,0,0,0,0,0,0,,0,,,0,0,0.0,,,0,0,,,0,0,,0,0,0.0,0,,0,0,0,,,0.0,,0,0,0,0,0,0,,0,,0,,0,0,0.0,,,0,0,,,0,0,,0,0,0.0,0,,0,0,0,,,0.0,,0,0,0,0,0,0,,0,,312,,0,0,0.0,,,0,0,,,0,0,,0,0,0.0,0,,0,0,0,,,0.0,,0,0,0,0,0,0,,0,,,0,0,0.0,,,0,0,,,0,0,,0,0,0.0,0,,0,0,0,,,0.0,,0,0,0,0,0,0,,0,,0.0,1,1,100.0,17.0,2.1,0,0,0.0,0.0,0,0,,1,0,-3.2,0,57.7,0,0,1,0.0,,39.6,0.0,0,0,0,0,0,0,0.0,0,0.0,,0,0,0.0,,,0,0,,,0,0,,0,0,0.0,0,,0,0,0,,,0.0,,0,0,0,0,0,0,,0,,0.0,1,1,100.0,17.0,2.1,0,0,0.0,0.0,0,0,,1,0,-3.2,0,57.7,0,0,1,0.0,,39.6,0.0,0,0,0,0,0,0,0.0,0,0.0,0,,0,0,0.0,,,0,0,,,0,0,,0,0,0.0,0,,0,0,0,,,0.0,,0,0,0,0,0,0,,0,,,0,0,0.0,,,0,0,,,0,0,,0,0,0.0,0,,0,0,0,,,0.0,,0,0,0,0,0,0,,0,,,0,0,0.0,,,0,0,,,0,0,,0,0,0.0,0,,0,0,0,,,0.0,,0,0,0,0,0,0,,0,,,0,0,0.0,,,0,0,,,0,0,,0,0,0.0,0,,0,0,0,,,0.0,,0,0,0,0,0,0,,0,,,0,0,0.0,,,0,0,,,0,0,,0,0,0.0,0,,0,0,0,,,0.0,,0,0,0,0,0,0,,0,
Marvis Parrish,199564,HB,W KENTUCKY,1,1,1,,0,0,0.0,,,0,0,,,0,0,,0,0,0.0,0,,0,0,0,,,0.0,,0,0,0,0,0,0,,0,,,0,0,0.0,,,0,0,,,0,0,,0,0,0.0,0,,0,0,0,,,0.0,,0,0,0,0,0,0,,0,,,0,0,0.0,,,0,0,,,0,0,,0,0,0.0,0,,0,0,0,,,0.0,,0,0,0,0,0,0,,0,,,0,0,0.0,,,0,0,,,0,0,,0,0,0.0,0,,0,0,0,,,0.0,,0,0,0,0,0,0,,0,,,0,0,0.0,,,0,0,,,0,0,,0,0,0.0,0,,0,0,0,,,0.0,,0,0,0,0,0,0,,0,,0,,0,0,0.0,,,0,0,,,0,0,,0,0,0.0,0,,0,0,0,,,0.0,,0,0,0,0,0,0,,0,,346,,0,0,0.0,,,0,0,,,0,0,,0,0,0.0,0,,0,0,0,,,0.0,,0,0,0,0,0,0,,0,,,0,0,0.0,,,0,0,,,0,0,,0,0,0.0,0,,0,0,0,,,0.0,,0,0,0,0,0,0,,0,,,0,0,0.0,,,0,0,,,0,0,,0,0,0.0,0,,0,0,0,,,0.0,,0,0,0,0,0,0,,0,,100.0,1,1,100.0,4.0,1.3,0,0,0.0,0.0,0,0,100.0,1,1,-0.63,0,60.6,0,0,1,0.0,,39.6,0.0,0,0,0,0,0,0,0.0,0,0.0,,0,0,0.0,,,0,0,,,0,0,,0,0,0.0,0,,0,0,0,,,0.0,,0,0,0,0,0,0,,0,,0,,0,0,0.0,,,0,0,,,0,0,,0,0,0.0,0,,0,0,0,,,0.0,,0,0,0,0,0,0,,0,,,0,0,0.0,,,0,0,,,0,0,,0,0,0.0,0,,0,0,0,,,0.0,,0,0,0,0,0,0,,0,,,0,0,0.0,,,0,0,,,0,0,,0,0,0.0,0,,0,0,0,,,0.0,,0,0,0,0,0,0,,0,,,0,0,0.0,,,0,0,,,0,0,,0,0,0.0,0,,0,0,0,,,0.0,,0,0,0,0,0,0,,0,,100.0,1,1,100.0,4.0,1.3,0,0,0.0,0.0,0,0,100.0,1,1,-0.63,0,60.6,0,0,1,0.0,,39.6,0.0,0,0,0,0,0,0,0.0,0,0.0
Tyler Douglas,173265,QB,TEMPLE,1,0,1,,0,0,,,,0,0,,,0,0,,0,0,0.0,0,,0,0,0,,,0.0,,0,0,0,0,0,0,,0,,,0,0,,,,0,0,,,0,0,,0,0,0.0,0,,0,0,0,,,0.0,,0,0,0,0,0,0,,0,,,0,0,,,,0,0,,,0,0,,0,0,0.0,0,,0,0,0,,,0.0,,0,0,0,0,0,0,,0,,,0,0,,,,0,0,,,0,0,,0,0,0.0,0,,0,0,0,,,0.0,,0,0,0,0,0,0,,0,,,0,0,,,,0,0,,,0,0,,0,0,0.0,0,,0,0,0,,,0.0,,0,0,0,0,0,0,,0,,0,,0,0,,,,0,0,,,0,0,,0,0,0.0,0,,0,0,0,,,0.0,,0,0,0,0,0,0,,0,,306,,0,0,,,,0,0,,,0,0,,0,0,0.0,0,,0,0,0,,,0.0,,0,0,0,0,0,0,,0,,,0,0,,,,0,0,,,0,0,,0,0,0.0,0,,0,0,0,,,0.0,,0,0,0,0,0,0,,0,,,0,0,,,,0,0,,,0,0,,0,0,0.0,0,,0,0,0,,,0.0,,0,0,0,0,0,0,,0,,,0,0,,,,0,0,,,0,0,,0,0,0.0,0,,0,0,0,,,0.0,,0,0,0,0,0,0,,0,,,0,0,,,,0,0,,,0,0,,0,0,0.0,0,,0,0,0,,,0.0,,0,0,0,0,0,0,,0,,0,,0,0,,,,0,0,,,0,0,,0,0,0.0,0,,0,0,0,,,0.0,,0,0,0,0,0,0,,0,,,0,0,,,,0,0,,,0,0,,0,0,0.0,0,,0,0,0,,,0.0,,0,0,0,0,0,0,,0,,,0,0,,,,0,0,,,0,0,,0,0,0.0,0,,0,0,0,,,0.0,,0,0,0,0,0,0,,0,,,0,0,,,,0,0,,,0,0,,0,0,0.0,0,,0,0,0,,,0.0,,0,0,0,0,0,0,,0,,,0,0,,,,0,0,,,0,0,,0,0,0.0,0,,0,0,0,,,0.0,,0,0,0,0,0,0,,0,
Muaaz Byard,162971,LB,MIDDLE TN,1,1,1,100.0,1,1,100.0,-3.0,1.6,0,0,0.0,100.0,1,0,0.0,1,0,3.93,1,60.6,0,0,1,100.0,,118.8,0.0,0,0,0,0,0,0,0.0,27,27.0,100.0,1,1,100.0,-3.0,1.6,0,0,0.0,100.0,1,0,0.0,1,0,3.93,1,60.6,0,0,1,100.0,,118.8,0.0,0,0,0,0,0,0,0.0,27,27.0,,0,0,0.0,,,0,0,,,0,0,,0,0,0.0,0,,0,0,0,,,0.0,,0,0,0,0,0,0,,0,,,0,0,0.0,,,0,0,,,0,0,,0,0,0.0,0,,0,0,0,,,0.0,,0,0,0,0,0,0,,0,,,0,0,0.0,,,0,0,,,0,0,,0,0,0.0,0,,0,0,0,,,0.0,,0,0,0,0,0,0,,0,,0,,0,0,0.0,,,0,0,,,0,0,,0,0,0.0,0,,0,0,0,,,0.0,,0,0,0,0,0,0,,0,,224,,0,0,0.0,,,0,0,,,0,0,,0,0,0.0,0,,0,0,0,,,0.0,,0,0,0,0,0,0,,0,,,0,0,0.0,,,0,0,,,0,0,,0,0,0.0,0,,0,0,0,,,0.0,,0,0,0,0,0,0,,0,,,0,0,0.0,,,0,0,,,0,0,,0,0,0.0,0,,0,0,0,,,0.0,,0,0,0,0,0,0,,0,,,0,0,0.0,,,0,0,,,0,0,,0,0,0.0,0,,0,0,0,,,0.0,,0,0,0,0,0,0,,0,,,0,0,0.0,,,0,0,,,0,0,,0,0,0.0,0,,0,0,0,,,0.0,,0,0,0,0,0,0,,0,,0,,0,0,0.0,,,0,0,,,0,0,,0,0,0.0,0,,0,0,0,,,0.0,,0,0,0,0,0,0,,0,,,0,0,0.0,,,0,0,,,0,0,,0,0,0.0,0,,0,0,0,,,0.0,,0,0,0,0,0,0,,0,,,0,0,0.0,,,0,0,,,0,0,,0,0,0.0,0,,0,0,0,,,0.0,,0,0,0,0,0,0,,0,,,0,0,0.0,,,0,0,,,0,0,,0,0,0.0,0,,0,0,0,,,0.0,,0,0,0,0,0,0,,0,,,0,0,0.0,,,0,0,,,0,0,,0,0,0.0,0,,0,0,0,,,0.0,,0,0,0,0,0,0,,0,
Aidan Leffler,163088,QB,BALL ST,1,1,1,,0,0,0.0,,,0,0,,,0,0,,0,0,0.0,0,,0,0,0,,,0.0,,0,0,0,0,0,0,,0,,,0,0,0.0,,,0,0,,,0,0,,0,0,0.0,0,,0,0,0,,,0.0,,0,0,0,0,0,0,,0,,,0,0,0.0,,,0,0,,,0,0,,0,0,0.0,0,,0,0,0,,,0.0,,0,0,0,0,0,0,,0,,,0,0,0.0,,,0,0,,,0,0,,0,0,0.0,0,,0,0,0,,,0.0,,0,0,0,0,0,0,,0,,0.0,1,1,100.0,6.0,1.9,0,0,0.0,0.0,0,0,,1,0,-2.07,0,46.1,0,0,1,0.0,,39.6,0.0,0,0,0,0,0,0,0.0,0,0.0,0,,0,0,0.0,,,0,0,,,0,0,,0,0,0.0,0,,0,0,0,,,0.0,,0,0,0,0,0,0,,0,,117,,0,0,0.0,,,0,0,,,0,0,,0,0,0.0,0,,0,0,0,,,0.0,,0,0,0,0,0,0,,0,,,0,0,0.0,,,0,0,,,0,0,,0,0,0.0,0,,0,0,0,,,0.0,,0,0,0,0,0,0,,0,,,0,0,0.0,,,0,0,,,0,0,,0,0,0.0,0,,0,0,0,,,0.0,,0,0,0,0,0,0,,0,,,0,0,0.0,,,0,0,,,0,0,,0,0,0.0,0,,0,0,0,,,0.0,,0,0,0,0,0,0,,0,,,0,0,0.0,,,0,0,,,0,0,,0,0,0.0,0,,0,0,0,,,0.0,,0,0,0,0,0,0,,0,,0,,0,0,0.0,,,0,0,,,0,0,,0,0,0.0,0,,0,0,0,,,0.0,,0,0,0,0,0,0,,0,,,0,0,0.0,,,0,0,,,0,0,,0,0,0.0,0,,0,0,0,,,0.0,,0,0,0,0,0,0,,0,,,0,0,0.0,,,0,0,,,0,0,,0,0,0.0,0,,0,0,0,,,0.0,,0,0,0,0,0,0,,0,,,0,0,0.0,,,0,0,,,0,0,,0,0,0.0,0,,0,0,0,,,0.0,,0,0,0,0,0,0,,0,,0.0,1,1,100.0,6.0,1.9,0,0,0.0,0.0,0,0,,1,0,-2.07,0,46.1,0,0,1,0.0,,39.6,0.0,0,0,0,0,0,0,0.0,0,0.0
Mark Konecny,163162,QB,W MICHIGAN,1,1,1,,0,0,0.0,,,0,0,,,0,0,,0,0,0.0,0,,0,0,0,,,0.0,,0,0,0,0,0,0,,0,,,0,0,0.0,,,0,0,,,0,0,,0,0,0.0,0,,0,0,0,,,0.0,,0,0,0,0,0,0,,0,,,0,0,0.0,,,0,0,,,0,0,,0,0,0.0,0,,0,0,0,,,0.0,,0,0,0,0,0,0,,0,,,0,0,0.0,,,0,0,,,0,0,,0,0,0.0,0,,0,0,0,,,0.0,,0,0,0,0,0,0,,0,,,0,0,0.0,,,0,0,,,0,0,,0,0,0.0,0,,0,0,0,,,0.0,,0,0,0,0,0,0,,0,,0,,0,0,0.0,,,0,0,,,0,0,,0,0,0.0,0,,0,0,0,,,0.0,,0,0,0,0,0,0,,0,,347,,0,0,0.0,,,0,0,,,0,0,,0,0,0.0,0,,0,0,0,,,0.0,,0,0,0,0,0,0,,0,,,0,0,0.0,,,0,0,,,0,0,,0,0,0.0,0,,0,0,0,,,0.0,,0,0,0,0,0,0,,0,,,0,0,0.0,,,0,0,,,0,0,,0,0,0.0,0,,0,0,0,,,0.0,,0,0,0,0,0,0,,0,,,0,0,0.0,,,0,0,,,0,0,,0,0,0.0,0,,0,0,0,,,0.0,,0,0,0,0,0,0,,0,,,0,0,0.0,,,0,0,,,0,0,,0,0,0.0,0,,0,0,0,,,0.0,,0,0,0,0,0,0,,0,,0,,0,0,0.0,,,0,0,,,0,0,,0,0,0.0,0,,0,0,0,,,0.0,,0,0,0,0,0,0,,0,,,0,0,0.0,,,0,0,,,0,0,,0,0,0.0,0,,0,0,0,,,0.0,,0,0,0,0,0,0,,0,,,0,0,0.0,,,0,0,,,0,0,,0,0,0.0,0,,0,0,0,,,0.0,,0,0,0,0,0,0,,0,,,0,0,0.0,,,0,0,,,0,0,,0,0,0.0,0,,0,0,0,,,0.0,,0,0,0,0,0,0,,0,,,0,0,0.0,,,0,0,,,0,0,,0,0,0.0,0,,0,0,0,,,0.0,,0,0,0,0,0,0,,0,
Bryan Hansen,163324,K,COLO STATE,1,1,1,,0,0,0.0,,,0,0,,,0,0,,0,0,0.0,0,,0,0,0,,,0.0,,0,0,0,0,0,0,,0,,,0,0,0.0,,,0,0,,,0,0,,0,0,0.0,0,,0,0,0,,,0.0,,0,0,0,0,0,0,,0,,,0,0,0.0,,,0,0,,,0,0,,0,0,0.0,0,,0,0,0,,,0.0,,0,0,0,0,0,0,,0,,,0,0,0.0,,,0,0,,,0,0,,0,0,0.0,0,,0,0,0,,,0.0,,0,0,0,0,0,0,,0,,,0,0,0.0,,,0,0,,,0,0,,0,0,0.0,0,,0,0,0,,,0.0,,0,0,0,0,0,0,,0,,0,0.0,1,1,100.0,21.0,5.3,0,0,0.0,0.0,0,1,,1,0,0.0,0,40.6,0,0,1,0.0,0.0,39.6,0.0,0,0,0,0,0,1,100.0,0,0.0,144,,0,0,0.0,,,0,0,,,0,0,,0,0,0.0,0,,0,0,0,,,0.0,,0,0,0,0,0,0,,0,,,0,0,0.0,,,0,0,,,0,0,,0,0,0.0,0,,0,0,0,,,0.0,,0,0,0,0,0,0,,0,,,0,0,0.0,,,0,0,,,0,0,,0,0,0.0,0,,0,0,0,,,0.0,,0,0,0,0,0,0,,0,,,0,0,0.0,,,0,0,,,0,0,,0,0,0.0,0,,0,0,0,,,0.0,,0,0,0,0,0,0,,0,,,0,0,0.0,,,0,0,,,0,0,,0,0,0.0,0,,0,0,0,,,0.0,,0,0,0,0,0,0,,0,,0,,0,0,0.0,,,0,0,,,0,0,,0,0,0.0,0,,0,0,0,,,0.0,,0,0,0,0,0,0,,0,,0.0,1,1,100.0,21.0,5.3,0,0,0.0,0.0,0,1,,1,0,0.0,0,40.6,0,0,1,0.0,0.0,39.6,0.0,0,0,0,0,0,1,100.0,0,0.0,,0,0,0.0,,,0,0,,,0,0,,0,0,0.0,0,,0,0,0,,,0.0,,0,0,0,0,0,0,,0,,,0,0,0.0,,,0,0,,,0,0,,0,0,0.0,0,,0,0,0,,,0.0,,0,0,0,0,0,0,,0,,,0,0,0.0,,,0,0,,,0,0,,0,0,0.0,0,,0,0,0,,,0.0,,0,0,0,0,0,0,,0,
Chavon Wright,205258,HB,N ILLINOIS,2,0,1,,0,0,,,,0,0,,,0,0,,0,0,0.0,0,,0,0,0,,,0.0,,0,0,0,0,0,0,,0,,,0,0,,,,0,0,,,0,0,,0,0,0.0,0,,0,0,0,,,0.0,,0,0,0,0,0,0,,0,,,0,0,,,,0,0,,,0,0,,0,0,0.0,0,,0,0,0,,,0.0,,0,0,0,0,0,0,,0,,,0,0,,,,0,0,0.0,,0,0,,0,0,0.0,0,58.1,0,0,1,,,0.0,,0,0,0,0,0,0,0.0,0,,,0,0,,,,0,0,,,0,0,,0,0,0.0,0,,0,0,0,,,0.0,,0,0,0,0,0,0,,0,,0,,0,0,,,,0,0,,,0,0,,0,0,0.0,0,,0,0,0,,,0.0,,0,0,0,0,0,0,,0,,254,,0,0,,,,0,0,,,0,0,,0,0,0.0,0,,0,0,0,,,0.0,,0,0,0,0,0,0,,0,,,0,0,,,,0,0,,,0,0,,0,0,0.0,0,,0,0,0,,,0.0,,0,0,0,0,0,0,,0,,,0,0,,,,0,0,,,0,0,,0,0,0.0,0,,0,0,0,,,0.0,,0,0,0,0,0,0,,0,,,0,0,,,,0,0,,,0,0,,0,0,0.0,0,,0,0,0,,,0.0,,0,0,0,0,0,0,,0,,,0,0,,,,0,0,0.0,,0,0,,0,0,0.0,0,58.1,0,0,1,,,0.0,,0,0,0,0,0,0,0.0,0,,0,,0,0,,,,0,0,,,0,0,,0,0,0.0,0,,0,0,0,,,0.0,,0,0,0,0,0,0,,0,,,0,0,,,,0,0,,,0,0,,0,0,0.0,0,,0,0,0,,,0.0,,0,0,0,0,0,0,,0,,,0,0,,,,0,0,,,0,0,,0,0,0.0,0,,0,0,0,,,0.0,,0,0,0,0,0,0,,0,,,0,0,,,,0,0,,,0,0,,0,0,0.0,0,,0,0,0,,,0.0,,0,0,0,0,0,0,,0,,,0,0,,,,0,0,,,0,0,,0,0,0.0,0,,0,0,0,,,0.0,,0,0,0,0,0,0,,0,
Christian Neptune,206238,WR,USF,1,1,1,,0,0,0.0,,,0,0,,,0,0,,0,0,0.0,0,,0,0,0,,,0.0,,0,0,0,0,0,0,,0,,,0,0,0.0,,,0,0,,,0,0,,0,0,0.0,0,,0,0,0,,,0.0,,0,0,0,0,0,0,,0,,,0,0,0.0,,,0,0,,,0,0,,0,0,0.0,0,,0,0,0,,,0.0,,0,0,0,0,0,0,,0,,,0,0,0.0,,,0,0,,,0,0,,0,0,0.0,0,,0,0,0,,,0.0,,0,0,0,0,0,0,,0,,,0,0,0.0,,,0,0,,,0,0,,0,0,0.0,0,,0,0,0,,,0.0,,0,0,0,0,0,0,,0,,0,100.0,1,1,100.0,27.0,3.0,0,1,100.0,100.0,1,0,0.0,1,0,4.02,1,88.1,0,0,1,100.0,,158.3,0.0,0,0,0,0,1,0,0.0,29,29.0,327,,0,0,0.0,,,0,0,,,0,0,,0,0,0.0,0,,0,0,0,,,0.0,,0,0,0,0,0,0,,0,,,0,0,0.0,,,0,0,,,0,0,,0,0,0.0,0,,0,0,0,,,0.0,,0,0,0,0,0,0,,0,,,0,0,0.0,,,0,0,,,0,0,,0,0,0.0,0,,0,0,0,,,0.0,,0,0,0,0,0,0,,0,,,0,0,0.0,,,0,0,,,0,0,,0,0,0.0,0,,0,0,0,,,0.0,,0,0,0,0,0,0,,0,,,0,0,0.0,,,0,0,,,0,0,,0,0,0.0,0,,0,0,0,,,0.0,,0,0,0,0,0,0,,0,,0,,0,0,0.0,,,0,0,,,0,0,,0,0,0.0,0,,0,0,0,,,0.0,,0,0,0,0,0,0,,0,,100.0,1,1,100.0,27.0,3.0,0,1,100.0,100.0,1,0,0.0,1,0,4.02,1,88.1,0,0,1,100.0,,158.3,0.0,0,0,0,0,1,0,0.0,29,29.0,,0,0,0.0,,,0,0,,,0,0,,0,0,0.0,0,,0,0,0,,,0.0,,0,0,0,0,0,0,,0,,,0,0,0.0,,,0,0,,,0,0,,0,0,0.0,0,,0,0,0,,,0.0,,0,0,0,0,0,0,,0,,,0,0,0.0,,,0,0,,,0,0,,0,0,0.0,0,,0,0,0,,,0.0,,0,0,0,0,0,0,,0,
Tim Burns Jr.,199928,WR,SM HOUSTON,1,0,1,,0,0,,,,0,0,,,0,0,,0,0,0.0,0,,0,0,0,,,0.0,,0,0,0,0,0,0,,0,,,0,0,,,,0,0,,,0,0,,0,0,0.0,0,,0,0,0,,,0.0,,0,0,0,0,0,0,,0,,,0,0,,,,0,0,,,0,0,,0,0,0.0,0,,0,0,0,,,0.0,,0,0,0,0,0,0,,0,,,0,0,,,,0,0,,,0,0,,0,0,0.0,0,,0,0,0,,,0.0,,0,0,0,0,0,0,,0,,,0,0,,,,0,0,,,0,0,,0,0,0.0,0,,0,0,0,,,0.0,,0,0,0,0,0,0,,0,,0,,0,0,,,,0,0,,,0,0,,0,0,0.0,0,,0,0,0,,,0.0,,0,0,0,0,0,0,,0,,281,,0,0,,,,0,0,,,0,0,,0,0,0.0,0,,0,0,0,,,0.0,,0,0,0,0,0,0,,0,,,0,0,,,,0,0,,,0,0,,0,0,0.0,0,,0,0,0,,,0.0,,0,0,0,0,0,0,,0,,,0,0,,,,0,0,,,0,0,,0,0,0.0,0,,0,0,0,,,0.0,,0,0,0,0,0,0,,0,,,0,0,,,,0,0,,,0,0,,0,0,0.0,0,,0,0,0,,,0.0,,0,0,0,0,0,0,,0,,,0,0,,,,0,0,,,0,0,,0,0,0.0,0,,0,0,0,,,0.0,,0,0,0,0,0,0,,0,,0,,0,0,,,,0,0,,,0,0,,0,0,0.0,0,,0,0,0,,,0.0,,0,0,0,0,0,0,,0,,,0,0,,,,0,0,,,0,0,,0,0,0.0,0,,0,0,0,,,0.0,,0,0,0,0,0,0,,0,,,0,0,,,,0,0,,,0,0,,0,0,0.0,0,,0,0,0,,,0.0,,0,0,0,0,0,0,,0,,,0,0,,,,0,0,,,0,0,,0,0,0.0,0,,0,0,0,,,0.0,,0,0,0,0,0,0,,0,,,0,0,,,,0,0,,,0,0,,0,0,0.0,0,,0,0,0,,,0.0,,0,0,0,0,0,0,,0,
Isaiah Alston,121550,WR,JAMES MAD,1,1,1,,0,0,0.0,,,0,0,,,0,0,,0,0,0.0,0,,0,0,0,,,0.0,,0,0,0,0,0,0,,0,,,0,0,0.0,,,0,0,,,0,0,,0,0,0.0,0,,0,0,0,,,0.0,,0,0,0,0,0,0,,0,,,0,0,0.0,,,0,0,,,0,0,,0,0,0.0,0,,0,0,0,,,0.0,,0,0,0,0,0,0,,0,,,0,0,0.0,,,0,0,,,0,0,,0,0,0.0,0,,0,0,0,,,0.0,,0,0,0,0,0,0,,0,,,0,0,0.0,,,0,0,,,0,0,,0,0,0.0,0,,0,0,0,,,0.0,,0,0,0,0,0,0,,0,,0,0.0,1,1,100.0,33.0,3.3,0,0,0.0,0.0,0,0,,1,0,-0.89,0,58.0,0,0,1,0.0,,39.6,0.0,0,0,0,0,0,0,0.0,0,0.0,197,,0,0,0.0,,,0,0,,,0,0,,0,0,0.0,0,,0,0,0,,,0.0,,0,0,0,0,0,0,,0,,0.0,1,1,100.0,33.0,3.3,0,0,0.0,0.0,0,0,,1,0,-0.89,0,58.0,0,0,1,0.0,,39.6,0.0,0,0,0,0,0,0,0.0,0,0.0,,0,0,0.0,,,0,0,,,0,0,,0,0,0.0,0,,0,0,0,,,0.0,,0,0,0,0,0,0,,0,,,0,0,0.0,,,0,0,,,0,0,,0,0,0.0,0,,0,0,0,,,0.0,,0,0,0,0,0,0,,0,,,0,0,0.0,,,0,0,,,0,0,,0,0,0.0,0,,0,0,0,,,0.0,,0,0,0,0,0,0,,0,,0,,0,0,0.0,,,0,0,,,0,0,,0,0,0.0,0,,0,0,0,,,0.0,,0,0,0,0,0,0,,0,,,0,0,0.0,,,0,0,,,0,0,,0,0,0.0,0,,0,0,0,,,0.0,,0,0,0,0,0,0,,0,,,0,0,0.0,,,0,0,,,0,0,,0,0,0.0,0,,0,0,0,,,0.0,,0,0,0,0,0,0,,0,,,0,0,0.0,,,0,0,,,0,0,,0,0,0.0,0,,0,0,0,,,0.0,,0,0,0,0,0,0,,0,,,0,0,0.0,,,0,0,,,0,0,,0,0,0.0,0,,0,0,0,,,0.0,,0,0,0,0,0,0,,0,
Riley Trujillo,183853,QB,DELAWARE,1,0,1,,0,0,,,,0,0,,,0,0,,0,0,0.0,0,,0,0,0,,,0.0,,0,0,0,0,0,0,,0,,,0,0,,,,0,0,,,0,0,,0,0,0.0,0,,0,0,0,,,0.0,,0,0,0,0,0,0,,0,,,0,0,,,,0,0,,,0,0,,0,0,0.0,0,,0,0,0,,,0.0,,0,0,0,0,0,0,,0,,,0,0,,,,0,0,,,0,0,,0,0,0.0,0,,0,0,0,,,0.0,,0,0,0,0,0,0,,0,,,0,0,,,,0,0,,,0,0,,0,0,0.0,0,,0,0,0,,,0.0,,0,0,0,0,0,0,,0,,0,,0,0,,,,0,0,,,0,0,,0,0,0.0,0,,0,0,0,,,0.0,,0,0,0,0,0,0,,0,,151,,0,0,,,,0,0,,,0,0,,0,0,0.0,0,,0,0,0,,,0.0,,0,0,0,0,0,0,,0,,,0,0,,,,0,0,,,0,0,,0,0,0.0,0,,0,0,0,,,0.0,,0,0,0,0,0,0,,0,,,0,0,,,,0,0,,,0,0,,0,0,0.0,0,,0,0,0,,,0.0,,0,0,0,0,0,0,,0,,,0,0,,,,0,0,,,0,0,,0,0,0.0,0,,0,0,0,,,0.0,,0,0,0,0,0,0,,0,,,0,0,,,,0,0,,,0,0,,0,0,0.0,0,,0,0,0,,,0.0,,0,0,0,0,0,0,,0,,0,,0,0,,,,0,0,,,0,0,,0,0,0.0,0,,0,0,0,,,0.0,,0,0,0,0,0,0,,0,,,0,0,,,,0,0,,,0,0,,0,0,0.0,0,,0,0,0,,,0.0,,0,0,0,0,0,0,,0,,,0,0,,,,0,0,,,0,0,,0,0,0.0,0,,0,0,0,,,0.0,,0,0,0,0,0,0,,0,,,0,0,,,,0,0,,,0,0,,0,0,0.0,0,,0,0,0,,,0.0,,0,0,0,0,0,0,,0,,,0,0,,,,0,0,,,0,0,,0,0,0.0,0,,0,0,0,,,0.0,,0,0,0,0,0,0,,0,
Brian Rowe Jr.,199945,WR,S CAROLINA,1,1,1,,0,0,0.0,,,0,0,,,0,0,,0,0,0.0,0,,0,0,0,,,0.0,,0,0,0,0,0,0,,0,,,0,0,0.0,,,0,0,,,0,0,,0,0,0.0,0,,0,0,0,,,0.0,,0,0,0,0,0,0,,0,,,0,0,0.0,,,0,0,,,0,0,,0,0,0.0,0,,0,0,0,,,0.0,,0,0,0,0,0,0,,0,,100.0,1,1,100.0,12.0,3.6,0,0,0.0,100.0,1,0,0.0,1,0,1.63,1,72.6,0,0,1,100.0,,118.8,0.0,0,0,0,0,0,0,0.0,21,21.0,,0,0,0.0,,,0,0,,,0,0,,0,0,0.0,0,,0,0,0,,,0.0,,0,0,0,0,0,0,,0,,0,,0,0,0.0,,,0,0,,,0,0,,0,0,0.0,0,,0,0,0,,,0.0,,0,0,0,0,0,0,,0,,289,,0,0,0.0,,,0,0,,,0,0,,0,0,0.0,0,,0,0,0,,,0.0,,0,0,0,0,0,0,,0,,,0,0,0.0,,,0,0,,,0,0,,0,0,0.0,0,,0,0,0,,,0.0,,0,0,0,0,0,0,,0,,,0,0,0.0,,,0,0,,,0,0,,0,0,0.0,0,,0,0,0,,,0.0,,0,0,0,0,0,0,,0,,,0,0,0.0,,,0,0,,,0,0,,0,0,0.0,0,,0,0,0,,,0.0,,0,0,0,0,0,0,,0,,100.0,1,1,100.0,12.0,3.6,0,0,0.0,100.0,1,0,0.0,1,0,1.63,1,72.6,0,0,1,100.0,,118.8,0.0,0,0,0,0,0,0,0.0,21,21.0,0,,0,0,0.0,,,0,0,,,0,0,,0,0,0.0,0,,0,0,0,,,0.0,,0,0,0,0,0,0,,0,,,0,0,0.0,,,0,0,,,0,0,,0,0,0.0,0,,0,0,0,,,0.0,,0,0,0,0,0,0,,0,,,0,0,0.0,,,0,0,,,0,0,,0,0,0.0,0,,0,0,0,,,0.0,,0,0,0,0,0,0,,0,,,0,0,0.0,,,0,0,,,0,0,,0,0,0.0,0,,0,0,0,,,0.0,,0,0,0,0,0,0,,0,,,0,0,0.0,,,0,0,,,0,0,,0,0,0.0,0,,0,0,0,,,0.0,,0,0,0,0,0,0,,0,
Lacota Dippre,172212,TE,JAMES MAD,1,0,1,,0,0,,,,0,0,,,0,0,,0,0,0.0,0,,0,0,0,,,0.0,,0,0,0,0,0,0,,0,,,0,0,,,,0,0,,,0,0,,0,0,0.0,0,,0,0,0,,,0.0,,0,0,0,0,0,0,,0,,,0,0,,,,0,0,,,0,0,,0,0,0.0,0,,0,0,0,,,0.0,,0,0,0,0,0,0,,0,,,0,0,,,,0,0,,,0,0,,0,0,0.0,0,,0,0,0,,,0.0,,0,0,0,0,0,0,,0,,,0,0,,,,0,0,,,0,0,,0,0,0.0,0,,0,0,0,,,0.0,,0,0,0,0,0,0,,0,,0,,0,0,,,,0,0,,,0,0,,0,0,0.0,0,,0,0,0,,,0.0,,0,0,0,0,0,0,,0,,197,,0,0,,,,0,0,,,0,0,,0,0,0.0,0,,0,0,0,,,0.0,,0,0,0,0,0,0,,0,,,0,0,,,,0,0,,,0,0,,0,0,0.0,0,,0,0,0,,,0.0,,0,0,0,0,0,0,,0,,,0,0,,,,0,0,,,0,0,,0,0,0.0,0,,0,0,0,,,0.0,,0,0,0,0,0,0,,0,,,0,0,,,,0,0,,,0,0,,0,0,0.0,0,,0,0,0,,,0.0,,0,0,0,0,0,0,,0,,,0,0,,,,0,0,,,0,0,,0,0,0.0,0,,0,0,0,,,0.0,,0,0,0,0,0,0,,0,,0,,0,0,,,,0,0,,,0,0,,0,0,0.0,0,,0,0,0,,,0.0,,0,0,0,0,0,0,,0,,,0,0,,,,0,0,,,0,0,,0,0,0.0,0,,0,0,0,,,0.0,,0,0,0,0,0,0,,0,,,0,0,,,,0,0,,,0,0,,0,0,0.0,0,,0,0,0,,,0.0,,0,0,0,0,0,0,,0,,,0,0,,,,0,0,,,0,0,,0,0,0.0,0,,0,0,0,,,0.0,,0,0,0,0,0,0,,0,,,0,0,,,,0,0,,,0,0,,0,0,0.0,0,,0,0,0,,,0.0,,0,0,0,0,0,0,,0,
Cash Jones,155211,HB,GEORGIA,1,0,1,,0,0,,,,0,0,,,0,0,,0,0,0.0,0,,0,0,0,,,0.0,,0,0,0,0,0,0,,0,,,0,0,,,,0,0,,,0,0,,0,0,0.0,0,,0,0,0,,,0.0,,0,0,0,0,0,0,,0,,,0,0,,,,0,0,,,0,0,,0,0,0.0,0,,0,0,0,,,0.0,,0,0,0,0,0,0,,0,,,0,0,,,,0,0,,,0,0,,0,0,0.0,0,,0,0,0,,,0.0,,0,0,0,0,0,0,,0,,,0,0,,,,0,0,,,0,0,,0,0,0.0,0,,0,0,0,,,0.0,,0,0,0,0,0,0,,0,,0,,0,0,,,,0,0,,,0,0,,0,0,0.0,0,,0,0,0,,,0.0,,0,0,0,0,0,0,,0,,173,,0,0,,,,0,0,,,0,0,,0,0,0.0,0,,0,0,0,,,0.0,,0,0,0,0,0,0,,0,,,0,0,,,,0,0,,,0,0,,0,0,0.0,0,,0,0,0,,,0.0,,0,0,0,0,0,0,,0,,,0,0,,,,0,0,,,0,0,,0,0,0.0,0,,0,0,0,,,0.0,,0,0,0,0,0,0,,0,,,0,0,,,,0,0,,,0,0,,0,0,0.0,0,,0,0,0,,,0.0,,0,0,0,0,0,0,,0,,,0,0,,,,0,0,,,0,0,,0,0,0.0,0,,0,0,0,,,0.0,,0,0,0,0,0,0,,0,,0,,0,0,,,,0,0,,,0,0,,0,0,0.0,0,,0,0,0,,,0.0,,0,0,0,0,0,0,,0,,,0,0,,,,0,0,,,0,0,,0,0,0.0,0,,0,0,0,,,0.0,,0,0,0,0,0,0,,0,,,0,0,,,,0,0,,,0,0,,0,0,0.0,0,,0,0,0,,,0.0,,0,0,0,0,0,0,,0,,,0,0,,,,0,0,,,0,0,,0,0,0.0,0,,0,0,0,,,0.0,,0,0,0,0,0,0,,0,,,0,0,,,,0,0,,,0,0,,0,0,0.0,0,,0,0,0,,,0.0,,0,0,0,0,0,0,,0,
Jacob Rodriguez,151095,LB,TEXAS TECH,1,1,1,,0,0,0.0,,,0,0,,,0,0,,0,0,0.0,0,,0,0,0,,,0.0,,0,0,0,0,0,0,,0,,,0,0,0.0,,,0,0,,,0,0,,0,0,0.0,0,,0,0,0,,,0.0,,0,0,0,0,0,0,,0,,,0,0,0.0,,,0,0,,,0,0,,0,0,0.0,0,,0,0,0,,,0.0,,0,0,0,0,0,0,,0,,,0,0,0.0,,,0,0,,,0,0,,0,0,0.0,0,,0,0,0,,,0.0,,0,0,0,0,0,0,,0,,0.0,1,1,100.0,9.0,1.5,0,0,0.0,0.0,0,0,,1,0,-6.91,0,27.2,0,1,1,0.0,,0.0,0.0,0,0,0,0,0,1,100.0,0,0.0,0,,0,0,0.0,,,0,0,,,0,0,,0,0,0.0,0,,0,0,0,,,0.0,,0,0,0,0,0,0,,0,,315,,0,0,0.0,,,0,0,,,0,0,,0,0,0.0,0,,0,0,0,,,0.0,,0,0,0,0,0,0,,0,,,0,0,0.0,,,0,0,,,0,0,,0,0,0.0,0,,0,0,0,,,0.0,,0,0,0,0,0,0,,0,,,0,0,0.0,,,0,0,,,0,0,,0,0,0.0,0,,0,0,0,,,0.0,,0,0,0,0,0,0,,0,,,0,0,0.0,,,0,0,,,0,0,,0,0,0.0,0,,0,0,0,,,0.0,,0,0,0,0,0,0,,0,,,0,0,0.0,,,0,0,,,0,0,,0,0,0.0,0,,0,0,0,,,0.0,,0,0,0,0,0,0,,0,,0,,0,0,0.0,,,0,0,,,0,0,,0,0,0.0,0,,0,0,0,,,0.0,,0,0,0,0,0,0,,0,,,0,0,0.0,,,0,0,,,0,0,,0,0,0.0,0,,0,0,0,,,0.0,,0,0,0,0,0,0,,0,,,0,0,0.0,,,0,0,,,0,0,,0,0,0.0,0,,0,0,0,,,0.0,,0,0,0,0,0,0,,0,,,0,0,0.0,,,0,0,,,0,0,,0,0,0.0,0,,0,0,0,,,0.0,,0,0,0,0,0,0,,0,,0.0,1,1,100.0,9.0,1.5,0,0,0.0,0.0,0,0,,1,0,-6.91,0,27.2,0,1,1,0.0,,0.0,0.0,0,0,0,0,0,1,100.0,0,0.0
Johnny Chaney Jr.,150871,LB,FIU,1,1,1,100.0,1,1,100.0,-5.0,0.7,0,0,0.0,100.0,1,0,0.0,1,0,2.61,1,60.6,0,0,1,100.0,,116.7,0.0,0,0,0,0,0,0,0.0,12,12.0,100.0,1,1,100.0,-5.0,0.7,0,0,0.0,100.0,1,0,0.0,1,0,2.61,1,60.6,0,0,1,100.0,,116.7,0.0,0,0,0,0,0,0,0.0,12,12.0,,0,0,0.0,,,0,0,,,0,0,,0,0,0.0,0,,0,0,0,,,0.0,,0,0,0,0,0,0,,0,,,0,0,0.0,,,0,0,,,0,0,,0,0,0.0,0,,0,0,0,,,0.0,,0,0,0,0,0,0,,0,,,0,0,0.0,,,0,0,,,0,0,,0,0,0.0,0,,0,0,0,,,0.0,,0,0,0,0,0,0,,0,,0,,0,0,0.0,,,0,0,,,0,0,,0,0,0.0,0,,0,0,0,,,0.0,,0,0,0,0,0,0,,0,,166,,0,0,0.0,,,0,0,,,0,0,,0,0,0.0,0,,0,0,0,,,0.0,,0,0,0,0,0,0,,0,,,0,0,0.0,,,0,0,,,0,0,,0,0,0.0,0,,0,0,0,,,0.0,,0,0,0,0,0,0,,0,,,0,0,0.0,,,0,0,,,0,0,,0,0,0.0,0,,0,0,0,,,0.0,,0,0,0,0,0,0,,0,,,0,0,0.0,,,0,0,,,0,0,,0,0,0.0,0,,0,0,0,,,0.0,,0,0,0,0,0,0,,0,,,0,0,0.0,,,0,0,,,0,0,,0,0,0.0,0,,0,0,0,,,0.0,,0,0,0,0,0,0,,0,,0,,0,0,0.0,,,0,0,,,0,0,,0,0,0.0,0,,0,0,0,,,0.0,,0,0,0,0,0,0,,0,,,0,0,0.0,,,0,0,,,0,0,,0,0,0.0,0,,0,0,0,,,0.0,,0,0,0,0,0,0,,0,,,0,0,0.0,,,0,0,,,0,0,,0,0,0.0,0,,0,0,0,,,0.0,,0,0,0,0,0,0,,0,,,0,0,0.0,,,0,0,,,0,0,,0,0,0.0,0,,0,0,0,,,0.0,,0,0,0,0,0,0,,0,,,0,0,0.0,,,0,0,,,0,0,,0,0,0.0,0,,0,0,0,,,0.0,,0,0,0,0,0,0,,0,
Kanyon Floyd,183740,P,ARIZONA ST,1,1,1,,0,0,0.0,,,0,0,,,0,0,,0,0,0.0,0,,0,0,0,,,0.0,,0,0,0,0,0,0,,0,,,0,0,0.0,,,0,0,,,0,0,,0,0,0.0,0,,0,0,0,,,0.0,,0,0,0,0,0,0,,0,,,0,0,0.0,,,0,0,,,0,0,,0,0,0.0,0,,0,0,0,,,0.0,,0,0,0,0,0,0,,0,,100.0,1,1,100.0,12.0,1.5,0,0,0.0,100.0,1,0,0.0,1,0,3.95,1,75.4,0,0,1,100.0,,118.8,0.0,0,0,0,0,0,0,0.0,19,19.0,,0,0,0.0,,,0,0,,,0,0,,0,0,0.0,0,,0,0,0,,,0.0,,0,0,0,0,0,0,,0,,0,,0,0,0.0,,,0,0,,,0,0,,0,0,0.0,0,,0,0,0,,,0.0,,0,0,0,0,0,0,,0,,110,,0,0,0.0,,,0,0,,,0,0,,0,0,0.0,0,,0,0,0,,,0.0,,0,0,0,0,0,0,,0,,,0,0,0.0,,,0,0,,,0,0,,0,0,0.0,0,,0,0,0,,,0.0,,0,0,0,0,0,0,,0,,,0,0,0.0,,,0,0,,,0,0,,0,0,0.0,0,,0,0,0,,,0.0,,0,0,0,0,0,0,,0,,,0,0,0.0,,,0,0,,,0,0,,0,0,0.0,0,,0,0,0,,,0.0,,0,0,0,0,0,0,,0,,100.0,1,1,100.0,12.0,1.5,0,0,0.0,100.0,1,0,0.0,1,0,3.95,1,75.4,0,0,1,100.0,,118.8,0.0,0,0,0,0,0,0,0.0,19,19.0,0,,0,0,0.0,,,0,0,,,0,0,,0,0,0.0,0,,0,0,0,,,0.0,,0,0,0,0,0,0,,0,,,0,0,0.0,,,0,0,,,0,0,,0,0,0.0,0,,0,0,0,,,0.0,,0,0,0,0,0,0,,0,,,0,0,0.0,,,0,0,,,0,0,,0,0,0.0,0,,0,0,0,,,0.0,,0,0,0,0,0,0,,0,,,0,0,0.0,,,0,0,,,0,0,,0,0,0.0,0,,0,0,0,,,0.0,,0,0,0,0,0,0,,0,,,0,0,0.0,,,0,0,,,0,0,,0,0,0.0,0,,0,0,0,,,0.0,,0,0,0,0,0,0,,0,
J'Mari Taylor,150482,HB,VIRGINIA,1,1,1,,0,0,0.0,,,0,0,,,0,0,,0,0,0.0,0,,0,0,0,,,0.0,,0,0,0,0,0,0,,0,,,0,0,0.0,,,0,0,,,0,0,,0,0,0.0,0,,0,0,0,,,0.0,,0,0,0,0,0,0,,0,,,0,0,0.0,,,0,0,,,0,0,,0,0,0.0,0,,0,0,0,,,0.0,,0,0,0,0,0,0,,0,,,0,0,0.0,,,0,0,,,0,0,,0,0,0.0,0,,0,0,0,,,0.0,,0,0,0,0,0,0,,0,,100.0,1,1,100.0,7.0,2.2,0,0,0.0,100.0,1,0,0.0,1,0,0.7,1,74.4,0,0,1,100.0,,118.8,0.0,0,0,0,0,1,0,0.0,1,1.0,0,,0,0,0.0,,,0,0,,,0,0,,0,0,0.0,0,,0,0,0,,,0.0,,0,0,0,0,0,0,,0,,335,,0,0,0.0,,,0,0,,,0,0,,0,0,0.0,0,,0,0,0,,,0.0,,0,0,0,0,0,0,,0,,,0,0,0.0,,,0,0,,,0,0,,0,0,0.0,0,,0,0,0,,,0.0,,0,0,0,0,0,0,,0,,,0,0,0.0,,,0,0,,,0,0,,0,0,0.0,0,,0,0,0,,,0.0,,0,0,0,0,0,0,,0,,,0,0,0.0,,,0,0,,,0,0,,0,0,0.0,0,,0,0,0,,,0.0,,0,0,0,0,0,0,,0,,,0,0,0.0,,,0,0,,,0,0,,0,0,0.0,0,,0,0,0,,,0.0,,0,0,0,0,0,0,,0,,0,,0,0,0.0,,,0,0,,,0,0,,0,0,0.0,0,,0,0,0,,,0.0,,0,0,0,0,0,0,,0,,,0,0,0.0,,,0,0,,,0,0,,0,0,0.0,0,,0,0,0,,,0.0,,0,0,0,0,0,0,,0,,,0,0,0.0,,,0,0,,,0,0,,0,0,0.0,0,,0,0,0,,,0.0,,0,0,0,0,0,0,,0,,,0,0,0.0,,,0,0,,,0,0,,0,0,0.0,0,,0,0,0,,,0.0,,0,0,0,0,0,0,,0,,100.0,1,1,100.0,7.0,2.2,0,0,0.0,100.0,1,0,0.0,1,0,0.7,1,74.4,0,0,1,100.0,,118.8,0.0,0,0,0,0,1,0,0.0,1,1.0
Omari Hayes,156520,WR,TULANE,1,1,1,,0,0,0.0,,,0,0,,,0,0,,0,0,0.0,0,,0,0,0,,,0.0,,0,0,0,0,0,0,,0,,,0,0,0.0,,,0,0,,,0,0,,0,0,0.0,0,,0,0,0,,,0.0,,0,0,0,0,0,0,,0,,,0,0,0.0,,,0,0,,,0,0,,0,0,0.0,0,,0,0,0,,,0.0,,0,0,0,0,0,0,,0,,,0,0,0.0,,,0,0,,,0,0,,0,0,0.0,0,,0,0,0,,,0.0,,0,0,0,0,0,0,,0,,,0,0,0.0,,,0,0,,,0,0,,0,0,0.0,0,,0,0,0,,,0.0,,0,0,0,0,0,0,,0,,0,,0,0,0.0,,,0,0,,,0,0,,0,0,0.0,0,,0,0,0,,,0.0,,0,0,0,0,0,0,,0,,319,,0,0,0.0,,,0,0,,,0,0,,0,0,0.0,0,,0,0,0,,,0.0,,0,0,0,0,0,0,,0,,,0,0,0.0,,,0,0,,,0,0,,0,0,0.0,0,,0,0,0,,,0.0,,0,0,0,0,0,0,,0,,,0,0,0.0,,,0,0,,,0,0,,0,0,0.0,0,,0,0,0,,,0.0,,0,0,0,0,0,0,,0,,,0,0,0.0,,,0,0,,,0,0,,0,0,0.0,0,,0,0,0,,,0.0,,0,0,0,0,0,0,,0,,,0,0,0.0,,,0,0,,,0,0,,0,0,0.0,0,,0,0,0,,,0.0,,0,0,0,0,0,0,,0,,0,,0,0,0.0,,,0,0,,,0,0,,0,0,0.0,0,,0,0,0,,,0.0,,0,0,0,0,0,0,,0,,,0,0,0.0,,,0,0,,,0,0,,0,0,0.0,0,,0,0,0,,,0.0,,0,0,0,0,0,0,,0,,,0,0,0.0,,,0,0,,,0,0,,0,0,0.0,0,,0,0,0,,,0.0,,0,0,0,0,0,0,,0,,,0,0,0.0,,,0,0,,,0,0,,0,0,0.0,0,,0,0,0,,,0.0,,0,0,0,0,0,0,,0,,,0,0,0.0,,,0,0,,,0,0,,0,0,0.0,0,,0,0,0,,,0.0,,0,0,0,0,0,0,,0,
Jayden Sellers,199954,WR,S CAROLINA,1,0,1,,0,0,,,,0,0,,,0,0,,0,0,0.0,0,,0,0,0,,,0.0,,0,0,0,0,0,0,,0,,,0,0,,,,0,0,,,0,0,,0,0,0.0,0,,0,0,0,,,0.0,,0,0,0,0,0,0,,0,,,0,0,,,,0,0,,,0,0,,0,0,0.0,0,,0,0,0,,,0.0,,0,0,0,0,0,0,,0,,,0,0,,,,0,0,,,0,0,,0,0,0.0,0,,0,0,0,,,0.0,,0,0,0,0,0,0,,0,,,0,0,,,,0,0,,,0,0,,0,0,0.0,0,,0,0,0,,,0.0,,0,0,0,0,0,0,,0,,0,,0,0,,,,0,0,,,0,0,,0,0,0.0,0,,0,0,0,,,0.0,,0,0,0,0,0,0,,0,,289,,0,0,,,,0,0,,,0,0,,0,0,0.0,0,,0,0,0,,,0.0,,0,0,0,0,0,0,,0,,,0,0,,,,0,0,,,0,0,,0,0,0.0,0,,0,0,0,,,0.0,,0,0,0,0,0,0,,0,,,0,0,,,,0,0,,,0,0,,0,0,0.0,0,,0,0,0,,,0.0,,0,0,0,0,0,0,,0,,,0,0,,,,0,0,,,0,0,,0,0,0.0,0,,0,0,0,,,0.0,,0,0,0,0,0,0,,0,,,0,0,,,,0,0,,,0,0,,0,0,0.0,0,,0,0,0,,,0.0,,0,0,0,0,0,0,,0,,0,,0,0,,,,0,0,,,0,0,,0,0,0.0,0,,0,0,0,,,0.0,,0,0,0,0,0,0,,0,,,0,0,,,,0,0,,,0,0,,0,0,0.0,0,,0,0,0,,,0.0,,0,0,0,0,0,0,,0,,,0,0,,,,0,0,,,0,0,,0,0,0.0,0,,0,0,0,,,0.0,,0,0,0,0,0,0,,0,,,0,0,,,,0,0,,,0,0,,0,0,0.0,0,,0,0,0,,,0.0,,0,0,0,0,0,0,,0,,,0,0,,,,0,0,,,0,0,,0,0,0.0,0,,0,0,0,,,0.0,,0,0,0,0,0,0,,0,
Dillon Bell,163734,WR,GEORGIA,1,1,1,,0,0,0.0,,,0,0,,,0,0,,0,0,0.0,0,,0,0,0,,,0.0,,0,0,0,0,0,0,,0,,,0,0,0.0,,,0,0,,,0,0,,0,0,0.0,0,,0,0,0,,,0.0,,0,0,0,0,0,0,,0,,,0,0,0.0,,,0,0,,,0,0,,0,0,0.0,0,,0,0,0,,,0.0,,0,0,0,0,0,0,,0,,,0,0,0.0,,,0,0,,,0,0,,0,0,0.0,0,,0,0,0,,,0.0,,0,0,0,0,0,0,,0,,,0,0,0.0,,,0,0,,,0,0,,0,0,0.0,0,,0,0,0,,,0.0,,0,0,0,0,0,0,,0,,0,,0,0,0.0,,,0,0,,,0,0,,0,0,0.0,0,,0,0,0,,,0.0,,0,0,0,0,0,0,,0,,173,,0,0,0.0,,,0,0,,,0,0,,0,0,0.0,0,,0,0,0,,,0.0,,0,0,0,0,0,0,,0,,,0,0,0.0,,,0,0,,,0,0,,0,0,0.0,0,,0,0,0,,,0.0,,0,0,0,0,0,0,,0,,,0,0,0.0,,,0,0,,,0,0,,0,0,0.0,0,,0,0,0,,,0.0,,0,0,0,0,0,0,,0,,,0,0,0.0,,,0,0,,,0,0,,0,0,0.0,0,,0,0,0,,,0.0,,0,0,0,0,0,0,,0,,0.0,1,1,100.0,13.0,3.8,0,0,0.0,0.0,0,0,,1,0,-0.74,0,46.8,0,0,1,0.0,,39.6,0.0,0,0,0,0,0,0,0.0,0,0.0,0,,0,0,0.0,,,0,0,,,0,0,,0,0,0.0,0,,0,0,0,,,0.0,,0,0,0,0,0,0,,0,,,0,0,0.0,,,0,0,,,0,0,,0,0,0.0,0,,0,0,0,,,0.0,,0,0,0,0,0,0,,0,,0.0,1,1,100.0,13.0,3.8,0,0,0.0,0.0,0,0,,1,0,-0.74,0,46.8,0,0,1,0.0,,39.6,0.0,0,0,0,0,0,0,0.0,0,0.0,,0,0,0.0,,,0,0,,,0,0,,0,0,0.0,0,,0,0,0,,,0.0,,0,0,0,0,0,0,,0,,,0,0,0.0,,,0,0,,,0,0,,0,0,0.0,0,,0,0,0,,,0.0,,0,0,0,0,0,0,,0,
Reggie Branch II,150071,HB,MO STATE,1,1,1,,0,0,0.0,,,0,0,,,0,0,,0,0,0.0,0,,0,0,0,,,0.0,,0,0,0,0,0,0,,0,,,0,0,0.0,,,0,0,,,0,0,,0,0,0.0,0,,0,0,0,,,0.0,,0,0,0,0,0,0,,0,,,0,0,0.0,,,0,0,,,0,0,,0,0,0.0,0,,0,0,0,,,0.0,,0,0,0,0,0,0,,0,,,0,0,0.0,,,0,0,,,0,0,,0,0,0.0,0,,0,0,0,,,0.0,,0,0,0,0,0,0,,0,,100.0,1,1,100.0,1.0,3.9,0,0,0.0,100.0,1,1,0.0,1,0,3.52,1,60.6,0,0,1,100.0,0.0,118.8,0.0,0,0,0,0,0,0,0.0,29,29.0,0,,0,0,0.0,,,0,0,,,0,0,,0,0,0.0,0,,0,0,0,,,0.0,,0,0,0,0,0,0,,0,,230,,0,0,0.0,,,0,0,,,0,0,,0,0,0.0,0,,0,0,0,,,0.0,,0,0,0,0,0,0,,0,,,0,0,0.0,,,0,0,,,0,0,,0,0,0.0,0,,0,0,0,,,0.0,,0,0,0,0,0,0,,0,,,0,0,0.0,,,0,0,,,0,0,,0,0,0.0,0,,0,0,0,,,0.0,,0,0,0,0,0,0,,0,,,0,0,0.0,,,0,0,,,0,0,,0,0,0.0,0,,0,0,0,,,0.0,,0,0,0,0,0,0,,0,,,0,0,0.0,,,0,0,,,0,0,,0,0,0.0,0,,0,0,0,,,0.0,,0,0,0,0,0,0,,0,,0,,0,0,0.0,,,0,0,,,0,0,,0,0,0.0,0,,0,0,0,,,0.0,,0,0,0,0,0,0,,0,,,0,0,0.0,,,0,0,,,0,0,,0,0,0.0,0,,0,0,0,,,0.0,,0,0,0,0,0,0,,0,,,0,0,0.0,,,0,0,,,0,0,,0,0,0.0,0,,0,0,0,,,0.0,,0,0,0,0,0,0,,0,,,0,0,0.0,,,0,0,,,0,0,,0,0,0.0,0,,0,0,0,,,0.0,,0,0,0,0,0,0,,0,,100.0,1,1,100.0,1.0,3.9,0,0,0.0,100.0,1,1,0.0,1,0,3.52,1,60.6,0,0,1,100.0,0.0,118.8,0.0,0,0,0,0,0,0,0.0,29,29.0
Nico Ottomanelli,183576,K,SM HOUSTON,1,1,1,,0,0,0.0,,,0,0,,,0,0,,0,0,0.0,0,,0,0,0,,,0.0,,0,0,0,0,0,0,,0,,,0,0,0.0,,,0,0,,,0,0,,0,0,0.0,0,,0,0,0,,,0.0,,0,0,0,0,0,0,,0,,,0,0,0.0,,,0,0,,,0,0,,0,0,0.0,0,,0,0,0,,,0.0,,0,0,0,0,0,0,,0,,,0,0,0.0,,,0,0,,,0,0,,0,0,0.0,0,,0,0,0,,,0.0,,0,0,0,0,0,0,,0,,0.0,1,1,100.0,2.0,5.3,0,0,0.0,0.0,0,0,,1,0,-2.67,0,36.1,0,0,1,0.0,,39.6,0.0,0,0,0,0,0,1,100.0,0,0.0,0,,0,0,0.0,,,0,0,,,0,0,,0,0,0.0,0,,0,0,0,,,0.0,,0,0,0,0,0,0,,0,,281,,0,0,0.0,,,0,0,,,0,0,,0,0,0.0,0,,0,0,0,,,0.0,,0,0,0,0,0,0,,0,,,0,0,0.0,,,0,0,,,0,0,,0,0,0.0,0,,0,0,0,,,0.0,,0,0,0,0,0,0,,0,,,0,0,0.0,,,0,0,,,0,0,,0,0,0.0,0,,0,0,0,,,0.0,,0,0,0,0,0,0,,0,,,0,0,0.0,,,0,0,,,0,0,,0,0,0.0,0,,0,0,0,,,0.0,,0,0,0,0,0,0,,0,,,0,0,0.0,,,0,0,,,0,0,,0,0,0.0,0,,0,0,0,,,0.0,,0,0,0,0,0,0,,0,,0,,0,0,0.0,,,0,0,,,0,0,,0,0,0.0,0,,0,0,0,,,0.0,,0,0,0,0,0,0,,0,,,0,0,0.0,,,0,0,,,0,0,,0,0,0.0,0,,0,0,0,,,0.0,,0,0,0,0,0,0,,0,,,0,0,0.0,,,0,0,,,0,0,,0,0,0.0,0,,0,0,0,,,0.0,,0,0,0,0,0,0,,0,,,0,0,0.0,,,0,0,,,0,0,,0,0,0.0,0,,0,0,0,,,0.0,,0,0,0,0,0,0,,0,,0.0,1,1,100.0,2.0,5.3,0,0,0.0,0.0,0,0,,1,0,-2.67,0,36.1,0,0,1,0.0,,39.6,0.0,0,0,0,0,0,1,100.0,0,0.0
Javin Whatley,149832,WR,ARIZONA,1,1,1,,0,0,0.0,,,0,0,,,0,0,,0,0,0.0,0,,0,0,0,,,0.0,,0,0,0,0,0,0,,0,,,0,0,0.0,,,0,0,,,0,0,,0,0,0.0,0,,0,0,0,,,0.0,,0,0,0,0,0,0,,0,,,0,0,0.0,,,0,0,,,0,0,,0,0,0.0,0,,0,0,0,,,0.0,,0,0,0,0,0,0,,0,,,0,0,0.0,,,0,0,,,0,0,,0,0,0.0,0,,0,0,0,,,0.0,,0,0,0,0,0,0,,0,,,0,0,0.0,,,0,0,,,0,0,,0,0,0.0,0,,0,0,0,,,0.0,,0,0,0,0,0,0,,0,,0,0.0,1,1,100.0,20.0,4.7,0,0,0.0,0.0,0,0,,1,0,-3.34,0,37.9,0,1,1,0.0,,0.0,0.0,0,0,0,0,0,1,100.0,0,0.0,109,,0,0,0.0,,,0,0,,,0,0,,0,0,0.0,0,,0,0,0,,,0.0,,0,0,0,0,0,0,,0,,,0,0,0.0,,,0,0,,,0,0,,0,0,0.0,0,,0,0,0,,,0.0,,0,0,0,0,0,0,,0,,,0,0,0.0,,,0,0,,,0,0,,0,0,0.0,0,,0,0,0,,,0.0,,0,0,0,0,0,0,,0,,,0,0,0.0,,,0,0,,,0,0,,0,0,0.0,0,,0,0,0,,,0.0,,0,0,0,0,0,0,,0,,,0,0,0.0,,,0,0,,,0,0,,0,0,0.0,0,,0,0,0,,,0.0,,0,0,0,0,0,0,,0,,0,,0,0,0.0,,,0,0,,,0,0,,0,0,0.0,0,,0,0,0,,,0.0,,0,0,0,0,0,0,,0,,0.0,1,1,100.0,20.0,4.7,0,0,0.0,0.0,0,0,,1,0,-3.34,0,37.9,0,1,1,0.0,,0.0,0.0,0,0,0,0,0,1,100.0,0,0.0,,0,0,0.0,,,0,0,,,0,0,,0,0,0.0,0,,0,0,0,,,0.0,,0,0,0,0,0,0,,0,,,0,0,0.0,,,0,0,,,0,0,,0,0,0.0,0,,0,0,0,,,0.0,,0,0,0,0,0,0,,0,,,0,0,0.0,,,0,0,,,0,0,,0,0,0.0,0,,0,0,0,,,0.0,,0,0,0,0,0,0,,0,
Asaad Waseem,171909,WR,FAU,1,0,1,,0,0,,,,0,0,,,0,0,,0,0,0.0,0,,0,0,0,,,0.0,,0,0,0,0,0,0,,0,,,0,0,,,,0,0,,,0,0,,0,0,0.0,0,,0,0,0,,,0.0,,0,0,0,0,0,0,,0,,,0,0,,,,0,0,,,0,0,,0,0,0.0,0,,0,0,0,,,0.0,,0,0,0,0,0,0,,0,,,0,0,,,,0,0,,,0,0,,0,0,0.0,0,,0,0,0,,,0.0,,0,0,0,0,0,0,,0,,,0,0,,,,0,0,,,0,0,,0,0,0.0,0,,0,0,0,,,0.0,,0,0,0,0,0,0,,0,,0,,0,0,,,,0,0,,,0,0,,0,0,0.0,0,,0,0,0,,,0.0,,0,0,0,0,0,0,,0,,165,,0,0,,,,0,0,,,0,0,,0,0,0.0,0,,0,0,0,,,0.0,,0,0,0,0,0,0,,0,,,0,0,,,,0,0,,,0,0,,0,0,0.0,0,,0,0,0,,,0.0,,0,0,0,0,0,0,,0,,,0,0,,,,0,0,,,0,0,,0,0,0.0,0,,0,0,0,,,0.0,,0,0,0,0,0,0,,0,,,0,0,,,,0,0,,,0,0,,0,0,0.0,0,,0,0,0,,,0.0,,0,0,0,0,0,0,,0,,,0,0,,,,0,0,,,0,0,,0,0,0.0,0,,0,0,0,,,0.0,,0,0,0,0,0,0,,0,,0,,0,0,,,,0,0,,,0,0,,0,0,0.0,0,,0,0,0,,,0.0,,0,0,0,0,0,0,,0,,,0,0,,,,0,0,,,0,0,,0,0,0.0,0,,0,0,0,,,0.0,,0,0,0,0,0,0,,0,,,0,0,,,,0,0,,,0,0,,0,0,0.0,0,,0,0,0,,,0.0,,0,0,0,0,0,0,,0,,,0,0,,,,0,0,,,0,0,,0,0,0.0,0,,0,0,0,,,0.0,,0,0,0,0,0,0,,0,,,0,0,,,,0,0,,,0,0,,0,0,0.0,0,,0,0,0,,,0.0,,0,0,0,0,0,0,,0,
Cyrus Allen,156582,WR,CINCINNATI,1,0,1,,0,0,,,,0,0,,,0,0,,0,0,0.0,0,,0,0,0,,,0.0,,0,0,0,0,0,0,,0,,,0,0,,,,0,0,,,0,0,,0,0,0.0,0,,0,0,0,,,0.0,,0,0,0,0,0,0,,0,,,0,0,,,,0,0,,,0,0,,0,0,0.0,0,,0,0,0,,,0.0,,0,0,0,0,0,0,,0,,,0,0,,,,0,0,,,0,0,,0,0,0.0,0,,0,0,0,,,0.0,,0,0,0,0,0,0,,0,,,0,0,,,,0,0,,,0,0,,0,0,0.0,0,,0,0,0,,,0.0,,0,0,0,0,0,0,,0,,0,,0,0,,,,0,0,,,0,0,,0,0,0.0,0,,0,0,0,,,0.0,,0,0,0,0,0,0,,0,,138,,0,0,,,,0,0,,,0,0,,0,0,0.0,0,,0,0,0,,,0.0,,0,0,0,0,0,0,,0,,,0,0,,,,0,0,,,0,0,,0,0,0.0,0,,0,0,0,,,0.0,,0,0,0,0,0,0,,0,,,0,0,,,,0,0,,,0,0,,0,0,0.0,0,,0,0,0,,,0.0,,0,0,0,0,0,0,,0,,,0,0,,,,0,0,,,0,0,,0,0,0.0,0,,0,0,0,,,0.0,,0,0,0,0,0,0,,0,,,0,0,,,,0,0,,,0,0,,0,0,0.0,0,,0,0,0,,,0.0,,0,0,0,0,0,0,,0,,0,,0,0,,,,0,0,,,0,0,,0,0,0.0,0,,0,0,0,,,0.0,,0,0,0,0,0,0,,0,,,0,0,,,,0,0,,,0,0,,0,0,0.0,0,,0,0,0,,,0.0,,0,0,0,0,0,0,,0,,,0,0,,,,0,0,,,0,0,,0,0,0.0,0,,0,0,0,,,0.0,,0,0,0,0,0,0,,0,,,0,0,,,,0,0,,,0,0,,0,0,0.0,0,,0,0,0,,,0.0,,0,0,0,0,0,0,,0,,,0,0,,,,0,0,,,0,0,,0,0,0.0,0,,0,0,0,,,0.0,,0,0,0,0,0,0,,0,
Caullin Lacy,121426,WR,LOUISVILLE,1,1,1,,0,0,0.0,,,0,0,,,0,0,,0,0,0.0,0,,0,0,0,,,0.0,,0,0,0,0,0,0,,0,,,0,0,0.0,,,0,0,,,0,0,,0,0,0.0,0,,0,0,0,,,0.0,,0,0,0,0,0,0,,0,,,0,0,0.0,,,0,0,,,0,0,,0,0,0.0,0,,0,0,0,,,0.0,,0,0,0,0,0,0,,0,,,0,0,0.0,,,0,0,,,0,0,,0,0,0.0,0,,0,0,0,,,0.0,,0,0,0,0,0,0,,0,,100.0,1,1,100.0,3.0,3.0,0,0,0.0,100.0,1,0,0.0,1,0,0.89,1,73.7,0,0,1,100.0,,118.8,0.0,0,0,0,0,1,0,0.0,2,2.0,0,,0,0,0.0,,,0,0,,,0,0,,0,0,0.0,0,,0,0,0,,,0.0,,0,0,0,0,0,0,,0,,210,,0,0,0.0,,,0,0,,,0,0,,0,0,0.0,0,,0,0,0,,,0.0,,0,0,0,0,0,0,,0,,,0,0,0.0,,,0,0,,,0,0,,0,0,0.0,0,,0,0,0,,,0.0,,0,0,0,0,0,0,,0,,,0,0,0.0,,,0,0,,,0,0,,0,0,0.0,0,,0,0,0,,,0.0,,0,0,0,0,0,0,,0,,,0,0,0.0,,,0,0,,,0,0,,0,0,0.0,0,,0,0,0,,,0.0,,0,0,0,0,0,0,,0,,,0,0,0.0,,,0,0,,,0,0,,0,0,0.0,0,,0,0,0,,,0.0,,0,0,0,0,0,0,,0,,0,,0,0,0.0,,,0,0,,,0,0,,0,0,0.0,0,,0,0,0,,,0.0,,0,0,0,0,0,0,,0,,,0,0,0.0,,,0,0,,,0,0,,0,0,0.0,0,,0,0,0,,,0.0,,0,0,0,0,0,0,,0,,,0,0,0.0,,,0,0,,,0,0,,0,0,0.0,0,,0,0,0,,,0.0,,0,0,0,0,0,0,,0,,,0,0,0.0,,,0,0,,,0,0,,0,0,0.0,0,,0,0,0,,,0.0,,0,0,0,0,0,0,,0,,100.0,1,1,100.0,3.0,3.0,0,0,0.0,100.0,1,0,0.0,1,0,0.89,1,73.7,0,0,1,100.0,,118.8,0.0,0,0,0,0,1,0,0.0,2,2.0
DJ Riles,156596,WR,GA STATE,1,0,1,,0,0,,,,0,0,,,0,0,,0,0,0.0,0,,0,0,0,,,0.0,,0,0,0,0,0,0,,0,,,0,0,,,,0,0,,,0,0,,0,0,0.0,0,,0,0,0,,,0.0,,0,0,0,0,0,0,,0,,,0,0,,,,0,0,,,0,0,,0,0,0.0,0,,0,0,0,,,0.0,,0,0,0,0,0,0,,0,,,0,0,,,,0,0,,,0,0,,0,0,0.0,0,,0,0,0,,,0.0,,0,0,0,0,0,0,,0,,,0,0,,,,0,0,,,0,0,,0,0,0.0,0,,0,0,0,,,0.0,,0,0,0,0,0,0,,0,,0,,0,0,,,,0,0,,,0,0,,0,0,0.0,0,,0,0,0,,,0.0,,0,0,0,0,0,0,,0,,175,,0,0,,,,0,0,,,0,0,,0,0,0.0,0,,0,0,0,,,0.0,,0,0,0,0,0,0,,0,,,0,0,,,,0,0,,,0,0,,0,0,0.0,0,,0,0,0,,,0.0,,0,0,0,0,0,0,,0,,,0,0,,,,0,0,,,0,0,,0,0,0.0,0,,0,0,0,,,0.0,,0,0,0,0,0,0,,0,,,0,0,,,,0,0,,,0,0,,0,0,0.0,0,,0,0,0,,,0.0,,0,0,0,0,0,0,,0,,,0,0,,,,0,0,,,0,0,,0,0,0.0,0,,0,0,0,,,0.0,,0,0,0,0,0,0,,0,,0,,0,0,,,,0,0,,,0,0,,0,0,0.0,0,,0,0,0,,,0.0,,0,0,0,0,0,0,,0,,,0,0,,,,0,0,,,0,0,,0,0,0.0,0,,0,0,0,,,0.0,,0,0,0,0,0,0,,0,,,0,0,,,,0,0,,,0,0,,0,0,0.0,0,,0,0,0,,,0.0,,0,0,0,0,0,0,,0,,,0,0,,,,0,0,,,0,0,,0,0,0.0,0,,0,0,0,,,0.0,,0,0,0,0,0,0,,0,,,0,0,,,,0,0,,,0,0,,0,0,0.0,0,,0,0,0,,,0.0,,0,0,0,0,0,0,,0,
Gabriel Benyard,147969,WR,KENNESAW,1,0,1,,0,0,,,,0,0,,,0,0,,0,0,0.0,0,,0,0,0,,,0.0,,0,0,0,0,0,0,,0,,,0,0,,,,0,0,,,0,0,,0,0,0.0,0,,0,0,0,,,0.0,,0,0,0,0,0,0,,0,,,0,0,,,,0,0,,,0,0,,0,0,0.0,0,,0,0,0,,,0.0,,0,0,0,0,0,0,,0,,,0,0,,,,0,0,,,0,0,,0,0,0.0,0,,0,0,0,,,0.0,,0,0,0,0,0,0,,0,,,0,0,,,,0,0,,,0,0,,0,0,0.0,0,,0,0,0,,,0.0,,0,0,0,0,0,0,,0,,0,,0,0,,,,0,0,,,0,0,,0,0,0.0,0,,0,0,0,,,0.0,,0,0,0,0,0,0,,0,,200,,0,0,,,,0,0,,,0,0,,0,0,0.0,0,,0,0,0,,,0.0,,0,0,0,0,0,0,,0,,,0,0,,,,0,0,,,0,0,,0,0,0.0,0,,0,0,0,,,0.0,,0,0,0,0,0,0,,0,,,0,0,,,,0,0,,,0,0,,0,0,0.0,0,,0,0,0,,,0.0,,0,0,0,0,0,0,,0,,,0,0,,,,0,0,,,0,0,,0,0,0.0,0,,0,0,0,,,0.0,,0,0,0,0,0,0,,0,,,0,0,,,,0,0,,,0,0,,0,0,0.0,0,,0,0,0,,,0.0,,0,0,0,0,0,0,,0,,0,,0,0,,,,0,0,,,0,0,,0,0,0.0,0,,0,0,0,,,0.0,,0,0,0,0,0,0,,0,,,0,0,,,,0,0,,,0,0,,0,0,0.0,0,,0,0,0,,,0.0,,0,0,0,0,0,0,,0,,,0,0,,,,0,0,,,0,0,,0,0,0.0,0,,0,0,0,,,0.0,,0,0,0,0,0,0,,0,,,0,0,,,,0,0,,,0,0,,0,0,0.0,0,,0,0,0,,,0.0,,0,0,0,0,0,0,,0,,,0,0,,,,0,0,,,0,0,,0,0,0.0,0,,0,0,0,,,0.0,,0,0,0,0,0,0,,0,
Cade Backe,163937,P,JVILLE ST,1,1,1,,0,0,0.0,,,0,0,,,0,0,,0,0,0.0,0,,0,0,0,,,0.0,,0,0,0,0,0,0,,0,,,0,0,0.0,,,0,0,,,0,0,,0,0,0.0,0,,0,0,0,,,0.0,,0,0,0,0,0,0,,0,,,0,0,0.0,,,0,0,,,0,0,,0,0,0.0,0,,0,0,0,,,0.0,,0,0,0,0,0,0,,0,,,0,0,0.0,,,0,0,,,0,0,,0,0,0.0,0,,0,0,0,,,0.0,,0,0,0,0,0,0,,0,,100.0,1,1,100.0,2.0,3.2,0,0,0.0,100.0,1,0,0.0,1,0,4.9,0,60.6,0,0,1,100.0,,87.5,0.0,0,0,0,0,0,0,0.0,5,5.0,0,,0,0,0.0,,,0,0,,,0,0,,0,0,0.0,0,,0,0,0,,,0.0,,0,0,0,0,0,0,,0,,196,,0,0,0.0,,,0,0,,,0,0,,0,0,0.0,0,,0,0,0,,,0.0,,0,0,0,0,0,0,,0,,,0,0,0.0,,,0,0,,,0,0,,0,0,0.0,0,,0,0,0,,,0.0,,0,0,0,0,0,0,,0,,,0,0,0.0,,,0,0,,,0,0,,0,0,0.0,0,,0,0,0,,,0.0,,0,0,0,0,0,0,,0,,,0,0,0.0,,,0,0,,,0,0,,0,0,0.0,0,,0,0,0,,,0.0,,0,0,0,0,0,0,,0,,,0,0,0.0,,,0,0,,,0,0,,0,0,0.0,0,,0,0,0,,,0.0,,0,0,0,0,0,0,,0,,0,,0,0,0.0,,,0,0,,,0,0,,0,0,0.0,0,,0,0,0,,,0.0,,0,0,0,0,0,0,,0,,,0,0,0.0,,,0,0,,,0,0,,0,0,0.0,0,,0,0,0,,,0.0,,0,0,0,0,0,0,,0,,,0,0,0.0,,,0,0,,,0,0,,0,0,0.0,0,,0,0,0,,,0.0,,0,0,0,0,0,0,,0,,,0,0,0.0,,,0,0,,,0,0,,0,0,0.0,0,,0,0,0,,,0.0,,0,0,0,0,0,0,,0,,100.0,1,1,100.0,2.0,3.2,0,0,0.0,100.0,1,0,0.0,1,0,4.9,0,60.6,0,0,1,100.0,,87.5,0.0,0,0,0,0,0,0,0.0,5,5.0
Robby Washington,170096,WR,COAST CAR,1,1,1,,0,0,0.0,,,0,0,,,0,0,,0,0,0.0,0,,0,0,0,,,0.0,,0,0,0,0,0,0,,0,,,0,0,0.0,,,0,0,,,0,0,,0,0,0.0,0,,0,0,0,,,0.0,,0,0,0,0,0,0,,0,,,0,0,0.0,,,0,0,,,0,0,,0,0,0.0,0,,0,0,0,,,0.0,,0,0,0,0,0,0,,0,,,0,0,0.0,,,0,0,,,0,0,,0,0,0.0,0,,0,0,0,,,0.0,,0,0,0,0,0,0,,0,,,0,0,0.0,,,0,0,,,0,0,,0,0,0.0,0,,0,0,0,,,0.0,,0,0,0,0,0,0,,0,,0,,0,0,0.0,,,0,0,,,0,0,,0,0,0.0,0,,0,0,0,,,0.0,,0,0,0,0,0,0,,0,,141,,0,0,0.0,,,0,0,,,0,0,,0,0,0.0,0,,0,0,0,,,0.0,,0,0,0,0,0,0,,0,,,0,0,0.0,,,0,0,,,0,0,,0,0,0.0,0,,0,0,0,,,0.0,,0,0,0,0,0,0,,0,,100.0,1,1,100.0,19.0,3.2,0,0,0.0,100.0,1,0,0.0,1,0,2.11,1,72.6,0,0,1,100.0,,156.3,0.0,0,0,0,0,1,0,0.0,12,12.0,,0,0,0.0,,,0,0,,,0,0,,0,0,0.0,0,,0,0,0,,,0.0,,0,0,0,0,0,0,,0,,100.0,1,1,100.0,19.0,3.2,0,0,0.0,100.0,1,0,0.0,1,0,2.11,1,72.6,0,0,1,100.0,,156.3,0.0,0,0,0,0,1,0,0.0,12,12.0,0,,0,0,0.0,,,0,0,,,0,0,,0,0,0.0,0,,0,0,0,,,0.0,,0,0,0,0,0,0,,0,,,0,0,0.0,,,0,0,,,0,0,,0,0,0.0,0,,0,0,0,,,0.0,,0,0,0,0,0,0,,0,,,0,0,0.0,,,0,0,,,0,0,,0,0,0.0,0,,0,0,0,,,0.0,,0,0,0,0,0,0,,0,,,0,0,0.0,,,0,0,,,0,0,,0,0,0.0,0,,0,0,0,,,0.0,,0,0,0,0,0,0,,0,,,0,0,0.0,,,0,0,,,0,0,,0,0,0.0,0,,0,0,0,,,0.0,,0,0,0,0,0,0,,0,
Parker Livingstone,184512,WR,TEXAS,1,1,1,,0,0,0.0,,,0,0,,,0,0,,0,0,0.0,0,,0,0,0,,,0.0,,0,0,0,0,0,0,,0,,,0,0,0.0,,,0,0,,,0,0,,0,0,0.0,0,,0,0,0,,,0.0,,0,0,0,0,0,0,,0,,,0,0,0.0,,,0,0,,,0,0,,0,0,0.0,0,,0,0,0,,,0.0,,0,0,0,0,0,0,,0,,,0,0,0.0,,,0,0,,,0,0,,0,0,0.0,0,,0,0,0,,,0.0,,0,0,0,0,0,0,,0,,,0,0,0.0,,,0,0,,,0,0,,0,0,0.0,0,,0,0,0,,,0.0,,0,0,0,0,0,0,,0,,0,,0,0,0.0,,,0,0,,,0,0,,0,0,0.0,0,,0,0,0,,,0.0,,0,0,0,0,0,0,,0,,311,,0,0,0.0,,,0,0,,,0,0,,0,0,0.0,0,,0,0,0,,,0.0,,0,0,0,0,0,0,,0,,,0,0,0.0,,,0,0,,,0,0,,0,0,0.0,0,,0,0,0,,,0.0,,0,0,0,0,0,0,,0,,,0,0,0.0,,,0,0,,,0,0,,0,0,0.0,0,,0,0,0,,,0.0,,0,0,0,0,0,0,,0,,,0,0,0.0,,,0,0,,,0,0,,0,0,0.0,0,,0,0,0,,,0.0,,0,0,0,0,0,0,,0,,,0,0,0.0,,,0,0,,,0,0,,0,0,0.0,0,,0,0,0,,,0.0,,0,0,0,0,0,0,,0,,0,,0,0,0.0,,,0,0,,,0,0,,0,0,0.0,0,,0,0,0,,,0.0,,0,0,0,0,0,0,,0,,,0,0,0.0,,,0,0,,,0,0,,0,0,0.0,0,,0,0,0,,,0.0,,0,0,0,0,0,0,,0,,,0,0,0.0,,,0,0,,,0,0,,0,0,0.0,0,,0,0,0,,,0.0,,0,0,0,0,0,0,,0,,100.0,1,1,100.0,6.0,3.1,0,0,0.0,100.0,1,0,0.0,1,0,1.38,1,71.7,0,0,1,100.0,,122.9,0.0,0,0,0,0,1,0,0.0,4,4.0,100.0,1,1,100.0,6.0,3.1,0,0,0.0,100.0,1,0,0.0,1,0,1.38,1,71.7,0,0,1,100.0,,122.9,0.0,0,0,0,0,1,0,0.0,4,4.0
Lynel Billups-Williams,171271,WR,MIAMI OH,1,1,1,,0,0,0.0,,,0,0,,,0,0,,0,0,0.0,0,,0,0,0,,,0.0,,0,0,0,0,0,0,,0,,,0,0,0.0,,,0,0,,,0,0,,0,0,0.0,0,,0,0,0,,,0.0,,0,0,0,0,0,0,,0,,,0,0,0.0,,,0,0,,,0,0,,0,0,0.0,0,,0,0,0,,,0.0,,0,0,0,0,0,0,,0,,,0,0,0.0,,,0,0,,,0,0,,0,0,0.0,0,,0,0,0,,,0.0,,0,0,0,0,0,0,,0,,,0,0,0.0,,,0,0,,,0,0,,0,0,0.0,0,,0,0,0,,,0.0,,0,0,0,0,0,0,,0,,0,0.0,1,1,100.0,21.0,3.2,0,0,0.0,0.0,0,1,,1,0,-0.46,0,58.4,0,0,1,0.0,0.0,39.6,0.0,0,0,0,0,0,0,0.0,0,0.0,221,,0,0,0.0,,,0,0,,,0,0,,0,0,0.0,0,,0,0,0,,,0.0,,0,0,0,0,0,0,,0,,,0,0,0.0,,,0,0,,,0,0,,0,0,0.0,0,,0,0,0,,,0.0,,0,0,0,0,0,0,,0,,,0,0,0.0,,,0,0,,,0,0,,0,0,0.0,0,,0,0,0,,,0.0,,0,0,0,0,0,0,,0,,,0,0,0.0,,,0,0,,,0,0,,0,0,0.0,0,,0,0,0,,,0.0,,0,0,0,0,0,0,,0,,,0,0,0.0,,,0,0,,,0,0,,0,0,0.0,0,,0,0,0,,,0.0,,0,0,0,0,0,0,,0,,0,,0,0,0.0,,,0,0,,,0,0,,0,0,0.0,0,,0,0,0,,,0.0,,0,0,0,0,0,0,,0,,0.0,1,1,100.0,21.0,3.2,0,0,0.0,0.0,0,1,,1,0,-0.46,0,58.4,0,0,1,0.0,0.0,39.6,0.0,0,0,0,0,0,0,0.0,0,0.0,,0,0,0.0,,,0,0,,,0,0,,0,0,0.0,0,,0,0,0,,,0.0,,0,0,0,0,0,0,,0,,,0,0,0.0,,,0,0,,,0,0,,0,0,0.0,0,,0,0,0,,,0.0,,0,0,0,0,0,0,,0,,,0,0,0.0,,,0,0,,,0,0,,0,0,0.0,0,,0,0,0,,,0.0,,0,0,0,0,0,0,,0,
Jarris Williams,147249,HB,TROY,1,1,1,,0,0,0.0,,,0,0,,,0,0,,0,0,0.0,0,,0,0,0,,,0.0,,0,0,0,0,0,0,,0,,,0,0,0.0,,,0,0,,,0,0,,0,0,0.0,0,,0,0,0,,,0.0,,0,0,0,0,0,0,,0,,,0,0,0.0,,,0,0,,,0,0,,0,0,0.0,0,,0,0,0,,,0.0,,0,0,0,0,0,0,,0,,,0,0,0.0,,,0,0,,,0,0,,0,0,0.0,0,,0,0,0,,,0.0,,0,0,0,0,0,0,,0,,0.0,1,1,100.0,4.0,1.5,0,0,0.0,0.0,0,0,,1,0,-0.33,0,55.6,0,0,1,0.0,,39.6,0.0,0,0,0,0,0,0,0.0,0,0.0,0,,0,0,0.0,,,0,0,,,0,0,,0,0,0.0,0,,0,0,0,,,0.0,,0,0,0,0,0,0,,0,,318,,0,0,0.0,,,0,0,,,0,0,,0,0,0.0,0,,0,0,0,,,0.0,,0,0,0,0,0,0,,0,,,0,0,0.0,,,0,0,,,0,0,,0,0,0.0,0,,0,0,0,,,0.0,,0,0,0,0,0,0,,0,,,0,0,0.0,,,0,0,,,0,0,,0,0,0.0,0,,0,0,0,,,0.0,,0,0,0,0,0,0,,0,,,0,0,0.0,,,0,0,,,0,0,,0,0,0.0,0,,0,0,0,,,0.0,,0,0,0,0,0,0,,0,,,0,0,0.0,,,0,0,,,0,0,,0,0,0.0,0,,0,0,0,,,0.0,,0,0,0,0,0,0,,0,,0,,0,0,0.0,,,0,0,,,0,0,,0,0,0.0,0,,0,0,0,,,0.0,,0,0,0,0,0,0,,0,,,0,0,0.0,,,0,0,,,0,0,,0,0,0.0,0,,0,0,0,,,0.0,,0,0,0,0,0,0,,0,,,0,0,0.0,,,0,0,,,0,0,,0,0,0.0,0,,0,0,0,,,0.0,,0,0,0,0,0,0,,0,,,0,0,0.0,,,0,0,,,0,0,,0,0,0.0,0,,0,0,0,,,0.0,,0,0,0,0,0,0,,0,,0.0,1,1,100.0,4.0,1.5,0,0,0.0,0.0,0,0,,1,0,-0.33,0,55.6,0,0,1,0.0,,39.6,0.0,0,0,0,0,0,0,0.0,0,0.0
Dean Connors,156624,HB,HOUSTON,1,0,1,,0,0,,,,0,0,,,0,0,,0,0,0.0,0,,0,0,0,,,0.0,,0,0,0,0,0,0,,0,,,0,0,,,,0,0,,,0,0,,0,0,0.0,0,,0,0,0,,,0.0,,0,0,0,0,0,0,,0,,,0,0,,,,0,0,,,0,0,,0,0,0.0,0,,0,0,0,,,0.0,,0,0,0,0,0,0,,0,,,0,0,,,,0,0,,,0,0,,0,0,0.0,0,,0,0,0,,,0.0,,0,0,0,0,0,0,,0,,,0,0,,,,0,0,,,0,0,,0,0,0.0,0,,0,0,0,,,0.0,,0,0,0,0,0,0,,0,,0,,0,0,,,,0,0,,,0,0,,0,0,0.0,0,,0,0,0,,,0.0,,0,0,0,0,0,0,,0,,182,,0,0,,,,0,0,,,0,0,,0,0,0.0,0,,0,0,0,,,0.0,,0,0,0,0,0,0,,0,,,0,0,,,,0,0,,,0,0,,0,0,0.0,0,,0,0,0,,,0.0,,0,0,0,0,0,0,,0,,,0,0,,,,0,0,,,0,0,,0,0,0.0,0,,0,0,0,,,0.0,,0,0,0,0,0,0,,0,,,0,0,,,,0,0,,,0,0,,0,0,0.0,0,,0,0,0,,,0.0,,0,0,0,0,0,0,,0,,,0,0,,,,0,0,,,0,0,,0,0,0.0,0,,0,0,0,,,0.0,,0,0,0,0,0,0,,0,,0,,0,0,,,,0,0,,,0,0,,0,0,0.0,0,,0,0,0,,,0.0,,0,0,0,0,0,0,,0,,,0,0,,,,0,0,,,0,0,,0,0,0.0,0,,0,0,0,,,0.0,,0,0,0,0,0,0,,0,,,0,0,,,,0,0,,,0,0,,0,0,0.0,0,,0,0,0,,,0.0,,0,0,0,0,0,0,,0,,,0,0,,,,0,0,,,0,0,,0,0,0.0,0,,0,0,0,,,0.0,,0,0,0,0,0,0,,0,,,0,0,,,,0,0,,,0,0,,0,0,0.0,0,,0,0,0,,,0.0,,0,0,0,0,0,0,,0,
