player,player_id,position,team_name,player_game_count,block_percent,declined_penalties,franchise_id,grades_offense,grades_pass_block,grades_run_block,hits_allowed,hurries_allowed,non_spike_pass_block,non_spike_pass_block_percentage,pass_block_percent,pbe,penalties,pressures_allowed,sacks_allowed,snap_counts_block,snap_counts_ce,snap_counts_lg,snap_counts_lt,snap_counts_offense,snap_counts_pass_block,snap_counts_pass_play,snap_counts_rg,snap_counts_rt,snap_counts_run_block,snap_counts_te
Fabbians Ebbele,9924,T,ARIZONA,14,100.0,1,109,81.6,81.5,78.4,4,12,636,100.0,100.0,98.4,6,18,2,1145,0,0,0,1145,677,677,0,1145,468,0
Logan Dietz,46303,T,BOWL GREEN,14,100.0,0,122,73.3,71.9,74.9,1,22,602,100.0,100.0,97.4,8,27,4,1128,0,0,0,1128,636,636,0,1127,492,0
Alex Huettel,17236,G,BOWL GREEN,14,100.0,1,122,74.9,81.4,75.0,0,9,602,100.0,100.0,98.9,8,11,2,1128,0,0,0,1128,636,636,1128,0,492,0
Sean Rubalcava,13554,G,FRESNO ST,14,100.0,1,169,81.4,84.4,81.3,1,11,607,100.0,100.0,98.4,4,16,4,1122,0,1105,0,1122,637,637,17,0,485,0
Justin Northern,38831,T,FRESNO ST,14,100.0,0,169,68.6,62.4,71.3,8,28,607,100.0,100.0,95.4,6,46,10,1122,0,0,0,1122,637,637,0,1115,485,7
Steven Gurrola,13189,C,ARIZONA,14,100.0,0,109,76.1,91.2,69.8,0,5,618,100.0,100.0,99.4,3,6,1,1113,1113,0,0,1113,659,659,0,0,454,0
Alex Fifita,11040,T,FRESNO ST,14,100.0,0,169,83.8,79.2,81.1,7,17,604,100.0,100.0,97.4,0,28,4,1113,0,0,1103,1113,634,634,0,0,479,10
Bo Bonnheim,17345,C,FRESNO ST,14,100.0,0,169,87.2,84.7,89.2,2,13,603,100.0,100.0,98.3,4,18,3,1111,1111,0,0,1111,633,633,0,0,478,0
Cody Wichmann,9648,G,FRESNO ST,14,100.0,0,169,91.2,88.7,91.4,2,6,603,100.0,100.0,99.0,2,10,2,1111,0,6,0,1111,633,633,1105,0,478,0
Adam Pankey,12114,T,W VIRGINIA,13,100.0,0,343,57.8,69.6,53.6,5,34,578,100.0,100.0,95.9,8,43,4,1110,0,0,1110,1110,611,611,0,0,499,0
Tyler Orlosky,12256,C,W VIRGINIA,13,99.9,0,343,76.1,91.8,70.3,2,2,578,100.0,100.0,99.7,3,4,0,1106,1107,0,0,1107,610,610,0,0,496,0
Mickey Baucus,9811,T,ARIZONA,14,100.0,1,109,66.8,80.2,63.7,2,12,600,100.0,100.0,97.8,7,20,6,1105,0,0,1105,1105,639,639,0,0,466,0
Mark Glowinski,9567,G,W VIRGINIA,13,100.0,0,343,77.1,75.7,75.0,1,18,575,100.0,100.0,98.0,3,21,2,1103,0,0,0,1103,607,607,1103,0,496,0
Kyle Fuller,11998,C,BAYLOR,13,100.0,1,118,68.5,80.6,66.6,0,5,540,100.0,100.0,99.0,11,8,3,1087,1087,0,0,1087,569,569,0,0,518,0
Ike Harris,51606,T,E CAROLINA,13,100.0,1,156,65.4,79.5,60.2,7,24,683,100.0,100.0,97.1,7,35,4,1084,0,0,1082,1084,723,723,0,2,361,0
Marquis Lucas,10970,T,W VIRGINIA,13,100.0,2,343,69.1,82.2,58.7,1,18,556,100.0,100.0,97.6,7,23,4,1077,0,0,0,1077,588,588,0,1077,489,0
Tim McAuliffe,45569,C,BOWL GREEN,14,100.0,1,122,80.2,82.1,81.2,3,7,572,100.0,100.0,99.0,8,11,1,1070,1070,0,0,1070,604,604,0,0,466,0
Quincy McKinney,17959,G,E CAROLINA,13,100.0,0,156,83.0,79.0,86.2,5,17,670,100.0,100.0,98.4,7,22,0,1067,0,1067,0,1067,709,709,0,0,358,0
Taylor Hudson,14218,C,E CAROLINA,13,100.0,2,156,71.9,74.3,73.5,6,18,677,100.0,100.0,97.9,15,26,2,1065,1065,0,0,1065,716,716,0,0,349,0
Billy Price,46795,G,OHIO STATE,15,100.0,0,260,69.9,51.4,74.6,5,21,488,100.0,100.0,95.9,5,33,7,1061,42,859,0,1061,503,503,160,0,558,0
Jacob Bennett,21772,T,BOWL GREEN,14,100.0,0,122,74.3,78.8,69.9,1,20,565,100.0,100.0,97.3,4,26,5,1060,0,0,1060,1060,595,595,0,0,465,0
Marcus Henry,11228,C,BOISE ST,14,100.0,0,120,73.4,80.2,71.1,3,9,537,100.0,100.0,98.0,5,17,5,1059,1059,0,0,1059,559,559,0,0,500,0
Travis Averill,46117,G,BOISE ST,14,100.0,0,120,75.2,82.0,71.5,1,10,537,100.0,100.0,98.6,1,13,2,1059,0,1059,0,1059,559,559,0,0,500,0
Mario Yakoo,46895,G,BOISE ST,14,100.0,0,120,70.7,71.5,73.8,2,17,535,100.0,100.0,98.0,9,20,1,1055,0,0,0,1055,557,557,1055,0,498,0
Joe Dahl,10785,T,WASH STATE,12,100.0,0,341,79.5,89.9,68.3,2,19,823,100.0,100.0,98.1,8,26,5,1051,0,0,1051,1051,866,866,0,0,185,0
Spencer Drango,10802,T,BAYLOR,13,100.0,0,118,86.8,84.2,83.4,1,8,528,100.0,100.0,98.8,2,11,2,1050,0,0,1001,1050,556,556,0,1,494,48
Andrew Ness,16416,C,N ILLINOIS,14,100.0,0,254,88.0,81.6,87.4,1,5,435,100.0,100.0,99.3,1,6,0,1044,1044,0,0,1044,455,455,0,0,589,0
Gunnar Eklund,16712,G,WASH STATE,12,100.0,0,341,71.6,74.7,74.3,5,22,812,100.0,100.0,97.6,4,33,6,1040,0,1037,3,1040,855,855,0,0,185,0
Aidan Conlon,16489,G,N ILLINOIS,14,100.0,0,254,79.3,80.7,80.0,2,5,432,100.0,100.0,98.7,5,9,2,1034,0,1034,0,1034,451,451,0,0,583,0
Scott Quessenberry,23918,G,UCLA,13,100.0,0,324,71.8,78.4,69.0,1,15,530,100.0,100.0,98.1,4,18,2,1028,74,1,0,1028,561,561,953,0,467,0
Quinton Spain,10110,G,W VIRGINIA,12,100.0,1,343,68.3,79.0,63.5,2,7,535,100.0,100.0,98.8,4,11,2,1027,0,1027,0,1027,566,566,0,0,461,0
Caleb Benenoch,10782,T,UCLA,13,100.0,3,324,62.8,78.9,58.4,5,18,531,100.0,100.0,96.9,13,28,5,1027,0,0,0,1027,562,562,0,1026,465,0
Stephane Nembot,11097,T,COLORADO,12,100.0,0,143,76.2,81.3,72.5,1,16,590,100.0,100.0,98.1,10,20,3,1026,0,0,0,1026,622,622,0,1024,404,1
Alex Kelley,21950,C,COLORADO,12,100.0,0,143,66.4,80.8,60.5,3,11,590,100.0,100.0,98.6,4,15,1,1026,1026,0,0,1026,622,622,0,0,404,0
Eduardo Middleton,46652,G,WASH STATE,12,100.0,0,341,74.7,86.9,69.8,3,12,799,100.0,100.0,98.7,3,18,3,1023,0,3,0,1023,842,842,1020,0,181,0
Ben Clarke,11176,T,HAWAII,13,100.0,0,180,75.5,71.0,76.8,3,14,542,100.0,100.0,97.5,3,22,5,1018,0,3,1015,1018,574,574,0,0,444,0
Taylor Decker,10650,T,OHIO STATE,15,100.0,0,260,88.6,77.8,90.1,2,13,475,100.0,100.0,97.6,6,19,4,1016,0,0,1014,1016,491,491,0,1,525,1
Micah Hatchie,9876,T,WASHINGTON,14,100.0,0,340,68.7,63.6,69.2,3,26,483,100.0,100.0,96.6,6,31,2,1016,0,0,993,1016,502,502,0,23,514,0
Chris Jasperse,9882,C,MARSHALL,14,100.0,0,214,88.1,87.1,91.8,1,5,519,100.0,100.0,99.2,14,7,1,1015,1015,0,0,1015,553,553,0,0,462,0
Hamani Stevens,14988,G,OREGON,15,100.0,0,264,70.3,75.7,69.2,2,11,498,100.0,100.0,98.3,5,15,2,1013,214,799,0,1013,523,523,0,0,490,0
Daniel Munyer,10174,G,COLORADO,12,100.0,1,143,74.7,87.4,71.4,1,13,582,100.0,100.0,98.5,5,16,2,1013,0,0,0,1013,614,614,1013,0,399,0
Sean Shigematsu,14410,T,HAWAII,13,100.0,0,180,64.0,70.8,63.1,3,9,537,100.0,100.0,97.6,7,19,7,1011,0,0,0,1011,569,569,0,1011,442,0
Forrest Lamp,11793,T,W KENTUCKY,13,100.0,0,346,90.0,92.6,83.3,1,8,593,100.0,100.0,98.9,2,11,2,1010,0,0,1010,1010,611,611,0,0,399,0
Jacoby Boren,19278,C,OHIO STATE,15,100.0,0,260,79.3,77.7,78.2,0,15,467,100.0,100.0,97.8,1,18,3,1009,1009,0,0,1009,482,482,0,0,527,0
Clint Van Horn,12228,T,MARSHALL,14,100.0,0,214,91.8,86.1,92.0,1,3,514,100.0,100.0,99.2,8,6,2,1005,0,0,0,1005,548,548,0,1005,457,0
Jordan Rigsbee,11381,T,CAL,12,99.9,0,130,61.9,68.8,60.2,6,25,579,99.8,99.8,97.0,7,33,2,1004,0,0,0,1005,618,619,0,971,386,10
Darryl Baldwin,9857,T,OHIO STATE,15,100.0,0,260,66.7,71.0,61.0,6,17,470,100.0,100.0,97.1,0,25,2,1002,0,0,16,1002,485,485,0,982,517,4
Alan Wright,14023,G,ARK STATE,13,100.0,0,113,67.2,76.4,66.8,0,17,505,100.0,100.0,98.1,7,18,1,1002,0,0,0,1002,531,531,1002,0,471,0
Brandon Ray,46079,G,W KENTUCKY,13,100.0,0,346,80.9,83.8,81.6,3,5,591,100.0,100.0,98.6,4,12,4,1001,12,989,0,1001,609,609,0,0,392,0
Steven Moore,12296,T,CAL,12,100.0,1,130,63.9,52.2,75.9,8,28,577,100.0,100.0,95.7,9,43,7,1001,0,0,988,1001,616,616,0,0,385,12
Pat Elflein,11825,G,OHIO STATE,15,100.0,0,260,82.3,73.8,84.9,1,10,472,100.0,100.0,98.0,4,15,4,1000,47,153,0,1000,488,488,800,0,512,0
Andrew Oberg,16750,T,UNLV,13,100.0,0,325,72.3,80.6,64.4,3,18,603,100.0,100.0,97.9,6,23,2,999,0,0,0,999,635,635,1,998,364,0
Tyler Greve,14018,C,ARK STATE,13,100.0,1,113,69.3,71.1,69.9,2,15,497,100.0,100.0,97.7,7,20,3,998,998,0,0,998,524,524,0,0,474,0
Robert Lisowski,15367,G,TOLEDO,13,100.0,0,316,85.0,74.9,88.9,3,8,432,100.0,100.0,98.5,4,12,1,995,0,0,0,995,455,455,995,0,540,0
A.J. Ruechel,17720,T,AIR FORCE,13,100.0,1,101,73.9,79.5,73.0,0,2,217,100.0,100.0,99.1,5,3,1,994,0,0,0,994,233,233,295,697,761,2
Colin Tanigawa,37820,C,WASHINGTON,14,100.0,0,340,70.8,74.2,70.7,3,8,468,100.0,100.0,98.4,6,13,2,993,790,0,0,993,487,487,202,0,506,0
Robert Waterman,13008,C,UNLV,13,100.0,0,325,73.7,87.7,66.4,2,6,600,100.0,100.0,98.8,4,11,3,993,993,0,0,993,632,632,0,0,361,0
Laurence Gibson,9676,T,VA TECH,13,100.0,1,337,79.6,72.0,81.7,6,24,516,100.0,100.0,96.9,6,31,1,990,0,0,988,990,547,547,0,0,443,1
Kyle Roberts,9795,T,NEVADA,13,100.0,0,239,73.6,64.9,77.9,1,19,456,100.0,100.0,96.5,5,26,6,988,0,0,0,988,475,475,0,988,513,0
Michael Husar Jr.,13842,C,AIR FORCE,13,100.0,0,101,73.5,67.3,72.4,0,5,217,100.0,100.0,98.4,1,6,1,985,529,0,0,985,233,233,456,0,752,0
Joey Hunt,10849,C,TCU,13,100.0,0,305,82.3,90.2,80.3,1,5,569,100.0,100.0,99.3,3,7,1,984,983,1,0,984,595,595,0,0,389,0
Blake Muir,11276,G,BAYLOR,12,100.0,0,118,75.2,90.8,71.2,0,3,473,100.0,100.0,99.5,3,4,1,982,0,980,0,982,495,495,0,2,487,0
Chris Adcock,14263,C,CAL,12,100.0,0,130,68.4,69.8,66.7,5,17,572,100.0,100.0,97.6,3,25,3,981,981,0,0,981,610,610,0,0,371,0
Matt Galas,14850,C,NEVADA,13,100.0,1,239,81.5,90.7,78.7,0,2,453,100.0,100.0,99.8,5,2,0,981,981,0,0,981,472,472,0,0,509,0
Jemar Clark,46261,T,ARK STATE,13,100.0,0,113,60.5,72.3,58.2,8,12,502,100.0,100.0,97.2,12,24,4,978,0,0,963,978,529,529,0,15,449,0
Steven Baggett,46689,T,BOISE ST,13,100.0,1,120,72.1,67.5,72.5,6,18,498,100.0,100.0,96.6,4,29,5,976,0,0,0,976,519,519,0,960,457,15
Jamil Douglas,9547,T,ARIZONA ST,13,100.0,0,110,78.7,70.5,79.4,3,21,515,100.0,100.0,96.3,3,31,7,976,0,0,963,976,546,546,0,2,430,10
Toa Lobendahn,45551,G,USC,13,100.0,1,326,60.4,57.7,62.4,5,19,495,100.0,100.0,96.6,6,29,5,975,0,594,381,975,516,516,0,0,459,0
Vi Teofilo,11397,G,ARIZONA ST,13,100.0,0,110,78.3,78.7,77.1,4,12,515,100.0,100.0,98.1,4,18,2,975,0,1,0,975,546,546,974,0,429,0
Jeff Myers,15453,G,TOLEDO,13,100.0,1,316,83.3,74.1,84.6,2,11,419,100.0,100.0,97.5,6,17,4,975,0,969,0,975,442,442,0,0,533,3
Mitch Morse,9482,T,MISSOURI,14,100.0,3,229,70.9,79.9,67.5,6,11,483,100.0,100.0,98.0,8,18,1,974,0,0,974,974,512,512,0,0,462,0
Evan Boehm,10762,C,MISSOURI,14,100.0,1,229,87.5,83.2,90.2,0,8,483,100.0,100.0,99.2,3,8,0,974,974,0,0,974,512,512,0,0,462,0
Tyler Sulka,12910,T,ARIZONA ST,13,100.0,0,110,66.2,66.9,67.4,3,24,513,100.0,100.0,96.4,4,32,5,973,0,0,1,973,544,544,0,971,429,1
Chase Nelson,15549,T,TOLEDO,13,100.0,0,316,82.5,85.4,76.0,3,3,416,100.0,100.0,99.0,4,7,1,972,0,0,0,972,439,439,0,972,533,0
Al Bond,9750,T,MEMPHIS,13,100.0,0,218,71.0,72.5,66.7,1,17,453,100.0,100.0,97.4,2,21,3,972,0,0,0,972,469,469,0,968,503,4
Chris Wallace,21678,G,TULSA,12,100.0,0,320,71.1,78.9,69.3,2,8,520,100.0,100.0,98.3,3,14,4,972,0,970,0,972,550,550,2,0,422,0
Max Tuerk,10700,C,USC,13,100.0,2,326,73.5,69.2,75.0,3,11,497,100.0,100.0,98.0,8,17,3,970,970,0,0,970,518,518,0,0,452,0
Garrett Stafford,16803,T,TULSA,12,100.0,0,320,72.3,77.8,66.1,4,14,518,100.0,100.0,97.7,2,21,3,970,0,2,968,970,548,548,0,0,422,0
Derrick Stark,13235,C,W KENTUCKY,13,100.0,1,346,73.2,83.3,67.9,2,8,572,100.0,100.0,98.8,4,12,2,968,716,0,0,968,589,589,252,0,379,0
Tre Jackson,9544,G,FLORIDA ST,14,100.0,1,167,77.1,79.4,77.9,3,13,556,100.0,100.0,98.4,5,17,1,968,0,0,0,968,579,579,968,0,389,0
Cameron Erving,9452,T,FLORIDA ST,14,100.0,0,167,80.0,83.9,81.0,2,17,556,100.0,100.0,97.4,7,24,5,968,347,0,621,968,579,579,0,0,389,0
Bobby Hart,9659,T,FLORIDA ST,14,100.0,0,167,81.2,79.2,82.1,2,23,556,100.0,100.0,97.6,8,26,1,968,0,0,0,968,579,579,0,968,389,0
Josue Matias,10104,G,FLORIDA ST,14,100.0,0,167,79.8,88.7,83.0,1,14,556,100.0,100.0,98.7,10,15,0,967,0,967,0,967,579,579,0,0,388,0
Steve Elmer,23402,G,NOTRE DAME,13,100.0,0,258,65.7,58.1,69.9,7,20,540,100.0,100.0,97.1,4,29,2,966,0,0,0,966,565,565,764,202,401,0
Shaq Mason,9564,G,GA TECH,14,100.0,0,176,91.4,72.4,90.3,1,3,227,100.0,100.0,98.7,1,5,1,966,0,0,0,966,242,242,966,0,724,0
Nick Martin,10684,G,NOTRE DAME,13,100.0,0,258,77.5,86.5,75.7,1,9,540,100.0,100.0,98.7,5,12,2,966,202,764,0,966,565,565,0,0,401,0
Alejandro Crosthwaite,38361,G,CAL,12,100.0,2,130,64.1,68.6,64.2,5,19,558,100.0,100.0,97.3,10,27,3,966,0,0,0,966,596,596,966,0,370,0
Andrew Nelson,45323,T,PENN STATE,13,99.9,0,266,57.6,60.6,59.5,6,20,571,99.8,99.8,97.2,8,29,3,965,0,0,212,966,598,599,0,750,367,1
Dallas Lewallen,15582,G,WISCONSIN,14,100.0,1,349,78.6,78.0,77.4,1,7,347,100.0,100.0,98.6,5,9,1,964,155,806,0,964,363,363,0,3,601,0
Rob Havenstein,9490,T,WISCONSIN,14,100.0,1,349,84.4,80.7,80.4,4,12,351,100.0,100.0,97.4,1,17,1,963,0,0,3,963,367,367,0,959,596,1
Kyler Kerbyson,11457,T,TENNESSEE,13,100.0,1,307,63.6,63.9,64.5,4,20,515,100.0,100.0,96.7,5,29,5,963,0,85,708,963,534,534,1,169,429,0
Ronnie Stanley,10640,T,NOTRE DAME,13,99.9,0,258,83.0,85.2,78.3,2,15,538,99.8,99.8,98.4,4,17,0,963,0,0,964,964,563,564,0,0,400,0
Andrew Donnal,9552,T,IOWA,13,100.0,0,192,84.7,80.9,82.1,6,20,494,100.0,100.0,97.2,2,27,1,962,0,0,0,962,516,516,0,962,446,0
Austin Blythe,10882,G,IOWA,13,100.0,1,192,83.8,82.0,84.0,5,7,494,100.0,100.0,98.4,4,14,2,962,385,451,0,962,516,516,126,0,446,0
Tyler Marz,11329,T,WISCONSIN,14,100.0,1,349,76.1,63.5,76.2,6,12,351,100.0,100.0,96.6,3,21,3,962,0,1,961,962,367,367,0,0,595,0
Angelo Mangiro,17322,C,PENN STATE,13,100.0,2,266,66.5,79.7,64.5,3,9,571,100.0,100.0,98.6,11,14,2,962,730,23,0,962,598,598,18,190,364,0
Connor McGovern,10778,G,MISSOURI,14,100.0,0,229,73.7,74.7,74.2,3,13,478,100.0,100.0,98.1,4,17,1,962,0,0,0,962,507,507,637,325,455,0
Halapoulivaati Vaitai,10798,T,TCU,13,100.0,0,305,78.9,78.2,78.8,1,12,558,100.0,100.0,98.3,5,16,3,962,0,0,188,962,583,583,0,768,379,2
Jay Robertson,46072,G,TENNESSEE,13,100.0,1,307,60.9,58.0,60.5,4,20,515,100.0,100.0,97.1,6,27,3,961,0,0,0,961,534,534,961,0,427,0
Joe Scelfo,38308,C,S ALABAMA,13,100.0,0,288,86.1,86.9,85.0,2,6,466,100.0,100.0,98.7,3,10,2,960,960,0,0,960,488,488,0,0,472,0
Jack Conklin,10642,T,MICH STATE,13,100.0,0,223,91.4,84.1,90.2,1,8,413,100.0,100.0,98.2,2,12,3,958,0,0,937,958,433,433,0,0,525,21
Jared Kaster,19437,C,TEXAS TECH,12,100.0,0,315,70.9,74.1,73.0,3,15,585,100.0,100.0,98.5,9,18,0,958,958,0,0,958,625,625,0,0,333,0
Victor Salako,46319,T,UAB,12,100.0,0,321,73.5,72.2,70.9,3,8,388,100.0,100.0,97.8,4,14,3,958,0,0,955,958,407,407,0,0,551,2
Le'Raven Clark,10716,T,TEXAS TECH,12,100.0,1,315,75.7,73.2,71.8,2,23,585,100.0,100.0,97.5,3,27,2,958,0,0,952,958,625,625,0,0,333,5
Ben Steward,46128,G,BOWL GREEN,14,100.0,0,122,79.5,77.5,79.5,3,8,512,100.0,100.0,98.1,3,15,4,957,0,957,0,957,542,542,0,0,415,0
Jake Brendel,11117,C,UCLA,12,100.0,1,324,78.9,86.0,75.9,1,7,489,100.0,100.0,99.0,4,9,1,957,957,0,0,957,518,518,0,0,439,0
Roscoe Byrd,17461,G,UAB,12,100.0,0,321,81.6,84.3,82.1,2,7,388,100.0,100.0,98.6,5,10,1,957,0,956,0,957,407,407,0,0,550,1
Paul Jorgensen,14957,T,NWESTERN,12,100.0,0,256,65.7,71.9,57.4,7,16,510,100.0,100.0,96.4,1,30,7,956,0,1,955,956,536,536,0,0,420,0
John Ferranto,23882,T,N CAROLINA,13,99.9,0,245,64.8,59.1,64.8,6,30,537,100.0,99.8,95.0,2,45,9,954,0,0,950,955,560,561,0,0,394,5
Kyle Costigan,38394,G,WISCONSIN,14,100.0,0,349,91.4,69.3,92.4,2,14,346,100.0,100.0,97.1,5,18,2,953,0,0,0,953,362,362,952,1,591,0
Brandon Vitabile,9713,C,NWESTERN,12,100.0,0,256,81.0,78.8,79.8,1,11,510,100.0,100.0,98.2,1,15,3,953,953,0,0,953,536,536,0,0,417,0
Jacob Alsadek,46691,G,ARIZONA,12,100.0,0,109,67.1,76.0,65.2,1,9,537,100.0,100.0,98.7,3,12,2,953,0,0,0,953,570,570,953,0,383,0
Hayden Naumann,17334,T,UAB,12,100.0,1,321,57.7,60.6,55.9,6,17,387,100.0,100.0,96.5,4,25,2,951,0,1,1,951,406,406,0,949,545,0
Arie Kouandjio,9545,G,ALABAMA,14,100.0,0,103,86.9,90.3,88.1,3,3,477,100.0,100.0,99.4,4,6,0,950,0,950,0,950,491,491,0,0,459,0
Brandon Scherff,9438,T,IOWA,13,100.0,0,192,90.1,77.4,91.1,9,14,483,100.0,100.0,97.4,3,24,1,950,0,0,950,950,505,505,0,0,445,0
Matt Frazier,18906,G,NWESTERN,12,100.0,1,256,75.2,61.8,79.1,2,24,507,100.0,100.0,97.2,2,27,1,949,0,0,0,949,532,532,949,0,417,0
Brandon Shell,10792,T,S CAROLINA,13,100.0,0,289,78.6,78.2,76.4,8,11,495,100.0,100.0,97.5,6,22,3,948,0,0,0,948,519,519,0,945,429,1
Brady Foltz,19348,G,TCU,13,100.0,1,305,76.9,85.6,77.8,3,9,550,100.0,100.0,98.9,6,12,0,947,1,47,0,947,575,575,899,0,372,0
A.J. Cann,9500,G,S CAROLINA,13,100.0,1,289,81.9,78.4,82.1,3,15,494,100.0,100.0,98.0,1,19,1,946,0,946,0,946,518,518,0,0,428,0
Melvin Meggs,10176,G,S ALABAMA,13,100.0,0,288,78.0,68.8,79.2,2,14,459,100.0,100.0,98.0,3,17,1,945,2,1,114,945,481,481,820,7,464,1
Ty Darlington,19111,C,OKLAHOMA,13,100.0,0,261,70.4,63.8,69.4,4,13,407,100.0,100.0,97.7,0,18,1,945,945,0,0,945,426,426,0,0,519,0
Alex Cooper,11105,T,HOUSTON,13,100.0,1,182,73.5,79.1,66.3,1,15,542,100.0,100.0,98.0,3,19,3,944,0,0,0,944,569,569,0,943,375,1
Rowdy Harper,13343,G,HOUSTON,13,100.0,0,182,71.5,79.1,72.5,1,17,542,100.0,100.0,98.2,7,19,1,944,1,0,0,944,569,569,943,0,375,0
Bryce Redman,13342,C,HOUSTON,13,100.0,0,182,82.7,88.0,81.8,0,6,541,100.0,100.0,98.9,4,9,3,944,944,0,0,944,568,568,0,0,376,0
Blaine Clausell,9860,T,MISS STATE,13,99.9,0,227,65.2,66.8,67.0,5,13,454,100.0,99.8,96.3,6,26,8,944,0,0,944,945,471,472,0,0,473,1
Torrian Wilson,9760,T,UCF,13,100.0,0,323,79.9,74.9,83.2,7,16,479,100.0,100.0,97.2,7,25,2,942,0,0,941,942,509,509,0,0,433,0
Ben Beckwith,10122,G,MISS STATE,13,100.0,0,227,72.4,72.0,74.9,4,13,453,100.0,100.0,98.1,6,17,0,942,80,67,0,942,471,471,795,0,471,0
Eric Lefeld,9770,T,CINCINNATI,13,99.9,1,138,76.8,82.3,70.8,2,9,523,99.8,99.8,98.0,4,16,5,942,0,0,942,943,551,552,0,0,391,0
Houston Clemente,16723,T,NEW MEX ST,12,100.0,1,242,56.5,68.8,49.9,2,18,480,100.0,100.0,97.5,4,22,2,942,0,0,942,942,499,499,0,0,443,0
Austin Corbett,46290,T,NEVADA,13,100.0,0,239,71.8,76.8,66.6,3,12,444,100.0,100.0,97.9,3,17,2,940,0,0,940,940,462,462,0,0,478,0
Corey Robinson,9673,T,S CAROLINA,13,100.0,0,289,86.1,80.3,86.5,3,9,493,100.0,100.0,98.0,4,16,4,940,0,0,939,940,517,517,0,0,423,1
Brett Boyko,9742,T,UNLV,13,100.0,1,325,89.2,89.0,88.8,2,13,571,100.0,100.0,98.0,5,19,4,940,0,355,584,940,602,602,0,0,338,1
Austin Shepherd,9661,T,ALABAMA,14,100.0,0,103,84.4,85.3,78.0,0,11,472,100.0,100.0,98.6,0,12,1,939,0,0,49,939,486,486,0,888,453,2
Chris Grisbhy,15010,G,OKLA STATE,13,100.0,1,262,74.7,76.3,74.5,3,11,467,100.0,100.0,98.3,4,15,1,936,0,882,0,936,496,496,0,54,440,0
Justin Senior,11965,T,MISS STATE,13,100.0,0,227,63.2,62.9,63.3,6,16,447,100.0,100.0,97.5,4,22,0,936,0,0,1,936,464,464,0,935,472,0
Andrew Reue,19208,G,RICE,13,100.0,0,275,84.4,85.9,82.9,1,9,408,100.0,100.0,98.5,2,11,1,935,12,0,16,935,425,425,852,55,510,0
Caleb Williams,19140,T,RICE,13,100.0,0,275,86.6,87.3,87.0,1,3,408,100.0,100.0,99.0,5,6,2,934,0,0,153,934,425,425,50,731,509,0
Matt Rotheram,9933,G,PITTSBURGH,13,100.0,0,268,92.1,83.1,92.2,3,7,354,100.0,100.0,98.3,4,11,1,934,0,0,0,934,373,373,934,0,561,0
Ian Gray,15158,T,RICE,13,100.0,1,275,71.9,72.5,68.7,4,13,408,100.0,100.0,96.4,3,23,6,933,68,0,780,933,425,425,0,85,508,0
Tyler Loos,9720,T,N ILLINOIS,14,100.0,0,254,71.4,80.2,65.5,4,6,388,100.0,100.0,98.5,2,11,1,927,0,0,927,927,406,406,0,0,521,0
T.J. Clemmings,9543,T,PITTSBURGH,13,100.0,0,268,84.3,84.1,84.0,3,4,354,100.0,100.0,98.2,9,10,3,926,0,0,0,926,373,373,0,926,553,0
Mike Marboe,13648,C,IDAHO,11,100.0,0,185,63.9,68.7,60.8,4,16,530,100.0,100.0,97.7,4,22,2,924,924,0,0,924,569,569,0,0,355,0
J.T. Boyd,45582,G,E CAROLINA,13,100.0,1,156,70.4,74.5,73.1,3,17,583,100.0,100.0,97.4,7,25,5,924,0,23,0,924,609,609,901,0,315,0
Avery Young,11239,T,AUBURN,13,100.0,0,115,72.2,76.9,67.8,0,14,349,100.0,100.0,97.7,1,15,1,923,0,178,0,923,365,365,202,543,558,0
Reese Dismukes,9874,C,AUBURN,13,100.0,0,115,85.3,89.5,82.3,0,6,349,100.0,100.0,98.9,1,7,1,923,923,0,0,923,365,365,0,0,558,0
Matt Skura,11102,C,DUKE,13,100.0,0,154,77.6,86.6,77.3,0,8,480,100.0,100.0,98.7,7,10,2,923,923,0,0,923,495,495,0,0,428,0
Chad Slade,10024,G,AUBURN,13,100.0,0,115,74.2,78.5,71.3,2,8,349,100.0,100.0,98.6,2,10,0,923,0,203,0,923,365,365,720,0,558,0
Nico Carlson,15157,G,RICE,13,100.0,0,275,74.4,86.9,70.7,1,3,404,100.0,100.0,99.3,3,5,1,923,0,923,0,923,421,421,0,0,502,0
Chris Borrayo,46019,G,CAL,11,99.9,0,130,76.2,85.0,73.2,4,6,529,99.8,99.8,98.9,4,11,1,923,0,914,0,924,563,564,0,0,360,0
Takoby Cofield,9973,T,DUKE,13,100.0,0,154,80.6,82.6,73.3,3,13,480,100.0,100.0,98.1,2,17,1,923,0,0,923,923,495,495,0,0,428,0
Shon Coleman,10710,T,AUBURN,13,99.9,1,115,77.0,79.0,74.4,1,12,349,100.0,99.7,97.9,9,14,1,922,0,0,892,923,364,365,0,0,558,30
Jamelle Naff,19343,G,TCU,13,100.0,0,305,67.1,80.8,62.8,1,12,531,100.0,100.0,98.6,5,14,1,921,0,920,1,921,555,555,0,0,366,0
Austin Stephens,24208,C,UTAH ST,14,100.0,0,329,70.7,82.5,65.1,1,9,439,100.0,100.0,98.4,2,12,2,921,921,0,0,921,466,466,0,0,455,0
Ryan Melton,46369,T,TEXAS ST,12,100.0,0,314,82.2,76.4,82.4,0,11,413,100.0,100.0,97.7,6,15,4,919,0,0,432,919,434,434,0,485,485,2
J.J. Dielman,11931,T,UTAH,13,100.0,0,328,86.3,83.5,84.8,2,9,442,100.0,100.0,98.3,4,13,2,919,0,0,7,919,459,459,0,912,460,0
Laken Tomlinson,9461,G,DUKE,13,100.0,0,154,88.5,91.6,89.4,0,4,477,100.0,100.0,99.6,4,4,0,918,0,0,0,918,492,492,918,0,426,0
Kevin Henry,12509,T,C MICHIGAN,13,100.0,1,134,72.0,77.9,65.4,2,11,424,100.0,100.0,97.5,2,17,4,917,0,0,2,917,446,446,0,915,471,0
Ramadan Ahmeti,16580,T,C MICHIGAN,13,100.0,0,134,76.1,84.9,73.8,1,11,424,100.0,100.0,97.4,9,17,5,917,0,0,914,917,446,446,0,0,471,3
Nick Beamish,16436,C,C MICHIGAN,13,100.0,0,134,74.3,81.2,70.4,4,6,424,100.0,100.0,98.6,3,11,1,917,917,0,0,917,446,446,0,0,471,0
Andy Phillips,10114,G,C MICHIGAN,13,100.0,0,134,87.4,89.5,85.4,1,5,424,100.0,100.0,99.1,2,7,1,917,0,916,0,917,446,446,1,0,471,0
Matt Simonette,15159,C,RICE,13,100.0,0,275,75.5,82.5,74.5,0,9,398,100.0,100.0,98.4,4,11,2,917,849,0,0,917,415,415,0,68,502,0
Isaiah Folasa-Lutui,16794,G,NEW MEX ST,12,100.0,0,242,72.0,74.6,71.0,1,9,469,100.0,100.0,98.9,4,10,0,917,0,917,0,917,487,487,0,0,430,0
Marcus Hutchins,19582,T,TEXAS,13,100.0,0,311,64.1,64.0,62.3,8,16,477,100.0,100.0,96.4,8,29,5,915,0,0,857,915,498,498,0,57,417,1
Chris May,20238,T,S ALABAMA,13,100.0,1,288,71.7,66.2,70.5,2,22,434,100.0,100.0,95.4,3,32,8,914,0,0,0,914,456,456,0,909,458,5
Adrian Bellard,11367,T,TEXAS ST,12,100.0,0,314,78.4,77.9,74.3,1,6,410,100.0,100.0,98.2,3,11,4,914,0,0,485,914,431,431,0,429,483,0
Jamon Brown,9505,T,LOUISVILLE,13,100.0,0,210,83.9,80.6,84.3,3,15,484,100.0,100.0,97.7,2,20,2,914,0,0,464,914,497,497,0,440,417,10
Evan Sarver,46935,T,S JOSE ST,12,100.0,1,285,56.0,57.1,54.3,5,30,491,100.0,100.0,95.6,2,39,4,912,0,0,1,912,508,508,0,910,404,0
Alex Lewis,10764,T,NEBRASKA,13,100.0,0,238,72.4,76.4,71.7,4,15,379,100.0,100.0,97.5,12,19,0,912,0,0,912,912,402,402,0,0,510,0
John Miller,9514,G,LOUISVILLE,13,100.0,0,210,84.8,74.7,89.7,4,15,483,100.0,100.0,97.6,5,21,2,911,0,374,0,911,496,496,537,0,415,0
Jeremiah Poutasi,9499,T,UTAH,13,100.0,0,328,70.3,76.7,67.1,5,11,438,100.0,100.0,97.7,6,18,2,911,0,0,910,911,455,455,0,0,456,0
Wes Schweitzer,10829,T,S JOSE ST,12,99.9,0,285,74.6,72.6,75.7,7,12,490,99.8,99.8,97.4,9,22,3,911,0,0,908,912,507,508,0,0,404,2
Josh Hendershot,15550,T,TOLEDO,13,100.0,0,316,67.5,62.6,68.2,5,18,391,100.0,100.0,96.3,6,26,3,910,239,6,663,910,412,412,2,0,498,0
David Peterson,37703,C,S JOSE ST,12,100.0,0,285,82.7,87.5,83.3,0,2,491,100.0,100.0,99.4,7,4,2,910,910,0,0,910,508,508,0,0,402,0
Sedrick Flowers,19419,G,TEXAS,13,100.0,0,311,64.9,74.0,64.1,1,9,476,100.0,100.0,98.3,5,13,3,909,0,909,0,909,498,498,0,0,411,0
Kalon Davis,37759,T,CLEMSON,13,100.0,0,140,85.5,89.0,81.0,2,9,470,100.0,100.0,98.8,2,11,0,908,0,3,119,908,486,486,142,642,422,2
Elijah Wilkinson,46238,T,UMASS,12,100.0,1,216,74.2,59.2,83.4,4,32,534,100.0,100.0,95.9,4,40,4,907,0,0,47,907,561,561,0,856,346,3
Colton Jackson,46065,T,ARK STATE,13,100.0,0,113,87.2,90.7,82.9,1,7,456,100.0,100.0,98.9,5,9,1,907,0,0,0,907,479,479,0,891,428,16
David Wang,10150,C,VA TECH,13,100.0,1,337,74.2,68.0,78.6,1,19,479,100.0,100.0,96.9,6,25,5,902,451,417,0,902,509,509,23,0,393,10
Travis Switzer,12468,C,AKRON,12,100.0,1,102,75.9,83.8,75.8,1,8,583,100.0,100.0,99.1,6,10,1,900,900,0,0,900,611,611,0,0,289,0
Trevor Mendelson,14660,T,MARSHALL,13,100.0,0,214,76.1,81.4,73.1,2,13,461,100.0,100.0,97.7,5,18,3,900,0,0,900,900,492,492,0,0,408,0
Rob Crisp,9797,T,NC STATE,13,100.0,0,248,77.6,81.5,71.9,3,14,475,100.0,100.0,97.6,3,20,3,898,0,0,885,898,501,501,0,1,397,11
Cedric Ogbuehi,9454,T,TEXAS A&M,13,100.0,0,312,78.1,81.9,71.7,4,14,548,100.0,100.0,97.3,3,24,6,897,0,0,733,897,566,566,0,163,331,0
Nick Kelly,16773,C,ARIZONA ST,13,100.0,0,110,74.9,88.3,69.1,0,4,468,100.0,100.0,98.9,3,7,3,897,896,0,0,897,494,494,1,0,403,0
Ryan Brown,12571,T,N ILLINOIS,14,100.0,0,254,77.3,84.0,70.7,3,2,373,100.0,100.0,99.3,1,5,0,897,0,0,0,897,387,387,0,897,510,0
Daryl Williams,9535,T,OKLAHOMA,13,100.0,0,261,86.4,84.6,81.7,1,9,397,100.0,100.0,98.7,5,10,0,896,0,0,0,896,416,416,0,893,480,3
Tom Farniok,9894,C,IOWA STATE,12,100.0,1,193,77.1,84.3,72.5,3,6,546,100.0,100.0,99.0,2,10,1,896,896,0,0,896,574,574,0,0,322,0
Reshod Fortenberry,10155,T,TEXAS TECH,12,100.0,1,315,74.9,69.5,76.2,2,21,546,100.0,100.0,97.5,4,25,2,896,0,0,0,896,585,585,0,893,311,2
Jake Smith,9888,G,LOUISVILLE,13,100.0,1,210,66.7,77.2,65.2,3,9,470,100.0,100.0,97.9,6,16,4,895,72,485,0,895,483,483,338,0,412,0
Brey Cook,9725,T,ARKANSAS,13,100.0,3,111,67.5,53.1,72.6,4,22,383,100.0,100.0,95.6,6,30,4,895,0,0,0,895,398,398,0,892,497,3
B.J. Finney,9875,C,KANSAS ST,13,100.0,0,199,78.7,86.1,73.1,1,6,466,100.0,100.0,98.6,3,10,3,894,844,0,1,894,496,496,0,49,398,0
Parker Ehinger,10739,G,CINCINNATI,13,100.0,0,138,72.2,79.1,70.2,2,9,494,100.0,100.0,98.7,3,12,1,893,0,0,0,893,520,520,893,0,373,0
Freddie Burden,38071,C,GA TECH,14,100.0,0,176,60.9,78.7,58.2,0,2,213,100.0,100.0,99.5,2,2,0,893,893,0,0,893,226,226,0,0,667,0
Nathan Shienle,21886,C,TULANE,12,100.0,1,319,68.1,75.3,65.3,2,12,485,100.0,100.0,98.1,4,16,2,893,893,0,0,893,508,508,0,0,385,0
Sam Carlson,11324,T,COLO STATE,13,100.0,1,144,78.0,70.6,80.1,3,16,500,100.0,100.0,97.1,6,24,5,893,0,0,9,893,522,522,4,872,371,5
Terry Johnson,15287,C,LA LAFAYET,13,100.0,1,207,90.3,73.9,91.1,3,9,409,100.0,100.0,98.5,2,12,0,892,892,0,0,892,423,423,0,0,469,0
Tyrell Smith,19469,T,UMASS,12,100.0,0,216,75.8,64.9,80.2,5,31,524,100.0,100.0,96.0,2,39,3,892,0,0,697,892,552,552,0,0,340,193
Aaron Kramer,14156,G,BOSTON COL,13,100.0,0,121,61.7,50.4,63.8,2,14,295,100.0,100.0,95.6,6,21,5,892,0,0,0,892,315,315,888,4,577,0
Casey Blaser,46988,T,DUKE,13,100.0,0,154,76.0,67.6,76.3,5,22,464,100.0,100.0,96.7,1,29,2,892,0,0,0,892,479,479,0,892,413,0
Ben Dew,17124,G,HOUSTON,13,100.0,1,182,71.9,69.9,73.8,3,16,508,100.0,100.0,97.9,5,20,1,891,0,891,0,891,534,534,0,0,357,0
Matt Hegarty,18996,C,NOTRE DAME,13,100.0,0,258,72.5,79.7,68.4,4,11,495,100.0,100.0,98.3,3,16,1,890,764,6,0,890,518,518,120,0,372,0
Geoff Mogus,18912,G,NWESTERN,12,100.0,1,256,63.5,75.6,61.4,1,16,468,100.0,100.0,97.5,5,20,3,890,0,889,0,890,490,490,0,0,400,0
Tyrus Thompson,9618,T,OKLAHOMA,13,100.0,2,261,79.8,72.1,79.7,0,14,385,100.0,100.0,97.9,4,15,1,889,0,0,889,889,403,403,0,0,486,0
Chris Taylor,46071,G,TULANE,12,100.0,0,319,71.5,61.3,73.9,6,19,480,100.0,100.0,96.8,1,28,3,888,0,0,0,888,503,503,888,0,385,0
Ian Silberman,9623,T,BOSTON COL,13,100.0,1,121,65.9,60.7,65.5,3,10,294,100.0,100.0,96.8,3,16,3,888,0,0,15,888,314,314,0,829,574,43
Taylor Fallin,10932,T,MEMPHIS,13,100.0,1,218,66.0,52.8,73.6,7,18,418,100.0,100.0,96.5,11,27,2,888,0,0,885,888,433,433,0,0,455,3
Pearce Slater,10901,T,S DIEGO ST,13,100.0,0,284,81.2,66.8,82.1,4,21,385,100.0,100.0,96.5,2,26,1,888,0,0,0,888,398,398,0,888,490,0
Darrell Greene,11072,G,S DIEGO ST,13,100.0,2,284,72.3,80.3,70.3,2,9,385,100.0,100.0,98.6,4,11,0,888,0,0,0,888,398,398,888,0,490,0
Nico Siragusa,11877,G,S DIEGO ST,13,100.0,2,284,80.7,67.9,83.3,4,7,385,100.0,100.0,98.1,4,13,2,888,0,888,0,888,398,398,0,0,490,0
Terry Poole,9563,T,S DIEGO ST,13,100.0,0,284,83.1,80.7,81.2,4,9,385,100.0,100.0,97.5,4,16,3,887,0,0,885,887,398,398,0,0,489,2
Daniel Burton,22794,G,IOWA STATE,12,100.0,1,193,77.5,75.8,77.8,2,15,553,100.0,100.0,98.5,3,17,0,887,0,0,0,887,581,581,887,0,306,0
Sean Donnelly,9835,T,TULANE,12,100.0,3,319,88.2,78.5,91.1,5,12,481,100.0,100.0,97.8,13,19,2,887,0,0,14,887,504,504,0,873,383,0
Josh Mitchell,19044,C,OREGON ST,12,100.0,1,265,72.9,75.2,72.5,3,11,517,100.0,100.0,98.5,5,15,1,886,886,0,0,886,547,547,0,0,339,0
Tyson Chandler,9730,T,NC STATE,13,100.0,0,248,76.2,74.5,73.8,2,20,459,100.0,100.0,97.2,4,24,2,885,0,1,0,885,485,485,0,869,400,15
Cameron Tom,12227,C,SO MISS,12,99.8,0,296,66.7,75.3,60.2,1,9,540,100.0,100.0,98.3,0,14,4,885,887,0,0,887,563,563,0,0,322,0
Kaiwi Crabb,13204,G,COLORADO,11,100.0,1,143,67.9,79.6,62.4,6,10,513,100.0,100.0,98.1,2,18,2,885,0,800,85,885,540,540,0,0,345,0
Seth Betancourt,14158,T,BOSTON COL,13,100.0,1,121,73.6,79.5,69.7,3,7,288,100.0,100.0,97.9,4,11,1,885,0,65,741,885,308,308,0,14,577,65
Colton Hanson,21826,G,TULANE,12,100.0,0,319,76.5,72.9,77.8,5,19,477,100.0,100.0,97.5,2,24,0,885,0,885,0,885,500,500,0,0,385,0
Andy Gallik,9641,C,BOSTON COL,13,100.0,0,121,69.7,79.4,67.4,0,6,293,100.0,100.0,98.3,6,8,2,885,885,0,0,885,313,313,0,0,572,0
Jake Campos,39334,T,IOWA STATE,11,100.0,0,193,62.0,64.6,58.0,5,28,539,100.0,100.0,96.2,3,37,4,884,0,0,708,884,567,567,0,173,317,0
Drew Dearman,15956,G,S ALABAMA,12,100.0,0,288,80.1,80.6,82.3,2,9,432,100.0,100.0,98.5,7,12,1,883,0,882,0,883,452,452,1,0,431,0
Daniel Quave,9848,G,LA LAFAYET,13,100.0,0,207,80.6,68.0,84.1,4,16,407,100.0,100.0,97.3,3,21,1,883,0,0,0,883,421,421,883,0,462,0
Boston Stiverson,11128,G,KANSAS ST,13,100.0,0,199,82.1,88.7,82.5,0,7,459,100.0,100.0,99.2,5,7,0,882,0,882,0,882,488,488,0,0,394,0
Sean Harlow,11891,T,OREGON ST,12,100.0,2,265,64.6,74.5,62.8,3,16,513,100.0,100.0,96.4,11,28,9,881,0,0,514,881,542,542,0,367,339,0
Octravian Anderson,19502,T,LA LAFAYET,13,100.0,0,207,77.0,68.6,78.1,3,19,403,100.0,100.0,96.8,4,24,2,880,0,0,0,880,417,417,0,880,463,0
Cody Whitehair,10690,T,KANSAS ST,13,100.0,1,199,90.5,92.0,83.9,2,3,460,100.0,100.0,99.0,3,7,2,880,0,0,878,880,490,490,0,0,390,2
Eric Lee,19589,C,UTEP,13,100.0,0,330,72.9,76.4,74.0,4,5,326,100.0,100.0,98.6,2,9,0,879,879,0,0,879,346,346,0,0,533,0
Christian Westerman,10795,G,ARIZONA ST,12,100.0,0,110,72.3,82.7,68.2,4,7,465,100.0,100.0,98.6,1,12,1,879,1,878,0,879,493,493,0,0,386,0
Darius Johnson,11304,T,MIDDLE TN,12,100.0,1,224,90.5,79.4,91.7,1,15,409,100.0,100.0,97.8,7,17,1,879,0,0,876,879,426,426,0,3,453,0
Will Hernandez,46180,G,UTEP,13,100.0,1,330,72.3,82.9,70.5,1,2,324,100.0,100.0,98.9,4,5,2,879,0,879,0,879,344,344,0,0,535,0
Arturo Uzdavinis,11171,T,TULANE,12,100.0,3,319,72.0,67.2,73.0,7,18,474,100.0,100.0,96.3,6,30,5,878,0,0,878,878,497,497,0,0,381,0
Cayman Bundage,16988,G,ARIZONA,12,100.0,0,109,64.9,77.9,63.6,0,12,471,100.0,100.0,98.1,6,15,3,878,0,878,0,878,501,501,0,0,377,0
Justin Murray,11022,T,CINCINNATI,13,100.0,1,138,74.3,83.4,66.2,2,10,484,100.0,100.0,98.8,4,12,0,878,0,0,0,878,510,510,0,878,368,0
Devin Mondie,28114,G,ARK STATE,12,100.0,0,113,60.8,51.1,64.5,3,20,430,100.0,100.0,97.1,6,24,1,877,0,877,0,877,454,454,0,0,423,0
Rashod Hill,11369,T,SO MISS,12,100.0,0,296,70.7,70.6,67.9,4,13,533,100.0,100.0,97.5,2,22,5,877,0,0,876,877,556,556,0,0,321,0
Kevin Whimpey,9880,T,UTAH ST,14,100.0,0,329,80.7,80.3,76.2,0,10,430,100.0,100.0,98.6,3,11,1,877,0,0,867,877,456,456,0,0,421,10
Denver Kirkland,11370,G,ARKANSAS,13,100.0,1,111,65.4,79.6,63.8,3,3,378,100.0,100.0,98.9,5,7,1,875,0,1,9,875,393,393,865,0,482,0
Justin Malone,18752,G,MISS STATE,12,100.0,0,227,66.0,61.6,67.8,2,19,413,100.0,100.0,97.2,4,22,1,875,0,875,0,875,429,429,0,0,446,0
Mykhael Quave,19657,T,LA LAFAYET,13,100.0,2,207,69.5,63.5,70.4,3,24,402,100.0,100.0,95.9,6,30,3,873,0,0,873,873,416,416,0,0,457,0
Reid Webster,13482,G,CLEMSON,13,100.0,1,140,67.2,68.9,68.4,7,12,441,100.0,100.0,97.4,6,21,2,873,48,85,16,873,453,453,635,89,420,0
Kenny Rogers,16499,G,C MICHIGAN,13,100.0,2,134,67.4,63.8,67.0,3,14,409,100.0,100.0,97.7,4,18,1,872,0,1,0,872,431,431,871,0,441,0
Jake Cotton,10014,G,NEBRASKA,13,100.0,1,238,77.4,80.0,79.9,3,5,363,100.0,100.0,98.9,10,8,0,872,0,872,0,872,385,385,0,0,487,0
Kent Perkins,46807,G,TEXAS,13,100.0,2,311,61.0,57.7,66.7,2,18,452,100.0,100.0,97.1,7,23,3,871,0,0,0,871,474,474,645,223,397,3
Josh Chester,38088,G,MIDDLE TN,12,100.0,0,224,77.4,62.2,80.8,1,18,403,100.0,100.0,97.1,3,21,2,870,290,0,0,870,420,420,580,0,450,0
Jacob Richard,17669,C,BALL ST,12,100.0,0,117,90.8,89.3,90.4,0,5,427,100.0,100.0,99.2,3,6,1,869,869,0,0,869,445,445,0,0,424,0
Travis Cross,17201,T,HOUSTON,12,100.0,0,182,62.9,69.2,59.1,2,23,485,100.0,100.0,96.8,6,28,3,869,0,0,866,869,508,508,0,0,361,3
Jalen Schlachter,17731,G,BALL ST,12,100.0,0,117,82.1,84.9,80.9,3,5,427,100.0,100.0,99.1,2,8,0,869,0,436,0,869,445,445,433,0,424,0
Tyler Pitt,12572,G,N ILLINOIS,14,100.0,1,254,77.4,77.5,78.3,1,9,353,100.0,100.0,98.0,7,12,2,868,0,10,0,868,366,366,858,0,502,0
Fred Zerblis,46680,G,COLO STATE,13,100.0,1,144,76.9,76.1,78.1,1,13,491,100.0,100.0,98.0,3,17,3,868,7,0,0,868,510,510,858,3,358,0
Jake Simonich,46694,T,UTAH ST,14,100.0,0,329,61.3,64.9,58.7,2,17,419,100.0,100.0,97.0,6,22,3,867,0,0,0,867,446,446,0,855,421,12
Collin Rahrig,10199,G,INDIANA,12,100.0,0,190,77.5,80.1,76.1,0,5,376,100.0,100.0,98.5,4,8,3,867,468,399,0,867,393,393,0,0,474,0
Cam Robinson,11789,T,ALABAMA,14,100.0,0,103,73.8,74.9,71.3,3,13,445,100.0,100.0,97.8,3,18,2,867,0,0,864,867,456,456,0,0,411,2
Marcus Jackson,19322,G,TENNESSEE,12,100.0,0,307,65.7,71.3,63.5,4,9,462,100.0,100.0,97.5,3,18,5,865,1,864,0,865,480,480,0,0,385,0
Taylor Moton,11819,T,W MICHIGAN,13,100.0,2,347,75.4,75.8,71.3,2,11,422,100.0,100.0,98.2,3,14,1,865,0,0,0,865,436,436,60,805,429,0
Dillon Day,9794,C,MISS STATE,12,100.0,0,227,80.5,82.3,81.9,1,6,422,100.0,100.0,99.2,9,7,0,864,864,0,0,864,437,437,0,0,427,0
Riley Sorenson,21829,C,WASH STATE,11,100.0,1,341,69.7,74.1,69.9,5,13,670,100.0,100.0,97.9,6,23,5,863,863,0,0,863,707,707,0,0,156,0
James Kristof,37899,G,W MICHIGAN,13,100.0,0,347,77.4,80.7,76.1,3,7,423,100.0,100.0,98.3,1,12,2,863,0,855,0,863,438,438,0,0,425,8
Valerian Ume-Ezeoke,9777,C,NEW MEX ST,12,100.0,1,242,89.3,91.3,87.5,1,2,435,100.0,100.0,99.7,4,3,0,863,863,0,0,863,449,449,0,0,414,0
Matt Rochell,17572,T,AIR FORCE,13,100.0,0,101,62.7,60.5,62.4,2,5,184,100.0,100.0,96.5,3,10,3,863,0,0,863,863,198,198,0,0,665,0
Willie Beavers,10755,T,W MICHIGAN,13,100.0,0,347,70.2,75.4,68.2,5,13,423,100.0,100.0,97.9,2,18,0,862,0,0,860,862,438,438,0,0,424,2
Brian Gaia,45552,G,PENN STATE,12,100.0,1,266,59.3,60.5,60.3,1,13,514,100.0,100.0,98.4,6,15,1,862,0,0,0,862,538,538,862,0,324,0
Jamison Lalk,10968,G,IOWA STATE,12,100.0,0,193,72.4,80.2,68.9,1,18,535,100.0,100.0,98.2,0,19,0,861,47,786,0,861,562,562,28,0,299,0
Dan Feeney,11826,G,INDIANA,12,100.0,0,190,70.6,80.6,65.8,1,6,373,100.0,100.0,98.8,3,8,1,860,0,0,0,860,390,390,860,0,470,0
Joshua Garnett,10662,G,STANFORD,13,100.0,2,300,72.0,82.0,71.3,3,8,425,100.0,100.0,98.5,6,12,1,860,0,858,0,860,449,449,0,0,411,1
Jon Hoffing,15562,C,W MICHIGAN,13,100.0,1,347,67.6,75.1,64.4,3,8,422,100.0,100.0,98.7,2,11,0,860,860,0,0,860,437,437,0,0,423,0
Quinton Schooley,10895,C,NC STATE,13,100.0,0,248,80.8,86.8,77.0,0,2,470,100.0,100.0,99.6,2,3,1,859,859,0,0,859,496,496,0,0,363,0
Zach Lewis,14650,T,MIAMI OH,12,100.0,3,221,72.0,83.0,68.1,1,14,547,100.0,100.0,98.1,10,18,3,859,0,0,859,859,575,575,0,0,284,0
Kyle Murphy,10834,T,STANFORD,13,100.0,0,300,75.3,84.0,65.4,2,5,424,100.0,100.0,98.2,3,11,4,857,0,0,16,857,447,447,0,830,410,11
Isaiah Anderson,14731,T,MIDDLE TN,12,100.0,1,224,76.7,78.1,74.7,0,16,403,100.0,100.0,97.8,6,17,1,856,0,0,0,856,419,419,0,848,437,8
Nate Velichko,46855,G,S JOSE ST,12,100.0,0,285,60.5,59.2,62.7,4,12,462,100.0,100.0,97.6,5,19,3,856,0,0,0,856,478,478,856,0,378,0
Andrew Zeller,11140,G,MARYLAND,13,100.0,0,215,58.3,72.6,51.8,2,7,482,100.0,100.0,98.7,2,11,2,856,0,0,0,856,496,496,856,0,360,0
Jon Toth,22917,C,KENTUCKY,12,100.0,1,202,79.4,80.1,77.1,0,8,463,100.0,100.0,98.7,3,10,2,854,854,0,0,854,477,477,0,0,377,0
La'el Collins,9719,T,LSU,13,100.0,0,211,92.7,92.2,90.7,0,4,310,100.0,100.0,99.4,3,4,0,854,0,0,852,854,332,332,0,0,522,2
Graham Shuler,17493,C,STANFORD,13,100.0,0,300,83.1,84.1,82.0,2,5,424,100.0,100.0,98.9,3,8,1,852,852,0,0,852,448,448,0,0,404,0
Tommy Olson,12437,C,MINNESOTA,13,100.0,0,225,77.8,78.1,74.9,1,8,288,100.0,100.0,97.7,1,11,2,850,850,0,0,850,300,300,0,0,550,0
Mario Rodriguez,15689,G,W MICHIGAN,13,100.0,0,347,70.6,74.7,68.9,0,13,417,100.0,100.0,98.0,2,15,2,849,0,6,0,849,432,432,809,0,417,34
Jeromy Irwin,22062,T,COLORADO,11,100.0,0,143,66.0,73.1,64.4,7,21,479,100.0,100.0,96.7,7,30,2,849,0,0,836,849,507,507,0,0,342,13
Andrus Peat,9446,T,STANFORD,13,100.0,0,300,82.5,94.0,73.7,0,7,422,100.0,100.0,98.7,6,9,2,849,0,0,830,849,446,446,0,1,403,18
Dan Skipper,12307,T,ARKANSAS,13,100.0,1,111,60.7,48.4,67.2,4,17,360,100.0,100.0,96.5,11,23,2,847,0,0,840,847,375,375,0,0,472,7
Josh Campion,16350,T,MINNESOTA,13,100.0,1,225,74.6,75.0,70.8,3,9,288,100.0,100.0,96.9,3,15,3,847,0,0,846,847,300,300,0,0,547,1
Jerald Hawkins,10757,T,LSU,13,100.0,1,211,69.8,83.4,62.5,2,10,307,100.0,100.0,98.0,1,12,0,847,0,0,0,847,329,329,82,752,518,13
John Kling IV,11340,T,BUFFALO,11,100.0,0,126,79.8,71.3,82.4,3,21,393,100.0,100.0,96.4,8,26,2,847,0,0,15,847,421,421,0,830,426,2
Andre Davis,10148,G,BUFFALO,11,100.0,0,126,84.2,84.4,82.6,1,7,393,100.0,100.0,99.0,2,8,0,847,0,847,0,847,421,421,0,0,426,0
Jerel Watkins,15474,T,UTEP,13,100.0,0,330,74.3,70.2,73.4,3,9,317,100.0,100.0,97.8,5,13,1,846,0,0,843,846,337,337,0,0,509,3
Ben Risenhoover,12581,G,LA MONROE,12,100.0,0,209,63.8,51.7,69.2,4,23,578,100.0,100.0,97.1,2,30,3,846,72,0,0,846,599,599,774,0,247,0
Jordan Roos,12266,G,PURDUE,12,100.0,0,273,65.7,56.0,68.8,7,20,482,100.0,100.0,96.2,2,32,5,846,0,0,0,846,495,495,846,0,351,0
Jason King,46129,G,PURDUE,12,100.0,0,273,75.9,75.0,78.1,7,13,482,100.0,100.0,97.7,3,21,1,846,0,846,0,846,495,495,0,0,351,0
Jerome Daniels,39794,T,UTEP,13,100.0,3,330,75.4,68.2,77.5,4,12,312,100.0,100.0,97.4,6,16,0,845,0,0,0,845,332,332,0,845,513,0
Zac Epping,12444,G,MINNESOTA,13,100.0,0,225,77.2,73.1,77.4,0,9,286,100.0,100.0,97.7,4,11,2,845,0,845,0,845,298,298,0,0,547,0
Silvano Altamirano,14569,G,MARYLAND,13,100.0,0,215,55.7,74.9,48.2,6,15,476,100.0,100.0,97.0,2,25,4,844,0,844,0,844,490,490,0,0,354,0
Matt Kleinsorge,18449,T,KANSAS ST,13,100.0,0,199,74.1,79.1,67.2,4,12,431,100.0,100.0,97.7,3,18,2,843,0,0,0,843,457,457,0,843,386,0
Cameron Hunt,46707,G,OREGON,15,100.0,0,264,67.7,70.3,69.3,0,12,423,100.0,100.0,98.1,6,14,2,843,0,0,0,843,446,446,812,31,397,0
Tyler Uselton,18497,G,MEMPHIS,13,100.0,0,218,64.4,67.0,64.2,1,11,392,100.0,100.0,98.0,3,14,2,843,0,843,0,843,407,407,0,0,436,0
Tobijah Hughley,45546,C,LOUISVILLE,12,100.0,1,210,50.6,29.2,61.7,7,27,442,100.0,100.0,94.6,9,41,7,842,842,0,0,842,454,454,0,0,388,0
Jake Fisher,9486,T,OREGON,13,100.0,1,264,70.2,71.1,72.8,3,10,410,100.0,100.0,98.2,9,14,1,840,0,0,840,840,433,433,0,0,407,0
Josh Mann,15038,C,DOMINION,12,100.0,1,263,83.5,84.7,82.5,1,13,514,100.0,100.0,98.2,3,16,2,840,840,0,0,840,547,547,0,0,293,0
Robert Kugler,10967,C,PURDUE,12,100.0,0,273,82.4,81.8,80.2,3,9,471,100.0,100.0,98.7,1,12,0,840,840,0,0,840,484,484,0,0,356,0
Lucas Powell,18663,C,OHIO,12,100.0,0,259,69.5,80.3,64.9,3,7,418,100.0,100.0,98.6,2,11,1,839,839,0,0,839,443,443,0,0,396,0
Pat Lewandowski,15800,T,KANSAS,12,100.0,0,198,65.4,67.4,62.6,5,14,428,100.0,100.0,96.6,4,24,5,839,0,0,834,839,439,439,0,0,400,5
Alex Stoehr,26123,G,GA STATE,12,100.0,1,175,68.5,81.3,63.1,1,9,490,100.0,100.0,98.8,2,11,1,838,0,1,0,838,517,517,837,0,321,0
James Atoe,15530,G,WASHINGTON,14,100.0,0,340,90.6,86.9,90.1,2,10,395,100.0,100.0,98.5,3,12,0,836,0,0,0,836,410,410,486,342,426,8
Jake Pruehs,45577,G,OHIO,12,100.0,0,259,55.1,54.8,53.1,3,18,423,100.0,100.0,97.0,4,23,2,836,0,0,0,836,448,448,836,0,388,0
Joe Spencer,22803,C,ILLINOIS,13,100.0,2,187,64.9,74.5,59.8,1,16,485,100.0,100.0,97.6,3,20,3,834,775,0,0,834,512,512,59,0,322,0
Chase Roullier,11954,G,WYOMING,12,100.0,0,351,78.5,72.1,79.7,2,7,442,100.0,100.0,97.9,0,14,5,834,10,772,0,834,455,455,52,0,379,0
Michael Heitz,14419,G,ILLINOIS,13,99.9,2,187,65.0,62.7,67.4,4,21,473,100.0,99.8,96.5,7,29,4,834,0,597,0,835,498,499,36,201,336,0
Tim Wynn,12396,C,GA STATE,12,100.0,0,175,67.6,77.7,64.3,1,8,485,100.0,100.0,98.7,4,11,2,833,833,0,0,833,512,512,0,0,321,0
Zach Banner,11892,T,USC,13,100.0,0,326,76.5,75.7,74.7,2,17,439,100.0,100.0,97.4,7,21,2,833,0,0,1,833,458,458,0,829,375,3
A.J. Kaplan,12386,T,GA STATE,12,100.0,0,175,50.2,50.6,50.6,4,26,485,100.0,100.0,95.7,5,36,6,832,0,0,473,832,511,511,0,356,321,3
Jake Silas,14229,T,BUFFALO,11,100.0,1,126,75.8,80.5,73.3,0,13,387,100.0,100.0,97.5,6,16,3,832,0,0,831,832,414,414,0,0,418,1
Donavon Clark,10858,G,MICH STATE,13,100.0,0,223,73.7,64.9,74.1,4,9,361,100.0,100.0,97.6,3,15,2,831,0,0,0,831,379,379,615,216,452,0
Rafe Kiely,19871,C,WYOMING,12,100.0,0,351,75.0,84.4,71.9,1,9,437,100.0,100.0,98.9,4,10,0,830,830,0,0,830,450,450,0,0,380,0
Sal Conaboy,14570,C,MARYLAND,13,100.0,0,215,66.8,84.1,57.4,0,7,470,100.0,100.0,98.6,0,10,3,829,829,0,0,829,484,484,0,0,345,0
Dan Voltz,38564,C,WISCONSIN,14,100.0,0,349,80.1,85.7,77.5,1,4,284,100.0,100.0,98.4,2,7,2,828,827,0,0,828,296,296,1,0,532,0
Reggie Bain,28501,T,FAU,12,100.0,1,165,76.7,77.1,70.8,0,8,417,100.0,100.0,98.1,3,12,4,828,0,0,827,828,441,441,0,0,387,0
Max Garcia,9566,C,FLORIDA,12,100.0,1,163,76.6,85.5,72.9,3,3,356,100.0,100.0,99.2,2,6,0,827,827,0,0,827,371,371,0,0,456,0
Lucas Crowley,12011,C,N CAROLINA,12,100.0,2,245,70.3,62.0,75.1,5,17,461,100.0,100.0,97.6,8,22,0,827,827,0,0,827,479,479,0,0,348,0
Betim Bujari,12897,C,RUTGERS,13,100.0,0,278,78.3,83.1,77.0,0,6,388,100.0,100.0,99.0,3,7,1,826,826,0,0,826,402,402,0,0,424,0
Kaleb Johnson,9862,G,RUTGERS,13,100.0,0,278,71.1,58.8,74.5,1,11,389,100.0,100.0,97.9,7,14,2,825,0,818,7,825,403,403,0,0,422,0
Isaac Asiata,11919,G,UTAH,13,100.0,0,328,68.3,71.9,67.5,3,10,398,100.0,100.0,98.4,3,13,0,825,0,335,0,825,414,414,490,0,411,0
Mikingson Marsaille,18004,G,FAU,12,100.0,0,165,71.0,63.1,70.6,1,14,416,100.0,100.0,97.7,1,17,2,823,0,823,0,823,440,440,0,0,383,0
Jordan Swindle,11200,T,KENTUCKY,12,100.0,0,202,58.9,56.9,66.1,3,27,444,100.0,100.0,96.2,10,32,2,823,0,0,123,823,458,458,0,692,365,8
Dontae Levingston,18175,T,E CAROLINA,12,100.0,1,156,78.7,71.5,79.6,2,16,525,100.0,100.0,97.1,3,24,6,822,0,0,0,822,554,554,0,820,268,0
Trevor Sales,14297,C,BUFFALO,11,100.0,3,126,82.1,80.1,82.4,3,4,385,100.0,100.0,98.6,5,9,2,821,821,0,0,821,412,412,0,0,409,0
Collin Buchanan,12217,T,MIAMI OH,12,100.0,0,221,55.2,56.1,55.8,6,20,522,100.0,100.0,96.7,4,30,4,820,0,0,0,820,547,547,0,820,273,0
Kris Weeks,19248,T,SMU,12,100.0,0,287,68.6,68.7,67.2,3,16,553,100.0,100.0,97.7,8,22,3,820,0,0,82,820,574,574,0,737,246,1
Kirby Wixson,46713,C,LA TECH,14,100.0,0,208,69.3,69.4,68.0,4,11,407,100.0,100.0,98.2,3,15,0,820,820,0,0,820,433,433,0,0,387,0
Cody Harris,13078,T,UTSA,12,100.0,1,331,69.8,69.1,72.5,3,10,412,100.0,100.0,97.5,8,17,4,819,0,0,818,819,437,437,0,1,382,0
Keith Lumpkin,10971,T,RUTGERS,13,100.0,1,278,77.9,69.4,80.3,3,14,388,100.0,100.0,97.6,5,18,1,819,0,0,819,819,402,402,0,0,417,0
Isaiah Battle,10203,T,CLEMSON,12,100.0,3,140,73.6,68.7,75.9,5,11,425,100.0,100.0,97.2,5,20,4,819,0,0,814,819,441,441,0,0,378,5
Sebastian Tretola,10827,G,ARKANSAS,13,100.0,0,111,83.3,80.0,84.5,1,7,348,100.0,100.0,98.9,3,8,0,818,0,785,1,818,362,362,30,2,456,0
Gabe Kuhn,46250,C,MEMPHIS,13,100.0,0,218,60.1,71.0,55.5,1,11,369,100.0,100.0,98.4,1,12,0,817,817,0,0,817,383,383,0,0,434,0
Leon Brown,10145,G,ALABAMA,14,100.0,0,103,67.5,72.6,70.1,2,9,401,100.0,100.0,98.1,9,13,2,817,0,7,34,817,414,414,776,0,403,0
Bryan Chamberlain,17475,T,GA TECH,13,100.0,0,176,65.4,63.3,62.7,1,8,176,100.0,100.0,96.3,1,11,2,816,0,0,761,816,189,189,0,0,627,55
Ryan Kelly,10652,C,ALABAMA,12,100.0,0,103,76.5,89.5,72.3,1,2,409,100.0,100.0,99.6,4,3,0,815,815,0,0,815,422,422,0,0,393,0
Kendall Lamm,10017,T,APP STATE,12,100.0,0,108,71.1,81.8,70.3,2,5,346,100.0,100.0,98.1,9,10,3,815,0,0,815,815,376,376,0,0,439,0
Donovan Williams,11389,G,LA LAFAYET,13,100.0,0,207,75.8,63.5,76.4,3,12,376,100.0,100.0,97.5,2,17,2,815,0,815,0,815,390,390,0,0,425,0
Hroniss Grasu,9504,C,OREGON,12,100.0,1,264,81.9,77.0,82.8,0,10,401,100.0,100.0,98.3,4,12,2,814,814,0,0,814,420,420,0,0,394,0
Jordan Budwig,22664,G,FIU,12,100.0,0,166,71.3,76.6,69.7,0,8,391,100.0,100.0,98.5,3,10,2,814,0,814,0,814,405,405,0,0,409,0
Tyrell Crosby,38897,T,OREGON,15,100.0,2,264,67.3,58.6,72.1,0,17,391,100.0,100.0,96.8,10,21,4,813,0,0,167,813,412,412,0,639,401,7
Tommy Brown,20827,G,AKRON,11,100.0,1,102,69.0,77.3,63.7,1,12,524,100.0,100.0,98.8,1,13,0,813,0,0,0,813,550,550,795,18,263,0
Cameron Clemmons,10125,T,W KENTUCKY,13,100.0,0,346,77.2,78.0,75.0,2,13,483,100.0,100.0,97.8,4,18,3,812,0,0,0,812,497,497,0,812,315,0
Taylor Doyle,19584,C,TEXAS,13,100.0,4,311,65.5,68.2,64.7,2,14,428,100.0,100.0,97.9,5,17,1,812,559,9,0,812,445,445,244,0,367,0
Jeremiah Harvey,17668,G,BALL ST,12,100.0,0,117,76.9,74.5,77.1,3,8,401,100.0,100.0,98.4,3,12,1,812,0,409,0,812,418,418,403,0,394,0
Siaosi Aiono,16608,C,UTAH,12,99.9,0,328,70.3,82.1,66.8,1,6,389,100.0,100.0,98.6,1,9,2,810,811,0,0,811,404,404,0,0,406,0
Sean Hickey,10095,T,SYRACUSE,12,100.0,0,304,80.8,81.9,76.5,0,9,420,100.0,100.0,98.7,4,10,1,810,0,0,810,810,443,443,0,0,367,0
Michael Dunn,39676,T,MARYLAND,13,100.0,1,215,73.2,82.8,66.6,2,15,456,100.0,100.0,97.5,4,20,3,808,0,0,633,808,469,469,0,173,339,2
Chris Muller,12127,G,RUTGERS,13,100.0,0,278,69.6,50.5,73.2,2,16,381,100.0,100.0,96.6,1,22,4,808,0,0,0,808,395,395,808,0,413,0
Chase Regian,26427,T,LA MONROE,11,100.0,0,209,50.2,44.2,58.1,8,38,529,100.0,100.0,94.3,5,53,7,807,0,0,0,807,555,555,0,803,252,4
Chavis Dickey,46780,T,UCF,12,100.0,1,323,51.1,37.9,59.5,14,19,414,100.0,100.0,94.6,6,39,6,804,0,0,0,804,439,439,0,803,365,1
Cameron Blankenship,17372,G,UAB,11,100.0,0,321,70.0,74.3,67.2,3,5,333,100.0,100.0,98.5,1,9,1,804,0,0,1,804,350,350,796,7,454,0
Blake Belcher,46793,T,TULSA,11,100.0,0,320,78.5,74.0,78.6,2,7,430,100.0,100.0,98.7,4,10,1,803,0,0,13,803,454,454,0,769,349,21
Shane McDermott,9847,C,MIAMI FL,13,100.0,0,220,79.6,85.1,76.0,2,4,406,100.0,100.0,99.0,3,7,1,802,802,0,0,802,421,421,0,0,381,0
Jon Feliciano,9561,G,MIAMI FL,13,100.0,0,220,79.2,80.9,78.1,3,6,405,100.0,100.0,98.6,2,10,1,802,0,558,61,802,419,419,0,182,383,1
Greg Pyke,12148,G,GEORGIA,13,100.0,0,173,71.6,66.9,70.6,4,8,324,100.0,100.0,97.8,0,13,1,801,0,0,0,801,338,338,798,0,463,3
Danny Isidora,11933,G,MIAMI FL,13,100.0,0,220,85.8,80.3,90.2,1,8,403,100.0,100.0,98.4,6,11,2,801,0,0,0,801,418,418,801,0,383,0
Brandon Kublanow,22141,G,GEORGIA,13,100.0,0,173,76.3,76.4,75.7,3,3,324,100.0,100.0,98.8,5,7,1,801,0,798,0,801,338,338,2,1,463,0
Jon Heck,46979,T,N CAROLINA,11,100.0,0,245,70.1,76.0,63.1,3,11,432,100.0,100.0,98.4,2,14,0,798,0,0,0,798,455,455,0,794,343,4
Cyril Lemon,10093,T,N TEXAS,12,100.0,1,251,88.1,84.6,85.9,3,4,369,100.0,100.0,97.2,4,14,7,798,0,0,1,798,382,382,73,724,416,0
Mack Crowder,19325,C,TENNESSEE,11,100.0,2,307,62.3,55.8,63.6,4,24,445,100.0,100.0,96.2,3,31,3,798,798,0,0,798,460,460,0,0,338,0
Trevan Brown,18543,G,MIAMI OH,12,100.0,1,221,59.7,66.6,57.5,1,18,509,100.0,100.0,97.2,7,24,5,797,0,764,0,797,535,535,0,33,262,0
Connor Talbott,18799,G,NEVADA,13,100.0,1,239,63.4,69.3,61.3,0,12,375,100.0,100.0,97.6,3,15,3,797,7,411,0,797,389,389,379,0,408,0
Kaydon Kirby,23381,C,N TEXAS,12,99.9,0,251,71.7,74.4,69.0,3,10,369,100.0,100.0,97.7,2,15,2,797,798,0,0,798,382,382,0,0,415,0
Patrick Noyes,37807,G,AIR FORCE,13,100.0,0,101,65.9,66.5,64.4,2,3,166,100.0,100.0,98.5,1,5,0,795,0,795,0,795,179,179,0,0,616,0
Bobby Vardaro,9901,G,BOSTON COL,12,100.0,0,121,75.2,72.7,74.0,1,7,261,100.0,100.0,98.5,2,8,0,793,0,792,1,793,279,279,0,0,514,0
Charlie Will Tuttle,15323,G,TEXAS ST,12,100.0,0,314,68.4,72.8,66.3,0,9,353,100.0,100.0,98.4,2,10,1,791,0,366,0,791,371,371,425,0,420,0
Mitchell Bell,10079,T,LA TECH,12,100.0,2,208,72.8,70.6,72.6,3,14,410,100.0,100.0,97.7,4,18,1,791,0,0,0,791,436,436,72,718,355,1
Isaiah Williams,11467,T,AKRON,12,100.0,1,102,70.7,81.7,59.9,2,11,506,100.0,100.0,97.9,2,17,4,791,0,0,784,791,528,528,0,5,263,1
Tre Carter,14533,G,LA TECH,12,100.0,1,208,68.3,70.8,65.7,3,8,408,100.0,100.0,98.2,3,13,2,791,0,791,0,791,434,434,0,0,357,0
Alfredo Morales,19439,G,TEXAS TECH,11,100.0,0,315,77.1,74.1,82.1,2,10,477,100.0,100.0,98.7,6,12,0,789,0,789,0,789,511,511,0,0,278,0
Mike Moudy,14871,G,NEBRASKA,13,100.0,0,238,80.2,54.0,84.5,2,21,336,100.0,100.0,96.0,2,25,2,789,0,40,0,789,358,358,749,0,431,0
Zac Veatch,47128,G,OKLA STATE,13,99.6,2,262,65.6,55.7,69.5,0,12,390,99.2,99.3,97.7,2,15,3,789,0,0,0,792,414,417,719,0,375,73
Shawn McKinney,37851,G,N TEXAS,12,100.0,0,251,71.2,69.2,72.9,3,13,360,100.0,100.0,97.2,4,18,2,788,0,63,0,788,372,372,725,0,416,0
Alex Officer,29963,C,PITTSBURGH,12,100.0,0,268,71.2,71.5,70.8,1,9,306,100.0,100.0,97.7,4,12,2,787,772,0,0,787,323,323,15,0,464,0
Michael Selby,22906,G,MARSHALL,14,100.0,0,214,84.3,87.6,83.7,0,0,381,100.0,100.0,99.2,2,3,3,786,0,45,0,786,408,408,741,0,378,0
Landon Turner,11237,G,N CAROLINA,11,100.0,0,245,76.8,59.5,84.2,3,18,438,100.0,100.0,97.4,4,22,1,785,0,98,0,785,461,461,687,0,324,0
Rob Trudo,17223,G,SYRACUSE,12,100.0,1,304,65.9,54.1,71.1,6,12,408,100.0,100.0,96.8,4,22,4,784,0,726,0,784,430,430,58,0,354,0
Dylan Intemann,16607,T,WAKE,12,100.0,0,339,73.3,79.7,64.5,1,13,452,100.0,100.0,97.8,1,17,3,783,0,0,0,783,476,476,0,783,307,0
Cory Helms,21595,G,WAKE,12,100.0,1,339,54.8,60.1,53.4,1,26,452,100.0,100.0,95.9,5,32,5,783,338,445,0,783,476,476,0,0,307,0
Matt Hugenberg,19954,C,ARMY,12,100.0,0,114,68.2,75.8,67.2,0,3,134,100.0,100.0,98.1,2,4,1,780,778,0,0,780,141,141,0,2,639,0
Josh Harris,41544,G,WAKE,12,100.0,1,339,60.9,74.7,53.1,3,14,449,100.0,100.0,97.7,1,19,2,780,0,0,0,780,473,473,780,0,307,0
John Theus,10779,T,GEORGIA,13,100.0,0,173,71.2,72.0,71.0,4,9,322,100.0,100.0,97.7,5,14,1,778,0,3,775,778,334,334,0,0,444,0
Steven Bell,23835,T,BALL ST,12,100.0,0,117,80.2,80.2,75.5,4,8,381,100.0,100.0,98.2,1,13,1,777,0,0,351,777,398,398,0,426,379,0
Viane Talamaivao,46810,G,USC,13,100.0,0,326,62.9,61.6,67.9,5,20,397,100.0,100.0,96.1,8,28,3,777,0,4,0,777,418,418,773,0,359,0
Trip Thurman,11295,G,FLORIDA,12,100.0,0,163,63.6,76.7,60.4,3,6,326,100.0,100.0,98.6,2,9,0,777,7,767,0,777,339,339,2,0,438,1
Kolton Houston,17587,T,GEORGIA,13,100.0,0,173,72.7,80.1,66.5,0,6,321,100.0,100.0,99.1,1,6,0,777,0,0,0,777,333,333,1,776,444,0
David Andrews,9948,C,GEORGIA,13,100.0,1,173,72.6,81.1,69.4,0,6,312,100.0,100.0,99.0,6,6,0,776,776,0,0,776,325,325,0,0,451,0
Ucambre Williams,16007,T,S ALABAMA,11,100.0,0,288,72.5,82.7,64.4,1,10,357,100.0,100.0,97.6,4,14,3,776,0,0,773,776,375,375,0,2,401,1
Jack Allen,11221,C,MICH STATE,11,100.0,0,223,83.1,87.2,80.7,1,3,349,100.0,100.0,99.4,4,4,0,775,775,0,0,775,364,364,0,0,411,0
Taani Fisilau,19553,G,UTAH ST,14,100.0,1,329,57.8,65.6,56.3,3,13,375,100.0,100.0,97.6,2,17,1,775,0,0,0,775,399,399,775,0,376,0
Spencer Pulley,10998,G,VANDERBILT,12,100.0,0,333,72.7,82.7,69.2,3,2,398,100.0,100.0,98.6,1,8,3,773,0,0,0,773,424,424,773,0,349,0
Justin Bell,16879,G,OLE MISS,13,100.0,0,226,65.1,67.7,60.1,2,11,428,100.0,100.0,97.5,1,17,4,772,0,185,14,772,445,445,573,0,327,0
Jacob Gannon,14518,T,IOWA STATE,10,100.0,2,193,72.5,79.6,67.0,1,15,481,100.0,100.0,97.9,3,18,2,772,0,0,0,772,503,503,0,766,269,3
Caleb Farris,15512,C,VA TECH,13,100.0,1,337,67.4,75.9,70.6,1,16,393,100.0,100.0,97.3,10,19,2,772,539,6,0,772,415,415,227,0,357,0
Joe Townsend,12644,C,VANDERBILT,12,100.0,1,333,71.5,77.7,68.7,5,7,395,100.0,100.0,98.2,6,13,1,770,770,0,0,770,421,421,0,0,349,0
Mason Woods,46791,T,IDAHO,10,100.0,1,185,65.3,69.6,61.3,2,12,456,100.0,100.0,96.7,6,22,8,769,0,0,355,769,485,485,0,410,284,4
Raymond Klugey,14356,T,GA SOUTHRN,12,100.0,0,174,68.9,64.8,70.0,0,5,180,100.0,100.0,98.1,6,6,1,769,0,0,3,769,190,190,0,766,579,0
Trey Braun,17401,G,GA TECH,14,100.0,0,176,63.4,45.9,66.7,1,9,175,100.0,100.0,96.6,8,11,1,768,0,768,0,768,184,184,0,0,584,0
Austin Reiter,9655,C,USF,12,100.0,1,327,72.1,86.1,67.1,0,8,400,100.0,100.0,99.0,3,8,0,768,768,0,0,768,423,423,0,0,345,0
Jack Miller,18583,C,MICHIGAN,12,100.0,0,222,79.9,83.4,77.8,2,4,398,100.0,100.0,98.7,3,8,2,767,767,0,0,767,410,410,0,0,357,0
Scott Inskeep,37770,G,UTSA,11,100.0,1,331,66.8,79.1,66.4,0,4,388,100.0,100.0,98.7,6,7,3,767,0,767,0,767,413,413,0,0,354,0
Mason Cole,45547,T,MICHIGAN,12,100.0,0,222,73.6,66.2,74.4,8,10,398,100.0,100.0,96.5,2,23,5,767,0,0,761,767,410,410,0,0,357,5
Ben Braden,23112,T,MICHIGAN,12,100.0,0,222,70.3,75.7,63.1,2,7,398,100.0,100.0,98.1,0,12,3,767,0,0,0,767,410,410,0,767,357,0
Vadal Alexander,10868,G,LSU,12,100.0,0,211,74.2,70.1,76.6,2,8,275,100.0,100.0,97.8,5,11,1,767,0,767,0,767,295,295,0,0,472,0
Eric Smith,46987,T,VIRGINIA,12,100.0,0,335,64.2,59.2,64.7,8,18,407,100.0,100.0,96.3,3,28,2,766,0,0,0,766,431,431,0,765,335,1
Kodi Kieler,45658,T,MICH STATE,13,100.0,0,223,72.9,72.9,70.1,1,11,325,100.0,100.0,97.8,3,13,1,766,0,0,2,766,339,339,0,764,427,0
Garrett Frye,10061,T,GA SOUTHRN,12,100.0,0,174,84.3,68.8,82.5,3,3,180,100.0,100.0,97.8,2,7,1,766,0,0,758,766,190,190,0,0,576,8
Kody Afusia,14409,C,HAWAII,11,100.0,1,180,65.4,80.0,66.1,1,7,407,100.0,100.0,98.8,9,9,1,765,472,290,3,765,430,430,0,0,335,0
Adam Shead,14997,G,OKLAHOMA,12,100.0,0,261,79.4,87.3,77.6,1,2,330,100.0,100.0,99.5,3,3,0,763,0,763,0,763,348,348,0,0,415,0
Darrell Williams,9917,T,USF,12,100.0,0,327,68.4,76.8,61.4,1,10,399,100.0,100.0,98.4,3,12,1,763,0,0,762,763,422,422,0,0,341,1
Ross Burbank,11350,C,VIRGINIA,12,100.0,0,335,70.1,69.5,69.4,3,9,404,100.0,100.0,98.5,3,12,0,763,735,8,0,763,427,427,20,0,336,0
Brynjar Gudmundsson,17747,T,USF,12,100.0,0,327,66.5,74.2,63.1,2,17,399,100.0,100.0,96.6,3,23,4,763,0,146,0,763,422,422,75,538,341,4
Mason Myers,12989,G,COLO STATE,12,100.0,1,144,69.7,80.2,66.5,2,8,430,100.0,100.0,98.8,4,10,0,763,2,734,4,763,446,446,23,0,317,0
Connor Rains,9791,T,WYOMING,11,100.0,1,351,75.5,74.5,74.7,2,11,403,100.0,100.0,97.1,7,18,5,762,0,0,0,762,414,414,0,762,348,0
Manrey Saint-Amour,14452,C,GA SOUTHRN,12,100.0,0,174,83.3,63.4,83.3,1,4,180,100.0,100.0,98.6,2,5,0,761,761,0,0,761,190,190,0,0,571,0
Caleb Peterson,46045,G,N CAROLINA,13,100.0,0,245,63.6,53.1,67.3,7,14,426,100.0,100.0,96.6,4,25,4,760,0,758,0,760,444,444,0,2,316,0
Donovan Smith,9467,T,PENN STATE,11,100.0,1,266,67.2,77.1,62.5,3,8,458,100.0,100.0,98.4,5,13,2,760,0,0,748,760,478,478,0,0,282,12
Augie Conte,46667,G,VA TECH,13,100.0,0,337,74.9,67.7,77.8,3,14,394,100.0,100.0,96.8,2,21,4,759,0,1,0,759,420,420,718,40,339,0
Johnny Caspers,46828,G,STANFORD,13,100.0,1,300,68.4,68.4,69.1,1,8,359,100.0,100.0,98.5,5,10,1,759,0,0,0,759,379,379,759,0,380,0
Mike Smithburg,15862,G,KANSAS,11,100.0,0,198,70.0,78.9,67.0,2,10,382,100.0,100.0,98.4,3,12,0,758,0,259,0,758,390,390,499,0,368,0
Matt Sparks,19544,C,UMASS,11,100.0,0,216,76.4,65.5,79.7,7,10,452,100.0,100.0,97.7,1,19,2,758,758,0,0,758,472,472,0,0,286,0
Daniel Stephens,23173,C,MIDDLE TN,11,100.0,0,224,79.2,73.9,80.5,1,14,352,100.0,100.0,97.6,4,16,1,757,445,13,0,757,368,368,299,0,389,0
LaMar Bratton,14856,C,NEW MEXICO,12,100.0,0,241,75.1,77.1,72.6,0,5,174,100.0,100.0,98.0,2,6,1,753,753,0,0,753,184,184,0,0,569,0
Tayo Fabuluje,9616,T,TCU,12,100.0,1,305,77.0,82.8,77.3,3,12,434,100.0,100.0,98.0,8,16,1,753,0,0,746,753,456,456,1,2,297,0
Tyler Fisher,23451,G,DOMINION,11,100.0,0,263,79.1,80.1,79.4,3,11,469,100.0,100.0,98.1,0,16,2,753,0,753,0,753,499,499,0,0,254,0
Reno Henderson,46277,T,NEW MEXICO,12,100.0,0,241,70.2,79.2,67.9,1,3,174,100.0,100.0,98.3,4,5,1,753,0,0,753,753,184,184,0,0,569,0
Daniel Koenig,15092,T,OKLA STATE,11,100.0,0,262,62.1,64.7,63.7,2,15,379,100.0,100.0,96.2,6,23,6,753,0,0,753,753,401,401,0,0,352,0
Ethan Pocic,11813,G,LSU,12,100.0,2,211,73.0,79.0,71.7,1,7,269,100.0,100.0,98.1,5,9,1,753,275,0,0,753,288,288,478,0,465,0
Brian O'Leary,13314,C,UAB,10,100.0,0,321,65.9,67.4,63.9,1,9,307,100.0,100.0,97.1,1,14,4,751,751,0,0,751,320,320,0,0,431,0
Nick Gstrein,16861,G,UNLV,10,99.9,0,325,72.9,72.1,75.7,2,12,446,99.8,99.8,97.5,3,18,4,750,0,0,0,751,471,472,750,0,279,0
Sebastian Johansson,10989,G,MARSHALL,12,100.0,1,214,80.7,87.7,79.4,0,4,396,100.0,100.0,99.0,4,6,2,750,0,701,49,750,422,422,0,0,328,0
Jamal Price,14906,G,NEW MEXICO,12,100.0,0,241,91.0,77.8,90.0,0,4,173,100.0,100.0,98.8,1,4,0,749,0,0,0,749,183,183,749,0,566,0
Reno Reda,46315,T,KENT STATE,11,100.0,1,201,71.3,80.8,64.6,3,9,474,100.0,100.0,98.3,3,14,2,749,0,6,740,749,499,499,0,0,250,3
Greg Mancz,10019,C,TOLEDO,11,100.0,0,316,94.8,88.5,94.8,1,3,339,100.0,100.0,99.4,1,4,0,749,749,0,0,749,358,358,0,0,391,0
Alex Nielsen,22980,C,KENT STATE,11,100.0,0,201,68.1,75.9,62.9,3,9,474,100.0,100.0,98.3,1,14,2,749,749,0,0,749,499,499,0,0,250,0
Dylan Foxworth,21850,C,TULSA,10,100.0,0,320,71.5,75.1,68.4,3,10,398,100.0,100.0,98.4,1,13,0,748,748,0,0,748,424,424,0,0,324,0
Jason Spriggs,10682,T,INDIANA,11,100.0,1,190,74.6,79.3,72.7,0,10,331,100.0,100.0,98.2,7,11,1,748,0,0,741,748,347,347,0,0,401,7
Robert McFadden,14234,T,E MICHIGAN,12,100.0,0,160,65.5,69.7,62.3,3,15,372,100.0,100.0,97.3,3,19,1,747,0,0,627,747,379,379,117,0,368,2
Wayne Scott,46141,G,KENT STATE,11,100.0,2,201,69.2,85.4,67.1,0,6,472,100.0,100.0,99.4,8,6,0,747,0,613,0,747,497,497,134,0,250,0
Brandon Farmer,44855,G,SO MISS,12,100.0,0,296,58.6,56.8,59.3,6,18,454,100.0,100.0,97.1,3,25,1,746,0,746,0,746,474,474,0,0,272,0
Germain Ifedi,10665,T,TEXAS A&M,11,100.0,2,312,72.8,81.1,65.1,3,12,474,100.0,100.0,97.6,5,19,4,746,0,0,0,746,488,488,0,745,258,0
Sean Welsh,46711,G,IOWA,13,100.0,0,192,78.5,70.4,80.8,1,9,373,100.0,100.0,98.1,2,12,2,746,0,511,0,746,392,392,235,0,354,0
Ryan Norton,17275,C,CLEMSON,13,99.7,1,140,63.4,80.4,59.8,3,10,395,100.0,100.0,98.1,2,14,1,745,735,2,0,747,407,407,10,0,338,0
Alex Mateas,13327,C,UCONN,12,100.0,1,146,68.2,84.8,63.2,1,6,400,100.0,100.0,98.6,5,9,2,744,744,0,0,744,420,420,0,0,324,0
Tyshon Mosley,34692,G,UTAH ST,14,100.0,0,329,68.8,78.7,64.5,1,4,345,100.0,100.0,98.4,2,8,3,744,0,730,13,744,366,366,1,0,378,0
Gavin Andrews,46681,T,OREGON ST,10,100.0,0,265,80.6,81.6,82.4,3,8,424,100.0,100.0,97.5,5,16,5,744,0,0,372,744,449,449,289,83,295,0
Lenicio Noble,17299,C,S DIEGO ST,11,100.0,0,284,77.3,75.5,76.3,3,4,314,100.0,100.0,97.9,2,10,3,743,743,0,0,743,322,322,0,0,421,0
Colby Mitchell,16422,C,LA MONROE,11,100.0,0,209,63.0,63.4,64.7,2,20,500,100.0,100.0,96.8,3,27,5,743,743,0,0,743,520,520,0,0,223,0
Garrett Gramling,12357,G,TEXAS A&M,11,100.0,0,312,74.2,87.6,68.3,1,9,468,100.0,100.0,98.9,0,10,0,743,0,509,0,743,482,482,234,0,261,0
Dillon DeBoer,12036,G,FAU,12,100.0,0,165,70.5,66.9,75.6,2,10,375,100.0,100.0,98.4,9,12,0,742,0,0,0,742,395,395,742,0,347,0
Lincoln Hansen,14235,T,E MICHIGAN,11,100.0,0,160,76.2,71.2,77.6,2,12,364,100.0,100.0,96.7,6,19,5,741,0,0,0,741,372,372,0,725,369,16
Kyle Friend,11257,C,TEMPLE,12,100.0,0,306,79.0,88.8,75.2,0,4,439,100.0,100.0,99.5,2,4,0,741,741,0,0,741,455,455,0,0,286,0
Ereck Flowers,9442,T,MIAMI FL,12,100.0,1,220,82.1,90.0,78.2,3,7,385,100.0,100.0,98.7,9,10,0,740,0,0,740,740,399,399,0,0,341,0
Fahn Cooper,10808,T,OLE MISS,13,100.0,0,226,61.6,64.0,63.4,3,17,409,100.0,100.0,96.6,6,24,4,740,0,0,226,740,427,427,0,514,313,0
Will Sport,16508,G,S CAROLINA,13,100.0,1,289,57.2,62.3,53.8,4,19,390,100.0,100.0,96.8,2,24,1,739,0,3,0,739,409,409,736,0,330,0
Christian Lombard,37856,T,NOTRE DAME,11,100.0,0,258,69.9,77.6,63.9,1,18,424,100.0,100.0,97.5,2,20,1,739,0,1,0,739,445,445,87,651,294,0
Donald Senat,14372,C,FIU,12,100.0,0,166,67.5,79.5,63.0,2,7,366,100.0,100.0,98.5,2,10,1,737,737,0,0,737,379,379,0,0,358,0
Baylen Brown,46182,G,TEXAS TECH,10,100.0,0,315,71.7,82.3,68.4,3,8,431,100.0,100.0,98.7,5,11,0,735,0,107,0,735,460,460,575,53,275,0
Joseph Treadwell,10118,T,LA MONROE,11,100.0,0,209,71.2,68.3,73.3,5,19,492,100.0,100.0,97.4,0,25,1,734,0,0,726,734,513,513,0,0,221,8
Mason Y'Barbo,14941,G,N TEXAS,12,100.0,0,251,72.8,68.3,72.1,1,8,351,100.0,100.0,97.9,0,12,3,734,0,734,0,734,364,364,0,0,370,0
Dorian Johnson,11870,G,PITTSBURGH,13,100.0,1,268,90.5,84.5,90.8,0,1,270,100.0,100.0,99.4,2,2,1,733,0,733,0,733,285,285,0,0,448,0
Taylor Lasecki,38691,C,SMU,11,100.0,0,287,65.6,74.8,60.4,2,15,481,100.0,100.0,97.4,2,21,4,731,602,0,0,731,498,498,129,0,233,0
Eric Lofton,16628,T,TEMPLE,12,100.0,1,306,59.0,76.5,55.4,3,11,428,100.0,100.0,97.9,9,16,2,729,0,6,0,729,443,443,0,723,286,0
Adam Bisnowaty,11955,T,PITTSBURGH,11,100.0,0,268,92.8,68.2,94.5,2,10,278,100.0,100.0,97.1,4,14,2,729,0,216,490,729,290,290,0,23,439,0
Richard Levy,12279,T,UCONN,12,100.0,1,146,69.8,70.6,70.5,1,13,389,100.0,100.0,97.4,6,17,3,723,0,0,723,723,407,407,0,0,316,0
Paul Lewis,23667,C,OKLA STATE,13,100.0,1,262,65.6,76.5,59.8,1,4,349,100.0,100.0,98.7,1,7,2,722,722,0,0,722,373,373,0,0,349,0
Mike McQueen,10996,T,OHIO,11,100.0,1,259,72.1,82.4,66.0,2,15,359,100.0,100.0,97.1,2,19,2,718,0,140,577,718,379,379,0,0,339,1
Jarell Broxton,11092,G,BAYLOR,13,100.0,0,118,67.1,90.1,64.2,1,2,343,100.0,100.0,99.6,5,3,0,717,0,22,0,717,358,358,692,3,359,0
Antonio Ford,12553,T,WAKE,12,100.0,2,339,55.1,57.9,60.3,6,19,411,100.0,100.0,95.0,12,33,8,716,0,183,533,716,427,427,0,0,289,0
Jeremiah Kolone,46167,G,S JOSE ST,10,100.0,0,285,74.1,81.6,72.9,2,6,368,100.0,100.0,98.4,1,10,2,716,0,716,0,716,380,380,0,0,336,0
Taj Alexander,12980,T,RUTGERS,13,100.0,1,278,67.1,69.0,63.4,3,14,341,100.0,100.0,97.2,2,18,1,712,0,0,0,712,353,353,0,712,359,0
Caleb Carbine,13362,C,TROY,12,100.0,0,318,62.6,55.6,63.5,1,11,344,100.0,100.0,96.8,3,17,5,711,700,11,0,711,359,359,0,0,352,0
Luke Hayes,18229,G,KANSAS ST,13,100.0,0,199,69.8,76.8,68.2,1,15,372,100.0,100.0,97.3,2,18,2,711,0,0,0,711,398,398,711,0,313,0
Connor Mewbourne,18910,T,DOMINION,11,100.0,1,263,71.0,69.6,71.3,11,17,440,100.0,100.0,95.9,8,32,4,710,0,0,710,710,470,470,0,0,240,0
Thomas McGwire,26741,T,NEW MEX ST,9,100.0,0,242,57.7,56.1,60.2,2,9,349,100.0,100.0,97.3,4,15,4,708,0,0,0,708,365,365,0,707,343,0
Jesse Davis,9989,T,IDAHO,11,100.0,0,185,68.5,64.6,68.0,2,17,398,100.0,100.0,96.6,2,23,4,708,0,0,367,708,430,430,0,340,278,1
Quinterrius Eatmon,9975,G,USF,12,100.0,0,327,62.8,64.3,59.9,3,10,368,100.0,100.0,97.1,2,17,4,707,0,48,0,707,389,389,584,75,318,0
John Miller,13267,C,SYRACUSE,11,100.0,0,304,74.3,72.2,73.2,3,7,365,100.0,100.0,98.4,1,11,1,705,705,0,0,705,386,386,0,0,319,0
Mitch Smothers,17789,C,ARKANSAS,13,100.0,0,111,65.2,74.1,62.0,2,6,324,100.0,100.0,98.5,2,9,1,705,705,0,0,705,336,336,0,0,369,0
Malcolm Bunche,9743,T,UCLA,11,100.0,0,324,74.4,79.9,72.5,2,9,367,100.0,100.0,97.1,3,16,5,704,0,245,453,704,387,387,0,2,317,4
Ramsey Meyers,39317,G,KENTUCKY,12,100.0,0,202,73.6,72.2,72.6,2,9,380,100.0,100.0,98.0,1,13,2,702,0,0,0,702,392,392,702,0,310,0
Cole Madison,46953,T,WASH STATE,8,100.0,0,341,73.9,78.0,70.1,3,12,544,100.0,100.0,97.7,3,20,5,700,0,0,0,700,573,573,0,700,127,0
Robert Blodgett,18035,G,BUFFALO,10,100.0,0,126,86.3,90.1,84.5,1,3,325,100.0,100.0,99.1,2,5,1,698,0,0,0,698,350,350,678,16,348,4
Conner Davis,15669,G,VIRGINIA,12,100.0,0,335,66.8,73.7,67.9,3,16,357,100.0,100.0,97.1,3,20,1,696,0,0,0,696,378,378,696,0,318,0
Mike Matthews,11065,C,TEXAS A&M,10,100.0,0,312,75.0,84.3,67.6,1,7,437,100.0,100.0,99.1,1,8,0,696,696,0,0,696,452,452,0,0,244,0
Troy Watson,46919,T,OHIO,12,100.0,0,259,64.7,70.9,58.8,3,17,350,100.0,100.0,96.9,2,21,1,695,0,0,43,695,371,371,0,652,324,0
Joey Anglemire,29389,G,NEVADA,11,100.0,0,239,64.6,83.5,59.8,4,4,327,100.0,100.0,98.5,4,9,1,695,3,80,50,695,341,341,562,0,354,0
Antonio Garcia,11840,T,TROY,12,100.0,0,318,60.3,71.8,57.9,2,12,347,100.0,100.0,96.5,5,19,5,692,0,0,692,692,364,364,0,0,328,0
Darrian Miller,9721,T,KENTUCKY,11,100.0,1,202,75.8,60.3,78.0,4,18,372,100.0,100.0,96.0,2,26,4,691,0,0,682,691,383,383,0,0,308,9
Dalton Bennett,17530,G,TROY,12,100.0,0,318,69.3,75.5,65.0,3,5,346,100.0,100.0,98.3,2,10,2,690,131,559,0,690,362,362,0,0,328,0
Jake Bernstein,11175,G,VANDERBILT,12,100.0,0,333,70.0,65.9,73.8,7,5,350,100.0,100.0,98.3,3,12,0,689,0,689,0,689,375,375,0,0,314,0
Dion Dawkins,11818,T,TEMPLE,11,100.0,0,306,69.4,80.7,58.5,0,10,398,100.0,100.0,98.0,1,13,3,688,0,0,688,688,413,413,0,0,275,0
David Beasley,13487,G,CLEMSON,12,100.0,0,140,76.4,84.3,73.0,3,3,355,100.0,100.0,98.9,1,7,1,687,0,687,0,687,366,366,0,0,321,0
Ryan Doyle,18384,T,MARYLAND,13,100.0,0,215,62.6,53.5,68.4,5,25,390,100.0,100.0,94.6,3,36,6,684,0,0,0,684,402,402,0,682,282,2
Chauncey Briggs,46940,T,SMU,12,100.0,1,287,56.1,57.9,61.4,1,19,468,100.0,100.0,95.9,10,29,9,684,0,0,635,684,487,487,0,41,197,8
Dejon Allen,46225,G,HAWAII,12,100.0,1,180,72.7,80.2,71.3,0,9,339,100.0,100.0,98.7,3,9,0,683,0,0,0,683,356,356,683,0,327,0
Graham Glasgow,10729,G,MICHIGAN,11,100.0,0,222,81.7,75.6,82.7,2,7,358,100.0,100.0,98.5,0,10,1,683,0,501,0,683,369,369,182,0,314,0
Kevin O'Brien,17005,C,COLO STATE,11,100.0,1,144,67.7,63.2,66.7,2,16,375,100.0,100.0,96.5,2,22,4,682,678,1,0,682,393,393,3,0,289,0
Alan Knott,26357,C,S CAROLINA,13,100.0,0,289,61.2,56.5,61.4,3,20,356,100.0,100.0,96.2,1,25,2,681,681,0,0,681,374,374,0,0,307,0
Ben Still,16810,C,OLE MISS,12,100.0,1,226,59.2,64.2,55.8,1,16,382,100.0,100.0,96.7,3,21,4,681,681,0,0,681,395,395,0,0,286,0
Joseph Cheek,11223,G,TEXAS A&M,12,100.0,1,312,73.2,72.2,74.0,1,7,385,100.0,100.0,99.0,2,8,0,675,0,0,0,675,402,402,675,0,273,0
Travis Jackson,13281,G,MICH STATE,12,100.0,0,223,73.2,74.6,73.6,3,5,293,100.0,100.0,98.3,7,9,1,673,59,607,0,673,306,306,7,0,367,0
Jeff Tanner,14649,G,MIAMI OH,12,100.0,2,221,67.7,58.2,71.7,4,12,432,100.0,100.0,97.7,6,18,2,673,0,34,0,673,455,455,637,2,218,0
Mike Lucas,18967,G,OHIO,12,100.0,1,259,65.1,80.2,62.7,1,4,340,100.0,100.0,98.7,5,7,2,671,0,666,0,671,361,361,5,0,310,0
Davis Walton,12870,G,TULSA,12,100.0,0,320,65.4,70.7,64.4,1,5,347,100.0,100.0,98.6,5,8,2,664,0,0,0,664,367,367,440,221,297,3
Cameron Cermin,46905,T,PURDUE,12,100.0,0,273,54.8,50.3,55.8,6,26,382,100.0,100.0,95.0,1,35,3,661,12,0,267,661,391,391,0,376,270,6
Taylor Chappell,18763,T,MISSOURI,12,100.0,1,229,50.6,38.0,64.8,5,28,315,100.0,100.0,93.5,9,37,4,658,0,0,6,658,337,337,0,652,321,0
Fabian Hoeller,45587,G,UMASS,12,100.0,0,216,70.6,77.5,66.7,1,11,408,100.0,100.0,98.0,0,14,2,657,0,657,0,657,433,433,0,0,224,0
Deyshawn Bond,12120,C,CINCINNATI,11,100.0,1,138,70.0,82.9,63.7,1,6,360,100.0,100.0,99.0,1,7,0,656,656,0,0,656,382,382,0,0,274,0
Dexter Charles,19635,G,WASHINGTON,10,100.0,1,340,67.8,71.6,66.9,1,10,302,100.0,100.0,98.2,5,11,0,655,0,655,0,655,316,316,0,0,339,0
Tarik Cook,17452,G,UCF,10,100.0,2,323,57.7,60.3,60.4,3,7,338,100.0,100.0,97.6,8,13,3,654,0,51,0,654,359,359,603,0,295,0
Derek Elmendorff,30498,G,UTEP,11,100.0,0,330,74.0,91.0,74.4,2,0,243,100.0,100.0,99.6,5,2,0,654,0,0,0,654,261,261,653,1,393,0
Laremy Tunsil,10647,T,OLE MISS,11,100.0,1,226,74.6,85.3,68.8,0,7,350,100.0,100.0,98.1,4,10,3,651,0,0,633,651,364,364,0,0,287,18
Tyler Samra,17193,G,UCONN,12,100.0,0,146,70.5,83.3,66.4,1,8,343,100.0,100.0,97.8,1,12,3,651,0,0,0,651,361,361,651,0,290,0
Aaron Nielsen,18017,T,FIU,11,100.0,1,166,55.6,43.8,60.9,4,14,312,100.0,100.0,93.9,4,28,10,651,0,0,0,651,323,323,0,651,328,0
Joe Thuney,10712,G,NC STATE,9,100.0,0,248,89.0,86.6,89.9,0,5,319,100.0,100.0,98.6,1,7,2,646,0,644,1,646,336,336,0,0,310,1
Andrew Jelks,21452,T,VANDERBILT,12,100.0,0,333,64.0,65.7,64.3,5,8,321,100.0,100.0,97.0,6,16,3,643,0,0,643,643,345,345,0,0,298,0
Aaron Morris,16958,G,OLE MISS,11,100.0,0,226,49.9,48.0,52.1,3,18,341,100.0,100.0,96.3,7,23,2,643,0,643,0,643,358,358,0,0,285,0
Dieugot Joseph,12172,T,FIU,12,100.0,0,166,57.1,67.1,57.9,0,9,306,100.0,100.0,96.6,5,15,6,642,0,0,642,642,317,317,0,0,325,0
Cody Wallace,15598,G,VIRGINIA,12,100.0,0,335,69.0,71.8,66.6,4,9,344,100.0,100.0,98.1,1,13,0,641,0,585,0,641,367,367,56,0,274,0
Ty Sambrailo,9492,T,COLO STATE,11,99.8,1,144,83.7,77.8,80.6,2,9,368,100.0,99.7,98.2,2,12,1,640,0,3,603,641,383,384,0,0,257,31
Michael Wilson,13099,T,OKLA STATE,10,100.0,0,262,53.7,51.4,52.1,2,15,330,100.0,100.0,96.8,0,19,2,640,0,55,187,640,345,345,28,370,295,0
Rees Odhiambo,10731,T,BOISE ST,10,100.0,1,120,81.9,78.6,77.7,3,6,318,100.0,100.0,98.3,1,10,1,639,0,0,635,639,329,329,0,0,310,3
Nate Leonard,13141,C,UTSA,12,100.0,1,331,55.3,48.9,56.9,3,10,313,100.0,100.0,97.6,3,14,1,638,638,0,0,638,331,331,0,0,307,0
Lucas Patrick,11435,G,DUKE,12,100.0,1,154,71.7,86.6,71.8,0,2,327,100.0,100.0,99.7,6,2,0,636,0,636,0,636,337,337,0,0,299,0
Lene Maiava,11287,G,ARIZONA,12,100.0,0,109,73.8,87.0,71.2,0,3,354,100.0,100.0,99.0,2,5,2,633,0,289,70,633,374,374,222,52,259,0
Logan Daves,14447,G,GA SOUTHRN,11,100.0,0,174,69.3,74.4,66.9,0,2,142,100.0,100.0,97.9,1,4,2,628,0,0,0,628,149,149,628,0,479,0
Antonio Johnson,10163,T,N TEXAS,10,100.0,1,251,64.4,82.7,60.5,4,7,289,100.0,100.0,98.1,6,11,0,628,0,0,624,628,297,297,0,0,331,4
Collin Fissell,15225,C,TEXAS ST,10,100.0,0,314,72.2,71.3,69.9,0,2,280,100.0,100.0,98.9,2,4,2,627,627,0,0,627,294,294,0,0,333,0
Chris Griffin,27538,T,GA TECH,12,100.0,0,176,61.1,47.6,65.0,0,11,149,100.0,100.0,95.6,4,12,1,625,0,0,14,625,159,159,0,593,466,18
Devin Farrior,46646,G,SO MISS,12,100.0,0,296,61.6,40.5,67.9,5,19,375,100.0,100.0,95.7,2,28,4,620,0,124,0,620,391,391,413,73,229,10
Eric Olson,46902,T,NWESTERN,11,100.0,0,256,62.9,59.8,68.7,6,18,311,100.0,100.0,95.8,8,25,1,619,0,0,0,619,326,326,0,619,293,0
Jordan Walsh,11471,G,IOWA,12,100.0,1,192,72.1,71.8,73.0,4,5,324,100.0,100.0,97.7,4,12,3,619,0,0,0,619,336,336,619,0,283,0
Joey Grant,17453,C,UCF,9,100.0,1,323,66.0,69.5,62.3,4,11,309,100.0,100.0,97.2,1,16,1,619,442,24,0,619,331,331,153,0,288,0
Evan Brown,38709,G,SMU,10,100.0,0,287,73.5,88.0,72.1,0,6,423,100.0,100.0,99.3,6,6,0,618,129,0,0,618,439,439,489,0,179,0
Beau Nunn,46851,T,APP STATE,12,100.0,0,108,76.3,84.3,71.6,1,6,229,100.0,100.0,98.5,2,7,0,617,0,130,66,617,248,248,0,421,369,0
Larry Mazyck,19788,T,KANSAS,12,100.0,1,198,48.6,32.3,64.1,7,16,323,100.0,100.0,94.9,10,28,5,617,0,0,17,617,333,333,0,598,284,2
Tony Adams,46610,G,NC STATE,12,100.0,1,248,77.2,68.6,85.6,1,11,314,100.0,100.0,97.8,6,13,1,616,59,1,0,616,333,333,556,0,283,0
Braden Lyons,14266,C,FAU,12,100.0,1,165,75.4,70.5,73.9,0,8,304,100.0,100.0,98.0,1,10,2,615,339,0,0,615,325,325,0,276,290,0
Jarvis Harrison,9585,G,TEXAS A&M,11,100.0,0,312,71.9,63.5,75.0,4,10,369,100.0,100.0,97.3,2,17,3,615,0,419,189,615,379,379,0,0,236,3
Drake Miller,25278,T,BALL ST,9,100.0,1,117,71.7,66.8,69.6,4,9,303,100.0,100.0,97.2,3,15,2,614,0,0,331,614,317,317,0,283,297,0
Jonathan McLaughlin,12018,T,VA TECH,9,100.0,0,337,69.5,69.8,66.3,1,15,323,100.0,100.0,96.6,1,19,3,613,0,0,0,613,344,344,5,607,269,1
Todd McDonald,15627,T,ARMY,12,100.0,0,114,71.4,61.1,69.2,1,6,101,100.0,100.0,96.5,0,7,0,612,4,0,110,612,106,106,0,483,506,15
Campbell Allison,14303,C,E MICHIGAN,11,100.0,0,160,65.9,62.8,66.4,7,6,287,100.0,100.0,97.4,2,14,1,612,327,132,6,612,292,292,147,0,320,0
Darien Foreman,37831,G,GA SOUTHRN,12,100.0,1,174,82.6,59.0,82.8,3,4,135,100.0,100.0,95.9,2,9,2,612,0,592,20,612,143,143,0,0,469,0
J.P. Holtz,11062,TE,PITTSBURGH,13,65.8,0,268,64.0,67.7,72.7,0,2,50,14.3,14.1,98.0,6,2,0,610,0,0,0,927,52,369,0,0,558,804
Sam Arneson,38387,TE,WISCONSIN,14,73.0,0,349,84.7,80.7,75.9,0,0,72,25.0,25.2,100.0,5,0,0,608,0,0,0,833,76,301,0,0,532,665
Brendan Mahon,46194,G,PENN STATE,11,100.0,0,266,54.6,56.5,51.2,2,16,371,100.0,100.0,96.8,3,21,3,604,0,588,0,604,389,389,0,4,215,12
Dylan Brumbaugh,16589,G,AKRON,9,100.0,0,102,72.8,84.0,72.3,1,4,394,100.0,100.0,99.1,5,6,1,603,0,603,0,603,411,411,0,0,192,0
Brendan McGowan,45562,G,TEMPLE,10,100.0,1,306,59.6,69.4,55.0,1,12,353,100.0,100.0,97.6,3,15,2,599,5,132,0,599,367,367,462,0,232,0
Michael Boland,46699,G,UMASS,12,100.0,0,216,70.6,54.1,78.6,2,16,340,100.0,100.0,96.8,5,20,2,596,0,0,2,596,357,357,587,7,239,0
Brad McNulty,18826,G,MISSOURI,13,100.0,1,229,59.8,48.5,61.8,2,14,300,100.0,100.0,96.7,5,18,2,596,9,587,0,596,317,317,0,0,279,0
Coleman Shelton,39316,T,WASHINGTON,13,100.0,0,340,79.1,63.8,80.3,5,11,272,100.0,100.0,96.7,1,17,1,596,0,0,0,596,285,285,0,570,311,26
Ngalu Fusimalohi,15799,G,KANSAS,9,100.0,0,198,69.8,77.6,66.2,1,6,290,100.0,100.0,98.4,1,8,1,596,0,596,0,596,300,300,0,0,296,0
Conor McDermott,11966,T,UCLA,11,100.0,0,324,82.2,85.2,82.9,2,7,299,100.0,100.0,97.2,3,13,4,595,0,0,577,595,317,317,0,2,278,15
Tarik Milner,13522,G,UCF,8,100.0,0,323,72.0,70.0,71.3,3,8,300,100.0,100.0,98.2,0,11,0,592,0,592,0,592,319,319,0,0,273,0
Cedric Brittnum,12456,T,AKRON,10,100.0,0,102,74.2,79.0,76.5,3,8,360,100.0,100.0,97.4,5,15,4,588,0,140,3,588,376,376,2,442,212,0
Garrett Adcock,23177,T,NEW MEXICO,11,100.0,0,241,65.6,65.4,63.7,1,8,145,100.0,100.0,96.9,1,9,0,588,0,4,0,588,153,153,4,580,435,0
Michael Mooney,46395,T,VIRGINIA,11,100.0,0,335,67.3,73.0,65.2,4,8,295,100.0,100.0,96.9,3,15,3,588,0,0,535,588,313,313,0,50,275,3
Eden Mahina,18740,G,NEW MEXICO,12,100.0,1,241,70.7,72.8,72.3,0,4,131,100.0,100.0,97.7,5,5,1,587,0,587,0,587,140,140,0,0,447,0
Andrew Wylie,12333,G,E MICHIGAN,9,100.0,0,160,60.1,58.4,59.2,3,9,291,100.0,100.0,96.9,1,15,3,587,0,480,100,587,298,298,0,0,289,7
Jake Jones,19792,G,WYOMING,10,100.0,0,351,67.0,61.8,71.0,2,8,313,100.0,100.0,97.4,4,13,3,586,0,0,0,586,324,324,586,0,262,0
Pat Colbert,17885,T,BAYLOR,12,100.0,0,118,63.9,45.6,73.5,1,14,281,100.0,100.0,96.6,4,17,2,584,0,0,14,584,294,294,0,564,290,6
Alex Barr,18585,G,NC STATE,10,100.0,1,248,80.4,80.1,81.0,0,7,334,100.0,100.0,98.4,2,9,2,582,0,255,0,582,350,350,294,31,232,2
Terrence Jones,13435,T,TROY,12,100.0,0,318,76.6,82.3,68.9,2,5,286,100.0,100.0,98.8,0,7,0,581,0,0,0,581,297,297,0,577,284,4
Kennard Backman,9646,TE,UAB,12,75.2,0,321,91.2,74.8,83.9,1,3,118,39.1,39.4,97.5,5,5,1,581,0,0,0,773,125,317,0,0,456,572
Jens Danielsen,18482,T,LA TECH,13,100.0,0,208,66.7,69.0,64.8,4,5,279,100.0,100.0,97.7,6,11,2,580,0,0,469,580,295,295,0,100,285,11
Jordan Rose,46975,G,IDAHO,9,100.0,0,185,63.1,42.8,68.4,3,13,302,100.0,100.0,97.0,4,17,1,577,0,247,0,577,326,326,330,0,251,0
Darien Terrell,22841,G,E MICHIGAN,9,100.0,1,160,64.0,83.2,61.2,1,2,301,100.0,100.0,98.8,7,5,2,577,0,103,0,577,308,308,474,0,269,0
Tommy Gaul,14513,C,IOWA,8,100.0,0,192,84.0,79.4,83.2,1,6,297,100.0,100.0,98.5,1,8,1,577,577,0,0,577,310,310,0,0,267,0
David Hedelin,11122,T,PURDUE,9,100.0,0,273,53.5,43.6,62.2,6,25,315,100.0,100.0,94.1,4,34,3,577,0,0,572,577,326,326,0,0,251,5
Alex Hill,14477,G,ILLINOIS,13,100.0,0,187,67.2,69.7,66.5,1,17,324,100.0,100.0,96.3,2,21,3,576,146,222,0,576,345,345,208,0,231,0
D.J. Humphries,9457,T,FLORIDA,10,100.0,0,163,73.8,76.5,71.7,1,5,228,100.0,100.0,97.4,3,9,3,574,0,2,572,574,237,237,0,0,337,0
Tommy Stephens,13436,G,TROY,12,100.0,0,318,70.2,72.8,70.3,1,7,299,100.0,100.0,98.3,4,9,1,572,0,0,0,572,310,310,572,0,262,0
Robert Conyers,21766,T,OLE MISS,13,100.0,0,226,65.2,65.7,65.7,1,19,303,100.0,100.0,96.4,5,21,1,572,218,0,4,572,319,319,0,350,253,0
Chaz Green,9524,T,FLORIDA,12,100.0,1,163,68.8,78.5,62.5,3,6,254,100.0,100.0,98.2,1,9,0,570,0,0,194,570,266,266,34,342,304,0
Jarred Gipson,47082,TE,NEVADA,13,62.3,0,239,69.0,77.1,75.1,0,1,81,19.8,19.2,99.4,4,1,0,570,0,0,0,915,82,427,0,0,488,824
Matt Pierson,11483,T,OREGON,12,100.0,0,264,66.9,71.5,67.3,0,7,267,100.0,100.0,97.9,4,9,2,569,0,107,105,569,281,281,0,354,288,3
Will Holden,11912,T,VANDERBILT,12,100.0,0,333,64.6,56.6,66.9,6,13,295,100.0,100.0,96.1,2,21,2,569,0,0,0,569,310,310,0,567,259,2
Wyatt Teller,46131,G,VA TECH,12,100.0,1,337,82.6,72.9,87.4,0,8,288,100.0,100.0,98.6,6,8,0,569,0,568,0,569,306,306,0,0,263,1
Jonah Pirsig,12298,T,MINNESOTA,12,100.0,0,225,58.4,55.9,58.3,4,9,197,100.0,100.0,95.7,1,15,2,567,0,0,0,567,208,208,0,567,359,0
Ted Karras,10855,G,ILLINOIS,9,100.0,0,187,75.7,89.6,70.5,0,7,330,100.0,100.0,98.9,0,7,0,563,0,0,0,563,350,350,563,0,213,0
Felix Romero,46609,G,TEXAS ST,11,100.0,0,314,71.7,69.2,72.4,0,6,238,100.0,100.0,97.9,3,8,2,563,0,301,0,563,250,250,262,0,313,0
Omari Palmer,17221,T,SYRACUSE,10,100.0,0,304,70.0,65.5,73.8,3,14,308,100.0,100.0,96.3,3,20,3,562,0,92,0,562,322,322,54,415,240,1
Ralston Evans,18235,T,INDIANA,9,100.0,0,190,75.3,74.0,75.2,0,10,246,100.0,100.0,96.3,3,14,4,562,0,0,90,562,259,259,0,472,303,0
Devonte Danzey,17676,G,AUBURN,10,100.0,0,115,72.3,83.8,68.6,0,5,202,100.0,100.0,98.3,1,6,1,561,0,560,0,561,214,214,1,0,347,0
Elliott Porter,14666,C,LSU,9,100.0,0,211,57.3,67.3,55.4,0,8,210,100.0,100.0,97.6,3,9,1,561,561,0,0,561,227,227,0,0,334,0
Garrett Griffin,11439,TE,AIR FORCE,12,77.1,1,101,76.5,72.1,87.1,0,0,6,3.8,3.5,100.0,2,0,0,559,0,0,0,725,6,172,0,2,553,186
Dallas Sandberg,17366,G,IDAHO,11,100.0,1,185,61.0,25.9,74.2,3,19,327,100.0,100.0,95.1,4,27,5,559,0,281,0,559,352,352,278,0,207,0
Steven Matlock,45559,G,IDAHO,11,100.0,1,185,54.0,31.5,63.5,1,19,318,100.0,100.0,95.3,6,25,5,558,1,322,0,558,338,338,235,0,220,0
Marcus Matthews,14710,C,MIAMI OH,9,100.0,1,221,66.2,69.5,67.6,4,8,348,100.0,100.0,98.0,5,13,1,558,558,0,0,558,368,368,0,0,190,0
Joseph Brunson,45579,G,LA TECH,13,100.0,0,208,56.5,61.3,57.0,4,5,270,100.0,100.0,98.3,3,9,0,557,137,12,0,557,289,289,408,0,268,0
Brenden Urban,38633,C,HAWAII,9,100.0,2,180,63.4,75.1,65.9,0,3,305,100.0,100.0,99.2,10,4,1,557,557,0,0,557,322,322,0,0,235,0
Kyle Kalis,12302,G,MICHIGAN,11,100.0,0,222,63.8,76.4,61.9,1,3,288,100.0,100.0,98.3,6,7,3,556,0,0,0,556,300,300,556,0,256,0
Alex Redmond,11113,G,UCLA,10,100.0,0,324,69.5,78.8,70.3,3,4,288,100.0,100.0,97.7,3,10,3,556,0,556,0,556,307,307,0,0,249,0
Junior Salt,12712,G,UTAH,12,100.0,0,328,63.1,81.6,58.8,2,5,270,100.0,100.0,98.3,2,8,1,556,0,556,0,556,280,280,0,0,276,0
Tyler Compton,46114,G,DOMINION,11,100.0,0,263,68.3,79.0,62.6,5,8,346,100.0,100.0,97.5,0,15,2,552,0,97,0,552,364,364,449,6,188,0
Eric Minemyer,14267,T,FAU,12,100.0,0,165,61.2,47.4,66.0,2,11,276,100.0,100.0,96.6,1,16,3,552,0,0,1,552,289,289,0,551,263,0
Shahbaz Ahmed,11292,G,TEMPLE,9,100.0,0,306,67.2,68.2,70.4,5,8,327,100.0,100.0,98.0,4,13,0,552,0,520,32,552,339,339,0,0,213,0
Parker Collins,22381,G,APP STATE,12,100.0,0,108,72.1,70.5,80.7,0,4,200,100.0,100.0,98.5,11,5,1,550,0,451,0,550,218,218,99,0,332,0
Frank Sutton Jr.,46172,G,LA MONROE,8,100.0,1,209,38.3,13.5,63.6,7,26,392,100.0,100.0,93.7,8,41,8,550,0,412,81,550,408,408,0,57,142,0
Gus Cruz,13325,G,UCONN,9,100.0,0,146,68.9,82.9,65.4,2,5,316,100.0,100.0,98.6,3,8,1,547,0,543,0,547,334,334,0,0,213,4
Quaison Osborne,39637,T,AKRON,9,100.0,1,102,61.2,61.3,64.6,2,22,365,100.0,100.0,96.2,6,26,2,547,0,0,102,547,386,386,0,444,161,0
Simon Cvijanovic,14333,T,ILLINOIS,9,100.0,0,187,61.5,67.1,61.8,6,14,305,100.0,100.0,95.4,6,24,4,542,0,0,541,542,324,324,0,0,218,0
Hunter Henry,10669,TE,ARKANSAS,13,67.9,0,111,91.3,63.4,83.1,1,3,99,28.6,29.1,96.0,4,6,2,541,0,0,4,797,105,361,0,3,436,523
Daniel McCarty,46174,G,SMU,9,100.0,1,287,64.7,57.4,67.4,2,11,360,100.0,100.0,97.9,2,14,1,540,0,540,0,540,374,374,0,0,166,0
Connor Kruse,13284,G,MICH STATE,9,99.8,1,223,86.2,78.6,86.0,1,4,228,100.0,100.0,98.5,3,6,1,537,113,121,0,538,240,240,300,0,297,4
Justin Tukes,9787,TE,UCF,13,78.9,2,323,73.0,76.0,81.3,1,2,172,55.8,56.1,99.1,4,3,0,535,0,0,1,678,183,326,0,1,352,592
Jason Rae,45586,C,UCF,8,100.0,0,323,68.2,64.3,67.9,4,6,269,100.0,100.0,97.8,1,11,1,533,533,0,0,533,283,283,0,0,250,0
Jacob Gilliam,15202,T,TENNESSEE,8,100.0,0,307,67.4,65.4,66.9,4,9,258,100.0,100.0,95.9,1,17,4,530,0,0,61,530,270,270,0,469,260,0
Alan Cross,10931,TE,MEMPHIS,13,68.0,0,218,84.8,73.3,86.9,1,4,124,34.3,34.0,98.0,1,5,0,530,0,0,2,779,127,374,0,1,403,422
Christian DiLauro,46976,T,ILLINOIS,12,100.0,1,187,51.9,53.3,51.9,7,15,300,100.0,100.0,94.3,4,28,6,530,0,0,0,530,320,320,0,528,210,2
Chad Wheeler,12240,T,USC,8,100.0,0,326,75.1,82.3,74.1,1,8,263,100.0,100.0,98.3,4,9,0,528,0,0,519,528,271,271,0,0,257,9
Taylor Evans,16122,T,GA STATE,8,100.0,0,175,42.6,31.8,53.8,1,23,306,100.0,100.0,93.8,3,31,7,527,0,116,0,527,322,322,0,411,205,0
Justin Thomas,12344,QB,GA TECH,14,57.1,0,176,76.7,,60.0,0,0,0,0.0,0.0,,6,0,0,525,0,0,0,920,0,227,0,0,525,0
Andreas Knappe,12025,T,UCONN,10,100.0,0,146,69.8,67.5,69.6,2,11,266,100.0,100.0,96.8,2,15,2,524,0,0,0,524,276,276,0,524,248,0
Mark Pelini,14795,C,NEBRASKA,11,100.0,0,238,67.8,78.9,63.6,3,3,209,100.0,100.0,98.6,5,6,0,521,521,0,0,521,224,224,0,0,297,0
Steve Shumaker,15698,G,ARMY,11,100.0,0,114,67.9,66.8,67.7,0,4,91,100.0,100.0,96.7,3,5,1,520,0,472,0,520,96,96,48,0,424,0
Luke Eakes,12570,TE,N ILLINOIS,14,80.1,0,254,77.5,64.6,82.6,2,2,91,42.5,42.2,97.8,2,4,0,519,0,0,0,648,94,223,0,0,425,545
Zachary Crabtree,46920,T,OKLA STATE,9,100.0,1,262,57.7,62.7,55.7,2,14,240,100.0,100.0,95.8,5,18,2,518,0,0,0,518,262,262,0,517,256,1
Dionte Savage,9822,G,OKLAHOMA,11,100.0,0,261,71.4,84.6,69.3,0,4,227,100.0,100.0,99.1,4,4,0,518,0,163,0,518,237,237,355,0,281,0
Jalen Rowell,38948,WR,AIR FORCE,13,72.4,0,101,89.6,,76.9,0,0,0,0.0,0.0,,1,0,0,515,0,0,0,711,0,196,0,0,515,1
Mitch Hall,18626,G,MISSOURI,14,100.0,0,229,73.6,67.6,78.2,2,9,259,100.0,100.0,97.9,3,11,0,514,0,177,0,514,272,272,337,0,242,0
Garrett Gladd,16742,G,TULSA,11,100.0,0,320,59.2,55.6,60.3,2,13,275,100.0,100.0,97.3,3,15,0,513,0,0,0,513,291,291,509,4,222,0
Nick Robinson,17078,G,SYRACUSE,9,100.0,1,304,57.6,72.7,56.3,3,6,266,100.0,100.0,97.2,6,12,3,512,0,0,0,512,279,279,511,1,233,0
Troy Baker,14137,T,BAYLOR,7,100.0,0,118,66.9,72.6,62.1,0,8,257,100.0,100.0,98.4,1,8,0,510,0,0,2,510,273,273,0,506,237,2
Da'Ron Brown,9666,WR,N ILLINOIS,14,53.7,0,254,73.9,,62.8,0,0,0,0.0,0.0,,4,0,0,509,0,0,0,948,0,429,0,0,509,0
Ryan Cummings,46962,T,WYOMING,7,100.0,0,351,61.3,56.6,70.2,6,9,276,100.0,100.0,95.1,8,21,6,508,0,0,508,508,285,285,0,0,223,0
Ben Koyack,9662,TE,NOTRE DAME,13,53.0,1,258,65.4,75.2,83.3,0,1,102,19.0,20.1,98.5,2,2,1,508,0,0,0,958,113,563,0,0,395,517
Darrell Brown,46322,T,LA TECH,10,100.0,1,208,53.5,58.9,57.0,7,7,272,100.0,100.0,97.4,7,14,0,507,0,0,504,507,289,289,0,0,218,3
Grant Bays,23534,G,OREGON ST,8,100.0,1,265,68.3,68.9,68.2,3,10,282,100.0,100.0,97.0,3,15,2,507,0,0,0,507,299,299,507,0,208,0
Larry Pettis,15292,TE,LA LAFAYET,13,60.1,1,207,65.1,42.3,84.2,2,1,58,15.2,14.8,92.2,4,6,3,505,0,0,0,840,58,393,0,0,447,431
Tyler Moore,10285,G,FLORIDA,12,100.0,0,163,65.1,64.6,64.5,1,6,203,100.0,100.0,97.8,2,8,1,503,0,57,0,503,214,214,445,0,289,1
Siosifa Tufunga,19563,G,WASHINGTON,13,100.0,0,340,70.5,82.4,67.4,0,6,245,100.0,100.0,98.4,2,7,1,502,5,364,0,502,253,253,133,0,249,0
Joe Bjorklund,16648,G,MINNESOTA,11,100.0,0,225,63.3,53.9,63.8,2,8,164,100.0,100.0,97.0,1,10,0,502,0,2,8,502,174,174,492,0,328,0
Kale Pearson,13849,QB,AIR FORCE,12,56.7,0,101,72.0,,60.0,0,0,0,0.0,0.0,,0,0,0,501,0,0,0,883,0,204,0,0,501,0
Nila Kasitati,11398,G,OKLAHOMA,12,100.0,1,261,80.7,79.3,79.8,1,5,217,100.0,100.0,98.6,1,6,0,500,8,0,0,500,225,225,488,0,275,4
Terrell Johnson,14480,T,KENT STATE,9,100.0,1,201,74.4,80.1,69.3,2,8,310,100.0,100.0,98.1,1,11,1,500,0,0,8,500,324,324,71,421,176,0
Roman Sapolu,15019,G,OREGON ST,7,100.0,0,265,54.0,50.0,54.6,3,16,282,100.0,100.0,95.6,2,22,3,499,0,409,0,499,301,301,90,0,198,0
Roderick Johnson,27593,T,FLORIDA,12,100.0,0,163,74.4,77.3,70.0,4,9,214,100.0,100.0,97.0,2,13,0,496,0,0,0,496,222,222,0,495,274,1
Durron Neal,11023,WR,OKLAHOMA,13,54.3,0,261,63.4,62.0,78.6,0,0,1,0.3,0.2,100.0,1,0,0,495,0,0,0,912,1,416,0,0,494,7
Joe Gibson,45583,C,KANSAS,8,100.0,0,198,70.8,75.3,67.7,1,5,261,100.0,100.0,98.5,2,7,1,494,494,0,0,494,269,269,0,0,225,0
Seaver Myers,23710,G,SMU,9,100.0,0,287,56.8,54.8,52.5,1,14,338,100.0,100.0,97.2,2,17,2,490,0,228,99,490,349,349,163,0,141,0
Byron Pinkston,14373,G,FIU,8,100.0,1,166,75.2,81.7,73.8,0,4,217,100.0,100.0,99.1,3,4,0,490,0,0,0,490,220,220,490,0,270,0
Joe Gold,28364,C,FAU,7,100.0,0,165,65.0,63.7,63.9,1,12,254,100.0,100.0,97.4,1,13,0,489,489,0,0,489,268,268,0,0,221,0
Alex Erickson,11107,WR,WISCONSIN,14,59.3,0,349,79.3,61.0,88.8,0,0,1,0.3,0.3,100.0,1,0,0,486,0,0,0,820,1,333,0,0,485,2
Colby Gossett,46673,G,APP STATE,8,100.0,0,108,87.1,75.0,88.6,0,6,168,100.0,100.0,98.2,2,6,0,485,0,0,0,485,186,186,485,0,299,0
Aaron Epps,11363,T,LOUISVILLE,11,100.0,0,210,54.3,43.8,60.3,4,17,247,100.0,100.0,94.5,2,24,3,484,0,0,193,484,253,253,0,283,231,8
Darrell Williams,12285,G,W KENTUCKY,11,100.0,0,346,69.8,70.1,68.0,4,6,265,100.0,100.0,97.7,1,11,1,483,0,9,0,483,275,275,398,76,208,0
Westlee Tonga,51510,TE,UTAH,13,55.9,0,328,59.9,72.4,61.1,0,1,49,11.9,11.6,99.0,3,1,0,482,0,0,1,862,50,430,0,0,432,300
David Jones,13843,C,AIR FORCE,8,100.0,0,101,64.5,64.0,63.3,0,1,103,100.0,100.0,99.5,3,1,0,482,482,0,0,482,112,112,0,0,370,0
Tre Robertson,18033,G,E CAROLINA,11,100.0,0,156,81.4,71.4,88.4,2,12,291,100.0,100.0,97.3,4,15,1,481,0,0,0,481,317,317,199,282,164,0
Josh Bruns,19545,G,UMASS,9,100.0,0,216,59.4,55.0,57.3,2,10,283,100.0,100.0,97.2,1,14,2,479,154,0,0,479,303,303,325,0,176,0
Fred Moore,15144,G,SO MISS,12,100.0,0,296,57.4,49.1,60.3,5,10,293,100.0,100.0,96.4,3,18,3,477,0,0,0,477,305,305,477,0,172,0
Zach Sterup,11346,T,NEBRASKA,10,100.0,0,238,71.6,54.7,73.6,4,7,188,100.0,100.0,94.4,0,16,5,475,0,0,0,475,200,200,0,475,275,0
Errin Joe,17548,T,GA TECH,13,100.0,0,176,73.4,60.8,75.8,0,7,108,100.0,100.0,96.8,4,7,0,474,0,0,90,474,114,114,0,351,360,33
Jeff Heuerman,9525,TE,OHIO STATE,14,68.9,0,260,70.6,65.1,83.6,1,3,83,28.4,29.7,97.6,3,4,0,471,0,0,1,684,90,303,0,2,381,420
Chad Voytik,46471,QB,PITTSBURGH,13,52.0,0,268,69.5,,60.0,0,0,0,0.0,0.0,,2,0,0,470,0,0,0,903,0,355,0,0,470,0
Salesi Uhatafe,38924,G,UTAH,12,100.0,0,328,73.1,76.5,73.4,0,3,214,100.0,100.0,97.9,2,6,3,469,0,0,0,469,221,221,469,0,248,0
Michael Burton,9601,FB,RUTGERS,13,75.3,0,278,86.3,88.7,88.8,0,1,78,34.5,34.6,99.4,0,1,0,467,0,0,0,620,81,234,0,0,386,78
Kevin White,9440,WR,W VIRGINIA,13,44.2,0,343,78.5,,73.8,0,0,0,0.0,0.0,,5,0,0,467,0,0,0,1057,0,590,0,0,467,4
Jaymar Parrish,47220,FB,PITTSBURGH,13,86.3,0,268,71.5,73.0,73.2,1,1,32,31.4,30.8,96.9,0,2,0,466,0,0,0,540,33,107,0,0,433,226
Jameill Showers,9851,QB,UTEP,13,53.3,1,330,59.0,,60.0,0,0,0,0.0,0.0,,4,0,0,466,0,0,0,875,0,346,0,0,466,0
Mike Kinville,12511,TE,C MICHIGAN,13,79.2,1,134,66.2,76.7,66.8,1,0,72,39.3,38.4,99.3,1,1,0,464,0,0,1,586,76,198,0,2,388,471
J.J. Prince,38132,T,PURDUE,11,100.0,0,273,51.4,55.3,47.2,6,9,265,100.0,100.0,95.3,0,20,5,464,0,0,0,464,271,271,0,461,193,2
Ryan Mack,11125,T,LOUISVILLE,10,100.0,0,210,61.4,59.7,69.6,1,7,236,100.0,100.0,97.5,8,10,2,463,0,0,254,463,244,244,0,197,219,12
Drew Hennessy,19953,T,ARMY,10,100.0,0,114,74.5,80.9,73.0,0,2,69,100.0,100.0,98.6,4,2,0,462,0,1,246,462,72,72,0,113,390,101
Josh Harper,9979,WR,FRESNO ST,14,44.3,0,169,72.6,,68.1,0,0,0,0.0,0.0,,1,0,0,461,0,0,0,1041,0,578,0,0,461,0
Ethan Hutson,17459,G,TROY,12,100.0,0,318,71.2,61.9,76.6,2,8,206,100.0,100.0,97.1,5,11,1,460,0,226,0,460,215,215,234,0,245,0
Darius Garcia,46891,T,DOMINION,10,100.0,0,263,54.3,48.0,58.3,5,19,285,100.0,100.0,93.3,3,31,7,460,0,0,4,460,309,309,0,456,151,0
Jesse James,9593,TE,PENN STATE,13,52.1,1,266,66.2,62.9,68.8,1,3,111,21.8,21.1,96.4,3,6,2,459,0,0,5,881,113,535,0,10,346,681
Jaryd Jones-Smith,46843,T,PITTSBURGH,12,100.0,0,268,65.9,54.0,70.2,7,5,166,100.0,100.0,95.8,4,13,1,459,0,0,459,459,177,177,0,0,282,0
Darren Waller,9637,WR,GA TECH,12,72.1,0,176,83.7,78.7,72.9,0,0,5,2.9,2.7,100.0,2,0,0,459,0,0,23,637,5,183,0,6,454,1
Colin Sandor,46050,G,AIR FORCE,12,100.0,1,101,77.6,85.0,75.8,0,1,103,100.0,100.0,99.5,2,1,0,459,0,219,0,459,108,108,240,0,351,0
Sean Culkin,12037,TE,MISSOURI,14,51.5,0,229,46.1,44.7,61.1,0,2,28,6.4,6.9,96.4,2,2,0,459,0,0,0,892,32,465,0,0,427,349
Graham Fisher,13951,C,APP STATE,12,100.0,0,108,75.5,57.1,77.0,2,7,172,100.0,100.0,96.2,2,11,2,459,459,0,0,459,194,194,0,0,265,0
Josh Walker,13139,T,UTSA,10,100.0,0,331,70.4,72.4,66.8,2,5,227,100.0,100.0,98.0,2,8,1,459,0,0,0,459,240,240,0,459,219,0
Jesse Chapman,17725,C,APP STATE,11,100.0,0,108,75.3,69.8,76.4,2,6,198,100.0,100.0,97.5,3,9,1,458,458,0,0,458,211,211,0,0,247,0
Cooper Rush,12324,QB,C MICHIGAN,13,49.6,0,134,79.0,,60.0,0,0,0,0.0,0.0,,2,0,0,454,0,0,0,915,0,445,0,0,454,0
DeAndre Smelter,9565,WR,GA TECH,12,71.9,0,176,90.9,78.1,83.3,0,0,7,4.2,4.9,100.0,0,0,0,451,0,0,4,627,9,182,0,19,442,3
Eric Boyden,19798,TE,W MICHIGAN,13,70.9,0,347,56.8,67.6,67.9,1,2,71,28.9,28.8,97.9,2,3,0,450,0,0,0,635,75,260,0,0,375,446
Travin Dural,12219,WR,LSU,13,58.3,0,211,75.8,,67.1,0,0,0,0.0,0.0,,1,0,0,450,0,0,0,772,0,312,0,0,450,0
Tyreek Burwell,10124,G,CINCINNATI,11,100.0,1,138,82.6,83.0,84.7,1,4,235,100.0,100.0,98.9,3,5,0,450,0,450,0,450,246,246,0,0,204,0
Camrhon Hughes,24082,T,TEXAS,7,100.0,1,311,53.0,42.6,63.0,1,17,234,100.0,100.0,94.9,4,21,3,449,0,0,0,449,242,242,0,449,207,0
A'Lique Terry,41450,C,WAKE,10,100.0,1,339,56.4,57.3,54.6,2,12,265,100.0,100.0,96.6,2,16,2,449,448,0,0,449,277,277,1,0,172,0
Austin Traylor,11411,TE,WISCONSIN,14,85.9,1,349,57.0,65.5,75.0,0,1,45,39.1,40.7,98.9,5,1,0,446,0,0,1,519,50,123,0,0,396,496
Richy Turner,14777,WR,NEVADA,13,49.9,0,239,65.4,,66.9,0,0,0,0.0,0.0,,1,0,0,446,0,0,0,893,0,446,0,0,446,0
Mike Criste,15528,C,WASHINGTON,10,100.0,0,340,68.7,77.8,66.2,2,5,227,100.0,100.0,97.6,3,9,2,446,238,1,0,446,233,233,207,0,213,0
Thor Jozwiak,17684,G,USF,8,100.0,0,327,69.0,85.4,64.9,1,5,216,100.0,100.0,98.6,2,6,0,445,0,445,0,445,227,227,0,0,218,0
Cody Clay,19861,TE,W VIRGINIA,13,74.2,0,343,62.6,49.7,72.6,0,6,106,41.4,43.3,96.2,0,7,1,442,0,0,0,596,117,270,0,0,325,331
Payton Rion,13142,G,UTSA,11,100.0,0,331,65.6,68.1,68.2,1,4,227,100.0,100.0,98.0,2,7,2,442,0,53,0,442,242,242,389,0,200,0
Dillon Gordon,11071,TE,LSU,13,88.7,0,211,67.9,48.5,74.3,0,2,39,41.9,43.4,92.3,1,4,2,439,0,0,0,495,43,99,0,12,396,481
Roger Lewis Jr.,11246,WR,BOWL GREEN,14,42.1,1,122,66.9,,66.8,0,0,0,0.0,0.0,,6,0,0,438,0,0,0,1041,0,602,0,0,438,2
William Cavanaugh,17169,G,UTSA,12,100.0,1,331,62.7,55.4,66.4,1,7,210,100.0,100.0,98.1,3,8,0,437,0,0,0,437,220,220,437,0,217,0
Tyler Kroft,9518,TE,RUTGERS,13,60.5,0,278,77.1,74.9,81.5,0,0,66,19.4,19.5,100.0,0,0,0,437,0,0,0,722,69,354,0,1,368,668
Ray Hamilton,9845,TE,IOWA,13,69.8,0,192,63.3,68.3,68.2,0,2,57,23.7,24.4,96.5,2,3,1,437,0,0,0,626,61,250,0,0,376,576
Dustin Stanton,46857,T,OREGON ST,7,100.0,0,265,70.2,68.9,70.9,4,9,274,100.0,100.0,96.2,2,17,4,436,0,0,0,436,288,288,0,436,148,0
Tyler Murphy,9912,QB,BOSTON COL,13,49.3,0,121,76.4,,60.0,0,0,0,0.0,0.0,,2,0,0,435,0,0,0,883,0,312,0,0,435,0
Mario Alford,9671,WR,W VIRGINIA,13,42.9,0,343,61.7,,57.5,0,0,0,0.0,0.0,,3,0,0,435,0,0,0,1015,0,578,0,0,435,3
Marcus Mariota,9435,QB,OREGON,15,41.6,0,264,93.0,,60.0,0,0,0,0.0,0.0,,4,0,0,435,0,0,0,1046,0,541,0,0,435,0
Eric Noone,21823,G,UNLV,7,100.0,0,325,69.9,69.0,72.5,0,9,257,100.0,100.0,97.5,2,11,2,434,0,434,0,434,268,268,0,0,166,0
Austin Hill,10147,WR,ARIZONA,14,43.8,0,109,55.9,41.3,57.1,1,1,23,4.2,4.3,95.7,3,2,0,433,0,0,0,988,25,580,0,0,408,231
BJ Johnson III,18197,WR,GA SOUTHRN,12,72.6,0,174,64.6,,64.7,0,0,0,0.0,0.0,,2,0,0,431,0,0,0,594,0,160,0,0,431,0
Connor Cook,10734,QB,MICH STATE,13,48.8,0,223,77.4,,60.0,0,0,0,0.0,0.0,,1,0,0,429,0,0,0,880,0,410,0,0,429,0
Damien Mama,12139,G,USC,12,100.0,0,326,65.1,69.3,63.7,0,6,216,100.0,100.0,98.6,1,6,0,429,0,199,2,429,222,222,227,1,207,0
Josh Bordner,14153,TE,BOSTON COL,13,66.9,0,121,68.5,32.9,64.9,1,2,48,19.4,19.4,94.8,1,4,1,428,0,0,0,640,51,263,0,1,377,512
Brandon Allen,10835,QB,ARKANSAS,13,51.1,0,111,70.8,,60.3,0,0,0,0.0,0.0,,5,0,0,428,0,0,0,838,0,386,0,0,428,0
Alonzo Russell,11114,WR,TOLEDO,13,51.6,1,316,71.8,,67.3,0,0,0,0.0,0.0,,3,0,0,426,0,0,0,825,0,399,0,0,426,0
Randall Telfer,9631,TE,USC,13,58.0,0,326,71.6,70.7,84.1,0,0,71,19.2,19.8,95.8,2,3,3,426,0,0,3,734,76,384,0,4,350,483
Garrett Brown,17796,TE,AIR FORCE,12,65.6,0,101,70.7,60.8,56.5,0,0,1,0.6,0.5,100.0,4,0,0,426,0,0,0,649,1,187,0,0,425,194
Kentrellis Showers,14358,WR,GA SOUTHRN,12,71.6,0,174,66.2,,62.1,0,0,0,0.0,0.0,,0,0,0,426,0,0,0,595,0,169,0,0,426,0
Cody Clements,17292,QB,UAB,11,51.8,0,321,71.9,,60.0,0,0,0,0.0,0.0,,3,0,0,425,0,0,0,820,0,348,0,0,425,0
Jacob Seydel,16780,T,WASH STATE,9,100.0,0,341,60.5,66.6,51.5,1,17,327,100.0,100.0,95.7,2,23,5,425,0,14,0,425,342,342,34,354,83,23
Paxton Lynch,10660,QB,MEMPHIS,13,43.3,0,218,78.9,,60.0,0,0,0,0.0,0.0,,3,0,0,425,0,0,0,982,0,474,0,0,425,0
Desmine Hilliard,17886,G,BAYLOR,7,100.0,0,118,71.5,75.3,69.6,1,0,222,100.0,100.0,99.3,2,2,1,424,0,42,0,424,238,238,382,0,186,0
Jeremy Seaton,19117,FB,OKLA STATE,12,84.4,0,262,77.8,64.6,75.3,0,6,129,63.5,64.5,96.1,1,8,2,422,0,0,0,500,142,220,0,0,280,186
Kody Kohl,47142,TE,ARIZONA ST,13,54.7,0,110,54.6,73.1,59.7,0,0,40,10.7,11.0,100.0,2,0,0,422,0,0,1,771,43,392,0,0,379,469
Geoff Swaim,9679,TE,TEXAS,13,63.0,0,311,61.3,63.1,82.2,0,3,88,26.8,27.4,98.3,3,3,0,421,0,0,1,668,93,340,0,1,328,498
Chris Pohlman,13075,TE,BOWL GREEN,14,74.6,0,122,46.9,73.7,63.6,0,1,88,40.9,41.9,97.2,1,3,2,420,0,0,0,563,95,227,0,1,325,351
Ron Scoggins,16715,G,UNLV,6,100.0,2,325,60.1,62.4,63.3,3,9,261,100.0,100.0,96.6,4,15,3,420,0,181,0,420,277,277,239,0,143,0
Malcolm Johnson,9628,TE,MISS STATE,13,59.0,0,227,74.9,67.8,84.4,0,0,77,21.4,21.1,98.7,4,1,1,420,0,0,0,712,78,370,0,0,342,352
Cole Mosier,46381,G,KENTUCKY,11,100.0,0,202,72.4,82.8,70.0,1,3,219,100.0,100.0,99.1,1,4,0,419,0,242,12,419,227,227,159,6,192,0
Kyle Saxelid,46253,T,UNLV,8,100.0,0,325,64.7,58.2,67.2,5,13,253,100.0,100.0,95.3,1,21,3,419,0,7,408,419,266,266,4,0,153,0
Demarcus Robinson,10760,WR,FLORIDA,12,55.2,0,163,73.5,,74.8,0,0,0,0.0,0.0,,1,0,0,418,0,0,0,757,0,338,0,0,418,0
Tommy Shuler,14643,WR,MARSHALL,14,44.7,0,214,78.9,,58.4,0,0,0,0.0,0.0,,3,0,0,417,0,0,0,932,0,515,0,0,417,0
Bud Sasser,9634,WR,MISSOURI,14,45.9,0,229,80.3,,69.8,0,0,0,0.0,0.0,,4,0,0,417,0,0,0,908,0,491,0,0,417,0
Jerico Richardson,47944,WR,NEVADA,13,50.9,1,239,65.0,,66.7,0,0,0,0.0,0.0,,3,0,0,415,0,0,0,816,0,401,0,0,415,0
Cody Kessler,10727,QB,USC,13,43.7,0,326,92.5,,60.1,0,0,0,0.0,0.0,,3,0,0,415,0,0,0,949,0,517,0,0,415,0
James Knapke,46506,QB,BOWL GREEN,14,40.8,0,122,60.1,,60.5,0,0,0,0.0,0.0,,7,0,0,413,0,0,0,1012,0,567,0,0,413,0
Nathan Puthoff,46643,G,KENT STATE,7,100.0,0,201,63.4,68.4,60.0,1,5,244,100.0,100.0,98.8,0,6,0,413,0,0,0,413,257,257,413,0,156,0
Clint Trickett,15673,QB,W VIRGINIA,11,45.7,0,343,76.0,,60.0,0,0,0,0.0,0.0,,3,0,0,412,0,0,0,902,0,485,0,0,412,0
Jamison Crowder,9538,WR,DUKE,13,46.3,0,154,73.0,,68.0,0,0,0,0.0,0.0,,2,0,0,411,0,0,0,887,0,474,0,0,411,0
Reece White,18805,TE,NEW MEXICO,12,75.0,0,241,78.7,75.9,85.8,0,0,5,3.7,4.2,100.0,1,0,0,411,0,0,0,548,6,143,0,0,405,293
Demiere Burkett,12582,G,LA MONROE,7,100.0,0,209,56.6,63.4,56.2,2,10,252,100.0,100.0,97.6,3,12,0,411,0,411,0,411,263,263,0,0,148,0
Jonnu Smith,11855,TE,FIU,12,52.9,0,166,73.0,40.1,69.5,0,3,19,5.1,5.7,92.1,5,3,0,410,0,0,0,775,22,387,0,0,388,291
Blake Bell,9550,TE,OKLAHOMA,12,60.3,0,261,63.5,67.0,74.9,0,3,54,17.5,17.3,97.2,4,3,0,409,0,0,0,678,56,323,0,2,353,384
Quinn Kaehler,37765,QB,S DIEGO ST,12,53.3,0,284,56.3,,60.0,0,0,0,0.0,0.0,,4,0,0,408,0,0,0,766,0,348,0,0,408,0
Aaron Ripkowski,9639,FB,OKLAHOMA,13,86.2,0,261,79.4,65.3,85.1,0,1,49,46.2,48.7,99.0,3,1,0,407,0,0,0,472,56,115,0,0,351,135
Maty Mauk,46507,QB,MISSOURI,14,41.7,0,229,68.8,,60.2,0,0,0,0.0,0.0,,12,0,0,406,0,0,0,974,0,512,0,0,406,0
Cody Sokol,14536,QB,LA TECH,14,42.9,0,208,68.8,,60.0,0,0,0,0.0,0.0,,3,0,0,406,0,0,0,947,0,509,0,0,406,0
David Kaminski,18375,G,INDIANA,7,100.0,0,190,67.7,64.9,66.7,1,4,177,100.0,100.0,97.5,0,7,2,405,0,393,0,405,186,186,6,6,219,0
Brandon Fulse,14005,FB,AUBURN,13,87.7,0,115,80.6,72.1,85.5,1,6,85,60.7,61.0,95.9,0,7,0,405,0,0,1,462,89,146,0,0,316,68
Juwan Brescacin,16490,WR,N ILLINOIS,13,53.1,0,254,65.6,,79.3,0,0,0,0.0,0.0,,4,0,0,405,0,0,0,763,0,358,0,0,405,0
Hutson Mason,10168,QB,GEORGIA,13,53.9,0,173,85.5,,60.9,0,0,0,0.0,0.0,,4,0,0,403,0,0,0,748,0,322,0,0,403,0
Dakota Gordon,17297,FB,S DIEGO ST,13,75.3,0,284,90.5,55.0,92.5,0,0,43,29.7,30.5,97.7,2,1,1,402,0,0,0,534,46,151,0,0,356,34
Nick O'Leary,9627,TE,FLORIDA ST,14,50.3,0,167,90.2,75.7,81.6,0,0,54,12.4,12.1,100.0,2,0,0,402,0,0,0,800,55,453,0,0,347,687
Rakeem Cato,14642,QB,MARSHALL,14,40.5,0,214,88.7,,60.0,0,0,0,0.0,0.0,,3,0,0,401,0,0,0,991,0,542,0,0,401,0
Dimitric Camiel,46882,T,INDIANA,10,100.0,0,190,54.6,55.3,54.4,1,8,163,100.0,100.0,96.6,2,10,1,400,0,0,0,400,167,167,0,400,233,0
Nick Marshall,9829,QB,AUBURN,13,45.9,0,115,90.4,,60.3,0,0,0,0.0,0.0,,3,0,0,399,0,0,0,870,0,339,0,0,399,0
Ryan Malleck,11247,TE,VA TECH,12,56.4,0,337,52.5,72.1,63.4,0,2,60,17.2,16.7,98.3,3,2,0,399,0,0,0,708,62,371,0,1,337,417
Tyler Burns,18689,G,DOMINION,10,100.0,0,263,68.9,86.9,61.4,2,5,232,100.0,100.0,98.5,1,7,0,398,0,11,0,398,252,252,387,0,146,0
Mario Hull,10198,WR,RICE,13,52.3,0,275,66.3,,81.1,0,0,0,0.0,0.0,,2,0,0,397,0,0,0,759,0,362,0,0,397,0
Ron Willoughby,39400,WR,BUFFALO,11,49.4,1,126,78.5,,70.2,0,0,0,0.0,0.0,,1,0,0,395,0,0,0,800,0,405,0,0,395,0
Grant Hedrick,12753,QB,BOISE ST,14,39.2,0,120,90.7,,60.2,0,0,0,0.0,0.0,,3,0,0,393,0,0,0,1003,0,525,0,0,393,0
Andy Cunningham,16949,G,NEW MEX ST,6,100.0,0,242,75.3,80.2,74.3,0,4,198,100.0,100.0,99.0,2,4,0,393,0,0,0,393,204,204,168,224,189,0
Michael Brewer,19619,QB,VA TECH,13,41.2,1,337,69.0,,60.5,0,0,0,0.0,0.0,,4,0,0,392,0,0,0,951,0,533,0,0,392,3
Dane Evans,46560,QB,TULSA,12,40.7,0,320,59.8,,60.5,0,0,0,0.0,0.0,,2,0,0,392,0,0,0,964,0,544,0,0,392,0
Zach Terrell,12086,QB,W MICHIGAN,13,45.5,0,347,77.6,63.8,60.0,0,0,1,0.2,0.2,100.0,0,0,0,392,0,0,0,862,1,438,0,0,391,0
Tyler Boyd,10689,WR,PITTSBURGH,13,52.5,0,268,90.3,,63.5,0,0,0,0.0,0.0,,3,0,0,391,0,0,0,745,0,343,0,0,391,0
Dylan Thompson,9696,QB,S CAROLINA,13,41.2,0,289,73.3,,62.0,0,0,0,0.0,0.0,,3,0,0,391,0,0,0,949,0,520,0,0,391,0
Tommy Armstrong Jr.,46589,QB,NEBRASKA,13,42.6,0,238,60.6,,60.3,0,0,0,0.0,0.0,,1,0,0,391,0,0,0,918,0,407,0,0,391,0
Troy Mangen,47321,TE,OHIO,12,55.7,1,259,59.1,65.9,87.4,1,0,36,10.8,11.6,98.6,4,1,0,391,0,0,1,702,41,352,0,0,350,264
Jake Pisarcik,29826,G,OREGON,15,100.0,0,264,62.2,63.4,62.8,0,3,162,100.0,100.0,97.8,2,5,2,389,0,128,0,389,170,170,261,0,219,0
Brandon Sarabia,19371,G,TEXAS ST,8,100.0,0,314,57.7,78.5,55.7,0,4,186,100.0,100.0,98.9,4,4,0,389,0,199,0,389,195,195,190,0,194,0
Jimmay Mundine,10193,TE,KANSAS,12,57.0,0,198,78.2,57.4,68.4,2,2,55,16.0,16.7,94.5,2,5,1,389,0,0,2,683,59,353,0,1,330,392
Steven Scheu,11219,TE,VANDERBILT,12,52.7,0,333,79.0,53.5,69.9,0,1,44,11.9,11.7,98.9,0,1,0,388,0,0,0,736,46,394,0,2,342,583
Givens Price,10958,T,NEBRASKA,11,100.0,0,238,68.7,61.1,69.2,1,10,157,100.0,100.0,95.2,1,13,2,388,0,0,0,388,166,166,0,388,222,0
Blake Sims,11515,QB,ALABAMA,14,44.0,0,103,87.4,,60.2,0,0,0,0.0,0.0,,2,0,0,387,0,0,0,879,0,458,0,0,387,0
Jordan Payton,10788,WR,UCLA,13,43.4,0,324,73.1,,74.6,0,0,0,0.0,0.0,,2,0,0,387,0,0,0,891,0,504,0,0,387,4
Trevor Darling,46327,T,MIAMI FL,9,100.0,1,220,69.0,62.3,71.4,5,6,181,100.0,100.0,95.9,4,13,2,387,0,0,34,387,185,185,0,353,202,0
Kelvin White,20028,TE,ARMY,12,88.7,0,114,67.2,83.1,68.6,0,0,15,24.2,24.6,100.0,2,0,0,386,0,0,87,435,16,65,0,84,370,135
Austin Grammer,23315,QB,MIDDLE TN,12,44.3,0,224,76.0,,60.1,0,0,0,0.0,0.0,,1,0,0,386,0,0,0,871,0,425,0,0,386,0
Connor Hamlett,9828,TE,OREGON ST,12,53.6,0,265,59.0,74.1,67.5,0,5,78,19.7,20.1,96.8,2,5,0,385,0,0,0,718,84,417,0,0,301,575
Kenny Bell,9595,WR,NEBRASKA,13,58.5,0,238,85.4,60.9,89.2,0,0,1,0.4,0.4,100.0,1,0,0,385,0,0,0,658,1,274,0,0,384,1
Cayleb Jones,11075,WR,ARIZONA,14,39.4,0,109,65.0,,61.9,0,0,0,0.0,0.0,,8,0,0,384,0,0,0,975,0,591,0,0,384,0
Gerald Christian,9689,TE,LOUISVILLE,13,57.7,0,210,88.1,55.5,78.7,0,0,48,15.0,14.8,100.0,4,0,0,383,0,0,0,664,49,330,0,6,334,601
Anthony Jennings,46485,QB,LSU,13,51.2,0,211,61.4,,60.0,0,0,0,0.0,0.0,,4,0,0,382,0,0,0,746,0,289,0,0,382,0
Kenneth Scott,16622,WR,UTAH,13,50.3,0,328,69.5,,71.7,0,0,0,0.0,0.0,,2,0,0,382,0,0,0,759,0,377,0,0,382,0
Jerry Harris,46950,T,SO MISS,10,100.0,0,296,44.3,36.5,57.1,10,15,237,100.0,100.0,94.7,4,25,0,382,0,0,0,382,247,247,0,369,135,13
Xavier Moss,45115,WR,ARMY,12,78.7,0,114,56.0,,73.4,0,0,0,0.0,0.0,,0,0,0,381,0,0,0,484,0,101,0,0,381,0
Micheal Summers,38058,WR,GA TECH,14,78.7,0,176,60.8,74.0,78.0,0,0,6,5.7,6.4,100.0,2,0,0,380,0,0,26,483,7,110,0,7,373,2
Nick Callender,21885,G,COLO STATE,11,100.0,1,144,59.2,39.3,65.9,3,10,202,100.0,100.0,96.3,2,14,1,379,0,162,212,379,214,214,0,2,165,3
Isaiah Ford,11991,WR,VA TECH,13,42.8,0,337,72.8,,59.5,0,0,0,0.0,0.0,,3,0,0,379,0,0,0,885,0,502,0,0,379,0
Taylor Lamb,46422,QB,APP STATE,12,48.2,0,108,67.2,,60.0,0,0,0,0.0,0.0,,3,0,0,379,0,0,0,787,0,353,0,0,379,0
Fred Lauina,46092,G,OREGON ST,6,100.0,0,265,68.5,79.0,63.7,2,5,237,100.0,100.0,98.5,1,7,0,379,0,379,0,379,249,249,0,0,130,0
Gary Nova,12894,QB,RUTGERS,13,48.8,0,278,72.4,,60.0,0,0,0,0.0,0.0,,5,0,0,379,0,0,0,777,0,377,0,0,379,0
Archie Lewis,46294,T,BOISE ST,11,100.0,0,120,71.3,73.7,68.0,2,4,173,100.0,100.0,97.1,1,8,2,378,0,0,253,378,177,177,4,109,201,12
Drew Hare,46600,QB,N ILLINOIS,14,42.1,0,254,76.8,,60.0,0,0,0,0.0,0.0,,0,0,0,378,0,0,0,898,0,396,0,0,378,0
Steven Walker,16918,TE,COLO STATE,13,61.6,1,144,68.6,62.3,64.9,1,2,70,23.4,23.9,96.4,2,4,1,378,0,0,6,614,74,310,0,0,304,439
Anu Solomon,46599,QB,ARIZONA,14,33.9,0,109,68.6,,60.1,0,0,0,0.0,0.0,,4,0,0,377,0,0,0,1113,0,667,0,0,377,0
Bryce Petty,9536,QB,BAYLOR,12,41.0,0,118,83.0,,60.0,0,0,0,0.0,0.0,,3,0,0,377,0,0,0,920,0,495,0,0,377,0
Terry Baggett,15692,HB,ARMY,12,78.2,0,114,76.9,80.2,72.9,0,0,13,22.4,21.3,100.0,2,0,0,377,0,0,0,482,13,61,0,0,364,197
Patrick Miller,9694,T,AUBURN,7,100.0,2,115,67.7,72.2,65.7,1,7,153,100.0,100.0,97.4,4,8,0,377,0,0,0,377,157,157,0,377,220,0
Richard Greenwalt,14534,G,LA TECH,9,100.0,0,208,71.8,72.5,72.0,0,5,186,100.0,100.0,98.7,2,5,0,376,0,0,0,376,194,194,376,0,182,0
Tre'Von Armstead,22527,TE,BAYLOR,13,83.4,0,118,56.7,55.8,62.5,0,3,133,66.2,65.0,98.1,3,4,1,376,0,0,15,451,139,214,0,14,237,221
Joe Licata,11390,QB,BUFFALO,11,47.2,0,126,68.2,,60.1,0,0,0,0.0,0.0,,0,0,0,375,0,0,0,794,0,405,0,0,375,0
Stefan Moreau,38203,G,ARMY,9,100.0,0,114,65.2,71.3,64.2,0,3,64,100.0,100.0,97.7,1,3,0,375,0,168,0,375,66,66,207,0,309,0
Sam Cotton,12343,TE,NEBRASKA,13,74.1,1,238,51.8,52.6,59.6,2,2,40,24.1,26.4,95.0,1,4,0,375,0,0,0,506,47,178,0,0,328,335
Tyler Winston,21837,WR,S JOSE ST,12,43.8,0,285,67.8,,60.0,0,0,0,0.0,0.0,,1,0,0,375,0,0,0,856,0,481,0,0,375,0
Brandon Doughty,10857,QB,W KENTUCKY,13,37.7,0,346,87.5,,60.0,0,0,0,0.0,0.0,,2,0,0,375,0,0,0,994,0,607,0,0,375,0
Brad Kaaya,11970,QB,MIAMI FL,13,46.5,0,220,67.7,,60.6,0,0,0,0.0,0.0,,4,0,0,374,0,0,0,805,0,422,0,0,374,0
Charlie Callinan,48029,WR,BOSTON COL,13,57.7,0,121,53.7,,64.3,0,0,0,0.0,0.0,,1,0,0,374,0,0,0,648,0,274,0,0,374,30
Zach Trujillo,14496,TE,KANSAS ST,13,70.1,0,199,84.1,75.4,66.1,1,0,89,36.8,38.1,97.2,1,3,2,373,0,0,2,532,98,257,0,0,275,518
Nick Von Rotz,13662,T,IDAHO,11,100.0,1,185,52.1,33.3,64.8,1,15,208,100.0,100.0,94.7,3,19,3,373,0,0,199,373,225,225,0,174,148,0
Storm Norton,12188,T,TOLEDO,12,100.0,0,316,82.3,77.0,79.8,1,1,145,100.0,100.0,97.2,1,5,3,373,0,0,344,373,153,153,0,25,220,4
Cody Fajardo,9976,QB,NEVADA,13,37.8,0,239,75.6,,60.0,0,0,0,0.0,0.0,,0,0,0,373,0,0,0,987,0,475,0,0,373,0
Maxx Williams,9488,TE,MINNESOTA,12,63.7,0,225,90.1,72.0,83.2,0,0,5,2.4,2.8,100.0,3,0,0,372,0,0,0,584,6,218,0,0,366,364
Mitch Leidner,46437,QB,MINNESOTA,12,49.1,0,225,55.0,61.2,60.0,0,0,1,0.4,0.3,100.0,3,0,0,372,0,0,0,757,1,286,0,0,371,0
Alex Zmolik,19728,TE,TOLEDO,12,60.7,0,316,63.5,75.9,72.4,0,0,22,8.7,9.1,100.0,0,0,0,372,0,0,0,613,24,265,0,0,348,277
Darion Griswold,10908,TE,ARK STATE,13,49.5,0,113,63.2,81.3,87.8,0,0,24,6.3,6.6,100.0,2,0,0,372,0,0,0,752,27,407,0,0,345,205
Roderick Johnson,11915,T,FLORIDA ST,8,100.0,0,167,71.2,77.2,67.2,1,7,201,100.0,100.0,98.0,3,8,0,372,0,0,372,372,208,208,0,0,164,0
Marcus Smith,18761,TE,N TEXAS,12,75.3,0,251,75.8,56.2,64.4,0,4,52,30.2,31.5,96.2,0,4,0,371,0,0,2,493,56,178,0,1,315,396
Michael Ivory,46099,T,GA STATE,5,100.0,0,175,56.3,46.8,64.0,4,12,206,100.0,100.0,94.7,2,19,3,371,0,0,365,371,221,221,0,0,150,6
Jordan Gray,17094,T,UTSA,12,100.0,0,331,70.3,66.2,70.2,2,10,182,100.0,100.0,96.2,1,13,1,371,0,0,0,371,194,194,0,359,177,11
Driphus Jackson,19062,QB,RICE,13,43.4,0,275,75.6,,60.0,0,0,0,0.0,0.0,,4,0,0,370,0,0,0,852,0,406,0,0,370,0
Nelson Spruce,11199,WR,COLORADO,12,38.4,0,143,77.4,,52.9,0,0,0,0.0,0.0,,0,0,0,369,0,0,0,961,0,591,0,0,369,5
Austin Schmidt,46251,T,ILLINOIS,10,99.7,0,187,66.6,80.4,57.5,4,9,224,100.0,99.6,96.7,3,14,1,369,0,0,368,370,235,236,0,0,134,1
Joe Manley,20833,G,W KENTUCKY,11,100.0,0,346,66.2,62.3,66.1,4,7,220,100.0,100.0,97.5,0,11,0,368,0,8,0,368,227,227,360,0,141,0
Trent Brown,9677,G,FLORIDA,11,100.0,0,163,74.9,84.2,74.7,0,3,183,100.0,100.0,98.6,3,4,1,368,0,0,0,368,190,190,364,4,178,0
Cyler Miles,24224,QB,WASHINGTON,12,43.4,0,340,61.8,,60.2,0,0,0,0.0,0.0,,3,0,0,367,0,0,0,846,0,424,0,0,367,0
Alex Welch,14562,TE,MIAMI OH,10,61.6,0,221,60.6,62.4,47.5,1,7,164,42.8,42.8,96.3,6,10,2,367,0,0,0,596,171,400,0,0,196,455
James Polk,15306,G,TEXAS TECH,5,100.0,0,315,69.5,73.4,69.7,1,11,240,100.0,100.0,97.5,3,12,0,366,0,62,0,366,254,254,304,0,112,0
Ryan Hoefeld,28232,C,FLORIDA ST,6,100.0,1,167,52.2,35.8,59.9,5,13,210,100.0,100.0,94.8,4,20,2,366,366,0,0,366,218,218,0,0,148,0
Amari Cooper,9437,WR,ALABAMA,14,44.7,0,103,92.8,,59.9,0,0,0,0.0,0.0,,2,0,0,365,0,0,0,816,0,446,0,0,365,0
Max McCaffrey,11357,WR,DUKE,13,44.2,0,154,57.1,,69.7,0,0,0,0.0,0.0,,3,0,0,364,0,0,0,824,0,460,0,0,364,0
Joseph Matthews,12782,WR,NEW MEX ST,12,47.8,0,242,60.8,,63.7,0,0,0,0.0,0.0,,1,0,0,364,0,0,0,762,0,398,0,0,364,0
Clay Burton,9729,TE,FLORIDA,12,66.2,1,163,49.7,70.2,56.4,0,1,55,23.3,23.8,97.3,3,2,1,364,0,0,0,550,58,244,0,1,306,345
Zach West,18398,G,KENTUCKY,9,100.0,1,202,82.5,81.9,80.3,0,3,211,100.0,100.0,98.8,3,4,1,363,0,363,0,363,218,218,0,0,145,0
Rashad Greene Sr.,9572,WR,FLORIDA ST,14,39.9,0,167,82.2,,63.5,0,0,0,0.0,0.0,,0,0,0,363,0,0,0,910,0,546,0,0,363,1
Logan Woodside,46517,QB,TOLEDO,12,49.0,0,316,70.2,,60.2,0,0,0,0.0,0.0,,2,0,0,363,0,0,0,741,0,336,0,0,363,0
Sam Brunner,47231,TE,BALL ST,12,73.6,0,117,52.5,65.1,65.5,1,1,52,29.1,29.7,98.1,0,2,0,362,0,0,0,492,55,185,0,0,307,487
Angel Santiago,15696,QB,ARMY,12,57.0,0,114,54.5,,60.0,0,0,0,0.0,0.0,,0,0,0,362,0,0,0,635,0,103,0,0,362,0
Keyon Haughton,19867,C,KANSAS,5,100.0,0,198,68.4,81.0,70.0,1,0,171,100.0,100.0,99.1,5,2,1,361,361,0,0,361,174,174,0,0,187,0
Terrance Broadway,15286,QB,LA LAFAYET,13,41.4,0,207,66.6,,60.3,0,0,0,0.0,0.0,,3,0,0,361,0,0,0,873,0,414,0,0,361,0
Ivan Foy,17151,T,SYRACUSE,6,100.0,2,304,55.2,50.1,59.1,1,9,165,100.0,100.0,96.4,6,11,1,359,0,0,0,359,174,174,0,359,185,0
Holden Huff,16767,TE,BOISE ST,13,72.0,0,120,61.1,68.4,67.0,0,0,54,29.0,29.1,100.0,5,0,0,358,0,0,1,497,57,196,0,1,301,395
Abram Holland,46721,G,NEW MEX ST,7,100.0,0,242,77.3,89.8,80.2,0,0,187,100.0,100.0,100.0,4,0,0,358,0,4,0,358,191,191,354,0,167,0
Ikaika Woolsey,46495,QB,HAWAII,13,38.7,0,180,58.7,,61.3,0,0,0,0.0,0.0,,3,0,0,358,0,0,0,924,0,534,0,0,358,0
Tres Houston,17604,WR,ARK STATE,13,47.5,0,113,69.7,,82.5,0,0,0,0.0,0.0,,5,0,0,357,0,0,0,752,0,395,0,0,357,0
Pharoh Cooper,10751,WR,S CAROLINA,13,42.6,1,289,77.3,,57.1,0,0,0,0.0,0.0,,2,0,0,357,0,0,0,839,0,456,0,0,357,41
James Butler,10315,WR,LA LAFAYET,13,49.2,0,207,66.7,,75.6,0,0,0,0.0,0.0,,0,0,0,357,0,0,0,725,0,368,0,0,357,0
Keevan Lucas,47572,WR,TULSA,12,41.3,0,320,79.6,,57.3,0,0,0,0.0,0.0,,2,0,0,356,0,0,0,861,0,498,0,0,356,4
Dylan Curry,17811,TE,BALL ST,12,73.9,0,117,52.1,63.6,54.6,0,2,33,21.4,22.2,97.0,1,2,0,356,0,0,0,482,36,162,0,0,320,411
Alex Deleon,14344,TE,FAU,12,52.0,0,165,67.2,59.9,83.2,0,0,49,13.6,13.9,98.0,2,1,1,356,0,0,0,684,53,381,0,1,303,264
Will Fuller V,10655,WR,NOTRE DAME,13,40.0,1,258,75.0,,54.7,0,0,0,0.0,0.0,,3,0,0,355,0,0,0,888,0,533,0,0,355,3
Nelson Agholor,9453,WR,USC,13,42.8,0,326,89.2,,63.3,0,0,0,0.0,0.0,,2,0,0,353,0,0,0,824,0,467,0,0,353,22
Jacoby Brissett,10725,QB,NC STATE,13,39.9,0,248,80.1,63.8,61.0,0,0,1,0.2,0.2,100.0,0,0,0,353,0,0,0,885,1,496,0,0,352,0
Nick Harwell,9846,WR,KANSAS,12,47.4,0,198,60.5,70.8,59.8,0,0,1,0.3,0.3,100.0,0,0,0,352,0,0,0,743,1,390,0,0,351,2
Jeb Blazevich,47140,TE,GEORGIA,13,66.7,0,173,67.6,33.6,61.9,0,2,27,13.7,13.7,92.6,1,3,1,352,0,0,3,528,28,204,0,0,324,409
Mike Williams,11762,WR,CLEMSON,13,45.0,0,140,82.2,,79.1,0,0,0,0.0,0.0,,0,0,0,352,0,0,0,783,0,431,0,0,352,0
Brett Hundley,9580,QB,UCLA,13,36.9,0,324,72.6,,60.0,0,0,0,0.0,0.0,,0,0,0,351,0,0,0,950,0,520,0,0,351,0
Wade Hansen,11484,T,VA TECH,10,100.0,0,337,60.4,48.7,67.6,5,13,182,100.0,100.0,94.5,4,19,1,351,0,0,0,351,189,189,0,351,162,0
Eric Tomlinson,9786,TE,UTEP,11,69.4,0,330,78.4,74.0,80.3,0,0,19,11.7,11.0,100.0,0,0,0,350,0,0,3,504,19,173,0,0,331,341
J.J. Nelson,9592,WR,UAB,12,55.2,1,321,63.1,,57.2,0,0,0,0.0,0.0,,2,0,0,350,0,0,1,634,0,280,0,0,350,1
Jack Tabb,10088,TE,N CAROLINA,13,46.0,0,245,61.2,70.2,83.6,0,1,18,4.4,4.2,97.2,4,1,0,349,0,0,1,759,18,428,0,0,331,189
Casey Pierce,9756,TE,KENT STATE,11,47.7,0,201,70.2,75.4,49.3,1,2,101,21.6,22.2,98.5,3,3,0,349,0,0,1,731,109,491,0,0,240,521
Barrett Burns,47334,FB,APP STATE,12,76.0,0,108,65.3,79.6,67.5,0,1,40,28.6,30.6,98.7,2,1,0,349,0,0,0,459,48,157,0,0,301,200
Nick Plavchak,17870,T,BALL ST,12,100.0,0,117,69.1,71.7,64.3,1,4,174,100.0,100.0,97.4,0,7,2,349,0,0,188,349,179,179,0,161,170,0
Coleman Thomas,30136,T,TENNESSEE,8,100.0,0,307,38.5,29.0,48.5,9,16,204,100.0,100.0,91.9,2,29,4,349,0,0,0,349,211,211,0,349,138,0
Tyler Jones,46534,QB,TEXAS ST,12,37.9,0,314,64.4,,60.0,0,0,0,0.0,0.0,,4,0,0,348,0,0,0,919,0,439,0,0,348,0
Ben Ijah,15320,WR,TEXAS ST,12,54.0,0,314,64.8,,69.9,0,0,0,0.0,0.0,,2,0,0,348,0,0,0,645,0,297,0,0,348,0
Anthony Boone,9751,QB,DUKE,13,37.6,0,154,60.3,,61.5,0,0,0,0.0,0.0,,5,0,0,347,0,0,0,923,0,495,0,0,347,0
Katrae Ford,15396,TE,UTEP,13,67.1,0,330,58.4,70.5,75.2,0,1,19,10.6,10.1,97.4,3,1,0,347,0,0,0,517,19,189,0,0,328,301
Ben Compton,51548,C,TEXAS A&M,10,100.0,0,312,80.7,79.4,76.2,0,4,174,100.0,100.0,98.9,0,4,0,347,259,0,0,347,179,179,0,0,168,15
Andrew Bridges,12645,T,VANDERBILT,12,100.0,1,333,60.7,53.6,61.8,3,9,180,100.0,100.0,96.1,1,13,1,346,0,0,130,346,193,193,0,204,153,12
Wyatt Houston,12136,TE,UTAH ST,14,67.3,0,329,60.7,55.9,62.8,3,2,58,26.7,28.5,92.2,3,7,2,345,0,0,7,513,67,235,0,6,278,424
Jared Cohen,38283,G,N CAROLINA,10,100.0,0,245,73.0,70.6,74.9,1,6,193,100.0,100.0,98.2,3,7,0,345,0,0,0,345,201,201,345,0,144,0
Zach Collins,28996,G,MEMPHIS,8,100.0,0,218,59.1,54.7,59.5,1,7,153,100.0,100.0,96.7,1,9,1,345,0,99,0,345,160,160,246,0,185,0
Devon Allen,47972,WR,OREGON,13,47.7,0,264,65.0,,68.7,0,0,0,0.0,0.0,,2,0,0,345,0,0,0,724,0,378,0,0,345,0
Colby Kirkegaard,15685,QB,WYOMING,12,43.3,0,351,67.5,,60.0,0,0,0,0.0,0.0,,3,0,0,344,0,0,0,795,0,432,0,0,344,0
Pharaoh Brown,12247,TE,OREGON,10,57.7,0,264,71.7,44.7,76.8,0,3,33,12.1,12.2,95.5,7,3,0,344,0,0,7,596,35,287,0,3,309,335
Justin Holman,46581,QB,UCF,13,38.8,0,323,64.7,,60.0,0,0,0,0.0,0.0,,1,0,0,343,0,0,0,883,0,488,0,0,343,0
Shane Wynn,9780,WR,INDIANA,12,52.3,0,190,74.3,,64.4,0,0,0,0.0,0.0,,2,0,0,343,0,0,0,656,0,308,0,0,343,0
Sefo Liufau,12064,QB,COLORADO,12,36.0,0,143,69.2,,60.2,0,0,0,0.0,0.0,,0,0,0,342,0,0,0,950,0,573,0,0,342,0
Justin Olack,15551,WR,TOLEDO,13,51.7,0,316,56.5,61.9,65.4,0,0,1,0.3,0.3,100.0,1,0,0,342,0,0,0,662,1,320,0,0,341,1
Harold Moleni,18211,TE,HAWAII,13,64.2,1,180,46.6,64.2,51.5,0,2,88,32.7,32.9,97.7,2,3,1,341,0,0,0,531,93,283,0,0,248,487
Antwan Goodley,9843,WR,BAYLOR,11,43.9,0,118,70.3,,73.8,0,0,0,0.0,0.0,,2,0,0,341,0,0,0,777,0,428,0,0,341,0
Jameis Winston,9434,QB,FLORIDA ST,13,38.1,0,167,83.0,,60.0,0,0,0,0.0,0.0,,2,0,0,341,0,0,0,895,0,530,0,0,341,0
Darius Terrell,39496,WR,N TEXAS,12,50.6,0,251,59.2,,61.9,0,0,0,0.0,0.0,,2,0,0,340,0,0,0,672,0,332,0,0,340,0
Kendrick Roberts,19874,WR,W MICHIGAN,13,46.7,0,347,49.9,63.9,66.3,0,0,1,0.3,0.3,100.0,1,0,0,340,0,0,0,728,1,389,0,0,339,0
Tyler Rogers,46638,QB,NEW MEX ST,12,39.2,0,242,56.4,,60.2,0,0,0,0.0,0.0,,2,0,0,340,0,0,0,868,0,477,0,0,340,0
Tyreese Russell,39529,TE,E MICHIGAN,12,56.5,0,160,68.9,52.0,63.7,0,2,38,13.0,13.0,94.7,1,3,1,339,0,0,6,600,39,300,0,10,300,350
Teldrick Morgan,47726,WR,NEW MEX ST,12,45.9,0,242,74.0,,72.2,0,0,0,0.0,0.0,,0,0,0,339,0,0,0,738,0,397,0,0,339,0
Deontay Greenberry,9844,WR,HOUSTON,13,38.7,0,182,67.4,,60.4,0,0,0,0.0,0.0,,2,0,0,338,0,0,0,874,0,536,0,0,338,0
Christian Hackenberg,10685,QB,PENN STATE,13,35.5,0,266,47.2,,61.3,0,0,0,0.0,0.0,,3,0,0,338,0,0,0,951,0,592,0,0,338,0
Fredi Knighten,17824,QB,ARK STATE,13,33.0,0,113,64.6,,60.0,0,0,0,0.0,0.0,,2,0,0,338,0,0,0,1023,0,547,0,0,338,0
Joel Stave,10985,QB,WISCONSIN,10,58.3,0,349,66.9,,60.0,0,0,0,0.0,0.0,,3,0,0,337,0,0,0,578,0,229,0,0,337,0
Edgar Poe,39749,WR,ARMY,12,77.6,0,114,70.4,,77.5,0,0,0,0.0,0.0,,2,0,0,336,0,0,0,433,0,97,0,0,336,0
Marcus Kemp,12137,WR,HAWAII,13,39.0,0,180,61.8,63.9,70.3,0,0,1,0.2,0.2,100.0,1,0,0,336,0,0,0,861,1,526,0,0,335,0
Michael Giacone,47343,TE,BOSTON COL,13,94.4,0,121,55.0,59.4,60.4,0,1,30,62.5,60.8,98.3,3,1,0,336,0,0,5,356,31,51,0,5,305,343
Joshua Perkins,11051,TE,WASHINGTON,12,56.6,1,340,64.3,68.0,64.9,0,1,35,12.3,12.2,98.6,2,1,0,336,0,0,10,594,36,294,0,4,300,302
Jake Raulerson,38313,C,TEXAS,8,100.0,0,311,66.3,78.2,62.4,1,3,174,100.0,100.0,98.3,3,5,1,335,310,4,0,335,187,187,0,21,148,0
Evan Spencer,9620,WR,OHIO STATE,15,54.1,0,260,58.9,34.4,83.0,0,0,0,0.0,0.0,,0,0,0,334,0,0,0,617,0,283,0,0,334,2
Drew Goodger,12443,TE,MINNESOTA,13,81.9,0,225,72.5,56.8,81.3,0,2,50,41.0,41.7,96.0,0,3,1,334,0,0,1,408,53,127,0,1,281,359
Phillip Dorsett,9462,WR,MIAMI FL,13,46.3,0,220,72.9,,73.2,0,0,0,0.0,0.0,,0,0,0,334,0,0,0,722,0,386,0,0,334,0
Leonte Carroo,10720,WR,RUTGERS,13,46.3,0,278,82.7,,81.2,0,0,0,0.0,0.0,,0,0,0,333,0,0,0,719,0,386,0,0,333,0
Jacobi Owens,45647,HB,AIR FORCE,10,51.5,0,101,64.8,72.8,69.1,0,1,31,23.8,23.9,98.4,0,1,0,333,0,0,0,647,34,142,0,0,299,96
JuJu Smith-Schuster,11817,WR,USC,13,44.9,0,326,75.9,,80.8,0,0,0,0.0,0.0,,3,0,0,333,0,0,0,741,0,406,0,0,333,19
Brock Macaulay,47005,T,KENT STATE,10,100.0,0,201,61.7,59.9,62.1,1,10,215,100.0,100.0,97.0,2,12,1,332,0,0,0,332,226,226,0,332,106,0
Kevin Schloemer,38577,G,CINCINNATI,8,100.0,0,138,78.4,89.2,75.4,1,1,198,100.0,100.0,99.5,1,2,0,332,0,332,0,332,206,206,0,0,126,0
Danny Vitale,10831,TE,NWESTERN,12,48.7,0,256,64.3,58.8,62.3,0,0,27,7.6,7.4,100.0,0,0,0,332,0,0,0,682,28,377,0,0,304,255
Brian Burrell,17419,QB,FRESNO ST,14,36.4,0,169,70.1,,60.0,0,0,0,0.0,0.0,,1,0,0,330,0,0,0,906,0,519,0,0,330,0
Larry Dixon,15624,HB,ARMY,12,58.7,1,114,80.8,77.5,77.5,0,1,54,56.8,56.6,99.1,2,1,0,330,0,0,0,562,56,99,0,0,274,0
Tyrone Swoopes,12267,QB,TEXAS,13,38.9,0,311,63.4,,60.0,0,0,0,0.0,0.0,,3,0,0,330,0,0,0,849,0,465,0,0,330,0
Kevin Hogan,10796,QB,STANFORD,13,41.1,0,300,71.0,,60.5,0,0,0,0.0,0.0,,3,0,0,329,0,0,0,801,0,430,0,0,329,0
Clive Walford,9501,TE,MIAMI FL,12,60.5,0,220,91.2,71.9,75.3,0,0,39,15.9,15.7,100.0,4,0,0,329,0,0,0,544,40,255,0,0,289,368
Carlos Harris,18681,WR,N TEXAS,12,46.9,0,251,78.2,,64.6,0,0,0,0.0,0.0,,0,0,0,329,0,0,0,702,0,363,0,0,329,0
Chris Conley,9509,WR,GEORGIA,13,54.6,0,173,74.2,,69.7,0,0,0,0.0,0.0,,0,0,0,329,0,0,0,603,0,274,0,0,329,1
Lee Ward,10046,FB,STANFORD,13,86.8,0,300,67.7,56.4,72.3,1,1,36,44.4,43.0,94.4,2,3,1,328,0,0,0,378,37,86,0,0,291,8
Ryan Burbrink,17092,WR,BOWL GREEN,14,39.4,0,122,68.9,,62.7,0,0,0,0.0,0.0,,0,0,0,328,0,0,0,832,0,504,0,0,328,2
Shaq Counts,17803,G,APP STATE,12,100.0,0,108,67.6,86.0,65.3,1,1,144,100.0,100.0,99.3,2,2,0,327,0,325,0,327,160,160,2,0,167,0
Quan Bray,9700,WR,AUBURN,13,57.5,0,115,72.4,61.9,67.8,0,0,1,0.4,0.4,100.0,1,0,0,327,0,0,0,569,1,234,0,0,326,1
Sammie Coates,9520,WR,AUBURN,12,54.2,0,115,77.3,61.0,84.4,0,0,1,0.4,0.4,100.0,5,0,0,327,0,0,0,603,1,277,0,0,326,0
Brandyn Cook,18542,C,MIAMI OH,6,100.0,0,221,65.1,87.4,62.4,0,2,217,100.0,100.0,99.1,5,3,1,327,301,0,0,327,227,227,26,0,100,0
Alex Acey,13855,G,APP STATE,8,100.0,0,108,75.1,62.0,78.2,3,5,163,100.0,100.0,96.9,0,9,1,326,0,0,0,326,179,179,326,0,147,0
Corey Davis,11760,WR,W MICHIGAN,12,45.9,2,347,90.2,,77.5,0,0,0,0.0,0.0,,4,0,0,326,0,0,0,710,0,384,0,0,326,0
David Reeves,10893,FB,DUKE,13,61.3,0,154,59.6,47.4,69.6,0,2,33,14.3,14.5,97.0,0,2,0,326,0,0,0,532,35,241,0,0,291,124
J.D. Krill,15618,TE,WYOMING,12,77.8,0,351,56.9,62.5,52.6,1,2,62,40.5,41.1,96.0,2,4,1,325,0,0,0,418,65,158,0,0,260,406
Jaelen Strong,9503,WR,ARIZONA ST,12,41.6,1,110,86.6,,65.4,0,0,0,0.0,0.0,,2,0,0,325,0,0,0,781,0,455,0,0,325,0
Brian Vogler,10012,TE,ALABAMA,14,67.4,0,103,54.3,70.1,67.0,0,1,65,29.4,30.8,99.2,1,1,0,325,0,0,2,482,70,227,0,2,255,351
Tyler Duncan,14858,WR,NEW MEXICO,12,72.5,0,241,68.2,,81.7,0,0,0,0.0,0.0,,1,0,0,324,0,0,0,447,0,123,0,0,324,0
Adam Khouri,29508,G,NEVADA,10,100.0,1,239,63.4,62.0,63.4,2,2,130,100.0,100.0,98.5,4,4,0,324,0,324,0,324,139,139,0,0,185,0
John Harris,9748,WR,TEXAS,13,41.4,0,311,79.7,,85.8,0,0,0,0.0,0.0,,2,0,0,323,0,0,0,781,0,458,0,0,323,0
Nigel King,9817,WR,KANSAS,12,47.6,0,198,64.5,,70.0,0,0,0,0.0,0.0,,1,0,0,323,0,0,0,678,0,355,0,0,323,0
Dave Lefotu,14411,G,HAWAII,7,100.0,0,180,65.0,73.5,64.8,1,3,190,100.0,100.0,97.9,1,6,2,323,2,83,0,323,203,203,238,0,120,0
Issac Blakeney,9691,WR,DUKE,13,47.0,0,154,61.6,,66.8,0,0,0,0.0,0.0,,5,0,0,322,0,0,0,685,0,363,0,0,322,0
Dezmand Candelarie,46206,G,NEW MEX ST,4,100.0,0,242,61.2,57.4,63.6,0,6,161,100.0,100.0,98.1,2,6,0,321,0,0,0,321,172,172,321,0,149,0
Michael Thomas,10681,WR,OHIO STATE,15,51.4,1,260,77.6,,69.1,0,0,0,0.0,0.0,,3,0,0,321,0,0,0,624,0,303,0,0,321,0
Alex McGough,46420,QB,FIU,12,45.3,1,166,33.3,,60.0,0,0,0,0.0,0.0,,3,0,0,321,0,0,0,709,0,341,0,0,321,0
Tony Lippett,9589,WR,MICH STATE,13,48.3,0,223,90.2,,72.8,0,0,0,0.0,0.0,,3,0,0,321,0,0,0,664,0,341,0,0,321,0
Justin Hardy,9540,WR,E CAROLINA,13,32.7,0,156,89.5,68.5,77.6,0,0,1,0.2,0.2,100.0,3,0,0,320,0,0,0,979,1,659,0,0,319,0
Cam Serigne,47249,TE,WAKE,12,47.2,0,339,67.0,25.7,51.1,0,6,53,13.5,14.0,88.7,0,9,3,319,0,0,0,676,58,415,0,0,261,458
Trevor Siemian,9683,QB,NWESTERN,11,39.5,0,256,75.4,,60.0,0,0,0,0.0,0.0,,3,0,0,319,0,0,0,807,0,465,0,0,319,0
Charles Perkins,13590,FB,GA TECH,11,73.2,0,176,76.8,76.0,66.1,0,1,26,28.6,28.4,94.2,1,2,1,319,0,0,0,436,27,95,0,0,292,234
Bradley Miller,15321,FB,TEXAS ST,12,52.5,0,314,75.8,74.7,68.3,0,1,32,10.5,10.8,98.4,2,1,0,319,0,0,0,608,35,324,0,0,284,220
Shane Carden,10001,QB,E CAROLINA,13,29.4,0,156,80.6,,60.1,0,0,0,0.0,0.0,,5,0,0,319,0,0,0,1084,0,725,0,0,319,0
Deon Hill,13589,TE,GA TECH,14,72.3,0,176,85.3,72.5,73.2,0,1,33,28.9,29.0,98.5,1,1,0,319,0,0,0,441,36,124,0,0,283,267
Sean Mannion,9522,QB,OREGON ST,12,36.9,0,265,77.6,,60.0,0,0,0,0.0,0.0,,6,0,0,318,0,0,0,861,0,527,0,0,318,0
Michael Stannard,23017,G,MEMPHIS,10,100.0,0,218,63.6,66.0,63.1,1,8,150,100.0,100.0,97.0,2,9,0,318,0,0,0,318,155,155,318,0,163,0
Glenn Gronkowski,10966,FB,KANSAS ST,13,80.9,0,199,83.3,80.7,85.0,3,0,64,47.1,48.2,97.7,1,3,0,318,0,0,0,393,67,139,0,0,251,19
Garrett Gorringe,21246,G,GA STATE,6,100.0,0,175,57.7,49.0,66.7,1,5,173,100.0,100.0,97.7,6,7,1,317,0,299,0,317,186,186,18,0,131,0
Josiah Price,47207,TE,MICH STATE,13,54.6,0,223,69.6,51.7,70.1,0,4,48,15.9,16.2,95.8,3,4,0,317,0,0,10,581,51,315,0,1,266,438
K.D. Cannon,12241,WR,BAYLOR,13,44.1,0,118,74.2,,61.7,0,0,0,0.0,0.0,,2,0,0,317,0,0,0,719,0,400,0,0,317,0
Levon Myers,46358,T,N ILLINOIS,13,100.0,0,254,68.1,62.9,66.3,2,3,120,100.0,100.0,97.9,1,5,0,317,0,0,167,317,128,128,0,150,189,0
Leo Koloamatangi,12187,G,HAWAII,5,100.0,0,180,59.5,79.8,56.4,0,4,190,100.0,100.0,98.4,3,5,1,316,0,288,0,316,203,203,28,0,113,0
Brian Allen,46104,G,MICH STATE,12,100.0,0,223,61.7,67.8,61.9,0,6,121,100.0,100.0,96.7,2,7,1,316,61,227,0,316,129,129,28,0,187,0
Chris Edling,18741,TE,NEW MEXICO,11,92.4,0,241,83.7,71.1,83.2,0,1,19,45.2,42.2,97.4,1,1,0,316,0,0,0,342,19,45,0,3,297,258
Taylor Barnhill,12993,TE,UNLV,13,47.0,0,325,54.5,66.0,60.9,0,2,34,9.1,9.0,97.1,4,2,0,316,0,0,0,672,35,391,0,1,281,358
Garrett Grayson,9508,QB,COLO STATE,13,38.1,0,144,80.2,,60.3,0,0,0,0.0,0.0,,1,0,0,315,0,0,0,827,0,498,0,0,315,0
Dominic Mainello,16051,C,CINCINNATI,11,100.0,0,138,66.3,84.2,58.8,1,2,172,100.0,100.0,99.1,0,3,0,314,302,12,0,314,178,178,0,0,136,0
Jordan Williams-Lambert,11238,WR,BALL ST,11,47.8,0,117,74.1,,71.3,0,0,0,0.0,0.0,,1,0,0,314,0,0,0,657,0,343,0,0,314,0
Nick Haynes,46016,G,KENTUCKY,12,100.0,0,202,68.8,72.0,67.9,0,4,154,100.0,100.0,98.1,1,5,1,314,6,261,45,314,155,155,0,0,159,2
Trevor McBurnett,14520,G,GA SOUTHRN,10,100.0,0,174,74.0,62.1,74.5,0,2,81,100.0,100.0,97.5,2,3,1,313,0,178,0,313,87,87,135,0,226,0
Rod Taylor,46195,G,OLE MISS,13,100.0,0,226,61.3,59.3,60.0,1,6,174,100.0,100.0,97.4,0,8,1,313,0,2,0,313,180,180,311,0,133,0
Michael Cooper,11034,TE,INDIANA,12,74.3,0,190,55.6,47.6,69.1,1,3,50,32.5,32.9,96.0,2,4,0,312,0,0,7,420,53,161,0,0,259,282
Jimmie Hunt,9929,WR,MISSOURI,12,43.4,1,229,65.5,,67.3,0,0,0,0.0,0.0,,4,0,0,311,0,0,0,717,0,405,0,0,311,4
DiAndre Campbell,9692,WR,WASHINGTON,14,54.4,0,340,57.9,61.0,72.1,0,0,1,0.4,0.4,100.0,0,0,0,311,0,0,0,572,1,262,0,0,310,9
Synjyn Days,9841,HB,GA TECH,14,61.0,0,176,70.0,64.3,57.7,1,2,77,68.8,68.3,98.1,5,3,0,311,0,0,0,510,82,120,0,0,229,40
Matt Thornton,22790,T,E MICHIGAN,8,100.0,0,160,60.0,62.1,59.5,1,9,170,100.0,100.0,96.5,1,11,1,311,81,73,51,311,172,172,53,53,139,0
Shavarez Smith,15951,WR,S ALABAMA,13,45.5,0,288,72.2,,73.0,0,0,0,0.0,0.0,,0,0,0,310,0,0,0,682,0,372,0,0,310,2
Keyarris Garrett,11008,WR,TULSA,10,43.1,0,320,69.0,,59.7,0,0,0,0.0,0.0,,3,0,0,310,0,0,0,719,0,409,0,0,310,3
Ed'Marques Batties,39438,WR,MIDDLE TN,12,50.6,0,224,68.4,,68.1,0,0,0,0.0,0.0,,2,0,0,310,0,0,0,613,0,302,0,0,310,1
Malachi Jones,11045,WR,APP STATE,12,54.7,0,108,69.2,63.9,66.4,0,0,1,0.4,0.4,100.0,2,0,0,310,0,0,0,567,1,258,0,0,309,0
Zachary Swanson,15502,TE,VIRGINIA,12,53.3,0,335,49.0,70.2,66.3,0,1,51,16.7,16.6,99.0,5,1,0,310,0,0,3,582,54,326,0,2,256,458
Cody Robinson,18086,G,DUKE,13,100.0,0,154,73.2,81.7,70.5,1,2,160,100.0,100.0,99.1,0,3,0,310,0,305,0,310,165,165,2,0,145,3
Blake Brooks,14579,G,MARSHALL,6,100.0,1,214,77.4,83.7,75.6,0,2,152,100.0,100.0,99.3,2,2,0,310,0,265,0,310,161,161,45,0,149,0
David Delsoin,14374,T,FIU,8,100.0,1,166,62.5,58.0,61.6,0,6,147,100.0,100.0,95.2,2,10,4,309,0,0,180,309,151,151,0,129,158,0
Ryan Doull,24203,G,VIRGINIA,7,100.0,0,335,55.4,75.3,49.9,1,4,148,100.0,100.0,98.3,2,5,0,309,0,309,0,309,154,154,0,0,155,0
Daniel Braverman,10864,WR,W MICHIGAN,13,43.2,0,347,79.3,63.9,57.9,0,0,1,0.3,0.3,100.0,2,0,0,308,0,0,0,713,1,396,0,0,307,0
Jordan Taylor,9793,WR,RICE,10,52.3,0,275,79.1,63.9,76.3,0,0,0,0.0,0.4,,0,0,0,308,0,0,0,589,1,282,0,0,307,1
Jared Goff,10635,QB,CAL,12,33.9,0,130,85.9,,60.0,0,0,0,0.0,0.0,,3,0,0,308,0,0,0,909,0,589,0,0,308,0
David Adams,18613,G,MIDDLE TN,10,100.0,0,224,65.9,64.9,64.8,1,2,162,100.0,100.0,97.2,0,6,3,308,0,308,0,308,168,168,0,0,140,0
Joe Bacci,12352,FB,C MICHIGAN,13,73.3,0,134,69.2,74.7,65.1,1,0,33,23.6,23.3,98.5,1,1,0,308,0,0,0,420,34,146,0,0,274,0
KeVonn Mabon,12295,WR,BALL ST,12,45.4,0,117,71.7,,67.5,0,0,0,0.0,0.0,,3,0,0,307,0,0,0,676,0,364,0,0,307,1
Jefferson Court,15440,TE,UTAH ST,13,71.7,1,329,62.7,73.1,65.1,0,1,43,27.6,28.4,98.8,2,1,0,307,0,0,3,428,48,169,0,6,259,320
Joe Noteboom,46249,T,TCU,13,100.0,0,305,70.8,76.0,66.7,0,5,154,100.0,100.0,98.4,1,5,0,307,0,0,24,307,159,159,2,277,148,4
Adam Stickel,23245,G,MIDDLE TN,6,100.0,0,224,69.9,55.8,73.7,1,8,125,100.0,100.0,96.4,3,9,0,307,0,307,0,307,128,128,0,0,179,0
Markeith Ambles,13338,WR,HOUSTON,13,38.5,0,182,57.9,,55.3,0,0,0,0.0,0.0,,1,0,0,306,0,0,0,794,0,488,0,0,306,0
Hansell Wilson,16873,WR,S JOSE ST,12,42.1,0,285,57.7,,57.3,0,0,0,0.0,0.0,,0,0,0,305,0,0,0,724,0,418,0,0,305,3
Hunter Sharp,11078,WR,UTAH ST,14,43.6,0,329,70.1,,79.3,0,0,0,0.0,0.0,,3,0,0,305,0,0,0,699,0,386,0,0,305,10
David Mahaffey,23096,G,LA TECH,10,100.0,0,208,67.4,63.0,70.4,3,4,145,100.0,100.0,97.6,2,7,0,305,25,150,0,305,157,157,130,0,148,0
Jordan Westerkamp,47515,WR,NEBRASKA,13,46.2,0,238,78.7,,80.1,0,0,0,0.0,0.0,,0,0,0,304,0,0,0,658,0,354,0,0,304,0
Ryne Reeves,18677,C,NEBRASKA,10,100.0,1,238,91.1,77.2,89.2,0,0,108,100.0,100.0,100.0,2,0,0,304,304,0,0,304,112,112,0,0,192,0
Brandon Bridge,16073,QB,S ALABAMA,11,41.4,0,288,67.7,,60.0,0,0,0,0.0,0.0,,3,0,0,304,0,0,0,735,0,370,0,0,304,0
Evan Washington,14580,G,LSU,9,100.0,0,211,72.0,82.8,69.7,0,2,96,100.0,100.0,99.0,1,2,0,304,0,119,0,304,102,102,90,95,202,0
Matt Freeman,19363,C,TEXAS ST,6,100.0,0,314,67.1,86.1,60.0,0,1,139,100.0,100.0,99.6,3,1,0,304,304,0,0,304,146,146,0,0,158,0
Jack Konopka,14958,T,NWESTERN,5,100.0,0,256,50.8,43.5,54.0,1,17,180,100.0,100.0,93.9,2,20,2,303,0,0,0,303,190,190,0,303,113,0
Isaac Fruechte,10078,WR,MINNESOTA,13,61.5,0,225,63.2,,67.9,0,0,0,0.0,0.0,,0,0,0,303,0,0,0,493,0,189,0,0,303,0
Jake Rudock,10825,QB,IOWA,12,41.2,0,192,71.1,,60.0,0,0,0,0.0,0.0,,2,0,0,303,0,0,0,736,0,410,0,0,303,0
Quinton Pedroza,18427,WR,HAWAII,12,38.3,0,180,64.9,,67.9,0,0,0,0.0,0.0,,0,0,0,302,0,0,0,788,0,485,0,0,302,0
K.J. Maye,11248,WR,MINNESOTA,13,55.6,0,225,58.0,,60.8,0,0,0,0.0,0.0,,3,0,0,302,0,0,0,543,0,219,0,0,302,2
C.J. Uzomah,9590,TE,AUBURN,13,65.7,0,115,69.5,55.7,82.5,0,2,20,11.8,12.8,95.0,1,2,0,301,0,0,28,458,23,180,0,0,278,94
Curry Sexton,14503,WR,KANSAS ST,13,38.7,0,199,80.8,,58.9,0,0,0,0.0,0.0,,1,0,0,301,0,0,0,777,0,476,0,0,301,2
Kevin Ellison,46555,QB,GA SOUTHRN,12,48.9,0,174,70.8,,60.1,0,0,0,0.0,0.0,,2,0,0,300,0,0,0,614,0,157,0,0,300,0
Nolan Peralta,47362,TE,COLO STATE,13,76.9,0,144,64.0,60.6,81.9,0,2,54,38.6,40.0,96.3,5,3,1,300,0,0,19,390,60,150,0,12,240,329
Sam Rogers,11961,FB,VA TECH,13,52.8,0,337,63.2,55.5,63.7,0,8,121,35.4,35.9,95.0,3,10,2,298,0,0,0,564,131,365,0,0,167,49
Dak Prescott,10769,QB,MISS STATE,13,31.8,0,227,72.1,,60.1,0,0,0,0.0,0.0,,0,0,0,298,0,0,0,937,0,463,0,0,298,0
Clayton Stadnik,38029,C,S CAROLINA,7,100.0,0,289,66.3,73.5,61.9,0,3,150,100.0,100.0,98.3,0,4,1,296,295,0,0,296,156,156,1,0,140,0
Desroy Maxwell,16640,TE,N ILLINOIS,14,70.3,1,254,57.4,72.2,66.5,1,0,30,20.7,19.4,98.3,6,1,0,296,0,0,0,421,30,155,0,0,266,260
Darius White,11486,WR,MISSOURI,10,46.0,0,229,57.4,,59.6,0,0,0,0.0,0.0,,3,0,0,296,0,0,0,644,0,348,0,0,296,0
Greg Ward,12258,QB,HOUSTON,13,33.0,0,182,75.8,,62.6,0,0,0,0.0,0.0,,2,0,0,295,0,0,0,893,0,547,0,0,295,0
Ezekiel Elliott,10638,HB,OHIO STATE,15,36.4,0,260,90.6,55.6,81.1,3,4,132,36.0,36.2,97.3,3,7,0,295,0,0,0,811,136,376,0,0,159,2
Cam Phillips,47593,WR,VA TECH,13,42.8,0,337,64.3,,71.6,0,0,0,0.0,0.0,,3,0,0,295,0,0,0,689,0,389,0,0,295,0
Eric Frohnapfel,10129,TE,MARSHALL,14,50.3,0,214,66.4,76.1,68.8,0,0,17,5.8,5.8,100.0,2,0,0,295,0,0,0,587,18,310,0,0,277,290
Simms McElfresh,17724,WR,APP STATE,12,46.3,1,108,67.4,,63.8,0,0,0,0.0,0.0,,2,0,0,294,0,0,0,635,0,338,0,0,294,2
Nick Linder,29025,G,MIAMI FL,9,100.0,0,220,73.8,60.6,75.7,0,4,112,100.0,100.0,97.3,1,5,1,294,36,239,0,294,118,118,19,0,176,0
Standish Dobard,47056,TE,MIAMI FL,13,75.6,1,220,60.5,78.7,62.0,0,0,42,32.3,31.2,100.0,1,0,0,294,0,0,0,389,43,138,0,1,251,332
James Quick,12305,WR,LOUISVILLE,12,40.9,0,210,60.6,,63.8,0,0,0,0.0,0.0,,0,0,0,294,0,0,0,719,0,422,0,0,294,1
Jake Roh,26561,TE,BOISE ST,14,46.4,0,120,67.9,61.6,75.9,0,1,34,9.5,9.4,98.5,3,1,0,294,0,0,0,633,35,374,0,1,259,266
Corey Jones,47526,WR,TOLEDO,13,45.3,0,316,74.0,,62.6,0,0,0,0.0,0.0,,3,0,0,294,0,0,0,649,0,347,0,0,294,1
Zach Laskey,9909,HB,GA TECH,11,57.3,0,176,78.7,54.1,64.6,0,5,88,67.7,67.6,96.0,0,6,1,293,0,0,0,511,92,136,0,0,201,0
Ian Hamilton,15397,WR,UTEP,13,52.4,1,330,71.7,64.8,77.4,0,0,1,0.4,0.4,100.0,1,0,0,292,0,0,0,557,1,266,0,0,291,7
Michael Hartvigson,15531,TE,WASHINGTON,14,78.9,0,340,67.1,78.8,73.7,0,0,37,33.3,33.3,100.0,0,0,0,292,0,0,6,370,39,117,0,8,253,287
Jenson Stoshak,11012,WR,FAU,12,45.1,0,165,65.2,,82.6,0,0,0,0.0,0.0,,0,0,0,292,0,0,0,647,0,355,0,0,292,4
Trevor Knight,12009,QB,OKLAHOMA,10,41.9,0,261,63.3,,60.1,0,0,0,0.0,0.0,,2,0,0,292,0,0,0,697,0,363,0,0,292,0
Everett Golson,18665,QB,NOTRE DAME,13,33.5,0,258,77.9,,60.0,0,0,0,0.0,0.0,,2,0,0,291,0,0,0,868,0,523,0,0,291,0
Corey Coleman,10649,WR,BAYLOR,10,46.3,1,118,81.3,,57.5,0,0,0,0.0,0.0,,3,0,0,289,0,0,0,624,0,324,0,0,289,0
Kyle Slavin,13202,TE,COLORADO,12,67.6,0,143,63.3,68.4,59.4,0,1,47,26.4,26.2,98.9,2,1,0,288,0,0,5,426,49,187,0,1,239,369
Jaylen Hunter,18615,G,MIDDLE TN,5,100.0,0,224,84.3,82.4,87.1,0,3,119,100.0,100.0,98.7,2,3,0,288,0,269,0,288,128,128,19,0,160,0
Dwayne Stanford,47825,WR,OREGON,14,46.9,0,264,73.3,,67.5,0,0,0,0.0,0.0,,4,0,0,288,0,0,0,614,0,326,0,0,288,4
Jeremé Jones,16009,WR,S ALABAMA,13,44.1,0,288,58.3,,65.4,0,0,0,0.0,0.0,,0,0,0,288,0,0,0,653,0,365,0,0,288,1
Jaxon Shipley,9806,WR,TEXAS,12,42.9,0,311,64.0,,62.5,0,0,0,0.0,0.0,,1,0,0,288,0,0,0,672,0,384,0,0,288,3
Trevone Boykin,11279,QB,TCU,13,29.5,0,305,79.6,,60.2,0,0,0,0.0,0.0,,5,0,0,287,0,0,0,973,0,591,0,0,287,0
J.T. Barrett IV,46387,QB,OHIO STATE,12,36.3,0,260,81.3,,60.8,0,0,0,0.0,0.0,,2,0,0,287,0,0,0,790,0,394,0,0,287,0
Travis Wilson,12079,QB,UTAH,13,39.3,0,328,68.7,,60.0,0,0,0,0.0,0.0,,2,0,0,287,0,0,0,731,0,377,0,0,287,0
Will Corbin,10179,T,APP STATE,10,100.0,0,108,70.1,60.5,73.4,2,6,107,100.0,100.0,96.3,2,8,0,287,0,0,0,287,122,122,0,287,165,0
Deon Watson,47277,WR,IDAHO,11,35.0,0,185,54.9,,64.5,0,0,0,0.0,0.0,,2,0,0,287,0,0,0,821,0,534,0,0,287,6
Ben Lauer,21324,T,MINNESOTA,8,100.0,0,225,80.0,82.2,74.4,0,1,90,100.0,100.0,99.4,0,1,0,286,0,0,3,286,91,91,0,279,195,4
Junior Visinia,38974,G,KANSAS,7,100.0,0,198,64.7,75.8,62.4,0,6,151,100.0,100.0,97.4,1,7,1,286,0,0,0,286,154,154,286,0,132,0
DaeSean Hamilton,45416,WR,PENN STATE,13,34.1,0,266,67.6,63.6,56.2,0,0,1,0.2,0.2,100.0,1,0,0,286,0,0,0,839,1,545,0,0,285,7
Tony Giovannelli,15694,FB,ARMY,10,70.5,0,114,70.7,70.4,68.2,0,0,3,3.4,3.3,100.0,1,0,0,285,0,0,0,404,3,92,0,0,282,150
Temuchin Hodges,11956,TE,VA TECH,13,44.5,0,337,73.0,56.8,64.8,2,1,18,5.2,4.9,91.7,2,3,0,285,0,0,0,640,18,366,0,1,267,210
Connor Neighbors,10106,FB,LSU,12,88.2,0,211,82.1,82.3,83.6,0,2,32,46.4,45.7,96.9,0,2,0,284,0,0,0,322,32,70,0,0,252,4
Robert Davis,11964,WR,GA STATE,12,36.0,0,175,62.6,,67.3,0,0,0,0.0,0.0,,2,0,0,284,0,0,0,788,0,503,0,0,284,0
Lamar Jordan,29577,QB,NEW MEXICO,11,53.3,0,241,53.8,,60.0,0,0,0,0.0,0.0,,2,0,0,284,0,0,0,533,0,139,0,0,284,0
Jalston Fowler,9541,FB,ALABAMA,14,62.6,0,103,64.3,83.3,74.1,0,1,40,20.8,20.8,98.7,2,1,0,283,0,0,0,452,41,197,0,0,242,131
Chris Hawkins,13434,T,TROY,12,100.0,0,318,70.0,59.8,69.9,2,5,125,100.0,100.0,96.4,0,8,1,283,0,0,73,283,129,129,0,210,154,0
Dijon Paschal,48255,WR,ARK STATE,13,45.8,0,113,69.3,,71.3,0,0,0,0.0,0.0,,3,0,0,283,0,0,0,618,0,335,0,0,283,0
Josh Doctson,10656,WR,TCU,13,38.0,0,305,75.9,,72.7,0,0,0,0.0,0.0,,2,0,0,283,0,0,0,744,0,461,0,0,283,1
Max Halpin,22016,C,W KENTUCKY,4,100.0,0,346,57.7,66.8,52.6,3,7,178,100.0,100.0,97.2,0,10,0,282,282,0,0,282,181,181,0,0,101,0
Tanner Lee,38321,QB,TULANE,10,41.6,0,319,43.0,,60.0,0,0,0,0.0,0.0,,2,0,0,282,0,0,0,678,0,389,0,0,282,0
Patrick Towles,46478,QB,KENTUCKY,12,33.6,0,202,59.3,,62.0,0,0,0,0.0,0.0,,5,0,0,282,0,0,0,840,0,474,0,0,282,0
Busta Anderson,9687,TE,S CAROLINA,10,58.0,1,289,62.6,74.5,77.9,1,0,44,18.5,18.4,98.9,5,1,0,282,0,0,0,486,46,250,0,0,236,371
Nick Vannett,10728,TE,OHIO STATE,15,61.8,0,260,67.3,46.6,71.6,0,3,60,26.1,26.0,97.5,0,3,0,281,0,0,0,455,61,235,0,2,220,250
Sadiq Olanrewaju,24139,T,VIRGINIA,8,100.0,0,335,68.3,73.2,66.5,3,3,156,100.0,100.0,98.1,4,6,0,281,0,0,280,281,169,169,0,0,112,1
Joel Ruiz,16358,TE,GA STATE,10,46.0,0,175,69.7,58.8,75.6,1,0,36,10.3,10.1,98.6,2,1,0,281,0,0,3,611,37,367,0,3,244,336
Daniel Brunskill,34807,TE,S DIEGO ST,13,80.2,1,284,69.8,71.6,76.0,0,1,23,25.6,25.0,97.8,4,1,0,280,0,0,2,349,23,92,0,0,257,345
Samajie Grant,48261,WR,ARIZONA,13,41.2,0,109,67.5,73.4,65.8,0,0,1,0.3,0.3,100.0,2,0,0,280,0,0,0,680,1,398,0,0,279,0
Matt Weiser,10993,TE,BUFFALO,11,66.2,0,126,88.3,74.4,79.3,0,0,16,10.6,11.7,100.0,0,0,0,280,0,0,1,423,19,162,0,1,261,410
Austin Barron,14388,C,FLORIDA ST,6,100.0,0,167,68.3,55.8,70.1,5,5,163,100.0,100.0,96.9,1,10,0,280,280,0,0,280,171,171,0,0,109,0
Taylor Heinicke,9896,QB,DOMINION,12,32.5,0,263,87.9,,60.0,0,0,0,0.0,0.0,,0,0,0,279,0,0,0,858,0,562,0,0,279,0
Keon Hatcher,12249,WR,ARKANSAS,13,47.0,0,111,77.4,,88.2,0,0,0,0.0,0.0,,1,0,0,279,0,0,0,594,0,310,0,0,279,44
Josh Magee,12030,WR,UAB,12,56.1,0,321,67.5,,69.4,0,0,0,0.0,0.0,,2,0,0,279,0,0,0,497,0,215,0,0,279,1
Greg Watson,13556,WR,FRESNO ST,13,39.9,0,169,56.1,,58.4,0,0,0,0.0,0.0,,1,0,0,278,0,0,0,697,0,417,0,0,278,0
Devin Gardner,9949,QB,MICHIGAN,12,41.2,0,222,61.9,,60.0,0,0,0,0.0,0.0,,1,0,0,278,0,0,0,674,0,360,0,0,278,0
Zach Walker,14453,WR,GA SOUTHRN,11,65.1,0,174,62.3,,66.1,0,0,0,0.0,0.0,,0,0,0,278,0,0,0,427,0,135,0,0,278,0
Drew Liddle,14498,G,KANSAS ST,11,100.0,0,199,60.2,78.7,58.9,0,7,146,100.0,100.0,97.6,3,7,0,277,62,8,0,277,154,154,207,0,123,0
Breshad Perriman,9459,WR,UCF,13,38.5,0,323,71.8,,66.7,0,0,0,0.0,0.0,,2,0,0,276,0,0,0,717,0,440,0,0,276,0
Tony Mays II,39695,G,MEMPHIS,9,100.0,0,218,65.3,76.3,63.6,1,1,120,100.0,100.0,99.2,1,2,0,276,0,0,0,276,124,124,276,0,152,0
O.J. Howard,11774,TE,ALABAMA,14,55.1,1,103,63.0,77.8,74.9,0,0,60,21.3,22.1,100.0,3,0,0,276,0,0,0,501,64,289,0,0,212,335
DeAndrew White,9697,WR,ALABAMA,11,45.5,0,103,69.8,60.9,78.5,0,0,0,0.0,0.3,,1,0,0,275,0,0,0,604,1,328,0,0,274,10
Daxx Garman,19183,QB,OKLA STATE,9,43.1,0,262,63.3,,60.0,0,0,0,0.0,0.0,,1,0,0,274,0,0,0,636,0,345,0,0,274,0
Robert Johnson,14752,WR,MISS STATE,13,50.2,0,227,53.7,,62.0,0,0,0,0.0,0.0,,0,0,0,274,0,0,0,546,0,272,0,0,274,0
Caleb Smith,19273,TE,OREGON ST,12,53.6,1,265,45.5,65.4,63.2,2,1,49,18.1,17.1,96.9,6,3,0,274,0,0,0,511,49,286,0,0,225,435
Wendy Laurent,46012,C,PENN STATE,6,100.0,0,266,47.9,58.7,49.7,1,8,141,100.0,100.0,96.8,3,9,0,274,251,2,0,274,149,149,11,0,125,10
Justin Sinz,9709,TE,PURDUE,12,51.8,0,273,68.6,55.3,71.6,1,2,38,13.2,13.3,96.1,0,3,0,274,0,0,1,529,39,294,0,1,235,428
Nathan Leddige,38135,T,WYOMING,4,100.0,0,351,71.7,82.4,63.6,0,0,135,100.0,100.0,97.0,0,4,4,274,0,0,274,274,138,138,0,0,136,0
Jeric Magnant,14782,WR,NEW MEXICO,12,69.0,0,241,65.7,,75.2,0,0,0,0.0,0.0,,0,0,0,274,0,0,0,397,0,121,0,0,274,0
Kaelin Clay,9617,WR,UTAH,13,44.4,0,328,59.7,,60.5,0,0,0,0.0,0.0,,3,0,0,274,0,0,0,617,0,339,0,0,274,0
Corey Hobbs,19877,T,ARMY,9,100.0,0,114,65.1,78.9,62.4,0,2,53,100.0,100.0,98.1,1,2,0,273,0,1,204,273,57,57,0,19,216,49
Deon Long,10102,WR,MARYLAND,13,38.8,0,215,63.1,,63.1,0,0,0,0.0,0.0,,4,0,0,272,0,0,0,701,0,428,0,0,272,0
Glenn Coleman,14375,WR,FIU,12,49.6,0,166,63.1,,75.0,0,0,0,0.0,0.0,,1,0,0,272,0,0,0,548,0,274,0,0,272,0
Joe McNamara,12462,G,AKRON,5,100.0,0,102,57.2,28.9,66.2,4,9,184,100.0,100.0,95.9,0,14,1,271,0,168,0,271,193,193,103,0,78,0
Adam Roberts,13365,TE,S DIEGO ST,13,63.2,0,284,78.1,66.6,84.0,0,0,27,15.2,14.7,100.0,3,0,0,271,0,0,0,429,27,184,0,0,244,300
Nick Arbuckle,16351,QB,GA STATE,12,33.5,0,175,82.2,63.8,60.0,0,0,1,0.2,0.2,100.0,3,0,0,270,0,0,0,806,1,506,0,0,269,0
Erik Magnuson,12280,G,MICHIGAN,9,100.0,0,222,67.1,73.7,66.3,1,3,138,100.0,100.0,98.6,2,4,0,270,0,259,0,270,139,139,0,0,131,11
Jaquez Johnson,18005,QB,FAU,11,37.0,0,165,65.5,,60.0,0,0,0,0.0,0.0,,2,0,0,269,0,0,0,728,0,381,0,0,269,0
Taylor Gadbois,22916,T,MIAMI FL,5,100.0,0,220,73.1,78.7,70.9,0,4,153,100.0,100.0,98.0,2,5,1,269,0,0,0,269,159,159,0,269,110,0
Tyler Lockett,9502,WR,KANSAS ST,13,37.5,0,199,92.7,,73.4,0,0,0,0.0,0.0,,3,0,0,269,0,0,0,717,0,445,0,0,269,1
Byron Marshall,11076,WR,OREGON,15,37.1,0,264,75.6,75.5,75.4,0,0,5,1.3,1.5,100.0,3,0,0,268,0,0,0,722,6,405,0,0,262,4
Jared Crump,42037,WR,WAKE,12,38.8,0,339,60.4,61.0,64.8,0,0,1,0.2,0.2,100.0,1,0,0,268,0,0,0,691,1,423,0,0,267,0
Jarrod West,10309,WR,SYRACUSE,12,41.8,0,304,71.2,,75.7,0,0,0,0.0,0.0,,1,0,0,268,0,0,0,641,0,373,0,0,268,0
Cody Gibson,12404,TE,S CAROLINA,13,86.2,0,289,92.0,71.7,82.3,0,0,44,51.2,51.1,100.0,2,0,0,268,0,0,1,311,45,88,0,3,223,300
Shayne Davern,45972,HB,AIR FORCE,10,66.3,0,101,69.5,70.2,73.4,0,3,45,66.2,64.3,96.7,1,3,0,268,0,0,0,404,45,70,0,0,223,5
A.J. Williams,18581,TE,MICHIGAN,12,73.0,1,222,55.3,74.8,68.6,1,1,66,40.5,40.0,97.0,2,3,1,268,0,0,5,367,66,165,0,0,202,340
Mike McFarland,10020,TE,USF,11,51.6,2,327,58.5,64.7,64.9,0,1,40,14.3,14.6,98.7,6,1,0,268,0,0,1,519,43,294,0,0,225,475
Ryan Switzer,11888,WR,N CAROLINA,13,39.1,0,245,67.3,61.1,59.9,0,0,1,0.3,0.2,100.0,2,0,0,267,0,0,0,682,1,408,0,0,266,0
Danny Woodson II,20536,WR,S ALABAMA,13,46.3,0,288,62.2,,64.7,0,0,0,0.0,0.0,,3,0,0,267,0,0,0,577,0,310,0,0,267,0
Brandon Silvers,46483,QB,TROY,11,41.1,0,318,62.6,,60.0,0,0,0,0.0,0.0,,1,0,0,267,0,0,0,649,0,318,0,0,267,0
Mekale McKay,10913,WR,CINCINNATI,13,40.9,0,138,65.7,,61.9,0,0,0,0.0,0.0,,3,0,0,266,0,0,0,651,0,385,0,0,266,0
Allen Lazard,48135,WR,IOWA STATE,12,34.0,0,193,61.5,,69.6,0,0,0,0.0,0.0,,1,0,0,266,0,0,0,782,0,516,0,0,266,1
Keiwone Malone,14696,WR,MEMPHIS,13,48.8,0,218,74.2,,81.0,0,0,0,0.0,0.0,,2,0,0,266,0,0,0,545,0,274,0,0,266,0
Devonte Boyd,47983,WR,UNLV,13,34.6,0,325,72.8,,71.3,0,0,0,0.0,0.0,,2,0,0,266,0,0,0,768,0,501,0,0,266,0
Daniel Montiel,47237,TE,MEMPHIS,10,78.9,0,218,77.2,68.5,75.3,0,0,35,33.7,33.6,100.0,2,0,0,265,0,0,1,336,36,107,0,3,229,289
Shaq Washington,38626,WR,CINCINNATI,13,36.7,0,138,70.0,,61.6,0,0,0,0.0,0.0,,1,0,0,264,0,0,0,719,0,446,0,0,264,4
Jacob Quinn,16534,G,TEMPLE,7,100.0,0,306,67.5,76.5,67.3,0,6,142,100.0,100.0,97.9,2,6,0,264,52,9,0,264,145,145,203,0,119,0
Cameron Smith,38943,WR,ARIZONA ST,11,42.6,0,110,69.4,29.8,68.2,0,0,0,0.0,0.0,,1,0,0,264,0,0,0,619,0,352,0,0,264,0
Michael Bennett,10310,WR,GEORGIA,13,48.7,0,173,70.1,,68.4,0,0,0,0.0,0.0,,1,0,0,263,0,0,0,540,0,277,0,0,263,0
A.J. Derby,9635,TE,ARKANSAS,11,69.1,0,111,90.8,77.4,74.9,0,0,38,25.3,26.3,100.0,0,0,0,262,0,0,0,379,41,156,0,0,221,294
Blake Decker,16932,QB,UNLV,13,31.1,0,325,63.6,,60.0,0,0,0,0.0,0.0,,2,0,0,262,0,0,0,843,0,535,0,0,262,0
Dan Crimmins,47069,WR,BOSTON COL,13,60.4,0,121,64.3,73.8,54.7,0,0,5,3.0,3.4,100.0,2,0,0,261,0,0,0,432,6,177,0,0,255,111
Quayvon Hicks,11738,FB,GEORGIA,13,80.1,0,173,77.6,77.1,70.5,0,0,15,21.7,22.5,100.0,2,0,0,261,0,0,0,326,16,71,0,0,245,139
Tevin Westbrook,10171,TE,FLORIDA,12,77.0,0,163,59.5,74.3,60.7,1,0,35,31.8,32.2,98.6,1,1,0,261,0,1,0,339,37,115,0,0,224,265
Bill Vavau,15358,G,UTAH ST,8,100.0,0,329,68.0,80.2,68.0,0,2,117,100.0,100.0,99.1,3,2,0,260,0,209,0,260,126,126,51,0,134,0
Trevon Pendleton,17084,FB,MICH STATE,13,88.4,0,223,61.6,70.2,63.5,0,1,40,56.3,54.7,98.7,0,1,0,260,0,0,0,294,41,75,0,0,219,8
Patrick Arinze,13930,FB,ARKANSAS,13,89.0,1,111,66.2,82.9,66.6,0,0,26,45.6,44.8,100.0,2,0,0,260,0,0,0,292,26,58,0,0,234,48
Alton Howard,19328,WR,TENNESSEE,13,41.3,0,307,74.0,,64.0,0,0,0,0.0,0.0,,0,0,0,260,0,0,0,629,0,355,0,0,260,3
Jesse Kroll,25334,WR,C MICHIGAN,13,46.3,0,134,73.8,,58.3,0,0,0,0.0,0.0,,0,0,0,260,0,0,0,561,0,298,0,0,260,4
Kenzee Jackson,12586,WR,LA MONROE,12,29.7,0,209,65.3,,71.0,0,0,0,0.0,0.0,,3,0,0,260,0,0,0,876,0,616,0,0,260,0
Lincoln Plsek,16573,TE,MINNESOTA,13,83.5,0,225,72.4,73.5,69.7,0,0,26,33.8,35.4,100.0,2,0,0,259,0,0,0,310,28,79,0,3,231,268
Jalin Marshall,11259,WR,OHIO STATE,15,45.2,0,260,67.8,67.8,63.5,0,0,0,0.0,0.3,,0,0,0,259,0,0,0,573,1,290,0,0,258,2
Cethan Carter,47149,TE,NEBRASKA,9,72.5,0,238,70.4,78.1,69.8,0,0,32,25.4,26.3,100.0,1,0,0,259,0,0,0,357,35,133,0,0,224,256
Josh Atkinson,48293,WR,TULSA,12,39.5,0,320,56.6,71.5,51.8,0,0,1,0.3,0.3,100.0,2,0,0,259,0,0,0,656,1,398,0,0,258,1
Blake Frohnapfel,19699,QB,UMASS,10,33.5,0,216,75.5,,60.5,0,0,0,0.0,0.0,,5,0,0,259,0,0,0,772,0,503,0,0,259,0
Ajalen Holley,47699,WR,LA MONROE,12,29.2,1,209,60.7,,59.7,0,0,0,0.0,0.0,,2,0,0,259,0,0,0,888,0,628,0,0,259,5
Evan Baylis,23652,TE,OREGON,13,64.3,0,264,60.9,50.7,69.9,0,2,31,18.8,19.2,96.8,0,2,0,258,0,0,0,401,34,177,0,0,224,277
Zach Pascal,12303,WR,DOMINION,12,33.5,1,263,64.8,,65.6,0,0,0,0.0,0.0,,7,0,0,258,0,0,0,771,0,513,0,0,258,2
Zay Jones,11792,WR,E CAROLINA,13,30.1,0,156,63.3,,77.5,0,0,0,0.0,0.0,,3,0,0,258,0,0,0,856,0,598,0,0,258,0
Zach Wright,47483,WR,RICE,11,48.0,0,275,60.5,,62.4,0,0,0,0.0,0.0,,0,0,0,258,0,0,0,538,0,280,0,0,258,0
Marcus Henry,14669,WR,MIDDLE TN,12,47.7,0,224,70.9,63.6,61.3,0,0,1,0.4,0.4,100.0,0,0,0,258,0,0,0,541,1,284,0,0,257,3
Kyle Bottoms,15112,T,DOMINION,8,100.0,1,263,59.2,71.3,60.0,2,7,149,100.0,100.0,96.3,4,10,1,257,0,0,124,257,155,155,0,133,102,0
Jerrel Brown,12720,WR,NEW MEX ST,10,46.6,1,242,62.9,,55.8,0,0,0,0.0,0.0,,2,0,0,257,0,0,0,551,0,294,0,0,257,0
Justin Podrabsky,37829,TE,IDAHO,11,43.6,0,185,75.6,61.2,67.8,0,2,52,14.4,14.0,98.1,1,2,0,257,0,0,0,589,54,386,0,0,203,570
Terry Davis,22990,G,MIAMI OH,8,100.0,0,221,58.8,61.0,55.3,2,5,157,100.0,100.0,96.5,0,9,2,257,0,61,0,257,165,165,196,0,92,0
Raymond Maples,15626,HB,ARMY,11,68.9,0,114,77.7,77.0,67.6,0,0,6,8.2,9.1,100.0,2,0,0,257,0,0,0,373,7,77,0,0,250,148
Manasseh Garner,10062,WR,PITTSBURGH,11,54.9,0,268,62.9,65.4,53.9,0,0,1,0.5,0.5,100.0,3,0,0,256,0,0,0,466,1,211,0,0,255,50
De'Runnya Wilson,18753,WR,MISS STATE,12,47.4,0,227,82.1,,72.4,0,0,0,0.0,0.0,,5,0,0,256,0,0,0,540,0,284,0,0,256,0
James Washington,47792,WR,OKLA STATE,13,44.8,0,262,63.1,,50.5,0,0,0,0.0,0.0,,2,0,0,256,0,0,0,572,0,315,0,0,256,0
Jon Denton,19388,TE,UMASS,12,91.4,1,216,79.0,62.2,80.3,0,0,35,62.5,60.7,94.3,1,2,2,256,0,0,27,280,37,61,0,0,219,243
Bobo Beathard,17657,WR,APP STATE,12,49.6,0,108,54.9,,66.0,0,0,0,0.0,0.0,,2,0,0,255,0,0,0,514,0,257,0,0,255,0
Keanon Lowe,15073,WR,OREGON,12,45.9,0,264,63.3,,67.1,0,0,0,0.0,0.0,,1,0,0,255,0,0,0,555,0,299,0,0,255,7
Frank Ragnow,39137,C,ARKANSAS,9,100.0,0,111,73.9,80.6,70.6,1,0,76,100.0,100.0,99.3,1,1,0,255,230,2,0,255,79,79,1,0,176,22
Joshua McCain,13649,WR,IDAHO,11,34.6,0,185,76.7,,62.1,0,0,0,0.0,0.0,,2,0,0,254,0,0,0,735,0,480,0,0,254,0
Will Smith,21541,T,WAKE,8,100.0,1,339,53.5,38.6,62.1,1,9,135,100.0,100.0,92.6,1,15,5,254,0,0,254,254,146,146,0,0,108,0
Taylor Kelly,12900,QB,ARIZONA ST,10,39.1,0,110,61.0,,60.2,0,0,0,0.0,0.0,,3,0,0,254,0,0,0,649,0,340,0,0,254,0
Alonzo Moore,12140,WR,NEBRASKA,11,56.4,0,238,52.2,,55.1,0,0,0,0.0,0.0,,1,0,0,254,0,0,0,450,0,196,0,0,254,1
Tyler Edwards,14138,T,BAYLOR,12,100.0,1,118,71.4,78.6,69.1,0,1,112,100.0,100.0,99.6,2,1,0,254,68,40,32,254,118,118,63,51,136,0
Jake Waters,9833,QB,KANSAS ST,13,29.8,0,199,82.5,,61.5,0,0,0,0.0,0.0,,2,0,0,254,0,0,0,853,0,483,0,0,254,0
Sam Thomas,22984,G,MEMPHIS,11,100.0,0,218,63.1,58.0,62.4,0,3,101,100.0,100.0,98.5,0,3,0,254,0,61,0,254,102,102,193,0,152,0
Ryan Carden,19360,TE,TEXAS ST,10,78.6,0,314,87.2,64.0,82.5,0,2,40,36.7,38.4,97.5,3,2,0,254,0,0,0,323,43,112,0,1,211,216
Prescott Line,45627,HB,SMU,12,62.1,0,287,68.6,87.9,74.5,0,4,185,72.0,72.0,98.4,1,5,1,254,0,0,0,409,193,268,0,0,61,1
Hasaan Henderson,48001,WR,NEVADA,10,44.6,1,239,75.8,,70.5,0,0,0,0.0,0.0,,1,0,0,254,0,0,0,569,0,315,0,0,254,0
Geronimo Allison,11141,WR,ILLINOIS,12,35.4,0,187,63.6,,70.2,0,0,0,0.0,0.0,,0,0,0,253,0,0,0,714,0,461,0,0,253,0
Cole Gardner,46332,TE,E MICHIGAN,11,63.9,0,160,52.6,77.4,65.0,1,0,38,21.2,21.0,98.7,1,1,0,253,0,0,4,396,38,181,0,6,215,266
Austin Hooper,10715,TE,STANFORD,13,46.5,0,300,76.6,54.0,74.6,0,1,32,10.4,10.2,98.4,2,1,0,253,0,0,7,544,33,324,0,7,220,400
Latroy Pittman Jr.,17442,WR,FLORIDA,12,49.9,0,163,50.9,,54.0,0,0,0,0.0,0.0,,1,0,0,253,0,0,0,507,0,254,0,0,253,2
Delmar Taylor,14371,G,FIU,7,100.0,0,166,53.9,54.0,55.8,0,6,135,100.0,100.0,97.8,1,6,0,252,0,14,0,252,143,143,238,0,109,0
Devon Hughes,14223,WR,BUFFALO,11,42.8,0,126,66.0,,71.4,0,0,0,0.0,0.0,,0,0,0,252,0,0,0,589,0,337,0,0,252,0
Lukas Kolter,30373,G,UMASS,10,100.0,1,216,70.8,70.9,70.0,1,3,129,100.0,100.0,98.4,1,4,0,252,0,252,0,252,132,132,0,0,120,0
Joe Lowery,46318,T,OHIO,10,100.0,0,259,66.0,71.0,65.3,1,4,121,100.0,100.0,95.5,2,8,3,252,0,0,239,252,128,128,0,13,124,0
Aaron Peck,12115,WR,FRESNO ST,14,38.5,0,169,54.2,,61.0,0,0,0,0.0,0.0,,0,0,0,252,0,0,0,654,0,402,0,0,252,0
Norman Price,11277,T,SO MISS,9,100.0,1,296,39.5,18.5,58.3,5,7,136,100.0,100.0,91.9,4,17,5,251,0,0,3,251,140,140,0,248,111,0
Melvin Ray,17875,WR,AUBURN,13,69.9,0,115,70.7,70.2,90.8,0,0,2,1.9,1.8,100.0,1,0,0,251,0,0,0,359,2,110,0,0,249,0
Ronald Butler,15360,WR,UTAH ST,14,42.7,1,329,68.0,,63.3,0,0,0,0.0,0.0,,4,0,0,251,0,0,0,588,0,331,0,0,251,5
Eric Mac Lain,17428,G,CLEMSON,8,100.0,0,140,66.4,73.8,63.3,2,2,124,100.0,100.0,96.0,1,7,3,250,0,206,6,250,130,130,32,6,120,0
J.J. Beggan,46663,G,BOWL GREEN,11,100.0,1,122,67.3,85.4,66.7,0,1,127,100.0,100.0,99.6,3,1,0,250,79,171,0,250,133,133,0,0,117,0
Artavis Scott,12044,WR,CLEMSON,13,43.2,1,140,78.6,,58.3,0,0,0,0.0,0.0,,1,0,0,250,0,0,0,579,0,323,0,0,250,1
Sterling Shepard,10674,WR,OKLAHOMA,12,48.1,0,261,85.8,,69.4,0,0,0,0.0,0.0,,1,0,0,250,0,0,0,520,0,262,0,0,250,0
Joe Gore,11088,T,CLEMSON,7,100.0,1,140,75.4,64.7,75.9,2,4,123,100.0,100.0,96.7,1,7,1,250,0,0,9,250,128,128,0,240,122,1
Antonio Vaughan,39523,WR,DOMINION,12,33.5,0,263,72.8,,61.0,0,0,0,0.0,0.0,,0,0,0,249,0,0,0,743,0,488,0,0,249,0
Sebastian Smith,48067,WR,OHIO,12,46.5,0,259,68.8,,70.2,0,0,0,0.0,0.0,,2,0,0,249,0,0,0,536,0,287,0,0,249,0
Nick Byrne,47144,FB,LA LAFAYET,12,78.8,0,207,61.3,67.6,69.4,0,1,13,16.9,17.3,96.2,1,1,0,249,0,0,0,316,14,81,0,0,235,81
Darius Jennings,10038,WR,VIRGINIA,12,46.1,0,335,74.8,,61.2,0,0,0,0.0,0.0,,0,0,0,249,0,0,0,540,0,266,0,0,249,0
Tevin Jones,11163,WR,MEMPHIS,13,47.9,0,218,62.6,63.2,63.6,0,0,1,0.4,0.4,100.0,0,0,0,249,0,0,0,520,1,271,0,0,248,2
E.J. Scott,12558,WR,WAKE,12,35.4,0,339,65.7,,56.1,0,0,0,0.0,0.0,,0,0,0,248,0,0,0,700,0,446,0,0,248,2
Hoko Fanaika,14665,G,LSU,7,100.0,0,211,75.5,81.5,73.4,0,1,94,100.0,100.0,98.4,0,2,1,248,0,34,0,248,100,100,214,0,148,0
Jaryn Villegas,31055,G,ARMY,8,100.0,0,114,68.7,70.1,67.1,0,2,41,100.0,100.0,97.6,0,2,0,248,0,101,0,248,44,44,147,0,204,0
Josh Gaston,18557,TE,LA TECH,14,91.5,0,208,62.6,72.9,63.8,0,1,40,64.5,63.5,96.2,1,2,1,248,0,0,10,271,40,63,0,6,208,241
Andrew Gleichert,9747,TE,MICH STATE,9,91.2,0,223,58.2,74.8,57.0,1,0,28,53.8,54.7,98.2,0,1,0,248,0,0,1,272,29,53,0,0,219,164
Jake Wheeler,14715,T,MARYLAND,12,100.0,0,215,83.3,67.8,83.9,0,4,123,100.0,100.0,97.6,1,5,1,247,0,0,227,247,126,126,0,3,121,17
Brendon Austin,17414,G,STANFORD,13,99.6,0,300,73.1,91.1,69.2,0,0,86,98.9,98.9,100.0,1,0,0,247,0,21,8,248,92,93,105,8,155,105
Zac Rosenbauer,15454,FB,TOLEDO,13,81.0,0,316,66.2,78.4,75.1,0,0,19,26.4,27.6,100.0,1,0,0,247,0,0,0,305,21,76,0,0,226,107
Gabe Holmes,9980,TE,PURDUE,12,52.1,1,273,53.4,43.9,62.7,0,0,13,5.5,5.4,100.0,4,0,0,247,0,0,10,474,13,240,0,2,234,266
Jeff Ward,37835,TE,GA SOUTHRN,10,86.7,0,174,77.6,59.3,85.2,0,0,12,25.5,26.9,100.0,2,0,0,247,0,0,8,285,14,52,0,0,233,179
Dustin Creel,17974,WR,E MICHIGAN,11,48.3,0,160,59.3,,67.2,0,0,0,0.0,0.0,,0,0,0,246,0,0,0,509,0,263,0,0,246,1
Tony Zenon,13670,TE,GA TECH,13,58.7,0,176,71.4,76.5,59.2,0,0,7,5.7,5.3,100.0,0,0,0,246,0,0,0,419,7,133,0,0,239,184
Chad Olsen,47300,TE,FRESNO ST,11,55.2,0,169,50.7,69.1,58.8,0,0,4,2.0,2.0,100.0,0,0,0,245,0,0,2,444,4,203,0,0,241,228
Davante Harris,10909,T,APP STATE,8,100.0,1,108,64.6,70.1,61.5,1,4,118,100.0,100.0,97.0,2,6,1,245,0,0,36,245,126,126,0,209,119,0
Wes Saxton Jr.,9960,TE,S ALABAMA,12,51.0,0,288,59.3,59.3,75.1,0,1,13,5.5,5.3,96.2,2,1,0,244,0,0,0,478,13,247,0,0,231,193
Ryan Leahy,46809,G,CINCINNATI,7,100.0,1,138,72.1,76.9,70.4,0,2,120,100.0,100.0,99.2,1,2,0,244,0,181,0,244,131,131,63,0,113,0
Jake Manley,17518,FB,IDAHO,10,79.2,0,185,70.4,58.4,76.2,0,3,35,38.5,36.4,95.7,0,3,0,244,0,0,0,308,36,99,0,0,208,24
Jon Davis,14422,FB,ILLINOIS,13,60.4,0,187,58.0,59.3,58.4,0,3,41,22.5,22.3,96.3,4,3,0,244,0,0,0,404,43,193,0,0,201,149
Angelo Jean-Louis,32011,WR,MARSHALL,14,46.4,1,214,61.7,,58.0,0,0,0,0.0,0.0,,1,0,0,244,0,0,0,526,0,282,0,0,244,0
Thomas Sperbeck,47487,WR,BOISE ST,14,40.9,0,120,83.3,,66.1,0,0,0,0.0,0.0,,1,0,0,244,0,0,0,597,0,351,0,0,244,1
Jared Dangerfield,11225,WR,W KENTUCKY,13,36.9,0,346,77.3,,62.6,0,0,0,0.0,0.0,,2,0,0,244,0,0,0,662,0,417,0,0,244,0
Dres Anderson,9690,WR,UTAH,7,52.6,0,328,60.8,,60.8,0,0,0,0.0,0.0,,0,0,0,243,0,0,0,462,0,218,0,0,243,0
Matt Linehan,46436,QB,IDAHO,11,33.2,0,185,55.9,,60.0,0,0,0,0.0,0.0,,0,0,0,243,0,0,0,733,0,480,0,0,243,0
Sam Richardson,18467,QB,IOWA STATE,11,28.6,0,193,65.4,,60.0,0,0,0,0.0,0.0,,3,0,0,243,0,0,0,851,0,547,0,0,243,0
Shamire Devine,39465,G,GA TECH,9,100.0,0,176,77.3,52.3,79.1,1,4,55,100.0,100.0,95.5,1,5,0,242,0,242,0,242,62,62,0,0,180,0
Bryce Treggs,11278,WR,CAL,12,33.7,0,130,62.1,,53.8,0,0,0,0.0,0.0,,1,0,0,242,0,0,0,719,0,476,0,0,242,1
Ryan Crozier,27225,G,UCONN,12,100.0,0,146,73.9,70.0,74.2,0,4,121,100.0,100.0,98.3,0,4,0,242,0,141,0,242,124,124,101,0,118,0
Tim Gorski,17098,TE,W KENTUCKY,13,67.4,0,346,70.5,75.7,81.9,1,0,43,27.6,27.8,98.8,2,1,0,242,0,0,0,359,45,162,0,0,197,320
Freddie Stevenson,12176,FB,FLORIDA ST,14,78.5,0,167,76.8,76.2,85.1,1,0,24,28.9,27.0,97.9,2,1,0,241,0,0,0,307,24,89,0,0,217,15
Cole Hubble,13138,TE,UTSA,12,58.9,0,331,60.4,75.8,68.6,0,0,30,16.2,15.2,100.0,3,0,0,241,0,0,2,409,30,197,0,0,211,305
Jaydon Mickens,11371,WR,WASHINGTON,14,40.1,0,340,69.0,,59.1,0,0,0,0.0,0.0,,3,0,0,240,0,0,0,599,0,341,0,0,240,0
Brandon Smith,19372,WR,TEXAS ST,11,48.6,0,314,64.7,,58.6,0,0,0,0.0,0.0,,2,0,0,240,0,0,0,494,0,254,0,0,240,0
Cliff Murphy,15216,FB,TCU,13,84.2,0,305,66.0,57.0,68.5,1,0,40,49.4,50.6,96.2,3,2,1,240,0,0,0,285,43,85,0,0,197,108
Kyle Carter,10977,TE,PENN STATE,13,48.1,0,266,55.5,51.2,65.4,0,2,21,7.8,7.8,95.2,0,2,0,240,0,0,0,499,22,281,0,1,218,266
Adam Shapiro,12779,WR,NEW MEX ST,12,44.6,0,242,54.1,,64.5,0,0,0,0.0,0.0,,3,0,0,240,0,0,0,538,0,297,0,0,240,1
Devontae Booker,10770,HB,UTAH,13,31.4,0,328,70.9,79.8,56.1,2,5,142,39.3,39.7,96.8,1,8,1,240,0,0,0,764,149,375,0,0,91,0
Stephen Anderson,11160,TE,CAL,10,38.5,0,130,77.0,67.0,72.8,0,0,28,7.3,7.3,96.4,0,1,1,239,0,0,8,621,30,412,0,6,209,242
Josh Reese,9945,WR,UCF,13,37.9,0,323,69.0,,77.2,0,0,0,0.0,0.0,,0,0,0,239,0,0,0,631,0,388,0,0,239,0
Cole Stoudt,10142,QB,CLEMSON,13,38.1,0,140,52.1,,60.3,0,0,0,0.0,0.0,,0,0,0,239,0,0,0,627,0,344,0,0,239,0
Dallas Burroughs,12750,WR,BOISE ST,13,43.9,0,120,50.3,63.6,73.0,0,0,1,0.3,0.3,100.0,0,0,0,239,0,0,0,544,1,306,0,0,238,0
Sean Irwin,47260,TE,COLORADO,12,65.2,0,143,57.8,78.0,65.6,0,0,42,26.1,25.7,100.0,1,0,0,238,0,0,8,365,44,171,0,1,194,318
Victor Bolden Jr.,12269,WR,OREGON ST,11,33.8,0,265,67.5,,62.0,0,0,0,0.0,0.0,,1,0,0,238,0,0,0,704,0,446,0,0,238,0
Wanemi Omuso,51513,TE,TEMPLE,12,59.2,0,306,54.6,62.2,73.8,0,4,56,25.9,25.8,96.4,2,4,0,238,0,0,0,402,57,221,0,0,181,213
Keith Towbridge,12154,TE,LOUISVILLE,13,63.8,0,210,51.5,72.4,56.7,0,0,19,12.5,12.9,100.0,4,0,0,238,0,0,0,373,20,155,0,0,218,366
Bradley Bozeman,27934,C,ALABAMA,9,100.0,0,103,72.2,80.4,67.4,0,0,104,100.0,100.0,100.0,0,0,0,238,205,0,0,238,107,107,33,0,131,0
Devon Cajuste,11270,WR,STANFORD,11,41.8,0,300,73.2,,73.3,0,0,0,0.0,0.0,,4,0,0,238,0,0,0,570,0,332,0,0,238,0
Jarrett Darmstatter,39309,TE,BOSTON COL,13,85.3,0,121,71.1,71.3,72.9,0,0,17,30.9,31.7,100.0,0,0,0,237,0,0,1,278,19,60,0,3,218,260
Adam Humphries,10075,WR,CLEMSON,13,41.6,0,140,50.2,,40.1,0,0,0,0.0,0.0,,0,0,0,237,0,0,0,570,0,328,0,0,237,1
Oliver Bates,46063,T,SO MISS,7,100.0,0,296,57.2,52.7,62.7,3,2,128,100.0,100.0,95.7,3,8,3,236,0,0,11,236,134,134,0,201,102,24
Bo Wallace,12806,QB,OLE MISS,13,30.6,1,226,64.8,,60.5,0,0,0,0.0,0.0,,4,0,0,236,0,0,0,771,0,464,0,0,236,0
Devin Smith,9470,WR,OHIO STATE,15,47.2,0,260,80.7,,57.5,0,0,0,0.0,0.0,,0,0,0,236,0,0,0,500,0,264,0,0,236,1
Josh Reynolds,11872,WR,TEXAS A&M,13,34.3,0,312,65.3,,58.5,0,0,0,0.0,0.0,,0,0,0,236,0,0,0,688,0,452,0,0,236,0
Paul Turner,11082,WR,LA TECH,12,42.8,0,208,71.3,,72.4,0,0,0,0.0,0.0,,2,0,0,236,0,0,0,552,0,316,0,0,236,0
Evan Engram,11778,TE,OLE MISS,13,40.4,0,226,73.2,75.5,80.5,1,0,27,7.4,7.9,98.1,2,1,0,236,0,0,2,584,30,378,0,0,206,126
Josh Ruka,46186,G,N ILLINOIS,13,100.0,0,254,61.0,60.1,59.7,1,2,95,100.0,100.0,97.4,0,4,1,236,0,0,0,236,103,103,236,0,133,0
Laquon Treadwell,10657,WR,OLE MISS,9,42.3,1,226,75.2,,72.0,0,0,0,0.0,0.0,,3,0,0,235,0,0,0,556,0,319,0,0,235,1
Lucky Whitehead,9853,WR,FAU,12,38.7,0,165,76.8,,61.5,0,0,0,0.0,0.0,,0,0,0,235,0,0,0,607,0,351,0,0,235,1
Derek Dowrey,46612,G,PENN STATE,10,100.0,0,266,78.1,78.7,77.8,0,0,131,100.0,100.0,98.5,0,2,2,235,0,143,0,235,139,139,70,0,96,5
Malcolm Lewis,47949,WR,MIAMI FL,13,44.6,0,220,54.8,,67.3,0,0,0,0.0,0.0,,2,0,0,235,0,0,0,527,0,292,0,0,235,0
David Glidden,11293,WR,OKLA STATE,13,40.6,0,262,67.9,,50.6,0,0,0,0.0,0.0,,1,0,0,235,0,0,0,579,0,344,0,0,235,0
Ahmad Fulwood,12220,WR,FLORIDA,12,60.6,0,163,54.7,,66.8,0,0,0,0.0,0.0,,1,0,0,235,0,0,0,388,0,153,0,0,235,1
Jacob Hollister,12051,TE,WYOMING,12,59.0,0,351,67.5,69.6,58.7,0,1,41,20.5,21.1,96.3,0,2,1,233,0,0,0,395,43,204,0,0,190,328
Eugene Lewis,47434,WR,PENN STATE,13,34.2,0,266,64.3,,62.6,0,0,0,0.0,0.0,,0,0,0,233,0,0,0,682,0,448,0,0,233,0
Miles Thomas,16572,FB,MINNESOTA,13,86.9,0,225,70.0,67.7,67.8,1,1,36,51.4,52.7,97.2,0,2,0,233,0,0,0,268,39,74,0,0,194,5
Dalton Gifford,16973,T,UCONN,5,100.0,0,146,58.6,62.4,56.8,4,4,136,100.0,100.0,95.6,1,10,2,233,0,0,0,233,146,146,0,232,87,1
Demarco Robinson,14460,WR,KENTUCKY,12,43.2,0,202,65.2,,62.2,0,0,0,0.0,0.0,,0,0,0,232,0,0,0,537,0,304,0,0,232,1
Devin Clarke,39437,WR,MIDDLE TN,10,49.5,0,224,65.5,,59.2,0,0,0,0.0,0.0,,2,0,0,232,0,0,0,469,0,237,0,0,232,1
Alex Ludowig,17719,WR,AIR FORCE,13,75.6,0,101,64.1,,83.0,0,0,0,0.0,0.0,,2,0,0,232,0,0,0,307,0,75,0,0,232,1
Marquise Williams,11419,QB,N CAROLINA,13,26.3,0,245,74.4,,60.2,0,0,0,0.0,0.0,,3,0,0,232,0,0,0,883,0,514,0,0,232,0
Matt Moen,29459,TE,NEVADA,13,82.3,0,239,52.6,74.6,63.0,0,0,20,30.8,28.6,100.0,3,0,0,232,0,0,0,282,20,70,0,0,212,276
David Frazier,14648,WR,MIAMI OH,12,30.9,0,221,77.0,61.0,77.8,0,0,1,0.2,0.2,100.0,0,0,0,232,0,0,0,751,1,519,0,0,231,1
Donovahn Jones,21348,WR,MINNESOTA,11,63.1,0,225,62.5,,59.7,0,0,0,0.0,0.0,,1,0,0,231,0,0,0,366,0,131,0,0,231,0
Ben McCord,11432,TE,C MICHIGAN,13,61.8,0,134,65.6,75.9,73.2,0,0,23,14.6,13.9,100.0,1,0,0,231,0,0,0,374,23,166,0,0,208,291
Darren Carrington II,48219,WR,OREGON,14,49.4,0,264,78.8,,67.5,0,0,0,0.0,0.0,,1,0,0,231,0,0,0,468,0,237,0,0,231,1
Darrin Laufasa,47296,FB,UTEP,13,79.4,0,330,71.0,76.2,76.4,0,0,4,8.5,9.8,100.0,1,0,0,231,0,0,0,291,5,51,0,0,226,55
Justin McCay,15802,WR,KANSAS,12,44.3,1,198,52.4,,69.1,0,0,0,0.0,0.0,,2,0,0,231,0,0,0,522,0,291,0,0,231,0
Alphonse Taylor,34786,G,ALABAMA,9,100.0,0,103,64.7,74.2,63.5,0,4,111,100.0,100.0,98.2,1,4,0,230,0,32,0,230,113,113,198,0,117,0
Shay Fields,47791,WR,COLORADO,12,34.5,0,143,60.7,,57.1,0,0,0,0.0,0.0,,1,0,0,230,0,0,0,667,0,433,0,0,230,0
Mike Dudek,28753,WR,ILLINOIS,13,33.2,0,187,82.0,67.8,77.3,0,0,1,0.2,0.2,100.0,1,0,0,230,0,0,1,692,1,457,0,0,229,0
Donovan Harden,16201,WR,GA STATE,12,33.5,0,175,69.6,,46.5,0,0,0,0.0,0.0,,2,0,0,230,0,0,0,687,0,455,0,0,230,0
Quinshad Davis,11131,WR,N CAROLINA,13,42.5,0,245,73.5,,75.3,0,0,0,0.0,0.0,,1,0,0,230,0,0,0,541,0,311,0,0,230,0
Andrew McNulty,39495,QB,N TEXAS,10,46.9,0,251,52.4,,60.0,0,0,0,0.0,0.0,,1,0,0,230,0,0,0,490,0,234,0,0,230,0
Devin Funchess,9474,WR,MICHIGAN,11,39.8,2,222,72.0,69.8,65.3,0,0,1,0.3,0.3,100.0,3,0,0,229,0,0,0,576,1,345,0,0,228,21
Chongo Kondolo,18757,G,NEBRASKA,9,100.0,1,238,74.5,88.1,78.1,0,1,76,100.0,100.0,99.3,4,1,0,229,0,0,0,229,78,78,229,0,151,0
Jake Reed,11054,C,INDIANA,7,100.0,0,190,62.5,83.4,57.0,0,2,86,100.0,100.0,98.8,0,2,0,229,219,10,0,229,92,92,0,0,137,0
Brandon Hayes,14621,HB,MEMPHIS,12,37.1,0,218,73.8,88.6,69.2,0,5,116,38.8,38.6,97.8,0,5,0,229,0,0,0,618,119,308,0,0,110,0
Cam Worthy,9868,WR,E CAROLINA,11,30.8,1,156,76.0,,56.3,0,0,0,0.0,0.0,,2,0,0,229,0,0,0,744,0,515,0,0,229,0
Jay Ajayi,9582,HB,BOISE ST,14,24.2,0,120,77.9,61.9,55.8,2,4,131,27.5,27.3,96.9,2,7,1,229,0,0,0,945,135,495,0,0,94,1
Kenny Lacy,46034,G,UCLA,5,100.0,0,324,72.2,78.1,70.1,1,3,112,100.0,100.0,98.2,0,4,0,229,0,228,0,229,117,117,1,0,112,0
Paul Lang,11442,TE,MICH STATE,13,91.2,1,223,62.2,76.9,61.8,0,0,21,48.8,50.0,100.0,1,0,0,228,0,0,7,250,22,44,0,1,206,210
D'haquille Williams,11366,WR,AUBURN,10,51.4,0,115,85.4,,54.4,0,0,0,0.0,0.0,,3,0,0,228,0,0,0,444,0,216,0,0,228,0
Darrell Daniels,12122,TE,WASHINGTON,12,60.0,1,340,59.3,65.8,59.3,0,0,18,11.1,11.6,100.0,3,0,0,228,0,0,5,380,20,172,0,3,208,208
Shane Williams-Rhodes,16845,WR,BOISE ST,14,38.1,1,120,74.6,,61.0,0,0,0,0.0,0.0,,2,0,0,228,0,0,0,599,0,356,0,0,228,2
Christopher Harper,9950,WR,CAL,12,38.1,0,130,74.8,,64.2,0,0,0,0.0,0.0,,2,0,0,228,0,0,0,599,0,366,0,0,228,0
Sean Price,17750,TE,USF,11,54.0,1,327,61.0,62.8,71.6,0,0,32,15.0,15.0,96.9,4,1,1,227,0,0,0,420,34,227,0,3,193,309
John Wolford,46454,QB,WAKE,12,31.4,0,339,59.4,,60.0,0,0,0,0.0,0.0,,3,0,0,227,0,0,0,723,0,456,0,0,227,0
Marquis Bundy,11429,WR,NEW MEXICO,12,79.4,0,241,61.3,,77.3,0,0,0,0.0,0.0,,0,0,0,227,0,0,0,286,0,59,0,0,227,0
Nick Jones,12453,WR,S CAROLINA,13,38.4,0,289,64.1,,59.0,0,0,0,0.0,0.0,,1,0,0,226,0,0,0,589,0,363,0,0,226,0
Micah Simmons,18496,C,MEMPHIS,10,100.0,1,218,56.0,71.1,54.3,0,3,93,100.0,100.0,98.4,1,3,0,226,226,0,0,226,95,95,0,0,131,0
Treon Harris,27651,QB,FLORIDA,9,53.2,0,163,64.7,,60.3,0,0,0,0.0,0.0,,1,0,0,226,0,0,0,425,0,135,0,0,226,0
Kam Jones,13080,WR,UTSA,12,40.1,0,331,56.6,,79.7,0,0,0,0.0,0.0,,0,0,0,226,0,0,0,563,0,314,0,0,226,2
Titus Davis,10126,WR,C MICHIGAN,10,43.5,2,134,87.6,,59.7,0,0,0,0.0,0.0,,4,0,0,226,0,0,0,520,0,291,0,0,226,4
Gehrig Dieter,12163,WR,BOWL GREEN,9,42.5,0,122,66.1,,63.8,0,0,0,0.0,0.0,,0,0,0,226,0,0,0,532,0,306,0,0,226,0
Brett Kendrick,46861,T,TENNESSEE,10,100.0,0,307,57.4,67.0,54.6,1,4,103,100.0,100.0,95.6,1,7,2,226,0,0,226,226,104,104,0,0,122,0
Delvon Hardaway,47775,WR,FRESNO ST,13,42.7,0,169,58.7,,60.3,0,0,0,0.0,0.0,,2,0,0,226,0,0,0,529,0,303,0,0,226,3
Greyson Lambert,46545,QB,VIRGINIA,9,41.5,0,335,70.4,,60.2,0,0,0,0.0,0.0,,0,0,0,226,0,0,0,544,0,296,0,0,226,0
E.J. Bibbs,10034,TE,IOWA STATE,10,36.5,0,193,65.4,64.8,66.5,0,1,27,6.9,6.5,98.1,3,1,0,225,0,0,1,616,27,418,0,0,198,214
Brock Dagel,18387,T,IOWA STATE,4,99.6,0,193,60.3,68.2,59.3,0,7,142,99.3,99.3,96.1,1,9,2,225,0,0,225,226,150,151,0,0,75,0
Jay Lee,11136,WR,BAYLOR,13,40.4,0,118,69.6,68.7,54.8,0,0,1,0.3,0.3,100.0,2,0,0,225,0,0,0,557,1,333,0,0,224,4
Kolby Listenbee,10826,WR,TCU,13,37.8,0,305,69.6,,70.6,0,0,0,0.0,0.0,,1,0,0,225,0,0,0,596,0,368,0,0,225,0
Sevrin Remmo,17653,T,AIR FORCE,3,100.0,0,101,77.1,67.2,74.3,1,1,54,100.0,100.0,98.1,0,2,0,225,0,0,0,225,57,57,0,225,168,0
Tristan Henderson,13399,TE,UAB,11,84.0,0,321,67.5,73.1,67.2,0,1,42,49.4,50.0,98.8,3,1,0,225,0,0,0,268,43,86,0,0,182,243
Nick Stoner,14436,WR,INDIANA,9,52.9,0,190,63.3,,66.6,0,0,0,0.0,0.0,,0,0,0,225,0,0,0,425,0,200,0,0,225,0
Chris Humphrey,14481,WR,KENT STATE,11,32.2,0,201,62.5,,65.8,0,0,0,0.0,0.0,,2,0,0,225,0,0,0,699,0,474,0,0,225,2
Connor Wingo-Reeves,45628,FB,VIRGINIA,12,88.9,0,335,57.6,68.9,58.2,1,0,49,63.6,64.1,96.9,0,2,1,224,0,0,0,252,50,78,0,0,174,9
Foster Bush,16430,G,MINNESOTA,6,100.0,0,225,77.5,64.0,77.5,0,2,69,100.0,100.0,98.6,1,2,0,224,0,0,0,224,71,71,214,10,153,0
Sean McQuillan,37752,TE,UCONN,12,46.5,1,146,48.7,43.0,57.9,1,0,26,9.6,10.1,98.1,3,1,0,224,0,0,0,482,29,287,0,1,195,348
Thomas Duarte,10865,TE,UCLA,11,41.3,0,324,62.1,,67.6,0,0,0,0.0,0.0,,2,0,0,224,0,0,0,543,0,319,0,0,224,1
Nick Mullens,12282,QB,SO MISS,10,33.7,0,296,70.5,,60.3,0,0,0,0.0,0.0,,2,0,0,224,0,0,0,664,0,425,0,0,224,0
Eldridge Massington,47955,WR,UCLA,13,45.2,0,324,65.2,,68.4,0,0,0,0.0,0.0,,1,0,0,223,0,0,0,493,0,270,0,0,223,0
Tajae Sharpe,10774,WR,UMASS,12,29.2,0,216,82.9,,59.8,0,0,0,0.0,0.0,,1,0,0,223,0,0,0,764,0,538,0,0,223,1
Cole Cook,47097,TE,NC STATE,13,92.9,0,248,65.8,70.2,67.7,0,1,20,54.1,54.1,97.5,1,1,0,223,0,0,6,240,20,37,0,5,203,223
Marcus Hendricks,13840,TE,AIR FORCE,10,76.6,0,101,70.2,68.7,86.8,0,0,1,1.5,1.4,100.0,0,0,0,223,0,0,0,291,1,69,0,0,222,90
Garrett Dickerson,47268,TE,NWESTERN,12,78.8,0,256,60.0,73.9,69.1,0,0,24,29.3,28.6,100.0,1,0,0,223,0,0,0,283,24,84,0,0,199,271
Sterling Griffin,39435,WR,LA TECH,11,44.1,0,208,67.0,,88.4,0,0,0,0.0,0.0,,2,0,0,222,0,0,0,503,0,281,0,0,222,0
Cody Core,10833,WR,OLE MISS,13,35.2,0,226,68.5,,69.1,0,0,0,0.0,0.0,,0,0,0,222,0,0,0,631,0,405,0,0,222,1
Justin Vele,18352,FB,HAWAII,12,71.6,0,180,59.2,56.6,60.1,0,2,50,39.1,38.4,98.0,0,2,0,222,0,0,0,310,53,138,0,0,169,88
Kyle Prater,10164,WR,NWESTERN,11,40.0,0,256,71.1,63.9,68.5,0,0,1,0.3,0.3,100.0,3,0,0,221,0,0,0,552,1,332,0,0,220,1
Braedon Bowman,10904,TE,S ALABAMA,11,52.5,0,288,63.5,26.9,77.1,1,2,13,6.4,6.1,88.5,2,3,0,221,0,0,0,421,13,213,0,0,208,158
Amara Darboh,11861,WR,MICHIGAN,12,42.7,0,222,67.7,69.3,81.6,0,0,0,0.0,0.3,,0,0,0,221,0,0,0,518,1,298,0,0,220,11
Chase Cochran,14916,WR,OHIO,12,42.1,0,259,59.5,,59.5,0,0,0,0.0,0.0,,0,0,0,220,0,0,0,523,0,303,0,0,220,0
Drew Bailey,13856,FB,APP STATE,12,91.3,0,108,71.2,70.1,74.5,0,1,29,58.0,60.4,98.3,1,1,0,220,0,0,0,241,32,53,0,0,188,32
Rannell Hall,9942,WR,UCF,10,38.2,1,323,68.4,70.0,65.5,0,0,2,0.6,0.6,100.0,3,0,0,220,0,0,0,576,2,333,0,0,218,2
Cody Collins,28813,G,MARSHALL,11,100.0,0,214,69.4,84.3,69.2,0,4,110,100.0,100.0,98.2,2,4,0,219,40,0,0,219,114,114,179,0,105,0
Keith Mumphery,9608,WR,MICH STATE,13,47.4,0,223,72.8,,61.5,0,0,0,0.0,0.0,,0,0,0,219,0,0,0,462,0,237,0,0,219,0
Justyn Shackleford,12770,WR,TULANE,12,35.9,0,319,62.3,,68.7,0,0,0,0.0,0.0,,1,0,0,219,0,0,0,610,0,391,0,0,219,0
P.J. Walker,12134,QB,TEMPLE,12,30.0,0,306,42.3,,60.0,0,0,0,0.0,0.0,,4,0,0,219,0,0,0,730,0,446,0,0,219,0
Brad Lundblade,45578,C,OKLA STATE,7,100.0,0,262,64.6,74.6,63.6,0,2,120,100.0,100.0,98.3,3,3,1,219,218,0,0,219,125,125,0,0,94,0
Fred Ross,12091,WR,MISS STATE,13,51.0,0,227,71.3,,75.3,0,0,0,0.0,0.0,,0,0,0,219,0,0,0,429,0,208,0,0,219,1
Joe Gray,16729,QB,S JOSE ST,11,35.0,0,285,75.7,,60.0,0,0,0,0.0,0.0,,0,0,0,218,0,0,0,622,0,369,0,0,218,0
Louie Addazio,18025,TE,BOSTON COL,12,94.4,0,121,37.9,50.6,44.3,0,1,12,50.0,50.0,95.8,1,1,0,218,0,0,8,231,13,26,0,6,205,217
Bryce Williams,11220,TE,E CAROLINA,13,55.1,0,156,67.2,44.1,66.5,0,10,76,31.0,31.0,93.4,1,10,0,218,0,0,2,396,80,258,0,0,138,195
Tevaun Smith,10921,WR,IOWA,13,34.2,0,192,68.7,,79.1,0,0,0,0.0,0.0,,0,0,0,218,0,0,0,638,0,417,0,0,218,0
Chris Shillings,17812,WR,BALL ST,12,38.1,0,117,54.9,,60.3,0,0,0,0.0,0.0,,0,0,0,218,0,0,0,572,0,354,0,0,218,6
J.J. Worton,11404,WR,UCF,10,40.7,0,323,68.0,,66.8,0,0,0,0.0,0.0,,1,0,0,217,0,0,0,533,0,316,0,0,217,6
Kasen Williams,10195,WR,WASHINGTON,14,48.5,0,340,63.4,33.2,70.2,0,0,1,0.5,0.4,100.0,1,0,0,217,0,0,0,447,1,231,0,0,216,4
Aaron Evans,46350,T,UCF,6,100.0,0,323,67.1,61.4,68.6,1,5,95,100.0,100.0,95.8,1,7,1,217,0,0,0,217,101,101,46,171,116,0
Cole Hunt,25172,TE,RICE,13,75.3,0,275,53.0,32.8,61.1,0,2,9,12.0,11.3,88.9,2,2,0,217,0,0,0,288,9,80,0,0,208,260
Drew Van Maanen,45615,FB,WYOMING,12,84.1,0,351,68.4,69.0,70.3,2,1,40,50.6,50.6,96.2,1,3,0,217,0,0,0,258,42,83,0,0,175,11
Devon Desper,46122,G,MISS STATE,8,100.0,1,227,59.6,88.8,60.2,0,1,79,100.0,100.0,99.4,3,1,0,216,0,0,0,216,84,84,216,0,132,0
Stefon Diggs,9579,WR,MARYLAND,10,36.9,0,215,79.5,,76.6,0,0,0,0.0,0.0,,2,0,0,216,0,0,0,585,0,365,0,0,216,1
DeAngelo Yancey,11930,WR,PURDUE,12,40.1,0,273,53.7,,77.7,0,0,0,0.0,0.0,,0,0,0,216,0,0,0,539,0,323,0,0,216,0
Mike Thomas,10840,WR,SO MISS,12,33.4,0,296,62.9,,72.4,0,0,0,0.0,0.0,,3,0,0,216,0,0,0,647,0,431,0,0,216,0
Shane Smith,12238,TE,S JOSE ST,11,84.7,0,285,72.6,77.4,82.7,0,0,30,45.5,45.1,100.0,3,0,0,216,0,0,0,255,32,71,0,0,184,199
Pete Thomas,12587,QB,LA MONROE,12,24.8,0,209,60.7,,60.1,0,0,0,0.0,0.0,,1,0,0,215,0,0,0,867,0,617,0,0,215,0
Kyle Harris,17601,T,ARK STATE,11,100.0,0,113,52.9,62.4,57.2,1,7,107,100.0,100.0,96.3,3,8,0,215,31,0,61,215,111,111,0,123,104,0
Mike White,46453,QB,USF,11,42.2,0,327,52.6,,60.0,0,0,0,0.0,0.0,,4,0,0,215,0,0,0,510,0,281,0,0,215,0
Vince Sanders,12807,WR,OLE MISS,12,36.8,1,226,71.7,,57.4,0,0,0,0.0,0.0,,2,0,0,215,0,0,0,585,0,370,0,0,215,0
David Morgan,10822,TE,UTSA,9,66.8,0,331,90.5,47.8,82.1,1,0,37,26.6,26.2,95.9,2,2,1,215,0,0,0,322,38,145,0,0,177,259
Miles Dieffenbach,9873,G,PENN STATE,5,100.0,1,266,71.7,83.7,68.4,0,1,106,100.0,100.0,98.6,2,2,1,215,0,214,0,215,113,113,1,0,102,0
Jake Bennett,27100,C,COLO STATE,3,100.0,1,144,70.0,74.3,70.3,2,1,125,100.0,100.0,98.8,2,3,0,215,212,3,0,215,129,129,0,0,86,0
Ozzie Mann,17841,QB,BALL ST,7,47.1,0,117,68.2,,60.0,0,0,0,0.0,0.0,,1,0,0,215,0,0,0,456,0,219,0,0,215,0
Jordan Pu`u-Robinson,14413,TE,HAWAII,10,58.9,0,180,55.4,71.2,69.0,1,1,47,24.6,25.0,97.9,0,2,0,215,0,0,0,365,50,200,0,0,165,326
Gerard Kough,46110,G,COLORADO,3,100.0,0,143,63.1,84.0,58.2,2,1,118,100.0,100.0,98.7,2,3,0,214,0,214,0,214,125,125,0,0,89,0
Matt Tuleja,19390,FB,UMASS,11,80.4,0,216,70.6,29.2,80.3,1,4,48,49.0,49.5,92.7,1,6,1,213,0,0,0,265,51,103,0,0,162,9
Matt LaCosse,9840,TE,ILLINOIS,13,56.8,0,187,65.5,78.8,75.1,0,0,28,15.6,16.9,100.0,1,0,0,213,0,0,1,375,33,195,0,3,180,273
Deante Burton,47970,WR,KANSAS ST,13,39.7,0,199,53.4,,74.5,0,0,0,0.0,0.0,,3,0,0,213,0,0,0,537,0,324,0,0,213,11
Michael Lasker,16966,T,SYRACUSE,7,100.0,0,304,52.2,40.6,58.5,2,4,109,100.0,100.0,97.2,3,6,0,213,0,16,7,213,117,117,128,62,96,0
Mitchell Henry,9927,TE,W KENTUCKY,13,45.2,0,346,75.1,76.1,67.9,0,0,35,12.3,12.2,100.0,0,0,0,213,0,0,0,471,36,294,0,0,177,365
Bradley Marquez,9914,WR,TEXAS TECH,12,30.4,0,315,77.3,,91.3,0,0,0,0.0,0.0,,1,0,0,212,0,0,0,698,0,486,0,0,212,1
William Dukes,14272,WR,FAU,12,46.2,0,165,54.5,,77.6,0,0,0,0.0,0.0,,0,0,0,212,0,0,0,459,0,247,0,0,212,0
Nate Sudfeld,10821,QB,INDIANA,6,49.9,0,190,63.7,,60.0,0,0,0,0.0,0.0,,3,0,0,212,0,0,0,425,0,203,0,0,212,0
David Porter Jr.,10149,WR,TCU,13,40.0,0,305,62.8,,73.2,0,0,0,0.0,0.0,,0,0,0,211,0,0,0,528,0,317,0,0,211,0
Jabari Carr,12938,WR,S JOSE ST,11,40.4,0,285,56.1,,60.1,0,0,0,0.0,0.0,,2,0,0,211,0,0,0,522,0,311,0,0,211,0
Melvin Vaughn,47322,WR,DOMINION,12,37.8,0,263,62.3,74.2,57.8,0,0,10,3.0,3.1,100.0,1,0,0,211,0,0,0,558,11,358,0,0,200,36
J.D. McKissic,11047,WR,ARK STATE,11,42.3,0,113,73.0,,68.6,0,0,0,0.0,0.0,,0,0,0,210,0,0,0,496,0,276,0,0,210,0
Cameron Artis-Payne,9607,HB,AUBURN,13,29.6,0,115,79.5,71.9,72.6,2,3,91,33.0,33.0,97.3,0,5,0,210,0,0,0,710,95,288,0,0,115,0
Bug Howard,12125,WR,N CAROLINA,13,40.1,0,245,67.7,,66.2,0,0,0,0.0,0.0,,0,0,0,210,0,0,0,524,0,314,0,0,210,0
Elijah Tupai,46743,G,HAWAII,6,100.0,1,180,55.2,43.3,59.5,1,3,93,100.0,100.0,95.7,4,6,2,210,1,209,0,210,97,97,0,0,113,0
Jared McCray,46260,T,OHIO,10,100.0,0,259,70.7,55.3,76.5,0,6,98,100.0,100.0,94.9,2,8,2,210,0,0,0,210,105,105,0,210,105,0
J-Shun Harris II,28560,WR,INDIANA,12,52.0,1,190,55.7,44.9,62.2,0,0,0,0.0,0.0,,1,0,0,210,0,0,0,404,0,190,0,0,210,0
Steven Foster,46677,G,S ALABAMA,7,100.0,0,288,62.5,72.5,58.3,1,4,112,100.0,100.0,96.9,0,6,1,210,0,87,0,210,115,115,118,5,95,0
Josh Robinson,18332,T,LA TECH,14,100.0,1,208,59.2,47.9,64.8,1,4,73,100.0,100.0,96.6,2,5,0,210,0,33,7,210,78,78,0,133,132,37
Jordan Thompson,37881,WR,W VIRGINIA,12,37.9,1,343,65.4,,57.1,0,0,0,0.0,0.0,,2,0,0,210,0,0,0,554,0,338,0,0,210,2
Alec Osborne,47115,TE,LA MONROE,12,43.5,0,209,53.4,17.6,74.5,0,4,37,12.4,12.5,86.5,0,7,3,210,0,0,6,483,39,312,0,1,171,108
Ricardo Louis,10748,WR,AUBURN,12,60.2,0,115,68.3,,62.7,0,0,0,0.0,0.0,,0,0,0,210,0,0,0,349,0,122,0,0,210,2
De'Marieya Nelson,37689,TE,ARIZONA ST,13,61.2,0,110,59.9,70.8,62.1,0,0,28,18.1,18.4,96.4,1,1,1,210,0,0,0,343,30,163,0,0,180,200
Teriyon Gipson,45968,HB,NEW MEXICO,11,47.9,0,241,68.4,46.1,53.1,0,1,17,19.3,18.9,97.1,2,1,0,210,0,0,0,438,18,95,0,0,192,2
Darius James,46268,T,TEXAS,4,100.0,0,311,47.8,37.4,53.3,0,14,110,100.0,100.0,93.6,2,14,0,209,0,0,7,209,117,117,33,169,92,0
Stephon McCray,21634,C,ARIZONA ST,7,100.0,0,110,61.4,55.8,61.1,2,1,106,100.0,100.0,96.7,0,5,2,209,111,97,0,209,114,114,1,0,95,0
Courtney Williams,12507,WR,C MICHIGAN,13,50.2,1,134,54.0,,65.9,0,0,0,0.0,0.0,,1,0,0,209,0,0,0,416,0,207,0,0,209,2
Akil Hawkins,23359,G,GA STATE,8,100.0,0,175,65.0,46.6,71.3,2,5,118,100.0,100.0,94.5,1,10,3,209,0,209,0,209,122,122,0,0,87,0
C.J. Brown,14571,QB,MARYLAND,13,28.0,0,215,57.3,,60.0,0,0,0,0.0,0.0,,3,0,0,209,0,0,0,746,0,429,0,0,209,0
Jerell Adams,10818,TE,S CAROLINA,13,48.0,1,289,65.0,76.2,65.6,0,0,29,11.9,11.4,100.0,3,0,0,209,0,0,0,435,29,255,0,0,180,311
Craig Wilkins,14641,WR,MARSHALL,14,44.8,0,214,53.3,,70.1,0,0,0,0.0,0.0,,3,0,0,209,0,0,0,466,0,257,0,0,209,0
Devante Davis,9745,WR,UNLV,8,37.4,0,325,69.2,,63.1,0,0,0,0.0,0.0,,4,0,0,209,0,0,0,559,0,350,0,0,209,0
Quinton Dunbar,10073,WR,FLORIDA,10,47.7,0,163,57.8,64.4,61.6,0,0,1,0.5,0.4,100.0,1,0,0,209,0,0,0,438,1,230,0,0,208,2
Scott Orndoff,12055,TE,PITTSBURGH,11,78.0,0,268,53.6,75.7,56.9,0,0,16,21.6,23.4,100.0,2,0,0,209,0,0,0,268,18,77,0,0,191,238
Matt Marfisi,12851,TE,TULANE,12,82.9,0,319,61.7,71.9,65.5,0,0,21,33.3,35.8,100.0,3,0,0,209,0,0,0,252,24,67,0,0,185,203
Anthony Gatti,51534,G,MISSOURI,4,100.0,0,229,63.3,70.8,60.4,0,2,98,100.0,100.0,98.0,0,3,1,208,0,208,0,208,104,104,0,0,104,0
B.J. Bostic,13587,FB,GA TECH,14,72.2,0,176,60.6,61.3,62.0,0,0,7,11.5,10.9,100.0,0,0,0,208,0,0,0,288,7,64,0,0,201,125
Marcus Leak,10910,WR,MARYLAND,13,40.9,0,215,60.6,,81.7,0,0,0,0.0,0.0,,1,0,0,208,0,0,0,508,0,300,0,0,208,0
De'Mornay Pierson-El,48141,WR,NEBRASKA,13,48.9,1,238,63.8,,76.1,0,0,0,0.0,0.0,,1,0,0,208,0,0,0,425,0,211,0,0,208,0
Devin Lucien,10859,WR,UCLA,13,42.5,0,324,58.9,,68.1,0,0,0,0.0,0.0,,2,0,0,208,0,0,0,489,0,280,0,0,208,0
Corey Robinson,38151,WR,NOTRE DAME,13,40.1,0,258,68.8,,67.0,0,0,0,0.0,0.0,,0,0,0,208,0,0,0,519,0,311,0,0,208,1
Nyiakki Height,17540,WR,UAB,10,59.7,0,321,58.6,42.3,62.6,0,0,0,0.0,0.0,,1,0,0,207,0,0,0,347,0,140,0,0,207,1
Nate Iese,47210,TE,UCLA,13,75.8,0,324,64.0,51.7,52.9,1,1,24,27.9,27.5,95.8,0,2,0,207,0,0,0,273,25,91,0,0,182,235
Montez McGuire,17801,WR,APP STATE,12,48.0,0,108,67.1,,63.0,0,0,0,0.0,0.0,,0,0,0,207,0,0,0,431,0,224,0,0,207,1
Akil Dan-Fodio,18093,TE,FIU,12,59.7,1,166,59.0,74.2,69.1,0,1,14,9.3,9.1,96.4,1,1,0,207,0,0,0,347,14,154,0,0,193,280
Brandon Sheperd,19187,WR,OKLA STATE,13,40.0,1,262,80.2,,75.5,0,0,0,0.0,0.0,,2,0,0,207,0,0,0,518,0,307,0,0,207,0
Charles Jones II,47186,TE,TULANE,12,58.3,0,319,64.1,61.2,56.0,1,0,22,13.4,12.9,97.7,2,1,0,207,0,0,0,355,22,170,0,0,185,271
Lee Dufour,27415,C,UAB,3,100.0,0,321,73.8,77.6,69.3,0,2,80,100.0,100.0,98.7,0,2,0,206,206,0,0,206,86,86,0,0,120,0
Kevonte Martin-Manley,14514,WR,IOWA,13,32.4,0,192,61.2,,58.6,0,0,0,0.0,0.0,,0,0,0,206,0,0,0,635,0,429,0,0,206,0
Johnny Holton,11354,WR,CINCINNATI,13,46.2,1,138,71.0,,76.5,0,0,0,0.0,0.0,,4,0,0,206,0,0,0,446,0,240,0,0,206,1
Steve Ishmael,47731,WR,SYRACUSE,12,46.5,1,304,68.8,,59.6,0,0,0,0.0,0.0,,3,0,0,206,0,0,0,443,0,237,0,0,206,0
A.J. Samataua,26844,G,S JOSE ST,5,100.0,0,285,69.7,75.7,67.7,0,3,126,100.0,100.0,98.8,0,3,0,206,0,195,0,206,131,131,10,0,75,1
Cody Hollister,12052,WR,ARKANSAS,13,55.1,0,111,57.0,,70.2,0,0,0,0.0,0.0,,1,0,0,205,0,0,0,372,0,167,0,0,205,2
Austin Albrecht,46242,G,UTAH ST,10,100.0,0,329,78.1,70.8,76.7,0,2,70,100.0,100.0,98.6,1,2,0,205,0,0,49,205,71,71,99,56,134,1
Aaron Wimberly,14445,HB,IOWA STATE,11,35.3,0,193,64.0,78.6,49.4,0,1,140,39.7,40.1,99.6,0,1,0,205,0,0,0,580,150,374,0,0,55,0
Joe Hansley,11393,WR,COLO STATE,12,35.9,0,144,63.5,,76.5,0,0,0,0.0,0.0,,2,0,0,205,0,0,1,571,0,361,0,0,205,4
Mack Hollins,11873,WR,N CAROLINA,13,41.2,2,245,70.4,,68.5,0,0,0,0.0,0.0,,5,0,0,205,0,0,0,497,0,292,0,0,205,0
Chad Beebe,21528,WR,N ILLINOIS,12,51.5,0,254,56.7,,68.0,0,0,0,0.0,0.0,,0,0,0,205,0,0,0,398,0,192,0,0,205,0
Devin Rushing,17573,HB,AIR FORCE,13,62.7,0,101,58.5,55.3,61.1,2,0,23,31.9,32.0,95.7,0,2,0,205,0,0,0,327,24,75,0,0,181,76
Aaron Burbridge,10847,WR,MICH STATE,13,48.0,0,223,68.2,,61.6,0,0,0,0.0,0.0,,2,0,0,204,0,0,0,425,0,213,0,0,204,0
Tanner McEvoy,11288,QB,WISCONSIN,14,52.7,0,349,72.1,,60.0,0,0,0,0.0,0.0,,0,0,0,204,0,0,0,387,0,136,0,0,204,0
Jazzmar Clax,22012,FB,UCONN,12,77.3,0,146,53.6,82.7,51.1,0,1,30,35.7,35.9,98.3,2,1,0,204,0,0,0,264,33,92,0,0,171,8
Michael Cummings,19940,QB,KANSAS,12,38.6,0,198,45.1,,60.0,0,0,0,0.0,0.0,,0,0,0,204,0,0,0,528,0,281,0,0,204,0
Marcellus Mack,13135,WR,UTSA,12,43.4,0,331,62.1,60.9,80.1,0,0,1,0.4,0.4,100.0,2,0,0,203,0,0,0,468,1,266,0,0,202,1
Wes Rogers,39322,C,INDIANA,6,100.0,0,190,59.0,55.0,60.5,0,6,85,100.0,100.0,95.3,2,7,1,203,192,0,1,203,87,87,10,0,116,0
Corey Smith,47999,WR,OHIO STATE,14,51.4,0,260,57.4,,69.6,0,0,0,0.0,0.0,,2,0,0,203,0,0,0,395,0,191,0,0,203,1
D.J. Johnson,45973,HB,AIR FORCE,11,67.9,0,101,68.6,84.7,67.2,0,0,35,74.5,73.1,100.0,0,0,0,203,0,0,0,299,38,52,0,0,165,3
Ray Ball,38388,G,WISCONSIN,10,100.0,0,349,63.4,40.0,65.5,1,6,70,100.0,100.0,93.6,0,8,1,202,0,181,0,202,74,74,21,0,128,0
David Cobb,9571,HB,MINNESOTA,13,30.4,1,225,78.0,45.9,60.2,2,5,82,37.1,36.6,93.3,1,9,2,202,0,0,0,664,85,232,0,0,117,0
Josh Robinson,9638,HB,MISS STATE,13,30.1,1,227,75.8,64.3,62.8,3,1,53,16.6,17.0,92.5,1,6,2,202,0,0,0,670,56,329,0,0,146,0
Tony Jones,9714,WR,NWESTERN,10,38.5,0,256,59.2,,61.4,0,0,0,0.0,0.0,,1,0,0,202,0,0,0,524,0,319,0,0,202,1
Jahwan Edwards,10128,HB,BALL ST,12,30.9,0,117,79.4,68.5,59.0,3,5,151,46.3,46.3,96.7,0,9,1,202,0,0,0,653,158,341,0,0,44,0
Chris Moore,10741,WR,CINCINNATI,13,39.1,0,138,66.1,,70.0,0,0,0,0.0,0.0,,2,0,0,202,0,0,0,517,0,315,0,0,202,2
Kenneth Dixon,10768,HB,LA TECH,14,28.5,1,208,73.5,76.6,68.5,2,3,138,37.1,37.0,98.2,2,5,0,202,0,0,0,708,146,395,0,0,56,0
Dennis Parks,11155,WR,RICE,10,48.8,0,275,68.2,,66.1,0,0,0,0.0,0.0,,1,0,0,202,0,0,0,414,0,212,0,0,202,0
Heath Jackson,13072,WR,BOWL GREEN,13,35.4,0,122,55.8,,76.3,0,0,0,0.0,0.0,,0,0,0,202,0,0,0,570,0,368,0,0,202,0
Colton Huntsman,13850,TE,AIR FORCE,9,86.0,0,101,69.0,62.0,63.4,0,0,1,4.2,3.7,100.0,0,0,0,202,0,0,0,235,1,27,0,0,201,120
Jarvis West,14353,WR,IOWA STATE,11,33.9,0,193,54.4,,68.8,0,0,0,0.0,0.0,,0,0,0,202,0,0,0,595,0,392,0,0,202,2
Matt Cochran,22501,G,CAL,11,100.0,0,130,59.7,57.0,54.6,0,6,94,100.0,100.0,95.7,0,7,1,202,49,91,0,202,102,102,39,10,100,13
DJ Dowdy,47102,TE,CINCINNATI,13,75.7,0,138,60.2,70.3,62.4,0,0,43,42.2,41.4,100.0,1,0,0,202,0,0,1,267,46,111,0,0,156,189
Eric Cotton,49643,TE,STANFORD,13,68.8,0,300,52.4,73.3,52.1,0,0,8,8.4,9.9,100.0,1,0,0,201,0,0,1,292,10,101,0,6,191,221
Ethan Wolf,47173,TE,TENNESSEE,12,52.9,1,307,66.5,58.3,71.4,1,0,23,11.9,11.8,93.5,3,2,1,201,0,0,0,380,24,203,0,0,177,274
Marcus Davis,47943,WR,AUBURN,13,54.5,0,115,55.4,,65.3,0,0,0,0.0,0.0,,0,0,0,201,0,0,0,369,0,167,0,0,201,1
Tommy Myers,47154,TE,UCONN,12,79.1,0,146,53.4,56.9,68.8,0,1,36,41.4,42.4,98.6,5,1,0,201,0,0,0,254,39,92,0,0,162,242
Eli McCullough,26485,T,BOISE ST,8,100.0,0,120,42.8,42.7,56.5,1,8,98,100.0,100.0,94.4,6,10,1,201,0,0,193,201,106,106,0,0,95,8
Trey Griffey,12123,WR,ARIZONA,13,39.5,0,109,60.0,,60.9,0,0,0,0.0,0.0,,0,0,0,201,0,0,0,509,0,308,0,0,201,3
Gus Penning,17891,TE,BAYLOR,13,81.0,0,118,51.9,58.1,57.2,0,1,46,50.0,50.0,98.9,1,1,0,201,0,0,13,248,47,94,0,6,154,141
De'Marcus Ayers,10863,WR,HOUSTON,13,39.0,0,182,55.3,,45.0,0,0,0,0.0,0.0,,2,0,0,200,0,0,0,513,0,311,0,0,200,0
Nick Holley,47688,HB,KENT STATE,11,37.7,0,201,63.8,61.6,61.7,2,2,156,44.7,44.5,98.1,1,5,1,200,0,0,0,531,163,366,0,0,37,0
Khaliel Rodgers,45201,G,USC,5,100.0,0,326,69.5,69.4,68.6,1,4,98,100.0,100.0,96.4,0,6,1,200,0,191,0,200,104,104,8,0,96,0
David Washington,23616,WR,DOMINION,12,35.3,0,263,65.4,76.6,64.7,0,0,8,2.3,2.1,100.0,0,0,0,200,0,0,0,567,8,374,0,0,192,11
Allen Caunitz,46308,T,AIR FORCE,4,100.0,0,101,67.5,69.4,64.5,0,2,44,100.0,100.0,97.7,0,2,0,199,0,0,128,199,48,48,0,71,151,0
Jake Maulhardt,48045,WR,WYOMING,12,43.7,0,351,59.0,,65.5,0,0,0,0.0,0.0,,3,0,0,199,0,0,0,455,0,256,0,0,199,7
Jake Duzey,18457,TE,IOWA,13,39.9,0,192,56.4,67.7,67.6,0,0,26,8.3,8.5,100.0,2,0,0,199,0,0,0,499,28,328,0,0,171,288
Tyler McCloskey,12281,FB,HOUSTON,13,88.8,0,182,69.4,72.8,64.7,0,2,46,65.7,67.6,97.8,0,2,0,199,0,0,0,224,50,74,0,0,149,137
Jalen Fitzpatrick,38874,WR,TEMPLE,12,35.6,0,306,69.3,,66.2,0,0,0,0.0,0.0,,1,0,0,199,0,0,0,559,0,358,0,0,199,0
K.J. Young,48065,WR,OKLAHOMA,12,43.5,0,261,57.1,,63.6,0,0,0,0.0,0.0,,1,0,0,199,0,0,0,457,0,255,0,0,199,0
Don Jackson,11150,HB,NEVADA,13,35.9,0,239,65.5,75.2,61.9,0,3,127,50.4,49.4,98.8,0,3,0,199,0,0,0,554,130,263,0,0,69,0
Gunner Kiel,24708,QB,CINCINNATI,13,29.4,0,138,74.9,,60.5,0,0,0,0.0,0.0,,4,0,0,199,0,0,0,676,0,434,0,0,199,0
Shock Linwood,45820,HB,BAYLOR,13,32.6,0,118,76.0,79.8,56.0,1,4,150,50.2,50.2,97.7,1,6,1,199,0,0,0,611,160,319,0,0,39,0
Zach D'Orazio,10180,WR,AKRON,12,28.8,0,102,65.3,,72.9,0,0,0,0.0,0.0,,1,0,0,199,0,0,0,691,0,492,0,0,199,0
Cameron Dickerson,18905,WR,NWESTERN,12,38.3,0,256,56.3,61.0,63.4,0,0,1,0.3,0.3,100.0,2,0,0,198,0,0,0,517,1,320,0,0,197,0
Pat Flavin,18434,T,ILLINOIS,6,100.0,0,187,52.5,50.0,55.7,2,10,129,100.0,100.0,94.6,1,13,1,198,0,0,9,198,131,131,0,189,67,0
Daikiel Shorts,12153,WR,W VIRGINIA,13,40.9,0,343,67.0,,83.7,0,0,0,0.0,0.0,,0,0,0,198,0,0,0,484,0,286,0,0,198,0
Rashard Higgins,10806,WR,COLO STATE,12,33.0,0,144,92.7,,72.1,0,0,0,0.0,0.0,,1,0,0,198,0,0,0,600,0,402,0,0,198,0
Derek Watt,10832,FB,WISCONSIN,8,88.7,1,349,70.4,72.8,74.1,0,1,14,38.9,36.8,96.4,1,1,0,197,0,0,0,222,14,38,0,0,183,10
Dwight Macon,15369,WR,TOLEDO,12,52.3,0,316,64.8,,65.0,0,0,0,0.0,0.0,,0,0,0,197,0,0,0,377,0,161,0,0,197,0
Conor Hanratty,15044,G,NOTRE DAME,4,100.0,0,258,65.7,74.7,62.5,1,0,109,100.0,100.0,99.5,0,1,0,197,0,195,0,197,114,114,1,0,83,1
Richard Montgomery Jr.,27728,WR,IDAHO,10,32.0,0,185,58.2,72.9,66.1,0,0,2,0.5,0.5,100.0,1,0,0,197,0,0,0,615,2,406,0,0,195,0
Dylan Wiesman,46696,C,TENNESSEE,7,100.0,0,307,61.7,63.4,59.8,0,2,73,100.0,100.0,95.9,0,4,2,197,196,1,0,197,77,77,0,0,120,0
Jay Guillermo,22262,C,CLEMSON,7,100.0,0,140,59.0,65.1,56.2,0,2,96,100.0,100.0,97.9,1,3,1,196,190,0,0,196,101,101,6,0,95,0
Jesse Robinson,46153,G,OKLA STATE,6,100.0,0,262,62.4,58.9,64.0,0,3,91,100.0,100.0,97.3,2,4,1,196,0,5,0,196,98,98,191,0,98,0
Devonte Robinson,11158,WR,UTAH ST,14,47.0,0,329,60.3,,62.9,0,0,0,0.0,0.0,,1,0,0,196,0,0,0,417,0,217,0,0,196,1
D.J. Foster,11214,HB,ARIZONA ST,13,25.8,0,110,70.3,87.8,69.4,0,2,53,13.3,13.0,98.1,1,2,0,196,0,0,0,760,55,423,0,0,141,1
Kyle Pohl,16451,QB,AKRON,10,30.1,0,102,63.7,,60.0,0,0,0,0.0,0.0,,0,0,0,196,0,0,0,651,0,441,0,0,196,0
Davon Grayson,38079,WR,E CAROLINA,13,32.7,0,156,55.0,65.6,73.2,0,0,1,0.3,0.2,100.0,0,0,0,196,0,0,0,599,1,404,0,0,195,1
Christion Jones,9816,WR,ALABAMA,14,43.4,0,103,62.5,70.7,84.7,0,0,3,1.2,1.2,100.0,0,0,0,195,0,0,0,449,3,256,0,0,192,10
Chris Brown,11118,WR,NOTRE DAME,13,43.2,0,258,72.1,63.9,61.6,0,0,1,0.4,0.4,100.0,2,0,0,195,0,0,0,451,1,256,0,0,194,1
Rokeem Williams,47958,WR,MIAMI OH,12,29.5,0,221,63.5,,62.2,0,0,0,0.0,0.0,,1,0,0,195,0,0,0,662,0,462,0,0,195,0
Danny Anthrop,10925,WR,PURDUE,9,41.8,0,273,69.7,,50.0,0,0,0,0.0,0.0,,1,0,0,195,0,0,0,466,0,268,0,0,195,9
Jim Katusha,18363,G,KENT STATE,4,100.0,0,201,63.9,81.1,55.6,0,2,134,100.0,100.0,99.3,1,2,0,194,0,128,0,194,142,142,66,0,52,0
Malcome Kennedy,10094,WR,TEXAS A&M,11,34.6,0,312,69.4,,85.5,0,0,0,0.0,0.0,,1,0,0,194,0,0,0,560,0,365,0,0,194,0
Jay Rome,10894,TE,GEORGIA,12,63.2,0,173,63.4,61.4,67.1,0,1,21,16.0,18.7,92.9,0,2,1,194,0,0,0,307,26,139,0,0,168,249
Devin Fuller,10872,WR,UCLA,13,33.3,0,324,60.8,,64.4,0,0,0,0.0,0.0,,1,0,0,194,0,0,0,583,0,388,0,0,194,1
Dwayne Brown,28524,C,E MICHIGAN,5,100.0,0,160,61.5,70.2,62.3,1,2,115,100.0,100.0,97.8,1,4,1,194,194,0,0,194,119,119,0,0,75,0
Jakeem Grant Sr.,10820,WR,TEXAS TECH,12,29.3,0,315,71.0,,66.5,0,0,0,0.0,0.0,,3,0,0,194,0,0,0,661,0,462,0,0,194,0
C.J. Best,37912,WR,TEXAS ST,12,45.0,0,314,72.8,,68.5,0,0,0,0.0,0.0,,1,0,0,194,0,0,0,431,0,201,0,0,194,1
Sam Flor,21897,C,WASH STATE,5,100.0,0,341,69.3,88.2,54.7,1,0,155,100.0,100.0,99.7,0,1,0,193,191,0,0,193,161,161,0,0,32,2
Cody Waldrop,21534,G,S CAROLINA,4,100.0,0,289,55.8,55.2,53.9,2,4,97,100.0,100.0,96.9,0,6,0,193,0,0,0,193,102,102,193,0,91,0
Fred Brown,23172,WR,MISS STATE,13,54.1,0,227,64.6,,70.4,0,0,0,0.0,0.0,,1,0,0,192,0,0,0,355,0,163,0,0,192,0
Jared Johnson,23922,WR,LA LAFAYET,13,59.3,2,207,62.4,,66.8,0,0,0,0.0,0.0,,3,0,0,192,0,0,0,324,0,132,0,0,192,0
Joshua Bowen,16724,WR,NEW MEX ST,10,40.9,0,242,64.0,,76.0,0,0,0,0.0,0.0,,0,0,0,192,0,0,0,470,0,278,0,0,192,0
Anthony Corsaro,18374,TE,INDIANA,10,61.7,2,190,52.6,67.7,62.3,0,0,27,19.4,19.0,100.0,3,0,0,192,0,0,0,311,28,147,0,0,164,178
Daythan Davis,39579,FB,SO MISS,11,76.2,0,296,60.1,47.6,58.7,0,3,26,31.0,32.6,94.2,0,3,0,192,0,0,0,252,29,89,0,0,163,86
Jamari Staples,48206,WR,UAB,9,55.8,0,321,60.3,,54.8,0,0,0,0.0,0.0,,0,0,0,192,0,0,0,344,0,151,0,0,192,0
Jake Hurcombe,24227,C,E MICHIGAN,4,100.0,0,160,73.2,78.8,68.5,0,1,80,100.0,100.0,99.4,0,1,0,192,192,0,0,192,80,80,0,0,112,0
Zander Diamont,28542,QB,INDIANA,6,49.2,0,190,50.6,,60.3,0,0,0,0.0,0.0,,1,0,0,192,0,0,0,390,0,174,0,0,192,0
Dameon Gamblin,47689,WR,NEW MEXICO,12,78.7,0,241,64.3,,72.4,0,0,0,0.0,0.0,,0,0,0,192,0,0,0,244,0,52,0,0,192,0
Aregeros Turner,47577,WR,N ILLINOIS,14,42.8,0,254,61.5,,53.3,0,0,0,0.0,0.0,,1,0,0,192,0,0,0,449,0,244,0,0,192,0
Luke Turner,19141,WR,RICE,13,53.5,0,275,65.9,70.9,82.2,0,0,3,2.1,2.1,100.0,2,0,0,192,0,0,0,359,3,146,0,0,189,64
Carlos Henderson,11837,WR,LA TECH,12,44.2,1,208,67.6,,64.8,0,0,0,0.0,0.0,,4,0,0,191,0,0,0,432,0,227,0,0,191,0
Juan Perez-Isidoro,26973,C,UTSA,10,100.0,1,331,61.5,73.9,58.2,1,2,102,100.0,100.0,97.5,1,4,1,191,188,0,0,191,109,109,0,3,82,0
Chase Farris,11133,G,OHIO STATE,8,100.0,0,260,68.8,27.9,73.3,0,5,64,100.0,100.0,96.1,0,5,0,191,0,0,0,191,66,66,60,131,125,0
Jordan Leggett,11905,FB,CLEMSON,11,51.6,0,140,62.8,52.0,58.5,1,1,30,14.8,15.2,93.3,0,3,1,190,0,0,5,368,32,210,0,0,158,71
Deon-Tay McManus,31827,WR,MARSHALL,12,45.2,0,214,67.9,,61.9,0,0,0,0.0,0.0,,3,0,0,190,0,0,0,420,0,229,0,0,190,1
Kenzel Doe,10274,WR,WISCONSIN,14,46.9,0,349,64.5,,82.6,0,0,0,0.0,0.0,,0,0,0,189,0,0,0,403,0,198,0,0,189,3
Andrew Hendrix,14711,QB,MIAMI OH,12,22.6,0,221,58.1,,60.0,0,0,0,0.0,0.0,,5,0,0,189,0,0,0,838,0,564,0,0,189,0
David Grinnage,11148,TE,NC STATE,13,37.1,0,248,60.1,59.1,58.8,0,3,44,12.8,12.1,96.6,0,3,0,189,0,0,4,510,44,365,0,4,145,283
DaVonte' Neal,49389,WR,ARIZONA,12,39.0,0,109,50.0,,57.2,0,0,0,0.0,0.0,,2,0,0,189,0,0,0,485,0,295,0,0,189,0
Kenneth Farrow,10988,HB,HOUSTON,13,31.7,0,182,84.9,70.3,62.3,1,3,118,36.2,36.4,98.3,1,4,0,189,0,0,0,596,125,343,0,0,64,0
Davis Moore,26126,G,GA STATE,6,100.0,2,175,50.4,51.0,52.1,2,3,108,100.0,100.0,97.7,3,5,0,188,0,187,0,188,113,113,1,0,75,0
D.D. Goodson,13206,WR,COLORADO,11,33.9,0,143,63.0,,85.0,0,0,0,0.0,0.0,,1,0,0,188,0,0,0,555,0,366,0,0,188,0
Austin Traphagan,20078,G,WYOMING,4,100.0,0,351,72.5,66.1,72.3,3,2,98,100.0,100.0,97.4,0,5,0,188,0,6,52,188,101,101,65,65,87,0
Nick Wilson,45690,HB,ARIZONA,13,27.9,0,109,67.7,55.5,54.0,1,5,110,32.1,32.9,97.3,1,6,0,188,0,0,0,675,119,362,0,0,69,0
Simmie Cobbs,28580,WR,INDIANA,12,58.8,0,190,55.7,,70.6,0,0,0,0.0,0.0,,0,0,0,188,0,0,0,320,0,132,0,0,188,0
Ameer Abdullah,9487,HB,NEBRASKA,13,27.2,0,238,86.3,56.6,62.3,1,3,82,26.6,27.7,92.7,0,8,4,188,0,0,0,691,90,325,0,0,98,0
Malachi Dupre,12002,WR,LSU,12,47.2,1,211,66.1,,67.4,0,0,0,0.0,0.0,,1,0,0,188,0,0,0,398,0,210,0,0,188,0
Teddy Veal,26490,WR,TULANE,12,35.7,0,319,62.8,,65.0,0,0,0,0.0,0.0,,2,0,0,187,0,0,0,524,0,335,0,0,187,2
Jake Butt,11900,TE,MICHIGAN,10,48.6,0,222,65.5,76.9,59.5,0,0,19,9.1,9.2,100.0,1,0,0,187,0,0,1,385,20,218,0,0,167,279
Taywan Taylor,11827,WR,W KENTUCKY,13,37.3,0,346,72.7,,52.5,0,0,0,0.0,0.0,,2,0,0,187,0,0,0,502,0,314,0,0,187,0
Terren Encalade,48084,WR,TULANE,12,45.5,0,319,65.3,,70.3,0,0,0,0.0,0.0,,1,0,0,186,0,0,0,409,0,223,0,0,186,0
Davis Webb,11842,QB,TEXAS TECH,8,32.4,0,315,74.7,,60.0,0,0,0,0.0,0.0,,4,0,0,186,0,0,0,574,0,373,0,0,186,0
Colby Scott,16815,FB,TULSA,12,82.7,0,320,51.9,38.7,53.4,0,4,39,50.6,52.4,94.9,0,4,0,186,0,0,0,225,43,82,0,0,143,22
Trey Quinn,38276,WR,LSU,13,48.3,0,211,58.1,,60.1,0,0,0,0.0,0.0,,0,0,0,186,0,0,0,385,0,197,0,0,186,3
Kenny Lawler,10877,WR,CAL,11,33.7,0,130,77.1,,50.7,0,0,0,0.0,0.0,,1,0,0,186,0,0,0,552,0,366,0,0,186,0
Jameon Lewis,14749,WR,MISS STATE,10,46.0,0,227,65.2,,65.0,0,0,0,0.0,0.0,,0,0,0,186,0,0,0,404,0,211,0,0,186,0
Anthony Williams,16941,WR,UNLV,13,32.2,0,325,55.0,,62.9,0,0,0,0.0,0.0,,0,0,0,186,0,0,0,577,0,391,0,0,186,0
Oni Omoile,11360,G,IOWA STATE,6,100.0,0,193,68.1,72.6,66.4,0,3,115,100.0,100.0,97.8,1,4,1,185,0,157,0,185,119,119,28,0,66,0
Larry Clark,12311,WR,S DIEGO ST,12,55.9,0,284,67.7,61.0,69.1,0,0,1,0.7,0.7,100.0,0,0,0,185,0,0,0,331,1,147,0,0,184,12
Reginald Davis III,47733,WR,TEXAS TECH,12,37.8,0,315,62.3,66.9,62.7,0,0,1,0.3,0.3,100.0,1,0,0,185,0,0,1,489,1,305,0,0,184,0
Alec Dhaenens,47134,FB,BOISE ST,14,84.5,0,120,56.9,76.5,60.4,0,0,16,32.7,32.0,100.0,1,0,0,185,0,0,0,219,16,50,0,0,169,71
Kennard Swanson,27856,FB,USF,11,68.3,0,327,52.7,33.0,57.7,0,1,21,21.9,24.0,92.9,2,2,1,185,0,0,0,271,24,100,0,0,161,6
Arien Smith,19611,C,N CAROLINA,8,100.0,0,245,60.2,67.7,60.9,1,4,110,100.0,100.0,97.7,2,5,0,184,184,0,0,184,118,118,0,0,66,0
Brandon Manosalvas,23785,G,BUFFALO,7,100.0,0,126,66.6,55.9,69.1,0,5,77,100.0,100.0,96.8,2,5,0,184,29,0,0,184,81,81,154,0,103,1
Davonte Allen,10963,WR,MARSHALL,10,43.6,1,214,63.7,,60.9,0,0,0,0.0,0.0,,3,0,0,184,0,0,0,422,0,238,0,0,184,0
Jake Hardee,16698,TE,BOISE ST,14,83.9,0,120,71.3,77.1,82.4,0,0,24,41.4,40.7,100.0,2,0,0,183,0,0,4,218,24,59,0,3,159,146
Chase Pennycuff,18617,FB,MIDDLE TN,12,85.5,0,224,61.9,31.9,69.9,0,1,16,34.8,36.7,90.6,1,2,1,183,0,0,0,214,18,49,0,0,165,110
Johnell Barnes,22786,WR,DUKE,13,39.9,0,154,51.6,,50.2,0,0,0,0.0,0.0,,0,0,0,183,0,0,0,459,0,276,0,0,183,0
Kent Myers,30603,QB,UTAH ST,7,48.3,0,329,72.1,63.8,60.1,0,0,1,0.7,0.6,100.0,1,0,0,183,0,0,0,379,1,155,0,0,182,0
Michael Campbell,22133,T,UCF,7,100.0,0,323,66.8,55.8,75.5,2,4,98,100.0,100.0,96.9,1,6,0,183,0,142,33,183,102,102,0,0,81,8
Josh Anderson,45684,FB,TROY,12,75.5,0,318,73.0,27.1,79.1,0,5,28,37.3,37.2,91.1,1,5,0,182,0,0,0,241,29,78,0,0,153,10
Marcus Johnson,11074,WR,TEXAS,13,34.1,0,311,56.4,,60.7,0,0,0,0.0,0.0,,0,0,0,182,0,0,0,534,0,352,0,0,182,2
Justin Hardee,18348,WR,ILLINOIS,12,36.3,1,187,57.9,,76.4,0,0,0,0.0,0.0,,3,0,0,182,0,0,0,501,0,319,0,0,182,0
Bobo Wilson,12067,WR,FLORIDA ST,13,31.4,1,167,59.6,,49.1,0,0,0,0.0,0.0,,3,0,0,182,0,0,0,580,0,398,0,0,182,0
Trent Taylor,11932,WR,LA TECH,14,29.4,1,208,73.1,,79.0,0,0,0,0.0,0.0,,2,0,0,182,0,0,0,619,0,437,0,0,182,0
Steven Borden,14461,TE,KENTUCKY,9,73.7,0,202,54.6,77.4,61.4,0,0,16,20.0,20.7,100.0,1,0,0,182,0,0,2,247,17,82,0,0,165,174
Bobby Wolford,18052,FB,BOSTON COL,13,94.3,0,121,61.5,24.7,64.8,0,1,3,23.1,26.7,83.3,1,1,0,181,0,0,1,192,4,15,0,0,177,5
Kendall Patterson,17966,FB,BUFFALO,11,81.2,0,126,56.0,48.6,55.3,1,2,38,49.4,49.4,93.4,0,4,1,181,0,0,0,223,41,83,0,0,140,3
Miles Gooch,15506,WR,VIRGINIA,8,46.5,0,335,73.1,,79.5,0,0,0,0.0,0.0,,3,0,0,181,0,0,0,389,0,208,0,0,181,0
Davion Hall,44723,WR,BAYLOR,9,53.6,0,118,60.4,,70.1,0,0,0,0.0,0.0,,3,0,0,180,0,0,0,336,0,156,0,0,180,0
Josh Malone,11883,WR,TENNESSEE,13,40.6,0,307,54.9,,61.2,0,0,0,0.0,0.0,,1,0,0,180,0,0,0,443,0,261,0,0,180,0
David Gibson,18046,WR,E MICHIGAN,12,45.7,0,160,54.9,,65.4,0,0,0,0.0,0.0,,0,0,0,179,0,0,0,392,0,212,0,0,179,1
Lloyd Mills,22079,WR,S DIEGO ST,13,40.3,0,284,58.0,,59.6,0,0,0,0.0,0.0,,1,0,0,179,0,0,0,444,0,261,0,0,179,1
Chandler Worthy,10028,WR,TROY,12,41.0,0,318,69.6,,74.6,0,0,0,0.0,0.0,,1,0,0,179,0,0,0,437,0,246,0,0,179,0
Jordan Fuchs,47424,TE,INDIANA,12,71.9,0,190,41.8,54.4,43.1,1,1,42,38.2,37.5,97.6,1,2,0,179,0,0,0,249,42,112,0,0,137,155
Adrian Flemming,13272,WR,SYRACUSE,11,41.8,0,304,52.0,,65.7,0,0,0,0.0,0.0,,2,0,0,178,0,0,0,426,0,247,0,0,178,0
Tyrone Crowder,46798,G,CLEMSON,6,100.0,0,140,79.6,73.1,79.6,2,1,67,100.0,100.0,97.8,1,3,0,178,0,0,0,178,69,69,178,0,109,0
Marcell Ateman,23670,WR,OKLA STATE,12,51.6,0,262,63.4,,69.6,0,0,0,0.0,0.0,,1,0,0,178,0,0,0,345,0,167,0,0,178,0
L.T. Smith,12467,WR,AKRON,12,28.5,0,102,59.7,,63.2,0,0,0,0.0,0.0,,1,0,0,177,0,0,0,621,0,444,0,0,177,0
Colin Reardon,22806,QB,KENT STATE,11,26.9,0,201,53.4,,60.0,0,0,0,0.0,0.0,,2,0,0,177,0,0,0,659,0,442,0,0,177,0
Cody Thomas,12913,QB,OKLAHOMA,7,65.6,0,261,40.2,,60.0,0,0,0,0.0,0.0,,0,0,0,177,0,0,0,270,0,75,0,0,177,0
Cody Rediger,37834,FB,GA SOUTHRN,10,95.7,0,174,59.5,58.5,62.0,0,1,13,65.0,63.6,96.2,1,1,0,176,0,0,0,184,14,22,0,0,162,74
Doug Brenner,46062,C,OREGON,10,100.0,0,264,59.9,75.9,59.2,0,0,52,100.0,100.0,100.0,2,0,0,176,116,17,0,176,55,55,43,0,121,0
Will Dancy,46804,G,N CAROLINA,8,100.0,0,245,59.2,42.4,63.7,1,4,93,100.0,100.0,97.3,1,5,0,176,0,176,0,176,96,96,0,0,80,0
Kyle Allen,26152,QB,TEXAS A&M,9,42.7,0,312,50.0,,60.0,0,0,0,0.0,0.0,,1,0,0,175,0,0,0,410,0,224,0,0,175,0
Maudrecus Humphrey,13404,WR,UAB,12,50.4,0,321,63.6,67.3,75.3,0,0,1,0.6,0.6,100.0,2,0,0,175,0,0,0,347,1,173,1,0,174,0
Joseph Puopolo,17371,FB,UCF,12,90.2,0,323,70.1,79.4,69.4,0,0,9,32.1,34.5,100.0,0,0,0,175,0,0,0,194,10,29,0,0,165,89
Gabe Myles,47881,WR,MISS STATE,12,52.6,0,227,62.8,,54.3,0,0,0,0.0,0.0,,0,0,0,175,0,0,0,333,0,155,0,0,175,0
Ryan Smith,47299,TE,MIAMI OH,12,65.3,0,221,47.1,46.4,51.9,1,3,82,48.2,48.3,95.1,2,6,2,175,0,0,0,268,87,180,0,0,88,198
Eric Judge,34889,WR,S DIEGO ST,12,43.6,0,284,65.8,,63.4,0,0,0,0.0,0.0,,0,0,0,175,0,0,0,401,0,226,0,0,175,0
Royce Freeman,45747,HB,OREGON,15,26.0,0,264,79.8,78.3,61.4,0,5,97,30.4,31.2,97.4,0,5,0,175,0,0,0,672,105,337,0,0,70,0
Steven Lakalaka,45793,HB,HAWAII,10,38.0,1,180,56.0,55.6,49.8,2,4,147,55.3,55.7,98.0,3,6,0,175,0,0,0,460,157,282,0,0,18,0
Jeremy Macauley,46685,G,NEVADA,2,100.0,0,239,68.8,88.5,69.8,0,0,66,100.0,100.0,100.0,1,0,0,175,0,175,0,175,67,67,0,0,108,0
Ronnie Moore,47704,WR,BOWL GREEN,14,30.3,0,122,69.5,70.3,65.4,0,0,1,0.3,0.3,100.0,1,0,0,174,0,0,0,575,1,385,0,0,173,0
Darius Joseph,19166,WR,SMU,11,28.6,0,287,58.8,,65.6,0,0,0,0.0,0.0,,2,0,0,174,0,0,0,609,0,434,0,0,174,8
Latevius Rayford,47897,WR,VANDERBILT,12,39.8,0,333,64.7,,70.6,0,0,0,0.0,0.0,,2,0,0,174,0,0,0,437,0,261,0,0,174,0
D'Vario Montgomery,38043,WR,IOWA STATE,11,33.5,0,193,71.1,,72.4,0,0,0,0.0,0.0,,1,0,0,174,0,0,0,519,0,344,0,0,174,0
Aundrey Walker,9823,T,USC,6,100.0,1,326,69.9,63.4,72.6,2,1,67,100.0,100.0,96.3,1,4,1,174,0,0,62,174,69,69,0,109,105,3
Leon Johnson,46874,T,TEMPLE,6,100.0,1,306,54.0,33.0,60.7,1,4,82,100.0,100.0,95.7,2,6,1,174,0,59,38,174,85,85,14,63,89,0
Darreus Rogers,12265,WR,USC,13,46.0,0,326,59.2,,61.1,0,0,0,0.0,0.0,,0,0,0,174,0,0,0,378,0,203,0,0,174,6
Troy Butler,18782,T,DOMINION,3,100.0,0,263,60.8,66.1,55.6,3,4,102,100.0,100.0,95.6,0,8,1,174,0,0,0,174,106,106,25,149,68,0
Maurice Harris,11035,WR,CAL,12,40.9,0,130,60.2,,65.3,0,0,0,0.0,0.0,,2,0,0,173,0,0,0,423,0,250,0,0,173,0
Geremy Davis,9619,WR,UCONN,10,40.2,0,146,71.5,,56.5,0,0,0,0.0,0.0,,2,0,0,173,0,0,0,430,0,257,0,0,173,0
Darrell Warren,14528,FB,KENTUCKY,12,91.1,0,202,58.1,44.1,61.0,0,3,30,66.7,64.6,95.0,0,3,0,173,0,0,0,190,31,48,0,0,142,9
Nicholas Parker,12805,FB,OLE MISS,13,82.0,0,226,64.2,82.6,69.1,0,0,26,41.9,42.4,100.0,1,0,0,173,0,0,0,211,28,66,0,0,145,65
Jehu Chesson,11894,WR,MICHIGAN,11,47.1,0,222,54.5,70.0,56.1,0,0,1,0.5,0.5,100.0,2,0,0,173,0,0,0,367,1,195,0,0,172,11
Kelepi Falou,17466,G,UAB,6,100.0,0,321,69.3,69.1,69.9,0,1,57,100.0,100.0,97.4,1,2,1,172,0,0,0,172,59,59,168,0,113,0
Daniel Lasco,10871,HB,CAL,12,24.2,0,130,78.7,85.2,70.0,1,0,112,27.2,27.2,99.6,1,1,0,172,0,0,0,711,119,438,0,0,53,2
Shaquille Murray-Lawrence,12918,HB,UNLV,9,39.6,0,325,73.4,82.9,57.8,2,4,136,50.0,50.5,97.8,0,6,0,171,0,0,0,432,143,283,0,0,28,0
Jeremy Liggins,12263,TE,OLE MISS,13,71.3,0,226,60.1,31.4,76.3,1,5,44,49.4,48.4,90.9,1,7,1,171,0,0,0,240,44,91,0,0,127,105
Willie McNeal,13230,WR,W KENTUCKY,13,33.5,0,346,68.1,,61.9,0,0,0,0.0,0.0,,1,0,0,171,0,0,0,511,0,340,0,0,171,2
Paul Perkins,10783,HB,UCLA,13,23.9,0,324,72.5,50.8,55.2,2,7,96,25.7,26.2,91.1,0,13,4,171,0,0,0,715,103,393,0,0,68,0
Reggie Bonnafon,47542,QB,LOUISVILLE,10,45.2,0,210,71.4,,60.0,0,0,0,0.0,0.0,,3,0,0,170,0,0,0,376,0,169,0,0,170,0
Germone Hopper,22191,WR,CLEMSON,13,41.2,0,140,55.8,,53.0,0,0,0,0.0,0.0,,0,0,0,170,0,0,0,413,0,242,0,0,170,0
Von Pearson,19317,WR,TENNESSEE,11,40.4,0,307,65.6,,56.3,0,0,0,0.0,0.0,,1,0,0,170,0,0,0,421,0,243,0,0,170,0
Austin Appleby,12316,QB,PURDUE,10,32.6,0,273,56.9,,60.0,0,0,0,0.0,0.0,,3,0,0,170,0,0,0,522,0,308,0,0,170,0
K.D. Edenfield,39264,WR,TROY,12,44.6,0,318,53.7,,89.0,0,0,0,0.0,0.0,,1,0,0,170,0,0,0,381,0,211,0,0,170,0
Jack Milas,22500,QB,BALL ST,6,40.3,0,117,52.6,,60.0,0,0,0,0.0,0.0,,0,0,0,170,0,0,0,422,0,228,0,0,170,0
Henry Krieger-Coble,11020,TE,IOWA,10,77.9,0,192,59.6,70.0,61.3,0,1,16,25.0,27.3,96.9,1,1,0,169,0,0,0,217,18,66,0,0,151,211
Jarrad Shaw,15559,WR,UTEP,13,48.6,0,330,56.6,,64.3,0,0,0,0.0,0.0,,0,0,0,169,0,0,0,348,0,179,0,0,169,0
Kris Strange,18047,WR,E MICHIGAN,12,45.7,0,160,61.1,,67.5,0,0,0,0.0,0.0,,2,0,0,169,0,0,0,370,0,200,0,0,169,0
C.J. Prosise,10724,WR,NOTRE DAME,13,34.1,0,258,62.7,61.2,59.9,0,0,1,0.3,0.3,100.0,2,0,0,168,0,0,0,493,1,315,0,0,167,1
Mason Schreck,12007,TE,BUFFALO,11,68.6,0,126,70.8,72.6,68.8,0,0,10,12.2,12.5,100.0,1,0,0,168,0,0,0,245,11,88,0,0,157,236
Terry Pettis,23344,WR,MIDDLE TN,12,48.3,0,224,58.7,63.6,58.5,0,0,1,0.6,0.6,100.0,1,0,0,168,0,0,0,348,1,181,0,0,167,0
Jeremy Langford,9539,HB,MICH STATE,13,27.1,0,223,72.3,61.0,45.5,0,7,112,40.0,39.7,96.0,0,8,1,168,0,0,0,621,116,292,0,0,52,0
Deonte Welch,13869,WR,USF,12,35.8,1,327,51.5,,69.5,0,0,0,0.0,0.0,,2,0,0,168,0,0,0,469,0,299,0,0,168,0
Matt James,12557,WR,WAKE,9,33.5,0,339,64.6,,60.0,0,0,0,0.0,0.0,,3,0,0,168,0,0,0,502,0,334,0,0,168,5
Jackson Matteo,45550,C,VIRGINIA,5,100.0,0,335,61.4,47.6,64.9,1,6,72,100.0,100.0,95.1,1,7,0,168,143,0,25,168,77,77,0,0,91,0
Justin Worley,15203,QB,TENNESSEE,7,35.1,0,307,70.4,,60.0,0,0,0,0.0,0.0,,1,0,0,168,0,0,0,479,0,302,0,0,168,0
C.J. Duncan,47498,WR,VANDERBILT,11,41.2,1,333,70.6,,64.5,0,0,0,0.0,0.0,,3,0,0,168,0,0,0,408,0,238,0,0,168,0
John Diarse,47437,WR,LSU,13,51.2,1,211,68.1,,69.3,0,0,0,0.0,0.0,,1,0,0,168,0,0,0,328,0,159,0,0,168,1
Nate Shaw,13079,FB,UTSA,12,81.9,0,331,61.9,71.8,63.7,0,1,22,37.3,38.3,97.7,1,1,0,167,0,0,0,204,23,60,0,0,144,39
Will Gardner,22950,QB,LOUISVILLE,8,40.0,0,210,63.0,,60.0,0,0,0,0.0,0.0,,2,0,0,167,0,0,0,417,0,247,0,0,167,0
Rashon Ceaser,11325,WR,LA MONROE,12,23.8,0,209,73.1,,63.7,0,0,0,0.0,0.0,,0,0,0,167,0,0,0,702,0,535,0,0,167,3
Cameron Stingily,10052,HB,N ILLINOIS,13,36.1,0,254,77.5,79.2,83.1,0,1,60,38.7,38.4,99.2,2,1,0,167,0,0,0,463,63,164,0,0,104,0
Robert Lowe,19368,HB,TEXAS ST,11,32.3,0,314,78.7,83.0,69.6,0,1,62,28.7,28.6,99.2,0,1,0,167,0,0,0,517,65,227,0,0,102,1
Paulo Melendez,15395,G,UTEP,11,100.0,0,330,59.7,38.4,64.6,1,5,63,100.0,100.0,95.2,0,6,0,167,2,8,0,167,65,65,135,0,102,22
Marquise Ricard,48278,WR,SO MISS,12,33.6,0,296,62.0,,64.2,0,0,0,0.0,0.0,,0,0,0,167,0,0,0,497,0,330,0,0,167,1
Tony Pierson,15864,HB,KANSAS,12,36.9,0,198,56.3,55.2,59.8,0,2,24,10.2,10.0,95.8,1,2,0,167,0,0,0,453,24,239,0,0,143,0
Sam Cooper,13478,FB,CLEMSON,9,83.1,0,140,63.4,28.7,74.4,2,2,23,41.1,40.4,87.0,0,5,1,167,0,0,0,201,23,57,0,0,144,74
Matt Pryor,46647,G,TCU,9,100.0,0,305,66.3,82.0,67.1,0,1,76,100.0,100.0,99.3,2,1,0,167,0,0,0,167,79,79,147,20,88,0
Chester Brown,47002,G,UCF,6,100.0,0,323,62.0,41.8,63.5,0,4,58,100.0,100.0,96.6,2,4,0,166,0,166,0,166,63,63,0,0,103,0
Chandler Whitmer,13323,QB,UCONN,12,34.0,0,146,57.1,,60.0,0,0,0,0.0,0.0,,1,0,0,166,0,0,0,488,0,295,0,0,166,0
Damiere Byrd,9964,WR,S CAROLINA,13,45.5,2,289,60.2,,57.2,0,0,0,0.0,0.0,,3,0,0,166,0,0,0,365,0,192,0,0,166,0
Jack McDonald,46613,G,VIRGINIA,9,100.0,0,335,62.5,68.7,58.9,2,2,91,100.0,100.0,97.8,0,4,0,166,37,0,0,166,97,97,128,0,69,0
Tim Patrick,12087,WR,UTAH,9,51.7,0,328,62.5,,74.2,0,0,0,0.0,0.0,,1,0,0,166,0,0,0,321,0,155,0,0,166,0
Logan Stokes,10194,TE,LSU,12,92.2,0,211,51.9,52.0,51.1,1,0,14,53.8,53.3,96.4,0,1,0,165,0,0,0,179,16,30,0,0,149,177
Markese Triplett,15235,WR,SO MISS,12,28.4,0,296,62.1,,60.4,0,0,0,0.0,0.0,,1,0,0,165,0,0,0,581,0,416,0,0,165,4
Marquez Valdes-Scantling,47809,WR,NC STATE,13,35.1,0,248,56.7,,70.6,0,0,0,0.0,0.0,,1,0,0,165,0,0,0,470,0,305,0,0,165,0
Marquez North,11194,WR,TENNESSEE,10,38.6,1,307,68.6,,75.7,0,0,0,0.0,0.0,,2,0,0,165,0,0,0,428,0,263,0,0,165,0
M.J. McFarland,11403,TE,TEXAS,13,66.9,0,311,72.3,44.8,66.0,0,2,18,18.6,20.6,94.4,0,2,0,164,0,0,1,245,21,102,0,2,143,167
Tyler Hayworth,46088,G,WAKE,7,100.0,0,339,63.1,56.0,64.2,0,6,98,100.0,100.0,95.9,1,7,1,164,4,158,0,164,107,107,2,0,57,0
Dorian Baker,28585,WR,KENTUCKY,10,41.5,0,202,56.3,,77.6,0,0,0,0.0,0.0,,1,0,0,164,0,0,0,395,0,231,0,0,164,2
Jonah Sells,14732,C,MIDDLE TN,3,100.0,0,224,69.7,57.0,71.5,1,2,75,100.0,100.0,98.0,1,3,0,163,163,0,0,163,77,77,0,0,86,0
Kyle Meadows,47025,T,KENTUCKY,7,100.0,0,202,53.9,56.1,57.2,0,5,90,100.0,100.0,96.1,1,6,1,163,0,0,0,163,93,93,0,162,70,1
James Dean,18162,FB,GA SOUTHRN,8,92.1,0,174,63.0,63.5,64.3,0,0,23,62.2,62.2,100.0,0,0,0,163,0,0,0,177,23,37,0,0,140,38
John Christopher,16629,WR,TEMPLE,11,34.2,0,306,55.5,,71.6,0,0,0,0.0,0.0,,0,0,0,163,0,0,0,477,0,314,0,0,163,1
Brandon Shippen,11212,WR,TEMPLE,12,36.5,0,306,54.0,,65.1,0,0,0,0.0,0.0,,1,0,0,163,0,0,0,447,0,282,0,0,163,0
Deshon Foxx,10160,WR,UCONN,12,32.6,0,146,56.8,,57.4,0,0,0,0.0,0.0,,0,0,0,163,0,0,0,500,0,315,0,0,163,4
Jhurell Pressley,10982,HB,NEW MEXICO,12,47.8,0,241,87.7,76.1,52.6,0,0,5,8.2,7.4,100.0,0,0,0,163,0,0,0,341,5,68,0,0,158,0
Remound Wright,37798,HB,STANFORD,12,35.1,0,300,68.0,87.5,65.8,1,3,122,43.7,44.3,97.5,2,5,1,163,0,0,0,464,131,296,0,0,32,0
Kenneth Rains,14025,TE,ARK STATE,10,59.1,0,113,62.5,26.7,78.2,0,0,12,10.0,10.4,100.0,2,0,0,162,0,0,0,274,13,125,0,0,149,89
James Butler,45966,HB,NEVADA,13,39.1,0,239,66.9,65.4,56.6,0,4,92,46.7,46.6,97.8,0,4,0,161,0,0,0,412,95,204,0,0,66,0
Nate Phillips,47463,WR,ARIZONA,9,38.3,0,109,59.2,,73.9,0,0,0,0.0,0.0,,0,0,0,161,0,0,0,420,0,258,0,0,161,0
Mandel Dixon,11444,FB,TULSA,8,66.8,0,320,53.1,44.8,56.1,1,2,40,37.4,36.5,96.2,1,3,0,161,0,0,0,241,42,115,0,0,119,18
Colby Enegren,46234,G,ARMY,4,100.0,0,114,61.2,51.2,60.7,0,1,26,100.0,100.0,98.1,0,1,0,161,0,0,0,161,29,29,161,0,132,0
Al-Damion Riles,12332,WR,LA LAFAYET,13,41.9,0,207,65.0,,64.9,0,0,0,0.0,0.0,,1,0,0,160,0,0,0,382,0,221,0,0,160,0
Wayne Beadle,13344,WR,HOUSTON,12,40.3,0,182,50.9,,39.1,0,0,0,0.0,0.0,,3,0,0,160,0,0,0,397,0,237,0,0,160,0
Brandon Howard,19624,TE,UMASS,12,76.2,0,216,63.3,80.7,57.9,0,0,17,27.4,25.4,100.0,1,0,0,160,0,0,26,210,17,67,0,16,143,145
Danté Butler,37701,HB,TULANE,12,47.8,0,319,64.0,58.2,63.1,2,0,37,21.9,21.3,97.3,0,2,0,160,0,0,0,335,38,178,0,0,122,13
Dennis Andrews,22401,TE,GA TECH,11,75.1,1,176,66.3,74.4,73.8,0,0,6,15.4,14.0,100.0,1,0,0,160,0,0,0,213,6,43,0,0,154,121
Derrius Vick,18747,QB,OHIO,8,38.7,0,259,69.7,,60.1,0,0,0,0.0,0.0,,5,0,0,160,0,0,0,413,0,196,0,0,160,0
Dominique Booth,28708,WR,INDIANA,12,56.1,0,190,53.0,,55.5,0,0,0,0.0,0.0,,1,0,0,160,0,0,0,285,0,125,0,0,160,1
Derek Keaton,11339,WR,GA SOUTHRN,11,68.8,0,174,55.2,,58.5,0,0,0,0.0,0.0,,1,0,0,159,0,0,0,231,0,72,0,0,159,1
Phil Mayhue,48044,WR,MEMPHIS,13,51.0,0,218,61.5,,66.3,0,0,0,0.0,0.0,,1,0,0,159,0,0,0,312,0,153,0,0,159,1
Jalen Hurd,45752,HB,TENNESSEE,13,27.1,0,307,74.7,79.8,60.0,0,2,94,29.3,28.8,97.9,0,3,1,159,0,0,0,586,96,333,0,0,63,0
Chaz Anderson,47973,WR,BOISE ST,14,40.4,1,120,60.7,63.1,52.3,0,0,1,0.5,0.4,100.0,2,0,0,158,0,0,0,391,1,233,0,0,157,0
Kiaro Holts,19531,T,N CAROLINA,7,100.0,0,245,53.4,46.0,62.0,1,8,84,100.0,100.0,92.3,2,11,2,158,0,0,0,158,85,85,0,157,73,1
Dylan Cantrell,47782,WR,TEXAS TECH,12,35.6,0,315,64.0,,72.7,0,0,0,0.0,0.0,,0,0,0,158,0,0,0,444,0,286,0,0,158,8
Chris Thomas,23375,T,UTEP,8,100.0,0,330,67.3,90.0,65.2,0,0,41,100.0,100.0,100.0,2,0,0,158,0,0,30,158,41,41,94,34,117,0
Adrian Henderson,38673,WR,MEMPHIS,11,51.3,0,218,62.0,,61.4,0,0,0,0.0,0.0,,2,0,0,158,0,0,0,308,0,149,0,0,158,1
Andre Patton,12043,WR,RUTGERS,9,50.3,0,278,67.3,,88.7,0,0,0,0.0,0.0,,1,0,0,158,0,0,0,314,0,156,0,0,158,1
Jared Murphy,47673,WR,MIAMI OH,12,25.7,0,221,66.0,74.4,70.2,0,0,4,0.9,0.9,100.0,0,0,0,157,0,0,0,612,4,449,0,0,153,7
Kenny Hill,46637,QB,TEXAS A&M,8,29.0,0,312,78.6,,60.0,0,0,0,0.0,0.0,,3,0,0,157,0,0,0,541,0,370,0,0,157,0
Matt VandeBerg,47559,WR,IOWA,12,57.9,0,192,69.8,,60.5,0,0,0,0.0,0.0,,0,0,0,157,0,0,0,271,0,114,0,0,157,0
Demetrius Frazier,23233,WR,MIDDLE TN,11,49.5,0,224,55.3,63.6,65.6,0,0,1,0.6,0.6,100.0,0,0,0,157,0,0,0,317,1,161,0,0,156,0
Jeremy Sprinkle,11909,TE,ARKANSAS,13,76.2,0,111,67.2,55.5,68.2,0,2,21,30.9,30.0,95.2,2,2,0,157,0,0,0,206,21,70,0,0,136,168
Tarean Folston,45676,HB,NOTRE DAME,13,29.0,0,258,74.1,64.6,66.2,0,4,83,29.0,30.4,96.4,0,5,1,157,0,0,0,542,91,299,0,0,66,1
Billy Lafortune,16890,C,TULSA,4,100.0,0,320,65.7,82.5,62.2,0,2,77,100.0,100.0,98.7,1,2,0,156,126,22,0,156,80,80,8,0,76,0
Melvin Gordon III,9448,HB,WISCONSIN,14,21.9,0,349,89.5,61.1,61.9,0,2,72,27.5,27.5,97.2,3,3,1,156,0,0,0,711,76,276,0,0,80,0
Frederick Gammage,47438,WR,ARIZONA ST,13,43.9,0,110,56.9,,62.7,0,0,0,0.0,0.0,,0,0,0,156,0,0,0,355,0,196,0,0,156,0
Johnathan Alston,45093,WR,NC STATE,12,36.8,0,248,55.0,,59.7,0,0,0,0.0,0.0,,1,0,0,156,0,0,0,424,0,266,0,0,156,0
Kofi Amichia,11967,T,USF,6,100.0,0,327,62.0,78.7,52.5,0,3,95,100.0,100.0,97.4,1,4,1,155,0,0,6,155,100,100,0,145,55,4
Dave Bowen,18026,T,BOSTON COL,12,100.0,0,121,48.6,19.5,61.3,1,3,41,100.0,100.0,92.7,3,5,1,155,0,0,117,155,43,43,0,32,112,6
Bryce Bobo,48271,WR,COLORADO,12,39.5,0,143,57.8,,75.7,0,0,0,0.0,0.0,,3,0,0,155,0,0,0,392,0,236,0,0,155,0
Chris O'Connor,18357,G,ILLINOIS,9,100.0,0,187,69.0,76.5,66.6,0,4,105,100.0,100.0,97.1,0,5,1,155,0,101,0,155,111,111,54,0,44,0
Tyler Higbee,10744,TE,W KENTUCKY,11,49.0,0,346,82.2,75.7,80.5,0,0,29,15.7,15.8,100.0,0,0,0,154,0,0,0,314,30,190,0,0,124,242
Shannon Smith,29248,WR,MIDDLE TN,12,52.6,0,224,50.3,,69.2,0,0,0,0.0,0.0,,0,0,0,154,0,0,0,293,0,139,0,0,154,0
Shaq Roland,16525,WR,S CAROLINA,10,38.8,0,289,64.6,,70.9,0,0,0,0.0,0.0,,4,0,0,154,0,0,0,397,0,243,0,0,154,0
Zach Nemechek,14495,TE,KANSAS ST,13,86.0,0,199,70.6,78.0,76.3,0,0,18,42.9,46.7,100.0,1,0,0,154,0,0,0,179,21,45,0,0,133,127
John Kenny,49737,FB,IOWA,9,80.6,0,192,55.7,60.5,53.3,0,0,6,14.6,15.9,83.3,0,1,1,154,0,0,0,191,7,44,0,0,147,0
David Richards,11055,WR,ARIZONA,14,43.5,0,109,61.1,27.3,63.0,0,0,1,0.5,0.5,100.0,1,0,0,154,0,0,0,354,1,201,0,0,153,14
Matt Breida,12271,HB,GA SOUTHRN,12,41.5,0,174,64.8,56.5,55.6,0,5,31,40.3,41.3,91.9,0,5,0,154,0,0,0,371,33,80,0,0,121,0
Zach Crawford,19362,G,TEXAS ST,7,100.0,0,314,64.6,77.1,61.4,0,1,71,100.0,100.0,99.3,0,1,0,153,0,81,0,153,74,74,72,0,79,0
Gerald Everett,11799,TE,UAB,11,63.0,0,321,87.0,62.6,73.3,0,2,29,25.4,25.6,96.6,1,2,0,153,0,0,0,243,31,121,0,0,122,188
Keeon Johnson,12234,WR,VIRGINIA,12,40.5,0,335,58.0,,84.9,0,0,0,0.0,0.0,,0,0,0,153,0,0,0,378,0,225,0,0,153,1
Jeremy Burton,12583,T,LA MONROE,7,100.0,0,209,44.3,23.6,59.1,0,9,117,100.0,100.0,94.4,0,11,2,153,0,0,100,153,120,120,0,52,33,1
Lynquez Blair,12383,WR,GA STATE,11,29.5,0,175,70.9,,65.0,0,0,0,0.0,0.0,,5,0,0,153,0,0,0,519,0,366,0,0,153,0
Ben Lewis,17150,WR,SYRACUSE,11,37.3,0,304,61.0,,64.4,0,0,0,0.0,0.0,,0,0,0,153,0,0,0,410,0,257,0,0,153,0
Taylor Maxey,13706,FB,GEORGIA,13,85.5,0,173,69.3,74.1,70.6,0,0,6,20.7,21.2,100.0,0,0,0,153,0,0,0,179,7,33,0,0,146,9
Jordan Howard,10784,HB,UAB,12,26.2,0,321,82.2,86.5,67.9,0,2,112,50.0,50.2,98.2,0,3,1,152,0,0,0,580,120,239,0,0,32,0
Colin Thompson,12239,TE,TEMPLE,9,62.0,0,306,45.5,50.8,55.0,0,0,38,29.9,30.6,100.0,4,0,0,152,0,0,0,245,41,134,0,0,111,158
DeMarcus Robinson,14500,HB,KANSAS ST,13,38.7,1,199,65.1,86.5,56.8,0,2,98,45.2,46.0,96.9,1,4,2,152,0,0,0,393,108,235,0,0,44,1
Tanner Smith,14937,TE,N TEXAS,9,80.4,0,251,48.1,66.3,48.8,0,1,11,23.9,22.9,95.5,0,1,0,152,0,0,0,189,11,48,0,0,141,139
Kendall Moore,47369,TE,SYRACUSE,10,59.8,0,304,47.7,72.6,54.1,0,0,12,11.0,10.5,100.0,0,0,0,152,0,0,0,254,12,114,0,0,140,167
George Farmer,9842,WR,USC,11,42.6,0,326,63.3,,45.6,0,0,0,0.0,0.0,,3,0,0,152,0,0,0,357,0,203,0,0,152,2
Josh Parris,17220,TE,SYRACUSE,9,49.8,1,304,43.7,68.9,56.7,1,0,17,10.6,11.6,97.1,2,1,0,152,0,0,0,305,20,173,0,0,132,175
Dontez Ford,12184,WR,PITTSBURGH,9,62.6,0,268,58.7,,73.4,0,0,0,0.0,0.0,,0,0,0,152,0,0,0,243,0,91,0,0,152,4
Speedy Noil,12351,WR,TEXAS A&M,12,33.7,0,312,77.8,,80.6,0,0,0,0.0,0.0,,1,0,0,152,0,0,0,451,0,298,0,0,152,0
Billy Freeman,47284,TE,S JOSE ST,7,50.2,1,285,58.5,37.2,47.9,1,1,13,8.3,7.9,92.3,1,2,0,152,0,0,1,303,13,164,0,1,139,177
Javess Blue,9919,WR,KENTUCKY,11,38.1,0,202,64.9,,49.5,0,0,0,0.0,0.0,,1,0,0,152,0,0,0,399,0,247,0,0,152,0
Erich Schneider,47194,TE,DUKE,13,54.1,0,154,52.4,59.3,63.4,0,0,13,9.4,9.8,92.3,1,1,1,152,0,0,1,281,14,143,0,0,138,76
Prince-Tyson Gulley,13271,HB,SYRACUSE,12,32.4,0,304,66.9,42.7,76.4,1,5,82,32.2,33.6,95.1,2,7,1,151,0,0,0,466,91,271,0,0,60,1
Booker Mays,22203,WR,ARK STATE,13,47.3,0,113,72.2,,70.7,0,0,0,0.0,0.0,,0,0,0,151,0,0,0,319,0,168,0,0,151,0
A.J. Ouellette,45974,HB,OHIO,10,34.2,0,259,70.1,71.6,57.8,0,3,78,38.2,40.0,96.8,0,4,1,151,0,0,0,442,88,220,0,0,63,0
Ricky Seals-Jones,12020,WR,TEXAS A&M,13,29.4,0,312,60.1,69.6,83.7,0,0,2,0.6,0.5,100.0,2,0,0,151,0,0,0,513,2,364,0,0,149,3
Joey Iosefa,9664,HB,HAWAII,6,39.6,0,180,65.3,82.7,63.3,0,0,124,63.9,63.9,99.2,1,1,1,151,0,0,0,381,133,208,0,0,18,0
Jordan Villamin,48246,WR,OREGON ST,12,31.4,0,265,67.0,,67.4,0,0,0,0.0,0.0,,0,0,0,150,0,0,0,477,0,327,0,0,150,0
Stanton Seckinger,17427,FB,CLEMSON,12,59.8,0,140,60.8,51.6,61.3,1,0,19,16.2,15.8,97.4,0,1,0,150,0,0,1,251,19,120,0,0,131,43
Ya'Keem Griner,18091,TE,FIU,7,51.0,0,166,48.3,68.2,54.1,0,1,23,13.9,15.8,97.8,2,1,0,150,0,0,0,294,27,171,0,0,123,238
Breon Allen,14289,HB,E CAROLINA,12,27.5,0,156,75.0,83.0,47.9,1,1,111,31.3,31.6,98.2,1,3,1,150,0,0,0,546,119,377,0,0,31,0
Darius Jackson,10850,HB,E MICHIGAN,12,42.6,0,160,63.4,45.5,51.7,0,0,20,12.6,12.9,100.0,0,0,0,150,0,0,0,352,21,163,0,0,129,11
Cardale Jones,10773,QB,OHIO STATE,10,45.4,0,260,71.7,,60.5,0,0,0,0.0,0.0,,0,0,0,149,0,0,0,328,0,123,0,0,149,0
Bryan Underwood,14841,WR,NC STATE,13,53.8,0,248,52.7,,58.5,0,0,0,0.0,0.0,,1,0,0,149,0,0,0,277,0,117,0,0,149,0
Darius Powe,11251,WR,CAL,10,39.2,0,130,66.3,69.3,78.6,0,0,4,1.8,2.1,100.0,1,0,0,149,0,0,0,380,5,236,0,1,144,73
Grant Hill,22450,T,ALABAMA,7,100.0,0,103,78.8,70.3,76.5,1,2,60,100.0,100.0,97.5,0,3,0,149,0,0,89,149,63,63,0,60,86,0
Drew Wolitarsky,47637,WR,MINNESOTA,8,59.4,0,225,55.5,,57.7,0,0,0,0.0,0.0,,0,0,0,149,0,0,0,251,0,102,0,0,149,3
Jean Sifrin,9708,TE,UMASS,11,37.0,0,216,86.4,82.6,73.1,1,0,62,20.4,20.4,99.2,7,1,0,149,0,0,45,403,65,319,0,2,84,182
Tucker Carter,13140,QB,UTSA,8,39.9,0,331,56.1,,60.2,0,0,0,0.0,0.0,,3,0,0,149,0,0,0,373,0,197,0,0,149,0
Charles Jones,45700,HB,KANSAS ST,13,39.8,1,199,68.0,76.2,67.8,1,3,101,53.7,54.8,98.0,1,4,0,149,0,0,0,374,109,199,0,0,40,4
Jason Emerich,39730,C,SYRACUSE,5,100.0,0,304,61.1,70.9,62.2,0,1,82,100.0,100.0,99.4,4,1,0,148,133,0,0,148,87,87,15,0,61,0
Robert Craighead,39299,TE,S DIEGO ST,8,73.3,0,284,58.3,74.0,59.1,0,0,17,26.2,23.9,100.0,0,0,0,148,0,0,0,202,17,71,0,0,131,201
Jason Croom,12145,WR,TENNESSEE,12,41.8,0,307,64.3,,58.6,0,0,0,0.0,0.0,,1,0,0,148,0,0,0,354,0,206,0,0,148,0
Gregory Hogan,48183,WR,NEW MEX ST,9,40.0,0,242,61.6,,57.5,0,0,0,0.0,0.0,,2,0,0,148,0,0,0,370,0,222,0,0,148,0
Brice Gunter,30155,WR,TEXAS ST,12,49.7,1,314,52.4,67.7,64.0,0,0,1,0.7,0.7,100.0,3,0,0,148,0,0,0,298,1,151,0,0,147,0
Daniel Helm,47307,TE,TENNESSEE,12,55.2,0,307,59.2,47.6,75.9,0,3,26,18.1,18.4,94.2,1,3,0,148,0,0,0,268,27,147,0,0,121,199
Dante Pettis,48113,WR,WASHINGTON,12,42.9,0,340,62.1,,63.7,0,0,0,0.0,0.0,,0,0,0,148,0,0,0,345,0,197,0,0,148,0
De'mun Mercer,30086,WR,TEXAS ST,12,57.2,0,314,53.7,,84.6,0,0,0,0.0,0.0,,0,0,0,147,0,0,0,257,0,110,0,0,147,0
LaJuan Hunt,30469,HB,UTAH ST,14,41.8,0,329,67.7,75.1,83.9,2,2,77,46.1,47.2,97.4,0,4,0,147,0,0,0,352,83,176,0,0,64,0
Chris Godwin,11839,WR,PENN STATE,13,32.7,0,266,63.6,,83.8,0,0,0,0.0,0.0,,2,0,0,147,0,0,0,450,0,301,0,0,147,4
Elijah Wellman,47323,FB,W VIRGINIA,12,79.5,0,343,56.6,35.7,62.6,0,0,29,44.6,47.8,96.6,0,1,1,147,0,0,0,185,33,69,0,0,114,13
Xavier Rush,10353,WR,TULANE,7,44.3,0,319,61.8,,70.0,0,0,0,0.0,0.0,,0,0,0,147,0,0,0,332,0,185,0,0,147,0
Andre Yruretagoyena,19027,T,OREGON,6,100.0,0,264,69.9,79.4,65.0,0,3,73,100.0,100.0,96.6,0,4,1,147,0,25,0,147,77,77,18,104,70,0
Claude Garrett,20324,WR,S ALABAMA,13,58.1,0,288,59.1,,65.8,0,0,0,0.0,0.0,,0,0,0,147,0,0,0,253,0,106,0,0,147,0
Steven Dunbar Jr.,48275,WR,HOUSTON,13,40.7,0,182,61.6,,53.3,0,0,0,0.0,0.0,,0,0,0,147,0,0,0,361,0,214,0,0,147,0
Bra'Lon Cherry,12289,WR,NC STATE,13,34.0,0,248,64.1,,66.3,0,0,0,0.0,0.0,,1,0,0,147,0,0,0,432,0,279,0,0,147,0
Anthony Ritossa,12465,TE,AKRON,12,86.0,0,102,61.0,80.6,55.6,0,0,49,69.0,67.1,100.0,2,0,0,147,0,0,2,171,49,73,0,0,98,152
Xavier Williams,39540,WR,COLO STATE,13,32.5,0,144,62.7,67.7,69.4,0,0,1,0.3,0.3,100.0,2,0,0,147,0,0,0,453,1,307,0,0,146,7
Mose Frazier,11015,WR,MEMPHIS,13,38.1,0,218,71.7,54.1,70.2,0,0,0,0.0,0.0,,0,0,0,147,0,0,0,386,0,228,0,0,147,0
Ezell Ruffin,9706,WR,S DIEGO ST,7,43.7,0,284,80.4,61.0,71.1,0,0,1,0.6,0.5,100.0,1,0,0,146,0,0,0,334,1,187,0,0,145,7
Jay Jay McCullough,22127,FB,CLEMSON,9,57.3,0,140,54.6,85.3,49.4,0,0,22,17.3,18.0,100.0,0,0,0,146,0,0,2,255,24,133,0,0,122,37
Michael Gordon,17823,HB,ARK STATE,11,28.0,0,113,63.4,60.8,57.2,1,2,52,20.4,20.2,97.1,1,3,0,146,0,0,0,522,54,267,0,0,92,0
Jack English,46367,T,VIRGINIA,6,100.0,0,335,57.7,54.7,60.2,2,4,59,100.0,100.0,91.5,1,8,2,146,0,0,71,146,60,60,0,74,86,1
Toye Adewon,39578,G,NEW MEXICO,6,100.0,0,241,75.5,56.9,77.5,0,1,36,100.0,100.0,95.8,1,2,1,146,0,146,0,146,37,37,0,0,109,0
Marlon Seets,18260,FB,LA TECH,13,91.3,0,208,70.4,77.5,68.5,0,0,22,75.9,75.9,95.5,0,1,1,146,0,0,0,160,22,29,0,0,124,10
Gary Chambers,10964,WR,ARIZONA ST,13,31.5,0,110,53.7,,70.7,0,0,0,0.0,0.0,,0,0,0,146,0,0,0,464,0,318,0,0,146,0
Zach Dilley,13440,C,S DIEGO ST,3,100.0,0,284,66.8,66.9,67.1,1,2,70,100.0,100.0,96.4,1,4,1,146,146,0,0,146,75,75,0,0,71,0
Siale Fakailoatonga,38914,TE,UTAH,12,70.4,0,328,46.2,62.9,52.6,0,1,16,21.1,22.8,96.9,0,1,0,145,0,0,0,206,18,79,0,0,127,145
Luke Charpentier,13932,G,ARKANSAS,10,100.0,0,111,74.7,51.1,77.4,2,0,52,100.0,100.0,98.1,0,2,0,145,0,124,11,145,53,53,0,0,92,10
Devin Scott,23884,WR,LA LAFAYET,13,52.0,0,207,54.4,,60.1,0,0,0,0.0,0.0,,1,0,0,145,0,0,0,279,0,134,0,0,145,0
Michaelee Harris,14681,WR,LOUISVILLE,12,44.5,0,210,53.1,,56.4,0,0,0,0.0,0.0,,0,0,0,145,0,0,0,326,0,181,0,0,145,0
Michael Banogu,18822,T,N TEXAS,6,100.0,0,251,81.3,80.6,76.6,2,1,56,100.0,100.0,97.3,0,3,0,145,0,0,65,145,59,59,0,80,86,0
Joshua Dobbs,11890,QB,TENNESSEE,6,33.0,0,307,71.1,,60.9,0,0,0,0.0,0.0,,1,0,0,144,0,0,0,436,0,210,0,0,144,0
Desmond Roland,15094,HB,OKLA STATE,11,30.6,0,262,67.6,63.3,55.1,1,1,120,51.7,51.8,96.7,0,5,3,144,0,0,0,471,130,251,0,0,14,0
Devin Lauderdale,48315,WR,TEXAS TECH,12,33.2,0,315,65.9,,82.6,0,0,0,0.0,0.0,,4,0,0,144,0,0,1,434,0,290,0,0,144,0
Ryan Timmons,47565,WR,KENTUCKY,12,32.7,0,202,65.3,,71.4,0,0,0,0.0,0.0,,0,0,0,144,0,0,0,441,0,292,0,0,144,1
Dimitri Flowers,47265,FB,OKLAHOMA,11,67.6,0,261,65.8,58.8,59.8,0,0,18,21.2,20.7,100.0,1,0,0,144,0,0,0,213,18,87,0,1,126,69
Brandon Ross,10984,HB,MARYLAND,13,35.2,0,215,58.2,51.5,50.6,1,4,79,31.5,31.5,94.3,2,7,2,144,0,0,0,409,82,260,0,0,62,1
Rodney Mills,19470,TE,UMASS,12,34.2,0,216,76.3,81.0,83.7,0,1,40,13.1,13.2,98.7,2,1,0,144,0,0,21,421,42,319,0,5,102,194
Antwane Grant,11108,WR,W KENTUCKY,10,37.1,0,346,70.5,,62.7,0,0,0,0.0,0.0,,1,0,0,144,0,0,0,388,0,244,0,0,144,0
Jay Warren,45635,HB,FAU,9,41.3,0,165,58.3,62.5,57.2,1,2,95,54.3,55.1,98.4,1,3,0,144,0,0,0,349,103,187,0,0,41,6
Sam Hardy,38128,G,WYOMING,7,100.0,0,351,65.1,66.2,66.7,1,4,75,100.0,100.0,96.7,1,5,0,144,0,10,0,144,76,76,134,0,68,0
Tanner Gentry,12170,WR,WYOMING,12,38.0,0,351,60.6,,57.5,0,0,0,0.0,0.0,,3,0,0,144,0,0,0,379,0,233,0,0,144,1
Kendal Keys,26969,WR,UNLV,13,36.4,0,325,57.0,,61.9,0,0,0,0.0,0.0,,2,0,0,144,0,0,0,396,0,250,0,0,144,0
Eric Nzeocha,12409,TE,WYOMING,12,60.3,1,351,59.4,70.0,61.2,0,0,32,25.8,26.0,96.9,2,1,1,143,0,0,0,237,33,127,0,0,110,215
T.J. Logan,11935,HB,N CAROLINA,13,30.2,0,245,75.5,52.2,62.2,1,1,64,24.3,24.4,93.7,0,5,3,143,0,0,0,473,67,275,0,0,76,0
Jacquille Veii,23083,WR,MARYLAND,13,35.3,0,215,55.7,54.8,62.2,0,1,6,2.5,2.4,91.7,3,1,0,143,0,0,0,405,6,249,0,0,137,0
David Bright,46091,T,STANFORD,12,98.6,0,300,81.6,80.4,76.6,0,0,17,89.5,89.5,100.0,1,0,0,143,0,6,0,145,17,19,23,0,126,113
Matt Finnin,18888,T,NEBRASKA,8,100.0,0,238,59.2,55.7,65.0,0,4,61,100.0,100.0,96.7,3,4,0,143,0,0,26,143,63,63,0,117,80,0
Devon Johnson,11009,HB,MARSHALL,13,29.8,0,214,81.4,74.8,60.0,0,4,108,48.2,47.1,98.1,0,4,0,143,0,0,0,480,114,242,0,0,29,0
Levi Norwood,10009,WR,BAYLOR,10,36.6,0,118,69.0,,67.7,0,0,0,0.0,0.0,,0,0,0,143,0,0,0,391,0,247,0,0,143,0
Nykiren Wellington,14541,T,MEMPHIS,9,100.0,0,218,71.8,48.8,72.7,0,2,46,100.0,100.0,97.8,0,2,0,142,0,0,94,142,47,47,0,41,95,7
Jake Golic,16045,TE,CINCINNATI,13,88.8,0,138,53.6,42.5,54.0,0,2,26,61.9,59.1,96.2,0,2,0,142,0,0,0,160,26,44,0,0,116,121
Malik Turner,48078,WR,ILLINOIS,13,33.2,0,187,57.2,,63.7,0,0,0,0.0,0.0,,0,0,0,142,0,0,0,428,0,286,0,0,142,0
Brandon Hill,14751,TE,MISS STATE,13,74.3,0,227,73.5,70.3,74.1,0,1,18,28.6,26.9,97.2,0,1,0,142,0,0,0,191,18,67,0,2,124,141
Kris White,47818,WR,KENT STATE,11,35.1,0,201,55.3,,59.0,0,0,0,0.0,0.0,,2,0,0,142,0,0,0,404,0,262,0,0,142,0
Isiah Myers,12837,WR,WASH STATE,12,17.0,0,341,69.8,,77.1,0,0,0,0.0,0.0,,1,0,0,142,0,0,0,835,0,693,0,0,142,0
Fred Porter,17951,WR,FIU,12,56.8,0,166,56.7,,72.7,0,0,0,0.0,0.0,,1,0,0,142,0,0,0,250,0,108,0,0,142,0
JoJo Natson,12739,WR,UTAH ST,13,28.8,0,329,70.8,,65.5,0,0,0,0.0,0.0,,5,0,0,141,0,0,0,490,0,293,0,0,141,2
Autrey Golden,19510,WR,UTEP,13,44.8,0,330,66.8,74.1,61.4,0,0,1,0.7,1.2,100.0,1,0,0,141,0,0,0,315,2,162,0,0,139,1
L.A. Ramsby,28400,HB,GA SOUTHRN,12,42.5,0,174,63.2,89.0,61.6,0,0,43,53.1,52.3,100.0,0,0,0,141,0,0,0,332,46,88,0,0,95,0
Edward Pope,47830,WR,TEXAS A&M,13,35.3,0,312,67.6,,73.7,0,0,0,0.0,0.0,,2,0,0,140,0,0,0,397,0,257,0,0,140,0
Bronson Hill,10292,HB,E MICHIGAN,12,43.8,0,160,58.3,54.0,65.4,2,1,77,45.3,45.3,92.9,1,7,4,140,0,0,0,320,78,172,0,0,62,1
Ely Anderson,18834,T,DOMINION,8,100.0,1,263,68.8,70.3,64.7,0,2,89,100.0,100.0,96.6,1,4,2,140,0,0,23,140,93,93,0,117,47,0
Benson Browne,11447,TE,NC STATE,13,82.8,0,248,42.9,33.3,58.1,1,4,28,51.9,50.8,91.1,1,5,0,140,0,0,4,169,30,59,0,8,110,153
Cory Avery,31020,HB,KANSAS,12,32.6,0,198,64.1,79.8,60.7,1,1,82,37.6,38.4,97.6,1,3,1,140,0,0,0,429,86,224,0,0,54,0
Troy Fumagalli,47333,TE,WISCONSIN,14,56.9,1,349,66.5,73.4,53.5,0,0,13,11.5,10.9,100.0,2,0,0,140,0,0,0,246,13,119,0,0,127,163
Joe Walker,24470,TE,ARMY,11,70.4,0,114,55.9,67.4,54.8,0,0,1,2.6,2.4,100.0,0,0,0,140,0,0,0,199,1,42,0,0,139,110
Lofi Tamasese,24334,G,ARMY,5,100.0,0,114,62.1,83.5,59.7,0,0,30,100.0,100.0,100.0,1,0,0,140,0,39,0,140,31,31,101,0,109,0
Travis Dickson,37844,TE,LSU,13,60.1,0,211,50.8,67.5,66.2,0,3,23,20.5,21.8,93.5,2,3,0,140,0,0,2,233,26,119,0,1,114,150
Marcus Cox,45800,HB,APP STATE,12,25.8,1,108,56.7,55.6,62.4,2,2,78,36.3,38.3,97.4,1,4,0,140,0,0,0,542,90,235,0,0,50,0
Mossi Johnson,47754,WR,UCLA,11,42.7,0,324,65.2,,75.1,0,0,0,0.0,0.0,,3,0,0,140,0,0,0,328,0,185,0,0,140,0
David Anaya,18878,FB,NEW MEXICO,12,65.3,0,241,54.5,27.0,61.2,0,3,15,24.2,23.4,83.3,1,4,1,139,0,0,0,213,15,64,0,0,124,0
Brandon Cox,28002,WR,ARK STATE,11,44.1,1,113,56.4,67.9,67.6,0,0,1,0.6,0.6,100.0,2,0,0,139,0,0,0,315,1,169,0,0,138,0
Johnny McCrary,26439,QB,VANDERBILT,7,42.2,0,333,59.7,,60.3,0,0,0,0.0,0.0,,1,0,0,139,0,0,0,329,0,178,0,0,139,0
Jhajuan Seales,12175,WR,OKLA STATE,12,46.2,0,262,67.0,,66.1,0,0,0,0.0,0.0,,1,0,0,139,0,0,0,301,0,162,0,0,139,0
Bryce Dixon,27722,TE,USC,12,46.5,0,326,68.3,54.3,74.1,0,0,7,4.4,5.3,85.7,1,1,1,139,0,0,2,299,9,169,0,0,130,150
Nick Arcidiacono,47114,TE,RUTGERS,10,79.0,0,278,50.4,37.0,65.0,0,2,6,14.0,15.9,83.3,1,2,0,139,0,0,0,176,7,44,0,0,132,158
Ryan Hunter,46904,T,BOWL GREEN,11,100.0,0,122,69.0,70.3,69.4,0,2,49,100.0,100.0,98.0,1,2,0,139,0,0,68,139,54,54,0,21,85,19
Jeff Driskel,10841,QB,FLORIDA,9,32.2,0,163,60.3,,60.1,0,0,0,0.0,0.0,,1,0,0,139,0,0,0,432,0,243,0,0,139,0
Andre Levrone,47813,WR,VIRGINIA,11,37.3,0,335,60.7,,65.1,0,0,0,0.0,0.0,,0,0,0,139,0,0,0,373,0,234,0,0,139,0
Colby Watson,22132,G,UCF,3,100.0,0,323,74.7,69.7,76.8,0,3,77,100.0,100.0,98.1,0,3,0,139,0,0,0,139,81,81,139,0,58,0
Travis Rudolph,47997,WR,FLORIDA ST,13,28.4,1,167,65.5,,65.4,0,0,0,0.0,0.0,,1,0,0,139,0,0,0,489,0,350,0,0,139,0
Ammon Barker,48282,WR,HAWAII,12,48.3,0,180,55.5,,64.0,0,0,0,0.0,0.0,,0,0,0,138,0,0,0,286,0,148,0,0,138,1
D.J. Thompson,13313,WR,SO MISS,12,37.9,1,296,60.4,,76.4,0,0,0,0.0,0.0,,2,0,0,138,0,0,0,364,0,226,0,0,138,3
Frank Loyd Jr.,14330,G,HAWAII,7,100.0,0,180,66.3,91.8,56.0,0,1,90,100.0,100.0,99.4,0,1,0,138,0,40,14,138,96,96,75,9,42,0
B.J. Chitty,13448,WR,TROY,11,49.1,1,318,59.8,,73.5,0,0,0,0.0,0.0,,1,0,0,138,0,0,0,281,0,143,0,0,138,0
P.J. Gallo,23081,TE,MARYLAND,13,69.3,0,215,49.4,75.7,52.3,0,0,20,25.6,24.7,100.0,0,0,0,138,0,0,2,199,20,81,0,2,118,168
Mason Morgan,47242,TE,OHIO,10,78.0,0,259,59.8,51.8,71.0,0,1,13,27.1,27.8,96.2,1,1,0,138,0,0,0,177,15,54,0,0,123,127
Trey Martin,21464,G,LA MONROE,6,100.0,0,209,68.9,56.4,71.9,0,1,79,100.0,100.0,98.1,0,2,1,138,9,67,0,138,85,85,62,0,53,0
Eli Rogers,9878,WR,LOUISVILLE,13,32.2,0,210,65.8,,49.9,0,0,0,0.0,0.0,,3,0,0,138,0,0,0,428,0,290,0,0,138,0
Damon Martin,20013,T,KANSAS,2,100.0,0,198,82.2,69.2,80.7,1,2,55,100.0,100.0,97.3,1,3,0,137,0,0,0,137,56,56,0,137,81,0
Nicholas Norris,47533,WR,W KENTUCKY,13,38.6,0,346,62.4,,56.3,0,0,0,0.0,0.0,,2,0,0,137,0,0,0,355,0,218,0,0,137,0
Kai De La Cruz,14605,WR,LOUISVILLE,13,35.5,0,210,61.0,,66.9,0,0,0,0.0,0.0,,1,0,0,137,0,0,0,386,0,249,0,0,137,1
Shaedon Meadors,48003,WR,APP STATE,7,66.8,0,108,80.1,,66.0,0,0,0,0.0,0.0,,0,0,0,137,0,0,0,205,0,68,0,0,137,0
Alex Chisum,11478,WR,CINCINNATI,13,44.5,0,138,66.1,,59.3,0,0,0,0.0,0.0,,0,0,0,137,0,0,0,308,0,171,0,0,137,0
Reginald Bell,28286,QB,E MICHIGAN,10,29.7,0,160,53.4,,60.0,0,0,0,0.0,0.0,,2,0,0,137,0,0,0,462,0,239,0,0,137,0
Joe Morrow,37913,WR,MISS STATE,13,55.9,0,227,81.6,,71.1,0,0,0,0.0,0.0,,0,0,0,137,0,0,0,245,0,108,0,0,137,0
Matt Johns,24210,QB,VIRGINIA,9,40.3,0,335,79.6,,60.0,0,0,0,0.0,0.0,,2,0,0,137,0,0,0,340,0,194,0,0,137,0
Matthew Miller,9788,WR,BOISE ST,5,44.3,0,120,79.3,,59.1,0,0,0,0.0,0.0,,1,0,0,137,0,0,0,309,0,172,0,0,137,0
DeVante Parker,9447,WR,LOUISVILLE,6,39.9,0,210,92.2,,57.8,0,0,0,0.0,0.0,,1,0,0,137,0,0,0,343,0,206,0,0,137,0
Terris Jones-Grigsby,13192,HB,ARIZONA,12,32.5,1,109,62.4,76.4,62.3,1,1,89,36.3,37.5,98.9,2,2,0,137,0,0,0,422,98,261,0,0,39,0
Kyle Dockins,24138,WR,VIRGINIA,12,48.6,0,335,51.3,,76.0,0,0,0,0.0,0.0,,0,0,0,136,0,0,0,280,0,144,0,0,136,0
J.J. Denman,46913,T,RUTGERS,8,100.0,1,278,45.1,4.2,58.3,1,8,52,100.0,100.0,91.3,2,9,0,136,0,0,0,136,54,54,0,135,82,1
Malcolm Brown,9902,HB,TEXAS,13,26.6,0,311,63.3,77.5,68.7,0,4,83,31.6,31.0,97.6,0,4,0,136,0,0,0,511,85,274,0,0,51,0
Michiah Quick,44732,WR,OKLAHOMA,11,44.2,0,261,60.7,,69.9,0,0,0,0.0,0.0,,3,0,0,136,0,0,0,308,0,168,0,0,136,0
Kenneth Goins Jr.,45686,FB,MARYLAND,13,65.4,0,215,70.2,74.8,67.4,0,0,20,26.3,26.6,100.0,1,0,0,136,0,0,0,208,21,79,0,0,115,2
Amir Carlisle,10950,WR,NOTRE DAME,12,36.5,1,258,62.0,,68.6,0,0,0,0.0,0.0,,1,0,0,136,0,0,0,373,0,230,0,0,136,1
JD Sprague,39102,QB,OHIO,10,31.6,0,259,69.3,,60.0,0,0,0,0.0,0.0,,1,0,0,136,0,0,0,431,0,253,0,0,136,0
Wayne Gallman,11895,HB,CLEMSON,13,29.6,0,140,70.2,57.2,39.0,2,3,82,34.2,35.0,94.5,0,7,2,135,0,0,0,456,86,246,0,0,49,0
William Stanback,12197,HB,UCF,10,29.3,0,323,63.4,68.5,52.4,1,4,88,40.4,41.1,97.2,0,5,0,135,0,0,0,461,95,231,0,0,40,0
Johnny Vizcaino,18806,T,NEW MEXICO,2,100.0,0,241,84.3,75.1,82.5,0,1,24,100.0,100.0,97.9,1,1,0,134,0,0,0,134,26,26,0,133,108,1
Rodney Hall,15307,FB,TEXAS TECH,12,84.3,0,315,71.6,66.6,75.4,0,1,38,60.3,61.5,98.7,0,1,0,134,0,0,0,159,40,65,0,0,94,4
Blake Bone,28597,WR,KENTUCKY,12,40.5,0,202,60.3,,64.9,0,0,0,0.0,0.0,,1,0,0,134,0,0,0,331,0,197,0,0,134,0
Ryan Yurachek,31983,TE,MARSHALL,13,51.7,0,214,67.7,69.6,64.0,0,0,4,3.4,3.8,100.0,1,0,0,134,0,0,0,259,5,130,0,0,129,111
Teddy Ruben,17295,WR,TROY,12,42.5,0,318,59.1,,73.4,0,0,0,0.0,0.0,,1,0,0,134,0,0,0,315,0,177,0,0,134,0
Amba Etta-Tawo,12034,WR,MARYLAND,13,41.0,0,215,58.2,,72.2,0,0,0,0.0,0.0,,0,0,0,134,0,0,0,327,0,193,0,0,134,0
Hiva Lutui,21594,C,UTAH,5,100.0,0,328,69.8,79.5,65.0,0,1,59,100.0,100.0,99.2,0,1,0,134,134,0,0,134,61,61,0,0,73,0
Andrew Pratt,16452,WR,AKRON,11,30.5,0,102,49.2,,71.5,0,0,0,0.0,0.0,,1,0,0,134,0,0,0,439,0,305,0,0,134,0
Trevor Davis,10797,WR,CAL,10,37.2,0,130,65.8,,58.8,0,0,0,0.0,0.0,,2,0,0,134,0,0,0,360,0,226,0,0,134,0
Jacob Hillyer,39104,WR,IOWA,13,43.2,0,192,47.2,,73.2,0,0,0,0.0,0.0,,1,0,0,133,0,0,0,308,0,175,0,0,133,0
Deon Butler,10311,TE,C MICHIGAN,13,37.5,0,134,80.6,55.7,79.1,1,2,12,5.3,5.5,87.5,2,3,0,133,0,0,0,355,13,235,0,0,120,235
Ja'Juan Story,19341,WR,TCU,13,40.7,0,305,58.7,,71.9,0,0,0,0.0,0.0,,0,0,0,133,0,0,0,327,0,194,0,0,133,1
Kalib Woods,48013,WR,FAU,8,44.3,0,165,60.1,,73.4,0,0,0,0.0,0.0,,0,0,0,133,0,0,0,300,0,167,0,0,133,0
Chris Hairston,18101,HB,E CAROLINA,13,39.7,0,156,79.0,79.5,71.6,2,2,86,42.8,44.1,97.7,0,4,0,133,0,0,0,335,94,213,0,0,39,1
Demetrius Wilson,10137,WR,ARKANSAS,12,42.4,0,111,66.1,,85.8,0,0,0,0.0,0.0,,1,0,0,133,0,0,0,314,0,181,0,0,133,0
Max Morrison,20285,WR,CINCINNATI,13,30.2,0,138,67.2,,69.9,0,0,0,0.0,0.0,,1,0,0,132,0,0,0,437,0,305,0,0,132,2
Ryan Rentfro,23447,T,N TEXAS,6,100.0,0,251,68.7,53.8,73.2,2,1,54,100.0,100.0,97.2,1,3,0,132,0,0,124,132,57,57,0,8,75,0
Brian Hill,11911,HB,WYOMING,12,36.1,1,351,63.8,53.8,57.6,3,5,112,56.3,56.4,93.7,3,11,3,132,0,0,0,366,115,204,0,0,17,0
Ryan Brumfield,14237,HB,E MICHIGAN,12,37.3,0,160,61.5,22.6,67.0,0,5,51,29.3,29.9,95.1,0,5,0,132,0,0,0,354,53,177,0,0,79,0
Delshawn McClellon,47594,WR,UTAH,10,48.7,0,328,54.7,,62.0,0,0,0,0.0,0.0,,1,0,0,132,0,0,0,271,0,138,0,0,132,0
Der'rikk Thompson,15121,WR,SMU,11,24.7,0,287,57.0,,55.0,0,0,0,0.0,0.0,,1,0,0,132,0,0,0,535,0,401,0,0,132,0
Alex Ellis,11326,TE,TENNESSEE,12,59.2,0,307,50.5,49.1,51.6,0,0,16,15.5,16.5,100.0,0,0,0,132,0,0,0,223,18,109,0,0,114,171
Tyler Trosin,17681,WR,ARK STATE,13,44.4,0,113,61.6,,65.9,0,0,0,0.0,0.0,,2,0,0,131,0,0,0,295,0,163,0,0,131,0
Dondre Daley,47980,WR,IOWA STATE,12,34.7,0,193,54.8,,72.8,0,0,0,0.0,0.0,,1,0,0,131,0,0,0,377,0,246,0,0,131,0
Joe Kerridge,11408,FB,MICHIGAN,12,73.6,0,222,71.5,48.1,70.9,1,2,19,30.2,29.7,92.1,0,3,0,131,0,0,0,178,19,64,0,0,112,64
Akeel Lynch,45978,HB,PENN STATE,13,31.8,0,266,57.8,41.8,56.9,1,6,100,45.0,45.2,91.5,1,12,5,131,0,0,0,412,108,239,0,0,23,0
Marlon Mack,11898,HB,USF,12,26.1,1,327,62.4,72.2,67.2,0,4,85,35.3,36.2,97.6,4,4,0,131,0,0,0,502,92,254,0,0,39,0
AJ Long,38322,QB,SYRACUSE,6,37.5,0,304,48.3,63.8,60.0,0,0,1,0.5,0.5,100.0,0,0,0,131,0,0,0,349,1,199,0,0,130,0
Wes Lunt,12050,QB,ILLINOIS,8,32.3,0,187,59.0,,60.0,0,0,0,0.0,0.0,,3,0,0,131,0,0,0,406,0,268,0,0,131,0
Broam Hart,13846,FB,AIR FORCE,8,78.0,0,101,74.0,82.2,77.6,0,0,21,77.8,78.6,100.0,0,0,0,131,0,0,0,168,22,28,0,0,109,3
Andre Davis,9731,WR,USF,8,32.5,3,327,74.1,,55.5,0,0,0,0.0,0.0,,6,0,0,130,0,0,0,400,0,270,0,0,130,0
Chris Black,47568,WR,ALABAMA,12,48.9,0,103,61.6,64.4,65.5,0,0,1,0.7,0.7,100.0,0,0,0,130,0,0,0,266,1,137,0,0,129,12
Landon Smith,15003,WR,OHIO,11,39.6,0,259,54.4,,60.9,0,0,0,0.0,0.0,,1,0,0,130,0,0,0,328,0,198,0,0,130,0
Isaiah Robinson,39983,HB,WAKE,12,41.0,0,339,57.4,67.5,64.0,0,8,96,53.3,53.6,94.8,0,9,1,130,0,0,0,317,103,192,0,0,27,12
Akeem Hunt,9839,HB,PURDUE,12,21.1,0,273,68.5,15.6,63.4,1,2,41,11.7,11.9,91.5,1,5,2,130,0,0,0,617,43,360,0,0,87,3
Marcus Sullivan,13005,WR,UNLV,8,36.1,0,325,54.7,,60.6,0,0,0,0.0,0.0,,0,0,0,130,0,0,0,360,0,219,0,0,130,1
Teddy Johnson,15012,FB,OKLA STATE,12,82.3,0,262,62.3,48.9,67.7,0,4,42,63.6,62.9,92.9,0,5,1,130,0,0,0,158,44,70,0,0,86,1
Jamal Morrow,45773,HB,WASH STATE,12,18.7,0,341,65.3,55.3,75.6,1,3,93,16.8,17.6,95.7,1,6,2,130,0,0,0,696,102,579,0,0,28,0
Tom Collins,18525,G,MARSHALL,9,100.0,1,214,57.8,51.0,60.9,0,1,50,100.0,100.0,97.0,1,2,1,130,0,62,0,130,53,53,68,0,77,0
Montell Cozart,46563,QB,KANSAS,7,40.8,0,198,34.6,,60.0,0,0,0,0.0,0.0,,1,0,0,130,0,0,0,319,0,160,0,0,130,0
Turner Smiley,29531,WR,N TEXAS,12,39.4,0,251,58.8,,66.0,0,0,0,0.0,0.0,,0,0,0,130,0,0,0,330,0,198,0,0,130,0
Cameron Broadnax,24726,WR,S ALABAMA,13,56.1,0,288,53.0,,66.0,0,0,0,0.0,0.0,,2,0,0,129,0,0,0,230,0,101,0,0,129,1
Cam Clear,9870,TE,TEXAS A&M,11,78.2,0,312,58.6,73.0,59.4,0,0,31,47.0,47.8,100.0,2,0,0,129,0,0,0,165,33,69,0,0,96,101
Malcolm Mitchell,10746,WR,GEORGIA,9,44.3,0,173,72.5,,70.2,0,0,0,0.0,0.0,,1,0,0,129,0,0,0,291,0,162,0,0,129,3
Harley Scioneaux,16569,FB,LA MONROE,10,69.7,0,209,64.8,61.6,79.9,0,1,18,24.7,26.3,97.2,0,1,0,129,0,0,1,185,20,76,0,3,109,78
Jordan Reid,48138,WR,OHIO,12,36.6,0,259,70.6,,68.9,0,0,0,0.0,0.0,,3,0,0,129,0,0,0,352,0,222,0,0,129,0
Danny Etling,23519,QB,PURDUE,5,39.1,0,273,49.8,,60.0,0,0,0,0.0,0.0,,2,0,0,129,0,0,0,330,0,187,0,0,129,0
Quincy Adeboyejo,12085,WR,OLE MISS,13,35.2,0,226,63.3,,68.1,0,0,0,0.0,0.0,,1,0,0,129,0,0,0,366,0,236,0,0,129,0
Kellen Williams,37688,FB,VANDERBILT,12,73.1,0,333,55.4,76.1,58.2,0,0,5,10.0,10.0,100.0,0,0,0,128,0,0,0,175,5,50,0,0,123,0
Avery Sweeting,16361,WR,GA STATE,8,34.4,0,175,50.9,,62.0,0,0,0,0.0,0.0,,0,0,0,128,0,0,0,372,0,239,0,0,128,0
Jonathan Williams,10790,HB,ARKANSAS,13,28.3,0,111,81.6,66.7,66.3,1,8,101,49.0,48.4,95.5,1,9,0,128,0,0,0,453,104,215,0,0,24,5
Reggie Davis,48079,WR,GEORGIA,12,63.7,0,173,63.0,,62.1,0,0,0,0.0,0.0,,0,0,0,128,0,0,0,201,0,73,0,0,128,0
Hunter Lee,14535,WR,LA TECH,11,29.3,0,208,67.2,,80.7,0,0,0,0.0,0.0,,0,0,0,128,0,0,0,437,0,304,0,0,128,0
Ronnie Shields,10351,TE,KENTUCKY,11,70.2,0,202,59.2,60.0,59.7,0,1,22,28.9,30.8,97.7,2,1,0,127,0,0,0,181,24,78,0,0,103,129
Mike Bercovici,10986,QB,ARIZONA ST,8,35.5,0,110,69.4,,60.0,0,0,0,0.0,0.0,,0,0,0,127,0,0,0,358,0,214,0,0,127,0
Jamal Lyles,47285,TE,MICH STATE,13,54.5,0,223,53.2,72.3,53.8,0,0,11,9.7,10.2,100.0,3,0,0,127,0,0,1,233,12,118,0,0,115,192
Andrew Marshall,12715,C,GA TECH,6,100.0,0,176,48.4,24.2,53.5,1,1,17,100.0,100.0,94.1,1,2,0,127,115,0,0,127,20,20,0,12,107,0
Davis Dudchock,12642,TE,VANDERBILT,10,55.0,0,333,76.5,74.8,58.2,0,0,8,7.8,8.0,100.0,0,0,0,127,0,0,0,231,9,113,0,0,118,129
Kody Cook,18371,WR,KANSAS ST,13,30.8,0,199,57.2,69.8,72.8,0,0,1,0.4,0.3,100.0,1,0,0,127,0,0,0,412,1,286,0,0,126,3
Jacob Martinez,39421,WR,BUFFALO,11,37.1,0,126,66.4,,58.1,0,0,0,0.0,0.0,,1,0,0,127,0,0,0,342,0,212,0,0,127,0
Connor Halliday,9724,QB,WASH STATE,9,18.0,0,341,83.5,,60.0,0,0,0,0.0,0.0,,2,0,0,127,0,0,0,707,0,580,0,0,127,0
Paul Thurston,46108,C,NEBRASKA,5,100.0,2,238,59.3,42.9,67.3,0,6,65,100.0,100.0,95.4,3,6,0,127,127,0,0,127,68,68,0,0,59,0
Conor Hundley,16449,HB,AKRON,11,35.1,0,102,62.8,68.0,80.6,2,1,101,45.3,44.4,97.5,0,4,1,127,0,0,0,362,104,234,0,0,23,0
John Wa'a,46030,G,HAWAII,3,100.0,0,180,51.8,30.2,53.7,1,6,70,100.0,100.0,95.0,0,7,0,127,0,119,0,127,73,73,8,0,54,0
Kishon Wilcher,39206,WR,TOLEDO,13,48.5,0,316,74.0,,72.0,0,0,0,0.0,0.0,,0,0,0,126,0,0,0,260,0,132,0,0,126,0
Colin Jeter,12126,TE,LSU,13,67.7,0,211,52.5,68.0,66.2,0,2,19,25.3,25.9,94.7,1,2,0,126,0,0,0,186,21,81,0,0,105,150
Brendan Cope,29727,WR,OHIO,8,47.4,0,259,65.8,,55.4,0,0,0,0.0,0.0,,0,0,0,126,0,0,0,266,0,139,0,0,126,0
Maika Mataele,12917,WR,UNLV,13,26.3,0,325,59.6,,65.8,0,0,0,0.0,0.0,,0,0,0,126,0,0,0,480,0,354,0,0,126,0
Charles Nelson,47665,WR,OREGON,13,45.7,0,264,72.3,72.3,82.7,0,0,3,2.2,2.1,100.0,2,0,0,126,0,0,0,276,3,141,0,0,123,0
Keith Whitely,21762,HB,UNLV,13,33.6,0,325,68.1,36.8,58.1,4,9,92,42.2,43.2,92.9,2,13,0,126,0,0,0,375,99,229,0,0,27,0
Ricky Jones,48295,WR,INDIANA,12,54.5,0,190,54.8,,77.8,0,0,0,0.0,0.0,,0,0,0,126,0,0,0,231,0,105,0,0,126,0
Mike McGlinchey,46275,T,NOTRE DAME,6,100.0,0,258,60.6,58.9,62.7,0,3,53,100.0,100.0,95.3,1,4,1,125,0,0,12,125,54,54,0,112,71,1
Darell Garretson,46397,QB,UTAH ST,5,43.1,0,329,64.7,,61.0,0,0,0,0.0,0.0,,3,0,0,125,0,0,0,290,0,159,0,0,125,0
Ermon Lane,48053,WR,FLORIDA ST,12,36.5,0,167,58.4,,66.1,0,0,0,0.0,0.0,,1,0,0,124,0,0,0,340,0,216,0,0,124,1
Tevin Coleman,9506,HB,INDIANA,12,21.9,0,190,80.1,78.8,55.6,0,2,85,34.6,34.6,97.6,1,3,1,124,0,0,0,567,89,257,0,0,35,0
AJ Addison,31940,T,MARSHALL,8,100.0,0,214,56.4,80.8,55.5,0,1,37,100.0,100.0,98.6,1,1,0,124,0,0,124,124,39,39,0,0,85,0
Stephen Nelson,15266,WR,SMU,12,28.3,0,287,52.1,,51.3,0,0,0,0.0,0.0,,1,0,0,124,0,0,0,438,0,314,0,0,124,0
Roderick Proctor,47613,WR,MEMPHIS,13,42.5,1,218,65.5,,54.8,0,0,0,0.0,0.0,,2,0,0,124,0,0,0,292,0,161,0,0,124,0
Corey Dennis,13673,WR,GA TECH,14,92.5,0,176,54.3,,68.4,0,0,0,0.0,0.0,,2,0,0,124,0,0,2,134,0,10,0,5,124,1
Dontre Wilson,12046,WR,OHIO STATE,10,43.4,1,260,68.2,67.3,58.4,0,0,1,0.7,0.7,100.0,1,0,0,124,0,0,0,286,1,145,0,0,123,5
Steven Stevens,17680,G,ARK STATE,5,100.0,0,113,68.8,62.3,70.4,1,3,68,100.0,100.0,97.1,0,4,0,123,0,123,0,123,71,71,0,0,52,0
Johnny Mundt,12206,TE,OREGON,13,80.9,0,264,66.0,69.8,67.5,0,0,7,20.6,19.4,100.0,0,0,0,123,0,0,0,152,7,36,0,0,116,132
Bryan Holmes,17383,WR,TROY,12,39.5,1,318,75.7,,61.7,0,0,0,0.0,0.0,,3,0,0,123,0,0,0,311,0,186,0,0,123,0
Leondre James,26729,WR,TULANE,12,38.1,0,319,57.3,,52.0,0,0,0,0.0,0.0,,2,0,0,123,0,0,0,323,0,197,0,0,123,0
Tommy Blevins,17380,TE,TROY,11,72.8,0,318,76.9,71.7,81.8,0,0,11,20.0,20.7,100.0,0,0,0,123,0,0,0,169,12,58,0,0,111,158
Kevin Parks,15503,HB,VIRGINIA,12,27.0,1,335,73.3,82.7,67.4,2,2,79,37.4,37.1,97.5,2,4,0,123,0,0,0,456,83,224,0,0,40,0
Hunter Long,17590,C,GEORGIA,8,100.0,0,173,72.2,53.0,73.6,0,2,41,100.0,100.0,95.1,1,3,1,122,122,0,0,122,42,42,0,0,80,0
Matt Nord,46982,T,W KENTUCKY,10,100.0,0,346,68.5,70.6,72.6,1,3,63,100.0,100.0,96.8,2,4,0,122,0,0,0,122,66,66,0,122,56,0
Jordan Shelley-Smith,24882,T,KANSAS,9,100.0,0,198,57.1,47.3,62.9,0,3,58,100.0,100.0,97.4,1,3,0,122,0,0,2,122,58,58,0,119,64,1
Wendell Smallwood,10787,HB,W VIRGINIA,13,22.0,0,343,62.4,84.7,76.7,0,0,36,11.9,12.7,100.0,1,0,0,122,0,0,0,555,41,324,0,0,81,0
Bryce Holland,31126,G,ARMY,3,100.0,0,114,86.1,58.2,85.4,0,1,18,100.0,100.0,97.2,0,1,0,121,0,0,0,121,18,18,119,0,103,2
Cameron Ruff,27785,G,USF,2,100.0,0,327,50.0,54.2,49.8,1,0,59,100.0,100.0,97.5,1,2,1,121,1,120,0,121,64,64,0,0,57,0
Lawrence White,15140,TE,TEXAS ST,8,68.8,0,314,71.0,75.5,61.4,0,0,16,23.5,22.5,100.0,0,0,0,121,0,0,0,176,16,71,0,1,105,112
Watts Dantzler,13767,T,GEORGIA,8,100.0,0,173,61.8,52.6,61.6,0,2,32,100.0,100.0,96.9,0,2,0,121,0,0,0,121,34,34,0,121,87,0
Noel Thomas,12191,WR,UCONN,12,36.2,0,146,60.6,,60.4,0,0,0,0.0,0.0,,0,0,0,121,0,0,0,334,0,213,0,0,121,0
Jafus Gaines,19364,WR,TEXAS ST,8,46.0,0,314,65.4,,69.8,0,0,0,0.0,0.0,,1,0,0,121,0,0,0,263,0,138,0,0,121,0
Donovonn Young,14420,HB,ILLINOIS,13,33.8,0,187,69.5,40.2,54.8,2,6,61,30.7,31.6,90.2,1,10,2,121,0,0,0,358,66,209,0,0,55,0
C.J. Bates,23919,WR,LA LAFAYET,12,47.1,0,207,66.5,,71.8,0,0,0,0.0,0.0,,0,0,0,120,0,0,0,255,0,135,0,0,120,0
Jemond Hazely,17386,WR,S DIEGO ST,13,51.3,0,284,64.4,,60.7,0,0,0,0.0,0.0,,1,0,0,120,0,0,0,234,0,113,0,0,120,0
Mykel Traylor-Bennett,47363,WR,AKRON,9,31.5,0,102,56.8,,63.0,0,0,0,0.0,0.0,,1,0,0,120,0,0,0,381,0,261,0,0,120,0
Kyle Foster,19134,WR,SO MISS,9,44.6,0,296,51.8,71.6,51.2,0,0,1,0.7,0.7,100.0,1,0,0,120,0,0,1,269,1,149,0,0,119,22
Deshaun Watson,11767,QB,CLEMSON,8,36.5,0,140,88.7,,60.5,0,0,0,0.0,0.0,,0,0,0,120,0,0,0,329,0,163,0,0,120,0
Ryan Arbelaez,12780,G,NEW MEX ST,5,100.0,0,242,53.8,48.3,52.6,0,4,68,100.0,100.0,97.1,0,4,0,120,0,21,0,120,70,70,99,0,50,0
Jalen Claiborne,15616,WR,WYOMING,12,26.5,0,351,71.6,,63.9,0,0,0,0.0,0.0,,1,0,0,120,0,0,0,453,0,331,0,0,120,0
Vince Mayle,9556,WR,WASH STATE,12,17.2,0,341,76.7,,89.2,0,0,0,0.0,0.0,,3,0,0,120,0,0,0,699,0,579,0,0,120,1
Blake Jarwin,12320,TE,OKLA STATE,12,62.8,0,262,68.0,55.4,64.0,0,1,25,26.3,26.8,94.0,0,2,1,120,0,0,0,191,26,97,0,1,94,122
Zac Uhles,26784,C,TULSA,3,100.0,1,320,50.1,52.1,48.9,0,3,79,100.0,100.0,98.1,2,3,0,120,120,0,0,120,80,80,0,0,40,0
Kenny Harrison,13144,WR,UTSA,12,36.3,1,331,53.9,,73.3,0,0,0,0.0,0.0,,2,0,0,120,0,0,0,331,0,210,0,0,120,0
Robby Young,29013,TE,MEMPHIS,9,89.6,0,218,73.0,64.6,67.6,0,1,11,44.0,44.0,95.5,2,1,0,120,0,0,0,134,11,25,0,0,109,131
Kendyl Taylor,45687,WR,WASHINGTON,14,48.2,0,340,65.0,,59.3,0,0,0,0.0,0.0,,0,0,0,120,0,0,0,249,0,127,0,0,120,0
DeAndre Washington,10777,HB,TEXAS TECH,12,19.4,0,315,77.8,77.2,72.4,0,2,58,16.5,17.0,98.3,2,2,0,120,0,0,0,620,63,371,0,0,57,0
Cameron Jefferson,10006,T,ARKANSAS,10,100.0,0,111,66.8,71.0,62.8,0,1,42,100.0,100.0,98.8,0,1,0,119,0,0,61,119,44,44,0,0,75,58
Taariq Allen,18671,WR,NEBRASKA,12,49.2,0,238,55.2,,79.2,0,0,0,0.0,0.0,,1,0,0,119,0,0,0,242,0,123,0,0,119,0
Ty Montgomery,9527,WR,STANFORD,11,27.2,0,300,78.6,,70.6,0,0,0,0.0,0.0,,0,0,0,119,0,0,0,437,0,292,0,0,119,1
Terrence Franks,39455,HB,TEXAS ST,12,33.0,0,314,66.3,71.4,65.5,0,1,41,24.7,24.7,96.3,2,2,1,119,0,0,0,361,43,174,0,0,76,0
Andy Janovich,10810,FB,NEBRASKA,13,95.2,0,238,64.0,41.5,63.9,0,1,6,54.5,53.8,91.7,2,1,0,118,0,0,0,124,7,13,0,0,111,15
B.J. Catalon,15275,HB,TCU,8,28.7,0,305,66.8,80.7,76.6,1,0,48,21.0,21.7,99.0,0,1,0,118,0,0,0,411,53,244,0,0,65,0
Chris Perkins,14596,WR,MIDDLE TN,12,51.1,0,224,51.9,,62.2,0,0,0,0.0,0.0,,3,0,0,118,0,0,0,231,0,113,0,0,118,0
T.J. Yeldon,9469,HB,ALABAMA,13,23.2,0,103,78.1,73.6,54.1,2,2,86,31.6,31.7,96.5,0,5,1,118,0,0,0,508,89,281,0,0,29,1
Josh Bell,15476,HB,UTEP,13,42.9,0,330,66.0,82.8,70.6,0,0,12,10.9,11.1,100.0,0,0,0,118,0,0,0,275,13,117,0,0,105,16
Melvin Jones,23134,FB,LSU,9,79.7,0,211,74.5,78.4,78.0,0,0,5,17.9,18.8,100.0,0,0,0,118,0,0,0,148,6,32,0,0,112,1
Sam Craft,23125,HB,MEMPHIS,8,36.0,0,218,55.8,78.8,54.6,0,0,18,13.5,13.8,100.0,1,0,0,118,0,0,0,328,19,138,0,0,99,0
Jahleel Pinner,17617,FB,USC,12,75.6,0,326,55.2,82.1,63.5,0,0,19,35.2,35.7,100.0,0,0,0,118,0,0,0,156,20,56,0,0,98,64
Darik Dillard,45983,HB,RICE,13,30.4,0,275,62.8,42.7,66.3,1,5,62,32.5,32.5,95.2,0,6,0,117,0,0,0,385,64,197,0,0,53,2
DeVondrick Nealy,18231,HB,IOWA STATE,12,38.1,0,193,66.2,68.3,62.0,0,2,72,38.1,39.0,95.8,0,4,2,117,0,0,0,307,76,195,0,0,41,1
Jawon Chisholm,10273,HB,AKRON,11,29.6,0,102,65.4,80.1,77.0,1,1,93,37.1,37.1,98.9,0,2,0,117,0,0,0,395,96,259,0,0,21,0
T.J. Thorpe,11452,WR,N CAROLINA,10,37.3,0,245,61.8,,74.2,0,0,0,0.0,0.0,,0,0,0,117,0,0,0,314,0,197,0,0,117,0
Jaylen Walton,16735,HB,OLE MISS,13,30.2,0,226,72.5,75.2,55.6,1,4,56,26.0,26.5,95.5,0,5,0,117,0,0,0,388,59,223,0,0,58,0
Thomas Lucas,27133,WR,UCONN,12,55.8,0,146,63.1,,73.1,0,0,0,0.0,0.0,,0,0,0,116,0,0,0,208,0,92,0,0,116,0
Christian Collis,18610,WR,MIDDLE TN,11,42.6,0,224,56.7,,69.4,0,0,0,0.0,0.0,,2,0,0,116,0,0,0,272,0,156,0,0,116,0
Damien Parris,16978,T,HOUSTON,6,100.0,0,182,45.8,42.3,50.9,2,6,61,100.0,100.0,91.8,1,9,1,116,0,0,97,116,65,65,9,0,51,10
Stacy Coley,11974,WR,MIAMI FL,12,36.5,0,220,61.1,,66.6,0,0,0,0.0,0.0,,0,0,0,116,0,0,0,318,0,198,0,0,116,0
Ryan Jackson,17196,HB,HOUSTON,13,28.0,0,182,77.2,74.3,73.2,0,4,58,24.8,24.2,96.6,0,4,0,116,0,0,0,414,59,244,0,0,57,0
Dominic Rufran,15683,WR,WYOMING,12,24.8,0,351,68.0,,54.2,0,0,0,0.0,0.0,,0,0,0,116,0,0,0,468,0,346,0,0,116,0
Chevaughn Lawrence,15695,WR,ARMY,11,84.7,0,114,60.3,,80.0,0,0,0,0.0,0.0,,1,0,0,116,0,0,0,137,0,21,0,0,116,0
Reilly O'Toole,14421,QB,ILLINOIS,10,26.5,0,187,74.8,,60.0,0,0,0,0.0,0.0,,2,0,0,116,0,0,0,438,0,265,0,0,116,0
Ernest Calhoun,47950,WR,KENT STATE,11,29.1,0,201,60.7,,63.9,0,0,0,0.0,0.0,,1,0,0,116,0,0,0,399,0,277,0,0,116,6
Wes Brown,23144,HB,MARYLAND,12,32.7,0,215,66.3,43.8,75.9,2,1,52,27.8,28.8,93.3,1,5,2,116,0,0,0,355,55,191,0,0,61,2
Jalen Williams,47734,WR,UMASS,11,28.7,0,216,60.7,,77.5,0,0,0,0.0,0.0,,2,0,0,115,0,0,0,401,0,282,0,0,115,0
C.J. Beathard,11859,QB,IOWA,8,47.1,0,192,67.5,,60.0,0,0,0,0.0,0.0,,0,0,0,115,0,0,0,244,0,112,0,0,115,0
Austin Moreton,46626,G,ARK STATE,9,100.0,0,113,59.2,72.6,55.8,0,2,49,100.0,100.0,98.0,0,2,0,114,26,55,0,114,50,50,33,0,64,0
Dennis Turner,28444,WR,FIU,12,46.3,0,166,50.6,,60.7,0,0,0,0.0,0.0,,0,0,0,114,0,0,0,246,0,132,0,0,114,0
Miles Shuler,11382,WR,NWESTERN,8,32.3,0,256,61.4,,68.8,0,0,0,0.0,0.0,,0,0,0,114,0,0,0,353,0,233,0,0,114,2
Hyleck Foster,31819,WR,MARSHALL,12,47.1,0,214,67.6,,58.4,0,0,0,0.0,0.0,,2,0,0,114,0,0,0,242,0,126,0,0,114,0
Matt Jones,9528,HB,FLORIDA,11,28.9,0,163,68.4,55.3,71.0,1,6,55,34.0,33.5,90.0,1,9,2,114,0,0,0,395,57,170,0,0,57,0
Canaan Severin,10896,WR,VIRGINIA,12,27.3,0,335,73.8,,67.2,0,0,0,0.0,0.0,,0,0,0,114,0,0,0,418,0,304,0,0,114,0
Terrel Hunt,17224,QB,SYRACUSE,5,34.7,0,304,73.9,,60.0,0,0,0,0.0,0.0,,3,0,0,113,0,0,0,326,0,179,0,0,113,1
T.J. Lowder,17928,WR,FIU,11,47.7,0,166,57.7,,52.4,0,0,0,0.0,0.0,,0,0,0,113,0,0,0,237,0,124,0,0,113,0
Ray Hudson,47739,TE,CAL,10,66.1,0,130,64.2,76.3,54.8,0,0,10,16.1,15.9,100.0,1,0,0,113,0,0,4,171,11,69,0,3,102,62
Jordan Fredrick,19773,WR,WISCONSIN,14,43.5,0,349,63.7,70.5,85.7,0,0,2,1.4,1.3,100.0,0,0,0,113,0,0,0,260,2,149,0,0,111,0
Jarad Martin,15289,G,LA LAFAYET,9,100.0,0,207,64.1,63.3,65.9,0,3,44,100.0,100.0,96.6,1,3,0,113,0,77,36,113,44,44,0,0,69,0
Austin Ramesh,30815,FB,WISCONSIN,6,85.6,0,349,88.0,84.3,85.9,0,0,13,41.9,40.6,100.0,0,0,0,113,0,0,0,132,13,32,0,0,100,0
Cody Elenz,11039,G,IDAHO,5,100.0,0,185,52.9,26.4,61.0,1,8,83,100.0,100.0,94.6,0,9,0,113,0,57,0,113,88,88,56,0,25,0
Ricky Ortiz,47053,FB,OREGON ST,12,64.2,0,265,74.5,85.8,78.6,0,0,18,23.4,22.2,100.0,0,0,0,113,0,0,0,176,18,81,0,0,95,2
Terron Ward,9778,HB,OREGON ST,10,27.4,0,265,72.1,66.1,54.7,1,2,77,32.6,34.8,96.8,0,4,1,113,0,0,0,412,87,250,0,0,26,0
Braylon Heard,10293,HB,KENTUCKY,11,29.1,0,202,57.0,63.9,58.4,0,4,61,24.0,24.3,96.7,0,4,0,113,0,0,0,388,64,263,0,0,49,0
Scott Harding,14329,WR,HAWAII,12,28.7,0,180,61.0,,58.4,0,0,0,0.0,0.0,,0,0,0,113,0,0,0,394,0,281,0,0,113,3
Marcus Murphy,9663,HB,MISSOURI,14,22.6,0,229,68.9,75.6,65.0,0,1,63,24.0,24.5,99.2,1,1,0,113,0,0,0,499,68,277,0,0,45,0
Devin Pike,47315,TE,WAKE,12,60.9,0,339,48.5,43.3,49.2,0,1,9,11.4,12.2,94.4,0,1,0,112,0,0,0,184,10,82,0,0,102,142
Austin Robinson,38520,QB,UTSA,8,31.9,1,331,39.0,,60.1,0,0,0,0.0,0.0,,2,0,0,112,0,0,0,351,0,184,0,0,112,0
Darvin Kidsy,23254,WR,N TEXAS,12,36.4,0,251,52.3,,59.8,0,0,0,0.0,0.0,,0,0,0,112,0,0,0,308,0,196,0,0,112,0
Rob Sterling,12576,FB,N ILLINOIS,13,93.3,0,254,66.6,77.9,67.2,0,0,8,53.3,52.9,100.0,1,0,0,112,0,0,0,120,9,17,0,0,103,18
Andrew Turzilli,10112,WR,RUTGERS,11,44.8,0,278,72.0,,78.7,0,0,0,0.0,0.0,,2,0,0,112,0,0,0,250,0,138,0,0,112,0
Elijhaa Penny,11300,HB,IDAHO,11,29.2,0,185,60.6,77.3,75.2,0,3,95,43.4,43.7,98.4,1,3,0,112,0,0,0,383,101,231,0,0,11,0
LeKendrick Williams,13553,WR,FRESNO ST,9,37.0,0,169,47.8,,63.2,0,0,0,0.0,0.0,,2,0,0,112,0,0,0,303,0,185,0,0,112,0
Conner Floyd,16802,WR,TULSA,12,28.6,0,320,52.3,74.3,62.8,0,0,4,1.5,1.8,100.0,0,0,0,112,0,0,0,392,5,285,0,0,107,0
Martize Barr,14418,WR,ILLINOIS,12,29.0,0,187,58.3,,77.4,0,0,0,0.0,0.0,,2,0,0,111,0,0,0,383,0,272,0,0,111,0
Shaquille Powell,37814,HB,DUKE,13,28.1,1,154,73.2,87.8,71.7,0,1,47,24.7,25.8,98.9,1,1,0,111,0,0,0,395,51,198,0,0,60,0
Shadrach Thornton,18797,HB,NC STATE,13,29.1,0,248,76.9,42.5,63.9,1,6,67,39.9,40.7,91.8,0,9,2,111,0,0,0,382,72,177,0,0,39,3
Robby Wells III,44984,TE,RICE,12,67.7,0,275,35.5,33.8,46.6,0,0,4,7.3,7.0,100.0,1,0,0,111,0,0,0,164,4,57,0,0,107,110
Keith Rucker Jr.,47203,TE,GA STATE,10,74.0,0,175,61.5,68.8,55.2,1,0,16,29.6,30.4,96.9,0,1,0,111,0,0,2,150,17,56,0,0,94,98
Drew Morgan,48073,WR,ARKANSAS,12,65.3,0,111,70.6,,79.2,0,0,0,0.0,0.0,,1,0,0,111,0,0,0,170,0,59,0,0,111,14
James Mayden,48232,WR,RICE,13,47.0,0,275,55.9,,70.2,0,0,0,0.0,0.0,,1,0,0,111,0,0,0,236,0,125,0,0,111,0
Walter Tucker,39407,FB,MIAMI FL,12,81.0,0,220,57.0,69.3,57.7,1,0,8,24.2,28.6,93.7,1,1,0,111,0,0,0,137,10,35,0,0,101,0
Marlin Lane,15271,HB,TENNESSEE,12,36.4,0,307,68.6,72.7,80.2,1,1,42,28.8,28.5,97.6,0,2,0,111,0,0,0,305,43,151,0,0,68,0
Kenneth Harper,10068,HB,TEMPLE,12,29.3,0,306,69.1,75.9,82.8,0,3,66,27.7,27.2,97.7,0,3,0,111,0,0,0,379,67,246,0,0,44,1
Devin O'Connor,23379,TE,NC STATE,13,94.9,0,248,59.5,39.1,61.1,0,0,5,50.0,45.5,80.0,0,1,1,111,0,0,0,117,5,11,0,0,106,93
Travis Greene,17162,HB,BOWL GREEN,12,21.2,2,122,70.5,65.4,76.7,1,5,92,29.8,29.4,96.7,2,6,0,111,0,0,0,523,95,323,0,0,16,0
Alonzo Harris,9926,HB,LA LAFAYET,12,31.2,0,207,65.2,29.7,58.3,1,2,41,36.9,38.8,96.3,2,3,0,110,0,0,0,353,45,116,0,0,65,0
K.C. Nlemchi,19249,HB,SMU,9,50.7,0,287,64.8,88.3,57.0,1,2,89,60.1,60.6,98.3,0,3,0,110,0,0,0,217,94,155,0,0,16,0
Dominique Threatt,46704,G,USF,3,100.0,1,327,56.9,25.5,67.3,2,4,58,100.0,100.0,93.1,2,7,1,110,0,0,0,110,61,61,110,0,49,0
Damoun Patterson,30366,WR,UTAH ST,11,55.6,0,329,47.5,67.1,68.4,0,0,1,1.3,1.1,100.0,3,0,0,110,0,0,0,198,1,89,0,0,109,2
Terrence Magee,9864,HB,LSU,13,33.3,1,211,70.7,81.2,59.6,0,2,58,36.5,36.3,98.3,2,2,0,110,0,0,0,330,61,168,0,0,49,0
Marteze Waller,17499,HB,FRESNO ST,14,19.1,0,169,73.9,88.4,64.8,0,1,50,17.8,18.2,99.0,1,1,0,110,0,0,0,576,53,292,0,0,57,0
Rod Moore,16047,HB,CINCINNATI,13,25.1,0,138,67.0,70.1,70.7,0,4,82,32.2,32.2,97.6,0,4,0,110,0,0,0,439,88,273,0,0,22,0
Mark Beard,13766,T,GEORGIA,7,100.0,0,173,62.6,73.5,59.1,0,0,29,100.0,100.0,100.0,0,0,0,110,0,0,110,110,31,31,0,0,79,0
Munchie Legaux,16048,QB,CINCINNATI,7,50.7,0,138,62.4,,60.2,0,0,0,0.0,0.0,,2,0,0,109,0,0,0,215,0,94,0,0,109,0
Tyler Barron,18608,TE,MIDDLE TN,9,74.1,0,224,72.4,49.1,71.1,0,1,17,32.1,34.5,97.1,1,1,0,109,0,0,3,147,20,58,0,4,89,131
Andrew Vollert,47198,TE,S JOSE ST,12,30.2,0,285,60.9,43.8,55.7,1,0,6,2.4,3.1,91.7,0,1,0,108,0,0,1,358,8,258,0,0,100,122
John Tsimis,48239,WR,RUTGERS,12,35.3,0,278,64.6,,81.5,0,0,0,0.0,0.0,,0,0,0,108,0,0,0,306,0,197,0,0,108,1
Jowan Davis,45928,HB,RICE,13,20.8,0,275,56.1,64.6,55.7,1,1,60,28.2,27.7,98.3,1,2,0,108,0,0,0,518,62,224,0,0,46,0
Matt Dayes,12006,HB,NC STATE,13,25.8,0,248,76.1,60.3,65.7,0,5,62,24.6,24.0,96.0,2,5,0,108,0,0,0,418,64,267,0,0,44,3
Austin Carr,12215,WR,NWESTERN,12,51.2,0,256,54.4,68.6,46.6,0,0,2,2.0,1.9,100.0,1,0,0,108,0,0,0,211,2,105,0,0,106,14
Austin Schlottmann,30097,C,TCU,8,100.0,0,305,67.3,61.4,68.2,0,1,40,100.0,100.0,98.7,1,1,0,107,90,17,0,107,42,42,0,0,65,0
Stephen Louis,47458,WR,NC STATE,10,58.8,0,248,58.2,,65.0,0,0,0,0.0,0.0,,2,0,0,107,0,0,0,182,0,75,0,0,107,0
Tyler Allen,14306,WR,E MICHIGAN,10,36.5,2,160,53.5,,60.3,0,0,0,0.0,0.0,,2,0,0,107,0,0,0,293,0,174,0,0,107,2
Charone Peake,10875,WR,CLEMSON,7,45.5,0,140,62.3,,55.0,0,0,0,0.0,0.0,,0,0,0,107,0,0,0,235,0,128,0,0,107,0
Cam McDaniel,14966,HB,NOTRE DAME,13,35.5,0,258,62.8,71.4,62.6,2,2,73,40.1,39.4,97.3,0,4,0,107,0,0,0,301,76,193,0,0,31,0
Cameron Posey,47639,WR,PURDUE,11,31.0,0,273,57.1,,58.5,0,0,0,0.0,0.0,,0,0,0,107,0,0,0,345,0,238,0,0,107,1
Andrew Dean,12778,TE,NEW MEX ST,12,72.8,0,242,50.7,76.6,55.6,0,0,17,30.9,29.8,100.0,0,0,0,107,0,0,0,147,17,57,0,2,90,108
Joel German,13227,WR,W KENTUCKY,13,30.8,0,346,65.0,,53.3,0,0,0,0.0,0.0,,1,0,0,107,0,0,0,347,0,240,0,0,107,4
Tacoi Sumler,13854,WR,APP STATE,12,46.1,0,108,63.4,,65.5,0,0,0,0.0,0.0,,0,0,0,107,0,0,0,232,0,125,0,0,107,0
Brandon Clemons,46617,G,MICH STATE,10,99.1,0,223,64.7,71.9,63.0,0,0,18,94.7,94.7,100.0,0,0,0,107,0,0,0,108,18,19,66,0,89,42
Brendan Downs,15268,TE,TENNESSEE,12,75.7,0,307,53.0,48.2,64.8,0,0,14,29.2,30.6,100.0,1,0,0,106,0,0,0,140,15,49,0,0,91,127
Aaron Grubb,17024,WR,UTSA,12,34.8,0,331,62.0,,61.3,0,0,0,0.0,0.0,,1,0,0,106,0,0,0,305,0,197,0,0,106,0
Ryan Onkka,15949,TE,S ALABAMA,12,64.6,0,288,58.7,35.1,66.5,0,1,3,5.1,6.5,83.3,2,1,0,106,0,0,0,164,4,62,1,0,102,104
Eason Fromayan,46240,T,GA TECH,5,100.0,0,176,60.0,81.7,56.1,0,0,25,100.0,100.0,100.0,0,0,0,106,0,0,75,106,28,28,0,26,78,5
Nathan Marcus,47281,TE,VANDERBILT,12,52.0,0,333,53.3,71.6,52.9,0,0,5,5.4,5.8,100.0,2,0,0,106,0,0,0,204,6,104,0,0,100,108
Tyler Evans,15081,G,OKLAHOMA,6,100.0,0,261,82.7,87.6,81.7,0,0,48,100.0,100.0,100.0,0,0,0,106,0,0,0,106,50,50,106,0,56,0
Josh Ferguson,10907,HB,ILLINOIS,13,22.6,0,187,72.9,43.7,62.4,0,4,66,24.4,24.4,95.5,0,5,1,106,0,0,0,468,70,287,0,0,36,0
Jarrod Lynn,18898,FB,N TEXAS,12,85.5,0,251,73.1,72.9,63.3,0,0,1,14.3,25.0,100.0,1,0,0,106,0,0,0,124,2,8,0,0,104,9
Jarvis Bentley,17531,WR,TROY,11,54.9,1,318,50.7,,60.0,0,0,0,0.0,0.0,,1,0,0,106,0,0,0,193,0,86,0,0,106,0
Jauan Wesley,28630,WR,IOWA STATE,8,34.1,0,193,51.8,,65.8,0,0,0,0.0,0.0,,1,0,0,105,0,0,0,308,0,203,0,0,105,0
Gabe Fuselier,47634,WR,LA LAFAYET,13,43.4,0,207,73.5,,67.2,0,0,0,0.0,0.0,,0,0,0,105,0,0,0,242,0,137,0,0,105,0
Jonathan Williams,21322,WR,WAKE,7,48.6,0,339,58.2,,64.5,0,0,0,0.0,0.0,,0,0,0,105,0,0,0,216,0,111,0,0,105,0
Connor Peters,12757,TE,BOISE ST,9,93.8,0,120,79.3,73.6,79.5,0,0,5,41.7,46.2,100.0,1,0,0,105,0,0,4,112,6,13,0,12,99,86
Mason Rudolph,46569,QB,OKLA STATE,3,48.8,0,262,72.3,,60.1,0,0,0,0.0,0.0,,1,0,0,105,0,0,0,215,0,108,0,0,105,0
Nate Cole,38556,WR,CINCINNATI,13,54.5,0,138,70.9,,78.3,0,0,0,0.0,0.0,,0,0,0,104,0,0,0,191,0,87,0,0,104,2
Anthony Rice,47747,WR,C MICHIGAN,13,36.2,0,134,66.1,,58.7,0,0,0,0.0,0.0,,0,0,0,104,0,0,0,287,0,182,0,0,104,1
Richard Mullaney,11167,WR,OREGON ST,6,35.4,0,265,65.7,,65.1,0,0,0,0.0,0.0,,1,0,0,104,0,0,0,294,0,190,0,0,104,0
Da'Mari Scott,39588,WR,FRESNO ST,10,44.4,0,169,60.7,,67.4,0,0,0,0.0,0.0,,1,0,0,103,0,0,0,232,0,129,0,0,103,0
Wesley Leftwich,18628,WR,MISSOURI,12,51.2,0,229,51.0,,60.2,0,0,0,0.0,0.0,,0,0,0,103,0,0,0,201,0,98,0,0,103,0
Jake Phillips,11468,TE,UNLV,13,61.3,1,325,51.4,54.7,51.8,0,0,20,25.0,23.5,100.0,2,0,0,103,0,0,1,168,20,85,0,0,83,150
Ian Sadler,47435,WR,TEXAS TECH,9,30.5,0,315,62.0,,61.1,0,0,0,0.0,0.0,,0,0,0,103,0,0,0,338,0,235,0,0,103,0
Austin Proehl,48223,WR,N CAROLINA,12,42.2,0,245,54.8,,48.1,0,0,0,0.0,0.0,,1,0,0,103,0,0,0,244,0,140,0,0,103,0
Charles Lovett,12990,WR,COLO STATE,13,22.3,0,144,60.6,,62.1,0,0,0,0.0,0.0,,1,0,0,103,0,0,0,461,0,356,0,0,103,0
Isaiah Wynn,46048,G,GEORGIA,8,100.0,0,173,78.4,68.6,81.1,0,0,29,100.0,100.0,100.0,1,0,0,103,0,100,0,103,29,29,0,0,74,3
Buck Jones,23866,TE,TCU,12,87.3,0,305,57.2,78.6,56.2,0,0,18,56.3,57.1,100.0,0,0,0,103,0,0,0,118,20,35,0,0,83,83
Keenan Montgomery,15619,WR,WYOMING,11,82.4,0,351,53.4,,52.7,0,0,0,0.0,0.0,,1,0,0,103,0,0,0,125,0,22,0,0,103,1
Daz'mond Patterson,18966,HB,OHIO,10,33.9,0,259,55.9,81.4,56.3,0,1,57,34.3,33.9,99.1,0,1,0,102,0,0,0,301,58,171,0,0,44,1
Lynx Hawthorne,47631,WR,BAYLOR,9,52.3,0,118,61.9,,58.2,0,0,0,0.0,0.0,,0,0,0,102,0,0,0,195,0,93,0,0,102,1
Ryan Alexander,97058,DI,ARMY,2,99.0,0,114,57.7,76.9,55.5,0,0,20,100.0,100.0,100.0,0,0,0,102,0,0,91,103,20,20,0,2,82,10
Tyler Ervin,10753,HB,S JOSE ST,12,20.4,0,285,74.9,67.8,61.8,0,2,47,16.6,17.6,95.7,1,3,1,102,0,0,0,499,51,289,0,0,51,0
Rufus Warren,18813,T,MISS STATE,7,100.0,0,227,60.5,81.4,59.5,0,0,23,100.0,100.0,100.0,2,0,0,102,0,0,17,102,24,24,0,84,78,1
Cole Freytag,47945,WR,UTEP,12,75.0,0,330,51.8,,53.0,0,0,0,0.0,0.0,,1,0,0,102,0,0,0,136,0,34,0,0,102,0
Jarred Craft,45668,HB,LA TECH,13,44.2,0,208,61.9,49.3,76.4,0,1,39,47.6,48.3,98.7,0,1,0,102,0,0,0,231,43,89,0,0,59,0
Deante Gray,12033,WR,TCU,11,28.6,0,305,78.0,,81.0,0,0,0,0.0,0.0,,1,0,0,102,0,0,0,357,0,248,0,0,102,0
Aviante Collins,12049,T,TCU,7,100.0,0,305,62.3,72.4,57.6,0,1,42,100.0,100.0,98.8,0,1,0,102,0,0,99,102,43,43,0,3,59,0
Darius Phillips,49507,WR,W MICHIGAN,12,32.3,0,347,67.5,,59.7,0,0,0,0.0,0.0,,0,0,0,102,0,0,0,316,0,211,0,0,102,0
Darius Powell,17329,WR,UAB,10,57.6,0,321,59.5,,63.6,0,0,0,0.0,0.0,,0,0,0,102,0,0,0,177,0,75,0,0,102,0
David Lewis,15226,TE,TEXAS ST,8,83.6,0,314,74.5,54.9,70.8,0,0,19,51.4,48.7,94.7,0,1,1,102,0,0,0,122,19,39,0,0,83,96
Rob Burns,19536,TE,VIRGINIA,12,76.5,0,335,71.7,57.2,81.0,0,0,6,17.1,16.2,100.0,0,0,0,101,0,0,1,132,6,37,0,0,95,117
Aaron Bradley,15002,WR,OHIO,12,45.3,0,259,57.7,,65.8,0,0,0,0.0,0.0,,0,0,0,101,0,0,0,223,0,122,0,0,101,0
Samaje Perine,11869,HB,OKLAHOMA,13,19.3,0,261,80.3,73.8,83.5,0,1,46,23.2,24.4,98.9,0,1,0,101,0,0,0,523,50,205,0,0,51,0
David Glasco II,13147,HB,UTSA,12,23.5,0,331,64.1,52.4,81.5,1,3,45,21.8,21.3,95.6,0,4,0,101,0,0,0,429,47,221,0,0,54,0
Dyshon Sims,46625,G,GEORGIA,7,100.0,0,173,66.6,85.0,63.9,0,0,29,100.0,100.0,100.0,0,0,0,100,0,0,0,100,29,29,100,0,71,0
Ralph Webb,45802,HB,VANDERBILT,12,18.4,0,333,51.9,24.3,58.2,3,6,60,22.1,21.7,90.8,1,10,1,100,0,0,0,544,63,290,0,0,37,0
Elijah McGuire,11943,HB,LA LAFAYET,13,22.1,0,207,84.9,35.3,69.4,2,3,45,20.4,19.7,94.4,0,5,0,100,0,0,0,452,45,228,0,0,55,1
Craig Frigo,16736,G,OLE MISS,6,100.0,0,226,69.7,76.8,67.9,0,1,35,100.0,100.0,98.6,0,1,0,100,0,100,0,100,37,37,0,0,63,0
Sam Kronshage,46886,T,COLORADO,3,100.0,0,143,41.3,44.3,49.3,2,6,60,100.0,100.0,90.0,2,10,2,100,0,0,100,100,62,62,0,0,38,0
Ty Slanina,47433,WR,TCU,13,23.5,0,305,56.8,,81.5,0,0,0,0.0,0.0,,1,0,0,100,0,0,0,425,0,325,0,0,100,1
Christian Powell,10892,HB,COLORADO,10,33.8,0,143,66.9,81.7,68.2,0,2,67,39.4,39.1,98.5,0,2,0,100,0,0,0,296,70,179,0,0,30,0
Macon Plewa,18458,FB,IOWA,8,79.8,0,192,65.7,23.9,68.7,0,2,9,28.1,28.1,88.9,0,2,0,99,0,0,0,124,9,32,0,0,90,0
Christian Blake,47900,WR,N ILLINOIS,14,60.0,0,254,58.3,,72.3,0,0,0,0.0,0.0,,1,0,0,99,0,0,0,165,0,66,0,0,99,0
Nardo Govan,49686,FB,GA SOUTHRN,3,94.3,0,174,69.7,63.5,65.6,0,0,19,86.4,76.9,100.0,0,0,0,99,0,0,0,105,20,26,0,0,79,34
Ricky Jones,18483,FB,LA TECH,11,92.5,0,208,78.5,69.0,79.2,0,1,11,61.1,63.2,95.5,0,1,0,99,0,0,0,107,12,19,0,0,87,16
Gregory Phillips,47470,WR,PURDUE,12,39.8,0,273,63.7,,61.3,0,0,0,0.0,0.0,,0,0,0,99,0,0,0,249,0,150,0,0,99,0
Tyler Lassiter,47009,T,TROY,8,100.0,0,318,42.8,32.3,47.0,1,3,45,100.0,100.0,91.1,1,6,2,98,0,0,62,98,47,47,0,36,51,0
Willie Byrn,15511,WR,VA TECH,13,24.3,0,337,63.6,,62.7,0,0,0,0.0,0.0,,0,0,0,98,0,0,0,403,0,305,0,0,98,2
Carl Caldwell,14943,WR,N TEXAS,12,35.4,0,251,51.2,,71.1,0,0,0,0.0,0.0,,0,0,0,98,0,0,0,277,0,179,0,0,98,0
Kevin Haplea,10037,TE,FLORIDA ST,14,86.7,0,167,57.6,49.6,56.1,0,0,6,30.0,31.8,100.0,0,0,0,98,0,0,0,113,7,22,0,0,91,110
Gus Walley,23317,TE,MISS STATE,12,65.8,0,227,53.7,74.0,63.1,0,0,9,15.5,16.4,100.0,1,0,0,98,0,0,0,149,10,61,0,0,88,64
Brayden Lenius,84022,WR,WASHINGTON,13,48.0,0,340,56.5,,70.6,0,0,0,0.0,0.0,,2,0,0,98,0,0,0,204,0,106,0,0,98,0
Kendrick Singleton,19382,WR,N CAROLINA,10,41.5,0,245,65.7,74.3,80.2,0,0,6,4.2,4.8,100.0,1,0,0,98,0,0,0,236,7,145,0,0,91,6
Garrett Weinreich,23675,G,OREGON ST,2,100.0,0,265,67.8,79.2,73.1,0,1,56,100.0,100.0,97.3,2,2,1,98,0,98,0,98,60,60,0,0,38,0
Jayme Taylor,45010,TE,NWESTERN,12,51.0,0,256,55.0,72.9,65.8,0,0,7,7.1,6.9,100.0,0,0,0,98,0,0,0,192,7,101,0,0,91,69
Antonio Underwood,19200,G,OHIO STATE,6,100.0,0,260,72.3,36.1,72.6,1,0,21,100.0,100.0,97.6,0,1,0,98,20,10,0,98,21,21,68,0,77,0
Marvin Shinn,20535,WR,S ALABAMA,7,48.7,0,288,62.6,,71.5,0,0,0,0.0,0.0,,0,0,0,97,0,0,0,199,0,102,0,0,97,0
Matthew Oubre,26247,C,LA MONROE,4,100.0,0,209,62.8,59.3,62.7,0,2,70,100.0,100.0,98.6,0,2,0,97,92,3,0,97,74,74,2,0,23,0
Alex Mut,47357,WR,USF,11,64.2,0,327,55.2,,73.3,0,0,0,0.0,0.0,,0,0,0,97,0,0,0,151,0,54,0,0,97,0
Steward Butler,18225,HB,MARSHALL,12,37.6,0,214,76.8,84.2,67.8,0,2,74,59.7,59.5,98.6,0,2,0,97,0,0,0,258,78,131,0,0,19,0
Anthony Joyner,12721,TE,NEW MEX ST,11,86.6,0,242,69.6,76.3,75.3,0,0,6,30.0,34.8,100.0,1,0,0,97,0,0,0,112,8,23,0,0,89,62
Johnathan Gray,19507,HB,TEXAS,13,22.0,0,311,61.6,55.9,62.3,1,2,50,21.2,22.0,95.0,1,4,1,97,0,0,0,440,55,250,0,0,42,0
Karlos Williams,9588,HB,FLORIDA ST,12,20.6,1,167,73.5,63.0,73.0,0,5,61,22.0,22.8,95.9,4,5,0,97,0,0,0,472,66,289,0,0,31,0
Tyreek Hill,10799,HB,OKLA STATE,12,28.4,0,262,81.5,46.9,57.4,0,2,38,21.8,21.7,97.4,0,2,0,97,0,0,0,342,39,180,0,0,58,0
Nick England,23677,WR,DOMINION,10,35.8,0,263,57.1,,61.2,0,0,0,0.0,0.0,,0,0,0,97,0,0,0,271,0,174,0,0,97,0
Spencer McInnis,20451,HB,MIAMI OH,10,46.9,0,221,67.4,69.6,61.6,1,2,74,62.2,61.5,96.6,0,4,1,97,0,0,0,207,75,122,0,0,22,0
Max DeLorenzo,17120,HB,UCONN,12,38.7,1,146,57.8,71.8,58.9,2,2,82,53.6,53.1,96.3,2,5,1,96,0,0,0,248,85,160,0,0,11,0
Kenneth Towns,22130,WR,GEORGIA,11,64.9,0,173,61.3,,70.6,0,0,0,0.0,0.0,,1,0,0,96,0,0,0,148,0,52,0,0,96,0
Boone Niederhofer,21514,WR,TEXAS A&M,13,31.7,0,312,63.9,,54.3,0,0,0,0.0,0.0,,0,0,0,96,0,0,0,303,0,207,0,0,96,0
Michael Montero,22596,C,FIU,5,100.0,0,166,71.3,65.8,68.5,0,2,31,100.0,100.0,96.8,0,2,0,95,95,0,0,95,32,32,0,0,63,0
Ryan Longoria,18166,WR,GA SOUTHRN,7,84.8,0,174,57.3,,61.1,0,0,0,0.0,0.0,,0,0,0,95,0,0,0,112,0,17,0,0,95,0
Javorius Allen,9558,HB,USC,13,14.5,2,326,77.5,56.5,59.5,1,5,68,20.1,20.3,91.2,3,9,3,95,0,0,0,654,71,349,0,0,24,0
Dominick Jackson,11089,T,ALABAMA,7,100.0,0,103,88.7,79.7,85.1,1,0,34,100.0,100.0,98.5,0,1,0,95,0,0,0,95,35,35,0,89,60,4
Jon Baker,45566,T,BOSTON COL,10,100.0,0,121,58.7,77.5,55.9,0,0,22,100.0,100.0,100.0,0,0,0,95,0,51,19,95,23,23,4,6,72,13
Marken Michel,10980,WR,UMASS,12,23.8,0,216,59.4,80.2,64.8,0,0,10,3.5,3.4,100.0,0,0,0,94,0,0,0,395,10,294,0,0,84,18
Jordan White,21695,TE,COLO STATE,12,66.7,0,144,59.3,63.3,66.0,0,1,8,15.4,14.5,93.7,1,1,0,94,0,0,0,141,8,55,0,0,86,104
Cole Gautsche,47093,QB,NEW MEXICO,6,57.3,0,241,63.5,,60.0,0,0,0,0.0,0.0,,1,0,0,94,0,0,0,164,0,33,0,0,94,0
Marcus McGill,47629,WR,BUFFALO,11,32.6,0,126,73.9,,89.0,0,0,0,0.0,0.0,,0,0,0,94,0,0,0,288,0,194,0,0,94,0
D.J. Vinson,17526,HB,UAB,12,26.6,1,321,64.5,44.0,48.6,1,2,57,38.8,39.3,93.9,2,5,2,94,0,0,0,354,59,150,0,0,35,0
Vincent Lowe,29755,WR,DOMINION,10,33.1,0,263,52.2,,59.3,0,0,0,0.0,0.0,,1,0,0,94,0,0,0,284,0,182,0,0,94,0
Ron Johnson,45795,HB,UCONN,12,34.6,0,146,67.6,53.0,57.1,0,5,64,51.2,50.8,94.5,0,6,1,94,0,0,0,272,66,130,0,0,28,0
Akeem Daniels,12579,HB,N ILLINOIS,11,33.3,0,254,66.4,49.6,62.4,1,2,35,23.6,23.5,90.0,0,5,2,94,0,0,0,282,36,153,0,0,58,0
Vic Wharton III,47751,WR,TENNESSEE,9,58.0,0,307,56.6,,61.8,0,0,0,0.0,0.0,,0,0,0,94,0,0,0,162,0,68,0,0,94,0
Dominique Rhymes,39627,WR,FIU,8,45.6,0,166,51.6,,63.5,0,0,0,0.0,0.0,,1,0,0,94,0,0,0,206,0,112,0,0,94,0
Jordan Smallwood,47753,WR,OKLAHOMA,6,70.1,1,261,49.8,,54.6,0,0,0,0.0,0.0,,1,0,0,94,0,0,0,134,0,40,0,0,94,1
Michael Roberts,11882,TE,TOLEDO,10,60.3,0,316,58.0,68.1,58.0,0,0,2,3.3,3.1,100.0,0,0,0,94,0,0,0,156,2,64,0,0,92,73
Alex Collins,10805,HB,ARKANSAS,13,26.5,0,111,77.1,78.9,57.7,0,2,76,58.5,59.3,98.7,0,2,0,94,0,0,0,355,80,135,0,0,14,1
Matt Davis,46456,QB,SMU,10,24.2,0,287,46.8,,60.0,0,0,0,0.0,0.0,,3,0,0,93,0,0,0,384,0,249,0,0,93,0
David Sharpe,11884,T,FLORIDA,6,100.0,0,163,62.1,77.2,56.1,0,1,40,100.0,100.0,98.7,0,1,0,93,0,0,93,93,40,40,0,0,53,0
Noah Brown,11993,WR,OHIO STATE,9,73.2,0,260,59.5,,80.1,0,0,0,0.0,0.0,,0,0,0,93,0,0,0,127,0,33,0,0,93,0
Clay Fuller,14142,WR,BAYLOR,10,45.6,0,118,69.9,,65.9,0,0,0,0.0,0.0,,0,0,0,93,0,0,0,204,0,111,0,0,93,0
Leon Allen,17118,HB,W KENTUCKY,13,12.9,0,346,70.9,51.8,54.7,0,5,75,17.9,17.8,95.3,0,6,1,93,0,0,0,723,77,432,0,0,16,3
Rickey Galvin,12832,WR,WASH STATE,11,17.1,0,341,59.3,,74.0,0,0,0,0.0,0.0,,0,0,0,93,0,0,0,545,0,452,0,0,93,0
Justin Jackson,29539,HB,NWESTERN,12,17.2,0,256,84.0,62.1,61.8,1,3,61,24.0,25.0,95.1,0,5,1,93,0,0,0,541,67,268,0,0,26,0
Zack Langer,16743,HB,TULSA,10,20.7,1,320,69.1,64.7,74.9,0,5,69,30.8,31.2,96.4,3,5,0,93,0,0,0,450,73,234,0,0,20,0
Rodney Adams,11925,WR,USF,10,27.7,3,327,61.4,,69.9,0,0,0,0.0,0.0,,3,0,0,93,0,0,0,336,0,237,0,0,93,0
Isaac Bennett,38824,HB,PITTSBURGH,13,38.9,0,268,66.2,85.6,60.4,0,1,60,40.5,40.6,99.2,0,1,0,93,0,0,0,239,65,160,0,0,28,0
Nigel Carter,47657,WR,TULSA,12,42.9,0,320,48.3,,60.6,0,0,0,0.0,0.0,,0,0,0,93,0,0,1,217,0,124,0,0,93,0
Greg Taboada,47086,TE,STANFORD,13,47.9,0,300,56.5,71.6,61.0,0,0,1,1.0,1.0,100.0,0,0,0,93,0,0,3,194,1,102,0,1,92,75
Chris Dadson,21662,FB,S JOSE ST,12,84.5,0,285,62.7,49.8,68.7,0,2,9,47.4,45.0,88.9,1,2,0,93,0,0,0,110,9,20,0,0,84,55
Tyler McCulloch,13203,WR,COLORADO,12,21.1,0,143,65.7,,68.3,0,0,0,0.0,0.0,,0,0,0,93,0,0,0,441,0,348,0,0,93,17
Herb Waters,11520,WR,MIAMI FL,11,38.9,0,220,69.7,,80.8,0,0,0,0.0,0.0,,0,0,0,93,0,0,0,239,0,145,0,0,93,0
Chris Loving,18899,TE,N TEXAS,9,83.8,0,251,68.6,77.2,70.6,0,0,12,40.0,40.0,100.0,0,0,0,93,0,0,0,111,12,30,0,0,81,71
Dylan Utter,23411,G,NEBRASKA,7,100.0,0,238,58.8,25.6,66.2,1,3,33,100.0,100.0,93.9,1,4,0,92,31,61,0,92,34,34,0,0,58,0
Nathan Guertler,13801,T,USC,5,100.0,0,326,53.5,34.0,58.0,0,2,34,100.0,100.0,94.1,0,3,1,92,0,0,23,92,35,35,0,67,57,2
Jeremiah Gaines,47070,WR,SMU,9,33.9,0,287,54.7,70.1,60.1,0,0,3,1.7,1.6,100.0,0,0,0,92,0,0,0,271,3,182,0,0,89,7
Shadrach Abrokwah,38133,HB,UMASS,8,25.4,0,216,59.3,35.0,56.8,1,3,73,34.1,35.1,93.2,0,7,3,92,0,0,0,362,79,225,0,0,13,2
Alex De La Torre,19585,FB,TEXAS,13,85.2,0,311,66.0,46.7,67.0,0,0,12,44.4,42.9,100.0,0,0,0,92,0,0,0,108,12,28,0,0,80,2
Donnel Pumphrey,11887,HB,S DIEGO ST,13,17.7,0,284,74.2,78.1,56.8,1,1,49,25.9,25.5,98.0,3,2,0,92,0,0,0,519,50,196,0,0,42,1
Jimmy Chung,21404,G,LA MONROE,2,100.0,0,209,50.5,29.8,52.7,0,6,55,100.0,100.0,94.5,0,6,0,92,0,18,0,92,57,57,74,0,35,0
Brandon Radcliff,12129,HB,LOUISVILLE,11,26.7,0,210,73.1,66.4,59.0,1,1,64,38.8,37.2,96.9,2,3,1,92,0,0,0,344,64,172,0,0,28,1
Clay Machen,24729,G,S ALABAMA,4,100.0,0,288,62.7,65.1,65.1,0,3,55,100.0,100.0,95.5,1,4,1,92,0,0,43,92,56,56,18,31,36,0
Boomer Brock,37769,FB,BUFFALO,9,90.1,0,126,61.3,78.3,64.5,0,0,8,44.4,50.0,100.0,3,0,0,91,0,0,0,101,10,20,0,0,81,0
Blake Jurich,12937,QB,S JOSE ST,5,40.4,0,285,51.9,,60.0,0,0,0,0.0,0.0,,0,0,0,91,0,0,0,225,0,116,0,0,91,0
Tim Crawley,47574,HB,S JOSE ST,11,27.5,0,285,64.6,75.2,55.5,0,0,3,1.5,1.4,100.0,0,0,0,91,0,0,0,331,3,210,0,0,88,0
Garrett Johnson,47450,WR,KENTUCKY,12,31.1,0,202,63.6,,72.3,0,0,0,0.0,0.0,,0,0,0,91,0,0,0,293,0,202,0,0,91,4
Gabe Roberts,23681,C,PITTSBURGH,3,100.0,0,268,61.6,83.0,58.2,0,0,27,100.0,100.0,100.0,0,0,0,90,90,0,0,90,27,27,0,0,63,0
Romar Morris,11415,HB,N CAROLINA,12,30.4,0,245,64.7,33.1,68.9,2,7,33,19.5,19.9,80.3,0,11,2,90,0,0,0,296,35,176,0,0,55,0
Trey Rutherford,27256,G,UCONN,12,100.0,0,146,71.0,54.6,72.0,0,1,34,100.0,100.0,98.5,0,1,0,90,0,56,34,90,37,37,0,0,53,0
Cam Sims,47908,WR,ALABAMA,12,56.6,0,103,61.7,,83.9,0,0,0,0.0,0.0,,0,0,0,90,0,0,0,159,0,69,0,0,90,1
Tad Ecby,18318,WR,IOWA STATE,11,37.7,0,193,60.1,,69.2,0,0,0,0.0,0.0,,0,0,0,90,0,0,0,239,0,149,0,0,90,0
Tyler Purvis,14843,FB,NC STATE,13,63.4,0,248,71.4,33.7,61.1,0,1,7,13.0,11.9,92.9,1,1,0,90,0,0,0,142,7,59,0,0,83,108
Trenton Turrentine,15628,FB,ARMY,8,83.3,0,114,73.2,73.1,60.9,0,0,3,37.5,37.5,100.0,0,0,0,90,0,0,0,108,3,8,0,0,87,47
Jarvis Cooper,28872,HB,MEMPHIS,10,45.2,0,218,70.7,74.7,72.0,1,0,44,60.3,59.2,98.9,0,1,0,90,0,0,0,199,45,76,0,0,45,0
Broderick Snoddy,17402,TE,GA TECH,9,68.2,0,176,93.1,67.6,57.3,0,0,2,15.4,14.3,100.0,0,0,0,90,0,0,0,132,2,14,0,0,88,58
Zach Hovey,29018,T,MIAMI OH,7,92.7,0,221,49.4,61.4,58.7,0,0,30,85.7,82.9,100.0,2,0,0,89,0,0,0,96,34,41,0,4,55,92
Connor McLaurin,12405,FB,S CAROLINA,13,72.4,0,289,63.0,83.1,61.2,0,0,32,50.0,48.5,100.0,0,0,0,89,0,0,0,123,32,66,0,0,57,1
John O'Korn,46515,QB,HOUSTON,7,29.2,0,182,45.5,,60.5,0,0,0,0.0,0.0,,1,0,0,89,0,0,0,305,0,205,0,0,89,0
James Cox,23742,WR,SO MISS,11,35.9,1,296,70.3,,72.7,0,0,0,0.0,0.0,,2,0,0,89,0,0,0,248,0,159,0,0,89,1
Dennis Norfleet,18493,WR,MICHIGAN,11,38.5,0,222,60.0,,70.9,0,0,0,0.0,0.0,,0,0,0,89,0,0,0,231,0,133,0,0,89,7
Christian Chamagua,23928,G,SMU,3,100.0,0,287,69.6,52.9,74.1,1,5,51,100.0,100.0,94.1,0,6,0,89,0,52,0,89,53,53,0,37,36,0
William Barns,29850,C,SMU,1,100.0,0,287,61.5,70.6,54.3,1,0,72,100.0,100.0,99.3,0,1,0,89,89,0,0,89,76,76,0,0,13,0
David Dudeck,17897,HB,BOSTON COL,11,43.4,0,121,69.5,,62.9,0,0,0,0.0,0.0,,0,0,0,89,0,0,0,205,0,116,0,0,89,2
Michael Rector,12189,WR,STANFORD,13,25.2,0,300,58.5,,78.4,0,0,0,0.0,0.0,,0,0,0,89,0,0,0,353,0,262,0,0,89,1
Chad Chalich,27637,QB,IDAHO,4,46.8,0,185,66.5,,60.0,0,0,0,0.0,0.0,,1,0,0,89,0,0,0,190,0,90,0,0,89,0
Rushel Shell,12053,HB,W VIRGINIA,12,19.4,0,343,66.9,85.0,55.9,0,1,54,22.3,23.1,99.1,0,1,0,89,0,0,0,459,58,251,0,0,31,0
Aaron Green,11186,HB,TCU,13,19.4,0,305,71.6,70.5,62.0,0,2,27,10.5,10.2,96.3,1,2,0,89,0,0,0,458,27,266,0,0,62,0
Jaylen Samuels,47297,TE,NC STATE,13,65.4,0,248,86.1,71.6,48.4,0,0,4,11.4,10.8,100.0,1,0,0,89,0,0,0,136,4,37,0,0,85,74
Brandon Poncsak,12496,TE,BOWL GREEN,9,91.8,0,122,61.7,77.7,58.8,0,0,24,75.0,77.1,100.0,0,0,0,89,0,0,0,97,27,35,0,0,62,96
Marcus Gaines,47957,WR,LA TECH,12,48.4,0,208,61.0,,66.4,0,0,0,0.0,0.0,,0,0,0,89,0,0,0,184,0,92,0,0,89,0
Storm Woods,18975,HB,OREGON ST,10,25.6,0,265,78.3,72.6,56.8,1,2,72,35.6,35.5,96.5,0,4,1,89,0,0,0,348,75,211,0,0,14,4
Lamar Atkins,39472,FB,LOUISVILLE,13,85.4,0,210,77.4,76.2,79.7,0,0,5,25.0,28.6,100.0,0,0,0,88,0,0,0,103,6,21,0,0,82,5
Kameron Maye,28454,WR,GA SOUTHRN,9,84.6,0,174,58.7,,68.3,0,0,0,0.0,0.0,,0,0,0,88,0,0,0,104,0,16,0,0,88,0
Kendall Brock,14851,WR,NEVADA,12,41.9,0,239,61.2,,69.0,0,0,0,0.0,0.0,,1,0,0,88,0,0,0,210,0,122,0,0,88,0
Aaron Jones,11937,HB,UTEP,12,18.1,0,330,70.1,60.3,61.2,0,0,18,11.2,11.2,94.4,1,1,1,88,0,0,0,486,19,169,0,0,69,1
Tony Matteo,46120,C,W VIRGINIA,4,100.0,0,343,66.3,67.8,64.2,0,1,33,100.0,100.0,98.5,0,1,0,88,29,59,0,88,36,36,0,0,52,0
Clay Rolf,13073,T,BOWL GREEN,5,97.8,0,122,61.1,77.7,58.8,0,0,10,83.3,84.6,100.0,1,0,0,88,0,0,0,90,11,13,0,0,77,90
Cory White,14368,TE,FIU,11,80.7,0,166,70.0,23.1,68.4,0,1,4,16.7,19.2,87.5,1,1,0,88,0,0,0,109,5,26,0,1,83,98
Andrew Isaacs,47042,TE,MARYLAND,4,56.1,0,215,49.8,69.9,60.4,0,0,6,8.2,8.1,100.0,0,0,0,87,0,0,0,155,6,74,0,0,81,87
Jamarco Jones,46226,T,OHIO STATE,6,100.0,0,260,57.7,39.4,58.7,1,0,16,100.0,100.0,96.9,0,1,0,87,0,0,87,87,16,16,0,0,71,0
Delando Crooks,46081,G,VANDERBILT,7,100.0,0,333,57.6,35.6,60.7,2,1,48,100.0,100.0,96.9,0,3,0,87,0,84,0,87,49,49,0,0,38,0
Sherman Alston Jr.,28132,WR,BOSTON COL,13,36.7,0,121,69.4,67.7,57.4,0,0,1,0.9,0.9,100.0,0,0,0,87,0,0,0,237,1,117,0,0,86,9
Tim Boyle,21956,QB,UCONN,9,46.5,0,146,48.2,,60.0,0,0,0,0.0,0.0,,0,0,0,87,0,0,0,187,0,91,0,0,87,0
Sam Martin,48047,WR,MIAMI OH,12,23.8,0,221,63.2,65.3,61.1,0,0,1,0.4,0.4,100.0,0,0,0,87,0,0,0,365,1,279,0,0,86,3
Evan Tatford,19578,TE,LA LAFAYET,11,72.5,0,207,71.0,68.4,77.6,0,1,3,8.8,10.8,83.3,0,1,0,87,0,0,0,120,4,37,0,0,83,81
Artie Rowell,19253,C,PITTSBURGH,2,100.0,0,268,69.7,83.1,65.3,0,0,25,100.0,100.0,100.0,0,0,0,87,87,0,0,87,27,27,0,0,60,0
Archie Muniz,14747,C,MISS STATE,6,100.0,0,227,69.4,71.7,66.1,0,1,19,100.0,100.0,97.4,0,1,0,87,80,7,0,87,19,19,0,0,68,0
Anthone Taylor,18041,HB,BUFFALO,11,16.5,0,126,76.0,85.8,63.1,0,1,60,29.6,30.3,99.2,0,1,0,87,0,0,0,526,66,218,0,0,21,0
Brandon Harris,46538,QB,LSU,8,52.7,0,211,68.4,,60.0,0,0,0,0.0,0.0,,0,0,0,87,0,0,0,165,0,55,0,0,87,0
Casey Martin,19137,WR,SO MISS,11,21.2,0,296,64.9,,56.8,0,0,0,0.0,0.0,,1,0,0,87,0,0,0,411,0,324,0,0,87,0
LaQuan McGowan,37823,G,BAYLOR,11,100.0,0,118,62.7,57.0,59.2,0,1,20,100.0,100.0,97.5,1,1,0,87,0,70,2,87,20,20,0,0,67,0
R.J. Shelton,38941,WR,MICH STATE,13,41.6,0,223,68.6,,62.2,0,0,0,0.0,0.0,,1,0,0,87,0,0,0,209,0,101,0,0,87,0
Brice Ramsey,27649,QB,GEORGIA,8,68.0,0,173,58.9,,60.1,0,0,0,0.0,0.0,,0,0,0,87,0,0,0,128,0,40,0,0,87,0
Andy Dodd,28885,C,LSU,4,100.0,0,211,66.6,81.4,65.9,0,0,16,100.0,100.0,100.0,1,0,0,86,86,0,0,86,18,18,0,0,68,0
Joe Hill,15441,HB,UTAH ST,13,27.9,0,329,79.7,55.5,73.8,0,3,45,32.4,32.7,94.4,0,4,1,86,0,0,0,308,48,147,0,0,38,0
Favian Upshaw,46554,QB,GA SOUTHRN,11,55.1,0,174,90.2,,60.0,0,0,0,0.0,0.0,,0,0,0,86,0,0,0,156,0,34,0,0,86,0
Justice Hayes,18629,HB,MICHIGAN,12,33.1,0,222,61.4,77.8,60.0,1,3,72,37.3,37.3,97.2,0,4,0,86,0,0,0,260,75,201,0,0,11,0
Demarre Kitt,27496,WR,CLEMSON,9,54.8,0,140,56.4,,59.2,0,0,0,0.0,0.0,,0,0,0,86,0,0,0,157,0,71,0,0,86,0
Emeka Okafor,17096,G,HOUSTON,8,100.0,0,182,43.3,50.0,47.5,1,1,38,100.0,100.0,97.4,2,2,0,85,0,83,0,85,39,39,2,0,46,0
Shaun Wick,20099,HB,WYOMING,9,28.1,0,351,71.5,72.9,54.1,0,4,70,44.3,44.2,97.1,0,4,0,85,0,0,0,303,72,163,0,0,13,0
Kenric Young,26589,WR,UTAH,7,54.8,0,328,52.2,,72.4,0,0,0,0.0,0.0,,0,0,0,85,0,0,0,155,0,70,0,0,85,0
Bishop Louie,47472,WR,TULSA,11,36.5,0,320,68.3,,50.1,0,0,0,0.0,0.0,,0,0,0,85,0,0,0,233,0,141,0,0,85,0
Joshua Stanford,24186,WR,VA TECH,7,41.0,0,337,52.0,,43.9,0,0,0,0.0,0.0,,1,0,0,84,0,0,0,205,0,118,0,0,84,0
Demario Richard,27031,HB,ARIZONA ST,13,30.5,0,110,70.1,84.3,54.4,0,1,33,24.4,24.1,98.5,1,1,0,84,0,0,0,275,34,141,0,0,50,0
Ellis Jefferson,48347,WR,ARIZONA ST,13,49.4,0,110,69.4,,62.9,0,0,0,0.0,0.0,,0,0,0,84,0,0,0,170,0,86,0,0,84,0
Ben Riva,15537,T,WASHINGTON,4,100.0,0,340,83.5,82.9,78.3,0,0,30,100.0,100.0,100.0,0,0,0,84,0,0,0,84,31,31,0,76,53,8
Donnie King Jr.,14408,WR,HAWAII,11,32.6,0,180,57.8,71.0,65.5,0,0,2,1.2,1.1,100.0,0,0,0,84,0,0,0,258,2,176,0,0,82,2
Justin Hunt,23031,WR,MARSHALL,7,49.7,1,214,60.5,,60.6,0,0,0,0.0,0.0,,1,0,0,84,0,0,0,169,0,85,0,0,84,0
Mike McHugh,23261,WR,NWESTERN,11,42.0,1,256,52.6,63.9,58.6,0,0,1,0.9,0.9,100.0,2,0,0,84,0,0,0,200,1,117,0,0,83,0
Joel Bouagnon,12167,HB,N ILLINOIS,14,28.8,0,254,67.8,86.4,57.2,0,0,30,25.4,25.0,100.0,0,0,0,84,0,0,0,292,31,124,0,0,53,0
Braxton Berrios,47961,WR,MIAMI FL,13,29.3,0,220,60.9,,58.0,0,0,0,0.0,0.0,,0,0,0,84,0,0,0,287,0,203,0,0,84,0
Carter Wood,17138,C,ARIZONA,4,100.0,0,109,63.9,70.8,61.1,1,0,35,100.0,100.0,98.6,0,1,0,84,84,0,0,84,35,35,0,0,49,0
Marvin Hall,11440,WR,WASHINGTON,13,56.4,0,340,56.6,,63.3,0,0,0,0.0,0.0,,0,0,0,84,0,0,0,149,0,61,0,0,84,0
David Wells,34985,TE,S DIEGO ST,9,85.6,0,284,69.4,52.1,76.9,0,1,13,52.0,48.1,96.2,1,1,0,83,0,0,0,97,13,27,0,0,70,97
Chukwuma Okorafor,46302,T,W MICHIGAN,13,100.0,0,347,60.2,54.1,59.5,0,0,9,100.0,100.0,100.0,0,0,0,83,0,0,0,83,11,11,0,82,72,1
Alex Gardner,28346,HB,FIU,8,25.6,0,166,62.4,61.8,52.3,0,1,54,35.5,35.3,95.4,0,3,2,83,0,0,0,324,55,156,0,0,28,1
Freddy Canteen,29129,WR,MICHIGAN,11,40.9,0,222,45.3,,62.2,0,0,0,0.0,0.0,,0,0,0,83,0,0,0,203,0,119,0,0,83,9
Derek Patterson,16818,WR,TULSA,10,40.7,0,320,55.2,,63.2,0,0,0,0.0,0.0,,2,0,0,83,0,0,0,204,0,121,0,0,83,0
Dhameer Bradley,22014,WR,UCONN,12,32.7,0,146,50.9,,64.6,0,0,0,0.0,0.0,,0,0,0,83,0,0,0,254,0,171,0,0,83,0
Hayden Weichers,30453,WR,UTAH ST,9,48.2,0,329,64.0,,85.8,0,0,0,0.0,0.0,,1,0,0,82,0,0,0,170,0,88,0,0,82,2
Brian Carter,46725,DI,TEMPLE,2,100.0,0,306,65.9,64.5,65.9,0,2,47,100.0,100.0,97.9,1,2,0,82,0,0,0,82,49,49,82,0,33,0
Jared Klingenberg,22396,TE,IDAHO,11,61.2,0,185,52.0,58.4,61.6,0,0,12,21.1,18.8,91.7,0,1,1,82,0,0,3,134,12,64,0,1,70,124
Isaac Luatua,17709,G,ALABAMA,6,100.0,0,103,69.9,78.9,68.1,0,0,31,100.0,100.0,96.8,0,1,1,82,0,50,0,82,32,32,32,0,50,0
Fred Coppet,45748,HB,BOWL GREEN,13,24.3,0,122,68.9,78.1,56.7,0,2,66,39.3,39.1,98.5,0,2,0,82,0,0,0,337,70,179,0,0,12,0
Garrett Krstich,37876,QB,SMU,6,26.6,0,287,40.5,,60.0,0,0,0,0.0,0.0,,0,0,0,82,0,0,0,308,0,223,0,0,82,0
Emanuel Porter,47776,WR,TCU,12,38.1,0,305,63.6,,73.5,0,0,0,0.0,0.0,,1,0,0,82,0,0,0,215,0,133,0,0,82,1
Adam DePietro,23187,G,NWESTERN,4,100.0,2,256,56.9,45.3,58.7,0,6,42,100.0,100.0,92.9,2,6,0,82,0,21,3,82,44,44,7,51,38,0
Josh Quezada,37758,HB,FRESNO ST,13,16.2,0,169,65.3,64.7,72.1,1,0,36,11.6,12.2,98.6,1,1,0,82,0,0,0,507,40,329,0,0,42,3
Kelvin Taylor,10845,HB,FLORIDA,12,28.9,0,163,72.7,59.4,58.7,1,1,41,33.9,34.1,97.6,0,2,0,81,0,0,0,280,43,126,0,0,38,0
Russell Hansbrough,10933,HB,MISSOURI,14,18.0,0,229,74.9,52.0,53.8,0,2,57,26.8,27.4,98.2,0,2,0,81,0,0,0,451,62,226,0,0,19,0
Reggie Pegram,14942,HB,N TEXAS,12,23.7,0,251,63.9,60.9,58.4,1,3,43,28.3,29.3,95.3,0,4,0,81,0,0,0,342,46,157,0,0,35,0
Bentley Spain,46370,T,N CAROLINA,7,100.0,0,245,65.4,68.8,61.8,0,0,41,100.0,100.0,97.6,0,1,1,81,0,0,77,81,43,43,0,4,38,0
Tyler Weese,30518,WR,UTAH ST,14,65.9,0,329,60.3,,68.5,0,0,0,0.0,0.0,,1,0,0,81,0,0,0,123,0,42,0,0,81,0
Rashad Hall,19402,HB,UTAH ST,12,46.3,0,329,61.1,58.2,59.4,0,1,30,42.3,44.7,95.0,0,2,1,81,0,0,0,175,34,76,0,0,47,0
Mark Weisman,9890,HB,IOWA,13,21.2,0,192,67.6,61.0,68.6,1,2,45,35.4,35.6,92.2,0,5,2,81,0,0,0,382,48,135,0,0,33,0
Connor Cella,47563,TE,RICE,4,67.5,0,275,60.5,,69.5,0,0,0,0.0,0.0,,1,0,0,81,0,0,0,120,0,38,0,0,81,82
Dom Williams,16859,WR,WASH STATE,12,18.1,0,341,68.5,,62.1,0,0,0,0.0,0.0,,1,0,0,80,0,0,0,441,0,361,0,0,80,0
Tyler Williams,37709,WR,AKRON,12,24.9,0,102,58.5,,66.5,0,0,0,0.0,0.0,,0,0,0,80,0,0,0,321,0,241,0,0,80,0
Deion Sanders Jr.,38129,WR,SMU,10,31.7,0,287,58.4,,52.2,0,0,0,0.0,0.0,,0,0,0,80,0,0,0,252,0,172,0,0,80,0
Tyler Batson,47899,WR,UTEP,13,66.7,0,330,51.6,,64.8,0,0,0,0.0,0.0,,1,0,0,80,0,0,0,120,0,40,0,0,80,0
B.J. Knauf,23645,WR,PURDUE,6,39.6,0,273,58.1,,63.6,0,0,0,0.0,0.0,,1,0,0,80,0,0,0,202,0,121,0,0,80,2
Derek Moise,18146,WR,FAU,12,48.8,0,165,59.3,,67.6,0,0,0,0.0,0.0,,1,0,0,80,0,0,0,164,0,83,0,0,80,0
Thomas Woodson,26372,QB,AKRON,8,29.6,0,102,42.8,,60.0,0,0,0,0.0,0.0,,1,0,0,80,0,0,0,270,0,177,0,0,80,0
Riley Barnes,13555,TE,FRESNO ST,12,75.5,0,169,55.8,,63.5,0,0,0,0.0,0.0,,0,0,0,80,0,0,0,106,0,26,0,0,80,84
Ike Lewis,28068,WR,APP STATE,11,55.2,1,108,63.0,,59.2,0,0,0,0.0,0.0,,1,0,0,80,0,0,0,145,0,62,0,0,80,0
Patrick Mahomes,11765,QB,TEXAS TECH,7,23.9,0,315,64.1,,60.0,0,0,0,0.0,0.0,,1,0,0,80,0,0,0,335,0,225,0,0,80,0
Steve Wolgamott,39352,T,GA STATE,6,100.0,0,175,51.8,28.8,59.3,1,5,48,100.0,100.0,91.7,1,7,1,80,0,0,0,80,49,49,0,80,31,0
James Brooks,22822,WR,KENT STATE,11,29.6,0,201,57.4,,63.5,0,0,0,0.0,0.0,,0,0,0,80,0,0,0,270,0,186,0,0,80,1
Chris Acosta,14602,G,LOUISVILLE,2,100.0,0,210,53.3,54.7,55.1,0,1,46,100.0,100.0,98.9,1,1,0,80,0,47,0,80,48,48,33,0,32,0
Ronald Martin,12387,C,GA STATE,6,100.0,0,175,73.0,86.7,67.5,0,0,44,100.0,100.0,100.0,0,0,0,79,29,50,0,79,45,45,0,0,34,0
Dee Hart,12987,HB,COLO STATE,13,16.7,1,144,84.1,54.8,83.5,1,3,63,25.0,25.5,93.7,1,6,2,79,0,0,0,472,67,263,0,1,12,1
Kenny Jones,27795,WR,E MICHIGAN,9,52.3,0,160,55.0,,50.9,0,0,0,0.0,0.0,,0,0,0,79,0,0,0,151,0,71,0,0,79,0
Jerome Lewis,12461,TE,AKRON,12,84.9,1,102,72.6,36.4,79.4,0,0,18,58.1,56.3,100.0,2,0,0,79,0,0,1,93,18,32,0,1,61,89
Dominique Robertson,10941,G,TEXAS TECH,3,100.0,0,315,60.4,64.4,64.3,0,3,53,100.0,100.0,97.2,2,3,0,79,0,0,0,79,57,57,79,0,22,0
Josh Greer,38105,QB,N TEXAS,3,56.0,0,251,35.7,,60.0,0,0,0,0.0,0.0,,0,0,0,79,0,0,0,141,0,57,0,0,79,0
Michael Harrop,17939,TE,FAU,7,69.9,0,165,47.8,72.7,55.8,0,0,6,15.4,17.1,100.0,1,0,0,79,0,0,0,113,7,41,0,0,72,77
Saledeem Major,16549,TE,TEMPLE,11,57.2,0,306,61.6,74.5,83.5,0,0,9,13.6,13.2,100.0,0,0,0,79,0,0,0,138,9,68,0,0,70,71
Tanner Stone,46619,T,DUKE,6,100.0,0,154,65.3,70.3,62.3,0,0,26,100.0,100.0,100.0,0,0,0,79,0,0,0,79,26,26,4,75,53,0
Corey Clement,12253,HB,WISCONSIN,14,26.3,1,349,78.6,78.1,69.8,0,1,34,32.4,32.7,98.5,1,1,0,79,0,0,0,300,35,107,0,0,44,1
Nick Nowakowski,21441,G,UTAH,4,100.0,1,328,64.4,86.1,64.0,0,0,26,100.0,100.0,100.0,1,0,0,79,20,54,0,79,27,27,5,0,52,0
Matt Giachinta,19805,HB,ARMY,11,57.7,1,114,63.3,67.4,71.5,0,1,24,70.6,66.7,97.9,1,1,0,79,0,0,0,137,24,36,0,0,55,1
Johnathon Johnson,38748,WR,TENNESSEE,11,39.3,0,307,58.7,,68.2,0,0,0,0.0,0.0,,0,0,0,79,0,0,0,201,0,122,0,0,79,0
Joel Hale,11449,G,OHIO STATE,3,100.0,0,260,67.9,48.8,68.8,0,2,27,100.0,100.0,96.3,0,2,0,79,0,72,0,79,28,28,7,0,51,0
Jamin Smith,46783,C,NEW MEX ST,2,100.0,0,242,40.3,75.2,48.7,1,0,45,100.0,100.0,98.9,1,1,0,79,79,0,0,79,50,50,0,0,29,0
Jordan Pratt,38437,WR,STANFORD,13,46.7,0,300,64.5,,71.1,0,0,0,0.0,0.0,,0,0,0,79,0,0,0,169,0,90,0,0,79,1
Isaac Hayes,21532,G,MINNESOTA,6,100.0,0,225,55.3,21.8,57.7,0,4,19,100.0,100.0,89.5,0,4,0,78,0,21,0,78,19,19,57,0,59,0
Leonard Fournette,11759,HB,LSU,13,24.4,0,211,76.1,79.0,56.7,0,1,21,30.0,30.7,97.6,0,1,0,78,0,0,0,320,23,75,0,0,55,0
Daniel Spencer,13341,WR,HOUSTON,5,27.0,0,182,62.8,,50.0,0,0,0,0.0,0.0,,0,0,0,78,0,0,0,289,0,205,0,0,78,0
Josiah St. John,19035,T,OKLAHOMA,5,100.0,0,261,67.3,84.5,59.7,0,0,34,100.0,100.0,100.0,0,0,0,78,0,0,78,78,35,35,0,0,43,0
Jake Coker,10951,QB,ALABAMA,7,53.4,0,103,74.0,,60.0,0,0,0,0.0,0.0,,0,0,0,78,0,0,0,146,0,67,0,0,78,0
Johnston White,45725,HB,ARK STATE,13,27.7,0,113,66.8,76.1,66.9,0,1,31,23.3,25.9,98.4,0,1,0,78,0,0,0,282,38,147,0,0,40,0
Remi Watson,18224,HB,MARSHALL,14,29.8,0,214,58.1,74.1,60.5,1,1,61,43.6,44.3,96.7,1,3,1,78,0,0,0,262,66,149,0,0,12,0
Malcolm Trail,15560,WR,UTEP,11,57.4,0,330,53.5,,64.7,0,0,0,0.0,0.0,,0,0,0,78,0,0,0,136,0,58,0,0,78,0
James Conner,11860,HB,PITTSBURGH,13,17.1,0,268,92.7,23.6,77.0,1,2,19,21.6,21.7,92.1,0,3,0,77,0,0,0,451,20,92,0,0,57,0
Joey Herrick,18251,WR,KENTUCKY,12,34.5,0,202,55.1,,54.7,0,0,0,0.0,0.0,,0,0,0,77,0,0,0,223,0,146,0,0,77,0
Jacob Sannon,47558,WR,IDAHO,11,30.3,0,185,63.5,,65.2,0,0,0,0.0,0.0,,0,0,0,77,0,0,0,254,0,177,0,0,77,0
John Ross,11764,WR,WASHINGTON,10,38.9,0,340,73.9,,68.7,0,0,0,0.0,0.0,,2,0,0,77,0,0,0,198,0,115,0,0,77,1
Darrion Pollard,47566,WR,RICE,6,52.4,0,275,51.9,,67.4,0,0,0,0.0,0.0,,0,0,0,77,0,0,0,147,0,68,0,0,77,0
Tony Moore,14270,HB,FAU,11,35.3,0,165,59.2,85.8,66.5,0,2,48,44.0,43.6,97.9,0,2,0,77,0,0,0,218,51,117,0,0,26,3
Lane Hovey,23273,WR,NEBRASKA,10,58.5,0,238,66.0,,66.9,0,0,0,0.0,0.0,,0,0,0,76,0,0,0,130,0,54,0,0,76,1
Dajon Williams,29452,QB,N TEXAS,8,39.2,0,251,58.5,,60.0,0,0,0,0.0,0.0,,0,0,0,76,0,0,0,194,0,94,0,0,76,0
Nick Montana,12855,QB,TULANE,4,45.5,0,319,55.5,,60.0,0,0,0,0.0,0.0,,0,0,0,76,0,0,0,167,0,89,0,0,76,0
Kelby Johnson,11321,T,LOUISVILLE,4,100.0,0,210,61.5,81.5,52.8,0,0,34,100.0,100.0,100.0,0,0,0,76,0,0,46,76,35,35,0,29,41,1
Trevon Brown,28281,WR,E CAROLINA,8,31.9,0,156,65.5,,65.0,0,0,0,0.0,0.0,,0,0,0,76,0,0,0,238,0,162,0,0,76,0
Jeff Lockie,23581,QB,OREGON,10,66.7,0,264,65.6,,60.0,0,0,0,0.0,0.0,,1,0,0,76,0,0,0,114,0,30,0,0,76,0
Austin Whipple,30308,QB,UMASS,6,55.1,0,216,36.7,,62.2,0,0,0,0.0,0.0,,1,0,0,76,0,0,0,138,0,60,0,0,76,0
Anthony Meray,14427,HB,KENT STATE,9,44.4,0,201,67.5,75.0,59.2,0,1,47,52.2,52.6,96.8,0,2,1,76,0,0,0,171,51,97,0,0,25,0
Blake Mack,47171,WR,ARK STATE,10,45.5,0,113,60.2,,60.3,0,0,0,0.0,0.0,,2,0,0,76,0,0,0,167,0,90,0,0,76,0
D.J. Polite-Bray,49478,WR,TEXAS TECH,9,38.0,1,315,49.1,,62.8,0,0,0,0.0,0.0,,2,0,0,76,0,0,1,200,0,124,0,0,76,0
Andy Jomantas,14771,G,NC STATE,4,100.0,0,248,64.9,81.4,62.9,0,0,9,100.0,100.0,100.0,0,0,0,76,0,3,18,76,9,9,52,0,67,3
Nathan Jeffery,15475,HB,UTEP,13,24.9,1,330,70.7,54.3,67.9,2,2,43,28.9,28.2,95.3,1,4,0,76,0,0,0,305,44,156,0,0,32,0
Seth Russell,46467,QB,BAYLOR,8,37.8,0,118,84.4,,60.0,0,0,0,0.0,0.0,,0,0,0,76,0,0,0,201,0,92,0,0,76,0
Jon Christenson,16647,G,MINNESOTA,3,100.0,0,225,61.2,56.5,65.2,0,1,36,100.0,100.0,98.6,1,1,0,75,10,0,0,75,36,36,65,0,39,0
Saylor Lavallii,16504,HB,C MICHIGAN,13,29.3,1,134,62.0,36.7,60.0,2,6,68,43.6,43.0,94.1,2,8,0,75,0,0,0,256,71,165,0,0,4,0
Brisly Estime,12243,WR,SYRACUSE,5,48.4,0,304,59.9,,61.8,0,0,0,0.0,0.0,,1,0,0,75,0,0,0,155,0,80,0,0,75,0
Cedric Thompson,17291,HB,UCF,10,66.4,0,323,68.3,79.8,63.4,0,0,10,34.5,36.4,100.0,0,0,0,75,0,0,0,113,12,33,0,0,63,47
Antoinne Jimmerson,18823,HB,N TEXAS,11,26.7,0,251,72.3,61.5,50.9,0,4,39,31.7,33.3,92.3,0,5,1,75,0,0,0,281,43,129,0,0,32,0
Mike Davis,9559,HB,S CAROLINA,13,14.8,0,289,70.5,76.2,56.3,1,0,45,17.0,17.1,98.9,0,1,0,75,0,0,0,507,47,275,0,0,28,0
Kendal Thompson,11451,QB,UTAH,7,40.1,0,328,73.6,,60.0,0,0,0,0.0,0.0,,1,0,0,75,0,0,0,187,0,81,0,0,75,0
Devon Breaux,48020,WR,TULANE,12,35.2,0,319,52.2,,69.6,0,0,0,0.0,0.0,,1,0,0,75,0,0,0,213,0,138,0,0,75,0
Shelby Walker,47474,WR,SMU,10,27.5,0,287,49.5,,53.6,0,0,0,0.0,0.0,,0,0,0,75,0,0,0,273,0,198,0,0,75,0
Nick Bawden,27413,QB,S DIEGO ST,5,59.1,0,284,38.7,,60.0,0,0,0,0.0,0.0,,0,0,0,75,0,0,0,127,0,50,0,0,75,0
Josh Knight,23034,WR,MARSHALL,7,72.8,0,214,58.5,,77.5,0,0,0,0.0,0.0,,0,0,0,75,0,0,0,103,0,28,0,0,75,0
Adonis Jennings,47991,WR,PITTSBURGH,6,59.5,0,268,61.7,,65.4,0,0,0,0.0,0.0,,0,0,0,75,0,0,0,126,0,51,0,0,75,0
Bubba Poole,16621,HB,UTAH,12,41.1,0,328,63.4,69.6,56.5,1,0,26,32.1,32.1,98.1,0,1,0,74,0,0,0,180,27,84,0,0,47,0
Terrance Timmons,20236,HB,S ALABAMA,13,27.3,0,288,63.7,20.7,66.0,3,7,46,28.4,28.2,87.0,0,11,1,74,0,0,0,271,48,170,0,0,26,0
Dante Jones,47467,WR,APP STATE,9,66.1,1,108,53.6,,53.8,0,0,0,0.0,0.0,,1,0,0,74,0,0,0,112,0,38,0,0,74,0
Patrick Clifford,23389,TE,NEVADA,3,84.1,0,239,62.8,69.2,59.9,0,0,4,23.5,26.3,100.0,0,0,0,74,0,0,0,88,5,19,0,0,69,86
Russell Haughton-James,19937,T,W VIRGINIA,9,100.0,0,343,58.9,84.9,60.9,0,0,28,100.0,100.0,100.0,2,0,0,74,0,0,12,74,29,29,0,33,45,29
Kevin Miller,17525,TE,UCF,10,81.3,0,323,49.8,70.0,52.8,0,0,4,19.0,19.0,100.0,0,0,0,74,0,0,0,91,4,21,0,0,70,82
Romond Deloatch,47224,WR,TEMPLE,12,34.4,0,306,63.3,,60.7,0,0,0,0.0,0.0,,0,0,0,74,0,0,0,215,0,141,0,0,74,0
Jordon James,15280,HB,UCLA,13,34.3,0,324,63.9,54.5,58.0,0,1,28,26.2,26.3,91.1,0,3,2,74,0,0,0,216,30,114,0,0,44,0
Bo Hines,29430,WR,NC STATE,13,19.6,0,248,75.6,,52.3,0,0,0,0.0,0.0,,1,0,0,74,0,0,0,378,0,303,0,0,74,1
Mike Gesicki,47153,TE,PENN STATE,13,42.3,1,266,51.3,68.9,37.4,0,0,3,3.0,2.9,100.0,1,0,0,74,0,0,0,175,3,104,0,0,71,53
Matt Milton,14675,WR,LOUISVILLE,12,39.2,0,210,52.3,,52.8,0,0,0,0.0,0.0,,0,0,0,74,0,0,0,189,0,115,0,0,74,0
Jarvion Franklin,30845,HB,W MICHIGAN,13,13.6,0,347,68.4,82.1,78.5,0,0,48,23.4,23.8,100.0,2,0,0,74,0,0,0,546,51,214,0,0,23,0
Chris Lacy,29726,WR,OKLA STATE,10,47.7,0,262,52.1,,44.1,0,0,0,0.0,0.0,,0,0,0,74,0,0,0,155,0,81,0,0,74,0
Najee Toran,46833,G,UCLA,1,100.0,0,324,54.8,27.9,59.1,1,2,42,100.0,100.0,91.7,0,5,2,74,0,0,0,74,44,44,74,0,30,0
Jordan White,14369,G,FIU,3,100.0,0,166,65.1,66.8,64.2,0,0,41,100.0,100.0,95.1,0,2,2,74,0,0,0,74,44,44,74,0,30,0
Ryan Jenkins,47779,WR,TENNESSEE,10,75.3,0,307,61.5,,72.8,0,0,0,0.0,0.0,,0,0,0,73,0,0,0,97,0,24,0,0,73,0
Cole Weeks,15145,QB,SO MISS,5,33.0,0,296,57.3,,60.0,0,0,0,0.0,0.0,,1,0,0,73,0,0,0,221,0,138,0,0,73,0
Braden Smith,46794,T,AUBURN,9,100.0,1,115,70.7,83.6,69.5,0,0,19,100.0,100.0,100.0,2,0,0,73,0,0,40,73,19,19,0,9,54,24
Antonyo Woods,28275,T,FAU,10,100.0,0,165,70.4,72.5,68.2,0,2,31,100.0,100.0,96.8,0,2,0,73,0,0,9,73,32,32,38,0,41,22
Cole Carter,23248,T,MISS STATE,6,100.0,0,227,62.9,81.8,59.0,0,0,16,100.0,100.0,100.0,0,0,0,73,0,0,66,73,16,16,0,7,57,0
Conner Smith,47504,WR,LA TECH,12,37.6,0,208,59.8,,89.3,0,0,0,0.0,0.0,,0,0,0,73,0,0,0,194,0,121,0,0,73,0
Nate Halverson,23853,WR,SMU,10,24.9,0,287,57.2,63.6,64.7,0,0,1,0.5,0.5,100.0,0,0,0,73,0,0,0,293,1,221,0,0,72,0
Ricky Jeune,47781,WR,GA TECH,10,90.0,0,176,63.8,,73.8,0,0,0,0.0,0.0,,0,0,0,72,0,0,6,80,0,8,0,0,72,0
Nate Romine,46524,QB,AIR FORCE,5,51.4,0,101,41.4,,60.0,0,0,0,0.0,0.0,,0,0,0,72,0,0,0,140,0,35,0,0,72,0
Cam Echols,47527,WR,TCU,12,35.3,0,305,61.1,,89.2,0,0,0,0.0,0.0,,0,0,0,72,0,0,0,204,0,131,0,0,72,0
Jared Cornelius,47451,WR,ARKANSAS,13,30.4,0,111,65.0,,68.3,0,0,0,0.0,0.0,,0,0,0,72,0,0,0,237,0,160,0,0,72,13
Alexander Hayes,22039,G,SYRACUSE,2,100.0,0,304,61.4,74.2,62.5,0,1,38,100.0,100.0,98.7,2,1,0,72,0,3,0,72,38,38,69,0,34,0
Devin Scott,14357,HB,GA SOUTHRN,12,59.0,0,174,53.5,26.7,69.1,1,0,5,21.7,20.8,90.0,0,1,0,72,0,0,0,122,5,24,0,0,67,0
Macgarrett Kings Jr.,17231,WR,MICH STATE,13,25.8,0,223,71.8,,68.1,0,0,0,0.0,0.0,,1,0,0,71,0,0,0,275,0,191,0,0,71,0
Johnny Jefferson,28170,HB,BAYLOR,11,29.7,0,118,67.0,88.4,56.6,0,0,45,40.9,40.7,100.0,1,0,0,71,0,0,0,239,46,113,0,0,25,0
Ben Johnson,47039,TE,KANSAS,12,55.9,1,198,64.8,72.0,56.7,0,0,6,9.8,9.7,100.0,1,0,0,71,0,0,0,127,6,62,0,0,65,76
Mike Houghton,30925,T,ARMY,3,100.0,0,114,59.5,41.7,60.6,0,1,19,100.0,100.0,97.4,1,1,0,71,0,0,1,71,19,19,0,70,52,0
Tony Jones,38782,HB,COLORADO,12,25.2,0,143,70.4,53.7,56.2,2,2,50,31.6,32.2,94.0,1,5,1,71,0,0,0,282,55,171,0,0,16,0
Ian Park,23477,G,NWESTERN,6,100.0,0,256,58.8,64.5,56.2,0,2,34,100.0,100.0,94.1,0,3,1,71,0,54,0,71,38,38,17,0,33,0
Jake Howton,15953,WR,S ALABAMA,9,62.3,0,288,53.8,,66.1,0,0,0,0.0,0.0,,0,0,0,71,0,0,0,114,0,43,0,0,71,0
Boise Ross,22502,CB,BUFFALO,2,50.0,0,126,56.6,,65.3,0,0,0,0.0,0.0,,6,0,0,71,0,0,0,142,0,70,0,0,71,0
Bobby Thompson,19345,G,TCU,7,100.0,0,305,67.7,82.1,65.4,0,0,22,100.0,100.0,100.0,0,0,0,71,0,71,0,71,23,23,0,0,48,0
Trent Smiley,15739,TE,KANSAS,11,80.7,0,198,64.2,47.7,68.5,0,0,15,46.9,46.9,100.0,1,0,0,71,0,0,0,88,15,32,0,0,56,59
Trey Scott,26524,TE,TULANE,12,32.7,0,319,43.7,55.0,59.6,0,0,5,3.4,3.3,100.0,1,0,0,71,0,0,0,217,5,151,0,0,66,132
Dawan Scott,14651,HB,MIAMI OH,10,23.4,0,221,65.9,82.5,57.7,0,0,24,13.9,13.3,100.0,2,0,0,71,0,0,0,303,24,181,0,0,47,5
Skyler Howard,12262,QB,W VIRGINIA,4,33.6,1,343,69.8,,60.0,0,0,0,0.0,0.0,,1,0,0,71,0,0,0,211,0,127,0,0,71,0
Jon Hilliman,45826,HB,BOSTON COL,13,22.4,0,121,65.4,59.2,57.4,0,1,22,42.3,43.6,97.7,1,1,0,71,0,0,0,317,24,55,0,0,47,1
Derek Farniok,19180,T,OKLAHOMA,6,100.0,0,261,90.0,82.6,85.5,0,0,22,100.0,100.0,100.0,0,0,0,71,0,0,0,71,22,22,0,71,49,0
AJ Troup,17233,WR,MICH STATE,10,62.3,0,223,70.7,,72.3,0,0,0,0.0,0.0,,0,0,0,71,0,0,0,114,0,43,0,0,71,0
Brandon Wilds,11057,HB,S CAROLINA,12,24.1,0,289,70.6,57.7,63.7,1,2,41,27.3,28.3,96.3,0,3,0,70,0,0,0,290,45,159,0,0,25,0
R.J. Prince,47385,T,N CAROLINA,5,100.0,0,245,61.4,64.4,56.3,0,3,52,100.0,100.0,97.1,0,3,0,70,0,0,0,70,54,54,0,69,16,1
Trae Hart,47661,WR,PURDUE,9,33.3,0,273,52.9,,63.6,0,0,0,0.0,0.0,,0,0,0,70,0,0,0,210,0,138,0,0,70,1
Keith Kirkwood,48017,WR,TEMPLE,8,47.9,0,306,51.6,,61.6,0,0,0,0.0,0.0,,0,0,0,70,0,0,0,146,0,76,0,0,70,0
Warren Leapheart,22347,TE,ARK STATE,12,72.9,0,113,58.6,58.0,59.7,0,1,6,20.0,23.5,91.7,0,1,0,70,0,0,10,96,8,34,0,1,62,36
Jacob Bailey,46086,G,INDIANA,6,100.0,0,190,69.7,84.0,71.5,0,0,33,100.0,100.0,100.0,1,0,0,70,0,67,0,70,33,33,3,0,37,0
Taylor Oldham,47569,WR,UCF,13,48.6,0,323,55.2,,71.9,0,0,0,0.0,0.0,,0,0,0,70,0,0,0,144,0,74,0,0,70,0
Matt Flanagan,47298,TE,RUTGERS,9,90.9,0,278,78.7,66.8,78.5,0,0,1,12.5,12.5,100.0,0,0,0,70,0,0,0,77,1,8,0,0,69,76
Bryan Peters,20075,G,KANSAS,1,100.0,0,198,63.2,13.7,77.5,2,1,41,100.0,100.0,91.5,0,5,2,70,0,0,0,70,42,42,70,0,28,0
Lamarq Caldwell,18172,HB,FIU,9,52.2,1,166,53.1,76.7,44.6,0,2,42,51.9,51.7,97.6,2,2,0,70,0,0,0,134,45,87,0,0,25,2
George Rushing,48159,WR,WISCONSIN,14,65.4,0,349,66.0,,57.7,0,0,0,0.0,0.0,,1,0,0,70,0,0,0,107,0,32,0,0,70,0
Saeed Blacknall,48088,WR,PENN STATE,13,40.0,0,266,60.9,,58.6,0,0,0,0.0,0.0,,0,0,0,70,0,0,0,175,0,104,0,0,70,0
Andre Givens,17163,HB,BOWL GREEN,12,29.8,0,122,68.7,79.7,63.3,0,0,43,43.0,45.4,97.7,1,1,1,70,0,0,0,235,49,108,0,0,21,1
Jordan Duval,13870,WR,USF,5,59.0,0,327,54.5,,79.6,0,0,0,0.0,0.0,,0,0,0,69,0,0,0,117,0,48,0,0,69,0
Bill Belton,13371,HB,PENN STATE,13,16.4,0,266,62.1,53.3,59.7,1,5,53,19.8,19.6,92.5,0,7,1,69,0,0,0,421,54,276,0,0,15,0
Trey Wilkins,12641,WR,VANDERBILT,12,33.3,0,333,49.9,,61.5,0,0,0,0.0,0.0,,1,0,0,69,0,0,0,207,0,138,0,0,69,0
Dontravious Wilson,45715,HB,UCF,10,27.5,0,323,63.4,81.8,57.2,0,2,50,38.5,38.2,96.0,0,3,1,69,0,0,0,251,52,136,0,0,17,0
Jamaal Clayborn,45567,G,MISS STATE,4,100.0,0,227,55.8,67.3,53.9,0,0,21,100.0,100.0,90.5,0,2,2,69,0,55,0,69,21,21,14,0,48,0
Tyshon Henderson,23859,T,UMASS,8,100.0,0,216,69.8,69.0,67.2,0,1,20,100.0,100.0,92.5,0,2,1,69,0,0,38,69,21,21,0,26,48,5
Blair Tushaus,13186,TE,ARIZONA,9,85.2,0,109,55.5,68.6,63.9,0,0,9,42.9,52.0,100.0,0,0,0,69,0,0,0,81,13,25,0,0,56,62
Jordan Feuerbacher,47193,TE,BAYLOR,11,88.5,0,118,62.4,74.6,70.9,0,0,4,30.8,30.8,100.0,2,0,0,69,0,0,0,78,4,13,0,1,65,41
Chase Price,11479,HB,S DIEGO ST,13,19.8,0,284,66.1,78.2,58.6,0,2,54,29.2,28.4,98.1,0,2,0,69,0,0,0,349,54,190,0,0,15,0
KJ Malone,46196,T,LSU,4,100.0,0,211,62.4,85.6,62.5,0,0,11,100.0,100.0,100.0,1,0,0,68,0,0,68,68,13,13,0,0,55,0
Demetrius Coley,13226,FB,W KENTUCKY,11,81.9,0,346,64.8,37.7,66.1,0,0,8,36.4,36.4,100.0,0,0,0,68,0,0,0,83,8,22,0,0,60,3
Deantre Lewis,12911,HB,ARIZONA ST,12,30.5,0,110,65.2,56.7,57.4,0,0,32,23.7,23.8,96.9,0,1,1,68,0,0,0,223,35,147,0,0,33,0
A.J. Schurr,19879,QB,ARMY,9,47.2,0,114,58.0,,60.0,0,0,0,0.0,0.0,,2,0,0,68,0,0,0,144,0,36,0,0,68,0
Keith Sconiers,12466,WR,AKRON,8,32.4,0,102,62.0,,53.7,0,0,0,0.0,0.0,,0,0,0,68,0,0,0,210,0,142,0,0,68,0
Shane Tucker,23213,HB,MIDDLE TN,12,22.0,0,224,75.7,64.9,62.0,0,1,18,11.5,13.2,91.7,0,2,1,68,0,0,0,309,22,167,0,0,46,18
Gerard Wicks,45772,HB,WASH STATE,9,22.3,0,341,65.3,80.2,64.5,0,1,45,21.0,23.0,98.9,1,1,0,68,0,0,0,305,52,226,0,0,16,0
Donovan Lee,27159,WR,COLORADO,10,34.7,1,143,51.1,,63.6,0,0,0,0.0,0.0,,2,0,0,68,0,0,0,196,0,120,0,0,68,0
Austin Allen,46542,QB,ARKANSAS,5,73.1,0,111,69.7,,60.1,0,0,0,0.0,0.0,,1,0,0,68,0,0,0,93,0,20,0,0,68,0
Corey Grant,9827,HB,AUBURN,13,35.8,0,115,71.9,81.5,57.3,0,0,14,20.0,18.9,100.0,0,0,0,68,0,0,0,190,14,74,0,0,54,0
Sandley Jean-Felix,28937,T,MARSHALL,8,100.0,0,214,67.9,80.8,63.9,0,0,15,100.0,100.0,100.0,0,0,0,68,0,0,0,68,15,15,0,68,53,0
Corey Lacanaria,47550,WR,BALL ST,11,24.0,0,117,62.0,,65.6,0,0,0,0.0,0.0,,0,0,0,68,0,0,0,283,0,214,0,0,68,0
J'Mon Moore,48316,WR,MISSOURI,14,60.2,0,229,53.4,,59.8,0,0,0,0.0,0.0,,0,0,0,68,0,0,0,113,0,45,0,0,68,0
Elijah Hood,11997,HB,N CAROLINA,8,28.6,0,245,59.2,79.4,55.1,1,0,33,25.6,25.4,98.5,1,1,0,67,0,0,0,234,34,134,0,0,33,0
Elroy Masters Jr.,47844,WR,COLO STATE,11,48.9,0,144,65.2,64.5,51.3,0,0,1,1.4,1.4,100.0,0,0,0,67,0,0,0,137,1,71,0,1,66,1
Rob Bolden,14307,QB,E MICHIGAN,6,29.6,0,160,34.0,,60.0,0,0,0,0.0,0.0,,2,0,0,67,0,0,0,226,0,119,0,0,67,0
Wade Freebeck,46432,QB,VANDERBILT,5,43.2,0,333,40.7,,60.1,0,0,0,0.0,0.0,,0,0,0,67,0,0,0,155,0,85,0,0,67,0
Kris Kentera,16632,WR,VANDERBILT,12,39.2,0,333,62.6,,73.2,0,0,0,0.0,0.0,,1,0,0,67,0,0,0,171,0,104,0,0,67,1
Daronte Bouldin,26689,T,OLE MISS,7,100.0,0,226,59.0,28.0,60.8,0,0,17,100.0,100.0,94.1,0,1,1,67,0,0,1,67,18,18,31,35,49,0
Troy Ware,16916,WR,BOISE ST,12,34.5,0,120,68.9,,84.2,0,0,0,0.0,0.0,,0,0,0,67,0,0,0,194,0,127,0,0,67,0
Temi Alaka,48011,WR,RICE,8,56.3,0,275,56.8,,59.7,0,0,0,0.0,0.0,,0,0,0,67,0,0,0,119,0,52,0,0,67,0
De'Andre Mann,20076,HB,KANSAS,9,30.0,0,198,68.3,88.2,69.5,0,0,40,36.7,36.9,100.0,1,0,0,67,0,0,0,223,41,111,0,0,26,0
Lavon Coleman,45861,HB,WASHINGTON,11,22.8,0,340,59.2,73.3,57.0,0,1,37,30.6,31.0,98.6,0,1,0,67,0,0,0,294,39,126,0,0,28,0
Duke Johnson Jr.,9510,HB,MIAMI FL,13,11.9,0,220,78.3,64.5,59.0,0,1,51,16.9,17.5,99.0,0,1,0,67,0,0,0,564,54,308,0,0,13,0
Shakur Nesmith,48174,WR,UMASS,10,34.2,1,216,54.4,,61.6,0,0,0,0.0,0.0,,3,0,0,67,0,0,0,196,0,129,0,0,67,0
Ryan Pasoquen,18210,WR,HAWAII,10,69.1,0,180,52.5,,71.3,0,0,0,0.0,0.0,,0,0,0,67,0,0,0,97,0,30,0,0,67,0
Orville Reynolds,12554,HB,WAKE,9,32.1,0,339,62.6,73.1,57.7,2,2,49,41.5,41.5,95.9,0,4,0,67,0,0,0,209,51,123,0,0,16,4
Tad France,22920,G,KENT STATE,2,100.0,0,201,69.4,86.5,64.9,0,0,50,100.0,100.0,100.0,0,0,0,67,0,2,0,67,54,54,65,0,13,0
Nyck Young,39263,WR,TROY,11,51.5,1,318,49.7,,67.6,0,0,0,0.0,0.0,,2,0,0,67,0,0,0,130,0,63,0,0,67,0
Ryeshene Bronson,48268,WR,USF,11,45.6,0,327,53.2,,60.6,0,0,0,0.0,0.0,,1,0,0,67,0,0,0,147,0,79,0,0,67,0
Sterling Napier,47145,TE,UTEP,9,88.0,0,330,71.0,66.7,74.8,0,0,3,27.3,25.0,100.0,0,0,0,66,0,0,0,75,3,12,0,0,63,59
Dalvin Cook,11796,HB,FLORIDA ST,13,16.4,0,167,80.1,67.7,65.4,0,5,52,25.4,24.7,91.3,0,7,2,66,0,0,0,403,53,215,0,0,13,0
Isaiah Roundtree,14507,WR,INDIANA,5,59.5,0,190,57.3,,57.0,0,0,0,0.0,0.0,,1,0,0,66,0,0,0,111,0,45,0,0,66,0
Lorenzo Joe,30477,WR,TEXAS,12,64.7,1,311,62.1,,61.1,0,0,0,0.0,0.0,,1,0,0,66,0,0,0,102,0,36,0,0,66,0
Quan Jones,47801,WR,BAYLOR,7,68.8,0,118,62.2,,68.4,0,0,0,0.0,0.0,,0,0,0,66,0,0,0,96,0,30,0,0,66,0
Trey Bledsoe,26460,WR,OLE MISS,5,68.0,0,226,51.6,,51.9,0,0,0,0.0,0.0,,0,0,0,66,0,0,0,97,0,31,0,0,66,0
Khalek Shepherd,15504,HB,VIRGINIA,12,25.5,0,335,69.2,82.6,46.4,0,2,37,26.1,27.3,97.3,0,2,0,66,0,0,0,259,41,150,0,0,25,0
Kody Walker,45758,FB,ARKANSAS,13,51.6,0,111,60.5,31.4,67.2,1,1,17,34.7,38.5,94.1,0,2,0,66,0,0,0,128,20,52,0,0,46,4
Tommylee Lewis,11231,WR,N ILLINOIS,2,53.7,0,254,51.3,,78.3,0,0,0,0.0,0.0,,0,0,0,66,0,0,0,123,0,52,0,0,66,0
Drew Bishop,23019,WR,MEMPHIS,8,85.7,0,218,56.5,,59.3,0,0,0,0.0,0.0,,0,0,0,66,0,0,0,77,0,10,0,0,66,0
Durham Smythe,47257,TE,NOTRE DAME,11,89.2,0,258,63.7,72.5,57.7,0,0,4,36.4,42.9,100.0,0,0,0,66,0,0,0,74,6,14,0,0,60,66
I'Tavius Mathers,16897,HB,OLE MISS,12,29.9,0,226,61.4,57.7,59.5,0,1,24,21.8,23.7,93.7,0,2,1,66,0,0,0,221,27,114,0,0,39,0
Josh Snead,14202,HB,DUKE,13,24.1,0,154,65.5,29.3,81.2,1,0,29,19.1,19.4,94.8,1,2,1,66,0,0,0,274,30,155,0,0,36,0
Derrick Jones,11959,WR,OLE MISS,7,61.3,0,226,63.8,,73.1,0,0,0,0.0,0.0,,0,0,0,65,0,0,0,106,0,41,0,0,65,0
Shakim Phillips,10146,WR,BOSTON COL,12,33.3,0,121,68.2,,51.6,0,0,0,0.0,0.0,,0,0,0,65,0,0,0,195,0,129,0,0,65,0
Rennie Childs,23687,HB,OKLA STATE,10,29.4,0,262,60.2,90.0,63.8,0,0,45,38.5,38.9,100.0,0,0,0,65,0,0,0,221,49,126,0,0,16,0
Treyvon Green,14952,HB,NWESTERN,12,21.6,0,256,59.9,78.6,70.2,1,0,34,18.0,18.2,98.5,1,1,0,65,0,0,0,301,36,198,0,0,29,0
Cory Keebler,16049,T,CINCINNATI,2,100.0,0,138,68.7,78.7,61.3,1,1,40,100.0,100.0,97.5,0,2,0,65,0,0,0,65,42,42,0,65,23,0
Dennis Finley,27176,T,MICH STATE,5,100.0,0,223,58.5,64.0,56.7,0,0,17,100.0,100.0,100.0,0,0,0,65,0,0,65,65,17,17,0,0,48,0
Kolton Shindelar,49944,TE,TULSA,5,87.8,0,320,31.2,31.7,44.3,0,0,6,46.2,47.1,100.0,1,0,0,65,0,0,0,74,8,17,0,0,57,74
Dorian Miller,46151,G,RUTGERS,5,100.0,0,278,79.0,18.1,83.9,0,1,18,100.0,100.0,91.7,0,2,1,65,0,24,0,65,18,18,41,0,47,0
Kawmae Sawyer,18964,WR,OHIO,11,69.1,0,259,61.8,,60.9,0,0,0,0.0,0.0,,0,0,0,65,0,0,0,94,0,29,0,0,65,5
Dwayne Washington,10870,HB,WASHINGTON,12,18.8,0,340,56.2,79.7,55.9,0,0,42,22.8,22.2,100.0,0,0,0,65,0,0,0,345,42,189,0,0,23,0
Evan Voeller,46816,G,OREGON,8,100.0,0,264,69.2,83.2,66.4,0,0,11,100.0,100.0,100.0,0,0,0,64,0,34,0,64,11,11,1,29,53,0
Jerrel Brown,17365,HB,IDAHO,10,25.9,0,185,64.0,52.8,56.0,0,3,53,47.7,46.2,95.3,0,4,1,64,0,0,0,247,55,119,0,0,9,1
Jackie Williams,39232,WR,UCF,10,43.5,0,323,52.2,,56.4,0,0,0,0.0,0.0,,1,0,0,64,0,0,0,147,0,81,0,0,64,0
Marcus Baugh,47131,TE,OHIO STATE,5,85.3,0,260,59.9,,57.2,0,0,0,0.0,0.0,,0,0,0,64,0,0,0,75,0,11,0,0,64,51
Tyler Scott,19412,WR,UCLA,9,48.5,0,324,56.7,,69.9,0,0,0,0.0,0.0,,1,0,0,64,0,0,0,132,0,68,0,0,64,0
L.J. Scott,45797,HB,LOUISVILLE,13,42.7,0,210,70.6,53.2,71.8,0,2,25,30.5,30.5,96.0,0,2,0,64,0,0,0,150,25,82,0,0,39,2
Ray Lawry,45939,HB,DOMINION,12,16.0,0,263,77.5,62.4,43.2,0,5,42,18.5,18.9,94.0,0,5,0,64,0,0,0,401,47,249,0,0,17,0
Harrison Louden,13245,C,S ALABAMA,5,100.0,0,288,50.3,24.6,59.8,2,0,20,100.0,100.0,95.0,1,2,0,64,13,0,35,64,22,22,0,16,42,0
K.J. Brent,11349,WR,S CAROLINA,13,40.0,0,289,70.7,,88.8,0,0,0,0.0,0.0,,0,0,0,64,0,0,0,160,0,96,0,0,64,2
Jaquan White,47843,WR,UTEP,11,61.0,0,330,58.4,,59.4,0,0,0,0.0,0.0,,0,0,0,64,0,0,0,105,0,41,0,0,64,0
Dezmond Wortham,44817,HB,WAKE,7,29.8,0,339,62.7,67.7,67.1,1,1,49,43.4,43.6,91.8,0,5,3,64,0,0,0,215,51,117,0,0,13,3
Keith Bendixen,12933,C,S JOSE ST,3,100.0,0,285,57.9,65.8,60.3,1,1,30,100.0,100.0,96.7,1,2,0,64,8,0,0,64,31,31,52,0,33,4
Jalen Richard,11395,HB,SO MISS,7,22.0,0,296,67.5,52.9,72.3,1,2,37,17.2,17.2,93.2,0,4,1,63,0,0,0,286,38,221,0,0,25,2
Jarveon Williams,45938,HB,UTSA,8,29.2,0,331,66.1,48.8,57.9,1,1,30,27.3,26.5,96.7,1,2,0,63,0,0,0,216,31,117,0,0,32,2
Semaj Reed,26562,T,TEMPLE,4,100.0,0,306,63.6,66.3,61.8,0,1,22,100.0,100.0,97.7,1,1,0,63,0,23,40,63,22,22,0,0,41,0
Jimmy Williams,48063,WR,E CAROLINA,10,28.6,0,156,62.4,,52.7,0,0,0,0.0,0.0,,1,0,0,63,0,0,0,220,0,155,0,0,63,1
Jason Osei,22526,T,BAYLOR,6,100.0,0,118,44.3,57.9,52.6,0,1,15,100.0,100.0,96.7,2,1,0,63,0,14,30,63,15,15,0,19,48,0
Eddie Johnson,39434,TE,LA TECH,12,78.8,0,208,56.9,51.4,55.8,1,0,8,36.4,34.6,93.7,0,1,0,63,0,0,0,80,9,26,0,0,54,58
Mike Boone,31615,HB,CINCINNATI,9,24.0,0,138,77.1,78.4,61.3,0,0,36,27.1,27.9,100.0,1,0,0,63,0,0,0,263,38,136,0,0,25,0
Thomas Tyner,23651,HB,OREGON,11,21.4,0,264,73.1,72.3,58.1,0,1,37,24.8,24.5,98.6,0,1,0,63,0,0,0,294,38,155,0,0,25,0
Doni Dowling,48214,WR,VIRGINIA,12,36.4,0,335,62.0,,62.7,0,0,0,0.0,0.0,,1,0,0,63,0,0,0,173,0,109,0,0,63,0
Anthony Maddie,21288,QB,N ILLINOIS,9,42.9,0,254,58.5,,60.0,0,0,0,0.0,0.0,,0,0,0,63,0,0,0,147,0,44,0,0,63,0
Kevin Pope,15196,LB,SMU,6,45.3,2,287,58.2,84.0,67.9,0,2,57,57.0,57.8,96.5,3,3,1,63,0,0,0,139,59,102,0,0,4,0
Sterling Korona,46993,G,DUKE,5,100.0,0,154,71.1,80.4,69.3,0,0,16,100.0,100.0,100.0,0,0,0,63,0,0,0,63,16,16,59,4,47,0
Tyler White,47048,TE,ILLINOIS,12,71.6,0,187,67.3,73.4,60.8,0,0,6,22.2,21.9,100.0,1,0,0,63,0,0,0,88,7,32,0,0,56,83
Chuckie Keeton,19710,QB,UTAH ST,3,34.1,0,329,59.0,,60.4,0,0,0,0.0,0.0,,2,0,0,62,0,0,0,182,0,110,0,0,62,0
Brian Farley,18074,T,CAL,8,100.0,1,130,66.6,80.6,61.7,0,0,18,100.0,100.0,100.0,1,0,0,62,0,0,26,62,19,19,0,13,43,23
Brent Wilkerson,21960,FB,PENN STATE,11,76.5,0,266,64.5,68.4,60.7,0,0,3,15.0,13.6,100.0,1,0,0,62,0,0,1,81,3,22,0,0,59,44
Caleb Scott,48100,WR,VANDERBILT,11,38.0,0,333,54.1,,52.8,0,0,0,0.0,0.0,,0,0,0,62,0,0,0,163,0,101,0,0,62,0
Ike Boettger,46918,T,IOWA,6,98.4,0,192,56.4,62.8,54.8,0,2,22,95.7,95.7,95.5,0,2,0,62,0,18,12,63,22,23,0,0,40,33
Benny McGowan,45553,G,MICH STATE,5,100.0,0,223,66.9,81.6,64.7,0,0,14,100.0,100.0,100.0,0,0,0,62,3,59,0,62,14,14,0,0,48,0
Emanuel Thompson,47761,WR,TROY,11,58.5,0,318,58.2,,75.0,0,0,0,0.0,0.0,,0,0,0,62,0,0,0,106,0,44,0,0,62,0
Ervin Philips,47518,HB,SYRACUSE,12,32.1,0,304,70.8,19.1,61.4,1,4,12,12.6,12.5,79.2,0,5,0,62,0,0,0,193,12,96,0,0,50,1
James Flanders,45998,HB,TULSA,11,21.5,0,320,62.5,69.7,69.2,1,1,47,28.3,29.5,97.9,0,2,0,62,0,0,0,289,52,176,0,0,10,0
Sage Baltrusaitis,31110,T,ARMY,1,100.0,0,114,61.9,78.2,65.8,0,0,6,100.0,100.0,100.0,1,0,0,62,0,0,36,62,8,8,0,4,54,22
Alvonta Jenkins,37885,WR,MIAMI OH,12,50.4,0,221,57.5,67.4,68.6,0,0,1,1.6,1.6,100.0,0,0,0,62,0,0,0,123,1,62,0,0,61,1
Steven Bench,17685,QB,USF,6,33.7,0,327,66.3,,60.0,0,0,0,0.0,0.0,,1,0,0,62,0,0,0,184,0,117,0,0,62,0
George Frazier,47342,FB,COLORADO,12,64.6,0,143,59.7,65.3,55.5,0,1,9,26.5,25.0,94.4,0,1,0,62,0,0,0,96,10,40,0,0,52,24
Alec Bloom,47202,TE,UCONN,12,52.5,0,146,72.0,68.8,79.1,0,0,2,3.5,3.4,100.0,0,0,0,62,0,0,0,118,2,58,0,0,60,76
Kendrick Edwards,38284,WR,ARKANSAS,10,66.0,0,111,73.9,,71.1,0,0,0,0.0,0.0,,0,0,0,62,0,0,0,94,0,32,0,0,62,0
Jacorey Warrick,47656,WR,TEXAS,13,33.2,0,311,56.3,,61.9,0,0,0,0.0,0.0,,0,0,0,62,0,0,0,187,0,125,0,0,62,0
Nate Hairston,11913,WR,TEMPLE,7,38.8,0,306,57.3,,69.9,0,0,0,0.0,0.0,,0,0,0,62,0,0,0,160,0,98,0,0,62,0
Myles Willis,45825,HB,BOSTON COL,13,32.6,0,121,62.9,41.2,56.5,0,1,11,23.4,22.9,95.5,0,1,0,61,0,0,0,187,11,48,0,0,50,3
Marquez Grayson,45794,HB,E CAROLINA,12,44.9,0,156,65.0,79.9,79.2,0,0,32,54.2,56.5,100.0,0,0,0,61,0,0,0,136,35,62,0,0,26,0
Austin Davis,39377,C,DUKE,6,100.0,0,154,60.4,78.1,58.4,0,0,13,100.0,100.0,100.0,0,0,0,61,61,0,0,61,13,13,0,0,48,0
Nick Hill,13280,HB,MICH STATE,13,28.4,0,223,79.9,74.0,54.1,0,0,33,42.3,44.0,100.0,0,0,0,61,0,0,0,215,37,84,0,0,24,0
Malcolm Robinson,24243,WR,BUFFALO,6,61.0,0,126,60.0,,61.2,0,0,0,0.0,0.0,,1,0,0,61,0,0,0,100,0,39,0,0,61,0
Christian Green,14392,WR,FLORIDA ST,6,30.0,0,167,53.8,,46.0,0,0,0,0.0,0.0,,0,0,0,61,0,0,0,203,0,142,0,0,61,1
Kinderick Dent,13528,WR,TROY,12,58.7,0,318,52.0,,46.3,0,0,0,0.0,0.0,,1,0,0,61,0,0,0,104,0,43,0,0,61,0
Jordan Chunn,45727,HB,TROY,12,21.8,0,318,56.0,58.0,77.8,0,1,29,21.5,21.2,94.8,0,2,1,61,0,0,0,280,29,137,0,0,32,0
Nick Rossi,12531,FB,AKRON,8,84.7,0,102,65.6,72.1,72.8,0,1,29,74.4,73.2,98.3,1,1,0,61,0,0,0,72,30,41,0,0,31,0
Josh Boyle,18439,WR,KENT STATE,11,24.6,0,201,53.9,,62.7,0,0,0,0.0,0.0,,1,0,0,61,0,0,0,248,0,186,0,0,61,0
Ishmael Wilson,46107,T,BAYLOR,6,100.0,0,118,67.4,83.2,64.6,0,0,12,100.0,100.0,100.0,0,0,0,61,0,0,32,61,12,12,29,0,49,0
Steven Mitchell Jr.,47508,WR,USC,11,42.4,0,326,68.7,,58.0,0,0,0,0.0,0.0,,0,0,0,61,0,0,0,144,0,83,0,0,61,9
Jonathan Lytle,16123,FB,GA STATE,10,83.6,0,175,68.7,71.6,78.4,0,0,4,36.4,36.4,100.0,0,0,0,61,0,0,0,73,4,11,0,0,57,25
Valdez Showers,11410,WR,FLORIDA,9,61.6,0,163,59.5,,69.1,0,0,0,0.0,0.0,,0,0,0,61,0,0,0,99,0,37,0,0,61,0
Michael Dyer,10081,HB,LOUISVILLE,8,25.2,0,210,67.4,41.3,58.6,0,4,47,39.8,40.3,93.6,0,5,1,61,0,0,0,242,48,119,0,0,13,2
Christopher Roberson,46213,T,MEMPHIS,4,100.0,0,218,64.4,79.1,61.6,0,0,9,100.0,100.0,100.0,0,0,0,61,0,0,61,61,9,9,0,0,52,0
Herve Coby,17237,WR,BOWL GREEN,12,42.7,0,122,56.9,,76.9,0,0,0,0.0,0.0,,0,0,0,61,0,0,0,143,0,82,0,0,61,0
Jordan Wilkins,26618,HB,OLE MISS,13,35.3,0,226,66.3,37.2,65.5,0,1,16,22.2,21.1,96.9,0,1,0,61,0,0,0,173,16,76,0,0,45,0
Phillip Lindsay,12660,HB,COLORADO,12,26.3,0,143,64.3,55.3,57.3,1,3,44,34.1,33.8,95.5,0,4,0,61,0,0,0,232,46,136,0,0,15,0
Dakota Ball,45222,TE,ALABAMA,9,81.1,0,103,57.8,70.9,75.1,0,0,8,38.1,36.4,100.0,1,0,0,60,0,0,0,74,8,22,0,0,52,62
Soma Vainuku,11172,FB,USC,7,66.7,0,326,63.8,30.4,69.4,1,1,7,23.3,23.3,85.7,0,2,0,60,0,0,0,90,7,30,0,0,53,37
Timmy Keith,19741,WR,W MICHIGAN,12,56.6,0,347,50.7,,62.4,0,0,0,0.0,0.0,,0,0,0,60,0,0,0,106,0,46,0,0,60,0
Derrick Henry,10679,HB,ALABAMA,14,18.0,1,103,79.5,44.2,60.4,0,7,49,32.9,33.3,92.9,1,7,0,60,0,0,0,334,51,153,0,0,9,0
Gerald Howse,12392,HB,GA STATE,7,37.3,0,175,55.8,73.1,58.3,0,2,46,50.5,50.0,97.8,0,2,0,60,0,0,0,161,47,94,0,0,13,0
Jonah Austin,18272,T,LSU,4,100.0,0,211,59.4,80.6,60.4,0,0,10,100.0,100.0,100.0,1,0,0,60,0,0,0,60,12,12,0,60,48,0
Jeremiah Briscoe,27427,QB,UAB,6,49.6,0,321,40.5,,60.0,0,0,0,0.0,0.0,,0,0,0,60,0,0,0,121,0,57,0,0,60,0
Greg McKillion,48142,WR,MEMPHIS,7,90.9,0,218,65.7,,67.2,0,0,0,0.0,0.0,,0,0,0,60,0,0,0,66,0,5,0,0,60,0
River Cracraft,47417,WR,WASH STATE,9,12.5,0,341,76.5,61.9,64.8,0,0,1,0.3,0.2,100.0,0,0,0,60,0,0,0,479,1,420,0,0,59,2
Gabe Brandner,46372,T,DUKE,5,100.0,0,154,77.7,70.4,74.8,0,0,13,100.0,100.0,100.0,0,0,0,59,0,1,58,59,13,13,0,0,46,0
John Johnson,48283,WR,TROY,12,43.7,0,318,67.7,,76.5,0,0,0,0.0,0.0,,0,0,0,59,0,0,0,135,0,73,0,0,59,0
Crusoe Gongbay,14783,HB,NEW MEXICO,5,43.7,0,241,67.9,19.8,57.3,0,0,0,0.0,0.0,,0,0,0,59,0,0,0,135,0,11,0,0,59,0
Terrell Newby,45689,HB,NEBRASKA,13,32.2,0,238,68.2,33.0,65.6,0,1,24,30.8,30.9,97.9,0,1,0,59,0,0,0,183,25,81,0,0,34,0
Tony Feo,14913,G,OKLAHOMA,6,100.0,0,261,76.7,75.6,76.2,0,0,21,100.0,100.0,100.0,0,0,0,59,0,41,0,59,21,21,18,0,38,0
Nate Brown,29094,WR,MISSOURI,11,54.6,0,229,57.7,,56.9,0,0,0,0.0,0.0,,0,0,0,59,0,0,0,108,0,49,0,0,59,0
Patton Robinette,37962,QB,VANDERBILT,6,35.5,0,333,48.9,,60.3,0,0,0,0.0,0.0,,2,0,0,59,0,0,0,166,0,89,0,0,59,0
Eric Dungy,17609,WR,USF,9,69.4,0,327,51.7,,67.7,0,0,0,0.0,0.0,,0,0,0,59,0,0,0,85,0,26,0,0,59,0
Kyler Neal,45694,HB,GA STATE,4,40.4,0,175,63.6,89.8,58.1,0,0,49,52.7,53.0,100.0,0,0,0,59,0,0,0,146,53,100,0,0,6,0
Tony Creecy,10279,HB,NC STATE,13,36.4,0,248,66.0,56.1,62.2,0,4,40,45.5,45.7,95.0,1,4,0,59,0,0,0,162,42,92,0,0,17,0
Dominique Brown,9936,HB,LOUISVILLE,10,24.3,0,210,62.5,65.2,59.0,0,4,45,35.7,35.1,95.6,0,4,0,59,0,0,0,243,46,131,0,0,13,2
Terrence Upshaw,27916,HB,APP STATE,11,22.2,0,108,60.7,68.8,56.6,1,1,40,31.3,32.6,97.5,0,2,0,59,0,0,0,266,45,138,0,0,14,0
Carlton Agudosi,12010,WR,RUTGERS,10,76.6,0,278,67.2,,68.6,0,0,0,0.0,0.0,,0,0,0,59,0,0,0,77,0,18,0,0,59,0
Jamoral Graham,50462,WR,MISS STATE,6,69.4,0,227,64.2,,70.5,0,0,0,0.0,0.0,,0,0,0,59,0,0,0,85,0,26,0,0,59,1
Diocemy Saint Juste,45726,HB,HAWAII,12,37.3,0,180,60.9,38.2,67.7,0,4,47,66.2,64.4,95.7,0,4,0,59,0,0,0,158,47,73,0,0,12,0
Raheem Mostert,9783,HB,PURDUE,11,20.7,0,273,68.2,72.7,55.9,0,1,23,15.2,16.0,97.8,1,1,0,59,0,0,0,285,25,156,0,0,34,0
Desmon White,47694,WR,TCU,12,44.0,0,305,66.7,,70.6,0,0,0,0.0,0.0,,0,0,0,59,0,0,0,134,0,73,0,0,59,0
Chris Streveler,46440,QB,MINNESOTA,5,54.2,0,225,68.4,,60.0,0,0,0,0.0,0.0,,0,0,0,58,0,0,0,107,0,15,0,0,58,0
Taquan Mizzell Sr.,45675,HB,VIRGINIA,12,22.8,0,335,64.6,76.1,50.3,0,0,14,9.9,10.8,100.0,1,0,0,58,0,0,0,254,16,148,0,0,42,0
Tre' Parmalee,19868,WR,KANSAS,7,47.5,0,198,54.1,,58.1,0,0,0,0.0,0.0,,1,0,0,58,0,0,0,122,0,64,0,0,58,0
Jacob Wark,15101,TE,OREGON ST,10,68.2,1,265,56.0,73.8,55.7,0,0,7,21.9,20.6,100.0,2,0,0,58,0,0,0,85,7,34,0,0,51,76
Seth Grubb,13136,WR,UTSA,12,52.7,0,331,55.9,,59.9,0,0,0,0.0,0.0,,0,0,0,58,0,0,0,110,0,52,0,0,58,3
Xavier Johnson,45735,HB,S ALABAMA,12,30.9,0,288,69.8,55.4,68.4,0,3,33,41.8,42.2,95.5,0,3,0,58,0,0,0,188,35,83,0,0,23,0
Clark Quisenberry,39634,WR,TROY,11,41.4,0,318,63.3,,88.9,0,0,0,0.0,0.0,,1,0,0,58,0,0,0,140,0,82,0,0,58,1
Centarius Donald,12585,HB,LA MONROE,11,13.2,1,209,52.6,60.1,56.3,0,1,32,12.6,13.6,98.4,1,1,0,58,0,0,0,440,36,265,0,0,22,0
Kameron Bryant,17632,QB,APP STATE,5,46.4,0,108,61.0,,60.0,0,0,0,0.0,0.0,,0,0,0,58,0,0,0,125,0,50,0,0,58,0
Jordan Hogue,47618,WR,BALL ST,9,51.8,0,117,72.3,,68.5,0,0,0,0.0,0.0,,1,0,0,58,0,0,0,112,0,54,0,0,58,0
Tyrell Johnson,47587,WR,ARIZONA,14,33.5,0,109,55.7,,62.7,0,0,0,0.0,0.0,,0,0,0,58,0,0,0,173,0,112,0,0,58,0
Anthon Samuel,17950,HB,FIU,11,21.2,0,166,74.1,28.0,63.6,1,3,36,31.0,30.3,94.4,1,4,0,58,0,0,0,274,36,119,0,0,22,0
Thomas Rawls,9993,HB,C MICHIGAN,9,14.8,0,134,80.6,80.4,57.1,0,1,40,26.0,26.4,98.7,0,1,0,58,0,0,0,391,43,163,0,0,15,0
Marlon Pope,17751,TE,USF,10,75.3,0,327,53.7,32.8,55.5,0,1,7,26.9,29.6,92.9,1,1,0,58,0,0,0,77,8,27,0,1,50,67
Isaiah McKenzie,11927,WR,GEORGIA,11,56.9,0,173,50.2,,57.7,0,0,0,0.0,0.0,,0,0,0,58,0,0,0,102,0,37,0,0,58,0
Kyle Hicks,45714,HB,TCU,12,30.3,0,305,64.9,67.9,69.0,1,0,24,22.2,22.7,97.9,0,1,0,57,0,0,0,188,25,110,0,0,32,0
Michael Adkins II,22021,HB,COLORADO,10,23.9,0,143,62.7,70.1,57.7,0,1,43,31.2,31.3,98.8,0,1,0,57,0,0,0,238,45,144,0,0,12,0
D'Angelo Roberts,14347,HB,INDIANA,12,23.4,0,190,78.4,83.9,58.6,0,1,35,32.4,32.1,98.6,1,1,0,57,0,0,0,244,36,112,0,0,21,0
George Naufahu,16785,HB,UNLV,8,37.0,0,325,64.8,63.2,57.3,2,1,45,54.2,51.6,96.7,0,3,0,57,0,0,0,154,48,93,0,0,9,1
Montay Crockett,12108,WR,GA SOUTHRN,9,65.5,0,174,72.2,,70.4,0,0,0,0.0,0.0,,0,0,0,57,0,0,0,87,0,23,0,0,57,0
Kareem Hunt,11841,HB,TOLEDO,10,13.9,0,316,90.0,80.5,49.7,0,0,26,15.5,16.2,100.0,2,0,0,57,0,0,0,409,28,173,0,0,29,0
Grant Horst,46894,T,LA LAFAYET,6,100.0,0,207,65.9,71.6,62.5,0,1,23,100.0,100.0,97.8,1,1,0,57,0,0,0,57,23,23,0,57,34,0
Brice Fackler,47159,TE,KENT STATE,11,83.8,0,201,52.8,59.8,56.4,0,1,15,60.0,57.7,96.7,0,1,0,57,0,0,0,68,15,26,0,0,42,60
Nick Griffin,14743,HB,MISS STATE,10,41.0,0,227,65.0,72.3,86.6,0,1,11,21.6,25.9,95.5,0,1,0,57,0,0,0,139,15,58,0,0,42,0
Dontreal Pruitt,17469,QB,TROY,8,33.9,0,318,71.5,,60.0,0,0,0,0.0,0.0,,0,0,0,57,0,0,0,168,0,100,0,0,57,0
Rodriguez Coleman,19790,WR,KANSAS,7,43.8,0,198,53.2,,60.2,0,0,0,0.0,0.0,,0,0,0,57,0,0,0,130,0,73,0,0,57,0
Lorenzo Woodley,23860,HB,UMASS,10,26.4,0,216,62.4,74.7,57.8,0,1,39,42.9,45.5,96.2,0,2,1,57,0,0,0,216,45,99,0,0,12,1
Kennedy Estelle,19662,T,TEXAS,1,100.0,0,311,70.7,86.1,63.9,0,0,28,100.0,100.0,100.0,0,0,0,57,0,0,56,57,28,28,0,0,29,1
Gavin Otte,51532,WR,MISSOURI,14,52.3,0,229,54.3,,74.6,0,0,0,0.0,0.0,,0,0,0,57,0,0,0,109,0,52,0,0,57,0
Zack Oliver,18691,QB,NWESTERN,4,41.6,0,256,67.5,,60.0,0,0,0,0.0,0.0,,0,0,0,57,0,0,0,137,0,70,0,0,57,0
Clinton Taylor,18018,WR,FIU,10,47.1,0,166,66.8,,62.3,0,0,0,0.0,0.0,,0,0,0,57,0,0,0,121,0,61,0,0,57,0
Francis Owusu,47655,WR,STANFORD,13,31.8,0,300,65.0,,74.6,0,0,0,0.0,0.0,,0,0,0,57,0,0,0,179,0,120,0,0,57,0
Ridge Jones,23195,WR,NEW MEXICO,10,54.8,0,241,62.7,,69.6,0,0,0,0.0,0.0,,0,0,0,57,0,0,0,104,0,43,0,0,57,0
Marlon Watts,28874,WR,LA TECH,7,37.5,0,208,56.4,,52.1,0,0,0,0.0,0.0,,2,0,0,57,0,0,0,152,0,95,0,0,57,0
Jakobi Smith,46779,G,FAU,3,100.0,0,165,63.9,60.7,67.7,0,0,18,100.0,100.0,100.0,1,0,0,57,0,0,0,57,21,21,57,0,36,0
Derrick Hayward,47264,TE,MARYLAND,11,40.1,0,215,38.1,53.4,56.2,0,1,4,4.6,4.5,87.5,4,1,0,57,0,0,1,142,4,89,0,0,53,89
C.J. Davidson,17429,HB,CLEMSON,12,32.8,0,140,63.6,70.2,64.8,0,3,29,36.3,36.5,94.8,0,3,0,57,0,0,0,174,31,85,0,0,26,0
Todd Boyd,47841,WR,GA STATE,12,35.6,0,175,60.7,,69.4,0,0,0,0.0,0.0,,0,0,0,57,0,0,0,160,0,103,0,0,57,0
Dontrell Hilliard,45691,HB,TULANE,12,17.2,0,319,64.5,56.8,58.3,2,1,46,21.3,21.3,96.7,0,3,0,57,0,0,0,331,48,225,0,0,9,0
Alex Voelzke,17568,TE,ARKANSAS,7,91.8,0,111,68.9,71.4,71.4,0,0,8,61.5,61.5,100.0,0,0,0,56,0,0,5,61,8,13,0,1,48,41
Kendall Houston,15950,HB,S ALABAMA,13,19.8,0,288,67.9,74.9,64.4,1,0,37,30.8,30.4,98.6,0,1,0,56,0,0,0,283,38,125,0,0,18,0
Brandon Greene,47169,TE,ALABAMA,11,91.8,0,103,86.1,73.6,76.2,0,0,12,75.0,70.6,100.0,0,0,0,56,0,0,1,61,12,17,0,0,44,57
Michael Henry,47595,WR,W MICHIGAN,10,54.9,0,347,65.5,,70.4,0,0,0,0.0,0.0,,0,0,0,56,0,0,0,102,0,46,0,0,56,0
Tyler Anderson,15102,FB,OREGON ST,11,59.6,1,265,55.2,41.3,59.2,0,1,7,17.9,16.3,92.9,1,1,0,56,0,0,0,94,7,43,0,0,49,1
Romell Jordan,29467,HB,NEW MEXICO,8,52.8,0,241,66.4,70.8,49.7,0,0,1,5.9,5.9,100.0,0,0,0,56,0,0,0,106,1,17,0,0,55,0
Larry Rose III,39604,HB,NEW MEX ST,10,13.2,0,242,65.4,87.5,66.3,0,0,29,14.1,15.4,100.0,0,0,0,56,0,0,0,425,33,214,0,0,23,0
Keigan Williams,47584,WR,GA SOUTHRN,11,81.2,0,174,50.7,,59.7,0,0,0,0.0,0.0,,0,0,0,56,0,0,0,69,0,13,0,0,56,0
Brogan Roback,25079,QB,E MICHIGAN,3,52.8,0,160,58.3,,60.0,0,0,0,0.0,0.0,,0,0,0,56,0,0,0,106,0,47,0,0,56,0
C.J. Struyk,17961,C,E CAROLINA,4,100.0,0,156,58.4,80.3,59.1,0,0,20,100.0,100.0,100.0,2,0,0,56,56,0,0,56,21,21,0,0,35,0
Maverick Morris,34741,T,CLEMSON,4,100.0,0,140,85.5,70.0,82.5,0,0,12,100.0,100.0,100.0,0,0,0,56,0,0,24,56,12,12,0,32,44,0
Josh Boutte,12098,G,LSU,4,100.0,0,211,72.9,62.8,76.0,0,1,7,100.0,100.0,92.9,1,1,0,56,0,0,0,56,9,9,56,0,47,0
Terry Swanson,45948,HB,TOLEDO,12,21.8,0,316,69.8,57.8,54.1,0,1,18,18.4,20.0,91.7,1,2,1,56,0,0,0,257,21,105,0,0,35,0
Pierre Youngblood-Ary,18771,WR,NWESTERN,12,44.8,0,256,65.2,,61.0,0,0,0,0.0,0.0,,1,0,0,56,0,0,0,125,0,69,0,0,56,0
Jordan Parker,18614,HB,MIDDLE TN,12,16.5,0,224,61.2,50.5,50.5,0,2,24,13.7,14.0,95.8,0,2,0,56,0,0,0,340,25,179,0,0,31,19
Kevin Weatherspoon,14980,WR,PITTSBURGH,13,25.0,0,268,60.4,,63.0,0,0,0,0.0,0.0,,0,0,0,56,0,0,0,224,0,168,0,0,56,0
Quincy Perdue,27405,WR,UAB,8,64.0,0,321,64.8,,67.2,0,0,0,0.0,0.0,,0,0,0,55,0,0,0,86,0,31,0,0,55,0
Tyler Cain,16643,HB,LA MONROE,12,14.1,0,209,57.0,49.1,58.1,0,1,35,11.7,12.5,95.7,0,2,1,55,0,0,0,391,39,311,0,0,16,0
Brandon Burks,11306,HB,TROY,11,19.5,0,318,68.9,67.0,73.4,0,1,19,13.2,12.8,97.4,0,1,0,55,0,0,0,282,19,148,0,0,36,0
Jacob Carter,15124,WR,TENNESSEE,7,84.6,0,307,66.1,,69.1,0,0,0,0.0,0.0,,0,0,0,55,0,0,0,65,0,10,0,0,55,0
Robert Wheelwright,47887,WR,WISCONSIN,13,59.1,0,349,59.3,,65.5,0,0,0,0.0,0.0,,0,0,0,55,0,0,0,93,0,38,0,0,55,1
Khalid Hill,45614,TE,MICHIGAN,6,53.9,0,222,65.9,72.4,73.1,0,0,6,11.5,13.0,100.0,0,0,0,55,0,0,0,102,7,54,0,0,48,77
Jamal Robinson,10900,WR,LA LAFAYET,4,43.0,0,207,87.5,,60.7,0,0,0,0.0,0.0,,0,0,0,55,0,0,0,128,0,73,0,0,55,0
Cory Hunter,18176,HB,E CAROLINA,12,75.3,0,156,58.9,80.6,64.5,0,1,29,72.5,73.2,98.3,0,1,0,55,0,0,0,73,30,41,0,0,25,0
Charlie Renfree,30819,G,WYOMING,2,100.0,0,351,56.6,71.9,52.6,1,1,27,100.0,100.0,96.3,0,2,0,55,0,52,0,55,28,28,3,0,27,0
Anthony Scott,45935,HB,E CAROLINA,13,34.8,0,156,70.7,76.1,66.8,0,1,30,41.1,42.1,98.3,0,1,0,55,0,0,0,158,32,76,0,0,23,0
Jay Jones,15954,HB,S ALABAMA,6,27.4,0,288,66.9,56.6,59.8,1,1,28,32.2,32.6,96.4,0,2,0,55,0,0,0,201,30,92,0,0,25,0
Joe Craig,14543,WR,MEMPHIS,9,48.2,0,218,58.7,,53.7,0,0,0,0.0,0.0,,1,0,0,55,0,0,0,114,0,59,0,0,55,0
ArDarius Stewart,11834,WR,ALABAMA,11,50.5,0,103,74.4,,88.7,0,0,0,0.0,0.0,,1,0,0,55,0,0,0,109,0,54,0,0,55,1
Ashton Broyld,17153,WR,SYRACUSE,4,44.0,0,304,71.4,,65.5,0,0,0,0.0,0.0,,0,0,0,55,0,0,0,125,0,70,0,0,55,0
Sherman Badie,39248,HB,TULANE,12,15.5,0,319,68.3,69.9,65.8,0,1,37,18.0,18.2,95.9,0,2,1,55,0,0,0,355,39,214,0,0,16,0
K.C. McDermott,29035,T,MIAMI FL,3,100.0,0,220,63.8,83.9,63.5,0,0,22,100.0,100.0,100.0,1,0,0,55,0,0,0,55,23,23,5,50,32,0
Hunter Vaughn,38201,QB,S ALABAMA,4,38.5,0,288,30.5,,60.0,0,0,0,0.0,0.0,,1,0,0,55,0,0,0,143,0,69,0,0,55,0
Jordan Akins,47050,TE,UCF,13,30.3,0,323,56.4,71.2,59.5,0,0,2,1.7,1.6,100.0,1,0,0,54,0,0,0,178,2,126,0,0,52,113
Derek Straus,19851,FB,WISCONSIN,4,93.1,0,349,63.9,60.9,64.3,0,0,6,60.0,60.0,100.0,0,0,0,54,0,0,0,58,6,10,0,0,48,0
Grant Lingafelter,46817,G,W VIRGINIA,3,100.0,1,343,57.1,12.1,63.4,0,3,23,100.0,100.0,93.5,1,3,0,54,0,47,0,54,24,24,7,0,30,0
Josiah Monroe,13145,WR,UTSA,12,37.0,0,331,62.4,,69.6,0,0,0,0.0,0.0,,0,0,0,54,0,0,0,146,0,92,0,0,54,0
Fransohn Bickley,21341,WR,AKRON,11,20.5,0,102,58.2,,59.6,0,0,0,0.0,0.0,,0,0,0,54,0,0,0,263,0,209,0,0,54,0
Brandon Reilly,12150,WR,NEBRASKA,7,46.2,0,238,59.2,,72.0,0,0,0,0.0,0.0,,0,0,0,54,0,0,0,117,0,63,0,0,54,0
Johntre' Goudy,23818,FB,SO MISS,9,94.7,0,296,56.5,18.7,63.8,0,1,2,40.0,50.0,75.0,1,1,0,54,0,0,0,57,3,6,0,0,51,14
Tray Butler,14354,FB,GA SOUTHRN,8,94.7,0,174,61.2,,61.2,0,0,0,0.0,0.0,,0,0,0,54,0,0,0,57,0,3,0,0,54,0
Sam Tevi,11945,T,UTAH,4,100.0,0,328,59.3,83.5,54.3,0,0,16,100.0,100.0,100.0,0,0,0,54,0,0,0,54,16,16,0,53,38,1
Ito Smith,45932,HB,SO MISS,11,17.5,0,296,70.0,51.3,55.7,1,4,38,27.0,26.2,88.2,0,7,2,53,0,0,0,302,39,149,0,0,14,0
Charles Standberry Jr.,47318,TE,LOUISVILLE,13,64.6,0,210,80.4,69.9,65.1,0,0,2,6.9,6.5,100.0,0,0,0,53,0,0,0,82,2,31,0,0,51,65
Keelan Ewaliko,47762,WR,HAWAII,12,55.2,0,180,74.4,63.9,57.0,0,0,1,2.7,2.7,100.0,1,0,0,53,0,0,0,96,1,37,0,0,52,0
Luke Falk,46586,QB,WASH STATE,6,15.3,0,341,69.4,,60.0,0,0,0,0.0,0.0,,3,0,0,53,0,0,0,347,0,288,0,0,53,0
Haniteli Lousi,19103,G,OREGON,6,100.0,0,264,70.4,32.8,71.8,1,0,13,100.0,100.0,96.2,0,1,0,53,0,53,0,53,13,13,0,0,40,0
Eddie Gordon,19424,C,LA LAFAYET,5,100.0,0,207,82.4,63.4,79.1,0,0,19,100.0,100.0,100.0,0,0,0,53,45,0,0,53,19,19,8,0,34,0
Tra Carson,11104,HB,TEXAS A&M,12,14.8,0,312,66.6,75.6,69.6,1,1,35,16.7,18.6,97.1,0,2,0,53,0,0,0,358,41,220,0,0,12,0
Metuisela 'Unga,47380,TE,HAWAII,7,59.6,0,180,39.4,72.1,43.8,0,0,6,15.4,16.3,100.0,0,0,0,53,0,0,0,89,7,43,0,0,46,86
Jordan Ellis,45626,FB,WYOMING,10,81.5,0,351,71.7,60.6,71.2,0,0,9,42.9,42.9,88.9,0,1,1,53,0,0,0,65,9,21,0,0,44,2
Dominic Espinosa,15467,C,TEXAS,1,100.0,0,311,66.1,75.7,67.2,1,0,26,100.0,100.0,98.1,1,1,0,53,53,0,0,53,26,26,0,0,27,0
Adonis Ameen-Moore,51555,HB,SYRACUSE,11,31.4,0,304,69.2,30.8,75.3,0,4,28,35.9,34.9,92.9,0,4,0,53,0,0,0,169,29,83,0,0,24,0
Chandler Dorrell,26661,WR,VANDERBILT,11,32.9,0,333,57.7,,66.1,0,0,0,0.0,0.0,,0,0,0,53,0,0,0,161,0,108,0,0,53,0
Brandon Lingen,26308,TE,MINNESOTA,10,83.9,0,225,72.5,68.7,68.1,0,0,3,23.1,23.1,100.0,1,0,0,52,0,0,0,62,3,13,0,0,49,40
Imani Cross,18674,HB,NEBRASKA,12,35.4,0,238,68.6,84.2,78.1,0,0,18,50.0,55.0,100.0,1,0,0,52,0,0,0,147,22,40,0,0,30,0
Justin Scott-Wesley,17584,WR,GEORGIA,5,60.5,0,173,63.2,,59.6,0,0,0,0.0,0.0,,0,0,0,52,0,0,0,86,0,34,0,0,52,0
Nick Brigham,22140,G,GA TECH,3,100.0,0,176,71.6,30.4,71.0,0,1,2,100.0,100.0,75.0,0,1,0,52,0,0,0,52,3,3,52,0,49,0
Robert Lewis,47715,WR,WASH STATE,12,13.9,0,341,61.7,,73.3,0,0,0,0.0,0.0,,2,0,0,52,0,0,0,375,0,323,0,0,52,0
Kyle Bolin,46414,QB,LOUISVILLE,4,35.9,0,210,75.3,,60.0,0,0,0,0.0,0.0,,0,0,0,52,0,0,0,145,0,88,0,0,52,0
Jeremiah Stuckey,38376,G,TEXAS A&M,4,100.0,0,312,63.4,73.0,61.4,0,1,18,100.0,100.0,97.2,0,1,0,52,0,23,0,52,18,18,19,0,34,5
Edens Sineace,22753,T,FIU,4,100.0,1,166,57.8,44.4,60.8,0,2,25,100.0,100.0,96.0,1,2,0,52,0,0,0,52,27,27,0,51,25,1
Jason Reese,47367,TE,MISSOURI,10,69.3,0,229,63.5,67.8,67.0,0,0,2,8.3,8.0,100.0,0,0,0,52,0,0,0,75,2,25,0,0,50,38
Devon Edwards,39716,TE,PITTSBURGH,11,96.3,0,268,57.5,26.7,60.9,0,0,2,50.0,60.0,100.0,1,0,0,52,0,0,0,54,3,5,0,0,49,54
Casey Gladney,20506,WR,CINCINNATI,12,33.5,0,138,60.5,,60.2,0,0,0,0.0,0.0,,1,0,0,52,0,0,0,155,0,103,0,0,52,0
Quintavius Burdette,16737,WR,OLE MISS,8,57.8,0,226,62.1,,81.9,0,0,0,0.0,0.0,,0,0,0,52,0,0,0,90,0,38,0,0,52,0
De'Veon Smith,45671,HB,MICHIGAN,12,22.8,0,222,66.3,48.4,63.1,0,1,27,29.7,31.2,94.4,1,2,1,51,0,0,0,224,29,93,0,0,22,0
Andrew Buie,20009,HB,W VIRGINIA,12,23.8,0,343,59.2,36.9,67.6,1,0,15,13.6,13.1,96.7,1,1,0,51,0,0,0,214,16,122,0,0,35,0
Hunter Jarmon,29633,WR,OREGON ST,12,16.9,0,265,59.5,,50.8,0,0,0,0.0,0.0,,3,0,0,51,0,0,0,302,0,250,0,0,51,0
Jeffrey Jay,14152,WR,BOSTON COL,11,70.8,0,121,56.2,,64.4,0,0,0,0.0,0.0,,0,0,0,51,0,0,0,72,0,21,0,0,51,2
Reggie Love,38184,WR,WISCONSIN,12,44.3,0,349,54.1,,60.5,0,0,0,0.0,0.0,,0,0,0,51,0,0,0,115,0,63,0,0,51,0
Trae Moxley,27103,T,COLO STATE,5,100.0,0,144,71.4,47.4,72.8,1,0,15,100.0,100.0,90.0,0,2,1,51,0,0,50,51,17,17,0,0,34,1
Spencer Stanley,23744,C,RICE,8,89.5,0,275,64.2,78.7,63.7,0,0,14,70.0,70.0,100.0,1,0,0,51,20,0,0,57,14,20,0,0,37,37
Carlton Martin,12804,TE,OLE MISS,11,92.7,0,226,64.7,74.5,65.7,0,0,7,63.6,63.6,100.0,0,0,0,51,0,0,0,55,7,11,0,0,44,15
Nick Stevens,46468,QB,COLO STATE,5,63.8,0,144,41.2,,60.0,0,0,0,0.0,0.0,,0,0,0,51,0,0,0,80,0,28,0,0,51,0
David Ungerer III,27581,WR,IDAHO,8,26.4,0,185,52.2,,66.3,0,0,0,0.0,0.0,,1,0,0,51,0,0,0,193,0,142,0,0,51,0
Shane Wimann,47295,TE,N ILLINOIS,11,76.1,0,254,59.9,69.7,68.6,0,0,2,11.1,11.1,100.0,0,0,0,51,0,0,0,67,2,18,0,0,49,34
Duvall Smith,12394,FB,GA STATE,10,32.3,0,175,45.7,73.9,59.0,2,0,35,37.2,38.8,97.1,0,2,0,51,0,0,0,158,38,98,0,0,13,0
Deontae Cooper,19676,HB,WASHINGTON,14,23.8,0,340,66.3,79.8,55.5,0,1,19,16.7,16.8,97.4,0,1,0,51,0,0,0,214,20,119,0,0,31,0
Dillon Root,17346,WR,FRESNO ST,9,30.9,0,169,55.8,,58.8,0,0,0,0.0,0.0,,0,0,0,50,0,0,0,162,0,107,0,0,50,0
Justin Davis,12202,HB,USC,13,16.6,0,326,67.4,57.6,60.2,1,4,37,24.3,23.6,93.2,0,5,0,50,0,0,0,302,38,161,0,0,12,0
Chris Hipps,15120,TE,SMU,7,40.7,0,287,51.4,70.7,73.8,0,0,2,2.8,2.7,100.0,0,0,0,50,0,0,0,123,2,75,0,2,48,3
Ajahne Brager,28629,T,KANSAS ST,4,100.0,0,199,67.9,85.2,63.5,0,0,13,100.0,100.0,100.0,0,0,0,50,0,0,50,50,13,13,0,0,37,0
Tommy Boynton,12611,G,GA SOUTHRN,5,100.0,0,174,74.8,77.4,73.2,0,0,2,100.0,100.0,100.0,0,0,0,50,0,0,0,50,4,4,50,0,46,0
Gunnar Holcombe,46409,QB,MARSHALL,8,61.0,0,214,60.9,,60.0,0,0,0,0.0,0.0,,1,0,0,50,0,0,0,82,0,21,0,0,50,0
Damon Bullock,39159,HB,IOWA,10,19.5,0,192,62.0,56.3,59.3,2,1,37,17.8,17.3,95.9,0,3,0,50,0,0,0,256,37,214,0,0,13,0
Trey Norman,15684,WR,WYOMING,11,63.3,0,351,60.7,,69.5,0,0,0,0.0,0.0,,0,0,0,50,0,0,0,79,0,29,0,0,50,0
Patrick Skov,11067,FB,STANFORD,11,64.9,0,300,52.7,63.6,62.8,1,0,27,64.3,65.1,94.4,0,2,1,50,0,0,0,77,28,43,0,0,22,1
Michael Gegner,12574,C,N ILLINOIS,4,100.0,0,254,64.1,78.7,61.4,0,0,10,100.0,100.0,100.0,0,0,0,50,50,0,0,50,10,10,0,0,40,0
Justin Hazer,20730,G,OHIO,1,100.0,0,259,63.0,69.6,60.9,1,0,28,100.0,100.0,98.2,0,1,0,50,0,50,0,50,29,29,0,0,21,0
Peter Calderone,16548,G,TEMPLE,3,100.0,0,306,76.4,80.0,75.0,0,0,11,100.0,100.0,100.0,1,0,0,49,0,49,0,49,11,11,0,0,38,0
Adrian Sullivan,46728,G,TEMPLE,3,100.0,0,306,65.6,80.0,63.5,0,0,11,100.0,100.0,100.0,0,0,0,49,0,0,0,49,11,11,37,12,38,0
Tony Stevens,12143,WR,AUBURN,7,79.0,0,115,76.0,,90.2,0,0,0,0.0,0.0,,0,0,0,49,0,0,0,62,0,13,0,0,49,0
Spencer Treadwell,18544,HB,MIAMI OH,8,59.8,0,221,62.0,81.0,57.7,1,0,36,67.9,67.9,98.6,0,1,0,49,0,0,0,82,38,56,0,0,11,0
Brandon Terry,12551,WR,WAKE,7,37.7,0,339,58.0,,60.4,0,0,0,0.0,0.0,,1,0,0,49,0,0,0,130,0,81,0,0,49,0
Stephen Rivers,16594,QB,VANDERBILT,4,39.8,0,333,39.3,,60.0,0,0,0,0.0,0.0,,2,0,0,49,0,0,0,123,0,72,0,0,49,0
Sean Avant,48287,WR,SYRACUSE,7,39.2,0,304,51.7,,68.1,0,0,0,0.0,0.0,,0,0,0,49,0,0,0,125,0,76,0,0,49,0
Mitch Trubisky,11757,QB,N CAROLINA,12,35.0,0,245,46.9,,60.0,0,0,0,0.0,0.0,,1,0,0,49,0,0,0,140,0,86,0,0,49,0
Kenny Williams,15309,ED,TEXAS TECH,7,51.0,0,315,61.8,70.9,69.0,0,1,11,23.9,24.5,95.5,2,1,0,49,0,0,0,96,12,49,0,0,37,5
Phillip Ely,19653,QB,TOLEDO,2,38.3,0,316,65.2,,60.0,0,0,0,0.0,0.0,,1,0,0,49,0,0,0,128,0,73,0,0,49,0
Brandon Powell,48036,HB,FLORIDA,9,34.8,0,163,71.3,80.7,55.1,0,0,7,8.8,8.4,100.0,0,0,0,49,0,0,0,141,7,83,0,0,42,1
Alex Ross,38293,HB,OKLAHOMA,13,22.7,0,261,68.8,84.9,56.0,0,0,23,24.5,25.0,100.0,0,0,0,48,0,0,0,211,25,100,0,0,23,1
Tony Cook,16947,WR,LA MONROE,7,25.1,0,209,52.7,,68.5,0,0,0,0.0,0.0,,0,0,0,48,0,0,0,191,0,143,0,0,48,2
Keith Heitzman,18588,TE,MICHIGAN,9,75.0,0,222,55.9,68.9,59.8,0,0,4,21.1,20.0,100.0,2,0,0,48,0,0,0,64,4,20,0,0,44,54
Jeff Allen,12455,TE,AKRON,10,87.3,0,102,52.8,72.7,62.8,0,0,5,45.5,41.7,100.0,0,0,0,48,0,0,0,55,5,12,0,0,43,51
Damian Williams,46496,QB,MISS STATE,6,52.7,0,227,49.7,,60.0,0,0,0,0.0,0.0,,0,0,0,48,0,0,0,91,0,25,0,0,48,0
Tyrone Carter,39229,WR,LA MONROE,10,25.9,0,209,46.5,,60.9,0,0,0,0.0,0.0,,0,0,0,48,0,0,0,185,0,137,0,0,48,0
Dolapo Macarthy,15052,TE,PURDUE,11,46.6,0,273,60.4,65.4,82.4,0,0,1,1.8,1.8,100.0,0,0,0,48,0,0,0,103,1,56,0,0,47,6
Pedro Sibiea,23076,G,LOUISVILLE,3,100.0,0,210,57.4,40.4,58.3,0,2,15,100.0,100.0,93.3,0,2,0,48,0,17,0,48,16,16,29,2,32,0
Spencer Region,13483,C,CLEMSON,4,100.0,0,140,61.8,77.3,59.8,0,0,9,100.0,100.0,100.0,0,0,0,48,16,26,0,48,9,9,6,0,39,0
Dareyon Chance,15690,HB,W MICHIGAN,13,25.0,0,347,66.3,60.3,72.0,0,0,24,24.7,25.0,95.8,0,1,1,48,0,0,0,192,25,100,0,0,23,0
Lincoln Howard,46657,T,N ILLINOIS,4,100.0,0,254,59.2,79.8,56.1,0,0,9,100.0,100.0,100.0,0,0,0,48,0,0,0,48,9,9,0,47,39,1
Alec Moulton,24151,WR,W MICHIGAN,12,67.6,0,347,55.0,,70.3,0,0,0,0.0,0.0,,0,0,0,48,0,0,0,71,0,23,0,0,48,0
Marc Pouvave,51509,T,UTAH,4,100.0,0,328,71.2,47.6,71.3,0,1,12,100.0,100.0,95.8,0,1,0,48,0,20,27,48,12,12,0,0,36,1
Cody Thompson,48152,WR,TOLEDO,13,55.2,0,316,59.5,,71.6,0,0,0,0.0,0.0,,1,0,0,48,0,0,0,87,0,39,0,0,48,0
Maurice Hunt,37832,T,GA SOUTHRN,3,100.0,0,174,66.1,73.1,64.0,0,0,0,,100.0,,0,0,0,48,0,0,0,48,2,2,0,48,46,0
Delton Williams,45637,HB,MICH STATE,12,32.0,0,223,77.8,67.2,55.6,1,0,19,30.6,31.3,97.4,0,1,0,48,0,0,0,150,20,64,0,0,28,0
Jordan Moore,51293,WR,TCU,8,50.5,0,305,53.8,,70.0,0,0,0,0.0,0.0,,0,0,0,48,0,0,0,95,0,47,0,0,48,0
Austin Hays,47659,WR,OKLA STATE,9,39.0,0,262,55.5,,66.6,0,0,0,0.0,0.0,,0,0,0,48,0,0,0,123,0,75,0,0,48,0
J.D. Moore,57062,FB,LSU,7,94.1,0,211,68.1,72.5,68.2,0,0,2,50.0,40.0,100.0,0,0,0,48,0,0,0,51,2,5,0,0,46,0
Trent Cowan,47208,WR,IDAHO,11,48.5,0,185,49.2,,57.3,0,0,0,0.0,0.0,,1,0,0,48,0,0,0,99,0,51,0,0,48,0
Theron West,12841,HB,WASH STATE,8,24.5,0,341,66.5,72.4,62.5,0,0,36,23.7,22.2,100.0,0,0,0,48,0,0,0,196,36,162,0,0,12,0
Fabian Johnson,45853,HB,W MICHIGAN,13,32.9,0,347,51.1,29.4,60.0,2,4,43,35.8,35.8,88.4,0,8,2,48,0,0,0,146,44,123,0,0,4,0
Clayton Glasper,48072,WR,N ILLINOIS,7,55.2,0,254,54.4,,57.6,0,0,0,0.0,0.0,,0,0,0,48,0,0,0,87,0,39,0,0,48,0
Stephen Baggett,47181,TE,E CAROLINA,13,75.0,0,156,59.1,62.3,58.4,0,0,8,33.3,33.3,100.0,0,0,0,48,0,0,0,64,8,24,0,0,40,26
Chris Herndon,47164,TE,MIAMI FL,7,78.3,0,220,50.5,69.4,54.2,0,0,3,18.8,18.8,100.0,0,0,0,47,0,0,0,60,3,16,0,0,44,51
Vinnie Palazeti,22487,G,BALL ST,4,100.0,0,117,49.6,36.1,50.1,0,2,20,100.0,100.0,95.0,0,2,0,47,0,20,6,47,21,21,19,2,26,0
Bernard Davis,47836,WR,UMASS,11,43.9,0,216,56.4,71.4,66.6,0,0,1,1.7,1.6,100.0,0,0,0,47,0,0,1,107,1,61,0,0,46,0
Vernon Davis Jr.,24261,WR,W VIRGINIA,6,64.4,0,343,70.5,,68.9,0,0,0,0.0,0.0,,0,0,0,47,0,0,0,73,0,26,0,0,47,1
Ashton Shumpert,45740,HB,MISS STATE,12,29.9,0,227,51.6,81.2,60.0,0,0,13,17.6,17.3,100.0,0,0,0,47,0,0,0,157,13,75,0,0,34,0
Marques Little,47461,WR,DOMINION,11,35.3,0,263,70.9,,61.1,0,0,0,0.0,0.0,,0,0,0,47,0,0,0,133,0,86,0,0,47,0
Donnell Kirkwood,12441,HB,MINNESOTA,12,50.5,0,225,59.0,52.5,57.9,0,3,28,65.1,65.1,91.1,0,4,1,47,0,0,0,93,28,43,0,0,19,0
Buddy Howell,12888,HB,FAU,3,39.2,0,165,68.4,85.4,82.1,0,0,23,52.3,51.1,100.0,0,0,0,47,0,0,0,120,23,45,0,0,24,0
Devante McFarlane,17079,HB,SYRACUSE,10,40.5,0,304,66.3,77.7,77.5,0,1,17,30.4,30.5,97.1,0,1,0,47,0,0,0,116,18,59,0,0,29,1
Brandon Williams,10726,HB,TEXAS A&M,13,19.7,0,312,54.7,62.9,46.2,0,1,37,26.8,27.1,95.9,1,2,1,47,0,0,0,239,39,144,0,0,8,0
Curtis Samuel,11795,HB,OHIO STATE,14,28.7,0,260,82.2,61.0,93.9,1,1,14,19.7,22.7,92.9,0,2,0,47,0,0,0,164,17,75,0,0,30,1
Lucas Bezerra,30818,TE,W MICHIGAN,11,94.0,0,347,55.2,70.4,55.4,0,0,3,50.0,50.0,100.0,0,0,0,47,0,0,0,50,3,6,0,0,44,46
Peter Godber,46777,G,RICE,6,100.0,0,275,59.3,83.6,60.4,0,0,21,100.0,100.0,100.0,1,0,0,47,0,0,0,47,21,21,47,0,26,0
Nick Davidson,17341,T,STANFORD,10,100.0,0,300,62.8,74.6,58.8,0,1,16,100.0,100.0,96.9,0,1,0,47,0,0,0,47,16,16,0,36,31,11
Ben Boesen,18465,TE,IOWA STATE,10,71.2,0,193,52.2,70.6,66.6,0,0,3,13.6,17.4,100.0,0,0,0,47,0,0,0,66,4,23,0,0,43,61
Ryan Lindblade,21303,T,TEXAS A&M,2,100.0,0,312,64.9,81.3,59.4,0,0,18,100.0,100.0,100.0,0,0,0,46,0,0,0,46,18,18,0,46,28,0
Justin Johnson,17344,WR,FRESNO ST,8,30.5,0,169,56.6,,66.7,0,0,0,0.0,0.0,,0,0,0,46,0,0,0,151,0,105,0,0,46,0
Keith Ford,23614,HB,OKLAHOMA,8,20.9,0,261,69.8,77.7,73.2,0,1,29,23.2,22.9,98.3,0,1,0,46,0,0,0,220,30,131,0,0,16,0
Troy Williams,46431,QB,WASHINGTON,4,46.5,0,340,45.1,,60.0,0,0,0,0.0,0.0,,0,0,0,46,0,0,0,99,0,47,0,0,46,0
Dylan Turner,14359,TE,GA SOUTHRN,6,97.9,0,174,55.8,71.4,55.3,0,0,2,66.7,66.7,100.0,0,0,0,46,0,0,0,47,2,3,0,0,44,33
Kristoffer Olugbode,13650,HB,IDAHO,8,32.4,0,185,63.2,75.6,59.8,1,1,40,42.1,41.3,97.5,0,2,0,46,0,0,0,142,43,104,0,0,3,0
Nate Dreslinski,13845,TE,AIR FORCE,9,86.8,0,101,58.9,,63.6,0,0,0,0.0,0.0,,0,0,0,46,0,0,0,53,0,7,0,0,46,23
Chase Hughes,12803,C,OLE MISS,3,100.0,0,226,57.6,45.9,58.3,0,1,12,100.0,100.0,95.8,0,1,0,46,31,0,0,46,12,12,15,0,34,0
Treyous Jarrells,16919,HB,COLO STATE,10,21.1,0,144,83.4,61.5,72.4,1,1,39,32.0,33.1,97.4,1,2,0,46,0,0,0,218,42,127,1,0,4,1
Paco Solano,17797,FB,AIR FORCE,5,68.7,0,101,55.2,62.2,64.3,0,1,7,53.8,50.0,92.9,0,1,0,46,0,0,0,67,7,14,0,0,39,21
Kelsey Young,11400,HB,STANFORD,13,30.7,0,300,59.0,68.5,68.0,1,0,22,39.3,40.7,97.7,0,1,0,46,0,0,0,150,24,59,0,0,22,0
Andrew Scanlan,48025,WR,NWESTERN,9,67.6,0,256,58.0,,50.1,0,0,0,0.0,0.0,,0,0,0,46,0,0,0,68,0,22,0,0,46,0
Jonathan Duhart,47666,WR,DOMINION,11,41.4,0,263,66.3,,73.3,0,0,0,0.0,0.0,,1,0,0,46,0,0,0,111,0,65,0,0,46,0
Matthew Walsh,49806,FB,UCONN,8,70.8,0,146,51.2,9.5,52.5,0,1,3,14.3,17.4,83.3,0,1,0,46,0,0,0,65,4,23,1,0,42,4
William McGehee,16708,T,ARIZONA ST,8,100.0,0,110,68.9,80.8,66.6,0,0,11,100.0,100.0,100.0,0,0,0,46,0,0,9,46,11,11,32,3,35,2
Clayton Echard,11458,TE,MISSOURI,13,86.8,0,229,64.0,63.5,68.4,0,0,0,0.0,12.5,,0,0,0,46,0,0,0,53,1,8,0,0,45,52
Jordon Vaden,45127,WR,COLO STATE,7,44.7,0,144,53.8,,60.2,0,0,0,0.0,0.0,,1,0,0,46,0,0,0,103,0,57,0,0,46,0
Greg Siener,19579,G,LA LAFAYET,5,100.0,0,207,64.9,85.2,62.0,0,0,17,100.0,100.0,100.0,0,0,0,46,0,0,0,46,17,17,46,0,29,0
Hosey Williams,20432,HB,CINCINNATI,4,43.4,0,138,69.2,68.2,53.3,1,0,34,53.1,52.9,95.6,0,2,1,46,0,0,0,106,36,68,0,0,10,0
Nathan Peterman,11926,QB,TENNESSEE,7,59.2,0,307,43.4,,60.2,0,0,0,0.0,0.0,,1,0,0,45,0,0,0,76,0,25,0,0,45,0
Josh Tremblay,38830,T,FRESNO ST,7,100.0,0,169,66.8,77.1,69.1,0,0,4,100.0,100.0,100.0,1,0,0,45,0,0,25,45,4,4,0,7,41,13
Hunter Wells,18522,G,MIAMI FL,4,100.0,0,220,59.3,81.0,56.6,0,0,14,100.0,100.0,100.0,0,0,0,45,0,42,0,45,14,14,3,0,31,0
Austin Doan,26135,G,C MICHIGAN,1,100.0,0,134,51.0,52.6,54.9,0,0,15,100.0,100.0,93.3,1,1,1,45,0,0,0,45,15,15,45,0,30,0
Jeremy Sparks,23883,G,LA LAFAYET,3,100.0,0,207,73.6,71.5,74.3,0,1,27,100.0,100.0,98.1,0,1,0,45,0,45,0,45,27,27,0,0,18,0
Monty Madaris,48154,WR,MICH STATE,6,72.6,0,223,73.8,,57.7,0,0,0,0.0,0.0,,0,0,0,45,0,0,0,62,0,17,0,0,45,0
Jeremy Tabuyo,48320,WR,TEXAS A&M,13,33.6,1,312,60.3,,82.5,0,0,0,0.0,0.0,,1,0,0,45,0,0,0,134,0,89,0,0,45,0
Xavier Hall,38027,HB,NEW MEX ST,10,19.3,0,242,58.7,81.9,55.7,0,0,15,15.3,16.8,100.0,0,0,0,45,0,0,0,233,17,101,0,0,28,0
Jason Stewart,38678,QB,MEMPHIS,5,73.8,0,218,51.9,,60.0,0,0,0,0.0,0.0,,1,0,0,45,0,0,0,61,0,4,0,0,45,0
Chris Laviano,46398,QB,RUTGERS,5,54.9,0,278,50.0,,60.0,0,0,0,0.0,0.0,,0,0,0,45,0,0,0,82,0,33,0,0,45,0
Ezra Saffold,47442,WR,N ILLINOIS,7,47.9,0,254,64.0,,57.1,0,0,0,0.0,0.0,,0,0,0,45,0,0,0,94,0,41,0,0,45,0
Ziere Banner,30532,WR,UTEP,7,88.2,0,330,58.0,,66.4,0,0,0,0.0,0.0,,0,0,0,45,0,0,0,51,0,5,0,0,45,0
Jordan Davis,27648,TE,GEORGIA,7,84.9,0,173,80.3,72.3,66.7,0,0,5,38.5,38.5,100.0,0,0,0,45,0,0,0,53,5,13,0,0,40,45
Brandon Armstrong,13143,HB,UTSA,11,26.0,0,331,62.5,80.4,66.0,0,0,12,12.9,12.5,100.0,0,0,0,45,0,0,0,173,12,96,0,0,33,0
Greg Hankerson Jr.,22834,QB,FAU,8,39.5,0,165,56.6,,60.4,0,0,0,0.0,0.0,,1,0,0,45,0,0,0,114,0,65,0,0,45,0
Armanti Foreman,48286,WR,TEXAS,11,33.8,0,311,67.0,,57.7,0,0,0,0.0,0.0,,0,0,0,44,0,0,0,130,0,83,0,0,44,0
Laquvionte Gonzalez,47496,WR,TEXAS A&M,9,50.6,0,312,52.9,,50.9,0,0,0,0.0,0.0,,1,0,0,44,0,0,0,87,0,43,0,0,44,0
Austin Wilson,38034,QB,SYRACUSE,5,40.4,0,304,29.1,,60.0,0,0,0,0.0,0.0,,0,0,0,44,0,0,0,109,0,60,0,0,44,0
Sione Maile,13653,G,IDAHO,3,100.0,0,185,58.8,54.1,78.2,0,5,33,100.0,100.0,92.4,2,5,0,44,0,18,0,44,37,37,26,0,7,0
Devin Campbell,17899,HB,BUFFALO,10,23.2,0,126,66.6,27.7,58.7,0,4,38,26.8,26.8,89.5,0,6,2,44,0,0,0,190,41,153,0,0,3,0
DeMarrion Buford-Hughes,20464,TE,S ALABAMA,8,64.7,0,288,69.6,55.7,65.3,0,1,4,14.8,14.3,87.5,1,1,0,44,0,0,0,68,4,28,0,0,40,45
Zach Yousey,47962,WR,TOLEDO,10,74.6,0,316,56.6,,66.9,0,0,0,0.0,0.0,,0,0,0,44,0,0,0,59,0,15,0,0,44,0
D.J. Howard,13489,HB,CLEMSON,10,27.8,0,140,62.6,69.3,57.7,1,2,26,28.9,30.4,94.2,0,3,0,44,0,0,0,158,28,92,0,0,16,0
Trey Foster,47230,TE,NEBRASKA,8,84.6,0,238,59.0,70.8,59.6,0,0,2,20.0,20.0,100.0,0,0,0,44,0,0,0,52,2,10,0,0,42,39
Tim Gay,19366,HB,TEXAS ST,9,57.9,0,314,65.1,82.3,73.8,0,0,14,36.8,35.0,100.0,0,0,0,44,0,0,0,76,14,40,0,0,30,0
Chris Huhn,28886,G,MARSHALL,5,100.0,0,214,64.7,79.6,62.1,0,0,10,100.0,100.0,100.0,0,0,0,43,18,0,0,43,10,10,25,0,33,0
Alex Kenney,15424,WR,UMASS,10,24.9,0,216,57.7,,47.1,0,0,0,0.0,0.0,,1,0,0,43,0,0,0,173,0,128,0,0,43,3
Skylar Lacy,28955,G,LOUISVILLE,2,100.0,0,210,48.3,38.4,53.9,0,2,22,100.0,100.0,90.9,1,3,1,43,0,25,0,43,22,22,18,0,21,0
Wyatt Demps,48193,WR,NEVADA,7,38.4,0,239,53.8,,57.3,0,0,0,0.0,0.0,,0,0,0,43,0,0,0,112,0,69,0,0,43,1
Matt Barnes,47377,TE,LA LAFAYET,5,72.9,0,207,49.2,,67.4,0,0,0,0.0,0.0,,0,0,0,43,0,0,0,59,0,16,0,0,43,26
Greg Bryant,23276,HB,NOTRE DAME,11,28.9,0,258,67.8,77.0,54.8,0,1,21,28.8,29.7,97.6,1,1,0,43,0,0,0,149,22,74,0,0,21,1
Mason Zandi,12047,T,S CAROLINA,5,100.0,0,289,64.6,60.4,63.8,0,2,16,100.0,100.0,93.7,0,2,0,43,0,0,36,43,16,16,4,3,27,0
Markell Pack,47520,WR,OLE MISS,11,27.6,0,226,68.3,,72.2,0,0,0,0.0,0.0,,1,0,0,43,0,0,0,156,0,113,0,0,43,0
Stetzon Bair,19102,T,OREGON,7,100.0,0,264,72.0,80.1,68.6,0,0,6,100.0,100.0,100.0,0,0,0,43,0,0,43,43,6,6,0,0,37,0
Will Ash,23018,G,KANSAS ST,5,100.0,0,199,70.9,81.7,69.1,0,0,13,100.0,100.0,100.0,0,0,0,43,0,43,0,43,13,13,0,0,30,0
Aaron Bennett,18450,T,KANSAS ST,6,100.0,0,199,68.4,27.8,72.4,0,2,11,100.0,100.0,90.9,0,2,0,43,0,0,2,43,12,12,0,41,31,0
Tyler O'Connor,46460,QB,MICH STATE,5,63.2,0,223,67.5,,60.0,0,0,0,0.0,0.0,,0,0,0,43,0,0,0,68,0,19,0,0,43,0
Nolen Smith,13398,TE,UAB,8,79.6,0,321,57.5,66.8,60.3,0,0,1,9.1,8.3,100.0,0,0,0,43,0,0,0,54,1,12,0,0,42,27
T.C. Klusman,23006,C,LOUISVILLE,1,100.0,0,210,70.7,58.7,68.8,0,0,14,100.0,100.0,100.0,0,0,0,43,43,0,0,43,15,15,0,0,28,0
Jamal Turner,18893,WR,NEBRASKA,2,59.7,0,238,55.5,,47.7,0,0,0,0.0,0.0,,1,0,0,43,0,0,0,72,0,29,0,0,43,0
Brian Lemelle,48251,WR,UCONN,10,51.2,0,146,57.3,,84.2,0,0,0,0.0,0.0,,0,0,0,43,0,0,0,84,0,41,0,0,43,0
Jordan Garside,12556,FB,WAKE,9,72.9,0,339,59.3,68.6,57.5,0,1,32,71.1,70.8,98.4,0,1,0,43,0,0,0,59,34,48,0,0,9,8
Tyler Baker,16775,WR,WASH STATE,7,15.1,0,341,60.0,,64.5,0,0,0,0.0,0.0,,1,0,0,43,0,0,0,285,0,242,0,0,43,0
Darius Tice,45699,HB,USF,10,32.1,0,327,61.0,70.2,58.7,0,2,31,38.8,38.8,96.8,0,2,0,43,0,0,0,134,33,85,0,0,10,0
Terrence Alls,28277,WR,DUKE,8,57.5,0,154,51.1,,50.4,0,0,0,0.0,0.0,,0,0,0,42,0,0,0,73,0,31,0,0,42,0
Shaun Wilson,45993,HB,DUKE,13,19.0,0,154,78.1,70.7,68.2,0,1,22,18.2,18.7,97.7,1,1,0,42,0,0,0,221,23,123,0,0,19,0
Rod Smith,9996,HB,OHIO STATE,7,42.0,0,260,65.2,84.7,59.4,0,0,18,35.3,37.0,100.0,0,0,0,42,0,0,0,100,20,54,0,0,22,0
Frank Iheanacho,47444,WR,TEXAS A&M,7,52.5,0,312,52.3,,62.2,0,0,0,0.0,0.0,,0,0,0,42,0,0,0,80,0,38,0,0,42,0
Effrem Reed,19733,HB,LA LAFAYET,12,32.8,0,207,61.4,67.5,76.1,0,2,23,29.5,28.8,95.7,0,2,0,42,0,0,0,128,23,80,0,0,19,0
Damien Washington,19612,WR,N CAROLINA,9,44.2,0,245,64.3,,55.9,0,0,0,0.0,0.0,,0,0,0,42,0,0,0,95,0,53,0,0,42,0
Ajene Harris,45206,WR,USC,5,48.8,0,326,56.1,,49.0,0,0,0,0.0,0.0,,1,0,0,42,0,0,0,86,0,44,0,0,42,0
Jeff Lindquist,47029,QB,WASHINGTON,9,45.7,0,340,69.7,,60.0,0,0,0,0.0,0.0,,0,0,0,42,0,0,0,92,0,34,0,0,42,0
Jeremy Johnson,46386,QB,AUBURN,7,50.0,0,115,85.5,,60.2,0,0,0,0.0,0.0,,0,0,0,42,0,0,0,84,0,40,0,0,42,0
Daniel Rodriguez,10029,WR,CLEMSON,7,68.9,0,140,54.0,,58.8,0,0,0,0.0,0.0,,0,0,0,42,0,0,0,61,0,19,0,0,42,0
E.J. Hilliard,18127,QB,FIU,6,34.1,0,166,59.7,,60.0,0,0,0,0.0,0.0,,1,0,0,42,0,0,0,123,0,70,0,0,42,0
Jeff Witthuhn,22994,FB,KENTUCKY,5,97.7,0,202,68.3,72.9,68.4,0,0,3,75.0,75.0,100.0,0,0,0,42,0,0,0,43,3,4,0,0,39,8
Hunter Rogers,23095,T,MIDDLE TN,2,100.0,0,224,53.8,71.1,63.1,0,1,9,100.0,100.0,94.4,2,1,0,42,0,0,0,42,11,11,0,42,31,0
Robbie Walker,39105,WR,OHIO,10,36.8,0,259,56.7,,54.0,0,0,0,0.0,0.0,,0,0,0,42,0,0,0,114,0,62,0,0,42,0
Zack Greenlee,46587,QB,FRESNO ST,3,44.2,0,169,48.0,,60.0,0,0,0,0.0,0.0,,1,0,0,42,0,0,0,95,0,51,0,0,42,0
Alex Gall,45603,C,MIAMI FL,3,100.0,0,220,83.1,72.6,80.9,0,1,17,100.0,100.0,97.1,0,1,0,41,21,8,0,41,17,17,12,0,24,0
Brandon Betancourt,12719,HB,NEW MEX ST,10,16.3,0,242,56.6,84.4,59.2,0,0,27,16.6,16.6,100.0,0,0,0,41,0,0,0,252,28,169,0,0,13,0
Dreamius Smith,10136,HB,W VIRGINIA,13,18.7,0,343,62.9,78.9,69.5,0,0,21,18.4,18.5,100.0,0,0,0,41,0,0,0,219,22,119,0,0,19,0
Deon Newsome,44962,WR,VA TECH,12,47.7,0,337,60.7,,59.7,0,0,0,0.0,0.0,,0,0,0,41,0,0,0,86,0,26,0,0,41,0
Malique Micenheimer,17498,HB,FRESNO ST,3,46.1,0,169,60.6,69.8,56.6,0,0,1,2.2,2.1,100.0,1,0,0,41,0,0,0,89,1,48,0,0,40,0
Trevor Stevens,47162,TE,UTSA,8,75.9,0,331,58.0,70.3,57.6,0,0,5,27.8,31.6,100.0,0,0,0,41,0,0,0,54,6,19,0,0,35,45
Luke Brantley,17718,T,AIR FORCE,5,100.0,0,101,66.6,78.1,63.4,0,0,7,100.0,100.0,100.0,0,0,0,41,0,0,25,41,7,7,0,16,34,0
Blake Tibbs,22264,WR,GEORGIA,5,48.8,0,173,51.3,,49.3,0,0,0,0.0,0.0,,1,0,0,41,0,0,0,84,0,43,0,0,41,1
Brandon Oliver,17474,WR,GA TECH,5,100.0,0,176,58.9,69.2,56.4,0,0,1,100.0,100.0,100.0,0,0,0,41,0,0,6,41,1,1,0,0,40,0
Zach Rogers,19575,WR,TOLEDO,6,61.2,0,316,60.3,,65.9,0,0,0,0.0,0.0,,0,0,0,41,0,0,0,67,0,26,0,0,41,0
Earon Holmes,13146,WR,UTSA,11,57.7,0,331,67.6,,58.8,0,0,0,0.0,0.0,,0,0,0,41,0,0,0,71,0,30,0,0,41,0
KJ Myers,19785,WR,W VIRGINIA,9,47.1,0,343,57.8,,80.3,0,0,0,0.0,0.0,,0,0,0,41,0,0,0,87,0,46,0,0,41,0
Nick Patti,46582,QB,UCF,5,60.3,0,323,51.5,,60.0,0,0,0,0.0,0.0,,0,0,0,41,0,0,0,68,0,20,0,0,41,0
Giovanni Di Poala,13802,C,USC,3,100.0,0,326,66.1,75.6,63.5,0,0,6,100.0,100.0,100.0,0,0,0,41,40,0,1,41,6,6,0,0,35,0
Demetrius Evans,14718,WR,MARSHALL,7,39.0,0,214,53.7,,52.2,0,0,0,0.0,0.0,,1,0,0,41,0,0,0,105,0,64,0,0,41,0
Carson Ginn,18149,G,DUKE,6,100.0,0,154,64.3,76.9,67.4,0,0,6,100.0,100.0,100.0,1,0,0,41,0,39,0,41,6,6,0,2,35,0
Herman Brunis,39150,WR,OHIO,7,54.7,0,259,55.2,,68.4,0,0,0,0.0,0.0,,0,0,0,41,0,0,0,75,0,34,0,0,41,0
Tyler Luatua,47122,TE,NOTRE DAME,6,95.2,0,258,64.6,67.7,64.1,0,0,2,50.0,50.0,100.0,0,0,0,40,0,0,0,42,2,4,0,0,38,35
Lucus Gingold,14194,FB,CAL,6,87.0,0,130,73.9,75.5,73.4,0,0,3,33.3,40.0,100.0,0,0,0,40,0,0,0,46,4,10,0,0,36,1
Robert Leff,12027,T,AUBURN,5,100.0,0,115,71.7,83.9,67.6,0,0,14,100.0,100.0,100.0,0,0,0,40,0,0,0,40,14,14,6,34,26,0
Xavier Dampeer,17559,C,AUBURN,5,100.0,0,115,66.5,79.3,62.9,0,0,14,100.0,100.0,100.0,0,0,0,40,40,0,0,40,14,14,0,0,26,0
Aaron Hepp,39178,WR,BALL ST,4,33.3,0,117,56.5,,69.6,0,0,0,0.0,0.0,,0,0,0,40,0,0,0,120,0,80,0,0,40,0
Josh Kern,47337,TE,ARIZONA,10,95.2,0,109,62.1,49.4,63.7,0,1,8,88.9,80.0,93.7,0,1,0,40,0,0,0,42,8,10,0,0,32,41
Peyton Eckert,18153,T,INDIANA,4,100.0,0,190,53.7,47.8,54.4,1,0,7,100.0,100.0,92.9,0,1,0,40,0,0,40,40,8,8,0,0,32,0
Elijah Nkansah,46887,T,TOLEDO,6,100.0,0,316,59.1,46.5,59.9,1,0,14,100.0,100.0,89.3,0,2,1,40,17,21,0,40,16,16,0,0,24,2
Max Browne,46632,QB,USC,6,75.5,0,326,54.1,,60.0,0,0,0,0.0,0.0,,0,0,0,40,0,0,0,53,0,7,0,0,40,0
Isiah Willis,45645,TE,GA TECH,5,95.2,0,176,73.8,,65.5,0,0,0,,,,0,0,0,40,0,0,0,42,0,0,0,0,40,22
Eric Steffes,47223,TE,WISCONSIN,7,85.1,0,349,57.0,72.9,68.8,0,0,4,36.4,36.4,100.0,0,0,0,40,0,0,0,47,4,11,0,0,36,42
David Knevel,45510,T,NEBRASKA,4,100.0,0,238,63.0,25.1,65.1,1,0,7,100.0,100.0,92.9,0,1,0,40,0,0,40,40,7,7,0,0,33,0
Connor Mayes,46093,G,MINNESOTA,4,100.0,0,225,52.6,3.5,60.4,0,1,7,100.0,100.0,78.6,1,2,1,40,0,0,0,40,7,7,40,0,33,0
Mikel Horton,28579,HB,KENTUCKY,11,28.2,0,202,59.4,71.2,70.1,0,1,25,37.9,37.3,98.0,1,1,0,40,0,0,0,142,25,67,0,0,15,0
Patrick Winfield,29006,G,MEMPHIS,5,100.0,0,218,58.4,28.7,59.2,0,1,8,100.0,100.0,93.7,0,1,0,40,0,40,0,40,8,8,0,0,32,0
Cameron Batson,47669,WR,TEXAS TECH,9,29.3,0,315,56.1,,70.8,0,0,0,0.0,0.0,,1,0,0,39,0,0,0,133,0,94,0,0,39,0
Austin Beck,17640,G,ARKANSAS,3,100.0,0,111,71.0,76.1,75.2,0,0,10,100.0,100.0,100.0,1,0,0,39,0,0,0,39,10,10,39,0,29,0
J.C. Coleman,19465,HB,VA TECH,11,21.7,0,337,68.1,38.3,73.8,0,0,8,20.0,20.0,87.5,1,1,1,39,0,0,0,180,8,40,0,0,31,0
Dillon Romine,18658,T,NEW MEXICO,1,100.0,0,241,73.1,45.5,73.0,0,0,7,100.0,100.0,100.0,0,0,0,39,0,0,0,39,7,7,0,37,32,2
Tim Edmond,15005,HB,OHIO,9,51.3,0,259,65.3,73.6,76.3,1,0,24,60.0,61.4,97.9,0,1,0,39,0,0,0,76,27,44,0,0,12,0
Rachid Ibrahim,23607,HB,PITTSBURGH,12,27.3,0,268,73.1,43.2,66.5,1,3,29,29.6,29.7,93.1,0,4,0,39,0,0,0,143,30,101,0,0,9,1
Johnathan Loyd,15072,WR,OREGON,8,61.9,0,264,63.0,,75.7,0,0,0,0.0,0.0,,0,0,0,39,0,0,0,63,0,24,0,0,39,0
Sean Maguire,22742,QB,FLORIDA ST,4,39.8,0,167,55.8,,60.0,0,0,0,0.0,0.0,,1,0,0,39,0,0,0,98,0,58,0,0,39,0
Jerry Neuheisel,24010,QB,UCLA,2,48.1,0,324,55.7,,60.0,0,0,0,0.0,0.0,,0,0,0,39,0,0,0,81,0,42,0,0,39,0
Damien Packer,49247,WR,HAWAII,6,86.7,0,180,60.1,,67.5,0,0,0,0.0,0.0,,0,0,0,39,0,0,0,45,0,6,0,0,39,0
Charles Chandler,22891,WR,KENT STATE,8,35.8,0,201,51.3,,59.3,0,0,0,0.0,0.0,,1,0,0,39,0,0,0,109,0,70,0,0,39,0
Kevin Reihner,17324,C,STANFORD,5,100.0,0,300,62.4,71.4,60.1,0,1,15,100.0,100.0,96.7,0,1,0,39,37,0,0,39,15,15,2,0,24,0
Matt Connors,13588,HB,GA TECH,6,62.9,0,176,72.4,75.1,52.9,0,0,4,100.0,83.3,100.0,0,0,0,39,0,0,0,62,5,6,0,0,34,0
Zac Schuller,19256,WR,OREGON,8,81.3,0,264,69.0,,78.5,0,0,0,0.0,0.0,,0,0,0,39,0,0,0,48,0,9,0,0,39,0
Shamier Jeffery,16657,WR,S CAROLINA,9,36.8,0,289,48.5,,42.4,0,0,0,0.0,0.0,,0,0,0,39,0,0,0,106,0,67,0,0,39,0
Taylor Reich,19165,G,SMU,2,100.0,0,287,53.3,82.8,53.6,0,0,19,100.0,100.0,100.0,1,0,0,39,0,0,0,39,20,20,39,0,19,0
Eric Albright,15421,TE,N CAROLINA,11,76.5,0,245,67.3,73.1,71.2,0,0,4,26.7,25.0,100.0,0,0,0,39,0,0,4,51,4,16,0,6,35,9
Tyler Rouse,45827,HB,BOSTON COL,13,27.7,0,121,63.7,45.6,59.8,0,1,16,24.2,25.7,90.6,0,2,1,39,0,0,0,141,18,70,0,0,21,1
Aaron Kemper,24332,HB,ARMY,9,56.5,0,114,65.0,0.0,77.2,0,0,1,25.0,20.0,100.0,0,0,0,39,0,0,0,69,1,5,0,0,38,0
Horactio Banks,39088,HB,BALL ST,9,24.8,0,117,63.3,37.5,60.6,1,1,28,40.0,40.3,92.9,0,3,1,39,0,0,0,157,29,72,0,0,10,0
Nate Terry,28336,TE,FAU,10,44.3,0,165,67.1,65.4,73.4,0,0,1,2.1,2.0,100.0,0,0,0,39,0,0,0,88,1,50,0,0,38,38
Ronald Jones,19023,WR,PITTSBURGH,8,40.2,0,268,60.3,,58.3,0,0,0,0.0,0.0,,1,0,0,39,0,0,0,97,0,57,0,0,39,0
Bill Teknipp,47117,TE,GA STATE,11,97.5,0,175,62.2,69.2,61.2,0,0,3,75.0,75.0,100.0,0,0,0,39,0,0,1,40,3,4,0,0,36,39
J.T. Blyden,30434,HB,UMASS,5,33.1,0,216,47.8,28.8,58.9,2,3,33,44.6,45.3,89.4,0,6,1,39,0,0,0,118,34,75,0,0,5,0
Nate Starks,31745,HB,UCLA,12,30.5,0,324,68.6,85.6,56.3,0,0,15,23.1,22.9,100.0,0,0,0,39,0,0,0,128,16,70,0,0,23,0
Daniel Bradbury,12936,WR,S JOSE ST,8,40.2,0,285,55.8,34.0,57.8,0,1,1,1.7,1.7,50.0,0,1,0,39,0,0,0,97,1,59,0,0,38,1
Gerard Johnson,23491,HB,DOMINION,11,11.1,0,263,71.5,28.8,66.8,0,2,26,11.3,11.3,92.3,0,3,1,39,0,0,0,350,27,238,0,0,12,0
Nick Lehman,47374,TE,NEW MEXICO,7,83.0,0,241,47.2,64.4,49.2,0,0,1,14.3,11.1,100.0,0,0,0,39,0,0,0,47,1,9,0,0,38,42
Kalvin Cline,38324,TE,VA TECH,2,66.7,0,337,58.7,69.9,66.9,0,0,3,15.8,17.4,100.0,0,0,0,38,0,0,0,57,4,23,0,0,34,39
Caden Smith,16341,FB,TEXAS A&M,5,79.2,0,312,73.8,67.8,83.2,0,0,1,9.1,9.1,100.0,0,0,0,38,0,0,0,48,1,11,0,0,37,29
Jamie Gilmore,16391,HB,TEMPLE,12,20.9,0,306,66.6,18.4,82.2,2,2,22,21.2,21.8,90.9,0,4,0,38,0,0,0,182,24,110,0,0,14,0
Imani Davis,16590,WR,AKRON,12,20.3,0,102,63.0,,82.2,0,0,0,0.0,0.0,,0,0,0,38,0,0,0,187,0,149,0,0,38,0
Marcus Cunningham,14343,WR,FAU,9,59.4,0,165,59.4,,49.8,0,0,0,0.0,0.0,,0,0,0,38,0,0,0,64,0,26,0,0,38,0
Tim Byerly,17313,QB,GA TECH,6,38.0,0,176,82.3,,60.0,0,0,0,0.0,0.0,,0,0,0,38,0,0,0,100,0,19,0,0,38,0
Cal Spangler,17898,WR,BAYLOR,4,79.2,0,118,52.0,,49.7,0,0,0,0.0,0.0,,0,0,0,38,0,0,0,48,0,10,0,0,38,0
Darrion Hutcherson,18621,TE,MISS STATE,5,82.6,0,227,54.2,66.9,64.3,0,0,3,27.3,27.3,100.0,1,0,0,38,0,0,0,46,3,11,0,0,35,37
Jamal Wilson,19625,HB,UMASS,4,45.2,0,216,65.7,43.4,57.5,1,1,28,52.8,54.4,96.4,1,2,0,38,0,0,0,84,31,57,0,0,7,1
Lucas Hamilton,12872,TE,MIDDLE TN,4,80.9,0,224,46.6,65.4,51.5,0,0,1,11.1,10.0,100.0,0,0,0,38,0,0,0,47,1,10,0,0,37,45
Miles Lerch,21840,WR,UTSA,11,44.7,0,331,58.4,,77.1,0,0,0,0.0,0.0,,0,0,0,38,0,0,0,85,0,47,0,0,38,0
Andrew Allen,26510,QB,NEW MEX ST,7,49.4,0,242,55.3,,60.0,0,0,0,0.0,0.0,,0,0,0,38,0,0,0,77,0,23,0,0,38,0
Calvin Green,26773,WR,WASH STATE,8,19.0,0,341,47.9,,47.0,0,0,0,0.0,0.0,,0,0,0,38,0,0,0,200,0,162,0,0,38,0
Brendan Landman,27070,TE,ARIZONA ST,11,84.4,0,110,49.3,66.9,52.4,0,0,1,12.5,12.5,100.0,0,0,0,38,0,0,1,45,1,8,0,0,37,43
DeSean Smith,12314,TE,LSU,12,48.1,0,211,59.5,71.7,57.4,0,0,3,7.7,6.8,100.0,0,0,0,38,0,0,0,79,3,44,0,0,35,50
Taylor McNamara,12101,TE,OKLAHOMA,6,57.6,0,261,63.8,71.9,85.2,0,0,8,22.2,22.2,100.0,0,0,0,38,0,0,0,66,8,36,0,0,30,39
Chris Johnson,38519,QB,BAYLOR,4,80.9,0,118,53.3,,60.0,0,0,0,0.0,0.0,,1,0,0,38,0,0,0,47,0,4,0,0,38,0
George Payne,45999,HB,SO MISS,10,14.2,0,296,64.7,63.6,58.8,0,1,24,15.2,15.7,93.7,0,2,1,38,0,0,0,267,26,166,0,0,12,0
Malik Zaire,46634,QB,NOTRE DAME,5,35.2,0,258,84.0,,60.0,0,0,0,0.0,0.0,,0,0,0,38,0,0,0,108,0,42,0,0,38,0
Brandon Cottom,10141,FB,PURDUE,12,61.3,0,273,60.7,76.8,59.3,0,0,3,12.0,14.8,100.0,0,0,0,38,0,0,0,62,4,27,0,0,34,1
Josh Smith,47562,WR,TENNESSEE,3,31.4,0,307,71.1,,72.8,0,0,0,0.0,0.0,,1,0,0,38,0,0,0,121,0,81,0,0,38,0
Terrell Green,48172,WR,E CAROLINA,7,38.0,0,156,49.9,,61.6,0,0,0,0.0,0.0,,0,0,0,38,0,0,0,100,0,62,0,0,38,0
Jaylon Denson,17675,WR,AUBURN,6,68.5,0,115,66.0,,88.4,0,0,0,0.0,0.0,,0,0,0,37,0,0,0,54,0,17,0,0,37,0
Shane Morris,46516,QB,MICHIGAN,5,42.0,0,222,34.0,,60.0,0,0,0,0.0,0.0,,0,0,0,37,0,0,0,88,0,48,0,0,37,0
Jarrod Lawson,21717,HB,S JOSE ST,4,25.0,0,285,52.7,39.6,63.9,1,1,17,21.5,22.9,94.1,0,2,0,37,0,0,0,148,19,83,0,0,18,0
DeAnthony Arnett,17157,WR,MICH STATE,4,69.8,0,223,50.1,,49.3,0,0,0,0.0,0.0,,1,0,0,37,0,0,0,53,0,16,0,0,37,0
Brandon Alexander,16333,TE,TEXAS A&M,10,88.1,0,312,75.6,68.4,74.6,0,0,2,33.3,37.5,100.0,1,0,0,37,0,0,0,42,3,8,0,0,34,42
Sabian Holmes,16338,WR,TEXAS A&M,9,27.2,0,312,57.5,,42.5,0,0,0,0.0,0.0,,0,0,0,37,0,0,0,136,0,99,0,0,37,0
Janarion Grant,47561,WR,RUTGERS,12,17.6,0,278,62.6,,52.8,0,0,0,0.0,0.0,,0,0,0,37,0,0,0,210,0,169,0,0,37,2
Trey Williams,9717,HB,TEXAS A&M,12,14.3,0,312,74.2,55.8,65.8,1,1,26,16.0,16.4,96.2,0,2,0,37,0,0,0,259,27,165,0,0,10,0
Hayden Biegel,38613,T,WISCONSIN,6,100.0,0,349,56.8,72.2,55.8,0,0,2,100.0,100.0,100.0,0,0,0,37,0,0,0,37,2,2,0,37,35,0
Mike Matulis,16583,G,S CAROLINA,2,100.0,0,289,64.6,84.3,61.3,0,0,19,100.0,100.0,100.0,0,0,0,37,0,0,0,37,19,19,37,0,18,0
Andre Booker,18306,WR,INDIANA,4,54.4,0,190,58.5,,71.6,0,0,0,0.0,0.0,,0,0,0,37,0,0,0,68,0,31,0,0,37,0
Jackson Hoskins,30264,T,TEXAS ST,3,100.0,0,314,64.5,82.0,58.3,0,0,13,100.0,100.0,100.0,1,0,0,37,0,0,16,37,13,13,0,21,24,0
Dylan Chmura,27269,TE,MICH STATE,6,90.2,0,223,40.9,13.0,50.7,1,0,2,40.0,33.3,75.0,0,1,0,37,0,0,0,41,2,6,0,0,35,39
Quinton Flowers,46580,QB,USF,5,49.3,0,327,41.9,,60.0,0,0,0,0.0,0.0,,1,0,0,37,0,0,0,75,0,25,0,0,37,0
Mac Long,46821,C,HOUSTON,7,100.0,0,182,74.4,72.8,69.9,0,0,3,100.0,100.0,100.0,0,0,0,37,32,0,0,37,3,3,0,0,34,5
Nick Chubb,45783,HB,GEORGIA,13,9.2,0,173,86.1,61.3,59.0,0,2,25,15.4,15.1,96.0,0,2,0,37,0,0,0,401,25,166,0,0,12,0
Khalif Herbin,21583,WR,TEMPLE,5,37.8,0,306,54.1,,82.4,0,0,0,0.0,0.0,,0,0,0,37,0,0,0,98,0,61,0,0,37,0
Michael Nysewander,38350,FB,ALABAMA,7,77.1,0,103,66.6,77.0,62.5,0,0,1,8.3,15.4,100.0,0,0,0,37,0,0,0,48,2,13,0,0,35,3
Stewart Hinson,17958,T,E CAROLINA,3,100.0,0,156,71.8,81.3,67.4,0,0,14,100.0,100.0,100.0,0,0,0,37,0,0,37,37,14,14,0,0,23,0
Chris Thompson,12330,WR,FLORIDA,5,68.5,0,163,51.6,,61.1,0,0,0,0.0,0.0,,0,0,0,37,0,0,0,54,0,17,0,0,37,0
Evan Goodman,12275,T,ARIZONA ST,7,100.0,0,110,65.3,79.5,61.5,0,0,10,100.0,100.0,100.0,0,0,0,37,0,0,33,37,10,10,0,0,27,3
Marshawn Williams,30715,HB,VA TECH,9,17.3,0,337,64.0,65.4,68.8,0,1,27,39.7,38.9,98.1,0,1,0,36,0,0,0,208,28,72,0,0,8,0
John Dunmore,14221,WR,BUFFALO,6,40.4,0,126,50.2,,70.4,0,0,0,0.0,0.0,,2,0,0,36,0,0,0,89,0,53,0,0,36,0
Jake O'Donnell,38884,TE,MIAMI FL,7,81.8,0,220,67.9,,60.9,0,0,0,0.0,0.0,,0,0,0,36,0,0,0,44,0,8,0,0,36,43
Sean Karl,39245,T,VIRGINIA,3,100.0,0,335,70.2,56.2,69.9,0,1,10,100.0,100.0,95.0,0,1,0,36,0,0,0,36,10,10,15,21,26,0
James Bodanis,10205,T,MICH STATE,4,100.0,0,223,59.5,76.6,56.6,0,0,8,100.0,100.0,100.0,0,0,0,36,0,0,0,36,8,8,0,36,28,0
Mark Szott,18769,TE,NWESTERN,11,92.3,0,256,88.8,74.6,69.3,0,0,2,40.0,40.0,100.0,0,0,0,36,0,0,1,39,2,5,0,0,34,38
Jack Powers,49630,T,ARIZONA ST,2,100.0,0,110,47.0,78.3,50.5,0,0,9,100.0,100.0,100.0,1,0,0,36,0,0,0,36,9,9,0,32,27,4
Bubba Williams,15087,C,OHIO,6,100.0,0,259,65.0,81.0,60.2,0,0,19,100.0,100.0,100.0,0,0,0,36,36,0,0,36,20,20,0,0,16,0
Damion Jones-Moore,45768,HB,TOLEDO,11,19.4,0,316,74.1,84.9,58.8,0,0,19,22.9,21.6,100.0,0,0,0,36,0,0,0,186,19,88,0,0,17,0
Marcus Caffey,16276,HB,GA STATE,7,20.0,0,175,52.0,52.4,55.4,0,2,23,32.4,31.6,95.7,3,2,0,36,0,0,0,180,24,76,0,0,12,0
Matt Galland,24979,TE,AIR FORCE,6,75.0,0,101,49.2,,52.7,0,0,0,0.0,0.0,,1,0,0,36,0,0,0,48,0,10,0,0,36,22
Matt Floyd,20237,QB,S ALABAMA,5,37.5,0,288,35.3,,60.0,0,0,0,0.0,0.0,,0,0,0,36,0,0,0,96,0,51,0,0,36,0
John Chelf,14938,WR,N TEXAS,10,53.7,0,251,60.2,,57.5,0,0,0,0.0,0.0,,0,0,0,36,0,0,0,67,0,31,0,0,36,0
Torii Hunter Jr.,47985,WR,NOTRE DAME,10,51.4,0,258,74.5,63.6,81.7,0,0,1,3.2,3.0,100.0,0,0,0,36,0,0,0,70,1,33,0,0,35,0
Nick Gibbons,46145,G,OHIO,4,100.0,0,259,75.4,71.0,76.6,0,1,15,100.0,100.0,96.7,0,1,0,36,0,2,0,36,16,16,34,0,20,0
Sunny Odogwu,46930,T,MIAMI FL,5,100.0,0,220,63.5,33.6,64.6,0,0,6,100.0,100.0,83.3,0,1,1,36,0,0,24,36,6,6,8,4,30,0
Joey Burzynski,14540,G,MICHIGAN,2,100.0,0,222,54.4,80.1,51.2,0,0,14,100.0,100.0,100.0,0,0,0,36,0,7,0,36,14,14,29,0,22,0
Austin Wolf,47815,WR,AKRON,6,49.3,0,102,66.2,,62.1,0,0,0,0.0,0.0,,0,0,0,36,0,0,0,73,0,37,0,0,36,0
Robert Martin,26957,HB,RUTGERS,8,22.9,0,278,69.4,73.0,60.0,0,3,32,48.5,50.0,95.3,0,3,0,36,0,0,0,157,34,68,0,0,2,0
J.W. Walsh,19040,QB,OKLA STATE,2,39.6,0,262,54.4,,60.0,0,0,0,0.0,0.0,,1,0,0,36,0,0,0,91,0,45,0,0,36,0
Damion Terry,27206,QB,MICH STATE,5,52.9,0,223,69.4,,60.0,0,0,0,0.0,0.0,,0,0,0,36,0,0,0,68,0,21,0,0,36,0
Brodrick Yancy,44977,WR,TEMPLE,10,33.7,0,306,54.5,,68.0,0,0,0,0.0,0.0,,0,0,0,35,0,0,0,104,0,69,0,0,35,0
Demitri Knowles,19617,WR,VA TECH,7,56.5,0,337,71.7,,66.9,0,0,0,0.0,0.0,,0,0,0,35,0,0,0,62,0,26,0,0,35,0
Joe Woodrum,18296,TE,MARSHALL,7,94.6,0,214,73.4,,72.0,0,0,0,0.0,0.0,,0,0,0,35,0,0,0,37,0,2,0,0,35,36
Jimmy Manuel,13844,G,AIR FORCE,5,100.0,0,101,64.0,79.3,62.1,0,0,8,100.0,100.0,100.0,0,0,0,35,0,3,0,35,8,8,32,0,27,0
Brandon Connette,13640,QB,FRESNO ST,8,22.9,0,169,47.3,,60.2,0,0,0,0.0,0.0,,3,0,0,35,0,0,0,153,0,89,0,0,35,0
Alston Smith,24217,G,VA TECH,4,100.0,0,337,61.9,80.7,60.0,0,0,7,100.0,100.0,100.0,1,0,0,35,0,9,0,35,7,7,26,0,28,0
Hunter Folkertsma,47074,TE,BOWL GREEN,6,94.6,0,122,49.3,73.8,47.7,0,0,5,71.4,71.4,100.0,0,0,0,35,0,0,0,37,5,7,0,0,30,27
Daje Johnson,11043,WR,TEXAS,6,46.7,0,311,56.1,32.9,58.0,0,0,1,3.1,2.9,100.0,0,0,0,35,0,0,0,75,1,34,0,0,34,2
Wes Ott,12573,G,N ILLINOIS,4,100.0,0,254,54.5,30.0,55.4,0,0,7,100.0,100.0,85.7,0,1,1,35,0,35,0,35,7,7,0,0,28,0
Dustin Bowens,28478,TE,FAU,3,77.8,0,165,57.4,19.8,63.9,1,0,1,9.1,9.1,50.0,0,1,0,35,0,0,0,45,1,11,0,0,34,26
Rob Boyd,26789,G,TULSA,4,100.0,0,320,56.8,76.6,51.3,0,1,21,100.0,100.0,97.6,0,1,0,35,0,0,0,35,21,21,35,0,14,0
Christian Morris,26548,T,OLE MISS,3,100.0,0,226,55.3,76.9,58.9,0,0,12,100.0,100.0,100.0,1,0,0,35,0,0,35,35,13,13,0,0,22,0
Evan Crower,13629,QB,STANFORD,6,51.5,0,300,61.7,,60.1,0,0,0,0.0,0.0,,0,0,0,35,0,0,0,68,0,29,0,0,35,0
Aaron Cochran,28151,T,CAL,3,100.0,0,130,55.6,76.4,52.7,0,0,8,100.0,100.0,100.0,0,0,0,35,0,25,0,35,9,9,0,0,26,10
Trey Page,17382,WR,TROY,9,47.3,0,318,67.2,,66.9,0,0,0,0.0,0.0,,1,0,0,35,0,0,0,74,0,39,0,0,35,0
Austin Sanders,30174,G,TENNESSEE,5,100.0,0,307,55.7,16.8,64.9,0,1,10,100.0,100.0,95.0,1,1,0,35,0,35,0,35,10,10,0,0,25,0
Judah Jones,28776,WR,KANSAS ST,10,40.7,0,199,58.5,,57.5,0,0,0,0.0,0.0,,0,0,0,35,0,0,0,86,0,49,0,0,35,0
Rahmaan Patterson,39177,WR,TCU,6,68.6,0,305,62.0,,87.7,0,0,0,0.0,0.0,,0,0,0,35,0,0,0,51,0,16,0,0,35,0
Kennedy Williams,47851,HB,UTAH ST,12,49.3,0,329,59.3,74.7,68.4,0,0,2,6.9,6.7,100.0,0,0,0,35,0,0,0,71,2,30,0,0,33,0
Craig Harrison,15442,QB,UTAH ST,3,44.3,0,329,43.6,,60.4,0,0,0,0.0,0.0,,0,0,0,35,0,0,0,79,0,39,0,0,35,0
Adam Lazenga,14982,FB,PITTSBURGH,4,100.0,0,268,63.5,,62.9,0,0,0,,,,0,0,0,35,0,0,0,35,0,0,0,0,35,19
Arkeel Newsome,45733,HB,UCONN,12,27.3,0,146,62.3,79.2,55.6,0,1,22,34.4,35.3,93.2,0,2,1,35,0,0,0,128,24,68,0,0,11,1
Quinton White Jr.,25349,HB,TEXAS TECH,12,20.2,0,315,57.7,44.5,64.8,0,2,20,17.1,18.2,95.0,0,2,0,35,0,0,0,173,24,132,0,0,11,0
Tate Hernly,46069,G,UCF,2,100.0,0,323,68.1,78.6,66.6,0,0,9,100.0,100.0,100.0,0,0,0,34,0,0,0,34,9,9,34,0,25,0
Anthony Nash,48285,WR,DUKE,8,69.4,0,154,60.3,,60.9,0,0,0,0.0,0.0,,0,0,0,34,0,0,0,49,0,15,0,0,34,0
Stephen Grommer,18461,C,MARYLAND,1,100.0,0,215,63.4,78.7,60.2,0,0,14,100.0,100.0,100.0,0,0,0,34,31,0,0,34,14,14,3,0,20,0
Miles Hibbler,38867,HB,KENT STATE,7,50.7,0,201,57.1,76.6,66.3,0,1,23,53.5,52.3,97.8,0,1,0,34,0,0,0,67,23,44,0,0,11,0
Donovan Walker,30393,WR,UTEP,3,87.2,0,330,57.1,,59.5,0,0,0,0.0,0.0,,0,0,0,34,0,0,0,39,0,5,0,0,34,0
Ryker Fyfe,46588,QB,NEBRASKA,7,61.8,0,238,57.7,,60.0,0,0,0,0.0,0.0,,0,0,0,34,0,0,0,55,0,12,0,0,34,0
J.J. Gustafson,26022,T,TEXAS A&M,2,100.0,0,312,67.8,74.7,64.3,0,1,14,100.0,100.0,96.4,0,1,0,34,0,0,32,34,14,14,0,0,20,2
Jalen Harris,27356,WR,TROY,12,32.7,0,318,52.4,,50.6,0,0,0,0.0,0.0,,0,0,0,34,0,0,0,104,0,70,0,0,34,0
Daijuan Stewart,23829,WR,SMU,9,35.4,0,287,53.4,,60.9,0,0,0,0.0,0.0,,2,0,0,34,0,0,0,96,0,62,0,0,34,0
Bryan Leoni,12975,T,RUTGERS,4,100.0,0,278,64.7,48.5,65.1,0,0,7,100.0,100.0,85.7,0,1,1,34,0,0,22,34,7,7,0,12,27,0
Hayden Lambert,23747,T,TEXAS ST,3,100.0,0,314,66.7,70.8,64.2,1,0,12,100.0,100.0,95.8,0,1,0,34,0,0,19,34,12,12,0,15,22,0
Lawrence Lee,29151,WR,MISSOURI,8,37.4,0,229,51.3,,68.4,0,0,0,0.0,0.0,,1,0,0,34,0,0,0,91,0,57,0,0,34,0
Damond Powell,9804,WR,IOWA,13,20.5,0,192,62.2,,70.3,0,0,0,0.0,0.0,,0,0,0,34,0,0,0,166,0,131,0,0,34,0
Brayden Sanchez,47462,WR,NEVADA,8,53.1,0,239,53.7,,61.5,0,0,0,0.0,0.0,,0,0,0,34,0,0,0,64,0,30,0,0,34,0
Jonathan Haden,27140,WR,ARIZONA,5,82.9,0,109,57.0,,58.7,0,0,0,0.0,0.0,,0,0,0,34,0,0,0,41,0,7,0,0,34,0
C.J. Worton,27707,WR,FLORIDA,3,58.6,0,163,53.2,,56.6,0,0,0,0.0,0.0,,0,0,0,34,0,0,0,58,0,24,0,0,34,0
Andre Flakes,45922,WR,TROY,11,43.0,0,318,48.8,,49.1,0,0,0,0.0,0.0,,0,0,0,34,0,0,0,79,0,45,0,0,34,0
Thomas Glick,28466,TE,E MICHIGAN,8,89.5,0,160,64.5,68.4,66.0,0,0,1,20.0,20.0,100.0,0,0,0,34,0,0,0,38,1,5,0,0,33,24
Kenneth Walker III,12035,WR,UCLA,12,51.5,0,324,59.3,,61.3,0,0,0,0.0,0.0,,0,0,0,34,0,0,0,66,0,32,0,0,34,0
Dallas Rivers,26604,HB,VANDERBILT,9,22.4,0,333,56.0,74.9,46.5,1,0,21,27.6,28.4,97.6,0,1,0,34,0,0,0,152,23,81,0,0,11,0
Anthony Wales,45945,HB,W KENTUCKY,12,15.1,0,346,64.8,68.8,68.6,0,0,23,18.0,18.8,100.0,0,0,0,34,0,0,0,225,25,133,0,0,9,0
Nick McLaughlin,22091,FB,TROY,8,97.1,0,318,53.8,68.5,53.1,0,0,1,50.0,50.0,100.0,0,0,0,34,0,0,0,35,1,2,0,0,33,1
Ryan Finley,46426,QB,BOISE ST,5,44.7,0,120,58.5,,60.0,0,0,0,0.0,0.0,,0,0,0,34,0,0,0,76,0,37,0,0,34,0
D'Mauri Jones,23070,WR,MIAMI FL,8,51.5,0,220,51.3,,55.9,0,0,0,0.0,0.0,,0,0,0,34,0,0,0,66,0,32,0,0,34,0
Kenneth Santa Marina,46264,T,TULANE,7,100.0,0,319,74.3,60.7,74.1,0,1,15,100.0,100.0,96.7,0,1,0,33,0,0,0,33,15,15,0,20,18,13
Tevin King,23002,HB,LA TECH,10,50.8,0,208,59.7,67.8,61.9,0,0,1,7.7,7.7,100.0,0,0,0,33,0,0,0,65,1,13,0,0,32,0
Kalen Ballage,45741,HB,ARIZONA ST,12,26.8,0,110,64.7,83.2,68.1,0,0,12,20.7,19.7,100.0,0,0,0,33,0,0,0,123,12,61,0,0,21,0
Marques Pair,15201,G,TENNESSEE,5,100.0,0,307,52.0,74.3,51.3,0,0,3,100.0,100.0,100.0,0,0,0,33,0,10,0,33,3,3,15,8,30,0
Jojo Kemp,23914,HB,KENTUCKY,11,19.4,0,202,63.6,83.2,55.3,0,0,17,21.0,21.4,100.0,0,0,0,33,0,0,0,170,18,84,0,0,15,0
Jared Lebowitz,26965,QB,UNLV,3,30.8,0,325,50.4,,60.0,0,0,0,0.0,0.0,,1,0,0,33,0,0,0,107,0,68,0,0,33,0
Michael Julian,30757,QB,TOLEDO,5,46.5,0,316,49.5,,60.0,0,0,0,0.0,0.0,,0,0,0,33,0,0,0,71,0,25,0,0,33,0
Ryan Smith,47768,WR,DUKE,4,78.6,0,154,56.0,,60.2,0,0,0,0.0,0.0,,0,0,0,33,0,0,0,42,0,9,0,0,33,0
Mack Brown,10115,HB,FLORIDA,8,40.2,0,163,69.1,81.3,64.7,0,0,12,30.8,30.8,100.0,0,0,0,33,0,0,0,82,12,39,0,0,21,0
Josh Thomas,27324,T,HOUSTON,5,100.0,0,182,61.9,49.4,61.5,0,0,3,100.0,100.0,100.0,0,0,0,33,0,0,0,33,3,3,0,33,30,0
Mitch Ravizza,21770,QB,S JOSE ST,2,44.0,0,285,52.2,,60.0,0,0,0,0.0,0.0,,0,0,0,33,0,0,0,75,0,29,0,0,33,0
Derrick Nelson,16846,C,RUTGERS,4,100.0,0,278,74.9,78.0,70.6,0,0,8,100.0,100.0,100.0,0,0,0,33,33,0,0,33,8,8,0,0,25,0
George Katrib,17836,WR,USC,6,82.5,0,326,54.7,,56.7,0,0,0,0.0,0.0,,0,0,0,33,0,0,0,40,0,7,0,0,33,1
Juwann Winfree,38275,WR,MARYLAND,8,37.1,0,215,70.7,,61.0,0,0,0,0.0,0.0,,1,0,0,33,0,0,0,89,0,56,0,0,33,0
Jameson Field,12562,WR,UTAH,5,63.5,0,328,53.5,,59.4,0,0,0,0.0,0.0,,0,0,0,33,0,0,0,52,0,19,0,0,33,0
Doroland Dorceus,45790,HB,MEMPHIS,4,30.3,0,218,66.3,38.5,55.2,1,0,17,37.0,38.3,97.1,1,1,0,33,0,0,0,109,18,47,0,0,15,0
Glenn Smith,45723,WR,GA STATE,9,52.4,0,175,71.0,,49.3,0,0,0,0.0,0.0,,0,0,0,33,0,0,0,63,0,30,0,0,33,0
David Ash,19739,QB,TEXAS,1,43.8,0,311,43.7,,60.0,0,0,0,0.0,0.0,,0,0,0,32,0,0,0,73,0,38,0,0,32,0
Thomas Owens,48148,WR,FIU,6,56.1,0,166,45.8,,48.6,0,0,0,0.0,0.0,,0,0,0,32,0,0,0,57,0,25,0,0,32,0
Devin Chafin,22528,HB,BAYLOR,9,22.7,0,118,77.5,84.2,55.5,0,0,22,45.8,45.3,100.0,0,0,0,32,0,0,0,141,24,53,0,0,8,0
Micah Reed,22104,HB,UCF,4,26.4,0,323,57.4,77.5,55.0,0,0,21,42.0,44.2,95.2,0,1,1,32,0,0,0,121,23,52,0,0,9,0
David Darley,44916,TE,TEXAS A&M,2,91.4,0,312,61.9,8.2,86.6,0,2,10,76.9,78.6,80.0,0,3,1,32,0,0,0,35,11,14,0,0,21,9
Brandon Bishop,47889,WR,E CAROLINA,5,54.2,0,156,58.7,,71.2,0,0,0,0.0,0.0,,0,0,0,32,0,0,0,59,0,27,0,0,32,0
Javonte Bagley,47888,WR,LOUISVILLE,4,61.5,0,210,61.8,,70.4,0,0,0,0.0,0.0,,0,0,0,32,0,0,0,52,0,20,0,0,32,0
Kenny Hilliard,9668,HB,LSU,11,20.3,0,211,76.3,67.7,57.9,1,1,15,31.9,31.4,93.3,0,2,0,32,0,0,0,158,16,51,0,0,16,0
Trent Denlinger,24519,G,WISCONSIN,6,100.0,0,349,70.2,82.6,67.8,0,0,10,100.0,100.0,100.0,0,0,0,32,0,6,9,32,10,10,17,0,22,0
Quinta Funderburk,17188,WR,SYRACUSE,8,56.1,0,304,51.8,,57.3,0,0,0,0.0,0.0,,0,0,0,32,0,0,0,57,0,25,0,0,32,0
Hunter Lamar,14360,C,GA SOUTHRN,2,100.0,0,174,74.2,70.5,70.0,0,0,0,,100.0,,0,0,0,32,32,0,0,32,1,1,0,0,31,0
P.J. Scott,14082,G,BALL ST,3,100.0,0,117,55.4,40.7,55.8,1,0,10,100.0,100.0,95.0,0,1,0,32,0,11,0,32,10,10,21,0,22,0
Myles Barnes,17655,WR,AIR FORCE,10,55.2,0,101,54.4,,61.4,0,0,0,0.0,0.0,,0,0,0,32,0,0,0,58,0,26,0,0,32,0
Chad West,38471,T,CINCINNATI,3,100.0,0,138,60.1,52.7,59.8,0,0,4,100.0,100.0,100.0,0,0,0,32,0,0,0,32,4,4,0,32,28,0
Antonio Messick,34768,WR,GA TECH,5,97.0,0,176,80.5,,78.0,0,0,0,0.0,0.0,,0,0,0,32,0,0,3,33,0,1,0,1,32,0
Korey Cunningham,38555,T,CINCINNATI,3,100.0,0,138,70.6,76.2,67.9,0,0,4,100.0,100.0,100.0,0,0,0,32,0,0,32,32,4,4,0,0,28,0
Caleb Rowe,18200,QB,MARYLAND,4,32.0,0,215,57.4,,60.0,0,0,0,0.0,0.0,,0,0,0,32,0,0,0,100,0,58,0,0,32,0
Jonathon Rumph,10183,WR,GEORGIA,5,58.2,0,173,91.7,,66.7,0,0,0,0.0,0.0,,0,0,0,32,0,0,0,55,0,23,0,0,32,1
Nathan Goltry,38835,G,NEVADA,2,100.0,0,239,62.3,60.3,62.0,0,1,17,100.0,100.0,97.1,0,1,0,32,0,0,0,32,17,17,32,0,15,0
Andre Davis,18451,WR,KANSAS ST,6,57.1,0,199,57.3,,59.1,0,0,0,0.0,0.0,,0,0,0,32,0,0,0,56,0,24,0,0,32,0
Darrel Williams,13014,HB,LSU,12,23.5,0,211,73.2,75.5,63.5,0,0,14,28.6,27.8,100.0,0,0,0,32,0,0,0,136,15,54,0,0,17,0
Khris Francis,39526,HB,N CAROLINA,8,36.8,0,245,51.6,18.2,59.1,0,2,13,23.2,28.3,92.3,0,2,0,32,0,0,0,87,17,60,0,0,15,0
Brian Roth,12919,G,UNLV,5,100.0,0,325,64.1,55.1,65.1,0,1,20,100.0,100.0,97.5,0,1,0,32,7,23,0,32,20,20,2,0,12,0
Krenwick Sanders,34760,WR,WISCONSIN,5,82.1,0,349,68.1,,70.5,0,0,0,0.0,0.0,,0,0,0,32,0,0,0,39,0,7,0,0,32,2
Cody Callaway,26968,QB,BOWL GREEN,6,44.9,0,122,54.9,,60.2,0,0,0,0.0,0.0,,0,0,0,31,0,0,0,69,0,35,0,0,31,0
Andrew Maass,13479,WR,CLEMSON,4,77.5,0,140,56.3,,60.4,0,0,0,0.0,0.0,,0,0,0,31,0,0,0,40,0,9,0,0,31,0
Kellen Buhr,46748,G,BOISE ST,3,100.0,0,120,75.1,75.7,73.8,0,0,4,100.0,100.0,100.0,0,0,0,31,0,0,0,31,4,4,31,0,27,0
Jeff Greene,18983,WR,OHIO STATE,4,88.6,0,260,50.9,,60.9,0,0,0,0.0,0.0,,0,0,0,31,0,0,0,35,0,4,0,0,31,0
D.J. Park,46866,T,S CAROLINA,3,100.0,0,289,70.6,84.1,66.6,0,0,11,100.0,100.0,100.0,0,0,0,31,0,2,0,31,11,11,4,25,20,0
Stanton Weber,18372,WR,KANSAS ST,4,70.5,0,199,60.9,,58.4,0,0,0,0.0,0.0,,0,0,0,31,0,0,0,44,0,13,0,0,31,0
Tim Hanrahan,14954,FB,NWESTERN,11,86.1,0,256,73.1,79.4,72.8,0,0,6,54.5,54.5,100.0,0,0,0,31,0,0,0,36,6,11,0,0,25,1
Ezayi Youyoute,18169,QB,GA SOUTHRN,4,70.5,0,174,55.6,,60.0,0,0,0,,0.0,,0,0,0,31,0,0,0,44,0,1,0,0,31,0
Kurt Fleming,27534,FB,CLEMSON,8,70.5,0,140,54.9,,77.1,0,0,0,0.0,0.0,,1,0,0,31,0,0,0,44,0,4,0,0,31,20
Jamauri Bogan,30634,FB,W MICHIGAN,9,100.0,0,347,58.8,,58.5,0,0,0,,,,0,0,0,31,0,0,0,31,0,0,0,0,31,0
Thomas O'Reilly,39447,G,GA TECH,3,100.0,0,176,49.7,73.4,50.4,0,0,3,100.0,100.0,100.0,1,0,0,31,12,10,5,31,3,3,2,0,28,2
Jasen Oden Jr.,17007,HB,COLO STATE,11,22.6,0,144,69.3,56.2,83.5,0,1,26,31.3,31.0,94.2,0,2,1,31,0,0,0,137,27,87,0,0,4,1
Marcus Outlow,28054,HB,BOSTON COL,12,19.1,0,121,63.8,48.2,56.5,0,1,8,11.4,11.3,93.7,0,1,0,31,0,0,0,162,9,80,0,0,22,5
Connor Reilly,12633,QB,TEMPLE,4,57.4,0,306,35.0,,60.0,0,0,0,0.0,0.0,,0,0,0,31,0,0,0,54,0,21,0,0,31,0
D'Ernest Johnson,45734,HB,USF,12,21.2,0,327,64.0,60.9,56.8,0,0,19,22.6,23.6,94.7,0,1,1,31,0,0,0,146,21,89,0,0,10,0
Logan Hutton,12377,WR,MINNESOTA,4,55.4,0,225,48.1,,57.6,0,0,0,0.0,0.0,,0,0,0,31,0,0,0,56,0,25,0,0,31,0
Kerry Thomas Jr.,48005,WR,UTSA,8,44.3,0,331,66.3,,60.1,0,0,0,0.0,0.0,,0,0,0,31,0,0,0,70,0,39,0,0,31,0
Mason Hampton,26534,C,BOISE ST,3,100.0,0,120,73.4,74.8,69.4,0,0,4,100.0,100.0,100.0,0,0,0,31,31,0,0,31,4,4,0,0,27,0
Andrew Tercek,46116,G,BOISE ST,3,100.0,0,120,70.5,75.7,69.2,0,0,4,100.0,100.0,100.0,0,0,0,31,0,31,0,31,4,4,0,0,27,0
Adam Choice,46003,HB,CLEMSON,6,23.1,0,140,68.6,57.7,57.8,1,1,16,25.0,26.5,93.7,0,2,0,31,0,0,0,134,18,68,0,0,13,0
Joseph Ajeigbe,45992,HB,DUKE,11,29.5,0,154,67.7,74.8,70.2,0,0,4,11.8,11.1,100.0,0,0,0,31,0,0,0,105,4,36,0,0,27,0
Jumichael Ramos,39708,WR,NC STATE,7,52.5,0,248,58.9,,68.7,0,0,0,0.0,0.0,,0,0,0,31,0,0,0,59,0,28,0,0,31,0
Mario Pender,22741,HB,FLORIDA ST,9,21.7,0,167,69.3,79.4,52.9,1,0,23,24.7,24.5,97.8,0,1,0,31,0,0,0,143,23,94,0,0,8,0
Cole Boozer,26461,TE,TEMPLE,3,86.1,0,306,39.0,,50.5,0,0,0,0.0,0.0,,0,0,0,31,0,0,0,36,0,5,0,0,31,34
Adrien Dunn,38899,WR,CLEMSON,4,86.1,0,140,67.9,,61.5,0,0,0,0.0,0.0,,0,0,0,31,0,0,0,36,0,5,0,0,31,0
Carl Lee Jr.,27983,WR,ARK STATE,5,56.6,0,113,55.2,,58.1,0,0,0,0.0,0.0,,0,0,0,30,0,0,0,53,0,23,0,0,30,0
Alexander Karr,28902,T,MEMPHIS,3,100.0,0,218,70.1,,68.1,0,0,0,,,,0,0,0,30,0,0,0,30,0,0,0,30,30,0
Andy Kwon,22669,C,GA SOUTHRN,4,100.0,0,174,70.3,70.4,67.4,0,0,0,,100.0,,0,0,0,30,21,9,0,30,1,1,0,0,29,0
Davion Johnson,26675,T,OLE MISS,2,100.0,0,226,59.9,74.2,64.6,0,0,10,100.0,100.0,100.0,1,0,0,30,0,0,15,30,10,10,0,15,20,0
Jackson Day,46126,C,W MICHIGAN,4,100.0,0,347,59.3,73.5,58.5,0,0,3,100.0,100.0,100.0,0,0,0,30,28,0,0,30,3,3,0,0,27,2
Berkley Edwards,26136,HB,MINNESOTA,12,39.0,0,225,55.3,40.5,57.5,0,0,3,15.0,15.0,100.0,0,0,0,30,0,0,0,77,3,20,0,0,27,0
Chris Aye,28661,T,LA TECH,3,100.0,0,208,66.9,31.3,72.6,0,1,13,100.0,100.0,96.2,0,1,0,30,0,0,0,30,13,13,0,30,17,0
Matt Joeckel,15217,QB,TCU,5,54.5,0,305,56.4,,60.0,0,0,0,0.0,0.0,,0,0,0,30,0,0,0,55,0,24,0,0,30,0
Albert Hall,22082,T,PENN STATE,2,100.0,0,266,54.9,76.9,51.6,0,0,9,100.0,100.0,100.0,0,0,0,30,0,0,15,30,9,9,0,15,21,0
Tyler Stehling,46429,QB,RICE,6,50.8,0,275,54.6,,60.0,0,0,0,0.0,0.0,,0,0,0,30,0,0,0,59,0,25,0,0,30,0
Khary Franklin,13437,HB,TROY,12,16.9,0,318,64.8,61.2,57.5,0,1,15,18.8,18.0,83.3,0,3,2,30,0,0,0,177,16,89,0,0,14,0
Jeremy Higgins,37751,QB,HAWAII,2,50.0,0,180,34.1,,60.0,0,0,0,0.0,0.0,,0,0,0,30,0,0,0,60,0,29,0,0,30,0
Evan Plagg,46373,T,TULSA,6,100.0,0,320,66.9,81.9,62.2,0,0,10,100.0,100.0,100.0,0,0,0,30,0,0,11,30,10,10,0,0,20,19
Carlos Wiggins,18807,WR,NEW MEXICO,8,30.3,0,241,59.6,,68.2,0,0,0,0.0,0.0,,0,0,0,30,0,0,0,99,0,60,0,0,30,0
Zach Hemmila,21706,G,ARIZONA,3,100.0,0,109,65.7,40.3,67.0,0,0,8,100.0,100.0,87.5,0,1,1,30,0,30,0,30,9,9,0,0,21,0
Jeffery Mead,48279,WR,OKLAHOMA,5,55.6,0,261,52.4,,61.1,0,0,0,0.0,0.0,,0,0,0,30,0,0,0,54,0,24,0,0,30,0
Jamal Jeffery,47579,WR,TEXAS A&M,2,57.7,0,312,59.6,,73.3,0,0,0,0.0,0.0,,0,0,0,30,0,0,0,52,0,22,0,0,30,0
Sam Bergen,11384,FB,RUTGERS,8,93.8,0,278,56.9,,57.3,0,0,0,0.0,0.0,,0,0,0,30,0,0,0,32,0,2,0,0,30,16
Chris Terry,15386,TE,TEXAS,6,71.4,0,311,42.0,29.8,59.9,0,0,2,15.4,14.3,100.0,1,0,0,30,0,0,0,42,2,14,0,0,28,25
Tyre Brady,41818,WR,MIAMI FL,6,52.6,0,220,43.8,,61.6,0,0,0,0.0,0.0,,0,0,0,30,0,0,0,57,0,27,0,0,30,0
DJ Chark Jr.,47702,WR,LSU,6,71.4,0,211,40.9,,60.5,0,0,0,0.0,0.0,,2,0,0,30,0,0,0,42,0,12,0,0,30,0
Andre Lewis,12628,WR,UTAH,4,53.6,0,328,60.3,,59.0,0,0,0,0.0,0.0,,0,0,0,30,0,0,0,56,0,26,0,0,30,0
DJ Juste,51142,WR,FAU,4,60.0,0,165,58.0,,57.5,0,0,0,0.0,0.0,,0,0,0,30,0,0,0,50,0,20,0,0,30,0
Andrew Bohan,16665,T,AKRON,3,100.0,0,102,67.0,85.4,62.4,0,0,13,100.0,100.0,100.0,0,0,0,29,0,0,8,29,14,14,10,11,15,0
Marcus Oliver,27389,T,HOUSTON,9,100.0,0,182,58.4,71.7,64.7,0,0,3,100.0,100.0,100.0,1,0,0,29,0,0,14,29,4,4,0,1,25,14
Brandon Byner,50409,HB,ARK STATE,12,26.9,0,113,57.8,59.5,55.7,0,0,11,17.5,17.5,100.0,1,0,0,29,0,0,0,108,11,63,0,0,18,0
D.J. May,50101,HB,WYOMING,6,22.8,0,351,66.5,23.5,59.8,3,0,25,38.5,38.8,86.0,1,5,2,29,0,0,0,127,26,67,0,0,3,0
Robert Foster,48230,WR,ALABAMA,6,59.2,0,103,66.4,,66.0,0,0,0,0.0,0.0,,0,0,0,29,0,0,0,49,0,20,0,0,29,0
Clayton Mitchem,14784,QB,NEW MEXICO,4,51.8,0,241,47.6,,60.0,0,0,0,0.0,0.0,,0,0,0,29,0,0,0,56,0,12,0,0,29,0
Johnnie Dixon,47912,WR,OHIO STATE,1,74.4,0,260,69.4,,74.7,0,0,0,0.0,0.0,,0,0,0,29,0,0,0,39,0,6,0,0,29,0
Tion Green,12185,HB,CINCINNATI,3,34.1,0,138,66.3,78.0,59.3,0,1,24,47.1,46.2,97.9,1,1,0,29,0,0,0,85,24,52,0,0,5,0
Daniel Hurd,47599,WR,MEMPHIS,6,93.5,0,218,63.7,,58.6,0,0,0,0.0,0.0,,1,0,0,29,0,0,0,31,0,2,0,0,29,0
Danny Nwosu,47347,TE,COLO STATE,9,93.5,0,144,62.2,66.3,62.3,0,0,2,50.0,50.0,100.0,0,0,0,29,0,0,0,31,2,4,0,0,27,27
Teddy Baker,13803,TE,USC,6,100.0,0,326,53.9,,54.1,0,0,0,,,,0,0,0,29,0,0,0,29,0,0,0,0,29,25
Will Foxx,17981,G,E CAROLINA,2,100.0,0,156,82.5,77.8,82.0,0,0,10,100.0,100.0,100.0,0,0,0,29,0,29,0,29,10,10,0,0,19,0
Jeremy Gaskins,18082,HB,FAU,5,45.3,0,165,62.4,84.1,64.4,0,0,20,60.6,60.0,100.0,1,0,0,29,0,0,0,64,21,35,0,0,8,0
Jordan Canzeri,18311,HB,IOWA,11,13.6,0,192,74.2,79.2,57.8,0,1,22,22.4,22.1,97.7,0,1,0,29,0,0,0,213,23,104,0,0,6,0
Ryan Buchanan,26731,QB,OLE MISS,5,51.8,0,226,42.7,,60.0,0,0,0,0.0,0.0,,0,0,0,29,0,0,0,56,0,25,0,0,29,0
Aaron Stafford,18943,WR,SMU,6,50.9,0,287,46.6,,48.9,0,0,0,0.0,0.0,,1,0,0,29,0,0,0,57,0,28,0,0,29,0
Brooks Haack,46462,QB,LA LAFAYET,6,46.8,0,207,82.8,,60.0,0,0,0,0.0,0.0,,0,0,0,29,0,0,0,62,0,25,0,0,29,0
Dominic Merka,19340,TE,TCU,6,93.5,0,305,67.9,67.5,68.4,0,0,1,33.3,33.3,100.0,0,0,0,29,0,0,0,31,1,3,0,0,28,18
Stone Underwood,20007,G,W VIRGINIA,4,100.0,0,343,59.0,77.7,57.2,0,0,8,100.0,100.0,100.0,0,0,0,29,0,3,0,29,8,8,26,0,21,0
Todd Gurley II,9443,HB,GEORGIA,6,12.5,0,173,84.1,40.9,58.5,1,1,13,14.8,16.1,92.3,1,2,0,29,0,0,0,232,15,93,0,0,14,0
Antonio Riles,12724,G,FLORIDA,4,100.0,0,163,63.6,76.3,62.3,0,0,4,100.0,100.0,100.0,0,0,0,29,0,29,0,29,4,4,0,0,25,0
DeVante Kincade,26446,QB,OLE MISS,8,38.2,0,226,34.5,,60.3,0,0,0,0.0,0.0,,1,0,0,29,0,0,0,76,0,26,0,0,29,0
Jordan Thiel,21771,TE,S JOSE ST,8,56.9,0,285,46.9,34.4,52.8,0,1,3,12.0,15.4,83.3,0,1,0,29,0,0,0,51,4,26,0,0,25,39
Robby Kolanz,22277,WR,USC,6,93.5,0,326,54.7,,52.1,0,0,0,0.0,0.0,,0,0,0,29,0,0,0,31,0,2,0,0,29,3
Bo Dever,23119,WR,MICHIGAN,10,52.7,0,222,57.6,,65.6,0,0,0,0.0,0.0,,0,0,0,29,0,0,0,55,0,26,0,0,29,0
Jordan Davis,15303,WR,TEXAS TECH,4,29.0,0,315,73.2,,90.6,0,0,0,0.0,0.0,,0,0,0,29,0,0,0,100,0,71,0,0,29,0
Napoleon Maxwell,28508,HB,FIU,6,22.6,0,166,64.7,35.6,58.5,0,1,13,24.5,24.1,96.2,0,1,0,28,0,0,0,124,13,54,0,0,15,0
Jordan Gehrke,21879,QB,COLORADO,4,33.3,0,143,50.9,,60.0,0,0,0,0.0,0.0,,1,0,0,28,0,0,0,84,0,53,0,0,28,0
Stanley Williams,45964,HB,KENTUCKY,10,17.1,0,202,75.4,43.9,54.6,0,1,10,14.1,14.1,95.0,0,1,0,28,0,0,0,164,10,71,0,0,18,0
Will Adams,46236,G,AUBURN,4,100.0,0,115,68.8,81.5,66.8,0,0,14,100.0,100.0,100.0,0,0,0,28,0,14,0,28,14,14,14,0,14,0
Jahad Thomas,12326,HB,TEMPLE,12,14.1,1,306,65.8,82.2,45.7,0,1,17,17.0,16.7,97.1,2,1,0,28,0,0,0,198,17,102,0,0,11,0
Jamal Prater,18981,G,OREGON,5,100.0,0,264,58.4,76.7,56.9,0,0,4,100.0,100.0,100.0,0,0,0,28,0,0,0,28,4,4,25,3,24,0
Blake Bogenschutz,26913,QB,UTSA,3,31.5,0,331,29.9,,60.0,0,0,0,0.0,0.0,,0,0,0,28,0,0,0,89,0,53,0,0,28,0
Daryl Rollins-Davis,28119,WR,ARK STATE,5,51.9,0,113,66.7,,62.3,0,0,0,0.0,0.0,,0,0,0,28,0,0,0,54,0,24,0,0,28,0
Jake Heaps,10085,QB,MIAMI FL,5,62.2,0,220,51.7,,60.0,0,0,0,0.0,0.0,,1,0,0,28,0,0,0,45,0,14,0,0,28,0
Ed Collins,18161,WR,GA SOUTHRN,2,96.6,0,174,59.6,,60.7,0,0,0,,0.0,,0,0,0,28,0,0,0,29,0,1,0,0,28,0
Adam Weber,14499,FB,KANSAS ST,4,93.3,0,199,57.1,73.3,55.9,0,0,2,66.7,66.7,100.0,0,0,0,28,0,0,0,30,2,3,0,0,26,0
Jordan Fieulleteau,47783,WR,N CAROLINA,4,47.5,0,245,56.3,,56.6,0,0,0,0.0,0.0,,0,0,0,28,0,0,0,59,0,31,0,0,28,0
D'Aquin Withrow,46293,T,LA LAFAYET,3,100.0,0,207,79.5,0.0,81.0,0,0,3,100.0,100.0,66.7,0,1,1,28,0,0,28,28,3,3,0,0,25,0
Jesse Scroggins,37755,QB,ARIZONA,4,49.1,0,109,40.3,,60.0,0,0,0,0.0,0.0,,0,0,0,28,0,0,0,57,0,21,0,0,28,0
Ryan Ward,22684,TE,IOWA,10,93.3,0,192,64.3,63.3,64.3,0,0,1,33.3,33.3,100.0,0,0,0,28,0,0,0,30,1,3,0,0,27,30
Matthew Eaton,24780,WR,TEMPLE,4,63.6,0,306,53.4,,60.6,0,0,0,0.0,0.0,,0,0,0,28,0,0,0,44,0,16,0,0,28,0
Randy Price,19370,WR,TEXAS ST,5,45.9,0,314,49.7,,59.6,0,0,0,0.0,0.0,,0,0,0,28,0,0,0,61,0,25,0,0,28,0
Jonathan Huckins,34776,C,COLORADO,2,100.0,0,143,49.5,31.1,63.4,2,1,22,100.0,100.0,93.2,1,3,0,28,8,20,0,28,22,22,0,0,6,0
Derrick Willies,48345,WR,IOWA,5,36.8,0,192,61.4,,70.7,0,0,0,0.0,0.0,,0,0,0,28,0,0,0,76,0,48,0,0,28,0
Tony Daniel,18036,QB,BUFFALO,5,54.9,0,126,75.8,,60.0,0,0,0,0.0,0.0,,0,0,0,28,0,0,0,51,0,16,0,0,28,0
Jordan Jurasevich,30003,TE,PURDUE,10,84.8,0,273,59.6,73.0,59.7,0,0,2,28.6,28.6,100.0,0,0,0,28,0,0,0,33,2,7,0,0,26,12
Tyler Cameron,47287,QB,WAKE,3,54.0,0,339,57.6,,60.0,0,0,0,0.0,0.0,,0,0,0,27,0,0,0,50,0,20,0,0,27,0
Jon Lee,13848,TE,AIR FORCE,8,61.4,0,101,45.8,,52.2,0,0,0,0.0,0.0,,0,0,0,27,0,0,0,44,0,11,0,0,27,14
Jordan Diaz,12406,FB,S CAROLINA,5,93.1,0,289,61.5,69.4,60.1,0,0,7,77.8,81.8,100.0,0,0,0,27,0,0,0,29,9,11,0,0,18,0
Mikah Holder,27203,WR,S DIEGO ST,10,28.1,0,284,58.6,,58.1,0,0,0,0.0,0.0,,0,0,0,27,0,0,0,96,0,69,0,0,27,0
Alvin Cornelius,17036,WR,SYRACUSE,7,54.0,0,304,57.6,,71.8,0,0,0,0.0,0.0,,0,0,0,27,0,0,0,50,0,23,0,0,27,0
Desmon Peoples,16906,HB,RUTGERS,10,12.4,0,278,66.4,11.6,60.3,0,1,15,17.2,16.9,83.3,0,3,2,27,0,0,0,217,15,89,0,0,12,0
Ryan Brodie,16901,G,RUTGERS,3,100.0,0,278,59.3,79.8,57.1,0,0,6,100.0,100.0,100.0,0,0,0,27,0,17,10,27,6,6,0,0,21,0
Malcolm Culmer,47798,WR,MARYLAND,7,52.9,0,215,49.0,,60.5,0,0,0,0.0,0.0,,0,0,0,27,0,0,0,51,0,24,0,0,27,0
Tyler Provo,22099,TE,SYRACUSE,5,90.0,0,304,51.8,65.2,52.9,0,0,1,25.0,25.0,100.0,0,0,0,27,0,0,0,30,1,4,0,0,26,28
Kamrin Solomon,48117,WR,FAU,4,62.8,0,165,49.9,,70.1,0,0,0,0.0,0.0,,1,0,0,27,0,0,0,43,0,16,0,0,27,0
Andrew Spears,22517,FB,BALL ST,8,90.0,0,117,68.6,73.4,68.8,0,0,3,50.0,57.1,100.0,0,0,0,27,0,0,0,30,4,7,0,0,23,2
Braelon Roberts,48039,WR,UTAH ST,5,90.0,0,329,58.9,,62.1,0,0,0,0.0,0.0,,0,0,0,27,0,0,0,30,0,3,0,0,27,0
Johnathan Boring,22093,T,TROY,5,100.0,0,318,52.7,32.9,56.8,0,3,12,100.0,100.0,87.5,0,3,0,27,5,0,9,27,12,12,0,13,15,0
David Gross,22087,G,TROY,4,100.0,0,318,61.9,54.7,62.2,0,0,12,100.0,100.0,100.0,0,0,0,27,0,27,0,27,12,12,0,0,15,0
Brandon Monroe,45630,HB,S JOSE ST,9,29.0,0,285,61.2,81.4,75.9,0,0,11,32.4,32.4,100.0,0,0,0,27,0,0,0,93,12,37,0,0,15,0
Cameron Oliver,22017,WR,HOUSTON,5,96.4,0,182,60.4,,61.1,0,0,0,0.0,0.0,,0,0,0,27,0,0,0,28,0,1,0,0,27,0
Mark Dodson,45692,HB,OLE MISS,12,25.2,0,226,56.3,79.0,57.7,0,0,5,11.4,10.4,100.0,0,0,0,27,0,0,0,107,5,48,0,0,22,0
Juwan Lewis,22816,FB,E MICHIGAN,8,87.1,0,160,51.7,70.0,51.5,0,0,1,33.3,33.3,100.0,0,0,0,27,0,0,0,31,1,3,0,0,26,0
Shelton Gibson,11921,WR,W VIRGINIA,6,67.5,0,343,72.8,,61.2,0,0,0,0.0,0.0,,0,0,0,27,0,0,0,40,0,13,0,0,27,0
Jared Baker,10946,HB,ARIZONA,6,30.0,0,109,68.2,73.4,59.0,0,1,15,30.6,28.3,96.7,1,1,0,27,0,0,0,90,15,53,0,0,12,0
Natrell Jamerson,50440,WR,WISCONSIN,6,84.4,0,349,59.7,,57.1,0,0,0,0.0,0.0,,0,0,0,27,0,0,0,32,0,4,0,0,27,2
Luke Seeker,19017,HB,SMU,6,41.5,0,287,60.3,74.4,60.0,0,3,25,65.8,65.0,94.0,0,3,0,27,0,0,0,65,26,40,0,0,1,0
Drake Johnson,23121,HB,MICHIGAN,6,22.0,0,222,71.1,54.4,57.6,1,1,18,35.3,34.6,94.4,0,2,0,27,0,0,0,123,18,52,0,0,9,0
Travis Ellard,18896,G,N TEXAS,2,100.0,0,251,76.4,73.0,73.5,0,0,3,100.0,100.0,100.0,0,0,0,27,8,19,0,27,3,3,0,0,24,0
Shakenneth Williams,39170,WR,GEORGIA,4,64.3,0,173,70.4,,61.3,0,0,0,0.0,0.0,,0,0,0,27,0,0,0,42,0,15,0,0,27,0
Micah Thompson,18760,G,N TEXAS,2,100.0,0,251,65.0,73.0,64.0,0,0,3,100.0,100.0,100.0,0,0,0,27,0,0,0,27,3,3,27,0,24,0
Blake Martin,18558,HB,LA TECH,8,33.8,0,208,62.0,35.4,59.1,1,1,14,40.0,40.5,92.9,0,2,0,27,0,0,0,80,15,37,0,0,12,0
Rashad Cunningham,18473,WR,KENTUCKY,6,56.3,0,202,47.3,,47.6,0,0,0,0.0,0.0,,1,0,0,27,0,0,0,48,0,21,0,0,27,2
Reed Bergstrom,18301,C,KANSAS ST,4,100.0,0,199,61.8,74.9,60.3,0,0,4,100.0,100.0,100.0,1,0,0,27,27,0,0,27,4,4,0,0,23,0
Cal Bloom,47103,TE,UCF,2,93.1,0,323,64.3,70.2,63.0,0,0,5,71.4,71.4,100.0,0,0,0,27,0,0,0,29,5,7,0,0,22,29
Dorian Leonard,30560,WR,TEXAS,5,67.5,0,311,61.7,,60.8,0,0,0,0.0,0.0,,0,0,0,27,0,0,0,40,0,13,0,0,27,0
Cedric Lancaster,32606,WR,SMU,7,20.3,0,287,57.0,20.9,70.9,1,0,1,1.0,0.9,50.0,0,1,0,27,0,0,0,133,1,107,0,0,26,1
D.J. Greenlee,27531,FB,CLEMSON,4,92.9,0,140,52.8,,51.9,0,0,0,0.0,0.0,,0,0,0,26,0,0,0,28,0,2,0,0,26,9
Josh Marriner,27232,HB,UCONN,11,26.0,0,146,66.6,62.2,59.6,0,2,23,40.4,37.7,95.7,0,2,0,26,0,0,0,100,23,61,0,0,3,0
Bart Houston,12349,QB,WISCONSIN,4,74.3,0,349,61.0,,60.0,0,0,0,0.0,0.0,,0,0,0,26,0,0,0,35,0,4,0,0,26,0
Brandon Brooks,34758,WR,TROY,8,33.8,0,318,59.0,,68.5,0,0,0,0.0,0.0,,0,0,0,26,0,0,0,77,0,51,0,0,26,0
Kermit Whitfield,12177,WR,FLORIDA ST,8,20.5,0,167,65.0,,47.0,0,0,0,0.0,0.0,,0,0,0,26,0,0,0,127,0,98,0,0,26,0
Walker Williams,24308,T,WISCONSIN,5,100.0,0,349,59.0,72.6,57.8,0,0,1,100.0,100.0,100.0,0,0,0,26,0,0,26,26,1,1,0,0,25,0
Jon Jackson,37901,T,W MICHIGAN,3,100.0,0,347,58.7,74.6,57.2,0,0,2,100.0,100.0,100.0,0,0,0,26,0,6,20,26,2,2,0,0,24,0
Steve Pickren,38272,T,UAB,6,100.0,0,321,62.5,68.1,61.0,0,0,2,100.0,100.0,100.0,0,0,0,26,0,0,5,26,2,2,0,3,24,18
Chris Wuestner,23683,WR,PITTSBURGH,6,76.5,0,268,56.7,,59.9,0,0,0,0.0,0.0,,0,0,0,26,0,0,0,34,0,8,0,0,26,0
Khalfani Muhammad,11996,HB,CAL,11,17.0,0,130,69.0,57.8,61.4,0,0,11,12.6,12.9,100.0,0,0,0,26,0,0,0,153,12,93,0,0,14,1
Bram Kohlhausen,39176,QB,TCU,4,68.4,0,305,64.4,,60.0,0,0,0,0.0,0.0,,0,0,0,26,0,0,0,38,0,9,0,0,26,0
Kray'shawn Brewer,22700,WR,E MICHIGAN,10,28.9,0,160,57.6,,65.2,0,0,0,0.0,0.0,,0,0,0,26,0,0,0,90,0,64,0,0,26,0
Ronald Lewis,44894,WR,ARIZONA ST,4,55.3,0,110,57.0,,58.8,0,0,0,0.0,0.0,,0,0,0,26,0,0,0,47,0,19,0,0,26,0
Trevor Thomas,45654,FB,C MICHIGAN,7,81.3,0,134,68.3,73.7,67.4,0,0,3,33.3,33.3,100.0,0,0,0,26,0,0,0,32,3,9,0,0,23,0
Justin Goodwin,45707,HB,RUTGERS,10,15.3,0,278,65.2,16.2,60.0,0,4,21,26.6,25.6,85.7,0,5,1,26,0,0,0,170,21,82,0,0,5,0
David Williams,45732,HB,S CAROLINA,9,23.2,0,289,65.4,67.5,58.6,0,1,16,28.6,28.1,96.9,0,1,0,26,0,0,0,112,16,57,0,0,10,0
Joseph Yearby,46026,HB,MIAMI FL,12,13.2,0,220,68.4,54.7,58.5,0,2,19,19.4,19.4,94.7,0,2,0,26,0,0,0,197,20,103,0,0,6,0
Brock Stadnik,21337,G,S CAROLINA,3,100.0,0,289,57.2,82.1,54.2,0,0,9,100.0,100.0,100.0,0,0,0,26,0,25,0,26,9,9,1,0,17,0
Jordan Nielsen,19477,DI,UTAH ST,7,96.3,0,329,44.2,20.2,54.4,0,0,4,80.0,80.0,75.0,0,1,1,26,0,0,0,27,4,5,0,0,22,27
Trenton Saunders,46611,G,FIU,4,100.0,0,166,48.6,40.3,55.4,0,1,10,100.0,100.0,95.0,1,1,0,26,0,0,0,26,10,10,26,0,16,0
Billy Cosh,13345,QB,HOUSTON,3,74.3,0,182,60.8,,60.0,0,0,0,0.0,0.0,,0,0,0,26,0,0,0,35,0,9,0,0,26,0
Marcel Lazard,46943,T,W VIRGINIA,2,100.0,0,343,74.9,75.1,72.0,0,0,6,100.0,100.0,100.0,0,0,0,26,0,0,0,26,6,6,0,26,20,0
Kareem Are,18066,G,FLORIDA ST,3,100.0,0,167,69.9,43.6,71.7,0,1,9,100.0,100.0,94.4,0,1,0,26,0,26,0,26,9,9,0,0,17,0
Malcolm Faciane,17765,TE,ALABAMA,6,72.2,0,103,64.0,71.1,70.3,0,0,3,23.1,23.1,100.0,0,0,0,26,0,0,0,36,3,13,0,0,23,22
Tyler Cierski,14659,FB,MARYLAND,10,86.7,0,215,54.0,73.5,52.6,0,0,3,50.0,42.9,100.0,0,0,0,26,0,0,0,30,3,7,0,0,23,2
James Clark,48149,WR,OHIO STATE,4,86.7,0,260,58.2,,61.0,0,0,0,0.0,0.0,,0,0,0,26,0,0,0,30,0,4,0,0,26,0
Chris Covington,49825,QB,INDIANA,5,48.1,0,190,42.7,,60.0,0,0,0,0.0,0.0,,0,0,0,26,0,0,0,54,0,14,0,0,26,0
Marc Remy,51096,HB,TOLEDO,9,18.4,0,316,63.2,14.6,55.1,1,2,13,16.0,17.2,88.5,0,3,0,26,0,0,0,141,15,87,0,0,11,0
Matt Johnson,11111,QB,BOWL GREEN,1,36.8,0,122,81.8,,60.0,0,0,0,0.0,0.0,,0,0,0,25,0,0,0,68,0,41,0,0,25,0
Grant Rohach,46510,QB,IOWA STATE,2,27.2,0,193,48.9,,60.0,0,0,0,0.0,0.0,,0,0,0,25,0,0,0,92,0,65,0,0,25,0
Heath Warren,24849,T,GA SOUTHRN,2,100.0,0,174,70.4,71.4,68.1,0,0,0,,100.0,,0,0,0,25,0,0,25,25,1,1,0,0,24,0
Stephen Buckley,23386,WR,NWESTERN,6,31.3,0,256,47.8,,58.1,0,0,0,0.0,0.0,,0,0,0,25,0,0,0,80,0,55,0,0,25,0
Myles Carr,22213,WR,FRESNO ST,3,58.1,0,169,48.5,,56.5,0,0,0,0.0,0.0,,1,0,0,25,0,0,0,43,0,18,0,0,25,0
Richard Burrows,17949,WR,FIU,3,43.1,0,166,50.9,,61.0,0,0,0,0.0,0.0,,1,0,0,25,0,0,0,58,0,33,0,0,25,0
Marcus Danenhauer,17786,T,ARKANSAS,3,100.0,0,111,76.3,71.3,74.1,0,0,6,100.0,100.0,100.0,0,0,0,25,0,0,0,25,6,6,0,25,19,0
Brodrick Umblance,44985,WR,TULSA,3,45.5,0,320,43.7,,59.6,0,0,0,0.0,0.0,,0,0,0,25,0,0,0,55,0,30,0,0,25,0
Shaq Thompson,9458,LB,WASHINGTON,6,21.4,0,340,73.0,81.3,59.0,0,0,11,28.2,27.5,100.0,1,0,0,25,0,0,0,117,11,40,0,0,14,0
Devin Goodman,16853,G,ARIZONA ST,1,100.0,0,110,63.3,79.4,61.3,0,0,8,100.0,100.0,100.0,0,0,0,25,0,25,0,25,8,8,0,0,17,0
Jeff Wilson Jr.,29413,HB,N TEXAS,9,22.1,0,251,58.2,82.7,56.7,0,0,12,25.0,26.5,100.0,0,0,0,25,0,0,0,113,13,49,0,0,12,0
Chad Mavety,18042,T,FLORIDA ST,2,100.0,0,167,79.1,80.5,75.5,0,0,9,100.0,100.0,100.0,0,0,0,25,0,0,0,25,9,9,0,25,16,0
Wilson Bell,46796,G,FLORIDA ST,2,100.0,0,167,58.4,81.1,55.5,0,0,9,100.0,100.0,100.0,0,0,0,25,0,0,0,25,9,9,25,0,16,0
Zach Zwinak,13386,HB,PENN STATE,6,22.9,0,266,59.7,61.7,60.0,0,2,23,34.8,35.3,95.7,1,2,0,25,0,0,0,109,24,68,0,0,1,0
B.J. Salmonson,26705,T,WASH STATE,6,100.0,0,341,63.5,68.8,61.0,0,0,5,100.0,100.0,100.0,0,0,0,25,0,0,0,25,6,6,0,0,19,25
Sean Dowling,47104,T,VANDERBILT,9,100.0,0,333,54.3,70.6,53.4,0,0,3,100.0,100.0,100.0,0,0,0,25,0,0,0,25,3,3,0,0,22,25
B.J. Kelley,19028,WR,OREGON,4,83.3,0,264,56.7,,58.8,0,0,0,0.0,0.0,,0,0,0,25,0,0,0,30,0,5,0,0,25,0
Raheem Falkins,47938,WR,ALABAMA,7,78.1,0,103,49.8,,61.5,0,0,0,0.0,0.0,,0,0,0,25,0,0,0,32,0,7,0,0,25,0
Keith Harris Jr.,16563,HB,N ILLINOIS,2,36.8,0,254,69.4,47.6,81.0,1,0,10,35.7,35.7,95.0,0,1,0,25,0,0,0,68,10,28,0,0,15,0
Tavarreon Dickerson,21904,HB,TULSA,7,22.1,0,320,67.4,64.1,57.3,0,1,13,21.0,25.0,96.2,0,1,0,25,0,0,0,113,17,68,0,0,8,0
Dontez Byrd,28909,WR,LOUISVILLE,9,73.5,0,210,55.0,,58.9,0,0,0,0.0,0.0,,0,0,0,25,0,0,0,34,0,9,0,0,25,1
Cam Dillard,45588,G,FLORIDA,4,100.0,0,163,55.1,34.3,55.9,0,1,2,100.0,100.0,75.0,0,1,0,25,9,3,0,25,2,2,13,0,23,0
Paul Moses,50822,HB,MIAMI OH,5,65.8,0,221,47.8,75.1,50.5,0,1,15,88.2,89.5,96.7,0,1,0,25,0,0,0,38,17,19,0,0,8,0
Brendan Douglas,45680,HB,GEORGIA,8,21.6,0,173,56.5,47.4,60.1,0,2,14,31.1,30.4,92.9,0,2,0,24,0,0,0,111,14,46,0,0,10,0
Tanner Thrift,46708,T,BAYLOR,2,100.0,0,118,58.7,75.2,56.4,0,0,6,100.0,100.0,100.0,0,0,0,24,0,0,24,24,6,6,0,0,18,0
Rahmel Dockery,38138,WR,OREGON ST,11,35.3,0,265,79.5,,60.8,0,0,0,0.0,0.0,,1,0,0,24,0,0,0,68,0,41,0,0,24,0
Hunter Nunn,34977,TE,APP STATE,4,92.3,0,108,48.1,,49.4,0,0,0,0.0,0.0,,0,0,0,24,0,0,0,26,0,2,0,0,24,21
Lazedrick Thompson,45709,HB,TULANE,11,12.9,0,319,71.1,40.7,59.4,1,0,9,16.4,16.9,94.4,0,1,0,24,0,0,0,186,10,59,0,0,14,0
Teo Redding,47790,WR,BOWL GREEN,8,31.2,0,122,53.3,,56.6,0,0,0,0.0,0.0,,0,0,0,24,0,0,0,77,0,53,0,0,24,0
Taylor Graham,14412,QB,HAWAII,2,50.0,0,180,58.2,,60.0,0,0,0,0.0,0.0,,0,0,0,24,0,0,0,48,0,24,0,0,24,0
Chris Kearney,16728,WR,S JOSE ST,8,28.9,0,285,63.2,,60.3,0,0,0,0.0,0.0,,0,0,0,24,0,0,0,83,0,59,0,0,24,0
Casey Tucker,46376,T,STANFORD,4,100.0,0,300,55.2,26.1,61.6,0,0,11,100.0,100.0,90.9,0,1,1,24,0,0,24,24,11,11,0,0,13,0
Teddy Williamson,24848,HB,BALL ST,7,40.7,0,117,66.3,65.5,60.1,0,0,19,65.5,63.3,94.7,0,1,1,24,0,0,0,59,19,30,0,0,5,0
Charlie Reid,47174,WR,TCU,6,54.5,0,305,61.3,,77.9,0,0,0,0.0,0.0,,0,0,0,24,0,0,0,44,0,20,0,0,24,0
Darius Redman,19695,TE,VA TECH,7,88.9,0,337,62.2,67.1,63.5,0,0,1,25.0,25.0,100.0,1,0,0,24,0,0,1,27,1,4,0,0,23,25
Reggie Whatley,14733,HB,MIDDLE TN,12,13.8,0,224,75.5,79.6,59.4,0,0,11,24.4,24.4,100.0,1,0,0,24,0,0,0,174,11,45,0,0,13,4
Jordan Cunningham,21390,WR,VANDERBILT,3,40.0,0,333,55.2,,47.5,0,0,0,0.0,0.0,,0,0,0,24,0,0,0,60,0,36,0,0,24,0
Ralston Compton,32098,WR,NEW MEX ST,2,63.2,0,242,55.9,,60.7,0,0,0,0.0,0.0,,0,0,0,24,0,0,0,38,0,14,0,0,24,0
Tyler Brown,28699,HB,IOWA STATE,7,35.8,0,193,69.1,83.6,53.4,0,0,20,51.3,51.3,100.0,0,0,0,24,0,0,0,67,20,39,0,0,4,0
Ryheem Malone,30024,WR,SMU,5,32.0,0,287,45.2,,69.1,0,0,0,0.0,0.0,,0,0,0,24,0,0,0,75,0,51,0,0,24,0
Luke Benuska,19342,T,TCU,5,100.0,0,305,53.5,79.4,49.5,0,0,9,100.0,100.0,100.0,0,0,0,24,0,12,12,24,9,9,0,0,15,0
Trey Anderson,19120,QB,PITTSBURGH,3,52.2,0,268,61.1,,60.0,0,0,0,0.0,0.0,,0,0,0,24,0,0,0,46,0,20,0,0,24,0
Tyler Cogswell,38425,TE,CINCINNATI,3,96.0,0,138,67.9,67.3,64.5,0,0,1,50.0,50.0,100.0,0,0,0,24,0,0,0,25,1,2,0,0,23,25
Davis Koppenhaver,47204,TE,DUKE,3,80.0,0,154,56.1,,55.6,0,0,0,0.0,0.0,,0,0,0,24,0,0,0,30,0,6,0,0,24,17
Greg Hart,47067,TE,NEBRASKA,4,88.9,0,238,56.3,66.0,56.7,0,0,1,25.0,25.0,100.0,0,0,0,24,0,0,0,27,1,4,0,0,23,16
Corey Willis,25319,WR,C MICHIGAN,7,51.1,0,134,78.2,,83.2,0,0,0,0.0,0.0,,0,0,0,24,0,0,0,47,0,22,0,0,24,0
Clay Cleveland,38820,FB,SYRACUSE,5,92.3,0,304,72.0,65.9,75.0,0,0,1,50.0,33.3,100.0,0,0,0,24,0,0,0,26,1,3,0,0,23,13
Derrick Green,45904,HB,MICHIGAN,6,15.9,0,222,61.7,49.5,68.1,0,1,16,27.6,27.1,96.9,0,1,0,24,0,0,0,151,16,59,0,0,8,0
Ricky Fergerson,17804,HB,APP STATE,9,30.4,0,108,67.3,29.8,55.7,0,2,7,33.3,34.6,85.7,0,2,0,24,0,0,0,79,9,26,0,0,15,0
Jeremiah Kobena,13270,WR,SYRACUSE,5,57.5,0,304,57.4,,68.2,0,0,0,0.0,0.0,,0,0,0,23,0,0,0,40,0,17,0,0,23,0
Sean Harvey,14632,G,MIAMI FL,4,100.0,0,220,59.7,78.1,57.9,0,0,6,100.0,100.0,100.0,0,0,0,23,0,12,0,23,6,6,11,0,17,0
Terrance Hollingsworth,28000,HB,ARK STATE,9,22.1,0,113,54.2,80.6,77.5,0,0,13,23.6,23.2,100.0,0,0,0,23,0,0,0,104,13,56,0,0,10,0
Connor Patterson,46049,G,RICE,4,100.0,0,275,63.0,80.8,60.1,0,0,11,100.0,100.0,100.0,0,0,0,23,0,23,0,23,11,11,0,0,12,0
Davon Henry,39117,TE,OHIO,5,69.7,0,259,42.3,64.5,45.3,0,0,1,10.0,9.1,100.0,1,0,0,23,0,0,0,33,1,11,0,0,22,16
Kyle Sloter,12180,WR,SO MISS,5,37.7,0,296,55.6,,59.6,0,0,0,0.0,0.0,,0,0,0,23,0,0,0,61,0,38,0,0,23,0
Steven West,22968,WR,KANSAS ST,5,76.7,0,199,50.0,,60.2,0,0,0,0.0,0.0,,0,0,0,23,0,0,0,30,0,7,0,0,23,0
Keith Link,13841,TE,AIR FORCE,6,95.8,0,101,73.0,,79.7,0,0,0,0.0,0.0,,0,0,0,23,0,0,0,24,0,1,0,0,23,14
Michael Raby,17871,TE,BALL ST,5,95.8,0,117,55.7,73.9,52.6,0,0,5,83.3,83.3,100.0,0,0,0,23,0,0,0,24,5,6,0,0,18,17
Carter Wall,17200,G,HOUSTON,2,100.0,0,182,63.3,75.0,62.3,0,0,2,100.0,100.0,100.0,1,0,0,23,0,0,0,23,2,2,23,0,21,0
NaQuan Brown,18727,WR,NC STATE,5,41.1,0,248,52.1,,60.7,0,0,0,0.0,0.0,,0,0,0,23,0,0,0,56,0,33,0,0,23,0
Sean Hesler,17026,WR,UTSA,5,67.6,0,331,50.5,,59.6,0,0,0,0.0,0.0,,0,0,0,23,0,0,0,34,0,11,0,0,23,0
Gio Pascascio,12297,WR,LOUISVILLE,5,76.7,0,210,56.1,,60.1,0,0,0,0.0,0.0,,0,0,0,23,0,0,0,30,0,7,0,0,23,0
Garrett Hope,19938,TE,W VIRGINIA,3,100.0,0,343,72.6,76.2,72.4,0,0,4,100.0,100.0,100.0,0,0,0,23,0,0,0,23,4,4,0,0,19,9
Vincent Johnson,28217,T,CAL,1,100.0,0,130,58.2,75.4,55.9,0,0,4,100.0,100.0,100.0,0,0,0,23,0,0,3,23,5,5,0,20,18,0
Taylor Evans,20722,G,NEVADA,2,100.0,0,239,46.0,27.4,47.0,0,1,12,100.0,100.0,95.8,1,1,0,23,0,4,1,23,13,13,18,0,10,0
Luke Stice,17123,TE,HOUSTON,5,100.0,0,182,52.6,68.2,52.1,0,0,2,100.0,100.0,100.0,0,0,0,23,0,0,0,23,2,2,0,0,21,17
Marcelys Jones,29698,G,OHIO STATE,2,100.0,0,260,58.0,73.5,57.0,0,0,3,100.0,100.0,100.0,0,0,0,23,0,0,0,23,3,3,23,0,20,0
Drew Thompson,27284,TE,TROY,7,95.8,0,318,60.0,,60.4,0,0,0,0.0,0.0,,0,0,0,23,0,0,0,24,0,1,0,0,23,24
Mark Chapman,48120,WR,C MICHIGAN,7,53.5,0,134,60.7,,73.8,0,0,0,0.0,0.0,,0,0,0,23,0,0,0,43,0,19,0,0,23,0
Mitch Kimble,21943,QB,SYRACUSE,3,42.6,0,304,62.9,,60.0,0,0,0,0.0,0.0,,0,0,0,23,0,0,0,54,0,20,0,0,23,0
Cameron Decell,23688,WR,RICE,7,53.5,0,275,56.8,,60.0,0,0,0,0.0,0.0,,0,0,0,23,0,0,0,43,0,20,0,0,23,0
Larry Williams,46718,G,E CAROLINA,3,100.0,0,156,63.1,75.4,61.7,0,0,7,100.0,100.0,100.0,0,0,0,23,0,2,0,23,7,7,21,0,16,0
Martinez Syria,28566,HB,IOWA STATE,5,35.4,0,193,55.7,55.9,60.1,0,1,15,40.5,45.0,90.0,0,2,1,23,0,0,0,65,18,40,0,0,5,0
Luke Lawrence,22030,G,TROY,3,100.0,0,318,51.6,78.0,56.3,0,0,5,100.0,100.0,100.0,1,0,0,23,0,13,0,23,5,5,10,0,18,0
Frank Taylor,18095,C,BOSTON COL,3,100.0,0,121,61.7,78.6,59.3,0,0,7,100.0,100.0,100.0,0,0,0,23,23,0,0,23,7,7,0,0,16,0
Ronald Regula,14556,FB,MIAMI FL,4,100.0,0,220,34.9,11.6,59.8,0,1,2,100.0,100.0,75.0,0,1,0,23,0,0,0,23,2,2,0,0,21,0
Brennan Tutor,37828,T,ARK STATE,3,100.0,0,113,66.9,74.9,64.5,0,0,6,100.0,100.0,100.0,0,0,0,23,0,0,13,23,6,6,0,10,17,0
Kimo Tipoti,21377,G,TEXAS A&M,1,100.0,0,312,58.3,79.1,55.5,0,0,10,100.0,100.0,100.0,0,0,0,23,0,0,0,23,10,10,23,0,13,0
George Morris,16968,HB,SYRACUSE,9,26.1,0,304,43.9,11.9,55.2,0,3,10,25.0,25.0,85.0,0,3,0,23,0,0,0,88,10,40,0,0,13,0
Patrick Halloran,24910,T,AIR FORCE,3,100.0,0,101,67.5,63.8,66.2,0,0,6,100.0,100.0,100.0,0,0,0,23,0,0,10,23,6,6,0,13,17,0
Kaleb Moore,22530,WR,BAYLOR,2,88.0,0,118,62.4,,73.9,0,0,0,0.0,0.0,,0,0,0,22,0,0,0,25,0,3,0,0,22,0
Taylor Lagace,23802,TE,UCLA,8,84.6,0,324,60.5,72.2,62.4,0,0,0,0.0,25.0,,0,0,0,22,0,0,0,26,1,4,0,0,21,8
Kurt Benkert,46540,QB,E CAROLINA,3,59.5,0,156,44.6,,60.0,0,0,0,0.0,0.0,,0,0,0,22,0,0,0,37,0,12,0,0,22,0
Zach Epps,16877,WR,TULSA,7,39.3,0,320,52.5,,58.7,0,0,0,0.0,0.0,,0,0,0,22,0,0,0,56,0,34,0,0,22,1
Nick Schuessler,12061,QB,CLEMSON,5,57.9,0,140,44.8,,60.0,0,0,0,0.0,0.0,,1,0,0,22,0,0,0,38,0,11,0,0,22,0
Fred McRae IV,22991,WR,MIAMI OH,9,22.7,0,221,61.5,70.1,57.9,0,0,2,3.1,3.0,100.0,0,0,0,22,0,0,0,97,2,67,0,0,20,1
Cooper Jones,39425,TE,N TEXAS,6,91.7,0,251,55.8,67.5,56.9,0,0,1,33.3,33.3,100.0,0,0,0,22,0,0,0,24,1,3,0,0,21,19
Koa Ka'ai,19173,TE,OREGON,5,84.6,0,264,58.4,,59.9,0,0,0,0.0,0.0,,0,0,0,22,0,0,0,26,0,4,0,0,22,25
Brigham Stoehr,29794,C,OREGON,3,100.0,0,264,59.4,75.2,58.3,0,0,4,100.0,100.0,100.0,0,0,0,22,19,0,0,22,4,4,3,0,18,0
Logan Sweet,19493,WR,UCLA,7,44.9,0,324,48.5,,60.8,0,0,0,0.0,0.0,,0,0,0,22,0,0,0,49,0,27,0,0,22,0
Keyante Green,29858,HB,PURDUE,9,28.2,0,273,73.2,74.4,61.4,0,1,9,23.7,25.6,94.4,0,1,0,22,0,0,0,78,10,39,0,0,12,0
Jeremiah Bryson,18616,HB,MIDDLE TN,11,17.6,0,224,69.3,76.4,69.7,0,0,4,6.5,7.7,100.0,0,0,0,22,0,0,0,125,5,65,0,0,17,3
Edward Barksdale III,22074,WR,MICH STATE,4,71.0,0,223,60.8,,72.2,0,0,0,0.0,0.0,,0,0,0,22,0,0,0,31,0,9,0,0,22,0
Cam Boyd,15039,HB,DOMINION,8,20.0,0,263,71.7,58.4,60.0,0,1,19,27.1,26.3,97.4,0,1,0,22,0,0,0,110,20,76,0,0,2,0
David Watford,11441,QB,VIRGINIA,6,39.3,0,335,60.7,,60.3,0,0,0,0.0,0.0,,0,0,0,22,0,0,0,56,0,30,0,0,22,0
Layth Friekh,46357,T,ARIZONA,2,100.0,0,109,55.2,72.8,66.0,0,0,3,100.0,100.0,100.0,0,0,0,22,0,0,22,22,3,3,0,0,19,0
Shane Doty,16008,G,S ALABAMA,6,100.0,0,288,61.3,30.3,63.3,0,0,6,100.0,100.0,100.0,0,0,0,22,0,0,2,22,6,6,17,3,16,0
Chance Allen,47789,WR,OREGON,5,68.8,0,264,57.2,,70.6,0,0,0,0.0,0.0,,0,0,0,22,0,0,0,32,0,10,0,0,22,0
Javaris Giles,38089,FB,FAU,5,91.7,0,165,61.6,,61.8,0,0,0,0.0,0.0,,0,0,0,22,0,0,0,24,0,2,0,0,22,0
Tyler Hartmann,21470,FB,MINNESOTA,4,91.7,0,225,57.2,,56.7,0,0,0,0.0,0.0,,0,0,0,22,0,0,0,24,0,2,0,0,22,0
Alex Bisch,12381,TE,MINNESOTA,3,91.7,0,225,59.0,,70.4,0,0,0,0.0,0.0,,1,0,0,22,0,0,0,24,0,2,0,0,22,14
T.D. Gross,21754,G,ARIZONA,2,100.0,0,109,59.6,73.9,58.6,0,0,3,100.0,100.0,100.0,0,0,0,22,0,0,0,22,3,3,22,0,19,0
Marek Lenkiewicz,12439,T,MINNESOTA,4,100.0,0,225,59.2,75.7,57.6,0,0,3,100.0,100.0,100.0,0,0,0,22,0,0,12,22,3,3,0,10,19,0
Jamar McGloster,46875,T,SYRACUSE,3,100.0,0,304,43.8,4.6,58.5,0,3,13,100.0,100.0,88.5,0,3,0,22,0,0,21,22,13,13,0,1,9,0
Ra'Shaad Samples,38620,WR,OKLA STATE,6,44.0,0,262,53.7,,57.4,0,0,0,0.0,0.0,,0,0,0,22,0,0,0,50,0,28,0,0,22,0
Quay Johnson,47528,WR,E CAROLINA,9,34.9,0,156,62.1,,70.6,0,0,0,0.0,0.0,,0,0,0,22,0,0,0,63,0,39,0,0,22,0
Dontavis Crocker,12384,HB,GA STATE,4,33.9,0,175,58.5,58.3,59.7,0,0,17,40.5,40.5,100.0,0,0,0,21,0,0,0,62,17,42,0,0,4,0
Justin Newman,15754,WR,ARMY,6,91.3,0,114,57.9,,58.2,0,0,0,0.0,0.0,,0,0,0,21,0,0,0,23,0,2,0,0,21,0
Kyle Wilson,29005,WR,MEMPHIS,2,100.0,0,218,61.5,,62.2,0,0,0,,,,0,0,0,21,0,0,0,21,0,0,0,0,21,0
Cole Peeples,37833,G,GA SOUTHRN,2,100.0,0,174,73.0,73.5,71.8,0,0,0,,100.0,,0,0,0,21,0,20,0,21,2,2,1,0,19,0
Chris Rock,19054,TE,OHIO STATE,2,91.3,0,260,52.7,,52.7,0,0,0,0.0,0.0,,0,0,0,21,0,0,0,23,0,2,0,0,21,12
Bryson Burtnett,30244,TE,TCU,5,95.5,0,305,74.9,66.3,72.7,0,0,2,66.7,66.7,100.0,0,0,0,21,0,0,0,22,2,3,0,0,19,22
Connor Trussell,23180,T,N TEXAS,1,100.0,0,251,53.4,74.0,52.4,0,0,3,100.0,100.0,100.0,0,0,0,21,0,8,0,21,3,3,0,13,18,0
Adam Brown,17226,G,MICH STATE,4,100.0,0,223,56.7,71.1,55.9,0,0,3,100.0,100.0,100.0,0,0,0,21,0,9,0,21,3,3,7,5,18,0
Jourdan Soares,39272,WR,S JOSE ST,9,45.7,0,285,63.1,,73.5,0,0,0,0.0,0.0,,0,0,0,21,0,0,0,46,0,25,0,0,21,0
Josh Hicks,45862,HB,RUTGERS,5,19.1,0,278,76.7,53.6,60.1,0,1,15,45.5,45.5,96.7,0,1,0,21,0,0,0,110,15,33,0,0,6,0
Kevin Spears,28935,WR,LSU,4,87.5,0,211,57.5,,59.9,0,0,0,0.0,0.0,,0,0,0,21,0,0,0,24,0,3,0,0,21,0
D'Angelo Brewer,45951,HB,TULSA,10,18.1,0,320,57.7,48.6,58.2,0,0,14,21.2,21.7,92.9,0,1,1,21,0,0,0,116,15,69,0,0,6,0
Scott Boyett,16446,T,AKRON,2,100.0,0,102,66.1,75.7,63.5,0,0,7,100.0,100.0,100.0,1,0,0,21,0,0,21,21,7,7,0,0,14,0
Stephan Jacobs,19367,C,TEXAS ST,1,100.0,0,314,61.0,80.7,59.2,0,0,5,100.0,100.0,100.0,0,0,0,21,21,0,0,21,5,5,0,0,16,0
Shane Callahan,46336,G,COLORADO,1,100.0,0,143,57.4,25.1,62.3,1,0,12,100.0,100.0,95.8,0,1,0,21,0,0,0,21,12,12,21,0,9,0
Eric Carter,26326,WR,MINNESOTA,5,65.6,0,225,62.0,,83.5,0,0,0,0.0,0.0,,0,0,0,21,0,0,0,32,0,11,0,0,21,0
Tim Clary,18286,FB,ILLINOIS,8,87.5,0,187,66.2,70.8,69.5,0,0,3,60.0,50.0,100.0,0,0,0,21,0,0,0,24,3,6,0,0,18,5
Darion Delaney,13074,G,BOWL GREEN,3,100.0,0,122,59.0,29.7,60.7,0,1,7,100.0,100.0,92.9,0,1,0,21,0,21,0,21,7,7,0,0,14,0
Brad Henson,39543,C,N CAROLINA,2,100.0,0,245,53.8,75.0,59.5,0,0,3,100.0,100.0,100.0,1,0,0,21,21,0,0,21,3,3,0,0,18,0
Thomas Collins,19284,G,SO MISS,4,100.0,0,296,63.4,79.3,60.8,0,0,10,100.0,100.0,100.0,0,0,0,21,0,20,0,21,11,11,1,0,10,0
Ryan Garrey,19365,WR,TEXAS ST,6,30.4,0,314,47.4,,46.6,0,0,0,0.0,0.0,,0,0,0,21,0,0,0,69,0,48,0,0,21,1
Brandon Moss,45252,WR,UTEP,10,40.4,0,330,54.2,,60.8,0,0,0,0.0,0.0,,0,0,0,21,0,0,0,52,0,30,0,0,21,0
T.J. Glover,16071,WR,S ALABAMA,10,42.0,0,288,54.6,36.9,56.7,0,1,2,7.1,6.9,75.0,0,1,0,21,0,0,0,50,2,29,0,0,19,0
Eli Kessner,29643,C,DOMINION,3,100.0,0,263,72.7,81.0,68.9,0,0,14,100.0,100.0,100.0,0,0,0,21,21,0,0,21,15,15,0,0,6,0
Brandon Holloway,45729,HB,MISS STATE,13,21.0,0,227,62.7,17.2,56.0,0,1,4,11.4,13.5,87.5,0,1,0,21,0,0,0,100,5,37,0,0,16,0
Stephen Ericksen,46166,C,AKRON,2,100.0,0,102,52.9,74.8,58.4,0,0,7,100.0,100.0,100.0,2,0,0,21,21,0,0,21,7,7,0,0,14,0
Dorian Brown,45944,HB,OHIO,7,36.8,0,259,55.8,80.5,56.6,0,0,10,37.0,35.7,100.0,0,0,0,21,0,0,0,57,10,28,0,0,11,0
Christian Piazza,17091,T,BOWL GREEN,3,100.0,0,122,52.1,63.5,59.7,0,0,7,100.0,100.0,85.7,1,1,1,21,0,0,21,21,7,7,0,0,14,0
Kent Flowers,29251,G,MISS STATE,4,100.0,0,227,62.5,66.6,61.8,0,0,1,100.0,100.0,100.0,0,0,0,21,0,21,0,21,1,1,0,0,20,0
Vincent Testaverde,39415,QB,TEXAS TECH,1,42.9,0,315,28.4,,60.0,0,0,0,0.0,0.0,,0,0,0,21,0,0,0,49,0,27,0,0,21,0
Kenny Clark,10661,DI,UCLA,7,90.9,0,324,69.6,70.3,72.4,0,0,1,33.3,33.3,100.0,1,0,0,20,0,0,0,22,1,3,0,0,19,10
Jason Tretter,30004,T,PURDUE,3,100.0,0,273,71.9,81.8,66.0,0,0,13,100.0,100.0,100.0,0,0,0,20,0,6,2,20,13,13,0,12,7,0
Albert Reid,18202,HB,MARYLAND,3,35.7,0,215,62.9,43.1,57.2,1,1,12,37.5,37.5,91.7,0,2,0,20,0,0,0,56,12,32,0,0,8,0
Andrew Albers,16609,T,UTAH,1,100.0,0,328,67.5,85.1,63.7,0,0,6,100.0,100.0,100.0,0,0,0,20,0,0,20,20,6,6,0,0,14,0
Frank Kee,39705,G,TCU,1,100.0,0,305,59.5,77.3,56.9,0,0,9,100.0,100.0,100.0,0,0,0,20,0,0,0,20,10,10,20,0,10,0
Marc Tyson,51514,FB,TEMPLE,2,100.0,0,306,53.5,,52.8,0,0,0,,,,0,0,0,20,0,0,0,20,0,0,0,0,20,1
Sean Mac Lain,27528,TE,CLEMSON,4,83.3,0,140,56.6,,59.3,0,0,0,0.0,0.0,,0,0,0,20,0,0,0,24,0,4,0,0,20,0
Rodrick Williams Jr.,16493,HB,MINNESOTA,6,38.5,0,225,71.8,27.7,53.6,0,1,6,46.2,42.9,91.7,0,1,0,20,0,0,0,52,6,14,0,0,14,0
Hunter Joyer,13719,FB,FLORIDA,7,83.3,0,163,57.8,65.1,60.7,0,0,1,20.0,20.0,100.0,0,0,0,20,0,0,0,24,1,5,0,0,19,15
Ean Days,14448,HB,GA SOUTHRN,9,40.8,0,174,77.8,78.9,56.6,0,0,6,66.7,66.7,100.0,0,0,0,20,0,0,0,49,8,12,0,0,12,0
Hunter Wood,27926,TE,AUBURN,9,80.0,0,115,50.4,65.2,48.9,0,0,1,25.0,16.7,100.0,0,0,0,20,0,0,2,25,1,6,0,0,19,3
Sammie Long IV,47984,WR,COLO STATE,5,69.0,0,144,49.2,,56.6,0,0,0,0.0,0.0,,0,0,0,20,0,0,0,29,0,9,0,0,20,0
Ronnie Bell,16275,QB,GA STATE,5,54.1,0,175,51.5,,60.0,0,0,0,0.0,0.0,,0,0,0,20,0,0,0,37,0,11,0,0,20,0
William Wilson,18609,TE,MIDDLE TN,3,95.2,0,224,48.6,64.4,50.4,0,0,1,50.0,50.0,100.0,0,0,0,20,0,0,0,21,1,2,0,0,19,20
Hayden Baker,14947,C,NWESTERN,2,100.0,0,256,62.5,75.4,60.8,0,0,4,100.0,100.0,100.0,0,0,0,20,12,8,0,20,4,4,0,0,16,0
Bryce McGovern,14260,WR,CAL,6,64.5,0,130,55.9,,66.3,0,0,0,0.0,0.0,,0,0,0,20,0,0,0,31,0,11,0,0,20,0
Travis Bodenstein,17729,G,ARK STATE,2,100.0,0,113,64.1,74.6,62.9,0,0,5,100.0,100.0,100.0,0,0,0,20,0,0,0,20,5,5,20,0,15,0
Jake Eldrenkamp,12204,T,WASHINGTON,7,100.0,0,340,74.0,77.6,71.4,0,0,4,100.0,100.0,100.0,0,0,0,20,0,0,17,20,4,4,0,0,16,3
Jamil Kamara,38513,WR,VIRGINIA,3,76.9,0,335,45.7,,46.9,0,0,0,0.0,0.0,,0,0,0,20,0,0,0,26,0,6,0,0,20,0
Zach Riggs,27533,C,CLEMSON,2,100.0,0,140,61.3,70.3,60.3,0,0,2,100.0,100.0,100.0,0,0,0,20,20,0,0,20,2,2,0,0,18,0
Sanford Seay,18484,WR,LA TECH,4,60.6,0,208,47.5,,60.0,0,0,0,0.0,0.0,,0,0,0,20,0,0,0,33,0,13,0,0,20,0
Thomas Sirk,22589,QB,DUKE,12,24.1,0,154,65.0,,60.0,0,0,0,0.0,0.0,,0,0,0,20,0,0,0,83,0,15,0,0,20,0
T.V. Williams,28698,WR,KENTUCKY,6,33.3,0,202,51.3,,70.7,0,0,0,0.0,0.0,,0,0,0,20,0,0,0,60,0,40,0,0,20,1
Nathan Strock,28743,QB,KENT STATE,7,24.4,0,201,38.6,,60.0,0,0,0,0.0,0.0,,0,0,0,20,0,0,0,82,0,55,0,0,20,0
Michael Casimos,21599,G,AKRON,2,100.0,0,102,63.0,22.0,65.6,1,0,7,100.0,100.0,92.9,0,1,0,20,0,9,0,20,7,7,11,0,13,0
Brandon Harris,17748,FB,USF,1,95.2,0,327,51.2,70.3,49.6,0,0,0,0.0,50.0,,0,0,0,20,0,0,0,21,1,2,0,0,19,0
Nate Wozniak,44891,TE,MINNESOTA,3,100.0,0,225,50.5,68.0,47.9,0,0,2,100.0,100.0,100.0,0,0,0,20,0,0,0,20,2,2,0,0,18,14
Devin Scott,17175,FB,W KENTUCKY,7,86.4,0,346,60.4,,61.0,0,0,0,0.0,0.0,,0,0,0,19,0,0,0,22,0,3,0,0,19,11
Sean Clayton,18897,C,N TEXAS,2,100.0,0,251,65.0,30.0,70.1,0,0,2,100.0,100.0,100.0,1,0,0,19,19,0,0,19,2,2,0,0,17,0
Cameron Peterson,13361,WR,TROY,8,59.4,0,318,66.3,,76.0,0,0,0,0.0,0.0,,0,0,0,19,0,0,0,32,0,13,0,0,19,0
Tommy Hopkins,46024,G,UCONN,3,100.0,0,146,58.1,73.2,57.2,0,0,2,100.0,100.0,100.0,0,0,0,19,0,17,0,19,2,2,0,0,17,2
Mike Minter,46121,G,MARYLAND,1,100.0,0,215,65.0,78.2,63.1,0,0,8,100.0,100.0,100.0,0,0,0,19,0,16,0,19,8,8,0,3,11,0
Stephen Hogan,17827,QB,ARK STATE,5,63.3,0,113,46.9,,60.0,0,0,0,0.0,0.0,,0,0,0,19,0,0,0,30,0,6,0,0,19,0
Ralph David Abernathy IV,37800,WR,CINCINNATI,2,42.2,0,138,57.0,,58.1,0,0,0,0.0,0.0,,0,0,0,19,0,0,0,45,0,25,0,0,19,1
Chris Jones,28109,FB,ARKANSAS,4,90.5,0,111,73.4,,78.4,0,0,0,0.0,0.0,,0,0,0,19,0,0,0,21,0,2,0,0,19,0
Jackson Boyer,32044,WR,N CAROLINA,3,63.3,0,245,54.8,,60.1,0,0,0,0.0,0.0,,0,0,0,19,0,0,0,30,0,11,0,0,19,0
Cameron Thomas,30774,QB,W MICHIGAN,3,73.1,0,347,46.4,,60.0,0,0,0,0.0,0.0,,0,0,0,19,0,0,0,26,0,2,0,0,19,0
Joe Stocstill,23726,TE,TENNESSEE,3,95.0,0,307,60.6,,61.0,0,0,0,0.0,0.0,,0,0,0,19,0,0,0,20,0,1,0,0,19,19
Jamal Custis,27418,WR,SYRACUSE,9,35.2,0,304,47.4,,60.1,0,0,0,0.0,0.0,,0,0,0,19,0,0,0,54,0,35,0,0,19,0
Trey Edmunds,38329,HB,VA TECH,6,33.3,0,337,60.7,18.8,59.1,1,1,17,51.5,51.5,94.1,1,2,0,19,0,0,0,57,17,33,0,0,2,0
J.C. Hassenauer,45600,C,ALABAMA,1,100.0,0,103,79.0,75.5,75.0,0,0,7,100.0,100.0,100.0,0,0,0,19,19,0,0,19,7,7,0,0,12,0
Christian McCaffrey,11763,HB,STANFORD,13,17.9,0,300,84.7,76.0,56.3,0,0,2,4.3,4.3,100.0,0,0,0,19,0,0,0,106,2,47,0,0,17,2
Tom Devenney,27378,G,PENN STATE,2,100.0,0,266,61.9,74.0,60.9,0,0,3,100.0,100.0,100.0,0,0,0,19,0,0,0,19,3,3,19,0,16,0
Andrew Libby,30507,FB,UMASS,7,42.2,0,216,58.6,80.6,67.5,0,0,13,36.1,35.1,100.0,0,0,0,19,0,3,0,45,13,37,0,0,6,3
Chris Brown,23535,HB,OREGON ST,7,24.4,0,265,64.7,51.6,58.4,0,0,12,25.0,26.0,100.0,0,0,0,19,0,0,0,78,13,50,0,0,6,0
Eddy Ruzga,49581,TE,ARMY,1,95.0,0,114,48.9,,51.6,0,0,0,0.0,0.0,,0,0,0,19,0,0,2,20,0,1,0,0,19,18
Paul James,16836,HB,RUTGERS,4,13.9,0,278,81.9,81.9,60.0,0,0,15,22.7,21.1,100.0,0,0,0,19,0,0,0,137,15,71,0,0,4,0
Charles Walker,28635,WR,KENTUCKY,7,54.3,0,202,57.2,,72.0,0,0,0,0.0,0.0,,0,0,0,19,0,0,0,35,0,16,0,0,19,0
Jacob Vazquez,23403,C,FRESNO ST,1,100.0,0,169,62.7,75.1,61.0,0,0,4,100.0,100.0,100.0,0,0,0,19,19,0,0,19,4,4,0,0,15,0
Conner Trent,29037,T,MIDDLE TN,1,100.0,0,224,58.3,78.9,74.6,0,0,3,100.0,100.0,100.0,2,0,0,19,0,0,19,19,4,4,0,0,15,0
Paul Perschon,46111,G,TOLEDO,3,100.0,0,316,63.4,77.6,61.5,0,0,6,100.0,100.0,100.0,0,0,0,19,0,11,0,19,7,7,6,2,12,0
Jeff Trojan,13626,WR,STANFORD,13,22.6,0,300,73.3,,57.7,0,0,0,0.0,0.0,,0,0,0,19,0,0,0,84,0,65,0,0,19,0
Will Steur,46834,G,CINCINNATI,3,100.0,0,138,71.4,75.2,70.5,0,0,3,100.0,100.0,100.0,0,0,0,19,0,0,0,19,3,3,19,0,16,0
Aaron Mitchell,46066,G,FRESNO ST,1,100.0,0,169,55.0,76.6,53.5,0,0,4,100.0,100.0,100.0,0,0,0,19,0,19,0,19,4,4,0,0,15,0
Myles Campbell,47693,WR,GA SOUTHRN,3,79.2,0,174,56.1,,60.0,0,0,0,0.0,0.0,,0,0,0,19,0,0,0,24,0,4,0,0,19,0
Grant Martinez,26804,TE,ARIZONA ST,3,65.5,0,110,43.5,61.0,52.1,0,0,1,10.0,9.1,100.0,0,0,0,19,0,0,0,29,1,11,0,0,18,13
Cole Rogers,30392,TE,UTEP,10,34.5,0,330,56.4,,59.1,0,0,0,0.0,0.0,,0,0,0,19,0,0,0,55,0,36,0,0,19,11
Andrew Aurand,39298,G,W MICHIGAN,2,100.0,0,347,71.7,26.6,72.5,0,0,2,100.0,100.0,50.0,0,1,1,19,0,15,0,19,2,2,4,0,17,0
DJ Crook,27335,QB,PENN STATE,2,63.3,0,266,75.4,,60.1,0,0,0,0.0,0.0,,0,0,0,19,0,0,0,30,0,9,0,0,19,0
Andrew Price,47359,TE,UNLV,7,51.4,0,325,49.5,,65.2,0,0,0,0.0,0.0,,0,0,0,19,0,0,0,37,0,18,0,0,19,17
Denzel Jones Jr.,21614,HB,AKRON,6,31.6,0,102,53.0,24.2,58.1,0,1,11,32.4,31.4,95.5,0,1,0,18,0,0,0,57,11,35,0,0,7,0
Brett Medders,18317,WR,IOWA STATE,3,38.3,0,193,60.4,,58.3,0,0,0,0.0,0.0,,0,0,0,18,0,0,0,47,0,29,0,0,18,0
Thomas Edwards,13113,G,TENNESSEE,2,100.0,0,307,62.6,70.3,61.8,0,0,2,100.0,100.0,100.0,0,0,0,18,0,0,0,18,2,2,18,0,16,0
Martez Walker,37976,HB,C MICHIGAN,11,14.9,0,134,60.7,25.5,60.0,0,1,17,30.4,29.8,85.3,0,3,2,18,0,0,0,121,17,57,0,0,1,0
Sony Michel,27589,HB,GEORGIA,8,15.0,0,173,75.6,80.9,59.2,0,0,9,20.0,19.1,100.0,0,0,0,18,0,0,0,120,9,47,0,0,9,0
Parker Osterloh,39213,T,VA TECH,4,100.0,0,337,59.2,67.7,58.4,0,0,1,100.0,100.0,100.0,0,0,0,18,0,0,14,18,1,1,0,4,17,0
Courtland Sutton,48164,WR,SMU,2,39.1,0,287,58.6,,46.0,0,0,0,0.0,0.0,,0,0,0,18,0,0,0,46,0,28,0,0,18,0
Eric Simmons,18157,C,IOWA,2,100.0,0,192,69.2,78.2,66.3,1,0,6,100.0,100.0,91.7,0,1,0,18,18,0,0,18,6,6,0,0,12,0
Aidan McNamara,38415,C,WISCONSIN,2,100.0,0,349,65.5,72.2,63.7,0,0,2,100.0,100.0,100.0,0,0,0,18,18,0,0,18,2,2,0,0,16,0
Kevin Gladney,48342,WR,NEBRASKA,4,78.3,0,238,56.6,,60.8,0,0,0,0.0,0.0,,0,0,0,18,0,0,0,23,0,5,0,0,18,0
John Jakubik,13282,WR,MICH STATE,4,85.7,0,223,60.4,,89.5,0,0,0,0.0,0.0,,1,0,0,18,0,0,0,21,0,3,0,0,18,0
Matt McIntosh,16584,QB,N ILLINOIS,2,36.7,0,254,59.6,,60.0,0,0,0,0.0,0.0,,0,0,0,18,0,0,0,49,0,25,0,0,18,0
Warren Long,45663,HB,NWESTERN,9,24.0,0,256,64.8,57.2,59.2,0,1,12,33.3,33.3,95.8,0,1,0,18,0,0,0,75,12,36,0,0,6,0
LeShun Daniels,26758,HB,IOWA,5,29.0,0,192,57.1,30.0,57.6,0,1,12,29.3,32.6,87.5,0,2,1,18,0,0,0,62,14,43,0,0,4,0
Cole Croston,46317,T,IOWA,2,100.0,0,192,55.0,40.5,57.1,0,0,6,100.0,100.0,83.3,0,1,1,18,0,0,0,18,6,6,0,18,12,0
Richard Ash,10047,DI,W MICHIGAN,6,100.0,0,347,71.9,,68.7,0,0,0,,,,2,0,0,18,0,0,0,18,0,0,0,0,18,18
Rob Heyen,26531,WR,TEMPLE,2,85.7,0,306,58.2,,61.6,0,0,0,0.0,0.0,,0,0,0,18,0,0,0,21,0,3,0,0,18,0
David Ajamu,47132,TE,WASHINGTON,9,90.0,0,340,56.1,,57.5,0,0,0,0.0,0.0,,0,0,0,18,0,0,2,20,0,2,0,0,18,16
Jah-Mai Davidson,21244,G,GA STATE,2,100.0,0,175,78.6,68.3,76.3,0,0,1,100.0,100.0,100.0,0,0,0,18,0,0,0,18,1,1,6,12,17,0
Joel Caleb,24213,HB,VA TECH,10,26.9,0,337,60.3,43.3,73.6,0,3,17,40.5,38.6,91.2,0,3,0,18,0,0,0,67,17,44,0,0,1,0
Boone Myers,46144,T,IOWA,2,100.0,0,192,80.8,81.1,78.0,0,0,6,100.0,100.0,100.0,0,0,0,18,0,0,18,18,6,6,0,0,12,0
Spencer Cairo,17018,G,BOWL GREEN,3,100.0,0,122,48.6,75.5,54.4,0,0,5,100.0,100.0,100.0,1,0,0,18,0,0,0,18,5,5,18,0,13,0
Daniel Keith,27921,T,ARK STATE,2,100.0,0,113,59.2,75.2,56.8,0,0,5,100.0,100.0,100.0,0,0,0,18,0,0,3,18,5,5,0,15,13,0
Greyson Hughes,17197,WR,HOUSTON,2,90.0,0,182,58.8,,60.3,0,0,0,0.0,0.0,,0,0,0,18,0,0,0,20,0,2,0,0,18,0
Rayvean Moore,21672,WR,NEW MEX ST,5,51.4,0,242,55.2,,58.7,0,0,0,0.0,0.0,,0,0,0,18,0,0,0,35,0,17,0,0,18,0
Zack Bambary,16550,WR,TEMPLE,3,85.7,0,306,69.3,,59.1,0,0,0,0.0,0.0,,0,0,0,18,0,0,0,21,0,3,0,0,18,0
Jordan Huff,45911,HB,N ILLINOIS,8,51.4,0,254,84.9,71.0,62.4,0,0,2,20.0,20.0,100.0,0,0,0,18,0,0,0,35,2,10,0,0,16,0
Joe Summers,15525,C,UTAH ST,3,100.0,0,329,86.3,,80.0,0,0,0,,,,0,0,0,18,18,0,0,18,0,0,0,0,18,0
Jaylan Barbour,47507,WR,APP STATE,1,46.2,0,108,53.8,,57.0,0,0,0,0.0,0.0,,0,0,0,18,0,0,0,39,0,21,0,0,18,0
Andre Debose,9654,WR,FLORIDA,7,48.6,0,163,43.5,,37.3,0,0,0,0.0,0.0,,0,0,0,18,0,0,0,37,0,17,0,0,18,0
Xavier Fields,46824,G,TROY,4,100.0,0,318,57.8,65.6,56.2,0,1,8,100.0,100.0,93.7,0,1,0,18,0,0,0,18,8,8,18,0,10,0
Nat Dixon,27986,WR,BOSTON COL,4,64.3,0,121,55.6,,60.2,0,0,0,0.0,0.0,,0,0,0,18,0,0,0,28,0,10,0,0,18,0
Cole Anderson,17003,WR,COLO STATE,3,72.0,0,144,55.5,,60.0,0,0,0,0.0,0.0,,0,0,0,18,0,0,0,25,0,7,0,0,18,0
Jerry Moorehead,27851,TE,ARK STATE,3,90.0,0,113,63.6,70.7,66.9,0,0,4,66.7,66.7,100.0,0,0,0,18,0,0,5,20,4,6,0,0,14,11
Sebastian Willer,46873,T,GA STATE,2,100.0,0,175,61.5,71.6,60.3,0,0,1,100.0,100.0,100.0,0,0,0,18,0,0,18,18,1,1,0,0,17,0
Devin Powell,38337,QB,TULANE,2,35.4,0,319,66.5,,60.0,0,0,0,0.0,0.0,,0,0,0,17,0,0,0,48,0,30,0,0,17,0
Erick Jepsen,17689,G,USC,3,100.0,0,326,56.9,,56.6,0,0,0,,,,0,0,0,17,0,15,0,17,0,0,2,0,17,0
Gus Edwards,46027,HB,MIAMI FL,11,16.5,0,220,80.3,21.2,60.5,1,0,8,25.8,26.5,81.2,0,2,1,17,0,0,0,103,9,34,0,0,8,0
D.J. Taylor,47556,WR,ILLINOIS,7,36.2,0,187,50.5,,59.5,0,0,0,0.0,0.0,,0,0,0,17,0,0,0,47,0,30,0,0,17,0
Tyler Scalzi,47213,TE,TEXAS TECH,8,85.0,1,315,41.4,72.1,64.6,0,0,4,57.1,57.1,100.0,2,0,0,17,0,0,0,20,4,7,0,1,13,19
Austin Stone,47423,WR,E MICHIGAN,8,37.0,0,160,51.2,,58.3,0,0,0,0.0,0.0,,0,0,0,17,0,0,0,46,0,29,0,0,17,0
Luke Rubenzer,28165,QB,CAL,11,17.3,0,130,50.9,,60.0,0,0,0,0.0,0.0,,1,0,0,17,0,0,0,98,0,32,0,0,17,0
Alvin Bailey,27559,WR,FLORIDA,4,85.0,0,163,58.2,,61.3,0,0,0,0.0,0.0,,0,0,0,17,0,0,0,20,0,3,0,0,17,0
Cedric Thompson,18032,WR,E CAROLINA,3,63.0,0,156,63.0,,59.8,0,0,0,0.0,0.0,,0,0,0,17,0,0,0,27,0,10,0,0,17,0
Joel Brooks,38025,WR,GA STATE,6,81.0,0,175,76.9,,60.9,0,0,0,0.0,0.0,,0,0,0,17,0,0,0,21,0,4,0,0,17,0
Kyle Dodson,23600,G,OHIO STATE,1,100.0,0,260,59.3,75.1,58.2,0,0,2,100.0,100.0,100.0,0,0,0,17,0,17,0,17,2,2,0,0,15,0
J.D. Hinnant,47036,G,CAL,1,100.0,0,130,70.9,76.6,69.8,0,0,4,100.0,100.0,100.0,0,0,0,17,0,0,0,17,5,5,17,0,12,0
Charlie Hopkins,13633,TE,STANFORD,4,77.3,0,300,49.1,63.5,52.2,0,0,1,16.7,16.7,100.0,0,0,0,17,0,0,0,22,1,6,0,0,16,19
Kareem Vance Jr.,23373,WR,MISS STATE,3,85.0,0,227,51.3,,45.5,0,0,0,0.0,0.0,,0,0,0,17,0,0,0,20,0,3,0,0,17,0
Brandon Smith,46856,T,E CAROLINA,2,100.0,0,156,57.0,72.1,55.1,0,0,5,100.0,100.0,100.0,0,0,0,17,0,0,0,17,5,5,0,17,12,0
Aaron Bailey,39138,QB,ILLINOIS,5,22.1,0,187,46.5,,60.0,0,0,0,0.0,0.0,,0,0,0,17,0,0,0,77,0,33,0,0,17,0
Zach Adams,39146,T,OHIO,3,100.0,0,259,58.9,55.6,59.0,0,0,9,100.0,100.0,100.0,0,0,0,17,0,2,15,17,10,10,0,0,7,0
Orlando David,18545,TE,MIAMI OH,7,73.9,0,221,41.9,70.0,46.6,0,0,2,25.0,25.0,100.0,1,0,0,17,0,0,0,23,2,8,0,0,15,18
Steve Nagy,22921,FB,KENT STATE,6,81.0,0,201,59.8,70.3,59.4,0,0,1,20.0,33.3,100.0,0,0,0,17,0,0,0,21,2,6,0,0,15,0
David Niehaus,24774,C,CINCINNATI,2,100.0,0,138,81.8,73.4,76.8,0,0,2,100.0,100.0,100.0,0,0,0,17,17,0,0,17,2,2,0,0,15,0
Dylan Vail,25144,C,AIR FORCE,2,100.0,0,101,50.6,,52.0,0,0,0,,,,0,0,0,17,17,0,0,17,0,0,0,0,17,0
Deionte Gaines,39608,WR,COLO STATE,10,29.3,0,144,70.4,,56.4,0,0,0,0.0,0.0,,0,0,0,17,0,0,0,58,0,39,0,0,17,0
Jaleel Canty,22749,WR,E MICHIGAN,6,60.7,0,160,56.9,,60.1,0,0,0,0.0,0.0,,0,0,0,17,0,0,0,28,0,11,0,0,17,0
Nick Davis,32455,T,FLORIDA,2,100.0,0,163,60.4,72.8,59.0,0,0,1,100.0,100.0,100.0,0,0,0,17,0,0,0,17,1,1,0,17,16,0
Devin Church,22621,HB,ILLINOIS,6,34.0,0,187,58.9,77.4,57.4,0,0,4,16.7,14.3,100.0,0,0,0,17,0,0,0,50,4,28,0,0,13,0
Derrek Thomas,44859,WR,TEMPLE,4,48.6,0,306,56.3,,75.9,0,0,0,0.0,0.0,,0,0,0,17,0,0,0,35,0,18,0,0,17,0
Kivon Cartwright,10929,TE,COLO STATE,1,73.9,0,144,72.0,32.7,68.9,0,0,2,28.6,33.3,50.0,0,1,1,17,0,0,0,23,3,9,0,0,14,19
Brayle Brown,16644,QB,LA MONROE,9,28.8,0,209,36.8,32.5,60.3,0,1,1,2.9,2.9,50.0,0,1,0,17,0,0,0,59,1,34,0,0,16,0
Gabe Schrade,47332,FB,TEXAS ST,1,81.0,0,314,50.1,,49.7,0,0,0,0.0,0.0,,0,0,0,17,0,0,0,21,0,4,0,0,17,9
Ja'Vonn Harrison,48169,WR,FLORIDA ST,3,58.6,0,167,56.0,,60.5,0,0,0,0.0,0.0,,0,0,0,17,0,0,0,29,0,12,0,0,17,0
Chris Hokokian,37840,FB,S DIEGO ST,3,85.0,0,284,65.8,67.9,63.8,0,0,1,50.0,50.0,100.0,0,0,0,17,0,0,0,20,1,2,0,0,16,0
Roc Thomas,27875,HB,AUBURN,10,21.0,0,115,64.8,53.4,58.0,0,0,3,13.0,16.7,100.0,0,0,0,17,0,0,0,81,4,24,0,0,13,0
C.J. Curry,48015,WR,OKLA STATE,5,63.0,0,262,64.8,,61.6,0,0,0,0.0,0.0,,0,0,0,17,0,0,0,27,0,10,0,0,17,0
D'Mario Riggins,20812,WR,GA SOUTHRN,2,94.4,0,174,65.3,,74.8,0,0,0,,0.0,,0,0,0,17,0,0,0,18,0,1,0,0,17,0
Barry Sanders,38317,HB,STANFORD,13,15.5,0,300,65.5,36.4,60.0,1,1,14,35.9,35.7,92.9,0,2,0,16,0,0,0,103,15,42,0,0,1,0
Connor White,30266,QB,TEXAS ST,2,64.0,0,314,43.0,,60.0,0,0,0,0.0,0.0,,0,0,0,16,0,0,0,25,0,6,0,0,16,0
Jared Chapple,22391,FB,GEORGIA,1,94.1,0,173,62.9,,63.2,0,0,0,0.0,0.0,,0,0,0,16,0,0,0,17,0,1,0,0,16,0
Devon Spalding,45840,HB,C MICHIGAN,8,13.8,0,134,48.7,53.4,58.1,1,0,10,27.0,32.5,95.0,0,1,0,16,0,0,0,116,13,40,0,0,3,0
Riley McCarron,48033,WR,IOWA,3,64.0,0,192,55.3,,60.3,0,0,0,0.0,0.0,,0,0,0,16,0,0,0,25,0,9,0,0,16,0
Kellen Clute,19043,TE,OREGON ST,5,69.6,0,265,64.4,67.7,68.4,0,0,1,12.5,12.5,100.0,0,0,0,16,0,0,0,23,1,8,0,0,15,21
Ali Kassem,14772,G,NC STATE,3,100.0,0,248,59.6,,59.2,0,0,0,,,,0,0,0,16,0,0,0,16,0,0,16,0,16,0
Drew Sarvary,17598,C,FLORIDA,1,100.0,0,163,50.3,74.9,57.3,0,0,3,100.0,100.0,100.0,1,0,0,16,16,0,0,16,3,3,0,0,13,0
Zack Golditch,46885,T,COLO STATE,4,100.0,0,144,59.8,63.9,58.5,0,0,6,100.0,100.0,100.0,0,0,0,16,0,0,0,16,7,7,5,11,9,0
David Sutton,18679,TE,NEBRASKA,3,94.1,0,238,62.8,,63.0,0,0,0,0.0,0.0,,0,0,0,16,0,0,0,17,0,1,0,0,16,14
Drew Loftus,16776,WR,WASH STATE,9,22.2,1,341,43.0,,61.1,0,0,0,0.0,0.0,,1,0,0,16,0,0,0,72,0,56,0,0,16,0
Quan West,22654,TE,IOWA STATE,2,27.1,0,193,48.3,,45.5,0,0,0,0.0,0.0,,0,0,0,16,0,0,0,59,0,43,0,0,16,0
Nick Sherry,16938,QB,UNLV,4,32.0,0,325,28.8,,60.0,0,0,0,0.0,0.0,,0,0,0,16,0,0,0,50,0,33,0,0,16,0
Bryce Walker,15359,T,UTAH ST,3,100.0,0,329,72.8,,71.7,0,0,0,,,,0,0,0,16,0,0,0,16,0,0,0,16,16,0
Teven Eatmon-Nared,39285,T,KENTUCKY,2,100.0,0,202,62.0,78.9,57.9,0,0,6,100.0,100.0,100.0,0,0,0,16,0,0,6,16,6,6,0,10,10,0
Justin Stockton,45705,HB,TEXAS TECH,12,13.7,0,315,62.7,26.0,58.8,0,2,9,15.3,17.5,88.9,1,2,0,16,0,0,0,117,11,63,0,0,5,0
Ish Witter,45834,HB,MISSOURI,12,30.8,0,229,51.8,81.1,59.7,0,0,9,50.0,52.6,100.0,0,0,0,16,0,0,0,52,10,19,0,0,6,0
Deon Mix,27878,G,AUBURN,2,100.0,0,115,64.1,73.9,63.1,0,0,3,100.0,100.0,100.0,0,0,0,16,0,8,0,16,3,3,8,0,13,0
Austin Maly,19997,TE,WISCONSIN,6,88.9,0,349,52.9,,54.7,0,0,0,0.0,0.0,,0,0,0,16,0,0,0,18,0,2,0,0,16,18
Kristof Ifkovits,30621,G,W MICHIGAN,2,100.0,0,347,69.8,72.9,68.9,0,0,2,100.0,100.0,100.0,0,0,0,16,0,4,0,16,2,2,12,0,14,0
Trey Anderson,27839,WR,APP STATE,2,72.7,0,108,57.1,,60.9,0,0,0,0.0,0.0,,0,0,0,16,0,0,0,22,0,6,0,0,16,0
Jack Austin,47752,WR,CAL,2,88.9,0,130,58.3,,59.6,0,0,0,0.0,0.0,,0,0,0,16,0,0,0,18,0,2,0,0,16,0
Reese Phillips,38271,QB,KENTUCKY,3,51.6,0,202,63.7,,60.1,0,0,0,0.0,0.0,,0,0,0,16,0,0,0,31,0,10,0,0,16,0
Grant Niemiec,45869,FB,MIAMI OH,5,72.7,0,221,71.2,73.5,69.9,0,0,1,20.0,33.3,100.0,0,0,0,16,0,0,0,22,2,6,0,0,14,0
Talbot Buys,21801,T,OLE MISS,2,100.0,0,226,53.6,68.2,53.2,0,0,2,100.0,100.0,100.0,0,0,0,16,0,0,0,16,2,2,0,16,14,0
De'Vonte Haggerty,47915,WR,LA MONROE,7,17.6,0,209,48.2,,71.3,0,0,0,0.0,0.0,,0,0,0,16,0,0,0,91,0,75,0,0,16,0
Collin Lisa,38269,WR,UAB,4,43.2,0,321,50.1,,43.4,0,0,0,0.0,0.0,,0,0,0,16,0,0,0,37,0,21,0,0,16,0
Chris Stringer,13833,T,ARKANSAS,2,100.0,0,111,74.7,0.0,79.4,1,0,3,100.0,100.0,83.3,0,1,0,16,0,0,4,16,3,3,0,12,13,0
J.J. Green,21919,WR,UAB,3,94.1,0,321,58.7,,59.4,0,0,0,0.0,0.0,,0,0,0,16,0,0,0,17,0,1,0,0,16,0
Nico Falah,45599,T,USC,3,100.0,0,326,66.7,,65.5,0,0,0,,,,0,0,0,16,0,0,16,16,0,0,0,0,16,0
P.J. Harris,22862,WR,IOWA STATE,3,32.0,0,193,59.0,,57.6,0,0,0,0.0,0.0,,0,0,0,16,0,0,0,50,0,34,0,0,16,1
Jamie Collmar,23992,DI,APP STATE,1,100.0,0,108,69.4,77.2,68.2,0,0,5,100.0,100.0,100.0,0,0,0,16,0,11,0,16,5,5,5,0,11,0
Derrell Scott,30251,HB,TENNESSEE,2,50.0,0,307,64.4,49.2,59.8,0,1,11,68.8,68.8,95.5,0,1,0,16,0,0,0,32,11,16,0,0,5,0
Chris Gonzalez,46682,T,S JOSE ST,5,100.0,0,285,57.4,20.3,61.1,0,1,5,100.0,100.0,90.0,0,1,0,16,0,0,0,16,5,5,7,0,11,9
David Mellstrom,17691,WR,USC,4,100.0,0,326,60.0,,59.2,0,0,0,,,,0,0,0,16,0,0,0,16,0,0,0,0,16,0
Terome Grant,14530,WR,LA TECH,6,27.6,0,208,58.3,,59.9,0,0,0,0.0,0.0,,0,0,0,16,0,0,0,58,0,42,0,0,16,0
Ron Brown,37951,G,N ILLINOIS,1,100.0,0,254,76.5,75.1,75.5,0,0,3,100.0,100.0,100.0,0,0,0,15,0,15,0,15,3,3,0,0,12,0
Preston Miller,23723,WR,TCU,6,68.2,0,305,56.6,,60.5,0,0,0,0.0,0.0,,0,0,0,15,0,0,0,22,0,7,0,0,15,0
Tom Thornton,24314,QB,WYOMING,4,48.4,0,351,31.5,,60.0,0,0,0,0.0,0.0,,0,0,0,15,0,0,0,31,0,13,0,0,15,0
Kane Whitehurst,16582,WR,S CAROLINA,4,65.2,0,289,68.0,,73.4,0,0,0,0.0,0.0,,0,0,0,15,0,0,0,23,0,8,0,0,15,1
Jack Spady,12991,WR,COLO STATE,3,75.0,0,144,58.5,,61.0,0,0,0,0.0,0.0,,0,0,0,15,0,0,0,20,0,5,0,0,15,0
Tre Watson,45730,HB,CAL,11,16.7,0,130,70.7,81.2,58.5,0,0,9,17.0,19.3,100.0,0,0,0,15,0,0,0,90,11,57,0,0,4,0
Anthony Antwine,47221,WR,ARKANSAS,4,75.0,0,111,79.1,,89.3,0,0,0,0.0,0.0,,0,0,0,15,0,0,0,20,0,5,0,0,15,0
Silas Nacita,17890,HB,BAYLOR,7,29.4,0,118,83.1,76.8,68.9,0,0,5,50.0,50.0,100.0,0,0,0,15,0,0,0,51,5,10,0,0,10,0
Kenny Bias,17167,WR,UTSA,7,22.7,0,331,63.6,,57.4,0,0,0,0.0,0.0,,0,0,0,15,0,0,0,66,0,50,0,0,15,0
Warren Ball,45965,HB,OHIO STATE,3,41.7,0,260,79.0,16.0,83.9,0,1,3,50.0,50.0,83.3,1,1,0,15,0,0,0,36,3,6,0,0,12,0
Jeremy McNichols,11917,HB,BOISE ST,9,18.5,0,120,83.0,75.9,72.1,0,0,3,5.9,5.8,100.0,1,0,0,15,0,0,0,81,3,52,0,0,12,0
Jerron Seymour,14614,HB,VANDERBILT,6,20.8,0,333,59.1,82.3,57.4,0,0,9,22.5,22.0,100.0,0,0,0,15,0,0,0,72,9,41,0,0,6,0
Stephen Langenkamp,39107,G,OHIO,5,100.0,0,259,62.0,74.8,60.3,0,0,5,100.0,100.0,100.0,0,0,0,15,0,15,0,15,5,5,0,0,10,0
Zach Hannon,46836,G,NEBRASKA,3,100.0,0,238,70.6,66.7,69.8,0,0,1,100.0,100.0,100.0,0,0,0,15,0,10,0,15,1,1,5,0,14,0
Cam Manning,28773,G,LA TECH,3,100.0,0,208,69.7,79.2,66.6,0,0,9,100.0,100.0,100.0,0,0,0,15,7,4,0,15,9,9,4,0,6,0
Daquan Mack,38881,FB,UMASS,2,88.2,0,216,59.9,77.3,58.7,0,0,3,60.0,71.4,100.0,0,0,0,15,0,0,0,17,5,7,0,0,10,0
Matt Macksood,23431,WR,MICH STATE,3,68.2,0,223,46.0,,56.5,0,0,0,0.0,0.0,,0,0,0,15,0,0,0,22,0,7,0,0,15,0
Joe Hubener,46389,QB,KANSAS ST,7,23.1,0,199,67.0,,60.0,0,0,0,0.0,0.0,,0,0,0,15,0,0,0,65,0,26,0,0,15,0
Jesse Callier,15526,HB,WASHINGTON,3,28.3,0,340,58.8,78.2,55.9,0,0,5,23.8,20.8,100.0,0,0,0,15,0,0,0,53,5,24,0,0,10,0
Adoree' Jackson,11773,CB,USC,8,33.3,0,326,78.5,,58.9,0,0,0,0.0,0.0,,2,0,0,15,0,0,0,45,0,29,0,0,15,1
Garrett Leatham,18870,QB,NC STATE,3,68.2,0,248,28.1,,60.3,0,0,0,0.0,0.0,,0,0,0,15,0,0,0,22,0,6,0,0,15,0
Darius Wade,28055,QB,BOSTON COL,3,60.0,0,121,29.8,,60.0,0,0,0,0.0,0.0,,0,0,0,15,0,0,0,25,0,8,0,0,15,0
John Klingerman,26988,WR,BOWL GREEN,3,60.0,0,122,74.4,,72.9,0,0,0,0.0,0.0,,0,0,0,15,0,0,0,25,0,10,0,0,15,0
Shane Sullivan,16359,TE,USC,2,100.0,0,326,81.3,69.7,77.1,0,0,3,100.0,100.0,100.0,0,0,0,15,0,0,0,15,3,3,0,0,12,14
Nick Jones,42190,TE,LA MONROE,6,83.3,0,209,51.6,67.9,53.1,0,0,2,50.0,40.0,100.0,0,0,0,15,0,0,2,18,2,5,0,0,13,16
Austin Daich,23649,WR,OREGON,5,88.2,0,264,58.0,,58.9,0,0,0,0.0,0.0,,0,0,0,15,0,0,0,17,0,2,0,0,15,0
Adam Deacon,17569,G,ARKANSAS,1,100.0,0,111,70.7,73.4,70.0,0,0,5,100.0,100.0,100.0,0,0,0,15,0,15,0,15,5,5,0,0,10,0
Josh Smith,26242,WR,AKRON,2,36.6,0,102,49.9,,61.6,0,0,0,0.0,0.0,,2,0,0,15,0,0,0,41,0,26,0,0,15,0
Jackson Morris,28504,G,GA SOUTHRN,1,100.0,0,174,64.2,,63.6,0,0,0,,,,0,0,0,15,0,15,0,15,0,0,0,0,15,0
Abraham Mendivil,26989,HB,ARIZONA,3,93.8,0,109,59.4,,61.0,0,0,0,0.0,0.0,,0,0,0,15,0,0,0,16,0,1,0,0,15,0
Kolney Cassel,29831,QB,SMU,5,25.4,0,287,53.6,,60.0,0,0,0,0.0,0.0,,1,0,0,15,0,0,0,59,0,44,0,0,15,0
Ian Dixon,18811,WR,OHIO,8,32.6,0,259,72.7,,59.5,0,0,0,0.0,0.0,,0,0,0,15,0,0,0,46,0,31,0,0,15,0
Eric Ansley,22997,G,MARSHALL,2,100.0,0,214,47.1,,54.9,0,0,0,,,,1,0,0,15,0,0,0,15,0,0,15,0,15,0
Jonathan Alvarez,29653,C,OKLAHOMA,2,100.0,0,261,52.2,15.1,59.8,1,0,8,100.0,100.0,93.7,0,1,0,14,14,0,0,14,8,8,0,0,6,0
Michael Kneip,45572,G,WASHINGTON,5,100.0,0,340,77.5,75.5,77.1,0,0,3,100.0,100.0,100.0,0,0,0,14,0,14,0,14,3,3,0,0,11,0
Drake Whitehurst,14261,WR,CAL,3,73.7,0,130,56.0,,60.7,0,0,0,0.0,0.0,,0,0,0,14,0,0,0,19,0,5,0,0,14,0
Shakeem Jefferson,21537,WR,LA MONROE,8,32.6,0,209,49.8,,46.7,0,0,0,0.0,0.0,,1,0,0,14,0,0,0,43,0,29,0,0,14,1
Shane Belle,14084,WR,BALL ST,6,66.7,0,117,65.8,,60.6,0,0,0,0.0,0.0,,0,0,0,14,0,0,0,21,0,7,0,0,14,0
Joshua Tapscott,30704,HB,WYOMING,5,32.6,0,351,62.9,54.6,60.0,0,1,9,40.9,45.8,94.4,0,1,0,14,0,0,0,43,11,24,0,0,3,0
Dominique Hatfield,12338,CB,UTAH,1,50.0,0,328,66.6,,88.4,0,0,0,0.0,0.0,,4,0,0,14,0,0,0,28,0,14,0,0,14,0
Jordan Johnson,12146,HB,BUFFALO,8,11.1,0,126,72.8,51.7,60.0,0,0,11,25.0,25.5,100.0,0,0,0,14,0,0,0,126,12,47,0,0,2,0
Chris Tewhill,23580,WR,OREGON,3,100.0,0,264,59.5,,58.3,0,0,0,,,,0,0,0,14,0,0,0,14,0,0,0,0,14,0
Jamarl Eiland,47620,WR,BUFFALO,5,42.4,0,126,80.3,,56.3,0,0,0,0.0,0.0,,0,0,0,14,0,0,0,33,0,19,0,0,14,0
Christian Harper,48373,T,UTEP,4,100.0,0,330,56.3,63.1,67.7,1,0,7,100.0,100.0,92.9,1,1,0,14,0,0,13,14,7,7,0,0,7,1
Clinton Jones,13785,WR,USF,4,66.7,0,327,55.0,,60.3,0,0,0,0.0,0.0,,0,0,0,14,0,0,0,21,0,7,0,0,14,0
Trevorris Johnson,45761,HB,TCU,11,14.0,0,305,69.2,58.7,55.4,0,1,4,10.8,13.2,87.5,0,1,0,14,0,0,0,100,5,38,0,0,9,0
Ainuu Taua,45606,TE,UCLA,3,93.3,0,324,47.9,67.5,47.9,0,0,1,50.0,50.0,100.0,1,0,0,14,0,0,0,15,1,2,0,0,13,13
Parker Barrineau,17913,WR,ALABAMA,3,82.4,0,103,60.1,,65.0,0,0,0,0.0,0.0,,0,0,0,14,0,0,0,17,0,3,0,0,14,1
Yousif Khoury,14370,G,FIU,2,100.0,0,166,56.3,76.3,53.6,0,0,4,100.0,100.0,100.0,0,0,0,14,0,4,10,14,4,4,0,0,10,0
Karl James,14268,C,FAU,2,100.0,0,165,64.6,68.0,63.3,0,0,1,100.0,100.0,100.0,0,0,0,14,9,5,0,14,1,1,0,0,13,0
Jake Ashton,38385,WR,CAL,2,28.6,0,130,50.8,,76.6,0,0,0,0.0,0.0,,1,0,0,14,0,0,0,49,0,35,0,0,14,0
Nathan Sassaman,39236,WR,S ALABAMA,5,100.0,0,288,60.7,,60.9,0,0,0,,,,0,0,0,14,0,0,0,14,0,0,0,0,14,0
Justus Pickett,19327,HB,TENNESSEE,6,25.5,0,307,64.4,16.4,68.2,0,1,8,29.6,32.1,93.7,0,1,0,14,0,0,0,55,9,28,0,0,5,0
John Ratliff,39416,WR,OLE MISS,2,87.5,0,226,60.4,,60.1,0,0,0,0.0,0.0,,0,0,0,14,0,0,0,16,0,2,0,0,14,0
Michael Calicchio,15520,T,W VIRGINIA,1,100.0,0,343,60.7,72.6,59.0,0,0,4,100.0,100.0,100.0,0,0,0,14,0,0,14,14,4,4,0,0,10,0
Shai Alonzo,24649,TE,CINCINNATI,4,82.4,0,138,55.2,,75.2,0,0,0,0.0,0.0,,1,0,0,14,0,0,0,17,0,3,0,0,14,1
Eddie Vanderdoes,11843,DI,UCLA,7,73.7,0,324,55.4,70.3,56.4,0,0,1,25.0,25.0,100.0,1,0,0,14,0,0,0,19,1,4,0,0,13,0
Bryce Kennedy,23214,G,NC STATE,2,100.0,0,248,62.7,,70.0,0,0,0,,,,1,0,0,14,0,14,0,14,0,0,0,0,14,0
Tez Parks,30060,HB,SO MISS,8,15.9,0,296,58.7,81.1,79.1,0,0,12,21.4,20.7,100.0,0,0,0,14,0,0,0,88,12,58,0,0,2,0
Derek Branson,15011,FB,OKLA STATE,2,77.8,0,262,67.3,77.1,69.5,0,0,4,50.0,50.0,100.0,0,0,0,14,0,0,0,18,4,8,0,0,10,0
Deltron Hopkins,47643,WR,APP STATE,1,70.0,0,108,56.0,,60.4,0,0,0,0.0,0.0,,0,0,0,14,0,0,0,20,0,6,0,0,14,0
Kyrion Parker,12474,WR,TEXAS A&M,3,35.0,0,312,56.9,,60.2,0,0,0,0.0,0.0,,0,0,0,14,0,0,0,40,0,26,0,0,14,0
Jarvis Leverett Jr.,38288,HB,KANSAS ST,4,35.9,0,199,55.6,80.8,58.1,0,0,9,64.3,64.3,100.0,0,0,0,14,0,0,0,39,9,14,0,0,5,0
Dustin Garrison,38827,HB,W VIRGINIA,8,21.9,0,343,67.1,78.0,76.3,0,0,5,14.3,14.3,100.0,0,0,0,14,0,0,0,64,5,35,0,0,9,0
Ben McLane,16355,QB,GA STATE,2,77.8,0,175,48.2,,60.0,0,0,0,0.0,0.0,,0,0,0,14,0,0,0,18,0,3,0,0,14,0
Devan Demas,45942,HB,BOISE ST,12,28.6,0,120,63.1,23.1,60.2,0,0,4,30.8,30.8,75.0,0,1,1,14,0,0,0,49,4,13,0,0,10,0
Andrew Stone,18239,WR,IOWA,5,51.9,0,192,70.7,,69.4,0,0,0,0.0,0.0,,0,0,0,14,0,0,0,27,0,13,0,0,14,0
Alec Morris,46578,QB,ALABAMA,4,100.0,0,103,61.2,,60.0,0,0,0,,,,0,0,0,14,0,0,0,14,0,0,0,0,14,0
Michael Moll,22254,TE,APP STATE,3,82.4,0,108,72.7,,70.6,0,0,0,0.0,0.0,,0,0,0,14,0,0,0,17,0,3,0,0,14,10
De'Andre Jasper,17985,WR,FIU,6,36.8,0,166,56.5,,58.4,0,0,0,0.0,0.0,,0,0,0,14,0,0,0,38,0,23,0,0,14,0
Eric Gallo,41666,C,VA TECH,3,100.0,0,337,68.2,67.6,66.0,0,0,1,100.0,100.0,100.0,0,0,0,14,14,0,0,14,1,1,0,0,13,0
William Crest Jr.,45917,QB,W VIRGINIA,1,60.9,0,343,86.0,,60.0,0,0,0,0.0,0.0,,0,0,0,14,0,0,0,23,0,5,0,0,14,0
Jonathan Wallace,17820,QB,AUBURN,4,72.2,0,115,59.4,,60.2,0,0,0,0.0,0.0,,0,0,0,13,0,0,0,18,0,5,0,0,13,0
Alex Van Dyke,47852,WR,UCLA,4,59.1,0,324,53.9,,61.1,0,0,0,0.0,0.0,,0,0,0,13,0,0,0,22,0,9,0,0,13,0
Tim DiGiorgio,12486,QB,TEMPLE,2,92.9,0,306,37.1,,60.0,0,0,0,0.0,0.0,,0,0,0,13,0,0,0,14,0,1,0,0,13,0
Zach Myers,23133,C,KENTUCKY,2,100.0,0,202,59.9,74.3,58.4,0,0,4,100.0,100.0,100.0,0,0,0,13,10,3,0,13,4,4,0,0,9,0
Drew Owens,16649,TE,S CAROLINA,1,68.4,0,289,40.7,65.4,58.0,0,0,1,14.3,14.3,100.0,0,0,0,13,0,0,0,19,1,7,0,0,12,16
Matt Alviti,44954,QB,NWESTERN,4,44.8,0,256,29.2,,60.0,0,0,0,0.0,0.0,,0,0,0,13,0,0,0,29,0,5,0,0,13,0
Andy Ritter,22525,WR,BAYLOR,2,100.0,0,118,60.5,,60.2,0,0,0,,,,0,0,0,13,0,0,0,13,0,0,0,0,13,0
Faton Bauta,46470,QB,GEORGIA,3,52.0,0,173,76.6,,60.0,0,0,0,0.0,0.0,,0,0,0,13,0,0,0,25,0,5,0,0,13,0
Ryan Seaberg,19136,FB,SO MISS,3,86.7,0,296,67.1,,69.1,0,0,0,0.0,0.0,,0,0,0,13,0,0,0,15,0,2,0,0,13,0
Derrick Teegarden,14944,WR,N TEXAS,2,92.9,0,251,72.7,,89.0,0,0,0,0.0,0.0,,0,0,0,13,0,0,0,14,0,1,0,0,13,0
Brandon Taukeiaho,46075,G,UTAH ST,3,100.0,0,329,67.3,,66.8,0,0,0,,,,0,0,0,13,0,0,0,13,0,0,13,0,13,0
Malik Reed,48567,TE,NEVADA,4,86.7,0,239,38.7,63.3,53.1,0,0,1,33.3,33.3,100.0,1,0,0,13,0,0,0,15,1,3,0,0,12,15
Daniel Adams,18383,WR,MARYLAND,4,19.7,0,215,48.3,,76.2,0,0,0,0.0,0.0,,1,0,0,13,0,0,0,66,0,53,0,0,13,0
Dallas Tidwell,17532,QB,TROY,2,68.4,0,318,51.8,,60.0,0,0,0,0.0,0.0,,0,0,0,13,0,0,0,19,0,6,0,0,13,0
Michael Colosimo,16046,QB,CINCINNATI,3,39.4,0,138,68.2,,60.3,0,0,0,0.0,0.0,,0,0,0,13,0,0,0,33,0,16,0,0,13,0
Sean Muir,45564,C,BAYLOR,1,100.0,0,118,62.3,72.5,61.0,0,0,3,100.0,100.0,100.0,0,0,0,13,13,0,0,13,3,3,0,0,10,0
David Catalano,16834,T,S JOSE ST,2,100.0,0,285,69.7,75.6,67.6,0,0,6,100.0,100.0,100.0,0,0,0,13,0,0,0,13,6,6,0,13,7,0
Korliss Marshall,22158,HB,ARKANSAS,6,25.0,0,111,53.0,74.5,72.4,0,0,4,22.2,22.2,100.0,0,0,0,13,0,0,0,52,4,18,0,0,9,0
Zach DeBell,17586,T,GEORGIA,2,100.0,0,173,58.5,74.6,56.9,0,0,2,100.0,100.0,100.0,0,0,0,13,0,0,13,13,2,2,0,0,11,0
Doug Blacksill,16954,C,S JOSE ST,2,100.0,0,285,59.2,76.2,56.8,0,0,6,100.0,100.0,100.0,0,0,0,13,7,6,0,13,6,6,0,0,7,0
Joel Rich,28097,TE,BOSTON COL,3,100.0,0,121,48.2,,50.4,0,0,0,,,,0,0,0,13,0,0,0,13,0,0,0,0,13,13
Cole Chiappialle,22045,HB,PENN STATE,4,32.5,0,266,55.4,78.8,60.0,0,0,9,69.2,69.2,100.0,0,0,0,13,0,0,0,40,9,13,0,0,4,0
Pete DiNovo,27479,QB,UCF,1,54.2,0,323,43.6,,60.0,0,0,0,0.0,0.0,,0,0,0,13,0,0,0,24,0,11,0,0,13,0
Kevin Asante,19463,WR,VA TECH,3,92.9,0,337,59.1,,61.0,0,0,0,0.0,0.0,,0,0,0,13,0,0,0,14,0,1,0,0,13,0
Dominic Salomone,21958,FB,PENN STATE,2,100.0,0,266,63.0,,63.0,0,0,0,,,,0,0,0,13,0,0,0,13,0,0,0,0,13,5
Casey Cochran,21948,QB,UCONN,1,28.3,0,146,47.7,,60.0,0,0,0,0.0,0.0,,0,0,0,13,0,0,0,46,0,33,0,0,13,0
Kyle Bockeloh,21947,C,UCONN,1,100.0,0,146,47.8,71.8,48.9,0,0,2,100.0,100.0,100.0,0,0,0,13,13,0,0,13,2,2,0,0,11,0
Taylor Knestis,30703,T,WYOMING,2,100.0,0,351,53.9,29.0,57.4,0,0,4,100.0,100.0,75.0,0,1,1,13,0,0,0,13,4,4,0,13,9,0
Fernando Villanueva,21893,T,S JOSE ST,2,100.0,0,285,62.3,78.0,58.4,0,0,6,100.0,100.0,100.0,0,0,0,13,0,0,13,13,6,6,0,0,7,0
Gideon Ajagbe,13709,FB,FLORIDA,2,86.7,0,163,52.0,64.4,65.0,0,0,1,33.3,33.3,100.0,1,0,0,13,0,0,0,15,1,3,0,0,12,10
Chris Willson,13759,TE,USC,1,68.4,0,326,41.1,52.3,37.0,0,1,3,33.3,33.3,83.3,0,1,0,13,0,0,0,19,3,9,0,0,10,12
John Pond,19689,G,VIRGINIA,3,100.0,0,335,62.1,75.1,60.8,0,0,2,100.0,100.0,100.0,0,0,0,13,0,10,0,13,2,2,0,3,11,0
Sam Marshall,17943,T,DUKE,3,100.0,0,154,67.1,73.1,65.2,0,0,3,100.0,100.0,100.0,0,0,0,13,0,0,2,13,3,3,0,11,10,0
Carlis Parker,24272,WR,VA TECH,5,43.3,0,337,45.2,,31.0,0,0,0,0.0,0.0,,1,0,0,13,0,0,0,30,0,17,0,0,13,0
Devine Redding,45841,HB,INDIANA,9,23.6,0,190,56.7,44.7,60.0,0,0,8,38.1,36.4,87.5,0,1,1,13,0,0,0,55,8,22,0,0,5,0
Andre Sims,17238,WR,MICH STATE,4,56.5,0,223,70.2,,58.5,0,0,0,0.0,0.0,,0,0,0,13,0,0,0,23,0,10,0,0,13,0
Nathaniel Minor,16356,WR,GA STATE,6,38.2,0,175,55.7,,60.3,0,0,0,0.0,0.0,,0,0,0,13,0,0,0,34,0,21,0,0,13,0
William Cockerill,17502,T,CLEMSON,2,100.0,0,140,60.3,66.9,59.5,0,0,1,100.0,100.0,100.0,0,0,0,13,0,0,13,13,1,1,0,0,12,0
Terrell Johnson,16703,WR,BOISE ST,4,81.3,0,120,56.3,,55.0,0,0,0,0.0,0.0,,0,0,0,13,0,0,0,16,0,3,0,0,13,0
Paul Pitts III,17390,WR,S DIEGO ST,5,46.4,0,284,61.4,,60.2,0,0,0,0.0,0.0,,0,0,0,13,0,0,0,28,0,15,0,0,13,0
Harris Williams,17896,G,BOSTON COL,1,100.0,0,121,65.6,74.0,64.6,0,0,5,100.0,100.0,100.0,0,0,0,12,0,0,0,12,5,5,12,0,7,0
Victor Blackwell,17616,WR,USC,1,60.0,0,326,86.7,,60.9,0,0,0,0.0,0.0,,0,0,0,12,0,0,0,20,0,8,0,0,12,0
Vic Enwere,45746,HB,CAL,10,16.9,0,130,65.7,31.5,53.5,0,1,6,21.4,20.0,91.7,1,1,0,12,0,0,0,71,6,30,0,0,6,0
Thomas Tucker,21836,HB,S JOSE ST,2,25.0,0,285,72.8,79.8,59.7,0,0,9,42.9,40.9,100.0,0,0,0,12,0,0,0,48,9,22,0,0,3,0
Jordan Diamond,46143,G,AUBURN,2,100.0,0,115,74.0,,72.9,0,0,0,,,,0,0,0,12,0,0,0,12,0,0,12,0,12,0
Devyn Salmon,27147,C,MICH STATE,2,100.0,0,223,65.8,67.1,64.6,0,0,1,100.0,100.0,100.0,0,0,0,12,12,0,0,12,1,1,0,0,11,0
Marty St. John,12986,C,COLO STATE,3,100.0,0,144,59.7,74.5,58.4,0,0,3,100.0,100.0,100.0,0,0,0,12,9,0,0,12,3,3,3,0,9,0
Cody Apfel,17574,WR,AIR FORCE,8,27.3,0,101,51.7,,59.4,0,0,0,0.0,0.0,,0,0,0,12,0,0,0,44,0,32,0,0,12,0
Lonnie Turner,13237,WR,W KENTUCKY,2,48.0,0,346,54.9,,60.6,0,0,0,0.0,0.0,,0,0,0,12,0,0,0,25,0,13,0,0,12,0
Josh Smith,15522,WR,WYOMING,6,92.3,0,351,59.7,,60.0,0,0,0,0.0,0.0,,0,0,0,12,0,0,0,13,0,1,0,0,12,0
Ross Dolbec,19487,T,WASHINGTON,6,100.0,0,340,76.4,74.5,75.3,0,0,3,100.0,100.0,100.0,0,0,0,12,0,0,0,12,3,3,5,7,9,0
Taylor Hilgers,28557,WR,KANSAS ST,3,100.0,0,199,60.2,,59.7,0,0,0,,,,0,0,0,12,0,0,0,12,0,0,0,0,12,0
Neil Basford,12550,TE,WAKE,2,92.3,0,339,65.6,64.5,70.6,0,1,3,75.0,75.0,83.3,0,1,0,12,0,0,0,13,3,4,0,0,9,10
Todd Therrien,18040,G,BUFFALO,1,100.0,0,126,62.7,77.1,61.1,0,0,4,100.0,100.0,100.0,0,0,0,12,0,3,0,12,5,5,9,0,7,0
Troy McCormick Jr.,45665,HB,UTAH,5,21.1,0,328,70.4,80.6,59.5,0,0,8,34.8,34.8,100.0,0,0,0,12,0,0,0,57,8,23,0,0,4,0
Darmontre Warr,22037,HB,W KENTUCKY,3,42.9,0,346,51.5,82.2,58.5,0,0,9,60.0,60.0,100.0,0,0,0,12,0,0,0,28,9,15,0,0,3,0
Thadd Smith,48041,WR,BOSTON COL,9,36.4,0,121,51.7,,59.5,0,0,0,0.0,0.0,,0,0,0,12,0,0,0,33,0,21,0,0,12,0
Malik Gilmore,23596,WR,OREGON ST,7,26.1,0,265,61.2,,56.9,0,0,0,0.0,0.0,,0,0,0,12,0,0,0,46,0,34,0,0,12,0
Matt Zanellato,17326,WR,PENN STATE,8,18.2,0,266,52.6,,85.0,0,0,0,0.0,0.0,,0,0,0,12,0,0,0,66,0,54,0,0,12,0
DeAndre Reaves,11000,WR,MARSHALL,3,60.0,1,214,39.0,,60.9,0,0,0,0.0,0.0,,1,0,0,12,0,0,0,20,0,8,0,0,12,0
Cody Small,26032,TE,KANSAS ST,5,85.7,0,199,59.9,66.6,60.7,0,0,2,50.0,50.0,100.0,0,0,0,12,0,0,0,14,2,4,0,0,10,14
Bobby Hartzog,47773,WR,KANSAS,2,92.3,0,198,58.3,,58.0,0,0,0,0.0,0.0,,0,0,0,12,0,0,0,13,0,1,0,0,12,0
RJ Hollis,47012,T,HAWAII,2,100.0,0,180,62.8,67.7,,0,0,12,100.0,100.0,100.0,0,0,0,12,0,0,0,12,12,12,0,12,0,0
Chris McDaniel,35981,G,W MICHIGAN,4,100.0,0,347,57.3,63.5,56.9,0,0,0,,100.0,,0,0,0,12,0,2,0,12,1,1,0,0,11,10
Manny Morgan,26169,HB,AKRON,2,25.5,0,102,64.3,82.5,60.0,0,0,10,30.3,29.7,100.0,0,0,0,12,0,0,0,47,11,37,0,0,1,0
Nate McLaurin,14852,HB,NEVADA,6,52.2,0,239,60.6,76.4,59.5,0,0,3,100.0,100.0,100.0,0,0,0,12,0,0,0,23,3,3,0,0,9,0
Adam Lane,27604,HB,FLORIDA,3,28.6,0,163,71.6,78.6,58.9,0,0,5,45.5,50.0,100.0,0,0,0,12,0,0,0,42,6,12,0,0,6,0
Brandon Byrd,31747,HB,MARSHALL,5,24.5,0,214,56.3,77.8,60.2,0,0,3,17.6,17.6,100.0,0,0,0,12,0,0,0,49,3,17,0,0,9,0
Maurice Morgan,18648,WR,NC STATE,3,92.3,0,248,53.7,,55.1,0,0,0,,,,0,0,0,12,0,0,0,13,0,0,0,0,12,0
Quay Chambers,47675,TE,DUKE,4,75.0,0,154,52.6,,51.5,0,0,0,0.0,0.0,,0,0,0,12,0,0,0,16,0,4,0,0,12,5
Eugene Brazley,45770,HB,OLE MISS,5,27.3,0,226,70.6,39.5,57.6,0,1,3,37.5,37.5,83.3,0,1,0,12,0,0,0,44,3,8,0,0,9,0
Torrey Pierce,19658,HB,LA LAFAYET,5,21.8,0,207,65.0,83.1,59.7,0,0,6,15.8,17.9,100.0,0,0,0,12,0,0,0,55,7,39,0,0,5,0
Garrett Simpson,24278,QB,UTEP,2,85.7,0,330,59.6,,60.0,0,0,0,,,,0,0,0,12,0,0,0,14,0,0,0,0,12,0
Travis Mascho,19742,TE,W MICHIGAN,3,100.0,0,347,67.4,,65.5,0,0,0,,,,1,0,0,12,0,0,0,12,0,0,0,0,12,12
Brandon Swindall,19636,WR,UTAH ST,1,27.9,0,329,58.8,,88.1,0,0,0,0.0,0.0,,0,0,0,12,0,0,0,43,0,31,0,0,12,0
Kamal Abrams,17119,WR,UCONN,5,18.8,0,146,49.5,,60.6,0,0,0,0.0,0.0,,0,0,0,12,0,0,0,64,0,52,0,0,12,0
Mike Ebert,46661,TE,TOLEDO,6,100.0,0,316,46.4,,48.3,0,0,0,,,,0,0,0,11,0,0,0,11,0,0,0,0,11,11
Henry Bussey III,47576,HB,FAU,8,23.9,0,165,62.5,69.2,59.3,0,0,1,3.6,3.4,100.0,0,0,0,11,0,0,0,46,1,29,0,0,10,1
Neal Burcham,38131,QB,SMU,2,15.9,0,287,42.2,,60.0,0,0,0,0.0,0.0,,0,0,0,11,0,0,0,69,0,58,0,0,11,0
Jake McCreath,23650,TE,OREGON,2,100.0,0,264,40.0,,42.9,0,0,0,,,,0,0,0,11,0,0,0,11,0,0,0,0,11,11
Adam Schulz,38551,QB,UTAH,1,84.6,0,328,87.0,,60.0,0,0,0,0.0,0.0,,0,0,0,11,0,0,0,13,0,2,0,0,11,0
Chris James,38573,HB,PITTSBURGH,13,9.5,0,268,65.0,56.5,58.4,0,0,6,27.3,27.3,100.0,0,0,0,11,0,0,0,116,6,22,0,0,5,0
Daniel Darling,25042,G,AIR FORCE,2,100.0,0,101,60.3,78.3,57.9,0,0,6,100.0,100.0,100.0,0,0,0,11,0,11,0,11,6,6,0,0,5,0
Mark Leal,15515,QB,VA TECH,3,50.0,0,337,75.4,,60.0,0,0,0,0.0,0.0,,0,0,0,11,0,0,0,22,0,11,0,0,11,0
Jordan Williams,23256,G,MISSOURI,3,100.0,0,229,56.8,74.4,55.8,0,0,2,100.0,100.0,100.0,0,0,0,11,0,11,0,11,2,2,0,0,9,0
David Manoa,48428,TE,HAWAII,2,50.0,0,180,35.4,71.1,47.8,0,0,3,21.4,21.4,100.0,0,0,0,11,0,0,0,22,3,14,0,0,8,20
Scott Austin,30323,WR,LA LAFAYET,3,57.9,0,207,54.3,,59.4,0,0,0,0.0,0.0,,0,0,0,11,0,0,0,19,0,8,0,0,11,0
Lucas Munds,22888,WR,KANSAS ST,3,100.0,0,199,60.9,,61.2,0,0,0,,,,0,0,0,11,0,0,0,11,0,0,0,0,11,0
Andrew Terlingo,39577,T,PENN STATE,1,100.0,0,266,47.3,0.0,53.1,0,0,2,100.0,100.0,100.0,0,0,0,11,0,0,0,11,2,2,0,11,9,0
Evan Galimberti,27344,G,PENN STATE,1,100.0,0,266,57.8,70.4,57.1,0,0,2,100.0,100.0,100.0,0,0,0,11,0,11,0,11,2,2,0,0,9,0
Devin Saunders,15004,TE,OHIO,2,68.8,0,259,46.7,,46.0,0,0,0,0.0,0.0,,0,0,0,11,0,0,0,16,0,5,0,0,11,11
Bradley Northnagel,22573,FB,CAL,3,100.0,0,130,59.4,,59.2,0,0,0,,,,0,0,0,11,0,0,0,11,0,0,0,0,11,0
Calvin Blank,22414,TE,BALL ST,2,100.0,0,117,62.5,,61.5,0,0,0,,,,0,0,0,11,0,0,0,11,0,0,0,0,11,11
Darius Durall,29924,HB,SMU,5,28.2,0,287,46.1,80.2,59.8,0,0,9,39.1,37.5,100.0,0,0,0,11,0,0,0,39,9,24,0,0,2,0
Damien Haskins,29748,HB,OREGON ST,4,19.3,0,265,61.3,81.6,,0,0,11,27.5,25.0,100.0,1,0,0,11,0,0,0,57,11,44,0,0,0,0
Sam Shisso,48089,WR,MIAMI OH,5,44.0,0,221,60.5,,59.6,0,0,0,0.0,0.0,,0,0,0,11,0,0,0,25,0,14,0,0,11,0
Shon Carson,16370,HB,S CAROLINA,8,20.0,0,289,65.0,72.0,60.0,0,0,8,24.2,25.0,100.0,0,0,0,11,0,0,0,55,9,36,0,0,2,0
Logan Schmidt,24439,G,WISCONSIN,2,100.0,0,349,59.1,69.8,58.4,0,0,1,100.0,100.0,100.0,0,0,0,11,0,6,0,11,1,1,5,0,10,0
Macklin Weaver,26508,TE,VANDERBILT,2,100.0,0,333,78.3,,74.6,0,0,0,,,,0,0,0,11,0,0,0,11,0,0,0,0,11,11
Kevin Sousa,16463,QB,WAKE,4,64.7,0,339,50.9,,60.0,0,0,0,0.0,0.0,,0,0,0,11,0,0,0,17,0,1,0,0,11,0
John Armstrong,21274,WR,WAKE,3,78.6,0,339,56.7,,59.8,0,0,0,0.0,0.0,,0,0,0,11,0,0,0,14,0,3,0,0,11,0
Jarred Evans,20431,QB,CINCINNATI,4,26.8,0,138,66.9,,60.0,0,0,0,0.0,0.0,,1,0,0,11,0,0,0,41,0,11,0,0,11,0
David Noltemeyer,14677,G,LOUISVILLE,1,100.0,0,210,53.4,74.8,52.3,0,0,2,100.0,100.0,100.0,0,0,0,11,0,9,0,11,2,2,2,0,9,0
Brad Pearson,19435,WR,TEXAS TECH,6,15.7,0,315,65.3,,90.0,0,0,0,0.0,0.0,,1,0,0,11,0,0,0,70,0,59,0,0,11,0
Tyrell Goodman,16596,WR,AKRON,1,39.3,0,102,49.2,,61.0,0,0,0,0.0,0.0,,1,0,0,11,0,0,0,28,0,17,0,0,11,0
Jesse Ertz,46473,QB,KANSAS ST,4,57.9,0,199,55.3,,60.0,0,0,0,,,,1,0,0,11,0,0,0,19,0,0,0,0,11,0
Kameron Doolittle,18972,WR,OKLA STATE,5,50.0,0,262,80.5,,78.0,0,0,0,0.0,0.0,,0,0,0,11,0,0,0,22,0,11,0,0,11,0
Kenyan Drake,10707,HB,ALABAMA,5,19.0,0,103,74.8,54.0,59.4,0,0,7,22.6,21.9,100.0,0,0,0,11,0,0,0,58,7,32,0,0,4,0
Jared Weaver,18464,FB,IOWA STATE,6,100.0,0,193,54.3,9.4,61.0,0,1,2,100.0,100.0,75.0,0,1,0,11,0,0,0,11,2,2,0,0,9,0
Colin McGovern,46818,G,NOTRE DAME,3,100.0,0,258,56.7,,56.4,0,0,0,,,,0,0,0,11,0,10,0,11,0,0,0,1,11,0
Tyren Jones,28035,HB,ALABAMA,8,14.7,0,103,70.4,80.0,60.0,0,0,9,25.0,24.3,100.0,0,0,0,11,0,0,0,75,9,37,0,0,2,0
Deandre Goolsby,47133,TE,FLORIDA,4,61.1,0,163,57.2,67.3,60.9,0,0,1,12.5,12.5,100.0,1,0,0,11,0,0,0,18,1,8,0,0,10,9
Chase Favreau,27423,WR,S DIEGO ST,7,16.7,0,284,51.7,,60.2,0,0,0,0.0,0.0,,0,0,0,11,0,0,0,66,0,55,0,0,11,0
Gray King,28122,WR,AUBURN,3,84.6,0,115,55.5,,54.7,0,0,0,0.0,0.0,,0,0,0,11,0,0,0,13,0,2,0,0,11,0
Matt Rockett,47707,WR,CAL,5,55.0,0,130,57.5,,58.6,0,0,0,0.0,0.0,,0,0,0,11,0,0,0,20,0,9,0,0,11,0
Andrew Beck,47121,TE,TEXAS,3,66.7,0,311,53.1,,65.6,0,0,0,0.0,0.0,,1,0,0,10,0,0,0,15,0,5,0,0,10,5
Jeremi Hall,46177,G,USF,1,100.0,0,327,48.5,56.0,59.1,0,1,5,100.0,100.0,90.0,1,1,0,10,0,10,0,10,6,6,0,0,4,0
Andrew McCleneghen,38686,DI,SMU,6,83.3,0,287,56.9,67.4,57.0,0,0,1,50.0,33.3,100.0,0,0,0,10,0,0,4,12,1,3,0,3,9,5
Jonathan Parker,28767,HB,IOWA,10,26.3,0,192,63.6,,55.8,0,0,0,0.0,0.0,,0,0,0,10,0,0,0,38,0,12,0,0,10,0
Trevor Wood,84058,TE,ARIZONA,1,90.9,0,109,89.2,,81.1,0,0,0,0.0,0.0,,0,0,0,10,0,0,0,11,0,1,0,0,10,11
Chris Thummel,30474,T,UTEP,2,100.0,0,330,58.6,,58.2,0,0,0,,,,0,0,0,10,0,0,0,10,0,0,0,10,10,0
Bryan Stonkus,21755,G,RUTGERS,1,100.0,0,278,51.8,72.9,50.8,0,0,2,100.0,100.0,100.0,0,0,0,10,0,0,0,10,2,2,10,0,8,0
Brenden Motley,44983,QB,VA TECH,4,35.7,0,337,54.9,,60.0,0,0,0,0.0,0.0,,0,0,0,10,0,0,0,28,0,4,0,0,10,0
Greg Gadell,15516,FB,VA TECH,4,90.9,0,337,80.1,,64.6,0,0,0,0.0,0.0,,0,0,0,10,0,0,0,11,0,1,0,0,10,6
Joshua Outlaw,31845,DI,TEXAS TECH,1,100.0,0,315,54.9,41.1,59.3,0,1,8,100.0,100.0,81.2,0,2,1,10,0,0,0,10,8,8,0,10,2,0
Grant Bothun,44875,WR,OKLAHOMA,3,71.4,0,261,61.8,,78.0,0,0,0,0.0,0.0,,0,0,0,10,0,0,0,14,0,4,0,0,10,0
Brent Mitcham,15304,WR,TEXAS TECH,6,31.3,0,315,60.0,,76.6,0,0,0,0.0,0.0,,0,0,0,10,0,0,0,32,0,22,0,0,10,0
Hunter Bivin,23299,T,NOTRE DAME,2,100.0,0,258,59.4,,59.0,0,0,0,,,,0,0,0,10,0,0,0,10,0,0,0,10,10,0
Erick Evans,29442,HB,N TEXAS,5,22.2,0,251,71.3,0.1,56.2,0,0,5,31.3,31.3,80.0,0,1,1,10,0,0,0,45,5,16,0,0,5,0
David Greene,16965,HB,UNLV,1,62.5,0,325,71.1,81.3,,0,0,10,76.9,76.9,100.0,0,0,0,10,0,0,0,16,10,13,0,0,0,0
Brett Nelson,18488,QB,LOUISVILLE,2,52.6,0,210,54.2,,60.0,0,0,0,0.0,0.0,,0,0,0,10,0,0,0,19,0,8,0,0,10,0
Landon Horne,39155,TE,UTAH ST,1,100.0,0,329,71.0,69.0,68.4,0,0,3,100.0,100.0,100.0,0,0,0,10,0,0,0,10,3,3,0,0,7,10
Kevin McIntyre,14542,G,MEMPHIS,1,100.0,0,218,56.4,,56.1,0,0,0,,,,0,0,0,10,0,0,0,10,0,0,10,0,10,0
Da'Mario Jones,23114,WR,MICHIGAN,3,62.5,0,222,67.1,,60.8,0,0,0,0.0,0.0,,0,0,0,10,0,0,0,16,0,6,0,0,10,0
Ryan Higgins,22948,QB,LA TECH,5,41.7,0,208,49.2,,60.0,0,0,0,0.0,0.0,,0,0,0,10,0,0,0,24,0,10,0,0,10,0
David Olson,13486,QB,CLEMSON,3,66.7,0,140,44.7,,60.0,0,0,0,0.0,0.0,,0,0,0,10,0,0,0,15,0,3,0,0,10,0
Brent Stockstill,29288,QB,MIDDLE TN,1,58.8,0,224,27.5,,60.0,0,0,0,0.0,0.0,,0,0,0,10,0,0,0,17,0,4,0,0,10,0
Nick Bice,16664,WR,AKRON,3,47.6,0,102,59.6,,59.9,0,0,0,0.0,0.0,,0,0,0,10,0,0,0,21,0,11,0,0,10,0
Marchie Murdock,47847,WR,ILLINOIS,4,21.3,0,187,55.0,,61.0,0,0,0,0.0,0.0,,0,0,0,10,0,0,0,47,0,37,0,0,10,0
Shai McKenzie,39247,HB,VA TECH,5,11.8,0,337,81.9,79.4,60.0,0,0,7,25.9,27.6,100.0,0,0,0,10,0,0,0,85,8,29,0,0,2,0
Brandon Hamilton,23745,HB,RICE,7,25.6,0,275,64.0,72.9,68.3,0,0,3,37.5,37.5,100.0,0,0,0,10,0,0,0,39,3,8,0,0,7,0
James White,45863,HB,TEXAS A&M,7,16.9,0,312,74.9,66.0,40.3,1,0,7,20.6,20.6,92.9,0,1,0,10,0,0,0,59,7,34,0,0,3,0
Camden Krohn,28457,TE,FAU,1,90.9,0,165,49.0,67.3,47.2,0,0,1,50.0,50.0,100.0,0,0,0,10,0,0,0,11,1,2,0,0,9,7
Trent Sherfield,48021,WR,VANDERBILT,7,32.3,0,333,55.9,,60.2,0,0,0,0.0,0.0,,0,0,0,10,0,0,0,31,0,18,0,0,10,0
Brian Bobek,38261,C,MINNESOTA,2,100.0,0,225,65.4,67.7,64.2,0,0,1,100.0,100.0,100.0,0,0,0,10,10,0,0,10,1,1,0,0,9,0
Dakota Jackson,24144,TE,VA TECH,3,100.0,0,337,67.1,,65.5,0,0,0,,,,0,0,0,10,0,0,0,10,0,0,0,0,10,10
Max Godby,14462,G,KENTUCKY,1,100.0,0,202,68.1,75.6,66.8,0,0,4,100.0,100.0,100.0,0,0,0,10,0,1,0,10,4,4,9,0,6,0
Vincent Croce,19537,FB,VIRGINIA,2,100.0,0,335,76.0,,77.3,0,0,0,,,,0,0,0,10,0,0,0,10,0,0,0,0,10,0
Bernard Taylor,14506,G,INDIANA,2,100.0,0,190,56.1,75.7,54.4,0,0,3,100.0,100.0,100.0,0,0,0,10,0,10,0,10,3,3,0,0,7,0
Kristoff Williams,12842,WR,WASH STATE,2,19.6,0,341,56.9,61.9,61.2,0,0,1,2.5,2.4,100.0,0,0,0,10,0,0,0,51,1,42,0,0,9,1
Donquell Green,32040,WR,MARSHALL,2,100.0,0,214,58.7,,57.2,0,0,0,,,,0,0,0,10,0,0,0,10,0,0,0,0,10,0
Tim Semisch,10072,TE,N ILLINOIS,3,76.9,0,254,58.9,,62.3,0,0,0,0.0,0.0,,0,0,0,10,0,0,0,13,0,3,0,0,10,11
John Poehlmann,18994,T,RICE,1,100.0,0,275,46.8,8.6,58.8,0,1,7,100.0,100.0,78.6,0,2,1,10,0,0,0,10,7,7,0,10,3,0
Logan Moore,15606,QB,W VIRGINIA,1,71.4,0,343,60.6,,78.8,0,0,0,0.0,0.0,,0,0,0,10,0,0,0,14,0,4,0,0,10,0
Mark Harrell,18927,C,NOTRE DAME,2,100.0,0,258,59.4,,59.3,0,0,0,,,,0,0,0,10,10,0,0,10,0,0,0,0,10,0
Daniel Anousheh,17330,C,UAB,4,100.0,0,321,54.8,71.9,54.0,0,0,2,100.0,100.0,100.0,0,0,0,10,6,0,3,10,2,2,0,0,8,1
Nate Jeppesen,30572,G,TOLEDO,2,100.0,0,316,60.8,72.1,59.1,0,0,3,100.0,100.0,100.0,0,0,0,10,0,0,0,10,3,3,4,6,7,0
Krysten Hammon,26127,HB,GA STATE,2,14.1,0,175,71.4,75.2,59.2,0,0,6,20.7,20.0,100.0,0,0,0,10,0,0,0,71,6,30,0,0,4,0
TY Flournoy-Smith,17644,TE,ALABAMA,4,55.6,0,103,67.2,65.5,62.7,0,0,1,11.1,11.1,100.0,0,0,0,10,0,0,0,18,1,9,0,0,9,16
Donnie Ernsberger,47243,FB,W MICHIGAN,4,100.0,0,347,62.0,,62.0,0,0,0,,,,0,0,0,10,0,0,0,10,0,0,0,0,10,0
Roberto Asensio,22357,TE,IDAHO,5,100.0,0,185,65.2,68.3,64.2,0,0,2,100.0,100.0,100.0,0,0,0,10,0,0,0,10,2,2,0,0,8,7
Aron Taylor,27098,WR,UTSA,2,66.7,0,331,61.0,,77.7,0,0,0,0.0,0.0,,0,0,0,10,0,0,0,15,0,5,0,0,10,0
Daniel Marx,27536,FB,STANFORD,5,58.8,0,300,58.5,,58.4,0,0,0,0.0,0.0,,0,0,0,10,0,0,0,17,0,4,0,0,10,0
Erik Ramirez,30497,C,UTEP,2,100.0,0,330,63.7,,62.8,0,0,0,,,,0,0,0,10,8,2,0,10,0,0,0,0,10,0
Dawson Elliott,18300,WR,KANSAS ST,3,100.0,0,199,60.3,,60.1,0,0,0,,,,0,0,0,10,0,0,0,10,0,0,0,0,10,0
Jacob Garcia,15473,WR,UTEP,2,100.0,0,330,69.7,,79.8,0,0,0,,,,0,0,0,9,0,0,0,9,0,0,0,0,9,0
Kaylon Watson,26429,HB,LA MONROE,6,14.1,0,209,57.3,78.2,59.6,0,0,5,10.0,9.8,100.0,0,0,0,9,0,0,0,64,5,51,0,0,4,0
K.C. Pearce,16798,WR,S JOSE ST,3,56.3,0,285,65.4,,60.9,0,0,0,0.0,0.0,,0,0,0,9,0,0,0,16,0,7,0,0,9,0
Corey Holmes,47548,WR,NOTRE DAME,2,100.0,0,258,60.6,,60.7,0,0,0,,,,0,0,0,9,0,0,0,9,0,0,0,0,9,0
Zach Sims,27293,G,UAB,3,100.0,0,321,58.1,68.2,57.8,0,0,1,100.0,100.0,100.0,0,0,0,9,3,6,0,9,1,1,0,0,8,0
Josh Bass,30766,G,W MICHIGAN,2,100.0,0,347,60.5,,60.1,0,0,0,,,,0,0,0,9,0,0,6,9,0,0,3,0,9,0
Brandon Freeman,13137,WR,UTSA,2,37.5,0,331,52.0,,57.8,0,0,0,0.0,0.0,,1,0,0,9,0,0,0,24,0,15,0,0,9,0
Jerin McClendon,38828,TE,FRESNO ST,2,100.0,0,169,69.4,,67.6,0,0,0,,,,0,0,0,9,0,0,0,9,0,0,0,0,9,9
Stephen Carberry,14756,G,MISSOURI,2,100.0,0,229,63.1,71.9,62.4,0,0,1,100.0,100.0,100.0,0,0,0,9,0,0,0,9,1,1,9,0,8,0
George Kittle,11901,TE,IOWA,8,34.6,0,192,76.9,,80.6,0,0,0,0.0,0.0,,1,0,0,9,0,0,0,26,0,17,0,0,9,15
William Boyd,14015,WR,ARK STATE,2,90.0,0,113,60.7,,60.5,0,0,0,0.0,0.0,,0,0,0,9,0,0,0,10,0,1,0,0,9,0
Peter Foreman,21406,T,NEW MEX ST,1,100.0,0,242,58.1,52.1,60.0,0,1,8,100.0,100.0,93.7,0,1,0,9,0,0,0,9,8,8,0,9,1,0
Reid Najvar,28714,G,KANSAS ST,2,100.0,0,199,52.5,,52.5,0,0,0,,,,0,0,0,9,0,0,0,9,0,0,9,0,9,0
Nate Skold,16719,G,TULANE,3,100.0,0,319,63.5,80.3,,0,0,9,100.0,100.0,100.0,0,0,0,9,0,8,1,9,9,9,0,0,0,0
Johnny Stanton,46441,QB,NEBRASKA,2,90.0,0,238,62.6,,60.0,0,0,0,0.0,0.0,,0,0,0,9,0,0,0,10,0,1,0,0,9,0
Draven Taylor,23420,G,NEW MEXICO,2,100.0,0,241,61.4,75.2,59.9,0,0,4,100.0,100.0,100.0,0,0,0,9,0,9,0,9,4,4,0,0,5,0
Charlie Scott,16880,FB,OLE MISS,2,75.0,0,226,58.1,67.8,59.9,0,0,1,25.0,25.0,100.0,0,0,0,9,0,0,0,12,1,4,0,0,8,1
Tyler Wilson,21782,TE,TULSA,3,47.4,0,320,46.2,,64.9,0,0,0,0.0,0.0,,0,0,0,9,0,0,0,19,0,10,0,0,9,19
Matt Rea,13212,FB,MICH STATE,3,100.0,0,223,53.9,,52.7,0,0,0,,,,0,0,0,9,0,0,0,9,0,0,0,0,9,0
Ja'Won Arrington,20562,HB,UAB,4,25.7,1,321,57.8,78.7,57.4,0,0,5,29.4,27.8,100.0,1,0,0,9,0,0,0,35,5,18,0,0,4,0
Kanler Coker,23881,QB,N CAROLINA,1,100.0,0,245,60.1,,60.0,0,0,0,,,,0,0,0,9,0,0,0,9,0,0,0,0,9,0
Tyler O'Henly,46879,G,BUFFALO,2,100.0,0,126,52.5,19.2,55.8,0,2,4,100.0,100.0,75.0,0,2,0,9,0,0,3,9,4,4,6,0,5,0
Connor Mitch,38318,QB,S CAROLINA,2,50.0,0,289,44.2,,60.1,0,0,0,0.0,0.0,,1,0,0,9,0,0,0,18,0,7,0,0,9,0
Colton Caldwell,14292,TE,BUFFALO,3,69.2,0,126,38.7,,53.4,0,0,0,0.0,0.0,,1,0,0,9,0,0,0,13,0,4,0,0,9,13
Eldin Anu,28808,WR,KENT STATE,5,52.9,0,201,53.1,,58.9,0,0,0,0.0,0.0,,0,0,0,9,0,0,0,17,0,6,0,0,9,0
Brad Kragthorpe,37904,QB,LSU,1,81.8,0,211,63.4,,60.0,0,0,0,0.0,0.0,,0,0,0,9,0,0,0,11,0,1,0,0,9,0
Ricky Seale,10306,HB,STANFORD,11,22.0,0,300,54.3,73.7,59.9,0,0,2,18.2,18.2,100.0,0,0,0,9,0,0,0,41,2,11,0,0,7,0
Roman Fernandez,28506,G,FAU,1,100.0,0,165,63.7,,63.2,0,0,0,,,,0,0,0,9,0,9,0,9,0,0,0,0,9,0
Eli Ankou,48856,DI,UCLA,3,81.8,0,324,56.9,,59.4,0,0,0,0.0,0.0,,0,0,0,9,0,0,0,11,0,2,0,0,9,11
Harrison Handley,47244,TE,UTAH,3,100.0,0,328,63.5,,63.8,0,0,0,,,,0,0,0,9,0,0,0,9,0,0,0,0,9,5
Drew Barksdale,38060,WR,BOSTON COL,2,45.0,0,121,44.7,,56.3,0,0,0,0.0,0.0,,0,0,0,9,0,0,0,20,0,11,0,0,9,0
Bryant Novick,27294,G,UAB,3,100.0,0,321,67.8,66.7,67.2,0,0,1,100.0,100.0,100.0,0,0,0,9,0,3,0,9,1,1,1,5,8,0
Arthur Crouse,22716,T,FAU,1,100.0,0,165,73.3,,72.2,0,0,0,,,,0,0,0,9,0,0,0,9,0,0,0,9,9,0
Tomas Rivera,38340,G,COLO STATE,3,100.0,0,144,59.9,74.9,58.6,0,0,3,100.0,100.0,100.0,0,0,0,9,0,5,0,9,3,3,4,0,6,0
Harrison Sorge,29450,G,N TEXAS,2,100.0,0,251,64.5,67.4,63.7,0,0,1,100.0,100.0,100.0,0,0,0,9,0,1,8,9,1,1,0,0,8,0
Limihai Hifo,26836,HB,S JOSE ST,2,18.8,0,285,51.9,79.1,60.0,0,0,6,28.6,28.6,100.0,0,0,0,9,0,0,0,48,6,21,0,0,3,0
Scott Hester,31930,HB,AIR FORCE,3,69.2,0,101,74.2,67.5,64.8,0,0,1,100.0,100.0,100.0,0,0,0,9,0,0,0,13,1,1,0,0,8,0
Taylor Hoke,14083,C,BALL ST,3,100.0,0,117,67.6,72.9,66.3,0,0,2,100.0,100.0,100.0,0,0,0,9,9,0,0,9,2,2,0,0,7,0
Jeff Savage,21342,G,LA MONROE,1,100.0,0,209,52.4,68.4,52.2,0,0,1,100.0,100.0,100.0,0,0,0,9,0,5,0,9,1,1,4,0,8,0
Austin Hinder,14193,QB,CAL,1,52.9,0,130,63.4,,60.0,0,0,0,0.0,0.0,,1,0,0,9,0,0,0,17,0,5,0,0,9,0
Tyshon Dye,46002,HB,CLEMSON,4,15.5,0,140,63.1,80.0,60.0,0,0,6,26.1,26.1,100.0,0,0,0,9,0,0,0,58,6,23,0,0,3,0
Isaako Savaiinaea,39193,ED,UCLA,2,66.7,0,324,69.0,65.9,66.6,0,0,1,25.0,25.0,100.0,0,0,0,8,0,0,0,12,1,4,0,0,7,9
Jerhen Ertel,16695,T,BOISE ST,2,100.0,0,120,58.9,,58.5,0,0,0,,,,0,0,0,8,0,0,0,8,0,0,0,8,8,0
Jim Cashman,39305,G,BOSTON COL,2,100.0,0,121,66.4,75.5,64.1,0,0,3,100.0,100.0,100.0,0,0,0,8,0,0,0,8,3,3,4,4,5,0
Parker Boehme,39372,QB,DUKE,3,61.5,0,154,60.8,,60.0,0,0,0,0.0,0.0,,0,0,0,8,0,0,0,13,0,3,0,0,8,0
Shakiem Barbel,47854,WR,KANSAS,1,100.0,0,198,60.0,,59.6,0,0,0,,,,0,0,0,8,0,0,0,8,0,0,0,0,8,0
Ian Anderson,17662,T,BALL ST,1,100.0,0,117,63.9,,63.3,0,0,0,,,,0,0,0,8,0,0,2,8,0,0,0,6,8,0
Blake Nowland,39510,G,COLO STATE,3,100.0,0,144,65.9,74.4,65.0,0,0,2,100.0,100.0,100.0,0,0,0,8,0,0,0,8,2,2,8,0,6,0
James Toland IV,45910,HB,USC,4,19.0,0,326,69.6,,58.8,0,0,0,0.0,0.0,,0,0,0,8,0,0,0,42,0,5,0,0,8,0
Johnathan McClure,13933,G,ARKANSAS,1,100.0,0,111,57.3,70.3,56.6,0,0,2,100.0,100.0,100.0,0,0,0,8,0,8,0,8,2,2,0,0,6,0
Brad North,29604,C,NWESTERN,1,100.0,0,256,61.1,,60.8,0,0,0,,,,0,0,0,8,8,0,0,8,0,0,0,0,8,0
Aaron Duckworth,45803,HB,IDAHO,10,17.8,0,185,46.1,12.9,,1,2,8,36.4,36.4,81.2,0,3,0,8,0,0,0,45,8,22,0,0,0,0
Justin Lawler,50592,DI,SMU,5,72.7,0,287,74.1,,53.6,0,0,0,0.0,0.0,,0,0,0,8,0,0,0,11,0,3,0,0,8,4
Josh Clemons,21750,HB,KENTUCKY,5,26.7,0,202,63.5,70.7,65.5,0,0,2,14.3,13.3,100.0,0,0,0,8,0,0,0,30,2,15,0,0,6,0
Derek McLemore,27177,WR,HOUSTON,3,88.9,0,182,60.9,,60.4,0,0,0,0.0,0.0,,0,0,0,8,0,0,0,9,0,1,0,0,8,0
Jack Moffett,17854,FB,CAL,1,100.0,0,130,55.9,,55.1,0,0,0,,,,0,0,0,8,0,0,0,8,0,0,0,0,8,0
Elgin Long,19700,WR,UMASS,7,40.0,0,216,68.0,,60.1,0,0,0,0.0,0.0,,0,0,0,8,0,0,0,20,0,4,0,0,8,0
Marc Mustoe,17215,T,COLORADO,1,100.0,0,143,54.9,36.3,58.3,0,1,4,100.0,100.0,87.5,0,1,0,8,0,0,0,8,4,4,0,8,4,0
Daniel Siller,19666,WR,UTEP,2,100.0,0,330,58.1,,55.3,0,0,0,,,,0,0,0,8,0,0,0,8,0,0,0,0,8,0
Miles Thompson,31929,WR,KENTUCKY,2,66.7,0,202,56.4,,60.6,0,0,0,0.0,0.0,,0,0,0,8,0,0,0,12,0,4,0,0,8,0
Solomon Vault,47647,HB,NWESTERN,6,11.4,0,256,69.9,79.3,59.3,0,0,5,11.4,12.5,100.0,0,0,0,8,0,0,0,70,6,48,0,0,2,0
Alan Gonzalez,27549,G,FRESNO ST,1,100.0,0,169,56.5,,56.4,0,0,0,,,,0,0,0,8,0,0,0,8,0,0,8,0,8,0
Donovan Frazer,14131,G,CAL,1,100.0,0,130,65.1,,64.6,0,0,0,,,,0,0,0,8,0,0,0,8,0,0,8,0,8,0
Michael MacCrory,23732,G,TCU,3,100.0,0,305,58.3,67.3,57.8,0,0,1,100.0,100.0,100.0,0,0,0,8,0,8,0,8,1,1,0,0,7,0
Eddie Printz,29155,QB,MISSOURI,2,88.9,0,229,62.5,,60.0,0,0,0,0.0,0.0,,0,0,0,8,0,0,0,9,0,1,0,0,8,0
Geoffrey Norwood,12629,WR,UTAH,2,72.7,0,328,56.9,,58.5,0,0,0,0.0,0.0,,0,0,0,8,0,0,0,11,0,3,0,0,8,0
Samuel Benjamin,20774,CB,TEMPLE,1,80.0,0,306,57.3,,60.8,0,0,0,0.0,0.0,,0,0,0,8,0,0,0,10,0,2,0,0,8,0
Stedman Mayberry,45672,HB,TEXAS ST,1,36.4,0,314,45.6,24.9,59.7,0,2,4,66.7,66.7,75.0,0,2,0,8,0,0,0,22,4,6,0,0,4,0
Charles Argenzio,21343,FB,WAKE,5,100.0,0,339,51.7,68.1,46.6,0,0,1,100.0,100.0,100.0,1,0,0,8,0,0,0,8,1,1,0,0,7,3
Kenneth Thompson,29869,T,RICE,3,100.0,0,275,54.7,,54.6,0,0,0,,,,0,0,0,8,0,3,0,8,0,0,0,0,8,5
Tristan Walker,29122,WR,MIDDLE TN,1,88.9,0,224,58.4,,59.6,0,0,0,0.0,0.0,,0,0,0,8,0,0,0,9,0,1,0,0,8,0
Jester Weah,48162,WR,PITTSBURGH,7,40.0,0,268,53.0,,58.4,0,0,0,0.0,0.0,,0,0,0,8,0,0,0,20,0,12,0,0,8,0
Juan Martinez,13655,FB,IDAHO,2,100.0,0,185,52.0,,50.6,0,0,0,,,,0,0,0,8,0,0,0,8,0,0,0,0,8,0
Ryan Johnson,19389,T,UMASS,1,100.0,0,216,48.6,,48.5,0,0,0,,,,0,0,0,8,0,0,8,8,0,0,0,0,8,0
Rollins Stallworth,17491,WR,STANFORD,3,57.1,1,300,67.3,,58.4,0,0,0,0.0,0.0,,1,0,0,8,0,0,0,14,0,6,0,0,8,0
Greg Daniels,15385,TE,TEXAS,4,80.0,0,311,57.6,,60.7,0,0,0,0.0,0.0,,1,0,0,8,0,0,0,10,0,2,0,0,8,9
B.J. Hammond,29088,TE,MISS STATE,3,88.9,0,227,65.3,,66.7,0,0,0,0.0,0.0,,0,0,0,8,0,0,0,9,0,1,0,0,8,8
Eric Hawkins,22336,WR,ARKANSAS,3,100.0,0,111,60.4,,60.3,0,0,0,,,,0,0,0,8,0,0,0,8,0,0,0,0,8,0
David Patterson,46970,T,FRESNO ST,1,100.0,0,169,58.6,,58.2,0,0,0,,,,0,0,0,8,0,0,0,8,0,0,0,8,8,0
Keoni Taylor,26853,G,S JOSE ST,2,100.0,0,285,59.2,76.6,57.8,0,0,5,100.0,100.0,100.0,0,0,0,8,0,8,0,8,5,5,0,0,3,0
Damon Graham,18376,WR,INDIANA,5,34.8,0,190,49.7,,42.6,0,0,0,0.0,0.0,,0,0,0,8,0,0,0,23,0,15,0,0,8,0
Michael Conway,26369,WR,MINNESOTA,1,72.7,0,225,56.6,,60.9,0,0,0,0.0,0.0,,0,0,0,8,0,0,0,11,0,3,0,0,8,0
Brandon Cox,46480,QB,UTAH,1,57.1,0,328,74.4,,60.0,0,0,0,0.0,0.0,,0,0,0,8,0,0,0,14,0,3,0,0,8,0
Dalton Sturm,46488,QB,UTSA,1,61.5,0,331,78.0,,60.0,0,0,0,0.0,0.0,,0,0,0,8,0,0,0,13,0,4,0,0,8,0
Clayton Adams,23322,WR,N TEXAS,1,88.9,0,251,58.7,,60.1,0,0,0,0.0,0.0,,0,0,0,8,0,0,0,9,0,1,0,0,8,0
Drew Kummer,18541,QB,MIAMI OH,2,38.1,0,221,51.0,,60.0,0,0,0,0.0,0.0,,0,0,0,8,0,0,0,21,0,11,0,0,8,0
Chris Lewis,20337,WR,S ALABAMA,3,100.0,0,288,69.3,,78.8,0,0,0,,,,0,0,0,8,0,0,0,8,0,0,0,0,8,0
Greg Windham,46533,QB,OHIO,4,25.8,0,259,30.1,,60.0,0,0,0,0.0,0.0,,0,0,0,8,0,0,0,31,0,14,0,0,8,0
Kenny Bassett,14989,HB,OREGON,10,15.1,0,264,76.7,77.7,60.0,0,0,6,30.0,30.0,100.0,0,0,0,8,0,0,0,53,6,20,0,0,2,0
Carlton Heard,16439,WR,S CAROLINA,2,38.9,0,289,54.3,,59.7,0,0,0,0.0,0.0,,0,0,0,7,0,0,0,18,0,11,0,0,7,0
Devonte Lewis,20956,WR,GA SOUTHRN,1,100.0,0,174,59.7,,59.0,0,0,0,,,,0,0,0,7,0,0,0,7,0,0,0,0,7,0
Joel Suggs,21467,G,WAKE,2,100.0,0,339,57.5,71.3,56.6,0,0,1,100.0,100.0,100.0,0,0,0,7,0,4,3,7,1,1,0,0,6,0
Hunter Goodwin,16397,G,WAKE,2,100.0,0,339,48.0,71.3,58.7,0,0,1,100.0,100.0,100.0,1,0,0,7,0,0,0,7,1,1,7,0,6,0
Chris Smythe,19880,T,ARMY,1,100.0,0,114,67.5,1.5,74.5,0,1,2,100.0,100.0,75.0,0,1,0,7,0,0,2,7,2,2,0,5,5,0
Steven Manfro,19566,HB,UCLA,1,58.3,0,324,40.3,72.9,59.0,0,0,1,25.0,25.0,100.0,0,0,0,7,0,0,0,12,1,4,0,0,6,0
Patrick Carroll,21884,T,UNLV,1,100.0,0,325,46.2,5.8,51.2,0,1,4,100.0,100.0,87.5,0,1,0,7,0,0,7,7,4,4,0,0,3,0
Andrew Flory,16579,WR,C MICHIGAN,1,70.0,0,134,57.3,,59.6,0,0,0,0.0,0.0,,0,0,0,7,0,0,0,10,0,3,0,0,7,0
Anthony Garland,12596,HB,C MICHIGAN,6,28.0,0,134,50.9,74.8,59.3,0,0,2,14.3,14.3,100.0,0,0,0,7,0,0,0,25,2,14,0,0,5,0
John Dombrowski,24602,T,S ALABAMA,1,100.0,0,288,51.3,,50.2,0,0,0,,,,0,0,0,7,0,0,7,7,0,0,0,0,7,0
Clay Johnson,22265,WR,GEORGIA,2,87.5,0,173,58.5,,60.6,0,0,0,0.0,0.0,,0,0,0,7,0,0,0,8,0,1,0,0,7,0
Carson Wooten,19384,FB,N CAROLINA,4,87.5,0,245,63.8,,66.3,0,0,0,0.0,0.0,,0,0,0,7,0,0,0,8,0,1,0,0,7,3
Bair Diamond,22266,TE,FLORIDA,1,100.0,0,163,57.0,,56.2,0,0,0,,,,0,0,0,7,0,0,0,7,0,0,0,0,7,5
Joseph Calcagni,16964,QB,TULSA,4,23.3,0,320,42.1,,60.0,0,0,0,0.0,0.0,,0,0,0,7,0,0,0,30,0,20,0,0,7,0
Christian Payne,27678,HB,GEORGIA,1,100.0,0,173,54.3,,51.9,0,0,0,,,,0,0,0,7,0,0,0,7,0,0,0,0,7,1
Blace Brown,44857,WR,TROY,3,53.8,0,318,58.5,,75.7,0,0,0,0.0,0.0,,0,0,0,7,0,0,0,13,0,6,0,0,7,0
Cameron Gardner,41074,T,WAKE,2,100.0,0,339,54.0,70.9,52.3,0,0,1,100.0,100.0,100.0,0,0,0,7,0,0,0,7,1,1,0,7,6,0
Dennis Pritchard,14451,HB,GA SOUTHRN,3,38.9,0,174,83.4,,59.4,0,0,0,,0.0,,0,0,0,7,0,0,0,18,0,1,0,0,7,0
William Woods,22780,WR,KENT STATE,2,58.3,1,201,58.2,,59.6,0,0,0,0.0,0.0,,1,0,0,7,0,0,0,12,0,5,0,0,7,0
Nate Boudreau,22940,QB,INDIANA,2,70.0,0,190,55.9,,60.0,0,0,0,0.0,0.0,,0,0,0,7,0,0,0,10,0,2,0,0,7,0
Mario Edwards Jr.,9468,ED,FLORIDA ST,3,100.0,0,167,70.0,,71.6,0,0,0,,,,1,0,0,7,0,0,0,7,0,0,0,0,7,0
Griffin Uhl,22949,FB,LOUISVILLE,2,77.8,0,210,70.3,,74.3,0,0,0,0.0,0.0,,0,0,0,7,0,0,0,9,0,2,0,0,7,0
Conner Manning,39390,QB,UTAH,1,50.0,0,328,28.4,,60.0,0,0,0,0.0,0.0,,0,0,0,7,0,0,0,14,0,7,0,0,7,0
Shane Mertz,18692,T,NWESTERN,1,100.0,0,256,59.0,60.2,58.4,0,0,4,100.0,100.0,100.0,0,0,0,7,0,0,7,7,4,4,0,0,3,0
Quinn Bailey,46669,G,ARIZONA ST,1,100.0,0,110,65.6,67.3,65.0,0,0,1,100.0,100.0,100.0,0,0,0,7,0,7,0,7,1,1,0,0,6,0
Christian Bailey,48321,WR,NEBRASKA,2,77.8,0,238,74.8,,60.8,0,0,0,0.0,0.0,,0,0,0,7,0,0,0,9,0,2,0,0,7,0
Maurice Shelton,46719,G,MARYLAND,1,100.0,0,215,56.2,72.8,55.3,0,0,2,100.0,100.0,100.0,0,0,0,7,0,3,0,7,2,2,4,0,5,0
Jordan Simmons,46744,G,USC,1,100.0,0,326,61.0,78.2,59.4,0,0,5,100.0,100.0,100.0,0,0,0,7,0,7,0,7,5,5,0,0,2,0
Nick Vigil,10721,LB,UTAH ST,5,13.0,0,329,76.6,76.7,62.8,0,0,4,44.4,40.0,100.0,1,0,0,7,0,0,0,54,4,10,0,0,3,0
Austin Gearing,48527,WR,MIAMI OH,1,43.8,0,221,53.9,,60.7,0,0,0,0.0,0.0,,0,0,0,7,0,0,0,16,0,9,0,0,7,0
Ioane Sagapolu,13548,DI,FRESNO ST,2,100.0,0,169,59.2,,58.4,0,0,0,,,,0,0,0,7,0,0,0,7,0,0,0,0,7,0
Marcus Mason,39103,HB,WASH STATE,5,28.0,0,341,58.5,76.9,60.6,0,0,3,18.8,18.8,100.0,0,0,0,7,0,0,0,25,3,16,0,0,4,0
Gerald Holmes,38976,HB,MICH STATE,2,26.9,0,223,69.2,76.5,59.0,0,0,3,42.9,42.9,100.0,0,0,0,7,0,0,0,26,3,7,0,0,4,0
Ryan Williams,10343,QB,MIAMI FL,1,77.8,0,220,71.6,,60.0,0,0,0,0.0,0.0,,0,0,0,7,0,0,0,9,0,1,0,0,7,0
Kenton Playko,23330,T,NWESTERN,1,100.0,0,256,62.1,,61.9,0,0,0,,,,0,0,0,7,0,0,7,7,0,0,0,0,7,0
Steve Hashemi,27254,TE,UCONN,2,77.8,0,146,71.1,,73.4,0,0,0,0.0,0.0,,0,0,0,7,0,0,0,9,0,2,0,0,7,9
Taylor Burch,14531,QB,LA TECH,4,38.9,0,208,55.2,,60.0,0,0,0,0.0,0.0,,0,0,0,7,0,0,0,18,0,6,0,0,7,0
Logan Gaskey,23443,G,OHIO STATE,2,100.0,0,260,66.0,,65.6,0,0,0,,,,0,0,0,7,0,7,0,7,0,0,0,0,7,0
Aaron Minor,27602,WR,USC,3,100.0,0,326,60.0,,59.6,0,0,0,,,,0,0,0,7,0,0,0,7,0,0,0,0,7,0
Christian Allen,47026,FB,AKRON,3,100.0,0,102,72.7,70.7,78.0,0,0,2,100.0,100.0,100.0,0,0,0,7,0,0,0,7,2,2,0,0,5,0
Avery Johnson,38525,WR,LSU,1,100.0,0,211,60.5,,60.6,0,0,0,,,,0,0,0,7,0,0,0,7,0,0,0,0,7,0
Sean Burke,18027,FB,BOSTON COL,1,100.0,0,121,61.9,,62.1,0,0,0,,,,0,0,0,7,0,0,0,7,0,0,0,0,7,0
Fred Nixon,23784,QB,TEXAS ST,1,87.5,0,314,70.4,,60.0,0,0,0,,,,0,0,0,7,0,0,0,8,0,0,0,0,7,0
Chad Childs,23797,G,TCU,2,100.0,0,305,66.3,67.3,66.0,0,0,1,100.0,100.0,100.0,0,0,0,7,0,0,0,7,1,1,5,2,6,0
Jerrard Randall,17137,QB,ARIZONA,4,28.0,0,109,51.6,,60.0,0,0,0,0.0,0.0,,0,0,0,7,0,0,0,25,0,6,0,0,7,0
DeKeathan Williams,28118,HB,ARK STATE,6,19.4,0,113,53.8,,60.1,0,0,0,0.0,0.0,,0,0,0,7,0,0,0,36,0,18,0,0,7,0
Michael McNeely,13778,WR,FLORIDA,2,58.3,0,163,82.3,,75.4,0,0,0,0.0,0.0,,0,0,0,7,0,0,0,12,0,5,0,0,7,0
Jordan Murphy,17216,FB,COLORADO,5,100.0,0,143,63.2,,63.8,0,0,0,,,,0,0,0,7,0,0,0,7,0,0,0,0,7,1
Conner Crane,17260,WR,STANFORD,4,53.8,0,300,55.3,,58.6,0,0,0,0.0,0.0,,0,0,0,7,0,0,0,13,0,6,0,0,7,0
Brady Jones,47536,WR,UTSA,3,58.3,0,331,57.3,,60.1,0,0,0,0.0,0.0,,0,0,0,7,0,0,0,12,0,5,0,0,7,0
Luke Lewallen,28503,TE,GA SOUTHRN,1,100.0,0,174,60.4,,60.4,0,0,0,,,,0,0,0,7,0,0,0,7,0,0,0,0,7,0
Jacen Murphy,47407,WR,E CAROLINA,2,77.8,0,156,57.3,,60.0,0,0,0,0.0,0.0,,0,0,0,7,0,0,0,9,0,2,0,0,7,0
Tyler Nemec,21327,WR,GA STATE,2,100.0,0,175,60.4,,60.5,0,0,0,,,,0,0,0,7,0,0,0,7,0,0,0,0,7,0
Dan Monteroso,23644,WR,PURDUE,2,17.6,0,273,38.6,,58.8,0,0,0,0.0,0.0,,1,0,0,6,0,0,0,34,0,28,0,0,6,0
Nate German,48095,QB,RICE,3,85.7,0,275,55.6,,60.0,0,0,0,,,,0,0,0,6,0,0,0,7,0,0,0,0,6,0
Jack Fields,16696,HB,BOISE ST,9,22.2,0,120,51.3,16.1,60.0,0,0,2,16.7,23.1,100.0,1,0,0,6,0,0,0,27,3,13,0,0,3,0
Maurice Shoemaker-Gilmore,21335,HB,C MICHIGAN,2,42.9,0,134,31.9,78.2,,0,0,6,60.0,60.0,100.0,0,0,0,6,0,0,0,14,6,10,0,0,0,0
T.J. Millweard,24446,QB,KANSAS,2,75.0,0,198,55.4,,60.0,0,0,0,0.0,0.0,,0,0,0,6,0,0,0,8,0,2,0,0,6,0
Trey Kilgore,27270,WR,MICH STATE,1,75.0,0,223,57.6,,59.3,0,0,0,0.0,0.0,,0,0,0,6,0,0,0,8,0,2,0,0,6,0
Kason Hostrup,18369,G,KANSAS ST,2,100.0,0,199,62.2,,61.9,0,0,0,,,,0,0,0,6,0,0,0,6,0,0,6,0,6,0
Justin Brent,29526,WR,NOTRE DAME,1,100.0,0,258,60.4,,60.5,0,0,0,,,,0,0,0,6,0,0,0,6,0,0,0,0,6,0
Josh Silvas,19734,G,UTEP,2,100.0,0,330,66.4,,66.0,0,0,0,,,,0,0,0,6,0,0,0,6,0,0,6,0,6,0
Dominic Cruciani,19738,FB,TEXAS,4,75.0,0,311,56.9,,56.2,0,0,0,0.0,0.0,,0,0,0,6,0,0,0,8,0,2,0,0,6,0
Tre Hale,15277,FB,UCLA,3,100.0,0,324,60.0,,60.0,0,0,0,,,,0,0,0,6,0,0,0,6,0,0,0,0,6,6
Tre Griffin,50624,TE,GA SOUTHRN,1,100.0,0,174,70.5,,72.5,0,0,0,,,,0,0,0,6,0,0,0,6,0,0,0,0,6,0
Ahmaad Harris,47720,WR,UCLA,5,31.6,0,324,69.2,,59.1,0,0,0,0.0,0.0,,0,0,0,6,0,0,0,19,0,13,0,0,6,0
Anthony Neyer,13805,QB,USC,1,75.0,0,326,67.8,,60.0,0,0,0,,,,0,0,0,6,0,0,0,8,0,0,0,0,6,0
Earnest Carrington,16568,QB,LA MONROE,1,100.0,0,209,60.0,,60.0,0,0,0,,,,0,0,0,6,0,0,0,6,0,0,0,0,6,0
Hakeem Lawrence,39781,HB,AKRON,3,17.6,0,102,49.0,78.8,,0,0,6,27.3,26.1,100.0,0,0,0,6,0,0,0,34,6,23,0,0,0,0
Perry Orth,46435,QB,S CAROLINA,1,66.7,0,289,31.4,,60.0,0,0,0,0.0,0.0,,0,0,0,6,0,0,0,9,0,3,0,0,6,0
Chad Cook,24023,WR,SO MISS,1,30.0,0,296,53.8,,58.8,0,0,0,0.0,0.0,,0,0,0,6,0,0,0,20,0,14,0,0,6,0
Tucker Hancock,13847,FB,AIR FORCE,3,100.0,0,101,59.4,,58.6,0,0,0,,,,0,0,0,6,0,0,0,6,0,0,0,0,6,0
Devonte Mathis,47732,WR,W VIRGINIA,3,50.0,0,343,44.2,,60.5,0,0,0,0.0,0.0,,0,0,0,6,0,0,0,12,0,6,0,0,6,0
Jack Rhoades,15139,WR,TEXAS ST,1,60.0,0,314,70.0,,59.8,0,0,0,0.0,0.0,,0,0,0,6,0,0,0,10,0,4,0,0,6,0
Tae'Shawn Gibbs,39501,WR,LOUISVILLE,1,85.7,0,210,57.7,,58.7,0,0,0,0.0,0.0,,0,0,0,6,0,0,0,7,0,1,0,0,6,0
Dare Ogunbowale,12329,HB,WISCONSIN,6,15.0,0,349,74.6,22.5,60.0,0,1,1,100.0,100.0,50.0,0,1,0,6,0,0,0,40,1,1,0,0,5,0
Scotty Thurman,25344,WR,ARKANSAS,1,60.0,0,111,66.8,,90.3,0,0,0,0.0,0.0,,0,0,0,6,0,0,0,10,0,4,0,0,6,0
Corey Clements,37878,G,PURDUE,1,100.0,0,273,58.6,,58.4,0,0,0,,,,0,0,0,6,0,0,0,6,0,0,6,0,6,0
Ayele Forde,14910,HB,OREGON,6,60.0,0,264,64.7,,60.5,0,0,0,0.0,0.0,,0,0,0,6,0,0,0,10,0,1,0,0,6,0
Josh Taylor,23467,QB,NC STATE,2,54.5,0,248,63.6,,60.0,0,0,0,,,,0,0,0,6,0,0,0,11,0,0,0,0,6,0
Phil Taylor,19351,WR,TCU,3,75.0,0,305,59.3,,60.0,0,0,0,0.0,0.0,,0,0,0,6,0,0,0,8,0,2,0,0,6,0
Jack Costello,19361,G,TEXAS ST,1,100.0,0,314,63.3,,62.9,0,0,0,,,,0,0,0,6,0,5,0,6,0,0,1,0,6,0
Allen Champagne,38762,FB,N CAROLINA,2,85.7,0,245,55.9,0.0,66.7,0,1,1,50.0,50.0,50.0,0,1,0,6,0,0,0,7,1,2,0,0,5,0
Chad Banschbach,31664,HB,CINCINNATI,2,25.0,0,138,73.8,68.5,59.0,0,0,1,50.0,50.0,100.0,0,0,0,6,0,0,0,24,1,2,0,0,5,0
Collin Sexton,22987,WR,KANSAS ST,2,85.7,0,199,59.1,,59.8,0,0,0,0.0,0.0,,0,0,0,6,0,0,0,7,0,1,0,0,6,0
Martese Jackson,14269,HB,FAU,4,13.0,0,165,63.6,73.5,68.4,0,0,2,7.1,7.1,100.0,0,0,0,6,0,0,0,46,2,28,0,0,4,6
Zach Heiman,28811,TE,KANSAS ST,2,100.0,0,199,54.3,,54.4,0,0,0,,,,0,0,0,6,0,0,0,6,0,0,0,0,6,6
Parker Adamson,30339,QB,SO MISS,1,85.7,0,296,57.3,,60.0,0,0,0,0.0,0.0,,0,0,0,6,0,0,0,7,0,1,0,0,6,0
Ty Templin,24148,WR,TEXAS,3,50.0,0,311,46.0,,59.0,0,0,0,0.0,0.0,,0,0,0,6,0,0,0,12,0,6,0,0,6,0
Zach Challingsworth,39702,WR,PITTSBURGH,3,85.7,0,268,66.6,,78.9,0,0,0,0.0,0.0,,0,0,0,6,0,0,0,7,0,1,0,0,6,0
Derrick Woods,23517,WR,OKLAHOMA,2,54.5,0,261,55.6,,60.3,0,0,0,0.0,0.0,,1,0,0,6,0,0,0,11,0,5,0,0,6,0
Christian Guzman,22276,WR,USC,3,100.0,0,326,60.5,,60.6,0,0,0,,,,0,0,0,6,0,0,0,6,0,0,0,0,6,0
Garrett Corbett,13439,T,S DIEGO ST,3,100.0,0,284,60.7,,60.6,0,0,0,,,,0,0,0,6,0,0,4,6,0,0,0,2,6,0
Clavion Nelson,39275,T,USF,1,100.0,0,327,57.5,66.7,56.4,0,0,1,100.0,100.0,100.0,0,0,0,6,0,0,0,6,1,1,0,6,5,0
Jordan Smith,37841,C,S DIEGO ST,3,100.0,0,284,60.0,66.9,59.7,0,0,1,100.0,100.0,100.0,0,0,0,6,4,0,0,6,1,1,2,0,5,0
Darian Miles,18195,G,E MICHIGAN,1,100.0,0,160,51.8,17.2,58.0,0,1,4,100.0,100.0,87.5,0,1,0,6,0,6,0,6,4,4,0,0,2,0
Kurtis Stirneman,38988,T,WYOMING,1,100.0,0,351,52.3,,50.9,0,0,0,,,,1,0,0,6,0,0,6,6,0,0,0,0,6,0
Hayden Daniels,38515,WR,HOUSTON,2,85.7,0,182,58.2,,60.5,0,0,0,0.0,0.0,,0,0,0,6,0,0,0,7,0,1,0,0,6,0
Patrick Worstell,22577,S,CAL,1,100.0,0,130,60.0,,59.6,0,0,0,,,,0,0,0,6,0,0,0,6,0,0,0,0,6,0
Kyle Sappington,22029,TE,UAB,2,85.7,0,321,55.9,,56.6,0,0,0,0.0,0.0,,0,0,0,6,0,0,0,7,0,1,0,0,6,7
Akrum Wadley,28564,HB,IOWA,5,10.9,0,192,56.7,0.0,60.0,1,0,4,21.1,21.1,87.5,0,1,0,6,0,0,0,55,4,19,0,0,2,0
Guy Billups,19063,QB,RICE,2,85.7,0,275,60.9,,60.0,0,0,0,,,,0,0,0,6,0,0,0,7,0,0,0,0,6,0
Reed Darragh,46792,T,UTSA,2,100.0,0,331,69.4,75.4,69.6,0,0,1,100.0,100.0,100.0,0,0,0,6,0,0,6,6,1,1,0,0,5,0
Jake Thomas,29031,G,MISS STATE,2,100.0,0,227,55.1,68.0,54.7,0,0,1,100.0,100.0,100.0,0,0,0,6,0,3,0,6,1,1,3,0,5,0
Bryce Spring,23390,G,NEVADA,3,100.0,0,239,60.2,,60.1,0,0,0,,,,0,0,0,6,3,0,0,6,0,0,3,0,6,0
Tyler Clark,12985,WR,COLO STATE,3,60.0,0,144,47.4,,60.2,0,0,0,0.0,0.0,,1,0,0,6,0,0,0,10,0,4,0,0,6,0
Jarred Haggins,10033,WR,FLORIDA ST,6,42.9,0,167,69.6,,78.3,0,0,0,0.0,0.0,,0,0,0,6,0,0,0,14,0,8,0,0,6,0
Dillon van der Wal,12640,TE,VANDERBILT,7,27.3,0,333,73.9,65.4,81.4,0,0,1,6.7,5.9,100.0,0,0,0,6,0,0,0,22,1,17,0,0,5,11
Clay Rhodes,29217,T,MISSOURI,2,100.0,0,229,58.6,,58.2,0,0,0,,,,0,0,0,6,0,0,0,6,0,0,0,6,6,0
Wade Edwards,21544,WR,AKRON,2,46.2,0,102,66.0,,59.9,0,0,0,0.0,0.0,,0,0,0,6,0,0,0,13,0,7,0,0,6,0
Kyle McKinney,26995,G,UTSA,2,100.0,0,331,67.8,73.4,66.6,0,0,1,100.0,100.0,100.0,0,0,0,6,0,6,0,6,1,1,0,0,5,0
Altee Tenpenny,22516,HB,ALABAMA,4,15.4,0,103,63.2,46.6,,0,2,6,46.2,46.2,83.3,0,2,0,6,0,0,0,39,6,13,0,0,0,0
Joey Mahalic,38364,QB,CAL,1,100.0,0,130,60.0,,60.0,0,0,0,,,,0,0,0,5,0,0,0,5,0,0,0,0,5,0
Ryan Santoro,47766,WR,VIRGINIA,2,100.0,0,335,57.0,,53.6,0,0,0,,,,0,0,0,5,0,0,0,5,0,0,0,0,5,0
Jake McGee,11010,TE,FLORIDA,1,55.6,0,163,54.1,64.5,58.8,0,0,1,25.0,20.0,100.0,0,0,0,5,0,0,0,9,1,5,0,0,4,5
Kwayde Miller,12205,T,S DIEGO ST,2,100.0,0,284,60.5,,60.5,0,0,0,,,,0,0,0,5,0,0,2,5,0,0,0,3,5,0
Luke Del Rio,46403,QB,OREGON ST,3,20.0,0,265,65.7,,60.0,0,0,0,0.0,0.0,,0,0,0,5,0,0,0,25,0,20,0,0,5,0
Nacarius Fant,48276,WR,W KENTUCKY,4,33.3,0,346,55.5,,59.6,0,0,0,0.0,0.0,,0,0,0,5,0,0,0,15,0,10,0,0,5,0
Stanton Truitt,47644,WR,AUBURN,2,50.0,0,115,76.0,,85.8,0,0,0,0.0,0.0,,0,0,0,5,0,0,0,10,0,5,0,0,5,0
Mitchell Paige,12337,WR,INDIANA,3,100.0,0,190,60.0,,59.6,0,0,0,,,,0,0,0,5,0,0,0,5,0,0,0,0,5,0
Sam Tomlitz,12935,TE,S JOSE ST,1,100.0,0,285,66.7,,66.0,0,0,0,,,,0,0,0,5,0,0,0,5,0,0,0,0,5,5
Xavier Hawkins,47628,WR,OREGON ST,4,20.0,0,265,49.9,,59.7,0,0,0,0.0,0.0,,0,0,0,5,0,0,0,25,0,17,0,0,5,0
Bobby Brown,31549,HB,CINCINNATI,2,29.4,0,138,74.4,73.9,60.0,0,0,2,66.7,66.7,100.0,0,0,0,5,0,0,0,17,2,3,0,0,3,0
Ziad Damanhoury,29458,T,NEVADA,2,100.0,0,239,60.0,,59.7,0,0,0,,,,0,0,0,5,0,0,0,5,0,0,0,5,5,0
Myles Bunte,28160,T,CAL,1,100.0,0,130,64.0,,64.1,0,0,0,,,,0,0,0,5,0,0,0,5,0,0,0,5,5,0
Jon'Vea Johnson,48082,WR,TOLEDO,2,50.0,0,316,57.4,,59.1,0,0,0,0.0,0.0,,0,0,0,5,0,0,0,10,0,5,0,0,5,0
Jack Gammon,47581,WR,MARSHALL,1,100.0,0,214,60.1,,59.9,0,0,0,,,,0,0,0,5,0,0,0,5,0,0,0,0,5,0
Jordan Nelson,23215,HB,NEBRASKA,4,26.3,0,238,64.1,74.5,67.8,0,0,2,66.7,66.7,100.0,0,0,0,5,0,0,0,19,2,3,0,0,3,0
Macan Wilson,48250,WR,NWESTERN,2,100.0,0,256,60.1,,59.9,0,0,0,,,,0,0,0,5,0,0,0,5,0,0,0,0,5,0
Lee Bristow,17879,TE,BAYLOR,1,100.0,0,118,66.3,68.7,67.5,0,0,1,100.0,100.0,100.0,0,0,0,5,0,0,0,5,1,1,0,0,4,3
Jordan Frysinger,12415,WR,IDAHO,2,31.3,0,185,44.7,,56.8,0,0,0,0.0,0.0,,0,0,0,5,0,0,0,16,0,11,0,0,5,0
Josh Malin,25633,TE,BAYLOR,2,100.0,0,118,68.1,,67.3,0,0,0,,,,0,0,0,5,0,0,0,5,0,0,0,0,5,5
Eddie Plantaric,13618,FB,STANFORD,3,100.0,0,300,58.3,,57.5,0,0,0,,,,0,0,0,5,0,0,0,5,0,0,0,0,5,0
Dean Mosley,21513,WR,TEMPLE,1,83.3,0,306,59.8,,60.4,0,0,0,0.0,0.0,,0,0,0,5,0,0,0,6,0,1,0,0,5,0
Berron Tyson,13387,HB,S ALABAMA,3,31.3,0,288,59.8,,59.8,0,0,0,,,,0,0,0,5,0,0,0,16,0,0,0,0,5,0
Efe Scott-Emuakpor,17672,WR,BALL ST,1,100.0,0,117,59.6,,58.9,0,0,0,,,,0,0,0,5,0,0,0,5,0,0,0,0,5,0
Jake Carlton,13783,TE,USF,2,71.4,0,327,56.6,,57.3,0,0,0,0.0,0.0,,0,0,0,5,0,0,0,7,0,2,0,0,5,4
Jordan Broadnax,19546,HB,UMASS,5,19.2,0,216,51.3,31.8,,0,1,5,38.5,35.7,90.0,0,1,0,5,0,0,0,26,5,14,0,0,0,0
Bri'onte Dunn,23515,HB,OHIO STATE,4,35.7,0,260,68.9,,68.3,0,0,0,,,,0,0,0,5,0,0,0,14,0,0,0,0,5,0
Steve McKenzie,46123,G,S ALABAMA,1,100.0,0,288,59.7,,59.5,0,0,0,,,,0,0,0,5,0,5,0,5,0,0,0,0,5,0
Dre'Vian Young,26537,HB,UTAH,2,50.0,0,328,65.8,72.2,60.0,0,0,2,66.7,66.7,100.0,0,0,0,5,0,0,0,10,2,3,0,0,3,0
Ricky Pringle,15368,HB,TOLEDO,2,33.3,0,316,57.9,72.7,60.0,0,0,1,33.3,25.0,100.0,0,0,0,5,0,0,0,15,1,4,0,0,4,0
Sione Houma,11229,FB,MICHIGAN,3,100.0,0,222,71.7,,75.2,0,0,0,,,,0,0,0,5,0,0,0,5,0,0,0,0,5,0
Sam Hahn,46017,T,NEBRASKA,1,100.0,0,238,59.3,66.9,58.6,0,0,1,100.0,100.0,100.0,0,0,0,5,0,0,5,5,1,1,0,0,4,0
Riley Huff,20869,TE,AIR FORCE,1,100.0,0,101,58.2,,56.8,0,0,0,,,,0,0,0,5,0,0,0,5,0,0,0,0,5,2
Jeremiah Laufasa,39287,HB,UTEP,3,31.3,0,330,78.2,70.5,60.0,0,0,2,50.0,50.0,100.0,0,0,0,5,0,0,0,16,2,4,0,0,3,0
D'Onta Foreman,11844,HB,TEXAS,5,19.2,0,311,51.9,74.7,60.0,0,0,2,28.6,28.6,100.0,0,0,0,5,0,0,0,26,2,7,0,0,3,0
Aaron Boesch,17462,TE,S DIEGO ST,2,100.0,0,284,60.1,,59.8,0,0,0,,,,0,0,0,5,0,0,0,5,0,0,0,0,5,5
Braxton Pfaff,46737,G,VA TECH,1,100.0,0,337,58.6,67.3,58.3,0,0,1,100.0,100.0,100.0,0,0,0,5,0,0,0,5,1,1,5,0,4,0
Ellis McCarthy,9820,DI,UCLA,3,100.0,1,324,68.4,65.6,67.9,0,0,1,100.0,100.0,100.0,2,0,0,5,0,0,0,5,1,1,0,0,4,5
Eric Davidson,17578,HB,APP STATE,3,15.2,0,108,56.6,,60.1,0,0,0,0.0,0.0,,0,0,0,5,0,0,0,33,0,8,0,0,5,0
Calvain Holmes,38966,WR,FAU,1,100.0,0,165,60.0,,59.7,0,0,0,,,,0,0,0,5,0,0,0,5,0,0,0,0,5,0
Adonis Smith,13191,HB,ARIZONA,1,50.0,0,109,58.7,75.9,60.0,0,0,4,66.7,66.7,100.0,0,0,0,5,0,0,0,10,4,6,0,0,1,0
Taz Zettergren,47395,FB,OLE MISS,2,45.5,0,226,57.0,,74.1,0,0,0,0.0,0.0,,0,0,0,5,0,0,0,11,0,6,0,0,5,0
Christian Tober,17758,WR,USC,1,100.0,0,326,60.2,,60.1,0,0,0,,,,0,0,0,5,0,0,0,5,0,0,0,0,5,0
Dakwa Nichols,45982,HB,NC STATE,2,31.3,0,248,66.6,,58.4,0,0,0,,,,0,0,0,5,0,0,0,16,0,0,0,0,5,0
Jake Howe,14475,DI,ILLINOIS,3,100.0,0,187,59.4,73.1,59.5,0,0,2,100.0,100.0,100.0,0,0,0,5,0,0,0,5,3,3,0,0,2,0
Charles Brunson,23952,HB,N CAROLINA,3,22.7,0,245,62.6,73.9,60.1,0,0,1,16.7,16.7,100.0,0,0,0,5,0,0,0,22,1,6,0,0,4,0
Paul Rodriguez,17391,G,S DIEGO ST,2,100.0,0,284,59.5,,59.3,0,0,0,,,,0,0,0,5,0,5,0,5,0,0,0,0,5,0
Jake Franklin,14581,TE,LSU,2,100.0,0,211,69.7,,70.5,0,0,0,,,,0,0,0,5,0,0,0,5,0,0,0,0,5,5
Brandon Harris,28582,WR,IOWA STATE,1,45.5,0,193,57.7,,59.6,0,0,0,0.0,0.0,,0,0,0,5,0,0,0,11,0,6,0,0,5,0
Curtis Mikell,51231,WR,SO MISS,4,16.7,0,296,68.1,,60.2,0,0,0,0.0,0.0,,0,0,0,5,0,0,0,30,0,24,0,0,5,0
John Russo,25877,WR,NEW MEXICO,2,100.0,0,241,59.8,,59.3,0,0,0,,,,0,0,0,5,0,0,0,5,0,0,0,0,5,0
Garrett Kidd,18562,WR,MIAMI FL,3,83.3,0,220,58.3,,60.0,0,0,0,0.0,0.0,,0,0,0,5,0,0,0,6,0,1,0,0,5,0
Jalen Jones,26560,QB,NEW MEX ST,1,83.3,0,242,58.3,,60.0,0,0,0,0.0,0.0,,0,0,0,5,0,0,0,6,0,1,0,0,5,0
Rodarius Houston,22100,WR,UAB,3,45.5,0,321,49.7,,59.5,0,0,0,0.0,0.0,,0,0,0,5,0,0,0,11,0,6,0,0,5,0
Johnathan Vickers,28393,HB,FLORIDA ST,2,83.3,0,167,70.1,,67.2,0,0,0,,,,0,0,0,5,0,0,0,6,0,0,0,0,5,0
Michael Rios,26742,TE,TULSA,2,83.3,0,320,56.7,68.3,57.6,0,0,1,50.0,50.0,100.0,0,0,0,5,0,0,0,6,1,2,0,0,4,6
Elliot Markuson,26642,FB,OLE MISS,1,100.0,0,226,53.8,,52.0,0,0,0,,,,0,0,0,5,0,0,0,5,0,0,0,0,5,0
Ofa Hautau,14917,DI,OKLA STATE,1,100.0,0,262,68.3,,69.2,0,0,0,,,,6,0,0,5,0,0,0,5,0,0,0,0,5,4
Brandon Godfrey,26682,G,TULANE,1,100.0,0,319,61.2,76.3,,0,0,5,100.0,100.0,100.0,0,0,0,5,0,0,0,5,5,5,5,0,0,0
Josh Grady,16418,WR,VANDERBILT,6,26.3,0,333,60.1,,60.2,0,0,0,0.0,0.0,,0,0,0,5,0,0,0,19,0,14,0,0,5,0
Tanner Simpson,24313,WR,WYOMING,2,71.4,0,351,57.3,,60.3,0,0,0,0.0,0.0,,0,0,0,5,0,0,0,7,0,2,0,0,5,0
Brett Pierce,51511,WR,TEMPLE,1,83.3,0,306,59.5,,60.0,0,0,0,0.0,0.0,,0,0,0,5,0,0,0,6,0,1,0,0,5,0
Jackson Wilson,24945,G,AIR FORCE,1,100.0,0,101,57.3,,57.1,0,0,0,,,,0,0,0,5,0,0,0,5,0,0,5,0,5,0
Ralph Smith III,22514,WR,BALL ST,1,100.0,0,117,59.7,,59.2,0,0,0,,,,0,0,0,5,0,0,0,5,0,0,0,0,5,0
Travis Hanes,30175,WR,TCU,2,100.0,0,305,60.3,,60.4,0,0,0,,,,0,0,0,4,0,0,0,4,0,0,0,0,4,0
Byron Simpson,12482,TE,HOUSTON,1,100.0,0,182,59.1,,58.7,0,0,0,,,,0,0,0,4,0,0,0,4,0,0,0,0,4,4
Papi White,45926,HB,OHIO,1,36.4,0,259,52.1,67.3,60.1,0,0,1,50.0,50.0,100.0,0,0,0,4,0,0,0,11,1,2,0,0,3,2
Dawson Bassett,39175,TE,OKLA STATE,2,80.0,0,262,40.2,64.0,56.5,0,0,1,50.0,50.0,100.0,0,0,0,4,0,0,0,5,1,2,0,0,3,5
Cody Hodgens,42059,WR,FIU,2,36.4,0,166,57.2,,60.1,0,0,0,0.0,0.0,,0,0,0,4,0,0,0,11,0,7,0,0,4,0
Collin Michael,22534,QB,BUFFALO,1,80.0,0,126,52.1,,60.0,0,0,0,0.0,0.0,,0,0,0,4,0,0,0,5,0,1,0,0,4,0
D.J. St. Julien,14537,WR,LA TECH,2,80.0,0,208,58.7,,60.4,0,0,0,0.0,0.0,,0,0,0,4,0,0,0,5,0,1,0,0,4,0
Ian Moser,30130,WR,TCU,3,66.7,0,305,57.3,,60.4,0,0,0,0.0,0.0,,0,0,0,4,0,0,0,6,0,2,0,0,4,0
Bradley Nugent,19059,C,SO MISS,2,100.0,0,296,52.4,,48.7,0,0,0,,,,0,0,0,4,3,1,0,4,0,0,0,0,4,0
Myles Jack,10670,LB,UCLA,10,9.8,2,324,82.8,,59.4,0,0,0,0.0,0.0,,7,0,0,4,0,0,0,41,0,8,0,0,4,0
Pat Maloney,25010,G,BALL ST,1,100.0,0,117,57.0,,56.9,0,0,0,,,,0,0,0,4,0,2,0,4,0,0,2,0,4,0
Tony Pitman,31800,HB,MARSHALL,4,36.4,0,214,64.2,68.5,60.0,0,0,1,100.0,100.0,100.0,0,0,0,4,0,0,0,11,1,1,0,0,3,0
Michael Roberson,37846,T,UTSA,2,100.0,0,331,60.4,76.6,60.0,0,0,2,100.0,100.0,100.0,0,0,0,4,0,0,0,4,2,2,0,4,2,0
Malik Mitchell,39066,WR,N ILLINOIS,1,66.7,0,254,57.2,,60.2,0,0,0,0.0,0.0,,0,0,0,4,0,0,0,6,0,2,0,0,4,0
Rob Standard,18388,FB,IOWA STATE,2,57.1,0,193,59.2,70.0,59.0,0,0,1,25.0,25.0,100.0,0,0,0,4,0,0,0,7,1,4,0,0,3,0
Trevor Roop,47708,WR,BOWL GREEN,1,80.0,0,122,77.2,,55.4,0,0,0,0.0,0.0,,0,0,0,4,0,0,0,5,0,1,0,0,4,0
EJ Junior,24693,FB,CINCINNATI,1,36.4,0,138,49.7,76.8,60.0,0,0,3,33.3,33.3,100.0,0,0,0,4,0,0,0,11,3,9,0,0,1,0
Paul Gaughan,14157,T,BOSTON COL,1,100.0,0,121,58.1,,57.4,0,0,0,,,,0,0,0,4,0,0,0,4,0,0,0,4,4,0
Aaron Jenkins,46868,G,NEW MEXICO,1,100.0,0,241,59.6,69.8,59.1,0,0,1,100.0,100.0,100.0,0,0,0,4,0,4,0,4,1,1,0,0,3,0
Kendall Hill,49302,WR,OREGON ST,3,36.4,0,265,54.2,,60.2,0,0,0,0.0,0.0,,0,0,0,4,0,0,0,11,0,7,0,0,4,0
DeAndre Woods,26609,WR,VANDERBILT,3,66.7,0,333,54.6,,54.4,0,0,0,0.0,0.0,,0,0,0,4,0,0,0,6,0,2,0,0,4,0
Jacob Henry,46888,T,NEVADA,2,100.0,0,239,65.8,,68.9,0,0,0,,,,0,0,0,4,0,0,3,4,0,0,0,1,4,0
Calvin White,17550,T,IDAHO,2,100.0,0,185,59.3,66.8,58.0,0,0,1,100.0,100.0,100.0,0,0,0,4,0,0,0,4,1,1,0,0,3,2
Chris Zook,30989,TE,ARMY,1,100.0,0,114,59.5,,58.6,0,0,0,,,,0,0,0,4,0,0,0,4,0,0,0,0,4,2
Chad Loitz,38870,G,TEXAS A&M,1,100.0,0,312,80.6,,80.5,0,0,0,,,,0,0,0,4,0,0,0,4,0,0,4,0,4,0
Colby Hegwood,19268,G,OKLA STATE,2,100.0,0,262,60.3,,60.2,0,0,0,,,,0,0,0,4,0,0,0,4,0,0,4,0,4,0
Trey Parker,26156,G,TEXAS A&M,1,100.0,0,312,66.4,,66.3,0,0,0,,,,0,0,0,4,0,4,0,4,0,0,0,0,4,0
Myles Graham,28737,HB,INDIANA,4,21.1,0,190,72.2,68.5,59.9,0,0,0,0.0,33.3,,0,0,0,4,0,0,0,19,1,3,0,0,3,0
John Montelus,45239,G,NOTRE DAME,1,100.0,0,258,58.3,,58.1,0,0,0,,,,0,0,0,4,0,0,0,4,0,0,4,0,4,0
Wendell Taiese,18243,T,IOWA STATE,3,100.0,0,193,65.3,72.6,65.8,0,0,1,100.0,100.0,100.0,0,0,0,4,0,0,3,4,1,1,0,1,3,0
Chris Geiss,27345,WR,PENN STATE,1,100.0,0,266,60.0,,59.6,0,0,0,,,,0,0,0,4,0,0,0,4,0,0,0,0,4,0
James Castleman,15088,DI,OKLA STATE,1,66.7,0,262,94.6,,57.6,0,0,0,0.0,0.0,,1,0,0,4,0,0,0,6,0,1,0,0,4,2
Alex Backenstoe,25115,HB,AIR FORCE,1,100.0,0,101,58.3,,57.4,0,0,0,,,,0,0,0,4,0,0,0,4,0,0,0,0,4,0
Brendan Vechery,46023,ST,UCONN,1,100.0,0,146,58.1,,57.9,0,0,0,,,,0,0,0,4,0,0,0,4,0,0,4,0,4,0
Willy Ivery,29525,HB,N TEXAS,2,28.6,0,251,42.9,73.6,60.0,0,0,2,40.0,40.0,100.0,0,0,0,4,0,0,0,14,2,5,0,0,2,0
Colton Lively,29970,FB,PITTSBURGH,1,100.0,0,268,64.5,,66.1,0,0,0,,,,0,0,0,4,0,0,0,4,0,0,0,0,4,0
Kyle Plum,26977,WR,COLO STATE,3,100.0,0,144,60.2,,60.1,0,0,0,,,,0,0,0,4,0,0,0,4,0,0,0,0,4,0
Gregg Garrity,22048,WR,PENN STATE,1,100.0,0,266,59.1,,57.9,0,0,0,,,,0,0,0,4,0,0,0,4,0,0,0,0,4,0
Robert Davis,31994,HB,MEMPHIS,3,26.7,0,218,77.8,,60.0,0,0,0,,,,0,0,0,4,0,0,0,15,0,0,0,0,4,0
Ben Wysocki,19481,G,UCLA,2,100.0,0,324,58.1,72.6,57.7,0,0,1,100.0,100.0,100.0,0,0,0,4,0,1,0,4,1,1,3,0,3,0
Donald Rocker,27353,G,W KENTUCKY,1,100.0,0,346,58.2,,58.1,0,0,0,,,,0,0,0,4,0,4,0,4,0,0,0,0,4,0
Zach Allen,38296,QB,TCU,3,40.0,0,305,69.5,,60.0,0,0,0,0.0,0.0,,0,0,0,4,0,0,0,10,0,2,0,0,4,0
Seth Ryan,34901,WR,CLEMSON,2,80.0,0,140,58.6,,60.2,0,0,0,0.0,0.0,,0,0,0,4,0,0,0,5,0,1,0,0,4,0
Jared Blum,50269,,NEBRASKA,1,80.0,0,238,67.1,,72.5,0,0,0,0.0,0.0,,0,0,0,4,0,0,0,5,0,1,0,0,4,3
Anthony Hayes,13687,DI,STANFORD,1,100.0,0,300,58.8,71.3,58.4,0,0,1,100.0,100.0,100.0,0,0,0,4,0,4,0,4,1,1,0,0,3,0
Quantavius Leslie,14668,WR,LSU,3,57.1,0,211,57.5,,60.4,0,0,0,0.0,0.0,,0,0,0,4,0,0,0,7,0,3,0,0,4,0
Malcom Brown,9465,DI,TEXAS,2,100.0,1,311,60.0,,60.0,0,0,0,,,,1,0,0,4,0,0,0,4,0,0,0,0,4,0
Luke Vadas,27281,WR,PENN STATE,1,100.0,0,266,60.0,,59.7,0,0,0,,,,0,0,0,4,0,0,0,4,0,0,0,0,4,0
Ben Hemer,30738,G,WISCONSIN,1,100.0,0,349,59.6,,59.5,0,0,0,,,,0,0,0,4,0,0,0,4,0,0,4,0,4,0
Darian Green,23851,HB,BALL ST,5,13.3,0,117,85.2,68.1,60.1,0,0,1,7.1,6.7,100.0,0,0,0,4,0,0,0,30,1,15,0,0,3,0
Troy Jones,17174,QB,W KENTUCKY,3,25.0,0,346,43.5,,60.0,0,0,0,0.0,0.0,,0,0,0,4,0,0,0,16,0,4,0,0,4,0
Tim Longmire,27215,HB,TROY,5,10.8,0,318,65.9,67.9,59.9,0,0,1,5.3,5.3,100.0,0,0,0,4,0,0,0,37,1,19,0,0,3,0
Robert Ruiz,37949,WR,COLO STATE,3,100.0,0,144,60.1,,60.0,0,0,0,,,,0,0,0,4,0,0,0,4,0,0,0,0,4,0
Jacob Brinlee,16488,WR,N ILLINOIS,1,57.1,0,254,63.2,,80.2,0,0,0,0.0,0.0,,0,0,0,4,0,0,0,7,0,3,0,0,4,0
Cameron Stevens,17855,WR,CAL,1,100.0,0,130,60.2,,60.3,0,0,0,,,,0,0,0,4,0,0,0,4,0,0,0,0,4,0
Jordan Green,21757,TE,ARIZONA ST,3,100.0,0,110,54.7,,54.7,0,0,0,,,,0,0,0,4,0,0,0,4,0,0,0,0,4,4
Conner McQueen,21308,QB,TEXAS A&M,1,100.0,0,312,60.0,,60.0,0,0,0,,,,0,0,0,4,0,0,0,4,0,0,0,0,4,0
Kyle Middlebrooks,12909,HB,ARIZONA ST,2,33.3,0,110,56.6,70.9,60.0,0,0,2,66.7,66.7,100.0,0,0,0,4,0,0,0,12,2,3,0,0,2,0
Mitchell Loewen,11232,ED,ARKANSAS,2,100.0,0,111,65.4,,66.2,0,0,0,,,,1,0,0,4,0,0,0,4,0,0,0,0,4,3
Matt Brown,21718,TE,OLE MISS,2,100.0,0,226,78.6,,90.3,0,0,0,,,,0,0,0,4,0,0,0,4,0,0,0,0,4,0
Arinze Uzo-Okereke,17795,T,AIR FORCE,1,100.0,0,101,58.9,,58.2,0,0,0,,,,0,0,0,4,0,0,2,4,0,0,0,2,4,0
Cameron Faulkner,17354,FB,GEORGIA,1,100.0,0,173,65.0,,67.1,0,0,0,,,,0,0,0,4,0,0,0,4,0,0,0,0,4,0
Charles Bertoli,21709,HB,BOISE ST,5,26.7,0,120,54.4,76.2,57.8,0,0,2,50.0,50.0,100.0,0,0,0,4,0,0,0,15,2,4,0,0,2,0
Chris Lopez,27086,G,UNLV,1,100.0,0,325,56.4,0.0,60.0,0,1,3,100.0,100.0,83.3,0,1,0,4,0,0,0,4,3,3,4,0,1,0
Tommy Vento,17012,QB,MICH STATE,1,100.0,0,223,60.0,,60.0,0,0,0,,,,0,0,0,4,0,0,0,4,0,0,0,0,4,0
Danny Nunez,22870,G,FIU,1,100.0,0,166,58.5,,58.3,0,0,0,,,,0,0,0,4,0,0,0,4,0,0,4,0,4,0
Spencer Stone,26282,TE,WAKE,2,100.0,0,339,57.7,,56.7,0,0,0,,,,0,0,0,4,0,0,0,4,0,0,0,0,4,4
Garrett Altman,30314,C,TCU,2,100.0,0,305,60.3,,60.4,0,0,0,,,,0,0,0,4,2,0,0,4,0,0,2,0,4,0
DeJuawn Oliver,47406,WR,LA TECH,3,33.3,0,208,66.9,,60.4,0,0,0,0.0,0.0,,0,0,0,4,0,0,0,12,0,8,0,0,4,0
Robert Welsh,13349,ED,SYRACUSE,2,80.0,1,304,59.8,21.6,70.4,0,0,1,50.0,50.0,100.0,3,0,0,4,0,0,0,5,1,2,0,0,3,5
Micah Robinson,13350,ED,SYRACUSE,2,80.0,0,304,65.8,67.7,67.6,0,0,1,50.0,50.0,100.0,3,0,0,4,0,0,0,5,1,2,0,0,3,0
Ricky Connors,12575,FB,N ILLINOIS,2,100.0,0,254,71.4,,75.6,0,0,0,,,,0,0,0,4,0,0,0,4,0,0,0,0,4,0
Jordan Finley,17004,T,COLO STATE,1,100.0,0,144,59.6,,59.2,0,0,0,,,,0,0,0,4,0,0,0,4,0,0,0,4,4,0
Jevontey Smith,28993,WR,MIDDLE TN,1,100.0,0,224,60.1,,60.2,0,0,0,,,,0,0,0,4,0,0,0,4,0,0,0,0,4,0
Marquette Washington,26494,HB,NEW MEX ST,3,16.0,0,242,42.4,72.7,59.7,0,0,0,0.0,9.1,,0,0,0,4,0,0,0,25,1,11,0,0,3,0
Deshawn Baker,13368,WR,PENN STATE,2,80.0,0,266,57.9,,57.5,0,0,0,0.0,0.0,,0,0,0,4,0,0,0,5,0,1,0,0,4,1
Nick Proby,18622,C,MISS STATE,1,100.0,0,227,59.8,67.7,59.4,0,0,1,100.0,100.0,100.0,0,0,0,4,4,0,0,4,1,1,0,0,3,0
John Franklin III,25576,QB,FLORIDA ST,2,80.0,0,167,58.9,,60.3,0,0,0,0.0,0.0,,0,0,0,4,0,0,0,5,0,1,0,0,4,0
Cameron Polk,28891,WR,LOUISVILLE,1,57.1,0,210,57.3,,60.3,0,0,0,0.0,0.0,,0,0,0,4,0,0,0,7,0,3,0,0,4,0
Russell Bellomy,18591,QB,MICHIGAN,1,66.7,0,222,59.5,,60.0,0,0,0,0.0,0.0,,0,0,0,4,0,0,0,6,0,2,0,0,4,0
Kylen Towner,47460,WR,W KENTUCKY,6,21.4,0,346,43.3,,39.3,0,0,0,0.0,0.0,,0,0,0,3,0,0,0,14,0,4,0,0,3,0
Jermaine Adams,31002,WR,ARMY,1,100.0,0,114,60.1,,60.2,0,0,0,,,,0,0,0,3,0,0,0,3,0,0,0,0,3,0
Wesley Christensen,37756,WR,COLORADO,2,100.0,0,143,60.0,,60.0,0,0,0,,,,0,0,0,3,0,0,0,3,0,0,0,0,3,0
Brandan Thomas,37764,HB,GA SOUTHRN,2,30.0,0,174,88.6,,59.7,0,0,0,,,,0,0,0,3,0,0,0,10,0,0,0,0,3,0
Emmanuel Ellerbee,50893,LB,RICE,2,100.0,0,275,59.6,,56.6,0,0,0,,,,0,0,0,3,0,0,0,3,0,0,0,0,3,0
Blake Fromang,37961,TE,VANDERBILT,2,100.0,0,333,57.7,,57.1,0,0,0,,,,0,0,0,3,0,0,0,3,0,0,0,0,3,3
Kyle Chung,30756,G,VA TECH,1,100.0,0,337,59.9,,59.8,0,0,0,,,,0,0,0,3,0,3,0,3,0,0,0,0,3,0
Drae Bowles,23795,WR,TENNESSEE,2,100.0,0,307,60.1,,60.1,0,0,0,,,,0,0,0,3,0,0,0,3,0,0,0,0,3,0
Shawn Brickley,23696,WR,SO MISS,1,100.0,0,296,60.1,,60.1,0,0,0,,,,0,0,0,3,0,0,0,3,0,0,0,0,3,0
Javous Nicks,23692,WR,MISS STATE,1,100.0,0,227,60.1,,60.2,0,0,0,,,,0,0,0,3,0,0,0,3,0,0,0,0,3,0
Anthony Rippole,23682,FB,PITTSBURGH,1,100.0,0,268,58.6,,57.6,0,0,0,,,,0,0,0,3,0,0,0,3,0,0,0,0,3,0
Cole Webb,38359,QB,CAL,1,100.0,0,130,60.0,,60.0,0,0,0,,,,0,0,0,3,0,0,0,3,0,0,0,0,3,0
Austin Bennett,23584,WR,OKLAHOMA,2,27.3,0,261,63.4,,60.2,0,0,0,0.0,0.0,,0,0,0,3,0,0,0,11,0,8,0,0,3,0
Pereese Joas,38591,HB,HAWAII,6,25.0,0,180,72.2,,59.4,0,0,0,0.0,0.0,,0,0,0,3,0,0,0,12,0,2,0,0,3,0
Dontonio Jordan,38630,WR,STANFORD,2,60.0,0,300,74.3,,57.6,0,0,0,0.0,0.0,,0,0,0,3,0,0,0,5,0,2,0,0,3,0
Weston Steelhammer,51230,S,AIR FORCE,1,100.0,0,101,60.0,,60.0,0,0,0,,,,1,0,0,3,0,0,0,3,0,0,0,0,3,0
Kameron Richardson,23454,WR,NEVADA,2,60.0,0,239,57.5,,60.2,0,0,0,0.0,0.0,,0,0,0,3,0,0,0,5,0,2,0,0,3,0
Conor Rhoda,26179,QB,MINNESOTA,2,50.0,0,225,27.6,,60.0,0,0,0,0.0,0.0,,0,0,0,3,0,0,0,6,0,1,0,0,3,0
Lucky Radley,39301,HB,S DIEGO ST,3,27.3,0,284,66.1,,60.0,0,0,0,0.0,0.0,,0,0,0,3,0,0,0,11,0,2,0,0,3,0
Clayton Landry,23015,T,LA TECH,1,100.0,0,208,64.7,,68.8,0,0,0,,,,0,0,0,3,0,0,0,3,0,0,0,3,3,0
Tyrin Stone-Davis,22843,WR,ILLINOIS,4,18.8,0,187,52.7,,60.1,0,0,0,0.0,0.0,,0,0,0,3,0,0,0,16,0,13,0,0,3,0
Dale Brown,26293,TE,N ILLINOIS,1,100.0,0,254,58.4,,57.8,0,0,0,,,,0,0,0,3,0,0,0,3,0,0,0,0,3,3
Jacob Dunning,22656,T,IOWA STATE,1,100.0,0,193,57.6,0.0,60.0,0,1,2,100.0,100.0,75.0,0,1,0,3,0,0,3,3,2,2,0,0,1,0
Jimbo Davis IV,51322,WR,NEVADA,1,100.0,0,239,60.1,,60.0,0,0,0,,,,0,0,0,3,0,0,0,3,0,0,0,0,3,0
Albert McCoy,22486,T,BUFFALO,1,100.0,0,126,65.2,72.8,67.3,0,0,1,100.0,100.0,100.0,0,0,0,3,0,0,0,3,1,1,0,3,2,0
Jason Bunk,22474,G,BUFFALO,1,100.0,0,126,59.5,72.0,59.4,0,0,1,100.0,100.0,100.0,0,0,0,3,0,0,0,3,1,1,3,0,2,0
Barrett Gouger,45558,C,VANDERBILT,1,100.0,0,333,60.0,74.1,,0,0,3,100.0,100.0,100.0,0,0,0,3,3,0,0,3,3,3,0,0,0,0
Austin Maass,22078,G,S DIEGO ST,1,100.0,0,284,59.5,,59.4,0,0,0,,,,0,0,0,3,0,0,0,3,0,0,3,0,3,0
Jermal Hosley,21888,WR,BOWL GREEN,1,50.0,0,122,57.0,,60.2,0,0,0,0.0,0.0,,0,0,0,3,0,0,0,6,0,3,0,0,3,0
Tony Harper,29823,TE,PITTSBURGH,1,100.0,0,268,57.7,,57.2,0,0,0,,,,0,0,0,3,0,0,0,3,0,0,0,0,3,3
Stephan Daniels,21832,WR,S JOSE ST,1,75.0,0,285,58.3,,60.2,0,0,0,0.0,0.0,,0,0,0,3,0,0,0,4,0,1,0,0,3,0
Denzell Evans,45759,HB,ARKANSAS,2,25.0,0,111,57.4,67.5,60.0,0,0,1,33.3,33.3,100.0,0,0,0,3,0,0,0,12,1,3,0,0,2,0
Brennyn Dunn,21760,TE,BOISE ST,2,100.0,0,120,51.0,,50.1,0,0,0,,,,0,0,0,3,0,0,0,3,0,0,0,0,3,3
Dontel James,45967,HB,FRESNO ST,1,15.8,0,169,60.0,77.3,,0,0,3,23.1,23.1,100.0,0,0,0,3,0,0,0,19,3,13,0,0,0,0
Andrew Bunch,21403,WR,S CAROLINA,2,37.5,0,289,60.0,,79.7,0,0,0,0.0,0.0,,0,0,0,3,0,0,0,8,0,5,0,0,3,0
Tyrell Clay,45987,FB,UTSA,2,50.0,0,331,59.6,70.8,60.0,0,0,1,100.0,100.0,100.0,0,0,0,3,0,0,0,6,1,1,0,0,2,0
Cyrus Chenault,12783,CB,NEW MEX ST,1,75.0,0,242,58.5,,60.1,0,0,0,0.0,0.0,,0,0,0,3,0,0,0,4,0,1,0,0,3,0
Rob Jameson,20947,WR,UNLV,1,75.0,0,325,59.3,,60.2,0,0,0,0.0,0.0,,0,0,0,3,0,0,0,4,0,1,0,0,3,0
Taylor Alie,12829,QB,OREGON,2,100.0,0,264,60.0,,60.0,0,0,0,,,,0,0,0,3,0,0,0,3,0,0,0,0,3,0
DeAndre Bell,19951,WR,ARMY,1,75.0,0,114,59.2,,60.1,0,0,0,0.0,0.0,,0,0,0,3,0,0,0,4,0,1,0,0,3,0
Danté Mayes,29393,QB,NEVADA,1,100.0,0,239,60.0,,60.0,0,0,0,,,,0,0,0,3,0,0,0,3,0,0,0,0,3,0
Dwayne Johnson Jr.,29344,T,NEBRASKA,1,100.0,0,238,62.1,65.5,67.1,0,0,1,100.0,100.0,100.0,0,0,0,3,0,0,0,3,1,1,0,3,2,0
Alvin Jelks,12934,HB,S JOSE ST,2,27.3,0,285,51.5,0.0,,0,0,3,50.0,50.0,100.0,0,0,0,3,0,0,0,11,3,6,0,0,0,0
Nate Crawford,29090,T,MISSOURI,1,100.0,0,229,56.8,0.0,59.9,0,1,1,100.0,100.0,50.0,0,1,0,3,0,0,3,3,1,1,0,0,2,0
Ryan Burns,46394,QB,STANFORD,2,42.9,0,300,40.4,,60.0,0,0,0,0.0,0.0,,0,0,0,3,0,0,0,7,0,3,0,0,3,0
Damon Washington,29078,HB,MIAMI OH,3,33.3,0,221,51.4,72.2,60.0,0,0,2,50.0,50.0,100.0,0,0,0,3,0,0,0,9,2,4,0,0,1,0
Perry Hills,46491,QB,MARYLAND,1,17.6,0,215,53.9,,60.0,0,0,0,0.0,0.0,,1,0,0,3,0,0,0,17,0,11,0,0,3,0
Peyton Barber,10927,HB,AUBURN,5,14.3,0,115,65.2,69.2,59.7,0,0,1,11.1,11.1,100.0,0,0,0,3,0,0,0,21,1,9,0,0,2,0
Tearris Wallace,29007,HB,MEMPHIS,3,16.7,0,218,52.7,,60.0,0,0,0,0.0,0.0,,0,0,0,3,0,0,0,18,0,1,0,0,3,0
Keith Marshall,10876,HB,GEORGIA,3,8.8,0,173,48.2,76.0,,0,0,2,10.0,13.6,100.0,0,0,0,3,0,0,0,34,3,22,0,0,0,0
Taivon Jacobs,28967,WR,MARYLAND,1,42.9,0,215,62.3,,74.8,0,0,0,0.0,0.0,,0,0,0,3,0,0,0,7,0,4,0,0,3,0
Joe Marchese,28964,C,MARYLAND,1,100.0,0,215,60.0,,59.6,0,0,0,,,,0,0,0,3,3,0,0,3,0,0,0,0,3,0
Shane Ros,13346,WR,HOUSTON,2,50.0,0,182,57.6,,59.6,0,0,0,0.0,0.0,,0,0,0,3,0,0,0,6,0,3,0,0,3,0
Bryan Oldenkamp,18739,G,NEW MEXICO,1,100.0,0,241,59.9,66.7,59.8,0,0,1,100.0,100.0,100.0,0,0,0,3,0,3,0,3,1,1,0,0,2,0
Zach Brickell,18734,TE,NEVADA,1,100.0,0,239,52.7,,49.4,0,0,0,,,,0,0,0,3,0,0,0,3,0,0,0,0,3,3
DJ Reader,10800,DI,CLEMSON,2,100.0,0,140,65.7,,69.2,0,0,0,,,,0,0,0,3,0,0,0,3,0,0,0,0,3,1
Kamal Brown,28589,WR,LA TECH,1,100.0,0,208,60.1,,60.2,0,0,0,,,,0,0,0,3,0,0,0,3,0,0,0,0,3,0
Sam McNearney,13671,FB,GA TECH,2,100.0,0,176,60.0,,59.9,0,0,0,,,,0,0,0,3,0,0,0,3,0,0,0,0,3,2
Jack Loonam,13703,TE,GEORGIA,1,100.0,0,173,57.6,,56.4,0,0,0,,,,0,0,0,3,0,0,0,3,0,0,0,0,3,3
Michael Erdman,13705,WR,GEORGIA,2,33.3,0,173,56.2,,59.9,0,0,0,0.0,0.0,,0,0,0,3,0,0,0,9,0,6,0,0,3,0
Drew Earnest,17887,T,BAYLOR,1,100.0,0,118,57.6,,54.7,0,0,0,,,,0,0,0,3,0,0,3,3,0,0,0,0,3,0
Austin Carrow,47258,TE,NEVADA,1,100.0,0,239,59.4,,59.0,0,0,0,,,,0,0,0,3,0,0,0,3,0,0,0,0,3,3
Karson Roberts,17721,QB,AIR FORCE,2,60.0,0,101,50.3,,60.0,0,0,0,,,,0,0,0,3,0,0,0,5,0,0,0,0,3,0
Zach Vigil,9824,LB,UTAH ST,1,100.0,0,329,58.9,68.3,57.1,0,0,0,,100.0,,1,0,0,3,0,0,0,3,1,1,0,0,2,0
Wirth Campbell,17593,TE,AUBURN,1,100.0,0,115,60.0,,59.8,0,0,0,,,,0,0,0,3,0,0,0,3,0,0,0,0,3,0
Matt Serpico,17547,TE,GA TECH,1,100.0,0,176,59.8,,59.4,0,0,0,,,,0,0,0,3,0,0,2,3,0,0,0,0,3,0
Xzavier Ward,17509,T,GEORGIA,1,100.0,0,173,59.8,,59.4,0,0,0,,,,0,0,0,3,0,0,0,3,0,0,0,3,3,0
William Perrott,14205,G,DUKE,2,100.0,0,154,59.4,,59.2,0,0,0,,,,0,0,0,3,0,3,0,3,0,0,0,0,3,0
Clark Clancy,27152,G,BOWL GREEN,1,100.0,0,122,60.4,74.6,60.0,0,0,2,100.0,100.0,100.0,0,0,0,3,0,0,0,3,2,2,3,0,1,0
Rodney Morris,27160,TE,UAB,1,100.0,0,321,58.2,,57.0,0,0,0,,,,0,0,0,3,0,0,0,3,0,0,0,0,3,3
Roger Dixon,17359,WR,FLORIDA,1,100.0,0,163,60.0,,60.0,0,0,0,,,,0,0,0,3,0,0,0,3,0,0,0,0,3,0
Jordan Erbes,14304,G,E MICHIGAN,1,100.0,0,160,58.2,71.9,58.6,0,0,1,100.0,100.0,100.0,0,0,0,3,0,0,0,3,1,1,3,0,2,0
Myles McKee,17254,QB,UAB,2,60.0,0,321,54.7,,60.0,0,0,0,0.0,0.0,,0,0,0,3,0,0,0,5,0,2,0,0,3,0
Seamus Shanley,17222,G,SYRACUSE,1,100.0,0,304,57.8,73.4,57.9,0,0,1,100.0,100.0,100.0,0,0,0,3,0,0,0,3,1,1,3,0,2,0
Ja'Braylin Thomas,27193,G,HOUSTON,1,100.0,0,182,65.5,,65.6,0,0,0,,,,0,0,0,3,0,3,0,3,0,0,0,0,3,0
Blake Dean,17062,FB,UTSA,2,100.0,0,331,60.0,,60.0,0,0,0,,,,0,0,0,3,0,0,0,3,0,0,0,0,3,0
Zach Nicholas,28136,HB,BUFFALO,3,25.0,0,126,69.8,72.0,60.0,0,0,2,33.3,33.3,100.0,0,0,0,3,0,0,0,12,2,6,0,0,1,0
Darion Monroe,16788,S,TULANE,2,100.0,0,319,60.0,,60.0,0,0,0,,,,2,0,0,3,0,0,0,3,0,0,0,0,3,0
Carter Street,14585,TE,LA TECH,1,100.0,0,208,59.4,,59.0,0,0,0,,,,0,0,0,3,0,0,0,3,0,0,0,0,3,3
Cody Bronkar,47976,WR,AIR FORCE,1,100.0,0,101,60.1,,60.0,0,0,0,,,,0,0,0,3,0,0,0,3,0,0,0,0,3,0
P.J. Howard IV,16540,WR,WAKE,2,50.0,0,339,56.5,,60.0,0,0,0,0.0,0.0,,0,0,0,3,0,0,0,6,0,3,0,0,3,0
Matthew Harvey,16507,WR,S CAROLINA,2,42.9,0,289,55.6,,59.5,0,0,0,0.0,0.0,,0,0,0,3,0,0,0,7,0,4,0,0,3,0
Brice Dolezal,16336,HB,TEXAS A&M,2,13.6,0,312,67.2,73.3,,0,0,3,42.9,42.9,100.0,0,0,0,3,0,0,0,22,3,7,0,0,0,0
Ed Fink,16115,HB,KANSAS,4,50.0,0,198,53.8,74.4,60.0,0,0,2,66.7,66.7,100.0,0,0,0,3,0,0,0,6,2,3,0,0,1,0
Devrin Young,15270,HB,TENNESSEE,7,10.0,0,307,70.1,,60.0,0,0,0,0.0,0.0,,0,0,0,3,0,0,0,30,0,17,0,0,3,0
Chris Miele,48196,WR,LOUISVILLE,1,60.0,0,210,75.0,,59.7,0,0,0,0.0,0.0,,0,0,0,3,0,0,0,5,0,2,0,0,3,0
Sam Stratton,15686,QB,WYOMING,1,21.4,0,351,54.3,,60.0,0,0,0,0.0,0.0,,0,0,0,3,0,0,0,14,0,10,0,0,3,0
Eric Lee,14965,WR,NOTRE DAME,1,100.0,0,258,60.0,,59.8,0,0,0,,,,0,0,0,3,0,0,0,3,0,0,0,0,3,0
Josh Cardiello,27645,C,GEORGIA,1,100.0,0,173,60.0,,57.2,0,0,0,,,,0,0,0,3,3,0,0,3,0,0,0,0,3,0
Chris Brathwaite,15595,G,VIRGINIA,1,100.0,0,335,59.2,,59.1,0,0,0,,,,0,0,0,3,0,3,0,3,0,0,0,0,3,0
Jakob Buys,48780,DI,COLO STATE,2,100.0,0,144,57.6,,56.0,0,0,0,,,,0,0,0,3,0,0,0,3,0,0,0,0,3,1
Greg Stroman Jr.,49354,CB,VA TECH,1,37.5,0,337,70.6,,58.2,0,0,0,0.0,0.0,,0,0,0,3,0,0,0,8,0,3,0,0,3,0
Joe Dineen,49816,HB,KANSAS,4,15.8,0,198,63.3,73.2,60.0,0,0,2,50.0,50.0,100.0,0,0,0,3,0,0,0,19,2,4,0,0,1,0
Travis Seefeldt,49972,DI,UTAH ST,1,100.0,1,329,58.7,68.3,57.1,0,0,0,,100.0,,5,0,0,3,0,0,0,3,1,1,0,0,2,0
John Trainor,31017,TE,ARMY,4,75.0,0,114,61.5,,60.0,0,0,0,0.0,0.0,,0,0,0,3,0,0,0,4,0,1,0,0,3,3
Obi Melifonwu,11811,S,UCONN,2,100.0,1,146,60.0,,60.0,0,0,0,,,,6,0,0,2,0,0,0,2,0,0,0,0,2,0
Kyle Stallard,22353,T,GA TECH,1,100.0,0,176,60.0,,59.7,0,0,0,,,,0,0,0,2,0,0,2,2,0,0,0,0,2,0
Tani Tupou,11318,DI,WASHINGTON,2,100.0,0,340,59.4,,58.1,0,0,0,,,,0,0,0,2,0,0,0,2,0,0,0,0,2,0
Corey Acker,29412,WR,NWESTERN,1,100.0,0,256,60.0,,60.0,0,0,0,,,,0,0,0,2,0,0,0,2,0,0,0,0,2,0
Jeremy Kerr,47038,TE,FLORIDA ST,2,100.0,0,167,60.0,67.3,60.0,0,0,1,100.0,100.0,100.0,0,0,0,2,0,0,0,2,1,1,0,0,1,2
Jeremey Whitlow,18217,WR,ILLINOIS,1,100.0,0,187,60.0,,60.0,0,0,0,,,,0,0,0,2,0,0,0,2,0,0,0,0,2,0
Brandon Garrett,14918,T,OKLA STATE,1,100.0,0,262,60.0,,60.0,0,0,0,,,,0,0,0,2,0,0,2,2,0,0,0,0,2,0
Andy McAlindon,18407,TE,LA TECH,1,28.6,0,208,58.2,,60.0,0,0,0,0.0,0.0,,0,0,0,2,0,0,0,7,0,5,0,0,2,0
Darius Skinner,20396,HB,LOUISVILLE,1,18.2,0,210,66.8,72.7,60.0,0,0,1,50.0,50.0,100.0,0,0,0,2,0,0,0,11,1,2,0,0,1,0
Anthony Webb,20732,HB,BAYLOR,1,100.0,0,118,60.0,,59.7,0,0,0,,,,0,0,0,2,0,0,0,2,0,0,0,0,2,0
C.J. Bradshaw,45202,WR,DOMINION,2,28.6,0,263,54.3,,60.0,0,0,0,0.0,0.0,,0,0,0,2,0,0,0,7,0,5,0,0,2,0
Eric Williams,45158,HB,COLO STATE,3,25.0,0,144,46.4,71.8,73.4,0,0,2,33.3,33.3,100.0,0,0,0,2,0,0,0,8,2,6,0,0,0,0
Blake Tiralosi,44774,HB,UCF,1,100.0,0,323,60.0,,60.0,0,0,0,,,,0,0,0,2,0,0,0,2,0,0,0,0,2,0
Malachi Sparling,24911,T,AIR FORCE,1,100.0,0,101,60.0,,60.0,0,0,0,,,,0,0,0,2,0,0,0,2,0,0,0,2,2,0
Justin Wyatt,42314,WR,OHIO,1,66.7,0,259,58.7,,60.0,0,0,0,0.0,0.0,,0,0,0,2,0,0,0,3,0,1,0,0,2,0
Jonathan Curry,34966,TE,PURDUE,1,100.0,0,273,60.0,,57.4,0,0,0,,,,0,0,0,2,0,0,0,2,0,0,0,0,2,2
Tony Rowland,14720,HB,MIDDLE TN,1,18.2,0,224,82.3,,60.0,0,0,0,0.0,0.0,,0,0,0,2,0,0,0,11,0,1,0,0,2,0
Jack Penn,29017,HB,MIAMI OH,1,100.0,0,221,60.0,,60.0,0,0,0,,,,0,0,0,2,0,0,0,2,0,0,0,0,2,0
Deanthonie Summerhill,15125,HB,TENNESSEE,4,11.8,0,307,58.5,,60.0,0,0,0,,,,0,0,0,2,0,0,0,17,0,0,0,0,2,0
DeAndre Lane,39682,WR,MARYLAND,1,33.3,0,215,55.2,,59.9,0,0,0,0.0,0.0,,0,0,0,2,0,0,0,6,0,4,0,0,2,0
Keith Orcutt,27914,G,BAYLOR,1,100.0,0,118,60.0,,60.0,0,0,0,,,,0,0,0,2,0,0,0,2,0,0,2,0,2,0
Blair Cavanaugh,34893,WR,OREGON ST,2,100.0,0,265,60.0,,60.0,0,0,0,,,,0,0,0,2,0,0,0,2,0,0,0,0,2,0
Zach Green,26954,HB,ARIZONA,2,20.0,0,109,58.4,,59.9,0,0,0,0.0,0.0,,0,0,0,2,0,0,0,10,0,1,0,0,2,0
Damon Mitchell,27911,QB,ARKANSAS,5,18.2,0,111,66.8,,67.6,0,0,0,0.0,0.0,,0,0,0,2,0,0,0,11,0,4,0,0,2,0
Reuben Mwehla,39530,WR,IDAHO,1,33.3,0,185,55.3,,60.0,0,0,0,0.0,0.0,,0,0,0,2,0,0,0,6,0,4,0,0,2,0
Trayone Gray,29027,HB,MIAMI FL,3,20.0,0,220,59.8,,60.0,0,0,0,0.0,0.0,,0,0,0,2,0,0,0,10,0,2,0,0,2,0
Cody Townsend,22943,G,LSU,1,100.0,0,211,60.0,,60.0,0,0,0,,,,0,0,0,2,0,2,0,2,0,0,0,0,2,0
Grant Childress,22947,WR,LA TECH,1,28.6,0,208,51.9,,73.3,0,0,0,0.0,0.0,,0,0,0,2,0,0,0,7,0,5,0,0,2,0
Ron Thompson,10922,DI,SYRACUSE,2,40.0,0,304,38.3,,52.1,0,0,0,0.0,0.0,,2,0,0,2,0,0,0,5,0,2,0,0,2,0
Marcus Stamps,39367,HB,S DIEGO ST,5,18.2,0,284,58.4,67.9,60.0,0,0,1,100.0,100.0,100.0,0,0,0,2,0,0,0,11,1,1,0,0,1,0
Jason Thompson,12216,QB,UTAH,1,33.3,0,328,53.8,,60.0,0,0,0,0.0,0.0,,0,0,0,2,0,0,0,6,0,2,0,0,2,0
Andrew Santiago,21389,WR,UTAH,1,100.0,0,328,60.0,,60.0,0,0,0,,,,0,0,0,2,0,0,0,2,0,0,0,0,2,0
Brandon English,39240,HB,BOWL GREEN,1,33.3,0,122,54.0,74.7,,0,0,2,66.7,66.7,100.0,0,0,0,2,0,0,0,6,2,3,0,0,0,0
Cody Grice,16448,DI,AKRON,8,8.7,0,102,73.5,,58.9,0,0,0,0.0,0.0,,5,0,0,2,0,0,0,23,0,1,0,0,2,0
Daniel Dyer,15517,HB,VA TECH,3,50.0,0,337,58.8,,60.0,0,0,0,0.0,0.0,,0,0,0,2,0,0,0,4,0,1,0,0,2,0
Jeff Borchardt,26224,WR,MINNESOTA,2,100.0,0,225,60.0,,60.0,0,0,0,,,,0,0,0,2,0,0,0,2,0,0,0,0,2,0
Kylin Thomas,18258,WR,LA TECH,1,33.3,0,208,56.7,,60.0,0,0,0,0.0,0.0,,0,0,0,2,0,0,0,6,0,4,0,0,2,0
Christian Salem,23262,WR,NWESTERN,1,100.0,0,256,60.0,,60.0,0,0,0,,,,0,0,0,2,0,0,0,2,0,0,0,0,2,0
Tyler Stewart,46474,QB,NEVADA,1,66.7,0,239,57.6,,60.0,0,0,0,,,,0,0,0,2,0,0,0,3,0,0,0,0,2,0
Luca Bruno,48688,DI,ARIZONA,1,100.0,0,109,60.0,,59.6,0,0,0,,,,0,0,0,2,0,0,0,2,0,0,0,0,2,2
David Hood,26498,HB,TEMPLE,2,11.8,0,306,63.3,,59.9,0,0,0,0.0,0.0,,0,0,0,2,0,0,0,17,0,4,0,0,2,0
Grant Kramer,30920,T,ARMY,1,100.0,0,114,60.0,66.9,60.0,0,0,1,100.0,100.0,100.0,0,0,0,2,0,0,2,2,1,1,0,0,1,0
Luke McAvoy,16426,G,MINNESOTA,1,100.0,0,225,60.0,68.4,60.0,0,0,1,100.0,100.0,100.0,0,0,0,2,0,0,0,2,1,1,2,0,1,0
EJ Sardinha,21601,WR,MINNESOTA,2,66.7,0,225,58.6,,60.0,0,0,0,0.0,0.0,,0,0,0,2,0,0,0,3,0,1,0,0,2,0
Brendan Marshall,47161,QB,VIRGINIA,1,100.0,0,335,60.0,,60.0,0,0,0,,,,0,0,0,2,0,0,0,2,0,0,0,0,2,0
Tye Turner,17749,FB,USF,4,11.8,0,327,59.9,,58.5,0,0,0,0.0,0.0,,0,0,0,2,0,0,0,17,0,15,0,0,2,8
Rowdy Simon,45892,HB,TULSA,1,66.7,0,320,60.4,74.1,,0,0,2,100.0,100.0,100.0,0,0,0,2,0,0,0,3,2,2,0,0,0,0
Taylor Edwards,46761,G,TROY,1,100.0,0,318,59.8,,59.7,0,0,0,,,,0,0,0,2,0,0,0,2,0,0,2,0,2,0
Dayton Campos,38772,WR,NC STATE,1,100.0,0,248,60.0,,59.9,0,0,0,,,,0,0,0,2,0,0,0,2,0,0,0,0,2,0
Lane Roseberry,23482,HB,OREGON,4,25.0,0,264,58.9,,60.0,0,0,0,,,,0,0,0,2,0,0,0,8,0,0,0,0,2,0
Grant Canis,23528,C,OKLA STATE,1,100.0,0,262,60.0,,60.0,0,0,0,,,,0,0,0,2,2,0,0,2,0,0,0,0,2,0
Daniel Brooks,23548,HB,OKLAHOMA,2,16.7,0,261,53.7,74.0,,0,0,2,33.3,33.3,100.0,0,0,0,2,0,0,0,12,2,6,0,0,0,0
Jonathon Weymann,18034,QB,E CAROLINA,1,50.0,0,156,75.7,,60.0,0,0,0,0.0,0.0,,0,0,0,2,0,0,0,4,0,2,0,0,2,0
Chris Fox,29062,G,MICHIGAN,2,100.0,0,222,59.8,,59.3,0,0,0,,,,0,0,0,2,0,0,0,2,0,0,1,0,2,0
Lucas Wilson,29584,TE,NC STATE,1,100.0,0,248,59.7,,59.0,0,0,0,,,,0,0,0,2,0,0,0,2,0,0,0,0,2,1
Jeff Camilli,49767,LB,FRESNO ST,1,100.0,0,169,60.0,,55.0,0,0,0,,,,1,0,0,2,0,0,0,2,0,0,0,0,2,0
Connor Brewer,21714,QB,ARIZONA,1,66.7,0,109,67.1,,60.0,0,0,0,,,,0,0,0,2,0,0,0,3,0,0,0,0,2,0
Kyle Karempelis,13769,HB,GEORGIA,1,18.2,0,173,33.9,72.7,60.0,0,0,1,33.3,33.3,100.0,0,0,0,2,0,0,0,11,1,3,0,0,1,0
David Smith,23585,HB,OKLAHOMA,2,13.3,0,261,68.5,71.8,60.0,0,0,1,25.0,25.0,100.0,0,0,0,2,0,0,0,15,1,4,0,0,1,0
Josh Sell,15322,G,TEXAS ST,1,100.0,0,314,59.7,,59.6,0,0,0,,,,0,0,0,2,0,0,0,2,0,0,2,0,2,0
Alex Cheramie,28880,G,LSU,1,100.0,0,211,60.0,,60.0,0,0,0,,,,0,0,0,2,0,0,0,2,0,0,2,0,2,0
John Coy,30648,T,TOLEDO,1,100.0,0,316,60.0,,60.0,0,0,0,,,,0,0,0,2,0,0,0,2,0,0,0,2,2,0
Will Trammell,31875,WR,MISS STATE,1,100.0,0,227,60.0,,60.0,0,0,0,,,,0,0,0,2,0,0,0,2,0,0,0,0,2,0
Luke Brohm,18561,FB,LOUISVILLE,1,100.0,0,210,59.7,,50.7,0,0,0,,,,0,0,0,2,0,0,0,2,0,0,0,0,2,1
Griffin Gilbert,38137,WR,TCU,1,66.7,0,305,80.1,,60.0,0,0,0,0.0,0.0,,0,0,0,2,0,0,0,3,0,1,0,0,2,0
Marshall Ellick,48116,WR,TEMPLE,1,66.7,0,306,59.8,,60.0,0,0,0,0.0,0.0,,0,0,0,2,0,0,0,3,0,1,0,0,2,1
A.J. Erdely,18567,QB,MIDDLE TN,5,20.0,0,224,56.9,,60.0,0,0,0,0.0,0.0,,0,0,0,2,0,0,0,10,0,1,0,0,2,0
Collin Perchinske,19498,C,TOLEDO,1,100.0,0,316,60.0,,60.0,0,0,0,,,,0,0,0,2,2,0,0,2,0,0,0,0,2,0
Jarell Aaron,23964,WR,SO MISS,2,28.6,0,296,55.7,,60.0,0,0,0,0.0,0.0,,0,0,0,2,0,0,0,7,0,5,0,0,2,0
Javin Webb,27262,HB,HOUSTON,3,7.7,0,182,71.2,73.4,60.0,0,0,1,25.0,25.0,100.0,0,0,0,2,0,0,0,26,1,4,0,0,1,0
Sean Jeppesen,12385,LB,GA STATE,1,100.0,0,175,60.0,,60.0,0,0,0,,,,0,0,0,2,0,0,0,2,0,0,0,0,2,0
Zach Crouch,47187,TE,C MICHIGAN,1,100.0,0,134,60.0,,60.0,0,0,0,,,,0,0,0,2,0,0,0,2,0,0,0,0,2,2
Marcus Reaves,21994,HB,UAB,2,18.2,0,321,71.8,72.7,60.0,0,0,1,50.0,50.0,100.0,0,0,0,2,0,0,0,11,1,2,0,0,1,0
Cade Laufer,17095,TE,UTSA,1,100.0,0,331,60.0,,60.0,0,0,0,,,,0,0,0,2,0,0,0,2,0,0,0,0,2,2
Jevonte Domond,46295,T,LSU,1,100.0,0,211,60.0,,60.0,0,0,0,,,,0,0,0,2,0,0,0,2,0,0,0,2,2,0
Kyle McAvoy,16575,G,MINNESOTA,1,100.0,0,225,60.0,68.4,60.0,0,0,1,100.0,100.0,100.0,0,0,0,2,0,2,0,2,1,1,0,0,1,0
Daniel Lewis,51441,S,HAWAII,1,66.7,0,180,59.9,73.5,,0,0,2,100.0,100.0,100.0,0,0,0,2,0,0,0,3,2,2,0,0,0,0
Phillip-Michael Williams,17013,HB,MICH STATE,1,33.3,0,223,52.8,,60.0,0,0,0,,,,0,0,0,2,0,0,0,6,0,0,0,0,2,0
Desi Banks,16121,WR,GA STATE,1,100.0,0,175,60.0,,60.0,0,0,0,,,,0,0,0,2,0,0,0,2,0,0,0,0,2,0
Omar Stover,24462,HB,WYOMING,2,22.2,0,351,55.3,70.0,60.0,0,0,1,25.0,25.0,100.0,0,0,0,2,0,0,0,9,1,4,0,0,1,0
Darren Goodson,14426,TE,KENT STATE,2,100.0,0,201,59.3,,58.3,0,0,0,,,,0,0,0,2,0,0,0,2,0,0,0,0,2,2
Jazz Peavy,48158,WR,WISCONSIN,1,100.0,0,349,60.0,,59.6,0,0,0,,,,0,0,0,2,0,0,0,2,0,0,0,0,2,1
Connor Peters,14277,FB,DUKE,1,100.0,0,154,59.9,,59.1,0,0,0,,,,0,0,0,2,0,0,0,2,0,0,0,0,2,0
Austin Wolfe,27148,WR,MICH STATE,1,100.0,0,223,60.0,,60.0,0,0,0,,,,0,0,0,2,0,0,0,2,0,0,0,0,2,0
Tony Thomas,47456,WR,FAU,1,100.0,0,165,60.0,,60.0,0,0,0,,,,0,0,0,2,0,0,0,2,0,0,0,0,2,0
Isaac Griffith,28476,WR,INDIANA,2,100.0,0,190,60.0,,60.0,0,0,0,,,,0,0,0,2,0,0,0,2,0,0,0,0,2,0
Marshall Wadleigh,47310,FB,TULANE,2,100.0,0,319,60.0,70.1,,0,0,2,100.0,100.0,100.0,0,0,0,2,0,0,0,2,2,2,0,0,0,0
Will Smith,17546,WR,GA TECH,1,100.0,0,176,60.0,,60.0,0,0,0,,,,0,0,0,2,0,0,0,2,0,0,0,0,2,0
Quenton Bundrage,11256,WR,IOWA STATE,1,50.0,0,193,57.0,,60.0,0,0,0,0.0,0.0,,0,0,0,2,0,0,0,4,0,2,0,0,2,0
Eric Cooper,47995,WR,C MICHIGAN,2,40.0,0,134,45.6,,60.0,0,0,0,0.0,0.0,,1,0,0,2,0,0,0,5,0,3,0,0,2,0
Daniel Aust,24636,T,S ALABAMA,1,100.0,0,288,60.0,64.4,60.0,0,0,1,100.0,100.0,100.0,0,0,0,2,0,0,0,2,1,1,0,0,1,2
Rashaad Penny,27414,TE,S DIEGO ST,3,40.0,0,284,63.4,,59.1,0,0,0,0.0,0.0,,0,0,0,2,0,0,0,5,0,1,0,0,2,1
Alfonso Randolph,39314,HB,FIU,1,20.0,0,166,31.1,,60.0,0,0,0,0.0,0.0,,0,0,0,1,0,0,0,5,0,1,0,0,1,0
Ryan Stendler,26271,TE,N ILLINOIS,1,100.0,0,254,60.0,,60.0,0,0,0,,,,0,0,0,1,0,0,0,1,0,0,0,0,1,1
David Hamm,30409,HB,UTEP,4,6.7,0,330,51.5,,60.0,0,0,0,,,,0,0,0,1,0,0,0,15,0,0,0,0,1,0
Mark Herndon,23198,HB,FLORIDA,1,20.0,0,163,68.8,,60.0,0,0,0,0.0,0.0,,0,0,0,1,0,0,0,5,0,1,0,0,1,0
Austin Katsorelos,39048,FB,KANSAS ST,1,100.0,0,199,60.0,,60.0,0,0,0,,,,0,0,0,1,0,0,0,1,0,0,0,0,1,0
Kalei Meyer,48728,TE,NEVADA,1,100.0,0,239,60.0,,60.0,0,0,0,,,,0,0,0,1,0,0,0,1,0,0,0,0,1,1
Mike Panico,23329,HB,NWESTERN,1,20.0,0,256,55.0,,60.0,0,0,0,,,,0,0,0,1,0,0,0,5,0,0,0,0,1,0
Deion Oliver,38944,T,CAL,1,100.0,0,130,60.0,,59.3,0,0,0,,,,0,0,0,1,0,0,0,1,0,0,0,0,1,1
Kani Benoit,38917,HB,OREGON,6,3.8,0,264,64.9,,60.0,0,0,0,0.0,0.0,,0,0,0,1,0,0,0,26,0,2,0,0,1,0
Jordan Williams,25369,FB,TENNESSEE,1,100.0,0,307,60.0,,60.0,0,0,0,,,,0,0,0,1,0,0,0,1,0,0,0,0,1,0
Gabriel McClary,49366,WR,BOSTON COL,9,2.1,0,121,44.3,,60.0,0,0,0,0.0,0.0,,0,0,0,1,0,0,0,47,0,46,0,0,1,0
Devon Wright,12448,WR,MINNESOTA,1,100.0,0,225,60.0,,60.0,0,0,0,,,,0,0,0,1,0,0,0,1,0,0,0,0,1,0
Blake Webb IV,23558,WR,OKLA STATE,1,33.3,0,262,34.4,,60.0,0,0,0,0.0,0.0,,0,0,0,1,0,0,0,3,0,2,0,0,1,0
Andrew Mike,27592,G,FLORIDA,1,100.0,0,163,60.0,67.3,,0,0,1,100.0,100.0,100.0,0,0,0,1,0,0,0,1,1,1,1,0,0,0
Maurice Hurst,38563,DI,MICHIGAN,1,100.0,0,222,60.0,,59.6,0,0,0,,,,1,0,0,1,0,0,0,1,0,0,0,0,1,0
Matthew McFadden,23574,T,OREGON,1,100.0,0,264,60.0,,60.0,0,0,0,,,,0,0,0,1,0,0,1,1,0,0,0,0,1,0
Jamichael Winston Sr.,50623,ED,ARKANSAS,1,100.0,0,111,60.0,,60.0,0,0,0,,,,2,0,0,1,0,0,0,1,0,0,0,0,1,0
Darious Crawley,31011,HB,KANSAS,3,4.0,0,198,66.5,70.0,,0,0,1,8.3,7.7,100.0,0,0,0,1,0,0,0,25,1,13,0,0,0,0
D.J. Spurling,30691,FB,WISCONSIN,2,33.3,0,349,53.3,69.2,,0,0,1,100.0,100.0,100.0,0,0,0,1,0,0,0,3,1,1,0,0,0,0
Lane Holmes,38149,WR,ARMY,1,50.0,0,114,59.0,,60.0,0,0,0,0.0,0.0,,0,0,0,1,0,0,0,2,0,1,0,0,1,0
Collin LaGasse,38130,CB,SMU,1,50.0,0,287,36.2,,60.0,0,0,0,0.0,0.0,,0,0,0,1,0,0,0,2,0,1,0,0,1,0
Alex Skidmore,38056,G,DUKE,1,100.0,0,154,60.0,,60.0,0,0,0,,,,0,0,0,1,0,0,0,1,0,0,1,0,1,0
Austin Hardin,38054,WR,FLORIDA,1,100.0,0,163,60.0,,60.0,0,0,0,,,,0,0,0,1,0,0,0,1,0,0,0,0,1,0
Charles Dawson,24011,WR,UCLA,1,33.3,0,324,58.3,,60.0,0,0,0,0.0,0.0,,0,0,0,1,0,0,0,3,0,2,0,0,1,0
Taelon Parson,24149,WR,WASHINGTON,1,100.0,0,340,60.0,,60.0,0,0,0,,,,0,0,0,1,0,0,0,1,0,0,0,0,1,0
Cameron MacPherson,37863,TE,SYRACUSE,1,100.0,0,304,60.0,62.0,,0,0,1,100.0,100.0,100.0,0,0,0,1,0,0,0,1,1,1,0,0,0,1
Travis Raciti,9749,DI,S JOSE ST,1,100.0,0,285,60.0,,59.3,0,0,0,,,,3,0,0,1,0,0,0,1,0,0,0,0,1,1
Joe Schillace,28225,FB,BUFFALO,1,100.0,0,126,60.0,,60.0,0,0,0,,,,0,0,0,1,0,0,0,1,0,0,0,0,1,0
Andrew Matyk,28266,QB,FAU,1,25.0,0,165,45.9,,60.0,0,0,0,,,,0,0,0,1,0,0,0,4,0,0,0,0,1,0
Eric Adams,14279,HB,DUKE,2,33.3,0,154,55.3,,60.0,0,0,0,,,,0,0,0,1,0,0,0,3,0,0,0,0,1,0
Glynn Molinich,28137,FB,BUFFALO,1,100.0,0,126,60.0,,60.0,0,0,0,,,,0,0,0,1,0,0,0,1,0,0,0,0,1,0
Ja'Deion High,47486,WR,TEXAS TECH,2,33.3,0,315,57.8,,60.0,0,0,0,0.0,0.0,,0,0,0,1,0,0,0,3,0,2,0,0,1,0
Cameron Fogle,47446,WR,KENTUCKY,1,100.0,0,202,60.0,,60.0,0,0,0,,,,0,0,0,1,0,0,0,1,0,0,0,0,1,0
John Thompson,47443,WR,WASH STATE,3,6.3,0,341,59.4,,60.0,0,0,0,0.0,0.0,,0,0,0,1,0,0,0,16,0,15,0,0,1,0
Ty Quick,47373,FB,OLE MISS,1,50.0,0,226,65.9,,60.2,0,0,0,0.0,0.0,,0,0,0,1,0,0,0,2,0,1,0,0,1,0
Charley Meyer,24216,WR,VA TECH,1,100.0,0,337,60.0,,60.0,0,0,0,,,,0,0,0,1,0,0,0,1,0,0,0,0,1,0
Mavin Saunders,47366,TE,FLORIDA ST,1,100.0,0,167,60.0,,60.0,0,0,0,,,,0,0,0,1,0,0,0,1,0,0,0,0,1,1
Nick True,27113,TE,W KENTUCKY,1,100.0,0,346,60.0,,59.2,0,0,0,,,,0,0,0,1,0,0,0,1,0,0,0,0,1,1
Wylie Reinhardt,45254,TE,N TEXAS,1,100.0,0,251,60.0,,59.3,0,0,0,,,,0,0,0,1,0,0,0,1,0,0,0,0,1,1
Ryan Izzo,47327,TE,FLORIDA ST,1,25.0,0,167,60.8,,60.0,0,0,0,0.0,0.0,,0,0,0,1,0,0,0,4,0,3,0,0,1,4
Michael Jocz,47326,TE,MICHIGAN,1,100.0,0,222,60.0,,60.0,0,0,0,,,,0,0,0,1,0,0,0,1,0,0,0,0,1,1
Logan Hallock,13857,QB,APP STATE,2,20.0,0,108,50.6,,60.0,0,0,0,0.0,0.0,,0,0,0,1,0,0,0,5,0,2,0,0,1,0
Mak Djulbegovic,17746,T,USF,1,100.0,0,327,60.0,,59.4,0,0,0,,,,0,0,0,1,0,0,0,1,0,0,0,0,1,1
Hud Mellencamp,17942,WR,DUKE,1,100.0,0,154,60.0,,60.0,0,0,0,,,,0,0,0,1,0,0,0,1,0,0,0,0,1,0
Henri Jussila,27026,HB,UNLV,1,50.0,0,325,60.0,70.8,,0,0,1,50.0,50.0,100.0,0,0,0,1,0,0,0,2,1,2,0,0,0,0
Ryan Parrish,13722,WR,FLORIDA,1,100.0,0,163,60.0,,59.4,0,0,0,,,,0,0,0,1,0,0,0,1,0,0,0,0,1,0
Johndre Bennett,18087,WR,DUKE,1,100.0,0,154,60.0,,60.0,0,0,0,,,,0,0,0,1,0,0,0,1,0,0,0,0,1,0
Dylan Dickman,47061,TE,SMU,1,100.0,0,287,60.0,,60.0,0,0,0,,,,0,0,0,1,0,0,0,1,0,0,0,0,1,0
Jim Nudera,18142,TE,ILLINOIS,1,100.0,0,187,60.0,,60.0,0,0,0,,,,0,0,0,1,0,0,0,1,0,0,0,0,1,1
Chris Featherstone,13659,WR,IDAHO,1,100.0,0,185,60.0,,60.0,0,0,0,,,,0,0,0,1,0,0,0,1,0,0,0,0,1,0
Stephan Crawford,18259,C,LA TECH,1,100.0,0,208,60.0,,60.0,0,0,0,,,,0,0,0,1,1,0,0,1,0,0,0,0,1,0
Tanner Ritchey,28045,WR,BAYLOR,1,100.0,0,118,60.0,,60.0,0,0,0,,,,0,0,0,1,0,0,0,1,0,0,0,0,1,0
Derrick Mitchell Jr.,28650,WR,IOWA,2,50.0,0,192,58.0,,60.0,0,0,0,0.0,0.0,,0,0,0,1,0,0,0,2,0,1,0,0,1,0
Dominique Small,18280,HB,HAWAII,1,25.0,0,180,30.5,67.5,,0,0,1,100.0,100.0,100.0,0,0,0,1,0,0,0,4,1,1,0,0,0,0
Blake Biesen,28703,T,INDIANA,1,100.0,0,190,60.0,,60.0,0,0,0,,,,0,0,0,1,0,0,0,1,0,0,0,1,1,0
Gautam Krishnamurthi,13630,WR,STANFORD,1,100.0,0,300,60.0,,60.0,0,0,0,,,,0,0,0,1,0,0,0,1,0,0,0,0,1,0
Chris Boles,18358,G,ILLINOIS,1,100.0,0,187,60.0,70.6,,0,0,0,,100.0,,0,0,0,1,0,0,0,1,1,1,1,0,0,0
Sydie London,16789,TE,TULANE,1,50.0,0,319,55.4,,59.0,0,0,0,0.0,0.0,,0,0,0,1,0,0,0,2,0,1,0,0,1,2
Patrick Hughes,37849,G,MIDDLE TN,1,100.0,0,224,60.0,66.5,,0,0,0,,100.0,,0,0,0,1,0,1,0,1,1,1,0,0,0,0
Ryan Malone,28809,TE,KENT STATE,1,100.0,0,201,60.0,,60.0,0,0,0,,,,0,0,0,1,0,0,0,1,0,0,0,0,1,1
Alex Goode,13488,HB,CLEMSON,2,8.3,0,140,61.4,68.5,,0,0,1,25.0,25.0,100.0,0,0,0,1,0,0,0,12,1,4,0,0,0,0
Joseph Rogers,18524,FB,MIAMI FL,1,100.0,0,220,60.0,,60.0,0,0,0,,,,0,0,0,1,0,0,0,1,0,0,0,0,1,0
Kent Kern,18538,LB,MIAMI OH,1,100.0,0,221,60.0,,60.0,0,0,0,,,,2,0,0,1,0,0,0,1,0,0,0,0,1,0
Kane Banner,47839,WR,DUKE,1,100.0,0,154,60.0,,60.0,0,0,0,,,,0,0,0,1,0,0,0,1,0,0,0,0,1,0
Devante Meullion,18552,FB,LSU,1,100.0,0,211,60.0,,60.0,0,0,0,,,,0,0,0,1,0,0,0,1,0,0,0,0,1,0
Kyle Bosch,46666,G,MICHIGAN,1,100.0,0,222,60.0,,60.0,0,0,0,,,,0,0,0,1,0,1,0,1,0,0,0,0,1,0
David Georges,18737,TE,NEW MEXICO,1,100.0,0,241,60.0,,60.0,0,0,0,,,,0,0,0,1,0,0,0,1,0,0,0,0,1,1
Cam Ponder,31803,FB,FLORIDA ST,1,100.0,0,167,60.0,,60.0,0,0,0,,,,0,0,0,1,0,0,0,1,0,0,0,0,1,0
Doug Diedrick,18832,FB,NWESTERN,1,100.0,0,256,60.0,,60.0,0,0,0,,,,0,0,0,1,0,0,0,1,0,0,0,0,1,0
Jordan Dobrich,18872,LB,NEVADA,2,50.0,0,239,57.1,,60.0,0,0,0,,0.0,,0,0,0,1,0,0,0,2,0,1,0,0,1,1
Eamon McOsker,18997,WR,NOTRE DAME,1,100.0,0,258,60.0,,60.0,0,0,0,,,,0,0,0,1,0,0,0,1,0,0,0,0,1,0
Shane Mikesky,19019,WR,PURDUE,2,10.0,0,273,54.1,,60.0,0,0,0,0.0,0.0,,0,0,0,1,0,0,0,10,0,9,0,0,1,0
Ross Winship,19060,DI,RICE,1,100.0,0,275,60.0,,59.3,0,0,0,,,,1,0,0,1,0,0,0,1,0,0,0,0,1,1
Randal Agee,19135,C,SO MISS,1,100.0,0,296,60.0,,60.0,0,0,0,,,,0,0,0,1,1,0,0,1,0,0,0,0,1,0
Travon Burke,13209,FB,SYRACUSE,1,100.0,0,304,60.0,,60.0,0,0,0,,,,0,0,0,1,0,0,0,1,0,0,0,0,1,0
Parker Erickson,16612,G,UTAH,1,100.0,0,328,60.0,,60.0,0,0,0,,,,0,0,0,1,0,0,0,1,0,0,1,0,1,0
Malcolm Creer,13207,HB,COLORADO,1,9.1,0,143,61.3,,60.0,0,0,0,0.0,0.0,,0,0,0,1,0,0,0,11,0,6,0,0,1,0
Damion Hobbs,46427,WR,UTAH ST,1,100.0,0,329,60.0,,60.0,0,0,0,,,,0,0,0,1,0,0,0,1,0,0,0,0,1,0
Roosevelt Davis,19409,HB,UCLA,1,25.0,0,324,54.9,,60.0,0,0,0,0.0,0.0,,0,0,0,1,0,0,0,4,0,3,0,0,1,0
Logan Tuley-Tillman,46340,T,MICHIGAN,1,100.0,0,222,60.0,,60.0,0,0,0,,,,0,0,0,1,0,0,1,1,0,0,0,0,1,0
Connor Gonet,19458,FB,N CAROLINA,1,100.0,0,245,60.0,,60.0,0,0,0,,,,0,0,0,1,0,0,0,1,0,0,0,0,1,0
Doug Saeks,13001,T,UNLV,1,100.0,0,325,60.0,70.4,,0,0,1,100.0,100.0,100.0,0,0,0,1,0,0,0,1,1,1,0,1,0,0
Matt Jones,25138,HB,TEXAS ST,1,50.0,0,314,57.1,,60.0,0,0,0,,,,0,0,0,1,0,0,0,2,0,0,0,0,1,0
David Dawson,29185,T,MICHIGAN,1,100.0,0,222,60.0,,60.0,0,0,0,,,,0,0,0,1,0,0,0,1,0,0,0,1,1,0
Vince Buhagiar,12928,LB,S JOSE ST,1,100.0,0,285,60.0,,60.0,0,0,0,,,,1,0,0,1,0,0,0,1,0,0,0,0,1,0
Tywun Walters,12864,HB,LA TECH,1,100.0,0,208,60.0,,60.0,0,0,0,,,,0,0,0,1,0,0,0,1,0,0,0,0,1,1
Joseph Peterson,37843,LB,GA STATE,1,100.0,0,175,60.0,,60.0,0,0,0,,,,0,0,0,1,0,0,0,1,0,0,0,0,1,0
Harrison Jordan,29416,FB,NEBRASKA,1,100.0,0,238,60.0,,60.0,0,0,0,,,,0,0,0,1,0,0,0,1,0,0,0,0,1,0
Cole Banham,12382,HB,MINNESOTA,1,25.0,0,225,57.8,,60.0,0,0,0,0.0,0.0,,0,0,0,1,0,0,0,4,0,1,0,0,1,0
Michael Kee,21048,WR,MIDDLE TN,1,100.0,0,224,60.0,,60.0,0,0,0,,,,0,0,0,1,0,0,0,1,0,0,0,0,1,0
Draco Smith,21318,HB,N ILLINOIS,1,8.3,0,254,57.6,,60.0,0,0,0,0.0,0.0,,0,0,0,1,0,0,0,12,0,4,0,0,1,0
Hassan Dixon,16475,HB,TEMPLE,1,9.1,0,306,61.0,,60.0,0,0,0,0.0,0.0,,0,0,0,1,0,0,0,11,0,3,0,0,1,0
Trey Flowers,9534,ED,ARKANSAS,1,100.0,0,111,60.0,,60.0,0,0,0,,,,2,0,0,1,0,0,0,1,0,0,0,0,1,0
Zaire Williams,21370,HB,TEMPLE,1,11.1,0,306,49.4,67.8,,0,0,1,50.0,50.0,100.0,0,0,0,1,0,0,0,9,1,2,0,0,0,0
Patrick Kugler,46010,C,MICHIGAN,1,100.0,0,222,60.0,,60.0,0,0,0,,,,0,0,0,1,1,0,0,1,0,0,0,0,1,0
Maddox Stamey,21398,WR,WAKE,1,100.0,0,339,60.0,,60.0,0,0,0,,,,0,0,0,1,0,0,0,1,0,0,0,0,1,0
Andrew Tucker,45979,HB,N TEXAS,1,11.1,0,251,68.9,70.3,,0,0,1,100.0,100.0,100.0,0,0,0,1,0,0,0,9,1,1,0,0,0,0
Josh Harrison,12735,QB,TROY,1,10.0,0,318,53.8,,60.0,0,0,0,0.0,0.0,,0,0,0,1,0,0,0,10,0,9,0,0,1,0
Cassius Corley,26495,WR,NEW MEX ST,1,100.0,0,242,60.0,,60.0,0,0,0,,,,0,0,0,1,0,0,0,1,0,0,0,0,1,0
Raymond Taylor,45881,HB,OKLA STATE,4,4.2,0,262,66.2,72.5,,0,0,1,16.7,16.7,100.0,0,0,0,1,0,0,0,24,1,6,0,0,0,0
Daniel Hamm,45875,HB,VIRGINIA,2,5.0,0,335,67.3,72.7,,0,0,1,33.3,33.3,100.0,0,0,0,1,0,0,0,20,1,3,0,0,0,0
David Yancey,45857,HB,PURDUE,1,100.0,0,273,60.0,,60.0,0,0,0,,,,0,0,0,1,0,0,0,1,0,0,0,0,1,0
Malik Moseley,29644,WR,DOMINION,1,33.3,0,263,58.1,,60.0,0,0,0,0.0,0.0,,0,0,0,1,0,0,0,3,0,2,0,0,1,0
Osirius Burke,21778,HB,S JOSE ST,2,25.0,0,285,56.8,,60.0,0,0,0,,,,0,0,0,1,0,0,0,4,0,0,0,0,1,0
Kameron Pleasant,26414,WR,C MICHIGAN,1,50.0,0,134,59.0,,60.0,0,0,0,0.0,0.0,,0,0,0,1,0,0,0,2,0,1,0,0,1,0
Carter Tomsu,29792,QB,RICE,1,100.0,0,275,60.0,,60.0,0,0,0,,,,0,0,0,1,0,0,0,1,0,0,0,0,1,0
Darrion Goudy,15326,FB,SO MISS,1,100.0,0,296,60.0,,60.0,0,0,0,,,,0,0,0,1,0,0,0,1,0,0,0,0,1,0
Kyle Taubenheim,16327,WR,CINCINNATI,1,50.0,0,138,59.1,,60.0,0,0,0,0.0,0.0,,0,0,0,1,0,0,0,2,0,1,0,0,1,0
Paul Andrie,21914,QB,MICH STATE,1,33.3,0,223,61.1,,60.0,0,0,0,,,,0,0,0,1,0,0,0,3,0,0,0,0,1,0
Ryan Kortokrax,26375,G,AKRON,1,100.0,0,102,60.0,,60.0,0,0,0,,,,0,0,0,1,0,1,0,1,0,0,0,0,1,0
Jalen Saunders,27724,WR,GA TECH,1,100.0,0,176,60.0,,60.0,0,0,0,,,,0,0,0,1,0,0,0,1,0,0,0,0,1,0
Cody Kater,12595,QB,C MICHIGAN,1,50.0,0,134,60.9,,60.0,0,0,0,,0.0,,0,0,0,1,0,0,0,2,0,1,0,0,1,0
Daniel Gresham,29952,TE,SMU,1,100.0,0,287,60.0,67.3,,0,0,1,100.0,100.0,100.0,0,0,0,1,0,0,0,1,1,1,0,0,0,1
Cam Willis,22103,ED,UAB,1,100.0,0,321,60.0,,60.0,0,0,0,,,,0,0,0,1,0,0,0,1,0,0,0,0,1,0
Skyler Mornhinweg,22124,QB,FLORIDA,1,25.0,0,163,61.1,,60.0,0,0,0,,,,0,0,0,1,0,0,0,4,0,0,0,0,1,0
T.J. Thomas,22214,HB,FRESNO ST,2,5.3,0,169,75.7,,60.0,0,0,0,0.0,0.0,,0,0,0,1,0,0,0,19,0,7,0,0,1,0
Grayson Zuberer,25043,TE,AIR FORCE,1,100.0,0,101,60.0,,60.0,0,0,0,,,,0,0,0,1,0,0,0,1,0,0,0,0,1,1
Kamani Thomas,45458,HB,MIDDLE TN,1,25.0,0,224,53.3,,60.0,0,0,0,,,,0,0,0,1,0,0,0,4,0,0,0,0,1,0
Cameron Birse,45341,QB,ARK STATE,1,50.0,0,113,60.0,,60.0,0,0,0,,,,0,0,0,1,0,0,0,2,0,0,0,0,1,0
Michael Clifton,22405,LB,AUBURN,1,100.0,0,115,60.0,,65.7,0,0,0,,,,0,0,0,1,0,0,0,1,0,0,0,0,1,1
Sta'fon McCray,27691,HB,USF,1,100.0,0,327,60.0,,60.0,0,0,0,,,,0,0,0,1,0,0,0,1,0,0,0,0,1,0
A.J. Clinton-Earl,17654,HB,AIR FORCE,1,25.0,0,101,58.4,,60.0,0,0,0,,,,0,0,0,1,0,0,0,4,0,0,0,0,1,0
Myles Norwood,45223,WR,PURDUE,3,5.6,0,273,53.6,,60.0,0,0,0,0.0,0.0,,0,0,0,1,0,0,0,18,0,17,0,0,1,0
Craig Lee,30134,HB,UCLA,1,100.0,0,324,60.0,,60.0,0,0,0,,,,0,0,0,1,0,0,0,1,0,0,0,0,1,0
Chris Davis Jr.,40254,WR,NEW MEXICO,3,9.1,0,241,54.0,,60.0,0,0,0,0.0,0.0,,0,0,0,1,0,0,0,11,0,10,0,0,1,0
Darrius Sims,25021,CB,VANDERBILT,3,10.0,0,333,54.2,,60.0,0,0,0,0.0,0.0,,2,0,0,1,0,0,0,10,0,7,0,0,1,0
Damein Lawry,22720,WR,IOWA STATE,1,50.0,0,193,59.0,,60.0,0,0,0,0.0,0.0,,0,0,0,1,0,0,0,2,0,1,0,0,1,0
Jacob Beasley,30198,TE,LA LAFAYET,1,100.0,0,207,60.0,,60.0,0,0,0,,,,0,0,0,1,0,0,0,1,0,0,0,0,1,0
Anthony Scarcelli,39480,WR,C MICHIGAN,1,100.0,0,134,60.0,,60.0,0,0,0,,,,0,0,0,1,0,0,0,1,0,0,0,0,1,0
Reshaud Henry,39397,HB,LSU,1,100.0,0,211,60.0,,60.0,0,0,0,,,,0,0,0,1,0,0,0,1,0,0,0,0,1,0
