player,player_id,position,team_name,player_game_count,block_percent,declined_penalties,franchise_id,grades_offense,grades_pass_block,grades_run_block,hits_allowed,hurries_allowed,non_spike_pass_block,non_spike_pass_block_percentage,pass_block_percent,pbe,penalties,pressures_allowed,sacks_allowed,snap_counts_block,snap_counts_ce,snap_counts_lg,snap_counts_lt,snap_counts_offense,snap_counts_pass_block,snap_counts_pass_play,snap_counts_rg,snap_counts_rt,snap_counts_run_block,snap_counts_te
Malcolm Pridgeon,41421,G,OHIO STATE,14,100.0,1,260,66.8,71.9,68.5,3,11,591,100.0,100.0,98.5,11,16,2,1104,0,1104,0,1104,628,628,0,0,476,0
Michael Jordan,28021,C,OHIO STATE,14,100.0,0,260,65.8,75.3,61.5,1,13,591,100.0,100.0,98.6,4,15,1,1104,1104,0,0,1104,628,628,0,0,476,0
Isaiah Prince,47019,T,OHIO STATE,14,100.0,6,260,72.2,68.4,79.7,4,18,591,100.0,100.0,97.6,17,25,3,1104,0,0,0,1104,628,628,0,1103,476,1
Cody Conway,46284,T,SYRACUSE,13,100.0,0,304,67.5,86.1,55.1,0,11,546,100.0,100.0,98.4,7,14,3,1093,0,0,1020,1093,593,593,0,73,500,0
Koda Martin,46231,T,SYRACUSE,13,100.0,0,304,71.2,70.4,70.3,3,17,546,100.0,100.0,97.4,6,24,4,1093,0,0,72,1093,593,593,0,1017,500,3
Airon Servais,41573,C,SYRACUSE,13,100.0,0,304,53.9,60.4,52.2,2,12,544,100.0,100.0,98.5,7,15,1,1087,1087,0,0,1087,591,591,0,0,496,0
Elijah Rodriguez,46835,G,TEXAS,14,100.0,0,311,66.3,75.2,60.6,4,19,557,100.0,100.0,97.4,3,26,3,1082,293,6,0,1082,580,580,781,2,502,0
Calvin Anderson,46247,T,TEXAS,14,99.9,0,311,71.3,78.4,64.9,4,15,556,99.8,99.8,97.0,7,26,7,1081,0,0,1079,1082,579,580,0,0,502,2
Jared Thomas,36609,C,NWESTERN,14,100.0,2,256,62.3,71.1,57.4,5,11,584,100.0,100.0,98.5,3,17,1,1080,1080,0,0,1080,622,622,0,0,458,0
Patrick Vahe,46039,G,TEXAS,14,100.0,2,311,55.0,65.9,51.4,2,21,554,100.0,100.0,97.6,4,25,2,1076,0,1076,0,1076,577,577,0,0,499,0
Sam Cosmi,60114,T,TEXAS,14,100.0,0,311,79.7,82.8,74.5,3,19,545,100.0,100.0,97.4,4,25,3,1055,0,0,0,1055,567,567,0,1053,488,2
Aaron Roberts,46102,G,SYRACUSE,13,100.0,0,304,55.0,72.9,48.8,0,10,529,100.0,100.0,98.7,5,12,2,1049,0,1049,0,1049,576,576,0,0,473,0
Rashawn Slater,59971,T,NWESTERN,14,100.0,0,256,75.3,76.9,70.5,1,15,558,100.0,100.0,98.2,2,18,2,1048,0,0,0,1048,594,594,0,1048,454,0
Nate Gilliam,25105,T,WAKE,13,100.0,1,339,61.7,70.7,58.1,4,17,491,100.0,100.0,97.0,6,25,4,1038,0,6,0,1038,511,511,36,996,527,0
Jake Benzinger,39255,T,WAKE,13,100.0,0,339,53.5,60.5,53.3,10,19,488,100.0,100.0,96.2,7,33,4,1037,0,0,978,1037,508,508,0,57,529,2
Max Scharping,46961,T,N ILLINOIS,14,100.0,0,254,82.6,89.3,73.2,0,10,489,100.0,100.0,98.8,1,11,1,1026,0,0,1013,1026,517,517,0,0,509,13
Garrett McGhin,46165,T,E CAROLINA,12,100.0,0,156,71.9,80.7,60.5,2,17,621,100.0,100.0,98.0,3,22,3,1026,0,0,53,1026,662,662,0,972,364,0
Luke Shively,24080,C,N ILLINOIS,14,100.0,0,254,67.3,72.7,64.8,1,17,489,100.0,100.0,98.0,4,19,1,1026,1026,0,0,1026,517,517,0,0,509,0
Blake Blackmar,46057,G,BAYLOR,13,100.0,0,118,65.7,87.1,58.8,1,6,579,100.0,100.0,98.9,7,10,3,1022,0,0,0,1022,611,611,1020,0,411,0
Sam Tecklenburg,47316,C,BAYLOR,13,99.9,1,118,62.1,68.2,58.4,5,19,578,99.8,99.8,97.6,5,26,2,1020,1020,0,0,1021,610,611,0,0,410,0
Patrick Lawrence,46878,T,BAYLOR,13,100.0,1,118,58.6,71.9,53.2,5,31,576,100.0,100.0,96.5,12,38,2,1015,0,0,0,1015,608,608,0,1013,407,0
Ryan Anderson,46883,C,WAKE,13,100.0,1,339,72.3,89.5,64.5,1,5,488,100.0,100.0,99.2,1,7,1,1012,883,4,0,1012,508,508,125,0,504,0
Teven Jenkins,41534,T,OKLA STATE,13,100.0,0,262,78.5,78.5,77.4,1,18,547,100.0,100.0,97.9,6,21,2,1012,0,0,226,1012,584,584,0,783,428,3
Jacob Still,41563,C,ARK STATE,13,100.0,0,113,58.4,63.8,55.9,3,17,519,100.0,100.0,97.5,6,23,3,1011,1011,0,0,1011,546,546,0,0,465,0
Jaxson Kirkland,60215,G,WASHINGTON,14,100.0,0,340,64.6,77.1,60.4,1,16,466,100.0,100.0,98.0,4,18,1,1011,0,0,0,1011,496,496,1011,0,515,0
Dustin Woodard,27124,G,MEMPHIS,14,100.0,1,218,80.3,87.4,78.9,1,8,442,100.0,100.0,98.8,4,10,1,1010,7,0,0,1010,471,471,1003,0,539,0
Lanard Bonner,21863,T,ARK STATE,13,99.9,2,113,70.0,78.9,65.1,5,6,518,99.8,99.8,98.7,7,12,1,1006,0,0,1005,1007,545,546,0,1,461,0
Drew Kyser,37099,C,MEMPHIS,14,100.0,1,218,79.4,81.3,77.9,1,11,440,100.0,100.0,98.4,5,13,1,1005,1005,0,0,1005,469,469,0,0,536,0
Dylan Parham,60953,G,MEMPHIS,14,100.0,0,218,73.7,75.9,73.7,0,15,440,100.0,100.0,97.6,8,18,3,1005,0,1005,0,1005,469,469,0,0,536,0
Kaleb McGary,46912,T,WASHINGTON,14,100.0,1,340,77.9,78.0,75.6,1,14,464,100.0,100.0,98.0,9,17,2,1004,0,0,0,1004,494,494,0,983,510,21
Paul Adams,46846,T,MISSOURI,13,100.0,3,229,64.7,63.3,64.9,2,19,471,100.0,100.0,97.1,9,24,3,1004,0,0,0,1004,504,504,0,1002,500,1
Trevon Tate,46258,T,MEMPHIS,14,100.0,1,218,81.4,83.7,78.0,1,8,437,100.0,100.0,98.5,7,11,2,995,0,0,992,995,466,466,0,2,529,0
J.R. Hensley,37017,G,HAWAII,14,100.0,3,180,73.3,85.4,77.1,3,3,632,100.0,100.0,99.4,16,7,1,994,0,994,0,994,666,666,0,0,328,0
Tre'Vour Wallace-Simms,41855,G,MISSOURI,13,100.0,0,229,66.2,78.0,61.2,2,5,464,100.0,100.0,99.2,1,7,0,991,0,0,0,991,496,496,990,0,495,0
Phil Haynes,29244,G,WAKE,13,100.0,0,339,68.3,76.7,65.4,0,11,480,100.0,100.0,98.4,3,13,2,989,0,989,0,989,500,500,0,0,489,0
Abraham Lucas,60218,T,WASH STATE,13,100.0,0,341,75.3,85.1,62.4,2,17,723,100.0,100.0,98.7,5,19,0,989,0,5,0,989,749,749,0,980,240,0
Andre Dillard,29250,T,WASH STATE,13,100.0,1,341,83.9,92.6,71.8,2,9,723,100.0,100.0,99.1,4,12,1,989,0,0,980,989,749,749,0,0,240,5
Damien Lewis,81532,G,LSU,13,100.0,2,211,77.1,82.1,76.3,1,6,450,100.0,100.0,99.0,7,8,1,987,0,0,0,987,481,481,987,0,506,0
John Keenoy,45568,C,W MICHIGAN,13,100.0,0,347,76.9,86.7,73.0,0,3,439,100.0,100.0,99.4,3,4,1,982,982,0,0,982,472,472,0,0,510,0
Kohl Levao,75850,T,HAWAII,14,100.0,0,180,64.4,68.4,61.4,4,17,626,100.0,100.0,97.2,3,28,7,982,212,0,0,982,661,661,0,769,321,1
Lloyd Cushenberry III,41924,C,LSU,13,100.0,0,211,77.1,85.6,72.1,1,6,449,100.0,100.0,99.0,0,8,1,982,982,0,0,982,480,480,0,0,502,0
Carlos Johnson,28992,T,MIDDLE TN,14,99.8,1,224,61.3,78.6,50.3,4,12,562,99.6,99.7,98.0,3,19,3,981,0,0,961,983,586,588,0,1,395,17
James O'Hagan,28134,C,BUFFALO,14,100.0,1,126,88.0,88.7,88.3,0,4,452,100.0,100.0,99.6,7,4,0,980,980,0,0,980,491,491,0,0,489,0
Josh Fannin,37205,C,MIDDLE TN,14,100.0,0,224,62.7,69.2,62.0,1,15,564,100.0,100.0,98.0,7,19,3,979,979,0,0,979,587,587,0,0,392,0
Frederick Mauigoa,41388,C,WASH STATE,13,100.0,0,341,67.8,78.0,61.1,7,15,720,100.0,100.0,98.5,3,22,0,978,971,0,0,978,746,746,0,0,232,5
Jackson Barton,46978,T,UTAH,14,100.0,0,328,69.5,84.7,59.7,0,10,477,100.0,100.0,98.7,2,11,1,978,0,0,976,978,503,503,0,0,475,0
Luke Juriga,29571,G,W MICHIGAN,13,100.0,1,347,71.6,84.2,68.0,2,5,437,100.0,100.0,99.0,3,8,1,977,0,0,0,977,470,470,977,0,507,0
Jack Anderson,60130,G,TEXAS TECH,12,100.0,1,315,69.8,82.4,67.7,1,9,583,100.0,100.0,99.0,6,11,1,976,0,0,0,976,617,617,976,0,359,0
Terence Steele,39461,T,TEXAS TECH,12,100.0,1,315,69.7,71.8,70.6,4,19,583,100.0,100.0,97.7,9,25,2,976,0,0,0,976,617,617,0,975,359,0
Jordan Johnson,28921,C,UCF,13,100.0,0,323,75.6,83.7,73.6,1,8,430,100.0,100.0,99.0,4,9,0,976,975,0,0,976,465,465,0,0,511,1
Jake Brown,28920,T,UCF,13,100.0,1,323,60.3,60.9,61.0,1,22,430,100.0,100.0,96.9,7,25,2,976,0,0,7,976,465,465,0,968,511,1
Will Noble,26633,C,HOUSTON,13,100.0,1,182,53.0,57.5,49.8,2,10,524,100.0,100.0,98.5,4,14,2,975,975,0,0,975,559,559,0,0,416,0
Luke Wattenberg,41024,G,WASHINGTON,14,100.0,1,340,63.6,59.2,64.4,4,11,451,100.0,100.0,98.1,6,16,1,975,0,975,0,975,480,480,0,0,495,0
Garrett Bradbury,46013,C,NC STATE,13,99.9,0,248,84.8,86.3,84.0,1,10,512,100.0,100.0,98.5,4,13,2,974,974,0,0,975,534,534,0,0,440,0
Trystan Colon,41117,C,MISSOURI,13,100.0,0,229,64.0,74.9,60.3,2,12,455,100.0,100.0,98.5,5,14,0,974,974,0,0,974,487,487,0,0,487,0
Josh Jones,26634,T,HOUSTON,13,100.0,0,182,71.9,88.3,62.8,0,7,518,100.0,100.0,98.7,8,10,3,973,0,0,968,973,554,554,0,5,419,0
Ezra Cleveland,41973,T,BOISE ST,13,100.0,0,120,85.3,84.9,81.0,4,8,521,100.0,100.0,98.5,4,14,2,973,0,0,972,973,535,535,0,0,438,1
D'Ante Smith,41497,T,E CAROLINA,12,100.0,2,156,63.8,74.5,57.4,5,23,586,100.0,100.0,97.3,7,30,2,973,0,0,971,973,625,625,0,0,348,1
John Molchon,46921,G,BOISE ST,13,100.0,0,120,69.6,75.5,68.1,2,14,521,100.0,100.0,98.1,4,18,2,973,0,973,0,973,535,535,0,0,438,0
Garrett Larson,45560,C,BOISE ST,13,100.0,1,120,67.9,59.3,73.4,9,13,519,100.0,100.0,97.3,6,25,3,973,971,0,0,973,534,534,0,0,439,0
Riley Mayfield,46910,T,N TEXAS,13,100.0,1,251,72.3,70.6,68.2,2,25,545,100.0,100.0,96.4,1,33,6,970,0,0,0,970,576,576,0,969,394,0
Jaylon Moore,43678,T,W MICHIGAN,13,100.0,0,347,66.2,81.8,57.0,2,8,433,100.0,100.0,98.4,1,12,2,967,0,0,967,967,464,464,0,0,503,0
Jordan Agasiva,60184,G,UTAH,14,100.0,2,328,60.1,68.6,56.2,1,11,472,100.0,100.0,98.5,10,13,1,966,0,0,0,966,498,498,966,0,468,0
Jordan Reid,60805,T,MICH STATE,13,100.0,1,223,67.5,69.8,62.2,5,19,548,100.0,100.0,97.1,4,28,4,966,0,0,0,966,579,579,0,958,387,6
Cortez Herrin,41765,G,E CAROLINA,12,100.0,0,156,56.3,53.2,54.5,7,21,600,100.0,100.0,96.7,3,34,6,965,0,964,0,965,640,640,0,0,325,0
Elex Woodworth,27802,G,N TEXAS,13,100.0,0,251,73.1,80.9,70.7,4,9,543,100.0,100.0,98.3,3,16,3,964,0,911,52,964,573,573,0,0,391,0
William Atterbury,46361,G,USF,13,100.0,0,327,62.8,75.6,59.6,1,13,497,100.0,100.0,97.8,5,18,4,960,0,0,0,960,522,522,960,0,438,0
Marcus Norman,46968,T,USF,13,100.0,1,327,67.2,63.1,67.2,2,23,497,100.0,100.0,96.1,6,32,7,960,0,0,4,960,522,522,0,955,438,1
Manase Mose,59950,G,N TEXAS,13,100.0,0,251,73.3,79.9,69.6,1,10,535,100.0,100.0,98.8,1,12,1,959,0,0,0,959,565,565,958,0,394,0
Dan Moore Jr.,60120,T,TEXAS A&M,13,100.0,1,312,57.4,63.3,52.4,6,20,478,100.0,100.0,96.0,5,32,6,959,0,0,959,959,521,521,0,0,438,0
Carson Green,60118,T,TEXAS A&M,13,100.0,0,312,63.9,67.4,59.8,4,19,478,100.0,100.0,97.2,6,25,2,959,0,0,0,959,521,521,0,959,438,0
Evin Ksiezarczyk,14214,T,BUFFALO,14,100.0,0,126,72.4,76.8,67.4,3,10,438,100.0,100.0,97.8,3,16,3,957,0,0,955,957,474,474,0,0,483,0
Sam Mustipher,13026,C,NOTRE DAME,13,100.0,0,258,73.6,80.4,71.1,2,7,499,100.0,100.0,98.9,3,10,1,956,956,0,0,956,522,522,0,0,434,0
Nate Warnock,59783,C,KENT STATE,12,100.0,2,201,66.4,76.7,63.7,0,11,516,100.0,100.0,98.9,12,11,0,953,951,0,0,953,560,560,0,0,393,0
Julian Sams,77500,G,KENT STATE,12,100.0,0,201,59.1,75.5,52.1,0,17,516,100.0,100.0,98.2,4,18,1,953,0,831,120,953,560,560,0,0,393,0
Ross Pierschbacher,46815,C,ALABAMA,15,100.0,0,103,67.2,75.9,63.7,2,4,477,100.0,100.0,99.0,3,8,2,952,952,0,0,952,494,494,0,0,458,0
Yasir Durant,59878,T,MISSOURI,13,100.0,0,229,72.9,84.7,62.7,2,5,444,100.0,100.0,99.0,3,8,1,952,0,0,950,952,477,477,0,0,475,0
Jarrid Williams,38432,T,HOUSTON,13,100.0,1,182,77.4,80.8,76.9,1,10,511,100.0,100.0,98.5,8,13,2,952,0,0,14,952,544,544,0,926,408,12
Amir Luckett,59864,T,MIDDLE TN,14,99.9,0,224,66.9,68.6,65.6,2,18,550,99.8,99.8,96.4,4,30,10,951,0,0,2,952,572,573,0,941,379,5
Kayode Awosika,44909,T,BUFFALO,14,100.0,0,126,82.2,77.2,79.6,1,12,436,100.0,100.0,97.6,2,17,4,950,0,0,0,950,473,473,0,921,477,29
Tyler Jones,46378,T,NC STATE,13,100.0,0,248,71.9,82.2,64.6,2,9,497,100.0,100.0,98.9,4,11,0,947,0,3,934,947,519,519,0,4,428,5
Kirk Barron,30032,C,PURDUE,13,100.0,0,273,66.8,79.4,60.8,2,16,564,100.0,100.0,98.2,5,19,1,945,944,0,0,945,600,600,0,0,345,1
Ilm Manning,75852,T,HAWAII,14,100.0,0,180,63.8,78.7,49.0,7,7,601,100.0,100.0,97.5,4,22,8,943,0,0,943,943,631,631,0,0,312,0
Erik McCoy,37347,C,TEXAS A&M,13,100.0,0,312,72.6,76.7,69.5,4,3,466,100.0,100.0,99.2,1,7,0,942,942,0,0,942,506,506,0,0,436,0
Reggie Bain,28501,T,FAU,12,100.0,1,165,71.9,75.0,67.8,7,15,416,100.0,100.0,97.1,3,23,1,940,0,0,938,940,438,438,0,0,502,0
Robert Hainsey,59980,T,NOTRE DAME,13,100.0,1,258,76.8,80.7,76.1,2,9,488,100.0,100.0,98.7,8,12,1,940,0,0,0,940,510,510,0,940,430,0
Liam Ryan,41618,G,WASH STATE,13,100.0,0,341,69.3,79.0,64.5,6,14,690,100.0,100.0,98.6,2,20,0,940,0,932,0,940,716,716,0,0,224,5
Liam Eichenberg,41851,T,NOTRE DAME,13,100.0,0,258,63.1,63.5,60.8,2,18,496,100.0,100.0,97.4,2,23,3,939,0,0,939,939,519,519,0,0,420,0
Demetrius Knox,46832,G,OHIO STATE,12,100.0,0,260,70.3,76.5,68.2,4,8,501,100.0,100.0,98.4,4,14,2,939,0,0,0,939,533,533,939,0,406,0
Alex Leatherwood,58468,G,ALABAMA,15,100.0,0,103,65.0,62.0,65.7,4,15,470,100.0,100.0,97.6,3,21,2,935,0,0,0,935,486,486,922,12,449,0
Shane Lemieux,28149,G,OREGON,13,100.0,0,264,83.9,79.0,84.8,0,9,463,100.0,100.0,98.6,3,11,2,933,0,932,0,933,489,489,0,0,444,1
Solo Vaipulu,75849,G,HAWAII,14,100.0,0,180,62.4,74.4,59.3,2,11,590,100.0,100.0,98.4,6,16,3,933,0,1,0,933,617,617,932,0,316,0
Andre Harris Jr.,58501,G,ARK STATE,13,100.0,0,113,60.5,72.5,56.7,0,6,486,100.0,100.0,99.2,3,7,1,933,0,932,0,933,509,509,0,0,424,0
Malique Johnson,60155,G,UAB,14,100.0,0,321,61.9,80.9,58.4,5,3,382,100.0,100.0,98.7,4,9,1,932,0,0,0,932,391,391,932,0,541,0
Wes Martin,46087,G,INDIANA,12,100.0,0,190,76.7,83.6,74.2,4,8,538,100.0,100.0,98.5,3,14,2,932,0,932,0,932,584,584,0,0,348,0
Markus Boyer,59698,C,FRESNO ST,14,100.0,0,169,70.1,76.6,67.0,5,9,482,100.0,100.0,98.3,5,15,1,931,611,1,0,931,499,499,319,0,432,0
Danny Pinter,47339,T,BALL ST,12,100.0,0,117,74.8,81.5,67.4,2,20,535,100.0,100.0,97.6,3,24,2,931,0,1,0,931,564,564,0,927,367,0
James Davis,60147,T,UAB,14,100.0,0,321,68.2,81.7,59.2,3,9,380,100.0,100.0,97.9,3,14,2,930,0,0,928,930,389,389,0,0,541,2
Junior Diaz,26655,C,FAU,12,100.0,0,165,69.1,78.8,65.4,0,4,413,100.0,100.0,99.3,2,5,1,930,929,0,0,930,435,435,0,0,495,0
Orlando Umana,60185,C,UTAH,14,100.0,1,328,65.3,69.9,62.1,4,12,448,100.0,100.0,98.0,4,17,1,928,696,232,0,928,472,472,0,0,456,0
Patrick Osterhage,34820,G,WAKE,12,100.0,0,339,60.6,71.1,55.7,1,14,444,100.0,100.0,97.9,0,17,2,927,0,54,0,927,462,462,873,0,465,0
Micah St. Andrew,46782,G,FRESNO ST,14,100.0,0,169,73.7,75.1,71.7,1,12,482,100.0,100.0,98.7,1,13,0,927,319,0,0,927,498,498,607,0,429,1
Jedrick Wills Jr.,58467,T,ALABAMA,15,100.0,1,103,68.7,77.9,63.1,1,18,469,100.0,100.0,98.0,5,19,0,927,0,0,0,927,486,486,0,922,441,4
Calvin Throckmorton,28238,T,OREGON,13,100.0,0,264,84.0,87.4,78.4,2,10,461,100.0,100.0,98.5,0,13,1,926,38,0,371,926,487,487,111,395,439,10
Christian Cronk,46237,T,FRESNO ST,14,100.0,0,169,62.2,66.2,58.5,8,8,482,100.0,100.0,97.9,2,18,2,925,0,84,841,925,497,497,0,0,428,0
Will Ulmer,41256,T,MARSHALL,13,100.0,0,214,63.0,56.4,64.8,8,26,481,100.0,100.0,96.3,1,35,1,925,0,0,925,925,501,501,0,0,424,0
Chandler Brewer,13976,G,MIDDLE TN,14,100.0,1,224,67.0,85.2,61.4,2,7,541,100.0,100.0,98.6,3,12,3,924,0,2,0,924,562,562,918,0,362,4
Kody Russey,41726,C,LA TECH,13,100.0,0,208,71.5,75.8,68.1,3,15,531,100.0,100.0,97.7,2,21,3,924,924,0,0,924,556,556,0,0,368,0
Dennis Edwards,46624,G,PURDUE,13,100.0,1,273,62.2,78.2,52.9,1,12,556,100.0,100.0,98.7,3,14,1,924,0,144,2,924,592,592,777,0,332,0
Bryce Harris,36827,C,TOLEDO,13,100.0,1,316,77.0,75.6,77.4,0,8,464,100.0,100.0,98.9,5,9,1,923,923,0,0,923,494,494,0,0,429,0
Thayer Munford Jr.,59994,T,OHIO STATE,13,100.0,1,260,67.5,67.2,66.1,3,18,493,100.0,100.0,97.9,4,21,0,922,0,0,921,922,521,521,0,0,401,1
Levi Brown,36815,C,MARSHALL,13,100.0,0,214,66.0,77.2,61.2,2,16,477,100.0,100.0,97.9,3,19,1,921,921,0,0,921,497,497,0,0,424,0
Tommy Doles,46702,G,NWESTERN,12,100.0,0,256,59.7,65.4,56.0,5,11,485,100.0,100.0,97.9,1,18,2,918,0,0,0,918,515,515,918,0,403,0
Jordan Dowrey,36905,G,MARSHALL,13,100.0,0,214,67.9,72.5,67.4,2,16,476,100.0,100.0,97.9,5,19,1,917,0,917,0,917,496,496,0,0,421,0
Willie Wright,46989,T,TULSA,12,100.0,0,320,60.3,65.4,56.0,2,19,389,100.0,100.0,96.3,1,25,4,916,0,0,0,916,410,410,0,912,506,4
Dominique Briggs,60143,G,TULANE,13,100.0,0,319,60.9,76.0,60.9,0,10,359,100.0,100.0,98.6,9,10,0,916,0,910,0,916,384,384,6,0,532,0
Chandler Miller,26727,C,TULSA,12,100.0,0,320,67.7,73.9,67.1,2,10,389,100.0,100.0,98.5,6,12,0,916,916,0,0,916,410,410,0,0,506,0
Addison Ooms,28209,C,CAL,13,100.0,0,130,58.9,48.3,62.6,1,19,506,100.0,100.0,97.4,5,23,3,915,915,0,0,915,531,531,0,0,384,0
Braylon Jones,26635,G,HOUSTON,13,100.0,0,182,62.2,69.8,59.1,2,11,492,100.0,100.0,98.5,2,14,1,914,0,0,0,914,527,527,914,0,387,0
Kyle Chung,30756,G,VA TECH,13,100.0,0,337,62.8,85.0,55.5,0,9,458,100.2,100.2,98.8,4,10,1,914,366,467,0,914,481,480,73,8,433,0
Nick Harris,46752,C,WASHINGTON,13,100.0,1,340,76.6,80.5,75.2,1,7,411,100.0,100.0,99.0,5,8,0,911,911,0,0,911,439,439,0,0,472,0
Brandon Walton,41533,T,FAU,12,100.0,0,165,71.7,70.3,68.6,3,18,404,100.0,100.0,97.2,2,22,1,910,0,0,0,910,425,425,0,907,485,1
Corey Dublin,60142,C,TULANE,13,100.0,0,319,58.4,52.3,62.0,1,13,358,100.0,100.0,98.0,7,14,0,909,904,5,0,909,383,383,0,0,526,0
Robert Kraeling,41976,T,DUKE,13,100.0,0,154,43.3,31.4,51.0,9,26,519,100.0,100.0,94.9,3,44,9,909,0,0,0,909,538,538,0,909,371,0
Jovahn Fair,46125,G,TEMPLE,13,100.0,0,306,74.1,82.4,70.9,3,3,454,100.0,100.0,98.7,3,9,3,909,0,902,1,909,466,466,0,2,443,4
Ken Marks,46118,G,LA LAFAYET,14,100.0,0,207,59.0,65.5,56.0,5,11,400,100.0,100.0,97.0,2,20,4,908,0,885,0,908,415,415,23,0,493,0
Cody Creason,38799,G,ARIZONA,12,100.0,0,109,71.0,76.3,69.7,0,13,439,100.0,100.0,98.1,9,15,2,908,0,597,0,908,473,473,0,310,435,0
Jonah Williams,41651,T,ALABAMA,15,100.0,0,103,89.2,88.6,83.6,2,10,466,100.0,100.0,98.7,4,12,0,908,0,4,904,908,482,482,0,0,426,0
Cole Prudhomme,14037,C,LA LAFAYET,14,100.0,1,207,68.8,75.1,65.5,1,7,400,100.0,100.0,97.7,2,13,5,908,908,0,0,908,415,415,0,0,493,0
John Leglue,46859,G,TULANE,13,100.0,1,319,65.6,86.6,60.8,0,8,356,100.0,100.0,98.9,4,8,0,908,0,1,0,908,381,381,907,0,527,0
Johnny Wilson,45581,C,OKLA STATE,12,100.0,1,262,61.5,78.4,53.3,0,6,485,100.0,100.0,99.4,3,6,0,907,907,0,0,907,519,519,0,0,388,0
Donovan Laie,81553,T,ARIZONA,12,100.0,1,109,62.5,82.3,53.0,0,6,439,100.0,100.0,98.4,7,10,4,907,0,0,310,907,473,473,0,597,434,0
Stefano Millin,45555,T,PITTSBURGH,14,99.9,0,268,67.2,74.0,61.7,1,13,382,99.7,99.8,97.4,4,17,3,906,0,0,895,907,402,403,0,4,504,8
Josh McCauley,40870,C,ARIZONA,12,100.0,0,109,62.1,73.9,57.3,1,15,439,100.0,100.0,97.9,6,17,1,906,906,0,0,906,473,473,0,0,433,0
Morgan James,51639,G,CINCINNATI,13,100.0,0,138,65.0,81.9,60.2,2,15,417,100.0,100.0,98.0,2,17,0,906,0,0,0,906,439,439,906,0,467,0
Roger Joseph,59840,T,MEMPHIS,14,100.0,0,218,73.4,73.1,73.9,0,13,399,100.0,100.0,97.6,9,16,3,906,0,0,0,906,425,425,0,906,481,0
Darrin Paulo,37405,T,UTAH,13,100.0,0,328,66.3,77.0,62.1,2,11,429,100.0,100.0,98.0,6,15,2,904,0,0,0,904,453,453,0,901,451,3
Marvis Brown,58500,G,ARK STATE,13,100.0,0,113,51.8,66.4,46.1,2,11,470,100.0,100.0,97.8,3,17,4,904,0,0,0,904,490,490,901,2,414,0
Vincent Picozzi,40641,G,TEMPLE,13,100.0,0,306,65.9,65.6,64.3,2,11,450,100.0,100.0,98.1,1,15,2,904,214,0,4,904,462,462,684,0,442,2
Cohl Cabral,12740,C,ARIZONA ST,13,100.0,0,110,64.2,62.1,64.0,5,13,446,100.0,100.0,98.0,4,18,0,903,902,1,0,903,470,470,0,0,433,0
Quinn Bailey,46669,T,ARIZONA ST,13,100.0,1,110,72.2,79.9,67.0,3,8,436,100.0,100.0,98.5,5,12,1,902,0,0,1,902,460,460,1,898,442,2
Jake Nelson,59915,T,NEVADA,13,99.8,0,239,69.4,79.1,62.1,2,15,514,99.6,99.6,97.8,3,20,3,902,0,0,874,904,535,537,0,0,367,30
Justice Powers,60148,T,UAB,14,100.0,0,321,62.6,71.4,58.5,4,11,360,100.0,100.0,97.1,3,18,3,900,0,0,2,900,368,368,0,895,532,3
Tyler Witt,40256,G,W KENTUCKY,12,100.0,0,346,68.0,77.6,64.5,1,14,500,100.0,100.0,97.9,2,18,3,899,0,898,0,899,525,525,0,0,374,0
Jordan Meredith,60235,G,W KENTUCKY,12,100.0,0,346,62.1,66.3,64.0,2,8,500,100.0,100.0,98.8,8,11,1,899,0,0,0,899,525,525,898,0,374,0
Trent Moore,28263,T,OREGON ST,12,99.9,0,265,65.3,62.3,68.2,4,27,495,99.8,99.8,96.1,5,35,4,899,0,0,2,900,512,513,0,897,387,1
Ethan Reed,27004,G,LA TECH,13,100.0,0,208,64.5,76.8,59.7,2,13,521,100.0,100.0,98.2,3,17,2,898,0,0,0,898,546,546,896,0,352,0
Seth Joest,41891,C,W KENTUCKY,12,100.0,2,346,73.5,85.6,72.2,1,9,499,100.0,100.0,98.6,8,12,2,898,898,0,0,898,524,524,0,0,374,0
Nate Brown,40643,T,NEVADA,13,100.0,0,239,48.5,50.0,48.4,7,31,510,100.0,100.0,95.9,2,40,2,897,0,0,14,897,531,531,196,687,366,0
Jake Curhan,38549,T,CAL,13,100.0,0,130,67.5,71.3,66.9,1,17,496,100.0,100.0,97.4,6,22,4,896,0,0,0,896,520,520,0,895,376,1
Brandon Knight,25018,T,INDIANA,12,100.0,2,190,66.6,70.5,62.3,4,27,522,100.0,100.0,96.6,5,33,2,896,0,0,0,896,567,567,0,896,329,0
Justin Polu,28976,G,UNLV,12,100.0,1,325,65.4,69.6,64.4,3,6,412,100.0,100.0,98.7,6,10,1,896,0,0,0,896,435,435,896,0,461,0
Jake Hanson,28148,C,OREGON,13,100.0,0,264,70.7,84.2,66.5,3,9,440,100.0,100.0,98.6,4,12,0,896,895,0,0,896,466,466,0,0,430,0
Sadarius Hutcherson,41336,G,S CAROLINA,13,99.9,0,289,65.9,75.0,62.6,4,10,485,99.8,99.8,98.4,2,15,1,895,0,60,0,896,518,519,830,0,377,5
Sosaia Mose,59947,C,N TEXAS,12,100.0,0,251,68.5,63.1,68.2,2,3,501,100.0,100.0,99.5,1,5,0,895,895,0,0,895,529,529,0,0,366,0
Dino Boyd,46342,T,CINCINNATI,13,100.0,0,138,63.3,82.5,56.0,3,11,417,100.0,100.0,97.8,7,16,2,895,0,0,895,895,439,439,0,0,456,0
Miles Pate,36494,T,W KENTUCKY,12,100.0,0,346,79.1,78.5,73.6,1,17,499,100.0,100.0,97.2,1,23,5,894,0,0,0,894,523,523,0,890,371,2
Robert Hunt,46139,T,LA LAFAYET,14,100.0,0,207,76.4,81.4,72.0,1,7,394,100.0,100.0,98.7,3,9,1,893,0,0,0,893,409,409,0,890,484,3
Blake Hance,46301,T,NWESTERN,13,100.0,0,256,59.9,57.5,58.7,5,31,463,100.0,100.0,95.5,2,39,3,893,0,1,892,893,492,492,0,0,401,0
Sumner Houston,48823,C,OREGON ST,12,100.0,1,265,54.6,56.3,54.7,2,17,493,100.0,100.0,97.1,6,24,5,891,891,0,0,891,510,510,0,0,381,0
Larry Hughes,46738,G,SMU,12,100.0,0,287,59.7,78.2,49.4,3,15,507,100.0,100.0,98.0,2,19,1,890,0,0,0,890,538,538,470,419,352,0
Robert Behanan,29126,G,MIDDLE TN,13,100.0,0,224,54.7,76.9,48.3,4,13,516,100.0,100.0,97.8,5,20,3,890,0,888,0,890,535,535,0,0,355,2
Isaac Weaver,41945,T,DOMINION,12,99.9,0,263,62.4,51.8,66.8,7,37,525,100.0,99.8,94.5,1,51,7,889,0,0,889,890,555,556,0,0,334,1
Hayden Howerton,60052,C,SMU,12,100.0,1,287,58.2,68.3,55.9,2,11,506,100.0,100.0,98.7,6,13,0,889,889,0,0,889,537,537,0,0,352,0
Barry Wesley,52018,G,COLO STATE,12,100.0,0,144,58.3,64.2,57.3,7,22,529,100.0,100.0,96.7,5,32,3,889,41,390,323,889,562,562,40,93,327,2
Steven Gonzalez,28270,G,PENN STATE,13,100.0,1,266,68.4,75.9,64.2,0,12,452,100.0,100.0,98.2,2,14,2,889,0,889,0,889,474,474,0,0,415,0
Conner Olson,41504,G,MINNESOTA,13,100.0,0,225,66.7,71.7,64.2,2,7,389,100.0,100.0,97.8,2,13,4,889,0,888,0,889,416,416,0,0,473,0
Jared Weyler,44917,C,MINNESOTA,13,100.0,1,225,76.7,89.7,72.0,0,4,389,100.0,100.0,99.5,3,4,0,888,888,0,0,888,416,416,0,0,472,0
Nick Clarke,29704,C,DOMINION,12,100.0,0,263,63.3,76.5,54.7,0,9,524,100.0,100.0,99.0,1,10,1,887,887,0,0,887,554,554,0,0,333,0
Blaise Andries,55233,G,MINNESOTA,13,100.0,1,225,69.6,61.3,69.4,3,11,387,100.0,100.0,97.7,1,16,2,886,0,0,39,886,414,414,847,0,472,0
Keegan Render,46763,C,IOWA,13,100.0,0,192,66.2,67.7,63.1,2,9,433,100.0,100.0,98.3,1,13,2,885,885,0,0,885,458,458,0,0,427,0
Lucas Niang,47004,T,TCU,13,100.0,0,305,83.8,87.3,75.7,2,6,457,100.0,100.0,99.1,2,8,0,885,0,0,0,885,468,468,0,884,417,1
Wyatt Miller,46948,T,UCF,13,100.0,1,323,62.3,68.9,61.4,6,16,390,100.0,100.0,96.9,7,23,1,885,0,0,874,885,421,421,0,2,464,9
Donell Stanley,46747,C,S CAROLINA,13,100.0,0,289,69.6,81.3,68.4,1,6,482,100.0,100.0,99.1,7,8,1,885,811,14,0,885,514,514,60,0,371,0
Colton McKivitz,29314,T,W VIRGINIA,12,100.0,2,343,77.1,84.9,70.2,0,6,485,100.0,100.0,99.0,5,8,2,883,0,0,36,883,511,511,24,820,372,3
Alec Eberle,28392,C,FLORIDA ST,12,100.0,2,167,59.2,72.1,56.0,3,7,508,100.0,100.0,98.6,8,12,2,882,882,0,0,882,540,540,0,0,342,0
Kyle Trout,29634,G,CINCINNATI,13,100.0,0,138,59.5,58.3,59.5,0,15,411,100.0,100.0,97.7,5,17,2,882,0,821,0,882,433,433,0,61,449,0
Ben Petrula,58533,T,BOSTON COL,12,100.0,1,121,67.2,62.9,70.5,4,17,369,100.0,100.0,96.3,6,24,3,882,0,0,0,882,377,377,2,880,505,0
Josh Watson,41677,G,WASH STATE,12,100.0,2,341,60.5,62.5,57.8,4,37,644,100.0,100.0,96.8,5,41,0,881,0,0,5,881,669,669,875,0,212,0
Matt McCann,46926,T,PURDUE,13,100.0,0,273,54.2,52.6,52.7,9,16,525,100.0,100.0,96.9,4,29,4,881,0,2,0,881,560,560,144,735,321,0
Mitch Hyatt,46233,T,CLEMSON,15,99.9,0,140,71.9,70.7,67.9,2,11,462,99.8,99.8,98.4,2,14,1,880,0,0,879,881,478,479,0,0,402,1
Ross Reynolds,46142,G,IOWA,13,100.0,0,192,79.2,72.3,80.3,2,5,431,100.0,100.0,98.5,2,10,3,879,0,879,0,879,456,456,0,0,423,0
Ryan Bates,28300,T,PENN STATE,13,100.0,0,266,81.0,79.2,76.9,1,15,454,100.0,100.0,97.6,2,19,3,879,0,0,604,879,476,476,0,275,403,0
Dru Samia,45376,G,OKLAHOMA,14,100.0,0,261,67.0,78.8,62.7,2,9,440,100.0,100.0,98.7,3,11,0,879,0,0,0,879,463,463,879,0,416,0
Simon Stepaniak,46773,G,INDIANA,12,100.0,1,190,60.3,56.9,61.5,6,19,508,100.0,100.0,97.1,6,27,2,878,0,0,0,878,550,550,878,0,328,0
Rishard Cook,60159,G,UAB,13,100.0,2,321,63.4,80.7,59.9,2,7,348,100.0,100.0,98.4,7,10,1,878,0,878,0,878,356,356,0,0,522,0
Tony Barnett,37068,G,DOMINION,12,100.0,0,263,60.7,75.0,53.1,2,15,515,100.0,100.0,98.2,1,18,1,878,0,833,0,878,545,545,0,45,333,0
Austin Schuffert,36394,T,ARMY,13,100.0,1,114,66.2,24.9,67.3,5,4,101,100.0,100.0,95.5,4,9,0,878,0,3,686,878,103,103,0,188,775,1
Jaxson Deaton,40011,G,ARMY,13,100.0,0,114,71.9,73.8,71.5,1,1,101,100.0,100.0,99.0,5,2,0,877,0,846,0,877,103,103,28,3,774,0
Cody Ford,39805,T,OKLAHOMA,14,100.0,1,261,76.5,85.2,72.2,0,6,440,100.0,100.0,99.1,10,7,1,877,0,0,0,877,463,463,0,877,414,0
Creed Humphrey,59996,C,OKLAHOMA,14,100.0,0,261,80.0,84.4,77.6,1,9,437,100.0,100.0,98.9,4,10,0,877,877,0,0,877,460,460,0,0,417,0
Cam DeGeorge,41469,G,UCONN,12,100.0,0,146,69.2,88.6,63.8,2,2,420,100.0,100.0,99.3,3,5,1,877,0,874,0,877,444,444,0,0,433,3
Bobby Evans,36800,T,OKLAHOMA,14,100.0,1,261,72.7,78.2,69.8,3,14,440,100.0,100.0,97.4,7,20,3,877,0,0,877,877,463,463,0,0,414,0
Marcus Applefield,46668,T,VIRGINIA,13,100.0,0,335,61.6,69.0,56.4,2,12,447,100.2,100.2,98.2,3,15,1,876,0,0,0,876,470,469,3,872,406,0
Ben Bredeson,27305,G,MICHIGAN,13,100.0,0,222,68.5,85.4,62.8,1,3,383,100.0,100.0,99.0,0,6,2,875,0,874,0,875,404,404,0,0,471,0
Mike Onwenu,27357,G,MICHIGAN,13,100.0,1,222,66.1,87.6,60.7,0,3,383,100.0,100.0,99.3,2,4,1,875,0,0,0,875,404,404,874,0,471,0
Kevin Dotson,46735,G,LA LAFAYET,14,100.0,0,207,75.7,87.6,72.8,1,3,388,100.0,100.0,99.2,2,5,1,875,0,0,0,875,403,403,872,3,472,0
Colby Pursell,41506,C,COLORADO,12,100.0,0,143,60.6,68.5,58.0,2,13,470,100.0,100.0,97.6,5,19,4,874,874,0,0,874,507,507,0,0,367,0
Aaron Monteiro,25693,T,BOSTON COL,12,100.0,2,121,74.7,67.1,77.1,3,12,364,100.0,100.0,96.8,7,19,4,874,0,0,873,874,372,372,0,0,502,0
Cesar Ruiz,59857,C,MICHIGAN,13,100.0,0,222,65.9,77.6,61.1,2,7,382,100.0,100.0,98.6,1,10,1,873,873,0,0,873,403,403,0,0,470,0
Jon Runyan,36661,T,MICHIGAN,13,99.9,0,222,69.9,74.2,64.0,2,11,382,99.7,99.8,98.0,1,14,1,873,0,0,863,874,403,404,0,0,470,11
Bruno Reagan,46684,C,VANDERBILT,13,100.0,0,333,79.9,73.0,80.7,4,5,451,100.0,100.0,99.0,2,9,0,873,577,0,0,873,477,477,296,0,396,0
Andre James,47058,T,UCLA,12,99.9,0,324,63.4,62.4,62.1,7,20,467,99.8,99.8,95.8,3,33,6,873,0,0,847,874,488,489,0,0,385,26
Blake Brandel,46282,T,OREGON ST,12,100.0,0,265,71.0,72.6,66.2,6,13,477,100.0,100.0,95.7,1,30,11,871,0,0,871,871,493,493,0,0,378,0
Nathan Jacobson,46871,T,UNLV,12,100.0,1,325,73.3,70.7,73.5,3,11,399,100.0,100.0,96.5,7,21,7,871,0,0,36,871,422,422,0,824,449,11
Paul Nosworthy,36547,G,BUFFALO,13,100.0,0,126,75.8,76.8,75.5,0,6,398,100.0,100.0,99.0,4,7,1,869,0,869,0,869,432,432,0,0,437,0
Bryce Holland,31126,C,ARMY,13,100.0,0,114,76.8,65.0,76.8,4,0,100,100.0,100.0,98.0,5,4,0,869,868,0,0,869,102,102,0,0,767,1
Josh Sills,41748,G,W VIRGINIA,12,100.0,1,343,71.6,76.9,70.7,2,10,482,100.0,100.0,98.3,6,14,2,868,0,780,0,868,508,508,57,31,360,0
Braxton Pfaff,46737,G,VA TECH,13,100.0,0,337,58.9,65.0,58.6,4,18,421,100.0,100.0,97.1,6,23,1,868,0,0,0,868,443,443,868,0,425,0
Shea Baker,52215,C,RICE,13,100.0,0,275,54.0,60.7,51.8,1,4,407,100.0,100.0,99.1,4,6,1,865,864,0,0,865,424,424,0,0,441,1
Julian Good-Jones,36624,T,IOWA STATE,13,100.0,0,193,56.7,49.9,58.4,9,18,423,100.0,100.0,95.9,4,31,4,865,59,0,804,865,455,455,0,0,410,2
Chris Lindstrom,46692,G,BOSTON COL,12,100.0,0,121,75.9,91.6,70.7,0,4,363,100.0,100.0,99.4,1,4,0,864,0,0,0,864,371,371,862,2,493,0
Jack Kramer,37006,C,BOWL GREEN,12,100.0,0,122,67.5,76.9,62.2,1,13,442,100.0,100.0,98.0,1,16,2,863,453,408,0,863,476,476,0,0,387,0
Ryan Pope,32587,T,S DIEGO ST,13,100.0,1,284,65.4,66.7,67.5,3,10,376,100.0,100.0,97.5,14,16,3,861,0,0,183,861,406,406,0,677,455,1
Zac Ricketts,36953,G,BALL ST,11,100.0,1,117,60.9,73.1,56.2,3,13,491,100.0,100.0,98.4,3,16,0,861,0,781,0,861,520,520,78,0,341,1
J.B. Butler,29441,G,NWESTERN,13,100.0,0,256,53.1,41.6,54.2,2,14,453,100.0,100.0,97.4,3,20,4,860,0,859,0,860,481,481,0,0,379,0
Michael Deiter,38554,G,WISCONSIN,13,100.0,0,349,82.2,82.1,82.8,0,9,329,100.0,100.0,98.3,7,10,1,860,0,860,0,860,348,348,0,0,512,0
Connor McGovern,41714,G,PENN STATE,13,100.0,1,266,73.0,76.9,72.5,1,10,444,100.0,100.0,97.9,4,15,4,860,66,0,0,860,464,464,794,0,396,0
Kalei Meyer,48728,G,NEVADA,13,100.0,2,239,53.3,48.0,52.9,8,19,490,100.0,100.0,96.8,2,29,2,859,243,36,0,859,505,505,580,0,354,0
Mike Herndon,28367,G,PITTSBURGH,14,100.0,0,268,69.3,81.1,67.1,1,8,360,100.0,100.0,98.7,5,9,0,859,0,1,0,859,378,378,858,0,481,0
Justin Skule,38951,T,VANDERBILT,13,100.0,0,333,74.3,78.8,68.7,3,16,446,100.0,100.0,97.6,3,20,1,859,0,0,859,859,472,472,0,0,387,0
Isaiah Wilson,59704,T,GEORGIA,14,100.0,0,173,76.1,77.1,72.5,3,11,384,100.0,100.0,97.9,5,15,1,858,0,0,0,858,400,400,0,855,458,1
Josh Knipfel,59756,G,IOWA STATE,13,100.0,2,193,62.3,72.4,59.6,3,12,418,100.0,100.0,98.2,4,15,0,858,0,0,0,858,450,450,858,0,408,0
John Simpson,41715,G,CLEMSON,15,100.0,0,140,68.9,76.0,66.5,1,6,461,100.0,100.0,99.0,5,8,1,857,0,855,1,857,481,481,0,0,376,0
Larry Williams,46718,G,OKLA STATE,12,100.0,0,262,58.4,64.1,56.3,4,16,464,100.0,100.0,96.8,4,25,5,857,0,72,0,857,495,495,785,0,362,0
Javon Patterson,46040,G,OLE MISS,12,100.0,0,226,65.2,86.9,56.8,1,8,493,100.0,100.0,99.1,2,9,0,856,0,856,0,856,524,524,0,0,332,0
Tyler Higby,37065,G,MICH STATE,13,100.0,1,223,60.3,66.7,56.5,3,10,477,100.0,100.0,98.2,3,15,2,855,92,550,208,855,500,500,0,0,355,1
JB Hunter,58509,T,ARMY,13,99.6,1,114,67.4,60.0,66.4,5,2,98,97.0,97.1,96.4,4,7,0,854,0,0,2,857,100,103,0,555,754,300
Ford Higgins,41067,C,NAVY,13,100.0,0,237,77.5,75.5,76.9,1,4,157,100.0,100.0,98.4,3,5,0,853,797,0,54,853,168,168,0,0,685,2
Matt Peart,46179,T,UCONN,12,100.0,0,146,68.1,75.5,70.7,4,13,400,100.0,100.0,97.4,11,19,2,853,0,3,0,853,424,424,0,845,429,4
Sam Pierce,46966,T,RICE,13,100.0,0,275,62.5,64.5,60.1,1,16,401,100.0,100.0,97.1,5,20,3,853,0,0,2,853,419,419,0,832,434,19
Connor Dintino,28314,G,PITTSBURGH,14,100.0,0,268,75.8,74.9,74.3,0,6,355,100.0,100.0,98.9,2,7,1,852,200,650,0,852,374,374,0,0,478,0
Matt Farniok,41585,T,NEBRASKA,12,100.0,1,238,54.0,48.4,56.2,3,25,453,100.0,100.0,96.2,5,31,3,851,0,0,7,851,471,471,0,843,380,0
Devin Cochran,41198,T,VANDERBILT,13,100.0,1,333,70.5,72.1,68.1,2,12,442,100.0,100.0,97.7,5,17,3,850,0,0,0,850,470,470,0,849,380,1
Jerald Foster,45497,G,NEBRASKA,12,100.0,0,238,59.0,75.6,54.3,0,9,453,100.0,100.0,98.8,6,10,1,850,0,850,0,850,471,471,0,0,379,0
Brenden Jaimes,59909,T,NEBRASKA,12,100.0,0,238,60.6,67.1,56.7,4,11,453,100.0,100.0,97.5,4,19,4,849,0,0,839,849,470,470,0,0,379,10
Ryan Van Demark,55113,T,UCONN,12,100.0,0,146,62.8,75.1,56.6,5,20,409,100.0,100.0,96.5,4,27,2,849,0,0,842,849,432,432,0,0,417,4
Alex Palczewski,59738,T,ILLINOIS,12,100.0,1,187,80.4,73.0,79.3,1,12,392,100.0,100.0,96.8,3,19,6,847,0,0,0,847,421,421,0,847,426,0
Nick Allegretti,39268,G,ILLINOIS,12,100.0,1,187,77.6,90.3,73.7,0,5,392,100.0,100.0,99.4,2,5,0,846,8,0,0,846,421,421,838,0,425,0
Chris Murray,81885,G,UCLA,12,100.0,2,324,46.8,42.0,50.6,5,21,451,100.0,100.0,96.7,9,28,2,846,197,0,0,846,471,471,649,0,375,0
Marquel Harrell,37373,G,AUBURN,13,100.0,0,115,68.5,86.2,63.2,2,2,428,100.0,100.0,99.3,3,5,1,846,0,844,0,846,449,449,0,0,397,1
Kendrick Green,56642,G,ILLINOIS,12,100.0,2,187,59.0,67.6,60.6,3,11,391,100.0,100.0,98.0,9,15,1,846,0,846,0,846,420,420,0,0,426,0
Beau Benzschawel,46801,G,WISCONSIN,13,100.0,0,349,89.3,88.5,88.9,0,4,323,100.0,100.0,98.8,3,6,2,845,0,0,0,845,342,342,845,0,503,0
Noah Hannon,58480,C,APP STATE,13,100.0,0,108,73.8,72.8,75.0,1,8,357,100.0,100.0,97.9,5,12,3,845,845,0,0,845,379,379,0,0,466,0
Ryan Nelson,62778,T,VIRGINIA,13,100.0,0,335,54.3,69.4,48.5,0,18,431,100.2,100.2,97.7,4,19,1,843,0,67,765,843,453,452,10,0,390,0
Drake Jackson,40872,C,KENTUCKY,13,100.0,0,202,72.8,79.3,69.2,0,9,349,100.0,100.0,98.7,4,9,0,843,843,0,0,843,374,374,0,0,469,0
Kevin Pendleton,46119,G,MISSOURI,12,100.0,0,229,53.1,46.0,53.6,4,13,395,100.0,100.0,97.3,3,19,2,842,0,842,0,842,421,421,0,0,421,0
Chandler Greer,27873,T,APP STATE,13,99.8,2,108,53.7,65.1,53.4,4,13,354,99.4,99.5,97.3,10,18,1,842,0,0,0,844,376,378,0,828,466,16
Brian Ankerson,41827,C,S ALABAMA,12,100.0,0,288,54.2,40.7,56.6,1,11,364,100.0,100.0,97.5,2,15,3,841,841,0,0,841,389,389,0,0,452,0
Michal Menet,41448,C,PENN STATE,12,100.0,0,266,73.4,72.8,71.9,3,14,430,100.0,100.0,97.6,2,19,2,839,839,0,0,839,451,451,0,0,388,0
Doug Kramer,41458,C,ILLINOIS,12,100.0,0,187,71.1,84.1,67.0,0,7,386,100.0,100.0,98.8,7,8,1,838,838,0,0,838,415,415,0,0,423,0
Chris Ferguson,31490,T,CINCINNATI,12,100.0,0,138,66.0,71.9,64.2,3,8,376,100.0,100.0,97.5,6,15,4,838,0,0,0,838,397,397,0,838,441,0
Valentino Daltoso,40467,G,CAL,13,100.0,1,130,68.7,79.4,65.2,2,13,460,100.0,100.0,97.9,5,17,2,837,0,568,140,837,485,485,103,26,352,0
Martez Ivey,46178,T,FLORIDA,13,100.0,1,163,60.6,65.3,59.9,7,9,384,100.0,100.0,97.1,7,19,3,837,0,0,834,837,405,405,0,0,432,3
Quin Ficklin,36230,C,UTAH ST,13,100.0,0,329,63.8,71.1,62.8,6,8,448,100.0,100.0,98.4,7,14,0,836,836,0,0,836,472,472,0,0,364,0
Larnel Coleman,44146,T,UMASS,12,99.9,0,216,62.8,58.3,64.2,4,31,475,99.8,99.8,96.1,3,36,1,836,0,0,69,837,504,505,0,741,332,26
Parker Braun,40258,G,GA TECH,13,100.0,0,176,72.0,60.5,71.1,2,7,152,100.0,100.0,96.4,1,10,1,835,0,835,0,835,161,161,0,0,674,0
Joe Anderson,46742,G,OHIO,13,100.0,0,259,78.5,77.5,74.6,1,7,351,100.0,100.0,98.3,0,10,2,834,0,823,11,834,374,374,0,0,460,0
Austen Pleasants,37066,T,OHIO,13,100.0,0,259,72.0,61.7,73.6,1,10,350,100.0,100.0,97.3,2,15,4,834,0,0,0,834,373,373,0,834,461,0
Curtis Blackwell,58521,G,BALL ST,12,100.0,0,117,65.2,81.3,61.6,2,11,487,100.0,100.0,98.7,7,13,0,833,0,0,1,833,511,511,811,20,322,0
Ryan Neuzil,41123,G,APP STATE,13,100.0,0,108,71.0,75.3,69.6,2,4,353,100.0,100.0,98.6,2,8,2,833,1,832,0,833,375,375,0,0,458,0
Tyler Jordan,46662,G,FLORIDA,13,100.0,1,163,57.9,60.2,54.8,3,11,383,100.0,100.0,97.7,1,16,2,833,43,790,0,833,403,403,0,0,430,0
Tyler Biadasz,41178,C,WISCONSIN,13,100.0,0,349,86.7,78.2,87.0,4,4,314,100.0,100.0,97.8,4,11,3,833,833,0,0,833,332,332,0,0,501,0
Mason Denley,46032,G,HOUSTON,12,100.0,0,182,62.2,73.6,58.0,3,10,454,100.0,100.0,98.3,4,14,1,832,0,832,0,832,484,484,0,0,348,0
Roman Andrus,36585,G,UTAH ST,13,100.0,0,329,70.7,69.7,71.5,7,7,445,100.0,100.0,98.2,4,15,1,832,0,566,174,832,469,469,7,85,363,0
Austin Deculus,59821,T,LSU,12,100.0,0,211,52.2,57.1,52.5,3,19,380,100.0,100.0,96.3,6,25,3,830,0,0,58,830,407,407,0,769,423,3
Jack Snyder,41119,T,S JOSE ST,12,100.0,0,285,71.2,78.1,59.1,3,15,512,100.0,100.0,97.9,0,20,2,830,0,0,736,830,535,535,0,91,295,2
Jaelin Fisher,41571,C,CHARLOTTE,12,100.0,0,136,58.5,73.7,55.7,5,8,375,100.0,100.0,97.5,6,16,3,828,828,0,0,828,397,397,0,0,431,0
Alex Bookser,46672,T,PITTSBURGH,13,100.0,0,268,61.0,59.0,64.2,5,17,349,100.0,100.0,96.3,10,24,2,827,0,0,4,827,366,366,1,816,461,6
Ben Powers,41482,G,OKLAHOMA,13,100.0,2,261,63.5,88.9,56.2,2,5,413,100.0,100.0,99.2,4,7,0,827,0,827,0,827,434,434,0,0,393,0
Marcus Keyes,46187,G,OKLA STATE,13,100.0,0,262,66.1,78.6,61.0,2,10,439,100.0,100.0,98.4,2,13,1,826,0,826,0,826,471,471,0,0,355,0
Cameron Clark,46229,T,CHARLOTTE,12,100.0,0,136,79.9,85.7,73.7,1,11,371,100.0,100.0,97.6,2,15,3,826,0,0,822,826,395,395,2,0,431,2
Coy Cronk,46235,T,INDIANA,11,100.0,1,190,73.1,71.2,72.7,4,18,465,100.0,100.0,96.8,4,26,4,824,0,0,824,824,504,504,0,0,320,0
Chris Brown,46037,G,USC,12,100.0,0,326,76.8,83.8,74.6,1,3,445,100.0,100.0,99.3,2,5,1,824,0,823,0,824,474,474,0,0,350,0
Jake Fieler,46164,G,VIRGINIA,13,100.0,1,335,56.5,50.6,59.9,1,14,423,100.2,100.2,97.3,7,19,4,824,159,0,0,824,444,443,665,0,380,0
Jack Wohlabaugh,41710,C,DUKE,13,100.0,0,154,57.9,55.4,56.2,5,12,467,100.0,100.0,97.8,0,19,2,824,815,9,0,824,484,484,0,0,340,0
Sami Kassem,12375,G,TOLEDO,12,100.0,2,316,62.5,54.5,63.1,7,10,406,100.0,100.0,96.9,4,21,4,824,10,814,0,824,435,435,0,0,389,0
Andrew Poenitsch,36629,T,BALL ST,11,99.9,0,117,64.6,72.5,61.7,4,25,473,100.0,99.8,96.5,3,31,2,824,242,0,581,825,499,500,0,1,325,1
Mike Horton,25577,G,AUBURN,13,99.9,0,115,62.9,76.0,60.3,2,14,421,100.0,99.8,97.4,5,19,3,823,0,0,0,824,441,442,822,0,382,1
Troy Kowalski,46352,G,S JOSE ST,12,100.0,0,285,67.2,73.3,63.3,4,7,507,100.0,100.0,98.3,4,14,3,823,0,726,92,823,529,529,0,4,294,0
Austin Jackson,60816,T,USC,12,100.0,0,326,72.2,78.7,68.9,3,12,443,100.0,100.0,97.9,5,17,2,822,0,0,819,822,472,472,0,0,350,1
Hakeem Adeniji,45419,T,KANSAS,12,100.0,0,198,64.6,76.5,56.5,2,10,430,100.0,100.0,97.9,4,15,3,822,0,0,822,822,452,452,0,0,370,0
Steven Nielsen,26265,T,E MICHIGAN,13,100.0,0,160,71.0,73.1,71.5,2,15,439,100.0,100.0,97.6,7,19,2,822,0,0,0,822,462,462,0,820,360,0
Mike Caliendo,41446,G,W MICHIGAN,13,100.0,0,347,72.5,76.1,70.6,1,3,355,100.0,100.0,99.2,1,5,1,822,0,822,0,822,382,382,0,0,440,0
J.L. Gaston,41762,T,TROY,13,100.0,1,318,66.4,84.5,61.3,0,7,379,100.0,100.0,98.8,9,8,1,822,0,0,0,822,400,400,0,820,422,2
Keith Ismael,41878,C,S DIEGO ST,12,100.0,1,284,74.6,70.2,75.1,2,7,356,100.0,100.0,97.9,3,12,3,821,456,62,0,821,385,385,303,0,436,0
Ryan Crozier,27225,C,UCONN,12,100.0,1,146,70.8,83.9,66.6,1,6,392,100.0,100.0,98.9,4,8,1,821,821,0,0,821,416,416,0,0,405,0
Alaric Jackson,40972,T,IOWA,12,100.0,0,192,77.6,83.8,73.3,1,7,408,100.0,100.0,98.5,4,10,2,818,0,0,814,818,431,431,1,0,387,2
Jake Colman,52239,G,S JOSE ST,12,100.0,0,285,65.4,73.2,63.3,3,16,501,100.0,100.0,97.9,5,20,1,818,0,92,0,818,524,524,725,0,294,0
Bobby Reynolds,39584,C,LA MONROE,12,100.0,1,209,71.1,84.3,67.5,1,3,429,100.0,100.0,99.5,4,4,0,818,818,0,0,818,447,447,0,0,371,0
Adam Holtorf,36660,C,KANSAS ST,12,100.0,0,199,70.4,83.3,64.9,0,3,354,100.0,100.0,99.3,3,4,1,818,816,0,0,818,377,377,0,0,441,0
Jordan Budwig,22664,G,FIU,13,100.0,0,166,73.5,85.0,69.7,2,5,378,100.0,100.0,99.1,1,7,0,816,0,814,0,816,396,396,0,0,420,0
Tremayne Anchrum Jr.,41813,T,CLEMSON,15,100.0,1,140,68.6,70.6,68.4,2,8,445,100.0,100.0,98.7,6,11,1,815,0,0,0,815,463,463,0,815,352,0
Dalton Risner,47008,T,KANSAS ST,12,99.9,0,199,90.7,90.6,85.4,3,2,352,100.0,99.7,99.3,1,5,0,815,0,0,0,816,374,375,0,816,441,0
Nino Leone,41393,G,UCONN,12,100.0,0,146,70.8,76.4,67.6,6,10,394,100.0,100.0,97.2,0,19,3,815,0,0,3,815,415,415,809,3,400,0
Shamarious Gilmore,41823,G,GA STATE,12,100.0,1,175,72.3,88.0,67.5,0,6,417,100.0,100.0,99.0,4,7,1,815,0,745,0,815,443,443,0,68,372,0
Hjalte Froholdt,44959,G,ARKANSAS,12,100.0,1,111,75.1,85.4,72.0,3,3,418,100.0,100.0,99.3,4,6,0,815,260,542,0,815,440,440,13,0,375,0
Bryce Meeker,46205,T,IOWA STATE,13,100.0,2,193,57.9,65.8,53.5,5,14,399,100.0,100.0,96.9,7,22,3,814,0,0,1,814,429,429,0,812,385,1
Brock Ruble,28334,T,TOLEDO,13,99.9,1,316,59.4,69.5,56.8,2,16,409,99.8,99.8,97.3,8,20,2,814,0,0,0,815,434,435,0,809,380,6
Hunter Atkinson,36289,T,GA STATE,12,100.0,0,175,69.2,71.2,66.1,2,20,417,100.0,100.0,96.6,4,25,3,813,0,0,803,813,443,443,0,0,370,10
Ben Knox,27855,T,COLO STATE,12,100.0,1,144,59.1,56.2,61.3,7,18,491,100.0,100.0,96.4,7,30,5,813,0,0,0,813,523,523,0,813,290,0
Prince Tega Wanogho,44820,T,AUBURN,13,99.8,2,115,84.6,88.3,78.6,1,11,415,99.5,99.5,98.3,4,13,1,813,0,0,732,815,435,437,0,1,378,78
Tristan Wirfs,64818,T,IOWA,12,100.0,0,192,74.5,75.9,70.8,4,12,405,100.0,100.0,98.0,2,16,0,812,0,0,0,812,428,428,0,811,384,0
Sam McCollum,46679,G,MIAMI OH,12,100.0,0,221,69.0,86.7,62.1,0,4,419,100.0,100.0,99.5,1,4,0,812,0,812,0,812,441,441,0,0,371,0
Zack Bailey,46082,G,S CAROLINA,12,100.0,0,289,69.6,79.1,65.0,2,6,430,100.0,100.0,98.4,2,11,3,812,0,808,0,812,461,461,3,0,351,0
Dakota Tallman,26209,C,E MICHIGAN,13,100.0,1,160,61.3,68.0,57.2,2,8,433,100.0,100.0,98.6,3,11,1,811,811,0,0,811,457,457,0,0,354,0
Joe Lowery,46318,T,OHIO,13,99.9,1,259,90.1,86.3,86.4,0,7,338,99.7,99.7,98.4,4,9,2,810,0,0,811,811,360,361,0,0,450,0
Sid Acosta,60177,C,UNLV,11,100.0,0,325,59.0,73.1,53.1,2,5,389,100.0,100.0,98.3,1,10,3,809,809,0,0,809,411,411,0,0,398,0
Jordan Rigg,46316,T,MIAMI OH,12,99.9,0,221,66.0,75.0,58.3,3,11,416,99.8,99.8,97.8,5,16,2,808,0,0,804,809,438,439,0,0,370,5
Daishawn Dixon,37289,G,S DIEGO ST,12,100.0,1,284,65.2,70.3,65.0,3,7,346,100.0,100.0,98.3,7,11,1,808,0,808,0,808,376,376,0,0,432,0
Lukayus McNeil,46840,T,LOUISVILLE,12,100.0,0,210,52.9,63.4,51.2,3,17,492,100.0,100.0,97.6,8,22,2,808,0,84,275,808,504,504,96,353,304,0
Matt Jones,37327,C,W VIRGINIA,12,100.0,1,343,72.3,71.4,76.5,3,7,448,100.0,100.0,98.7,10,11,1,806,806,0,0,806,473,473,0,0,333,0
Shakir Carr,46031,G,C MICHIGAN,12,100.0,1,134,62.5,82.8,57.8,1,5,438,100.0,100.0,99.1,6,7,1,806,0,806,0,806,459,459,0,0,347,0
Colin Newell,59753,C,IOWA STATE,12,100.0,0,193,48.9,55.0,50.3,1,19,386,100.0,100.0,97.2,9,21,1,806,806,0,0,806,416,416,0,0,390,0
Gus Lavaka,41803,G,OREGON ST,12,100.0,0,265,71.0,67.9,71.2,1,9,440,100.0,100.0,97.3,3,17,7,805,0,804,0,805,454,454,0,0,351,0
Jawaan Taylor,41665,T,FLORIDA,13,100.0,1,163,80.0,76.4,83.2,1,9,364,100.0,100.0,98.4,12,11,1,805,0,0,0,805,384,384,0,805,421,0
Alex Givens,46844,T,OLE MISS,12,100.0,1,226,72.0,84.7,60.9,1,9,477,100.0,100.0,98.7,4,11,1,805,0,0,0,805,505,505,0,805,300,0
Greg Little,46254,T,OLE MISS,12,100.0,0,226,75.8,87.8,63.2,2,9,465,100.0,100.0,98.6,1,12,1,805,0,0,804,805,493,493,0,0,312,1
Justin Falcinelli,38908,C,CLEMSON,14,100.0,0,140,71.1,72.3,69.8,1,6,425,100.0,100.0,98.9,2,8,1,804,804,0,0,804,441,441,0,0,363,0
Jaelin Robinson,26501,T,TEMPLE,13,100.0,1,306,68.8,63.0,69.6,9,13,393,100.0,100.0,96.4,2,25,3,804,0,1,499,804,402,402,187,109,402,6
Kyle Stapley,81761,C,NEW MEXICO,12,100.0,0,241,61.6,73.8,56.3,1,7,341,100.0,100.0,97.4,0,13,5,804,804,0,0,804,364,364,0,0,440,0
Aaron Brewer,46014,T,TEXAS ST,12,100.0,0,314,80.7,86.1,78.8,7,8,396,100.0,100.0,97.9,8,16,1,799,386,0,412,799,413,413,0,0,386,0
Michael Maietti,40939,C,RUTGERS,12,100.0,0,278,67.0,89.7,57.5,1,4,396,100.0,100.0,99.4,3,5,0,799,799,0,0,799,422,422,0,0,377,0
Teton Saltes,42581,T,NEW MEXICO,12,100.0,1,241,59.4,63.5,56.9,3,10,338,100.0,100.0,96.9,4,17,4,798,0,0,0,798,361,361,0,798,437,0
Aaron Jenkins,46868,G,NEW MEXICO,12,100.0,0,241,64.5,79.4,60.3,1,5,338,100.0,100.0,98.5,1,8,2,798,0,0,0,798,361,361,798,0,437,0
Chris Ivy Jr.,46974,T,TULSA,12,100.0,0,320,61.4,77.7,56.5,4,8,337,100.0,100.0,97.3,5,15,3,798,0,0,794,798,355,355,0,0,443,4
Nick Polino,36717,G,N CAROLINA,11,100.0,0,245,60.4,80.2,54.6,3,8,427,100.0,100.0,98.7,4,11,0,798,0,798,0,798,441,441,0,0,357,0
Cameron Bell,39228,T,TOLEDO,13,100.0,0,316,59.2,64.4,55.5,0,15,396,100.0,100.0,96.8,3,20,5,797,0,0,788,797,423,423,0,0,374,9
Justin Witt,41782,T,NC STATE,12,100.0,0,248,66.7,75.2,61.0,2,13,404,100.0,100.0,97.9,4,16,1,795,0,0,0,795,421,421,0,777,374,18
Adam Klein,77395,T,TEMPLE,13,100.0,0,306,57.8,61.8,59.0,4,16,387,100.0,100.0,96.9,6,22,2,795,0,4,0,795,396,396,0,785,399,4
Hunter Corne,58462,G,AKRON,12,100.0,0,102,54.9,59.5,53.5,5,13,447,100.0,100.0,97.1,4,22,4,794,0,793,0,794,483,483,0,0,311,0
Will Sherman,59662,T,COLORADO,12,100.0,0,143,68.9,77.3,60.4,0,19,413,100.0,100.0,97.2,3,21,2,793,0,0,777,793,447,447,0,14,346,2
Tanner Farmer,46764,C,NEBRASKA,12,100.0,0,238,66.3,71.0,64.8,1,4,427,100.0,100.0,99.2,6,6,1,793,612,0,0,793,442,442,181,0,351,0
Peyton Reeder,56549,G,ARMY,13,100.0,0,114,66.9,49.4,66.3,1,4,91,100.0,100.0,97.3,4,5,0,793,29,18,0,793,93,93,744,0,700,2
Kyle Ritz,46690,G,AKRON,12,100.0,0,102,59.9,73.1,54.2,1,7,446,100.0,100.0,98.7,4,10,2,793,1,0,0,793,482,482,791,0,311,0
Bryce Petersen,77557,C,AKRON,12,100.0,0,102,57.5,78.8,53.3,2,7,446,100.0,100.0,98.3,10,12,3,792,792,0,0,792,482,482,0,0,310,0
Colby Meeks,46109,C,COLO STATE,12,100.0,0,144,70.4,72.6,68.0,3,12,474,100.0,100.0,98.4,1,15,0,792,792,0,0,792,503,503,0,0,289,0
Charlie Heck,36501,T,N CAROLINA,11,100.0,1,245,72.1,84.3,60.1,4,9,419,100.0,100.0,98.2,2,14,1,791,0,0,41,791,433,433,0,745,358,5
Kamaal Seymour,37020,T,RUTGERS,12,100.0,0,278,62.1,66.6,61.2,2,17,394,100.0,100.0,96.8,6,22,3,791,0,0,0,791,420,420,0,786,371,5
Jamezz Kimbrough,55052,G,C MICHIGAN,12,100.0,0,134,55.9,54.4,54.3,0,21,427,100.0,100.0,96.6,1,25,4,791,0,0,0,791,445,445,791,0,346,0
Syrus Tuitele,59696,T,FRESNO ST,12,100.0,0,169,63.9,59.2,62.7,5,17,402,100.0,100.0,96.5,0,25,3,790,0,0,0,790,417,417,0,789,373,1
Paul Stawarz,39470,C,TEXAS TECH,10,100.0,0,315,66.3,71.3,64.4,1,11,470,100.0,100.0,98.3,5,14,2,790,790,0,0,790,499,499,0,0,291,0
Walker Little,52287,T,STANFORD,12,100.0,0,300,69.3,81.2,60.0,3,6,427,100.0,100.0,98.2,4,12,3,790,0,0,783,790,464,464,0,7,326,0
Zach Shackelford,41139,C,TEXAS,11,100.0,0,311,67.0,81.0,62.8,1,11,422,100.0,100.0,98.6,5,12,0,789,789,0,0,789,440,440,0,0,349,0
Ray Thomas-Ishman,27062,T,UMASS,12,99.4,5,216,66.1,50.7,75.3,6,23,444,98.9,99.0,95.4,10,35,6,789,0,3,677,794,473,478,0,13,316,100
BJ Etienne,59686,G,FAU,12,100.0,0,165,59.0,83.4,53.6,5,4,356,100.0,100.0,98.5,5,10,1,787,0,784,0,787,375,375,0,0,412,1
Darren Drake,37207,G,CHARLOTTE,12,100.0,0,136,66.6,69.9,66.1,1,10,351,100.0,100.0,96.7,4,17,6,787,15,508,0,787,370,370,264,0,417,0
Nick Buchanan,36857,C,FLORIDA,12,100.0,0,163,56.9,64.7,53.2,2,8,354,100.0,100.0,98.3,2,11,1,786,786,0,0,786,375,375,0,0,411,0
Zach Wallace,46359,T,WYOMING,12,100.0,0,351,58.3,60.5,57.5,1,17,314,100.0,100.0,96.2,3,21,3,786,0,0,785,786,330,330,0,0,456,1
Solomon Kindley,41471,G,GEORGIA,14,100.0,2,173,75.9,88.3,72.9,1,5,355,100.0,100.0,99.2,5,6,0,785,0,785,0,785,370,370,0,0,415,0
Steven Bedosky,54493,T,COAST CAR,12,100.0,0,141,63.7,54.3,64.6,5,8,318,100.0,100.0,96.4,2,18,5,785,0,0,780,785,336,336,0,3,449,2
Christian Darrisaw,77373,T,VA TECH,12,100.0,0,337,68.5,77.4,66.0,3,5,397,100.0,100.0,98.0,6,12,4,785,0,0,785,785,419,419,0,0,366,0
Tyree St. Louis,46252,T,MIAMI FL,13,100.0,0,220,65.5,75.5,59.1,6,11,401,100.0,100.0,96.9,3,21,4,785,0,0,780,785,421,421,0,4,364,0
Anthony Palomares,59916,G,NEVADA,13,100.0,1,239,63.4,71.0,62.4,2,12,444,100.0,100.0,98.4,4,14,0,782,0,782,0,782,463,463,0,0,319,0
Tyler Gauthier,46788,C,MIAMI FL,12,100.0,0,220,68.0,72.2,65.8,1,9,398,100.0,100.0,98.7,2,10,0,782,782,0,0,782,418,418,0,0,364,0
Trey Carter,54494,C,COAST CAR,12,100.0,0,141,66.9,80.5,65.3,2,5,321,100.0,100.0,97.4,8,12,5,781,781,0,0,781,339,339,0,0,442,0
Shane Evans,26330,G,PURDUE,11,100.0,0,273,59.8,66.4,55.0,4,9,481,100.0,100.0,98.6,2,13,0,781,0,778,0,781,512,512,0,0,269,2
Brock Hoffman,54535,G,COAST CAR,12,100.0,0,141,58.6,69.7,55.1,2,4,321,100.0,100.0,97.8,3,10,4,781,0,0,0,781,339,339,781,0,442,0
Arvin Fletcher,41722,G,SO MISS,11,100.0,0,296,58.8,75.8,51.6,4,14,433,100.0,100.0,97.5,3,20,2,778,46,600,0,778,455,455,0,130,323,1
Keegan Cryder,57110,C,WYOMING,12,100.0,0,351,72.8,55.8,74.9,1,11,314,100.0,100.0,97.8,2,13,1,778,517,225,0,778,330,330,36,0,448,0
Trevor Brown,46388,T,AKRON,12,100.0,2,102,60.7,68.0,55.3,3,14,444,100.0,100.0,97.0,10,22,5,776,0,0,776,776,479,479,0,0,297,0
Bobby DeHaro,60194,G,UTEP,12,100.0,0,330,59.4,70.4,57.2,6,10,390,100.0,100.0,97.7,5,17,1,775,0,721,54,775,409,409,0,0,366,0
T.J. Fiailoa,39844,G,LA MONROE,12,100.0,0,209,62.4,83.9,56.2,1,6,402,100.0,100.0,98.9,3,8,1,774,0,0,0,774,420,420,774,0,354,0
Vederian Lowe,59741,T,ILLINOIS,12,100.0,1,187,64.0,70.1,59.5,1,12,366,100.0,100.0,98.0,5,14,1,773,0,0,773,773,391,391,0,0,382,0
Elgton Jenkins,46298,C,MISS STATE,13,100.0,0,227,77.6,83.9,72.9,0,4,351,100.0,100.0,99.1,1,5,1,773,773,0,0,773,369,369,0,0,404,0
Tommy Kraemer,40976,G,NOTRE DAME,12,100.0,2,258,66.3,67.3,65.9,5,10,402,100.0,100.0,98.1,4,15,0,773,0,0,0,773,420,420,760,13,353,0
Travis Bruffy,42074,T,TEXAS TECH,11,100.0,1,315,66.1,70.6,59.5,3,21,474,100.0,100.0,96.8,4,27,3,771,0,0,768,771,498,498,0,1,273,2
Saahdiq Charles,59820,T,LSU,10,100.0,1,211,62.5,63.5,62.6,6,15,365,100.0,100.0,95.8,7,26,5,771,0,0,769,771,390,390,0,0,381,2
Austin Labus,39269,T,BOWL GREEN,11,100.0,1,122,57.5,60.3,56.0,3,14,399,100.0,100.0,96.9,6,21,4,771,0,0,0,771,429,429,0,771,342,0
Zach Quinney,62969,T,GA TECH,13,100.0,0,176,68.0,71.8,66.5,1,5,134,100.0,100.0,97.0,3,7,1,770,0,0,727,770,143,143,0,0,627,43
Keaton Sutherland,46035,G,TEXAS A&M,12,100.0,1,312,56.3,49.3,58.2,6,19,387,100.0,100.0,96.0,5,28,3,770,0,372,0,770,424,424,398,0,346,0
O'Shea Dugas,46157,T,LA TECH,12,99.9,1,208,65.6,70.2,68.3,5,17,446,99.8,99.8,96.4,9,27,5,769,0,0,766,770,469,470,0,0,300,3
Demetris Harris,52295,G,USF,11,100.0,1,327,62.6,86.7,55.1,0,5,402,100.0,100.0,99.1,3,6,1,769,0,769,0,769,424,424,0,0,345,0
Josh Dunlop,60821,T,UTSA,12,100.0,0,331,66.8,78.3,57.0,2,14,483,100.0,100.0,97.9,1,18,2,768,0,0,73,768,498,498,271,419,270,5
Taaga Tuulima,38661,C,HAWAII,11,100.0,0,180,66.1,80.8,57.1,2,9,486,100.0,100.0,98.9,3,11,0,767,767,0,0,767,511,511,0,0,256,0
Chris Gaynor,46814,G,TCU,12,100.0,1,305,58.6,71.1,56.0,2,6,390,100.0,100.0,99.0,4,8,0,767,181,165,0,767,398,398,421,0,369,0
Scott Frantz,26882,T,KANSAS ST,12,100.0,0,199,60.8,82.4,52.1,2,12,332,100.0,100.0,97.3,6,16,2,767,0,0,765,767,355,355,0,0,412,0
Mekhi Becton,59818,T,LOUISVILLE,12,99.9,0,210,68.4,60.4,73.7,4,23,474,100.0,100.0,96.5,4,30,3,767,0,0,414,768,485,485,0,349,282,4
Cole Schneider,55401,G,UCF,13,100.0,0,323,60.9,83.8,54.7,0,3,337,100.0,100.0,98.7,1,6,3,766,0,460,0,766,358,358,305,0,408,1
Johnny Gibson Jr.,39084,G,ARKANSAS,12,100.0,0,111,60.7,70.5,56.5,4,13,387,100.0,100.0,97.3,2,19,2,762,0,0,0,762,410,410,762,0,352,0
Reece Jordan,55554,C,TEXAS ST,12,100.0,0,314,62.3,74.5,57.7,1,9,381,100.0,100.0,98.7,3,10,0,762,413,3,0,762,398,398,346,0,364,0
Chris Estrella,59923,T,NEW MEXICO,12,100.0,0,241,64.2,77.5,59.8,3,6,323,100.0,100.0,98.3,3,10,1,761,0,361,400,761,344,344,0,0,417,0
Navaughn Donaldson,59848,G,MIAMI FL,13,100.0,0,220,69.8,72.7,70.1,4,15,389,100.0,100.0,96.8,4,22,3,761,0,0,4,761,408,408,383,373,353,0
Rakavius Chambers,57099,G,DUKE,13,100.0,2,154,57.9,57.4,56.1,2,11,436,100.0,100.0,97.8,2,16,3,761,0,0,0,761,450,450,761,0,311,0
Dillon Reinkensmeyer,39838,C,VIRGINIA,13,100.0,1,335,67.1,73.3,69.2,0,8,402,100.2,100.2,98.3,9,11,3,760,697,0,0,760,421,420,63,0,339,0
Lamont Gaillard,46618,C,GEORGIA,14,100.0,0,173,78.2,77.9,77.1,0,7,352,100.0,100.0,98.7,2,8,1,759,759,0,0,759,367,367,0,0,392,0
Christian Harris,46371,T,DUKE,13,100.0,0,154,54.4,51.8,59.8,5,13,443,100.0,100.0,96.6,6,24,6,758,0,0,758,758,460,460,0,0,298,0
Durrell Wood,46665,G,OHIO,13,100.0,0,259,66.2,69.8,64.3,1,7,326,100.0,100.0,98.5,3,9,1,758,0,0,0,758,345,345,758,0,413,0
Dennis Daley,60063,T,S CAROLINA,12,99.9,0,289,67.0,63.5,67.5,3,16,423,99.8,99.8,96.8,3,23,4,757,0,0,735,758,453,454,0,7,304,6
Linwood Foy,46259,G,LOUISVILLE,12,100.0,0,210,48.6,45.6,47.6,10,24,458,100.0,100.0,96.1,2,35,1,756,0,361,92,756,467,467,226,77,289,0
Brian Wallace,27847,T,ARKANSAS,12,100.0,1,111,62.7,68.7,59.1,8,17,392,100.0,100.0,96.0,5,28,3,756,0,0,1,756,411,411,0,755,345,0
Jake Burton,43915,T,UCLA,12,99.9,2,324,58.8,56.4,65.2,3,16,405,99.8,99.8,96.4,9,24,5,753,0,0,9,754,422,423,0,743,331,1
Will Fries,41530,T,PENN STATE,13,100.0,1,266,57.1,40.6,65.3,7,24,385,100.0,100.0,93.9,1,39,8,753,0,0,288,753,406,406,0,465,347,0
Ryan Alexander,47052,T,S ALABAMA,12,100.0,0,288,66.9,71.9,67.1,1,10,325,100.0,100.0,98.0,4,12,1,752,0,0,0,752,348,348,0,751,404,1
Michael Alves,41170,G,UCLA,12,100.0,0,324,64.2,58.3,63.9,2,21,403,100.0,100.0,97.1,0,23,0,751,0,751,0,751,421,421,0,0,330,0
Chris Beech,40937,C,BALL ST,11,100.0,0,117,63.6,74.6,58.3,2,5,428,100.0,100.0,98.7,6,9,2,750,686,62,0,750,455,455,0,0,295,1
Collin Olson,36523,G,IOWA STATE,12,100.0,1,193,63.4,72.1,61.5,2,11,355,100.0,100.0,98.2,4,13,0,749,0,735,0,749,384,384,8,0,365,4
A.T. Hall,47000,T,STANFORD,13,100.0,2,300,59.1,70.8,55.7,6,10,418,100.0,100.0,97.6,10,18,2,749,0,0,0,749,454,454,0,749,295,0
Deion Calhoun,46676,G,MISS STATE,13,100.0,0,227,69.4,70.9,68.9,4,7,337,100.0,100.0,97.8,5,13,2,748,0,0,0,748,356,356,748,0,392,0
Danny Godlevske,40471,C,MIAMI OH,12,100.0,0,221,68.9,81.6,62.2,3,5,386,100.0,100.0,98.4,2,10,2,748,748,0,0,748,407,407,0,0,341,0
Andrew Wood,46990,T,NAVY,13,100.0,0,237,70.2,66.1,68.1,1,9,134,100.0,100.0,96.3,3,10,0,747,0,0,35,747,142,142,0,711,605,0
Jon Baker,45566,C,BOSTON COL,11,100.0,2,121,67.3,52.6,69.8,2,10,324,100.0,100.0,97.8,6,13,1,747,747,0,0,747,330,330,0,0,417,0
Evan Adams,46802,G,SYRACUSE,13,100.0,1,304,63.0,73.4,62.5,1,7,365,100.0,100.0,98.9,5,8,0,747,0,0,0,747,393,393,747,0,354,0
Donnell Greene,41770,T,MINNESOTA,11,100.0,1,225,74.9,73.2,73.9,3,7,336,100.0,100.0,97.9,5,12,2,746,0,0,744,746,362,362,0,1,384,0
Toa Lobendahn,45551,C,USC,11,99.9,1,326,48.1,58.7,51.8,0,10,405,100.0,100.0,98.8,10,10,0,745,746,0,0,746,431,431,0,0,314,0
Austin Stidham,60135,T,TROY,13,99.9,0,318,62.2,82.7,53.9,2,4,345,99.7,99.7,98.8,4,7,1,745,0,1,742,746,362,363,1,0,383,2
Jarrett LaRubbio,28571,G,MIAMI OH,11,100.0,1,221,53.2,58.2,51.2,1,18,398,100.0,100.0,97.6,5,19,0,744,0,0,0,744,420,420,744,0,324,0
Sean Taylor,41387,T,UTAH ST,13,100.0,2,329,67.0,78.7,63.9,3,4,410,100.0,100.0,98.7,9,9,2,743,0,0,0,743,433,433,0,743,310,0
Cole Bentley,59816,C,LOUISVILLE,12,100.0,1,210,55.8,48.6,57.6,2,19,445,100.0,100.0,97.2,3,23,2,741,473,117,0,741,457,457,151,0,284,0
Alex Fontana,46033,C,KANSAS,12,100.0,0,198,50.0,66.1,46.6,0,4,390,100.0,100.0,98.7,7,7,3,739,739,0,0,739,410,410,0,0,329,0
Ethan Howard,54499,T,COAST CAR,12,100.0,0,141,62.2,54.8,64.7,1,17,305,100.0,100.0,96.1,5,21,3,739,0,0,0,739,322,322,0,739,417,0
Nathan Veloz,37180,G,N ILLINOIS,14,100.0,0,254,60.0,73.6,56.5,2,9,347,100.0,100.0,97.3,3,15,4,737,0,0,0,737,366,366,735,0,371,0
Drake Dorbeck,37286,T,SO MISS,11,100.0,0,296,70.4,88.4,59.0,0,4,404,100.0,100.0,97.8,3,11,7,737,0,1,396,737,425,425,0,337,312,1
Scott Hattok,58457,T,AIR FORCE,12,99.7,1,101,72.2,69.4,73.0,0,5,159,98.8,98.8,97.2,6,7,2,734,0,0,0,736,169,171,0,629,565,106
Jimmy Leatiota,26267,G,E MICHIGAN,11,100.0,0,160,65.7,79.3,62.7,2,9,384,100.0,100.0,98.3,3,12,1,734,0,0,0,734,402,402,734,0,332,0
Tomas Jack-Kurdyla,45284,G,BUFFALO,14,100.0,0,126,69.8,68.4,69.3,0,11,343,100.0,100.0,97.8,3,13,2,734,0,0,0,734,372,372,734,0,362,0
Jonah Jackson,37070,G,RUTGERS,11,100.0,0,278,73.8,87.1,70.3,0,7,376,100.0,100.0,99.1,2,7,0,733,0,0,0,733,398,398,733,0,335,0
Michael Arnold,41417,G,FLORIDA ST,12,100.0,0,167,58.9,68.4,53.3,6,18,431,100.0,100.0,97.2,2,24,0,733,0,0,0,733,456,456,733,0,277,0
Kammy Delp,29628,G,OREGON ST,12,100.0,0,265,58.3,60.6,55.9,2,17,395,100.0,100.0,97.1,1,21,2,731,0,0,0,731,408,408,728,0,323,0
Jeremiah Culbreth,46329,T,GA SOUTHRN,13,100.0,0,174,62.7,62.9,62.3,1,5,146,100.0,100.0,95.9,3,9,3,731,0,0,731,731,154,154,0,0,577,0
Stewart Reese,41113,T,MISS STATE,13,100.0,0,227,65.5,67.8,62.7,4,15,337,100.0,100.0,96.3,2,22,3,729,0,0,0,729,350,350,0,728,379,1
Jack Driscoll,27064,T,AUBURN,12,100.0,0,115,77.9,85.8,70.3,2,10,366,100.0,100.0,98.4,3,12,0,727,0,0,1,727,387,387,0,722,340,3
Curtis Rainey,46687,C,GA SOUTHRN,13,100.0,0,174,65.9,54.4,66.2,2,2,154,100.0,100.0,97.4,2,6,2,723,722,1,0,723,162,162,0,0,561,0
Ben Brown,59869,G,OLE MISS,12,100.0,0,226,61.9,81.6,52.5,0,9,417,100.0,100.0,98.9,3,9,0,723,0,0,0,723,446,446,723,0,277,0
William Sweet,37023,T,N CAROLINA,10,99.9,2,245,81.2,87.5,74.3,2,7,386,99.7,99.8,98.6,3,10,1,723,0,0,719,724,399,400,0,0,324,4
Chris Paul,77579,G,TULSA,12,100.0,0,320,61.1,65.8,58.8,0,8,311,100.0,100.0,97.1,1,13,5,722,0,0,0,722,329,329,721,1,393,0
Parker Ferguson,81537,T,AIR FORCE,12,100.0,1,101,70.2,75.2,66.8,2,3,151,100.0,100.0,97.7,2,6,1,720,0,0,656,720,160,160,0,63,560,1
Jake Largay,30438,G,UMASS,12,100.0,1,216,72.6,74.9,73.8,0,8,411,100.0,100.0,98.8,4,9,1,720,0,6,52,720,436,436,630,19,284,12
Antonio Riles,12724,G,FAU,12,100.0,0,165,58.5,71.5,57.7,1,18,326,100.0,100.0,96.8,6,20,1,718,0,0,0,718,346,346,717,0,372,0
Matt Hennessy,41141,C,TEMPLE,11,100.0,0,306,74.7,80.3,71.0,0,2,371,100.0,100.0,99.7,2,2,0,717,716,0,0,717,381,381,0,0,336,0
Kaden Jackson,46644,G,WYOMING,12,100.0,1,351,77.1,84.9,74.7,2,5,285,100.0,100.0,98.4,4,8,1,717,0,0,0,717,297,297,717,0,420,0
Yodny Cajuste,46297,T,W VIRGINIA,11,100.0,1,343,78.4,78.6,76.6,2,10,394,100.0,100.0,98.5,8,12,0,712,0,1,711,712,414,414,0,0,298,0
Ryan Johnson,41740,C,TENNESSEE,12,100.0,0,307,60.4,58.3,59.6,6,10,329,100.0,100.0,97.3,1,17,1,711,654,0,0,711,352,352,57,0,359,0
Kellton Hollins,40813,C,TCU,11,100.0,1,305,52.9,63.8,47.5,2,22,400,100.0,100.0,97.0,1,24,0,711,711,0,0,711,410,410,0,0,301,0
Jimmy Morrissey,41626,C,PITTSBURGH,11,100.0,0,268,70.2,68.8,69.3,2,7,298,100.0,100.0,98.5,2,9,0,710,710,0,0,710,313,313,0,0,397,0
Derek Dumais,37276,C,UMASS,12,100.0,0,216,56.3,70.3,50.9,1,8,407,100.0,100.0,98.4,3,11,2,710,704,0,0,710,429,429,6,0,281,0
Tarik Adams,41898,T,MARSHALL,12,100.0,0,214,72.6,71.2,70.0,1,22,370,100.0,100.0,96.4,0,25,2,709,0,0,0,709,382,382,0,709,327,0
Steve Eipper,25886,C,C MICHIGAN,11,100.0,1,134,68.7,77.9,67.6,1,4,381,100.0,100.0,98.6,7,8,3,709,705,0,0,709,403,403,0,3,306,0
Chris Brown,46374,T,CHARLOTTE,12,100.0,0,136,66.1,65.3,64.6,3,12,317,100.0,100.0,95.7,1,21,6,708,0,0,3,708,336,336,338,366,372,1
Deontae Crumitie,36779,C,TROY,13,100.0,1,318,62.7,68.8,58.8,0,10,338,100.0,100.0,98.5,2,10,0,707,627,0,14,707,359,359,66,0,348,0
Fred Johnson,46951,G,FLORIDA,13,100.0,0,163,69.3,74.9,69.8,4,7,328,100.0,100.0,98.0,5,12,1,707,0,0,0,707,346,346,707,0,361,0
Mike Marinelli,36490,T,KENT STATE,10,100.0,0,201,64.8,65.5,60.5,0,20,382,100.0,100.0,96.6,1,23,3,706,0,0,0,706,414,414,0,705,292,0
Treyvion Shannon,81916,T,UTSA,12,100.0,1,331,57.5,68.9,53.9,3,15,438,100.0,100.0,97.7,6,19,1,703,0,0,700,703,453,453,0,0,250,3
Kirk Kelley,46314,G,TROY,11,100.0,0,318,60.6,73.5,54.9,1,3,330,100.0,100.0,99.4,2,4,0,703,0,614,87,703,352,352,1,1,351,0
Rob Castaneda,30318,G,UTAH ST,13,100.0,0,329,65.3,74.9,60.6,0,7,380,100.0,100.0,98.8,0,8,1,702,0,0,0,702,397,397,699,3,305,0
Patrick Mekari,46219,T,CAL,10,100.0,0,130,80.2,89.4,76.0,1,7,376,100.0,100.0,98.9,5,8,0,701,0,88,613,701,398,398,0,0,303,0
Zach Novoselsky,46903,T,W MICHIGAN,13,100.0,0,347,59.5,68.7,53.4,0,16,320,100.0,100.0,96.6,1,19,3,700,0,0,0,700,346,346,0,700,354,0
Eric Quevedo,37108,G,BOISE ST,10,100.0,0,120,52.1,58.7,49.9,4,9,377,100.0,100.0,97.7,9,15,2,699,0,0,0,699,388,388,699,0,311,0
Sean Rawlings,47022,C,OLE MISS,11,100.0,0,226,62.0,74.6,58.2,2,10,392,100.0,100.0,98.2,8,13,1,698,698,0,0,698,420,420,0,0,278,0
Joshua Fedd-Jackson,60812,G,NC STATE,12,100.0,1,248,69.9,80.1,67.3,1,8,370,100.0,100.0,98.5,5,10,1,697,0,4,0,697,385,385,691,2,312,0
Zachariah Hoyt,40638,C,VA TECH,12,100.0,0,337,54.7,77.5,48.0,3,4,343,100.0,100.0,98.1,3,10,3,694,597,97,0,694,358,358,0,0,336,0
Sean Krepsz,46101,C,NEVADA,10,100.0,0,239,68.9,87.1,59.2,0,6,395,100.0,100.0,99.2,0,6,0,693,693,0,0,693,413,413,0,0,280,0
Victor Johnson,36507,T,APP STATE,12,100.0,1,108,65.7,77.3,61.2,2,7,303,100.0,100.0,98.2,6,10,1,693,0,0,683,693,322,322,0,0,371,10
Jordan Murray,46347,T,N TEXAS,10,100.0,1,251,65.4,68.6,62.9,7,15,389,100.0,100.0,97.2,8,22,0,693,0,0,692,693,412,412,0,0,281,0
Markos Lujan,37274,C,UTEP,11,100.0,0,330,57.8,74.4,54.0,1,8,343,100.0,100.0,98.1,4,11,2,692,633,0,0,692,359,359,59,0,333,0
Jesse Burkett,27711,C,STANFORD,11,100.0,0,300,61.3,74.9,52.8,3,9,384,100.0,100.0,98.2,3,13,1,691,691,0,0,691,416,416,0,0,275,0
Derrick Kelly II,46090,T,FLORIDA ST,10,100.0,1,167,55.1,58.0,58.9,5,12,411,100.0,100.0,96.5,9,23,6,690,0,61,448,690,442,442,0,181,248,0
Boe Wilson,41394,G,NEBRASKA,12,100.0,0,238,61.8,82.5,57.7,1,5,376,100.0,100.0,98.9,4,7,1,690,0,18,0,690,395,395,672,0,295,0
Kevin Davis,60199,C,UTSA,12,100.0,0,331,60.4,61.1,57.3,2,13,433,100.0,100.0,98.3,1,15,0,689,689,0,0,689,448,448,0,0,241,0
Tyler Roemer,45388,T,S DIEGO ST,10,100.0,2,284,66.3,61.1,70.9,5,16,292,100.0,100.0,95.4,7,24,3,687,0,0,687,687,316,316,0,0,371,0
John Kurtz,31729,G,BOWL GREEN,11,100.0,0,122,58.4,67.8,54.6,3,17,371,100.0,100.0,97.0,5,21,1,685,0,0,10,685,399,399,660,13,286,0
A.J. Davison,41418,G,DOMINION,11,100.0,0,263,61.3,55.8,62.0,6,18,413,100.0,100.0,97.1,1,24,0,684,0,0,1,684,438,438,683,0,246,0
C.J. Perez,77520,G,N ILLINOIS,11,100.0,0,254,65.1,74.5,62.5,4,8,334,100.0,100.0,97.3,3,15,3,682,0,681,0,682,356,356,0,0,326,0
Brendan Moore,28804,G,MARYLAND,12,100.0,1,215,56.8,55.0,58.7,3,6,274,100.0,100.0,97.6,5,11,2,682,187,58,0,682,289,289,437,0,393,0
Terronne Prescod,46628,G,NC STATE,12,100.0,0,248,86.4,88.8,87.5,0,5,346,100.0,100.0,99.3,3,5,0,681,0,675,4,681,364,364,0,1,317,1
Andrew Vorhees,60818,G,USC,12,100.0,1,326,62.3,69.0,61.0,0,11,362,100.0,100.0,97.4,3,15,4,681,0,0,0,681,387,387,680,0,294,0
Drew Richmond,46228,T,TENNESSEE,12,100.0,5,307,55.6,65.2,59.9,3,12,317,100.0,100.0,97.3,12,16,1,680,0,0,0,680,340,340,0,680,340,0
Logan Stenberg,37181,G,KENTUCKY,13,100.0,3,202,72.3,76.2,74.5,1,7,295,100.0,100.0,98.6,10,8,0,679,0,679,0,679,316,316,0,0,363,0
Kevin Feder,51624,T,KANSAS,12,100.0,2,198,45.6,50.1,49.0,0,16,353,100.0,100.0,96.6,7,20,4,679,0,0,0,679,371,371,0,679,308,0
Johncarlo Valentin,77447,G,BAYLOR,11,100.0,0,118,47.6,46.3,44.7,7,17,387,100.0,100.0,96.1,1,27,3,679,0,665,13,679,408,408,0,0,271,0
Foster Moreau,47043,TE,LSU,13,76.5,0,211,76.5,68.4,60.3,1,1,162,45.4,45.3,97.5,0,5,3,679,0,0,2,888,173,382,0,3,506,807
Joseph Dill,41988,G,RICE,10,100.0,0,275,58.3,71.1,54.6,3,7,330,100.0,100.0,98.5,2,10,0,678,0,3,0,678,345,345,673,0,333,2
George Asafo-Adjei,46614,T,KENTUCKY,12,100.0,0,202,76.1,74.0,72.1,2,10,283,100.0,100.0,97.2,1,14,2,678,0,0,0,678,303,303,0,678,375,0
Griffin Landrum,41189,G,AIR FORCE,12,100.0,0,101,64.7,58.4,65.5,3,7,149,100.0,100.0,96.6,3,10,0,676,0,0,0,676,159,159,675,0,517,0
Tyler Mitchell,26880,G,KANSAS ST,11,100.0,0,199,61.6,81.7,57.0,1,4,291,100.0,100.0,98.8,2,6,1,676,0,229,0,676,310,310,445,0,366,0
Darryl Williams,36957,G,MISS STATE,12,100.0,0,227,71.1,82.9,71.7,3,5,318,100.0,100.0,98.4,9,9,1,676,42,634,0,676,333,333,0,0,343,0
Tim Lynott,26025,G,COLORADO,12,100.0,0,143,57.6,57.8,55.8,0,15,369,100.0,100.0,97.2,1,18,3,675,37,0,0,675,393,393,638,0,282,0
Cain Madden,41602,G,MARSHALL,11,100.0,0,214,69.8,82.5,64.9,1,6,332,100.0,100.0,98.9,0,7,0,674,0,8,0,674,346,346,666,0,328,0
Ty Clary,58490,C,ARKANSAS,12,100.0,0,111,51.0,24.5,59.4,3,11,350,100.0,100.0,97.1,0,17,3,674,577,97,0,674,366,366,0,0,308,0
Brandon Fanaika,46042,G,STANFORD,13,100.0,1,300,65.5,68.8,65.6,4,12,371,100.0,100.0,97.0,4,19,3,672,0,665,0,672,400,400,5,0,272,0
Nour-Eddine Seidnaly,58495,T,ARK STATE,10,100.0,1,113,64.2,67.6,59.9,3,12,349,100.0,100.0,97.6,3,16,1,672,0,0,0,672,373,373,0,670,299,0
Alfred Edwards III,60190,T,UTAH ST,12,100.0,0,329,67.1,78.2,61.5,5,6,370,100.0,100.0,98.0,6,13,2,672,0,0,666,672,391,391,0,6,281,0
Boss Tagaloa,44428,C,UCLA,9,100.0,1,324,55.7,52.9,58.3,2,22,360,100.0,100.0,96.7,7,24,0,672,672,0,0,672,376,376,0,0,296,0
Jeff Taylor,41769,G,COLO STATE,12,100.0,1,144,53.2,44.6,54.0,2,16,394,100.0,100.0,95.7,4,26,8,668,95,88,0,668,420,420,481,0,248,0
Lester Cotton,46085,G,ALABAMA,13,100.0,0,103,62.5,65.4,60.5,3,13,328,100.0,100.0,97.6,3,16,0,668,0,663,0,668,340,340,4,0,328,0
Aaron Haigler,26029,G,COLORADO,12,100.0,0,143,62.9,73.7,57.0,1,11,373,100.0,100.0,97.3,1,16,4,665,0,207,0,665,398,398,256,202,267,0
Cole Chewins,36277,T,MICH STATE,12,100.0,2,223,70.8,71.5,65.6,7,9,390,100.0,100.0,97.4,2,18,2,663,0,0,657,663,405,405,0,0,258,6
Jacob Rowland,37104,T,TEXAS ST,11,100.0,0,314,50.5,43.0,54.0,8,18,336,100.0,100.0,94.9,4,30,4,662,0,6,251,662,350,350,178,227,312,0
Cole Clemens,60203,G,VANDERBILT,13,100.0,1,333,62.5,60.6,60.7,2,9,330,100.0,100.0,97.1,1,15,4,662,0,373,0,662,351,351,264,25,311,0
Zach Robertson,38928,T,ARIZONA ST,10,100.0,0,110,52.3,53.4,53.0,4,14,302,100.0,100.0,96.7,3,19,1,660,0,0,633,660,319,319,0,24,341,3
Tariq Cole,46311,T,RUTGERS,11,100.0,1,278,53.4,64.9,46.7,5,14,335,100.0,100.0,96.6,7,21,2,659,0,0,652,659,360,360,0,4,299,3
Brian Miller,56358,T,GA SOUTHRN,13,100.0,0,174,64.1,64.6,63.0,2,6,138,100.0,100.0,95.7,2,10,2,659,0,0,27,659,147,147,0,630,512,2
Kade Waguespack,60830,TE,AIR FORCE,12,79.2,0,101,63.7,69.0,68.3,0,0,10,5.8,6.0,100.0,3,0,0,657,0,0,72,830,11,184,0,38,646,295
Andrew Thomas,59701,T,GEORGIA,13,100.0,0,173,80.5,79.3,76.6,3,5,303,100.0,100.0,97.7,1,11,3,657,0,0,652,657,314,314,0,0,343,4
Eastwood Thomas,41599,T,LA MONROE,12,100.0,0,209,68.2,71.6,63.6,3,12,344,100.0,100.0,97.5,1,16,1,657,0,0,0,657,360,360,0,657,297,0
Bunchy Stallings,28746,G,KENTUCKY,13,99.8,0,202,76.8,71.3,77.1,3,6,275,99.6,99.7,97.6,2,11,2,657,17,5,0,658,296,297,634,0,361,2
Donovan Outlaw,41416,T,UNLV,12,100.0,0,325,59.6,56.1,62.6,7,16,309,100.0,100.0,95.3,7,26,3,656,0,0,656,656,326,326,0,0,330,0
Tristan Crowder,46149,G,TROY,13,100.0,0,318,62.9,61.4,61.2,2,7,301,100.0,100.0,96.8,0,14,5,656,0,0,0,656,321,321,654,1,335,1
David Edwards,35941,T,WISCONSIN,10,100.0,0,349,72.3,57.8,76.6,3,18,249,100.0,100.0,94.6,4,24,3,652,0,0,0,652,265,265,0,652,387,0
Trace Clopton,81843,C,SO MISS,10,100.0,0,296,68.5,81.8,61.8,1,7,372,100.0,100.0,98.9,2,8,0,652,652,0,0,652,391,391,0,0,261,0
Sean Christie,46896,G,MARYLAND,11,100.0,0,215,67.6,69.8,68.1,1,4,252,100.0,100.0,97.8,5,8,3,649,0,648,0,649,267,267,0,0,382,0
Jakob Cooper,46171,G,GA SOUTHRN,12,100.0,1,174,57.1,58.8,56.9,0,6,144,100.0,100.0,97.2,3,7,1,644,0,126,0,644,152,152,518,0,492,0
John Phillips,39364,G,BOSTON COL,12,100.0,0,121,70.8,83.0,67.4,0,3,283,100.0,100.0,99.5,1,3,0,642,0,624,0,642,288,288,18,0,354,0
Nathan Monnin,60930,G,KENT STATE,10,100.0,0,201,57.0,76.2,51.8,1,8,334,100.0,100.0,98.4,5,10,1,640,0,0,0,640,366,366,633,0,274,5
Yosh Nijman,60822,T,VA TECH,10,100.0,0,337,67.8,75.7,60.6,1,10,334,100.0,100.0,98.1,1,12,1,639,0,0,0,639,344,344,0,639,295,0
Nolan Laufenberg,81539,G,AIR FORCE,12,100.0,0,101,67.1,80.4,64.9,0,0,127,100.0,100.0,100.0,3,0,0,638,0,637,0,638,133,133,0,0,505,1
Juwann Bushell-Beatty,46217,T,MICHIGAN,11,100.0,1,222,68.9,70.1,66.7,2,10,271,100.0,100.0,97.4,2,13,1,637,0,0,1,637,281,281,0,634,356,1
Jack Greene,41187,G,RICE,13,100.0,0,275,53.9,56.8,50.8,3,8,289,100.0,100.0,97.1,0,14,3,635,0,442,1,635,301,301,184,0,334,8
Bailey Granier,46760,G,UCF,13,100.0,0,323,65.1,75.4,63.0,0,8,261,100.0,100.0,98.5,4,8,0,633,0,0,0,633,287,287,633,0,346,0
Alex Losoya,40839,G,ARIZONA ST,13,100.0,0,110,56.8,65.2,52.8,4,12,318,100.0,100.0,97.5,3,16,0,631,1,228,0,631,340,340,402,0,291,0
Logan Hughes,47003,G,FRESNO ST,11,100.0,0,169,74.1,76.9,77.0,3,5,317,100.0,100.0,98.4,6,9,1,630,0,601,0,630,325,325,0,29,305,0
Anthony McKinney,77581,T,TCU,12,100.0,0,305,66.2,75.5,59.2,3,9,318,100.0,100.0,97.2,1,15,3,629,0,0,627,629,325,325,0,0,304,2
Bryson Cain,41281,G,ARIZONA,9,100.0,1,109,63.6,73.0,59.2,0,10,308,100.0,100.0,98.4,2,10,0,628,0,0,0,628,332,332,627,0,296,0
Lorenzo Taborn,41072,T,BOWL GREEN,10,100.0,0,122,59.0,65.6,52.1,3,8,309,100.0,100.0,96.0,0,18,7,626,0,0,625,626,335,335,0,0,291,0
Jordan Steckler,39044,T,N ILLINOIS,10,100.0,0,254,64.1,72.8,57.4,0,6,297,100.0,100.0,98.0,1,9,3,625,0,0,10,625,312,312,0,615,313,0
Josh Kaiser,27291,T,COLORADO,11,100.0,0,143,61.5,71.1,54.0,0,20,346,100.0,100.0,96.5,3,22,2,624,0,0,128,624,371,371,0,492,253,3
Casey Tucker,46376,G,ARIZONA ST,11,100.0,0,110,65.7,76.1,65.2,2,7,310,100.0,100.0,98.2,7,10,1,623,0,423,199,623,325,325,0,1,298,0
Shane McGough,41342,G,FIU,13,99.8,0,166,62.5,60.9,60.8,3,13,288,99.7,99.7,97.2,1,16,0,620,20,60,0,621,300,301,514,0,320,9
Dallas Connell,41663,C,FIU,12,100.0,0,166,62.3,80.7,59.1,1,2,290,100.0,100.0,99.5,4,3,0,619,619,0,0,619,305,305,0,0,314,0
Dallas Warmack,46183,G,OREGON,13,100.0,0,264,67.8,76.0,64.0,0,7,304,100.0,100.0,98.5,0,8,1,619,0,0,0,619,321,321,617,1,298,0
Ty Pollard,46997,G,SO MISS,10,100.0,0,296,66.1,84.7,59.8,1,4,352,100.0,100.0,98.4,1,8,3,618,0,46,1,618,367,367,571,0,251,0
Tommy Doyle,40459,T,MIAMI OH,10,100.0,0,221,71.1,83.5,65.8,0,4,332,100.0,100.0,99.4,5,4,0,617,0,0,0,617,349,349,0,616,268,0
Alan Ali,60053,G,SMU,10,100.0,0,287,63.7,83.9,57.2,0,6,352,100.0,100.0,98.6,2,8,2,617,0,495,2,617,375,375,119,0,242,0
Abdul Beecham,40799,G,KANSAS ST,12,100.0,0,199,59.3,66.5,58.4,3,8,261,100.0,100.0,97.1,5,13,2,616,0,416,0,616,279,279,200,0,337,0
Jared Hilbers,36916,T,WASHINGTON,12,100.0,1,340,73.0,74.3,70.3,3,9,282,100.0,100.0,97.2,3,14,2,615,0,0,613,615,302,302,0,0,313,2
Noah Fisher,46900,T,TULANE,11,100.0,0,319,58.7,68.0,55.0,2,16,242,100.0,100.0,95.9,2,19,1,615,0,0,614,615,258,258,0,1,357,0
Caleb Bright,40877,C,BOWL GREEN,9,100.0,0,122,58.6,78.6,50.2,0,1,309,100.0,100.0,99.2,1,3,2,614,408,21,0,614,329,329,185,0,285,0
Ryan McCollum,41974,G,TEXAS A&M,11,100.0,0,312,52.2,43.3,53.2,4,14,296,100.0,100.0,96.6,2,19,1,614,82,71,0,614,321,321,461,0,293,0
Aaron Dowdell,41586,G,GA SOUTHRN,13,100.0,0,174,59.4,66.5,60.0,2,3,126,100.0,100.0,98.0,4,5,0,613,0,611,1,613,135,135,0,0,478,1
Trace Ellison,40146,T,LA MONROE,12,100.0,0,209,60.5,54.5,60.0,4,10,311,100.0,100.0,96.8,0,17,3,613,0,0,608,613,326,326,0,0,287,5
Nick Linder,29025,C,INDIANA,12,100.0,0,190,63.7,68.8,59.1,2,7,357,100.0,100.0,98.5,1,10,1,611,598,0,0,611,389,389,13,0,222,0
Yazeed Atariwa,30682,G,TOLEDO,10,100.0,1,316,63.1,68.5,61.7,3,7,309,100.0,100.0,97.4,6,13,3,610,0,0,0,610,333,333,610,0,277,0
Andrew Marshall,12715,T,GA TECH,12,100.0,0,176,64.9,56.0,64.2,1,9,94,100.0,100.0,94.7,1,10,0,610,0,0,37,610,100,100,0,545,510,28
Andrew Beck,47121,TE,TEXAS,14,61.0,1,311,51.1,62.5,61.3,3,7,130,25.9,26.0,95.4,8,11,1,607,0,0,1,995,136,524,0,0,471,481
Brad Stewart,48348,WR,GA TECH,13,80.4,0,176,70.9,72.9,70.5,0,0,6,4.1,3.9,100.0,0,0,0,607,0,0,29,755,6,154,0,10,601,1
Mike Yerardi,37018,G,UMASS,12,100.0,0,216,64.5,81.2,58.5,1,5,332,100.0,100.0,98.8,2,7,1,605,0,602,0,605,351,351,3,0,254,0
T.J. Roundtree,41703,T,COLO STATE,12,100.0,0,144,52.3,55.6,50.1,6,10,355,100.0,100.0,95.5,3,24,8,603,0,0,603,603,373,373,0,0,230,0
Brett Tonz,48675,G,COLORADO,9,100.0,0,143,54.7,71.0,49.8,0,11,328,100.0,100.0,98.0,5,12,1,601,0,601,0,601,355,355,0,0,246,0
Blake Bueter,60807,C,MICH STATE,13,100.0,1,223,60.1,64.9,56.6,2,6,339,100.0,100.0,98.5,2,9,1,601,347,76,0,601,360,360,167,0,241,7
Damian Prince,46897,T,MARYLAND,10,100.0,1,215,62.3,75.0,55.3,3,5,238,100.0,100.0,98.3,2,8,0,598,0,0,0,598,254,254,0,577,344,21
Devin Jackson Jr.,46641,G,LA MONROE,12,100.0,0,209,58.6,80.7,52.8,1,4,306,100.0,100.0,98.9,2,6,1,597,0,597,0,597,319,319,0,0,278,0
Eric Mayes,46949,T,USF,10,99.7,0,327,56.8,68.2,56.8,0,11,315,99.4,99.4,96.7,9,16,5,594,0,0,578,596,327,329,0,0,267,18
Malik Clark,45322,G,KANSAS,11,100.0,1,198,56.7,82.5,52.5,1,4,305,100.0,100.0,99.2,9,5,0,594,0,594,0,594,320,320,0,0,274,0
Lo Falemaka,26505,G,UTAH,10,100.0,0,328,62.0,70.3,56.7,3,6,315,100.0,100.0,98.6,1,9,0,592,253,337,0,592,330,330,2,0,262,0
Troy Thingstad,36646,T,S ALABAMA,12,100.0,0,288,46.6,41.1,50.1,2,17,258,100.0,100.0,95.5,3,21,2,590,0,0,590,590,280,280,0,0,310,0
John Ojukwu,58530,T,BOISE ST,9,100.0,1,120,59.2,67.5,52.8,2,12,280,100.0,100.0,96.8,1,16,2,587,0,0,0,587,288,288,0,585,299,0
Billy Ross,59935,G,N CAROLINA,11,100.0,0,245,60.6,69.4,58.0,2,12,307,100.0,100.0,97.7,2,14,0,587,0,0,0,587,320,320,587,0,267,0
Egidio DellaRipa,32451,G,VANDERBILT,10,100.0,1,333,60.7,50.3,63.8,5,6,307,100.0,100.0,96.9,3,15,4,586,289,0,0,586,322,322,297,0,264,0
Dwayne Wallace,38428,G,KANSAS,12,100.0,0,198,64.1,74.5,61.4,1,4,312,100.0,100.0,99.2,3,5,0,584,0,0,0,584,328,328,584,0,256,0
Michael Rodriguez,28789,T,LA TECH,12,100.0,0,208,69.2,78.7,64.7,3,11,329,100.0,100.0,97.3,3,16,2,580,0,0,107,580,345,345,0,471,235,2
Clayton Walderzak,55063,T,C MICHIGAN,9,99.8,0,134,65.8,75.1,59.5,4,11,314,99.7,99.7,97.3,3,16,1,580,0,0,575,581,331,332,0,0,249,6
Jordan Asberry,34049,FB,ARMY,13,85.6,0,114,87.3,72.2,69.0,0,0,20,24.7,26.5,100.0,1,0,0,578,0,0,0,675,22,83,0,0,556,476
Brady Aiello,28150,T,OREGON,13,100.0,0,264,71.1,67.3,70.1,2,14,292,100.0,100.0,96.2,1,19,3,578,0,0,9,578,310,310,0,554,268,14
Uzoma Osuji,41028,T,RICE,10,100.0,1,275,60.4,53.5,60.3,2,19,260,100.0,100.0,95.2,1,23,2,577,0,0,576,577,269,269,0,1,308,0
Brady Scott,59689,T,FLORIDA ST,10,100.0,1,167,44.7,30.8,58.4,8,17,325,100.0,100.0,94.6,6,30,5,576,0,0,114,576,345,345,0,462,231,0
Spencer Burford,81920,G,UTSA,10,100.0,0,331,55.3,68.5,46.9,1,11,360,100.0,100.0,98.1,1,13,1,575,0,575,0,575,374,374,0,0,201,0
Kevin Jarvis,57100,G,MICH STATE,9,100.0,0,223,63.0,69.3,63.7,3,9,331,100.0,100.0,97.6,5,14,2,575,0,46,0,575,351,351,529,0,224,0
Chuma Edoga,46232,T,USC,10,100.0,0,326,65.8,83.1,59.2,0,4,301,100.0,100.0,99.3,6,4,0,572,0,0,0,572,324,324,0,572,248,0
E.J. Price,41021,T,KENTUCKY,13,100.0,1,202,55.9,67.4,49.5,1,7,264,100.0,100.0,97.3,6,11,3,572,0,0,572,572,285,285,0,0,287,0
Eric Swingler,29874,T,PURDUE,12,100.0,2,273,51.7,44.4,55.4,5,17,333,100.0,100.0,95.8,3,25,3,572,0,0,373,572,350,350,0,198,222,1
Daniel Faalele,81734,T,MINNESOTA,10,100.0,2,225,60.4,57.5,63.5,2,9,240,100.0,100.0,97.3,6,12,1,571,0,0,1,571,256,256,0,567,315,3
Chris Gesell,39776,G,NAVY,13,100.0,0,237,59.9,79.4,56.8,0,2,111,100.0,100.0,99.1,0,2,0,570,0,0,0,570,117,117,570,0,453,0
Drew Sample,47259,TE,WASHINGTON,14,63.3,0,340,75.5,65.3,82.3,0,3,83,21.2,21.4,98.2,2,3,0,569,0,0,2,899,90,420,0,8,479,680
Joe Sculthorpe,41846,G,NC STATE,12,100.0,0,248,73.7,63.7,77.8,0,9,299,100.0,100.0,98.2,2,10,1,567,26,248,0,567,309,309,291,1,258,0
Derwin Gray,46335,T,MARYLAND,10,99.8,0,215,56.9,81.0,56.7,2,4,218,99.5,99.6,98.2,11,7,1,563,0,0,543,564,228,229,0,0,335,21
Cole Van Lanen,41583,T,WISCONSIN,13,100.0,0,349,90.8,76.1,90.0,1,3,209,100.0,100.0,98.1,0,6,2,560,0,0,560,560,223,223,0,0,337,0
Matt Allen,41727,C,MICH STATE,10,100.0,0,223,61.9,58.8,61.8,1,5,320,100.0,100.0,98.7,4,7,1,559,556,0,0,559,341,341,1,0,218,0
Jamil Viaud,77420,T,KENT STATE,9,100.0,2,201,35.4,24.0,44.2,1,27,302,100.0,100.0,93.7,6,33,5,558,0,0,299,558,326,326,0,259,232,0
Jakari Robinson,55084,C,CINCINNATI,9,100.0,0,138,61.5,72.0,59.6,1,3,258,100.0,100.0,98.8,4,5,1,555,555,0,0,555,267,267,0,0,288,0
Chad Pursley,29897,T,SMU,8,99.8,0,287,75.1,91.7,64.3,1,2,321,100.0,99.7,98.6,3,6,3,554,0,0,548,555,336,337,0,0,218,6
Baer Hunter,44512,G,APP STATE,13,100.0,0,108,63.4,65.3,66.1,2,5,224,100.0,100.0,98.4,6,7,0,553,0,0,0,553,236,236,552,0,317,0
Gage Cervenka,37119,G,CLEMSON,14,100.0,1,140,72.3,49.0,78.4,0,8,272,100.0,100.0,98.5,3,8,0,551,149,4,0,551,286,286,397,0,265,0
Ty Harmston,45220,TE,N ILLINOIS,14,86.3,0,254,64.7,63.2,72.3,1,5,136,62.4,63.6,97.1,4,7,1,549,0,0,1,636,152,239,0,6,397,588
Johnny Jordan,59835,C,MARYLAND,11,100.0,0,215,66.7,71.6,64.0,1,11,222,100.0,100.0,97.3,1,12,0,548,548,0,0,548,235,235,0,0,313,0
Cole Banwart,41557,G,IOWA,12,100.0,0,192,63.5,69.4,62.3,0,7,273,100.0,100.0,98.4,2,8,1,546,8,0,0,546,287,287,537,1,259,0
Jalen Jackson,55192,T,GA STATE,9,100.0,0,175,56.0,70.7,49.8,3,14,264,100.0,100.0,96.8,2,17,0,545,0,0,19,545,274,274,111,413,271,2
Bryce Gibbs,36969,T,KENT STATE,8,100.0,1,201,58.5,52.3,58.5,1,10,287,100.0,100.0,96.7,3,15,4,545,0,0,543,545,312,312,0,0,233,2
Layth Friekh,46357,T,ARIZONA,9,100.0,0,109,73.4,94.7,60.9,0,1,249,100.0,100.0,99.8,4,1,0,544,0,0,543,544,266,266,0,0,278,0
Lee Dufour,27415,C,UAB,9,100.0,0,321,62.9,86.0,57.7,1,3,211,100.0,100.0,99.1,2,4,0,544,544,0,0,544,215,215,0,0,329,0
Sidy Sow,59675,T,E MICHIGAN,13,99.8,1,160,66.7,67.6,65.3,1,11,268,99.6,99.6,96.6,3,15,3,544,0,0,532,545,284,285,0,0,260,11
Garrett Brumfield,28936,G,LSU,9,100.0,0,211,51.7,62.6,47.4,3,4,254,100.0,100.0,96.7,3,12,5,541,0,541,0,541,272,272,0,0,269,0
Jerrod Brooks,45063,T,UTEP,9,100.0,0,330,64.1,77.9,56.0,4,6,277,100.0,100.0,97.1,2,13,3,539,0,0,0,539,290,290,0,539,249,0
Zach Harmon,46029,G,DUKE,10,100.0,1,154,62.6,76.9,57.8,1,6,328,100.0,100.0,98.6,2,8,1,538,129,393,0,538,338,338,16,0,200,0
Kell Walker,45957,FB,ARMY,11,78.8,0,114,72.0,74.6,57.4,0,0,9,10.6,10.5,100.0,1,0,0,538,0,0,0,683,9,86,0,0,529,425
Grant Hermanns,40648,T,PURDUE,9,100.0,0,273,64.5,71.3,60.2,5,8,327,100.0,100.0,97.4,7,15,2,537,0,0,536,537,352,352,0,0,185,1
Brad Cecil,86862,C,USF,8,100.0,1,327,64.0,82.0,61.4,0,4,280,100.0,100.0,98.9,6,5,1,534,534,0,0,534,295,295,0,0,239,0
Laurent Njiki,36921,G,NAVY,13,100.0,0,237,59.4,44.4,60.5,0,6,96,100.0,100.0,95.8,2,7,1,534,0,534,0,534,101,101,0,0,433,0
Romello Brooker,27260,TE,HOUSTON,13,74.4,0,182,65.4,80.5,52.2,2,4,181,51.9,51.3,98.3,5,6,0,533,0,0,3,716,193,376,0,3,340,284
Daquane Wilkie,46860,T,FIU,13,99.6,0,166,66.3,67.9,62.1,3,9,241,99.2,99.2,97.1,0,13,1,531,0,0,342,533,251,253,0,134,280,57
Connor Galvin,77450,T,BAYLOR,13,99.8,1,118,52.7,58.7,48.0,3,17,250,99.6,99.6,96.0,2,20,0,528,0,0,433,529,268,269,0,10,260,84
Brayden Patton,40463,G,N ILLINOIS,12,100.0,0,254,59.4,70.5,57.0,2,6,234,100.0,100.0,97.4,2,10,2,528,0,280,0,528,247,247,242,0,281,0
Dominic Gudino,60049,C,S DIEGO ST,10,100.0,0,284,70.7,63.1,74.6,3,6,226,100.0,100.0,98.0,5,9,0,528,291,0,0,528,242,242,237,0,286,0
Keyshawn McLeod,36440,T,TULANE,10,100.0,0,319,60.9,70.4,58.1,1,16,229,100.0,100.0,95.9,4,18,1,528,0,0,0,528,247,247,0,528,281,0
Steven Miller,25508,G,ARIZONA ST,12,100.0,0,110,63.9,76.0,61.2,4,8,254,100.0,100.0,97.2,3,13,1,526,0,77,37,526,265,265,411,0,261,1
Jaron Caldwell,28974,G,UNLV,8,100.0,0,325,65.3,85.4,59.4,0,3,263,100.0,100.0,99.4,1,3,0,524,0,512,0,524,276,276,0,12,248,0
Jeremy Hickey,28242,G,E MICHIGAN,13,100.0,1,160,66.3,73.5,63.8,1,7,275,100.0,100.0,97.5,1,11,3,524,0,522,0,524,290,290,0,0,234,0
Greg Eiland,41341,T,MISS STATE,13,100.0,0,227,48.3,40.7,58.1,3,18,232,100.0,100.0,92.9,6,27,6,523,0,0,522,523,244,244,0,0,279,1
Sean Pollard,41995,G,CLEMSON,14,100.0,0,140,70.5,63.4,71.6,0,5,266,100.0,100.0,97.9,2,8,3,522,11,0,0,522,273,273,390,120,249,0
Nick Ford,60183,G,UTAH,12,100.0,0,328,58.4,62.3,58.7,0,6,240,100.0,100.0,97.1,4,10,4,520,37,397,0,520,254,254,0,83,266,1
Chris Glaser,62780,G,VIRGINIA,13,100.0,0,335,57.3,63.1,53.4,2,7,262,100.4,100.4,98.3,0,9,0,518,0,390,0,518,274,273,128,0,244,0
Austin Myers,40815,T,TCU,10,100.0,0,305,49.6,43.6,54.3,5,15,292,100.0,100.0,95.5,4,23,3,518,0,221,271,518,298,298,25,0,220,1
DJ Scaife Jr.,77378,T,MIAMI FL,12,100.0,1,220,70.8,68.6,71.9,2,11,246,100.0,100.0,95.3,5,18,5,518,0,0,63,518,259,259,0,454,259,0
Jake Donnellon,41670,G,E MICHIGAN,13,100.0,0,160,60.6,64.9,59.6,3,7,275,100.0,100.0,97.8,3,11,1,517,0,368,0,517,292,292,147,0,225,0
Cade Mays,81995,G,GEORGIA,11,99.8,0,173,71.3,70.5,73.1,2,5,218,99.5,99.6,97.0,3,10,3,517,0,0,179,518,230,231,335,0,287,3
Fernando Frye,77437,G,E CAROLINA,8,100.0,0,156,50.4,46.9,49.9,3,15,315,100.0,100.0,96.8,2,19,1,517,0,0,0,517,336,336,517,0,181,0
Dylan Galloway,41857,T,OKLA STATE,9,100.0,0,262,51.1,52.5,49.5,2,16,275,100.0,100.0,95.6,2,21,3,517,0,0,505,517,292,292,0,11,225,1
Colton Jackson,25518,T,ARKANSAS,9,100.0,2,111,49.6,51.9,50.8,10,7,290,100.0,100.0,96.7,4,18,1,516,0,0,509,516,306,306,0,0,210,6
Jared Hocker,60121,G,TEXAS A&M,8,100.0,1,312,55.0,58.6,55.2,1,10,264,100.0,100.0,96.8,3,14,3,516,0,516,0,516,285,285,0,0,231,0
Tyler Hudanick,46067,G,UCF,10,100.0,0,323,59.1,72.8,57.3,1,7,239,100.0,100.0,98.3,3,8,0,516,0,515,0,516,257,257,0,0,259,1
John Spellacy,51777,C,E CAROLINA,6,100.0,0,156,51.0,55.4,47.3,5,14,299,100.0,100.0,96.5,0,20,1,515,515,0,0,515,317,317,0,0,198,0
Brady White,25506,QB,MEMPHIS,14,51.2,0,218,78.5,,61.1,0,0,0,0.0,0.0,,4,0,0,513,0,0,0,1002,0,468,0,0,513,0
Sam Schlueter,41640,T,MINNESOTA,12,100.0,0,225,54.9,42.4,60.5,5,10,215,100.0,100.0,94.7,4,19,4,513,0,0,102,513,230,230,0,331,283,79
Hayden Mahoney,46202,G,MIAMI FL,13,100.0,0,220,64.2,81.6,62.5,1,5,260,100.0,100.0,98.5,5,7,1,512,17,170,0,512,270,270,324,1,242,0
Connor Hansen,62962,G,GA TECH,11,100.0,0,176,62.3,28.5,63.4,3,5,69,100.0,100.0,92.8,1,9,1,509,0,0,0,509,71,71,509,0,438,0
Nick Natour,46248,G,SMU,8,100.0,0,287,65.9,74.2,60.5,0,12,281,100.0,100.0,97.9,1,12,0,508,0,364,142,508,298,298,0,0,210,2
Christopher Mitchell,58453,C,AIR FORCE,12,100.0,0,101,74.0,65.9,71.4,0,3,100,100.0,100.0,98.5,0,3,0,508,505,0,0,508,112,112,0,2,396,1
Kaleb Kim,36766,C,AUBURN,8,100.0,0,115,64.0,61.9,62.2,0,10,246,100.0,100.0,98.0,2,10,0,505,505,0,0,505,259,259,0,0,246,0
Dylan Wonnum,81842,T,S CAROLINA,9,99.8,0,289,60.2,58.8,61.2,5,7,272,99.6,99.7,97.4,2,13,1,505,0,0,2,506,293,294,0,496,212,7
Jared Rice,35282,TE,FRESNO ST,14,55.8,0,169,73.6,58.3,67.7,1,3,82,17.4,17.7,97.6,3,4,0,504,0,0,0,904,86,486,0,0,418,613
Rudy Stofer,57111,T,WYOMING,9,100.0,2,351,63.5,44.0,67.7,3,12,150,100.0,100.0,93.7,4,17,2,503,0,0,0,503,157,157,0,502,346,0
D'Antne Demery,81644,T,FIU,11,100.0,0,166,70.0,67.5,68.3,4,7,232,100.0,100.0,96.8,2,13,2,502,0,0,498,502,242,242,0,0,260,2
Deano Motes,36381,T,S JOSE ST,8,100.0,0,285,36.6,32.6,46.5,9,18,301,100.0,100.0,94.2,6,31,4,500,0,0,0,500,312,312,0,498,188,1
Derek Smith,36229,T,C MICHIGAN,8,100.0,1,134,55.0,55.2,55.3,3,13,293,100.0,100.0,95.9,3,20,4,498,0,0,250,498,306,306,0,248,192,0
Zuri Henry,81907,T,UTEP,8,100.0,0,330,65.0,57.9,69.1,4,8,227,100.0,100.0,95.6,4,16,4,496,0,0,496,496,241,241,0,0,255,0
Jahmir Ross-Johnson,41349,G,TENNESSEE,11,100.0,0,307,64.8,48.6,70.3,4,4,232,100.0,100.0,97.8,4,9,1,496,0,496,0,496,247,247,0,0,249,0
Garrett Campbell,31663,C,CINCINNATI,8,100.0,0,138,69.2,72.8,66.6,0,3,213,100.0,100.0,99.3,3,3,0,495,434,61,0,495,227,227,0,0,268,0
Rico Robinson,51649,T,LA LAFAYET,14,99.8,0,207,60.7,79.7,53.9,0,7,217,99.5,99.6,98.4,3,7,0,494,0,1,476,495,225,226,0,0,269,18
Joey Magnifico,36183,TE,MEMPHIS,14,69.6,0,218,75.0,76.0,66.2,0,0,75,26.9,27.3,100.0,2,0,0,494,0,0,1,710,81,297,0,0,413,448
Madison Akamnonu,46971,G,TEXAS TECH,10,100.0,1,315,61.2,78.3,54.3,2,8,291,100.0,100.0,98.3,1,10,0,494,0,494,0,494,309,309,0,0,185,0
Aaron Banks,59983,G,NOTRE DAME,11,99.6,0,258,70.9,70.6,72.6,0,7,251,99.2,99.2,98.6,3,7,0,493,0,447,26,495,262,264,0,18,231,4
Tyler Bowling,46047,G,TULSA,6,100.0,0,320,59.8,78.8,58.3,0,4,213,100.0,100.0,98.1,4,6,2,493,0,493,0,493,224,224,0,0,269,0
Connor Brown,29690,TE,OHIO,13,80.0,0,259,61.1,66.4,62.5,0,2,95,44.8,45.8,98.9,2,2,0,491,0,0,0,614,104,227,0,0,387,343
Odell Miller,29572,TE,W MICHIGAN,13,84.8,1,347,60.1,66.3,65.8,0,2,88,51.8,52.7,97.7,7,3,1,491,0,0,0,579,98,186,0,0,393,548
Michael Eletise,40716,G,ARIZONA,11,100.0,0,109,58.3,54.8,58.0,2,12,243,100.0,100.0,96.7,1,15,1,490,0,136,71,490,261,261,281,0,229,1
Cole Garrison,41479,G,APP STATE,13,100.0,0,108,58.8,70.9,56.4,1,3,194,100.0,100.0,99.0,4,4,0,487,0,16,154,487,207,207,315,1,280,1
Parker Houston,41809,TE,S DIEGO ST,13,73.8,1,284,60.2,60.9,56.5,0,2,63,28.5,28.5,96.8,6,3,1,487,0,0,0,660,69,242,0,0,418,583
Cole Minshew,37160,G,FLORIDA ST,8,100.0,1,167,61.4,49.3,64.0,2,9,263,100.0,100.0,96.4,3,15,4,486,0,407,0,486,280,280,79,0,206,0
Brett Kitrell,59985,C,OHIO,9,100.0,0,259,71.6,77.8,70.3,0,6,214,100.0,100.0,98.1,4,7,1,483,483,0,0,483,232,232,0,0,251,0
Jaylon Thomas,77421,T,SMU,7,100.0,0,287,55.3,64.4,51.5,2,11,284,100.0,100.0,96.0,3,18,5,482,0,0,0,482,301,301,0,482,181,0
Keenen Johnson,45257,WR,TULSA,12,54.4,0,320,59.8,,68.8,0,0,0,0.0,0.0,,3,0,0,481,0,0,0,885,0,404,0,0,481,0
Nate Davis,46808,T,CHARLOTTE,7,100.0,0,136,72.3,85.1,66.7,0,4,222,100.0,100.0,99.1,3,4,0,481,0,2,0,481,234,234,64,415,247,0
Hadon Merchant,60056,G,S ALABAMA,12,100.0,0,288,48.3,46.3,48.5,3,4,209,100.0,100.0,96.9,3,10,3,478,0,478,0,478,223,223,0,0,255,0
Kai Absheer,46052,T,FIU,13,100.0,0,166,61.6,56.0,61.2,3,15,207,100.0,100.0,95.2,0,19,1,478,0,0,41,478,219,219,4,429,259,2
Eric Magwood,45489,T,DOMINION,9,100.0,0,263,67.3,71.0,61.0,2,10,286,100.0,100.0,96.5,1,16,4,476,0,0,0,476,304,304,30,444,172,0
Saige Young,60205,G,VANDERBILT,9,100.0,0,333,56.7,50.0,57.2,3,10,250,100.0,100.0,96.2,1,16,3,475,0,475,0,475,266,266,0,0,209,0
Undrea Bullard,32715,T,AKRON,11,99.8,0,102,55.9,60.2,52.4,2,13,266,99.6,99.7,94.5,2,22,7,475,0,0,9,476,285,286,0,466,190,1
Kelvin Hopkins Jr.,41309,QB,ARMY,12,60.2,0,114,85.7,,60.1,0,0,0,0.0,0.0,,2,0,0,474,0,0,0,788,0,102,0,0,474,0
Damonte Coxie,61419,WR,MEMPHIS,14,53.0,0,218,82.7,,70.3,0,0,0,0.0,0.0,,4,0,0,474,0,0,0,894,0,420,0,0,474,0
Tyler Mabry,25705,TE,BUFFALO,14,62.1,1,126,60.6,71.2,63.3,0,1,63,19.4,18.9,99.2,6,1,0,472,0,0,1,760,67,355,0,0,405,550
Dalton Keene,61068,TE,VA TECH,13,64.0,0,337,60.2,70.1,53.9,0,3,107,30.0,29.9,98.6,1,3,0,472,0,0,0,737,113,378,0,0,359,309
Ruben Guerra,51638,G,UTEP,7,100.0,2,330,55.8,70.3,54.7,2,7,221,100.0,100.0,98.0,6,9,0,469,70,0,0,469,234,234,321,78,235,0
Tre Nixon,40445,WR,UCF,13,52.2,0,323,61.5,,67.6,0,0,0,0.0,0.0,,2,0,0,469,0,0,0,898,0,429,0,0,469,0
Justin Hobbs,47749,WR,TULSA,12,55.3,0,320,60.6,,67.9,0,0,0,0.0,0.0,,2,0,0,468,0,0,0,846,0,378,0,0,468,2
Silas Dzansi,60211,T,VA TECH,8,100.0,0,337,65.5,68.5,60.8,2,7,212,100.0,100.0,97.9,0,9,0,467,0,0,157,467,227,227,0,309,240,1
Jahaziel Lee,40537,C,GA TECH,13,100.0,0,176,56.8,28.0,59.1,0,8,101,100.0,100.0,95.0,1,9,1,467,391,0,0,467,108,108,0,76,359,0
Luke Campbell,41501,G,MICH STATE,9,100.0,1,223,60.8,69.0,59.6,0,2,242,100.0,100.0,98.8,5,4,2,464,0,53,117,464,258,258,284,10,206,0
Kyle Hoppe,40461,C,S JOSE ST,11,100.0,1,285,55.9,70.1,53.8,1,10,278,100.0,100.0,97.7,6,12,1,463,455,5,0,463,292,292,3,0,171,0
Darnell Mooney,48236,WR,TULANE,13,56.5,0,319,71.9,65.4,58.5,0,0,1,0.3,0.3,100.0,0,0,0,463,0,0,0,819,1,356,0,0,462,1
Sean Fitzgerald,59855,G,COAST CAR,12,100.0,0,141,58.1,56.0,56.5,1,8,191,100.0,100.0,96.1,0,12,3,460,0,460,0,460,194,194,0,0,266,0
Chase Van Hoef,37120,G,KENT STATE,7,100.0,1,201,50.8,44.0,55.4,0,11,249,100.0,100.0,97.0,5,13,2,460,13,120,0,460,268,268,326,0,192,0
Jake Browning,46401,QB,WASHINGTON,14,46.7,0,340,74.8,,61.0,0,0,0,0.0,0.0,,5,0,0,459,0,0,0,983,0,484,0,0,459,0
Blake Camper,46700,T,S CAROLINA,9,100.0,0,289,54.6,60.7,48.7,3,14,249,100.0,100.0,95.8,1,19,2,459,0,0,43,459,261,261,0,404,198,3
Drew Lock,39517,QB,MISSOURI,13,46.4,0,229,88.1,,60.0,0,0,0,0.0,0.0,,3,0,0,458,0,0,0,988,0,496,0,0,458,0
Tommy Sweeney,47216,TE,BOSTON COL,12,62.5,0,121,68.6,75.1,60.9,0,1,39,12.7,12.7,98.7,2,1,0,458,0,0,0,733,40,315,0,0,418,611
Tyree Jackson,46481,QB,BUFFALO,14,46.9,0,126,68.6,,60.1,0,0,0,0.0,0.0,,1,0,0,458,0,0,0,976,0,488,0,0,458,0
Sam Heckel,41853,G,SYRACUSE,12,100.0,1,304,52.2,56.8,48.9,0,9,213,100.0,100.0,96.5,1,12,3,456,10,39,0,456,232,232,363,0,224,44
Clinton Lynch,45642,FB,GA TECH,13,76.9,0,176,77.2,62.9,61.3,0,0,19,17.6,16.8,94.7,0,1,1,454,0,0,0,590,19,113,0,0,435,446
Roy Albritton,37364,G,S ALABAMA,12,100.0,0,288,56.4,70.6,51.5,1,4,182,100.0,100.0,98.6,0,5,0,451,0,0,0,451,196,196,451,0,255,0
Kenny Cooper,40949,C,GA TECH,11,100.0,0,176,65.5,71.4,63.8,0,2,63,100.0,100.0,98.4,1,2,0,451,443,0,0,451,66,66,8,0,385,0
Penei Sewell,81788,T,OREGON,7,100.0,0,264,84.0,78.7,80.1,1,6,207,100.0,100.0,97.8,0,8,1,450,0,0,448,450,215,215,0,0,235,2
Matt Tanner,58537,G,BOWL GREEN,10,100.0,0,122,54.4,69.3,49.6,1,7,212,100.0,100.0,98.1,1,8,0,450,0,432,0,450,232,232,16,0,218,0
Michael Saffell,58546,G,CAL,6,100.0,0,130,70.6,86.4,65.0,2,2,253,100.0,100.0,99.2,1,4,0,450,0,0,0,450,266,266,450,0,184,0
Kenny Pickett,60515,QB,PITTSBURGH,14,49.8,0,268,60.6,62.2,60.5,0,0,1,0.3,0.2,100.0,5,0,0,449,0,0,0,901,1,403,0,0,448,0
Michael Wiggs,41166,C,USF,7,100.0,1,327,61.8,75.4,55.7,0,2,228,100.0,100.0,98.7,1,4,2,448,442,0,0,448,238,238,0,0,210,6
Jay-Jay McCargo,41283,C,N CAROLINA,7,100.0,1,245,56.1,73.7,52.4,2,7,234,100.0,100.0,97.6,5,10,1,444,444,0,0,444,241,241,0,0,203,0
Blaise Gammon,26883,TE,KANSAS ST,12,79.4,0,199,55.1,75.7,56.1,1,1,83,43.2,44.4,97.6,1,3,1,444,0,0,0,559,92,207,0,0,352,433
Charlie Grammel,27638,G,NEW MEXICO,7,100.0,0,241,59.1,65.6,56.3,2,1,167,100.0,100.0,97.9,1,5,2,443,0,443,0,443,181,181,0,0,262,0
Qua Searcy,45640,FB,GA TECH,13,76.1,0,176,68.5,72.0,62.1,0,1,16,13.9,15.4,96.9,3,1,0,442,0,0,0,581,19,123,0,0,423,351
Jay'Shawn Washington,47382,TE,SO MISS,11,71.4,0,296,57.0,75.8,58.8,1,5,142,45.4,46.2,97.9,5,6,0,440,0,0,0,616,151,327,0,0,289,275
Pat Bartlett,55191,G,GA STATE,10,100.0,0,175,55.3,59.8,51.5,3,12,233,100.0,100.0,96.8,0,15,0,440,0,34,0,440,244,244,404,0,196,0
Lukas Kolter,30373,G,UMASS,10,100.0,0,216,56.3,41.1,60.0,1,19,268,100.0,100.0,95.1,2,23,3,439,0,244,2,439,281,281,186,4,158,3
Parker Howell,46355,T,W KENTUCKY,10,100.0,0,346,58.9,65.7,57.3,2,12,227,100.0,100.0,96.0,3,16,2,439,0,0,433,439,237,237,0,5,202,1
Nick Follmer,55056,T,C MICHIGAN,8,99.8,1,134,47.4,44.9,52.4,3,9,217,99.5,99.6,94.5,4,18,6,439,0,0,6,440,229,230,0,433,210,1
Harrison Bryant,26394,TE,FAU,12,62.2,2,165,87.0,80.3,76.0,0,0,72,22.2,21.9,100.0,6,0,0,437,0,0,0,703,74,338,0,0,363,405
R.J. Proctor,37075,G,VIRGINIA,11,100.0,0,335,65.5,54.6,66.1,0,5,207,100.0,100.0,97.8,0,7,2,434,0,427,0,434,222,222,7,0,212,0
T.J. Hockenson,40912,TE,IOWA,13,54.9,1,192,90.0,54.4,74.9,0,2,48,12.5,13.2,95.8,5,3,1,433,0,0,1,788,54,408,0,0,379,608
Isaiah Hardy,60226,G,W VIRGINIA,10,100.0,0,343,62.1,71.2,60.3,1,5,248,100.0,100.0,98.8,3,6,0,431,0,0,0,431,262,262,431,0,169,0
Shai Werts,40384,QB,GA SOUTHRN,13,57.2,0,174,82.7,62.2,60.0,0,0,1,0.6,0.6,100.0,2,0,0,430,0,0,0,752,1,168,0,0,429,0
Quinten Parker,47250,TE,ARMY,13,97.9,0,114,74.9,48.4,70.6,1,0,13,59.1,60.9,96.2,0,1,0,429,0,0,184,438,14,23,0,132,415,97
Malik Sumter,55194,C,GA STATE,8,100.0,0,175,58.9,68.2,55.9,0,9,210,100.0,100.0,96.9,1,11,2,428,426,0,0,428,218,218,0,0,210,0
Jovon Durante,47716,WR,FAU,12,53.7,0,165,78.0,61.0,71.7,0,0,1,0.3,0.3,100.0,4,0,0,428,0,0,0,797,1,366,0,0,427,4
Cole Garcia,75872,G,RICE,9,100.0,0,275,59.5,74.9,54.3,0,4,195,100.0,100.0,97.9,0,6,2,427,0,418,5,427,203,203,3,1,224,0
Cade Otton,61071,TE,WASHINGTON,14,76.7,0,340,71.2,72.9,66.0,0,1,44,26.3,26.6,98.9,2,1,0,427,0,0,0,557,47,177,0,0,380,408
Zach Gentry,36049,TE,MICHIGAN,13,60.6,0,222,74.2,63.5,65.4,0,1,57,17.6,18.2,99.1,3,1,0,427,0,0,3,705,62,340,0,8,365,611
Joe Burrow,28022,QB,LSU,13,43.6,0,211,80.5,,60.2,0,0,0,0.0,0.0,,4,0,0,426,0,0,0,977,0,475,0,0,426,0
John Bates,42275,TE,BOISE ST,13,70.9,1,120,62.7,66.7,71.5,2,1,66,28.1,28.4,97.7,2,3,0,424,0,0,0,598,69,243,0,0,355,528
Jalen Momerelle,81865,G,TEXAS ST,7,100.0,0,314,60.0,71.7,60.5,2,3,200,100.0,100.0,98.7,4,5,0,424,0,424,0,424,208,208,0,0,216,0
Collier Smith,44117,TE,S ALABAMA,12,79.4,0,288,58.1,59.9,67.0,0,1,85,45.2,45.0,99.4,5,1,0,423,0,0,0,533,90,200,0,0,333,458
George Aston,30027,FB,PITTSBURGH,14,82.1,0,268,72.4,70.8,68.3,0,1,50,37.0,37.7,99.0,1,1,0,423,0,0,0,515,52,138,0,0,371,279
Jamal Paxton,43522,C,GA STATE,7,100.0,0,175,63.3,61.1,63.0,1,9,218,100.0,100.0,96.8,2,12,2,422,421,0,0,422,236,236,0,0,186,0
Jalen Camp,40986,WR,GA TECH,12,80.8,1,176,69.0,68.2,73.9,0,0,1,1.1,1.0,100.0,2,0,0,422,0,0,1,522,1,100,0,22,421,1
Morgan Moore,81862,T,TEXAS ST,9,100.0,1,314,47.8,53.2,47.5,1,15,210,100.0,100.0,94.8,3,19,3,422,0,0,0,422,217,217,2,420,205,0
Trey Smith,62960,T,TENNESSEE,7,100.0,0,307,62.9,59.9,64.0,3,5,182,100.0,100.0,96.7,3,10,2,421,0,0,417,421,198,198,2,0,223,2
David Lucero,26726,TE,UTEP,12,61.0,1,330,58.4,55.0,56.2,0,3,88,25.7,25.7,96.0,2,5,2,421,0,0,0,690,93,362,0,0,328,485
Andres Preciado,39490,T,BOISE ST,9,100.0,0,120,58.6,62.5,56.9,1,10,243,100.0,100.0,96.9,4,13,2,420,0,0,8,420,251,251,0,410,169,0
Drew Kirkpatrick,59807,G,LA TECH,10,100.0,0,208,57.2,74.8,52.6,1,6,228,100.0,100.0,98.0,0,8,1,420,0,420,0,420,236,236,0,0,184,0
Tommy Hudson,47412,TE,ARIZONA ST,13,72.0,0,110,56.2,67.1,59.2,0,3,78,33.8,33.2,98.1,0,3,0,420,0,0,1,583,81,244,0,1,339,357
Arthur Williams,28452,G,FLORIDA ST,10,100.0,0,167,55.3,38.0,59.6,5,7,243,100.0,100.0,95.9,2,16,4,419,0,419,0,419,262,262,0,0,157,0
Jacob Hines,60127,G,TEXAS TECH,7,100.0,0,315,60.4,84.8,55.1,1,2,238,100.0,100.0,98.9,3,4,1,415,0,382,0,415,254,254,33,0,161,0
C.J. Conrad,47344,TE,KENTUCKY,13,73.0,0,202,82.4,71.4,72.4,0,3,56,27.9,28.2,97.3,2,3,0,414,0,0,1,567,60,213,0,0,354,327
Nate Herbig,28844,G,STANFORD,7,100.0,0,300,68.5,74.0,68.4,2,8,228,100.0,100.0,97.4,2,11,1,413,0,0,0,413,242,242,385,28,171,0
Josiah Deguara,47034,TE,CINCINNATI,13,55.8,0,138,78.3,61.8,82.4,1,1,56,15.3,15.1,98.2,0,2,0,413,0,0,0,740,58,385,0,0,355,414
Jauan Wesley,28630,WR,N ILLINOIS,14,47.5,0,254,64.6,,68.8,0,0,0,0.0,0.0,,0,0,0,413,0,0,0,869,0,456,0,0,413,2
Michael Colubiale,28925,TE,UCF,12,69.6,0,323,63.1,46.0,51.0,1,9,111,39.9,40.4,95.5,0,10,0,413,0,0,4,593,122,302,1,5,291,101
Trey Hill,81653,G,GEORGIA,14,100.0,0,173,60.9,78.0,55.3,1,4,172,100.0,100.0,98.0,0,6,1,413,159,51,0,413,176,176,200,0,237,0
Papi White,45926,WR,OHIO,13,54.0,0,259,81.3,,63.1,0,0,0,0.0,0.0,,1,0,0,412,0,0,0,763,0,348,0,0,412,0
Julian Santos,41814,G,DUKE,13,100.0,0,154,56.0,54.3,55.3,4,6,211,100.0,100.0,97.6,1,10,0,412,0,410,0,412,220,220,0,0,192,0
Dwayne Haskins,41897,QB,OHIO STATE,14,38.1,2,260,85.0,,60.1,0,0,0,0.0,0.0,,3,0,0,412,0,0,0,1081,0,623,0,0,412,0
Cole Fagan,57047,HB,AIR FORCE,12,62.7,1,101,67.5,64.8,64.1,1,3,89,62.7,62.0,97.8,1,4,0,411,0,0,0,655,93,150,0,0,318,1
Tyler Bjorklund,52048,G,COLO STATE,6,100.0,0,144,58.7,64.1,57.4,4,6,241,100.0,100.0,97.5,2,11,1,410,0,410,0,410,261,261,0,0,149,0
Sean McKeon,42266,TE,MICHIGAN,13,73.1,0,222,61.9,62.9,66.6,0,1,31,17.9,18.8,95.2,1,2,1,410,0,0,1,561,35,186,0,0,375,500
Gabe Davis,55410,WR,UCF,13,50.4,0,323,69.1,,78.3,0,0,0,0.0,0.0,,2,0,0,410,1,0,0,814,0,404,0,0,410,0
Shea Patterson,40688,QB,MICHIGAN,13,48.9,0,222,85.5,62.2,60.0,0,0,1,0.3,0.3,100.0,4,0,0,410,0,0,0,838,1,389,0,0,409,0
Peyton Winstead,77519,C,E CAROLINA,8,100.0,0,156,48.4,29.2,55.6,1,21,274,100.0,100.0,96.0,2,22,0,409,409,0,0,409,293,293,0,0,116,0
Greg Dortch,42237,WR,WAKE,12,48.9,0,339,84.9,,58.5,0,0,0,0.0,0.0,,1,0,0,409,0,0,0,836,0,423,0,0,409,0
Jake Jackson,35884,TE,UTAH,14,78.8,0,328,60.2,60.2,62.4,0,7,87,44.8,45.8,94.8,1,8,1,409,0,0,0,519,93,203,0,2,316,472
Marcus Bennett,61093,FB,AIR FORCE,12,78.0,0,101,81.8,64.2,61.9,0,1,1,0.9,0.9,50.0,1,1,0,407,0,0,0,522,1,116,0,0,406,108
Cameron Green,27946,TE,NWESTERN,14,50.6,0,256,61.2,48.2,54.1,0,2,36,8.9,9.2,97.2,3,2,0,407,0,0,0,805,40,437,0,0,367,490
Salofi Gaoa,36596,G,COLO STATE,11,100.0,0,144,57.6,47.2,58.0,6,11,234,100.0,100.0,96.4,0,17,0,407,0,0,0,407,250,250,407,0,157,0
Jared Pinkney,47214,TE,VANDERBILT,13,53.4,0,333,78.5,62.9,58.3,0,2,58,14.8,14.7,98.3,5,2,0,407,0,0,0,762,61,416,0,0,346,518
Nick Brahms,58514,C,AUBURN,8,100.0,0,115,57.1,60.6,55.8,0,7,187,100.0,100.0,97.1,2,9,2,406,406,0,0,406,194,194,0,0,212,0
Nate Stanley,46565,QB,IOWA,13,46.3,0,192,61.4,,60.0,0,0,0,0.0,0.0,,4,0,0,404,0,0,0,873,0,454,0,0,404,0
Colin Marquez,58454,G,AIR FORCE,11,100.0,0,101,68.2,39.6,69.6,0,3,74,100.0,100.0,96.6,1,4,1,404,0,270,0,404,83,83,134,0,321,0
Jamal Custis,27418,WR,SYRACUSE,13,41.4,1,304,68.4,,61.2,0,0,0,0.0,0.0,,7,0,0,403,0,0,0,973,0,570,0,0,403,0
Andrew Meyer,48253,WR,OHIO,13,54.4,0,259,66.4,,64.7,0,0,0,0.0,0.0,,1,0,0,403,0,0,0,741,0,338,0,0,403,0
Ryan Finley,46426,QB,NC STATE,13,41.7,0,248,89.9,81.4,60.0,0,0,2,0.4,0.4,100.0,3,0,0,403,0,0,0,966,2,532,0,0,401,0
Woodlyson Alcius,60080,T,SO MISS,7,100.0,0,296,61.6,79.4,50.0,3,6,248,100.0,100.0,97.4,1,11,2,402,0,0,379,402,259,259,0,20,143,1
Steven Hayes,59990,C,OHIO,8,100.0,0,259,63.1,81.7,58.8,0,1,147,100.0,100.0,99.0,2,2,1,402,391,11,0,402,152,152,0,0,250,0
Keylon Stokes,65080,WR,TULSA,12,50.5,0,320,61.4,,53.8,0,0,0,0.0,0.0,,5,0,0,402,0,0,0,796,0,379,0,0,402,0
Collin Johnson,47808,WR,TEXAS,13,44.1,0,311,81.6,68.9,77.5,0,0,4,0.8,0.8,100.0,1,0,0,401,0,0,0,909,4,512,0,0,397,1
Lucas Johnson,36911,T,GA STATE,12,99.5,0,175,53.3,51.0,54.4,2,17,182,99.5,99.0,93.7,2,21,2,400,0,0,9,402,199,201,0,352,201,19
Giovanni Fauolo Sr.,40519,TE,UNLV,12,81.0,0,325,67.6,66.2,60.3,0,4,74,45.4,46.9,95.9,0,5,1,400,0,0,0,494,83,177,0,0,317,306
Matt Sokol,47123,TE,MICH STATE,13,60.5,0,223,43.6,68.3,49.8,0,2,79,24.5,24.0,98.7,1,2,0,399,0,0,2,659,82,342,0,4,317,557
Jace Sternberger,47081,TE,TEXAS A&M,13,47.2,0,312,85.1,65.5,56.8,0,1,29,6.6,6.9,94.8,8,2,1,399,0,0,0,846,33,480,0,0,366,676
Mitchell Wilcox,47234,TE,USF,12,57.2,0,327,68.0,65.4,57.8,0,2,60,17.4,17.3,96.7,3,3,1,397,0,0,1,694,62,359,0,1,335,330
Shane Richards,41711,T,OKLA STATE,8,100.0,1,262,64.9,62.3,65.1,2,8,205,100.0,100.0,95.6,2,14,4,396,0,9,0,396,220,220,147,240,176,0
Donovan Jennings,86861,T,USF,10,100.0,0,327,62.1,66.1,57.1,2,12,195,100.0,100.0,95.9,0,15,1,396,0,0,393,396,208,208,0,1,188,2
Kenny Thomas,47023,G,LOUISVILLE,8,100.0,1,210,49.3,42.6,54.7,3,11,248,100.0,100.0,97.2,6,14,0,395,0,137,25,395,258,258,207,26,137,0
Rowan Godwin,41173,G,S ALABAMA,12,100.0,0,288,55.6,72.4,49.5,1,4,183,100.0,100.0,98.1,1,6,1,394,0,0,0,394,194,194,394,0,200,0
Terren Encalade,48084,WR,TULANE,13,55.0,0,319,68.6,,64.1,0,0,0,0.0,0.0,,2,0,0,394,0,0,0,717,0,318,0,0,394,0
Jordan Wright,55556,G,UTSA,7,100.0,0,331,58.1,62.9,58.7,2,5,249,100.0,100.0,98.2,3,8,1,393,0,0,0,393,262,262,393,0,131,0
Venzell Boulware,37127,G,MIAMI FL,13,100.0,0,220,66.7,70.5,65.8,0,4,193,100.0,100.0,98.4,2,5,1,393,0,286,0,393,200,200,97,0,193,9
Connor Vikupitz,58451,C,AIR FORCE,11,100.0,1,101,58.2,52.3,58.5,1,3,81,100.0,100.0,97.5,2,4,0,392,392,0,0,392,83,83,0,0,309,0
Zach Reuter,47455,WR,KANSAS ST,12,52.4,0,199,50.8,,55.9,0,0,0,0.0,0.0,,1,0,0,390,0,0,0,744,0,354,0,0,390,4
Taylor Jackson,27576,WR,NAVY,13,78.0,0,237,72.5,65.6,64.6,0,0,1,1.0,0.9,100.0,1,0,0,390,0,0,13,500,1,111,0,14,389,7
Anthony Gargiulo,36002,FB,NAVY,13,77.7,0,237,62.6,68.7,71.5,0,5,95,88.8,87.6,96.3,1,6,1,390,0,0,0,502,99,113,0,0,291,1
Marcus Childers,40476,QB,N ILLINOIS,14,38.0,0,254,71.2,62.2,60.2,0,0,0,0.0,0.2,,2,0,0,389,0,0,0,1023,1,516,0,0,388,0
Tylan Wallace,61577,WR,OKLA STATE,13,41.2,0,262,86.2,,77.3,0,0,0,0.0,0.0,,3,0,0,388,0,0,0,941,0,553,0,0,388,0
Jacob Gall,55024,G,BUFFALO,11,100.0,0,126,69.3,75.3,66.5,0,3,151,100.0,100.0,99.0,1,3,0,388,25,72,0,388,165,165,291,0,223,0
Nathan Cottrell,45980,FB,GA TECH,13,81.5,0,176,69.5,67.7,53.4,0,1,29,42.6,40.8,98.3,1,1,0,388,0,0,0,476,29,71,0,0,359,375
Tyree Mayfield,47096,TE,WYOMING,12,67.6,0,351,71.3,60.4,47.6,1,1,35,16.6,16.6,97.1,2,2,0,388,0,0,1,574,37,223,0,0,351,495
Anthony Brown,40316,QB,BOSTON COL,12,51.1,0,121,66.8,,60.0,0,0,0,0.0,0.0,,2,0,0,387,0,0,0,758,0,327,0,0,387,0
Lecitus Smith,61069,G,VA TECH,11,100.0,0,337,55.0,60.9,52.0,2,8,208,100.0,100.0,97.6,1,10,0,387,0,387,0,387,220,220,0,0,167,0
Nick Weber,59684,G,FAU,11,100.0,0,165,60.5,85.4,54.9,0,3,151,100.0,100.0,99.0,1,3,0,386,0,170,0,386,156,156,212,0,230,1
Jamarius Way,61641,WR,S ALABAMA,12,51.6,1,288,73.1,,64.6,0,0,0,0.0,0.0,,10,0,0,386,0,0,0,748,0,361,0,0,386,0
Chase Claypool,42312,WR,NOTRE DAME,13,45.1,1,258,69.1,41.1,84.0,0,0,0,0.0,0.0,,1,0,0,385,0,0,0,854,0,469,0,0,385,4
Kelvin Smith,45207,TE,N TEXAS,13,60.2,0,251,64.7,72.2,71.7,0,1,69,22.2,21.8,96.4,2,3,2,384,0,0,0,638,71,325,0,0,313,430
Tyre Brady,41818,WR,MARSHALL,13,44.7,0,214,77.3,,75.0,0,0,0,0.0,0.0,,3,0,0,384,0,0,0,859,0,475,0,0,384,0
Justin Herbert,28237,QB,OREGON,13,42.6,0,264,76.6,,60.0,0,0,0,0.0,0.0,,1,0,0,381,0,0,0,895,0,483,0,0,381,0
Avery Edwards,47101,TE,MARYLAND,12,82.4,0,215,38.2,58.4,52.5,0,3,55,42.0,42.1,95.5,4,4,1,380,0,0,21,461,59,140,0,22,321,379
Kyle Williams,42191,WR,ARIZONA ST,13,47.4,0,110,62.1,,63.5,0,0,0,0.0,0.0,,0,0,0,380,0,0,0,801,0,420,0,0,380,5
Max Mitchell,81707,T,LA LAFAYET,14,100.0,0,207,56.1,60.5,55.8,2,8,160,100.0,100.0,96.9,2,10,0,379,0,1,365,379,168,168,0,0,211,13
Jahair Jones,46740,G,MIAMI FL,13,100.0,0,220,60.4,59.8,59.9,1,9,185,100.0,100.0,96.2,1,12,2,379,0,378,0,379,195,195,0,0,184,0
Tyron Johnson,34427,WR,OKLA STATE,13,41.5,0,262,71.0,,72.9,0,0,0,0.0,0.0,,2,0,0,378,0,0,0,910,0,531,0,0,378,0
Chase Blakley,47261,TE,BOISE ST,13,63.6,0,120,43.5,51.7,51.5,1,4,49,18.8,19.1,92.9,5,6,1,378,0,0,1,594,51,267,0,0,327,495
Camden Harrison,61153,WR,ARMY,13,86.7,0,114,65.4,,68.1,0,0,0,0.0,0.0,,2,0,0,378,0,0,0,436,0,58,0,0,378,2
Noah Togiai,47282,TE,OREGON ST,9,61.2,0,265,45.6,55.5,51.8,0,5,108,31.8,32.3,94.0,2,9,4,377,0,0,0,616,114,353,0,1,263,484
Luke Farrell,42353,TE,OHIO STATE,14,58.3,1,260,59.2,49.8,64.9,0,2,49,16.1,16.1,98.0,3,2,0,377,0,0,1,647,52,322,0,0,325,480
Ka'John Armstrong,46148,T,E MICHIGAN,13,100.0,0,160,70.0,77.2,64.2,0,6,203,100.0,100.0,98.5,2,6,0,377,0,0,376,377,212,212,0,0,165,0
Christoph Henle,77914,TE,BAYLOR,13,80.7,1,118,49.2,55.1,58.2,2,4,96,53.6,52.4,96.9,9,6,0,376,0,0,0,466,99,189,0,0,277,375
K.J. Osborn,23503,WR,BUFFALO,14,46.0,2,126,72.7,67.7,61.3,0,0,5,1.2,1.1,100.0,3,0,0,376,0,0,0,817,5,441,0,0,371,16
Lil'Jordan Humphrey,42247,WR,TEXAS,14,43.0,0,311,82.6,76.2,67.8,0,0,2,0.4,0.4,100.0,3,0,0,376,0,0,0,875,2,495,0,0,374,4
Johnny Lumpkin,83994,TE,LA LAFAYET,14,74.1,0,207,48.9,68.3,52.0,0,1,71,36.0,36.1,97.9,5,2,1,375,0,0,4,506,74,205,0,0,301,396
Armani Levias,60947,TE,MARSHALL,13,58.6,0,214,61.1,59.7,58.8,0,4,79,23.7,23.4,96.2,2,5,1,375,0,0,0,640,81,346,0,0,294,474
Trevon Wesco,42018,TE,W VIRGINIA,12,64.9,0,343,83.2,61.1,72.9,3,1,98,33.7,34.0,98.0,2,4,0,374,0,0,0,576,104,306,0,0,270,375
Deonte Brown,41457,G,ALABAMA,11,100.0,0,103,70.3,70.4,68.9,1,4,169,100.0,100.0,98.5,0,5,0,374,0,337,0,374,173,173,37,0,201,0
Devin Duvernay,40006,WR,TEXAS,14,44.3,0,311,65.9,61.9,74.8,0,0,1,0.2,0.2,100.0,0,0,0,374,0,0,0,845,1,471,0,0,373,0
Chandler Cox,45629,FB,AUBURN,13,75.3,0,115,69.7,62.0,75.3,1,4,103,48.1,46.7,96.6,0,6,1,374,0,0,0,497,105,225,0,0,269,111
Matt Barnes,47377,TE,LA LAFAYET,14,66.9,0,207,51.5,63.4,55.0,0,3,61,25.6,25.5,97.5,0,3,0,372,0,0,8,556,63,247,0,0,309,366
Clayton Thorson,46501,QB,NWESTERN,14,37.7,0,256,73.8,,60.7,0,0,0,0.0,0.0,,0,0,0,372,0,0,0,988,0,579,0,0,372,0
N'Keal Harry,48297,WR,ARIZONA ST,12,46.4,0,110,86.0,,73.4,0,0,0,0.0,0.0,,2,0,0,372,0,0,0,801,0,424,0,0,372,5
Brett Rypien,46487,QB,BOISE ST,13,40.0,0,120,88.7,,60.3,0,0,0,0.0,0.0,,3,0,0,370,0,0,0,926,0,526,0,0,370,0
Charlie Woerner,42257,TE,GEORGIA,14,76.3,0,173,65.5,69.3,62.2,0,1,51,31.5,32.7,97.1,1,2,1,370,0,0,1,485,56,171,0,0,314,341
Wes Harris,60108,G,TCU,9,100.0,0,305,53.8,68.1,52.1,0,7,153,100.0,100.0,97.7,2,7,0,369,0,0,0,369,157,157,369,0,212,0
Chris Phillips,60873,TE,CHARLOTTE,12,66.3,0,136,61.3,67.4,62.7,2,2,55,24.2,23.7,94.5,0,5,1,368,0,0,0,555,58,245,0,0,310,490
Chase Behrndt,43963,G,W VIRGINIA,11,100.0,0,343,61.1,72.4,56.0,0,6,194,100.0,100.0,97.4,1,8,2,368,0,112,3,368,206,206,253,0,162,0
Malcolm Williams,54557,WR,COAST CAR,12,54.8,1,141,73.2,,53.7,0,0,0,0.0,0.0,,2,0,0,368,0,0,0,672,0,294,0,0,368,0
Manny Wilkins,46604,QB,ARIZONA ST,13,40.2,0,110,73.9,62.2,60.5,0,0,1,0.2,0.2,100.0,3,0,0,367,0,0,0,914,1,474,0,0,366,0
Max Charite,81831,G,S ALABAMA,11,100.0,1,288,57.5,69.0,57.3,1,4,156,100.0,100.0,97.8,5,6,1,367,0,367,0,367,167,167,0,0,200,0
Alex Bachman,47996,WR,WAKE,12,48.4,0,339,67.6,,66.3,0,0,0,0.0,0.0,,1,0,0,367,0,0,0,759,0,392,0,0,367,0
Bryce Foxworth,60081,G,SO MISS,9,100.0,0,296,56.9,52.3,57.2,1,7,168,100.0,100.0,95.8,2,11,3,367,0,130,0,367,176,176,235,0,191,1
Gabe Mobley,26119,G,GA STATE,6,100.0,2,175,54.3,69.2,50.6,3,8,188,100.0,100.0,97.1,2,11,0,366,0,68,0,366,203,203,298,0,163,0
Jacob Breeland,35748,TE,OREGON,12,55.6,0,264,57.2,62.4,57.3,0,1,37,11.7,13.1,98.6,2,1,0,366,0,0,0,658,44,336,0,2,322,459
Tazh Maloy,41206,FB,NAVY,13,83.2,0,237,45.3,31.4,56.7,0,5,38,47.5,49.4,93.4,1,5,0,366,0,0,0,440,42,85,0,0,324,317
Dillon Mitchell,42338,WR,OREGON,13,45.9,0,264,80.8,,63.5,0,0,0,0.0,0.0,,2,0,0,366,0,0,0,797,0,429,0,0,366,0
Stanley Morgan,48110,WR,NEBRASKA,12,43.9,0,238,75.8,,58.8,0,0,0,0.0,0.0,,1,0,0,366,0,0,0,834,0,467,0,0,366,0
Dalton Schoen,34407,WR,KANSAS ST,11,52.1,0,199,65.6,,58.6,0,0,0,0.0,0.0,,0,0,0,366,0,0,0,702,0,336,0,0,366,0
Jerome Carvin,81852,G,TENNESSEE,9,100.0,0,307,54.6,52.2,53.0,2,5,155,100.0,100.0,95.8,0,10,3,365,0,99,0,365,167,167,264,0,198,0
Nick Gerhard,36881,G,S DIEGO ST,6,100.0,0,284,64.7,46.4,70.8,2,3,180,100.0,100.0,96.9,4,8,3,365,123,0,0,365,188,188,242,0,177,0
Kyle Shurmur,29110,QB,VANDERBILT,13,43.2,0,333,70.1,,60.1,0,0,0,0.0,0.0,,7,0,0,365,0,0,0,844,0,468,0,0,365,0
CeeDee Lamb,61570,WR,OKLAHOMA,14,46.8,0,261,85.0,,85.9,0,0,0,0.0,0.0,,5,0,0,364,0,0,0,777,0,413,0,0,364,3
Tyler Petite,47222,TE,USC,12,62.2,0,326,40.1,58.8,52.1,1,7,98,31.9,31.8,95.9,3,8,0,364,0,0,1,585,103,324,0,0,261,447
Terry Wilson,40709,QB,KENTUCKY,13,45.4,1,202,66.1,,61.7,0,0,0,0.0,0.0,,4,0,0,364,0,0,0,802,0,359,0,0,364,0
Nathan Niehaus,40943,G,TENNESSEE,9,100.0,0,307,53.3,50.3,53.0,6,2,167,100.0,100.0,96.4,2,10,2,364,0,0,29,364,176,176,314,21,188,0
Andre Nunez,60430,QB,LA LAFAYET,14,49.9,0,207,75.0,62.2,60.0,0,0,1,0.3,0.3,100.0,2,0,0,364,0,0,0,729,1,343,0,0,363,0
Tre Walker,34289,FB,NAVY,13,81.1,0,237,63.1,74.8,55.2,0,0,14,26.9,25.9,100.0,1,0,0,364,0,0,0,449,14,54,0,0,350,285
Marcus McMaryion,29810,QB,FRESNO ST,14,40.5,0,169,88.2,,60.3,0,0,0,0.0,0.0,,3,0,0,364,0,0,0,899,0,486,0,0,364,0
Tyler Johnson,48054,WR,MINNESOTA,13,49.3,0,225,89.6,,56.9,0,0,0,0.0,0.0,,0,0,0,363,0,0,0,736,0,373,0,0,363,1
Joey Claybrook,60141,T,TULANE,8,100.0,0,319,63.3,71.5,58.4,0,6,123,100.0,100.0,95.9,0,8,2,362,0,0,2,362,128,128,0,360,234,0
Jack Stoll,42058,TE,NEBRASKA,12,51.8,1,238,48.7,67.7,47.5,0,0,30,8.4,8.7,100.0,3,0,0,362,0,0,2,699,32,369,0,2,330,389
Isaac Nauta,47119,TE,GEORGIA,14,61.8,0,173,78.0,60.2,76.3,0,1,43,16.7,16.4,98.8,2,1,0,362,0,0,3,586,44,268,0,1,318,372
Trevor Robbins,41508,C,S JOSE ST,7,100.0,0,285,46.3,57.8,47.9,2,8,235,100.0,100.0,96.6,5,13,3,361,361,0,0,361,244,244,0,0,117,0
Cody Thompson,48152,WR,TOLEDO,13,45.9,0,316,72.4,67.2,60.5,0,0,2,0.5,0.5,100.0,1,0,0,361,0,0,0,787,2,428,0,0,359,7
Hakeem Butler,47928,WR,IOWA STATE,13,45.5,0,193,82.4,,73.6,0,0,0,0.0,0.0,,4,0,0,359,0,0,0,789,0,430,0,0,359,1
Kyle Penniston,29613,TE,WISCONSIN,13,84.9,0,349,44.8,55.3,50.7,0,0,19,23.5,22.9,100.0,3,0,0,359,0,0,0,423,19,83,0,0,340,394
Kyle Fourtenbary,41150,TE,W KENTUCKY,12,55.7,0,346,66.1,67.5,59.0,1,1,48,14.8,15.4,97.9,2,2,0,359,0,0,0,645,52,338,0,3,307,470
Dalton Ferguson,37115,G,IOWA,8,100.0,0,192,57.2,38.1,59.3,2,6,156,100.0,100.0,96.8,0,9,1,358,34,0,39,358,167,167,247,37,191,1
Chad Hendricks,29629,T,DOMINION,6,100.0,0,263,63.5,64.9,61.5,1,12,207,100.0,100.0,95.9,1,15,2,358,0,0,0,358,220,220,0,358,138,0
Jack Freudenthal,34958,TE,WAKE,13,60.8,0,339,57.6,70.3,58.5,0,1,60,21.1,21.8,99.2,0,1,0,357,0,0,1,587,64,294,0,0,293,368
Kahlil Lewis,47788,WR,CINCINNATI,13,48.6,0,138,75.4,,67.9,0,0,0,0.0,0.0,,1,0,0,356,0,0,0,733,0,376,0,0,356,5
Alize Mack,39770,TE,NOTRE DAME,12,54.2,0,258,58.5,71.4,46.1,1,1,53,15.5,15.9,98.1,2,2,0,356,0,0,0,657,57,358,0,0,299,336
Tyler Johnson,40470,T,TULANE,11,100.0,0,319,62.1,73.3,60.2,1,4,132,100.0,100.0,96.6,3,7,2,354,0,0,312,354,143,143,0,40,211,2
Josh Rivas,59780,G,KANSAS ST,12,100.0,0,199,66.1,77.7,62.3,2,2,155,100.0,100.0,98.7,0,4,0,354,0,171,0,354,164,164,183,0,190,0
Logan Bruss,60251,T,WISCONSIN,13,98.6,0,349,62.7,54.8,64.4,2,4,99,96.1,95.3,97.0,1,6,0,353,0,0,12,358,102,107,0,246,251,99
Jonathan Trull,30418,C,N CAROLINA,7,100.0,0,245,62.9,70.5,58.5,0,5,185,100.0,100.0,98.1,0,6,1,353,353,0,0,353,192,192,0,0,161,0
Josh Oliver,47083,TE,S JOSE ST,12,43.6,0,285,77.1,68.0,59.6,0,4,62,12.4,12.8,96.8,4,4,0,352,0,0,1,807,67,522,0,2,285,427
Andru Tovi,59773,G,KANSAS,12,100.0,2,198,51.8,63.0,48.4,1,3,182,100.0,100.0,97.3,3,7,3,352,107,73,0,352,193,193,172,0,159,0
Brevin Jordan,77887,TE,MIAMI FL,12,54.4,1,220,61.6,76.3,56.5,0,2,43,13.2,13.5,97.7,4,2,0,352,0,0,0,647,46,341,0,0,306,432
Tavin Richardson,27000,WR,KENTUCKY,13,57.2,0,202,52.5,70.7,74.2,0,0,2,0.8,0.8,100.0,0,0,0,351,0,0,0,614,2,264,0,0,349,10
Taylor Cornelius,46535,QB,OKLA STATE,13,34.5,0,262,77.1,,60.1,0,0,0,0.0,0.0,,1,0,0,351,0,0,0,1018,0,584,0,0,351,0
Jake Fromm,60389,QB,GEORGIA,14,48.5,0,173,83.2,,60.2,0,0,0,0.0,0.0,,1,0,0,351,0,0,0,723,0,351,0,0,351,0
Kyle Riddering,47289,TE,FRESNO ST,14,83.4,0,169,63.1,69.1,65.7,0,1,75,52.1,53.0,99.3,2,1,0,351,0,0,0,421,79,149,0,1,272,402
Demytrick Ali'ifua,41289,G,UTAH ST,11,100.0,0,329,61.1,63.9,58.5,4,5,169,100.0,100.0,97.3,0,9,0,350,11,216,0,350,180,180,123,0,170,0
Dawson Deaton,60131,T,TEXAS TECH,10,100.0,1,315,67.2,75.8,63.0,1,3,181,100.0,100.0,97.2,2,7,3,350,0,108,238,350,195,195,0,0,155,2
Ryan Roberts,36149,T,N ILLINOIS,11,100.0,1,254,60.2,39.1,66.2,2,16,182,100.0,100.0,94.0,3,20,2,350,0,65,0,350,195,195,49,234,155,0
Alex Bars,47018,G,NOTRE DAME,5,100.0,0,258,75.4,79.9,75.0,0,2,166,100.0,100.0,98.8,1,3,1,349,0,349,0,349,174,174,0,0,175,0
Devery Hamilton,40636,G,STANFORD,11,100.0,0,300,59.1,64.3,58.4,2,4,190,100.0,100.0,96.8,2,9,3,349,0,143,54,349,204,204,132,7,145,13
Dylan Bradshaw,41566,C,TROY,10,100.0,0,318,65.8,85.4,60.2,0,2,160,100.0,100.0,98.7,1,3,1,349,241,108,0,349,165,165,0,0,184,0
Austin Trammell,52195,WR,RICE,13,45.8,0,275,67.1,,59.7,0,0,0,0.0,0.0,,0,0,0,349,0,0,0,762,0,412,0,0,349,1
Workpeh Kofa,47729,WR,CHARLOTTE,12,50.1,1,136,58.8,,58.7,0,0,0,0.0,0.0,,2,0,0,349,0,0,0,697,0,347,0,0,349,0
Henry Pearson,83930,TE,APP STATE,13,76.2,1,108,63.8,65.8,60.8,1,1,62,37.8,37.7,98.4,3,2,0,349,0,0,0,458,66,175,0,2,283,177
Caleb Wilson,38305,TE,UCLA,12,46.9,2,324,84.0,74.6,61.8,0,1,25,6.2,6.2,98.0,5,1,0,349,0,0,14,744,26,421,0,7,323,537
Lucky Jackson,29557,WR,W KENTUCKY,12,41.5,1,346,64.6,62.1,77.4,0,0,1,0.2,0.2,100.0,2,0,0,349,0,0,0,840,1,489,0,0,348,2
Hunter Littlejohn,36901,C,INDIANA,12,100.0,0,190,59.9,72.1,53.6,2,3,195,100.0,100.0,98.2,0,6,1,349,349,0,0,349,211,211,0,0,138,0
Sam Seonbuchner,45031,TE,IOWA STATE,13,88.5,0,193,63.4,63.9,65.3,1,0,77,64.2,65.1,98.1,1,2,1,348,0,0,0,393,84,129,0,0,264,240
Justice Hansen,46349,QB,ARK STATE,13,36.5,0,113,79.2,62.2,60.0,0,0,1,0.2,0.2,100.0,4,0,0,347,0,0,0,950,1,511,0,0,346,0
Jarrett Stidham,13725,QB,AUBURN,13,42.4,0,115,57.8,,60.7,0,0,0,0.0,0.0,,5,0,0,346,0,0,0,817,0,441,0,0,346,0
David Tachie,28197,G,TEXAS ST,6,100.0,0,314,60.7,71.8,57.6,1,5,179,100.0,100.0,98.3,3,6,0,346,0,346,0,346,188,188,0,0,158,0
Isaac Moore,77495,T,TEMPLE,13,100.0,0,306,64.2,57.8,65.6,2,8,161,100.0,100.0,96.3,2,11,1,345,0,0,339,345,165,165,2,0,180,2
Tyre Phillips,59874,T,MISS STATE,12,100.0,0,227,73.6,81.3,71.5,1,4,150,100.0,100.0,98.3,4,5,0,345,0,0,328,345,158,158,0,17,187,0
John Williams,42342,WR,MEMPHIS,14,50.3,0,218,50.7,,55.1,0,0,0,0.0,0.0,,4,0,0,345,0,0,0,686,0,337,0,0,345,0
Logan Scott,61048,TE,UAB,14,84.4,0,321,57.8,68.1,60.8,0,0,58,47.9,48.4,100.0,0,0,0,345,0,0,0,409,60,124,0,0,285,391
Ryan Gibson,36768,G,CAL,9,100.0,0,130,59.4,74.9,54.3,2,9,191,100.0,100.0,97.1,1,11,0,344,18,0,0,344,198,198,326,0,146,0
Dylan Autenrieth,40793,TE,NC STATE,11,84.3,0,248,52.7,65.6,54.9,0,3,66,52.0,52.6,96.2,1,4,1,344,0,0,0,408,71,135,0,3,273,142
Dredrick Snelson,28927,WR,UCF,12,51.3,0,323,68.4,,59.1,0,0,0,0.0,0.0,,4,0,0,344,0,0,0,671,0,326,0,0,344,0
Sam Ehlinger,60555,QB,TEXAS,14,35.1,0,311,85.7,,60.2,0,0,0,0.0,0.0,,6,0,0,344,0,0,0,979,0,528,0,0,344,0
Jack Franklin,54420,G,COAST CAR,10,100.0,0,141,57.1,42.2,57.8,3,8,136,100.0,100.0,95.2,1,12,1,343,0,338,0,343,151,151,5,0,192,0
Kirk Merritt,35096,WR,ARK STATE,13,42.9,0,113,80.6,,61.1,0,0,0,0.0,0.0,,0,0,0,343,0,0,0,800,0,453,0,0,343,0
Bryce Wolma,60844,TE,ARIZONA,12,80.1,0,109,52.0,62.1,48.2,0,3,60,42.3,44.8,97.5,1,3,0,342,0,0,0,427,69,154,0,0,273,295
Mike Carrigan,42341,WR,KENT STATE,12,40.9,1,201,59.6,,50.8,0,0,0,0.0,0.0,,4,0,0,341,0,0,0,833,0,492,0,0,341,0
Timmy Hernandez,48225,WR,OREGON ST,12,41.6,0,265,68.7,61.0,68.1,0,0,0,0.0,0.2,,4,0,0,341,0,0,0,820,1,479,0,0,340,0
Sage Surratt,55450,WR,WAKE,13,48.4,0,339,72.0,,61.4,0,0,0,0.0,0.0,,1,0,0,341,0,0,0,704,0,363,0,0,341,0
Miles Boykin,48209,WR,NOTRE DAME,13,42.8,0,258,79.0,,80.0,0,0,0,0.0,0.0,,1,0,0,340,0,0,0,794,0,454,0,0,340,3
Chris Robison,60378,QB,FAU,12,45.5,0,165,68.6,62.2,60.0,0,0,0,0.0,0.3,,3,0,0,340,0,0,0,748,1,363,0,0,339,0
Daniel Helm,47307,TE,DUKE,13,63.0,0,154,65.4,69.2,66.5,1,1,83,29.7,30.9,98.8,2,2,0,339,0,0,0,538,89,288,0,0,250,268
Kellen Mond,60556,QB,TEXAS A&M,13,35.3,0,312,78.0,,60.0,0,0,0,0.0,0.0,,8,0,0,338,0,0,0,958,0,520,0,0,338,0
Marquise Brown,61568,WR,OKLAHOMA,14,46.5,1,261,85.0,,71.6,0,0,0,0.0,0.0,,3,0,0,338,0,0,0,727,0,387,0,0,338,0
David Forney,40791,G,NAVY,13,100.0,0,237,59.2,63.6,57.4,0,1,58,100.0,100.0,97.4,0,2,1,338,33,292,0,338,62,62,12,0,276,0
Alex Hornibrook,34842,QB,WISCONSIN,9,58.5,0,349,69.0,,60.1,0,0,0,0.0,0.0,,3,0,0,338,0,0,0,578,0,237,0,0,338,0
Trevor Ruhland,37058,G,NOTRE DAME,9,100.0,0,258,59.3,67.1,55.0,0,5,183,100.0,100.0,98.6,1,5,0,338,0,156,0,338,192,192,182,0,146,0
Shacquille Williams,55179,G,FIU,10,100.0,0,166,64.7,56.0,64.6,1,5,129,100.0,100.0,96.9,0,7,1,337,0,0,0,337,136,136,337,0,201,0
Keenen Brown,47580,TE,TEXAS ST,12,54.1,0,314,87.1,70.2,73.1,0,3,51,15.9,15.9,95.1,2,4,1,337,0,0,1,623,53,334,0,0,284,322
Cole Neph,47497,TE,TULSA,12,73.8,0,320,59.3,43.4,52.5,0,5,57,33.1,33.1,95.6,3,5,0,336,0,0,1,455,59,178,0,2,277,274
Jarred Sylvester,81763,T,NEW MEXICO,8,100.0,1,241,65.3,70.1,63.9,2,7,158,100.0,100.0,96.5,3,10,1,336,0,0,321,336,168,168,0,14,168,1
Feleipe Franks,40217,QB,FLORIDA,13,41.8,1,163,69.5,62.2,60.8,0,0,1,0.3,0.3,100.0,4,0,0,335,0,0,0,801,1,384,0,0,334,0
Nate Scheler,36654,C,LOUISVILLE,6,100.0,0,210,58.1,65.6,55.2,0,9,204,100.0,100.0,96.8,1,11,2,335,335,0,0,335,207,207,0,0,128,0
Dawson Knox,35883,TE,OLE MISS,12,56.4,0,226,63.0,54.8,75.3,0,4,104,29.8,30.2,95.2,1,7,3,335,0,0,0,594,112,371,0,0,223,314
Chris Elmore,57090,TE,SYRACUSE,13,82.5,0,304,57.7,87.8,53.8,0,0,77,55.8,55.8,100.0,0,0,0,335,0,0,0,406,86,154,0,0,249,123
Hanner Shipley,59805,T,LA TECH,12,100.0,0,208,57.6,53.5,59.8,1,16,192,100.0,100.0,93.5,2,21,4,334,0,0,0,334,199,199,3,317,135,14
Zacc Weldon,45632,FB,TROY,13,85.4,0,318,57.4,78.5,54.7,0,1,88,62.0,61.7,99.4,1,1,0,333,0,0,0,390,92,149,0,0,241,17
Will Wallace,61043,TE,TULANE,11,87.2,0,319,59.2,55.2,61.6,1,4,60,56.6,57.8,95.8,0,5,0,333,0,0,1,382,67,116,0,0,266,225
Nate Becker,29141,TE,MIAMI OH,11,68.2,0,221,62.0,57.4,65.0,0,4,82,36.1,35.1,96.3,3,5,1,333,0,0,0,488,84,239,0,0,249,370
Justin McInnis,47865,WR,ARK STATE,13,43.8,0,113,69.3,,64.9,0,0,0,0.0,0.0,,3,0,0,333,0,0,0,760,0,427,0,0,333,0
Kelvin Harmon,47931,WR,NC STATE,12,43.1,1,248,83.5,62.1,64.6,0,0,1,0.2,0.2,100.0,3,0,0,332,0,0,0,770,1,439,0,0,331,0
Ryan Becker,47348,TE,SMU,11,72.0,0,287,58.5,76.9,67.4,0,1,82,40.0,41.4,98.2,3,2,1,332,0,0,0,461,91,220,0,0,241,190
Jalen Reagor,61697,WR,TCU,13,43.8,0,305,79.4,,63.2,0,0,0,0.0,0.0,,0,0,0,332,0,0,0,758,0,414,0,0,332,0
David Sills V,34579,WR,W VIRGINIA,12,41.0,0,343,72.6,,69.2,0,0,0,0.0,0.0,,5,0,0,332,0,0,0,809,0,477,0,0,332,0
Antoine Wesley,39967,WR,TEXAS TECH,12,36.5,0,315,83.8,,72.4,0,0,0,0.0,0.0,,0,0,0,331,0,0,2,907,0,576,0,0,331,0
Hale Hentges,47150,TE,ALABAMA,15,68.7,0,103,61.7,64.9,74.2,0,0,41,22.2,21.8,100.0,0,0,0,331,0,0,4,482,42,193,0,0,289,431
K.J. Costello,40268,QB,STANFORD,13,39.9,0,300,82.8,,60.1,0,0,0,0.0,0.0,,4,0,0,331,0,0,0,829,0,484,0,0,331,0
Gus Ragland,39063,QB,MIAMI OH,12,40.1,0,221,73.2,,60.1,0,0,0,0.0,0.0,,9,0,0,331,0,0,0,826,0,443,0,0,331,0
Quintin Morris,61182,WR,BOWL GREEN,12,43.3,0,122,65.6,,55.5,0,0,0,0.0,0.0,,3,0,0,331,0,0,0,764,0,432,0,0,331,5
Carson Meier,29686,FB,OKLAHOMA,14,68.3,0,261,72.7,71.7,63.5,0,1,67,31.0,31.1,99.3,1,1,0,330,0,0,0,483,69,222,0,0,261,318
Trevor Wood,84058,TE,TEXAS A&M,13,76.9,1,312,41.9,42.9,50.5,3,1,51,35.2,34.9,90.2,1,7,3,330,0,0,0,429,53,152,0,0,277,415
Trey Elliott,30225,G,TCU,7,100.0,0,305,60.3,61.2,59.8,1,6,150,100.0,100.0,97.0,2,8,1,329,0,232,0,329,155,155,96,0,174,0
Derek Kerstetter,60116,G,TEXAS,8,100.0,0,311,58.0,57.3,56.2,1,6,151,100.0,100.0,97.0,0,8,1,328,0,0,0,328,157,157,301,27,171,0
Kahale Warring,37213,TE,S DIEGO ST,12,54.9,2,284,64.4,75.1,53.9,0,0,9,3.5,3.6,100.0,5,0,0,328,0,0,0,597,10,279,0,1,318,434
Dominick Wood-Anderson,84056,TE,TENNESSEE,11,65.2,0,307,58.8,47.8,55.0,3,5,68,29.3,30.3,94.1,1,8,0,328,0,0,2,503,76,251,0,0,252,373
Sam Mays,44767,WR,ILLINOIS,12,49.6,0,187,58.1,,63.1,0,0,0,0.0,0.0,,2,0,0,328,0,0,0,661,0,333,0,0,328,0
Devontay Love-Taylor,44392,T,FIU,13,100.0,0,166,63.1,68.1,58.7,1,2,128,100.0,100.0,98.0,0,4,1,327,0,0,3,327,134,134,0,321,193,1
Ryan Bay,28245,TE,OREGON,13,75.3,0,264,52.8,61.4,55.9,0,0,27,20.6,21.9,96.3,1,1,1,327,0,0,0,434,30,137,0,0,297,318
Collin Reed,36143,TE,APP STATE,13,70.8,0,108,60.8,42.2,61.0,2,2,58,31.4,30.8,96.6,3,4,0,327,0,0,2,462,60,195,0,3,267,236
James Morgan,25694,QB,FIU,12,46.3,0,166,72.2,62.2,60.0,0,0,1,0.3,0.3,100.0,4,0,0,327,0,0,0,707,1,354,0,0,326,0
Jerry Jeudy,61103,WR,ALABAMA,15,44.2,0,103,86.8,,62.9,0,0,0,0.0,0.0,,1,0,0,326,0,0,0,737,0,411,0,0,326,1
Marcus Tatum,41437,T,TENNESSEE,9,100.0,1,307,51.3,49.5,50.6,7,8,152,100.0,100.0,93.1,2,18,3,324,0,0,281,324,159,159,0,43,165,0
Lynn Bowden Jr.,61361,WR,KENTUCKY,13,48.4,0,202,77.2,62.1,64.9,0,0,1,0.3,0.3,100.0,1,0,0,324,0,0,0,670,1,339,0,0,323,2
Bijan Hosseini,60196,G,UTEP,8,100.0,1,330,49.0,57.3,47.1,0,13,188,100.0,100.0,96.5,2,13,0,324,72,0,0,324,196,196,252,0,128,0
J'mar Smith,27005,QB,LA TECH,13,35.4,0,208,71.0,,60.2,0,0,0,0.0,0.0,,1,0,0,324,0,0,0,914,0,548,0,0,324,0
Tre' McKitty,60896,TE,FLORIDA ST,12,48.9,0,167,46.1,37.9,45.6,0,3,45,12.5,12.4,96.7,6,3,0,324,0,0,0,663,48,387,0,3,276,302
Branden Pena,40714,G,E CAROLINA,4,100.0,0,156,56.9,78.8,47.9,1,3,177,100.0,100.0,98.9,1,4,0,324,0,0,0,324,186,186,324,0,138,0
Cole Fotheringham,84070,TE,UTAH,14,78.8,0,328,80.8,71.0,67.0,0,2,40,31.7,34.1,97.5,1,2,0,323,0,0,0,410,45,132,0,0,278,367
Jarret Doege,60353,QB,BOWL GREEN,12,39.9,0,122,68.1,,60.7,0,0,0,0.0,0.0,,11,0,0,323,0,0,0,809,0,462,0,0,323,0
Justin Murphy,46683,G,UCLA,6,100.0,0,324,65.2,61.4,66.4,2,8,169,100.0,100.0,96.4,2,11,1,322,0,0,1,322,179,179,220,101,143,0
Sean Dykes,40468,TE,MEMPHIS,13,63.8,1,218,56.4,62.3,57.4,0,2,26,13.0,13.3,96.2,5,2,0,322,0,0,0,505,28,211,0,0,294,342
Andrew Smith,37421,WR,AIR FORCE,12,80.7,0,101,64.5,65.4,63.6,0,0,1,1.4,1.4,100.0,0,0,0,322,0,0,0,399,1,73,0,0,321,178
Van Jefferson,47447,WR,FLORIDA,13,50.1,1,163,67.1,60.9,58.8,0,0,1,0.3,0.3,100.0,2,0,0,322,0,0,0,643,1,322,0,0,321,0
Ricky Smalling,61317,WR,ILLINOIS,11,49.8,0,187,59.5,,66.6,0,0,0,0.0,0.0,,3,0,0,321,0,0,0,645,0,324,0,0,321,0
C'yontai Lewis,39171,TE,FLORIDA,13,71.6,0,163,63.3,61.6,74.2,1,0,61,33.9,33.9,97.5,3,2,1,320,0,0,0,447,65,192,0,0,255,284
Jalyn Galmore,81918,T,UTSA,5,100.0,0,331,69.8,72.3,64.4,1,9,194,100.0,100.0,97.4,0,10,0,320,0,0,0,320,198,198,0,320,122,0
Kyler Murray,38334,QB,OKLAHOMA,14,36.4,0,261,94.6,,60.2,0,0,0,0.0,0.0,,6,0,0,319,0,0,0,876,0,462,0,0,319,0
Khalil Tate,40237,QB,ARIZONA,11,43.0,0,109,72.2,,60.1,0,0,0,0.0,0.0,,3,0,0,319,0,0,0,741,0,374,0,0,319,0
Emeka Emezie,61517,WR,NC STATE,13,41.1,0,248,62.5,,54.4,0,0,0,0.0,0.0,,1,0,0,319,0,0,0,777,0,458,0,0,319,0
Ryan Agnew,33451,QB,S DIEGO ST,12,50.4,0,284,64.1,,60.0,0,0,0,0.0,0.0,,2,0,0,319,0,0,0,633,0,293,0,0,319,0
Justin Jefferson,61398,WR,LSU,13,45.8,1,211,76.0,61.9,63.1,0,0,1,0.3,0.3,100.0,2,0,0,319,0,0,0,697,1,374,0,0,318,1
Ja'Marcus Bradley,27003,WR,LA LAFAYET,14,52.5,0,207,82.8,,87.7,0,0,0,0.0,0.0,,0,0,0,318,0,0,0,606,0,287,0,0,318,1
Delane Hart-Johnson,32299,WR,NEW MEXICO,12,53.8,1,241,75.4,,59.0,0,0,0,0.0,0.0,,5,0,0,318,0,0,0,591,0,273,0,0,318,0
Paul Gainer Jr.,60079,T,SO MISS,6,100.0,0,296,64.3,66.5,64.3,2,7,157,100.0,100.0,97.1,2,9,0,317,0,0,0,317,168,168,0,317,149,0
Pat Freiermuth,84085,TE,PENN STATE,13,52.5,0,266,68.3,67.8,76.8,0,0,30,9.9,9.5,100.0,4,0,0,317,0,0,0,604,30,317,0,0,287,378
Anthony Russo,40108,QB,TEMPLE,11,44.1,0,306,79.9,,60.0,0,0,0,0.0,0.0,,1,0,0,317,0,0,0,719,0,376,0,0,317,0
Charles Jones II,47186,TE,TULANE,10,76.9,1,319,60.6,74.3,62.2,0,0,60,40.3,40.3,100.0,1,0,0,316,0,0,0,411,64,159,0,0,252,237
Nathan Rourke,60504,QB,OHIO,13,41.8,0,259,90.6,,60.1,0,0,0,0.0,0.0,,3,0,0,315,0,0,0,754,0,342,0,0,315,0
Victor Tucker,61203,WR,CHARLOTTE,11,51.6,0,136,75.4,,55.4,0,0,0,0.0,0.0,,1,0,0,315,0,0,0,610,0,295,0,0,315,0
Brenden Schooler,28253,WR,OREGON,13,49.1,0,264,52.3,48.5,67.3,0,0,0,0.0,0.0,,2,0,0,315,0,0,0,642,0,327,0,0,315,17
Spencer Tears,48319,WR,N ILLINOIS,12,46.5,0,254,59.3,,72.6,0,0,0,0.0,0.0,,1,0,0,314,0,0,0,675,0,357,0,0,314,0
Keith Corbin,40691,WR,HOUSTON,12,40.9,0,182,66.4,,69.2,0,0,0,0.0,0.0,,4,0,0,314,0,0,0,768,0,451,0,0,314,1
Kendall Blanton,47311,TE,MISSOURI,10,64.0,1,229,57.2,67.0,59.4,0,0,41,20.3,19.9,100.0,3,0,0,314,0,0,0,491,44,221,0,0,270,376
Mason Fine,46629,QB,N TEXAS,13,35.4,0,251,90.7,62.2,60.1,0,0,1,0.2,0.2,100.0,2,0,0,314,0,0,0,886,1,540,0,0,313,0
Osirus Mitchell,42344,WR,MISS STATE,13,53.0,0,227,61.5,,70.0,0,0,0,0.0,0.0,,0,0,0,314,0,0,0,592,0,278,0,0,314,0
Isaiah Zuber,26884,WR,KANSAS ST,12,51.0,1,199,74.0,,59.6,0,0,0,0.0,0.0,,4,0,0,313,0,0,0,614,0,300,0,0,313,0
Riley Ridley,47933,WR,GEORGIA,14,49.3,0,173,75.5,,71.2,0,0,0,0.0,0.0,,4,0,0,313,0,0,0,635,0,322,0,0,313,7
Jordan Sims,46805,C,OLE MISS,12,100.0,0,226,55.4,63.5,52.1,1,4,187,100.0,100.0,97.1,1,8,3,313,176,2,0,313,192,192,135,0,121,0
Bryce Hargrove,41946,G,PITTSBURGH,14,100.0,0,268,52.1,41.4,51.4,0,6,125,100.0,100.0,94.4,0,10,4,312,0,237,0,312,131,131,45,1,181,25
Xavier Ubosi,61755,WR,UAB,14,52.5,0,321,78.0,,75.6,0,0,0,0.0,0.0,,1,0,0,312,0,0,0,594,0,282,0,0,312,0
KJ Hamler,61590,WR,PENN STATE,13,43.8,0,266,71.1,,51.8,0,0,0,0.0,0.0,,0,0,0,312,0,0,0,713,0,396,0,0,312,0
Ellis Richardson,40455,TE,GA SOUTHRN,10,78.9,0,174,62.3,78.2,62.3,0,0,18,18.2,18.6,100.0,3,0,0,311,0,0,0,394,19,102,0,0,292,207
Hergy Mayala,47845,WR,UCONN,12,45.7,0,146,64.3,,61.9,0,0,0,0.0,0.0,,2,0,0,311,0,0,0,680,0,369,0,0,311,0
KeeSean Johnson,39587,WR,FRESNO ST,14,40.6,1,169,83.8,,66.7,0,0,0,0.0,0.0,,3,0,0,310,0,0,0,764,0,454,0,0,310,0
Isaac Lessard,35745,FB,S DIEGO ST,9,86.6,0,284,62.2,62.3,66.5,4,2,94,68.6,66.9,96.8,2,6,0,310,0,0,0,358,97,145,0,0,213,7
Arlington Hambright,60003,T,OKLA STATE,6,100.0,0,262,54.8,53.0,55.6,0,11,167,100.0,100.0,94.9,2,14,3,310,0,0,310,310,178,178,0,0,132,0
Quartney Davis,39931,WR,TEXAS A&M,13,41.6,0,312,64.9,,60.3,0,0,0,0.0,0.0,,3,0,0,310,0,0,0,746,0,433,0,0,310,0
Will Grier,38265,QB,W VIRGINIA,11,39.1,0,343,91.1,,60.1,0,0,0,0.0,0.0,,4,0,0,309,0,0,0,791,0,462,0,0,309,0
Austin Cantrell,25520,TE,ARKANSAS,12,85.6,0,111,69.4,65.9,64.2,1,2,63,55.3,56.7,96.0,1,4,1,309,0,0,0,361,68,120,0,1,241,323
Tavaris Harrison,26395,WR,FAU,11,51.5,0,165,61.5,61.0,63.1,0,0,1,0.4,0.3,100.0,2,0,0,309,0,0,0,600,1,292,0,0,308,6
Zach Venesky,36871,G,RUTGERS,6,100.0,0,278,59.5,50.7,61.2,3,7,146,100.0,100.0,95.2,1,12,2,309,0,309,0,309,151,151,0,0,158,0
Randall St. Felix,52319,WR,USF,11,47.0,0,327,66.9,,65.0,0,0,0,0.0,0.0,,4,0,0,308,0,0,0,656,0,348,0,0,308,3
Chris Myarick,47358,TE,TEMPLE,13,66.7,0,306,61.1,59.0,63.6,0,1,42,21.9,21.4,98.8,3,1,0,308,0,0,1,462,42,196,5,0,266,285
Newman Williams,47078,TE,AKRON,11,83.9,1,102,56.2,69.3,62.7,0,5,105,66.0,65.9,96.7,1,6,1,308,0,0,0,367,114,173,0,0,194,305
Nick Westbrook-Ikhine,47861,WR,INDIANA,12,36.3,0,190,59.7,62.1,52.4,0,0,1,0.2,0.2,100.0,1,0,0,308,0,0,0,848,1,541,0,0,307,0
Nik Urban,41887,G,NWESTERN,6,100.0,0,256,56.8,50.3,56.0,3,15,199,100.0,100.0,95.5,0,18,0,308,4,141,0,308,215,215,163,0,93,0
Jordan Love,40306,QB,UTAH ST,13,38.3,0,329,83.5,,60.0,0,0,0,0.0,0.0,,3,0,0,308,0,0,0,804,0,462,0,0,308,0
Shane Carpenter,46853,G,LA TECH,10,100.0,0,208,56.8,52.8,55.4,0,10,171,100.0,100.0,97.1,1,10,0,307,0,269,4,307,180,180,32,2,127,0
Thomas Hennigan,61125,WR,APP STATE,13,49.8,0,108,56.1,,68.6,0,0,0,0.0,0.0,,0,0,0,307,0,0,0,616,0,309,0,0,307,0
Blake Barnett,46627,QB,USF,11,38.5,0,327,81.9,,60.3,0,0,0,0.0,0.0,,1,0,0,306,0,0,0,795,0,437,0,0,306,0
Desmond Ridder,55086,QB,CINCINNATI,13,38.6,0,138,74.1,,60.5,0,0,0,0.0,0.0,,7,0,0,306,0,0,0,792,0,388,0,0,306,0
Jon Dietzen,38654,T,WISCONSIN,12,100.0,0,349,58.4,51.9,60.1,1,4,111,100.0,100.0,97.7,2,5,0,306,0,0,306,306,116,116,0,0,190,0
Brent Stockstill,29288,QB,MIDDLE TN,14,33.2,0,224,76.0,,60.2,0,0,0,0.0,0.0,,3,0,0,306,0,0,0,922,0,555,0,0,306,0
Tyler Davis,47743,TE,UCONN,12,65.1,0,146,65.1,62.9,62.0,0,1,32,16.9,17.6,92.2,2,3,2,306,0,0,0,470,35,199,0,0,271,343
Branden Mack,39902,WR,TEMPLE,13,49.2,0,306,71.0,62.1,65.9,0,0,1,0.3,0.3,100.0,2,0,0,305,0,0,0,620,1,316,0,0,304,2
Brandon Chapman,44947,TE,WAKE,13,62.7,0,339,54.5,68.0,66.3,0,1,44,20.4,19.9,98.9,2,1,0,304,0,0,1,485,45,226,0,0,259,321
Vic Wharton III,47751,WR,CAL,12,40.8,0,130,61.3,,60.9,0,0,0,0.0,0.0,,2,0,0,304,0,0,0,745,0,440,0,0,304,0
Johnathan Lloyd,45251,WR,DUKE,13,38.7,0,154,58.8,,58.5,0,0,0,0.0,0.0,,1,0,0,304,0,0,0,785,0,479,0,0,304,0
Zach Baker,26083,G,DUKE,12,100.0,0,154,54.8,56.5,52.5,1,3,140,100.0,100.0,97.9,0,5,1,304,0,135,0,304,147,147,169,0,157,0
Steve Satchell,46606,G,NAVY,12,100.0,0,237,64.8,55.9,63.9,2,4,55,100.0,100.0,94.5,0,6,0,303,0,27,0,303,62,62,275,0,241,0
Xavier Newman,58525,G,BAYLOR,7,100.0,0,118,61.3,73.9,57.4,1,7,172,100.0,100.0,97.7,1,8,0,303,0,302,0,303,182,182,0,0,121,0
Kyle Schrank,47408,TE,BALL ST,12,59.5,0,117,49.1,49.1,51.8,2,6,65,24.7,24.8,93.8,3,8,0,303,1,0,0,509,68,274,0,0,235,347
Greg Fecanin,60156,C,UAB,8,100.0,0,321,66.6,73.2,64.4,0,1,96,100.0,100.0,99.5,1,1,0,302,283,0,0,302,100,100,15,0,202,1
Derek Downs,58536,T,BOWL GREEN,7,100.0,0,122,51.4,54.2,50.2,1,15,168,100.0,100.0,94.0,2,18,2,302,0,0,226,302,180,180,0,74,122,0
Tamorrion Terry,61258,WR,FLORIDA ST,12,38.6,0,167,65.4,62.1,59.4,0,0,1,0.2,0.2,100.0,2,0,0,302,0,0,0,783,1,482,0,0,301,2
JoJo Ward,75940,WR,HAWAII,14,32.9,0,180,59.5,,60.6,0,0,0,0.0,0.0,,1,0,0,302,0,0,0,918,0,616,0,0,302,2
Adrian Hardy,42172,WR,LA TECH,13,37.7,0,208,77.3,,78.8,0,0,0,0.0,0.0,,0,0,0,302,0,0,0,802,0,500,0,0,302,0
Jerry Howard Jr.,62941,HB,GA TECH,13,71.7,0,176,58.4,59.5,56.2,0,3,58,84.1,82.2,97.4,0,3,0,301,0,0,0,420,60,73,0,0,241,0
Giovanni Ricci,13756,TE,W MICHIGAN,12,54.6,0,347,67.3,77.0,56.0,0,0,46,16.4,16.9,100.0,1,0,0,301,0,0,0,551,51,301,0,0,250,396
Cedric Byrd II,75938,WR,HAWAII,14,31.8,0,180,65.6,,66.0,0,0,0,0.0,0.0,,4,0,0,301,0,0,0,946,0,645,0,0,301,1
Tua Tagovailoa,60326,QB,ALABAMA,15,41.2,0,103,90.9,,60.6,0,0,0,0.0,0.0,,3,0,0,301,0,0,0,730,0,405,0,0,301,0
A.J. Richardson,47896,WR,BOISE ST,13,41.6,0,120,75.0,73.1,56.2,0,0,2,0.5,0.5,100.0,1,0,0,300,0,0,0,721,2,423,0,0,298,29
Eric Dungey,46458,QB,SYRACUSE,13,32.7,0,304,73.6,,60.0,0,0,0,0.0,0.0,,4,0,0,300,0,0,0,917,0,495,0,0,300,0
DeVonta Smith,61100,WR,ALABAMA,14,47.7,0,103,75.0,,65.6,0,0,0,0.0,0.0,,1,0,0,300,0,0,0,629,0,329,0,0,300,0
Jake Bentley,40788,QB,S CAROLINA,12,37.7,0,289,73.6,,60.2,0,0,0,0.0,0.0,,2,0,0,300,0,0,0,796,0,467,0,0,300,0
James Price,47971,WR,WYOMING,12,51.4,0,351,61.8,,67.3,0,0,0,0.0,0.0,,1,0,0,299,0,0,0,582,0,281,0,0,299,14
Rashod Bateman,84296,WR,MINNESOTA,13,45.1,0,225,69.5,,64.7,0,0,0,0.0,0.0,,0,0,0,299,0,0,0,663,0,364,0,0,299,0
Trevor Lawrence,77632,QB,CLEMSON,15,38.5,0,140,90.7,,60.1,0,0,0,0.0,0.0,,1,0,0,299,0,0,0,776,0,441,0,0,299,0
Zac Thomas,39989,QB,APP STATE,12,44.4,0,108,77.0,,60.0,0,0,0,0.0,0.0,,4,0,0,299,0,0,0,673,0,316,0,0,299,0
Willie Wright,61250,WR,FAU,12,47.2,0,165,69.0,55.0,67.3,0,0,0,0.0,0.0,,4,0,0,299,0,0,0,633,0,323,0,0,299,6
Chasen Hines,81531,G,LSU,8,100.0,0,211,54.9,75.2,50.6,1,5,131,100.0,100.0,97.7,1,6,0,299,0,299,0,299,137,137,0,0,162,0
Steven Montez,46465,QB,COLORADO,12,35.6,0,143,74.9,62.2,61.5,0,0,1,0.2,0.2,100.0,2,0,0,298,0,0,0,838,1,502,0,0,297,0
Kailon Carter,61754,WR,UAB,14,55.9,0,321,71.0,,64.1,0,0,0,0.0,0.0,,1,0,0,297,0,0,0,531,0,234,0,0,297,1
Justice Oluwaseun,60179,T,UNLV,7,100.0,0,325,53.1,44.3,58.1,1,9,116,100.0,100.0,95.7,2,10,0,297,0,11,217,297,122,122,4,65,175,0
Seth Boomer,77643,QB,TULSA,8,52.0,0,320,50.1,62.2,60.1,0,0,1,0.4,0.4,100.0,1,0,0,296,0,0,0,569,1,249,0,0,295,0
Drew Rosi,55369,TE,TOLEDO,13,56.3,0,316,46.2,44.7,53.5,1,0,42,16.0,17.3,98.8,3,1,0,296,0,0,7,526,48,278,0,8,248,233
Jordan Ellis,30806,HB,VIRGINIA,13,43.8,0,335,77.3,61.0,62.7,1,10,156,49.5,50.2,96.5,2,11,0,295,0,0,0,674,166,331,0,0,129,8
James Proche II,48037,WR,SMU,12,37.4,1,287,86.1,,59.8,0,0,0,0.0,0.0,,2,0,0,295,0,0,0,789,0,492,0,0,295,2
Nolan Givan,42166,TE,BALL ST,12,59.1,1,117,50.2,58.9,56.4,0,4,62,24.6,24.2,96.8,7,4,0,295,0,0,2,499,65,269,0,0,230,321
Albert Okwuegbunam,41933,TE,MISSOURI,9,58.1,0,229,73.0,65.9,55.7,0,1,36,15.3,15.8,98.6,4,1,0,295,0,0,0,508,40,253,0,0,255,304
Aaron McLean,35035,TE,UCONN,12,51.8,0,146,64.3,73.6,60.1,0,1,21,7.6,7.1,97.6,3,1,0,295,0,0,1,570,21,296,0,1,274,311
Eric Kumah,42253,WR,VA TECH,12,46.8,0,337,71.3,,88.4,0,0,0,0.0,0.0,,4,0,0,295,0,0,0,631,0,336,0,0,295,5
Trevon Brown,28281,WR,E CAROLINA,12,32.1,0,156,75.3,,75.4,0,0,0,0.0,0.0,,2,0,0,294,0,0,0,917,0,623,0,0,294,0
Mychal Cooper,78029,WR,NAVY,13,76.8,0,237,61.1,,70.8,0,0,0,0.0,0.0,,0,0,0,294,0,0,1,383,0,86,0,1,294,2
Malcolm Perry,46513,QB,NAVY,13,53.4,0,237,76.0,71.0,58.4,0,0,1,1.1,2.0,100.0,1,0,0,294,0,0,0,551,2,101,0,0,292,188
Bruno LaBelle,42163,TE,CINCINNATI,13,83.3,0,138,63.4,58.8,61.8,0,1,33,37.9,37.2,95.5,2,2,1,294,0,0,0,353,35,94,0,0,259,316
Jonathan Duhart,47666,WR,DOMINION,12,36.0,0,263,73.7,,76.2,0,0,0,0.0,0.0,,2,0,0,293,0,0,0,815,0,522,0,0,293,0
Luke Mayock,48346,WR,MIAMI OH,12,47.6,0,221,60.5,,71.0,0,0,0,0.0,0.0,,1,0,0,292,0,0,0,614,0,322,0,0,292,0
Marquez Stevenson,41838,WR,HOUSTON,13,40.6,0,182,76.5,61.9,55.7,0,0,0,0.0,0.2,,1,0,0,291,0,0,0,716,1,414,0,0,290,2
Henry Ruggs III,61102,WR,ALABAMA,15,43.4,0,103,74.3,,65.8,0,0,0,0.0,0.0,,0,0,0,291,0,0,0,671,0,380,0,0,291,1
Tanner Cowley,47479,TE,VIRGINIA,13,74.6,0,335,49.7,39.6,53.3,1,2,51,35.7,35.3,95.1,1,4,1,290,0,0,0,389,54,153,0,0,236,177
Sean Modster,47919,WR,BOISE ST,13,39.6,0,120,77.0,,64.5,0,0,0,0.0,0.0,,1,0,0,290,0,0,0,733,0,443,0,0,290,2
Jauan Williams,41749,T,FLORIDA ST,8,100.0,2,167,26.5,9.5,44.6,8,11,165,100.0,100.0,91.2,8,24,5,290,0,0,142,290,175,175,0,145,115,3
Scott Miller,47481,WR,BOWL GREEN,11,41.8,0,122,82.7,,63.8,0,0,0,0.0,0.0,,2,0,0,290,0,0,0,693,0,399,0,0,290,6
Zach Abey,35594,WR,NAVY,12,59.9,0,237,57.8,75.0,65.4,0,0,1,1.5,2.7,100.0,2,0,0,290,0,0,0,484,2,74,0,1,288,3
Tyler Vaughns,40283,WR,USC,12,40.4,0,326,70.8,,61.9,0,0,0,0.0,0.0,,2,0,0,289,0,0,0,716,0,427,0,0,289,8
Alonzo Velazquez,60823,T,WYOMING,5,100.0,1,351,69.8,58.0,77.4,2,6,165,100.0,100.0,95.8,5,11,3,289,0,0,0,289,174,174,0,289,115,0
Brady Russell,60876,TE,COLORADO,12,86.3,0,143,57.8,66.2,52.3,0,4,60,57.7,60.2,96.7,0,4,0,289,0,0,0,335,68,113,0,0,221,266
Trace McSorley,32819,QB,PENN STATE,13,33.6,0,266,79.7,,60.4,0,0,0,0.0,0.0,,2,0,0,289,0,0,0,859,0,461,0,0,289,0
Ryheem Malone,30024,WR,LA LAFAYET,14,49.1,0,207,67.4,,68.8,0,0,0,0.0,0.0,,3,0,0,289,0,0,0,589,0,293,0,0,289,1
Theo Howard,39914,WR,UCLA,12,39.3,0,324,72.4,67.9,68.7,0,0,1,0.2,0.2,100.0,2,0,0,289,0,0,0,736,1,445,0,0,288,15
Quez Watkins,61664,WR,SO MISS,11,41.3,0,296,80.2,,62.0,0,0,0,0.0,0.0,,2,0,0,289,0,0,0,700,0,408,0,0,289,0
Tyre McCants,48024,WR,USF,13,42.7,1,327,68.8,,69.4,0,0,0,0.0,0.0,,1,0,0,288,0,0,0,675,0,379,0,0,288,1
John Ursua,26586,WR,HAWAII,13,32.1,0,180,71.5,,61.8,0,0,0,0.0,0.0,,3,0,0,288,0,0,0,898,0,606,0,0,288,1
Mike Lonsdorf,41498,G,RUTGERS,6,100.0,0,278,62.1,74.5,60.0,3,5,145,100.0,100.0,97.2,3,8,0,288,0,186,102,288,153,153,0,0,135,0
Hayden Pittman,61045,TE,UAB,14,81.4,0,321,52.3,52.1,49.3,1,2,47,42.0,42.1,94.7,1,4,1,288,0,0,0,354,48,114,0,0,240,324
Jalen Guyton,34164,WR,N TEXAS,13,37.9,0,251,67.3,,60.7,0,0,0,0.0,0.0,,1,0,0,287,0,0,0,758,0,471,0,0,287,0
Jake Hescock,41322,TE,UCF,13,87.8,0,323,62.3,72.6,65.3,0,0,70,64.8,66.1,100.0,3,0,0,287,0,0,3,327,78,118,0,1,209,103
Drew Dalman,52270,G,STANFORD,10,100.0,0,300,60.7,71.7,55.9,1,5,127,100.0,100.0,97.6,2,6,0,286,133,11,1,286,143,143,134,0,143,7
Jalen Knox,84314,WR,MISSOURI,12,49.5,0,229,60.1,,56.2,0,0,0,0.0,0.0,,1,0,0,286,0,0,0,578,0,289,0,0,286,5
Irv Smith Jr.,42060,TE,ALABAMA,15,50.5,0,103,81.2,62.5,59.9,1,1,25,8.3,8.2,96.0,3,2,0,286,0,0,0,566,25,305,0,0,261,375
Dylan Couch,41390,G,TULSA,5,100.0,0,320,57.9,74.4,53.4,0,1,113,100.0,100.0,98.7,0,2,1,285,11,274,0,285,120,120,0,0,165,0
Steven Sims,48341,WR,KANSAS,12,42.8,1,198,67.7,,68.6,0,0,0,0.0,0.0,,3,0,0,285,0,0,0,666,0,380,0,0,285,0
Travis Fulgham,48023,WR,DOMINION,12,35.4,0,263,80.1,,74.5,0,0,0,0.0,0.0,,1,0,0,285,0,0,0,804,0,519,0,0,285,0
Sean Riley,47728,WR,SYRACUSE,13,38.2,0,304,66.5,,55.2,0,0,0,0.0,0.0,,4,0,0,284,0,0,0,743,0,454,0,0,284,1
D'Eriq King,26636,QB,HOUSTON,11,36.4,0,182,91.2,81.4,60.7,0,0,2,0.5,0.5,100.0,1,0,0,284,0,0,0,781,2,435,0,0,282,0
Darian Kinnard,51789,T,KENTUCKY,8,100.0,0,202,71.2,75.4,66.4,1,3,105,100.0,100.0,98.1,0,4,0,284,0,0,143,284,110,110,0,141,174,0
Kadin Remsberg,83598,FB,AIR FORCE,12,58.6,0,101,59.9,22.4,49.6,0,1,4,4.0,3.8,87.5,1,1,0,284,0,0,0,485,4,104,0,0,280,252
Brad Morgan,36652,G,GA TECH,9,100.0,0,176,67.0,52.5,66.6,0,2,63,100.0,100.0,98.4,0,2,0,283,0,9,0,283,66,66,274,0,217,0
Patrick Smith,33757,WR,MIDDLE TN,14,37.3,0,224,66.4,68.7,67.5,0,0,2,0.4,0.6,100.0,0,0,0,283,0,0,0,758,3,478,0,0,280,27
Justin McMillan,39359,QB,TULANE,9,55.0,0,319,63.0,,60.4,0,0,0,0.0,0.0,,0,0,0,282,0,0,0,513,0,188,0,0,282,0
Ventell Bryant,47959,WR,TEMPLE,13,46.4,1,306,71.6,,65.8,0,0,0,0.0,0.0,,4,0,0,282,0,0,0,608,0,324,0,0,282,0
Isaac Zico,61605,WR,PURDUE,13,33.9,0,273,64.2,74.3,66.6,0,0,2,0.4,0.4,100.0,2,0,0,282,0,0,0,831,2,551,0,0,280,1
McKenzie Milton,40110,QB,UCF,10,41.5,0,323,83.7,,60.1,0,0,0,0.0,0.0,,3,0,0,282,0,0,0,680,0,347,0,0,282,0
David Blough,46508,QB,PURDUE,13,32.7,0,273,73.0,,60.0,0,0,0,0.0,0.0,,1,0,0,282,0,0,0,862,0,551,0,0,282,0
Ty Lee,39885,WR,MIDDLE TN,14,35.1,1,224,66.9,,54.1,0,0,0,0.0,0.0,,2,0,0,281,0,0,0,801,0,515,0,0,281,0
Jon Wassink,34650,QB,W MICHIGAN,9,46.9,0,347,79.2,,60.0,0,0,0,0.0,0.0,,1,0,0,281,0,0,0,599,0,284,0,0,281,0
Jordan Mason,62946,HB,GA TECH,13,69.1,0,176,66.6,78.5,61.9,0,1,51,76.1,76.4,97.1,0,2,1,280,0,0,0,405,55,72,0,0,225,0
Ty Gangi,27234,QB,NEVADA,12,35.0,1,239,66.8,,60.1,0,0,0,0.0,0.0,,3,0,0,280,0,0,0,799,0,489,0,0,280,0
JT Daniels,83578,QB,USC,11,38.9,0,326,58.6,,60.0,0,0,0,0.0,0.0,,0,0,0,280,0,0,0,720,0,419,0,0,280,0
Donovan Peoples-Jones,61439,WR,MICHIGAN,13,47.2,2,222,78.2,,68.6,0,0,0,0.0,0.0,,2,0,0,280,0,0,0,593,0,310,0,0,280,1
Demari Simpkins,47553,WR,UTAH,14,43.2,0,328,50.1,66.0,60.8,0,0,3,0.9,0.8,100.0,2,0,0,280,0,0,0,648,3,371,0,0,277,0
Deondre Francois,46585,QB,FLORIDA ST,11,34.9,0,167,70.9,62.2,60.2,0,0,1,0.2,0.2,100.0,3,0,0,279,0,0,0,800,1,479,0,0,278,0
Mik'Quan Deane,61078,TE,W KENTUCKY,12,47.4,0,346,70.6,75.9,53.6,0,0,23,7.2,8.1,100.0,3,0,0,279,0,0,1,589,27,334,0,0,252,372
Jayden Reed,78171,WR,W MICHIGAN,13,43.7,0,347,74.4,,61.5,0,0,0,0.0,0.0,,2,0,0,279,0,0,0,638,0,358,0,0,279,0
Darren Woods Jr.,28982,WR,UNLV,11,47.9,0,325,62.1,,59.8,0,0,0,0.0,0.0,,0,0,0,279,0,0,0,583,0,304,0,0,279,0
Nico Collins,61441,WR,MICHIGAN,13,47.6,0,222,73.0,,72.8,0,0,0,0.0,0.0,,0,0,0,279,0,0,0,586,0,307,0,0,279,1
Cameron Odom,61558,WR,OHIO,13,49.8,0,259,61.4,,57.6,0,0,0,0.0,0.0,,1,0,0,279,0,0,0,560,0,281,0,0,279,0
Diontae Johnson,33441,WR,TOLEDO,13,43.9,0,316,72.4,,66.8,0,0,0,0.0,0.0,,2,0,0,279,0,0,0,635,0,354,0,0,279,1
D'Wayne Eskridge,29573,WR,W MICHIGAN,11,46.7,2,347,73.0,,47.6,0,0,0,0.0,0.0,,5,0,0,278,0,0,0,595,0,317,0,0,278,0
Riley Miller,34826,WR,BALL ST,12,37.2,0,117,72.1,,49.6,0,0,0,0.0,0.0,,2,0,0,278,0,0,0,748,0,470,0,0,278,0
Shun Brown,47608,WR,ARIZONA,12,45.3,0,109,73.1,67.5,60.5,0,0,1,0.3,0.3,100.0,1,0,0,278,0,0,0,614,1,337,0,0,277,9
Andrew Lawson,41612,G,DOMINION,5,100.0,0,263,61.3,69.6,57.7,3,2,134,100.0,100.0,98.1,1,5,0,277,0,57,0,277,141,141,220,0,136,0
Brycen Hopkins,47338,TE,PURDUE,13,46.8,2,273,64.6,61.7,57.5,2,0,51,14.7,14.2,98.0,5,2,0,277,0,0,0,592,52,367,1,0,225,291
Ron'Quavion Tarver,48171,WR,UTAH ST,13,41.5,2,329,71.9,,83.9,0,0,0,0.0,0.0,,5,0,0,276,0,0,0,665,0,389,0,0,276,0
Aaron Fuller,47537,WR,WASHINGTON,14,39.8,0,340,74.1,60.9,53.6,0,0,1,0.3,0.2,100.0,2,0,0,276,0,0,0,693,1,418,0,0,275,9
Sterling Palmer,83968,TE,FIU,13,58.6,0,166,61.9,48.2,52.0,0,0,26,12.3,12.2,100.0,1,0,0,276,0,0,3,471,27,222,0,3,249,321
Aaron Mathews,41132,WR,PITTSBURGH,14,63.7,0,268,61.0,,69.1,0,0,0,0.0,0.0,,2,0,0,276,0,0,0,433,0,157,0,0,276,1
Damion Willis,61737,WR,TROY,11,49.6,1,318,85.6,65.7,86.1,0,0,1,0.4,0.7,100.0,4,0,0,276,0,0,0,556,2,282,0,0,274,1
JJ Holloman,61275,WR,GEORGIA,14,53.1,0,173,65.7,61.0,80.0,0,0,1,0.4,0.4,100.0,0,0,0,275,0,0,0,518,1,244,0,0,274,10
Woody Barrett,40207,QB,KENT STATE,12,31.0,1,201,62.0,,60.2,0,0,0,0.0,0.0,,7,0,0,275,0,0,0,886,0,526,0,0,275,0
Matt Brayton,41588,G,UNLV,7,100.0,0,325,60.5,73.4,58.5,0,3,101,100.0,100.0,97.5,1,4,1,274,0,264,10,274,107,107,0,0,167,0
Reggie Gilliam,40951,TE,TOLEDO,13,71.4,0,316,57.3,53.5,64.1,0,2,42,28.8,29.9,97.6,1,2,0,274,0,0,1,384,47,157,0,0,227,110
Arthur Jackson III,78190,WR,E MICHIGAN,13,42.1,0,160,65.5,,75.7,0,0,0,0.0,0.0,,3,0,0,274,0,0,0,651,0,376,0,0,274,0
Jeremiah Haydel,61719,WR,TEXAS ST,12,47.2,0,314,57.7,,58.7,0,0,0,0.0,0.0,,1,0,0,274,0,0,0,580,0,305,0,0,274,0
Garrett Williams,47353,TE,CLEMSON,14,62.9,0,140,41.7,70.2,52.7,0,1,50,24.2,23.8,99.0,1,1,0,273,0,0,0,434,50,210,0,0,223,268
Tre Harbison III,45521,HB,N ILLINOIS,14,48.3,0,254,72.3,64.3,58.5,2,10,171,69.2,68.3,95.9,0,13,1,273,0,0,0,565,183,268,0,0,90,0
Nick Abbs,81651,G,FRESNO ST,9,100.0,0,169,56.9,29.5,62.0,1,9,123,100.0,100.0,94.3,1,12,2,273,0,272,1,273,131,131,0,0,142,0
Damon Hazelton,42194,WR,VA TECH,13,44.0,0,337,75.0,,70.3,0,0,0,0.0,0.0,,1,0,0,273,0,0,0,620,0,346,0,0,273,2
Kendric Pryor,40408,WR,WISCONSIN,13,47.8,0,349,63.1,,68.7,0,0,0,0.0,0.0,,1,0,0,273,0,0,0,571,0,286,0,0,273,1
Drake Harris,47920,WR,W MICHIGAN,11,48.1,0,347,60.5,,71.3,0,0,0,0.0,0.0,,1,0,0,272,0,0,0,566,0,294,0,0,272,0
A.J. Brown,48327,WR,OLE MISS,12,37.4,0,226,79.3,,70.1,0,0,0,0.0,0.0,,5,0,0,272,0,0,0,728,0,456,0,0,272,0
Kalija Lipscomb,29112,WR,VANDERBILT,13,40.5,0,333,81.5,,52.7,0,0,0,0.0,0.0,,7,0,0,272,0,0,0,672,0,389,0,0,272,0
Obi Obialo,42337,WR,MARSHALL,13,45.6,1,214,68.2,,58.7,0,0,0,0.0,0.0,,1,0,0,272,0,0,0,597,0,325,0,0,272,1
Bryan Edwards,28486,WR,S CAROLINA,13,39.8,0,289,72.9,,69.8,0,0,0,0.0,0.0,,3,0,0,272,0,0,0,683,0,411,0,0,272,0
Jaeger Bull,52207,TE,RICE,13,73.8,0,275,50.5,73.6,52.7,0,0,18,16.2,17.2,100.0,1,0,0,271,0,0,1,367,20,116,0,2,251,302
Isaiah Green,60442,QB,MARSHALL,10,40.3,0,214,71.1,,60.0,0,0,0,0.0,0.0,,1,0,0,271,0,0,0,673,0,377,0,0,271,0
Peyton Bender,26736,QB,KANSAS,11,41.6,0,198,58.6,,60.1,0,0,0,0.0,0.0,,2,0,0,271,0,0,0,651,0,372,0,0,271,0
Dorian Baker,28585,WR,KENTUCKY,12,57.5,1,202,53.4,,64.3,0,0,0,0.0,0.0,,1,0,0,271,0,0,0,471,0,200,0,0,271,0
Shawn Poindexter,25513,WR,ARIZONA,12,43.0,0,109,83.7,,85.5,0,0,0,0.0,0.0,,1,0,0,270,0,0,0,628,0,358,0,0,270,0
Cordel Iwuagwu,46201,G,TCU,5,100.0,0,305,66.7,86.1,63.2,0,1,130,100.0,100.0,98.8,1,2,1,270,0,270,0,270,134,134,0,0,136,0
Chris Platt,47570,WR,BAYLOR,13,33.7,0,118,57.8,,61.9,0,0,0,0.0,0.0,,1,0,0,269,0,0,0,798,0,527,0,0,269,1
Javonis Isaac,42036,TE,ARK STATE,10,61.1,0,113,57.6,53.2,64.4,0,1,39,19.2,20.1,98.7,2,1,0,269,0,0,1,440,43,214,0,0,226,164
Dominic Taylor,84547,G,CHARLOTTE,11,100.0,0,136,56.5,48.8,56.3,1,6,118,100.0,100.0,95.3,0,9,2,269,3,84,8,269,127,127,130,44,142,0
Jacob Brammer,59944,T,N TEXAS,6,100.0,0,251,64.6,58.1,64.7,6,6,139,100.0,100.0,94.2,0,14,2,269,0,0,261,269,144,144,0,8,125,0
Donnie Lee,57440,TE,UAB,14,70.9,0,321,57.2,66.7,53.2,1,1,38,26.4,25.7,97.4,1,2,0,268,0,0,0,378,38,148,0,0,230,335
Jake Ferguson,61081,TE,WISCONSIN,13,49.3,0,349,79.4,74.5,57.4,0,0,17,6.2,5.8,100.0,0,0,0,268,0,0,0,544,17,293,0,0,251,303
Eli Peters,40041,QB,TOLEDO,12,46.4,0,316,81.0,,60.0,0,0,0,0.0,0.0,,2,0,0,267,0,0,0,576,0,303,0,0,267,0
Sam Hartman,77618,QB,WAKE,9,39.1,0,339,75.6,,60.0,0,0,0,0.0,0.0,,0,0,0,267,0,0,0,683,0,349,0,0,267,0
Stanley Clerveaux,27769,WR,USF,13,41.6,0,327,49.4,,78.4,0,0,0,0.0,0.0,,3,0,0,267,0,0,0,642,0,375,0,0,267,0
Sam Schmal,28098,G,BOSTON COL,9,100.0,0,121,56.7,66.2,55.2,0,3,97,100.0,100.0,98.5,1,3,0,267,0,258,9,267,100,100,0,0,167,0
Cornelius McCoy,84196,WR,GA STATE,12,42.9,0,175,61.4,,56.9,0,0,0,0.0,0.0,,1,0,0,267,0,0,0,622,0,355,0,0,267,0
Kjetil Cline,39898,WR,ARMY,12,85.6,0,114,63.5,,66.5,0,0,0,0.0,0.0,,1,0,0,267,0,0,0,312,0,45,0,0,267,30
Cade Stewart,41614,G,CLEMSON,15,100.0,0,140,60.5,50.8,62.4,3,3,122,100.0,100.0,96.7,1,7,1,266,14,0,0,266,127,127,252,0,139,0
Brandon Presley,48018,WR,UNLV,12,44.5,0,325,66.7,,65.3,0,0,0,0.0,0.0,,1,0,0,266,0,0,0,598,0,331,0,0,266,0
Marcus Armstrong-Brown,52074,WR,HAWAII,14,33.0,1,180,61.3,,64.1,0,0,0,0.0,0.0,,2,0,0,266,0,0,0,806,0,540,0,0,266,2
Penny Hart,13534,WR,GA STATE,12,42.6,0,175,69.4,,61.2,0,0,0,0.0,0.0,,4,0,0,266,0,0,0,624,0,355,0,0,266,0
Tyler Vander Waal,60615,QB,WYOMING,10,45.0,0,351,60.6,,60.2,0,0,0,0.0,0.0,,3,0,0,266,0,0,0,591,0,302,0,0,266,0
Colby Ransom,42256,WR,GA SOUTHRN,13,76.0,0,174,58.3,,59.9,0,0,0,0.0,0.0,,1,0,0,266,0,0,0,350,0,84,0,0,266,0
John Raine,39957,TE,FAU,12,68.7,0,165,51.3,62.4,46.9,0,4,37,25.5,23.9,94.6,2,4,0,266,0,0,0,387,38,159,0,0,228,222
Shawn Stankavage,26668,QB,RICE,10,49.2,0,275,51.5,,60.5,0,0,0,0.0,0.0,,5,0,0,266,0,0,0,541,0,256,0,0,266,0
Terry McLaurin,48229,WR,OHIO STATE,14,44.3,1,260,73.7,68.7,78.5,0,0,1,0.3,0.3,100.0,1,0,0,266,0,0,0,601,1,336,0,0,265,1
Charlie Brewer,60344,QB,BAYLOR,13,32.0,0,118,91.0,,60.0,0,0,0,0.0,0.0,,1,0,0,265,0,0,0,828,0,496,0,0,265,0
Austin Roberts,45179,TE,ILLINOIS,12,82.0,0,187,51.8,57.3,54.5,1,3,58,52.3,52.5,96.6,1,4,0,265,0,0,0,323,64,122,0,0,201,140
OJ Davis,43181,WR,NAVY,13,84.7,0,237,60.9,30.4,63.4,0,1,4,8.7,7.7,87.5,0,1,0,265,0,0,3,313,4,52,0,5,261,8
Christian Hayes,42254,WR,ARMY,12,89.5,0,114,72.8,,61.3,0,0,0,0.0,0.0,,1,0,0,264,0,0,0,295,0,31,0,0,264,8
Isaiah Hodgins,52130,WR,OREGON ST,11,39.5,0,265,84.6,,66.8,0,0,0,0.0,0.0,,2,0,0,263,0,0,0,666,0,403,0,0,263,6
Giovanni Gentosi,13879,FB,RICE,13,84.3,0,275,55.1,77.6,48.7,0,1,47,56.0,55.2,98.9,1,1,0,263,0,0,0,312,48,87,0,0,215,56
Jake Fruhmorgen,47017,T,BAYLOR,7,100.0,0,118,42.9,25.7,55.1,4,16,151,100.0,100.0,91.4,2,23,3,262,0,0,257,262,158,158,0,5,104,0
Chris Finke,33014,WR,NOTRE DAME,13,40.7,0,258,70.5,64.4,72.5,0,0,1,0.3,0.3,100.0,0,0,0,262,0,0,0,644,1,379,0,0,261,4
Cam Brown,57052,TE,GA SOUTHRN,13,93.6,0,174,53.3,55.9,54.0,1,1,18,50.0,51.4,88.9,0,3,1,262,0,0,0,280,19,37,0,0,243,163
Antonio Nunn,42411,WR,BUFFALO,14,55.6,0,126,50.6,,48.5,0,0,0,0.0,0.0,,2,0,0,262,0,0,0,471,0,209,0,0,262,2
Jarrett Guarantano,40771,QB,TENNESSEE,12,45.3,0,307,82.4,,60.5,0,0,0,0.0,0.0,,3,0,0,262,0,0,0,578,0,298,0,0,262,1
Teddy Veal,26490,WR,LA TECH,12,36.8,0,208,69.6,74.6,63.3,0,0,2,0.5,0.4,100.0,0,0,0,262,0,0,0,712,2,452,0,0,260,2
Tate Heitmeier,60815,G,TEXAS ST,6,100.0,0,314,64.9,71.8,63.9,0,3,120,100.0,100.0,97.9,2,4,1,261,0,23,0,261,127,127,238,0,134,0
Justin Dutton,58496,T,ARK STATE,5,100.0,1,113,53.4,51.3,57.2,0,10,119,100.0,100.0,95.0,2,11,1,261,0,0,6,261,120,120,0,254,141,1
Alex Mollette,40437,G,MARSHALL,4,100.0,1,214,68.6,80.2,64.2,0,3,158,100.0,100.0,99.1,3,3,0,261,5,0,0,261,164,164,256,0,97,0
Micky Crum,47228,TE,LOUISVILLE,12,56.0,1,210,51.2,55.2,55.4,0,3,39,16.5,16.7,93.6,6,4,1,261,0,0,0,466,41,246,0,2,220,402
Andrew Stueber,59856,T,MICHIGAN,10,100.0,0,222,56.1,54.4,59.5,0,9,116,100.0,100.0,95.3,3,10,1,261,0,0,8,261,127,127,0,252,134,0
Preston Williams,38855,WR,COLO STATE,12,32.5,0,144,83.7,,78.4,0,0,0,0.0,0.0,,4,0,0,261,0,0,0,802,0,539,0,0,261,1
Johnnie Dixon,47912,WR,OHIO STATE,14,42.2,0,260,64.9,,56.0,0,0,0,0.0,0.0,,2,0,0,261,0,0,0,619,0,358,0,0,261,4
Shameen Jones,61609,WR,RUTGERS,12,41.6,1,278,48.4,,61.2,0,0,0,0.0,0.0,,1,0,0,261,0,0,0,627,0,363,0,0,261,0
Peyton Ramsey,40186,QB,INDIANA,12,29.9,0,190,69.7,62.2,60.0,0,0,1,0.2,0.2,100.0,3,0,0,260,0,0,0,870,1,552,0,0,259,0
Amari Rodgers,61212,WR,CLEMSON,15,45.3,0,140,70.1,,75.6,0,0,0,0.0,0.0,,1,0,0,260,0,0,0,574,0,314,0,0,260,6
Chris Taylor,47769,WR,DUKE,13,45.4,0,154,57.9,62.1,73.2,0,0,1,0.3,0.3,100.0,1,0,0,260,0,0,0,573,1,314,0,0,259,0
Nick Brossette,35314,HB,LSU,13,41.5,0,211,79.0,74.4,66.6,0,5,186,62.0,62.5,97.6,0,7,2,260,0,0,0,626,200,320,0,0,60,0
Keenan Murphy,40970,G,HOUSTON,12,100.0,0,182,60.1,76.1,55.3,0,1,120,100.0,100.0,99.6,1,1,0,260,0,215,0,260,126,126,45,0,134,0
Cole Conrad,47031,C,NEBRASKA,7,100.0,0,238,54.7,79.2,51.8,0,1,118,100.0,100.0,99.6,4,1,0,260,260,0,0,260,123,123,0,0,137,0
Quin Jernighan,35215,WR,W KENTUCKY,11,40.9,1,346,66.7,63.0,74.9,0,0,1,0.3,0.3,100.0,2,0,0,259,0,0,0,633,1,375,0,0,258,0
Ryan Willis,60594,QB,VA TECH,12,34.0,0,337,71.8,81.4,60.0,0,0,1,0.2,0.5,100.0,0,0,0,259,0,0,0,761,2,431,0,0,257,0
Kyle Buss,55120,WR,UCONN,12,43.0,0,146,58.4,64.4,70.3,0,0,1,0.3,0.3,100.0,0,0,0,259,0,0,0,603,1,345,0,0,258,9
Ben Skowronek,27948,WR,NWESTERN,14,35.4,0,256,64.5,,66.1,0,0,0,0.0,0.0,,2,0,0,258,0,0,0,728,0,470,0,0,258,2
Corey Sutton,61123,WR,APP STATE,13,50.5,0,108,78.2,,59.7,0,0,0,0.0,0.0,,2,0,0,258,0,0,0,511,0,253,0,0,258,0
Austin Conway,29618,WR,WYOMING,12,47.1,0,351,63.0,,63.2,0,0,0,0.0,0.0,,2,0,0,258,0,0,0,548,0,277,0,0,258,0
Eric Abojei,60824,G,WYOMING,7,100.0,0,351,58.0,56.3,61.9,1,7,120,100.0,100.0,96.7,3,8,0,257,0,257,0,257,129,129,0,0,128,0
Anthony Ratliff-Williams,34629,WR,N CAROLINA,11,41.5,0,245,68.5,62.1,59.4,0,0,1,0.3,0.3,100.0,6,0,0,257,0,0,0,619,1,353,0,0,256,0
Deebo Samuel,48274,WR,S CAROLINA,12,39.4,1,289,83.3,,76.7,0,0,0,0.0,0.0,,2,0,0,257,0,0,0,652,0,388,0,0,257,0
Gavin Sharp,84076,TE,UTSA,12,52.3,0,331,37.8,57.3,48.7,0,2,67,22.9,23.0,98.5,7,2,0,257,0,0,0,491,70,304,0,0,187,435
Joshua Mote,59803,G,LA TECH,5,100.0,0,208,59.4,50.3,62.3,2,7,154,100.0,100.0,96.4,1,10,1,256,0,255,0,256,162,162,1,0,94,0
TaQuon Marshall,39457,QB,GA TECH,12,43.0,0,176,55.0,,60.0,0,0,0,0.0,0.0,,0,0,0,256,0,0,0,596,0,138,0,0,256,0
Blake LaRussa,28141,QB,DOMINION,11,35.3,0,263,77.5,,60.1,0,0,0,0.0,0.0,,2,0,0,256,0,0,0,726,0,463,0,0,256,0
Korab Idrizi,42055,TE,BOSTON COL,12,60.4,0,121,60.3,54.8,64.8,0,0,18,9.8,9.7,94.4,1,1,1,256,0,0,0,424,18,186,0,0,238,259
Mitchell Berg,55364,T,TOLEDO,11,100.0,0,316,52.4,66.5,54.1,3,2,124,100.0,100.0,98.0,4,5,0,256,0,0,125,256,132,132,0,129,124,2
Deddrick Thomas,47913,WR,MISS STATE,13,53.3,0,227,63.4,,67.1,0,0,0,0.0,0.0,,1,0,0,256,0,0,0,480,0,224,0,0,256,0
Taye Barber,78107,WR,TCU,13,43.5,0,305,59.2,,61.1,0,0,0,0.0,0.0,,0,0,0,255,0,0,0,586,0,329,0,0,255,0
Corey Lacanaria,47550,WR,BALL ST,12,36.0,0,117,63.8,,67.8,0,0,0,0.0,0.0,,5,0,0,255,0,0,0,709,0,454,0,0,255,1
Chris Autman-Bell,55245,WR,MINNESOTA,13,44.3,0,225,60.8,,76.7,0,0,0,0.0,0.0,,0,0,0,255,0,0,0,575,0,320,0,0,255,0
Jalen Allen,36842,G,CHARLOTTE,4,100.0,0,136,61.2,73.1,58.7,1,2,119,100.0,100.0,98.7,1,3,0,255,0,254,0,255,129,129,0,0,126,1
Joshua Alabi,28073,T,OHIO STATE,6,100.0,0,260,65.2,86.8,59.2,0,2,129,100.0,100.0,99.2,4,2,0,255,0,0,255,255,138,138,0,0,117,0
Scooter Harrington,40983,TE,STANFORD,13,81.7,0,300,59.7,64.8,68.9,0,1,28,34.6,34.5,98.2,2,1,0,254,0,0,0,311,30,87,0,0,224,292
Rico Bussey Jr.,45380,WR,N TEXAS,12,37.5,1,251,76.8,,74.1,0,0,0,0.0,0.0,,3,0,0,254,0,0,0,678,0,423,0,0,254,0
Tyrone Riley,48517,T,NC STATE,12,100.0,0,248,59.9,63.4,58.2,3,4,138,100.0,100.0,97.5,1,7,0,253,0,0,32,253,143,143,0,200,110,21
Johnathon Johnson,33340,WR,MISSOURI,13,40.9,0,229,69.4,,57.0,0,0,0,0.0,0.0,,0,0,0,253,0,0,0,619,0,365,0,1,253,5
Bryce Perkins,35299,QB,VIRGINIA,13,29.5,0,335,82.5,,60.0,0,0,0,0.0,0.0,,4,0,0,253,0,0,0,859,0,467,0,0,253,0
Omar Bayless,25522,WR,ARK STATE,12,43.1,1,113,69.0,,72.4,0,0,0,0.0,0.0,,2,0,0,253,0,0,0,587,0,334,0,0,253,3
Jacob Capra,41743,G,OREGON,9,100.0,0,264,66.9,67.1,65.6,0,2,106,100.0,100.0,98.1,1,3,1,252,0,1,0,252,112,112,251,0,140,0
Darius Slayton,25578,WR,AUBURN,12,39.6,0,115,64.4,,63.2,0,0,0,0.0,0.0,,1,0,0,252,0,0,0,637,0,385,0,0,252,0
Jake Hawk,46203,T,NAVY,9,99.6,0,237,66.1,25.9,69.4,1,2,49,98.0,98.1,90.8,0,6,3,252,0,0,167,253,51,52,0,52,201,33
David Pindell,55126,QB,UCONN,12,31.3,0,146,74.4,,60.1,0,0,0,0.0,0.0,,2,0,0,252,0,0,0,806,0,402,0,0,252,0
Jordan Ta'amu,60453,QB,OLE MISS,12,30.6,1,226,80.2,,60.0,0,0,0,0.0,0.0,,3,0,0,251,0,0,0,820,0,504,0,0,251,0
Jalen Greene,47819,WR,UTAH ST,13,42.5,0,329,69.6,,75.2,0,0,0,0.0,0.0,,1,0,0,251,0,0,0,591,0,340,0,0,251,0
Obe Fortune,48197,WR,GA SOUTHRN,13,74.9,1,174,61.2,,72.0,0,0,0,0.0,0.0,,1,0,0,251,0,0,0,335,0,84,0,0,251,0
Yanni Demogerontas,29771,G,OREGON ST,9,100.0,0,265,57.9,77.1,50.0,2,3,145,100.0,100.0,98.3,0,5,0,251,0,117,0,251,149,149,133,1,102,0
Collin Lisa,38269,WR,UAB,14,51.0,1,321,74.0,62.1,51.2,0,0,1,0.4,0.4,100.0,1,0,0,251,0,0,0,492,1,242,0,0,250,1
Caleb Evans,41292,QB,LA MONROE,12,31.7,1,209,70.8,,60.0,0,0,0,0.0,0.0,,1,0,0,251,0,0,0,791,0,435,0,0,251,0
Jhamon Ausbon,61718,WR,TEXAS A&M,9,44.7,0,312,65.6,,71.9,0,0,0,0.0,0.0,,0,0,0,251,0,0,0,561,0,310,0,0,251,3
Peter Nestrowitz,57103,T,NAVY,8,99.6,0,237,62.2,13.7,67.4,1,2,35,100.0,97.6,87.1,1,6,3,250,0,0,228,251,41,42,0,12,209,11
A.J. Erdely,18567,QB,UAB,9,45.4,0,321,74.8,,60.0,0,0,0,0.0,0.0,,3,0,0,249,0,0,0,549,0,236,0,0,249,0
Roger Carter,55200,TE,GA STATE,12,52.2,0,175,51.1,53.7,48.7,0,4,31,12.6,12.3,93.5,0,4,0,249,0,0,3,477,32,260,0,0,217,254
Stephen Guidry,84308,WR,MISS STATE,13,48.3,0,227,59.7,,64.1,0,0,0,0.0,0.0,,0,0,0,249,0,0,0,516,0,267,0,0,249,0
Rashod Berry,28071,TE,OHIO STATE,14,62.7,0,260,57.8,53.6,69.3,0,2,39,21.9,21.7,97.4,4,2,0,249,0,0,0,397,41,189,0,1,208,285
Andre Williams,61097,WR,AKRON,11,37.5,0,102,67.1,,61.9,0,0,0,0.0,0.0,,1,0,0,248,0,0,0,662,0,413,0,0,248,0
Kenny Yeboah,42196,TE,TEMPLE,13,59.5,1,306,56.0,75.6,56.9,0,0,33,17.1,16.3,100.0,3,0,0,248,0,0,1,417,33,202,0,2,215,270
Marcus Williams,60973,TE,NEW MEXICO,10,72.7,0,241,72.4,51.2,60.9,1,1,28,24.6,23.1,96.4,1,2,0,248,0,0,0,341,28,121,0,0,220,251
Tanner Morgan,55239,QB,MINNESOTA,9,53.3,0,225,61.8,,62.8,0,0,0,0.0,0.0,,0,0,0,248,0,0,0,465,0,193,0,0,248,0
Artur Sitkowski,83547,QB,RUTGERS,11,43.7,0,278,27.0,,60.4,0,0,0,0.0,0.0,,0,0,0,248,0,0,0,568,0,317,0,0,248,0
Neal Mars,36556,C,FIU,10,100.0,0,166,67.8,85.4,61.3,0,1,106,100.0,100.0,99.5,0,1,0,248,248,0,0,248,109,109,0,0,139,0
Elijah Klein,81912,G,UTEP,4,100.0,1,330,58.8,64.4,56.9,1,7,137,100.0,100.0,96.4,1,9,1,248,0,0,105,248,143,143,143,0,105,0
RJ Turner,48200,WR,LA MONROE,11,44.2,0,209,67.4,,80.9,0,0,0,0.0,0.0,,1,0,0,247,0,0,0,559,0,312,0,0,247,0
Matthew Eaton,24780,WR,IOWA STATE,13,45.3,0,193,60.9,67.8,59.6,0,0,2,0.7,0.7,100.0,0,0,0,247,0,0,0,545,2,300,0,0,245,17
Brandon Smith,61327,WR,IOWA,12,43.1,0,192,67.3,,75.4,0,0,0,0.0,0.0,,1,0,0,247,0,0,0,573,0,326,0,0,247,1
Shadell Bell,34825,TE,COAST CAR,11,71.0,0,141,60.8,69.1,54.9,0,0,21,17.9,17.2,100.0,0,0,0,247,0,0,1,348,21,122,0,0,226,289
Mathew Sexton,26287,WR,E MICHIGAN,12,43.2,1,160,60.5,,49.7,0,0,0,0.0,0.0,,3,0,0,246,0,0,0,569,0,323,0,0,246,1
Malik McMorris,38392,TE,CAL,13,82.8,0,130,56.8,66.1,60.4,1,0,40,45.5,46.2,98.7,0,1,0,246,0,0,0,297,42,91,0,0,204,284
Skylar Thompson,60417,QB,KANSAS ST,11,42.4,0,199,71.3,,60.5,0,0,0,0.0,0.0,,4,0,0,246,0,0,0,580,0,266,0,0,246,0
Malachi Carter,77993,WR,GA TECH,13,81.2,0,176,64.5,48.5,68.4,0,1,2,3.6,5.0,75.0,0,1,0,246,0,0,9,303,3,60,0,6,243,0
Josiah Gray,41560,T,UTEP,5,100.0,0,330,42.3,21.8,54.6,1,11,121,100.0,100.0,90.9,1,17,5,245,0,0,93,245,127,127,0,152,118,0
Dorian Hendrix,25703,TE,BOWL GREEN,11,79.0,0,122,61.2,49.6,55.1,0,2,50,45.5,46.2,94.0,1,4,2,245,0,0,0,310,55,119,0,0,190,66
Mason Brooks,81938,T,W KENTUCKY,7,100.0,0,346,58.4,52.2,62.6,3,10,147,100.0,100.0,95.6,1,13,0,245,0,0,241,245,158,158,0,0,87,3
Dayton Furuta,38649,HB,HAWAII,13,58.8,0,180,76.6,87.0,49.8,0,3,197,73.0,72.9,98.7,0,4,1,245,0,0,0,417,210,288,0,0,35,0
Alex Barnes,35859,HB,KANSAS ST,12,35.3,0,199,72.4,66.3,64.2,1,3,109,37.2,38.8,96.3,2,6,2,245,0,0,0,695,120,309,0,0,125,1
Nathan Elliott,34526,QB,N CAROLINA,10,38.7,0,245,61.8,62.2,60.2,0,0,1,0.3,0.3,100.0,1,0,0,244,0,0,0,631,1,351,0,0,243,0
Sidney Davis,47742,WR,TROY,13,45.2,0,318,62.9,,48.7,0,0,0,0.0,0.0,,3,0,0,243,0,0,0,538,0,291,0,0,243,5
Denzel Mims,47800,WR,BAYLOR,12,36.9,1,118,73.6,,68.5,0,0,0,0.0,0.0,,4,0,0,243,0,0,0,658,0,415,0,0,243,0
Justin Johnson,47079,TE,MISS STATE,13,61.8,1,227,63.2,62.3,62.8,0,1,34,19.0,19.8,98.5,2,1,0,243,0,0,0,393,37,187,0,0,206,271
Caleb Chandler,59814,G,LOUISVILLE,6,100.0,0,210,58.1,67.3,55.3,2,4,145,100.0,100.0,97.2,2,7,1,243,0,109,0,243,148,148,134,0,95,0
Marcus Green,47662,WR,LA MONROE,12,42.4,0,209,71.4,,49.6,0,0,0,0.0,0.0,,1,0,0,243,0,0,0,573,0,311,0,0,243,0
Evan Orth,27348,QB,S ALABAMA,10,44.6,0,288,73.3,62.2,60.0,0,0,1,0.4,0.4,100.0,3,0,0,242,0,0,0,542,1,266,0,0,241,0
Cedric Peterson,34139,WR,ARIZONA,12,49.2,0,109,56.6,,65.1,0,0,0,0.0,0.0,,1,0,0,242,0,0,0,492,0,250,0,0,242,1
Ty Jones,61806,WR,WASHINGTON,14,41.3,0,340,68.3,,53.1,0,0,0,0.0,0.0,,2,0,0,242,0,0,0,586,0,344,0,0,242,3
Eli Wolf,47286,TE,TENNESSEE,12,72.9,0,307,56.5,74.4,59.9,0,1,53,38.1,37.5,99.1,0,1,0,242,0,0,0,332,54,144,0,0,188,211
Jelani Woods,60509,TE,OKLA STATE,11,69.3,0,262,57.0,67.0,59.2,0,1,60,37.3,39.2,95.8,4,3,2,242,0,0,3,349,69,176,0,0,173,232
Donte Harrington,41584,G,BOISE ST,6,100.0,1,120,54.9,52.0,55.7,2,3,111,100.0,100.0,95.9,2,7,2,241,32,0,0,241,114,114,209,0,127,0
Khameron Taylor,40532,TE,S ALABAMA,11,87.0,0,288,68.2,68.2,59.4,0,1,33,50.8,50.7,98.5,1,1,0,241,0,0,0,277,37,73,0,1,204,260
Chad Woolsey,41266,FB,S DIEGO ST,10,88.0,0,284,64.4,76.8,62.9,1,3,67,68.4,69.4,97.0,0,4,0,241,0,0,0,274,75,108,0,0,166,9
Jalen Hurd,45752,WR,BAYLOR,12,31.7,1,118,76.8,21.9,65.9,1,0,2,0.4,0.8,75.0,6,1,0,241,0,0,0,761,4,475,0,0,237,0
Isaiah McKoy,78160,WR,KENT STATE,11,38.9,1,201,56.6,,59.6,0,0,0,0.0,0.0,,10,0,0,241,0,0,0,619,0,378,0,0,241,0
Anthony Johnson,41706,WR,BUFFALO,13,41.6,0,126,83.4,,63.4,0,0,0,0.0,0.0,,1,0,0,240,0,0,0,577,0,337,0,0,240,5
Reed Tyler,83619,TE,ARK STATE,13,64.2,0,113,46.4,35.0,42.7,1,2,48,27.1,27.6,94.8,3,4,1,240,0,0,0,374,51,185,0,0,189,168
David Beedle,27298,G,MICH STATE,6,100.0,1,223,57.6,79.8,54.2,1,0,123,100.0,100.0,99.6,2,1,0,240,0,225,0,240,131,131,12,0,109,3
Olamide Zaccheaus,44920,WR,VIRGINIA,13,35.6,0,335,80.7,,60.5,0,0,0,0.0,0.0,,0,0,0,239,0,0,0,672,0,420,0,0,239,17
Wyatt Davis,59993,G,OHIO STATE,7,100.0,0,260,60.8,58.0,61.7,0,6,121,100.0,100.0,96.7,1,7,1,239,0,0,0,239,126,126,237,0,113,2
Noah Fant,42388,TE,IOWA,12,48.5,3,192,77.3,73.8,65.9,0,0,12,4.7,4.5,100.0,6,0,0,238,0,0,0,491,12,264,0,0,226,331
Donavan Hale,48121,WR,INDIANA,12,34.5,0,190,60.3,,53.5,0,0,0,0.0,0.0,,4,0,0,238,0,0,0,689,0,451,0,0,238,0
Kasim Hill,60444,QB,MARYLAND,10,51.2,1,215,52.2,,60.0,0,0,0,0.0,0.0,,2,0,0,238,0,0,0,465,0,205,0,0,238,0
Sheriron Jones,33910,QB,NEW MEXICO,11,45.3,0,241,54.2,,60.1,0,0,0,0.0,0.0,,3,0,0,238,0,0,0,525,0,241,0,0,238,0
Patrick Arnold,55559,C,WYOMING,5,100.0,0,351,53.4,24.9,62.3,0,4,96,100.0,100.0,97.9,2,4,0,237,237,0,0,237,100,100,0,0,137,0
Adrian Magee,37336,T,LSU,8,100.0,0,211,65.4,51.8,67.4,1,6,110,100.0,100.0,94.1,1,10,3,237,0,83,48,237,120,120,0,106,117,0
Moe Ways,84149,WR,CAL,12,39.5,0,130,58.7,,63.4,0,0,0,0.0,0.0,,0,0,0,236,0,0,0,598,0,362,0,0,236,0
Will Bryan,46113,T,GA TECH,7,100.0,0,176,72.4,65.6,70.5,1,1,57,100.0,100.0,98.2,1,2,0,236,0,0,57,236,60,60,89,74,176,16
Sawyer Smith,46505,QB,TROY,13,41.9,0,318,66.2,,60.0,0,0,0,0.0,0.0,,6,0,0,236,0,0,0,563,0,259,0,0,236,0
Riley Neal,35543,QB,BALL ST,9,34.5,0,117,68.8,62.2,60.0,0,0,1,0.3,0.2,100.0,1,0,0,236,0,0,0,685,1,404,0,0,235,0
Jeremiah Miller,54523,WR,COAST CAR,12,51.6,0,141,61.4,,59.7,0,0,0,0.0,0.0,,0,0,0,235,0,0,0,455,0,220,0,0,235,0
Solomon Enis,84473,WR,UTAH,14,50.2,0,328,55.2,,75.2,0,0,0,0.0,0.0,,2,0,0,235,0,0,0,468,0,233,0,0,235,0
Brock Purdy,77672,QB,IOWA STATE,10,39.9,0,193,89.3,,60.1,0,0,0,0.0,0.0,,2,0,0,235,0,0,0,589,0,293,0,0,235,0
Jack Sorenson,41983,WR,MIAMI OH,12,39.8,0,221,70.8,67.8,56.2,0,0,1,0.3,0.3,100.0,2,0,0,235,0,0,0,591,1,357,0,0,234,3
Marquez Callaway,42295,WR,TENNESSEE,12,43.6,0,307,76.1,,62.8,0,0,0,0.0,0.0,,1,0,0,235,0,0,0,539,0,304,0,0,235,0
Darion Anderson,40989,WR,GA SOUTHRN,13,77.6,1,174,62.8,,74.5,0,0,0,0.0,0.0,,3,0,0,235,0,0,0,303,0,66,0,0,235,1
Jeff Smith,48055,WR,BOSTON COL,12,48.2,0,121,59.1,63.6,59.4,0,0,1,0.4,0.4,100.0,1,0,0,234,0,0,0,485,1,233,0,0,233,24
Jaime Navarro,81533,T,S JOSE ST,4,100.0,0,285,52.1,69.3,46.4,1,3,151,100.0,100.0,98.7,3,4,0,234,0,0,0,234,161,161,0,234,73,0
Badara Traore,82001,T,LSU,6,100.0,0,211,65.5,63.6,65.4,3,0,90,100.0,100.0,98.3,3,3,0,233,0,0,117,233,94,94,0,115,139,1
Hunter Renfrow,47509,WR,CLEMSON,15,41.3,0,140,71.9,,63.9,0,0,0,0.0,0.0,,0,0,0,233,0,0,0,564,0,331,0,0,233,0
Tucker Fisk,52286,TE,STANFORD,13,96.7,0,300,53.5,63.0,55.4,1,2,43,84.3,86.2,96.5,1,3,0,233,0,0,0,241,50,58,0,0,183,239
Warren Redix,47672,WR,UTEP,11,44.1,0,330,69.4,41.1,65.3,0,0,0,0.0,0.0,,0,0,0,233,0,0,0,528,0,295,0,0,233,3
Ben Hicks,46595,QB,SMU,12,34.1,0,287,68.2,81.4,60.2,0,0,2,0.5,0.5,100.0,0,0,0,233,0,0,0,684,2,432,0,0,231,0
Evan Butts,47365,TE,VIRGINIA,13,57.5,0,335,62.9,58.6,64.5,0,1,46,22.1,21.5,96.7,1,2,1,233,0,0,0,405,47,219,0,0,186,335
Adrian Martinez,83522,QB,NEBRASKA,11,31.1,0,238,74.0,,60.0,0,0,0,0.0,0.0,,6,0,0,233,0,0,0,749,0,422,0,0,233,0
Kobay White,40782,WR,BOSTON COL,12,50.5,0,121,70.2,62.1,58.6,0,0,1,0.5,0.4,100.0,1,0,0,232,0,0,0,459,1,223,0,0,231,16
Alfred Smith,27006,WR,LA TECH,13,34.2,0,208,57.1,61.7,70.5,0,0,6,1.4,1.3,100.0,1,0,0,232,0,0,0,678,6,451,0,0,226,20
Ronald Cleveland,37707,WR,AIR FORCE,7,63.2,0,101,72.1,,60.2,0,0,0,0.0,0.0,,0,0,0,232,0,0,0,367,0,95,0,0,232,165
Jordan Cronkrite,39192,HB,USF,12,43.9,0,327,69.4,78.9,67.4,1,5,179,63.0,63.3,97.2,0,8,2,232,0,0,0,529,190,300,0,0,42,0
Cameron Butler,52019,TE,COLO STATE,12,49.3,0,144,68.7,60.3,66.5,2,1,54,19.3,20.1,95.4,2,4,1,232,0,0,2,471,60,299,0,0,172,261
Ko Kieft,41372,TE,MINNESOTA,13,87.5,1,225,74.5,42.4,77.4,2,3,45,61.6,58.8,94.4,1,5,0,232,0,0,1,265,47,80,0,0,185,255
DeAndre Thompkins,48211,WR,PENN STATE,13,46.9,0,266,53.3,64.4,62.7,0,0,1,0.4,0.4,100.0,0,0,0,232,0,0,0,495,1,264,0,0,231,0
Marcel Williams,61409,WR,MARSHALL,13,43.3,0,214,56.8,,48.5,0,0,0,0.0,0.0,,2,0,0,232,0,0,0,536,0,301,0,0,232,0
Mekhi Stevenson,28983,WR,UNLV,12,47.8,1,325,56.5,54.1,58.3,0,0,0,0.0,0.0,,2,0,0,231,0,0,0,483,0,252,0,0,231,0
T.J. Vasher,42135,WR,TEXAS TECH,11,32.7,0,315,68.8,,55.7,0,0,0,0.0,0.0,,1,0,0,231,0,0,0,707,0,476,0,0,231,0
Kaleb Slaven,40645,T,BALL ST,3,100.0,0,117,64.7,58.8,64.4,0,7,123,100.0,100.0,97.2,1,7,0,231,0,0,231,231,127,127,0,0,104,0
JD Spielman,39935,WR,NEBRASKA,10,41.9,0,238,84.0,,65.1,0,0,0,0.0,0.0,,0,0,0,231,0,0,0,551,0,313,0,0,231,4
Trey McBride,75916,TE,COLO STATE,12,59.2,0,144,51.2,74.7,61.7,0,1,58,28.2,27.6,99.1,4,1,0,231,0,0,0,390,60,217,0,0,171,273
Jacob Graner,45544,G,UTSA,7,100.0,0,331,59.3,64.9,55.2,0,4,144,100.0,100.0,97.2,0,6,2,231,0,145,0,231,147,147,86,0,84,0
Gary Jennings,48331,WR,W VIRGINIA,11,39.2,0,343,81.4,,49.1,0,0,0,0.0,0.0,,2,0,0,231,0,0,0,589,0,358,0,0,231,0
D.J. Brown,33750,WR,N ILLINOIS,14,34.5,1,254,61.2,,60.7,0,0,0,0.0,0.0,,4,0,0,231,0,0,0,670,0,421,0,0,231,0
Alec Ingold,34934,FB,WISCONSIN,13,77.8,0,349,85.1,35.1,78.9,0,0,15,28.3,27.3,100.0,1,0,0,231,0,0,0,297,15,55,0,0,216,78
Hasise Dubois,48298,WR,VIRGINIA,13,39.2,1,335,71.1,,88.3,0,0,0,0.0,0.0,,3,0,0,231,0,0,0,589,0,357,0,0,231,1
Logan Wright,57218,HB,GA SOUTHRN,13,75.2,0,174,77.9,62.6,63.7,1,1,19,39.6,41.2,94.7,0,2,0,231,0,0,0,307,21,51,0,0,210,1
Jaelan Austin,47777,WR,TCU,12,47.6,0,305,52.5,,58.1,0,0,0,0.0,0.0,,2,0,0,230,0,0,0,483,0,253,0,0,230,0
Daniel Parker Jr.,82343,TE,MISSOURI,11,85.2,1,229,59.1,54.4,56.4,0,0,42,52.5,54.0,100.0,1,0,0,230,0,0,0,270,47,87,0,0,183,247
Gatlin Casey,78882,WR,MIDDLE TN,12,36.7,1,224,62.0,,76.4,0,0,0,0.0,0.0,,2,0,0,230,0,0,0,626,0,396,0,0,230,0
Dillon Stoner,48304,WR,OKLA STATE,12,38.5,0,262,69.8,,58.3,0,0,0,0.0,0.0,,0,0,0,230,0,0,0,598,0,368,0,0,230,0
Ian Book,40216,QB,NOTRE DAME,12,34.1,0,258,70.2,,60.0,0,0,0,0.0,0.0,,1,0,0,230,0,0,0,674,0,395,0,0,230,0
Antwan Dixon,33173,WR,KENT STATE,12,36.6,0,201,65.1,63.6,56.3,0,0,1,0.3,0.3,100.0,0,0,0,230,0,0,0,629,1,396,0,0,229,0
Jeremiah Booker,38977,WR,KANSAS,11,41.1,1,198,61.3,,68.1,0,0,0,0.0,0.0,,1,0,0,229,0,0,0,557,0,328,0,0,229,0
Michael Pittman Jr.,29049,WR,USC,11,39.1,0,326,68.2,,69.9,0,0,0,0.0,0.0,,4,0,0,229,0,0,0,586,0,356,0,0,229,5
Tyler Huntley,46448,QB,UTAH,9,37.9,0,328,78.0,86.8,60.1,0,0,3,1.0,1.0,100.0,0,0,0,229,0,0,0,604,3,305,0,0,226,1
A.J. Taylor,29615,WR,WISCONSIN,13,43.6,0,349,68.5,,62.5,0,0,0,0.0,0.0,,1,0,0,229,0,0,0,525,0,296,0,0,229,1
Olabisi Johnson,47882,WR,COLO STATE,11,35.0,0,144,74.8,,58.7,0,0,0,0.0,0.0,,2,0,0,229,0,0,0,655,0,426,0,0,229,2
CJ Bolar,84498,WR,VANDERBILT,13,42.7,0,333,66.1,,65.9,0,0,0,0.0,0.0,,1,0,0,229,0,0,0,536,0,305,0,0,229,0
Glen Coates,41242,WR,ARMY,11,81.8,0,114,62.8,,60.2,0,0,0,0.0,0.0,,2,0,0,229,0,0,0,280,0,49,0,0,229,0
George Rushing,48159,WR,BUFFALO,14,48.7,0,126,50.3,,62.6,0,0,0,0.0,0.0,,2,0,0,228,0,0,0,468,0,240,0,0,228,1
Cole Kmet,60995,TE,NOTRE DAME,11,63.7,1,258,57.6,59.8,50.1,0,2,50,28.7,28.2,96.0,3,3,1,228,0,0,0,358,51,181,0,0,177,231
Matt Skibinski,37326,T,MIAMI OH,9,100.0,0,221,59.3,64.5,55.4,0,2,96,100.0,100.0,97.9,0,3,1,228,0,0,19,228,102,102,0,209,126,0
Geraud Sanders,61094,WR,AIR FORCE,11,76.5,0,101,74.6,,58.1,0,0,0,0.0,0.0,,2,0,0,228,0,0,0,298,0,70,0,0,228,55
Adam Dulka,44293,TE,KENT STATE,12,76.3,1,201,58.6,59.8,44.3,0,6,75,54.0,55.7,94.7,2,7,1,228,0,0,2,299,88,158,0,0,140,201
Brandon Jones,59812,G,LA MONROE,12,100.0,0,209,50.7,59.5,47.8,0,7,127,100.0,100.0,97.2,1,7,0,227,0,226,1,227,132,132,0,0,95,0
Tony Pollard,27126,HB,MEMPHIS,14,39.1,0,218,78.5,26.0,59.9,0,1,7,2.6,2.8,78.6,1,2,1,227,0,0,0,581,8,283,0,0,219,0
Adam Amosa-Tagovailoa,47106,T,NAVY,9,99.1,0,237,48.7,17.6,54.1,1,2,48,96.0,96.2,88.5,0,7,4,227,0,0,166,229,51,53,0,47,176,15
Lawrence Cager,34914,WR,MIAMI FL,13,45.2,0,220,63.8,,67.8,0,0,0,0.0,0.0,,2,0,0,227,0,0,0,502,0,275,0,0,227,0
Jordan Mitchell,34997,WR,SO MISS,11,43.4,0,296,64.4,,52.2,0,0,0,0.0,0.0,,2,0,0,226,0,0,0,521,0,295,0,0,226,0
Tony Brown,48344,WR,COLORADO,12,40.6,0,143,60.2,,66.7,0,0,0,0.0,0.0,,1,0,0,226,0,0,0,556,0,329,0,0,226,7
Donald Hammond III,82065,QB,AIR FORCE,9,57.5,0,101,74.5,62.2,60.0,0,0,1,1.4,1.3,100.0,0,0,0,226,0,0,0,393,1,78,0,0,225,0
Nick Dennis,75405,G,SMU,7,100.0,0,287,65.2,74.7,61.6,1,4,121,100.0,100.0,97.9,0,5,0,226,0,3,0,226,131,131,222,0,95,0
Deionte Noel,28140,G,OKLA STATE,6,100.0,0,262,56.1,55.2,54.0,1,3,123,100.0,100.0,98.4,0,4,0,226,19,116,0,226,130,130,91,0,96,0
Wesley Fields,34554,HB,GA SOUTHRN,12,43.9,0,174,78.8,62.0,67.6,0,1,19,18.4,19.4,97.4,0,1,0,225,0,0,0,513,21,108,0,0,204,3
Tee Higgins,61211,WR,CLEMSON,15,40.8,0,140,87.7,,64.1,0,0,0,0.0,0.0,,1,0,0,225,0,0,0,551,0,326,0,0,225,0
Aaron Cephus,40121,WR,RICE,11,38.1,0,275,74.6,,59.0,0,0,0,0.0,0.0,,3,0,0,225,0,0,0,591,0,366,0,0,225,0
Jabril Clewis,27276,WR,TULANE,13,51.0,0,319,57.1,,59.7,0,0,0,0.0,0.0,,0,0,0,225,0,0,0,441,0,216,0,0,225,0
Chris Cunningham,47312,TE,VA TECH,10,68.8,0,337,62.9,55.9,69.2,0,1,38,27.7,28.2,96.1,3,2,1,225,0,0,0,327,40,142,0,0,185,225
Ryan Luehrman,42371,TE,OHIO,9,79.8,0,259,59.7,75.3,67.0,0,0,39,41.9,41.2,100.0,0,0,0,225,0,0,0,282,40,97,0,0,185,184
Jakobi Meyers,47468,WR,NC STATE,12,35.2,0,248,82.5,76.2,53.5,0,0,2,0.5,0.5,100.0,3,0,0,225,0,0,0,639,2,414,0,0,223,16
DaMarkus Lodge,47858,WR,OLE MISS,11,35.3,0,226,78.0,,80.6,0,0,0,0.0,0.0,,2,0,0,224,0,0,0,634,0,410,0,0,224,0
Jake Paulson,55242,TE,MINNESOTA,12,84.5,0,225,73.1,60.2,78.9,2,1,70,64.2,64.0,96.4,1,4,1,224,0,0,1,265,73,114,0,3,151,226
Desmond Phillips,40244,WR,TOLEDO,13,46.0,0,316,53.2,65.4,56.5,0,0,1,0.4,0.8,100.0,0,0,0,224,0,0,0,487,2,265,0,0,222,0
Roy Hemsley,37288,G,ARIZONA ST,11,100.0,0,110,62.8,79.5,61.4,0,2,119,100.0,100.0,99.2,2,2,0,224,0,188,0,224,124,124,36,0,100,0
Jake Bargas,47044,TE,N CAROLINA,11,61.2,0,245,53.2,62.0,56.4,1,2,29,17.1,18.4,94.8,1,3,0,224,0,0,0,366,32,174,0,1,192,104
Parris Campbell,47940,WR,OHIO STATE,14,40.0,0,260,86.0,71.0,65.4,0,0,2,0.6,0.6,100.0,0,0,0,224,0,0,0,560,2,330,0,0,222,6
Brian Lewerke,34412,QB,MICH STATE,11,32.2,0,223,50.8,,60.4,0,0,0,0.0,0.0,,3,0,0,224,0,0,0,695,0,416,0,0,224,0
Terrance Davis,46756,G,MARYLAND,6,100.0,0,215,63.6,79.0,61.6,0,1,86,100.0,100.0,98.3,1,2,1,223,0,13,0,223,89,89,210,0,134,0
Luke Fortner,42028,G,KENTUCKY,12,100.0,0,202,65.6,83.0,64.7,0,2,100,100.0,100.0,99.0,2,2,0,223,9,170,0,223,105,105,44,0,118,0
Cole Spencer,60236,T,W KENTUCKY,3,100.0,0,346,64.5,73.1,59.8,0,5,127,100.0,100.0,97.2,1,6,1,223,0,0,223,223,132,132,0,0,91,0
Ryan Davis,48186,WR,AUBURN,13,40.0,0,115,68.6,,63.5,0,0,0,0.0,0.0,,0,0,0,223,0,0,0,558,0,333,0,0,223,1
Adam Prentice,35639,FB,COLO STATE,12,73.1,0,144,63.3,78.6,59.8,0,2,51,45.5,45.0,98.0,3,2,0,223,0,0,0,305,54,120,0,0,169,28
Ellis McKennie,46811,T,MARYLAND,11,98.7,0,215,60.7,71.0,57.1,0,3,86,96.6,96.7,97.1,0,4,1,222,18,0,34,225,89,92,84,76,133,12
Moral Stephens,47351,TE,FLORIDA,12,66.5,0,163,56.5,56.2,55.9,0,2,33,23.7,23.3,97.0,2,2,0,222,0,0,2,334,34,146,0,0,188,239
Anselem Umeh,40280,WR,NEW MEXICO,11,56.4,0,241,64.8,,62.8,0,0,0,0.0,0.0,,1,0,0,221,0,0,0,392,0,171,0,0,221,0
Andrew Homer,41269,TE,MIAMI OH,12,56.8,0,221,60.2,77.8,44.3,0,0,32,16.7,18.0,100.0,0,0,0,221,0,0,0,389,37,205,0,1,184,240
Kyle Horn,36296,TE,UMASS,9,49.4,0,216,56.1,53.5,62.6,0,3,29,11.9,12.7,91.4,0,4,1,221,0,0,19,447,33,259,0,32,188,206
Kiel Pollard,42066,TE,S CAROLINA,13,55.1,0,289,55.0,77.6,57.6,0,0,29,14.8,15.5,100.0,0,0,0,221,0,0,0,401,33,213,0,0,188,185
Keishawn Watson,29607,WR,W MICHIGAN,12,54.7,0,347,69.6,,63.1,0,0,0,0.0,0.0,,0,0,0,221,0,0,0,404,0,183,0,0,221,0
Trayveon Williams,45775,HB,TEXAS A&M,13,27.0,0,312,82.5,57.6,61.9,2,6,115,28.1,27.5,96.5,0,8,0,220,0,0,0,816,122,444,0,0,98,0
Patrick Carr,34491,HB,HOUSTON,13,47.1,0,182,79.7,90.8,62.5,0,2,156,65.0,65.1,98.7,0,3,1,220,0,0,0,467,168,258,0,0,52,0
Austin Maloney,33846,WR,FIU,13,43.6,0,166,75.8,,68.8,0,0,0,0.0,0.0,,1,0,0,220,0,0,0,505,0,285,0,0,220,0
Jarrod Jackson,48252,WR,LA LAFAYET,14,45.4,0,207,61.4,,58.5,0,0,0,0.0,0.0,,1,0,0,220,0,0,0,485,0,265,0,0,220,6
Bailey Smith,46208,C,TEXAS TECH,6,100.0,1,315,55.8,77.0,58.5,0,1,122,100.0,100.0,99.6,5,1,0,220,219,0,0,220,129,129,0,0,91,1
Alex Locklear,37223,T,MARSHALL,9,100.0,0,214,54.6,52.0,56.9,0,7,111,100.0,100.0,94.1,3,10,3,220,0,0,0,220,119,119,0,220,101,0
Jamire Jordan,47514,WR,FRESNO ST,14,42.4,0,169,57.5,,62.1,0,0,0,0.0,0.0,,3,0,0,219,0,0,0,516,0,296,0,0,219,0
Joey Nu'uanu-Kuhi'iki,38582,T,HAWAII,9,100.0,0,180,51.5,56.6,55.6,2,5,138,100.0,100.0,95.3,4,10,3,219,0,0,7,219,147,147,0,207,72,5
Teagan Quitoriano,84036,TE,OREGON ST,10,84.6,0,265,42.1,57.6,48.2,1,1,52,57.1,58.3,98.1,4,2,0,219,0,0,0,259,56,96,0,0,163,236
Rondale Moore,62890,WR,PURDUE,13,29.1,0,273,88.8,,71.8,0,0,0,0.0,0.0,,0,0,0,219,0,0,0,753,0,511,0,0,219,2
Chris Minter,47239,TE,TULSA,8,84.2,0,320,43.5,60.1,41.9,0,0,30,43.5,42.3,96.7,0,1,1,218,0,0,2,259,30,71,0,1,188,179
Frank Darby,40988,WR,ARIZONA ST,13,41.5,0,110,58.9,,54.5,0,0,0,0.0,0.0,,0,0,0,218,0,0,0,525,0,307,0,0,218,0
Trey Adams,46310,T,WASHINGTON,4,100.0,0,340,52.4,37.9,62.2,1,5,105,100.0,100.0,95.2,3,8,2,218,0,0,218,218,112,112,0,0,106,0
Jesse Jackson,47827,WR,MISS STATE,13,55.4,0,227,59.0,,80.8,0,0,0,0.0,0.0,,0,0,0,217,0,0,0,392,0,175,0,0,217,0
Nick Fitzgerald,46497,QB,MISS STATE,12,29.1,0,227,69.4,,60.0,0,0,0,0.0,0.0,,3,0,0,216,0,0,0,741,0,348,0,0,216,0
Andre Wilson,61746,WR,UAB,14,47.1,0,321,76.8,,64.9,0,0,0,0.0,0.0,,0,0,0,216,0,0,0,459,0,236,0,0,216,0
Frank Fillip,81624,T,COLORADO,8,100.0,0,143,48.4,44.4,52.4,0,7,105,100.0,100.0,95.7,2,8,1,216,0,0,8,216,116,116,0,208,100,0
Reggie Roberson Jr.,61815,WR,SMU,10,38.3,0,287,71.9,62.1,77.0,0,0,1,0.3,0.3,100.0,2,0,0,216,0,0,0,564,1,346,0,0,215,1
Dax Raymond,35985,TE,UTAH ST,11,42.0,0,329,63.8,71.3,66.1,0,0,11,3.8,4.2,100.0,2,0,0,215,0,0,0,512,13,309,0,0,202,277
Stephon Robinson Jr.,78136,WR,KANSAS,12,44.9,0,198,59.8,,62.3,0,0,0,0.0,0.0,,0,0,0,215,0,0,0,479,0,264,0,0,215,0
Dan Ellington,82121,QB,GA STATE,11,30.8,0,175,71.5,,60.1,0,0,0,0.0,0.0,,1,0,0,215,0,0,0,697,0,380,0,0,215,0
Jaylen Hall,61825,WR,W MICHIGAN,13,58.2,0,347,56.6,,61.1,0,0,0,0.0,0.0,,1,0,0,214,0,0,0,368,0,154,0,0,214,0
Taj Harris,77970,WR,SYRACUSE,12,39.3,0,304,64.8,,66.6,0,0,0,0.0,0.0,,0,0,0,214,0,0,0,545,0,331,0,0,214,0
Naasir Watkins,81999,T,KENTUCKY,11,100.0,1,202,64.5,47.2,73.5,0,5,80,100.0,100.0,93.1,4,8,3,214,0,0,153,214,85,85,10,50,129,1
Maurice Ffrench,39871,WR,PITTSBURGH,14,45.3,0,268,72.2,76.4,62.8,0,0,2,0.9,0.8,100.0,4,0,0,214,0,0,0,472,2,240,0,0,212,7
Carl Tucker,47165,TE,N CAROLINA,10,55.0,0,245,73.0,83.8,76.6,0,0,30,15.3,14.6,100.0,3,0,0,214,0,0,1,389,30,205,0,3,184,107
Bo Melton,61610,WR,RUTGERS,12,41.4,0,278,55.0,74.3,59.1,0,0,2,0.7,0.7,100.0,0,0,0,213,0,0,0,514,2,297,0,0,211,1
Romeo Doubs,84329,WR,NEVADA,13,36.6,0,239,67.2,,64.3,0,0,0,0.0,0.0,,1,0,0,213,0,0,0,582,0,369,0,0,213,0
Daniel Jones,39395,QB,DUKE,11,29.1,0,154,82.9,,60.8,0,0,0,0.0,0.0,,1,0,0,213,0,0,0,731,0,458,0,0,213,0
Farrod Green,47033,TE,MISS STATE,13,64.0,0,227,59.3,65.4,64.6,1,1,32,21.5,23.1,93.7,0,3,1,213,0,0,0,333,36,156,0,0,177,225
Jalen McKenzie,60817,T,USC,6,100.0,0,326,60.6,63.3,59.7,0,6,117,100.0,100.0,96.6,2,7,1,212,0,0,0,212,122,122,0,211,90,0
Kato Nelson,40264,QB,AKRON,11,29.3,2,102,76.5,,60.4,0,0,0,0.0,0.0,,3,0,0,212,0,0,0,723,0,450,0,0,212,0
Austin Fort,30778,TE,WYOMING,9,74.4,0,351,44.3,75.4,44.7,0,0,21,22.8,24.7,100.0,4,0,0,212,0,0,0,285,24,97,0,0,188,251
Michael Lawrence,47737,WR,N TEXAS,13,33.9,0,251,57.3,,58.4,0,0,0,0.0,0.0,,2,0,0,212,0,0,0,626,0,414,0,0,212,0
Tyler Wiegers,35825,QB,E MICHIGAN,12,37.1,0,160,64.2,,60.2,0,0,0,0.0,0.0,,1,0,0,212,0,0,0,572,0,338,0,0,212,0
Andy Isabella,47448,WR,UMASS,12,32.3,0,216,93.2,,62.0,0,0,0,0.0,0.0,,6,0,0,212,0,0,0,657,0,434,0,0,212,9
Tyraiq Beals,48318,WR,UCONN,12,50.1,0,146,51.2,62.1,61.6,0,0,0,0.0,0.5,,0,0,0,211,0,0,0,421,1,211,0,0,210,0
Trevon Bradford,40116,WR,OREGON ST,11,36.3,0,265,79.2,,56.6,0,0,0,0.0,0.0,,0,0,0,211,0,0,0,581,0,359,0,0,211,5
Avien Peah,42158,TE,UMASS,12,78.1,1,216,48.1,40.0,50.9,1,2,43,43.9,43.8,94.2,1,4,1,211,0,0,2,270,46,105,0,6,165,48
Hal Roberson,52301,G,USF,6,100.0,0,327,59.7,73.9,54.9,0,3,106,100.0,100.0,98.6,0,3,0,211,0,207,0,211,109,109,0,0,102,0
Scotty Washington,47964,WR,WAKE,10,52.1,1,339,61.1,,69.3,0,0,0,0.0,0.0,,1,0,0,210,0,0,0,403,0,193,0,0,210,0
Mark Brooks,41609,T,W MICHIGAN,6,100.0,0,347,67.7,79.2,63.1,0,2,91,100.0,100.0,98.9,1,2,0,210,0,0,0,210,96,96,0,210,114,0
Joq Savage,59813,T,LA MONROE,11,100.0,0,209,50.0,40.6,56.0,2,8,120,100.0,100.0,95.0,1,11,1,209,0,0,208,209,123,123,0,0,86,1
Jackson Carman,52575,T,CLEMSON,13,100.0,0,140,73.2,70.7,72.2,2,1,78,100.0,100.0,96.8,1,4,1,209,0,0,207,209,82,82,0,0,127,2
Kawaan Baker,61639,WR,S ALABAMA,12,35.4,0,288,68.0,,59.2,0,0,0,0.0,0.0,,0,0,0,209,0,0,0,591,0,322,0,0,209,0
Deondre Douglas,47445,WR,TROY,11,43.4,0,318,71.6,,69.8,0,0,0,0.0,0.0,,1,0,0,209,0,0,0,482,0,269,0,0,209,0
Juwan Johnson,28305,WR,PENN STATE,10,45.4,0,266,62.8,,70.7,0,0,0,0.0,0.0,,2,0,0,208,0,0,0,458,0,250,0,0,208,0
Zack Annexstad,83516,QB,MINNESOTA,8,47.5,0,225,53.1,,62.1,0,0,0,0.0,0.0,,0,0,0,208,0,0,0,438,0,224,0,0,208,0
Cole McDonald,38584,QB,HAWAII,13,24.0,0,180,77.2,,60.1,0,0,0,0.0,0.0,,3,0,0,208,0,0,0,865,0,588,0,0,208,0
Taivon Jacobs,28967,WR,MARYLAND,12,43.2,0,215,63.7,,68.9,0,0,0,0.0,0.0,,2,0,0,208,0,0,0,482,0,260,0,0,208,5
Ben Cleveland,41696,G,GEORGIA,7,100.0,0,173,75.5,90.9,72.0,0,0,96,100.0,100.0,100.0,0,0,0,208,0,0,0,208,100,100,201,5,108,0
Danny Davis III,61836,WR,WISCONSIN,11,43.9,0,349,69.6,,70.2,0,0,0,0.0,0.0,,1,0,0,208,0,0,0,474,0,262,0,0,208,0
Tony Ellison,34830,WR,ARIZONA,12,39.3,1,109,64.2,,57.6,0,0,0,0.0,0.0,,2,0,0,208,0,0,0,529,0,321,0,0,208,10
Steven Peoples,29184,HB,VA TECH,13,37.6,0,337,73.8,77.3,63.2,0,1,114,39.7,38.9,98.7,0,2,1,207,0,0,0,551,118,303,0,0,89,4
Jordan Myers,41521,TE,RICE,12,57.2,0,275,73.4,71.7,64.3,0,0,11,7.3,7.5,100.0,0,0,0,207,0,0,1,362,12,161,0,1,195,271
Chase Garbers,60356,QB,CAL,12,34.7,0,130,68.9,,60.0,0,0,0,0.0,0.0,,1,0,0,207,0,0,0,596,0,347,0,0,207,0
Ryan Mitchell,61487,WR,NAVY,13,78.1,0,237,64.1,70.1,67.7,0,0,1,1.8,3.3,100.0,2,0,0,207,0,0,3,265,2,60,0,7,205,1
Dominique Robinson,61436,WR,MIAMI OH,12,51.0,0,221,58.5,,62.9,0,0,0,0.0,0.0,,3,0,0,206,0,0,0,404,0,198,0,0,206,0
Jaylon Redd,61586,WR,OREGON,13,39.8,0,264,66.2,46.1,66.8,0,0,1,0.3,0.3,100.0,2,0,0,206,0,0,0,517,1,309,0,0,205,0
Tiller Bucktrot,41807,G,TULSA,8,100.0,1,320,49.2,47.2,50.0,1,4,78,100.0,100.0,96.8,2,5,0,206,0,0,0,206,81,81,206,0,125,0
Emanuel Hall,39533,WR,MISSOURI,9,48.8,0,229,85.5,,70.4,0,0,0,0.0,0.0,,0,0,0,205,0,0,0,420,0,215,0,0,205,0
Jaylen Miller,41460,T,DUKE,6,100.0,0,154,49.9,27.6,56.2,0,6,92,100.0,100.0,94.6,0,8,2,205,0,0,189,205,94,94,0,16,111,0
Clay Servin,75871,T,RICE,4,100.0,0,275,65.5,74.0,61.5,0,5,110,100.0,100.0,97.7,1,5,0,205,0,0,192,205,116,116,0,13,89,0
Tory Carter,57063,FB,LSU,12,86.1,0,211,64.6,75.2,58.7,0,1,32,52.5,50.8,98.4,1,1,0,205,0,0,0,238,32,63,0,0,173,161
Elijah Cooks,61501,WR,NEVADA,13,36.9,0,239,55.6,,68.5,0,0,0,0.0,0.0,,3,0,0,204,0,0,0,553,0,349,0,0,204,0
Courtney Lark,42143,WR,HOUSTON,9,40.2,1,182,63.7,,65.4,0,0,0,0.0,0.0,,5,0,0,204,0,0,0,508,0,304,0,0,204,0
Kendel Wright,41197,T,NAVY,6,100.0,0,237,59.1,65.9,56.8,0,3,36,100.0,100.0,95.8,0,3,0,204,0,0,175,204,37,37,0,7,167,21
Tre Turner,78006,WR,VA TECH,12,46.3,0,337,75.2,,59.3,0,0,0,0.0,0.0,,0,0,0,203,0,0,0,438,0,227,0,0,203,7
Blake Banham,45843,WR,E MICHIGAN,13,35.9,1,160,74.2,80.2,65.3,0,0,6,1.8,1.7,100.0,2,0,0,203,0,0,0,565,6,360,0,0,197,1
Darnell Woolfolk,45756,HB,ARMY,13,47.0,0,114,75.2,71.9,76.5,0,1,43,84.3,84.3,98.8,0,1,0,203,0,0,0,432,43,51,0,0,160,0
Johnny Johnson III,61588,WR,OREGON,13,42.6,0,264,53.8,,63.7,0,0,0,0.0,0.0,,2,0,0,203,0,0,0,476,0,273,0,0,203,2
R.J. Tyler,47291,TE,CHARLOTTE,11,72.8,0,136,52.9,59.4,52.2,1,2,44,38.3,37.2,96.6,0,3,0,203,0,0,1,279,45,121,0,1,158,255
Rashad Medaris,32782,WR,CINCINNATI,12,41.2,0,138,68.8,,72.0,0,0,0,0.0,0.0,,0,0,0,202,0,0,0,490,0,288,0,0,202,0
Fred Holly III,38662,HB,HAWAII,14,52.2,0,180,66.9,80.0,60.6,1,6,167,69.3,69.6,96.7,0,9,2,202,0,0,0,387,176,253,0,0,26,0
Thomas Geddis,48306,WR,CINCINNATI,12,40.7,0,138,56.0,,64.0,0,0,0,0.0,0.0,,0,0,0,202,0,0,0,496,0,294,0,0,202,0
Logan Harris,55558,G,WYOMING,6,100.0,0,351,66.2,60.4,65.0,0,2,66,100.0,100.0,97.0,1,3,1,202,37,127,0,202,71,71,38,0,131,0
Peyton Hendershot,60915,TE,INDIANA,11,57.1,0,190,59.9,53.7,64.3,0,1,30,17.8,16.5,98.3,1,1,0,202,0,0,0,354,30,182,0,0,172,247
Bryce Kemp,26273,TE,E MICHIGAN,12,64.4,0,160,57.8,58.3,62.4,0,1,22,16.5,18.4,97.7,1,1,0,201,0,0,0,312,25,136,0,0,176,173
Gardner Minshew,41401,QB,WASH STATE,13,20.9,0,341,88.1,,60.1,0,0,0,0.0,0.0,,4,0,0,201,0,0,0,961,0,735,0,0,201,0
Jermaine Ledbetter,81753,G,NEVADA,8,100.0,0,239,52.9,62.2,49.8,0,4,114,100.0,100.0,96.5,2,6,2,201,0,28,0,201,121,121,173,0,80,0
Milan Richard,47364,TE,CLEMSON,14,66.6,0,140,48.5,61.8,47.1,0,1,36,27.1,27.3,98.6,0,1,0,201,0,0,0,302,38,139,0,0,163,197
Sam Vretman,60038,G,RUTGERS,5,100.0,0,278,56.9,70.5,51.5,1,1,101,100.0,100.0,98.0,0,3,1,201,0,201,0,201,108,108,0,0,93,0
Jay MacIntyre,47592,WR,COLORADO,10,37.2,0,143,54.8,63.1,74.3,0,0,1,0.3,0.3,100.0,1,0,0,201,0,0,1,540,1,340,0,0,200,0
Darnell Salomon,48336,WR,USF,10,45.1,0,327,58.9,,74.5,0,0,0,0.0,0.0,,1,0,0,201,0,0,0,446,0,245,0,0,201,0
Kelby Wickline,36313,T,W VIRGINIA,9,100.0,0,343,65.1,66.3,61.8,0,1,95,100.0,100.0,96.3,1,4,3,200,0,0,153,200,99,99,0,41,101,6
Keith Gavin,42056,WR,FLORIDA ST,12,38.0,1,167,62.3,,66.5,0,0,0,0.0,0.0,,1,0,0,200,0,0,0,526,0,326,0,0,200,0
Van Edwards Jr.,45947,HB,AKRON,11,38.7,0,102,68.2,78.4,54.2,0,5,136,47.1,48.2,98.2,0,5,0,200,0,0,0,517,151,313,0,0,49,0
Darrell Stewart Jr.,27299,WR,MICH STATE,11,35.1,0,223,64.1,,47.0,0,0,0,0.0,0.0,,3,0,0,200,0,0,0,570,0,365,0,0,200,0
Trevon Grimes,61565,WR,FLORIDA,13,50.5,0,163,73.8,73.1,74.6,0,0,2,1.0,1.0,100.0,1,0,0,200,0,0,0,396,2,198,0,0,198,0
Spencer Brown,57441,HB,UAB,14,34.8,0,321,69.0,64.3,58.5,4,2,106,52.2,52.4,95.3,0,8,2,199,0,0,0,572,110,210,0,0,89,0
Cary Angeline,40767,TE,NC STATE,11,65.9,0,248,67.2,72.0,57.0,0,1,21,17.5,18.3,97.6,0,1,0,199,0,0,9,302,23,126,0,11,176,193
Zach Tom,55443,C,WAKE,7,100.0,0,339,62.8,76.8,59.0,0,1,69,100.0,100.0,99.3,0,1,0,199,199,0,0,199,71,71,0,0,128,0
Keion White,60998,TE,DOMINION,9,51.7,0,263,61.6,75.5,66.1,0,0,37,17.6,17.3,100.0,0,0,0,199,0,0,0,385,39,225,0,0,160,246
Jake Edwards,27717,T,GA SOUTHRN,12,100.0,0,174,45.2,24.9,51.0,1,4,38,100.0,100.0,90.8,3,6,1,199,0,23,1,199,42,42,69,105,157,1
C.J. Worton,27707,WR,FIU,13,47.6,0,166,81.1,,65.8,0,0,0,0.0,0.0,,1,0,0,199,0,0,0,418,0,219,0,0,199,0
Max Gilliam,38503,QB,UNLV,11,40.5,0,325,57.1,,60.0,0,0,0,0.0,0.0,,1,0,0,199,0,0,0,491,0,272,0,0,199,0
Cade Carney,45124,HB,WAKE,13,42.5,0,339,77.0,69.2,58.1,3,2,119,59.5,61.2,96.2,1,7,2,199,0,0,0,468,128,209,0,0,71,9
Kendall Ardoin,39215,TE,TULANE,8,82.6,0,319,54.8,62.0,58.5,1,1,53,57.6,57.6,98.1,1,2,0,199,0,0,0,241,57,99,0,0,142,113
Jaylen Smith,47846,WR,LOUISVILLE,12,35.6,0,210,63.8,,62.3,0,0,0,0.0,0.0,,4,0,0,199,0,0,0,559,0,360,0,0,199,3
Beau Morris,24688,T,SMU,4,100.0,0,287,57.6,54.9,59.6,0,5,100,100.0,100.0,95.5,1,7,2,198,0,0,195,198,105,105,0,0,93,2
Chase Gianacakos,27131,TE,MICH STATE,13,97.5,0,223,52.1,58.2,53.6,1,1,29,87.9,86.5,96.6,0,2,0,198,0,0,2,203,32,37,0,1,166,197
K.J. Carta-Samuels,46525,QB,COLO STATE,10,34.9,0,144,76.3,,60.2,0,0,0,0.0,0.0,,4,0,0,198,0,0,0,567,0,349,0,0,198,0
Gunnar Vogel,41644,T,NWESTERN,5,100.0,1,256,50.9,43.4,57.4,1,7,126,100.0,100.0,96.0,1,9,1,198,0,0,191,198,136,136,0,7,62,0
Xavier Gaines,40094,TE,MARSHALL,13,56.7,0,214,58.4,33.2,50.3,0,2,29,16.7,18.5,96.6,3,2,0,198,0,0,0,349,34,184,0,0,164,235
Scottie Phillips,83711,HB,OLE MISS,11,38.1,0,226,80.4,63.9,56.5,0,10,138,46.6,48.3,94.2,0,13,3,196,0,0,0,514,152,315,0,0,44,0
N'Kosi Perry,60446,QB,MIAMI FL,11,42.1,0,220,69.6,,60.5,0,0,0,0.0,0.0,,1,0,0,196,0,0,0,466,0,242,0,0,196,0
Deon Jackson,57189,HB,DUKE,13,30.4,1,154,61.0,66.2,68.8,1,1,98,26.0,26.6,98.0,2,3,1,196,0,0,0,644,104,391,0,0,92,0
Keyion Dixon,40175,WR,UCONN,11,49.4,0,146,57.5,,84.5,0,0,0,0.0,0.0,,2,0,0,196,0,0,0,397,0,201,0,0,196,0
K.D. Nixon,61216,WR,COLORADO,11,36.7,0,143,70.4,60.9,68.5,0,0,1,0.3,0.3,100.0,2,0,0,196,0,0,0,534,1,331,0,0,195,1
Jaivon Heiligh,84159,WR,COAST CAR,12,50.0,0,141,62.1,61.0,64.4,0,0,1,0.5,0.5,100.0,1,0,0,196,0,0,0,392,1,197,0,0,195,0
Miles Sanders,40555,HB,PENN STATE,13,28.1,1,266,78.6,58.2,54.0,0,6,90,25.4,24.9,96.7,1,6,0,195,0,0,0,693,93,373,0,0,102,0
Jack Abraham,40557,QB,SO MISS,9,34.2,0,296,63.4,,60.4,0,0,0,0.0,0.0,,1,0,0,195,0,0,0,570,0,351,0,0,195,0
K.J. Hill,28025,WR,OHIO STATE,14,35.9,0,260,80.5,69.9,56.7,0,0,2,0.6,0.6,100.0,0,0,0,195,0,0,0,543,2,349,0,0,193,12
Tshiyombu Lukusa,41546,G,ARIZONA,6,100.0,0,109,59.0,81.0,52.8,0,3,84,100.0,100.0,98.2,0,3,0,195,0,191,0,195,93,93,0,1,102,2
Nick Easley,61326,WR,IOWA,13,36.7,0,192,69.8,61.1,61.5,0,0,0,0.0,0.3,,0,0,0,194,0,0,0,528,1,334,0,0,193,4
Brandon Council,41433,T,AKRON,3,100.0,1,102,66.6,70.0,63.9,1,5,100,100.0,100.0,97.0,3,6,0,194,0,0,0,194,112,112,0,194,82,0
Rhett Cardwell,42098,WR,RICE,13,45.6,0,275,49.6,,58.2,0,0,0,0.0,0.0,,0,0,0,194,0,0,0,425,0,231,0,0,194,0
Kaleb Eleby,77686,QB,W MICHIGAN,5,50.1,0,347,63.7,,60.0,0,0,0,0.0,0.0,,0,0,0,194,0,0,0,387,0,187,0,0,194,0
Dylan Powell,41118,G,STANFORD,11,100.0,0,300,61.5,81.9,60.6,0,1,77,100.0,100.0,98.1,3,2,1,194,0,23,2,194,86,86,157,0,108,12
Austin Capps,25521,G,ARKANSAS,9,100.0,0,111,60.4,50.4,63.0,1,5,89,100.0,100.0,95.5,2,7,1,193,0,151,0,193,96,96,42,0,97,0
Bernhard Raimann,77948,TE,C MICHIGAN,12,53.8,0,134,53.7,77.3,63.8,0,0,11,6.5,6.7,100.0,2,0,0,193,0,0,4,359,12,178,0,0,181,134
Tim Wilson Jr.,41965,WR,S DIEGO ST,11,49.0,0,284,74.4,,72.9,0,0,0,0.0,0.0,,3,0,0,193,0,0,0,394,0,201,0,0,193,7
Ja'Deion High,47486,WR,TEXAS TECH,12,30.4,0,315,74.1,63.9,77.0,0,0,1,0.2,0.2,100.0,0,0,0,192,0,0,0,631,1,440,0,0,191,4
Andre Baccellia,47901,WR,WASHINGTON,14,35.8,1,340,69.7,,58.3,0,0,0,0.0,0.0,,3,0,0,192,0,0,0,536,0,342,0,0,192,2
Landon Wolf,40906,WR,OKLA STATE,13,37.6,0,262,58.7,,63.2,0,0,0,0.0,0.0,,0,0,0,192,0,0,0,510,0,318,0,0,192,0
Noah Gatlin,81561,T,ARKANSAS,4,100.0,0,111,57.8,48.0,64.8,2,8,86,100.0,100.0,91.9,2,12,2,191,0,0,191,191,91,91,0,0,100,0
Ty Storey,35344,QB,ARKANSAS,10,36.0,0,111,63.3,,60.1,0,0,0,0.0,0.0,,1,0,0,191,0,0,0,530,0,300,0,0,191,0
Deon Stewart,32874,WR,ARKANSAS,12,44.5,0,111,60.0,61.9,57.8,0,0,1,0.4,0.4,100.0,0,0,0,191,0,0,0,429,1,237,0,0,190,4
Nyqwan Murray,26456,WR,FLORIDA ST,12,35.5,0,167,74.8,,57.3,0,0,0,0.0,0.0,,3,0,0,191,0,0,0,538,0,344,0,0,191,0
Devin Papenheim,39227,TE,APP STATE,9,86.4,0,108,46.9,66.8,51.4,0,0,27,48.2,48.3,100.0,3,0,0,191,0,0,8,221,28,58,0,11,163,199
Armani Rogers,40034,QB,UNLV,6,46.0,0,325,61.2,,60.0,0,0,0,0.0,0.0,,0,0,0,191,0,0,0,415,0,162,0,0,191,0
Quardraiz Wadley,57460,HB,UTEP,12,47.6,0,330,70.2,63.1,61.3,2,7,134,62.3,63.6,93.7,1,13,4,191,0,0,0,401,145,228,0,0,46,2
Cole Herdman,47071,TE,PURDUE,12,46.4,0,273,53.1,48.0,44.0,2,4,42,16.8,17.2,92.9,1,6,0,191,1,0,0,412,46,267,0,1,145,214
Nate Wieting,39663,TE,IOWA,12,81.5,0,192,51.2,43.8,52.4,0,2,25,37.9,39.4,96.0,1,2,0,190,0,0,0,233,28,71,0,0,162,204
Shi Smith,61643,WR,S CAROLINA,12,32.7,0,289,69.5,,48.0,0,0,0,0.0,0.0,,1,0,0,190,0,0,0,581,0,391,0,0,190,3
Jaylen Waddle,84088,WR,ALABAMA,15,43.6,0,103,89.7,,62.4,0,0,0,0.0,0.0,,0,0,0,190,0,0,0,436,0,246,0,0,190,3
Dorian Thompson-Robinson,83574,QB,UCLA,10,42.3,0,324,57.2,62.2,60.0,0,0,1,0.4,0.4,100.0,1,0,0,190,0,0,0,449,1,241,0,0,189,0
Maurice Alexander,33465,WR,FIU,13,40.4,0,166,71.4,,66.5,0,0,0,0.0,0.0,,0,0,0,190,0,0,0,470,0,263,0,0,190,0
Chris Bounds,26033,TE,COLORADO,7,80.5,0,143,58.8,67.7,62.0,0,1,37,45.1,47.1,98.6,0,1,0,190,0,0,0,236,41,87,0,0,149,189
Elijah Rogers,61041,TE,TEXAS ST,12,70.4,0,314,58.9,49.7,65.3,0,1,29,27.4,27.9,94.8,1,2,1,190,0,0,0,270,31,111,0,0,159,193
Carson Terrell,61059,TE,UTAH ST,13,56.2,0,329,55.0,70.2,58.0,0,0,12,7.9,7.5,100.0,6,0,0,190,0,0,0,338,12,160,0,0,178,235
Justin Hall,61158,WR,BALL ST,12,31.1,2,117,66.8,,69.2,0,0,0,0.0,0.0,,4,0,0,190,0,0,0,611,0,401,0,0,190,3
Justin Rigg,42096,TE,KENTUCKY,13,80.2,0,202,57.8,77.8,61.2,0,0,19,29.2,28.8,100.0,1,0,0,190,0,0,0,237,19,66,0,0,171,173
Jacob August,47276,TE,S CAROLINA,12,62.0,0,289,55.0,63.5,52.9,1,1,37,25.5,25.2,97.3,1,2,0,189,0,0,4,305,39,155,0,1,150,203
Carson Van Lynn,77329,TE,PITTSBURGH,11,93.6,0,268,54.1,68.9,53.8,0,1,31,70.5,72.3,98.4,2,1,0,189,0,0,6,202,34,47,0,0,155,165
Chris Pierce,61794,WR,VANDERBILT,13,41.4,0,333,53.2,,75.8,0,0,0,0.0,0.0,,0,0,0,189,0,0,0,457,0,268,0,0,189,13
Ryan Carriere,41232,TE,CHARLOTTE,10,81.4,0,136,47.9,72.2,48.2,0,0,21,33.9,32.8,100.0,0,0,0,188,0,0,1,231,21,64,0,0,167,227
Ty Fryfogle,61321,WR,INDIANA,12,36.4,0,190,63.7,,54.7,0,0,0,0.0,0.0,,0,0,0,188,0,0,0,517,0,329,0,0,188,1
Josh Hammond,40293,WR,FLORIDA,13,48.2,0,163,73.4,,60.0,0,0,0,0.0,0.0,,0,0,0,188,0,0,0,390,0,201,0,0,188,1
Matt Bockhorst,51714,G,CLEMSON,13,100.0,0,140,70.2,86.0,69.0,0,0,68,100.0,100.0,100.0,1,0,0,188,0,188,0,188,68,68,0,0,120,0
Flynn Nagel,48118,WR,NWESTERN,13,31.1,0,256,73.9,,57.0,0,0,0,0.0,0.0,,0,0,0,188,0,0,0,604,0,415,0,0,188,1
Sadiq Palmer,41606,WR,UMASS,12,34.0,0,216,60.4,75.9,62.1,0,0,1,0.3,0.5,100.0,0,0,0,188,0,0,4,553,2,367,0,0,186,13
Luke Whittemore,61736,WR,TROY,13,51.9,0,318,58.0,,57.3,0,0,0,0.0,0.0,,0,0,0,187,0,0,0,360,0,173,0,0,187,0
Cody White,61448,WR,MICH STATE,9,36.2,0,223,70.0,,45.6,0,0,0,0.0,0.0,,0,0,0,187,0,0,0,516,0,327,0,0,187,0
Tyler Johnston III,60570,QB,UAB,13,43.9,0,321,87.5,,60.0,0,0,0,0.0,0.0,,3,0,0,187,0,0,0,426,0,158,0,0,187,0
La'Michael Pettway,34983,WR,ARKANSAS,12,45.8,0,111,68.8,,65.8,0,0,0,0.0,0.0,,1,0,0,187,0,0,1,408,0,221,0,0,187,0
Devin Asiasi,40294,TE,UCLA,9,73.3,0,324,75.1,79.0,72.4,0,0,13,16.3,16.0,100.0,0,0,0,187,0,0,0,255,13,81,0,0,174,200
Chasz Wright,46839,T,PENN STATE,9,100.0,0,266,55.5,57.6,53.3,1,1,82,100.0,100.0,96.3,1,4,2,186,0,0,0,186,84,84,0,186,102,0
Kaden Smith,40973,TE,STANFORD,10,35.3,0,300,76.8,73.6,61.1,0,0,15,4.5,5.0,100.0,2,0,0,186,0,0,0,527,18,359,0,0,168,324
Alan Bowman,77679,QB,TEXAS TECH,8,32.4,0,315,80.8,,60.0,0,0,0,0.0,0.0,,6,0,0,186,0,0,0,574,0,365,0,0,186,0
Tamir Jones,55202,WR,GA STATE,12,48.1,1,175,58.7,,69.5,0,0,0,0.0,0.0,,1,0,0,186,0,0,0,387,0,201,0,0,186,0
Luke Benzschawel,42357,TE,WISCONSIN,10,91.6,1,349,69.3,40.0,69.6,0,1,7,30.4,29.2,92.9,1,1,0,186,0,0,0,203,7,24,0,0,179,201
Benny Snell Jr.,45954,HB,KENTUCKY,13,29.9,1,202,80.4,81.3,54.2,0,3,110,45.5,46.1,96.8,3,5,2,185,0,0,0,618,119,258,0,0,66,0
Will Craig,81605,T,CAL,9,100.0,0,130,62.1,69.9,59.0,0,5,98,100.0,100.0,95.4,2,7,2,185,0,0,185,185,101,101,0,0,84,0
Mike Williams,84327,WR,NEBRASKA,12,44.2,0,238,52.4,,64.1,0,0,0,0.0,0.0,,2,0,0,185,0,0,0,419,0,234,0,0,185,0
Nykeim Johnson,61692,WR,SYRACUSE,12,34.8,1,304,63.4,,64.9,0,0,0,0.0,0.0,,1,0,0,185,0,0,0,531,0,342,0,0,185,1
Kaleb Fossum,33966,WR,NEVADA,13,30.6,2,239,70.3,63.9,75.3,0,0,1,0.2,0.2,100.0,4,0,0,185,0,0,0,605,1,420,0,0,184,1
Isaiah Sanders,60319,QB,AIR FORCE,8,46.1,0,101,69.8,,60.0,0,0,0,0.0,0.0,,1,0,0,185,0,0,0,401,0,97,0,0,185,0
Tre Hartley,48132,WR,S JOSE ST,12,35.1,0,285,63.1,,64.5,0,0,0,0.0,0.0,,1,0,0,185,0,0,0,527,0,341,0,0,185,0
Brandon Heidecker,51619,G,TOLEDO,4,100.0,0,316,47.7,34.3,52.2,0,4,97,100.0,100.0,96.9,1,5,1,184,0,0,0,184,101,101,184,0,83,0
Dylan Soehner,42375,TE,IOWA STATE,13,84.4,0,193,58.0,74.0,64.5,0,0,18,35.3,38.2,100.0,1,0,0,184,0,0,1,218,21,55,0,0,163,194
Jonah Morris,40336,WR,AKRON,12,37.4,0,102,61.0,,77.8,0,0,0,0.0,0.0,,1,0,0,183,0,0,0,489,0,305,0,0,183,0
Calen Holt,50759,HB,ARMY,11,81.0,0,114,67.3,65.3,67.7,0,1,7,38.9,38.9,92.9,1,1,0,183,0,0,0,226,7,18,0,0,176,69
Anthony Schwartz,84135,WR,AUBURN,13,45.2,0,115,65.3,,62.9,0,0,0,0.0,0.0,,0,0,0,183,0,0,0,405,0,195,0,0,183,0
Gentle Williams,38460,G,CAL,7,100.0,0,130,65.7,75.0,64.9,1,1,112,100.0,100.0,98.2,1,3,1,183,0,183,0,183,115,115,0,0,68,0
Jared Sparks,40215,WR,PURDUE,13,35.7,1,273,59.2,,83.0,0,0,0,0.0,0.0,,3,0,0,183,0,0,0,513,0,327,0,0,183,0
Kyle Spalding,40356,T,S DIEGO ST,3,100.0,0,284,61.3,60.3,59.4,1,4,89,100.0,100.0,97.2,0,5,0,183,0,0,0,183,95,95,0,183,88,0
Thomas Preston III,81767,G,N TEXAS,5,100.0,0,251,63.8,82.6,56.8,0,1,91,100.0,100.0,99.5,0,1,0,183,84,60,0,183,100,100,39,0,83,0
Derrion Grim,61264,WR,FRESNO ST,14,47.2,0,169,59.2,,67.5,0,0,0,0.0,0.0,,2,0,0,182,0,0,0,386,0,196,0,0,182,0
Zach Watts,75862,G,WYOMING,3,100.0,0,351,59.4,52.2,59.0,1,5,64,100.0,100.0,95.3,1,6,0,182,0,182,0,182,66,66,0,0,116,0
CJ Williams,57323,FB,NAVY,11,70.3,0,237,85.2,71.9,64.1,0,0,3,5.4,6.8,100.0,1,0,0,182,0,0,0,259,4,59,0,0,178,144
Grant Calcaterra,60997,TE,OKLAHOMA,14,46.3,0,261,73.2,69.9,73.7,0,0,5,2.5,2.8,100.0,1,0,0,181,0,0,0,391,6,216,0,0,175,16
Curtis Doyle,30726,G,W MICHIGAN,6,100.0,1,347,60.7,72.4,59.0,1,4,87,100.0,100.0,96.0,1,6,1,181,0,181,0,181,94,94,0,0,87,0
Trey Harrell,26944,WR,KENT STATE,12,36.6,0,201,55.8,,51.6,0,0,0,0.0,0.0,,2,0,0,181,0,0,0,495,0,312,0,0,181,0
Ky'Jon Tyler,54563,WR,COAST CAR,11,46.6,0,141,68.8,62.1,58.7,0,0,1,0.5,0.5,100.0,1,0,0,181,0,0,0,388,1,205,0,0,180,0
Tucker Brown,36555,T,AUBURN,13,93.3,0,115,73.2,78.3,69.2,0,0,25,65.8,69.0,100.0,0,0,0,181,0,2,69,194,29,42,0,9,152,111
Angelo Owens,41947,G,MIDDLE TN,11,100.0,0,224,62.9,87.9,57.7,0,0,72,100.0,100.0,100.0,1,0,0,181,0,101,0,181,79,79,73,0,102,6
TJ Rahming,47767,WR,DUKE,13,29.8,0,154,72.8,,64.2,0,0,0,0.0,0.0,,0,0,0,181,0,0,0,608,0,418,0,0,181,0
Ja'Marr Chase,84270,WR,LSU,13,50.8,0,211,69.4,,67.8,0,0,0,0.0,0.0,,0,0,0,180,0,0,0,354,0,174,0,0,180,0
Drew Tejchman,61767,WR,UNLV,12,48.6,0,325,54.5,,54.9,0,0,0,0.0,0.0,,0,0,0,180,0,0,0,370,0,190,0,0,180,0
Lawrence Edwards,40718,G,GA SOUTHRN,9,100.0,0,174,61.0,55.8,60.2,1,3,32,100.0,100.0,93.7,0,4,0,180,0,0,0,180,34,34,178,0,146,2
Jack Coan,60613,QB,WISCONSIN,5,60.0,0,349,41.4,,60.2,0,0,0,0.0,0.0,,0,0,0,180,0,0,0,300,0,112,0,0,180,0
Anthony McFarland Jr.,57289,HB,MARYLAND,12,45.2,0,215,79.2,79.9,56.2,0,2,57,40.7,41.8,98.2,0,2,0,180,0,0,0,398,61,146,0,0,119,36
Ian Bunting,47147,TE,CAL,13,37.5,1,130,45.6,56.8,57.2,0,1,19,6.3,6.3,97.4,2,1,0,180,0,0,0,480,20,320,0,0,160,283
Dyami Brown,77986,WR,N CAROLINA,10,48.8,0,245,58.7,,61.3,0,0,0,0.0,0.0,,1,0,0,180,0,0,0,369,0,189,0,0,180,0
Stephen Sullivan,40411,WR,LSU,13,47.1,0,211,67.8,,48.1,0,0,0,0.0,0.0,,0,0,0,180,0,0,0,382,0,200,0,0,180,12
Dontae Strickland,45943,HB,SYRACUSE,13,40.5,0,304,67.0,77.0,51.4,1,2,115,47.1,46.8,95.2,2,7,4,179,0,0,0,442,123,263,0,0,56,0
Hunter Thedford,50645,TE,SMU,12,72.8,1,287,62.5,62.3,65.9,0,1,48,43.6,43.2,99.0,1,1,0,179,0,0,12,246,51,118,0,0,128,159
Case Cook,59876,G,MISSOURI,8,100.0,0,229,52.5,74.3,52.2,1,1,63,100.0,100.0,96.8,5,3,1,179,12,129,0,179,72,72,38,0,107,0
Kendrick Rogers,41228,WR,TEXAS A&M,12,43.4,0,312,75.6,,73.6,0,0,0,0.0,0.0,,0,0,0,178,0,0,0,410,0,232,0,0,178,0
Tyrone Owens,45969,HB,NEW MEXICO,12,34.9,0,241,66.8,41.6,60.3,0,6,88,39.6,39.1,96.6,2,6,0,178,0,0,0,510,93,238,0,0,85,1
Rafael Araujo-Lopes,47925,WR,PITTSBURGH,14,37.6,0,268,65.5,68.4,65.8,0,0,1,0.4,0.3,100.0,1,0,0,178,0,0,0,473,1,291,0,0,177,4
James McHale,38880,T,TEMPLE,10,100.0,0,306,68.3,58.6,69.4,3,3,94,100.0,100.0,95.7,0,7,1,178,0,1,97,178,98,98,49,27,80,2
Tay Martin,61811,WR,WASH STATE,13,24.2,0,341,63.5,,66.8,0,0,0,0.0,0.0,,2,0,0,178,0,0,0,735,0,557,0,0,178,11
Terrell Green,48172,WR,E CAROLINA,12,34.9,0,156,58.2,,73.0,0,0,0,0.0,0.0,,1,0,0,178,0,0,0,510,0,332,0,0,178,0
Joshua Palmer,62979,WR,TENNESSEE,12,41.3,0,307,65.0,,42.8,0,0,0,0.0,0.0,,2,0,0,178,0,0,0,431,0,248,0,0,178,1
Jon'Vea Johnson,48082,WR,TOLEDO,13,40.0,0,316,70.7,,57.5,0,0,0,0.0,0.0,,1,0,0,178,0,0,0,445,0,267,0,0,178,0
Ravian Pierce,61029,TE,SYRACUSE,10,58.6,0,304,57.6,78.7,63.7,0,0,34,23.3,23.6,100.0,3,0,0,178,0,0,0,304,39,165,0,1,139,191
Kendall Baker,27757,G,GEORGIA,9,100.0,0,173,67.2,60.9,66.3,1,3,58,100.0,100.0,94.8,0,5,1,177,0,28,56,177,61,61,74,18,116,1
Brayden Lenius,84022,TE,NEW MEXICO,11,78.0,0,241,57.6,41.5,55.7,0,2,24,33.8,35.1,95.8,0,2,0,177,0,0,0,227,27,77,0,0,150,146
Tim Jones,61669,WR,SO MISS,11,35.1,0,296,69.3,64.4,53.1,0,0,1,0.3,0.3,100.0,1,0,0,177,0,0,0,504,1,325,0,0,176,0
Davis Koppenhaver,47204,TE,DUKE,13,65.6,0,154,62.7,53.4,63.6,0,1,33,27.3,26.8,98.5,0,1,0,177,0,0,0,270,34,127,0,0,143,91
Luke Doerger,41758,G,TOLEDO,5,100.0,0,316,63.8,72.8,61.0,1,2,68,100.0,100.0,97.8,1,3,0,177,20,19,0,177,70,70,138,0,107,0
Joseph Saucier,83600,FB,AIR FORCE,11,61.0,0,101,67.1,69.2,55.9,0,0,1,1.5,1.4,100.0,2,0,0,177,0,0,0,290,1,70,0,0,176,137
Britain Covey,32933,WR,UTAH,13,36.6,0,328,74.2,61.0,53.3,0,0,1,0.4,0.3,100.0,0,0,0,176,0,0,0,481,1,291,0,0,175,0
Trae Carter-Wells,29304,TE,NEVADA,12,72.4,0,239,65.9,62.8,65.5,0,1,30,31.9,35.0,98.3,2,1,0,176,0,0,0,243,36,103,0,1,140,161
Derrick Dillon,34886,WR,LSU,13,41.3,0,211,58.6,,62.3,0,0,0,0.0,0.0,,0,0,0,176,0,0,0,426,0,247,0,0,176,21
Tyrie Cleveland,42134,WR,FLORIDA,12,49.3,1,163,60.1,71.9,76.9,0,0,2,1.1,1.6,100.0,1,0,0,176,0,0,0,357,3,184,0,0,173,0
Laviska Shenault Jr.,61220,WR,COLORADO,9,34.6,0,143,88.2,71.2,53.3,0,0,6,2.0,2.2,100.0,2,0,0,176,0,0,1,508,7,323,0,0,169,49
Brandon Aiyuk,84109,WR,ARIZONA ST,13,43.6,0,110,68.9,,66.4,0,0,0,0.0,0.0,,0,0,0,176,0,0,0,404,0,228,0,0,176,2
Artice Hobbs IV,57142,FB,ARMY,10,84.5,0,114,67.1,23.7,60.3,0,1,3,14.3,13.6,83.3,2,1,0,175,0,0,0,207,3,22,0,0,172,119
Josh Love,34044,QB,S JOSE ST,8,33.5,0,285,74.9,62.2,60.0,0,0,1,0.3,0.3,100.0,1,0,0,175,0,0,0,522,1,335,0,0,174,0
Jalen Virgil,41991,WR,APP STATE,13,58.9,0,108,72.1,,64.2,0,0,0,0.0,0.0,,0,0,0,175,0,0,1,297,0,121,0,0,175,0
Billy Bob Humphreys,41875,TE,S JOSE ST,11,62.8,0,285,41.8,52.9,64.2,3,4,61,39.1,38.3,91.0,0,9,2,174,0,0,0,277,64,167,0,0,110,256
Jordan Duncan,38485,WR,CAL,8,40.3,0,130,63.3,,67.7,0,0,0,0.0,0.0,,3,0,0,174,0,0,0,432,0,258,0,0,174,0
Josh Malin,25633,T,BAYLOR,10,100.0,0,118,59.9,55.2,59.7,3,1,92,100.0,100.0,94.6,0,7,3,174,0,0,174,174,97,97,0,0,77,0
Mason Wolfe,39281,G,KENTUCKY,12,100.0,0,202,53.1,59.0,55.1,0,2,58,100.0,100.0,98.3,3,2,0,174,0,0,0,174,60,60,172,0,114,2
Connor Heyward,57301,HB,MICH STATE,13,34.9,0,223,66.5,62.3,57.3,0,1,113,37.2,36.3,97.8,2,3,2,174,0,0,0,499,118,325,0,0,56,0
B.J. Smith,40545,HB,TROY,13,27.4,0,318,67.3,70.6,54.3,1,4,73,24.4,24.6,95.2,1,6,1,173,0,0,0,631,77,313,0,0,96,0
CJ Marable,55264,HB,COAST CAR,12,41.5,0,141,66.6,32.6,54.0,2,2,32,21.5,21.3,93.7,1,4,0,173,0,0,0,417,33,155,0,0,140,7
Reggie Gallaspy II,13818,HB,NC STATE,13,29.8,0,248,73.2,77.8,56.4,0,3,135,44.4,44.4,98.9,0,3,0,173,0,0,0,580,139,313,0,0,34,0
Zac Lefebvre,44819,TE,BUFFALO,14,54.6,0,126,40.4,59.8,54.0,0,1,13,8.8,8.3,96.2,1,1,0,173,0,0,0,317,13,157,0,0,160,212
Caperton Humphrey,45290,TE,KANSAS,11,85.1,0,198,64.4,64.9,55.7,1,0,33,53.2,53.8,98.5,0,1,0,172,0,0,0,202,35,65,0,0,137,61
Jonathan Banks,32337,QB,TULANE,7,42.4,0,319,64.6,,61.5,0,0,0,0.0,0.0,,0,0,0,172,0,0,0,406,0,196,0,0,172,0
Matt Dotson,60961,TE,MICH STATE,13,43.5,0,223,50.1,59.9,59.3,0,1,36,14.6,14.6,98.6,3,1,0,172,0,0,2,395,38,261,0,1,134,299
Marcus Simms,42011,WR,W VIRGINIA,11,35.5,0,343,73.7,,55.0,0,0,0,0.0,0.0,,1,0,0,172,0,0,0,484,0,311,0,0,172,0
Kumehnnu Gwilly,40495,HB,C MICHIGAN,12,49.1,0,134,58.5,73.6,54.6,3,1,85,48.3,48.4,97.6,2,4,0,172,0,0,0,350,90,186,0,0,82,2
Isaiah Epps,61360,WR,KENTUCKY,13,54.8,0,202,51.0,74.3,54.4,0,0,2,1.5,1.4,100.0,0,0,0,172,0,0,0,314,2,144,0,0,170,1
Zack Moss,40341,HB,UTAH,9,33.5,0,328,84.9,78.2,65.5,0,1,100,40.0,40.9,99.5,1,1,0,172,0,0,0,514,108,264,0,0,64,4
Nick Krimin,41825,G,RUTGERS,4,100.0,0,278,65.3,55.6,65.8,1,2,68,100.0,100.0,97.8,0,3,0,172,0,106,0,172,78,78,66,0,94,0
Delroy Baker,46837,T,INDIANA,8,100.0,0,190,50.2,37.3,52.9,0,4,98,100.0,100.0,96.9,0,5,1,171,0,0,74,171,107,107,46,51,64,0
Matt Colburn II,34388,HB,WAKE,11,37.6,0,339,67.5,81.7,54.7,1,3,124,51.2,50.6,97.6,1,5,1,171,0,0,0,455,127,251,0,0,44,17
Kendal Keys,26969,WR,UNLV,7,55.7,0,325,55.4,,60.7,0,0,0,0.0,0.0,,0,0,0,171,0,0,0,307,0,136,0,0,171,0
Marcus Outlow,28054,HB,COAST CAR,10,42.7,0,141,69.4,74.8,70.2,0,1,61,40.4,41.4,97.5,0,2,1,170,0,0,0,398,67,162,0,0,103,2
Hezekiah Grimsley,61800,WR,VA TECH,12,37.9,0,337,67.1,,66.1,0,0,0,0.0,0.0,,1,0,0,170,0,0,0,448,0,266,0,0,170,0
Binjimen Victor,42198,WR,OHIO STATE,14,37.9,1,260,63.0,,72.9,0,0,0,0.0,0.0,,4,0,0,170,0,0,0,449,0,279,0,0,170,0
Charlie Kolar,60917,TE,IOWA STATE,12,49.0,0,193,62.3,74.8,62.4,0,0,32,16.3,17.3,100.0,2,0,0,170,0,0,1,347,37,214,0,1,133,159
Marlon Williams,55411,WR,UCF,13,58.6,0,323,63.0,65.5,61.4,0,0,1,0.9,0.9,100.0,2,0,0,170,0,0,0,290,1,116,0,0,169,1
Abdul Bello,37001,T,FLORIDA ST,5,100.0,0,167,28.9,0.0,51.8,7,9,89,100.0,100.0,88.8,0,18,2,169,0,0,124,169,93,93,0,45,76,0
Dee Anderson,40225,WR,LSU,11,47.9,0,211,66.9,,62.8,0,0,0,0.0,0.0,,0,0,0,169,0,0,0,353,0,184,0,0,169,0
Brett Heggie,41179,G,FLORIDA,8,100.0,0,163,60.2,58.1,59.2,1,2,71,100.0,100.0,96.5,0,4,1,169,0,13,0,169,75,75,156,0,94,0
Isaiah Harper,47480,WR,DOMINION,12,32.1,0,263,61.5,,59.8,0,0,0,0.0,0.0,,0,0,0,169,0,0,0,526,0,353,0,0,169,0
John Mitchell,48188,WR,FAU,8,59.7,0,165,52.9,,65.4,0,0,0,0.0,0.0,,2,0,0,169,0,0,0,283,0,114,0,0,169,0
Mark Michaud,40700,WR,GA SOUTHRN,10,74.1,0,174,58.7,,69.0,0,0,0,0.0,0.0,,0,0,0,169,0,0,0,228,0,59,0,0,169,1
Jamari Peacock,62770,FB,VIRGINIA,13,86.6,0,335,48.4,67.2,47.8,0,3,55,69.6,69.9,97.3,1,3,0,168,0,0,0,194,58,83,0,0,110,12
Tyler Lamm,39862,TE,LA MONROE,11,77.1,0,209,59.1,72.6,61.5,0,0,32,41.6,39.8,100.0,2,0,0,168,0,0,1,218,33,83,0,0,135,210
Connor Lanfear,46797,G,TEXAS A&M,7,100.0,1,312,53.8,35.4,57.5,2,1,67,100.0,100.0,97.8,2,3,0,168,0,0,0,168,73,73,168,0,95,0
Nakia Griffin-Stewart,36403,TE,RUTGERS,10,85.2,1,278,53.3,69.7,55.1,0,0,12,31.6,31.0,100.0,1,0,0,167,0,0,4,196,13,42,0,0,154,158
Demetrius Douglas,55246,WR,MINNESOTA,13,44.8,0,225,51.9,,58.4,0,0,0,0.0,0.0,,0,0,0,167,0,0,0,373,0,206,0,0,167,0
Seth Williams,84137,WR,AUBURN,13,34.4,0,115,72.3,51.8,73.8,0,0,0,0.0,0.0,,1,0,0,167,0,0,0,485,0,318,0,0,167,0
Aaren Vaughns,61782,WR,UTAH ST,13,39.8,0,329,74.2,,60.5,0,0,0,0.0,0.0,,2,0,0,167,0,0,0,420,0,241,0,0,167,0
Charlie Jones,55038,WR,BUFFALO,14,48.8,1,126,69.0,,55.5,0,0,0,0.0,0.0,,2,0,0,167,0,0,0,342,0,175,0,0,167,8
Trenard Davis,40351,WR,ILLINOIS,12,43.3,0,187,62.8,,48.4,0,0,0,0.0,0.0,,0,0,0,167,0,0,0,386,0,217,0,0,167,1
Antione Frazier,45396,T,KANSAS,11,100.0,0,198,61.8,68.8,59.6,1,2,82,100.0,100.0,98.2,1,3,0,167,0,0,6,167,86,86,0,161,81,0
Jawon Pass,40916,QB,LOUISVILLE,11,30.2,0,210,46.4,,60.0,0,0,0,0.0,0.0,,3,0,0,167,0,0,0,553,0,366,0,0,167,0
Isaac Hawn,59959,T,N ILLINOIS,5,100.0,0,254,59.4,58.6,57.7,1,2,74,100.0,100.0,98.0,0,3,0,167,0,0,1,167,79,79,0,166,88,0
Shawn Muldowney II,58463,T,AKRON,7,100.0,0,102,62.8,67.7,57.4,1,3,94,100.0,100.0,96.8,1,5,1,166,0,0,17,166,102,102,6,142,64,0
James Prather,47046,TE,NWESTERN,13,88.8,0,256,67.5,71.1,59.9,0,0,4,18.2,19.2,100.0,1,0,0,166,0,0,0,187,5,26,0,0,161,184
Amon-Ra St. Brown,84470,WR,USC,12,35.6,0,326,75.0,,56.4,0,0,0,0.0,0.0,,1,0,0,166,0,0,0,466,0,299,0,0,166,3
Samuel Williams,39843,T,LA MONROE,9,100.0,0,209,49.2,52.0,56.9,0,4,88,100.0,100.0,96.6,3,5,1,166,0,0,0,166,90,90,0,166,76,0
Levi Paulsen,46916,G,IOWA,9,100.0,0,192,59.3,89.3,54.8,0,0,66,100.0,100.0,100.0,1,0,0,166,0,1,2,166,70,70,102,60,96,0
Moroni Iniguez,60191,G,UTAH ST,8,100.0,0,329,60.8,74.7,61.9,1,0,56,100.0,100.0,99.1,2,1,0,165,64,93,0,165,57,57,8,0,108,0
Travis Vokolek,61004,TE,RUTGERS,12,42.0,1,278,46.2,71.1,43.5,0,0,13,5.7,6.2,100.0,3,0,0,165,0,0,1,393,15,243,0,1,150,162
Wesley Kennedy III,61277,HB,GA SOUTHRN,13,53.6,0,174,83.2,,60.1,0,0,0,0.0,0.0,,0,0,0,165,0,0,0,308,0,80,0,0,165,5
Bobby Holly,36036,TE,LA TECH,11,89.7,0,208,73.7,68.9,65.8,0,0,27,60.0,58.7,100.0,0,0,0,165,0,0,0,184,27,46,0,0,138,151
Ramaud Chiaokhiao-Bowman,41212,WR,NWESTERN,14,38.8,0,256,57.4,,71.1,0,0,0,0.0,0.0,,1,0,0,164,0,0,0,423,0,259,0,0,164,4
Dqmarcus Shaw,59665,G,E CAROLINA,2,100.0,0,156,54.8,48.5,53.5,1,7,110,100.0,100.0,95.5,1,9,1,164,0,0,0,164,120,120,164,0,44,0
Marcus Jones,34772,HB,N ILLINOIS,14,45.7,0,254,73.4,64.3,69.2,1,6,109,52.7,53.3,96.8,1,7,0,164,0,0,0,359,114,214,0,0,50,1
McLane Mannix,61496,WR,NEVADA,12,28.4,0,239,71.9,,68.9,0,0,0,0.0,0.0,,1,0,0,163,0,0,0,574,0,408,0,0,163,0
Chris Garrison,47251,TE,BOSTON COL,11,60.1,0,121,48.7,43.2,49.5,0,0,15,12.4,12.9,86.7,0,2,2,163,0,0,0,271,16,124,0,0,147,148
D'Marius Gillespie,47547,WR,LA MONROE,12,46.8,0,209,61.7,,64.0,0,0,0,0.0,0.0,,1,0,0,163,0,0,0,348,0,185,0,0,163,0
Kyle Wells,28216,TE,CAL,13,90.6,0,130,53.7,58.7,57.6,0,1,21,56.8,56.4,97.6,0,1,0,163,0,0,0,180,22,39,0,1,141,179
Dazz Newsome,61510,WR,N CAROLINA,11,36.4,0,245,69.6,,71.9,0,0,0,0.0,0.0,,0,0,0,162,0,0,0,445,0,276,0,0,162,0
Michael Walker,48213,WR,BOSTON COL,12,56.1,0,121,71.0,63.9,72.0,0,0,1,0.9,0.8,100.0,1,0,0,162,0,0,0,289,1,118,0,0,161,11
Scottie Dill,36231,T,MEMPHIS,10,100.0,0,218,80.1,78.7,75.5,0,2,58,100.0,100.0,98.3,0,2,0,162,0,0,0,162,62,62,0,158,100,3
Bo Alexander,36872,TE,HOUSTON,13,93.6,0,182,73.0,71.7,75.2,0,1,59,88.1,85.1,99.2,1,1,0,162,0,0,38,173,63,74,0,4,99,122
Kendall Parham,84458,WR,UAB,10,62.3,0,321,76.2,,65.5,0,0,0,0.0,0.0,,0,0,0,162,0,0,0,260,0,94,0,0,162,0
Otis Anderson,55412,HB,UCF,12,41.9,0,323,65.8,87.7,55.1,0,0,30,15.7,16.7,100.0,0,0,0,162,0,0,0,387,35,209,0,0,127,0
Trey Sermon,57372,HB,OKLAHOMA,14,33.0,0,261,90.6,80.7,76.9,0,1,85,35.9,35.3,98.2,0,2,1,162,0,0,0,491,89,252,0,0,73,0
Michael McFarlane,54545,TE,COAST CAR,12,85.7,0,141,48.3,72.0,51.6,0,0,14,35.9,34.1,100.0,0,0,0,162,0,0,0,189,14,41,0,0,148,184
Devin C. Butler,48222,WR,SYRACUSE,10,43.9,0,304,55.9,,75.5,0,0,0,0.0,0.0,,2,0,0,162,0,0,0,369,0,207,0,0,162,0
Oliver Martin,61438,WR,MICHIGAN,13,73.5,0,222,71.7,,62.3,0,0,0,0.0,0.0,,1,0,0,161,0,0,0,219,0,57,0,0,161,0
Tony Poljan,40148,QB,C MICHIGAN,12,39.5,0,134,46.6,65.1,65.4,0,0,1,0.5,0.5,100.0,3,0,0,161,0,0,0,408,1,202,0,0,160,16
Mitchell Brinkman,42021,TE,N ILLINOIS,4,77.4,0,254,57.5,48.8,56.7,0,2,32,41.0,42.7,96.9,2,2,0,161,0,0,0,208,35,82,0,4,126,177
Mark Quattlebaum,47459,WR,CHARLOTTE,12,36.3,1,136,56.9,,49.3,0,0,0,0.0,0.0,,2,0,0,161,0,0,0,444,0,282,0,0,161,1
Dareuan Parker,41285,G,MISS STATE,9,100.0,0,227,72.0,65.1,71.9,0,2,56,100.0,100.0,98.2,0,2,0,161,0,51,0,161,58,58,110,0,103,0
C.J. Riley,40684,WR,NC STATE,13,40.7,0,248,60.8,,65.1,0,0,0,0.0,0.0,,0,0,0,161,0,0,0,396,0,232,0,0,161,1
Dee Wiggins,78016,WR,MIAMI FL,13,46.8,0,220,52.5,,75.1,0,0,0,0.0,0.0,,1,0,0,161,0,0,0,344,0,183,0,0,161,0
Kevin Haas,81834,T,S ALABAMA,8,100.0,0,288,52.9,54.0,51.6,2,1,69,100.0,100.0,96.4,0,4,1,161,0,0,68,161,72,72,0,93,89,0
Samson Bailey,39521,G,MISSOURI,11,96.4,0,229,68.1,83.2,61.1,0,0,39,88.6,87.2,100.0,0,0,0,161,0,71,1,167,41,47,0,0,120,92
Henry Roberts,36813,T,WASHINGTON,7,100.0,1,340,71.5,74.8,67.0,2,3,71,100.0,100.0,96.5,1,5,0,161,0,0,158,161,74,74,3,0,87,0
Terry Godwin II,47946,WR,GEORGIA,13,48.6,0,173,73.8,,77.3,0,0,0,0.0,0.0,,0,0,0,160,0,0,0,329,0,169,0,0,160,4
Jordan McCray,47802,WR,S ALABAMA,12,39.9,0,288,63.5,,59.3,0,0,0,0.0,0.0,,0,0,0,160,0,0,0,401,0,241,0,0,160,0
Octavious Cooley,39994,TE,OLE MISS,12,62.0,0,226,62.1,43.2,57.8,2,1,37,28.7,29.0,93.2,1,4,1,160,0,0,0,258,40,138,0,0,120,166
Tyler Sear,61000,TE,PITTSBURGH,6,77.3,0,268,38.1,45.6,49.7,0,0,21,30.9,32.9,90.5,2,2,2,160,0,0,4,207,23,70,0,6,137,159
Chigoziem Okonkwo,84000,TE,MARYLAND,12,53.2,0,215,53.8,32.8,51.9,0,0,4,2.9,2.8,100.0,0,0,0,160,0,0,0,301,4,142,0,0,156,215
Dalton Wagner,58493,T,ARKANSAS,8,100.0,0,111,62.0,61.8,62.8,0,3,60,100.0,100.0,97.5,1,3,0,160,0,0,78,160,65,65,0,81,95,1
Donta Anthony Jr.,84030,TE,DOMINION,11,53.0,0,263,52.2,68.7,56.2,0,4,37,21.1,21.1,94.6,2,4,0,160,0,0,0,302,38,180,0,0,122,195
Kamryn Bennett,28200,G,CAL,9,100.0,0,130,55.6,60.3,58.0,0,4,93,100.0,100.0,96.8,2,5,1,160,0,100,0,160,96,96,49,11,64,0
Tra Minter,57401,HB,S ALABAMA,12,30.5,0,288,71.1,85.4,60.9,0,1,52,23.7,25.8,99.0,1,1,0,160,0,0,0,525,61,236,0,0,99,0
Jauan Jennings,48027,WR,TENNESSEE,12,42.0,1,307,73.3,67.4,77.3,0,0,1,0.5,0.5,100.0,2,0,0,160,0,0,0,381,1,222,0,0,159,3
Mecole Hardman Jr.,42683,WR,GEORGIA,14,40.3,0,173,70.4,,60.5,0,0,0,0.0,0.0,,1,0,0,160,0,0,0,397,0,233,0,0,160,2
Nate Brown,29094,WR,MISSOURI,7,47.6,0,229,52.7,,68.3,0,0,0,0.0,0.0,,0,0,0,159,0,0,0,334,0,175,0,0,159,5
Gabe Hill,47388,TE,TROY,12,85.5,0,318,45.3,68.5,50.0,0,0,27,52.9,51.8,100.0,3,0,0,159,0,0,2,186,29,56,0,0,130,171
Jordan Wayne-Prather,78154,WR,BOWL GREEN,12,45.8,0,122,60.7,,63.6,0,0,0,0.0,0.0,,0,0,0,159,0,0,0,347,0,188,0,0,159,1
Julian Hicks,55059,WR,C MICHIGAN,10,37.1,0,134,63.1,,66.9,0,0,0,0.0,0.0,,0,0,0,159,0,0,0,428,0,268,0,0,159,0
Wilton Speight,46399,QB,UCLA,7,37.6,0,324,71.1,,60.0,0,0,0,0.0,0.0,,0,0,0,159,0,0,0,423,0,249,0,0,159,0
Isaiah Wright,40113,WR,TEMPLE,13,35.1,0,306,68.3,,57.2,0,0,0,0.0,0.0,,3,0,0,159,0,0,0,453,0,275,0,0,159,4
Kylin Hill,57306,HB,MISS STATE,11,39.7,0,227,80.7,28.1,62.5,3,2,45,27.4,29.5,94.4,0,5,0,159,0,0,0,401,52,176,0,0,107,0
Luke Skipper,39975,QB,TULSA,4,47.0,0,320,57.1,,60.0,0,0,0,0.0,0.0,,0,0,0,159,0,0,0,338,0,161,0,0,159,0
Conor Blount,39950,QB,OREGON ST,9,41.8,0,265,67.1,,60.0,0,0,0,0.0,0.0,,0,0,0,159,0,0,0,380,0,205,0,0,159,0
Diondre Overton,40338,WR,CLEMSON,14,62.2,0,140,75.9,,70.4,0,0,0,0.0,0.0,,0,0,0,158,0,0,0,254,0,96,0,0,158,0
Willie Johnson,41116,WR,MARSHALL,12,45.9,0,214,54.9,,69.5,0,0,0,0.0,0.0,,0,0,0,158,0,0,0,344,0,181,0,0,158,0
D.J. Mack Jr.,55405,QB,UCF,11,45.8,0,323,72.8,,60.0,0,0,0,0.0,0.0,,4,0,0,158,0,0,0,345,0,128,0,0,158,0
Chris Reynolds,60361,QB,CHARLOTTE,6,42.6,0,136,69.7,,60.0,0,0,0,0.0,0.0,,1,0,0,158,0,0,0,371,0,200,0,0,158,0
Reid Herring,46557,QB,E CAROLINA,9,32.2,0,156,57.0,,60.0,0,0,0,0.0,0.0,,1,0,0,158,0,0,0,490,0,321,0,0,158,0
Mike Harley Jr.,61423,WR,MIAMI FL,13,43.2,0,220,59.3,,63.5,0,0,0,0.0,0.0,,0,0,0,158,0,0,0,366,0,208,0,0,158,0
Greg Campbell Jr.,48043,WR,UTSA,11,30.4,0,331,72.1,,58.5,0,0,0,0.0,0.0,,0,0,0,157,0,0,0,516,0,354,0,0,157,7
Brandon Childress,25888,WR,C MICHIGAN,12,37.2,0,134,48.0,,67.0,0,0,0,0.0,0.0,,1,0,0,157,0,0,0,422,0,265,0,0,157,1
Travon McMillian,45711,HB,COLORADO,12,25.3,0,143,71.3,65.9,41.4,0,2,99,28.8,30.3,97.0,0,4,2,157,0,0,0,620,112,370,0,0,45,0
Mohamed Ibrahim,55226,HB,MINNESOTA,10,30.6,0,225,81.3,70.7,65.7,1,3,95,40.4,40.4,97.9,1,4,0,156,0,0,0,509,101,250,0,0,55,0
Deondre Farrier,26165,WR,E CAROLINA,7,33.3,0,156,61.5,,67.8,0,0,0,0.0,0.0,,0,0,0,156,0,0,0,468,0,311,0,0,156,2
Jared Cornelius,47451,WR,ARKANSAS,11,37.4,0,111,53.6,62.1,73.5,0,0,1,0.4,0.4,100.0,2,0,0,156,0,0,0,417,1,262,0,0,155,0
Joe Reed,40221,WR,VIRGINIA,13,39.1,0,335,74.0,67.7,81.7,0,0,1,0.4,0.4,100.0,1,0,0,156,0,0,0,399,1,243,0,0,155,4
Moe Neal,39882,HB,SYRACUSE,13,33.8,0,304,74.3,78.1,59.2,0,3,90,38.8,40.9,98.3,0,3,0,156,0,0,0,461,104,254,0,0,52,1
Jeshaun Jones,84283,WR,MARYLAND,12,43.8,0,215,69.5,,56.9,0,0,0,0.0,0.0,,2,0,0,156,0,0,0,356,0,184,0,0,156,4
Marcus Rogers,78898,WR,GA SOUTHRN,13,84.8,0,174,56.9,,69.6,0,0,0,0.0,0.0,,1,0,0,156,0,0,0,184,0,28,0,0,156,0
Brennon Dingle,40202,WR,UMASS,12,36.5,0,216,55.6,,67.7,0,0,0,0.0,0.0,,0,0,0,155,0,0,0,425,0,266,0,0,155,1
Michael Woods II,84117,WR,ARKANSAS,11,45.9,0,111,60.8,,53.1,0,0,0,0.0,0.0,,0,0,0,155,0,0,0,338,0,183,0,0,155,0
Jeff Thomas,61425,WR,MIAMI FL,11,39.7,0,220,76.3,61.9,63.6,0,0,1,0.4,0.4,100.0,0,0,0,155,0,0,0,390,1,235,0,0,154,0
Kwadarrius Smith,47772,WR,AKRON,11,30.7,0,102,66.8,,62.6,0,0,0,0.0,0.0,,2,0,0,155,0,0,0,505,0,343,0,0,155,0
Aston Walter,29870,HB,RICE,12,52.7,0,275,63.5,82.5,60.2,0,5,127,65.1,63.7,98.0,0,5,0,155,0,0,0,294,130,204,0,0,25,0
Thomas Odukoya,77872,TE,E MICHIGAN,8,83.8,0,160,52.1,71.3,57.2,0,1,25,46.3,48.3,98.0,0,1,0,155,0,0,0,185,28,58,0,0,127,154
Kam Scott,84315,WR,MISSOURI,13,46.4,1,229,56.3,,68.0,0,0,0,0.0,0.0,,2,0,0,154,0,0,0,332,0,178,0,0,154,0
Luke Timian,47860,WR,INDIANA,9,32.8,0,190,67.5,,61.2,0,0,0,0.0,0.0,,0,0,0,154,0,0,0,469,0,315,0,0,154,1
A.J. Bush Jr.,60595,QB,ILLINOIS,10,28.8,0,187,74.4,,60.1,0,0,0,0.0,0.0,,6,0,0,154,0,0,0,534,0,273,0,0,154,0
Jerrod Heard,47635,WR,TEXAS,14,49.8,0,311,56.6,,56.9,0,0,0,0.0,0.0,,0,0,0,154,0,0,0,309,0,154,0,0,154,1
Dylan Drummond,78187,WR,E MICHIGAN,13,41.1,0,160,62.3,,63.5,0,0,0,0.0,0.0,,0,0,0,154,0,0,0,375,0,221,0,0,154,0
Kevin Mensah,55106,HB,UCONN,12,29.4,0,146,65.0,43.8,58.7,2,1,51,27.0,27.6,93.1,0,5,2,154,0,0,0,524,54,196,0,0,100,0
Qadree Ollison,45934,HB,PITTSBURGH,14,31.5,0,268,82.4,39.6,68.0,1,7,68,33.7,34.1,92.6,2,9,1,154,0,0,0,489,72,211,0,0,82,17
Demetric Felton Jr.,40568,WR,UCLA,12,37.1,0,324,56.5,,63.6,0,0,0,0.0,0.0,,1,0,0,154,0,0,0,415,0,256,0,0,154,16
Travis Homer,45859,HB,MIAMI FL,13,30.9,0,220,68.0,66.1,63.4,1,6,89,34.1,35.0,96.1,0,7,0,154,0,0,0,498,96,274,0,0,58,0
Jaylen Larry,52100,C,UMASS,9,100.0,0,216,39.2,25.3,45.4,2,1,81,100.0,100.0,98.1,0,3,0,154,154,0,0,154,88,88,0,0,66,0
Ray Marten,42132,TE,BOSTON COL,11,69.4,0,121,55.3,72.9,60.1,0,0,6,8.3,8.1,100.0,2,0,0,154,0,0,0,222,6,74,0,0,148,89
Reagan Roberson,60972,TE,NEVADA,13,88.4,0,239,60.3,59.5,56.6,1,1,20,50.0,50.0,95.0,2,2,0,153,0,0,11,173,20,40,0,8,133,121
T.J. Simmons,47741,WR,W VIRGINIA,12,38.3,0,343,58.2,,74.6,0,0,0,0.0,0.0,,2,0,0,153,0,0,0,400,0,247,0,0,153,0
Elijah Moore,84302,WR,OLE MISS,12,38.0,0,226,71.0,,63.4,0,0,0,0.0,0.0,,0,0,0,153,0,0,0,403,0,248,0,0,153,0
Nelson Smith,57075,FB,NAVY,13,64.8,0,237,48.9,51.7,65.3,0,2,25,83.3,83.9,92.0,0,3,1,153,0,0,0,236,26,31,0,0,127,0
Cody Markel,40447,TE,VANDERBILT,12,81.8,0,333,51.6,75.8,53.2,0,0,26,44.8,43.3,100.0,1,0,0,153,0,0,0,187,26,60,0,0,127,180
Alex Neering,26218,T,C MICHIGAN,3,100.0,0,134,45.3,59.3,44.0,0,5,77,100.0,100.0,96.8,1,5,0,152,0,0,0,152,79,79,0,152,73,0
Hutch White,41208,WR,TEXAS ST,12,44.1,0,314,73.2,,70.6,0,0,0,0.0,0.0,,0,0,0,152,0,0,0,345,0,192,0,0,152,2
Benny LeMay,57184,HB,CHARLOTTE,12,26.8,0,136,73.7,72.0,54.4,1,2,96,36.5,36.1,96.4,2,5,2,152,0,0,0,567,101,280,0,0,51,0
Lexington Thomas,45774,HB,UNLV,12,27.0,0,325,64.5,26.0,53.4,4,7,82,30.1,32.2,92.1,1,12,1,152,0,0,0,562,92,286,0,0,60,0
Michael Story,46138,G,MISS STATE,9,100.0,0,227,55.9,60.1,56.3,0,3,53,100.0,100.0,97.2,1,3,0,152,0,152,0,152,56,56,0,0,96,0
Dominic Stampley,84214,WR,ILLINOIS,11,53.5,1,187,63.9,,72.9,0,0,0,0.0,0.0,,2,0,0,152,0,0,0,284,0,130,0,0,152,0
Donta Thompson,47770,TE,TEXAS TECH,12,64.7,0,315,49.7,61.7,56.2,0,0,23,23.0,25.2,100.0,4,0,0,152,0,0,1,235,28,111,0,0,124,190
Brandon Polk,45342,WR,PENN STATE,9,46.9,0,266,53.2,,54.7,0,0,0,0.0,0.0,,2,0,0,152,0,0,0,324,0,172,0,0,152,0
Noah Barnes,42031,TE,MARYLAND,12,92.7,0,215,54.9,70.5,53.0,0,0,4,26.7,25.0,100.0,1,0,0,152,0,0,2,164,4,16,0,3,148,150
Britton Abbott,29760,FB,OKLA STATE,13,77.8,0,262,52.9,64.3,51.7,0,3,44,53.0,52.2,96.6,1,3,0,151,0,0,0,194,47,90,0,1,104,29
Tyleek Collins,84467,WR,UNLV,12,38.5,0,325,69.3,,62.7,0,0,0,0.0,0.0,,1,0,0,151,0,0,0,392,0,228,0,0,151,0
Josh Falo,61055,TE,USC,9,63.2,0,326,47.7,52.8,43.9,1,1,32,28.6,27.3,96.9,1,2,0,151,0,0,0,239,33,121,0,0,118,196
Kendrick Edwards,38284,WR,ARK STATE,10,49.2,0,113,54.6,,57.3,0,0,0,0.0,0.0,,2,0,0,151,0,0,0,307,0,156,0,0,151,0
Cam Akers,57206,HB,FLORIDA ST,12,27.9,0,167,64.1,86.4,72.3,0,3,105,33.4,33.6,98.6,2,3,0,150,0,0,0,537,113,336,0,0,37,0
RB Marlow III,78152,WR,BOWL GREEN,9,33.1,0,122,63.0,,60.0,0,0,0,0.0,0.0,,2,0,0,150,0,0,0,453,0,302,0,0,150,4
Tristan Wyatt,46059,G,TULSA,4,100.0,0,320,68.3,50.5,70.2,0,3,63,100.0,100.0,96.0,0,4,1,150,0,149,1,150,66,66,0,0,84,0
Aaron Frost,82350,T,NEVADA,6,100.0,1,239,29.0,28.6,52.8,2,5,78,100.0,100.0,95.5,7,7,0,150,0,0,2,150,80,80,0,148,70,0
Keynan Foster,40670,WR,UTEP,12,43.1,0,330,61.9,,63.0,0,0,0,0.0,0.0,,1,0,0,150,0,0,0,348,0,193,0,0,150,0
Lee Morris,35005,WR,OKLAHOMA,14,44.4,0,261,70.7,65.4,68.1,0,0,1,0.5,1.1,100.0,2,0,0,150,0,0,0,338,2,190,0,0,148,3
Austin Mack,28070,WR,OHIO STATE,8,43.0,0,260,72.4,62.6,78.6,0,0,0,0.0,0.5,,1,0,0,150,0,0,0,349,1,200,0,0,149,0
Hezekiah Jones,61717,WR,TEXAS A&M,9,47.0,0,312,55.4,,60.4,0,0,0,0.0,0.0,,1,0,0,150,0,0,0,319,0,169,0,0,150,0
Kai Locksley,34333,QB,UTEP,9,34.0,0,330,51.2,,60.9,0,0,0,0.0,0.0,,3,0,0,150,0,0,0,441,0,212,0,0,150,0
Michael Warren II,55076,HB,CINCINNATI,12,22.6,1,138,74.6,89.0,66.2,0,0,59,19.3,19.3,100.0,2,0,0,149,0,0,0,658,62,322,0,0,87,1
Andrew Smith Jr.,81873,C,UAB,4,100.0,0,321,63.3,70.7,59.5,1,1,79,100.0,100.0,97.5,0,3,1,149,148,0,0,149,80,80,0,0,69,0
Jonathan Adams Jr.,61148,WR,ARK STATE,13,44.0,0,113,61.1,,70.2,0,0,0,0.0,0.0,,0,0,0,149,0,0,0,339,0,190,0,0,149,0
Eleasah Anderson,58526,T,BAYLOR,4,100.0,0,118,62.7,65.4,58.5,1,5,89,100.0,100.0,96.6,1,6,0,149,0,5,144,149,93,93,0,0,56,0
Josh Pederson,39861,TE,LA MONROE,10,62.9,0,209,64.4,64.5,61.0,0,1,28,25.0,24.1,98.2,1,1,0,149,0,0,3,237,28,116,0,0,121,222
Randle Jones,42142,WR,TEMPLE,11,47.0,0,306,70.6,,66.3,0,0,0,0.0,0.0,,1,0,0,149,0,0,0,317,0,168,0,0,149,0
Marcus Minor,59831,T,MARYLAND,3,100.0,0,215,49.2,37.2,52.9,2,3,71,100.0,100.0,95.1,0,6,1,149,0,0,119,149,76,76,0,27,73,3
Kerr Johnson Jr.,61345,WR,KANSAS,10,38.4,0,198,61.5,,69.8,0,0,0,0.0,0.0,,3,0,0,149,0,0,0,388,0,238,0,0,149,0
Fred Trevillion,61628,WR,S DIEGO ST,12,42.7,1,284,74.1,,70.5,0,0,0,0.0,0.0,,2,0,0,149,0,0,0,349,0,196,0,0,149,4
A.J. Ouellette,45974,HB,OHIO,13,29.8,0,259,89.1,55.6,66.8,0,4,83,40.7,39.3,94.0,0,7,3,148,0,0,0,497,88,224,0,0,60,0
Luke Martin,77525,T,BALL ST,3,100.0,0,117,65.0,64.7,62.7,1,3,89,100.0,100.0,96.6,0,5,1,148,0,20,127,148,92,92,0,0,56,1
Chaton Mobley,57982,HB,MIDDLE TN,11,34.3,0,224,75.3,62.2,61.3,0,5,77,33.5,35.0,94.2,1,7,2,148,0,0,0,432,85,243,0,0,63,12
Jason Shelley,60581,QB,UTAH,9,37.7,0,328,67.9,,60.1,0,0,0,0.0,0.0,,0,0,0,148,0,0,0,393,0,200,0,0,148,0
Colton Beebe,27381,TE,MINNESOTA,13,95.5,0,225,90.2,76.2,81.8,0,0,17,77.3,76.0,100.0,1,0,0,148,0,0,0,155,19,25,0,0,129,151
Tavonn Salter,61451,WR,MIDDLE TN,7,40.2,0,224,54.6,,66.5,0,0,0,0.0,0.0,,0,0,0,147,0,0,0,366,0,219,0,0,147,0
Jake Luton,17287,QB,OREGON ST,8,35.8,0,265,79.1,,60.0,0,0,0,0.0,0.0,,0,0,0,147,0,0,0,411,0,255,0,0,147,0
Tony Gaiter IV,47627,WR,FIU,13,43.8,0,166,69.2,,55.9,0,0,0,0.0,0.0,,0,0,0,147,0,0,0,336,0,189,0,0,147,2
Tre Watson,45730,HB,TEXAS,14,26.3,0,311,67.7,59.6,57.6,2,3,82,27.8,28.5,97.0,0,5,0,146,0,0,0,556,87,305,0,0,59,0
Devaughn Cooper,41966,WR,ARIZONA,12,44.0,0,109,67.2,,64.6,0,0,0,0.0,0.0,,0,0,0,146,0,0,0,332,0,186,0,0,146,0
Reggie Corbin,26692,HB,ILLINOIS,12,34.4,0,187,84.6,81.5,60.0,2,1,51,27.0,26.9,97.1,1,3,0,146,0,0,0,424,56,208,0,0,90,0
J.J. Arcega-Whiteside,35014,WR,STANFORD,12,27.8,0,300,90.3,,75.4,0,0,0,0.0,0.0,,1,0,0,146,0,0,0,525,0,379,0,0,146,2
Riley Locklear,62959,G,TENNESSEE,6,100.0,0,307,55.8,61.5,53.3,0,1,54,100.0,100.0,99.1,0,1,0,146,18,96,0,146,61,61,32,0,85,0
Steven Claude,39250,WR,WAKE,9,61.9,0,339,55.9,,63.2,0,0,0,0.0,0.0,,0,0,0,146,0,0,0,236,0,90,0,0,146,0
Jahrvis Davenport,48277,WR,MARYLAND,11,51.8,0,215,51.8,,59.1,0,0,0,0.0,0.0,,1,0,0,146,0,0,0,282,0,136,0,0,146,0
Seth Collins,47812,WR,TEXAS TECH,12,32.8,0,315,63.1,,74.9,0,0,0,0.0,0.0,,2,0,0,146,0,0,0,445,0,298,0,0,146,1
Stone Miller,42761,T,AIR FORCE,4,100.0,2,101,57.6,43.5,60.6,1,1,22,100.0,100.0,90.9,2,3,1,146,0,0,142,146,25,25,0,4,121,0
Ty Watkins,41169,TE,MIDDLE TN,14,92.9,0,224,53.4,61.5,52.5,0,0,19,63.3,65.6,94.7,0,1,1,145,0,0,0,156,21,32,4,0,124,60
Corey Lersch,42568,TE,N ILLINOIS,11,77.0,0,254,62.5,72.5,56.2,0,1,19,32.2,33.8,97.4,1,1,0,144,0,0,0,187,22,65,0,0,122,135
Deshaunte Jones,47495,WR,IOWA STATE,13,37.6,0,193,65.6,,70.1,0,0,0,0.0,0.0,,1,0,0,144,0,0,0,383,0,239,0,0,144,2
Adrian Killins Jr.,42425,HB,UCF,13,36.7,0,323,73.3,67.8,60.6,0,3,85,47.0,47.7,95.9,0,5,2,144,0,1,0,392,92,193,0,0,52,0
Ross Comis,46584,QB,UMASS,11,32.4,0,216,72.9,,60.0,0,0,0,0.0,0.0,,0,0,0,144,0,0,0,445,0,262,0,0,144,0
Darius Bradwell,46445,HB,TULANE,13,33.6,0,319,80.2,77.8,54.8,0,2,79,50.3,50.6,97.5,1,3,1,144,0,0,0,429,85,168,0,0,59,0
Shawn Robinson,60551,QB,TCU,7,34.7,0,305,60.8,,60.3,0,0,0,0.0,0.0,,0,0,0,144,0,0,0,415,0,234,0,0,144,0
J.K. Dobbins,57366,HB,OHIO STATE,14,23.3,0,260,77.4,63.3,76.5,0,3,87,27.7,28.6,98.3,0,3,0,144,0,0,0,618,96,336,0,0,48,0
Garret Lewis,34733,QB,NAVY,10,45.1,0,237,38.3,,60.0,0,0,0,0.0,0.0,,1,0,0,144,0,0,0,319,0,90,0,0,144,0
Devin Gentry,39997,WR,GA STATE,12,39.9,0,175,59.2,,47.5,0,0,0,0.0,0.0,,0,0,0,144,0,0,0,361,0,211,0,0,144,0
Eno Benjamin,57136,HB,ARIZONA ST,13,18.6,0,110,88.3,41.4,74.5,3,3,67,17.7,17.9,92.5,2,8,2,144,0,0,0,775,71,397,0,0,73,0
Tray Eafford,39907,WR,TROY,12,47.8,0,318,62.5,,54.2,0,0,0,0.0,0.0,,1,0,0,144,0,0,0,301,0,153,0,0,144,0
Willie Allen,41910,T,LA TECH,6,100.0,0,208,58.8,57.1,57.8,1,3,66,100.0,100.0,95.5,0,5,1,144,0,0,25,144,70,70,0,118,74,1
Felton Davis,48087,WR,MICH STATE,7,35.0,0,223,73.9,,60.6,0,0,0,0.0,0.0,,0,0,0,143,0,0,0,408,0,263,0,0,143,0
Cameron Cole,40996,WR,C MICHIGAN,12,37.9,0,134,56.4,,63.1,0,0,0,0.0,0.0,,3,0,0,143,0,0,0,377,0,234,0,0,143,0
Devante Peete,47963,WR,LOUISVILLE,11,35.3,1,210,58.8,,67.9,0,0,0,0.0,0.0,,2,0,0,143,0,0,0,405,0,262,0,0,143,0
Tyquan Thornton,78092,WR,BAYLOR,13,46.9,0,118,69.0,,57.5,0,0,0,0.0,0.0,,1,0,0,143,0,0,0,305,0,160,0,0,143,0
Tykee Ogle-Kellogg,84493,WR,UTSA,11,35.7,0,331,56.7,,73.3,0,0,0,0.0,0.0,,2,0,0,143,0,0,0,401,0,258,0,0,143,9
Carter Ware,61032,TE,TCU,13,86.1,0,305,46.1,78.1,46.8,0,0,18,45.0,43.9,100.0,1,0,0,143,0,0,0,166,18,41,0,0,125,112
Rico Arnold,84529,WR,CHARLOTTE,11,49.5,0,136,66.7,,69.3,0,0,0,0.0,0.0,,2,0,0,143,0,0,0,289,0,145,0,0,143,0
Seth Dawkins,48176,WR,LOUISVILLE,11,38.0,0,210,66.1,,68.2,0,0,0,0.0,0.0,,0,0,0,143,0,0,0,376,0,233,0,0,143,0
Camrin Knight,36052,TE,GA STATE,8,68.3,1,175,46.5,56.8,45.9,0,2,24,27.6,27.5,95.8,1,2,0,142,0,0,3,208,25,91,0,0,117,145
CJ Lewis,61173,WR,BOSTON COL,12,61.7,1,121,58.4,,68.3,0,0,0,0.0,0.0,,2,0,0,142,0,0,0,230,0,88,0,0,142,10
Trevor Elbert,37342,T,UCF,7,100.0,0,323,61.3,64.5,58.7,0,0,49,100.0,100.0,100.0,0,0,0,142,0,0,138,142,54,54,0,0,88,4
Malik Rosier,46550,QB,MIAMI FL,8,38.6,0,220,59.4,,60.6,0,0,0,0.0,0.0,,2,0,0,142,0,0,0,368,0,195,0,0,142,0
Aaron Hackett,61027,TE,SYRACUSE,13,78.3,0,304,65.7,67.4,51.8,0,1,17,31.5,31.6,97.1,1,1,0,141,0,0,1,180,18,57,0,2,123,153
Juwann Winfree,38275,WR,COLORADO,8,33.3,0,143,67.7,,79.4,0,0,0,0.0,0.0,,1,0,0,141,0,0,0,424,0,283,0,0,141,0
Deric Phouthavong,48312,WR,BOWL GREEN,5,41.7,0,122,64.7,,56.3,0,0,0,0.0,0.0,,2,0,0,141,0,0,0,338,0,197,0,0,141,0
Alijah Vera-Tucker,57107,G,USC,9,100.0,0,326,65.6,81.5,60.8,1,0,76,100.0,100.0,99.3,0,1,0,141,0,0,0,141,80,80,139,0,61,1
Cheyenne O'Grady,36344,TE,ARKANSAS,10,40.4,3,111,79.7,51.4,56.9,2,0,21,9.5,10.0,95.2,5,2,0,141,0,0,5,349,23,231,0,0,118,205
Nic Weishar,47073,TE,NOTRE DAME,13,63.3,0,258,58.4,77.7,65.4,0,0,21,21.4,21.4,100.0,0,0,0,140,0,0,0,221,22,103,0,0,118,140
Derrick Gore,32342,HB,LA MONROE,12,33.3,0,209,73.0,61.9,69.0,2,2,70,32.7,33.6,97.1,0,4,0,140,0,0,0,420,75,223,0,0,65,0
Alonzo Smith,45702,HB,MIAMI OH,11,39.5,0,221,80.4,77.9,52.2,0,4,106,60.6,60.1,97.2,0,5,1,140,0,0,0,354,110,183,0,0,30,0
Terry Wright,61603,WR,PURDUE,13,32.9,1,273,65.3,,74.4,0,0,0,0.0,0.0,,2,0,0,140,0,0,0,426,0,285,0,0,140,0
Patrick Laird,28219,HB,CAL,13,18.8,0,130,68.8,57.2,51.5,1,5,57,13.8,13.7,93.0,1,7,1,140,0,0,0,746,60,439,0,0,80,0
Jordan Nathan,42039,WR,UTAH ST,12,40.7,0,329,64.8,,53.4,0,0,0,0.0,0.0,,0,0,0,140,0,0,0,344,0,203,0,0,140,1
Kavious Price,26943,WR,KENT STATE,11,40.8,0,201,53.0,,62.0,0,0,0,0.0,0.0,,2,0,0,140,0,0,0,343,0,201,0,0,140,0
Kilton Anderson,27546,QB,COAST CAR,9,40.9,0,141,73.5,,60.1,0,0,0,0.0,0.0,,4,0,0,140,0,0,0,342,0,162,0,0,140,0
K.C. Crosby,47488,TE,S CAROLINA,12,48.1,1,289,53.2,66.4,52.0,0,0,21,12.8,13.2,100.0,2,0,0,140,0,0,0,291,23,174,0,0,117,143
Jay Griffin IV,40574,WR,NEW MEXICO,12,44.2,0,241,56.9,30.9,50.1,0,0,0,0.0,0.0,,0,0,0,140,0,0,0,317,0,176,0,0,140,0
Isaiah Smalls,84035,TE,OREGON ST,12,56.5,0,265,57.7,75.0,64.0,0,0,30,22.1,22.5,100.0,0,0,0,139,0,0,0,246,31,138,0,0,108,184
Mason Hays,40111,WR,TEXAS ST,12,50.7,0,314,62.2,,73.2,0,0,0,0.0,0.0,,1,0,0,139,0,0,0,274,0,135,0,0,139,2
Siaosi Mariner,84476,WR,UTAH,12,44.0,0,328,58.8,,61.6,0,0,0,0.0,0.0,,0,0,0,139,0,0,0,316,0,177,0,0,139,0
Tahj Deans,40737,WR,E CAROLINA,11,33.8,0,156,57.4,,68.2,0,0,0,0.0,0.0,,0,0,0,139,0,0,0,411,0,272,0,0,139,0
Myron Gailliard,47624,WR,SMU,12,34.6,0,287,54.0,,68.4,0,0,0,0.0,0.0,,0,0,0,139,0,0,0,402,0,263,0,0,139,0
Wilson Huber,55090,TE,CINCINNATI,11,92.6,0,138,60.5,72.5,63.8,0,0,7,38.9,38.9,100.0,2,0,0,138,0,0,0,149,7,18,0,0,131,111
Kylar Cooks,81866,T,TEXAS ST,6,100.0,0,314,29.5,9.0,38.6,1,9,65,100.0,100.0,89.2,2,12,2,138,0,0,102,138,66,66,0,36,72,0
Jerron Rollins,47692,WR,CINCINNATI,13,78.4,1,138,50.4,,56.4,0,0,0,0.0,0.0,,2,0,0,138,0,0,0,176,0,38,0,0,138,14
Alexander Mattison,45817,HB,BOISE ST,13,18.6,0,120,81.4,47.4,61.3,3,5,90,24.0,23.8,94.4,0,9,1,138,0,0,0,743,92,386,0,0,46,0
Sloan Spiller,30531,TE,LA MONROE,6,64.5,0,209,65.4,75.3,56.1,0,0,32,30.2,31.5,100.0,3,0,0,138,0,0,2,214,35,111,0,0,103,212
Terry Juniel,47519,WR,UTEP,12,36.9,0,330,61.1,63.5,56.3,0,0,1,0.4,0.4,100.0,0,0,0,137,0,0,0,371,1,234,0,0,136,5
Bailey Ivemeyer,36720,T,GA TECH,7,100.0,0,176,52.7,55.9,60.1,0,2,33,100.0,100.0,93.9,3,3,1,137,0,0,16,137,36,36,0,113,101,8
Dominique Maiden,61816,WR,W VIRGINIA,12,49.1,0,343,58.6,,69.9,0,0,0,0.0,0.0,,0,0,0,137,0,0,0,279,0,142,0,0,137,0
Cole Novak,47085,TE,TCU,8,74.9,0,305,49.7,66.0,49.0,0,2,22,32.4,32.4,95.5,0,2,0,137,0,0,0,183,22,68,0,0,115,145
Alec Lindstrom,58532,C,BOSTON COL,3,100.0,0,121,57.6,84.4,53.6,0,0,45,100.0,100.0,100.0,0,0,0,136,135,0,0,136,47,47,0,0,89,0
Will Mallory,77888,TE,MIAMI FL,10,74.3,0,220,59.2,77.5,51.9,0,0,13,22.0,24.2,100.0,0,0,0,136,0,0,0,183,15,62,0,0,121,138
James Gilbert,45836,HB,BALL ST,11,28.4,0,117,68.3,67.2,51.2,2,5,83,31.4,31.3,94.6,0,8,1,136,0,0,0,479,86,275,0,0,50,1
Judah Bell,61633,WR,SMU,11,30.6,0,287,53.6,62.1,83.1,0,0,1,0.3,0.3,100.0,0,0,0,136,0,0,0,444,1,309,0,0,135,0
Camron Buckley,61716,WR,TEXAS A&M,13,31.6,1,312,68.1,,64.1,0,0,0,0.0,0.0,,2,0,0,136,0,0,0,431,0,295,0,0,136,0
Trevion Thompson,47596,WR,CLEMSON,15,41.4,0,140,60.2,63.9,56.6,0,0,1,0.5,0.5,100.0,0,0,0,135,0,0,0,326,1,192,0,0,134,0
Winston Dimel,47011,FB,UTEP,6,75.4,0,330,57.8,70.7,60.0,0,1,13,25.5,24.5,96.2,0,1,0,135,0,0,0,179,13,53,0,0,122,31
Gunnar Oakes,60885,TE,E MICHIGAN,11,50.0,0,160,59.9,56.4,51.4,0,0,18,12.3,12.3,100.0,0,0,0,135,0,0,0,270,19,154,0,0,116,137
Nico Evans,30864,HB,WYOMING,10,30.1,0,351,82.5,70.4,56.8,0,1,50,32.9,34.8,97.0,1,2,1,134,0,0,0,445,56,161,0,0,78,0
Royce Newman,41746,T,OLE MISS,10,99.3,0,226,57.4,86.5,49.9,0,0,53,98.1,98.4,100.0,1,0,0,134,0,0,74,135,60,61,0,53,74,8
Leroy Henley,61229,WR,E CAROLINA,12,31.0,0,156,51.2,,43.1,0,0,0,0.0,0.0,,0,0,0,134,0,0,0,432,0,298,0,0,134,1
Devine Ozigbo,45903,HB,NEBRASKA,12,25.8,0,238,82.5,34.6,52.6,2,2,48,18.0,18.4,95.8,0,4,0,134,0,0,0,520,51,277,0,0,83,1
Warren Jackson,52050,WR,COLO STATE,10,27.1,0,144,64.2,,59.0,0,0,0,0.0,0.0,,0,0,0,134,0,0,0,495,0,361,0,0,134,1
Darrell Langham,48234,WR,MIAMI FL,12,45.7,0,220,61.4,,64.4,0,0,0,0.0,0.0,,0,0,0,134,0,0,0,293,0,159,0,0,134,2
Terrace Marshall Jr.,84271,WR,LSU,13,49.3,0,211,61.2,,56.1,0,0,0,0.0,0.0,,0,0,0,134,0,0,0,272,0,138,0,0,134,2
Braylon Sanders,61457,WR,OLE MISS,10,40.9,0,226,61.5,,63.0,0,0,0,0.0,0.0,,0,0,0,134,0,0,0,328,0,194,0,0,134,0
Shaq Vann,28243,HB,E MICHIGAN,11,32.5,0,160,67.8,50.0,62.5,1,6,80,37.7,37.7,93.1,1,9,2,134,0,0,0,412,86,228,0,0,48,0
Justyn Ross,78021,WR,CLEMSON,15,38.8,0,140,91.4,,64.8,0,0,0,0.0,0.0,,0,0,0,133,0,0,0,343,0,210,0,0,133,0
Terrell Jana,62782,WR,VIRGINIA,12,48.0,0,335,63.0,,83.6,0,0,0,0.0,0.0,,0,0,0,133,0,0,0,277,0,143,0,0,133,0
Tavares Thomas,57981,HB,MIDDLE TN,12,30.6,0,224,68.5,58.3,60.1,0,1,24,10.1,10.9,97.9,1,1,0,133,0,1,6,435,27,247,2,3,106,31
Jerome Washington,38277,TE,RUTGERS,6,48.9,1,278,62.8,39.0,61.7,0,1,13,9.0,8.6,96.2,1,1,0,133,0,0,2,272,13,152,0,0,120,145
M.J. Rivers II,82129,QB,ILLINOIS,8,44.1,0,187,68.2,,60.0,0,0,0,0.0,0.0,,0,0,0,132,0,0,0,299,0,141,0,0,132,0
Evan Shirreffs,46552,QB,CHARLOTTE,6,48.5,0,136,63.3,,60.5,0,0,0,0.0,0.0,,4,0,0,132,0,0,0,272,0,135,0,0,132,0
Derion Kendrick,78022,WR,CLEMSON,14,45.5,0,140,62.0,,62.0,0,0,0,0.0,0.0,,2,0,0,132,0,0,0,290,0,152,0,0,132,1
Nate Stewart,61099,WR,AKRON,10,35.3,0,102,58.1,,71.4,0,0,0,0.0,0.0,,0,0,0,132,0,0,0,374,0,242,0,0,132,0
Romello Ross,34263,HB,C MICHIGAN,8,43.3,0,134,67.3,78.0,54.9,0,0,71,45.5,47.5,98.6,1,1,1,132,0,0,0,305,77,162,0,0,55,0
Patrick Reed,48026,WR,NEW MEXICO,11,52.0,0,241,53.6,,74.5,0,0,0,0.0,0.0,,1,0,0,132,0,0,0,254,0,116,0,0,132,0
Stanley Berryhill III,61128,WR,ARIZONA,12,46.8,0,109,62.8,,53.8,0,0,0,0.0,0.0,,0,0,0,131,0,0,0,280,0,149,0,0,131,0
Jacob Todora,41465,G,SMU,4,100.0,0,287,64.8,69.3,62.7,2,3,72,100.0,100.0,96.5,1,5,0,131,0,40,0,131,77,77,90,0,54,0
Monteo Garrett,28414,HB,GA SOUTHRN,12,49.6,0,174,72.3,59.2,55.2,0,1,6,13.3,12.8,91.7,1,1,0,131,0,0,0,264,6,47,0,0,125,3
Stephen Dolphus,42103,WR,GA TECH,8,93.6,0,176,70.4,23.0,69.0,0,0,2,18.2,18.2,100.0,0,0,0,131,0,0,5,140,2,11,0,12,129,1
Dennis Robinson,61540,WR,N ILLINOIS,14,41.6,0,254,55.8,,61.4,0,0,0,0.0,0.0,,1,0,0,131,0,0,0,315,0,184,0,0,131,0
Jermar Jefferson,83740,HB,OREGON ST,12,24.0,0,265,80.9,63.4,51.7,0,5,100,37.5,38.1,94.5,1,8,3,131,0,0,0,545,106,278,0,0,25,0
Osiris St. Brown,52279,WR,STANFORD,13,60.9,0,300,67.9,,72.8,0,0,0,0.0,0.0,,0,0,0,131,0,0,0,215,0,84,0,0,131,1
Beau Corrales,61513,WR,N CAROLINA,8,40.6,0,245,59.2,,71.4,0,0,0,0.0,0.0,,0,0,0,131,0,0,0,323,0,192,0,0,131,0
Josh Vann,84414,WR,S CAROLINA,13,46.1,0,289,53.3,,62.0,0,0,0,0.0,0.0,,0,0,0,131,0,0,0,284,0,153,0,0,131,0
Jacquis Webb,26937,T,BUFFALO,8,100.0,0,126,64.2,70.8,60.7,0,2,37,100.0,100.0,97.3,0,2,0,130,0,0,39,130,42,42,0,88,88,2
D.K. Metcalf,47864,WR,OLE MISS,7,37.8,0,226,71.9,,64.6,0,0,0,0.0,0.0,,5,0,0,130,0,0,0,344,0,214,0,0,130,0
Cordale Grundy,83586,QB,UTSA,9,30.4,0,331,73.2,,60.4,0,0,0,0.0,0.0,,3,0,0,130,0,0,0,428,0,268,0,0,130,0
Tyler Watts,13089,WR,TEXAS ST,12,45.1,0,314,62.9,,65.0,0,0,0,0.0,0.0,,0,0,0,130,0,0,0,288,0,155,0,0,130,0
Trent Thompson,84074,TE,UTEP,10,86.7,0,330,59.8,72.6,58.7,1,0,32,61.5,62.3,98.4,0,1,0,130,0,0,0,150,33,53,0,0,97,45
Devin Singletary,40485,HB,FAU,12,21.2,0,165,88.2,90.0,58.5,1,1,71,25.8,26.4,98.6,3,2,0,130,0,0,0,612,76,288,0,0,54,0
Khari Blasingame,44889,HB,VANDERBILT,13,33.2,0,333,68.7,58.7,60.4,0,4,93,37.3,38.2,96.8,0,5,1,130,0,0,0,391,102,267,0,0,28,15
Marquis Young,45950,HB,UMASS,11,28.1,0,216,71.0,70.5,56.7,1,1,75,31.4,31.1,98.7,0,2,0,130,0,0,0,463,79,254,0,0,51,3
Fred Cooper,55821,FB,ARMY,4,82.2,1,114,60.8,58.0,60.7,1,0,3,21.4,21.4,83.3,2,1,0,129,0,0,0,157,3,14,0,0,126,108
Markis McCray,27009,WR,LA MONROE,12,34.7,0,209,58.6,,55.7,0,0,0,0.0,0.0,,1,0,0,129,0,0,0,372,0,230,0,0,129,0
Steven Duncan,40211,QB,W KENTUCKY,9,31.7,0,346,57.7,,60.1,0,0,0,0.0,0.0,,2,0,0,129,0,0,0,407,0,233,0,0,129,0
JaMycal Hasty,25582,HB,BAYLOR,11,39.1,0,118,76.1,66.1,69.8,1,6,93,44.9,44.9,96.2,0,7,0,129,0,0,0,330,96,214,0,0,33,0
Mitchell Guadagni,34779,QB,TOLEDO,7,38.2,0,316,75.6,81.4,60.1,0,0,2,1.1,1.1,100.0,0,0,0,129,0,0,0,338,2,188,0,0,127,0
Austin Troxell,58516,T,AUBURN,8,100.0,0,115,64.1,85.7,59.5,0,0,32,100.0,100.0,96.9,1,1,1,129,0,0,16,129,33,33,48,64,96,1
Tyler Vitt,83566,QB,TEXAS ST,9,30.3,0,314,61.3,,60.2,0,0,0,0.0,0.0,,0,0,0,128,0,0,0,422,0,239,0,0,128,0
Kanawai Noa,47501,WR,CAL,8,34.0,0,130,64.0,,45.6,0,0,0,0.0,0.0,,0,0,0,128,0,0,0,376,0,248,0,0,128,0
Austin Williams,61463,WR,MISS STATE,13,51.6,0,227,60.8,,50.5,0,0,0,0.0,0.0,,0,0,0,128,0,0,0,248,0,120,0,0,128,0
Kyric McGowan,61544,WR,NWESTERN,14,37.5,0,256,58.6,,65.4,0,0,0,0.0,0.0,,2,0,0,128,0,0,0,341,0,210,0,0,128,0
Austin Kelly,45620,FB,IOWA,11,80.5,0,192,54.6,39.9,58.6,1,1,17,41.5,40.5,88.2,0,3,1,128,0,0,0,159,17,42,0,0,111,0
Clyde McCauley III,36930,G,KANSAS,9,100.0,0,198,58.1,86.2,53.3,0,1,63,100.0,100.0,99.2,1,1,0,128,0,111,11,128,67,67,0,6,61,0
David O'Meara,83967,TE,FIU,7,88.8,0,166,47.4,66.6,49.7,0,1,18,52.9,55.6,97.2,0,1,0,127,0,0,0,143,20,36,0,0,107,142
Justin Holmes,48231,WR,S JOSE ST,9,38.8,0,285,57.8,,70.2,0,0,0,0.0,0.0,,0,0,0,127,0,0,0,327,0,200,0,0,127,0
Tutu Atwell,77965,WR,LOUISVILLE,12,26.4,0,210,56.9,,53.1,0,0,0,0.0,0.0,,2,0,0,127,0,0,0,481,0,354,0,0,127,0
Anu Somoye,27629,WR,NEW MEXICO,11,55.2,0,241,58.5,,68.3,0,0,0,0.0,0.0,,0,0,0,127,0,0,0,230,0,103,0,0,127,0
Charlie Fessler,27947,WR,NWESTERN,13,46.4,0,256,55.2,,50.6,0,0,0,0.0,0.0,,0,0,0,127,0,0,0,274,0,147,0,0,127,16
Tyler Page,61631,WR,SMU,11,39.3,0,287,62.7,,57.8,0,0,0,0.0,0.0,,0,0,0,127,0,0,0,323,0,196,0,0,127,1
Isaiah Woullard,57305,HB,OLE MISS,12,42.6,0,226,72.9,65.2,51.9,1,3,91,52.3,53.2,97.8,0,4,0,127,0,0,0,298,99,186,0,0,28,0
Mykel Traylor-Bennett,47363,WR,AKRON,12,35.9,1,102,51.2,,56.9,0,0,0,0.0,0.0,,3,0,0,126,0,0,0,351,0,218,0,0,126,0
Brendan O'Leary-Orange,34920,WR,NEVADA,11,38.8,0,239,57.3,,63.0,0,0,0,0.0,0.0,,0,0,0,126,0,0,0,325,0,199,0,0,126,0
Cole Tucker,61537,WR,N ILLINOIS,13,39.5,1,254,56.8,,59.1,0,0,0,0.0,0.0,,1,0,0,126,0,0,0,319,0,193,0,0,126,0
Josh Mueller,41280,G,IOWA STATE,2,100.0,0,193,51.2,25.4,56.2,0,4,73,100.0,100.0,97.3,1,4,0,126,0,126,0,126,76,76,0,0,50,0
Ty Johnson,45769,HB,MARYLAND,9,45.8,0,215,70.6,63.2,55.3,0,2,33,30.6,30.5,97.0,0,2,0,126,0,0,0,275,36,118,0,0,90,15
Jarion Anderson,47703,WR,TULSA,12,37.1,0,320,59.6,,55.6,0,0,0,0.0,0.0,,0,0,0,125,0,0,0,337,0,212,0,0,125,0
Napoleon Maxwell,28508,HB,FIU,13,33.2,0,166,70.7,59.2,54.6,2,5,59,33.1,33.5,94.1,0,7,0,125,0,0,0,376,62,185,0,0,63,0
Austin Dorris,47305,TE,INDIANA,11,67.6,0,190,52.7,70.5,55.3,0,0,20,26.7,28.6,100.0,0,0,0,125,0,0,0,185,24,84,0,0,101,129
Tyrrell Pigrome,46511,QB,MARYLAND,11,47.7,0,215,66.0,,60.0,0,0,0,0.0,0.0,,0,0,0,125,0,0,0,262,0,101,0,0,125,0
Taysir Mack,41635,WR,PITTSBURGH,12,33.5,0,268,69.2,,63.3,0,0,0,0.0,0.0,,0,0,0,125,0,0,0,373,0,247,0,0,125,0
Zeke Powell,60058,T,S ALABAMA,4,100.0,0,288,51.3,29.7,57.3,2,2,57,100.0,100.0,96.5,0,4,0,125,0,0,125,125,59,59,0,0,66,0
Austin Allen,60970,TE,NEBRASKA,12,62.2,0,238,43.9,52.3,41.2,0,0,15,17.4,17.4,93.3,0,1,1,125,0,0,0,201,16,92,0,3,109,136
Dez Fitzpatrick,42349,WR,LOUISVILLE,12,30.9,0,210,65.2,68.1,60.2,0,0,1,0.4,0.4,100.0,2,0,0,125,0,0,0,404,1,280,0,0,124,0
Ry Schneider,41164,C,OKLA STATE,4,100.0,0,262,44.6,19.7,53.1,0,2,60,100.0,100.0,98.3,0,2,0,125,123,0,0,125,61,61,2,0,64,0
Daniel Barker,83982,TE,ILLINOIS,12,45.3,1,187,51.1,63.7,65.6,0,0,27,15.9,16.6,92.6,3,2,2,125,0,0,0,276,30,181,0,0,95,55
Tyler Nevens,52262,HB,S JOSE ST,9,34.1,0,285,68.9,71.5,75.8,2,4,99,49.0,49.5,97.0,0,6,0,124,0,0,0,364,106,214,0,0,18,0
Tre Walker,52260,WR,S JOSE ST,9,30.6,0,285,80.2,,64.5,0,0,0,0.0,0.0,,2,0,0,124,0,0,0,405,0,280,0,0,124,0
Malik Young,26124,T,S CAROLINA,5,100.0,0,289,79.4,72.1,76.8,1,1,52,100.0,100.0,98.1,0,2,0,124,0,0,121,124,55,55,0,1,69,1
Samson Nacua,43380,WR,UTAH,14,42.2,0,328,71.6,51.8,71.9,0,0,0,0.0,0.0,,0,0,0,124,0,0,0,294,0,170,0,0,124,1
Raelon Singleton,47649,WR,HOUSTON,10,40.0,0,182,66.8,,74.1,0,0,0,0.0,0.0,,0,0,0,124,0,0,0,310,0,186,0,0,124,0
Sewo Olonilua,45767,HB,TCU,13,25.6,0,305,72.0,65.1,70.1,0,2,47,17.5,17.5,95.7,0,3,1,124,0,0,0,485,48,274,0,0,76,11
Elijah Lilly,42885,WR,NEW MEXICO,12,40.0,0,241,67.0,,54.9,0,0,0,0.0,0.0,,0,0,0,124,0,0,0,310,0,178,0,0,124,0
Joe Brown,29143,G,W VIRGINIA,4,100.0,0,343,65.4,45.0,70.4,0,1,53,100.0,100.0,97.2,1,2,1,124,0,1,0,124,55,55,123,0,69,0
Jalen Williams,40127,WR,LA LAFAYET,11,59.6,0,207,55.1,,65.1,0,0,0,0.0,0.0,,1,0,0,124,0,0,0,208,0,84,0,0,124,3
Darrynton Evans,40692,HB,APP STATE,13,29.0,0,108,76.9,51.5,59.3,1,5,67,37.9,37.5,94.0,1,7,1,124,0,0,0,427,72,192,0,0,52,0
Gray Davis,59917,G,NEVADA,10,100.0,0,239,58.1,61.7,55.3,1,2,67,100.0,100.0,97.8,0,3,0,124,0,83,0,124,67,67,0,41,57,0
Colby Parkinson,52266,TE,STANFORD,13,25.4,0,300,66.4,,71.5,0,0,0,0.0,0.0,,1,0,0,123,0,0,0,485,0,362,0,0,123,100
Mock Adams,48122,WR,APP STATE,12,72.4,0,108,53.1,,65.6,0,0,0,0.0,0.0,,0,0,0,123,0,0,0,170,0,47,0,0,123,0
Aeris Williams,45850,HB,MISS STATE,12,42.1,0,227,76.9,67.4,52.9,0,3,60,43.5,42.3,97.5,0,3,0,123,0,0,0,292,60,142,0,0,63,0
Landen Akers,42212,WR,IOWA STATE,13,43.0,0,193,57.9,67.1,55.2,0,0,1,0.7,0.6,100.0,0,0,0,123,0,0,0,286,1,164,0,0,122,3
Jamie Newman,44948,QB,WAKE,6,36.6,0,339,81.1,,60.2,0,0,0,0.0,0.0,,1,0,0,123,0,0,0,336,0,161,0,0,123,0
Travius Harris,60139,G,TROY,9,100.0,0,318,67.7,74.6,65.5,0,0,57,100.0,100.0,100.0,0,0,0,123,0,116,0,123,61,61,0,0,62,3
Zach Giella,37012,C,CLEMSON,10,100.0,0,140,47.8,35.4,51.0,0,0,39,100.0,100.0,100.0,0,0,0,123,119,0,0,123,39,39,4,0,84,0
Isaiah Likely,83955,TE,COAST CAR,11,60.4,0,141,67.8,55.3,49.9,0,0,12,13.3,13.0,100.0,0,0,0,122,0,0,1,202,12,92,0,0,110,172
Myles Washington,45929,TE,KENT STATE,10,83.0,0,201,44.5,36.5,45.5,0,2,32,59.3,59.0,93.7,1,3,1,122,0,0,0,147,36,61,0,0,86,119
Adam Luehrman,41375,TE,OHIO,7,93.1,0,259,85.2,64.3,82.8,0,0,11,55.0,57.1,100.0,0,0,0,122,0,0,0,131,12,21,0,0,110,103
Dexter Williams,45913,HB,NOTRE DAME,9,29.3,0,258,77.4,48.7,64.0,1,5,71,35.5,35.7,94.4,1,7,1,122,0,0,0,416,75,210,0,0,47,0
Kyle Markway,36419,TE,S CAROLINA,13,70.1,0,289,54.3,33.3,58.5,0,3,20,28.6,28.8,87.5,0,4,1,122,0,0,3,174,21,73,0,4,101,120
Noah Gray,60878,TE,DUKE,13,43.7,0,154,65.5,78.1,55.4,0,0,20,11.7,11.8,100.0,0,0,0,122,0,0,0,279,21,178,0,0,101,63
Jordan Scarlett,39258,HB,FLORIDA,13,30.7,0,163,77.7,64.9,47.5,1,2,43,23.9,25.4,94.2,0,4,1,121,0,0,0,394,48,189,0,0,73,1
Hagen Meservy,59986,G,OHIO,7,100.0,0,259,68.8,66.7,71.9,0,0,30,100.0,100.0,100.0,2,0,0,121,0,47,0,121,34,34,74,0,87,0
DJ Nelson,30382,WR,UTAH ST,11,61.1,0,329,73.0,,88.5,0,0,0,0.0,0.0,,0,0,0,121,0,0,0,198,0,77,0,0,121,0
George Scott,61380,WR,LA TECH,12,38.4,0,208,56.0,,66.1,0,0,0,0.0,0.0,,0,0,0,121,0,0,0,315,0,194,0,0,121,0
Jacob Atnip,41861,G,ARK STATE,9,100.0,0,113,58.3,78.5,56.3,0,0,49,100.0,100.0,100.0,1,0,0,121,0,0,0,121,56,56,115,0,65,5
Taven Birdow,57046,HB,AIR FORCE,10,64.4,0,101,65.3,84.0,58.4,0,0,16,51.6,57.1,100.0,0,0,0,121,0,0,0,188,20,35,0,0,101,4
J.J. Taylor,25512,HB,ARIZONA,12,20.1,0,109,79.4,78.6,70.9,0,3,82,27.9,27.2,98.2,1,3,0,121,0,0,0,603,85,312,0,0,36,0
Jesse Chamberlain,52243,G,S JOSE ST,8,100.0,0,285,52.7,33.3,60.0,4,4,75,100.0,100.0,94.7,1,8,0,120,13,6,0,120,78,78,101,0,42,0
Mike Miranda,60016,G,PENN STATE,7,100.0,0,266,67.2,78.3,64.6,0,0,45,100.0,100.0,100.0,0,0,0,120,0,34,0,120,47,47,86,0,73,0
Travis Etienne Jr.,57185,HB,CLEMSON,15,24.0,0,140,90.1,72.4,59.0,0,0,87,33.9,34.6,97.7,1,2,2,120,0,0,0,499,92,266,0,0,28,0
Jack Dunn,47396,WR,WISCONSIN,13,73.6,0,349,61.3,,73.9,0,0,0,0.0,0.0,,0,0,0,120,0,0,0,163,0,43,0,0,120,4
Willie Jones III,60560,QB,TEXAS ST,8,33.2,0,314,63.7,,60.1,0,0,0,0.0,0.0,,4,0,0,120,0,0,0,361,0,167,0,0,120,0
Jared Scott,61842,WR,WYOMING,12,78.4,0,351,55.8,,55.8,0,0,0,0.0,0.0,,0,0,0,120,0,0,0,153,0,33,0,0,120,0
Bryce Bailey,60204,T,VANDERBILT,12,96.8,0,333,51.4,44.4,56.7,1,1,42,91.3,91.7,97.6,0,2,0,120,0,0,0,124,44,48,0,1,76,123
Kennedy Brooks,57371,HB,OKLAHOMA,12,34.1,0,261,91.1,68.0,82.7,0,5,65,38.7,37.9,96.2,1,5,0,119,0,0,0,349,67,177,0,0,52,0
Kemari Averett,60941,TE,LOUISVILLE,7,56.9,0,210,60.6,76.2,54.3,0,0,20,18.5,18.2,100.0,1,0,0,119,0,0,0,209,20,110,0,0,99,196
Logan Carter,42205,TE,OKLA STATE,13,74.4,0,262,40.8,57.2,48.0,1,0,30,44.8,45.3,98.3,3,1,0,119,0,0,0,160,34,75,0,0,85,108
Bryce Witham,47401,TE,MINNESOTA,12,77.8,0,225,79.8,57.0,80.0,0,2,36,52.2,54.7,97.2,0,2,0,119,0,0,2,153,41,75,0,1,78,144
Tony Jones Jr.,40498,HB,NOTRE DAME,13,39.4,1,258,69.6,71.6,59.9,0,2,60,38.5,39.6,96.7,1,3,1,119,0,0,0,302,65,164,0,0,54,0
Kyle Groeneweg,84227,WR,IOWA,13,63.0,0,192,58.2,,72.1,0,0,0,0.0,0.0,,0,0,0,119,0,0,0,189,0,68,0,0,119,1
Sean Savoy,61802,WR,VA TECH,9,43.6,0,337,60.9,,72.0,0,0,0,0.0,0.0,,2,0,0,119,0,0,0,273,0,146,0,0,119,0
Hussein Howe,26150,HB,E CAROLINA,12,28.8,0,156,62.5,48.2,68.2,2,6,69,24.4,26.2,94.2,1,8,0,119,0,0,0,413,79,302,0,0,40,1
Kameron Jemison,81863,T,TEXAS ST,3,100.0,0,314,38.9,22.2,46.6,5,5,61,100.0,100.0,88.5,0,12,2,119,0,0,0,119,64,64,0,119,55,0
Dominique Heath,47670,WR,APP STATE,13,44.7,0,108,76.7,,58.5,0,0,0,0.0,0.0,,0,0,0,119,0,0,0,266,0,144,0,0,119,0
JaCorey Sullivan,55060,WR,C MICHIGAN,12,37.2,0,134,61.0,,62.7,0,0,0,0.0,0.0,,1,0,0,119,0,0,0,320,0,200,0,0,119,0
Rhashid Bonnette,27007,WR,LA TECH,7,37.8,0,208,61.4,,62.7,0,0,0,0.0,0.0,,2,0,0,118,0,0,0,312,0,194,0,0,118,0
Waahid Muhammad,41010,T,TULSA,4,100.0,0,320,52.2,58.4,49.4,0,3,52,100.0,100.0,97.1,0,3,0,118,0,0,118,118,55,55,0,0,63,0
Joe Komel,26190,C,C MICHIGAN,4,100.0,0,134,37.6,55.6,40.5,1,3,64,100.0,100.0,92.2,2,7,3,118,71,1,0,118,68,68,46,0,50,0
Johnny Bogle,77916,TE,E CAROLINA,7,81.9,0,156,41.7,72.5,48.6,1,0,21,46.7,48.0,97.6,2,1,0,118,0,0,0,144,24,50,0,0,94,142
Easop Winston Jr.,61812,WR,WASH STATE,13,24.9,0,341,73.0,,69.7,0,0,0,0.0,0.0,,2,0,0,118,0,0,0,473,0,355,0,0,118,8
Alex Thomson,32376,QB,MARSHALL,4,45.4,0,214,64.4,,60.0,0,0,0,0.0,0.0,,0,0,0,118,0,0,0,260,0,124,0,0,118,0
Earnest Patterson,61376,WR,LA LAFAYET,14,56.5,0,207,72.6,,69.0,0,0,0,0.0,0.0,,1,0,0,118,0,0,0,209,0,89,0,0,118,0
Collin Hill,40245,QB,COLO STATE,10,32.7,0,144,70.4,,60.0,0,0,0,0.0,0.0,,1,0,0,118,0,0,0,361,0,237,0,0,118,0
Izzy Matthews,45977,HB,COLO STATE,12,22.0,0,144,73.1,43.3,57.2,2,8,84,26.3,28.0,94.0,1,10,0,118,0,0,0,536,97,346,0,0,21,0
Brandon Wimbush,35595,QB,NOTRE DAME,6,39.5,0,258,59.5,,60.1,0,0,0,0.0,0.0,,0,0,0,118,0,0,0,299,0,127,0,0,118,0
Bobby Klemm,60138,G,TROY,4,100.0,0,318,58.6,62.1,56.8,0,2,47,100.0,100.0,95.7,0,3,1,118,0,0,0,118,51,51,103,15,67,0
Robert Haskins,77575,T,VIRGINIA,6,100.0,0,335,45.9,13.3,58.6,2,7,66,100.0,100.0,93.2,0,9,0,118,0,0,109,118,68,68,0,9,50,0
D.J. Knox,29903,HB,PURDUE,13,22.3,0,273,73.7,72.8,52.3,0,2,77,25.0,25.2,98.7,2,2,0,118,0,0,0,528,83,330,0,0,35,2
Greg McCrae,55384,HB,UCF,13,36.9,0,323,91.7,83.3,55.7,0,0,74,53.2,54.4,100.0,0,0,0,118,0,0,0,320,81,149,0,0,37,0
Jake Robinson,47328,TE,TEMPLE,11,85.4,0,306,45.5,55.3,46.4,0,0,15,42.9,42.9,93.3,0,1,1,117,0,0,0,137,15,35,0,0,102,95
Justin Shaffer,59703,G,GEORGIA,10,99.2,0,173,65.7,67.5,64.6,0,3,28,96.6,96.6,94.6,0,3,0,117,0,14,0,118,28,29,82,18,89,3
Jaylen Dixon,61775,WR,UTAH,14,42.5,0,328,75.3,,66.1,0,0,0,0.0,0.0,,0,0,0,117,0,0,0,275,0,157,0,0,117,0
Marques Jones,39188,WR,BAYLOR,13,23.5,0,118,51.4,,81.7,0,0,0,0.0,0.0,,2,0,0,117,0,0,0,497,0,380,0,0,117,0
Brian Sanders,49594,TE,BOWL GREEN,10,84.8,0,122,40.4,60.0,45.7,1,0,19,50.0,47.5,97.4,2,1,0,117,0,0,0,138,19,40,0,0,98,94
Taylor Edwards,40120,TE,UMASS,9,56.5,0,216,56.9,25.5,61.5,0,0,10,10.8,10.9,90.0,1,1,1,117,0,0,10,207,11,101,0,18,106,106
Ihmir Smith-Marsette,61324,WR,IOWA,12,33.6,0,192,61.9,61.0,55.5,0,0,0,0.0,0.4,,1,0,0,117,0,0,0,348,1,223,0,0,116,1
Bryce Singleton,55172,WR,FIU,9,45.5,0,166,79.9,,65.7,0,0,0,0.0,0.0,,0,0,0,117,0,0,0,257,0,140,0,0,117,0
Phil Patterson,42083,WR,VA TECH,12,51.3,0,337,62.4,,78.2,0,0,0,0.0,0.0,,0,0,0,116,0,0,0,226,0,110,0,0,116,0
Tommy Champion,59873,T,MISS STATE,8,100.0,0,227,62.4,75.8,57.5,0,1,33,100.0,100.0,98.5,1,1,0,116,0,0,0,116,38,38,2,114,78,0
Brady Ross,35703,FB,IOWA,7,78.4,0,192,64.5,53.2,59.0,0,0,13,34.2,35.0,100.0,1,0,0,116,0,0,0,148,14,40,0,0,102,0
Thai Cottrell,45921,WR,S JOSE ST,11,32.9,0,285,64.1,67.7,55.8,0,0,1,0.4,0.4,100.0,1,0,0,116,0,0,0,353,1,230,0,0,115,0
Chase Cota,84465,WR,UCLA,12,42.0,0,324,57.7,60.5,68.4,0,0,1,0.7,0.6,100.0,0,0,0,116,0,0,0,276,1,161,0,0,115,3
Anthony Watley,41237,TE,E CAROLINA,5,75.3,0,156,73.9,77.0,58.7,0,0,21,35.6,36.7,100.0,1,0,0,116,0,0,0,154,22,60,0,0,94,140
Trivenskey Mosley,83761,HB,SO MISS,10,32.7,0,296,69.5,81.0,53.7,1,3,64,32.3,32.5,95.3,1,5,1,116,0,0,0,355,67,206,0,0,49,1
Nick Bowers,36271,TE,PENN STATE,10,61.2,0,266,56.2,69.1,53.8,0,0,17,19.5,19.8,100.0,1,0,0,115,0,0,0,188,18,91,0,0,97,139
Caleb Chumley,36415,TE,N TEXAS,13,60.8,0,251,66.6,72.7,83.8,0,0,8,10.1,10.8,100.0,1,0,0,115,0,0,0,189,9,83,0,0,106,111
David Montgomery,45719,HB,IOWA STATE,12,20.0,1,193,91.1,81.6,58.6,0,2,69,27.0,28.4,98.6,1,2,0,115,0,0,0,574,78,275,0,0,37,0
Trenton Irwin,48080,WR,STANFORD,12,23.6,0,300,74.7,,59.0,0,0,0,0.0,0.0,,0,0,0,115,0,0,0,487,0,372,0,0,115,2
Malike Roberson,45891,HB,S JOSE ST,11,34.7,1,285,59.4,38.9,56.7,3,5,85,36.8,37.9,94.1,2,9,1,115,0,0,0,331,91,240,0,0,24,0
Braeden West,38710,HB,SMU,12,24.4,0,287,70.1,54.7,57.3,2,6,77,26.9,27.5,94.8,1,8,0,115,0,0,0,472,82,298,0,0,33,0
Chris Owens,40732,C,ALABAMA,9,100.0,0,103,68.0,47.9,66.7,1,2,22,100.0,100.0,93.2,0,3,0,114,79,0,34,114,22,22,0,0,92,0
Dontavius Butler-Jenkins,61599,WR,PITTSBURGH,13,66.7,0,268,52.4,,66.0,0,0,0,0.0,0.0,,0,0,0,114,0,0,0,171,0,57,0,0,114,0
William Barnes,77356,G,N CAROLINA,3,100.0,0,245,69.2,71.0,68.5,0,1,62,100.0,100.0,99.2,0,1,0,114,0,0,0,114,63,63,114,0,51,0
Jarrison Stewart,34178,WR,TCU,11,39.0,0,305,58.6,62.1,69.4,0,0,1,0.6,0.6,100.0,0,0,0,114,0,0,0,292,1,179,0,0,113,0
Giovanni Rescigno,27050,QB,RUTGERS,7,49.4,0,278,29.0,,60.0,0,0,0,0.0,0.0,,1,0,0,114,0,0,0,231,0,105,0,0,114,0
Christian Chapman,27211,QB,S DIEGO ST,7,48.1,0,284,73.1,,60.0,0,0,0,0.0,0.0,,0,0,0,114,0,0,0,237,0,118,0,0,114,0
Daevon Robinson,84039,TE,RUTGERS,12,64.8,0,278,54.3,35.9,48.0,1,0,6,9.5,8.8,91.7,0,1,0,114,0,0,0,176,6,68,0,0,108,115
Javen Banks,84444,WR,TEXAS ST,11,44.5,0,314,62.1,,52.9,0,0,0,0.0,0.0,,1,0,0,113,0,0,0,254,0,137,0,0,113,1
Deonta Moore,13310,HB,S ALABAMA,11,41.7,0,288,60.9,67.3,63.2,0,0,24,21.2,22.3,100.0,1,0,0,113,0,0,0,271,27,121,0,0,86,0
DeVante Lovett,36701,T,LA TECH,7,100.0,0,208,57.1,42.3,60.5,2,3,48,100.0,100.0,94.8,0,5,0,113,0,0,39,113,48,48,0,36,65,38
Collin Olsen,35705,FB,FIU,13,86.9,0,166,63.5,67.5,61.1,0,1,10,37.0,39.3,95.0,0,1,0,113,0,0,0,130,11,28,0,0,102,90
Jaquarii Roberson,55454,WR,WAKE,9,68.1,0,339,60.5,,49.9,0,0,0,0.0,0.0,,0,0,0,113,0,0,0,166,0,53,0,0,113,0
Davis Shanley,60604,QB,W KENTUCKY,9,37.3,0,346,63.1,,60.0,0,0,0,0.0,0.0,,0,0,0,113,0,0,0,303,0,171,0,0,113,0
Trestan Ebner,57159,HB,BAYLOR,13,32.1,0,118,77.7,54.8,60.0,1,6,78,32.5,33.2,94.2,0,8,1,113,0,0,0,352,85,256,0,0,28,0
Kadarius Toney,61245,WR,FLORIDA,12,41.7,0,163,83.5,,70.0,0,0,0,0.0,0.0,,1,0,0,113,0,0,0,271,0,135,0,0,113,1
Bryce Carpenter,82101,QB,COAST CAR,7,48.5,0,141,66.6,62.2,60.0,0,0,1,1.3,1.2,100.0,0,0,0,113,0,0,0,233,1,83,0,0,112,0
Warren Wand,45682,HB,ARK STATE,13,24.9,0,113,80.8,58.6,59.6,1,2,60,24.1,24.7,97.5,0,3,0,113,0,0,0,454,65,263,0,0,48,1
Jordan Jones,40152,WR,ARKANSAS,12,40.8,0,111,60.1,,60.6,0,0,0,0.0,0.0,,0,0,0,113,0,0,0,277,0,163,0,0,113,1
Jaylon Watson,36104,FB,WYOMING,12,91.8,0,351,48.3,66.9,48.8,0,0,10,52.6,54.5,100.0,2,0,0,112,0,0,0,122,12,22,0,0,100,7
Sean Foster,41948,T,IOWA STATE,3,100.0,0,193,48.5,47.3,48.2,1,4,60,100.0,100.0,94.2,2,6,1,112,0,0,59,112,64,64,0,53,48,0
B.J. Daniels,57462,HB,UTSA,12,36.8,0,331,60.2,46.9,55.4,1,4,77,43.3,44.4,95.5,0,6,1,112,0,0,0,304,84,189,0,0,28,0
Mitch Palmer,45574,C,MIAMI OH,6,100.0,0,221,58.3,84.6,53.4,0,0,41,100.0,100.0,100.0,0,0,0,112,97,0,0,112,43,43,15,0,69,0
Austin Walter,45038,HB,RICE,13,22.7,0,275,74.9,74.3,66.4,0,2,50,17.5,16.8,98.0,0,2,0,112,0,0,0,493,50,298,0,0,62,3
Nick Eubanks,40402,TE,MICHIGAN,13,60.2,0,222,65.5,71.6,52.2,0,0,5,6.8,8.6,100.0,1,0,0,112,0,0,0,186,7,81,0,0,105,174
Cole Garvin,40388,QB,S ALABAMA,5,49.6,0,288,63.8,,60.0,0,0,0,0.0,0.0,,0,0,0,112,0,0,0,226,0,97,0,0,112,0
LaTrell Bumphus,62977,TE,TENNESSEE,11,95.7,0,307,54.8,37.4,58.7,0,1,13,72.2,72.2,96.2,0,1,0,112,0,0,0,117,13,18,0,0,99,111
Tobias Oliver,62976,QB,GA TECH,12,39.9,0,176,78.8,,60.0,0,0,0,0.0,0.0,,0,0,0,111,0,0,0,278,0,25,0,0,111,0
Taylor Compton,61779,WR,UTAH ST,13,57.2,0,329,60.3,,62.1,0,0,0,0.0,0.0,,0,0,0,111,0,0,0,194,0,83,0,0,111,0
Demarcus Kirk,45807,HB,GA STATE,12,68.1,0,175,70.5,79.6,60.6,0,2,35,58.3,60.0,97.1,0,2,0,111,0,0,0,163,39,65,0,0,72,6
Cullen Gillaspia,38844,FB,TEXAS A&M,13,72.1,0,312,71.3,78.8,66.9,0,0,6,14.6,13.6,100.0,0,0,0,111,0,0,0,154,6,44,0,0,105,6
Jordan Fredericks,45984,HB,UMASS,11,36.6,0,216,66.5,48.4,54.2,3,3,89,44.9,45.0,95.5,1,7,1,111,0,0,0,303,94,209,0,0,17,1
Ivan Thomas,83966,TE,FIU,11,73.5,0,166,63.2,59.3,59.8,1,0,6,14.3,13.0,91.7,2,1,0,111,0,0,0,151,6,46,0,0,105,140
Crishaun Lappin,84017,TE,NEVADA,10,82.8,0,239,54.5,79.3,58.8,0,0,9,29.0,28.1,100.0,2,0,0,111,0,0,0,134,9,32,0,0,102,73
Grant Carrigan,61001,TE,PITTSBURGH,13,94.0,0,268,52.2,72.6,51.9,0,0,11,61.1,61.1,100.0,1,0,0,110,0,0,0,117,11,18,0,1,99,99
Connor Killian,44930,FB,TEXAS TECH,6,81.5,0,315,54.4,48.9,58.4,0,1,20,44.4,49.0,97.5,0,1,0,110,0,0,0,135,24,49,0,0,86,90
Landon Dickerson,41712,T,FLORIDA ST,2,100.0,0,167,55.7,83.0,63.2,0,2,64,100.0,100.0,98.4,6,2,0,110,0,0,59,110,66,66,0,51,44,0
Chandler Reeves,40731,T,CLEMSON,12,100.0,0,140,63.4,39.8,65.2,1,1,33,100.0,100.0,97.0,0,2,0,110,0,0,0,110,33,33,0,110,77,0
Tyler Simmons,40087,WR,GEORGIA,12,54.7,0,173,70.1,,82.6,0,0,0,0.0,0.0,,1,0,0,110,0,0,0,201,0,86,0,0,110,3
Keoni-Kordell Makekau,57324,FB,NAVY,9,73.8,0,237,63.5,73.8,60.3,0,0,4,12.5,11.8,100.0,0,0,0,110,0,0,0,149,4,34,0,0,106,94
Alex James,54432,HB,COAST CAR,12,49.5,0,141,60.4,64.3,56.5,0,1,40,44.0,43.8,98.7,0,1,0,110,0,0,0,222,42,96,0,0,68,2
Christian Frost,58456,T,AIR FORCE,6,100.0,0,101,56.4,68.0,54.5,0,0,16,100.0,100.0,100.0,1,0,0,110,0,1,0,110,20,20,0,90,90,19
Josh Ali,61359,WR,KENTUCKY,12,51.9,0,202,59.6,61.9,56.3,0,0,1,1.0,1.0,100.0,1,0,0,110,0,0,0,212,1,103,0,0,109,0
Tarique Milton,61328,WR,IOWA STATE,13,37.6,0,193,75.0,,62.4,0,0,0,0.0,0.0,,0,0,0,109,0,0,0,290,0,181,0,0,109,2
Erik Krommenhoek,61056,TE,USC,11,81.3,0,326,43.5,69.3,52.0,0,0,19,46.3,45.5,94.7,3,1,1,109,0,0,0,134,20,44,0,0,89,118
Dymond Lee,42362,WR,UCLA,9,43.3,0,324,51.1,,66.8,0,0,0,0.0,0.0,,0,0,0,109,0,0,0,252,0,143,0,0,109,3
Matt Pistone,47166,TE,BOISE ST,11,82.6,0,120,53.0,72.5,53.0,0,0,3,11.5,11.5,100.0,0,0,0,109,0,0,0,132,3,26,0,0,106,43
Grant Williamson,39158,G,BALL ST,6,100.0,0,117,57.2,76.2,55.0,0,3,51,100.0,100.0,97.1,2,3,0,109,0,36,0,109,56,56,72,0,53,0
Treyvon Hughes,39807,HB,UTEP,12,48.7,0,330,69.7,69.2,60.1,1,2,65,60.7,61.8,97.7,0,3,0,109,0,0,0,224,68,110,0,0,41,0
Freddie Swain,26448,WR,FLORIDA,11,47.8,1,163,72.6,64.0,61.8,0,0,1,0.9,0.8,100.0,2,0,0,109,0,0,0,228,1,120,0,0,108,2
Jaison Fournet,41412,C,E CAROLINA,4,100.0,0,156,48.3,36.6,54.5,0,3,49,100.0,100.0,94.9,1,4,1,109,109,0,0,109,53,53,0,0,56,0
Robert Valencia,60221,G,WASH STATE,9,100.0,0,341,72.0,88.9,68.0,0,0,79,100.0,100.0,100.0,0,0,0,109,0,0,0,109,80,80,105,0,29,0
Bosah Osakwe,57109,C,UTSA,8,100.0,0,331,60.7,75.5,54.3,0,1,71,100.0,100.0,99.3,0,1,0,109,84,23,0,109,72,72,2,0,37,0
Cody Scherff,39869,TE,UNLV,10,84.5,0,325,49.9,53.9,55.4,0,1,17,48.6,48.7,97.1,2,1,0,109,0,0,0,129,19,39,0,0,90,105
Stone Forsythe,41795,T,FLORIDA,7,100.0,0,163,69.8,78.5,64.2,1,0,51,100.0,100.0,99.0,0,1,0,109,0,0,71,109,52,52,0,38,57,0
Mavin Saunders,47366,TE,KANSAS,8,69.9,0,198,48.9,53.0,57.5,0,2,24,36.9,33.8,95.8,2,2,0,109,0,0,0,156,24,71,0,0,85,151
Chance Hall,37380,G,TENNESSEE,6,100.0,0,307,59.6,61.2,61.3,0,1,46,100.0,100.0,96.7,1,2,1,109,0,34,0,109,51,51,75,0,58,0
Dontae Bull,81650,T,FRESNO ST,7,100.0,0,169,52.5,29.9,60.9,1,4,44,100.0,100.0,94.3,1,5,0,109,0,0,0,109,45,45,29,79,64,1
Jalen Rhodes,45941,HB,UTSA,11,35.7,0,331,56.4,45.6,56.2,0,4,73,37.2,36.9,94.5,1,6,2,109,0,0,0,305,73,198,0,0,36,0
Devon Spalding,45840,WR,C MICHIGAN,9,42.0,0,134,64.2,84.3,52.6,0,0,3,2.1,2.1,100.0,1,0,0,108,0,0,0,257,3,145,0,0,105,0
Grey Best,41436,C,SO MISS,4,100.0,0,296,72.1,85.3,66.1,0,0,49,100.0,100.0,100.0,0,0,0,108,108,0,0,108,50,50,0,0,58,0
Michael Wilson,84423,WR,STANFORD,12,49.8,0,300,62.2,,51.9,0,0,0,0.0,0.0,,0,0,0,108,0,0,0,217,0,107,0,0,108,1
Levi Lewis,60428,QB,LA LAFAYET,14,55.1,0,207,80.4,,60.0,0,0,0,0.0,0.0,,1,0,0,108,0,0,0,196,0,76,0,0,108,0
Gabe Nabers,40117,TE,FLORIDA ST,12,60.7,0,167,44.9,37.4,46.5,0,1,9,12.2,12.5,83.3,0,2,1,108,0,0,0,178,10,80,0,0,98,82
Shamari Brooks,61855,HB,TULSA,11,22.0,0,320,70.2,52.5,56.6,0,5,68,33.2,32.7,94.9,1,6,1,108,0,0,0,491,72,220,0,0,36,0
Kedarian Jones,33450,WR,MEMPHIS,14,42.9,0,218,56.6,,70.5,0,0,0,0.0,0.0,,0,0,0,108,0,0,0,252,0,144,0,0,108,0
Salvon Ahmed,57472,HB,WASHINGTON,14,33.9,0,340,75.6,29.9,61.1,2,7,46,32.6,32.0,85.9,2,11,2,108,0,0,0,319,47,147,0,0,61,1
Jason Erdmann,38609,C,WISCONSIN,9,99.1,1,349,74.7,81.7,75.8,0,0,22,95.7,95.8,100.0,2,0,0,108,65,18,0,109,23,24,0,0,85,19
Jeremy Patton,60849,TE,ARKANSAS,5,59.0,0,111,57.5,62.4,71.6,1,0,25,27.2,26.5,98.0,3,1,0,108,0,0,0,183,27,102,0,0,81,130
Shedrick Jackson,84136,WR,AUBURN,10,77.7,0,115,70.7,,91.8,0,0,0,0.0,0.0,,0,0,0,108,0,0,0,139,0,31,0,0,108,0
Miles Beach,41233,T,NEVADA,5,100.0,0,239,56.7,46.4,59.8,0,2,59,100.0,100.0,98.3,0,2,0,107,0,0,42,107,60,60,0,65,47,0
Anthony D. Taylor,34014,HB,TEXAS ST,12,34.5,0,314,62.5,60.0,52.6,0,1,45,28.7,29.0,96.7,1,2,1,107,0,0,0,310,47,162,0,0,60,0
Grayson Muehlstein,30311,QB,TCU,5,50.2,2,305,48.5,,60.8,0,0,0,0.0,0.0,,3,0,0,107,0,0,0,213,0,71,0,0,107,0
Jacquez Sloan,61821,WR,W KENTUCKY,9,31.7,0,346,73.4,,75.5,0,0,0,0.0,0.0,,2,0,0,107,0,0,0,338,0,229,0,0,107,0
Justin Rankin,40220,HB,KENT STATE,11,25.2,0,201,72.4,72.1,63.4,0,2,50,21.2,23.0,98.0,0,2,0,107,0,0,0,425,59,257,0,0,48,0
Steven Jones,81792,T,OREGON,3,100.0,0,264,79.2,61.2,80.8,0,1,53,100.0,100.0,99.1,0,1,0,107,0,0,106,107,56,56,0,0,51,1
Jeremiah Hall,57083,FB,OKLAHOMA,13,77.0,0,261,71.5,72.5,76.0,0,0,7,20.0,20.0,100.0,0,0,0,107,0,0,0,139,7,35,0,0,100,104
Darrin Hall,45989,HB,PITTSBURGH,14,28.5,1,268,78.9,34.1,48.1,0,10,61,37.2,36.8,88.5,1,12,2,107,0,0,0,376,64,174,0,0,43,1
Velus Jones Jr.,40573,WR,USC,12,38.4,0,326,67.4,,64.8,0,0,0,0.0,0.0,,1,0,0,107,0,0,0,279,0,166,0,0,107,2
Jeremy Singleton,61289,WR,HOUSTON,13,37.1,0,182,65.9,,57.6,0,0,0,0.0,0.0,,0,0,0,106,0,0,0,286,0,179,0,0,106,0
Emmanuel Harris,27628,WR,NEW MEXICO,11,50.5,0,241,57.6,,63.6,0,0,0,0.0,0.0,,0,0,0,106,0,0,0,210,0,101,0,0,106,0
Riley Lees,42322,WR,NWESTERN,14,33.0,0,256,64.3,,66.5,0,0,0,0.0,0.0,,0,0,0,106,0,0,0,321,0,205,0,0,106,2
Line Latu,78182,WR,E MICHIGAN,13,35.5,0,160,72.7,72.1,83.3,0,0,2,1.1,1.0,100.0,0,0,0,106,0,0,0,299,2,195,0,0,104,6
Dezmon Patmon,48329,WR,WASH STATE,13,21.9,0,341,77.2,61.9,60.8,0,0,1,0.3,0.3,100.0,0,0,0,106,0,0,0,485,1,380,0,0,105,3
Tayon Fleet-Davis,57290,HB,MARYLAND,12,49.8,0,215,66.1,36.5,55.4,0,0,5,16.1,14.7,100.0,0,0,0,105,0,0,0,211,5,34,0,0,100,46
Chuba Hubbard,57373,HB,OKLA STATE,13,24.2,0,262,83.2,77.6,68.7,0,0,52,21.0,22.3,98.1,0,1,1,105,0,0,0,433,59,264,0,0,46,1
Justice Hill,45865,HB,OKLA STATE,10,23.6,1,262,81.6,34.7,55.4,2,2,51,23.2,24.1,96.1,2,4,0,105,0,0,0,445,57,237,0,0,48,0
Tyrick James,77909,TE,TULANE,12,62.5,0,319,50.7,70.8,49.5,0,1,14,19.2,20.3,96.4,2,1,0,105,0,0,0,168,16,79,0,0,89,64
Mechane Slade,47552,WR,MEMPHIS,12,50.2,0,218,65.1,,77.5,0,0,0,0.0,0.0,,1,0,0,105,0,0,0,209,0,103,0,0,105,0
Greg White,61526,WR,N TEXAS,12,51.2,0,251,56.4,,68.4,0,0,0,0.0,0.0,,0,0,0,105,0,0,0,205,0,100,0,0,105,0
Sal Cannella,60853,WR,AUBURN,13,39.3,1,115,58.7,,79.4,0,0,0,0.0,0.0,,2,0,0,105,0,0,0,267,0,162,0,0,105,0
Jaetavian Toles,61738,WR,TULANE,12,51.7,0,319,59.0,,61.8,0,0,0,0.0,0.0,,0,0,0,105,0,0,0,203,0,98,0,0,105,0
Jake Molinich,45060,TE,BUFFALO,14,91.3,0,126,57.1,71.4,58.5,0,0,3,23.1,23.1,100.0,0,0,0,105,0,0,0,115,3,13,0,0,102,73
Tommy Lazzaro,41906,QB,C MICHIGAN,6,28.7,0,134,47.3,62.2,60.0,0,0,1,0.5,0.5,100.0,0,0,0,104,0,0,0,363,1,211,0,0,103,0
Chase Brice,60363,QB,CLEMSON,12,59.4,0,140,81.6,,60.4,0,0,0,0.0,0.0,,0,0,0,104,0,0,0,175,0,58,0,0,104,0
Cade Cote,36754,G,ARIZONA ST,6,100.0,0,110,55.1,50.2,54.7,0,2,54,100.0,100.0,98.1,0,2,0,104,23,9,0,104,55,55,72,0,49,0
Thayer Thomas,61515,WR,NC STATE,13,33.1,0,248,77.0,,52.1,0,0,0,0.0,0.0,,0,0,0,104,0,0,0,314,0,209,0,0,104,2
Artayvious Lynn,42326,TE,TCU,7,60.5,0,305,47.1,71.8,53.8,0,0,11,14.3,13.9,100.0,0,0,0,104,0,0,0,172,11,79,0,0,93,161
Hasaan Klugh,46434,QB,CHARLOTTE,10,48.6,0,136,62.9,,60.1,0,0,0,0.0,0.0,,1,0,0,104,0,0,0,214,0,71,0,0,104,0
Ayden Eberhardt,40554,WR,WYOMING,12,61.9,0,351,58.6,,78.8,0,0,0,0.0,0.0,,0,0,0,104,0,0,0,168,0,63,0,0,104,0
Kyle Kleinberg,35855,TE,SYRACUSE,11,97.2,0,304,73.4,77.6,73.6,0,0,7,77.8,70.0,100.0,0,0,0,104,0,0,0,107,7,10,0,0,97,22
Hyrin White,59875,T,MISSOURI,7,100.0,0,229,72.7,83.2,70.8,0,0,34,100.0,100.0,100.0,1,0,0,103,0,0,103,103,36,36,0,0,67,0
Deven Thompkins,84480,WR,UTAH ST,13,49.8,0,329,60.3,,58.2,0,0,0,0.0,0.0,,2,0,0,103,0,0,0,207,0,102,0,0,103,0
Grant Perry,47667,WR,MICHIGAN,13,35.3,0,222,57.8,,58.1,0,0,0,0.0,0.0,,0,0,0,103,0,0,0,292,0,189,0,0,103,3
D.J. Matthews Jr.,61255,WR,FLORIDA ST,12,29.9,0,167,64.1,,49.9,0,0,0,0.0,0.0,,3,0,0,103,0,0,0,344,0,240,0,0,103,0
Jayshon Jackson,78041,WR,CINCINNATI,13,41.5,0,138,75.4,,54.3,0,0,0,0.0,0.0,,0,0,0,103,0,0,0,248,0,145,0,0,103,0
James Fagan,84031,TE,DOMINION,6,91.2,0,263,59.1,52.5,62.8,0,4,25,71.4,72.2,92.0,1,4,0,103,0,0,0,113,26,36,0,0,77,113
Jacob Buccigrossi,40729,C,W VIRGINIA,8,100.0,0,343,49.6,15.6,59.1,0,1,46,100.0,100.0,94.6,1,3,2,103,98,0,0,103,47,47,5,0,56,0
Ben Glines,47760,HB,BOSTON COL,12,36.5,0,121,68.2,78.1,58.1,0,0,5,4.4,4.3,100.0,2,0,0,103,0,0,0,282,5,116,0,0,98,4
Myles Tease,45329,WR,OKLAHOMA,14,38.4,0,261,56.6,65.5,65.0,0,0,3,1.9,1.8,100.0,0,0,0,103,0,0,0,268,3,168,0,0,100,0
Jamire Calvin,61807,WR,WASH STATE,13,23.9,1,341,62.2,,49.9,0,0,0,0.0,0.0,,3,0,0,103,0,0,0,431,0,328,0,0,103,0
Jalen Hurts,40291,QB,ALABAMA,13,47.0,0,103,90.1,,60.2,0,0,0,0.0,0.0,,1,0,0,103,0,0,0,219,0,94,0,0,103,0
Jackson Reynolds,60175,C,UNLV,3,100.0,0,325,52.0,60.8,52.4,0,1,24,100.0,100.0,93.7,1,2,1,103,103,0,0,103,25,25,0,0,78,0
Zach Thomas,43641,G,S DIEGO ST,3,100.0,0,284,62.2,58.6,61.7,1,2,40,100.0,100.0,96.2,0,3,0,103,0,0,0,103,47,47,88,9,56,6
Ra'Von Bonner,57238,HB,ILLINOIS,11,39.1,0,187,67.5,70.7,55.0,0,2,33,28.9,28.0,97.0,1,2,0,102,0,0,0,261,33,118,0,0,69,0
Ronnie Bell,84288,WR,MICHIGAN,13,57.0,0,222,64.8,,59.5,0,0,0,0.0,0.0,,0,0,0,102,0,0,0,179,0,72,0,0,102,0
Kade Warner,61494,WR,NEBRASKA,9,41.8,1,238,52.1,,50.5,0,0,0,0.0,0.0,,1,0,0,102,0,0,0,244,0,142,0,0,102,0
Brandon Johnson,40666,WR,TENNESSEE,11,43.2,0,307,58.0,,60.0,0,0,0,0.0,0.0,,0,0,0,102,0,0,0,236,0,134,0,0,102,2
Halen Steward,45636,FB,UTSA,12,64.6,0,331,57.5,66.2,57.5,0,1,15,21.7,21.7,96.7,1,1,0,102,0,0,0,158,15,69,0,0,87,88
Jesse Sosebee,46136,C,WASHINGTON,5,100.0,0,340,70.6,48.0,73.4,0,0,56,100.0,100.0,100.0,0,0,0,102,102,0,0,102,58,58,0,0,44,0
Jamaree Salyer,81656,G,GEORGIA,9,100.0,0,173,74.0,83.4,70.5,0,0,23,100.0,100.0,100.0,0,0,0,102,27,39,2,102,23,23,32,0,79,0
Jo-El Shaw,77784,HB,KENT STATE,9,24.1,0,201,74.5,79.5,65.9,0,0,52,23.2,24.4,100.0,0,0,0,102,0,0,0,423,59,242,0,0,43,0
Myles Gaskin,45914,HB,WASHINGTON,12,17.6,0,340,76.4,42.2,57.6,2,5,61,23.6,23.7,92.6,1,8,1,102,0,0,0,581,66,279,0,0,36,1
Anthony Scott,45935,HB,E CAROLINA,12,26.9,0,156,65.1,69.6,43.9,0,4,62,27.6,28.2,95.2,0,5,1,101,0,0,0,376,67,238,0,0,34,0
Akilian Butler,47457,WR,BOISE ST,13,31.8,0,120,62.7,,70.3,0,0,0,0.0,0.0,,1,0,0,101,0,0,0,318,0,217,0,0,101,0
Jeff Panara,36286,T,ARMY,9,100.0,0,114,72.0,25.7,70.8,0,0,6,100.0,100.0,100.0,0,0,0,101,0,0,53,101,6,6,0,13,95,35
Cudjoe Young,84336,WR,N TEXAS,9,48.3,1,251,70.3,,60.3,0,0,0,0.0,0.0,,2,0,0,101,0,0,0,209,0,108,0,0,101,0
TJ Chase,40259,WR,CLEMSON,14,58.4,0,140,66.3,,73.3,0,0,0,0.0,0.0,,1,0,0,101,0,0,0,173,0,72,0,0,101,0
T.J. Bedford,84447,WR,TEXAS ST,5,42.1,1,314,55.8,,64.1,0,0,0,0.0,0.0,,3,0,0,101,0,0,0,240,0,139,0,0,101,0
Johnny Ford,86854,HB,USF,11,35.4,0,327,85.0,76.7,58.6,0,4,76,54.3,53.7,96.1,1,5,1,101,0,0,0,285,79,147,0,0,22,0
Clyde Edwards-Helaire,57279,HB,LSU,13,31.9,0,211,84.5,79.1,55.9,0,2,66,52.0,51.8,98.5,0,2,0,101,0,0,0,317,71,137,0,0,30,0
CJ Verdell,57378,HB,OREGON,13,20.3,0,264,70.5,33.2,45.2,2,5,73,28.5,29.4,92.5,1,9,2,101,0,0,0,497,79,269,0,0,22,0
Artie Henry,84278,WR,MARSHALL,12,41.9,0,214,60.4,,61.6,0,0,0,0.0,0.0,,0,0,0,101,0,0,0,241,0,140,0,0,101,0
Javonte Woodard,34351,WR,LA TECH,11,38.3,0,208,47.9,,40.7,0,0,0,0.0,0.0,,0,0,0,101,0,0,0,264,0,163,0,0,101,0
Brant Kuithe,84071,TE,UTAH,14,45.5,0,328,72.4,61.7,55.8,1,0,6,5.0,4.8,91.7,0,1,0,100,0,0,0,220,6,125,0,0,94,159
Bryce Mitchell,55370,WR,TOLEDO,13,46.3,0,316,51.7,,60.0,0,0,0,0.0,0.0,,0,0,0,100,0,0,0,216,0,116,0,0,100,0
Savon Scarver,61783,WR,UTAH ST,13,54.3,0,329,63.8,,67.0,0,0,0,0.0,0.0,,1,0,0,100,0,0,0,184,0,83,0,0,100,0
Daylon Charlot,13641,WR,KANSAS,9,46.9,0,198,64.9,,67.4,0,0,0,0.0,0.0,,2,0,0,100,0,0,0,213,0,113,0,0,100,0
Josh Weeks,35531,TE,UTEP,12,63.7,0,330,67.9,64.5,46.5,0,0,19,26.8,26.0,100.0,0,0,0,100,0,0,0,157,20,77,0,0,80,115
Miller Forristall,47378,TE,ALABAMA,12,82.0,0,103,52.7,68.9,60.1,0,0,3,12.5,15.4,100.0,1,0,0,100,0,0,0,122,4,26,0,0,96,105
Keaontay Ingram,77761,HB,TEXAS,13,25.3,0,311,75.5,69.0,39.2,0,2,59,28.5,29.0,98.3,1,2,0,100,0,0,0,396,62,214,0,0,38,0
Andy Davidson,45172,HB,ARMY,13,55.2,0,114,70.6,73.8,55.5,0,0,26,72.2,73.7,100.0,0,0,0,100,0,0,0,181,28,38,0,0,72,1
Renard Bell,42089,WR,WASH STATE,13,24.3,0,341,56.4,62.1,52.7,0,0,1,0.3,0.3,100.0,0,0,0,100,0,0,0,412,1,313,0,0,99,1
Malik Williams,61121,WR,APP STATE,13,39.7,0,108,70.5,62.1,53.7,0,0,0,0.0,0.7,,0,0,0,100,0,0,0,252,1,152,0,0,99,0
Ethan Dedeaux,61627,WR,S DIEGO ST,10,35.1,1,284,64.3,,77.6,0,0,0,0.0,0.0,,2,0,0,100,0,0,0,285,0,180,0,0,100,9
Mac Hippenhammer,61591,WR,PENN STATE,12,46.3,0,266,52.1,,55.3,0,0,0,0.0,0.0,,0,0,0,100,0,0,0,216,0,116,0,0,100,0
Lamont Atkins,62768,HB,VIRGINIA,13,73.3,0,335,60.1,50.6,58.6,1,1,14,31.1,30.4,92.9,0,2,0,99,0,0,0,135,14,46,0,0,85,5
Thomas Jackson,47583,WR,N CAROLINA,11,41.4,0,245,57.5,,58.1,0,0,0,0.0,0.0,,0,0,0,99,0,0,0,239,0,139,0,0,99,1
Keith Mixon Jr.,47622,WR,MISS STATE,10,58.2,0,227,73.5,,77.2,0,0,0,0.0,0.0,,0,0,0,99,0,0,0,170,0,71,0,0,99,0
David Galten,60146,G,UAB,7,100.0,0,321,65.0,87.7,60.6,0,0,37,100.0,100.0,100.0,0,0,0,99,0,94,0,99,38,38,0,0,61,0
Hunter Long,60859,TE,BOSTON COL,10,75.6,0,121,80.4,25.4,65.2,0,1,2,5.9,5.9,75.0,0,1,0,99,0,0,0,131,2,34,0,0,97,120
Brian Hightower,78015,WR,MIAMI FL,11,47.4,0,220,51.9,,76.9,0,0,0,0.0,0.0,,0,0,0,99,0,0,0,209,0,110,0,0,99,0
Damien Harris,35134,HB,ALABAMA,15,23.3,0,103,82.7,54.0,65.8,0,5,62,27.1,26.5,96.0,1,5,0,99,0,0,0,424,62,234,0,0,37,4
Sean Ryan,78030,WR,TEMPLE,11,45.4,0,306,59.7,,69.9,0,0,0,0.0,0.0,,1,0,0,99,0,0,0,218,0,119,0,0,99,0
Spencer Kanz,41941,T,W MICHIGAN,3,100.0,0,347,61.9,52.9,61.9,0,2,31,100.0,100.0,96.8,0,2,0,99,0,0,0,99,34,34,0,99,65,0
Ryeshene Bronson,48268,WR,USF,10,34.5,0,327,61.9,,69.1,0,0,0,0.0,0.0,,0,0,0,99,0,0,0,287,0,187,0,0,99,0
Wolfgang Rehbock,58455,T,AIR FORCE,6,100.0,0,101,68.2,81.5,64.5,0,0,12,100.0,100.0,100.0,0,0,0,99,0,0,31,99,14,14,0,66,85,2
Antonio Williams,40197,HB,N CAROLINA,10,33.3,0,245,63.8,74.9,60.7,0,0,47,31.8,31.6,95.7,1,2,2,98,0,0,0,294,48,152,0,0,50,0
John Okwoli,40257,WR,WYOMING,12,61.3,0,351,52.7,,63.5,0,0,0,0.0,0.0,,0,0,0,98,0,0,0,160,0,62,0,0,98,0
Bryan Reimers,47898,WR,NEBRASKA,10,48.3,0,238,52.0,,55.4,0,0,0,0.0,0.0,,0,0,0,98,0,0,0,203,0,105,0,0,98,0
Shemar Thornton,84180,WR,FIU,11,52.7,0,166,64.4,,65.0,0,0,0,0.0,0.0,,0,0,0,98,0,0,0,186,0,88,0,0,98,0
Seth Green,40668,WR,MINNESOTA,13,41.5,0,225,70.2,,70.4,0,0,0,0.0,0.0,,0,0,0,98,0,0,0,236,0,61,0,0,98,1
Calvin Ashley,58519,T,AUBURN,3,100.0,0,115,54.5,34.1,60.4,1,1,48,100.0,100.0,91.7,0,5,3,98,0,0,0,98,48,48,0,97,50,1
Kyle Sweet,47717,WR,WASH STATE,13,21.2,0,341,57.7,,68.2,0,0,0,0.0,0.0,,1,0,0,98,5,0,0,463,0,365,0,0,98,1
Travis Reynolds,27066,TE,UMASS,8,55.7,0,216,52.3,34.7,49.2,0,0,19,21.1,20.4,100.0,1,0,0,98,0,0,4,176,20,98,0,13,78,104
Yo'Heinz Tyler,78181,WR,BALL ST,12,45.0,1,117,64.4,,58.1,0,0,0,0.0,0.0,,1,0,0,98,0,0,0,218,0,120,0,0,98,0
Dennis Bardwell,59720,T,HOUSTON,10,100.0,1,182,57.5,66.5,62.3,0,1,40,100.0,100.0,93.7,2,3,2,98,0,0,1,98,44,44,25,72,54,0
Jake Syptak,75874,T,RICE,7,99.0,0,275,34.5,19.6,46.0,2,1,47,97.9,98.0,94.7,1,4,1,98,0,0,92,99,49,50,0,3,49,4
Travell Harris,61810,WR,WASH STATE,13,21.7,0,341,55.2,,52.4,0,0,0,0.0,0.0,,1,0,0,97,0,0,0,447,0,349,0,0,97,0
Nick Wilson,28843,G,STANFORD,12,100.0,0,300,57.5,85.5,56.2,0,0,29,100.0,100.0,100.0,1,0,0,97,0,2,0,97,30,30,47,0,67,40
Ni'Jeel Meeking,61700,WR,TCU,12,60.2,0,305,52.4,61.9,60.4,0,0,1,1.6,1.5,100.0,0,0,0,97,0,0,0,161,1,65,0,0,96,0
Jahan Dotson,84375,WR,PENN STATE,8,43.9,0,266,68.2,,49.6,0,0,0,0.0,0.0,,0,0,0,97,0,0,0,221,0,124,0,0,97,0
Keller Chryst,46472,QB,TENNESSEE,8,58.4,0,307,70.2,,60.0,0,0,0,0.0,0.0,,0,0,0,97,0,0,0,166,0,59,0,0,97,0
Jake Burt,36147,TE,BOSTON COL,10,68.8,0,121,69.1,71.9,63.4,0,0,6,12.2,12.0,100.0,3,0,0,97,0,0,0,141,6,50,0,0,91,115
Jaqwis Dancy,34243,HB,LA TECH,11,25.3,0,208,80.1,57.0,54.1,0,5,68,30.9,31.6,94.9,0,6,1,96,0,0,0,380,72,228,0,0,24,2
Jovani Haskins,41005,TE,W VIRGINIA,12,52.2,0,343,70.7,67.6,68.1,0,0,11,11.8,12.9,100.0,0,0,0,96,0,0,1,184,13,101,0,1,83,83
Armand Shyne,45824,HB,UTAH,14,31.4,0,328,62.8,32.2,56.7,2,3,54,38.8,38.4,93.5,0,6,1,96,0,0,0,306,56,146,0,0,40,0
Blake Yager,36302,T,CINCINNATI,7,100.0,0,138,66.4,53.4,65.9,0,1,20,100.0,100.0,97.5,1,1,0,96,0,0,30,96,20,20,0,66,76,0
Jamal Turner,55368,TE,TOLEDO,12,66.7,0,316,47.9,77.6,43.3,0,0,11,19.0,21.3,100.0,1,0,0,96,0,0,1,144,13,61,0,0,83,51
Jonathan Alvarez,29653,G,OKLAHOMA,4,100.0,0,261,46.2,30.8,49.3,0,3,44,100.0,100.0,96.6,0,3,0,96,44,52,0,96,48,48,0,0,48,0
Javon Mosley,86866,T,NEW MEXICO,6,100.0,0,241,60.8,62.2,58.8,0,3,38,100.0,100.0,96.1,0,3,0,96,0,0,96,96,39,39,0,0,57,0
Nolan Eriksen,57116,FB,AIR FORCE,10,71.1,0,101,67.3,70.8,59.2,0,0,1,6.7,5.3,100.0,0,0,0,96,0,0,0,135,1,19,0,0,95,83
Toa Taua,83722,HB,NEVADA,13,20.5,0,239,73.0,86.3,59.6,0,0,73,28.9,29.1,100.0,1,0,0,95,0,0,0,463,76,261,0,0,19,0
Sean Chambers,75888,QB,WYOMING,4,51.9,0,351,79.1,,60.0,0,0,0,0.0,0.0,,0,0,0,95,0,0,0,183,0,27,0,0,95,0
Caleb Reams,47126,WR,ILLINOIS,11,52.8,0,187,59.1,,73.0,0,0,0,0.0,0.0,,0,0,0,95,0,0,0,180,0,85,0,0,95,0
Zac Crosby,39924,TE,S ALABAMA,10,86.4,0,288,56.3,74.8,53.2,0,0,10,41.7,42.3,100.0,1,0,0,95,0,0,0,110,11,26,0,0,84,101
Rocky Lombardi,60452,QB,MICH STATE,7,31.3,0,223,58.0,,60.2,0,0,0,0.0,0.0,,2,0,0,95,0,0,0,304,0,177,0,0,95,0
Everett Wormley,61613,WR,RUTGERS,10,49.2,0,278,49.0,,65.6,0,0,0,0.0,0.0,,1,0,0,95,0,0,0,193,0,98,0,0,95,0
Mike Van Hoeven,41296,C,E MICHIGAN,8,100.0,0,160,53.2,57.9,52.9,0,1,37,100.0,100.0,95.9,0,2,1,95,87,0,0,95,38,38,6,0,57,0
Jake Bobo,77997,WR,DUKE,13,49.2,0,154,66.8,,68.9,0,0,0,0.0,0.0,,0,0,0,95,0,0,0,193,0,98,0,0,95,0
KaVontae Turpin,47658,WR,TCU,7,37.1,0,305,72.1,,78.3,0,0,0,0.0,0.0,,1,0,0,95,0,0,0,256,0,159,0,0,95,0
Joshua Casher,28102,G,ALABAMA,8,100.0,0,103,72.6,63.5,71.8,0,1,16,100.0,100.0,96.9,0,1,0,95,0,24,0,95,18,18,71,0,77,0
Kyle Krepsz,81538,G,AIR FORCE,6,100.0,0,101,59.9,83.3,60.5,0,0,12,100.0,100.0,100.0,1,0,0,94,8,0,1,94,15,15,85,0,79,0
Brady Wright,48554,TE,RICE,8,95.9,0,275,50.1,73.1,50.1,0,0,8,66.7,66.7,100.0,0,0,0,94,0,0,5,98,8,12,0,10,86,81
Pooka Williams Jr.,77771,HB,KANSAS,11,21.0,1,198,90.1,49.9,56.1,1,6,66,26.9,26.4,94.7,1,7,0,94,0,0,0,448,68,258,0,0,26,0
Trey Derouen,37275,G,BUFFALO,6,100.0,0,126,56.7,70.4,57.2,0,1,30,100.0,100.0,98.3,1,1,0,94,0,94,0,94,31,31,0,0,63,0
Ben Mason,57070,FB,MICHIGAN,13,58.4,0,222,70.0,36.3,65.9,0,1,6,16.7,20.0,91.7,0,1,0,94,0,0,0,161,8,40,0,0,86,11
Chase Jasmin,41549,HB,S DIEGO ST,13,30.4,0,284,69.8,62.9,58.7,2,3,74,51.7,50.3,96.6,1,5,0,94,0,0,0,309,77,153,0,0,17,0
Holton Ahlers,77651,QB,E CAROLINA,10,18.8,0,156,71.4,65.5,60.2,0,0,0,0.0,0.3,,0,0,0,94,0,0,0,500,1,329,0,0,93,0
Robert Brown Jr.,57428,HB,TEXAS ST,10,42.0,0,314,68.1,57.2,72.5,1,2,31,34.4,35.4,95.2,0,3,0,94,0,0,0,224,34,96,0,0,60,0
Maleek Irons,45946,HB,OHIO,11,29.5,0,259,80.0,76.1,61.6,0,1,44,31.9,31.9,98.9,0,1,0,93,0,0,0,315,45,141,0,0,48,0
Mike Glass III,60369,QB,E MICHIGAN,8,31.6,0,160,71.3,,60.0,0,0,0,0.0,0.0,,0,0,0,93,0,0,0,294,0,153,0,0,93,0
J-Shun Harris II,28560,WR,INDIANA,10,26.2,1,190,64.0,62.1,53.9,0,0,1,0.4,0.4,100.0,1,0,0,93,0,0,0,355,1,263,0,0,92,1
Andrew Ford,27063,QB,UMASS,7,30.9,0,216,88.5,,60.2,0,0,0,0.0,0.0,,0,0,0,93,0,0,0,301,0,202,0,0,93,0
Jaelon Darden,61522,WR,N TEXAS,13,24.3,0,251,76.0,,58.9,0,0,0,0.0,0.0,,1,0,0,93,0,0,0,383,0,288,0,0,93,0
Kaleb Barker,46494,QB,TROY,6,31.8,0,318,72.5,62.2,60.0,0,0,1,0.7,0.6,100.0,2,0,0,93,0,0,0,292,1,160,0,0,92,0
Erik Brown,38363,WR,UTEP,7,39.7,0,330,61.6,,61.7,0,0,0,0.0,0.0,,0,0,0,93,0,0,0,234,0,141,0,0,93,0
Terry Mark,40446,WR,HOUSTON,13,41.7,0,182,58.7,,68.1,0,0,0,0.0,0.0,,2,0,0,93,0,0,0,223,0,130,0,0,93,0
Jacob Mathis,39891,TE,USF,10,78.8,0,327,47.4,72.1,48.6,0,0,8,24.2,24.2,100.0,1,0,0,93,0,0,0,118,8,33,0,1,85,70
Ryquell Armstead,45810,HB,TEMPLE,10,21.0,0,306,78.9,75.0,71.6,0,3,58,30.2,29.9,97.4,1,3,0,93,0,0,0,442,58,194,0,0,35,0
Johnny Woods,48238,WR,KENT STATE,10,45.5,0,201,54.5,,55.3,0,0,0,0.0,0.0,,3,0,0,92,0,0,0,202,0,110,0,0,92,0
Brian Reinke,50553,TE,AKRON,12,86.8,0,102,68.9,68.6,66.0,1,0,26,68.4,66.7,98.1,1,1,0,92,0,0,0,106,28,42,0,0,64,96
Darryl Jones,84286,WR,MARYLAND,12,57.5,0,215,64.5,,62.2,0,0,0,0.0,0.0,,0,0,0,92,0,0,0,160,0,66,0,0,92,0
Hunter Buczkowski,41264,FB,C MICHIGAN,12,86.0,0,134,76.4,51.4,77.0,1,0,11,42.3,42.3,95.5,0,1,0,92,0,0,0,107,11,26,0,0,81,76
Jordan Wilson,42112,TE,UCLA,10,77.3,0,324,48.8,73.9,45.3,0,0,7,21.2,22.9,100.0,0,0,0,92,0,0,1,119,8,35,0,2,84,96
Marcel Murray,83618,HB,ARK STATE,13,22.6,0,113,82.3,66.7,68.1,0,0,46,23.5,23.2,97.8,1,1,1,92,0,0,0,407,47,203,0,0,45,1
Max Anthony,36460,FB,RUTGERS,9,86.8,0,278,51.6,60.4,45.1,1,0,18,56.3,57.6,97.2,1,1,0,92,0,0,0,106,19,33,0,0,73,82
Jeff Strome,77538,C,C MICHIGAN,3,100.0,0,134,35.2,9.6,47.7,0,2,52,100.0,100.0,98.1,0,2,0,92,61,30,0,92,53,53,0,0,39,0
Josh Fenn,77510,G,TOLEDO,7,100.0,0,316,53.8,59.0,55.0,1,0,35,100.0,100.0,98.6,1,1,0,92,0,90,0,92,36,36,2,0,56,0
Drayton Law,55061,WR,C MICHIGAN,11,37.3,0,134,53.1,,61.4,0,0,0,0.0,0.0,,1,0,0,91,0,0,0,244,0,153,0,0,91,0
Brett Borske,42170,TE,W MICHIGAN,10,71.1,0,347,44.1,44.7,49.9,0,2,13,27.7,28.8,92.3,1,2,0,91,0,0,0,128,15,52,0,0,76,105
L.J. Scott,45940,HB,MICH STATE,5,33.7,0,223,61.4,50.3,49.5,1,5,60,38.5,38.3,95.0,0,6,0,91,0,0,0,270,62,162,0,0,29,0
Adam Harter,57057,FB,KANSAS ST,12,91.0,0,199,52.2,81.2,51.5,0,0,11,57.9,55.0,100.0,0,0,0,91,0,0,0,100,11,20,0,0,80,48
Cameron Davis,36882,T,ARK STATE,7,100.0,1,113,47.3,26.8,62.3,2,2,51,100.0,100.0,92.2,3,6,2,91,0,0,0,91,53,53,0,88,38,3
Josh Harshman,47108,TE,WYOMING,3,67.9,0,351,55.6,74.1,50.9,0,0,7,14.3,15.7,100.0,0,0,0,91,0,0,0,134,8,51,0,0,83,117
Terelle West,40835,HB,MIDDLE TN,14,34.5,0,224,71.3,81.5,60.2,1,0,46,30.7,31.2,96.7,0,2,1,91,0,0,0,264,49,157,0,0,42,6
Devin Reece,24244,WR,BALL ST,12,36.3,0,117,51.9,,67.4,0,0,0,0.0,0.0,,1,0,0,91,0,0,0,251,0,160,0,0,91,0
Ronnie Rivers,57208,HB,FRESNO ST,11,25.4,0,169,79.8,65.9,51.2,1,2,49,27.2,27.7,96.9,0,3,0,91,0,0,0,358,51,184,0,0,40,1
Kennedy McKoy,40095,HB,W VIRGINIA,12,21.7,0,343,71.7,58.1,57.1,1,3,72,29.5,30.0,95.8,0,5,1,90,0,0,0,415,77,257,0,0,13,0
Blake Proehl,61224,WR,E CAROLINA,11,21.0,0,156,59.5,,48.6,0,0,0,0.0,0.0,,1,0,0,90,0,0,0,428,0,337,0,0,90,2
Tyler Byrd,47660,WR,TENNESSEE,10,85.7,0,307,65.2,,73.5,0,0,0,0.0,0.0,,0,0,0,90,0,0,0,105,0,15,0,0,90,0
Fred Payton,82102,QB,COAST CAR,7,40.7,0,141,63.8,,60.3,0,0,0,0.0,0.0,,2,0,0,90,0,0,0,221,0,97,0,0,90,0
Mike Weber,28011,HB,OHIO STATE,13,19.4,0,260,71.1,56.3,78.8,2,3,55,22.6,22.3,95.5,1,5,0,90,0,0,0,465,57,256,0,0,33,0
DeeJay Dallas,55632,HB,MIAMI FL,13,30.6,0,220,74.9,80.8,73.4,0,1,37,28.9,29.1,98.6,0,1,0,90,0,0,0,294,39,134,0,0,51,2
Nick Ralston,36101,TE,ARIZONA ST,10,84.9,0,110,59.1,77.5,55.6,0,0,5,27.8,25.0,100.0,0,0,0,90,0,0,0,106,5,20,0,1,85,27
D'vonte Price,55158,HB,FIU,13,32.6,0,166,73.4,41.0,59.0,0,3,20,18.2,18.6,87.5,0,4,1,90,0,0,0,276,21,113,0,0,69,0
Mekhi Sargent,83684,HB,IOWA,13,21.0,0,192,72.0,39.6,74.1,2,4,65,27.5,28.6,93.8,2,7,1,90,0,0,0,428,71,248,0,0,19,0
Jeremy Cox,46004,HB,DOMINION,9,24.8,0,263,72.7,66.2,61.8,1,1,63,28.5,28.3,98.4,0,2,0,89,0,0,0,359,66,233,0,0,23,1
Jaylond Adams,61665,WR,SO MISS,4,38.9,0,296,70.3,61.9,67.9,0,0,1,0.7,0.7,100.0,0,0,0,89,0,0,0,229,1,141,0,0,88,0
CT Thomas,61168,WR,BOISE ST,13,25.3,0,120,73.2,,63.1,0,0,0,0.0,0.0,,1,0,0,89,0,0,0,352,0,259,0,0,89,1
Sam Dervil,59674,T,E MICHIGAN,8,100.0,0,160,59.8,61.8,57.9,0,1,30,100.0,100.0,98.3,1,1,0,89,0,0,0,89,32,32,0,89,57,0
Jonathan Giles,47416,WR,LSU,11,41.8,0,211,50.6,,64.4,0,0,0,0.0,0.0,,0,0,0,89,0,0,0,213,0,124,0,0,89,5
Jacques Patrick,45704,HB,FLORIDA ST,12,27.1,0,167,70.2,89.6,59.3,0,1,65,35.9,34.0,99.2,0,1,0,89,0,0,0,329,65,191,0,0,24,0
Trey Pugh,57358,TE,NWESTERN,10,71.2,0,256,48.1,28.7,60.2,1,0,7,16.7,18.2,92.9,0,1,0,89,0,0,0,125,8,44,0,0,81,102
Clay Cordasco,52126,G,OREGON ST,8,100.0,1,265,57.3,45.8,62.9,0,2,43,100.0,100.0,97.7,3,2,0,89,0,0,0,89,47,47,73,15,42,0
Christian Alexander-Stevens,103945,,FIU,10,49.4,0,166,75.5,62.2,60.0,0,0,1,1.6,1.5,100.0,0,0,0,88,0,0,0,178,1,66,0,0,87,0
Thomas Reid III,61132,WR,ARIZONA,12,63.8,0,109,52.8,,55.0,0,0,0,0.0,0.0,,2,0,0,88,0,0,0,138,0,50,0,0,88,0
Zach Bycznski,41496,G,CINCINNATI,6,100.0,0,138,55.5,83.3,52.7,0,0,21,100.0,100.0,100.0,0,0,0,88,9,72,0,88,21,21,7,0,67,0
Dean Powell,81583,G,ARMY,7,100.0,0,114,60.5,29.3,60.5,1,0,7,100.0,100.0,92.9,0,1,0,88,0,40,0,88,7,7,48,0,81,0
Bryce Love,38396,HB,STANFORD,10,22.7,0,300,74.6,83.3,59.3,1,1,73,37.2,38.8,98.6,0,2,0,88,0,0,0,387,81,209,0,0,7,0
Vavae Malepeai,40626,HB,USC,12,28.6,1,326,77.4,67.5,57.0,0,4,60,33.5,34.0,95.0,1,5,1,88,0,0,0,308,65,191,0,0,23,1
Jafar Armstrong,61555,HB,NOTRE DAME,10,34.4,0,258,70.0,42.3,53.5,1,4,39,29.8,29.1,93.6,0,5,0,88,0,0,0,256,39,134,0,0,49,1
Zach Austin,30320,WR,TEXAS TECH,12,31.4,0,315,52.9,,38.6,0,0,0,0.0,0.0,,1,0,0,88,0,0,0,280,0,192,0,0,88,1
Zak Simon,52117,WR,UMASS,11,37.8,0,216,68.3,67.5,68.9,0,0,1,0.7,0.7,100.0,1,0,0,88,0,0,0,233,1,146,0,0,87,3
Derek Kief,48249,WR,ALABAMA,13,72.7,0,103,64.3,,68.2,0,0,0,0.0,0.0,,0,0,0,88,0,0,0,121,0,33,0,0,88,0
Drew Plitt,39879,QB,BALL ST,8,32.8,0,117,71.6,62.2,60.0,0,0,1,0.6,0.6,100.0,0,0,0,88,0,0,0,268,1,165,0,0,87,0
Bryson Smith,60395,WR,HOUSTON,12,35.1,0,182,71.6,,54.2,0,0,0,0.0,0.0,,0,0,0,88,0,0,0,251,0,145,0,0,88,2
Corey Taylor II,40707,HB,TULSA,11,25.1,0,320,78.4,66.7,71.6,0,2,63,45.7,44.4,98.4,0,2,0,87,0,0,0,346,64,144,0,0,23,0
Xzaviar Campbell,13959,HB,UNLV,12,48.1,0,325,72.9,45.8,62.5,1,1,28,41.2,43.7,92.9,0,3,1,87,0,0,0,181,31,71,0,0,56,0
Rob Ritrovato,45029,FB,TEMPLE,13,31.5,0,306,59.2,75.9,55.4,0,0,52,31.7,30.6,100.0,0,0,0,87,0,0,0,276,52,170,0,0,35,1
Zeb Noland,40508,QB,IOWA STATE,5,40.8,0,193,59.1,,60.4,0,0,0,0.0,0.0,,0,0,0,87,0,0,0,213,0,125,0,0,87,0
Stephen Louis,47458,WR,NC STATE,5,46.0,0,248,61.6,,55.9,0,0,0,0.0,0.0,,0,0,0,87,0,0,0,189,0,99,0,0,87,7
James Williams,39555,HB,WASH STATE,13,14.4,0,341,79.2,27.0,57.4,0,6,45,10.5,10.9,91.1,0,7,1,87,0,0,0,603,48,442,0,0,39,0
Clayton Tune,77652,QB,HOUSTON,5,34.5,0,182,57.9,,60.3,0,0,0,0.0,0.0,,0,0,0,87,0,0,0,252,0,154,0,0,87,0
Mike Collins,60549,QB,TCU,9,31.6,0,305,56.7,,60.3,0,0,0,0.0,0.0,,2,0,0,87,0,0,0,275,0,165,0,0,87,0
Tariq Woolen,61790,WR,UTSA,12,32.7,0,331,55.8,,49.2,0,0,0,0.0,0.0,,0,0,0,87,0,0,0,266,0,179,0,0,87,5
Mike Martin,34551,FB,NAVY,12,66.9,0,237,56.7,68.9,57.8,0,0,21,91.3,81.5,95.2,1,1,1,87,0,0,0,130,22,27,0,0,65,0
Xavier Brown,48031,WR,LA MONROE,4,38.7,0,209,62.1,,48.1,0,0,0,0.0,0.0,,0,0,0,87,0,0,0,225,0,138,0,0,87,0
Henry Colombi,60583,QB,UTAH ST,6,59.3,0,329,77.2,,60.0,0,0,0,0.0,0.0,,0,0,0,86,0,0,0,145,0,44,0,0,86,0
Gino Appleberry,83803,HB,W KENTUCKY,12,37.7,0,346,62.7,80.0,60.3,0,3,51,38.1,39.7,97.1,1,3,0,86,0,0,0,228,56,141,0,0,30,3
Kwamie Lassiter II,23226,WR,KANSAS,10,36.8,0,198,56.9,,64.5,0,0,0,0.0,0.0,,0,0,0,86,0,0,0,234,0,148,0,0,86,0
Blaze Moorhead,33327,WR,UTSA,9,32.0,0,331,62.7,,54.6,0,0,0,0.0,0.0,,0,0,0,86,0,0,0,269,0,182,0,0,86,1
Da'Leon Ward,40150,HB,TEXAS TECH,8,25.2,0,315,69.8,84.8,52.0,0,2,43,20.6,20.5,97.7,0,2,0,86,0,0,0,341,45,219,0,0,41,1
Justin Fields,82118,QB,GEORGIA,12,49.7,0,173,90.1,,60.0,0,0,0,0.0,0.0,,1,0,0,86,0,0,0,173,0,60,0,0,86,0
Tavares Kelly Jr.,78002,WR,VIRGINIA,13,36.0,0,335,57.0,,61.4,0,0,0,0.0,0.0,,0,0,0,86,0,0,0,239,0,148,0,0,86,1
Brett Neilon,55555,C,USC,3,100.0,0,326,66.1,83.5,60.6,0,0,39,100.0,100.0,100.0,0,0,0,86,81,0,0,86,42,42,0,0,44,0
Kenny Young,29207,HB,MIAMI OH,10,28.2,0,221,73.1,49.9,57.0,1,2,39,20.4,21.4,93.6,0,4,1,86,0,0,0,305,43,201,0,0,43,1
Brad Anderson,57302,HB,MIDDLE TN,6,33.6,0,224,67.8,82.5,38.3,0,0,19,11.6,12.0,100.0,0,0,0,86,0,0,0,256,20,167,0,0,66,0
Leonard Taylor,62290,TE,CINCINNATI,6,84.3,0,138,67.0,64.4,59.0,0,0,1,5.9,5.9,100.0,1,0,0,86,0,0,0,102,1,17,0,0,85,90
KeSean Carter,78146,WR,TEXAS TECH,12,40.0,0,315,74.0,,70.0,0,0,0,0.0,0.0,,0,0,0,86,0,0,0,215,0,125,0,0,86,2
Israel Tucker,40566,HB,LA TECH,10,28.9,0,208,62.6,62.4,59.2,1,2,61,34.9,34.8,97.5,0,3,0,86,0,0,0,298,63,181,0,0,23,1
La'Darius Jefferson,83704,HB,MICH STATE,11,37.6,0,223,58.5,81.3,59.9,1,0,44,41.9,43.5,98.9,0,1,0,85,0,0,0,226,47,108,0,0,38,0
Klint Harvey,37196,G,ARK STATE,7,100.0,0,113,55.0,71.2,51.4,1,0,33,100.0,100.0,98.5,1,1,0,85,0,84,0,85,37,37,0,0,48,0
John Lovett,57157,HB,BAYLOR,12,30.7,0,118,70.3,55.8,69.3,0,4,47,38.5,38.0,93.6,0,5,1,85,0,0,0,277,49,129,0,0,36,0
Kam McKnight,12675,HB,LA TECH,13,37.4,0,208,74.9,78.7,67.6,1,1,55,49.5,51.6,98.2,1,2,0,85,0,0,0,227,63,122,0,0,22,1
Nick Saldiveri,81785,T,DOMINION,3,100.0,0,263,69.2,79.7,63.4,0,0,36,100.0,100.0,100.0,0,0,0,85,0,0,43,85,36,36,0,42,49,0
Hayden Moore,46410,QB,CINCINNATI,7,51.2,0,138,68.2,,60.1,0,0,0,0.0,0.0,,1,0,0,85,0,0,0,166,0,58,0,0,85,0
Dontay Demus Jr.,84284,WR,MARYLAND,12,47.5,0,215,73.0,,69.6,0,0,0,0.0,0.0,,1,0,0,85,0,0,0,179,0,94,0,0,85,0
Michael Ezeike,84464,WR,UCLA,8,38.1,0,324,59.2,,59.1,0,0,0,0.0,0.0,,0,0,0,85,0,0,0,223,0,137,0,0,85,6
La'Mical Perine,26408,HB,FLORIDA,13,23.6,0,163,83.8,37.5,60.1,0,4,31,19.1,20.0,93.5,1,4,0,84,0,0,0,356,34,170,0,0,50,0
Trent Cloud,55094,WR,CINCINNATI,12,66.1,0,138,65.0,,70.6,0,0,0,0.0,0.0,,0,0,0,84,0,0,0,127,0,43,0,0,84,1
Aca'Cedric Ware,34669,HB,USC,12,26.6,0,326,78.1,60.0,58.2,0,3,64,39.0,39.3,96.1,2,4,1,84,0,0,0,316,68,173,0,0,16,0
Chris Hughes,23029,G,KANSAS,5,100.0,0,198,53.4,69.6,53.6,0,0,33,100.0,100.0,100.0,1,0,0,84,0,0,0,84,33,33,83,0,51,0
Rodney Scott III,55040,WR,BUFFALO,12,62.2,0,126,49.2,,44.3,0,0,0,0.0,0.0,,1,0,0,84,0,0,0,135,0,51,0,0,84,0
Jonathan Ifedi,41402,WR,GA STATE,12,41.6,0,175,56.0,,75.4,0,0,0,0.0,0.0,,0,0,0,84,0,0,0,202,0,118,0,0,84,0
Kemore Gamble,60888,TE,FLORIDA,12,56.0,0,163,49.9,71.1,41.9,0,1,19,22.9,24.1,97.4,0,1,0,84,0,0,0,150,21,87,0,0,63,92
Travis Boman,42289,TE,UTAH ST,8,80.0,0,329,62.0,67.8,64.1,0,0,1,4.5,4.5,100.0,0,0,0,84,0,0,0,105,1,22,0,0,83,82
Jordan Davis,38301,TE,LOUISVILLE,9,60.4,0,210,42.9,54.8,50.6,0,1,11,16.9,16.7,95.5,3,1,0,84,0,0,0,139,11,66,0,0,73,132
Will Phillips,43531,FB,RICE,6,85.7,0,275,42.5,37.0,44.7,1,0,7,36.8,35.0,92.9,0,1,0,84,0,0,0,98,7,20,0,0,77,57
Darius Pinnix Jr.,57192,HB,E CAROLINA,10,36.4,0,156,76.9,81.8,66.3,0,0,27,23.5,25.4,96.3,0,1,1,84,0,0,0,231,31,122,0,0,53,4
Dale Brown,26293,TE,N ILLINOIS,12,98.8,0,254,66.1,57.6,68.2,1,0,9,90.0,91.7,94.4,1,1,0,84,0,0,1,85,11,12,0,1,73,80
Netane Muti,41339,T,FRESNO ST,2,100.0,1,169,72.9,87.6,69.9,0,0,44,100.0,100.0,100.0,2,0,0,84,0,0,84,84,45,45,0,0,39,0
Reagan Williams,38401,FB,STANFORD,12,97.6,0,300,55.6,78.3,54.8,0,0,3,60.0,71.4,100.0,0,0,0,83,0,0,0,85,5,7,0,0,78,2
Davarius Bargnare,78827,WR,GA SOUTHRN,10,58.5,0,174,65.4,,50.2,0,0,0,0.0,0.0,,1,0,0,83,0,0,0,142,0,58,0,0,83,0
Quentin Harris,26084,QB,DUKE,12,40.1,0,154,55.5,,60.2,0,0,0,0.0,0.0,,0,0,0,83,0,0,0,207,0,82,0,0,83,0
Sam Gerak,59970,G,NWESTERN,3,100.0,0,256,58.2,66.7,55.7,0,2,34,100.0,100.0,97.1,0,2,0,83,0,83,0,83,36,36,0,0,47,0
Marcus Joyner,40796,TE,DOMINION,8,79.8,0,263,81.6,73.3,83.9,0,0,19,51.4,50.0,100.0,0,0,0,83,0,0,0,104,21,42,0,0,62,80
Zahneer Shuler,57333,HB,NEW MEXICO,12,50.6,0,241,59.4,31.7,77.9,0,3,28,48.3,48.3,94.6,1,3,0,83,0,0,0,164,29,60,0,0,54,0
Keion Davis,35011,HB,MARSHALL,8,27.7,0,214,70.1,42.4,52.3,0,4,52,31.5,31.6,96.2,2,4,0,82,0,0,0,296,54,171,0,0,28,0
Jake Cerny,41952,T,ILLINOIS,5,100.0,1,187,62.0,78.5,60.5,0,1,26,100.0,100.0,98.1,2,1,0,82,0,0,81,82,30,30,0,1,52,0
Luke Ford,83973,TE,GEORGIA,9,89.1,0,173,59.5,64.5,60.8,0,0,1,9.1,9.1,100.0,0,0,0,82,0,0,0,92,1,11,0,0,81,71
Jett Duffey,41634,QB,TEXAS TECH,8,24.5,0,315,75.3,,60.0,0,0,0,0.0,0.0,,2,0,0,82,0,0,0,335,0,203,0,0,82,0
Khalil Herbert,41668,HB,KANSAS,12,30.4,0,198,73.5,72.6,73.8,0,3,55,45.5,45.8,97.3,0,3,0,82,0,0,0,270,60,131,0,0,22,0
Jayson Stanley,48212,WR,GEORGIA,10,67.8,0,173,63.0,,47.7,0,0,0,0.0,0.0,,1,0,0,82,0,0,0,121,0,35,0,0,82,5
J.C. Chalk,39958,TE,CLEMSON,14,78.1,0,140,53.1,72.2,52.3,0,0,12,34.3,34.3,100.0,0,0,0,82,0,0,0,105,12,35,0,0,70,60
Kolby Taylor,52141,WR,OREGON ST,10,44.6,0,265,57.9,,55.2,0,0,0,0.0,0.0,,0,0,0,82,0,0,0,184,0,102,0,0,82,0
Josh Jackson,40482,QB,VA TECH,3,49.1,0,337,72.2,,60.0,0,0,0,0.0,0.0,,0,0,0,82,0,0,0,167,0,64,0,0,82,0
Patrick Taylor,40448,HB,MEMPHIS,14,17.0,0,218,76.6,70.6,64.1,0,2,45,20.5,20.3,95.6,1,3,1,82,0,0,0,481,48,237,0,0,34,2
Austin Watkins,84457,WR,UAB,4,54.3,0,321,65.5,,68.8,0,0,0,0.0,0.0,,0,0,0,82,0,0,0,151,0,69,0,0,82,0
Jonathan Holland,28302,TE,PENN STATE,7,59.0,0,266,54.2,72.2,68.9,0,0,6,10.2,10.9,100.0,0,0,0,82,0,0,0,139,7,64,0,0,75,85
Jonathan Ward,25859,HB,C MICHIGAN,9,30.1,1,134,61.6,53.2,55.8,1,2,30,20.7,20.8,95.0,1,3,0,82,0,0,0,272,31,149,0,0,51,0
David Bouvier,28637,WR,KENTUCKY,13,32.3,0,202,61.9,,32.1,0,0,0,0.0,0.0,,0,0,0,82,0,0,0,254,0,172,0,0,82,0
Kelvin Ateman,55362,T,TOLEDO,5,100.0,0,316,60.9,67.0,57.9,0,1,38,100.0,100.0,98.7,0,1,0,82,0,40,41,82,38,38,0,1,44,0
Samuel Jackson,55403,G,UCF,4,100.0,0,323,61.0,80.6,56.9,0,1,33,100.0,100.0,98.5,0,1,0,82,0,1,0,82,39,39,81,0,43,0
Isiah Moore,26971,G,BOISE ST,3,100.0,0,120,53.1,28.3,55.6,1,0,39,100.0,100.0,96.2,0,2,1,82,0,0,0,82,39,39,82,0,43,0
Je'Vionte' Nash,44818,T,WAKE,8,100.0,0,339,60.9,52.5,60.8,0,0,24,100.0,100.0,95.8,0,1,1,81,0,0,81,81,24,24,0,0,57,0
Quentin Hardy,47379,TE,MIAMI OH,11,63.8,1,221,58.2,73.8,60.1,0,0,12,21.4,20.7,100.0,1,0,0,81,0,0,0,127,12,58,0,0,69,98
Mike Johnson,41265,G,ARMY,6,100.0,0,114,71.5,79.8,69.7,0,0,9,100.0,100.0,100.0,0,0,0,81,0,5,0,81,9,9,69,7,72,0
Shocky Jacques-Louis,77960,WR,PITTSBURGH,10,36.8,0,268,47.6,,52.3,0,0,0,0.0,0.0,,0,0,0,81,0,0,0,220,0,132,0,0,81,0
Jalen McCleskey,47668,WR,OKLA STATE,4,39.3,0,262,58.6,,65.5,0,0,0,0.0,0.0,,0,0,0,81,0,0,0,206,0,124,0,0,81,1
Joshua Kelley,13750,HB,UCLA,11,14.9,0,324,83.5,51.4,58.1,2,3,51,18.3,18.0,93.1,1,6,1,81,0,0,0,544,52,289,0,0,29,1
Bryson Speas,59937,G,NC STATE,6,100.0,0,248,62.5,81.7,58.5,0,1,37,100.0,100.0,98.6,0,1,0,81,0,80,0,81,38,38,1,0,43,0
Blake Vinson,60799,T,CLEMSON,11,100.0,0,140,51.8,53.2,51.3,0,0,27,100.0,100.0,100.0,0,0,0,81,0,24,9,81,27,27,16,32,54,0
Garrett Collingham,35036,TE,BOISE ST,10,63.5,1,120,66.9,50.8,62.4,0,0,2,4.3,4.3,100.0,3,0,0,80,0,0,0,126,2,47,0,0,78,95
Quireo Woodley,59697,T,FRESNO ST,3,100.0,0,169,65.8,61.8,65.3,1,2,44,100.0,100.0,96.6,1,3,0,80,0,10,0,80,45,45,0,70,35,0
Max Borghi,83802,HB,WASH STATE,13,17.2,0,341,67.9,43.4,59.3,1,3,44,12.6,13.5,95.5,0,4,0,80,0,0,0,466,49,362,0,0,31,0
Jordan Mims,57209,HB,FRESNO ST,12,26.2,0,169,74.2,78.4,55.1,0,2,59,36.0,35.7,98.3,0,2,0,80,0,0,0,305,61,171,0,0,19,0
Baveon Johnson,41337,G,FLORIDA ST,4,100.0,0,167,50.7,36.5,51.5,1,2,41,100.0,100.0,96.3,0,3,0,80,5,0,0,80,46,46,75,0,34,0
Spencer Gardner,59800,T,LA LAFAYET,5,100.0,0,207,55.4,52.7,55.4,1,2,33,100.0,100.0,92.4,0,4,1,80,0,0,49,80,34,34,0,27,46,4
Cole Turner,84330,WR,NEVADA,10,56.3,0,239,54.2,,58.1,0,0,0,0.0,0.0,,0,0,0,80,0,0,0,142,0,62,0,0,80,0
Damond Philyaw-Johnson,61222,WR,DUKE,11,33.1,0,154,51.1,,70.6,0,0,0,0.0,0.0,,0,0,0,80,0,0,0,242,0,162,0,0,80,0
Deltron Sands,33981,HB,AKRON,11,54.8,0,102,62.9,76.0,65.6,1,2,58,69.0,69.9,95.7,0,4,1,80,0,0,0,146,65,93,0,0,15,0
Henry Bainivalu,60214,G,WASHINGTON,9,100.0,0,340,61.4,78.8,61.5,0,1,27,100.0,100.0,98.1,1,1,0,80,0,39,26,80,28,28,0,12,52,3
Micah Vanterpool,52075,T,HAWAII,6,100.0,0,180,65.9,73.5,59.6,0,0,47,100.0,100.0,95.7,1,2,2,80,0,0,53,80,52,52,0,27,28,0
A.D. Miller,48310,WR,OKLAHOMA,9,50.6,0,261,67.1,,61.9,0,0,0,0.0,0.0,,0,0,0,80,0,0,0,158,0,78,0,0,80,0
Vincent McConnell,55089,T,CINCINNATI,5,100.0,0,138,52.8,42.6,53.7,0,0,16,100.0,100.0,93.7,0,1,1,80,0,22,58,80,16,16,0,0,64,0
Bailey Sharp,37059,T,AUBURN,5,100.0,0,115,72.5,56.1,70.7,0,0,13,100.0,100.0,92.3,0,1,1,79,0,0,65,79,13,13,0,4,66,9
Rontavius Groves,40901,WR,N CAROLINA,9,53.0,0,245,64.1,,61.9,0,0,0,0.0,0.0,,1,0,0,79,0,0,0,149,0,70,0,0,79,0
Tyler Pritchett,41174,G,N CAROLINA,4,100.0,0,245,57.1,52.5,57.0,1,2,45,100.0,100.0,96.7,0,3,0,79,12,11,0,79,45,45,56,0,34,0
Jeremy Ruckert,84029,TE,OHIO STATE,13,60.8,0,260,53.3,63.7,62.1,0,0,10,16.9,16.4,100.0,0,0,0,79,0,0,0,130,10,61,0,0,69,102
Cade Brewer,61034,TE,TEXAS,14,69.3,0,311,50.7,69.0,51.8,0,0,18,34.0,34.0,100.0,1,0,0,79,0,0,2,114,18,53,0,0,61,65
Christian Pabico,34451,WR,UCLA,10,29.5,1,324,53.8,,55.0,0,0,0,0.0,0.0,,1,0,0,79,0,0,0,268,0,189,0,0,79,3
AJ Dillon,57165,HB,BOSTON COL,10,20.1,0,121,71.8,49.0,55.2,1,2,40,31.3,31.3,96.2,0,3,0,79,0,0,0,394,40,128,0,0,39,0
Max Rosenthal,57072,FB,MICH STATE,8,92.9,0,223,60.5,83.0,59.0,0,0,10,66.7,62.5,100.0,0,0,0,79,0,0,0,85,10,16,0,0,69,15
Cannon Smith,47394,TE,CLEMSON,14,71.2,0,140,53.4,60.0,50.6,0,1,9,22.0,22.0,94.4,0,1,0,79,0,0,1,111,9,41,0,0,70,73
Grayson Gunter,42364,TE,ARKANSAS,12,56.1,2,111,60.3,50.9,57.8,1,0,9,13.2,14.1,94.4,2,1,0,78,0,0,0,139,10,71,0,0,68,73
Demarcus Felton,45678,HB,TEXAS TECH,12,34.1,0,315,64.9,56.6,51.9,1,2,37,30.3,31.0,95.9,0,3,0,78,0,0,0,229,39,126,0,0,39,7
Emmanuel Esukpa,35605,HB,RICE,8,33.2,0,275,58.2,81.1,58.2,0,1,60,63.8,63.9,99.2,0,1,0,78,0,0,0,235,62,97,0,0,16,0
Mark Pope,78014,WR,MIAMI FL,10,50.0,0,220,46.8,,43.8,0,0,0,0.0,0.0,,2,0,0,78,0,0,0,156,0,77,0,0,78,0
Trevis Graham,102925,WR,TEXAS ST,9,52.0,0,314,52.8,,49.1,0,0,0,0.0,0.0,,0,0,0,78,0,0,0,150,0,72,0,0,78,0
Trevor Speights,39911,HB,STANFORD,9,36.4,0,300,59.2,67.0,59.0,0,4,63,48.8,50.7,96.8,1,4,0,78,0,0,0,214,73,144,0,0,5,0
Mulbah Car,40929,HB,HOUSTON,10,41.7,0,182,73.1,86.6,48.8,1,0,56,58.3,59.2,99.1,0,1,0,78,0,0,0,187,61,103,0,0,17,1
Tyrell Shavers,61107,WR,ALABAMA,13,74.3,0,103,56.4,,71.5,0,0,0,0.0,0.0,,0,0,0,78,0,0,0,105,0,27,0,0,78,0
Kavika Johnson,46384,WR,UTEP,4,54.2,0,330,54.0,,69.2,0,0,0,0.0,0.0,,0,0,0,78,0,0,0,144,0,61,0,0,78,4
Jordan Tucker,59936,T,N CAROLINA,3,100.0,0,245,78.9,68.0,72.6,0,2,34,100.0,100.0,97.1,0,2,0,78,0,0,0,78,34,34,0,78,44,0
Luke Harris,41383,T,MIDDLE TN,8,97.5,0,224,48.6,45.9,50.7,0,1,19,90.5,91.3,97.4,0,1,0,78,0,0,0,80,21,23,0,52,57,27
Tommy DeVito,60545,QB,SYRACUSE,8,40.4,0,304,72.1,,60.0,0,0,0,0.0,0.0,,2,0,0,78,0,0,0,193,0,104,0,0,78,0
Malik Murray,61276,WR,GA SOUTHRN,11,75.5,0,174,65.8,,61.1,0,0,0,0.0,0.0,,0,0,0,77,0,0,0,102,0,23,0,0,77,0
Brodrick Yancy,44977,WR,TEMPLE,11,40.3,0,306,69.9,,57.2,0,0,0,0.0,0.0,,0,0,0,77,0,0,0,191,0,114,0,0,77,0
Jake Fuzak,44882,T,BUFFALO,8,100.0,0,126,81.0,80.0,76.7,0,0,10,100.0,100.0,100.0,1,0,0,77,0,0,57,77,10,10,0,20,67,0
William Brown,77645,QB,SMU,7,36.7,0,287,65.7,,60.0,0,0,0,0.0,0.0,,0,0,0,77,0,0,0,210,0,107,0,0,77,0
Hassan Hall,77705,HB,LOUISVILLE,12,28.9,0,210,67.2,20.5,56.5,0,3,44,27.5,28.5,89.8,0,6,3,77,0,0,0,266,47,165,0,0,30,1
Kameron Eloph,37497,C,HOUSTON,6,100.0,0,182,48.3,83.6,43.3,0,0,36,100.0,100.0,100.0,0,0,0,77,72,0,0,77,37,37,5,0,40,0
Kabion Ento,26015,WR,COLORADO,11,34.7,1,143,59.0,,71.0,0,0,0,0.0,0.0,,2,0,0,77,0,0,0,222,0,145,0,0,77,0
Kurt Rafdal,60971,TE,NEBRASKA,12,47.5,0,238,51.7,61.5,57.3,0,0,7,8.3,9.6,100.0,0,0,0,77,0,0,1,162,9,94,0,2,68,90
Amir Abdur-Rahman,84499,WR,VANDERBILT,11,64.7,1,333,73.9,61.9,77.8,0,0,1,2.5,2.3,100.0,1,0,0,77,0,0,0,119,1,43,0,0,76,1
Wiley Green,75891,QB,RICE,4,40.6,0,275,54.2,,61.7,0,0,0,0.0,0.0,,0,0,0,76,0,0,0,187,0,106,0,0,76,0
Scott Lashley,40723,T,ALABAMA,8,100.0,0,103,61.9,80.2,62.7,0,0,8,100.0,100.0,100.0,1,0,0,76,0,0,39,76,8,8,0,37,68,0
Michiah Quick,44732,WR,FRESNO ST,8,33.8,0,169,56.7,,72.2,0,0,0,0.0,0.0,,1,0,0,76,0,0,0,225,0,147,0,0,76,0
Mac Jones,60323,QB,ALABAMA,11,77.6,0,103,61.0,,60.0,0,0,0,0.0,0.0,,1,0,0,76,0,0,0,98,0,14,0,0,76,0
Stephon Huderson,57434,HB,TULANE,12,36.2,0,319,67.3,62.4,64.8,1,1,37,37.4,36.5,94.6,1,3,1,76,0,0,0,210,38,104,0,0,38,0
Karter Shaw,81898,G,UTAH ST,4,100.0,0,329,64.1,66.3,62.9,1,0,22,100.0,100.0,97.7,0,1,0,76,0,24,0,76,25,25,52,0,51,0
Brian King,61668,TE,SO MISS,10,83.5,0,296,61.3,79.3,56.1,0,0,15,53.6,50.0,100.0,0,0,0,76,0,0,0,91,15,30,0,0,61,42
Alex Delton,34840,QB,KANSAS ST,7,30.6,0,199,59.8,,60.8,0,0,0,0.0,0.0,,2,0,0,76,0,0,0,248,0,110,0,0,76,0
Corey Gaynor,59844,G,MIAMI FL,4,100.0,0,220,61.7,58.7,61.0,1,1,29,100.0,100.0,96.6,0,2,0,76,33,8,0,76,30,30,35,0,46,0
Julio Garcia,28977,G,UNLV,2,100.0,0,325,67.5,66.6,67.0,0,2,32,100.0,100.0,96.9,0,2,0,75,0,74,0,75,35,35,1,0,40,0
Xavier Smith,134137,TE,E CAROLINA,5,80.6,0,156,85.7,75.2,61.0,0,0,12,41.4,41.9,100.0,0,0,0,75,0,0,0,93,13,31,0,0,62,88
Kyle Evans,45822,HB,COLORADO,12,29.5,1,143,58.1,60.8,49.5,0,1,44,30.3,31.8,98.9,1,1,0,75,0,0,0,254,50,157,0,0,25,0
KJ Uluave,46820,T,UTAH ST,5,100.0,0,329,61.2,80.7,56.3,0,0,23,100.0,100.0,100.0,0,0,0,75,0,8,44,75,25,25,9,14,50,0
Trey Ragas,42174,HB,LA LAFAYET,14,17.3,0,207,87.1,63.5,58.4,0,1,45,24.1,24.6,98.9,0,1,0,75,0,0,0,434,48,195,0,0,27,0
Travis Levy,57164,HB,BOSTON COL,12,28.8,0,121,60.0,52.0,61.4,0,0,40,23.8,25.1,100.0,0,0,0,75,0,0,0,260,44,175,0,0,31,1
John Hightower,84142,WR,BOISE ST,10,34.2,0,120,86.9,,71.4,0,0,0,0.0,0.0,,1,0,0,75,0,0,0,219,0,137,0,0,75,0
Larry Rountree III,57308,HB,MISSOURI,13,16.0,0,229,81.4,74.6,57.4,0,0,45,22.4,25.0,100.0,1,0,0,75,0,0,0,469,54,216,0,0,21,0
Gabriel Houy,60020,T,PITTSBURGH,7,100.0,0,268,63.0,52.1,64.1,0,1,32,100.0,100.0,98.4,0,1,0,75,0,0,5,75,35,35,6,61,40,2
Mason Veal,36986,T,N CAROLINA,5,100.0,0,245,66.1,86.5,59.3,0,1,32,100.0,100.0,98.4,0,1,0,75,0,25,45,75,33,33,0,5,42,0
Josh Jacobs,45953,HB,ALABAMA,15,21.9,0,103,84.0,64.1,67.2,0,2,34,19.2,19.3,97.1,1,2,0,75,0,0,0,343,35,181,0,0,40,1
Isaac Holder,26315,WR,E MICHIGAN,13,39.1,0,160,59.4,,61.8,0,0,0,0.0,0.0,,0,0,0,75,0,0,0,192,0,117,0,0,75,1
Obinna Eze,59837,T,MEMPHIS,6,100.0,0,218,70.9,76.9,67.0,0,1,25,100.0,100.0,98.0,0,1,0,75,0,0,74,75,26,26,0,1,49,0
Isiah Cox,78199,WR,OHIO,13,44.9,0,259,72.6,,74.2,0,0,0,0.0,0.0,,0,0,0,75,0,0,0,167,0,92,0,0,75,0
Darius Anderson,45958,HB,TCU,11,22.2,0,305,70.6,59.7,50.6,0,3,37,21.6,22.2,93.2,0,4,1,74,0,0,0,334,39,176,0,0,35,0
Cam Thomas,60340,QB,ARMY,8,57.8,0,114,61.0,,60.0,0,0,0,0.0,0.0,,1,0,0,74,0,0,0,128,0,3,0,0,74,0
Cameron Hairston,55122,WR,UCONN,7,64.3,0,146,50.1,,63.5,0,0,0,0.0,0.0,,0,0,0,74,0,0,0,115,0,41,0,0,74,0
Sam Marrazzo,60170,G,UCLA,6,100.0,0,324,58.5,55.2,57.8,0,1,34,100.0,100.0,98.5,0,1,0,74,0,65,0,74,36,36,8,0,38,0
J.D. King,57374,HB,OKLA STATE,10,41.8,0,262,67.2,61.8,47.2,0,2,29,33.7,33.7,96.6,2,2,0,74,0,0,0,177,30,89,0,0,44,1
Josiah Washington,41165,G,TEXAS ST,3,100.0,0,314,49.0,19.8,54.0,1,0,32,100.0,100.0,95.3,1,2,1,74,0,0,36,74,34,34,38,0,40,0
Jalen Nailor,84292,WR,MICH STATE,8,38.1,0,223,61.0,,59.0,0,0,0,0.0,0.0,,1,0,0,74,0,0,0,194,0,112,0,0,74,1
T.J. King,36537,TE,UTSA,10,65.5,0,331,48.5,69.2,58.5,0,0,16,29.6,30.4,100.0,1,0,0,74,0,0,0,113,17,56,0,0,57,106
Cameron Sullivan-Brown,61594,WR,PENN STATE,11,49.0,0,266,59.1,,61.2,0,0,0,0.0,0.0,,0,0,0,74,0,0,0,151,0,77,0,0,74,0
Adrian Ealy,59995,T,OKLAHOMA,5,100.0,0,261,68.7,66.6,66.7,0,0,22,100.0,100.0,100.0,0,0,0,74,0,0,0,74,24,24,0,74,50,0
Cannon Maki,29596,FB,N TEXAS,10,85.1,0,251,55.7,80.0,54.4,0,0,5,29.4,31.6,100.0,0,0,0,74,0,0,0,87,6,19,0,0,68,3
Bubba Ogbebor,40340,WR,ARK STATE,9,53.2,0,113,54.4,,63.7,0,0,0,0.0,0.0,,2,0,0,74,0,0,0,139,0,65,0,0,74,0
Mark Kallenberger,59748,T,IOWA,4,100.0,0,192,62.4,37.2,64.9,0,0,23,100.0,100.0,95.7,0,1,1,74,0,0,71,74,25,25,0,3,49,0
Jon Hilliman,45826,HB,RUTGERS,11,26.1,0,278,68.5,58.2,62.0,2,1,36,23.8,23.8,95.8,0,3,0,74,0,0,0,283,38,160,0,0,36,4
Noah Banks,27511,G,FLORIDA,5,100.0,0,163,72.9,79.4,70.6,0,0,35,100.0,100.0,100.0,0,0,0,73,0,32,0,73,35,35,13,28,38,0
Daiyan Henley,61500,WR,NEVADA,10,42.2,0,239,58.7,,46.3,0,0,0,0.0,0.0,,1,0,0,73,0,0,0,173,0,100,0,0,73,0
Alesana Sunia,38447,G,HAWAII,5,100.0,0,180,45.5,73.5,36.6,0,2,48,100.0,100.0,97.9,1,2,0,73,0,0,0,73,56,56,70,0,17,3
Zack Singer,46098,G,UNLV,3,100.0,0,325,58.7,84.9,54.4,0,0,27,100.0,100.0,100.0,0,0,0,73,11,62,0,73,28,28,0,0,45,0
Andrew Clair,57167,HB,BOWL GREEN,11,20.0,0,122,70.6,53.3,57.6,0,2,55,28.2,27.1,94.5,0,4,2,73,0,0,0,365,57,210,0,0,16,1
Jamil Sabbagh,35081,WR,C MICHIGAN,8,37.4,0,134,53.2,,76.5,0,0,0,0.0,0.0,,1,0,0,73,0,0,0,195,0,121,0,0,73,0
Ray Hudson,47739,TE,CAL,10,48.7,0,130,48.2,62.9,61.0,0,1,10,11.9,11.5,95.0,3,1,0,73,0,0,0,150,10,87,0,0,63,88
Jaylon Bester,61430,HB,MIAMI OH,12,44.2,0,221,70.1,14.1,60.4,0,3,24,29.6,31.0,85.4,0,5,2,73,0,0,0,165,26,84,0,0,47,0
Nicholas Petit-Frere,82003,T,OHIO STATE,3,100.0,0,260,57.0,47.6,58.4,0,1,31,100.0,100.0,95.2,0,2,1,73,0,0,0,73,31,31,0,73,42,0
Jalen Walker,61429,WR,MIAMI OH,12,36.3,0,221,58.9,,77.2,0,0,0,0.0,0.0,,0,0,0,73,0,0,0,201,0,128,0,0,73,0
Cristian Solano,33330,QB,NEVADA,11,48.0,0,239,49.8,,60.6,0,0,0,0.0,0.0,,0,0,0,73,0,0,0,152,0,68,0,0,73,0
Kyle Pitts,83964,TE,FLORIDA,11,61.3,0,163,57.7,73.6,59.3,0,0,2,4.3,4.2,100.0,0,0,0,73,0,0,0,119,2,48,0,0,71,8
Zach Jackson,61387,WR,LA MONROE,11,41.0,0,209,65.1,,64.4,0,0,0,0.0,0.0,,1,0,0,73,0,0,0,178,0,105,0,0,73,0
Patrick Nuss,60152,T,UAB,7,100.0,0,321,68.2,79.7,62.9,0,1,24,100.0,100.0,97.9,0,1,0,73,0,0,0,73,25,25,0,71,48,2
Henry Hattis,41923,T,STANFORD,5,100.0,0,300,71.0,70.6,72.8,0,1,23,100.0,100.0,97.8,1,1,0,73,0,0,4,73,25,25,0,69,48,0
Tim Jordan,62943,HB,TENNESSEE,12,23.2,0,307,73.0,60.6,67.2,1,1,53,34.0,33.7,96.2,0,3,1,73,0,0,0,315,56,166,0,0,17,0
Reggie Sutton,81813,T,RUTGERS,4,97.3,0,278,53.5,74.8,52.2,0,0,7,77.8,80.0,100.0,0,0,0,73,0,0,0,75,8,10,0,0,65,65
Will Swinney,61209,WR,CLEMSON,12,67.0,0,140,58.3,,62.7,0,0,0,0.0,0.0,,0,0,0,73,0,0,0,109,0,35,0,0,73,0
Josh Myers,59992,C,OHIO STATE,3,100.0,0,260,60.4,69.7,64.6,0,1,31,100.0,100.0,98.4,2,1,0,73,73,0,0,73,31,31,0,0,42,0
Christian Owens,13595,WR,GA STATE,8,41.6,0,175,67.2,,49.3,0,0,0,0.0,0.0,,0,0,0,72,0,0,0,173,0,101,0,0,72,0
Artavis Pierce,45749,HB,OREGON ST,9,35.3,0,265,73.1,68.8,56.2,0,3,52,40.9,40.9,97.1,0,3,0,72,0,0,0,204,54,132,0,0,18,0
Trey Klock,46889,T,NWESTERN,14,96.0,0,256,76.4,63.3,60.5,0,0,1,25.0,25.0,100.0,0,0,0,72,0,0,1,75,1,4,0,0,71,74
Malik Dunner,45900,HB,BALL ST,12,26.0,0,117,66.1,62.6,57.2,1,2,39,23.4,22.6,93.6,0,4,1,72,0,0,0,277,40,177,0,0,32,1
Richard Hallman,47476,WR,TROY,13,36.7,0,318,47.2,72.5,37.9,0,0,1,0.8,1.6,100.0,1,0,0,72,0,0,0,196,2,126,0,0,70,16
Hank Manos,81841,C,S CAROLINA,2,100.0,0,289,54.3,42.0,63.1,0,2,52,100.0,100.0,98.1,1,2,0,72,60,0,0,72,53,53,12,0,19,0
Delvon Hardaway,47775,WR,FRESNO ST,14,55.0,0,169,48.1,62.1,47.1,0,0,1,1.7,1.7,100.0,0,0,0,72,0,0,0,131,1,60,0,0,71,0
Bryce Williams,83708,HB,MINNESOTA,13,29.3,0,225,60.7,50.0,55.0,2,0,30,39.0,39.8,96.7,1,2,0,71,0,0,0,242,35,88,0,0,36,0
Koby Bullard,44080,FB,BAYLOR,12,94.7,0,118,61.5,23.0,65.1,0,0,2,50.0,57.1,50.0,0,1,1,71,0,0,0,75,4,7,0,0,67,5
Collin Lucas,27227,FB,MICH STATE,5,88.8,0,223,44.1,68.8,42.7,0,1,8,50.0,55.0,93.7,1,1,0,71,0,0,0,80,11,20,0,0,60,22
Chris Olave,84355,WR,OHIO STATE,9,43.0,0,260,70.9,68.3,45.7,0,0,1,1.1,1.1,100.0,0,0,0,71,0,0,0,165,1,95,0,0,70,1
Michael Mendez,28427,T,PURDUE,5,100.0,0,273,57.4,47.5,62.9,0,3,25,100.0,100.0,90.0,1,4,1,71,0,24,45,71,25,25,0,0,46,0
Charleston Rambo,61569,WR,OKLAHOMA,10,48.6,0,261,63.1,,61.5,0,0,0,0.0,0.0,,0,0,0,71,0,0,0,146,0,75,0,0,71,1
Tavien Feaster,40616,HB,CLEMSON,15,30.0,0,140,74.8,37.1,56.8,0,3,45,36.0,35.3,96.7,0,3,0,71,0,0,0,237,47,133,0,0,24,0
Grayson Reed,60122,G,TEXAS A&M,4,100.0,0,312,59.6,42.8,60.4,0,1,23,100.0,100.0,97.8,0,1,0,71,0,71,0,71,23,23,0,0,48,0
Whop Philyor,61320,WR,INDIANA,7,33.5,0,190,72.5,,68.0,0,0,0,0.0,0.0,,0,0,0,70,0,0,0,209,0,134,0,0,70,1
Brandon Sowards,27322,WR,MICH STATE,12,23.3,0,223,53.2,63.9,74.4,0,0,1,0.5,0.4,100.0,0,0,0,70,0,0,0,301,1,232,0,0,69,0
Tyler Ringwood,40509,WR,CHARLOTTE,11,56.5,0,136,54.6,,65.3,0,0,0,0.0,0.0,,1,0,0,70,0,0,0,124,0,54,0,0,70,1
Sean Bailey,40720,G,E CAROLINA,3,100.0,0,156,58.3,85.1,54.3,0,0,22,100.0,100.0,100.0,0,0,0,70,0,69,0,70,23,23,0,0,47,0
Adam Choice,46003,HB,CLEMSON,15,31.5,0,140,78.7,67.2,57.3,0,1,48,40.3,39.3,96.9,0,2,1,70,0,0,0,222,48,122,0,0,22,0
Jaret Patterson,77745,HB,BUFFALO,14,17.7,0,126,71.8,54.0,56.9,1,0,42,24.4,24.9,96.4,0,2,1,70,0,0,0,396,47,189,0,0,23,0
Quinton Maxwell,35203,QB,OHIO,7,53.0,0,259,78.7,,60.0,0,0,0,0.0,0.0,,0,0,0,70,0,0,0,132,0,37,0,0,70,0
Tarrick Thomas,46199,T,FAU,7,100.0,0,165,44.1,5.8,51.7,0,2,20,100.0,100.0,95.0,1,2,0,70,33,1,2,70,21,21,0,32,49,0
Nikko Remigio,84150,WR,CAL,9,32.4,0,130,52.2,,47.2,0,0,0,0.0,0.0,,0,0,0,70,0,0,0,216,0,146,0,0,70,0
Ceejhay French-Love,60846,TE,ARIZONA ST,4,67.3,0,110,46.4,40.9,65.9,0,0,16,32.0,34.6,100.0,1,0,0,70,0,0,0,104,18,52,0,0,52,62
Jamal Bell,84255,WR,LA LAFAYET,14,66.0,0,207,58.7,,68.7,0,0,0,0.0,0.0,,0,0,0,70,0,0,0,106,0,35,0,0,70,0
Jorien Vallien,78064,WR,TULANE,10,61.9,0,319,52.3,,70.2,0,0,0,0.0,0.0,,0,0,0,70,0,0,0,113,0,42,0,0,70,0
Alex Dalton,46806,G,OKLAHOMA,5,100.0,0,261,73.0,75.0,69.9,0,0,22,100.0,100.0,100.0,0,0,0,70,30,39,1,70,24,24,0,0,46,0
Eddie Lewis,84390,WR,RUTGERS,12,26.6,0,278,56.0,,60.4,0,0,0,0.0,0.0,,0,0,0,70,0,0,0,263,0,193,0,0,70,1
Hunter Bryant,61072,TE,WASHINGTON,5,49.0,0,340,80.1,61.9,67.4,0,0,1,1.4,1.4,100.0,0,0,0,70,0,0,0,143,1,74,0,0,69,56
Trayone Gray,29027,FB,MIAMI FL,13,58.8,0,220,71.1,33.2,58.5,1,0,19,45.2,44.4,97.4,1,1,0,70,0,0,0,119,20,45,0,0,50,25
Zach Branner,46750,G,TROY,5,100.0,0,318,55.2,36.5,56.6,0,3,31,100.0,100.0,91.9,0,4,1,70,0,28,0,70,31,31,42,0,39,0
Jacob Huesman,41939,QB,APP STATE,7,58.3,0,108,61.9,,60.0,0,0,0,0.0,0.0,,0,0,0,70,0,0,0,120,0,42,0,0,70,0
Donavaughn Campbell,41763,G,LSU,3,100.0,0,211,63.0,64.2,62.0,0,1,20,100.0,100.0,97.5,0,1,0,69,0,67,0,69,23,23,2,0,46,0
Justin Cooper,34910,TE,DOMINION,11,69.7,0,263,59.5,74.9,55.1,0,0,16,34.8,36.2,100.0,1,0,0,69,0,0,0,99,17,47,0,0,52,60
Jonah Dubinski,36716,C,MISSOURI,6,100.0,0,229,60.7,43.2,61.8,0,1,21,100.0,100.0,97.6,0,1,0,69,68,0,0,69,24,24,0,0,45,0
Terrell Bynum,61804,WR,WASHINGTON,10,71.1,0,340,55.8,,70.3,0,0,0,0.0,0.0,,0,0,0,69,0,0,0,97,0,28,0,0,69,0
Joeseph Sewell,78732,TE,MIDDLE TN,9,92.0,0,224,51.9,36.4,55.5,0,1,6,50.0,50.0,91.7,0,1,0,69,0,0,8,75,6,12,0,0,63,60
Landan Paulsen,36919,G,IOWA,8,100.0,0,192,64.6,81.4,61.8,0,0,20,100.0,100.0,100.0,0,0,0,69,0,41,0,69,21,21,19,7,48,1
Lesley Dalger,60829,TE,AIR FORCE,11,93.2,0,101,53.5,63.9,55.1,0,0,1,20.0,16.7,100.0,2,0,0,69,0,0,6,74,1,6,0,4,68,48
Tyler King,57284,HB,MARSHALL,7,25.9,0,214,70.3,21.8,58.3,1,4,51,37.2,38.0,89.2,1,8,3,69,0,0,0,266,54,142,0,0,15,0
Richaud Floyd,33043,WR,MISSOURI,6,48.9,0,229,49.5,,70.1,0,0,0,0.0,0.0,,0,0,0,69,0,0,0,141,0,72,0,0,69,1
Jatarvious Whitlow,61156,HB,AUBURN,13,18.6,0,115,72.4,58.5,56.3,2,4,46,24.2,25.1,93.5,0,6,0,69,0,0,0,370,50,199,0,0,19,1
Maurice Thomas,14213,HB,MIAMI OH,12,33.3,0,221,67.4,74.9,58.3,0,2,16,19.5,20.0,93.7,0,2,0,69,0,0,0,207,18,90,0,0,51,2
Tre Tipton,47838,WR,PITTSBURGH,13,49.6,1,268,56.2,,76.9,0,0,0,0.0,0.0,,1,0,0,68,0,0,0,137,0,69,0,0,68,0
Kerrith Whyte Jr.,26392,HB,FAU,12,23.1,0,165,84.7,61.4,65.6,0,2,31,26.3,27.8,93.5,1,3,1,68,0,0,0,294,35,126,0,0,33,2
Shakif Seymour,40052,HB,TOLEDO,13,20.1,0,316,68.4,82.9,59.2,0,1,51,27.1,27.5,99.0,0,1,0,68,0,0,0,339,56,204,0,0,12,0
Kellen Diesch,41750,T,TEXAS A&M,4,100.0,0,312,68.3,57.1,68.0,0,1,23,100.0,100.0,97.8,0,1,0,68,0,0,68,68,23,23,0,0,45,0
Garrett Amy,42274,FB,AIR FORCE,10,81.9,0,101,51.8,,60.6,0,0,0,0.0,0.0,,1,0,0,68,0,0,0,83,0,10,0,0,68,44
Deshawn McClease,45736,HB,VA TECH,11,27.2,0,337,68.6,74.2,54.1,0,1,39,32.0,32.0,96.2,0,2,1,68,0,0,0,250,40,125,0,0,28,1
LeVante Bellamy,45854,HB,W MICHIGAN,13,15.0,0,347,68.8,47.6,60.0,0,4,52,23.4,24.7,96.2,2,4,0,68,0,0,0,453,58,235,0,0,10,0
Colton Prater,46078,T,TEXAS A&M,4,100.0,0,312,62.7,60.7,61.4,0,1,23,100.0,100.0,97.8,0,1,0,68,6,0,0,68,23,23,0,62,45,0
Matt Womack,46391,T,ALABAMA,8,100.0,0,103,67.5,73.4,64.4,0,0,14,100.0,100.0,100.0,0,0,0,68,0,0,20,68,15,15,0,42,53,6
Zavier Scott,55123,HB,UCONN,10,24.3,0,146,64.3,27.9,56.2,0,6,24,12.7,12.3,87.5,0,6,0,68,0,0,0,280,25,203,0,0,43,0
Jonathan Nance,61142,WR,ARKANSAS,4,48.9,0,111,52.9,,61.2,0,0,0,0.0,0.0,,0,0,0,68,0,0,0,139,0,71,0,0,68,0
Isaiah Bowser,66123,HB,NWESTERN,10,18.3,0,256,71.4,31.1,56.7,0,3,38,28.1,27.8,96.1,0,3,0,68,0,0,0,371,40,144,0,0,28,0
Nikko Hall,75955,WR,COLO STATE,8,33.8,0,144,54.3,,53.4,0,0,0,0.0,0.0,,1,0,0,68,0,0,0,201,0,132,0,0,68,1
James Mitchell,77885,TE,VA TECH,6,80.0,0,337,58.6,73.3,62.0,0,0,11,40.7,39.3,100.0,0,0,0,68,0,0,1,85,11,28,0,0,57,65
Joshua Fleeks,78088,WR,BAYLOR,11,37.8,0,118,58.8,,62.5,0,0,0,0.0,0.0,,1,0,0,68,0,0,0,180,0,103,0,0,68,0
Kary Kutsch,81622,G,COLORADO,3,100.0,0,143,59.2,84.9,55.5,0,0,20,100.0,100.0,100.0,0,0,0,68,0,47,0,68,22,22,21,0,46,0
Wade Meacham,81902,T,UTAH ST,4,100.0,0,329,48.4,14.8,54.7,0,0,18,100.0,100.0,94.4,1,1,1,68,0,0,51,68,18,18,0,17,50,0
Kano Dillon,84034,TE,OREGON,9,45.3,0,264,56.8,71.4,64.1,0,0,4,4.8,5.7,100.0,1,0,0,68,0,0,1,150,5,87,0,1,63,89
JJ Jefferson,84341,WR,NWESTERN,14,28.7,1,256,55.7,,60.4,0,0,0,0.0,0.0,,1,0,0,68,0,0,0,237,0,168,0,0,68,0
Elijah Kothe,84399,WR,S DIEGO ST,10,52.3,0,284,65.6,,74.9,0,0,0,0.0,0.0,,1,0,0,68,0,0,0,130,0,62,0,0,68,3
Devin Heckstall,84479,WR,UTAH ST,9,68.7,0,329,51.9,,62.0,0,0,0,0.0,0.0,,0,0,0,68,0,0,0,99,0,31,0,0,68,1
Quinetin Jackson,40183,WR,N TEXAS,8,56.3,0,251,54.8,,73.4,0,0,0,0.0,0.0,,1,0,0,67,0,0,0,119,0,52,0,0,67,0
Alan Busey,61787,WR,UTEP,10,57.3,0,330,61.6,,58.6,0,0,0,0.0,0.0,,0,0,0,67,0,0,0,117,0,50,0,0,67,0
Quinten Pounds,47965,WR,WASHINGTON,6,52.3,0,340,72.2,,64.5,0,0,0,0.0,0.0,,0,0,0,67,0,0,0,128,0,61,0,0,67,0
Noah Massey,78153,WR,BOWL GREEN,9,43.5,0,122,50.3,62.1,47.0,0,0,1,1.2,1.1,100.0,1,0,0,67,0,0,0,154,1,88,0,0,66,10
Keenan Barnes,48245,WR,LA LAFAYET,4,50.0,0,207,75.0,,67.7,0,0,0,0.0,0.0,,1,0,0,67,0,0,0,134,0,67,0,0,67,0
Tyce Daniel,60952,TE,MEMPHIS,8,77.0,0,218,61.0,73.3,68.1,0,0,6,24.0,25.9,100.0,0,0,0,67,0,0,0,87,7,27,0,0,60,69
Tra Barnett,41302,HB,GA STATE,11,23.6,0,175,61.8,22.4,56.8,0,8,25,19.1,20.4,84.0,1,8,0,67,0,0,0,284,28,137,0,0,39,0
Tate Whatley,83556,QB,SO MISS,6,30.0,0,296,52.0,,60.1,0,0,0,0.0,0.0,,6,0,0,67,0,0,0,223,0,102,0,0,67,0
Arion Worthman,25439,QB,AIR FORCE,3,58.3,0,101,35.9,,60.0,0,0,0,0.0,0.0,,1,0,0,67,0,0,0,115,0,21,0,0,67,0
Mike Epstein,57237,HB,ILLINOIS,7,31.9,0,187,74.2,47.5,71.4,0,0,24,24.2,23.4,91.7,0,2,2,67,0,0,0,210,25,107,0,0,42,0
Juwan Washington,39354,HB,S DIEGO ST,9,17.7,0,284,76.6,63.2,49.2,1,1,48,32.9,33.3,97.9,0,2,0,67,0,0,0,379,53,159,0,0,14,1
Sean McMoore,41115,G,VANDERBILT,8,100.0,0,333,46.5,70.3,46.0,0,0,27,100.0,100.0,100.0,1,0,0,67,0,35,0,67,31,31,26,0,36,1
Michael Young Jr.,61554,WR,NOTRE DAME,13,54.5,0,258,64.6,,70.8,0,0,0,0.0,0.0,,1,0,0,67,0,0,0,123,0,55,0,0,67,1
D'Andre Ferby,27392,HB,W KENTUCKY,8,35.3,0,346,75.6,76.6,58.2,0,2,51,46.4,46.9,96.1,0,3,1,67,0,0,0,190,53,113,0,0,14,0
Cole Miller,41567,G,HOUSTON,6,100.0,0,182,57.9,63.2,60.3,1,0,31,100.0,100.0,98.4,1,1,0,66,0,0,0,66,31,31,66,0,35,0
Myles Fells,57326,FB,NAVY,8,60.6,0,237,60.4,72.2,66.2,0,0,2,5.7,5.4,100.0,1,0,0,66,0,0,0,109,2,37,0,0,64,62
Ryan Mullen,46751,G,MIAMI OH,4,100.0,0,221,68.7,82.3,65.8,0,0,19,100.0,100.0,100.0,0,0,0,66,0,6,0,66,19,19,51,0,47,3
JaQuan Blackwell,40098,WR,S JOSE ST,10,35.5,0,285,50.5,,60.4,0,0,0,0.0,0.0,,0,0,0,66,0,0,0,186,0,119,0,0,66,0
Zander Horvath,57384,FB,PURDUE,13,60.6,0,273,65.2,78.0,54.8,0,0,5,13.9,12.8,100.0,0,0,0,66,0,0,0,109,5,39,0,0,61,2
Cadarius Gaskin,84182,WR,FIU,7,71.7,0,166,58.2,,53.6,0,0,0,0.0,0.0,,0,0,0,66,0,0,0,92,0,26,0,0,66,0
Dominic Gicinto,84316,WR,MISSOURI,12,45.8,0,229,73.6,,60.6,0,0,0,0.0,0.0,,0,0,0,66,0,0,0,144,0,78,0,0,66,2
Karan Higdon,38565,HB,MICHIGAN,11,15.0,0,222,76.3,76.3,58.0,0,0,33,19.0,18.7,100.0,2,0,0,66,0,0,0,439,34,182,0,0,32,1
Jalan McClendon,46423,QB,BAYLOR,9,33.5,0,118,69.9,,60.0,0,0,0,0.0,0.0,,2,0,0,66,0,0,0,197,0,114,0,0,66,0
Kevin Austin Jr.,84345,WR,NOTRE DAME,11,55.5,1,258,67.3,,75.4,0,0,0,0.0,0.0,,1,0,0,66,0,0,0,119,0,53,0,0,66,0
T'Qele Holmes,54560,WR,COAST CAR,9,50.8,0,141,46.8,,47.5,0,0,0,0.0,0.0,,1,0,0,66,0,0,0,130,0,63,0,0,66,0
Raheem Blackshear,57385,HB,RUTGERS,12,14.5,0,278,68.4,54.1,62.6,0,2,23,9.3,9.7,95.7,2,2,0,65,0,0,0,449,26,268,0,0,39,2
Mikhail Hill,59841,G,MEMPHIS,6,100.0,0,218,58.8,81.8,59.7,0,0,20,100.0,100.0,100.0,1,0,0,65,0,62,0,65,21,21,0,0,44,0
Felipe Fernandez,41893,T,OHIO,6,100.0,0,259,53.1,18.6,56.8,1,2,11,100.0,100.0,86.4,0,3,0,65,0,0,8,65,12,12,0,57,53,0
Dontea Jones,41001,TE,MISS STATE,12,67.0,0,227,65.2,74.1,57.0,0,0,9,22.5,23.8,100.0,0,0,0,65,0,0,0,97,10,42,0,0,55,67
De'Quan Bowman,39896,WR,TEXAS TECH,12,35.5,0,315,54.9,,61.7,0,0,0,0.0,0.0,,1,0,0,65,0,0,0,183,0,117,0,0,65,0
Brittain Brown,40399,HB,DUKE,9,27.4,0,154,69.3,29.4,65.6,1,2,25,21.7,22.7,94.0,0,3,0,65,0,0,0,237,27,119,0,0,38,0
Rhett Rodriguez,60332,QB,ARIZONA,7,39.4,0,109,59.0,,60.0,0,0,0,0.0,0.0,,0,0,0,65,0,0,0,165,0,95,0,0,65,0
Nick Kaltmayer,36985,T,KANSAS ST,4,100.0,0,199,64.0,60.6,62.6,1,1,25,100.0,100.0,96.0,0,2,0,65,0,0,51,65,25,25,0,12,40,0
Brandon Kennedy,46813,C,TENNESSEE,1,100.0,0,307,54.2,44.5,59.9,0,1,29,100.0,100.0,94.8,1,2,1,65,65,0,0,65,31,31,0,0,34,0
Steven Anderson,60542,HB,SO MISS,11,31.7,0,296,70.4,66.6,65.9,0,0,20,25.3,24.7,95.0,0,1,1,65,0,0,0,205,21,85,0,0,44,1
Jeremy Cooper,77483,G,CINCINNATI,3,100.0,0,138,66.1,81.9,67.7,0,0,13,100.0,100.0,100.0,1,0,0,64,0,4,0,64,13,13,60,0,51,0
Antwine Loper,54534,T,COAST CAR,5,100.0,0,141,68.2,56.2,68.1,1,1,22,100.0,100.0,95.5,0,2,0,64,0,0,0,64,23,23,0,64,41,0
Chris Sharp,49026,HB,VIRGINIA,13,49.2,0,335,53.7,76.9,57.2,0,0,4,6.2,5.9,100.0,2,0,0,64,0,0,0,130,4,68,0,0,60,5
Chase Hayden,57137,HB,ARKANSAS,12,29.1,0,111,65.0,65.2,63.0,0,4,40,29.2,30.3,95.0,0,4,0,64,0,0,0,220,43,142,0,0,21,0
Cole Elms,36516,C,RICE,13,97.0,0,275,54.1,28.5,57.2,0,0,11,84.6,84.6,100.0,0,0,0,64,10,1,0,66,11,13,4,0,53,48
DeAndre Torrey,83728,HB,N TEXAS,13,15.8,0,251,75.4,62.2,78.7,0,2,41,20.7,22.3,95.1,0,3,1,64,0,0,0,406,47,211,0,0,17,0
Darwin Thompson,83791,HB,UTAH ST,13,15.0,0,329,86.9,70.2,61.5,0,2,34,15.0,15.3,97.1,0,2,0,64,0,0,0,426,37,242,0,0,27,0
Bronson Boyd,61776,WR,UTAH,8,50.4,0,328,45.1,,64.2,0,0,0,0.0,0.0,,1,0,0,64,0,0,0,127,0,63,0,0,64,0
Gerold Bright,34612,HB,UTAH ST,13,16.7,0,329,75.8,43.5,54.7,1,0,33,15.9,17.7,98.5,0,1,0,64,0,0,0,384,38,215,0,0,26,0
Shawndarrius Phillips,40580,HB,FIU,12,30.3,0,166,70.8,88.4,75.6,0,0,32,39.5,39.1,100.0,0,0,0,64,0,0,0,211,34,87,0,0,30,0
De'Michael Harris,84418,WR,SO MISS,11,28.6,0,296,64.6,,65.4,0,0,0,0.0,0.0,,1,0,0,64,0,0,0,224,0,151,0,0,64,0
Jacob Moretti,59661,G,COLORADO,7,98.5,0,143,62.8,75.5,65.4,0,0,31,96.9,97.3,100.0,1,0,0,64,0,60,0,65,36,37,0,2,28,3
Jordan Murphy,62980,WR,TENNESSEE,10,49.6,0,307,65.6,,62.2,0,0,0,0.0,0.0,,0,0,0,64,0,0,0,129,0,63,0,0,64,0
Raghib Ismail Jr.,33507,WR,WYOMING,11,26.4,1,351,63.2,,53.9,0,0,0,0.0,0.0,,2,0,0,64,0,0,0,242,0,174,0,0,64,0
Kirk Johnson Jr.,45360,WR,UTSA,9,29.1,0,331,60.5,,69.1,0,0,0,0.0,0.0,,0,0,0,64,0,0,0,220,0,155,0,0,64,7
Kyler Hack,81899,T,UTAH ST,3,100.0,0,329,62.5,73.4,60.1,0,0,13,100.0,100.0,100.0,0,0,0,64,0,0,0,64,13,13,14,50,51,0
E.J. Perry,60349,QB,BOSTON COL,4,51.6,0,121,74.2,54.3,60.0,0,1,1,2.0,2.0,50.0,0,1,0,64,0,0,0,124,1,50,0,0,63,0
Omahri Jarrett,32941,FB,GA TECH,8,84.0,0,176,63.4,55.6,58.4,1,0,4,36.4,38.5,87.5,0,1,0,63,0,0,0,75,5,13,0,0,58,70
Cee Jay Powell,42146,WR,LA TECH,11,33.5,0,208,55.1,66.1,70.5,0,0,1,0.9,0.8,100.0,1,0,0,63,0,0,1,188,1,126,0,0,62,7
Jacob Hunt,84552,TE,CHARLOTTE,10,88.7,0,136,43.3,22.0,50.2,0,1,4,40.0,42.9,87.5,0,1,0,63,0,0,0,71,6,14,0,0,57,60
Taj McGowan,39668,HB,UCF,13,39.6,0,323,78.7,70.7,65.2,0,0,32,58.2,61.3,100.0,0,0,0,63,0,0,0,159,38,62,0,0,25,1
Isiah Macklin,40955,WR,S DIEGO ST,11,61.8,1,284,56.0,,61.7,0,0,0,0.0,0.0,,1,0,0,63,0,0,0,102,0,39,0,0,63,4
Kelton Moore,34571,HB,NEVADA,13,19.1,0,239,72.3,41.0,61.0,0,1,23,12.2,12.9,97.8,0,1,0,63,0,0,0,330,26,201,0,0,37,1
Josh McMullen,77407,T,UCF,10,100.0,0,323,51.4,33.7,54.3,0,0,14,100.0,100.0,100.0,1,0,0,63,0,0,0,63,15,15,0,51,48,12
Josh Samuel,57481,HB,W KENTUCKY,12,23.9,0,346,68.9,30.2,55.0,1,3,38,33.3,33.9,89.5,0,6,2,63,0,0,0,264,41,121,0,0,22,0
Kevin Marks Jr.,55019,HB,BUFFALO,14,15.0,0,126,68.3,85.7,73.5,0,1,36,18.5,20.3,98.6,1,1,0,62,0,0,0,413,43,212,0,0,19,0
Brandon Jones,83583,QB,UTEP,6,31.6,0,330,56.9,,61.3,0,0,0,0.0,0.0,,1,0,0,62,0,0,0,196,0,113,0,0,62,0
Nate Craig-Myers,47863,WR,AUBURN,3,52.5,0,115,64.0,,89.5,0,0,0,0.0,0.0,,0,0,0,62,0,0,0,118,0,56,0,0,62,0
Tevaka Tuioti,40663,QB,NEW MEXICO,3,50.0,0,241,69.8,,60.0,0,0,0,0.0,0.0,,0,0,0,62,0,0,0,124,0,47,0,0,62,0
Asim Rose,40265,HB,KENTUCKY,13,31.0,0,202,76.4,60.0,70.6,0,3,39,40.2,39.4,93.6,1,4,1,62,0,0,0,200,41,104,0,0,21,0
Rakeem Boyd,40492,HB,ARKANSAS,12,20.1,0,111,69.0,40.1,56.3,2,2,39,24.7,24.2,92.3,0,5,1,62,0,0,0,309,39,161,0,0,23,0
Darrell Henderson,41193,HB,MEMPHIS,13,13.3,0,218,88.1,55.1,71.1,0,2,26,12.7,12.6,96.2,1,2,0,62,0,0,0,467,27,214,0,0,35,0
Nate Weinman,61083,TE,WYOMING,8,79.5,0,351,53.6,67.9,63.1,0,0,2,11.1,11.1,100.0,1,0,0,62,0,0,0,78,2,18,0,0,60,72
Jordon Brown,39916,HB,N CAROLINA,11,25.4,0,245,74.3,84.2,62.4,0,0,28,22.0,21.7,100.0,0,0,0,62,0,0,0,244,28,129,0,0,34,0
Josh McCulloch,81832,T,S ALABAMA,4,100.0,0,288,50.7,47.0,51.4,0,1,21,100.0,100.0,97.6,0,1,0,62,0,0,62,62,21,21,0,0,41,0
Alex Joss,46147,G,BALL ST,2,100.0,0,117,59.5,85.8,53.1,0,0,34,100.0,100.0,100.0,0,0,0,62,0,62,0,62,34,34,0,0,28,0
Jabir Daughtry-Frye,45722,HB,TROY,13,29.2,0,318,68.2,79.7,54.1,0,0,13,13.0,12.1,100.0,0,0,0,61,0,0,0,209,13,107,0,0,48,1
Api Mane,77477,G,KANSAS,2,100.0,0,198,47.3,14.0,51.2,0,1,25,100.0,100.0,94.0,0,2,1,61,0,61,0,61,25,25,0,0,36,0
Jacob Robertson Jr.,40210,WR,TULANE,9,61.6,0,319,63.3,,73.0,0,0,0,0.0,0.0,,0,0,0,61,0,0,0,99,0,38,0,0,61,0
Erik Swenson,40250,T,OKLAHOMA,4,100.0,0,261,65.0,56.3,64.5,0,2,18,100.0,100.0,94.4,0,2,0,61,0,0,61,61,19,19,0,0,42,0
Jack Luavasa,77930,TE,KANSAS,11,82.4,0,198,48.2,64.2,47.0,0,1,20,60.6,61.8,97.5,0,1,0,61,0,0,0,74,21,34,0,0,40,52
Tre'Shaun Harrison,77958,WR,FLORIDA ST,11,38.4,0,167,61.9,,51.1,0,0,0,0.0,0.0,,0,0,0,61,0,0,0,159,0,96,0,0,61,0
David Tangipa,47390,TE,FRESNO ST,10,81.3,0,169,53.7,81.1,60.8,0,0,3,20.0,17.6,100.0,0,0,0,61,0,0,0,75,3,17,0,0,58,65
Pooh Stricklin,25635,WR,BAYLOR,12,36.7,0,118,60.1,61.9,69.8,0,0,1,1.0,0.9,100.0,0,0,0,61,0,0,0,166,1,106,0,0,60,0
Matt Morgan,59663,T,E CAROLINA,7,100.0,0,156,50.7,52.9,47.9,1,2,37,100.0,100.0,90.5,0,5,2,61,0,0,0,61,39,39,0,61,22,0
Bobby Walker,26697,TE,ILLINOIS,11,88.4,0,187,52.3,42.9,55.5,0,0,10,58.8,61.9,100.0,0,0,0,61,0,0,0,69,13,21,0,0,48,42
Trey Smith,27042,HB,LOUISVILLE,7,32.6,0,210,65.1,62.4,55.9,0,2,47,39.2,38.2,97.9,2,2,0,61,0,0,0,187,47,123,0,0,14,0
Marques Grimes,37176,T,OHIO,4,100.0,0,259,72.0,73.1,69.1,0,0,5,100.0,100.0,100.0,0,0,0,61,0,0,61,61,5,5,0,0,56,0
Shane Clenin,58492,T,ARKANSAS,3,100.0,0,111,60.4,65.0,57.5,0,1,30,100.0,100.0,98.3,1,1,0,61,0,9,52,61,31,31,0,0,30,0
Nic Smith,41321,HB,N TEXAS,12,24.1,0,251,65.6,74.9,65.9,1,0,42,27.1,27.2,98.8,0,1,0,60,0,0,0,249,44,162,0,0,16,0
Brian Cobbs,84285,WR,MARYLAND,12,52.6,0,215,65.9,,64.0,0,0,0,0.0,0.0,,0,0,0,60,0,0,0,114,0,49,0,0,60,1
Devwah Whaley,25517,HB,ARKANSAS,7,28.3,0,111,69.5,67.1,56.0,0,3,34,35.8,34.9,95.6,0,3,0,60,0,0,0,212,37,106,0,0,23,1
Chase Rogers,60939,TE,LA LAFAYET,4,66.7,0,207,57.2,72.4,56.3,0,0,6,17.1,16.7,100.0,0,0,0,60,0,0,3,90,6,36,0,0,54,62
Martell Pettaway,40633,HB,W VIRGINIA,12,24.1,0,343,75.0,50.1,59.3,0,3,51,37.5,36.8,97.1,0,3,0,60,0,0,0,249,53,144,0,0,7,0
Toren Young,40624,HB,IOWA,13,21.9,0,192,68.3,43.7,63.8,1,5,40,35.1,36.7,92.5,0,6,0,60,0,0,0,274,44,120,0,0,16,0
Sam Craft,23125,WR,MEMPHIS,8,51.3,0,218,58.1,,66.9,0,0,0,0.0,0.0,,0,0,0,60,0,0,0,117,0,56,0,0,60,0
Tyler Snead,90863,WR,E CAROLINA,4,26.4,0,156,71.3,,81.3,0,0,0,0.0,0.0,,2,0,0,60,0,0,0,227,0,167,0,0,60,0
Waydale Jones,55452,WR,WAKE,8,78.9,0,339,49.4,,72.8,0,0,0,0.0,0.0,,0,0,0,60,0,0,0,76,0,16,0,0,60,0
Ty Chandler,62942,HB,TENNESSEE,11,21.9,0,307,75.8,38.8,58.4,0,3,41,30.4,31.5,93.9,0,4,1,60,0,0,0,274,46,146,0,0,14,3
Brandon McIlwain,28485,QB,CAL,10,21.4,0,130,60.1,,60.2,0,0,0,0.0,0.0,,0,0,0,60,0,0,0,280,0,162,0,0,60,0
Austin Pope,41038,TE,TENNESSEE,6,93.8,0,307,54.5,73.2,71.2,0,0,4,50.0,55.6,100.0,2,0,0,60,0,0,0,64,5,9,0,0,55,14
Christian Haynes,77339,G,UCONN,2,100.0,0,146,67.7,79.9,65.3,0,1,26,100.0,100.0,98.1,0,1,0,60,0,0,0,60,29,29,60,0,31,0
Jalen Holston,57469,HB,VA TECH,12,39.5,0,337,63.7,42.1,55.8,0,2,28,45.2,47.0,92.9,0,3,1,60,0,0,0,152,31,66,0,0,29,1
Jim Medure,35910,TE,PITTSBURGH,14,57.8,0,268,56.3,68.0,56.8,0,0,2,4.8,4.4,100.0,0,0,0,59,0,0,0,102,2,45,0,0,57,80
Anthony Anderson,40192,HB,MARSHALL,12,29.8,0,214,71.8,71.0,63.2,0,1,46,43.8,43.6,96.7,0,2,1,59,0,0,0,198,48,110,0,0,11,0
Tarik Black,61442,WR,MICHIGAN,6,46.5,0,222,57.3,,52.9,0,0,0,0.0,0.0,,0,0,0,59,0,0,0,127,0,68,0,0,59,0
Maverick Wolfley,57673,TE,AKRON,7,79.7,0,102,71.3,58.0,63.1,1,0,14,50.0,54.5,96.4,0,1,0,59,0,0,0,74,18,33,0,0,41,61
Justin Sawmiller,61181,WR,BOWL GREEN,11,40.4,0,122,53.2,,59.9,0,0,0,0.0,0.0,,1,0,0,59,0,0,0,146,0,87,0,0,59,0
Darrion Jones,83959,TE,COLORADO,7,100.0,0,143,53.5,79.2,49.6,0,0,13,100.0,100.0,100.0,0,0,0,59,0,0,0,59,13,13,0,0,46,54
Josh Wariboko-Alali,39196,G,UCLA,5,100.0,0,324,55.4,15.2,63.8,0,5,30,100.0,100.0,91.7,0,5,0,59,0,58,0,59,31,31,0,0,28,0
Jay Rose,55118,TE,UCONN,9,81.9,0,146,62.2,74.5,58.4,0,0,5,27.8,27.8,100.0,0,0,0,59,0,0,0,72,5,18,0,0,54,46
Jahcour Pearson,42095,WR,W KENTUCKY,11,29.2,0,346,56.3,,50.8,0,0,0,0.0,0.0,,1,0,0,59,0,0,0,202,0,139,0,0,59,0
Caleb Jones,59747,T,INDIANA,3,100.0,0,190,51.1,26.6,62.4,0,3,35,100.0,100.0,92.9,0,4,1,59,0,0,59,59,39,39,0,0,20,0
Rico Frye,77781,HB,BOWL GREEN,10,29.2,0,122,61.4,70.4,54.8,0,0,25,30.5,29.7,100.0,0,0,0,59,0,0,0,202,27,91,0,0,32,1
Sharod Johnson,61693,WR,SYRACUSE,6,47.6,0,304,60.5,,61.6,0,0,0,0.0,0.0,,0,0,0,59,0,0,0,124,0,65,0,0,59,0
Darrell Brown,33225,WR,DOMINION,10,31.9,0,263,59.5,,60.2,0,0,0,0.0,0.0,,0,0,0,59,0,0,0,185,0,125,0,0,59,0
Antonio Gibson,78050,WR,MEMPHIS,10,53.2,0,218,65.4,,54.6,0,0,0,0.0,0.0,,1,0,0,59,0,0,0,111,0,52,0,0,59,0
Seth Penner,37100,G,CLEMSON,7,100.0,0,140,61.8,55.2,61.4,0,0,17,100.0,100.0,100.0,0,0,0,59,0,21,0,59,17,17,38,0,42,0
Donaven Tennyson,47987,WR,VANDERBILT,12,36.2,0,333,57.4,,61.5,0,0,0,0.0,0.0,,0,0,0,59,0,0,0,163,0,97,0,0,59,0
Garrett Walston,42000,TE,N CAROLINA,8,49.2,0,245,52.7,38.1,64.9,0,0,16,22.2,21.1,93.7,0,1,1,58,0,0,3,118,16,76,0,2,42,20
Ryan Swoboda,77576,T,VIRGINIA,6,98.3,0,335,57.5,62.3,56.3,0,0,17,94.4,95.0,94.1,0,1,1,58,0,0,10,59,19,20,0,3,39,45
De'Andre Johnson,60380,QB,FAU,7,48.7,0,165,72.0,,60.0,0,0,0,0.0,0.0,,0,0,0,58,0,0,0,119,0,39,0,0,58,0
Andrew Bunch,60476,QB,NEBRASKA,5,45.7,0,238,45.8,,60.0,0,0,0,0.0,0.0,,0,0,0,58,0,0,0,127,0,59,0,0,58,0
Jackson Anthrop,41338,WR,PURDUE,13,39.2,0,273,56.1,63.9,44.6,0,0,1,1.1,1.1,100.0,0,0,0,58,0,0,0,148,1,91,0,0,57,1
Ronald Patterson,61251,WR,FAU,5,67.4,0,165,66.8,,74.8,0,0,0,0.0,0.0,,1,0,0,58,0,0,0,86,0,28,0,0,58,1
Braxton Burmeister,60513,QB,OREGON,4,76.3,0,264,56.4,,60.0,0,0,0,0.0,0.0,,0,0,0,58,0,0,0,76,0,11,0,0,58,0
Roscoe Johnson,42240,WR,N CAROLINA,8,48.3,1,245,54.1,,68.2,0,0,0,0.0,0.0,,2,0,0,58,0,0,0,120,0,62,0,0,58,0
Kordell Snyder,40466,T,HOUSTON,6,100.0,0,182,68.4,74.3,71.1,0,1,32,100.0,100.0,98.4,1,1,0,58,0,0,23,58,32,32,0,35,26,0
Tyson Rising,41319,T,ARIZONA ST,5,100.0,0,110,62.2,65.3,65.3,0,1,22,100.0,100.0,97.7,1,1,0,58,0,0,51,58,23,23,0,1,35,6
Matt Bjorson,83984,TE,INDIANA,10,60.4,0,190,56.6,53.6,45.4,1,0,10,22.2,24.0,95.0,1,1,0,58,0,0,0,96,12,50,0,0,46,71
Isaiah Harris,34909,WR,KANSAS ST,6,40.3,0,199,54.1,,67.4,0,0,0,0.0,0.0,,0,0,0,58,0,0,0,144,0,86,0,0,58,0
Connor Noland,82079,QB,ARKANSAS,4,43.8,0,111,40.0,,60.0,0,0,0,0.0,0.0,,1,0,0,57,0,0,0,130,0,60,0,0,57,0
Tevin Bush,57475,WR,W VIRGINIA,10,45.2,0,343,72.2,,67.3,0,0,0,0.0,0.0,,0,0,0,57,0,0,0,126,0,64,0,0,57,1
Josh Lugg,59982,G,NOTRE DAME,5,100.0,0,258,61.9,81.7,64.0,0,0,14,100.0,100.0,100.0,1,0,0,57,0,16,0,57,15,15,30,10,42,0
Christian Beal-Smith,55433,HB,WAKE,10,42.5,0,339,65.3,87.9,63.6,0,0,26,47.3,49.1,96.2,0,1,1,57,0,0,0,134,28,57,0,0,29,7
Javan Hawes,55091,WR,CINCINNATI,11,47.9,0,138,57.8,,64.7,0,0,0,0.0,0.0,,0,0,0,57,0,0,0,119,0,62,0,0,57,1
Malik Stanley,61642,WR,S ALABAMA,4,39.3,0,288,63.2,,68.9,0,0,0,0.0,0.0,,0,0,0,57,0,0,0,145,0,86,0,0,57,0
Stevie Scott III,83680,HB,INDIANA,12,12.1,0,190,65.9,21.3,60.8,0,1,25,12.5,13.4,98.0,1,1,0,57,0,0,0,473,29,216,0,0,28,0
Jonathan Hodoh,48300,WR,LA MONROE,11,40.1,0,209,54.6,,72.2,0,0,0,0.0,0.0,,0,0,0,57,0,0,0,142,0,85,0,0,57,0
Tyrese Robinson,59998,G,OKLAHOMA,6,100.0,0,261,67.9,82.1,70.4,0,0,17,100.0,100.0,100.0,1,0,0,57,0,0,0,57,19,19,57,0,38,0
Justin Walker,61750,WR,UAB,8,77.0,0,321,60.7,,64.0,0,0,0,0.0,0.0,,0,0,0,57,0,0,0,74,0,17,0,0,57,0
Ta'Zhawn Henry,77776,HB,TEXAS TECH,12,21.0,0,315,73.0,63.0,56.8,0,1,19,14.1,14.2,97.4,1,1,0,57,0,0,0,272,21,148,0,0,36,0
Chavis Dawkins,40977,WR,S CAROLINA,11,39.6,1,289,53.7,,63.8,0,0,0,0.0,0.0,,1,0,0,57,0,0,0,144,0,87,0,0,57,0
Bret Clark,61735,WR,TROY,6,55.9,0,318,49.7,62.1,59.6,0,0,1,2.2,2.2,100.0,0,0,0,57,0,0,0,102,1,46,0,0,56,0
Elijah Holyfield,40065,HB,GEORGIA,14,19.7,0,173,90.1,88.9,56.6,0,0,35,35.0,34.3,100.0,0,0,0,57,0,0,0,289,36,105,0,0,21,0
Michael Scarnecchia,12599,QB,S CAROLINA,4,49.1,0,289,57.0,,60.0,0,0,0,0.0,0.0,,1,0,0,56,0,0,0,114,0,58,0,0,56,0
Quinn Smith,42153,TE,OREGON ST,6,78.9,0,265,51.5,74.8,58.2,0,0,17,53.1,53.1,100.0,2,0,0,56,0,0,0,71,17,32,0,0,39,64
Devon Williams,84469,WR,USC,10,53.3,0,326,60.1,,58.2,0,0,0,0.0,0.0,,1,0,0,56,0,0,0,105,0,49,0,0,56,0
Calvin Jackson Jr.,84508,WR,WASH STATE,13,23.9,0,341,68.6,,73.8,0,0,0,0.0,0.0,,0,0,0,56,0,0,0,234,0,178,0,0,56,0
Josh Hokit,50305,HB,FRESNO ST,13,30.3,0,169,59.4,51.9,55.3,0,1,35,39.3,39.8,98.6,0,1,0,56,0,0,0,185,37,93,0,0,19,9
R.J. Raymond,27640,TE,FLORIDA,11,83.6,0,163,53.1,68.9,56.3,0,0,4,30.8,30.8,100.0,0,0,0,56,0,0,0,67,4,13,0,0,52,48
Damon Terry,48057,WR,C MICHIGAN,11,40.6,0,134,49.9,,60.9,0,0,0,0.0,0.0,,0,0,0,56,0,0,0,138,0,82,0,0,56,0
Loic Ngassam Nya,55442,G,WAKE,7,100.0,0,339,56.9,78.0,55.6,0,0,7,100.0,100.0,100.0,0,0,0,56,0,0,0,56,7,7,56,0,49,0
Marcus Williams Jr.,40600,HB,APP STATE,12,24.5,0,108,69.9,65.0,56.4,1,1,37,43.5,44.4,97.3,0,2,0,56,0,0,0,229,40,90,0,0,16,0
Cam Sutton,41231,TE,FRESNO ST,13,57.7,0,169,49.2,,62.0,0,0,0,0.0,0.0,,1,0,0,56,0,0,0,97,0,41,0,0,56,87
Kirby Adcock,58491,G,ARKANSAS,4,100.0,0,111,60.1,66.9,57.2,1,0,33,100.0,100.0,98.5,0,1,0,56,0,38,0,56,34,34,17,0,22,1
Adam Krumholz,40697,WR,WISCONSIN,9,87.5,0,349,69.4,,76.8,0,0,0,0.0,0.0,,0,0,0,56,0,0,0,64,0,8,0,0,56,0
Malik Knowles,78141,WR,KANSAS ST,4,43.4,0,199,59.5,,59.6,0,0,0,0.0,0.0,,0,0,0,56,0,0,0,129,0,73,0,0,56,0
Mike Majette,45845,HB,INDIANA,12,24.8,0,190,60.1,58.4,64.5,0,1,23,13.6,15.3,93.5,0,2,1,56,0,0,0,226,29,189,0,0,27,0
Zander Neuville,45377,TE,WISCONSIN,3,90.3,0,349,59.3,69.2,59.2,0,0,3,37.5,33.3,100.0,0,0,0,56,0,0,0,62,3,9,0,0,53,61
Tre King,57430,HB,TEXAS TECH,6,32.4,0,315,66.3,68.6,61.2,0,1,31,29.2,29.6,95.2,0,2,1,56,0,0,0,173,32,108,0,0,24,18
Lucious Stanley,57439,HB,UAB,14,42.7,0,321,62.3,55.4,57.0,2,0,35,59.3,60.0,94.3,0,3,1,56,0,0,0,131,36,60,0,0,20,0
Stanley Hubbard,55111,C,UCONN,5,100.0,0,146,42.6,26.3,48.8,0,3,28,100.0,100.0,94.6,0,3,0,56,56,0,0,56,28,28,0,0,28,0
Isaac Ellis,77419,C,MEMPHIS,3,100.0,0,218,62.3,78.8,59.4,0,0,16,100.0,100.0,100.0,2,0,0,55,55,0,0,55,17,17,0,0,38,0
Brayden Willis,77917,TE,OKLAHOMA,9,64.7,0,261,64.0,,72.2,0,0,0,0.0,0.0,,1,0,0,55,0,0,0,85,0,30,0,0,55,3
Andrew Reinkemeyer,41963,TE,S ALABAMA,6,94.8,0,288,36.3,48.4,49.2,0,0,1,25.0,25.0,100.0,2,0,0,55,0,0,0,58,1,4,0,0,54,53
Gamaliel Barboza,81903,G,UTEP,2,100.0,0,330,53.1,59.7,49.7,0,1,30,100.0,100.0,98.3,0,1,0,55,0,54,0,55,30,30,0,1,25,0
Stephen Carr,57453,HB,USC,9,25.5,1,326,68.1,60.4,55.2,0,1,37,34.9,35.3,93.2,1,3,2,55,0,0,0,216,41,116,0,0,14,0
Trevion Armstrong,51434,TE,NEVADA,10,57.9,0,239,56.9,2.3,50.4,0,1,4,10.0,9.1,87.5,1,1,0,55,0,0,3,95,4,44,0,0,51,41
Malik Cunningham,60436,QB,LOUISVILLE,10,26.7,0,210,67.1,,60.0,0,0,0,0.0,0.0,,1,0,0,55,0,0,0,206,0,101,0,0,55,0
Brad Absher,27936,WR,APP STATE,12,49.5,0,108,57.5,,60.3,0,0,0,0.0,0.0,,1,0,0,55,0,0,0,111,0,56,0,0,55,0
Devonta Jason,84309,WR,MISS STATE,7,66.3,0,227,61.8,,72.1,0,0,0,0.0,0.0,,1,0,0,55,0,0,0,83,0,28,0,0,55,0
Ke'Mon Freeman,45849,HB,SMU,10,25.9,0,287,67.4,65.9,76.3,0,2,42,35.3,35.9,97.6,0,2,0,55,0,0,0,212,46,128,0,0,9,0
Jason-Matthew Sharsh,52065,WR,HAWAII,11,30.6,0,180,60.0,,59.8,0,0,0,0.0,0.0,,0,0,0,55,0,0,0,180,0,125,0,0,55,0
D'Marcus Hayes,59700,T,GEORGIA,4,100.0,0,173,66.6,76.1,62.8,0,1,16,100.0,100.0,96.9,0,1,0,55,0,0,52,55,16,16,0,3,39,0
Malik Miller,40458,HB,AUBURN,11,36.7,0,115,69.9,39.6,67.3,0,2,33,31.7,31.1,90.9,0,4,2,54,0,0,0,147,33,106,0,0,21,1
Alec Pierce,78038,WR,CINCINNATI,5,80.6,0,138,52.4,,52.8,0,0,0,0.0,0.0,,0,0,0,54,0,0,0,67,0,13,0,0,54,0
Rico Dowdle,40693,HB,S CAROLINA,12,15.7,1,289,71.6,49.6,59.6,0,2,36,18.7,20.7,97.2,1,2,0,54,0,0,0,343,43,208,0,0,11,2
Malick Mbodj,40023,WR,CINCINNATI,8,72.0,0,138,73.4,,68.3,0,0,0,0.0,0.0,,1,0,0,54,0,0,0,75,0,21,0,0,54,1
Markell Jones,45858,HB,PURDUE,13,18.1,0,273,69.4,70.9,75.4,1,2,37,22.8,22.5,95.9,1,3,0,54,0,0,0,298,39,173,0,0,15,0
Justin Allen,47429,WR,FRESNO ST,12,32.0,0,169,52.6,,57.8,0,0,0,0.0,0.0,,0,0,0,54,0,0,0,169,0,115,0,0,54,0
Jack Sides,41907,G,ARMY,3,100.0,0,114,76.2,73.5,74.8,0,0,3,100.0,100.0,100.0,0,0,0,54,0,15,0,54,3,3,39,0,51,0
Steven Williams,60511,QB,DOMINION,4,33.5,0,263,50.2,,60.0,0,0,0,0.0,0.0,,0,0,0,54,0,0,0,161,0,92,0,0,54,0
Damien Darden,60981,TE,NC STATE,3,64.3,0,248,45.3,76.9,56.1,0,0,8,21.6,21.1,100.0,2,0,0,54,0,0,0,84,8,38,0,1,46,36
Cam Chambers,40419,WR,MICH STATE,10,26.1,0,223,63.0,,59.3,0,0,0,0.0,0.0,,0,0,0,54,0,0,0,207,0,153,0,0,54,0
Tre Wolf,61784,WR,UTEP,8,41.5,0,330,62.0,,52.2,0,0,0,0.0,0.0,,0,0,0,54,0,0,0,130,0,76,0,0,54,0
Brandius Batiste,40358,WR,LA MONROE,10,42.9,0,209,61.9,,74.1,0,0,0,0.0,0.0,,2,0,0,54,0,0,0,126,0,72,0,0,54,0
Jackson Harris,36237,TE,GEORGIA,9,84.4,0,173,71.6,53.8,69.1,0,1,4,28.6,28.6,87.5,0,1,0,54,0,0,0,64,4,14,0,0,50,51
Richie Petitbon,51663,T,ALABAMA,6,100.0,0,103,64.2,68.4,62.1,0,0,7,100.0,100.0,85.7,0,1,1,54,0,0,33,54,7,7,0,21,47,0
Jamauri Bogan,30634,HB,W MICHIGAN,13,18.2,0,347,61.9,61.5,57.9,0,2,29,31.2,33.3,96.6,1,2,0,54,0,0,0,296,34,102,0,0,20,1
Jack Colletto,83540,QB,OREGON ST,8,39.6,1,265,60.9,,60.0,0,0,0,0.0,0.0,,1,0,0,53,0,0,0,134,0,64,0,0,53,0
Zach Saum,47060,TE,ARMY,10,94.6,0,114,66.6,65.5,63.7,0,0,1,25.0,25.0,100.0,0,0,0,53,0,0,3,56,1,4,0,4,52,47
Mohamed Jabbie,41293,WR,RUTGERS,6,50.0,0,278,49.6,,51.8,0,0,0,0.0,0.0,,0,0,0,53,0,0,0,106,0,53,0,0,53,0
Heneli Bloomfield,81897,C,UTAH ST,3,100.0,0,329,62.9,81.7,63.1,0,0,20,100.0,100.0,100.0,1,0,0,53,43,0,0,53,23,23,10,0,30,0
Christopher Bleich,81634,G,FLORIDA,4,100.0,0,163,59.6,63.2,58.4,0,0,20,100.0,100.0,100.0,0,0,0,53,0,50,0,53,20,20,3,0,33,0
Todd Centeio,60552,QB,TEMPLE,13,54.6,0,306,70.5,75.0,60.4,0,0,2,7.7,7.4,100.0,0,0,0,53,0,0,0,97,2,27,0,0,51,0
Jacob Kizer,61073,TE,WASHINGTON,13,86.9,0,340,66.5,71.8,68.5,0,0,4,33.3,33.3,100.0,0,0,0,53,0,0,0,61,4,12,0,0,49,52
Trey Blount,61272,WR,GEORGIA,10,71.6,0,173,67.4,,59.2,0,0,0,0.0,0.0,,0,0,0,53,0,0,0,74,0,21,0,0,53,0
Austin Vaughn,45871,HB,LA MONROE,12,33.5,0,209,66.8,83.3,54.1,0,0,18,24.0,25.3,100.0,0,0,0,53,0,0,0,158,20,79,0,0,33,0
Xazavian Valladay,57490,HB,WYOMING,10,25.9,0,351,67.7,76.7,65.6,0,0,25,24.5,25.2,100.0,0,0,0,53,0,0,0,205,27,107,0,0,26,0
Sandon McCoy,57146,HB,ARMY,11,76.8,0,114,59.7,69.7,67.0,0,0,1,100.0,100.0,100.0,0,0,0,53,0,0,0,69,1,1,0,0,52,1
Jeremiah Hawkins,61188,WR,CAL,12,26.1,0,130,60.0,,51.6,0,0,0,0.0,0.0,,0,0,0,53,0,0,0,203,0,142,0,0,53,0
Hunter Kampmoyer,42701,TE,OREGON,8,96.4,0,264,48.3,63.8,62.5,0,0,1,33.3,33.3,100.0,0,0,0,53,0,0,0,55,1,3,0,13,52,38
Travis Dye,83738,HB,OREGON,13,17.8,0,264,70.8,55.4,49.7,0,4,39,28.7,30.1,94.9,0,4,0,53,0,0,0,297,44,146,0,0,9,0
Curtis Dunlap Jr.,81729,G,MINNESOTA,4,100.0,0,225,57.0,20.4,64.1,0,2,14,100.0,100.0,92.9,1,2,0,53,0,0,0,53,14,14,53,0,39,0
Marquez McNair,47683,WR,UTSA,7,23.8,0,331,63.6,,52.6,0,0,0,0.0,0.0,,0,0,0,53,0,0,0,223,0,170,0,0,53,5
Brandon Bowling,42151,WR,ARK STATE,6,43.3,0,113,66.0,,60.8,0,0,0,0.0,0.0,,0,0,0,52,0,0,0,120,0,68,0,0,52,1
Jeremy Smith,32243,HB,LOUISVILLE,8,40.6,0,210,64.1,30.0,57.0,0,2,33,50.8,50.0,93.9,0,3,1,52,0,0,0,128,33,66,0,0,19,1
Evan Fairs,22869,WR,KANSAS,4,44.8,0,198,53.7,,51.9,0,0,0,0.0,0.0,,0,0,0,52,0,0,0,116,0,64,0,0,52,0
Cam Johnson,84497,WR,VANDERBILT,4,51.0,0,333,67.2,,76.8,0,0,0,0.0,0.0,,0,0,0,52,0,0,0,102,0,48,0,0,52,0
Cameron Scarlett,35806,HB,STANFORD,13,26.4,0,300,66.7,56.3,60.8,0,2,39,37.9,39.8,97.4,1,2,0,52,0,0,0,197,43,108,0,0,9,0
Travon Williams,40199,WR,TEMPLE,7,53.6,0,306,68.8,,58.5,0,0,0,0.0,0.0,,0,0,0,52,0,0,0,97,0,43,0,0,52,0
Montel Aaron,41788,QB,S JOSE ST,6,34.2,0,285,60.8,,60.0,0,0,0,0.0,0.0,,0,0,0,52,0,0,0,152,0,98,0,0,52,0
D.L. Knock,40488,WR,OHIO,12,56.5,0,259,62.2,,73.2,0,0,0,0.0,0.0,,0,0,0,52,0,0,0,92,0,40,0,0,52,9
Christian Haangana,41842,G,WASH STATE,6,100.0,0,341,63.3,85.0,57.1,0,0,33,100.0,100.0,100.0,0,0,0,52,0,48,0,52,33,33,0,0,19,0
Tyler Henderson,60855,TE,BAYLOR,13,78.8,0,118,59.7,62.2,59.8,0,0,18,60.0,58.8,100.0,1,0,0,52,0,0,0,66,20,34,0,0,32,58
Jeffrey Jones Jr.,84023,TE,NEW MEXICO,5,77.6,1,241,51.6,75.1,66.3,0,0,9,39.1,37.5,100.0,1,0,0,52,0,0,0,67,9,24,0,0,43,38
Ty Shaw,40627,G,UTAH ST,4,100.0,0,329,60.4,81.9,57.9,0,0,15,100.0,100.0,100.0,0,0,0,52,0,48,0,52,15,15,4,0,37,0
Devan Stubblefield,28257,WR,HAWAII,10,30.4,0,180,61.6,,63.4,0,0,0,0.0,0.0,,1,0,0,52,0,0,0,171,0,119,0,0,52,2
Griffin Hammer,52028,TE,COLO STATE,6,42.6,0,144,51.3,37.7,38.5,2,0,11,14.9,13.6,90.9,0,2,0,52,0,0,0,122,11,81,0,0,41,52
Bryant Novick,27294,T,UAB,6,100.0,0,321,68.2,79.7,65.2,0,0,5,100.0,100.0,100.0,0,0,0,52,0,0,33,52,5,5,3,9,47,6
Nick Sink,41523,G,OHIO,3,100.0,0,259,64.1,72.1,62.5,0,0,4,100.0,100.0,100.0,0,0,0,52,21,10,0,52,4,4,21,0,48,0
D.J. Butler,57051,TE,GA SOUTHRN,5,96.3,0,174,55.4,38.7,56.8,0,0,4,66.7,66.7,100.0,0,0,0,52,0,0,0,54,4,6,0,0,48,30
Najee Harris,57121,HB,ALABAMA,15,19.1,0,103,90.6,77.2,67.6,0,1,31,24.8,25.2,98.4,1,1,0,52,0,0,0,272,34,135,0,0,18,0
Gary Brightwell,57133,HB,ARIZONA,11,22.4,0,109,71.4,69.0,59.1,0,2,34,29.8,28.6,97.1,0,2,0,52,0,0,0,232,36,126,0,0,16,0
James Tunstall,55112,T,UCONN,5,100.0,0,146,55.4,53.6,54.9,0,2,31,100.0,100.0,90.3,0,4,2,52,0,0,28,52,32,32,0,24,20,0
D'Andre Swift,57212,HB,GEORGIA,14,13.1,0,173,80.4,50.7,58.1,1,1,39,18.6,17.8,94.9,0,3,1,52,0,0,0,398,39,219,0,0,13,1
Chandler Farrell,41404,C,S CAROLINA,5,100.0,0,289,75.8,82.4,70.7,0,0,24,100.0,100.0,100.0,0,0,0,52,51,0,0,52,25,25,0,0,27,0
Elijah Mitchell,57272,HB,LA LAFAYET,13,17.2,0,207,84.9,54.1,57.2,0,2,39,28.5,28.9,94.9,0,3,1,52,0,0,0,302,41,142,0,0,11,0
Jimmy Marshall,61453,WR,MIDDLE TN,11,38.0,0,224,56.0,,72.7,0,0,0,0.0,0.0,,1,0,0,52,0,0,0,137,0,85,0,0,52,0
Wyatt Bowles,81896,G,UTAH ST,4,100.0,0,329,74.8,85.4,71.4,0,0,17,100.0,100.0,100.0,0,0,0,52,3,8,0,52,19,19,28,13,33,0
Larry Borom,59879,T,MISSOURI,5,100.0,0,229,64.6,79.9,61.0,0,0,7,100.0,100.0,100.0,0,0,0,52,0,0,0,52,9,9,0,51,43,0
Jevon Bigelow,75898,HB,WYOMING,10,30.2,0,351,63.3,61.6,60.1,0,1,21,31.8,30.9,97.6,0,1,0,51,0,0,0,169,21,68,0,0,30,0
Tyron Arnett,61827,WR,W MICHIGAN,8,57.3,0,347,46.8,,61.4,0,0,0,0.0,0.0,,2,0,0,51,0,0,0,89,0,38,0,0,51,0
Luke Palmer,46190,C,UCF,7,100.0,0,323,51.3,78.2,54.5,0,0,9,100.0,100.0,100.0,1,0,0,51,33,11,0,51,10,10,7,0,41,0
Jack Allison,39875,QB,W VIRGINIA,7,47.7,0,343,62.5,,60.1,0,0,0,0.0,0.0,,1,0,0,51,0,0,0,107,0,53,0,0,51,0
Drew Eckels,27245,QB,W KENTUCKY,3,28.2,0,346,51.7,,60.0,0,0,0,0.0,0.0,,1,0,0,51,0,0,0,181,0,120,0,0,51,0
Brian Dooley,77531,TE,E MICHIGAN,4,87.9,0,160,57.9,50.8,50.9,1,0,12,63.2,63.2,95.8,0,1,0,51,0,0,1,58,12,19,0,0,39,57
Alex Cook,61805,WR,WASHINGTON,9,68.9,0,340,68.6,,88.4,0,0,0,0.0,0.0,,0,0,0,51,0,0,0,74,0,23,0,0,51,0
Jonathan Taylor,57488,HB,WISCONSIN,13,11.9,1,349,92.2,73.9,55.9,0,1,16,19.8,20.2,96.9,2,1,0,51,0,0,0,427,17,84,0,0,34,0
Jalen Tolbert,61637,WR,S ALABAMA,12,52.0,0,288,64.0,,60.9,0,0,0,0.0,0.0,,0,0,0,51,0,0,0,98,0,47,0,0,51,0
Seth Paige,83671,HB,GA STATE,10,25.0,0,175,70.2,43.4,59.5,0,4,17,17.0,16.8,88.2,0,4,0,51,0,0,0,204,18,107,0,0,33,0
Khalil Shakir,84140,WR,BOISE ST,10,33.8,0,120,70.2,,77.0,0,0,0,0.0,0.0,,0,0,0,51,0,0,0,151,0,86,0,0,51,0
Frank Nutile,26476,QB,TEMPLE,4,36.2,0,306,61.5,,60.0,0,0,0,0.0,0.0,,0,0,0,51,0,0,0,141,0,84,0,0,51,0
Dakota Davis,60104,G,SYRACUSE,4,100.0,0,304,64.5,78.6,62.4,0,0,6,100.0,100.0,100.0,0,0,0,51,0,22,0,51,6,6,3,0,45,26
Alex Ofodile,28246,WR,MISSOURI,11,61.4,0,229,46.0,,60.0,0,0,0,0.0,0.0,,1,0,0,51,0,0,0,83,0,32,0,0,51,0
Robert Mahone,40776,HB,BOISE ST,13,31.1,0,120,66.9,48.5,54.8,0,5,31,28.7,28.4,91.9,0,5,0,50,0,0,0,161,31,109,0,0,19,2
Brock Wright,60994,TE,NOTRE DAME,11,84.7,0,258,53.8,76.6,44.0,0,0,5,35.7,35.7,100.0,1,0,0,50,0,0,0,59,5,14,0,0,45,12
Bailey Gaither,47904,WR,S JOSE ST,4,34.2,0,285,73.2,,61.9,0,0,0,0.0,0.0,,0,0,0,50,0,0,0,146,0,93,0,0,50,0
Marvin Kinsey Jr.,40390,HB,COLO STATE,9,21.9,0,144,69.0,35.8,59.3,0,1,40,27.0,26.6,98.7,2,1,0,50,0,0,0,228,41,154,0,0,9,1
Max Cooper,61323,WR,IOWA,7,51.0,0,192,47.1,,47.0,0,0,0,0.0,0.0,,0,0,0,50,0,0,0,98,0,47,0,0,50,1
Terence Williams,45819,HB,HOUSTON,8,37.3,0,182,66.3,71.6,55.7,0,0,30,48.4,50.7,96.7,0,1,1,50,0,0,0,134,34,67,0,0,16,1
Kesean Strong,47413,HB,DOMINION,9,15.1,0,263,71.4,62.7,53.6,2,1,31,16.1,16.7,91.9,1,4,1,50,0,0,0,331,35,210,0,0,15,0
Luke McCleery,58508,T,ARMY,3,100.0,0,114,77.1,65.4,78.4,0,0,1,100.0,100.0,100.0,1,0,0,50,0,0,7,50,1,1,0,33,49,10
Aaron Molina,61504,WR,NEW MEXICO,4,54.3,0,241,60.6,,72.8,0,0,0,0.0,0.0,,0,0,0,50,0,0,0,92,0,42,0,0,50,0
Samuel Emilus,75926,WR,UMASS,6,27.8,0,216,63.7,,44.8,0,0,0,0.0,0.0,,3,0,0,50,0,0,0,180,0,130,0,0,50,0
Christian Gaylord,46224,T,NEBRASKA,5,100.0,0,238,69.7,84.0,63.7,0,0,19,100.0,100.0,100.0,0,0,0,50,0,0,50,50,23,23,0,0,27,0
Zion Roland,78078,WR,USF,6,41.0,0,327,57.1,,63.9,0,0,0,0.0,0.0,,0,0,0,50,0,0,0,122,0,72,0,0,50,0
Art Thompkins,32905,HB,TOLEDO,12,18.9,0,316,71.4,72.6,69.0,1,0,33,22.9,25.5,98.5,0,1,0,50,0,0,0,264,39,153,0,0,11,0
Isiah Upton,33687,WR,MIDDLE TN,9,36.2,0,224,54.3,,50.8,0,0,0,0.0,0.0,,0,0,0,50,0,0,0,138,0,88,0,0,50,4
DeSean Holmes,33318,WR,FAU,7,50.5,0,165,64.4,,86.1,0,0,0,0.0,0.0,,0,0,0,50,0,0,0,99,0,49,0,0,50,2
Garrett Groshek,40045,HB,WISCONSIN,13,15.7,1,349,64.2,33.5,66.1,0,1,38,17.0,17.6,93.4,1,3,2,49,0,0,0,312,42,238,0,0,7,2
Matt Sichterman,59906,T,NEBRASKA,4,100.0,0,238,54.6,43.6,56.7,0,0,19,100.0,100.0,89.5,0,2,2,49,0,0,0,49,22,22,0,49,27,0
Charles Williams,41837,HB,UNLV,10,32.9,0,325,68.6,79.9,65.0,0,1,35,53.8,52.2,95.7,0,2,1,49,0,0,0,149,35,67,0,0,14,0
Maurice Washington,83720,HB,NEBRASKA,11,18.8,0,238,77.4,48.4,76.7,0,2,19,13.0,12.3,94.7,0,2,0,49,0,0,0,261,19,155,0,0,30,0
Bryan Thompson,61777,WR,UTAH,4,51.0,0,328,55.2,,69.6,0,0,0,0.0,0.0,,0,0,0,49,0,0,0,96,0,47,0,0,49,0
Jessie Britt,52101,WR,UMASS,4,38.6,0,216,68.1,71.0,83.0,0,0,1,1.3,1.3,100.0,1,0,0,49,0,0,2,127,1,79,0,1,48,3
Rafe Peavey,27966,QB,FAU,5,52.1,0,165,36.4,,60.0,0,0,0,0.0,0.0,,0,0,0,49,0,0,0,94,0,38,0,0,49,0
Matt Carrick,57101,G,MICH STATE,7,100.0,0,223,47.5,23.8,51.2,1,2,31,100.0,100.0,95.2,0,3,0,49,0,45,0,49,31,31,0,0,18,0
Carmoni Green,61316,WR,ILLINOIS,5,42.6,0,187,59.0,,64.0,0,0,0,0.0,0.0,,1,0,0,49,0,0,0,115,0,65,0,0,49,0
Corey Dauphine,45901,HB,TULANE,13,23.9,0,319,68.5,66.8,56.8,0,0,25,47.2,47.4,100.0,0,0,0,49,0,0,0,205,27,57,0,0,22,0
Freddie Johnson,42129,WR,TEMPLE,10,39.8,0,306,60.9,,49.5,0,0,0,0.0,0.0,,0,0,0,49,0,0,0,123,0,74,0,0,49,0
De'Vion Warren,61141,WR,ARKANSAS,9,50.0,0,111,45.2,,67.9,0,0,0,0.0,0.0,,2,0,0,49,0,0,0,98,0,48,0,0,49,0
Champ Flemings,52125,WR,OREGON ST,11,50.0,0,265,60.7,,62.9,0,0,0,0.0,0.0,,0,0,0,49,0,0,0,98,0,46,0,0,49,0
Erik Beilman,35933,T,NEW MEXICO,9,94.2,0,241,49.9,66.8,49.1,0,0,7,70.0,72.7,100.0,0,0,0,49,0,0,1,52,8,11,0,6,41,27
Josh Oatis,41491,T,UTSA,4,100.0,0,331,63.1,73.7,57.8,0,1,34,100.0,100.0,98.5,0,1,0,49,0,0,0,49,34,34,21,27,15,1
Kevrin Justice,34217,HB,HOUSTON,10,52.7,0,182,73.8,87.9,63.9,0,0,36,64.3,64.3,100.0,0,0,0,49,0,0,0,93,36,56,0,0,13,0
Casey Holman,77315,T,DUKE,4,100.0,0,154,61.7,0.0,65.4,1,0,6,100.0,100.0,91.7,0,1,0,49,0,0,7,49,6,6,0,42,43,0
Evan Owens,40072,HB,UNLV,12,39.0,1,325,75.6,78.4,56.5,0,0,10,27.8,25.0,100.0,2,0,0,48,0,0,0,123,10,40,0,0,38,0
Roshauud Paul,61714,WR,TEXAS A&M,10,48.5,0,312,59.8,,47.8,0,0,0,0.0,0.0,,0,0,0,48,0,0,0,99,0,51,0,0,48,0
Aaron Winchester,46433,QB,GA STATE,6,34.0,0,175,64.2,,60.0,0,0,0,0.0,0.0,,0,0,0,48,0,0,0,141,0,71,0,0,48,0
Larry Collins Jr.,54559,WR,COAST CAR,10,59.3,0,141,66.8,,60.5,0,0,0,0.0,0.0,,0,0,0,48,0,0,0,81,0,33,0,0,48,0
Marquis McClain,40669,WR,AUBURN,9,84.2,0,115,58.3,65.2,68.5,0,0,1,10.0,10.0,100.0,0,0,0,48,0,0,0,57,1,10,0,3,47,0
Trevon Sidney,41041,WR,USC,10,34.3,0,326,58.7,,59.6,0,0,0,0.0,0.0,,1,0,0,48,0,0,0,140,0,92,0,0,48,3
Blake Mitchell,41858,C,MISS STATE,4,100.0,0,227,61.8,78.3,59.7,0,0,9,100.0,100.0,100.0,0,0,0,48,48,0,0,48,9,9,0,0,39,0
Carter McCarthy,84075,TE,UTSA,10,36.4,0,331,48.7,72.2,61.4,0,0,7,7.9,7.8,100.0,0,0,0,48,0,0,0,132,7,90,0,0,41,108
Raekwon James,47646,WR,KENT STATE,9,43.6,0,201,60.2,,60.0,0,0,0,0.0,0.0,,0,0,0,48,0,0,0,110,0,62,0,0,48,0
Drake Grall,46789,C,GA SOUTHRN,6,100.0,0,174,72.1,76.8,68.0,0,0,6,100.0,100.0,100.0,0,0,0,48,48,0,0,48,7,7,0,0,41,0
Thair Blakes,61049,TE,UAB,6,94.1,0,321,57.2,41.1,60.4,0,1,6,66.7,66.7,91.7,0,1,0,48,0,0,0,51,6,9,0,0,42,48
Scott Morgan,36889,C,GA TECH,5,100.0,0,176,78.0,75.7,72.7,0,0,2,100.0,100.0,100.0,0,0,0,48,48,0,0,48,2,2,0,0,46,0
Gavin Cupp,40825,G,OHIO STATE,2,100.0,0,260,56.5,35.8,58.7,0,2,27,100.0,100.0,92.6,0,3,1,48,0,48,0,48,27,27,0,0,21,0
Sam Dobbs,29111,TE,VANDERBILT,11,32.4,0,333,55.5,69.2,58.6,0,0,3,3.0,2.9,100.0,0,0,0,48,0,0,0,148,3,103,0,0,45,83
Emari Demercado,77763,HB,TCU,10,30.4,0,305,64.8,53.0,55.6,0,1,19,26.8,26.4,97.4,0,1,0,48,0,0,0,158,19,72,0,0,29,0
Damarea Crockett,27436,HB,MISSOURI,11,15.5,0,229,76.8,76.5,58.7,0,1,35,25.0,26.0,98.6,1,1,0,48,0,0,0,310,39,150,0,0,9,0
Michael Carter,57337,HB,N CAROLINA,9,19.0,0,245,70.4,68.4,58.1,0,1,20,15.4,15.3,97.5,0,1,0,48,0,0,0,252,21,137,0,0,27,0
Clayton Bradley,82008,T,USC,3,100.0,0,326,51.0,38.1,65.0,0,1,29,100.0,100.0,94.8,1,2,1,47,0,0,3,47,30,30,0,44,17,0
Alex Weber,26569,WR,OLE MISS,9,54.7,0,226,67.3,,75.6,0,0,0,0.0,0.0,,0,0,0,47,0,0,0,86,0,39,0,0,47,0
Jonathan Timmons,41481,G,CHARLOTTE,4,100.0,0,136,58.5,61.6,57.2,0,0,16,100.0,100.0,93.7,0,1,1,47,0,9,0,47,17,17,38,0,30,0
C.J. Thorpe,60018,G,PENN STATE,7,100.0,0,266,73.2,46.2,78.4,0,0,16,100.0,100.0,100.0,2,0,0,47,0,0,0,47,19,19,43,0,28,0
Leddie Brown,77766,HB,W VIRGINIA,11,22.1,0,343,79.1,61.7,79.0,0,1,35,33.0,33.6,98.6,0,1,0,47,0,0,0,213,37,110,0,0,10,0
Anthony Jones,45670,HB,FIU,6,26.9,0,166,67.5,55.9,45.7,2,0,24,29.3,30.2,95.8,0,2,0,47,0,0,0,175,26,86,0,0,21,0
Matt Jones,42273,TE,KANSAS ST,10,97.9,0,199,48.5,66.9,55.3,0,0,2,66.7,66.7,100.0,1,0,0,47,0,0,0,48,2,3,0,0,45,44
Darveon Brown,33514,WR,ARK STATE,11,38.5,0,113,47.7,,51.0,0,0,0,0.0,0.0,,0,0,0,47,0,0,0,122,0,75,0,0,47,0
Cole Kelley,39945,QB,ARKANSAS,9,30.7,0,111,67.1,,60.0,0,0,0,0.0,0.0,,0,0,0,47,0,0,0,153,0,78,0,0,47,0
Andy Koch,81900,T,UTAH ST,3,100.0,0,329,61.3,49.5,61.9,0,0,12,100.0,100.0,100.0,0,0,0,47,0,0,47,47,13,13,0,0,34,0
Brandon Benson,40037,WR,SMU,4,35.1,0,287,46.3,,51.3,0,0,0,0.0,0.0,,0,0,0,47,0,0,0,134,0,87,0,0,47,0
Loren Easly,34866,HB,N TEXAS,4,26.1,0,251,75.2,79.0,58.1,1,0,38,41.3,39.2,98.7,0,1,0,47,0,0,0,180,38,97,0,0,9,0
Brandon Kipper,52054,T,OREGON ST,3,100.0,0,265,60.7,31.1,73.1,2,1,30,100.0,100.0,95.0,0,3,0,47,0,0,47,47,30,30,0,0,17,0
Evan Johnson,57345,HB,N TEXAS,9,48.4,0,251,58.3,90.3,57.4,0,0,39,53.4,52.6,100.0,0,0,0,46,0,0,0,95,41,78,0,0,5,0
Shane Buechele,12659,QB,TEXAS,2,44.7,0,311,54.0,,60.3,0,0,0,0.0,0.0,,2,0,0,46,0,0,0,103,0,52,0,0,46,0
Dalton Rigdon,61729,WR,TEXAS TECH,5,51.1,0,315,58.2,,71.0,0,0,0,0.0,0.0,,2,0,0,46,0,0,0,90,0,44,0,0,46,0
Braydon Johnson,61576,WR,OKLA STATE,10,56.1,1,262,56.8,,73.1,0,0,0,0.0,0.0,,1,0,0,46,0,0,0,82,0,36,0,0,46,0
Marcus McKethan,60811,G,N CAROLINA,3,100.0,0,245,63.1,55.4,63.0,0,1,14,100.0,100.0,96.4,0,1,0,46,0,0,0,46,14,14,46,0,32,0
Michael Curtis,52108,QB,UMASS,6,41.1,0,216,63.0,,60.3,0,0,0,0.0,0.0,,0,0,0,46,0,0,0,112,0,50,0,0,46,0
D'Angelo McKinnie,77915,TE,E CAROLINA,9,95.8,0,156,42.6,71.0,39.4,0,0,7,77.8,77.8,100.0,0,0,0,46,0,0,1,48,7,9,0,0,39,45
Ryan Walk,60011,C,OREGON,5,100.0,0,264,70.0,75.8,66.5,0,0,5,100.0,100.0,100.0,0,0,0,46,46,0,0,46,5,5,0,0,41,0
Barrett Banister,61465,WR,MISSOURI,10,45.1,0,229,60.5,,43.6,0,0,0,0.0,0.0,,0,0,0,46,0,0,0,102,0,56,0,0,46,1
Stephen Spanellis,41745,C,MICHIGAN,6,100.0,0,222,67.4,79.2,64.2,0,0,14,100.0,100.0,100.0,0,0,0,46,26,5,0,46,14,14,14,0,32,0
Nous Keobounnam,41631,C,OREGON ST,9,100.0,0,265,58.0,81.9,54.9,0,0,18,100.0,100.0,100.0,0,0,0,46,42,0,1,46,18,18,0,0,28,0
Quinn Mittermeier,32760,G,OKLAHOMA,5,100.0,0,261,62.6,43.2,63.0,0,1,9,100.0,100.0,94.4,0,1,0,46,0,7,12,46,10,10,21,6,36,0
Sam Letton,40115,TE,TROY,4,43.8,0,318,56.1,69.8,55.7,0,0,5,8.3,7.8,100.0,1,0,0,46,0,0,1,105,5,64,0,0,41,39
Peyton Derrick,60329,QB,APP STATE,6,59.7,0,108,75.6,,60.0,0,0,0,0.0,0.0,,0,0,0,46,0,0,0,77,0,26,0,0,46,0
Daniel Young,57425,HB,TEXAS,13,41.8,0,311,59.3,53.7,81.3,0,1,15,41.7,43.6,96.7,0,1,0,46,0,0,0,110,17,39,0,0,29,0
DJ Turner,47663,WR,MARYLAND,7,29.1,1,215,58.5,,79.1,0,0,0,0.0,0.0,,1,0,0,46,0,0,0,158,0,104,0,0,46,4
Tyran Walker-Hunt,59834,T,MARYLAND,7,100.0,0,215,53.4,60.7,58.1,1,0,11,100.0,100.0,95.5,1,1,0,46,0,0,0,46,11,11,0,45,35,1
Parker Eichenberger,60907,TE,HOUSTON,7,79.3,0,182,58.3,45.0,52.0,0,2,14,56.0,53.8,92.9,0,2,0,46,0,0,0,58,14,26,0,0,32,32
John Moten IV,27945,HB,NWESTERN,9,29.1,0,256,65.9,81.0,53.9,0,0,27,30.3,30.5,100.0,0,0,0,46,0,0,0,158,29,95,0,0,17,3
Trent Hixson,59905,G,NEBRASKA,4,100.0,0,238,61.0,58.6,60.4,0,1,17,100.0,100.0,97.1,0,1,0,46,0,0,0,46,20,20,46,0,26,0
Chris Oladokun,40364,QB,USF,6,39.7,0,327,51.4,,60.0,0,0,0,0.0,0.0,,0,0,0,46,0,0,0,116,0,59,0,0,46,0
Isaiah Gentry-Madaris,26244,WR,MIAMI OH,7,64.8,0,221,54.5,,68.6,0,0,0,0.0,0.0,,0,0,0,46,0,0,0,71,0,25,0,0,46,0
Aron Cruickshank,84516,WR,WISCONSIN,10,67.6,0,349,64.0,,69.2,0,0,0,0.0,0.0,,0,0,0,46,0,0,0,68,0,15,0,0,46,0
Brenden Knox,57287,HB,MARSHALL,9,22.1,0,214,73.7,62.5,56.2,0,1,26,29.2,30.1,98.1,0,1,0,46,0,0,0,208,28,93,0,0,18,0
Ivan Reyes,41721,C,APP STATE,5,100.0,0,108,71.6,76.8,67.6,0,0,8,100.0,100.0,100.0,0,0,0,46,46,0,0,46,8,8,0,0,38,0
Xavier Jones,45742,HB,SMU,10,24.5,0,287,56.2,51.9,57.1,1,2,24,26.4,28.3,93.7,1,3,0,46,0,0,0,188,28,99,0,0,18,0
Diondre Champaigne,84194,WR,GA STATE,10,40.5,0,175,62.2,,72.0,0,0,0,0.0,0.0,,0,0,0,45,0,0,0,111,0,66,0,0,45,0
Mershawn Miller,55164,G,FIU,3,100.0,0,166,71.0,74.5,70.1,0,1,14,100.0,100.0,96.4,0,1,0,45,0,13,0,45,16,16,32,0,29,0
Diego Cervantes,81783,C,DOMINION,3,100.0,0,263,57.7,79.0,56.3,0,0,9,100.0,100.0,100.0,0,0,0,45,45,0,0,45,9,9,0,0,36,0
Jean Delance,41866,T,FLORIDA,4,100.0,0,163,58.5,62.7,56.9,1,0,16,100.0,100.0,96.9,0,1,0,45,0,0,0,45,16,16,0,45,29,0
Raiqwon O'Neal,81811,T,RUTGERS,3,100.0,0,278,66.0,55.3,66.7,1,0,16,100.0,100.0,90.6,0,2,1,45,0,0,45,45,17,17,0,0,28,0
Miles Reed,52077,HB,HAWAII,9,48.4,0,180,70.6,77.7,59.2,0,1,35,67.3,69.1,98.6,0,1,0,45,0,0,0,93,38,55,0,0,7,0
Neil McLaurin,84417,WR,SO MISS,11,36.9,0,296,64.0,,69.5,0,0,0,0.0,0.0,,0,0,0,45,0,0,0,122,0,77,0,0,45,0
Kelton Powell,42100,WR,TEXAS ST,9,65.2,0,314,61.9,,58.5,0,0,0,0.0,0.0,,0,0,0,45,0,0,0,69,0,24,0,0,45,0
Jake Matkovich,37730,WR,AIR FORCE,8,83.3,0,101,62.7,,55.3,0,0,0,0.0,0.0,,0,0,0,45,0,0,0,54,0,9,0,0,45,10
Scott Bracey,40270,WR,DUKE,10,50.6,0,154,47.6,,53.6,0,0,0,0.0,0.0,,2,0,0,45,0,0,0,89,0,44,0,0,45,0
Darrius Scott,40042,WR,FIU,11,42.1,0,166,58.0,,49.4,0,0,0,0.0,0.0,,0,0,0,45,0,0,0,107,0,61,0,0,45,0
Ian Eriksen,45798,HB,E MICHIGAN,9,22.1,1,160,62.2,80.7,66.5,0,0,25,24.5,25.5,96.0,1,1,1,45,0,0,0,204,27,106,0,0,18,0
Jamie Nunley,42221,TE,ARIZONA,7,61.6,0,109,65.2,75.8,61.2,0,0,6,20.0,20.0,100.0,0,0,0,45,0,0,0,73,7,35,0,0,38,34
Jordan Holmes,84218,WR,ILLINOIS,5,58.4,0,187,62.6,,71.6,0,0,0,0.0,0.0,,0,0,0,45,0,0,0,77,0,32,0,0,45,0
Jalen Harris,49400,TE,AUBURN,3,77.2,0,115,65.1,77.2,60.0,0,0,7,38.9,40.9,100.0,0,0,0,44,0,0,5,57,9,22,0,0,35,42
Alex Forsyth,60012,G,OREGON,6,100.0,0,264,76.2,77.1,73.9,0,0,5,100.0,100.0,100.0,0,0,0,44,0,26,1,44,5,5,1,14,39,2
Demetris Robertson,38547,WR,GEORGIA,8,50.6,0,173,50.5,,59.0,0,0,0,0.0,0.0,,0,0,0,44,0,0,0,87,0,39,0,0,44,3
Ryan Jenkins,47779,WR,ARIZONA ST,12,29.9,0,110,59.0,,73.0,0,0,0,0.0,0.0,,0,0,0,44,0,0,0,147,0,103,0,0,44,2
Kamari Pleasant,40696,HB,WASHINGTON,11,39.6,0,340,70.2,49.7,60.7,0,2,17,43.6,42.9,94.1,0,2,0,44,0,0,0,111,18,42,0,0,26,0
Aaron McAllister,42962,HB,CHARLOTTE,12,22.9,0,136,63.8,83.9,63.7,0,0,21,27.6,26.6,100.0,0,0,0,44,0,0,0,192,21,79,0,0,23,0
Rick Wells,42268,WR,FLORIDA,5,83.0,0,163,57.9,,62.7,0,0,0,0.0,0.0,,0,0,0,44,0,0,0,53,0,9,0,0,44,0
Micah Kapoi,46036,G,WISCONSIN,6,100.0,0,349,82.3,60.2,82.1,0,0,7,100.0,100.0,100.0,0,0,0,44,0,0,0,44,7,7,43,0,37,1
Derius Davis,78196,WR,TCU,11,49.4,0,305,72.1,,79.3,0,0,0,0.0,0.0,,0,0,0,44,0,0,0,89,0,40,0,0,44,0
Tez Parks,30060,HB,SO MISS,5,23.8,0,296,59.0,71.5,57.0,0,1,27,23.3,23.8,94.4,0,2,1,44,0,0,0,185,29,122,0,0,15,0
Chase Allen,39988,TE,IOWA STATE,8,38.9,0,193,65.4,75.6,68.4,0,0,11,14.3,14.8,100.0,1,0,0,44,0,0,0,113,12,81,0,0,32,43
Tashawn Manning,56551,G,AUBURN,2,100.0,0,115,72.7,75.4,71.2,0,0,5,100.0,100.0,100.0,0,0,0,43,0,43,0,43,5,5,0,0,38,0
Jalin Moore,27976,HB,APP STATE,5,27.9,0,108,81.5,86.4,71.8,0,0,30,40.0,40.3,100.0,0,0,0,43,0,0,0,154,31,77,0,0,12,0
Siotame Uluave,81895,C,UTAH ST,4,100.0,0,329,63.6,80.2,60.7,0,0,12,100.0,100.0,100.0,0,0,0,43,25,7,0,43,12,12,11,0,31,0
George Moore,60013,T,OREGON,4,100.0,0,264,55.7,55.4,55.3,0,1,10,100.0,100.0,95.0,0,1,0,43,0,0,43,43,10,10,0,0,33,0
Jarveon Howard,77710,HB,SYRACUSE,12,29.3,0,304,58.3,79.6,57.1,0,1,17,35.4,39.6,97.1,0,1,0,43,0,0,0,147,21,53,0,0,22,0
Cameron Muller,60008,G,DOMINION,2,100.0,0,263,60.9,81.7,59.0,0,0,8,100.0,100.0,100.0,0,0,0,43,0,43,0,43,8,8,0,0,35,0
Brennan Eagles,78103,WR,TEXAS,8,56.6,0,311,56.2,,57.5,0,0,0,0.0,0.0,,0,0,0,43,0,0,0,76,0,33,0,0,43,0
Logan Hessbrook,42173,TE,C MICHIGAN,5,47.8,0,134,53.9,69.5,59.2,0,0,5,10.4,9.6,100.0,1,0,0,43,0,0,0,90,5,52,0,0,38,41
Jack Miller III,60005,T,DOMINION,2,100.0,0,263,67.9,81.9,63.9,0,0,8,100.0,100.0,100.0,0,0,0,43,0,0,0,43,8,8,0,43,35,0
Dylan Deatherage,60242,T,W MICHIGAN,6,100.0,0,347,72.7,82.1,68.5,0,0,9,100.0,100.0,100.0,1,0,0,43,0,0,42,43,12,12,0,0,31,1
TJ Green,34643,QB,NWESTERN,7,44.8,0,256,49.6,,60.1,0,0,0,0.0,0.0,,1,0,0,43,0,0,0,96,0,44,0,0,43,0
Calif Gossett,42008,WR,LA LAFAYET,6,53.1,0,207,59.4,,79.9,0,0,0,0.0,0.0,,0,0,0,43,0,0,0,81,0,38,0,0,43,0
Kendall Hinton,34045,QB,WAKE,5,42.2,0,339,66.5,,60.9,0,0,0,0.0,0.0,,1,0,0,43,0,0,0,102,0,38,0,0,43,0
Ricky Person Jr.,77725,HB,NC STATE,9,18.9,0,248,67.8,75.3,58.9,0,1,32,32.3,33.6,98.4,0,1,0,43,0,0,0,228,36,107,0,0,7,0
Chandler Anthony,40240,G,N TEXAS,5,100.0,0,251,61.3,68.3,59.9,0,1,10,100.0,100.0,95.0,0,1,0,43,0,34,0,43,12,12,8,0,31,0
Rhett Blackman,55375,WR,TOLEDO,7,59.7,0,316,62.1,,60.4,0,0,0,0.0,0.0,,0,0,0,43,0,0,0,72,0,29,0,0,43,0
Collin Kilcrease,30221,TE,SO MISS,6,89.6,0,296,48.0,74.4,47.1,0,0,9,64.3,64.3,100.0,1,0,0,43,0,0,0,48,9,14,0,0,34,36
Adam Mehelic,60957,TE,MIAMI OH,9,95.6,0,221,57.0,71.5,56.6,0,0,4,66.7,71.4,100.0,0,0,0,43,0,0,0,45,5,7,0,0,38,28
Cade Fortin,77620,QB,N CAROLINA,4,34.4,0,245,73.6,,60.2,0,0,0,0.0,0.0,,0,0,0,43,0,0,0,125,0,77,0,0,43,0
Sione Finefeuiaki,57085,FB,OKLA STATE,11,82.7,0,262,53.5,75.2,48.2,0,0,5,35.7,35.7,100.0,0,0,0,43,0,0,0,52,5,14,0,0,38,2
Brenden Brady,83795,HB,UTSA,9,24.9,0,331,62.7,41.7,48.0,0,3,38,32.2,31.4,90.8,0,5,2,43,0,0,0,173,38,121,0,0,5,0
Phillip Howard,40350,WR,MINNESOTA,9,64.2,0,225,54.6,,62.4,0,0,0,0.0,0.0,,0,0,0,43,0,0,0,67,0,24,0,0,43,0
Colin Woodside,77403,G,CINCINNATI,3,100.0,0,138,58.9,77.1,57.6,0,0,5,100.0,100.0,100.0,0,0,0,43,0,18,0,43,5,5,25,0,38,0
Keegan Cossou,55058,TE,C MICHIGAN,9,54.4,0,134,45.6,69.9,35.0,0,0,4,10.5,10.0,100.0,0,0,0,43,0,0,2,79,4,40,0,0,39,30
Ke'Shawn Vaughn,45866,HB,VANDERBILT,12,13.9,0,333,90.7,60.1,55.1,0,1,22,18.0,17.5,97.7,0,1,0,43,0,0,0,309,22,126,0,0,21,0
Nick Villano,37193,C,FLORIDA,4,100.0,0,163,70.0,80.3,65.8,0,0,17,100.0,100.0,100.0,0,0,0,43,42,0,0,43,17,17,0,0,26,0
Glenn Beal,84059,TE,TEXAS A&M,10,78.2,0,312,33.2,70.2,45.4,0,0,2,14.3,14.3,100.0,0,0,0,43,0,0,0,55,2,14,0,0,41,55
Caleb Twyford,61722,HB,TEXAS ST,11,18.1,0,314,65.2,54.9,61.8,0,3,13,9.8,10.1,88.5,0,3,0,43,0,0,0,237,14,138,0,0,29,1
Jarrion Street,42887,HB,UAB,9,30.1,0,321,62.8,25.5,57.7,4,1,28,35.4,35.0,91.1,0,5,0,43,0,0,0,143,28,80,0,0,15,0
Tito Overton,42422,WR,BUFFALO,7,89.4,0,126,59.7,,62.6,0,0,0,0.0,0.0,,0,0,0,42,0,0,0,47,0,5,0,0,42,0
Tyler Carr,56882,TE,TEXAS TECH,4,73.7,0,315,48.3,67.5,48.5,0,1,11,42.3,48.3,95.5,0,1,0,42,0,0,0,57,14,29,0,0,28,46
Ben Moye,36846,G,LA MONROE,7,100.0,0,209,62.7,66.5,61.0,0,0,25,100.0,100.0,100.0,0,0,0,42,5,0,0,42,25,25,37,0,17,0
Bryan Barrett,37310,C,NAVY,2,100.0,0,237,53.0,26.3,55.9,1,0,11,100.0,100.0,95.5,0,1,0,42,41,0,0,42,12,12,0,0,30,0
Coltin Gerhart,26907,QB,NEW MEXICO,5,30.4,0,241,49.1,,60.0,0,0,0,0.0,0.0,,0,0,0,42,0,0,0,138,0,76,0,0,42,0
Malik Willis,60341,QB,AUBURN,8,67.7,0,115,62.2,,60.3,0,0,0,0.0,0.0,,0,0,0,42,0,0,0,62,0,11,0,0,42,0
Owen Condon,81994,T,GEORGIA,3,100.0,0,173,53.2,78.9,50.1,0,0,10,100.0,100.0,100.0,0,0,0,42,0,0,0,42,10,10,0,42,32,0
Xavian Marks,32112,WR,ALABAMA,8,95.5,0,103,62.6,,70.1,0,0,0,0.0,0.0,,0,0,0,42,0,0,0,44,0,2,0,0,42,0
Pete Nank,59850,G,MIAMI OH,6,100.0,0,221,62.5,82.2,60.1,0,0,8,100.0,100.0,100.0,0,0,0,42,0,3,8,42,9,9,31,0,33,0
CJ Windham,42051,WR,MIDDLE TN,4,32.1,0,224,55.1,,58.6,0,0,0,0.0,0.0,,0,0,0,42,0,0,0,131,0,89,0,0,42,0
Chevan Cordeiro,75886,QB,HAWAII,4,35.9,0,180,70.1,,60.0,0,0,0,0.0,0.0,,1,0,0,42,0,0,0,117,0,73,0,0,42,0
Braden Collins,84100,WR,APP STATE,3,73.7,0,108,47.9,,50.5,0,0,0,0.0,0.0,,1,0,0,42,0,0,0,57,0,15,0,0,42,0
Daniel Bellinger,84041,TE,S DIEGO ST,9,71.2,0,284,56.2,67.1,63.3,0,0,1,5.6,5.6,100.0,1,0,0,42,0,0,0,59,1,18,0,0,41,49
Nick Aibuedefe,36345,T,FRESNO ST,6,100.0,0,169,67.8,76.7,65.2,0,0,3,100.0,100.0,100.0,0,0,0,42,0,0,42,42,4,4,0,0,38,0
Kurt Danneker,77443,G,OHIO,3,100.0,0,259,60.4,71.6,59.5,0,0,3,100.0,100.0,100.0,0,0,0,42,0,0,0,42,3,3,42,0,39,0
Berkeley Holman,61543,WR,NWESTERN,11,36.2,0,256,58.1,,59.7,0,0,0,0.0,0.0,,0,0,0,42,0,0,0,116,0,72,0,0,42,0
Will Farrar,60132,T,TEXAS TECH,3,100.0,0,315,49.9,81.4,58.1,0,0,9,100.0,100.0,100.0,2,0,0,41,0,0,0,41,11,11,0,41,30,0
Larry Stephens,26890,WR,UTSA,10,48.8,0,331,51.8,,72.2,0,0,0,0.0,0.0,,0,0,0,41,0,0,0,84,0,43,0,0,41,1
Alani Havili-Katoa,26654,G,UTAH,4,100.0,0,328,58.7,23.1,60.3,0,0,9,100.0,100.0,88.9,0,1,1,41,0,17,0,41,10,10,24,0,31,0
Bryant Koback,57266,HB,TOLEDO,13,14.6,0,316,79.5,84.6,58.3,0,0,32,28.1,28.6,100.0,0,0,0,41,0,0,0,280,34,119,0,0,7,0
Griffin King,33229,WR,AUBURN,4,89.1,0,115,58.9,,57.2,0,0,0,0.0,0.0,,0,0,0,41,0,0,0,46,0,5,0,0,41,0
Alex Ramart,60321,QB,AKRON,6,50.0,0,102,24.1,,60.3,0,0,0,0.0,0.0,,0,0,0,41,0,0,0,82,0,39,0,0,41,0
Jared Bubak,40026,TE,ARIZONA ST,8,100.0,0,110,67.3,69.2,64.6,0,0,3,100.0,100.0,100.0,0,0,0,41,0,0,0,41,3,3,0,0,38,39
Matt Williams,41343,T,APP STATE,5,100.0,0,108,81.1,77.6,77.2,0,0,7,100.0,100.0,100.0,0,0,0,41,0,0,0,41,7,7,0,41,34,0
Xavier Lane,42334,WR,W KENTUCKY,5,29.1,0,346,50.2,,55.9,0,0,0,0.0,0.0,,1,0,0,41,0,0,0,141,0,100,0,0,41,0
Kyle Philips,84463,WR,UCLA,4,40.6,0,324,54.8,,62.1,0,0,0,0.0,0.0,,0,0,0,41,0,0,0,101,0,60,0,0,41,0
Brady Bodine,29338,HB,NC STATE,11,36.0,0,248,61.7,71.2,58.3,1,1,30,41.7,39.5,96.7,0,2,0,41,0,0,0,114,30,76,0,0,11,0
Devon Jackson,78901,WR,MIDDLE TN,10,61.2,0,224,50.5,,48.0,0,0,0,0.0,0.0,,0,0,0,41,0,0,0,67,0,26,0,0,41,0
Zack Dobson,78831,WR,MIDDLE TN,9,41.8,0,224,80.7,,41.0,0,0,0,0.0,0.0,,0,0,0,41,0,0,0,98,0,41,0,0,41,0
Miles Kendrick,77673,QB,KANSAS,4,51.9,0,198,69.3,62.2,60.0,0,0,1,4.5,4.2,100.0,0,0,0,41,0,0,0,79,1,24,0,0,40,0
Jameson Field,12562,WR,UTAH,10,57.7,0,328,57.2,,57.5,0,0,0,0.0,0.0,,0,0,0,41,0,0,0,71,0,30,0,0,41,0
Cody Mitchell,42118,TE,MARSHALL,2,73.2,0,214,53.2,64.6,56.7,0,0,8,34.8,37.5,100.0,0,0,0,41,0,0,0,56,9,24,0,0,32,28
Gio Pancotti,40010,G,TEXAS TECH,3,100.0,0,315,66.1,81.4,63.8,0,0,9,100.0,100.0,100.0,0,0,0,41,0,33,7,41,11,11,0,0,30,0
Jadan Blue,61705,WR,TEMPLE,7,48.2,0,306,58.7,,53.3,0,0,0,0.0,0.0,,0,0,0,41,0,0,0,85,0,41,0,0,41,0
DeJon Packer,52230,HB,S JOSE ST,4,38.7,0,285,61.5,82.1,56.7,1,0,28,41.8,43.5,98.2,0,1,0,41,0,0,0,106,30,69,0,0,11,0
Hasaan Patterson,34275,WR,DOMINION,12,54.7,0,263,58.2,,75.4,0,0,0,0.0,0.0,,0,0,0,41,0,0,0,75,0,34,0,0,41,0
Nick Gibson,34474,HB,MISS STATE,9,39.0,0,227,71.8,34.6,60.8,0,1,12,25.5,26.5,95.8,2,1,0,41,0,0,0,105,13,49,0,0,28,0
Jacob South,81901,T,UTAH ST,2,100.0,0,329,79.2,80.6,74.9,0,0,14,100.0,100.0,100.0,0,0,0,40,0,0,0,40,15,15,0,40,25,0
Joctavis Phillips,52031,G,COLO STATE,4,100.0,0,144,48.8,0.2,63.4,1,0,25,100.0,100.0,90.0,0,3,2,40,0,40,0,40,26,26,0,0,14,0
Ladante Harris,38962,WR,FAU,2,67.8,0,165,48.7,,60.2,0,0,0,0.0,0.0,,0,0,0,40,0,0,0,59,0,18,0,0,40,1
Kam Martin,42395,HB,AUBURN,11,19.2,0,115,64.2,16.3,56.4,1,3,20,24.1,24.4,90.0,1,4,0,40,0,0,0,208,21,86,0,0,19,0
Kelly Bryant,34897,QB,CLEMSON,4,31.3,0,140,56.6,,60.0,0,0,0,0.0,0.0,,1,0,0,40,0,0,0,128,0,64,0,0,40,0
Patrick Davis,60105,T,SYRACUSE,3,100.0,0,304,49.4,41.3,51.3,0,1,6,100.0,100.0,91.7,0,1,0,40,0,0,0,40,6,6,0,25,34,15
Gunner Gentry,75958,WR,WYOMING,10,85.1,0,351,60.0,,71.6,0,0,0,0.0,0.0,,0,0,0,40,0,0,0,47,0,7,0,0,40,0
Nick Starkel,40326,QB,TEXAS A&M,5,63.5,0,312,67.7,,60.0,0,0,0,0.0,0.0,,0,0,0,40,0,0,0,63,0,23,0,0,40,0
Lucas Krull,83962,TE,FLORIDA,12,65.6,0,163,74.8,55.0,65.0,0,1,4,16.0,16.0,87.5,0,1,0,40,0,0,1,61,4,25,0,0,36,33
Tate Martell,60505,QB,OHIO STATE,6,43.5,0,260,63.1,,60.0,0,0,0,0.0,0.0,,0,0,0,40,0,0,0,92,0,36,0,0,40,0
Tre Adams,84107,WR,ARIZONA,4,57.1,0,109,51.8,,62.8,0,0,0,0.0,0.0,,0,0,0,40,0,0,0,70,0,30,0,0,40,0
Josh Stewart,40195,WR,TULSA,7,55.6,0,320,63.6,,62.0,0,0,0,0.0,0.0,,0,0,0,40,0,0,0,72,0,32,0,0,40,0
Chuck Filiaga,59858,G,MICHIGAN,6,100.0,0,222,60.8,44.1,61.3,0,1,13,100.0,100.0,96.2,0,1,0,40,0,39,0,40,13,13,0,0,27,0
Kobe Smith,84397,WR,S DIEGO ST,12,27.7,1,284,56.8,68.4,53.0,0,0,1,1.1,1.0,100.0,3,0,0,39,0,0,0,141,1,103,0,0,38,2
Keke McFadden,150255,WR,KENT STATE,3,44.8,0,201,63.7,,59.4,0,0,0,0.0,0.0,,0,0,0,39,0,0,0,87,0,48,0,0,39,0
Sitaleki Nunn,84402,WR,S JOSE ST,8,38.2,0,285,55.1,,50.7,0,0,0,0.0,0.0,,0,0,0,39,0,0,0,102,0,58,0,0,39,0
E.J. Scott,52024,WR,COLO STATE,10,42.9,0,144,52.8,,61.9,0,0,0,0.0,0.0,,0,0,0,39,0,0,0,91,0,52,0,0,39,0
Bearooz Yacoobi,46772,G,PURDUE,5,92.9,0,273,53.1,68.7,51.8,0,1,10,76.9,78.6,95.0,0,1,0,39,0,8,0,42,11,14,25,0,28,7
Austin Hergott,39923,QB,C MICHIGAN,3,41.5,0,134,46.3,,60.0,0,0,0,0.0,0.0,,1,0,0,39,0,0,0,94,0,55,0,0,39,0
Tyler Lyle,43539,FB,E MICHIGAN,12,90.7,0,160,50.8,79.2,54.4,0,0,8,66.7,66.7,100.0,0,0,0,39,0,0,0,43,8,12,0,0,31,15
Tyler Badie,83714,HB,MISSOURI,12,16.1,0,229,70.7,57.8,58.0,1,0,19,15.2,15.9,97.4,0,1,0,39,0,0,0,242,21,132,0,0,18,0
Parker Boudreaux,41112,G,UCF,6,100.0,0,323,62.5,78.2,65.6,0,0,6,100.0,100.0,100.0,1,0,0,39,0,39,0,39,7,7,0,0,32,0
Sheldon Jones,84492,WR,UTSA,9,24.4,0,331,57.9,,51.4,0,0,0,0.0,0.0,,1,0,0,39,0,0,0,160,0,121,0,0,39,5
Kody Crider,61488,WR,NAVY,6,92.9,0,237,63.9,,68.2,0,0,0,0.0,0.0,,0,0,0,39,0,0,1,42,0,3,0,2,39,6
Jason Pellerin,36053,TE,OLE MISS,9,66.1,0,226,42.9,60.5,52.2,0,1,8,33.3,30.8,93.7,0,1,0,39,0,0,0,59,8,26,0,0,31,33
Ivory Kelly-Martin,57244,HB,IOWA,9,18.7,0,192,61.2,48.9,55.5,0,4,24,26.7,27.1,91.7,0,4,0,39,0,0,0,209,26,96,0,0,13,0
Dimitri Stanley,83810,WR,COLORADO,4,36.4,0,143,53.8,72.2,61.6,0,0,1,1.5,1.5,100.0,0,0,0,39,0,0,0,107,1,68,0,0,38,0
Keyshawn Helton,77954,WR,FLORIDA ST,10,34.8,0,167,74.4,,50.4,0,0,0,0.0,0.0,,0,0,0,39,0,0,0,112,0,72,0,0,39,0
Jordan Chin,42150,WR,WASHINGTON,9,51.3,0,340,58.9,,83.4,0,0,0,0.0,0.0,,0,0,0,39,0,0,0,76,0,37,0,0,39,1
Cody Rudy,43508,FB,BALL ST,12,77.6,0,117,50.5,34.2,68.8,0,0,4,28.6,31.3,100.0,2,0,0,38,0,0,0,49,5,16,0,0,33,28
Javon Leake,57288,HB,MARYLAND,10,42.2,0,215,67.8,55.3,54.3,1,0,11,37.9,37.9,86.4,1,2,1,38,0,0,0,90,11,29,0,0,27,14
Alex Herndon,40851,C,ARMY,3,100.0,0,114,59.4,69.2,58.9,0,0,1,100.0,100.0,100.0,0,0,0,38,38,0,0,38,1,1,0,0,37,0
Christian Beard,28923,G,BAYLOR,4,100.0,0,118,62.0,21.3,69.8,0,2,19,100.0,100.0,89.5,0,3,1,38,0,37,0,38,20,20,0,0,18,0
Drew Dixon,61131,WR,ARIZONA,7,70.4,0,109,54.1,,57.1,0,0,0,0.0,0.0,,0,0,0,38,0,0,0,54,0,16,0,0,38,0
Spencer Nigh,42421,FB,AUBURN,6,97.4,0,115,73.4,82.2,72.6,0,0,2,66.7,66.7,100.0,0,0,0,38,0,0,0,39,2,3,0,0,36,20
Peyton Braswell,35163,TE,LA TECH,9,90.5,0,208,75.2,74.6,58.0,0,0,5,55.6,55.6,100.0,0,0,0,38,0,0,1,42,5,9,0,0,33,35
Noah Bean,61054,TE,UNLV,10,66.7,0,325,73.7,62.3,71.1,0,0,8,33.3,29.6,87.5,0,1,1,38,0,0,0,57,8,27,0,0,30,37
Darius Pittman,61003,TE,PURDUE,7,71.7,0,273,55.5,77.9,61.4,0,0,1,6.3,11.8,100.0,0,0,0,38,0,0,0,53,2,17,0,0,36,35
Jager Gardner,34959,HB,TEMPLE,10,22.5,0,306,62.0,78.0,64.4,0,0,25,29.1,27.8,100.0,0,0,0,38,0,0,0,169,25,90,0,0,13,0
Cameron Jordan,61695,WR,SYRACUSE,8,58.5,0,304,48.4,,62.0,0,0,0,0.0,0.0,,0,0,0,38,0,0,0,65,0,27,0,0,38,0
Al'Dontre Davis,61698,WR,TCU,8,35.8,0,305,62.3,,58.5,0,0,0,0.0,0.0,,0,0,0,38,0,0,0,106,0,68,0,0,38,0
Jaylon Robinson,78085,WR,OKLAHOMA,4,52.8,0,261,53.6,,62.6,0,0,0,0.0,0.0,,0,0,0,38,0,0,0,72,0,34,0,0,38,0
Alec Marsch,61748,WR,UAB,3,92.7,0,321,52.3,,58.6,0,0,0,0.0,0.0,,1,0,0,38,0,0,0,41,0,3,0,0,38,0
Solomon Vault,47647,HB,NWESTERN,9,21.5,0,256,52.7,72.7,60.0,0,2,28,23.9,25.0,96.4,0,2,0,38,0,0,0,177,32,128,0,0,6,1
Dominic Pastucci,60820,G,UTSA,4,100.0,0,331,55.6,81.2,49.4,0,0,20,100.0,100.0,100.0,0,0,0,38,0,30,0,38,20,20,0,7,18,0
Randall Royall,52213,FB,RICE,11,90.5,0,275,63.6,77.4,63.6,0,0,6,66.7,60.0,100.0,0,0,0,38,0,0,0,42,6,10,0,0,32,0
Andre Bodden,39161,WR,OREGON ST,9,59.4,0,265,58.0,,63.3,0,0,0,0.0,0.0,,0,0,0,38,0,0,0,64,0,26,0,0,38,0
Braden Galloway,77891,TE,CLEMSON,12,44.7,0,140,61.8,69.9,65.8,0,0,6,12.0,13.0,100.0,0,0,0,38,0,0,0,85,7,54,0,0,31,43
Sheldon Croney Jr.,32290,HB,IOWA STATE,12,28.1,0,193,53.1,54.0,56.2,1,1,22,24.7,24.0,95.5,0,2,0,38,0,0,0,135,23,96,0,0,15,0
Dre Brown,35037,HB,ILLINOIS,6,43.5,0,187,66.3,75.7,60.9,0,0,7,19.4,18.9,100.0,0,0,0,37,0,0,0,85,7,37,0,0,30,0
Justin Shorter,84376,WR,PENN STATE,4,50.0,0,266,54.0,,40.2,0,0,0,0.0,0.0,,1,0,0,37,0,0,0,74,0,37,0,0,37,0
Boogie Knight,78211,WR,AKRON,5,27.0,0,102,57.8,,62.1,0,0,0,0.0,0.0,,0,0,0,37,0,0,0,137,0,100,0,0,37,0
Tywun Walters,57402,HB,S ALABAMA,8,63.8,0,288,61.4,62.9,53.9,0,0,7,38.9,38.9,100.0,0,0,0,37,0,0,0,58,7,18,0,0,30,0
Jalen Mayfield,81725,T,MICHIGAN,3,100.0,0,222,63.1,47.0,63.9,0,0,12,100.0,100.0,100.0,0,0,0,37,0,0,37,37,12,12,0,0,25,0
Ricky Slade,83742,HB,PENN STATE,9,30.1,0,266,59.7,83.1,50.4,0,0,13,26.0,26.4,100.0,0,0,0,37,0,0,0,123,14,53,0,0,23,0
Bilal Ally,27061,HB,UMASS,4,43.5,0,216,55.1,65.4,59.4,0,3,29,58.0,56.6,94.8,0,3,0,37,0,0,0,85,30,53,0,0,7,0
Daquon Green,61246,WR,FLORIDA,4,80.4,0,163,56.3,,58.8,0,0,0,0.0,0.0,,0,0,0,37,0,0,0,46,0,9,0,0,37,0
Charlie Clark,62968,G,GA TECH,4,100.0,0,176,62.8,35.8,62.7,0,1,2,100.0,100.0,75.0,0,1,0,37,0,35,0,37,2,2,2,0,35,0
Kyle Vantrease,55029,QB,BUFFALO,3,78.7,0,126,57.1,,60.0,0,0,0,0.0,0.0,,0,0,0,37,0,0,0,47,0,9,0,0,37,0
Javonte Williams,77803,HB,N CAROLINA,7,29.4,0,245,77.0,73.6,72.6,1,0,13,22.4,23.3,96.2,0,1,0,37,0,0,0,126,14,60,0,0,23,0
Wykeen Gill,78139,WR,KANSAS ST,6,42.0,0,199,61.3,,61.1,0,0,0,0.0,0.0,,0,0,0,37,0,0,0,88,0,51,0,0,37,0
Michael Howard,36169,T,OLE MISS,9,94.9,0,226,70.6,73.2,68.9,0,0,5,83.3,71.4,100.0,0,0,0,37,0,0,7,39,5,7,0,4,32,26
James Gardner,48112,WR,MIAMI OH,3,28.2,0,221,71.8,,74.4,0,0,0,0.0,0.0,,2,0,0,37,0,0,0,131,0,94,0,0,37,0
Garland LaFrance,83804,HB,W KENTUCKY,12,19.6,0,346,62.8,26.4,65.6,0,1,4,3.3,4.8,87.5,0,1,0,37,0,0,0,189,6,126,0,0,31,3
Takulve Williams,61346,WR,KANSAS,9,45.1,0,198,56.3,,61.7,0,0,0,0.0,0.0,,0,0,0,37,0,0,0,82,0,45,0,0,37,0
Allan Rappleyea,55445,T,WAKE,7,100.0,0,339,65.2,73.8,63.1,0,0,4,100.0,100.0,100.0,0,0,0,37,0,0,0,37,4,4,0,37,33,0
Justice Williams,35208,WR,ILLINOIS,6,52.9,0,187,49.3,,61.8,0,0,0,0.0,0.0,,0,0,0,37,0,0,0,70,0,33,0,0,37,0
Connor Wedington,52267,WR,STANFORD,4,34.6,0,300,58.0,,49.2,0,0,0,0.0,0.0,,0,0,0,36,0,0,0,104,0,68,0,0,36,0
Kevin Davis,61753,WR,UAB,4,94.7,0,321,60.8,,64.0,0,0,0,0.0,0.0,,0,0,0,36,0,0,0,38,0,2,0,0,36,0
Kyle Lanterman,36461,C,UTAH,7,100.0,0,328,68.7,70.5,66.0,0,0,2,100.0,100.0,100.0,0,0,0,36,17,10,0,36,2,2,0,0,34,9
Brian Chaffin,36773,C,STANFORD,10,100.0,0,300,74.6,76.8,70.4,0,0,9,100.0,100.0,100.0,0,0,0,36,36,0,0,36,10,10,0,0,26,0
Austin Liles,52221,WR,S JOSE ST,10,36.4,0,285,60.0,,61.5,0,0,0,0.0,0.0,,0,0,0,36,0,0,0,99,0,63,0,0,36,0
Michael Carrillo,40323,QB,S JOSE ST,6,26.1,0,285,46.5,62.2,60.0,0,0,1,1.1,1.0,100.0,2,0,0,36,0,0,0,138,1,99,0,0,35,0
Connor Robbins,55193,G,GA STATE,4,100.0,0,175,56.9,68.8,54.8,0,1,11,100.0,100.0,95.5,0,1,0,36,0,0,0,36,11,11,34,0,25,0
Destin Coates,83668,HB,GA STATE,6,31.6,0,175,63.6,30.3,60.9,0,2,12,21.4,22.0,91.7,0,2,0,36,0,0,0,114,13,59,0,0,23,0
Tyler Fleetwood,42224,WR,MIAMI OH,9,67.9,0,221,52.8,,60.5,0,0,0,0.0,0.0,,0,0,0,36,0,0,0,53,0,17,0,0,36,1
Jernard Phillips,52306,WR,USF,9,35.0,0,327,73.2,,60.7,0,0,0,0.0,0.0,,0,0,0,36,0,0,0,103,0,66,0,0,36,0
Aaron Ruff,26623,G,TEMPLE,4,100.0,0,306,56.1,81.4,53.0,0,0,11,100.0,100.0,100.0,0,0,0,36,0,35,0,36,11,11,0,1,25,0
TW Ayers,86860,TE,ARK STATE,4,94.7,0,113,51.3,78.5,48.8,0,0,3,60.0,60.0,100.0,0,0,0,36,0,0,0,38,3,5,0,0,33,14
Dameon Pierce,83659,HB,FLORIDA,11,25.5,0,163,72.4,52.5,63.6,1,1,15,29.4,30.2,93.3,0,2,0,36,0,0,0,141,16,53,0,0,20,0
Tristan Payton,47840,WR,UCF,8,53.7,0,323,56.8,,63.5,0,0,0,0.0,0.0,,0,0,0,36,0,0,0,67,0,31,0,0,36,0
Evidence Njoku,61428,WR,MIAMI FL,7,47.4,0,220,52.8,,74.8,0,0,0,0.0,0.0,,0,0,0,36,0,0,0,76,0,40,0,0,36,0
Joshua Moore,78101,WR,TEXAS,6,48.0,0,311,56.2,,50.1,0,0,0,0.0,0.0,,0,0,0,36,0,0,0,75,0,39,0,0,36,0
Tre'von Bradley,61291,WR,HOUSTON,7,49.3,0,182,70.2,,75.0,0,0,0,0.0,0.0,,0,0,0,36,0,0,0,73,0,37,0,0,36,0
Jared Southers,51664,T,VANDERBILT,5,100.0,0,333,55.4,55.8,62.1,0,0,10,100.0,100.0,90.0,1,1,1,36,0,0,25,36,12,12,0,8,24,3
Te'Vailance Hunt,78109,WR,TCU,7,47.4,0,305,58.8,,63.2,0,0,0,0.0,0.0,,0,0,0,36,0,0,0,76,0,40,0,0,36,0
Jelani Roberts,45073,WR,NWESTERN,7,69.2,0,256,62.6,,61.3,0,0,0,0.0,0.0,,0,0,0,36,0,0,0,52,0,14,0,0,36,0
Jarrod Leeds,59705,T,GA SOUTHRN,4,100.0,0,174,71.7,74.1,68.8,0,1,16,100.0,100.0,96.9,0,1,0,36,0,0,1,36,16,16,0,35,20,0
Chris Evans,27303,HB,MICHIGAN,10,15.7,0,222,73.2,44.6,58.6,0,2,10,8.3,9.7,90.0,0,2,0,36,0,0,0,230,12,124,0,0,24,0
Chad Hanaoka,32117,HB,NWESTERN,9,27.5,0,256,60.7,40.1,59.7,0,2,32,32.3,30.5,93.7,0,3,1,36,0,0,0,131,32,105,0,0,4,0
K'Rojhn Calbert,62961,G,TENNESSEE,4,100.0,0,307,60.7,82.0,58.2,0,0,4,100.0,100.0,100.0,1,0,0,36,0,19,15,36,5,5,0,0,31,0
Noah Turner,42347,TE,N CAROLINA,6,97.2,0,245,52.4,66.6,51.6,0,0,2,100.0,66.7,100.0,0,0,0,35,0,0,0,36,2,3,0,0,33,24
Brytain Peddy,37173,G,MEMPHIS,1,100.0,0,218,59.3,80.9,56.2,0,0,14,100.0,100.0,100.0,1,0,0,35,0,0,0,35,15,15,35,0,20,0
T.J. McCoy,37073,C,FLORIDA,4,100.0,0,163,52.2,78.5,51.9,0,0,8,100.0,100.0,100.0,0,0,0,35,35,0,0,35,8,8,0,0,27,0
Marcelias Sutton,57370,HB,OKLAHOMA,6,38.0,0,261,68.1,56.6,52.3,0,0,13,31.0,32.6,100.0,0,0,0,35,0,0,0,92,14,43,0,0,21,0
D'Andre Plantin,37015,G,VA TECH,2,100.0,0,337,66.6,76.0,64.8,0,0,5,100.0,100.0,100.0,0,0,0,35,0,21,14,35,5,5,0,0,30,0
Ahmari Davis,83727,HB,NEW MEXICO,8,28.9,0,241,74.3,51.1,77.4,0,3,15,32.6,30.0,90.0,0,3,0,35,0,0,0,121,15,50,0,0,20,0
Trey Ellis,31787,WR,VANDERBILT,10,26.7,0,333,54.6,,58.0,0,0,0,0.0,0.0,,0,0,0,35,0,0,0,131,0,96,0,0,35,0
Steven Witchoskey,61077,TE,W KENTUCKY,11,63.6,0,346,65.0,86.8,56.9,0,0,2,10.0,9.1,100.0,0,0,0,35,0,0,0,55,2,22,0,0,33,42
Jared Wangler,29203,TE,MICHIGAN,8,79.5,0,222,56.4,56.6,57.2,0,0,3,27.3,30.8,100.0,0,0,0,35,0,0,0,44,4,13,0,0,31,9
Dante Cousart,42407,WR,FAU,7,51.5,0,165,51.9,,35.5,0,0,0,0.0,0.0,,1,0,0,35,0,0,0,68,0,32,0,0,35,0
Jorge Reyna,60384,QB,FRESNO ST,9,50.7,0,169,75.7,,60.0,0,0,0,0.0,0.0,,1,0,0,35,0,0,0,69,0,16,0,0,35,0
Daniel Crowell,84453,WR,TROY,4,67.3,0,318,51.8,,64.0,0,0,0,0.0,0.0,,0,0,0,35,0,0,0,52,0,17,0,0,35,0
Keyston Fuller,33591,WR,DUKE,10,50.7,0,154,56.8,,64.2,0,0,0,0.0,0.0,,0,0,0,35,0,0,0,69,0,34,0,0,35,0
Mon Denson,35843,HB,S CAROLINA,9,15.8,0,289,68.7,47.1,61.2,1,1,23,19.5,18.5,95.7,0,2,0,35,0,0,0,222,23,124,0,0,12,1
Chris Katrenick,60365,QB,DUKE,2,71.4,0,154,74.5,,60.0,0,0,0,0.0,0.0,,0,0,0,35,0,0,0,49,0,12,0,0,35,0
Ryan Metz,48058,QB,UTEP,6,25.4,0,330,63.0,,60.7,0,0,0,0.0,0.0,,0,0,0,35,0,0,0,138,0,84,0,0,35,0
Carter Stanley,13634,QB,KANSAS,6,32.1,0,198,54.5,,60.1,0,0,0,0.0,0.0,,0,0,0,35,0,0,0,109,0,60,0,0,35,0
Andrew Vastardis,41627,C,MICHIGAN,5,100.0,0,222,64.5,76.5,62.1,0,0,8,100.0,100.0,100.0,0,0,0,35,23,0,0,35,8,8,12,0,27,0
Jaire George,35501,FB,VANDERBILT,8,83.3,0,333,46.1,10.3,48.5,0,2,4,40.0,36.4,75.0,0,2,0,35,0,0,0,42,4,11,0,0,31,0
Cornell Powell,40689,WR,CLEMSON,4,53.0,0,140,57.6,,62.6,0,0,0,0.0,0.0,,0,0,0,35,0,0,0,66,0,31,0,0,35,0
Mark Birmingham,42328,TE,DUKE,5,97.2,0,154,61.6,70.2,61.2,0,0,1,50.0,50.0,100.0,0,0,0,35,0,0,0,36,1,2,0,0,34,15
Trevon Lee,28512,WR,DUKE,5,66.0,0,154,56.1,,63.3,0,0,0,0.0,0.0,,0,0,0,35,0,0,0,53,0,18,0,0,35,0
John Samuel Shenker,60854,TE,AUBURN,12,58.3,0,115,63.0,71.4,52.8,0,0,2,8.0,7.4,100.0,0,0,0,35,1,0,13,60,2,27,0,0,33,26
Peyton Mansell,82135,QB,IOWA,5,66.7,0,192,48.9,,60.0,0,0,0,0.0,0.0,,0,0,0,34,0,0,0,51,0,15,0,0,34,0
Will Tuihalamaka,37359,G,FAU,3,100.0,0,165,51.3,75.4,49.8,0,0,5,100.0,100.0,100.0,0,0,0,34,0,0,0,34,5,5,33,0,29,0
Sam Noyer,40048,QB,COLORADO,4,65.4,0,143,28.8,,60.2,0,0,0,0.0,0.0,,0,0,0,34,0,0,0,52,0,15,0,0,34,0
Austin Kendall,40056,QB,OKLAHOMA,6,50.7,0,261,72.7,,60.0,0,0,0,0.0,0.0,,0,0,0,34,0,0,0,67,0,22,0,0,34,0
Marcus Floyd,61824,WR,W KENTUCKY,6,59.6,0,346,48.4,60.5,62.6,0,0,1,4.8,4.2,100.0,0,0,0,34,0,0,0,57,1,24,0,0,33,0
Kameron King,81844,T,SO MISS,2,100.0,0,296,55.5,32.7,57.2,0,1,6,100.0,100.0,91.7,0,1,0,34,0,4,30,34,6,6,0,0,28,0
Harry Crider,59744,G,INDIANA,3,100.0,0,190,65.9,80.4,63.9,0,0,11,100.0,100.0,100.0,0,0,0,34,0,25,0,34,13,13,9,0,21,0
Jacob Doddridge,75787,TE,RICE,4,91.9,0,275,54.8,63.3,61.5,0,0,1,33.3,25.0,100.0,1,0,0,34,0,0,0,37,1,4,0,0,33,35
Dae Williams,40510,HB,LOUISVILLE,4,35.1,0,210,55.3,54.2,56.0,0,3,21,34.4,35.5,92.9,0,3,0,34,0,0,0,97,22,62,0,0,12,0
Kris Reed,56185,WR,SO MISS,7,60.7,1,296,57.1,,63.0,0,0,0,0.0,0.0,,2,0,0,34,0,0,0,56,0,22,0,0,34,0
Josh Johnson,61329,WR,IOWA STATE,11,64.2,0,193,52.3,,59.8,0,0,0,0.0,0.0,,2,0,0,34,0,0,0,53,0,19,0,0,34,1
Matt Smith,41124,C,FRESNO ST,5,100.0,0,169,58.0,73.7,57.5,0,0,3,100.0,100.0,100.0,0,0,0,34,34,0,0,34,3,3,0,0,31,0
Hudson Hall,35728,FB,KANSAS,5,97.1,0,198,44.3,76.1,41.4,0,0,4,80.0,80.0,100.0,0,0,0,34,0,0,0,35,4,5,0,0,30,1
Bryce Rivers,60589,QB,UTSA,3,28.6,0,331,61.6,68.6,60.0,0,0,1,1.3,1.2,100.0,2,0,0,34,0,0,0,119,1,84,0,0,33,0
Hayden Johnson,25516,FB,ARKANSAS,9,94.4,0,111,58.3,64.5,58.3,0,0,1,33.3,33.3,100.0,0,0,0,34,0,0,0,36,1,3,0,0,33,24
Mike Novitsky,77545,C,BUFFALO,3,100.0,0,126,57.5,73.4,57.2,0,0,3,100.0,100.0,100.0,0,0,0,34,34,0,0,34,3,3,0,0,31,0
Jaxson Kincaide,40415,HB,NEVADA,13,26.0,0,239,71.6,77.9,88.6,0,0,6,7.9,7.9,100.0,0,0,0,33,0,0,0,127,6,76,0,0,27,0
Chase Brown,77787,HB,W MICHIGAN,13,17.5,0,347,72.8,81.3,71.7,0,0,23,23.0,24.8,95.7,0,1,1,33,0,0,0,189,27,109,0,0,6,0
Chico McClatcher,47502,WR,WASHINGTON,8,48.5,0,340,69.8,,49.3,0,0,0,0.0,0.0,,0,0,0,33,0,0,0,68,0,31,0,0,33,0
Anthony Todd,41847,T,BALL ST,3,100.0,0,117,62.1,74.3,58.1,0,0,12,100.0,100.0,100.0,0,0,0,33,0,0,20,33,13,13,0,13,20,0
Namani Parker,61268,WR,FRESNO ST,7,89.2,0,169,58.7,,63.6,0,0,0,0.0,0.0,,0,0,0,33,0,0,0,37,0,4,0,0,33,0
Armond Weh-Weh,45717,HB,ARK STATE,9,22.4,0,113,65.1,27.3,56.6,0,0,17,23.3,24.4,94.1,0,1,1,33,0,0,0,147,19,78,0,0,14,1
Dalvin Warmack,28763,HB,KANSAS ST,11,29.5,0,199,71.3,31.0,50.4,0,2,15,28.3,26.8,93.3,0,2,0,33,0,0,0,112,15,56,0,0,18,0
Willie Parker,40315,HB,E MICHIGAN,11,29.7,1,160,60.8,62.0,56.1,0,0,19,44.2,42.2,94.7,1,1,1,33,0,0,0,111,19,45,0,0,14,0
Connor Slomka,44054,HB,ARMY,13,30.3,0,114,66.9,61.3,58.0,0,0,1,50.0,50.0,100.0,0,0,0,33,0,0,0,109,1,2,0,0,32,3
Nathan Edwards,41470,G,NEVADA,2,100.0,0,239,64.9,83.3,61.7,0,0,10,100.0,100.0,100.0,0,0,0,33,16,17,0,33,11,11,0,0,22,0
Daewood Davis,61584,WR,OREGON,4,61.1,0,264,56.1,,62.5,0,0,0,0.0,0.0,,0,0,0,33,0,0,0,54,0,21,0,0,33,0
Bar Milo,46193,C,MIAMI FL,5,100.0,0,220,54.0,18.7,57.4,0,0,6,100.0,100.0,100.0,0,0,0,33,26,6,0,33,6,6,1,0,27,0
Colin Wilson,57278,HB,LOUISVILLE,8,25.8,0,210,65.2,56.2,70.0,0,0,21,28.8,28.0,100.0,1,0,0,33,0,0,0,128,21,75,0,0,12,0
Jaron Woodyard,84328,WR,NEBRASKA,7,33.7,0,238,52.5,,62.5,0,0,0,0.0,0.0,,1,0,0,33,0,0,0,98,0,65,0,0,33,0
Kordell Brewster,59801,G,LA LAFAYET,7,100.0,0,207,85.5,77.0,82.4,0,0,5,100.0,100.0,100.0,0,0,0,33,7,24,0,33,6,6,0,0,27,0
T.J. Beltavski,41628,C,BALL ST,3,100.0,0,117,57.0,69.6,55.8,1,0,12,100.0,100.0,95.8,0,1,0,33,33,0,0,33,13,13,0,0,20,0
Ty'Son Williams,38287,HB,S CAROLINA,8,18.4,0,289,70.0,68.6,58.7,0,1,25,26.3,25.5,98.0,0,1,0,33,0,0,0,179,26,102,0,0,7,0
Quiron Johnson,59934,G,N CAROLINA,2,100.0,0,245,69.8,76.0,69.2,1,0,20,100.0,100.0,97.5,0,1,0,33,0,0,0,33,20,20,33,0,13,0
Taylor Powell,60459,QB,MISSOURI,6,64.7,0,229,66.1,,60.0,0,0,0,0.0,0.0,,0,0,0,33,0,0,0,51,0,17,0,0,33,0
McLane Carter,37478,QB,TEXAS TECH,5,34.4,0,315,33.9,,60.0,0,0,0,0.0,0.0,,0,0,0,33,0,0,0,96,0,59,0,0,33,0
Ahkil Crumpton,61269,WR,GEORGIA,10,42.3,0,173,61.2,,78.9,0,0,0,0.0,0.0,,0,0,0,33,0,0,0,78,0,45,0,0,33,0
Ryan Schadler,33976,WR,KANSAS,7,58.9,0,198,50.7,,63.2,0,0,0,0.0,0.0,,0,0,0,33,0,0,0,56,0,22,0,0,33,0
Dustin Crum,60418,QB,KENT STATE,7,40.7,0,201,72.3,,60.0,0,0,0,0.0,0.0,,0,0,0,33,0,0,0,81,0,37,0,0,33,0
Montae Barto,44072,FB,TROY,4,88.9,0,318,60.7,76.3,59.7,0,0,4,50.0,55.6,100.0,0,0,0,32,0,0,0,36,5,9,0,0,27,0
Delon Hurt,84466,WR,UCLA,4,71.1,0,324,55.0,60.5,61.7,0,0,1,7.7,7.1,100.0,0,0,0,32,0,0,0,45,1,14,0,0,31,2
Tru Wilson,21456,HB,MICHIGAN,12,21.3,0,222,71.9,49.0,70.1,0,0,18,25.0,26.3,100.0,2,0,0,32,0,0,0,150,20,76,0,0,12,0
Deangelo Antoine,47557,WR,USF,6,42.1,0,327,64.3,,58.9,0,0,0,0.0,0.0,,0,0,0,32,0,0,0,76,0,42,0,0,32,0
Malik Hancock,43345,FB,ARMY,8,86.5,0,114,74.0,,52.9,0,0,0,0.0,0.0,,0,0,0,32,0,0,0,37,0,1,0,0,32,24
Will Matthews,26941,HB,KENT STATE,6,29.9,0,201,68.5,42.7,66.1,0,1,17,29.3,28.6,97.1,1,1,0,32,0,0,0,107,18,63,0,0,14,0
Devin Brumfield,83788,HB,UTAH,7,36.8,0,328,56.1,63.5,53.0,0,0,22,36.1,36.5,100.0,0,0,0,32,0,0,0,87,23,63,0,0,9,1
Jashaun Corbin,83773,HB,TEXAS A&M,12,23.5,0,312,79.5,71.3,63.1,0,1,11,22.4,25.0,95.5,0,1,0,32,0,0,0,136,13,52,0,0,19,0
David Bolisomi,46366,T,TCU,3,100.0,0,305,73.2,73.5,70.9,0,0,4,100.0,100.0,100.0,0,0,0,32,0,0,0,32,4,4,0,31,28,0
Darta Lee,81911,T,UTEP,2,100.0,0,330,56.8,81.8,50.8,0,0,16,100.0,100.0,100.0,0,0,0,32,0,0,27,32,16,16,0,5,16,0
B.J. Baylor,52122,HB,OREGON ST,8,39.5,0,265,60.8,81.6,57.9,0,0,23,46.9,46.9,100.0,0,0,0,32,0,0,0,81,23,49,0,0,9,0
Tyrell Smith,46331,T,VA TECH,4,100.0,0,337,68.1,81.4,64.6,0,0,5,100.0,100.0,100.0,0,0,0,32,0,0,14,32,6,6,0,18,26,0
D.J. Gillins,30688,QB,UTSA,5,25.6,0,331,34.7,,60.7,0,0,0,0.0,0.0,,0,0,0,32,0,0,0,125,0,80,0,0,32,0
Charles McClelland,77733,HB,CINCINNATI,13,18.5,0,138,75.8,59.0,70.9,0,1,12,14.0,13.3,95.8,0,1,0,32,0,0,0,173,12,90,0,0,20,0
Jordan Asbury,41385,G,W MICHIGAN,3,100.0,0,347,62.5,77.2,61.1,0,0,5,100.0,100.0,100.0,0,0,0,32,0,0,0,32,6,6,32,0,26,0
Pokey Wilson,55894,WR,FLORIDA ST,8,33.0,0,167,54.8,,62.3,0,0,0,0.0,0.0,,1,0,0,32,0,0,0,97,0,65,0,0,32,0
Luke Sanders,61829,WR,W MICHIGAN,6,68.1,0,347,60.4,,60.9,0,0,0,0.0,0.0,,0,0,0,32,0,0,0,47,0,15,0,0,32,0
Laress Nelson,61445,WR,MICH STATE,9,22.1,0,223,58.1,,49.4,0,0,0,0.0,0.0,,1,0,0,32,0,0,0,145,0,110,0,0,32,0
Jeremy Larkin,40895,HB,NWESTERN,3,14.4,0,256,72.6,65.0,47.9,1,1,23,16.9,17.0,95.7,0,2,0,32,0,0,0,222,24,141,0,0,8,5
Josh Fields,57459,HB,UTEP,9,32.0,0,330,60.8,63.7,57.4,0,2,24,40.7,40.3,95.8,0,2,0,32,0,0,0,100,25,62,0,0,7,2
Tyson Morris,61144,WR,ARKANSAS,8,39.0,0,111,55.0,,49.5,0,0,0,0.0,0.0,,1,0,0,32,0,0,0,82,0,50,0,0,32,0
Jack Schroer,37325,T,MIAMI OH,5,100.0,0,221,55.3,77.5,53.4,0,0,4,100.0,100.0,100.0,0,0,0,32,4,0,18,32,5,5,0,10,27,0
Jake Stetz,58529,G,BOISE ST,4,100.0,0,120,74.3,74.2,73.0,0,0,2,100.0,100.0,100.0,0,0,0,32,0,30,0,32,3,3,0,0,29,0
William Crest Jr.,45917,WR,W VIRGINIA,6,76.2,0,343,47.2,,59.8,0,0,0,0.0,0.0,,0,0,0,32,0,0,0,42,0,10,0,0,32,0
Jack Mitchell,59862,C,MIDDLE TN,5,100.0,0,224,60.3,72.2,59.5,0,0,1,100.0,100.0,100.0,0,0,0,32,31,0,0,32,2,2,0,0,30,0
Brian Newman,40123,WR,TULANE,12,57.1,0,319,58.3,,60.1,0,0,0,0.0,0.0,,0,0,0,32,0,0,0,56,0,24,0,0,32,0
Marquis Hayes,60000,G,OKLAHOMA,3,100.0,0,261,72.8,77.1,71.7,0,0,7,100.0,100.0,100.0,0,0,0,32,0,32,0,32,7,7,0,0,25,0
Darius Rodrigue,39868,WR,LA MONROE,12,36.0,0,209,58.5,,80.6,0,0,0,0.0,0.0,,0,0,0,32,0,0,0,89,0,57,0,0,32,0
Coy McMillon,60106,C,TCU,4,100.0,0,305,55.9,74.4,55.5,0,0,5,100.0,100.0,100.0,0,0,0,32,24,5,0,32,5,5,0,0,27,3
Keaton Darney,27323,C,SYRACUSE,4,100.0,0,304,47.0,75.3,47.7,0,0,3,100.0,100.0,100.0,0,0,0,31,21,8,0,31,3,3,2,0,28,0
Dejan Rasuo,84545,T,CHARLOTTE,3,100.0,0,136,53.8,42.2,55.1,0,1,8,100.0,100.0,93.7,0,1,0,31,0,0,22,31,8,8,0,9,23,0
TreVontae Hights,48322,WR,TCU,8,44.9,0,305,63.5,,58.8,0,0,0,0.0,0.0,,0,0,0,31,0,0,0,69,0,38,0,0,31,0
Antoine Green,77985,WR,N CAROLINA,5,52.5,0,245,66.0,,61.4,0,0,0,0.0,0.0,,0,0,0,31,0,0,0,59,0,28,0,0,31,0
Darius Harper,77401,T,CINCINNATI,3,100.0,0,138,70.6,72.3,68.2,0,0,3,100.0,100.0,100.0,0,0,0,31,0,0,0,31,3,3,0,31,28,0
Cam Stewart,47894,WR,UCF,6,73.8,0,323,46.7,,51.9,0,0,0,0.0,0.0,,1,0,0,31,0,0,0,42,0,11,0,0,31,0
Spencer Anderson,81719,G,MARYLAND,4,100.0,0,215,56.2,76.8,54.9,0,0,3,100.0,100.0,100.0,0,0,0,31,0,9,0,31,3,3,22,0,28,0
John Raridon,41384,G,NEBRASKA,3,100.0,0,238,58.6,79.6,62.2,0,0,14,100.0,100.0,100.0,1,0,0,31,0,31,0,31,14,14,0,0,17,0
Miller Gibbs,83927,TE,APP STATE,4,96.9,0,108,58.6,,58.1,0,0,0,0.0,0.0,,0,0,0,31,0,0,0,32,0,1,0,0,31,10
Bryson Denley,41077,HB,BOWL GREEN,12,14.0,0,122,60.7,85.9,58.0,0,0,19,14.1,13.9,100.0,1,0,0,31,0,0,0,222,20,144,0,0,11,7
Michael Penix Jr.,82134,QB,INDIANA,3,40.3,0,190,72.9,,60.0,0,0,0,0.0,0.0,,0,0,0,31,0,0,0,77,0,41,0,0,31,0
Caleb Huntley,57156,HB,BALL ST,6,25.2,0,117,69.4,43.2,57.7,0,1,23,32.9,30.7,97.8,0,1,0,31,0,0,0,123,23,75,0,0,8,0
Markel Davis,61556,WR,OHIO,5,79.5,0,259,55.9,,84.5,0,0,0,0.0,0.0,,0,0,0,31,0,0,0,39,0,8,0,0,31,0
Bryce Mathews,41528,G,OLE MISS,3,100.0,0,226,60.2,81.9,57.4,0,0,9,100.0,100.0,100.0,0,0,0,31,0,20,4,31,9,9,0,7,22,0
Brian Herrien,41129,HB,GEORGIA,14,23.3,0,173,72.8,46.0,56.5,0,1,12,19.7,19.0,95.8,0,1,0,31,0,0,0,133,12,63,0,0,19,1
Kavaris Harkless,26409,G,FLORIDA,4,100.0,0,163,64.1,80.6,61.7,0,0,9,100.0,100.0,100.0,0,0,0,31,0,23,8,31,9,9,0,0,22,0
James Reilly,40533,G,UMASS,4,100.0,0,216,59.3,78.8,57.4,0,0,7,100.0,100.0,100.0,0,0,0,31,0,1,1,31,8,8,28,0,23,0
James Peach,46915,T,TROY,1,100.0,0,318,77.7,82.9,74.0,0,0,21,100.0,100.0,100.0,0,0,0,31,0,0,0,31,22,22,0,31,9,0
Jonathan Johnson,78081,WR,E CAROLINA,4,75.6,0,156,58.2,,63.8,0,0,0,0.0,0.0,,0,0,0,31,0,0,0,41,0,10,0,0,31,0
Ben Redding,77908,TE,SMU,8,66.0,0,287,63.7,72.8,63.6,0,0,5,25.0,23.8,100.0,0,0,0,31,0,0,0,47,5,21,0,0,26,9
Brendan Scales,42416,TE,MISSOURI,7,88.6,0,229,55.1,,55.7,0,0,0,0.0,0.0,,0,0,0,31,0,0,0,35,0,4,0,0,31,32
Cedric Tillman,84434,WR,TENNESSEE,7,83.8,0,307,50.1,,62.0,0,0,0,0.0,0.0,,0,0,0,31,0,0,0,37,0,6,0,0,31,1
Evan Marshman,52201,QB,RICE,2,38.8,0,275,62.9,,60.0,0,0,0,0.0,0.0,,0,0,0,31,0,0,0,80,0,40,0,0,31,0
Weston Gillespie,41422,T,APP STATE,2,100.0,0,108,61.6,79.9,58.7,0,0,7,100.0,100.0,100.0,1,0,0,30,0,0,30,30,7,7,0,0,23,0
Tavion Thomas,77732,HB,CINCINNATI,10,20.4,0,138,81.4,61.4,54.5,0,1,16,39.0,39.5,96.9,0,1,0,30,0,0,0,147,17,43,0,0,13,0
Marcus McElroy Jr.,52041,HB,COLO STATE,12,23.6,0,144,62.2,19.1,59.7,0,4,22,33.8,34.3,90.9,0,4,0,30,0,0,0,127,23,67,0,0,7,0
Keytaon Thompson,60457,QB,MISS STATE,9,30.6,0,227,84.0,62.2,60.1,0,0,1,2.3,2.2,100.0,1,0,0,30,0,0,0,98,1,46,0,0,29,0
John Harris,77369,G,VA TECH,1,100.0,0,337,48.3,16.3,52.2,1,1,8,100.0,100.0,87.5,0,2,0,30,11,0,0,30,8,8,19,0,22,0
Zalon'tae Hillery,59845,T,MIAMI FL,9,100.0,0,220,68.7,77.9,65.7,0,0,8,100.0,100.0,100.0,0,0,0,30,0,9,3,30,8,8,0,9,22,9
Elijah Sindelar,46466,QB,PURDUE,2,38.0,0,273,59.0,,60.0,0,0,0,0.0,0.0,,1,0,0,30,0,0,0,79,0,49,0,0,30,0
Terius Wheatley,57468,WR,VA TECH,8,46.2,0,337,67.9,71.9,56.1,0,0,3,18.8,17.6,100.0,0,0,0,30,0,0,0,65,3,17,0,0,27,0
Jamaal Neal,61088,TE,UNLV,9,75.0,0,325,62.1,71.5,48.4,0,0,2,28.6,37.5,100.0,0,0,0,30,0,0,0,40,3,8,0,0,27,16
Thomas Major III,36707,C,E MICHIGAN,4,100.0,0,160,57.8,71.7,55.5,0,0,11,100.0,100.0,100.0,0,0,0,30,11,0,0,30,11,11,0,0,19,19
Jack Klenk,45097,G,BUFFALO,6,100.0,0,126,58.3,69.1,57.8,0,0,1,100.0,100.0,100.0,0,0,0,30,14,0,0,30,1,1,16,0,29,0
Devin Miller,60945,TE,MARSHALL,10,85.7,0,214,66.7,71.9,69.8,0,0,2,28.6,28.6,100.0,0,0,0,30,0,0,0,35,2,7,0,0,28,15
Matt Corral,83517,QB,OLE MISS,4,44.8,0,226,88.5,,60.0,0,0,0,0.0,0.0,,0,0,0,30,0,0,0,67,0,30,0,0,30,0
Chase Harrell,48325,WR,ARKANSAS,6,51.7,0,111,66.1,,62.5,0,0,0,0.0,0.0,,0,0,0,30,0,0,0,58,0,28,0,0,30,0
Ryan Newsome,38331,WR,ARIZONA ST,7,46.2,0,110,65.6,,75.0,0,0,0,0.0,0.0,,0,0,0,30,0,0,0,65,0,35,0,0,30,0
C.J. Hayes,61447,WR,MICH STATE,8,38.5,0,223,55.8,,70.0,0,0,0,0.0,0.0,,0,0,0,30,0,0,0,78,0,48,0,0,30,0
De'Vante Cross,39851,S,VIRGINIA,5,38.0,0,335,50.8,,62.2,0,0,0,0.0,0.0,,0,0,0,30,0,0,0,79,0,49,0,0,30,0
Bryan Addison,83825,WR,OREGON,4,81.1,0,264,66.9,,62.6,0,0,0,0.0,0.0,,0,0,0,30,0,0,0,37,0,7,0,0,30,0
Keyan Williams,42122,WR,BALL ST,6,43.5,0,117,52.5,,60.6,0,0,0,0.0,0.0,,1,0,0,30,0,0,0,69,0,39,0,0,30,0
Anthony Roberson,41039,TE,UCF,5,93.8,0,323,60.4,,69.3,0,0,0,0.0,0.0,,1,0,0,30,0,0,0,32,0,2,0,0,30,7
Andrew Craig,42160,TE,TENNESSEE,6,93.8,0,307,65.0,,66.2,0,0,0,0.0,0.0,,0,0,0,30,0,0,0,32,0,2,0,0,30,6
Cephus Johnson III,60530,QB,S ALABAMA,8,39.0,0,288,28.7,,60.0,0,0,0,0.0,0.0,,1,0,0,30,0,0,0,77,0,27,0,0,30,0
Jordan Weeks,83585,QB,UTSA,4,29.7,0,331,38.9,,61.0,0,0,0,0.0,0.0,,1,0,0,30,0,0,0,101,0,69,0,0,30,0
D'Shawn Jamison,76791,WR,TEXAS,11,58.0,0,311,63.1,,61.2,0,0,0,0.0,0.0,,0,0,0,29,0,0,0,50,0,18,0,0,29,1
Chandler Dolphin,60187,G,UTAH ST,4,100.0,0,329,75.7,78.2,74.9,0,0,5,100.0,100.0,100.0,0,0,0,29,0,12,0,29,7,7,17,0,22,0
Tyler Long,77509,G,TOLEDO,2,100.0,0,316,71.8,79.8,70.4,0,0,8,100.0,100.0,100.0,0,0,0,29,0,0,0,29,8,8,29,0,21,0
Nick Kovacs,55371,WR,TOLEDO,5,85.3,0,316,56.6,,58.8,0,0,0,0.0,0.0,,0,0,0,29,0,0,0,34,0,5,0,0,29,0
Larry Joubert,60001,G,OKLA STATE,2,100.0,0,262,65.3,20.4,67.3,0,0,6,100.0,100.0,83.3,0,1,1,29,0,19,10,29,6,6,0,0,23,0
Manuel Orona-Lopez,77414,G,MEMPHIS,3,100.0,0,218,75.3,76.3,74.3,0,0,6,100.0,100.0,100.0,0,0,0,29,0,0,0,29,6,6,29,0,23,0
Tobias Edge-Campbell,45557,G,APP STATE,5,100.0,0,108,58.7,79.5,62.9,0,0,8,100.0,100.0,100.0,2,0,0,29,0,25,0,29,8,8,4,0,21,0
Will Taylor,55550,C,DUKE,3,100.0,0,154,46.9,72.5,49.5,0,0,2,100.0,100.0,100.0,0,0,0,29,29,0,0,29,2,2,0,0,27,0
Brandon Ford,45299,G,PITTSBURGH,5,100.0,0,268,61.9,45.3,64.0,1,1,14,100.0,100.0,92.9,0,2,0,29,0,27,0,29,15,15,0,0,14,0
Tyler Vrabel,77343,T,BOSTON COL,2,100.0,0,121,70.8,79.8,67.0,0,0,9,100.0,100.0,100.0,0,0,0,29,0,0,0,29,9,9,0,28,20,0
Chandler Smith,45291,HB,HOUSTON,6,35.4,0,182,62.3,38.0,47.9,1,2,23,52.3,52.2,93.5,0,3,0,29,0,0,0,82,24,46,0,0,5,0
Gerrik Vollmer,76564,C,VIRGINIA,1,100.0,0,335,63.1,77.0,60.2,0,0,13,100.0,100.0,100.0,0,0,0,29,29,0,0,29,14,14,0,0,15,0
Malik Elion,66211,WR,TENNESSEE,4,100.0,0,307,62.3,,63.9,0,0,0,,,,0,0,0,29,0,0,0,29,0,0,0,0,29,0
Andrew Davis,30649,WR,TOLEDO,6,63.0,0,316,59.5,,61.0,0,0,0,0.0,0.0,,0,0,0,29,0,0,0,46,0,17,0,0,29,0
Chris Tucker,60150,G,UAB,4,100.0,0,321,62.4,74.6,61.4,0,0,2,100.0,100.0,100.0,0,0,0,29,0,3,0,29,2,2,25,0,27,0
Cornell Hendrick Jr.,84359,WR,DOMINION,4,32.2,0,263,50.4,,48.6,0,0,0,0.0,0.0,,1,0,0,29,0,0,0,90,0,61,0,0,29,0
Amare Jones,77742,HB,TULANE,12,23.4,0,319,62.4,68.2,57.9,0,0,14,25.5,26.7,100.0,0,0,0,29,0,0,0,124,16,60,0,0,13,0
Nate Emer,56554,T,BOSTON COL,2,100.0,0,121,61.3,18.9,67.5,1,0,9,100.0,100.0,94.4,0,1,0,29,0,0,28,29,9,9,0,0,20,0
John Stephens Jr.,78108,WR,TCU,7,50.0,0,305,64.5,,62.0,0,0,0,0.0,0.0,,0,0,0,29,0,0,0,58,0,29,0,0,29,0
Rodney Hall,60494,WR,N ILLINOIS,3,61.7,0,254,58.5,,61.5,0,0,0,0.0,0.0,,0,0,0,29,0,0,0,47,0,18,0,0,29,0
Adam Korutz,44467,G,BOSTON COL,2,100.0,0,121,57.1,10.7,61.5,0,1,9,100.0,100.0,94.4,0,1,0,29,0,0,0,29,9,9,28,0,20,0
Madre London,45936,HB,TENNESSEE,11,31.9,0,307,57.8,62.4,57.4,0,1,11,39.3,40.6,95.5,0,1,0,29,0,0,0,91,13,32,0,0,16,0
Logan Thimons,44055,FB,W VIRGINIA,10,100.0,0,343,52.9,,50.7,0,0,0,,,,0,0,0,29,0,0,0,29,0,0,0,0,29,5
Kedrick James,60838,TE,ALABAMA,5,100.0,0,103,68.4,,66.9,0,0,0,,,,0,0,0,29,0,0,0,29,0,0,0,0,29,24
Scott McCluney,40606,WR,DOMINION,7,69.0,0,263,61.8,,60.6,0,0,0,0.0,0.0,,0,0,0,29,0,0,0,42,0,13,0,0,29,0
Elijah Trosclair,28984,WR,UNLV,5,69.0,0,325,50.3,,71.1,0,0,0,0.0,0.0,,0,0,0,29,0,0,0,42,0,13,0,0,29,0
Calvin Austin III,61418,WR,MEMPHIS,5,64.4,0,218,65.5,,48.1,0,0,0,0.0,0.0,,0,0,0,29,0,0,0,45,0,15,0,0,29,0
Racey McMath,61401,TE,LSU,4,59.2,0,211,60.5,,55.4,0,0,0,0.0,0.0,,1,0,0,29,0,0,0,49,0,20,0,0,29,19
Evan Hinson,40751,TE,S CAROLINA,5,64.4,0,289,59.4,70.0,76.9,0,0,5,25.0,23.8,100.0,0,0,0,29,0,0,0,45,5,21,0,0,24,11
Chabastin Taylor,61354,WR,KANSAS ST,7,37.7,0,199,52.1,,62.7,0,0,0,0.0,0.0,,0,0,0,29,0,0,0,77,0,48,0,0,29,0
Jahmmir Taylor,42404,WR,S ALABAMA,11,44.6,0,288,65.9,,60.3,0,0,0,0.0,0.0,,0,0,0,29,0,0,0,65,0,36,0,0,29,0
Matthew Downing,82120,QB,GEORGIA,4,58.0,0,173,60.1,,60.0,0,0,0,0.0,0.0,,0,0,0,29,0,0,0,50,0,10,0,0,29,0
David Redding,59849,G,MIAMI OH,5,100.0,0,221,64.2,76.4,68.8,0,0,3,100.0,100.0,100.0,1,0,0,28,0,28,0,28,4,4,0,0,24,0
Grant Loy,40276,QB,BOWL GREEN,11,38.4,0,122,53.2,,60.4,0,0,0,0.0,0.0,,2,0,0,28,0,0,0,73,0,18,0,0,28,0
James Hudson III,59854,T,MICHIGAN,3,100.0,0,222,68.1,22.5,72.5,1,0,9,100.0,100.0,83.3,0,2,1,28,0,0,0,28,9,9,0,28,19,0
PK Kier,62769,HB,VIRGINIA,10,43.8,0,335,57.8,40.9,59.0,0,0,7,43.8,43.8,100.0,0,0,0,28,0,0,0,64,7,16,0,0,21,0
T.J. Green,57454,HB,UTAH,12,30.4,0,328,67.2,67.8,56.6,0,0,1,3.7,3.4,100.0,0,0,0,28,0,0,0,92,1,29,0,0,27,0
Johnathan Lewis,60520,TE,RUTGERS,4,93.3,0,278,49.1,,52.4,0,0,0,0.0,0.0,,0,0,0,28,0,0,0,30,0,2,0,0,28,21
JoJo Dorceus,56701,ED,MEMPHIS,6,96.6,0,218,70.9,,70.9,0,0,0,0.0,0.0,,1,0,0,28,0,0,0,29,0,1,0,0,28,0
Carlos Sandy,84215,WR,ILLINOIS,3,59.6,0,187,56.5,,73.1,0,0,0,0.0,0.0,,0,0,0,28,0,0,0,47,0,19,0,0,28,0
Kayin White,39825,HB,LA MONROE,10,25.2,0,209,56.0,68.4,58.5,0,0,10,15.4,14.9,100.0,1,0,0,28,0,0,0,111,10,67,0,0,18,0
Aaron Young,26090,WR,DUKE,2,47.5,0,154,71.1,,39.1,0,0,0,0.0,0.0,,0,0,0,28,0,0,0,59,0,31,0,0,28,0
Gerald Hearns,13214,HB,FAU,9,56.0,0,165,70.0,67.2,58.9,0,1,16,64.0,62.1,96.9,0,1,0,28,0,0,0,50,18,29,0,0,10,0
Brian Parish,59948,T,N TEXAS,3,100.0,0,251,65.1,78.4,61.8,0,0,6,100.0,100.0,100.0,0,0,0,28,0,0,0,28,7,7,0,28,21,0
Jordan Johnson,77440,G,E CAROLINA,1,100.0,0,156,61.4,66.3,59.5,0,1,20,100.0,100.0,97.5,0,1,0,28,0,0,0,28,21,21,28,0,7,0
Kyle Boyd,43660,FB,BAYLOR,3,93.3,0,118,47.6,25.8,53.4,0,2,6,75.0,75.0,83.3,0,2,0,28,0,0,0,30,6,8,0,0,22,19
Keegan Brewer,45418,WR,N TEXAS,8,46.7,0,251,79.9,,67.7,0,0,0,0.0,0.0,,0,0,0,28,0,0,0,60,0,32,0,0,28,0
Quazzel White,60107,T,TCU,2,100.0,0,305,56.9,75.8,55.6,0,0,4,100.0,100.0,100.0,0,0,0,28,0,13,15,28,4,4,0,0,24,0
Warren Ericson,81652,G,GEORGIA,3,100.0,0,173,72.8,76.5,71.6,0,0,7,100.0,100.0,100.0,0,0,0,28,0,24,0,28,7,7,4,0,21,0
Wyatt Knopfke,36850,C,BOSTON COL,2,100.0,0,121,58.1,63.1,57.5,0,0,9,100.0,100.0,100.0,0,0,0,28,28,0,0,28,9,9,0,0,19,0
Jacory Washington,28884,TE,LSU,10,93.3,0,211,52.0,53.4,69.9,0,1,4,66.7,66.7,87.5,0,1,0,28,0,0,0,30,4,6,0,0,24,30
Abraham Delfin,59808,C,LA TECH,6,100.0,0,208,71.7,76.7,68.1,0,0,7,100.0,100.0,100.0,0,0,0,28,21,1,0,28,7,7,1,0,21,5
Matt Morse,34315,WR,MINNESOTA,5,84.8,0,225,68.0,,75.3,0,0,0,0.0,0.0,,0,0,0,28,0,0,0,33,0,4,0,0,28,0
Joshua Ezeudu,77355,T,N CAROLINA,1,100.0,0,245,68.4,62.5,67.2,0,1,7,100.0,100.0,92.9,0,1,0,27,0,0,27,27,7,7,0,0,20,0
Grant Gibson,57005,DI,NC STATE,4,100.0,0,248,54.7,40.1,56.1,0,0,10,100.0,100.0,100.0,0,0,0,27,10,0,0,27,10,10,17,0,17,0
Walter Dawn Jr.,39921,WR,UTEP,4,37.0,0,330,66.1,,61.5,0,0,0,0.0,0.0,,0,0,0,27,0,0,0,73,0,45,0,0,27,0
Keion Wakefield,61392,WR,LOUISVILLE,10,32.9,0,210,53.1,,59.0,0,0,0,0.0,0.0,,0,0,0,27,0,0,0,82,0,55,0,0,27,0
Jacob Wilson,28298,TE,FAU,6,71.1,0,165,58.2,67.8,65.3,0,0,2,15.4,15.4,100.0,0,0,0,27,0,0,0,38,2,13,0,0,25,17
Kase Rogers,83741,HB,OREGON ST,6,34.6,0,265,58.7,58.5,47.4,0,1,23,46.9,48.0,97.8,0,1,0,27,0,0,0,78,24,50,0,0,3,0
Donovan Williams,39998,WR,UCONN,6,57.4,0,146,53.5,,59.4,0,0,0,0.0,0.0,,0,0,0,27,0,0,0,47,0,20,0,0,27,13
Dom Williams,57256,HB,KANSAS,11,19.7,0,198,72.7,82.3,59.1,0,0,21,28.0,29.9,100.0,0,0,0,27,0,0,0,137,23,77,0,0,4,0
Brian Anderson,59932,C,N CAROLINA,1,100.0,0,245,79.2,60.6,72.6,0,1,7,100.0,100.0,92.9,0,1,0,27,27,0,0,27,7,7,0,0,20,0
Matt LaRoche,57213,HB,GA SOUTHRN,12,49.1,0,174,69.1,73.7,58.5,0,0,2,50.0,50.0,100.0,0,0,0,27,0,0,0,55,2,4,0,0,25,6
Sam Crawford Jr.,78052,WR,TULSA,7,77.1,0,320,56.0,,63.8,0,0,0,0.0,0.0,,0,0,0,27,0,0,0,35,0,8,0,0,27,0
V'Lique Carter,76628,WR,PITTSBURGH,7,42.9,0,268,68.9,,57.3,0,0,0,0.0,0.0,,0,0,0,27,0,0,0,63,0,10,0,0,27,0
Carter Bradley,77685,QB,TOLEDO,3,69.2,0,316,57.7,,60.0,0,0,0,0.0,0.0,,0,0,0,27,0,0,0,39,0,12,0,0,27,0
Brandon Gahagan,61766,WR,UNLV,5,75.0,0,325,57.2,,61.0,0,0,0,0.0,0.0,,0,0,0,27,0,0,0,36,0,9,0,0,27,0
Jake Funk,45835,FB,MARYLAND,3,79.4,0,215,33.9,23.1,56.5,0,1,3,50.0,37.5,83.3,0,1,0,27,0,0,0,34,3,8,0,0,24,13
Lou Dorsey,83981,TE,ILLINOIS,2,55.1,0,187,39.8,60.5,50.5,0,0,8,29.6,26.7,87.5,0,1,1,27,0,0,0,49,8,30,0,0,19,9
Pro Wells,77922,TE,TCU,4,65.9,0,305,60.6,,56.8,0,0,0,0.0,0.0,,0,0,0,27,0,0,0,41,0,14,0,0,27,18
Christian Trahan,77912,TE,HOUSTON,3,75.0,0,182,62.4,77.7,79.8,0,0,7,43.8,43.8,100.0,0,0,0,27,0,0,0,36,7,16,0,0,20,11
Zachary Troughton,58531,G,BOISE ST,6,100.0,0,120,53.3,60.9,52.9,0,0,0,,100.0,,0,0,0,27,0,0,0,27,1,1,13,0,26,12
Emanuel McGirt Jr.,46377,T,NC STATE,4,100.0,0,248,60.5,79.4,56.0,0,0,10,100.0,100.0,100.0,0,0,0,27,0,0,17,27,10,10,0,10,17,0
Chase Nevel,61572,WR,OKLAHOMA,3,81.8,0,261,55.6,,61.1,0,0,0,0.0,0.0,,0,0,0,27,0,0,0,33,0,6,0,0,27,0
Hunter Miller,59908,C,NEBRASKA,2,100.0,0,238,60.7,78.6,57.5,0,0,11,100.0,100.0,100.0,0,0,0,27,27,0,0,27,14,14,0,0,13,0
Kyle Kempt,29761,QB,IOWA STATE,4,42.2,0,193,40.7,,60.2,0,0,0,0.0,0.0,,0,0,0,27,0,0,0,64,0,37,0,0,27,0
Forest McKee,57094,FB,UTEP,6,93.1,0,330,59.1,72.2,80.5,0,0,3,60.0,60.0,100.0,0,0,0,27,0,0,0,29,3,5,0,0,24,4
Jason Pirtle,42235,WR,N TEXAS,5,56.3,0,251,47.7,,52.1,0,0,0,0.0,0.0,,1,0,0,27,0,0,0,48,0,21,0,0,27,0
Jacob Rimmer,60802,G,DUKE,3,100.0,0,154,50.6,16.9,52.5,0,1,4,100.0,100.0,87.5,0,1,0,27,0,13,0,27,4,4,8,6,23,0
Chase Cunningham,78533,QB,MIDDLE TN,4,93.1,0,224,60.2,,60.0,0,0,0,0.0,0.0,,0,0,0,27,0,0,0,29,0,1,0,0,27,0
Tyler Hayek,61611,WR,RUTGERS,5,86.7,0,278,59.5,,63.5,0,0,0,0.0,0.0,,0,0,0,26,0,0,0,30,0,4,0,0,26,0
Josh Anderson,54566,WR,COAST CAR,7,56.5,0,141,51.3,,58.6,0,0,0,0.0,0.0,,1,0,0,26,0,0,0,46,0,20,0,0,26,0
Michael Queen,61124,WR,APP STATE,4,89.7,0,108,58.8,,62.4,0,0,0,0.0,0.0,,0,0,0,26,0,0,0,29,0,3,0,0,26,0
Trevon Sands,40200,HB,USF,6,50.0,0,327,61.1,59.8,55.7,0,1,13,48.1,51.7,96.2,0,1,0,26,0,0,0,52,15,29,0,0,11,0
Brett Kean,46591,QB,USF,4,40.0,0,327,45.3,,60.0,0,0,0,0.0,0.0,,0,0,0,26,0,0,0,65,0,37,0,0,26,0
Evans Wilkerson,36904,G,MISS STATE,3,100.0,0,227,66.1,75.7,64.7,0,0,4,100.0,100.0,100.0,0,0,0,26,0,23,3,26,4,4,0,0,22,0
Isiah Pannunzio,42263,TE,COLO STATE,5,68.4,0,144,42.3,70.5,56.0,0,0,8,40.0,40.0,100.0,0,0,0,26,0,0,0,38,8,20,0,0,18,32
A'Darius Purifoy,43041,WR,APP STATE,4,66.7,0,108,66.0,,58.5,0,0,0,0.0,0.0,,0,0,0,26,0,0,0,39,0,13,0,0,26,0
Jah'Marae Sheread,84443,WR,TEXAS ST,4,45.6,0,314,76.5,,84.7,0,0,0,0.0,0.0,,0,0,0,26,0,0,0,57,0,29,0,0,26,0
Ashton Morgan,60176,T,UNLV,4,100.0,0,325,69.4,50.2,69.0,0,1,4,100.0,100.0,87.5,0,1,0,26,0,0,4,26,4,4,0,22,22,0
Mike Ruth,81747,G,MISSOURI,2,100.0,0,229,64.3,80.0,62.3,0,0,7,100.0,100.0,100.0,0,0,0,26,0,0,0,26,8,8,26,0,18,0
Brady Taylor,29758,G,OHIO STATE,3,100.0,0,260,64.6,38.6,64.8,0,0,4,100.0,100.0,100.0,0,0,0,26,0,25,0,26,4,4,1,0,22,0
Travion Clayton,60082,G,SO MISS,1,100.0,0,296,57.3,77.3,55.7,0,0,6,100.0,100.0,100.0,0,0,0,26,0,26,0,26,6,6,0,0,20,0
Jerry Drake Jr.,60022,T,PITTSBURGH,6,100.0,0,268,47.8,57.0,55.6,0,0,10,100.0,100.0,90.0,1,1,1,26,0,0,0,26,11,11,0,26,15,0
Reese Taylor,82132,HB,INDIANA,12,15.6,0,190,68.8,,70.8,0,0,0,0.0,0.0,,0,0,0,26,0,0,0,167,0,127,0,0,26,0
Kaiwi Chung,47355,C,HAWAII,3,100.0,0,180,64.9,80.9,60.0,0,0,17,100.0,100.0,100.0,0,0,0,26,24,0,0,26,17,17,0,0,9,2
CJ Sanders,47607,WR,SMU,4,27.1,0,287,55.9,,62.1,0,0,0,0.0,0.0,,0,0,0,26,0,0,0,96,0,69,0,0,26,0
Matt Kegel,40019,G,OKLA STATE,3,100.0,0,262,55.0,73.4,54.0,0,0,4,100.0,100.0,100.0,0,0,0,26,0,2,0,26,4,4,24,0,22,0
Dominic Christian,27646,WR,NEVADA,8,33.8,0,239,55.8,,47.9,0,0,0,0.0,0.0,,0,0,0,26,0,0,0,77,0,51,0,0,26,0
Jacob Harris,34255,WR,UCF,6,89.7,0,323,51.9,,62.9,0,0,0,0.0,0.0,,1,0,0,26,0,0,0,29,0,3,0,0,26,0
AJ Arcuri,44757,T,MICH STATE,7,100.0,0,223,80.0,42.6,82.5,0,0,9,100.0,100.0,100.0,0,0,0,26,0,0,7,26,9,9,0,15,17,0
Gunnar Hoak,40158,QB,KENTUCKY,6,45.6,0,202,38.0,,60.0,0,0,0,0.0,0.0,,0,0,0,26,0,0,0,57,0,27,0,0,26,0
Chad Hickson,59946,C,N TEXAS,2,100.0,0,251,59.1,76.9,57.5,0,0,6,100.0,100.0,100.0,0,0,0,26,26,0,0,26,7,7,0,0,19,0
Jacob Copeland,84176,WR,FLORIDA,3,67.6,0,163,62.5,,61.0,0,0,0,0.0,0.0,,0,0,0,25,0,0,0,37,0,12,0,0,25,0
KirVonte Benson,13449,HB,GA TECH,2,58.1,0,176,79.2,69.3,57.8,1,0,16,88.9,88.9,96.9,0,1,0,25,0,0,0,43,16,18,0,0,9,0
Derrick Vickers,84478,WR,UTAH,5,67.6,0,328,54.4,,61.6,0,0,0,0.0,0.0,,0,0,0,25,0,0,0,37,0,12,0,0,25,0
Zach Simpson,36696,C,PENN STATE,8,100.0,0,266,73.6,77.6,69.9,0,0,6,100.0,100.0,100.0,0,0,0,25,21,0,0,25,7,7,0,0,18,0
Breck Turner,34682,HB,E MICHIGAN,10,20.8,0,160,56.9,38.2,59.0,0,2,19,27.5,27.5,94.7,0,2,0,25,0,0,0,120,19,69,0,0,6,0
Skylor Clinton,36128,TE,UAB,4,100.0,0,321,58.1,,57.6,0,0,0,,,,0,0,0,25,0,0,0,25,0,0,0,0,25,23
Johnathan Hawkins,34938,HB,BUFFALO,11,32.5,0,126,65.7,70.3,60.3,0,0,1,4.0,3.7,100.0,0,0,0,25,0,0,0,77,1,27,0,0,24,0
Leon Payne,78176,WR,N ILLINOIS,3,43.1,0,254,48.5,,60.0,0,0,0,0.0,0.0,,0,0,0,25,0,0,0,58,0,33,0,0,25,0
Calvin Camp,61202,HB,CHARLOTTE,10,26.9,0,136,59.0,67.0,66.9,0,1,10,25.6,24.4,95.0,1,1,0,25,0,0,0,93,10,41,0,0,15,0
Daishawn Brimage,78210,WR,AKRON,5,47.2,0,102,52.6,,61.2,0,0,0,0.0,0.0,,0,0,0,25,0,0,0,53,0,28,0,0,25,0
Brian Robinson,57120,HB,ALABAMA,11,25.3,0,103,78.0,64.3,48.1,0,0,7,41.2,41.2,100.0,0,0,0,25,0,0,0,99,7,17,0,0,18,0
Kameron Stutts,81590,G,AUBURN,2,100.0,0,115,54.7,67.3,54.1,0,0,1,100.0,100.0,100.0,0,0,0,25,0,25,0,25,1,1,0,0,24,0
Zack Boobas,57143,TE,ARMY,3,92.6,0,114,86.8,,73.2,0,0,0,0.0,0.0,,0,0,0,25,0,0,0,27,0,2,0,0,25,24
Sam Thompson,81612,C,COAST CAR,2,100.0,0,141,62.4,76.2,60.4,0,0,6,100.0,100.0,100.0,0,0,0,25,25,0,0,25,6,6,0,0,19,0
Ben Hogg,47700,WR,VIRGINIA,8,53.2,0,335,50.5,,36.0,0,0,0,0.0,0.0,,1,0,0,25,0,0,0,47,0,22,0,0,25,0
Malik Dear,35555,WR,MISS STATE,4,65.8,0,227,63.8,,63.8,0,0,0,0.0,0.0,,0,0,0,25,0,0,0,38,0,13,0,0,25,0
Richard Gouraige,81635,G,FLORIDA,2,100.0,0,163,58.5,63.6,57.4,0,1,10,100.0,100.0,95.0,0,1,0,25,0,0,0,25,10,10,25,0,15,0
Hunter Knighton,46972,C,TULANE,5,100.0,0,319,43.7,34.5,47.9,0,1,7,100.0,100.0,92.9,0,1,0,25,25,0,0,25,7,7,0,0,18,0
Johnnie Lang,57246,HB,IOWA STATE,8,33.8,0,193,63.0,78.4,73.0,0,0,16,39.0,40.0,93.7,0,1,1,25,0,0,0,74,18,45,0,0,7,0
Kason Martin,83531,QB,N TEXAS,2,58.1,0,251,70.0,,60.0,0,0,0,0.0,0.0,,0,0,0,25,0,0,0,43,0,18,0,0,25,0
Logan Christopherson,60966,TE,MISSOURI,3,78.1,0,229,30.9,67.9,48.8,0,0,1,14.3,22.2,100.0,1,0,0,25,0,0,0,32,2,9,0,0,23,28
Mason Stokke,42627,FB,WISCONSIN,6,78.1,0,349,65.6,71.9,76.5,0,0,2,40.0,40.0,100.0,0,0,0,25,0,0,0,32,2,5,0,0,23,1
Jair Hawkins-Anderson,42228,WR,GA TECH,4,96.2,0,176,63.2,,66.7,0,0,0,0.0,0.0,,0,0,0,25,0,0,1,26,0,1,0,0,25,0
Colin Grunhard,59979,C,NOTRE DAME,4,100.0,0,258,68.6,72.9,65.8,0,0,2,100.0,100.0,100.0,0,0,0,25,25,0,0,25,2,2,0,0,23,0
Carlos Vettorello,77348,T,SYRACUSE,2,100.0,0,304,52.1,40.0,53.8,1,0,6,100.0,100.0,91.7,0,1,0,25,0,0,25,25,6,6,0,0,19,0
BJ Busbee,84394,WR,S DIEGO ST,11,21.1,0,284,58.7,,59.5,0,0,0,0.0,0.0,,0,0,0,24,0,0,0,114,0,85,0,0,24,1
Aaron Short,52118,WR,OREGON ST,5,48.0,0,265,62.0,,62.4,0,0,0,0.0,0.0,,0,0,0,24,0,0,0,50,0,26,0,0,24,0
Martell Irby,83784,HB,UCLA,11,14.8,0,324,64.0,84.7,63.8,0,0,12,12.1,13.1,100.0,0,0,0,24,0,0,0,162,14,107,0,0,10,0
Jordan Nettles,57352,HB,N ILLINOIS,12,22.0,0,254,49.4,81.3,56.2,0,1,9,27.3,27.3,94.4,0,1,0,24,0,0,0,109,9,33,0,0,15,0
John Burt,47850,WR,TEXAS,3,57.1,0,311,59.4,,62.9,0,0,0,0.0,0.0,,0,0,0,24,0,0,0,42,0,18,0,0,24,0
Chandler Tuitt,41572,G,OLE MISS,3,100.0,0,226,62.7,79.8,60.5,0,0,9,100.0,100.0,100.0,0,0,0,24,0,0,0,24,9,9,24,0,15,0
Eric Douglas,60061,G,S CAROLINA,3,100.0,0,289,66.0,81.7,63.4,0,0,12,100.0,100.0,100.0,0,0,0,24,0,24,0,24,13,13,0,0,11,0
Gerrit Prince,84065,TE,UAB,2,75.0,0,321,56.6,70.4,67.0,0,0,3,27.3,27.3,100.0,0,0,0,24,0,0,0,32,3,11,0,0,21,27
Miles Battle,84301,WR,OLE MISS,4,60.0,0,226,61.7,,62.0,0,0,0,0.0,0.0,,0,0,0,24,0,0,0,40,0,16,0,0,24,0
Dejonte O'Neal,46001,HB,FRESNO ST,11,21.8,0,169,63.6,62.7,62.0,0,0,6,11.3,11.1,100.0,0,0,0,24,0,0,0,110,6,54,0,0,18,0
Erik Ezukanma,78148,WR,TEXAS TECH,2,57.1,0,315,64.4,,74.9,0,0,0,0.0,0.0,,1,0,0,24,0,0,0,42,0,18,0,0,24,0
Darian Bryant,40241,G,TEMPLE,2,100.0,0,306,63.9,76.9,62.5,0,0,5,100.0,100.0,100.0,0,0,0,24,0,0,0,24,5,5,18,6,19,0
Casey McDermott Vai,45169,G,TCU,9,88.9,0,305,76.6,70.0,77.0,0,0,1,25.0,25.0,100.0,0,0,0,24,0,0,0,27,1,4,5,0,23,15
John Campbell Jr.,77383,T,MIAMI FL,4,100.0,0,220,69.6,71.4,67.4,0,0,3,100.0,100.0,100.0,0,0,0,24,0,0,8,24,3,3,0,16,21,0
Sam Harris,31648,WR,S ALABAMA,6,28.6,0,288,55.6,,62.1,0,0,0,0.0,0.0,,0,0,0,24,0,0,0,84,0,54,0,0,24,0
Logan Bonner,39990,QB,ARK STATE,5,38.1,0,113,48.8,,60.0,0,0,0,0.0,0.0,,0,0,0,24,0,0,0,63,0,35,0,0,24,0
Quinn Shanbour,32073,QB,N TEXAS,7,38.1,0,251,55.1,,60.0,0,0,0,0.0,0.0,,0,0,0,24,0,0,0,63,0,19,0,0,24,0
Emory Jones,82111,QB,FLORIDA,4,39.3,0,163,55.8,,60.0,0,0,0,0.0,0.0,,0,0,0,24,0,0,0,61,0,22,0,0,24,0
Dylan Parham,41351,TE,NC STATE,1,63.2,0,248,54.2,55.2,45.9,0,1,5,26.3,26.3,90.0,0,1,0,24,0,0,0,38,5,19,0,0,19,9
Marquice Robinson,81639,T,FAU,2,100.0,0,165,50.3,67.9,51.2,0,0,2,100.0,100.0,100.0,0,0,0,24,0,0,0,24,2,2,0,24,22,0
Dakota Torres,47245,WR,HAWAII,8,38.7,0,180,52.1,,67.3,0,0,0,0.0,0.0,,0,0,0,24,0,0,0,62,0,38,0,0,24,10
C.J. Saunders,42541,WR,OHIO STATE,8,24.5,0,260,58.8,,83.4,0,0,0,0.0,0.0,,0,0,0,24,0,0,0,98,0,74,0,0,24,0
Luke Shiflett,78497,WR,MIDDLE TN,10,35.3,0,224,59.2,,59.5,0,0,0,0.0,0.0,,0,0,0,24,0,0,0,68,0,43,0,0,24,0
Staten Wade,41852,G,LA LAFAYET,3,100.0,0,207,59.8,80.1,57.0,0,0,9,100.0,100.0,100.0,0,0,0,24,0,0,0,24,10,10,24,0,14,0
Seth Harrell,54421,T,COAST CAR,5,100.0,0,141,69.8,66.5,68.4,0,0,9,100.0,100.0,100.0,0,0,0,24,0,0,24,24,9,9,0,0,15,0
Jack DeFoor,41168,T,GA TECH,3,100.0,0,176,55.6,,55.5,0,0,0,,,,0,0,0,24,0,0,0,24,0,0,0,24,24,0
Emmanuel Reed,33882,HB,BUFFALO,12,14.7,0,126,61.8,50.7,59.0,1,0,15,23.8,23.9,96.7,0,1,0,23,0,0,0,156,16,67,0,0,7,0
Ryan Miller,58524,G,BAYLOR,8,100.0,0,118,51.9,73.7,52.1,0,0,2,100.0,100.0,100.0,0,0,0,23,5,5,0,23,2,2,0,0,21,13
Darius Maberry,57412,HB,SO MISS,2,37.7,0,296,67.2,83.5,66.0,0,0,13,32.5,34.1,100.0,0,0,0,23,0,0,0,61,14,41,0,0,9,0
Willie Cherry,61560,WR,OHIO,5,92.0,0,259,64.4,,77.3,0,0,0,0.0,0.0,,0,0,0,23,0,0,0,25,0,2,0,0,23,0
Zack Heeman,31216,T,RUTGERS,6,100.0,0,278,78.7,73.1,75.8,0,0,3,100.0,100.0,100.0,0,0,0,23,0,4,0,23,3,3,0,15,20,4
Dion Ray,34627,WR,LA LAFAYET,8,62.2,0,207,52.6,,56.1,0,0,0,0.0,0.0,,0,0,0,23,0,0,0,37,0,14,0,0,23,0
Keyan Marshall,40675,WR,E MICHIGAN,4,95.8,0,160,60.8,,63.6,0,0,0,0.0,0.0,,0,0,0,23,0,0,0,24,0,1,0,0,23,0
Brandon Lewis,90823,WR,AIR FORCE,4,51.1,0,101,75.9,19.8,64.6,0,0,0,0.0,0.0,,0,0,0,23,0,0,0,45,0,21,0,0,23,18
Matt Landers,61271,WR,GEORGIA,4,69.7,0,173,59.3,,74.6,0,0,0,0.0,0.0,,0,0,0,23,0,0,0,33,0,10,0,0,23,0
Jack Sears,60580,QB,USC,1,33.3,0,326,75.3,,60.0,0,0,0,0.0,0.0,,0,0,0,23,0,0,0,69,0,42,0,0,23,0
Logan Wright,41403,G,APP STATE,4,100.0,0,108,55.9,75.7,54.9,0,0,3,100.0,100.0,100.0,0,0,0,23,0,19,0,23,3,3,4,0,20,0
Brodarious Hamm,58518,G,AUBURN,1,100.0,0,115,81.5,74.5,80.5,0,0,3,100.0,100.0,100.0,0,0,0,23,0,0,0,23,3,3,23,0,20,0
Khmari Thompson,84313,WR,MISSOURI,3,95.8,0,229,58.3,,58.5,0,0,0,,0.0,,0,0,0,23,0,0,0,24,0,1,0,0,23,0
Nick Basquine,44829,WR,OKLAHOMA,10,31.1,0,261,72.9,64.4,84.6,0,0,1,2.0,1.9,100.0,0,0,0,23,0,0,0,74,1,52,0,0,22,0
Brian Plummer,40960,G,MARYLAND,4,100.0,0,215,52.8,74.0,52.1,0,0,2,100.0,100.0,100.0,0,0,0,23,0,23,0,23,2,2,0,0,21,0
Justin Silmon,45823,HB,KANSAS ST,8,34.8,0,199,54.8,11.5,56.0,1,0,5,22.7,25.0,50.0,0,3,2,23,0,0,0,66,7,28,0,0,16,0
Jacoby Herring,52098,WR,UMASS,4,54.8,0,216,55.4,,73.0,0,0,0,0.0,0.0,,0,0,0,23,0,0,0,42,0,19,0,0,23,0
Trevor Stacy,37391,G,CHARLOTTE,5,100.0,0,136,53.1,69.9,50.7,0,1,8,100.0,100.0,93.7,0,1,0,23,0,0,0,23,10,10,21,2,13,0
Josh Whyle,54037,TE,CINCINNATI,4,57.5,0,138,47.3,,62.3,0,0,0,0.0,0.0,,1,0,0,23,0,0,0,40,0,17,0,0,23,11
Gabe Wallace,77535,T,BUFFALO,3,100.0,0,126,58.9,,58.4,0,0,0,,,,0,0,0,23,0,0,0,23,0,0,0,23,23,0
Zaquon Tyson,47591,WR,KENT STATE,4,63.9,0,201,50.3,,46.4,0,0,0,0.0,0.0,,0,0,0,23,0,0,0,36,0,13,0,0,23,0
Elijah Stove,40061,WR,AUBURN,3,57.5,0,115,56.4,,58.3,0,0,0,0.0,0.0,,0,0,0,23,0,0,0,40,0,17,0,0,23,0
Doug Johnson Jr.,81993,T,FAU,2,100.0,0,165,63.2,69.9,61.8,0,0,2,100.0,100.0,100.0,0,0,0,23,0,0,23,23,2,2,0,0,21,0
Nico Ragaini,84232,WR,IOWA,3,65.7,0,192,55.9,,59.7,0,0,0,0.0,0.0,,0,0,0,23,0,0,0,35,0,12,0,0,23,0
Jaevon Mcquitty,61493,WR,NEBRASKA,5,56.1,0,238,53.5,,61.6,0,0,0,0.0,0.0,,0,0,0,23,0,0,0,41,0,18,0,0,23,0
Tony Brooks-James,45764,HB,OREGON,8,18.4,0,264,69.0,67.4,58.3,0,1,17,28.3,27.4,91.2,0,2,1,23,0,0,0,125,17,62,0,0,6,0
Ethan Smart,60032,T,PURDUE,3,100.0,0,273,50.8,28.5,53.1,0,0,3,100.0,100.0,100.0,0,0,0,23,0,0,0,23,3,3,0,21,20,0
Daniel George,84378,WR,PENN STATE,3,62.2,0,266,78.0,,61.2,0,0,0,0.0,0.0,,0,0,0,23,0,0,0,37,0,14,0,0,23,0
Houston Heimuli,52275,FB,STANFORD,9,84.6,0,300,61.1,76.4,55.0,0,0,5,62.5,55.6,100.0,1,0,0,22,0,0,0,26,5,9,0,0,17,0
Tre'Shown Fields,35347,TE,E MICHIGAN,3,91.7,0,160,56.9,,57.7,0,0,0,0.0,0.0,,0,0,0,22,0,0,0,24,0,2,0,0,22,13
Wayne Toussant,78962,WR,LA TECH,3,44.0,0,208,63.2,,48.8,0,0,0,0.0,0.0,,0,0,0,22,0,0,0,50,0,28,0,0,22,0
Aleksei Yaramus,43783,WR,NAVY,5,100.0,0,237,66.0,,70.7,0,0,0,,,,0,0,0,22,0,0,0,22,0,0,0,1,22,1
Jemarulin Suggs,57118,HB,AKRON,4,34.4,0,102,47.3,57.8,58.6,2,0,17,42.5,43.9,94.1,0,2,0,22,0,0,0,64,18,41,0,0,4,0
Steven Enis,35986,TE,MEMPHIS,5,91.7,0,218,65.4,66.4,66.8,0,0,2,50.0,50.0,100.0,0,0,0,22,0,0,0,24,2,4,0,0,20,24
Dontavian Lee,29216,HB,MISS STATE,6,36.7,0,227,67.6,51.4,80.1,0,0,8,30.8,32.1,100.0,0,0,0,22,0,0,0,60,9,28,0,0,13,0
Darius Wise,52023,CB,COLO STATE,2,34.9,0,144,50.2,,47.4,0,0,0,0.0,0.0,,1,0,0,22,0,0,0,63,0,41,0,0,22,0
Danzel McKinley-Lewis,47648,WR,TOLEDO,3,44.9,0,316,50.2,,47.0,0,0,0,0.0,0.0,,0,0,0,22,0,0,0,49,0,27,0,0,22,0
Alex Harris,41107,WR,UCF,6,88.0,0,323,58.3,,60.8,0,0,0,0.0,0.0,,0,0,0,22,0,0,0,25,0,3,0,0,22,0
Ryan Brocks,84020,TE,NEVADA,5,88.0,0,239,62.2,68.0,63.2,0,0,2,40.0,40.0,100.0,0,0,0,22,0,0,0,25,2,5,0,7,20,18
Josh Johnson,88760,HB,LA MONROE,8,31.0,0,209,70.9,69.9,68.2,0,0,13,31.0,31.8,100.0,0,0,0,22,0,0,0,71,14,44,0,0,8,0
Jarrett Burgess,47764,WR,PURDUE,4,56.4,0,273,54.3,,58.8,0,0,0,0.0,0.0,,0,0,0,22,0,0,0,39,0,17,0,0,22,0
Jaelyn Duncan,81722,T,MARYLAND,2,100.0,0,215,56.7,79.3,54.6,0,0,3,100.0,100.0,100.0,0,0,0,22,0,0,22,22,3,3,0,0,19,0
Dan DiNicola,30342,T,UMASS,7,100.0,0,216,52.7,22.8,65.6,0,0,6,100.0,100.0,100.0,1,0,0,22,0,0,16,22,6,6,5,1,16,0
Jeb Davis,27289,TE,TROY,9,84.6,0,318,56.0,67.3,59.6,0,0,1,20.0,20.0,100.0,0,0,0,22,0,0,0,26,1,5,0,0,21,25
Lemar Harris,28362,WR,E MICHIGAN,6,68.8,0,160,40.8,,63.6,0,0,0,0.0,0.0,,0,0,0,22,0,0,0,32,0,10,0,0,22,0
Chris Coleman,55906,WR,FRESNO ST,10,39.3,0,169,63.4,,62.1,0,0,0,0.0,0.0,,0,0,0,22,0,0,0,56,0,33,0,0,22,0
Alec Anderson,81882,T,UCLA,3,100.0,0,324,56.8,73.9,51.1,0,0,11,100.0,100.0,90.9,0,1,1,22,0,0,0,22,11,11,0,22,11,0
Shane Coleman,61007,TE,S DIEGO ST,5,88.0,0,284,59.2,69.8,60.0,0,0,1,33.3,25.0,100.0,0,0,0,22,0,0,0,25,1,4,0,0,21,23
Brenden Fulton,33196,WR,COLO STATE,9,25.9,0,144,56.5,,37.8,0,0,0,0.0,0.0,,1,0,0,22,0,0,0,85,0,63,0,0,22,0
Nathaniel Oishi,36780,G,UNLV,3,100.0,0,325,58.2,75.0,57.0,0,0,4,100.0,100.0,100.0,0,0,0,22,0,0,0,22,4,4,22,0,18,0
Kris Leach,61076,TE,W KENTUCKY,7,43.1,1,346,62.1,67.0,68.3,0,0,3,10.3,9.4,100.0,2,0,0,22,0,0,0,51,3,32,0,0,19,34
Nick Crabtree,42246,T,BOISE ST,1,100.0,0,120,52.0,67.8,51.8,0,0,1,100.0,100.0,100.0,0,0,0,22,0,0,22,22,1,1,0,0,21,0
Mo Hasan,40296,QB,VANDERBILT,5,55.0,0,333,70.0,,60.0,0,0,0,0.0,0.0,,0,0,0,22,0,0,0,40,0,13,0,0,22,0
Keith Williams,30673,T,COLO STATE,2,100.0,0,144,23.0,0.0,50.8,1,3,13,100.0,100.0,84.6,1,4,0,22,0,0,0,22,13,13,0,22,9,0
Chase Cord,60347,QB,BOISE ST,4,51.2,0,120,74.9,,60.0,0,0,0,0.0,0.0,,0,0,0,22,0,0,0,43,0,9,0,0,22,0
Jamauri Wakefield,41185,HB,VANDERBILT,11,14.4,0,333,67.2,65.8,57.7,0,0,15,24.2,25.0,100.0,0,0,0,22,0,0,0,153,17,68,0,0,5,0
Will Gragg,36407,TE,PITTSBURGH,13,23.4,0,268,53.4,68.2,56.7,0,0,3,4.3,5.3,100.0,1,0,0,22,0,0,1,94,4,76,0,0,18,57
Billy Honaker,60810,G,NAVY,2,100.0,0,237,57.1,47.2,57.2,0,0,4,100.0,100.0,100.0,0,0,0,22,0,14,0,22,4,4,8,0,18,0
Yannik Rohrschneider,59672,G,E MICHIGAN,3,100.0,0,160,65.1,73.3,64.1,0,0,2,100.0,100.0,100.0,0,0,0,22,0,0,0,22,2,2,22,0,20,0
Trevor Terry,61666,WR,SO MISS,6,51.2,0,296,70.5,,60.8,0,0,0,0.0,0.0,,0,0,0,22,0,0,0,43,0,21,0,0,22,0
James Blackman,60382,QB,FLORIDA ST,4,24.4,0,167,86.9,,60.0,0,0,0,0.0,0.0,,1,0,0,21,0,0,0,86,0,62,0,0,21,0
Ethan Fernea,61765,WR,UCLA,4,80.8,0,324,62.4,,60.7,0,0,0,0.0,0.0,,1,0,0,21,0,0,0,26,0,5,0,0,21,1
Tucker Gregg,83669,HB,GA STATE,4,46.7,0,175,66.8,73.3,60.7,0,0,3,21.4,21.4,100.0,0,0,0,21,0,0,0,45,3,14,0,0,18,0
Christian Mallard,57117,HB,AIR FORCE,4,63.6,0,101,50.0,56.8,61.3,0,1,3,75.0,80.0,83.3,0,1,0,21,0,0,0,33,4,5,0,0,17,0
Quian Williams,61237,WR,E MICHIGAN,5,65.6,0,160,50.1,,57.9,0,0,0,0.0,0.0,,1,0,0,21,0,0,0,32,0,11,0,0,21,1
Drew Schlegel,44292,TE,KENTUCKY,5,95.5,0,202,57.3,,56.9,0,0,0,0.0,0.0,,0,0,0,21,0,0,0,22,0,1,0,0,21,15
Terrell Chatman,33827,WR,ARIZONA ST,3,45.7,0,110,70.1,,78.4,0,0,0,0.0,0.0,,0,0,0,21,0,0,0,46,0,25,0,0,21,0
Jaylen Harris,61566,WR,OHIO STATE,4,44.7,0,260,62.5,,61.9,0,0,0,0.0,0.0,,0,0,0,21,0,0,0,47,0,26,0,0,21,0
James Homan,24845,WR,HOUSTON,3,42.0,0,182,49.4,,61.5,0,0,0,0.0,0.0,,0,0,0,21,0,0,0,50,0,29,0,0,21,0
Rafael Hidalgo,61502,WR,NEW MEXICO,5,56.8,0,241,46.9,,60.1,0,0,0,0.0,0.0,,0,0,0,21,0,0,0,37,0,16,0,0,21,0
Jaylon Henderson,39535,QB,BOISE ST,3,63.6,0,120,67.5,,60.0,0,0,0,0.0,0.0,,0,0,0,21,0,0,0,33,0,2,0,0,21,0
Raymond Calais,45828,HB,LA LAFAYET,14,13.4,0,207,81.7,62.5,58.0,0,0,12,17.6,18.8,100.0,0,0,0,21,0,0,0,157,13,69,0,0,8,0
Kendall Brown,41278,T,NC STATE,3,100.0,0,248,60.3,0.0,74.0,0,1,4,100.0,100.0,87.5,0,1,0,21,0,0,14,21,4,4,0,0,17,7
Keyondre White,77808,HB,AKRON,7,36.8,0,102,58.6,82.1,56.2,0,0,15,57.7,55.2,100.0,0,0,0,21,0,0,0,57,16,29,0,0,5,0
Xavier Gantt,41329,FB,GA TECH,3,80.8,0,176,52.0,,61.4,0,0,0,0.0,0.0,,0,0,0,21,0,0,0,26,0,2,0,0,21,25
T.J. Pledger,77755,HB,OKLAHOMA,6,30.4,0,261,68.4,76.8,55.1,0,0,2,10.0,18.2,100.0,0,0,0,21,0,0,0,69,4,22,0,0,17,0
Cason Grant,84311,WR,MISS STATE,3,84.0,0,227,56.3,,59.1,0,0,0,0.0,0.0,,0,0,0,21,0,0,0,25,0,4,0,0,21,0
Keith Harrington,39563,HB,WASH STATE,11,23.9,0,341,63.3,78.8,58.9,0,0,6,10.3,11.7,100.0,0,0,0,21,0,0,0,88,7,60,0,0,14,0
Taleni Suhren,44879,T,WAKE,4,100.0,0,339,59.1,73.5,57.8,0,0,3,100.0,100.0,100.0,0,0,0,21,0,5,16,21,3,3,0,0,18,0
Gerald Bell Jr.,81869,T,TROY,3,100.0,0,318,61.1,33.5,63.7,0,0,6,100.0,100.0,83.3,0,1,1,21,0,0,21,21,6,6,0,0,15,0
Garrison Burnett,55119,WR,UCONN,6,48.8,0,146,57.5,,59.2,0,0,0,0.0,0.0,,0,0,0,21,0,0,0,43,0,22,0,0,21,0
Alex Keys,36928,C,W MICHIGAN,2,100.0,0,347,50.3,18.9,54.3,0,0,3,100.0,100.0,100.0,0,0,0,21,21,0,0,21,4,4,0,0,17,0
Wade Buckman,40750,TE,W MICHIGAN,4,80.8,0,347,56.6,64.4,60.5,0,0,1,16.7,16.7,100.0,0,0,0,21,0,0,0,26,1,6,0,0,20,22
Maurice Mayo,83756,HB,S ALABAMA,12,23.9,0,288,56.3,73.8,68.6,0,0,3,9.1,8.8,100.0,0,0,0,21,0,0,0,88,3,34,0,0,18,0
DeAndre McNeal,39274,WR,FAU,4,55.3,0,165,54.0,,57.6,0,0,0,0.0,0.0,,0,0,0,21,0,0,0,38,0,17,0,0,21,0
Da'Kendall James,84158,WR,COAST CAR,3,91.3,0,141,58.4,,60.6,0,0,0,0.0,0.0,,0,0,0,21,0,0,0,23,0,2,0,0,21,0
Shane Vallot,81704,G,LA LAFAYET,2,100.0,0,207,76.4,76.6,73.1,0,0,5,100.0,100.0,100.0,0,0,0,21,7,14,0,21,6,6,0,0,15,0
A.J. Davis,57381,HB,PITTSBURGH,8,26.6,0,268,65.8,23.2,64.0,1,0,11,33.3,30.6,86.4,0,2,1,21,0,0,0,79,11,36,0,0,10,0
Michael Kenefick,42186,G,BUFFALO,4,100.0,0,126,70.2,73.2,69.2,0,0,2,100.0,100.0,100.0,0,0,0,21,0,13,0,21,2,2,8,0,19,0
Drew Cook,35713,TE,IOWA,5,84.0,0,192,45.9,67.3,48.1,0,0,2,40.0,33.3,100.0,0,0,0,21,0,0,0,25,2,6,0,0,19,24
Noah Ellison,41034,WR,DOMINION,7,52.5,0,263,55.1,,60.3,0,0,0,0.0,0.0,,0,0,0,21,0,0,0,40,0,19,0,0,21,0
Dalton Frantz,79403,TE,MIDDLE TN,3,91.3,0,224,57.4,72.4,55.8,0,0,5,71.4,75.0,100.0,0,0,0,21,0,0,0,23,6,8,0,0,15,20
Paul Toala,41621,G,UTAH,4,100.0,0,328,55.7,68.2,55.2,0,0,1,100.0,100.0,100.0,0,0,0,21,0,10,0,21,1,1,8,3,20,0
Jake Levengood,81794,T,OREGON ST,2,100.0,0,265,54.2,43.6,57.6,0,2,12,100.0,100.0,91.7,0,2,0,20,0,0,0,20,12,12,0,20,8,0
Kobe Lewis,77800,HB,C MICHIGAN,8,51.3,0,134,64.9,79.9,54.4,0,0,8,50.0,52.9,100.0,0,0,0,20,0,0,0,39,9,17,0,0,11,0
Sam Poutasi,41642,G,OREGON,5,100.0,0,264,55.6,74.9,54.6,0,0,3,100.0,100.0,100.0,0,0,0,20,0,20,0,20,3,3,0,0,17,0
Joel Wilson,77943,TE,C MICHIGAN,4,57.1,0,134,56.7,,66.3,0,0,0,0.0,0.0,,0,0,0,20,0,0,0,35,0,15,0,0,20,15
Tristin Kamaka,52085,WR,HAWAII,7,37.0,0,180,54.8,,61.3,0,0,0,0.0,0.0,,0,0,0,20,0,0,0,54,0,34,0,0,20,0
Jake Norris,41901,WR,LA TECH,4,55.6,0,208,67.1,,62.6,0,0,0,0.0,0.0,,0,0,0,20,0,0,0,36,0,16,0,0,20,0
Elijah Dale,52059,HB,HAWAII,6,40.0,0,180,58.5,43.1,59.6,0,1,17,58.6,58.6,97.1,0,1,0,20,0,0,0,50,17,29,0,0,3,0
Mason Donaldson,41994,WR,UCONN,6,44.4,0,146,52.1,,61.0,0,0,0,0.0,0.0,,0,0,0,20,0,0,0,45,0,25,0,0,20,0
Hunter Hayek,61608,WR,RUTGERS,8,25.3,0,278,52.1,,72.8,0,0,0,0.0,0.0,,0,0,0,20,0,0,0,79,0,59,0,0,20,0
Hunter Edwards,61559,WR,OHIO,4,90.9,0,259,58.5,,61.7,0,0,0,0.0,0.0,,0,0,0,20,0,0,0,22,0,2,0,0,20,0
Jake Andrews,81868,G,TROY,3,100.0,0,318,86.8,79.1,86.6,0,0,9,100.0,100.0,100.0,0,0,0,20,0,17,0,20,9,9,1,0,11,0
Weston Bridges,57300,HB,MICH STATE,6,37.0,0,223,49.6,39.3,59.0,0,1,11,40.7,37.9,95.5,0,1,0,20,0,0,0,54,11,29,0,0,9,0
Dorian Maddox,40894,HB,STANFORD,6,31.7,1,300,68.8,69.2,,0,0,17,53.1,54.1,94.1,3,1,1,20,0,0,0,63,20,37,0,0,0,0
Journey Brown,57380,HB,PENN STATE,7,52.6,0,266,68.1,48.9,57.8,0,1,8,44.4,47.4,93.7,0,1,0,20,0,0,0,38,9,19,0,0,11,0
Drew Platt,57447,TE,UCLA,6,95.2,0,324,46.2,,57.8,0,0,0,0.0,0.0,,1,0,0,20,0,0,1,21,0,1,0,0,20,20
James Owens Moss,40778,WR,AUBURN,3,95.2,0,115,58.1,,61.9,0,0,0,,,,0,0,0,20,0,0,0,21,0,0,0,0,20,0
David Moorman,36751,G,WISCONSIN,3,100.0,0,349,84.1,68.0,82.5,0,0,1,100.0,100.0,100.0,0,0,0,20,0,20,0,20,1,1,0,0,19,0
Beau Hott,36909,G,NEW MEXICO,2,100.0,0,241,62.8,77.1,61.4,0,0,4,100.0,100.0,100.0,0,0,0,20,0,8,0,20,4,4,12,0,16,0
Greg Bell,83716,HB,NEBRASKA,4,20.6,0,238,54.2,10.7,58.3,0,3,8,16.0,16.0,81.2,0,3,0,20,0,0,0,97,8,50,0,0,12,0
Danny Dalton,40739,TE,PENN STATE,2,51.3,0,266,52.9,34.6,59.9,0,1,4,17.4,17.4,87.5,0,1,0,20,0,0,0,39,4,23,0,0,16,24
Matt Fink,40553,QB,USC,4,52.6,0,326,67.9,,60.0,0,0,0,0.0,0.0,,0,0,0,20,0,0,0,38,0,12,0,0,20,0
Terrance Dixon,84195,WR,GA STATE,7,50.0,0,175,65.3,,63.0,0,0,0,0.0,0.0,,0,0,0,20,0,0,0,40,0,20,0,0,20,0
Tony Nicholson,25653,WR,BAYLOR,3,71.4,0,118,58.9,,75.7,0,0,0,0.0,0.0,,0,0,0,20,0,0,0,28,0,8,0,0,20,0
LD Brown,40346,HB,OKLA STATE,7,22.5,0,262,66.4,82.2,44.1,0,0,11,22.0,21.8,100.0,0,0,0,20,0,0,0,89,12,55,0,0,8,0
Eric Golston,59866,G,MIDDLE TN,4,100.0,0,224,47.9,60.9,48.1,0,0,0,,100.0,,0,0,0,20,0,6,0,20,1,1,13,0,19,0
Ryan Renick,22838,TE,TEXAS A&M,2,76.9,0,312,62.8,34.4,54.2,0,0,0,0.0,0.0,,0,0,0,20,0,0,0,26,0,6,0,0,20,25
Tony Gray,59870,T,OLE MISS,3,100.0,0,226,58.3,34.6,61.9,0,1,7,100.0,100.0,92.9,0,1,0,20,0,0,0,20,7,7,0,20,13,0
Patrick Ballard,84468,WR,UNLV,4,60.6,0,325,50.6,,60.5,0,0,0,0.0,0.0,,1,0,0,20,0,0,0,33,0,13,0,0,20,0
Ethan Wiederkehr,59969,T,NWESTERN,2,100.0,0,256,37.7,14.0,53.2,1,1,16,100.0,100.0,87.5,0,3,1,20,0,0,0,20,17,17,3,17,3,0
Daevon Vigilant,40173,HB,NEW MEXICO,9,24.7,0,241,70.3,54.8,59.3,0,0,10,38.5,37.9,100.0,0,0,0,20,0,0,0,81,11,29,0,0,9,0
Tyler Beach,60252,T,WISCONSIN,3,100.0,0,349,78.8,68.0,76.1,0,0,1,100.0,100.0,100.0,0,0,0,20,0,0,20,20,1,1,0,0,19,0
Cameron Jackel,60144,G,TULANE,3,100.0,0,319,54.0,77.6,52.2,0,0,5,100.0,100.0,100.0,0,0,0,20,0,13,0,20,5,5,7,0,15,0
Jocquez Bruce,33038,WR,MIDDLE TN,9,28.6,0,224,60.3,,60.4,0,0,0,0.0,0.0,,0,0,0,20,0,0,0,70,0,47,0,0,20,0
Brady McBride,77641,QB,MEMPHIS,3,45.5,0,218,41.6,,60.0,0,0,0,0.0,0.0,,0,0,0,20,0,0,0,44,0,18,0,0,20,0
Mike Dudek,28753,WR,ILLINOIS,1,38.8,0,187,78.6,,88.8,0,0,0,0.0,0.0,,0,0,0,19,0,0,0,49,0,29,0,0,19,0
Tyler Watson,45280,G,WAKE,4,100.0,0,339,64.7,69.8,63.9,0,0,1,100.0,100.0,100.0,0,0,0,19,0,19,0,19,1,1,0,0,18,0
Michael Smith Jr.,44098,G,E MICHIGAN,3,100.0,0,160,84.4,70.6,83.0,0,0,1,100.0,100.0,100.0,0,0,0,19,0,19,0,19,1,1,0,0,18,0
Steven Bailey,41462,C,ARIZONA,4,100.0,0,109,62.4,73.6,60.9,0,0,3,100.0,100.0,100.0,0,0,0,19,19,0,0,19,3,3,0,0,16,0
Carter Groomes,42204,WR,CLEMSON,5,65.5,0,140,46.8,,60.8,0,0,0,0.0,0.0,,0,0,0,19,0,0,0,29,0,10,0,0,19,0
Tre'Veon Hamilton,61421,WR,MEMPHIS,3,86.4,0,218,58.4,,62.2,0,0,0,0.0,0.0,,0,0,0,19,0,0,0,22,0,3,0,0,19,0
Javon Thomas,35356,HB,TULSA,3,34.5,0,320,73.8,33.3,58.8,0,2,16,66.7,66.7,87.5,0,3,1,19,0,0,0,55,16,24,0,0,3,0
Lyn-J Dixon,77712,HB,CLEMSON,12,17.8,0,140,83.2,41.7,49.3,1,0,8,22.9,22.9,93.7,0,1,0,19,0,0,0,107,8,35,0,0,11,0
Chance Bell,57396,HB,S DIEGO ST,5,22.4,0,284,68.9,82.4,57.7,0,0,13,38.2,36.6,100.0,0,0,0,19,0,0,0,85,15,41,0,0,4,0
Demario McCall,28012,HB,OHIO STATE,8,27.1,0,260,66.7,79.6,56.2,0,0,7,14.6,14.0,100.0,0,0,0,19,0,0,0,70,7,50,0,0,12,0
Anthony Palazzolo,37175,G,BOSTON COL,1,100.0,0,121,74.8,79.1,74.0,0,0,7,100.0,100.0,100.0,0,0,0,19,0,19,0,19,7,7,0,0,12,0
Connor Haller,42980,TE,UTAH,7,79.2,0,328,63.6,65.2,54.7,0,0,1,16.7,16.7,100.0,0,0,0,19,0,0,0,24,1,6,0,0,18,17
Noah Jordan-Williams,61175,WR,BOSTON COL,2,59.4,0,121,73.4,,55.5,0,0,0,0.0,0.0,,0,0,0,19,0,0,0,32,0,13,0,0,19,0
Treveon Johnson,76587,WR,SMU,5,51.4,0,287,61.8,,62.6,0,0,0,0.0,0.0,,0,0,0,19,0,0,0,37,0,18,0,0,19,0
K.K. Hahn,42034,WR,SYRACUSE,4,86.4,0,304,58.2,,60.0,0,0,0,0.0,0.0,,0,0,0,19,0,0,0,22,0,3,0,0,19,0
Jovany Ruiz-Navarro,78055,WR,BUFFALO,3,100.0,0,126,60.1,,59.4,0,0,0,,,,0,0,0,19,0,0,0,19,0,0,0,0,19,0
Octavius Evans,61172,WR,BOISE ST,5,51.4,0,120,54.9,,61.2,0,0,0,0.0,0.0,,0,0,0,19,0,0,0,37,0,18,0,0,19,0
Maurice McIntyre,77365,G,DUKE,2,100.0,0,154,70.7,73.8,69.5,0,0,2,100.0,100.0,100.0,0,0,0,19,0,0,0,19,2,2,19,0,17,0
Fred Lloyd Jr.,52300,TE,USF,4,90.5,0,327,57.0,69.1,56.3,0,0,4,66.7,66.7,100.0,0,0,0,19,0,0,0,21,4,6,0,0,15,19
Curtis Hodges,61137,WR,ARIZONA ST,6,41.3,0,110,65.6,,78.6,0,0,0,0.0,0.0,,0,0,0,19,0,0,0,46,0,27,0,0,19,1
Jusstis Warren,50295,TE,WASHINGTON,9,79.2,0,340,51.7,,49.7,0,0,0,0.0,0.0,,0,0,0,19,0,0,0,24,0,5,0,0,19,9
Isiah Pacheco,83747,HB,RUTGERS,11,11.9,0,278,67.3,39.7,57.8,0,2,10,27.8,28.2,90.0,0,2,0,19,0,0,0,160,11,39,0,0,8,0
Tracin Wallace,60507,WR,OKLA STATE,2,70.4,0,262,56.5,,60.6,0,0,0,0.0,0.0,,0,0,0,19,0,0,0,27,0,8,0,0,19,0
Danny Vanden Boom,60612,QB,WISCONSIN,3,95.0,0,349,73.7,,60.0,0,0,0,0.0,0.0,,0,0,0,19,0,0,0,20,0,1,0,0,19,0
Will Jones,57154,HB,BALL ST,7,28.8,0,117,51.8,16.7,59.2,1,1,15,39.5,39.0,86.7,0,3,1,19,0,0,0,66,16,41,0,0,3,0
Randrecous Davis,40001,WR,S CAROLINA,7,39.6,0,289,63.6,,60.5,0,0,0,0.0,0.0,,0,0,0,19,0,0,0,48,0,29,0,0,19,0
Cameron Bent,61204,WR,CHARLOTTE,6,63.3,0,136,54.2,,62.7,0,0,0,0.0,0.0,,0,0,0,19,0,0,0,30,0,9,0,0,19,0
Tanner Matthews,58018,T,NAVY,1,100.0,0,237,75.0,,73.3,0,0,0,,,,0,0,0,19,0,0,11,19,0,0,0,8,19,0
Trevor Hohlt,61161,WR,BALL ST,6,38.8,0,117,61.6,,61.2,0,0,0,0.0,0.0,,0,0,0,19,0,0,0,49,0,30,0,0,19,0
Keondre Wudtee,40367,QB,OKLA STATE,2,52.8,0,262,75.2,,60.0,0,0,0,0.0,0.0,,0,0,0,19,0,0,0,36,0,10,0,0,19,0
Elijah Mack,41078,HB,USF,2,50.0,0,327,53.9,60.4,60.0,0,1,17,77.3,77.3,97.1,0,1,0,19,0,0,0,38,17,22,0,0,2,0
Darius Philon,84181,WR,FIU,4,61.3,0,166,55.3,,61.7,0,0,0,0.0,0.0,,0,0,0,19,0,0,0,31,0,12,0,0,19,0
James Cook,83666,HB,GEORGIA,13,21.6,0,173,72.0,72.6,46.7,0,0,1,3.4,3.4,100.0,2,0,0,19,0,0,0,88,1,29,0,0,18,6
Hassan Beydoun,78185,WR,E MICHIGAN,5,76.0,0,160,56.5,,58.8,0,0,0,0.0,0.0,,0,0,0,19,0,0,0,25,0,6,0,0,19,0
Walker Reed,41122,T,OKLA STATE,2,100.0,0,262,60.5,70.1,58.9,0,0,4,100.0,100.0,100.0,0,0,0,19,0,0,0,19,4,4,0,19,15,0
Manny Miles,33924,QB,N CAROLINA,1,79.2,0,245,57.8,,60.0,0,0,0,0.0,0.0,,0,0,0,19,0,0,0,24,0,5,0,0,19,0
Thomas Ruocchio,42329,TE,NC STATE,5,95.0,0,248,56.7,76.8,55.5,0,0,2,66.7,66.7,100.0,0,0,0,19,0,0,0,20,2,3,0,0,17,12
Foster Sarell,52272,G,STANFORD,3,100.0,0,300,58.5,76.8,55.0,0,0,9,100.0,100.0,100.0,1,0,0,19,0,16,0,19,10,10,0,0,9,3
Dylan McCaffrey,60451,QB,MICHIGAN,6,40.4,0,222,91.7,,60.0,0,0,0,0.0,0.0,,0,0,0,19,0,0,0,47,0,21,0,0,19,0
George Campbell,34785,WR,FLORIDA ST,6,37.5,0,167,66.6,,73.5,0,0,0,0.0,0.0,,0,0,0,18,0,0,0,48,0,30,0,0,18,0
Sam Allan,59782,G,KENT STATE,3,100.0,0,201,50.1,74.9,48.4,0,0,5,100.0,100.0,100.0,0,0,0,18,0,13,0,18,5,5,5,0,13,0
Davyn Flenord,61638,WR,S ALABAMA,6,58.1,0,288,62.8,,61.5,0,0,0,0.0,0.0,,0,0,0,18,0,0,0,31,0,13,0,0,18,0
LC Greenwood,61580,WR,OKLA STATE,4,50.0,0,262,52.4,,62.8,0,0,0,0.0,0.0,,0,0,0,18,0,0,0,36,0,18,0,0,18,0
Jake Stover,59739,G,ILLINOIS,4,100.0,0,187,71.8,77.9,69.2,0,0,7,100.0,100.0,100.0,0,0,0,18,5,2,0,18,7,7,11,0,11,0
Jake Haener,60596,QB,WASHINGTON,4,52.9,0,340,70.0,,60.0,0,0,0,0.0,0.0,,0,0,0,18,0,0,0,34,0,14,0,0,18,0
Kene Nwangwu,40547,HB,IOWA STATE,10,20.5,0,193,68.8,34.6,59.6,0,0,7,20.6,19.4,85.7,0,1,1,18,0,0,0,88,7,36,0,0,11,0
Hunter Hill,41216,WR,MEMPHIS,4,66.7,0,218,54.6,,61.2,0,0,0,0.0,0.0,,0,0,0,18,0,0,0,27,0,9,0,0,18,0
Matthew Hill,84138,WR,AUBURN,3,75.0,0,115,49.0,,60.0,0,0,0,0.0,0.0,,0,0,0,18,0,0,0,24,0,4,0,0,18,0
Shaun Shivers,83634,HB,AUBURN,13,16.7,0,115,78.4,71.1,57.8,0,0,1,5.9,5.3,100.0,0,0,0,18,0,0,0,108,1,19,0,0,17,0
Jordan Rhodes,60062,G,S CAROLINA,3,100.0,0,289,76.0,78.1,75.3,0,0,6,100.0,100.0,100.0,0,0,0,18,0,1,0,18,6,6,17,0,12,0
Grant Miller,60200,C,VANDERBILT,2,100.0,0,333,64.2,77.1,61.8,0,0,4,100.0,100.0,100.0,0,0,0,18,18,0,0,18,6,6,0,0,12,0
Jalen Martin,42097,WR,IOWA STATE,4,90.0,0,193,58.7,,62.1,0,0,0,0.0,0.0,,0,0,0,18,0,0,0,20,0,2,0,0,18,0
Isaac Stiebeling,41520,QB,E MICHIGAN,4,54.5,0,160,67.1,,60.0,0,0,0,0.0,0.0,,0,0,0,18,0,0,0,33,0,3,0,0,18,0
Dominic Johnson,41594,QB,BUFFALO,6,66.7,0,126,48.7,,60.0,0,0,0,0.0,0.0,,1,0,0,18,0,0,0,27,0,2,0,0,18,0
Drayton Arnold,40050,QB,DOMINION,2,85.7,0,263,60.4,,60.0,0,0,0,0.0,0.0,,0,0,0,18,0,0,0,21,0,3,0,0,18,0
Eric Seidelman,77406,C,UCF,2,100.0,0,323,53.3,71.8,59.8,0,0,2,100.0,100.0,100.0,1,0,0,18,18,0,0,18,2,2,0,0,16,0
Sean Nelson,61414,WR,MARYLAND,7,94.7,0,215,59.5,,60.8,0,0,0,,0.0,,0,0,0,18,0,0,0,19,0,1,0,0,18,0
James Noble III,39594,HB,UAB,8,40.0,0,321,71.7,78.3,57.2,0,0,4,50.0,50.0,100.0,0,0,0,18,0,0,0,45,4,8,0,0,14,0
Jon Jacobs,45394,G,ARIZONA,3,100.0,0,109,69.0,74.8,68.0,0,0,3,100.0,100.0,100.0,0,0,0,18,0,1,0,18,3,3,17,0,15,0
Devonte Lee,83721,HB,NEVADA,11,20.2,0,239,66.2,76.6,58.6,0,0,7,21.9,21.2,100.0,0,0,0,18,0,0,0,89,7,33,0,0,11,0
Kinte Hatton,45369,WR,HOUSTON,3,50.0,0,182,61.3,,60.9,0,0,0,0.0,0.0,,0,0,0,18,0,0,0,36,0,17,0,0,18,0
Cleveland Reed Jr.,77379,G,MIAMI FL,2,100.0,0,220,56.0,77.5,54.5,0,0,5,100.0,100.0,100.0,0,0,0,18,0,0,0,18,5,5,18,0,13,0
Sean McGrew,40698,HB,WASHINGTON,13,16.7,0,340,78.0,77.9,66.0,0,0,6,13.0,12.8,100.0,0,0,0,18,0,0,0,108,6,47,0,0,12,0
Rasheed Walker,81798,T,PENN STATE,3,100.0,0,266,56.5,29.6,59.8,1,0,5,100.0,100.0,90.0,0,1,0,18,0,0,18,18,5,5,0,0,13,0
Prince Micheal Sammons,41531,T,AUBURN,2,100.0,0,115,59.8,69.9,58.4,0,0,2,100.0,100.0,100.0,0,0,0,18,0,0,18,18,2,2,0,0,16,0
Edgar Burrola,58486,T,ARIZONA,3,100.0,0,109,60.8,74.0,58.8,0,0,3,100.0,100.0,100.0,0,0,0,18,0,0,1,18,3,3,0,17,15,0
Tyler DeSue,82149,QB,MARYLAND,3,69.2,0,215,65.6,,60.0,0,0,0,0.0,0.0,,0,0,0,18,0,0,0,26,0,3,0,0,18,0
Trey Gallman,28948,TE,LSU,3,90.0,0,211,63.9,65.4,64.7,0,0,1,33.3,33.3,100.0,0,0,0,18,0,0,0,20,1,3,0,0,17,18
Tyjon Lindsey,61489,WR,NEBRASKA,4,34.6,0,238,59.3,,77.6,0,0,0,0.0,0.0,,1,0,0,18,0,0,0,52,0,32,0,0,18,0
Matt McDonald,60350,QB,BOSTON COL,2,64.3,0,121,76.9,,60.0,0,0,0,0.0,0.0,,0,0,0,18,0,0,0,28,0,9,0,0,18,0
Marquez Ezzard,78017,WR,MIAMI FL,3,56.3,0,220,62.0,,61.3,0,0,0,0.0,0.0,,0,0,0,18,0,0,0,32,0,14,0,0,18,0
Quantino Allen,52146,WR,OREGON ST,4,45.0,0,265,59.5,,61.9,0,0,0,0.0,0.0,,0,0,0,18,0,0,0,40,0,22,0,0,18,0
Cole Kirby,59863,T,MIDDLE TN,2,100.0,0,224,48.6,70.5,48.8,0,0,1,100.0,100.0,100.0,0,0,0,18,0,0,17,18,2,2,0,0,16,0
Yanez Rogers,78039,WR,CINCINNATI,3,72.0,0,138,57.6,,62.4,0,0,0,0.0,0.0,,0,0,0,18,0,0,0,25,0,7,0,0,18,0
Major Tennison,60837,TE,ALABAMA,4,94.7,0,103,58.8,,60.3,0,0,0,0.0,0.0,,0,0,0,18,0,0,0,19,0,1,0,0,18,17
Rhett Myers,60831,TE,AIR FORCE,5,90.0,0,101,57.0,64.6,56.4,0,0,0,0.0,33.3,,0,0,0,18,0,0,0,20,1,3,0,0,17,10
Jonathan Femi-Cole,35333,HB,MINNESOTA,8,40.9,0,225,63.5,68.1,59.6,0,0,8,29.6,32.1,100.0,0,0,0,18,0,0,0,44,9,28,0,0,9,0
Connor Adair,60445,QB,MEMPHIS,2,81.0,0,218,72.5,,60.0,0,0,0,0.0,0.0,,0,0,0,17,0,0,0,21,0,3,0,0,17,0
Sam James,78123,WR,W VIRGINIA,4,39.5,0,343,49.2,,62.0,0,0,0,0.0,0.0,,0,0,0,17,0,0,0,43,0,26,0,0,17,0
Will Gilchrist,78349,T,MIDDLE TN,3,100.0,0,224,65.7,65.9,64.3,0,0,1,100.0,100.0,100.0,0,0,0,17,0,0,11,17,1,1,0,6,16,0
Will Webster,54536,G,COAST CAR,2,100.0,0,141,55.5,54.8,55.1,0,0,5,100.0,100.0,100.0,0,0,0,17,0,5,0,17,5,5,12,0,12,0
Theo Anderson,44712,HB,BUFFALO,6,43.6,0,126,61.4,74.4,57.3,0,0,2,33.3,33.3,100.0,0,0,0,17,0,0,0,39,2,6,0,0,15,0
Isaiah King,55037,WR,BUFFALO,8,58.6,0,126,64.6,,63.2,0,0,0,0.0,0.0,,0,0,0,17,0,0,0,29,0,8,0,0,17,1
John Michael Schmitz Jr.,55238,C,MINNESOTA,5,100.0,0,225,74.2,68.5,70.6,0,0,1,100.0,100.0,100.0,0,0,0,17,15,0,0,17,1,1,0,0,16,1
Demontrez Brown,84455,WR,TROY,4,54.8,0,318,46.7,,58.9,0,0,0,0.0,0.0,,0,0,0,17,0,0,0,31,0,14,0,0,17,1
Will Hardin,40018,G,APP STATE,1,100.0,0,108,67.6,75.7,66.5,0,0,3,100.0,100.0,100.0,0,0,0,17,0,0,0,17,3,3,17,0,14,0
Jordan Brooks-Wess,78061,WR,SMU,3,63.0,0,287,64.3,,61.0,0,0,0,0.0,0.0,,0,0,0,17,0,0,0,27,0,10,0,0,17,0
Cade Sutherland,61636,WR,S ALABAMA,8,29.3,0,288,56.5,,61.0,0,0,0,0.0,0.0,,0,0,0,17,0,0,0,58,0,39,0,0,17,0
Trent Kelley,58515,T,AUBURN,2,100.0,0,115,60.1,65.9,59.2,0,0,1,100.0,100.0,100.0,0,0,0,17,0,0,0,17,1,1,0,17,16,0
Jonah Fitzgerald,83535,QB,DOMINION,1,77.3,0,263,55.3,,60.0,0,0,0,0.0,0.0,,0,0,0,17,0,0,0,22,0,5,0,0,17,0
Griffin McDowell,81633,C,FLORIDA,2,100.0,0,163,47.7,,49.7,0,0,0,,,,0,0,0,17,10,7,0,17,0,0,0,0,17,0
Jake Baker,60136,C,TROY,1,100.0,0,318,59.3,77.4,56.7,0,0,9,100.0,100.0,100.0,0,0,0,17,17,0,0,17,9,9,0,0,8,0
Jacob Webb,59654,T,CHARLOTTE,3,100.0,0,136,60.7,74.3,58.2,0,0,4,100.0,100.0,100.0,0,0,0,17,0,0,0,17,4,4,0,17,13,0
Andrew Van Buren,83636,HB,BOISE ST,12,28.3,0,120,71.2,74.7,58.2,0,0,2,22.2,27.3,100.0,0,0,0,17,0,0,0,60,3,11,0,0,14,0
Jordan McFadden,77578,T,CLEMSON,3,100.0,0,140,81.6,75.7,80.1,0,0,7,100.0,100.0,100.0,0,0,0,17,0,0,0,17,7,7,0,17,10,0
Peyton Backer,59706,G,GA SOUTHRN,4,100.0,0,174,81.3,,81.0,0,0,0,,,,0,0,0,17,0,10,0,17,0,0,0,0,17,5
Prather Hudson,40617,HB,GEORGIA,11,43.6,0,173,74.0,69.8,60.0,0,0,1,14.3,14.3,100.0,0,0,0,17,0,0,0,39,1,7,0,0,16,0
David Bailey,77792,HB,BOSTON COL,6,18.9,0,121,59.1,76.6,57.2,0,0,5,25.0,25.0,100.0,0,0,0,17,0,0,0,90,5,20,0,0,12,0
Eli Johnson,40824,C,OLE MISS,3,100.0,0,226,57.6,72.4,57.3,0,0,2,100.0,100.0,100.0,1,0,0,17,17,0,0,17,2,2,0,0,15,0
Conor Brumfield,36012,TE,KENT STATE,3,81.0,0,201,54.7,,54.5,0,0,0,0.0,0.0,,0,0,0,17,0,0,0,21,0,4,0,0,17,11
Bubba Hudson,60134,T,TROY,1,100.0,0,318,60.5,80.6,67.4,0,0,9,100.0,100.0,100.0,1,0,0,17,0,0,17,17,9,9,0,0,8,0
Max Thrower,42335,TE,N ILLINOIS,3,81.0,0,254,48.0,30.1,54.0,1,0,4,50.0,50.0,87.5,0,1,0,17,0,0,0,21,4,8,0,0,13,15
Grant Betts,81870,T,TROY,1,100.0,0,318,63.9,78.2,59.3,0,0,9,100.0,100.0,100.0,0,0,0,17,0,0,0,17,9,9,0,17,8,0
Hamilton Hawthorne II,81871,G,TROY,1,100.0,0,318,78.4,79.1,78.6,0,0,9,100.0,100.0,100.0,0,0,0,17,0,0,0,17,9,9,17,0,8,0
Sean Clifford,51708,QB,PENN STATE,4,56.7,0,266,90.3,,60.1,0,0,0,0.0,0.0,,0,0,0,17,0,0,0,30,0,11,0,0,17,0
Oakley Lavallii,40522,FB,C MICHIGAN,9,94.4,0,134,59.2,70.0,59.6,0,0,1,50.0,50.0,100.0,0,0,0,17,0,0,0,18,1,2,0,0,16,11
Chris Gajcak,33826,WR,INDIANA,3,85.0,0,190,57.6,,61.0,0,0,0,0.0,0.0,,0,0,0,17,0,0,0,20,0,3,0,0,17,0
Dillan Gibbons,59981,G,NOTRE DAME,4,100.0,0,258,46.4,74.1,53.1,0,0,2,100.0,100.0,100.0,1,0,0,17,0,8,0,17,2,2,9,0,15,0
Carter Selzer,60959,TE,MICHIGAN,3,94.4,0,222,52.5,,54.4,0,0,0,0.0,0.0,,0,0,0,17,0,0,0,18,0,1,0,0,17,18
Netori Johnson,59702,G,GEORGIA,4,100.0,0,173,62.4,76.4,61.1,0,0,3,100.0,100.0,100.0,0,0,0,17,0,0,0,17,3,3,17,0,14,0
Powers Warren,60964,TE,MISS STATE,5,100.0,0,227,65.0,,64.4,0,0,0,,,,0,0,0,17,0,0,0,17,0,0,0,0,17,13
Matt Considine,55448,QB,WAKE,2,89.5,0,339,86.1,,60.0,0,0,0,0.0,0.0,,0,0,0,17,0,0,0,19,0,2,0,0,17,0
James Magee,59827,T,MARSHALL,8,94.4,0,214,48.2,,60.0,0,0,0,0.0,0.0,,1,0,0,17,0,0,0,18,0,1,0,5,17,13
Andre Pegues,77938,WR,E CAROLINA,1,70.8,0,156,56.8,,62.2,0,0,0,0.0,0.0,,0,0,0,17,0,0,0,24,0,7,0,0,17,0
Kyle Trask,39987,QB,FLORIDA,4,37.0,0,163,64.7,,60.1,0,0,0,0.0,0.0,,0,0,0,17,0,0,0,46,0,24,0,0,17,0
Shaun Beyer,40860,TE,IOWA,4,69.6,0,192,46.2,,50.7,0,0,0,0.0,0.0,,1,0,0,16,0,0,0,23,0,7,0,0,16,21
Luke Endsley,61157,WR,BALL ST,4,64.0,0,117,71.8,,62.6,0,0,0,0.0,0.0,,0,0,0,16,0,0,0,25,0,9,0,0,16,0
Jackson Tyner,36073,QB,RICE,4,42.1,0,275,46.4,,60.0,0,0,0,0.0,0.0,,0,0,0,16,0,0,0,38,0,21,0,0,16,0
Grant Pease,82004,T,STANFORD,2,100.0,0,300,63.8,77.9,60.1,0,0,7,100.0,100.0,100.0,0,0,0,16,0,0,16,16,7,7,0,0,9,0
Isaiah Floyd,83612,HB,ARIZONA ST,12,15.5,0,110,68.8,33.9,72.3,1,1,10,19.6,20.8,90.0,0,2,0,16,0,0,0,103,11,53,0,0,5,0
Griffin Hebert,61382,WR,LA TECH,4,45.7,0,208,50.8,,55.7,0,0,0,0.0,0.0,,0,0,0,16,0,0,0,35,0,19,0,0,16,1
Troy Elliott,41386,T,ARK STATE,2,94.1,0,113,51.9,30.7,56.9,0,1,3,75.0,75.0,83.3,0,1,0,16,0,0,3,17,3,4,0,0,13,11
Perry Carter,61384,WR,LA MONROE,4,55.2,0,209,82.8,,78.6,0,0,0,0.0,0.0,,0,0,0,16,0,0,0,29,0,13,0,0,16,0
Bronson Dovich,36878,G,MINNESOTA,4,100.0,0,225,75.8,68.2,75.0,0,0,1,100.0,100.0,100.0,0,0,0,16,0,15,0,16,1,1,0,0,15,0
Ryan Meneely,36962,G,AUBURN,3,100.0,0,115,43.5,,43.2,0,0,0,,,,0,0,0,16,0,6,0,16,0,0,10,0,16,0
Kingston Davis,27304,HB,UAB,3,28.1,0,321,60.9,80.6,57.7,0,0,8,29.6,29.6,100.0,0,0,0,16,0,0,0,57,8,27,0,0,8,0
A.J. Turner,28484,HB,S CAROLINA,8,11.7,0,289,73.5,14.2,55.5,1,0,6,7.9,8.9,91.7,0,1,0,16,0,0,0,137,7,79,0,0,9,0
Gunner Javernick,60902,TE,FRESNO ST,6,88.9,0,169,76.3,,78.3,0,0,0,0.0,0.0,,0,0,0,16,0,0,0,18,0,2,0,0,16,18
Jace Ruder,77680,QB,N CAROLINA,1,66.7,0,245,88.5,,60.1,0,0,0,0.0,0.0,,0,0,0,16,0,0,0,24,0,6,0,0,16,0
Maurice Burkley,57276,FB,LOUISVILLE,8,76.2,0,210,50.3,21.3,54.5,0,0,3,37.5,37.5,66.7,0,1,1,16,0,0,0,21,3,8,0,0,13,2
Ryan Watercutter,28662,TE,INDIANA,3,64.0,0,190,61.3,68.5,71.2,0,0,2,18.2,18.2,100.0,0,0,0,16,0,0,0,25,2,11,0,0,14,18
Jarrett Patterson,81775,T,NOTRE DAME,3,100.0,0,258,59.4,75.3,57.5,0,0,2,100.0,100.0,100.0,0,0,0,16,0,0,16,16,2,2,0,0,14,0
Mandela Lawrence-Burke,43352,WR,KENT STATE,3,51.6,0,201,55.3,,62.7,0,0,0,0.0,0.0,,0,0,0,16,0,0,0,31,0,15,0,0,16,0
Chris Turner,35467,TE,LA LAFAYET,5,88.9,0,207,83.8,66.4,68.1,0,0,1,33.3,33.3,100.0,0,0,0,16,0,0,1,18,1,3,0,0,15,15
Maleek Williams,57138,HB,ARKANSAS,7,30.8,0,111,66.5,52.8,58.2,0,0,7,43.8,50.0,100.0,0,0,0,16,0,0,0,52,9,18,0,0,7,0
Justin Henderson,78560,HB,LA TECH,6,21.6,0,208,56.6,70.8,54.7,0,1,12,29.3,28.6,95.8,0,1,0,16,0,0,0,74,12,42,0,0,4,0
Griffin Sestili,60112,C,TEMPLE,2,100.0,0,306,55.0,72.7,55.3,0,0,2,100.0,100.0,100.0,0,0,0,16,16,0,0,16,2,2,0,0,14,0
Keidren Davis,41215,TE,BALL ST,3,69.6,0,117,49.6,67.3,51.7,0,0,1,12.5,12.5,100.0,1,0,0,16,0,0,0,23,1,8,0,0,15,18
Mason Barta,57056,FB,KANSAS ST,8,100.0,0,199,61.1,60.5,60.3,0,0,2,100.0,100.0,100.0,0,0,0,16,0,0,0,16,2,2,0,0,14,0
Cole Murphy,61615,WR,RUTGERS,3,88.9,0,278,58.4,,58.5,0,0,0,0.0,0.0,,0,0,0,16,0,0,0,18,0,2,0,0,16,0
Pat Hughes,84264,WR,LA LAFAYET,2,84.2,0,207,52.8,,60.7,0,0,0,0.0,0.0,,1,0,0,16,0,0,0,19,0,3,0,0,16,0
Shane Hooks,78198,WR,OHIO,4,51.6,0,259,41.8,,62.9,0,0,0,0.0,0.0,,0,0,0,16,0,0,0,31,0,15,0,0,16,0
Jyaire Shorter,84337,WR,N TEXAS,2,64.0,0,251,63.6,,61.0,0,0,0,0.0,0.0,,0,0,0,16,0,0,0,25,0,9,0,0,16,0
Joel Honigford,59851,G,MICHIGAN,2,100.0,0,222,58.6,40.7,59.1,0,1,5,100.0,100.0,90.0,0,1,0,16,0,0,0,16,5,5,16,0,11,0
Simi Fehoko,84424,WR,STANFORD,4,27.6,0,300,51.7,,77.1,0,0,0,0.0,0.0,,1,0,0,16,0,0,0,58,0,42,0,0,16,0
Kyle Porter,40304,HB,TEXAS,4,48.5,0,311,58.4,63.1,66.4,0,1,5,26.3,27.3,90.0,0,1,0,16,0,0,0,33,6,22,0,0,10,0
Robert Muschamp,39477,FB,AUBURN,3,84.2,0,115,65.2,,66.9,0,0,0,0.0,0.0,,0,0,0,16,0,0,0,19,0,3,0,0,16,1
Ugo Obasi,78005,WR,VIRGINIA,10,39.0,0,335,52.9,,62.0,0,0,0,0.0,0.0,,0,0,0,16,0,0,0,41,0,25,0,0,16,0
Jehlani Galloway,77971,WR,BOSTON COL,2,69.6,0,121,56.0,,60.1,0,0,0,0.0,0.0,,0,0,0,16,0,0,0,23,0,7,0,0,16,1
Gabe Lloyd,41263,TE,WISCONSIN,3,88.9,0,349,47.5,,49.7,0,0,0,0.0,0.0,,0,0,0,16,0,0,0,18,0,2,0,0,16,17
Ethan Watson,86863,T,USF,1,100.0,0,327,59.5,54.9,60.1,0,1,11,100.0,100.0,95.5,0,1,0,16,0,0,0,16,11,11,0,16,5,0
Sebastian Sainterling,86864,G,USF,1,100.0,0,327,63.0,80.1,59.7,0,0,11,100.0,100.0,100.0,0,0,0,16,0,0,0,16,11,11,16,0,5,0
Keevon Harris,45471,WR,OHIO,3,84.2,0,259,57.2,,60.1,0,0,0,0.0,0.0,,0,0,0,16,0,0,0,19,0,3,0,0,16,0
Parker Wilson,45786,HB,AIR FORCE,1,76.2,0,101,68.4,77.3,62.2,0,0,3,100.0,100.0,100.0,0,0,0,16,0,0,0,21,3,3,0,0,13,0
Lavel Dumont,77512,T,TOLEDO,1,100.0,0,316,61.3,79.8,57.3,0,0,5,100.0,100.0,100.0,0,0,0,16,0,0,0,16,5,5,0,16,11,0
Des Holmes,60017,T,PENN STATE,3,100.0,0,266,65.2,81.5,61.1,0,0,4,100.0,100.0,100.0,0,0,0,16,0,0,16,16,5,5,0,0,11,0
Travis O'Connor,39903,WR,MISS STATE,3,88.9,0,227,51.9,,44.6,0,0,0,0.0,0.0,,0,0,0,16,0,0,0,18,0,2,0,0,16,0
Zy'Aire Hughes,42291,WR,KENTUCKY,8,44.4,1,202,59.6,,44.7,0,0,0,0.0,0.0,,2,0,0,16,0,0,0,36,0,20,0,0,16,0
LaBaron Anthony,46561,QB,GA SOUTHRN,5,93.8,0,174,33.0,,60.0,0,0,0,,,,0,0,0,15,0,0,0,16,0,0,0,0,15,0
Jerome Buckner,78200,WR,OHIO,3,41.7,0,259,73.6,,61.2,0,0,0,0.0,0.0,,0,0,0,15,0,0,0,36,0,21,0,0,15,0
Brandon Peters,40416,QB,MICHIGAN,5,78.9,0,222,61.1,,60.0,0,0,0,0.0,0.0,,0,0,0,15,0,0,0,19,0,2,0,0,15,0
Anthony Mariscal,25515,HB,ARIZONA,8,34.1,0,109,59.8,59.2,48.1,0,0,3,25.0,26.7,100.0,0,0,0,15,0,0,0,44,4,15,0,0,11,2
Matthew McKay,60485,QB,NC STATE,6,40.5,0,248,61.2,,60.0,0,0,0,0.0,0.0,,0,0,0,15,0,0,0,37,0,14,0,0,15,0
Yusuf Ali,78841,WR,MIDDLE TN,6,83.3,0,224,69.5,,82.1,0,0,0,0.0,0.0,,0,0,0,15,0,0,0,18,0,3,0,0,15,2
Andre Hunt,84323,WR,NEBRASKA,2,65.2,0,238,41.0,,60.9,0,0,0,0.0,0.0,,1,0,0,15,0,0,0,23,0,8,0,0,15,0
Geordon Porter,84112,WR,ARIZONA ST,2,57.7,0,110,54.7,,63.0,0,0,0,0.0,0.0,,0,0,0,15,0,0,0,26,0,11,0,0,15,0
Ben Putman,84331,WR,NEVADA,2,35.7,0,239,75.8,,78.4,0,0,0,0.0,0.0,,0,0,0,15,0,0,0,42,0,27,0,0,15,0
Donald Stewart,42035,WR,STANFORD,3,51.7,0,300,52.5,,63.0,0,0,0,0.0,0.0,,0,0,0,15,0,0,0,29,0,14,0,0,15,0
Phelps Gambill,81589,G,AUBURN,2,100.0,0,115,55.5,,55.7,0,0,0,,,,0,0,0,15,7,0,0,15,0,0,8,0,15,0
Jacques Guillot,56453,HB,TCU,9,83.3,0,305,68.3,,70.3,0,0,0,,,,0,0,0,15,0,0,0,18,0,0,0,0,15,0
Jason Moore,58523,T,BAYLOR,2,100.0,0,118,54.7,78.7,52.2,0,0,4,100.0,100.0,100.0,0,0,0,15,0,7,8,15,4,4,0,0,11,0
Simino Walden,41094,WR,MARSHALL,4,75.0,0,214,68.4,,57.3,0,0,0,0.0,0.0,,0,0,0,15,0,0,0,20,0,5,0,0,15,0
Mike Evans,83928,TE,APP STATE,5,93.8,0,108,57.3,,57.7,0,0,0,0.0,0.0,,0,0,0,15,0,0,0,16,0,1,0,0,15,16
Max May,78024,WR,CLEMSON,4,88.2,0,140,58.2,,62.3,0,0,0,0.0,0.0,,0,0,0,15,0,0,0,17,0,2,0,0,15,0
Taiwan Deal,30651,HB,WISCONSIN,12,12.8,0,349,90.8,72.0,58.0,0,0,3,15.0,14.3,100.0,0,0,0,15,0,0,0,117,3,21,0,0,12,0
David Fitzwater,40655,TE,TULSA,3,100.0,0,320,56.3,,55.4,0,0,0,,,,0,0,0,15,0,0,0,15,0,0,0,0,15,7
Zac Holman,55951,WR,ILLINOIS,5,93.8,0,187,60.0,,60.6,0,0,0,0.0,0.0,,0,0,0,15,0,0,0,16,0,1,0,0,15,0
Charlie Mangieri,83918,TE,NWESTERN,6,55.6,0,256,47.7,,53.3,0,0,0,0.0,0.0,,0,0,0,15,0,0,0,27,0,12,0,0,15,24
Juma Otoviano,75903,HB,RICE,8,17.6,0,275,69.8,75.2,60.0,0,0,6,60.0,60.0,100.0,1,0,0,15,0,0,0,85,6,10,0,0,9,0
Kwame Etwi,33911,HB,TEXAS A&M,7,27.8,0,312,67.8,64.0,58.3,0,0,7,28.0,26.9,100.0,0,0,0,15,0,0,0,54,7,26,0,0,8,0
Marcus Jones,55717,CB,TROY,3,50.0,0,318,63.5,,58.1,0,0,0,0.0,0.0,,3,0,0,15,0,0,0,30,0,12,0,0,15,2
Jovaughn Gwyn,81839,G,S CAROLINA,1,100.0,0,289,75.6,78.1,74.9,0,0,6,100.0,100.0,100.0,0,0,0,15,0,15,0,15,6,6,0,0,9,0
Andrew Peasley,83581,QB,UTAH ST,3,45.5,0,329,53.3,,60.0,0,0,0,0.0,0.0,,1,0,0,15,0,0,0,33,0,11,0,0,15,0
Mydreon Vines,61225,WR,E CAROLINA,8,13.8,0,156,58.7,,60.3,0,0,0,0.0,0.0,,2,0,0,15,0,0,0,109,0,94,0,0,15,0
Davion Johnson,57295,HB,MIAMI OH,7,27.3,0,221,64.8,69.3,60.0,0,1,10,62.5,66.7,95.0,0,1,0,15,0,0,0,55,12,18,0,0,3,0
James Sriraman,40180,WR,WAKE,6,78.9,0,339,56.6,,60.5,0,0,0,0.0,0.0,,0,0,0,15,0,0,0,19,0,4,0,0,15,0
Tommy Stevens,28301,QB,PENN STATE,6,22.7,0,266,63.7,,59.9,0,0,0,0.0,0.0,,0,0,0,15,0,0,0,66,0,32,0,0,15,0
Lorenz Metz,77486,T,CINCINNATI,2,100.0,0,138,60.7,,60.0,0,0,0,,,,0,0,0,15,0,0,15,15,0,0,0,0,15,0
Chris Brooks,83644,HB,CAL,10,14.4,1,130,68.0,60.5,57.9,0,0,7,11.9,11.9,85.7,1,1,1,15,0,0,0,104,7,59,0,0,8,0
Jake Newborg,36747,G,IOWA,2,100.0,0,192,66.3,77.0,65.0,0,0,5,100.0,100.0,100.0,0,0,0,15,0,4,0,15,6,6,11,0,9,0
M.J. McGriff,40541,WR,AKRON,4,46.9,0,102,46.4,,77.8,0,0,0,0.0,0.0,,0,0,0,15,0,0,0,32,0,17,0,0,15,0
Timothy Scippio,78214,WR,AKRON,7,39.5,0,102,45.3,,44.4,0,0,0,0.0,0.0,,0,0,0,15,0,0,0,38,0,23,0,0,15,0
Tommy Bush,84189,WR,GEORGIA,2,71.4,0,173,60.7,,80.0,0,0,0,0.0,0.0,,0,0,0,15,0,0,0,21,0,6,0,0,15,0
Bailey Hart,40479,WR,S CAROLINA,4,55.6,0,289,53.6,,60.5,0,0,0,0.0,0.0,,0,0,0,15,0,0,0,27,0,11,0,0,15,0
Ahmad Wagner,84249,WR,KENTUCKY,5,44.1,0,202,47.8,,61.6,0,0,0,0.0,0.0,,0,0,0,15,0,0,0,34,0,19,0,0,15,0
Ross Bowers,38380,QB,CAL,1,42.9,0,130,55.0,,60.0,0,0,0,0.0,0.0,,0,0,0,15,0,0,0,35,0,20,0,0,15,0
Eric Bentley,77551,G,AKRON,1,100.0,0,102,60.5,76.8,58.5,0,0,5,100.0,100.0,100.0,0,0,0,14,0,14,0,14,6,6,0,0,8,0
Trace Christian,57190,HB,E CAROLINA,8,17.3,0,156,59.9,55.1,59.0,0,1,10,27.0,27.5,95.0,0,1,0,14,0,0,0,81,11,40,0,0,3,0
Evan Curl,36897,C,KANSAS ST,3,100.0,0,199,51.3,69.7,52.2,0,0,3,100.0,100.0,100.0,0,0,0,14,12,0,0,14,3,3,0,0,11,0
Ronnie Walker Jr.,83681,HB,INDIANA,9,23.3,0,190,57.5,64.6,59.7,0,0,9,40.9,40.9,100.0,0,0,0,14,0,0,0,60,9,22,0,0,5,0
Jaray Sampson,77901,TE,E CAROLINA,3,93.3,0,156,53.0,69.8,53.0,0,0,1,50.0,50.0,100.0,0,0,0,14,0,0,0,15,1,2,0,0,13,15
Drake De Iuliis,61067,TE,VA TECH,2,82.4,0,337,56.4,,58.2,0,0,0,0.0,0.0,,0,0,0,14,0,0,0,17,0,3,0,0,14,10
Harrison Barton,41172,C,SMU,2,100.0,0,287,60.2,76.2,58.9,0,0,4,100.0,100.0,100.0,0,0,0,14,13,0,0,14,4,4,0,0,10,0
Jared Atkinson,25636,WR,BAYLOR,4,45.2,0,118,62.3,,61.8,0,0,0,0.0,0.0,,0,0,0,14,0,0,0,31,0,17,0,0,14,0
Tyreek King-El,57322,FB,NAVY,5,56.0,0,237,56.2,,56.4,0,0,0,0.0,0.0,,0,0,0,14,0,0,0,25,0,8,0,0,14,10
Jake Sopko,39933,QB,CINCINNATI,2,70.0,0,138,72.4,,60.0,0,0,0,0.0,0.0,,0,0,0,14,0,0,0,20,0,1,0,0,14,0
Chase Forrest,28221,QB,CAL,1,46.7,0,130,28.2,,60.0,0,0,0,0.0,0.0,,0,0,0,14,0,0,0,30,0,16,0,0,14,0
Drew Swinney,78023,WR,CLEMSON,4,77.8,0,140,56.8,,61.6,0,0,0,0.0,0.0,,0,0,0,14,0,0,0,18,0,4,0,0,14,0
OrTre' Smith,61646,WR,S CAROLINA,2,45.2,0,289,65.8,,61.8,0,0,0,0.0,0.0,,0,0,0,14,0,0,0,31,0,17,0,0,14,0
Rodney Smith,26306,HB,MINNESOTA,2,24.6,0,225,76.7,81.3,59.2,0,0,10,35.7,35.7,100.0,0,0,0,14,0,0,0,57,10,28,0,0,4,0
Michael Roberts,84128,WR,ARMY,3,93.3,0,114,64.4,,72.6,0,0,0,0.0,0.0,,0,0,0,14,0,0,0,15,0,1,0,0,14,0
Jake Marwede,60879,TE,DUKE,2,77.8,0,154,45.6,,56.7,0,0,0,0.0,0.0,,0,0,0,14,0,0,0,18,0,4,0,0,14,11
Bryson Duckworth,42012,TE,GA STATE,7,45.2,0,175,49.9,66.7,53.5,0,0,2,10.5,10.5,100.0,0,0,0,14,0,0,0,31,2,19,0,0,12,25
David Ducre,36102,TE,LSU,3,100.0,0,211,51.8,32.8,54.1,0,0,2,100.0,100.0,100.0,0,0,0,14,0,0,0,14,2,2,0,0,12,13
Chris Sibilia,55199,T,GA STATE,1,100.0,0,175,52.5,,52.5,0,0,0,,,,0,0,0,14,0,0,0,14,0,0,0,14,14,0
Jordan Austin,27683,G,USC,3,100.0,0,326,60.5,78.3,57.0,0,0,8,100.0,100.0,100.0,0,0,0,14,0,0,4,14,8,8,8,0,6,1
Mitch Heimbuch,40314,TE,W MICHIGAN,2,82.4,0,347,54.1,28.8,58.4,0,0,0,0.0,0.0,,0,0,0,14,0,0,0,17,0,3,0,0,14,16
Radson Jang,59919,C,NEW MEXICO,2,100.0,0,241,69.7,68.6,67.3,0,0,1,100.0,100.0,100.0,0,0,0,14,14,0,0,14,1,1,0,0,13,0
Ben Norris,60880,TE,E CAROLINA,3,100.0,0,156,65.6,69.8,63.4,0,0,2,100.0,100.0,100.0,0,0,0,14,0,0,0,14,2,2,0,0,12,13
Heron Maurisseau,78069,WR,UCONN,4,34.1,0,146,56.3,,61.9,0,0,0,0.0,0.0,,0,0,0,14,0,0,0,41,0,26,0,0,14,0
Nick Orekoya,41144,HB,UMASS,3,63.6,0,216,56.7,75.4,55.4,0,0,5,62.5,62.5,100.0,0,0,0,14,0,0,0,22,5,8,0,0,9,2
Asher O'Hara,78529,QB,MIDDLE TN,2,23.7,0,224,62.2,,60.0,0,0,0,0.0,0.0,,0,0,0,14,0,0,0,59,0,32,0,0,14,0
Cormac Sampson,84083,TE,WISCONSIN,3,100.0,0,349,86.9,64.5,80.5,0,0,1,100.0,100.0,100.0,0,0,0,14,0,0,0,14,1,1,0,0,13,14
Quan Hampton,61343,WR,KANSAS,4,28.0,0,198,67.8,,62.4,0,0,0,0.0,0.0,,0,0,0,14,0,0,0,50,0,36,0,0,14,0
Nate Haskins,41121,T,APP STATE,3,100.0,0,108,60.8,74.1,59.5,0,0,1,100.0,100.0,100.0,0,0,0,14,0,0,14,14,1,1,0,0,13,0
Marcus Greer,79674,G,MIDDLE TN,4,100.0,0,224,53.3,67.3,52.9,0,0,1,100.0,100.0,100.0,0,0,0,14,0,12,0,14,1,1,0,0,13,1
Brian Polendey,60955,TE,MIAMI FL,2,77.8,0,220,74.6,68.9,57.3,0,0,2,33.3,33.3,100.0,0,0,0,14,0,0,0,18,2,6,0,0,12,18
Daniel Godfrey,42302,FB,UNLV,5,100.0,0,325,66.9,,67.1,0,0,0,,,,0,0,0,14,0,0,0,14,0,0,0,0,14,0
R.J. Kelly,77554,C,AKRON,1,100.0,0,102,58.4,75.8,56.7,0,0,5,100.0,100.0,100.0,0,0,0,14,14,0,0,14,6,6,0,0,8,0
Clark Bulleit,26088,G,DUKE,3,100.0,0,154,53.1,,53.0,0,0,0,,,,0,0,0,14,0,14,0,14,0,0,0,0,14,0
Preston Curtis,61780,WR,UTAH ST,4,73.7,0,329,56.3,,63.1,0,0,0,0.0,0.0,,0,0,0,14,0,0,0,19,0,5,0,0,14,0
Kazmeir Allen,83782,HB,UCLA,9,15.4,0,324,60.2,26.1,59.4,0,2,7,13.0,13.0,85.7,0,2,0,14,0,0,0,91,7,54,0,0,7,0
Aaron Amaama,38913,T,UTAH,2,100.0,0,328,74.8,,73.2,0,0,0,,,,0,0,0,14,0,0,10,14,0,0,0,4,14,0
AC White,84032,TE,DOMINION,1,93.3,0,263,60.9,,62.0,0,0,0,0.0,0.0,,0,0,0,14,0,0,0,15,0,1,0,0,14,4
Daniel Peabody,60974,TE,NEW MEXICO,1,93.3,0,241,74.4,,75.0,0,0,0,0.0,0.0,,0,0,0,14,0,0,0,15,0,1,0,0,14,13
Quincy Patterson II,77626,QB,VA TECH,3,50.0,0,337,59.7,,60.0,0,0,0,0.0,0.0,,0,0,0,14,0,0,0,28,0,7,0,0,14,0
Aulden Knight,62870,WR,CINCINNATI,3,82.4,0,138,53.0,,46.3,0,0,0,0.0,0.0,,1,0,0,14,0,0,0,17,0,3,0,0,14,0
Tyler Haycraft,36621,T,LOUISVILLE,6,93.3,0,210,62.4,78.4,58.5,0,0,7,87.5,87.5,100.0,0,0,0,14,0,0,2,15,7,8,0,7,7,6
Max Fisher,61516,WR,NC STATE,4,70.0,0,248,56.8,,61.7,0,0,0,0.0,0.0,,0,0,0,14,0,0,0,20,0,6,0,0,14,0
Gunnar Watson,83570,QB,TROY,2,43.3,0,318,66.4,,60.0,0,0,0,0.0,0.0,,0,0,0,13,0,0,0,30,0,16,0,0,13,0
C.J. Tolbert,41381,HB,AUBURN,3,43.3,0,115,64.9,,58.2,0,0,0,0.0,0.0,,0,0,0,13,0,0,0,30,0,2,0,0,13,0
Smoke Harris,78918,WR,LA TECH,2,48.1,0,208,79.5,,58.0,0,0,0,0.0,0.0,,0,0,0,13,0,0,0,27,0,14,0,0,13,0
Jaelen Gill,82535,WR,OHIO STATE,2,81.3,0,260,71.5,,61.6,0,0,0,0.0,0.0,,0,0,0,13,0,0,0,16,0,3,0,0,13,0
Keli'i Montibon,52139,T,OREGON ST,2,100.0,0,265,57.7,75.4,56.4,0,0,1,100.0,100.0,100.0,0,0,0,13,0,0,13,13,1,1,0,0,12,0
Bolu Olorunfunmi,45864,HB,UCLA,6,18.1,0,324,64.2,79.8,58.4,0,0,6,19.4,18.8,100.0,0,0,0,13,0,0,0,72,6,32,0,0,7,0
Anthony Wyche,45877,HB,N TEXAS,5,33.3,0,251,68.5,78.9,58.9,0,0,4,44.4,41.7,100.0,0,0,0,13,0,0,0,39,5,12,0,0,8,0
Keithian Starling Jr.,61792,TE,VANDERBILT,1,92.9,0,333,67.8,69.9,67.1,0,0,4,80.0,80.0,100.0,0,0,0,13,0,0,0,14,4,5,0,0,9,14
Ke'von Ahmad,78049,WR,UCF,2,100.0,0,323,61.0,,61.5,0,0,0,,,,0,0,0,13,0,0,0,13,0,0,0,0,13,0
Brock Wellsfry,52123,G,OREGON ST,2,100.0,0,265,49.5,73.4,49.0,0,0,1,100.0,100.0,100.0,0,0,0,13,0,13,0,13,1,1,0,0,12,0
George Pearson,77692,QB,C MICHIGAN,1,28.9,0,134,38.6,,60.0,0,0,0,0.0,0.0,,0,0,0,13,0,0,0,45,0,31,0,0,13,0
Kadas Reams,78031,WR,TEMPLE,2,86.7,0,306,58.9,,60.8,0,0,0,0.0,0.0,,0,0,0,13,0,0,0,15,0,2,0,0,13,0
Zihir Lacewell,84389,WR,RUTGERS,1,100.0,0,278,61.7,,62.9,0,0,0,,,,0,0,0,13,0,0,0,13,0,0,0,0,13,0
Jay Gibson,105669,,W KENTUCKY,3,81.3,0,346,57.1,75.9,57.8,0,0,2,40.0,40.0,100.0,0,0,0,13,0,0,0,16,2,5,0,0,11,12
CJ Fletcher,61385,WR,LA MONROE,6,68.4,0,209,56.3,,63.2,0,0,0,0.0,0.0,,0,0,0,13,0,0,0,19,0,6,0,0,13,0
Tyler Traylor,60861,TE,BOWL GREEN,3,86.7,0,122,54.1,70.5,52.9,0,0,2,66.7,50.0,100.0,0,0,0,13,0,0,0,15,2,4,0,0,11,7
Donovan White,41517,T,MIAMI OH,4,100.0,0,221,58.7,,58.2,0,0,0,,,,0,0,0,13,0,0,0,13,0,0,0,13,13,0
Marcell Gleaton,78028,WR,NAVY,1,86.7,0,237,64.0,,75.4,0,0,0,0.0,0.0,,0,0,0,13,0,0,0,15,0,2,0,0,13,0
Steven Krajewski,77650,QB,UCONN,1,68.4,0,146,41.3,,60.0,0,0,0,0.0,0.0,,0,0,0,13,0,0,0,19,0,5,0,0,13,0
Cam'Ron Harris,77728,HB,MIAMI FL,6,19.4,0,220,63.4,78.2,54.3,0,0,5,16.7,16.7,100.0,0,0,0,13,0,0,0,67,5,30,0,0,8,0
Wyatt Mazour,34261,HB,NEBRASKA,9,39.4,0,238,73.7,75.3,59.1,0,0,3,30.0,30.8,100.0,0,0,0,13,0,0,0,33,4,13,0,0,9,0
DK Billingsley,57432,HB,TROY,6,18.6,0,318,57.0,52.3,57.9,0,1,5,19.2,19.2,90.0,0,1,0,13,0,0,0,70,5,26,0,0,8,0
Pace Ozmint,42061,WR,AUBURN,2,92.9,0,115,57.3,,56.1,0,0,0,0.0,0.0,,0,0,0,13,0,0,0,14,0,1,0,0,13,0
Michael Smith,61600,WR,PITTSBURGH,2,52.0,0,268,47.0,,58.8,0,0,0,0.0,0.0,,0,0,0,13,0,0,0,25,0,12,0,0,13,0
Devin Carter,78013,WR,NC STATE,3,59.1,0,248,55.9,,58.8,0,0,0,0.0,0.0,,0,0,0,13,0,0,0,22,0,9,0,0,13,0
Paul Maile,82512,T,UTAH,2,100.0,0,328,50.2,,50.4,0,0,0,,,,0,0,0,13,0,0,0,13,0,0,3,10,13,0
Damon Cole,61169,WR,BOISE ST,1,100.0,0,120,61.1,,61.8,0,0,0,,,,0,0,0,13,0,0,0,13,0,0,0,0,13,0
Tyrone Tracy,84226,WR,IOWA,4,39.4,0,192,61.7,,56.7,0,0,0,0.0,0.0,,0,0,0,13,0,0,0,33,0,19,0,0,13,0
Camryn Snow,78204,WR,OHIO,3,92.9,0,259,65.4,,75.0,0,0,0,0.0,0.0,,0,0,0,13,0,0,0,14,0,1,0,0,13,0
Garrett Watts,58458,G,AIR FORCE,1,100.0,0,101,56.3,,56.1,0,0,0,,,,0,0,0,13,0,0,0,13,0,0,13,0,13,0
T'Rod Daniels,57411,HB,SO MISS,2,28.9,0,296,62.7,80.0,64.5,0,0,5,20.0,25.9,100.0,0,0,0,13,0,0,0,45,7,27,0,0,6,0
Austin Cannon,45313,G,VA TECH,3,100.0,0,337,58.9,,58.6,0,0,0,,,,0,0,0,13,0,0,0,13,0,0,12,0,13,0
Taylor Fondal,40730,G,LA TECH,2,100.0,0,208,56.5,41.1,57.0,0,0,4,100.0,100.0,100.0,0,0,0,13,0,0,0,13,4,4,13,0,9,0
Patrick Leitten,60801,T,DUKE,1,100.0,0,154,56.2,,56.0,0,0,0,,,,0,0,0,13,0,0,13,13,0,0,0,0,13,0
Zeke Cobb,61452,WR,MIDDLE TN,4,59.1,0,224,63.3,,55.4,0,0,0,0.0,0.0,,0,0,0,13,0,0,0,22,0,9,0,0,13,0
Brandon Singleton,48317,WR,CAL,3,48.1,0,130,53.2,,60.8,0,0,0,0.0,0.0,,0,0,0,13,0,0,0,27,0,14,0,0,13,0
Justin Herron,46271,T,WAKE,1,100.0,0,339,64.1,77.2,60.9,0,0,6,100.0,100.0,100.0,0,0,0,13,0,0,13,13,6,6,0,0,7,0
Elijah Davis,83736,HB,DOMINION,4,20.6,0,263,57.5,81.4,60.0,0,0,12,48.0,46.2,100.0,0,0,0,13,0,0,0,63,12,26,0,0,1,0
Caiden Norman,77623,QB,E CAROLINA,2,68.4,0,156,29.9,,60.0,0,0,0,0.0,0.0,,0,0,0,13,0,0,0,19,0,2,0,0,13,0
Brenden Bates,53746,TE,KENTUCKY,2,86.7,0,202,52.0,64.5,50.5,0,0,1,33.3,33.3,100.0,0,0,0,13,0,0,0,15,1,3,0,0,12,11
Alec Sinkfield,57476,HB,W VIRGINIA,5,29.5,0,343,71.7,76.8,58.7,0,0,7,38.9,40.0,100.0,0,0,0,13,0,0,0,44,8,20,0,0,5,0
Jaren Lubrano,55449,TE,WAKE,3,92.9,0,339,48.1,,48.5,0,0,0,0.0,0.0,,0,0,0,13,0,0,0,14,0,1,0,0,13,11
Matt James,46911,T,WASHINGTON,3,100.0,0,340,83.2,74.4,82.0,0,0,4,100.0,100.0,100.0,0,0,0,13,0,0,0,13,4,4,3,10,9,0
KeyRon Catlett,61602,WR,PURDUE,4,72.2,0,273,56.1,,61.3,0,0,0,0.0,0.0,,0,0,0,13,0,0,0,18,0,5,0,0,13,0
Nolan Ulizio,27360,T,MICHIGAN,3,100.0,0,222,61.0,74.0,59.7,0,0,1,100.0,100.0,100.0,0,0,0,13,0,4,9,13,1,1,0,0,12,0
Maceo Donald,90622,WR,E CAROLINA,4,86.7,0,156,57.1,,57.2,0,0,0,0.0,0.0,,0,0,0,13,0,0,0,15,0,2,0,0,13,0
SaRodorick Thompson,77777,HB,TEXAS TECH,4,19.4,0,315,68.5,80.0,69.4,0,0,6,17.1,16.2,100.0,0,0,0,13,0,0,0,67,6,37,0,0,7,0
Eric Swinney,45908,HB,OLE MISS,4,32.5,0,226,59.5,23.2,59.7,0,1,10,43.5,43.5,95.0,0,1,0,13,0,0,0,40,10,23,0,0,3,0
Sean Maginn,55446,G,WAKE,2,100.0,0,339,66.3,,65.5,0,0,0,,,,0,0,0,13,0,13,0,13,0,0,0,0,13,0
Brandon Junk,35922,TE,AKRON,8,86.7,0,102,60.6,,56.5,0,0,0,0.0,0.0,,0,0,0,13,0,0,0,15,0,2,0,0,13,6
Jakari Norwood,83678,HB,ILLINOIS,3,59.1,0,187,63.3,76.7,77.0,0,0,2,33.3,33.3,100.0,0,0,0,13,0,0,0,22,2,6,0,0,11,0
Darius Corbett,55372,WR,TOLEDO,2,65.0,0,316,55.8,,60.0,0,0,0,0.0,0.0,,0,0,0,13,0,0,0,20,0,7,0,0,13,0
Blake Whiteheart,77881,TE,WAKE,2,100.0,0,339,63.2,,62.4,0,0,0,,,,0,0,0,13,0,0,0,13,0,0,0,0,13,11
Cameron Gardner,84310,WR,MISS STATE,3,86.7,0,227,57.8,,60.7,0,0,0,0.0,0.0,,0,0,0,13,0,0,0,15,0,2,0,0,13,0
Braeden Daniels,81891,T,UTAH,2,100.0,0,328,61.3,70.4,60.2,0,0,2,100.0,100.0,100.0,0,0,0,13,0,0,13,13,2,2,0,0,11,0
James Brunson,34896,WR,FAU,1,92.9,0,165,59.5,,55.7,0,0,0,0.0,0.0,,0,0,0,13,0,0,0,14,0,1,0,0,13,0
Ben Adler,59778,G,KANSAS ST,1,100.0,0,199,57.1,70.9,56.6,0,0,1,100.0,100.0,100.0,0,0,0,12,0,12,0,12,1,1,0,0,11,0
Justen Hervey,45669,HB,UTAH ST,6,21.1,0,329,61.6,70.0,60.5,0,0,1,7.1,6.7,100.0,0,0,0,12,0,0,0,57,1,15,0,0,11,0
Ruben Garnett,45389,WR,MIDDLE TN,3,38.7,0,224,63.6,,51.8,0,0,0,0.0,0.0,,0,0,0,12,0,0,0,31,0,19,0,0,12,2
Traveon Samuel,47615,WR,TROY,1,29.3,0,318,62.4,,59.3,0,0,0,0.0,0.0,,0,0,0,12,0,0,0,41,0,26,0,0,12,1
Corey Rau,42262,TE,SMU,2,66.7,0,287,54.7,75.5,55.3,0,0,2,25.0,33.3,100.0,0,0,0,12,0,0,0,18,3,9,0,0,9,10
Brandt Peterson,52196,T,RICE,2,100.0,0,275,56.3,77.3,50.7,0,0,7,100.0,100.0,100.0,0,0,0,12,0,0,0,12,7,7,0,12,5,0
Duran Bell Jr.,52298,HB,USF,3,21.4,0,327,65.7,64.8,70.2,0,1,7,33.3,33.3,92.9,0,1,0,12,0,0,0,56,7,21,0,0,5,0
Julien Bourassa,55036,TE,BUFFALO,1,85.7,0,126,77.9,,60.4,0,0,0,0.0,0.0,,0,0,0,12,0,0,0,14,0,2,0,0,12,14
Jontre Kirklin,55630,CB,LSU,3,63.2,0,211,30.1,,62.0,0,0,0,0.0,0.0,,1,0,0,12,0,0,0,19,0,5,0,0,12,1
Marvin Hubbard III,57188,HB,DUKE,5,21.1,0,154,63.2,74.5,58.3,0,0,3,17.6,17.6,100.0,0,0,0,12,0,0,0,57,3,17,0,0,9,0
Dayton Metcalf,41003,TE,OKLA STATE,2,100.0,0,262,52.5,69.6,49.3,0,0,2,100.0,100.0,100.0,0,0,0,12,0,0,0,12,2,2,0,0,10,5
Naseir Upshur,40992,TE,FLORIDA ST,4,41.4,0,167,89.2,77.0,53.3,0,0,4,19.0,22.7,100.0,0,0,0,12,0,0,0,29,5,22,0,0,7,20
David Burroughs,57362,HB,OHIO,5,38.7,0,259,79.3,69.6,57.9,0,0,1,50.0,50.0,100.0,0,0,0,12,0,0,0,31,1,2,0,0,11,0
Jonny Forrest,40852,FB,TEMPLE,3,46.2,0,306,60.6,68.1,58.1,0,0,1,16.7,16.7,100.0,0,0,0,12,0,0,0,26,1,6,0,0,11,0
Tyrin Summers,40680,WR,CINCINNATI,2,85.7,0,138,60.8,,61.3,0,0,0,0.0,0.0,,0,0,0,12,0,0,0,14,0,2,0,0,12,0
TJ Moore,59679,G,FLORIDA,2,100.0,0,163,57.7,,57.5,0,0,0,,,,0,0,0,12,0,0,0,12,0,0,12,0,12,0
Bill Kuduk,59777,T,KANSAS ST,1,100.0,0,199,70.6,71.9,68.9,0,0,1,100.0,100.0,100.0,0,0,0,12,0,0,12,12,1,1,0,0,11,0
Dakota Torbert,59811,G,LA MONROE,1,100.0,0,209,56.2,78.1,53.0,0,0,8,100.0,100.0,100.0,0,0,0,12,0,0,0,12,8,8,12,0,4,0
Dontae Crow,40371,WR,WYOMING,4,85.7,0,351,55.2,,61.3,0,0,0,,,,0,0,0,12,0,0,0,14,0,0,0,0,12,0
Hunter Broersma,40307,WR,W MICHIGAN,1,85.7,0,347,43.3,,61.0,0,0,0,0.0,0.0,,0,0,0,12,0,0,0,14,0,2,0,0,12,0
Justin Layne,40160,CB,MICH STATE,5,33.3,2,223,52.9,,62.5,0,0,0,0.0,0.0,,7,0,0,12,0,0,0,36,0,24,0,0,12,0
Avery Davis,60502,HB,NOTRE DAME,8,17.6,0,258,49.6,10.3,74.1,0,1,3,8.6,8.1,50.0,0,2,1,12,0,0,0,68,3,37,0,0,9,0
Jake Ashton,38385,TE,CAL,4,44.4,0,130,55.2,67.5,65.5,0,0,2,11.8,11.8,100.0,0,0,0,12,0,0,0,27,2,17,0,0,10,21
Nick Lenners,60929,TE,KANSAS ST,1,80.0,0,199,36.4,70.0,51.9,0,0,3,50.0,50.0,100.0,0,0,0,12,0,0,0,15,3,6,0,0,9,12
Alec Keener,36840,T,NAVY,1,100.0,0,237,58.5,75.2,56.3,0,0,3,100.0,100.0,100.0,0,0,0,12,0,0,12,12,3,3,0,0,9,0
Jake Henry,61120,WR,APP STATE,2,85.7,0,108,56.1,,55.8,0,0,0,0.0,0.0,,0,0,0,12,0,0,0,14,0,2,0,0,12,0
Cole Smith,99094,C,LSU,2,100.0,0,211,49.2,66.8,50.9,0,0,1,100.0,100.0,100.0,0,0,0,12,12,0,0,12,1,1,0,0,11,0
Hassan Littles,61160,WR,BALL ST,7,28.6,0,117,66.3,,61.4,0,0,0,0.0,0.0,,0,0,0,12,0,0,0,42,0,30,0,0,12,0
Cameron Dollar,61207,WR,CHARLOTTE,9,24.5,0,136,55.3,,60.5,0,0,0,0.0,0.0,,0,0,0,12,0,0,0,49,0,36,0,0,12,0
Jaylon Jackson,61214,WR,COLORADO,4,15.8,0,143,58.7,,75.5,0,0,0,0.0,0.0,,0,0,0,12,0,0,0,76,0,64,0,0,12,0
Landry Weber,61349,WR,KANSAS ST,4,63.2,0,199,51.2,,43.4,0,0,0,0.0,0.0,,0,0,0,12,0,0,0,19,0,7,0,0,12,0
Rodney Anderson,35170,HB,OKLAHOMA,2,34.3,0,261,79.1,79.1,58.4,0,0,6,33.3,36.8,100.0,0,0,0,12,0,0,0,35,7,19,0,0,5,0
Alex Mussat,35120,QB,W MICHIGAN,2,70.6,0,347,29.6,,60.0,0,0,0,0.0,0.0,,0,0,0,12,0,0,0,17,0,5,0,0,12,0
Davon Tucker,35009,HB,W MICHIGAN,8,22.2,0,347,59.3,64.0,59.8,0,0,6,30.0,30.4,100.0,0,0,0,12,0,0,0,54,7,23,0,0,5,0
Avante Cox,61837,WR,WYOMING,3,50.0,0,351,55.8,,34.7,0,0,0,0.0,0.0,,1,0,0,12,0,0,0,24,0,9,0,0,12,0
Josiah Johnson,75883,TE,UMASS,4,32.4,0,216,47.8,65.4,49.2,0,0,1,4.5,3.8,100.0,0,0,0,12,0,0,0,37,1,26,0,0,11,16
Tario Fuller,33849,HB,PURDUE,5,33.3,0,273,67.2,59.9,59.7,0,1,7,41.2,41.2,92.9,0,1,0,12,0,0,0,36,7,17,0,0,5,0
Adonis Boone,77558,T,LOUISVILLE,4,100.0,0,210,62.1,41.8,67.5,1,0,6,100.0,100.0,91.7,0,1,0,12,0,0,6,12,6,6,0,0,6,2
X'Zauvea Gadlin,77580,T,TULSA,2,100.0,0,320,59.8,,59.2,0,0,0,,,,0,0,0,12,0,0,0,12,0,0,0,11,12,0
Mataeo Durant,77719,HB,DUKE,7,30.0,0,154,64.2,74.6,69.5,0,0,3,21.4,21.4,100.0,0,0,0,12,0,0,0,40,3,14,0,0,9,0
Ra'veion Hargrove,77778,HB,BOWL GREEN,7,12.6,0,122,66.9,43.3,58.8,0,0,6,11.3,10.9,100.0,1,0,0,12,0,0,0,95,6,55,0,0,6,1
Nick Smith,30748,QB,WYOMING,4,70.6,0,351,51.8,,60.0,0,0,0,0.0,0.0,,0,0,0,12,0,0,0,17,0,2,0,0,12,0
Marquez Trigg,29554,HB,W KENTUCKY,3,30.0,0,346,57.8,63.1,56.3,0,0,6,25.0,26.9,100.0,0,0,0,12,0,0,0,40,7,26,0,0,5,0
TJ Bradley,81720,T,MARYLAND,3,100.0,0,215,53.7,0.0,60.6,0,0,1,100.0,100.0,0.0,0,1,1,12,0,0,12,12,1,1,0,0,11,0
Xavier Delgado,81746,G,MISSOURI,1,100.0,0,229,59.9,72.9,58.9,0,0,2,100.0,100.0,100.0,0,0,0,12,0,12,0,12,2,2,0,0,10,0
Johnathan Vickers,28393,FB,FLORIDA ST,3,75.0,0,167,64.7,,72.7,0,0,0,0.0,0.0,,0,0,0,12,0,0,0,16,0,4,0,0,12,3
Colby Ragland,81872,T,UAB,2,100.0,0,321,67.0,69.2,65.9,0,0,1,100.0,100.0,100.0,0,0,0,12,0,0,12,12,1,1,0,0,11,0
Kenyon Oblad,83576,QB,UNLV,1,70.6,0,325,45.0,,60.0,0,0,0,0.0,0.0,,0,0,0,12,0,0,0,17,0,5,0,0,12,0
Andrew Mike,27592,G,RICE,3,100.0,0,275,62.3,82.7,59.2,0,0,6,100.0,100.0,100.0,0,0,0,12,0,10,1,12,7,7,0,0,5,1
Pearse Migl,83993,TE,LA LAFAYET,3,92.3,0,207,48.7,,49.2,0,0,0,0.0,0.0,,0,0,0,12,0,0,0,13,0,1,0,0,12,11
Thomas Marcus,84105,WR,ARIZONA,3,70.6,0,109,68.4,,61.6,0,0,0,0.0,0.0,,0,0,0,12,0,0,0,17,0,5,0,0,12,0
Billy Bowens,84144,WR,BOISE ST,3,66.7,0,120,63.9,,61.8,0,0,0,0.0,0.0,,0,0,0,12,0,0,0,18,0,5,0,0,12,0
Nigel Fitzgerald,84358,WR,DOMINION,1,75.0,0,263,63.5,,77.8,0,0,0,0.0,0.0,,0,0,0,12,0,0,0,16,0,4,0,0,12,0
Jesiah Irish,84371,WR,OREGON ST,3,37.5,0,265,59.9,,62.4,0,0,0,0.0,0.0,,0,0,0,12,0,0,0,32,0,20,0,0,12,0
Bentavious Thompson,55383,HB,UCF,7,23.4,0,323,71.0,74.8,59.4,0,0,2,25.0,33.3,100.0,0,0,0,11,0,0,0,47,3,9,0,0,8,0
Dante Black,77746,HB,UCONN,3,25.6,0,146,60.9,20.3,58.9,1,0,5,20.0,25.0,70.0,0,2,1,11,0,0,0,43,7,28,0,0,4,0
Tyler Dabbs,40077,WR,NC STATE,3,73.3,0,248,56.4,,59.5,0,0,0,0.0,0.0,,0,0,0,11,0,0,0,15,0,4,0,0,11,0
Connor Meyers,30193,T,UTAH ST,2,100.0,0,329,59.2,65.6,58.4,0,0,1,100.0,100.0,100.0,0,0,0,11,0,0,0,11,1,1,0,11,10,0
Chadarius Townsend,61105,WR,ALABAMA,4,91.7,0,103,58.9,,61.1,0,0,0,0.0,0.0,,0,0,0,11,0,0,0,12,0,1,0,0,11,0
Lanard Fournette,13602,HB,LSU,7,25.0,0,211,73.5,77.6,60.0,0,0,6,24.0,22.2,100.0,0,0,0,11,0,0,0,44,6,27,0,0,5,0
Brevyn Spann-Ford,84006,TE,MINNESOTA,4,91.7,0,225,65.5,65.1,66.0,0,0,1,50.0,50.0,100.0,0,0,0,11,0,0,0,12,1,2,0,0,10,11
Sam Johnson,36081,G,OLE MISS,2,100.0,0,226,64.0,73.3,63.0,0,0,2,100.0,100.0,100.0,0,0,0,11,0,11,0,11,2,2,0,0,9,0
Aaron Allen,78494,QB,LA TECH,2,57.9,0,208,61.4,,60.0,0,0,0,0.0,0.0,,0,0,0,11,0,0,0,19,0,7,0,0,11,0
Emerson Woods,26720,TE,UTAH ST,3,61.1,0,329,53.2,67.3,58.3,0,0,1,16.7,12.5,100.0,0,0,0,11,0,0,0,18,1,8,0,0,10,16
Daniel Archibong,100963,,TEMPLE,7,91.7,0,306,47.2,,57.3,0,0,0,0.0,0.0,,2,0,0,11,0,0,0,12,0,1,0,0,11,9
Dominique Dafney,62825,WR,IOWA,2,73.3,0,192,70.7,,61.6,0,0,0,0.0,0.0,,0,0,0,11,0,0,0,15,0,4,0,0,11,0
Josh Crawford,34763,HB,VANDERBILT,10,15.7,0,333,55.6,37.5,60.0,0,2,9,20.0,19.1,88.9,0,2,0,11,0,0,0,70,9,47,0,0,2,0
Nathaniel Devers,36865,C,MARSHALL,3,100.0,0,214,57.0,,56.9,0,0,0,,,,0,0,0,11,8,0,0,11,0,0,3,0,11,0
Vaughn Fulton,77390,T,TEMPLE,2,100.0,0,306,59.3,40.7,60.4,1,0,2,100.0,100.0,75.0,0,1,0,11,0,0,1,11,2,2,0,10,9,0
Tyler Thurmond,60225,T,W VIRGINIA,3,100.0,0,343,58.3,71.7,56.9,0,0,2,100.0,100.0,100.0,0,0,0,11,0,0,0,11,2,2,0,11,9,0
Robert Holmes,55110,G,UCONN,6,100.0,0,146,79.0,79.6,78.6,0,0,3,100.0,100.0,100.0,0,0,0,11,0,0,0,11,3,3,5,0,8,5
Jonathan Shepherd,78094,WR,OKLA STATE,1,73.3,0,262,56.9,,62.4,0,0,0,0.0,0.0,,0,0,0,11,0,0,0,15,0,4,0,0,11,0
Amir Johnson,59912,T,NEVADA,1,100.0,0,239,60.5,71.6,59.3,0,0,1,100.0,100.0,100.0,0,0,0,11,0,0,11,11,1,1,0,0,10,0
Conner Ashman,77514,C,TOLEDO,1,100.0,0,316,61.4,77.2,59.4,0,0,5,100.0,100.0,100.0,0,0,0,11,11,0,0,11,5,5,0,0,6,0
Saevion Johnson,40577,HB,FRESNO ST,5,31.4,0,169,84.4,72.9,59.5,0,0,1,25.0,40.0,100.0,0,0,0,11,0,0,0,35,2,5,0,0,9,0
Hendon Hooker,60593,QB,VA TECH,5,61.1,0,337,49.5,,60.0,0,0,0,,,,0,0,0,11,0,0,0,18,0,0,0,0,11,0
Myles Brennan,60438,QB,LSU,1,64.7,0,211,63.6,,60.0,0,0,0,0.0,0.0,,0,0,0,11,0,0,0,17,0,6,0,0,11,0
Dante Bivens,77317,G,TULSA,1,100.0,0,320,59.4,,59.0,0,0,0,,,,0,0,0,11,0,11,0,11,0,0,0,0,11,0
Seth Caillouet,84061,TE,TEXAS ST,4,84.6,0,314,55.3,,57.3,0,0,0,0.0,0.0,,0,0,0,11,0,0,0,13,0,2,0,0,11,8
Colin Debord,61179,WR,BOWL GREEN,5,40.7,0,122,53.5,,60.1,0,0,0,0.0,0.0,,0,0,0,11,0,0,0,27,0,16,0,0,11,0
Javin Myers,57273,HB,LA MONROE,4,44.0,0,209,64.9,60.4,60.0,0,1,7,53.8,53.8,92.9,0,1,0,11,0,0,0,25,7,13,0,0,4,0
Gene Pryor,75851,G,HAWAII,2,100.0,0,180,52.3,19.3,57.7,0,0,6,100.0,100.0,83.3,0,1,1,11,0,9,0,11,7,7,0,0,4,2
Will Brown,61210,WR,CLEMSON,3,84.6,0,140,57.8,,60.3,0,0,0,0.0,0.0,,0,0,0,11,0,0,0,13,0,2,0,0,11,0
Tyler Lytle,60364,QB,COLORADO,4,39.3,0,143,37.1,,60.0,0,0,0,0.0,0.0,,0,0,0,11,0,0,0,28,0,11,0,0,11,0
Zeb Speir,34402,QB,APP STATE,3,64.7,0,108,52.6,,60.0,0,0,0,0.0,0.0,,0,0,0,11,0,0,0,17,0,3,0,0,11,0
Christopher Love,81755,G,NEVADA,1,100.0,0,239,59.0,70.6,58.4,0,0,1,100.0,100.0,100.0,0,0,0,11,0,11,0,11,1,1,0,0,10,0
Brian Greene,60220,C,WASH STATE,3,100.0,0,341,59.1,71.1,58.3,0,0,3,100.0,100.0,100.0,0,0,0,11,9,0,0,11,3,3,0,0,8,0
Viktor Beach,60030,C,PURDUE,2,100.0,0,273,50.9,70.8,51.2,0,0,1,100.0,100.0,100.0,0,0,0,11,11,0,0,11,1,1,0,0,10,0
Beau Bisharat,25962,HB,COLORADO,6,30.6,0,143,65.7,,60.2,0,0,0,0.0,0.0,,0,0,0,11,0,0,0,36,0,4,0,0,11,0
Maurice Bell,61215,WR,COLORADO,2,100.0,0,143,60.8,,60.9,0,0,0,,,,0,0,0,11,0,0,0,11,0,0,0,0,11,0
Zach Davis,41611,G,W VIRGINIA,3,100.0,0,343,51.1,72.8,50.2,0,0,2,100.0,100.0,100.0,0,0,0,11,0,0,0,11,2,2,11,0,9,0
Jawaski Webb,78351,T,GA SOUTHRN,2,100.0,0,174,64.4,,63.6,0,0,0,,,,0,0,0,11,0,0,11,11,0,0,0,0,11,0
David Martin-Robinson,77892,TE,TEMPLE,3,84.6,0,306,61.2,65.4,58.3,0,0,1,33.3,33.3,100.0,0,0,0,11,0,0,0,13,1,3,0,0,10,11
Brennan Armstrong,77696,QB,VIRGINIA,4,40.7,0,335,62.2,,60.0,0,0,0,0.0,0.0,,0,0,0,11,0,0,0,27,0,8,0,0,11,0
Baden Pinson,54436,HB,COAST CAR,5,55.0,0,141,67.1,71.0,53.2,0,0,2,33.3,33.3,100.0,0,0,0,11,0,0,0,20,2,6,0,0,9,1
Carlos Carriere,61413,WR,MARYLAND,5,84.6,0,215,57.3,,60.9,0,0,0,0.0,0.0,,0,0,0,11,0,0,0,13,0,2,0,0,11,0
Adonicas Sanders,62988,WR,GA TECH,2,100.0,0,176,60.5,,60.4,0,0,0,,,,0,0,0,11,0,0,0,11,0,0,0,0,11,0
Judge Hartin,77320,T,TULSA,1,100.0,0,320,57.7,,69.3,0,0,0,,,,1,0,0,11,0,0,11,11,0,0,0,0,11,0
Willie Erdman,40681,WR,GEORGIA,3,68.8,0,173,63.2,,59.9,0,0,0,0.0,0.0,,0,0,0,11,0,0,0,16,0,3,0,0,11,0
Ben Bryant,77655,QB,CINCINNATI,1,52.4,0,138,80.4,,60.0,0,0,0,0.0,0.0,,0,0,0,11,0,0,0,21,0,9,0,0,11,0
Nate Guyton,40456,G,TCU,1,100.0,0,305,52.4,69.7,51.6,0,0,2,100.0,100.0,100.0,0,0,0,10,0,10,0,10,2,2,0,0,8,0
David Felton,61322,WR,INDIANA,1,100.0,0,190,61.0,,61.4,0,0,0,,,,0,0,0,10,0,0,0,10,0,0,0,0,10,0
Kameron Lewis,77434,T,HOUSTON,1,100.0,0,182,62.2,78.7,58.0,0,0,7,100.0,100.0,100.0,0,0,0,10,0,0,8,10,7,7,0,2,3,0
Brendan Harmon,75966,WR,RICE,8,10.9,0,275,57.2,,60.3,0,0,0,0.0,0.0,,0,0,0,10,0,0,0,92,0,82,0,0,10,0
Chris James,38573,HB,WISCONSIN,6,25.6,0,349,71.8,76.2,58.5,0,0,2,28.6,28.6,100.0,0,0,0,10,0,0,0,39,2,7,0,0,8,0
Cole Burniston,77910,TE,BUFFALO,1,100.0,0,126,50.7,,63.7,0,0,0,,,,1,0,0,10,0,0,0,10,0,0,0,0,10,9
Marvin Washington,55116,QB,UCONN,3,22.2,0,146,29.4,,60.0,0,0,0,0.0,0.0,,0,0,0,10,0,0,0,45,0,30,0,0,10,0
DJ Fullard,78001,WR,DUKE,2,100.0,0,154,61.4,,62.3,0,0,0,,,,0,0,0,10,0,0,0,10,0,0,0,0,10,0
Ben Peterson,83599,FB,AIR FORCE,2,100.0,0,101,54.6,,52.3,0,0,0,,,,0,0,0,10,0,0,0,10,0,0,0,0,10,5
Braden Kopp,41564,TE,VANDERBILT,2,100.0,0,333,58.4,60.5,57.9,0,0,1,100.0,100.0,100.0,0,0,0,10,0,0,0,10,1,1,0,0,9,9
Andre Collins Jr.,42145,WR,UNLV,2,76.9,0,325,73.1,,61.6,0,0,0,0.0,0.0,,0,0,0,10,0,0,0,13,0,3,0,0,10,0
Camryn Johnson,55201,WR,GA STATE,1,100.0,0,175,61.1,,61.8,0,0,0,,,,0,0,0,10,0,0,0,10,0,0,0,0,10,0
Anthony Grayson Jr.,27544,WR,FRESNO ST,3,100.0,0,169,61.4,,61.9,0,0,0,,,,0,0,0,10,0,0,0,10,0,0,0,0,10,0
Semisi Uluave,46831,G,CAL,1,100.0,0,130,61.0,80.5,58.2,0,0,7,100.0,100.0,100.0,0,0,0,10,0,0,0,10,7,7,10,0,3,0
Sam Pinckney,84197,WR,GA STATE,3,28.6,0,175,69.3,,61.7,0,0,0,0.0,0.0,,1,0,0,10,0,0,0,35,0,25,0,0,10,0
Justin Berry,39895,WR,INDIANA,1,100.0,0,190,60.5,,60.5,0,0,0,,,,0,0,0,10,0,0,0,10,0,0,0,0,10,0
Tabari Hines,47491,WR,OREGON,4,27.8,0,264,66.0,,57.0,0,0,0,0.0,0.0,,0,0,0,10,0,0,0,36,0,26,0,0,10,0
Meechi Harris,78040,WR,CINCINNATI,1,90.9,0,138,59.9,,61.2,0,0,0,0.0,0.0,,0,0,0,10,0,0,0,11,0,1,0,0,10,0
Bryan Long Jr.,42390,WR,OHIO,4,76.9,0,259,57.8,,61.0,0,0,0,0.0,0.0,,0,0,0,10,0,0,0,13,0,3,0,0,10,0
Abdul Adams,40414,HB,SYRACUSE,1,35.7,0,304,59.3,77.2,59.5,0,0,5,33.3,37.5,100.0,0,0,0,10,0,0,0,28,6,16,0,0,4,0
Andre Welch,61444,WR,MICH STATE,5,41.7,0,223,55.8,,61.1,0,0,0,0.0,0.0,,0,0,0,10,0,0,0,24,0,12,0,0,10,0
Kyle Sassack,55237,T,MINNESOTA,2,100.0,0,225,69.2,67.8,68.4,0,0,1,100.0,100.0,100.0,0,0,0,10,0,0,10,10,1,1,0,0,9,0
Sihiem King,33252,HB,KENTUCKY,2,34.5,0,202,59.0,42.0,59.4,0,0,6,46.2,50.0,100.0,0,0,0,10,0,0,0,29,7,14,0,0,3,0
Sean McCormack,40167,QB,LOUISVILLE,2,34.5,0,210,52.4,,60.0,0,0,0,0.0,0.0,,0,0,0,10,0,0,0,29,0,19,0,0,10,0
Alex Malzone,12686,QB,MIAMI OH,4,62.5,0,221,67.6,,60.0,0,0,0,0.0,0.0,,0,0,0,10,0,0,0,16,0,4,0,0,10,0
Christian Williams,61031,TE,TCU,1,83.3,0,305,53.6,,56.5,0,0,0,0.0,0.0,,0,0,0,10,0,0,0,12,0,2,0,0,10,12
Darryle Simmons,78009,WR,VA TECH,2,100.0,0,337,60.4,,60.3,0,0,0,,,,0,0,0,10,0,0,0,10,0,0,0,0,10,0
Jacqez Hairston,54433,HB,COAST CAR,5,31.3,0,141,72.7,71.3,58.5,0,0,2,16.7,16.7,100.0,0,0,0,10,0,0,0,32,2,12,0,0,8,2
Bailey Edwards,41352,WR,C MICHIGAN,5,47.6,0,134,53.3,,56.5,0,0,0,0.0,0.0,,0,0,0,10,0,0,0,21,0,11,0,0,10,0
Brendan Manigo,52224,HB,S JOSE ST,5,31.3,0,285,63.8,34.4,,0,0,10,71.4,71.4,90.0,0,1,1,10,0,0,0,32,10,14,0,0,0,0
Grant Hill,77455,G,OKLA STATE,1,100.0,0,262,52.6,74.9,51.5,0,0,2,100.0,100.0,100.0,0,0,0,10,0,5,0,10,2,2,5,0,8,0
Michael Brown,77467,G,W VIRGINIA,3,100.0,0,343,48.7,0.0,58.1,1,0,6,100.0,100.0,91.7,0,1,0,10,0,10,0,10,6,6,0,0,4,0
Kolbi Fuqua,84139,WR,AUBURN,1,90.9,0,115,59.0,,60.9,0,0,0,0.0,0.0,,0,0,0,10,0,0,0,11,0,1,0,0,10,0
Britt Beery,56648,G,INDIANA,1,100.0,0,190,63.4,,63.0,0,0,0,,,,0,0,0,10,0,0,0,10,0,0,10,0,10,0
Nick Ramacca,41369,C,INDIANA,1,100.0,0,190,64.2,,70.0,0,0,0,,,,1,0,0,10,10,0,0,10,0,0,0,0,10,0
Micah Gray,57330,HB,NEW MEXICO,1,43.5,0,241,58.9,,58.2,0,0,0,0.0,0.0,,0,0,0,10,0,0,0,23,0,6,0,0,10,0
Malik Davis,57196,HB,FLORIDA,3,26.3,0,163,60.3,31.1,59.7,1,0,6,33.3,36.4,91.7,0,1,0,10,0,0,0,38,8,22,0,0,2,0
Kenneth Gainwell,77737,HB,MEMPHIS,3,34.5,0,218,84.2,,62.4,0,0,0,0.0,0.0,,1,0,0,10,0,0,0,29,0,15,0,0,10,0
Jace Fuamatu,81648,G,FRESNO ST,2,100.0,0,169,48.5,71.1,57.7,0,0,0,,100.0,,1,0,0,10,0,0,0,10,1,1,10,0,9,0
Josh Seltzner,60255,G,WISCONSIN,1,100.0,0,349,93.4,68.0,91.8,0,0,1,100.0,100.0,100.0,0,0,0,10,0,0,0,10,1,1,10,0,9,0
Michael Kouassi,42288,TE,GA STATE,3,76.9,0,175,55.9,,59.1,0,0,0,0.0,0.0,,0,0,0,10,0,0,0,13,0,3,0,0,10,8
Jamarius Henderson,38291,HB,TROY,1,29.4,0,318,60.0,5.3,58.8,0,1,3,17.6,15.8,83.3,0,1,0,10,0,0,0,34,3,19,0,0,7,0
Will Knight,105598,,DOMINION,4,14.5,0,263,71.7,79.8,60.0,0,0,9,22.5,22.5,100.0,0,0,0,10,0,0,0,69,9,40,0,0,1,0
Matt Mariota,42565,TE,OREGON,2,90.9,0,264,62.7,,63.8,0,0,0,0.0,0.0,,0,0,0,10,0,0,0,11,0,1,0,0,10,10
Despelado Alexandre,81657,T,GA STATE,2,100.0,0,175,60.4,58.1,60.3,0,0,5,100.0,100.0,100.0,0,0,0,10,0,0,10,10,5,5,0,0,5,0
Klyde Chriss,84436,WR,TEXAS A&M,4,76.9,0,312,58.0,,61.5,0,0,0,0.0,0.0,,0,0,0,10,0,0,0,13,0,3,0,0,10,0
Jack Plumb,81690,T,IOWA,1,100.0,0,192,58.8,65.5,58.2,0,0,1,100.0,100.0,100.0,0,0,0,10,0,0,0,10,1,1,0,10,9,0
Luke Langdon,33213,QB,ARMY,4,52.6,0,114,70.1,,60.0,0,0,0,0.0,0.0,,0,0,0,10,0,0,0,19,0,1,0,0,10,0
Charles Fletcher,59938,G,NC STATE,2,100.0,0,248,59.9,70.7,59.2,0,0,2,100.0,100.0,100.0,0,0,0,10,0,0,0,10,2,2,10,0,8,0
DaVondre Love,46774,T,INDIANA,1,100.0,0,190,71.7,,70.9,0,0,0,,,,0,0,0,10,0,0,0,10,0,0,0,10,10,0
Crockett Mokry,37222,G,RICE,1,100.0,0,275,61.5,77.8,59.5,0,0,6,100.0,100.0,100.0,0,0,0,10,0,0,0,10,6,6,10,0,4,0
Noah Utley,41970,G,ARMY,2,100.0,0,114,50.7,,50.8,0,0,0,,,,0,0,0,10,0,3,0,10,0,0,7,0,10,0
Brendon Rushing,42195,TE,TEXAS ST,4,58.8,0,314,57.9,,66.2,0,0,0,0.0,0.0,,0,0,0,10,0,0,0,17,0,7,0,0,10,2
Miles Jones,83718,WR,NEBRASKA,1,43.5,0,238,57.3,,78.0,0,0,0,0.0,0.0,,0,0,0,10,0,0,0,23,0,12,0,0,10,0
Ben Knutson,39837,G,VIRGINIA,2,100.0,0,335,58.1,72.1,57.0,0,0,4,100.0,100.0,100.0,0,0,0,10,0,1,0,10,4,4,9,0,6,0
Warren Thompson,77953,WR,FLORIDA ST,3,52.6,0,167,54.7,,61.1,0,0,0,0.0,0.0,,0,0,0,10,0,0,0,19,0,9,0,0,10,0
Kevin Terry,78145,WR,TEXAS TECH,1,81.8,0,315,58.0,,60.3,0,0,0,0.0,0.0,,0,0,0,9,0,0,0,11,0,2,0,0,9,0
Earl Bostick Jr.,59771,T,KANSAS,5,90.0,0,198,41.5,,57.6,0,0,0,0.0,0.0,,1,0,0,9,0,0,0,10,0,1,0,0,9,10
Sebastien Dolcine,60803,G,KENTUCKY,1,100.0,0,202,76.8,73.2,76.2,0,0,3,100.0,100.0,100.0,0,0,0,9,0,9,0,9,3,3,0,0,6,0
Nick Sipe,60517,QB,PURDUE,3,69.2,0,273,63.8,,60.0,0,0,0,0.0,0.0,,0,0,0,9,0,0,0,13,0,1,0,0,9,0
Coy Kirkpatrick,59749,G,IOWA,3,100.0,0,192,52.8,68.4,52.4,0,0,0,,100.0,,0,0,0,9,0,0,0,9,1,1,9,0,8,0
Austin Dotson,60804,G,KENTUCKY,1,100.0,0,202,58.6,73.2,57.6,0,0,3,100.0,100.0,100.0,0,0,0,9,0,0,0,9,3,3,9,0,6,0
Charles Highbaugh,77798,HB,C MICHIGAN,1,69.2,0,134,58.8,78.6,,0,0,7,87.5,90.0,100.0,0,0,0,9,0,0,0,13,9,10,0,0,0,0
Andrew Strader,40506,HB,BOSTON COL,2,90.0,0,121,58.1,,58.9,0,0,0,0.0,0.0,,0,0,0,9,0,0,0,10,0,1,0,0,9,1
James Sosinski,36380,TE,KANSAS,4,75.0,0,198,39.5,,60.4,0,0,0,0.0,0.0,,0,0,0,9,0,0,0,12,0,3,0,0,9,4
Carlos Davis,83755,HB,S ALABAMA,3,75.0,0,288,58.4,70.0,57.3,0,0,1,100.0,100.0,100.0,0,0,0,9,0,0,0,12,1,1,0,0,8,0
Jesse Meyler,40726,T,NWESTERN,1,100.0,0,256,42.8,0.0,59.9,1,1,7,100.0,100.0,85.7,0,2,0,9,0,0,0,9,7,7,0,9,2,0
Nate Ryken,36435,FB,COLO STATE,4,90.0,0,144,62.6,70.8,63.4,0,0,1,50.0,50.0,100.0,0,0,0,9,0,0,0,10,1,2,0,0,8,2
Justin Self,60809,T,NAVY,1,100.0,0,237,60.8,71.5,59.4,0,0,2,100.0,100.0,100.0,0,0,0,9,0,0,6,9,2,2,0,3,7,0
Tajudeen Mustapha,84519,WR,WISCONSIN,1,90.0,0,349,78.0,,60.8,0,0,0,0.0,0.0,,0,0,0,9,0,0,0,10,0,1,0,0,9,0
Ishod Byarm,84534,HB,CHARLOTTE,4,25.0,0,136,53.9,73.1,59.9,0,0,2,20.0,20.0,100.0,0,0,0,9,0,0,0,36,2,10,0,0,7,0
Dalton Widner,84549,C,CHARLOTTE,2,100.0,0,136,59.9,,59.6,0,0,0,,,,0,0,0,9,9,0,0,9,0,0,0,0,9,0
Amir Rasul,39919,HB,FLORIDA ST,7,36.0,0,167,53.8,71.5,59.0,0,0,1,16.7,14.3,100.0,0,0,0,9,0,0,0,25,1,7,0,0,8,0
Joe Wilkins Jr.,84347,WR,NOTRE DAME,2,81.8,0,258,57.2,,61.4,0,0,0,0.0,0.0,,0,0,0,9,0,0,0,11,0,2,0,0,9,0
Coleman Fox,34316,WR,VA TECH,6,33.3,0,337,56.0,,43.1,0,0,0,0.0,0.0,,0,0,0,9,0,0,0,27,0,17,0,0,9,0
Jake Herslow,42002,WR,DOMINION,5,64.3,0,263,54.8,,56.5,0,0,0,0.0,0.0,,0,0,0,9,0,0,0,14,0,5,0,0,9,0
Dylan Thomas,39948,WR,TCU,1,40.9,0,305,76.5,,60.2,0,0,0,0.0,0.0,,0,0,0,9,0,0,0,22,0,13,0,0,9,0
Blake Aragon,84446,WR,TEXAS ST,2,36.0,0,314,57.0,,56.5,0,0,0,0.0,0.0,,1,0,0,9,0,0,0,25,0,16,0,0,9,0
Dalton Tucker,81717,T,MARSHALL,2,100.0,0,214,60.5,,60.0,0,0,0,,,,0,0,0,9,0,0,9,9,0,0,0,0,9,0
Liam Smith,40243,T,DUKE,2,100.0,0,154,58.6,,58.1,0,0,0,,,,0,0,0,9,0,0,7,9,0,0,0,2,9,0
Sam Plash,59867,G,OLE MISS,1,100.0,0,226,65.0,,64.4,0,0,0,,,,0,0,0,9,0,0,0,9,0,0,9,0,9,0
Kwatrivous Johnson,81742,T,MISS STATE,2,100.0,0,227,59.5,,59.0,0,0,0,,,,0,0,0,9,0,0,9,9,0,0,0,0,9,0
Allen Dailey Jr.,84245,WR,KENTUCKY,3,64.3,0,202,88.0,,61.4,0,0,0,0.0,0.0,,0,0,0,9,0,0,0,14,0,5,0,0,9,0
Mason Reed,30300,FB,TEXAS TECH,3,60.0,0,315,71.5,67.4,56.9,0,0,2,66.7,66.7,100.0,0,0,0,9,0,0,0,15,2,3,0,0,7,7
Dane Ledford,60567,QB,TULANE,4,64.3,0,319,28.7,,60.0,0,0,0,0.0,0.0,,0,0,0,9,0,0,0,14,0,4,0,0,9,0
Jake Jones,41902,G,FAU,2,100.0,0,165,56.8,,56.7,0,0,0,,,,0,0,0,9,0,9,0,9,0,0,0,0,9,0
Avery Gragg,34821,WR,TULSA,2,100.0,0,320,61.0,,61.6,0,0,0,,,,0,0,0,9,0,0,0,9,0,0,0,0,9,0
Brian Abosi,52087,T,UMASS,3,100.0,0,216,67.0,,66.7,0,0,0,,,,0,0,0,9,0,0,0,9,0,0,0,9,9,0
Gabe Angel,42046,TE,OLE MISS,2,75.0,0,226,64.6,,69.4,0,0,0,0.0,0.0,,0,0,0,9,0,0,0,12,0,3,0,0,9,10
Jordan Merrell,61253,WR,FAU,2,81.8,0,165,57.8,,60.6,0,0,0,0.0,0.0,,0,0,0,9,0,0,0,11,0,2,0,0,9,0
Blake Kern,60848,TE,ARKANSAS,3,90.0,0,111,56.0,,58.1,0,0,0,0.0,0.0,,0,0,0,9,0,0,0,10,0,1,0,0,9,10
Philipp Moeller,39283,WR,TEXAS,5,100.0,0,311,60.0,,60.0,0,0,0,,,,0,0,0,9,0,0,0,9,0,0,0,0,9,0
Shaun Bonner,41246,TE,INDIANA,1,100.0,0,190,56.0,,56.3,0,0,0,,,,0,0,0,9,0,0,0,9,0,0,0,0,9,9
Kearis Jackson,84188,WR,GEORGIA,4,64.3,0,173,62.4,,60.1,0,0,0,0.0,0.0,,0,0,0,9,0,0,0,14,0,4,0,0,9,0
Dalton Montgomery,26129,T,E CAROLINA,2,100.0,0,156,68.9,,68.6,0,0,0,,,,0,0,0,9,0,0,8,9,0,0,0,0,9,0
Ben Skinner,84152,WR,CAL,2,56.3,0,130,54.0,,61.0,0,0,0,0.0,0.0,,0,0,0,9,0,0,0,16,0,7,0,0,9,0
Trenton Gillison,66276,TE,MICH STATE,2,64.3,0,223,53.6,,58.6,0,0,0,0.0,0.0,,0,0,0,9,0,0,0,14,0,5,0,0,9,13
Antwaun Ayers,52220,WR,S JOSE ST,2,22.5,0,285,65.7,,61.0,0,0,0,0.0,0.0,,0,0,0,9,0,0,0,40,0,31,0,0,9,0
Khalil Keith,58528,G,BAYLOR,2,100.0,0,118,58.0,60.5,57.8,0,0,1,100.0,100.0,100.0,0,0,0,9,0,8,0,9,1,1,0,0,8,0
Dylan Wentzel,57259,WR,KANSAS ST,1,100.0,0,199,60.8,,61.1,0,0,0,,,,0,0,0,9,0,0,0,9,0,0,0,0,9,0
Lance Angulo,36744,G,NAVY,1,100.0,0,237,65.9,74.6,64.9,0,0,3,100.0,100.0,100.0,0,0,0,9,0,6,0,9,3,3,3,0,6,0
T.J. Hammonds,41365,HB,ARKANSAS,4,22.5,0,111,68.3,75.1,59.2,0,0,2,9.1,8.3,100.0,0,0,0,9,0,0,0,40,2,24,0,0,7,0
Emil Ekiyor Jr.,81540,G,ALABAMA,2,100.0,0,103,50.6,,51.3,0,0,0,,,,0,0,0,9,3,6,0,9,0,0,0,0,9,0
Cord Sandberg,82090,QB,AUBURN,1,69.2,0,115,80.7,,60.0,0,0,0,0.0,0.0,,0,0,0,9,0,0,0,13,0,1,0,0,9,0
Brandon Arconado,42120,WR,WASH STATE,4,39.1,0,341,55.2,,79.9,0,0,0,0.0,0.0,,0,0,0,9,0,0,0,23,0,14,0,0,9,0
Tobias Enlow,42140,WR,ARKANSAS,2,75.0,0,111,57.0,,62.0,0,0,0,0.0,0.0,,0,0,0,9,0,0,0,12,0,3,0,0,9,0
Chase Cramer,42156,FB,AUBURN,2,100.0,0,115,55.1,,53.1,0,0,0,,,,0,0,0,9,0,0,0,9,0,0,0,0,9,2
Jake McCurry,56059,WR,MICHIGAN,4,40.9,0,222,69.4,,33.2,0,0,0,0.0,0.0,,1,0,0,9,0,0,0,22,0,13,0,0,9,0
Cade Hackey,61505,WR,NEW MEXICO,1,64.3,0,241,55.7,,60.1,0,0,0,0.0,0.0,,0,0,0,9,0,0,0,14,0,5,0,0,9,0
Ben Brickman,61694,WR,SYRACUSE,3,100.0,0,304,60.9,,61.6,0,0,0,,,,0,0,0,9,0,0,0,9,0,0,0,0,9,0
Kameron McQueen,23291,WR,KANSAS,1,100.0,0,198,60.2,,59.9,0,0,0,,,,0,0,0,9,0,0,0,9,0,0,0,0,9,0
Taz Bateman,39369,HB,GA STATE,2,17.0,0,175,62.7,56.3,59.9,0,0,6,15.0,15.9,83.3,0,1,1,9,0,0,0,53,7,44,0,0,2,0
Vincent Fonte Jr.,77552,G,AKRON,1,100.0,0,102,60.9,76.0,59.1,0,0,4,100.0,100.0,100.0,0,0,0,9,0,0,0,9,5,5,9,0,4,0
Colton Cardinal,44822,FB,BOSTON COL,1,69.2,0,121,56.5,67.4,55.9,0,0,1,20.0,20.0,100.0,0,0,0,9,0,0,0,13,1,5,0,0,8,8
Skyler Seibold,26628,HB,BOISE ST,6,40.9,0,120,74.0,71.8,76.6,0,0,1,16.7,16.7,100.0,0,0,0,9,0,0,0,22,1,6,0,0,8,0
Alex Salguero,41435,G,MARSHALL,2,100.0,0,214,49.6,,59.6,0,0,0,,,,1,0,0,9,0,9,0,9,0,0,0,0,9,0
Jess Trussell,47062,TE,PURDUE,3,90.0,0,273,55.9,,58.3,0,0,0,0.0,0.0,,0,0,0,9,0,0,0,10,0,1,0,0,9,8
Austin Dixon,41735,T,BOISE ST,2,100.0,0,120,59.9,66.9,59.2,0,0,1,100.0,100.0,100.0,0,0,0,9,0,0,0,9,1,1,0,8,8,0
Jackson Prince,84484,WR,UTAH ST,3,50.0,0,329,53.5,,61.6,0,0,0,0.0,0.0,,0,0,0,9,0,0,0,18,0,9,0,0,9,3
Devon Johnson,26643,G,TULANE,2,100.0,0,319,58.4,77.2,56.6,0,0,4,100.0,100.0,100.0,0,0,0,9,0,0,0,9,4,4,9,0,5,0
Quinten Dormady,35426,QB,HOUSTON,2,60.0,0,182,67.7,,60.0,0,0,0,0.0,0.0,,1,0,0,9,0,0,0,15,0,6,0,0,9,0
Morian Walker Jr.,40311,HB,UTAH ST,5,26.5,0,329,73.2,72.9,59.3,0,0,0,0.0,14.3,,0,0,0,9,0,0,0,34,1,7,0,0,8,4
Tyler Patrick,47713,WR,KANSAS,3,90.0,0,198,58.8,,60.6,0,0,0,0.0,0.0,,0,0,0,9,0,0,0,10,0,1,0,0,9,0
Eric Hommel,61352,WR,KANSAS ST,1,100.0,0,199,60.8,,61.2,0,0,0,,,,0,0,0,9,0,0,0,9,0,0,0,0,9,0
Kingsley Ifedi,60367,QB,E CAROLINA,5,40.9,0,156,27.6,,60.0,0,0,0,0.0,0.0,,0,0,0,9,0,0,0,22,0,11,0,0,9,0
Kyron Taylor,59826,G,MARSHALL,2,100.0,0,214,67.5,,67.1,0,0,0,,,,0,0,0,9,0,0,0,9,0,0,9,0,9,0
DeAndre Williams,55174,WR,FIU,1,90.0,0,166,57.7,,55.9,0,0,0,0.0,0.0,,0,0,0,9,0,0,0,10,0,1,0,0,9,0
Jalen Wayne,61640,WR,S ALABAMA,4,22.5,0,288,55.1,,60.6,0,0,0,0.0,0.0,,0,0,0,9,0,0,0,40,0,28,0,0,9,0
Ronnie Jones,42363,HB,TOLEDO,7,17.3,0,316,71.2,77.6,59.6,0,0,6,31.6,31.6,100.0,0,0,0,9,0,0,0,52,6,19,0,0,3,0
Garyn Prater,61563,WR,OHIO STATE,2,90.0,0,260,77.9,,61.6,0,0,0,0.0,0.0,,0,0,0,9,0,0,0,10,0,1,0,0,9,0
David Foust,59655,TE,CHARLOTTE,3,100.0,0,136,48.4,7.0,55.4,0,1,1,100.0,100.0,50.0,0,1,0,9,0,0,0,9,2,2,0,3,7,6
Clevan Thomas Jr.,61362,WR,KENTUCKY,3,47.4,0,202,88.7,,79.5,0,0,0,0.0,0.0,,0,0,0,9,0,0,0,19,0,10,0,0,9,0
Ja'Kori Morgan,78075,WR,HOUSTON,1,30.8,0,182,49.4,,40.7,0,0,0,0.0,0.0,,0,0,0,8,0,0,0,26,0,18,0,0,8,0
Jaquavis Dixon,33935,WR,AKRON,1,57.1,0,102,47.6,,61.3,0,0,0,0.0,0.0,,0,0,0,8,0,0,0,14,0,6,0,0,8,0
Aaron Moore,84361,WR,DOMINION,1,53.3,0,263,55.4,,60.4,0,0,0,0.0,0.0,,0,0,0,8,0,0,0,15,0,7,0,0,8,0
Jarett Garner,77998,WR,DUKE,4,66.7,0,154,56.5,,61.6,0,0,0,0.0,0.0,,0,0,0,8,0,0,0,12,0,4,0,0,8,0
Coby Tillman,77032,FB,OKLAHOMA,2,100.0,0,261,59.8,,59.3,0,0,0,,,,0,0,0,8,0,0,0,8,0,0,0,0,8,5
DJ Washington,60029,G,PURDUE,1,100.0,0,273,58.7,71.8,57.9,0,0,1,100.0,100.0,100.0,0,0,0,8,0,0,0,8,1,1,8,0,7,0
Steven Van Tiflin,35111,WR,GEORGIA,3,100.0,0,173,59.8,,59.0,0,0,0,,,,0,0,0,8,0,0,0,8,0,0,0,0,8,0
Master Teague III,83734,HB,OHIO STATE,3,26.7,0,260,64.2,76.3,59.7,0,0,5,50.0,50.0,100.0,0,0,0,8,0,0,0,30,5,10,0,0,3,0
Melvin Davis,39467,FB,GA TECH,2,88.9,0,176,50.6,,56.3,0,0,0,,,,0,0,0,8,0,0,0,9,0,0,0,0,8,8
Jack Freeman,77435,C,HOUSTON,1,100.0,0,182,61.5,76.0,59.8,0,0,6,100.0,100.0,100.0,0,0,0,8,8,0,0,8,6,6,0,0,2,0
Austin Cook,81759,G,NEW MEXICO,1,100.0,0,241,72.7,68.0,72.1,0,0,1,100.0,100.0,100.0,0,0,0,8,0,0,0,8,1,1,8,0,7,0
Brian Snead,83732,HB,OHIO STATE,2,29.6,1,260,61.8,21.8,60.0,0,1,5,41.7,41.7,90.0,1,1,0,8,0,0,0,27,5,12,0,0,3,0
Ricky Town,42176,QB,PITTSBURGH,3,88.9,0,268,54.8,,60.0,0,0,0,0.0,0.0,,0,0,0,8,0,0,0,9,0,1,0,0,8,0
Ryan Haymaker,77760,HB,OKLA STATE,2,32.0,0,262,62.0,73.7,60.5,0,0,3,60.0,60.0,100.0,0,0,0,8,0,0,0,25,3,5,0,0,5,0
Jake Peters,83931,TE,ARIZONA,1,88.9,0,109,58.5,,55.9,0,0,0,0.0,0.0,,0,0,0,8,0,0,0,9,0,1,0,0,8,6
Spencer Eason-Riddle,42747,ED,S CAROLINA,4,100.0,0,289,63.4,71.0,63.1,0,0,1,100.0,100.0,100.0,0,0,0,8,0,0,0,8,1,1,0,0,7,0
Bam Smith,83609,HB,ARIZONA,4,15.7,0,109,76.7,57.6,65.6,0,0,5,20.8,20.0,100.0,0,0,0,8,0,0,0,51,5,25,0,0,3,0
Matt Brown,57069,FB,MICHIGAN,3,100.0,0,222,55.9,,53.6,0,0,0,,,,0,0,0,8,0,0,0,8,0,0,0,0,8,1
Mike Fiacable,42409,QB,INDIANA,1,80.0,0,190,64.5,,60.0,0,0,0,,,,0,0,0,8,0,0,0,10,0,0,0,0,8,0
Timmie Gibson,84456,WR,TROY,1,47.1,0,318,55.5,,61.3,0,0,0,0.0,0.0,,0,0,0,8,0,0,0,17,0,9,0,0,8,0
Jordan Boatman,59721,T,HOUSTON,1,100.0,0,182,55.8,38.3,59.6,0,0,6,100.0,100.0,100.0,0,0,0,8,0,0,0,8,6,6,0,8,2,0
Max Banes,77433,G,HOUSTON,1,100.0,0,182,61.8,77.5,59.9,0,0,6,100.0,100.0,100.0,0,0,0,8,0,8,0,8,6,6,0,0,2,0
Drew Keszei,60503,QB,OHIO,3,88.9,0,259,52.7,,60.0,0,0,0,,,,1,0,0,8,0,0,0,9,0,0,0,0,8,0
Trent Maynard,41942,G,MIAMI OH,1,100.0,0,221,58.9,72.6,58.1,0,0,1,100.0,100.0,100.0,0,0,0,8,0,0,0,8,1,1,8,0,7,0
Adam Solomon,26696,G,ILLINOIS,3,100.0,0,187,57.4,,57.1,0,0,0,,,,0,0,0,8,0,0,0,8,0,0,5,3,8,0
Chazz Surratt,40313,QB,N CAROLINA,1,29.6,0,245,42.4,,60.1,0,0,0,0.0,0.0,,0,0,0,8,0,0,0,27,0,11,0,0,8,0
JT Jackson,60435,QB,LA MONROE,4,57.1,0,209,62.7,,60.0,0,0,0,0.0,0.0,,0,0,0,8,0,0,0,14,0,3,0,0,8,0
Josh Jackson,55853,WR,CLEMSON,4,88.9,0,140,59.3,,61.5,0,0,0,0.0,0.0,,0,0,0,8,0,0,0,9,0,1,0,0,8,0
Patrick Elima-Jeune,61266,WR,FRESNO ST,4,100.0,0,169,60.8,,60.9,0,0,0,,,,0,0,0,8,0,0,0,8,0,0,0,0,8,0
Jordan Byrd,83748,HB,S DIEGO ST,11,15.4,0,284,55.7,67.9,53.7,0,0,1,4.5,4.3,100.0,0,0,0,8,0,0,0,52,1,23,0,0,7,1
Clayton Welch,60546,QB,SYRACUSE,1,100.0,0,304,60.0,,60.0,0,0,0,,,,0,0,0,8,0,0,0,8,0,0,0,0,8,0
Praise Okorie,78783,WR,LA TECH,3,27.6,0,208,61.5,,60.5,0,0,0,0.0,0.0,,0,0,0,8,0,0,0,29,0,20,0,0,8,0
Heston Paige,59660,C,COLORADO,2,100.0,0,143,61.1,,60.8,0,0,0,,,,0,0,0,8,8,0,0,8,0,0,0,0,8,0
Patrick Brown,60860,TE,BOSTON COL,2,72.7,0,121,51.0,,52.8,0,0,0,0.0,0.0,,0,0,0,8,0,0,0,11,0,3,0,0,8,11
Sam Denmark,42209,WR,VA TECH,3,100.0,0,337,60.5,,60.7,0,0,0,,,,0,0,0,8,0,0,0,8,0,0,0,0,8,0
Kenneth Sims,54488,G,COAST CAR,1,100.0,0,141,64.9,69.8,64.3,0,0,1,100.0,100.0,100.0,0,0,0,8,0,0,0,8,1,1,8,0,7,0
Tyler Shough,83537,QB,OREGON,3,100.0,0,264,60.1,,60.0,0,0,0,,,,0,0,0,8,0,0,0,8,0,0,0,0,8,0
Jordan Wright,45681,HB,LA LAFAYET,6,29.6,0,207,68.4,67.9,74.3,0,0,1,12.5,11.1,100.0,0,0,0,8,0,0,0,27,1,9,0,0,7,0
Michael Jurgens,77345,C,WAKE,1,100.0,0,339,66.4,,65.7,0,0,0,,,,0,0,0,8,8,0,0,8,0,0,0,0,8,0
Shannon Brooks,35029,HB,MINNESOTA,1,17.8,0,225,64.8,75.3,60.0,0,0,5,27.8,27.8,100.0,0,0,0,8,0,0,0,45,5,18,0,0,3,0
Cedric Patterson III,84332,WR,NEW MEXICO,3,32.0,0,241,46.1,,60.8,0,0,0,0.0,0.0,,0,0,0,8,0,0,0,25,0,17,0,0,8,0
Caden Leggett,78151,WR,TEXAS TECH,4,34.8,0,315,64.3,,81.3,0,0,0,0.0,0.0,,0,0,0,8,0,0,0,23,0,15,0,0,8,0
Zach Sweeney,60169,C,UCLA,1,100.0,0,324,60.6,77.5,59.6,0,0,6,100.0,100.0,100.0,0,0,0,8,8,0,0,8,6,6,0,0,2,0
Devin Adams,39892,QB,AUBURN,2,61.5,0,115,42.0,,60.0,0,0,0,,,,0,0,0,8,0,0,0,13,0,0,0,0,8,0
Giles Amos,60835,TE,ALABAMA,2,100.0,0,103,57.3,,56.9,0,0,0,,,,0,0,0,8,0,0,0,8,0,0,0,0,8,7
Hunter Kaufman,61344,WR,KANSAS,2,100.0,0,198,60.2,,59.7,0,0,0,,,,0,0,0,8,0,0,0,8,0,0,0,0,8,0
Colin Yang,60126,C,TEXAS TECH,2,100.0,0,315,57.9,,57.9,0,0,0,,,,0,0,0,8,8,0,0,8,0,0,0,0,8,0
Andrew Boykin,61712,WR,TEXAS A&M,1,88.9,0,312,60.9,,60.6,0,0,0,0.0,0.0,,0,0,0,8,0,0,0,9,0,1,0,0,8,0
Damontay Rhem,57343,HB,NC STATE,6,32.0,0,248,52.9,74.5,59.5,0,0,3,30.0,27.3,100.0,0,0,0,8,0,0,0,25,3,11,0,0,5,2
Griffin Palmer,42087,TE,ILLINOIS,2,100.0,0,187,60.0,65.4,59.0,0,0,1,100.0,100.0,100.0,0,0,0,8,0,0,0,8,1,1,0,0,7,3
Logan Burnett,39867,QB,MISS STATE,2,72.7,0,227,77.4,,60.0,0,0,0,0.0,0.0,,0,0,0,8,0,0,0,11,0,2,0,0,8,0
Erik Lawson,61217,WR,COLORADO,2,100.0,0,143,60.2,,60.0,0,0,0,,,,0,0,0,8,0,0,0,8,0,0,0,0,8,3
Curtis Chiaverini,61219,WR,COLORADO,2,100.0,0,143,60.2,,59.7,0,0,0,,,,0,0,0,8,0,0,0,8,0,0,0,0,8,3
Realus George Jr.,77029,FB,MIAMI FL,2,88.9,0,220,64.2,,65.6,0,0,0,0.0,0.0,,0,0,0,8,0,0,0,9,0,1,0,0,8,1
John Stephen Jones,82078,QB,ARKANSAS,3,40.0,0,111,29.7,,60.0,0,0,0,0.0,0.0,,0,0,0,8,0,0,0,20,0,11,0,0,8,0
Floyd Allen,61455,WR,OLE MISS,4,36.4,0,226,80.9,,61.2,0,0,0,0.0,0.0,,0,0,0,8,0,0,0,22,0,14,0,0,8,0
Tyrese Johnson,61449,WR,MIDDLE TN,3,88.9,0,224,59.0,63.1,60.5,0,0,1,50.0,50.0,100.0,0,0,0,8,0,0,0,9,1,2,0,0,7,0
Pahl Schwab,37005,T,WYOMING,4,100.0,0,351,70.6,67.9,73.6,0,0,1,100.0,100.0,100.0,0,0,0,8,0,0,5,8,1,1,0,0,7,0
Peyton Hall,34892,WR,UTSA,3,66.7,0,331,56.4,,60.7,0,0,0,0.0,0.0,,0,0,0,8,0,0,0,12,0,4,0,0,8,0
Jack Reichel,46755,G,TEXAS TECH,2,100.0,0,315,72.2,,71.7,0,0,0,,,,0,0,0,8,0,0,0,8,0,0,8,0,8,0
Mykel Jones,40980,WR,OKLAHOMA,2,66.7,0,261,67.3,,60.1,0,0,0,0.0,0.0,,0,0,0,8,0,0,0,12,0,4,0,0,8,0
Niko Yaramus,41759,G,NAVY,1,100.0,0,237,60.7,,60.4,0,0,0,,,,0,0,0,8,0,0,0,8,0,0,8,0,8,0
Jon Lucier,30374,TE,UMASS,2,100.0,0,216,50.6,,51.1,0,0,0,,,,0,0,0,8,0,0,0,8,0,0,0,0,8,8
D'Angelo Ellis,49479,WR,RICE,3,21.6,0,275,75.2,,61.4,0,0,0,0.0,0.0,,0,0,0,8,0,0,0,37,0,27,0,0,8,0
Henry Klinge III,58527,G,BAYLOR,2,100.0,0,118,63.6,,63.2,0,0,0,,,,0,0,0,8,0,0,0,8,0,0,8,0,8,0
Paul Gossage,33518,WR,MINNESOTA,2,88.9,0,225,59.4,,61.6,0,0,0,0.0,0.0,,0,0,0,8,0,0,0,9,0,1,0,0,8,0
Dawson Downing,42539,HB,MISSOURI,4,42.1,0,229,57.2,74.6,60.0,0,0,2,50.0,40.0,100.0,0,0,0,8,0,0,0,19,2,5,0,0,6,0
Hayden Sturdevant,57105,G,SO MISS,2,100.0,0,296,63.1,,62.7,0,0,0,,,,0,0,0,8,0,4,0,8,0,0,4,0,8,0
Dylan Koch,40924,TE,BALL ST,2,61.5,0,117,38.5,64.5,36.8,0,0,0,0.0,16.7,,0,0,0,8,0,0,0,13,1,6,0,0,7,6
Dylan Porter,59918,G,NEVADA,1,100.0,0,239,52.8,,52.8,0,0,0,,,,0,0,0,8,0,0,0,8,0,0,8,0,8,0
Jacob West,43712,TE,MICHIGAN,3,100.0,0,222,56.6,,56.6,0,0,0,,,,0,0,0,8,0,0,0,8,0,0,0,0,8,8
Terrence Horne,86859,WR,USF,3,25.8,0,327,63.2,,55.3,0,0,0,0.0,0.0,,0,0,0,8,0,0,0,31,0,20,0,0,8,0
Mitchell Lewis,61435,TE,MIAMI OH,5,66.7,0,221,55.1,,59.8,0,0,0,0.0,0.0,,0,0,0,8,0,0,0,12,0,4,0,0,8,3
Wyatt Richthofen,41680,T,SO MISS,2,100.0,0,296,60.9,,60.5,0,0,0,,,,0,0,0,8,4,0,4,8,0,0,0,0,8,0
Noah Vedral,55406,QB,NEBRASKA,1,30.4,0,238,29.0,,60.0,0,0,0,0.0,0.0,,0,0,0,7,0,0,0,23,0,12,0,0,7,0
Gemonta Jackson,34042,HB,DOMINION,4,17.5,0,263,56.5,21.1,60.0,0,1,5,15.6,15.6,90.0,0,1,0,7,0,0,0,40,5,32,0,0,2,0
Micah Clark,60035,G,RUTGERS,1,100.0,0,278,65.8,,65.4,0,0,0,,,,0,0,0,7,0,0,0,7,0,0,7,0,7,0
Owen Bowles,60036,C,RUTGERS,1,100.0,0,278,59.5,,59.3,0,0,0,,,,0,0,0,7,7,0,0,7,0,0,0,0,7,0
Micah Wilson,40104,QB,MISSOURI,2,46.7,0,229,32.0,,60.0,0,0,0,,,,0,0,0,7,0,0,0,15,0,0,0,0,7,0
Nicholas Ducheine,60954,TE,MIAMI FL,4,100.0,0,220,61.1,,61.0,0,0,0,,,,0,0,0,7,0,0,0,7,0,0,0,0,7,6
Cam McCormick,41982,TE,OREGON,1,63.6,0,264,58.4,65.3,59.3,0,0,1,25.0,20.0,100.0,0,0,0,7,0,0,0,11,1,5,0,0,6,7
Jaquarius Bargnare,28926,WR,UCF,1,100.0,0,323,60.4,,60.5,0,0,0,,,,0,0,0,7,0,0,0,7,0,0,0,0,7,0
Tyliek Raynor,40131,HB,TEMPLE,4,21.9,0,306,54.9,7.6,60.0,0,2,5,29.4,27.8,80.0,0,2,0,7,0,0,0,32,5,18,0,0,2,0
Drake Stoops,78087,WR,OKLAHOMA,2,43.8,0,261,64.7,,60.3,0,0,0,0.0,0.0,,0,0,0,7,0,0,0,16,0,9,0,0,7,0
Marshall Few,61426,WR,MIAMI FL,3,87.5,0,220,58.8,,61.0,0,0,0,0.0,0.0,,0,0,0,7,0,0,0,8,0,1,0,0,7,0
Henry Thomas,78076,WR,HOUSTON,1,43.8,0,182,78.8,,60.4,0,0,0,0.0,0.0,,0,0,0,7,0,0,0,16,0,9,0,0,7,0
Lorenzo Harrison III,45821,HB,MARYLAND,2,28.0,0,215,78.5,76.4,68.2,0,0,3,30.0,30.0,100.0,1,0,0,7,0,0,0,25,3,10,0,0,4,0
Patrick Volcy,52110,WR,UMASS,1,100.0,0,216,60.5,,60.7,0,0,0,,,,0,0,0,7,0,0,0,7,0,0,0,0,7,0
Ty Scott,78042,WR,C MICHIGAN,1,29.2,0,134,52.8,,61.3,0,0,0,0.0,0.0,,0,0,0,7,0,0,0,24,0,17,0,0,7,0
Cyrus Habibi-Likio,57379,HB,OREGON,8,29.2,0,264,82.6,,60.0,0,0,0,,,,0,0,0,7,0,0,0,24,0,0,0,0,7,0
Jake Hausmann,40987,TE,OHIO STATE,2,63.6,0,260,62.6,,70.4,0,0,0,0.0,0.0,,0,0,0,7,0,0,0,11,0,4,0,0,7,9
Daniel Gothard,41845,G,GEORGIA,2,100.0,0,173,61.5,,61.2,0,0,0,,,,0,0,0,7,0,4,0,7,0,0,0,3,7,0
Brian Garvey,41835,C,TENNESSEE,2,100.0,0,307,65.1,,66.0,0,0,0,,,,0,0,0,7,7,0,0,7,0,0,0,0,7,0
Justin Dunn,78011,WR,NC STATE,1,77.8,0,248,57.8,,60.5,0,0,0,0.0,0.0,,0,0,0,7,0,0,0,9,0,2,0,0,7,0
Jamarye Joiner,82071,QB,ARIZONA,2,36.8,0,109,51.3,,60.0,0,0,0,0.0,0.0,,0,0,0,7,0,0,0,19,0,7,0,0,7,0
Joey Gatewood,82088,QB,AUBURN,1,53.8,0,115,56.2,,60.0,0,0,0,0.0,0.0,,0,0,0,7,0,0,0,13,0,1,0,0,7,0
Joe Milton III,82151,QB,MICHIGAN,4,38.9,0,222,62.3,,60.0,0,0,0,0.0,0.0,,0,0,0,7,0,0,0,18,0,6,0,0,7,0
Joe Hardison,78000,WR,DUKE,2,100.0,0,154,60.8,,61.2,0,0,0,,,,0,0,0,7,0,0,0,7,0,0,0,0,7,0
Dennis Smith,77996,WR,DUKE,1,100.0,0,154,60.8,,61.2,0,0,0,,,,0,0,0,7,0,0,0,7,0,0,0,0,7,0
Austyn Chestnut,61509,WR,N CAROLINA,2,70.0,0,245,56.8,,60.4,0,0,0,0.0,0.0,,0,0,0,7,0,0,0,10,0,3,0,0,7,0
Joe Ludwig,82522,FB,IOWA,3,70.0,0,192,58.6,,58.9,0,0,0,0.0,0.0,,0,0,0,7,0,0,0,10,0,3,0,0,7,0
J.T. Cauthen,61514,WR,N CAROLINA,1,100.0,0,245,60.4,,60.3,0,0,0,,,,0,0,0,7,0,0,0,7,0,0,0,0,7,0
Turner Simmers,36261,G,LSU,2,100.0,0,211,55.7,,55.5,0,0,0,,,,0,0,0,7,0,4,0,7,0,0,3,0,7,0
Isaiah Spencer,83536,TE,DOMINION,4,16.7,0,263,59.3,,58.6,0,0,0,0.0,0.0,,1,0,0,7,0,0,0,42,0,33,0,0,7,8
Jack Richardson,40124,QB,STANFORD,4,77.8,0,300,59.9,,60.0,0,0,0,0.0,0.0,,0,0,0,7,0,0,0,9,0,2,0,0,7,0
Marcel Dancy,83642,HB,CAL,3,19.4,0,130,77.0,25.9,58.1,0,0,4,20.0,20.0,100.0,0,0,0,7,0,0,0,36,4,20,0,0,3,0
Ja'Quain Blakely,42579,FB,TENNESSEE,3,100.0,0,307,50.2,,45.7,0,0,0,,,,0,0,0,7,0,0,0,7,0,0,0,0,7,0
Matt Guidry,32871,WR,UTSA,5,31.8,0,331,64.5,,60.0,0,0,0,0.0,0.0,,0,0,0,7,0,0,0,22,0,5,0,0,7,0
Jeremy Banks,83769,HB,TENNESSEE,7,9.9,0,307,66.2,76.4,58.1,0,0,3,21.4,21.4,100.0,1,0,0,7,0,0,0,71,3,14,0,0,4,0
Trent Pennix,77726,HB,NC STATE,4,13.2,0,248,54.7,78.3,60.0,0,0,5,17.2,17.2,100.0,0,0,0,7,0,0,0,53,5,29,0,0,2,0
Troy James,57019,FB,OKLAHOMA,5,87.5,0,261,51.2,,49.0,0,0,0,0.0,0.0,,0,0,0,7,0,0,0,8,0,1,0,0,7,0
Javian Hawkins,77704,HB,LOUISVILLE,4,58.3,0,210,44.9,72.6,58.2,0,0,1,25.0,25.0,100.0,0,0,0,7,0,0,0,12,1,4,0,0,6,0
Joseph Gilbertson,59772,G,KANSAS,1,100.0,0,198,50.4,,50.4,0,0,0,,,,0,0,0,7,0,7,0,7,0,0,0,0,7,0
Britton Beasley,81535,T,AIR FORCE,1,100.0,0,101,52.3,,52.2,0,0,0,,,,0,0,0,7,0,0,0,7,0,0,0,7,7,0
Sam Wiglusz,88315,WR,OHIO STATE,1,100.0,0,260,60.8,,61.2,0,0,0,,,,0,0,0,7,0,0,0,7,0,0,0,0,7,0
Henry Bazakas,36548,T,CAL,1,100.0,0,130,63.5,70.8,62.8,0,0,2,100.0,100.0,100.0,0,0,0,7,0,0,0,7,2,2,1,6,5,0
Matthew Philichi,37598,TE,AIR FORCE,1,100.0,0,101,60.4,,60.2,0,0,0,,,,0,0,0,7,0,0,0,7,0,0,0,0,7,3
Ashton Johnson,40596,HB,LA LAFAYET,5,36.8,0,207,66.5,67.9,57.1,0,0,0,0.0,20.0,,0,0,0,7,0,0,0,19,1,5,0,0,6,0
Geor'Quarius Spivey,84010,TE,MISS STATE,3,87.5,0,227,60.8,67.9,60.5,0,0,2,66.7,66.7,100.0,0,0,0,7,0,0,0,8,2,3,0,0,5,5
Derrick Deese Jr.,84043,TE,S JOSE ST,1,77.8,0,285,57.0,69.0,57.2,0,0,2,50.0,50.0,100.0,0,0,0,7,0,0,0,9,2,4,0,0,5,9
Colt Garrett,40602,QB,TEXAS TECH,2,53.8,0,315,82.9,,60.0,0,0,0,0.0,0.0,,0,0,0,7,0,0,0,13,0,2,0,0,7,0
Nick Williams,77481,T,KANSAS,1,100.0,0,198,57.8,,57.1,0,0,0,,,,0,0,0,7,0,0,7,7,0,0,0,0,7,0
Reuben Lewis,77476,G,KANSAS,1,100.0,0,198,64.5,,64.1,0,0,0,,,,0,0,0,7,0,0,0,7,0,0,7,0,7,0
Daniel Arias,84165,WR,COLORADO,4,31.8,0,143,67.2,,60.9,0,0,0,0.0,0.0,,0,0,0,7,0,0,0,22,0,15,0,0,7,0
Brandon Robinson,84179,WR,FAU,1,100.0,0,165,60.5,,60.7,0,0,0,,,,0,0,0,7,0,0,0,7,0,0,0,0,7,0
Jalil Irvin,81588,G,AUBURN,1,100.0,0,115,59.7,67.3,59.2,0,0,1,100.0,100.0,100.0,0,0,0,7,0,0,0,7,1,1,7,0,6,0
Caleb Repp,34839,ED,UTAH,2,58.3,0,328,45.5,67.3,46.8,0,0,1,16.7,16.7,100.0,0,0,0,7,0,0,0,12,1,6,0,0,6,12
Nick Sproles,40920,HB,FLORIDA,3,87.5,0,163,49.0,,60.0,0,0,0,0.0,0.0,,0,0,0,7,0,0,0,8,0,1,0,0,7,0
Naquan Renalds,84280,WR,MARSHALL,2,100.0,0,214,61.0,,61.3,0,0,0,,,,0,0,0,7,0,0,0,7,0,0,0,0,7,0
Randal Grimes,61774,WR,USC,3,70.0,0,326,56.2,,60.1,0,0,0,0.0,0.0,,0,0,0,7,0,0,0,10,0,3,0,0,7,0
Tayvon Bowers,55447,QB,WAKE,1,87.5,0,339,61.2,,60.0,0,0,0,,,,0,0,0,7,0,0,0,8,0,0,0,0,7,0
Patrick Zeller,47410,WR,TCU,2,87.5,0,305,58.7,,60.5,0,0,0,0.0,0.0,,0,0,0,7,0,0,0,8,0,1,0,0,7,0
Dasean Cannon,55595,WR,FAU,1,87.5,0,165,68.9,,81.9,0,0,0,0.0,0.0,,0,0,0,7,0,0,0,8,0,1,0,0,7,0
Bryce Ford-Wheaton,78127,WR,W VIRGINIA,2,53.8,0,343,55.4,,61.1,0,0,0,0.0,0.0,,0,0,0,7,0,0,0,13,0,6,0,0,7,0
Robert Mayo,84360,WR,DOMINION,1,100.0,0,263,60.9,,61.3,0,0,0,,,,0,0,0,7,0,0,0,7,0,0,0,0,7,0
Dillon Sterling-Cole,46390,QB,ARIZONA ST,2,58.3,0,110,84.0,,60.0,0,0,0,0.0,0.0,,0,0,0,7,0,0,0,12,0,2,0,0,7,0
D'Anfernee McGriff,61254,FB,FAU,2,70.0,0,165,61.7,,67.4,0,0,0,0.0,0.0,,0,0,0,7,0,0,0,10,0,3,0,0,7,6
Amad Anderson Jr.,84380,WR,PURDUE,1,87.5,0,273,58.2,,59.8,0,0,0,0.0,0.0,,0,0,0,7,0,0,0,8,0,1,0,0,7,0
Jordan Bonner,84382,WR,PURDUE,1,87.5,0,273,58.5,,60.8,0,0,0,0.0,0.0,,0,0,0,7,0,0,0,8,0,1,0,0,7,0
Taylor Boose,34562,HB,CINCINNATI,1,50.0,0,138,78.9,71.5,73.3,0,0,1,100.0,100.0,100.0,0,0,0,7,0,0,0,14,1,1,0,0,6,0
Will Register,61015,TE,S CAROLINA,2,53.8,0,289,70.7,,77.8,0,0,0,0.0,0.0,,0,0,0,7,0,0,0,13,0,6,0,0,7,13
Cade Weldon,60448,QB,MIAMI FL,4,46.7,0,220,29.5,,60.0,0,0,0,0.0,0.0,,0,0,0,7,0,0,0,15,0,4,0,0,7,0
Justin Dworaczyk,36924,T,TEXAS A&M,2,100.0,0,312,50.6,,50.1,0,0,0,,,,0,0,0,7,0,0,3,7,0,0,0,4,7,0
Asa Martin,83633,HB,AUBURN,6,22.2,0,115,58.0,26.4,66.8,0,0,1,12.5,11.1,100.0,0,0,0,6,0,0,0,27,1,9,0,0,5,0
Jawan Nobles,40888,WR,GA STATE,1,100.0,0,175,60.7,,61.1,0,0,0,,,,0,0,0,6,0,0,0,6,0,0,0,0,6,0
Ellijah Gardiner,61564,WR,OHIO STATE,2,75.0,0,260,56.5,,60.6,0,0,0,0.0,0.0,,0,0,0,6,0,0,0,8,0,2,0,0,6,0
Trey Ross,83929,TE,APP STATE,1,85.7,0,108,57.8,,58.1,0,0,0,0.0,0.0,,0,0,0,6,0,0,0,7,0,1,0,0,6,4
Dre Massey,42396,WR,FLORIDA,1,30.0,0,163,59.9,,57.6,0,0,0,0.0,0.0,,0,0,0,6,0,0,0,20,0,14,0,0,6,0
Zach Williams,83932,TE,ARIZONA,1,50.0,0,109,61.0,,40.4,0,0,0,0.0,0.0,,0,0,0,6,0,0,0,12,0,6,0,0,6,0
Darrian Felix,57377,HB,OREGON,2,22.2,0,264,60.3,77.0,60.0,0,0,4,40.0,36.4,100.0,0,0,0,6,0,0,0,27,4,11,0,0,2,0
Trevor Campbell,60241,G,W MICHIGAN,1,100.0,0,347,64.9,,64.5,0,0,0,,,,0,0,0,6,0,6,0,6,0,0,0,0,6,0
Romello Harris,40427,HB,FRESNO ST,4,46.2,0,169,80.6,,60.0,0,0,0,0.0,0.0,,0,0,0,6,0,0,0,13,0,1,0,0,6,0
Cole Lerch,91855,LS,TEMPLE,7,85.7,0,306,60.0,85.2,60.0,0,0,4,100.0,100.0,100.0,0,0,0,6,0,0,0,7,4,4,0,0,2,0
Jack West,83558,QB,STANFORD,2,50.0,0,300,59.3,,60.0,0,0,0,0.0,0.0,,0,0,0,6,0,0,0,12,0,5,0,0,6,0
Jackson Knipper,56947,TE,W MICHIGAN,1,100.0,0,347,59.5,,59.2,0,0,0,,,,0,0,0,6,0,0,0,6,0,0,0,0,6,6
Herman McCray IV,83975,TE,GA STATE,1,100.0,0,175,55.1,,54.8,0,0,0,,,,0,0,0,6,0,0,0,6,0,0,0,0,6,6
Billy Kemp IV,77037,WR,VIRGINIA,8,22.2,0,335,51.8,,60.7,0,0,0,0.0,0.0,,0,0,0,6,0,0,0,27,0,21,0,0,6,0
James Graham,77621,QB,GA TECH,3,46.2,0,176,66.3,,60.0,0,0,0,0.0,0.0,,0,0,0,6,0,0,0,13,0,4,0,0,6,0
Malik Wooldridge,61096,WR,AKRON,4,54.5,0,102,44.2,,61.7,0,0,0,0.0,0.0,,0,0,0,6,0,0,0,11,0,5,0,0,6,0
Robert Lewis,47715,WR,WASH STATE,4,31.6,0,341,55.6,,40.9,0,0,0,0.0,0.0,,0,0,0,6,0,0,0,19,0,13,0,0,6,0
Ryan Armour,45028,LS,MICH STATE,5,100.0,0,223,60.0,80.9,60.0,0,0,3,100.0,100.0,100.0,0,0,0,6,0,0,0,6,3,3,0,0,3,0
Luke Schoonmaker,84005,TE,MICHIGAN,1,100.0,0,222,56.5,68.7,55.4,0,0,1,100.0,100.0,100.0,0,0,0,6,0,0,0,6,1,1,0,0,5,6
Ricky Johns,60786,WR,W VIRGINIA,2,85.7,0,343,58.6,,61.1,0,0,0,0.0,0.0,,0,0,0,6,0,0,0,7,0,1,0,0,6,0
Tim Patrick Jr.,84481,WR,UTAH ST,2,85.7,0,329,59.1,,61.2,0,0,0,0.0,0.0,,0,0,0,6,0,0,0,7,0,1,0,0,6,0
Brad Cumbest,84011,TE,MISS STATE,3,60.0,0,227,78.4,,75.3,0,0,0,0.0,0.0,,0,0,0,6,0,0,0,10,0,4,0,0,6,5
Ahmmon Richards,42206,WR,MIAMI FL,1,37.5,0,220,63.9,,60.9,0,0,0,0.0,0.0,,0,0,0,6,0,0,0,16,0,10,0,0,6,0
Kendrick Jackson,39076,FB,ARKANSAS,3,85.7,0,111,64.7,,68.8,0,0,0,0.0,0.0,,0,0,0,6,0,0,0,7,0,1,0,0,6,0
Roderic Teamer,51405,S,TULANE,2,100.0,0,319,60.0,,60.0,0,0,0,,,,1,0,0,6,0,0,0,6,0,0,0,0,6,0
Quintin Wilson,53330,G,KENTUCKY,1,100.0,0,202,67.2,,66.8,0,0,0,,,,0,0,0,6,0,6,0,6,0,0,0,0,6,0
Dave Small,52294,HB,USF,2,54.5,0,327,63.2,76.7,60.0,0,0,5,83.3,83.3,100.0,0,0,0,6,0,0,0,11,5,6,0,0,1,0
Brandon Hinds,78168,WR,W MICHIGAN,1,100.0,0,347,60.6,,60.7,0,0,0,,,,0,0,0,6,0,0,0,6,0,0,0,0,6,0
Troy Duncan,77999,WR,DUKE,2,100.0,0,154,60.8,,61.2,0,0,0,,,,0,0,0,6,0,0,0,6,0,0,0,0,6,0
Zack Mesday,26506,ED,TEMPLE,6,100.0,0,306,60.4,76.7,60.0,0,0,4,100.0,100.0,100.0,0,0,0,6,0,0,0,6,4,4,0,0,2,0
Alex Allen,40838,TE,LA LAFAYET,1,75.0,0,207,57.5,64.4,58.3,0,0,1,50.0,33.3,100.0,0,0,0,6,0,0,0,8,1,3,0,0,5,5
Greg Dulcich,84068,TE,UCLA,2,33.3,0,324,54.3,,61.0,0,0,0,0.0,0.0,,0,0,0,6,0,0,0,18,0,12,0,0,6,0
Thomas Vieira,61503,WR,NEW MEXICO,4,42.9,0,241,60.2,,78.3,0,0,0,0.0,0.0,,0,0,0,6,0,0,0,14,0,8,0,0,6,0
Kyle McCombs,52277,TE,STANFORD,2,85.7,0,300,49.5,,49.2,0,0,0,0.0,0.0,,0,0,0,6,0,0,0,7,0,1,0,0,6,6
Sean Daniel,33310,WR,VA TECH,3,100.0,0,337,60.7,,61.0,0,0,0,,,,0,0,0,6,0,0,0,6,0,0,0,0,6,0
Phil Paea,56717,G,MICHIGAN,2,100.0,0,222,57.5,,57.3,0,0,0,,,,0,0,0,6,0,0,0,6,0,0,6,0,6,0
Jaylen Gipson,60561,QB,TEXAS ST,5,31.6,0,314,35.3,,60.0,0,0,0,0.0,0.0,,0,0,0,6,0,0,0,19,0,7,0,0,6,0
Antonio Dicerbo,56690,TE,MARYLAND,4,100.0,0,215,47.3,17.7,56.4,0,0,1,100.0,100.0,0.0,0,1,1,6,0,0,0,6,1,1,0,0,5,6
Leroy Franklin,61378,WR,LA LAFAYET,1,100.0,0,207,60.7,,61.1,0,0,0,,,,0,0,0,6,0,0,0,6,0,0,0,0,6,0
Tanner Prenovost,38474,C,CAL,1,100.0,0,130,58.2,69.4,57.7,0,0,1,100.0,100.0,100.0,0,0,0,6,6,0,0,6,1,1,0,0,5,0
Brett Foley,35702,TE,S JOSE ST,5,33.3,0,285,80.5,34.6,49.7,1,0,2,16.7,20.0,75.0,0,1,0,6,0,0,0,18,3,15,0,0,3,16
Jailen Bailey,84104,WR,ARIZONA,2,85.7,0,109,58.8,,61.0,0,0,0,0.0,0.0,,0,0,0,6,0,0,0,7,0,1,0,0,6,0
Aidan Hegarty,40382,WR,BOSTON COL,1,75.0,0,121,57.8,,60.7,0,0,0,0.0,0.0,,0,0,0,6,0,0,0,8,0,2,0,0,6,0
Trey Tinsley,39874,QB,WASH STATE,5,31.6,0,341,30.0,,60.0,0,0,0,0.0,0.0,,0,0,0,6,0,0,0,19,0,9,0,0,6,0
Davis Mills,52269,QB,STANFORD,1,60.0,0,300,29.2,,60.0,0,0,0,0.0,0.0,,0,0,0,6,0,0,0,10,0,4,0,0,6,0
Jalen Jordan,84388,WR,RUTGERS,4,60.0,0,278,46.6,,60.9,0,0,0,0.0,0.0,,0,0,0,6,0,0,0,10,0,4,0,0,6,0
Luke Burnette,81551,T,APP STATE,1,100.0,0,108,51.4,73.7,49.2,0,0,1,100.0,100.0,100.0,0,0,0,6,0,0,0,6,1,1,0,6,5,0
Merek Pierce,57400,HB,SMU,3,24.0,0,287,64.7,,58.8,0,0,0,0.0,0.0,,0,0,0,6,0,0,0,25,0,8,0,0,6,0
Emonee Spence,39505,WR,LOUISVILLE,2,26.1,0,210,59.3,,60.5,0,0,0,0.0,0.0,,0,0,0,6,0,0,0,23,0,17,0,0,6,0
Freddie Booth-Lloyd,48962,DI,TEMPLE,6,60.0,0,306,66.5,,60.1,0,0,0,0.0,0.0,,1,0,0,6,0,0,0,10,0,1,0,0,6,1
Nick Fazio,36746,T,AKRON,2,100.0,0,102,59.5,68.1,58.7,0,0,1,100.0,100.0,100.0,0,0,0,6,0,0,0,6,1,1,0,5,5,0
Nijee Cox,35730,TE,DOMINION,1,54.5,0,263,39.5,68.3,56.5,0,0,2,28.6,28.6,100.0,0,0,0,6,0,0,0,11,2,7,0,0,4,7
Todd Jones,35743,LB,TEMPLE,6,100.0,0,306,60.0,83.3,60.0,0,0,4,100.0,100.0,100.0,0,0,0,6,0,0,0,6,4,4,0,0,2,0
Quinn Oseland,36914,T,MINNESOTA,2,100.0,0,225,66.2,,65.9,0,0,0,,,,0,0,0,6,0,0,3,6,0,0,3,0,6,0
Brey Walker,77446,T,OKLAHOMA,1,100.0,0,261,59.7,66.6,58.9,0,0,1,100.0,100.0,100.0,0,0,0,6,0,0,6,6,1,1,0,0,5,0
Aidan Willard,52119,QB,OREGON ST,1,75.0,0,265,28.6,,60.0,0,0,0,0.0,0.0,,0,0,0,6,0,0,0,8,0,2,0,0,6,0
Clayton Woods,37044,C,OKLAHOMA,1,100.0,0,261,61.4,,61.4,0,0,0,,,,0,0,0,6,6,0,0,6,0,0,0,0,6,0
Melvin Hill,52107,WR,UMASS,1,100.0,0,216,60.6,,60.8,0,0,0,,,,0,0,0,6,0,0,0,6,0,0,0,0,6,0
Cannon Montgomery,78054,WR,TULSA,2,100.0,0,320,60.7,,61.1,0,0,0,,,,0,0,0,6,0,0,0,6,0,0,0,0,6,0
Julon Williams,78074,WR,HOUSTON,2,23.1,0,182,56.9,,49.0,0,0,0,0.0,0.0,,0,0,0,6,0,0,0,26,0,20,0,0,6,0
Kekaniokoa Holomalia-Gonzalez,81593,T,BOISE ST,2,100.0,0,120,58.0,69.8,56.2,0,0,2,100.0,100.0,100.0,0,0,0,6,0,0,0,6,2,2,0,0,4,1
Dexter Lawrence,25991,DI,CLEMSON,7,75.0,0,140,77.2,,80.9,0,0,0,0.0,0.0,,1,0,0,6,0,0,0,8,0,1,0,0,6,0
Peyton Sawyer,78077,WR,HOUSTON,2,28.6,0,182,65.0,,81.5,0,0,0,0.0,0.0,,0,0,0,6,0,0,0,21,0,15,0,0,6,0
Will Windham,28768,G,IOWA STATE,2,100.0,0,193,65.9,73.7,64.6,0,0,2,100.0,100.0,100.0,0,0,0,6,1,5,0,6,2,2,0,0,4,0
Chad President,28862,QB,TULSA,5,50.0,0,320,56.3,,60.0,0,0,0,,,,0,0,0,6,0,0,0,12,0,0,0,0,6,0
Andrew McKinnis,41305,WR,TULSA,1,100.0,0,320,60.5,,60.5,0,0,0,,,,0,0,0,6,0,0,0,6,0,0,0,0,6,0
Orryn Nicholson,57464,FB,UTSA,4,66.7,0,331,55.5,51.0,55.7,0,1,3,50.0,50.0,83.3,0,1,0,6,0,0,0,9,3,6,0,0,3,5
Andrew Gray,28970,TE,BUFFALO,3,100.0,0,126,60.3,,60.0,0,0,0,,,,0,0,0,6,0,0,0,6,0,0,0,0,6,5
David Zavala,36789,G,NEW MEXICO,1,100.0,0,241,55.7,,55.6,0,0,0,,,,0,0,0,6,0,6,0,6,0,0,0,0,6,0
Steven David,78202,WR,OHIO,2,85.7,0,259,60.0,,60.1,0,0,0,0.0,0.0,,0,0,0,6,0,0,0,7,0,1,0,0,6,0
Ronald Rudd,59817,G,LOUISVILLE,1,100.0,0,210,56.8,28.9,,1,0,6,100.0,100.0,91.7,0,1,0,6,0,6,0,6,6,6,0,0,0,0
Ray Ladner,58159,TE,SO MISS,3,75.0,0,296,36.1,64.4,53.2,0,0,1,100.0,33.3,100.0,0,0,0,6,0,0,0,8,1,3,0,0,5,4
Devin Burleson,36951,T,WASHINGTON,3,100.0,0,340,59.4,73.4,58.3,0,0,2,100.0,100.0,100.0,0,0,0,6,0,3,0,6,2,2,0,3,4,0
Zeke Martin,36799,G,ILLINOIS,2,100.0,0,187,65.1,,64.8,0,0,0,,,,0,0,0,6,0,6,0,6,0,0,0,0,6,0
Zach Cochrun,60171,T,UCLA,1,100.0,0,324,48.8,,48.0,0,0,0,,,,0,0,0,6,0,0,4,6,0,0,0,2,6,0
Matt Lynch,40546,QB,UCLA,2,85.7,0,324,60.9,,60.0,0,0,0,,,,0,0,0,6,0,0,0,7,0,0,0,0,6,0
Eltoro Allen,57455,HB,UTAH ST,7,7.7,0,329,54.2,70.0,56.5,0,0,1,2.7,2.6,100.0,0,0,0,6,0,0,0,78,1,38,0,0,5,0
Kelan Walker,77749,HB,HOUSTON,2,23.1,0,182,62.6,77.8,60.0,0,0,5,38.5,38.5,100.0,0,0,0,6,0,0,0,26,5,13,0,0,1,0
Mustafa Khaleefah,60806,T,MICH STATE,1,100.0,0,223,67.7,,68.8,0,0,0,,,,0,0,0,6,0,0,0,6,0,0,0,6,6,0
Brandon Mitchell,41214,WR,AKRON,1,75.0,0,102,41.0,,61.1,0,0,0,0.0,0.0,,0,0,0,6,0,0,0,8,0,2,0,0,6,0
Marcelo Rodriguez,60538,QB,SO MISS,1,46.2,0,296,46.0,,60.0,0,0,0,0.0,0.0,,0,0,0,6,0,0,0,13,0,5,0,0,6,0
Isaiah Graham-Mobley,42679,LB,TEMPLE,6,100.0,0,306,60.0,76.7,60.0,0,0,4,100.0,100.0,100.0,1,0,0,6,0,0,0,6,4,4,0,0,2,0
Caden Cunningham,41577,G,LA LAFAYET,2,100.0,0,207,60.0,71.2,59.4,0,0,1,100.0,100.0,100.0,0,0,0,6,3,0,0,6,1,1,3,0,5,0
Robert Rivers,83713,HB,MISS STATE,3,54.5,0,227,75.2,25.6,60.0,1,0,1,100.0,100.0,50.0,0,1,0,6,0,0,0,11,1,1,0,0,5,0
Joshua Gaddy,55042,WR,BUFFALO,2,100.0,0,126,59.3,,58.2,0,0,0,,,,0,0,0,6,0,0,0,6,0,0,0,0,6,0
Kainoa Wilson,32888,WR,WASH STATE,2,66.7,0,341,57.0,,56.0,0,0,0,0.0,0.0,,0,0,0,6,0,0,0,9,0,3,0,0,6,0
Robbie Bell,41191,C,LOUISVILLE,1,100.0,0,210,61.3,77.1,,0,0,6,100.0,100.0,100.0,0,0,0,6,6,0,0,6,6,6,0,0,0,0
Demetri Burch,61587,WR,OREGON,3,54.5,0,264,53.8,,55.2,0,0,0,0.0,0.0,,0,0,0,6,0,0,0,11,0,5,0,0,6,0
Jackson Williamson,60449,QB,MIAMI OH,2,85.7,0,221,60.9,,60.0,0,0,0,,,,0,0,0,6,0,0,0,7,0,0,0,0,6,0
Tom O'Mara,60239,C,W MICHIGAN,1,100.0,0,347,57.5,,57.4,0,0,0,,,,0,0,0,6,6,0,0,6,0,0,0,0,6,0
Michael Cornwell,47929,TE,MARYLAND,2,85.7,0,215,56.7,,56.3,0,0,0,0.0,0.0,,0,0,0,6,0,0,0,7,0,1,0,0,6,3
Mark Allen,32772,HB,PENN STATE,3,11.3,0,266,69.5,76.0,60.0,0,0,2,8.0,11.5,100.0,0,0,0,6,0,0,0,53,3,26,0,0,3,0
Darius Savedge,84362,WR,DOMINION,1,66.7,0,263,73.4,,59.9,0,0,0,0.0,0.0,,0,0,0,6,0,0,0,9,0,3,0,0,6,0
Antawn Chandler,54565,WR,COAST CAR,2,66.7,0,141,56.9,,58.3,0,0,0,0.0,0.0,,0,0,0,6,0,0,0,9,0,3,0,0,6,0
Jeff Burroughs,57097,FB,WYOMING,2,100.0,0,351,56.1,,55.5,0,0,0,,,,0,0,0,6,0,0,0,6,0,0,0,0,6,4
Matt Dorrity,61630,WR,SMU,1,66.7,0,287,56.5,,59.8,0,0,0,0.0,0.0,,0,0,0,6,0,0,0,9,0,3,0,0,6,0
NaJee Thompson,78869,WR,GA SOUTHRN,3,55.6,0,174,70.9,,60.7,0,0,0,0.0,0.0,,0,0,0,5,0,0,0,9,0,4,0,0,5,0
Myller Royals,78147,WR,TEXAS TECH,3,71.4,0,315,66.2,,78.7,0,0,0,0.0,0.0,,0,0,0,5,0,0,0,7,0,2,0,0,5,0
Monroe Young,84153,WR,CAL,1,83.3,0,130,58.2,,60.2,0,0,0,0.0,0.0,,0,0,0,5,0,0,0,6,0,1,0,0,5,0
Justin Smith,57327,FB,NAVY,1,62.5,0,237,75.0,,57.4,0,0,0,0.0,0.0,,0,0,0,5,0,0,0,8,0,3,0,0,5,7
Hayden Sak,36222,LS,N ILLINOIS,4,100.0,0,254,60.0,75.3,60.0,0,0,1,100.0,100.0,100.0,0,0,0,5,0,0,0,5,2,2,0,0,3,0
Cameron Dudeck,34431,FB,NAVY,1,100.0,0,237,59.2,,58.4,0,0,0,,,,0,0,0,5,0,0,0,5,0,0,0,0,5,2
Austin Upshaw,60528,QB,SMU,1,41.7,0,287,71.2,,60.0,0,0,0,0.0,0.0,,0,0,0,5,0,0,0,12,0,3,0,0,5,0
Finn Dirstine,77342,G,BOSTON COL,1,100.0,0,121,60.8,72.0,60.2,0,0,1,100.0,100.0,100.0,0,0,0,5,0,5,0,5,1,1,0,0,4,0
Greg Latushko,54472,WR,COAST CAR,1,100.0,0,141,60.3,,60.3,0,0,0,,,,0,0,0,5,0,0,0,5,0,0,0,0,5,0
Brandon Sinclair,40344,HB,DOMINION,5,13.2,0,263,54.6,38.2,,0,2,5,31.3,31.3,80.0,0,2,0,5,0,0,0,38,5,16,0,0,0,0
J.R. Griffin,61634,HB,SMU,2,33.3,0,287,63.4,72.4,59.2,0,0,2,28.6,28.6,100.0,0,0,0,5,0,0,0,15,2,7,0,0,3,0
DeAndre' Delaney,45211,HB,WAKE,5,17.2,0,339,68.2,,60.0,0,0,0,0.0,0.0,,0,0,0,5,0,0,0,29,0,4,0,0,5,0
Wyatt Rector,77687,QB,W MICHIGAN,1,83.3,0,347,54.5,,60.0,0,0,0,,,,0,0,0,5,0,0,0,6,0,0,0,0,5,0
Drew Lisk,40372,QB,UTAH,1,83.3,0,328,59.4,,60.0,0,0,0,,,,0,0,0,5,0,0,0,6,0,0,0,0,5,0
Marquis Sease,90864,G,CLEMSON,1,100.0,0,140,59.7,68.2,59.3,0,0,1,100.0,100.0,100.0,0,0,0,5,0,5,0,5,1,1,0,0,4,0
Bryce Bramscher,52124,TE,OREGON ST,4,71.4,0,265,57.2,,59.5,0,0,0,0.0,0.0,,0,0,0,5,0,0,0,7,0,2,0,0,5,7
Caleb Kelly,59709,G,GA SOUTHRN,1,100.0,0,174,57.0,,56.9,0,0,0,,,,0,0,0,5,0,0,0,5,0,0,5,0,5,0
Cole Blackman,40083,WR,VIRGINIA,2,38.5,0,335,54.2,,60.7,0,0,0,0.0,0.0,,0,0,0,5,0,0,0,13,0,8,0,0,5,0
Christian Roberson,41870,TE,MISS STATE,3,100.0,0,227,57.5,,57.1,0,0,0,,,,0,0,0,5,0,0,0,5,0,0,0,0,5,5
Tanner Mordecai,77656,QB,OKLAHOMA,2,41.7,0,261,90.5,,60.0,0,0,0,0.0,0.0,,0,0,0,5,0,0,0,12,0,4,0,0,5,0
Tristan Brock,36210,ED,WASH STATE,5,100.0,0,341,62.0,,63.1,0,0,0,,,,0,0,0,5,0,0,0,5,0,0,0,0,5,0
Travis Brannan,40097,FB,NAVY,1,100.0,0,237,66.7,,71.1,0,0,0,,,,0,0,0,5,0,0,0,5,0,0,0,0,5,3
Chase Brown,37061,G,PITTSBURGH,2,100.0,0,268,54.2,73.7,54.6,0,0,2,100.0,100.0,100.0,0,0,0,5,0,0,0,5,2,2,5,0,3,0
Wyatt Fischer,78043,WR,CINCINNATI,1,100.0,0,138,60.5,,60.5,0,0,0,,,,0,0,0,5,0,0,0,5,0,0,0,0,5,0
Jack Peterson,78044,WR,CINCINNATI,2,100.0,0,138,60.5,,60.7,0,0,0,,,,0,0,0,5,0,0,0,5,0,0,0,0,5,0
Alex Tancreto,40875,C,NEVADA,1,100.0,0,239,57.8,,57.5,0,0,0,,,,0,0,0,5,5,0,0,5,0,0,0,0,5,0
Dante Zanders,83963,TE,FLORIDA,2,100.0,0,163,60.4,,60.2,0,0,0,,,,0,0,0,5,0,0,0,5,0,0,0,0,5,4
Reggie Turner,45317,WR,OKLAHOMA,1,83.3,0,261,78.6,,60.3,0,0,0,0.0,0.0,,0,0,0,5,0,0,0,6,0,1,0,0,5,0
Davis Brin,77642,QB,TULSA,1,62.5,0,320,57.6,,60.0,0,0,0,,,,0,0,0,5,0,0,0,8,0,0,0,0,5,0
Austin Kunick,45154,G,BUFFALO,2,100.0,0,126,58.4,,58.2,0,0,0,,,,0,0,0,5,0,5,0,5,0,0,0,0,5,0
Anthony Torres,77939,TE,W MICHIGAN,1,100.0,0,347,59.4,,59.1,0,0,0,,,,0,0,0,5,0,0,0,5,0,0,0,0,5,5
Brett Wilson,36587,C,OKLA STATE,1,100.0,0,262,59.3,74.0,58.2,0,0,2,100.0,100.0,100.0,0,0,0,5,5,0,0,5,2,2,0,0,3,0
Carlos Rubio,59799,T,LA LAFAYET,2,100.0,0,207,68.4,72.8,69.5,0,0,1,100.0,100.0,100.0,0,0,0,5,0,0,0,5,1,1,0,5,4,0
John FitzPatrick,83974,TE,GEORGIA,2,100.0,0,173,50.8,,49.2,0,0,0,,,,0,0,0,5,0,0,0,5,0,0,0,0,5,4
Edwin Carter,84216,WR,ILLINOIS,1,45.5,0,187,91.1,,60.6,0,0,0,0.0,0.0,,0,0,0,5,0,0,0,11,0,6,0,0,5,0
Marquavius Weaver,57291,HB,MEMPHIS,4,25.0,0,218,61.5,69.8,59.6,0,0,1,12.5,12.5,100.0,0,0,0,5,0,0,0,20,1,8,0,0,4,0
Miles Marshall,84224,WR,INDIANA,1,83.3,0,190,58.5,,60.6,0,0,0,0.0,0.0,,0,0,0,5,0,0,0,6,0,1,0,0,5,0
Dustin Burkhart,61098,WR,AKRON,5,26.3,0,102,55.0,,61.5,0,0,0,0.0,0.0,,0,0,0,5,0,0,0,19,0,14,0,0,5,0
Bryce Schulte,83986,TE,IOWA,1,71.4,0,192,66.6,,68.4,0,0,0,0.0,0.0,,0,0,0,5,0,0,0,7,0,2,0,0,5,7
Connor Blumrick,60558,QB,TEXAS A&M,1,55.6,0,312,66.2,,60.0,0,0,0,0.0,0.0,,0,0,0,5,0,0,0,9,0,1,0,0,5,0
D'Andre Hicks,55784,HB,APP STATE,5,11.6,0,108,67.4,,57.2,0,0,0,0.0,0.0,,0,0,0,5,0,0,0,43,0,14,0,0,5,0
Jake Neatherton,57364,HB,OHIO,3,20.0,0,259,72.5,,58.9,0,0,0,0.0,0.0,,0,0,0,5,0,0,0,25,0,1,0,0,5,0
Maaseiah Francis,47354,TE,S ALABAMA,1,55.6,0,288,42.5,,39.8,0,0,0,0.0,0.0,,0,0,0,5,0,0,0,9,0,4,0,0,5,7
Quayvon Skanes,40233,WR,UCONN,4,23.8,0,146,54.6,,60.3,0,0,0,0.0,0.0,,0,0,0,5,0,0,0,21,0,16,0,0,5,0
Devin Jordan,88314,T,AKRON,1,100.0,0,102,67.4,69.9,67.6,0,0,1,100.0,100.0,100.0,0,0,0,5,0,0,5,5,1,1,0,0,4,0
Malcolm Epps,77951,WR,TEXAS,2,71.4,0,311,90.2,,60.7,0,0,0,0.0,0.0,,0,0,0,5,0,0,0,7,0,2,0,0,5,0
Trishton Jackson,41247,WR,SYRACUSE,1,26.3,0,304,75.0,,60.7,0,0,0,0.0,0.0,,0,0,0,5,0,0,0,19,0,14,0,0,5,0
Tyler Tupa,43063,WR,OHIO,3,38.5,0,259,54.0,,60.7,0,0,0,0.0,0.0,,0,0,0,5,0,0,0,13,0,8,0,0,5,0
Katerian Legrone,84016,TE,NEBRASKA,2,38.5,0,238,65.7,65.1,68.8,0,0,1,12.5,12.5,100.0,0,0,0,5,0,0,0,13,1,8,0,0,4,10
Vontravious Hall,83526,QB,NEW MEXICO,1,83.3,0,241,69.3,,60.0,0,0,0,,,,0,0,0,5,0,0,0,6,0,0,0,0,5,0
Jace James,61545,WR,NWESTERN,1,35.7,0,256,54.1,,60.5,0,0,0,0.0,0.0,,0,0,0,5,0,0,0,14,0,9,0,0,5,0
Zach Nachbar,78137,WR,KANSAS,2,100.0,0,198,57.7,,54.8,0,0,0,,,,0,0,0,5,0,0,0,5,0,0,0,0,5,0
Umstead Sanders,83816,ED,FLORIDA,1,83.3,0,163,59.3,,60.1,0,0,0,0.0,0.0,,0,0,0,5,0,0,0,6,0,1,0,0,5,0
Clay Markoff,57095,FB,WASH STATE,3,83.3,0,341,59.8,,60.0,0,0,0,,,,0,0,0,5,0,0,0,6,0,0,0,0,5,0
Harry Schwartz,41222,WR,STANFORD,2,41.7,0,300,53.8,,59.3,0,0,0,0.0,0.0,,0,0,0,5,0,0,0,12,0,7,0,0,5,0
Silver Saunders,60650,HB,FAU,3,31.3,0,165,75.8,72.4,59.5,0,0,2,66.7,66.7,100.0,0,0,0,5,0,0,0,16,2,3,0,0,3,0
Sidhart Krishnamurthi,38614,WR,STANFORD,2,83.3,0,300,58.3,,60.7,0,0,0,0.0,0.0,,0,0,0,5,0,0,0,6,0,1,0,0,5,0
Connor Bowler,60305,P,TEMPLE,6,83.3,0,306,61.3,71.4,60.0,0,0,4,100.0,100.0,100.0,0,0,0,5,0,0,0,6,4,4,0,0,1,0
Logan Plantz,41736,G,NOTRE DAME,1,100.0,0,258,59.3,,59.1,0,0,0,,,,0,0,0,5,0,5,0,5,0,0,0,0,5,0
Trey Sneed,45847,HB,RUTGERS,5,15.2,0,278,61.0,80.5,60.0,0,0,3,16.7,16.7,100.0,0,0,0,5,0,0,0,33,3,18,0,0,2,0
Matt Geiger,60733,HB,DOMINION,3,8.2,0,263,84.2,58.5,,0,1,5,23.8,22.7,90.0,0,1,0,5,0,0,0,61,5,22,0,0,0,0
Ethan Edmondson,82419,ED,SO MISS,4,71.4,0,296,43.8,,68.0,0,0,0,,0.0,,0,0,0,5,0,0,0,7,0,2,0,0,5,3
Isaac Lutz,42159,WR,PENN STATE,1,62.5,0,266,57.5,,60.7,0,0,0,0.0,0.0,,0,0,0,5,0,0,0,8,0,3,0,0,5,0
Campbell Riddle,75779,C,RICE,5,100.0,0,275,60.0,85.3,60.0,0,0,1,100.0,100.0,100.0,0,0,0,5,2,0,0,5,3,3,0,0,2,0
Cole Gest,45119,HB,INDIANA,1,29.4,0,190,71.1,71.6,59.5,0,0,2,25.0,22.2,100.0,0,0,0,5,0,0,0,17,2,9,0,0,3,0
Zach Dziengelewski,58534,T,BOWL GREEN,3,100.0,0,122,53.3,,51.0,0,0,0,,,,0,0,0,5,0,0,0,5,0,0,0,3,5,0
Todd Honas,41326,WR,NEBRASKA,2,71.4,0,238,58.0,,60.6,0,0,0,0.0,0.0,,0,0,0,5,0,0,0,7,0,2,0,0,5,0
Jeremy Moussa,75887,QB,HAWAII,2,33.3,0,180,64.7,,60.0,0,0,0,0.0,0.0,,0,0,0,5,0,0,0,15,0,10,0,0,5,0
Matt Robinson,82130,QB,ILLINOIS,3,26.3,0,187,41.4,,60.0,0,0,0,0.0,0.0,,1,0,0,5,0,0,0,19,0,7,0,0,5,0
Abram Smith,57158,HB,BAYLOR,3,38.5,0,118,64.1,16.1,74.6,0,0,2,33.3,33.3,50.0,0,1,1,5,0,0,0,13,2,6,0,0,3,0
Trent Goens,27950,ED,NWESTERN,1,100.0,0,256,59.7,,59.3,0,0,0,,,,1,0,0,5,0,0,0,5,0,0,0,0,5,5
Jaden Huff,58068,HB,N ILLINOIS,4,62.5,0,254,71.9,78.2,60.2,0,0,2,100.0,100.0,100.0,0,0,0,5,0,0,0,8,2,2,0,0,3,0
Alex Morgan,66280,TE,TOLEDO,1,100.0,0,316,65.3,,67.2,0,0,0,,,,0,0,0,5,0,0,0,5,0,0,0,0,5,2
Jaquayln Crawford,78082,WR,OKLAHOMA,1,100.0,0,261,60.3,,60.1,0,0,0,,,,0,0,0,5,0,0,0,5,0,0,0,0,5,0
Clay Geary,40552,WR,MINNESOTA,1,83.3,0,225,61.5,,60.5,0,0,0,0.0,0.0,,0,0,0,5,0,0,0,6,0,1,0,0,5,0
Maurice Gordon,57303,HB,MIDDLE TN,5,17.9,0,224,50.0,,43.3,0,0,0,0.0,0.0,,0,0,0,5,0,0,0,28,0,6,0,0,5,0
Drake Beck,84306,WR,OLE MISS,1,100.0,0,226,60.5,,60.8,0,0,0,,,,0,0,0,5,0,0,0,5,0,0,0,0,5,0
Jasiah Provillon,78012,WR,NC STATE,2,55.6,0,248,56.6,,59.8,0,0,0,0.0,0.0,,0,0,0,5,0,0,0,9,0,4,0,0,5,0
Jayden Comma,61417,WR,MARYLAND,2,100.0,0,215,60.5,,60.6,0,0,0,,,,0,0,0,5,0,0,0,5,0,0,0,0,5,0
Zack Kuntz,84084,TE,PENN STATE,1,71.4,0,266,78.4,,59.7,0,0,0,0.0,0.0,,0,0,0,5,0,0,0,7,0,2,0,0,5,6
Riley Anderson,40932,T,TEXAS A&M,2,100.0,0,312,58.5,,58.1,0,0,0,,,,0,0,0,5,0,0,0,5,0,0,0,5,5,0
Ikechukwu Ogwuegbu,41260,HB,MARYLAND,2,33.3,0,215,72.1,,58.0,0,0,0,0.0,0.0,,0,0,0,5,0,0,0,15,0,1,0,0,5,0
Antwan Davis,61163,WR,BALL ST,1,50.0,0,117,62.5,,76.8,0,0,0,0.0,0.0,,0,0,0,5,0,0,0,10,0,5,0,0,5,0
Alex Fontenot,57186,HB,COLORADO,2,29.4,0,143,55.0,,59.8,0,0,0,,,,0,0,0,5,0,0,0,17,0,0,0,0,5,0
Jake Baumert,41775,G,ARMY,1,100.0,0,114,65.7,,65.4,0,0,0,,,,0,0,0,5,0,5,0,5,0,0,0,0,5,0
Austin Applebee,61057,TE,USC,2,100.0,0,326,69.7,,70.4,0,0,0,,,,0,0,0,5,0,0,0,5,0,0,0,0,5,5
Zane Pope,61265,WR,FRESNO ST,1,100.0,0,169,60.2,,60.0,0,0,0,,,,0,0,0,5,0,0,0,5,0,0,0,0,5,0
Matlin Marshall,42084,WR,GA STATE,1,100.0,0,175,60.5,,60.7,0,0,0,,,,0,0,0,5,0,0,0,5,0,0,0,0,5,0
Bryson Carroll,60479,QB,NEW MEXICO,2,27.8,0,241,65.6,,60.0,0,0,0,0.0,0.0,,0,0,0,5,0,0,0,18,0,1,0,0,5,0
Rodrick Fisher,84509,WR,WASH STATE,3,21.7,0,341,57.6,,60.8,0,0,0,0.0,0.0,,0,0,0,5,0,0,0,23,0,18,0,0,5,0
Matt McClurg,60004,G,OKLA STATE,1,100.0,2,262,43.2,0.0,50.3,0,1,2,100.0,100.0,75.0,2,1,0,5,0,5,0,5,2,2,0,0,3,0
Gabe Horan,77882,TE,SYRACUSE,1,71.4,0,304,75.3,,54.6,0,0,0,0.0,0.0,,0,0,0,5,0,0,0,7,0,2,0,0,5,7
Justin Norbeck,38377,TE,CAL,2,100.0,0,130,60.5,,60.5,0,0,0,,,,0,0,0,5,0,0,0,5,0,0,0,0,5,5
Collin Moore,60866,TE,CAL,1,83.3,0,130,56.7,,59.2,0,0,0,0.0,0.0,,0,0,0,5,0,0,0,6,0,1,0,0,5,5
Donovan Lee,27159,HB,COLORADO,4,50.0,0,143,74.6,,60.9,0,0,0,0.0,0.0,,0,0,0,5,0,0,0,10,0,3,0,0,5,0
T.K. Wilkerson,77739,HB,TULSA,1,45.5,0,320,65.0,,60.1,0,0,0,,,,0,0,0,5,0,0,0,11,0,0,0,0,5,0
Kyle Celli,36160,LS,WASH STATE,5,100.0,0,341,60.0,,61.1,0,0,0,,,,0,0,0,5,0,0,0,5,0,0,0,0,5,0
Owen Drexel,60019,C,PITTSBURGH,2,100.0,0,268,60.1,72.5,60.1,0,0,2,100.0,100.0,100.0,0,0,0,5,5,0,0,5,2,2,0,0,3,0
Grant Walker,57215,HB,GA SOUTHRN,3,41.7,0,174,52.5,,56.2,0,0,0,,,,0,0,0,5,0,0,0,12,0,0,0,0,5,0
Kaegun Williams,57397,HB,S DIEGO ST,5,26.3,0,284,54.4,76.5,60.0,0,0,4,50.0,50.0,100.0,0,0,0,5,0,0,0,19,4,8,0,0,1,0
Josh Ricketts,61458,WR,OLE MISS,1,100.0,0,226,60.5,,60.8,0,0,0,,,,0,0,0,5,0,0,0,5,0,0,0,0,5,0
Jennings Stanley,58497,C,ARK STATE,2,100.0,0,113,56.9,,56.5,0,0,0,,,,0,0,0,5,5,0,0,5,0,0,0,0,5,0
Anthony Grant,77701,HB,FLORIDA ST,4,31.3,0,167,54.2,73.0,60.0,0,0,2,25.0,25.0,100.0,0,0,0,5,0,0,0,16,2,8,0,0,3,0
Freddie Hartz,84049,TE,SO MISS,1,100.0,0,296,57.3,,57.2,0,0,0,,,,0,0,0,4,0,0,0,4,0,0,0,0,4,4
Derek Coleman,42030,TE,COLORADO,1,100.0,0,143,59.6,,58.8,0,0,0,,,,0,0,0,4,0,0,0,4,0,0,0,0,4,4
Garrett Stotts,36008,LS,SMU,3,100.0,0,287,60.0,90.6,60.0,0,0,3,100.0,100.0,100.0,0,0,0,4,0,0,0,4,3,3,0,0,1,0
Antwuan Branch,57340,HB,N CAROLINA,2,57.1,0,245,64.1,,58.8,0,0,0,0.0,0.0,,0,0,0,4,0,0,0,7,0,1,0,0,4,0
Broughton Hatcher,81498,LS,DOMINION,4,100.0,0,263,60.0,69.0,60.0,0,0,0,,100.0,,0,0,0,4,1,0,0,4,1,1,0,0,3,0
Woody Cornwell,29408,QB,NC STATE,3,57.1,0,248,62.4,,60.0,0,0,0,0.0,0.0,,0,0,0,4,0,0,0,7,0,1,0,0,4,0
Adam Jewell,81536,T,AIR FORCE,1,100.0,0,101,59.0,,58.5,0,0,0,,,,0,0,0,4,0,0,0,4,0,0,0,4,4,0
Justin Marshall,61394,WR,LOUISVILLE,3,30.8,0,210,57.9,,80.8,0,0,0,0.0,0.0,,0,0,0,4,0,0,0,13,0,9,0,0,4,0
Christian Wilkins,50293,DI,CLEMSON,7,50.0,0,140,53.9,,56.9,0,0,0,0.0,0.0,,4,0,0,4,0,0,0,8,0,1,0,0,4,1
William Potosky III,35914,TE,SO MISS,1,100.0,0,296,57.5,,57.3,0,0,0,,,,0,0,0,4,0,0,0,4,0,0,0,0,4,4
Raymond Smith Jr.,40948,WR,SO MISS,1,100.0,0,296,60.2,,60.3,0,0,0,,,,0,0,0,4,0,0,0,4,0,0,0,0,4,0
Jacob Daniel,50045,G,USC,1,100.0,0,326,58.9,,58.8,0,0,0,,,,0,0,0,4,0,4,0,4,0,0,0,0,4,0
Tim Taylor,57292,HB,MEMPHIS,4,12.9,0,218,71.7,,60.0,0,0,0,0.0,0.0,,0,0,0,4,0,0,0,31,0,10,0,0,4,0
Tyler Jernigan,81826,C,S ALABAMA,1,100.0,0,288,60.3,71.2,60.2,0,0,1,100.0,100.0,100.0,0,0,0,4,4,0,0,4,1,1,0,0,3,0
Ronnie Hoggins,49488,CB,USF,2,100.0,1,327,60.0,,60.0,0,0,0,,,,2,0,0,4,0,0,0,4,0,0,0,0,4,0
Wesley McKoy,28428,WR,LSU,1,100.0,0,211,60.2,,60.1,0,0,0,,,,0,0,0,4,0,0,0,4,0,0,0,0,4,0
Nick Scott,49012,S,PENN STATE,4,100.0,0,266,60.3,,60.5,0,0,0,,,,0,0,0,4,0,0,0,4,0,0,0,0,4,0
Alan Bussoletti,42057,WR,GA TECH,1,100.0,0,176,59.4,,58.5,0,0,0,,,,0,0,0,4,0,0,0,4,0,0,0,0,4,0
Dre'Mont Jones,28075,DI,OHIO STATE,2,100.0,3,260,55.4,,55.7,0,0,0,,,,9,0,0,4,0,0,0,4,0,0,0,0,4,4
Ronnie Clark,28029,HB,ALABAMA,6,28.6,0,103,61.8,,60.0,0,0,0,,,,0,0,0,4,0,0,0,14,0,0,0,0,4,0
Ian Zamudio,61495,WR,NEVADA,1,50.0,0,239,57.3,,60.4,0,0,0,0.0,0.0,,0,0,0,4,0,0,0,8,0,4,0,0,4,0
Colby Suits,82143,QB,LA MONROE,1,22.2,0,209,64.4,,60.0,0,0,0,0.0,0.0,,0,0,0,4,0,0,0,18,0,12,0,0,4,0
Jonathan Sutherland,60739,S,PENN STATE,4,100.0,0,266,60.6,,60.5,0,0,0,,,,0,0,0,4,0,0,0,4,0,0,0,0,4,0
Trelon Smith,57135,HB,ARIZONA ST,5,13.8,0,110,47.2,76.6,60.0,0,0,2,14.3,17.6,100.0,0,0,0,4,0,0,0,29,3,17,0,0,1,0
Jalen Mayden,83520,QB,MISS STATE,3,26.7,0,227,56.7,,60.0,0,0,0,0.0,0.0,,0,0,0,4,0,0,0,15,0,2,0,0,4,0
Carson Strong,83524,QB,NEVADA,1,80.0,0,239,69.2,,60.0,0,0,0,,,,0,0,0,4,0,0,0,5,0,0,0,0,4,0
Phil Jurkovec,83533,QB,NOTRE DAME,2,40.0,0,258,52.3,,60.0,0,0,0,0.0,0.0,,0,0,0,4,0,0,0,10,0,2,0,0,4,0
Dakereon Joyner,83554,QB,S CAROLINA,1,44.4,0,289,67.0,,60.0,0,0,0,0.0,0.0,,0,0,0,4,0,0,0,9,0,5,0,0,4,0
Michael Irvin II,42255,TE,MIAMI FL,1,80.0,0,220,56.9,,57.9,0,0,0,0.0,0.0,,0,0,0,4,0,0,0,5,0,1,0,0,4,4
Tristan Westover,57098,G,DUKE,2,100.0,0,154,38.0,,47.4,0,0,0,,,,1,0,0,4,2,0,0,4,0,0,2,0,4,0
Jack Gonsoulin,39371,WR,LSU,1,100.0,0,211,60.4,,60.0,0,0,0,,,,0,0,0,4,0,0,0,4,0,0,0,0,4,0
Anthony Hawkins,47922,CB,COLO STATE,3,44.4,0,144,75.2,,60.2,0,0,0,0.0,0.0,,0,0,0,4,0,0,0,9,0,2,0,0,4,0
Joey Palumbo,45466,LS,KENT STATE,3,100.0,0,201,60.0,94.0,60.0,0,0,2,100.0,100.0,100.0,0,0,0,4,0,0,0,4,2,2,0,0,2,0
Kevin Parker,40561,WR,FRESNO ST,1,100.0,0,169,60.3,,60.0,0,0,0,,,,0,0,0,4,0,0,0,4,0,0,0,0,4,0
Ja'Veon Marlow,83797,WR,VANDERBILT,3,28.6,0,333,74.3,,60.3,0,0,0,0.0,0.0,,0,0,0,4,0,0,0,14,0,4,0,0,4,0
Christian Wallace,43086,HB,OREGON ST,4,28.6,0,265,55.3,74.4,60.0,0,0,2,20.0,20.0,100.0,0,0,0,4,0,0,0,14,2,10,0,0,2,0
Armani Linton,35048,S,OLE MISS,4,36.4,0,226,61.6,76.1,60.0,0,0,2,50.0,50.0,100.0,0,0,0,4,0,0,0,11,2,4,0,0,2,0
Cole Ramseyer,83942,TE,BOISE ST,1,66.7,0,120,53.9,,57.0,0,0,0,0.0,0.0,,0,0,0,4,0,0,0,6,0,2,0,0,4,5
Mike Warren,45751,HB,IOWA STATE,2,57.1,0,193,62.1,80.7,,0,0,4,57.1,57.1,100.0,0,0,0,4,0,0,0,7,4,7,0,0,0,0
Jeremy Jennings,61706,HB,TEMPLE,4,17.4,0,306,67.5,6.6,59.8,0,0,2,33.3,33.3,100.0,0,0,0,4,0,0,0,23,2,6,0,0,2,0
Xavier Williams,84087,WR,ALABAMA,1,100.0,0,103,60.4,,60.5,0,0,0,,,,0,0,0,4,0,0,0,4,0,0,0,0,4,0
Slade Bolden,84089,WR,ALABAMA,1,100.0,0,103,60.0,,59.8,0,0,0,,,,0,0,0,4,0,0,0,4,0,0,0,0,4,0
Ledarrius Harris,61720,HB,TEXAS ST,2,50.0,0,314,55.5,,56.4,0,0,0,0.0,0.0,,0,0,0,4,0,0,0,8,0,3,0,0,4,0
Michael Ostrom,39368,WR,LSU,1,100.0,0,211,59.5,,58.7,0,0,0,,,,0,0,0,4,0,0,0,4,0,0,0,0,4,0
Xavier Martin,61731,WR,TEXAS TECH,1,66.7,0,315,45.7,,59.2,0,0,0,0.0,0.0,,1,0,0,4,0,0,0,6,0,2,0,0,4,0
Walter Pritchett,44119,TE,TROY,2,100.0,0,318,60.0,60.5,60.0,0,0,1,100.0,100.0,100.0,0,0,0,4,0,0,0,4,1,1,0,0,3,3
Bryce Wilds,37317,T,SMU,4,100.0,0,287,57.8,80.3,60.0,0,0,3,100.0,100.0,100.0,1,0,0,4,0,0,3,4,3,3,0,0,1,0
Antonio Valentino,44336,DI,PENN STATE,4,100.0,0,266,58.8,,52.7,0,0,0,,,,1,0,0,4,0,0,0,4,0,0,0,0,4,0
Ty Smith,58522,C,BAYLOR,1,100.0,0,118,63.6,,65.5,0,0,0,,,,0,0,0,4,4,0,0,4,0,0,0,0,4,0
Akeem Hayes,84247,WR,KENTUCKY,1,57.1,0,202,59.0,,60.5,0,0,0,0.0,0.0,,0,0,0,4,0,0,0,7,0,3,0,0,4,0
Oluwole Betiku Jr.,44369,TE,USC,2,100.0,0,326,69.2,,72.0,0,0,0,,,,0,0,0,4,0,0,0,4,0,0,0,0,4,2
Sean Ragan,40652,G,BOSTON COL,1,100.0,0,121,60.0,69.8,59.6,0,0,1,100.0,100.0,100.0,0,0,0,4,0,4,0,4,1,1,0,0,3,0
Corey Stephens,58488,G,ARIZONA ST,1,100.0,0,110,66.5,,66.3,0,0,0,,,,0,0,0,4,0,0,0,4,0,0,4,0,4,0
Blue Smith,84357,WR,OHIO STATE,2,66.7,0,260,57.1,,60.1,0,0,0,0.0,0.0,,0,0,0,4,0,0,0,6,0,2,0,0,4,0
Mikey Alfieri,84374,HB,OREGON ST,1,25.0,0,265,73.1,74.8,60.0,0,0,3,27.3,27.3,100.0,0,0,0,4,0,0,0,16,3,11,0,0,1,0
Henry Fessler,84377,WR,PENN STATE,3,100.0,0,266,60.0,,60.0,0,0,0,,,,0,0,0,4,0,0,0,4,0,0,0,0,4,0
Barrett Barham,84419,WR,SO MISS,1,100.0,0,296,60.3,,60.3,0,0,0,,,,0,0,0,4,0,0,0,4,0,0,0,0,4,0
Nick Begg,45030,DI,WASH STATE,4,100.0,0,341,61.3,,62.6,0,0,0,,,,1,0,0,4,0,0,0,4,0,0,0,0,4,0
Brian McDonough,14069,LS,CHARLOTTE,3,100.0,0,136,60.0,73.3,60.0,0,0,0,,100.0,,0,0,0,4,2,0,0,4,2,2,0,0,2,0
Kadon Harrison,60429,WR,LA LAFAYET,3,44.4,0,207,56.1,,60.5,0,0,0,0.0,0.0,,0,0,0,4,0,0,0,9,0,5,0,0,4,0
Collin Mills,45266,LS,SO MISS,3,100.0,0,296,60.0,72.8,60.0,0,0,0,,100.0,,0,0,0,4,1,0,0,4,2,2,0,0,2,0
Hunter Vaughn,40015,T,COLORADO,1,100.0,0,143,57.8,,56.7,0,0,0,,,,0,0,0,4,0,0,4,4,0,0,0,0,4,0
Rashaad Boddie,39964,HB,COLO STATE,2,25.0,0,144,54.6,53.1,,0,0,3,30.0,36.4,100.0,0,0,0,4,0,0,0,16,4,11,0,0,0,0
Bryan Hammond,34314,FB,NAVY,1,100.0,0,237,59.7,,59.0,0,0,0,,,,0,0,0,4,0,0,0,4,0,0,0,0,4,0
Mo Unutoa,60181,T,UTAH,1,100.0,0,328,66.0,,67.7,0,0,0,,,,0,0,0,4,0,0,4,4,0,0,0,0,4,0
Cole Norgaard,60212,C,WASHINGTON,1,100.0,0,340,60.0,65.8,59.8,0,0,1,100.0,100.0,100.0,0,0,0,4,4,0,0,4,1,1,0,0,3,0
John Clancy Jr.,58345,LS,FAU,4,100.0,0,165,60.0,60.9,60.0,0,0,1,100.0,100.0,100.0,0,0,0,4,1,0,0,4,1,1,0,0,3,0
Ambry Thomas,56058,CB,MICHIGAN,5,33.3,0,222,69.0,,59.4,0,0,0,0.0,0.0,,3,0,0,4,0,0,0,12,0,7,0,0,4,0
Devin Maddox,64506,WR,TOLEDO,1,100.0,0,316,59.5,,58.8,0,0,0,,,,0,0,0,4,0,0,0,4,0,0,0,0,4,0
Chris Chugunov,34153,QB,OHIO STATE,1,100.0,0,260,60.0,,60.0,0,0,0,,,,0,0,0,4,0,0,0,4,0,0,0,0,4,0
Aaron Overacker,60975,TE,NEW MEXICO,1,80.0,0,241,53.6,,55.4,0,0,0,0.0,0.0,,0,0,0,4,0,0,0,5,0,1,0,0,4,4
Liam Soraghan,60986,TE,N ILLINOIS,1,100.0,0,254,54.8,,53.7,0,0,0,,,,0,0,0,4,0,0,0,4,0,0,0,0,4,4
Brennon Tibbs,41252,WR,MARSHALL,1,100.0,0,214,60.3,,60.3,0,0,0,,,,0,0,0,4,0,0,0,4,0,0,0,0,4,0
Eric Rooks,75946,TE,HAWAII,2,50.0,0,180,58.0,,60.0,0,0,0,0.0,0.0,,0,0,0,4,0,0,0,8,0,4,0,0,4,2
Malik Miller,40353,FB,AIR FORCE,1,100.0,0,101,55.4,,55.0,0,0,0,,,,0,0,0,4,0,0,0,4,0,0,0,0,4,4
Korie Frausto,40362,WR,OKLA STATE,1,80.0,0,262,49.0,,40.3,0,0,0,0.0,0.0,,0,0,0,4,0,0,0,5,0,1,0,0,4,0
Carter Sims,61020,T,SO MISS,1,100.0,0,296,72.0,,75.0,0,0,0,,,,0,0,0,4,0,0,0,4,0,0,0,4,4,0
Nick Moore,39090,FB,GEORGIA,4,100.0,0,173,60.0,71.1,60.0,0,0,2,100.0,100.0,100.0,0,0,0,4,0,0,0,4,2,2,0,0,2,0
Reese Leitao,61035,TE,TEXAS,2,100.0,0,311,60.2,,60.1,0,0,0,,,,0,0,0,4,0,0,0,4,0,0,0,0,4,4
Lamont Wade,55690,S,PENN STATE,4,100.0,0,266,59.6,,57.8,0,0,0,,,,0,0,0,4,0,0,0,4,0,0,0,0,4,0
Justin Eggers,41358,G,COLORADO,1,100.0,0,143,59.3,,59.1,0,0,0,,,,0,0,0,4,0,0,0,4,0,0,4,0,4,0
Jack Shutack,36664,G,COLORADO,1,100.0,0,143,58.6,,58.5,0,0,0,,,,0,0,0,4,0,4,0,4,0,0,0,0,4,0
Anthony Gordon,40119,QB,WASH STATE,2,44.4,0,341,44.2,,60.0,0,0,0,0.0,0.0,,0,0,0,4,0,0,0,9,0,5,0,0,4,0
Jarren Williams,77629,QB,MIAMI FL,1,44.4,0,220,68.6,,60.0,0,0,0,0.0,0.0,,0,0,0,4,0,0,0,9,0,3,0,0,4,0
Ben Batson,77631,QB,CLEMSON,2,57.1,0,140,53.8,,60.0,0,0,0,,,,0,0,0,4,0,0,0,7,0,0,0,0,4,0
Jairus Grissom,77691,QB,E MICHIGAN,5,40.0,0,160,59.3,,60.0,0,0,0,0.0,0.0,,0,0,0,4,0,0,0,10,0,3,0,0,4,0
Cross Wilkinson,77699,QB,TOLEDO,1,80.0,0,316,29.3,,60.0,0,0,0,,,,0,0,0,4,0,0,0,5,0,0,0,0,4,0
Koilan Jackson,61145,WR,ARKANSAS,2,50.0,0,111,70.5,,60.5,0,0,0,0.0,0.0,,0,0,0,4,0,0,0,8,0,4,0,0,4,0
Cameron Lyons,57672,LB,AKRON,4,100.0,0,102,60.0,,60.0,0,0,0,,,,0,0,0,4,0,0,0,4,0,0,0,0,4,0
Cameron Carroll,77743,HB,TULANE,1,44.4,0,319,67.9,74.6,60.0,0,0,3,75.0,75.0,100.0,0,0,0,4,0,0,0,9,3,4,0,0,1,0
R.J. Sneed II,61166,WR,BAYLOR,2,36.4,0,118,55.6,,60.5,0,0,0,0.0,0.0,,0,0,0,4,0,0,0,11,0,7,0,0,4,0
Dan Kubik,55025,G,BUFFALO,1,100.0,0,126,59.7,,59.6,0,0,0,,,,0,0,0,4,0,0,0,4,0,0,4,0,4,0
Samson Jackson,59988,T,OHIO,1,100.0,0,259,67.1,,70.5,0,0,0,,,,0,0,0,4,0,0,0,4,0,0,0,4,4,0
Brody Rodgers,59987,T,OHIO,1,100.0,0,259,67.0,,68.1,0,0,0,,,,0,0,0,4,0,0,4,4,0,0,0,0,4,0
Blake Mazza,57501,K,WASH STATE,4,100.0,0,341,61.3,,62.6,0,0,0,,,,0,0,0,4,0,0,0,4,0,0,0,0,4,0
Jalen Reese,30712,QB,TOLEDO,2,66.7,0,316,57.0,,60.0,0,0,0,,,,0,0,0,4,0,0,0,6,0,0,0,0,4,0
Adam Notestine,41860,G,OHIO,1,100.0,0,259,59.2,,59.0,0,0,0,,,,0,0,0,4,0,4,0,4,0,0,0,0,4,0
Jaylin Nelson,60563,HB,TEXAS ST,3,30.8,0,314,55.8,67.5,59.9,0,0,1,25.0,25.0,100.0,0,0,0,4,0,0,0,13,1,4,0,0,3,2
JuanCarlos Santana,78056,WR,TULSA,1,100.0,0,320,60.3,,60.5,0,0,0,,,,0,0,0,4,0,0,0,4,0,0,0,0,4,0
Juan Moody,78080,WR,E CAROLINA,2,36.4,0,156,59.7,,60.5,0,0,0,0.0,0.0,,0,0,0,4,0,0,0,11,0,6,0,0,4,0
Jacob Morris,78098,WR,OKLA STATE,1,100.0,0,262,60.3,,60.2,0,0,0,,,,0,0,0,4,0,0,0,4,0,0,0,0,4,0
Jack Powers,78114,WR,TCU,1,100.0,0,305,60.4,,60.4,0,0,0,,,,0,0,0,4,0,0,0,4,0,0,0,0,4,0
Cole McGowan,61290,WR,HOUSTON,1,30.8,0,182,45.8,,31.4,0,0,0,0.0,0.0,,0,0,0,4,0,0,0,13,0,9,0,0,4,0
TJ Jackson,40879,T,VA TECH,2,100.0,0,337,60.0,,60.1,0,0,0,,,,0,0,0,4,0,0,3,4,0,0,0,0,4,0
Chance Thrasher,54512,QB,COAST CAR,3,30.0,0,141,54.9,,60.0,0,0,0,0.0,0.0,,0,0,0,3,0,0,0,10,0,3,0,0,3,0
Blake Gillikin,45045,P,PENN STATE,4,75.0,0,266,58.4,,60.3,0,0,0,,,,0,0,0,3,0,0,0,4,0,0,0,0,3,0
Trevor Denbow,77165,LB,SMU,3,100.0,0,287,60.0,70.3,60.0,0,0,2,100.0,100.0,100.0,1,0,0,3,0,0,0,3,2,2,0,0,1,0
Tyler Brown,77890,TE,CLEMSON,1,75.0,0,140,58.5,,60.0,0,0,0,0.0,0.0,,0,0,0,3,0,0,0,4,0,1,0,0,3,0
Karson Ringdahl,60548,QB,TCU,1,50.0,0,305,57.4,,60.0,0,0,0,,,,0,0,0,3,0,0,0,6,0,0,0,0,3,0
Ty Thomason,35339,HB,CLEMSON,3,37.5,0,140,62.7,67.9,60.0,0,0,1,33.3,33.3,100.0,0,0,0,3,0,0,0,8,1,3,0,0,2,0
Montel Parker,84442,WR,TEXAS A&M,1,75.0,0,312,58.0,,60.0,0,0,0,0.0,0.0,,0,0,0,3,0,0,0,4,0,1,0,0,3,0
Christian Malloy,76560,HB,GA TECH,1,42.9,0,176,76.4,,67.5,0,0,0,,,,0,0,0,3,0,0,0,7,0,0,0,0,3,0
Markens Pierre,83631,HB,ARMY,1,75.0,0,114,55.6,,58.7,0,0,0,,,,0,0,0,3,0,0,0,4,0,0,0,0,3,0
Christian Hosley,41158,HB,N TEXAS,2,16.7,0,251,67.0,70.0,60.0,0,0,1,12.5,12.5,100.0,0,0,0,3,0,0,0,18,1,8,0,0,2,0
A.J. Carter,83611,HB,ARIZONA ST,3,33.3,0,110,56.6,70.8,60.0,0,0,1,33.3,33.3,100.0,0,0,0,3,0,0,0,9,1,3,0,0,2,0
Johnathan Thomas,33088,HB,PENN STATE,6,27.3,0,266,62.5,69.5,60.0,0,0,1,100.0,100.0,100.0,0,0,0,3,0,0,0,11,1,1,0,0,2,0
Peyton Jones,35988,G,MEMPHIS,3,100.0,0,218,60.0,,60.0,0,0,1,100.0,100.0,100.0,0,0,0,3,0,0,0,3,1,1,0,0,2,0
Camerun Peoples,83607,HB,APP STATE,3,10.7,0,108,80.2,74.7,60.0,0,0,2,22.2,22.2,100.0,0,0,0,3,0,0,0,28,2,9,0,0,1,0
Joshua Stoner,83597,FB,AIR FORCE,1,75.0,0,101,71.8,,59.8,0,0,0,,,,0,0,0,3,0,0,0,4,0,0,0,0,3,3
Charlie Shuman,33087,G,PENN STATE,1,100.0,0,266,60.1,69.1,59.9,0,0,1,100.0,100.0,100.0,0,0,0,3,0,0,0,3,1,1,3,0,2,0
Eric Eshoo,42369,TE,NWESTERN,1,100.0,0,256,60.0,68.3,58.9,0,0,1,100.0,100.0,100.0,0,0,0,3,0,0,0,3,1,1,0,0,2,3
Cody Pound,59695,C,FRESNO ST,1,100.0,0,169,60.0,,60.0,0,0,0,,,,0,0,0,3,3,0,0,3,0,0,0,0,3,0
Ben Snyder,36291,FB,STANFORD,2,75.0,0,300,65.3,,67.6,0,0,0,0.0,0.0,,0,0,0,3,0,0,0,4,0,1,0,0,3,0
Josh Imatorbhebhe,40548,WR,USC,1,100.0,0,326,60.0,,60.0,0,0,0,,,,0,0,0,3,0,0,0,3,0,0,0,0,3,0
Mike Adzima,41120,G,NAVY,1,100.0,0,237,62.6,,62.1,0,0,0,,,,0,0,0,3,0,3,0,3,0,0,0,0,3,0
Michael Peppin,54419,G,COAST CAR,1,100.0,0,141,58.8,,58.7,0,0,0,,,,0,0,0,3,0,3,0,3,0,0,0,0,3,0
Marquise Braxton,34603,FB,NC STATE,1,100.0,0,248,59.1,,58.3,0,0,0,,,,0,0,0,3,0,0,0,3,0,0,0,0,3,0
Jared Sharp,37252,WR,MIAMI OH,1,100.0,0,221,59.6,,58.8,0,0,0,,,,0,0,0,3,0,0,0,3,0,0,0,0,3,0
Quinnen Williams,44216,DI,ALABAMA,2,100.0,0,103,67.7,,69.4,0,0,0,,,,5,0,0,3,0,0,0,3,0,0,0,0,3,2
Demarrio Smith,44202,DI,SO MISS,3,75.0,0,296,60.0,,55.1,0,0,0,,,,0,0,0,3,0,0,0,4,0,0,0,0,3,0
Rip Kirk,60458,QB,MISS STATE,2,75.0,0,227,60.3,,60.0,0,0,0,,,,0,0,0,3,0,0,0,4,0,0,0,0,3,0
Malik Manciel,36502,DI,MIDDLE TN,2,100.0,0,224,60.0,,60.5,0,0,0,,,,1,0,0,3,0,0,0,3,0,0,0,0,3,0
Jude Hydrick,41704,T,NAVY,1,100.0,0,237,60.0,,57.1,0,0,0,,,,0,0,0,3,0,0,0,3,0,0,0,3,3,0
Dax Neece,77959,WR,TEXAS TECH,1,100.0,0,315,59.8,,59.4,0,0,0,,,,0,0,0,3,0,0,0,3,0,0,0,0,3,0
Trey Lowe,77669,QB,W VIRGINIA,1,50.0,0,343,50.4,,60.1,0,0,0,0.0,0.0,,0,0,0,3,0,0,0,6,0,2,0,0,3,0
Wes Mehl,41705,C,NAVY,1,100.0,0,237,60.0,,58.5,0,0,0,,,,0,0,0,3,3,0,0,3,0,0,0,0,3,0
Dominic Distefano,57141,FB,ARMY,1,100.0,0,114,60.0,,60.1,0,0,0,,,,0,0,0,3,0,0,0,3,0,0,0,0,3,3
Justin Dedich,83018,C,USC,2,100.0,0,326,67.5,,71.2,0,0,0,,,,0,0,0,3,0,0,0,3,0,0,0,0,3,2
Anthony Giglia,55880,HB,FLORIDA,1,100.0,0,163,60.2,,60.2,0,0,0,,,,0,0,0,3,0,0,0,3,0,0,0,0,3,0
Javon McKinley,41248,WR,NOTRE DAME,2,60.0,0,258,58.5,,60.1,0,0,0,0.0,0.0,,0,0,0,3,0,0,0,5,0,2,0,0,3,0
Kyle Vasey,36485,LS,PENN STATE,4,75.0,0,266,60.0,,60.0,0,0,0,,,,0,0,0,3,0,0,0,4,0,0,0,0,3,0
Elijah McQueen,60744,S,SMU,3,100.0,0,287,72.6,70.3,60.0,0,0,2,100.0,100.0,100.0,0,0,0,3,0,0,0,3,2,2,0,0,1,0
Cagan Baldree,41502,G,TEXAS A&M,1,100.0,0,312,79.1,,79.6,0,0,0,,,,0,0,0,3,0,0,0,3,0,0,3,0,3,0
Tanner Schafer,42175,QB,OKLAHOMA,1,100.0,0,261,60.0,,60.0,0,0,0,,,,0,0,0,3,0,0,0,3,0,0,0,0,3,0
Austin Hall,27129,LB,MEMPHIS,3,100.0,0,218,60.0,,61.5,0,0,1,100.0,100.0,100.0,2,0,0,3,0,0,0,3,1,1,0,0,2,0
Tyler Hall,41514,G,ARKANSAS,1,100.0,0,111,60.0,,60.0,0,0,0,,,,0,0,0,3,0,0,0,3,0,0,3,0,3,0
Cory Durden,56976,DI,FLORIDA ST,1,100.0,0,167,60.0,65.5,59.4,0,0,1,100.0,100.0,100.0,0,0,0,3,0,0,0,3,1,1,0,0,2,3
Javohn Jones,45044,HB,NEW MEXICO,1,50.0,0,241,61.2,,60.0,0,0,0,,,,0,0,0,3,0,0,0,6,0,0,0,0,3,0
A.J. Epenesa,56369,ED,IOWA,3,100.0,0,192,60.0,71.0,60.0,0,0,2,100.0,100.0,100.0,3,0,0,3,0,0,0,3,2,2,0,0,1,0
Carson Coats,34010,QB,ARK STATE,1,100.0,0,113,60.0,,60.0,0,0,0,,,,0,0,0,3,0,0,0,3,0,0,0,0,3,0
Spencer Petras,82136,QB,IOWA,2,75.0,0,192,49.6,,60.0,0,0,0,0.0,0.0,,0,0,0,3,0,0,0,4,0,1,0,0,3,0
Joseph Files,41100,TE,MICHIGAN,2,100.0,0,222,60.0,,60.0,0,0,0,,,,0,0,0,3,0,0,0,3,0,0,0,0,3,3
Alijah Halliburton,43139,S,WYOMING,3,100.0,0,351,60.0,,60.6,0,0,0,,,,0,0,0,3,0,0,0,3,0,0,0,0,3,0
Malik Braxton,83801,HB,WASHINGTON,2,60.0,0,340,81.2,,68.1,0,0,0,,,,0,0,0,3,0,0,0,5,0,0,0,0,3,0
Theo Goodwin,61497,WR,NEVADA,1,100.0,0,239,60.1,,60.1,0,0,0,,,,0,0,0,3,0,0,0,3,0,0,0,0,3,0
Brandt Schilling,61732,WR,TEXAS TECH,1,60.0,0,315,57.0,,58.3,0,0,0,0.0,0.0,,0,0,0,3,0,0,0,5,0,2,0,0,3,0
J.T. Dooley,61270,WR,GEORGIA,1,100.0,0,173,60.0,,60.0,0,0,0,,,,0,0,0,3,0,0,0,3,0,0,0,0,3,0
Oshane Ximines,48538,ED,DOMINION,3,100.0,0,263,60.0,,60.0,0,0,0,,,,3,0,0,3,0,0,0,3,0,0,0,0,3,0
Ben Oxley,29595,DI,NWESTERN,1,100.0,0,256,59.5,,59.1,0,0,0,,,,0,0,0,3,0,0,0,3,0,0,0,0,3,3
Khalan Laborn,57204,WR,FLORIDA ST,1,50.0,0,167,92.7,,59.4,0,0,0,0.0,0.0,,0,0,0,3,0,0,0,6,0,3,0,0,3,0
Caleb Carlile,60814,C,TEXAS ST,1,100.0,0,314,59.9,,59.4,0,0,0,,,,0,0,0,3,3,0,0,3,0,0,0,0,3,0
Jon Randall Belton,40269,WR,LA TECH,1,100.0,0,208,59.6,64.2,58.7,0,0,1,100.0,100.0,100.0,0,0,0,3,0,0,0,3,1,1,0,0,2,2
Tony Ransom,61044,TE,UAB,2,100.0,0,321,60.1,,60.1,0,0,0,,,,0,0,0,3,0,0,0,3,0,0,0,0,3,3
Markese Stepp,83786,HB,USC,2,20.0,0,326,74.6,71.5,60.0,0,0,1,16.7,16.7,100.0,0,0,0,3,0,0,0,15,1,6,0,0,2,0
Andrew Gregory,43986,LB,N ILLINOIS,2,100.0,0,254,60.0,60.5,60.0,0,0,1,100.0,100.0,100.0,0,0,0,3,0,0,0,3,1,1,0,0,2,0
Kamilo Tongamoa,56653,ED,IOWA STATE,3,75.0,0,193,56.6,,55.8,0,0,0,0.0,0.0,,1,0,0,3,0,0,0,4,0,1,0,0,3,0
Jon Gaines II,81879,G,UCLA,1,100.0,0,324,59.6,75.5,60.0,0,0,2,100.0,100.0,100.0,0,0,0,3,0,3,0,3,2,2,0,0,1,0
Jesse Hooper,75830,LS,WYOMING,3,100.0,0,351,60.0,,60.0,0,0,0,,,,0,0,0,3,0,0,0,3,0,0,0,0,3,0
Brice Vooletich,84108,WR,ARIZONA,1,60.0,0,109,56.9,,59.9,0,0,0,0.0,0.0,,0,0,0,3,0,0,0,5,0,2,0,0,3,0
Kurt Gavin,40963,C,ILLINOIS,1,100.0,0,187,59.5,,46.7,0,0,0,,,,0,0,0,3,3,0,0,3,0,0,0,0,3,0
Michael Barnett,36829,DI,GEORGIA,3,100.0,0,173,60.0,66.9,60.0,0,0,2,100.0,100.0,100.0,0,0,0,3,0,0,0,3,2,2,0,0,1,0
Garrett Taylor,28311,S,PENN STATE,3,100.0,0,266,60.0,,60.0,0,0,0,,,,1,0,0,3,0,0,0,3,0,0,0,0,3,0
Shane Roy,28366,DI,PITTSBURGH,1,100.0,0,268,58.3,,57.7,0,0,0,,,,1,0,0,3,0,0,0,3,0,0,0,0,3,3
Mikale Wilbon,45902,HB,NEBRASKA,3,21.4,0,238,53.4,70.8,59.9,0,0,1,12.5,12.5,100.0,0,0,0,3,0,0,0,14,1,8,0,0,2,0
Jack Wagman,59830,T,MARYLAND,1,100.0,0,215,59.7,,53.3,0,0,0,,,,0,0,0,3,0,0,0,3,0,0,0,3,3,0
Christian Davis,49540,CB,SMU,3,100.0,0,287,60.0,67.5,60.0,0,0,2,100.0,100.0,100.0,0,0,0,3,0,0,0,3,2,2,0,0,1,0
Zelan Tupuola,59699,G,FRESNO ST,1,100.0,0,169,60.0,,60.0,0,0,0,,,,0,0,0,3,0,0,0,3,0,0,3,0,3,0
Gavin Schoenwald,84077,TE,VANDERBILT,1,60.0,0,333,66.6,,71.0,0,0,0,0.0,0.0,,0,0,0,3,0,0,0,5,0,2,0,0,3,3
Jake Peterson,78045,WR,CINCINNATI,2,100.0,0,138,60.1,,60.2,0,0,0,,,,0,0,0,3,0,0,0,3,0,0,0,0,3,0
Austin Ahrendt,61701,WR,TCU,1,75.0,0,305,58.4,,60.0,0,0,0,0.0,0.0,,0,0,0,3,0,0,0,4,0,1,0,0,3,0
Justus Woods,83764,HB,STANFORD,2,33.3,0,300,72.8,72.3,60.0,0,0,2,66.7,66.7,100.0,0,0,0,3,0,0,0,9,2,3,0,0,1,0
Cade Pearson,60488,QB,N TEXAS,1,37.5,0,251,55.7,,60.0,0,0,0,0.0,0.0,,0,0,0,3,0,0,0,8,0,5,0,0,3,0
James Jackson,56723,DI,MISS STATE,1,100.0,0,227,59.8,,59.7,0,0,0,,,,0,0,0,3,0,0,0,3,0,0,3,0,3,0
Jackson Subbert,35129,C,IOWA,3,100.0,0,192,60.0,68.6,60.0,0,0,2,100.0,100.0,100.0,0,0,0,3,2,0,0,3,2,2,0,0,1,0
Juice Scruggs,81800,G,PENN STATE,1,100.0,0,266,60.1,69.1,59.8,0,0,1,100.0,100.0,100.0,0,0,0,3,0,3,0,3,1,1,0,0,2,0
Henry Marchese,61325,WR,IOWA,1,100.0,0,192,60.1,,60.0,0,0,0,,,,0,0,0,3,0,0,0,3,0,0,0,0,3,0
Mo Edwards Jr.,84410,WR,S ALABAMA,1,75.0,0,288,58.9,,60.0,0,0,0,0.0,0.0,,0,0,0,3,0,0,0,4,0,1,0,0,3,0
Deshaun Fenwick,83759,HB,S CAROLINA,2,8.8,0,289,58.0,74.8,47.1,0,0,3,27.3,23.1,100.0,0,0,0,3,0,0,0,34,3,13,0,0,0,0
Robert Burns,57293,HB,MIAMI FL,2,42.9,0,220,65.8,70.0,60.0,0,0,1,33.3,33.3,100.0,0,0,0,3,0,0,0,7,1,3,0,0,2,0
John Tank Miller Jr.,83758,HB,S ALABAMA,3,42.9,0,288,63.4,,58.8,0,0,0,0.0,0.0,,0,0,0,3,0,0,0,7,0,1,0,0,3,0
Curtis Akins,49760,LB,MEMPHIS,3,100.0,0,218,60.0,,60.0,0,0,1,100.0,100.0,100.0,1,0,0,3,0,0,0,3,1,1,0,0,2,0
Sam Stovall,81774,T,NWESTERN,1,100.0,0,256,59.6,,59.1,0,0,0,,,,0,0,0,3,0,0,0,3,0,0,0,3,3,0
Benn Olson,41556,C,N ILLINOIS,3,100.0,0,254,60.0,60.9,60.0,0,0,0,,100.0,,0,0,0,3,0,0,0,3,1,1,0,0,2,0
Marlon Reese,81741,G,MISS STATE,1,100.0,0,227,53.9,,53.5,0,0,0,,,,0,0,0,3,0,3,0,3,0,0,0,0,3,0
Bobby Okereke,50954,LB,STANFORD,2,100.0,0,300,60.0,,60.0,0,0,0,,,,0,0,0,3,0,0,0,3,0,0,0,0,3,0
Chris Fehr,36198,TE,TEXAS,2,100.0,0,311,60.0,,60.0,0,0,0,,,,0,0,0,3,0,0,0,3,0,0,0,0,3,3
Blake Wright,29527,HB,NEVADA,2,30.0,0,239,48.9,71.5,60.0,0,0,2,40.0,40.0,100.0,0,0,0,3,0,0,0,10,2,5,0,0,1,0
Gregory Jean,61235,WR,E MICHIGAN,1,75.0,0,160,58.4,,60.0,0,0,0,0.0,0.0,,0,0,0,3,0,0,0,4,0,1,0,0,3,0
Cordavien Suggs,59872,T,MISS STATE,1,100.0,0,227,60.2,,60.6,0,0,0,,,,0,0,0,3,0,0,0,3,0,0,0,3,3,0
Jared Wilson,83753,HB,S ALABAMA,2,50.0,0,288,56.5,71.8,59.9,0,0,1,50.0,50.0,100.0,0,0,0,3,0,0,0,6,1,2,0,0,2,0
Andrew Trainer,40764,T,ILLINOIS,1,100.0,0,187,65.6,,69.2,0,0,0,,,,0,0,0,3,0,0,0,3,0,0,0,3,3,0
Michael Harris III,83751,HB,S JOSE ST,3,23.1,0,285,63.3,71.8,60.0,0,0,1,12.5,22.2,100.0,0,0,0,3,0,0,0,13,2,9,0,0,1,0
Levi Duwa,81685,G,IOWA,1,100.0,0,192,59.8,66.2,59.7,0,0,1,100.0,100.0,100.0,0,0,0,3,0,0,0,3,1,1,3,0,2,0
Jahmari Moore,43776,FB,WYOMING,1,100.0,0,351,60.1,,60.3,0,0,0,,,,0,0,0,3,0,0,0,3,0,0,0,0,3,3
Kyler Schott,81684,G,IOWA,1,100.0,0,192,64.4,66.2,63.6,0,0,1,100.0,100.0,100.0,0,0,0,3,0,3,0,3,1,1,0,0,2,0
C'Bo Flemister,83730,HB,NOTRE DAME,1,75.0,0,258,55.8,,59.0,0,0,0,,,,0,0,0,3,0,0,0,4,0,0,0,0,3,0
Austin Warner,41389,G,N ILLINOIS,3,100.0,0,254,60.0,60.9,60.0,0,0,0,,100.0,,0,0,0,3,0,0,0,3,1,1,0,0,2,0
Joseph Macrina,43720,HB,GA TECH,4,37.5,0,176,53.3,,58.5,0,0,0,,,,0,0,0,3,0,0,0,8,0,0,0,0,3,0
Brian Burt,61267,WR,FRESNO ST,2,100.0,0,169,60.1,,60.0,0,0,0,,,,0,0,0,3,0,0,0,3,0,0,0,0,3,0
Jackson Gibbs,60576,QB,APP STATE,1,100.0,0,108,60.0,,60.0,0,0,0,,,,0,0,0,3,0,0,0,3,0,0,0,0,3,0
Donovan Johnson,55687,CB,PENN STATE,3,100.0,0,266,60.1,,60.5,0,0,0,,,,0,0,0,3,0,0,0,3,0,0,0,0,3,0
Sam Brincks,50637,DI,IOWA,3,100.0,0,192,85.4,66.7,58.8,0,0,2,100.0,100.0,100.0,0,0,0,3,0,0,1,3,2,2,0,0,1,1
Matt Bonadies,34553,P,MIDDLE TN,2,100.0,0,224,60.3,,60.5,0,0,0,,,,0,0,0,3,0,0,0,3,0,0,0,0,3,0
Cole Anderson,47392,TE,IOWA STATE,2,100.0,0,193,60.0,,60.0,0,0,0,,,,0,0,0,3,0,0,0,3,0,0,0,0,3,3
Sam Neverov,58535,G,BOWL GREEN,3,100.0,0,122,60.0,,61.2,0,0,0,,,,0,0,0,3,0,0,0,3,0,0,0,0,3,0
Gavin Reinwald,60865,TE,CAL,1,100.0,0,130,59.8,,59.4,0,0,0,,,,0,0,0,3,0,0,0,3,0,0,0,0,3,3
Zach Thatcher,60257,T,WYOMING,3,100.0,0,351,60.0,,61.3,0,0,0,,,,0,0,0,3,0,0,0,3,0,0,0,0,3,0
Dalton Hicks,43363,LB,KENT STATE,2,100.0,0,201,60.0,61.8,60.0,0,0,1,100.0,100.0,100.0,0,0,0,3,0,0,0,3,1,1,0,0,2,0
Lorenzo Lingard,77779,HB,MIAMI FL,3,11.5,0,220,74.7,70.3,60.0,0,0,2,25.0,25.0,100.0,0,0,0,3,0,0,0,26,2,8,0,0,1,0
Robert Cooper,76863,DI,FLORIDA ST,1,100.0,0,167,55.4,65.5,52.1,0,0,1,100.0,100.0,100.0,0,0,0,3,0,0,0,3,1,1,0,0,2,3
Adrian Goodacre,46717,ED,LA LAFAYET,1,100.0,0,207,61.0,72.0,60.4,0,0,1,100.0,100.0,100.0,0,0,0,3,0,0,0,3,1,1,3,0,2,0
Keshaun McGaugh,84532,HB,CHARLOTTE,2,25.0,0,136,62.7,67.9,60.0,0,0,1,25.0,25.0,100.0,0,0,0,3,0,0,0,12,1,4,0,0,2,0
Tylan Knight,83710,CB,OLE MISS,4,11.5,1,226,68.8,75.7,60.0,0,0,2,33.3,33.3,100.0,1,0,0,3,0,0,0,26,2,6,0,0,1,0
Tre Odoms-Dukes,39900,WR,USF,2,42.9,0,327,59.4,,59.3,0,0,0,0.0,0.0,,0,0,0,3,0,0,0,7,0,4,0,0,3,0
Vinny Labus,58381,LB,N ILLINOIS,2,100.0,0,254,60.0,60.5,60.0,0,0,1,100.0,100.0,100.0,0,0,0,3,0,0,0,3,1,1,0,0,2,0
Tommy Zozus,55163,LS,FIU,3,100.0,0,166,60.0,,60.0,0,0,0,,,,0,0,0,3,0,0,0,3,0,0,0,0,3,0
Reid Rials,33969,WR,SO MISS,1,75.0,0,296,59.3,,60.1,0,0,0,0.0,0.0,,0,0,0,3,0,0,0,4,0,1,0,0,3,0
Max Kemper,58448,C,AIR FORCE,1,100.0,0,101,60.0,,59.4,0,0,0,,,,0,0,0,3,3,0,0,3,0,0,0,0,3,0
Ricky Brookins,13582,HB,INDIANA,4,7.5,0,190,63.5,73.4,60.0,0,0,1,2.9,2.6,100.0,0,0,0,3,0,0,0,40,1,38,0,0,2,0
Wayne Parks,56071,LB,MIDDLE TN,2,100.0,0,224,60.1,,60.5,0,0,0,,,,0,0,0,3,0,0,0,3,0,0,0,0,3,0
Braden Smith,43298,S,WYOMING,3,100.0,0,351,60.0,,61.3,0,0,0,,,,0,0,0,3,0,0,0,3,0,0,0,0,3,0
Jacob Carter,84307,WR,OLE MISS,1,100.0,0,226,60.1,,60.1,0,0,0,,,,0,0,0,3,0,0,0,3,0,0,0,0,3,0
Bobby Gettys,90865,T,CLEMSON,1,100.0,0,140,60.1,66.7,59.9,0,0,1,100.0,100.0,100.0,0,0,0,3,0,0,0,3,1,1,0,3,2,0
Cal Adomitis,58393,LS,PITTSBURGH,3,100.0,0,268,60.0,60.5,60.0,0,0,1,100.0,100.0,100.0,0,0,0,3,0,0,0,3,1,1,0,0,2,0
Patrick Burke,40582,WR,GEORGIA,1,100.0,0,173,59.9,,59.7,0,0,0,,,,0,0,0,3,0,0,0,3,0,0,0,0,3,0
Mikey Minihan,62963,G,GA TECH,1,100.0,0,176,59.5,,59.3,0,0,0,,,,0,0,0,3,0,3,0,3,0,0,0,0,3,0
Trysten Hill,44519,DI,UCF,4,50.0,0,323,62.0,71.0,70.0,0,0,1,50.0,50.0,100.0,3,0,0,3,0,0,0,6,1,2,0,0,2,0
Jeffrey Banks,61396,TE,LOUISVILLE,2,37.5,0,210,51.3,67.8,54.8,0,0,1,16.7,16.7,100.0,0,0,0,3,0,0,0,8,1,6,0,0,2,8
Miles Fallin,60415,QB,KANSAS,1,75.0,0,198,60.0,,60.0,0,0,0,,,,0,0,0,3,0,0,0,4,0,0,0,0,3,0
Terrell Perriman,84477,WR,UTAH,1,100.0,0,328,58.3,,55.8,0,0,0,,,,0,0,0,3,0,0,0,3,0,0,0,0,3,0
Andrejas Duerig,36976,G,SYRACUSE,1,100.0,0,304,59.3,,59.2,0,0,0,,,,0,0,0,3,0,0,0,3,0,0,3,0,3,0
Khalil Brooks,34161,LB,MIDDLE TN,2,100.0,0,224,60.0,,57.5,0,0,0,,,,2,0,0,3,0,0,0,3,0,0,0,0,3,0
Russell Booze,57329,HB,NEVADA,1,60.0,0,239,65.3,,60.0,0,0,0,,,,0,0,0,3,0,0,0,5,0,0,0,0,3,0
Jamal Baggett,35956,S,AKRON,3,100.0,0,102,60.3,,61.0,0,0,0,,,,0,0,0,3,0,0,0,3,0,0,0,0,3,0
Joey Luchetti,77877,TE,BOSTON COL,1,42.9,0,121,61.6,,58.7,0,0,0,0.0,0.0,,0,0,0,3,0,0,0,7,0,4,0,0,3,7
Harry Gornto V,13645,HB,FLORIDA,1,75.0,0,163,59.3,,60.1,0,0,0,0.0,0.0,,0,0,0,3,0,0,0,4,0,1,0,0,3,0
Ben Wisdorf,35947,LB,WYOMING,3,100.0,0,351,60.0,,60.5,0,0,0,,,,0,0,0,3,0,0,0,3,0,0,0,0,3,0
Terez Dickerson,13811,LB,DOMINION,3,100.0,0,263,60.0,,60.0,0,0,0,,,,0,0,0,3,0,0,0,3,0,0,0,0,3,0
Iverson Clement,83658,HB,FLORIDA,2,30.0,0,163,44.1,,58.7,0,0,0,0.0,0.0,,0,0,0,3,0,0,0,10,0,3,0,0,3,0
Hunter Smith,84440,WR,TEXAS A&M,1,100.0,0,312,60.1,,60.0,0,0,0,,,,0,0,0,3,0,0,0,3,0,0,0,0,3,0
Daniel Sargent,45141,LS,MIDDLE TN,2,100.0,0,224,60.0,,60.0,0,0,0,,,,0,0,0,3,0,0,0,3,0,0,0,0,3,0
Bart Baratti,56051,S,MIAMI OH,1,100.0,0,221,60.0,,60.0,0,0,0,,,,1,0,0,3,0,0,0,3,0,0,0,0,3,0
Cade Williams,84439,WR,TEXAS A&M,1,100.0,0,312,59.9,,59.6,0,0,0,,,,0,0,0,3,0,0,0,3,0,0,0,0,3,0
Connor Kish,41630,G,VA TECH,1,100.0,0,337,60.0,,60.0,0,0,0,,,,0,0,0,2,0,0,0,2,0,0,2,0,2,0
Kevin Kish,41638,G,VA TECH,1,100.0,0,337,60.0,,60.0,0,0,0,,,,0,0,0,2,0,2,0,2,0,0,0,0,2,0
Cole Renfrow,77889,TE,CLEMSON,1,100.0,0,140,60.0,,60.0,0,0,0,,,,0,0,0,2,0,0,0,2,0,0,0,0,2,0
Blake Lynch,57541,K,KANSAS ST,2,100.0,0,199,60.0,60.5,,0,0,2,100.0,100.0,100.0,0,0,0,2,0,0,0,2,2,2,0,0,0,0
Amen Ogbongbemiga,42449,LB,OKLA STATE,2,100.0,0,262,60.0,,60.0,0,0,0,,,,0,0,0,2,0,0,0,2,0,0,0,0,2,0
Cody Barton,50727,LB,UTAH,2,100.0,0,328,60.0,,60.0,0,0,0,,,,2,0,0,2,0,0,0,2,0,0,0,0,2,0
Payton Pardee,38406,WR,HOUSTON,1,66.7,0,182,58.2,,60.0,0,0,0,0.0,0.0,,0,0,0,2,0,0,0,3,0,1,0,0,2,0
Presley Motes,77931,TE,BOWL GREEN,1,40.0,0,122,42.9,7.5,60.0,0,0,1,25.0,25.0,100.0,0,0,0,2,0,0,0,5,1,4,0,0,1,5
Daetrich Harrington,57129,HB,APP STATE,2,20.0,0,108,61.0,0.0,60.0,0,0,1,50.0,50.0,100.0,0,0,0,2,0,0,0,10,1,2,0,0,1,0
Manly Williams,38651,ED,HAWAII,1,100.0,0,180,60.0,64.6,59.2,0,0,0,,100.0,,0,0,0,2,0,0,0,2,1,1,0,0,1,2
Chance La Chapelle,83549,QB,S JOSE ST,2,16.7,0,285,51.1,,60.0,0,0,0,0.0,0.0,,0,0,0,2,0,0,0,12,0,3,0,0,2,0
Deion Hair-Griffin,42213,WR,N TEXAS,3,18.2,0,251,54.4,,55.1,0,0,0,0.0,0.0,,0,0,0,2,0,0,0,11,0,9,0,0,2,0
John Fadule,35420,HB,BOSTON COL,2,14.3,0,121,49.2,0.8,,0,1,2,28.6,28.6,75.0,0,1,0,2,0,0,0,14,2,7,0,0,0,0
Ky'El Hemby,83387,S,SO MISS,2,100.0,0,296,60.0,,60.0,0,0,0,,,,0,0,0,2,0,0,0,2,0,0,0,0,2,0
D.Q. Thomas,83384,CB,SO MISS,2,100.0,0,296,60.0,,60.0,0,0,0,,,,1,0,0,2,0,0,0,2,0,0,0,0,2,0
Jake Camarda,82636,K,GEORGIA,4,50.0,0,173,57.6,60.5,60.0,0,0,1,50.0,50.0,100.0,0,0,0,2,0,0,0,4,1,2,0,0,1,0
Markice Hurt Jr.,57153,HB,BALL ST,3,4.8,0,117,63.4,7.0,,0,1,2,8.7,8.3,75.0,0,1,0,2,0,0,0,42,2,24,0,0,0,0
Anthony Queeley,77976,WR,SYRACUSE,1,40.0,0,304,57.1,,59.2,0,0,0,0.0,0.0,,0,0,0,2,0,0,0,5,0,3,0,0,2,0
Riley Reardon,89544,LS,MEMPHIS,2,100.0,0,218,60.0,,60.0,0,0,0,,,,0,0,0,2,0,0,0,2,0,0,0,0,2,0
Liam Byrne,77995,WR,GA TECH,1,100.0,0,176,60.0,,60.0,0,0,0,,,,0,0,0,2,0,0,0,2,0,0,0,0,2,0
Sebastian Briski,82370,DI,OREGON ST,2,100.0,0,265,60.0,60.5,60.0,0,0,1,100.0,100.0,100.0,0,0,0,2,0,0,0,2,1,1,0,0,1,0
Reese Randall,31260,HB,KANSAS,1,50.0,0,198,67.0,,60.0,0,0,0,,,,0,0,0,2,0,0,0,4,0,0,0,0,2,0
Quintin Wynne,27823,ED,N ILLINOIS,2,66.7,0,254,56.7,,60.0,0,0,0,0.0,0.0,,4,0,0,2,0,0,0,3,0,1,0,0,2,0
Tayland Humphrey,82262,DI,FIU,2,100.0,0,166,60.0,,60.0,0,0,0,,,,2,0,0,2,0,0,0,2,0,0,0,0,2,0
Davon Strickland,82259,ED,FIU,2,100.0,0,166,60.0,,60.0,0,0,0,,,,0,0,0,2,0,0,0,2,0,0,0,0,2,0
Keyon Richardson,48359,ED,GEORGIA,2,100.0,0,173,60.0,60.5,60.0,0,0,1,100.0,100.0,100.0,0,0,0,2,0,0,0,2,1,1,0,0,1,0
Antione Barker,35587,ED,TROY,1,100.0,0,318,60.0,,60.0,0,0,0,,,,1,0,0,2,0,0,0,2,0,0,0,0,2,2
Spencer Evans,27979,K,PURDUE,2,100.0,0,273,60.0,,60.3,0,0,0,,,,0,0,0,2,0,0,0,2,0,0,0,0,2,0
Sebastian Riella,82023,P,FAU,2,100.0,0,165,60.0,,60.0,0,0,0,,,,0,0,0,2,0,0,0,2,0,0,0,0,2,0
Mufu Taiwo,28144,DI,DOMINION,2,100.0,0,263,60.0,,60.3,0,0,0,,,,0,0,0,2,0,0,0,2,0,0,0,0,2,0
Michael Dogbe,48850,DI,TEMPLE,2,100.0,0,306,60.0,,60.3,0,0,0,,,,2,0,0,2,0,0,0,2,0,0,0,0,2,0
Kalil Morris,48888,DI,KENT STATE,2,100.0,0,201,60.0,,60.0,0,0,0,,,,0,0,0,2,0,0,0,2,0,0,0,0,2,0
Kain Daub,28279,ED,FAU,2,100.0,0,165,60.0,60.9,60.0,0,0,1,100.0,100.0,100.0,0,0,0,2,0,0,0,2,1,1,0,0,1,0
Sean Williams,49047,S,NAVY,1,100.0,0,237,60.0,,60.0,0,0,0,,,,2,0,0,2,0,0,0,2,0,0,0,0,2,0
George Nyakwol,52203,S,RICE,2,100.0,0,275,60.0,60.5,60.0,0,0,1,100.0,100.0,100.0,1,0,0,2,0,0,0,2,1,1,0,0,1,0
Ben DeLuca,51269,S,CHARLOTTE,2,100.0,0,136,60.0,,60.0,0,0,0,,,,2,0,0,2,0,0,0,2,0,0,0,0,2,0
Donnie Lewis Jr.,49431,CB,TULANE,1,100.0,0,319,60.0,,60.0,0,0,0,,,,4,0,0,2,0,0,0,2,0,0,0,0,2,0
Myles Adams,28430,DI,RICE,3,66.7,0,275,59.0,60.5,60.0,0,0,1,100.0,50.0,100.0,0,0,0,2,0,0,0,3,1,2,0,0,1,1
William Jeanlys,49547,LB,SMU,2,100.0,0,287,60.0,60.5,60.0,0,0,1,100.0,100.0,100.0,0,0,0,2,0,0,0,2,1,1,0,0,1,0
Rock Ya-Sin,49564,CB,TEMPLE,2,100.0,1,306,60.0,60.5,60.0,0,0,1,100.0,100.0,100.0,6,0,0,2,0,0,0,2,1,1,0,0,1,0
Tanner Wilson,60330,QB,APP STATE,1,100.0,0,108,60.0,,60.0,0,0,0,,,,0,0,0,2,0,0,0,2,0,0,0,0,2,0
Jahz Watts,61443,WR,MICH STATE,1,100.0,0,223,60.0,,60.0,0,0,0,,,,0,0,0,2,0,0,0,2,0,0,0,0,2,0
Dalton Harman,28590,LS,KANSAS ST,2,100.0,0,199,60.0,60.5,,0,0,2,100.0,100.0,100.0,0,0,0,2,0,0,0,2,2,2,0,0,0,0
Tyshun Render,35744,ED,MIDDLE TN,2,100.0,0,224,60.0,,60.0,0,0,0,,,,1,0,0,2,0,0,0,2,0,0,0,0,2,0
Dominique Long,60688,CB,MICH STATE,2,100.0,0,223,60.0,,60.1,0,0,0,,,,0,0,0,2,0,0,0,2,0,0,0,0,2,0
Jonah Melton,59933,G,N CAROLINA,1,100.0,0,245,60.1,,60.0,0,0,0,,,,0,0,0,2,0,2,0,2,0,0,0,0,2,0
Julian Rochester,49668,DI,GEORGIA,2,100.0,0,173,60.0,60.5,60.0,0,0,1,100.0,100.0,100.0,0,0,0,2,0,0,0,2,1,1,0,0,1,0
Josh Watson,49722,LB,COLO STATE,2,100.0,1,144,60.0,63.8,60.0,0,0,1,100.0,100.0,100.0,4,0,0,2,0,0,0,2,1,1,0,0,1,0
Richard Olekanma,49799,LB,TOLEDO,2,100.0,0,316,60.0,,60.0,0,0,0,,,,0,0,0,2,0,0,0,2,0,0,0,1,2,0
Nic Cantu,81737,T,OLE MISS,1,100.0,0,226,60.0,,59.3,0,0,0,,,,0,0,0,2,0,0,2,2,0,0,0,0,2,0
KC Swaim,81736,T,OLE MISS,1,100.0,0,226,60.0,,60.1,0,0,0,,,,0,0,0,2,0,0,0,2,0,0,0,2,2,0
Jared Char,57297,FB,MICHIGAN,1,100.0,0,222,60.0,,60.0,0,0,0,,,,0,0,0,2,0,0,0,2,0,0,0,0,2,0
Evan Gregory,81718,G,MARYLAND,1,100.0,0,215,60.0,,60.0,0,0,0,,,,0,0,0,2,0,2,0,2,0,0,0,0,2,0
Mitch Rossi,57368,TE,OHIO STATE,1,100.0,0,260,59.7,,59.0,0,0,0,,,,0,0,0,2,0,0,0,2,0,0,0,0,2,2
Kalani Vakameilalo,50085,DI,OREGON ST,2,100.0,0,265,60.0,65.5,60.0,0,0,1,100.0,100.0,100.0,1,0,0,2,0,0,0,2,1,1,0,0,1,1
Walden Davis,30273,LB,SO MISS,2,100.0,0,296,60.0,,60.0,0,0,0,,,,1,0,0,2,0,0,0,2,0,0,0,0,2,0
Kyle Buckner,42014,WR,OREGON,1,100.0,0,264,60.0,,60.0,0,0,0,,,,0,0,0,2,0,0,0,2,0,0,0,0,2,0
Tre Miller,57458,HB,UTAH ST,2,13.3,0,329,76.4,,60.0,0,0,0,0.0,0.0,,0,0,0,2,0,0,0,15,0,5,0,0,2,0
Bailey Laolagi,51034,LB,UNLV,2,100.0,0,325,60.0,,59.9,0,0,0,,,,0,0,0,2,0,0,0,2,0,0,0,0,2,0
Ryan Martin,78115,WR,TCU,1,100.0,0,305,60.0,,60.0,0,0,0,,,,0,0,0,2,0,0,0,2,0,0,0,0,2,0
Soli Afalava,28986,S,UNLV,2,100.0,0,325,60.0,,60.0,0,0,0,,,,0,0,0,2,0,0,0,2,0,0,0,0,2,0
Derrick Malone,39943,TE,OHIO STATE,1,100.0,0,260,60.0,,57.8,0,0,0,,,,0,0,0,2,0,0,0,2,0,0,0,0,2,2
Darien Rencher,39949,HB,CLEMSON,7,8.7,0,140,67.4,67.9,60.0,0,0,1,14.3,14.3,100.0,0,0,0,2,0,0,0,23,1,7,0,0,1,0
Drew Wise,58369,LS,MISSOURI,2,100.0,0,229,60.0,,60.0,0,0,0,,,,0,0,0,2,0,0,0,2,0,0,0,0,2,0
Tyler Taafe,50095,LB,TOLEDO,2,100.0,0,316,60.0,,60.0,0,0,0,,,,2,0,0,2,0,0,0,2,0,0,1,0,2,0
Jalen McKie,56126,CB,N ILLINOIS,2,66.7,1,254,57.9,,60.0,0,0,0,0.0,0.0,,1,0,0,2,0,0,0,3,0,1,0,0,2,0
Layton Barber,40017,T,N CAROLINA,1,100.0,0,245,59.6,,58.6,0,0,0,,,,0,0,0,2,0,0,0,2,0,0,0,2,2,0
Connor Kelsey,12920,LS,OREGON ST,2,100.0,0,265,60.0,60.5,60.0,0,0,1,100.0,100.0,100.0,0,0,0,2,0,0,0,2,1,1,0,0,1,0
Markees Watts,84537,ED,CHARLOTTE,2,100.0,0,136,60.0,,60.0,0,0,0,,,,1,0,0,2,0,0,0,2,0,0,0,0,2,0
Brandon Wright,13421,K,GA STATE,2,100.0,0,175,60.0,,66.8,0,0,0,,,,0,0,0,2,0,0,0,2,0,0,0,0,2,0
Gabe Skrobot,45230,LS,BOWL GREEN,2,100.0,0,122,60.0,,60.0,0,0,0,,,,0,0,0,2,0,0,0,2,0,0,0,0,2,0
Kassidy Woods,84507,WR,WASH STATE,1,20.0,0,341,52.8,,60.0,0,0,0,0.0,0.0,,0,0,0,2,0,0,0,10,0,8,0,0,2,0
Ryan Langan,58349,C,GA SOUTHRN,2,100.0,0,174,60.0,69.8,,0,0,0,,100.0,,0,0,0,2,2,0,0,2,2,2,0,0,0,0
Grant Restmeyer,39883,QB,OLE MISS,1,100.0,0,226,60.0,,60.0,0,0,0,,,,0,0,0,2,0,0,0,2,0,0,0,0,2,0
Brendan White,39881,WR,MICHIGAN,1,66.7,0,222,59.2,,60.0,0,0,0,0.0,0.0,,0,0,0,2,0,0,0,3,0,1,0,0,2,0
Tyriq Harris,50255,ED,CHARLOTTE,2,100.0,0,136,60.0,,60.0,0,0,0,,,,0,0,0,2,0,0,0,2,0,0,0,0,2,0
Cody Smith,56070,LB,MIDDLE TN,1,100.0,0,224,60.0,,60.0,0,0,0,,,,0,0,0,2,0,0,0,2,0,0,0,0,2,0
Kamau Farrell-Burke,56066,CB,MIDDLE TN,1,100.0,0,224,60.0,,60.1,0,0,0,,,,0,0,0,2,0,0,0,2,0,0,0,0,2,0
James Carolan,58334,LS,BOWL GREEN,2,100.0,0,122,60.0,,60.0,0,0,0,,,,0,0,0,2,0,0,0,2,0,0,0,0,2,0
Princeton Fant,62982,HB,TENNESSEE,1,40.0,0,307,52.2,,60.0,0,0,0,,,,0,0,0,2,0,0,0,5,0,0,0,0,2,0
Nick Haynes,60963,TE,OLE MISS,1,100.0,0,226,61.0,,69.9,0,0,0,,,,0,0,0,2,0,0,0,2,0,0,0,0,2,2
Cedric Chambers,40516,HB,AUBURN,2,66.7,0,115,80.5,,59.9,0,0,0,0.0,0.0,,0,0,0,2,0,0,0,3,0,1,0,0,2,0
Daniel Cantrell,58333,LS,BOISE ST,2,100.0,0,120,60.0,60.9,60.0,0,0,0,,100.0,,0,0,0,2,0,0,0,2,1,1,0,0,1,0
Joseph Greenwood,58331,LS,BALL ST,2,100.0,0,117,60.0,,60.0,0,0,0,,,,0,0,0,2,0,0,0,2,0,0,0,0,2,0
Nathan Guzman,58420,LS,UNLV,2,100.0,0,325,60.0,,60.0,0,0,0,,,,0,0,0,2,0,0,0,2,0,0,0,0,2,0
Chris Gregg,62027,WR,ARMY,1,100.0,0,114,59.7,,59.0,0,0,0,,,,0,0,0,2,0,0,0,2,0,0,0,0,2,0
Damon Johnson,58421,LS,USC,2,100.0,0,326,60.0,60.9,60.0,0,0,1,100.0,100.0,100.0,0,0,0,2,0,0,0,2,1,1,0,0,1,0
Rory Luke,36937,G,LSU,1,100.0,0,211,59.9,,59.9,0,0,0,,,,0,0,0,2,0,0,0,2,0,0,2,0,2,0
Ben Asbury,45074,LS,S CAROLINA,1,100.0,0,289,60.0,,60.0,0,0,0,,,,0,0,0,2,0,0,0,2,0,0,0,0,2,0
Antonio Montero,75822,LB,RICE,2,100.0,0,275,60.0,60.5,60.0,0,0,1,100.0,100.0,100.0,1,0,0,2,0,0,0,2,1,1,0,0,1,0
Treshawn Chamberlain,75823,LB,RICE,2,100.0,0,275,60.0,60.5,60.0,0,0,1,100.0,100.0,100.0,1,0,0,2,0,0,0,2,1,1,0,0,1,0
Ross Reiter,75828,LS,COLO STATE,2,100.0,0,144,60.0,63.8,60.0,0,0,1,100.0,100.0,100.0,0,0,0,2,0,0,0,2,1,1,0,0,1,0
Stone Harris,84449,WR,TEXAS ST,1,100.0,0,314,60.0,,60.0,0,0,0,,,,0,0,0,2,0,0,0,2,0,0,0,0,2,0
Bailey Cate,45017,P,DOMINION,4,50.0,0,263,59.0,,60.0,0,0,0,,0.0,,0,0,0,2,0,0,0,4,0,1,0,0,2,0
Za'Carrius Green,51426,S,OKLA STATE,2,100.0,0,262,60.0,,60.0,0,0,0,,,,0,0,0,2,0,0,0,2,0,0,0,0,2,0
Brett Slusher,55997,WR,KENTUCKY,1,100.0,0,202,60.0,,60.0,0,0,0,,,,0,0,0,2,0,0,0,2,0,0,0,0,2,0
Parker Mason,34483,WR,S ALABAMA,2,66.7,0,288,58.8,,60.0,0,0,0,0.0,0.0,,0,0,0,2,0,0,0,3,0,1,0,0,2,0
Grant Stuard,55933,S,HOUSTON,2,14.3,0,182,50.5,69.5,60.0,0,0,1,12.5,12.5,100.0,0,0,0,2,0,0,0,14,1,8,0,0,1,0
Reese Mason,84437,WR,TEXAS A&M,1,100.0,0,312,60.0,,60.0,0,0,0,,,,0,0,0,2,0,0,0,2,0,0,0,0,2,0
Demitrious Gibbs,56254,S,UNLV,2,100.0,1,325,60.1,,59.9,0,0,0,,,,3,0,0,2,0,0,0,2,0,0,0,0,2,0
Matt Coghlin,44998,K,MICH STATE,4,50.0,0,223,68.0,65.2,,0,0,2,66.7,66.7,100.0,0,0,0,2,0,0,0,4,2,3,0,0,0,0
Adam Williams,60289,P,MEMPHIS,3,66.7,0,218,56.2,,60.0,0,0,0,0.0,0.0,,0,0,0,2,0,0,0,3,0,1,0,0,2,0
Cameron Buzzell,84426,WR,STANFORD,1,100.0,0,300,60.0,,60.0,0,0,0,,,,0,0,0,2,0,0,0,2,0,0,0,0,2,0
Melvin Jackson III,55834,CB,BOWL GREEN,2,100.0,0,122,60.0,,60.1,0,0,0,,,,0,0,0,2,0,0,0,2,0,0,0,0,2,0
Patrick McClure,90866,QB,CLEMSON,1,100.0,0,140,60.0,,60.0,0,0,0,,,,0,0,0,2,0,0,0,2,0,0,0,0,2,0
Nick Mardner,75945,WR,HAWAII,1,66.7,0,180,58.5,,60.0,0,0,0,0.0,0.0,,0,0,0,2,0,0,0,3,0,1,0,0,2,0
Maddie Golden,81518,LS,UTAH,2,100.0,0,328,60.0,,60.0,0,0,0,,,,0,0,0,2,0,0,0,2,0,0,0,0,2,0
Daulton Hyatt,60337,QB,ARKANSAS,1,50.0,0,111,52.4,,60.0,0,0,0,0.0,0.0,,0,0,0,2,0,0,0,4,0,1,0,0,2,0
Matthew Murla,101199,,AIR FORCE,1,66.7,0,101,54.8,,58.6,0,0,0,,,,0,0,0,2,0,0,0,3,0,0,0,0,2,0
Matt Naranjo,44994,P,BOWL GREEN,2,66.7,0,122,52.8,,60.3,0,0,0,,,,0,0,0,2,0,0,0,3,0,0,0,0,2,0
Dylan Slavens,56258,WR,UTAH,1,100.0,0,328,60.0,,60.0,0,0,0,,,,0,0,0,2,0,0,0,2,0,0,0,0,2,0
Brad Dennis,84421,WR,SO MISS,1,100.0,0,296,60.0,,60.0,0,0,0,,,,0,0,0,2,0,0,0,2,0,0,0,0,2,0
Darian Yancey,44986,ED,SO MISS,2,100.0,0,296,60.0,,60.0,0,0,0,,,,0,0,0,2,0,0,0,2,0,0,0,0,2,0
Devin Haney,76611,CB,N ILLINOIS,2,66.7,0,254,57.9,,60.0,0,0,0,0.0,0.0,,0,0,0,2,0,0,0,3,0,1,0,0,2,0
Cameron Wilkins,81325,TE,MISSOURI,1,100.0,0,229,59.4,,58.1,0,0,0,,,,0,0,0,2,0,0,0,2,0,0,0,0,2,1
Javelin Guidry,56262,CB,UTAH,2,100.0,0,328,60.0,,59.9,0,0,0,,,,2,0,0,2,0,0,0,2,0,0,0,0,2,0
Alex Kessman,44905,K,PITTSBURGH,2,100.0,0,268,60.0,,60.0,0,0,0,,,,0,0,0,2,0,0,0,2,0,0,0,0,2,0
Hayden Kingston,44878,QB,UCF,1,100.0,0,323,60.0,,60.0,0,0,0,,,,0,0,0,2,0,0,0,2,0,0,0,0,2,0
Ray Wilson Jr.,60892,TE,FAU,2,100.0,0,165,60.0,,60.0,0,0,0,,,,0,0,0,2,0,0,0,2,0,0,0,0,2,1
Andrew Gantz,38531,K,N ILLINOIS,3,66.7,0,254,56.1,,60.4,0,0,0,,0.0,,0,0,0,2,0,0,0,3,0,1,0,0,2,0
Will Mobley,77056,K,TEMPLE,2,100.0,0,306,60.0,,60.3,0,0,0,,,,0,0,0,2,0,0,0,2,0,0,0,0,2,0
Matthew Trickett,77078,K,KENT STATE,2,100.0,0,201,60.0,,60.0,0,0,0,,,,0,0,0,2,0,0,0,2,0,0,0,0,2,0
Chad Ryland,77083,K,E MICHIGAN,2,100.0,0,160,60.0,,57.4,0,0,0,,,,0,0,0,2,0,0,0,2,0,0,0,0,2,0
DaeSean Winston,77142,CB,TEMPLE,2,100.0,0,306,60.0,,60.1,0,0,0,,,,0,0,0,2,0,0,0,2,0,0,0,0,2,0
DeAndre Fitz-Henley,77243,FB,BOWL GREEN,1,100.0,0,122,60.0,,60.0,0,0,0,,,,0,0,0,2,0,0,0,2,0,0,0,0,2,0
Brandon Bischof,77275,LB,AKRON,2,100.0,0,102,60.0,,60.0,0,0,0,,,,0,0,0,2,0,0,0,2,0,0,0,0,2,0
Audley Isaacs,58177,LB,TEMPLE,2,100.0,0,306,60.0,60.5,60.0,0,0,1,100.0,100.0,100.0,0,0,0,2,0,0,0,2,1,1,0,0,1,0
Jerome Cooper,55770,HB,AKRON,3,66.7,0,102,67.7,,60.0,0,0,0,,,,0,0,0,2,0,0,0,3,0,0,0,0,2,0
Sam Walkingstick,44742,LS,OKLA STATE,2,100.0,0,262,60.0,,60.0,0,0,0,,,,0,0,0,2,0,0,0,2,0,0,0,0,2,0
Keyon Blankenbaker,55749,CB,WYOMING,2,100.0,0,351,60.0,,60.0,0,0,0,,,,2,0,0,2,0,0,0,2,0,0,0,0,2,0
Nahshon Ellerbe,40664,HB,RICE,2,28.6,0,275,54.0,72.7,60.0,0,0,1,50.0,50.0,100.0,0,0,0,2,0,0,0,7,1,2,0,0,1,0
Logan Arnold,61047,TE,UAB,1,100.0,0,321,59.9,,57.5,0,0,0,,,,0,0,0,2,0,0,0,2,0,0,0,0,2,2
Johnny Den Bleyker,44660,LS,UCLA,1,100.0,0,324,60.0,60.5,60.0,0,0,1,100.0,100.0,100.0,0,0,0,2,0,0,0,2,1,1,0,0,1,0
Zayin West,56384,ED,KENT STATE,2,100.0,0,201,60.0,,60.0,0,0,0,,,,2,0,0,2,0,0,0,2,0,0,0,0,2,0
Ben Jacques,37221,ED,CHARLOTTE,2,100.0,0,136,60.0,,60.0,0,0,0,,,,0,0,0,2,0,0,0,2,0,0,0,0,2,0
Jordan Cole,58069,LB,N ILLINOIS,1,100.0,0,254,60.0,60.5,60.0,0,0,1,100.0,100.0,100.0,0,0,0,2,0,0,0,2,1,1,0,0,1,0
Leki Fotu,44614,DI,UTAH,2,100.0,0,328,60.0,,59.9,0,0,0,,,,3,0,0,2,0,0,0,2,0,0,0,0,2,0
Matt Lorbeck,56427,ED,N ILLINOIS,3,66.7,0,254,59.7,,60.4,0,0,0,,0.0,,2,0,0,2,0,0,0,3,0,1,0,0,2,0
David Floyd,41282,G,VANDERBILT,2,100.0,0,333,60.0,,60.0,0,0,0,,,,0,0,0,2,0,1,0,2,0,0,1,0,2,0
Connor Martin,25581,K,BAYLOR,2,100.0,0,118,60.0,60.5,60.0,0,0,1,100.0,100.0,100.0,0,0,0,2,0,0,0,2,1,1,0,0,1,0
Ian Donald-McIntyre,41307,HB,GEORGIA,3,22.2,0,173,66.5,,59.9,0,0,0,0.0,0.0,,0,0,0,2,0,0,0,9,0,1,0,0,2,0
Dalen Morris,60474,QB,NAVY,2,33.3,0,237,25.2,,60.0,0,0,0,,,,0,0,0,2,0,0,0,6,0,0,0,0,2,0
Elijah Garcia,44498,DI,RICE,2,100.0,1,275,60.0,66.5,60.0,0,0,0,,100.0,,4,0,0,2,0,2,0,2,1,1,0,0,1,0
Nick Tronti,60409,QB,FAU,1,100.0,0,165,60.0,,60.0,0,0,0,,,,0,0,0,2,0,0,0,2,0,0,0,0,2,0
Roger Neal,58029,HB,NEVADA,2,40.0,0,239,63.0,,60.0,0,0,0,,,,0,0,0,2,0,0,0,5,0,0,0,0,2,0
Eric Cal,41335,C,NAVY,1,100.0,0,237,60.0,,60.0,0,0,0,,,,0,0,0,2,2,0,0,2,0,0,0,0,2,0
Darren Palmer,61769,WR,UNLV,2,66.7,0,325,59.3,,59.9,0,0,0,,0.0,,0,0,0,2,0,0,0,3,0,1,0,0,2,0
Grayson Miller,34790,ED,MICH STATE,2,100.0,0,223,60.0,,60.0,0,0,0,,,,0,0,0,2,0,0,0,2,0,0,0,0,2,0
LaBryan Ray,56501,ED,ALABAMA,1,100.0,0,103,60.0,,56.9,0,0,0,,,,1,0,0,2,0,0,0,2,0,0,0,0,2,2
De'von Jones,44189,WR,AKRON,2,100.0,0,102,60.0,,60.0,0,0,0,,,,0,0,0,2,0,0,0,2,0,0,0,0,2,0
Payton Jordahl,26175,LS,MINNESOTA,2,100.0,0,225,60.0,60.5,60.0,0,0,1,100.0,100.0,100.0,0,0,0,2,0,0,0,2,1,1,0,0,1,0
Jeff George Jr.,46564,QB,PITTSBURGH,3,33.3,0,268,47.9,,60.0,0,0,0,0.0,0.0,,0,0,0,2,0,0,0,6,0,3,0,0,2,0
Bee Hinton,61734,WR,TROY,1,28.6,0,318,54.9,,60.0,0,0,0,0.0,0.0,,0,0,0,2,0,0,0,7,0,5,0,0,2,0
Joe Goff,44099,T,NAVY,1,100.0,0,237,60.0,,59.3,0,0,0,,,,0,0,0,2,0,0,0,2,0,0,0,2,2,0
Trevor Downing,77472,T,IOWA STATE,2,100.0,0,193,57.6,,55.8,0,0,0,,,,0,0,0,2,0,0,0,2,0,0,0,0,2,2
Julian Ortega-Jones,78155,WR,BOWL GREEN,1,100.0,0,122,58.6,,55.8,0,0,0,,,,0,0,0,2,0,0,0,2,0,0,0,0,2,0
Antjuan Simmons,57975,LB,MICH STATE,3,66.7,0,223,26.9,,60.0,0,0,0,,,,0,0,0,2,0,0,0,3,0,0,0,0,2,0
Dylan Meeks,60832,ED,AKRON,3,66.7,0,102,65.2,,60.0,0,0,0,,,,0,0,0,2,0,0,0,3,0,0,0,0,2,0
Milton Williams,56682,ED,LA TECH,1,100.0,0,208,60.0,,59.9,0,0,0,,,,0,0,0,2,0,0,1,2,0,0,0,0,2,1
Noah Listermann,36730,G,MICH STATE,1,100.0,0,223,60.0,,60.0,0,0,0,,,,0,0,0,2,0,0,0,2,0,0,2,0,2,0
Drake Sutton,34941,LS,E MICHIGAN,2,100.0,0,160,60.0,,60.0,0,0,0,,,,0,0,0,2,0,0,0,2,0,0,0,0,2,0
Jackson Lanam,84062,TE,TEXAS ST,1,66.7,0,314,46.7,,44.5,0,0,0,0.0,0.0,,0,0,0,2,0,0,0,3,0,1,0,0,2,2
Jack Walker,55195,QB,GA STATE,2,22.2,0,175,47.7,,60.0,0,0,0,0.0,0.0,,0,0,0,2,0,0,0,9,0,3,0,0,2,0
Alex Highsmith,43507,ED,CHARLOTTE,2,100.0,0,136,60.0,,60.0,0,0,0,,,,1,0,0,2,0,0,0,2,0,0,0,0,2,0
Jason D'Amore,123070,FB,TCU,1,100.0,0,305,60.0,,60.0,0,0,0,,,,0,0,0,2,0,0,0,2,0,0,0,0,2,0
Trajan Stephens-McQueen,55189,LB,GA STATE,2,100.0,0,175,60.0,,60.7,0,0,0,,,,0,0,0,2,0,0,0,2,0,0,0,0,2,0
Keegan Firth,34970,LS,OREGON ST,2,100.0,0,265,60.0,68.6,60.0,0,0,1,100.0,100.0,100.0,0,0,0,2,1,0,0,2,1,1,0,0,1,0
Tate Duarte,84028,TE,OHIO STATE,1,100.0,0,260,60.0,,59.7,0,0,0,,,,0,0,0,2,0,0,0,2,0,0,0,0,2,2
Nikolas Dean,84008,TE,OLE MISS,1,100.0,0,226,60.0,,59.9,0,0,0,,,,0,0,0,2,0,0,0,2,0,0,0,0,2,2
Jordan Rodriguez,90869,TE,TULSA,1,100.0,0,320,60.0,,60.0,0,0,0,,,,0,0,0,2,0,0,0,2,0,0,0,0,2,1
Darius Stubbs,40198,HB,GA STATE,2,14.3,0,175,70.2,67.5,60.0,0,0,1,10.0,9.1,100.0,0,0,0,2,0,0,0,14,1,11,0,0,1,0
Tyler Shoop,33143,WR,PENN STATE,1,66.7,0,266,58.7,,60.0,0,0,0,0.0,0.0,,0,0,0,2,0,0,0,3,0,1,0,0,2,0
Teldrick Ross,79003,CB,MIDDLE TN,1,100.0,0,224,60.0,,60.1,0,0,0,,,,0,0,0,2,0,0,0,2,0,0,0,0,2,0
Ben Makowski,36610,LS,PURDUE,2,100.0,0,273,60.0,,60.0,0,0,0,,,,0,0,0,2,0,0,0,2,0,0,0,0,2,0
Gunnar Holmberg,77625,QB,DUKE,1,66.7,0,154,70.7,,60.0,0,0,0,,,,0,0,0,2,0,0,0,3,0,0,0,0,2,0
Chuck Davis,41483,WR,VIRGINIA,3,66.7,0,335,59.2,,60.0,0,0,0,0.0,0.0,,0,0,0,2,0,0,0,3,0,1,0,0,2,0
Byron Bullough,50700,LB,MICH STATE,2,100.0,0,223,60.0,,60.0,0,0,0,,,,0,0,0,2,0,0,0,2,0,0,0,0,2,0
Fotis Kokosioulis,78174,WR,N ILLINOIS,3,33.3,0,254,56.2,,60.0,0,0,0,0.0,0.0,,0,0,0,2,0,0,0,6,0,4,0,0,2,0
Josh Perry,43283,S,MEMPHIS,2,100.0,0,218,60.0,,60.0,0,0,1,100.0,100.0,100.0,5,0,0,2,0,0,0,2,1,1,0,0,1,0
Joe Arcangelo,37602,TE,PENN STATE,1,66.7,0,266,61.8,,60.0,0,0,0,0.0,0.0,,0,0,0,2,0,0,0,3,0,1,0,0,2,2
Joe Bachie,43250,LB,MICH STATE,2,100.0,0,223,60.0,,61.6,0,0,0,,,,0,0,0,2,0,0,0,2,0,0,0,0,2,0
Philip Redwine-Bryant,35032,S,OKLA STATE,2,100.0,0,262,60.0,,60.0,0,0,0,,,,0,0,0,2,0,0,0,2,0,0,0,0,2,0
Peyton Cox,59868,G,OLE MISS,1,100.0,0,226,59.8,,59.7,0,0,0,,,,0,0,0,2,0,2,0,2,0,0,0,0,2,0
Lawrence Garner,43233,LB,DOMINION,2,100.0,0,263,60.0,,60.0,0,0,0,,,,1,0,0,2,0,0,0,2,0,0,0,0,2,0
Jonathan Elder,83956,TE,COAST CAR,1,66.7,0,141,58.9,,60.0,0,0,0,0.0,0.0,,0,0,0,2,0,0,0,3,0,1,0,0,2,3
Nick Gasser,33037,K,AKRON,4,50.0,0,102,41.8,,60.1,0,0,0,,,,0,0,0,2,0,0,0,4,0,0,0,0,2,0
Kee Whetzel,43228,LB,OREGON ST,2,100.0,0,265,60.0,60.5,60.0,0,0,1,100.0,100.0,100.0,1,0,0,2,0,0,0,2,1,1,0,0,1,0
McCallan Castles,83949,TE,CAL,4,13.3,0,130,63.1,,60.0,0,0,0,0.0,0.0,,0,0,0,2,0,0,0,15,0,13,0,0,2,8
Jarick Caldwell,83933,TE,ARIZONA ST,2,28.6,0,110,60.8,,60.0,0,0,0,0.0,0.0,,0,0,0,2,0,0,0,7,0,5,0,0,2,0
Re-al Mitchell,77670,QB,IOWA STATE,1,100.0,0,193,60.0,,60.0,0,0,0,,,,0,0,0,2,0,0,0,2,0,0,0,0,2,0
Carson Wells,57792,ED,COLORADO,2,100.0,0,143,59.3,,58.0,0,0,0,,,,0,0,0,2,0,0,0,2,0,0,0,0,2,0
Marvin Wilson,56977,DI,FLORIDA ST,1,66.7,0,167,59.3,,60.0,0,0,0,0.0,0.0,,1,0,0,2,0,0,0,3,0,1,0,0,2,0
Jordan Ferguson,56995,DI,MIDDLE TN,2,100.0,0,224,60.0,60.9,60.0,0,0,0,,100.0,,1,0,0,2,0,0,0,2,1,1,0,0,1,0
Delvon Randall,51338,S,TEMPLE,3,66.7,0,306,57.2,60.9,60.0,0,0,1,50.0,50.0,100.0,4,0,0,2,0,0,0,3,1,2,0,0,1,0
Matt Myers,77698,QB,BUFFALO,1,66.7,0,126,68.7,,60.0,0,0,0,,,,0,0,0,2,0,0,0,3,0,0,0,0,2,0
Dylan McDuffie,77703,HB,BUFFALO,2,12.5,0,126,72.3,,60.0,0,0,0,,,,0,0,0,2,0,0,0,16,0,0,0,0,2,0
Mason Garrison,55098,T,CINCINNATI,1,100.0,0,138,60.0,,60.0,0,0,0,,,,0,0,0,2,0,0,0,2,0,0,0,2,2,0
Josh Mays,83779,HB,TROY,1,28.6,0,318,66.4,70.2,60.0,0,0,0,0.0,33.3,,0,0,0,2,0,0,0,7,1,3,0,0,1,0
Henry Segura,57775,LB,CHARLOTTE,2,100.0,0,136,60.0,,60.0,0,0,0,,,,0,0,0,2,0,0,0,2,0,0,0,0,2,0
Alec Harris,83778,HB,TEXAS ST,1,25.0,0,314,81.6,71.4,,0,0,2,66.7,66.7,100.0,0,0,0,2,0,0,0,8,2,3,0,0,0,0
Tim Tanner-Blair,41518,DI,BOWL GREEN,1,100.0,0,122,59.3,,57.9,0,0,0,,,,0,0,0,2,0,0,0,2,0,0,0,0,2,0
British Brooks,77714,HB,N CAROLINA,1,20.0,0,245,69.9,,58.8,0,0,0,0.0,0.0,,0,0,0,2,0,0,0,10,0,1,0,0,2,0
Garrett Conner,91016,WR,FLORIDA,1,100.0,0,163,60.0,,60.0,0,0,0,,,,0,0,0,2,0,0,0,2,0,0,0,0,2,0
Charles Strong,83775,HB,TEXAS A&M,1,25.0,0,312,59.6,,59.6,0,0,0,0.0,0.0,,0,0,0,2,0,0,0,8,0,2,0,0,2,0
Deneric Prince,83774,HB,TEXAS A&M,1,33.3,0,312,63.8,,60.0,0,0,0,0.0,0.0,,0,0,0,2,0,0,0,6,0,2,0,0,2,0
Kellen McAlone,29763,WR,PITTSBURGH,1,100.0,0,268,60.0,,60.0,0,0,0,,,,0,0,0,2,0,0,0,2,0,0,0,0,2,0
Jacob Kibodi,57427,HB,TEXAS A&M,1,40.0,0,312,76.0,,60.0,0,0,0,,,,0,0,0,2,0,0,0,5,0,0,0,0,2,0
Cameron Fleming,77736,HB,MEMPHIS,2,18.2,0,218,49.6,,60.0,0,0,0,0.0,0.0,,0,0,0,2,0,0,0,11,0,2,0,0,2,0
Jahmir Smith,83731,HB,NOTRE DAME,2,18.2,0,258,68.9,,60.0,0,0,0,0.0,0.0,,0,0,0,2,0,0,0,11,0,3,0,0,2,0
Justin Weller,61593,WR,PENN STATE,1,100.0,0,266,60.0,,60.0,0,0,0,,,,0,0,0,2,0,0,0,2,0,0,0,0,2,0
PJ Mixon,60238,T,W KENTUCKY,2,100.0,0,346,59.9,,59.6,0,0,0,,,,0,0,0,2,0,0,0,2,0,0,0,0,2,2
Matt Morrissey,27297,S,MICH STATE,2,100.0,0,223,60.0,,60.0,0,0,0,,,,0,0,0,2,0,0,0,2,0,0,0,0,2,0
Reginald Cole,77765,FB,TCU,1,100.0,0,305,60.0,,60.0,0,0,0,,,,0,0,0,2,0,0,0,2,0,0,0,0,2,0
Carter Hankins,60541,QB,SO MISS,3,50.0,0,296,83.5,,60.0,0,0,0,,0.0,,0,0,0,2,0,0,0,4,0,2,0,0,2,0
Jonah Harper,42709,ED,BOWL GREEN,2,100.0,0,122,60.0,,60.1,0,0,0,,,,0,0,0,2,0,0,0,2,0,0,0,0,2,0
Gerrit Choate,42702,ED,SMU,2,100.0,0,287,60.0,60.5,60.0,0,0,1,100.0,100.0,100.0,0,0,0,2,0,0,0,2,1,1,0,0,1,0
Ryan Malbrough,77772,HB,KANSAS,1,40.0,0,198,61.7,,60.0,0,0,0,,,,0,0,0,2,0,0,0,5,0,0,0,0,2,0
Simi Bakare,83715,HB,MISSOURI,3,9.5,0,229,62.9,0.0,60.0,0,1,1,14.3,11.1,50.0,0,1,0,2,0,0,0,21,1,9,0,0,1,0
Darius Bracy,55048,CB,C MICHIGAN,1,100.0,0,134,60.0,,60.0,0,0,0,,,,0,0,0,2,0,0,0,2,0,0,0,0,2,0
Daquan Baker,29550,LB,NEW MEXICO,1,100.0,0,241,59.7,,58.6,0,0,0,,,,0,0,0,2,0,0,0,2,0,0,0,0,2,0
Shemar Hayes,55043,WR,BUFFALO,1,100.0,0,126,60.0,,60.0,0,0,0,,,,0,0,0,2,0,0,0,2,0,0,0,0,2,0
Raequan Williams,27300,DI,MICH STATE,4,50.0,0,223,55.0,60.5,60.0,0,0,1,33.3,33.3,100.0,1,0,0,2,0,0,0,4,1,3,0,0,1,0
Shaun Bradley,42632,LB,TEMPLE,3,40.0,0,306,60.0,66.8,,0,0,2,100.0,100.0,100.0,5,0,0,2,0,0,0,5,2,2,0,0,0,0
Christian Turner,83703,HB,MICHIGAN,3,6.9,0,222,78.4,,60.0,0,0,0,0.0,0.0,,0,0,0,2,0,0,0,29,0,7,0,0,2,0
Matt McCarthy,55035,TE,BUFFALO,1,100.0,0,126,59.4,,56.5,0,0,0,,,,0,0,0,2,0,0,0,2,0,0,0,0,2,1
O'Shaan Allison,77801,HB,OHIO,1,22.2,0,259,65.6,68.3,60.0,0,0,1,100.0,100.0,100.0,0,0,0,2,0,0,0,9,1,1,0,0,1,0
Julian Ross,57363,HB,OHIO,4,11.1,0,259,57.4,71.5,60.0,0,0,1,10.0,10.0,100.0,0,0,0,2,0,0,0,18,1,10,0,0,1,0
Chris Rodriguez Jr.,83689,HB,KENTUCKY,2,33.3,0,202,90.6,,60.0,0,0,0,0.0,0.0,,0,0,0,2,0,0,0,6,0,2,0,0,2,0
Henry Geil,83685,HB,IOWA,2,9.1,0,192,60.9,72.7,,0,0,2,33.3,28.6,100.0,0,0,0,2,0,0,0,22,2,7,0,0,0,0
Joe Castiglione Jr.,57081,HB,OKLAHOMA,1,100.0,0,261,60.0,,60.0,0,0,0,,,,0,0,0,2,0,0,0,2,0,0,0,0,2,0
Jalen Hooks,77865,CB,AKRON,2,100.0,0,102,60.0,,60.0,0,0,0,,,,0,0,0,2,0,0,0,2,0,0,0,0,2,0
Baron Odom,57084,TE,OKLA STATE,1,66.7,0,262,58.3,,58.8,0,0,0,0.0,0.0,,0,0,0,2,0,0,0,3,0,1,0,0,2,2
Jerry McBride III,42515,S,BOWL GREEN,2,100.0,0,122,60.0,,60.0,0,0,0,,,,2,0,0,2,0,0,0,2,0,0,0,0,2,0
Zamari Ellis,77883,TE,DUKE,1,100.0,0,154,60.0,,58.6,0,0,0,,,,0,0,0,2,0,0,0,2,0,0,0,0,2,2
Luke Idoni,26386,LS,C MICHIGAN,1,100.0,0,134,60.0,,60.0,0,0,0,,,,0,0,0,1,0,0,0,1,0,0,0,0,1,0
Devon Modster,40118,QB,UCLA,1,100.0,0,324,60.0,,60.0,0,0,0,,,,0,0,0,1,0,0,0,1,0,0,0,0,1,0
Clayton Howell,60264,P,APP STATE,1,100.0,0,108,60.0,,60.0,0,0,0,,,,0,0,0,1,0,0,0,1,0,0,0,0,1,0
Nathan Snyder,60268,P,BALL ST,2,50.0,0,117,48.1,,60.0,0,0,0,,,,0,0,0,1,0,0,0,2,0,0,0,0,1,0
Haydon Whitehead,60277,P,INDIANA,1,100.0,0,190,60.0,,60.0,0,0,0,,,,0,0,0,1,0,0,0,1,0,0,0,0,1,0
Davan Dyer,60287,WR,LA TECH,1,100.0,0,208,60.0,,60.0,0,0,0,,,,0,0,0,1,0,0,0,1,0,0,0,0,1,0
Matt Ference,60298,P,N ILLINOIS,5,16.7,0,254,26.8,60.9,,0,0,0,0.0,50.0,,0,0,0,1,0,0,0,6,1,2,0,0,0,0
Oscar Bradburn,60312,P,VA TECH,1,100.0,0,337,60.0,,60.0,0,0,0,,,,0,0,0,1,0,0,0,1,0,0,0,0,1,0
Colten Rastetter,39656,QB,IOWA,3,33.3,0,192,78.3,,60.0,0,0,0,0.0,0.0,,0,0,0,1,0,0,0,3,0,2,0,0,1,0
Drew Hodgson,60320,QB,AKRON,1,100.0,0,102,60.0,,60.0,0,0,0,,,,0,0,0,1,0,0,0,1,0,0,0,0,1,0
Hassan Belton,39575,LB,BOWL GREEN,1,100.0,0,122,60.0,,60.0,0,0,0,,,,0,0,0,1,0,0,0,1,0,0,0,0,1,0
Calvin Dassow,59960,C,N ILLINOIS,1,100.0,0,254,60.0,,60.0,0,0,0,,,,0,0,0,1,0,0,0,1,0,0,0,0,1,0
Garret McGuire,60343,QB,BAYLOR,1,50.0,0,118,56.6,,60.0,0,0,0,,,,0,0,0,1,0,0,0,2,0,0,0,0,1,0
Desmond Branch,39469,DI,GA TECH,1,100.0,0,176,60.0,,60.0,0,0,0,,,,0,0,0,1,0,0,0,1,0,0,0,0,1,0
Seth-Patrick Holman,39389,LS,GA STATE,2,50.0,0,175,60.0,,60.0,0,0,0,,,,0,0,0,1,0,0,0,2,0,0,0,0,1,0
Mark Rew,40322,WR,GA TECH,1,100.0,0,176,60.0,,60.0,0,0,0,,,,0,0,0,1,0,0,0,1,0,0,0,0,1,0
Danny Clark,60422,QB,KENTUCKY,2,25.0,0,202,64.7,,60.0,0,0,0,0.0,0.0,,0,0,0,1,0,0,0,4,0,1,0,0,1,0
Nate Cox,60432,QB,LA TECH,1,100.0,0,208,60.0,,60.0,0,0,0,,,,0,0,0,1,0,0,0,1,0,0,0,0,1,0
Westin Elliott,60433,QB,LA TECH,2,10.0,0,208,54.8,,60.0,0,0,0,0.0,0.0,,0,0,0,1,0,0,0,10,0,8,0,0,1,0
Zach Dykstra,59847,G,MIAMI FL,1,100.0,0,220,60.0,,60.0,0,0,0,,,,0,0,0,1,0,1,0,1,0,0,0,0,1,0
Kai-Leon Herbert,59843,T,MIAMI FL,1,100.0,0,220,60.0,,60.0,0,0,0,,,,0,0,0,1,0,0,0,1,0,0,0,1,1,0
Daniel Rodriguez,39190,K,OREGON ST,3,33.3,0,265,65.8,,60.0,0,0,0,0.0,0.0,,0,0,0,1,0,0,0,3,0,1,0,0,1,0
Kevin Richardson II,39095,CB,ARKANSAS,1,100.0,0,111,60.0,,60.0,0,0,0,,,,1,0,0,1,0,0,0,1,0,0,0,0,1,0
Justin Throckmorton,59804,G,LA TECH,1,100.0,0,208,60.0,,60.0,0,0,0,,,,0,0,0,1,0,1,0,1,0,0,0,0,1,0
Jay Urich,60532,QB,S CAROLINA,1,33.3,0,289,72.1,,60.0,0,0,0,0.0,0.0,,0,0,0,1,0,0,0,3,0,2,0,0,1,0
Kemah Siverand,38861,CB,OKLA STATE,1,100.0,0,262,60.0,,60.0,0,0,0,,,,1,0,0,1,0,0,0,1,0,0,0,0,1,0
Jim Jones,38846,LB,KENT STATE,1,100.0,0,201,60.0,28.6,,0,1,1,100.0,100.0,50.0,0,1,0,1,0,0,0,1,1,1,0,0,0,0
Marcus Griffin,38812,DI,C MICHIGAN,1,100.0,0,134,60.0,,60.0,0,0,0,,,,0,0,0,1,0,0,0,1,0,0,0,0,1,0
Finton Connolly,38791,DI,ARIZONA,1,100.0,0,109,60.0,,60.0,0,0,0,,,,1,0,0,1,0,0,0,1,0,0,0,0,1,0
Colton Cerday,38553,WR,HOUSTON,1,50.0,0,182,61.3,,60.0,0,0,0,0.0,0.0,,0,0,0,1,0,0,0,2,0,1,0,0,1,0
Ricky Walker III,38533,WR,CAL,1,14.3,0,130,68.3,,60.0,0,0,0,0.0,0.0,,0,0,0,1,0,0,0,7,0,6,0,0,1,0
Deon Humphrey,59687,T,FAU,1,100.0,0,165,60.0,,60.0,0,0,0,,,,0,0,0,1,0,0,1,1,0,0,0,0,1,0
Derrick Clark,38517,HB,CAL,2,20.0,0,130,37.1,,60.0,0,0,0,0.0,0.0,,0,0,0,1,0,0,0,5,0,2,0,0,1,0
Brett Anderson II,60629,S,BALL ST,1,100.0,1,117,60.0,,60.0,0,0,0,,,,2,0,0,1,0,0,0,1,0,0,0,0,1,0
Kekaula Kaniho,60637,CB,BOISE ST,1,100.0,0,120,60.0,,60.0,0,0,0,,,,0,0,0,1,0,0,0,1,0,0,0,0,1,0
Tyreque Jones,60638,S,BOISE ST,1,100.0,0,120,60.0,,60.0,0,0,0,,,,0,0,0,1,0,0,0,1,0,0,0,0,1,0
Donovan Stiner,60647,S,FLORIDA,1,100.0,0,163,60.0,,60.0,0,0,0,,,,1,0,0,1,0,0,0,1,0,0,0,0,1,0
Quran Hafiz,60651,CB,FAU,1,100.0,0,165,60.0,,60.0,0,0,0,,,,2,0,0,1,0,0,0,1,0,0,0,0,1,0
Ahman Ross,60654,S,FAU,1,100.0,0,165,60.0,,60.0,0,0,0,,,,0,0,0,1,0,0,0,1,0,0,0,0,1,0
Tyree Gillespie,60692,S,MISSOURI,1,100.0,0,229,60.0,,60.0,0,0,0,,,,0,0,0,1,0,0,0,1,0,0,0,0,1,0
Jordan Genmark Heath,60719,LB,NOTRE DAME,1,100.0,0,258,60.0,,60.0,0,0,0,,,,0,0,0,1,0,0,0,1,0,0,0,0,1,0
Kris McCune,60730,S,OKLA STATE,1,100.0,0,262,60.0,,60.0,0,0,0,,,,0,0,0,1,0,0,0,1,0,0,0,0,1,0
Malcolm Rodriguez,60731,S,OKLA STATE,1,100.0,0,262,60.0,,60.0,0,0,0,,,,2,0,0,1,0,0,0,1,0,0,0,0,1,0
Drew Hartlaub,60737,S,PENN STATE,1,100.0,0,266,60.0,,60.0,0,0,0,,,,0,0,0,1,0,0,0,1,0,0,0,0,1,0
Garret Wallow,60761,LB,TCU,1,100.0,0,305,60.0,,60.0,0,0,0,,,,0,0,0,1,0,0,0,1,0,0,0,0,1,0
Kyle Nixon,60764,S,TROY,1,100.0,0,318,60.0,60.5,,0,0,1,100.0,100.0,100.0,0,0,0,1,0,0,0,1,1,1,0,0,0,0
Tyler Murray,60765,LB,TROY,1,100.0,0,318,60.0,60.5,,0,0,1,100.0,100.0,100.0,2,0,0,1,0,0,0,1,1,1,0,0,0,0
Esaias Gandy,60793,S,WYOMING,1,100.0,0,351,60.0,,60.0,0,0,0,,,,0,0,0,1,0,0,0,1,0,0,0,0,1,0
Julius Iannella,59685,G,FAU,1,100.0,0,165,60.0,,60.0,0,0,0,,,,0,0,0,1,0,0,0,1,0,0,1,0,1,0
Zach Kahn,40571,HB,MIAMI OH,5,7.7,0,221,58.5,,60.0,0,0,0,0.0,0.0,,0,0,0,1,0,0,0,13,0,1,0,0,1,0
Frank Dalena,40572,WR,FRESNO ST,1,100.0,0,169,60.0,,60.0,0,0,0,,,,0,0,0,1,0,0,0,1,0,0,0,0,1,0
Matt Robinson,59646,T,CAL,1,100.0,0,130,60.0,,60.0,0,0,0,,,,0,0,0,1,0,0,1,1,0,0,0,0,1,0
Trevon Sanders,37329,DI,TROY,1,100.0,0,318,60.0,,60.0,0,0,0,,,,3,0,0,1,0,0,0,1,0,0,0,0,1,0
Davon Jones,40603,LB,BOSTON COL,3,6.3,0,121,66.9,,60.0,0,0,0,0.0,0.0,,0,0,0,1,0,0,0,16,0,3,0,0,1,0
Ja'cione Fugate,40621,S,CHARLOTTE,1,100.0,0,136,60.0,,60.0,0,0,0,,,,0,0,0,1,0,0,0,1,0,0,0,0,1,0
Rob Saulin,60857,DI,BAYLOR,1,100.0,0,118,60.0,,60.0,0,0,0,,,,0,0,0,1,0,0,0,1,0,0,0,0,1,0
Drew McQuarrie,60858,ED,BOSTON COL,1,100.0,0,121,60.0,,60.0,0,0,0,,,,1,0,0,1,0,0,0,1,0,0,0,0,1,0
Austin Sample,40650,G,AKRON,1,100.0,0,102,60.0,72.6,,0,0,1,100.0,100.0,100.0,0,0,0,1,0,0,0,1,1,1,1,0,0,0
Logan Peterson,60893,TE,FAU,1,100.0,0,165,60.0,,60.0,0,0,0,,,,0,0,0,1,0,0,0,1,0,0,0,0,1,0
Ben Reeder,58430,LS,W KENTUCKY,2,50.0,0,346,60.0,60.5,,0,0,1,50.0,50.0,100.0,0,0,0,1,0,0,0,2,1,2,0,0,0,0
Nate Durham,58379,LS,N TEXAS,1,100.0,0,251,60.0,,60.0,0,0,0,,,,0,0,0,1,0,0,0,1,0,0,0,0,1,0
Reeves Blankenship,58358,C,LA TECH,1,100.0,0,208,60.0,,60.0,0,0,0,,,,0,0,0,1,1,0,0,1,0,0,0,0,1,0
Bill Taylor,58330,WR,AUBURN,2,50.0,0,115,59.0,67.6,,0,0,0,0.0,50.0,,0,0,0,1,1,0,0,2,1,2,0,0,0,0
Seth Cottengim,58326,LS,ARK STATE,1,100.0,0,113,60.0,,60.0,0,0,0,,,,0,0,0,1,0,0,0,1,0,0,0,0,1,0
Jordan Silver,58325,LS,ARKANSAS,1,100.0,0,111,60.0,,60.0,0,0,0,,,,0,0,0,1,0,0,0,1,0,0,0,0,1,0
Thomas Fletcher,58319,LS,ALABAMA,1,100.0,0,103,60.0,,60.0,0,0,0,,,,0,0,0,1,0,0,0,1,0,0,0,0,1,0
Juwuan Jones,58290,ED,W KENTUCKY,2,50.0,0,346,57.7,60.5,,0,0,1,50.0,50.0,100.0,1,0,0,1,0,0,0,2,1,2,0,0,0,0
Dominick Silvels,58277,ED,WASH STATE,1,100.0,1,341,60.0,,60.0,0,0,0,,,,3,0,0,1,0,0,0,1,0,0,0,0,1,0
Rayshard Ashby,58267,LB,VA TECH,1,100.0,0,337,60.0,,60.0,0,0,0,,,,0,0,0,1,0,0,0,1,0,0,0,0,1,0
Michael Owusu,58262,ED,VANDERBILT,1,100.0,0,333,60.0,60.5,,0,0,1,100.0,100.0,100.0,0,0,0,1,0,0,0,1,1,1,0,0,0,0
Ali'i Niumatalolo,58240,FB,UTAH,1,100.0,0,328,60.0,,60.0,0,0,0,,,,0,0,0,1,0,0,0,1,0,0,0,0,1,0
Hunter Echols,58237,ED,USC,1,100.0,1,326,60.0,,60.0,0,0,0,,,,1,0,0,1,0,0,0,1,0,0,0,0,1,0
Farrell Hester II,58232,LB,UNLV,1,100.0,0,325,60.0,,60.0,0,0,0,,,,0,0,0,1,0,0,0,1,0,0,0,0,1,0
Jacob Rominger,58230,LB,UNLV,1,100.0,0,325,60.0,,60.0,0,0,0,,,,0,0,0,1,0,0,0,1,0,0,0,0,1,0
T.J. Smith,36851,DI,ARKANSAS,1,100.0,0,111,60.0,,60.0,0,0,0,,,,0,0,0,1,0,0,0,1,0,0,0,0,1,0
Kevin Nixon,58198,ED,TROY,1,100.0,0,318,60.0,60.5,,0,0,1,100.0,100.0,100.0,0,0,0,1,0,0,0,1,1,1,0,0,0,0
Jacob Groff,61036,TE,TEXAS A&M,1,100.0,0,312,60.0,,60.0,0,0,0,,,,0,0,0,1,0,0,0,1,0,0,0,0,1,0
Keynel Mczeal,61037,WR,TEXAS A&M,1,100.0,0,312,60.0,,60.0,0,0,0,,,,0,0,0,1,0,0,0,1,0,0,0,0,1,0
Sherrod Greene,58141,LB,S CAROLINA,1,100.0,0,289,60.0,,60.0,0,0,0,,,,2,0,0,1,0,0,0,1,0,0,0,0,1,0
Louis Acceus,58047,LB,NC STATE,1,100.0,0,248,60.0,63.8,,0,0,1,100.0,100.0,100.0,1,0,0,1,0,0,0,1,1,1,0,0,0,0
Amechie Walker,40763,CB,IOWA STATE,1,100.0,0,193,60.0,,60.0,0,0,0,,,,0,0,0,1,0,0,0,1,0,0,0,0,1,0
J.J. Russell,57958,LB,MEMPHIS,1,100.0,0,218,60.0,,60.0,0,0,0,,,,0,0,0,1,0,0,0,1,0,0,0,0,1,0
Ayinde Eley,57955,LB,MARYLAND,1,100.0,0,215,60.0,63.8,,0,0,1,100.0,100.0,100.0,0,0,0,1,0,0,0,1,1,1,0,0,0,0
Nick Underwood,57954,LB,MARYLAND,1,100.0,0,215,60.0,63.8,,0,0,1,100.0,100.0,100.0,0,0,0,1,0,0,0,1,1,1,0,0,0,0
Jacob Phillips,57942,LB,LSU,1,100.0,0,211,60.0,61.8,,0,0,1,100.0,100.0,100.0,5,0,0,1,0,0,0,1,1,1,0,0,0,0
Patrick Queen,57941,LB,LSU,1,100.0,0,211,60.0,61.8,,0,0,1,100.0,100.0,100.0,0,0,0,1,0,0,0,1,1,1,0,0,0,0
Cepeda Phillips,57900,LB,KENT STATE,1,100.0,1,201,60.0,61.8,,0,0,1,100.0,100.0,100.0,3,0,0,1,0,0,0,1,1,1,0,0,0,0
Kade Mayle,36665,DI,VANDERBILT,1,100.0,0,333,60.0,60.5,,0,0,1,100.0,100.0,100.0,0,0,0,1,0,0,0,1,1,1,0,0,0,0
Jake Hummel,57879,LB,IOWA STATE,1,100.0,0,193,60.0,,60.0,0,0,0,,,,0,0,0,1,0,0,0,1,0,0,0,0,1,0
Heath Wiggins,36608,ED,W KENTUCKY,1,100.0,0,346,60.0,60.5,,0,0,1,100.0,100.0,100.0,0,0,0,1,0,0,0,1,1,1,0,0,0,0
Akileis Leroy,57821,LB,FAU,1,100.0,0,165,60.0,,60.0,0,0,0,,,,2,0,0,1,0,0,0,1,0,0,0,0,1,0
Sam Renner,36482,DI,MINNESOTA,1,100.0,0,225,60.0,,60.0,0,0,0,,,,0,0,0,1,0,0,0,1,0,0,0,0,1,0
Jonathan Van Diest,57791,LB,COLORADO,1,100.0,0,143,60.0,,60.0,0,0,0,,,,0,0,0,1,0,0,0,1,0,0,0,0,1,0
Matt Terrill,36481,G,RICE,1,100.0,0,275,60.0,63.3,,0,0,0,,100.0,,0,0,0,1,0,0,0,1,1,1,1,0,0,0
Riley Whimpey,57745,LB,BOISE ST,1,100.0,0,120,60.0,,60.0,0,0,0,,,,0,0,0,1,0,0,0,1,0,0,0,0,1,0
Isaiah Esdale,88318,WR,W VIRGINIA,1,100.0,0,343,60.0,,60.0,0,0,0,,,,0,0,0,1,0,0,0,1,0,0,0,0,1,0
Hayden Henry,57707,ED,ARKANSAS,1,100.0,0,111,60.0,,60.0,0,0,0,,,,0,0,0,1,0,0,0,1,0,0,0,0,1,0
Scott Patchan,36449,ED,MIAMI FL,1,100.0,1,220,60.0,,60.0,0,0,0,,,,1,0,0,1,0,0,0,1,0,0,0,0,1,0
Christopher Musselman,57667,LB,AIR FORCE,1,100.0,0,101,60.0,,60.0,0,0,0,,,,0,0,0,1,0,0,0,1,0,0,0,0,1,0
Colton Parton,57666,HB,AIR FORCE,1,25.0,0,101,53.8,,60.0,0,0,0,,,,0,0,0,1,0,0,0,4,0,0,0,0,1,0
Avery Jackson,45523,CB,UTSA,1,100.0,0,331,60.0,,60.0,0,0,0,,,,0,0,0,1,0,0,0,1,0,0,0,0,1,0
Kyle Johnson,57665,LB,AIR FORCE,1,100.0,0,101,60.0,,60.0,0,0,0,,,,0,0,0,1,0,0,0,1,0,0,0,0,1,0
Parker White,57611,K,S CAROLINA,1,100.0,0,289,60.0,,60.0,0,0,0,,,,0,0,0,1,0,0,0,1,0,0,0,0,1,0
Adam Stack,57596,TE,OREGON,2,50.0,0,264,60.0,63.8,,0,0,1,50.0,50.0,100.0,0,0,0,1,0,0,0,2,1,2,0,0,0,1
Nick Rice,57595,K,DOMINION,1,100.0,0,263,60.0,67.9,,0,0,0,,100.0,,0,0,0,1,0,0,0,1,1,1,0,1,0,0
Vladimir Rivas,57526,K,FAU,2,50.0,0,165,58.6,,59.3,0,0,0,0.0,0.0,,0,0,0,1,0,0,0,2,0,1,0,0,1,0
Derek Wilder,36300,ED,DOMINION,2,50.0,0,263,66.7,,60.0,0,0,0,,,,0,0,0,1,0,0,0,2,0,0,0,0,1,0
Blake Grupe,57502,K,ARK STATE,1,100.0,0,113,60.0,,60.0,0,0,0,,,,0,0,0,1,0,0,0,1,0,0,0,0,1,0
Lucas Havrisik,57498,K,ARIZONA,1,100.0,0,109,60.0,,60.0,0,0,0,,,,0,0,0,1,0,0,0,1,0,0,0,0,1,0
Landon Board,89098,HB,MIDDLE TN,2,11.1,0,224,69.9,,60.0,0,0,0,,,,0,0,0,1,0,0,0,9,0,0,0,0,1,0
Matt Locher,36290,DI,BOISE ST,1,100.0,0,120,60.0,,60.0,0,0,0,,,,0,0,0,1,0,0,0,1,0,0,0,0,1,0
Shameik Blackshear,36281,ED,S CAROLINA,1,100.0,0,289,60.0,,60.0,0,0,0,,,,1,0,0,1,0,0,0,1,0,0,0,0,1,0
Joseph Bulovas,57496,K,ALABAMA,1,100.0,0,103,60.0,,60.0,0,0,0,,,,0,0,0,1,0,0,0,1,0,0,0,0,1,0
Duce Fuller,61223,HB,E CAROLINA,1,33.3,0,156,56.6,,60.0,0,0,0,,,,0,0,0,1,0,0,0,3,0,0,0,0,1,0
Michael Neal,36202,TE,WASHINGTON,1,100.0,0,340,60.0,,60.0,0,0,0,,,,0,0,0,1,0,0,0,1,0,0,0,0,1,1
Prince Walker,57482,HB,W MICHIGAN,1,8.3,0,347,80.2,,60.0,0,0,0,0.0,0.0,,0,0,0,1,0,0,0,12,0,2,0,0,1,0
Jacob White,36168,LB,BALL ST,1,100.0,0,117,60.0,,60.0,0,0,0,,,,3,0,0,1,0,0,0,1,0,0,0,0,1,0
Johnathon Sutton,36154,HB,N CAROLINA,1,25.0,0,245,71.7,,60.0,0,0,0,,,,0,0,0,1,0,0,0,4,0,0,0,0,1,0
Chris Green,36138,ED,TOLEDO,1,100.0,0,316,60.0,,60.0,0,0,0,,,,0,0,0,1,0,0,0,1,0,0,0,0,1,0
Mackenzie Nworah,40808,G,INDIANA,1,100.0,0,190,60.0,70.6,,0,0,1,100.0,100.0,100.0,0,0,0,1,0,0,0,1,1,1,1,0,0,0
Elias McMurry,36074,LS,APP STATE,1,100.0,0,108,60.0,,60.0,0,0,0,,,,0,0,0,1,0,0,0,1,0,0,0,0,1,0
Jake Russell,40863,WR,USC,1,100.0,0,326,60.0,,59.9,0,0,0,,,,0,0,0,1,0,0,0,1,0,0,0,0,1,0
Kirk Louis,36045,LB,ARK STATE,1,100.0,0,113,60.0,,60.0,0,0,0,,,,0,0,0,1,0,0,0,1,0,0,0,0,1,0
Braxton Lewis,36000,S,IOWA STATE,1,100.0,1,193,60.0,,60.0,0,0,0,,,,2,0,0,1,0,0,0,1,0,0,0,0,1,0
Nakia Robinson Jr.,57341,HB,NC STATE,1,25.0,0,248,49.9,72.5,,0,0,1,100.0,100.0,100.0,0,0,0,1,0,0,0,4,1,1,0,0,0,0
Chris Carter,90335,TE,USF,1,100.0,0,327,60.0,,60.0,0,0,0,,,,0,0,0,1,0,0,0,1,0,0,0,0,1,1
Chris Barnes,35975,QB,RICE,3,33.3,0,275,55.5,,60.0,0,0,0,,0.0,,0,0,0,1,0,0,0,3,0,2,0,0,1,0
Jalen Moore,35966,S,OREGON ST,1,100.0,0,265,60.0,,60.0,0,0,0,,,,1,0,0,1,0,0,0,1,0,0,0,0,1,0
Jimmy Martin,35946,LS,BOSTON COL,1,100.0,0,121,60.0,,60.0,0,0,0,,,,0,0,0,1,0,0,0,1,0,0,0,0,1,0
Chad Allen,40925,WR,MIAMI FL,1,100.0,0,220,60.0,,60.0,0,0,0,,,,0,0,0,1,0,0,0,1,0,0,0,0,1,0
KeShun Wells,57304,HB,OLE MISS,1,20.0,0,226,65.5,,60.0,0,0,0,,,,0,0,0,1,0,0,0,5,0,0,0,0,1,0
Daniel Fennell,35881,ED,S CAROLINA,1,100.0,0,289,60.0,,60.0,0,0,0,,,,1,0,0,1,0,0,0,1,0,0,0,0,1,0
Trae Philpots,35853,ED,MIDDLE TN,1,100.0,0,224,60.0,60.9,,0,0,0,,100.0,,3,0,0,1,0,0,0,1,1,1,0,0,0,0
O'Maury Samuels,57296,HB,MICHIGAN,5,5.3,0,222,60.4,,60.0,0,0,0,0.0,0.0,,0,0,0,1,0,0,0,19,0,5,0,0,1,0
Bryce Crawford,35834,K,S JOSE ST,1,100.0,0,285,60.0,,60.0,0,0,0,,,,0,0,0,1,0,0,0,1,0,0,0,0,1,0
Nick Johns,35833,QB,AKRON,1,100.0,0,102,60.0,,60.0,0,0,0,,,,0,0,0,1,0,0,0,1,0,0,0,0,1,0
Nick Faulkner,35812,LB,KENT STATE,1,100.0,0,201,60.0,61.8,,0,0,1,100.0,100.0,100.0,0,0,0,1,0,0,0,1,1,1,0,0,0,0
Paxton Schrimsher,35715,LB,SO MISS,1,100.0,0,296,60.0,,60.0,0,0,0,,,,3,0,0,1,0,0,0,1,0,0,0,0,1,0
Lofton Tidwell,57211,HB,GEORGIA,2,25.0,0,173,52.2,,60.0,0,0,0,,,,0,0,0,1,0,0,0,4,0,0,0,0,1,0
Jacob Trump,35685,LB,MISSOURI,1,100.0,0,229,60.0,,60.0,0,0,0,,,,0,0,0,1,0,0,0,1,0,0,0,0,1,0
David Gardner,41057,WR,S ALABAMA,1,33.3,0,288,54.0,,60.0,0,0,0,,0.0,,0,0,0,1,0,0,0,3,0,1,0,0,1,0
John Lako,35535,LB,AKRON,1,100.0,0,102,60.0,,60.0,0,0,0,,,,0,0,0,1,0,0,0,1,0,0,0,0,1,0
Chris Lutzel,35534,LS,BAYLOR,1,100.0,0,118,60.0,,60.0,0,0,0,,,,0,0,0,1,0,0,0,1,0,0,0,0,1,0
Blake Ferguson,35517,LS,LSU,1,100.0,0,211,60.0,61.8,,0,0,1,100.0,100.0,100.0,0,0,0,1,0,0,0,1,1,1,0,0,0,0
Tommy Schiager,41108,FB,VANDERBILT,1,100.0,0,333,60.0,60.5,,0,0,1,100.0,100.0,100.0,0,0,0,1,0,0,0,1,1,1,0,0,0,0
Marcel Spears Jr.,35464,LB,IOWA STATE,1,100.0,0,193,60.0,,60.0,0,0,0,,,,0,0,0,1,0,0,0,1,0,0,0,0,1,0
Reagan Heddins,35418,TE,LA MONROE,1,100.0,0,209,60.0,,60.0,0,0,0,,,,0,0,0,1,0,0,0,1,0,0,0,0,1,1
Demarcus Harper,57130,HB,APP STATE,2,9.1,0,108,53.5,74.6,,0,0,1,20.0,20.0,100.0,0,0,0,1,0,0,0,11,1,5,0,0,0,0
Blake Cashman,35413,LB,MINNESOTA,1,100.0,0,225,60.0,60.5,,0,0,1,100.0,100.0,100.0,0,0,0,1,0,0,0,1,1,1,0,0,0,0
Nevone McCrimmon,41137,HB,TOLEDO,5,5.0,0,316,73.5,,60.0,0,0,0,0.0,0.0,,0,0,0,1,0,0,0,20,0,5,0,0,1,0
K.J. Minter,61561,WR,OHIO,1,25.0,0,259,74.4,,60.0,0,0,0,0.0,0.0,,0,0,0,1,0,0,0,4,0,3,0,0,1,0
Brandon Bisack,35294,QB,UCONN,2,12.5,0,146,47.9,,60.0,0,0,0,0.0,0.0,,0,0,0,1,0,0,0,8,0,7,0,0,1,0
Matt Oliveira,35260,LS,MARYLAND,1,100.0,0,215,60.0,63.8,,0,0,1,100.0,100.0,100.0,0,0,0,1,0,0,0,1,1,1,0,0,0,0
Ben Miles,57078,FB,TEXAS A&M,1,100.0,0,312,60.0,,60.0,0,0,0,,,,0,0,0,1,0,0,0,1,0,0,0,0,1,0
Alec Dunham,35223,LB,TCU,1,100.0,0,305,60.0,,60.0,0,0,0,,,,0,0,0,1,0,0,0,1,0,0,0,0,1,0
Dan Godsil,35185,LS,INDIANA,1,100.0,0,190,60.0,,60.0,0,0,0,,,,0,0,0,1,0,0,0,1,0,0,0,0,1,0
Soso Jamabo,45526,HB,UCLA,2,10.0,0,324,55.0,74.6,,0,0,1,25.0,20.0,100.0,0,0,0,1,0,0,0,10,1,5,0,0,0,0
JD Alexander,35169,LB,UNLV,1,100.0,0,325,60.0,,60.0,0,0,0,,,,0,0,0,1,0,0,0,1,0,0,0,0,1,0
J.T. Bale,35151,LS,COLORADO,1,100.0,0,143,60.0,,60.0,0,0,0,,,,0,0,0,1,0,0,0,1,0,0,0,0,1,0
Jamie King,35142,LB,N TEXAS,1,100.0,0,251,60.0,,60.0,0,0,0,,,,0,0,0,1,0,0,0,1,0,0,0,0,1,0
Brandon Pili,57036,DI,USC,1,100.0,2,326,60.0,,59.2,0,0,0,,,,5,0,0,1,0,0,0,1,0,0,0,0,1,1
Sincere David,56998,DI,OLE MISS,1,100.0,0,226,60.0,,57.1,0,0,0,,,,0,0,0,1,0,0,0,1,0,0,0,0,1,1
Isaiah Richardson,61624,WR,S DIEGO ST,1,11.1,0,284,90.9,,60.0,0,0,0,0.0,0.0,,0,0,0,1,0,0,0,9,0,8,0,0,1,0
Alex Kinney,35102,P,COLORADO,1,100.0,0,143,60.0,,60.0,0,0,0,,,,0,0,0,1,0,0,0,1,0,0,0,0,1,0
Alex Stump,35083,WR,VANDERBILT,2,50.0,0,333,58.6,,60.0,0,0,0,0.0,0.0,,0,0,0,1,0,0,0,2,0,1,0,0,1,0
John Petrishen,35069,S,PENN STATE,1,100.0,0,266,60.0,,60.0,0,0,0,,,,0,0,0,1,0,0,0,1,0,0,0,0,1,0
Charles Lamar,35055,HB,BOWL GREEN,3,10.0,0,122,58.2,,60.0,0,0,0,,,,0,0,0,1,0,0,0,10,0,0,0,0,1,0
Andrew Cole,56848,DI,SO MISS,2,50.0,0,296,59.6,68.5,,0,0,0,,50.0,,0,0,0,1,0,0,0,2,1,2,0,0,0,1
Chad Terrell,61645,WR,S CAROLINA,1,50.0,0,289,58.9,,60.0,0,0,0,0.0,0.0,,0,0,0,1,0,0,0,2,0,1,0,0,1,0
Jordon Scott,56802,DI,OREGON,1,100.0,0,264,60.0,,60.0,0,0,0,,,,1,0,0,1,0,0,0,1,0,0,0,0,1,0
Chris Melton,35031,LB,MIDDLE TN,1,100.0,0,224,60.0,,60.0,0,0,0,,,,0,0,0,1,0,0,0,1,0,0,0,0,1,0
Austin Faoliu,56800,DI,OREGON,1,100.0,0,264,60.0,,60.0,0,0,0,,,,2,0,0,1,0,0,0,1,0,0,0,0,1,0
Jonathon Maccollister,56784,FB,UCF,1,100.0,0,323,60.0,,60.0,0,0,0,,,,0,0,0,1,0,0,0,1,0,0,0,0,1,0
Dion Novil,56766,DI,N TEXAS,1,100.0,0,251,60.0,,60.0,0,0,0,,,,0,0,0,1,0,0,0,1,0,0,0,0,1,0
Chris Turner,56726,ED,MISSOURI,1,100.0,1,229,60.0,,60.0,0,0,0,,,,2,0,0,1,0,0,0,1,0,0,0,0,1,0
Neiman Novitski,56667,DI,KENT STATE,1,100.0,0,201,60.0,,60.0,0,0,0,,,,0,0,0,1,0,0,0,1,0,0,0,0,1,0
Ryan Farr,34907,LS,FLORIDA,1,100.0,0,163,60.0,,60.0,0,0,0,,,,0,0,0,1,0,0,0,1,0,0,0,0,1,0
Keyshaun Simmons,56666,ED,KANSAS,1,100.0,0,198,60.0,,60.0,0,0,0,,,,0,0,0,1,0,0,0,1,0,0,0,0,1,0
Tucker Robertson,56652,DI,IOWA STATE,1,100.0,0,193,60.0,,60.0,0,0,0,,,,0,0,0,1,0,0,0,1,0,0,0,0,1,0
Michael Ziemba,56646,ED,INDIANA,1,100.0,0,190,60.0,,60.0,0,0,0,,,,0,0,0,1,0,0,0,1,0,0,0,0,1,0
Dahu Green,34850,WR,ARK STATE,1,20.0,0,113,71.1,,60.0,0,0,0,0.0,0.0,,0,0,0,1,0,0,0,5,0,4,0,0,1,0
Blake Young,56626,DI,HOUSTON,1,100.0,0,182,60.0,,60.0,0,0,0,,,,0,0,0,1,0,0,0,1,0,0,0,0,1,0
Brandon Henderson,56578,DI,E CAROLINA,1,100.0,0,156,60.0,,60.0,0,0,0,,,,0,0,0,1,0,0,0,1,0,0,0,0,1,0
Nico Magri,56577,DI,COLORADO,1,100.0,0,143,60.0,,60.0,0,0,0,,,,0,0,0,1,0,0,0,1,0,0,0,0,1,0
Jameson Vest,34818,TE,TOLEDO,1,100.0,0,316,60.0,,60.0,0,0,0,,,,0,0,0,1,0,0,0,1,0,0,0,0,1,1
Akeem Davis-Gaither,34788,LB,APP STATE,1,100.0,0,108,60.0,,60.0,0,0,0,,,,1,0,0,1,0,0,0,1,0,0,0,0,1,0
Mosese Fifita,56498,DI,AIR FORCE,1,100.0,0,101,60.0,,60.0,0,0,0,,,,3,0,0,1,0,0,0,1,0,0,0,0,1,0
Victor Jones,56486,ED,WYOMING,1,100.0,1,351,60.0,,60.0,0,0,0,,,,1,0,0,1,0,0,0,1,0,0,0,0,1,0
Devon Anderson,56465,ED,UTAH ST,1,100.0,0,329,60.0,,60.0,0,0,0,,,,1,0,0,1,0,0,0,1,0,0,0,0,1,0
Jack Fox,34735,P,RICE,5,20.0,0,275,77.5,,60.0,0,0,0,0.0,0.0,,0,0,0,1,1,0,0,5,0,3,0,0,1,0
Xavier Lyas,56421,ED,NC STATE,1,100.0,0,248,60.0,,59.5,0,0,0,,,,2,0,0,1,0,0,0,1,0,0,0,0,1,1
Jackson Perkins,56413,ED,NAVY,1,100.0,0,237,60.0,,60.0,0,0,0,,,,0,0,0,1,0,0,0,1,0,0,0,0,1,0
Dadrian Taylor,61789,CB,UTSA,1,100.0,0,331,60.0,,60.0,0,0,0,,,,0,0,0,1,0,0,0,1,0,0,0,0,1,0
Ross Matiscik,34710,LB,BAYLOR,1,100.0,0,118,60.0,60.5,,0,0,1,100.0,100.0,100.0,0,0,0,1,0,0,0,1,1,1,0,0,0,0
Tyler Mahnke,61791,LB,UTSA,1,100.0,0,331,60.0,,60.0,0,0,0,,,,0,0,0,1,0,0,0,1,0,0,0,0,1,0
Hunter Bergeron,56396,TE,LA LAFAYET,1,100.0,0,207,60.0,,60.0,0,0,0,,,,0,0,0,1,0,0,0,1,0,0,0,0,1,1
Chase Urbach,34668,LS,NEBRASKA,1,100.0,0,238,60.0,,60.0,0,0,0,,,,0,0,0,1,0,0,0,1,0,0,0,0,1,0
Mykelti Williams,34664,S,N ILLINOIS,1,100.0,0,254,60.0,,60.0,0,0,0,,,,4,0,0,1,0,0,0,1,0,0,0,0,1,0
Sam Burt,56379,ED,KANSAS,1,100.0,0,198,60.0,,60.0,0,0,0,,,,0,0,0,1,0,0,0,1,0,0,0,0,1,0
Corrion Ballard,56268,S,UTAH,1,100.0,1,328,60.0,,60.0,0,0,0,,,,2,0,0,1,0,0,0,1,0,0,0,0,1,0
Arico Evans,34583,LB,TCU,1,100.0,0,305,60.0,,60.0,0,0,0,,,,3,0,0,1,0,0,0,1,0,0,0,0,1,0
Josh Nurse,56264,CB,UTAH,1,100.0,0,328,60.0,,60.0,0,0,0,,,,0,0,0,1,0,0,0,1,0,0,0,0,1,0
Denzel Feaster,34561,LB,KANSAS,1,100.0,0,198,60.0,,60.0,0,0,0,,,,0,0,0,1,0,0,0,1,0,0,0,0,1,0
Taylor Hintze,34542,K,UTAH ST,1,100.0,0,329,60.0,,60.0,0,0,0,,,,0,0,0,1,0,0,0,1,0,0,0,0,1,0
Andrew Martel,34478,S,UTSA,1,100.0,0,331,60.0,,60.0,0,0,0,,,,1,0,0,1,0,0,0,1,0,0,0,0,1,0
Shea Pitts,56242,CB,UCLA,1,100.0,0,324,60.0,60.5,,0,0,1,100.0,100.0,100.0,0,0,0,1,0,0,0,1,1,1,0,0,0,0
Jordan Butler,34471,LS,MIAMI FL,1,100.0,0,220,60.0,,60.0,0,0,0,,,,0,0,0,1,0,0,0,1,0,0,0,0,1,0
Darryl Lewis,34437,S,LA TECH,1,100.0,0,208,60.0,,58.8,0,0,0,,,,3,0,0,1,0,0,0,1,0,0,0,0,1,1
Noah Daniels,56206,CB,TCU,1,100.0,0,305,60.0,,60.0,0,0,0,,,,0,0,0,1,0,0,0,1,0,0,0,0,1,0
Hayes Hicken,34406,K,UNLV,2,50.0,0,325,64.8,,60.0,0,0,0,,,,0,0,0,1,0,0,0,2,0,0,0,0,1,0
Houston Robert,34359,S,RICE,1,100.0,0,275,60.0,,60.0,0,0,0,,,,1,0,0,1,0,0,0,1,0,0,0,0,1,0
Tyler Barnes,56190,S,SO MISS,1,100.0,0,296,60.0,,60.0,0,0,0,,,,0,0,0,1,0,0,0,1,0,0,0,0,1,0
Adam Buirge,34330,S,N ILLINOIS,1,100.0,0,254,60.0,,60.0,0,0,0,,,,0,0,0,1,0,0,0,1,0,0,0,0,1,0
Keisean Nixon,56167,CB,S CAROLINA,1,100.0,3,289,60.0,,60.0,0,0,0,,,,6,0,0,1,0,0,0,1,0,0,0,0,1,0
Tre Sterling,56141,S,OKLA STATE,1,100.0,0,262,60.0,,60.0,0,0,0,,,,0,0,0,1,0,0,0,1,0,0,0,0,1,0
Jaquan Henderson,62955,ED,GA TECH,1,100.0,0,176,60.0,,60.0,0,0,0,,,,0,0,0,1,0,0,0,1,0,0,0,0,1,0
Grant Merka,34264,LS,UTSA,1,100.0,0,331,60.0,,60.0,0,0,0,,,,0,0,0,1,0,0,0,1,0,0,0,0,1,0
Shakur Brown,56064,CB,MICH STATE,1,100.0,0,223,60.0,,60.0,0,0,0,,,,0,0,0,1,0,0,0,1,0,0,0,0,1,0
Pressley Harvin III,62973,P,GA TECH,1,100.0,0,176,60.0,,60.0,0,0,0,,,,0,0,0,1,0,0,0,1,0,0,0,0,1,0
Andre Brown Jr.,34189,CB,INDIANA,1,100.0,1,190,60.0,,60.0,0,0,0,,,,3,0,0,1,0,0,0,1,0,0,0,0,1,0
Avery Showell,62986,CB,GA TECH,1,100.0,0,176,60.0,,60.0,0,0,0,,,,0,0,0,1,0,0,0,1,0,0,0,0,1,0
Branden Leon,34150,HB,ARIZONA,3,20.0,0,109,66.3,,60.0,0,0,0,,,,0,0,0,1,0,0,0,5,0,0,0,0,1,0
Alex Zayed,65786,LB,LA TECH,1,100.0,0,208,60.0,,60.0,0,0,0,,,,0,0,0,1,0,0,0,1,0,0,0,1,1,0
Xavier Henderson,66267,S,MICH STATE,1,100.0,0,223,60.0,,60.0,0,0,0,,,,0,0,0,1,0,0,0,1,0,0,0,0,1,0
Javon Charleston,34111,S,S CAROLINA,1,100.0,0,289,60.0,,60.0,0,0,0,,,,1,0,0,1,0,0,0,1,0,0,0,0,1,0
Dauson Booker,75726,FB,WYOMING,1,100.0,0,351,60.0,,60.0,0,0,0,,,,0,0,0,1,0,0,0,1,0,0,0,0,1,0
Zach Ritner,75766,ED,HAWAII,1,100.0,0,180,60.0,,59.3,0,0,0,,,,0,0,0,1,0,0,0,1,0,0,0,0,1,1
T.J. Carter,56037,CB,MEMPHIS,1,100.0,1,218,60.0,,60.0,0,0,0,,,,11,0,0,1,0,0,0,1,0,0,0,0,1,0
Devin Nixon,34051,WR,W KENTUCKY,3,33.3,0,346,57.0,60.5,,0,0,1,33.3,33.3,100.0,0,0,0,1,0,0,0,3,1,3,0,0,0,0
Ezekiel Barnett,56017,S,LA TECH,1,100.0,0,208,60.0,,60.0,0,0,0,,,,0,0,0,1,0,0,0,1,0,0,0,0,1,1
Ches Jackson,75855,G,COLO STATE,1,100.0,0,144,60.0,,60.0,0,0,0,,,,0,0,0,1,0,0,0,1,0,0,0,0,1,0
Greg Huegel,33971,K,CLEMSON,1,100.0,0,140,60.0,,60.0,0,0,0,,,,0,0,0,1,0,0,0,1,0,0,0,0,1,0
Eric Stokes,55912,CB,GEORGIA,1,100.0,0,173,60.0,,60.0,0,0,0,,,,2,0,0,1,0,0,0,1,0,0,0,0,1,0
Parker Towns,75892,QB,RICE,2,11.1,0,275,48.3,,60.0,0,0,0,0.0,0.0,,0,0,0,1,0,0,0,9,0,6,0,0,1,0
Tywan Francis,75909,CB,COLO STATE,1,100.0,0,144,60.0,,60.0,0,0,0,,,,0,0,0,1,0,0,0,1,0,0,0,0,1,0
Fred Garth,55837,S,BOWL GREEN,1,100.0,0,122,60.0,,60.0,0,0,0,,,,2,0,0,1,0,0,0,1,0,0,0,0,1,0
Robert Funkhouser,75947,WR,HAWAII,1,25.0,0,180,55.7,,60.0,0,0,0,0.0,0.0,,0,0,0,1,0,0,0,4,0,3,0,0,1,0
John Johnson,75948,WR,HAWAII,1,50.0,0,180,58.7,,60.0,0,0,0,0.0,0.0,,0,0,0,1,0,0,0,2,0,1,0,0,1,0
Ke'Shaun Wells,55816,WR,ARMY,1,100.0,0,114,60.0,,59.9,0,0,0,,,,0,0,0,1,0,0,0,1,0,0,0,0,1,0
Montaric Brown,55797,CB,ARKANSAS,1,100.0,0,111,60.0,,60.0,0,0,0,,,,0,0,0,1,0,0,0,1,0,0,0,0,1,0
Ryan Huff,55786,S,APP STATE,1,100.0,0,108,60.0,,60.0,0,0,0,,,,0,0,0,1,0,0,0,1,0,0,0,0,1,0
Steven Jones Jr.,55785,CB,APP STATE,1,100.0,0,108,60.0,,60.0,0,0,0,,,,0,0,0,1,0,0,0,1,0,0,0,0,1,0
Juanyeh Thomas,76655,S,GA TECH,1,100.0,0,176,60.0,,60.0,0,0,0,,,,0,0,0,1,0,0,0,1,0,0,0,0,1,0
Chris Claybrooks,76692,CB,MEMPHIS,1,100.0,0,218,60.0,,60.0,0,0,0,,,,0,0,0,1,0,0,0,1,0,0,0,0,1,0
Evan Brown,76754,CB,BOWL GREEN,1,100.0,0,122,60.0,,60.0,0,0,0,,,,0,0,0,1,0,0,0,1,0,0,0,0,1,0
Caleb Biggers,76772,S,BOWL GREEN,1,100.0,0,122,60.0,,60.0,0,0,0,,,,0,0,0,1,0,0,0,1,0,0,0,0,1,0
Bubba Baxa,77050,K,MIAMI FL,1,100.0,0,220,60.0,,60.0,0,0,0,,,,0,0,0,1,0,0,0,1,0,0,0,0,1,0
Oscar Shadley,77284,LS,VA TECH,1,100.0,0,337,60.0,,60.0,0,0,0,,,,0,0,0,1,0,0,0,1,0,0,0,0,1,0
Erik Lawson,77287,LS,E CAROLINA,1,100.0,0,156,60.0,,60.0,0,0,0,,,,0,0,0,1,0,0,0,1,0,0,0,0,1,0
Treysen Neal,77290,LS,MEMPHIS,1,100.0,0,218,60.0,,,0,0,1,100.0,100.0,100.0,0,0,0,1,0,0,0,1,1,1,0,0,0,0
Antonio Ortiz,77299,LS,TCU,1,100.0,0,305,60.0,,60.0,0,0,0,,,,0,0,0,1,0,0,0,1,0,0,0,0,1,0
Erik Abrell,77304,LS,N ILLINOIS,1,100.0,0,254,60.0,,60.0,0,0,0,,,,0,0,0,1,0,0,0,1,0,0,0,0,1,0
Jeremy Fejedelem,55763,S,AIR FORCE,1,100.0,0,101,60.0,,60.0,0,0,0,,,,1,0,0,1,0,0,0,1,0,0,0,0,1,0
Cam Reddy,77340,G,BOSTON COL,1,100.0,0,121,60.0,,60.0,0,0,0,,,,0,0,0,1,0,0,0,1,0,0,0,0,1,0
Greg Johnson,55734,CB,USC,1,100.0,0,326,60.0,,60.0,0,0,0,,,,1,0,0,1,0,0,0,1,0,0,0,0,1,0
Doug Bates,41258,T,CINCINNATI,1,100.0,0,138,60.0,,60.0,0,0,0,,,,0,0,0,1,0,0,1,1,0,0,0,0,1,0
Zach Thomson,77364,G,DUKE,1,100.0,0,154,60.0,,60.0,0,0,0,,,,0,0,0,1,0,1,0,1,0,0,0,0,1,0
Keith Sherald Jr.,55613,CB,KENT STATE,2,50.0,0,201,59.8,61.8,,0,0,1,50.0,50.0,100.0,4,0,0,1,0,0,0,2,1,2,0,0,0,0
Darryl Godfrey,33788,S,UTSA,1,100.0,0,331,60.0,,60.0,0,0,0,,,,1,0,0,1,0,0,0,1,0,0,0,0,1,0
Bennett Moehring,33744,K,NAVY,1,100.0,0,237,60.0,,60.0,0,0,0,,,,0,0,0,1,0,0,0,1,0,0,0,0,1,0
Hugh Cade,55564,CB,AKRON,1,100.0,0,102,60.0,,60.0,0,0,0,,,,0,0,0,1,0,0,0,1,0,0,0,0,1,0
Drew Hartmann,77404,G,CINCINNATI,1,100.0,0,138,60.0,,60.0,0,0,0,,,,0,0,0,1,0,0,0,1,0,0,1,0,1,0
Elijah Deveaux,41311,HB,DUKE,2,20.0,0,154,60.4,,60.0,0,0,0,,,,0,0,0,1,0,0,0,5,0,0,0,0,1,0
Miguel Recinos,33619,WR,IOWA,3,33.3,0,192,54.3,,60.0,0,0,0,0.0,0.0,,0,0,0,1,0,0,0,3,0,2,0,0,1,0
Reggie Howard,55373,DI,TOLEDO,1,100.0,1,316,60.0,,60.0,0,0,0,,,,4,0,0,1,0,1,0,1,0,0,0,0,1,0
Austin Cutting,41350,T,AIR FORCE,1,100.0,0,101,60.0,,60.0,0,0,0,,,,0,0,0,1,0,0,0,1,0,0,0,0,1,0
Nicholas Sims,55359,HB,TOLEDO,1,10.0,0,316,56.9,71.5,,0,0,1,25.0,25.0,100.0,0,0,0,1,0,0,0,10,1,4,0,0,0,0
Zachary Ford,55353,S,TOLEDO,1,100.0,0,316,60.0,,60.0,0,0,0,,,,1,0,0,1,0,0,0,1,0,0,0,0,1,0
Ryan Tice,33488,K,C MICHIGAN,1,100.0,0,134,60.0,,60.0,0,0,0,,,,0,0,0,1,0,0,0,1,0,0,0,0,1,0
Stone Wilson,33392,P,FIU,3,33.3,0,166,69.7,,60.0,0,0,0,,,,0,0,0,1,0,0,0,3,0,0,0,0,1,0
Kahlil Robinson,33387,S,TOLEDO,1,100.0,0,316,60.0,,60.0,0,0,0,,,,0,0,0,1,0,0,0,1,0,0,0,0,1,0
Brock Annexstad,55244,WR,MINNESOTA,1,100.0,0,225,60.0,,60.0,0,0,0,,,,0,0,0,1,0,0,0,1,0,0,0,0,1,0
Justus Harris,55215,CB,MINNESOTA,1,100.0,0,225,60.0,60.5,,0,0,1,100.0,100.0,100.0,0,0,0,1,0,0,0,1,1,1,0,0,0,0
Riley Sharp,90868,LB,OREGON ST,1,100.0,0,265,60.0,60.5,,0,0,1,100.0,100.0,100.0,0,0,0,1,0,0,0,1,1,1,0,0,0,0
Rayshawn Wilborn,77573,LB,BALL ST,1,100.0,0,117,60.0,,60.0,0,0,0,,,,3,0,0,1,0,0,0,1,0,0,0,0,1,0
Peace Addo,77574,T,DUKE,1,100.0,0,154,60.0,,60.0,0,0,0,,,,0,0,0,1,0,0,1,1,0,0,0,0,1,0
Daniel Jackson,55169,S,FIU,1,100.0,0,166,60.0,,60.0,0,0,0,,,,0,0,0,1,0,0,0,1,0,0,0,0,1,0
Taj Griffin,33182,HB,OREGON,3,8.3,0,264,64.0,72.7,,0,0,1,16.7,16.7,100.0,0,0,0,1,0,0,0,12,1,6,0,0,0,0
Jordan Travis,77615,QB,LOUISVILLE,3,4.2,0,210,53.6,,60.0,0,0,0,0.0,0.0,,0,0,0,1,0,0,0,24,0,23,0,0,1,0
Jamal Gates,55162,LB,FIU,1,100.0,0,166,60.0,,60.0,0,0,0,,,,0,0,0,1,0,0,0,1,0,0,0,0,1,0
Josh Powell,55159,LB,FIU,1,100.0,0,166,60.0,,60.0,0,0,0,,,,0,0,0,1,0,0,0,1,0,0,0,0,1,0
Taj-Amir Torres,33109,CB,BOSTON COL,1,100.0,1,121,60.0,,60.0,0,0,0,,,,4,0,0,1,0,0,0,1,0,0,0,0,1,0
Gerry Bohanon,77636,QB,BAYLOR,3,25.0,0,118,46.8,,60.0,0,0,0,0.0,0.0,,0,0,0,1,0,0,0,4,0,1,0,0,1,0
Quadry Jones,77640,QB,UCF,1,50.0,0,323,78.5,,59.9,0,0,0,0.0,0.0,,0,0,0,1,0,0,0,2,0,1,0,0,1,0
Kevin Oliver,55157,ED,FIU,1,100.0,0,166,60.0,,60.0,0,0,0,,,,2,0,0,1,0,0,0,1,0,0,0,0,1,0
Noah Curtis,55155,ED,FIU,1,100.0,0,166,60.0,,60.0,0,0,0,,,,2,0,0,1,0,0,0,1,0,0,0,0,1,0
Ike Ogbogu,77653,QB,HOUSTON,1,33.3,0,182,57.1,,60.0,0,0,0,0.0,0.0,,0,0,0,1,0,0,0,3,0,1,0,0,1,0
Justin Rogers,77666,QB,TCU,1,33.3,0,305,50.1,,60.0,0,0,0,0.0,0.0,,0,0,0,1,0,0,0,3,0,2,0,0,1,0
Morgan Hagee,32943,K,BALL ST,1,100.0,0,117,60.0,,60.0,0,0,0,,,,0,0,0,1,0,0,0,1,0,0,0,0,1,0
Michael Sessa,41493,QB,MICHIGAN,1,100.0,0,222,60.0,,60.0,0,0,0,,,,0,0,0,1,0,0,0,1,0,0,0,0,1,0
Brady Watson,32927,HB,W VIRGINIA,1,100.0,0,343,60.0,,60.0,0,0,0,,,,0,0,0,1,0,0,0,1,0,0,0,0,1,0
John Paddock,77689,QB,BALL ST,1,11.1,0,117,65.8,,60.0,0,0,0,0.0,0.0,,0,0,0,1,0,0,0,9,0,8,0,0,1,0
Javian Dayne,77708,HB,BOSTON COL,2,10.0,0,121,56.7,,60.0,0,0,0,0.0,0.0,,0,0,0,1,0,0,0,10,0,1,0,0,1,0
Alex Heil,55097,C,CINCINNATI,1,100.0,0,138,60.0,,60.0,0,0,0,,,,0,0,0,1,1,0,0,1,0,0,0,0,1,0
Ygenio Booker,77711,WR,TULANE,1,33.3,0,319,58.8,,60.0,0,0,0,0.0,0.0,,0,0,0,1,0,0,0,3,0,2,0,0,1,0
Casey Kirk,55092,HB,CINCINNATI,1,100.0,0,138,60.0,,60.0,0,0,0,,,,0,0,0,1,0,0,0,1,0,0,0,0,1,0
Cody Lamb,55083,G,CINCINNATI,1,100.0,0,138,60.0,,60.0,0,0,0,,,,0,0,0,1,0,1,0,1,0,0,0,0,1,0
Sylvester Mayers,77730,HB,CLEMSON,1,100.0,0,140,60.0,,60.0,0,0,0,,,,0,0,0,1,0,0,0,1,0,0,0,0,1,0
Michael Kopaygorodsky,55078,HB,CINCINNATI,1,16.7,0,138,65.4,,60.0,0,0,0,,,,0,0,0,1,0,0,0,6,0,0,0,0,1,0
Russ Hiett,41537,LS,MIDDLE TN,1,100.0,0,224,60.0,60.9,,0,0,0,,100.0,,0,0,0,1,0,0,0,1,1,1,0,0,0,0
Khyon Gillespie,77747,HB,UCONN,2,33.3,0,146,53.9,,60.0,0,0,0,0.0,0.0,,0,0,0,1,0,0,0,3,0,1,0,0,1,0
Kevin Robledo,32880,K,SMU,1,100.0,0,287,60.0,61.8,,0,0,1,100.0,100.0,100.0,0,0,0,1,0,0,0,1,1,1,0,0,0,0
Jakori Savage,41565,T,LSU,1,100.0,0,211,60.0,,60.0,0,0,0,,,,0,0,0,1,0,0,0,1,0,0,0,1,1,0
Erik Ditzhazy,55057,G,C MICHIGAN,1,100.0,0,134,60.0,,60.0,0,0,0,,,,0,0,0,1,0,0,0,1,0,0,0,0,1,0
Cam Coleman,77768,HB,E CAROLINA,1,50.0,0,156,59.0,,60.0,0,0,0,,,,0,0,0,1,0,0,0,2,0,0,0,0,1,0
Robert Jackson Jr.,32876,CB,BOWL GREEN,1,100.0,0,122,60.0,,60.0,0,0,0,,,,0,0,0,1,0,0,0,1,0,0,0,0,1,0
Daniel Cross,91017,WR,FLORIDA,1,100.0,0,163,60.0,,60.0,0,0,0,,,,0,0,0,1,0,0,0,1,0,0,0,0,1,0
Braxton Webb,41591,T,SMU,1,100.0,0,287,60.0,,60.0,0,0,0,,,,0,0,0,1,0,0,0,1,0,0,0,1,1,0
Abraham Alce,77806,HB,AKRON,1,50.0,0,102,60.0,68.5,,0,0,1,50.0,50.0,100.0,0,0,0,1,0,0,0,2,1,2,0,0,0,0
Tre'von Moehrig,77847,S,TCU,1,100.0,0,305,60.0,,60.0,0,0,0,,,,0,0,0,1,0,0,0,1,0,0,0,0,1,0
Alohi Gilman,41662,S,NOTRE DAME,1,100.0,0,258,60.0,,60.0,0,0,0,,,,2,0,0,1,0,0,0,1,0,0,0,0,1,0
Mick Oakes,77897,TE,CINCINNATI,1,100.0,0,138,60.0,,60.0,0,0,0,,,,0,0,0,1,0,0,0,1,0,0,0,0,1,1
Connor Kubala,54470,LS,COAST CAR,1,100.0,0,141,60.0,,60.0,0,0,0,,,,0,0,0,1,0,0,0,1,0,0,0,0,1,0
Laqavious Paul,54458,LB,COAST CAR,1,100.0,0,141,60.0,,60.0,0,0,0,,,,0,0,0,1,0,0,0,1,0,0,0,0,1,0
James Heft,54454,LB,COAST CAR,1,100.0,0,141,60.0,,60.0,0,0,0,,,,0,0,0,1,0,0,0,1,0,0,0,0,1,0
Charles Ouverson,54441,K,COAST CAR,1,100.0,0,141,60.0,,60.0,0,0,0,,,,0,0,0,1,0,0,0,1,0,0,0,0,1,0
Dylan O'Quinn,77924,T,CINCINNATI,1,100.0,0,138,60.0,,60.0,0,0,0,,,,0,0,0,1,0,0,0,1,0,0,0,1,1,0
Dalton Justice,41699,G,BAYLOR,1,100.0,0,118,60.0,,60.0,0,0,0,,,,0,0,0,1,0,0,0,1,0,0,1,0,1,0
Lee Payton,77937,TE,W MICHIGAN,1,100.0,0,347,60.0,,60.0,0,0,0,,,,0,0,0,1,0,0,0,1,0,0,0,0,1,1
Jonathan Clayton,54411,DI,COAST CAR,1,100.0,0,141,60.0,,60.0,0,0,0,,,,0,0,0,1,0,0,0,1,0,0,0,0,1,0
Tarron Jackson,54410,ED,COAST CAR,1,100.0,2,141,60.0,,60.0,0,0,0,,,,4,0,0,1,0,0,0,1,0,0,0,0,1,0
Jordan Fogal,31943,S,COLO STATE,1,100.0,0,144,60.0,,60.0,0,0,0,,,,1,0,0,1,0,0,0,1,0,0,0,0,1,0
Marcus Riley,77967,WR,LOUISVILLE,8,3.1,0,210,42.4,,60.0,0,0,0,0.0,0.0,,0,0,0,1,0,0,0,32,0,28,0,0,1,0
Tyler Harrell,77969,WR,LOUISVILLE,3,4.8,0,210,59.9,,60.0,0,0,0,0.0,0.0,,0,0,0,1,0,0,0,21,0,20,0,0,1,0
Romeo Masuku,31622,ED,BOWL GREEN,1,100.0,0,122,60.0,,60.0,0,0,0,,,,0,0,0,1,0,0,0,1,0,0,0,0,1,0
Zach Roberts,31284,LS,GA TECH,1,100.0,0,176,60.0,,60.0,0,0,0,,,,0,0,0,1,0,0,0,1,0,0,0,0,1,0
Dalton Brown,91018,WR,AUBURN,1,100.0,0,115,60.0,,60.0,0,0,0,,,,0,0,0,1,0,0,0,1,0,0,0,0,1,0
Kadarius Smith,41840,G,SMU,1,100.0,0,287,60.0,,60.0,0,0,0,,,,0,0,0,1,0,0,0,1,0,0,1,0,1,0
Harrison Hoffman,52235,LS,S JOSE ST,1,100.0,0,285,60.0,,60.0,0,0,0,,,,0,0,0,1,0,0,0,1,0,0,0,0,1,0
Collins Woods III,78027,WR,NAVY,2,25.0,0,237,64.9,,60.0,0,0,0,0.0,0.0,,0,0,0,1,0,0,0,4,0,2,0,0,1,0
Spencer Goldberg,52111,G,UMASS,1,100.0,0,216,60.0,,60.0,0,0,0,,,,0,0,0,1,0,1,0,1,0,0,0,0,1,0
Nykie Marion,78048,WR,UCF,1,100.0,0,323,60.0,,60.0,0,0,0,,,,0,0,0,1,0,0,0,1,0,0,0,0,1,1
Hekili Keliiliki,52063,HB,HAWAII,1,100.0,0,180,60.0,,60.0,0,0,0,,,,0,0,0,1,0,0,0,1,0,0,0,0,1,0
Emil Graves,52060,G,HAWAII,1,100.0,0,180,60.0,69.8,,0,0,1,100.0,100.0,100.0,0,0,0,1,0,0,0,1,1,1,1,0,0,0
Scott Brooks,52046,C,COLO STATE,1,100.0,0,144,60.0,63.8,,0,0,1,100.0,100.0,100.0,0,0,0,1,0,0,0,1,1,1,0,0,0,0
Jim Threet,41967,T,BAYLOR,1,100.0,0,118,60.0,,60.0,0,0,0,,,,0,0,0,1,0,0,0,1,0,0,0,1,1,0
Xavier Marion,30278,S,SO MISS,1,100.0,0,296,60.0,,60.0,0,0,0,,,,0,0,0,1,0,0,0,1,0,0,0,0,1,0
Malik Givens,78096,WR,OKLA STATE,1,100.0,0,262,60.0,,60.0,0,0,0,,,,0,0,0,1,0,0,0,1,0,0,0,0,1,0
Elijah Zeise,51580,LB,PITTSBURGH,1,100.0,0,268,60.0,60.5,,0,0,1,100.0,100.0,100.0,0,0,0,1,0,0,0,1,1,1,0,0,0,0
Michael Byrd Jr.,78113,WR,TCU,1,100.0,0,305,60.0,,60.0,0,0,0,,,,0,0,0,1,0,0,0,1,0,0,0,0,1,0
Niven Raj,78118,WR,TCU,1,100.0,0,305,60.0,,60.0,0,0,0,,,,0,0,0,1,0,0,0,1,0,0,0,0,1,0
Kwincy Hall,78121,WR,W VIRGINIA,1,20.0,0,343,71.6,,60.0,0,0,0,0.0,0.0,,0,0,0,1,0,0,0,5,0,4,0,0,1,0
Blake Whitlock,51500,LB,BOISE ST,1,100.0,0,120,60.0,,60.0,0,0,0,,,,1,0,0,1,0,0,0,1,0,0,0,0,1,0
Nathan Bischof,51474,LB,AKRON,1,100.0,0,102,60.0,,60.0,0,0,0,,,,0,0,0,1,0,0,0,1,0,0,0,0,1,0
Dwayne Williams,51472,CB,OREGON ST,1,100.0,1,265,60.0,,60.0,0,0,0,,,,4,0,0,1,0,0,0,1,0,0,0,0,1,0
Andrew Segovia,78140,WR,HOUSTON,1,100.0,0,182,60.0,,60.0,0,0,0,,,,0,0,0,1,0,0,0,1,0,0,0,0,1,0
Jourdan Blake,51420,CB,SMU,2,50.0,0,287,57.8,,60.0,0,0,0,0.0,0.0,,1,0,0,1,0,0,0,2,0,1,0,0,1,0
Jake Stoshak,51409,S,FAU,2,50.0,0,165,57.8,,60.0,0,0,0,0.0,0.0,,0,0,0,1,0,0,0,2,0,1,0,0,1,0
Parker Shaunfield,30034,CB,SO MISS,2,50.0,0,296,59.4,60.5,,0,0,0,,50.0,,0,0,0,1,0,0,0,2,1,2,0,0,0,0
Michael Epley,29848,ED,TCU,1,100.0,0,305,60.0,,60.0,0,0,0,,,,0,0,0,1,0,0,0,1,0,0,0,0,1,0
Kolney Cassel,29831,QB,HAWAII,1,25.0,0,180,62.9,,60.0,0,0,0,0.0,0.0,,0,0,0,1,0,0,0,4,0,1,0,0,1,0
Adam Soesman,29770,ED,OREGON ST,2,50.0,0,265,57.8,,60.0,0,0,0,0.0,0.0,,0,0,0,1,0,0,0,2,0,1,0,0,1,0
Will Harris,51336,S,BOSTON COL,1,100.0,0,121,60.0,,60.0,0,0,0,,,,2,0,0,1,0,0,0,1,0,0,0,0,1,0
Jonathan Crawford,51325,S,INDIANA,1,100.0,0,190,60.0,,60.0,0,0,0,,,,2,0,0,1,0,0,0,1,0,0,0,0,1,0
Michael Thompson,78189,WR,E MICHIGAN,1,100.0,0,160,60.0,,60.0,0,0,0,,,,0,0,0,1,0,0,0,1,0,0,0,0,1,0
Jontrell Rocquemore,51307,S,UTAH ST,1,100.0,0,329,60.0,,60.0,0,0,0,,,,0,0,0,1,0,0,0,1,0,0,0,0,1,0
Tony Palmer,78193,WR,C MICHIGAN,1,10.0,0,134,52.2,,60.0,0,0,0,0.0,0.0,,0,0,0,1,0,0,0,10,0,9,0,0,1,0
Ben Hale,51300,S,BOWL GREEN,1,100.0,0,122,60.0,,60.0,0,0,0,,,,0,0,0,1,0,0,0,1,0,0,0,0,1,0
Drue Tranquill,51276,LB,NOTRE DAME,1,100.0,0,258,60.0,,60.0,0,0,0,,,,2,0,0,1,0,0,0,1,0,0,0,0,1,0
Josh Teachey,51200,CB,TOLEDO,1,100.0,0,316,60.0,,60.0,0,0,0,,,,3,0,0,1,0,0,0,1,0,0,0,0,1,0
Cole Sterns,51151,S,SMU,1,100.0,0,287,60.0,60.5,,0,0,1,100.0,100.0,100.0,1,0,0,1,0,0,0,1,1,1,0,0,0,0
Terez Hall,51107,LB,MISSOURI,1,100.0,0,229,60.0,,60.0,0,0,0,,,,5,0,0,1,0,0,0,1,0,0,0,0,1,0
Jalen Elliott,51071,S,NOTRE DAME,1,100.0,0,258,60.0,,60.0,0,0,0,,,,2,0,0,1,0,0,0,1,0,0,0,0,1,0
Christian Henderson,78266,T,LA TECH,1,100.0,0,208,60.0,,60.0,0,0,0,,,,0,0,0,1,0,0,0,1,0,0,0,1,1,0
Biron Rossell,78388,T,LA TECH,1,100.0,0,208,60.0,,60.0,0,0,0,,,,0,0,0,1,0,0,1,1,0,0,0,0,1,0
John Turner,78484,HB,MIDDLE TN,2,20.0,0,224,66.0,,60.0,0,0,0,,,,0,0,0,1,0,0,0,5,0,0,0,0,1,0
Brant Mitchell,50955,LB,GA TECH,1,100.0,0,176,60.0,,60.0,0,0,0,,,,0,0,0,1,0,0,0,1,0,0,0,0,1,0
Ulysees Gilbert,50810,LB,AKRON,1,100.0,0,102,60.0,,60.0,0,0,0,,,,0,0,0,1,0,0,0,1,0,0,0,0,1,0
DeAndre Marcus,78606,HB,LA TECH,1,25.0,0,208,61.6,67.8,,0,0,1,100.0,100.0,100.0,0,0,0,1,0,0,0,4,1,1,0,0,0,0
Jordan Myles,78614,HB,LA TECH,1,50.0,0,208,59.1,,60.0,0,0,0,,,,0,0,0,1,0,0,0,2,0,0,0,0,1,0
Der'Quione Mobley,29561,LB,W KENTUCKY,1,100.0,0,346,60.0,60.5,,0,0,1,100.0,100.0,100.0,0,0,0,1,0,0,0,1,1,1,0,0,0,0
Joshua Matthews,78823,WR,LA TECH,1,100.0,0,208,60.0,,60.0,0,0,0,,,,0,0,0,1,0,0,0,1,0,0,0,0,1,0
Isaiah Davis,50717,LB,MARYLAND,1,100.0,0,215,60.0,63.8,,0,0,1,100.0,100.0,100.0,2,0,0,1,0,0,0,1,1,1,0,0,0,0
Asmar Bilal,50709,LB,NOTRE DAME,1,100.0,0,258,60.0,,60.0,0,0,0,,,,0,0,0,1,0,0,0,1,0,0,0,0,1,0
Osaze Ogbebor,50701,LB,KANSAS,1,100.0,0,198,60.0,,60.0,0,0,0,,,,0,0,0,1,0,0,0,1,0,0,0,0,1,0
Jeremiah Jackson,50668,LB,BALL ST,1,100.0,0,117,60.0,,60.0,0,0,0,,,,1,0,0,1,0,0,0,1,0,0,0,0,1,0
Connor Taylor,79520,LB,LA TECH,1,100.0,0,208,60.0,,60.0,0,0,0,,,,1,0,0,1,0,0,1,1,0,0,0,0,1,0
C.J. Wright,79640,DI,GA SOUTHRN,4,12.5,0,174,59.0,66.5,,0,0,0,0.0,33.3,,0,0,0,1,0,1,0,8,1,3,0,0,0,0
Tyson Maeva,50660,LB,BOISE ST,1,100.0,1,120,60.0,,60.0,0,0,0,,,,3,0,0,1,0,0,0,1,0,0,0,0,1,0
Jordan Mosley,81290,LB,MARYLAND,1,100.0,0,215,76.1,63.8,76.2,0,0,1,100.0,100.0,100.0,1,0,0,1,0,0,0,1,1,1,0,0,0,0
Karsten Battles,81500,LS,OREGON,2,50.0,0,264,60.2,63.8,,0,0,1,50.0,50.0,100.0,0,0,0,1,1,0,0,2,1,2,0,0,0,0
Keeghan Freeborn,81526,DI,BOISE ST,1,100.0,0,120,60.0,60.9,,0,0,0,,100.0,,0,0,0,1,0,0,0,1,1,1,0,0,0,0
Deshon Cooper,29238,ED,GA SOUTHRN,2,50.0,0,174,67.0,64.6,,0,0,0,,50.0,,2,0,0,1,0,0,0,2,1,2,0,0,0,1
Tavon Ross,29237,LB,MISSOURI,1,100.0,0,229,60.0,,60.0,0,0,0,,,,0,0,0,1,0,0,0,1,0,0,0,0,1,0
Quinn Skillin,29230,P,BOISE ST,3,33.3,0,120,27.4,,60.0,0,0,0,,0.0,,0,0,0,1,0,0,0,3,0,1,0,0,1,0
Evan Sayner,50599,DI,W KENTUCKY,1,100.0,0,346,60.0,,60.0,0,0,0,,,,5,0,0,1,0,0,0,1,0,0,0,0,1,1
Parker Hanusa,50596,DI,RICE,2,50.0,0,275,60.0,,60.0,0,0,0,,0.0,,0,0,0,1,0,0,0,2,0,1,0,0,1,0
Andrew Rector,29114,LB,VANDERBILT,1,100.0,0,333,60.0,60.5,,0,0,1,100.0,100.0,100.0,0,0,0,1,0,0,0,1,1,1,0,0,0,0
Jacoby Wildman,50521,ED,UTAH ST,1,100.0,0,329,60.0,,60.0,0,0,0,,,,0,0,0,1,0,0,0,1,0,0,0,0,1,0
Tino Ellis,50390,CB,MARYLAND,1,100.0,5,215,68.8,63.8,,0,0,1,100.0,100.0,100.0,9,0,0,1,0,0,0,1,1,1,0,0,0,0
Bryce Balous,50388,CB,OKLA STATE,1,100.0,0,262,60.0,,60.0,0,0,0,,,,1,0,0,1,0,0,0,1,0,0,0,0,1,0
Gaje Ferguson,29055,S,UTAH ST,1,100.0,0,329,60.0,,60.0,0,0,0,,,,2,0,0,1,0,0,0,1,0,0,0,0,1,0
Josh Miller,50346,CB,BALL ST,1,100.0,0,117,60.0,,60.0,0,0,0,,,,1,0,0,1,0,0,0,1,0,0,0,0,1,0
Michael McGinnis,29020,LB,INDIANA,1,100.0,0,190,60.0,,60.0,0,0,0,,,,0,0,0,1,0,0,0,1,0,0,0,0,1,0
Joseph Rago,81636,C,FAU,1,100.0,0,165,60.0,,60.0,0,0,0,,,,0,0,0,1,1,0,0,1,0,0,0,0,1,0
Jarrod Chandler,50091,ED,ARK STATE,1,100.0,0,113,60.0,,60.0,0,0,0,,,,1,0,0,1,0,0,0,1,0,0,0,0,1,0
Evan Austrie,28985,S,UNLV,2,50.0,0,325,89.3,,60.0,0,0,0,,,,0,0,0,1,0,0,0,2,0,0,0,0,1,0
Elu Aydon,50053,DI,OREGON ST,1,100.0,0,265,60.0,,60.0,0,0,0,,,,3,0,0,1,0,0,0,1,0,0,0,0,1,0
Julien Lewis,50005,DI,W KENTUCKY,1,100.0,0,346,60.0,60.5,,0,0,1,100.0,100.0,100.0,0,0,0,1,0,0,0,1,1,1,0,0,0,0
Boogie Roberts,49989,DI,S JOSE ST,2,50.0,0,285,66.3,67.7,,0,0,1,100.0,100.0,100.0,6,0,0,1,0,0,0,2,1,1,0,0,0,0
Nate Childress,49902,DI,TOLEDO,1,100.0,0,316,60.0,,60.0,0,0,0,,,,1,0,0,1,0,0,0,1,0,0,0,0,1,0
Jeremy Sangster,49886,LB,SO MISS,1,100.0,0,296,60.0,,60.0,0,0,0,,,,0,0,0,1,0,0,0,1,0,0,0,0,1,0
Victor Alexander,49876,ED,GA TECH,1,100.0,0,176,60.0,,60.0,0,0,0,,,,0,0,0,1,0,0,0,1,0,0,0,0,1,0
Doug Salter,49866,DI,TROY,1,100.0,0,318,60.0,60.5,,0,0,1,100.0,100.0,100.0,0,0,0,1,0,0,0,1,1,1,0,0,0,0
Julian Huff,49859,LB,MINNESOTA,1,100.0,0,225,60.0,60.5,,0,0,1,100.0,100.0,100.0,0,0,0,1,0,0,0,1,1,1,0,0,0,0
Brandon Lee,49857,LB,MISSOURI,1,100.0,0,229,60.0,,60.0,0,0,0,,,,1,0,0,1,0,0,0,1,0,0,0,0,1,0
Reggan Northrup,49709,LB,IOWA STATE,1,100.0,0,193,60.0,,60.0,0,0,0,,,,0,0,0,1,0,0,0,1,0,0,0,0,1,0
De'Monte Ruth,28640,CB,IOWA STATE,1,100.0,0,193,60.0,,60.0,0,0,0,,,,2,0,0,1,0,0,0,1,0,0,0,0,1,0
Rick Wade,49618,DI,UCLA,1,100.0,0,324,60.0,,60.0,0,0,0,,,,2,0,0,1,0,0,0,1,0,0,0,0,1,0
Okon Godwin,49611,ED,APP STATE,1,100.0,0,108,60.0,,60.0,0,0,0,,,,1,0,0,1,0,0,0,1,0,0,0,0,1,0
Zach Allen,49605,ED,BOSTON COL,1,100.0,2,121,60.0,,60.0,0,0,0,,,,7,0,0,1,0,0,0,1,0,0,0,0,1,0
Matt Bahr,28617,LB,KENT STATE,2,50.0,0,201,80.0,61.8,,0,0,1,50.0,50.0,100.0,1,0,0,1,0,0,0,2,1,2,0,0,0,0
Korey Mariboho,81817,G,S JOSE ST,1,100.0,0,285,60.0,,60.0,0,0,0,,,,0,0,0,1,0,0,0,1,0,0,0,0,1,0
Tyler Ostrom,81818,G,S JOSE ST,1,100.0,0,285,60.0,,60.0,0,0,0,,,,0,0,0,1,0,0,0,1,0,0,0,0,1,0
Breiden Fehoko,49589,DI,LSU,1,100.0,1,211,60.0,61.8,,0,0,1,100.0,100.0,100.0,1,0,0,1,0,0,0,1,1,1,0,0,0,0
Ka'dar Hollman,49446,CB,TOLEDO,1,100.0,1,316,60.0,,60.0,0,0,0,,,,6,0,0,1,0,0,0,1,0,0,0,0,1,0
John Reid,49381,CB,PENN STATE,1,100.0,0,266,60.0,,60.0,0,0,0,,,,1,0,0,1,0,0,0,1,0,0,0,0,1,0
A'Shon Riggins,49373,CB,INDIANA,1,100.0,0,190,60.0,,60.0,0,0,0,,,,4,0,0,1,0,0,0,1,0,0,0,0,1,0
Cordell Hudson,49334,CB,MIDDLE TN,1,100.0,0,224,60.0,,60.0,0,0,0,,,,1,0,0,1,0,0,0,1,0,0,0,0,1,0
Daniel Talley,49306,CB,COLORADO,1,100.0,0,143,60.0,,60.0,0,0,0,,,,0,0,0,1,0,0,0,1,0,0,0,0,1,0
Desmond Franklin,49207,S,APP STATE,1,100.0,0,108,60.0,,60.0,0,0,0,,,,1,0,0,1,0,0,0,1,0,0,0,0,1,0
Santos Ramirez,49084,S,ARKANSAS,1,100.0,0,111,60.0,,60.0,0,0,0,,,,1,0,0,1,0,0,0,1,0,0,0,0,1,0
Tre Neal,49055,S,NEBRASKA,1,100.0,1,238,60.0,,60.0,0,0,0,,,,1,0,0,1,0,0,0,1,0,0,0,0,1,0
Kevin Johnson,49040,CB,SMU,3,33.3,0,287,55.2,,60.0,0,0,0,0.0,0.0,,0,0,0,1,0,0,0,3,0,2,0,0,1,0
Mbi Tanyi,48837,DI,MARYLAND,1,100.0,0,215,60.0,63.8,,0,0,1,100.0,100.0,100.0,6,0,0,1,0,0,0,1,1,1,0,0,0,0
Conner Cain,48793,DI,WYOMING,1,100.0,0,351,60.0,,60.0,0,0,0,,,,1,0,0,1,0,0,0,1,0,0,0,0,1,0
Ricky Walker,48652,DI,VA TECH,1,100.0,0,337,60.0,,60.0,0,0,0,,,,1,0,0,1,0,0,0,1,0,0,0,0,1,0
Jordan Silva,48601,ED,KENT STATE,1,100.0,0,201,60.0,,60.0,0,0,0,,,,2,0,0,1,0,0,0,1,0,0,0,0,1,0
Kevin Bletzer,28156,LB,BOSTON COL,1,100.0,0,121,60.0,,60.0,0,0,0,,,,1,0,0,1,0,0,0,1,0,0,0,0,1,0
Anthony Nicastro,81949,ED,ARIZONA ST,1,100.0,0,110,60.0,,60.0,0,0,0,,,,0,0,0,1,0,0,0,1,0,0,0,0,1,0
Cole Hedlund,28040,K,N TEXAS,1,100.0,0,251,60.0,,60.0,0,0,0,,,,0,0,0,1,0,0,0,1,0,0,0,0,1,0
Ryder Lucas,28026,CB,ARKANSAS,1,100.0,0,111,60.0,,60.0,0,0,0,,,,0,0,0,1,0,0,0,1,0,0,0,0,1,0
Dare Odeyingbo,48531,DI,VANDERBILT,1,100.0,1,333,60.0,60.5,,0,0,1,100.0,100.0,100.0,1,0,0,1,0,0,0,1,1,1,0,0,0,0
Daniel Appouh,48528,ED,DOMINION,1,100.0,0,263,60.0,,60.0,0,0,0,,,,1,0,0,1,0,0,0,1,0,0,0,0,1,0
Adam Krause,82059,P,W KENTUCKY,1,100.0,0,346,60.0,60.5,,0,0,1,100.0,100.0,100.0,0,0,0,1,0,0,0,1,1,1,0,0,0,0
Tyler Ferguson,48489,ED,OKLA STATE,1,100.0,0,262,60.0,,60.0,0,0,0,,,,0,0,0,1,0,0,0,1,0,0,0,0,1,1
Theo Eboigbe,48433,DI,KENT STATE,1,100.0,1,201,60.0,48.2,,0,0,1,100.0,100.0,0.0,1,1,1,1,0,0,0,1,1,1,0,0,0,0
Parker Hesse,48369,ED,IOWA,1,100.0,0,192,60.0,,,0,0,1,100.0,100.0,100.0,1,0,0,1,0,0,0,1,1,1,0,0,0,0
Austin Exford,27965,S,APP STATE,1,100.0,0,108,60.0,,60.0,0,0,0,,,,0,0,0,1,0,0,0,1,0,0,0,0,1,0
Anthony Johnson,48351,DI,FIU,1,100.0,1,166,60.0,,60.0,0,0,0,,,,1,0,0,1,0,0,0,1,0,0,0,0,1,0
Isaiah Graham,48337,WR,LA TECH,1,100.0,0,208,60.0,,60.0,0,0,0,,,,0,0,0,1,0,0,0,1,0,0,0,0,1,0
Trajan Jeffcoat,82341,ED,MISSOURI,1,100.0,1,229,60.0,,60.0,0,0,0,,,,1,0,0,1,0,0,0,1,0,0,0,0,1,0
E.J. Ane,82390,DI,S JOSE ST,2,33.3,0,285,54.4,67.7,,0,0,1,100.0,100.0,100.0,0,0,0,1,0,0,0,3,1,1,0,0,0,0
Tyler Manoa,82445,DI,UCLA,1,100.0,0,324,60.0,60.5,,0,0,1,100.0,100.0,100.0,2,0,0,1,0,0,0,1,1,1,0,0,0,0
Atonio Mafi,82449,DI,UCLA,1,100.0,0,324,60.0,,60.0,0,0,0,,,,1,0,0,1,0,0,0,1,0,0,0,0,1,0
Josh Higgs,82532,FB,VANDERBILT,1,100.0,0,333,60.0,,60.0,0,0,0,,,,0,0,0,1,0,0,0,1,0,0,0,0,1,0
Channing Tindall,82548,LB,GEORGIA,1,100.0,0,173,60.0,,60.0,0,0,0,,,,0,0,0,1,0,0,0,1,0,0,0,0,1,0
Palaie Gaoteote IV,82559,LB,USC,1,100.0,0,326,60.0,,60.0,0,0,0,,,,0,0,0,1,0,0,0,1,0,0,0,0,1,0
Tyler Hunt,82605,K,MICH STATE,1,100.0,0,223,60.0,,60.0,0,0,0,,,,0,0,0,1,0,0,0,1,0,0,0,0,1,0
Trey Dean III,83208,CB,FLORIDA,1,100.0,0,163,60.0,,60.0,0,0,0,,,,7,0,0,1,0,0,0,1,0,0,0,0,1,0
Cam Taylor-Britt,83326,CB,NEBRASKA,1,100.0,0,238,60.0,,60.0,0,0,0,,,,0,0,0,1,0,0,0,1,0,0,0,0,1,0
Deontai Williams,83327,S,NEBRASKA,1,100.0,0,238,60.0,,60.0,0,0,0,,,,0,0,0,1,0,0,0,1,0,0,0,0,1,0
Nicario Harper,83390,CB,SO MISS,1,100.0,0,296,60.0,,60.0,0,0,0,,,,0,0,0,1,0,0,0,1,0,0,0,0,1,0
Stephan Blaylock,83417,S,UCLA,1,100.0,0,324,60.0,60.5,,0,0,1,100.0,100.0,100.0,0,0,0,1,0,0,0,1,1,1,0,0,0,0
Bryce Jackson,83428,CB,UNLV,1,100.0,0,325,60.0,,60.0,0,0,0,,,,0,0,0,1,0,0,0,1,0,0,0,0,1,0
Reid Budrovich,27665,P,USC,1,100.0,0,326,60.0,,60.0,0,0,0,,,,0,0,0,1,0,0,0,1,0,0,0,0,1,0
Divine Deablo,42208,S,VA TECH,1,100.0,0,337,60.0,,60.0,0,0,0,,,,1,0,0,1,0,0,0,1,0,0,0,0,1,0
Grady Vazquez,42245,HB,S DIEGO ST,1,100.0,0,284,60.0,72.6,,0,0,1,100.0,100.0,100.0,0,0,0,1,0,0,0,1,1,1,0,0,0,0
Jason Goldstein,83557,QB,SO MISS,1,100.0,0,296,60.0,,60.0,0,0,0,,,,0,0,0,1,0,0,0,1,0,0,0,0,1,0
Jalen Johnson,27641,LB,GA TECH,1,100.0,0,176,60.0,,60.0,0,0,0,,,,0,0,0,1,0,0,0,1,0,0,0,0,1,0
Dominic Davis,45909,CB,USC,1,100.0,0,326,60.0,,60.0,0,0,0,,,,0,0,0,1,0,0,0,1,0,0,0,0,1,0
Q' Drennan,27630,WR,NEW MEXICO,1,33.3,0,241,80.0,,60.0,0,0,0,0.0,0.0,,0,0,0,1,0,0,0,3,0,2,0,0,1,0
Keyshon Camp,42384,DI,PITTSBURGH,1,100.0,0,268,60.0,,60.0,0,0,0,,,,1,0,0,1,0,0,0,1,0,0,0,0,1,0
Kevaris Thomas,83593,QB,W KENTUCKY,3,12.5,0,346,62.3,,60.0,0,0,0,0.0,0.0,,0,0,0,1,0,0,0,8,0,1,0,0,1,0
Donovan Marshall,83617,HB,ARK STATE,2,20.0,0,113,63.7,,60.0,0,0,0,0.0,0.0,,0,0,0,1,0,0,0,5,0,2,0,0,1,0
Tre'von Strong,42437,,UTAH,1,100.0,0,328,60.0,,60.0,0,0,0,,,,0,0,0,1,0,0,0,1,0,0,0,0,1,0
JoJo Domann,42446,S,NEBRASKA,1,100.0,0,238,60.0,,60.0,0,0,0,,,,0,0,0,1,0,0,0,1,0,0,0,0,1,0
David Woodward,42450,LB,UTAH ST,1,100.0,0,329,60.0,,60.0,0,0,0,,,,0,0,0,1,0,0,0,1,0,0,0,0,1,0
Stantley Thomas-Oliver III,47981,CB,FIU,1,100.0,1,166,60.0,,60.0,0,0,0,,,,2,0,0,1,0,0,0,1,0,0,0,0,1,0
Keir Thomas,42509,DI,S CAROLINA,1,100.0,0,289,60.0,,60.0,0,0,0,,,,4,0,0,1,0,0,0,1,0,0,0,0,1,0
Malcolm Davidson,83660,HB,FAU,3,25.0,0,165,69.9,,60.0,0,0,0,,,,0,0,0,1,0,0,0,4,0,0,0,0,1,0
Kyle Trego,42527,S,COLORADO,1,100.0,0,143,60.0,,60.0,0,0,0,,,,1,0,0,1,0,0,0,1,0,0,0,0,1,0
Gaej Walker,42531,CB,W KENTUCKY,1,100.0,0,346,60.0,60.5,,0,0,1,100.0,100.0,100.0,0,0,0,1,0,0,0,1,1,1,0,0,0,0
Dawson Hill,83670,HB,GA STATE,1,20.0,0,175,75.3,,60.0,0,0,0,,,,0,0,0,1,0,0,0,5,0,0,0,0,1,0
Max Richardson,42572,LB,BOSTON COL,1,100.0,1,121,60.0,,60.0,0,0,0,,,,2,0,0,1,0,0,0,1,0,0,0,0,1,0
Chris Curry,83696,HB,LSU,5,7.7,0,211,69.2,,60.0,0,0,0,0.0,0.0,,0,0,0,1,0,0,0,13,0,1,0,0,1,0
Sheldon Evans,83699,HB,MARSHALL,2,50.0,0,214,58.7,,60.0,0,0,0,,,,0,0,0,1,0,0,0,2,0,0,0,0,1,0
Elijah Collins,83705,HB,MICH STATE,2,16.7,0,223,61.3,20.6,,0,1,1,25.0,25.0,50.0,0,1,0,1,0,0,0,6,1,4,0,0,0,0
Calvin Swenson,42636,S,MINNESOTA,1,100.0,0,225,60.0,60.5,,0,0,1,100.0,100.0,100.0,0,0,0,1,0,0,0,1,1,1,0,0,0,0
Collin Miller,42725,LB,NEBRASKA,1,100.0,0,238,60.0,,60.0,0,0,0,,,,0,0,0,1,0,0,0,1,0,0,0,0,1,0
Drake Anderson,83729,HB,NWESTERN,2,4.8,0,256,57.2,67.9,,0,0,0,0.0,11.1,,0,0,0,1,0,0,0,21,1,9,0,0,0,0
Osa Odighizuwa,42754,DI,UCLA,1,100.0,0,324,60.0,,60.0,0,0,0,,,,1,0,0,1,0,0,0,1,0,0,0,0,1,0
Cameron Murray,42756,DI,OKLA STATE,1,100.0,0,262,60.0,,60.0,0,0,0,,,,0,0,0,1,0,0,0,1,0,0,0,0,1,0
Ajani Kerr,42797,CB,GA TECH,1,100.0,0,176,60.0,,60.0,0,0,0,,,,2,0,0,1,0,0,0,1,0,0,0,0,1,0
Marcus Strong,42814,CB,WASH STATE,1,100.0,0,341,60.0,,60.0,0,0,0,,,,8,0,0,1,0,0,0,1,0,0,0,0,1,0
Jordan Fehr,42823,LB,APP STATE,1,100.0,0,108,60.0,,60.0,0,0,0,,,,2,0,0,1,0,0,0,1,0,0,0,0,1,0
Justus Rogers,42865,LB,WASH STATE,1,100.0,0,341,60.0,,60.0,0,0,0,,,,0,0,0,1,0,0,0,1,0,0,0,0,1,0
Rachuan Mitchell,42909,CB,SO MISS,1,100.0,0,296,60.0,,60.0,0,0,0,,,,4,0,0,1,0,0,0,1,0,0,0,0,1,0
Elijah Ball,47833,WR,OHIO,2,16.7,0,259,55.3,,60.0,0,0,0,0.0,0.0,,0,0,0,1,0,0,0,6,0,5,0,0,1,0
Thomas Pickens,42970,S,MEMPHIS,1,100.0,0,218,60.0,,60.0,0,0,0,,,,0,0,0,1,0,0,0,1,0,0,0,0,1,0
Trevon Woolfolk,83781,HB,TROY,1,100.0,0,318,60.0,,60.0,0,0,0,,,,0,0,0,1,0,0,0,1,0,0,0,0,1,0
Elias Reynolds,42976,LB,PITTSBURGH,1,100.0,0,268,60.0,60.5,,0,0,1,100.0,100.0,100.0,0,0,0,1,0,0,0,1,1,1,0,0,0,0
Dylan Silcox,42991,LB,RICE,1,100.0,1,275,60.0,,60.0,0,0,0,,,,3,0,0,1,0,0,0,1,0,0,0,0,1,0
Jamal Hicks,43062,S,COLO STATE,1,100.0,1,144,60.0,63.8,,0,0,1,100.0,100.0,100.0,2,0,0,1,0,0,0,1,1,1,0,0,0,0
Vernon Scott,43076,S,TCU,1,100.0,0,305,60.0,,60.0,0,0,0,,,,2,0,0,1,0,0,0,1,0,0,0,0,1,0
Devin White,43089,LB,LSU,1,100.0,0,211,60.0,61.8,,0,0,1,100.0,100.0,100.0,3,0,0,1,0,0,0,1,1,1,0,0,0,0
Kevin Meitzenheimer,43102,LB,UTAH ST,1,100.0,0,329,60.0,,60.0,0,0,0,,,,0,0,0,1,0,0,0,1,0,0,0,0,1,0
Houston Underwood,83818,HB,FLORIDA,1,100.0,0,163,60.0,,60.0,0,0,0,,,,0,0,0,1,0,1,0,1,0,0,0,0,1,0
Dennis Gross,83819,FB,FLORIDA,1,100.0,0,163,60.0,,60.0,0,0,0,,,,0,0,0,1,0,0,0,1,0,0,0,0,1,1
Damion Charity,83867,S,DOMINION,1,100.0,0,263,60.0,,60.0,0,0,0,,,,0,0,0,1,0,0,0,1,0,0,0,0,1,0
TJ Harris,83901,S,TROY,1,100.0,0,318,60.0,60.5,,0,0,1,100.0,100.0,100.0,0,0,0,1,0,0,0,1,1,1,0,0,0,0
Korel Smith,43201,CB,FAU,1,100.0,0,165,60.0,,60.0,0,0,0,,,,0,0,0,1,0,0,0,1,0,0,0,0,1,0
Max McDonald,43210,LB,COLO STATE,1,100.0,0,144,60.0,,60.0,0,0,0,,,,0,0,0,1,0,0,0,1,0,0,0,0,1,0
Chase Pine,43225,LB,PITTSBURGH,1,100.0,0,268,60.0,60.5,,0,0,1,100.0,100.0,100.0,0,0,0,1,0,0,0,1,1,1,0,0,0,0
Claudio Williams,43232,FB,FLORIDA ST,1,100.0,0,167,60.0,,60.0,0,0,0,,,,0,0,0,1,0,0,0,1,0,0,0,0,1,0
David Anzaldua,27055,G,UTSA,1,100.0,0,331,60.0,,60.0,0,0,0,,,,0,0,0,1,0,0,0,1,0,0,0,0,1,0
Nolan Lynch,83965,TE,FAU,1,100.0,0,165,60.0,,60.0,0,0,0,,,,0,0,0,1,0,0,0,1,0,0,0,0,1,1
Michael Divinity Jr.,27046,ED,LSU,1,100.0,1,211,60.0,61.8,,0,0,1,100.0,100.0,100.0,3,0,0,1,0,0,0,1,1,1,0,0,0,0
Steven Montac,43265,S,S CAROLINA,1,100.0,0,289,60.0,,60.0,0,0,0,,,,2,0,0,1,0,0,0,1,0,0,0,0,1,0
Isaiah Stallings,43293,S,NC STATE,1,100.0,0,248,60.0,63.8,,0,0,1,100.0,100.0,100.0,0,0,0,1,0,0,0,1,1,1,0,0,0,0
Nick Reinhardt,26900,LS,ARIZONA,1,100.0,0,109,60.0,,60.0,0,0,0,,,,0,0,0,1,0,0,0,1,0,0,0,0,1,0
Patrick Henschen,83990,TE,KENTUCKY,1,100.0,0,202,60.0,,60.0,0,0,0,,,,0,0,0,1,0,0,0,1,0,0,0,0,1,1
Taylor Comfort,26812,DI,WASH STATE,1,100.0,0,341,60.0,,60.0,0,0,0,,,,2,0,0,1,0,0,0,1,0,0,0,0,1,0
Isaac James-Gray,47706,CB,INDIANA,1,100.0,0,190,60.0,,60.0,0,0,0,,,,0,0,0,1,0,0,0,1,0,0,0,0,1,0
Christian Holmes,43393,CB,MISSOURI,1,100.0,1,229,60.0,,60.0,0,0,0,,,,7,0,0,1,0,0,0,1,0,0,0,0,1,0
Andrew Boczar,43447,DI,TOLEDO,1,100.0,0,316,60.0,,60.0,0,0,0,,,,0,0,0,1,0,0,0,1,0,0,0,0,1,0
Jordan Young,43537,LB,DOMINION,1,100.0,0,263,60.0,,60.0,0,0,0,,,,0,0,0,1,0,0,0,1,0,0,0,0,1,0
Chigozie Nnoruka,43552,DI,UCLA,1,100.0,0,324,60.0,,60.0,0,0,0,,,,0,0,0,1,0,0,0,1,0,0,0,0,1,0
Paul Semons,26552,DI,BOISE ST,1,100.0,0,120,60.0,,60.0,0,0,0,,,,0,0,0,1,0,0,0,1,0,0,0,0,1,0
Jeawon Taylor,26455,S,FLORIDA,1,100.0,0,163,60.0,,60.0,0,0,0,,,,2,0,0,1,0,0,0,1,0,0,0,0,1,0
Jeremiah Moon,26453,ED,FLORIDA,1,100.0,0,163,60.0,,60.0,0,0,0,,,,0,0,0,1,0,0,0,1,0,0,0,0,1,0
Davone Hall Sr.,43808,DI,UMASS,1,100.0,0,216,60.0,,60.0,0,0,0,,,,0,0,0,1,0,1,0,1,0,0,0,0,1,0
Kylan Johnson,26452,LB,FLORIDA,1,100.0,0,163,60.0,,60.0,0,0,0,,,,0,0,0,1,0,0,0,1,0,0,0,0,1,0
Cale Garrett,43813,LB,MISSOURI,1,100.0,0,229,60.0,,60.0,0,0,0,,,,1,0,0,1,0,0,0,1,0,0,0,0,1,0
Emmit Carpenter,26436,K,MINNESOTA,1,100.0,0,225,60.0,,60.0,0,0,0,,,,0,0,0,1,0,0,0,1,0,0,0,0,1,0
Kenny Hebert,43827,ED,VANDERBILT,1,100.0,0,333,60.0,60.5,,0,0,1,100.0,100.0,100.0,1,0,0,1,0,0,0,1,1,1,0,0,0,0
De'Jon Harris,43858,LB,ARKANSAS,1,100.0,0,111,60.0,,60.0,0,0,0,,,,0,0,0,1,0,0,0,1,0,0,0,0,1,0
Nicodem Pierre,45994,HB,DUKE,3,12.5,0,154,69.9,,60.0,0,0,0,,,,0,0,0,1,0,0,0,8,0,0,0,0,1,0
Emmanuel Moore,47589,S,KANSAS,1,100.0,0,198,60.0,,60.0,0,0,0,,,,0,0,0,1,0,0,0,1,0,0,0,0,1,0
Lokeni Toailoa,43897,LB,UCLA,1,100.0,0,324,60.0,60.5,,0,0,1,100.0,100.0,100.0,0,0,0,1,0,0,0,1,1,1,0,0,0,0
Clay Holford,26345,ED,E MICHIGAN,1,100.0,0,160,60.0,,60.0,0,0,0,,,,1,0,0,1,0,0,0,1,0,0,0,0,1,0
Sean Eckert,84130,WR,ARMY,1,100.0,0,114,60.0,,60.0,0,0,0,,,,0,0,0,1,0,0,0,1,0,0,0,0,1,0
Hamilcar Rashed,44025,ED,OREGON ST,1,100.0,0,265,60.0,,60.0,0,0,0,,,,2,0,0,1,0,0,0,1,0,0,0,0,1,0
Khalil Ladler,44092,S,VA TECH,1,100.0,0,337,60.0,,60.0,0,0,0,,,,5,0,0,1,0,0,0,1,0,0,0,0,1,0
Tony Baird,26198,ED,E CAROLINA,1,100.0,0,156,60.0,,60.0,0,0,0,,,,0,0,0,1,0,0,0,1,0,0,0,0,1,0
Devin Glenn,47530,HB,TULANE,1,100.0,0,319,60.0,,60.0,0,0,0,,,,0,0,0,1,0,0,0,1,0,0,0,0,1,0
Shaun James,26196,DI,E CAROLINA,1,100.0,0,156,60.0,,60.0,0,0,0,,,,0,0,0,1,0,0,0,1,0,0,0,0,1,0
Berkley Edwards,26136,HB,MICHIGAN,4,14.3,0,222,56.0,,60.0,0,0,0,0.0,0.0,,0,0,0,1,0,0,0,7,0,3,0,0,1,0
Dailen Sutton,44186,CB,AIR FORCE,1,100.0,0,101,60.0,,60.0,0,0,0,,,,1,0,0,1,0,0,0,1,0,0,0,0,1,0
Will Hastings,47493,WR,AUBURN,2,12.5,0,115,55.1,,58.9,0,0,0,0.0,0.0,,0,0,0,1,0,0,0,8,0,7,0,0,1,0
Pat Bethel,44218,DI,MIAMI FL,1,100.0,0,220,60.0,,60.0,0,0,0,,,,1,0,0,1,0,0,0,1,0,0,0,0,1,0
Daniel Griffith,44241,LB,VA TECH,1,100.0,0,337,60.0,,60.0,0,0,0,,,,0,0,0,1,0,0,0,1,0,0,0,0,1,0
Griffin Carter,26082,HB,DUKE,3,11.1,0,154,53.5,,60.0,0,0,0,,,,0,0,0,1,0,0,0,9,0,0,0,0,1,0
Montre Gregory,44286,CB,BOWL GREEN,1,100.0,2,122,60.0,,60.0,0,0,0,,,,8,0,0,1,0,0,0,1,0,0,0,0,1,0
Jacquies Turner,44315,ED,SO MISS,2,50.0,0,296,57.3,60.5,,0,0,0,,50.0,,0,0,0,1,0,0,0,2,1,2,0,0,0,0
Drew Lewis,26073,LB,COLORADO,1,100.0,0,143,60.0,,60.0,0,0,0,,,,2,0,0,1,0,0,0,1,0,0,0,0,1,0
Semisi Fakasiieiki,44340,ED,PURDUE,1,100.0,0,273,60.0,,60.0,0,0,0,,,,0,0,0,1,0,0,0,1,0,0,0,0,1,0
Drew Birchmeier,44356,DI,VANDERBILT,1,100.0,0,333,60.0,60.5,,0,0,1,100.0,100.0,100.0,1,0,0,1,0,0,0,1,1,1,0,0,0,0
Nyles Pinckney,44360,DI,CLEMSON,1,100.0,0,140,60.0,,60.0,0,0,0,,,,0,0,0,1,0,0,0,1,0,0,0,0,1,0
Trevor White,25661,WR,BAYLOR,1,100.0,0,118,60.0,,60.0,0,0,0,,,,0,0,0,1,0,0,0,1,0,0,0,0,1,0
Cody George,25643,TE,BAYLOR,1,100.0,0,118,60.0,,60.0,0,0,0,,,,0,0,0,1,0,0,0,1,0,0,0,0,1,0
Crews Holt,44419,K,MIDDLE TN,1,100.0,0,224,60.0,60.9,,0,0,0,,100.0,,0,0,0,1,0,0,0,1,1,1,0,0,0,0
Dillon Sherman,44461,LB,WASH STATE,1,100.0,0,341,60.0,,60.0,0,0,0,,,,1,0,0,1,0,0,0,1,0,0,0,0,1,0
Melvin Davis,25526,HB,HAWAII,1,50.0,0,180,56.1,,60.0,0,0,0,,,,0,0,0,1,0,0,0,2,0,0,0,0,1,0
Michael Taylor II,44513,ED,ARKANSAS,1,100.0,0,111,60.0,,60.0,0,0,0,,,,2,0,0,1,0,0,0,1,0,0,0,0,1,0
JJ Molson,44576,K,UCLA,1,100.0,0,324,60.0,,60.0,0,0,0,,,,0,0,0,1,0,0,0,1,0,0,0,0,1,0
Raekwon Davis,44582,DI,ALABAMA,1,100.0,0,103,60.0,,60.0,0,0,0,,,,5,0,0,1,0,0,0,1,0,0,0,0,1,0
Tuzar Skipper,44583,ED,TOLEDO,1,100.0,0,316,60.0,,60.0,0,0,0,,,,3,0,0,1,0,0,1,1,0,0,0,0,1,0
Cameron Kaye,44629,LS,TROY,1,100.0,0,318,60.0,60.5,,0,0,1,100.0,100.0,100.0,0,0,0,1,0,0,0,1,1,1,0,0,0,0
Anfernee Jennings,25449,ED,ALABAMA,1,100.0,1,103,60.0,,60.0,0,0,0,,,,5,0,0,1,0,0,0,1,0,0,0,0,1,0
Shawn Featherstone,25441,S,AKRON,1,100.0,0,102,60.0,,60.0,0,0,0,,,,0,0,0,1,0,0,0,1,0,0,0,0,1,0
Zac Everett,44647,P,SO MISS,2,50.0,0,296,47.4,,60.0,0,0,0,,,,0,0,0,1,0,0,0,2,0,0,0,0,1,0
Quinn Nordin,44650,K,MICHIGAN,1,100.0,0,222,60.0,,60.0,0,0,0,,,,0,0,0,1,0,0,0,1,0,0,0,0,1,0
Jose Borregales,44651,K,FIU,2,50.0,0,166,23.6,,60.0,0,0,0,,,,1,0,0,1,0,0,0,2,0,0,0,0,1,0
Oliver Holdenson,25165,P,GA STATE,2,50.0,0,175,60.0,,60.0,0,0,0,,,,0,0,0,1,0,0,0,2,0,0,0,0,1,0
Nate Needham,24901,K,BOWL GREEN,2,50.0,0,122,60.2,,60.0,0,0,0,,,,0,0,0,1,0,0,0,2,0,0,0,0,1,0
Camaron Cheeseman,44692,LS,MICHIGAN,1,100.0,0,222,60.0,,60.0,0,0,0,,,,0,0,0,1,0,0,0,1,0,0,0,0,1,0
Steve Wirtel,44700,LS,IOWA STATE,1,100.0,0,193,60.0,,60.0,0,0,0,,,,0,0,0,1,0,0,0,1,0,0,0,0,1,0
Jake Verity,44709,K,E CAROLINA,1,100.0,0,156,60.0,,60.0,0,0,0,,,,0,0,0,1,0,0,0,1,0,0,0,0,1,0
John Wirtel,24382,LS,KANSAS,1,100.0,0,198,60.0,,60.0,0,0,0,,,,0,0,0,1,0,0,0,1,0,0,0,0,1,0
Paul Lucas,46007,HB,ARIZONA ST,2,20.0,0,110,64.4,72.7,,0,0,1,25.0,25.0,100.0,0,0,0,1,0,0,0,5,1,4,0,0,0,0
Blake Watson,84363,WR,DOMINION,1,25.0,0,263,56.7,,60.0,0,0,0,0.0,0.0,,0,0,0,1,0,0,0,4,0,3,0,0,1,0
Jonathan Carson,23620,DI,C MICHIGAN,1,100.0,0,134,60.0,,60.0,0,0,0,,,,0,0,0,1,0,0,0,1,0,0,0,0,1,0
Nicholai Pitman,44779,LS,BOISE ST,1,100.0,0,120,60.0,,60.0,0,0,0,,,,0,0,0,1,0,0,0,1,0,0,0,0,1,0
John Shannon,44838,LS,NOTRE DAME,1,100.0,0,258,60.0,,60.0,0,0,0,,,,0,0,0,1,0,0,0,1,0,0,0,0,1,0
Travis Malinowski,44842,LS,TEMPLE,1,100.0,0,306,60.0,,60.0,0,0,0,,,,0,0,0,1,0,0,0,1,0,0,0,0,1,0
Michael Pifer,44871,LS,NAVY,1,100.0,0,237,60.0,,60.0,0,0,0,,,,0,0,0,1,0,0,0,1,0,0,0,0,1,0
Jermaine Braddock,84400,WR,S JOSE ST,2,33.3,0,285,57.4,,60.0,0,0,0,0.0,0.0,,0,0,0,1,0,0,0,3,0,2,0,0,1,0
Jacob Westberry,44933,C,FRESNO ST,1,100.0,0,169,60.0,69.0,,0,0,0,,100.0,,0,0,0,1,1,0,0,1,1,1,0,0,0,0
Connor Strachan,44987,LB,BOSTON COL,1,100.0,2,121,60.0,,60.0,0,0,0,,,,3,0,0,1,0,0,0,1,0,0,0,0,1,0
Dru Prox,23093,LB,KANSAS,1,100.0,0,198,60.0,,60.0,0,0,0,,,,0,0,0,1,0,0,0,1,0,0,0,0,1,0
Jalen Preston,84435,WR,TEXAS A&M,1,50.0,0,312,80.4,,60.0,0,0,0,0.0,0.0,,0,0,0,1,0,0,0,2,0,1,0,0,1,0
Caleb Chapman,84441,WR,TEXAS A&M,1,50.0,0,312,58.0,,60.0,0,0,0,0.0,0.0,,0,0,0,1,0,0,0,2,0,1,0,0,1,0
Dajon Emory,22164,ED,ARK STATE,1,100.0,0,113,60.0,,60.0,0,0,0,,,,0,0,0,1,0,0,0,1,0,0,0,0,1,0
Drew Kell,45100,S,OREGON ST,1,100.0,0,265,60.0,60.5,,0,0,1,100.0,100.0,100.0,3,0,0,1,0,0,0,1,1,1,0,0,0,0
Tyler Griffiths,13810,LS,NC STATE,1,100.0,0,248,60.0,63.8,,0,0,1,100.0,100.0,100.0,0,0,0,1,0,0,0,1,1,1,0,0,0,0
Sean Mills,45137,LS,TOLEDO,1,100.0,0,316,60.0,,60.0,0,0,0,,,,0,0,0,1,0,0,0,1,0,0,0,0,1,0
Hunter Andrews,13808,DI,E MICHIGAN,1,100.0,0,160,60.0,,60.0,0,0,0,,,,1,0,0,1,0,0,0,1,0,0,0,0,1,0
Tanner Karafa,13787,DI,BOSTON COL,1,100.0,2,121,60.0,,60.0,0,0,0,,,,3,0,0,1,0,0,0,1,0,0,0,0,1,0
Brandon Pada,45142,LS,UTAH ST,1,100.0,0,329,60.0,,60.0,0,0,0,,,,0,0,0,1,0,0,0,1,0,0,0,0,1,0
Kenedy Snell,169713,HB,TCU,1,11.1,0,305,60.3,,60.0,0,0,0,0.0,0.0,,0,0,0,1,0,0,0,9,0,1,0,0,1,0
Isaac Armstrong,45148,P,NEBRASKA,1,100.0,0,238,60.0,,60.0,0,0,0,,,,0,0,0,1,0,0,0,1,0,0,0,0,1,0
Tucker McCann,45181,K,MISSOURI,1,100.0,0,229,60.0,,60.0,0,0,0,,,,0,0,0,1,0,0,0,1,0,0,0,0,1,0
Patrick Phibbs,45232,LS,CLEMSON,1,100.0,0,140,60.0,,60.0,0,0,0,,,,0,0,0,1,0,0,0,1,0,0,0,0,1,0
Reuben Peters,45243,LB,USC,1,100.0,0,326,60.0,,60.0,0,0,0,,,,1,0,0,1,0,0,0,1,0,0,0,0,1,0
Terrell Burgess,45255,S,UTAH,1,100.0,0,328,60.0,,60.0,0,0,0,,,,0,0,0,1,0,0,0,1,0,0,0,0,1,0
Kamal Martin,12744,LB,MINNESOTA,1,100.0,0,225,60.0,60.5,,0,0,1,100.0,100.0,100.0,1,0,0,1,0,0,0,1,1,1,0,0,0,0
Robert Bullard,12729,CB,AIR FORCE,1,100.0,0,101,60.0,,60.0,0,0,0,,,,0,0,0,1,0,0,0,1,0,0,0,0,1,0
Latrell Williams,40021,WR,TENNESSEE,1,50.0,0,307,59.1,,60.0,0,0,0,0.0,0.0,,0,0,0,1,0,0,0,2,0,1,0,0,1,0
Jackson Winrow,40040,WR,VANDERBILT,1,100.0,0,333,60.0,,60.0,0,0,0,,,,0,0,0,1,0,0,0,1,0,0,0,0,1,0
Cam Miller,40046,QB,ILLINOIS,1,50.0,0,187,55.9,,60.0,0,0,0,,,,0,0,0,1,0,0,0,2,0,0,0,0,1,0
Elijah Drummond,40053,TE,W VIRGINIA,1,100.0,0,343,60.0,,60.0,0,0,0,,,,0,0,0,1,0,0,0,1,0,0,0,0,1,1
Carlin Fils-Aime,39922,WR,TENNESSEE,4,6.3,0,307,48.9,,60.0,0,0,0,0.0,0.0,,0,0,0,1,0,0,0,16,0,8,0,0,1,3
Jonathan Stewart,60202,T,VANDERBILT,1,100.0,0,333,60.0,,60.0,0,0,0,,,,0,0,0,1,0,0,0,1,0,0,0,1,1,0
Tyler Russell,39887,QB,SO MISS,1,100.0,0,296,60.0,,60.0,0,0,0,,,,0,0,0,1,0,0,0,1,0,0,0,0,1,0
