player,player_id,position,team_name,player_game_count,block_percent,declined_penalties,franchise_id,grades_offense,grades_pass_block,grades_run_block,hits_allowed,hurries_allowed,non_spike_pass_block,non_spike_pass_block_percentage,pass_block_percent,pbe,penalties,pressures_allowed,sacks_allowed,snap_counts_block,snap_counts_ce,snap_counts_lg,snap_counts_lt,snap_counts_offense,snap_counts_pass_block,snap_counts_pass_play,snap_counts_rg,snap_counts_rt,snap_counts_run_block,snap_counts_te
Quazzel White,60107,G,UTAH ST,14,100.0,2,329,54.3,66.3,48.9,5,14,562,100.0,100.0,98.0,5,21,2,1097,0,0,0,1097,604,604,1079,17,493,0
Bill Kuduk,59777,T,KENT STATE,14,100.0,0,201,66.4,63.4,66.0,3,18,485,100.0,100.0,97.0,7,25,4,1077,0,0,1072,1077,527,527,0,1,550,2
Evan Neal,99063,T,ALABAMA,15,100.0,0,103,85.8,83.6,80.4,5,8,626,100.0,100.0,98.6,1,15,2,1073,0,0,1071,1073,650,650,0,0,423,1
Loic Ngassam Nya,55442,G,WAKE,14,100.0,1,339,66.3,74.1,65.0,3,10,600,100.0,100.0,98.1,7,18,5,1071,0,131,0,1071,636,636,940,0,435,0
Sean Maginn,55446,G,WAKE,14,100.0,0,339,67.6,58.9,71.5,4,17,599,100.0,100.0,97.7,5,24,3,1070,126,944,0,1070,635,635,0,0,435,0
DeVonte Gordon,98391,T,WAKE,14,100.0,0,339,70.9,71.6,70.3,3,22,597,100.0,100.0,96.7,6,32,7,1068,0,0,0,1068,633,633,0,1068,435,0
Zach Tom,55443,T,WAKE,14,100.0,3,339,84.8,92.1,79.2,2,8,597,100.0,100.0,98.7,8,13,3,1064,0,0,1055,1064,633,633,0,7,431,2
Quantavious Leslie,123456,G,W KENTUCKY,14,100.0,0,346,73.6,82.6,73.3,1,13,732,100.0,100.0,98.8,6,16,2,1054,0,1053,1,1054,777,777,0,0,277,0
Boe Wilson,41394,G,W KENTUCKY,14,100.0,2,346,72.9,87.1,67.6,0,8,732,100.0,100.0,99.3,5,9,1,1054,0,0,1,1054,777,777,1052,0,277,1
Cole Brown,81768,T,N TEXAS,13,100.0,0,251,42.5,32.2,45.3,9,28,431,100.0,100.0,95.2,2,39,2,1054,0,0,1053,1054,463,463,0,0,591,1
Rusty Staats,81941,C,W KENTUCKY,14,100.0,0,346,68.0,76.8,68.6,0,6,732,100.0,100.0,99.6,10,6,0,1054,1054,0,0,1054,777,777,0,0,277,0
Carter Warren,60023,T,PITTSBURGH,14,99.6,1,268,70.7,76.6,67.6,2,18,617,99.4,99.4,97.6,9,25,5,1053,0,0,785,1057,651,655,0,10,402,262
Mason Brooks,81938,T,W KENTUCKY,14,100.0,1,346,73.8,75.7,71.9,1,14,730,100.0,100.0,98.4,7,19,4,1052,0,0,0,1052,775,775,1,1046,277,3
Demytrick Ali'ifua,41289,G,UTAH ST,14,100.0,0,329,53.3,51.8,52.0,11,14,533,100.0,100.0,97.3,4,27,2,1050,50,998,0,1050,574,574,1,0,476,0
Cole Birmingham,99427,T,OKLA STATE,14,100.0,1,262,67.1,66.7,66.6,7,16,494,100.0,100.0,96.7,8,28,5,1047,0,0,975,1047,530,530,71,0,517,1
Javion Cohen,123911,G,ALABAMA,14,100.0,0,103,61.8,49.8,64.9,6,28,605,100.0,100.0,97.2,2,34,0,1047,0,1046,0,1047,628,628,0,0,419,0
Jacob Brammer,59944,T,N TEXAS,13,100.0,1,251,58.1,59.2,57.8,2,22,428,100.0,100.0,97.0,6,25,1,1043,0,0,0,1043,460,460,0,1043,583,0
Nolan Potter,77521,T,N ILLINOIS,14,100.0,0,254,78.0,67.4,76.7,1,10,382,100.0,100.0,98.0,2,13,2,1036,0,0,0,1036,404,404,1,1029,632,6
Alfred Edwards III,60190,T,UTAH ST,13,100.0,0,329,62.1,74.7,51.1,5,14,531,100.0,100.0,98.0,3,20,1,1034,0,0,1033,1034,570,570,0,0,464,1
Brayden Patton,40463,C,N ILLINOIS,14,100.0,0,254,64.1,70.0,62.8,0,2,382,100.0,100.0,99.7,5,2,0,1034,1034,0,0,1034,404,404,0,0,630,0
Manase Mose,59950,C,N TEXAS,13,100.0,0,251,62.2,45.1,69.3,0,7,425,100.0,100.0,99.2,8,7,0,1033,985,0,0,1033,456,456,48,0,577,0
Logan Zschernitz,100262,G,N ILLINOIS,14,100.0,0,254,68.5,61.8,70.1,4,4,379,100.0,100.0,98.9,6,8,0,1029,0,0,0,1029,400,400,1007,1,629,17
Nick Broeker,99084,T,OLE MISS,13,100.0,1,226,68.0,75.6,65.1,2,13,523,100.0,100.0,97.8,10,19,4,1017,0,0,1017,1017,550,550,0,0,467,0
Emil Ekiyor Jr.,81540,G,ALABAMA,15,100.0,0,103,64.9,68.8,64.3,5,18,596,100.0,100.0,98.1,5,23,0,1010,0,0,0,1010,619,619,1009,0,391,0
Marques Cox,77518,T,N ILLINOIS,14,100.0,2,254,68.7,62.1,70.4,3,8,368,100.0,100.0,98.2,10,12,1,1008,0,0,1000,1008,390,390,0,0,618,8
Daizion Carroll,81769,G,N TEXAS,13,100.0,3,251,62.2,39.0,66.5,2,19,413,100.0,100.0,97.5,9,21,0,1005,60,0,0,1005,445,445,945,0,560,0
LaQuinston Sharp,99095,C,MISS STATE,13,100.0,0,227,76.6,83.8,73.8,0,7,746,100.0,100.0,99.3,3,9,2,1002,1002,0,0,1002,786,786,0,0,216,0
Anderson Hardy,81549,T,APP STATE,14,100.0,1,108,56.9,61.6,56.8,4,13,462,100.0,100.0,97.3,7,21,4,990,0,0,987,990,484,484,0,0,506,1
Mark Brooks,41609,T,W MICHIGAN,13,100.0,1,347,73.1,68.3,72.2,4,14,441,100.0,100.0,96.8,5,23,5,989,0,0,0,989,471,471,0,989,518,0
Wesley French,29608,T,W MICHIGAN,13,100.0,5,347,63.7,54.0,69.8,2,26,441,100.0,100.0,95.9,15,32,4,987,0,0,985,987,471,471,0,2,516,0
Kameron Jones,81739,G,MISS STATE,13,100.0,1,227,68.8,78.6,67.4,2,14,733,100.0,100.0,98.5,9,19,3,985,0,863,0,985,773,773,0,122,212,0
Dylan Couch,41390,G,TULSA,13,100.0,2,320,64.2,73.7,63.6,3,7,453,100.0,100.0,98.5,9,12,2,984,0,271,0,984,490,490,713,0,494,0
Cole Spencer,60236,T,W KENTUCKY,13,100.0,0,346,76.9,90.7,63.4,4,6,683,100.0,100.0,99.0,7,12,2,980,0,0,975,980,724,724,0,3,256,1
Chris Owens,40732,T,ALABAMA,15,100.0,2,103,52.7,49.9,53.6,2,40,564,100.0,100.0,95.6,7,46,4,978,103,0,17,978,585,585,0,856,393,2
Mike Caliendo,41446,C,W MICHIGAN,13,100.0,1,347,78.0,77.0,82.7,2,5,439,100.0,100.0,99.2,13,7,0,975,975,0,0,975,468,468,0,0,507,0
Shane Vallot,81704,C,LA LAFAYET,14,100.0,0,207,70.7,67.2,70.7,2,6,452,100.0,100.0,98.7,5,10,2,974,974,0,0,974,473,473,0,0,501,0
Cooper Hodges,81548,T,APP STATE,14,99.9,1,108,80.4,69.8,82.3,4,5,461,99.8,99.8,98.4,5,12,3,973,0,0,0,974,483,484,0,970,490,2
Baer Hunter,44512,C,APP STATE,14,100.0,3,108,79.9,71.8,82.6,0,8,462,100.0,100.0,98.7,8,10,2,972,972,0,0,972,484,484,0,0,488,0
Jamezz Kimbrough,55052,C,C MICHIGAN,13,100.0,0,134,63.7,58.4,65.1,2,16,490,100.0,100.0,97.8,3,20,2,971,971,0,0,971,512,512,0,0,459,0
Gus Hartwig,129814,C,PURDUE,13,100.0,1,273,66.4,71.3,63.0,0,11,610,100.0,100.0,98.4,4,15,4,971,970,0,0,971,640,640,0,0,331,1
Josh Sills,41748,G,OKLA STATE,13,100.0,1,262,74.6,66.6,77.8,4,9,456,100.0,100.0,98.1,6,15,2,969,0,969,0,969,490,490,0,0,479,0
Patrick Paul,101019,T,HOUSTON,14,100.0,0,182,72.7,81.3,67.6,3,12,526,100.0,100.0,98.0,8,18,3,964,0,0,964,964,551,551,0,0,413,0
Tyler Witt,40256,G,PURDUE,13,100.0,0,273,63.3,74.2,57.0,0,14,603,100.0,100.0,98.5,2,16,2,964,0,0,1,964,633,633,962,0,331,1
Gabe Blair,145323,G,N TEXAS,13,100.0,0,251,59.4,60.3,56.9,2,12,386,100.0,100.0,97.9,1,15,1,963,0,963,0,963,414,414,0,0,549,0
Kody Russey,41726,C,HOUSTON,14,100.0,0,182,72.5,80.9,72.2,1,11,526,100.0,100.0,98.7,11,13,1,961,961,0,0,961,551,551,0,0,410,0
Dennis Bardwell,59720,T,HOUSTON,14,100.0,0,182,70.0,72.5,64.2,5,21,524,100.0,100.0,96.4,1,32,6,961,0,0,0,961,549,549,0,961,412,0
Braeden Daniels,81891,T,UTAH,14,100.0,1,328,84.4,65.6,89.1,2,13,445,100.0,100.0,98.1,4,16,1,959,0,146,0,959,473,473,0,813,486,0
Orlando Umana,60185,C,OLE MISS,12,100.0,1,226,69.5,68.0,71.8,0,21,483,100.0,100.0,97.6,8,22,1,957,840,0,0,957,509,509,117,0,448,0
Nick Ford,60183,C,UTAH,14,100.0,0,328,71.9,64.6,73.3,4,6,444,100.0,100.0,98.9,5,10,0,956,749,206,0,956,472,472,1,0,484,0
Brett Neilon,55555,C,USC,12,100.0,0,326,86.2,81.9,87.8,1,9,533,100.0,100.0,99.1,4,10,0,955,955,0,0,955,575,575,0,0,380,0
Alama Uluave,81814,C,S DIEGO ST,14,100.0,0,284,73.4,73.7,72.3,2,2,409,100.0,100.0,99.0,4,6,2,953,953,0,0,953,440,440,0,0,513,0
Jeremy James,98423,T,OLE MISS,13,100.0,1,226,75.9,77.8,73.4,1,10,482,100.0,100.0,98.7,7,12,1,948,0,0,0,948,507,507,0,947,441,0
Michael Jurgens,77345,C,WAKE,13,100.0,0,339,69.7,77.6,65.6,2,7,522,100.0,100.0,98.8,4,11,2,948,948,0,0,948,554,554,0,0,394,0
Nathan Monnin,60930,G,KENT STATE,13,100.0,2,201,71.3,57.8,75.9,1,8,419,100.0,100.0,98.2,9,12,3,943,0,0,0,943,456,456,941,0,487,1
Marcus Minor,59831,G,PITTSBURGH,13,100.0,0,268,67.4,64.7,70.0,1,14,545,100.0,100.0,98.1,5,18,3,939,0,938,0,939,575,575,1,0,364,0
Jacob Gall,55024,C,BAYLOR,14,100.0,1,118,83.3,78.8,83.1,2,5,398,100.0,100.0,99.1,4,7,0,938,938,0,0,938,411,411,0,0,527,0
Spencer Holstege,101600,G,PURDUE,13,100.0,0,273,65.5,71.1,60.7,1,13,583,100.0,100.0,98.5,0,16,2,937,0,935,0,937,612,612,0,0,325,2
Connor Galvin,77450,T,BAYLOR,14,100.0,0,118,80.0,91.2,71.0,1,2,397,100.0,100.0,99.6,1,3,0,936,0,0,936,936,410,410,0,0,526,0
Zach Whaley,77504,T,KENT STATE,13,100.0,4,201,64.1,57.0,67.1,5,12,423,100.0,100.0,96.6,6,23,6,935,0,1,1,935,457,457,0,931,478,0
Cam Reddy,77340,C,COLO STATE,12,100.0,0,144,63.7,67.7,62.1,4,12,478,100.0,100.0,97.9,3,18,2,935,935,0,0,935,495,495,0,0,440,0
Javon Foster,81748,T,MISSOURI,13,100.0,3,229,80.9,69.6,82.8,3,14,482,100.0,100.0,97.8,7,19,2,934,0,0,930,934,514,514,0,0,420,4
Michael Maietti,40939,C,MISSOURI,13,100.0,0,229,89.1,82.0,90.9,3,4,482,100.0,100.0,98.9,5,9,2,934,934,0,0,934,514,514,0,0,420,0
Tank Jenkins,81860,G,HOUSTON,14,100.0,0,182,60.1,59.8,57.5,1,15,505,100.0,100.0,97.2,5,22,6,932,0,0,0,932,527,527,932,0,405,0
Brandon Crenshaw-Dickson,101241,T,S DIEGO ST,14,100.0,0,284,64.5,75.6,59.2,3,12,403,100.0,100.0,97.9,5,16,1,932,0,0,0,932,434,434,0,931,498,0
T.J. Bass,131703,T,OREGON,14,100.0,0,264,86.0,74.0,90.5,0,12,450,100.0,100.0,98.2,5,14,2,931,0,431,500,931,474,474,0,0,457,0
Jake Fuzak,44882,T,BUFFALO,12,100.0,0,126,73.3,75.1,70.1,4,4,402,100.0,100.0,98.5,6,10,2,931,0,0,929,931,440,440,0,0,491,2
Ryan Hayes,84003,T,MICHIGAN,14,100.0,0,222,66.7,64.6,64.4,5,19,405,100.0,100.0,96.3,2,27,3,928,0,0,920,928,427,427,0,0,501,8
Andrew Stueber,59856,T,MICHIGAN,14,100.0,1,222,71.5,81.2,65.0,3,7,405,100.0,100.0,98.5,4,11,1,927,0,0,6,927,427,427,0,921,500,0
Juice Scruggs,81800,G,PENN STATE,13,100.0,1,266,67.5,66.4,68.2,4,16,555,100.0,100.0,97.8,4,22,2,926,239,0,0,926,580,580,685,2,346,0
Leroy Thomas,81786,G,DOMINION,13,100.0,0,263,63.7,58.1,65.2,4,23,467,100.0,100.0,96.3,5,31,4,924,0,20,0,924,484,484,904,0,440,0
Nick Saldiveri,81785,T,DOMINION,13,100.0,1,263,80.5,77.8,77.3,2,13,466,100.0,100.0,97.3,1,20,5,924,0,0,0,924,483,483,20,896,441,8
Andrew Vastardis,41627,C,MICHIGAN,14,100.0,0,222,75.9,68.9,79.2,5,12,405,100.0,100.0,97.7,5,18,1,923,923,0,0,923,427,427,0,0,496,0
Darnell Wright,98480,T,TENNESSEE,13,100.0,2,307,62.7,59.9,64.0,1,13,465,100.0,100.0,97.8,10,17,3,922,0,0,920,922,495,495,0,2,427,0
William Dunkle,81815,G,S DIEGO ST,14,100.0,3,284,95.2,73.3,98.8,1,9,401,100.0,100.0,98.8,8,10,0,920,0,0,0,920,429,429,919,0,491,0
Charles Cross,98401,T,MISS STATE,12,100.0,2,227,86.6,84.7,87.2,0,14,680,100.0,100.0,98.7,9,16,2,919,0,0,919,919,719,719,0,0,200,0
Kohl Levao,75850,C,HAWAII,13,100.0,0,180,64.8,69.7,63.3,3,14,556,100.0,100.0,98.1,6,19,2,919,849,70,0,919,584,584,0,0,335,0
Jarrett Patterson,81775,C,NOTRE DAME,13,100.0,2,258,79.7,85.4,82.7,1,11,502,100.0,100.0,98.8,12,12,0,918,918,0,0,918,526,526,0,0,392,0
Sam Allan,59782,C,KENT STATE,14,100.0,0,201,60.4,65.5,60.1,2,4,396,100.0,100.0,98.7,7,8,2,918,884,0,15,918,429,429,19,0,489,0
Paiton Fears,98700,T,ARIZONA,12,100.0,0,109,61.9,65.6,57.3,2,19,533,100.0,100.0,96.9,3,27,6,915,0,0,0,915,567,567,0,911,348,0
Josh McCauley,40870,C,ARIZONA,12,100.0,2,109,69.6,79.5,65.3,3,11,531,100.0,100.0,98.5,5,15,1,912,860,0,52,912,565,565,0,0,347,0
Ilm Manning,75852,T,HAWAII,13,99.9,2,180,65.9,64.9,65.5,6,28,552,99.8,99.8,96.0,4,39,5,912,0,0,906,913,578,579,0,0,334,6
Brian Dooley,77531,T,E MICHIGAN,13,100.0,0,160,68.6,63.9,68.0,6,8,528,100.0,100.0,98.1,1,17,3,911,0,0,0,911,544,544,0,911,367,0
Marcellus Johnson,77529,T,E MICHIGAN,13,100.0,0,160,66.4,70.7,59.3,4,13,524,100.0,100.0,97.4,1,22,5,911,0,0,911,911,540,540,0,0,371,0
Olusegun Oluwatimi,98581,C,VIRGINIA,12,100.0,1,335,80.0,75.3,90.2,5,12,630,100.0,100.0,98.2,9,20,3,910,910,0,0,910,664,664,0,0,246,0
Gene Pryor,75851,T,HAWAII,13,100.0,0,180,74.9,79.0,71.4,3,19,546,100.0,100.0,96.9,6,28,6,910,0,0,0,910,574,574,0,910,336,0
Hunter Woodard,77544,G,OKLA STATE,12,100.0,2,262,71.8,84.5,69.0,3,2,425,100.0,100.0,98.9,5,7,2,909,0,0,0,909,457,457,909,0,452,0
Isaac Weaver,41945,C,DOMINION,13,100.0,1,263,54.6,58.1,53.0,3,9,460,100.0,100.0,98.0,7,15,3,909,662,73,171,909,477,477,3,0,432,0
Tyler Smith,98385,T,TULSA,12,100.0,3,320,92.3,75.3,93.9,2,5,412,100.0,100.0,98.7,16,9,2,909,0,0,908,909,446,446,0,0,463,1
Tyler Linderbaum,82291,C,IOWA,14,100.0,0,192,95.4,79.8,96.6,2,4,435,100.0,100.0,99.1,0,7,1,908,908,0,0,908,457,457,0,0,451,0
Justin Chase,40005,T,E CAROLINA,12,100.0,0,156,50.1,32.4,58.0,5,17,471,100.0,100.0,96.4,1,28,6,904,0,0,800,904,495,495,0,104,409,0
Tyler Orsini,101264,C,NEVADA,13,100.0,0,239,63.9,61.5,64.4,4,21,608,100.0,100.0,97.1,3,30,5,904,904,0,0,904,645,645,0,0,259,0
Andre Harris Jr.,58501,T,ARK STATE,12,99.9,1,113,75.3,85.2,62.3,1,13,602,100.0,99.8,98.3,3,17,3,904,0,0,904,905,633,634,0,0,271,1
Sataoa Laumea,100525,G,UTAH,13,100.0,1,328,68.2,56.5,72.0,6,15,412,100.0,100.0,97.2,6,22,1,903,0,0,0,903,436,436,903,0,467,0
Justin Osborne,99071,G,SMU,12,100.0,0,287,60.8,61.7,57.5,1,23,507,100.0,100.0,97.2,1,26,2,902,0,1,0,902,531,531,775,126,371,0
Cain Madden,41602,G,NOTRE DAME,13,100.0,0,258,78.3,61.0,84.1,6,13,488,100.0,100.0,97.8,2,20,1,902,0,0,0,902,512,512,902,0,390,0
Andrew Vorhees,60818,G,USC,12,100.0,0,326,90.1,90.7,90.5,2,11,504,100.0,100.0,98.7,3,13,0,902,0,500,402,902,544,544,0,0,358,0
Spencer Anderson,81719,T,MARYLAND,13,100.0,2,215,64.4,86.6,55.3,0,9,516,100.0,100.0,98.9,4,10,1,902,316,0,0,902,541,541,7,578,361,1
Aaron Frost,82350,T,NEVADA,13,100.0,0,239,68.0,55.2,84.7,8,32,604,100.0,100.0,96.0,12,44,4,900,0,0,0,900,642,642,6,894,258,0
Ben Dooley,101247,G,BOISE ST,12,100.0,0,120,70.0,43.3,80.0,10,11,463,100.0,100.0,96.9,5,25,4,900,0,0,3,900,488,488,610,285,412,2
Mason Lunsford,98422,G,MARYLAND,13,100.0,0,215,63.7,58.8,64.5,1,11,512,100.0,100.0,98.0,6,16,4,899,0,899,0,899,534,534,0,0,365,0
Zion Nelson,98239,T,MIAMI FL,12,100.0,0,220,73.3,85.3,65.0,3,9,533,100.0,100.0,98.3,5,15,3,898,0,0,892,898,568,568,0,0,330,5
James Gmiter,76932,G,W VIRGINIA,13,100.0,0,343,68.8,73.6,66.0,5,12,504,100.0,100.0,97.9,1,19,2,897,13,881,0,897,528,528,2,0,369,1
Nathan Eldridge,45657,C,OREGON ST,13,100.0,0,265,81.6,61.1,86.4,3,10,389,100.0,100.0,98.3,4,13,0,896,896,0,0,896,417,417,0,0,479,0
Joshua Gray,98252,T,OREGON ST,13,100.0,1,265,77.5,53.5,85.9,8,17,389,100.0,100.0,96.3,6,27,2,896,0,0,896,896,417,417,0,0,479,0
Jerome Carvin,81852,G,TENNESSEE,13,100.0,0,307,51.6,52.0,52.8,2,7,447,100.0,100.0,99.0,9,9,0,896,442,454,0,896,475,475,0,0,421,0
AJ Gillie,98043,G,LA LAFAYET,14,100.0,0,207,85.3,68.2,88.0,3,8,407,100.0,100.0,98.4,1,12,1,896,0,895,0,896,426,426,1,0,470,0
Bernhard Raimann,77948,T,C MICHIGAN,12,100.0,1,134,94.6,88.7,94.6,3,6,456,100.0,100.0,98.8,4,10,1,895,0,1,890,895,475,475,0,0,420,3
Zach Frazier,123419,C,W VIRGINIA,13,100.0,0,343,77.5,76.4,79.0,4,7,501,100.0,100.0,98.7,4,12,1,895,895,0,0,895,524,524,0,0,371,0
Liam Shanahan,108697,C,LSU,13,100.0,1,211,65.5,79.7,60.4,1,9,514,100.0,100.0,98.6,5,12,2,895,895,0,0,895,533,533,0,0,362,0
Alex Akingbulu,40634,T,FRESNO ST,13,100.0,2,169,68.6,72.8,67.2,1,17,543,100.0,100.0,97.8,6,21,3,895,0,0,0,895,571,571,0,895,324,0
Adam Korutz,44467,G,COLO STATE,12,100.0,1,144,58.9,56.8,56.8,4,13,465,100.0,100.0,97.3,2,21,4,894,0,0,0,894,482,482,889,0,412,0
Sidy Sow,59675,G,E MICHIGAN,13,100.0,0,160,79.0,73.0,80.4,2,6,522,100.0,100.0,98.7,2,11,3,894,0,885,9,894,537,537,0,0,357,0
Myron Cunningham,33168,T,ARKANSAS,13,100.0,0,111,70.6,69.5,69.3,4,9,370,100.0,100.0,97.4,4,16,3,894,0,0,891,894,389,389,0,0,505,1
Jack Wohlabaugh,41710,C,DUKE,12,100.0,0,154,78.0,76.7,78.1,2,3,439,100.0,100.0,99.2,6,6,1,893,893,0,0,893,466,466,0,0,427,0
Pat Bartlett,55191,G,GA STATE,13,100.0,0,175,66.4,56.8,68.2,3,8,362,100.0,100.0,98.2,5,12,1,892,0,0,0,892,380,380,890,0,512,0
Travis Glover,81658,T,GA STATE,13,100.0,2,175,63.7,54.1,65.1,5,6,362,100.0,100.0,97.7,5,14,3,892,0,76,816,892,380,380,0,0,512,0
Will Ulmer,41256,T,MARSHALL,13,100.0,2,214,78.1,73.5,81.5,3,13,500,100.0,100.0,97.8,7,19,3,891,0,0,891,891,522,522,0,0,369,0
Brady Latham,99068,G,ARKANSAS,13,100.0,0,111,69.8,81.7,67.4,2,7,369,100.0,100.0,98.5,3,10,1,890,0,860,1,890,388,388,0,28,502,1
Alex Mollette,40437,C,MARSHALL,13,100.0,0,214,77.3,83.4,73.4,0,0,500,100.0,100.0,100.0,2,0,0,890,890,0,0,890,522,522,0,0,368,0
Malik Sumter,55194,C,GA STATE,13,100.0,1,175,74.4,59.3,76.1,1,2,362,100.0,100.0,99.0,2,5,2,889,839,50,0,889,380,380,0,0,509,0
Matt Dale,98648,T,MEMPHIS,12,100.0,0,218,60.0,60.8,65.7,4,26,512,100.0,100.0,96.5,10,33,3,885,0,0,0,885,549,549,0,885,336,0
Nous Keobounnam,41631,G,OREGON ST,13,100.0,0,265,72.0,66.6,74.7,2,13,385,100.0,100.0,98.1,6,15,0,885,0,0,0,885,413,413,885,0,472,0
Barry Wesley,52018,T,COLO STATE,12,100.0,0,144,72.8,61.0,76.1,4,14,454,100.0,100.0,97.8,2,19,1,884,0,193,418,884,471,471,19,254,413,0
Ahofitu Maka,100803,C,UTSA,14,100.0,2,331,60.4,57.1,64.4,3,15,435,100.0,100.0,97.7,8,19,1,884,884,0,0,884,471,471,0,0,413,0
Marcus McKethan,60811,G,N CAROLINA,13,100.0,1,245,76.1,86.3,71.8,1,7,482,100.0,100.0,98.8,5,10,2,884,0,0,0,884,514,514,884,0,370,0
Conner Olson,41504,G,MINNESOTA,13,100.0,1,225,76.3,79.9,74.3,1,3,299,100.0,100.0,99.0,2,5,1,883,41,840,0,883,325,325,0,0,558,1
Johnathan Bass,83920,T,GA STATE,13,100.0,0,175,59.7,46.3,63.6,4,17,360,100.0,100.0,94.9,2,29,8,882,0,0,0,882,377,377,2,872,505,1
Mike Van Hoeven,41296,C,E MICHIGAN,12,100.0,0,160,77.8,71.8,78.8,2,10,509,100.0,100.0,97.8,2,17,5,882,882,0,0,882,524,524,0,0,358,0
Dylan Parham,60953,G,MEMPHIS,12,100.0,0,218,78.8,84.5,79.2,2,8,509,100.0,100.0,99.0,4,10,0,881,0,0,0,881,545,545,881,0,336,0
Jack Klenk,45097,G,BUFFALO,12,100.0,0,126,56.7,62.8,54.3,5,8,380,100.0,100.0,97.8,3,15,2,881,0,127,0,881,415,415,754,0,466,0
Sedrick Van Pran-Granger,124042,C,GEORGIA,15,100.0,0,173,70.0,76.7,68.5,0,8,410,100.0,100.0,98.8,5,9,1,881,881,0,0,881,437,437,0,0,444,0
Sam Schlueter,41640,T,MINNESOTA,13,99.7,0,225,61.4,60.4,59.8,3,11,296,99.0,99.1,96.6,4,17,3,880,0,0,728,883,322,325,0,0,558,154
Brandon Yates,99423,T,W VIRGINIA,13,100.0,0,343,60.5,56.8,60.2,10,17,492,100.0,100.0,96.4,3,31,4,880,0,2,877,880,516,516,0,0,364,1
David Redding,59849,G,MIAMI OH,13,100.0,1,221,58.8,36.1,65.0,4,14,484,100.0,100.0,97.9,6,19,1,880,0,0,0,880,514,514,880,0,366,0
Max Mitchell,81707,T,LA LAFAYET,13,100.0,0,207,94.8,82.5,95.0,1,9,410,100.0,100.0,98.0,0,13,3,879,0,0,17,879,430,430,0,859,449,2
Mose Vavao,74174,G,FRESNO ST,13,100.0,1,169,55.6,61.9,49.1,1,15,533,100.0,100.0,98.5,2,16,0,879,11,422,0,879,561,561,445,0,318,1
Reid Holskey,130520,T,MIAMI OH,13,100.0,0,221,65.6,44.1,76.3,8,11,483,100.0,100.0,97.6,2,21,2,879,0,0,0,879,513,513,0,879,366,0
Johari Branch,63466,G,MARYLAND,13,100.0,1,215,61.4,72.6,59.4,0,7,498,100.0,100.0,99.1,5,8,1,879,11,26,0,879,523,523,842,0,356,0
Sam Vaughan,74188,T,MIAMI OH,13,99.9,1,221,43.1,19.3,61.5,5,30,484,100.0,99.8,95.6,10,39,4,879,0,0,880,880,513,514,0,0,366,0
Navaughn Donaldson,59848,G,MIAMI FL,12,100.0,1,220,65.9,74.3,61.3,1,10,520,100.0,100.0,98.7,5,12,1,877,10,722,0,877,555,555,145,0,322,0
John Ojukwu,58530,T,BOISE ST,12,100.0,0,120,70.1,81.6,60.1,3,13,459,100.0,100.0,97.4,1,20,4,875,0,0,869,875,484,484,3,0,391,3
Zach Thomas,43641,T,S DIEGO ST,13,99.7,0,284,87.2,73.7,89.6,2,8,382,99.2,99.3,97.9,3,13,3,875,0,0,858,878,412,415,0,0,463,19
Owen Drexel,60019,C,PITTSBURGH,12,100.0,1,268,58.7,59.7,57.2,1,17,511,100.0,100.0,98.0,4,19,1,874,874,0,0,874,541,541,0,0,333,0
Avery Jones,77352,C,E CAROLINA,12,100.0,0,156,59.6,61.2,61.3,3,13,457,100.0,100.0,97.6,7,19,3,874,874,0,0,874,478,478,0,0,396,0
Hawk Wimmer,104200,G,AIR FORCE,13,100.0,0,101,76.0,70.1,75.6,1,3,125,100.0,100.0,98.4,3,4,0,873,0,0,0,873,128,128,872,0,745,0
Gabe Wallace,77535,G,BUFFALO,12,100.0,1,126,67.4,64.8,66.5,2,12,388,100.0,100.0,97.9,2,15,1,873,0,774,2,873,423,423,0,97,450,0
Ricky Stromberg,99066,C,ARKANSAS,13,100.0,0,111,76.3,72.3,78.9,2,7,363,100.0,100.0,97.9,8,12,3,873,872,1,0,873,382,382,0,0,491,0
Scott Lashley,40723,T,MISS STATE,12,100.0,5,227,56.8,63.6,60.4,5,23,648,100.0,100.0,96.8,16,35,7,872,0,0,0,872,680,680,0,872,192,0
Kingsley Eguakun,98248,C,FLORIDA,13,100.0,2,163,60.9,70.4,61.6,2,11,438,100.0,100.0,98.5,12,13,0,870,870,0,0,870,454,454,0,0,416,0
Justin Shaffer,59703,G,GEORGIA,15,100.0,1,173,71.7,55.2,76.8,1,15,411,100.0,100.0,97.1,6,20,4,869,0,869,0,869,438,438,0,0,431,0
Jacob Gideon,72705,G,W MICHIGAN,13,100.0,0,347,77.6,83.7,80.6,1,4,390,100.0,100.0,98.6,12,8,3,867,12,718,0,867,418,418,137,0,449,0
Rusty Feth,53571,C,MIAMI OH,13,100.0,0,221,69.1,48.6,76.3,1,12,483,100.0,100.0,98.0,4,16,3,866,866,0,0,866,512,512,0,0,354,0
Jordan McFadden,77578,T,CLEMSON,13,100.0,0,140,87.4,84.7,84.9,0,8,409,100.0,100.0,98.8,3,9,1,866,0,0,864,866,435,435,0,1,431,0
Trevor Downing,77472,G,IOWA STATE,13,100.0,0,193,72.9,79.5,73.2,0,8,497,100.0,100.0,99.2,8,8,0,865,62,803,0,865,524,524,0,0,341,0
Chris Glaser,62780,G,VIRGINIA,12,100.0,0,335,72.3,69.2,74.6,0,15,593,100.0,100.0,98.1,1,19,4,864,6,0,0,864,624,624,857,1,240,0
Liam Jimmons,44413,G,USC,12,100.0,0,326,80.3,80.6,83.4,1,9,474,100.0,100.0,98.9,7,10,0,863,0,0,0,863,513,513,863,0,350,0
Walker Parks,122156,T,CLEMSON,13,100.0,0,140,75.8,59.2,79.4,1,21,407,100.0,100.0,96.3,2,26,4,862,0,0,0,862,431,431,0,860,431,1
Javontez Spraggins,124299,G,TENNESSEE,12,100.0,0,307,63.0,56.4,63.2,3,13,442,100.0,100.0,96.8,5,22,6,861,0,0,0,861,472,472,861,0,389,0
Darrell Simmons Jr.,99441,G,IOWA STATE,13,100.0,1,193,59.4,60.8,59.6,0,13,496,100.0,100.0,98.7,6,13,0,861,0,0,0,861,523,523,861,0,338,0
Luke Wypler,129764,C,OHIO STATE,13,100.0,0,260,79.6,75.7,84.1,1,7,493,100.0,100.0,99.2,8,8,0,860,860,0,0,860,516,516,0,0,344,0
Grant Miller,60200,G,BAYLOR,14,100.0,0,118,67.4,69.9,66.1,4,4,359,100.0,100.0,98.9,2,8,0,860,0,0,0,860,372,372,860,0,488,0
Sean Rhyan,72009,T,UCLA,12,99.8,0,324,83.9,75.5,86.1,3,9,424,99.5,99.6,98.3,6,13,1,860,0,1,776,862,451,453,2,0,409,82
Kyle Hergel,87427,G,TEXAS ST,12,100.0,0,314,86.2,81.8,88.6,2,6,449,100.0,100.0,98.9,2,9,1,859,0,4,0,859,477,477,855,0,382,0
Derek Schweiger,59750,T,IOWA STATE,13,100.0,0,193,67.1,66.9,66.1,4,16,490,100.0,100.0,96.9,4,25,5,856,0,0,0,856,517,517,0,849,339,2
Dre Doiron,130405,T,BUFFALO,12,100.0,1,126,57.6,26.0,70.8,6,27,364,100.0,100.0,94.6,3,36,3,855,0,0,0,855,399,399,0,853,456,2
Abraham Delfin,59808,C,LA TECH,12,100.0,0,208,61.0,55.8,62.9,1,12,481,100.0,100.0,98.2,3,15,2,855,855,0,0,855,506,506,0,0,349,0
Nick Krimin,41825,C,RUTGERS,13,100.0,1,278,56.0,68.9,49.4,5,7,422,100.0,100.0,98.6,1,12,0,855,678,11,0,855,438,438,165,0,417,0
Jarrett Kingston,81933,G,WASH STATE,13,100.0,0,341,60.5,74.9,53.0,0,17,501,100.0,100.0,97.9,2,19,2,854,0,785,67,854,516,516,0,0,338,0
Keegan Cryder,57110,C,WYOMING,13,100.0,0,351,85.5,66.8,88.2,1,9,363,100.0,100.0,98.6,1,10,0,854,854,0,0,854,376,376,0,0,478,0
Caleb Chandler,59814,G,LOUISVILLE,13,100.0,1,210,87.7,86.0,88.9,1,6,422,100.0,100.0,99.2,4,7,0,853,0,853,0,853,443,443,0,0,410,0
Bamidele Olaseni,98669,T,UTAH,14,100.0,1,328,77.0,66.6,79.7,4,9,372,100.0,100.0,98.3,7,13,0,852,0,0,813,852,398,398,0,38,454,0
Bence Polgar,98083,C,BUFFALO,12,100.0,0,126,50.0,68.8,44.3,0,8,370,100.0,100.0,98.9,2,8,0,852,852,0,0,852,401,401,0,0,451,0
Brad Cecil,86862,C,USF,12,100.0,0,327,63.1,70.6,61.3,2,5,419,100.0,100.0,98.7,5,9,2,851,851,0,0,851,440,440,0,0,411,0
Bula Schmidt,97646,C,FRESNO ST,13,100.0,2,169,59.9,48.7,66.7,4,8,504,100.0,100.0,97.6,7,18,6,850,605,57,0,850,530,530,188,0,320,0
Warren McClendon Jr.,99081,T,GEORGIA,15,100.0,0,173,75.4,75.1,72.4,2,6,401,100.0,100.0,99.0,3,8,0,850,0,0,0,850,427,427,0,850,423,0
Eric Douglas,60061,C,S CAROLINA,13,100.0,0,289,51.1,50.6,52.8,2,13,430,100.0,100.0,97.8,6,17,2,849,849,0,0,849,452,452,0,0,397,0
Caedan Wallace,98427,T,PENN STATE,13,100.0,1,266,53.6,56.4,49.2,4,26,511,100.0,100.0,96.1,3,35,5,849,0,0,0,849,536,536,0,845,313,0
Shea Baker,52215,C,RICE,12,100.0,1,275,70.1,64.1,72.8,1,6,400,100.0,100.0,98.6,7,9,2,849,664,0,0,849,426,426,184,0,423,0
Luke Fortner,42028,C,KENTUCKY,13,100.0,0,202,85.0,82.8,84.5,1,2,417,100.0,100.0,99.2,3,5,2,848,848,0,0,848,429,429,0,0,419,0
Frank Crum,75860,T,WYOMING,13,100.0,0,351,71.2,68.5,71.4,2,13,363,100.0,100.0,96.8,4,19,4,847,0,0,0,847,376,376,0,847,471,0
Demetris Harris,52295,G,USF,12,100.0,0,327,60.0,83.7,51.7,2,2,419,100.0,100.0,99.3,0,5,1,847,0,847,0,847,440,440,0,0,407,0
Jovaughn Gwyn,81839,G,S CAROLINA,13,100.0,0,289,65.2,63.4,66.8,5,16,428,100.0,100.0,96.6,6,25,4,846,0,1,0,846,450,450,845,0,396,0
Lance Robinson,121819,T,MIDDLE TN,13,100.0,0,224,67.5,58.5,69.7,3,19,470,100.0,100.0,97.7,3,22,0,846,0,0,129,846,495,495,0,709,351,7
Tyden Ferris,77381,G,C MICHIGAN,13,100.0,0,134,64.2,47.3,66.3,2,18,414,100.0,100.0,97.1,3,22,2,845,10,832,0,845,435,435,0,2,410,0
Samuel Jackson,55403,T,UCF,13,100.0,0,323,65.2,71.2,60.4,0,12,430,100.0,100.0,97.7,3,16,4,844,0,0,0,844,449,449,0,836,395,4
Lokahi Pauole,98548,G,UCF,13,100.0,0,323,64.1,80.6,60.0,1,7,430,100.0,100.0,98.6,3,10,2,844,0,0,1,844,449,449,842,0,395,0
Xavier Newman,58525,G,BAYLOR,14,100.0,2,118,78.0,83.2,75.8,0,5,362,100.0,100.0,99.3,2,5,0,843,0,806,0,843,375,375,37,0,468,0
Dylan Deatherage,60242,G,W MICHIGAN,12,100.0,1,347,70.9,61.2,72.2,2,11,387,100.0,100.0,98.1,2,14,1,843,0,0,0,843,409,409,843,0,434,0
Elijah Klein,81912,G,UTEP,13,100.0,1,330,76.3,73.3,78.8,3,7,393,100.0,100.0,98.7,5,10,0,843,0,0,0,843,422,422,843,0,421,0
Isaiah Helms,104720,G,APP STATE,13,100.0,1,108,72.8,64.2,75.0,4,5,406,100.0,100.0,98.9,2,9,0,842,0,0,0,842,427,427,840,0,415,0
Ivory Scott,98699,G,ARK STATE,12,100.0,0,113,62.8,68.7,59.4,3,14,553,100.0,100.0,97.9,4,20,3,841,0,461,1,841,584,584,379,0,257,0
Marcus Tatum,41437,T,UCF,13,99.6,0,323,69.2,80.8,60.2,1,10,427,99.3,99.3,98.2,6,13,2,841,0,0,794,844,446,449,0,0,395,42
Eric Wilson,108531,G,PENN STATE,13,100.0,0,266,64.3,67.6,60.6,0,15,504,100.0,100.0,98.1,0,17,2,840,11,825,0,840,527,527,2,0,313,1
Josh Burger,51610,G,TEXAS TECH,13,100.0,1,315,58.3,71.7,53.7,2,10,443,100.0,100.0,98.2,3,14,2,840,123,0,0,840,468,468,717,0,372,0
Chris Martinez,60046,G,S DIEGO ST,13,100.0,0,284,68.6,70.0,69.0,1,6,356,100.0,100.0,97.9,6,11,4,839,0,838,0,839,382,382,0,0,457,0
Tyler Steen,81921,T,VANDERBILT,12,100.0,1,333,66.0,59.9,68.7,0,10,466,100.0,100.0,97.9,5,15,5,838,0,0,835,838,490,490,0,1,348,1
John Michael Schmitz Jr.,55238,C,MINNESOTA,13,100.0,0,225,88.5,81.3,87.5,0,5,291,100.0,100.0,99.1,3,5,0,837,836,0,0,837,317,317,0,0,520,0
Desmond Noel,41776,G,FAU,12,100.0,0,165,67.8,64.9,67.4,0,14,446,100.0,100.0,97.3,3,19,5,836,0,835,0,836,467,467,0,0,369,1
Richard Gouraige,81635,T,FLORIDA,12,100.0,0,163,64.4,71.5,59.1,7,9,420,100.0,100.0,97.6,3,18,2,836,0,0,836,836,435,435,0,0,401,0
Nick Weber,59684,C,FAU,12,100.0,0,165,70.9,74.5,70.5,2,8,446,100.0,100.0,98.2,4,13,3,835,835,0,0,835,466,466,0,0,369,0
Daniel Faalele,81734,T,MINNESOTA,13,99.9,0,225,82.3,76.6,78.9,2,5,275,100.0,100.0,98.4,4,8,1,835,0,0,0,836,300,300,0,834,535,0
Ashton Gist,122182,G,CHARLOTTE,12,100.0,2,136,57.6,47.1,61.5,3,18,426,100.0,100.0,97.3,8,22,1,835,67,0,0,835,460,460,767,1,375,0
Charlie Schmidt,81772,G,NWESTERN,12,100.0,0,256,68.8,47.7,74.6,7,11,417,100.0,100.0,97.1,4,21,3,835,258,0,0,835,437,437,577,0,398,0
Keydrell Lewis,154704,T,LA MONROE,12,100.0,0,209,37.7,14.6,49.1,7,24,416,100.0,100.0,95.1,3,36,5,834,0,99,0,834,446,446,0,735,388,0
Hayden Howerton,60052,G,SMU,12,100.0,0,287,70.3,77.2,66.9,2,6,471,100.0,100.0,98.9,1,9,1,834,26,691,1,834,492,492,116,0,342,0
Matthew Bedford,101579,G,INDIANA,12,100.0,0,190,64.9,68.3,65.1,5,10,447,100.0,100.0,97.7,4,18,3,834,0,178,29,834,475,475,552,75,359,0
Tyran Walker-Hunt,59834,G,DOMINION,13,100.0,1,263,63.1,50.7,66.6,3,9,422,100.0,100.0,96.9,5,19,7,834,0,834,0,834,438,438,0,0,396,0
X'Zauvea Gadlin,77580,G,TULSA,13,100.0,0,320,63.5,77.6,58.0,1,7,369,100.0,100.0,98.6,2,9,1,833,107,642,1,833,398,398,74,0,435,9
Ethan Miner,98068,G,ARK STATE,11,100.0,0,113,60.2,68.1,52.1,8,18,559,100.0,100.0,97.3,0,28,2,831,383,447,0,831,590,590,0,0,241,1
Cole Schneider,55401,G,UCF,13,100.0,0,323,67.9,80.5,62.5,1,2,428,100.0,100.0,99.6,3,3,0,830,137,693,0,830,444,444,0,0,386,0
Gerard Wheeler,76561,C,TULSA,13,100.0,3,320,69.1,63.6,72.3,3,4,392,100.0,100.0,98.6,7,9,2,829,829,0,0,829,420,420,0,0,409,0
Terrell Haynes,81913,G,UTSA,14,100.0,1,331,56.3,49.4,56.2,2,15,398,100.0,100.0,97.4,2,19,2,829,0,431,0,829,431,431,398,0,398,0
Peter Skoronski,129737,T,NWESTERN,12,100.0,0,256,83.8,84.3,78.2,6,12,416,100.0,100.0,97.4,3,20,2,828,0,0,828,828,436,436,0,0,392,0
Tyler Beach,60252,T,WISCONSIN,13,100.0,0,349,69.1,32.2,81.2,8,13,313,100.0,100.0,95.7,4,24,3,827,0,0,823,827,329,329,0,4,498,0
Brandon Kipper,52054,T,OREGON ST,13,100.0,1,265,80.1,64.5,84.9,2,16,361,100.0,100.0,97.2,6,19,1,826,0,0,0,826,387,387,0,826,439,0
Darian Kinnard,51789,T,KENTUCKY,13,100.0,0,202,91.9,87.8,91.8,2,4,402,100.0,100.0,99.0,4,7,1,825,0,0,0,825,414,414,0,822,411,3
Blaise Andries,55233,G,MINNESOTA,13,100.0,0,225,85.6,80.7,83.9,2,5,273,100.0,100.0,98.7,1,7,0,825,0,0,152,825,296,296,621,50,529,1
Logan Langemeier,108708,C,GA SOUTHRN,12,100.0,0,174,64.3,63.9,65.8,4,7,327,100.0,100.0,98.0,6,12,1,825,825,0,0,825,341,341,0,0,484,0
LaDarius Henderson,98275,G,ARIZONA ST,13,100.0,0,110,70.8,78.3,68.5,1,7,398,100.0,100.0,98.7,3,9,1,823,0,823,0,823,413,413,0,0,410,0
Grant Gibson,57005,C,NC STATE,12,100.0,1,248,67.6,69.9,74.8,3,14,477,100.0,100.0,97.8,13,19,2,823,823,0,0,823,501,501,0,0,322,0
Kellen Diesch,41750,T,ARIZONA ST,13,100.0,1,110,87.2,89.4,84.3,0,6,398,100.0,100.0,98.7,8,8,2,823,0,0,821,823,413,413,0,0,410,2
Ben Scott,98398,T,ARIZONA ST,13,100.0,0,110,73.9,59.7,82.1,6,27,398,100.0,100.0,95.1,9,36,3,822,0,0,0,822,413,413,0,820,409,2
Bryce Harris,36827,C,TOLEDO,13,100.0,1,316,68.5,53.3,79.4,3,15,432,100.0,100.0,97.5,11,20,2,821,821,0,0,821,468,468,0,0,353,0
Nick Brahms,58514,C,AUBURN,12,100.0,1,115,61.2,64.0,61.1,2,6,453,100.0,100.0,98.7,5,10,2,821,821,0,0,821,474,474,0,0,347,0
Josh Lugg,59982,T,NOTRE DAME,12,100.0,1,258,81.0,76.7,83.1,2,14,430,100.0,100.0,97.0,6,21,5,821,0,0,0,821,452,452,0,821,369,0
Brodarious Hamm,58518,T,AUBURN,12,100.0,0,115,70.1,69.2,66.0,3,18,452,100.0,100.0,97.7,1,21,0,820,0,0,0,820,473,473,0,819,347,1
Ikem Ekwonu,98286,T,NC STATE,12,100.0,0,248,91.6,78.3,93.8,0,10,476,100.0,100.0,98.3,4,13,3,819,0,0,819,819,500,500,0,0,319,0
Donovan Jennings,86861,T,USF,12,100.0,4,327,68.8,82.6,59.7,0,11,407,100.0,100.0,97.9,9,14,3,819,0,0,813,819,427,427,0,0,392,4
Logan Harris,55558,G,WYOMING,13,100.0,0,351,79.0,77.2,77.8,0,5,349,100.0,100.0,98.7,2,7,2,818,0,0,0,818,361,361,818,0,457,0
Dylan O'Quinn,77924,T,CINCINNATI,14,100.0,0,138,56.9,56.1,56.5,2,16,431,100.0,100.0,97.2,3,21,3,818,0,0,0,818,446,446,0,818,372,0
Austin Deculus,59821,T,LSU,12,100.0,1,211,62.6,72.1,57.1,3,14,468,100.0,100.0,98.2,4,17,0,818,0,0,0,818,486,486,0,816,332,1
Jeremy Cooper,77483,G,CINCINNATI,14,100.0,0,138,64.6,67.3,66.8,2,12,431,100.0,100.0,98.4,8,14,0,818,0,818,0,818,446,446,0,0,372,0
Ethan Wiederkehr,59969,T,NWESTERN,12,100.0,1,256,70.8,71.1,69.1,2,11,410,100.0,100.0,96.7,4,20,7,817,0,0,0,817,430,430,5,810,387,2
Kamaar Bell,99073,G,FAU,12,100.0,1,165,55.3,53.7,53.6,3,9,434,100.0,100.0,96.3,1,22,10,817,0,0,1,817,455,455,816,0,362,0
JaChai Baker,44606,T,S ALABAMA,12,100.0,0,288,54.3,62.3,48.9,2,25,453,100.0,100.0,95.9,6,32,5,817,0,0,817,817,470,470,0,0,347,0
Demontrey Jacobs,56619,T,USF,12,100.0,0,327,62.2,61.0,59.4,5,21,404,100.0,100.0,96.5,0,27,1,816,0,0,0,816,424,424,0,813,392,0
Hunter Kelly,41892,C,CHARLOTTE,12,100.0,1,136,47.1,45.2,47.0,3,19,417,100.0,100.0,96.9,5,24,2,816,782,0,0,816,450,450,34,0,366,0
Marquis Hayes,60000,G,OKLAHOMA,13,100.0,2,261,75.3,83.8,76.8,1,9,437,100.0,100.0,98.2,9,13,3,815,0,815,0,815,459,459,0,0,356,0
Christian Haynes,77339,G,UCONN,12,100.0,1,146,72.0,76.2,71.3,2,7,477,100.0,100.0,98.6,2,11,2,815,0,0,0,815,508,508,814,0,307,0
Dalton Cooper,98482,T,TEXAS ST,12,100.0,1,314,85.3,71.4,90.1,7,21,424,100.0,100.0,96.0,7,31,3,814,0,0,810,814,450,450,0,2,364,2
Matthew Trehern,100796,G,UAB,13,100.0,2,321,68.4,56.0,73.7,3,12,351,100.0,100.0,97.0,11,18,3,813,0,11,0,813,370,370,796,6,443,0
Chandler Dolphin,60187,C,UTAH ST,12,100.0,0,329,59.3,61.4,59.5,3,13,403,100.0,100.0,97.8,4,17,1,812,812,0,0,812,437,437,0,0,375,0
Clay Servin,75871,T,RICE,12,100.0,1,275,51.5,49.9,49.9,3,18,392,100.0,100.0,96.3,2,25,4,811,0,1,810,811,418,418,0,0,393,0
Alex Palczewski,59738,T,ILLINOIS,12,100.0,1,187,79.4,44.9,89.2,3,15,357,100.0,100.0,96.6,3,21,3,811,0,8,0,811,387,387,328,471,424,4
Kadeem Telfort,59680,T,UAB,13,99.9,0,321,71.8,74.7,70.8,3,4,350,99.7,99.7,98.4,9,9,2,811,0,6,795,812,369,370,0,0,442,11
Bobby DeHaro,60194,G,UTEP,13,100.0,1,330,68.3,67.9,70.5,1,13,377,100.0,100.0,97.9,7,15,1,810,0,810,0,810,406,406,0,0,404,0
Dylan McMahon,98044,G,NC STATE,12,100.0,0,248,60.0,59.2,62.1,4,11,474,100.0,100.0,97.8,5,18,3,810,6,491,0,810,498,498,313,0,312,0
Valentino Daltoso,40467,T,CAL,12,100.0,0,130,71.3,67.5,73.2,2,24,449,100.0,100.0,96.4,4,29,3,810,0,0,0,810,470,470,0,809,340,0
Caleb Rogers,123157,T,TEXAS TECH,13,100.0,1,315,56.9,63.5,53.2,3,16,426,100.0,100.0,96.8,4,23,4,808,0,0,9,808,450,450,0,799,358,0
Jon Gaines II,81879,G,UCLA,12,100.0,1,324,54.1,48.7,57.6,3,20,400,100.0,100.0,96.6,6,25,2,808,122,0,1,808,425,425,590,94,383,1
Devin Cochran,41198,T,GA TECH,12,100.0,0,176,67.9,85.0,55.6,3,11,419,100.0,100.0,98.3,2,14,0,807,0,0,801,807,447,447,0,6,360,0
Chris Murray,81885,G,OKLAHOMA,13,100.0,1,261,67.7,67.6,72.1,2,12,434,100.0,100.0,97.9,10,16,2,807,0,0,0,807,457,457,807,0,350,0
O'Cyrus Torrence,102821,G,LA LAFAYET,12,100.0,0,207,88.2,84.8,89.4,1,4,377,100.0,100.0,99.3,2,5,0,807,0,0,0,807,395,395,761,46,412,0
Doug Nester,98486,G,W VIRGINIA,13,100.0,1,343,75.3,78.9,74.0,3,8,458,100.0,100.0,98.1,6,14,3,807,0,0,1,807,479,479,804,2,328,0
Ryan Nelson,62778,G,VIRGINIA,12,100.0,0,335,69.7,73.0,65.5,1,14,562,100.0,100.0,98.3,0,17,2,806,0,584,217,806,593,593,0,4,213,0
Ed Ingram,59819,G,LSU,12,100.0,1,211,73.0,82.6,68.6,1,8,466,100.0,100.0,98.6,1,11,2,806,0,806,0,806,484,484,0,0,322,0
Corey Dublin,60142,G,TULANE,12,100.0,0,319,65.2,62.8,68.3,4,8,439,100.0,100.0,98.4,7,13,1,806,9,796,0,806,466,466,1,0,340,0
Andrew Smith Jr.,81873,C,UAB,13,100.0,0,321,62.6,70.3,58.2,1,11,348,100.0,100.0,97.7,1,14,2,806,438,361,4,806,367,367,3,0,439,0
Darius Washington,99679,T,FLORIDA ST,12,100.0,1,167,64.2,69.5,61.2,3,18,431,100.0,100.0,97.3,5,22,1,805,2,0,365,805,464,464,0,428,341,9
Jaelyn Duncan,81722,T,MARYLAND,13,100.0,2,215,71.8,75.1,71.3,2,7,466,100.0,100.0,98.2,10,13,4,804,0,0,804,804,489,489,0,0,315,0
Weston Wright,77494,G,TEXAS TECH,13,100.0,1,315,60.2,58.7,59.8,4,14,420,100.0,100.0,97.6,6,19,1,803,7,796,0,803,444,444,0,0,359,0
Joey Claybrook,60141,T,TULANE,12,100.0,0,319,57.5,58.9,54.4,8,14,440,100.0,100.0,95.9,3,29,7,802,0,0,795,802,467,467,0,0,335,7
Colin Newell,59753,C,IOWA STATE,12,100.0,0,193,58.2,64.0,55.9,2,10,455,100.0,100.0,98.7,3,12,0,802,802,0,0,802,481,481,0,0,321,0
Jalen Grant,130364,C,BOWL GREEN,12,99.9,0,122,57.9,53.4,64.9,4,7,476,99.8,99.8,98.4,9,13,2,802,684,118,0,803,496,497,0,0,306,0
Abraham Lucas,60218,T,WASH STATE,12,100.0,0,341,78.6,91.0,68.3,1,8,464,100.0,100.0,99.0,5,9,0,801,0,0,0,801,477,477,8,792,324,0
Jordan Palmer,121816,C,MIDDLE TN,13,100.0,1,224,54.1,62.6,51.5,2,18,455,100.0,100.0,97.4,6,22,2,801,800,0,0,801,481,481,0,0,320,0
Dontae Bull,81650,T,FRESNO ST,13,100.0,0,169,57.8,58.3,63.2,7,12,486,100.0,100.0,97.4,14,22,3,800,0,0,796,800,511,511,0,0,289,3
Caleb Warren,99083,G,OLE MISS,11,100.0,0,226,63.7,57.8,65.6,3,16,423,100.0,100.0,97.3,3,21,2,799,0,752,0,799,446,446,47,0,353,0
Kenneth Horsey,81696,G,KENTUCKY,13,100.0,0,202,74.1,80.2,71.1,3,3,388,100.0,100.0,98.7,2,8,2,798,0,682,94,798,399,399,0,19,399,3
Liam Dobson,59823,T,TEXAS ST,12,100.0,2,314,77.6,80.0,75.7,2,13,415,100.0,100.0,97.7,5,17,2,798,0,351,2,798,440,440,1,444,358,0
Sincere Haynesworth,97644,C,TULANE,12,100.0,0,319,76.3,78.7,76.4,1,6,439,100.0,100.0,99.0,5,8,1,798,798,0,0,798,466,466,0,0,332,0
Gabriel Houy,60020,T,PITTSBURGH,12,100.0,0,268,66.0,71.1,61.8,3,12,459,100.0,100.0,97.9,3,17,2,796,0,0,29,796,484,484,215,551,312,1
Colby Ragland,81872,T,UAB,13,100.0,1,321,79.9,75.4,80.7,0,10,344,100.0,100.0,97.1,4,15,5,796,0,293,3,796,363,363,9,486,433,5
Beaux Limmer,99067,G,ARKANSAS,13,100.0,1,111,76.8,70.5,79.5,2,7,334,100.0,100.0,98.4,8,10,1,795,1,0,0,795,351,351,794,0,444,0
Caleb Jones,59747,T,INDIANA,12,100.0,0,190,60.2,55.6,65.3,5,20,435,100.0,100.0,95.5,6,32,7,794,0,0,96,794,461,461,0,698,333,0
Ken Marks,46118,T,LA LAFAYET,14,99.9,1,207,84.8,63.1,90.1,2,12,363,99.7,99.7,96.4,2,20,6,793,0,74,634,794,378,379,0,58,415,28
Caleb Kelly,59709,T,GA SOUTHRN,12,100.0,0,174,67.6,63.0,67.4,3,17,313,100.0,100.0,95.2,2,25,5,793,0,0,0,793,327,327,0,792,466,1
Cam Jurgens,84014,C,NEBRASKA,12,100.0,0,238,71.4,73.5,71.5,3,10,395,100.0,100.0,98.4,6,13,0,792,792,0,0,792,414,414,0,0,378,0
Grant Betts,81870,T,TROY,12,100.0,1,318,56.6,66.2,48.2,7,12,452,100.0,100.0,96.3,2,26,7,792,0,0,0,792,473,473,1,791,319,0
Malone VanGorder,130389,G,BOWL GREEN,12,99.9,0,122,52.3,43.6,51.0,2,21,475,99.8,99.8,97.4,1,24,1,792,0,1,0,793,495,496,792,0,297,0
Dylan Bradshaw,41566,C,TROY,12,100.0,0,318,70.5,69.9,68.2,4,9,452,100.0,100.0,97.9,1,16,3,792,792,0,0,792,473,473,0,0,319,0
Austin Stidham,60135,T,TROY,12,100.0,1,318,76.3,77.1,72.5,5,12,452,100.0,100.0,97.0,4,22,5,792,0,0,789,792,473,473,0,0,319,2
Jake Majors,123123,C,TEXAS,12,99.9,0,311,65.6,64.8,65.9,3,15,399,99.8,99.8,97.7,3,18,0,791,792,0,0,792,421,422,0,0,370,0
Luke Wattenberg,41024,C,WASHINGTON,12,100.0,0,340,72.7,71.5,71.6,0,12,442,100.0,100.0,98.4,2,13,1,790,790,0,0,790,464,464,0,0,326,0
Marquice Robinson,81639,T,FAU,12,100.0,0,165,60.7,53.8,63.2,5,13,430,100.0,100.0,97.4,4,20,2,790,0,0,782,790,450,450,0,1,340,7
Dawand Jones,101550,T,OHIO STATE,13,100.0,1,260,86.5,78.8,90.6,1,7,448,100.0,100.0,98.4,8,11,3,790,0,0,0,790,468,468,0,790,322,0
Jacob Gardner,128229,T,NEVADA,12,100.0,1,239,43.3,43.7,46.7,8,19,535,100.0,100.0,96.2,9,34,7,790,10,0,778,790,563,563,0,0,227,2
Eric Miller,52938,T,PURDUE,13,100.0,0,273,62.4,63.9,58.2,1,18,489,100.0,100.0,97.4,1,22,3,789,0,1,192,789,517,517,0,596,272,0
Derek Kerstetter,60116,T,TEXAS,12,99.9,0,311,72.1,87.9,63.3,0,9,401,99.8,99.8,98.4,4,11,2,788,3,120,1,789,423,424,0,662,365,3
Liam Ryan,41618,T,WASH STATE,12,100.0,1,341,73.9,79.4,67.2,2,11,460,100.0,100.0,97.7,5,17,4,788,6,0,781,788,472,472,0,0,316,0
Aaron Dowdell,41586,G,GA SOUTHRN,12,100.0,1,174,61.1,66.4,62.3,1,5,305,100.0,100.0,98.7,7,7,1,788,0,788,0,788,317,317,0,0,471,0
Matt Sichterman,59906,G,NEBRASKA,12,100.0,0,238,61.1,60.2,60.7,1,15,382,100.0,100.0,97.1,4,19,3,787,0,0,0,787,400,400,787,0,387,0
Alec Lindstrom,58532,C,BOSTON COL,12,100.0,0,121,73.4,84.7,68.4,2,4,352,100.0,100.0,98.9,4,7,1,787,787,0,0,787,368,368,0,0,419,0
Rashad Green,123217,T,TULANE,12,100.0,0,319,63.3,60.2,62.6,7,14,437,100.0,100.0,96.2,1,27,6,787,0,0,1,787,464,464,0,786,323,0
Anthony Todd,41847,G,BALL ST,12,100.0,0,117,56.2,66.1,53.3,4,7,419,100.0,100.0,98.2,5,13,2,786,211,441,0,786,443,443,133,0,343,1
Jake Andrews,81868,G,TROY,12,100.0,2,318,70.8,78.7,70.4,3,8,447,100.0,100.0,98.5,5,12,1,784,0,10,0,784,468,468,774,0,316,0
Matthew Bergeron,99658,T,SYRACUSE,12,100.0,0,304,74.6,85.4,72.6,1,9,359,100.0,100.0,98.3,10,11,1,784,0,0,784,784,378,378,0,0,406,0
Ryan Swoboda,77576,T,VIRGINIA,11,99.5,1,335,70.3,67.9,70.4,2,25,549,99.3,99.3,96.6,1,32,5,783,0,0,0,787,581,585,1,776,202,6
Tyrese Robinson,59998,T,OKLAHOMA,13,100.0,0,261,75.5,79.8,73.2,2,11,429,100.0,100.0,97.6,6,17,4,781,0,0,0,781,450,450,0,781,331,0
Steven Jones,81792,G,OREGON,14,100.0,0,264,64.6,66.3,64.3,0,13,384,100.0,100.0,97.5,4,16,3,781,0,0,0,781,404,404,556,225,377,0
Joshua Mote,59803,G,LA TECH,12,100.0,0,208,76.5,64.9,79.1,3,8,437,100.0,100.0,98.3,2,13,2,780,0,780,0,780,457,457,0,0,323,0
Ryan Beckman,100252,G,AKRON,12,100.0,1,102,48.4,38.7,52.9,3,25,466,100.0,100.0,95.7,5,34,6,780,199,580,0,780,486,486,0,0,294,0
Sam Thompson,81612,C,COAST CAR,13,100.0,0,141,63.6,63.6,62.0,2,5,370,100.0,100.0,98.8,5,8,1,780,780,0,0,780,386,386,0,0,394,0
Trey Carter,54494,G,COAST CAR,13,100.0,0,141,63.8,70.0,62.0,1,7,370,100.0,100.0,98.1,3,11,3,780,0,0,0,780,386,386,780,0,394,0
Steven Bedosky,54493,T,COAST CAR,13,100.0,0,141,66.0,70.0,61.6,1,10,370,100.0,100.0,98.0,1,13,2,780,0,0,0,780,386,386,0,779,394,1
Kip Frankland,100901,T,NAVY,12,100.0,0,237,79.4,37.7,83.2,1,5,135,100.0,100.0,97.0,3,7,1,779,0,0,0,779,145,145,0,697,634,82
Ryan Johnson,41740,G,GA TECH,12,100.0,0,176,63.9,64.4,61.1,4,15,401,100.0,100.0,96.4,2,24,5,779,0,0,1,779,428,428,582,196,351,0
Willie Lampkin,122344,G,COAST CAR,13,100.0,1,141,66.2,85.2,64.9,1,3,370,100.0,100.0,99.2,6,5,1,778,0,778,0,778,386,386,0,0,392,0
Spencer Burford,81920,T,UTSA,12,100.0,0,331,76.8,69.4,77.5,1,10,390,100.0,100.0,98.1,4,13,2,778,0,0,778,778,420,420,0,0,358,0
Warren Ericson,81652,G,GEORGIA,15,100.0,0,173,69.2,63.3,68.6,1,8,366,100.0,100.0,98.2,1,11,2,778,58,5,0,778,386,386,715,0,392,0
Cole Garcia,75872,G,RICE,11,100.0,0,275,58.1,69.2,53.6,3,6,371,100.0,100.0,98.2,2,11,2,777,0,760,0,777,394,394,17,0,383,0
Zion Johnson,99681,G,BOSTON COL,12,100.0,1,121,84.4,81.6,84.4,2,3,348,100.0,100.0,99.0,1,6,1,777,0,702,75,777,364,364,0,0,413,0
Turner Corcoran,129684,T,NEBRASKA,12,100.0,0,238,29.6,0.0,50.5,9,45,387,100.0,100.0,91.5,6,60,6,775,0,0,697,775,405,405,0,77,370,1
Jack Snyder,41119,T,S JOSE ST,12,99.9,0,285,67.6,78.8,57.8,2,9,439,99.8,99.8,98.5,4,12,1,775,0,0,774,776,463,464,0,0,312,2
Greg Long,41334,T,PURDUE,11,100.0,0,273,73.9,69.6,77.3,3,6,501,100.0,100.0,99.1,7,9,0,775,0,0,772,775,522,522,0,0,253,1
Antwine Loper,54534,T,COAST CAR,13,99.9,1,141,63.5,75.6,56.3,4,6,367,99.7,99.7,98.1,2,12,2,775,0,0,769,776,383,384,0,0,392,7
Shamarious Gilmore,41823,G,GA STATE,13,100.0,2,175,74.4,77.3,75.1,2,4,307,100.0,100.0,98.4,6,8,2,775,0,766,1,775,323,323,0,0,452,0
Trevor Robbins,41508,G,S JOSE ST,12,100.0,1,285,44.7,39.3,46.2,3,24,438,100.0,100.0,96.7,5,28,1,774,197,577,0,774,462,462,0,0,312,0
Tyler Long,77509,G,TOLEDO,13,100.0,0,316,65.8,77.3,62.8,2,9,414,100.0,100.0,98.4,4,12,1,774,0,0,0,774,450,450,774,0,324,0
Hyrin White,59875,T,MISSOURI,11,100.0,1,229,73.1,72.4,70.7,4,14,411,100.0,100.0,97.6,6,19,1,773,0,0,2,773,440,440,0,767,333,4
Bradley Ashmore,124344,T,VANDERBILT,11,100.0,0,333,64.5,53.0,72.0,3,14,433,100.0,100.0,97.1,3,21,4,773,0,0,0,773,455,455,0,771,318,0
Mitchell Berg,55364,T,TOLEDO,12,100.0,1,316,53.5,49.5,56.5,3,22,408,100.0,100.0,95.5,4,31,6,772,0,0,459,772,443,443,0,313,329,0
J.J. Lippe,98426,G,N ILLINOIS,14,100.0,0,254,65.8,62.4,65.1,4,2,301,100.0,100.0,99.0,1,6,0,771,3,746,0,771,318,318,1,0,453,21
Jonny Hassard,128082,T,UMASS,12,100.0,0,216,56.6,44.6,59.9,7,16,390,100.0,100.0,94.7,0,32,9,770,0,1,2,770,411,411,11,756,359,0
Jack Nelson,129927,G,WISCONSIN,13,100.0,2,349,69.3,60.8,71.8,5,6,282,100.0,100.0,97.3,6,13,2,769,0,0,0,769,297,297,769,0,472,0
Andrew Coker,99459,T,TCU,12,100.0,0,305,58.0,76.0,53.8,2,13,372,100.0,100.0,97.2,8,18,3,768,0,0,0,768,387,387,25,741,381,1
Aries Davis,78324,G,LA MONROE,12,100.0,0,209,58.0,74.4,51.2,0,3,376,100.0,100.0,99.1,1,5,2,768,0,0,0,768,402,402,768,0,366,0
Nicholas Petit-Frere,82003,T,OHIO STATE,12,100.0,0,260,78.5,60.0,84.3,2,22,435,100.0,100.0,96.8,3,26,2,768,0,0,700,768,453,453,0,68,315,0
Jovaun Woolford,36479,T,RICE,12,100.0,0,275,60.3,62.2,58.4,0,24,360,100.0,100.0,95.8,5,27,3,768,0,0,14,768,380,380,0,752,388,1
Paris Johnson Jr.,129749,G,OHIO STATE,13,100.0,1,260,79.1,65.4,83.5,1,13,442,100.0,100.0,98.4,3,14,0,768,0,0,0,768,461,461,768,0,307,0
Henry Bainivalu,60214,G,WASHINGTON,12,100.0,0,340,67.8,62.2,70.0,1,11,421,100.0,100.0,97.9,2,15,3,766,0,0,0,766,443,443,764,0,323,2
Mike Miranda,60016,C,PENN STATE,12,99.9,2,266,60.7,66.3,59.8,1,12,459,99.8,99.8,97.9,5,16,3,765,687,0,0,766,481,482,76,0,284,0
Vitaliy Gurman,130620,T,TOLEDO,13,100.0,2,316,54.9,50.8,57.4,4,16,406,100.0,100.0,97.3,8,21,1,764,0,380,384,764,441,441,0,0,323,0
Noah Johnson,99436,C,KANSAS ST,13,100.0,0,199,71.2,69.4,70.0,4,15,348,100.0,100.0,96.7,1,21,2,762,762,0,0,762,367,367,0,0,395,0
James Tunstall,55112,T,CINCINNATI,14,100.0,0,138,68.3,68.9,66.0,2,9,396,100.0,100.0,97.6,3,15,4,762,0,0,750,762,408,408,0,12,354,0
Obinna Eze,59837,T,TCU,12,100.0,0,305,70.6,84.2,62.2,1,11,370,100.0,100.0,97.3,4,16,4,762,0,0,759,762,385,385,0,0,377,1
Corey Stewart,130349,T,BALL ST,13,100.0,0,117,58.4,63.3,53.9,3,12,418,100.0,100.0,97.0,4,20,5,761,0,0,574,761,442,442,0,186,319,1
Dohnovan West,100546,C,ARIZONA ST,12,100.0,0,110,73.3,72.4,72.6,0,4,358,100.0,100.0,99.2,2,5,1,760,760,0,0,760,372,372,0,0,388,0
Cooper Beebe,99434,T,KANSAS ST,13,100.0,0,199,85.4,87.5,81.4,4,6,348,100.0,100.0,98.6,4,10,0,759,0,0,734,759,367,367,25,0,392,0
Matthew Cindric,81604,C,CAL,11,100.0,1,130,71.0,72.8,71.6,1,13,416,100.0,100.0,98.3,5,14,0,757,757,0,0,757,436,436,0,0,321,0
Caleb Shaffer,98380,G,MIAMI OH,12,100.0,0,221,64.5,62.7,66.8,1,14,427,100.0,100.0,98.0,6,16,1,757,0,757,0,757,453,453,0,0,304,0
Antawn Lewis,100782,T,S ALABAMA,11,100.0,0,288,52.6,50.8,51.2,5,31,430,100.0,100.0,94.0,0,44,8,756,0,0,1,756,446,446,0,755,310,0
Andrew Meyer,81910,C,UTEP,12,100.0,0,330,58.3,62.5,55.7,1,9,343,100.0,100.0,98.0,2,12,2,755,755,0,0,755,368,368,0,0,387,0
Gray Davis,59917,G,NEVADA,12,100.0,2,239,61.9,61.2,64.6,4,7,524,100.0,100.0,98.6,5,13,2,753,0,0,0,753,548,548,748,5,205,0
Jacob Monk,98058,G,DUKE,12,100.0,3,154,67.3,71.6,65.2,0,7,375,100.0,100.0,98.5,4,9,2,753,0,0,0,753,399,399,753,0,354,0
Vederian Lowe,59741,T,ILLINOIS,12,99.9,0,187,80.2,72.2,80.3,2,6,345,99.7,99.7,97.7,2,12,4,753,0,0,739,754,367,368,0,0,386,15
Garrett Hirsch,22001,C,LA MONROE,12,100.0,1,209,52.8,65.9,47.4,2,9,365,100.0,100.0,97.9,2,13,2,753,644,109,0,753,392,392,0,0,361,0
Fernando Frye,77437,G,E CAROLINA,12,100.0,1,156,67.5,48.6,73.7,2,10,391,100.0,100.0,97.7,5,15,3,752,11,61,0,752,411,411,680,0,341,0
Bryce Foster,146994,C,TEXAS A&M,12,100.0,0,312,69.2,58.4,73.0,1,17,391,100.0,100.0,96.9,3,21,3,752,752,0,0,752,410,410,0,0,342,0
Micah Vanterpool,52075,G,HAWAII,11,100.0,0,180,65.8,70.5,63.0,1,13,453,100.0,100.0,98.0,1,16,2,752,0,752,0,752,477,477,0,0,275,0
Leif Fautanu,101261,C,UNLV,12,100.0,0,325,71.9,65.6,71.6,1,15,404,100.0,100.0,96.5,0,22,6,751,751,0,0,751,423,423,0,0,328,0
Daviyon McDaniel,59651,T,UNLV,12,100.0,3,325,58.1,46.2,60.4,10,22,404,100.0,100.0,95.0,6,36,4,751,0,22,418,751,423,423,193,117,328,0
DJ Scaife Jr.,77378,G,MIAMI FL,12,100.0,0,220,78.7,88.0,74.2,0,6,442,100.0,100.0,98.9,0,8,2,749,0,0,0,749,472,472,656,90,277,3
Deiyantei Powell-Woods,104183,G,C MICHIGAN,12,100.0,1,134,59.9,40.2,63.2,2,23,371,100.0,100.0,96.1,2,27,2,749,0,1,84,749,386,386,509,155,363,0
Dylan Powell,41118,C,INDIANA,12,100.0,1,190,61.4,66.0,59.1,3,17,403,100.0,100.0,97.0,3,22,2,749,749,0,0,749,427,427,0,0,322,0
Mike Novitsky,77545,C,KANSAS,12,100.0,0,198,62.7,67.8,58.8,0,11,362,100.0,100.0,98.5,0,11,0,748,748,0,0,748,375,375,0,0,373,0
Noah Knapp,81582,G,ARMY,13,100.0,0,114,71.2,38.9,70.9,0,5,115,100.0,100.0,97.8,1,5,0,747,292,455,0,747,120,120,0,0,627,0
Graham Barton,122367,T,DUKE,12,100.0,0,154,73.1,62.9,75.2,4,10,368,100.0,100.0,96.5,3,20,6,747,0,0,747,747,392,392,0,0,355,0
Steve Avila,77319,C,TCU,12,100.0,0,305,81.3,75.4,81.9,1,11,361,100.0,100.0,97.8,5,14,2,746,685,0,0,746,374,374,61,0,372,0
Everett Smalley,131512,T,AIR FORCE,12,99.5,0,101,87.9,64.8,87.4,1,3,106,96.4,96.5,98.1,4,4,0,745,0,0,654,749,109,113,0,0,636,95
Earl Bostick Jr.,59771,T,KANSAS,12,99.9,0,198,58.1,56.4,56.2,3,11,363,100.0,99.7,97.5,3,16,2,744,0,0,741,745,375,376,0,0,369,3
Josh Rivas,59780,G,KANSAS ST,13,100.0,0,199,78.8,71.0,81.0,4,13,344,100.0,100.0,97.5,4,17,0,742,0,742,0,742,362,362,0,0,380,0
Luke Goedeke,77548,T,C MICHIGAN,10,100.0,1,134,92.2,77.8,94.3,3,4,410,100.0,100.0,99.1,5,7,0,742,0,0,0,742,425,425,1,738,317,3
Ben Petrula,58533,T,BOSTON COL,12,100.0,2,121,82.1,67.1,85.0,5,12,328,100.0,100.0,96.2,3,21,4,741,0,0,0,741,342,342,0,741,399,0
Steven Losoya III,98266,T,MIDDLE TN,13,100.0,2,224,58.9,53.2,60.7,8,11,418,100.0,100.0,96.3,4,25,6,741,23,59,557,741,443,443,0,82,298,18
Kevin Jarvis,57100,T,MICH STATE,12,100.0,0,223,71.7,77.4,71.0,0,10,350,100.0,100.0,98.3,8,11,1,739,0,0,0,739,375,375,351,388,364,0
Mikey Minihan,62963,C,GA TECH,12,100.0,0,176,65.5,64.0,65.3,3,8,381,100.0,100.0,97.8,3,14,3,739,739,0,0,739,406,406,0,0,333,0
AJ Arcuri,44757,T,MICH STATE,13,100.0,0,223,64.1,75.0,62.1,0,9,365,100.0,100.0,98.2,8,11,2,738,0,0,371,738,393,393,0,367,345,0
Kenyon Green,99052,G,TEXAS A&M,12,100.0,1,312,79.6,65.7,83.3,2,7,385,100.0,100.0,98.6,7,10,1,737,0,408,81,737,404,404,106,142,333,0
Joshua Ezeudu,77355,G,N CAROLINA,12,100.0,2,245,77.8,76.8,83.0,2,12,401,100.0,100.0,97.8,7,16,2,734,0,459,274,734,426,426,0,0,308,1
Junior Angilau,77465,G,TEXAS,12,99.9,2,311,70.7,62.6,75.1,7,9,382,99.7,99.8,97.6,6,17,1,734,0,366,0,735,402,403,369,0,332,0
Zak Zinter,129605,G,MICHIGAN,13,100.0,0,222,66.1,60.5,67.2,4,11,337,100.0,100.0,97.5,4,16,1,733,0,0,0,733,353,353,731,0,380,2
Drake Nugent,97828,C,STANFORD,12,100.0,1,300,77.5,69.0,81.2,1,8,428,100.0,100.0,98.0,4,13,4,733,733,0,0,733,460,460,0,0,273,0
Walter Rouse,100564,T,STANFORD,12,100.0,1,300,71.4,72.6,72.2,0,9,428,100.0,100.0,98.2,7,12,3,733,0,0,732,733,460,460,0,0,273,0
Khalique Washington,98704,T,SO MISS,12,100.0,0,296,56.8,52.4,60.4,3,15,339,100.0,100.0,96.2,6,22,4,733,0,0,0,733,357,357,0,733,376,0
Gerquan Scott,100792,G,SO MISS,12,100.0,1,296,47.0,56.7,47.4,3,10,343,100.0,100.0,97.5,8,15,2,730,0,730,0,730,366,366,0,0,364,0
Helber Fagundes,75837,G,UMASS,12,99.9,0,216,58.6,68.3,56.3,3,6,364,99.7,99.7,98.2,3,11,2,729,0,718,0,730,382,383,0,0,347,1
Cole Bentley,59816,C,LOUISVILLE,12,100.0,0,210,72.3,70.7,70.9,3,7,354,100.0,100.0,98.6,3,10,0,729,729,0,0,729,373,373,0,0,356,0
Julio Garcia,28977,G,UNLV,12,100.0,1,325,75.6,67.3,80.6,3,12,387,100.0,100.0,97.0,7,19,4,729,0,728,0,729,406,406,0,0,323,0
Rasheed Walker,81798,T,PENN STATE,10,100.0,0,266,60.2,63.2,59.4,3,18,435,100.0,100.0,96.7,6,25,4,729,0,2,727,729,458,458,0,0,271,0
Keiondre Jones,99072,G,AUBURN,13,100.0,0,115,71.1,77.5,68.7,1,9,397,100.0,100.0,98.7,1,10,0,728,0,0,0,728,414,414,728,0,314,0
Jacob Likes,101023,C,MEMPHIS,12,100.0,0,218,69.3,73.8,68.8,0,2,422,100.0,100.0,99.3,4,4,2,728,725,0,0,728,451,451,3,0,277,0
Tyler Stevens,52263,G,S JOSE ST,11,100.0,0,285,52.8,39.5,54.8,2,21,413,100.0,100.0,97.0,5,24,1,728,0,0,0,728,436,436,728,0,292,0
Paul Grattan Jr.,41791,G,UCLA,12,100.0,1,324,79.5,76.6,81.6,2,7,370,100.0,100.0,98.8,3,9,0,728,0,726,0,728,392,392,1,1,336,0
Ben Coleman,100518,G,CAL,11,100.0,0,130,71.9,80.0,71.9,2,8,392,100.0,100.0,98.5,4,11,1,727,0,724,0,727,413,413,0,0,314,0
Michael Ford Jr.,130408,G,KANSAS,12,100.0,0,198,52.7,60.3,50.4,0,11,355,100.0,100.0,98.2,4,12,1,727,0,2,0,727,368,368,696,19,359,10
Hollin Pierce,129899,T,RUTGERS,13,100.0,0,278,59.7,68.7,54.7,4,13,357,100.0,100.0,97.3,2,18,1,725,0,0,1,725,371,371,0,723,354,0
Kendrick Sartor,59825,T,MARSHALL,13,100.0,1,214,60.9,63.0,63.3,3,19,393,100.0,100.0,96.9,8,23,1,725,0,0,0,725,415,415,0,725,310,0
Kaden Moore,123357,G,VA TECH,13,100.0,1,337,70.2,68.7,71.3,1,6,338,100.0,100.0,97.5,5,12,5,725,0,0,0,725,349,349,723,0,376,0
Luke Tenuta,77367,T,VA TECH,12,100.0,1,337,77.5,80.1,74.2,2,3,347,100.0,100.0,98.7,5,7,2,723,0,0,658,723,361,361,0,62,362,1
Airon Servais,41573,C,SYRACUSE,12,100.0,0,304,49.3,48.7,48.5,6,12,335,100.0,100.0,97.0,1,19,1,723,587,0,0,723,353,353,0,136,370,0
Jake Renfro,123577,C,CINCINNATI,13,100.0,1,138,61.3,73.6,61.1,1,5,380,100.0,100.0,98.7,8,8,2,722,722,0,0,722,390,390,0,0,332,0
Cade Briggs,73582,T,NEW MEXICO,12,100.0,2,241,73.7,67.8,72.4,4,4,309,100.0,100.0,97.1,5,13,5,722,0,0,722,722,323,323,0,0,399,0
Jaime Navarro,81533,T,S JOSE ST,12,100.0,1,285,61.7,51.7,67.3,5,18,408,100.0,100.0,96.4,3,26,3,721,0,0,0,721,432,432,0,720,289,1
Max Longman,98411,T,UMASS,12,100.0,0,216,71.7,65.4,70.3,2,9,362,100.0,100.0,97.1,2,16,5,721,0,11,704,721,380,380,0,0,341,4
Bryce Benhart,98531,T,NEBRASKA,12,100.0,0,238,50.2,30.1,63.6,4,30,369,100.0,100.0,94.0,6,39,5,721,0,0,0,721,384,384,0,720,337,1
Dare Rosenthal,82491,T,KENTUCKY,12,100.0,0,202,78.9,69.3,79.0,8,10,351,100.0,100.0,97.2,1,19,1,720,0,0,711,720,360,360,0,0,360,9
Nishad Strother,98057,G,E CAROLINA,12,100.0,0,156,61.9,42.8,66.4,6,8,390,100.0,100.0,97.7,3,16,2,719,0,591,128,719,409,409,0,0,310,0
Jordan Murphy,56557,T,BOWL GREEN,12,100.0,1,122,28.7,15.5,40.7,3,19,430,100.0,100.0,95.1,5,32,10,719,0,0,0,719,447,447,0,717,272,1
Doug Kramer,41458,C,ILLINOIS,11,100.0,0,187,75.4,61.4,78.7,1,5,301,100.0,100.0,98.3,3,8,2,719,719,0,0,719,326,326,0,0,393,0
Ethan Mottinger,128100,G,UMASS,12,99.9,0,216,53.6,67.0,51.8,0,8,356,99.7,99.7,98.6,5,9,1,718,0,0,1,719,372,373,707,0,346,0
TJ Jackson,40879,T,OHIO,12,100.0,0,259,68.7,68.7,65.6,3,15,329,100.0,100.0,96.4,1,21,3,717,0,0,717,717,353,353,0,0,364,0
McKade Mettauer,100537,G,CAL,12,100.0,1,130,65.3,79.5,61.8,1,10,397,100.0,100.0,98.6,5,11,0,716,0,0,0,716,414,414,713,0,302,0
Victor Curne,81930,T,WASHINGTON,12,100.0,0,340,69.1,64.4,71.8,4,16,408,100.0,100.0,97.3,4,21,1,715,0,0,0,715,426,426,0,715,289,0
C.J. Perez,77520,C,TEMPLE,12,100.0,0,306,60.3,71.5,57.2,4,5,423,100.0,100.0,98.7,4,10,1,713,713,0,0,713,435,435,0,0,278,0
Julian Hernandez,98570,C,VANDERBILT,12,100.0,0,333,50.8,45.9,55.0,2,12,381,100.0,100.0,97.9,6,15,1,713,652,61,0,713,400,400,0,0,313,0
Mason Richman,129479,T,IOWA,12,100.0,0,192,64.2,58.3,66.8,4,11,355,100.0,100.0,97.0,3,18,3,712,0,0,712,712,373,373,0,0,339,0
George Moore,60013,G,OREGON,14,100.0,0,264,53.1,38.9,58.0,4,12,345,100.0,100.0,95.9,5,22,6,711,0,364,347,711,366,366,0,0,345,0
Isaac Moore,77495,T,TEMPLE,12,100.0,1,306,78.1,73.6,79.6,2,12,424,100.0,100.0,98.1,4,15,1,711,0,0,711,711,436,436,0,0,275,0
Jonah Gambill,121763,T,MEMPHIS,11,100.0,0,218,50.6,48.9,48.5,4,19,424,100.0,100.0,96.1,2,28,5,710,0,0,694,710,455,455,0,14,255,2
Malaesala Aumavae-Laulu,100528,T,OREGON,14,100.0,1,264,61.9,61.4,64.2,1,14,337,100.0,100.0,97.8,8,15,0,710,0,0,0,710,359,359,0,710,351,0
Donovan Laie,81553,G,ARIZONA,10,100.0,1,109,58.9,68.4,53.0,3,14,409,100.0,100.0,97.4,2,19,2,710,0,579,130,710,438,438,0,0,272,0
Damon Kaylor,101573,T,BALL ST,12,100.0,0,117,58.9,48.3,63.6,4,14,377,100.0,100.0,96.6,3,22,4,710,0,1,0,710,395,395,73,631,315,5
Damion Daley,75770,G,APP STATE,14,100.0,0,108,59.8,49.3,59.7,2,9,322,100.0,100.0,98.0,2,12,1,709,0,707,0,709,333,333,0,0,376,0
Duke Clemens,100545,C,UCLA,12,100.0,0,324,59.6,60.6,59.6,3,9,356,100.0,100.0,97.8,4,14,2,709,663,0,0,709,378,378,44,1,331,1
T.J. Storment,41643,T,TEXAS TECH,12,100.0,0,315,60.8,69.9,60.3,2,14,376,100.0,100.0,97.1,10,19,3,708,0,0,708,708,400,400,0,0,308,0
Robert Scott Jr.,122415,T,FLORIDA ST,11,100.0,0,167,66.6,63.5,64.3,2,16,381,100.0,100.0,95.8,1,25,7,707,0,0,393,707,408,408,0,308,299,6
Luke Haggard,129442,T,INDIANA,11,100.0,0,190,74.5,66.0,74.7,2,23,386,100.0,100.0,96.2,2,27,2,707,0,0,707,707,412,412,0,0,295,0
Jordan Tucker,59936,T,N CAROLINA,13,100.0,0,245,72.4,75.5,70.6,1,7,373,100.0,100.0,97.9,6,12,4,706,0,0,0,706,399,399,0,706,307,0
Christian Mahogany,98261,G,BOSTON COL,11,100.0,0,121,82.7,83.7,82.4,2,4,317,100.0,100.0,98.7,1,7,1,706,0,0,0,706,330,330,706,0,376,0
Alec Anderson,81882,T,UCLA,10,100.0,0,324,76.0,71.2,74.4,3,9,328,100.0,100.0,97.6,5,14,2,706,0,0,34,706,350,350,0,668,356,3
Jordan Morgan,98652,T,ARIZONA,11,100.0,0,109,53.1,55.6,53.3,7,15,405,100.0,100.0,96.0,5,27,5,706,0,0,701,706,432,432,0,0,274,2
Jeremiah Byers,100806,T,UTEP,13,100.0,0,330,72.7,69.3,72.1,1,11,337,100.0,100.0,97.0,3,16,4,706,0,0,0,706,359,359,0,706,347,0
Matt Lee,98544,C,UCF,12,100.0,0,323,75.6,81.7,70.8,2,4,355,100.0,100.0,98.9,1,7,1,705,705,0,0,705,370,370,0,0,335,0
Jeremiah Banks-Wall,130351,T,BOWL GREEN,12,99.9,1,122,56.0,61.1,55.2,3,19,432,99.8,99.8,96.8,8,25,3,705,0,0,705,706,451,452,0,0,254,0
Thayer Munford Jr.,59994,G,OHIO STATE,12,100.0,0,260,73.7,66.3,76.1,1,14,419,100.0,100.0,98.0,2,16,1,704,0,554,149,704,438,438,0,1,266,0
Dillan Gibbons,59981,G,FLORIDA ST,11,100.0,1,167,65.1,83.3,66.3,0,13,371,100.0,100.0,98.2,11,13,0,704,0,704,0,704,399,399,0,0,305,0
Ethan Crowe,130330,C,BALL ST,12,100.0,0,117,62.0,59.4,61.3,0,15,381,100.0,100.0,97.8,2,16,1,704,703,0,0,704,399,399,0,0,305,1
Jake Wiley,100530,T,COLORADO,12,100.0,2,143,41.0,41.4,44.4,5,16,314,100.0,100.0,94.4,6,28,7,703,0,0,621,703,337,337,0,82,366,0
Trevor Reid,122720,T,LOUISVILLE,13,100.0,2,210,77.4,74.5,76.9,5,10,332,100.0,100.0,97.1,8,17,2,701,0,0,696,701,352,352,0,5,349,0
Kellton Hollins,40813,G,LA TECH,12,100.0,1,208,46.2,37.6,50.7,4,10,391,100.0,100.0,98.0,7,15,1,701,0,34,0,701,413,413,667,0,288,0
Makai Hart,123314,T,UTSA,12,100.0,0,331,77.8,72.9,76.3,1,9,352,100.0,100.0,97.4,1,14,4,699,0,0,0,699,384,384,0,698,315,0
Cole Clemens,60203,G,VANDERBILT,12,100.0,1,333,57.1,51.1,57.1,3,15,388,100.0,100.0,97.4,2,19,1,698,0,696,1,698,405,405,0,0,293,0
Brock Hoffman,54535,C,VA TECH,12,100.0,1,337,62.1,85.3,55.8,2,4,329,100.0,100.0,98.8,5,7,1,697,611,62,0,697,340,340,0,24,357,0
Trevor Keegan,101544,G,MICHIGAN,13,100.0,0,222,62.6,50.4,65.6,5,11,299,100.0,100.0,97.0,4,17,1,697,0,697,0,697,312,312,0,0,385,0
Curtis Blackwell,58521,G,BALL ST,10,100.0,1,117,68.5,78.8,64.8,1,4,372,100.0,100.0,98.5,2,8,3,697,0,0,1,697,393,393,696,0,304,0
J.D. Duplain,101572,G,MICH STATE,13,100.0,0,223,74.2,86.1,70.5,0,6,348,100.0,100.0,98.6,2,8,2,696,0,696,0,696,374,374,0,0,322,0
Kary Kutsch,81622,G,COLORADO,12,100.0,0,143,74.2,83.9,72.9,0,6,313,100.0,100.0,99.0,3,6,0,695,0,695,0,695,333,333,0,0,362,0
Asim Richards,99674,T,N CAROLINA,13,100.0,0,245,57.4,68.0,49.9,3,11,366,100.0,100.0,96.7,2,19,5,695,0,49,644,695,392,392,0,0,303,2
Brian Miller,56358,T,GA SOUTHRN,12,100.0,1,174,67.2,65.5,66.0,3,6,267,100.0,100.0,97.6,2,11,2,694,0,0,694,694,278,278,0,0,416,0
Darrian Dalcourt,99061,C,ALABAMA,11,100.0,0,103,63.2,63.0,66.6,3,9,386,100.0,100.0,97.9,7,14,2,694,694,0,0,694,402,402,0,0,292,0
Trey Simpson,81836,C,S ALABAMA,10,100.0,2,288,48.0,45.1,48.3,1,25,387,100.0,100.0,96.1,4,28,2,694,370,257,0,694,402,402,67,0,292,0
Owen Murphy,100258,T,AKRON,11,100.0,0,102,50.1,43.2,58.3,5,31,416,100.0,100.0,94.2,5,42,6,692,0,0,0,692,436,436,0,691,256,1
Connor Finucane,121569,G,ARMY,13,100.0,0,114,74.1,26.5,76.9,2,3,101,100.0,100.0,96.5,3,6,1,692,0,0,0,692,108,108,518,144,584,30
Jake Kradel,77328,G,PITTSBURGH,10,100.0,0,268,70.5,76.9,67.1,0,14,406,100.0,100.0,97.8,1,16,2,691,99,0,0,691,430,430,592,0,261,0
Ryan Van Demark,55113,T,UCONN,10,100.0,0,146,58.1,57.9,60.0,7,12,413,100.0,100.0,96.2,5,25,6,688,0,0,686,688,439,439,0,0,249,0
Christian Jones,77463,T,TEXAS,12,99.9,2,311,56.4,48.3,62.1,3,16,344,99.7,99.7,96.1,8,23,4,688,0,0,688,689,364,365,0,0,324,1
Joe Tippmann,101568,C,WISCONSIN,12,100.0,0,349,85.1,76.7,85.0,2,2,252,100.0,100.0,99.2,3,4,0,687,687,0,0,687,266,266,0,0,421,0
Colby Pursell,41506,C,COLORADO,11,100.0,1,143,71.2,72.6,70.8,0,5,300,100.0,100.0,98.5,5,7,2,683,683,0,0,683,322,322,0,0,361,0
Noah Henderson,77439,T,E CAROLINA,11,100.0,0,156,62.1,62.3,60.9,1,15,363,100.0,100.0,96.4,4,21,5,683,0,0,0,683,384,384,0,683,299,0
Chris Fournier,88564,T,LA TECH,12,100.0,2,208,42.0,25.0,56.3,9,31,376,100.0,100.0,93.6,7,44,4,681,0,0,273,681,393,393,0,406,288,1
Jake Stetz,58529,G,BOISE ST,10,100.0,1,120,68.3,80.7,63.9,1,5,341,100.0,100.0,98.5,4,8,2,681,280,228,0,681,362,362,173,0,319,0
Khalil Crowder,78240,G,GA SOUTHRN,11,100.0,0,174,55.8,57.3,56.0,3,11,256,100.0,100.0,97.3,5,14,0,680,0,0,0,680,269,269,680,0,411,0
Danny Godlevske,40471,C,OKLA STATE,10,100.0,0,262,63.2,71.1,62.2,2,4,299,100.0,100.0,99.0,4,6,0,680,680,0,0,680,317,317,0,0,363,0
Peyton Dunn,147180,G,LA MONROE,11,100.0,0,209,51.9,51.7,48.9,2,14,331,100.0,100.0,97.0,2,18,2,678,0,678,0,678,358,358,0,0,320,0
Dawson Deaton,60131,C,TEXAS TECH,11,100.0,0,315,70.1,72.6,69.5,2,2,354,100.0,100.0,99.2,4,5,1,677,677,0,0,677,378,378,0,0,299,0
Adam Gregoire,40748,G,KENT STATE,10,100.0,0,201,71.1,74.7,69.5,2,6,316,100.0,100.0,98.1,5,10,2,674,0,671,0,674,345,345,0,0,329,1
Anton Harrison,122929,T,OKLAHOMA,13,100.0,0,261,77.0,85.6,74.4,1,14,363,100.0,100.0,97.4,6,17,2,671,0,0,671,671,382,382,0,0,289,0
Dustyn Hall,101036,G,USF,12,100.0,0,327,60.7,54.6,61.8,1,11,335,100.0,100.0,97.3,2,15,3,671,0,0,0,671,352,352,671,0,319,0
Chase Lundt,98515,T,UCONN,11,100.0,2,146,50.0,57.8,45.1,7,16,383,100.0,100.0,96.7,4,24,1,671,0,0,0,671,409,409,0,671,262,0
Chaz Neal,77325,T,FAU,11,100.0,0,165,49.2,38.7,54.1,2,21,338,100.0,100.0,94.8,3,29,6,670,0,0,41,670,354,354,0,625,316,4
Caleb Thomas,98077,G,TULANE,12,100.0,0,319,59.5,54.3,64.0,6,10,358,100.0,100.0,97.2,5,18,2,669,31,9,0,669,380,380,629,0,289,0
Cam'Ron Johnson,101018,G,HOUSTON,13,100.0,1,182,67.5,64.9,69.3,3,10,345,100.0,100.0,97.2,6,16,3,669,0,669,0,669,363,363,0,0,306,0
Alex Salguero,41435,G,MARSHALL,12,100.0,0,214,63.0,72.4,57.4,3,4,370,100.0,100.0,98.2,0,10,3,667,55,471,0,667,386,386,141,0,281,0
Willie Tyler,99413,T,LA MONROE,10,100.0,0,209,59.4,44.0,63.5,7,14,318,100.0,100.0,96.1,0,23,2,666,0,0,666,666,341,341,0,0,325,0
Josh Seltzner,60255,G,WISCONSIN,12,100.0,0,349,83.0,73.9,84.4,4,6,252,100.0,100.0,98.0,3,10,0,665,0,663,0,665,264,264,2,0,401,0
Jermaine Ledbetter,81753,G,NEVADA,12,100.0,1,239,66.8,66.7,67.8,0,12,430,100.0,100.0,98.6,4,12,0,663,0,663,0,663,461,461,0,0,202,0
Braedon Nutter,129859,G,RICE,12,100.0,1,275,57.6,61.2,58.1,5,8,309,100.0,100.0,97.6,4,14,1,663,0,17,0,663,331,331,643,0,332,2
Preston Wilson,99429,T,OKLA STATE,12,100.0,1,262,66.0,78.3,57.6,3,11,335,100.0,100.0,97.6,2,15,1,662,0,1,0,662,360,360,72,589,302,0
Netori Johnson,59702,G,MIDDLE TN,12,100.0,0,224,64.5,65.5,64.4,6,6,373,100.0,100.0,97.9,2,14,2,662,0,8,0,662,393,393,654,0,269,0
Austin Cook,81759,G,NEW MEXICO,12,100.0,0,241,63.3,68.5,60.6,4,8,264,100.0,100.0,96.2,2,16,4,662,0,378,0,662,274,274,0,284,388,0
Jarrid Williams,38432,T,MIAMI FL,10,100.0,1,220,84.1,79.8,84.0,0,7,384,100.0,100.0,98.3,3,10,3,660,0,0,0,660,409,409,0,660,251,0
Julian Pearl,82282,T,ILLINOIS,12,100.0,1,187,69.6,55.3,74.5,3,5,284,100.0,100.0,97.2,4,12,4,659,0,0,8,659,307,307,302,345,352,4
Jahmir Ross-Johnson,41349,T,TEXAS A&M,11,100.0,2,312,60.9,45.1,71.8,3,26,335,100.0,100.0,95.1,10,31,2,659,0,0,659,659,348,348,0,0,311,0
Anterrious Gray,121889,G,S ALABAMA,11,100.0,1,288,54.5,40.5,57.3,1,16,353,100.0,100.0,97.0,2,19,2,657,0,0,0,657,368,368,656,0,289,1
Wyatt Luebke,56526,T,ARK STATE,10,100.0,0,113,55.3,60.4,48.4,4,18,426,100.0,100.0,96.2,1,27,5,655,0,1,4,655,448,448,0,649,207,1
Kyle Stapley,81761,C,NEW MEXICO,12,100.0,1,241,63.2,64.6,64.2,2,8,269,100.0,100.0,97.8,7,11,1,654,385,101,0,654,282,282,168,0,372,0
Jaxson Kirkland,60215,T,WASHINGTON,10,100.0,0,340,74.9,75.6,70.5,3,8,389,100.0,100.0,97.8,1,14,3,654,0,0,654,654,404,404,0,0,250,0
Jakai Clark,97645,C,MIAMI FL,9,100.0,0,220,57.7,74.3,51.5,0,9,375,100.0,100.0,98.8,3,9,0,654,654,0,0,654,401,401,0,0,253,0
Jaylon Thomas,77421,T,SMU,12,100.0,1,287,64.1,72.8,63.7,4,10,364,100.0,100.0,97.8,7,15,1,653,0,145,506,653,385,385,0,0,268,2
Robert Haskins,77575,T,VIRGINIA,10,99.8,1,335,65.7,63.6,69.5,2,22,440,99.8,99.8,96.6,5,27,3,653,0,0,603,654,465,466,0,49,188,2
Ben Adler,59778,G,KANSAS ST,13,100.0,0,199,61.0,59.5,60.2,5,11,307,100.0,100.0,96.7,1,18,2,650,0,0,0,650,322,322,650,0,328,0
Pierce Banbury,77384,C,NAVY,11,100.0,1,237,56.7,16.7,61.7,1,10,116,100.0,100.0,92.7,6,14,3,649,328,0,0,649,124,124,321,0,525,0
Nick DeJong,101590,T,IOWA,14,100.0,1,192,64.1,49.9,68.3,5,15,320,100.0,100.0,95.3,1,25,5,649,0,0,0,649,334,334,0,649,315,0
Cole Motes,128393,T,UTAH ST,9,100.0,0,329,55.6,39.8,61.5,5,13,321,100.0,100.0,95.3,0,24,6,649,0,0,13,649,349,349,0,636,300,0
Quiron Johnson,59934,C,N CAROLINA,13,100.0,2,245,58.7,51.6,63.9,3,13,346,100.0,100.0,97.4,7,17,1,648,626,22,0,648,374,374,0,0,274,0
Miles Frazier,123626,T,FIU,12,100.0,1,166,76.3,74.5,74.8,4,7,356,100.0,100.0,97.3,2,15,4,648,0,0,648,648,377,377,0,0,271,0
Alex Forsyth,60012,C,OREGON,10,100.0,1,264,69.6,72.6,71.4,2,3,303,100.0,100.0,98.5,7,7,2,647,647,0,0,647,316,316,0,0,331,0
Chris Paul,77579,T,TULSA,10,100.0,1,320,65.6,67.3,63.4,1,12,305,100.0,100.0,97.2,4,15,2,647,0,0,62,647,331,331,0,585,316,0
Austin Troxell,58516,T,AUBURN,11,100.0,0,115,61.0,72.9,51.0,2,14,369,100.0,100.0,97.3,2,18,2,647,0,0,647,647,381,381,0,0,266,0
Logan Bruss,60251,T,WISCONSIN,10,100.0,0,349,82.5,75.1,82.8,2,7,262,100.0,100.0,98.3,3,9,0,647,0,0,0,647,275,275,0,647,372,0
Lyndell Hudson Jr.,81643,T,FIU,12,100.0,1,166,64.1,68.1,62.9,1,14,359,100.0,100.0,96.8,5,19,4,645,0,0,0,645,380,380,0,645,265,0
Deandre Butler,108712,G,TROY,10,100.0,2,318,58.2,63.7,60.0,4,13,382,100.0,100.0,96.7,8,21,4,644,0,644,0,644,399,399,0,0,245,0
Cade Zimmerly,145644,G,BOWL GREEN,10,99.8,1,122,57.9,46.3,65.4,4,11,384,99.7,99.8,98.0,7,15,0,644,118,517,0,645,400,401,9,0,244,1
Josh Baker,131560,G,ARIZONA,12,100.0,0,109,60.3,65.6,55.1,3,13,370,100.0,100.0,97.3,1,18,2,640,55,205,3,640,395,395,377,0,245,0
Joshua Braun,124371,G,FLORIDA,13,100.0,0,163,50.6,58.3,45.8,3,15,322,100.0,100.0,97.2,1,18,0,639,0,446,0,639,331,331,193,0,308,0
Tiger Shanks,128371,T,UNLV,11,100.0,4,325,40.2,25.3,53.2,6,26,342,100.0,100.0,92.7,8,41,9,638,0,0,3,638,357,357,0,634,281,0
Uzoma Osuji,41028,T,BOISE ST,12,100.0,0,120,71.9,64.4,78.2,5,7,315,100.0,100.0,97.1,5,15,3,636,0,2,15,636,333,333,0,595,303,24
Jean Delance,41866,T,FLORIDA,12,100.0,2,163,55.5,54.1,59.7,7,10,317,100.0,100.0,96.4,7,20,3,635,0,0,0,635,330,330,0,635,305,0
Bryce Cabeldue,122550,T,KANSAS,12,100.0,1,198,55.6,47.5,59.3,0,17,293,100.0,100.0,96.1,4,20,3,633,0,0,7,633,304,304,0,626,329,0
Connor Colby,144862,G,IOWA,14,100.0,0,192,71.5,52.0,76.9,6,8,296,100.0,100.0,97.3,3,15,1,632,0,14,0,632,313,313,615,3,319,0
Connor Wood,59895,G,MISSOURI,12,100.0,0,229,71.2,67.7,71.2,0,7,310,100.0,100.0,98.5,3,8,1,631,0,30,2,631,327,327,426,173,304,0
Darta Lee,81911,T,UTEP,13,100.0,4,330,63.4,57.9,67.2,3,4,285,100.0,100.0,98.8,12,7,0,629,0,18,611,629,311,311,0,0,318,0
Renato Brown,98232,T,LOUISVILLE,12,100.0,1,210,77.9,70.3,80.4,1,15,325,100.0,100.0,97.2,4,17,1,628,0,0,0,628,332,332,0,617,296,10
Myles Hinton,131761,T,STANFORD,12,100.0,0,300,36.9,28.6,47.7,2,17,370,100.0,100.0,96.4,6,23,4,628,0,0,0,628,399,399,0,628,229,0
Dakota Davis,60104,G,SYRACUSE,10,100.0,1,304,55.7,58.9,55.4,4,5,293,100.0,100.0,98.1,3,10,1,627,0,0,0,627,310,310,565,62,317,0
Will Putnam,99655,G,CLEMSON,10,100.0,0,140,69.0,56.5,71.1,0,9,297,100.0,100.0,97.5,1,12,3,627,0,0,0,627,314,314,627,0,313,0
Alan Ali,60053,C,SMU,10,100.0,0,287,68.1,75.9,64.5,2,8,336,100.0,100.0,98.5,3,10,0,627,373,0,211,627,353,353,0,43,274,0
Aric Harris,144880,C,MARYLAND,11,100.0,0,215,54.5,59.0,55.8,1,10,350,100.0,100.0,98.4,5,11,0,627,627,0,0,627,367,367,0,0,260,0
Raiqwon O'Neal,81811,T,RUTGERS,11,100.0,1,278,68.7,83.2,58.4,0,9,288,100.0,100.0,98.4,2,9,0,626,0,0,624,626,298,298,0,0,328,0
Api Mane,77477,C,FIU,12,100.0,1,166,54.3,56.7,53.2,5,11,351,100.0,100.0,97.4,4,17,1,623,544,73,0,623,369,369,6,0,254,0
Liam Soraghan,60986,TE,N ILLINOIS,14,87.9,2,254,63.6,63.0,73.2,1,2,76,48.7,50.0,98.0,6,3,0,622,0,0,3,708,86,172,0,4,536,660
Layden Robinson,99057,G,TEXAS A&M,10,100.0,0,312,80.7,65.6,85.0,1,8,311,100.0,100.0,98.6,1,9,0,622,0,0,0,622,324,324,622,0,298,0
Wyatt Milum,144785,T,W VIRGINIA,12,99.8,2,343,70.4,74.2,66.6,2,10,330,99.7,99.7,97.3,4,15,3,621,0,1,0,622,345,346,0,618,276,3
Barrett Miller,100562,G,STANFORD,12,100.0,0,300,65.7,64.3,67.9,4,10,358,100.0,100.0,97.5,4,16,2,617,0,614,0,617,387,387,0,3,230,0
Kwatrivous Johnson,81742,G,MISS STATE,10,100.0,0,227,68.7,74.4,75.6,2,9,478,100.0,100.0,98.8,10,11,0,616,0,0,0,616,501,501,616,0,115,0
Marcus Tate,144140,G,CLEMSON,12,100.0,0,140,64.4,69.2,64.1,2,6,300,100.0,100.0,98.0,3,10,2,615,0,579,32,615,319,319,0,3,296,0
Joe Alt,147481,T,NOTRE DAME,11,99.8,0,258,78.8,76.0,76.3,1,7,316,99.7,99.7,97.8,1,11,3,613,0,0,596,614,329,330,0,0,284,18
Alex Robarge,100250,G,AKRON,10,100.0,1,102,56.1,33.1,64.3,2,19,377,100.0,100.0,95.4,3,28,7,613,0,0,0,613,395,395,613,0,218,0
Kyler Schott,81684,G,IOWA,12,100.0,0,192,86.1,62.4,89.7,3,8,273,100.0,100.0,98.0,1,11,0,613,3,562,0,613,291,291,48,0,322,0
Vershon Lee,124246,G,S CAROLINA,12,100.0,0,289,63.5,68.1,61.3,3,8,302,100.0,100.0,98.2,1,11,0,610,0,608,1,610,319,319,0,0,291,1
Christian Duffie,77484,T,KANSAS ST,13,100.0,1,199,60.0,52.1,65.7,5,14,278,100.0,100.0,93.7,6,27,8,610,0,0,0,610,293,293,0,610,317,0
Matt Allen,41727,C,MICH STATE,13,100.0,2,223,73.3,77.7,70.0,1,6,290,100.0,100.0,98.8,4,7,0,609,609,0,0,609,310,310,0,0,299,0
Tony Georges,130291,C,AKRON,10,100.0,1,102,44.3,32.4,55.2,5,10,378,100.0,100.0,97.2,8,18,3,608,608,0,0,608,395,395,0,0,213,0
Dontae Keys,64290,G,FIU,12,100.0,0,166,55.3,74.3,48.2,1,7,336,100.0,100.0,98.8,2,8,0,606,0,0,0,606,354,354,606,0,252,0
Parker Titsworth,97656,C,OHIO,10,100.0,0,259,58.8,60.8,60.1,4,8,266,100.0,100.0,97.0,4,14,2,600,600,0,0,600,291,291,0,0,309,0
Xavier Delgado,81746,G,MISSOURI,12,100.0,0,229,59.2,68.4,53.6,0,7,340,100.0,100.0,99.0,0,7,0,599,0,599,0,599,362,362,0,0,237,0
Konner Gomness,100542,C,WASH STATE,10,100.0,1,341,52.3,31.9,59.5,0,12,360,100.0,100.0,96.9,3,17,5,599,597,0,0,599,368,368,0,0,231,0
Noel Ofori-Nyadu,77430,G,UCONN,10,100.0,1,146,62.8,67.1,60.1,4,8,356,100.0,100.0,98.0,2,13,1,599,0,596,0,599,382,382,3,0,217,0
Khadere Kounta,98468,T,DOMINION,11,99.8,0,263,61.1,64.3,62.6,7,12,292,99.7,99.7,95.4,5,23,4,598,0,0,568,599,300,301,0,15,298,16
Lecitus Smith,61069,G,VA TECH,11,100.0,3,337,70.3,70.4,71.4,0,10,290,100.0,100.0,97.6,5,12,2,598,0,536,62,598,301,301,0,0,297,0
Bryce Bray,77459,T,TULSA,12,100.0,0,320,52.4,58.2,48.6,2,17,289,100.0,100.0,96.4,1,20,1,594,0,0,0,594,309,309,212,382,285,0
Jarrod Hufford,99440,T,IOWA STATE,12,100.0,2,193,58.4,69.2,57.8,3,6,343,100.0,100.0,98.1,8,11,2,593,0,81,494,593,363,363,13,0,230,0
Andrew Kristofic,98413,G,NOTRE DAME,11,100.0,0,258,67.6,72.8,64.4,3,6,314,100.0,100.0,98.2,2,10,1,593,0,576,0,593,325,325,17,0,268,0
Bryan Hudson,98241,G,LOUISVILLE,13,100.0,0,210,68.7,66.4,68.1,1,8,296,100.0,100.0,98.5,1,9,0,592,159,0,0,592,306,306,433,0,286,0
Mike Katic,101575,G,INDIANA,9,100.0,1,190,58.8,62.9,54.8,3,16,321,100.0,100.0,96.7,1,20,1,591,0,591,0,591,342,342,0,0,249,0
Coy McMillon,60106,G,TCU,12,100.0,1,305,58.2,59.0,57.8,1,16,290,100.0,100.0,96.4,5,19,2,590,107,17,0,590,301,301,466,0,289,0
Lorenz Metz,77486,G,CINCINNATI,12,100.0,2,138,65.9,64.0,69.2,0,7,315,100.0,100.0,98.9,5,7,0,587,0,0,0,587,328,328,587,0,259,0
Reuben Fatheree II,146992,T,TEXAS A&M,11,100.0,0,312,72.4,66.4,74.7,0,12,292,100.0,100.0,97.3,3,14,2,583,0,0,24,583,309,309,0,559,274,0
Isaak Gutierrez,128263,G,NEW MEXICO,11,100.0,0,241,63.1,67.5,62.1,1,6,248,100.0,100.0,98.2,3,8,1,583,0,182,0,583,259,259,369,32,324,0
Jack Badovinac,64284,G,ILLINOIS,12,100.0,0,187,76.6,65.8,77.5,4,6,241,100.0,100.0,97.9,2,10,0,582,0,538,0,582,261,261,43,0,321,0
Chibueze Nwanna,99065,T,CHARLOTTE,11,100.0,1,136,50.0,42.7,59.0,4,12,307,100.0,100.0,96.4,7,19,3,580,0,0,580,580,335,335,0,0,245,0
Sam Gerak,59970,C,NWESTERN,9,100.0,0,256,64.0,55.7,67.7,0,7,314,100.0,100.0,98.6,3,8,1,580,580,0,0,580,331,331,0,0,249,0
Eli Cox,99099,G,KENTUCKY,9,100.0,1,202,63.4,58.7,65.8,3,13,287,100.0,100.0,96.9,4,17,1,579,0,0,0,579,296,296,579,0,283,0
Jamaree Salyer,81656,T,GEORGIA,11,100.0,1,173,69.1,87.5,62.0,1,2,271,100.0,100.0,99.1,6,4,1,577,0,2,515,577,293,293,56,0,284,4
Ryan Walk,60011,C,OREGON,9,100.0,0,264,77.3,70.3,78.7,3,7,268,100.0,100.0,97.8,3,11,1,577,306,36,0,577,287,287,235,0,290,0
Casey Roddick,81623,G,COLORADO,12,100.0,0,143,57.3,53.3,58.0,5,12,253,100.0,100.0,95.8,2,19,2,573,0,0,0,573,270,270,573,0,303,0
Keaton Bills,100524,G,UTAH,10,100.0,0,328,62.3,48.1,63.6,2,10,260,100.0,100.0,97.7,1,12,0,573,0,572,0,573,281,281,0,0,292,0
Joshua Pena,121864,G,NAVY,9,100.0,0,237,72.3,5.6,77.1,2,6,95,100.0,100.0,92.6,2,11,3,571,0,561,0,571,105,105,10,0,466,0
Malik Clark,45322,G,KANSAS,10,100.0,0,198,51.5,41.9,51.0,0,6,267,100.0,100.0,98.5,0,7,1,569,0,567,0,569,276,276,2,0,293,0
Garrett Curran,81596,G,BOISE ST,9,100.0,1,120,42.0,34.8,43.4,6,7,291,100.0,100.0,97.1,4,15,2,568,0,532,0,568,302,302,34,2,266,0
Blake Bueter,60807,G,MICH STATE,13,100.0,0,223,83.2,73.8,86.8,0,6,276,100.0,100.0,98.2,3,8,2,567,0,215,0,567,288,288,351,0,279,0
Russell Baker,121957,T,TEXAS ST,8,100.0,1,314,70.5,61.4,73.5,3,13,289,100.0,100.0,96.2,2,19,3,566,117,90,0,566,312,312,0,358,254,1
Dalton Tomlison,98403,C,UMASS,12,100.0,0,216,51.1,40.2,54.9,4,15,292,100.0,100.0,95.7,2,22,3,564,563,0,0,564,308,308,0,0,256,0
Dalton Wagner,58493,T,ARKANSAS,10,100.0,0,111,75.1,73.7,75.8,1,6,236,100.0,100.0,97.2,4,10,3,562,0,0,0,562,251,251,1,560,311,1
Henry Hattis,41923,G,ARIZONA ST,9,100.0,0,110,57.8,72.5,54.8,2,5,283,100.0,100.0,98.8,5,7,0,561,0,0,0,561,295,295,561,0,266,0
Andrew Raym,122940,C,OKLAHOMA,11,100.0,0,261,59.2,67.2,56.5,0,9,295,100.0,100.0,98.1,3,10,1,561,561,0,0,561,314,314,0,0,247,0
Frank Fillip,81624,T,COLORADO,10,99.8,1,143,39.9,29.1,48.2,5,17,262,99.6,99.6,92.4,4,31,9,560,0,0,0,561,281,282,0,559,279,2
Amani Trigg-Wright,81887,G,UNLV,10,100.0,0,325,68.1,67.0,69.7,2,9,315,100.0,100.0,97.3,2,14,3,560,0,1,0,560,329,329,558,0,231,0
Marco Brewer,131730,G,OREGON ST,10,100.0,0,265,88.6,57.7,93.3,2,5,245,100.0,100.0,98.6,5,7,0,560,0,515,15,560,264,264,0,30,296,0
Maurice McIntyre,77365,G,DUKE,12,100.0,0,154,69.2,72.5,68.9,3,6,279,100.0,100.0,98.4,4,9,0,559,0,559,0,559,296,296,0,0,263,0
Jordyn Law,121583,T,ARMY,12,99.8,0,114,55.0,0.0,60.8,1,4,93,98.9,99.0,97.3,0,5,0,556,0,0,498,557,97,98,0,0,459,59
Stewart Reese,41113,G,FLORIDA,12,100.0,0,163,55.5,71.2,52.2,4,6,281,100.0,100.0,98.2,3,10,0,552,0,0,0,552,291,291,552,0,261,0
Haaziq Daniels,125263,QB,AIR FORCE,12,65.6,0,101,76.7,,60.0,0,0,0,0.0,0.0,,1,0,0,552,0,0,0,841,0,121,0,0,552,0
Tyler Vrabel,77343,T,BOSTON COL,10,100.0,0,121,73.8,74.2,71.5,3,9,235,100.0,100.0,95.3,3,17,5,551,0,0,551,551,247,247,0,0,304,0
Carson Van Lynn,77329,T,DUKE,12,100.0,1,154,65.2,53.9,70.3,3,12,291,100.0,100.0,97.1,6,16,1,550,0,0,106,550,309,309,0,444,241,0
Brandon Council,41433,G,AUBURN,10,100.0,0,115,54.1,64.7,50.2,0,7,295,100.0,100.0,98.5,2,8,1,548,0,515,0,548,307,307,33,0,241,0
Devontay Love-Taylor,44392,G,FLORIDA ST,9,100.0,1,167,49.7,67.6,42.7,2,15,304,100.0,100.0,96.5,3,19,2,547,0,0,0,547,321,321,495,52,226,0
Bryce Texeira,77388,T,NAVY,11,100.0,0,237,69.6,32.0,71.3,2,1,90,100.0,100.0,92.8,1,8,5,546,0,198,299,546,100,100,27,22,446,0
Eric Abojei,60824,G,WYOMING,9,100.0,0,351,65.0,71.6,63.7,1,8,250,100.0,100.0,97.4,3,11,2,545,0,545,0,545,259,259,0,0,286,0
Solo Vaipulu,75849,G,HAWAII,9,100.0,0,180,56.5,37.9,68.7,1,22,341,100.0,100.0,95.7,6,26,3,543,0,0,0,543,355,355,543,0,188,0
Brandon Rolfe,100802,G,UTSA,13,100.0,0,331,55.1,44.4,56.1,0,10,254,100.0,100.0,97.6,3,11,1,543,0,543,0,543,274,274,0,0,269,0
Dakota White,122688,T,LA TECH,12,100.0,0,208,47.6,39.8,57.6,4,14,294,100.0,100.0,95.6,7,22,4,540,0,0,151,540,308,308,0,377,232,11
Bryson Speas,59937,T,NC STATE,12,100.0,1,248,69.9,63.3,70.3,1,13,320,100.0,100.0,96.6,1,18,4,537,0,0,10,537,337,337,0,527,200,0
Adam Klein,77395,G,TEMPLE,11,100.0,1,306,56.0,53.9,56.4,2,9,323,100.0,100.0,97.7,4,13,2,535,0,66,0,535,332,332,370,99,203,0
Courtland Ford,131826,T,USC,8,100.0,0,326,59.7,65.1,57.5,7,10,318,100.0,100.0,96.4,6,20,3,535,0,0,535,535,341,341,0,0,194,0
Justin Dedich,83018,G,USC,12,100.0,0,326,85.7,79.0,91.2,2,3,278,100.0,100.0,99.1,4,5,0,534,0,456,0,534,301,301,78,0,233,0
Evan Fields,77417,G,MEMPHIS,11,100.0,0,218,58.4,60.7,55.8,6,5,324,100.0,100.0,97.4,3,14,3,533,0,518,0,533,350,350,15,0,183,0
Maurice Smith,99650,C,FLORIDA ST,9,100.0,0,167,50.6,32.6,58.7,2,12,282,100.0,100.0,96.8,3,16,2,532,532,0,0,532,305,305,0,0,227,0
Khalil Keith,58528,T,BAYLOR,12,100.0,1,118,91.7,75.5,91.2,3,4,205,100.0,100.0,98.3,4,7,0,530,0,0,0,530,213,213,0,530,317,0
Kaleb Holcomb,145960,T,AIR FORCE,11,100.0,0,101,82.0,60.0,79.7,0,5,73,100.0,100.0,96.6,0,5,0,529,0,0,28,529,75,75,0,497,454,4
Jordan Williams,122503,T,GA TECH,10,100.0,0,176,55.3,66.5,51.0,3,10,270,100.0,100.0,96.5,3,16,3,528,0,0,0,528,287,287,0,528,241,0
Dorian Hinton,98283,G,MIDDLE TN,10,100.0,0,224,58.2,77.6,52.6,1,7,278,100.0,100.0,98.6,2,8,0,527,0,527,0,527,295,295,0,0,232,0
Derrick Eason,76805,G,NC STATE,12,100.0,0,248,61.3,61.0,61.7,3,9,314,100.0,100.0,97.5,2,14,2,527,0,0,0,527,326,326,527,0,201,0
Troy Rainey,129901,G,RUTGERS,11,100.0,1,278,44.2,44.8,43.0,1,10,265,100.0,100.0,96.4,2,15,4,527,0,24,0,527,272,272,503,0,255,0
Jacob Still,41563,C,ARK STATE,8,100.0,0,113,58.1,63.5,59.7,0,15,336,100.0,100.0,96.9,7,18,3,526,525,0,0,526,352,352,0,0,174,1
Rocky Lombardi,60452,QB,N ILLINOIS,13,52.7,0,254,71.7,,60.5,0,0,0,0.0,0.0,,0,0,0,526,0,0,0,998,0,391,0,0,526,0
Kyle Hoppe,40461,C,S JOSE ST,10,100.0,1,285,42.4,33.4,49.0,4,8,293,100.0,100.0,97.6,7,13,1,526,526,0,0,526,311,311,0,0,215,0
Mychal Cooper,78029,WR,NAVY,12,82.3,0,237,75.2,66.0,70.8,0,1,10,8.7,8.9,95.0,1,1,0,525,0,0,33,638,11,124,0,22,514,184
Richard Bates Jr.,98665,G,E MICHIGAN,11,100.0,1,160,68.9,59.5,71.1,3,8,311,100.0,100.0,97.3,2,14,3,523,10,0,0,523,320,320,513,0,203,0
Sidney Walker,147381,C,UCONN,9,100.0,0,146,54.9,45.5,66.3,5,11,300,100.0,100.0,96.0,9,20,4,520,520,0,0,520,320,320,0,0,200,0
Matt Goncalves,99680,T,PITTSBURGH,13,99.8,0,268,63.6,66.9,59.7,3,8,298,99.7,99.7,97.1,1,14,3,519,0,6,59,520,310,311,0,442,209,13
Branson Hickman,121928,C,SMU,9,100.0,0,287,60.6,50.1,65.9,3,7,301,100.0,100.0,96.7,4,15,5,518,518,0,0,518,311,311,0,0,207,0
Sione Finau,98074,G,FIU,9,100.0,1,166,65.0,66.8,65.1,4,5,292,100.0,100.0,96.1,2,16,7,518,0,518,0,518,308,308,0,0,210,0
Jalen McKenzie,60817,T,USC,11,100.0,1,326,76.9,78.3,76.9,3,6,273,100.0,100.0,98.4,5,9,0,517,0,0,0,517,300,300,0,517,217,0
Keith Williams,30673,T,COLO STATE,10,100.0,0,144,55.0,58.0,52.7,2,13,269,100.0,100.0,96.1,1,18,3,517,0,0,517,517,280,280,0,0,237,0
Jack Bailey,98061,G,KENT STATE,9,100.0,0,201,62.5,67.0,64.0,0,3,220,100.0,100.0,98.9,4,4,1,515,165,350,0,515,239,239,0,0,276,0
Teagan Quitoriano,84036,TE,OREGON ST,13,74.7,0,265,69.6,64.7,65.7,1,4,88,34.8,36.5,94.9,5,7,2,514,0,0,0,688,100,274,0,0,414,646
Jake Springfield,99425,T,OKLA STATE,9,100.0,0,262,58.8,61.5,55.6,2,11,204,100.0,100.0,95.3,2,16,3,510,0,0,0,510,219,219,0,507,291,3
Will Craig,81605,T,CAL,8,100.0,1,130,52.9,51.9,55.7,5,18,284,100.0,100.0,95.6,5,24,1,510,0,0,510,510,299,299,0,0,211,0
Marcus Bryant,121917,T,SMU,11,100.0,0,287,68.1,80.7,58.0,3,5,280,100.0,100.0,98.2,1,9,1,510,0,0,76,510,288,288,0,433,222,0
Josh Priebe,129733,G,NWESTERN,9,100.0,1,256,59.5,54.4,62.2,4,11,256,100.0,100.0,96.7,3,16,1,509,0,493,7,509,272,272,0,9,237,0
Jacob South,81901,T,UTAH ST,7,100.0,0,329,75.0,68.3,77.0,3,5,271,100.0,100.0,97.4,4,11,3,509,0,0,55,509,286,286,0,454,223,0
Connor Bishop,102830,C,ARMY,9,100.0,0,114,84.7,64.4,81.7,0,2,81,100.0,100.0,98.8,0,2,0,508,508,0,0,508,86,86,0,0,422,0
James Magee,59827,G,MARSHALL,9,100.0,0,214,69.9,75.2,69.6,0,3,270,100.0,100.0,99.1,5,4,1,507,10,402,0,507,284,284,95,0,223,0
Joshua Donovan,98647,G,ARIZONA,8,100.0,1,109,57.8,76.2,55.0,2,4,308,100.0,100.0,99.0,6,6,0,506,0,0,0,506,323,323,506,0,183,0
Hunter Rayburn,99654,C,CLEMSON,9,100.0,1,140,61.5,50.5,65.3,3,8,219,100.0,100.0,96.6,3,13,2,505,327,140,16,505,230,230,22,0,275,0
Sean Bailey,40720,G,E CAROLINA,12,100.0,1,156,54.0,45.9,53.3,2,10,255,100.0,100.0,96.9,1,14,2,505,0,275,0,505,269,269,230,0,236,0
Ko Kieft,41372,TE,MINNESOTA,13,85.3,0,225,92.0,42.1,83.5,2,2,66,45.5,44.9,95.5,1,5,1,504,0,0,0,591,71,158,0,0,433,521
Kevin Davis,60199,G,UTSA,9,100.0,1,331,63.1,64.5,61.8,0,6,252,100.0,100.0,98.8,3,6,0,503,67,0,0,503,271,271,436,0,232,0
James Jackson,56723,C,S ALABAMA,8,100.0,0,288,45.2,27.4,50.4,2,8,254,100.0,100.0,97.6,0,11,1,499,499,0,0,499,266,266,0,0,233,0
Isaac Cochran,101273,G,AIR FORCE,11,100.0,0,101,81.2,43.4,80.8,1,0,42,100.0,100.0,98.8,1,1,0,498,0,473,0,498,44,44,24,0,454,0
Vinny Sciury,130632,G,TOLEDO,11,100.0,0,316,64.3,72.7,66.1,2,7,242,100.0,100.0,97.7,8,10,1,497,0,497,0,497,256,256,0,0,241,0
Parker Clements,123345,T,VA TECH,10,100.0,1,337,74.2,63.8,75.0,3,5,218,100.0,100.0,95.9,2,13,5,495,0,0,10,495,227,227,0,485,268,0
Cade Mays,81995,T,TENNESSEE,10,100.0,0,307,73.4,70.2,73.3,0,4,253,100.0,100.0,98.8,2,5,1,493,0,0,0,493,272,272,0,488,221,5
Silas Dzansi,60211,T,VA TECH,12,100.0,0,337,71.2,77.6,67.8,0,4,229,100.0,100.0,99.1,1,4,0,493,0,163,100,493,241,241,27,203,252,0
Jay Amburgey,98250,T,OHIO,12,100.0,1,259,58.5,57.2,62.2,0,8,210,100.0,100.0,97.1,9,10,2,492,0,0,0,492,230,230,0,492,262,0
Mason Kolinchak,81577,T,ARMY,9,99.8,1,114,73.9,40.2,76.5,0,1,88,98.9,99.0,99.4,3,1,0,491,0,0,28,492,95,96,0,417,396,47
DJ Glaze,129511,T,MARYLAND,13,100.0,0,215,71.5,82.9,61.8,0,4,270,100.0,100.0,99.3,1,4,0,489,0,0,148,489,280,280,1,340,209,0
Panda Askew,122173,G,CHARLOTTE,11,100.0,0,136,54.2,34.1,60.6,6,13,255,100.0,100.0,94.7,4,23,4,483,0,467,1,483,278,278,14,0,205,1
Jack Plumb,81690,T,IOWA,13,100.0,0,192,63.4,36.3,72.2,1,14,204,100.0,100.0,94.9,1,18,3,483,0,0,221,483,216,216,0,262,267,0
Branson Bragg,98251,G,STANFORD,9,100.0,0,300,67.6,77.7,63.5,0,1,283,100.0,100.0,98.8,1,4,3,482,0,0,0,482,301,301,380,102,181,0
Roderic Burns,84334,WR,N TEXAS,13,54.5,0,251,70.2,,56.0,0,0,0,0.0,0.0,,2,0,0,482,0,0,0,884,0,401,0,0,482,0
Dean Powell,81583,G,ARMY,13,100.0,0,114,72.4,38.7,72.0,1,1,64,100.0,100.0,98.4,0,2,0,482,15,230,0,482,70,70,237,0,412,0
Tyshawn Wannamaker,124261,T,S CAROLINA,9,100.0,1,289,52.3,32.2,61.7,3,14,232,100.0,100.0,95.0,3,20,3,480,0,0,0,480,244,244,0,478,236,2
Cooper Mays,124289,C,TENNESSEE,8,100.0,0,307,60.8,57.4,67.4,2,7,268,100.0,100.0,97.9,6,10,1,480,480,0,0,480,282,282,0,0,198,0
Ben Sims,77918,TE,BAYLOR,14,58.8,0,118,59.4,52.1,61.7,0,1,32,9.0,9.2,95.3,2,2,1,479,0,0,0,814,34,368,0,0,445,665
Brandon Coleman,123068,G,TCU,11,100.0,0,305,66.8,80.4,65.1,0,5,247,100.0,100.0,99.0,4,5,0,479,0,432,19,479,257,257,26,0,222,1
Jake Hornibrook,100519,G,STANFORD,12,99.6,0,300,60.9,70.1,58.5,0,8,276,99.3,99.3,98.6,4,8,0,479,0,119,0,481,296,298,353,0,183,9
Ben Cox,124348,G,VANDERBILT,7,100.0,0,333,52.1,38.3,57.0,3,10,265,100.0,100.0,96.8,3,15,2,478,0,0,0,478,276,276,478,0,202,0
Jake Ferguson,61081,TE,WISCONSIN,13,63.6,0,349,87.2,66.9,77.6,0,0,32,11.0,11.1,100.0,7,0,0,478,0,0,0,751,34,307,0,0,444,638
John Gelotte,98406,T,DUKE,10,100.0,0,154,68.7,69.9,65.9,0,6,212,100.0,100.0,97.6,2,8,2,477,0,0,0,477,220,220,0,477,257,0
Dante Cephas,97665,WR,KENT STATE,14,50.1,1,201,76.4,,59.5,0,0,0,0.0,0.0,,3,0,0,477,0,0,0,952,0,475,0,0,477,0
Graham Mertz,97994,QB,WISCONSIN,13,57.9,0,349,65.5,,60.0,0,0,0,0.0,0.0,,4,0,0,476,0,0,0,822,0,324,0,0,476,0
Ma'ake Fifita,100541,G,WASH STATE,13,100.0,0,341,48.5,41.4,48.8,3,16,275,100.0,100.0,95.1,4,23,4,474,0,0,28,474,282,282,390,52,192,2
Nouredin Nouili,98263,G,NEBRASKA,9,100.0,0,238,66.8,63.5,67.1,0,5,228,100.0,100.0,98.9,1,5,0,473,0,444,0,473,241,241,29,0,232,0
Cole Smith,99094,G,MISS STATE,10,100.0,0,227,61.8,74.3,60.2,1,6,329,100.0,100.0,98.3,4,9,2,472,0,126,0,472,353,353,346,0,119,0
Jonah Monheim,86461,T,USC,10,100.0,0,326,70.7,64.1,71.1,4,13,285,100.0,100.0,95.6,0,21,4,472,0,0,19,472,301,301,14,439,171,0
Braylen Nelson,146050,G,FRESNO ST,8,100.0,0,169,44.7,33.3,51.0,3,12,266,100.0,100.0,96.4,6,17,2,472,0,447,25,472,277,277,0,0,195,0
Tyquan Thornton,78092,WR,BAYLOR,14,54.6,0,118,82.9,,74.7,0,0,0,0.0,0.0,,1,0,0,471,0,0,0,863,0,392,0,0,471,0
Gary Hoover,100245,G,OHIO,10,100.0,0,259,60.8,68.4,58.0,1,7,219,100.0,100.0,98.2,1,8,0,470,0,467,0,470,240,240,3,0,230,0
Joel Wilson,77943,TE,C MICHIGAN,13,54.5,1,134,59.2,45.4,63.0,2,4,60,13.8,14.1,95.0,4,6,0,469,0,0,0,860,64,455,0,0,405,635
Carlos Vettorello,77348,T,SYRACUSE,8,100.0,0,304,60.5,58.1,62.9,2,8,231,100.0,100.0,97.8,3,10,0,469,118,0,10,469,239,239,0,341,230,0
Tanner Morgan,55239,QB,MINNESOTA,13,57.0,0,225,74.0,,60.5,0,0,0,0.0,0.0,,1,0,0,467,0,0,0,819,0,322,0,0,467,0
Eliki Tanuvasa,79663,G,HAWAII,9,100.0,0,180,59.9,74.5,55.2,0,12,273,100.0,100.0,97.4,2,13,1,465,0,96,0,465,289,289,369,0,176,0
Cedrice Paillant,129895,G,RUTGERS,10,100.0,0,278,58.1,53.5,56.9,2,14,232,100.0,100.0,96.6,1,16,0,463,0,454,0,463,242,242,9,0,221,0
Ollie Lane,81853,G,TENNESSEE,10,100.0,0,307,58.4,48.0,60.6,2,8,201,100.0,100.0,96.5,2,12,2,462,0,419,0,462,214,214,43,0,248,0
Joey Luchetti,77877,TE,BOSTON COL,12,75.4,0,121,72.8,65.8,80.5,1,2,63,30.9,30.6,94.4,3,5,2,459,0,0,1,609,66,216,0,0,393,576
Blake Zubovic,77331,G,PITTSBURGH,9,100.0,0,268,65.8,79.2,61.7,0,7,261,100.0,100.0,98.3,3,8,1,459,105,138,0,459,273,273,216,0,186,0
Matthew Jones,81781,G,OHIO STATE,11,100.0,0,260,83.7,73.7,89.4,2,6,249,100.0,100.0,98.4,3,8,0,459,25,328,0,459,262,262,106,0,197,0
Davis Brin,77642,QB,TULSA,13,46.2,0,320,74.2,,60.0,0,0,0,0.0,0.0,,5,0,0,457,0,0,0,989,0,502,0,0,457,0
Dalton Tucker,81717,G,MARSHALL,12,100.0,0,214,67.0,53.7,70.4,5,3,228,100.0,100.0,97.8,1,9,1,457,0,43,36,457,241,241,338,40,216,0
Trent Thompson,84074,TE,UTEP,13,74.7,0,330,78.9,77.1,80.9,0,0,91,38.7,39.6,98.9,2,1,1,455,0,0,0,609,101,255,0,0,354,596
D'Mitri Emmanuel,59657,G,CHARLOTTE,7,100.0,0,136,61.9,67.6,59.3,0,5,222,100.0,100.0,98.9,2,5,0,455,0,287,0,455,234,234,1,167,221,0
Mason Trotter,99652,C,CLEMSON,7,100.0,0,140,76.3,67.4,77.7,2,4,207,100.0,100.0,98.6,2,6,0,454,320,14,0,454,218,218,120,0,236,0
Biron Rossell,78388,T,LA TECH,11,100.0,1,208,44.7,44.9,48.1,5,9,269,100.0,100.0,96.7,4,16,2,454,0,0,427,454,286,286,0,24,168,3
Ulumoo Ale,81926,G,WASHINGTON,9,100.0,0,340,58.3,59.9,58.1,0,7,236,100.0,100.0,98.5,2,7,0,453,0,453,0,453,251,251,0,0,202,0
Rudy Stofer,57111,T,WYOMING,13,100.0,0,351,64.6,64.1,61.5,2,8,182,100.0,100.0,95.6,0,13,3,453,0,0,441,453,189,189,0,0,264,11
Cam Craig,101598,T,PURDUE,12,100.0,0,273,59.0,47.2,62.6,3,9,267,100.0,100.0,97.0,2,14,2,453,0,33,3,453,279,279,15,402,174,0
Daniel Bellinger,84041,TE,S DIEGO ST,13,66.5,0,284,64.1,62.1,63.6,0,2,49,18.7,20.1,98.0,5,2,0,452,0,0,2,680,57,284,0,0,395,505
Dane Kinamon,104192,HB,AIR FORCE,12,81.7,1,101,81.9,69.2,92.4,0,0,1,1.6,1.5,100.0,2,0,0,451,0,0,0,552,1,66,0,0,450,6
Luke Smith,102705,G,APP STATE,11,100.0,0,108,69.2,81.7,64.9,0,3,200,100.0,100.0,99.2,1,3,0,451,16,303,0,451,213,213,132,0,238,0
Kaleb Eleby,77686,QB,W MICHIGAN,13,48.0,0,347,73.9,,60.1,0,0,0,0.0,0.0,,1,0,0,450,0,0,0,937,0,464,0,0,450,0
Adonis Boone,77558,G,LOUISVILLE,12,100.0,0,210,68.2,73.1,70.6,1,2,214,100.0,100.0,98.8,6,4,1,450,0,0,0,450,227,227,450,0,223,0
Ethan White,98418,G,FLORIDA,8,100.0,0,163,66.7,65.8,66.5,0,6,214,100.0,100.0,98.6,1,6,0,448,0,448,0,448,226,226,0,0,222,0
Jack Bradley,98432,TE,RICE,12,70.3,1,275,61.8,55.1,65.7,0,1,48,21.2,22.6,99.0,2,1,0,446,0,0,0,634,55,243,0,1,391,541
Michael Gonzalez,144155,T,LOUISVILLE,12,100.0,0,210,65.8,61.9,65.6,3,5,207,100.0,100.0,96.6,3,11,3,446,0,0,190,446,222,222,0,248,224,8
Ben Brown,59869,G,OLE MISS,6,100.0,1,226,70.2,68.0,69.6,1,5,225,100.0,100.0,98.2,2,7,1,444,0,0,0,444,241,241,444,0,203,0
Luke Ford,83973,TE,ILLINOIS,12,71.8,0,187,54.1,66.5,63.9,0,1,47,22.4,24.0,98.9,5,1,0,442,0,0,2,616,55,229,0,4,387,544
Zuri Henry,81907,T,UTEP,13,100.0,0,330,80.4,87.6,76.7,1,2,186,100.0,100.0,99.2,5,3,0,441,0,0,268,441,196,196,0,173,245,0
Thor Paglialong,145955,C,AIR FORCE,11,100.0,0,101,82.0,47.5,79.4,0,1,60,100.0,100.0,92.5,0,5,4,440,440,0,0,440,60,60,0,0,380,0
Nick Muse,61079,TE,S CAROLINA,13,60.7,0,289,63.3,59.7,68.4,2,1,84,23.9,23.6,97.0,3,4,1,438,0,0,0,721,87,369,0,0,351,541
Michael Niese,108444,T,TEMPLE,8,100.0,0,306,84.2,78.1,83.4,2,6,256,100.0,100.0,98.0,2,9,1,438,0,0,0,438,263,263,0,438,175,0
Cade Brewer,61034,TE,TEXAS,12,59.0,1,311,55.3,54.2,63.2,1,6,86,22.9,23.4,93.6,3,9,2,438,0,0,0,743,93,397,0,0,345,573
William Lay III,62971,G,GA TECH,11,100.0,0,176,56.1,63.5,53.9,1,9,237,100.0,100.0,97.9,2,10,0,438,8,226,0,438,251,251,204,0,187,0
Broderick Jones,124025,T,GEORGIA,11,100.0,1,173,78.8,71.0,76.5,1,5,186,100.0,100.0,97.3,1,8,2,438,0,0,428,438,194,194,0,9,244,1
Sam LaPorta,101690,TE,IOWA,14,55.1,0,192,72.3,57.1,52.2,0,1,38,10.1,10.6,98.7,1,1,0,436,0,0,0,792,42,398,0,0,394,547
Tope Imade,41569,G,TEXAS,9,100.0,1,311,66.6,65.2,70.7,1,5,221,100.0,100.0,97.7,5,8,2,436,0,0,0,436,232,232,436,0,204,0
Johnny Jordan,59835,C,VA TECH,13,100.0,1,337,68.7,82.4,66.6,1,3,196,100.0,100.0,99.0,4,4,0,436,245,80,0,436,203,203,111,0,233,0
Keshunn Abram,100266,WR,KENT STATE,14,47.9,0,201,68.2,,60.8,0,0,0,0.0,0.0,,1,0,0,436,0,0,0,911,0,475,0,0,436,0
Levi Lewis,60428,QB,LA LAFAYET,14,44.9,0,207,78.5,,60.5,0,0,0,0.0,0.0,,5,0,0,435,0,0,0,968,0,467,0,0,435,0
Dante Adkins Jr.,98051,G,FRESNO ST,12,100.0,0,169,65.3,76.0,62.0,2,8,263,100.0,100.0,98.1,3,10,0,435,0,0,115,435,273,273,291,29,162,0
Chase Brice,60363,QB,APP STATE,14,46.9,0,108,78.9,,60.0,0,0,0,0.0,0.0,,3,0,0,435,0,0,0,928,0,466,0,0,435,0
Quian Williams,61237,WR,BUFFALO,12,52.2,0,126,74.1,,62.4,0,0,0,0.0,0.0,,1,0,0,434,0,0,0,832,0,398,0,0,434,1
Justin Rigg,42096,TE,KENTUCKY,13,67.1,2,202,62.6,65.8,66.2,0,2,71,25.4,25.3,97.2,3,3,1,434,0,0,2,647,72,285,0,3,362,472
Christopher Bleich,81634,G,SYRACUSE,8,100.0,0,304,64.8,50.8,68.1,1,8,184,100.0,100.0,97.0,3,10,1,433,0,371,0,433,192,192,62,0,241,0
Vic Cutler,98229,C,LA MONROE,8,100.0,0,209,44.3,51.5,43.7,1,5,206,100.0,100.0,98.1,2,7,1,432,242,0,42,432,225,225,0,148,207,0
Dustin Crum,60418,QB,KENT STATE,14,42.0,0,201,91.2,60.9,60.2,0,0,0,0.0,0.2,,4,0,0,432,0,0,0,1028,1,507,0,0,431,0
Cade Beresford,81934,G,WASH STATE,11,100.0,0,341,64.5,87.9,56.9,0,1,240,100.0,100.0,99.8,2,1,0,431,0,0,0,431,249,249,425,0,182,6
Gavin Byers,122263,T,BAYLOR,12,100.0,0,118,76.5,73.3,74.6,0,5,195,100.0,100.0,98.7,1,5,0,428,0,0,3,428,200,200,0,425,228,0
Luke Musgrave,98499,TE,OREGON ST,13,61.7,0,265,60.1,65.9,55.9,0,1,35,12.4,12.5,95.7,3,2,1,428,0,0,0,694,38,303,0,0,390,551
Trey McBride,75916,TE,COLO STATE,12,50.4,1,144,94.8,75.8,69.3,0,0,27,6.3,6.1,100.0,8,0,0,426,0,0,0,846,27,446,0,0,399,675
Alonzo Velazquez,60823,T,WYOMING,11,100.0,0,351,57.4,59.4,61.9,2,9,182,100.0,100.0,97.0,5,11,0,426,0,0,418,426,190,190,0,7,236,0
Will Farrar,60132,C,BOISE ST,8,100.0,0,120,50.1,49.8,49.3,2,12,240,100.0,100.0,96.2,2,16,2,426,250,102,0,426,255,255,74,0,171,0
Ty Clary,58490,T,ARKANSAS,9,100.0,0,111,80.0,65.6,80.1,0,5,170,100.0,100.0,97.9,0,6,1,425,23,0,0,425,176,176,101,301,249,0
Briason Mays,77469,C,SO MISS,11,100.0,0,296,53.6,50.7,59.0,0,7,174,100.0,100.0,96.8,6,9,2,425,224,0,201,425,187,187,0,0,238,0
Beau Morris,24688,T,SMU,9,100.0,0,287,62.9,66.5,58.5,4,8,248,100.0,100.0,97.2,2,13,1,425,0,0,124,425,264,264,0,299,161,2
Jazston Turnetine,124260,T,S CAROLINA,10,100.0,0,289,49.4,41.9,54.5,2,3,211,100.0,100.0,96.9,4,9,4,423,0,0,422,423,220,220,0,0,203,1
Joe Michalski,99426,C,OKLA STATE,6,100.0,0,262,63.0,55.5,63.0,2,9,211,100.0,100.0,96.9,1,12,1,423,423,0,0,423,231,231,0,0,192,0
Carlinos Acie,77866,HB,NAVY,12,74.0,0,237,72.7,55.1,54.9,0,1,20,20.8,19.8,92.5,1,2,1,421,0,0,0,569,20,101,0,0,401,11
Cole Fotheringham,84070,TE,UTAH,14,75.0,0,328,74.7,76.0,76.5,2,0,69,34.0,35.2,98.6,1,2,0,421,0,0,0,561,76,216,0,0,345,496
Cornelius Johnson,97996,WR,MICHIGAN,14,52.6,0,222,67.1,,66.3,0,0,0,0.0,0.0,,1,0,0,421,0,0,0,801,0,377,0,0,421,0
Charles Fletcher,59938,C,TEXAS ST,6,100.0,0,314,68.5,64.9,70.9,1,3,217,100.0,100.0,99.1,5,4,0,420,420,0,0,420,233,233,0,0,187,0
Jason Pirtle,42235,TE,N TEXAS,13,61.4,0,251,65.6,71.3,51.4,0,2,55,18.4,18.6,98.2,2,2,0,419,0,0,0,682,60,323,0,0,359,280
Deven Thompkins,84480,WR,UTAH ST,14,41.9,0,329,83.1,,51.8,0,0,0,0.0,0.0,,5,0,0,419,0,0,0,1001,0,580,0,0,419,1
Joshua Cephus,98095,WR,UTSA,14,46.5,0,331,70.5,,68.3,0,0,0,0.0,0.0,,1,0,0,419,0,0,0,901,0,481,0,0,419,1
Darius Tisdale,99682,T,SYRACUSE,8,100.0,0,304,38.1,4.4,50.8,2,22,188,100.0,100.0,89.9,1,31,7,419,0,0,0,419,203,203,164,255,216,0
Chasen Hines,81531,G,LSU,8,100.0,0,211,68.7,64.4,70.6,2,4,245,100.0,100.0,97.6,1,9,3,419,0,0,0,419,255,255,419,0,164,0
Josh Johnson,61329,WR,TULSA,13,46.7,0,320,75.6,,56.8,0,0,0,0.0,0.0,,1,0,0,419,0,0,0,897,0,476,0,0,419,0
Radson Jang,59919,C,NEW MEXICO,9,100.0,1,241,63.8,59.6,62.4,0,5,139,100.0,100.0,97.5,1,6,1,419,358,0,0,419,143,143,14,47,276,0
Chance Warren,77869,HB,NAVY,12,72.6,0,237,71.4,74.0,71.4,0,0,2,1.8,1.7,100.0,1,0,0,418,0,0,0,576,2,119,0,0,416,9
Alex Howie,77527,G,E MICHIGAN,8,100.0,0,160,63.4,65.4,61.0,1,7,230,100.0,100.0,97.4,0,10,2,417,0,26,0,417,239,239,391,0,178,0
Skyy Moore,97116,WR,W MICHIGAN,12,50.6,0,347,91.8,,67.3,0,0,0,0.0,0.0,,0,0,0,417,0,0,0,824,0,406,0,0,417,1
Coker Wright,98240,C,SO MISS,7,100.0,0,296,39.2,40.3,41.3,2,6,225,100.0,100.0,98.2,3,8,0,414,344,0,0,414,244,244,70,0,170,0
Tay Martin,61811,WR,OKLA STATE,13,47.0,0,262,84.0,61.9,68.7,0,0,1,0.2,0.2,100.0,2,0,0,413,0,0,0,878,1,465,0,0,412,0
Kalan Ellis,144042,G,SYRACUSE,8,100.0,1,304,54.4,61.1,54.4,1,6,192,100.0,100.0,97.7,4,8,1,413,0,413,0,413,202,202,0,0,211,0
Dayne Davis,99049,T,TENNESSEE,10,100.0,1,307,56.8,55.5,58.4,0,7,198,100.0,100.0,96.2,4,11,4,410,0,0,0,410,209,209,0,409,201,1
Grant Misch,77560,TE,VIRGINIA,12,70.4,0,335,48.4,65.9,54.6,2,5,253,60.7,60.5,97.4,2,10,3,409,0,0,2,581,263,435,0,3,146,433
Austin Aune,83528,QB,N TEXAS,13,50.2,0,251,71.2,,60.4,0,0,0,0.0,0.0,,0,0,0,409,0,0,0,815,0,347,0,0,409,0
Kent Foster,98696,G,S ALABAMA,8,100.0,0,288,55.8,44.3,56.4,3,15,232,100.0,100.0,95.3,1,20,2,408,0,321,0,408,239,239,87,0,169,0
Leroy Watson,98723,TE,UTSA,13,67.3,0,331,60.9,66.1,78.3,0,3,71,27.5,28.6,97.9,1,3,0,408,0,0,0,606,79,276,0,0,329,507
Bryce Young,123943,QB,ALABAMA,15,38.2,0,103,92.1,,60.1,0,0,0,0.0,0.0,,10,0,0,408,0,0,0,1068,0,648,0,0,408,0
Jake Roberts,121905,TE,N TEXAS,13,73.3,0,251,56.4,54.0,56.6,1,0,44,23.9,26.0,98.9,3,1,0,407,0,0,1,555,52,200,0,0,355,404
Dalton Kincaid,91791,TE,UTAH,14,60.7,0,328,79.2,74.5,58.0,0,0,40,14.1,14.1,100.0,2,0,0,406,0,0,0,669,43,305,0,0,363,477
Beau Johnson,97640,TE,GA SOUTHRN,12,63.7,0,174,45.3,44.0,42.9,2,1,46,17.2,17.6,92.4,1,5,2,404,0,0,0,634,49,279,0,0,355,168
Cade McNamara,101620,QB,MICHIGAN,14,50.3,0,222,77.4,,60.1,0,0,0,0.0,0.0,,2,0,0,402,0,0,0,800,0,372,0,0,402,0
Kamaron Holloway,81586,T,ARMY,12,100.0,0,114,61.5,36.9,62.5,0,2,43,100.0,100.0,97.7,1,2,0,401,0,0,188,401,48,48,0,153,353,59
Wisdom Quarshie,98198,G,TEMPLE,10,100.0,0,306,55.4,53.0,56.3,2,8,243,100.0,100.0,97.9,3,10,0,400,0,287,0,400,249,249,113,0,151,0
Drake Dabney,122264,TE,BAYLOR,14,74.2,0,118,47.8,59.3,48.9,0,5,54,28.9,28.4,95.4,1,5,0,400,0,0,0,539,55,194,0,0,345,523
Ethan Hall,101105,TE,TULSA,13,73.5,1,320,56.8,65.9,71.0,0,0,24,15.1,15.8,100.0,6,0,0,399,0,0,0,543,27,171,0,0,372,528
Keegan Smith,145719,G,C MICHIGAN,12,100.0,0,134,65.4,62.1,67.3,2,6,188,100.0,100.0,96.8,2,10,2,398,0,72,0,398,196,196,326,0,202,0
Cody Rudy,43508,TE,BALL ST,13,59.2,0,117,50.9,65.9,65.1,0,0,67,20.2,20.6,100.0,2,0,0,398,1,0,0,672,71,345,0,0,327,487
Luke Griffin,99087,G,MISSOURI,8,100.0,0,229,70.9,65.5,71.7,0,6,172,100.0,100.0,96.5,1,9,3,397,0,331,0,397,182,182,66,0,215,0
Mitchell Brinkman,42021,TE,USF,12,67.0,0,327,54.1,47.5,58.2,0,9,83,31.0,30.6,93.4,1,10,1,396,0,0,0,591,86,281,0,0,310,441
Jaylen Nichols,99040,G,S CAROLINA,8,100.0,0,289,58.1,48.0,61.9,4,7,187,100.0,100.0,97.1,3,11,0,396,0,207,186,396,194,194,0,1,202,2
Jaxon Hughes,98504,T,CHARLOTTE,8,100.0,0,136,52.7,42.8,55.4,3,13,190,100.0,100.0,94.2,0,19,3,394,0,0,241,394,200,200,0,150,194,3
Sam Hartman,77618,QB,WAKE,14,36.9,1,339,91.8,,60.4,0,0,0,0.0,0.0,,1,0,0,393,0,0,0,1064,0,637,0,0,393,0
Cedric Tillman,84434,WR,TENNESSEE,13,45.7,0,307,77.3,,62.4,0,0,0,0.0,0.0,,3,0,0,392,0,0,0,857,0,465,0,0,392,4
Derek Wright,101347,WR,UTAH ST,14,43.3,0,329,72.0,,71.3,0,0,0,0.0,0.0,,2,0,0,391,0,0,0,903,0,512,0,0,391,0
Logan Osburn,53851,G,MARSHALL,9,100.0,0,214,69.6,64.8,73.1,2,1,214,100.0,100.0,97.9,2,6,3,391,7,30,0,391,227,227,354,0,164,0
Chance Nolan,78493,QB,OREGON ST,13,47.5,0,265,84.7,,60.3,0,0,0,0.0,0.0,,1,0,0,391,0,0,0,823,0,392,0,0,391,0
Lucas Krull,83962,TE,PITTSBURGH,14,43.5,0,268,58.7,66.2,48.8,1,1,49,9.2,9.1,98.0,3,2,0,391,0,0,167,898,51,558,0,61,340,359
Delfin Xavier Castillo,146960,G,VANDERBILT,8,100.0,0,333,60.8,49.1,63.7,0,9,218,100.0,100.0,97.9,1,9,0,391,0,39,0,391,228,228,351,0,163,0
Nick Gallo,98296,TE,VA TECH,13,65.3,0,337,57.0,53.3,57.8,0,4,79,28.3,28.1,96.2,0,5,1,390,0,0,1,597,81,288,0,0,309,437
Oscar Cardenas,98291,TE,UTSA,14,62.6,0,331,72.0,56.6,73.9,0,4,58,21.2,21.4,96.6,1,4,0,389,0,0,0,621,63,295,0,1,326,472
TJ Moore,59679,T,CHARLOTTE,9,100.0,0,136,63.8,65.3,63.6,3,7,175,100.0,100.0,97.1,4,10,0,389,0,20,0,389,191,191,0,369,198,0
Joe Bissinger,99648,G,VIRGINIA,11,100.0,0,335,59.7,64.8,56.5,0,4,261,100.0,100.0,98.5,3,6,2,389,0,339,1,389,278,278,49,0,111,0
Spencer Sanders,77660,QB,OKLA STATE,13,39.4,0,262,84.5,62.2,60.1,0,0,1,0.2,0.2,100.0,2,0,0,388,0,0,0,985,1,490,0,0,387,0
Atonio Mafi,82449,G,UCLA,10,100.0,0,324,70.5,69.1,71.1,1,3,187,100.0,100.0,97.9,1,6,2,386,0,150,0,386,196,196,235,1,190,0
Matt Bockhorst,51714,C,CLEMSON,7,100.0,0,140,54.0,66.1,57.4,3,6,197,100.0,100.0,97.2,6,10,1,385,234,56,0,385,211,211,95,0,174,0
Baveon Johnson,41337,C,FLORIDA ST,8,100.0,0,167,58.6,50.8,60.3,2,5,185,100.0,100.0,98.1,1,7,0,385,280,0,0,385,198,198,104,0,187,0
Ches Jackson,75855,T,COLO STATE,9,100.0,0,144,58.2,55.5,57.1,1,12,187,100.0,100.0,95.5,0,15,2,384,0,0,0,384,194,194,0,384,190,0
John Samuel Shenker,60854,TE,AUBURN,13,52.6,0,115,60.5,65.1,58.3,0,2,51,13.4,13.3,98.0,1,2,0,384,0,0,0,730,53,398,0,0,331,369
Isaac Ellis,77419,G,MEMPHIS,7,100.0,1,218,56.3,30.1,67.0,2,6,209,100.0,100.0,97.1,5,10,2,384,0,384,0,384,220,220,0,0,164,0
Lavel Dumont,77512,T,TOLEDO,8,100.0,1,316,41.2,23.5,57.1,3,10,208,100.0,100.0,93.0,5,21,8,384,0,0,0,384,225,225,0,384,159,0
Blake Kern,60848,TE,ARKANSAS,13,70.1,0,111,60.2,64.5,66.3,0,2,50,24.4,24.9,96.0,2,3,1,383,0,0,0,546,54,217,0,2,329,348
Alex Pihlstrom,60911,G,ILLINOIS,11,100.0,1,187,64.8,42.3,68.9,4,6,167,100.0,100.0,95.2,1,13,3,382,0,137,73,382,187,187,156,5,195,11
Jalyn Galmore,81918,T,UTSA,11,100.0,0,331,58.6,39.5,65.0,3,10,174,100.0,100.0,95.7,1,14,1,382,0,0,90,382,183,183,0,292,199,0
Thomas Odukoya,77872,TE,E MICHIGAN,13,70.0,1,160,57.3,58.9,56.3,1,0,89,36.2,35.4,97.2,2,3,2,382,0,0,0,546,90,254,0,0,292,481
Jaylen Hall,61825,WR,W MICHIGAN,12,49.4,0,347,70.0,,60.1,0,0,0,0.0,0.0,,0,0,0,382,0,0,0,774,0,392,0,0,382,0
Jake Levengood,81794,G,OREGON ST,8,100.0,0,265,77.7,68.0,80.2,3,1,162,100.0,100.0,97.5,1,6,2,381,0,381,0,381,173,173,0,0,208,0
DeAndre Hughes,101359,HB,AIR FORCE,10,72.2,0,101,69.2,49.8,67.6,0,2,14,15.2,14.7,92.9,3,2,0,381,0,0,0,528,14,95,0,0,367,0
Ed Montilus,77353,G,N CAROLINA,13,100.0,0,245,67.8,63.0,69.4,0,6,201,100.0,100.0,98.0,1,7,1,380,0,380,0,380,217,217,0,0,163,0
John Bolding,81641,G,SO MISS,9,100.0,0,296,50.7,24.5,55.6,1,6,166,100.0,100.0,96.7,2,9,2,380,0,0,0,380,179,179,380,0,201,0
Frank Harris,60586,QB,UTSA,14,40.5,0,331,86.2,,60.1,0,0,0,0.0,0.0,,0,0,0,380,0,0,0,939,0,489,0,0,380,0
Will Mallory,77888,TE,MIAMI FL,12,48.8,1,220,52.4,73.3,44.2,0,1,95,20.1,20.7,98.4,2,2,1,380,0,0,4,779,104,503,0,0,276,297
Brady Russell,60876,TE,COLORADO,12,61.8,0,143,69.8,59.5,65.7,1,2,51,18.8,19.3,97.1,1,3,0,380,0,0,0,615,56,290,0,2,324,472
Greg Dulcich,84068,TE,UCLA,12,48.7,0,324,65.9,23.8,52.9,0,2,24,6.0,6.1,91.7,6,3,1,379,0,0,23,779,26,426,0,22,353,477
Justin Garrett,84486,WR,UTEP,13,47.9,0,330,73.2,,57.9,0,0,0,0.0,0.0,,2,0,0,379,0,0,0,792,0,412,0,0,379,1
Treylon Burks,99218,WR,ARKANSAS,12,52.7,0,111,85.8,0.0,58.2,0,0,0,0.0,0.0,,4,0,0,378,0,0,0,717,0,328,0,0,378,19
Jovani Haskins,41005,TE,RUTGERS,13,68.1,0,278,62.9,58.0,67.3,0,2,81,32.0,31.7,97.5,2,3,1,378,0,0,0,555,82,259,0,0,296,448
Dylan Wonnum,81842,T,S CAROLINA,6,100.0,0,289,66.8,62.5,67.3,3,2,199,100.0,100.0,97.7,1,7,2,378,0,0,0,378,210,210,0,378,168,0
Will Rykard,97849,C,UAB,9,100.0,0,321,70.1,69.9,67.2,0,5,171,100.0,100.0,98.0,1,6,1,377,377,0,0,377,181,181,0,0,196,0
Payton Thorne,101629,QB,MICH STATE,13,42.2,0,223,77.6,,60.5,0,0,0,0.0,0.0,,1,0,0,377,0,0,0,894,0,459,0,0,377,0
Chase Allen,39988,TE,IOWA STATE,13,53.3,0,193,63.6,58.8,67.4,0,3,62,16.5,16.5,97.6,0,3,0,376,0,0,0,706,65,395,0,1,311,522
Michael Brown Stephens,97191,WR,MINNESOTA,13,57.9,0,225,64.2,,61.9,0,0,0,0.0,0.0,,0,0,0,373,0,0,0,644,0,271,0,0,373,1
Jake Molinich,45060,TE,BUFFALO,12,77.0,0,126,56.8,57.8,64.2,0,2,40,28.6,30.3,97.5,0,2,0,372,0,0,0,483,47,155,0,0,325,432
Ryan Booth,104208,T,AIR FORCE,10,100.0,0,101,56.7,40.2,59.5,0,4,52,100.0,100.0,94.2,2,5,1,372,0,0,47,372,53,53,0,323,319,2
Gavin Hardison,100827,QB,UTEP,13,45.6,0,330,59.1,,60.7,0,0,0,0.0,0.0,,6,0,0,371,0,0,0,814,0,422,0,0,371,0
Justin McGriff,84325,WR,UTAH ST,14,43.6,0,329,55.8,,55.0,0,0,0,0.0,0.0,,0,0,0,371,0,0,0,850,0,479,0,0,371,3
Dalton King,125272,TE,AIR FORCE,13,86.5,0,101,69.5,64.8,80.3,0,1,7,11.3,10.8,92.9,4,1,0,371,0,0,27,429,7,65,0,25,364,211
Christian Trahan,77912,TE,HOUSTON,14,52.5,0,182,61.9,52.9,63.3,0,2,41,11.5,10.9,95.1,2,3,1,371,0,0,0,707,41,377,0,0,330,454
Dontario Drummond,98738,WR,OLE MISS,12,46.3,0,226,79.2,51.7,45.4,0,1,3,0.7,0.7,83.3,5,1,0,371,0,0,0,802,3,429,0,0,368,36
Cameron Rising,77663,QB,UTAH,13,46.2,0,328,84.7,81.4,60.1,0,0,2,0.6,0.5,100.0,3,0,0,369,0,0,0,798,2,375,0,0,367,0
Zay Flowers,97268,WR,BOSTON COL,12,51.2,1,121,73.0,,61.6,0,0,0,0.0,0.0,,3,0,0,368,0,0,0,719,0,344,0,0,368,3
Logan Bonner,39990,QB,UTAH ST,14,40.3,0,329,81.1,62.2,60.0,0,0,1,0.2,0.2,100.0,0,0,0,367,0,0,0,910,1,510,0,0,366,0
Luke Schoonmaker,84005,TE,MICHIGAN,14,65.7,0,222,55.0,61.4,50.4,1,0,30,14.2,14.7,98.3,2,1,0,366,0,0,1,557,33,224,0,1,333,406
Grayson Gunter,42364,TE,SO MISS,12,59.5,1,296,50.8,67.3,49.0,0,1,44,15.8,15.9,98.9,7,1,0,365,0,0,0,613,47,295,0,0,318,462
Treyton Welch,98097,TE,WYOMING,12,61.7,0,351,59.7,76.2,60.0,1,0,42,16.0,16.8,98.8,1,1,0,365,0,0,0,592,46,273,0,0,319,512
KJ Jefferson,99129,QB,ARKANSAS,13,43.5,0,111,87.0,62.2,60.2,0,0,1,0.3,0.3,100.0,2,0,0,365,0,0,0,840,1,375,0,0,364,0
Casey Kelly,99191,TE,OLE MISS,11,59.6,1,226,52.6,70.6,49.9,1,1,69,22.5,22.8,98.6,1,2,0,364,0,0,0,611,73,320,0,0,291,270
Brian Greene,60220,C,WASH STATE,8,100.0,3,341,56.4,63.2,56.9,1,8,204,100.0,100.0,97.3,4,10,1,364,273,90,0,364,213,213,0,0,151,0
Brendan Bordner,56812,T,RUTGERS,10,99.7,1,278,45.4,54.3,47.8,3,9,194,99.5,99.5,96.9,5,12,0,364,0,0,233,365,202,203,0,130,162,1
Ali Jennings III,145344,WR,DOMINION,13,47.4,0,263,71.2,,72.4,0,0,0,0.0,0.0,,1,0,0,364,0,0,0,768,0,404,0,0,364,0
Joseph Hooper,101038,G,TEMPLE,12,100.0,0,306,59.7,55.5,61.8,4,7,205,100.0,100.0,96.8,3,12,1,364,0,364,0,364,210,210,0,0,154,0
Mike Evans,83928,TE,APP STATE,14,72.1,0,108,49.6,59.5,49.3,0,2,71,34.1,34.4,98.6,0,2,0,364,0,0,1,505,74,215,0,2,290,342
Tyson Morris,61144,WR,ARKANSAS,13,56.4,0,111,59.2,,58.5,0,0,0,0.0,0.0,,1,0,0,362,0,0,0,642,0,280,0,0,362,2
Zeke Correll,53431,G,NOTRE DAME,8,100.0,0,258,58.2,72.3,57.8,1,4,208,100.0,100.0,98.3,4,6,1,362,18,344,0,362,221,221,0,0,141,0
Jayden Reed,78171,WR,MICH STATE,13,46.4,0,223,82.2,,65.3,0,0,0,0.0,0.0,,1,0,0,360,0,0,0,776,0,410,0,0,360,3
Isaiah Likely,83955,TE,COAST CAR,13,53.0,0,141,93.3,66.5,75.0,0,1,27,8.2,8.1,98.1,1,1,0,360,0,0,0,679,28,346,0,0,332,473
Donte Harrington,41584,C,BOISE ST,7,100.0,0,120,29.2,9.4,42.3,5,13,193,100.0,100.0,94.3,0,20,2,360,360,0,0,360,202,202,0,0,158,0
Matt Corral,83517,QB,OLE MISS,13,38.5,0,226,86.1,,60.1,0,0,0,0.0,0.0,,9,0,0,359,0,0,0,933,0,498,0,0,359,0
Henry Pearson,83930,TE,APP STATE,11,75.3,0,108,61.1,58.8,58.7,2,2,103,47.2,48.0,97.1,3,5,1,359,0,0,0,477,109,227,0,0,250,299
Paul Gainer Jr.,60079,T,SO MISS,11,100.0,0,296,38.1,35.6,40.4,2,6,129,100.0,100.0,96.1,1,9,1,359,0,0,308,359,139,139,0,51,220,0
Gerry Bohanon,77636,QB,BAYLOR,12,48.7,0,118,80.3,,60.0,0,0,0,0.0,0.0,,3,0,0,358,0,0,0,735,0,308,0,0,358,0
R.J. Sneed II,61166,WR,BAYLOR,14,53.0,0,118,64.4,,59.8,0,0,0,0.0,0.0,,0,0,0,357,0,0,0,673,0,315,0,0,357,2
Alex Lines,128361,TE,ARIZONA,12,54.8,0,109,39.5,55.5,45.7,1,5,81,22.8,23.0,95.1,5,7,1,357,0,0,1,651,88,382,0,0,269,593
Jalen Wydermyer,99185,TE,TEXAS A&M,12,49.8,0,312,61.4,51.7,50.6,0,1,34,9.1,8.6,98.5,5,1,0,357,0,0,0,717,34,394,0,0,323,491
Daniel Richardson,97103,QB,C MICHIGAN,13,49.0,0,134,73.9,62.2,60.4,0,0,1,0.3,0.3,100.0,3,0,0,356,0,0,0,726,1,360,0,0,355,0
Jalen Tolbert,61637,WR,S ALABAMA,12,42.2,0,288,82.3,,53.6,0,0,0,0.0,0.0,,2,0,0,355,0,0,0,841,0,486,0,0,355,0
Blake Whiteheart,77881,TE,WAKE,14,54.9,0,339,61.6,64.6,67.5,1,0,70,20.1,20.2,99.3,2,1,0,355,0,0,0,647,74,366,0,0,281,462
Seth McLaughlin,123927,C,ALABAMA,10,100.0,0,103,73.2,52.9,76.8,3,6,200,100.0,100.0,97.7,1,9,0,354,354,0,0,354,207,207,0,0,147,0
Will Levis,83542,QB,KENTUCKY,13,42.0,0,202,90.6,,60.1,0,0,0,0.0,0.0,,0,0,0,354,0,0,0,843,0,425,0,0,354,0
Sean Dykes,40468,TE,MEMPHIS,12,46.0,1,218,74.4,42.6,52.5,1,3,61,13.6,13.7,93.4,1,6,2,354,0,0,0,769,66,481,0,0,288,524
Tashawn Manning,56551,G,AUBURN,12,100.0,0,115,71.7,76.6,69.7,1,2,192,100.0,100.0,98.7,1,4,1,353,0,195,0,353,201,201,158,0,152,0
Holton Ahlers,77651,QB,E CAROLINA,12,38.5,0,156,73.9,81.4,60.4,0,0,2,0.4,0.4,100.0,3,0,0,353,0,0,0,916,2,508,0,0,351,0
Michael Tarquin,98407,T,FLORIDA,12,100.0,0,163,55.6,69.8,53.0,2,4,174,100.0,100.0,96.6,3,9,3,352,0,0,52,352,181,181,0,299,171,1
Luke Hallstrom,145961,C,AIR FORCE,10,100.0,1,101,75.2,45.4,74.1,1,2,44,100.0,100.0,96.6,1,3,0,352,352,0,0,352,47,47,0,0,305,0
Kade Parmelly,58446,G,DUKE,12,100.0,0,154,69.9,70.2,68.6,0,4,150,100.0,100.0,98.7,0,4,0,352,6,272,0,352,161,161,71,0,191,0
Khaleb Hood,97159,WR,GA SOUTHRN,12,53.0,0,174,66.6,,56.5,0,0,0,0.0,0.0,,1,0,0,351,0,0,0,662,0,298,0,0,351,0
Zakhari Franklin,97620,WR,UTSA,13,45.2,0,331,79.4,,49.4,0,0,0,0.0,0.0,,5,0,0,351,0,0,0,776,0,425,0,0,351,0
Garrett Dellinger,146770,T,LSU,10,99.2,0,211,72.3,65.1,73.0,2,7,189,99.0,98.5,96.0,0,12,3,350,0,73,228,353,192,195,10,0,158,42
Roger Carter,55200,TE,GA STATE,12,65.4,0,175,73.4,56.8,67.6,0,2,27,13.1,14.0,92.6,0,3,1,350,0,0,0,535,30,215,0,0,320,177
Jackson Lanam,84062,TE,TEXAS ST,12,81.2,0,314,48.3,45.1,64.1,2,9,114,59.7,59.9,95.2,5,11,0,350,0,0,1,431,121,202,0,1,229,365
Connor Heyward,57301,TE,MICH STATE,13,56.2,0,223,60.9,53.8,48.9,0,3,42,14.0,14.2,94.0,3,4,1,350,0,0,0,623,45,317,0,0,305,377
Thomas Hennigan,61125,WR,APP STATE,14,49.1,0,108,81.8,,67.8,0,0,0,0.0,0.0,,1,0,0,349,0,0,0,711,0,362,0,0,349,0
Wesley Ndago,145973,G,AIR FORCE,11,100.0,0,101,67.6,48.0,67.5,0,2,72,100.0,100.0,97.2,0,3,1,349,0,349,0,349,73,73,0,0,276,0
Cameron Latu,82647,TE,ALABAMA,15,51.9,0,103,68.1,59.9,69.7,0,2,39,11.1,11.5,94.9,6,3,1,349,0,0,1,672,42,365,0,2,307,468
Todd Centeio,60552,QB,COLO STATE,12,39.3,0,144,78.5,,60.0,0,0,0,0.0,0.0,,4,0,0,349,0,0,0,889,0,477,0,0,349,0
Anthony Brown,40316,QB,OREGON,14,37.6,0,264,75.0,,60.0,0,0,0,0.0,0.0,,2,0,0,348,0,0,0,925,0,470,0,0,348,0
Ronan Chambers,130283,T,AKRON,8,100.0,0,102,29.6,12.9,44.5,2,26,207,100.0,100.0,90.3,2,34,6,347,0,1,343,347,220,220,0,2,127,0
Antoine Green,77985,WR,N CAROLINA,13,43.6,0,245,62.5,,62.6,0,0,0,0.0,0.0,,2,0,0,347,0,0,0,795,0,448,0,0,347,0
Braden Cassity,76837,TE,OKLA STATE,11,73.3,0,262,47.6,62.8,50.2,0,3,48,28.9,29.2,96.9,3,3,0,346,0,0,0,472,52,178,0,0,294,344
Kenny Cooper,40949,G,GA TECH,7,100.0,0,176,61.4,59.9,60.0,0,7,162,100.0,100.0,97.2,0,8,1,344,0,344,0,344,175,175,0,0,169,0
Xavior Gray,100263,T,AKRON,7,100.0,2,102,42.1,34.3,50.0,2,26,206,100.0,100.0,91.7,7,31,3,344,0,0,344,344,213,213,0,0,131,0
Parker Christensen,97852,TE,WYOMING,13,70.8,0,351,61.0,68.6,62.2,0,0,28,17.1,17.0,100.0,4,0,0,344,0,0,0,486,29,171,0,0,315,375
Kameron Brown,34567,WR,COAST CAR,13,49.0,0,141,64.3,,69.8,0,0,0,0.0,0.0,,2,0,0,343,0,0,0,700,0,357,0,0,343,2
Stetson Bennett,60387,QB,GEORGIA,14,48.2,1,173,84.0,,60.1,0,0,0,0.0,0.0,,4,0,0,343,0,0,0,711,0,341,0,0,343,0
Nick Sink,41523,C,OHIO,7,100.0,0,259,65.6,71.7,61.6,0,3,161,100.0,100.0,99.1,1,3,0,343,182,161,0,343,174,174,0,0,169,0
Jake Bobo,77997,WR,DUKE,12,46.6,0,154,78.6,,69.4,0,0,0,0.0,0.0,,2,0,0,343,0,0,0,736,0,393,0,0,343,1
Tank Dell,78874,WR,HOUSTON,14,41.5,0,182,88.3,,65.7,0,0,0,0.0,0.0,,0,0,0,343,0,0,0,827,0,484,0,0,343,1
Brock Bowers,146715,TE,GEORGIA,15,52.2,1,173,92.1,70.9,74.1,0,1,29,9.0,9.1,98.3,2,1,0,343,0,0,3,657,31,341,0,0,312,319
Devin Grainger,78496,QB,GA STATE,13,47.0,0,175,82.0,,60.0,0,0,0,0.0,0.0,,1,0,0,342,0,0,0,728,0,289,0,0,342,0
Josh Downs,122832,WR,N CAROLINA,13,40.5,0,245,81.4,,59.9,0,0,0,0.0,0.0,,2,0,0,342,0,0,0,845,0,503,0,0,342,1
Drake De Iuliis,61067,TE,VA TECH,13,72.3,0,337,58.7,57.8,69.1,0,0,61,32.1,33.2,100.0,2,0,0,342,0,0,0,473,65,196,0,0,277,425
Isaiah Neyor,98033,WR,WYOMING,13,51.0,1,351,82.6,,65.1,0,0,0,0.0,0.0,,2,0,0,342,0,0,0,670,0,317,0,0,342,0
Keke Chism,124198,WR,MISSOURI,13,45.0,0,229,62.9,,53.1,0,0,0,0.0,0.0,,2,0,0,341,0,0,0,757,0,415,0,0,341,5
Jakoby Jones,100794,G,UAB,12,100.0,1,321,80.2,63.6,85.4,1,3,113,100.0,100.0,96.5,6,6,2,341,0,140,4,341,118,118,2,108,223,86
Corey Sutton,61123,WR,APP STATE,13,48.6,1,108,82.0,,61.3,0,0,0,0.0,0.0,,3,0,0,341,0,0,0,701,0,360,0,0,341,0
Hank Bachmeier,101284,QB,BOISE ST,12,40.3,1,120,83.7,,60.5,0,0,0,0.0,0.0,,4,0,0,341,0,0,0,846,0,475,0,0,341,0
Kyle Jarvis,98716,TE,NEW MEXICO,12,74.9,0,241,56.1,57.8,53.4,1,1,54,32.7,34.5,96.3,5,3,1,340,0,0,0,454,60,174,0,0,280,372
Kilian Zierer,124009,T,AUBURN,9,100.0,0,115,49.5,64.4,46.8,2,4,167,100.0,100.0,98.2,3,6,0,339,0,0,272,339,176,176,0,67,163,0
Chandler Zavala,144009,G,NC STATE,5,100.0,0,248,71.5,79.5,68.6,0,4,181,100.0,100.0,98.9,0,4,0,339,0,339,0,339,193,193,0,0,146,0
Vincent McConnell,55089,G,CINCINNATI,9,100.0,0,138,47.0,62.7,41.9,1,5,175,100.0,100.0,97.7,1,7,1,339,102,0,0,339,182,182,237,0,157,0
Cody Ince,81687,G,IOWA,10,100.0,0,192,75.1,65.3,76.8,0,3,175,100.0,100.0,99.1,0,3,0,338,0,338,0,338,180,180,0,0,158,0
Bryce Foxworth,60081,G,SO MISS,9,100.0,1,296,44.4,22.8,49.9,1,7,154,100.0,100.0,94.8,4,12,4,338,0,0,0,338,159,159,337,0,179,1
Kemore Gamble,60888,TE,FLORIDA,13,51.5,0,163,57.2,62.8,41.8,1,1,40,11.7,11.4,97.5,1,2,0,338,0,0,0,656,41,359,0,0,297,469
Juan Rodriguez,45596,TE,FRESNO ST,12,66.5,1,169,65.3,52.6,78.2,0,2,83,34.2,34.6,97.6,1,3,1,338,0,0,1,508,90,260,0,0,248,395
DJ Uiagalelei,122162,QB,CLEMSON,13,39.4,0,140,66.3,,60.4,0,0,0,0.0,0.0,,4,0,0,337,0,0,0,855,0,435,0,0,337,0
Dominic Johnson,41594,WR,BUFFALO,12,51.8,0,126,67.2,,52.8,0,0,0,0.0,0.0,,3,0,0,337,0,0,0,651,0,314,0,0,337,1
JaVonta Payton,97593,WR,TENNESSEE,13,47.2,0,307,55.9,,65.8,0,0,0,0.0,0.0,,1,0,0,337,0,0,0,714,0,376,0,0,337,1
Brant Kuithe,84071,TE,UTAH,14,53.5,1,328,77.6,73.5,58.9,0,0,11,3.9,3.7,100.0,2,0,0,336,0,0,0,628,11,298,0,0,325,334
Austin Dotson,60804,G,KENTUCKY,10,100.0,0,202,68.5,64.3,73.3,3,4,178,100.0,100.0,97.5,4,8,1,336,0,89,1,336,183,183,246,0,153,0
Michael Mayer,122906,TE,NOTRE DAME,12,43.3,0,258,80.6,71.1,64.7,0,0,20,4.5,4.8,100.0,4,0,0,336,0,0,0,776,22,462,0,0,314,412
Drew Plitt,39879,QB,BALL ST,13,38.8,0,117,66.6,,60.1,0,0,0,0.0,0.0,,2,0,0,336,0,0,0,867,0,493,0,0,336,0
Case Cook,59876,G,MISSOURI,5,100.0,0,229,67.5,69.7,67.5,3,3,190,100.0,100.0,98.4,2,6,0,336,0,0,0,336,207,207,336,0,129,0
Clayton Tune,77652,QB,HOUSTON,14,37.1,0,182,90.8,,60.2,0,0,0,0.0,0.0,,4,0,0,335,0,0,0,903,0,525,0,0,335,0
Brandon Johnson,40666,WR,UCF,13,44.0,0,323,65.0,,78.2,0,0,0,0.0,0.0,,1,0,0,335,0,0,0,761,0,426,0,0,335,3
Mike Ciaffoni,98056,G,COLO STATE,8,100.0,0,144,57.5,35.3,61.8,2,7,166,100.0,100.0,96.7,1,10,1,335,0,335,0,335,170,170,0,0,165,0
Chris Pierce,61794,WR,VANDERBILT,12,41.6,0,333,70.8,55.0,65.4,0,0,0,0.0,0.2,,1,0,0,335,0,0,0,806,1,472,0,0,334,15
Tai Lavatai,121854,QB,NAVY,10,57.1,0,237,64.8,,60.0,0,0,0,0.0,0.0,,3,0,0,335,0,0,0,587,0,94,0,0,335,0
A.T. Perry,77975,WR,WAKE,14,39.3,1,339,82.6,,73.5,0,0,0,0.0,0.0,,4,0,0,334,0,0,0,849,0,515,0,0,334,2
Carson Terrell,61059,TE,UTAH ST,12,70.8,1,329,69.3,68.3,72.8,0,1,78,38.2,38.1,96.8,2,3,2,334,0,0,0,472,85,223,0,0,249,325
Shane Calhoun,123802,TE,E CAROLINA,12,57.0,0,156,53.2,67.0,46.6,0,2,49,17.0,17.6,98.0,0,2,0,334,0,0,0,586,54,306,0,0,280,316
JuanCarlos Santana,78056,WR,TULSA,13,43.8,0,320,66.8,63.9,59.9,0,0,1,0.3,0.2,100.0,5,0,0,333,0,0,0,761,1,428,0,0,332,0
John FitzPatrick,83974,TE,GEORGIA,15,69.8,0,173,68.7,59.8,82.5,1,0,48,25.5,26.3,96.9,2,2,1,331,0,0,1,474,51,194,0,0,280,340
Eric Magwood,45489,G,MIDDLE TN,9,100.0,0,224,59.0,71.6,54.3,1,6,185,100.0,100.0,98.1,1,7,0,331,0,114,12,331,200,200,200,5,131,0
Corey Crooms Jr.,97276,WR,W MICHIGAN,13,48.0,0,347,70.1,61.0,55.1,0,0,1,0.3,0.3,100.0,1,0,0,331,0,0,0,690,1,359,0,0,330,0
Jalen Wayne,61640,WR,S ALABAMA,12,42.2,0,288,60.0,,47.5,0,0,0,0.0,0.0,,5,0,0,331,0,0,0,785,0,454,0,0,331,0
Damon Ward Jr.,100880,WR,N TEXAS,12,56.2,1,251,59.6,,60.6,0,0,0,0.0,0.0,,1,0,0,330,0,0,0,587,0,257,0,0,330,0
Zack Kuntz,84084,TE,DOMINION,13,49.8,0,263,77.5,63.3,60.7,1,0,16,4.7,4.6,96.9,1,1,0,330,0,0,0,663,16,349,0,0,314,288
Darrellson Masaniai,121856,C,NAVY,7,100.0,0,237,57.8,0.0,65.4,1,3,44,100.0,100.0,90.9,2,6,2,330,330,0,0,330,50,50,0,0,280,0
Wan'Dale Robinson,101735,WR,KENTUCKY,13,45.5,0,202,91.3,,68.9,0,0,0,0.0,0.0,,1,0,0,330,0,0,0,726,0,388,0,0,330,0
Kenny Pickett,60515,QB,PITTSBURGH,13,33.8,0,268,92.2,,60.1,0,0,0,0.0,0.0,,1,0,0,330,0,0,0,975,0,617,0,0,330,0
Clayton Bradley,82008,T,UNLV,7,100.0,0,325,58.9,55.6,59.9,2,8,167,100.0,100.0,96.4,1,11,1,329,0,0,329,329,176,176,0,0,153,0
Aaron Hackett,61027,TE,KENT STATE,14,73.3,0,201,55.5,72.5,61.6,0,1,45,30.2,29.8,98.9,4,1,0,329,0,0,1,449,51,171,0,0,278,348
Tanor Bortolini,129915,T,WISCONSIN,9,100.0,0,349,87.0,54.7,89.5,1,3,84,100.0,100.0,96.4,1,5,1,329,0,58,0,329,89,89,16,229,240,26
Chris Autman-Bell,55245,WR,MINNESOTA,11,61.4,0,225,77.3,62.1,62.7,0,0,1,0.5,0.5,100.0,0,0,0,329,0,0,0,536,1,208,0,0,328,1
Mason Fairchild,98376,TE,KANSAS,11,59.7,0,198,53.9,53.6,55.8,0,2,43,16.7,17.2,97.7,3,2,0,329,0,0,0,551,46,268,0,0,283,440
Eli Acker,124121,G,OLE MISS,6,100.0,1,226,65.2,72.1,65.4,1,8,165,100.0,100.0,96.7,2,10,1,329,0,0,0,329,168,168,328,0,161,0
Dawson Jaramillo,81790,G,OREGON,10,100.0,0,264,60.2,51.4,62.1,2,4,155,100.0,100.0,98.1,1,6,0,329,0,100,115,329,161,161,86,28,168,0
Jaivon Heiligh,84159,WR,COAST CAR,13,48.8,0,141,89.6,,70.9,0,0,0,0.0,0.0,,3,0,0,328,0,0,0,672,0,344,0,0,328,0
Alec Holler,77899,TE,UCF,13,69.5,0,323,67.7,60.4,63.0,1,2,75,35.0,36.3,98.0,2,3,0,328,0,0,6,472,82,226,0,1,246,261
Mark Walker,101120,WR,NAVY,12,76.6,0,237,54.3,,57.5,0,0,0,0.0,0.0,,0,0,0,328,0,0,0,428,0,100,0,0,328,63
Leonard Taylor,62290,TE,CINCINNATI,14,57.2,0,138,63.3,62.0,72.5,1,0,48,16.9,16.7,99.0,6,1,0,328,0,0,0,573,49,294,0,0,279,425
Jordan Daniels,100260,G,AKRON,9,100.0,0,102,49.7,42.1,49.3,1,12,198,100.0,100.0,93.7,1,19,6,327,0,13,119,327,200,200,194,1,127,0
Ryan Carriere,41232,TE,CHARLOTTE,12,60.8,0,136,63.8,65.8,79.9,0,1,49,20.2,20.7,96.9,0,2,1,327,0,0,0,538,55,266,0,1,272,445
Nate Williams,130322,G,AKRON,6,100.0,0,102,59.9,63.0,58.1,1,9,197,100.0,100.0,97.0,1,11,1,326,0,213,0,326,200,200,0,112,126,0
Keenan Murphy,40970,G,HOUSTON,14,100.0,0,182,57.0,50.8,59.9,2,6,189,100.0,100.0,97.4,3,9,1,326,0,326,0,326,197,197,0,0,129,0
Charlie Mangieri,83918,TE,NWESTERN,12,65.4,0,256,36.4,61.3,43.1,1,2,32,16.2,16.5,95.3,4,3,0,325,0,0,0,497,34,206,0,2,291,433
Matt Smith,41124,C,FRESNO ST,6,100.0,0,169,45.3,26.7,61.2,3,6,197,100.0,100.0,96.7,5,11,2,324,324,0,0,324,209,209,0,0,115,0
Tanner Mordecai,77656,QB,SMU,12,36.6,0,287,87.2,,60.0,0,0,0,0.0,0.0,,0,0,0,324,0,0,0,886,0,524,0,0,324,0
Marlon Martinez,124102,G,LSU,9,100.0,0,211,64.0,69.7,61.1,0,4,165,100.0,100.0,98.2,1,5,1,324,1,28,0,324,171,171,295,0,153,0
Brenden Bates,53746,TE,KENTUCKY,13,74.1,0,202,53.8,66.3,56.3,1,4,57,34.3,33.5,95.6,1,5,0,324,0,0,9,437,57,170,0,1,267,365
Trea Shropshire,121502,WR,UAB,13,50.4,0,321,72.5,,61.2,0,0,0,0.0,0.0,,4,0,0,323,0,0,0,641,0,318,0,0,323,1
Silas Robinson,81562,C,TEXAS ST,5,100.0,0,314,46.4,46.7,47.4,0,5,175,100.0,100.0,98.6,2,5,0,323,323,0,0,323,184,184,0,0,139,0
Jayden Daniels,97993,QB,ARIZONA ST,13,40.6,0,110,83.2,,60.0,0,0,0,0.0,0.0,,4,0,0,323,0,0,0,796,0,403,0,0,323,0
Anthony Torres,77939,TE,W MICHIGAN,10,66.3,0,347,52.9,59.1,50.8,0,2,60,27.9,30.2,98.3,1,2,0,323,0,0,0,487,71,235,0,0,252,436
Parker Moorer,99422,T,W VIRGINIA,10,100.0,0,343,56.2,74.5,44.1,1,5,185,100.0,100.0,98.4,1,6,0,322,0,0,0,322,194,194,0,306,128,16
Jake Spiewak,53514,WR,AIR FORCE,12,92.2,0,101,55.6,37.3,54.6,0,1,2,7.4,6.9,75.0,1,1,0,321,0,0,0,348,2,29,0,0,319,63
Cameron Wire,82000,T,LSU,7,100.0,1,211,61.6,67.5,58.2,0,5,164,100.0,100.0,97.9,2,6,1,321,0,0,320,321,173,173,0,0,148,0
Connor Bazelak,99135,QB,MISSOURI,11,42.1,0,229,67.8,,60.1,0,0,0,0.0,0.0,,5,0,0,321,0,0,0,762,0,428,0,0,321,0
Jason Brownlee,121451,WR,SO MISS,12,52.8,0,296,74.0,,50.0,0,0,0,0.0,0.0,,1,0,0,320,0,0,0,606,0,286,0,0,320,0
Tykeem Doss,121454,T,SO MISS,8,100.0,0,296,44.7,1.3,66.8,2,11,147,100.0,100.0,94.2,3,15,2,320,0,52,267,320,153,153,0,0,167,0
De'Zhaun Stribling,146508,WR,WASH STATE,13,39.2,0,341,59.2,63.9,63.1,0,0,0,0.0,0.2,,2,0,0,320,0,0,0,816,1,497,0,0,319,15
Tristian Brank,130281,TE,AKRON,12,44.1,0,102,52.9,53.6,49.3,0,1,53,12.0,12.1,99.1,4,1,0,320,0,0,0,726,56,461,0,1,264,382
Grant Wells,97784,QB,MARSHALL,13,37.5,0,214,74.9,62.2,60.0,0,0,1,0.2,0.2,100.0,3,0,0,319,0,0,0,851,1,498,0,0,318,0
Dylan Hopkins,83571,QB,UAB,13,47.8,1,321,74.7,,60.1,0,0,0,0.0,0.0,,2,0,0,319,0,0,0,667,0,310,0,0,319,1
Kwamie Lassiter II,23226,WR,KANSAS,12,48.4,1,198,73.6,,71.5,0,0,0,0.0,0.0,,3,0,0,319,0,0,0,659,0,339,0,0,319,3
John Champe,130545,G,N ILLINOIS,13,100.0,0,254,66.2,53.3,67.2,0,2,87,100.0,100.0,98.9,1,2,0,319,0,291,0,319,93,93,28,0,226,0
Brendon Lewis,131687,QB,COLORADO,12,45.3,0,143,69.7,,60.1,0,0,0,0.0,0.0,,3,0,0,319,0,0,0,704,0,338,0,0,319,0
Tayvion Robinson,99693,WR,VA TECH,12,45.8,1,337,71.9,,72.7,0,0,0,0.0,0.0,,2,0,0,318,0,0,0,695,0,365,0,0,318,2
Justin Shorter,84376,WR,FLORIDA,13,46.1,0,163,68.6,62.1,64.9,0,0,1,0.3,0.3,100.0,1,0,0,318,0,0,0,690,1,373,0,0,317,4
Robert Congel,60119,C,OKLAHOMA,7,100.0,0,261,65.0,36.3,71.8,0,7,176,100.0,100.0,97.4,0,8,1,318,318,0,0,318,181,181,0,0,137,0
Jarrett Horst,102823,T,MICH STATE,8,100.0,2,223,62.3,58.9,66.7,2,6,145,100.0,100.0,96.6,9,9,1,317,0,0,317,317,158,158,0,0,159,0
Ezra Naylor II,98733,WR,TULSA,13,48.5,0,320,62.9,,75.1,0,0,0,0.0,0.0,,1,0,0,317,0,0,0,654,0,337,0,0,317,0
Cameron Butler,52019,TE,COLO STATE,12,55.0,0,144,45.4,64.6,57.2,1,2,64,20.5,20.6,97.7,4,3,0,317,0,0,0,576,67,326,0,0,250,387
Brandon Walters,83626,HB,ARMY,13,79.1,1,114,73.5,15.5,78.0,0,0,1,1.5,1.4,100.0,1,0,0,317,0,0,0,401,1,69,0,0,316,1
Audie Omotosho,42280,WR,E CAROLINA,12,44.4,0,156,62.5,,62.6,0,0,0,0.0,0.0,,3,0,0,317,0,0,0,714,0,397,0,0,317,1
Jesse Matthews,84395,WR,S DIEGO ST,14,48.4,1,284,75.2,,53.5,0,0,0,0.0,0.0,,3,0,0,317,0,0,0,655,0,335,0,0,317,0
Anthony Queeley,77976,WR,SYRACUSE,12,52.4,0,304,61.1,,67.4,0,0,0,0.0,0.0,,0,0,0,316,0,0,0,603,0,287,0,0,316,0
Dallas Dixon,130432,WR,C MICHIGAN,13,45.3,0,134,71.3,,58.0,0,0,0,0.0,0.0,,4,0,0,316,0,0,0,697,0,381,0,0,316,28
Brady Scott,59689,G,FLORIDA ST,8,100.0,0,167,64.9,86.3,54.6,0,1,185,100.0,100.0,98.6,0,3,2,316,0,107,47,316,204,204,136,25,112,0
Lincoln Sefcik,147209,TE,S ALABAMA,12,51.3,0,288,49.5,33.1,38.4,3,3,50,14.7,14.5,94.0,4,6,0,316,0,0,0,616,51,351,0,0,265,437
Jake Tonges,60864,TE,CAL,12,49.6,1,130,58.2,65.9,60.0,2,2,40,11.6,11.8,95.0,1,4,0,315,0,0,0,635,43,363,0,0,272,457
Jeremy Singleton,61289,WR,HOUSTON,14,41.5,0,182,56.6,,62.3,0,0,0,0.0,0.0,,0,0,0,314,0,0,0,756,0,442,0,0,314,0
Jameson Williams,101701,WR,ALABAMA,15,37.7,0,103,81.6,,45.9,0,0,0,0.0,0.0,,3,0,0,314,0,0,0,832,0,516,0,0,314,1
Jeremy Ruckert,84029,TE,OHIO STATE,13,43.8,0,260,59.4,50.3,68.3,0,1,36,8.5,9.9,98.6,3,1,0,313,0,0,0,714,44,445,0,0,269,448
Timothy McKay,98249,T,NC STATE,12,100.0,0,248,70.1,57.3,75.5,1,7,169,100.0,100.0,94.7,1,13,5,313,0,0,0,313,176,176,0,313,137,0
John Lanz,76563,G,TCU,8,100.0,0,305,81.4,68.5,83.4,2,4,142,100.0,100.0,97.9,0,6,0,313,0,313,0,313,148,148,0,0,165,0
Davis Allen,99697,TE,CLEMSON,13,56.1,1,140,59.6,58.8,56.6,0,2,34,12.8,14.4,97.1,2,2,0,312,0,0,1,556,41,285,0,0,271,357
Xavier Gaines,40094,TE,MARSHALL,13,47.9,0,214,56.5,70.5,44.4,0,1,53,14.0,14.0,99.1,2,1,0,312,0,0,0,651,55,394,0,0,257,422
Jake Haener,60596,QB,FRESNO ST,13,34.2,0,169,78.9,62.2,60.8,0,0,1,0.2,0.2,100.0,2,0,0,312,0,0,0,912,1,579,0,0,311,0
Brevyn Spann-Ford,84006,TE,MINNESOTA,13,67.0,0,225,78.1,62.5,69.2,0,0,29,16.9,17.2,100.0,3,0,0,312,0,1,1,466,32,186,0,0,280,277
Mohamed Toure,97787,WR,N ILLINOIS,13,70.0,0,254,48.3,,53.2,0,0,0,0.0,0.0,,0,0,0,311,0,0,0,444,0,133,0,0,311,4
Braylon Sanders,61457,WR,OLE MISS,12,45.7,0,226,63.4,,70.1,0,0,0,0.0,0.0,,1,0,0,311,0,0,0,681,0,369,0,0,311,0
Zaire Mitchell-Paden,145197,TE,FAU,12,58.8,0,165,53.8,84.0,73.7,0,0,37,15.2,14.5,100.0,5,0,0,311,0,0,8,529,37,255,0,2,274,292
Dorian Thompson-Robinson,83574,QB,UCLA,11,40.6,0,324,85.2,,60.1,0,0,0,0.0,0.0,,4,0,0,310,0,0,0,763,0,391,0,0,310,0
Chigoziem Okonkwo,84000,TE,MARYLAND,13,48.7,0,215,69.0,65.5,49.7,0,2,51,14.2,13.8,98.0,1,2,0,310,0,0,0,636,52,378,0,1,258,521
Princeton Fant,62982,TE,TENNESSEE,13,59.7,0,307,55.5,74.0,57.1,1,0,50,20.3,21.1,99.0,4,1,0,310,0,0,1,519,56,265,0,3,254,145
Taulia Tagovailoa,97271,QB,MARYLAND,13,34.3,0,215,90.8,,60.0,0,0,0,0.0,0.0,,5,0,0,309,0,0,0,900,0,544,0,0,309,0
Devaughn Vele,100637,WR,UTAH,14,50.9,0,328,58.9,,57.7,0,0,0,0.0,0.0,,2,0,0,308,0,0,0,605,0,297,0,0,308,0
Julius Buelow,100523,G,WASHINGTON,6,100.0,0,340,51.5,30.5,58.6,0,14,180,100.0,100.0,96.1,3,14,0,308,0,308,0,308,188,188,0,0,120,0
Cedric Patterson III,84332,WR,RICE,12,44.9,1,275,64.4,,64.8,0,0,0,0.0,0.0,,2,0,0,308,0,0,0,686,0,375,0,0,308,1
Gavin Bartholomew,144013,TE,PITTSBURGH,14,62.8,0,268,62.4,66.6,44.9,0,2,48,21.5,21.2,97.9,2,2,0,307,0,0,14,489,49,231,0,7,258,200
Brayden Rohme,100535,T,CAL,7,100.0,0,130,46.3,40.4,52.3,3,10,165,100.0,100.0,94.2,3,16,3,307,0,0,303,307,171,171,0,4,136,0
Porter Haught,98264,G,BALL ST,9,100.0,0,117,62.0,77.0,55.1,1,6,175,100.0,100.0,98.0,1,7,0,307,0,180,36,307,186,186,0,83,121,8
Donovan Ollie,100651,WR,WASH STATE,13,38.9,0,341,51.1,13.4,63.4,0,0,1,0.2,0.4,100.0,1,0,0,307,0,0,0,790,2,485,0,8,305,9
Nick Samac,101570,C,MICH STATE,13,100.0,0,223,63.0,52.2,69.7,0,3,149,100.0,100.0,97.7,5,5,2,307,307,0,0,307,158,158,0,0,149,0
Brad Roberts,125398,FB,AIR FORCE,13,49.4,0,101,85.0,51.7,52.7,0,3,62,82.7,82.9,97.6,0,3,0,306,0,0,0,619,63,76,0,0,243,0
Xavier Worthy,144718,WR,TEXAS,12,43.5,0,311,79.2,,62.4,0,0,0,0.0,0.0,,1,0,0,306,0,0,0,704,0,397,0,0,306,2
Cole Caterbone,102943,WR,ARMY,12,88.2,0,114,68.0,52.6,68.9,0,1,12,24.0,24.1,95.8,0,1,0,305,0,0,0,346,13,54,0,0,292,171
Dylan Drummond,78187,WR,E MICHIGAN,13,38.2,0,160,70.1,,71.6,0,0,0,0.0,0.0,,0,0,0,305,0,0,0,798,0,493,0,0,305,1
Derrick Deese Jr.,84043,TE,S JOSE ST,12,45.0,2,285,86.3,78.0,82.9,0,0,18,4.9,4.6,100.0,2,0,0,304,0,0,2,675,18,389,0,0,286,384
Aki Ogunbiyi,124335,G,TEXAS A&M,8,100.0,0,312,65.0,72.2,61.3,0,4,167,100.0,100.0,98.8,0,4,0,304,0,267,0,304,174,174,17,20,130,0
Tyrell Robinson,121607,HB,ARMY,13,68.0,0,114,81.8,42.7,66.1,1,0,10,13.0,12.3,95.0,0,1,0,304,0,0,0,447,10,81,0,0,294,1
Alec Pierce,78038,WR,CINCINNATI,14,44.6,0,138,76.5,66.0,67.4,0,0,2,0.5,0.5,100.0,0,0,0,303,0,0,0,680,2,379,0,0,301,24
Tyneil Hopper,83944,TE,BOISE ST,12,67.3,0,120,48.0,54.7,49.8,2,3,48,25.9,26.1,94.8,1,5,0,303,0,0,0,450,52,199,0,4,251,306
Brandon Crum,98028,TE,S ALABAMA,10,69.3,1,288,55.6,63.2,57.6,1,1,70,35.7,35.3,97.1,1,3,1,303,0,0,0,437,73,207,0,0,230,391
Aubry Payne,29432,TE,GA STATE,13,65.0,0,175,66.1,54.9,67.3,0,0,16,9.5,9.5,93.7,3,1,1,303,0,0,0,466,17,179,0,0,286,222
Jack Sorenson,41983,WR,MIAMI OH,13,38.9,0,221,84.0,65.5,60.0,0,0,2,0.4,0.4,100.0,0,0,0,303,0,0,0,778,2,477,0,0,301,22
Cameron Odom,61558,WR,OHIO,12,47.9,0,259,60.3,,52.0,0,0,0,0.0,0.0,,2,0,0,303,0,0,0,632,0,329,0,0,303,1
Caleb Phillips,52265,TE,HAWAII,13,45.4,0,180,38.0,44.1,49.1,1,4,59,14.6,14.6,92.4,2,7,2,303,0,0,0,667,62,426,0,0,241,384
Vincent Picozzi,40641,G,COLO STATE,4,100.0,0,144,55.5,40.8,56.3,2,4,162,100.0,100.0,97.5,0,7,1,303,0,303,0,303,167,167,0,0,136,0
Kris Leach,61076,TE,KENT STATE,13,73.7,0,201,75.7,72.1,80.8,0,1,48,32.7,33.3,99.0,4,1,0,303,0,0,1,411,54,162,0,0,249,378
Ireland Brown,155565,G,RUTGERS,8,100.0,0,278,56.2,59.7,53.7,1,1,134,100.0,100.0,98.5,1,3,1,302,0,286,0,302,139,139,16,0,163,0
Tyler Snead,90863,WR,E CAROLINA,12,40.3,0,156,71.6,,53.2,0,0,0,0.0,0.0,,1,0,0,302,0,0,0,749,0,442,0,0,302,0
Corey Gammage,98735,WR,MARSHALL,13,40.3,0,214,72.0,,75.4,0,0,0,0.0,0.0,,2,0,0,302,0,0,0,750,0,448,0,0,302,2
Tauskie Dove,84318,WR,MISSOURI,13,43.8,1,229,64.8,,54.3,0,0,0,0.0,0.0,,4,0,0,301,0,0,0,687,0,386,0,0,301,1
Austin Allen,60970,TE,NEBRASKA,12,54.9,0,238,89.8,72.8,72.9,0,0,25,9.5,9.5,100.0,0,0,0,301,0,0,0,548,26,273,0,1,275,380
Jacob Cowing,100894,WR,UTEP,13,43.9,0,330,90.3,,62.3,0,0,0,0.0,0.0,,1,0,0,301,0,0,0,686,0,381,0,0,301,0
Hayden Pittman,61045,TE,UAB,13,66.0,0,321,68.5,64.5,66.1,1,2,47,23.9,25.1,96.8,1,3,0,301,0,0,3,456,52,207,0,2,249,304
Josh Whyle,54037,TE,CINCINNATI,14,58.3,0,138,69.8,70.6,72.0,0,1,37,15.1,15.0,98.6,3,1,0,301,0,0,0,516,38,253,0,0,263,330
Luke Deal,98496,TE,AUBURN,13,79.0,0,115,60.6,47.3,62.4,3,1,54,40.6,41.6,94.4,0,5,1,301,0,0,0,381,57,137,0,1,244,313
Ryan O'Keefe,101139,WR,UCF,13,41.5,0,323,77.0,,69.7,0,0,0,0.0,0.0,,1,0,0,301,0,0,0,725,0,412,0,0,301,8
Sam Pinckney,84197,WR,GA STATE,11,54.2,0,175,65.8,,64.5,0,0,0,0.0,0.0,,1,0,0,300,0,0,0,554,0,254,0,0,300,0
Boogie Knight,78211,WR,LA MONROE,12,46.4,0,209,72.1,,58.3,0,0,0,0.0,0.0,,2,0,0,300,0,0,0,647,0,346,0,0,300,0
Malachi Carter,77993,WR,GA TECH,12,44.0,0,176,65.1,,54.3,0,0,0,0.0,0.0,,2,0,0,299,0,0,0,679,0,380,0,0,299,0
Zach Calzada,98006,QB,TEXAS A&M,12,43.4,0,312,80.8,,60.0,0,0,0,0.0,0.0,,0,0,0,299,0,0,0,689,0,375,0,0,299,0
C.J. Stroud,129759,QB,OHIO STATE,12,37.2,0,260,92.2,,60.1,0,0,0,0.0,0.0,,2,0,0,299,0,0,0,803,0,486,0,0,299,0
Kaleb Slaven,40645,T,BALL ST,5,100.0,0,117,57.7,32.6,71.4,1,8,161,100.0,100.0,94.7,1,13,4,299,0,0,299,299,176,176,0,0,123,0
Camren McDonald,77871,TE,FLORIDA ST,12,55.3,0,167,56.9,77.8,40.9,0,0,46,16.6,17.7,100.0,2,0,0,298,0,0,0,539,52,293,0,0,246,247
Sean Foster,41948,T,IOWA STATE,6,100.0,1,193,64.3,58.6,64.1,2,7,164,100.0,100.0,96.6,2,10,1,298,0,0,298,298,171,171,0,0,127,0
Brennan Presley,122982,WR,OKLA STATE,13,45.0,0,262,66.6,,54.3,0,0,0,0.0,0.0,,0,0,0,298,0,0,0,662,0,360,0,0,298,0
Hadon Merchant,60056,G,S ALABAMA,6,100.0,0,288,53.0,46.5,51.9,1,4,155,100.0,100.0,97.1,0,7,2,298,0,297,0,298,164,164,0,0,134,1
Malik Cunningham,60436,QB,LOUISVILLE,13,35.4,0,210,91.5,,60.0,0,0,0,0.0,0.0,,3,0,0,297,0,0,0,839,0,431,0,0,297,0
Desmond Ridder,55086,QB,CINCINNATI,14,36.0,0,138,90.7,,60.0,0,0,0,0.0,0.0,,1,0,0,297,0,0,0,824,0,450,0,0,297,0
James Harris II,77030,FB,NAVY,12,73.7,0,237,64.6,25.6,80.9,3,4,73,96.1,92.6,88.4,1,12,5,297,0,0,0,403,75,81,0,0,222,4
Marshon Ford,77874,TE,LOUISVILLE,13,46.8,0,210,79.2,59.0,65.8,0,3,35,9.9,9.4,95.7,1,3,0,297,0,0,0,634,35,372,0,1,262,242
Ricky Pearsall,100660,WR,ARIZONA ST,13,45.0,1,110,67.5,51.2,68.4,0,0,2,0.6,0.6,50.0,5,1,1,297,0,0,0,660,2,359,0,0,295,0
Ja'Cyais Credle,123740,WR,GA STATE,12,57.3,1,175,65.4,,61.8,0,0,0,0.0,0.0,,1,0,0,296,0,0,0,517,0,221,0,0,296,0
Kyle Vantrease,55029,QB,BUFFALO,10,47.4,0,126,63.2,,60.0,0,0,0,0.0,0.0,,0,0,0,296,0,0,0,624,0,306,0,0,296,0
Tristen Tewes,98099,TE,N ILLINOIS,14,67.1,0,254,51.5,65.4,52.0,0,0,20,12.8,12.7,100.0,1,0,0,296,0,0,0,441,21,166,0,1,275,344
Elijah Johnson,40719,T,COLO STATE,5,100.0,0,144,53.3,49.4,59.4,3,9,136,100.0,100.0,94.9,3,13,1,296,0,0,0,296,140,140,0,296,156,0
Grant DuBose,111276,WR,CHARLOTTE,12,41.8,0,136,76.8,,69.7,0,0,0,0.0,0.0,,3,0,0,295,0,0,0,706,0,409,0,0,295,0
Devin Leary,77628,QB,NC STATE,12,36.3,0,248,84.6,,60.1,0,0,0,0.0,0.0,,3,0,0,295,0,0,0,812,0,499,0,0,295,0
Tyrick James,77909,TE,TULANE,12,50.4,1,319,61.6,71.6,61.3,0,1,46,14.3,14.7,98.9,5,1,0,295,0,0,2,585,50,340,0,0,245,358
Yo'Heinz Tyler,78181,WR,BALL ST,13,40.8,0,117,61.1,,47.3,0,0,0,0.0,0.0,,3,0,0,294,0,0,0,720,0,426,0,0,294,0
Spencer Petras,82136,QB,IOWA,12,44.7,0,192,73.9,,60.1,0,0,0,0.0,0.0,,3,0,0,294,0,0,0,658,0,338,0,0,294,0
Peyton Hendershot,60915,TE,INDIANA,12,48.7,0,190,84.2,53.2,58.4,0,2,39,11.7,11.7,97.4,1,2,0,294,0,0,0,604,41,349,0,0,253,374
Brandon Chapman,44947,TE,WAKE,13,57.8,0,339,53.6,67.6,60.0,0,1,59,22.6,23.2,97.5,1,2,1,294,0,0,0,509,65,280,0,0,229,428
Jake Marwede,60879,TE,DUKE,12,62.6,1,154,43.8,52.8,36.4,1,4,54,24.8,24.2,95.4,5,5,0,293,0,0,0,468,56,231,0,0,237,225
Brock Purdy,77672,QB,IOWA STATE,13,35.8,0,193,79.3,,60.1,0,0,0,0.0,0.0,,0,0,0,293,0,0,0,818,0,492,0,0,293,0
Lucas Johnson,40551,QB,S DIEGO ST,13,49.1,0,284,71.7,,60.1,0,0,0,0.0,0.0,,2,0,0,292,0,0,0,595,0,265,0,0,292,0
N'Kosi Perry,60446,QB,FAU,12,38.0,0,165,72.2,,60.3,0,0,0,0.0,0.0,,6,0,0,292,0,0,0,768,0,423,0,0,292,0
Nykeim Johnson,61692,WR,KENT STATE,14,45.1,0,201,68.6,,56.3,0,0,0,0.0,0.0,,1,0,0,291,0,0,0,645,0,345,0,0,291,2
Jaydan Smith,81867,G,TEXAS ST,9,100.0,0,314,60.6,66.6,57.5,3,1,142,100.0,100.0,97.9,0,5,1,291,0,284,0,291,148,148,2,0,143,5
Jarret Doege,60353,QB,W VIRGINIA,13,36.0,0,343,70.2,,60.1,0,0,0,0.0,0.0,,4,0,0,291,0,0,0,809,0,499,0,0,291,0
Anthony Pardue,81819,G,S JOSE ST,11,100.0,0,285,57.7,49.5,58.0,1,2,166,100.0,100.0,98.5,0,4,1,290,54,180,0,290,173,173,56,0,117,0
C.J. Johnson,104187,WR,E CAROLINA,12,42.6,0,156,62.9,,60.1,0,0,0,0.0,0.0,,4,0,0,290,0,0,0,681,0,391,0,0,290,0
Travell Harris,61810,WR,WASH STATE,13,38.8,0,341,68.9,,56.2,0,0,0,0.0,0.0,,3,0,0,290,0,0,0,748,0,456,0,0,290,5
Curtis Hodges,61137,TE,ARIZONA ST,12,55.1,0,110,67.0,45.4,70.7,0,4,25,9.9,9.6,92.0,6,4,0,290,0,0,0,526,25,261,0,0,265,375
Shedrick Rhodes Jr.,130602,T,OHIO,10,100.0,0,259,55.7,47.8,58.2,5,10,151,100.0,100.0,93.0,0,18,3,290,0,0,0,290,163,163,0,290,127,0
Joel Honigford,59851,TE,MICHIGAN,14,92.7,1,222,41.9,63.4,42.1,1,3,50,71.4,69.3,96.0,1,4,0,290,0,0,1,313,52,75,0,5,238,275
Jamari Thrash,97399,WR,GA STATE,13,56.7,1,175,68.9,,66.3,0,0,0,0.0,0.0,,2,0,0,289,0,0,0,510,0,221,0,0,289,1
Jay Rudolph,128313,TE,S DIEGO ST,13,80.3,0,284,55.3,66.8,61.2,0,1,33,32.7,34.9,98.5,2,1,0,289,0,0,0,360,38,109,0,0,251,298
Derek Paulson,60982,TE,MIAMI OH,13,80.7,0,221,49.8,46.9,64.4,0,3,96,60.4,58.9,97.4,2,4,1,288,0,0,0,357,99,168,0,0,189,330
Ryan Luehrman,42371,TE,OHIO,12,61.4,0,259,65.1,66.2,55.0,2,1,48,22.6,22.6,96.9,1,3,0,288,0,0,0,469,53,234,0,0,235,180
Hendon Hooker,60593,QB,TENNESSEE,13,36.6,0,307,84.4,,60.1,0,0,0,0.0,0.0,,2,0,0,287,0,0,0,784,0,421,0,0,287,0
Christophe Atkinson,98064,G,OHIO,7,100.0,1,259,71.9,79.3,71.2,1,2,136,100.0,100.0,98.9,4,3,0,285,0,16,0,285,145,145,269,0,140,0
Cade Barnard,83625,FB,ARMY,13,86.9,0,114,79.5,58.9,80.5,1,2,72,88.9,88.2,97.9,0,3,0,285,0,0,0,328,75,85,0,0,210,7
Chimere Dike,129918,WR,WISCONSIN,13,57.8,0,349,65.5,67.1,60.8,0,0,1,0.5,0.5,100.0,2,0,0,285,0,0,0,493,1,205,0,0,284,4
Christopher Fortin,147384,C,UCONN,8,100.0,0,146,41.6,54.3,47.7,1,3,169,100.0,100.0,97.6,6,6,2,285,285,0,0,285,179,179,0,0,106,0
Chuck Filiaga,59858,G,MICHIGAN,9,100.0,0,222,63.0,56.2,64.1,0,5,100,100.0,100.0,96.5,1,6,1,284,0,105,0,284,112,112,179,0,172,0
Nick Lenners,60929,TE,KANSAS ST,13,80.7,0,199,56.3,59.8,64.8,1,1,33,34.7,32.7,93.9,1,3,1,284,0,0,0,352,33,101,0,0,251,325
Brandon Robinson,84179,WR,FAU,12,42.3,1,165,58.2,,47.0,0,0,0,0.0,0.0,,1,0,0,284,0,0,0,672,0,388,0,0,284,1
John Metchie III,97400,WR,ALABAMA,13,36.6,0,103,78.2,,56.5,0,0,0,0.0,0.0,,1,0,0,283,0,0,0,774,0,491,0,0,283,2
Brian Anderson,59932,C,N CAROLINA,13,100.0,0,245,40.8,56.2,40.3,2,2,150,100.0,100.0,96.0,3,8,4,283,283,0,0,283,156,156,0,0,127,0
Bryce Effner,81801,T,PENN STATE,10,100.0,0,266,73.0,52.9,82.5,2,4,169,100.0,100.0,96.4,1,9,3,283,0,74,51,283,174,174,61,89,109,7
RaJae' Johnson,100886,WR,UAB,12,56.8,0,321,62.2,,65.6,0,0,0,0.0,0.0,,2,0,0,283,0,0,0,498,0,214,0,0,283,3
Gunnar Holmberg,77625,QB,DUKE,11,39.5,0,154,72.2,,60.3,0,0,0,0.0,0.0,,2,0,0,282,0,0,0,714,0,375,0,0,282,0
Dylan Morris,100570,QB,WASHINGTON,11,39.1,0,340,68.0,,60.9,0,0,0,0.0,0.0,,2,0,0,280,0,0,0,716,0,420,0,0,280,0
Jacob Adams,79490,TE,LA TECH,12,80.9,0,208,53.3,54.4,53.3,2,2,44,40.4,42.6,95.5,2,4,0,280,0,0,0,346,49,115,0,0,231,320
Jay Rose,55118,TE,UCONN,10,49.2,0,146,51.8,68.0,41.9,1,1,52,16.2,16.0,98.1,2,2,0,280,0,0,1,569,55,344,0,0,225,271
Kaleb Smith,77982,WR,VA TECH,12,48.4,0,337,60.3,,80.0,0,0,0,0.0,0.0,,2,0,0,280,0,0,0,578,0,298,0,0,280,0
Daniel Jackson,129654,WR,MINNESOTA,11,54.7,0,225,67.4,,61.3,0,0,0,0.0,0.0,,1,0,0,280,0,0,0,512,0,232,0,0,280,0
Blake Jeresaty,25150,G,ILLINOIS,10,99.6,1,187,58.9,35.8,68.9,0,4,125,99.2,99.3,97.6,4,5,1,280,110,146,0,281,135,136,0,0,145,25
Paul Maile,82512,C,UTAH,5,100.0,0,328,70.0,43.6,72.6,0,1,118,100.0,100.0,99.6,1,1,0,280,221,0,0,280,125,125,59,0,155,0
Josiah Johnson,75883,TE,UMASS,11,59.1,0,216,56.4,48.5,58.3,1,1,39,17.8,19.0,97.4,1,2,0,279,1,0,1,472,44,231,0,0,235,288
Khalil Shakir,84140,WR,BOISE ST,12,38.9,0,120,86.7,,57.2,0,0,0,0.0,0.0,,1,0,0,279,0,0,0,717,0,417,0,0,279,3
Trevor Borland,130400,TE,BUFFALO,12,72.3,0,126,61.8,55.6,72.6,0,1,19,16.4,17.2,97.4,2,1,0,279,0,0,0,386,22,128,0,1,257,323
Tahj Washington,97288,WR,USC,12,38.8,1,326,67.0,,62.3,0,0,0,0.0,0.0,,4,0,0,278,0,0,0,717,0,439,0,0,278,1
Jaeger Bull,52207,TE,RICE,12,78.1,0,275,72.8,76.6,73.8,0,0,29,28.4,29.4,100.0,4,0,0,278,0,0,0,356,32,109,0,0,246,317
David Cormier,145967,WR,AIR FORCE,10,82.2,0,101,63.8,66.0,70.5,0,0,1,1.6,1.6,100.0,2,0,0,277,0,0,0,337,1,61,0,0,276,59
Jake Bentley,40788,QB,S ALABAMA,10,42.6,0,288,83.2,,60.0,0,0,0,0.0,0.0,,2,0,0,277,0,0,0,650,0,362,0,0,277,0
Ja'Shaun Poke,100218,WR,KENT STATE,12,47.5,1,201,56.7,,49.9,0,0,0,0.0,0.0,,1,0,0,277,0,0,0,583,0,299,0,0,277,1
Hunter Buczkowski,41264,TE,C MICHIGAN,12,76.5,0,134,60.0,62.1,69.4,0,0,24,22.6,22.7,100.0,1,0,0,277,0,0,0,362,25,110,0,0,252,323
Dylan Parham,41351,TE,NC STATE,12,76.9,0,248,56.9,73.2,65.5,0,0,47,37.6,38.5,100.0,2,0,0,277,0,0,0,360,52,135,0,0,225,336
Will Sheppard,124360,WR,VANDERBILT,11,40.7,0,333,62.2,,52.0,0,0,0,0.0,0.0,,1,0,0,277,0,0,0,680,0,403,0,0,277,0
Taylor Morin,97213,WR,WAKE,14,39.0,0,339,65.4,,55.9,0,0,0,0.0,0.0,,4,0,0,276,0,0,0,708,0,431,0,0,276,15
Seth Henigan,144267,QB,MEMPHIS,11,34.6,0,218,68.8,,60.2,0,0,0,0.0,0.0,,0,0,0,276,0,0,0,797,0,491,0,0,276,0
Spencer Lovell,81559,G,ARIZONA ST,7,100.0,0,110,68.6,90.1,71.6,0,1,115,100.0,100.0,99.6,5,1,0,276,0,0,0,276,118,118,275,0,158,1
Jahan Dotson,84375,WR,PENN STATE,12,35.9,1,266,87.5,,62.7,0,0,0,0.0,0.0,,1,0,0,276,0,0,0,768,0,486,0,0,276,0
Brenton Strange,101694,TE,PENN STATE,13,46.4,0,266,61.8,62.8,80.0,1,1,36,10.7,10.2,97.2,1,2,0,275,0,0,1,593,36,354,0,0,239,275
Pearse Migl,83993,TE,LA LAFAYET,14,72.2,0,207,72.1,32.5,72.7,1,2,24,19.0,19.7,93.7,0,3,0,275,0,0,0,381,26,132,0,0,249,296
Ethan Carde,123135,T,TEXAS TECH,7,100.0,0,315,54.4,41.4,65.0,2,7,146,100.0,100.0,94.2,4,13,4,275,0,40,126,275,149,149,65,44,126,0
Josh Ali,61359,WR,KENTUCKY,10,48.8,0,202,71.6,,62.8,0,0,0,0.0,0.0,,1,0,0,274,0,0,0,561,0,284,0,0,274,0
Jacqui Graham,145304,T,MIDDLE TN,9,100.0,0,224,64.1,69.9,58.7,3,3,137,100.0,100.0,97.8,0,6,0,274,0,0,156,274,147,147,0,118,127,0
Kendric Pryor,40408,WR,WISCONSIN,13,46.8,0,349,65.9,,65.3,0,0,0,0.0,0.0,,1,0,0,274,0,0,0,585,0,303,0,0,274,0
Charleston Rambo,61569,WR,MIAMI FL,12,35.9,0,220,77.5,,58.6,0,0,0,0.0,0.0,,3,0,0,274,0,0,0,763,0,489,0,0,274,2
Chase Garbers,60356,QB,CAL,11,36.2,0,130,81.8,,60.0,0,0,0,0.0,0.0,,4,0,0,274,0,0,0,756,0,436,0,0,274,0
Chris Reynolds,60361,QB,CHARLOTTE,11,37.1,0,136,78.7,,60.1,0,0,0,0.0,0.0,,2,0,0,273,0,0,0,736,0,408,0,0,273,0
Sam Howell,97599,QB,N CAROLINA,12,32.4,0,245,91.1,,60.1,0,0,0,0.0,0.0,,2,0,0,272,0,0,0,840,0,490,0,0,272,0
Andrej Karic,123120,T,TEXAS,11,100.0,0,311,62.6,44.3,68.7,2,8,122,100.0,100.0,94.3,1,12,2,272,0,0,140,272,127,127,0,129,145,3
Noah Vedral,55406,QB,RUTGERS,13,38.2,0,278,63.1,,60.5,0,0,0,0.0,0.0,,3,0,0,272,0,0,0,712,0,367,0,0,272,0
JaCorey Sullivan,55060,WR,C MICHIGAN,11,42.2,0,134,71.3,66.4,62.5,0,0,1,0.3,0.3,100.0,3,0,0,272,0,0,2,644,1,373,0,1,271,12
Adam Luehrman,41375,TE,OHIO,12,70.6,0,259,51.9,45.2,65.5,0,3,47,30.7,31.1,94.7,0,4,1,272,0,0,0,385,51,164,0,0,221,213
Samuel Williams,39843,G,LA TECH,10,100.0,0,208,49.3,20.2,58.7,2,6,152,100.0,100.0,96.7,1,9,1,272,0,41,0,272,161,161,178,48,111,4
T.J. Banks,77923,TE,W VIRGINIA,12,69.0,0,343,66.6,55.7,77.9,1,2,39,24.8,24.2,93.6,1,4,1,272,0,0,0,394,39,161,0,0,233,349
Erick All,52595,TE,MICHIGAN,13,56.0,0,222,76.8,51.2,76.5,0,1,8,3.8,3.6,93.7,2,1,0,271,0,0,0,484,8,221,0,0,263,232
Calvin Jackson Jr.,84508,WR,WASH STATE,13,39.1,0,341,72.1,,42.1,0,0,0,0.0,0.0,,0,0,0,271,0,0,0,693,0,421,0,0,271,0
Richard Rodriguez,144397,G,TEMPLE,8,100.0,0,306,60.4,56.1,61.6,1,4,157,100.0,100.0,97.8,1,6,1,271,0,18,0,271,162,162,253,0,109,0
Dylan Niedrowski,77427,G,UCONN,6,100.0,0,146,44.1,32.5,46.4,3,9,149,100.0,100.0,94.0,1,15,3,270,0,220,0,270,155,155,0,49,115,0
Daniel Parker Jr.,82343,TE,MISSOURI,11,57.8,0,229,58.5,71.5,61.7,0,2,38,16.9,17.3,97.4,4,2,0,269,0,0,0,465,41,237,0,3,228,312
Ben Bryant,77655,QB,E MICHIGAN,13,34.1,0,160,82.7,62.2,60.0,0,0,1,0.2,0.2,100.0,3,0,0,269,0,0,0,790,1,493,0,0,268,0
Jayden de Laura,131928,QB,WASH STATE,12,38.6,0,341,77.2,62.2,60.0,0,0,1,0.3,0.2,100.0,8,0,0,269,0,0,0,697,1,405,0,0,268,0
Garrett Walston,42000,TE,N CAROLINA,13,57.7,0,245,59.5,78.9,55.6,0,0,65,26.0,25.9,100.0,0,0,0,269,0,0,0,466,69,266,0,0,200,306
Jacob Copeland,84176,WR,FLORIDA,13,44.1,0,163,64.6,,56.7,0,0,0,0.0,0.0,,2,0,0,269,0,0,0,610,0,338,0,0,269,0
Damieon George Jr.,123915,T,ALABAMA,9,100.0,0,103,65.0,68.7,64.8,1,4,149,100.0,100.0,96.3,2,8,3,268,0,0,0,268,153,153,0,267,115,0
Hagen Meservy,59986,G,OHIO,4,100.0,0,259,63.2,69.4,62.3,0,3,101,100.0,100.0,96.5,1,5,2,268,0,0,0,268,110,110,268,0,158,0
Ty Fryfogle,61321,WR,INDIANA,12,40.0,0,190,64.8,,65.1,0,0,0,0.0,0.0,,1,0,0,268,0,0,0,670,0,399,0,0,268,0
Jamal Turner,55368,TE,TOLEDO,13,53.6,0,316,45.7,59.3,56.1,1,1,45,17.0,17.7,97.8,2,2,0,268,0,0,0,500,50,282,0,0,218,312
De'Vion Warren,61141,WR,ARKANSAS,13,58.3,0,111,55.7,,52.4,0,0,0,0.0,0.0,,2,0,0,267,0,0,0,458,0,185,0,0,267,1
Casey Holman,77315,G,DUKE,12,100.0,0,154,52.2,36.8,55.1,0,9,128,100.0,100.0,96.5,1,9,0,267,0,119,0,267,133,133,112,33,134,0
George Takacs,84027,TE,NOTRE DAME,13,65.4,0,258,55.1,67.7,65.6,1,0,36,21.1,21.7,98.6,2,1,0,266,0,0,0,407,39,180,0,0,227,330
Gerrik Vollmer,76564,C,DOMINION,8,100.0,0,263,64.5,63.4,62.5,0,3,139,100.0,100.0,98.2,1,4,1,265,265,0,0,265,142,142,0,0,123,0
Justin Britt,101594,G,IOWA,8,100.0,0,192,78.5,39.4,90.5,0,6,135,100.0,100.0,95.6,2,9,3,265,0,1,0,265,139,139,264,0,126,0
Victor Tucker,61203,WR,CHARLOTTE,11,44.5,0,136,78.1,,51.6,0,0,0,0.0,0.0,,3,0,0,265,0,0,0,595,0,327,0,0,265,0
Max Bortenschlager,46500,QB,FIU,12,38.5,1,166,59.8,,60.1,0,0,0,0.0,0.0,,4,0,0,264,0,0,0,685,0,410,0,0,264,0
Tre Mosley,101722,WR,MICH STATE,13,43.4,0,223,66.0,,55.5,0,0,0,0.0,0.0,,0,0,0,264,0,0,0,608,0,342,0,0,264,1
Luke Lachey,129475,TE,IOWA,13,69.8,0,192,54.7,54.4,52.3,0,1,27,19.7,20.3,94.4,1,2,1,264,0,0,0,378,29,143,0,0,235,343
Trevor Campbell,60241,G,W MICHIGAN,11,100.0,0,347,74.6,84.9,71.7,0,1,102,100.0,100.0,99.5,2,1,0,262,0,262,0,262,113,113,0,0,149,0
Donta Anthony Jr.,84030,TE,DOMINION,12,65.7,0,263,55.0,68.4,62.3,0,0,15,10.1,10.5,100.0,0,0,0,262,0,0,0,399,16,153,0,0,246,268
A.J. Howard,83627,HB,ARMY,13,85.1,0,114,76.1,76.4,75.0,0,0,8,24.2,26.5,100.0,1,0,0,262,0,0,0,308,9,34,0,0,253,3
Karsen Barnhart,101537,G,MICHIGAN,8,100.0,0,222,54.5,64.8,51.6,1,4,113,100.0,100.0,97.8,1,5,0,262,0,173,64,262,126,126,25,0,136,0
Isaiah Winstead,91115,WR,TOLEDO,13,44.5,0,316,64.8,,66.5,0,0,0,0.0,0.0,,5,0,0,262,0,0,0,589,0,327,0,0,262,7
Jordan Addison,123000,WR,PITTSBURGH,14,31.3,1,268,88.8,,71.8,0,0,0,0.0,0.0,,1,0,0,261,0,0,0,833,0,566,0,0,261,0
Dylan Leonard,99685,TE,GA TECH,11,57.6,0,176,56.9,47.7,65.8,1,3,42,18.8,18.7,90.5,2,6,2,260,0,0,0,451,44,235,0,0,216,274
Chris Olave,84355,WR,OHIO STATE,12,37.8,0,260,79.3,,70.1,0,0,0,0.0,0.0,,3,0,0,260,0,0,0,687,0,427,0,0,260,6
Octavius Evans,61172,WR,BOISE ST,10,43.6,0,120,63.7,,62.0,0,0,0,0.0,0.0,,1,0,0,259,0,0,0,594,0,332,0,0,259,0
Stephon Robinson Jr.,78136,WR,NWESTERN,11,42.7,0,256,75.8,,70.7,0,0,0,0.0,0.0,,2,0,0,259,0,0,0,606,0,336,0,0,259,0
Payne Durham,84037,TE,PURDUE,12,46.3,0,273,72.9,68.1,67.0,0,4,55,16.4,16.2,96.4,3,4,0,259,1,0,1,559,58,358,0,0,201,354
Ben Bresnahan,84078,TE,VANDERBILT,10,54.9,0,333,50.4,54.2,53.1,0,1,41,16.9,16.5,98.8,3,1,0,259,0,0,1,472,42,255,0,0,217,311
Bo Melton,61610,WR,RUTGERS,11,46.4,0,278,76.8,,71.4,0,0,0,0.0,0.0,,0,0,0,259,0,0,0,558,0,293,0,0,259,0
Bailey Zappe,60396,QB,W KENTUCKY,14,24.7,0,346,87.8,,60.2,0,0,0,0.0,0.0,,7,0,0,259,0,0,0,1050,0,776,0,0,259,0
Max Johnson,124099,QB,LSU,12,35.2,0,211,67.8,,60.0,0,0,0,0.0,0.0,,5,0,0,259,0,0,0,735,0,457,0,0,259,0
Anthony Bradford,99103,T,LSU,6,100.0,0,211,58.9,62.0,57.1,2,5,154,100.0,100.0,97.1,2,8,1,259,0,0,212,259,163,163,45,2,96,0
Kevin Austin Jr.,84345,WR,NOTRE DAME,13,38.8,1,258,72.4,,60.3,0,0,0,0.0,0.0,,1,0,0,259,0,0,0,668,0,408,0,0,259,0
Mikey Keene,70961,QB,UCF,11,44.2,0,323,63.4,62.2,60.4,0,0,1,0.3,0.3,100.0,5,0,0,258,0,0,0,584,1,314,0,0,257,0
Sam Crawford Jr.,78052,WR,TULSA,9,46.5,0,320,64.1,,61.3,0,0,0,0.0,0.0,,1,0,0,258,0,0,0,555,0,297,0,0,258,0
Josh Vann,84414,WR,S CAROLINA,13,42.4,1,289,72.0,,63.2,0,0,0,0.0,0.0,,4,0,0,258,0,0,0,609,0,346,0,0,258,1
Casey Thompson,77677,QB,TEXAS,12,43.1,0,311,78.3,,61.0,0,0,0,0.0,0.0,,3,0,0,258,0,0,0,598,0,320,0,0,258,0
Adam Karas,145965,T,AIR FORCE,10,99.6,0,101,75.0,37.6,76.3,0,1,18,94.7,94.7,97.2,2,1,0,258,0,0,140,259,18,19,0,25,240,93
Max Duggan,99470,QB,TCU,10,42.4,0,305,76.4,,60.1,0,0,0,0.0,0.0,,2,0,0,257,0,0,0,606,0,294,0,0,257,0
Robert Holmes,55110,T,ARK STATE,3,100.0,0,113,53.4,51.1,59.1,3,11,177,100.0,100.0,94.9,2,16,2,257,0,0,0,257,187,187,0,257,70,0
John Chenal,82534,FB,WISCONSIN,13,80.6,0,349,73.7,65.9,70.2,0,2,15,34.9,33.3,93.3,2,2,0,257,0,0,0,319,15,45,0,0,242,139
Kaylon Geiger,102929,WR,TEXAS TECH,13,41.7,1,315,67.7,,63.6,0,0,0,0.0,0.0,,1,0,0,257,0,0,0,616,0,349,0,0,257,2
Denzel Okafor,42007,G,TEXAS,5,99.6,2,311,74.1,60.4,78.2,2,3,118,99.2,99.2,97.0,4,6,1,256,0,257,0,257,125,126,0,0,131,0
Warren Thompson,77953,WR,ARKANSAS,13,54.6,0,111,56.2,,55.3,0,0,0,0.0,0.0,,5,0,0,256,0,0,0,469,0,213,0,0,256,1
Shedrick Jackson,84136,WR,AUBURN,13,39.0,0,115,60.6,,63.6,0,0,0,0.0,0.0,,2,0,0,256,0,0,0,656,0,400,0,0,256,0
Jalen Walker,61429,WR,MIAMI OH,13,39.4,0,221,62.7,64.4,60.4,0,0,1,0.3,0.3,100.0,1,0,0,255,0,0,0,647,1,392,0,0,254,11
Sean Clifford,51708,QB,PENN STATE,13,31.4,0,266,70.5,62.2,60.4,0,0,1,0.2,0.2,100.0,4,0,0,255,0,0,0,812,1,519,0,0,254,0
Velus Jones Jr.,40573,WR,TENNESSEE,13,44.5,0,307,76.2,,69.1,0,0,0,0.0,0.0,,0,0,0,255,0,0,0,573,0,317,0,0,255,6
Jordan Watkins,122730,WR,LOUISVILLE,12,45.2,0,210,66.4,62.1,63.7,0,0,1,0.3,0.3,100.0,1,0,0,255,0,0,0,564,1,310,0,0,254,0
Bryce Ford-Wheaton,78127,WR,W VIRGINIA,12,37.2,0,343,63.2,61.0,56.5,0,0,1,0.2,0.2,100.0,2,0,0,255,0,0,0,685,1,431,0,0,254,0
Justice Oluwaseun,60179,T,MIAMI FL,7,98.8,0,220,63.4,66.5,63.3,1,8,154,98.1,98.2,97.1,1,9,0,254,0,0,2,257,163,166,93,132,91,30
Zach Rasmussen,26134,TE,LA MONROE,12,82.7,0,209,42.7,31.4,40.1,1,5,44,47.8,47.5,90.9,0,7,1,254,0,0,0,307,48,101,0,0,206,272
Brandon Peters,40416,QB,ILLINOIS,10,52.9,0,187,71.6,62.2,60.3,0,0,1,0.5,0.5,100.0,1,0,0,254,0,0,0,480,1,208,0,0,253,0
Jacob Warren,84057,TE,TENNESSEE,13,62.6,1,307,55.7,29.1,51.9,1,1,41,22.0,22.8,92.7,1,4,2,254,0,0,1,406,45,197,0,0,209,122
Richie Leonard IV,124386,G,FLORIDA,8,100.0,0,163,59.2,51.2,59.2,2,0,124,100.0,100.0,99.2,0,2,0,253,64,0,0,253,130,130,189,0,123,0
Andrew Cannon,128226,G,NEVADA,8,100.0,1,239,65.0,64.3,64.5,1,6,175,100.0,100.0,96.3,1,10,3,253,0,149,0,253,190,190,103,1,63,0
Adrian Martinez,83522,QB,NEBRASKA,11,35.4,1,238,76.8,,60.0,0,0,0,0.0,0.0,,2,0,0,253,0,0,0,715,0,384,0,0,253,0
Demetris Allen,98082,T,UTSA,8,100.0,0,331,50.9,56.4,48.2,0,4,112,100.0,100.0,95.5,0,7,3,253,31,39,138,253,118,118,45,0,135,0
Erik Krommenhoek,61056,TE,USC,12,50.1,0,326,48.5,35.8,53.6,3,3,36,13.2,12.9,91.7,0,6,0,252,0,0,0,503,37,287,0,0,215,253
Latrell Bible,98236,G,WYOMING,9,100.0,0,351,74.6,77.2,72.9,1,2,89,100.0,100.0,98.3,0,3,0,252,5,210,0,252,93,93,36,0,159,0
Johnny Lumpkin,83994,TE,LA LAFAYET,14,65.8,0,207,61.5,51.6,62.4,0,3,36,22.1,22.0,93.1,1,4,1,252,0,0,5,383,37,168,0,2,215,314
Kris Hutson,131713,WR,OREGON,14,43.7,0,264,58.8,,60.8,0,0,0,0.0,0.0,,4,0,0,252,0,0,0,577,0,323,0,0,252,0
Matt McDonald,60350,QB,BOWL GREEN,12,33.3,0,122,69.8,62.2,60.3,0,0,1,0.2,0.2,100.0,3,0,0,252,0,0,0,756,1,486,0,0,251,0
Kamari Morales,99713,TE,N CAROLINA,13,61.2,0,245,65.6,63.9,57.9,0,2,55,26.3,28.6,98.2,3,2,0,252,0,0,0,412,64,224,0,0,188,258
Cade Otton,61071,TE,WASHINGTON,8,50.3,0,340,65.8,61.7,68.9,0,0,30,11.3,12.4,96.7,2,1,1,251,0,0,0,499,35,283,0,0,216,378
Ainias Smith,99207,WR,TEXAS A&M,12,40.9,0,312,68.4,67.9,46.0,0,0,1,0.3,0.3,100.0,1,0,0,251,0,0,0,613,1,354,0,0,250,3
Will Wallace,61043,TE,TULANE,11,63.1,0,319,61.9,45.2,65.8,1,1,44,23.9,25.4,95.5,4,3,1,251,0,0,0,398,50,197,0,1,201,314
Ethan Piper,101586,G,NEBRASKA,6,100.0,0,238,58.0,60.6,55.4,1,4,125,100.0,100.0,95.6,0,8,3,251,0,238,0,251,132,132,13,0,119,0
Tyrese Chambers,109628,WR,FIU,12,40.0,0,166,76.6,,54.3,0,0,0,0.0,0.0,,0,0,0,251,0,0,0,628,0,377,0,0,251,6
Terrance Dixon,84195,WR,GA STATE,13,52.9,0,175,63.4,,64.8,0,0,0,0.0,0.0,,0,0,0,249,0,0,0,471,0,219,0,0,249,1
Axel Ruschmeyer,55236,G,MINNESOTA,13,95.4,0,225,94.3,70.7,87.6,0,0,34,77.3,74.5,100.0,4,0,0,249,0,40,0,261,35,47,11,1,214,198
Jakai Moore,99041,T,S CAROLINA,8,100.0,1,289,69.0,43.3,84.2,0,5,133,100.0,100.0,95.9,4,8,3,249,0,0,249,249,145,145,0,0,104,0
Javen Banks,84444,WR,TEXAS ST,11,43.0,0,314,71.7,,69.6,0,0,0,0.0,0.0,,0,0,0,249,0,0,0,579,0,330,0,0,249,0
Nick Bernacchi,77385,G,NAVY,7,100.0,0,237,59.3,57.2,58.1,0,3,54,100.0,100.0,97.2,0,3,0,248,0,7,0,248,54,54,241,0,194,0
Jalen Nailor,84292,WR,MICH STATE,9,48.1,0,223,77.0,,81.4,0,0,0,0.0,0.0,,0,0,0,248,0,0,0,516,0,268,0,0,248,1
Jack Coan,60613,QB,NOTRE DAME,13,34.4,0,258,83.5,,60.0,0,0,0,0.0,0.0,,1,0,0,247,0,0,0,718,0,453,0,0,247,0
Elijah Kothe,84399,WR,S DIEGO ST,14,51.8,0,284,68.7,,54.7,0,0,0,0.0,0.0,,1,0,0,247,0,0,0,477,0,230,0,0,247,3
Jalon Calhoun,97272,WR,DUKE,12,42.7,0,154,70.0,,45.9,0,0,0,0.0,0.0,,3,0,0,247,0,0,0,579,0,330,0,0,247,0
David Bell,97989,WR,PURDUE,11,33.3,0,273,87.5,,63.3,0,0,0,0.0,0.0,,0,0,0,246,0,0,0,739,0,490,0,0,246,0
Trevon Bradford,40116,WR,OREGON ST,13,48.0,0,265,76.5,61.0,53.1,0,0,1,0.4,0.4,100.0,2,0,0,246,0,0,0,512,1,260,0,0,245,4
Alex Padgett,145657,G,BOWL GREEN,4,100.0,0,122,50.9,53.7,51.9,2,2,135,100.0,100.0,98.5,2,4,0,246,0,159,86,246,139,139,0,0,107,1
Braxton Burmeister,60513,QB,VA TECH,12,38.5,0,337,78.1,,60.4,0,0,0,0.0,0.0,,0,0,0,246,0,0,0,639,0,343,0,0,246,0
Paula Vaipulu,122500,G,GA TECH,7,100.0,0,176,46.0,43.8,45.1,2,4,133,100.0,100.0,97.7,1,6,0,246,0,246,0,246,143,143,0,0,103,0
Jahcour Pearson,42095,WR,OLE MISS,13,43.7,0,226,59.0,,59.5,0,0,0,0.0,0.0,,2,0,0,246,0,0,0,563,0,313,0,0,246,0
Lawrence Arnold,122546,WR,KANSAS,12,50.5,0,198,63.4,,64.7,0,0,0,0.0,0.0,,2,0,0,244,0,0,0,483,0,239,0,0,244,0
Steve Jenkins,101350,WR,UNLV,12,40.1,1,325,71.4,65.0,59.7,0,0,2,0.6,0.5,100.0,4,0,0,244,0,0,0,609,2,365,0,0,242,0
Ty McCullouch,71780,WR,COLO STATE,12,40.8,0,144,61.6,,55.1,0,0,0,0.0,0.0,,0,0,0,243,0,0,0,596,0,350,0,0,243,67
Jermaine Braddock,84400,WR,S JOSE ST,12,41.0,0,285,60.0,61.9,61.0,0,0,1,0.3,0.3,100.0,1,0,0,243,0,0,0,593,1,351,0,0,242,0
Miles Marshall,84224,WR,INDIANA,12,40.6,0,190,57.6,,56.8,0,0,0,0.0,0.0,,0,0,0,243,0,0,0,598,0,355,0,0,243,0
Gary Williams,75915,TE,COLO STATE,12,58.4,0,144,75.6,71.0,63.5,0,0,20,10.6,10.4,100.0,2,0,0,243,0,0,0,416,20,193,0,0,223,239
Christian Sims,100276,TE,BOWL GREEN,11,40.6,0,122,60.1,68.7,48.7,0,1,23,6.4,6.3,97.8,1,1,0,243,0,0,0,598,24,378,1,0,219,358
Michael Pratt,123229,QB,TULANE,11,34.4,0,319,56.2,,60.5,0,0,0,0.0,0.0,,2,0,0,243,0,0,0,707,0,424,0,0,243,0
Darius Pittman,61003,TE,TEMPLE,12,58.4,0,306,40.9,66.3,53.7,1,2,46,21.5,21.7,96.7,4,3,0,243,0,0,0,416,48,221,0,0,195,346
Kyle Philips,84463,WR,UCLA,11,39.4,0,324,77.6,,77.2,0,0,0,0.0,0.0,,1,0,0,243,0,0,0,616,0,373,0,0,243,14
Jadon Haselwood,97791,WR,OKLAHOMA,12,41.2,0,261,62.4,,68.0,0,0,0,0.0,0.0,,2,0,0,242,0,0,0,588,0,346,0,0,242,0
Calvin Austin III,61418,WR,MEMPHIS,12,36.9,0,218,84.7,,59.3,0,0,0,0.0,0.0,,1,0,0,242,0,0,0,655,0,412,0,0,242,0
Bryce Wolma,60844,TE,ARIZONA,11,59.0,0,109,47.6,61.9,47.5,1,5,54,26.0,25.7,92.6,1,7,1,242,0,0,0,410,58,226,0,0,184,363
Hassan Beydoun,78185,WR,E MICHIGAN,13,35.1,0,160,75.7,65.3,56.6,0,0,1,0.2,0.2,100.0,1,0,0,242,0,0,0,690,1,448,0,0,241,6
Brody Rodgers,59987,G,OHIO,7,100.0,0,259,66.2,54.8,68.4,1,1,126,100.0,100.0,99.2,0,2,0,242,0,0,0,242,140,140,242,0,102,0
Jake Cossavella,71285,T,NAVY,4,100.0,0,237,68.6,57.3,69.2,0,2,59,100.0,100.0,93.2,1,5,3,241,0,0,231,241,61,61,0,10,180,0
Chase Cota,84465,WR,UCLA,12,44.9,0,324,54.1,,62.9,0,0,0,0.0,0.0,,0,0,0,241,0,0,0,537,0,296,0,0,241,3
Ernesto Ramirez,102825,G,ARK STATE,6,100.0,0,113,49.6,43.7,45.8,1,13,179,100.0,100.0,95.0,0,16,2,241,0,0,0,241,189,189,239,0,52,2
KeAndre Lambert-Smith,129789,WR,PENN STATE,13,35.7,0,266,57.8,,60.0,0,0,0,0.0,0.0,,2,0,0,241,0,0,0,676,0,435,0,0,241,0
Marcell Barbee,121958,WR,TEXAS ST,12,43.6,2,314,70.1,,63.5,0,0,0,0.0,0.0,,5,0,0,240,0,0,0,551,0,311,0,0,240,0
Samori Toure,25276,WR,NEBRASKA,12,40.4,0,238,80.9,,56.6,0,0,0,0.0,0.0,,0,0,0,240,0,0,0,594,0,346,0,0,240,6
Chris Cameron,83940,TE,ARMY,11,94.9,0,114,79.0,33.0,79.1,0,0,8,44.4,40.9,100.0,1,0,0,240,0,0,55,253,9,22,0,50,231,115
Zach Carpenter,101539,G,INDIANA,5,100.0,0,190,63.3,59.6,66.6,1,2,119,100.0,100.0,98.7,2,3,0,240,18,0,0,240,125,125,222,0,115,0
Erik Swenson,40250,T,OKLAHOMA,10,100.0,0,261,84.3,75.0,84.2,1,3,110,100.0,100.0,98.2,0,4,0,239,0,49,113,239,116,116,32,43,123,2
Falepule Alo,128376,C,UTAH ST,5,100.0,0,329,55.9,55.1,55.0,0,6,128,100.0,100.0,96.9,0,7,1,239,239,0,0,239,134,134,0,0,105,0
Stanley Berryhill III,61128,WR,ARIZONA,12,32.4,0,109,70.4,34.1,38.0,0,0,2,0.4,0.4,100.0,4,0,0,239,0,0,0,737,2,483,0,0,237,1
Julius Pierce,98396,C,FIU,11,100.0,0,166,57.9,49.2,59.0,0,3,121,100.0,100.0,97.9,1,4,1,238,227,0,0,238,127,127,0,0,111,11
Brandon Bowling,42151,WR,UTAH ST,14,39.7,0,329,78.4,,46.1,0,0,0,0.0,0.0,,0,0,0,238,0,0,0,599,0,361,0,0,238,5
Danny Davis III,61836,WR,WISCONSIN,12,45.8,0,349,72.2,,63.5,0,0,0,0.0,0.0,,2,0,0,238,0,0,0,520,0,281,0,0,238,0
Johnny Langan,77617,TE,RUTGERS,13,59.8,0,278,68.5,77.0,48.2,0,1,42,25.6,25.6,98.8,1,1,0,238,0,0,0,398,43,168,0,0,195,241
Rashod Owens,122979,WR,OKLA STATE,12,58.6,0,262,65.3,,68.2,0,0,0,0.0,0.0,,0,0,0,238,0,0,0,406,0,168,0,0,238,2
Sean Tucker,123056,HB,SYRACUSE,12,33.8,0,304,81.1,41.7,57.1,2,7,120,37.0,37.4,96.2,2,9,0,237,0,0,0,701,128,342,0,0,109,0
Jake Hescock,41322,TE,UCF,13,76.0,0,323,44.4,67.4,57.1,3,0,56,43.8,44.0,97.3,0,3,0,237,0,0,6,312,59,134,0,1,178,251
Monte Pottebaum,81252,FB,IOWA,14,76.2,0,192,60.1,56.6,51.8,0,2,44,45.4,42.7,97.7,2,2,0,237,0,0,0,311,44,103,0,0,193,47
Emory Jones,82111,QB,FLORIDA,13,31.7,0,163,80.6,62.2,60.0,0,0,1,0.3,0.2,100.0,3,0,0,237,0,0,0,748,1,406,0,0,236,0
Ethan Driskell,98530,T,MARSHALL,9,100.0,0,214,58.2,46.3,63.9,0,8,119,100.0,100.0,95.8,2,9,1,237,0,0,43,237,120,120,0,194,117,0
Theo Johnson,129787,TE,PENN STATE,13,47.6,1,266,50.7,73.9,50.5,0,2,43,14.6,15.6,97.7,1,2,0,236,0,0,1,496,48,308,0,0,188,291
Beaux Collins,144112,WR,CLEMSON,11,50.6,0,140,65.2,,55.3,0,0,0,0.0,0.0,,1,0,0,236,0,0,0,466,0,230,0,0,236,2
Giovanni Fauolo Sr.,40519,TE,UNLV,9,57.7,1,325,59.9,38.8,49.9,1,5,46,21.7,21.4,93.5,3,6,0,236,0,0,0,409,47,220,0,0,189,276
Jordan Williams,56328,TE,BALL ST,13,65.0,0,117,48.6,71.3,56.6,0,0,25,17.6,18.1,100.0,1,0,0,236,0,0,0,363,28,155,0,0,208,277
Bryce Ramsey,99086,C,OLE MISS,6,100.0,0,226,55.3,60.7,54.8,1,3,118,100.0,100.0,98.3,3,4,0,236,213,0,0,236,124,124,22,0,112,0
Drew Rosi,55369,TE,TOLEDO,12,58.1,0,316,63.7,49.8,72.8,0,0,32,17.0,17.9,96.9,4,1,1,236,0,0,0,406,37,207,0,0,199,258
Tre Turner,78006,WR,VA TECH,10,44.8,0,337,76.7,,71.3,0,0,0,0.0,0.0,,3,0,0,236,0,0,0,527,0,278,0,0,236,9
Grayson McCall,98002,QB,COAST CAR,11,39.9,0,141,91.0,,60.4,0,0,0,0.0,0.0,,3,0,0,236,0,0,0,592,0,305,0,0,236,0
Justin Marshall,61394,WR,LOUISVILLE,12,46.8,0,210,64.2,,71.9,0,0,0,0.0,0.0,,0,0,0,236,0,0,0,504,0,268,0,0,236,0
Chase Hancock,97462,TE,GA SOUTHRN,11,86.1,0,174,44.3,43.1,47.2,1,2,46,56.1,56.3,94.6,1,4,1,235,0,0,0,273,49,87,0,0,186,198
Tyler Hunt,82605,TE,MICH STATE,11,61.0,0,223,54.0,40.8,56.4,0,1,27,16.4,16.7,94.4,2,2,1,235,0,0,0,385,30,180,0,0,205,262
Jarrin Pierce,100875,WR,MIDDLE TN,13,35.9,0,224,62.3,,51.1,0,0,0,0.0,0.0,,5,0,0,234,0,0,0,652,0,418,0,0,234,0
Joey Beljan,100863,TE,W KENTUCKY,14,59.4,0,346,70.5,51.9,81.3,0,4,58,27.9,28.3,96.6,1,4,0,234,0,0,1,394,63,223,0,1,171,348
Corey Gaynor,59844,C,MIAMI FL,3,100.0,0,220,50.8,60.0,54.7,1,3,152,100.0,100.0,98.0,4,5,1,234,234,0,0,234,161,161,0,0,73,0
Hunter Bergeron,56396,TE,LA LAFAYET,14,73.4,0,207,42.0,53.1,50.1,0,2,27,24.5,24.8,96.3,0,2,0,234,0,0,7,319,28,113,0,1,206,286
Levi Gazarek,130363,TE,BOWL GREEN,12,56.0,0,122,38.9,35.9,46.9,0,5,53,22.9,23.3,95.3,3,5,0,234,0,0,0,418,56,240,0,0,178,323
Raymond Pauwels Jr.,101331,TE,FRESNO ST,13,61.8,0,169,70.5,60.8,72.0,1,1,46,25.6,25.0,97.8,0,2,0,233,0,0,1,377,48,192,0,0,185,309
Garrett Shrader,98212,QB,SYRACUSE,12,34.9,0,304,73.9,,60.1,0,0,0,0.0,0.0,,2,0,0,233,0,0,0,668,0,327,0,0,233,0
Hayden Wolff,98362,QB,DOMINION,10,45.1,0,263,78.0,,60.1,0,0,0,0.0,0.0,,1,0,0,233,0,0,0,517,0,276,0,0,233,0
Joshua Lingenfelter,121584,TE,ARMY,12,94.3,0,114,81.1,23.2,77.7,0,0,5,27.8,30.0,100.0,2,0,0,232,0,0,53,246,6,20,0,45,226,121
AJ Lewis,84063,TE,TROY,12,62.4,0,318,47.9,51.3,62.4,1,1,26,16.0,15.7,92.3,3,3,1,232,0,0,0,372,26,166,0,0,206,275
Miles Joiner,61085,TE,N ILLINOIS,9,59.2,0,254,53.0,36.5,51.2,0,1,20,11.6,11.1,97.5,1,1,0,232,0,0,0,392,20,180,0,0,212,323
Jack Sherwin,98226,G,W MICHIGAN,13,90.3,1,347,54.3,71.8,56.2,1,1,51,67.1,69.9,98.0,2,2,0,232,0,0,0,257,58,83,0,0,174,248
Trae Barry,63624,TE,BOSTON COL,10,54.1,0,121,71.6,46.2,53.0,0,2,17,8.2,8.8,94.1,3,2,0,232,0,0,0,429,19,216,0,0,213,305
Cedric Melton,124141,G,OLE MISS,6,100.0,0,226,50.4,53.2,47.8,2,1,98,100.0,100.0,98.5,1,3,0,231,0,190,41,231,102,102,0,0,129,0
Kyric McGowan,61544,WR,GA TECH,11,41.5,0,176,66.5,,62.8,0,0,0,0.0,0.0,,4,0,0,231,0,0,0,557,0,325,0,0,231,0
Rey Burnett,102277,G,FIU,9,100.0,1,166,46.1,9.7,60.9,2,9,130,100.0,100.0,95.0,3,12,1,231,0,74,44,231,135,135,113,0,96,0
Jaxon Smith-Njigba,129758,WR,OHIO STATE,13,35.8,1,260,91.7,,63.3,0,0,0,0.0,0.0,,2,0,0,231,0,0,0,645,0,414,0,0,231,2
Braheam Murphy,102882,HB,ARMY,13,78.6,0,114,59.1,72.9,64.2,0,0,3,6.1,5.6,100.0,2,0,0,231,0,0,0,294,3,54,0,0,228,1
Kyren Lacy,122646,WR,LA LAFAYET,14,50.4,0,207,63.8,,70.2,0,0,0,0.0,0.0,,2,0,0,231,0,0,2,458,0,227,0,0,231,0
Maximilian Mang,123048,TE,SYRACUSE,12,84.0,1,304,39.3,41.9,45.1,1,3,32,43.2,43.6,93.7,5,4,0,231,0,0,0,275,34,78,0,0,197,149
Tyrell Shavers,61107,WR,S DIEGO ST,13,48.3,0,284,58.8,,69.0,0,0,0,0.0,0.0,,1,0,0,231,0,0,0,478,0,247,0,0,231,0
Konata Mumpfield,145598,WR,AKRON,12,33.0,0,102,77.4,,62.3,0,0,0,0.0,0.0,,1,0,0,231,0,0,0,700,0,469,0,0,231,2
Jayden Umbarger,121874,WR,NAVY,11,80.1,1,237,63.4,,56.5,0,0,0,0.0,0.0,,1,0,0,230,0,0,0,287,0,46,0,0,230,42
Erik Ezukanma,78148,WR,TEXAS TECH,11,41.4,0,315,76.5,60.9,74.8,0,0,1,0.3,0.3,100.0,2,0,0,230,0,0,0,555,1,318,0,0,229,1
John Stivers,109424,TE,ARIZONA ST,13,88.5,0,110,53.5,43.5,61.4,0,3,29,50.0,50.0,94.8,2,3,0,230,0,0,2,260,30,60,0,0,200,243
Collin Moore,60866,TE,CAL,12,70.6,0,130,42.1,48.7,45.1,0,3,29,23.8,26.2,94.8,4,3,0,230,0,0,0,326,34,130,0,0,196,299
Charlie Kolar,60917,TE,IOWA STATE,12,37.3,0,193,85.3,65.0,69.3,0,2,24,6.2,6.3,95.8,1,2,0,230,0,0,0,617,26,413,0,0,204,249
LaJohntay Wester,123616,WR,FAU,12,39.1,0,165,68.9,,58.6,0,0,0,0.0,0.0,,6,0,0,229,0,0,0,586,0,352,0,0,229,0
Jaquarii Roberson,55454,WR,WAKE,13,35.0,0,339,82.6,,49.4,0,0,0,0.0,0.0,,1,0,0,229,0,0,0,654,0,423,0,0,229,0
Kyle Williams,128374,WR,UNLV,10,44.3,0,325,71.7,,63.9,0,0,0,0.0,0.0,,1,0,0,228,0,0,0,515,0,286,0,0,228,0
Key'Shawn Smith,143950,WR,MIAMI FL,12,33.3,1,220,54.4,,43.6,0,0,0,0.0,0.0,,4,0,0,228,0,0,0,684,0,456,0,0,228,2
De'Corian Clark,100892,WR,UTSA,14,40.9,0,331,83.5,,75.4,0,0,0,0.0,0.0,,0,0,0,228,0,0,0,558,0,328,0,0,228,0
William Barnes,77356,T,N CAROLINA,13,100.0,1,245,57.9,51.4,64.4,1,7,123,100.0,100.0,95.1,2,10,2,228,0,0,0,228,131,131,3,225,97,0
Dequan Finn,97804,QB,TOLEDO,13,36.8,0,316,72.4,,60.0,0,0,0,0.0,0.0,,3,0,0,228,0,0,0,619,0,328,0,0,228,0
Zeriah Beason,131729,WR,OREGON ST,13,53.5,0,265,62.8,,62.2,0,0,0,0.0,0.0,,0,0,0,228,0,0,0,426,0,198,0,0,228,0
Isaiah Alston,121550,WR,ARMY,12,71.4,0,114,90.5,65.4,54.3,0,0,1,1.1,1.1,100.0,1,0,0,227,0,0,0,318,1,92,0,0,226,92
Devin Carter,78013,WR,NC STATE,12,37.1,0,248,60.7,62.1,63.0,0,0,1,0.3,0.3,100.0,2,0,0,227,0,0,0,612,1,386,0,0,226,4
Skylar Thompson,60417,QB,KANSAS ST,10,43.1,0,199,81.0,,60.1,0,0,0,0.0,0.0,,3,0,0,227,0,0,0,527,0,281,0,0,227,0
Omarion Dollison,123280,WR,USF,12,46.0,0,327,60.4,,56.9,0,0,0,0.0,0.0,,0,0,0,227,0,0,0,494,0,265,0,0,227,0
Sharod Johnson,61693,WR,SYRACUSE,12,49.7,1,304,54.8,,61.6,0,0,0,0.0,0.0,,2,0,0,227,0,0,0,457,0,230,0,0,227,1
Reikan Donaldson,102947,WR,ARMY,10,89.7,0,114,56.0,32.4,68.0,0,0,3,11.1,14.3,100.0,1,0,0,227,0,0,0,253,4,28,0,0,223,73
Jeremiah Hall,57083,TE,OKLAHOMA,13,60.4,0,261,83.5,71.6,63.9,0,1,29,17.4,18.3,98.3,1,1,0,227,0,0,0,376,32,175,0,0,195,207
Jack Conley,98524,T,BOSTON COL,8,100.0,0,121,47.2,26.7,67.4,5,10,126,100.0,100.0,88.5,3,22,7,226,0,0,160,226,133,133,0,59,93,7
Bo Nix,97790,QB,AUBURN,10,35.8,0,115,78.5,,60.0,0,0,0,0.0,0.0,,2,0,0,226,0,0,0,631,0,369,0,0,226,0
Devin Culp,84080,TE,WASHINGTON,12,54.2,0,340,55.6,33.0,58.1,1,4,21,10.2,10.7,88.1,3,5,0,226,0,0,0,417,23,214,0,0,203,294
Brett Gabbert,97404,QB,MIAMI OH,10,36.5,0,221,82.9,62.2,60.1,0,0,1,0.3,0.3,100.0,1,0,0,226,0,0,0,619,1,374,0,0,225,0
Niko Hea,99192,TE,MISSOURI,11,61.6,0,229,52.2,75.1,37.2,0,0,26,16.6,16.7,100.0,1,0,0,225,0,0,0,365,28,168,0,2,197,261
Sterling Palmer,83968,TE,FIU,11,62.7,0,166,53.6,59.1,48.3,1,2,46,26.0,26.8,94.6,2,4,1,225,0,0,0,359,49,183,0,0,176,311
Jace Taylor,128284,WR,NEW MEXICO,12,63.7,0,241,49.8,,58.1,0,0,0,0.0,0.0,,1,0,0,225,0,0,0,353,0,128,0,0,225,0
Gus Zilinskas,145132,C,RUTGERS,6,100.0,1,278,65.1,63.5,63.3,0,2,111,100.0,100.0,99.1,1,2,0,223,223,0,0,223,116,116,0,0,107,0
Timmy McClain,144488,QB,USF,11,35.4,0,327,54.5,,60.3,0,0,0,0.0,0.0,,6,0,0,223,0,0,0,630,0,343,0,0,223,0
Dom D'Antonio,98244,G,NWESTERN,8,100.0,0,256,63.4,70.8,60.8,0,3,94,100.0,100.0,97.3,0,4,1,222,0,220,0,222,95,95,1,0,127,1
Garrett Miller,101692,TE,PURDUE,11,53.5,0,273,55.8,50.0,67.6,1,5,53,22.3,22.2,92.5,3,7,1,222,0,0,1,415,55,248,0,0,167,270
Shameen Jones,61609,WR,RUTGERS,13,42.0,0,278,60.7,,58.9,0,0,0,0.0,0.0,,0,0,0,222,0,0,0,528,0,302,0,0,222,0
Garrett Wilson,97405,WR,OHIO STATE,11,37.3,0,260,84.1,,57.9,0,0,0,0.0,0.0,,3,0,0,222,0,0,0,595,0,369,0,0,222,0
Aidan O'Connell,60516,QB,PURDUE,12,30.7,0,273,90.6,,60.0,0,0,0,0.0,0.0,,0,0,0,221,0,0,0,720,0,493,0,0,221,0
Rakim Jarrett,129519,WR,MARYLAND,13,34.5,0,215,74.0,63.3,59.1,0,0,1,0.3,0.2,100.0,0,0,0,221,0,0,0,640,1,416,0,0,220,6
Seth Green,40668,TE,HOUSTON,14,62.3,0,182,59.4,46.7,50.7,1,0,18,12.2,13.0,97.2,0,1,0,221,0,0,0,355,20,154,0,0,201,253
Gary Bryant Jr.,131819,WR,USC,10,37.0,0,326,61.4,,40.5,0,0,0,0.0,0.0,,0,0,0,221,0,0,0,598,0,377,0,0,221,0
Luke Campbell,41501,T,MICH STATE,12,100.0,0,223,64.0,61.9,62.0,0,3,97,100.0,100.0,97.4,1,4,1,221,0,0,208,221,100,100,0,6,121,7
Santana Saunders,145361,T,DOMINION,11,100.0,1,263,58.0,54.4,59.9,2,5,96,100.0,100.0,95.3,1,8,1,220,0,0,196,220,103,103,0,24,117,0
Kendall Randolph,58466,TE,ALABAMA,15,96.5,0,103,71.1,55.8,72.0,0,5,67,89.3,89.9,93.3,0,7,2,220,0,30,0,228,71,79,0,0,149,197
Travis Koontz,98720,TE,TEXAS TECH,12,50.9,1,315,65.2,63.8,66.8,0,1,25,11.0,10.5,98.0,3,1,0,220,0,0,0,432,25,237,0,0,195,226
Justin Olson,99695,WR,N CAROLINA,13,44.8,0,245,51.2,,63.5,0,0,0,0.0,0.0,,3,0,0,220,0,0,0,491,0,271,0,0,220,0
Tyrone Tracy,84226,WR,IOWA,13,47.4,0,192,51.8,,62.0,0,0,0,0.0,0.0,,1,0,0,220,0,0,0,464,0,237,0,0,220,1
David Hudson,59802,G,LA LAFAYET,8,100.0,0,207,72.6,81.3,70.3,0,2,89,100.0,100.0,98.9,0,2,0,219,0,1,0,219,93,93,218,0,126,0
Jared Smart,98732,WR,HAWAII,13,34.4,0,180,54.2,,62.3,0,0,0,0.0,0.0,,0,0,0,219,0,0,0,637,0,418,0,0,219,0
Arvin Fletcher,41722,C,SO MISS,3,100.0,0,296,44.0,49.4,51.0,1,6,102,100.0,100.0,96.6,5,7,0,218,218,0,0,218,110,110,0,0,108,0
Lirion Murtezi,121861,G,NAVY,8,100.0,0,237,67.8,36.3,69.5,0,1,32,100.0,100.0,98.4,1,1,0,218,20,3,0,218,34,34,194,0,184,0
Derwin Burgess Jr.,147111,WR,GA SOUTHRN,11,53.6,0,174,65.9,,73.2,0,0,0,0.0,0.0,,1,0,0,218,0,0,0,407,0,188,0,0,218,0
Curtis Dunlap Jr.,81729,G,MINNESOTA,5,100.0,0,225,54.8,36.3,55.7,2,3,64,100.0,100.0,96.1,1,5,0,218,0,0,0,218,70,70,218,0,148,0
Nathan Thomas,98390,T,LA LAFAYET,9,100.0,0,207,62.1,69.0,59.8,0,5,100,100.0,100.0,96.5,1,6,1,218,0,0,212,218,103,103,0,0,115,6
Cole Cavallo,84050,TE,SO MISS,12,73.2,0,296,64.1,73.3,72.0,0,1,18,20.2,19.8,97.2,1,1,0,218,0,0,0,298,19,96,0,0,199,181
Tyler Van Dyke,122225,QB,MIAMI FL,10,34.2,0,220,75.5,,60.1,0,0,0,0.0,0.0,,1,0,0,217,0,0,0,635,0,394,0,0,217,0
Jared Wayne,99691,WR,PITTSBURGH,13,36.6,0,268,72.0,,61.4,0,0,0,0.0,0.0,,2,0,0,217,0,0,6,593,0,376,0,0,217,2
Daniel Arias,84165,WR,COLORADO,12,49.5,0,143,63.4,,68.5,0,0,0,0.0,0.0,,0,0,0,217,0,0,0,438,0,219,0,0,217,0
Calvin Turner Jr.,109028,WR,HAWAII,13,27.1,0,180,75.6,78.4,58.7,0,0,6,1.2,1.2,100.0,1,0,0,217,0,0,0,801,6,519,0,0,211,14
Sidney Wells,100797,T,UAB,4,100.0,0,321,43.8,36.5,46.2,1,6,85,100.0,100.0,92.4,0,10,3,217,0,0,0,217,89,89,3,213,128,1
Drew Estrada,109686,WR,BAYLOR,12,48.5,0,118,67.0,,73.9,0,0,0,0.0,0.0,,0,0,0,217,0,0,0,447,0,223,0,0,217,1
Brett Borske,42170,TE,W MICHIGAN,7,70.7,0,347,68.8,54.4,72.0,0,0,34,28.1,29.7,100.0,1,0,0,217,0,0,0,307,38,128,0,0,179,283
Kalil Pimpleton,61799,WR,C MICHIGAN,13,33.3,1,134,74.4,,63.9,0,0,0,0.0,0.0,,4,0,0,216,0,0,0,649,0,420,0,0,216,3
Jimmy Marshall,61453,WR,MIDDLE TN,12,42.3,0,224,68.0,62.6,57.1,1,1,20,6.7,6.9,95.0,5,2,0,216,0,0,1,511,22,317,0,0,194,253
Jaetavian Toles,61738,WR,TULANE,12,37.4,0,319,58.0,61.1,61.3,0,0,1,0.3,0.3,100.0,1,0,0,216,0,0,0,578,1,355,0,0,215,1
Levi Williams,98365,QB,WYOMING,9,50.9,0,351,79.5,,60.0,0,0,0,0.0,0.0,,1,0,0,216,0,0,0,424,0,157,0,0,216,0
Marshall Lang,52369,TE,NWESTERN,12,50.9,0,256,46.4,50.1,54.9,0,0,8,3.9,4.1,100.0,0,0,0,216,0,0,0,424,9,217,0,0,207,259
Joshua Hardeman,128408,WR,WYOMING,11,47.9,0,351,61.0,61.0,60.6,0,0,1,0.4,0.4,100.0,2,0,0,216,0,0,0,451,1,235,0,0,215,0
Demetris Robertson,38547,WR,AUBURN,12,37.2,0,115,61.9,,62.0,0,0,0,0.0,0.0,,0,0,0,216,0,0,0,580,0,359,0,0,216,0
Jack Mashburn,99195,TE,LSU,11,78.5,0,211,55.7,51.9,60.7,1,2,32,36.8,36.6,92.2,0,4,1,215,0,0,0,274,34,93,0,0,181,252
Malik Williams,61121,WR,APP STATE,14,41.7,0,108,74.6,62.1,45.4,0,0,1,0.3,0.3,100.0,1,0,0,215,0,0,0,516,1,301,0,0,214,4
B.J. Casteel,61133,WR,ARIZONA,12,38.7,0,109,53.1,50.4,58.8,0,1,5,1.6,1.5,70.0,2,2,1,215,0,0,0,555,5,341,0,0,210,3
Braden Lenzy,84348,WR,NOTRE DAME,13,35.4,0,258,60.0,,55.8,0,0,0,0.0,0.0,,1,0,0,215,0,0,0,608,0,388,0,0,215,0
Adonai Mitchell,146712,WR,GEORGIA,15,44.1,0,173,63.8,,55.0,0,0,0,0.0,0.0,,1,0,0,215,0,0,0,488,0,273,0,0,215,1
Blair Conwright,99538,WR,TCU,12,51.4,0,305,65.2,,65.9,0,0,0,0.0,0.0,,0,0,0,215,0,0,0,418,0,203,0,0,215,0
Brayden Willis,77917,TE,OKLAHOMA,13,58.4,0,261,72.6,79.8,84.2,0,0,39,21.1,21.1,100.0,3,0,0,215,0,0,0,368,41,194,0,0,174,208
Jakarius Caston,145419,WR,SO MISS,12,57.2,0,296,64.5,,63.2,0,0,0,0.0,0.0,,2,0,0,215,0,0,0,376,0,158,0,0,215,0
Cole Turner,84330,TE,NEVADA,11,30.8,1,239,73.5,82.8,66.5,0,0,7,1.5,1.4,100.0,2,0,0,214,0,0,0,695,7,488,0,0,207,191
Carson Strong,83524,QB,NEVADA,12,25.8,0,239,89.1,62.2,60.0,0,0,1,0.2,0.2,100.0,5,0,0,214,0,0,0,829,1,612,0,0,213,0
Christian Anderson,60339,QB,ARMY,11,54.5,0,114,75.0,,60.0,0,0,0,0.0,0.0,,0,0,0,213,0,0,0,391,0,70,0,0,213,0
Devon Williams,84469,WR,OREGON,12,45.4,1,264,76.2,,83.2,0,0,0,0.0,0.0,,5,0,0,213,0,0,0,469,0,256,0,0,213,0
Justyn Ross,78021,WR,CLEMSON,10,44.7,0,140,73.5,,72.0,0,0,0,0.0,0.0,,1,0,0,213,0,0,0,477,0,264,0,0,213,2
Micah Davis,125264,WR,AIR FORCE,8,66.6,0,101,79.7,,60.1,0,0,0,0.0,0.0,,1,0,0,213,0,0,0,320,0,60,0,0,213,2
Quincy Brown,144698,WR,TCU,12,47.2,0,305,52.3,,49.3,0,0,0,0.0,0.0,,1,0,0,213,0,0,0,451,0,238,0,0,213,0
Jordan Wilson,42112,TE,FLORIDA ST,12,61.3,0,167,57.3,59.5,57.8,1,2,33,20.9,22.1,92.4,2,4,1,212,0,0,9,346,38,172,0,3,174,211
Travis Vokolek,61004,TE,NEBRASKA,9,62.0,0,238,63.3,66.4,65.2,1,1,33,21.3,21.2,97.0,0,2,0,212,0,0,0,342,35,165,0,0,177,267
Reggie Roberson Jr.,61815,WR,SMU,12,36.4,1,287,69.7,,64.5,0,0,0,0.0,0.0,,4,0,0,212,0,0,0,582,0,370,0,0,212,0
Courtney Jackson,99703,WR,SYRACUSE,12,42.8,1,304,67.3,,53.2,0,0,0,0.0,0.0,,1,0,0,212,0,0,0,495,0,279,0,0,212,0
Keelan Marion,147370,WR,UCONN,12,34.9,1,146,59.5,,43.6,0,0,0,0.0,0.0,,3,0,0,212,0,0,0,608,0,396,0,0,212,0
Donald Stewart,42035,WR,WAKE,14,40.2,1,339,65.0,,54.7,0,0,0,0.0,0.0,,3,0,0,212,0,0,0,527,0,315,0,0,212,8
Blake Lodes,81710,T,LA MONROE,7,100.0,0,209,47.2,21.1,55.0,1,6,100,100.0,100.0,93.5,0,10,3,212,0,0,170,212,108,108,41,0,104,1
Matt Carrick,57101,G,MICH STATE,7,100.0,0,223,82.4,66.0,85.6,0,1,93,100.0,100.0,99.5,0,1,0,211,0,0,0,211,95,95,210,0,116,0
Jahlil Ryles,79680,G,MIDDLE TN,7,100.0,2,224,44.9,26.0,57.0,0,6,128,100.0,100.0,96.9,5,7,1,211,0,139,62,211,134,134,0,7,77,2
Andrew Bench,100353,TE,BOWL GREEN,12,65.9,0,122,40.9,33.3,48.2,3,3,53,33.5,33.5,88.7,0,9,3,211,0,0,0,320,55,164,0,0,156,281
Je'Quan Burton,87729,WR,FAU,12,45.0,0,165,62.2,,54.5,0,0,0,0.0,0.0,,2,0,0,210,0,0,0,467,0,256,0,0,210,0
Jalen Preston,84435,WR,TEXAS A&M,11,44.4,0,312,58.5,,56.5,0,0,0,0.0,0.0,,1,0,0,209,0,0,0,471,0,262,0,0,209,0
Jared Sparks,40215,WR,LA MONROE,11,44.5,0,209,61.1,66.8,51.9,0,0,1,0.4,0.4,100.0,1,0,0,209,0,0,0,470,1,262,0,0,208,21
Eli Pancol,97995,WR,DUKE,12,48.4,0,154,59.2,,67.3,0,0,0,0.0,0.0,,0,0,0,209,0,0,0,432,0,223,0,0,209,0
Matt Lynch,40546,TE,COLORADO,12,77.1,0,143,61.4,63.5,65.4,0,2,26,32.1,30.7,96.2,1,2,0,209,0,0,0,271,27,88,0,0,182,246
Demarcus Gregory,84300,WR,USF,12,51.6,0,327,59.9,,60.3,0,0,0,0.0,0.0,,2,0,0,209,0,0,0,405,0,196,0,0,209,0
Jose Barbon,78032,WR,TEMPLE,12,35.9,0,306,63.7,,58.8,0,0,0,0.0,0.0,,0,0,0,208,0,0,0,579,0,369,0,0,208,0
Bryson Cannon,98712,TE,E MICHIGAN,10,51.0,0,160,54.7,50.7,50.6,0,3,46,19.4,19.7,96.7,1,3,0,208,0,0,0,408,49,249,0,0,159,201
Xavier Hutchinson,122518,WR,IOWA STATE,13,33.4,0,193,83.9,,58.3,0,0,0,0.0,0.0,,2,0,0,208,0,0,0,623,0,412,0,0,208,3
Michael Young Jr.,61554,WR,CINCINNATI,12,46.3,1,138,60.5,,65.2,0,0,0,0.0,0.0,,2,0,0,208,0,0,0,449,0,241,0,0,208,2
Johnny Johnson III,61588,WR,OREGON,10,53.2,1,264,71.5,,71.1,0,0,0,0.0,0.0,,1,0,0,207,0,0,0,389,0,182,0,0,207,1
Casey Washington,101710,WR,ILLINOIS,12,42.5,0,187,58.7,,67.0,0,0,0,0.0,0.0,,1,0,0,207,0,0,0,487,0,280,0,0,207,0
Matt Bjorson,83984,TE,INDIANA,12,74.7,0,190,62.8,41.8,63.5,2,3,44,40.0,39.7,92.0,1,6,1,207,0,0,0,277,46,116,0,0,161,229
Will Rogers,124184,QB,MISS STATE,13,20.8,0,227,88.4,62.2,60.0,0,0,1,0.1,0.1,100.0,4,0,0,207,0,0,0,993,1,779,0,0,206,0
Caden Blum,132971,TE,AIR FORCE,11,91.6,0,101,50.3,68.3,51.2,0,0,3,13.6,13.6,100.0,0,0,0,207,0,0,19,226,3,22,0,11,204,164
Jerreth Sterns,102597,WR,W KENTUCKY,14,23.3,0,346,90.5,76.2,61.3,0,0,2,0.3,0.3,100.0,2,0,0,207,0,0,0,888,2,680,0,0,205,2
Bryan Thompson,61777,WR,ARIZONA ST,11,48.9,0,110,53.0,,71.4,0,0,0,0.0,0.0,,1,0,0,207,0,0,0,423,0,214,0,0,207,1
Xzavier Henderson,124380,WR,FLORIDA,13,50.2,0,163,64.7,,60.5,0,0,0,0.0,0.0,,1,0,0,206,0,0,0,410,0,204,0,0,206,0
Joe Horn,128084,C,UMASS,9,100.0,0,216,59.0,40.9,61.9,0,7,98,100.0,100.0,95.4,0,8,1,206,206,0,0,206,103,103,0,0,103,0
Conrad Rowley,98045,G,NWESTERN,5,100.0,0,256,69.2,56.7,72.7,1,2,93,100.0,100.0,97.3,1,4,1,206,6,129,0,206,98,98,71,0,108,0
Pokey Wilson,55894,WR,FLORIDA ST,11,39.6,1,167,61.3,,63.9,0,0,0,0.0,0.0,,2,0,0,205,0,0,0,518,0,313,0,0,205,1
Slade Bolden,84089,WR,ALABAMA,15,33.4,0,103,58.4,64.4,55.8,0,0,1,0.3,0.2,100.0,0,0,0,205,0,0,0,614,1,409,0,0,204,0
Bryce Singleton,55172,WR,FIU,12,40.9,0,166,74.7,,62.8,0,0,0,0.0,0.0,,1,0,0,205,0,0,0,501,0,296,0,0,205,2
Deyunkrea Lewis,123711,TE,TROY,11,58.7,0,318,62.7,25.7,69.4,3,1,18,11.8,11.7,88.9,2,4,0,205,0,0,1,349,19,163,0,0,186,202
Corey Rucker,121539,WR,ARK STATE,12,28.4,0,113,65.5,,48.4,0,0,0,0.0,0.0,,0,0,0,204,0,0,0,718,0,513,0,0,204,1
Austin Myers,40815,T,MEMPHIS,4,100.0,0,218,50.5,56.4,46.9,2,2,104,100.0,100.0,97.1,0,5,1,204,0,0,204,204,110,110,0,0,94,0
Avery Davis,60502,WR,NOTRE DAME,9,41.0,0,258,69.7,,65.3,0,0,0,0.0,0.0,,0,0,0,204,0,0,0,497,0,290,0,0,204,2
Isaac Martin,57938,TE,LOUISVILLE,13,89.9,0,210,57.0,71.8,55.7,0,1,47,68.1,68.9,98.9,1,1,0,204,0,0,0,227,51,74,0,0,153,78
Kyle Patterson,104205,TE,AIR FORCE,4,87.9,0,101,75.7,77.8,75.4,0,0,4,12.5,12.5,100.0,1,0,0,204,0,0,13,232,4,32,0,6,200,143
Smoke Harris,78918,WR,LA TECH,12,32.0,1,208,74.9,,64.7,0,0,0,0.0,0.0,,5,0,0,203,0,0,0,635,0,431,0,0,203,5
Trent Whittemore,98811,WR,FLORIDA,11,47.9,0,163,59.7,,54.9,0,0,0,0.0,0.0,,0,0,0,203,0,0,0,424,0,221,0,0,203,3
Quentin Johnston,123085,WR,TCU,9,45.4,0,305,76.0,,64.8,0,0,0,0.0,0.0,,1,0,0,203,0,0,0,447,0,242,0,0,203,0
Riley Smith,82091,TE,BOISE ST,11,54.1,0,120,51.4,66.5,42.5,0,4,53,24.5,24.2,96.2,2,4,0,203,0,0,0,375,55,227,0,12,148,185
Kedon Slovis,100580,QB,USC,9,37.0,0,326,79.2,,60.0,0,0,0,0.0,0.0,,3,0,0,203,0,0,0,549,0,339,0,0,203,0
Cormac Sampson,84083,C,WISCONSIN,12,99.5,0,349,73.8,44.2,75.3,2,2,67,98.5,98.6,97.0,0,4,0,203,91,74,0,204,69,70,0,0,134,39
Devin Maddox,64506,WR,TOLEDO,13,39.0,0,316,64.2,,60.4,0,0,0,0.0,0.0,,1,0,0,203,0,0,0,521,0,316,0,0,203,0
Malik Washington,97108,WR,NWESTERN,12,39.6,0,256,64.0,,49.4,0,0,0,0.0,0.0,,2,0,0,202,0,0,0,510,0,304,0,0,202,4
Taye Barber,78107,WR,TCU,12,44.1,1,305,73.1,63.9,61.7,0,0,1,0.4,0.4,100.0,2,0,0,202,0,0,0,458,1,254,0,0,201,2
Roman Wilson,129604,WR,MICHIGAN,13,51.1,0,222,68.4,,50.1,0,0,0,0.0,0.0,,2,0,0,202,0,0,0,395,0,190,0,0,202,0
Jared Wiley,98508,TE,TEXAS,11,71.6,0,311,60.3,47.8,58.0,0,2,41,35.3,35.5,97.6,1,2,0,202,0,0,0,282,44,124,0,0,158,268
Moliki Matavao,146561,TE,OREGON,14,68.5,0,264,47.7,72.0,54.3,0,0,10,10.3,10.6,100.0,2,0,0,202,0,0,0,295,11,104,0,0,191,257
Bryce Nunnelly,63672,WR,W MICHIGAN,13,51.7,0,347,53.8,,56.4,0,0,0,0.0,0.0,,0,0,0,202,0,0,0,391,0,189,0,0,202,0
Bryson Jackson,78112,WR,N TEXAS,12,48.9,0,251,50.9,,58.0,0,0,0,0.0,0.0,,1,0,0,202,0,0,0,413,0,209,0,0,202,0
Wes Harris,60108,G,TCU,4,100.0,0,305,55.7,61.4,52.7,0,4,94,100.0,100.0,97.9,1,4,0,202,0,0,0,202,99,99,202,0,103,0
Matt Alaimo,84066,TE,RUTGERS,11,66.6,0,278,51.1,58.6,59.7,0,4,49,34.3,32.7,91.8,1,6,2,201,0,0,0,302,49,150,0,0,152,224
Will Gilchrist,78349,TE,MIDDLE TN,12,83.4,1,224,43.9,44.2,49.3,0,2,52,57.8,58.3,96.2,2,3,1,201,0,0,12,241,56,96,0,0,145,131
Joseph Ngata,98214,WR,CLEMSON,9,46.3,0,140,66.3,,59.1,0,0,0,0.0,0.0,,1,0,0,201,0,0,0,434,0,233,0,0,201,1
Isaac Ruoss,77033,FB,NAVY,12,53.0,0,237,67.5,55.9,49.0,0,2,52,82.5,82.4,98.1,0,2,0,201,0,0,0,379,56,68,0,0,145,1
Neal Johnson,98298,TE,LA LAFAYET,14,50.9,0,207,60.9,38.6,49.2,0,4,29,13.5,14.2,86.2,1,6,2,201,0,0,2,395,32,226,0,0,169,262
Darnell Washington,124044,TE,GEORGIA,11,63.8,0,173,72.6,66.1,72.4,0,0,18,14.2,14.3,100.0,1,0,0,201,0,0,0,315,19,133,0,0,182,248
Troy Fautanu,100521,T,WASHINGTON,7,100.0,0,340,69.5,57.9,70.8,0,4,91,100.0,100.0,96.7,1,5,1,201,0,46,153,201,101,101,0,0,100,0
Javon Ivory,101116,WR,MEMPHIS,11,35.4,0,218,62.5,,56.4,0,0,0,0.0,0.0,,0,0,0,201,0,0,0,567,0,366,0,0,201,3
Nicky Dalmolin,122369,TE,DUKE,12,58.1,0,154,48.2,28.5,41.9,0,1,22,13.7,14.3,97.7,0,1,0,200,0,0,0,344,24,168,0,0,176,96
Willie Johnson,41116,WR,MARSHALL,13,35.3,0,214,64.1,,68.8,0,0,0,0.0,0.0,,0,0,0,200,0,0,0,566,0,363,0,0,200,0
Javon Harvey,97278,WR,DOMINION,13,46.5,1,263,50.0,,61.3,0,0,0,0.0,0.0,,3,0,0,200,0,0,0,430,0,229,0,0,200,0
Gerrit Prince,84065,TE,UAB,13,45.0,1,321,87.3,75.2,67.0,0,0,30,11.6,11.0,100.0,5,0,0,200,0,0,2,444,30,273,0,6,170,286
Jjay Mcafee,147108,WR,GA SOUTHRN,12,57.8,0,174,58.3,,53.5,0,0,0,0.0,0.0,,0,0,0,200,0,0,0,346,0,146,0,0,200,1
Asher Alberding,100861,TE,N TEXAS,11,82.6,0,251,51.9,35.8,60.3,0,0,22,34.9,35.4,100.0,0,0,0,200,0,0,0,242,23,65,0,0,177,199
Emeka Emezie,61517,WR,NC STATE,12,32.9,1,248,73.3,,67.5,0,0,0,0.0,0.0,,3,0,0,199,0,0,0,604,0,405,0,0,199,0
Joshua Moore,78101,WR,TEXAS,9,45.4,0,311,59.4,,52.9,0,0,0,0.0,0.0,,0,0,0,199,0,0,0,438,0,239,0,0,199,1
Marcus Greer,79674,C,MIDDLE TN,13,100.0,0,224,45.2,69.8,45.2,0,1,101,100.0,100.0,98.5,4,2,1,198,106,45,0,198,109,109,42,0,89,2
Brady McBride,77641,QB,TEXAS ST,7,36.3,0,314,63.9,,60.0,0,0,0,0.0,0.0,,2,0,0,198,0,0,0,545,0,318,0,0,198,0
Elijah Ratliff,76949,G,KENT STATE,8,100.0,0,201,61.9,77.2,62.0,0,2,89,100.0,100.0,98.9,3,2,0,198,0,73,0,198,93,93,125,0,105,0
Darrell Harding Jr.,98211,WR,DUKE,12,47.9,0,154,48.8,,53.2,0,0,0,0.0,0.0,,1,0,0,198,0,0,0,413,0,215,0,0,198,0
Mycah Pittman,97270,WR,OREGON,10,48.8,0,264,55.3,,54.6,0,0,0,0.0,0.0,,2,0,0,197,0,0,0,404,0,207,0,0,197,0
Chevan Cordeiro,75886,QB,HAWAII,10,28.4,0,180,80.6,62.2,61.3,0,0,0,0.0,0.2,,3,0,0,197,0,0,0,693,1,457,0,0,196,0
Michael Warden,81923,C,VANDERBILT,4,100.0,0,333,55.4,54.7,59.2,2,2,125,100.0,100.0,98.4,2,4,0,197,197,0,0,197,134,134,0,0,63,0
Kam Brown,99206,WR,UCLA,12,35.9,0,324,54.8,,61.2,0,0,0,0.0,0.0,,1,0,0,197,0,0,0,549,0,352,0,0,197,0
Jaylen Turner,77526,G,BALL ST,3,100.0,1,117,64.1,47.3,69.0,0,3,102,100.0,100.0,98.5,3,3,0,195,0,195,0,195,110,110,0,0,85,0
Jamie Romo,101029,T,NAVY,7,100.0,0,237,72.1,71.4,70.9,0,2,33,100.0,100.0,97.0,1,2,0,195,0,0,175,195,33,33,0,19,162,0
Isiah Paige,145348,WR,DOMINION,11,43.1,0,263,50.4,,61.2,0,0,0,0.0,0.0,,2,0,0,195,0,0,0,452,0,251,0,0,195,0
Josh Remetich,123232,G,TULANE,6,100.0,0,319,52.4,52.5,54.6,2,3,100,100.0,100.0,96.5,2,6,1,195,0,1,0,195,105,105,194,0,90,0
Marvin Mims Jr.,122937,WR,OKLAHOMA,13,41.3,0,261,73.5,68.2,52.6,0,0,1,0.4,0.7,100.0,1,0,0,194,0,0,0,470,2,277,0,0,192,0
Kevens Clercius,98107,WR,UCONN,11,38.7,0,146,53.6,60.9,53.1,0,0,1,0.3,0.3,100.0,3,0,0,194,0,0,0,501,1,308,0,0,193,0
Isiah Cox,78199,WR,OHIO,9,49.1,0,259,67.6,,60.3,0,0,0,0.0,0.0,,0,0,0,194,0,0,0,395,0,197,0,0,194,0
Nate Craig-Myers,47863,WR,UCF,13,54.2,0,323,49.8,,60.0,0,0,0,0.0,0.0,,4,0,0,194,0,0,0,358,0,164,0,0,194,1
Shadeed Ahmed,121716,WR,MARSHALL,13,38.3,0,214,65.9,,66.8,0,0,0,0.0,0.0,,1,0,0,194,0,0,0,506,0,312,0,0,194,1
Jaray Jenkins,84274,WR,LSU,13,39.8,0,211,68.0,,79.6,0,0,0,0.0,0.0,,3,0,0,194,0,0,0,488,0,294,0,0,194,1
Michael Wiggs,41166,G,USF,8,100.0,0,327,48.2,19.5,52.6,0,5,85,100.0,100.0,95.9,0,6,1,194,0,0,0,194,90,90,191,0,104,1
Gavin Schoenwald,84077,TE,VANDERBILT,12,63.7,0,333,46.4,74.5,46.0,0,0,26,20.2,19.1,100.0,1,0,0,193,0,0,0,303,26,136,0,0,167,221
Justin Hall,61158,WR,BALL ST,11,33.7,0,117,73.3,,49.9,0,0,0,0.0,0.0,,2,0,0,193,0,0,0,572,0,340,0,0,193,0
Mike Sainristil,97180,WR,MICHIGAN,14,44.6,0,222,60.0,,62.3,0,0,0,0.0,0.0,,0,0,0,193,0,0,0,433,0,239,0,0,193,9
Adonicas Sanders,62988,WR,GA TECH,11,41.6,0,176,69.7,,54.7,0,0,0,0.0,0.0,,0,0,0,193,0,0,0,464,0,271,0,0,193,0
Blake Trainor,99051,G,TEXAS A&M,8,100.0,0,312,51.4,23.5,57.3,3,7,94,100.0,100.0,93.6,0,11,1,193,0,112,2,193,101,101,22,57,92,0
Cameron Friel,146195,QB,UNLV,9,40.0,0,325,56.7,,60.0,0,0,0,0.0,0.0,,2,0,0,193,0,0,0,483,0,277,0,0,193,0
Ben Wrather,129740,G,NWESTERN,8,100.0,0,256,44.7,30.2,47.3,1,6,82,100.0,100.0,94.5,1,8,1,192,0,2,6,192,83,83,181,3,109,0
Michael Bergen,98256,T,TOLEDO,7,100.0,0,316,55.8,43.2,61.6,0,4,87,100.0,100.0,97.7,1,4,0,192,0,0,25,192,93,93,0,167,99,0
Justin Tomlin,78482,QB,GA SOUTHRN,8,44.4,0,174,46.7,,60.0,0,0,0,0.0,0.0,,0,0,0,192,0,0,0,432,0,175,0,0,192,0
Parker Washington,129799,WR,PENN STATE,13,31.0,0,266,81.6,,56.6,0,0,0,0.0,0.0,,0,0,0,192,0,0,0,620,0,426,0,0,192,0
CJ Lewis,61173,WR,BOSTON COL,8,61.7,0,121,63.8,68.5,65.1,0,0,2,1.7,1.7,100.0,0,0,0,192,0,0,0,311,2,121,0,0,190,22
Reggie Sutton,81813,G,RUTGERS,3,100.0,0,278,68.3,76.3,65.8,0,2,97,100.0,100.0,99.0,0,2,0,192,0,0,0,192,101,101,192,0,91,0
Dennis Grosel,60351,QB,BOSTON COL,8,43.4,0,121,70.4,,60.0,0,0,0,0.0,0.0,,3,0,0,192,0,0,0,442,0,228,0,0,192,0
Solomon Enis,84473,WR,UTAH,12,46.0,0,328,61.6,,75.2,0,0,0,0.0,0.0,,2,0,0,191,0,0,0,415,0,224,0,0,191,3
Eddie Lewis,84390,WR,MEMPHIS,12,34.5,0,218,60.2,,59.3,0,0,0,0.0,0.0,,1,0,0,191,0,0,0,554,0,363,0,0,191,0
Jaden Bray,127787,WR,OKLA STATE,12,41.8,0,262,55.2,,55.6,0,0,0,0.0,0.0,,3,0,0,191,0,0,0,457,0,266,0,0,191,0
Jake Constantine,40166,QB,RICE,8,42.8,0,275,65.2,,60.1,0,0,0,0.0,0.0,,3,0,0,190,0,0,0,444,0,249,0,0,190,0
Jared Rus,77770,FB,IOWA STATE,13,78.5,0,193,62.3,69.9,59.1,0,1,26,34.2,35.0,98.1,3,1,0,190,0,0,0,242,28,80,0,0,162,121
Makai Polk,100647,WR,MISS STATE,13,21.5,0,227,68.0,,55.0,0,0,0,0.0,0.0,,0,0,0,189,0,0,0,878,0,689,0,0,189,3
Terrance Ferguson,146563,TE,OREGON,14,51.2,0,264,57.0,26.4,63.5,0,1,8,4.5,5.3,93.7,2,1,0,189,0,0,0,369,10,190,0,0,179,283
Levi Falck,40261,WR,NEBRASKA,12,46.2,0,238,61.4,,58.6,0,0,0,0.0,0.0,,1,0,0,189,0,0,0,409,0,219,0,0,189,1
Tre Harris,122676,WR,LA TECH,12,39.9,0,208,77.5,,60.9,0,0,0,0.0,0.0,,2,0,0,189,0,0,0,474,0,285,0,0,189,0
Marcus Washington,99527,WR,TEXAS,12,43.5,0,311,58.8,,68.1,0,0,0,0.0,0.0,,3,0,0,189,0,0,0,434,0,245,0,0,189,2
Jaret Pallotta,75882,TE,UMASS,12,69.1,0,216,50.3,66.6,43.5,0,1,23,22.8,21.5,97.8,0,1,0,188,0,0,0,272,23,107,0,1,165,170
Jaelen Gill,82535,WR,BOSTON COL,9,49.3,0,121,65.4,,66.4,0,0,0,0.0,0.0,,1,0,0,188,0,0,0,381,0,193,0,0,188,0
Isaac Klarkowski,97949,C,RICE,3,100.0,1,275,55.0,57.5,53.7,1,3,92,100.0,100.0,97.8,2,4,0,188,184,1,0,188,96,96,3,0,92,0
Derius Davis,78196,WR,TCU,12,41.9,0,305,68.3,,65.3,0,0,0,0.0,0.0,,1,0,0,188,0,0,0,449,0,251,0,0,188,1
Jude Wolfe,72208,TE,USC,11,56.6,0,326,48.7,66.0,53.7,1,0,32,19.5,20.4,98.4,3,1,0,188,0,0,0,332,37,181,0,0,151,166
Tyrice Richie,100193,WR,N ILLINOIS,9,49.6,1,254,78.7,,65.5,0,0,0,0.0,0.0,,3,0,0,188,0,0,0,379,0,185,0,0,188,1
Damien Alford,123029,WR,SYRACUSE,12,49.0,0,304,62.1,,67.9,0,0,0,0.0,0.0,,1,0,0,188,0,0,0,384,0,196,0,0,188,0
Romeo Doubs,84329,WR,NEVADA,11,26.9,0,239,81.7,,52.7,0,0,0,0.0,0.0,,2,0,0,188,0,0,0,698,0,509,0,0,188,0
Trent Hixson,59905,G,NEBRASKA,5,100.0,0,238,52.2,44.0,57.0,0,5,84,100.0,100.0,95.8,2,6,1,188,61,127,0,188,84,84,0,0,104,0
Austin Osborne,84502,WR,BOWL GREEN,12,29.7,0,122,64.2,62.1,54.3,0,0,1,0.2,0.2,100.0,1,0,0,188,0,0,0,634,1,447,0,0,187,0
Milton Wright,97775,WR,PURDUE,12,31.9,0,273,74.3,,57.3,0,0,0,0.0,0.0,,0,0,0,188,0,0,0,590,0,400,0,0,188,1
Trevon Clark,98727,WR,CAL,12,35.4,0,130,70.0,,48.5,0,0,0,0.0,0.0,,1,0,0,188,0,0,0,531,0,343,0,0,188,10
Jaylon Redd,61586,WR,OREGON,10,49.3,0,264,58.2,,69.3,0,0,0,0.0,0.0,,2,0,0,187,0,0,0,379,0,189,0,0,187,0
Malik McClain,143886,WR,FLORIDA ST,12,43.9,0,167,57.4,68.0,62.7,0,0,2,0.9,0.8,100.0,2,0,0,187,0,0,0,426,2,241,0,0,185,0
Zach Jackson,61387,WR,LA MONROE,12,41.3,0,209,61.2,,63.6,0,0,0,0.0,0.0,,3,0,0,187,0,0,0,453,0,266,0,0,187,0
Xavier Truss,99082,G,GEORGIA,12,100.0,0,173,63.5,79.9,66.0,0,1,75,100.0,100.0,99.3,3,1,0,187,0,0,0,187,79,79,186,0,108,1
Emil Smith,97663,WR,GA SOUTHRN,7,65.8,0,174,52.6,,64.4,0,0,0,0.0,0.0,,0,0,0,187,0,0,0,284,0,97,0,0,187,0
Shocky Jacques-Louis,77960,WR,PITTSBURGH,14,36.6,0,268,54.2,,44.7,0,0,0,0.0,0.0,,1,0,0,187,0,0,0,511,0,315,0,0,187,0
Logan Carter,42205,TE,OKLA STATE,8,74.8,0,262,51.3,41.7,56.2,1,5,37,38.9,38.8,91.9,0,6,0,187,0,0,0,250,40,103,0,0,147,201
Tosh Baker,122892,T,NOTRE DAME,5,100.0,0,258,45.3,40.4,53.6,0,5,104,100.0,100.0,94.7,2,8,3,186,0,0,185,186,112,112,0,1,74,0
Caleb Williams,144622,QB,OKLAHOMA,11,37.2,0,261,91.3,,60.1,0,0,0,0.0,0.0,,1,0,0,186,0,0,0,500,0,268,0,0,186,0
Brennan Armstrong,77696,QB,VIRGINIA,11,22.6,0,335,91.8,62.2,61.0,0,0,1,0.2,0.2,100.0,0,0,0,186,0,0,0,823,1,606,0,0,185,0
Terrell McDonald,97922,TE,UAB,12,91.6,0,321,54.6,61.8,56.9,0,1,24,60.0,60.5,97.9,1,1,0,186,0,0,0,203,26,43,0,0,160,123
Keagan Johnson,144848,WR,IOWA,13,45.3,0,192,61.6,,54.7,0,0,0,0.0,0.0,,1,0,0,186,0,0,0,411,0,222,0,0,186,0
Michael Furtney,81945,G,WISCONSIN,9,100.0,0,349,76.2,68.2,80.9,0,1,64,100.0,100.0,99.2,2,1,0,186,0,98,0,186,66,66,76,1,120,11
Omar Manning,61702,WR,NEBRASKA,11,44.8,0,238,69.0,,65.9,0,0,0,0.0,0.0,,1,0,0,186,0,0,0,415,0,227,0,0,186,3
Dominic Gudino,60049,G,S DIEGO ST,9,96.4,0,284,62.2,69.3,60.5,1,0,69,90.8,91.6,99.3,0,1,0,186,0,107,11,193,76,83,0,0,110,75
Mitchell Tinsley,123470,WR,W KENTUCKY,14,23.5,0,346,79.0,,51.4,0,0,0,0.0,0.0,,3,0,0,186,0,0,2,792,0,606,0,0,186,2
Jabari Small,124298,HB,TENNESSEE,11,41.7,0,307,77.6,39.1,32.6,1,6,128,53.8,54.7,94.1,1,11,4,185,0,0,0,444,140,256,0,0,45,0
Layne Hatcher,82068,QB,ARK STATE,11,30.7,0,113,69.9,,60.0,0,0,0,0.0,0.0,,2,0,0,184,0,0,0,599,0,408,0,0,184,0
Jake Bailey,72158,WR,RICE,11,36.4,1,275,78.8,,54.0,0,0,0,0.0,0.0,,5,0,0,184,0,0,0,505,0,320,0,0,184,1
Will Plummer,131592,QB,ARIZONA,10,34.4,0,109,64.2,,61.7,0,0,0,0.0,0.0,,3,0,0,184,0,0,0,535,0,341,0,0,184,0
Jonathan Leech,105783,T,VIRGINIA,7,100.0,0,335,62.0,59.5,65.1,4,10,120,100.0,100.0,93.3,1,15,1,183,0,0,101,183,124,124,1,81,59,0
Tyler Harrell,77969,WR,LOUISVILLE,13,48.9,1,210,70.4,,63.5,0,0,0,0.0,0.0,,2,0,0,183,0,0,0,374,0,191,0,0,183,0
Kekoa Crawford,27369,WR,CAL,11,36.0,0,130,64.8,,45.8,0,0,0,0.0,0.0,,0,0,0,183,0,0,0,508,0,325,0,0,183,6
Daniel Barker,83982,TE,ILLINOIS,12,45.9,0,187,62.0,73.0,52.9,0,0,6,2.9,2.7,100.0,2,0,0,183,0,0,0,399,6,219,0,0,177,255
Sean Ryan,78030,WR,W VIRGINIA,13,41.2,0,343,68.2,,77.2,0,0,0,0.0,0.0,,1,0,0,183,0,0,0,444,0,261,0,0,183,0
Gunnar Watson,83570,QB,TROY,8,40.4,0,318,74.8,,60.0,0,0,0,0.0,0.0,,1,0,0,182,0,0,0,451,0,257,0,0,182,0
Charles Ross,97855,WR,S JOSE ST,9,42.8,1,285,58.8,,65.5,0,0,0,0.0,0.0,,4,0,0,182,0,0,0,425,0,243,0,0,182,0
Joseph Gilbertson,59772,G,KANSAS,7,100.0,0,198,57.7,52.4,57.2,0,3,97,100.0,100.0,97.4,0,4,1,182,23,156,0,182,100,100,3,0,82,0
Amare Jones,77742,HB,GA SOUTHRN,10,49.1,1,174,79.0,77.2,62.5,0,0,3,2.0,2.0,100.0,1,0,0,182,0,0,0,371,3,152,0,0,179,0
Charlie Jones,55038,WR,IOWA,14,38.6,0,192,64.6,,59.0,0,0,0,0.0,0.0,,0,0,0,181,0,0,0,469,0,281,0,0,181,2
Kurtis Rourke,97998,QB,OHIO,10,32.9,0,259,77.1,,61.0,0,0,0,0.0,0.0,,2,0,0,181,0,0,0,550,0,327,0,0,181,0
Brenden Rice,131692,WR,COLORADO,11,48.5,0,143,68.9,,60.2,0,0,0,0.0,0.0,,1,0,0,181,0,0,0,373,0,186,0,0,181,10
Britain Covey,32933,WR,UTAH,14,38.4,0,328,79.2,,58.1,0,0,0,0.0,0.0,,1,0,0,181,0,0,0,471,0,278,0,0,181,0
Tyler Walton,78201,WR,OHIO,12,44.1,0,259,71.3,,61.9,0,0,0,0.0,0.0,,1,0,0,181,0,0,0,410,0,226,0,0,181,0
Nick Nash,98679,QB,S JOSE ST,11,38.1,0,285,62.5,,62.4,0,0,0,0.0,0.0,,1,0,0,180,0,0,0,473,0,240,0,0,180,0
Winston Wright Jr.,99537,WR,W VIRGINIA,13,31.5,0,343,72.8,,59.4,0,0,0,0.0,0.0,,1,0,0,180,0,0,0,571,0,389,0,0,180,1
Zack Ward,81585,G,ARMY,9,100.0,0,114,63.6,70.0,62.2,0,0,15,100.0,100.0,93.3,1,1,1,180,0,152,0,180,17,17,25,0,163,0
Jayshon Jackson,78041,WR,BALL ST,13,30.0,0,117,72.5,,56.1,0,0,0,0.0,0.0,,0,0,0,180,0,0,0,601,0,413,0,0,180,2
Tanner McKee,131770,QB,STANFORD,10,30.7,0,300,69.0,,60.1,0,0,0,0.0,0.0,,2,0,0,180,0,0,0,587,0,387,0,0,180,0
Grant Starck,128245,T,NEVADA,7,100.0,0,239,70.7,69.7,67.8,1,3,100,100.0,100.0,96.0,0,6,2,179,0,0,173,179,110,110,0,6,69,0
Tip Reiman,129423,TE,ILLINOIS,12,85.6,0,187,72.4,67.2,73.5,1,0,20,40.8,40.0,97.5,1,1,0,179,0,0,0,209,20,50,0,0,159,184
Benjamin Yurosek,131786,TE,STANFORD,11,32.5,0,300,74.4,75.8,43.3,0,0,13,3.6,3.6,100.0,0,0,0,179,0,0,1,551,14,384,0,0,165,309
Danny Gray,121926,WR,SMU,10,36.5,0,287,77.9,,55.4,0,0,0,0.0,0.0,,0,0,0,178,0,0,0,488,0,307,0,0,178,0
Alec Jackson,56550,G,AUBURN,10,100.0,0,115,63.9,46.7,67.4,1,4,104,100.0,100.0,97.6,0,5,0,178,0,178,0,178,108,108,0,0,70,0
Shamar Hobdy-Lee,98421,T,FIU,11,100.0,0,166,52.0,54.7,48.9,0,6,106,100.0,100.0,96.2,0,7,1,178,0,0,79,178,108,108,0,99,70,0
Isaiah Williams,97156,WR,ILLINOIS,12,36.3,0,187,72.5,,56.1,0,0,0,0.0,0.0,,0,0,0,178,0,0,0,491,0,301,0,0,178,3
Nick Mardner,75945,WR,HAWAII,13,30.6,0,180,75.6,,64.5,0,0,0,0.0,0.0,,3,0,0,177,0,0,0,579,0,402,0,0,177,1
Jason Bean,83529,QB,KANSAS,11,38.1,0,198,59.5,,60.1,0,0,0,0.0,0.0,,1,0,0,177,0,0,0,464,0,226,0,0,177,0
Leke Asenuga,128251,G,NEW MEXICO,4,100.0,0,241,60.1,86.8,56.1,1,1,77,100.0,100.0,98.7,1,2,0,177,0,79,0,177,81,81,98,0,96,0
Jamari Gassett,145690,WR,BUFFALO,12,40.9,0,126,56.4,,55.2,0,0,0,0.0,0.0,,0,0,0,177,0,0,0,433,0,254,0,0,177,0
Sean Chambers,75888,QB,WYOMING,9,40.7,0,351,58.0,,60.0,0,0,0,0.0,0.0,,3,0,0,177,0,0,0,435,0,219,0,0,177,0
Jakari Robinson,55084,C,MEMPHIS,7,100.0,1,218,51.7,48.3,57.1,0,4,102,100.0,100.0,97.1,2,5,1,177,177,0,0,177,111,111,0,0,66,0
Alain Schaerer,100244,G,BUFFALO,8,100.0,0,126,56.9,50.7,58.5,0,3,66,100.0,100.0,97.7,1,3,0,177,0,0,0,177,75,75,177,0,102,0
Marquez Cooper,130489,HB,KENT STATE,14,29.0,0,201,77.9,54.0,74.0,2,4,101,36.6,36.7,95.0,2,8,2,177,0,0,0,611,110,300,0,0,67,0
Mason Tharp,144758,TE,TEXAS TECH,12,49.9,0,315,74.1,52.4,74.7,0,2,18,9.9,9.7,94.4,3,2,0,176,0,0,0,353,19,196,0,0,157,160
Logan Wright,57218,HB,GA SOUTHRN,12,36.0,0,174,76.6,68.1,46.5,1,0,60,27.6,28.4,99.2,0,1,0,176,0,0,0,489,64,225,0,0,112,0
Demarcus Jones,98745,WR,SO MISS,11,41.5,0,296,65.1,71.7,64.5,0,0,2,1.0,0.9,100.0,0,0,0,176,0,0,0,424,2,226,0,0,174,0
Brady Olson,147415,QB,UMASS,9,39.7,0,216,36.8,,60.1,0,0,0,0.0,0.0,,2,0,0,176,0,0,0,443,0,251,0,0,176,0
Andrew Henry,154703,HB,LA MONROE,11,37.1,1,209,58.8,15.6,54.8,4,8,77,32.2,32.5,88.3,1,15,3,176,0,0,0,475,82,252,0,0,94,0
Isaiah Esdale,88318,WR,W VIRGINIA,10,44.7,0,343,72.3,,65.9,0,0,0,0.0,0.0,,1,0,0,176,0,0,0,394,0,218,0,0,176,1
Jahleel Billingsley,98221,TE,ALABAMA,15,36.5,0,103,47.1,66.9,38.9,0,0,14,4.6,4.7,100.0,0,0,0,175,0,0,0,479,15,319,0,0,160,283
Jevin Frett,123478,WR,LA MONROE,11,40.6,0,209,55.6,,58.4,0,0,0,0.0,0.0,,1,0,0,175,0,0,0,431,0,255,0,0,175,0
Arabee Muslim,122192,T,CHARLOTTE,5,100.0,0,136,53.1,36.7,61.1,3,4,103,100.0,100.0,95.6,1,8,1,175,0,0,0,175,110,110,0,174,65,1
Jaheim Bell,124225,TE,S CAROLINA,13,54.3,0,289,85.6,54.5,58.7,0,0,26,16.4,15.6,100.0,1,0,0,175,0,0,0,322,26,167,0,0,149,174
Cam Johnson,84497,WR,VANDERBILT,12,33.5,0,333,58.0,62.1,52.8,0,0,1,0.3,0.3,100.0,1,0,0,175,0,0,0,523,1,349,0,0,174,4
Onuma Dieke,128080,WR,UMASS,12,45.6,0,216,57.4,,76.4,0,0,0,0.0,0.0,,1,0,0,175,0,0,0,384,0,208,0,0,175,0
Zarak Scruggs Jr.,146100,WR,NEW MEXICO,9,62.6,0,241,60.4,,72.5,0,0,0,0.0,0.0,,0,0,0,174,0,0,0,278,0,104,0,0,174,0
Bryan Felter,129877,G,RUTGERS,6,100.0,0,278,56.5,49.2,56.3,1,5,92,100.0,100.0,96.7,0,6,0,174,13,139,0,174,93,93,21,0,81,0
Griffin Hebert,61382,WR,LA TECH,12,32.5,0,208,57.5,68.9,37.5,0,0,7,2.0,1.9,100.0,1,0,0,174,0,0,0,535,7,368,0,0,167,12
Isaiah Hamilton,84401,WR,S JOSE ST,12,35.1,0,285,61.8,,61.9,0,0,0,0.0,0.0,,0,0,0,174,0,0,0,496,0,322,0,0,174,0
Terrell Bynum,61804,WR,WASHINGTON,8,39.8,0,340,65.2,,60.4,0,0,0,0.0,0.0,,0,0,0,173,0,0,0,435,0,262,0,0,173,2
Messiah Travis,97214,WR,N ILLINOIS,14,48.5,0,254,57.0,,60.2,0,0,0,0.0,0.0,,1,0,0,173,0,0,0,357,0,184,0,0,173,0
Jordan Yates,97416,QB,GA TECH,8,42.8,1,176,63.9,,60.0,0,0,0,0.0,0.0,,5,0,0,173,0,0,0,404,0,218,0,0,173,0
Keon Zipperer,97786,TE,FLORIDA,13,61.8,0,163,56.6,76.6,52.4,0,0,22,17.3,17.7,100.0,4,0,0,173,0,0,0,280,23,130,0,0,150,199
Jimto Obidegwu,144395,T,TEMPLE,6,100.0,0,306,50.8,50.6,52.7,0,5,101,100.0,100.0,96.5,1,6,1,173,0,0,12,173,103,103,0,161,70,0
Calvin Tyler Jr.,52133,HB,UTAH ST,12,32.5,0,329,68.3,39.2,51.9,3,7,132,46.6,47.4,93.9,0,13,3,172,0,0,0,530,143,302,0,0,29,0
Malik Knowles,78141,WR,KANSAS ST,13,37.3,0,199,70.3,,75.1,0,0,0,0.0,0.0,,3,0,0,171,0,0,0,459,0,273,0,0,171,0
Will Derrick,105790,WR,LA MONROE,12,43.8,0,209,66.9,54.4,49.3,0,0,0,0.0,0.0,,0,0,0,171,0,0,0,390,0,219,0,0,171,0
Jordan Travis,77615,QB,FLORIDA ST,10,32.4,0,167,85.2,67.7,60.4,0,0,1,0.4,0.3,100.0,2,0,0,171,0,0,0,527,1,291,0,0,170,0
Ryan Jones,60728,TE,E CAROLINA,12,43.3,0,156,66.1,48.0,46.4,0,2,21,8.9,9.7,95.2,1,2,0,171,0,0,0,395,24,248,0,0,147,160
John Mitchell,48188,WR,FAU,12,43.8,0,165,53.4,67.6,53.2,0,1,20,8.7,9.1,97.5,1,1,0,171,0,0,1,390,22,241,0,0,149,169
Mataeo Durant,77719,HB,DUKE,12,24.6,0,154,72.0,39.7,41.9,2,4,83,24.5,25.4,95.2,0,7,1,171,0,0,0,696,91,358,0,0,80,0
Carlos Carriere,61413,WR,MARYLAND,11,43.6,0,215,62.7,,46.3,0,0,0,0.0,0.0,,0,0,0,170,0,0,0,390,0,220,0,0,170,0
Zach Fryar,122015,TE,UTEP,13,88.5,0,330,51.0,47.6,56.5,0,0,12,40.0,38.9,100.0,1,0,0,170,0,0,0,192,14,36,0,0,156,188
Brian Thomas Jr.,146760,WR,LSU,12,39.1,1,211,62.7,,65.2,0,0,0,0.0,0.0,,3,0,0,170,0,0,0,435,0,264,0,0,170,1
Ladd McConkey,124030,WR,GEORGIA,15,48.9,0,173,79.1,,82.2,0,0,0,0.0,0.0,,0,0,0,170,0,0,0,348,0,174,0,0,170,0
Ayden McCollough,132970,G,AIR FORCE,9,100.0,0,101,72.7,86.0,70.2,0,0,20,100.0,100.0,100.0,0,0,0,170,0,117,0,170,20,20,40,13,150,0
Dominic DiNunzio,99518,TE,TCU,12,79.3,1,305,63.4,66.0,60.7,0,2,26,37.1,37.1,96.2,1,2,0,169,0,0,0,213,26,70,0,0,143,184
Tyrone Broden,100273,WR,BOWL GREEN,11,31.3,1,122,65.9,,71.7,0,0,0,0.0,0.0,,1,0,0,169,0,0,0,540,0,371,0,1,169,1
Adrian Medley,98550,G,UCF,5,100.0,0,323,64.1,75.7,60.6,0,2,82,100.0,100.0,98.8,0,2,0,169,0,169,0,169,87,87,0,0,82,0
Marcus Rosemy-Jacksaint,124037,WR,GEORGIA,13,56.5,0,173,54.6,,58.0,0,0,0,0.0,0.0,,0,0,0,169,0,0,0,299,0,130,0,0,169,1
Elijah Spencer,145575,WR,CHARLOTTE,12,35.7,0,136,66.9,,63.7,0,0,0,0.0,0.0,,1,0,0,169,0,0,0,474,0,305,0,0,169,0
Tejhaun Palmer,145443,WR,UAB,13,56.1,0,321,56.3,72.2,56.7,0,0,1,0.8,0.8,100.0,1,0,0,169,0,0,0,301,1,133,0,0,168,0
Jonathan Mingo,97774,WR,OLE MISS,6,42.4,0,226,64.2,61.0,69.0,0,0,1,0.5,0.4,100.0,0,0,0,169,0,0,0,399,1,231,0,0,168,0
Peter LeBlanc,97814,WR,LA LAFAYET,13,48.4,0,207,68.4,,63.7,0,0,0,0.0,0.0,,1,0,0,169,0,0,0,349,0,179,0,0,169,0
Jorden Gidrey,125267,HB,AIR FORCE,9,86.6,0,101,62.1,72.5,64.2,0,0,2,9.5,9.5,100.0,1,0,0,168,0,0,0,194,2,21,0,0,166,1
Jack Coldiron,63838,TE,MIAMI OH,12,47.9,0,221,68.2,38.0,61.4,1,0,24,12.1,13.7,97.9,0,1,0,168,0,0,0,351,29,212,0,0,139,228
Caleb Driskill,128410,FB,WYOMING,13,92.3,0,351,46.6,80.4,46.3,0,0,13,48.1,48.1,100.0,1,0,0,168,0,0,0,182,13,27,0,0,155,12
Zane Pope,61265,WR,FRESNO ST,13,42.0,0,169,66.9,55.0,53.1,0,1,1,0.5,0.4,50.0,0,1,0,167,0,0,0,398,1,231,0,0,166,2
Raheem Blackshear,57385,HB,VA TECH,13,37.9,0,337,82.6,81.1,60.1,0,2,97,41.3,42.0,96.9,1,4,2,167,0,0,0,441,102,243,0,0,65,6
Case Hatch,97745,TE,ARIZONA ST,11,87.9,0,110,69.5,31.3,77.1,0,2,12,34.3,34.3,91.7,2,2,0,167,0,0,0,190,12,35,0,0,155,128
Michael Mathison,100275,WR,AKRON,11,30.5,0,102,74.6,,65.0,0,0,0,0.0,0.0,,1,0,0,167,0,0,0,548,0,380,0,0,167,7
Ozzy Trapilo,123552,G,BOSTON COL,7,100.0,0,121,65.8,62.7,65.2,1,2,64,100.0,100.0,97.7,0,3,0,166,0,98,0,166,68,68,67,1,98,0
Phillip Brooks,78138,WR,KANSAS ST,13,39.0,0,199,71.9,,67.4,0,0,0,0.0,0.0,,0,0,0,166,0,0,0,426,0,257,0,0,166,1
Isiah Pacheco,83747,HB,RUTGERS,12,34.9,1,278,76.7,64.4,57.0,0,2,93,39.6,39.9,98.9,2,2,0,166,0,0,0,475,97,243,0,0,69,0
Gunnar Oakes,60885,TE,E MICHIGAN,11,60.8,0,160,63.5,41.6,69.4,0,0,19,15.1,16.4,94.7,1,1,1,166,0,0,0,273,21,128,0,0,145,191
Tyler Scott,123578,WR,CINCINNATI,14,37.5,0,138,65.5,,47.2,0,0,0,0.0,0.0,,1,0,0,166,0,0,0,443,0,277,0,0,166,2
Rico Arnold,84529,WR,UMASS,10,44.3,0,216,71.5,,64.6,0,0,0,0.0,0.0,,2,0,0,166,0,0,0,375,0,209,0,0,166,0
Austin Stogner,98464,TE,OKLAHOMA,12,48.7,0,261,68.4,75.4,78.1,0,0,24,12.6,12.6,100.0,0,0,0,165,0,0,0,339,25,199,0,0,140,199
D.J. Mack Jr.,55405,QB,DOMINION,7,39.6,0,263,63.8,,60.0,0,0,0,0.0,0.0,,2,0,0,165,0,0,0,417,0,209,0,0,165,0
Trevor Wilson,97287,WR,KANSAS,12,42.3,0,198,63.9,,65.8,0,0,0,0.0,0.0,,2,0,0,165,0,0,0,390,0,218,0,0,165,0
Luke Whittemore,61736,WR,TROY,10,37.8,0,318,61.8,,54.8,0,0,0,0.0,0.0,,1,0,0,165,0,0,0,436,0,271,0,0,165,2
James Della Pesca,125322,TE,TEMPLE,12,67.1,0,306,47.9,52.5,56.6,0,2,18,19.4,19.0,94.4,0,2,0,165,0,0,0,246,19,100,0,0,146,171
Xazavian Valladay,57490,HB,WYOMING,13,27.3,0,351,78.0,59.4,57.9,2,1,77,25.8,24.9,96.8,0,4,1,165,0,0,0,605,77,309,0,0,88,1
Michael Woods II,84117,WR,OKLAHOMA,11,40.2,0,261,70.4,,65.5,0,0,0,0.0,0.0,,0,0,0,164,0,0,0,408,0,243,0,0,164,0
Jack Dunn,47396,WR,WISCONSIN,13,67.5,0,349,56.6,,78.6,0,0,0,0.0,0.0,,0,0,0,164,0,0,0,243,0,76,0,0,164,2
Drake London,86519,WR,USC,8,33.5,0,326,91.3,,56.6,0,0,0,0.0,0.0,,3,0,0,164,0,0,0,490,0,326,0,0,164,7
Brandon Lewis,90823,WR,AIR FORCE,13,66.7,0,101,95.2,,60.7,0,0,0,0.0,0.0,,0,0,0,164,0,0,0,246,0,60,0,0,164,13
Steven Krajewski,77650,QB,UCONN,9,33.9,0,146,55.1,81.4,60.0,0,0,2,0.8,0.7,100.0,1,0,0,163,0,0,0,481,2,283,0,0,161,0
Jermaine Burton,124017,WR,GEORGIA,14,42.0,0,173,70.8,,56.7,0,0,0,0.0,0.0,,1,0,0,163,0,0,0,388,0,225,0,0,163,3
Kole Taylor,124114,TE,LSU,13,66.3,0,211,52.2,48.4,56.3,0,2,23,22.1,22.4,95.7,0,2,0,163,0,0,0,246,24,107,0,0,139,218
Ellis Merriweather,128096,HB,UMASS,12,28.6,0,216,79.9,66.2,53.0,0,6,97,34.6,35.5,95.9,2,7,1,163,0,0,0,570,104,293,0,0,59,0
Jaden Williams,143844,WR,BOSTON COL,12,41.6,0,121,60.5,,66.1,0,0,0,0.0,0.0,,1,0,0,163,0,0,0,392,0,229,0,0,163,0
Josh Kelly,97061,WR,FRESNO ST,13,30.5,0,169,73.2,,66.0,0,0,0,0.0,0.0,,3,0,0,163,0,0,0,534,0,368,0,0,163,6
Logan Long,60928,T,KANSAS ST,11,100.0,0,199,66.6,70.8,68.0,1,3,72,100.0,100.0,97.2,2,4,0,163,0,0,1,163,78,78,0,162,85,0
Jalen McMillan,131905,WR,WASHINGTON,11,33.6,0,340,69.8,,69.0,0,0,0,0.0,0.0,,0,0,0,162,0,0,0,482,0,319,0,0,162,0
Victor Konopka,129881,TE,RUTGERS,13,74.3,0,278,60.0,52.0,61.9,2,0,33,37.5,38.5,97.0,0,2,0,162,0,0,0,218,35,91,0,1,127,177
James Tupou,81448,FB,UTEP,13,84.4,0,330,60.9,81.9,63.1,0,0,18,47.4,42.9,100.0,4,0,0,162,0,0,0,192,18,42,0,0,144,50
Tray Pettway,147416,WR,UMASS,12,47.5,0,216,61.8,,65.2,0,0,0,0.0,0.0,,0,0,0,162,0,0,0,341,0,178,0,0,162,0
Daewood Davis,61584,WR,W KENTUCKY,14,22.7,0,346,58.0,,47.2,0,0,0,0.0,0.0,,5,0,0,162,0,0,0,713,0,550,0,0,162,0
Taj Davis,72400,WR,WASHINGTON,11,37.0,0,340,59.6,,59.7,0,0,0,0.0,0.0,,0,0,0,161,0,0,0,435,0,274,0,0,161,0
Devin Miller,60945,TE,MARSHALL,10,60.8,0,214,66.0,77.1,69.7,0,0,21,17.9,17.5,100.0,3,0,0,161,0,0,0,265,22,126,0,0,139,194
Austin Williams,61463,WR,MISS STATE,13,23.1,0,227,61.9,,47.0,0,0,0,0.0,0.0,,1,0,0,161,0,0,0,698,0,537,0,0,161,0
Jimmy Horn Jr.,144483,WR,USF,12,38.6,0,327,67.0,,61.0,0,0,0,0.0,0.0,,0,0,0,161,0,0,0,417,0,252,0,0,161,1
Alex Atcavage,123591,T,FAU,4,100.0,0,165,62.7,70.0,55.1,1,1,102,100.0,100.0,98.0,0,3,1,161,0,0,18,161,108,108,0,142,53,1
Ryan Hilinski,71295,QB,NWESTERN,9,42.8,0,256,49.0,,60.9,0,0,0,0.0,0.0,,1,0,0,161,0,0,0,376,0,199,0,0,161,0
August Pitre III,75967,WR,RICE,8,39.0,0,275,66.9,,56.7,0,0,0,0.0,0.0,,2,0,0,161,0,0,0,413,0,252,0,0,161,3
Michael Jefferson,87665,WR,LA LAFAYET,14,51.9,0,207,78.7,,72.2,0,0,0,0.0,0.0,,0,0,0,160,0,0,1,308,0,148,0,0,160,1
Grant Calcaterra,60997,TE,SMU,12,31.3,0,287,62.4,72.8,46.2,0,0,9,2.6,2.5,100.0,2,0,0,160,0,0,0,511,9,360,0,0,151,171
Trevor Kardell,122566,TE,KANSAS,11,63.0,0,198,52.3,55.5,56.7,0,2,11,10.6,10.5,90.9,2,2,0,160,0,0,0,254,11,105,0,0,149,176
Sincere McCormick,97119,HB,UTSA,13,22.2,0,331,82.8,65.8,60.3,0,5,93,27.2,28.5,97.3,2,5,0,160,0,0,0,721,105,368,0,0,55,0
Phil Jurkovec,83533,QB,BOSTON COL,6,50.5,0,121,80.6,,60.0,0,0,0,0.0,0.0,,2,0,0,159,0,0,0,315,0,123,0,0,159,0
Daniel Johnson,77452,T,KENT STATE,2,100.0,0,201,61.6,66.0,60.8,0,6,68,100.0,100.0,95.6,1,6,0,159,0,0,0,159,76,76,0,159,83,0
Trayvon Rudolph,130577,WR,N ILLINOIS,14,34.6,0,254,80.8,,63.2,0,0,0,0.0,0.0,,1,0,0,159,0,0,0,460,0,294,0,0,159,1
Donny Navarro III,84220,WR,ILLINOIS,12,39.3,0,187,52.0,,44.0,0,0,0,0.0,0.0,,1,0,0,159,0,0,0,405,0,246,0,0,159,0
Jalen Rivers,122221,G,MIAMI FL,3,100.0,0,220,55.3,45.9,55.0,0,3,95,100.0,100.0,97.4,0,4,1,159,0,159,0,159,100,100,0,0,59,0
Xavier Weaver,101130,WR,USF,10,39.0,1,327,87.9,,75.4,0,0,0,0.0,0.0,,1,0,0,159,0,0,0,408,0,248,0,0,159,0
Mac Hippenhammer,61591,WR,MIAMI OH,12,29.0,0,221,76.8,64.5,61.8,0,0,1,0.3,0.3,100.0,3,0,0,158,0,0,0,545,1,388,0,0,157,1
Chase Rogers,60939,TE,OLE MISS,5,64.8,0,226,60.5,52.6,49.9,0,1,26,24.5,25.2,90.4,1,3,2,158,0,0,0,244,29,115,0,0,129,79
Jake Herslow,42002,WR,HOUSTON,14,38.0,0,182,73.8,72.0,63.8,0,0,2,0.8,0.8,100.0,2,0,0,158,0,0,0,416,2,260,0,0,156,12
Bub Means,98847,WR,LA TECH,11,40.6,0,208,70.2,,69.3,0,0,0,0.0,0.0,,3,0,0,158,0,0,0,389,0,230,0,0,158,1
Dante Wright,97188,WR,COLO STATE,9,36.3,0,144,69.4,61.9,57.3,0,1,1,0.4,0.4,50.0,1,1,0,157,0,0,0,433,1,273,0,0,156,20
Errol Rogers Jr.,122657,WR,LA LAFAYET,12,51.5,0,207,68.0,,61.7,0,0,0,0.0,0.0,,0,0,0,157,0,0,0,305,0,148,0,0,157,1
Isaiah Graham,48337,WR,LA TECH,10,38.8,1,208,59.5,,76.5,0,0,0,0.0,0.0,,2,0,0,157,0,0,0,405,0,248,0,0,157,0
Jeff Foreman,97868,WR,ARK STATE,12,27.9,0,113,64.5,,69.5,0,0,0,0.0,0.0,,0,0,0,157,0,0,0,563,0,406,0,0,157,1
Reagan Roberson,60972,TE,NEVADA,13,69.8,1,239,60.1,70.7,75.4,0,1,17,21.5,20.9,97.1,2,1,0,157,0,0,0,225,18,86,0,0,139,169
Mike Harley Jr.,61423,WR,MIAMI FL,12,32.2,0,220,71.2,,36.1,0,0,0,0.0,0.0,,2,0,0,157,0,0,0,487,0,329,0,0,157,4
Te'Vailance Hunt,78109,WR,ARK STATE,11,27.3,0,113,67.0,,56.5,0,0,0,0.0,0.0,,0,0,0,156,0,0,0,571,0,415,0,0,156,0
Yusuf Ali,78841,WR,MIDDLE TN,11,36.5,0,224,66.3,,78.7,0,0,0,0.0,0.0,,0,0,0,156,0,0,0,427,0,269,0,0,156,12
Traevon Kenion,99178,TE,S CAROLINA,13,77.6,0,289,75.4,77.5,66.9,0,0,23,34.8,33.8,100.0,0,0,0,156,0,0,0,201,23,68,0,0,133,180
Griffin Carder,98276,T,GA SOUTHRN,10,100.0,1,174,55.4,44.0,61.3,0,3,70,100.0,100.0,93.6,2,6,3,156,0,0,135,156,73,73,0,21,83,0
Shae Wyatt,144440,WR,TULANE,12,41.1,0,319,74.5,61.0,84.8,0,0,1,0.5,0.4,100.0,0,0,0,156,0,0,0,380,1,225,0,0,155,1
Troy Franklin,146567,WR,OREGON,14,50.3,0,264,63.5,,61.7,0,0,0,0.0,0.0,,0,0,0,155,0,0,0,308,0,153,0,0,155,0
Brad Dennis,84421,WR,SO MISS,11,44.8,0,296,52.1,,57.0,0,0,0,0.0,0.0,,0,0,0,155,0,0,0,346,0,191,0,0,155,0
Izaiah Gathings,89497,WR,MIDDLE TN,12,37.9,0,224,64.8,,71.8,0,0,0,0.0,0.0,,3,0,0,155,0,0,0,409,0,254,0,0,155,9
Kannon Biggs,98415,G,TROY,6,100.0,0,318,57.2,41.7,61.4,2,3,74,100.0,100.0,95.3,1,6,1,155,0,154,0,155,78,78,0,0,77,0
Taylor Thompson,122197,TE,CHARLOTTE,7,51.5,0,136,62.4,53.4,66.5,0,0,10,6.7,7.0,100.0,1,0,0,155,0,0,0,301,11,157,0,1,144,189
Emmanual Stevenson,147045,TE,ARK STATE,10,35.9,0,113,44.1,60.7,37.6,0,2,28,9.7,9.8,96.4,1,2,0,155,1,0,0,432,30,307,0,0,125,320
Spencer Brown,101569,T,MICH STATE,8,100.0,0,223,71.8,70.8,72.5,1,1,78,100.0,100.0,97.4,2,3,1,155,0,0,0,155,85,85,0,155,70,0
Brian Cobbs,84285,WR,MARYLAND,13,39.3,0,215,61.3,,56.6,0,0,0,0.0,0.0,,1,0,0,155,0,0,0,394,0,238,0,0,155,2
Rashee Rice,97605,WR,SMU,12,31.3,0,287,79.9,,79.4,0,0,0,0.0,0.0,,4,0,0,155,0,0,0,495,0,340,0,0,155,0
Reece McIntyre,98383,T,OLE MISS,5,100.0,0,226,69.5,59.2,69.8,0,4,68,100.0,100.0,95.6,1,5,1,154,0,0,0,154,71,71,42,111,83,0
Rome Odunze,73774,WR,WASHINGTON,9,36.5,0,340,65.2,,60.9,0,0,0,0.0,0.0,,1,0,0,154,0,0,0,422,0,265,0,0,154,1
Zyell Griffin,128355,WR,UNLV,11,40.8,0,325,58.2,,52.9,0,0,0,0.0,0.0,,1,0,0,154,0,0,0,377,0,223,0,0,154,0
Mike Wright Jr.,124366,QB,VANDERBILT,10,35.2,0,333,59.5,,60.0,0,0,0,0.0,0.0,,0,0,0,154,0,0,0,438,0,238,0,0,154,0
TJ Chase,40259,WR,FAU,12,44.1,0,165,58.6,67.7,71.6,0,0,1,0.5,0.5,100.0,1,0,0,154,0,0,0,349,1,196,0,0,153,0
Bryant Koback,57266,HB,TOLEDO,13,25.3,1,316,86.1,52.0,63.6,3,6,95,29.8,30.1,95.3,1,9,0,154,0,0,0,608,105,349,0,0,49,0
Ty Jones,61806,WR,FRESNO ST,13,41.1,0,169,57.7,,58.8,0,0,0,0.0,0.0,,0,0,0,153,0,0,0,372,0,219,0,0,153,1
Kade Warner,61494,WR,KANSAS ST,13,55.0,0,199,65.3,,73.2,0,0,0,0.0,0.0,,0,0,0,153,0,0,0,278,0,125,0,0,153,0
Jalen Mitchell,97173,HB,LOUISVILLE,12,33.0,0,210,72.0,79.8,58.3,0,3,80,36.2,35.6,98.1,0,3,0,153,0,0,0,464,84,236,0,0,69,0
Nico Ragaini,84232,WR,IOWA,14,33.9,0,192,57.3,,63.2,0,0,0,0.0,0.0,,0,0,0,152,0,0,0,449,0,297,0,0,152,0
Tommy McIntyre,91786,TE,SMU,10,68.2,0,287,62.1,62.0,58.9,0,2,12,15.0,15.5,91.7,1,2,0,152,0,0,0,223,13,84,0,0,139,145
Luke Wysong,146110,WR,NEW MEXICO,11,46.9,0,241,65.2,,61.1,0,0,0,0.0,0.0,,2,0,0,152,0,0,0,324,0,148,0,0,152,3
Cade Stover,101486,TE,OHIO STATE,12,68.2,0,260,58.2,72.9,56.5,0,1,29,30.2,30.4,98.3,1,1,0,152,0,0,0,223,31,102,0,0,121,197
Jack Eschenbach,84082,TE,WISCONSIN,8,72.4,0,349,52.4,74.1,57.8,0,0,12,17.6,18.3,100.0,1,0,0,152,0,0,0,210,13,71,0,0,139,193
Ben Davis,55252,T,NEW MEXICO,8,100.0,0,241,54.2,32.8,58.7,1,2,54,100.0,100.0,97.2,0,3,0,152,0,0,21,152,58,58,7,121,94,3
Chris Carter,90335,TE,USF,12,71.0,1,327,55.8,47.7,53.0,0,0,19,24.7,23.5,100.0,1,0,0,152,0,0,0,214,19,81,0,0,133,163
Brian Robinson,57120,HB,ALABAMA,14,20.5,0,103,85.9,48.7,55.7,0,10,132,30.3,30.2,95.5,0,11,1,152,0,0,0,740,136,451,0,0,16,0
Duece Watts,123237,WR,TULANE,11,37.3,0,319,62.5,,62.2,0,0,0,0.0,0.0,,1,0,0,151,0,0,0,405,0,253,0,0,151,0
Jack Buford,99090,T,NEW MEXICO,4,100.0,0,241,50.3,28.0,64.3,2,9,95,100.0,100.0,92.1,1,13,2,151,0,0,0,151,100,100,0,151,51,0
BJ Busbee,84394,WR,S DIEGO ST,14,38.7,0,284,59.5,,49.8,0,0,0,0.0,0.0,,1,0,0,151,0,0,0,390,0,237,0,0,151,0
Rivaldo Fairweather,123625,TE,FIU,9,43.0,0,166,52.8,55.2,38.6,0,0,31,14.2,14.2,93.5,1,2,2,151,0,0,0,351,33,233,0,0,118,246
Myles Price,123155,WR,TEXAS TECH,12,39.9,0,315,77.0,,65.5,0,0,0,0.0,0.0,,0,0,0,151,0,0,0,378,0,215,0,0,151,1
Phat Watts,123238,WR,TULANE,12,36.6,0,319,54.4,,66.4,0,0,0,0.0,0.0,,0,0,0,151,0,0,0,413,0,262,0,0,151,5
Caullin Lacy,121426,WR,S ALABAMA,11,30.6,0,288,64.3,,62.6,0,0,0,0.0,0.0,,1,0,0,151,0,0,0,493,0,334,0,0,151,0
Adagio Lopeti,77482,T,KANSAS,10,100.0,0,198,55.8,57.7,52.9,0,1,79,100.0,100.0,99.4,0,1,0,151,0,21,4,151,81,81,3,123,70,0
Artur Sitkowski,83547,QB,ILLINOIS,5,43.5,0,187,39.5,,60.0,0,0,0,0.0,0.0,,0,0,0,151,0,0,0,347,0,186,0,0,151,0
E.J. Jenkins,109834,WR,S CAROLINA,12,51.5,0,289,55.9,,53.2,0,0,0,0.0,0.0,,2,0,0,150,0,0,0,291,0,141,0,0,150,3
Detraveon Brown,121881,WR,N TEXAS,11,55.4,0,251,60.4,,67.0,0,0,0,0.0,0.0,,0,0,0,150,0,0,0,271,0,121,0,0,150,0
Max Wright,82434,TE,TEXAS A&M,12,84.3,0,312,68.4,39.6,72.6,1,0,13,31.7,33.3,96.2,1,1,0,150,0,0,0,178,14,42,0,0,136,173
Jason Brooks Jr.,124347,T,VANDERBILT,6,100.0,0,333,56.9,42.2,63.6,0,7,79,100.0,100.0,94.3,1,8,1,150,0,52,20,150,84,84,0,78,66,0
Clint Ratkovich,34083,HB,N ILLINOIS,14,35.4,0,254,75.3,67.4,67.8,0,2,53,25.1,25.0,96.2,0,3,1,150,0,0,0,424,56,224,0,0,94,16
Jaylin Lane,121811,WR,MIDDLE TN,12,37.1,0,224,75.3,,40.6,0,0,0,0.0,0.0,,1,0,0,149,0,0,0,402,0,242,0,0,149,0
Darren Wilson Jr.,99554,WR,IOWA STATE,13,43.6,0,193,53.2,61.9,86.8,0,0,1,0.5,0.5,100.0,1,0,0,149,0,0,0,342,1,194,0,0,148,1
Jackson Anthrop,41338,WR,PURDUE,13,25.8,0,273,66.7,75.9,47.3,0,0,3,0.8,0.7,100.0,0,0,0,149,0,0,0,578,3,409,0,0,146,2
Jaren Kump,131859,T,UTAH,4,100.0,0,328,55.8,41.9,62.8,1,5,95,100.0,100.0,95.8,0,7,1,149,0,0,149,149,98,98,0,0,51,0
Javon Swinton,129451,WR,INDIANA,11,37.6,1,190,54.4,,68.5,0,0,0,0.0,0.0,,1,0,0,149,0,0,0,396,0,247,0,0,149,0
Dontae Fleming,122634,WR,LA LAFAYET,13,49.0,0,207,72.2,,67.1,0,0,0,0.0,0.0,,1,0,0,149,0,0,0,304,0,155,0,0,149,0
Theo Howard,39914,WR,UTAH,13,43.1,0,328,60.5,,65.4,0,0,0,0.0,0.0,,0,0,0,149,0,0,0,346,0,197,0,0,149,0
Austin Kendall,40056,QB,LA TECH,7,31.2,0,208,70.2,62.2,60.0,0,0,1,0.3,0.3,100.0,2,0,0,149,0,0,0,477,1,309,0,0,148,0
Reynaldo Flores,83794,WR,UTEP,13,37.0,0,330,60.0,59.9,67.0,0,2,28,12.2,13.0,96.4,1,2,0,148,0,0,0,400,32,246,0,0,116,0
Reed Tyler,83619,TE,ARK STATE,11,58.5,0,113,35.3,32.4,41.3,0,3,33,24.3,25.0,86.4,0,6,3,148,0,0,0,253,35,140,0,0,113,213
Danzel McKinley-Lewis,47648,WR,TOLEDO,13,47.6,0,316,60.2,,69.1,0,0,0,0.0,0.0,,1,0,0,148,0,0,0,311,0,163,0,0,148,0
LV Bunkley-Shelton,131606,WR,ARIZONA ST,13,35.7,1,110,69.0,,60.2,0,0,0,0.0,0.0,,1,0,0,148,0,0,0,415,0,267,0,0,148,2
Cole Tucker,61537,WR,N ILLINOIS,9,41.3,0,254,79.6,,71.9,0,0,0,0.0,0.0,,0,0,0,147,0,0,0,356,0,209,0,0,147,0
Bryson Green,144651,WR,OKLA STATE,9,48.8,0,262,62.7,,74.3,0,0,0,0.0,0.0,,0,0,0,147,0,0,0,301,0,154,0,0,147,0
Kanan Ray,81620,G,COLORADO,6,100.0,0,143,59.7,64.3,60.0,0,6,70,100.0,100.0,95.7,1,6,0,147,0,0,0,147,76,76,147,0,71,0
Tim Weaver,101578,G,INDIANA,5,100.0,1,190,58.7,56.6,57.5,0,6,73,100.0,100.0,95.9,1,6,0,147,0,81,0,147,76,76,63,3,71,0
Tyler Goodson,101659,HB,IOWA,13,24.5,0,192,69.9,57.5,54.8,0,4,93,32.9,33.3,95.7,0,6,2,147,0,0,0,601,99,297,0,0,48,0
Christian Beal-Smith,55433,HB,WAKE,12,39.5,0,339,78.3,55.3,58.7,1,10,128,59.5,59.5,94.9,0,12,1,146,0,0,0,370,132,222,0,0,14,0
Cole Finney,122371,TE,DUKE,12,63.8,0,154,50.5,67.4,40.7,1,1,19,19.2,22.4,94.7,0,2,0,146,0,0,0,229,24,107,0,0,122,62
Daylen Baldwin,64309,WR,MICHIGAN,14,50.7,0,222,62.0,,52.2,0,0,0,0.0,0.0,,0,0,0,146,0,0,0,288,0,142,0,0,146,1
Tyhier Tyler,82083,QB,ARMY,11,51.4,0,114,63.5,,60.0,0,0,0,0.0,0.0,,1,0,0,146,0,0,0,284,0,12,0,0,146,0
Aaron Turner,147371,WR,UCONN,12,31.3,0,146,54.8,,60.5,0,0,0,0.0,0.0,,0,0,0,146,0,0,0,466,0,319,0,0,146,0
Terry Wilson,40709,QB,NEW MEXICO,6,37.4,0,241,60.7,,60.1,0,0,0,0.0,0.0,,4,0,0,146,0,0,0,390,0,212,0,0,146,0
Benjamin Mercer,101272,C,AIR FORCE,4,100.0,0,101,84.1,64.9,78.6,0,0,25,100.0,100.0,100.0,0,0,0,146,146,0,0,146,25,25,0,0,121,0
Frank Gore Jr.,121457,HB,SO MISS,12,29.4,0,296,77.4,56.9,60.9,1,7,84,34.1,34.7,94.0,5,9,1,146,0,0,0,496,90,259,0,0,56,0
Dakereon Joyner,83554,WR,S CAROLINA,13,35.1,0,289,61.2,63.8,71.5,0,0,1,0.4,0.4,100.0,1,0,0,146,0,0,0,416,1,256,0,0,145,2
Montorie Foster Jr.,129616,WR,MICH STATE,12,48.3,0,223,57.8,,70.9,0,0,0,0.0,0.0,,1,0,0,146,0,0,0,302,0,156,0,0,146,0
Makilan Thomas,147058,G,ARK STATE,2,100.0,0,113,59.3,50.9,60.0,1,5,94,100.0,100.0,95.7,0,7,1,146,0,0,0,146,96,96,146,0,50,0
Jacob Nunez,131625,G,NEVADA,8,100.0,0,239,45.3,24.4,54.6,1,5,89,100.0,100.0,95.5,2,7,1,146,0,105,0,146,91,91,41,0,55,0
Ty Chandler,62942,HB,N CAROLINA,13,28.7,0,245,85.9,57.1,69.1,0,3,92,35.4,36.1,97.3,0,4,1,146,0,0,0,508,100,277,0,0,46,0
Shermari Jones,122341,HB,COAST CAR,11,30.7,0,141,86.2,54.5,58.3,0,3,67,29.8,29.1,94.8,1,5,2,145,0,0,0,473,68,234,0,0,77,0
Arland Bruce IV,144849,WR,IOWA,14,53.3,0,192,70.3,67.1,55.0,0,0,1,0.9,0.8,100.0,1,0,0,145,0,0,0,272,1,118,0,0,144,1
CJ Windham,42051,WR,MIDDLE TN,12,39.5,0,224,58.6,,51.7,0,0,0,0.0,0.0,,0,0,0,145,0,0,0,367,0,222,0,0,145,5
Jaylen Warren,98692,HB,OKLA STATE,14,21.6,0,262,79.7,40.5,52.3,1,2,59,19.4,19.0,97.5,0,3,0,145,0,0,0,672,62,327,0,0,83,1
Nate Noel,122249,HB,APP STATE,14,33.2,0,108,80.8,43.7,56.9,4,5,125,60.1,59.4,94.8,0,11,2,144,0,0,0,434,129,217,0,0,15,0
Kyren Williams,97118,HB,NOTRE DAME,12,23.8,0,258,81.2,51.1,61.9,2,5,75,23.5,24.2,94.0,0,8,1,144,0,0,0,606,81,335,0,0,63,0
Isaiah Epps,61360,WR,KENTUCKY,11,44.7,1,202,56.3,,61.5,0,0,0,0.0,0.0,,1,0,0,144,0,0,0,322,0,178,0,0,144,0
Marcus Phillips Jr.,101351,WR,UNLV,12,45.6,0,325,52.0,37.0,58.1,0,1,3,1.8,1.7,83.3,0,1,0,144,0,0,0,316,3,175,0,0,141,6
Barrett Banister,61465,WR,MISSOURI,12,45.4,0,229,66.0,,64.5,0,0,0,0.0,0.0,,0,0,0,144,0,0,0,317,0,173,0,0,144,3
Keric Wheatfall,98730,WR,FRESNO ST,13,28.6,0,169,70.5,,60.8,0,0,0,0.0,0.0,,0,0,0,144,0,0,0,504,0,358,0,0,144,0
Josh McCulloch,81832,T,S ALABAMA,4,100.0,0,288,77.3,76.0,73.3,0,1,52,100.0,100.0,99.0,0,1,0,144,0,0,57,144,58,58,0,87,86,0
Max Borghi,83802,HB,WASH STATE,12,35.0,0,341,88.0,62.6,68.8,1,6,121,54.8,54.4,97.1,0,7,0,144,0,0,0,411,123,226,0,0,21,0
Sage Ennis,122147,TE,CLEMSON,10,70.9,0,140,40.7,73.6,42.8,0,0,14,19.4,20.3,100.0,2,0,0,144,0,0,0,203,15,74,0,0,129,159
Bradley Archer,100623,TE,STANFORD,11,54.2,0,300,46.5,66.1,55.3,0,0,9,7.2,7.6,100.0,0,0,0,143,0,0,0,264,10,131,0,0,133,202
Jarett Garner,77998,WR,DUKE,12,48.5,0,154,57.4,,74.7,0,0,0,0.0,0.0,,1,0,0,143,0,0,0,295,0,152,0,0,143,0
Jaxson Dart,146409,QB,USC,6,37.6,0,326,70.9,,60.0,0,0,0,0.0,0.0,,4,0,0,143,0,0,0,380,0,220,0,0,143,0
Trey Palmer,99248,WR,LSU,11,36.8,0,211,59.3,,80.9,0,0,0,0.0,0.0,,1,0,0,143,0,0,0,389,0,244,0,0,143,1
Forest McKee,57094,FB,UTEP,13,79.0,1,330,59.4,81.5,60.6,0,0,7,15.6,19.1,100.0,1,0,0,143,0,0,0,181,9,47,0,0,134,45
Blaine Green,144653,WR,OKLA STATE,10,40.9,1,262,65.6,74.4,61.7,0,0,13,6.3,7.6,100.0,2,0,0,143,0,0,1,350,17,224,0,0,126,157
Malik Nabers,146759,WR,LSU,11,38.2,0,211,70.1,,72.5,0,0,0,0.0,0.0,,0,0,0,142,0,0,0,372,0,228,0,0,142,3
John Rhys Plumlee,97602,WR,OLE MISS,12,47.8,0,226,68.0,,53.5,0,0,0,0.0,0.0,,1,0,0,142,0,0,0,297,0,145,0,0,142,3
CJ Dippre,144888,TE,MARYLAND,13,67.3,0,215,63.7,77.0,74.0,0,0,23,25.6,26.6,100.0,0,0,0,142,0,0,0,211,25,94,0,0,117,189
JC Latham,146596,G,ALABAMA,9,100.0,0,103,75.0,53.4,77.9,2,2,55,100.0,100.0,96.4,0,4,0,142,0,0,0,142,56,56,135,5,86,2
Jashaun Corbin,83773,HB,FLORIDA ST,12,30.0,0,167,75.4,71.0,49.3,0,4,77,30.0,31.1,97.4,0,4,0,142,0,0,0,474,85,273,0,0,57,0
Ahmari Huggins-Bruce,144160,WR,LOUISVILLE,13,44.1,0,210,69.8,,54.7,0,0,0,0.0,0.0,,2,0,0,141,0,0,0,320,0,178,0,0,141,0
Melvin Hill,52107,WR,UMASS,12,48.1,0,216,59.4,,77.3,0,0,0,0.0,0.0,,1,0,0,141,0,0,0,293,0,151,0,0,141,0
Jadan Blue,61705,WR,TEMPLE,8,35.8,0,306,57.7,,49.9,0,0,0,0.0,0.0,,0,0,0,141,0,0,0,394,0,250,0,0,141,4
Matt Sykes,131812,WR,UCLA,11,72.3,0,324,52.4,,58.4,0,0,0,0.0,0.0,,1,0,0,141,0,0,0,195,0,54,0,0,141,6
Montana Lemonious-Craig,131686,WR,COLORADO,10,57.1,0,143,60.5,,65.1,0,0,0,0.0,0.0,,1,0,0,140,0,0,0,245,0,105,0,0,140,6
Jerome Ford,83601,HB,CINCINNATI,13,23.9,0,138,86.1,47.3,50.8,1,2,81,27.2,27.1,96.9,0,4,1,140,0,0,0,585,84,310,0,0,56,0
Evan Buss,130543,T,N ILLINOIS,12,99.3,0,254,47.1,18.0,52.8,0,3,19,95.0,95.2,92.1,1,3,0,140,0,0,33,141,20,21,0,1,120,107
Robert Mervin,122030,C,UTEP,6,100.0,0,330,50.5,62.7,48.4,0,2,60,100.0,100.0,98.3,1,2,0,140,128,7,0,140,64,64,5,0,76,0
Jordon Brookshire,98678,QB,S DIEGO ST,6,42.7,0,284,70.8,,60.0,0,0,0,0.0,0.0,,0,0,0,140,0,0,0,328,0,160,0,0,140,0
DJ England-Chisolm,97068,WR,MIDDLE TN,12,38.1,0,224,64.0,,56.5,0,0,0,0.0,0.0,,0,0,0,139,0,0,0,365,0,219,0,0,139,0
Micah Mazzccua,122273,G,BAYLOR,10,100.0,0,118,70.8,57.3,74.3,1,2,59,100.0,100.0,97.5,1,3,0,139,0,139,0,139,59,59,0,0,80,0
Trey Knox,98359,TE,ARKANSAS,12,56.7,0,111,59.5,40.6,48.0,0,3,14,11.9,13.1,82.1,2,4,1,139,0,0,0,245,16,122,0,1,123,130
Tyger Goslin,77634,FB,NAVY,12,76.0,1,237,53.9,78.7,53.7,0,0,3,8.6,10.5,100.0,1,0,0,139,0,0,0,183,4,38,0,0,135,6
KeSean Carter,78146,WR,HOUSTON,9,36.9,0,182,67.2,,59.1,0,0,0,0.0,0.0,,0,0,0,139,0,0,0,377,0,238,0,0,139,0
Champ Flemings,52125,WR,OREGON ST,13,48.3,0,265,66.1,,61.0,0,0,0,0.0,0.0,,1,0,0,139,0,0,0,288,0,147,0,0,139,0
Deshon Stoudemire,147246,WR,TROY,12,36.7,0,318,65.6,,56.2,0,0,0,0.0,0.0,,1,0,0,139,0,0,0,379,0,240,0,0,139,1
Tyler Stephens,98494,TE,BUFFALO,12,40.9,0,126,55.0,55.1,54.7,0,0,11,5.8,6.1,100.0,0,0,0,138,0,0,0,337,13,212,0,0,125,202
Wade Meacham,81902,G,UTAH ST,10,100.0,0,329,53.5,49.1,52.6,0,1,71,100.0,100.0,99.3,0,1,0,138,13,103,0,138,76,76,21,0,62,0
Andrew Erickson,84333,WR,NEW MEXICO,10,46.2,0,241,51.5,,51.7,0,0,0,0.0,0.0,,1,0,0,138,0,0,0,299,0,160,0,0,138,1
Matt Myers,77698,QB,BUFFALO,10,44.1,0,126,61.4,62.2,60.0,0,0,1,0.8,0.7,100.0,1,0,0,138,0,0,0,313,1,135,0,0,137,0
Chandler Rogers,98683,QB,LA MONROE,12,29.0,0,209,63.4,,60.0,0,0,0,0.0,0.0,,1,0,0,138,0,0,0,476,0,241,0,0,138,0
Jalen Moreno-Cropper,97273,WR,FRESNO ST,13,24.2,0,169,79.0,,54.6,0,0,0,0.0,0.0,,0,0,0,138,0,0,0,571,0,417,0,0,138,6
Wayne Taulapapa,91020,HB,VIRGINIA,10,38.7,1,335,72.3,71.2,47.0,0,3,76,33.9,34.3,96.7,2,4,1,138,0,0,0,357,81,236,0,0,57,1
Jordan White,123439,G,W VIRGINIA,4,100.0,0,343,62.6,70.2,62.7,0,0,65,100.0,100.0,96.9,1,2,2,138,8,24,0,138,69,69,106,0,69,0
Jalin Hyatt,124282,WR,TENNESSEE,13,42.7,0,307,56.9,,54.7,0,0,0,0.0,0.0,,1,0,0,137,0,0,0,321,0,184,0,0,137,1
Rasheen Ali,121717,HB,MARSHALL,13,19.2,0,214,82.8,57.4,51.6,0,1,97,24.1,24.1,98.5,1,2,1,137,0,0,0,713,102,423,0,0,35,0
Gunner Britton,81937,T,W KENTUCKY,14,97.9,0,346,84.4,61.7,88.1,1,4,63,95.5,95.8,94.4,0,6,1,137,0,1,113,140,69,72,0,2,68,24
Demond Demas,124313,WR,TEXAS A&M,10,39.5,0,312,54.9,,53.6,0,0,0,0.0,0.0,,1,0,0,137,0,0,0,347,0,210,0,0,137,0
Sam James,78123,WR,W VIRGINIA,13,29.6,0,343,63.2,,53.8,0,0,0,0.0,0.0,,0,0,0,137,0,0,0,463,0,324,0,0,137,2
Kurt Rafdal,60971,TE,BOISE ST,12,56.9,0,120,61.7,71.3,70.7,1,0,20,17.2,16.3,97.5,1,1,0,136,0,0,1,239,20,123,0,1,116,109
Jalen Brooks,111284,WR,S CAROLINA,6,41.8,0,289,57.3,,33.8,0,0,0,0.0,0.0,,2,0,0,136,0,0,0,325,0,189,0,0,136,7
Broc Thompson,97867,WR,PURDUE,13,32.7,0,273,64.4,,60.2,0,0,0,0.0,0.0,,1,0,0,136,0,0,0,416,0,280,0,0,136,0
Tautai Li'o Marks,128158,G,COLO STATE,8,100.0,0,144,58.3,57.1,56.3,2,2,75,100.0,100.0,97.3,0,4,0,135,0,99,0,135,78,78,27,1,57,8
Reggie Todd,61462,WR,TROY,7,39.1,0,318,62.0,,49.6,0,0,0,0.0,0.0,,0,0,0,135,0,0,0,345,0,209,0,0,135,3
Kennedy Brooks,57371,HB,OKLAHOMA,13,26.4,0,261,88.0,49.3,70.4,1,6,74,30.6,30.5,92.6,0,9,2,135,0,0,0,512,78,256,0,0,57,0
Quintin Wilson,53330,G,KENTUCKY,9,100.0,0,202,65.7,49.9,66.8,0,1,56,100.0,100.0,97.3,0,2,1,135,31,84,0,135,58,58,20,0,77,0
Jeremiah Crawford,146929,T,TENNESSEE,7,100.0,0,307,72.0,28.4,80.1,2,1,53,100.0,100.0,97.2,0,3,0,135,0,0,64,135,57,57,0,71,78,0
Remi Simmons,84427,WR,C MICHIGAN,13,45.2,0,134,63.1,,65.6,0,0,0,0.0,0.0,,0,0,0,135,0,0,0,299,0,164,0,0,135,0
Ken Seals,124359,QB,VANDERBILT,8,32.9,0,333,55.0,,60.0,0,0,0,0.0,0.0,,2,0,0,135,0,0,0,410,0,254,0,0,135,0
Randle Jones,42142,WR,TEMPLE,8,37.7,2,306,63.6,,63.6,0,0,0,0.0,0.0,,4,0,0,134,0,0,0,355,0,217,0,0,134,0
Tyrin Smith,145487,WR,UTEP,13,33.6,0,330,68.0,,60.4,0,0,0,0.0,0.0,,1,0,0,134,0,0,0,399,0,265,0,0,134,0
Teddy Prochazka,145004,T,NEBRASKA,5,99.3,0,238,68.2,54.2,68.5,1,3,42,97.7,97.9,95.2,0,4,0,134,0,0,129,135,46,47,0,0,88,6
Luke Benson,99708,TE,SYRACUSE,10,75.7,0,304,48.8,70.7,53.4,0,1,16,29.1,27.1,96.9,1,1,0,134,0,0,0,177,16,59,0,0,118,133
Jeff Sims,122496,QB,GA TECH,7,32.6,0,176,69.0,,60.0,0,0,0,0.0,0.0,,1,0,0,134,0,0,0,411,0,230,0,0,134,0
Chandler Speights,61721,WR,TEXAS ST,12,43.5,0,314,49.6,,52.2,0,0,0,0.0,0.0,,2,0,0,134,0,0,0,308,0,174,0,0,134,3
Ja'Corey Brooks,146587,WR,ALABAMA,12,41.1,0,103,63.4,,72.7,0,0,0,0.0,0.0,,0,0,0,134,0,0,0,326,0,192,0,0,134,0
Thayer Thomas,61515,WR,NC STATE,12,27.9,0,248,74.5,,55.1,0,0,0,0.0,0.0,,0,0,0,133,0,0,0,476,0,339,0,0,133,2
Ketron Jackson Jr.,146624,WR,ARKANSAS,13,53.8,0,111,55.9,,62.6,0,0,0,0.0,0.0,,1,0,0,133,0,0,0,247,0,114,0,0,133,0
Braydon Bennett,122318,HB,COAST CAR,13,42.5,0,141,79.5,46.0,48.8,0,1,15,12.6,13.0,90.0,0,2,1,133,0,0,0,313,16,123,0,0,117,0
Henry Teeter,87629,TE,TEXAS TECH,12,79.6,0,315,64.0,77.6,62.0,0,1,25,44.6,45.0,98.0,0,1,0,133,0,0,0,167,27,60,0,0,106,102
Elijah Queen,128276,WR,NEW MEXICO,10,59.4,0,241,53.4,62.1,52.2,0,0,1,1.1,1.1,100.0,1,0,0,133,0,0,0,224,1,92,0,0,132,1
Billy Dozier,130549,WR,N ILLINOIS,12,89.9,0,254,56.5,,58.4,0,0,0,0.0,0.0,,0,0,0,133,0,0,0,148,0,15,0,0,133,3
Christian Turner,83703,HB,WAKE,14,38.8,0,339,65.5,70.8,59.4,1,7,113,60.8,60.4,96.5,0,8,0,133,0,0,0,343,122,202,0,0,11,0
Miller Gibbs,83927,TE,APP STATE,13,74.7,0,108,71.4,57.0,82.4,1,1,15,25.4,25.0,93.3,0,2,0,133,0,0,0,178,15,60,0,0,118,122
Dacari Collins,144111,WR,CLEMSON,9,51.8,0,140,65.3,,65.6,0,0,0,0.0,0.0,,1,0,0,133,0,0,0,257,0,124,0,0,133,0
E.J. Scott,52024,WR,COLO STATE,11,45.4,0,144,60.4,70.8,65.5,0,0,2,1.3,1.3,100.0,0,0,0,132,0,0,0,291,2,157,0,0,130,21
Tyrion Davis-Price,99169,HB,LSU,12,24.5,0,211,78.5,88.3,35.7,1,2,115,38.2,37.6,98.7,1,3,0,132,0,0,0,538,117,311,0,0,15,0
Austin Jones,97183,HB,STANFORD,11,28.2,0,300,64.2,25.7,63.0,1,7,84,28.1,29.6,92.9,2,10,2,132,0,0,0,468,95,321,0,0,37,0
Tyrone Howell,144588,WR,KANSAS ST,12,52.2,1,199,60.8,,61.1,0,0,0,0.0,0.0,,1,0,0,132,0,0,0,253,0,121,0,0,132,0
Turon Ivy Jr.,83983,TE,COAST CAR,11,69.8,0,141,55.0,70.8,59.8,0,0,25,31.3,30.5,100.0,0,0,0,132,0,0,0,189,25,82,0,0,107,184
Brian Driscoll,100534,G,CAL,6,100.0,0,130,66.1,57.7,68.0,1,2,76,100.0,100.0,98.0,0,3,0,132,0,33,0,132,82,82,96,0,50,0
Jaylen Erwin,98750,WR,HOUSTON,14,41.6,0,182,54.6,,51.4,0,0,0,0.0,0.0,,1,0,0,131,0,0,0,315,0,184,0,0,131,0
Ayden Eberhardt,40554,WR,WYOMING,8,39.8,0,351,70.0,,66.2,0,0,0,0.0,0.0,,0,0,0,131,0,0,0,329,0,195,0,0,131,1
Devin Boddie Jr.,98557,WR,VANDERBILT,12,34.7,0,333,61.6,,54.3,0,0,0,0.0,0.0,,2,0,0,131,0,0,0,378,0,244,0,0,131,2
Isaiah Washington,98102,WR,RUTGERS,12,44.0,0,278,61.7,,64.4,0,0,0,0.0,0.0,,1,0,0,131,0,0,0,298,0,167,0,0,131,0
Aaron Pyron,98235,G,GA SOUTHRN,5,100.0,0,174,45.8,51.9,45.4,0,1,59,100.0,100.0,99.2,1,1,0,131,0,0,0,131,60,60,131,0,71,0
Rayonte Brown,98479,T,UCONN,3,100.0,0,146,60.2,50.5,61.9,0,2,65,100.0,100.0,98.5,0,2,0,131,0,0,130,131,70,70,0,0,61,0
Jelani Woods,60509,TE,VIRGINIA,11,27.1,0,335,77.1,65.8,51.6,0,0,19,5.4,5.1,100.0,0,0,0,131,0,0,2,484,19,371,0,1,112,370
De'Montre Tuggle,98688,HB,OHIO,12,32.3,0,259,77.8,22.1,49.4,0,5,43,26.2,25.8,89.5,0,7,2,130,0,0,0,403,47,182,0,0,83,0
EJ Ndoma-Ogar,99433,G,MISSOURI,4,100.0,0,229,64.4,72.7,64.8,0,1,46,100.0,100.0,98.9,1,1,0,130,0,0,0,130,47,47,130,0,83,0
Andrew Parchment,41928,WR,FLORIDA ST,11,34.4,0,167,60.5,,59.5,0,0,0,0.0,0.0,,5,0,0,130,0,0,0,378,0,248,0,0,130,0
Kalani Norris,97458,WR,GA TECH,10,49.1,0,176,61.0,,56.4,0,0,0,0.0,0.0,,1,0,0,130,0,0,0,265,0,135,0,0,130,0
JT Hand,146247,G,ARIZONA,3,100.0,0,109,62.5,64.9,60.6,0,2,70,100.0,100.0,98.6,0,2,0,130,0,111,0,130,74,74,16,0,56,3
Taysir Mack,41635,WR,PITTSBURGH,8,31.9,0,268,62.0,,48.7,0,0,0,0.0,0.0,,1,0,0,130,0,0,0,407,0,275,0,0,130,1
Taylor Powell,60459,QB,TROY,6,36.4,0,318,76.9,62.2,60.4,0,0,1,0.5,0.5,100.0,2,0,0,130,0,0,0,357,1,221,0,0,129,0
Donovan Smith,73929,QB,TEXAS TECH,11,38.2,0,315,75.9,,60.1,0,0,0,0.0,0.0,,1,0,0,130,0,0,0,340,0,173,0,0,130,0
Andrel Anthony,144916,WR,MICHIGAN,12,48.3,0,222,66.2,,53.5,0,0,0,0.0,0.0,,1,0,0,130,0,0,0,269,0,138,0,0,130,0
Aron Cruickshank,84516,WR,RUTGERS,6,47.3,0,278,71.2,62.2,72.1,0,0,1,0.8,0.7,100.0,0,0,0,130,0,0,0,275,1,140,0,0,129,1
Luke Petitbon,123396,G,WAKE,8,100.0,0,339,57.7,69.7,53.9,0,0,66,100.0,100.0,100.0,1,0,0,130,39,0,0,130,67,67,91,0,63,0
Jack Hasz,145666,C,BUFFALO,6,100.0,0,126,57.7,31.1,60.9,3,0,42,100.0,100.0,94.0,0,4,1,130,100,30,0,130,49,49,0,0,81,0
Jaden Walley,124189,WR,MISS STATE,13,21.8,0,227,64.0,,37.0,0,0,0,0.0,0.0,,1,0,0,130,0,0,0,597,0,467,0,0,130,0
Andre Williams,61097,WR,AKRON,9,36.5,0,102,53.2,,68.9,0,0,0,0.0,0.0,,1,0,0,130,0,0,0,356,0,226,0,0,130,0
Spencer Rattler,97408,QB,OKLAHOMA,9,34.6,0,261,86.1,62.2,60.0,0,0,1,0.5,0.4,100.0,3,0,0,129,0,0,0,373,1,225,0,0,128,0
Cade Klimczak,130440,G,C MICHIGAN,2,100.0,0,134,68.6,64.1,68.1,0,1,43,100.0,100.0,98.8,0,1,0,129,0,0,0,129,49,49,129,0,80,0
Jason Brown,109060,QB,S CAROLINA,7,48.9,0,289,50.3,,60.4,0,0,0,0.0,0.0,,2,0,0,129,0,0,0,264,0,130,0,0,129,0
Bryce Mitchell,55370,WR,TOLEDO,8,41.2,1,316,56.5,,58.6,0,0,0,0.0,0.0,,5,0,0,129,0,0,0,313,0,184,0,0,129,0
Kobe Hudson,123989,WR,AUBURN,12,33.4,0,115,76.2,69.9,60.6,0,0,4,1.6,1.5,100.0,1,0,0,129,0,0,0,386,4,261,0,0,125,0
Jalen Williams,40127,WR,LA LAFAYET,12,38.6,0,207,53.8,54.1,50.5,0,0,1,0.5,0.5,0.0,1,1,1,129,0,0,0,334,1,206,0,0,128,0
Reese White,97197,HB,COAST CAR,9,44.3,0,141,76.6,34.7,55.9,0,4,40,31.5,32.6,95.0,0,4,0,129,0,0,0,291,43,132,0,0,86,1
Kairee Robinson,101299,HB,S JOSE ST,12,34.5,1,285,65.8,67.8,65.1,0,2,86,33.6,34.3,97.7,1,3,1,129,0,0,0,374,93,271,0,0,36,0
Michael Penix Jr.,82134,QB,INDIANA,5,40.3,0,190,69.7,,60.0,0,0,0,0.0,0.0,,1,0,0,128,0,0,0,318,0,181,0,0,128,0
Blake Fisher,147479,T,NOTRE DAME,2,100.0,0,258,66.8,78.4,60.4,0,1,91,100.0,100.0,98.4,1,2,1,128,0,0,37,128,93,93,0,91,35,0
Tre'Shaun Harrison,77958,WR,OREGON ST,13,45.7,1,265,71.9,,52.0,0,0,0,0.0,0.0,,3,0,0,128,0,0,0,280,0,147,0,0,128,2
Keontez Lewis,146387,WR,UCLA,11,61.8,0,324,49.6,,55.1,0,0,0,0.0,0.0,,0,0,0,128,0,0,0,207,0,79,0,0,128,0
Keyshawn Helton,77954,WR,FLORIDA ST,10,35.8,0,167,66.2,,42.0,0,0,0,0.0,0.0,,0,0,0,128,0,0,0,358,0,230,0,0,128,0
Nikko Remigio,84150,WR,CAL,11,29.4,0,130,62.7,,62.4,0,0,0,0.0,0.0,,2,0,0,128,0,0,0,436,0,301,0,0,128,8
Christopher Toudle,99705,TE,NC STATE,12,40.1,0,248,52.4,36.2,37.5,0,2,15,7.6,7.7,93.3,1,2,0,128,0,0,0,319,16,207,0,0,112,183
Mario Williams,144620,WR,OKLAHOMA,12,40.1,0,261,77.9,,62.0,0,0,0,0.0,0.0,,1,0,0,127,0,0,0,317,0,188,0,0,127,0
Rick Wells,42268,WR,FLORIDA,11,48.7,0,163,75.9,,50.6,0,0,0,0.0,0.0,,3,0,0,127,0,0,0,261,0,133,0,0,127,0
Robert Lewis,123858,WR,GA STATE,12,56.7,0,175,66.1,,67.8,0,0,0,0.0,0.0,,0,0,0,127,0,0,0,224,0,94,0,0,127,0
Deon McIntosh,41088,HB,WASH STATE,11,40.7,0,341,80.9,64.3,50.4,2,6,112,61.2,61.7,94.6,1,10,2,127,0,0,0,312,116,188,0,0,11,0
Brian Polendey,60955,TE,COLO STATE,12,79.9,0,144,48.5,69.7,55.2,0,1,22,40.7,41.8,97.7,2,1,0,127,0,0,0,159,23,55,0,0,104,152
Alex Padilla,86285,QB,IOWA,9,47.7,0,192,64.8,,60.0,0,0,0,0.0,0.0,,1,0,0,127,0,0,0,266,0,127,0,0,127,0
Jackson Powers-Johnson,146550,G,OREGON,7,100.0,0,264,70.1,85.9,68.4,0,1,62,100.0,100.0,99.2,1,1,0,126,20,26,0,126,67,67,80,0,59,0
Emery Simmons,99584,WR,N CAROLINA,7,38.9,0,245,59.3,,63.7,0,0,0,0.0,0.0,,0,0,0,126,0,0,0,324,0,198,0,0,126,0
Sammy Wheeler,77678,TE,KANSAS ST,13,47.7,0,199,56.3,51.1,50.9,0,1,13,9.1,8.6,96.2,0,1,0,126,0,0,0,264,13,151,0,0,113,185
Ra'Shaun Henry,109832,WR,VIRGINIA,12,22.2,0,335,63.7,,81.6,0,0,0,0.0,0.0,,3,0,0,126,0,0,0,568,0,442,0,0,126,1
Wanya Morris,98247,T,OKLAHOMA,6,100.0,0,261,60.7,78.9,50.3,0,1,72,100.0,100.0,96.5,2,3,2,126,0,0,80,126,76,76,0,46,50,0
Connor Witthoft,128287,TE,NEW MEXICO,8,71.2,0,241,55.6,56.0,43.4,0,2,21,30.4,29.2,95.2,0,2,0,126,0,0,0,177,21,72,0,0,105,108
Zavier Betts,129674,WR,NEBRASKA,11,44.5,0,238,66.7,,61.6,0,0,0,0.0,0.0,,0,0,0,126,0,0,0,283,0,155,0,0,126,1
Parker Bisek,98060,G,TOLEDO,5,100.0,0,316,66.7,65.3,70.6,0,1,46,100.0,100.0,98.9,2,1,0,126,24,0,0,126,46,46,102,0,80,0
Darryl Jones,84286,WR,MARYLAND,13,34.5,0,215,62.1,,71.0,0,0,0,0.0,0.0,,0,0,0,126,0,0,0,365,0,238,0,0,126,0
Michael Carmody,122896,T,NOTRE DAME,6,99.2,1,258,53.4,64.0,51.1,0,0,72,98.6,98.7,95.8,2,3,3,125,0,0,118,126,75,76,0,0,50,8
T.J. Finley,124093,QB,AUBURN,9,44.2,0,115,66.8,,60.0,0,0,0,0.0,0.0,,0,0,0,125,0,0,0,283,0,149,0,0,125,0
Tez Johnson,123709,WR,TROY,12,27.1,0,318,70.1,,49.8,0,0,0,0.0,0.0,,0,0,0,124,0,0,0,457,0,330,0,0,124,0
Corey Dyches,129504,TE,MARYLAND,13,45.3,0,215,58.4,54.4,51.9,0,0,10,6.4,6.8,100.0,1,0,0,124,0,0,0,274,11,161,0,0,113,204
Bryce Ramer,77332,G,OHIO,8,100.0,0,259,61.2,65.8,58.5,0,4,70,100.0,100.0,97.1,0,4,0,124,0,124,0,124,75,75,0,0,49,0
Justin Robinson,124036,WR,GEORGIA,8,71.7,0,173,43.6,,47.4,0,0,0,0.0,0.0,,2,0,0,124,0,0,0,173,0,49,0,0,124,0
Jha'Quan Jackson,101135,WR,TULANE,12,38.5,0,319,60.6,,54.5,0,0,0,0.0,0.0,,0,0,0,124,0,0,0,322,0,195,0,0,124,1
Tyler Warren,129798,TE,PENN STATE,13,54.2,0,266,70.2,68.5,82.0,0,0,16,14.7,13.9,100.0,0,0,0,123,0,0,0,227,16,115,0,0,107,115
Josh Ilaoa,123039,C,SYRACUSE,6,99.2,0,304,43.1,23.8,54.9,1,2,55,98.2,98.4,95.5,2,4,1,123,98,19,0,124,60,61,3,0,63,4
Dontayvion Wicks,99711,WR,VIRGINIA,12,24.0,2,335,78.8,,51.5,0,0,0,0.0,0.0,,3,0,0,123,0,0,0,513,0,390,0,0,123,0
Luke McCaffrey,101634,QB,RICE,9,53.5,0,275,49.6,,60.1,0,0,0,0.0,0.0,,2,0,0,123,0,0,0,230,0,83,0,0,123,0
Davis Koetter,52163,WR,BOISE ST,11,43.3,1,120,58.7,,80.8,0,0,0,0.0,0.0,,2,0,0,123,0,0,0,284,0,161,0,0,123,1
Gabriel Rogers,100921,WR,MEMPHIS,9,35.1,0,218,56.0,,39.1,0,0,0,0.0,0.0,,0,0,0,123,0,0,0,350,0,219,0,0,123,1
Ronald Awatt,57461,HB,UTEP,13,34.2,0,330,76.2,61.8,58.3,1,4,105,59.3,61.1,96.7,0,6,1,123,0,0,0,360,118,193,0,0,5,0
Jake Clemons,122176,TE,CHARLOTTE,11,67.0,0,136,59.7,70.5,61.4,0,1,23,28.0,30.2,97.8,1,1,0,122,0,0,0,182,26,86,0,0,96,168
Kaden Prather,144780,WR,W VIRGINIA,9,48.2,1,343,63.8,,65.1,0,0,0,0.0,0.0,,1,0,0,122,0,0,0,253,0,131,0,0,122,2
Josh Johnson,61390,WR,LOUISVILLE,12,50.6,0,210,61.5,,51.3,0,0,0,0.0,0.0,,1,0,0,122,0,0,0,241,0,119,0,0,122,0
Dannis Jackson,97594,WR,OLE MISS,10,47.8,0,226,64.1,,54.5,0,0,0,0.0,0.0,,3,0,0,122,0,0,0,255,0,133,0,0,122,0
Tyrell Smith,46331,T,VA TECH,8,100.0,0,337,68.8,77.2,70.9,1,0,57,100.0,100.0,99.1,2,1,0,122,0,0,33,122,57,57,0,87,65,0
Josh Sterzer,128399,TE,UTAH ST,13,74.8,0,329,52.1,38.1,55.8,0,2,26,41.9,38.8,92.3,0,3,1,122,0,0,0,163,26,67,0,0,96,105
Kai Puailoa-Rojas,121867,FB,NAVY,12,76.1,0,237,67.0,76.9,54.3,0,0,3,11.5,10.7,100.0,1,0,0,121,0,0,0,159,3,28,0,0,118,0
Jordan Rhodes,60062,G,OLE MISS,8,100.0,1,226,52.1,50.6,55.2,0,2,37,100.0,100.0,94.6,4,3,1,121,0,114,0,121,37,37,0,0,84,6
Marvin Harrison Jr.,145056,WR,OHIO STATE,12,47.5,0,260,60.5,,62.6,0,0,0,0.0,0.0,,2,0,0,121,0,0,0,255,0,134,0,0,121,0
Deuce Vaughn,122624,HB,KANSAS ST,13,19.9,0,199,91.6,15.2,65.0,3,6,52,17.7,18.8,91.3,1,9,0,121,0,0,0,609,58,308,0,0,63,1
Stone Smartt,60492,WR,DOMINION,8,39.5,1,263,57.3,,48.9,0,0,0,0.0,0.0,,2,0,0,121,0,0,0,306,0,180,0,0,121,0
Amarius Mims,146719,T,GEORGIA,9,100.0,0,173,73.5,60.3,72.6,0,1,37,100.0,100.0,98.6,0,1,0,121,0,0,0,121,38,38,0,121,83,0
Kamuela Borden,75848,TE,HAWAII,13,88.2,0,180,71.5,57.2,67.6,1,0,10,41.7,42.9,95.0,1,1,0,120,0,0,7,136,12,28,0,0,108,125
Jace Ruder,77680,QB,N TEXAS,8,47.1,0,251,54.9,,60.1,0,0,0,0.0,0.0,,2,0,0,120,0,0,0,255,0,118,0,0,120,0
Luke Coleman,101028,C,NAVY,4,100.0,0,237,42.7,0.0,53.7,1,3,23,100.0,100.0,91.3,0,4,0,120,120,0,0,120,25,25,0,0,95,0
Roderick Daniels Jr.,144356,WR,SMU,12,45.3,1,287,62.6,,54.6,0,0,0,0.0,0.0,,2,0,0,120,0,0,0,265,0,145,0,0,120,0
Travis Dye,83738,HB,OREGON,14,19.7,0,264,84.5,38.9,62.0,1,1,44,14.1,14.4,95.5,1,3,1,120,0,0,0,610,47,327,0,0,73,0
Wyatt Liewer,84324,WR,NEBRASKA,11,56.6,0,238,51.2,,62.5,0,0,0,0.0,0.0,,1,0,0,120,0,0,0,212,0,92,0,0,120,4
Sean Tyler,97124,HB,W MICHIGAN,13,26.2,0,347,79.6,87.1,54.4,0,1,65,30.1,32.3,99.2,1,1,0,120,0,0,0,458,75,232,0,0,45,0
Chase Brown,77787,HB,ILLINOIS,10,28.1,0,187,81.0,54.0,64.7,3,4,79,37.8,40.0,95.6,2,7,0,120,0,0,0,427,88,220,0,0,32,0
Tyler Vitt,83566,QB,TEXAS ST,5,37.7,0,314,63.9,,60.0,0,0,0,0.0,0.0,,1,0,0,119,0,0,0,316,0,159,0,0,119,0
Chase Lane,99205,WR,TEXAS A&M,7,46.3,0,312,60.7,,79.0,0,0,0,0.0,0.0,,0,0,0,119,0,0,0,257,0,138,0,0,119,3
Luke Doty,124230,QB,S CAROLINA,5,37.9,0,289,61.3,62.2,60.0,0,0,1,0.6,0.5,100.0,1,0,0,119,0,0,0,314,1,188,0,0,118,0
Spencer Webb,84033,TE,OREGON,14,43.1,0,264,41.1,59.7,42.5,0,0,6,3.8,3.7,100.0,0,0,0,119,0,0,0,276,6,163,0,0,113,198
Jordan Whittington,97623,WR,TEXAS,8,41.2,0,311,75.6,,67.7,0,0,0,0.0,0.0,,1,0,0,119,0,0,0,289,0,169,0,0,119,1
Carlos Sandy,84215,WR,ILLINOIS,12,62.3,0,187,54.4,,70.0,0,0,0,0.0,0.0,,1,0,0,119,0,0,0,191,0,72,0,0,119,1
Landry Weber,61349,WR,KANSAS ST,13,41.4,0,199,61.9,,58.9,0,0,0,0.0,0.0,,0,0,0,118,0,0,0,285,0,167,0,0,118,0
Marcus Williams Jr.,40600,HB,LA TECH,12,23.2,0,208,75.2,30.5,65.2,1,7,91,32.7,32.9,95.6,0,8,0,118,0,0,0,509,97,295,0,0,21,0
Will Shipley,144138,HB,CLEMSON,10,30.6,0,140,73.7,34.9,51.5,0,6,60,35.3,35.6,93.3,1,7,1,118,0,0,0,385,64,180,0,0,54,0
DeMarcus Harris,99244,WR,KENTUCKY,13,41.8,0,202,63.5,,73.4,0,0,0,0.0,0.0,,0,0,0,118,0,0,0,282,0,164,0,0,118,0
Kardell Thomas,99101,G,LSU,5,100.0,0,211,57.7,38.3,60.9,1,2,70,100.0,100.0,96.4,0,4,1,118,0,0,0,118,71,71,118,0,47,0
Samson Evans,84228,HB,E MICHIGAN,12,33.4,0,160,75.8,65.5,54.0,1,2,78,33.8,35.3,95.5,0,5,2,118,0,0,0,353,84,238,0,0,34,0
Peace Addo,77574,T,DUKE,9,100.0,0,154,60.0,46.7,65.3,1,1,50,100.0,100.0,98.0,1,2,0,118,0,0,110,118,51,51,0,8,67,0
Abram Smith,57158,HB,BAYLOR,14,23.3,0,118,90.2,42.6,73.3,2,4,55,31.4,33.2,92.7,1,7,1,118,0,0,0,506,61,184,0,0,57,0
David Bailey,77792,HB,COLO STATE,11,24.5,0,144,75.8,53.3,59.0,3,3,75,32.2,32.0,96.0,1,6,0,118,0,0,0,482,77,241,0,0,41,0
Trevis Graham,102925,WR,TEXAS ST,11,47.0,0,314,80.3,,62.2,0,0,0,0.0,0.0,,0,0,0,118,0,0,0,251,0,133,0,0,118,0
Melquan Stovall,74267,WR,NEVADA,12,19.1,0,239,60.7,,41.7,0,0,0,0.0,0.0,,2,0,0,118,0,0,0,618,0,499,0,0,118,1
Austin Upshaw,60528,WR,SMU,10,46.8,0,287,59.4,,55.5,0,0,0,0.0,0.0,,0,0,0,118,0,0,0,252,0,134,0,0,118,0
Justice Ellison,123383,HB,WAKE,11,41.3,0,339,76.2,53.5,60.2,0,6,102,65.0,64.5,95.1,0,8,2,118,0,0,0,286,107,166,0,0,11,0
Henry Colombi,60583,QB,TEXAS TECH,7,37.4,0,315,80.0,,60.0,0,0,0,0.0,0.0,,0,0,0,117,0,0,0,313,0,185,0,0,117,0
Ben Sinnott,122616,TE,KANSAS ST,12,69.2,0,199,45.6,55.6,50.7,0,0,12,20.3,21.0,100.0,3,0,0,117,0,0,0,169,13,62,0,0,104,120
Bernard Porter,100203,WR,BUFFALO,10,52.5,0,126,62.0,,61.1,0,0,0,0.0,0.0,,1,0,0,117,0,0,0,223,0,106,0,0,117,0
Michael Ezeike,84464,TE,UCLA,12,76.0,0,324,62.0,44.6,61.1,0,0,8,17.8,19.6,100.0,1,0,0,117,0,0,1,154,9,46,0,2,108,121
Rhett Rodriguez,60332,QB,LA MONROE,6,37.4,1,209,45.1,,60.0,0,0,0,0.0,0.0,,1,0,0,117,0,0,0,313,0,177,0,0,117,0
Jordan Kerley,100659,WR,SMU,9,47.6,0,287,63.4,,60.7,0,0,0,0.0,0.0,,0,0,0,117,0,0,0,246,0,129,0,0,117,0
Landon Tengwall,145088,T,PENN STATE,3,100.0,0,266,81.9,85.2,79.4,1,1,65,100.0,100.0,98.5,0,2,0,117,0,16,81,117,66,66,20,0,51,0
Chris Rodriguez Jr.,83689,HB,KENTUCKY,13,22.7,1,202,85.2,45.9,63.4,0,2,60,26.7,26.7,98.3,1,2,0,116,0,0,0,512,62,232,0,0,54,0
Jayden Harrison,98556,WR,MARSHALL,13,45.8,0,214,67.6,,68.7,0,0,0,0.0,0.0,,0,0,0,116,0,0,0,253,0,137,0,0,116,2
Nate Carter,147376,HB,UCONN,12,25.0,0,146,68.4,42.0,57.5,0,5,65,23.5,25.8,94.6,0,6,1,116,0,0,0,464,77,298,0,0,39,0
Ashtyn Hawkins,147222,WR,TEXAS ST,12,42.6,0,314,73.6,,60.8,0,0,0,0.0,0.0,,2,0,0,116,0,0,0,272,0,154,0,0,116,0
Kenneth Walker III,97199,HB,MICH STATE,12,19.2,1,223,89.3,41.3,50.4,0,4,58,22.2,23.2,94.8,1,5,1,116,0,0,0,605,66,284,0,0,50,1
Mike O'Laughlin,77925,TE,W VIRGINIA,5,56.6,0,343,66.4,51.7,80.0,1,1,21,20.2,20.5,95.2,2,2,0,116,0,0,0,205,23,112,0,0,93,151
Andre Johnson,100662,WR,ARIZONA ST,9,42.6,0,110,61.7,,88.8,0,0,0,0.0,0.0,,1,0,0,116,0,0,0,272,0,156,0,0,116,1
Blake Watson,84363,HB,DOMINION,11,22.1,0,263,79.9,48.6,52.5,2,5,74,28.8,29.7,95.3,0,7,0,116,0,0,0,524,80,269,0,0,36,0
Michael Roberts,84128,WR,ARMY,8,82.3,0,114,64.8,69.5,71.1,0,0,2,7.4,7.4,100.0,0,0,0,116,0,0,0,141,2,27,0,0,114,63
Kayden Lyles,60256,C,WISCONSIN,5,100.0,0,349,61.2,60.1,60.0,2,2,52,100.0,100.0,96.2,1,4,0,115,115,0,0,115,53,53,0,0,62,0
Greg Latushko,54472,WR,COAST CAR,12,41.1,0,141,54.9,,59.9,0,0,0,0.0,0.0,,0,0,0,115,0,0,0,280,0,165,0,0,115,0
Cornelius McCoy,84196,WR,GA STATE,8,50.2,0,175,61.1,,59.1,0,0,0,0.0,0.0,,1,0,0,115,0,0,0,229,0,110,0,0,115,0
Jordan Mason,62946,HB,GA TECH,12,35.6,0,176,73.3,42.0,69.3,2,7,71,39.7,37.5,90.8,0,11,2,115,0,0,0,323,72,192,0,0,43,0
Brendan Suckley,75922,FB,RICE,12,79.3,0,275,60.3,51.5,56.8,0,0,12,42.9,40.6,91.7,0,1,1,115,0,0,0,145,13,32,0,0,102,1
Elijah Higgins,98027,WR,STANFORD,10,26.8,0,300,68.2,,61.2,0,0,0,0.0,0.0,,1,0,0,115,0,0,0,429,0,314,0,0,115,11
Dominic Pastucci,60820,G,UTSA,10,100.0,0,331,58.1,46.2,61.8,0,3,54,100.0,100.0,95.4,1,4,1,115,0,22,0,115,55,55,93,0,60,0
Elelyon Noa,128394,HB,UTAH ST,14,32.8,0,329,73.9,78.8,40.5,0,2,89,50.3,50.3,97.8,0,3,1,114,0,0,0,348,96,191,0,0,18,0
Jack DeJarld,145827,TE,MIAMI OH,13,88.4,0,221,52.0,25.1,54.8,0,1,4,22.2,26.3,87.5,0,1,0,114,0,0,0,129,5,19,0,0,109,120
George Qualls Jr.,130313,WR,AKRON,7,36.8,0,102,56.4,,61.5,0,0,0,0.0,0.0,,1,0,0,114,0,0,0,310,0,196,0,0,114,0
Justice McCoy,52034,WR,COLO STATE,12,58.2,0,144,53.3,,57.5,0,0,0,0.0,0.0,,0,0,0,113,0,0,0,194,0,81,0,0,113,49
Nick Pendley,99097,T,GA TECH,4,100.0,0,176,46.6,55.0,51.0,0,2,54,100.0,100.0,96.3,2,3,1,113,0,0,0,113,57,57,27,86,56,0
AJ Mayer,63860,QB,MIAMI OH,7,41.5,0,221,72.7,,60.0,0,0,0,0.0,0.0,,0,0,0,113,0,0,0,272,0,143,0,0,113,0
Tyrese Williams,77454,G,OKLA STATE,4,100.0,0,262,60.5,39.9,62.8,0,4,55,100.0,100.0,94.5,0,5,1,113,6,107,0,113,57,57,0,0,56,0
Ay'Jaun Marshall,121589,WR,ARMY,6,88.3,0,114,70.4,67.9,71.6,0,0,1,9.1,7.1,100.0,0,0,0,113,0,0,0,128,1,14,0,0,112,1
Micah Hilts,98429,TE,TEXAS ST,11,77.9,0,314,64.4,52.7,68.0,0,1,33,52.4,54.3,98.5,2,1,0,113,0,0,1,145,38,70,0,0,75,137
Thomas Gordon,98430,TE,NWESTERN,11,80.1,0,256,56.7,66.8,56.5,0,0,1,4.0,3.4,100.0,0,0,0,113,0,0,0,141,1,29,0,0,112,132
Nick Starkel,40326,QB,S JOSE ST,7,28.5,0,285,64.7,81.4,60.0,0,0,2,0.8,0.7,100.0,2,0,0,113,0,0,0,396,2,280,0,0,111,0
Randall St. Felix,52319,WR,FIU,10,36.8,0,166,60.6,,60.7,0,0,0,0.0,0.0,,1,0,0,113,0,0,0,307,0,194,0,0,113,5
Yusuf Terry,99564,WR,USF,10,56.8,0,327,58.4,,64.3,0,0,0,0.0,0.0,,1,0,0,113,0,0,0,199,0,86,0,0,113,0
Amelio Moran,78300,G,MARYLAND,9,100.0,0,215,52.1,59.6,48.7,2,0,53,100.0,100.0,98.1,0,2,0,113,0,5,0,113,56,56,74,33,57,1
Xavier Restrepo,122220,WR,MIAMI FL,12,37.9,0,220,71.7,62.1,59.9,0,0,1,0.6,0.5,100.0,0,0,0,113,0,0,0,298,1,186,0,0,112,1
D'Wan Mathis,99130,QB,TEMPLE,7,30.9,0,306,52.2,62.2,60.0,0,0,1,0.4,0.4,100.0,3,0,0,113,0,0,0,366,1,234,0,0,112,0
Kenny Tracy,130531,HB,MIAMI OH,12,41.3,0,221,68.6,46.3,62.2,1,1,68,41.0,40.9,98.5,0,2,0,112,0,0,0,271,72,176,0,0,40,0
Amad Anderson Jr.,84380,WR,TEMPLE,11,32.6,1,306,61.0,,52.3,0,0,0,0.0,0.0,,3,0,0,112,0,0,0,344,0,232,0,0,112,0
Keegan Cossou,55058,TE,C MICHIGAN,13,76.7,0,134,56.2,36.5,72.3,0,1,14,29.2,29.2,96.4,3,1,0,112,0,0,3,146,14,48,0,1,98,128
Billy Kemp IV,77037,WR,VIRGINIA,12,23.7,3,335,73.8,,56.3,0,0,0,0.0,0.0,,4,0,0,112,0,0,0,472,0,358,0,0,112,0
Simi Moala,81892,T,UTAH,2,100.0,0,328,66.4,59.4,67.8,1,3,62,100.0,100.0,96.8,1,4,0,112,0,0,0,112,67,67,0,112,45,0
Ajou Ajou,122137,WR,CLEMSON,12,48.1,0,140,51.8,,50.5,0,0,0,0.0,0.0,,0,0,0,112,0,0,0,233,0,121,0,0,112,0
Chris Elmore,57090,FB,SYRACUSE,4,74.2,0,304,63.2,77.7,65.9,0,0,18,32.7,31.6,100.0,0,0,0,112,0,0,0,151,18,57,0,0,94,74
Talik Keaton,84282,WR,MARSHALL,7,38.4,0,214,59.7,,55.5,0,0,0,0.0,0.0,,0,0,0,111,0,0,0,289,0,178,0,0,111,1
Trent Pennix,77726,TE,NC STATE,12,47.6,1,248,71.6,63.9,53.5,0,0,10,8.0,7.8,100.0,2,0,0,111,0,0,0,233,10,129,0,0,101,160
Hudson Card,123109,QB,TEXAS,8,50.0,0,311,52.6,,60.2,0,0,0,0.0,0.0,,3,0,0,111,0,0,0,222,0,105,0,0,111,0
Savon Scarver,61783,WR,UTAH ST,12,54.4,0,329,56.3,,63.5,0,0,0,0.0,0.0,,1,0,0,111,0,0,0,204,0,90,0,0,111,0
Xavier Hill,124098,T,LSU,3,100.0,0,211,56.1,44.9,60.0,2,2,68,100.0,100.0,97.1,0,4,0,111,0,0,111,111,70,70,0,0,41,0
Spencer Clapp,55441,G,WAKE,10,100.0,0,339,65.9,63.8,64.9,0,1,49,100.0,100.0,99.0,0,1,0,111,0,15,47,111,52,52,44,0,59,5
Brandon Sanders,102544,WR,RUTGERS,10,44.2,0,278,60.9,,54.9,0,0,0,0.0,0.0,,0,0,0,111,0,0,0,251,0,138,0,0,111,0
John Stephens Jr.,78108,WR,LA LAFAYET,14,50.5,0,207,63.7,67.4,68.2,0,0,1,1.0,0.9,100.0,0,0,0,111,0,0,0,220,1,110,0,0,110,2
Lew Nichols,97187,HB,C MICHIGAN,13,14.7,0,134,84.8,34.9,63.6,1,6,85,23.0,23.5,95.9,0,7,0,111,0,0,0,753,91,388,0,0,20,4
Kaci Moreka,91693,G,N TEXAS,5,100.0,0,251,52.6,69.8,47.1,0,3,50,100.0,100.0,97.0,0,3,0,111,0,91,6,111,54,54,0,14,57,0
Garet Morrell,40248,TE,MARSHALL,12,69.8,0,214,53.1,72.3,51.9,0,0,8,14.8,14.3,100.0,0,0,0,111,0,0,0,159,8,56,0,0,103,111
Hayden Conner,144723,G,TEXAS,6,100.0,0,311,64.4,40.3,65.3,0,1,27,100.0,100.0,94.4,0,2,1,110,0,86,0,110,30,30,24,0,80,0
Stefan Cobbs,84143,WR,BOISE ST,9,35.8,0,120,69.6,,75.7,0,0,0,0.0,0.0,,1,0,0,110,0,0,0,307,0,195,0,0,110,3
Tory Horton,128232,WR,NEVADA,12,21.9,0,239,69.0,,56.2,0,0,0,0.0,0.0,,0,0,0,110,0,0,0,503,0,393,0,0,110,0
Jaren Mangham,97773,HB,USF,12,27.7,0,327,82.1,55.7,54.9,0,5,72,37.1,37.7,95.1,0,6,1,110,0,0,0,397,77,204,0,0,33,0
Toa Taua,83722,HB,NEVADA,13,19.3,0,239,69.8,25.6,44.8,1,7,84,22.6,23.2,94.0,0,9,1,110,0,0,0,569,92,397,0,0,18,0
Pat Bryant,144800,WR,ILLINOIS,9,66.3,0,187,64.3,,65.4,0,0,0,0.0,0.0,,0,0,0,110,0,0,0,166,0,56,0,0,110,0
John Williams,123585,T,CINCINNATI,6,100.0,0,138,42.8,18.5,55.5,0,2,52,100.0,100.0,94.2,2,4,2,109,0,0,85,109,55,55,0,24,54,0
Nicholas Vattiato,145302,QB,MIDDLE TN,6,34.1,0,224,62.5,,60.0,0,0,0,0.0,0.0,,1,0,0,109,0,0,0,320,0,200,0,0,109,0
Xavier Legette,99197,WR,S CAROLINA,11,45.6,0,289,58.7,,63.4,0,0,0,0.0,0.0,,1,0,0,109,0,0,0,239,0,130,0,0,109,0
Christan Horn,122243,WR,APP STATE,14,58.3,0,108,54.0,,55.9,0,0,0,0.0,0.0,,0,0,0,109,0,0,0,187,0,78,0,0,109,0
Alton McCaskill,144253,HB,HOUSTON,14,22.8,0,182,78.8,29.4,67.7,2,7,93,36.0,35.3,95.2,0,9,0,109,0,0,0,478,95,269,0,0,14,0
Jadon Thompson,123583,WR,CINCINNATI,11,46.6,0,138,63.9,60.9,60.4,0,0,1,0.8,0.8,100.0,0,0,0,109,0,0,0,234,1,126,0,0,108,2
AJ Barner,129433,TE,INDIANA,12,47.8,0,190,60.9,59.6,55.3,0,1,8,6.7,7.0,93.7,0,1,0,109,0,0,0,228,9,128,0,0,100,121
Savion Williams,123101,WR,TCU,7,52.7,0,305,60.8,,70.6,0,0,0,0.0,0.0,,0,0,0,108,0,0,0,205,0,97,0,0,108,0
Noah Whittington,123472,HB,W KENTUCKY,12,27.5,0,346,77.8,75.0,55.6,0,0,93,35.0,35.1,100.0,0,0,0,108,0,0,0,393,97,276,0,0,11,0
Tate Heitmeier,60815,G,TEXAS ST,5,100.0,0,314,59.4,84.8,52.7,1,0,54,100.0,100.0,99.1,0,1,0,108,0,99,0,108,56,56,8,0,52,0
Tanner Knue,52961,WR,E MICHIGAN,5,37.0,0,160,75.3,65.3,64.1,0,0,1,0.5,0.5,100.0,0,0,0,108,0,0,0,292,1,185,0,0,107,1
Tucker Fisk,52286,TE,STANFORD,8,88.5,0,300,54.3,54.1,64.1,0,0,14,51.9,54.8,100.0,2,0,0,108,0,0,0,122,17,31,0,0,91,122
Jacob Jankoviak,101276,T,NEW MEXICO,2,100.0,0,241,74.6,59.1,77.5,0,1,58,100.0,100.0,97.4,0,2,1,108,0,0,0,108,58,58,0,108,50,0
Charles Turner,99102,T,LSU,3,100.0,0,211,47.2,56.7,46.6,0,4,69,100.0,100.0,95.7,1,5,1,108,8,0,28,108,70,70,0,71,38,1
Tre Tucker,101106,WR,CINCINNATI,14,36.6,0,138,76.7,,54.1,0,0,0,0.0,0.0,,0,0,0,108,0,0,0,295,0,185,0,0,108,0
Aaron Dumas,146135,HB,NEW MEXICO,11,33.9,0,241,71.4,50.7,63.6,0,2,42,36.8,35.9,92.9,1,4,2,108,0,0,0,319,42,117,0,0,66,0
Demontrez Brown,84455,WR,TROY,12,38.2,0,318,54.8,,59.5,0,0,0,0.0,0.0,,1,0,0,108,0,0,0,283,0,175,0,0,108,4
Keytaon Thompson,60457,WR,VIRGINIA,12,19.3,1,335,85.5,79.0,82.9,0,0,5,1.3,1.9,100.0,4,0,0,107,0,0,0,554,8,416,0,0,99,43
Kingston Harris,82422,G,TENNESSEE,3,100.0,0,307,55.2,35.3,57.0,1,1,54,100.0,100.0,98.1,0,2,0,107,0,100,0,107,61,61,7,0,46,0
DeAndre Torrey,83728,HB,N TEXAS,12,20.3,0,251,81.1,74.2,63.9,0,2,60,27.5,28.8,98.3,2,2,0,107,0,0,0,526,69,240,0,0,38,0
E.J. Williams Jr.,122164,WR,CLEMSON,8,43.0,0,140,47.7,,55.6,0,0,0,0.0,0.0,,1,0,0,107,0,0,0,249,0,142,0,0,107,0
Jahmari Sylvester,123649,G,FIU,6,100.0,0,166,60.6,48.4,65.3,1,1,54,100.0,100.0,96.3,1,3,1,107,0,106,0,107,56,56,1,0,51,0
Trente Jones,101538,T,MICHIGAN,12,98.1,0,222,70.9,75.7,74.2,0,0,21,95.5,92.6,100.0,2,0,0,106,0,0,0,108,25,27,0,62,81,46
Bobby Cole,57331,HB,NEW MEXICO,11,39.4,0,241,67.8,59.2,76.3,0,3,47,40.9,41.0,94.7,1,4,1,106,0,0,0,269,50,122,0,0,56,0
Malachi Corley,66272,WR,W KENTUCKY,14,17.5,0,346,62.3,62.1,59.8,0,0,1,0.2,0.2,100.0,2,0,0,106,0,0,0,606,1,500,0,0,105,0
Jakobi Buchanan,102884,FB,ARMY,13,43.1,0,114,83.9,58.4,64.6,1,1,25,86.2,86.2,96.0,0,2,0,106,0,0,0,246,25,29,0,0,81,0
Brady Boyd,127298,WR,MINNESOTA,9,62.4,0,225,50.8,,53.8,0,0,0,0.0,0.0,,0,0,0,106,0,0,0,170,0,64,0,0,106,0
Dylan Wright,99209,WR,MINNESOTA,12,46.9,1,225,80.3,,63.6,0,0,0,0.0,0.0,,2,0,0,106,0,0,0,226,0,120,0,0,106,0
Dez Melton,98104,TE,LOUISVILLE,13,72.1,0,210,63.9,57.2,62.6,0,0,12,23.5,22.6,100.0,0,0,0,106,0,0,5,147,12,53,0,5,94,124
Camerun Peoples,83607,HB,APP STATE,12,29.9,0,108,84.9,58.8,57.7,2,2,87,52.4,53.4,97.7,0,4,0,106,0,0,0,354,93,174,0,0,13,0
Mitch Rossi,57368,TE,OHIO STATE,12,74.1,0,260,54.0,75.8,58.8,0,0,17,31.5,31.5,100.0,0,0,0,106,0,0,0,143,17,54,0,0,89,99
Ramel Keyton,99204,WR,TENNESSEE,12,47.1,0,307,54.2,65.9,60.7,0,0,2,1.8,1.7,100.0,0,0,0,106,0,0,0,225,2,121,0,0,104,4
Jadon Jackson,97800,WR,OLE MISS,10,51.2,0,226,55.1,,69.0,0,0,0,0.0,0.0,,1,0,0,106,0,0,0,207,0,101,0,0,106,0
Jordan Bly,145345,WR,DOMINION,11,39.6,0,263,58.7,,44.2,0,0,0,0.0,0.0,,1,0,0,105,0,0,0,265,0,159,0,0,105,0
Brett Bostad,77034,FB,N ILLINOIS,9,96.3,0,254,56.1,76.1,54.8,0,0,4,57.1,55.6,100.0,1,0,0,105,0,0,0,109,5,9,0,0,100,32
Eric Collins,41998,WR,UMASS,12,37.9,0,216,62.1,,53.9,0,0,0,0.0,0.0,,3,0,0,105,0,0,0,277,0,168,0,0,105,0
Jahmyr Gibbs,122474,HB,GA TECH,12,25.3,0,176,88.4,59.2,52.9,2,0,59,27.6,26.6,96.6,1,3,1,105,0,0,0,415,61,229,0,0,44,2
Adam Cofield,30557,HB,W KENTUCKY,14,26.9,0,346,72.2,78.0,71.5,1,0,84,30.1,32.0,98.2,0,2,1,105,0,0,0,390,96,300,0,0,9,0
Vincent Davis,99593,HB,PITTSBURGH,14,23.2,1,268,73.6,42.1,58.8,1,6,81,29.8,30.0,95.7,2,7,0,105,0,0,0,452,87,290,0,0,18,0
Trey Hamilton,81757,G,NEVADA,6,100.0,0,239,60.4,53.7,60.6,1,3,56,100.0,100.0,96.4,0,4,0,105,15,0,0,105,60,60,45,45,45,0
Brycen Yarmo,130325,TE,AKRON,12,73.9,0,102,49.9,64.5,61.4,0,0,12,24.5,24.5,100.0,2,0,0,105,0,0,0,142,12,49,0,0,93,125
Rahmir Johnson,101655,HB,NEBRASKA,10,27.9,0,238,66.3,26.7,51.4,0,6,49,24.1,23.4,91.8,0,7,1,105,0,0,0,377,49,209,0,0,56,0
Zach Watts,75862,G,WYOMING,7,100.0,0,351,75.9,78.1,74.7,0,1,38,100.0,100.0,98.7,1,1,0,105,0,104,0,105,41,41,0,0,64,0
Edward Saydee,97300,HB,TEMPLE,11,33.4,0,306,67.6,46.8,57.9,1,5,66,36.1,36.2,95.5,0,6,0,105,0,0,0,314,68,188,0,0,37,0
Luke Grimm,122561,WR,KANSAS,10,43.6,0,198,70.7,,64.8,0,0,0,0.0,0.0,,1,0,0,105,0,0,0,241,0,136,0,0,105,9
Mason Cook,123852,T,GA STATE,7,100.0,0,175,52.8,22.6,59.4,1,4,38,100.0,100.0,93.4,0,5,0,105,0,0,80,105,41,41,0,25,64,0
Fred Lloyd Jr.,52300,WR,LA MONROE,11,40.7,0,209,57.0,,67.9,0,0,0,0.0,0.0,,1,0,0,105,0,0,0,258,0,153,0,0,105,0
Chase Cunningham,78533,QB,MIDDLE TN,8,30.4,0,224,73.7,,60.1,0,0,0,0.0,0.0,,0,0,0,105,0,0,0,345,0,214,0,0,105,0
Nick Jones,146837,T,MISS STATE,4,100.0,0,227,75.8,88.4,78.6,0,1,83,100.0,100.0,99.4,3,1,0,105,0,5,100,105,84,84,0,0,21,0
Dylan McDuffie,77703,HB,BUFFALO,12,22.8,0,126,79.8,74.9,53.6,0,2,48,26.2,27.9,97.9,1,2,0,104,0,0,0,456,55,197,0,0,49,1
Hassan Haskins,83701,HB,MICHIGAN,14,20.5,0,222,91.2,67.6,86.2,3,2,57,31.0,33.2,95.6,2,5,0,104,0,0,0,508,65,196,0,0,39,0
Samuel Emilus,75926,WR,LA TECH,8,39.8,0,208,69.5,,61.3,0,0,0,0.0,0.0,,1,0,0,104,0,0,0,261,0,157,0,0,104,0
Dominic Lovett,146872,WR,MISSOURI,13,37.4,0,229,60.6,,61.2,0,0,0,0.0,0.0,,2,0,0,104,0,0,0,278,0,170,0,0,104,1
Malcolm Epps,77951,TE,USC,11,38.8,0,326,58.2,67.9,54.8,0,0,2,1.3,1.2,100.0,0,0,0,104,0,0,0,268,2,166,0,0,102,41
Rahjai Harris,123814,HB,E CAROLINA,12,21.4,0,156,71.2,56.7,65.3,1,3,67,24.8,25.6,97.0,0,4,0,104,0,0,0,485,73,285,0,0,31,0
Evan Hull,97302,HB,NWESTERN,12,20.0,0,256,78.6,43.0,69.5,1,3,57,21.9,21.9,96.5,1,4,0,104,0,0,0,519,60,274,0,0,44,0
Billy Bowens,84144,WR,BOISE ST,10,41.8,0,120,55.9,,74.7,0,0,0,0.0,0.0,,0,0,0,104,0,0,0,249,0,145,0,0,104,1
Jontavis Robertson,122384,WR,DUKE,12,52.0,0,154,59.7,,81.3,0,0,0,0.0,0.0,,1,0,0,104,0,0,0,200,0,96,0,0,104,0
Jackson McDonald,98374,TE,FIU,5,67.5,0,166,51.2,61.0,52.8,0,0,19,28.4,29.6,100.0,2,0,0,104,0,0,0,154,21,71,0,0,83,125
Tayvian Cunningham,98658,WR,ARIZONA,10,37.1,0,109,63.3,,51.6,0,0,0,0.0,0.0,,1,0,0,103,0,0,0,278,0,172,0,0,103,2
Carlos Rubio,59799,T,LA LAFAYET,3,99.0,0,207,72.4,80.5,67.1,0,1,51,98.1,98.1,99.0,0,1,0,103,0,0,97,104,52,53,0,0,51,7
Mitchell Mayes,122151,T,CLEMSON,5,100.0,0,140,54.6,48.8,54.6,0,1,55,100.0,100.0,99.1,0,1,0,103,0,0,0,103,58,58,34,69,45,0
Jonny King,122188,G,CHARLOTTE,4,100.0,0,136,47.6,44.6,44.7,2,2,56,100.0,100.0,96.4,0,4,0,103,0,73,0,103,62,62,30,0,41,0
Armani Rogers,40034,QB,OHIO,12,38.9,0,259,79.8,,60.1,0,0,0,0.0,0.0,,2,0,0,103,0,0,0,265,0,73,0,0,103,0
Rocko Griffin,124350,HB,VANDERBILT,9,26.5,0,333,64.4,49.4,54.2,1,3,66,32.7,33.6,97.0,0,4,0,103,0,0,0,389,71,211,0,0,32,0
Monroe Young,84153,WR,CAL,12,59.9,0,130,55.8,,45.3,0,0,0,0.0,0.0,,1,0,0,103,0,0,0,172,0,69,0,0,103,19
Ronnie Rivers,57208,HB,FRESNO ST,11,19.6,0,169,82.0,67.5,77.5,1,0,66,21.6,21.7,97.7,1,2,1,103,0,0,0,526,70,323,0,0,33,2
Devonta Lee,99245,WR,LSU,12,51.2,0,211,59.7,,54.0,0,0,0,0.0,0.0,,1,0,0,103,0,0,0,201,0,98,0,0,103,0
Ke'Shawn Williams,123406,WR,WAKE,14,40.6,0,339,82.9,,64.9,0,0,0,0.0,0.0,,0,0,0,103,0,0,0,254,0,151,0,0,103,0
Anthony Whigan,101555,G,PENN STATE,5,100.0,0,266,62.6,65.3,60.8,0,3,61,100.0,100.0,95.9,0,4,1,102,0,23,0,102,62,62,77,0,40,0
Darius Boone Jr.,100216,HB,E MICHIGAN,13,36.3,0,160,71.1,56.3,58.8,0,2,67,54.0,54.3,95.5,1,4,2,102,0,0,0,281,70,129,0,0,32,0
Drake Stoops,78087,WR,OKLAHOMA,10,39.2,0,261,66.8,64.4,57.9,0,0,1,0.7,0.6,100.0,0,0,0,102,0,0,0,260,1,159,0,0,101,3
Miles Cross,145887,WR,OHIO,12,49.8,0,259,65.8,,64.2,0,0,0,0.0,0.0,,0,0,0,102,0,0,0,205,0,103,0,0,102,1
Xavier Williams,57263,HB,KENT STATE,13,32.2,0,201,85.2,42.9,53.9,1,3,60,42.3,43.0,91.7,0,7,3,102,0,0,0,317,65,151,0,0,37,0
Jacolby Hewitt,84225,WR,INDIANA,10,49.0,0,190,54.1,,61.0,0,0,0,0.0,0.0,,1,0,0,102,0,0,0,208,0,105,0,0,102,0
Shelton Zeon III,84069,TE,UNLV,7,62.2,0,325,52.5,67.2,45.2,0,2,20,26.0,25.3,95.0,0,2,0,102,0,0,0,164,21,83,0,0,81,139
Donovan Jackson,145064,G,OHIO STATE,10,99.0,0,260,68.5,86.1,65.5,0,0,36,97.3,97.4,100.0,2,0,0,102,0,25,0,103,37,38,61,8,65,9
Kazmeir Allen,83782,WR,UCLA,12,45.7,0,324,69.8,,65.1,0,0,0,0.0,0.0,,0,0,0,102,0,0,0,223,0,112,0,0,102,5
Will Howard,122599,QB,KANSAS ST,6,53.1,0,199,59.3,,60.5,0,0,0,0.0,0.0,,0,0,0,102,0,0,0,192,0,61,0,0,102,0
Taylor Miterko,99428,T,OKLA STATE,3,100.0,0,262,62.3,61.4,60.5,0,2,42,100.0,100.0,95.2,0,3,1,101,0,0,101,101,46,46,0,0,55,0
Will Jones,57154,HB,BALL ST,13,26.6,0,117,64.5,55.7,61.7,0,1,54,23.1,23.3,99.1,0,1,0,101,0,0,0,380,58,249,0,0,43,18
Malik Heath,124173,WR,MISS STATE,11,21.6,0,227,58.2,,57.4,0,0,0,0.0,0.0,,2,0,0,101,0,0,0,467,0,366,0,0,101,0
Deion Hankins,97310,HB,UTEP,11,37.7,0,330,64.8,79.8,63.6,0,3,72,64.3,63.6,97.9,0,3,0,101,0,0,0,268,75,118,0,0,26,0
Aaron Young,97161,HB,RUTGERS,13,36.5,0,278,69.4,79.9,71.2,0,1,36,23.7,23.9,95.8,0,2,1,101,0,0,0,277,38,159,0,0,63,9
Malcolm Johnson Jr.,124402,WR,AUBURN,11,47.9,0,115,60.5,,84.4,0,0,0,0.0,0.0,,1,0,0,101,0,0,0,211,0,107,0,0,101,0
Trey Cleveland,99570,WR,TEXAS TECH,13,48.3,0,315,66.6,,64.2,0,0,0,0.0,0.0,,0,0,0,101,0,0,0,209,0,108,0,0,101,0
Dariyan Wiley,97999,WR,LA MONROE,10,40.3,0,209,56.1,,59.3,0,0,0,0.0,0.0,,1,0,0,100,0,0,0,248,0,148,0,0,100,0
Gavin Reinwald,60865,TE,CAL,12,70.4,0,130,69.0,64.7,58.9,0,0,6,13.3,14.3,100.0,0,0,0,100,0,0,0,142,7,49,0,0,93,90
Pete Nank,59850,G,MIAMI OH,7,100.0,0,221,78.1,42.4,81.2,0,3,34,100.0,100.0,95.6,0,3,0,100,0,99,0,100,35,35,1,0,65,0
Leddie Brown,77766,HB,W VIRGINIA,12,14.6,0,343,72.2,65.1,70.7,0,2,66,16.3,16.0,95.5,0,4,2,100,0,0,0,687,68,424,0,0,32,0
Colin O'Brien,128424,TE,WYOMING,11,75.8,0,351,77.3,49.6,80.6,0,1,13,29.5,28.9,96.2,0,1,0,100,0,0,0,132,13,45,0,0,87,120
Dimitri Stanley,83810,WR,COLORADO,9,38.0,0,143,56.1,,54.1,0,0,0,0.0,0.0,,2,0,0,100,0,0,0,263,0,161,0,0,100,0
Jake Lange,121467,QB,SO MISS,7,35.8,0,296,41.5,,60.0,0,0,0,0.0,0.0,,6,0,0,100,0,0,0,279,0,172,0,0,100,0
Jsi Hatfield,97131,WR,E CAROLINA,10,38.7,0,156,64.9,,51.7,0,0,0,0.0,0.0,,0,0,0,99,0,0,0,256,0,156,0,0,99,0
Jalil Irvin,81588,C,AUBURN,4,100.0,0,115,54.1,68.0,52.1,0,0,45,100.0,100.0,100.0,0,0,0,99,98,0,0,99,45,45,0,0,54,0
Traeshon Holden,123917,WR,ALABAMA,15,41.9,0,103,65.8,,65.8,0,0,0,0.0,0.0,,0,0,0,99,0,0,0,236,0,137,0,0,99,1
Eli Wilson,122259,TE,APP STATE,10,76.7,0,108,59.4,41.2,54.5,0,1,14,33.3,34.8,96.4,2,1,0,99,0,0,0,129,16,46,0,0,83,64
Zach Gibson,100201,QB,AKRON,7,31.8,0,102,91.2,62.2,60.1,0,0,1,0.5,0.5,100.0,1,0,0,99,0,0,0,311,1,210,0,0,98,0
Cameron Carroll,77743,HB,TULANE,12,29.6,0,319,70.6,49.4,63.3,1,1,48,29.6,30.5,97.9,0,2,0,99,0,0,0,335,54,177,0,0,45,1
Dameon Pierce,83659,HB,FLORIDA,13,30.2,0,163,92.0,73.2,46.8,0,0,25,17.2,17.8,100.0,1,0,0,98,0,0,0,324,27,152,0,0,71,1
Francis Sherman,99629,TE,LOUISVILLE,13,93.3,0,210,71.6,66.3,71.3,0,1,11,61.1,61.1,95.5,1,1,0,98,0,0,1,105,11,18,0,7,87,92
Breece Hall,97636,HB,IOWA STATE,12,14.9,0,193,86.6,44.1,72.2,1,2,63,17.8,18.7,96.0,0,4,1,98,0,0,0,658,70,374,0,0,28,0
Nolan Matthews-Harris,98433,TE,SMU,8,58.3,0,287,53.9,72.4,41.0,0,0,8,10.7,10.3,100.0,0,0,0,98,0,0,0,168,8,78,0,0,90,98
Christian Wells,102917,WR,APP STATE,14,50.8,0,108,60.7,,60.7,0,0,0,0.0,0.0,,1,0,0,98,0,0,0,193,0,95,0,0,98,0
Boobie Curry,97776,WR,ARIZONA,12,38.9,0,109,64.6,62.1,57.8,0,0,1,0.7,0.6,100.0,2,0,0,98,0,0,0,252,1,155,0,0,97,2
Jacob Sirmon,83590,QB,C MICHIGAN,5,38.9,0,134,58.6,,60.3,0,0,0,0.0,0.0,,1,0,0,98,0,0,0,252,0,153,0,0,98,0
JP Richardson,144650,WR,OKLA STATE,9,38.1,0,262,67.1,,71.8,0,0,0,0.0,0.0,,0,0,0,98,0,0,0,257,0,159,0,0,98,0
Jaylan Knighton,122215,HB,MIAMI FL,8,21.5,0,220,67.8,36.2,60.3,1,5,76,27.8,27.9,93.4,0,8,2,98,0,0,0,455,81,290,0,0,17,0
Tre'von Bradley,61291,WR,UTSA,13,52.7,0,331,51.5,,60.3,0,0,0,0.0,0.0,,0,0,0,98,0,0,0,186,0,87,0,0,98,0
Max Wray,81782,T,COLORADO,4,100.0,0,143,47.4,50.3,46.4,1,2,41,100.0,100.0,93.9,1,4,1,98,0,0,98,98,44,44,0,0,54,0
Faae Pepe,145398,G,RICE,8,99.0,0,275,58.9,70.8,56.5,0,0,29,96.7,97.0,96.6,0,1,1,98,0,68,0,99,32,33,0,0,66,27
McKenzie Milton,40110,QB,FLORIDA ST,6,34.8,0,167,55.2,,60.6,0,0,0,0.0,0.0,,0,0,0,97,0,0,0,279,0,173,0,0,97,0
Malachai Jones,123252,WR,TULSA,9,47.8,0,320,51.2,,55.2,0,0,0,0.0,0.0,,0,0,0,97,0,0,0,203,0,106,0,0,97,0
Paul Tchio,122160,G,CLEMSON,5,100.0,0,140,55.2,73.1,47.8,0,2,59,100.0,100.0,98.3,0,2,0,97,0,96,0,97,63,63,1,0,34,0
Andrew Marty,60498,QB,NWESTERN,7,36.7,0,256,54.5,,60.1,0,0,0,0.0,0.0,,1,0,0,97,0,0,0,264,0,136,0,0,97,0
Robby Rochester,147387,T,UCONN,2,100.0,0,146,58.2,58.9,55.5,0,2,65,100.0,100.0,95.4,0,4,2,97,0,0,0,97,69,69,0,97,28,0
Houston Heimuli,52275,FB,STANFORD,12,87.4,0,300,60.5,66.5,58.7,0,0,7,33.3,39.1,100.0,1,0,0,97,0,0,0,111,9,23,0,0,88,0
Julian Ortega-Jones,78155,WR,TEXAS ST,12,40.1,1,314,60.2,64.5,65.5,0,0,0,0.0,0.7,,1,0,0,97,0,0,0,242,1,146,0,0,96,1
Kevin Meeder,130342,G,BALL ST,3,100.0,0,117,48.9,42.7,46.3,0,3,58,100.0,100.0,97.4,0,3,0,97,0,97,0,97,62,62,0,0,35,0
Devin Neal,144558,HB,KANSAS,11,24.7,0,198,75.6,23.9,58.9,1,4,46,26.0,27.3,94.6,0,5,0,97,0,0,0,393,50,183,0,0,47,0
Rachaad White,131633,HB,ARIZONA ST,11,19.4,0,110,90.8,51.1,56.4,1,1,36,15.1,15.1,97.2,1,2,0,96,0,0,0,494,38,251,0,0,58,1
Brandon Niemenski,147390,TE,UCONN,10,47.1,0,146,52.2,38.7,38.5,1,1,8,7.3,7.7,87.5,2,2,0,96,0,0,0,204,9,117,0,0,87,109
Jack Freeman,77435,G,HOUSTON,7,100.0,1,182,47.5,35.4,53.8,2,2,44,100.0,100.0,95.5,3,4,0,96,47,9,0,96,48,48,40,0,48,0
Jalon Daniels,122555,QB,KANSAS,6,38.2,0,198,78.3,62.2,60.1,0,0,1,0.7,0.7,100.0,1,0,0,96,0,0,0,251,1,138,0,0,95,0
Dontay Demus Jr.,84284,WR,MARYLAND,5,38.2,0,215,78.0,,59.8,0,0,0,0.0,0.0,,0,0,0,96,0,0,0,251,0,155,0,0,96,0
Tucker Gregg,83669,HB,GA STATE,13,23.3,0,175,83.2,60.0,56.4,1,1,27,19.1,19.7,96.3,0,2,0,95,0,0,0,408,29,147,0,0,66,0
Kearis Jackson,84188,WR,GEORGIA,13,36.8,0,173,63.9,,67.7,0,0,0,0.0,0.0,,0,0,0,95,0,0,0,258,0,162,0,0,95,0
Peje' Harris,77994,WR,GA TECH,12,41.9,0,176,50.3,61.8,70.4,0,0,1,0.8,0.8,100.0,1,0,0,95,0,0,0,227,1,133,0,0,94,2
Omar Fattah,64631,FB,AIR FORCE,9,62.5,0,101,66.8,42.3,58.8,0,4,28,82.4,82.9,92.9,2,4,0,95,0,0,0,152,29,35,0,0,66,0
Tyler Savage,123832,WR,E CAROLINA,12,59.7,0,156,51.4,,59.7,0,0,0,0.0,0.0,,0,0,0,95,0,0,0,159,0,64,0,0,95,0
Cameron Ervin,97654,G,SMU,8,100.0,0,287,56.1,66.6,55.9,0,1,47,100.0,100.0,98.9,1,1,0,95,0,75,0,95,50,50,16,0,45,4
Blake Shapen,122282,QB,BAYLOR,6,45.4,0,118,75.7,,60.0,0,0,0,0.0,0.0,,1,0,0,94,0,0,0,207,0,101,0,0,94,0
Clayton Ollendieck,147263,TE,TROY,10,82.5,0,318,40.3,61.6,45.4,1,0,6,24.0,23.1,91.7,1,1,0,94,0,0,0,114,6,26,0,0,88,86
A.J. Davis,121485,WR,UAB,12,51.6,1,321,64.6,,62.0,0,0,0,0.0,0.0,,1,0,0,94,0,0,0,182,0,88,0,0,94,0
Tykee Ogle-Kellogg,84493,WR,UTSA,11,47.2,0,331,62.3,,60.9,0,0,0,0.0,0.0,,0,0,0,94,0,0,0,199,0,105,0,0,94,0
DJ Irons,145585,QB,AKRON,8,29.9,1,102,62.2,,60.0,0,0,0,0.0,0.0,,5,0,0,94,0,0,0,314,0,186,0,0,94,0
Taj Harris,77970,WR,SYRACUSE,3,55.6,0,304,68.3,,57.5,0,0,0,0.0,0.0,,0,0,0,94,0,0,0,169,0,74,0,0,94,0
Ty Robinson,146317,WR,COLORADO,12,51.1,0,143,61.1,,59.8,0,0,0,0.0,0.0,,1,0,0,94,0,0,0,184,0,90,0,0,94,0
Kayshon Boutte,124087,WR,LSU,6,29.2,0,211,75.8,,60.0,0,0,0,0.0,0.0,,0,0,0,94,0,0,0,322,0,228,0,0,94,2
Josh Fryar,129746,T,OHIO STATE,5,100.0,0,260,72.4,81.4,67.0,0,0,34,100.0,100.0,100.0,0,0,0,94,0,0,18,94,35,35,0,76,59,0
Bryce Miller,101125,WR,USF,7,45.4,0,327,62.5,,53.7,0,0,0,0.0,0.0,,1,0,0,94,0,0,0,207,0,113,0,0,94,0
Bryce Kirtz,97424,WR,NWESTERN,5,38.2,0,256,66.2,,74.1,0,0,0,0.0,0.0,,0,0,0,94,0,0,0,246,0,151,0,0,94,0
Justin Lynch,144392,QB,TEMPLE,11,28.2,0,306,48.8,,60.0,0,0,0,0.0,0.0,,2,0,0,94,0,0,0,333,0,190,0,0,94,0
Trace Bruckler,146130,TE,NEW MEXICO,11,49.5,0,241,64.6,48.8,36.5,1,1,8,8.1,9.5,87.5,0,2,0,93,0,0,0,188,10,105,0,0,83,119
Alex Wollschlaeger,130396,T,BOWL GREEN,4,98.9,0,122,32.5,0.0,49.7,1,3,47,97.9,98.0,95.7,0,4,0,93,0,0,10,94,50,51,0,83,43,1
Dae Hunter,128200,HB,HAWAII,10,24.9,0,180,68.5,64.5,72.0,0,4,53,23.7,22.6,94.3,0,5,1,93,0,0,0,374,53,234,0,0,40,1
Jake Overman,131748,TE,OREGON ST,13,91.2,0,265,60.6,73.0,60.1,0,0,20,74.1,71.0,100.0,0,0,0,93,0,0,0,102,22,31,0,0,71,94
Hekili Keliiliki,52063,TE,HAWAII,12,94.9,0,180,78.2,72.3,65.6,0,0,6,54.5,58.3,100.0,0,0,0,93,0,0,0,98,7,12,0,0,86,80
Devin Willock,124045,G,GEORGIA,10,100.0,0,173,70.6,76.2,69.0,0,0,25,100.0,100.0,100.0,0,0,0,93,0,87,0,93,25,25,6,0,68,0
Jalen Virgil,41991,WR,APP STATE,12,42.7,0,108,61.7,,60.8,0,0,0,0.0,0.0,,1,0,0,93,0,0,0,218,0,123,0,0,93,0
Jerjuan Newton,97308,WR,TOLEDO,9,39.1,0,316,64.5,,71.4,0,0,0,0.0,0.0,,1,0,0,93,0,0,0,238,0,145,0,0,93,0
Zeb Noland,40508,QB,S CAROLINA,7,42.5,0,289,74.6,,60.3,0,0,0,0.0,0.0,,3,0,0,93,0,0,0,219,0,120,0,0,93,0
Brayden Schager,146078,QB,HAWAII,6,41.3,0,180,44.8,,60.7,0,0,0,0.0,0.0,,0,0,0,92,0,0,0,223,0,128,0,0,92,2
Stone Scarcelle,61412,WR,MARSHALL,13,53.2,0,214,60.2,,53.6,0,0,0,0.0,0.0,,0,0,0,92,0,0,0,173,0,81,0,0,92,0
Taylor Edwards,40120,TE,UMASS,5,51.4,1,216,45.8,35.2,37.7,1,2,17,17.0,16.3,91.2,1,3,0,92,0,0,0,179,17,104,0,0,75,108
Mark Redman,131911,TE,WASHINGTON,11,84.4,0,340,46.1,60.7,48.9,0,0,6,28.6,29.2,100.0,1,0,0,92,0,0,0,109,7,24,0,0,85,106
Jaylon Robinson,78085,WR,UCF,6,33.7,0,323,72.1,,66.7,0,0,0,0.0,0.0,,2,0,0,92,0,0,0,273,0,181,0,0,92,0
Ernesto Almaraz,90765,G,UTSA,6,100.0,0,331,58.6,59.2,57.3,0,2,47,100.0,100.0,97.9,0,2,0,92,44,0,0,92,51,51,48,0,41,0
Jahmal Banks,123373,WR,WAKE,12,54.1,0,339,58.7,,54.0,0,0,0,0.0,0.0,,0,0,0,92,0,0,0,170,0,78,0,0,92,4
Jordan Smith,78037,WR,TEMPLE,12,30.1,0,306,56.3,72.0,53.1,0,0,9,4.1,4.0,100.0,1,0,0,92,0,0,0,306,9,223,0,0,83,79
Xavier Arline,121831,QB,NAVY,7,51.1,0,237,51.3,,60.0,0,0,0,0.0,0.0,,1,0,0,92,0,0,0,180,0,33,0,0,92,0
Carson Steele,145632,HB,BALL ST,13,20.3,0,117,79.9,56.7,66.5,0,2,49,23.4,24.0,98.0,0,2,0,92,0,0,0,454,53,221,0,0,39,10
Johnny Wilson,76366,WR,ARIZONA ST,5,44.7,1,110,63.7,,90.4,0,0,0,0.0,0.0,,2,0,0,92,0,0,0,206,0,114,0,0,92,2
Matteo Mele,81929,T,WASHINGTON,5,100.0,0,340,74.0,53.1,77.4,1,2,40,100.0,100.0,96.2,0,3,0,92,0,0,0,92,46,46,0,92,46,0
Greg Bell,83716,HB,S DIEGO ST,14,18.7,0,284,66.4,44.0,59.1,0,3,41,22.2,23.4,93.9,0,4,1,92,0,0,0,493,46,197,0,0,46,0
Chance Lytle,39834,G,COLORADO,8,100.0,0,143,63.8,43.6,67.3,0,3,39,100.0,100.0,93.6,0,4,1,92,0,34,0,92,43,43,11,43,49,4
Maliq Carr,129807,TE,MICH STATE,9,59.4,0,223,78.1,50.6,61.7,0,1,12,17.1,16.0,95.8,1,1,0,92,0,0,0,155,12,75,0,0,80,118
Justin Lockhart,74298,WR,NEVADA,12,22.3,0,239,65.4,,63.5,0,0,0,0.0,0.0,,1,0,0,92,0,0,0,413,0,321,0,0,92,1
Devaughn Cooper,41966,WR,SYRACUSE,10,35.2,0,304,62.9,,60.8,0,0,0,0.0,0.0,,0,0,0,92,0,0,0,261,0,169,0,0,92,0
Dante Bivens,77317,G,TULSA,7,100.0,0,320,63.6,64.1,66.4,1,3,41,100.0,100.0,92.7,1,5,1,92,0,90,0,92,46,46,2,0,46,0
Shamari Brooks,61855,HB,TULSA,13,18.2,1,320,71.8,36.4,54.4,2,2,62,25.9,26.9,93.5,1,6,2,91,0,0,0,500,68,253,0,0,23,0
Izayah Cummings,124055,WR,KENTUCKY,13,36.5,0,202,61.2,42.5,47.9,0,1,4,2.5,2.5,87.5,1,1,0,91,0,0,0,249,4,162,0,0,87,62
Khatib Lyles,97803,WR,N TEXAS,10,65.5,0,251,73.6,,58.7,0,0,0,0.0,0.0,,1,0,0,91,0,0,0,139,0,48,0,0,91,0
Isaiah Chavez,128257,QB,NEW MEXICO,5,59.9,0,241,45.8,,60.0,0,0,0,0.0,0.0,,0,0,0,91,0,0,0,152,0,31,0,0,91,0
Desmond Bessent,60051,T,S DIEGO ST,8,100.0,0,284,57.3,43.0,62.4,0,0,25,100.0,100.0,96.0,2,1,1,91,0,0,66,91,26,26,0,24,65,0
Tre Siggers,57347,HB,SMU,11,22.5,0,287,75.2,76.3,69.6,0,2,59,27.2,28.4,98.3,1,2,0,91,0,0,0,404,65,229,0,0,26,0
Caden Prieskorn,121783,TE,MEMPHIS,12,58.8,0,218,64.8,52.6,75.7,0,0,14,18.9,20.3,100.0,1,0,0,90,0,0,0,153,16,79,0,0,74,116
Preston Daniel,123494,TE,FLORIDA ST,11,78.3,0,167,45.0,77.7,38.7,0,0,15,39.5,43.2,100.0,0,0,0,90,0,0,0,115,19,44,0,0,71,55
Clay Cundiff,101681,TE,WISCONSIN,5,85.7,0,349,86.5,72.4,63.8,0,0,9,39.1,37.5,100.0,0,0,0,90,0,0,0,105,9,24,0,0,81,101
Isaiah Richardson,61624,WR,S DIEGO ST,10,64.3,0,284,54.8,,65.4,0,0,0,0.0,0.0,,1,0,0,90,0,0,0,140,0,50,0,0,90,0
Ryan Jackovic,102945,WR,ARMY,7,85.7,0,114,63.8,65.4,62.6,0,0,1,7.1,6.3,100.0,1,0,0,90,0,0,0,105,1,16,0,0,89,52
Aaron Allen,78494,QB,LA TECH,6,48.9,0,208,66.3,,60.1,0,0,0,0.0,0.0,,2,0,0,90,0,0,0,184,0,88,0,0,90,0
Jaylen Johnson,84191,WR,GEORGIA,11,61.6,0,173,57.4,,71.5,0,0,0,0.0,0.0,,0,0,0,90,0,0,0,146,0,55,0,0,90,0
Ise Matautia,146116,G,NEW MEXICO,4,100.0,0,241,46.1,47.6,41.9,0,4,52,100.0,100.0,96.2,0,4,0,90,0,3,0,90,57,57,87,0,33,0
Steven McBride,122570,WR,KANSAS,12,43.2,0,198,52.5,,53.9,0,0,0,0.0,0.0,,0,0,0,89,0,0,0,206,0,116,0,0,89,0
Zach Westmoreland,145752,WR,E MICHIGAN,10,29.7,0,160,59.6,,47.8,0,0,0,0.0,0.0,,0,0,0,89,0,0,0,300,0,210,0,0,89,0
Israel Abanikanda,122999,HB,PITTSBURGH,13,22.8,0,268,80.2,29.2,66.9,1,6,71,29.7,29.9,92.3,1,9,2,89,0,0,0,390,75,251,0,0,14,0
Jackson Marcotte,75917,TE,WYOMING,8,87.3,0,351,50.2,73.3,58.7,0,0,8,38.1,40.9,100.0,2,0,0,89,0,0,0,102,9,22,0,0,80,99
Tre Watson,146037,TE,FRESNO ST,12,43.8,0,169,58.9,52.0,56.7,0,0,10,8.5,8.1,100.0,0,0,0,89,0,0,0,203,10,123,0,0,79,106
Samario Rudolph,97127,WR,UAB,12,50.3,0,321,56.6,,66.4,0,0,0,0.0,0.0,,0,0,0,89,0,0,0,177,0,87,0,0,89,0
Keaton Mitchell,123826,HB,E CAROLINA,12,20.6,0,156,76.5,39.2,49.5,2,1,51,23.7,24.4,97.1,0,3,0,89,0,0,0,433,55,225,0,0,34,0
Bryce Carpenter,82101,QB,COAST CAR,11,40.3,0,141,74.0,,60.1,0,0,0,0.0,0.0,,2,0,0,89,0,0,0,221,0,90,0,0,89,1
Kevin Mensah,55106,HB,UCONN,12,27.7,0,146,65.2,61.7,55.4,1,2,57,31.5,31.6,95.6,0,4,1,89,0,0,0,321,60,190,0,0,29,0
Jordan Nathan,42039,WR,UTAH ST,12,54.9,1,329,57.2,,67.0,0,0,0,0.0,0.0,,1,0,0,89,0,0,0,162,0,73,0,0,89,0
Calvin Hill,97069,HB,TEXAS ST,12,22.8,0,314,70.5,36.2,47.3,0,6,60,26.7,27.4,93.3,0,7,1,89,0,0,0,390,65,237,0,0,24,1
Sean Atkins,101127,WR,USF,12,41.5,0,327,51.8,,64.8,0,0,0,0.0,0.0,,0,0,0,88,0,0,0,212,0,124,0,0,88,0
Dedrick Parson,78572,HB,HAWAII,13,21.4,0,180,84.5,45.9,54.7,1,7,47,19.5,19.2,91.5,1,8,0,88,0,0,0,412,49,255,0,0,39,4
Henry Parrish Jr.,124144,HB,OLE MISS,13,23.5,0,226,74.7,58.1,54.9,1,4,38,19.1,17.8,93.4,0,5,0,88,0,0,0,374,38,213,0,0,50,1
Devon Dorsey,130518,WR,MIAMI OH,12,65.2,0,221,59.2,,69.6,0,0,0,0.0,0.0,,0,0,0,88,0,0,0,135,0,47,0,0,88,0
Garrett DiGiorgio,146395,T,UCLA,2,100.0,0,324,46.1,56.7,51.7,0,4,37,100.0,100.0,94.6,3,4,0,88,0,0,20,88,40,40,0,68,48,0
Elijah Arroyo,143933,TE,MIAMI FL,12,62.4,0,220,61.0,57.9,70.3,0,1,10,16.7,18.5,95.0,0,1,0,88,0,0,0,141,12,65,0,0,76,64
Cameron Dollar,61207,WR,CHARLOTTE,11,44.4,0,136,60.4,,59.4,0,0,0,0.0,0.0,,0,0,0,88,0,0,0,198,0,110,0,0,88,0
Anthony Adkins,102880,FB,ARMY,12,53.7,1,114,67.4,78.2,64.4,0,1,8,88.9,91.7,93.7,1,1,0,88,0,0,0,164,11,12,0,0,77,0
Tyler Fromm,98431,TE,AUBURN,13,48.6,0,115,56.6,63.5,51.4,0,1,10,10.1,9.7,95.0,2,1,0,88,0,0,0,181,10,103,0,0,78,110
Jacob Gill,145036,WR,NWESTERN,12,50.3,0,256,56.5,,51.0,0,0,0,0.0,0.0,,1,0,0,87,0,0,0,173,0,86,0,0,87,0
Craig Burt Jr.,123445,WR,W KENTUCKY,12,41.0,0,346,61.4,,62.2,0,0,0,0.0,0.0,,0,0,0,87,0,0,0,212,0,125,0,0,87,0
Charlie O'Connor,81680,C,INDIANA,5,100.0,0,190,68.0,33.2,72.5,0,3,41,100.0,100.0,96.3,0,3,0,87,83,0,0,87,45,45,4,0,42,0
Messiah Swinson,84012,TE,MISSOURI,11,57.2,0,229,59.4,65.9,60.6,0,0,1,1.6,1.5,100.0,2,0,0,87,0,0,0,152,1,66,0,1,86,97
James Bostic,61793,WR,OHIO,12,53.0,0,259,46.9,,60.2,0,0,0,0.0,0.0,,1,0,0,87,0,0,0,164,0,77,0,0,87,1
C.J. Riley,40684,WR,NC STATE,11,48.1,0,248,68.8,,75.9,0,0,0,0.0,0.0,,1,0,0,87,0,0,0,181,0,94,0,0,87,1
Edward Collins,77408,T,UCF,13,100.0,0,323,64.5,71.9,61.9,1,0,16,100.0,100.0,96.9,0,1,0,87,0,0,33,87,16,16,0,50,71,3
Sam Marrazzo,60170,C,UCLA,2,100.0,0,324,59.6,67.2,60.3,0,1,40,100.0,100.0,98.7,1,1,0,86,86,0,0,86,45,45,0,0,41,0
Mark Hiestand,145963,T,AIR FORCE,4,100.0,0,101,49.0,77.1,48.2,0,0,5,100.0,100.0,100.0,1,0,0,86,0,0,24,86,5,5,0,61,81,1
Emmanuel Michel,145972,FB,AIR FORCE,12,52.4,0,101,71.4,34.6,63.3,0,1,16,80.0,76.2,84.4,0,3,2,86,0,0,0,164,16,21,0,0,70,0
Joshua Blanchard,101032,T,USF,7,100.0,0,327,57.9,42.3,60.5,0,2,29,100.0,100.0,96.6,1,2,0,86,0,0,45,86,32,32,0,39,54,0
Tyler Johnston III,60570,QB,UAB,6,55.5,0,321,62.9,,60.0,0,0,0,0.0,0.0,,2,0,0,86,0,0,0,155,0,61,0,0,86,0
Tyler Lavine,97307,HB,SMU,12,35.7,0,287,75.3,68.9,65.6,0,1,30,24.4,25.8,98.3,0,1,0,86,0,0,0,241,34,132,0,0,52,4
Lorenzo Styles Jr.,147474,WR,NOTRE DAME,13,34.5,0,258,69.7,,48.1,0,0,0,0.0,0.0,,1,0,0,86,0,0,0,249,0,162,0,0,86,0
O'Shaan Allison,77801,HB,OHIO,10,29.4,0,259,60.3,23.5,55.0,0,7,39,24.4,24.6,88.5,0,8,1,86,0,0,0,293,41,167,0,0,45,0
Vavae Malepeai,40626,HB,USC,12,24.3,0,326,73.2,79.5,57.6,1,1,60,30.2,30.9,98.3,0,2,0,86,0,0,0,354,68,220,0,0,18,0
Jack Bech,146771,WR,LSU,13,20.5,0,211,74.7,68.6,60.5,0,0,2,0.6,0.6,100.0,0,0,0,86,0,0,0,419,2,335,0,0,84,125
Tyjae Spears,97195,HB,TULANE,12,24.4,0,319,78.2,42.2,44.9,4,2,57,31.0,29.4,94.7,0,6,0,86,0,0,0,353,57,194,0,0,29,3
Cal Long,76895,WR,NAVY,9,97.7,0,237,51.8,45.7,51.9,0,1,3,60.0,60.0,83.3,0,1,0,86,0,0,4,88,3,5,0,8,83,59
Romello Brinson,143936,WR,MIAMI FL,11,46.0,0,220,59.7,,62.8,0,0,0,0.0,0.0,,1,0,0,86,0,0,0,187,0,101,0,0,86,0
Luke Floriea,130491,WR,KENT STATE,11,44.8,0,201,57.4,,54.7,0,0,0,0.0,0.0,,1,0,0,86,0,0,0,192,0,105,0,0,86,0
Jackson Lampley,99047,G,TENNESSEE,7,100.0,0,307,61.8,82.8,62.0,0,0,28,100.0,100.0,100.0,1,0,0,86,0,7,0,86,30,30,79,0,56,0
JT Daniels,83578,QB,GEORGIA,6,44.5,0,173,79.8,,60.0,0,0,0,0.0,0.0,,1,0,0,85,0,0,0,191,0,103,0,0,85,0
Trey Lowe,84501,HB,OREGON ST,13,28.2,0,265,62.1,1.5,60.0,2,11,46,24.0,23.7,85.9,2,13,0,85,0,0,0,301,49,207,0,0,36,1
Jack Plummer,83543,QB,PURDUE,10,34.3,0,273,61.7,,60.2,0,0,0,0.0,0.0,,1,0,0,85,0,0,0,248,0,147,0,0,85,0
Olumuyiwa Fashanu,129777,T,PENN STATE,4,100.0,0,266,69.1,88.2,63.8,0,0,51,100.0,100.0,100.0,1,0,0,85,0,0,84,85,52,52,0,0,33,0
King Doerue,97192,HB,PURDUE,12,18.0,0,273,66.8,30.5,33.3,1,3,51,17.2,17.3,96.1,0,4,0,85,0,0,0,473,53,306,0,0,32,0
Silas Barr,144655,T,OKLA STATE,10,90.4,0,262,50.7,30.3,56.0,0,1,9,56.3,55.0,94.4,0,1,0,85,0,0,0,94,11,20,0,1,74,77
Matt Landers,61271,WR,TOLEDO,12,40.3,0,316,80.2,,67.7,0,0,0,0.0,0.0,,0,0,0,85,0,0,0,211,0,126,0,0,85,0
Donaven McCulley,144829,QB,INDIANA,7,35.3,0,190,44.6,,60.1,0,0,0,0.0,0.0,,0,0,0,85,0,0,0,241,0,113,0,0,85,0
Jordan Mims,57209,HB,FRESNO ST,13,20.5,0,169,83.0,41.9,73.1,0,2,52,21.3,23.4,96.2,1,3,1,84,0,1,0,409,60,256,0,0,24,1
Carter Bradley,77685,QB,TOLEDO,8,34.0,0,316,51.1,,60.0,0,0,0,0.0,0.0,,2,0,0,84,0,0,0,247,0,159,0,0,84,0
Nate McCollum,122487,WR,GA TECH,12,43.3,0,176,61.1,,56.3,0,0,0,0.0,0.0,,0,0,0,84,0,0,0,194,0,110,0,0,84,0
Reese Smith,123432,WR,W VIRGINIA,13,53.8,0,343,64.9,,58.6,0,0,0,0.0,0.0,,0,0,0,84,0,0,0,156,0,72,0,0,84,0
Dont'e Thornton Jr.,146547,WR,OREGON,11,50.9,0,264,55.2,,49.7,0,0,0,0.0,0.0,,1,0,0,84,0,0,0,165,0,81,0,0,84,0
Mitchell Evans,147486,TE,NOTRE DAME,12,74.3,1,258,49.8,66.5,51.2,0,1,11,29.7,27.5,95.5,3,1,0,84,0,0,0,113,11,40,0,0,73,83
Trestan Ebner,57159,HB,BAYLOR,14,19.3,0,118,77.5,63.6,63.1,0,2,26,11.8,11.9,96.2,0,2,0,84,0,0,0,435,27,226,0,0,57,0
Seth Caillouet,84061,TE,TEXAS ST,10,67.2,0,314,50.1,60.9,43.3,1,0,18,32.1,33.9,97.2,1,1,0,84,0,0,0,125,21,62,0,0,63,114
Deonte Simpson,100881,WR,N TEXAS,4,51.2,0,251,57.8,,55.1,0,0,0,0.0,0.0,,0,0,0,84,0,0,0,164,0,80,0,0,84,0
Amari Johnson,98551,WR,UCF,13,42.2,0,323,63.9,,53.7,0,0,0,0.0,0.0,,0,0,0,84,0,0,0,199,0,107,0,0,84,2
Bijan Robinson,123126,HB,TEXAS,10,16.4,0,311,86.7,43.1,56.8,0,1,55,20.3,20.1,95.5,1,3,2,84,0,0,0,512,58,288,0,0,26,0
A'Jon Vivens,75949,HB,COLO STATE,9,30.7,0,144,57.9,26.6,63.0,1,6,50,33.8,34.2,93.0,0,7,0,84,0,0,0,274,51,149,0,0,33,0
Ben Ratzlaff,102599,WR,W KENTUCKY,14,36.1,0,346,58.0,,67.2,0,0,0,0.0,0.0,,0,0,0,83,0,0,0,230,0,147,0,0,83,2
Caleb Chapman,84441,WR,TEXAS A&M,6,41.1,0,312,67.5,,60.7,0,0,0,0.0,0.0,,2,0,0,83,0,0,0,202,0,119,0,0,83,0
TJ Sheffield,101741,WR,PURDUE,12,27.4,1,273,71.7,,66.4,0,0,0,0.0,0.0,,1,0,0,83,0,0,0,303,0,217,0,0,83,0
Desmond Trotter,83552,QB,S ALABAMA,5,36.9,0,288,64.5,,60.0,0,0,0,0.0,0.0,,0,0,0,83,0,0,0,225,0,132,0,0,83,0
Isaiah Spiller,99146,HB,TEXAS A&M,12,18.0,0,312,83.2,38.1,36.9,0,5,52,21.5,21.9,93.3,0,6,1,83,0,0,0,460,55,251,0,0,28,0
JaMichael Thompson,121827,WR,MIDDLE TN,11,51.2,1,224,51.9,,52.7,0,0,0,0.0,0.0,,3,0,0,83,0,0,0,162,0,77,0,0,83,0
TreVeyon Henderson,145059,HB,OHIO STATE,13,16.1,0,260,81.4,71.7,59.2,0,2,66,21.9,22.7,98.5,2,2,0,82,0,0,0,508,71,313,0,0,11,0
Jax Dineen,99489,FB,KANSAS ST,12,82.0,0,199,58.8,15.1,59.9,0,3,7,35.0,38.1,78.6,2,3,0,82,0,0,0,100,8,21,0,0,74,13
Shadrick Byrd,101661,HB,CHARLOTTE,12,20.6,0,136,74.2,29.0,53.2,0,3,22,11.5,12.9,93.2,1,3,0,82,0,0,0,399,27,209,0,0,55,0
Will Swinney,61209,WR,CLEMSON,8,50.0,0,140,56.5,,64.4,0,0,0,0.0,0.0,,0,0,0,82,0,0,0,164,0,81,0,0,82,0
Da'Wain Lofton,144089,WR,VA TECH,12,50.0,0,337,60.4,,60.9,0,0,0,0.0,0.0,,1,0,0,82,0,0,0,164,0,82,0,0,82,0
David Nwaogwugwu,77392,T,RUTGERS,5,100.0,0,278,59.0,50.2,61.6,0,2,50,100.0,100.0,94.0,0,4,2,82,0,0,24,82,50,50,8,50,32,0
Ben Jefferson,131510,WR,AIR FORCE,8,96.5,0,101,96.0,,99.9,0,0,0,,,,0,0,0,82,0,0,0,85,0,0,0,0,82,9
Chase Penry,86538,WR,COLORADO,11,36.9,0,143,55.4,,70.2,0,0,0,0.0,0.0,,2,0,0,82,0,0,0,222,0,140,0,0,82,0
Derek Ferraro,75873,T,RICE,2,100.0,0,275,44.8,29.3,51.1,0,6,40,100.0,100.0,92.5,0,6,0,82,0,1,0,82,46,46,0,81,36,0
Hudson Henry,99189,TE,ARKANSAS,10,69.5,0,111,56.3,41.4,63.9,0,0,13,27.7,28.0,92.3,0,1,1,82,0,0,0,118,14,50,0,0,68,75
Joe Milton III,82151,QB,TENNESSEE,8,44.6,0,307,58.5,,60.0,0,0,0,0.0,0.0,,1,0,0,82,0,0,0,184,0,88,0,0,82,0
Deion Colzie,147473,WR,NOTRE DAME,12,49.4,0,258,53.6,,63.4,0,0,0,0.0,0.0,,1,0,0,82,0,0,0,166,0,84,0,0,82,0
Tank Bigsby,123974,HB,AUBURN,13,16.2,0,115,81.8,34.2,56.6,2,5,46,19.7,19.8,92.4,1,7,0,82,0,0,0,505,49,247,0,0,33,4
Tyler Miller,122526,T,IOWA STATE,3,100.0,1,193,38.7,37.4,50.2,0,7,49,100.0,100.0,92.9,3,7,0,82,0,0,82,82,50,50,0,0,32,0
Keldrick Wilson,59717,G,PITTSBURGH,6,100.0,0,268,55.7,69.0,50.7,0,1,41,100.0,100.0,98.8,0,1,0,82,0,0,0,82,44,44,82,0,38,0
JD Head,122677,QB,LA TECH,4,42.5,0,208,62.5,62.2,60.0,0,0,1,1.0,0.9,100.0,0,0,0,82,0,0,0,193,1,109,0,0,81,0
Geor'Quarius Spivey,84010,TE,TCU,11,68.3,1,305,51.5,63.2,59.9,0,0,13,25.5,25.5,92.3,4,1,1,82,0,0,0,120,13,51,0,0,69,81
Jalin Conyers,122920,TE,ARIZONA ST,11,53.2,0,110,50.9,73.5,56.7,0,0,6,7.9,8.9,100.0,2,0,0,82,0,0,0,154,7,79,0,0,75,84
Kevin Davis,130517,HB,MIAMI OH,13,29.0,0,221,69.9,57.5,57.1,1,0,20,13.8,13.0,97.5,1,1,0,82,0,0,0,283,20,154,0,0,62,0
Jake Orlando,102912,TE,UMASS,11,57.9,0,216,59.0,72.6,57.2,0,0,13,19.4,19.2,100.0,1,0,0,81,0,0,0,140,14,73,0,0,67,93
Luke Doerger,41758,C,TOLEDO,6,100.0,0,316,44.5,63.4,47.4,0,1,28,100.0,100.0,94.6,1,2,1,81,57,0,0,81,28,28,24,0,53,0
Charles Williams,41837,HB,UNLV,12,14.1,0,325,77.6,22.7,54.6,4,2,46,16.7,17.0,91.3,1,7,1,81,0,0,0,573,48,282,0,0,33,16
Tyler Badie,83714,HB,MISSOURI,12,12.2,0,229,85.7,36.3,46.0,0,4,46,14.1,13.7,95.7,2,4,0,81,0,0,0,662,48,350,0,0,33,0
Lincoln Pare,121537,HB,ARK STATE,11,21.1,0,113,70.8,20.6,65.2,2,7,70,27.3,27.3,92.1,0,10,1,81,0,0,0,383,73,267,0,0,8,0
Ryan Lezon,130337,TE,BALL ST,13,60.9,0,117,50.7,53.7,56.2,0,0,11,18.6,17.5,100.0,0,0,0,81,0,0,0,133,11,63,0,0,70,89
John Humphreys,131762,WR,STANFORD,8,26.7,0,300,66.9,,67.2,0,0,0,0.0,0.0,,1,0,0,81,0,0,0,303,0,222,0,0,81,0
Tyler Eiguren,101325,TE,BOISE ST,8,80.8,1,120,49.6,56.4,51.8,0,1,12,40.0,40.6,95.8,1,1,0,80,0,0,2,99,13,32,0,1,67,71
Alec Pell,85874,TE,COLORADO,9,85.1,0,143,48.1,75.1,41.0,0,0,8,36.4,36.4,100.0,1,0,0,80,0,0,0,94,8,22,0,0,72,71
Andrew Homer,41269,TE,MIAMI OH,9,35.6,0,221,63.0,54.8,66.8,0,1,18,11.5,11.6,97.2,1,1,0,80,0,0,0,225,19,164,0,0,61,122
Kolby Borders,145815,G,MIAMI OH,7,100.0,0,221,67.6,27.0,77.0,0,2,30,100.0,100.0,96.7,1,2,0,80,0,46,0,80,33,33,19,15,47,0
Alec Burton,77884,TE,OHIO,12,59.7,0,259,59.3,67.3,48.8,0,1,23,31.5,30.8,97.8,1,1,0,80,0,0,0,134,24,78,0,0,56,51
Dominick Mazotti,98717,TE,S JOSE ST,9,41.9,0,285,58.3,66.2,66.8,0,1,18,14.2,14.6,97.2,3,1,0,80,0,0,0,191,19,130,0,1,61,126
Shai Werts,40384,WR,LOUISVILLE,8,46.0,0,210,53.5,,70.2,0,0,0,0.0,0.0,,0,0,0,80,0,0,0,174,0,92,0,0,80,0
Jett Duncan,121886,G,N TEXAS,6,100.0,0,251,50.8,77.0,47.2,0,0,25,100.0,100.0,100.0,0,0,0,80,0,0,0,80,26,26,80,0,54,0
Caleb McMillan,100866,WR,MARSHALL,12,58.8,0,214,63.7,,72.6,0,0,0,0.0,0.0,,0,0,0,80,0,0,0,136,0,56,0,0,80,0
Keyvone Lee,129790,HB,PENN STATE,13,24.0,0,266,68.5,66.3,61.7,0,2,47,25.0,24.9,97.9,0,2,0,80,0,0,0,333,48,193,0,0,32,0
Will McDonald,97835,C,COAST CAR,6,100.0,0,141,67.9,3.7,73.3,0,1,20,100.0,100.0,97.5,0,1,0,79,54,25,0,79,21,21,0,0,58,0
Dillon Gabriel,86272,QB,UCF,3,36.9,0,323,76.1,,60.2,0,0,0,0.0,0.0,,1,0,0,79,0,0,0,214,0,128,0,0,79,0
Trey Pugh,57358,TE,NWESTERN,7,51.3,0,256,41.2,33.4,42.2,0,1,6,7.8,7.4,91.7,1,1,0,79,0,0,0,154,6,81,0,0,73,97
KT Leveston,77487,G,KANSAS ST,9,100.0,0,199,61.4,60.1,60.3,0,0,22,100.0,100.0,100.0,1,0,0,79,0,20,39,79,26,26,20,0,53,0
Keaontay Ingram,77761,HB,USC,10,18.5,0,326,87.3,24.0,59.9,1,4,58,24.4,24.6,92.2,0,7,2,79,0,0,0,427,61,248,0,0,18,0
Dylan Goffney,144361,WR,SMU,7,43.4,1,287,64.9,,64.2,0,0,0,0.0,0.0,,1,0,0,79,0,0,0,182,0,103,0,0,79,0
Justin Dutton,58496,G,ARK STATE,1,100.0,0,113,50.9,32.1,57.7,2,4,45,100.0,100.0,93.3,1,6,0,79,0,0,0,79,49,49,79,0,30,0
Erik Brooks,84187,WR,FRESNO ST,13,29.3,0,169,55.9,,55.4,0,0,0,0.0,0.0,,1,0,0,79,0,0,0,270,0,191,0,0,79,1
Eddie Rivas,59955,T,TEXAS ST,2,100.0,1,314,48.0,28.9,51.5,1,3,45,100.0,100.0,95.6,1,4,0,79,0,38,0,79,46,46,0,41,33,0
James Charles,40069,HB,FAU,12,33.5,0,165,65.2,54.1,65.2,0,2,33,24.3,24.5,93.9,1,3,1,79,0,0,0,236,36,147,0,0,43,0
Malikhi Miller,101353,WR,S JOSE ST,10,37.8,0,285,60.8,,73.4,0,0,0,0.0,0.0,,0,0,0,79,0,0,0,209,0,130,0,0,79,0
Jaison Patterson,145654,HB,BOWL GREEN,10,30.6,0,122,68.6,77.0,45.5,0,0,43,27.7,28.3,97.7,0,1,1,79,0,0,0,258,45,159,0,0,34,3
Jacob Hopper,121421,TE,S ALABAMA,9,73.6,0,288,55.7,60.7,38.9,0,3,18,40.0,40.4,91.7,0,3,0,78,0,0,0,106,19,47,0,0,59,101
Tyler Shough,83537,QB,TEXAS TECH,4,39.8,0,315,76.9,,60.0,0,0,0,0.0,0.0,,0,0,0,78,0,0,0,196,0,110,0,0,78,0
Hunter Anthony,77458,G,OKLA STATE,8,98.7,0,262,70.5,82.3,68.8,0,0,18,94.7,95.2,100.0,0,0,0,78,0,37,0,79,20,21,26,0,58,16
Albert Reese IV,146848,G,MISS STATE,3,100.0,0,227,64.9,84.5,52.6,1,0,65,100.0,100.0,99.2,0,1,0,78,0,0,0,78,66,66,53,25,12,0
Tyson Mobley,122350,WR,COAST CAR,12,56.5,0,141,59.7,,65.8,0,0,0,0.0,0.0,,0,0,0,78,0,0,0,138,0,59,0,0,78,2
Jarrett Bell,81554,C,ARIZONA ST,4,100.0,0,110,59.7,65.0,57.4,1,3,40,100.0,100.0,95.0,0,4,0,78,76,0,0,78,41,41,0,0,37,2
Dontae Lucas,98047,G,FLORIDA ST,2,100.0,0,167,47.1,82.4,46.5,0,1,35,100.0,100.0,98.6,3,1,0,78,0,1,0,78,42,42,77,0,36,0
Dajon Richard,97174,HB,SO MISS,11,32.9,0,296,76.1,22.7,58.6,0,2,44,44.0,43.6,90.9,1,5,3,78,0,0,0,237,48,110,0,0,30,0
Amir Abdur-Rahman,84499,WR,VANDERBILT,9,42.9,0,333,63.1,,66.7,0,0,0,0.0,0.0,,0,0,0,78,0,0,0,182,0,104,0,0,78,2
Hadley Panzer,144598,G,KANSAS ST,9,100.0,0,199,55.1,65.6,52.5,0,1,28,100.0,100.0,98.2,0,1,0,78,0,0,0,78,31,31,78,0,47,0
Ryan Davis,97321,WR,UAB,9,53.1,0,321,72.7,,61.4,0,0,0,0.0,0.0,,2,0,0,77,0,0,0,145,0,68,0,0,77,0
Titus Mokiao-Atimalala,144464,WR,UCF,12,43.5,0,323,59.6,,63.8,0,0,0,0.0,0.0,,0,0,0,77,0,0,0,177,0,100,0,0,77,2
Brayden Swartout,145732,T,C MICHIGAN,2,100.0,1,134,58.5,35.9,74.2,1,1,32,100.0,100.0,93.7,3,3,1,77,0,0,2,77,34,34,0,74,43,1
Jordan Myers,41521,HB,RICE,11,21.8,0,275,75.1,58.6,68.7,0,3,39,18.5,18.9,96.2,0,3,0,77,0,0,0,354,43,228,0,0,34,13
Sam Barczak,102831,G,ARMY,4,100.0,0,114,75.2,88.3,73.3,0,0,3,100.0,100.0,100.0,0,0,0,77,0,0,0,77,4,4,75,0,73,0
Robert French,75920,TE,RICE,12,30.1,0,275,46.8,64.0,41.2,0,0,1,0.6,0.6,100.0,0,0,0,77,0,0,0,256,1,180,0,0,76,84
Evan Henry,98085,G,LA MONROE,3,100.0,0,209,51.7,63.4,51.4,0,2,41,100.0,100.0,97.6,1,2,0,77,0,0,0,77,46,46,77,0,31,0
Keyon Lesane,97464,WR,NC STATE,11,47.8,0,248,61.8,,65.1,0,0,0,0.0,0.0,,0,0,0,77,0,0,0,161,0,82,0,0,77,0
Cavon Croom,100271,WR,BOWL GREEN,12,24.9,1,122,54.2,,62.1,0,0,0,0.0,0.0,,1,0,0,77,0,0,0,309,0,232,0,0,77,10
Eric Gray,99143,HB,OKLAHOMA,13,23.2,0,261,76.4,39.5,61.3,0,4,43,20.4,21.6,95.3,0,4,0,76,0,0,0,328,48,222,0,0,28,2
Oliver Martin,61438,WR,NEBRASKA,6,46.3,0,238,67.1,,65.9,0,0,0,0.0,0.0,,1,0,0,76,0,0,0,164,0,88,0,0,76,1
Aidan Rafferty,81677,T,INDIANA,7,100.0,0,190,72.0,52.6,72.9,1,0,24,100.0,100.0,97.9,0,1,0,76,0,0,11,76,26,26,0,65,50,0
Trevor Hohlt,61161,WR,BALL ST,13,37.4,0,117,57.1,,52.1,0,0,0,0.0,0.0,,0,0,0,76,0,0,0,203,0,126,0,0,76,0
Tyler Buchner,147472,QB,NOTRE DAME,10,46.6,0,258,71.7,,60.0,0,0,0,0.0,0.0,,0,0,0,76,0,0,0,163,0,43,0,0,76,0
Malik Davis,57196,HB,FLORIDA,12,21.3,0,163,77.8,37.4,57.4,0,3,20,10.0,10.1,92.5,2,3,0,76,0,0,0,356,21,207,0,0,55,1
Enokk Vimahi,101548,T,OHIO STATE,4,100.0,0,260,65.4,60.5,64.3,0,1,25,100.0,100.0,98.0,1,1,0,76,0,2,74,76,26,26,0,0,50,0
Lake McRee,146418,TE,USC,4,49.4,0,326,62.8,70.6,58.7,0,0,2,2.8,3.7,100.0,1,0,0,76,0,0,0,154,3,81,0,0,73,38
Robin Van Der Laan,151037,T,E CAROLINA,3,100.0,1,156,61.0,53.1,69.7,0,3,46,100.0,100.0,94.6,1,4,1,76,0,0,0,76,47,47,0,76,29,0
Daniel Imatorbhebhe,39379,TE,KANSAS ST,12,41.9,0,199,72.2,63.7,50.6,0,0,8,7.3,7.1,100.0,0,0,0,75,0,0,0,179,8,112,0,0,67,116
Larry McCammon III,97309,HB,FAU,11,39.7,0,165,63.8,40.5,57.9,1,1,21,20.6,21.2,90.5,0,3,1,75,0,0,0,189,22,104,0,0,53,0
DJ Johnson,56704,ED,OREGON,8,76.5,0,264,58.1,66.3,50.6,0,0,2,8.7,8.0,100.0,1,0,0,75,0,0,0,98,2,25,0,0,73,78
Joshua Fleeks,78088,WR,BAYLOR,8,56.4,0,118,67.3,,58.3,0,0,0,0.0,0.0,,0,0,0,75,0,0,0,133,0,55,0,0,75,0
D.J. Jones,122840,HB,N CAROLINA,9,30.6,0,245,74.5,85.4,64.2,0,1,55,36.4,34.6,97.3,0,2,1,74,0,0,0,242,56,162,0,0,18,0
Ja'Quavion Fraziars,124375,WR,FLORIDA,11,54.4,1,163,56.8,,65.7,0,0,0,0.0,0.0,,1,0,0,74,0,0,0,136,0,62,0,0,74,1
T.J. Pledger,77755,HB,UTAH,14,21.8,0,328,78.0,51.9,56.6,1,1,39,20.1,21.6,97.4,0,2,0,74,0,0,0,339,44,204,0,0,30,1
Aaron Jarman,77894,TE,E CAROLINA,11,90.2,0,156,47.2,72.0,47.7,0,0,6,42.9,46.7,100.0,0,0,0,74,0,0,0,82,7,15,0,0,67,67
B.J. Baylor,52122,HB,OREGON ST,13,17.2,0,265,82.3,14.5,55.3,1,5,30,20.5,22.4,90.0,0,6,0,74,0,0,0,431,35,156,0,0,39,0
Marcus Dumervil,124091,T,LSU,6,93.7,0,211,65.1,45.5,68.8,0,1,23,82.1,82.1,97.8,0,1,0,74,0,0,7,79,23,28,20,16,51,36
Clayton Franks,77491,C,TEXAS TECH,3,100.0,0,315,56.4,54.2,56.0,0,1,39,100.0,100.0,98.7,0,1,0,74,49,0,0,74,40,40,25,0,34,0
Cam'Ron Ransom,147110,QB,GA SOUTHRN,9,37.2,0,174,56.8,,60.0,0,0,0,0.0,0.0,,0,0,0,74,0,0,0,199,0,103,0,0,74,0
Parker Ball,99048,C,TENNESSEE,5,100.0,0,307,53.6,18.9,59.7,0,3,25,100.0,100.0,94.0,0,3,0,74,74,0,0,74,27,27,0,0,47,0
Donnell Wilson,98382,T,COAST CAR,7,100.0,0,141,79.2,83.4,74.5,0,0,19,100.0,100.0,100.0,0,0,0,74,0,0,73,74,20,20,0,0,54,1
Malachi Thomas,144107,HB,VA TECH,10,35.7,0,337,72.2,40.2,53.2,0,2,34,47.9,46.6,94.1,0,3,1,74,0,0,0,207,34,73,0,0,40,1
Keyon Mozee,145809,HB,MIAMI OH,13,31.4,0,221,71.6,67.0,63.1,1,1,49,55.1,54.6,98.0,0,2,0,74,0,0,0,236,53,97,0,0,21,0
Carter Ware,61032,TE,TCU,4,75.3,0,305,53.6,75.2,63.5,0,0,13,37.1,35.1,100.0,0,0,0,73,0,0,0,97,13,37,0,0,60,68
Jeremy Flax,124061,T,KENTUCKY,8,100.0,0,202,66.8,55.1,73.3,0,2,35,100.0,100.0,94.3,1,3,1,73,0,0,45,73,35,35,0,21,38,7
Snoop Conner,99163,HB,OLE MISS,13,22.5,1,226,75.6,34.8,60.2,0,1,37,23.9,24.8,93.2,2,3,2,73,0,0,0,325,40,161,0,0,33,0
Jerry Johnson III,97649,FB,RICE,12,98.6,0,275,53.1,75.6,52.4,0,0,5,83.3,83.3,100.0,0,0,0,73,0,0,0,74,5,6,0,0,68,0
Tommy Brown,81543,G,ALABAMA,8,100.0,0,103,73.9,74.9,73.5,0,1,31,100.0,100.0,95.2,1,2,1,73,0,66,0,73,32,32,7,0,41,0
Ahmarean Brown,97164,WR,S CAROLINA,13,43.7,0,289,61.1,,63.2,0,0,0,0.0,0.0,,0,0,0,73,0,0,0,167,0,93,0,0,73,2
Chris Tyree,122913,HB,NOTRE DAME,11,29.7,0,258,70.7,62.8,58.0,0,2,45,29.0,29.4,97.8,0,2,0,73,0,0,0,246,48,163,0,0,25,0
Alex Brown,98213,WR,WYOMING,10,45.3,0,351,52.0,,62.1,0,0,0,0.0,0.0,,0,0,0,73,0,0,0,161,0,88,0,0,73,0
J.J. McCarthy,144918,QB,MICHIGAN,11,44.0,0,222,84.0,,60.0,0,0,0,0.0,0.0,,0,0,0,73,0,0,0,166,0,71,0,0,73,0
Brandon Hayes,121459,WR,SO MISS,2,77.7,0,296,59.2,61.9,61.0,0,0,1,4.5,4.5,100.0,0,0,0,73,0,0,0,94,1,22,0,0,72,0
Austin Jarrard,144644,TE,OKLA STATE,4,80.2,0,262,53.0,74.1,55.9,0,0,5,23.8,21.7,100.0,1,0,0,73,0,0,0,91,5,23,0,2,68,67
George Holani,72154,HB,BOISE ST,9,22.8,0,120,81.3,59.5,73.9,2,5,45,27.1,27.6,92.2,1,7,0,73,0,0,0,320,48,174,0,0,25,0
Bam Knight,97432,HB,NC STATE,12,18.4,0,248,75.1,62.5,63.7,1,4,50,21.9,23.4,93.0,1,6,1,73,0,0,0,396,56,239,0,0,17,0
Heron Maurisseau,78069,WR,UCONN,12,40.1,0,146,57.5,,62.4,0,0,0,0.0,0.0,,0,0,0,73,0,0,0,182,0,105,0,0,73,0
Ta'Zhawn Henry,77776,HB,HOUSTON,13,21.7,0,182,74.1,47.5,60.3,1,5,50,25.9,25.7,92.0,0,7,1,73,0,0,0,336,52,202,0,0,21,0
Maurice Ta'ala,128215,C,HAWAII,3,100.0,0,180,54.0,80.3,48.1,0,1,39,100.0,100.0,98.7,0,1,0,73,72,1,0,73,41,41,0,0,32,0
Timothy Shafter,60140,T,TULANE,8,100.0,0,319,63.6,67.4,65.8,1,0,22,100.0,100.0,97.7,1,1,0,73,0,2,3,73,22,22,19,48,51,1
Adam Jones,104182,WR,ARK STATE,11,33.6,0,113,66.7,,61.5,0,0,0,0.0,0.0,,0,0,0,73,0,0,0,217,0,144,0,0,73,0
Tony Grimes Jr.,130292,WR,AKRON,12,38.5,0,102,63.1,,58.5,0,0,0,0.0,0.0,,0,0,0,72,0,0,0,187,0,115,0,0,72,2
Julian Fleming,129745,WR,OHIO STATE,8,40.9,0,260,62.1,,68.1,0,0,0,0.0,0.0,,0,0,0,72,0,0,0,176,0,104,0,0,72,3
Kobe Smith,84397,WR,S DIEGO ST,6,51.4,0,284,51.1,,50.5,0,0,0,0.0,0.0,,1,0,0,72,0,0,0,140,0,68,0,0,72,0
Braden Galloway,77891,TE,CLEMSON,6,51.4,0,140,47.8,64.2,65.6,0,1,12,15.8,15.0,95.8,0,1,0,72,0,0,0,140,12,80,0,0,60,90
Cyrus Habibi-Likio,57379,HB,BOISE ST,11,22.3,0,120,69.0,37.0,48.1,3,2,42,23.1,24.3,94.0,0,5,0,72,0,0,0,323,46,189,0,0,26,0
BJ Etienne,59686,T,FAU,2,100.0,0,165,64.6,80.5,63.3,0,0,28,100.0,100.0,96.4,1,1,1,72,0,0,0,72,28,28,0,70,44,2
Noah Cain,97185,HB,PENN STATE,13,20.6,0,266,64.9,24.9,41.0,0,1,44,21.5,22.6,96.6,1,2,1,72,0,0,0,349,49,217,0,0,23,0
Tyler Nevens,52262,HB,S JOSE ST,11,22.9,0,285,82.3,37.3,64.8,1,0,47,41.2,40.2,96.8,1,2,1,72,0,0,0,314,49,122,0,0,23,0
Khamran Laborn,145682,WR,BUFFALO,11,48.6,0,126,55.3,,59.9,0,0,0,0.0,0.0,,1,0,0,72,0,0,0,148,0,75,0,0,72,0
La'Darius Jefferson,83704,HB,W MICHIGAN,12,18.2,1,347,77.7,68.0,84.2,0,1,45,25.7,28.1,98.9,2,1,0,71,0,0,0,391,52,185,0,0,19,0
Travis Levy,57164,HB,BOSTON COL,12,26.5,0,121,65.7,51.5,66.7,1,4,48,26.4,26.3,94.8,1,5,0,71,0,0,0,268,50,190,0,0,21,0
Carson Kaleo,123632,WR,FIU,9,37.2,0,166,50.3,,70.2,0,0,0,0.0,0.0,,1,0,0,71,0,0,0,191,0,120,0,0,71,0
Darius Lewis,97170,WR,GA SOUTHRN,8,62.8,0,174,52.3,,68.9,0,0,0,0.0,0.0,,0,0,0,71,0,0,0,113,0,42,0,0,71,0
Alante Brown,97171,WR,NEBRASKA,9,60.7,0,238,57.9,,60.4,0,0,0,0.0,0.0,,0,0,0,71,0,0,0,117,0,46,0,0,71,2
Jordan McCloud,101058,QB,ARIZONA,3,40.3,0,109,57.5,,60.0,0,0,0,0.0,0.0,,1,0,0,71,0,0,0,176,0,95,0,0,71,0
Drue Jackson,84504,WR,TEXAS ST,12,34.3,1,314,60.2,,57.3,0,0,0,0.0,0.0,,1,0,0,71,0,0,0,207,0,136,0,0,71,0
Tayon Fleet-Davis,57290,HB,MARYLAND,13,15.9,0,215,72.3,19.0,40.7,1,2,38,13.9,13.7,96.1,1,3,0,71,0,0,0,446,39,285,0,0,32,0
Zach Charbonnet,97630,HB,UCLA,12,13.6,0,324,89.4,44.5,59.5,1,1,29,11.2,10.5,93.1,0,3,1,71,0,0,0,523,29,276,0,0,42,0
Malik Jackson,84267,HB,LA MONROE,11,27.7,0,209,68.1,25.7,49.9,1,4,20,17.4,16.8,87.5,1,5,0,71,0,0,0,256,21,125,0,0,50,0
Tyler Wagner,122363,G,COAST CAR,6,100.0,0,141,66.6,13.9,70.8,0,2,18,100.0,100.0,94.4,0,2,0,71,15,54,0,71,19,19,2,0,52,0
Will Farniok,81750,C,TULSA,2,100.0,0,320,71.2,75.7,67.2,1,0,23,100.0,100.0,97.8,0,1,0,71,71,0,0,71,24,24,0,0,47,0
Tarique Milton,61328,WR,IOWA STATE,12,42.8,0,193,69.4,,51.1,0,0,0,0.0,0.0,,0,0,0,71,0,0,0,166,0,95,0,0,71,0
Jordan Kress,98740,WR,COLO STATE,8,49.0,0,144,54.5,,63.2,0,0,0,0.0,0.0,,0,0,0,71,0,0,0,145,0,73,0,0,71,11
Billy Bob Humphreys,41875,TE,S JOSE ST,6,70.3,0,285,47.5,41.7,55.8,0,2,7,20.0,21.1,85.7,0,2,0,71,0,0,0,101,8,38,0,0,63,84
Hunter Johnson,60362,QB,NWESTERN,3,40.1,0,256,55.7,,60.7,0,0,0,0.0,0.0,,3,0,0,71,0,0,0,177,0,98,0,0,71,0
Porter Rooks,122883,WR,NC STATE,12,25.8,0,248,59.2,,57.6,0,0,0,0.0,0.0,,0,0,0,71,0,0,0,275,0,204,0,0,71,0
Carter Selzer,60959,TE,MICHIGAN,12,63.1,0,222,56.5,72.8,67.6,0,0,7,16.7,14.6,100.0,1,0,0,70,0,0,0,111,7,48,0,0,63,81
Ricky Person Jr.,77725,HB,NC STATE,12,17.9,1,248,71.5,28.3,81.4,0,4,54,23.3,23.8,92.6,2,6,2,70,0,0,0,392,58,244,0,0,12,0
Chance Luper,124210,WR,MISSOURI,9,28.1,1,229,54.5,62.1,64.7,0,0,1,0.6,0.6,100.0,1,0,0,70,0,0,0,249,1,179,0,0,69,0
Kobe Pace,122155,HB,CLEMSON,11,25.6,0,140,77.8,75.6,46.4,0,1,39,29.5,30.0,98.7,2,1,0,70,0,0,0,273,42,140,0,0,28,0
Kevin Harris,99141,HB,S CAROLINA,12,19.8,0,289,80.2,58.6,45.5,0,3,42,25.8,25.3,94.0,1,4,1,70,0,0,0,354,43,170,0,0,27,0
Jonah Panoke,97798,WR,HAWAII,10,38.9,0,180,64.7,,51.8,0,0,0,0.0,0.0,,0,0,0,70,0,0,0,180,0,110,0,0,70,0
Logan Brown,101566,T,WISCONSIN,7,100.0,0,349,68.8,57.5,72.0,0,1,17,100.0,100.0,97.1,1,1,0,70,0,0,70,70,17,17,0,0,53,0
Cornelious Brown IV,98356,QB,GA STATE,5,37.7,0,175,43.5,,60.0,0,0,0,0.0,0.0,,0,0,0,69,0,0,0,183,0,98,0,0,69,0
Patrick Smith,146956,HB,VANDERBILT,10,24.1,0,333,67.8,28.6,54.9,1,4,40,23.7,24.0,91.2,1,6,1,69,0,0,0,286,43,179,0,0,26,0
Baylor Cupp,98500,TE,TEXAS A&M,8,78.4,0,312,53.8,31.6,60.7,0,0,3,13.6,13.6,100.0,0,0,0,69,0,0,0,88,3,22,0,0,66,80
Cam'Ron Harris,77728,HB,MIAMI FL,6,25.7,0,220,72.6,69.6,73.9,0,2,51,30.2,29.9,96.1,1,3,1,69,0,0,0,268,53,177,0,0,16,0
Darion Williamson,122425,WR,FLORIDA ST,12,43.4,0,167,65.4,,55.4,0,0,0,0.0,0.0,,0,0,0,69,0,0,0,159,0,90,0,0,69,0
Weston Franklin,143913,C,GA TECH,5,100.0,1,176,33.4,0.0,57.1,0,4,38,100.0,100.0,89.5,2,6,2,69,69,0,0,69,41,41,0,0,28,0
Addison Penn,122380,C,DUKE,5,100.0,0,154,53.3,52.2,54.2,0,1,27,100.0,100.0,98.1,0,1,0,69,69,0,0,69,27,27,0,0,42,0
Martell Pettaway,40633,HB,MIDDLE TN,11,25.8,0,224,68.4,48.1,57.3,2,0,33,22.3,22.9,93.9,1,3,1,69,0,0,0,267,35,153,0,0,34,0
Greg Crippen,144924,C,MICHIGAN,6,100.0,0,222,59.2,61.4,58.3,0,0,20,100.0,100.0,95.0,0,1,1,69,69,0,0,69,24,24,0,0,45,0
Stephen Carr,57453,HB,INDIANA,9,19.4,0,190,80.5,47.6,56.8,0,4,43,25.9,25.4,90.7,1,6,2,69,0,0,0,355,45,177,0,0,24,0
Anthony Richardson,124393,QB,FLORIDA,8,35.4,0,163,74.8,,60.0,0,0,0,0.0,0.0,,0,0,0,68,0,0,0,192,0,79,0,0,68,0
Jackson Filipowicz,121567,C,ARMY,5,100.0,0,114,69.4,91.9,66.1,0,0,2,100.0,100.0,100.0,0,0,0,68,65,0,0,68,3,3,0,0,65,0
Coby Cavil,147176,WR,LA MONROE,7,58.1,0,209,63.9,,45.4,0,0,0,0.0,0.0,,0,0,0,68,0,0,0,117,0,49,0,0,68,0
SaRodorick Thompson,77777,HB,TEXAS TECH,11,21.8,0,315,75.3,37.7,87.8,0,3,23,15.0,14.6,93.5,0,3,0,68,0,0,0,312,23,157,0,0,45,0
Jaylan Franklin,81987,TE,WISCONSIN,7,85.0,0,349,60.0,69.9,62.8,0,0,2,14.3,14.3,100.0,0,0,0,68,0,0,0,80,2,14,0,0,66,77
Jeremiah Hunter,131650,WR,CAL,9,33.5,0,130,79.3,,69.6,0,0,0,0.0,0.0,,0,0,0,68,0,0,0,203,0,135,0,0,68,1
Tiyon Evans,146928,HB,TENNESSEE,7,31.6,0,307,81.3,44.9,51.9,0,3,46,42.6,42.7,96.7,1,3,0,68,0,0,0,215,47,110,0,0,21,0
Lincoln Victor,97215,WR,WASH STATE,13,32.4,0,341,71.9,,47.7,0,0,0,0.0,0.0,,1,0,0,67,0,0,0,207,0,136,0,0,67,3
Avery Reece,97824,C,GA STATE,5,100.0,0,175,55.7,29.5,60.1,0,2,31,100.0,100.0,96.8,0,2,0,67,66,0,0,67,32,32,0,0,35,0
Moochie Dixon,123112,WR,TEXAS,11,45.6,0,311,62.5,,57.9,0,0,0,0.0,0.0,,0,0,0,67,0,0,0,147,0,80,0,0,67,0
Michael Wiley,98617,HB,ARIZONA,11,19.9,0,109,66.2,32.0,56.2,0,6,36,17.8,18.2,91.7,0,6,0,67,0,0,0,336,39,214,0,0,28,0
Jared Casey,122553,TE,KANSAS,3,54.9,0,198,79.1,60.2,60.1,0,1,8,13.1,14.1,93.7,0,1,0,67,0,0,1,122,9,64,0,0,58,88
Ja'Markis Weston,98826,WR,FLORIDA,6,65.0,0,163,64.8,,55.2,0,0,0,0.0,0.0,,0,0,0,67,0,0,0,103,0,36,0,0,67,1
Jalen Guerrero,59926,T,FRESNO ST,3,100.0,1,169,55.7,66.4,52.9,0,1,22,100.0,100.0,97.7,1,1,0,67,0,0,0,67,23,23,0,67,44,0
Koby Drake,121761,WR,MEMPHIS,12,37.2,0,218,59.4,,64.1,0,0,0,0.0,0.0,,0,0,0,67,0,0,0,180,0,113,0,0,67,0
Kameren Stewart,98488,T,COAST CAR,7,100.0,0,141,62.9,60.3,61.6,1,0,18,100.0,100.0,97.2,0,1,0,67,0,0,14,67,19,19,0,53,48,0
Gerad Christian-Lichtenhan,131673,T,COLORADO,5,100.0,0,143,50.6,53.3,49.6,0,0,27,100.0,100.0,96.3,0,1,1,67,0,0,16,67,27,27,0,51,40,0
D.J. Matthews Jr.,61255,WR,INDIANA,4,45.0,0,190,69.9,62.1,66.2,0,0,1,1.3,1.2,100.0,0,0,0,67,0,0,0,149,1,81,0,0,66,0
Nick Abbs,81651,G,FRESNO ST,6,100.0,0,169,44.3,42.7,43.4,0,2,20,100.0,100.0,95.0,0,2,0,67,0,66,1,67,22,22,0,0,45,0
Cameron Sullivan-Brown,61594,WR,PENN STATE,13,35.3,0,266,51.1,,56.3,0,0,0,0.0,0.0,,1,0,0,67,0,0,0,190,0,123,0,0,67,0
Titus Swen,97314,HB,WYOMING,13,24.7,0,351,86.0,36.9,59.4,1,1,23,26.1,25.6,91.3,0,3,1,67,0,0,0,271,23,90,0,0,44,0
James Blackman,60382,QB,ARK STATE,6,22.6,0,113,71.0,,60.0,0,0,0,0.0,0.0,,2,0,0,67,0,0,0,297,0,227,0,0,67,0
Jake Briningstool,124831,TE,CLEMSON,8,63.5,0,140,75.3,67.9,71.0,0,0,3,7.7,7.3,100.0,0,0,0,66,0,0,0,104,3,41,0,0,63,62
Dashaun Davis,97178,WR,APP STATE,14,46.8,0,108,52.5,,52.4,0,0,0,0.0,0.0,,0,0,0,66,0,0,0,141,0,75,0,0,66,1
Jaden Payoute,99702,WR,VA TECH,7,58.4,0,337,58.7,,69.2,0,0,0,0.0,0.0,,0,0,0,66,0,0,0,113,0,47,0,0,66,0
Jamire Calvin,61807,WR,MISS STATE,13,17.6,0,227,57.5,,39.4,0,0,0,0.0,0.0,,3,0,0,66,0,0,0,375,0,309,0,0,66,0
Cameron Hairston,55122,WR,UCONN,8,47.5,0,146,54.9,,56.5,0,0,0,0.0,0.0,,1,0,0,66,0,0,0,139,0,73,0,0,66,0
Camari Williams,121877,WR,NAVY,9,88.0,0,237,52.3,12.0,54.7,0,0,0,0.0,10.0,,1,0,0,66,0,0,2,75,1,10,0,1,65,23
Silas Starr,131783,WR,STANFORD,8,28.8,0,300,50.9,,61.1,0,0,0,0.0,0.0,,0,0,0,66,0,0,0,229,0,163,0,0,66,0
Loic Fouonji,123139,WR,TEXAS TECH,8,42.3,0,315,60.9,,61.4,0,0,0,0.0,0.0,,1,0,0,66,0,0,0,156,0,90,0,0,66,0
Jontre Kirklin,55630,WR,LSU,9,44.0,0,211,56.1,,60.5,0,0,0,0.0,0.0,,1,0,0,66,0,0,0,150,0,73,0,0,66,0
ZaQuandre White,57205,HB,S CAROLINA,9,25.4,0,289,82.5,41.9,57.4,1,7,46,31.3,32.5,91.3,0,8,0,66,0,0,0,260,51,157,0,0,15,0
JoJo Earle,146588,WR,ALABAMA,12,39.1,1,103,62.6,,51.1,0,0,0,0.0,0.0,,2,0,0,66,0,0,0,169,0,103,0,0,66,0
Jonzell Norrils,130308,HB,AKRON,10,18.5,0,102,68.2,17.0,57.5,0,5,48,22.9,22.6,90.6,0,7,2,66,0,0,0,356,50,221,0,0,16,0
Dominique Johnson,123959,HB,ARKANSAS,13,24.1,1,111,82.3,56.1,62.3,1,1,18,15.4,14.4,94.4,1,2,0,65,0,0,0,270,18,125,0,0,47,1
Simon Dellinger,121566,T,ARMY,5,100.0,0,114,66.7,80.2,64.2,0,0,2,100.0,100.0,100.0,0,0,0,65,0,0,1,65,3,3,0,51,62,11
Jahmyl Jeter,77759,HB,TEXAS ST,12,28.6,0,314,82.7,70.7,47.2,0,4,39,38.6,40.0,94.9,0,4,0,65,0,0,0,227,44,110,0,0,21,0
Jamyest Williams,56165,HB,GA STATE,13,20.8,0,175,82.7,42.1,56.5,0,2,27,18.9,19.5,96.3,0,2,0,65,0,0,0,313,29,149,0,0,36,0
Christian Hoz,81565,G,ARK STATE,1,100.0,0,113,41.6,20.7,49.5,3,3,44,100.0,100.0,93.2,2,6,0,65,0,0,0,65,46,46,65,0,19,0
Ky Thomas,129669,HB,MINNESOTA,9,21.1,0,225,77.3,58.3,56.8,0,1,41,38.3,37.9,96.3,0,2,1,65,0,0,0,308,44,116,0,0,21,0
Jaylen Wright,146934,HB,TENNESSEE,9,29.7,1,307,72.8,19.5,67.7,0,6,43,40.6,42.7,90.7,1,7,1,65,0,0,0,219,50,117,0,0,15,0
Nick Ast,60416,WR,UTEP,13,67.7,0,330,55.9,45.7,55.6,0,1,1,3.1,3.1,50.0,0,1,0,65,0,0,0,96,1,32,0,0,64,6
Ja'Khi Douglas,122397,WR,FLORIDA ST,8,33.3,0,167,64.5,67.7,45.1,0,0,1,0.9,0.8,100.0,0,0,0,65,0,0,0,195,1,123,0,0,64,1
Jack Coco,62966,TE,GA TECH,7,82.3,0,176,58.5,77.4,63.1,0,0,12,48.0,50.0,100.0,1,0,0,65,0,0,0,79,14,28,0,0,51,64
Malachi Fields,151069,WR,VIRGINIA,12,31.1,0,335,59.3,,77.3,0,0,0,0.0,0.0,,1,0,0,65,0,0,0,209,0,144,0,0,65,8
Danny Motowski,104180,G,C MICHIGAN,1,100.0,0,134,51.3,15.2,60.1,3,1,43,100.0,100.0,90.7,0,6,2,65,0,65,0,65,44,44,0,0,21,0
Johncarlo Valentin,77447,G,BAYLOR,5,100.0,0,118,63.9,82.5,61.2,0,0,21,100.0,100.0,100.0,0,0,0,65,0,0,0,65,21,21,65,0,44,0
Kyle Monangai,129891,HB,RUTGERS,11,34.6,0,278,75.4,56.4,63.7,0,0,29,33.0,35.1,100.0,0,0,0,65,0,0,0,188,33,94,0,0,32,1
T.J. Jones,101706,WR,UAB,11,60.7,0,321,66.8,,59.0,0,0,0,0.0,0.0,,0,0,0,65,0,0,0,107,0,39,0,0,65,0
Isaiah Bowser,66123,HB,UCF,8,17.3,0,323,76.0,52.1,70.2,0,5,38,21.2,21.3,90.8,0,6,1,64,0,0,0,370,40,188,0,0,24,0
Brody Belt,83717,WR,NEBRASKA,8,51.2,0,238,63.3,25.7,55.1,0,2,16,25.4,23.9,93.7,0,2,0,64,0,0,0,125,16,67,0,0,48,2
Kyle Ford,71304,WR,USC,8,40.0,1,326,71.2,,54.3,0,0,0,0.0,0.0,,1,0,0,64,0,0,0,160,0,96,0,0,64,1
Wiley Green,75891,QB,RICE,4,46.4,0,275,72.8,,60.2,0,0,0,0.0,0.0,,1,0,0,64,0,0,0,138,0,72,0,0,64,0
Marlyn Johnson,98289,WR,BUFFALO,9,59.8,0,126,60.8,,62.5,0,0,0,0.0,0.0,,0,0,0,64,0,0,0,107,0,43,0,0,64,1
A.J. Henning,129580,WR,MICHIGAN,14,35.4,0,222,62.2,,51.1,0,0,0,0.0,0.0,,0,0,0,64,0,0,0,181,0,107,0,0,64,4
Seydou Traore,147046,TE,ARK STATE,12,29.1,0,113,49.6,75.0,59.9,0,0,6,3.9,3.7,100.0,1,0,0,64,0,0,0,220,6,162,0,0,58,171
Genson Hooper Price,98369,WR,NWESTERN,8,50.4,0,256,49.7,,82.6,0,0,0,0.0,0.0,,0,0,0,64,0,0,0,127,0,63,0,0,64,0
Amari Kight,99064,T,ALABAMA,7,100.0,0,103,86.9,56.4,87.0,0,0,21,100.0,100.0,95.2,0,1,1,64,0,0,62,64,21,21,0,2,43,0
Moose Muhammad III,124334,WR,TEXAS A&M,8,45.3,0,312,67.3,,61.1,0,0,0,0.0,0.0,,0,0,0,63,0,0,0,139,0,76,0,0,63,0
Noah Davis,41227,TE,CINCINNATI,10,92.6,0,138,71.0,58.1,70.5,0,1,9,64.3,64.3,94.4,1,1,0,63,0,0,0,68,9,14,0,0,54,61
Joseph Manjack IV,146413,WR,USC,11,43.8,1,326,61.3,,65.1,0,0,0,0.0,0.0,,1,0,0,63,0,0,0,144,0,81,0,0,63,0
Jermaine Brown Jr.,97084,HB,UAB,13,18.5,0,321,78.1,49.5,52.6,2,2,38,20.7,20.5,94.7,2,4,0,63,0,0,0,340,39,190,0,0,24,0
Fabian McCray,97862,WR,N ILLINOIS,14,65.6,0,254,58.0,,67.8,0,0,0,0.0,0.0,,0,0,0,63,0,0,0,96,0,33,0,0,63,0
Andrew Clair,57167,HB,NWESTERN,12,28.6,0,256,73.2,37.5,59.9,0,5,32,26.2,26.2,92.2,0,5,0,63,0,0,0,220,33,126,0,0,30,0
Drake Metcalf,131773,C,STANFORD,12,98.4,0,300,66.2,37.1,65.8,0,0,4,80.0,83.3,100.0,0,0,0,63,0,0,0,64,5,6,0,0,58,64
Jaden Bradley,144016,WR,PITTSBURGH,11,49.6,0,268,66.9,,57.7,0,0,0,0.0,0.0,,0,0,0,63,0,0,0,127,0,64,0,0,63,0
Gavin Yates,144514,TE,BAYLOR,13,69.2,0,118,72.8,46.6,62.8,0,0,5,16.1,15.6,100.0,0,0,0,63,0,0,0,91,5,32,0,0,58,76
Laquan Veney,147305,HB,ARMY,3,92.6,0,114,69.4,,63.0,0,0,0,0.0,0.0,,0,0,0,63,0,0,0,68,0,2,0,0,63,0
Jack Tuttle,83580,QB,INDIANA,6,36.8,0,190,42.5,,60.1,0,0,0,0.0,0.0,,0,0,0,63,0,0,0,171,0,105,0,0,63,0
Scott Breslin,98649,T,S JOSE ST,2,100.0,0,285,71.6,50.7,78.0,1,2,34,100.0,100.0,95.6,0,3,0,63,0,0,0,63,34,34,0,63,29,0
Cade Fortin,77620,QB,USF,5,50.8,0,327,44.9,,60.0,0,0,0,0.0,0.0,,0,0,0,63,0,0,0,124,0,54,0,0,63,0
Joseph Habinowski,130593,T,OHIO,3,100.0,0,259,64.8,79.0,62.2,0,2,32,100.0,100.0,96.9,1,2,0,63,0,0,63,63,40,40,0,0,23,0
John Gentry,128379,HB,UTAH ST,10,38.2,0,329,71.0,62.0,57.5,0,3,49,61.3,60.2,92.9,2,5,2,63,0,0,0,165,53,88,0,0,10,0
Chris Smith,83693,HB,LA LAFAYET,13,16.8,0,207,71.3,53.4,51.8,0,3,22,12.9,14.8,93.2,0,3,0,63,0,0,0,376,27,182,0,0,36,2
Treshaun Ward,99619,HB,FLORIDA ST,12,24.4,0,167,84.5,81.0,66.4,0,1,29,22.3,22.5,98.3,0,1,0,63,0,0,0,258,32,142,0,0,31,2
Kris Mitchell,97659,WR,FIU,9,47.4,0,166,65.1,,62.6,0,0,0,0.0,0.0,,1,0,0,63,0,0,0,133,0,70,0,0,63,0
Jerrion Ealy,97163,HB,OLE MISS,12,17.8,1,226,86.0,23.5,68.7,0,6,37,19.6,20.4,86.5,2,8,2,63,0,0,0,354,40,196,0,0,23,1
Trey Cooley,144150,HB,LOUISVILLE,12,27.2,0,210,68.4,52.7,58.7,0,2,33,30.3,28.9,93.9,0,3,1,63,0,0,0,232,33,114,0,0,30,0
Crishaun Lappin,84017,TE,NEVADA,13,73.8,0,239,51.3,36.0,63.2,0,0,5,20.0,24.1,100.0,1,0,0,62,0,0,2,84,7,29,0,0,55,65
Katravis Marsh,123289,QB,USF,4,57.4,0,327,46.1,,60.0,0,0,0,0.0,0.0,,0,0,0,62,0,0,0,108,0,44,0,0,62,0
Robbie Ouzts,146594,TE,ALABAMA,9,82.7,0,103,45.9,73.5,50.8,0,0,5,27.8,27.8,100.0,0,0,0,62,0,0,0,75,5,18,0,0,57,48
Drake Anderson,83729,HB,ARIZONA,11,20.0,0,109,70.1,51.4,56.6,0,2,36,19.1,20.8,97.2,1,2,0,62,0,0,0,310,42,202,0,0,20,0
Ronnie Walker Jr.,83681,HB,VIRGINIA,9,67.4,0,335,62.8,45.3,52.4,1,4,36,62.1,59.7,93.1,0,5,0,62,0,0,0,92,37,62,0,0,25,0
Jalen White,122464,HB,GA SOUTHRN,12,36.5,0,174,77.3,54.4,42.1,0,1,13,24.5,24.1,96.2,1,1,0,62,0,0,0,170,13,54,0,0,49,0
Colin Grunhard,59979,G,KANSAS,2,100.0,0,198,57.0,78.3,57.1,0,0,29,100.0,100.0,100.0,1,0,0,62,0,0,0,62,30,30,62,0,32,0
Zion Bowens,128192,WR,HAWAII,11,29.2,0,180,60.8,,52.1,0,0,0,0.0,0.0,,0,0,0,62,0,0,0,212,0,150,0,0,62,0
D'vonte Price,55158,HB,FIU,9,19.0,0,166,77.4,54.4,59.5,2,4,51,28.3,28.2,94.1,0,6,0,62,0,0,0,326,53,188,0,0,9,0
Cade Sutherland,61636,WR,S ALABAMA,12,43.4,0,288,58.8,,52.1,0,0,0,0.0,0.0,,0,0,0,62,0,0,0,143,0,81,0,0,62,0
Dillon Johnson,124176,HB,MISS STATE,13,12.0,0,227,69.8,45.5,49.3,1,1,41,10.6,10.6,95.1,1,3,1,62,0,0,0,517,43,406,0,0,19,7
Joey Hobert,131934,WR,WASH STATE,13,43.7,0,341,69.9,,45.8,0,0,0,0.0,0.0,,0,0,0,62,0,0,0,142,0,80,0,0,62,2
Raheim Sanders,146626,HB,ARKANSAS,13,23.5,0,111,75.4,29.5,47.5,0,4,22,21.4,21.1,81.8,0,6,2,62,0,0,0,264,23,109,0,0,39,0
Trelon Smith,57135,HB,ARKANSAS,13,21.8,0,111,68.8,29.7,50.9,0,2,22,18.5,17.7,95.5,1,2,0,62,0,0,0,284,22,124,0,0,40,1
Jahkai Gill,101110,WR,UCONN,8,37.3,0,146,53.7,,52.6,0,0,0,0.0,0.0,,0,0,0,62,0,0,0,166,0,104,0,0,62,0
Malachi Holt-Bennett,144832,WR,INDIANA,8,47.3,0,190,55.4,,61.0,0,0,0,0.0,0.0,,0,0,0,62,0,0,0,131,0,69,0,0,62,0
Bryn Tucker,122161,G,CLEMSON,4,100.0,0,140,58.7,83.8,53.5,0,0,30,100.0,100.0,100.0,0,0,0,62,0,48,0,62,31,31,13,0,31,0
Jhaylin Embry,130361,WR,BOWL GREEN,12,39.1,0,122,62.9,,57.5,0,0,0,0.0,0.0,,1,0,0,61,0,0,0,156,0,77,0,0,61,3
Sean Pelkisson,122454,TE,GA SOUTHRN,8,70.9,0,174,59.4,74.1,66.7,0,0,5,16.7,16.7,100.0,0,0,0,61,0,0,0,86,5,30,0,0,56,25
Warren Bryan,101291,QB,AIR FORCE,5,71.8,0,101,80.7,,60.0,0,0,0,0.0,0.0,,0,0,0,61,0,0,0,85,0,11,0,0,61,0
Kelley Joiner Jr.,101124,HB,USF,12,25.7,0,327,79.3,62.9,55.1,0,1,36,27.3,28.8,98.6,1,1,0,61,0,0,0,237,40,139,0,0,21,0
Calvin Camp,61202,HB,CHARLOTTE,12,18.3,0,136,72.2,43.2,58.9,1,0,21,12.5,13.8,92.9,0,2,1,61,0,0,0,333,25,181,0,0,36,0
Dylan Downing,128352,HB,PURDUE,13,31.1,0,273,69.8,58.1,54.4,0,2,17,16.0,18.2,94.1,0,2,0,61,0,0,0,196,20,110,0,0,41,2
Woody Marks,124179,HB,MISS STATE,13,11.2,0,227,75.2,47.0,56.2,0,2,42,10.7,11.0,97.6,0,2,0,61,0,0,0,544,46,417,0,0,15,1
Anthony Gould,97078,WR,OREGON ST,13,33.5,0,265,69.6,,58.6,0,0,0,0.0,0.0,,0,0,0,61,0,0,0,182,0,116,0,0,61,5
Braden Smith,61460,WR,LOUISVILLE,4,39.4,1,210,63.4,,59.8,0,0,0,0.0,0.0,,1,0,0,61,0,0,0,155,0,93,0,0,61,0
Dylan Summers,109596,WR,E MICHIGAN,8,43.9,0,160,63.3,,77.5,0,0,0,0.0,0.0,,0,0,0,61,0,0,0,139,0,78,0,0,61,0
Rontavius Groves,40901,WR,TEXAS ST,8,35.7,0,314,50.5,,48.2,0,0,0,0.0,0.0,,2,0,0,61,0,0,0,171,0,110,0,0,61,0
Emeka Egbuka,145055,WR,OHIO STATE,8,50.0,0,260,72.8,,59.1,0,0,0,0.0,0.0,,1,0,0,61,0,0,0,122,0,61,0,0,61,0
Isaac Owusu-Appiah,98258,G,COAST CAR,6,100.0,0,141,60.3,71.3,58.5,1,0,17,100.0,100.0,97.1,0,1,0,60,0,0,0,60,18,18,60,0,42,0
Frank Peasant,121817,HB,MIDDLE TN,11,29.6,0,224,70.2,72.0,53.0,0,0,22,26.5,28.9,100.0,0,0,0,60,0,0,0,203,26,90,0,0,34,2
Sam Glover,121844,T,NAVY,6,100.0,0,237,58.5,43.4,59.8,0,2,15,100.0,100.0,93.3,0,2,0,60,0,0,45,60,15,15,0,15,45,0
Dahu Green,34850,WR,ARK STATE,10,29.0,0,113,72.3,,79.1,0,0,0,0.0,0.0,,0,0,0,60,0,0,0,207,0,147,0,0,60,0
Dylan Koch,40924,TE,BALL ST,3,75.0,1,117,63.1,53.0,62.5,0,0,9,31.0,33.3,100.0,1,0,0,60,0,0,0,80,10,30,0,0,50,76
Antoine Robinson,121473,WR,SO MISS,4,33.1,0,296,62.8,,69.4,0,0,0,0.0,0.0,,0,0,0,60,0,0,0,181,0,121,0,0,60,0
Everett Johnson,131652,G,CAL,2,100.0,0,130,45.2,59.7,39.2,1,0,33,100.0,100.0,98.5,1,1,0,60,0,56,0,60,34,34,4,0,26,0
Levar Gumms,78784,WR,C MICHIGAN,13,55.6,0,134,56.5,,50.5,0,0,0,0.0,0.0,,0,0,0,60,0,0,0,108,0,48,0,0,60,3
Charlie Brewer,60344,QB,UTAH,3,38.0,0,328,68.2,,60.0,0,0,0,0.0,0.0,,1,0,0,60,0,0,0,158,0,94,0,0,60,0
Elijah Carson,98526,G,FRESNO ST,5,100.0,0,169,62.9,81.4,60.1,0,0,18,100.0,100.0,100.0,0,0,0,60,0,0,1,60,20,20,58,0,40,1
Keith Pearson,55283,WR,CHARLOTTE,12,32.1,0,136,79.5,,73.5,0,0,0,0.0,0.0,,0,0,0,60,0,0,0,187,0,124,0,0,60,0
Jalen Cunningham,82340,G,OLE MISS,2,100.0,0,226,68.6,60.5,70.5,0,0,33,100.0,100.0,100.0,0,0,0,59,0,0,0,59,35,35,58,0,24,0
Gavin Gerhardt,123561,C,CINCINNATI,5,100.0,0,138,65.7,8.4,69.2,0,1,14,100.0,100.0,96.4,0,1,0,59,59,0,0,59,14,14,0,0,45,0
Dalton Rigdon,61729,WR,TEXAS TECH,12,34.7,0,315,61.4,,62.4,0,0,0,0.0,0.0,,0,0,0,59,0,0,0,170,0,110,0,0,59,1
Jabre Barber,123689,WR,TROY,12,21.5,0,318,59.6,62.1,46.9,0,0,1,0.5,0.5,100.0,1,0,0,59,0,0,0,275,1,216,0,0,58,1
Jacob Rodriguez,151095,WR,VIRGINIA,12,32.1,0,335,48.3,17.6,37.2,0,1,4,3.6,3.4,87.5,1,1,0,59,0,0,0,184,4,119,0,0,55,23
Bobby Wooden,128288,HB,NEW MEXICO,11,46.1,0,241,57.4,68.1,55.1,0,0,1,2.2,2.0,100.0,0,0,0,59,0,0,0,128,1,49,0,0,58,0
Broc Bando,59911,T,NEBRASKA,4,100.0,0,238,63.9,49.6,64.2,2,0,19,100.0,100.0,94.7,0,2,0,59,0,5,0,59,19,19,24,30,40,0
Xavier Gravette,87707,TE,COAST CAR,7,64.8,0,141,71.8,73.3,64.6,0,0,7,18.4,17.9,100.0,1,0,0,59,0,0,0,91,7,39,0,0,52,84
Isaiah Johnson,121892,HB,N TEXAS,10,31.1,0,251,81.3,65.7,56.6,1,0,42,48.3,47.8,96.4,0,2,1,59,0,0,0,190,43,90,0,0,16,0
Jaxson Kincaide,40415,HB,W MICHIGAN,13,29.9,0,347,76.8,79.9,50.1,0,0,25,32.9,33.3,100.0,0,0,0,59,0,0,0,197,27,81,0,0,32,1
Spencer Witter,99632,TE,BOSTON COL,8,57.4,0,121,52.3,32.4,52.0,1,1,7,14.0,14.0,85.7,1,2,0,58,0,0,0,101,7,50,0,0,51,88
Michael Wilson,84423,WR,STANFORD,5,32.2,1,300,62.9,,51.6,0,0,0,0.0,0.0,,1,0,0,58,0,0,0,180,0,122,0,0,58,1
Chandler Morris,122938,QB,TCU,4,34.5,0,305,79.4,,60.0,0,0,0,0.0,0.0,,1,0,0,58,0,0,0,168,0,98,0,0,58,0
Marquavius Weaver,57291,HB,MEMPHIS,12,30.7,0,218,65.6,55.2,49.4,1,1,32,29.4,29.9,90.6,0,4,2,58,0,0,0,189,35,117,0,0,23,2
DeMeer Blankumsee,130613,WR,TOLEDO,12,33.1,0,316,63.8,,67.8,0,0,0,0.0,0.0,,2,0,0,58,0,0,0,175,0,117,0,0,58,0
Pat Garwo III,97120,HB,BOSTON COL,12,15.8,0,121,76.1,14.9,61.0,2,1,22,18.6,18.9,88.6,0,4,1,58,0,0,0,367,23,122,0,0,35,0
Lideatrick Griffin,124169,WR,MISS STATE,10,21.4,0,227,63.9,,50.8,0,0,0,0.0,0.0,,1,0,0,58,0,0,0,271,0,213,0,0,58,0
Kilinahe Mendiola-Jensen,146198,WR,UNLV,7,41.7,0,325,60.8,,71.7,0,0,0,0.0,0.0,,0,0,0,58,0,0,0,139,0,81,0,0,58,0
Keenan Garber,99550,WR,KANSAS ST,10,60.4,0,199,59.4,,61.4,0,0,0,0.0,0.0,,0,0,0,58,0,0,0,96,0,37,0,0,58,0
Xavier Graham,98041,G,UMASS,4,100.0,0,216,58.6,64.8,61.9,0,1,36,100.0,100.0,98.6,1,1,0,57,0,6,0,57,41,41,51,0,16,0
Dewayne McBride,121495,HB,UAB,13,15.4,0,321,89.9,47.7,50.1,0,3,40,29.4,29.5,91.2,2,5,2,57,0,0,0,369,43,146,0,0,14,0
Reece Atteberry,129572,G,MICHIGAN,6,100.0,0,222,62.0,30.5,64.3,0,2,16,100.0,100.0,93.7,0,2,0,57,0,0,0,57,18,18,57,0,39,0
James Palmer,77906,TE,TULSA,8,64.8,0,320,60.7,69.1,63.6,0,0,2,6.3,6.1,100.0,0,0,0,57,0,0,0,88,2,33,0,0,55,86
Amir Rasul,39919,HB,MIDDLE TN,9,34.5,0,224,63.1,69.7,50.2,0,1,35,38.0,38.4,98.6,1,1,0,57,0,0,0,165,38,99,0,0,19,0
Tay Lanier,78216,WR,NEW MEXICO,9,40.1,0,241,55.1,,44.4,0,0,0,0.0,0.0,,0,0,0,57,0,0,0,142,0,85,0,0,57,0
D'Eriq King,26636,QB,MIAMI FL,3,24.7,1,220,81.3,,60.0,0,0,0,0.0,0.0,,1,0,0,57,0,0,0,231,0,159,0,0,57,0
Jirehl Brock,97291,HB,IOWA STATE,13,31.8,0,193,63.0,40.6,59.4,0,5,41,33.6,33.9,93.9,0,5,0,57,0,0,0,179,43,127,0,0,14,0
Justin Rogers,77666,QB,UNLV,6,38.5,0,325,53.2,,60.0,0,0,0,0.0,0.0,,2,0,0,57,0,0,0,148,0,85,0,0,57,0
Ray Ladner,58159,TE,SO MISS,11,89.1,0,296,55.2,69.8,57.1,0,0,2,22.2,22.2,100.0,0,0,0,57,0,0,0,64,2,9,0,0,55,56
Demick Starling,123792,WR,VIRGINIA,12,43.8,1,335,52.4,,51.1,0,0,0,0.0,0.0,,1,0,0,57,0,0,0,130,0,73,0,0,57,3
Sam Kenerson,122447,WR,GA SOUTHRN,5,56.4,0,174,44.9,,60.2,0,0,0,0.0,0.0,,0,0,0,57,0,0,0,101,0,36,0,0,57,0
Phil Mafah,144123,HB,CLEMSON,9,33.5,0,140,73.0,55.8,47.6,0,1,33,44.6,44.3,98.5,0,1,0,57,0,0,0,170,35,79,0,0,22,0
Garrett Nussmeier,146757,QB,LSU,4,46.7,0,211,66.8,,60.1,0,0,0,0.0,0.0,,0,0,0,57,0,0,0,122,0,63,0,0,57,0
Ron Cook Jr.,97070,HB,BUFFALO,12,22.2,0,126,75.7,72.9,63.5,1,0,23,18.1,20.7,97.8,0,1,0,57,0,0,0,257,29,140,0,0,28,0
Brady Cook,124199,QB,MISSOURI,5,39.9,0,229,68.0,,60.0,0,0,0,0.0,0.0,,0,0,0,57,0,0,0,143,0,75,0,0,57,0
Mike DiLiello,121801,QB,MIDDLE TN,12,34.1,0,224,54.3,,60.8,0,0,0,0.0,0.0,,2,0,0,57,0,0,0,167,0,60,0,0,57,0
Jack Clement,63443,C,KENT STATE,1,100.0,0,201,68.6,72.9,65.4,0,0,31,100.0,100.0,96.8,0,1,1,56,56,0,0,56,35,35,0,0,21,0
Alex Fontenot,57186,HB,COLORADO,12,23.0,0,143,69.2,45.0,62.4,0,4,33,28.2,28.5,93.9,0,4,0,56,0,0,0,244,35,123,0,0,21,0
Jawon Hamilton,28919,HB,E MICHIGAN,11,24.7,0,160,79.5,25.8,58.3,1,2,47,41.2,41.0,92.6,0,5,2,56,0,0,0,227,48,117,0,0,8,0
Montrell Johnson Jr.,147141,HB,LA LAFAYET,14,16.1,0,207,78.1,69.8,65.6,0,3,36,22.9,23.5,95.8,0,3,0,56,0,0,0,347,38,162,0,0,18,0
JJ Jefferson,84341,WR,NWESTERN,7,30.6,0,256,49.9,,58.1,0,0,0,0.0,0.0,,1,0,0,56,0,0,0,183,0,124,0,0,56,0
Kato Nelson,40264,QB,AKRON,5,32.0,0,102,48.5,,60.0,0,0,0,0.0,0.0,,0,0,0,56,0,0,0,175,0,108,0,0,56,0
Bastian Swinney,146294,C,CAL,1,100.0,0,130,56.4,36.9,65.4,0,1,33,100.0,100.0,95.5,1,2,1,56,56,0,0,56,34,34,0,0,22,0
Jake Donnellon,41670,C,E MICHIGAN,2,100.0,0,160,67.0,45.5,69.4,1,1,28,100.0,100.0,96.4,0,2,0,56,39,0,0,56,29,29,17,0,27,0
Willie Allen,41910,T,UMASS,4,100.0,0,216,53.2,67.5,44.5,0,2,38,100.0,100.0,94.7,0,3,1,56,0,26,30,56,40,40,0,0,16,0
Nay'Quan Wright,98803,HB,FLORIDA,12,22.9,0,163,72.7,70.3,48.2,0,1,12,10.1,10.5,95.8,0,1,0,56,0,0,0,245,13,124,0,0,43,2
Toby Wilson,145060,C,OHIO STATE,4,100.0,0,260,57.7,21.2,62.7,0,2,21,100.0,100.0,90.5,0,3,1,56,56,0,0,56,21,21,0,0,35,0
Tyrone Sampson Jr.,81646,C,FRESNO ST,2,100.0,0,169,52.2,63.2,55.6,0,1,21,100.0,100.0,97.6,2,1,0,56,51,0,0,56,22,22,5,0,34,0
Jaylin Noel,125155,WR,IOWA STATE,13,20.1,0,193,59.0,,36.8,0,0,0,0.0,0.0,,1,0,0,56,0,0,0,279,0,223,0,0,56,4
Micah Bernard,100583,HB,UTAH,14,18.1,0,328,78.0,25.2,56.0,0,3,29,15.9,15.8,87.9,0,5,2,56,0,0,0,310,31,196,0,0,25,0
Kenny Brewer III,109857,WR,C MICHIGAN,11,64.4,0,134,48.5,,52.7,0,0,0,0.0,0.0,,0,0,0,56,0,0,0,87,0,31,0,0,56,4
Jack Zergiotis,97603,QB,UCONN,3,32.2,0,146,38.4,,60.0,0,0,0,0.0,0.0,,2,0,0,55,0,0,0,171,0,109,0,0,55,0
Daniel Jones,121851,HB,NAVY,7,72.4,0,237,63.4,86.5,48.0,0,0,2,15.4,15.4,100.0,0,0,0,55,0,0,0,76,2,13,0,0,53,0
Abe Anderson,101104,TE,TULSA,12,98.2,0,320,61.5,68.4,61.0,0,0,2,66.7,66.7,100.0,0,0,0,55,0,0,0,56,2,3,0,0,53,44
Taliese Fuaga,131732,T,OREGON ST,3,100.0,0,265,85.6,82.4,86.8,0,0,18,100.0,100.0,100.0,1,0,0,55,0,0,0,55,18,18,0,55,37,0
Walter Stribling,123837,T,E CAROLINA,5,100.0,0,156,49.8,36.7,52.4,0,1,18,100.0,100.0,97.2,0,1,0,55,0,0,0,55,19,19,0,55,36,0
Chase Cokley,40742,WR,OHIO,8,47.0,0,259,64.4,,68.2,0,0,0,0.0,0.0,,0,0,0,55,0,0,0,117,0,62,0,0,55,0
Clay Markoff,57095,HB,ARIZONA,11,64.0,0,109,56.3,91.0,44.9,0,0,5,16.1,15.2,100.0,0,0,0,55,0,0,0,86,5,33,0,0,50,0
Jeminai Leuta-Ulu,70640,T,UNLV,3,96.5,0,325,51.1,38.5,58.0,1,3,21,91.3,91.3,90.5,0,4,0,55,0,0,0,57,21,23,0,0,34,55
Jacob Huesman,41939,QB,APP STATE,6,67.9,1,108,43.3,,60.0,0,0,0,0.0,0.0,,1,0,0,55,0,0,0,81,0,23,0,0,55,0
Logan Smothers,129713,QB,NEBRASKA,6,43.7,0,238,76.0,,60.0,0,0,0,0.0,0.0,,3,0,0,55,0,0,0,126,0,44,0,0,55,0
Ike Ogbogu,77653,QB,HOUSTON,6,52.4,0,182,59.9,,60.0,0,0,0,0.0,0.0,,2,0,0,55,0,0,0,105,0,43,0,0,55,0
Garrett Dzuro,64526,QB,UMASS,7,41.4,0,216,32.7,,60.1,0,0,0,0.0,0.0,,0,0,0,55,0,0,0,133,0,65,0,0,55,0
Trevon West,122948,WR,OKLAHOMA,12,44.4,0,261,54.9,,61.2,0,0,0,0.0,0.0,,0,0,0,55,0,0,0,124,0,67,0,0,55,0
Dorian Singer,146243,WR,ARIZONA,5,25.9,0,109,60.1,,48.9,0,0,0,0.0,0.0,,1,0,0,55,0,0,0,212,0,157,0,0,55,1
Mookie Cooper,129742,WR,MISSOURI,10,37.4,0,229,66.2,,50.4,0,0,0,0.0,0.0,,1,0,0,55,0,0,0,147,0,84,0,0,55,1
Andrew Peasley,83581,QB,UTAH ST,10,40.1,0,329,67.4,,60.0,0,0,0,0.0,0.0,,1,0,0,55,0,0,0,137,0,64,0,0,55,0
Gunner Cruz,100575,QB,ARIZONA,5,30.9,0,109,44.2,,60.2,0,0,0,0.0,0.0,,0,0,0,55,0,0,0,178,0,120,0,0,55,0
Kimani Vidal,123727,HB,TROY,11,13.2,0,318,69.7,51.3,65.6,2,3,38,16.5,16.5,93.4,1,5,0,55,0,0,0,416,40,243,0,0,15,0
Ryan Hoerstkamp,146882,TE,MISSOURI,4,77.5,0,229,61.3,74.7,67.4,0,0,5,23.8,23.8,100.0,0,0,0,55,0,0,0,71,5,21,0,1,50,59
Eric Hommel,61352,WR,KANSAS ST,11,93.2,0,199,76.5,,67.4,0,0,0,0.0,0.0,,1,0,0,55,0,0,0,59,0,4,0,0,55,3
Oronde Gadsden II,144046,WR,SYRACUSE,6,47.4,0,304,53.4,,54.3,0,0,0,0.0,0.0,,2,0,0,55,0,0,0,116,0,61,0,0,55,0
David Priebe,84067,TE,UCLA,8,85.9,0,324,54.7,69.6,55.0,0,0,3,25.0,25.0,100.0,0,0,0,55,0,0,7,64,3,12,0,5,52,46
Ross Painter,83936,TE,ARK STATE,8,60.0,0,113,49.6,56.0,50.5,0,0,13,26.5,28.0,100.0,0,0,0,54,0,0,0,90,14,50,0,1,40,80
Jarquez Hunter,146662,HB,AUBURN,13,22.2,0,115,80.9,53.1,39.7,1,1,27,22.0,22.0,96.3,0,2,0,54,0,0,0,243,28,127,0,0,26,1
Kamari Pleasant,40696,HB,WASHINGTON,9,28.0,0,340,79.0,60.6,73.9,0,2,34,30.9,31.1,97.1,0,2,0,54,0,0,0,193,37,119,0,0,17,0
Michael Jackson III,146412,WR,USC,6,44.6,0,326,69.4,,60.7,0,0,0,0.0,0.0,,0,0,0,54,0,0,0,121,0,67,0,0,54,0
Jerome Buckner,78200,WR,OHIO,5,46.2,0,259,66.4,,61.0,0,0,0,0.0,0.0,,0,0,0,54,0,0,0,117,0,63,0,0,54,0
Nathan Boe,81731,G,MINNESOTA,11,100.0,0,225,70.4,75.2,68.2,0,0,6,100.0,100.0,100.0,0,0,0,54,12,8,0,54,6,6,32,0,48,2
Jaylen Jones,144085,WR,VA TECH,7,56.8,0,337,49.1,,50.3,0,0,0,0.0,0.0,,1,0,0,54,0,0,0,95,0,41,0,0,54,0
Jaquayln Crawford,78082,WR,ARKANSAS,7,65.9,0,111,55.2,,60.2,0,0,0,0.0,0.0,,0,0,0,54,0,0,0,82,0,28,0,0,54,0
Kylar Cooks,81866,T,TEXAS ST,5,100.0,0,314,61.7,58.8,61.1,0,1,25,100.0,100.0,98.0,0,1,0,54,0,0,52,54,27,27,0,0,27,2
Tommy DeVito,60545,QB,SYRACUSE,3,42.2,0,304,77.6,,60.0,0,0,0,0.0,0.0,,1,0,0,54,0,0,0,128,0,60,0,0,54,0
Mike Martinez,100628,TE,UCLA,3,77.1,0,324,73.8,70.0,75.3,0,0,2,11.8,11.1,100.0,0,0,0,54,0,0,2,70,2,18,0,5,52,48
Sheldon Evans,83699,HB,MARSHALL,13,28.7,0,214,65.3,68.3,60.1,0,1,39,38.6,38.5,96.2,0,2,1,54,0,0,0,188,40,104,0,0,14,0
Cam Davis,72376,HB,WASHINGTON,11,23.1,0,340,58.8,29.0,56.3,1,5,30,24.6,26.8,90.0,0,6,0,54,0,0,0,234,34,127,0,0,20,1
Michael Nichols,123094,T,TCU,6,98.2,0,305,70.4,57.3,71.7,0,1,18,94.7,94.7,91.7,0,2,1,54,0,0,0,55,18,19,0,54,36,0
Wilson Catoe,81187,FB,ARMY,11,72.0,0,114,73.8,70.5,65.9,0,0,2,66.7,66.7,100.0,0,0,0,54,0,0,0,75,2,3,0,0,52,0
Kaegun Williams,57397,HB,S DIEGO ST,14,28.7,0,284,71.0,29.4,57.4,1,0,18,20.5,21.1,97.2,1,1,0,54,0,0,0,188,20,95,0,0,34,0
Vashon Bailey,130425,T,C MICHIGAN,4,100.0,0,134,57.5,73.4,53.6,0,1,22,100.0,100.0,97.7,1,1,0,54,0,10,9,54,23,23,16,18,31,0
Gunnar Helm,144726,TE,TEXAS,9,94.6,0,311,53.4,56.9,55.0,0,0,6,66.7,66.7,100.0,0,0,0,53,0,0,0,56,6,9,0,1,47,54
Branson Taylor,123026,T,PITTSBURGH,8,100.0,0,268,79.0,64.4,76.1,0,0,9,100.0,100.0,100.0,0,0,0,53,0,0,17,53,9,9,0,26,44,10
Jay Symonds,83763,FB,STANFORD,11,76.8,0,300,53.1,80.3,51.9,0,0,8,34.8,33.3,100.0,1,0,0,53,0,0,0,69,8,24,0,0,45,3
Nakia Watson,83807,HB,WASH STATE,8,49.5,0,341,64.5,69.9,57.3,0,1,47,74.6,75.0,94.7,0,3,2,53,0,0,0,107,48,64,0,0,5,0
Chris Brooks,83644,HB,CAL,12,16.5,0,130,80.0,21.1,58.1,0,5,31,18.0,17.7,82.3,0,8,3,53,0,0,0,322,32,181,0,0,21,10
Toreon Penright,86146,T,FRESNO ST,2,100.0,1,169,65.2,52.0,72.5,0,0,20,100.0,100.0,100.0,1,0,0,53,0,0,53,53,23,23,0,0,30,0
Anthony Sambucci,130663,WR,W MICHIGAN,7,55.2,0,347,49.4,,59.0,0,0,0,0.0,0.0,,0,0,0,53,0,0,0,96,0,43,0,0,53,0
Chance Bell,57396,HB,S DIEGO ST,13,27.0,0,284,68.1,77.9,50.2,1,1,35,35.4,36.0,94.3,1,3,1,53,0,0,0,196,40,111,0,0,13,1
Wyatt Wieland,101342,WR,WYOMING,13,43.8,0,351,62.5,,66.1,0,0,0,0.0,0.0,,0,0,0,53,0,0,0,121,0,68,0,0,53,0
Marcus Fleming,129688,WR,MARYLAND,7,27.5,0,215,55.8,,58.6,0,0,0,0.0,0.0,,0,0,0,53,0,0,0,193,0,140,0,0,53,1
Jerren Gilbert,122673,G,LA TECH,6,98.1,0,208,52.3,51.1,53.0,0,1,10,90.9,91.7,95.0,0,1,0,53,0,0,0,54,11,12,10,0,42,42
J.J. Hester,124207,WR,MISSOURI,13,28.3,0,229,59.5,,54.1,0,0,0,0.0,0.0,,1,0,0,53,0,0,0,187,0,134,0,0,53,0
Brycen Tremayne,84425,WR,STANFORD,5,29.4,0,300,73.9,,59.7,0,0,0,0.0,0.0,,1,0,0,53,0,0,0,180,0,127,0,0,53,0
Jalen Holston,57469,HB,VA TECH,7,32.7,0,337,62.6,27.9,36.6,0,1,25,32.1,32.9,86.0,0,4,3,53,0,0,0,162,27,82,0,0,26,3
La'Vontae Shenault,100644,WR,COLORADO,3,52.5,0,143,56.3,,61.6,0,0,0,0.0,0.0,,2,0,0,53,0,0,0,101,0,48,0,0,53,0
Frankie Martinez,145516,T,UTSA,7,100.0,0,331,61.0,32.1,65.5,0,1,20,100.0,100.0,97.5,0,1,0,53,0,0,0,53,20,20,9,44,33,0
Ty Keyes,145417,QB,SO MISS,4,31.2,0,296,46.2,,60.2,0,0,0,0.0,0.0,,1,0,0,53,0,0,0,170,0,95,0,0,53,0
Tyler Roberts,122353,WR,COAST CAR,7,70.7,0,141,58.1,,68.6,0,0,0,0.0,0.0,,0,0,0,53,0,0,0,75,0,22,0,0,53,0
Ikaika Ragsdale,73289,HB,N TEXAS,11,26.9,0,251,79.4,62.7,58.7,2,0,37,46.8,48.2,97.3,0,2,0,53,0,0,0,197,40,83,0,0,13,0
Tahj Brooks,123133,HB,TEXAS TECH,9,22.8,0,315,77.8,50.5,70.5,2,1,27,25.2,24.8,94.4,0,3,0,53,0,0,0,232,29,117,0,0,24,0
Brionne Penny,101332,WR,S DIEGO ST,5,72.2,0,284,68.0,,58.8,0,0,0,0.0,0.0,,0,0,0,52,0,0,0,72,0,20,0,0,52,0
Kamareon Williams,98038,TE,FIU,7,72.2,0,166,67.3,66.4,58.8,0,0,7,25.9,28.6,100.0,0,0,0,52,0,0,0,72,8,28,0,0,44,67
Tyler Falvey,78287,G,MIDDLE TN,6,100.0,0,224,60.3,28.3,62.4,0,0,16,100.0,100.0,100.0,0,0,0,52,0,51,0,52,16,16,0,0,36,0
Chris Hickman,101687,TE,NEBRASKA,5,58.4,0,238,63.0,67.9,56.5,0,0,2,5.6,5.1,100.0,0,0,0,52,0,0,1,89,2,39,0,0,50,72
John Lee Eldridge III,131515,HB,AIR FORCE,8,91.2,0,101,51.8,,55.3,0,0,0,0.0,0.0,,1,0,0,52,0,0,0,57,0,2,0,0,52,1
JJ Sparkman,123158,WR,TEXAS TECH,8,52.5,0,315,73.7,,72.8,0,0,0,0.0,0.0,,1,0,0,52,0,0,0,99,0,47,0,0,52,0
Brock Sturges,83614,HB,TEXAS ST,7,29.5,0,314,65.0,54.1,55.6,0,1,30,37.0,38.6,95.0,0,2,1,52,0,0,0,176,34,88,0,0,18,0
Josh McMullen,77407,G,UCF,5,100.0,0,323,61.6,46.0,61.8,0,0,13,100.0,100.0,92.3,0,1,1,52,0,30,0,52,14,14,20,0,38,1
Jake Remsburg,99445,T,IOWA STATE,7,100.0,1,193,71.8,57.4,73.2,0,2,23,100.0,100.0,95.7,1,2,0,52,0,0,13,52,23,23,0,37,29,2
Brett Bell,42044,T,UCF,5,100.0,0,323,65.0,82.5,61.3,0,0,13,100.0,100.0,100.0,0,0,0,52,0,1,48,52,14,14,0,0,38,2
Connor Noble,144394,TE,TEMPLE,10,91.2,0,306,71.9,68.7,75.0,0,0,3,42.9,37.5,100.0,0,0,0,52,0,0,0,57,3,8,0,0,49,40
Brittain Brown,40399,HB,UCLA,10,19.3,0,324,78.1,30.2,56.7,1,3,19,14.7,15.3,89.5,0,4,0,52,0,0,0,270,21,137,0,0,31,0
Javon Baker,123904,WR,ALABAMA,6,65.0,0,103,73.5,,59.4,0,0,0,0.0,0.0,,1,0,0,52,0,0,0,80,0,28,0,0,52,0
Cale Cabbiness,122962,WR,OKLA STATE,4,72.2,0,262,63.9,,62.4,0,0,0,0.0,0.0,,0,0,0,52,0,0,0,72,0,20,0,0,52,0
Elijah Davis,83736,HB,DOMINION,13,19.6,0,263,67.9,23.2,54.7,0,2,29,21.5,23.2,93.1,2,3,1,52,0,0,0,265,32,138,0,0,20,0
Austin Erickson,128261,WR,NEW MEXICO,5,52.0,0,241,56.5,,60.3,0,0,0,0.0,0.0,,0,0,0,51,0,0,0,98,0,45,0,0,51,0
Luke Jones,81780,G,ARKANSAS,5,100.0,0,111,74.8,76.5,72.6,0,1,17,100.0,100.0,97.1,0,1,0,51,0,33,16,51,17,17,0,0,34,0
Holden Willis,123297,WR,USF,9,48.1,0,327,54.5,,60.7,0,0,0,0.0,0.0,,0,0,0,51,0,0,0,106,0,55,0,0,51,3
Mike Hollins,98628,HB,VIRGINIA,9,22.1,1,335,68.3,62.6,81.9,0,3,34,21.7,21.1,95.6,2,3,0,51,0,0,0,231,35,166,0,0,16,1
Blake Corum,129574,HB,MICHIGAN,12,15.4,0,222,89.0,39.6,49.8,1,0,19,12.6,13.8,97.4,1,1,0,51,0,0,0,331,22,159,0,0,29,0
Bryan Hill,91759,HB,S ALABAMA,10,23.8,0,288,69.0,50.8,67.3,1,2,38,35.5,38.3,96.1,1,3,0,51,0,0,0,214,44,115,0,0,7,0
Landon Peterson,99457,G,TEXAS TECH,2,100.0,0,315,54.6,50.1,54.0,0,0,21,100.0,100.0,100.0,0,0,0,51,0,10,0,51,21,21,41,0,30,0
Jack Murphy,121743,G,MARSHALL,4,100.0,0,214,71.6,82.3,69.8,0,0,14,100.0,100.0,100.0,0,0,0,51,0,13,0,51,16,16,38,0,35,0
Ra'Von Bonner,57238,HB,TEMPLE,11,38.6,0,306,68.3,54.7,53.5,0,2,28,37.8,38.7,96.4,0,2,0,51,0,0,0,132,29,75,0,0,22,0
Chancellor Brewington,61535,TE,NEBRASKA,9,68.9,0,238,72.4,66.0,74.3,0,0,2,8.0,8.0,100.0,0,0,0,51,0,0,0,74,2,25,0,0,49,47
Braelon Allen,145159,HB,WISCONSIN,11,16.5,0,349,80.9,34.5,56.1,0,1,15,18.5,19.8,96.7,0,1,0,51,0,0,0,310,17,86,0,0,34,0
Knox Kadum,99578,QB,VA TECH,5,61.4,0,337,39.6,,60.3,0,0,0,0.0,0.0,,0,0,0,51,0,0,0,83,0,27,0,0,51,0
Ze'Vian Capers,123979,WR,AUBURN,10,50.5,0,115,58.3,,72.9,0,0,0,0.0,0.0,,1,0,0,51,0,0,0,101,0,50,0,0,51,0
Elijhah Badger,131603,WR,ARIZONA ST,11,38.9,0,110,55.4,,44.9,0,0,0,0.0,0.0,,0,0,0,51,0,0,0,131,0,77,0,0,51,0
Jack Westover,84079,TE,WASHINGTON,7,46.4,0,340,51.3,24.7,39.8,0,0,4,6.6,6.5,75.0,0,1,1,51,0,0,0,110,4,62,0,0,47,34
Raymond Niro III,84343,WR,NWESTERN,12,42.5,0,256,48.8,,71.0,0,0,0,0.0,0.0,,2,0,0,51,0,0,0,120,0,67,0,0,51,0
Owen Condon,81994,T,GEORGIA,7,100.0,0,173,61.9,76.0,58.2,0,1,18,100.0,100.0,97.2,0,1,0,51,0,11,33,51,18,18,0,0,33,7
Nate Jefferson,97275,WR,FIU,6,34.5,0,166,55.8,,51.6,0,0,0,0.0,0.0,,0,0,0,51,0,0,0,148,0,95,0,0,51,0
Emari Demercado,77763,HB,TCU,10,17.4,0,305,71.6,38.5,65.0,0,1,21,13.3,12.8,92.9,1,2,1,51,0,0,0,293,21,164,0,0,30,0
Jamarye Joiner,82071,WR,ARIZONA,8,37.8,0,109,61.4,,67.4,0,0,0,0.0,0.0,,0,0,0,51,0,0,0,135,0,69,0,0,51,0
Trent Tyre,121440,TE,S ALABAMA,9,78.5,0,288,57.1,69.4,53.0,0,0,4,22.2,22.2,100.0,0,0,0,51,0,0,0,65,4,18,0,0,47,61
Dawson Downing,42539,HB,MISSOURI,13,36.2,0,229,60.3,50.8,57.0,0,3,27,30.3,32.0,90.7,0,4,1,51,0,0,0,141,31,97,0,0,20,0
Mark Goode,123450,G,W KENTUCKY,8,100.0,0,346,73.6,51.0,74.0,0,0,12,100.0,100.0,100.0,0,0,0,50,0,0,5,50,13,13,35,0,37,10
Jarek Broussard,83656,HB,COLORADO,11,16.1,0,143,76.5,36.2,55.2,0,2,20,15.3,15.6,95.0,0,2,0,50,0,0,0,311,22,141,0,0,28,0
Dan Dishman,123308,TE,UTSA,8,52.6,0,331,54.9,75.2,57.1,0,0,13,24.1,23.7,100.0,0,0,0,50,0,0,0,95,14,59,0,0,36,67
Giles Jackson,101695,WR,WASHINGTON,11,31.3,0,340,57.0,,63.7,0,0,0,0.0,0.0,,1,0,0,50,0,0,0,160,0,101,0,0,50,0
Mike Lofton,123751,C,UCF,3,100.0,0,323,72.4,23.4,72.5,0,0,13,100.0,100.0,92.3,0,1,1,50,50,0,0,50,13,13,0,0,37,0
Justin Lescouflair,102680,FB,ARMY,2,89.3,0,114,64.9,,60.0,0,0,0,0.0,0.0,,0,0,0,50,0,0,0,56,0,2,0,0,50,0
Brent Matiscik,99517,TE,TCU,10,78.1,0,305,67.2,28.9,77.4,0,0,6,35.3,33.3,100.0,0,0,0,50,0,0,0,64,6,18,0,0,44,34
Kai Horton,144418,QB,TULANE,4,62.5,0,319,52.3,,60.7,0,0,0,0.0,0.0,,0,0,0,50,0,0,0,80,0,25,0,0,50,0
Isaiah Spencer,83536,TE,DOMINION,6,47.2,0,263,62.5,37.0,54.8,0,1,2,3.8,3.6,75.0,1,1,0,50,0,0,0,106,2,56,0,0,48,42
Jacolby George,143942,WR,MIAMI FL,8,60.2,1,220,80.7,,63.3,0,0,0,0.0,0.0,,1,0,0,50,0,0,0,83,0,33,0,0,50,0
Vincent Murphy,99046,G,S CAROLINA,4,100.0,0,289,72.3,59.0,75.0,1,0,32,100.0,100.0,98.4,0,1,0,50,8,40,0,50,33,33,2,0,17,0
Johnnie Lang,57246,HB,ARK STATE,12,19.0,0,113,66.7,66.7,59.2,1,1,38,21.1,21.8,94.7,0,3,1,50,0,0,0,263,41,188,1,0,9,0
Brett Seither,98371,TE,GEORGIA,8,73.5,0,173,59.0,69.9,69.3,0,0,2,10.5,10.0,100.0,2,0,0,50,0,0,0,68,2,20,0,0,48,43
Jay Ducker,130550,HB,N ILLINOIS,12,13.8,0,254,80.7,57.1,54.8,0,2,28,24.1,24.8,96.4,0,2,0,50,0,0,0,362,30,121,0,0,20,0
Hunter Salmon,99182,TE,TENNESSEE,8,82.0,0,307,57.0,71.2,56.0,0,0,3,23.1,21.4,100.0,0,0,0,50,0,0,0,61,3,14,0,0,47,36
Turner Pallissard,82521,FB,IOWA,9,86.2,0,192,37.8,7.2,47.1,0,0,8,50.0,52.9,100.0,0,0,0,50,0,0,0,58,9,17,0,0,41,2
Frank Ladson Jr.,99571,WR,CLEMSON,5,35.8,0,140,51.4,,43.2,0,0,0,0.0,0.0,,1,0,0,49,0,0,0,137,0,88,0,0,49,0
Aaron Greene,128299,TE,S DIEGO ST,7,87.5,0,284,55.9,68.8,58.2,0,0,3,30.0,36.4,100.0,0,0,0,49,0,0,0,56,4,11,0,0,45,52
Gerald Mincey,124388,T,FLORIDA,4,100.0,0,163,69.8,63.3,68.3,0,1,17,100.0,100.0,97.1,0,1,0,49,0,0,49,49,18,18,0,0,31,0
Jeshaun Jones,84283,WR,MARYLAND,6,35.3,0,215,69.0,,67.4,0,0,0,0.0,0.0,,1,0,0,49,0,0,0,139,0,90,0,0,49,3
Chase Wolf,51692,QB,WISCONSIN,4,69.0,0,349,51.3,,60.0,0,0,0,0.0,0.0,,0,0,0,49,0,0,0,71,0,21,0,0,49,0
Kevin Marks Jr.,55019,HB,BUFFALO,9,21.7,0,126,68.8,71.9,73.4,0,1,26,29.9,32.0,98.1,0,1,0,49,0,0,0,226,31,97,0,0,18,0
Deneric Prince,83774,HB,TULSA,10,22.2,0,320,78.0,68.4,55.8,1,0,39,37.1,37.7,98.7,0,1,0,49,0,0,0,221,43,114,0,0,6,0
Michael Mokofisi,146439,G,UTAH,3,100.0,0,328,69.4,25.1,72.0,0,1,13,100.0,100.0,96.2,0,1,0,49,0,49,0,49,13,13,0,0,36,0
Devontez Walker,145773,WR,KENT STATE,8,57.0,0,201,73.0,,86.3,0,0,0,0.0,0.0,,0,0,0,49,0,0,0,86,0,37,0,0,49,0
Mark-Antony Richards,99155,HB,UCF,11,29.2,0,323,74.9,60.8,42.6,0,1,31,31.0,34.0,95.2,0,2,1,49,0,0,0,168,36,106,0,0,13,0
Trent Howard,122150,C,CLEMSON,3,100.0,0,140,67.9,81.2,63.2,0,0,27,100.0,100.0,100.0,0,0,0,49,44,0,0,49,27,27,5,0,22,0
Brant Banks,101581,G,NEBRASKA,5,98.0,0,238,46.1,10.2,57.4,1,2,18,94.7,95.0,91.7,2,3,0,49,0,33,14,50,19,20,0,0,30,3
Cody Lamb,55083,G,CINCINNATI,5,100.0,0,138,57.3,64.6,60.3,1,0,13,100.0,100.0,96.2,1,1,0,49,0,49,0,49,13,13,0,0,36,0
Jermaine Johnson,102949,WR,UMASS,7,34.5,0,216,55.6,,56.1,0,0,0,0.0,0.0,,0,0,0,49,0,0,0,142,0,91,0,0,49,0
Xavier White,99566,HB,TEXAS TECH,13,18.1,0,315,68.0,34.9,59.2,0,2,27,16.2,15.3,92.6,0,3,1,49,0,0,0,271,27,177,0,0,22,2
Connor Cigelske,122433,QB,GA SOUTHRN,2,43.8,0,174,54.4,,60.3,0,0,0,0.0,0.0,,0,0,0,49,0,0,0,112,0,49,0,0,49,0
James Cook,83666,HB,GEORGIA,15,14.1,0,173,85.0,61.9,69.5,0,1,21,11.2,11.6,97.6,0,1,0,48,0,0,0,340,23,199,0,0,25,0
Ja'Quay Hubbard,99678,T,W VIRGINIA,4,100.0,0,343,57.2,35.6,61.7,0,0,21,100.0,100.0,100.0,0,0,0,48,0,0,48,48,21,21,0,0,27,0
Ethan Garbers,131896,QB,UCLA,7,39.0,0,324,71.2,,60.0,0,0,0,0.0,0.0,,0,0,0,48,0,0,0,123,0,66,0,0,48,0
Joe Huber,123565,T,CINCINNATI,5,100.0,0,138,58.3,49.7,64.1,0,0,13,100.0,100.0,100.0,1,0,0,48,0,0,48,48,13,13,0,0,35,0
Kelvin Ateman,55362,T,TOLEDO,4,100.0,0,316,75.7,59.9,74.5,0,0,13,100.0,100.0,100.0,0,0,0,48,0,0,32,48,13,13,0,16,35,0
Ja'Varrius Johnson,99223,WR,AUBURN,12,22.6,0,115,67.0,,50.9,0,0,0,0.0,0.0,,0,0,0,48,0,0,0,212,0,163,0,0,48,0
Anthony Simpson,146244,WR,ARIZONA,9,25.5,0,109,50.9,32.5,57.7,0,0,2,1.5,1.4,50.0,2,1,1,48,0,0,0,188,2,141,0,0,46,0
Jack Colletto,83540,HB,OREGON ST,12,54.5,0,265,90.8,84.9,55.3,0,0,5,50.0,41.7,100.0,0,0,0,48,0,0,0,88,5,12,0,0,43,0
B.J. Ragland,145568,T,CHARLOTTE,3,100.0,1,136,48.7,29.7,53.5,2,2,23,100.0,100.0,91.3,1,4,0,48,0,7,41,48,24,24,0,0,24,0
Nick Patti,77614,QB,PITTSBURGH,9,62.3,0,268,90.3,,60.1,0,0,0,0.0,0.0,,0,0,0,48,0,0,0,77,0,23,0,0,48,0
Sean Shaw Jr.,78133,WR,IOWA STATE,11,23.6,0,193,52.7,,41.0,0,0,0,0.0,0.0,,0,0,0,48,0,0,0,203,0,155,0,0,48,1
Chaton Mobley,57982,HB,MIDDLE TN,7,28.7,0,224,64.2,69.6,60.0,0,1,27,29.7,30.1,98.1,0,1,0,48,0,0,0,167,28,93,0,0,20,1
Amari Terry,145969,WR,AIR FORCE,6,92.3,0,101,70.8,,83.7,0,0,0,0.0,0.0,,0,0,0,48,0,0,0,52,0,1,0,0,48,1
Darius Savedge,84362,WR,DOMINION,8,50.5,0,263,57.6,,51.0,0,0,0,0.0,0.0,,0,0,0,48,0,0,0,95,0,47,0,0,48,0
Brock Dieu,146503,G,WASH STATE,1,100.0,1,341,45.0,31.6,43.0,0,3,33,100.0,100.0,95.5,1,3,0,48,0,0,0,48,34,34,46,2,14,0
Colin Woodside,77403,G,CINCINNATI,5,100.0,1,138,49.4,20.5,55.6,0,1,13,100.0,100.0,88.5,2,2,1,48,0,7,0,48,13,13,41,0,35,0
Bryce Williams,83708,HB,MINNESOTA,8,44.4,0,225,64.7,46.2,48.1,0,1,15,41.7,45.0,96.7,0,1,0,48,0,0,0,108,18,40,0,0,30,0
Jackson Meeks,146714,WR,GEORGIA,7,70.6,0,173,68.4,,63.0,0,0,0,0.0,0.0,,0,0,0,48,0,0,0,68,0,20,0,0,48,0
Bailey Hockman,60383,QB,MIDDLE TN,3,38.4,0,224,65.0,,60.0,0,0,0,0.0,0.0,,1,0,0,48,0,0,0,125,0,75,0,0,48,0
CJ Elmonus,98510,T,WAKE,6,100.0,0,339,72.9,65.1,70.7,0,0,8,100.0,100.0,100.0,0,0,0,48,0,0,4,48,8,8,0,44,40,0
McLane Mannix,61496,WR,TEXAS TECH,10,30.9,0,315,60.9,62.1,79.0,0,0,1,1.1,1.0,100.0,0,0,0,47,0,0,0,152,1,103,0,0,46,0
Khafre Brown,97398,WR,N CAROLINA,6,37.6,0,245,46.0,,51.1,0,0,0,0.0,0.0,,0,0,0,47,0,0,0,125,0,78,0,0,47,0
Andrew Todd,77505,C,MIAMI OH,4,100.0,0,221,57.5,75.4,57.0,0,0,4,100.0,100.0,100.0,1,0,0,47,47,0,0,47,5,5,0,0,42,0
Austin Blaske,124011,C,GEORGIA,5,100.0,0,173,70.7,77.0,66.9,0,0,7,100.0,100.0,100.0,0,0,0,47,47,0,0,47,7,7,0,0,40,0
Ezeriah Anderson,99555,WR,IOWA STATE,9,85.5,0,193,68.4,,72.9,0,0,0,0.0,0.0,,0,0,0,47,0,0,0,55,0,8,0,0,47,1
Vontravious Hall,83526,QB,NEW MEXICO,7,51.6,0,241,55.5,69.8,50.0,0,0,1,2.6,2.6,100.0,0,0,0,47,0,0,0,91,1,39,0,0,46,1
Kyle Van Leeuwen,101345,WR,UTAH ST,10,56.0,0,329,74.2,,63.9,0,0,0,0.0,0.0,,0,0,0,47,0,0,0,84,0,37,0,0,47,0
Kentron Poitier,122411,WR,FLORIDA ST,10,48.0,0,167,52.9,61.0,56.0,0,0,1,2.1,1.9,100.0,0,0,0,47,0,0,0,98,1,52,0,0,46,0
Jacob Golden,101248,G,BOISE ST,6,100.0,0,120,54.9,71.6,51.3,0,1,14,100.0,100.0,96.4,0,1,0,47,0,36,0,47,15,15,3,0,32,8
Christian Fitzpatrick,122707,WR,MICH STATE,10,58.0,0,223,51.5,,51.0,0,0,0,0.0,0.0,,0,0,0,47,0,0,0,81,0,34,0,0,47,0
Thomas Grippo,123387,G,WAKE,4,100.0,0,339,52.5,16.4,60.4,0,0,10,100.0,100.0,100.0,1,0,0,47,13,13,0,47,10,10,21,0,37,0
Bryce Farrell,131758,WR,STANFORD,11,21.9,0,300,55.3,,60.0,0,0,0,0.0,0.0,,0,0,0,47,0,0,0,215,0,167,0,0,47,0
Camron Buckley,61716,WR,INDIANA,4,40.9,0,190,43.4,,60.9,0,0,0,0.0,0.0,,1,0,0,47,0,0,0,115,0,68,0,0,47,0
Dominic Richardson,122985,HB,OKLA STATE,13,22.7,0,262,73.2,39.8,56.5,1,4,21,22.1,23.0,88.1,1,5,0,47,0,0,0,207,23,100,0,0,24,0
Quinton Cooley,123380,HB,WAKE,8,40.5,0,339,74.3,31.5,67.5,0,5,32,60.4,57.9,89.1,0,6,1,47,0,0,0,116,33,57,0,0,14,0
Justin Mayers,100808,G,UTEP,4,100.0,0,330,59.1,81.7,56.7,0,0,12,100.0,100.0,100.0,0,0,0,47,0,47,0,47,12,12,0,0,35,0
Reggie Smith,81828,G,S ALABAMA,1,100.0,0,288,65.5,64.1,66.2,0,1,33,100.0,100.0,98.5,0,1,0,47,0,0,0,47,35,35,47,0,12,0
Jyaire Shorter,84337,WR,N TEXAS,2,44.2,0,251,59.7,,44.6,0,0,0,0.0,0.0,,2,0,0,46,0,0,0,104,0,58,0,0,46,1
Elijah Cooks,61501,WR,NEVADA,3,30.9,0,239,65.0,,50.0,0,0,0,0.0,0.0,,1,0,0,46,0,0,0,149,0,103,0,0,46,0
Latrell Williams,40021,WR,USF,3,46.9,0,327,61.2,,59.4,0,0,0,0.0,0.0,,0,0,0,46,0,0,0,98,0,52,0,0,46,0
Kyle McCord,145053,QB,OHIO STATE,5,48.4,0,260,58.9,,60.0,0,0,0,0.0,0.0,,0,0,0,46,0,0,0,95,0,46,0,0,46,0
Trey Zuhn III,147019,T,TEXAS A&M,4,100.0,0,312,73.3,18.4,76.0,0,0,7,100.0,100.0,100.0,0,0,0,46,0,0,43,46,7,7,0,3,39,0
Da'quan Bailey-Brown,121447,WR,SO MISS,8,39.7,0,296,52.3,,62.3,0,0,0,0.0,0.0,,1,0,0,46,0,0,0,116,0,70,0,0,46,0
Nate Muersch,130522,TE,MIAMI OH,12,59.0,0,221,78.1,64.5,66.8,0,0,1,3.1,3.0,100.0,0,0,0,46,0,0,0,78,1,33,0,0,45,9
Tristan Golightly,122560,WR,KANSAS,9,59.7,0,198,51.8,,56.2,0,0,0,0.0,0.0,,0,0,0,46,0,0,0,77,0,31,0,0,46,5
Jaylen Thomas,97201,HB,COLO STATE,9,28.8,0,144,61.5,40.3,47.1,0,2,27,30.3,29.2,92.6,0,3,1,46,0,0,0,160,28,96,0,0,18,0
Terrion Avery,102877,HB,S ALABAMA,12,13.6,0,288,73.1,43.8,57.7,0,6,41,21.8,21.2,92.7,0,6,0,46,0,0,0,339,41,193,0,0,5,0
Andrew Van Buren,83636,HB,BOISE ST,11,22.4,0,120,69.9,24.5,53.0,1,3,22,22.0,20.4,90.9,0,4,0,46,0,0,0,205,22,108,0,0,24,0
Kyle Maxwell,98110,WR,LA TECH,10,38.0,0,208,68.0,,58.5,0,0,0,0.0,0.0,,1,0,0,46,0,0,0,121,0,75,0,0,46,0
Rodrigues Clark,101068,HB,MEMPHIS,10,19.8,0,218,83.5,57.4,63.5,0,1,33,24.8,24.3,95.5,0,2,1,46,0,0,0,232,34,140,0,0,12,1
Roschon Johnson,99467,HB,TEXAS,12,20.0,0,311,84.4,52.7,49.2,0,1,21,20.4,19.3,97.6,0,1,0,46,0,0,0,230,21,109,0,0,25,0
Joey Capra,98230,G,S DIEGO ST,5,100.0,0,284,56.7,80.5,53.2,0,0,10,100.0,100.0,100.0,0,0,0,46,0,0,0,46,14,14,36,0,32,10
Bryson Nesbit,143973,TE,N CAROLINA,10,51.7,0,245,75.0,73.4,53.8,0,0,6,14.6,12.2,100.0,0,0,0,46,0,0,0,89,6,49,0,0,40,40
Richard Newton,83799,HB,WASHINGTON,4,31.3,0,340,62.4,22.8,59.0,0,6,37,39.4,39.2,91.9,0,6,0,45,0,0,0,144,38,97,0,0,7,0
Logan Gunderson,100781,G,FIU,6,100.0,0,166,56.5,49.1,56.9,0,1,23,100.0,100.0,97.8,0,1,0,45,0,0,0,45,24,24,30,15,21,0
AJ Harrison,104219,TE,TOLEDO,6,67.2,0,316,48.9,71.4,58.1,0,0,7,25.9,24.1,100.0,1,0,0,45,0,0,0,67,7,29,0,0,38,54
Jack Randolph,98063,C,W KENTUCKY,8,100.0,0,346,65.5,77.4,62.6,0,0,9,100.0,100.0,100.0,0,0,0,45,45,0,0,45,10,10,0,0,35,0
Joseph Scates,78128,WR,IOWA STATE,9,34.4,0,193,63.2,,58.8,0,0,0,0.0,0.0,,0,0,0,45,0,0,0,131,0,86,0,0,45,0
Sean McGrew,40698,HB,WASHINGTON,8,19.4,0,340,72.4,26.7,48.5,0,3,35,32.4,33.9,92.9,0,4,1,45,0,0,0,232,39,115,0,0,6,0
Nate Cox,60432,QB,NEVADA,11,40.5,0,239,69.3,,61.6,0,0,0,0.0,0.0,,0,0,0,45,0,0,0,111,0,55,0,0,45,0
Brenden Brady,83795,HB,UTSA,8,25.0,0,331,69.0,66.8,54.2,0,1,29,31.5,31.1,98.3,0,1,0,45,0,0,0,180,32,103,0,0,13,0
Alex Jones,155948,G,MIDDLE TN,3,100.0,0,224,57.7,81.6,53.3,0,0,16,100.0,100.0,100.0,0,0,0,45,0,0,0,45,16,16,33,11,29,0
Miyan Williams,62608,HB,OHIO STATE,10,21.3,0,260,85.5,52.8,73.6,2,1,36,28.3,29.9,95.8,0,3,0,45,0,0,0,211,40,134,0,0,5,0
Elijah Canion,123978,WR,AUBURN,5,67.2,0,115,72.9,,68.4,0,0,0,0.0,0.0,,0,0,0,45,0,0,0,67,0,22,0,0,45,0
Trey Bedosky,121481,T,UAB,7,93.8,0,321,36.0,72.1,38.6,0,0,5,71.4,62.5,100.0,1,0,0,45,0,0,13,48,5,8,0,0,40,34
Brandt Peterson,52196,T,RICE,11,100.0,0,275,61.4,65.2,59.6,0,0,9,100.0,100.0,100.0,0,0,0,45,0,0,19,45,9,9,1,13,36,11
Daniyel Ngata,131623,HB,ARIZONA ST,10,29.6,0,110,66.1,27.2,54.9,1,1,24,33.8,33.3,91.7,1,3,1,45,0,0,0,152,25,75,0,0,20,0
Donavon Hickman,98713,TE,LA MONROE,7,97.8,0,209,71.0,74.2,68.0,0,0,5,83.3,85.7,100.0,0,0,0,45,0,0,0,46,6,7,0,0,39,46
Keon Coleman,144949,WR,MICH STATE,7,51.7,0,223,68.1,,62.1,0,0,0,0.0,0.0,,0,0,0,45,0,0,0,87,0,42,0,0,45,0
Trey Potts,101647,HB,MINNESOTA,5,22.6,0,225,73.1,56.5,54.2,0,1,30,44.8,43.1,95.0,0,2,1,45,0,0,0,199,31,72,0,0,14,0
Wyatt Wilson,133199,WR,AIR FORCE,4,100.0,0,101,63.5,,64.9,0,0,0,,,,0,0,0,45,0,0,0,45,0,0,0,0,45,10
Jordan Boatman,59721,T,HOUSTON,5,100.0,0,182,78.6,81.7,74.1,0,0,15,100.0,100.0,100.0,0,0,0,45,0,0,1,45,16,16,0,44,29,0
Kaleo Ballungay,128343,TE,UNLV,7,58.7,0,325,65.2,62.7,63.3,0,0,8,21.6,20.5,100.0,0,0,0,44,0,0,0,75,8,39,0,0,36,52
Kobay White,40782,WR,BOSTON COL,4,71.0,0,121,63.3,,60.6,0,0,0,0.0,0.0,,0,0,0,44,0,0,0,62,0,18,0,0,44,2
Ryland Goede,98501,TE,GEORGIA,6,83.0,0,173,42.6,,45.2,0,0,0,0.0,0.0,,0,0,0,44,0,0,0,53,0,9,0,0,44,47
Tyler Lytle,60364,QB,UMASS,2,35.2,0,216,71.0,,60.0,0,0,0,0.0,0.0,,0,0,0,44,0,0,0,125,0,78,0,0,44,0
CJ Moore,78097,WR,WASH STATE,7,55.7,0,341,42.9,,63.1,0,0,0,0.0,0.0,,0,0,0,44,0,0,0,79,0,35,0,0,44,1
JuTahn McClain,124071,HB,KENTUCKY,8,30.3,0,202,69.1,39.0,56.7,2,1,23,26.4,26.4,93.5,0,3,0,44,0,0,0,145,24,91,0,0,20,0
Donnovan Moorer,147221,WR,TEXAS ST,7,42.3,0,314,59.8,,61.2,0,0,0,0.0,0.0,,1,0,0,44,0,0,0,104,0,60,0,0,44,0
Tyler Huff,121975,TE,TEXAS ST,9,88.0,0,314,79.1,71.5,78.3,0,0,5,45.5,45.5,100.0,0,0,0,44,0,0,0,50,5,11,0,0,39,50
Kendre Miller,123091,HB,TCU,10,21.0,0,305,82.7,57.1,66.6,0,1,15,15.5,15.3,90.0,0,2,1,44,0,0,0,210,15,98,0,0,29,0
Jonathan Adorno,122818,G,N CAROLINA,3,100.0,0,245,61.3,80.3,59.2,0,0,10,100.0,100.0,100.0,1,0,0,44,0,0,0,44,12,12,44,0,32,0
Bryson Carroll,60479,QB,NEW MEXICO,2,57.9,0,241,41.5,,60.0,0,0,0,0.0,0.0,,0,0,0,44,0,0,0,76,0,15,0,0,44,0
Trent Holler,105818,C,E CAROLINA,4,100.0,0,156,63.5,72.5,59.9,0,0,26,100.0,100.0,100.0,0,0,0,44,43,1,0,44,30,30,0,0,14,0
Jalil Farooq,144623,WR,OKLAHOMA,5,57.1,0,261,72.0,,78.9,0,0,0,0.0,0.0,,0,0,0,44,0,0,0,77,0,33,0,0,44,0
RaRa Thomas,146850,WR,MISS STATE,10,19.8,0,227,63.4,,41.4,0,0,0,0.0,0.0,,0,0,0,44,0,0,0,222,0,178,0,0,44,0
Josh Williams,99171,HB,LSU,13,29.9,0,211,59.2,78.3,60.3,1,0,34,31.2,30.7,98.5,1,1,0,44,0,0,0,147,35,114,0,0,9,0
Tommy Bush,84189,WR,N TEXAS,2,65.7,0,251,67.0,,61.7,0,0,0,0.0,0.0,,0,0,0,44,0,0,0,67,0,23,0,0,44,0
Dino Tomlin,97422,WR,MARYLAND,11,62.9,0,215,48.0,,48.5,0,0,0,0.0,0.0,,0,0,0,44,0,0,0,70,0,26,0,0,44,0
Deion Smith,146758,WR,LSU,6,32.6,0,211,71.1,,60.7,0,0,0,0.0,0.0,,0,0,0,44,0,0,0,135,0,91,0,0,44,0
Teva Reynolds,122457,G,GA SOUTHRN,4,100.0,0,174,54.1,39.6,55.4,1,1,22,100.0,100.0,90.9,0,3,1,44,4,33,0,44,23,23,7,0,21,0
Ivan Thomas,83966,TE,LA TECH,11,41.7,0,208,39.4,35.9,46.0,0,0,6,9.7,9.1,100.0,1,0,0,43,0,0,0,103,6,66,0,0,37,60
Chauncey Magwood,146734,WR,KENTUCKY,12,42.6,0,202,51.9,,59.4,0,0,0,0.0,0.0,,1,0,0,43,0,0,0,101,0,58,0,0,43,1
Matthew Wykoff,147018,C,TEXAS A&M,4,100.0,0,312,76.8,47.6,73.8,0,0,9,100.0,100.0,100.0,0,0,0,43,43,0,0,43,9,9,0,0,34,0
Victor Stoffel,98528,T,TEMPLE,6,100.0,0,306,49.2,75.1,44.6,0,0,17,100.0,100.0,100.0,1,0,0,43,0,0,0,43,19,19,0,43,24,0
Brad Anderson,57302,HB,MIDDLE TN,10,28.9,1,224,57.0,72.5,55.2,0,1,24,23.1,25.5,97.9,2,1,0,43,0,0,0,149,28,110,0,0,15,0
Jordan Byrd,83748,HB,S DIEGO ST,14,35.8,0,284,76.8,57.9,58.4,0,1,11,21.2,21.2,95.5,1,1,0,43,0,0,0,120,11,52,0,0,32,0
Tyrek Presley,97856,WR,TULANE,6,75.4,0,319,54.6,,57.0,0,0,0,0.0,0.0,,0,0,0,43,0,0,0,57,0,14,0,0,43,0
Tyjon Lindsey,61489,WR,OREGON ST,10,23.8,0,265,64.4,,58.5,0,0,0,0.0,0.0,,1,0,0,43,0,0,0,181,0,133,0,0,43,2
Luke Zban,82147,QB,MARSHALL,6,38.7,0,214,69.8,,60.0,0,0,0,0.0,0.0,,0,0,0,43,0,0,0,111,0,46,0,0,43,0
Zech Byrd,98711,TE,E CAROLINA,6,91.5,0,156,51.5,72.6,52.0,0,0,7,63.6,63.6,100.0,0,0,0,43,0,0,0,47,7,11,0,0,36,43
Devin Price,124339,WR,TEXAS A&M,5,71.7,0,312,63.1,,68.6,0,0,0,0.0,0.0,,0,0,0,43,0,0,0,60,0,17,0,0,43,1
John Hassell,77903,TE,MEMPHIS,6,71.7,0,218,44.1,29.3,58.5,0,0,3,15.0,19.0,100.0,1,0,0,43,0,0,0,60,4,21,0,0,39,58
Riley Leonard,143862,QB,DUKE,7,26.2,0,154,60.8,,60.0,0,0,0,0.0,0.0,,0,0,0,43,0,0,0,164,0,87,0,0,43,0
Cole Burniston,77910,TE,BUFFALO,8,78.2,0,126,44.8,70.0,57.2,0,0,3,21.4,25.0,100.0,0,0,0,43,0,0,0,55,4,16,0,0,39,50
Nate Kalepo,100522,G,WASHINGTON,3,100.0,0,340,68.0,55.8,72.0,1,0,27,100.0,100.0,98.1,0,1,0,43,0,0,0,43,29,29,43,0,14,0
Rodney Hammond Jr.,144024,HB,PITTSBURGH,12,18.9,0,268,82.1,61.9,58.5,0,1,22,22.4,21.8,93.2,0,2,1,43,0,0,0,227,22,101,0,0,21,0
John Jackson III,97866,WR,USC,9,46.2,0,326,53.1,,68.4,0,0,0,0.0,0.0,,1,0,0,42,0,0,0,91,0,49,0,0,42,1
Doug Brumfield,128348,QB,UNLV,3,40.8,0,325,81.1,,60.0,0,0,0,0.0,0.0,,2,0,0,42,0,0,0,103,0,54,0,0,42,0
Verneal Henshaw Jr.,102816,T,GA SOUTHRN,11,87.5,0,174,52.0,58.9,54.7,0,1,7,53.8,53.8,92.9,0,1,0,42,0,0,0,48,7,13,0,1,35,47
Agiye Hall,146591,WR,ALABAMA,7,53.8,0,103,70.0,,62.0,0,0,0,0.0,0.0,,0,0,0,42,0,0,0,78,0,36,0,0,42,0
Marcell Gleaton,78028,WR,NAVY,3,77.8,0,237,55.3,85.7,53.3,0,0,2,14.3,14.3,100.0,0,0,0,42,0,0,5,54,2,14,0,3,40,18
Paul Piferi,98370,TE,PURDUE,9,45.7,0,273,54.4,35.2,48.6,0,0,7,12.5,12.3,85.7,0,1,1,42,0,0,0,92,7,57,0,0,35,57
Davion Ervin-Poindexter,101653,HB,INDIANA,12,19.5,0,190,60.5,51.2,57.0,1,1,22,15.3,15.8,95.5,1,2,0,42,0,0,0,215,24,152,0,0,18,0
Mac Dalena,128174,WR,FRESNO ST,10,57.5,0,169,53.1,,73.4,0,0,0,0.0,0.0,,0,0,0,42,0,0,0,73,0,31,0,0,42,0
Berkeley Holman,61543,WR,NWESTERN,5,50.0,0,256,55.8,,56.7,0,0,0,0.0,0.0,,0,0,0,42,0,0,0,84,0,42,0,0,42,0
Tyre Shelton,77038,HB,MIAMI OH,7,29.6,0,221,65.1,66.4,60.0,2,0,37,46.8,45.7,97.3,0,2,0,42,0,0,0,142,37,81,0,0,5,0
Blake Hester,130295,HB,AKRON,9,18.0,0,102,61.8,43.7,51.2,0,2,22,15.3,15.5,95.5,1,2,0,42,0,0,0,233,23,148,0,0,19,0
Cameron Jackel,60144,T,TULANE,3,100.0,0,319,64.4,81.0,60.3,0,0,12,100.0,100.0,100.0,0,0,0,42,0,0,42,42,12,12,0,0,30,0
Blake Hickey,99251,G,TCU,4,100.0,0,305,66.5,83.4,63.7,0,0,18,100.0,100.0,100.0,0,0,0,41,0,31,0,41,18,18,10,0,23,0
Dontae Smith,77717,HB,GA TECH,12,27.0,0,176,89.7,73.6,62.1,0,0,14,25.0,27.6,100.0,0,0,0,41,0,0,0,152,16,58,0,0,25,1
Will Brown,61210,WR,CLEMSON,8,50.0,0,140,53.1,,47.0,0,0,0,0.0,0.0,,0,0,0,41,0,0,0,82,0,41,0,0,41,0
Hayden Rucci,101680,TE,WISCONSIN,5,93.2,0,349,77.5,69.6,75.2,0,0,1,33.3,40.0,100.0,0,0,0,41,0,0,0,44,2,5,0,0,39,44
Alan Lamar,109266,HB,ARK STATE,11,17.7,0,113,68.8,21.0,58.5,2,4,33,21.6,22.1,84.8,0,8,2,41,0,0,0,231,36,163,0,0,5,0
Trey Lowe,77669,QB,SO MISS,2,36.6,0,296,51.6,,60.1,0,0,0,0.0,0.0,,0,0,0,41,0,0,0,112,0,56,0,0,41,0
Jordan Waters,97754,HB,DUKE,10,32.5,0,154,65.9,20.8,52.8,0,2,16,27.6,27.9,87.5,0,3,1,41,0,0,0,126,17,61,0,0,24,0
Zamir White,83665,HB,GEORGIA,15,13.4,0,173,87.5,19.5,52.7,1,2,21,18.3,17.9,88.1,1,4,1,41,0,0,0,306,22,123,0,0,19,0
Keylon Stokes,65080,WR,TULSA,4,28.9,0,320,56.2,,57.1,0,0,0,0.0,0.0,,0,0,0,41,0,0,0,142,0,99,0,0,41,0
James Foster,83563,QB,CHARLOTTE,5,33.6,0,136,50.3,,60.0,0,0,0,0.0,0.0,,1,0,0,41,0,0,0,122,0,65,0,0,41,0
Gunnar Greenwald,144478,TE,USF,5,91.1,0,327,68.5,65.1,70.1,0,0,1,20.0,20.0,100.0,0,0,0,41,0,0,2,45,1,5,0,0,40,36
Carson Beck,124010,QB,GEORGIA,4,55.4,0,173,66.9,,60.0,0,0,0,0.0,0.0,,0,0,0,41,0,0,0,74,0,25,0,0,41,0
Javaughn Williams,78159,WR,KENT STATE,7,67.2,0,201,59.3,,61.2,0,0,0,0.0,0.0,,0,0,0,41,0,0,0,61,0,20,0,0,41,0
Dylan Deveney,99692,TE,GA TECH,3,49.4,0,176,60.0,69.8,54.6,0,0,13,25.5,25.0,100.0,1,0,0,41,0,0,0,83,14,56,0,0,27,64
Roc Taylor,144283,WR,MEMPHIS,7,37.3,0,218,65.8,,50.2,0,0,0,0.0,0.0,,0,0,0,41,0,0,0,110,0,69,0,0,41,0
Bryan Bradford,97436,HB,KENT STATE,9,32.0,0,201,75.2,71.9,54.0,0,0,23,39.7,40.6,100.0,0,0,0,41,0,0,0,128,26,64,0,0,15,0
Ayo Adeyi,145320,HB,N TEXAS,10,27.0,0,251,82.9,86.7,55.9,0,0,26,53.1,51.9,100.0,0,0,0,41,0,0,0,152,27,52,0,0,14,0
Mekhi Shaw,128315,WR,S DIEGO ST,8,51.9,0,284,58.3,,67.3,0,0,0,0.0,0.0,,0,0,0,41,0,0,0,79,0,38,0,0,41,1
Makiya Tongue,99231,WR,OREGON ST,6,80.4,0,265,66.7,63.8,52.6,0,0,1,10.0,9.1,100.0,1,0,0,41,0,0,0,51,1,11,0,0,40,0
Kaedin Robinson,144468,WR,UCF,4,46.1,0,323,54.8,,57.7,0,0,0,0.0,0.0,,0,0,0,41,0,0,0,89,0,48,0,0,41,0
Harry Ballard III,84317,WR,NEVADA,10,38.3,0,239,63.5,,48.6,0,0,0,0.0,0.0,,1,0,0,41,0,0,0,107,0,66,0,0,41,0
Devonte Lee,83721,HB,NEVADA,13,14.7,1,239,77.2,29.6,58.0,1,3,30,17.3,17.5,93.3,1,4,0,41,0,0,0,279,32,183,0,0,9,0
Rweha Munyagi Jr.,84373,WR,OREGON ST,7,80.4,0,265,69.0,,87.1,0,0,0,0.0,0.0,,0,0,0,41,0,0,0,51,0,10,0,0,41,4
EJ Horton Jr.,121734,WR,MARSHALL,7,53.2,0,214,63.0,,60.9,0,0,0,0.0,0.0,,0,0,0,41,0,0,0,77,0,36,0,0,41,0
Federico Maranges,100771,C,FAU,4,100.0,0,165,56.0,25.1,60.6,0,1,17,100.0,100.0,97.1,0,1,0,41,24,0,0,41,18,18,16,0,23,1
Brandon Jones,121580,WR,ARMY,4,95.3,0,114,70.1,,71.2,0,0,0,0.0,0.0,,0,0,0,41,0,0,0,43,0,2,0,0,41,31
Aidan Gaines,121571,G,ARMY,4,100.0,0,114,91.6,93.1,88.7,0,0,2,100.0,100.0,100.0,0,0,0,41,0,22,0,41,3,3,17,0,38,0
Latrell Fordham,145756,WR,E MICHIGAN,7,41.0,0,160,63.5,,58.0,0,0,0,0.0,0.0,,0,0,0,41,0,0,0,100,0,59,0,0,41,0
Johnny Ford,86854,HB,FAU,11,13.5,0,165,87.7,17.4,62.6,0,1,13,9.4,9.2,88.5,0,2,1,41,0,0,0,304,13,141,0,0,28,1
Jalen McGaughy,98023,WR,BALL ST,11,39.2,0,117,60.5,,71.2,0,0,0,0.0,0.0,,0,0,0,40,0,0,0,102,0,60,0,0,40,0
Brey Walker,77446,G,OKLAHOMA,2,100.0,0,261,59.7,83.2,55.5,0,0,19,100.0,100.0,100.0,0,0,0,40,0,9,0,40,20,20,31,0,20,0
Simon Gonzalez,98302,TE,SMU,5,59.7,0,287,55.3,64.4,55.0,0,0,1,3.6,3.6,100.0,0,0,0,40,0,0,0,67,1,28,0,0,39,33
Craig McFarland,102812,T,APP STATE,7,100.0,0,108,49.7,0.0,57.4,0,0,4,100.0,100.0,100.0,0,0,0,40,0,0,0,40,5,5,0,38,35,0
Chad Magyar,83785,HB,UNLV,11,30.5,0,325,55.0,52.1,56.9,1,1,23,24.2,25.0,95.7,0,2,0,40,0,0,0,131,26,104,0,0,14,4
B.J. Smith,40545,HB,TROY,11,14.8,0,318,66.9,38.5,60.3,0,2,27,17.1,17.7,92.6,0,3,1,40,0,0,0,270,29,164,0,0,11,0
Dejan Rasuo,84545,G,CHARLOTTE,5,100.0,0,136,43.0,4.4,54.5,0,3,21,100.0,100.0,88.1,0,4,1,40,14,9,0,40,21,21,17,0,19,0
Quardraiz Wadley,57460,HB,UTEP,6,44.4,0,330,67.0,36.5,59.2,1,0,33,68.8,69.4,98.5,1,1,0,40,0,0,0,90,34,49,0,0,6,0
Blake Nowell,123095,WR,TCU,6,66.7,0,305,61.9,,61.3,0,0,0,0.0,0.0,,1,0,0,40,0,0,0,60,0,20,0,0,40,0
Ray Davis,101072,HB,VANDERBILT,3,32.8,0,333,76.8,60.5,59.4,0,1,31,44.9,48.6,98.4,1,1,0,40,0,0,0,122,36,74,0,0,4,0
Challen Faamatau,129506,HB,MARYLAND,8,21.7,0,215,77.6,73.3,63.1,0,1,26,23.9,24.8,98.1,0,1,0,40,0,0,0,184,29,117,0,0,11,0
James Mitchell,77885,TE,VA TECH,2,58.0,0,337,61.4,69.3,50.3,0,0,2,7.1,6.7,100.0,0,0,0,40,0,0,0,69,2,30,0,0,38,48
Tyson Riley,121605,FB,ARMY,9,44.9,0,114,78.1,74.5,69.5,0,0,4,66.7,57.1,100.0,0,0,0,40,0,0,0,89,4,7,0,0,36,0
Jairus Mack,145562,WR,CHARLOTTE,10,42.1,0,136,69.9,,62.0,0,0,0,0.0,0.0,,0,0,0,40,0,0,0,95,0,52,0,0,40,0
Deshaun Fenwick,83759,HB,OREGON ST,12,24.1,0,265,77.1,82.1,61.5,0,0,9,17.6,18.5,100.0,0,0,0,40,0,0,0,166,10,54,0,0,30,0
Brandon Thomas,121788,HB,MEMPHIS,9,15.2,0,218,78.6,78.7,50.7,0,1,26,21.0,20.6,98.1,1,1,0,40,0,0,0,263,27,131,0,0,13,0
Colt Jackson,123452,G,W KENTUCKY,7,100.0,0,346,56.9,78.5,54.9,0,0,9,100.0,100.0,100.0,0,0,0,40,0,35,0,40,10,10,5,0,30,0
Garrett Greene,123420,QB,W VIRGINIA,11,34.5,0,343,69.9,,60.0,0,0,0,0.0,0.0,,0,0,0,40,0,0,0,116,0,37,0,0,40,0
Billy Ward,122502,TE,GA TECH,6,64.5,0,176,40.3,74.2,46.6,0,0,4,16.7,18.5,100.0,1,0,0,40,0,0,0,62,5,27,0,0,35,50
Marcel Brooks,99177,WR,TCU,7,43.0,0,305,59.0,,74.9,0,0,0,0.0,0.0,,0,0,0,40,0,0,0,93,0,53,0,0,40,0
Shane Illingworth,71512,QB,OKLA STATE,3,40.8,0,262,83.1,,60.0,0,0,0,0.0,0.0,,2,0,0,40,0,0,0,98,0,57,0,0,40,0
British Brooks,77714,HB,N CAROLINA,4,39.8,0,245,89.0,57.6,56.6,0,1,25,49.0,49.1,98.0,0,1,0,39,0,0,0,98,27,55,0,0,12,1
Kenyon Jackson,99210,WR,TEXAS A&M,4,61.9,0,312,55.0,,66.1,0,0,0,0.0,0.0,,0,0,0,39,0,0,0,63,0,24,0,0,39,1
Luke Kandra,52487,G,LOUISVILLE,4,100.0,0,210,92.6,79.9,91.7,0,0,10,100.0,100.0,100.0,0,0,0,39,0,39,0,39,10,10,0,0,29,0
Jemel Jones,102863,QB,ARMY,5,47.6,0,114,70.5,,60.0,0,0,0,0.0,0.0,,0,0,0,39,0,0,0,82,0,14,0,0,39,0
Collin Sullivan,129834,WR,PURDUE,4,45.9,0,273,47.9,,52.7,0,0,0,0.0,0.0,,1,0,0,39,0,0,0,85,0,46,0,0,39,0
Ethan Dedeaux,61627,WR,S DIEGO ST,14,39.8,0,284,55.8,,65.8,0,0,0,0.0,0.0,,0,0,0,39,0,0,0,98,0,59,0,0,39,0
Corey Kiner,86392,HB,LSU,11,21.1,1,211,68.6,37.7,69.0,1,2,27,29.7,28.7,94.4,1,3,0,39,0,0,0,185,27,94,0,0,12,0
Max Banes,77433,G,HOUSTON,4,100.0,0,182,69.2,82.6,67.1,0,0,14,100.0,100.0,100.0,0,0,0,39,0,3,0,39,15,15,36,0,24,0
Jaquez Yant,129716,HB,NEBRASKA,7,37.1,0,238,76.2,37.5,54.7,0,0,11,37.9,40.6,100.0,0,0,0,39,0,0,0,105,13,32,0,0,26,0
Jaden Muskrat,123256,T,TULSA,3,100.0,0,320,60.3,33.7,71.5,0,2,22,100.0,100.0,95.5,0,2,0,39,0,0,36,39,25,25,0,3,14,0
Mulbah Car,40929,HB,HOUSTON,11,28.5,0,182,71.0,66.1,60.5,0,2,25,35.7,34.7,96.0,0,2,0,39,0,0,0,137,25,72,0,0,14,0
Gee Scott Jr.,129756,TE,OHIO STATE,6,70.9,0,260,72.8,69.9,53.0,0,0,3,16.7,15.8,100.0,0,0,0,39,0,0,0,55,3,19,0,0,36,41
Ivory Kelly-Martin,57244,HB,IOWA,10,27.9,0,192,61.4,39.0,65.0,0,2,19,25.7,26.3,94.7,0,2,0,39,0,0,0,140,20,76,0,0,19,1
Anthony Williams Jr.,101651,HB,AKRON,10,21.4,0,102,62.8,48.5,51.7,0,2,28,25.7,25.4,92.9,1,3,1,39,0,0,0,182,29,114,0,0,10,0
Daniel Carter,99572,HB,PITTSBURGH,10,70.9,0,268,65.0,74.0,59.8,0,0,3,30.0,27.3,100.0,0,0,0,39,0,0,0,55,3,11,0,0,36,2
Dillon Wade,123265,T,TULSA,4,100.0,0,320,53.0,36.1,67.1,0,1,19,100.0,100.0,92.1,2,2,1,39,0,0,0,39,21,21,0,37,18,2
Jamaal Bell,128222,WR,NEVADA,11,32.0,0,239,62.4,,42.8,0,0,0,0.0,0.0,,1,0,0,39,0,0,0,122,0,82,0,0,39,0
Will Pelissier,128426,WR,WYOMING,11,78.0,0,351,49.4,,61.5,0,0,0,0.0,0.0,,0,0,0,39,0,0,0,50,0,11,0,0,39,0
Jaedyn McKinstry,145642,TE,BOWL GREEN,9,45.9,0,122,44.8,,63.1,0,0,0,0.0,0.0,,1,0,0,39,0,0,0,85,0,46,0,0,39,1
David Martin-Robinson,77892,TE,TEMPLE,5,41.5,0,306,67.8,62.7,78.6,0,0,9,14.3,14.3,100.0,0,0,0,39,0,0,0,94,9,63,0,0,30,46
Bryce Kennon,122171,TE,CHARLOTTE,12,63.9,0,136,58.3,71.1,51.9,0,0,5,20.0,18.5,100.0,0,0,0,39,0,0,0,61,5,27,0,0,34,42
Gavin Williams,129488,HB,IOWA,11,24.2,0,192,75.1,54.8,57.0,0,1,20,27.4,26.9,97.5,0,1,0,39,0,0,0,161,21,78,0,0,18,0
Tyleek Collins,84467,WR,UNLV,3,41.9,0,325,61.6,63.9,58.6,0,0,1,2.0,1.9,100.0,0,0,0,39,0,0,0,93,1,53,0,0,38,0
Damien Moore,70767,HB,CAL,11,14.0,0,130,73.0,78.7,57.7,0,1,23,15.2,15.1,97.8,0,1,0,39,0,0,0,279,24,159,0,0,15,1
Tayvon Ruley,101073,HB,TEMPLE,11,27.9,0,306,58.9,30.1,51.4,0,2,23,29.5,28.8,95.7,1,2,0,39,0,0,0,140,23,80,0,0,16,0
Juju McDowell,146909,HB,S CAROLINA,12,28.9,0,289,76.8,37.5,57.6,0,2,11,19.0,18.3,81.8,0,3,1,39,0,0,0,135,11,60,0,0,28,0
Bryce Profitt,130312,WR,AKRON,7,67.9,0,102,53.5,,57.2,0,0,0,0.0,0.0,,0,0,0,38,0,0,0,56,0,18,0,0,38,0
Kaleb Carter,84262,WR,LA LAFAYET,10,67.9,0,207,68.1,,69.3,0,0,0,0.0,0.0,,0,0,0,38,0,0,0,56,0,18,0,0,38,0
Malik Bowen-Sims,122368,WR,DUKE,6,66.7,0,154,66.1,,69.2,0,0,0,0.0,0.0,,0,0,0,38,0,0,0,57,0,19,0,0,38,0
Tony Mathis Jr.,99481,HB,W VIRGINIA,10,21.1,0,343,68.0,31.7,40.4,0,2,14,17.5,16.7,85.7,0,3,1,38,0,0,0,180,14,84,0,0,24,0
De'Von Achane,124305,HB,TEXAS A&M,12,12.0,0,312,90.3,36.3,52.2,0,2,21,13.0,13.4,95.2,1,2,0,38,0,0,0,317,23,172,0,0,15,0
Javion Posey,97606,QB,FAU,8,46.3,0,165,50.0,,49.9,0,0,0,0.0,0.0,,1,0,0,38,0,0,0,82,0,34,0,0,38,4
Malik Hornsby,123957,QB,ARKANSAS,7,46.9,0,111,60.0,,60.0,0,0,0,0.0,0.0,,1,0,0,38,0,0,0,81,0,24,0,0,38,0
Emmanuel Logan-Greene,55409,WR,NEW MEXICO,4,40.0,0,241,75.1,,61.2,0,0,0,0.0,0.0,,2,0,0,38,0,0,0,95,0,55,0,0,38,0
Seth Williams,122258,G,APP STATE,5,100.0,0,108,43.5,0.0,53.0,0,0,4,100.0,100.0,100.0,0,0,0,38,0,0,0,38,5,5,38,0,33,0
Kavosiey Smoke,83691,HB,KENTUCKY,12,17.9,0,202,68.8,48.1,50.7,0,0,22,19.6,19.3,95.5,0,1,1,38,0,0,0,212,22,114,0,0,16,0
Parker Eichenberger,60907,TE,HOUSTON,7,70.4,0,182,66.1,69.0,69.4,0,0,2,11.8,11.1,100.0,0,0,0,38,0,0,0,54,2,18,0,0,36,40
Jamier Wright-Collins,129910,HB,RUTGERS,8,46.9,0,278,69.7,81.1,34.5,0,0,11,28.2,28.2,100.0,0,0,0,38,0,0,0,81,11,39,0,0,27,12
CJ Montes,146114,QB,NEW MEXICO,3,38.0,0,241,26.9,,60.0,0,0,0,0.0,0.0,,1,0,0,38,0,0,0,100,0,51,0,0,38,0
Carson Walters,101356,WR,NEVADA,4,45.2,0,239,54.2,,49.7,0,0,0,0.0,0.0,,0,0,0,38,0,0,0,84,0,46,0,0,38,1
Jax Harrington,98255,G,LA LAFAYET,3,100.0,0,207,65.7,43.0,72.9,1,1,24,100.0,100.0,95.8,0,2,0,38,0,0,0,38,26,26,21,17,12,0
Tai Felton,144886,WR,MARYLAND,6,42.2,0,215,62.2,,74.3,0,0,0,0.0,0.0,,0,0,0,38,0,0,0,90,0,52,0,0,38,0
Steven Hubbard,122021,G,UTEP,4,100.0,0,330,60.5,79.8,63.6,0,0,7,100.0,100.0,100.0,1,0,0,37,0,0,0,37,7,7,37,0,30,0
Koy Moore,124104,WR,LSU,6,40.2,0,211,64.8,,56.6,0,0,0,0.0,0.0,,0,0,0,37,0,0,0,92,0,55,0,0,37,1
Shaun Peterson Jr.,83662,HB,FIU,11,24.5,0,166,71.8,54.0,59.6,0,1,24,30.0,32.5,93.7,1,2,1,37,0,0,0,151,27,83,0,0,10,0
Shaun Shivers,83634,HB,AUBURN,10,20.8,0,115,62.5,26.6,87.7,0,3,26,17.0,17.3,90.4,0,4,1,37,0,0,0,178,27,156,0,0,10,0
Asa Martin,83633,HB,MEMPHIS,10,23.7,0,218,66.4,73.7,59.2,0,0,23,22.3,23.9,100.0,2,0,0,37,0,0,0,156,27,113,0,0,10,0
Michael Trigg,146410,TE,USC,6,31.6,0,326,53.9,,62.1,0,0,0,0.0,0.0,,2,0,0,37,0,0,0,117,0,80,0,0,37,3
Jordan Jakes,98368,WR,UNLV,5,40.2,0,325,62.2,,66.6,0,0,0,0.0,0.0,,0,0,0,37,0,0,0,92,0,55,0,0,37,0
Bubba Hudson,60134,G,TROY,5,100.0,0,318,43.0,50.3,46.9,0,1,12,100.0,100.0,95.8,2,1,0,37,0,0,0,37,12,12,36,0,25,0
Preston Hutchinson,60370,QB,E MICHIGAN,8,35.6,0,160,69.4,,60.0,0,0,0,0.0,0.0,,0,0,0,37,0,0,0,104,0,51,0,0,37,0
Jabari Laws,82085,QB,ARMY,6,41.1,0,114,71.4,,60.0,0,0,0,0.0,0.0,,0,0,0,37,0,0,0,90,0,33,0,0,37,0
Tre Tipton,47838,WR,PITTSBURGH,10,44.6,0,268,59.3,,67.8,0,0,0,0.0,0.0,,0,0,0,37,0,0,0,83,0,46,0,0,37,1
Ty'Kieast Crawford,122177,T,ARKANSAS,4,100.0,0,111,71.2,81.4,67.3,0,0,12,100.0,100.0,100.0,0,0,0,37,0,0,0,37,12,12,0,35,25,0
Caleb Etienne,144643,T,OKLA STATE,3,100.0,0,262,49.8,55.3,55.8,1,1,20,100.0,100.0,95.0,1,2,0,37,0,0,37,37,20,20,0,0,17,0
Jackson Hensley,123388,WR,WAKE,4,78.7,0,339,57.9,,67.3,0,0,0,0.0,0.0,,0,0,0,37,0,0,0,47,0,10,0,0,37,0
Hal Presley,144507,WR,BAYLOR,8,77.1,0,118,48.1,,58.7,0,0,0,0.0,0.0,,0,0,0,37,0,0,0,48,0,10,0,0,37,0
Jack Combs,78194,WR,ARK STATE,7,31.6,1,113,57.3,,49.8,0,0,0,0.0,0.0,,3,0,0,37,0,0,0,117,0,80,0,0,37,0
Josh Sterns,121707,WR,W KENTUCKY,14,21.5,0,346,54.6,,50.0,0,0,0,0.0,0.0,,0,0,0,37,0,0,0,172,0,135,0,0,37,0
David Hayward,121574,T,ARMY,1,100.0,0,114,69.5,71.6,67.1,0,0,1,100.0,100.0,100.0,0,0,0,37,0,0,37,37,1,1,0,0,36,0
Jacob Freeman,123854,WR,GA STATE,6,68.5,0,175,56.3,,84.0,0,0,0,0.0,0.0,,1,0,0,37,0,0,0,54,0,17,0,0,37,0
Micah Kelly,97099,HB,TOLEDO,13,24.5,0,316,79.1,23.8,55.2,1,0,23,31.5,31.2,93.5,0,2,1,37,0,0,0,151,24,77,0,0,13,0
Gerald Green,97121,HB,GA SOUTHRN,10,24.8,0,174,78.0,79.9,57.6,0,0,7,17.5,15.9,100.0,0,0,0,37,0,0,0,149,7,44,0,0,30,0
CT Thomas,61168,WR,BOISE ST,6,31.6,0,120,62.3,,73.9,0,0,0,0.0,0.0,,0,0,0,37,0,0,0,117,0,76,0,0,37,0
Zander Horvath,57384,HB,PURDUE,8,13.6,0,273,74.9,81.4,58.3,0,1,27,17.0,16.4,98.1,0,1,0,37,0,0,0,273,28,171,0,0,9,0
Grant Gremel,101632,QB,INDIANA,5,31.1,0,190,50.2,,60.0,0,0,0,0.0,0.0,,0,0,0,37,0,0,0,119,0,79,0,0,37,0
Nick Miles,128422,TE,WYOMING,5,87.8,0,351,52.1,58.4,61.7,0,1,4,44.4,44.4,87.5,1,1,0,36,0,0,0,41,4,9,0,0,32,41
Blake Bost,146984,QB,TEXAS A&M,4,81.8,0,312,39.6,,60.0,0,0,0,0.0,0.0,,0,0,0,36,0,0,0,44,0,7,0,0,36,0
Nate Boerkircher,129676,TE,NEBRASKA,3,78.3,0,238,58.2,66.0,66.2,0,0,2,16.7,16.7,100.0,1,0,0,36,0,0,0,46,2,12,0,0,34,39
Evan Prater,123576,QB,CINCINNATI,5,61.0,0,138,76.8,,60.0,0,0,0,0.0,0.0,,0,0,0,36,0,0,0,59,0,14,0,0,36,0
Cade Bennett,122956,G,OKLA STATE,2,100.0,0,262,70.4,0.0,74.2,0,1,4,100.0,100.0,87.5,0,1,0,36,0,0,0,36,6,6,36,0,30,0
Mark Williams,77935,TE,KENT STATE,4,85.7,0,201,62.8,69.6,65.0,0,0,5,45.5,50.0,100.0,0,0,0,36,0,0,0,42,6,12,0,0,30,37
Will Harrod,98794,G,FLORIDA,4,100.0,0,163,50.0,45.3,49.7,0,0,11,100.0,100.0,100.0,2,0,0,36,0,36,0,36,12,12,0,0,24,0
Austin Fontaine,82325,G,MARYLAND,8,90.0,0,215,56.3,70.3,57.2,0,0,4,50.0,50.0,100.0,0,0,0,36,0,0,0,40,4,8,0,0,32,40
Jason Collier Jr.,99630,T,PITTSBURGH,5,100.0,0,268,67.5,76.7,65.3,0,0,6,100.0,100.0,100.0,0,0,0,36,0,7,20,36,6,6,0,8,30,1
Shamar Garrett,128323,HB,S JOSE ST,11,28.3,0,285,57.3,73.9,60.3,0,0,2,2.7,3.8,100.0,1,0,0,36,0,0,0,127,3,78,0,0,33,0
Malcolm Davidson,83660,HB,FAU,9,25.9,0,165,66.4,86.0,60.5,0,0,17,30.9,30.4,100.0,0,0,0,36,0,0,0,139,17,56,0,0,19,0
Zach Evans,123072,HB,TCU,6,17.3,0,305,85.0,34.6,83.2,0,1,10,12.0,11.4,85.0,1,2,1,36,0,0,0,208,10,88,0,0,26,0
D'ionte Smith,124218,WR,MISSOURI,11,51.4,0,229,82.9,,58.8,0,0,0,0.0,0.0,,0,0,0,36,0,0,0,70,0,32,0,0,36,1
Kyran Griffin-Isom,147261,WR,TROY,6,61.0,0,318,60.1,,61.9,0,0,0,0.0,0.0,,0,0,0,36,0,0,0,59,0,23,0,0,36,0
Joshua Youngblood,99552,WR,RUTGERS,6,49.3,0,278,67.0,,61.2,0,0,0,0.0,0.0,,0,0,0,36,0,0,0,73,0,37,0,0,36,0
Haynes King,124329,QB,TEXAS A&M,2,45.6,0,312,72.6,,60.0,0,0,0,0.0,0.0,,0,0,0,36,0,0,0,79,0,40,0,0,36,0
Kyle Bilodeau,98378,TE,PURDUE,6,65.5,0,273,43.2,59.1,48.6,0,0,4,17.4,20.8,100.0,0,0,0,36,0,0,0,55,5,24,0,0,31,39
Beau Barker,97444,WR,SMU,5,63.2,0,287,56.9,,60.4,0,0,0,0.0,0.0,,0,0,0,36,0,0,0,57,0,21,0,0,36,0
Fo'i Sila,75767,TE,HAWAII,8,92.3,0,180,50.2,79.2,46.0,0,0,3,50.0,57.1,100.0,0,0,0,36,0,0,0,39,4,7,0,0,32,13
Kareem Walker,41492,HB,S ALABAMA,8,16.1,0,288,71.6,49.3,71.4,3,0,29,23.4,23.8,94.8,0,3,0,36,0,0,0,224,31,130,0,0,5,0
Emani Bailey,122630,HB,LA LAFAYET,11,15.5,0,207,85.2,56.7,56.6,0,0,19,17.4,20.2,94.7,1,1,1,36,0,0,0,232,23,114,0,0,13,0
Torry Locklin,97792,HB,KANSAS,9,29.5,0,198,58.1,15.3,54.4,1,1,13,21.3,21.9,92.3,0,2,0,36,0,0,0,122,14,64,0,0,22,0
Chez Mellusi,99597,HB,WISCONSIN,9,12.4,0,349,67.6,3.7,57.9,2,4,24,25.8,26.0,87.5,0,6,0,35,0,0,0,282,25,96,0,0,10,0
Isaiah Holiness,74501,WR,S JOSE ST,8,36.8,0,285,52.0,,62.5,0,0,0,0.0,0.0,,1,0,0,35,0,0,0,95,0,59,0,0,35,0
Melquise Stovall,38411,WR,PITTSBURGH,10,20.2,0,268,62.0,,47.8,0,0,0,0.0,0.0,,1,0,0,35,0,0,0,173,0,137,0,0,35,0
Collin Schlee,98025,QB,KENT STATE,9,41.2,0,201,83.0,,60.1,0,0,0,0.0,0.0,,0,0,0,35,0,0,0,85,0,35,0,0,35,0
Jacob Bernard,97218,WR,LA LAFAYET,10,43.2,0,207,60.6,,57.6,0,0,0,0.0,0.0,,0,0,0,35,0,0,0,81,0,46,0,0,35,0
CJ Verdell,57378,HB,OREGON,5,19.6,0,264,75.9,82.6,55.5,0,0,9,12.9,14.5,100.0,0,0,0,35,0,0,0,179,11,76,0,0,24,0
Tavion Thomas,77732,HB,UTAH,13,11.7,0,328,89.8,69.0,58.0,0,0,9,13.8,16.2,100.0,1,0,0,35,0,0,0,298,11,68,0,0,24,0
Matt Reardon,145811,WR,MIAMI OH,4,71.4,0,221,52.6,,56.4,0,0,0,0.0,0.0,,0,0,0,35,0,0,0,49,0,14,0,0,35,0
Rafael McCoy,145355,WR,DOMINION,3,38.9,0,263,50.3,,63.7,0,0,0,0.0,0.0,,0,0,0,35,0,0,0,90,0,55,0,0,35,0
Nick Malone,99421,G,W VIRGINIA,4,100.0,0,343,58.1,75.9,55.6,0,0,9,100.0,100.0,100.0,0,0,0,35,0,20,2,35,9,9,0,1,26,12
Connor Blumrick,60558,QB,VA TECH,6,28.0,0,337,60.8,62.2,60.0,0,0,1,2.6,2.4,100.0,0,0,0,35,0,0,0,125,1,41,0,0,34,0
Reece Udinski,60592,QB,MARYLAND,4,70.0,0,215,36.4,,60.0,0,0,0,0.0,0.0,,0,0,0,35,0,0,0,50,0,15,0,0,35,0
Joe Ervin,99490,HB,KANSAS ST,10,24.3,0,199,76.0,32.4,63.8,0,1,9,18.0,17.3,94.4,0,1,0,35,0,0,0,144,9,52,0,0,26,0
K.D. Nixon,61216,WR,USC,9,40.7,0,326,56.7,,57.0,0,0,0,0.0,0.0,,0,0,0,35,0,0,0,86,0,51,0,0,35,0
Kris Byrd,123848,TE,GA STATE,7,74.5,0,175,52.5,,56.1,0,0,0,0.0,0.0,,0,0,0,35,0,0,0,47,0,12,0,0,35,20
Ari Broussard,75824,HB,RICE,12,17.2,1,275,69.0,16.9,70.5,1,3,20,30.8,32.4,90.0,1,4,0,35,0,0,0,204,23,71,0,0,12,0
Mahamane Moussa,145114,T,PURDUE,4,100.0,0,273,65.2,76.1,60.8,0,1,16,100.0,100.0,96.9,0,1,0,35,0,0,32,35,16,16,0,0,19,3
Marcus Mbow,145113,G,PURDUE,4,100.0,0,273,62.2,70.4,60.6,0,1,14,100.0,100.0,96.4,0,1,0,35,0,13,0,35,14,14,21,0,21,1
Jackson Fort,98269,G,TULANE,1,100.0,0,319,57.6,45.7,57.9,0,0,12,100.0,100.0,100.0,0,0,0,35,0,35,0,35,12,12,0,0,23,0
Miles Scott,144809,WR,ILLINOIS,4,77.3,0,187,61.4,,83.6,0,0,0,0.0,0.0,,0,0,0,34,0,0,0,44,0,10,0,0,34,0
John Copenhaver,122828,TE,N CAROLINA,10,72.3,0,245,66.2,75.0,57.5,0,0,5,27.8,31.6,100.0,0,0,0,34,0,0,2,47,6,19,0,0,28,23
Jager Burton,146741,G,KENTUCKY,3,100.0,0,202,64.4,20.3,68.7,0,0,13,100.0,100.0,92.3,0,1,1,34,0,0,0,34,13,13,34,0,21,0
John Lovett,57157,HB,PENN STATE,7,16.4,0,266,60.9,36.3,68.2,0,0,20,14.6,15.4,85.0,1,3,3,34,0,0,0,207,22,143,0,0,12,0
Elijah Mojarro,71312,TE,CAL,5,57.6,0,130,48.2,65.5,52.1,0,0,1,4.0,3.8,100.0,1,0,0,34,0,0,0,59,1,26,0,0,33,38
Ousman Traore,98695,G,MIAMI FL,3,100.0,0,220,57.8,80.0,55.0,0,0,12,100.0,100.0,100.0,0,0,0,34,0,28,0,34,12,12,0,6,22,0
Jackson Shupp,76831,TE,BAYLOR,14,75.6,0,118,36.3,67.7,45.9,0,0,3,21.4,21.4,100.0,1,0,0,34,0,0,0,45,3,14,0,0,31,45
Jayce Medlock,97820,TE,UCONN,4,44.7,0,146,44.8,68.1,37.9,0,0,1,2.3,4.5,100.0,1,0,0,34,0,0,0,76,2,44,0,0,32,38
Money Parks,131870,WR,UTAH,12,54.8,0,328,52.3,,62.1,0,0,0,0.0,0.0,,0,0,0,34,0,0,0,62,0,28,0,0,34,0
Easton Dean,99522,TE,IOWA STATE,7,77.3,0,193,62.7,70.9,63.6,0,0,2,16.7,16.7,100.0,1,0,0,34,0,0,0,44,2,12,0,0,32,33
Josh Adkins,60483,QB,UTSA,7,42.0,0,331,65.2,,60.0,0,0,0,0.0,0.0,,0,0,0,34,0,0,0,81,0,44,0,0,34,0
Jordan Spasojevic-Moko,147012,G,TEXAS A&M,3,100.0,0,312,59.7,79.7,58.0,0,0,6,100.0,100.0,100.0,0,0,0,34,0,0,0,34,6,6,34,0,28,0
Sahmir Hagans,143854,WR,DUKE,4,54.0,0,154,54.3,,72.1,0,0,0,0.0,0.0,,0,0,0,34,0,0,0,63,0,29,0,0,34,0
Myles Benning,41374,TE,UTSA,6,89.5,0,331,60.7,64.5,62.1,0,0,1,20.0,20.0,100.0,0,0,0,34,0,0,0,38,1,5,0,0,33,36
Alex Enders,97743,TE,TOLEDO,7,82.9,0,316,57.8,66.8,70.6,0,0,2,22.2,22.2,100.0,0,0,0,34,0,0,0,41,2,9,0,0,32,34
Oran Singleton Jr.,145589,WR,AKRON,9,27.0,0,102,67.4,,63.8,0,0,0,0.0,0.0,,0,0,0,34,0,0,0,126,0,89,0,0,34,0
Frank Poso,128243,G,NEVADA,5,100.0,0,239,59.6,9.1,73.8,0,4,20,100.0,100.0,90.0,0,4,0,34,0,30,0,34,21,21,4,0,13,0
Kye Robichaux,145532,HB,W KENTUCKY,14,18.1,0,346,72.6,86.3,60.0,0,0,28,25.5,27.0,100.0,0,0,0,34,0,0,0,188,31,115,0,0,3,0
Kendall Catalon,63661,WR,ARKANSAS,4,70.8,0,111,54.9,,60.1,0,0,0,0.0,0.0,,0,0,0,34,0,0,0,48,0,14,0,0,34,0
Lawrance Toafili,122421,HB,FLORIDA ST,9,24.6,0,167,68.9,76.8,56.6,0,0,6,8.1,7.7,100.0,0,0,0,34,0,0,0,138,6,78,0,0,28,0
Ronnie Garza,145518,T,UTSA,2,100.0,1,331,42.1,36.4,44.7,0,1,16,100.0,100.0,96.9,1,1,0,34,0,0,34,34,16,16,0,0,18,0
Jacquez Stuart,97125,HB,TOLEDO,13,28.1,0,316,73.4,12.7,67.9,1,3,25,39.7,40.0,92.0,0,4,0,34,0,0,0,121,26,65,0,0,8,0
Hassan Littles,61160,WR,BALL ST,9,33.7,0,117,53.4,,61.3,0,0,0,0.0,0.0,,0,0,0,34,0,0,0,101,0,67,0,0,34,1
Logan Diggs,147475,HB,NOTRE DAME,8,24.8,0,258,72.6,45.8,58.1,0,2,17,27.0,27.3,94.1,0,2,0,34,0,0,0,137,18,66,0,0,16,0
Chip Trayanum,131631,HB,ARIZONA ST,9,18.9,0,110,68.3,19.7,64.1,1,1,14,18.2,18.2,85.7,0,3,1,34,0,0,0,180,14,77,0,0,20,0
Logan Parr,123125,C,TEXAS,2,100.0,0,311,66.0,71.4,63.7,0,0,3,100.0,100.0,100.0,0,0,0,34,34,0,0,34,3,3,0,0,31,0
Tank Green,129514,G,MARYLAND,2,100.0,0,215,74.9,71.2,73.4,0,0,2,100.0,100.0,100.0,0,0,0,33,0,0,0,33,2,2,33,0,31,0
Johnny Richardson,123760,HB,UCF,13,13.6,0,323,80.5,65.4,56.4,0,0,11,10.2,10.0,100.0,0,0,0,33,0,0,0,242,11,110,0,0,22,0
Nik Ognenovic,99194,TE,AKRON,11,49.3,0,102,55.4,54.7,43.6,0,1,4,10.5,10.5,87.5,0,1,0,33,0,0,1,67,4,38,0,0,29,50
Loronzo Thompson,121908,WR,N TEXAS,3,55.0,0,251,53.6,,59.9,0,0,0,0.0,0.0,,0,0,0,33,0,0,0,60,0,26,0,0,33,0
Logan Loya,131801,WR,UCLA,4,50.8,0,324,57.7,,67.4,0,0,0,0.0,0.0,,0,0,0,33,0,0,0,65,0,32,0,0,33,0
Shane Clenin,58492,C,ARKANSAS,4,100.0,0,111,77.8,80.8,72.6,0,0,10,100.0,100.0,100.0,0,0,0,33,31,0,0,33,10,10,0,0,23,0
Dalvin Smith,98019,WR,W KENTUCKY,11,29.5,0,346,73.1,,47.1,0,0,0,0.0,0.0,,1,0,0,33,0,0,0,112,0,79,0,0,33,41
Charles Finley,123417,TE,W VIRGINIA,6,70.2,0,343,57.5,60.5,67.7,0,0,4,22.2,26.3,100.0,0,0,0,33,0,0,0,47,5,19,0,0,28,34
Ben Jackson,98512,T,MIAMI OH,4,100.0,0,221,71.4,75.7,68.6,0,0,3,100.0,100.0,100.0,0,0,0,33,0,0,33,33,3,3,0,0,30,0
Silas Bolden,71674,WR,OREGON ST,11,55.0,0,265,55.3,,61.3,0,0,0,0.0,0.0,,0,0,0,33,0,0,0,60,0,24,0,0,33,0
Deuce Spann,129427,WR,ILLINOIS,9,54.1,0,187,79.4,,60.2,0,0,0,0.0,0.0,,0,0,0,33,0,0,0,61,0,28,0,0,33,0
Zalon'tae Hillery,59845,T,MIAMI FL,2,100.0,0,220,56.9,0.0,66.5,0,0,10,100.0,100.0,100.0,0,0,0,33,0,0,17,33,11,11,0,16,22,0
Jarrett Guarantano,40771,QB,WASH STATE,3,32.7,0,341,63.2,,60.1,0,0,0,0.0,0.0,,1,0,0,33,0,0,0,101,0,64,0,0,33,0
Jovany Ruiz-Navarro,78055,WR,BUFFALO,2,37.9,0,126,65.2,,63.0,0,0,0,0.0,0.0,,0,0,0,33,0,0,0,87,0,54,0,0,33,0
Caleb Siech,130528,T,MIAMI OH,4,100.0,0,221,59.8,11.8,61.8,0,0,3,100.0,100.0,100.0,0,0,0,33,0,1,0,33,3,3,13,19,30,0
J.J. Jernighan,124175,HB,MISS STATE,13,26.4,0,227,59.8,45.9,71.6,0,0,7,7.8,9.5,85.7,0,1,1,33,0,0,0,125,9,95,0,0,24,26
Darrian Felix,57377,HB,USF,5,36.3,0,327,63.7,53.1,57.3,1,1,20,45.5,46.7,95.0,0,2,0,33,0,0,0,91,21,45,0,0,12,0
Chris Hilton Jr.,146762,WR,LSU,4,58.2,0,211,63.1,,40.9,0,0,0,0.0,0.0,,0,0,0,32,0,0,0,55,0,23,0,0,32,0
Kyi Wright,99600,TE,PITTSBURGH,3,80.0,0,268,46.5,,43.6,0,0,0,0.0,0.0,,0,0,0,32,0,0,9,40,0,8,0,1,32,20
Sam Huard,146463,QB,WASHINGTON,4,40.0,0,340,43.8,,60.0,0,0,0,0.0,0.0,,0,0,0,32,0,0,0,80,0,47,0,0,32,0
Noah Fenske,101593,C,COLORADO,2,100.0,1,143,27.3,0.0,44.7,0,0,20,100.0,100.0,100.0,1,0,0,32,30,2,0,32,21,21,0,0,11,0
Ygenio Booker,77711,HB,TULANE,7,22.5,0,319,66.0,62.8,35.6,0,2,12,12.6,12.6,91.7,0,2,0,32,0,0,0,142,13,103,0,0,19,6
Pat McSweeney,83953,TE,COAST CAR,8,68.1,0,141,42.1,67.8,43.5,0,0,1,6.3,6.3,100.0,1,0,0,32,0,0,0,47,1,16,0,0,31,42
Marcayll Jones,121771,WR,MEMPHIS,10,34.8,0,218,67.3,,59.9,0,0,0,0.0,0.0,,0,0,0,32,0,0,0,92,0,60,0,0,32,0
Josiah Norwood,83575,WR,UCLA,10,50.8,0,324,61.1,,58.5,0,0,0,0.0,0.0,,0,0,0,32,0,0,0,63,0,31,0,0,32,2
Monaray Baldwin,144520,WR,BAYLOR,8,57.1,0,118,61.0,,57.1,0,0,0,0.0,0.0,,0,0,0,32,0,0,0,56,0,18,0,0,32,0
Gavin Sharp,84076,TE,UTSA,9,45.7,0,331,64.7,67.3,66.3,0,0,1,2.7,2.6,100.0,0,0,0,32,0,0,0,70,1,39,0,0,31,51
Reggie Brown,123211,TE,TULANE,5,74.4,0,319,64.0,65.4,69.2,0,0,0,0.0,8.3,,0,0,0,32,0,0,0,43,1,12,0,0,31,27
Marcellus Marshall,130496,G,KENT STATE,3,100.0,0,201,49.2,44.9,48.9,0,0,10,100.0,100.0,100.0,1,0,0,32,0,12,0,32,11,11,20,0,21,0
Calib Perez,122381,G,DUKE,3,100.0,0,154,72.4,78.7,71.3,0,0,11,100.0,100.0,100.0,0,0,0,32,0,0,0,32,11,11,32,0,21,0
Joey Gatewood,82088,QB,UCF,10,43.8,0,323,60.0,,60.0,0,0,0,0.0,0.0,,0,0,0,32,0,0,0,73,0,15,0,0,32,0
Kue Olotoa,128365,TE,UNLV,5,47.8,0,325,59.9,72.7,57.5,0,0,2,5.9,12.5,100.0,1,0,0,32,0,0,0,67,5,40,0,0,27,36
Elijah Jeffreys,78070,WR,UCONN,9,28.8,1,146,42.1,,44.2,0,0,0,0.0,0.0,,1,0,0,32,0,0,0,111,0,79,0,0,32,0
Jordan Jones,40152,WR,CINCINNATI,5,47.1,0,138,56.6,,57.4,0,0,0,0.0,0.0,,0,0,0,32,0,0,0,68,0,36,0,0,32,2
Shemar Thornton,84180,WR,FIU,2,32.7,0,166,54.7,,58.5,0,0,0,0.0,0.0,,0,0,0,32,0,0,0,98,0,66,0,0,32,0
Dan Dawkins,81924,G,VANDERBILT,1,100.0,0,333,54.6,26.7,58.0,0,2,14,100.0,100.0,92.9,0,2,0,32,0,4,0,32,17,17,28,0,15,0
Keilan Robinson,97097,HB,TEXAS,11,26.7,0,311,74.1,74.7,44.9,0,1,11,20.8,22.2,95.5,0,1,0,32,0,0,0,120,12,54,0,0,20,6
Brenden Coffey,123980,T,AUBURN,2,100.0,0,115,52.8,11.0,57.9,2,0,6,100.0,100.0,83.3,0,2,0,32,0,0,0,32,6,6,0,32,26,0
Reggie Love III,129418,HB,ILLINOIS,7,24.6,0,187,60.3,65.3,59.0,1,0,28,37.3,35.4,94.6,0,2,1,32,0,0,0,130,29,82,0,0,3,0
Connor Tollison,146881,C,MISSOURI,2,100.0,0,229,47.4,77.7,46.8,0,0,10,100.0,100.0,100.0,0,0,0,32,24,0,0,32,10,10,0,0,22,8
Ezra Miller,101596,T,NEBRASKA,3,100.0,0,238,70.3,73.4,67.8,0,0,9,100.0,100.0,100.0,0,0,0,32,0,0,7,32,9,9,0,25,23,0
Thomas Zsiros,145906,WR,TOLEDO,4,58.5,0,316,58.8,,57.8,0,0,0,0.0,0.0,,0,0,0,31,0,0,0,53,0,22,0,0,31,0
Walker Merrill,129020,WR,TENNESSEE,6,38.3,0,307,59.4,,48.5,0,0,0,0.0,0.0,,0,0,0,31,0,0,0,81,0,50,0,0,31,0
Michael Ondelacy,145535,T,W KENTUCKY,3,100.0,0,346,69.0,75.7,66.0,0,0,8,100.0,100.0,100.0,0,0,0,31,0,0,0,31,9,9,0,31,22,0
Levi Rogers,131781,G,STANFORD,6,88.6,0,300,52.2,13.1,65.4,1,0,4,50.0,55.6,87.5,0,1,0,31,0,0,0,35,5,9,0,0,26,35
Kameron Stutts,81590,G,AUBURN,2,100.0,0,115,65.3,78.8,63.7,0,0,6,100.0,100.0,100.0,0,0,0,31,0,31,0,31,6,6,0,0,25,0
Jordon Simmons,129634,HB,MICH STATE,12,17.5,0,223,68.7,71.8,44.8,0,2,19,21.1,21.3,94.7,0,2,0,31,0,0,0,177,20,94,0,0,11,0
Terion Stewart,130386,HB,BOWL GREEN,9,23.8,0,122,86.5,71.7,80.7,0,1,15,39.5,40.0,96.7,2,1,0,31,0,0,0,130,16,40,0,0,15,0
Scoobie Ford,124167,WR,MISS STATE,8,18.0,0,227,62.9,,35.3,0,0,0,0.0,0.0,,0,0,0,31,0,0,0,172,0,141,0,0,31,0
Jalen Johnson,97785,WR,ARIZONA,9,29.5,0,109,52.8,63.6,59.0,0,0,1,1.4,1.4,100.0,1,0,0,31,0,0,0,105,1,74,0,0,30,0
Jack Sears,60580,QB,BOISE ST,4,62.0,0,120,53.1,,60.1,0,0,0,0.0,0.0,,0,0,0,31,0,0,0,50,0,12,0,0,31,0
C.J. Marria,56942,TE,W KENTUCKY,6,91.2,0,346,43.3,65.1,46.5,0,0,1,50.0,25.0,100.0,0,0,0,31,0,0,0,34,1,4,0,0,30,33
Amauri Pesek-Hickson,122573,HB,KANSAS,10,18.6,0,198,64.9,31.6,54.8,0,1,14,15.7,16.5,89.3,1,2,1,31,0,0,0,167,15,91,0,0,16,0
Zeke Powell,60058,T,MISSOURI,4,100.0,0,229,49.5,80.4,46.1,0,0,10,100.0,100.0,100.0,0,0,0,31,0,0,24,31,10,10,0,0,21,7
Jerand Bradley,144761,WR,TEXAS TECH,3,44.9,0,315,71.0,,39.5,0,0,0,0.0,0.0,,0,0,0,31,0,0,0,69,0,38,0,0,31,0
Nick Tronti,60409,QB,FAU,6,34.1,0,165,65.0,,60.0,0,0,0,0.0,0.0,,0,0,0,31,0,0,0,91,0,49,0,0,31,0
Tyler Phommachanh,147373,QB,UCONN,3,23.0,0,146,43.3,,60.0,0,0,0,0.0,0.0,,1,0,0,31,0,0,0,135,0,92,0,0,31,0
Cameron Montgomery,52198,HB,RICE,12,25.2,0,275,73.0,70.3,70.8,0,0,1,2.4,2.2,100.0,2,0,0,30,0,0,0,119,1,46,0,0,29,0
Jaylen Coleman,97624,HB,DUKE,10,47.6,0,154,53.3,59.9,53.2,0,1,12,41.4,38.2,95.8,0,1,0,30,0,0,0,63,13,34,0,0,17,0
Cjay Boone,99235,WR,NEW MEXICO,6,35.7,0,241,57.0,,62.5,0,0,0,0.0,0.0,,0,0,0,30,0,0,0,84,0,54,0,0,30,0
Kadyn Roach,97638,HB,LA MONROE,7,40.0,0,209,63.2,14.7,60.7,1,1,11,34.4,35.1,90.9,0,2,0,30,0,0,0,75,13,37,0,0,17,0
Cameron Hite,98029,TE,WAKE,6,83.3,0,339,46.3,,66.8,0,0,0,0.0,0.0,,0,0,0,30,0,0,0,36,0,6,0,0,30,28
Latrell Caples,128119,WR,BOISE ST,5,50.8,0,120,71.9,,73.4,0,0,0,0.0,0.0,,0,0,0,30,0,0,0,59,0,28,0,0,30,0
Chidoziri Maghiro,77409,G,UCF,1,100.0,0,323,67.8,76.3,66.6,0,0,8,100.0,100.0,100.0,0,0,0,30,0,0,0,30,8,8,30,0,22,0
Trey Wedig,129935,G,WISCONSIN,2,100.0,0,349,74.5,79.0,73.2,0,0,6,100.0,100.0,100.0,0,0,0,30,0,0,0,30,6,6,30,0,24,0
Matt Salerno,84350,WR,NOTRE DAME,6,66.7,0,258,58.5,,69.5,0,0,0,0.0,0.0,,0,0,0,30,0,0,0,45,0,15,0,0,30,0
Thaiu Jones-Bell,123921,WR,ALABAMA,5,60.0,0,103,61.0,,40.1,0,0,0,0.0,0.0,,1,0,0,30,0,0,0,50,0,20,0,0,30,0
Payten Singletary,123580,TE,CINCINNATI,9,75.0,0,138,60.1,66.7,51.7,0,0,2,16.7,16.7,100.0,0,0,0,30,0,0,0,40,2,12,0,0,28,36
Wilson Kelly,121810,C,MIDDLE TN,4,100.0,0,224,60.3,73.5,59.1,0,0,4,100.0,100.0,100.0,0,0,0,30,25,0,0,30,5,5,0,5,25,0
Darwin Barlow,99482,HB,USC,11,16.9,0,326,70.6,50.6,52.3,0,0,18,19.4,21.4,100.0,0,0,0,30,0,0,0,177,22,103,0,0,8,0
Cooper Legas,101286,QB,UTAH ST,2,44.8,0,329,62.5,,60.1,0,0,0,0.0,0.0,,0,0,0,30,0,0,0,67,0,32,0,0,30,0
MarShawn Lloyd,124247,HB,S CAROLINA,12,19.7,0,289,49.4,25.9,40.0,1,3,21,26.9,28.4,90.5,0,4,0,30,0,0,0,152,23,81,0,0,7,1
Brady Schipper,84518,HB,WISCONSIN,10,23.1,0,349,66.5,48.2,59.8,1,0,22,25.0,23.4,97.7,0,1,0,30,0,0,0,130,22,94,0,0,8,0
Lexington Joseph,97104,HB,FIU,12,18.1,0,166,75.8,26.1,59.2,1,3,21,22.8,22.8,85.7,1,5,1,30,0,0,0,166,23,101,0,0,7,0
Ryan Montgomery,101063,HB,CINCINNATI,12,23.1,0,138,77.4,54.7,49.3,0,1,17,24.3,23.9,97.1,0,1,0,30,0,0,0,130,17,71,0,0,13,0
Willie Wright,61250,WR,FAU,10,37.7,0,165,58.7,,59.9,0,0,0,0.0,0.0,,0,0,0,29,0,0,0,77,0,47,0,0,29,0
Grayson James,145214,QB,FIU,6,46.0,0,166,48.8,,60.0,0,0,0,0.0,0.0,,0,0,0,29,0,0,0,63,0,31,0,0,29,0
Cam Jones,101050,T,CINCINNATI,4,100.0,0,138,67.9,71.1,65.9,0,0,6,100.0,100.0,100.0,0,0,0,29,0,0,0,29,6,6,0,29,23,0
Chris Carpenter,131671,WR,COLORADO,7,37.7,0,143,55.7,,46.0,0,0,0,0.0,0.0,,0,0,0,29,0,0,0,77,0,48,0,0,29,4
Al'vonte Woodard,99531,WR,TEXAS,6,76.3,0,311,54.7,,58.4,0,0,0,0.0,0.0,,0,0,0,29,0,0,0,38,0,9,0,0,29,0
Cayden Baker,122819,C,N CAROLINA,3,96.7,0,245,70.9,39.4,62.1,0,0,13,100.0,92.9,100.0,0,0,0,29,19,0,11,30,13,14,0,0,16,0
Bryce Thoman,125342,C,TEMPLE,6,100.0,0,306,49.8,47.3,51.6,0,1,11,100.0,100.0,95.5,0,1,0,29,28,0,0,29,11,11,0,0,18,1
James Burns,130513,WR,MIAMI OH,4,42.0,0,221,55.1,,61.9,0,0,0,0.0,0.0,,0,0,0,29,0,0,0,69,0,40,0,0,29,0
Christian Dremel,97211,WR,RUTGERS,6,38.7,0,278,54.6,,69.6,0,0,0,0.0,0.0,,0,0,0,29,0,0,0,75,0,45,0,0,29,1
Blue Smith,84357,WR,CINCINNATI,4,70.7,0,138,60.4,,86.0,0,0,0,0.0,0.0,,0,0,0,29,0,0,0,41,0,12,0,0,29,1
Luke Baker,98435,TE,SO MISS,5,64.4,0,296,57.4,,74.2,0,0,0,0.0,0.0,,0,0,0,29,0,0,0,45,0,16,0,0,29,33
Harrison Waylee,130584,HB,N ILLINOIS,5,16.3,0,254,74.4,35.5,57.8,1,0,14,24.6,24.6,96.4,1,1,0,29,0,0,0,178,15,61,0,0,14,1
Emoryie Edwards,84185,WR,FRESNO ST,8,65.9,0,169,69.5,,78.7,0,0,0,0.0,0.0,,0,0,0,29,0,0,0,44,0,15,0,0,29,2
J.J. Jones,143965,WR,N CAROLINA,7,46.8,0,245,65.2,,61.4,0,0,0,0.0,0.0,,1,0,0,29,0,0,0,62,0,33,0,0,29,0
Harold Joiner III,83635,HB,MICH STATE,12,33.7,0,223,52.3,54.3,58.1,0,2,22,34.4,34.4,95.5,0,2,0,29,0,0,0,86,22,64,0,0,7,0
Ahmad Bradley,121835,G,NAVY,3,100.0,0,237,52.0,11.8,55.9,0,0,10,100.0,100.0,100.0,0,0,0,29,0,29,0,29,10,10,0,0,19,0
Stevie Rocker Jr.,146242,HB,ARIZONA,11,23.6,0,109,63.9,20.0,53.0,1,0,9,13.2,15.1,94.4,1,1,0,29,0,0,0,123,11,73,0,0,18,0
Zhighlil McMillan,145326,WR,N TEXAS,3,40.8,0,251,50.8,,61.3,0,0,0,0.0,0.0,,1,0,0,29,0,0,0,71,0,42,0,0,29,0
Luke Altmyer,146802,QB,OLE MISS,5,32.6,0,226,60.8,,60.0,0,0,0,0.0,0.0,,1,0,0,29,0,0,0,89,0,55,0,0,29,0
Blake Wells,101361,WR,NEW MEXICO,4,70.7,0,241,58.9,,70.2,0,0,0,0.0,0.0,,0,0,0,29,0,0,0,41,0,12,0,0,29,0
Jamari Williams,98789,G,MIDDLE TN,4,100.0,0,224,58.1,74.5,56.6,0,0,5,100.0,100.0,100.0,0,0,0,28,0,0,0,28,5,5,16,12,23,0
Jarrett Guest,97997,QB,COAST CAR,6,63.6,0,141,90.6,,60.2,0,0,0,0.0,0.0,,1,0,0,28,0,0,0,44,0,11,0,0,28,0
Rhett Williams,98465,TE,MIAMI OH,7,45.2,0,221,57.5,68.6,59.5,0,0,2,6.7,5.6,100.0,0,0,0,28,0,0,0,62,2,36,0,0,26,42
Jonathan Brown,123847,G,GA STATE,4,100.0,0,175,50.0,60.9,55.1,0,0,8,100.0,100.0,100.0,1,0,0,28,0,0,0,28,9,9,28,0,19,0
Kenny McIntosh,99158,HB,GEORGIA,13,15.1,0,173,90.1,72.2,57.0,0,0,10,9.6,10.1,100.0,0,0,0,28,0,0,0,185,11,109,0,0,17,0
Anthony Watkins,99165,HB,TULSA,13,15.1,0,320,80.3,28.4,68.3,2,0,20,24.1,24.7,95.0,0,2,0,28,0,0,0,186,23,93,0,0,5,0
Shane Creamer,60906,TE,HOUSTON,6,71.8,0,182,51.3,68.7,55.0,0,0,1,9.1,8.3,100.0,0,0,0,28,0,0,0,39,1,12,0,0,27,38
Mason Barta,57056,TE,KANSAS ST,7,96.6,0,199,68.8,,68.6,0,0,0,0.0,0.0,,0,0,0,28,0,0,0,29,0,1,0,0,28,17
John Vardzel,77963,WR,PITTSBURGH,5,82.4,0,268,60.8,,69.7,0,0,0,0.0,0.0,,0,0,0,28,0,0,0,34,0,6,0,0,28,0
Justin Richard Baker,131663,WR,CAL,8,33.7,0,130,54.5,,38.8,0,0,0,0.0,0.0,,0,0,0,28,0,0,0,83,0,55,0,0,28,0
Dane Jackson,90914,C,N TEXAS,2,100.0,0,251,54.4,72.3,54.9,0,0,3,100.0,100.0,100.0,0,0,0,28,28,0,0,28,3,3,0,0,25,0
Brian Battie,123274,HB,USF,12,22.8,0,327,74.9,47.8,56.9,1,1,13,26.5,26.9,92.3,0,2,0,28,0,0,0,123,14,52,0,0,14,0
Terrence Moore,144032,C,PITTSBURGH,4,100.0,0,268,67.3,76.7,69.4,0,0,7,100.0,100.0,100.0,1,0,0,28,28,0,0,28,7,7,0,0,21,0
Reagan Ealy,147050,WR,ARK STATE,10,26.9,0,113,66.9,,60.9,0,0,0,0.0,0.0,,0,0,0,28,0,0,0,104,0,76,0,0,28,1
Ira Armstead,123767,QB,VIRGINIA,9,28.9,0,335,47.7,,59.8,0,0,0,0.0,0.0,,0,0,0,28,0,0,0,97,0,59,0,0,28,1
Addison West,98272,G,W MICHIGAN,4,100.0,0,347,67.8,77.5,72.3,0,0,5,100.0,100.0,100.0,1,0,0,28,0,11,0,28,5,5,17,0,23,0
Korbin Sorensen,23427,G,OREGON ST,6,100.0,0,265,69.4,39.0,72.3,0,0,9,100.0,100.0,100.0,0,0,0,28,0,0,0,28,9,9,26,0,19,0
Luke Price,57784,TE,CLEMSON,5,80.0,0,140,66.3,66.8,60.0,0,0,2,22.2,22.2,100.0,0,0,0,28,0,0,0,35,2,9,0,0,26,24
Jaylon Barden,123002,WR,PITTSBURGH,8,32.9,1,268,72.7,,67.6,0,0,0,0.0,0.0,,1,0,0,28,0,0,0,85,0,57,0,0,28,0
Nathaniel Peat,100586,HB,STANFORD,12,14.8,0,300,68.5,33.1,59.5,0,1,20,20.6,21.2,97.5,1,1,0,28,0,0,0,189,22,104,0,0,6,0
Cleveland Reed Jr.,77379,G,MIAMI FL,2,100.0,0,220,53.7,16.7,55.3,0,0,5,100.0,100.0,80.0,0,1,1,28,0,0,0,28,5,5,28,0,23,0
Miles Kendrick,77673,QB,KANSAS,5,46.7,0,198,76.8,,60.0,0,0,0,0.0,0.0,,0,0,0,28,0,0,0,60,0,24,0,0,28,0
Jermaine Terry II,146295,TE,CAL,5,84.8,0,130,50.0,57.2,48.5,0,0,4,44.4,44.4,100.0,1,0,0,28,0,0,0,33,4,9,0,0,24,32
George Pickens,99229,WR,GEORGIA,4,44.4,0,173,73.5,,61.7,0,0,0,0.0,0.0,,0,0,0,28,0,0,0,63,0,35,0,0,28,0
Chris Scott,123579,WR,CINCINNATI,7,75.7,0,138,61.1,,73.6,0,0,0,0.0,0.0,,0,0,0,28,0,0,0,37,0,9,0,0,28,1
DeShawn Hanika,122515,TE,IOWA STATE,4,87.5,0,193,44.8,72.7,40.8,0,0,4,50.0,50.0,100.0,0,0,0,28,0,0,0,32,4,8,0,0,24,18
Dakota Thomas,123467,WR,W KENTUCKY,9,28.0,0,346,60.4,,40.1,0,0,0,0.0,0.0,,2,0,0,28,0,0,0,100,0,72,0,0,28,0
Steven Anderson,60542,HB,TULSA,9,32.2,0,320,75.8,84.6,65.5,0,0,15,53.6,55.2,100.0,0,0,0,28,0,0,0,87,16,29,0,0,12,0
Ugonna Nnanna,123675,T,HOUSTON,5,100.0,0,182,59.5,70.1,56.3,0,0,9,100.0,100.0,100.0,0,0,0,27,0,1,26,27,9,9,0,0,18,0
Joey Groeber,123563,G,CINCINNATI,5,100.0,0,138,64.6,8.8,66.7,0,0,6,100.0,100.0,100.0,0,0,0,27,0,9,0,27,6,6,18,0,21,0
Justin Stevens,147203,T,S ALABAMA,1,100.0,0,288,58.9,78.2,53.7,0,0,11,100.0,100.0,100.0,0,0,0,27,0,0,0,27,12,12,0,27,15,0
Aaron Young,26090,WR,FAU,3,50.9,0,165,48.1,,61.3,0,0,0,0.0,0.0,,0,0,0,27,0,0,0,53,0,26,0,0,27,0
Chad Johnson Jr.,131615,WR,ARIZONA ST,7,81.8,0,110,58.2,,62.2,0,0,0,0.0,0.0,,0,0,0,27,0,0,0,33,0,6,0,0,27,0
Caylin Newton,60402,WR,AUBURN,6,75.0,0,115,58.9,60.5,51.7,0,0,1,10.0,10.0,100.0,1,0,0,27,0,0,0,36,1,10,0,0,26,0
Tyler Ostrom,81818,G,S JOSE ST,2,100.0,0,285,60.9,45.9,62.4,0,0,14,100.0,100.0,100.0,1,0,0,27,7,20,0,27,14,14,0,0,13,0
Corey Luciano,100620,C,WASHINGTON,6,100.0,0,340,69.6,78.1,66.0,0,0,8,100.0,100.0,100.0,0,0,0,27,17,0,0,27,10,10,0,0,17,8
Taji Johnson,123542,WR,BOSTON COL,10,64.3,0,121,63.7,65.4,65.3,0,0,1,6.7,6.3,100.0,0,0,0,27,0,0,0,42,1,16,0,0,26,16
Byron Cardwell Jr.,86353,HB,OREGON,11,20.3,0,264,70.8,29.6,58.4,1,1,8,15.7,14.8,87.5,0,2,0,27,0,0,0,133,8,54,0,0,19,0
Luke Foster,55281,T,TEMPLE,4,100.0,0,306,82.4,80.0,80.6,0,0,10,100.0,100.0,100.0,0,0,0,27,0,4,18,27,10,10,5,0,17,0
Christian Greene,144190,WR,WAKE,3,77.1,0,339,55.4,,61.2,0,0,0,0.0,0.0,,0,0,0,27,0,0,0,35,0,8,0,0,27,0
Landon Burton,102820,C,LA LAFAYET,4,100.0,0,207,69.6,42.5,69.1,0,1,9,100.0,100.0,94.4,0,1,0,27,27,0,0,27,9,9,0,0,18,0
Adam Beale,78166,WR,TOLEDO,3,55.1,0,316,49.8,,45.3,0,0,0,0.0,0.0,,0,0,0,27,0,0,0,49,0,22,0,0,27,0
Jiya Wright,77688,QB,LA MONROE,4,32.9,0,209,51.5,,60.0,0,0,0,0.0,0.0,,0,0,0,27,0,0,0,82,0,32,0,0,27,0
Cam Ross,97105,WR,UCONN,2,35.5,0,146,55.7,,69.7,0,0,0,0.0,0.0,,0,0,0,27,0,0,0,76,0,49,0,0,27,0
Jacob Mahoney,100746,HB,MIDDLE TN,6,93.1,0,224,65.2,70.9,65.1,0,0,6,75.0,75.0,100.0,0,0,0,27,0,0,0,29,6,8,0,0,21,21
Ta'Quan Roberson,101625,QB,PENN STATE,4,38.6,0,266,45.5,,60.0,0,0,0,0.0,0.0,,0,0,0,27,0,0,0,70,0,35,0,0,27,0
Dalevon Campbell,101711,WR,ILLINOIS,6,47.4,0,187,64.3,,57.9,0,0,0,0.0,0.0,,0,0,0,27,0,0,0,57,0,30,0,0,27,0
Stephen Martin,123753,WR,UCF,5,93.1,0,323,71.0,,61.4,0,0,0,0.0,0.0,,0,0,0,27,0,0,0,29,0,2,0,2,27,0
Davion Johnson,57295,HB,MIAMI OH,2,62.8,0,221,63.2,63.4,60.0,0,0,22,64.7,68.4,100.0,0,0,0,27,0,0,0,43,26,38,0,0,1,0
Raymond James,55993,WR,KENT STATE,5,54.0,0,201,68.7,,61.6,0,0,0,0.0,0.0,,0,0,0,27,0,0,0,50,0,23,0,0,27,0
Tucker Melton,130376,QB,BOWL GREEN,4,71.1,0,122,22.8,,60.0,0,0,0,0.0,0.0,,0,0,0,27,0,0,0,38,0,11,0,0,27,0
Sackett Wood Jr.,132974,TE,VIRGINIA,7,73.0,0,335,52.4,47.1,71.0,0,0,2,18.2,23.1,100.0,0,0,0,27,0,0,0,37,3,13,0,0,24,34
Zamar Wise,128106,QB,UMASS,7,36.0,0,216,68.5,,60.2,0,0,0,0.0,0.0,,0,0,0,27,0,0,0,75,0,22,0,0,27,0
Luke Bussel,99574,WR,VA TECH,4,77.1,0,337,72.4,,62.9,0,0,0,0.0,0.0,,0,0,0,27,0,0,0,35,0,8,0,0,27,0
Brandon Frazier,123985,TE,AUBURN,8,77.1,0,115,61.5,67.9,68.0,0,0,2,20.0,20.0,100.0,1,0,0,27,0,0,0,35,2,10,0,0,25,27
Wyatt Fischer,78043,WR,CINCINNATI,6,84.4,0,138,54.9,,56.5,0,0,0,0.0,0.0,,0,0,0,27,0,0,0,32,0,5,0,0,27,4
Jimmy Calloway,124274,WR,TENNESSEE,3,36.6,0,307,59.8,,72.6,0,0,0,0.0,0.0,,0,0,0,26,0,0,0,71,0,45,0,0,26,0
Ja'Tavion Sanders,144717,TE,TEXAS,3,92.9,0,311,60.5,,67.9,0,0,0,0.0,0.0,,1,0,0,26,0,0,0,28,0,2,0,0,26,27
Aaron Cephus,40121,WR,HAWAII,6,26.8,0,180,51.9,,62.7,0,0,0,0.0,0.0,,0,0,0,26,0,0,0,97,0,71,0,0,26,0
Justin Ibieta,123220,QB,TULANE,3,50.0,0,319,65.8,,60.0,0,0,0,0.0,0.0,,0,0,0,26,0,0,0,52,0,24,0,0,26,0
Marcus Rogers,78898,WR,TROY,3,57.8,0,318,50.0,,61.5,0,0,0,0.0,0.0,,0,0,0,26,0,0,0,45,0,19,0,0,26,0
Tamatoa Mokiao-Atimalala,128204,WR,HAWAII,9,41.9,0,180,51.7,,51.8,0,0,0,0.0,0.0,,0,0,0,26,0,0,0,62,0,36,0,0,26,0
Micah Wilson,40104,WR,MISSOURI,10,70.3,0,229,65.5,,57.4,0,0,0,0.0,0.0,,0,0,0,26,0,0,0,37,0,8,0,0,26,0
Ronnie Stevenson,78132,WR,TEMPLE,8,54.2,0,306,52.8,,59.2,0,0,0,0.0,0.0,,0,0,0,26,0,0,0,48,0,22,0,0,26,2
Caleb Rillos,155838,TE,AIR FORCE,5,70.3,0,101,77.9,34.9,66.4,0,0,1,8.3,8.3,0.0,0,1,1,26,0,0,3,37,1,12,0,0,25,24
Matt Rosso,81812,T,RUTGERS,3,100.0,0,278,59.0,17.5,63.3,0,0,7,100.0,100.0,85.7,0,1,1,26,0,0,17,26,7,7,0,9,19,0
Jamontez Woods,97311,HB,TROY,10,17.4,0,318,69.9,7.8,56.8,1,0,8,9.8,9.4,93.7,0,1,0,26,0,0,0,149,8,85,0,0,18,0
Hunter Dekkers,122511,QB,IOWA STATE,4,37.7,0,193,55.3,,60.0,0,0,0,0.0,0.0,,0,0,0,26,0,0,0,69,0,40,0,0,26,0
Kadas Reams,78031,WR,TEMPLE,11,28.3,0,306,67.4,,62.2,0,0,0,0.0,0.0,,1,0,0,26,0,0,0,92,0,66,0,0,26,0
Chandler Pittman,145418,WR,SO MISS,6,38.8,0,296,74.4,71.8,47.5,0,0,2,7.4,6.7,100.0,0,0,0,26,0,0,0,67,2,30,0,0,24,0
Alec Sinkfield,57476,HB,BOSTON COL,12,17.1,0,121,68.3,83.4,59.9,0,0,10,19.6,20.4,100.0,0,0,0,26,0,0,0,152,11,54,0,0,15,0
B.J. Daniels,57462,HB,UTSA,9,25.2,0,331,75.3,80.9,57.4,0,0,13,25.5,24.5,100.0,0,0,0,26,0,0,0,103,13,53,0,0,13,0
Devontae Houston,147375,HB,UCONN,4,45.6,0,146,71.3,,59.0,0,0,0,0.0,0.0,,0,0,0,26,0,0,0,57,0,30,0,0,26,0
Trilion Coles,101076,HB,UCF,9,25.7,0,323,70.0,53.0,68.4,0,0,10,19.6,19.2,100.0,0,0,0,26,0,0,0,101,10,52,0,0,16,0
OrTre' Smith,61646,WR,S CAROLINA,5,51.0,0,289,57.4,,60.7,0,0,0,0.0,0.0,,0,0,0,26,0,0,0,51,0,25,0,0,26,0
Marquel Tinsley,97865,WR,MIDDLE TN,5,61.9,0,224,63.1,,48.2,0,0,0,0.0,0.0,,0,0,0,26,0,0,0,42,0,16,0,0,26,0
Terry Lockett Jr.,129625,WR,MICH STATE,8,53.1,0,223,56.7,,73.2,0,0,0,0.0,0.0,,0,0,0,26,0,0,0,49,0,23,0,0,26,0
Joe Ludwig,82522,FB,UTAH,11,92.9,0,328,67.6,76.2,71.9,0,0,3,60.0,60.0,100.0,0,0,0,26,0,0,0,28,3,5,0,0,23,2
Ethan Jackman,145974,G,AIR FORCE,3,100.0,0,101,67.6,,66.8,0,0,0,,,,0,0,0,26,0,0,0,26,0,0,26,0,26,0
Duane Martin,122716,TE,LOUISVILLE,7,76.5,0,210,57.7,74.7,69.8,0,0,3,27.3,27.3,100.0,0,0,0,26,0,0,0,34,3,11,0,0,23,10
Jordan Dingle,146743,TE,KENTUCKY,4,72.2,0,202,92.8,68.4,83.0,0,0,3,23.1,23.1,100.0,0,0,0,26,0,0,0,36,3,13,0,0,23,29
Jalen John,131577,HB,ARIZONA,9,16.6,0,109,71.3,58.3,58.7,0,1,17,21.0,22.4,97.1,0,1,0,26,0,0,0,157,19,85,0,0,7,0
Keleki Latu,146291,TE,CAL,10,33.3,1,130,57.1,78.7,54.4,0,0,5,8.9,8.8,100.0,1,0,0,26,0,0,0,78,5,57,0,0,21,43
Austin Evans,123595,TE,FAU,6,68.4,0,165,62.5,35.6,77.8,0,0,2,15.4,25.0,100.0,0,0,0,26,0,0,1,38,4,16,0,1,22,24
Taji Hudson,123816,WR,E CAROLINA,6,89.7,0,156,53.2,61.0,47.4,0,0,0,0.0,25.0,,0,0,0,26,0,0,0,29,1,4,0,0,25,0
Velton Gardner,97110,HB,KANSAS,3,30.2,0,198,67.1,24.2,56.2,0,3,14,32.6,31.1,89.3,0,3,0,26,0,0,0,86,14,45,0,0,12,0
Paul Tyson,98363,QB,ALABAMA,7,57.8,0,103,72.6,,60.0,0,0,0,0.0,0.0,,0,0,0,26,0,0,0,45,0,16,0,0,26,0
Trey Bonner,98282,G,GA STATE,4,100.0,0,175,51.1,78.5,48.2,0,0,8,100.0,100.0,100.0,0,0,0,26,0,26,0,26,9,9,0,0,17,0
Harry Miller,98280,G,OHIO STATE,2,100.0,0,260,65.5,43.3,67.0,0,0,9,100.0,100.0,88.9,0,1,1,26,0,26,0,26,9,9,0,0,17,0
Elijah Ellis,99452,T,BAYLOR,3,100.0,0,118,60.9,71.2,59.5,0,0,4,100.0,100.0,100.0,0,0,0,26,0,0,19,26,4,4,0,7,22,0
Earnest Crownover,124312,HB,TEXAS A&M,7,80.6,0,312,63.6,77.9,65.8,0,0,4,100.0,100.0,100.0,0,0,0,25,0,0,0,31,4,4,0,0,21,0
Chandler Smith,45291,HB,HOUSTON,12,32.5,0,182,71.1,89.9,71.2,0,0,7,26.9,27.6,100.0,0,0,0,25,0,0,0,77,8,29,0,0,17,0
Tyler Guyton,123076,T,TCU,7,92.6,0,305,69.7,0.0,69.2,0,1,2,50.0,50.0,75.0,1,1,0,25,0,0,19,27,2,4,0,0,23,5
Larry Stephens III,130634,WR,TOLEDO,4,64.1,0,316,44.6,,61.3,0,0,0,0.0,0.0,,0,0,0,25,0,0,0,39,0,14,0,0,25,0
Malik Jackson,101675,TE,MARYLAND,2,96.2,0,215,36.7,,40.5,0,0,0,0.0,0.0,,0,0,0,25,0,0,0,26,0,1,0,0,25,24
Grant Jackson,124174,G,MISS STATE,2,100.0,0,227,65.3,75.4,73.5,0,1,21,100.0,100.0,97.6,1,1,0,25,0,25,0,25,21,21,0,0,4,0
Trenton Bourguet,97285,QB,ARIZONA ST,4,64.1,0,110,50.8,,60.2,0,0,0,0.0,0.0,,0,0,0,25,0,0,0,39,0,10,0,0,25,0
LD Brown,40346,HB,OKLA STATE,4,25.5,0,262,59.3,36.9,43.6,0,1,14,26.9,25.5,96.4,0,1,0,25,0,0,0,98,14,55,0,0,11,0
Chris Hughes,23029,G,KANSAS,3,100.0,0,198,72.7,81.1,71.6,0,0,13,100.0,100.0,100.0,0,0,0,25,0,25,0,25,13,13,0,0,12,0
Drew Vest,98478,G,ARKANSAS,2,100.0,0,111,63.3,77.6,61.8,0,0,7,100.0,100.0,100.0,0,0,0,25,0,9,0,25,7,7,16,0,18,0
Cody Brown,143937,HB,MIAMI FL,10,27.8,0,220,61.2,54.3,48.4,1,1,13,29.5,35.4,92.3,0,2,0,25,0,0,0,90,17,48,0,0,8,0
Daniel Jackson,122519,WR,IOWA STATE,9,37.3,0,193,50.2,,58.6,0,0,0,0.0,0.0,,0,0,0,25,0,0,0,67,0,42,0,0,25,1
Khi Mathieu,121775,WR,MEMPHIS,6,41.0,0,218,65.5,,62.1,0,0,0,0.0,0.0,,0,0,0,25,0,0,0,61,0,36,0,0,25,0
Jehlani Galloway,77971,WR,BOSTON COL,10,27.8,0,121,50.1,,79.2,0,0,0,0.0,0.0,,0,0,0,25,0,0,0,90,0,65,0,0,25,0
Smart Chibuzo,124309,G,TEXAS A&M,4,100.0,1,312,62.4,0.0,67.2,1,0,5,100.0,100.0,90.0,1,1,0,25,8,6,0,25,5,5,8,3,20,0
Cole Blaker,61066,TE,VA TECH,5,89.3,0,337,56.0,69.1,55.7,0,0,2,40.0,40.0,100.0,0,0,0,25,0,0,0,28,2,5,0,0,23,18
Keitha Jones Jr.,77171,TE,TULANE,6,64.1,0,319,56.7,66.3,61.2,0,0,2,12.5,12.5,100.0,0,0,0,25,0,0,0,39,2,16,0,0,23,21
Darien Rencher,39949,HB,CLEMSON,5,35.7,0,140,54.4,49.3,57.5,1,0,16,39.0,40.5,96.9,0,1,0,25,0,0,0,70,17,42,0,0,8,0
Ryan Winkel,81563,G,ARKANSAS,2,100.0,0,111,62.6,77.6,61.2,0,0,7,100.0,100.0,100.0,0,0,0,25,0,16,0,25,7,7,9,0,18,0
Justin Stephens,98375,TE,TOLEDO,4,78.1,0,316,61.1,65.4,67.8,0,0,1,12.5,12.5,100.0,0,0,0,25,0,0,0,32,1,8,0,0,24,25
Joe Wilkins Jr.,84347,WR,NOTRE DAME,5,38.5,0,258,66.8,,44.5,0,0,0,0.0,0.0,,0,0,0,25,0,0,0,65,0,40,0,0,25,0
Kendall Major,100243,G,TOLEDO,2,100.0,0,316,72.0,80.3,70.7,0,0,9,100.0,100.0,100.0,0,0,0,25,0,25,0,25,9,9,0,0,16,0
Jordan Pouncey,61711,WR,FLORIDA,5,69.4,0,163,57.3,,71.4,0,0,0,0.0,0.0,,0,0,0,25,0,0,0,36,0,11,0,0,25,0
Greg Garner,122671,HB,LA TECH,9,19.7,0,208,75.3,76.6,56.0,0,0,15,25.0,27.0,100.0,0,0,0,25,0,0,0,127,17,63,0,0,8,0
Isaac Ross,104919,WR,UMASS,8,29.1,0,216,45.2,,31.2,0,0,0,0.0,0.0,,1,0,0,25,0,0,0,86,0,61,0,0,25,0
Justin Johnson Jr.,144782,HB,W VIRGINIA,7,32.5,0,343,66.1,7.1,50.0,0,1,5,15.6,18.2,70.0,0,2,1,25,0,0,0,77,6,33,0,0,19,0
Hassan Hall,77705,HB,LOUISVILLE,7,26.6,0,210,64.5,86.8,57.3,0,0,17,34.7,34.7,100.0,0,0,0,25,0,0,0,94,17,49,0,0,8,0
Cole McGowan,61290,WR,HOUSTON,6,51.0,0,182,53.2,,61.6,0,0,0,0.0,0.0,,0,0,0,25,0,0,0,49,0,24,0,0,25,0
John Young,124084,G,KENTUCKY,3,100.0,0,202,69.6,0.0,76.2,1,0,6,100.0,100.0,91.7,0,1,0,24,0,24,0,24,6,6,0,0,18,0
Trenton Gillison,66276,TE,MICH STATE,8,68.6,0,223,54.4,69.8,57.7,0,0,1,8.3,8.3,100.0,0,0,0,24,0,0,0,35,1,12,0,0,23,28
Deshawn Richardson,100772,G,FAU,3,100.0,0,165,61.4,75.1,60.0,0,0,6,100.0,100.0,100.0,0,0,0,24,0,24,0,24,6,6,0,0,18,0
Zovon Lindsay,98233,T,COAST CAR,2,100.0,0,141,51.1,75.6,48.9,0,0,6,100.0,100.0,100.0,0,0,0,24,0,0,0,24,6,6,0,24,18,0
Aaron Bedgood,97079,WR,COAST CAR,10,41.4,0,141,67.1,,71.2,0,0,0,0.0,0.0,,0,0,0,24,0,0,0,58,0,34,0,0,24,0
Joshua Simon,98358,TE,W KENTUCKY,1,47.1,0,346,60.5,37.4,39.3,0,1,6,18.8,20.6,91.7,0,1,0,24,0,0,0,51,7,34,0,0,17,43
Trey Sanders,97433,HB,ALABAMA,12,14.6,0,103,74.4,76.6,69.5,0,1,15,19.0,18.5,96.7,0,1,0,24,0,0,0,164,15,81,0,0,9,0
Cole Kramer,101627,QB,MINNESOTA,8,38.1,0,225,79.9,,60.2,0,0,0,0.0,0.0,,0,0,0,24,0,0,0,63,0,3,0,0,24,0
Jared Bycznski,129806,G,PURDUE,2,100.0,0,273,62.4,64.1,61.6,0,1,9,100.0,100.0,94.4,0,1,0,24,0,21,0,24,9,9,3,0,15,0
Jayson Raines,146361,WR,STANFORD,7,66.7,0,300,54.0,,59.0,0,0,0,0.0,0.0,,0,0,0,24,0,0,0,36,0,12,0,0,24,0
Jackson Kimble,77448,C,BAYLOR,4,100.0,0,118,70.1,71.2,67.0,0,0,3,100.0,100.0,100.0,0,0,0,24,24,0,0,24,3,3,0,0,21,0
JD Spielman,39935,WR,TCU,4,30.0,0,305,74.0,,57.7,0,0,0,0.0,0.0,,0,0,0,24,0,0,0,80,0,53,0,0,24,0
Brian Brewton,147377,HB,UCONN,10,34.8,0,146,58.9,70.0,60.0,0,0,1,2.7,2.5,100.0,1,0,0,24,0,0,0,69,1,40,0,0,23,0
Peyton Dixon,97280,HB,NEW MEXICO,3,36.4,0,241,69.8,35.5,58.7,0,0,9,47.4,47.4,100.0,0,0,0,24,0,0,0,66,9,19,0,0,15,0
Zach Russell,145638,TE,BOWL GREEN,3,75.0,0,122,49.8,,54.7,0,0,0,0.0,0.0,,0,0,0,24,0,0,0,32,0,8,0,0,24,32
Evan Simon,129906,QB,RUTGERS,6,38.1,0,278,42.8,,60.0,0,0,0,0.0,0.0,,0,0,0,24,0,0,0,63,0,33,0,0,24,0
Caleb Lynum,82114,WR,FIU,4,45.3,0,166,67.5,60.5,63.5,0,0,1,3.4,3.3,100.0,0,0,0,24,0,0,0,53,1,30,0,0,23,0
Sam Noyer,40048,QB,OREGON ST,2,46.2,0,265,31.9,,60.3,0,0,0,0.0,0.0,,0,0,0,24,0,0,0,52,0,26,0,0,24,0
Laurence Seymore,143949,C,MIAMI FL,2,100.0,0,220,68.2,72.7,65.5,0,0,3,100.0,100.0,100.0,0,0,0,24,24,0,0,24,3,3,0,0,21,0
Josiah Miamen,101689,TE,IOWA,4,64.9,0,192,61.4,,62.8,0,0,0,0.0,0.0,,1,0,0,24,0,0,0,37,0,13,0,0,24,32
Amir Richardson,97811,TE,MARSHALL,3,88.9,0,214,54.4,,53.2,0,0,0,0.0,0.0,,0,0,0,24,0,0,0,27,0,3,0,0,24,10
Chabastin Taylor,61354,WR,KANSAS ST,8,68.6,0,199,60.0,,49.6,0,0,0,0.0,0.0,,1,0,0,24,0,0,0,35,0,11,0,0,24,0
Zach Barlev,144807,T,ILLINOIS,1,100.0,0,187,88.3,,83.1,0,0,0,,,,0,0,0,24,0,0,7,24,0,0,0,4,24,13
Cody Jackson,144621,WR,OKLAHOMA,2,48.0,0,261,72.4,,74.2,0,0,0,0.0,0.0,,0,0,0,24,0,0,0,50,0,26,0,0,24,0
Keyon Henry-Brooks,98564,HB,LA TECH,9,18.2,0,208,64.0,26.0,57.1,0,2,15,17.0,17.4,93.3,0,2,0,24,0,0,0,132,16,92,0,0,8,0
Ryan King,122484,WR,GA TECH,3,49.0,0,176,54.4,61.8,61.9,0,0,1,3.8,3.8,100.0,0,0,0,24,0,0,0,49,1,26,0,0,23,0
Donovan Edwards,144917,HB,MICHIGAN,12,18.0,0,222,74.1,23.7,57.9,1,0,8,10.3,10.7,93.7,0,1,0,24,0,0,0,133,9,84,0,0,15,0
Tucker Gleason,122475,QB,TOLEDO,3,68.6,0,316,62.6,,60.0,0,0,0,0.0,0.0,,0,0,0,24,0,0,0,35,0,9,0,0,24,0
Jack Miller III,129754,QB,OHIO STATE,4,55.8,0,260,72.9,,60.0,0,0,0,0.0,0.0,,0,0,0,24,0,0,0,43,0,14,0,0,24,0
Changa Hodge,42327,WR,VA TECH,5,54.5,0,337,47.6,,38.4,0,0,0,0.0,0.0,,0,0,0,24,0,0,0,44,0,20,0,0,24,0
Drew Zaubi,77616,QB,W KENTUCKY,7,80.0,0,346,68.4,,60.0,0,0,0,0.0,0.0,,0,0,0,24,0,0,0,30,0,5,0,0,24,0
Isaiah Dunnuck,100240,TE,BALL ST,6,77.4,0,117,57.7,,62.5,0,0,0,0.0,0.0,,1,0,0,24,0,0,0,31,0,7,0,0,24,26
Hudson Wolfe,146818,TE,OLE MISS,4,61.5,1,226,51.0,34.7,66.1,0,1,7,31.8,31.8,92.9,2,1,0,24,0,0,0,39,7,22,0,0,17,17
Mitchell Quinn,84510,WR,WASH STATE,8,53.5,0,341,61.5,,61.2,0,0,0,0.0,0.0,,1,0,0,23,0,0,0,43,0,20,0,0,23,0
Jonathan Harrison,128300,T,S DIEGO ST,4,100.0,0,284,73.2,73.3,70.6,0,0,4,100.0,100.0,100.0,0,0,0,23,0,0,12,23,4,4,0,10,19,0
Cannon Montgomery,78054,WR,TULSA,11,28.0,0,320,61.4,,61.2,0,0,0,0.0,0.0,,0,0,0,23,0,0,0,82,0,59,0,0,23,0
Jackson Ritter,101736,WR,IOWA,7,46.0,0,192,63.8,,75.7,0,0,0,0.0,0.0,,0,0,0,23,0,0,0,50,0,27,0,0,23,0
Christian Forbes,123384,T,WAKE,3,100.0,0,339,65.3,77.3,62.8,0,0,4,100.0,100.0,100.0,1,0,0,23,0,3,20,23,4,4,0,0,19,0
Bryson Moss,145745,HB,E MICHIGAN,8,35.9,0,160,56.1,21.9,59.5,0,4,19,47.5,48.8,89.5,0,4,0,23,0,0,0,64,20,41,0,0,3,0
Jesse Hanson,99672,G,VA TECH,4,100.0,0,337,67.1,13.4,69.2,0,1,4,100.0,100.0,87.5,0,1,0,23,0,23,0,23,4,4,0,0,19,0
Quinton Stewart,122993,TE,OKLA STATE,3,92.0,0,262,70.3,70.5,70.2,0,0,2,66.7,60.0,100.0,0,0,0,23,0,0,0,25,3,5,0,0,20,20
Dan VanOpstall,82002,T,MICH STATE,4,100.0,0,223,58.2,72.5,56.6,0,0,4,100.0,100.0,100.0,0,0,0,23,0,0,21,23,4,4,0,1,19,0
Josh Kaltenberger,129819,C,PURDUE,3,100.0,0,273,47.8,81.2,46.3,0,0,9,100.0,100.0,100.0,0,0,0,23,22,0,0,23,9,9,0,0,14,1
Joey Ramos,77474,C,IOWA STATE,2,100.0,0,193,77.3,75.2,72.8,0,0,6,100.0,100.0,100.0,0,0,0,23,23,0,0,23,6,6,0,0,17,0
Reuben Unije,81675,T,HOUSTON,1,100.0,0,182,67.8,57.7,68.7,0,0,9,100.0,100.0,88.9,0,1,1,23,0,0,20,23,10,10,0,3,13,0
Peyton Sawyer,78077,WR,HOUSTON,10,56.1,0,182,73.6,,74.8,0,0,0,0.0,0.0,,0,0,0,23,0,0,0,41,0,18,0,0,23,0
Edgar Burrola,58486,T,ARIZONA,1,100.0,0,109,48.8,52.7,60.1,1,2,20,100.0,100.0,92.5,1,3,0,23,0,0,23,23,20,20,0,0,3,0
Quinn Carroll,98517,T,NOTRE DAME,3,100.0,0,258,81.6,37.6,83.8,0,1,6,100.0,100.0,91.7,0,1,0,23,0,0,0,23,6,6,0,23,17,0
Dillon Doyle,81254,LB,BAYLOR,13,67.6,0,118,72.2,85.9,65.1,0,0,2,20.0,20.0,100.0,0,0,0,23,0,0,0,34,2,10,0,0,21,0
DeAmonte King,55350,WR,TOLEDO,2,82.1,0,316,76.9,,61.1,0,0,0,0.0,0.0,,0,0,0,23,0,0,0,28,0,5,0,0,23,0
Deion Smith,83655,HB,COLORADO,10,17.8,1,143,70.1,15.2,56.0,1,2,16,25.0,25.7,90.6,1,3,0,23,0,0,0,129,18,70,0,0,5,0
Austin Johnson,100531,C,COLORADO,3,100.0,0,143,58.0,24.5,63.5,0,0,10,100.0,100.0,100.0,0,0,0,23,17,0,0,23,10,10,6,0,13,0
Ethan Hampton,145858,QB,N ILLINOIS,2,60.5,0,254,46.3,,60.3,0,0,0,0.0,0.0,,0,0,0,23,0,0,0,38,0,13,0,0,23,0
Moses Landis,81758,C,NEVADA,5,100.0,0,239,47.7,53.7,45.7,0,0,13,100.0,100.0,92.3,0,1,1,23,15,6,0,23,13,13,0,2,10,0
Andison Coby,146930,WR,TENNESSEE,5,54.8,0,307,51.7,,46.7,0,0,0,0.0,0.0,,0,0,0,23,0,0,0,42,0,19,0,0,23,0
Anthony Smith,122885,WR,NC STATE,7,46.9,0,248,74.5,,74.0,0,0,0,0.0,0.0,,0,0,0,23,0,0,0,49,0,26,0,0,23,0
Davis Beville,99588,QB,PITTSBURGH,3,44.2,0,268,78.6,,60.0,0,0,0,0.0,0.0,,0,0,0,23,0,0,0,52,0,28,0,0,23,0
Jaren Lewis,99473,QB,KANSAS ST,4,41.8,0,199,41.7,,60.0,0,0,0,0.0,0.0,,0,0,0,23,0,0,0,55,0,28,0,0,23,0
Chris Lewis,146744,WR,KENTUCKY,4,76.7,0,202,55.8,,61.4,0,0,0,0.0,0.0,,0,0,0,23,0,0,0,30,0,7,0,0,23,0
Kobie Campbell,129841,HB,RICE,6,30.7,0,275,51.8,,60.2,0,0,0,0.0,0.0,,0,0,0,23,0,0,0,75,0,52,0,0,23,0
Drake Maye,143969,QB,N CAROLINA,4,56.1,0,245,60.0,,60.0,0,0,0,0.0,0.0,,0,0,0,23,0,0,0,41,0,15,0,0,23,0
Miles Battle,84301,CB,OLE MISS,2,50.0,0,226,58.9,,58.3,0,0,0,0.0,0.0,,1,0,0,23,0,0,0,46,0,23,0,0,23,0
Cade Ballard,102861,QB,ARMY,2,71.0,0,114,46.2,,60.0,0,0,0,0.0,0.0,,0,0,0,22,0,0,0,31,0,2,0,0,22,0
Matthew Hibner,129581,TE,MICHIGAN,5,84.6,0,222,54.4,69.5,56.5,0,0,1,20.0,20.0,100.0,0,0,0,22,0,0,0,26,1,5,0,0,21,20
Daniel Godfrey,42302,TE,UNLV,4,81.5,0,325,55.2,30.4,66.5,0,1,6,54.5,54.5,91.7,0,1,0,22,0,0,0,27,6,11,0,0,16,24
Nathan Bax,89474,TE,ARKANSAS,5,78.6,0,111,57.8,69.9,71.1,0,0,3,33.3,40.0,100.0,1,0,0,22,0,0,0,28,4,10,0,0,18,17
David Larkins,133685,TE,APP STATE,2,100.0,0,108,63.3,66.8,61.8,0,0,2,100.0,100.0,100.0,0,0,0,22,0,0,0,22,2,2,0,0,20,19
Tyler Elsbury,129466,T,IOWA,3,100.0,0,192,80.4,80.9,78.6,0,0,9,100.0,100.0,100.0,0,0,0,22,0,3,0,22,9,9,0,19,13,0
A.J. Abbott,84520,WR,WISCONSIN,4,84.6,0,349,59.5,,61.7,0,0,0,0.0,0.0,,0,0,0,22,0,0,0,26,0,4,0,0,22,0
Eni Falayi,147417,TE,UMASS,3,100.0,0,216,60.3,66.4,59.2,0,0,1,100.0,100.0,100.0,0,0,0,22,0,0,0,22,1,1,0,0,21,18
Daetrich Harrington,57129,HB,APP STATE,6,20.4,0,108,71.6,62.6,60.0,0,2,21,36.2,35.0,95.2,0,2,0,22,0,0,0,108,21,60,0,0,1,0
Tyler Crowe,101219,HB,BOISE ST,9,47.8,0,120,79.7,73.1,55.4,0,0,2,50.0,40.0,100.0,0,0,0,22,0,0,0,46,2,5,0,0,20,0
Isaiah Phillips,83695,HB,LA MONROE,6,34.4,1,209,55.4,12.6,65.4,0,1,8,25.8,25.7,93.7,1,1,0,22,0,0,0,64,9,35,0,0,13,0
Tyrese Mack,146085,WR,NEVADA,3,40.0,0,239,54.2,,61.5,0,0,0,0.0,0.0,,0,0,0,22,0,0,0,55,0,33,0,0,22,0
Spencer Roe,77017,TE,KANSAS,5,75.9,0,198,51.6,66.2,60.8,0,0,2,22.2,22.2,100.0,1,0,0,22,0,0,0,29,2,9,0,0,20,18
Isaah Crocker,84369,WR,OREGON,5,43.1,0,264,80.3,,61.3,0,0,0,0.0,0.0,,0,0,0,22,0,0,0,51,0,29,0,0,22,0
Jacolby Criswell,122830,QB,N CAROLINA,4,44.0,0,245,72.6,,60.0,0,0,0,0.0,0.0,,0,0,0,22,0,0,0,50,0,23,0,0,22,0
Brian Parish,59948,T,UMASS,3,100.0,0,216,53.3,49.9,53.5,0,0,8,100.0,100.0,100.0,0,0,0,22,0,0,20,22,10,10,0,0,12,2
Bayne Tryon,123263,TE,TULSA,4,78.6,0,320,43.9,,47.6,0,0,0,0.0,0.0,,0,0,0,22,0,0,0,28,0,6,0,0,22,26
Isaia Glass,146274,T,ARIZONA ST,6,100.0,0,110,46.6,67.9,47.3,0,0,1,100.0,100.0,100.0,0,0,0,22,0,0,13,22,1,1,0,3,21,6
Evan Conley,97783,QB,LOUISVILLE,5,50.0,0,210,61.4,,60.0,0,0,0,0.0,0.0,,0,0,0,22,0,0,0,44,0,22,0,0,22,0
Jonathan Odom,124389,TE,FLORIDA,6,71.0,0,163,44.6,70.3,49.2,0,0,1,10.0,10.0,100.0,1,0,0,22,0,0,0,31,1,10,0,0,21,14
Matt Fagan,81681,C,IOWA,3,100.0,0,192,75.8,77.9,72.5,0,0,9,100.0,100.0,100.0,0,0,0,22,19,0,0,22,9,9,3,0,13,0
Jaelyn Lay,99701,TE,CLEMSON,3,75.9,0,140,44.7,67.3,59.4,0,0,2,22.2,30.0,100.0,0,0,0,22,0,0,0,29,3,10,0,0,19,22
J.D. King,57374,HB,GA SOUTHRN,4,34.9,0,174,67.6,77.5,58.4,0,0,4,25.0,23.5,100.0,0,0,0,22,0,0,0,63,4,17,0,0,18,0
Nick Rosi,77511,T,TOLEDO,1,100.0,0,316,54.2,78.0,50.2,0,0,7,100.0,100.0,100.0,0,0,0,22,0,0,0,22,8,8,0,22,14,0
Jake Neatherton,57364,HB,OHIO,8,42.3,0,259,65.7,81.0,55.3,0,0,6,35.3,35.3,100.0,0,0,0,22,0,0,0,52,6,17,0,0,16,0
Peter Parrish,99138,QB,MEMPHIS,3,22.4,0,218,44.6,,60.0,0,0,0,0.0,0.0,,0,0,0,22,0,0,0,98,0,68,0,0,22,0
Jordan Johnson,122902,WR,UCF,4,66.7,0,323,48.1,,60.5,0,0,0,0.0,0.0,,0,0,0,22,0,0,0,33,0,11,0,0,22,0
Joe Royer,52545,TE,OHIO STATE,3,64.7,0,260,59.3,70.3,51.6,0,0,3,20.0,20.0,100.0,0,0,0,22,0,0,0,34,3,15,0,0,19,22
AJ Green,127442,HB,ARKANSAS,11,22.0,0,111,63.8,12.2,56.4,1,2,10,25.6,25.0,85.0,0,3,0,22,0,0,0,100,10,40,0,0,12,0
Jayden Ramsey,147025,T,APP STATE,3,100.0,0,108,90.6,73.6,88.6,0,0,4,100.0,100.0,100.0,0,0,0,22,0,0,22,22,5,5,0,0,17,0
Andrew Sowinski,129832,WR,PURDUE,4,66.7,0,273,63.6,,60.6,0,0,0,0.0,0.0,,0,0,0,22,0,0,0,33,0,11,0,0,22,0
Troy Everett,147024,C,APP STATE,3,100.0,0,108,74.6,74.0,70.5,0,0,4,100.0,100.0,100.0,0,0,0,22,22,0,0,22,5,5,0,0,17,0
Christian Hilborn,146501,T,WASH STATE,2,100.0,0,341,41.1,0.0,66.6,0,2,13,100.0,100.0,84.6,0,3,1,22,0,0,0,22,14,14,6,16,8,0
Garret Reynolds,123293,WR,USF,4,88.0,0,327,59.4,,62.5,0,0,0,0.0,0.0,,0,0,0,22,0,0,0,25,0,3,0,0,22,0
Tailique Williams,123867,WR,GA STATE,5,62.9,0,175,65.6,,46.9,0,0,0,0.0,0.0,,0,0,0,22,0,0,0,35,0,12,0,0,22,0
Jordan Carroll,123476,WR,LA MONROE,4,53.8,0,209,53.1,,59.2,0,0,0,0.0,0.0,,0,0,0,21,0,0,0,39,0,18,0,0,21,0
Chris Booker,101703,WR,OHIO STATE,4,65.6,0,260,66.2,,76.3,0,0,0,0.0,0.0,,0,0,0,21,0,0,0,32,0,11,0,0,21,0
Kay'Ron Lynch-Adams,101643,HB,UMASS,4,17.9,0,216,65.5,60.6,59.9,0,3,18,25.7,25.7,91.7,0,3,0,21,0,0,0,117,19,74,0,0,2,0
Zach Marsh Wojan,123752,TE,UCF,2,75.0,0,323,47.6,,63.6,0,0,0,0.0,0.0,,0,0,0,21,0,0,0,28,0,7,0,0,21,19
Jaylen Garth,123115,T,TEXAS,2,100.0,0,311,71.0,,69.0,0,0,0,,,,0,0,0,21,0,0,0,21,0,0,0,21,21,0
Kaevion Mack,130653,WR,W MICHIGAN,4,91.3,0,347,58.1,,59.3,0,0,0,0.0,0.0,,0,0,0,21,0,0,0,23,0,2,0,0,21,0
DeAngelo Wilson,54997,WR,W KENTUCKY,7,67.7,0,346,70.2,,56.7,0,0,0,0.0,0.0,,0,0,0,21,0,0,0,31,0,10,0,0,21,0
Javonte Sherman,145299,WR,MIDDLE TN,3,87.5,0,224,57.1,,59.5,0,0,0,0.0,0.0,,0,0,0,21,0,0,0,24,0,3,0,0,21,0
E.J. Wilson,123652,HB,FIU,10,18.4,1,166,65.4,36.4,60.1,0,2,17,25.4,26.5,94.1,2,2,0,21,0,0,0,114,18,68,0,0,3,0
Abraham Alce,77806,HB,LA MONROE,10,53.8,0,209,49.9,54.6,51.1,0,1,5,62.5,62.5,90.0,0,1,0,21,0,0,0,39,5,8,0,0,16,0
Sean Eckert,84130,WR,ARMY,2,87.5,0,114,67.8,,55.3,0,0,0,0.0,0.0,,0,0,0,21,0,0,0,24,0,3,0,0,21,15
Trey Williams,147183,WR,LA MONROE,2,100.0,0,209,46.6,65.6,48.3,0,0,1,100.0,100.0,100.0,0,0,0,21,0,0,0,21,1,1,0,0,20,21
Trai Jones,124243,G,S CAROLINA,6,91.3,0,289,68.7,61.5,66.4,0,0,0,0.0,33.3,,0,0,0,21,0,2,1,23,1,3,0,0,20,2
Rufus Harvey,124172,WR,MISS STATE,5,22.8,0,227,51.8,,57.1,0,0,0,0.0,0.0,,0,0,0,21,0,0,0,92,0,71,0,0,21,0
Max May,78024,WR,CLEMSON,4,61.8,0,140,60.8,,61.2,0,0,0,0.0,0.0,,0,0,0,21,0,0,0,34,0,13,0,0,21,0
Drew Swinney,78023,WR,CLEMSON,6,56.8,0,140,49.0,,62.2,0,0,0,0.0,0.0,,0,0,0,21,0,0,0,37,0,16,0,0,21,0
Marcel Dancy,83642,HB,CAL,12,17.6,0,130,65.2,70.5,55.8,0,0,8,10.5,12.5,100.0,0,0,0,21,0,0,0,119,10,80,0,0,11,1
Seven McGee,146562,HB,OREGON,10,23.9,0,264,54.6,14.9,45.2,0,1,4,7.1,7.0,87.5,0,1,0,21,0,0,0,88,4,57,0,0,17,1
Jimmy Holiday,124281,WR,TENNESSEE,4,52.5,0,307,54.5,,60.4,0,0,0,0.0,0.0,,0,0,0,21,0,0,0,40,0,19,0,0,21,0
Nolan Gorczyca,145678,G,BUFFALO,1,100.0,0,126,58.3,67.3,57.8,0,0,1,100.0,100.0,100.0,0,0,0,21,0,21,0,21,1,1,0,0,20,0
Charles McClelland,77733,HB,CINCINNATI,10,21.0,0,138,74.2,32.6,45.9,0,0,9,18.4,17.6,100.0,0,0,0,21,0,0,0,100,9,51,0,0,12,0
Maclaine Griffin,84141,WR,BOISE ST,4,80.8,0,120,56.4,,62.1,0,0,0,0.0,0.0,,0,0,0,21,0,0,0,26,0,5,0,0,21,0
Khalan Griffin,129847,HB,RICE,12,11.7,0,275,66.9,42.0,67.8,0,1,13,22.4,23.7,96.2,0,1,0,21,0,0,0,180,14,59,0,0,7,0
Trevor Cahill,77338,T,BUFFALO,1,100.0,0,126,65.5,0.0,69.7,0,0,1,100.0,100.0,100.0,0,0,0,21,0,0,21,21,1,1,0,0,20,0
Jaylen Dixon,61775,WR,UTAH,11,42.9,0,328,74.5,,62.1,0,0,0,0.0,0.0,,0,0,0,21,0,0,0,49,0,26,0,0,21,0
Des Holmes,60017,G,PENN STATE,4,100.0,0,266,67.2,87.5,64.4,0,0,10,100.0,100.0,100.0,0,0,0,21,0,0,0,21,10,10,18,0,11,1
Grant Frerking,84432,WR,TENNESSEE,6,84.0,0,307,60.8,,63.0,0,0,0,0.0,0.0,,0,0,0,21,0,0,0,25,0,4,0,0,21,0
Tanner Arkin,146008,TE,COLO STATE,2,65.6,0,144,60.4,65.6,52.4,0,0,1,8.3,8.3,100.0,0,0,0,21,0,0,0,32,1,12,0,0,20,23
Zach Vaughan,123404,G,WAKE,4,100.0,0,339,59.1,71.4,57.8,0,0,2,100.0,100.0,100.0,0,0,0,21,0,0,0,21,2,2,11,10,19,0
Tyler Macon,146873,QB,MISSOURI,3,38.9,0,229,68.1,,60.0,0,0,0,0.0,0.0,,0,0,0,21,0,0,0,54,0,20,0,0,21,0
Tyler Doty,130407,G,BUFFALO,1,100.0,0,126,74.3,67.3,73.2,0,0,1,100.0,100.0,100.0,0,0,0,21,0,0,0,21,1,1,21,0,20,0
Bryce Bohanon,144404,WR,TULANE,3,77.8,0,319,56.6,,53.8,0,0,0,0.0,0.0,,0,0,0,21,0,0,0,27,0,6,0,0,21,0
Kinkead Dent,99132,QB,OLE MISS,3,77.8,0,226,66.3,,60.0,0,0,0,0.0,0.0,,0,0,0,21,0,0,0,27,0,4,0,0,21,0
Jay Woolfolk,151104,QB,VIRGINIA,5,22.8,0,335,55.1,,60.1,0,0,0,0.0,0.0,,1,0,0,21,0,0,0,92,0,57,0,0,21,0
Jalen St. John,123963,T,ARKANSAS,2,100.0,0,111,55.4,76.5,53.7,0,0,5,100.0,100.0,100.0,0,0,0,21,0,8,13,21,5,5,0,0,16,0
Haakon Anderson,129911,WR,WISCONSIN,3,87.5,0,349,58.3,,60.7,0,0,0,0.0,0.0,,0,0,0,21,0,0,0,24,0,3,0,0,21,0
Rory Hanson,128178,TE,FRESNO ST,3,67.7,0,169,57.0,71.3,65.8,0,0,3,23.1,23.1,100.0,0,0,0,21,0,0,0,31,3,13,0,0,18,23
Dayton Baugh,121553,G,ARMY,1,100.0,0,114,60.3,,59.8,0,0,0,,,,0,0,0,20,0,17,0,20,0,0,3,0,20,0
Derrick Graham,123703,T,TROY,2,100.0,0,318,59.3,77.6,65.3,0,0,6,100.0,100.0,100.0,1,0,0,20,0,0,0,20,6,6,0,20,14,0
Tre' Goode,97596,WR,CHARLOTTE,6,69.0,0,136,54.1,,58.1,0,0,0,0.0,0.0,,0,0,0,20,0,0,0,29,0,9,0,0,20,0
Andrew Boselli,40469,G,FAU,2,100.0,0,165,75.4,76.4,73.7,0,0,7,100.0,100.0,100.0,0,0,0,20,0,0,0,20,7,7,11,9,13,0
Bryce Stephens,146627,WR,ARKANSAS,3,58.8,0,111,46.8,,59.0,0,0,0,0.0,0.0,,0,0,0,20,0,0,0,34,0,14,0,0,20,0
Isaac Guerendo,83806,HB,WISCONSIN,4,28.6,0,349,71.2,26.8,59.0,0,1,11,29.7,30.8,95.5,0,1,0,20,0,0,0,70,12,39,0,0,8,0
Carson Burt,98394,T,TROY,3,100.0,0,318,62.6,79.3,68.0,0,0,6,100.0,100.0,100.0,1,0,0,20,0,0,19,20,6,6,0,0,14,0
Tru Edwards,146058,WR,HAWAII,7,18.2,0,180,55.7,,61.3,0,0,0,0.0,0.0,,0,0,0,20,0,0,0,110,0,90,0,0,20,0
Dezmon Jackson,98690,HB,OKLA STATE,6,15.5,0,262,61.1,85.0,60.1,0,1,14,20.3,19.5,96.4,0,1,0,20,0,0,0,129,15,77,0,0,5,0
Nick Mosley,145661,HB,BOWL GREEN,11,15.0,0,122,72.7,27.9,62.5,0,0,12,26.1,25.0,83.3,0,2,2,20,0,0,0,133,12,48,0,0,8,3
J'Shun Bodiford,145303,T,MIDDLE TN,2,100.0,0,224,56.5,75.8,63.7,0,0,3,100.0,100.0,100.0,1,0,0,20,0,8,12,20,4,4,0,0,16,0
John David White,99222,WR,ARKANSAS,4,69.0,0,111,71.3,,89.0,0,0,0,0.0,0.0,,0,0,0,20,0,0,0,29,0,9,0,0,20,0
Gabe Ervin Jr.,144996,HB,NEBRASKA,4,19.0,0,238,67.6,53.2,70.5,0,0,11,20.0,18.6,100.0,0,0,0,20,0,0,0,105,11,59,0,0,9,0
Juan Davis,144725,TE,TEXAS,5,87.0,0,311,61.1,,64.5,0,0,0,0.0,0.0,,0,0,0,20,0,0,0,23,0,2,0,0,20,21
Jamahl Horne,99533,WR,KANSAS,3,95.2,0,198,54.1,,48.4,0,0,0,0.0,0.0,,0,0,0,20,0,0,0,21,0,1,0,0,20,0
Maquel Haywood,144314,FB,NAVY,3,66.7,0,237,79.9,,74.3,0,0,0,0.0,0.0,,0,0,0,20,0,0,0,30,0,1,0,0,20,2
Tristan Leigh,144121,T,CLEMSON,2,100.0,0,140,46.2,65.1,53.4,0,0,9,100.0,100.0,100.0,1,0,0,20,0,0,20,20,9,9,0,0,11,0
Jimi McAdams IV,100265,T,E MICHIGAN,2,100.0,0,160,58.0,72.8,55.6,0,0,5,100.0,100.0,100.0,0,0,0,20,0,0,10,20,6,6,0,10,14,0
Caleb Hood,143964,HB,N CAROLINA,6,31.3,0,245,67.5,70.4,64.2,0,0,10,33.3,34.4,100.0,0,0,0,20,0,0,0,64,11,32,0,0,9,0
Dee Wiggins,78016,WR,MIAMI FL,4,29.0,0,220,55.5,,87.5,0,0,0,0.0,0.0,,1,0,0,20,0,0,0,69,0,49,0,0,20,0
Connor O'Toole,131869,WR,UTAH,9,62.5,0,328,48.8,,52.8,0,0,0,0.0,0.0,,0,0,0,20,0,0,0,32,0,12,0,0,20,4
Michael Marchese,55952,TE,ILLINOIS,6,80.0,0,187,80.4,24.4,75.3,0,1,2,33.3,28.6,75.0,0,1,0,20,0,0,0,25,2,7,0,0,18,4
Jayle Stacks,131695,HB,COLORADO,5,74.1,1,143,62.9,,63.2,0,0,0,0.0,0.0,,1,0,0,20,0,0,0,27,0,6,0,0,20,0
Matthew Stefanski Jr.,131595,G,ARIZONA,2,100.0,0,109,52.7,32.3,64.9,0,1,12,100.0,100.0,95.8,1,1,0,20,0,4,0,20,13,13,16,0,7,0
Jere Getzinger,130457,TE,E MICHIGAN,6,83.3,0,160,73.1,66.1,79.9,0,0,1,20.0,20.0,100.0,0,0,0,20,0,0,0,24,1,5,0,0,19,22
Bryce Boyer,130353,TE,BOWL GREEN,4,80.0,0,122,84.8,,74.5,0,0,0,0.0,0.0,,0,0,0,20,0,0,0,25,0,5,0,0,20,25
Jordan DiBenedetto,101719,WR,WISCONSIN,2,87.0,0,349,58.6,,62.5,0,0,0,0.0,0.0,,0,0,0,20,0,0,0,23,0,3,0,0,20,0
Mike Epstein,57237,HB,ILLINOIS,3,33.3,0,187,64.3,61.9,60.0,0,1,17,56.7,54.5,97.1,0,1,0,20,0,0,0,60,18,33,0,0,2,0
Malick Meiga,129791,WR,PENN STATE,7,30.3,0,266,55.1,,75.0,0,0,0,0.0,0.0,,0,0,0,20,0,0,0,66,0,46,0,0,20,0
Carl Richardson,129735,QB,NWESTERN,4,76.9,0,256,38.0,,60.0,0,0,0,0.0,0.0,,0,0,0,20,0,0,0,26,0,4,0,0,20,0
Ryan Glover,109047,QB,CAL,1,35.7,0,130,62.8,,60.0,0,0,0,0.0,0.0,,0,0,0,20,0,0,0,56,0,34,0,0,20,0
Will Nixon,129707,WR,NEBRASKA,3,76.9,0,238,60.1,,69.9,0,0,0,0.0,0.0,,0,0,0,20,0,0,0,26,0,6,0,0,20,0
Logan Fife,128176,QB,FRESNO ST,1,50.0,0,169,60.4,,60.0,0,0,0,0.0,0.0,,0,0,0,20,0,0,0,40,0,15,0,0,20,0
Noah Josey,126259,G,VIRGINIA,2,100.0,0,335,65.4,75.9,64.2,0,0,3,100.0,100.0,100.0,0,0,0,20,0,0,0,20,4,4,20,0,16,0
ChaVon McEachern,122190,HB,CHARLOTTE,11,14.9,0,136,77.8,81.1,57.6,0,0,11,15.3,14.7,100.0,0,0,0,20,0,0,0,134,11,75,0,0,9,0
Tee Webb,122731,QB,SO MISS,5,52.6,0,296,39.8,,60.0,0,0,0,0.0,0.0,,0,0,0,20,0,0,0,38,0,17,0,0,20,0
Mike Drennen II,124059,WR,KENTUCKY,6,51.3,0,202,59.8,71.9,60.0,0,0,3,20.0,20.0,100.0,0,0,0,20,0,0,0,39,3,15,0,0,17,0
Trebor Pena,123051,WR,SYRACUSE,7,35.7,0,304,66.3,,71.3,0,0,0,0.0,0.0,,1,0,0,20,0,0,0,56,0,35,0,0,20,0
Roydell Williams,123939,HB,ALABAMA,9,18.3,0,103,69.6,12.8,84.8,0,3,13,25.5,25.0,80.8,0,4,1,20,0,0,0,109,13,52,0,0,7,0
Skylar Loving-Black,90613,TE,S JOSE ST,3,67.9,0,285,64.5,67.3,72.0,0,0,2,18.2,18.2,100.0,0,0,0,19,0,0,0,28,2,11,0,0,17,27
Mose Jeffery,122270,G,BAYLOR,3,100.0,0,118,70.3,70.6,69.0,0,0,2,100.0,100.0,100.0,0,0,0,19,0,15,4,19,2,2,0,0,17,0
Chris Hunter,147321,T,ARMY,1,100.0,0,114,90.7,,87.2,0,0,0,,,,0,0,0,19,0,0,0,19,0,0,0,13,19,6
Calvin Brownholtz,83584,QB,UTEP,10,30.6,0,330,67.5,,60.8,0,0,0,0.0,0.0,,1,0,0,19,0,0,0,62,0,7,0,0,19,0
Marcus Carroll,123849,HB,GA STATE,8,24.1,0,175,67.0,71.9,57.4,0,0,2,7.4,6.9,100.0,0,0,0,19,0,0,0,79,2,29,0,0,17,0
Keshawn King,99612,HB,VA TECH,7,30.6,0,337,69.2,40.3,63.5,0,1,8,38.1,36.4,93.7,0,1,0,19,0,0,0,62,8,22,0,0,11,0
Mitch Bartol,130644,TE,W MICHIGAN,4,73.1,0,347,54.0,66.4,57.7,0,0,1,16.7,12.5,100.0,0,0,0,19,0,0,0,26,1,8,0,0,18,21
Wes Dorsey,98513,C,W KENTUCKY,6,100.0,0,346,79.3,70.9,76.6,0,0,1,100.0,100.0,100.0,0,0,0,19,0,0,0,19,1,1,5,14,18,0
Ulysses Bentley IV,97200,HB,SMU,11,6.8,0,287,82.8,55.2,54.0,0,0,10,6.0,5.7,100.0,1,0,0,19,0,0,0,278,10,174,0,0,9,0
Marcel Murray,83618,HB,ARK STATE,4,32.2,0,113,72.2,62.0,60.0,0,0,15,38.5,39.5,100.0,0,0,0,19,0,0,0,59,17,43,0,0,2,0
Nick Gallo,138224,T,N TEXAS,2,100.0,0,251,48.5,71.7,47.7,0,0,2,100.0,100.0,100.0,0,0,0,19,0,3,0,19,2,2,0,16,17,0
Kendall Abdur-Rahman,102956,WR,W KENTUCKY,4,65.5,0,346,53.4,,77.5,0,0,0,0.0,0.0,,0,0,0,19,0,0,0,29,0,10,0,0,19,0
Josh McCray,144799,HB,ILLINOIS,11,11.9,0,187,77.3,42.4,46.3,0,1,9,28.1,25.0,94.4,0,1,0,19,0,0,0,160,9,36,0,0,10,0
Larry Hodges,98817,TE,MIAMI FL,6,51.4,0,220,48.5,71.7,73.3,0,0,5,21.7,25.0,100.0,1,0,0,19,0,0,0,37,6,24,0,0,13,17
Kaymar Mimes,77873,TE,PITTSBURGH,5,86.4,0,268,57.5,,57.7,0,0,0,0.0,0.0,,0,0,0,19,0,0,2,22,0,3,0,2,19,14
Jordan Davis,123742,TE,UCF,3,100.0,0,323,48.5,65.2,46.6,0,0,1,100.0,100.0,100.0,0,0,0,19,0,0,1,19,1,1,0,0,18,11
Liam Ryan,59940,T,GA SOUTHRN,3,100.0,0,174,47.7,22.7,51.5,0,0,12,100.0,100.0,91.7,0,1,1,19,0,8,0,19,13,13,11,0,6,0
Tanner Bowles,99059,G,ALABAMA,1,100.0,0,103,51.1,42.7,53.1,0,2,9,100.0,100.0,88.9,0,2,0,19,0,0,0,19,9,9,0,19,10,0
Christian Veilleux,145086,QB,PENN STATE,2,33.3,0,266,62.2,,60.0,0,0,0,0.0,0.0,,0,0,0,19,0,0,0,57,0,33,0,0,19,0
Chad Alexander,97065,HB,NEW MEXICO,5,39.6,0,241,70.9,87.2,60.0,0,0,15,44.1,47.2,100.0,0,0,0,19,0,0,0,48,17,36,0,0,2,0
Will Pauling,144234,WR,CINCINNATI,3,59.4,0,138,61.7,,60.5,0,0,0,0.0,0.0,,0,0,0,19,0,0,0,32,0,13,0,0,19,0
Nick Sharpe,144205,T,WAKE,1,100.0,0,339,67.6,75.8,66.5,0,0,4,100.0,100.0,100.0,0,0,0,19,0,0,0,19,4,4,19,0,15,0
Isaiah Sanders,60319,QB,STANFORD,10,38.0,0,300,66.2,,60.0,0,0,0,0.0,0.0,,0,0,0,19,0,0,0,50,0,8,0,0,19,0
Stephen Gosnell,122834,WR,N CAROLINA,7,59.4,0,245,55.4,,59.2,0,0,0,0.0,0.0,,0,0,0,19,0,0,0,32,0,13,0,0,19,0
Logan Self,123722,T,TROY,2,100.0,0,318,56.7,59.0,56.7,0,1,6,100.0,100.0,91.7,0,1,0,19,19,0,0,19,6,6,0,0,13,0
Jared Torres,83970,TE,FRESNO ST,3,95.0,0,169,69.0,,68.1,0,0,0,0.0,0.0,,0,0,0,19,0,0,0,20,0,1,0,0,19,20
Ty Thompson,146568,QB,OREGON,3,50.0,0,264,42.6,,60.0,0,0,0,0.0,0.0,,0,0,0,19,0,0,0,38,0,18,0,0,19,0
Cole Snyder,97617,QB,RUTGERS,6,29.2,0,278,58.6,,60.0,0,0,0,0.0,0.0,,0,0,0,19,0,0,0,65,0,32,0,0,19,0
Shawn Naim,100268,WR,AKRON,6,65.5,0,102,56.9,,57.9,0,0,0,0.0,0.0,,0,0,0,19,0,0,0,29,0,10,0,0,19,0
Michael Fitzgerald,147418,WR,UMASS,4,31.7,0,216,45.7,,61.3,0,0,0,0.0,0.0,,0,0,0,19,0,0,0,60,0,41,0,0,19,0
Josh Bankhead,124306,C,TEXAS A&M,3,100.0,0,312,51.4,0.0,55.5,1,0,3,100.0,100.0,83.3,0,1,0,19,0,19,0,19,3,3,0,0,16,0
Marquis Wilson,101363,CB,PENN STATE,4,48.7,0,266,61.4,,61.4,0,0,0,0.0,0.0,,0,0,0,19,0,0,0,39,0,20,0,0,19,0
Josh Carlin,72075,T,UCLA,2,100.0,0,324,75.6,74.9,73.4,0,0,2,100.0,100.0,100.0,0,0,0,19,0,0,0,19,2,2,7,12,17,0
Bryce Bailey,121794,WR,MIDDLE TN,3,79.2,0,224,53.6,,57.2,0,0,0,0.0,0.0,,0,0,0,19,0,0,0,24,0,4,0,0,19,0
Harlan Dixon,122669,HB,LA TECH,6,25.0,0,208,65.8,51.8,58.4,0,1,10,24.4,23.8,95.0,0,1,0,19,0,0,0,76,10,42,0,0,9,0
Sam Wiglusz,88315,WR,OHIO STATE,3,67.9,0,260,64.5,,60.8,0,0,0,0.0,0.0,,0,0,0,19,0,0,0,28,0,9,0,0,19,0
Zachary Kuhlman,101093,WR,NAVY,5,100.0,0,237,66.7,,70.6,0,0,0,,,,0,0,0,19,0,0,0,19,0,0,0,0,19,4
Samuel Brown,123410,WR,W VIRGINIA,1,79.2,0,343,71.4,,74.9,0,0,0,0.0,0.0,,0,0,0,19,0,0,0,24,0,5,0,0,19,0
Kendall Milton,124031,HB,GEORGIA,7,18.8,0,173,74.9,33.4,42.6,0,0,8,25.8,28.6,100.0,0,0,0,19,0,0,0,101,10,35,0,0,9,0
Michael Parrott,57067,TE,MIAMI FL,3,73.1,0,220,51.1,,48.2,0,0,0,0.0,0.0,,0,0,0,19,0,0,0,26,0,6,0,0,19,25
Jake Zilinskas,60514,TE,PITTSBURGH,4,82.6,0,268,55.5,,47.7,0,0,0,0.0,0.0,,0,0,0,19,0,0,0,23,0,4,0,0,19,7
Will Swanson,122620,TE,KANSAS ST,4,100.0,0,199,70.8,67.4,68.0,0,0,0,,100.0,,0,0,0,18,0,0,0,18,1,1,0,0,17,17
Trey Smith,27042,HB,WYOMING,7,50.0,0,351,74.8,73.8,83.0,0,0,3,42.9,42.9,100.0,0,0,0,18,0,0,0,36,3,7,0,0,15,0
Chris Everhart,121729,G,MARSHALL,3,100.0,0,214,60.0,77.4,56.9,0,0,8,100.0,100.0,100.0,0,0,0,18,11,0,0,18,8,8,7,0,10,0
Tim Baldwin Jr.,129432,HB,INDIANA,5,23.7,0,190,54.2,70.9,48.3,1,0,11,27.5,27.5,95.5,0,1,0,18,0,0,0,76,11,40,0,0,7,0
Jalen Moy,84134,WR,ARMY,1,94.7,0,114,73.1,,72.9,0,0,0,0.0,0.0,,0,0,0,18,0,0,0,19,0,1,0,0,18,18
Nick DeGennaro,129503,WR,MARYLAND,2,81.8,0,215,57.2,,60.6,0,0,0,0.0,0.0,,0,0,0,18,0,0,0,22,0,4,0,0,18,0
Javien Cuff,97809,WR,BUFFALO,3,75.0,0,126,74.2,,89.0,0,0,0,0.0,0.0,,0,0,0,18,0,0,0,24,0,6,0,0,18,0
Caleb Twyford,61722,HB,TEXAS ST,8,24.3,0,314,64.2,19.0,58.3,0,1,11,25.6,25.6,95.5,0,1,0,18,0,0,0,74,11,43,0,0,7,0
Jackson Satterwhite,122577,C,KANSAS,2,100.0,0,198,52.4,24.1,59.2,1,1,9,100.0,100.0,88.9,0,2,0,18,0,0,18,18,9,9,0,0,9,0
Ethan Bullock,66590,QB,OKLA STATE,2,75.0,0,262,59.9,,60.0,0,0,0,0.0,0.0,,0,0,0,18,0,0,0,24,0,4,0,0,18,0
Tyler Jernigan,81826,G,S ALABAMA,2,100.0,0,288,62.4,75.4,61.0,0,0,6,100.0,100.0,100.0,0,0,0,18,0,0,0,18,6,6,18,0,12,0
Jeremiah Robinson,145428,WR,SO MISS,4,81.8,0,296,43.8,,61.2,0,0,0,0.0,0.0,,0,0,0,18,0,0,0,22,0,3,0,0,18,0
Aveon Smith,130529,QB,MIAMI OH,3,78.3,0,221,90.3,,60.0,0,0,0,,,,0,0,0,18,0,0,0,23,0,0,0,0,18,0
Donta Armstrong,122167,TE,CHARLOTTE,8,69.2,0,136,59.8,,65.8,0,0,0,0.0,0.0,,0,0,0,18,0,0,0,26,0,8,0,0,18,20
Len'Neth Whitehead,124302,HB,TENNESSEE,5,28.6,0,307,78.8,78.8,58.1,0,0,10,47.6,45.5,100.0,0,0,0,18,0,0,0,63,10,22,0,0,8,0
Malik McGowan,122842,G,N CAROLINA,3,100.0,0,245,67.5,73.2,66.5,0,0,2,100.0,100.0,100.0,0,0,0,18,0,18,0,18,3,3,0,0,15,0
Savion Washington,130505,T,KENT STATE,4,100.0,0,201,71.4,77.0,69.6,0,0,1,100.0,100.0,100.0,0,0,0,18,0,0,0,18,3,3,1,15,15,0
Brian Foley,54532,T,DUKE,2,100.0,0,154,49.8,73.3,48.6,0,0,4,100.0,100.0,100.0,0,0,0,18,0,18,0,18,4,4,0,0,14,0
Jack West,83558,QB,STANFORD,3,30.5,0,300,45.2,,60.0,0,0,0,0.0,0.0,,1,0,0,18,0,0,0,59,0,41,0,0,18,0
Isaiah Foote,123810,G,E CAROLINA,2,100.0,0,156,47.0,21.0,47.9,0,0,2,100.0,100.0,100.0,0,0,0,18,0,0,0,18,2,2,18,0,16,0
George Sell,123401,G,WAKE,3,100.0,0,339,62.8,72.4,61.9,0,0,2,100.0,100.0,100.0,0,0,0,18,0,18,0,18,2,2,0,0,16,0
Jaylon Griffin,144457,WR,UCF,5,58.1,0,323,61.8,,62.3,0,0,0,0.0,0.0,,0,0,0,18,0,0,0,31,0,13,0,0,18,0
Brian Darby,122922,WR,OKLAHOMA,7,40.9,0,261,82.7,,69.6,0,0,0,0.0,0.0,,0,0,0,18,0,0,0,44,0,26,0,0,18,0
Devin Hayes,81640,T,FAU,3,100.0,0,165,67.1,73.6,65.1,0,0,3,100.0,100.0,100.0,0,0,0,18,0,0,7,18,3,3,0,10,15,1
Kelvin Dean Jr.,97429,HB,FAU,9,25.4,0,165,66.5,38.4,59.4,0,0,5,13.9,17.9,100.0,0,0,0,18,0,0,0,71,7,39,0,0,11,0
Trey Boll,123375,TE,WAKE,4,100.0,0,339,57.5,65.3,56.3,0,0,1,100.0,100.0,100.0,0,0,0,18,0,0,0,18,1,1,0,0,17,12
Markus Allen,145160,WR,WISCONSIN,3,46.2,0,349,76.0,,59.0,0,0,0,0.0,0.0,,0,0,0,18,0,0,0,39,0,19,0,0,18,0
Markeston Douglas,122398,TE,FLORIDA ST,2,94.7,0,167,54.7,69.2,53.7,0,0,3,75.0,75.0,100.0,0,0,0,18,0,0,1,19,3,4,0,1,15,11
King McGowen,98277,G,LA LAFAYET,2,100.0,0,207,69.2,75.4,67.9,0,0,4,100.0,100.0,100.0,0,0,0,18,0,13,0,18,4,4,0,5,14,0
Joeseph Sewell,78732,TE,MIDDLE TN,2,90.0,0,224,43.0,8.2,45.8,0,0,2,66.7,50.0,50.0,0,1,1,18,0,0,0,20,2,4,0,0,16,6
Christian Lee,121898,TE,N TEXAS,2,85.7,0,251,52.1,,49.6,0,0,0,0.0,0.0,,0,0,0,18,0,0,0,21,0,3,0,0,18,6
Javonte Kinsey,130372,WR,BOWL GREEN,3,72.0,0,122,55.2,,61.3,0,0,0,0.0,0.0,,0,0,0,18,0,0,0,25,0,7,0,0,18,0
Khmari Thompson,84313,WR,ILLINOIS,3,54.5,0,187,48.6,,60.0,0,0,0,0.0,0.0,,0,0,0,18,0,0,0,33,0,15,0,0,18,0
Master Teague III,83734,HB,OHIO STATE,8,12.9,0,260,79.7,81.2,48.5,0,0,10,15.9,15.4,100.0,0,0,0,18,0,0,0,140,10,65,0,0,8,0
Tyler Brown,98070,G,LA LAFAYET,1,100.0,0,207,64.2,82.0,59.8,0,0,13,100.0,100.0,100.0,0,0,0,18,0,18,0,18,15,15,0,0,3,0
DeJuan Ellis,78007,WR,MARYLAND,2,100.0,0,215,59.4,,57.7,0,0,0,,,,0,0,0,18,0,0,0,18,0,0,0,0,18,0
Quincy Skinner Jr.,146965,WR,VANDERBILT,6,43.9,0,333,52.2,,61.3,0,0,0,0.0,0.0,,0,0,0,18,0,0,0,41,0,23,0,0,18,0
Jayden Ballard,145054,WR,OHIO STATE,3,52.9,0,260,45.4,,61.0,0,0,0,0.0,0.0,,1,0,0,18,0,0,0,34,0,16,0,0,18,0
Don Munnerlyn,145126,WR,RUTGERS,2,81.0,0,278,56.7,,61.4,0,0,0,0.0,0.0,,0,0,0,17,0,0,0,21,0,4,0,0,17,0
Conner Carey,155815,FB,AIR FORCE,2,89.5,0,101,83.4,,84.1,0,0,0,,,,0,0,0,17,0,0,0,19,0,0,0,0,17,0
Griffin Korican,81726,G,MICHIGAN,3,100.0,0,222,62.5,78.8,60.4,0,0,5,100.0,100.0,100.0,0,0,0,17,0,11,0,17,5,5,0,6,12,0
James Robinson,124295,G,TENNESSEE,4,94.4,0,307,50.6,74.8,49.6,0,0,3,75.0,75.0,100.0,0,0,0,17,0,16,0,18,3,4,0,0,14,0
John Dirksen,81776,G,NOTRE DAME,2,100.0,0,258,64.0,77.5,62.4,0,0,6,100.0,100.0,100.0,0,0,0,17,0,0,0,17,6,6,17,0,11,0
Ethan Payne,145269,HB,MARSHALL,5,34.0,0,214,67.7,76.4,56.5,0,0,4,23.5,23.5,100.0,0,0,0,17,0,0,0,50,4,17,0,0,13,0
Galen Gallagher,81857,G,TEXAS A&M,3,100.0,0,312,45.1,77.7,42.7,0,0,3,100.0,100.0,100.0,0,0,0,17,0,0,4,17,3,3,0,13,14,0
Devin Darrington,109185,HB,VIRGINIA,12,21.8,0,335,84.6,76.7,65.8,0,0,4,13.3,12.9,100.0,0,0,0,17,0,0,0,78,4,31,0,0,13,0
Nick Kallerup,101679,TE,MINNESOTA,7,85.0,0,225,56.1,,56.7,0,0,0,0.0,0.0,,0,0,0,17,0,0,0,20,0,3,0,0,17,12
Luis Cristobal Jr.,97453,G,GA STATE,2,100.0,0,175,59.6,74.7,58.2,0,0,4,100.0,100.0,100.0,0,0,0,17,15,2,0,17,5,5,0,0,12,0
Jaelin Carter,61232,WR,LOUISVILLE,3,60.7,0,210,52.3,,47.3,0,0,0,0.0,0.0,,1,0,0,17,0,0,0,28,0,11,0,0,17,0
Miles Campbell,146943,TE,TENNESSEE,3,70.8,0,307,45.3,,40.9,0,0,0,0.0,0.0,,0,0,0,17,0,0,0,24,0,7,0,0,17,6
Tanner Miller,97653,C,OREGON ST,3,100.0,0,265,36.6,6.7,43.8,0,0,5,100.0,100.0,100.0,0,0,0,17,15,0,0,17,5,5,0,0,12,0
Kendric Blake Jr.,97861,WR,CHARLOTTE,4,81.0,0,136,51.5,,45.0,0,0,0,0.0,0.0,,0,0,0,17,0,0,0,21,0,4,0,0,17,0
Sawyer Racanelli,131910,WR,WASHINGTON,4,37.8,0,340,51.4,,62.4,0,0,0,0.0,0.0,,0,0,0,17,0,0,0,45,0,28,0,0,17,0
Orlando Lacey,55720,WR,TROY,9,27.4,0,318,58.6,,60.5,0,0,0,0.0,0.0,,0,0,0,17,0,0,0,62,0,45,0,0,17,0
Charlie Spegal,129450,HB,INDIANA,4,34.0,0,190,65.9,82.7,67.5,0,0,4,22.2,36.4,100.0,0,0,0,17,0,0,0,50,8,22,0,0,9,0
Dorian Morris,100679,WR,N TEXAS,3,85.0,1,251,50.2,,62.1,0,0,0,0.0,0.0,,1,0,0,17,0,0,0,20,0,2,0,0,17,0
Jordan Moore,143865,QB,DUKE,10,20.0,0,154,67.6,,60.5,0,0,0,0.0,0.0,,1,0,0,17,0,0,0,85,0,29,0,0,17,0
Ben Redding,77908,TE,SMU,4,65.4,0,287,41.4,15.3,43.3,0,1,2,20.0,20.0,75.0,1,1,0,17,0,0,0,26,2,10,0,0,15,13
Jonathan Francois,57781,FB,FAU,2,77.3,0,165,59.4,67.7,63.0,0,0,1,16.7,16.7,100.0,0,0,0,17,0,0,0,22,1,6,0,0,16,0
Cooper Lutz,77979,HB,SYRACUSE,9,32.1,0,304,57.7,31.6,67.3,0,1,5,20.8,20.0,90.0,0,1,0,17,0,0,0,53,5,25,0,0,12,0
Marcus Burke,146699,WR,FLORIDA,3,43.6,0,163,67.2,,55.9,0,0,0,0.0,0.0,,0,0,0,17,0,0,0,39,0,22,0,0,17,0
Markese Stepp,83786,HB,NEBRASKA,7,17.7,0,238,65.4,19.7,53.2,1,0,4,11.1,10.5,87.5,0,1,0,17,0,0,0,96,4,38,0,0,13,0
Jackson Sumlin,122943,TE,OKLAHOMA,3,60.7,0,261,65.9,67.3,52.6,0,0,2,15.4,21.4,100.0,0,0,0,17,0,0,0,28,3,14,0,0,14,15
Drew Pyne,122910,QB,NOTRE DAME,2,32.1,0,258,63.2,,60.0,0,0,0,0.0,0.0,,0,0,0,17,0,0,0,53,0,36,0,0,17,0
Alex Costilla,121965,T,TEXAS ST,2,100.0,0,314,64.4,80.0,58.4,0,0,9,100.0,100.0,100.0,0,0,0,17,0,0,0,17,11,11,0,17,6,0
Kevin Bauman,122893,TE,NOTRE DAME,4,85.0,0,258,70.8,65.5,57.1,0,0,1,25.0,25.0,100.0,0,0,0,17,0,0,0,20,1,4,0,0,16,17
Caleb Ducking,124165,WR,MISS STATE,9,18.7,0,227,66.1,,44.7,0,0,0,0.0,0.0,,0,0,0,17,0,0,0,91,0,74,0,0,17,0
Elijah Lamptey,98399,T,KENT STATE,2,100.0,0,201,61.6,74.7,59.9,0,0,2,100.0,100.0,100.0,0,0,0,17,0,0,17,17,3,3,0,0,14,0
Konner Fox,99520,TE,KANSAS ST,4,56.7,0,199,57.3,,62.5,0,0,0,0.0,0.0,,0,0,0,17,0,0,0,30,0,13,0,0,17,25
Jacoby Jackson,144756,G,TEXAS TECH,2,100.0,0,315,56.8,28.3,58.3,1,1,5,100.0,100.0,80.0,0,2,0,17,0,10,0,17,5,5,7,0,12,0
Parks Gissinger,83503,TE,MICH STATE,3,81.0,0,223,47.3,34.4,60.0,0,0,1,20.0,20.0,100.0,1,0,0,17,0,0,0,21,1,5,0,0,16,17
Casey Reynolds,147315,WR,ARMY,1,100.0,0,114,71.3,,69.2,0,0,0,,,,0,0,0,17,0,0,4,17,0,0,0,6,17,7
JT Zakkak,124193,G,MISS STATE,1,100.0,0,227,62.8,70.0,60.3,0,0,14,100.0,100.0,100.0,0,0,0,17,17,0,0,17,14,14,0,0,3,0
Bucky Irving,144970,HB,MINNESOTA,11,8.9,0,225,79.3,73.2,57.9,0,0,11,23.4,25.0,90.9,1,1,1,17,0,0,0,191,13,52,0,0,4,0
Jackson McFadden,99228,WR,AUBURN,4,65.4,0,115,55.3,,60.7,0,0,0,0.0,0.0,,0,0,0,17,0,0,0,26,0,9,0,0,17,0
Nico Magri,56577,TE,COLORADO,5,100.0,0,143,67.8,68.7,65.2,0,0,1,100.0,100.0,100.0,1,0,0,17,0,0,0,17,1,1,0,0,16,17
Brayden Bapst,98575,T,VANDERBILT,3,100.0,0,333,41.0,66.8,42.7,0,0,1,100.0,100.0,100.0,0,0,0,16,0,0,0,16,1,1,0,0,15,16
David O'Meara,83967,TE,FIU,2,94.1,0,166,60.9,16.4,67.3,0,1,1,50.0,50.0,50.0,0,1,0,16,0,0,0,17,1,2,0,0,15,17
Jaylon Bester,61430,HB,MIAMI OH,3,48.5,0,221,63.5,71.3,60.0,0,0,14,82.4,82.4,100.0,0,0,0,16,0,0,0,33,14,17,0,0,2,0
CJ Beasley,122317,HB,COAST CAR,6,37.2,0,141,64.5,33.4,64.9,0,1,2,14.3,13.3,75.0,0,1,0,16,0,0,0,43,2,15,0,0,14,0
Deondre Buford,124053,T,KENTUCKY,2,100.0,0,202,72.4,70.8,70.9,0,0,2,100.0,100.0,100.0,0,0,0,16,0,0,16,16,2,2,0,0,14,0
Chad Lindberg,124029,C,GEORGIA,2,100.0,0,173,72.5,43.4,72.8,0,0,3,100.0,100.0,100.0,0,0,0,16,0,0,0,16,3,3,13,3,13,0
Cadarrius Thompson,98007,WR,GA STATE,4,80.0,0,175,56.8,,61.8,0,0,0,0.0,0.0,,0,0,0,16,0,0,0,20,0,4,0,0,16,0
Jake Garcia,143941,QB,MIAMI FL,1,50.0,0,220,77.4,,60.0,0,0,0,0.0,0.0,,0,0,0,16,0,0,0,32,0,15,0,0,16,0
Austin Hopp,65055,T,HAWAII,4,100.0,0,180,52.9,37.3,60.0,0,1,13,100.0,100.0,96.2,1,1,0,16,0,0,5,16,15,15,0,11,1,0
Rocco Spindler,147478,G,NOTRE DAME,1,100.0,0,258,65.8,77.5,64.3,0,0,6,100.0,100.0,100.0,0,0,0,16,0,16,0,16,6,6,0,0,10,0
Andre Lamas,123605,T,FAU,3,100.0,0,165,81.8,71.0,81.4,0,0,3,100.0,100.0,100.0,0,0,0,16,0,0,0,16,3,3,16,0,13,0
Mitch Griffis,123386,QB,WAKE,4,76.2,0,339,35.8,,60.0,0,0,0,0.0,0.0,,0,0,0,16,0,0,0,21,0,2,0,0,16,0
Brashard Smith,143951,WR,MIAMI FL,9,32.0,0,220,76.5,,62.1,0,0,0,0.0,0.0,,0,0,0,16,0,0,0,50,0,26,0,0,16,0
Yulkeith Brown,146985,WR,TEXAS A&M,4,59.3,0,312,68.4,,56.2,0,0,0,0.0,0.0,,0,0,0,16,0,0,0,27,0,9,0,0,16,0
Ryan Thompson,78065,WR,TULANE,3,94.1,0,319,57.1,,56.0,0,0,0,0.0,0.0,,0,0,0,16,0,0,0,17,0,1,0,0,16,1
Faaope Laloulu,131717,G,OREGON,2,100.0,0,264,74.3,79.0,73.5,0,0,7,100.0,100.0,100.0,0,0,0,16,0,16,0,16,7,7,0,0,9,0
Marcus Harper II,131712,T,OREGON,2,100.0,0,264,65.1,79.0,63.2,0,0,7,100.0,100.0,100.0,0,0,0,16,0,0,0,16,7,7,16,0,9,0
Maurice Burkley,57276,HB,LOUISVILLE,6,21.6,0,210,65.7,83.7,62.1,0,0,7,16.3,16.3,100.0,0,0,0,16,0,0,0,74,7,43,0,0,9,0
Peter Montini,128239,TE,NEVADA,6,57.1,0,239,70.2,,58.9,0,0,0,0.0,0.0,,0,0,0,16,0,0,0,28,0,12,0,0,16,14
Matt Lombardi,123223,T,TULANE,1,100.0,0,319,66.3,68.2,64.9,0,0,1,100.0,100.0,100.0,0,0,0,16,0,0,0,16,1,1,0,16,15,0
Ira Henry III,99683,T,FLORIDA ST,2,100.0,0,167,59.3,85.3,57.6,0,0,3,100.0,100.0,100.0,0,0,0,16,0,6,0,16,4,4,5,3,12,1
John Paddock,77689,QB,BALL ST,2,33.3,0,117,54.0,,60.0,0,0,0,0.0,0.0,,0,0,0,16,0,0,0,48,0,31,0,0,16,0
Nate Kyei-Donkor,78826,HB,DUKE,5,37.2,0,154,50.1,18.8,47.6,0,2,10,37.0,37.0,90.0,0,2,0,16,0,0,0,43,10,27,0,0,6,0
Kris Campbell,101270,G,AIR FORCE,1,100.0,0,101,67.9,,67.1,0,0,0,,,,0,0,0,16,0,16,0,16,0,0,0,0,16,0
Chris Childers,87568,HB,INDIANA,10,15.8,0,190,63.9,31.4,59.1,0,2,9,16.7,17.9,88.9,0,2,0,16,0,0,0,101,10,56,0,0,6,0
Mike Leone,129855,T,RICE,4,100.0,0,275,54.3,64.8,53.7,0,0,1,100.0,100.0,100.0,0,0,0,16,0,0,5,16,1,1,0,1,15,10
Leif Magnuson,131583,G,ARIZONA,1,100.0,0,109,45.6,6.7,51.7,0,1,7,100.0,100.0,92.9,0,1,0,16,0,16,0,16,8,8,0,0,8,0
Devyn Ford,97305,HB,PENN STATE,9,23.5,0,266,68.0,48.7,86.1,0,1,5,12.2,11.9,90.0,0,1,0,16,0,0,0,68,5,42,0,0,11,0
Chandler Fields,97286,QB,LA LAFAYET,8,48.5,0,207,68.8,,60.0,0,0,0,0.0,0.0,,1,0,0,16,0,0,0,33,0,15,0,0,16,0
Colby Bowman,72178,WR,STANFORD,9,31.4,0,300,50.3,,61.0,0,0,0,0.0,0.0,,0,0,0,16,0,0,0,51,0,35,0,0,16,0
Febechi Nwaiwu,145324,G,N TEXAS,1,100.0,0,251,64.8,73.2,63.8,0,0,2,100.0,100.0,100.0,0,0,0,16,0,16,0,16,2,2,0,0,14,0
Jon-Luke Peaker,145351,HB,DOMINION,6,18.8,0,263,68.8,38.2,59.2,0,1,11,22.9,24.0,95.5,0,1,0,16,0,0,0,85,12,50,0,0,4,0
Jeremiah Batiste,130509,WR,MIAMI OH,2,57.1,0,221,55.1,,61.4,0,0,0,0.0,0.0,,0,0,0,16,0,0,0,28,0,12,0,0,16,0
Parker Buchanan,146221,TE,UTAH ST,3,88.9,0,329,72.2,,74.1,0,0,0,0.0,0.0,,1,0,0,16,0,0,0,18,0,2,0,0,16,14
Tyshawn Hurst,145275,T,MARSHALL,4,100.0,0,214,66.7,66.8,65.5,0,1,8,100.0,100.0,93.7,0,1,0,16,0,0,0,16,8,8,0,14,8,2
Garrett Bickhart,61598,WR,PITTSBURGH,3,88.9,0,268,63.9,,77.8,0,0,0,0.0,0.0,,0,0,0,16,0,0,0,18,0,2,0,0,16,0
Cade Stoever,84495,WR,UTSA,9,32.0,0,331,64.0,,76.7,0,0,0,0.0,0.0,,1,0,0,16,0,0,0,50,0,34,0,0,16,0
Beau Stephens,144860,G,IOWA,1,100.0,0,192,66.7,79.1,65.1,0,0,8,100.0,100.0,100.0,0,0,0,16,0,13,0,16,8,8,3,0,8,0
Jaylen Henderson,146054,QB,FRESNO ST,3,41.0,0,169,66.5,,60.0,0,0,0,0.0,0.0,,0,0,0,16,0,0,0,39,0,14,0,0,16,0
Evan Olaes,146018,QB,COLO STATE,3,34.8,0,144,76.1,,60.0,0,0,0,0.0,0.0,,0,0,0,16,0,0,0,46,0,18,0,0,16,0
Brock Lampe,145846,FB,N ILLINOIS,4,100.0,0,254,55.8,66.7,54.4,0,0,1,100.0,100.0,100.0,0,0,0,16,0,0,0,16,1,1,0,0,15,3
Kenneth Kirby,91146,T,GA TECH,3,94.1,0,176,48.6,57.1,48.4,0,0,5,83.3,83.3,100.0,0,0,0,16,0,0,14,17,5,6,0,0,11,3
Despelado Alexandre,81657,T,GA STATE,3,100.0,0,175,58.0,44.8,59.9,0,1,6,100.0,100.0,91.7,0,1,0,16,0,0,9,16,7,7,0,7,9,0
Javon Forward,131894,TE,WASHINGTON,4,80.0,0,340,62.1,67.9,63.9,0,0,1,25.0,25.0,100.0,0,0,0,16,0,0,0,20,1,4,0,0,15,1
AC White,84032,TE,DOMINION,2,76.2,0,263,50.7,65.4,52.0,0,0,1,16.7,16.7,100.0,0,0,0,16,0,0,0,21,1,6,0,0,15,13
Sieh Bangura,145886,HB,OHIO,4,30.8,0,259,80.4,76.7,54.1,0,0,5,21.7,22.6,100.0,0,0,0,16,0,0,0,52,7,31,0,0,9,0
Thomas Yassmin,84072,TE,UTAH,4,84.2,0,328,44.6,,45.7,0,0,0,0.0,0.0,,0,0,0,16,0,0,0,19,0,2,0,0,16,17
EJ Smith,131782,HB,STANFORD,7,16.3,0,300,74.6,28.1,58.6,0,0,4,6.8,8.2,100.0,0,0,0,16,0,0,0,98,5,61,0,0,11,0
Qua Davis,146799,WR,OLE MISS,3,94.1,0,226,58.5,,59.4,0,0,0,0.0,0.0,,0,0,0,16,0,0,0,17,0,1,0,0,16,0
Beau Allen,73936,QB,KENTUCKY,3,45.5,0,202,73.0,,60.0,0,0,0,0.0,0.0,,0,0,0,15,0,0,0,33,0,15,0,0,15,0
Dennis Smith,77996,WR,E MICHIGAN,5,36.6,0,160,67.0,,44.6,0,0,0,0.0,0.0,,0,0,0,15,0,0,0,41,0,26,0,0,15,0
Falcon Kaumatule,73148,T,UTAH,5,100.0,0,328,71.2,63.8,69.6,0,0,0,,100.0,,0,0,0,15,0,0,1,15,1,1,0,12,14,0
Colby McDonald,144890,HB,MARYLAND,8,11.4,0,215,77.6,49.4,58.5,0,1,10,15.9,15.6,95.0,0,1,0,15,0,0,0,132,10,64,0,0,5,1
Bruno Fina,131791,C,UCLA,2,100.0,0,324,26.9,0.0,31.5,0,0,1,100.0,100.0,0.0,0,1,1,15,15,0,0,15,1,1,0,0,14,0
Andrew Mason,129857,WR,RICE,7,17.0,0,275,47.4,,59.2,0,0,0,0.0,0.0,,0,0,0,15,0,0,0,88,0,73,0,0,15,0
Savion Byrd,144626,G,OKLAHOMA,1,100.0,0,261,69.9,80.4,66.3,0,0,8,100.0,100.0,100.0,0,0,0,15,0,0,15,15,8,8,0,0,7,0
Jacob Delso,130453,WR,E MICHIGAN,2,53.6,0,160,54.7,,61.7,0,0,0,0.0,0.0,,0,0,0,15,0,0,0,28,0,13,0,0,15,0
Emmett Morehead,143834,QB,BOSTON COL,2,36.6,0,121,52.1,,60.0,0,0,0,0.0,0.0,,0,0,0,15,0,0,0,41,0,25,0,0,15,0
Mason Bowers,122319,C,COAST CAR,1,100.0,0,141,56.5,73.3,55.3,0,0,3,100.0,100.0,100.0,0,0,0,15,0,0,0,15,3,3,15,0,12,0
McCall Ray,101730,WR,INDIANA,3,93.8,0,190,59.3,,61.1,0,0,0,0.0,0.0,,0,0,0,15,0,0,0,16,0,1,0,0,15,0
Anthony Tyus III,145037,HB,NWESTERN,10,15.2,0,256,76.8,31.5,83.4,0,0,6,15.8,15.0,100.0,0,0,0,15,0,0,0,99,6,40,0,0,9,0
Myles Bailey,145722,HB,C MICHIGAN,11,17.6,0,134,68.1,81.1,56.0,0,0,9,19.1,18.4,100.0,0,0,0,15,0,0,0,85,9,49,0,0,6,5
Seth Jones,122272,WR,BAYLOR,2,62.5,0,118,55.8,,59.6,0,0,0,0.0,0.0,,0,0,0,15,0,0,0,24,0,9,0,0,15,0
John Hughes,99420,T,W VIRGINIA,1,100.0,0,343,62.4,41.3,63.1,0,0,4,100.0,100.0,100.0,0,0,0,15,0,0,0,15,4,4,15,0,11,0
Michael Kern,97799,QB,WAKE,3,75.0,0,339,54.1,,60.0,0,0,0,0.0,0.0,,1,0,0,15,0,0,0,20,0,5,0,0,15,0
Lloyd Willis,122426,G,FLORIDA ST,2,93.8,0,167,77.3,83.0,79.0,0,0,2,66.7,75.0,100.0,0,0,0,15,0,0,14,16,3,4,0,0,12,1
Scott Matlock,82482,DI,BOISE ST,5,88.2,0,120,63.4,64.2,50.1,0,0,1,33.3,33.3,100.0,0,0,0,15,0,0,0,17,1,3,0,0,14,16
Pailate Makakona,101296,HB,UTAH ST,7,21.1,0,329,60.7,54.7,58.9,0,2,10,41.7,40.0,90.0,0,2,0,15,0,0,0,71,10,25,0,0,5,0
Monroe Mills,122977,G,OKLA STATE,2,100.0,0,262,87.9,76.1,85.2,0,0,3,100.0,100.0,100.0,0,0,0,15,0,0,0,15,3,3,0,15,12,0
DJ Johnson,122339,TE,COAST CAR,2,62.5,0,141,71.8,,65.5,0,0,0,0.0,0.0,,0,0,0,15,0,0,1,24,0,9,0,0,15,21
Calvin Knapp,146217,C,UTAH ST,4,100.0,0,329,73.6,,72.4,0,0,0,,,,0,0,0,15,0,0,13,15,0,0,0,0,15,0
T.J. Wisham,57147,HB,LA LAFAYET,9,50.0,0,207,62.1,,61.1,0,0,0,0.0,0.0,,0,0,0,15,0,0,0,30,0,3,0,0,15,0
Derick Hunter Jr.,98918,T,TEXAS A&M,2,100.0,0,312,46.0,57.0,45.2,0,0,3,100.0,100.0,100.0,0,0,0,15,0,0,0,15,3,3,0,15,12,0
Destin Coates,83668,HB,GA STATE,6,14.3,0,175,52.6,40.9,57.2,0,0,6,12.5,13.7,100.0,0,0,0,15,0,0,0,105,7,51,0,0,8,0
Trey Adkins,99198,WR,S CAROLINA,3,51.7,0,289,64.0,,76.3,0,0,0,0.0,0.0,,0,0,0,15,0,0,0,29,0,14,0,0,15,0
Wyatt Lawson,145220,G,FIU,2,100.0,0,166,53.8,80.3,50.2,0,0,7,100.0,100.0,100.0,0,0,0,15,0,0,0,15,7,7,15,0,8,0
Jacardia Wright,99250,HB,KANSAS ST,8,34.9,0,199,58.2,75.2,64.7,0,0,4,26.7,22.2,100.0,0,0,0,15,0,0,0,43,4,18,0,0,11,0
Carson Rieder,97864,TE,LA TECH,7,60.0,0,208,66.7,,66.6,0,0,0,0.0,0.0,,0,0,0,15,0,0,1,25,0,10,0,0,15,16
Deon Fountain,97281,WR,COAST CAR,2,68.2,0,141,74.3,,58.9,0,0,0,0.0,0.0,,0,0,0,15,0,0,0,22,0,7,0,0,15,0
Makai Cope,146430,WR,UTAH,3,93.8,0,328,60.0,,62.7,0,0,0,0.0,0.0,,0,0,0,15,0,0,0,16,0,1,0,0,15,0
Drew Carter,146312,QB,COLORADO,6,45.5,0,143,48.7,,60.0,0,0,0,0.0,0.0,,0,0,0,15,0,0,0,33,0,15,0,0,15,0
Jordan Mosley,145033,WR,NWESTERN,3,41.7,0,256,44.0,,61.7,0,0,0,0.0,0.0,,0,0,0,15,0,0,0,36,0,21,0,0,15,0
Finn Dirstine,77342,C,BOSTON COL,2,100.0,0,121,87.1,53.5,88.9,0,1,5,100.0,100.0,90.0,0,1,0,15,0,0,0,15,5,5,15,0,10,0
Tyler Morano,131745,T,OREGON ST,1,100.0,0,265,56.7,74.0,55.4,0,0,4,100.0,100.0,100.0,0,0,0,15,0,15,0,15,4,4,0,0,11,0
Don Chaney Jr.,122207,HB,MIAMI FL,2,36.6,0,220,65.4,30.9,48.7,0,2,8,38.1,37.5,87.5,1,2,0,15,0,0,0,41,9,24,0,0,6,1
Abdur-Rahmaan Yaseen,129838,WR,PURDUE,3,26.3,0,273,67.0,,56.6,0,0,0,0.0,0.0,,0,0,0,15,0,0,0,57,0,42,0,0,15,0
Johnny Maea,100526,G,UTAH,3,100.0,0,328,72.4,56.7,73.1,0,0,4,100.0,100.0,100.0,0,0,0,14,0,7,0,14,5,5,6,0,9,0
Jake McConnachie,123016,WR,PITTSBURGH,5,87.5,0,268,59.4,,60.8,0,0,0,0.0,0.0,,0,0,0,14,0,0,1,16,0,2,0,1,14,13
Larry Moore III,123149,C,TEXAS TECH,2,100.0,0,315,55.4,58.1,54.6,0,1,5,100.0,100.0,90.0,0,1,0,14,0,0,0,14,5,5,0,14,9,0
Rylan Green,155885,TE,LA MONROE,2,93.3,0,209,42.6,69.1,62.8,0,0,2,66.7,66.7,100.0,0,0,0,14,0,0,0,15,2,3,0,0,12,15
Jackson Gleeson,78091,WR,BAYLOR,3,63.6,0,118,56.8,,68.9,0,0,0,0.0,0.0,,0,0,0,14,0,0,0,22,0,8,0,0,14,0
Jared Brown,147081,WR,COAST CAR,2,73.7,0,141,60.8,,58.7,0,0,0,0.0,0.0,,0,0,0,14,0,0,0,19,0,5,0,0,14,0
Chris Curry,83696,HB,UTAH,8,37.8,0,328,61.1,76.4,57.3,0,0,3,42.9,37.5,100.0,0,0,0,14,0,0,0,37,3,8,0,0,11,0
Blerim Rustemi,98234,G,BOSTON COL,2,100.0,0,121,60.0,77.5,57.6,0,0,7,100.0,100.0,100.0,0,0,0,14,0,1,0,14,8,8,13,0,6,0
Zereoue Williams,146440,T,UTAH,2,100.0,0,328,68.7,,67.5,0,0,0,,,,0,0,0,14,0,0,14,14,0,0,0,0,14,0
Avery Morrow,128240,HB,NEVADA,8,16.1,0,239,69.8,43.7,75.2,0,1,8,11.6,11.6,93.7,0,1,0,14,0,0,0,87,8,69,0,0,6,0
Jacob Trach,145959,HB,AIR FORCE,3,100.0,0,101,59.1,,57.5,0,0,0,,,,0,0,0,14,0,0,0,14,0,0,0,0,14,0
Horatio Fields,144188,WR,WAKE,4,100.0,0,339,60.8,,60.9,0,0,0,,,,0,0,0,14,0,0,0,14,0,0,0,0,14,0
Matt Gulbin,144191,G,WAKE,4,100.0,0,339,60.6,,60.1,0,0,0,,,,0,0,0,14,7,0,0,14,0,0,7,0,14,0
Chris Rhone,147089,WR,COAST CAR,2,60.9,0,141,65.5,,56.8,0,0,0,0.0,0.0,,1,0,0,14,0,0,0,23,0,9,0,0,14,0
Mareyohn Hrabowski,145923,QB,W MICHIGAN,4,38.9,0,347,67.3,,60.1,0,0,0,0.0,0.0,,0,0,0,14,0,0,0,36,0,1,0,0,14,0
Aidan Lee,131653,WR,CAL,5,66.7,0,130,46.7,,31.5,0,0,0,0.0,0.0,,0,0,0,14,0,0,0,21,0,7,0,0,14,1
Isaiah Connelly,122329,HB,COAST CAR,3,41.2,0,141,70.7,75.3,47.6,0,0,4,40.0,40.0,100.0,0,0,0,14,0,0,0,34,4,10,0,0,10,0
Kyle Dobbins,77731,HB,TEMPLE,7,27.5,0,306,76.3,27.6,59.1,0,2,9,40.9,45.8,77.8,0,3,1,14,0,0,0,51,11,24,0,0,3,0
Steven Fiso,97907,TE,HAWAII,8,26.9,0,180,46.5,5.1,64.9,1,0,1,2.8,2.6,50.0,1,1,0,14,0,0,0,52,1,39,0,0,13,34
Joachim Bangda,97184,HB,KENT STATE,4,34.1,0,201,80.4,54.1,59.2,0,1,9,56.3,57.9,94.4,0,1,0,14,0,0,0,41,11,19,0,0,3,0
Shayne Buckingham,102911,T,ARMY,1,100.0,0,114,73.9,71.5,72.5,0,0,2,100.0,100.0,100.0,0,0,0,14,0,0,14,14,2,2,0,0,12,0
Kevin Cline,123537,G,BOSTON COL,2,100.0,0,121,63.6,78.5,59.6,0,0,7,100.0,100.0,100.0,0,0,0,14,0,0,14,14,8,8,0,0,6,0
DJ Thomas-Jones,124154,TE,OLE MISS,5,70.0,0,226,54.7,66.8,52.2,0,0,1,14.3,14.3,100.0,0,0,0,14,0,0,0,20,1,7,0,0,13,7
Drew Kendall,143829,G,BOSTON COL,2,100.0,0,121,56.5,76.3,54.2,0,0,7,100.0,100.0,100.0,0,0,0,14,14,0,0,14,8,8,0,0,6,0
Jase McClellan,123926,HB,ALABAMA,5,12.6,0,103,74.1,4.6,60.0,0,4,10,15.4,17.4,80.0,0,4,0,14,0,0,0,111,12,69,0,0,2,0
Shacori Williams,121618,FB,ARMY,2,51.9,0,114,53.0,,55.4,0,0,0,,,,0,0,0,14,0,0,0,27,0,0,0,0,14,0
Nick Alftin,81954,TE,CAL,6,100.0,0,130,55.9,61.9,55.8,0,0,0,,100.0,,0,0,0,14,0,0,0,14,1,1,0,0,13,10
Justin Ball,98576,TE,VANDERBILT,3,66.7,0,333,67.0,25.0,66.7,0,0,3,30.0,30.0,100.0,0,0,0,14,0,0,0,21,3,10,0,0,11,12
Rudy Aleman Jr.,81919,T,UTSA,1,100.0,0,331,66.3,74.3,64.3,0,0,4,100.0,100.0,100.0,0,0,0,14,14,0,0,14,4,4,0,0,10,0
David Afari,52809,HB,MIAMI OH,6,27.5,0,221,73.4,79.2,58.9,0,0,6,46.2,50.0,100.0,0,0,0,14,0,0,0,51,7,14,0,0,7,0
Victor Gabalis,131932,QB,WASH STATE,3,24.1,0,341,43.2,,60.0,0,0,0,0.0,0.0,,0,0,0,14,0,0,0,58,0,43,0,0,14,0
CJ McNeal,127622,HB,AIR FORCE,2,87.5,0,101,70.1,,58.5,0,0,0,,,,0,0,0,14,0,0,0,16,0,0,0,0,14,0
Steven Faucheux,52784,G,MARSHALL,3,100.0,0,214,68.8,79.5,66.9,0,0,8,100.0,100.0,100.0,0,0,0,14,0,14,0,14,8,8,0,0,6,0
Marcus Jones,55717,CB,HOUSTON,4,24.6,0,182,66.4,,60.2,0,0,0,0.0,0.0,,3,0,0,14,0,0,0,57,0,42,0,0,14,0
Jamar Simpson,71758,WR,S JOSE ST,5,53.8,0,285,61.2,,77.1,0,0,0,0.0,0.0,,1,0,0,14,0,0,0,26,0,12,0,0,14,0
Matt Keeler,144743,C,TEXAS TECH,2,100.0,0,315,61.6,77.2,58.3,0,0,5,100.0,100.0,100.0,0,0,0,14,0,0,14,14,5,5,0,0,9,0
J.B. Mitchell,145761,WR,E MICHIGAN,4,56.0,0,160,46.7,,60.7,0,0,0,0.0,0.0,,0,0,0,14,0,0,0,25,0,11,0,0,14,0
Khristopher Love,129523,T,MARYLAND,2,100.0,0,215,79.3,,77.9,0,0,0,,,,0,0,0,14,0,14,0,14,0,0,0,0,14,0
Elijah Downing,104959,WR,LOUISVILLE,3,66.7,0,210,65.9,,58.0,0,0,0,0.0,0.0,,0,0,0,14,0,0,0,21,0,7,0,0,14,0
Matthew Downing,82120,QB,TCU,3,73.7,0,305,76.7,,60.0,0,0,0,0.0,0.0,,0,0,0,14,0,0,0,19,0,4,0,0,14,0
Kylan Watkins,63239,HB,MEMPHIS,4,18.7,0,218,53.0,52.7,58.4,0,0,10,19.2,19.3,90.0,0,1,1,14,0,0,0,75,11,57,0,0,3,0
Xavier Johnson,101641,WR,OHIO STATE,3,87.5,0,260,59.0,,61.9,0,0,0,0.0,0.0,,0,0,0,14,0,0,0,16,0,2,0,0,14,0
Noah Robinson,145352,WR,DOMINION,2,63.6,0,263,55.3,,62.3,0,0,0,0.0,0.0,,0,0,0,14,0,0,0,22,0,8,0,0,14,0
Gus McGee,146140,TE,S DIEGO ST,2,73.7,0,284,47.0,66.9,49.8,0,0,2,28.6,28.6,100.0,0,0,0,14,0,0,0,19,2,7,0,0,12,19
Michael Frogge,123385,TE,WAKE,2,87.5,0,339,43.0,67.7,39.7,0,0,2,50.0,50.0,100.0,0,0,0,14,0,0,0,16,2,4,0,0,12,12
Marley Cook,97750,DI,MIDDLE TN,5,100.0,0,224,44.4,68.9,45.0,0,0,3,100.0,100.0,100.0,1,0,0,14,0,0,0,14,3,3,0,0,11,13
Jordan Young,77956,WR,FLORIDA ST,5,28.6,0,167,68.3,,77.4,0,0,0,0.0,0.0,,0,0,0,14,0,0,0,49,0,35,0,0,14,0
Matt Ryals,100793,C,SO MISS,3,100.0,0,296,49.4,71.6,48.4,0,0,1,100.0,100.0,100.0,0,0,0,14,0,0,11,14,1,1,0,3,13,0
Kurt Danneker,77443,G,OHIO,1,100.0,0,259,65.5,50.7,65.9,0,1,4,100.0,100.0,87.5,0,1,0,14,0,14,0,14,4,4,0,0,10,0
Michael McLaughlin,143947,C,MIAMI FL,1,100.0,0,220,77.9,72.5,75.5,0,0,2,100.0,100.0,100.0,0,0,0,14,0,0,0,14,2,2,0,14,12,0
Jake Boust,146027,TE,FRESNO ST,3,87.5,0,169,63.6,,64.6,0,0,0,0.0,0.0,,0,0,0,14,0,0,0,16,0,2,0,0,14,14
Jason Lloyd,123145,TE,TEXAS TECH,1,77.8,0,315,54.2,57.5,54.8,0,1,5,55.6,55.6,90.0,0,1,0,14,0,0,0,18,5,9,0,0,9,11
Jeremiah Ballard,145495,WR,UTEP,4,46.7,0,330,60.8,,61.2,0,0,0,0.0,0.0,,0,0,0,14,0,0,0,30,0,16,0,0,14,0
Maisen Knight,58485,G,UTAH ST,3,100.0,0,329,56.1,,55.9,0,0,0,,,,0,0,0,14,0,0,0,14,0,0,13,0,14,0
Maleek Williams,57138,HB,FIU,5,40.6,0,166,84.7,70.3,60.0,0,1,10,66.7,62.5,95.0,0,1,0,13,0,0,0,32,10,16,0,0,3,0
DJ Smith,130479,HB,E MICHIGAN,5,43.3,0,160,61.0,45.6,60.0,0,1,11,47.8,50.0,86.4,0,2,1,13,0,0,0,30,12,24,0,0,1,0
Dakota Peters,77556,T,PITTSBURGH,1,100.0,0,268,58.0,69.8,57.3,0,0,2,100.0,100.0,100.0,0,0,0,13,0,13,0,13,2,2,0,0,11,0
Jack Salopek,130662,QB,W MICHIGAN,3,61.9,0,347,68.4,,60.0,0,0,0,0.0,0.0,,0,0,0,13,0,0,0,21,0,6,0,0,13,0
Darius Maberry,57412,HB,SO MISS,2,46.4,0,296,58.0,77.4,58.2,0,0,6,40.0,41.2,100.0,0,0,0,13,0,0,0,28,7,17,0,0,6,0
Ben Bray,131605,T,ARIZONA ST,2,100.0,0,110,51.1,,51.2,0,0,0,,,,0,0,0,13,0,13,0,13,0,0,0,0,13,0
Wyatt Rector,77687,TE,FLORIDA ST,3,72.2,0,167,68.9,,52.0,0,0,0,0.0,0.0,,0,0,0,13,0,0,0,18,0,5,0,0,13,7
Jackson Owens,101257,G,UTAH ST,2,100.0,0,329,62.1,,61.6,0,0,0,,,,0,0,0,13,0,13,0,13,0,0,0,0,13,0
Sevion Morrison,129705,HB,NEBRASKA,6,17.1,0,238,72.1,56.9,58.7,0,1,5,13.2,13.2,90.0,0,1,0,13,0,0,0,76,5,38,0,0,8,0
Doug Emilien,129648,WR,MINNESOTA,3,100.0,0,225,56.7,,52.1,0,0,0,,,,0,0,0,13,0,0,0,13,0,0,0,0,13,0
De'Von Fox,101133,WR,TEMPLE,8,22.0,0,306,57.5,,42.3,0,0,0,0.0,0.0,,0,0,0,13,0,0,0,59,0,45,0,0,13,1
Cobe Bryant,101037,T,SMU,1,100.0,0,287,57.9,74.3,54.9,0,0,5,100.0,100.0,100.0,0,0,0,13,0,0,0,13,5,5,0,13,8,0
Peny Boone,129498,HB,MARYLAND,9,15.9,0,215,60.2,15.1,48.5,1,1,9,23.1,23.1,88.9,0,2,0,13,0,0,0,82,9,39,0,0,4,0
Zahn Diaz,142136,HB,SO MISS,1,81.3,0,296,59.4,67.3,66.8,0,0,1,33.3,33.3,100.0,0,0,0,13,0,0,0,16,1,3,0,0,12,9
Thad Franklin Jr.,143940,HB,MIAMI FL,5,24.1,0,220,79.2,53.3,64.6,0,0,8,32.0,33.3,87.5,1,1,1,13,0,0,0,54,9,27,0,0,4,0
Conner Griffin,121806,G,MIDDLE TN,2,100.0,0,224,63.5,67.4,62.5,0,0,1,100.0,100.0,100.0,0,0,0,13,3,1,5,13,1,1,4,0,12,0
Hayden Mitchell,78004,WR,VIRGINIA,8,68.4,0,335,54.5,61.9,49.6,0,0,1,16.7,14.3,100.0,0,0,0,13,0,0,0,19,1,7,0,0,12,0
Brian Hightower,78015,WR,ILLINOIS,4,50.0,0,187,54.1,,60.3,0,0,0,0.0,0.0,,0,0,0,13,0,0,0,26,0,13,0,0,13,0
Julian Gray,143994,WR,NC STATE,3,48.1,0,248,64.3,,44.8,0,0,0,0.0,0.0,,0,0,0,13,0,0,0,27,0,14,0,0,13,0
Jacob King,78268,C,MIDDLE TN,2,100.0,0,224,60.1,66.6,59.3,0,0,0,,100.0,,0,0,0,13,0,5,0,13,1,1,0,8,12,0
Malik Sherrod,128189,HB,FRESNO ST,7,32.5,0,169,55.4,42.4,58.3,0,0,4,20.0,23.8,100.0,0,0,0,13,0,0,0,40,5,21,0,0,8,0
Gunnar Henderson,78849,WR,TCU,7,38.2,0,305,64.4,,60.8,0,0,0,0.0,0.0,,0,0,0,13,0,0,0,34,0,21,0,0,13,0
Darius Bracy,55048,HB,C MICHIGAN,8,17.3,0,134,77.4,18.7,69.4,0,3,9,26.5,25.7,83.3,0,3,0,13,0,0,0,75,9,35,0,0,4,0
RJ Garcia II,144591,WR,KANSAS ST,3,48.1,0,199,57.7,,62.0,0,0,0,0.0,0.0,,0,0,0,13,0,0,0,27,0,12,0,0,13,0
Luke Soto,122038,TE,UTEP,5,100.0,1,330,55.1,67.0,67.1,0,0,2,100.0,100.0,100.0,1,0,0,13,0,0,0,13,2,2,0,0,11,13
Kai Money,99530,WR,TEXAS,3,86.7,0,311,59.1,,56.1,0,0,0,0.0,0.0,,0,0,0,13,0,0,0,15,0,2,0,0,13,0
Jed Castles,144760,TE,TEXAS TECH,3,40.6,0,315,49.2,,37.6,0,0,0,0.0,0.0,,1,0,0,13,0,0,0,32,0,19,0,0,13,12
Colt Atkinson,99471,WR,OKLAHOMA,2,48.1,0,261,54.7,,87.4,0,0,0,0.0,0.0,,0,0,0,13,0,0,0,27,0,14,0,0,13,0
Michael Redding III,122219,WR,MIAMI FL,2,61.9,0,220,57.8,63.9,61.9,0,0,1,11.1,11.1,100.0,0,0,0,13,0,0,0,21,1,9,0,0,12,0
Isaiah Hookfin,99415,T,TEXAS,1,100.0,0,311,61.5,69.5,60.2,0,0,3,100.0,100.0,100.0,0,0,0,13,0,0,0,13,3,3,0,13,10,0
Brannon Brown,99412,C,TCU,2,100.0,0,305,67.3,70.3,65.3,0,0,1,100.0,100.0,100.0,0,0,0,13,13,0,0,13,1,1,0,0,12,0
Fred Jackson,122338,WR,COAST CAR,5,59.1,0,141,55.4,,61.0,0,0,0,0.0,0.0,,0,0,0,13,0,0,0,22,0,9,0,0,13,0
Winston Eubanks,145084,WR,PENN STATE,6,48.1,0,266,53.8,,60.1,0,0,0,0.0,0.0,,0,0,0,13,0,0,0,27,0,14,0,0,13,0
Dexter Carter Jr.,45343,WR,GA SOUTHRN,4,54.2,0,174,50.7,,60.7,0,0,0,0.0,0.0,,1,0,0,13,0,0,0,24,0,10,0,0,13,0
Brendan Pernecky,122382,TE,DUKE,3,86.7,0,154,44.8,64.5,46.3,0,0,0,0.0,33.3,,0,0,0,13,0,0,0,15,1,3,0,0,12,13
Zane Herring,122402,C,FLORIDA ST,2,100.0,0,167,53.9,77.2,51.4,0,0,5,100.0,100.0,100.0,0,0,0,13,0,11,0,13,6,6,2,0,7,0
Teeshaun Turpin,63213,T,N TEXAS,2,100.0,0,251,60.7,,60.2,0,0,0,,,,0,0,0,13,0,0,13,13,0,0,0,0,13,0
Caleb Coombs,145277,WR,MARSHALL,3,76.5,0,214,68.1,,56.0,0,0,0,0.0,0.0,,0,0,0,13,0,0,0,17,0,4,0,0,13,0
K'Rojhn Calbert,62961,T,TENNESSEE,1,100.0,0,307,49.4,77.5,44.8,0,0,5,100.0,100.0,100.0,0,0,0,13,0,0,0,13,5,5,0,13,8,0
Quincy McGee,145453,T,UAB,3,100.0,0,321,64.4,69.7,63.7,0,0,2,100.0,100.0,100.0,0,0,0,13,0,2,0,13,2,2,11,0,11,0
Bradley Rozner,98743,WR,RICE,1,50.0,0,275,74.7,,61.7,0,0,0,0.0,0.0,,0,0,0,13,0,0,0,26,0,13,0,0,13,0
Tyler Foster,98497,TE,OHIO,5,46.4,0,259,54.9,68.3,55.1,0,0,1,7.1,11.8,100.0,0,0,0,13,0,0,0,28,2,17,0,0,11,6
Seth Schmidt,98469,T,BALL ST,2,100.0,0,117,62.0,77.5,59.9,0,0,6,100.0,100.0,100.0,0,0,0,13,0,1,0,13,7,7,12,0,6,0
Tylee Craft,122829,WR,N CAROLINA,3,81.3,0,245,56.7,,60.6,0,0,0,0.0,0.0,,0,0,0,13,0,0,0,16,0,3,0,0,13,0
Braydon Johnson,61576,WR,OKLA STATE,1,28.9,0,262,54.2,,60.6,0,0,0,0.0,0.0,,0,0,0,13,0,0,0,45,0,31,0,0,13,0
Kentrel Bullock,124129,HB,OLE MISS,3,37.1,0,226,69.0,75.5,57.2,0,0,3,37.5,37.5,100.0,0,0,0,13,0,0,0,35,3,8,0,0,10,0
Dillon Wheatley,124082,TE,KENTUCKY,3,100.0,0,202,50.9,,51.5,0,0,0,,,,0,0,0,13,0,0,0,13,0,0,0,0,13,12
Devin Brumfield,83788,HB,TULANE,3,31.0,0,319,79.0,81.8,60.0,0,0,9,39.1,37.5,100.0,0,0,0,13,0,0,0,42,9,24,0,0,4,0
Steven Mahar Jr.,123047,TE,SYRACUSE,4,92.9,0,304,74.8,,77.5,0,0,0,0.0,0.0,,0,0,0,13,0,0,0,14,0,1,0,0,13,8
David Wohlabaugh Jr.,146742,G,KENTUCKY,1,100.0,0,202,63.3,76.4,59.6,0,0,8,100.0,100.0,100.0,0,0,0,13,0,0,0,13,8,8,0,13,5,0
Kamryn Waites,147153,T,LA LAFAYET,1,100.0,0,207,77.5,20.7,82.8,0,1,4,100.0,100.0,87.5,0,1,0,13,0,0,0,13,4,4,0,13,9,0
Sebastian Sainterling,86864,T,USF,3,100.0,0,327,66.3,86.7,64.1,0,0,1,100.0,100.0,100.0,0,0,0,13,11,0,0,13,2,2,0,0,11,0
John Dunmore,101705,WR,OREGON ST,3,68.4,0,265,58.1,,59.9,0,0,0,0.0,0.0,,0,0,0,13,0,0,0,19,0,6,0,0,13,0
James Ziglor,146970,HB,VANDERBILT,7,24.0,0,333,58.0,16.4,56.5,0,1,5,16.7,16.7,70.0,0,2,1,12,0,0,0,50,5,30,0,0,7,0
Jeff Persi,129593,T,MICHIGAN,2,100.0,0,222,56.4,22.2,58.0,0,0,1,100.0,100.0,100.0,0,0,0,12,0,0,9,12,1,1,0,3,11,0
Jordan Brown,128172,WR,FRESNO ST,3,52.2,0,169,59.2,,77.0,0,0,0,0.0,0.0,,0,0,0,12,0,0,0,23,0,11,0,0,12,0
Payton Mangrum,124248,WR,S CAROLINA,3,70.6,0,289,72.7,,56.6,0,0,0,0.0,0.0,,0,0,0,12,0,0,0,17,0,5,0,0,12,0
Chris Cavalaris,76763,WR,MIAMI OH,4,100.0,0,221,60.3,,60.0,0,0,0,,,,0,0,0,12,0,0,0,12,0,0,0,0,12,0
Donny Marcus,130340,HB,BALL ST,7,18.5,0,117,56.7,84.0,59.6,0,0,7,16.3,20.0,100.0,0,0,0,12,0,0,0,65,9,45,0,0,3,1
Sebastien Laraque,145222,G,FIU,1,100.0,0,166,54.7,74.8,53.1,0,0,2,100.0,100.0,100.0,0,0,0,12,0,0,0,12,2,2,0,12,10,0
Lenny Kuhl,145901,TE,TOLEDO,2,80.0,0,316,44.7,,44.1,0,0,0,0.0,0.0,,0,0,0,12,0,0,0,15,0,3,0,0,12,10
Markens Pierre,83631,HB,ARMY,2,80.0,0,114,77.5,,78.9,0,0,0,,,,0,0,0,12,0,0,0,15,0,0,0,0,12,0
Darius Bush,147372,WR,UCONN,3,38.7,0,146,50.6,,43.0,0,0,0,0.0,0.0,,0,0,0,12,0,0,0,31,0,19,0,0,12,0
Riley Mahlman,145172,T,WISCONSIN,1,100.0,0,349,64.3,29.0,68.3,0,0,3,100.0,100.0,66.7,1,1,1,12,0,0,0,12,3,3,0,12,9,0
Zaylin Wood,97761,DI,MIDDLE TN,5,92.3,0,224,83.1,71.7,80.6,0,0,2,66.7,66.7,100.0,2,0,0,12,0,0,0,13,2,3,0,0,10,6
Rahsaan Lewis,76688,WR,KENTUCKY,5,36.4,0,202,57.9,,79.2,0,0,0,0.0,0.0,,0,0,0,12,0,0,0,33,0,21,0,0,12,0
Jaxon Garcia,131854,T,UTAH,3,100.0,0,328,59.0,,58.8,0,0,0,,,,0,0,0,12,10,0,0,12,0,0,2,0,12,0
Mohamed Ibrahim,55226,HB,MINNESOTA,1,24.5,0,225,75.9,78.8,59.2,0,0,8,57.1,58.8,100.0,0,0,0,12,0,0,0,49,10,17,0,0,2,0
Caleb Medford,123090,WR,TCU,3,85.7,0,305,58.8,,61.0,0,0,0,0.0,0.0,,0,0,0,12,0,0,0,14,0,2,0,0,12,0
Travis West,78102,WR,TEXAS,2,100.0,0,311,58.9,,56.8,0,0,0,,,,0,0,0,12,0,0,0,12,0,0,0,0,12,0
Ta'ron Keith,130368,HB,BOWL GREEN,12,6.5,0,122,72.1,78.6,60.0,0,0,10,7.1,6.8,100.0,0,0,0,12,0,0,0,184,10,148,0,0,2,7
Garrett Hayes,123079,T,TCU,3,100.0,0,305,79.2,70.6,78.2,0,0,1,100.0,100.0,100.0,0,0,0,12,0,0,0,12,1,1,12,0,11,0
Micah Morris,146718,C,GEORGIA,2,100.0,0,173,66.6,74.0,65.2,0,0,1,100.0,100.0,100.0,0,0,0,12,0,6,6,12,1,1,0,0,11,0
Jimmy Christ,129769,G,PENN STATE,1,100.0,0,266,59.2,70.6,57.9,0,0,2,100.0,100.0,100.0,0,0,0,12,0,0,0,12,2,2,0,12,10,0
Zach Williams,83932,TE,ARIZONA,4,50.0,0,109,33.6,19.7,40.5,0,0,3,20.0,20.0,66.7,0,1,1,12,0,0,0,24,3,15,0,0,9,21
Tyler Connolly,99419,G,W VIRGINIA,1,100.0,0,343,69.9,73.5,67.6,0,0,3,100.0,100.0,100.0,0,0,0,12,12,0,0,12,3,3,0,0,9,0
Peter Rooney Jr.,77428,T,UCONN,1,100.0,0,146,66.7,78.3,63.8,0,0,7,100.0,100.0,100.0,0,0,0,12,12,0,0,12,8,8,0,0,4,0
Desmond Hutson,101738,WR,IOWA,2,70.6,0,192,55.6,,57.5,0,0,0,0.0,0.0,,0,0,0,12,0,0,0,17,0,5,0,0,12,0
Casey Case,130402,QB,BUFFALO,1,80.0,0,126,63.6,,60.0,0,0,0,,,,0,0,0,12,0,0,0,15,0,0,0,0,12,0
Steven Iles,70864,G,AIR FORCE,2,100.0,0,101,75.4,,73.0,0,0,0,,,,0,0,0,12,12,0,0,12,0,0,0,0,12,0
Kris Dike,77582,T,TCU,2,100.0,0,305,52.5,70.4,51.7,0,0,1,100.0,100.0,100.0,0,0,0,12,0,3,1,12,1,1,0,8,11,0
Weston Wolff,144889,TE,MARYLAND,2,92.3,0,215,89.7,,74.4,0,0,0,0.0,0.0,,0,0,0,12,0,0,0,13,0,1,0,0,12,13
Bobby Lawrence,81744,T,MISSOURI,3,100.0,0,229,74.1,70.3,72.9,0,0,4,100.0,100.0,100.0,0,0,0,12,0,0,0,12,4,4,0,12,8,0
Cameron Golden,123855,T,GA STATE,3,100.0,0,175,85.7,67.9,83.9,0,0,2,100.0,100.0,100.0,0,0,0,12,0,0,6,12,2,2,0,6,10,0
Luke Felix-Fualalo,71382,C,UTAH,3,100.0,0,328,52.4,63.8,51.8,0,0,0,,100.0,,0,0,0,12,0,0,2,12,1,1,9,0,11,0
Thomas Mirabella,71402,G,S DIEGO ST,2,100.0,0,284,41.5,0.0,48.5,0,0,1,100.0,100.0,100.0,0,0,0,12,12,0,0,12,1,1,0,0,11,0
Nate Lawler,77149,TE,CINCINNATI,4,92.3,0,138,70.0,,69.4,0,0,0,0.0,0.0,,0,0,0,12,0,0,0,13,0,1,0,0,12,12
I'Shawn Stewart,84372,WR,E MICHIGAN,11,21.4,0,160,57.7,,77.4,0,0,0,0.0,0.0,,0,0,0,12,0,0,0,56,0,44,0,0,12,0
Matt Torey,101697,WR,MICHIGAN,3,66.7,0,222,56.0,,61.3,0,0,0,0.0,0.0,,0,0,0,12,0,0,0,18,0,6,0,0,12,0
Aaron Moore,84361,WR,DOMINION,3,29.3,0,263,52.2,,61.4,0,0,0,0.0,0.0,,0,0,0,12,0,0,0,41,0,29,0,0,12,0
Stacey Marshall Jr.,131584,TE,ARIZONA,4,40.0,0,109,49.3,71.7,55.3,0,0,3,14.3,14.3,100.0,0,0,0,12,0,0,0,30,3,21,0,0,9,30
Caleb Cook,147118,C,GA SOUTHRN,2,100.0,0,174,64.6,79.9,60.9,0,0,4,100.0,100.0,100.0,0,0,0,12,0,0,0,12,4,4,0,12,8,0
Jack Cravaack,82165,TE,PURDUE,2,70.6,0,273,51.7,74.8,61.3,0,0,2,28.6,28.6,100.0,0,0,0,12,0,0,0,17,2,7,0,0,10,2
Scott Boylan,109641,WR,DUKE,3,85.7,0,154,59.0,,62.5,0,0,0,0.0,0.0,,0,0,0,12,0,0,0,14,0,2,0,0,12,0
Ethan Marcus,123225,C,TULANE,1,100.0,0,319,58.7,,58.7,0,0,0,,,,0,0,0,12,12,0,0,12,0,0,0,0,12,0
Hunter Helms,122149,QB,CLEMSON,2,46.2,0,140,40.8,,60.0,0,0,0,0.0,0.0,,0,0,0,12,0,0,0,26,0,13,0,0,12,0
TJ McMahon,83521,QB,RICE,2,32.4,0,275,71.7,,60.0,0,0,0,0.0,0.0,,1,0,0,12,0,0,0,37,0,22,0,0,12,0
Chris Street,131668,HB,CAL,6,25.5,0,130,70.3,31.1,59.5,0,1,9,39.1,39.1,94.4,0,1,0,12,0,0,0,47,9,23,0,0,3,0
Trey Urwiler,145835,WR,N ILLINOIS,4,85.7,0,254,43.0,,55.8,0,0,0,0.0,0.0,,0,0,0,12,0,0,0,14,0,2,0,0,12,0
Darien Porter,99553,WR,IOWA STATE,3,80.0,0,193,48.6,,61.6,0,0,0,0.0,0.0,,1,0,0,12,0,0,0,15,0,3,0,0,12,0
Ben Finley,122864,QB,NC STATE,4,52.2,0,248,56.9,,60.0,0,0,0,0.0,0.0,,0,0,0,12,0,0,0,23,0,9,0,0,12,0
Mariano Valenti,97604,QB,TEMPLE,3,28.6,0,306,68.9,,60.0,0,0,0,0.0,0.0,,0,0,0,12,0,0,0,42,0,22,0,0,12,0
Alec Ward,130446,WR,C MICHIGAN,6,63.2,0,134,55.9,,59.4,0,0,0,0.0,0.0,,0,0,0,12,0,0,0,19,0,7,0,0,12,0
Hayden Gillum,77508,C,KANSAS ST,3,100.0,0,199,63.1,47.3,63.2,0,0,2,100.0,100.0,100.0,0,0,0,12,12,0,0,12,3,3,0,0,9,0
Ali'i Niumatalolo,58240,TE,UTAH,5,100.0,0,328,72.8,,70.9,0,0,0,,,,0,0,0,12,0,0,0,12,0,0,0,0,12,11
Dawson Delforge,122590,G,KANSAS ST,4,100.0,0,199,63.8,72.6,63.0,0,0,1,100.0,100.0,100.0,0,0,0,12,0,12,0,12,1,1,0,0,11,0
Christian Sabatini,122658,TE,LA LAFAYET,2,70.6,0,207,77.1,,84.1,0,0,0,0.0,0.0,,0,0,0,12,0,0,0,17,0,5,0,0,12,12
Ian Stewart,129638,WR,MICH STATE,2,70.6,0,223,57.3,,61.5,0,0,0,0.0,0.0,,0,0,0,12,0,0,0,17,0,5,0,0,12,0
Kibet Chepyator,124197,TE,MISSOURI,3,41.4,0,229,49.5,,53.5,0,0,0,0.0,0.0,,0,0,0,12,0,0,0,29,0,17,0,1,12,14
Jack Jancek,124283,WR,TENNESSEE,3,85.7,0,307,58.4,,61.2,0,0,0,0.0,0.0,,0,0,0,12,0,0,0,14,0,2,0,0,12,0
Payne He'Bert,81773,T,NWESTERN,2,100.0,0,256,64.0,8.4,68.4,0,1,2,100.0,100.0,75.0,0,1,0,12,0,0,3,12,2,2,0,9,10,0
Artez Hooker,145213,WR,FIU,3,45.8,0,166,41.5,,61.5,0,0,0,0.0,0.0,,0,0,0,11,0,0,0,24,0,13,0,0,11,0
David Stickle,122419,C,FLORIDA ST,1,100.0,0,167,50.4,0.0,58.6,0,0,3,100.0,100.0,100.0,0,0,0,11,11,0,0,11,3,3,0,0,8,0
Thalen Robinson,99093,G,SMU,2,100.0,0,287,46.9,0.0,56.6,0,0,4,100.0,100.0,100.0,0,0,0,11,0,0,0,11,4,4,10,0,7,1
Logan Mauldin,122348,TE,COAST CAR,2,73.3,0,141,56.5,,59.9,0,0,0,0.0,0.0,,0,0,0,11,0,0,0,15,0,4,0,0,11,14
Dominick Blaylock,99230,WR,GEORGIA,2,39.3,0,173,60.4,,61.6,0,0,0,0.0,0.0,,0,0,0,11,0,0,0,28,0,17,0,0,11,0
Marcus McElroy Jr.,52041,HB,COLO STATE,4,45.8,0,144,79.8,71.8,47.8,0,0,1,14.3,12.5,100.0,1,0,0,11,0,0,0,24,1,8,0,0,10,0
Raheem Anderson II,144926,T,MICHIGAN,1,100.0,0,222,62.1,,61.5,0,0,0,,,,0,0,0,11,11,0,0,11,0,0,0,0,11,0
Giovanni El-Hadi,144925,G,MICHIGAN,1,100.0,0,222,61.1,,60.7,0,0,0,,,,0,0,0,11,0,11,0,11,0,0,0,0,11,0
Stephan Bernal-Wendt,52084,T,HAWAII,3,100.0,0,180,52.7,15.2,60.1,0,0,9,100.0,100.0,100.0,0,0,0,11,0,2,0,11,9,9,9,0,2,0
Nehemiah Martinez,144759,WR,TEXAS TECH,5,64.7,0,315,39.7,,56.3,0,0,0,0.0,0.0,,0,0,0,11,0,0,0,17,0,3,0,0,11,0
Austin Barry,146272,T,ARIZONA ST,1,100.0,0,110,78.7,,76.9,0,0,0,,,,0,0,0,11,0,0,0,11,0,0,0,11,11,0
Patrick Matan,122873,T,NC STATE,2,100.0,0,248,70.1,39.8,71.1,0,1,3,100.0,100.0,83.3,0,1,0,11,0,11,0,11,3,3,0,0,8,0
Jared Chisari,128078,HB,UMASS,8,17.7,0,216,77.2,72.6,56.7,0,0,3,9.7,8.8,100.0,1,0,0,11,0,0,0,62,3,34,0,0,8,0
Taisun Phommachanh,99577,QB,CLEMSON,6,25.6,0,140,73.5,,60.0,0,0,0,0.0,0.0,,0,0,0,11,0,0,0,43,0,21,0,0,11,0
Austin Bolt,128118,TE,BOISE ST,3,78.6,0,120,38.6,65.4,53.0,0,0,1,25.0,25.0,100.0,0,0,0,11,0,0,0,14,1,4,0,0,10,6
Jimmy Valsin III,146336,WR,OREGON ST,1,73.3,0,265,57.1,,61.4,0,0,0,0.0,0.0,,0,0,0,11,0,0,0,15,0,4,0,0,11,0
Ari Patu,146360,QB,STANFORD,2,36.7,0,300,57.3,,60.0,0,0,0,0.0,0.0,,0,0,0,11,0,0,0,30,0,18,0,0,11,0
Mershawn Rice,101742,WR,PURDUE,3,27.5,0,273,76.3,,60.7,0,0,0,0.0,0.0,,0,0,0,11,0,0,0,40,0,29,0,0,11,0
Tyler Henderson,60855,TE,BAYLOR,2,100.0,0,118,69.0,,67.4,0,0,0,,,,0,0,0,11,0,0,0,11,0,0,0,0,11,11
Jonathan Kahn,144421,TE,TULANE,1,100.0,0,319,49.0,,44.8,0,0,0,,,,0,0,0,11,0,0,0,11,0,0,0,0,11,3
Michael Fox,78825,WR,NC STATE,4,73.3,0,248,56.9,,60.1,0,0,0,0.0,0.0,,0,0,0,11,0,0,0,15,0,4,0,0,11,0
Koali Nishigaya,128207,WR,HAWAII,6,28.2,0,180,59.9,,43.1,0,0,0,0.0,0.0,,0,0,0,11,0,0,0,39,0,28,0,0,11,0
Dior Scott,128211,HB,HAWAII,4,17.7,0,180,51.6,,40.3,0,0,0,0.0,0.0,,0,0,0,11,0,0,0,62,0,51,0,0,11,0
Kingsley Suamataia,146558,T,OREGON,1,100.0,0,264,65.5,73.3,63.8,0,0,4,100.0,100.0,100.0,0,0,0,11,0,0,11,11,4,4,0,0,7,0
CJ Tate,122994,WR,OKLA STATE,2,78.6,0,262,56.9,,60.1,0,0,0,0.0,0.0,,0,0,0,11,0,0,0,14,0,3,0,0,11,0
Lyndon Cooper,143987,G,NC STATE,2,100.0,0,248,81.3,73.8,77.5,0,0,3,100.0,100.0,100.0,0,0,0,11,11,0,0,11,3,3,0,0,8,0
Jakyle Holmes,57274,HB,LA MONROE,4,22.0,0,209,65.2,76.6,73.4,0,0,5,18.5,16.7,100.0,0,0,0,11,0,0,0,50,5,30,0,0,6,0
Jalen Milroe,146590,QB,ALABAMA,4,33.3,0,103,80.1,,60.0,0,0,0,0.0,0.0,,0,0,0,11,0,0,0,33,0,11,0,0,11,0
Leo Kelly,98018,QB,WAKE,3,64.7,0,339,40.4,,60.0,0,0,0,0.0,0.0,,0,0,0,11,0,0,0,17,0,4,0,0,11,0
Anthony Belton,143985,G,NC STATE,2,100.0,0,248,74.8,75.8,73.2,0,0,3,100.0,100.0,100.0,0,0,0,11,0,0,11,11,3,3,0,0,8,0
Jasiah Provillon,78012,WR,NC STATE,3,84.6,0,248,48.5,,58.7,0,0,0,0.0,0.0,,1,0,0,11,0,0,0,13,0,2,0,0,11,0
Christian Malloy,76560,HB,COAST CAR,7,35.5,0,141,68.9,0.0,73.8,0,1,1,10.0,10.0,50.0,1,1,0,11,0,0,0,31,1,10,0,0,10,0
D'Marcus Adams,77955,WR,FAU,7,32.4,0,165,59.2,,59.2,0,0,0,0.0,0.0,,1,0,0,11,0,0,0,34,0,23,0,0,11,0
Malik Rutherford,143929,WR,GA TECH,2,39.3,0,176,82.5,,60.1,0,0,0,0.0,0.0,,0,0,0,11,0,0,0,28,0,17,0,0,11,0
Justin Pickett,143870,T,DUKE,1,100.0,0,154,66.0,66.9,65.0,0,0,1,100.0,100.0,100.0,0,0,0,11,0,0,5,11,1,1,0,6,10,0
Sean Leonard,129522,WR,MARYLAND,1,100.0,0,215,61.2,,62.1,0,0,0,,,,0,0,0,11,0,0,0,11,0,0,0,0,11,0
Abdul Adams,40414,HB,SYRACUSE,6,26.8,0,304,67.5,75.7,66.7,0,0,3,15.8,15.8,100.0,0,0,0,11,0,0,0,41,3,19,0,0,8,0
Geordon Porter,84112,WR,ARIZONA ST,6,40.7,0,110,65.4,,60.2,0,0,0,0.0,0.0,,0,0,0,11,0,0,0,27,0,16,0,0,11,0
DeaJaun McDougle,129524,WR,MARYLAND,2,52.4,0,215,65.9,,61.3,0,0,0,0.0,0.0,,0,0,0,11,0,0,0,21,0,10,0,0,11,0
Karter Johnson,155967,T,MIDDLE TN,1,100.0,0,224,53.7,67.8,53.0,0,0,1,100.0,100.0,100.0,0,0,0,11,0,0,11,11,1,1,0,0,10,0
Tommy Spencer,131754,T,OREGON ST,5,84.6,0,265,68.8,,48.6,0,0,0,0.0,0.0,,0,0,0,11,0,0,0,13,0,2,0,0,11,13
Dan Villari,129602,QB,MICHIGAN,4,45.8,0,222,64.4,,60.0,0,0,0,0.0,0.0,,0,0,0,11,0,0,0,24,0,3,0,0,11,0
Ty Furnish,151082,G,VIRGINIA,2,100.0,0,335,71.1,70.4,68.8,0,0,1,100.0,100.0,100.0,0,0,0,11,11,0,0,11,1,1,0,0,10,0
Ronnie Bell,84288,WR,MICHIGAN,1,55.0,0,222,87.6,,79.7,0,0,0,0.0,0.0,,1,0,0,11,0,0,0,20,0,9,0,0,11,0
Shaadie Clayton-Johnson,131674,HB,COLORADO,4,26.2,0,143,63.5,19.0,59.9,0,2,5,33.3,31.3,80.0,0,2,0,11,0,0,0,42,5,16,0,0,6,0
Anthony Russo,40108,QB,MICH STATE,2,47.8,0,223,39.5,,60.0,0,0,0,0.0,0.0,,0,0,0,11,0,0,0,23,0,9,0,0,11,0
Jayden Thomas,147485,WR,NOTRE DAME,3,78.6,0,258,57.5,,61.1,0,0,0,0.0,0.0,,0,0,0,11,0,0,0,14,0,3,0,0,11,0
Devin Voisin,97427,WR,S ALABAMA,3,78.6,0,288,56.9,,61.1,0,0,0,0.0,0.0,,0,0,0,11,0,0,0,14,0,3,0,0,11,0
Nigel Fitzgerald,84358,WR,DOMINION,1,68.8,0,263,58.1,,62.1,0,0,0,0.0,0.0,,0,0,0,11,0,0,0,16,0,5,0,0,11,0
Courtney Reese,101297,HB,UNLV,12,16.4,0,325,62.2,0.0,58.7,0,0,1,2.6,2.3,0.0,0,1,1,11,0,0,0,67,1,43,0,0,10,0
Terrence Williams,147144,HB,LA LAFAYET,6,28.2,0,207,63.9,70.8,60.2,0,0,1,4.8,4.8,100.0,0,0,0,11,0,0,0,39,1,21,0,0,10,0
Avante Burnham,147181,C,LA MONROE,2,100.0,0,209,54.7,34.3,60.0,0,1,8,100.0,100.0,81.2,0,2,1,11,0,0,8,11,8,8,0,3,3,0
Jacob Edwards,56342,G,CLEMSON,2,100.0,0,140,55.5,75.3,53.5,0,0,5,100.0,100.0,100.0,0,0,0,11,0,0,0,11,5,5,11,0,6,0
Derik LeCaptain,101506,HB,MINNESOTA,6,55.0,0,225,61.7,29.9,49.9,0,2,7,53.8,53.8,85.7,0,2,0,11,0,0,0,20,7,13,0,0,4,0
Sheldon Jones,84492,WR,UTSA,4,55.0,0,331,56.2,,60.9,0,0,0,0.0,0.0,,0,0,0,11,0,0,0,20,0,9,0,0,11,0
James Ohonba,84521,G,MICH STATE,4,100.0,0,223,62.5,67.3,61.9,0,0,1,100.0,100.0,100.0,0,0,0,11,0,6,0,11,1,1,4,0,10,0
Eli Richey,145458,T,UAB,3,100.0,0,321,56.8,67.3,56.3,0,0,1,100.0,100.0,100.0,0,0,0,11,0,11,0,11,1,1,0,0,10,0
Luke Lapeze,145517,C,UTSA,1,100.0,0,331,50.6,23.9,53.2,0,0,5,100.0,100.0,100.0,0,0,0,11,0,0,0,11,5,5,11,0,6,0
Ethan Wright,123587,HB,CINCINNATI,7,17.5,0,138,75.3,77.3,66.3,0,0,5,17.9,17.9,100.0,0,0,0,11,0,0,0,63,5,28,0,0,6,0
Matthew McDuffie,101034,G,USF,1,100.0,0,327,57.5,69.8,56.9,0,0,0,,100.0,,0,0,0,10,0,10,0,10,1,1,0,0,9,0
Gerick Robinson,146025,WR,COLO STATE,1,76.9,0,144,58.4,,56.8,0,0,0,0.0,0.0,,0,0,0,10,0,0,0,13,0,3,0,0,10,0
Clayton Barbour,122955,WR,OKLA STATE,2,83.3,0,262,72.5,,59.0,0,0,0,0.0,0.0,,0,0,0,10,0,0,0,12,0,2,0,0,10,0
T.J. Hammonds,41365,HB,ARKANSAS,3,50.0,0,111,37.6,,56.5,0,0,0,0.0,0.0,,0,0,0,10,0,0,0,20,0,9,0,0,10,0
William Parker,146938,C,TENNESSEE,2,100.0,0,307,45.6,13.2,49.9,0,1,3,100.0,100.0,83.3,0,1,0,10,0,0,0,10,3,3,0,10,7,0
Bailey Malovic,101041,G,E CAROLINA,1,100.0,0,156,54.4,31.4,58.6,0,1,6,100.0,100.0,91.7,0,1,0,10,0,0,0,10,6,6,0,10,4,0
Anderson Castle,122234,HB,APP STATE,9,13.3,0,108,82.7,76.6,60.0,0,0,6,26.1,29.2,100.0,0,0,0,10,0,0,0,75,7,24,0,0,3,0
Drew Martin,101103,TE,MEMPHIS,3,100.0,0,218,67.3,,66.3,0,0,0,,,,0,0,0,10,0,0,0,10,0,0,0,0,10,10
Colson Yankoff,83589,WR,UCLA,1,71.4,0,324,57.2,,60.2,0,0,0,0.0,0.0,,0,0,0,10,0,0,0,14,0,4,0,0,10,0
Jaewan Boyd,99610,WR,VA TECH,2,90.9,0,337,50.9,,42.8,0,0,0,0.0,0.0,,0,0,0,10,0,0,0,11,0,1,0,0,10,0
Will Rolapp,129594,WR,MICHIGAN,3,58.8,0,222,74.7,,56.6,0,0,0,0.0,0.0,,0,0,0,10,0,0,0,17,0,7,0,0,10,0
Miller Moss,70727,QB,USC,2,37.0,0,326,39.3,,60.0,0,0,0,0.0,0.0,,0,0,0,10,0,0,0,27,0,16,0,0,10,0
Coleon Smith,130480,G,E MICHIGAN,1,100.0,0,160,50.3,68.9,49.2,0,0,1,100.0,100.0,100.0,0,0,0,10,0,0,0,10,2,2,0,10,8,0
Trey Blount,61272,WR,DOMINION,3,58.8,0,263,45.6,,61.1,0,0,0,0.0,0.0,,0,0,0,10,0,0,0,17,0,7,0,0,10,0
Keshawn Wicks,97625,HB,DOMINION,5,21.3,0,263,66.2,16.7,60.2,1,0,3,13.6,13.6,83.3,0,1,0,10,0,0,0,47,3,22,0,0,7,0
Chris Parker,145725,WR,C MICHIGAN,3,62.5,0,134,55.6,,61.2,0,0,0,0.0,0.0,,0,0,0,10,0,0,0,16,0,6,0,0,10,0
Jaylan Jeffers,131714,T,OREGON,1,100.0,0,264,60.9,70.1,59.5,0,0,3,100.0,100.0,100.0,0,0,0,10,0,0,0,10,3,3,0,10,7,0
Jordan Houston,99592,HB,NC STATE,6,21.3,0,248,65.7,80.4,70.9,0,0,6,27.3,26.1,100.0,0,0,0,10,0,0,0,47,6,23,0,0,4,0
Andrew Jayne,122868,TE,NC STATE,3,100.0,0,248,76.7,,73.2,0,0,0,,,,0,0,0,10,0,0,0,10,0,0,0,0,10,10
Austin Robinson,97597,WR,MIAMI OH,4,66.7,0,221,55.3,,62.3,0,0,0,0.0,0.0,,0,0,0,10,0,0,0,15,0,5,0,0,10,0
Montrell Estell,56217,WR,TEXAS,2,100.0,0,311,60.5,,60.4,0,0,0,,,,0,0,0,10,0,0,0,10,0,0,0,0,10,0
Dalton Lins,81592,T,BOISE ST,1,100.0,0,120,58.9,71.6,58.1,0,0,2,100.0,100.0,100.0,0,0,0,10,10,0,0,10,2,2,0,0,8,0
Lonyatta Alexander Jr.,146268,WR,ARIZONA ST,1,100.0,0,110,57.8,,55.2,0,0,0,,,,0,0,0,10,0,0,0,10,0,0,0,0,10,0
Karate Brenson,126530,WR,BALL ST,3,27.8,0,117,55.8,,54.1,0,0,0,0.0,0.0,,0,0,0,10,0,0,0,36,0,26,0,0,10,0
Jakob James,52540,C,OHIO STATE,2,100.0,0,260,54.3,75.9,53.3,0,0,3,100.0,100.0,100.0,0,0,0,10,2,8,0,10,3,3,0,0,7,0
Kyle Trombley,101242,G,S DIEGO ST,1,100.0,0,284,58.4,70.6,57.8,0,0,1,100.0,100.0,100.0,0,0,0,10,0,10,0,10,1,1,0,0,9,0
Dallas Holliday,81595,T,BOISE ST,1,100.0,0,120,55.8,,55.7,0,0,0,,,,0,0,0,10,0,0,10,10,0,0,0,0,10,0
Caleb Johnson,145317,WR,N TEXAS,1,90.9,0,251,58.8,,61.0,0,0,0,0.0,0.0,,0,0,0,10,0,0,0,11,0,1,0,0,10,0
R.J. Perry,124292,T,TENNESSEE,2,100.0,0,307,51.8,47.7,51.9,0,1,3,100.0,100.0,83.3,0,1,0,10,0,0,10,10,3,3,0,0,7,0
Trey Blair,125318,HB,TEMPLE,3,38.5,0,306,57.5,0.0,60.0,0,3,8,47.1,47.1,68.7,0,4,1,10,0,0,0,26,8,17,0,0,2,0
Dean Patterson,145224,WR,FIU,3,45.5,0,166,77.6,,61.1,0,0,0,0.0,0.0,,0,0,0,10,0,0,0,22,0,12,0,0,10,0
Avery Boyd,122469,WR,GA TECH,3,62.5,0,176,67.4,,60.1,0,0,0,0.0,0.0,,0,0,0,10,0,0,0,16,0,6,0,0,10,0
Luke Bolger,52401,HB,MIDDLE TN,2,100.0,0,224,48.2,,45.1,0,0,0,,,,0,0,0,10,0,0,0,10,0,0,0,0,10,5
Hunter Welcing,129738,TE,NWESTERN,4,100.0,0,256,69.3,66.3,67.3,0,0,2,100.0,100.0,100.0,0,0,0,10,0,0,0,10,2,2,0,0,8,10
Greg Desrosiers Jr.,158759,HB,LOUISVILLE,3,58.8,0,210,55.4,,59.8,0,0,0,0.0,0.0,,0,0,0,10,0,0,0,17,0,7,0,0,10,0
Dimitri Douglas,81728,T,E MICHIGAN,1,100.0,0,160,61.4,73.1,60.2,0,0,4,100.0,100.0,100.0,0,0,0,10,0,10,0,10,4,4,0,0,6,0
Zavier Leonard,146164,T,S DIEGO ST,1,100.0,0,284,51.0,72.0,48.5,0,0,3,100.0,100.0,100.0,0,0,0,10,0,0,10,10,3,3,0,0,7,0
William Racely,100257,G,E MICHIGAN,1,100.0,0,160,68.0,70.6,67.2,0,0,1,100.0,100.0,100.0,0,0,0,10,0,10,0,10,2,2,0,0,8,0
Sebastian Hernandez,128301,G,S DIEGO ST,1,100.0,0,284,59.9,71.9,58.9,0,0,3,100.0,100.0,100.0,0,0,0,10,0,10,0,10,3,3,0,0,7,0
Riley Simonds,98793,G,FLORIDA,2,100.0,0,163,64.2,0.0,68.4,0,1,2,100.0,100.0,75.0,0,1,0,10,0,7,0,10,2,2,3,0,8,0
Juma Otoviano,75903,HB,RICE,3,20.8,0,275,55.9,50.7,60.0,0,1,9,21.4,20.9,94.4,0,1,0,10,0,0,0,48,9,43,0,0,1,1
Derek Green,77646,QB,SMU,2,58.8,0,287,30.3,,60.0,0,0,0,0.0,0.0,,0,0,0,10,0,0,0,17,0,6,0,0,10,0
Chubba Purdy,122412,QB,FLORIDA ST,1,58.8,0,167,84.8,,60.0,0,0,0,0.0,0.0,,0,0,0,10,0,0,0,17,0,6,0,0,10,0
Ross Ulugalu-Maseuli,146155,G,S DIEGO ST,1,100.0,0,284,51.1,71.9,49.9,0,0,3,100.0,100.0,100.0,0,0,0,10,0,0,0,10,3,3,10,0,7,0
Brody Carper,77279,G,MIAMI OH,1,100.0,0,221,55.7,,64.8,0,0,0,,,,1,0,0,10,0,10,0,10,0,0,0,0,10,0
Jaylon Armstead,128290,HB,S DIEGO ST,5,24.4,0,284,71.2,72.7,66.9,0,0,1,14.3,12.5,100.0,0,0,0,10,0,0,0,41,1,8,0,0,9,0
Ryan Rizk,77630,QB,MIAMI FL,2,76.9,0,220,60.2,,60.0,0,0,0,0.0,0.0,,0,0,0,10,0,0,0,13,0,2,0,0,10,0
Kyle Arnoldi,130643,C,W MICHIGAN,2,100.0,0,347,54.6,,55.2,0,0,0,,,,0,0,0,10,10,0,0,10,0,0,0,0,10,0
Marcus Pierce Jr.,124293,HB,TENNESSEE,6,20.4,0,307,77.3,79.5,60.0,0,0,7,53.8,53.8,100.0,0,0,0,10,0,0,0,49,7,13,0,0,3,0
Jahmir Smith,83731,HB,APP STATE,5,30.3,0,108,71.6,43.2,60.0,0,0,6,54.5,61.5,83.3,0,1,1,10,0,0,0,33,8,13,0,0,2,0
Kahlil Brantley,143935,TE,MIAMI FL,1,83.3,0,220,52.8,,46.3,0,0,0,0.0,0.0,,0,0,0,10,0,0,0,12,0,2,0,0,10,0
JoJo Dorceus,56701,ED,TULANE,4,100.0,0,319,69.8,69.6,71.7,0,0,1,100.0,100.0,100.0,2,0,0,10,0,0,0,10,1,1,0,0,9,0
Bryson Estes,143878,G,FLORIDA ST,1,100.0,0,167,64.5,69.2,63.9,0,0,2,100.0,100.0,100.0,0,0,0,10,0,0,0,10,2,2,10,0,8,0
Zac Larrier,104193,QB,AIR FORCE,5,43.5,0,101,78.4,,60.0,0,0,0,,,,0,0,0,10,0,0,0,23,0,0,0,0,10,0
Austyn Chestnut,61509,WR,APP STATE,3,90.9,0,108,42.4,,57.2,0,0,0,0.0,0.0,,0,0,0,10,0,0,0,11,0,1,0,0,10,0
Tsion Nunnally,146509,WR,WASH STATE,4,58.8,0,341,55.9,,61.3,0,0,0,0.0,0.0,,0,0,0,10,0,0,0,17,0,7,0,0,10,0
Zack Conti,100242,G,E MICHIGAN,1,100.0,0,160,58.8,70.6,58.1,0,0,1,100.0,100.0,100.0,0,0,0,10,0,0,0,10,2,2,10,0,8,0
Brock Annexstad,55244,WR,MINNESOTA,5,83.3,0,225,66.7,,55.5,0,0,0,0.0,0.0,,0,0,0,10,0,0,0,12,0,1,0,0,10,0
Hunter Salmon,142543,G,UMASS,2,100.0,0,216,68.9,77.9,67.9,0,0,4,100.0,100.0,100.0,0,0,0,10,0,8,2,10,6,6,0,0,4,0
Larry Wooden,55808,HB,UAB,10,27.0,0,321,66.9,74.6,66.6,0,0,2,25.0,20.0,100.0,0,0,0,10,0,0,0,37,2,10,0,0,8,0
Troy Stellato,144139,WR,CLEMSON,2,45.5,0,140,62.6,,62.0,0,0,0,0.0,0.0,,0,0,0,10,0,0,0,22,0,12,0,0,10,0
Todd Justice,97863,TE,S ALABAMA,4,83.3,0,288,54.5,,81.3,0,0,0,0.0,0.0,,0,0,0,10,0,0,0,12,0,2,0,0,10,7
Isaiah Jacobs,129518,HB,MARYLAND,5,12.7,0,215,76.0,79.2,57.4,0,0,3,7.3,10.9,100.0,1,0,0,10,0,0,0,79,5,46,0,0,5,0
William Haskell,146153,QB,S DIEGO ST,3,41.7,0,284,71.2,,60.0,0,0,0,0.0,0.0,,0,0,0,10,0,0,0,24,0,9,0,0,10,0
Brady Wilson,121508,C,UAB,3,100.0,0,321,72.7,67.6,70.1,0,0,1,100.0,100.0,100.0,0,0,0,10,9,0,0,10,1,1,0,0,9,1
Walter Dawn Jr.,39921,WR,UTEP,2,32.3,0,330,59.1,,55.5,0,0,0,0.0,0.0,,0,0,0,10,0,0,0,31,0,21,0,0,10,0
Devin Chandler,129916,WR,WISCONSIN,3,90.9,0,349,58.4,,60.5,0,0,0,,0.0,,0,0,0,10,0,0,0,11,0,1,0,0,10,0
Kaylan Wiggins,55167,QB,FIU,2,43.5,0,166,56.1,,60.0,0,0,0,0.0,0.0,,0,0,0,10,0,0,0,23,0,8,0,0,10,0
Lukas Ungar,131785,TE,STANFORD,6,34.5,0,300,52.4,,58.5,0,0,0,0.0,0.0,,0,0,0,10,0,0,0,29,0,19,0,0,10,21
Finn Hogan,145726,WR,C MICHIGAN,3,66.7,0,134,59.9,,75.6,0,0,0,0.0,0.0,,0,0,0,10,0,0,0,15,0,5,0,0,10,0
Cameron Fleming,77736,HB,MEMPHIS,4,62.5,0,218,71.1,,70.8,0,0,0,0.0,0.0,,0,0,0,10,0,0,0,16,0,6,0,0,10,0
Jaylen Smith,145653,WR,BOWL GREEN,3,81.8,0,122,55.0,,82.6,0,0,0,0.0,0.0,,1,0,0,9,0,0,0,11,0,2,0,0,9,0
Matthew Smith,84513,WR,W KENTUCKY,3,75.0,0,346,58.8,,60.9,0,0,0,0.0,0.0,,0,0,0,9,0,0,0,12,0,3,0,0,9,0
TJ Sullivan,84396,WR,S DIEGO ST,5,50.0,0,284,64.5,,58.9,0,0,0,0.0,0.0,,0,0,0,9,0,0,0,18,0,9,0,0,9,0
Henry Fessler,84377,WR,PENN STATE,1,100.0,0,266,61.0,,61.6,0,0,0,,,,0,0,0,9,0,0,0,9,0,0,0,0,9,0
Cornell Hendrick Jr.,84359,WR,DOMINION,1,90.0,0,263,59.1,,61.7,0,0,0,0.0,0.0,,0,0,0,9,0,0,0,10,0,1,0,0,9,0
Donovan Carter,97647,G,NEVADA,1,100.0,0,239,56.1,76.2,54.4,0,0,4,100.0,100.0,100.0,0,0,0,9,9,0,0,9,4,4,0,0,5,0
Nick Manson,97778,WR,MIAMI OH,1,90.0,0,221,59.0,,61.3,0,0,0,,0.0,,0,0,0,9,0,0,0,10,0,1,0,0,9,0
Joshua Black,97843,G,LOUISVILLE,1,100.0,0,210,79.2,,78.2,0,0,0,,,,0,0,0,9,0,0,0,9,0,0,9,0,9,0
Preston Bacon,97869,WR,NWESTERN,3,81.8,0,256,58.3,,61.9,0,0,0,0.0,0.0,,0,0,0,9,0,0,0,11,0,2,0,0,9,0
Hayden Junker,98109,TE,KENT STATE,5,81.8,0,201,77.0,,51.9,0,0,0,0.0,0.0,,0,0,0,9,0,0,0,11,0,2,0,0,9,4
WIll Knutsson,81797,G,PENN STATE,1,100.0,0,266,54.0,,53.9,0,0,0,,,,0,0,0,9,0,3,0,9,0,0,6,0,9,0
Wyatt Blake,81771,G,NWESTERN,2,100.0,0,256,73.6,,72.7,0,0,0,,,,0,0,0,9,0,0,0,9,0,0,9,0,9,0
Evan Gregory,81718,G,MARYLAND,2,100.0,0,215,83.9,72.9,83.0,0,0,2,100.0,100.0,100.0,0,0,0,9,0,9,0,9,2,2,0,0,7,0
Marcus Hicks,99331,T,OKLAHOMA,1,100.0,0,261,62.7,75.7,59.9,0,0,5,100.0,100.0,100.0,0,0,0,9,0,0,0,9,5,5,0,9,4,0
Jaylen Ellis,99563,WR,BAYLOR,2,75.0,0,118,63.5,,74.3,0,0,0,0.0,0.0,,0,0,0,9,0,0,0,12,0,3,0,0,9,0
Hampton Earle,99604,WR,CLEMSON,2,69.2,0,140,69.2,,60.5,0,0,0,0.0,0.0,,0,0,0,9,0,0,0,13,0,4,0,0,9,0
Ty Eller,99625,TE,VA TECH,3,81.8,0,337,54.5,,54.1,0,0,0,0.0,0.0,,0,0,0,9,0,0,0,11,0,2,0,0,9,7
Anthony Red,99645,G,SYRACUSE,2,100.0,0,304,47.3,66.9,59.0,0,0,1,100.0,100.0,100.0,1,0,0,9,0,0,9,9,1,1,0,0,8,0
Tye Herbstreit,99706,WR,CLEMSON,3,81.8,0,140,57.4,,60.8,0,0,0,0.0,0.0,,0,0,0,9,0,0,0,11,0,2,0,0,9,0
Marquez Ezzard,78017,WR,GA TECH,1,52.9,0,176,55.1,,60.8,0,0,0,0.0,0.0,,0,0,0,9,0,0,0,17,0,8,0,0,9,0
Christoph Henle,77914,TE,BAYLOR,1,100.0,0,118,77.1,,73.6,0,0,0,,,,0,0,0,9,0,0,0,9,0,0,0,0,9,9
Lorenzo Lingard,77779,HB,FLORIDA,4,30.0,0,163,62.7,71.7,57.8,0,0,2,16.7,16.7,100.0,0,0,0,9,0,0,0,30,2,12,0,0,7,0
Lyn-J Dixon,77712,HB,CLEMSON,3,24.3,0,140,66.8,7.6,59.6,0,2,6,26.1,28.0,83.3,0,2,0,9,0,0,0,37,7,25,0,0,2,0
Quadry Jones,77640,QB,UCF,1,81.8,0,323,79.9,,60.0,0,0,0,0.0,0.0,,0,0,0,9,0,0,0,11,0,1,0,0,9,0
Blake Zalar,101554,G,PENN STATE,1,100.0,0,266,60.3,,60.0,0,0,0,,,,0,0,0,9,9,0,0,9,0,0,0,0,9,0
Kaleb Konigus,101556,G,PENN STATE,1,100.0,0,266,58.0,,57.7,0,0,0,,,,0,0,0,9,0,6,3,9,0,0,0,0,9,0
Zach Ross,77473,G,IOWA STATE,2,100.0,0,193,70.5,66.7,69.7,0,0,1,100.0,100.0,100.0,0,0,0,9,0,3,0,9,1,1,6,0,8,0
Darrell Simpson,77444,T,OKLAHOMA,1,100.0,0,261,60.7,76.2,59.0,0,0,5,100.0,100.0,100.0,0,0,0,9,0,0,0,9,5,5,9,0,4,0
Leon Franklin,101639,HB,MICHIGAN,7,34.6,0,222,77.5,73.9,56.3,0,0,2,25.0,22.2,100.0,0,0,0,9,0,0,0,26,2,9,0,0,7,0
Jostein Clarke,102516,WR,UTEP,3,47.4,0,330,54.2,,60.7,0,0,0,0.0,0.0,,0,0,0,9,0,0,0,19,0,10,0,0,9,0
Milan Tucker,102655,CB,APP STATE,3,64.3,0,108,68.4,,60.4,0,0,0,0.0,0.0,,1,0,0,9,0,0,0,14,0,5,0,0,9,0
Tommy Christ,76995,T,VIRGINIA,1,100.0,0,335,59.4,71.0,58.2,0,0,1,100.0,100.0,100.0,0,0,0,9,0,3,0,9,1,1,0,6,8,0
Michael Hegewald,109410,TE,C MICHIGAN,2,90.0,0,134,64.2,,64.3,0,0,0,0.0,0.0,,0,0,0,9,0,0,0,10,0,1,0,0,9,9
Trey Turner,76951,T,WAKE,2,100.0,0,339,66.5,67.0,66.0,0,0,1,100.0,100.0,100.0,0,0,0,9,0,9,0,9,1,1,0,0,8,0
Nate Hope II,110014,HB,COAST CAR,2,69.2,0,141,57.5,,55.1,0,0,0,0.0,0.0,,0,0,0,9,0,0,0,13,0,1,0,0,9,0
Terence Loville,73749,WR,S JOSE ST,5,37.5,0,285,45.7,,56.0,0,0,0,0.0,0.0,,0,0,0,9,0,0,0,24,0,15,0,0,9,0
Kobe Baynes,122692,G,LOUISVILLE,1,100.0,0,210,57.2,,56.9,0,0,0,,,,0,0,0,9,0,0,0,9,0,0,0,9,9,0
Justin Weller,61593,WR,PENN STATE,1,100.0,0,266,61.1,,61.7,0,0,0,,,,0,0,0,9,0,0,0,9,0,0,0,0,9,0
Dennis Robinson,61540,WR,TEXAS ST,3,52.9,0,314,45.9,,61.8,0,0,0,0.0,0.0,,0,0,0,9,0,0,0,17,0,8,0,0,9,0
Charlie Gordinier,123538,TE,BOSTON COL,3,56.3,0,121,59.9,66.9,66.7,0,0,1,14.3,12.5,100.0,0,0,0,9,0,0,0,16,1,8,0,0,8,14
Major Tennison,60837,TE,ALABAMA,1,60.0,0,103,63.1,,71.2,0,0,0,0.0,0.0,,0,0,0,9,0,0,0,15,0,6,0,0,9,13
Ahmon Green,123857,TE,GA STATE,2,75.0,0,175,62.5,,64.9,0,0,0,0.0,0.0,,0,0,0,9,0,0,0,12,0,3,0,0,9,10
Harper Cole,123951,WR,ARKANSAS,2,81.8,0,111,58.6,,60.6,0,0,0,0.0,0.0,,0,0,0,9,0,0,0,11,0,2,0,0,9,0
JJ Pegues,123998,DI,AUBURN,6,100.0,0,115,62.8,60.5,62.2,0,0,1,100.0,100.0,100.0,0,0,0,9,0,0,0,9,1,1,0,0,8,7
Braxton Hicks,124023,WR,GEORGIA,2,69.2,0,173,55.2,,55.6,0,0,0,0.0,0.0,,0,0,0,9,0,0,0,13,0,4,0,0,9,0
Harrison Bailey,124266,QB,TENNESSEE,1,42.9,0,307,69.7,,60.0,0,0,0,0.0,0.0,,0,0,0,9,0,0,0,21,0,11,0,0,9,0
Sam Garvin,59743,C,PURDUE,2,100.0,0,273,60.0,70.0,59.4,0,0,2,100.0,100.0,100.0,0,0,0,9,9,0,0,9,2,2,0,0,7,0
Sam Olson,128333,TE,S JOSE ST,2,26.5,0,285,67.8,68.1,55.6,0,0,2,7.7,7.4,100.0,0,0,0,9,0,0,0,34,2,27,0,0,7,14
Randy Holtz,129444,G,INDIANA,1,100.0,0,190,67.0,,66.4,0,0,0,,,,0,0,0,9,0,0,0,9,0,0,9,0,9,0
Cameron Knight,129446,G,INDIANA,1,100.0,0,190,67.2,,66.5,0,0,0,,,,0,0,0,9,0,0,0,9,0,0,0,9,9,0
Kamar Missouri,129890,T,RUTGERS,1,100.0,0,278,49.2,67.4,48.7,0,0,1,100.0,100.0,100.0,0,0,0,9,0,0,9,9,1,1,0,0,8,0
Kevin Dominique,57155,HB,LA TECH,4,31.0,0,208,64.9,79.0,47.5,0,0,7,41.2,41.2,100.0,0,0,0,9,0,0,0,29,7,17,0,0,2,0
Tommy Lorincz,130338,C,BALL ST,1,100.0,0,117,60.6,59.4,60.1,0,0,6,100.0,100.0,100.0,0,0,0,9,0,0,0,9,7,7,0,9,2,0
Aarion Harvey,130435,G,C MICHIGAN,1,100.0,0,134,57.1,76.2,66.2,0,0,2,100.0,100.0,100.0,1,0,0,9,0,7,0,9,2,2,2,0,7,0
Jensen Jones,133209,QB,AIR FORCE,1,64.3,0,101,80.7,,60.0,0,0,0,,,,0,0,0,9,0,0,0,14,0,0,0,0,9,0
Jakob Bradford,144039,G,SYRACUSE,2,100.0,0,304,53.7,65.5,52.9,0,0,1,100.0,100.0,100.0,0,0,0,9,0,0,0,9,1,1,0,9,8,0
Umari Hatcher,144048,WR,SYRACUSE,4,37.5,0,304,54.0,,60.2,0,0,0,0.0,0.0,,0,0,0,9,0,0,0,24,0,15,0,0,9,0
Josh Cameron,144513,WR,BAYLOR,3,90.0,0,118,50.5,,41.8,0,0,0,0.0,0.0,,0,0,0,9,0,0,0,10,0,1,0,0,9,0
Harrison Wallace III,145090,WR,PENN STATE,3,47.4,0,266,52.9,,55.2,0,0,0,0.0,0.0,,0,0,0,9,0,0,0,19,0,10,0,0,9,0
Ja'Quez Cross,145108,HB,PURDUE,2,25.0,0,273,53.6,48.5,59.7,0,1,4,20.0,20.0,87.5,0,1,0,9,0,0,0,36,4,20,0,0,5,0
Carson Bruno,145245,C,LA TECH,3,100.0,0,208,63.3,67.1,61.8,0,0,1,100.0,100.0,100.0,0,0,0,9,0,0,3,9,1,1,0,0,8,6
Caleb Spurlin,44410,DI,APP STATE,7,75.0,0,108,69.1,67.7,60.2,0,0,1,25.0,25.0,100.0,1,0,0,9,0,0,0,12,1,4,0,0,8,0
Eddie Lee Marburger,145511,QB,UTSA,2,45.0,0,331,63.3,,60.0,0,0,0,0.0,0.0,,0,0,0,9,0,0,0,20,0,8,0,0,9,0
Caden Dewald,145718,T,C MICHIGAN,1,100.0,0,134,64.6,73.4,63.2,0,0,2,100.0,100.0,100.0,0,0,0,9,9,0,0,9,2,2,0,0,7,0
Dalen Stovall,145907,WR,TOLEDO,1,69.2,0,316,55.8,,60.7,0,0,0,0.0,0.0,,0,0,0,9,0,0,0,13,0,4,0,0,9,0
Landen King,146664,TE,AUBURN,8,25.7,0,115,77.6,,87.2,0,0,0,0.0,0.0,,0,0,0,9,0,0,0,35,0,26,0,0,9,4
Brock Vandagriff,146713,QB,GEORGIA,2,90.0,0,173,40.7,,60.0,0,0,0,0.0,0.0,,0,0,0,9,0,0,0,10,0,1,0,0,9,0
B.J. Harris,146874,HB,MISSOURI,6,18.8,0,229,66.9,13.2,58.7,0,0,2,10.5,10.5,100.0,0,0,0,9,0,0,0,48,2,19,0,0,7,0
Ryan Keating,156003,C,AIR FORCE,1,100.0,0,101,62.5,,61.9,0,0,0,,,,0,0,0,9,9,0,0,9,0,0,0,0,9,0
Jamious Griffin,97189,HB,GA TECH,4,38.1,0,176,48.7,64.3,45.8,0,0,1,14.3,14.3,100.0,0,0,0,8,0,0,0,21,1,7,0,0,7,1
Riley Nowakowski,129928,FB,WISCONSIN,2,100.0,0,349,70.8,,72.8,0,0,0,,,,0,0,0,8,0,0,0,8,0,0,0,0,8,1
Henry Wilson Jr.,145948,WR,W MICHIGAN,2,80.0,0,347,72.2,,54.1,0,0,0,0.0,0.0,,0,0,0,8,0,0,0,10,0,2,0,0,8,0
Caqavouis Berryhill,101129,WR,USF,2,88.9,0,327,57.9,,56.8,0,0,0,,0.0,,1,0,0,8,0,0,0,9,0,1,0,0,8,0
Wyatt Campbell,81840,T,S CAROLINA,1,100.0,0,289,57.1,66.6,56.8,0,0,1,100.0,100.0,100.0,0,0,0,8,0,0,0,8,1,1,8,0,7,0
Junior Uzebu,77471,T,VANDERBILT,2,100.0,0,333,70.5,75.9,69.5,0,0,3,100.0,100.0,100.0,0,0,0,8,0,0,0,8,3,3,0,7,5,0
Tyree O'Neil,130416,WR,BUFFALO,1,100.0,0,126,69.2,,79.2,0,0,0,,,,0,0,0,8,0,0,0,8,0,0,0,0,8,0
Fernando Carmona,146185,T,S JOSE ST,1,100.0,0,285,65.9,70.3,65.3,0,0,2,100.0,100.0,100.0,0,0,0,8,0,0,8,8,2,2,0,0,6,0
Brody Dalton,145465,TE,UAB,2,88.9,0,321,65.5,,66.9,0,0,0,0.0,0.0,,0,0,0,8,0,0,0,9,0,1,0,0,8,8
Elijah Young,124223,HB,MISSOURI,9,8.8,0,229,72.6,6.3,58.0,1,1,2,4.2,6.1,50.0,0,2,0,8,0,0,0,91,3,49,0,0,5,1
Kadinn Morris,145931,TE,W MICHIGAN,2,100.0,0,347,61.5,,61.0,0,0,0,,,,0,0,0,8,0,0,0,8,0,0,0,0,8,8
Joseph Solomon,123234,T,TULANE,1,100.0,0,319,50.4,,50.3,0,0,0,,,,0,0,0,8,0,0,8,8,0,0,0,0,8,0
George Hart III,146269,HB,ARIZONA ST,4,30.8,0,110,57.1,51.1,60.0,0,1,3,27.3,27.3,83.3,0,1,0,8,0,0,0,26,3,11,0,0,5,0
Fred Farrier II,145441,WR,UAB,2,100.0,0,321,60.8,,61.3,0,0,0,,,,0,0,0,8,0,0,0,8,0,0,0,0,8,0
Ja'Quinden Jackson,123119,QB,UTAH,3,57.1,0,328,67.2,,60.0,0,0,0,,,,0,0,0,8,0,0,0,14,0,0,0,0,8,0
Wyatt Bowles,81896,G,UTAH ST,2,100.0,0,329,76.0,,76.4,0,0,0,,,,0,0,0,8,0,0,0,8,0,0,0,7,8,0
Griffin Little,130374,TE,BOWL GREEN,2,61.5,0,122,63.0,,66.5,0,0,0,0.0,0.0,,0,0,0,8,0,0,0,13,0,5,0,0,8,12
Nick Ragano,144202,WR,WAKE,3,100.0,0,339,57.6,,54.7,0,0,0,,,,0,0,0,8,0,0,0,8,0,0,0,0,8,0
LaBronz Davis,100202,QB,BOWL GREEN,1,100.0,0,122,60.0,,60.0,0,0,0,,,,0,0,0,8,0,0,0,8,0,0,0,0,8,0
Elijah Metcalf,145307,WR,MIDDLE TN,4,22.9,0,224,63.6,,60.6,0,0,0,0.0,0.0,,0,0,0,8,0,0,0,35,0,27,0,0,8,0
Elijah Robinson,131507,FB,AIR FORCE,4,53.3,0,101,64.2,,60.3,0,0,0,,,,0,0,0,8,0,0,0,15,0,0,0,0,8,0
Matt Fortner,130362,C,BOWL GREEN,2,100.0,0,122,60.2,72.3,59.2,0,0,1,100.0,100.0,100.0,0,0,0,8,0,7,0,8,2,2,0,0,6,0
Ryan Linthicum,144122,C,CLEMSON,2,100.0,0,140,67.4,70.4,66.4,0,0,1,100.0,100.0,100.0,0,0,0,8,8,0,0,8,1,1,0,0,7,0
Willie Eldridge,122009,HB,UTEP,3,25.0,0,330,61.0,42.2,60.0,0,0,6,60.0,63.6,83.3,0,1,1,8,0,0,0,32,7,11,0,0,1,0
Jabez Tinae,146465,WR,WASHINGTON,1,53.3,0,340,53.6,,54.8,0,0,0,0.0,0.0,,0,0,0,8,0,0,0,15,0,7,0,0,8,0
Jaden Knowles,122933,HB,OKLAHOMA,2,44.4,0,261,82.8,74.2,59.1,0,0,4,44.4,40.0,100.0,0,0,0,8,0,0,0,18,4,10,0,0,4,0
Lucas Gramlick,81886,C,UCLA,2,100.0,0,324,61.1,,60.8,0,0,0,,,,0,0,0,8,0,0,8,8,0,0,0,0,8,0
Darren Edmond,84246,WR,KENTUCKY,1,88.9,0,202,59.2,,59.5,0,0,0,0.0,0.0,,0,0,0,8,0,0,0,9,0,1,0,0,8,0
Treylan Davis,144786,TE,W VIRGINIA,1,100.0,0,343,60.8,65.4,59.8,0,0,1,100.0,100.0,100.0,0,0,0,8,0,0,0,8,1,1,0,0,7,6
Gabe Simpson,99542,WR,OKLA STATE,2,88.9,0,262,58.7,,61.1,0,0,0,0.0,0.0,,0,0,0,8,0,0,0,9,0,1,0,0,8,0
Hamp Greene,99712,WR,CLEMSON,2,80.0,0,140,57.0,,60.7,0,0,0,0.0,0.0,,0,0,0,8,0,0,0,10,0,2,0,0,8,0
Stephon Dubose-Bourne,145357,T,DOMINION,1,100.0,0,263,62.2,,61.8,0,0,0,,,,0,0,0,8,0,0,0,8,0,0,8,0,8,0
Wesley Kommer,128235,HB,NEVADA,3,34.8,0,239,61.1,38.0,60.0,0,1,7,41.2,38.9,92.9,0,1,0,8,0,0,0,23,7,18,0,0,1,0
Trent Davis,143850,HB,DUKE,2,40.0,0,154,60.9,71.8,48.2,0,0,2,40.0,40.0,100.0,0,0,0,8,0,0,0,20,2,5,0,0,6,0
Talyn Hunter,145360,T,DOMINION,1,100.0,0,263,73.3,,72.7,0,0,0,,,,0,0,0,8,0,8,0,8,0,0,0,0,8,0
Cam McCormick,41982,TE,OREGON,2,80.0,0,264,77.7,67.9,57.7,0,0,2,50.0,50.0,100.0,0,0,0,8,0,0,0,10,2,4,0,0,6,9
Trey Leroux,129751,T,OHIO STATE,1,100.0,0,260,68.1,75.9,67.0,0,0,3,100.0,100.0,100.0,0,0,0,8,0,0,0,8,3,3,8,0,5,0
Akeem Hayes,84247,WR,ARK STATE,4,20.5,0,113,61.7,,60.5,0,0,0,0.0,0.0,,0,0,0,8,0,0,0,39,0,31,0,0,8,0
Bk Smith,61230,WR,W KENTUCKY,3,88.9,0,346,58.6,,60.8,0,0,0,0.0,0.0,,0,0,0,8,0,0,0,9,0,1,0,0,8,0
Lucious Stanley,57439,HB,UAB,12,12.3,0,321,67.7,75.7,55.7,0,0,4,18.2,17.4,100.0,0,0,0,8,0,0,0,65,4,23,0,0,4,0
Jamal Bell,84255,WR,LA LAFAYET,3,44.4,0,207,61.3,,55.3,0,0,0,0.0,0.0,,0,0,0,8,0,0,0,18,0,10,0,0,8,0
Devon Pauley,84257,WR,LA LAFAYET,5,22.2,0,207,46.7,,58.8,0,0,0,0.0,0.0,,0,0,0,8,0,0,0,36,0,28,0,0,8,1
Mike Mauai,101094,FB,NAVY,6,72.7,0,237,49.7,88.4,59.5,0,0,2,100.0,100.0,100.0,0,0,0,8,0,0,0,11,2,2,0,0,6,0
Jalen Mayden,83520,QB,S DIEGO ST,1,44.4,0,284,64.4,,60.0,0,0,0,0.0,0.0,,0,0,0,8,0,0,0,18,0,7,0,0,8,0
Sam Vidlak,146333,QB,OREGON ST,1,66.7,0,265,64.5,,60.0,0,0,0,0.0,0.0,,0,0,0,8,0,0,0,12,0,3,0,0,8,0
Delvin Attafah,102950,WR,UMASS,3,32.0,0,216,53.4,,61.0,0,0,0,0.0,0.0,,0,0,0,8,0,0,0,25,0,17,0,0,8,0
Isaiah Davis,123307,WR,UTSA,3,53.3,0,331,56.8,,61.1,0,0,0,0.0,0.0,,0,0,0,8,0,0,0,15,0,7,0,0,8,0
Jaden Warren,98300,WR,TROY,4,61.5,0,318,57.4,,60.3,0,0,0,0.0,0.0,,0,0,0,8,0,0,0,13,0,5,0,0,8,0
Koby Duru,91441,WR,S DIEGO ST,2,88.9,0,284,69.2,,84.2,0,0,0,0.0,0.0,,0,0,0,8,0,0,0,9,0,1,0,0,8,0
Luke Buckman,84001,TE,MICHIGAN,1,100.0,0,222,49.6,,48.0,0,0,0,,,,0,0,0,8,0,0,0,8,0,0,0,0,8,6
Austin Burton,60577,QB,PURDUE,7,27.6,0,273,54.8,,60.0,0,0,0,0.0,0.0,,1,0,0,8,0,0,0,29,0,11,0,0,8,0
Justin Brown,84287,TE,MARYLAND,2,100.0,0,215,62.0,,61.3,0,0,0,,,,0,0,0,8,0,0,0,8,0,0,0,0,8,8
Alec Palella,145729,TE,C MICHIGAN,4,57.1,0,134,54.3,65.4,57.7,0,0,1,14.3,14.3,100.0,0,0,0,8,0,0,0,14,1,7,0,0,7,12
Jordan Donald,81618,C,COAST CAR,1,100.0,0,141,56.7,71.5,56.2,0,0,2,100.0,100.0,100.0,0,0,0,8,8,0,0,8,2,2,0,0,6,0
Joshua Jynes,81619,C,COLORADO,2,100.0,0,143,75.1,,74.6,0,0,0,,,,0,0,0,8,0,6,2,8,0,0,0,0,8,0
Braden Doyle,145699,T,C MICHIGAN,2,100.0,0,134,62.1,76.2,60.9,0,0,2,100.0,100.0,100.0,0,0,0,8,0,0,0,8,2,2,7,0,6,0
Jackson West,143900,TE,FLORIDA ST,1,80.0,0,167,54.7,67.9,55.8,0,0,1,33.3,33.3,100.0,0,0,0,8,0,0,0,10,1,3,0,0,7,4
Joshua Edwards,121518,HB,ARK STATE,2,66.7,0,113,61.8,39.1,75.1,0,1,2,50.0,50.0,75.0,0,1,0,8,0,0,0,12,2,4,0,0,6,0
Kevo Wesley,124364,G,VANDERBILT,1,100.0,0,333,61.0,75.6,59.5,0,0,4,100.0,100.0,100.0,0,0,0,8,8,0,0,8,4,4,0,0,4,0
Mike Washington Jr.,145672,HB,BUFFALO,3,21.6,0,126,76.2,77.3,59.3,0,0,4,44.4,40.0,100.0,0,0,0,8,0,0,0,37,4,10,0,0,4,0
Xavier Black,100811,G,DOMINION,1,100.0,0,263,65.4,,64.6,0,0,0,,,,0,0,0,8,8,0,0,8,0,0,0,0,8,0
Nikolai Bujnowski,123344,G,VA TECH,2,100.0,0,337,58.6,,58.5,0,0,0,,,,0,0,0,8,8,0,0,8,0,0,0,0,8,0
Trey Ross,83929,TE,APP STATE,2,100.0,0,108,63.3,,63.8,0,0,0,,,,0,0,0,8,0,0,0,8,0,0,0,0,8,3
Nasir Montgomery,129892,WR,RUTGERS,2,72.7,0,278,56.5,,60.6,0,0,0,0.0,0.0,,0,0,0,8,0,0,0,11,0,3,0,0,8,0
Connor McBride,82527,TE,S DIEGO ST,2,100.0,0,284,59.8,,59.3,0,0,0,,,,0,0,0,8,0,0,0,8,0,0,0,0,8,8
Josh Lifson,66194,TE,LOUISVILLE,4,66.7,0,210,72.6,,63.0,0,0,0,0.0,0.0,,0,0,0,8,0,0,0,12,0,4,0,0,8,3
Adam Derry,98049,T,MIDDLE TN,1,100.0,0,224,64.6,67.3,64.1,0,0,0,,100.0,,0,0,0,8,0,0,0,8,1,1,8,0,7,0
Daniel Taylor,76679,TE,NAVY,6,88.9,0,237,58.7,63.8,57.2,0,0,1,50.0,50.0,100.0,0,0,0,8,0,0,0,9,1,2,0,0,7,1
Jacob Mathis,39891,TE,LA MONROE,1,100.0,0,209,55.5,,55.9,0,0,0,,,,0,0,0,8,0,0,0,8,0,0,0,0,8,8
Ryan Jacoby,98405,G,PITTSBURGH,4,100.0,0,268,68.8,71.3,68.6,0,0,1,100.0,100.0,100.0,0,0,0,8,0,7,0,8,1,1,0,0,7,1
Valentin Senn,100533,C,UCONN,5,80.0,0,146,44.8,,47.3,0,0,0,0.0,0.0,,0,0,0,8,0,1,0,10,0,2,0,0,8,9
Austin Nix,97841,G,ARKANSAS,3,100.0,0,111,59.3,88.7,57.8,0,0,3,100.0,100.0,100.0,0,0,0,8,0,0,0,8,3,3,6,0,5,0
Shea Whiting,101336,WR,BOISE ST,2,100.0,0,120,52.3,,43.0,0,0,0,,,,1,0,0,8,0,0,0,8,0,0,0,0,8,0
Chance McDonald,145529,QB,W KENTUCKY,2,61.5,0,346,55.5,,60.0,0,0,0,0.0,0.0,,0,0,0,8,0,0,0,13,0,5,0,0,8,0
Khyheem Waleed,101335,WR,ARK STATE,3,21.1,0,113,51.9,,61.8,0,0,0,0.0,0.0,,0,0,0,8,0,0,0,38,0,30,0,0,8,0
Marcus Finger,101551,T,MARYLAND,1,100.0,0,215,60.9,68.1,60.1,0,0,1,100.0,100.0,100.0,0,0,0,8,0,5,1,8,1,1,0,2,7,0
Griffin Brewster,130487,QB,KENT STATE,1,100.0,0,201,60.0,,60.0,0,0,0,,,,0,0,0,8,0,0,0,8,0,0,0,0,8,0
Hayden Shook,144436,G,TULANE,1,100.0,0,319,50.5,,50.6,0,0,0,,,,0,0,0,8,0,0,0,8,0,0,8,0,8,0
JJ Guedet,101563,T,MINNESOTA,3,100.0,0,225,82.7,,81.7,0,0,0,,,,0,0,0,8,0,0,4,8,0,0,0,4,8,0
Peyton Matocha,98798,QB,MIAMI FL,2,72.7,0,220,73.3,,60.0,0,0,0,0.0,0.0,,0,0,0,8,0,0,0,11,0,1,0,0,8,0
Hutson Lillibridge,144425,G,TULANE,1,100.0,0,319,51.3,,51.4,0,0,0,,,,0,0,0,8,0,8,0,8,0,0,0,0,8,0
DaeDae Reynolds,146697,WR,FLORIDA,1,77.8,0,163,60.8,,60.6,0,0,0,0.0,0.0,,0,0,0,7,0,0,0,9,0,2,0,0,7,0
Joah Flores,146119,WR,NEW MEXICO,5,25.9,0,241,47.2,,55.2,0,0,0,0.0,0.0,,0,0,0,7,0,0,0,27,0,20,0,0,7,0
Jackson Kohal,156008,G,AIR FORCE,1,100.0,0,101,58.5,,58.3,0,0,0,,,,0,0,0,7,0,7,0,7,0,0,0,0,7,0
Darius De Los Reyes,128293,WR,S DIEGO ST,1,70.0,0,284,73.3,,61.3,0,0,0,0.0,0.0,,0,0,0,7,0,0,0,10,0,3,0,0,7,0
Kamdyn Benjamin,123241,WR,TULSA,3,53.8,0,320,55.9,,60.3,0,0,0,0.0,0.0,,0,0,0,7,0,0,0,13,0,6,0,0,7,0
Matt Masker,83523,QB,NEBRASKA,2,53.8,0,238,66.3,,60.0,0,0,0,0.0,0.0,,0,0,0,7,0,0,0,13,0,3,0,0,7,0
Elijah Collins,83705,HB,MICH STATE,5,15.6,0,223,64.6,24.5,66.7,0,0,2,9.1,16.7,100.0,0,0,0,7,0,0,0,45,4,24,0,0,3,0
Keilon Brown,121754,QB,MEMPHIS,1,100.0,0,218,60.0,,60.0,0,0,0,,,,0,0,0,7,0,0,0,7,0,0,0,0,7,0
Chance La Chapelle,83549,WR,S JOSE ST,2,36.8,0,285,53.7,,60.4,0,0,0,0.0,0.0,,0,0,0,7,0,0,0,19,0,12,0,0,7,0
Danny Anderson,129493,WR,MARYLAND,1,87.5,0,215,58.5,,61.1,0,0,0,0.0,0.0,,0,0,0,7,0,0,0,8,0,1,0,0,7,0
Leshon Williams,129487,HB,IOWA,3,20.0,0,192,60.8,26.7,60.0,0,1,5,41.7,46.2,90.0,0,1,0,7,0,0,0,35,6,13,0,0,1,0
Jaquez Moore,143866,HB,DUKE,2,31.8,0,154,50.5,,60.1,0,0,0,0.0,0.0,,0,0,0,7,0,0,0,22,0,10,0,0,7,0
Diante Vines,129483,WR,IOWA,1,50.0,0,192,55.5,,61.3,0,0,0,0.0,0.0,,0,0,0,7,0,0,0,14,0,7,0,0,7,0
Joshua Burrell,143875,WR,FLORIDA ST,3,70.0,0,167,50.6,,41.8,0,0,0,0.0,0.0,,0,0,0,7,0,0,0,10,0,3,0,0,7,0
Gavin Wimsatt,155757,QB,RUTGERS,4,18.9,0,278,29.6,,60.0,0,0,0,0.0,0.0,,0,0,0,7,0,0,0,37,0,27,0,0,7,0
Evan Pryor,145057,HB,OHIO STATE,4,15.6,0,260,66.9,0.0,59.9,0,1,2,10.5,10.5,75.0,0,1,0,7,0,0,0,45,2,19,0,0,5,0
Maasai Maynor,101057,QB,NAVY,3,22.6,0,237,54.3,,60.0,0,0,0,0.0,0.0,,0,0,0,7,0,0,0,31,0,24,0,0,7,0
Altrique Barlow,123061,G,TCU,1,100.0,0,305,75.0,70.6,74.3,0,0,1,100.0,100.0,100.0,0,0,0,7,0,7,0,7,1,1,0,0,6,0
Brad Whitworth,100544,T,UCLA,1,100.0,0,324,48.5,70.9,48.0,0,0,1,100.0,100.0,100.0,1,0,0,7,0,0,0,7,1,1,7,0,6,0
Ryan Rodriguez,143948,T,MIAMI FL,1,100.0,0,220,52.7,,52.7,0,0,0,,,,0,0,0,7,0,7,0,7,0,0,0,0,7,0
Arian Smith,124039,WR,GEORGIA,4,33.3,0,173,87.3,,60.8,0,0,0,0.0,0.0,,0,0,0,7,0,0,0,21,0,13,0,0,7,0
Adam Boselli,60980,TE,FAU,3,100.0,0,165,68.1,,69.6,0,0,0,,,,0,0,0,7,0,0,0,7,0,0,0,0,7,5
Kraig Correll,81723,T,MICHIGAN,1,100.0,0,222,53.5,,53.5,0,0,0,,,,0,0,0,7,0,0,0,7,0,0,7,0,7,0
Joe Spivak,56783,DI,NWESTERN,6,87.5,0,256,57.2,,56.1,0,0,0,0.0,0.0,,0,0,0,7,0,0,0,8,0,1,0,0,7,0
Nigel Drummond II,100272,WR,OHIO,3,100.0,0,259,60.7,,61.1,0,0,0,,,,0,0,0,7,0,0,0,7,0,0,0,0,7,0
Eric Najarian,101624,QB,MARYLAND,2,100.0,0,215,60.0,,60.0,0,0,0,,,,0,0,0,7,0,0,0,7,0,0,0,0,7,0
Ethan Fernea,61765,HB,UCLA,5,29.2,0,324,68.5,0.7,57.5,0,1,3,30.0,30.0,83.3,0,1,0,7,0,0,0,24,3,10,0,0,4,0
Ke'Andre Street,101111,WR,HOUSTON,2,38.9,0,182,38.7,,34.0,0,0,0,0.0,0.0,,0,0,0,7,0,0,0,18,0,11,0,0,7,2
Tahj Bullock,144070,QB,VA TECH,1,41.2,0,337,71.7,,60.0,0,0,0,0.0,0.0,,0,0,0,7,0,0,0,17,0,5,0,0,7,0
Baraka Beckett,81883,G,UCLA,1,100.0,0,324,60.2,70.9,59.5,0,0,1,100.0,100.0,100.0,0,0,0,7,0,7,0,7,1,1,0,0,6,0
Luke Besh,144403,WR,TULANE,2,70.0,0,319,57.6,,60.6,0,0,0,0.0,0.0,,0,0,0,7,0,0,0,10,0,3,0,0,7,0
Tahj Magee,78919,WR,LA TECH,11,24.1,0,208,68.3,,60.1,0,0,0,0.0,0.0,,0,0,0,7,0,0,0,29,0,21,0,0,7,0
Cooper Shults,131724,TE,OREGON,2,58.3,0,264,61.3,67.3,69.2,0,0,1,16.7,16.7,100.0,0,0,0,7,0,0,0,12,1,6,0,0,6,10
Benjamin Wilson,101708,WR,PENN STATE,1,100.0,0,266,60.4,,60.3,0,0,0,,,,0,0,0,7,0,0,0,7,0,0,0,0,7,0
Praise Okorie,78783,WR,LA TECH,3,46.7,0,208,57.2,,60.8,0,0,0,0.0,0.0,,0,0,0,7,0,0,0,15,0,8,0,0,7,0
Jalen Goss,77322,G,FLORIDA ST,2,100.0,0,167,56.3,63.8,55.0,0,0,0,,100.0,,0,0,0,7,0,0,0,7,1,1,0,6,6,0
Jaydon Collins,144182,T,WAKE,2,100.0,0,339,59.0,,58.5,0,0,0,,,,0,0,0,7,0,0,7,7,0,0,0,0,7,0
Zay Franks,145420,WR,SO MISS,2,100.0,0,296,60.5,,60.6,0,0,0,,,,0,0,0,7,0,0,0,7,0,0,0,0,7,0
Damon Smith,99549,WR,OKLAHOMA,2,50.0,0,261,56.0,,60.0,0,0,0,0.0,0.0,,0,0,0,7,0,0,0,14,0,7,0,0,7,0
Joshua Rawlings,123789,TE,VIRGINIA,5,63.6,0,335,48.5,,49.9,0,0,0,0.0,0.0,,0,0,0,7,0,0,0,11,0,4,0,0,7,10
Ger-Cari Caldwell,124228,WR,S CAROLINA,1,70.0,0,289,62.5,,81.1,0,0,0,0.0,0.0,,0,0,0,7,0,0,0,10,0,3,0,0,7,0
Mykel Tubbs,98822,WR,MIAMI FL,1,100.0,0,220,60.4,,60.5,0,0,0,,,,0,0,0,7,0,0,0,7,0,0,0,0,7,0
Kyler Pearson,122572,WR,KANSAS,2,53.8,0,198,55.2,,59.8,0,0,0,0.0,0.0,,0,0,0,7,0,0,0,13,0,6,0,0,7,0
Mason Garcia,123811,QB,E CAROLINA,5,38.9,0,156,44.7,,60.0,0,0,0,0.0,0.0,,1,0,0,7,0,0,0,18,0,3,0,0,7,0
Max Cooper,61323,WR,IOWA,3,70.0,0,192,59.6,,61.1,0,0,0,0.0,0.0,,0,0,0,7,0,0,0,10,0,3,0,0,7,0
Jay Butterfield,131706,QB,OREGON,1,70.0,0,264,57.7,,60.0,0,0,0,0.0,0.0,,0,0,0,7,0,0,0,10,0,3,0,0,7,0
Karter Shaw,81898,G,MINNESOTA,2,100.0,0,225,69.6,,69.1,0,0,0,,,,0,0,0,7,0,0,0,7,0,0,7,0,7,0
Dalton Stroman,147022,WR,APP STATE,1,87.5,0,108,77.4,,60.9,0,0,0,0.0,0.0,,0,0,0,7,0,0,0,8,0,1,0,0,7,0
Charlie Norman,123489,HB,LA MONROE,2,58.3,0,209,62.1,41.5,85.0,0,1,2,50.0,60.0,75.0,0,1,0,7,0,0,0,12,3,5,0,0,4,0
Thomas Aronokhale Jr.,145534,C,W KENTUCKY,2,100.0,0,346,58.3,75.1,56.9,0,0,2,100.0,100.0,100.0,0,0,0,7,0,5,0,7,2,2,0,0,5,2
David Holloman,144834,HB,INDIANA,3,31.8,0,190,66.1,51.7,59.9,0,0,2,33.3,50.0,100.0,0,0,0,7,0,0,0,22,4,8,0,0,3,0
Rodney Wright III,97169,WR,FRESNO ST,2,58.3,0,169,55.8,,60.8,0,0,0,0.0,0.0,,0,0,0,7,0,0,0,12,0,5,0,0,7,0
Tae'Shaun Johnson,145649,WR,BOWL GREEN,1,63.6,0,122,54.8,,60.2,0,0,0,0.0,0.0,,0,0,0,7,0,0,0,11,0,4,0,0,7,1
Robert Hudson,59758,T,IOWA STATE,1,100.0,0,193,59.0,67.3,58.5,0,0,1,100.0,100.0,100.0,0,0,0,7,0,0,0,7,1,1,7,0,6,0
Joshua Sales Jr.,144835,T,INDIANA,1,100.0,0,190,56.5,67.4,55.7,0,0,1,100.0,100.0,100.0,0,0,0,7,0,0,7,7,1,1,0,0,6,0
Jelani Newman,101263,T,S JOSE ST,1,100.0,0,285,53.1,0.0,58.1,0,0,2,100.0,100.0,100.0,0,0,0,7,0,7,0,7,2,2,0,0,5,0
Marion Lukes,145697,HB,C MICHIGAN,13,10.3,0,134,68.1,59.2,59.2,0,1,5,11.6,11.4,90.0,0,1,0,7,0,0,0,68,5,44,0,0,2,0
Elijah Johnson,102920,WR,APP STATE,2,100.0,0,108,58.8,,57.4,0,0,0,,,,0,0,0,7,0,0,0,7,0,0,0,0,7,0
Issiah Walker Jr.,122226,T,MIAMI FL,1,100.0,0,220,88.0,,88.3,0,0,0,,,,0,0,0,7,0,0,7,7,0,0,0,0,7,0
Connor Byrne,122205,WR,MIAMI FL,1,100.0,0,220,60.7,,61.0,0,0,0,,,,0,0,0,7,0,0,0,7,0,0,0,0,7,0
Jalen Carter,124019,DI,GEORGIA,5,100.0,1,173,70.7,,77.1,0,0,0,,,,4,0,0,7,0,0,0,7,0,0,0,0,7,0
Preston Stone,124716,QB,SMU,3,46.7,0,287,58.3,,60.0,0,0,0,0.0,0.0,,0,0,0,7,0,0,0,15,0,7,0,0,7,0
Dalen Cambre,102933,WR,LA LAFAYET,3,58.3,0,207,59.9,,78.8,0,0,0,0.0,0.0,,0,0,0,7,0,0,0,12,0,5,0,0,7,0
Mikele Colasurdo,123851,QB,GA STATE,2,77.8,0,175,63.8,,60.0,0,0,0,0.0,0.0,,0,0,0,7,0,0,0,9,0,2,0,0,7,0
John Stephen Jones,82078,QB,ARKANSAS,2,87.5,0,111,54.4,,60.0,0,0,0,0.0,0.0,,0,0,0,7,0,0,0,8,0,1,0,0,7,0
Andy Elkins Jr.,97668,WR,WAKE,1,87.5,0,339,58.6,,61.0,0,0,0,0.0,0.0,,0,0,0,7,0,0,0,8,0,1,0,0,7,0
Miles Banks,98588,WR,UTEP,2,70.0,0,330,42.4,,60.9,0,0,0,0.0,0.0,,0,0,0,7,0,0,0,10,0,3,0,0,7,0
Colten Gauthier,146908,QB,S CAROLINA,1,87.5,0,289,62.3,,60.0,0,0,0,0.0,0.0,,0,0,0,7,0,0,0,8,0,1,0,0,7,0
Christian Webb,81381,LB,S JOSE ST,3,70.0,0,285,56.3,,57.6,0,0,0,0.0,0.0,,0,0,0,7,0,0,0,10,0,3,0,0,7,9
Troy Shallow,106575,FB,UMASS,4,100.0,0,216,65.2,,66.5,0,0,0,,,,0,0,0,7,0,0,0,7,0,0,0,0,7,2
Ethan Schlundt,156007,T,AIR FORCE,1,100.0,0,101,51.1,,50.5,0,0,0,,,,0,0,0,7,0,0,6,7,0,0,0,1,7,0
Dawaiian McNeely,97815,HB,WYOMING,7,29.2,0,351,83.8,,62.8,0,0,0,,,,0,0,0,7,0,0,0,24,0,0,0,0,7,0
DK Billingsley,57432,HB,TROY,6,28.0,0,318,64.5,24.2,58.4,0,0,4,30.8,30.8,100.0,0,0,0,7,0,0,0,25,4,13,0,0,3,0
Carson Lee,86142,C,COLORADO,2,100.0,0,143,70.4,,71.0,0,0,0,,,,0,0,0,7,7,0,0,7,0,0,0,0,7,0
Alex Adams,124085,WR,LSU,3,41.2,0,211,53.7,,55.0,0,0,0,0.0,0.0,,0,0,0,7,0,0,0,17,0,10,0,0,7,0
Bryce Schulte,83986,TE,IOWA,3,100.0,0,192,57.0,,56.6,0,0,0,,,,0,0,0,7,0,0,0,7,0,0,0,0,7,7
Maceo Donald,90622,HB,E CAROLINA,2,87.5,0,156,58.7,,60.6,0,0,0,0.0,0.0,,0,0,0,7,0,0,0,8,0,1,0,0,7,0
Jarrett Hopple,41856,T,USF,4,100.0,0,327,45.3,63.8,44.4,0,0,1,100.0,100.0,100.0,0,0,0,7,0,5,0,7,1,1,0,0,6,1
Henry Lutovsky,145003,T,NEBRASKA,2,100.0,0,238,74.0,67.3,73.4,0,0,1,100.0,100.0,100.0,0,0,0,7,0,7,0,7,1,1,0,0,6,0
Jacob Zeno,98014,QB,BAYLOR,2,53.8,0,118,46.8,,60.0,0,0,0,0.0,0.0,,0,0,0,7,0,0,0,13,0,5,0,0,7,0
Graeson Malashevich,99536,WR,W VIRGINIA,2,54.5,0,343,56.2,,61.0,0,0,0,0.0,0.0,,0,0,0,6,0,0,0,11,0,5,0,0,6,0
Ethan Fischler,77978,WR,SYRACUSE,2,46.2,0,304,58.1,,60.7,0,0,0,0.0,0.0,,0,0,0,6,0,0,0,13,0,7,0,0,6,0
Jacob Graham,124318,FB,TEXAS A&M,3,100.0,0,312,58.3,,57.6,0,0,0,,,,0,0,0,6,0,0,0,6,0,0,0,0,6,0
Jordan Wilmore,100585,HB,FRESNO ST,3,21.4,0,169,69.6,,58.0,0,0,0,0.0,0.0,,0,0,0,6,0,0,0,28,0,7,0,0,6,0
Daijun Edwards,124021,HB,GEORGIA,10,8.0,0,173,76.2,70.2,59.9,0,0,1,4.8,4.8,100.0,0,0,0,6,0,0,0,75,1,21,0,0,5,0
Carter Campbell,121919,WR,SMU,2,54.5,0,287,55.3,,60.9,0,0,0,0.0,0.0,,0,0,0,6,0,0,0,11,0,5,0,0,6,0
JaCobian Morgan,123050,QB,SYRACUSE,2,85.7,0,304,62.3,,60.0,0,0,0,0.0,0.0,,0,0,0,6,0,0,0,7,0,1,0,0,6,0
Blake Smith,124341,TE,TEXAS A&M,1,75.0,0,312,56.0,,57.7,0,0,0,0.0,0.0,,0,0,0,6,0,0,0,8,0,2,0,0,6,6
Jacob Trim,100769,TE,UTEP,1,100.0,0,330,54.5,,51.9,0,0,0,,,,0,0,0,6,0,0,0,6,0,0,0,0,6,3
D.J. Williams,99154,HB,FLORIDA ST,5,27.3,0,167,68.6,71.8,58.5,0,0,0,0.0,16.7,,0,0,0,6,0,0,0,22,1,6,0,0,5,0
James Phillips,98731,HB,HAWAII,4,10.9,0,180,53.7,73.4,60.0,0,0,3,6.8,6.1,100.0,0,0,0,6,0,0,0,55,3,49,0,0,3,0
Keenan Orr,66745,TE,KENT STATE,3,66.7,0,201,53.7,,56.2,0,0,0,0.0,0.0,,0,0,0,6,0,0,0,9,0,3,0,0,6,6
Andrew Kilfoyl,144486,G,USF,1,100.0,0,327,76.1,,76.5,0,0,0,,,,0,0,0,6,0,0,0,6,0,0,0,6,6,0
Micah Leon,60486,QB,UCONN,1,22.2,0,146,42.9,,60.0,0,0,0,0.0,0.0,,0,0,0,6,0,0,0,27,0,20,0,0,6,0
Sean Wilkins,129540,G,MARYLAND,2,100.0,0,215,68.8,,69.7,0,0,0,,,,0,0,0,6,0,0,6,6,0,0,0,0,6,0
RJ Taylor,128246,T,NEVADA,1,100.0,0,239,75.5,74.6,73.2,0,0,2,100.0,100.0,100.0,0,0,0,6,0,0,0,6,2,2,6,0,4,0
Isaiah Jones,123040,WR,SYRACUSE,2,85.7,0,304,50.2,,40.8,0,0,0,0.0,0.0,,0,0,0,6,0,0,0,7,0,1,0,0,6,0
Powers Warren,60964,TE,MICH STATE,2,75.0,0,223,48.7,,50.5,0,0,0,0.0,0.0,,0,0,0,6,0,0,0,8,0,2,0,0,6,8
Wayne Dennis Jr.,98108,WR,NWESTERN,4,33.3,0,256,60.3,,40.5,0,0,0,0.0,0.0,,0,0,0,6,0,0,0,18,0,12,0,0,6,0
Jacob Fryrear,41716,T,TEXAS ST,2,100.0,0,314,65.3,72.1,64.8,0,0,1,100.0,100.0,100.0,0,0,0,6,6,0,0,6,1,1,0,0,5,0
DeCarlos Brooks,70933,HB,CAL,5,18.2,0,130,87.9,76.3,60.0,0,0,4,20.0,20.0,100.0,0,0,0,6,0,0,0,33,4,20,0,0,2,0
Goose Crowder,144781,QB,W VIRGINIA,1,75.0,0,343,73.3,,60.0,0,0,0,0.0,0.0,,0,0,0,6,0,0,0,8,0,2,0,0,6,0
Taariq Johnson,61192,WR,S JOSE ST,1,85.7,0,285,62.7,,61.0,0,0,0,0.0,0.0,,0,0,0,6,0,0,0,7,0,1,0,0,6,0
Dante Johnson,122214,WR,MIAMI FL,1,100.0,0,220,60.8,,61.1,0,0,0,,,,0,0,0,6,0,0,0,6,0,0,0,0,6,0
Jaedon Wilson,131244,WR,ARKANSAS,1,85.7,0,111,58.6,,60.6,0,0,0,0.0,0.0,,0,0,0,6,0,0,0,7,0,1,0,0,6,0
Gavin Adams,122202,T,MIAMI FL,1,100.0,0,220,74.0,67.3,73.4,0,0,1,100.0,100.0,100.0,0,0,0,6,0,6,0,6,1,1,0,0,5,0
Eric Reese,145728,WR,C MICHIGAN,1,75.0,0,134,57.4,,61.0,0,0,0,0.0,0.0,,0,0,0,6,0,0,0,8,0,2,0,0,6,0
Chayse Todd,97851,G,HOUSTON,2,100.0,0,182,55.6,72.9,54.7,0,0,2,100.0,100.0,100.0,0,0,0,6,3,0,0,6,2,2,3,0,4,0
Jonathan Haynes,121808,WR,MIDDLE TN,1,100.0,0,224,59.8,,59.6,0,0,0,,,,0,0,0,6,0,0,0,6,0,0,0,0,6,0
Marquez Bell,123555,WR,CINCINNATI,1,75.0,0,138,56.6,,60.4,0,0,0,0.0,0.0,,0,0,0,6,0,0,0,8,0,2,0,0,6,0
Reid Gavin,147206,G,S ALABAMA,1,100.0,0,288,66.7,67.4,67.3,0,0,2,100.0,100.0,100.0,0,0,0,6,0,0,0,6,2,2,0,6,4,0
Jawhar Jordan,99595,HB,LOUISVILLE,3,20.7,0,210,74.2,71.8,58.2,0,0,1,10.0,10.0,100.0,0,0,0,6,0,0,0,29,1,10,0,0,5,0
Cammon Cooper,83591,QB,WASH STATE,4,31.6,0,341,55.9,,60.0,0,0,0,0.0,0.0,,0,0,0,6,0,0,0,19,0,12,0,0,6,0
Nick Elksnis,146698,TE,FLORIDA,2,85.7,0,163,55.0,,56.9,0,0,0,0.0,0.0,,0,0,0,6,0,0,0,7,0,1,0,0,6,6
Leroy Deshazor,102938,WR,ARK STATE,1,75.0,0,113,57.4,,59.5,0,0,0,0.0,0.0,,0,0,0,6,0,0,0,8,0,2,0,0,6,0
Marcus Henderson,123956,G,ARKANSAS,1,100.0,0,111,67.7,74.9,67.1,0,0,2,100.0,100.0,100.0,0,0,0,6,0,0,6,6,2,2,0,0,4,0
Mason Stahl,129795,QB,PENN STATE,1,66.7,0,266,62.4,,60.0,0,0,0,,,,0,0,0,6,0,0,0,9,0,0,0,0,6,0
Luka Trifunovic,98284,G,NWESTERN,1,100.0,0,256,60.2,,59.9,0,0,0,,,,0,0,0,6,0,0,0,6,0,0,0,6,6,0
Dekalen Goodson,77182,TE,HOUSTON,3,100.0,0,182,41.4,,57.9,0,0,0,,,,1,0,0,6,0,0,0,6,0,0,0,0,6,6
Aidan Perkins,121600,G,ARMY,1,100.0,0,114,58.9,,58.7,0,0,0,,,,0,0,0,6,0,0,0,6,0,0,5,0,6,0
Cameron Cooper,100805,G,UTEP,1,100.0,0,330,49.1,,48.8,0,0,0,,,,0,0,0,6,0,0,6,6,0,0,0,0,6,0
Tommy Christakos,131643,WR,CAL,3,54.5,0,130,53.2,,49.7,0,0,0,0.0,0.0,,0,0,0,6,0,0,0,11,0,5,0,0,6,0
Jonathan Hess,81314,TE,OLE MISS,1,75.0,0,226,62.0,,56.8,0,0,0,0.0,0.0,,0,0,0,6,0,0,0,8,0,2,0,0,6,1
Nolan Rumler,98048,T,MICHIGAN,1,100.0,0,222,45.9,,46.1,0,0,0,,,,0,0,0,6,0,6,0,6,0,0,0,0,6,0
Cooper Davis,129411,TE,ILLINOIS,1,85.7,0,187,65.5,68.0,66.2,0,0,2,66.7,66.7,100.0,0,0,0,6,0,0,0,7,2,3,0,0,4,7
Connor Genal,98366,QB,NEW MEXICO,2,25.0,0,241,53.9,,60.0,0,0,0,0.0,0.0,,1,0,0,6,0,0,0,24,0,17,0,0,6,0
Alan Bowman,77679,QB,MICHIGAN,3,54.5,0,222,68.1,,60.0,0,0,0,0.0,0.0,,0,0,0,6,0,0,0,11,0,5,0,0,6,0
Audric Estime,147476,HB,NOTRE DAME,5,33.3,0,258,78.7,46.1,61.2,0,1,3,37.5,37.5,83.3,0,1,0,6,0,0,0,18,3,8,0,0,3,2
Zack Annexstad,83516,QB,MINNESOTA,2,85.7,0,225,60.9,,60.0,0,0,0,,,,0,0,0,6,0,0,0,7,0,0,0,0,6,0
Ja'Lynn Polk,123153,WR,WASHINGTON,3,11.3,0,340,66.8,,39.9,0,0,0,0.0,0.0,,0,0,0,6,0,0,0,53,0,47,0,0,6,0
Mason King,145860,HB,N ILLINOIS,7,20.0,0,254,70.0,73.7,59.1,0,0,2,25.0,22.2,100.0,0,0,0,6,0,0,0,30,2,9,0,0,4,0
TJ Ferguson,146597,G,ALABAMA,1,100.0,0,103,53.8,71.9,53.2,0,0,1,100.0,100.0,100.0,0,0,0,6,0,6,0,6,1,1,0,0,5,0
Adam Vandervest,130667,T,W MICHIGAN,1,100.0,0,347,68.8,,69.7,0,0,0,,,,0,0,0,6,0,0,6,6,0,0,0,0,6,0
Mana Taimani,128436,T,WYOMING,2,100.0,0,351,84.8,60.9,84.3,0,0,0,,100.0,,0,0,0,6,0,0,0,6,1,1,0,5,5,0
Antario Brown,145868,HB,N ILLINOIS,8,6.0,0,254,87.7,71.1,57.4,0,0,1,9.1,9.1,100.0,0,0,0,6,0,0,0,100,1,11,0,0,5,0
Jared Wilson,146717,T,GEORGIA,1,100.0,0,173,82.3,72.0,81.5,0,0,1,100.0,100.0,100.0,0,0,0,6,0,0,0,6,1,1,6,0,5,0
Christian Harris,101728,WR,INDIANA,4,85.7,0,190,59.7,,60.9,0,0,0,0.0,0.0,,0,0,0,6,0,0,0,7,0,1,0,0,6,0
Demarkcus Bowman,122141,HB,FLORIDA,5,24.0,0,163,71.2,,67.2,0,0,0,0.0,0.0,,0,0,0,6,0,0,0,25,0,3,0,0,6,0
Hudson Habermehl,100658,TE,UCLA,2,85.7,0,324,40.5,,40.2,0,0,0,0.0,0.0,,0,0,0,6,0,0,0,7,0,1,0,0,6,7
Billy Wiles,144144,QB,CLEMSON,1,54.5,0,140,59.5,,60.0,0,0,0,0.0,0.0,,0,0,0,6,0,0,0,11,0,4,0,0,6,0
Jack Green,121418,C,S ALABAMA,1,100.0,0,288,61.4,69.9,61.0,0,0,2,100.0,100.0,100.0,0,0,0,6,6,0,0,6,2,2,0,0,4,0
Gunnar Gundy,144649,QB,OKLA STATE,1,85.7,0,262,55.7,,60.0,0,0,0,,,,0,0,0,6,0,0,0,7,0,0,0,0,6,0
Josh Farr,122011,WR,UTEP,3,60.0,0,330,54.8,,60.4,0,0,0,0.0,0.0,,0,0,0,6,0,0,0,10,0,4,0,0,6,0
Kameron Walker,99639,TE,NC STATE,4,100.0,0,248,81.5,,80.8,0,0,0,,,,0,0,0,6,0,0,0,6,0,0,0,0,6,5
Richard Mays Jr.,145421,WR,SO MISS,3,75.0,0,296,57.9,,60.9,0,0,0,0.0,0.0,,0,0,0,6,0,0,0,8,0,2,0,0,6,0
Brock Domann,102351,QB,LOUISVILLE,1,66.7,0,210,47.6,,60.0,0,0,0,,,,0,0,0,6,0,0,0,9,0,0,0,0,6,0
J.J. Henry,146817,WR,OLE MISS,4,66.7,0,226,53.7,,59.7,0,0,0,0.0,0.0,,0,0,0,6,0,0,0,9,0,2,0,0,6,0
Luke Matthews,81859,C,TEXAS A&M,1,100.0,0,312,39.7,0.0,47.9,0,1,2,100.0,100.0,75.0,1,1,0,6,6,0,0,6,2,2,0,0,4,0
Keli Lawson,144087,WR,VA TECH,1,100.0,0,337,69.5,,80.4,0,0,0,,,,0,0,0,6,0,0,0,6,0,0,0,0,6,0
Julius Davis,101649,HB,WISCONSIN,5,20.0,0,349,66.4,47.7,58.9,0,0,3,50.0,50.0,100.0,0,0,0,6,0,0,0,30,3,6,0,0,3,0
Dionte Marks,98825,WR,UCF,3,46.2,0,323,67.1,,60.7,0,0,0,0.0,0.0,,0,0,0,6,0,0,0,13,0,7,0,0,6,1
Jalin Cooper,78110,WR,TOLEDO,1,85.7,0,316,56.5,,55.2,0,0,0,0.0,0.0,,0,0,0,6,0,0,0,7,0,1,0,0,6,0
Quentin Skinner,122579,WR,KANSAS,2,46.2,0,198,55.2,,60.3,0,0,0,0.0,0.0,,0,0,0,6,0,0,0,13,0,7,0,0,6,0
Dylan Fairchild,146716,C,GEORGIA,1,100.0,0,173,66.5,72.0,65.8,0,0,1,100.0,100.0,100.0,0,0,0,6,0,6,0,6,1,1,0,0,5,0
Quentin Moore,146475,TE,WASHINGTON,1,66.7,0,340,59.2,,63.2,0,0,0,0.0,0.0,,0,0,0,6,0,0,0,9,0,3,0,0,6,8
Tanoa Togiai,131879,T,UTAH,2,100.0,0,328,58.3,,57.6,0,0,0,,,,0,0,0,6,0,0,1,6,0,0,0,5,6,0
Landon Burrell,121795,WR,MIDDLE TN,1,100.0,0,224,51.0,,40.7,0,0,0,,,,0,0,0,6,0,0,0,6,0,0,0,0,6,0
Sam Jackson V,144682,QB,TCU,2,46.2,0,305,85.0,,60.0,0,0,0,0.0,0.0,,0,0,0,6,0,0,0,13,0,3,0,0,6,0
Dee Baker,100838,HB,SO MISS,4,60.0,0,296,50.0,9.8,60.0,0,1,2,66.7,66.7,75.0,0,1,0,6,0,0,0,10,2,3,0,0,4,0
Will Huggins,122563,TE,KANSAS,2,75.0,0,198,52.6,,55.1,0,0,0,0.0,0.0,,0,0,0,6,0,0,0,8,0,2,0,0,6,7
Alex Maxwell,62360,WR,PURDUE,2,54.5,0,273,68.3,,55.4,0,0,0,0.0,0.0,,0,0,0,6,0,0,0,11,0,5,0,0,6,0
Rico Powers Jr.,124250,WR,S CAROLINA,2,60.0,0,289,70.4,,59.0,0,0,0,0.0,0.0,,0,0,0,6,0,0,0,10,0,4,0,0,6,0
Matt Geiger,60733,HB,DOMINION,4,46.2,0,263,60.1,,60.0,0,0,0,0.0,0.0,,0,0,0,6,0,0,0,13,0,4,0,0,6,0
Ian McIver,59997,C,OKLAHOMA,1,100.0,0,261,59.5,73.9,58.6,0,0,3,100.0,100.0,100.0,0,0,0,6,0,6,0,6,3,3,0,0,3,0
Charles Wright,129970,QB,TEXAS,1,100.0,0,311,60.0,,60.0,0,0,0,,,,0,0,0,6,0,0,0,6,0,0,0,0,6,0
Zane Knipe,97282,WR,RICE,2,20.0,0,275,47.5,,60.9,0,0,0,0.0,0.0,,0,0,0,6,0,0,0,30,0,24,0,0,6,0
Carson Briggs,145939,G,W MICHIGAN,1,100.0,0,347,45.1,,42.5,0,0,0,,,,0,0,0,6,0,0,2,6,0,0,0,4,6,0
Devanti Dillard,131790,WR,UCLA,2,85.7,0,324,58.2,,59.8,0,0,0,0.0,0.0,,0,0,0,6,0,0,0,7,0,1,0,0,6,0
Marvin Scott III,129711,HB,NEBRASKA,3,17.1,0,238,74.6,33.4,59.7,0,0,4,26.7,26.7,100.0,0,0,0,6,0,0,0,35,4,15,0,0,2,0
Christian Daniels,77648,WR,TULANE,3,33.3,0,319,46.8,,60.2,0,0,0,0.0,0.0,,0,0,0,6,0,0,0,18,0,9,0,0,6,0
Jahmal Edrine,145196,WR,FAU,2,33.3,0,165,62.8,,60.5,0,0,0,0.0,0.0,,0,0,0,6,0,0,0,18,0,12,0,0,6,0
Ian Boerkircher,101582,T,NEBRASKA,2,100.0,0,238,58.6,67.4,57.5,0,0,1,100.0,100.0,100.0,0,0,0,6,0,0,6,6,1,1,0,0,5,0
Hunter Shulfer,77517,T,W MICHIGAN,1,100.0,0,347,48.5,,48.4,0,0,0,,,,0,0,0,6,0,6,0,6,0,0,0,0,6,0
Trent Howland,144833,HB,INDIANA,3,37.5,0,190,40.9,,40.3,0,0,0,0.0,0.0,,0,0,0,6,0,0,0,16,0,4,0,0,6,0
Jack Vecchi,84367,WR,OREGON,2,42.9,0,264,53.5,,60.1,0,0,0,0.0,0.0,,0,0,0,6,0,0,0,14,0,8,0,0,6,0
Ben Sparks,121949,G,SMU,1,100.0,0,287,66.7,72.3,65.8,0,0,2,100.0,100.0,100.0,0,0,0,6,0,6,0,6,2,2,0,0,4,0
Aran Mohamad-Ali,100784,HB,MIDDLE TN,1,100.0,0,224,73.2,69.6,79.4,0,0,1,100.0,100.0,100.0,0,0,0,6,0,0,0,6,1,1,0,0,5,1
Conner McCarthy,84164,WR,COAST CAR,1,85.7,0,141,58.2,,58.7,0,0,0,0.0,0.0,,0,0,0,6,0,0,0,7,0,1,0,0,6,0
Isaiah Brevard,146548,WR,OREGON,3,50.0,0,264,56.8,,60.8,0,0,0,0.0,0.0,,0,0,0,6,0,0,0,12,0,6,0,0,6,0
Colin Weber,145578,TE,CHARLOTTE,4,42.9,0,136,52.0,,55.1,0,0,0,0.0,0.0,,0,0,0,6,0,0,0,14,0,8,0,0,6,12
Gamaliel Barboza,81903,T,UTEP,1,100.0,0,330,56.5,,55.6,0,0,0,,,,0,0,0,6,0,0,0,6,0,0,0,6,6,0
Cam'Ron Valdez,144749,HB,TEXAS TECH,2,41.7,0,315,62.6,,68.5,0,0,0,0.0,0.0,,0,0,0,5,0,0,0,12,0,1,0,0,5,0
Bryson Barnes,131845,QB,UTAH,2,45.5,0,328,78.1,,60.0,0,0,0,0.0,0.0,,0,0,0,5,0,0,0,11,0,4,0,0,5,0
Jasper Lott,144697,TE,TCU,2,100.0,0,305,56.1,,55.8,0,0,0,,,,0,0,0,5,0,0,0,5,0,0,0,0,5,5
Ahmani Marshall,123391,HB,WAKE,6,17.2,0,339,81.8,68.1,60.0,0,0,1,100.0,100.0,100.0,0,0,0,5,0,0,0,29,1,1,0,0,4,0
Knowledge McDaniel,97294,HB,MARSHALL,3,22.7,0,214,74.9,79.4,60.0,0,0,3,50.0,50.0,100.0,0,0,0,5,0,0,0,22,4,8,0,0,1,0
Michel Dukes,99591,HB,CLEMSON,1,35.7,0,140,47.0,72.2,58.2,0,0,2,22.2,22.2,100.0,0,0,0,5,0,0,0,14,2,9,0,0,3,0
Drake Owen,136162,WR,WASH STATE,2,100.0,0,341,60.6,,60.9,0,0,0,,,,0,0,0,5,0,0,0,5,0,0,0,0,5,0
Billy Pospisil III,100652,WR,WASH STATE,1,100.0,0,341,60.6,,60.9,0,0,0,,,,0,0,0,5,0,0,0,5,0,0,0,0,5,0
Gavin Thomson,99598,WR,PITTSBURGH,3,50.0,0,268,54.5,,59.7,0,0,0,0.0,0.0,,0,0,0,5,0,0,0,10,0,5,0,0,5,0
Jesiah Irish,84371,WR,OREGON ST,7,33.3,0,265,72.1,,61.0,0,0,0,0.0,0.0,,0,0,0,5,0,0,0,15,0,6,0,0,5,0
A.J. Phillips,97378,HB,S ALABAMA,3,10.2,0,288,60.5,79.4,48.8,0,0,4,18.2,18.2,100.0,0,0,0,5,0,0,0,49,4,22,0,0,1,0
Isaiah Wooden,100230,WR,KENT STATE,2,83.3,0,201,59.1,,59.8,0,0,0,0.0,0.0,,0,0,0,5,0,0,0,6,0,1,0,0,5,0
Austyn Kauhi,144051,C,SYRACUSE,1,100.0,0,304,53.5,66.7,53.2,0,0,1,100.0,100.0,100.0,0,0,0,5,0,0,0,5,1,1,5,0,4,0
Dietrick Pennington,144133,G,CLEMSON,1,100.0,0,140,54.3,73.6,56.1,0,0,3,100.0,100.0,100.0,0,0,0,5,0,0,0,5,3,3,5,0,2,0
Jack Keenan,123782,T,VIRGINIA,2,100.0,0,335,59.9,,59.8,0,0,0,,,,0,0,0,5,0,2,0,5,0,0,0,3,5,0
Wesley Horton,123451,G,W KENTUCKY,1,100.0,0,346,58.5,,58.4,0,0,0,,,,0,0,0,5,0,5,0,5,0,0,0,0,5,0
Will Taylor,144141,QB,CLEMSON,5,33.3,0,140,65.6,,60.0,0,0,0,0.0,0.0,,0,0,0,5,0,0,0,15,0,5,0,0,5,0
Teddy Centofanti,99709,WR,WAKE,2,100.0,0,339,59.8,,59.3,0,0,0,,,,0,0,0,5,0,0,0,5,0,0,0,0,5,0
Santino Marucci,144197,QB,WAKE,1,83.3,0,339,54.5,,60.0,0,0,0,,,,0,0,0,5,0,0,0,6,0,0,0,0,5,0
Jack Kennedy,97465,WR,NWESTERN,1,100.0,0,256,60.4,,60.5,0,0,0,,,,0,0,0,5,0,0,0,5,0,0,0,0,5,0
Omari Walker,147059,WR,ARK STATE,2,55.6,0,113,46.2,,60.6,0,0,0,0.0,0.0,,0,0,0,5,0,0,0,9,0,3,0,0,5,0
Ar'maj Reed-Adams,122543,G,KANSAS,2,100.0,0,198,57.9,,57.7,0,0,0,,,,0,0,0,5,0,0,0,5,0,0,5,0,5,0
Braeden Heald,84342,WR,NWESTERN,2,100.0,0,256,60.5,,60.8,0,0,0,,,,0,0,0,5,0,0,0,5,0,0,0,0,5,0
Tate Rodemaker,122414,QB,FLORIDA ST,2,50.0,0,167,65.0,,60.0,0,0,0,0.0,0.0,,0,0,0,5,0,0,0,10,0,3,0,0,5,0
Eli Stowers,147013,TE,TEXAS A&M,2,71.4,0,312,66.0,,68.0,0,0,0,0.0,0.0,,0,0,0,5,0,0,0,7,0,2,0,0,5,7
Zachary Stevens,122359,QB,COAST CAR,1,83.3,0,141,74.0,,60.0,0,0,0,0.0,0.0,,0,0,0,5,0,0,0,6,0,1,0,0,5,0
Daniel Santallana,123330,G,UTSA,1,100.0,0,331,59.2,72.0,58.9,0,0,1,100.0,100.0,100.0,0,0,0,5,0,5,0,5,1,1,0,0,4,0
Patrick O'Brien,40273,QB,WASHINGTON,2,50.0,0,340,54.8,,60.0,0,0,0,0.0,0.0,,0,0,0,5,0,0,0,10,0,5,0,0,5,0
Kellan Autenrieth,123846,WR,GA STATE,2,62.5,0,175,74.2,,60.6,0,0,0,0.0,0.0,,0,0,0,5,0,0,0,8,0,3,0,0,5,0
Gage Pitchford,146963,G,VANDERBILT,1,100.0,0,333,61.3,76.5,60.0,0,0,4,100.0,100.0,100.0,0,0,0,5,0,5,0,5,4,4,0,0,1,0
Grant Loy,40276,QB,AUBURN,1,100.0,0,115,60.0,,60.0,0,0,0,,,,0,0,0,5,0,0,0,5,0,0,0,0,5,0
Nate Meyer,123573,WR,CINCINNATI,1,83.3,0,138,58.6,,60.6,0,0,0,0.0,0.0,,0,0,0,5,0,0,0,6,0,1,0,0,5,0
Patrick Leitten,60801,T,DUKE,1,100.0,0,154,56.9,,55.4,0,0,0,,,,0,0,0,5,0,0,0,5,0,0,0,0,5,2
Bralon Brown,146819,WR,OLE MISS,1,100.0,0,226,60.4,,60.5,0,0,0,,,,0,0,0,5,0,0,0,5,0,0,0,0,5,0
Jordan Davis,94854,DI,GEORGIA,5,71.4,0,173,51.9,,46.9,0,0,0,,,,0,0,0,5,0,0,0,7,0,0,0,0,5,5
Allen Dailey Jr.,84245,WR,S ALABAMA,2,23.8,0,288,48.4,,59.1,0,0,0,0.0,0.0,,0,0,0,5,0,0,0,21,0,16,0,0,5,0
Luke Wentz,151068,WR,VIRGINIA,6,23.8,0,335,53.6,,60.7,0,0,0,0.0,0.0,,0,0,0,5,0,0,0,21,0,16,0,0,5,0
Dalton Perdue,121941,T,SMU,2,100.0,0,287,48.4,6.7,54.7,0,0,1,100.0,100.0,100.0,0,0,0,5,0,0,0,5,2,2,0,3,3,2
Nathan Griffin,74957,FB,W KENTUCKY,2,83.3,0,346,57.5,,56.8,0,0,0,0.0,0.0,,0,0,0,5,0,0,0,6,0,1,0,0,5,0
AJ Hall,84099,WR,APP STATE,1,100.0,0,108,59.6,,58.9,0,0,0,,,,0,0,0,5,0,0,0,5,0,0,0,0,5,0
Mason Russell,97823,TE,DUKE,1,100.0,0,154,58.6,,57.9,0,0,0,,,,0,0,0,5,0,0,0,5,0,0,0,0,5,1
La'Vell Wright,146736,HB,KENTUCKY,3,29.4,0,202,85.6,75.1,60.0,0,0,3,50.0,50.0,100.0,0,0,0,5,0,0,0,17,3,6,0,0,2,0
Preston Fox,123418,WR,W VIRGINIA,1,62.5,0,343,72.4,,60.6,0,0,0,0.0,0.0,,0,0,0,5,0,0,0,8,0,3,0,0,5,0
Tate Martell,60505,QB,UNLV,2,29.4,0,325,49.3,,60.0,0,0,0,0.0,0.0,,0,0,0,5,0,0,0,17,0,7,0,0,5,0
Caleb Marra,128271,TE,NEW MEXICO,2,100.0,0,241,52.4,,50.4,0,0,0,,,,0,0,0,5,0,0,0,5,0,0,0,0,5,5
Natano Woods,128341,QB,S JOSE ST,2,29.4,0,285,55.5,,60.0,0,0,0,0.0,0.0,,1,0,0,5,0,0,0,17,0,10,0,0,5,0
Kwesi Evans,98103,WR,TEMPLE,3,38.5,0,306,53.5,,60.4,0,0,0,0.0,0.0,,0,0,0,5,0,0,0,13,0,8,0,0,5,0
Tyrese Grant,128415,WR,WYOMING,7,26.3,1,351,33.4,,31.2,0,0,0,0.0,0.0,,1,0,0,5,0,0,0,19,0,13,0,0,5,0
Nofoafia Tulafono,128438,G,WYOMING,1,100.0,0,351,65.9,,65.6,0,0,0,,,,0,0,0,5,0,0,0,5,0,0,5,0,5,0
Jakari Norwood,83678,HB,ILLINOIS,9,9.3,0,187,64.7,74.4,60.0,0,0,2,10.0,12.0,100.0,0,0,0,5,0,0,0,54,3,25,0,0,2,0
Brandon Campbell,146414,HB,USC,3,18.5,0,326,65.6,78.5,,0,0,4,28.6,33.3,100.0,0,0,0,5,0,0,0,27,5,15,0,0,0,0
Kyron Hudson,146411,WR,USC,1,38.5,0,326,57.2,,60.0,0,0,0,0.0,0.0,,0,0,0,5,0,0,0,13,0,8,0,0,5,0
Carson Baker,83548,QB,W KENTUCKY,2,83.3,0,346,38.6,,60.0,0,0,0,0.0,0.0,,0,0,0,5,0,0,0,6,0,1,0,0,5,0
Conor Fagan,129507,T,MARYLAND,2,100.0,0,215,67.0,,67.3,0,0,0,,,,0,0,0,5,0,0,0,5,0,0,0,5,5,0
Mitchell Gorgas,129512,G,MARYLAND,1,100.0,0,215,57.2,,56.7,0,0,0,,,,0,0,0,5,5,0,0,5,0,0,0,0,5,0
Ethan Hahn,97085,WR,MARSHALL,3,41.7,0,214,66.7,,58.7,0,0,0,0.0,0.0,,0,0,0,5,0,0,0,12,0,7,0,0,5,0
Micaleous Elder,97095,WR,MIDDLE TN,4,35.7,0,224,53.2,,55.6,0,0,0,0.0,0.0,,0,0,0,5,0,0,0,14,0,6,0,0,5,0
Cane Berrong,147483,TE,NOTRE DAME,1,100.0,0,258,54.3,,54.3,0,0,0,,,,0,0,0,5,0,0,0,5,0,0,0,0,5,5
Tiller Bucktrot,41807,G,TULSA,2,100.0,0,320,54.7,,52.2,0,0,0,,,,0,0,0,5,0,0,0,5,0,0,4,0,5,0
Alex Wyant,155203,T,UTSA,1,100.0,0,331,61.2,72.8,60.4,0,0,1,100.0,100.0,100.0,0,0,0,5,0,0,0,5,1,1,0,5,4,0
Mattie Conlon,76893,G,NAVY,2,100.0,0,237,73.0,,78.9,0,0,0,,,,0,0,0,5,0,0,4,5,0,0,0,1,5,0
C.J. Cole,123414,WR,W VIRGINIA,1,100.0,1,343,60.5,,60.8,0,0,0,,,,1,0,0,5,0,0,0,5,0,0,0,0,5,0
Zahir Abdus-Salaam,145933,HB,W MICHIGAN,7,14.3,0,347,71.1,75.4,54.1,0,0,2,22.2,20.0,100.0,0,0,0,5,0,0,0,35,2,10,0,0,3,0
A.J. Davis,57381,HB,PITTSBURGH,1,23.8,0,268,60.5,76.6,85.7,0,0,3,17.6,22.2,100.0,0,0,0,5,0,0,0,21,4,18,0,0,1,1
Matt Pleasant,98627,WR,SO MISS,1,100.0,0,296,60.1,,59.7,0,0,0,,,,0,0,0,5,0,0,0,5,0,0,0,0,5,0
Austin Smith,145763,QB,E MICHIGAN,1,71.4,0,160,65.2,,60.0,0,0,0,0.0,0.0,,0,0,0,5,0,0,0,7,0,2,0,0,5,0
Braxton Barker,82067,QB,ALABAMA,1,83.3,0,103,48.7,,60.0,0,0,0,0.0,0.0,,0,0,0,5,0,0,0,6,0,1,0,0,5,0
Michael Alaimo,129802,QB,PURDUE,1,71.4,0,273,58.9,,60.0,0,0,0,0.0,0.0,,0,0,0,5,0,0,0,7,0,1,0,0,5,0
Donavon Grier,102942,WR,GA STATE,3,55.6,0,175,61.0,,60.7,0,0,0,0.0,0.0,,0,0,0,5,0,0,0,9,0,4,0,0,5,0
Tyler Pape,145698,QB,C MICHIGAN,1,71.4,0,134,64.2,,60.0,0,0,0,0.0,0.0,,0,0,0,5,0,0,0,7,0,2,0,0,5,0
Jamal Johnson,145646,HB,BOWL GREEN,12,4.1,0,122,63.4,13.1,58.8,0,0,2,2.0,1.9,100.0,0,0,0,5,0,0,0,123,2,104,0,0,3,4
Brady Hunt,145631,TE,BALL ST,3,12.5,1,117,49.5,67.8,44.0,0,0,1,2.9,2.8,100.0,1,0,0,5,0,0,0,40,1,36,0,1,4,10
Chadarius Townsend,61105,HB,TEXAS TECH,4,22.7,0,315,61.7,78.1,60.0,0,0,4,40.0,36.4,100.0,0,0,0,5,0,0,0,22,4,11,0,0,1,0
Jalen Berger,129914,HB,WISCONSIN,3,10.6,0,349,74.5,79.4,,0,0,5,23.8,23.8,100.0,0,0,0,5,0,0,0,47,5,21,0,0,0,0
Camdyn Childers,101743,WR,PURDUE,1,50.0,0,273,55.7,,60.4,0,0,0,0.0,0.0,,0,0,0,5,0,0,0,10,0,5,0,0,5,0
Skyler Grant,145362,T,DOMINION,2,100.0,0,263,58.8,,58.5,0,0,0,,,,0,0,0,5,0,0,0,5,0,0,0,0,5,5
Mathew Harrison,101700,WR,MICHIGAN,1,100.0,0,222,60.5,,60.7,0,0,0,,,,0,0,0,5,0,0,0,5,0,0,0,0,5,0
George Johnson III,101696,CB,MICHIGAN,1,71.4,0,222,46.2,,60.0,0,0,0,0.0,0.0,,1,0,0,5,0,0,0,7,0,2,0,0,5,0
Max Rosenthal,57072,TE,ILLINOIS,2,100.0,0,187,52.4,,50.0,0,0,0,,,,0,0,0,5,0,0,0,5,0,0,0,0,5,0
Cam Wiley,101646,HB,MINNESOTA,3,29.4,0,225,58.6,45.7,60.0,0,1,4,40.0,40.0,87.5,0,1,0,5,0,0,0,17,4,10,0,0,1,0
Kameron King,81844,G,SO MISS,1,100.0,0,296,46.6,,46.7,0,0,0,,,,0,0,0,5,0,5,0,5,0,0,0,0,5,0
Carter Colquitt,99085,T,OLE MISS,1,100.0,0,226,60.0,,59.8,0,0,0,,,,0,0,0,5,5,0,0,5,0,0,0,0,5,0
J.B. Awolowo,130484,WR,KENT STATE,2,83.3,0,201,58.1,,59.3,0,0,0,0.0,0.0,,0,0,0,5,0,0,0,6,0,1,0,0,5,0
Parker Rickert,61330,WR,IOWA STATE,2,100.0,0,193,60.2,,60.0,0,0,0,,,,0,0,0,5,0,0,0,5,0,0,0,0,5,0
Skyler Bell,145163,WR,WISCONSIN,1,35.7,0,349,65.0,,58.0,0,0,0,0.0,0.0,,0,0,0,5,0,0,0,14,0,9,0,0,5,0
Jake Neufeld,123093,WR,TCU,3,83.3,0,305,72.1,,60.7,0,0,0,0.0,0.0,,0,0,0,5,0,0,0,6,0,1,0,0,5,0
Tyler Needham,145131,G,RUTGERS,1,100.0,0,278,59.8,75.8,60.0,0,0,4,100.0,100.0,100.0,0,0,0,5,0,0,5,5,4,4,0,0,1,0
Jet Harris,156002,FB,AIR FORCE,1,55.6,0,101,78.9,,56.4,0,0,0,,,,0,0,0,5,0,0,0,9,0,0,0,0,5,0
Deion Burks,145107,WR,PURDUE,2,29.4,0,273,70.2,,60.4,0,0,0,0.0,0.0,,0,0,0,5,0,0,0,17,0,10,0,0,5,0
Sevaughn Clark,99159,HB,GEORGIA,5,20.0,0,173,70.9,,60.0,0,0,0,0.0,0.0,,0,0,0,5,0,0,0,25,0,6,0,0,5,0
Caleb Tiernan,145042,T,NWESTERN,1,100.0,0,256,58.8,70.9,57.5,0,0,1,100.0,100.0,100.0,0,0,0,5,0,0,0,5,1,1,0,5,4,0
Joctavis Phillips,52031,G,COLO STATE,1,100.0,0,144,51.6,71.3,51.2,0,0,1,100.0,100.0,100.0,0,0,0,5,0,5,0,5,1,1,0,0,4,0
Tae Tae Crumes,99242,WR,KENTUCKY,4,41.7,0,202,66.1,,60.4,0,0,0,0.0,0.0,,0,0,0,5,0,0,0,12,0,7,0,0,5,0
Seth Boomer,77643,QB,TULSA,1,83.3,0,320,60.6,,60.0,0,0,0,,,,0,0,0,5,0,0,0,6,0,0,0,0,5,0
Zach Middleton,122976,HB,OKLA STATE,2,50.0,0,262,58.9,73.7,60.0,0,0,3,100.0,100.0,100.0,0,0,0,5,0,0,0,10,3,3,0,0,2,0
Evan Francioni,99249,WR,LSU,1,62.5,0,211,50.3,,44.3,0,0,0,0.0,0.0,,0,0,0,5,0,0,0,8,0,3,0,0,5,1
Tristan Bounds,144927,C,MICHIGAN,1,100.0,0,222,56.4,,55.5,0,0,0,,,,0,0,0,5,0,0,0,5,0,0,0,5,5,0
Chance Hofer,101341,WR,WYOMING,1,100.0,0,351,60.2,,60.0,0,0,0,,,,0,0,0,5,0,0,0,5,0,0,0,0,5,0
Cristian Dixon,144919,WR,MICHIGAN,1,55.6,0,222,58.1,,59.9,0,0,0,0.0,0.0,,0,0,0,5,0,0,0,9,0,4,0,0,5,0
Robert Smith,144898,WR,MARYLAND,1,100.0,0,215,60.4,,60.6,0,0,0,,,,0,0,0,5,0,0,0,5,0,0,0,0,5,0
Jake Henry,122971,C,OKLA STATE,1,100.0,0,262,57.7,,57.4,0,0,0,,,,0,0,0,5,5,0,0,5,0,0,0,0,5,0
Osmar Velez,101266,T,FRESNO ST,2,100.0,0,169,68.4,73.8,66.8,0,0,2,100.0,100.0,100.0,0,0,0,5,0,0,0,5,2,2,4,0,3,1
Steven Houston,52258,WR,S JOSE ST,1,71.4,0,285,57.4,,60.4,0,0,0,0.0,0.0,,0,0,0,5,0,0,0,7,0,2,0,0,5,0
Josh Kreutz,144805,G,ILLINOIS,2,83.3,0,187,41.9,,60.0,0,0,0,0.0,0.0,,1,0,0,5,0,0,0,6,0,1,0,0,5,6
Spencer Payne,124107,T,LSU,3,100.0,0,211,60.2,81.0,59.9,0,0,2,100.0,100.0,100.0,0,0,0,5,3,0,0,5,2,2,0,0,3,0
Seth Yost,60224,T,WASH STATE,1,100.0,0,341,45.9,,41.2,0,0,0,,,,0,0,0,5,0,0,0,5,0,0,0,5,5,0
Nicolas Rowan,101015,C,NAVY,2,100.0,0,237,53.4,,53.3,0,0,0,,,,0,0,0,5,0,0,0,5,0,0,5,0,5,0
Daniel George,84378,WR,PENN STATE,3,71.4,0,266,57.5,,60.7,0,0,0,0.0,0.0,,0,0,0,5,0,0,0,7,0,2,0,0,5,0
Nathan Hatter,99514,TE,TEXAS,1,100.0,0,311,58.6,,58.3,0,0,0,,,,0,0,0,5,0,0,0,5,0,0,0,0,5,5
Will Lansbury,61546,WR,NWESTERN,3,83.3,0,256,58.3,,60.7,0,0,0,0.0,0.0,,0,0,0,5,0,0,0,6,0,1,0,0,5,0
Kartik Akkihal,99528,WR,TEXAS,1,100.0,0,311,58.2,,56.0,0,0,0,,,,0,0,0,5,0,0,0,5,0,0,0,0,5,0
Danny Joiner,147316,G,ARMY,1,100.0,0,114,90.1,,81.4,0,0,0,,,,0,0,0,4,0,0,0,4,0,0,0,0,4,4
Zuberi Mobley,145187,HB,FAU,2,14.8,0,165,74.1,76.8,,0,0,4,22.2,21.1,100.0,0,0,0,4,0,0,0,27,4,19,0,0,0,0
River Helms,145539,TE,W KENTUCKY,1,80.0,0,346,55.2,,57.3,0,0,0,0.0,0.0,,0,0,0,4,0,0,0,5,0,1,0,0,4,5
Malique Dieudonne,145947,WR,W MICHIGAN,1,100.0,0,347,60.3,,60.4,0,0,0,,,,0,0,0,4,0,0,0,4,0,0,0,0,4,0
Remington Strickland,147014,T,TEXAS A&M,1,100.0,0,312,60.1,73.4,59.5,0,0,1,100.0,100.0,100.0,0,0,0,4,0,0,0,4,1,1,4,0,3,0
Ty Evans,99585,QB,TEXAS ST,2,80.0,0,314,67.5,,60.0,0,0,0,,,,0,0,0,4,0,0,0,5,0,0,0,0,4,0
Kennedy Lewis,99532,WR,UTSA,1,80.0,0,331,56.0,,59.7,0,0,0,0.0,0.0,,0,0,0,4,0,0,0,5,0,1,0,0,4,0
Mica Gelb,101541,G,MICHIGAN,1,100.0,0,222,59.5,,59.4,0,0,0,,,,0,0,0,4,0,0,0,4,0,0,4,0,4,0
Ke'Andre Collins,145737,WR,C MICHIGAN,1,57.1,0,134,56.9,,60.4,0,0,0,0.0,0.0,,0,0,0,4,0,0,0,7,0,2,0,0,4,0
Erin Collins,57342,HB,N ILLINOIS,4,33.3,0,254,52.6,0.0,60.0,0,0,1,33.3,33.3,100.0,0,0,0,4,0,0,0,12,1,3,0,0,3,0
Reginald Harden,122401,WR,FLORIDA ST,1,100.0,0,167,59.3,,58.1,0,0,0,,,,0,0,0,4,0,0,0,4,0,0,0,0,4,0
Gaston Moore,123756,QB,TENNESSEE,1,66.7,0,307,63.4,,60.0,0,0,0,0.0,0.0,,0,0,0,4,0,0,0,6,0,2,0,0,4,0
Cam Large,129923,TE,WISCONSIN,2,100.0,0,349,62.3,,63.2,0,0,0,,,,0,0,0,4,0,0,0,4,0,0,0,0,4,1
Devin Rockette,55699,CB,S ALABAMA,2,100.0,0,288,60.5,,61.1,0,0,0,,,,1,0,0,4,0,0,0,4,0,0,0,0,4,0
Nazir Burnett,97671,WR,TEMPLE,2,40.0,0,306,68.8,,60.1,0,0,0,0.0,0.0,,0,0,0,4,0,0,0,10,0,6,0,0,4,0
Calvin Muraski,145932,G,W MICHIGAN,1,100.0,0,347,60.0,,60.5,0,0,0,,,,0,0,0,4,0,0,4,4,0,0,0,0,4,0
Luke McEndoo,144654,FB,OKLA STATE,1,100.0,0,262,66.9,,69.6,0,0,0,,,,0,0,0,4,0,0,0,4,0,0,0,0,4,2
Tomas Rimac,144783,G,W VIRGINIA,1,100.0,0,343,59.7,,59.6,0,0,0,,,,0,0,0,4,0,0,0,4,0,0,4,0,4,0
Antavious Willis,100883,WR,SO MISS,3,8.9,0,296,57.2,,60.0,0,0,0,0.0,0.0,,2,0,0,4,0,0,0,45,0,14,0,0,4,0
Mitchell Hansen,123077,TE,TCU,3,66.7,0,305,67.5,,60.0,0,0,0,0.0,0.0,,0,0,0,4,0,0,0,6,0,2,0,0,4,5
Wyatt Begeal,147043,QB,ARK STATE,3,30.8,0,113,63.1,,60.0,0,0,0,,,,0,0,0,4,0,0,0,13,0,0,0,0,4,0
Lucky Avinger,129942,HB,S DIEGO ST,2,57.1,0,284,56.7,70.0,60.0,0,0,1,100.0,100.0,100.0,0,0,0,4,0,0,0,7,1,1,0,0,3,0
Chris Mayo,123425,G,W VIRGINIA,1,100.0,0,343,51.4,,49.5,0,0,0,,,,0,0,0,4,0,0,4,4,0,0,0,0,4,0
Jay'juan Townsend,147198,WR,S ALABAMA,2,40.0,0,288,77.0,,60.3,0,0,0,0.0,0.0,,0,0,0,4,0,0,0,10,0,6,0,0,4,0
Dayton Wade,97181,WR,W KENTUCKY,3,25.0,0,346,52.4,,60.4,0,0,0,0.0,0.0,,0,0,0,4,0,0,0,16,0,12,0,0,4,0
Ryan Campbell,146988,WR,TEXAS A&M,2,100.0,0,312,60.3,,60.3,0,0,0,,,,0,0,0,4,0,0,0,4,0,0,0,0,4,0
Rico Barfield,128012,HB,BALL ST,1,36.4,0,117,59.0,73.5,60.0,0,0,2,33.3,33.3,100.0,0,0,0,4,0,0,0,11,2,6,0,0,2,0
Malachi Taylor,147091,WR,COAST CAR,1,80.0,0,141,58.2,,59.3,0,0,0,0.0,0.0,,0,0,0,4,0,0,0,5,0,1,0,0,4,0
JT Galloway,84409,WR,GA SOUTHRN,1,100.0,0,174,59.9,,59.6,0,0,0,,,,0,0,0,4,0,0,0,4,0,0,0,0,4,0
Nick Dawkins,129773,C,PENN STATE,2,100.0,0,266,60.0,99.9,60.0,0,0,2,100.0,100.0,100.0,0,0,0,4,2,0,0,4,2,2,0,0,2,0
Kahleil Jackson,124381,WR,FLORIDA,1,44.4,0,163,55.0,,60.2,0,0,0,0.0,0.0,,0,0,0,4,0,0,0,9,0,5,0,0,4,0
Chris Washington,122228,C,MIAMI FL,1,100.0,0,220,59.0,,58.1,0,0,0,,,,0,0,0,4,0,0,0,4,0,0,0,4,4,0
Parker Self,143894,WR,FLORIDA ST,1,100.0,0,167,60.1,,60.0,0,0,0,,,,0,0,0,4,0,0,0,4,0,0,0,0,4,0
Jarrett Brown,97438,WR,WAKE,1,100.0,0,339,68.8,,79.1,0,0,0,,,,0,0,0,4,0,0,0,4,0,0,0,0,4,0
Josh Crabtree,122859,WR,NC STATE,3,80.0,0,248,58.0,,60.3,0,0,0,0.0,0.0,,0,0,0,4,0,0,0,5,0,1,0,0,4,0
Nolan Groulx,97431,WR,CHARLOTTE,1,80.0,0,136,58.3,,59.7,0,0,0,0.0,0.0,,0,0,0,4,0,0,0,5,0,1,0,0,4,0
Christian Moore,122608,FB,KANSAS ST,3,100.0,0,199,44.3,,39.0,0,0,0,,,,0,0,0,4,0,0,0,4,0,0,0,0,4,0
Jalen May,145427,WR,SO MISS,1,100.0,0,296,60.2,,60.2,0,0,0,,,,0,0,0,4,0,0,0,4,0,0,0,0,4,0
Trevor Pope,131750,WR,OREGON ST,1,80.0,0,265,58.8,,60.5,0,0,0,0.0,0.0,,0,0,0,4,0,0,0,5,0,1,0,0,4,0
AJ Rollins,145011,TE,NEBRASKA,2,100.0,0,238,57.9,,56.2,0,0,0,,,,0,0,0,4,0,0,0,4,0,0,0,0,4,2
Zavier Simpson,144207,WR,WAKE,1,100.0,0,339,60.1,,59.9,0,0,0,,,,0,0,0,4,0,0,0,4,0,0,0,0,4,0
Jaden Dottin,129774,WR,PENN STATE,4,66.7,0,266,57.0,,60.0,0,0,0,0.0,0.0,,0,0,0,4,0,0,0,6,0,2,0,0,4,0
Erik Russell,144203,T,WAKE,1,100.0,0,339,64.5,,67.4,0,0,0,,,,0,0,0,4,0,0,0,4,0,0,0,4,4,0
Shawn Hendershot,124206,TE,MISSOURI,1,80.0,0,229,91.7,,81.8,0,0,0,0.0,0.0,,0,0,0,4,0,0,0,5,0,1,0,0,4,5
Conner McIntee,156004,T,AIR FORCE,1,100.0,0,101,54.7,,53.4,0,0,0,,,,0,0,0,4,0,0,1,4,0,0,0,0,4,3
Deon Silas,144540,HB,IOWA STATE,5,12.9,0,193,66.3,77.2,,0,0,4,23.5,22.2,100.0,0,0,0,4,0,0,0,31,4,18,0,0,0,0
Marcus Williams,99458,T,TCU,1,100.0,0,305,60.2,71.6,59.2,0,0,1,100.0,100.0,100.0,0,0,0,4,0,0,4,4,1,1,0,0,3,0
Reed Buys,124159,T,MISS STATE,1,100.0,0,227,60.5,73.2,60.0,0,0,3,100.0,100.0,100.0,0,0,0,4,0,0,0,4,3,3,4,0,1,0
DJ Rogers,144696,TE,TCU,1,100.0,0,305,58.3,,56.5,0,0,0,,,,0,0,0,4,0,0,0,4,0,0,0,0,4,0
Shawn See,144773,T,W VIRGINIA,1,100.0,0,343,57.6,,55.8,0,0,0,,,,0,0,0,4,0,0,0,4,0,0,0,4,4,0
Amari Daniels,146991,HB,TEXAS A&M,4,14.3,0,312,87.2,19.8,60.0,0,0,1,20.0,20.0,100.0,0,0,0,4,0,0,0,28,1,5,0,0,3,0
Logan Kyle,124353,WR,VANDERBILT,2,40.0,0,333,56.7,,60.0,0,0,0,0.0,0.0,,0,0,0,4,0,0,0,10,0,6,0,0,4,0
Brandon Epton Jr.,144359,HB,SMU,7,6.5,0,287,67.3,72.2,60.0,0,0,1,3.6,3.6,100.0,0,0,0,4,0,0,0,62,1,28,0,0,3,0
Wil Froumy,77350,T,SYRACUSE,1,100.0,0,304,66.8,,66.6,0,0,0,,,,0,0,0,4,0,0,0,4,0,0,4,0,4,0
Austin Collins,122700,C,LOUISVILLE,1,100.0,0,210,59.3,,58.9,0,0,0,,,,0,0,0,4,4,0,0,4,0,0,0,0,4,0
Donavan Beaver,99418,G,W VIRGINIA,1,100.0,0,343,59.0,,58.8,0,0,0,,,,0,0,0,4,0,4,0,4,0,0,0,0,4,0
Sam Morse,144372,TE,SMU,1,100.0,0,287,58.5,,57.6,0,0,0,,,,0,0,0,4,0,0,0,4,0,0,0,0,4,2
Aaron Steinfeldt,144839,TE,INDIANA,1,100.0,0,190,69.3,,69.4,0,0,0,,,,0,0,0,4,0,0,0,4,0,0,0,0,4,4
Matt Smith,98287,TE,DUKE,1,57.1,0,154,53.4,69.8,55.1,0,0,2,40.0,40.0,100.0,0,0,0,4,0,0,0,7,2,5,0,0,2,1
Zukudo Igwenagu,98305,TE,RUTGERS,1,80.0,0,278,47.1,,44.4,0,0,0,0.0,0.0,,0,0,0,4,0,0,0,5,0,1,0,0,4,3
Demetrius Cannon,144148,WR,LOUISVILLE,1,66.7,0,210,56.4,,59.0,0,0,0,0.0,0.0,,0,0,0,4,0,0,0,6,0,2,0,0,4,0
Robert Elder IV,99666,T,FLORIDA ST,1,100.0,0,167,58.2,,49.9,0,0,0,,,,0,0,0,4,4,0,0,4,0,0,0,0,4,0
Caziah Holmes,129782,HB,PENN STATE,3,44.4,0,266,65.7,9.2,60.0,0,0,2,100.0,100.0,50.0,0,1,1,4,0,0,0,9,2,2,0,0,2,0
Taye McWilliams,122275,HB,BAYLOR,3,14.8,0,118,90.5,70.0,58.6,0,0,1,14.3,14.3,100.0,0,0,0,4,0,0,0,27,1,7,0,0,3,0
Robert Burns,57293,HB,UCONN,4,20.0,0,146,72.0,67.7,60.0,0,0,1,20.0,20.0,100.0,0,0,0,4,0,0,0,20,1,5,0,0,3,0
Victor Wikstrom,144787,TE,W VIRGINIA,1,100.0,0,343,59.7,,59.4,0,0,0,,,,0,0,0,4,0,0,0,4,0,0,0,0,4,4
Jake Rogers,97075,WR,BOWL GREEN,3,100.0,0,122,60.3,,60.0,0,0,0,,,,0,0,0,4,0,0,0,4,0,0,0,0,4,0
Beau Lombardi,121585,G,ARMY,2,100.0,0,114,67.2,,68.1,0,0,0,,,,0,0,0,4,0,2,2,4,0,0,0,0,4,0
Lucas Desjardins,144412,WR,TULANE,1,100.0,0,319,60.1,,60.1,0,0,0,,,,0,0,0,4,0,0,0,4,0,0,0,0,4,0
Jaylen Sargent,150700,WR,WYOMING,1,100.0,0,351,60.1,,60.0,0,0,0,,,,0,0,0,4,0,0,0,4,0,0,0,0,4,0
Trevor Evans,144417,WR,TULANE,1,100.0,0,319,60.3,,60.1,0,0,0,,,,0,0,0,4,0,0,0,4,0,0,0,0,4,0
Austin Brougham,123134,WR,TEXAS TECH,1,100.0,0,315,60.3,,60.4,0,0,0,,,,0,0,0,4,0,0,0,4,0,0,0,0,4,0
Tate Ratledge,124034,G,GEORGIA,1,100.0,0,173,55.6,75.3,60.0,0,0,3,100.0,100.0,100.0,0,0,0,4,0,0,0,4,3,3,4,0,1,0
Daniel Bushland,84272,WR,TEXAS A&M,1,100.0,0,312,52.1,,42.2,0,0,0,,,,0,0,0,4,0,0,0,4,0,0,0,0,4,0
Josh Oglesby,123960,HB,ARKANSAS,2,44.4,0,111,66.2,,60.0,0,0,0,0.0,0.0,,0,0,0,4,0,0,0,9,0,1,0,0,4,0
Chris Akporoghene,99050,G,TENNESSEE,1,100.0,0,307,58.8,68.2,58.6,0,0,1,100.0,100.0,100.0,0,0,0,4,0,0,0,4,1,1,4,0,3,0
Mikel Barkley,98748,WR,TCU,3,36.4,0,305,77.6,,60.5,0,0,0,0.0,0.0,,0,0,0,4,0,0,0,11,0,7,0,0,4,0
Chester Baah,98089,G,TULSA,1,100.0,0,320,53.2,,53.0,0,0,0,,,,0,0,0,4,0,4,0,4,0,0,0,0,4,0
Reed Rutkowski,123233,WR,TULANE,1,100.0,0,319,60.3,,60.5,0,0,0,,,,0,0,0,4,0,0,0,4,0,0,0,0,4,0
Tanner Dobrucky,83771,WR,TENNESSEE,1,66.7,0,307,57.3,,60.0,0,0,0,0.0,0.0,,0,0,0,4,0,0,0,6,0,2,0,0,4,0
Jalen Montgomery,121815,HB,MIDDLE TN,2,33.3,0,224,65.7,,58.3,0,0,0,0.0,0.0,,0,0,0,4,0,0,0,12,0,1,0,0,4,0
Dean Tate,100212,WR,BALL ST,3,44.4,0,117,57.1,,59.6,0,0,0,0.0,0.0,,0,0,0,4,0,0,0,9,0,5,0,0,4,0
Marqeese Dietz,155299,HB,DOMINION,2,100.0,0,263,60.0,,60.0,0,0,0,,,,0,0,0,4,0,0,0,4,0,0,0,0,4,0
Thomas Reid III,61132,WR,ARIZONA,2,100.0,0,109,60.0,,60.0,0,0,0,,,,0,0,0,4,0,0,0,4,0,0,0,0,4,0
Tyler Sweet,121825,WR,MIDDLE TN,2,40.0,0,224,56.0,,60.5,0,0,0,0.0,0.0,,0,0,0,4,0,0,0,10,0,6,0,0,4,0
Nick Kargman,98022,QB,W MICHIGAN,1,100.0,0,347,60.0,,60.0,0,0,0,,,,0,0,0,4,0,0,0,4,0,0,0,0,4,0
Artie Henry,84278,WR,VIRGINIA,1,80.0,0,335,43.1,,60.4,0,0,0,0.0,0.0,,0,0,0,4,0,0,0,5,0,1,0,0,4,0
Braeden Kobza,99056,G,TEXAS A&M,1,100.0,0,312,63.2,72.1,64.9,0,0,1,100.0,100.0,100.0,0,0,0,4,4,0,0,4,1,1,0,0,3,0
Walker Eget,146170,QB,S JOSE ST,1,30.8,0,285,29.0,,60.0,0,0,0,0.0,0.0,,0,0,0,4,0,0,0,13,0,8,0,0,4,0
Ethan Onianwa,155966,T,RICE,3,100.0,0,275,57.0,,56.8,0,0,0,,,,1,0,0,4,0,0,0,4,0,0,0,0,4,3
Brad George,97153,LS,KENT STATE,4,100.0,0,201,60.0,60.9,60.0,0,0,0,,100.0,,0,0,0,4,2,0,0,4,1,1,0,0,3,0
Jalen McCoslin,144751,WR,TEXAS TECH,1,100.0,0,315,60.3,,60.3,0,0,0,,,,0,0,0,4,0,0,0,4,0,0,0,0,4,0
Travis Drosos,131675,LS,S ALABAMA,2,100.0,0,288,60.0,,60.1,0,0,0,,,,0,0,0,4,0,0,0,4,0,0,0,0,4,0
Noah Drummond,77468,G,W VIRGINIA,1,100.0,0,343,56.2,,54.4,0,0,0,,,,0,0,0,4,4,0,0,4,0,0,0,0,4,0
Jordan Ferguson,56995,ED,MIDDLE TN,4,66.7,1,224,83.0,,69.0,0,0,0,0.0,0.0,,3,0,0,4,0,0,0,6,0,2,0,0,4,4
Jonathan Shepherd,78094,WR,OKLA STATE,1,66.7,0,262,57.3,,60.1,0,0,0,0.0,0.0,,0,0,0,4,0,0,0,6,0,2,0,0,4,0
Rashawn Yates,86850,ED,USF,3,100.0,0,327,60.3,63.8,71.1,0,0,1,100.0,100.0,100.0,0,0,0,4,0,0,0,4,1,1,0,0,3,0
Chance Lovertich,121427,QB,MISS STATE,2,15.4,0,227,56.2,,60.0,0,0,0,0.0,0.0,,0,0,0,4,0,0,0,26,0,21,0,0,4,0
Randall Brown,122322,HB,COAST CAR,2,100.0,0,141,59.4,,58.7,0,0,0,,,,0,0,0,4,0,0,0,4,0,0,0,0,4,0
Devin Richardson,75820,LB,TEXAS,3,100.0,0,311,58.5,64.3,57.4,0,0,1,100.0,100.0,100.0,0,0,0,4,0,0,0,4,1,1,0,0,3,0
Damarius Good,98554,HB,UCF,2,80.0,0,323,56.2,,58.7,0,0,0,,,,0,0,0,4,0,0,0,5,0,0,0,0,4,0
Luca Diamont,122370,QB,DUKE,2,36.4,0,154,77.8,,60.0,0,0,0,0.0,0.0,,0,0,0,4,0,0,0,11,0,3,0,0,4,0
Daimarqua Foster,97186,HB,TCU,4,9.5,0,305,55.9,73.9,58.7,0,0,2,12.5,12.5,100.0,0,0,0,4,0,0,0,42,2,16,0,0,2,0
Justin Mellenbruch,82529,TE,TEXAS A&M,1,100.0,0,312,69.0,,68.6,0,0,0,,,,0,0,0,4,0,0,0,4,0,0,0,0,4,4
Alex Berrouet,146003,HB,COLO STATE,1,33.3,0,144,57.0,69.7,60.0,0,0,1,50.0,50.0,100.0,0,0,0,4,0,0,0,12,1,2,0,0,3,0
Dylan Ratliff,84522,QB,CHARLOTTE,1,80.0,0,136,57.5,,60.0,0,0,0,,,,0,0,0,4,0,0,0,5,0,0,0,0,4,0
Ralph Rucker IV,144625,QB,OKLAHOMA,1,66.7,0,261,63.4,,60.0,0,0,0,0.0,0.0,,0,0,0,4,0,0,0,6,0,2,0,0,4,0
Michael Lavergne,144424,WR,TULANE,1,100.0,0,319,60.1,,59.9,0,0,0,,,,0,0,0,4,0,0,0,4,0,0,0,0,4,0
Aaron McLaughlin,143998,QB,NC STATE,2,80.0,0,248,59.1,,60.0,0,0,0,,,,0,0,0,4,0,0,0,5,0,0,0,0,4,0
Devontae Dobbs,101574,T,MEMPHIS,2,100.0,0,218,56.9,26.2,,1,0,4,100.0,100.0,87.5,0,1,0,4,0,0,4,4,4,4,0,0,0,0
Jeff Nwankwo,144428,WR,TULANE,1,100.0,0,319,60.3,,60.4,0,0,0,,,,0,0,0,4,0,0,0,4,0,0,0,0,4,0
Armoni Goodwin,146764,HB,LSU,6,11.4,0,211,63.7,72.4,59.7,0,0,2,12.5,11.8,100.0,0,0,0,4,0,0,0,35,2,17,0,0,2,0
Jackson Portis-Escoto,144432,WR,TULANE,1,100.0,0,319,60.3,,60.3,0,0,0,,,,0,0,0,4,0,0,0,4,0,0,0,0,4,0
Elliott Brown,129678,WR,NEBRASKA,1,100.0,0,238,59.8,,59.4,0,0,0,,,,0,0,0,4,0,0,0,4,0,0,0,0,4,0
Jalen Coit,122858,WR,NC STATE,1,66.7,0,248,77.3,,60.3,0,0,0,0.0,0.0,,0,0,0,4,0,0,0,6,0,2,0,0,4,0
Will Choloh,82509,DI,TROY,1,100.0,0,318,52.6,,48.7,0,0,0,,,,4,0,0,4,0,0,0,4,0,0,0,0,4,0
Hans Lillis,123545,TE,BOSTON COL,2,80.0,0,121,56.1,,57.5,0,0,0,0.0,0.0,,0,0,0,4,0,0,0,5,0,1,0,0,4,5
Kelan Walker,77749,HB,HOUSTON,1,100.0,0,182,60.0,,60.0,0,0,0,,,,0,0,0,3,0,0,0,3,0,0,0,0,3,0
Christian Leary,146589,WR,ALABAMA,5,15.8,0,103,70.8,70.0,60.0,0,0,1,7.7,7.1,100.0,0,0,0,3,0,0,0,19,1,14,0,0,2,0
Jackson Canaan,128321,TE,S JOSE ST,4,10.0,0,285,51.0,65.3,60.0,0,0,1,3.8,3.6,100.0,0,0,0,3,0,0,0,30,1,28,0,0,2,23
Kenny Frazier,97175,WR,TEXAS ST,3,75.0,0,314,57.7,,60.0,0,0,0,0.0,0.0,,0,0,0,3,0,0,0,4,0,1,0,0,3,0
Terry Wilkins,121829,HB,MIDDLE TN,1,75.0,0,224,66.5,,60.0,0,0,0,,,,0,0,0,3,0,0,0,4,0,0,0,0,3,0
Landon Rogers,146628,QB,ARKANSAS,1,100.0,0,111,59.9,,59.7,0,0,0,,,,0,0,0,3,0,0,0,3,0,0,0,0,3,2
Austin Barber,146692,G,FLORIDA,1,100.0,0,163,59.9,,59.7,0,0,0,,,,0,0,0,3,0,0,0,3,0,0,0,3,3,0
Eli Kosanovich,99590,QB,PITTSBURGH,1,100.0,0,268,60.0,,60.0,0,0,0,,,,0,0,0,3,0,0,0,3,0,0,0,0,3,0
Trey Kiser,147212,LB,S ALABAMA,2,100.0,0,288,60.0,,60.3,0,0,0,,,,1,0,0,3,0,0,0,3,0,0,0,0,3,0
Jake Slaughter,146693,G,FLORIDA,1,100.0,0,163,59.0,,63.8,0,0,0,,,,1,0,0,3,3,0,0,3,0,0,0,0,3,0
Greg Brown II,128256,T,NEW MEXICO,2,100.0,0,241,60.0,,60.0,0,0,0,,,,0,0,0,3,0,0,0,3,0,0,0,0,3,3
Clay Millen,146082,QB,NEVADA,2,30.0,0,239,38.2,,60.0,0,0,0,0.0,0.0,,0,0,0,3,0,0,0,10,0,4,0,0,3,0
Devin Gunter,128231,CB,NEVADA,1,27.3,0,239,47.8,,60.0,0,0,0,0.0,0.0,,1,0,0,3,0,0,0,11,0,8,0,0,3,0
Demouy Kennedy,123923,HB,ALABAMA,1,21.4,0,103,58.1,45.9,,0,1,3,42.9,42.9,83.3,0,1,0,3,0,0,0,14,3,7,0,0,0,0
Dario Longhetto,82633,K,CAL,3,100.0,0,130,60.0,61.9,60.4,0,0,0,,100.0,,0,0,0,3,0,0,0,3,1,1,0,0,2,0
Tyler Lacy,76836,ED,OKLA STATE,1,75.0,0,262,44.5,,47.0,0,0,0,0.0,0.0,,1,0,0,3,0,0,0,4,0,1,0,0,3,4
Keenan Brown,146001,WR,COLO STATE,3,33.3,0,144,55.0,,60.0,0,0,0,0.0,0.0,,0,0,0,3,0,0,0,9,0,6,0,0,3,0
Seth Meador,133207,HB,AIR FORCE,2,100.0,0,101,60.0,,60.0,0,0,0,,,,0,0,0,3,0,0,0,3,0,0,0,0,3,0
Aireontae Ersery,129649,T,MINNESOTA,1,100.0,0,225,60.1,,60.2,0,0,0,,,,0,0,0,3,0,0,3,3,0,0,0,0,3,0
Patrick Reedy,84048,TE,S CAROLINA,1,100.0,0,289,69.0,,70.7,0,0,0,,,,0,0,0,3,0,0,0,3,0,0,0,0,3,3
Campbell Riddle,75779,LS,RICE,3,100.0,0,275,60.0,,60.0,0,0,0,,,,0,0,0,3,0,0,0,3,0,0,0,0,3,0
Corey Rau,42262,TE,OHIO STATE,2,75.0,0,260,46.6,,47.0,0,0,0,0.0,0.0,,0,0,0,3,0,0,0,4,0,1,0,0,3,3
C.J. Jones,57426,CB,W KENTUCKY,5,16.7,0,346,64.5,76.2,60.0,0,0,2,18.2,15.4,100.0,0,0,0,3,0,0,0,18,2,13,0,0,1,0
Gage Haskin,121927,TE,SMU,1,60.0,0,287,54.2,,57.7,0,0,0,0.0,0.0,,0,0,0,3,0,0,0,5,0,2,0,0,3,2
Ty Hahn,129691,WR,NEBRASKA,1,100.0,0,238,60.1,,60.0,0,0,0,,,,0,0,0,3,0,0,0,3,0,0,0,0,3,0
Cole Wright,128143,WR,BOISE ST,1,100.0,0,120,60.0,,60.0,0,0,0,,,,0,0,0,3,0,0,0,3,0,0,0,0,3,0
Tank Smith,109112,HB,PENN STATE,2,42.9,0,266,61.5,,60.9,0,0,0,,,,0,0,0,3,0,0,0,7,0,0,0,0,3,0
Jaxon Player,77002,DI,TULSA,3,100.0,0,320,60.0,,57.7,0,0,0,,,,4,0,0,3,0,0,0,3,0,0,0,0,3,0
Russell Corrigan,128124,TE,BOISE ST,1,100.0,0,120,60.0,,60.0,0,0,0,,,,0,0,0,3,0,0,0,3,0,0,0,0,3,3
Chance Carroll,122826,T,N CAROLINA,1,100.0,0,245,59.9,,59.4,0,0,0,,,,0,0,0,3,3,0,0,3,0,0,0,0,3,0
Julian Simpson,101249,G,BOISE ST,1,100.0,0,120,60.0,,60.0,0,0,0,,,,0,0,0,3,0,0,0,3,0,0,3,0,3,0
Sincere Brown,123276,WR,USF,2,60.0,0,327,57.1,,60.2,0,0,0,0.0,0.0,,0,0,0,3,0,0,0,5,0,2,0,0,3,0
Michael Cucci,123278,WR,USF,1,100.0,0,327,60.0,,60.0,0,0,0,,,,0,0,0,3,0,0,0,3,0,0,0,0,3,0
Pete Nygra,145875,T,N ILLINOIS,2,100.0,0,254,59.4,,58.5,0,0,0,,,,0,0,0,3,0,0,0,3,0,0,0,0,3,0
Ka'Dedrick Richardson,105026,WR,MEMPHIS,2,50.0,0,218,57.2,,59.6,0,0,0,0.0,0.0,,0,0,0,3,0,0,0,6,0,3,0,0,3,0
Shaka Heyward,77120,LB,DUKE,2,100.0,0,154,60.0,,60.0,0,0,0,,,,3,0,0,3,0,0,0,3,0,0,0,0,3,0
Darez Snider,128011,HB,MIAMI OH,3,25.0,0,221,71.1,,59.9,0,0,0,,,,0,0,0,3,0,0,0,12,0,0,0,0,3,0
Bailey Purcell,123291,WR,USF,1,100.0,0,327,60.0,,59.8,0,0,0,,,,0,0,0,3,0,0,0,3,0,0,0,0,3,0
Michael Myslinski,144857,G,IOWA,1,100.0,0,192,60.0,0.0,60.0,1,0,1,100.0,100.0,50.0,0,1,0,3,3,0,0,3,1,1,0,0,2,0
Kai Holloway,154041,WR,MARYLAND,1,100.0,0,215,60.1,,60.0,0,0,0,,,,0,0,0,3,0,0,0,3,0,0,0,0,3,0
Charles Coleman III,82166,ED,S ALABAMA,2,100.0,0,288,60.0,,60.4,0,0,0,,,,4,0,0,3,0,0,0,3,0,0,0,0,3,0
Golden Israel-Achumba,129783,C,PENN STATE,1,100.0,0,266,54.3,,54.0,0,0,0,,,,0,0,0,3,0,0,0,3,0,0,3,0,3,0
Magnus Geers,125326,TE,TEMPLE,1,100.0,0,306,54.0,64.4,52.0,0,0,1,100.0,100.0,100.0,0,0,0,3,0,0,0,3,1,1,0,0,2,3
Joey Yellen,71430,QB,PITTSBURGH,1,100.0,0,268,60.0,,60.0,0,0,0,,,,0,0,0,3,0,0,0,3,0,0,0,0,3,0
Trey Zimmerman,122851,G,N CAROLINA,1,100.0,0,245,60.0,74.8,,0,0,3,100.0,100.0,100.0,0,0,0,3,0,3,0,3,3,3,0,0,0,0
John Taylor,58342,LS,DUKE,2,100.0,0,154,60.0,,60.0,0,0,0,,,,0,0,0,3,0,0,0,3,0,0,0,0,3,0
Nalin Fox,129811,T,PURDUE,1,100.0,0,273,60.0,65.6,60.0,0,0,1,100.0,100.0,100.0,0,0,0,3,0,0,0,3,1,1,0,3,2,0
Marcus Crowley,97626,HB,OHIO STATE,3,8.6,0,260,75.5,74.0,60.0,0,0,1,9.1,15.4,100.0,0,0,0,3,0,0,0,35,2,13,0,0,1,0
Mike Kosar,124411,TE,VIRGINIA,3,100.0,0,335,60.0,,60.0,0,0,0,,,,0,0,0,3,0,0,0,3,0,0,0,0,3,2
Chris Stoll,58391,LS,PENN STATE,3,75.0,0,266,60.7,99.9,60.0,0,0,2,66.7,66.7,100.0,0,0,0,3,1,0,0,4,2,3,0,0,1,0
Ryan McMillan,147227,C,TEXAS ST,1,100.0,0,314,58.5,,57.1,0,0,0,,,,0,0,0,3,0,0,0,3,0,0,0,3,3,0
Colson Altman,59722,C,TCU,1,100.0,0,305,60.5,,60.5,0,0,0,,,,0,0,0,3,1,0,0,3,0,0,2,0,3,0
JH Tevis,81953,DI,CAL,3,100.0,1,130,60.0,61.9,60.4,0,0,0,,100.0,,1,0,0,3,0,0,0,3,1,1,0,0,2,0
Tajay Ahmed,97622,HB,BUFFALO,1,37.5,0,126,81.2,,60.0,0,0,0,,,,0,0,0,3,0,0,0,8,0,0,0,0,3,0
Jacoby Clarke,99494,HB,BAYLOR,1,60.0,0,118,63.0,,60.0,0,0,0,,,,0,0,0,3,0,0,0,5,0,0,0,0,3,0
Chris Henderson,43249,ED,S ALABAMA,2,100.0,0,288,60.0,,60.0,0,0,0,,,,0,0,0,3,0,0,0,3,0,0,0,0,3,0
Mandela Lawrence-Burke,43352,LB,KENT STATE,4,75.0,1,201,63.9,60.9,60.0,0,0,0,,100.0,,2,0,0,3,0,0,0,4,1,1,0,0,2,0
Jonathan Kuhler,123354,T,VA TECH,2,100.0,0,337,60.1,,60.0,0,0,0,,,,0,0,0,3,0,0,0,3,0,0,3,0,3,0
Chavion Smith,145574,HB,CHARLOTTE,1,25.0,0,136,61.8,71.3,60.0,0,0,2,40.0,40.0,100.0,0,0,0,3,0,0,0,12,2,5,0,0,1,0
Aaron Castro,99456,T,TEXAS TECH,2,100.0,0,315,61.9,,64.6,0,0,0,,,,0,0,0,3,1,0,0,3,0,0,2,0,3,0
Ryan Aguilar,102805,LS,ARMY,2,100.0,0,114,60.0,97.8,60.0,0,0,1,100.0,100.0,100.0,0,0,0,3,0,0,0,3,2,2,0,0,1,0
Christian Johnstone,102797,LS,APP STATE,3,100.0,0,108,60.0,,60.0,0,0,0,,,,0,0,0,3,0,0,0,3,0,0,0,0,3,0
Rasheed Miller,122451,G,GA SOUTHRN,1,100.0,0,174,57.7,,55.9,0,0,0,,,,0,0,0,3,0,0,0,3,0,0,0,3,3,0
Blaze Doxzon,122512,HB,IOWA STATE,1,100.0,0,193,60.0,,60.0,0,0,0,,,,0,0,0,3,0,0,0,3,0,0,0,0,3,2
Rocky Beers,156005,TE,AIR FORCE,1,100.0,0,101,59.1,,58.4,0,0,0,,,,0,0,0,3,0,0,0,3,0,0,0,0,3,3
Dallas Gamble,97483,CB,S ALABAMA,2,100.0,0,288,60.0,,60.4,0,0,0,,,,0,0,0,3,0,0,0,3,0,0,0,0,3,0
Caleb Murray,62660,C,BALL ST,1,100.0,0,117,60.1,,60.2,0,0,0,,,,0,0,0,3,0,0,0,3,0,0,0,3,3,0
Jason Medeiros,130264,C,AIR FORCE,1,100.0,0,101,60.2,,66.0,0,0,0,,,,0,0,0,3,3,0,0,3,0,0,0,0,3,0
Derek Bowman,123654,T,HOUSTON,1,100.0,0,182,60.1,65.9,60.1,0,0,1,100.0,100.0,100.0,0,0,0,3,0,0,0,3,1,1,0,3,2,0
Benil Johnson,123670,G,HOUSTON,1,100.0,0,182,65.0,67.3,63.5,0,0,1,100.0,100.0,100.0,0,0,0,3,0,3,0,3,1,1,0,0,2,0
Bryce Damous,145450,TE,UAB,1,100.0,0,321,59.1,,58.1,0,0,0,,,,0,0,0,3,0,0,0,3,0,0,0,0,3,1
A.J. Gates,145444,HB,UAB,3,30.0,0,321,60.9,,60.0,0,0,0,,,,0,0,0,3,0,0,0,10,0,0,0,0,3,0
Jacob Shaffer,130316,TE,AKRON,2,100.0,0,102,58.8,,51.6,0,0,0,,,,0,0,0,3,0,0,0,3,0,0,0,0,3,0
Ethan Nguyen,144334,LS,NAVY,3,100.0,0,237,60.0,63.8,60.0,0,0,1,100.0,100.0,100.0,0,0,0,3,0,0,0,3,1,1,0,0,2,0
Will Crowley,99686,TE,N CAROLINA,1,75.0,0,245,58.4,,58.2,0,0,0,,0.0,,0,0,0,3,0,0,0,4,0,1,0,0,3,0
Mike Gregoire,84517,WR,WISCONSIN,1,100.0,0,349,60.0,,60.0,0,0,0,,,,0,0,0,3,0,0,0,3,0,0,0,0,3,0
Michael Maye,77357,C,GA TECH,1,100.0,0,176,55.9,68.4,56.8,0,0,1,100.0,100.0,100.0,0,0,0,3,0,0,0,3,1,1,3,0,2,0
Iverson Celestine,144406,HB,TULANE,4,10.7,0,319,73.2,0.0,59.8,0,1,1,16.7,16.7,50.0,0,1,0,3,0,0,0,28,1,6,0,0,2,0
Cooper Smith,147317,G,ARMY,2,100.0,0,114,60.0,,59.7,0,0,0,,,,0,0,0,3,0,2,0,3,0,0,0,0,3,0
Taharin Sudderth,145306,TE,MIDDLE TN,1,100.0,0,224,59.4,,59.0,0,0,0,,,,0,0,0,3,0,0,0,3,0,0,0,0,3,3
Bob Schick,144103,T,VA TECH,2,100.0,0,337,60.0,,60.2,0,0,0,,,,0,0,0,3,0,0,0,3,0,0,0,3,3,0
Jack Powers,78114,WR,TCU,1,100.0,0,305,60.1,,60.0,0,0,0,,,,0,0,0,3,0,0,0,3,0,0,0,0,3,0
Parker Alford,99529,WR,TEXAS,1,100.0,0,311,60.2,,60.3,0,0,0,,,,0,0,0,3,0,0,0,3,0,0,0,0,3,0
Brendon Evers,57020,DI,OKLA STATE,1,75.0,0,262,45.8,,41.0,0,0,0,0.0,0.0,,0,0,0,3,0,0,0,4,0,1,0,0,3,0
Isaiah Bravo,100828,QB,UTEP,2,33.3,0,330,54.5,,60.0,0,0,0,,,,0,0,0,3,0,0,0,9,0,0,0,0,3,0
Hank Manos,81841,T,S CAROLINA,2,100.0,0,289,59.9,67.6,59.6,0,0,0,,100.0,,0,0,0,3,1,0,0,3,1,1,2,0,2,0
Pierce Quick,99062,G,ALABAMA,1,100.0,0,103,60.0,,59.8,0,0,0,,,,0,0,0,3,0,3,0,3,0,0,0,0,3,0
Jake Smithhart,155934,QB,SO MISS,2,42.9,0,296,27.7,,60.0,0,0,0,0.0,0.0,,0,0,0,3,0,0,0,7,0,2,0,0,3,0
Matt Metrosky,144030,G,PITTSBURGH,1,100.0,0,268,58.0,,57.8,0,0,0,,,,0,0,0,3,0,0,0,3,0,0,3,0,3,0
T.J. Huggins,144419,WR,TULANE,1,100.0,0,319,60.1,,60.0,0,0,0,,,,0,0,0,3,0,0,0,3,0,0,0,0,3,0
Kobe Paysour,143974,WR,N CAROLINA,1,100.0,0,245,60.1,,60.1,0,0,0,,,,0,0,0,3,0,0,0,3,0,0,0,0,3,0
Tevin Jeannis,84365,WR,OREGON,1,60.0,0,264,59.9,,60.2,0,0,0,0.0,0.0,,0,0,0,3,0,0,0,5,0,2,0,0,3,0
Diego Fagot,77563,LB,NAVY,4,75.0,1,237,66.0,63.8,60.0,0,0,1,100.0,100.0,100.0,4,0,0,3,0,0,0,4,1,1,0,0,2,0
Richard Taylor,81743,G,MISSOURI,2,100.0,0,229,60.1,64.8,60.1,0,0,1,100.0,100.0,100.0,0,0,0,3,0,0,2,3,1,1,0,0,2,1
John Kelly III,77564,ED,NAVY,4,75.0,0,237,58.4,,61.0,0,0,0,0.0,0.0,,0,0,0,3,0,0,0,4,0,1,0,0,3,0
Jacob Isaia,81727,G,MICH STATE,2,100.0,0,223,60.0,,60.0,0,0,0,,,,0,0,0,3,1,0,0,3,0,0,1,0,3,0
Charlie Browder,144455,TE,UCF,4,50.0,0,323,55.9,66.0,59.9,0,0,1,25.0,25.0,100.0,0,0,0,3,0,0,0,6,1,4,0,0,2,3
Jackson Acker,145157,HB,WISCONSIN,2,27.3,0,349,53.3,,69.8,0,0,0,0.0,0.0,,0,0,0,3,0,0,0,11,0,2,0,0,3,1
Kyonte Hamilton,145148,DI,RUTGERS,3,100.0,0,278,59.9,,59.5,0,0,0,,,,1,0,0,3,0,0,0,3,0,0,0,0,3,1
Will Huggins,78018,WR,MIAMI FL,1,100.0,0,220,59.3,,58.7,0,0,0,,,,0,0,0,3,0,0,0,3,0,0,0,0,3,0
Quinn McCarthy,100539,C,WASH STATE,3,100.0,0,341,60.0,60.9,60.0,0,0,0,,100.0,,0,0,0,3,0,0,0,3,1,1,0,1,2,0
Gray Goodwyn,77984,WR,N CAROLINA,1,100.0,0,245,60.0,,60.0,0,0,0,,,,0,0,0,3,0,0,0,3,0,0,0,0,3,0
Jarveon Howard,77710,HB,SYRACUSE,2,21.4,0,304,72.1,,60.0,0,0,0,0.0,0.0,,0,0,0,3,0,0,0,14,0,4,0,0,3,0
Jeremiah Howard,130557,WR,N ILLINOIS,1,100.0,0,254,60.1,,60.2,0,0,0,,,,0,0,0,3,0,0,0,3,0,0,0,0,3,0
Nik Scalzo,99137,QB,KENTUCKY,1,100.0,0,202,60.0,,60.0,0,0,0,,,,0,0,0,3,0,0,0,3,0,0,0,0,3,0
Blake Watson,81655,C,GEORGIA,1,100.0,0,173,62.3,,68.9,0,0,0,,,,0,0,0,3,0,0,0,3,0,0,0,3,3,0
Demarcus Jones II,99614,HB,NC STATE,2,75.0,0,248,59.6,72.7,60.0,0,0,1,100.0,100.0,100.0,0,0,0,3,0,0,0,4,1,1,0,0,2,0
Isaiah Stewart,99613,WR,PITTSBURGH,1,100.0,0,268,60.1,,60.0,0,0,0,,,,0,0,0,3,0,0,0,3,0,0,0,0,3,0
Parker Navarro,123758,QB,UCF,4,25.0,0,323,75.2,,60.0,0,0,0,0.0,0.0,,0,0,0,3,0,0,0,12,0,2,0,0,3,0
Josh Junko,99602,WR,PITTSBURGH,1,100.0,0,268,60.0,,60.0,0,0,0,,,,0,0,0,3,0,0,0,3,0,0,0,0,3,0
Keegan Wilburn,130608,WR,OHIO,2,100.0,0,259,60.0,,59.8,0,0,0,,,,0,0,0,3,0,0,0,3,0,0,0,0,3,0
Kanoa Shannon,100603,HB,OREGON ST,3,50.0,0,265,59.1,73.4,60.0,0,0,1,50.0,50.0,100.0,0,0,0,3,0,0,0,6,1,2,0,0,2,0
Mekhi Mews,155982,WR,GEORGIA,1,100.0,0,173,58.5,,56.2,0,0,0,,,,0,0,0,3,0,0,0,3,0,0,0,0,3,0
Luke DelGaudio,123006,WR,PITTSBURGH,1,100.0,0,268,60.1,,60.2,0,0,0,,,,0,0,0,3,0,0,0,3,0,0,0,0,3,0
Matt Altsman,123001,C,PITTSBURGH,1,100.0,0,268,59.8,,59.4,0,0,0,,,,0,0,0,3,3,0,0,3,0,0,0,0,3,0
Noah Bolticoff,144695,G,TCU,1,100.0,0,305,59.5,,59.4,0,0,0,,,,0,0,0,3,0,3,0,3,0,0,0,0,3,0
Christopher Johnson,147379,TE,UCONN,4,17.6,0,146,53.5,65.4,59.9,0,0,1,6.7,6.7,100.0,1,0,0,3,0,0,0,17,1,15,0,0,2,6
James Carnie,145009,TE,NEBRASKA,2,100.0,0,238,59.6,,59.1,0,0,0,,,,0,0,0,3,0,0,0,3,0,0,0,0,3,2
Ashton Authement,100657,WR,UCLA,1,100.0,0,324,60.1,,60.1,0,0,0,,,,0,0,0,3,0,0,0,3,0,0,0,0,3,0
Brandon Johnson,143858,CB,DUKE,2,100.0,0,154,60.0,,59.7,0,0,0,,,,0,0,0,3,0,0,0,3,0,0,0,0,3,0
Tariq Castro-Fields,55689,CB,PENN STATE,2,100.0,0,266,60.0,,60.0,0,0,0,,,,3,0,0,3,0,0,0,3,0,0,0,0,3,0
Eli Sanders,144541,HB,IOWA STATE,3,12.0,0,193,66.6,73.7,60.0,0,0,2,14.3,13.3,100.0,0,0,0,3,0,0,0,25,2,15,0,0,1,0
Owen Burk,131511,FB,AIR FORCE,2,33.3,0,101,68.5,,59.9,0,0,0,,,,0,0,0,3,0,0,0,9,0,0,0,0,3,0
JR Justice,84398,WR,TCU,1,100.0,0,305,60.1,,60.0,0,0,0,,,,0,0,0,3,0,0,0,3,0,0,0,0,3,0
Marcus Major Jr.,99488,HB,OKLAHOMA,3,11.1,0,261,83.0,75.1,60.0,0,0,2,20.0,20.0,100.0,0,0,0,3,0,0,0,27,2,10,0,0,1,0
Jaime Perales,60195,G,UTEP,1,100.0,0,330,65.6,,65.7,0,0,0,,,,0,0,0,3,0,3,0,3,0,0,0,0,3,0
De'Kedrick Sterns,144568,G,KANSAS,1,100.0,0,198,57.9,,50.5,0,0,0,,,,0,0,0,3,0,0,0,3,0,0,0,3,3,0
Brodie King,124178,WR,MISS STATE,1,17.6,0,227,55.1,,60.0,0,0,0,0.0,0.0,,0,0,0,3,0,0,0,17,0,14,0,0,3,0
Jonathon Brooks,144721,HB,TEXAS,3,8.8,0,311,84.8,70.0,60.0,0,0,1,10.0,10.0,100.0,0,0,0,3,0,0,0,34,1,10,0,0,2,0
Tristen Bittner,98278,G,MARSHALL,1,100.0,0,214,60.1,75.5,,0,0,3,100.0,100.0,100.0,0,0,0,3,0,0,3,3,3,3,0,0,0,0
Deuce Hogan,129470,QB,IOWA,1,75.0,0,192,52.7,,60.0,0,0,0,0.0,0.0,,1,0,0,3,0,0,0,4,0,1,0,0,3,0
Tyler Burnsed,98257,C,TROY,1,100.0,0,318,66.4,69.1,64.4,0,0,1,100.0,100.0,100.0,0,0,0,3,0,3,0,3,1,1,0,0,2,0
Jakairi Moses,57479,HB,W KENTUCKY,8,5.9,0,346,72.0,74.5,,0,0,3,14.3,12.5,100.0,0,0,0,3,0,0,0,51,3,24,0,0,0,0
Kauka Umiamaka,98245,G,HAWAII,1,100.0,0,180,60.0,74.7,60.0,0,0,2,100.0,100.0,100.0,0,0,0,3,0,0,3,3,2,2,0,0,1,0
Jaylon Jackson,61214,WR,COLORADO,2,37.5,0,143,61.1,,78.4,0,0,0,0.0,0.0,,0,0,0,3,0,0,0,8,0,5,0,0,3,0
Kenyon Sims,83679,HB,S JOSE ST,4,23.1,0,285,64.9,77.1,,0,0,3,33.3,33.3,100.0,0,0,0,3,0,0,0,13,3,9,0,0,0,0
Brackston Alford,121752,G,MEMPHIS,1,100.0,0,218,68.6,,68.5,0,0,0,,,,0,0,0,3,0,0,0,3,0,0,3,0,3,0
Slater Zellers,81475,LS,CAL,3,100.0,0,130,60.0,61.9,60.0,0,0,0,,100.0,,0,0,0,3,0,0,0,3,1,1,0,0,2,0
Jeremiah Lewis,76571,CB,DUKE,2,100.0,2,154,60.0,,59.8,0,0,0,,,,4,0,0,3,0,0,0,3,0,0,0,0,3,0
Michael Denson,101024,T,MEMPHIS,1,100.0,0,218,60.2,,61.1,0,0,0,,,,0,0,0,3,0,0,0,3,0,0,0,3,3,0
Nate Landman,57788,LB,COLORADO,1,100.0,0,143,60.0,,60.0,0,0,0,,,,0,0,0,3,0,0,0,3,0,0,0,0,3,0
A'Varius Sparrow,123433,HB,W VIRGINIA,2,33.3,0,343,63.2,70.0,60.0,0,0,1,50.0,50.0,100.0,0,0,0,2,0,0,0,6,1,2,0,0,1,0
Josh Clifford,123772,WR,VIRGINIA,1,100.0,0,335,60.0,,60.0,0,0,0,,,,0,0,0,2,0,0,0,2,0,0,0,0,2,0
Justin Rodriguez,123329,HB,UTSA,1,40.0,0,331,64.0,,60.0,0,0,0,0.0,0.0,,0,0,0,2,0,0,0,5,0,1,0,0,2,2
Brock Parry,123290,C,USF,1,100.0,0,327,60.0,68.1,60.0,0,0,0,,100.0,,0,0,0,2,0,0,0,2,1,1,0,2,1,0
Roman Fuller,123247,QB,TULSA,1,100.0,0,320,60.0,,60.0,0,0,0,,,,0,0,0,2,0,0,0,2,0,0,0,0,2,0
Ronnie Hart,123141,HB,TEXAS TECH,1,100.0,0,315,60.0,,60.0,0,0,0,,,,0,0,0,2,0,0,0,2,0,0,0,0,2,0
James Bartholomew,61312,WR,S CAROLINA,1,100.0,0,289,60.0,,60.0,0,0,0,,,,0,0,0,2,0,0,0,2,0,0,0,0,2,0
Paxton Anderson,123104,WR,TEXAS,1,100.0,0,311,59.9,,59.2,0,0,0,,,,0,0,0,2,0,0,0,2,0,0,0,0,2,0
Jahz Watts,61443,WR,MICH STATE,2,100.0,0,223,60.0,,60.0,0,0,0,,,,0,0,0,2,0,0,0,2,0,0,0,0,2,0
BJ Ojulari,124105,ED,LSU,2,100.0,0,211,60.0,90.2,,0,0,2,100.0,100.0,100.0,0,0,0,2,0,0,0,2,2,2,0,0,0,0
Dillon Mosley,122877,WR,NC STATE,1,100.0,0,248,60.0,,60.0,0,0,0,,,,0,0,0,2,0,0,0,2,0,0,0,0,2,0
Bert Hale,122675,G,LA TECH,2,100.0,0,208,60.0,,60.0,0,0,0,,,,0,0,0,2,0,0,0,2,0,0,0,0,2,0
Michael Cox,124200,HB,MISSOURI,7,8.7,0,229,87.4,70.5,,0,0,2,50.0,50.0,100.0,0,0,0,2,0,0,0,23,2,4,0,0,0,0
Drake Heismeyer,124205,G,MISSOURI,1,100.0,0,229,60.0,,62.9,0,0,0,,,,0,0,0,2,2,0,0,2,0,0,0,0,2,0
Jaelon Travis,122622,WR,KANSAS ST,1,66.7,0,199,49.4,,60.0,0,0,0,,0.0,,1,0,0,2,0,0,0,3,0,1,0,0,2,0
Mitchell Walters,124222,T,MISSOURI,1,100.0,0,229,58.6,,58.3,0,0,0,,,,0,0,0,2,0,0,0,2,0,0,2,0,2,0
Tonka Hemingway,124238,DI,S CAROLINA,3,66.7,0,289,60.0,63.8,60.0,0,0,1,100.0,50.0,100.0,0,0,0,2,0,0,0,3,1,2,0,0,1,0
Jesse Sanders,124254,TE,S CAROLINA,1,100.0,0,289,59.6,,59.0,0,0,0,,,,0,0,0,2,0,0,0,2,0,0,0,0,2,2
Alex Arch,155290,WR,C MICHIGAN,1,100.0,0,134,60.0,,60.0,0,0,0,,,,0,0,0,2,0,0,0,2,0,0,0,0,2,0
Carter Boatwright,122393,TE,FLORIDA ST,1,100.0,0,167,60.0,,60.0,0,0,0,,,,0,0,0,2,0,0,0,2,0,0,0,0,2,2
Spencer Curtis,63709,WR,OREGON,2,50.0,0,264,79.0,,60.0,0,0,0,0.0,0.0,,0,0,0,2,0,0,0,4,0,2,0,0,2,0
Isaiah Fisher-Smith,122372,S,DUKE,1,100.0,0,154,60.0,,60.0,0,0,0,,,,2,0,0,2,0,0,0,2,0,0,0,0,2,0
John Ridgeway,66694,DI,ARKANSAS,2,100.0,1,111,60.0,63.8,60.0,0,0,1,100.0,100.0,100.0,3,0,0,2,0,0,0,2,1,1,0,0,1,0
Nick Maher,155293,WR,W VIRGINIA,1,100.0,0,343,60.0,,60.0,0,0,0,,,,0,0,0,2,0,0,0,2,0,0,0,0,2,0
Jacob Garcia,70624,LS,UTAH ST,2,100.0,0,329,60.0,,60.0,0,0,0,,,,0,0,0,2,0,0,0,2,0,0,0,0,2,0
August Drews,122238,TE,APP STATE,1,100.0,0,108,60.0,64.4,60.0,0,0,1,100.0,100.0,100.0,0,0,0,2,0,0,0,2,1,1,0,0,1,2
Billy Taylor,58394,LS,RUTGERS,2,100.0,0,278,60.0,61.8,60.0,0,0,1,100.0,100.0,100.0,0,0,0,2,0,0,0,2,1,1,0,0,1,0
Easton Mascarenas-Arnold,71410,LB,OREGON ST,2,100.0,0,265,60.0,63.8,60.0,0,0,1,100.0,100.0,100.0,0,0,0,2,0,0,0,2,1,1,0,0,1,0
Reeves Blankenship,58358,LS,LA TECH,2,100.0,0,208,60.0,,60.0,0,0,0,,,,0,0,0,2,0,0,0,2,0,0,0,0,2,0
Zae Baines,125316,WR,TEMPLE,1,66.7,0,306,59.3,,60.0,0,0,0,0.0,0.0,,0,0,0,2,0,0,0,3,0,1,0,0,2,0
Jack Maddox,58339,LS,CLEMSON,2,100.0,0,140,60.0,60.5,60.0,0,0,1,100.0,100.0,100.0,0,0,0,2,0,0,0,2,1,1,0,0,1,0
Miles Zietek,125350,C,TEMPLE,1,100.0,0,306,59.6,,59.5,0,0,0,,,,0,0,0,2,0,2,0,2,0,0,0,0,2,0
Quinn Ewers,127253,QB,OHIO STATE,1,100.0,0,260,60.0,,60.0,0,0,0,,,,0,0,0,2,0,0,0,2,0,0,0,0,2,0
James Carolan,58334,LS,BOWL GREEN,2,100.0,0,122,60.0,63.8,60.0,0,0,1,100.0,100.0,100.0,0,0,0,2,0,0,0,2,1,1,0,0,1,0
Myles Murphy,122154,ED,CLEMSON,3,66.7,0,140,49.3,,52.4,0,0,0,0.0,0.0,,2,0,0,2,0,0,0,3,0,1,0,0,2,2
Jordan Silver,58325,LS,ARKANSAS,2,100.0,0,111,60.0,63.8,60.0,0,0,1,100.0,100.0,100.0,0,0,0,2,0,0,0,2,1,1,0,0,1,0
London Harris,58192,LB,TEXAS ST,2,100.0,0,314,60.0,63.8,60.0,0,0,1,100.0,100.0,100.0,0,0,0,2,0,0,0,2,1,1,0,0,1,0
Issiah Nixon,121981,ED,TEXAS ST,2,100.0,0,314,60.0,63.8,60.0,0,0,1,100.0,100.0,100.0,1,0,0,2,0,0,0,2,1,1,0,0,1,0
Brooks McCoy,121979,WR,TEXAS ST,1,100.0,0,314,60.0,,60.0,0,0,0,,,,0,0,0,2,0,0,0,2,0,0,0,0,2,0
Durham Harris,121971,LS,TEXAS ST,2,100.0,0,314,60.0,63.8,60.0,0,0,1,100.0,100.0,100.0,0,0,0,2,0,0,0,2,1,1,0,0,1,0
Jeremiah Gradowitz,128230,WR,NEVADA,1,33.3,0,239,54.7,,60.0,0,0,0,0.0,0.0,,0,0,0,2,0,0,0,6,0,4,0,0,2,0
Jamal Brooks,57996,LB,S ALABAMA,1,100.0,0,288,60.0,,60.0,0,0,0,,,,1,0,0,2,0,0,0,2,0,0,0,0,2,0
Josh Ross,57971,LB,MICHIGAN,2,100.0,0,222,60.0,,60.0,0,0,0,,,,1,0,0,2,0,0,0,2,0,0,0,0,2,0
Rory Walling,57877,HB,IOWA STATE,2,100.0,0,193,60.0,,60.0,0,0,0,,,,0,0,0,2,0,0,0,2,0,0,0,0,2,0
Kalvin Souders,128372,WR,UNLV,2,66.7,0,325,57.3,,59.3,0,0,0,0.0,0.0,,0,0,0,2,0,0,0,3,0,1,0,0,2,0
Miles Williams,121751,WR,MARSHALL,1,33.3,0,214,55.7,,60.0,0,0,0,0.0,0.0,,0,0,0,2,0,0,0,6,0,4,0,0,2,0
Caleb Murphy,129449,TE,INDIANA,1,100.0,0,190,60.0,,59.9,0,0,0,,,,0,0,0,2,0,0,0,2,0,0,0,0,2,2
Josh Volk,129484,T,IOWA,1,100.0,0,192,61.2,,60.0,0,0,0,,,,0,0,0,2,0,2,0,2,0,0,0,0,2,0
Chamarri Conner,76662,CB,VA TECH,2,100.0,0,337,60.0,60.5,60.0,0,0,1,100.0,100.0,100.0,2,0,0,2,0,0,0,2,1,1,0,0,1,0
David Foust,129510,QB,MARYLAND,1,100.0,0,215,60.0,,60.0,0,0,0,,,,0,0,0,2,0,0,0,2,0,0,0,0,2,0
Jamal Glenn,76677,CB,NAVY,2,100.0,0,237,60.0,63.8,60.0,0,0,1,100.0,100.0,100.0,4,0,0,2,0,0,0,2,1,1,0,0,1,0
Israel Whitmore,121546,LB,ARK STATE,1,100.0,0,113,59.3,,58.3,0,0,0,,,,0,0,0,2,0,0,0,2,0,0,0,0,2,2
Tylan Jones,121493,ED,UAB,1,100.0,0,321,60.0,,60.0,0,0,0,,,,0,0,0,2,0,0,0,2,0,0,0,0,2,2
Ezechiel Tieide,76718,WR,BOSTON COL,1,66.7,0,121,58.5,,60.0,0,0,0,0.0,0.0,,0,0,0,2,0,0,0,3,0,1,0,0,2,0
Christian Wortham,121446,WR,S ALABAMA,1,100.0,0,288,60.0,,60.0,0,0,0,,,,0,0,0,2,0,0,0,2,0,0,0,0,2,0
Nikhai Hill-Green,129582,LB,MICHIGAN,2,100.0,0,222,60.0,,60.0,0,0,0,,,,1,0,0,2,0,0,0,2,0,0,0,0,2,0
Darrell Luter Jr.,121428,CB,S ALABAMA,1,100.0,1,288,60.0,,60.0,0,0,0,,,,2,0,0,2,0,0,0,2,0,0,0,0,2,0
Noah Stewart,129598,G,MICHIGAN,1,100.0,0,222,62.4,,67.3,0,0,0,,,,0,0,0,2,0,0,2,2,0,0,0,0,2,0
Keith CJ McCord II,109870,WR,RICE,1,100.0,0,275,60.0,,60.0,0,0,0,,,,0,0,0,2,0,0,0,2,0,0,0,0,2,0
Jack Moses,129730,WR,NWESTERN,1,100.0,0,256,60.0,,60.0,0,0,0,,,,0,0,0,2,0,0,0,2,0,0,0,0,2,0
Todd Sibley Jr.,57382,HB,PITTSBURGH,2,18.2,0,268,56.2,67.5,60.0,0,0,1,20.0,20.0,100.0,0,0,0,2,0,0,0,11,1,5,0,0,1,0
Mike Jones Jr.,77134,LB,LSU,2,100.0,0,211,60.0,0.0,,1,0,2,100.0,100.0,75.0,0,1,0,2,0,0,0,2,2,2,0,0,0,0
Ben Koch,102944,T,ARMY,1,100.0,0,114,58.0,,55.6,0,0,0,,,,0,0,0,2,0,0,0,2,0,0,0,1,2,1
Jack McCrory,77267,LB,OHIO,2,100.0,0,259,60.0,63.8,60.0,0,0,1,100.0,100.0,100.0,0,0,0,2,0,0,0,2,1,1,0,0,1,0
Plae Wyatt,129868,S,RICE,2,100.0,0,275,60.0,,60.0,0,0,0,,,,0,0,0,2,0,0,0,2,0,0,0,0,2,0
Bradley West,86734,WR,LOUISVILLE,1,50.0,0,210,56.1,,59.2,0,0,0,0.0,0.0,,0,0,0,2,0,0,0,4,0,2,0,0,2,0
Ahmirr Robinson,129903,WR,RUTGERS,1,28.6,0,278,55.1,,60.0,0,0,0,0.0,0.0,,0,0,0,2,0,0,0,7,0,5,0,0,2,0
Oscar Shadley,77284,LS,VA TECH,2,100.0,0,337,60.0,60.5,60.0,0,0,1,100.0,100.0,100.0,0,0,0,2,0,0,0,2,1,1,0,0,1,0
Kemani Brown,129943,WR,TULSA,1,100.0,0,320,60.0,,59.9,0,0,0,,,,0,0,0,2,0,0,0,2,0,0,0,0,2,0
Joey Marousek,130303,QB,AKRON,1,28.6,0,102,39.9,,60.0,0,0,0,0.0,0.0,,0,0,0,2,0,0,0,7,0,5,0,0,2,0
Austin Kutscher,101702,WR,OHIO STATE,1,100.0,0,260,60.0,,60.0,0,0,0,,,,0,0,0,2,0,0,0,2,0,0,0,0,2,0
David Ellis,101663,HB,INDIANA,3,13.3,0,190,55.6,78.2,,0,0,2,16.7,16.7,100.0,0,0,0,2,0,0,0,15,2,12,0,0,0,0
Josh Ortega,56919,ED,UTEP,1,100.0,0,330,60.0,,60.0,0,0,0,,,,0,0,0,2,0,0,0,2,0,0,0,0,2,0
Sean Wracher,101532,LS,INDIANA,2,100.0,0,190,60.0,,60.0,0,0,0,,,,0,0,0,2,0,0,0,2,0,0,0,0,2,0
William Wagner,101523,LS,MICHIGAN,2,100.0,0,222,60.0,,60.0,0,0,0,,,,0,0,0,2,0,0,0,2,0,0,0,0,2,0
Jack Campbell,101515,LB,IOWA,2,100.0,0,192,60.0,63.8,60.0,0,0,1,100.0,100.0,100.0,2,0,0,2,0,0,0,2,1,1,0,0,1,0
Drew Cassens,130544,TE,N ILLINOIS,4,50.0,0,254,28.5,,60.0,0,0,0,0.0,0.0,,0,0,0,2,0,0,0,4,0,2,0,0,2,3
Brandon Smith,101497,LB,PENN STATE,2,100.0,0,266,60.0,63.8,60.0,0,0,1,100.0,100.0,100.0,2,0,0,2,0,0,0,2,1,1,0,0,1,0
Demetrius Taylor,56513,ED,APP STATE,1,100.0,1,108,57.7,,56.7,0,0,0,,,,3,0,0,2,0,0,0,2,0,0,0,0,2,2
Philip Cole,130590,WR,OHIO,3,50.0,0,259,52.6,,60.0,0,0,0,0.0,0.0,,0,0,0,2,0,0,0,4,0,1,0,0,2,0
Bryce McNair,130598,G,OHIO,1,100.0,0,259,60.0,,59.7,0,0,0,,,,0,0,0,2,0,0,2,2,0,0,0,0,2,0
Dylan Stevens,130605,LB,OHIO,2,100.0,0,259,60.0,63.8,60.0,0,0,1,100.0,100.0,100.0,0,0,0,2,0,0,0,2,1,1,0,0,1,0
Jackson Stoefen,130635,C,TOLEDO,1,100.0,0,316,60.0,,57.8,0,0,0,,,,0,0,0,2,0,0,2,2,0,0,0,0,2,0
Tanner Wigand,130640,C,TOLEDO,1,100.0,0,316,57.3,,56.4,0,0,0,,,,0,0,0,2,0,0,0,2,0,0,2,0,2,0
Caden Kolesar,101378,S,MICHIGAN,2,100.0,0,222,60.0,,60.0,0,0,0,,,,0,0,0,2,0,0,0,2,0,0,0,0,2,0
Zayin West,56384,DI,KENT STATE,3,66.7,0,201,72.3,60.9,60.0,0,0,0,,100.0,,0,0,0,2,0,0,0,3,1,1,0,0,1,0
Malik Wesley,101349,WR,UNLV,2,50.0,0,325,58.1,,59.8,0,0,0,0.0,0.0,,0,0,0,2,0,0,0,4,0,2,0,0,2,0
Brandon Bass,77659,QB,BAYLOR,1,40.0,0,118,70.8,,60.0,0,0,0,,,,0,0,0,2,0,0,0,5,0,0,0,0,2,0
Ryan Morgan,131622,TE,ARIZONA ST,1,28.6,0,110,54.6,,58.8,0,0,0,0.0,0.0,,0,0,0,2,0,0,0,7,0,5,0,0,2,7
Stanley Saole-McKenzie,131656,DI,CAL,2,100.0,0,130,60.0,61.9,60.0,0,0,0,,100.0,,0,0,0,2,0,0,0,2,1,1,0,0,1,0
Ashton Stredick,131667,HB,CAL,1,50.0,0,130,72.7,,60.0,0,0,0,,,,0,0,0,2,0,0,0,4,0,0,0,0,2,0
Michael Harrison,131682,WR,COLORADO,1,100.0,0,143,60.0,,60.0,0,0,0,,,,0,0,0,2,0,0,0,2,0,0,0,0,2,0
Chaese Jackson,77690,TE,E MICHIGAN,4,20.0,0,160,60.4,,60.0,0,0,0,0.0,0.0,,0,0,0,2,0,0,0,10,0,2,0,0,2,2
Parker Day,56151,HB,RUTGERS,1,40.0,0,278,56.8,,59.7,0,0,0,0.0,0.0,,0,0,0,2,0,0,0,5,0,1,0,0,2,0
Trey Benson,131705,HB,OREGON,2,14.3,0,264,64.5,19.8,60.0,0,0,1,16.7,14.3,100.0,0,0,0,2,0,0,0,14,1,7,0,0,1,0
Javian Dayne,77708,HB,BOSTON COL,1,66.7,0,121,60.0,,60.0,0,0,0,0.0,0.0,,0,0,0,2,0,0,0,3,0,1,0,0,2,0
Christian Helms,101126,WR,USF,1,66.7,0,327,59.2,,60.0,0,0,0,,0.0,,0,0,0,2,0,0,0,3,0,1,0,0,2,0
Sterling Weatherford,56055,S,MIAMI OH,1,100.0,0,221,60.0,,60.0,0,0,0,,,,2,0,0,2,0,0,0,2,0,0,0,0,2,0
John Miller,131744,LB,OREGON ST,2,100.0,0,265,60.0,63.8,60.0,0,0,1,100.0,100.0,100.0,0,0,0,2,0,0,0,2,1,1,0,0,1,0
Casey Filkins,131759,HB,STANFORD,6,6.3,0,300,63.3,0.0,60.0,0,0,0,0.0,5.0,,0,0,0,2,0,0,0,32,1,20,0,0,1,0
Darius Edmonds,163991,WR,HOUSTON,1,66.7,0,182,58.3,,60.0,0,0,0,0.0,0.0,,0,0,0,2,0,0,0,3,0,1,0,0,2,0
Andrew Beardall,101010,LS,USF,2,100.0,0,327,60.0,50.1,60.0,0,0,1,100.0,100.0,100.0,0,0,0,2,0,0,0,2,1,1,0,0,1,0
Brian Kowall,131797,HB,UCLA,1,22.2,0,324,66.2,,60.0,0,0,0,0.0,0.0,,0,0,0,2,0,0,0,9,0,1,0,0,2,0
Nicholas Straw,100994,ED,NAVY,2,100.0,0,237,60.0,63.8,60.0,0,0,1,100.0,100.0,100.0,1,0,0,2,0,0,0,2,1,1,0,0,1,0
Bradley Schlom,131808,WR,UCLA,1,100.0,0,324,60.0,,60.0,0,0,0,,,,0,0,0,2,0,0,0,2,0,0,0,0,2,0
Ebissa Sambo,100910,CB,NAVY,2,100.0,0,237,60.0,,60.1,0,0,0,,,,0,0,0,2,0,0,0,2,0,0,0,0,2,0
Carson Bruener,131889,LB,WASHINGTON,2,100.0,0,340,60.0,,60.0,0,0,0,,,,0,0,0,2,0,0,0,2,0,0,0,0,2,0
Jaden Green,131897,LS,WASHINGTON,2,100.0,0,340,60.0,,60.0,0,0,0,,,,0,0,0,2,0,0,0,2,0,0,0,0,2,0
Amir Mujahid,131948,DI,WASH STATE,2,100.0,0,341,60.0,60.9,60.0,0,0,0,,100.0,,0,0,0,2,0,0,0,2,1,1,0,0,1,0
Rodrick Tialavea,131959,C,WASH STATE,2,100.0,0,341,60.0,,60.0,0,0,0,,,,0,0,0,2,0,0,0,2,0,0,1,0,2,0
Tavierre Dunlap,132720,HB,MICHIGAN,2,14.3,0,222,60.0,,59.8,0,0,0,0.0,0.0,,0,0,0,2,0,0,0,14,0,5,0,0,2,0
Alex Wolff,77864,S,OHIO,2,100.0,0,259,60.0,63.8,60.0,0,0,1,100.0,100.0,100.0,0,0,0,2,0,0,0,2,1,1,0,0,1,0
Brendan Smith,77879,TE,BOSTON COL,1,33.3,0,121,58.2,,59.9,0,0,0,0.0,0.0,,0,0,0,2,0,0,0,6,0,4,0,0,2,6
Alec Rowan,77880,TE,WAKE,1,100.0,0,339,63.6,,69.5,0,0,0,,,,0,0,0,2,0,0,0,2,0,0,0,0,2,2
Lewis Bond,143817,WR,BOSTON COL,3,12.5,0,121,53.4,,60.0,0,0,0,0.0,0.0,,0,0,0,2,0,0,0,16,0,14,0,0,2,0
Munir McClain,100663,WR,UTAH,1,100.0,0,328,60.0,,59.8,0,0,0,,,,0,0,0,2,0,0,0,2,0,0,0,0,2,0
Jayvaun Wilson,100587,HB,UNLV,3,20.0,0,325,67.8,72.7,60.0,0,0,1,50.0,50.0,100.0,0,0,0,2,0,0,0,10,1,2,0,0,1,0
Bralen Trice,100550,ED,WASHINGTON,2,100.0,0,340,60.0,,60.0,0,0,0,,,,2,0,0,2,0,0,0,2,0,0,0,0,2,0
Gavin Blackwell,143958,WR,N CAROLINA,2,66.7,0,245,57.5,,59.9,0,0,0,0.0,0.0,,0,0,0,2,0,0,0,3,0,1,0,0,2,0
Jack Landherr IV,100514,LS,UCLA,1,100.0,0,324,60.0,63.9,60.0,0,0,1,100.0,100.0,100.0,0,0,0,2,0,0,0,2,1,1,0,0,1,0
Braxten Croteau,100417,ED,CAL,2,100.0,0,130,60.0,,60.4,0,0,0,,,,0,0,0,2,0,0,0,2,0,0,0,0,2,0
Julon Williams,78074,WR,UTSA,2,20.0,0,331,55.3,,59.8,0,0,0,0.0,0.0,,0,0,0,2,0,0,0,10,0,8,0,0,2,0
TW Ayers,86860,DI,ARK STATE,3,66.7,0,113,60.0,,60.2,0,0,0,0.0,0.0,,0,0,0,2,0,0,0,3,0,1,0,0,2,0
Ruke Orhorhoro,99768,DI,CLEMSON,2,100.0,0,140,60.0,60.5,60.0,0,0,1,100.0,100.0,100.0,1,0,0,2,0,0,0,2,1,1,0,0,1,0
Jack Walker,55195,QB,SO MISS,3,40.0,0,296,55.8,,60.0,0,0,0,,,,0,0,0,2,0,0,0,5,0,0,0,0,2,0
Tory Spears,78134,S,TEXAS ST,2,100.0,0,314,60.0,63.8,60.0,0,0,1,100.0,100.0,100.0,0,0,0,2,0,0,0,2,1,1,0,0,1,0
Dez Williams,144213,WR,WAKE,1,50.0,0,339,60.7,,60.0,0,0,0,0.0,0.0,,0,0,0,2,0,0,0,4,0,2,0,0,2,0
Raylen Sharpe,144255,WR,HOUSTON,1,100.0,0,182,60.0,,60.0,0,0,0,,,,0,0,0,2,0,0,0,2,0,0,0,0,2,0
Josh Powell,55159,LB,FIU,2,100.0,0,166,60.0,97.8,,0,0,2,100.0,100.0,100.0,0,0,0,2,0,0,0,2,2,2,0,0,0,0
Timothy Scippio,78214,WR,AKRON,1,50.0,0,102,57.5,,60.0,0,0,0,0.0,0.0,,0,0,0,2,0,0,0,4,0,2,0,0,2,0
Anton Hall Jr.,144311,FB,NAVY,3,28.6,0,237,57.0,,60.0,0,0,0,0.0,0.0,,0,0,0,2,0,0,0,7,0,1,0,0,2,0
Austin White,99688,TE,FLORIDA ST,1,100.0,0,167,60.0,,60.0,0,0,0,,,,0,0,0,2,0,0,0,2,0,0,0,0,2,0
Charles Headen III,144363,WR,SMU,1,40.0,0,287,54.2,,60.0,0,0,0,0.0,0.0,,0,0,0,2,0,0,0,5,0,3,0,0,2,0
Malik Cooper,144384,WR,TEMPLE,4,8.3,0,306,60.1,,59.5,0,0,0,0.0,0.0,,0,0,0,2,0,0,0,24,0,14,0,0,2,0
Mason Courtney,144410,HB,TULANE,2,20.0,0,319,71.7,,59.7,0,0,0,0.0,0.0,,0,0,0,2,0,0,0,10,0,1,0,0,2,0
Owen Ostroski,144450,DI,TULSA,2,100.0,0,320,60.0,,58.9,0,0,0,,,,0,0,0,2,0,0,0,2,0,0,0,0,2,1
Delbert Mimms III,99609,HB,NC STATE,3,22.2,0,248,76.0,70.8,60.0,0,0,1,50.0,50.0,100.0,0,0,0,2,0,0,0,9,1,2,0,0,1,0
Jackson DeSilva,99608,WR,NC STATE,1,100.0,0,248,60.0,,60.0,0,0,0,,,,0,0,0,2,0,0,0,2,0,0,0,0,2,0
Kyron Drones,144506,QB,BAYLOR,2,100.0,0,118,60.0,,60.0,0,0,0,,,,0,0,0,2,0,0,0,2,0,0,0,0,2,0
Clayton Collier,144517,G,BAYLOR,1,100.0,0,118,57.7,,57.1,0,0,0,,,,0,0,0,2,0,2,0,2,0,0,0,0,2,0
Andrew Leingang,144599,T,KANSAS ST,1,100.0,0,199,60.0,,58.4,0,0,0,,,,0,0,0,2,0,0,0,2,0,0,0,2,2,0
Cameron Cantrell,99565,WR,TEXAS TECH,1,100.0,0,315,60.0,,60.0,0,0,0,,,,0,0,0,2,0,0,0,2,0,0,0,0,2,0
Vance Hooper,144642,WR,OKLA STATE,1,66.7,0,262,57.4,,59.8,0,0,0,0.0,0.0,,0,0,0,2,0,0,0,3,0,1,0,0,2,0
Hudson White,144691,G,TCU,1,100.0,0,305,60.0,,59.9,0,0,0,,,,0,0,0,2,0,0,0,2,0,0,2,0,2,0
Monte Watkins,144703,HB,TCU,2,9.5,0,305,71.9,,60.0,0,0,0,0.0,0.0,,0,0,0,2,0,0,0,21,0,7,0,0,2,0
Behren Morton,144747,QB,TEXAS TECH,2,25.0,0,315,57.0,,60.0,0,0,0,0.0,0.0,,0,0,0,2,0,0,0,8,0,5,0,0,2,0
James Miller,81243,LB,INDIANA,2,100.0,0,190,60.0,,60.0,0,0,0,,,,0,0,0,2,0,0,0,2,0,0,0,0,2,0
Cam Jones,81244,LB,INDIANA,2,100.0,2,190,60.0,,60.0,0,0,0,,,,2,0,0,2,0,0,0,2,0,0,0,0,2,0
Todd Hudson,99487,HB,OKLAHOMA,2,12.5,0,261,52.4,72.5,60.0,0,0,1,16.7,16.7,100.0,0,0,0,2,0,0,0,16,1,6,0,0,1,0
Deryl Reynolds,99483,HB,TCU,1,40.0,0,305,51.4,,60.0,0,0,0,,,,0,0,0,2,0,0,0,5,0,0,0,0,2,0
Peyton Vining,144798,WR,ILLINOIS,1,22.2,0,187,53.0,,60.0,0,0,0,0.0,0.0,,0,0,0,2,0,0,0,9,0,7,0,0,2,0
Seth Benson,81255,LB,IOWA,2,100.0,0,192,60.0,63.8,60.0,0,0,1,100.0,100.0,100.0,1,0,0,2,0,0,0,2,1,1,0,0,1,0
Luke Elkin,144879,LS,IOWA,2,100.0,0,192,60.0,63.8,60.0,0,0,1,100.0,100.0,100.0,0,0,0,2,0,0,0,2,1,1,0,0,1,0
Jesse Luketa,81361,ED,PENN STATE,2,100.0,0,266,60.0,63.8,60.0,0,0,1,100.0,100.0,100.0,0,0,0,2,0,0,0,2,1,1,0,0,1,0
Roman Hemby,144891,HB,MARYLAND,2,8.3,0,215,71.0,76.7,,0,0,2,28.6,28.6,100.0,0,0,0,2,0,0,0,24,2,7,0,0,0,0
Kyle Long,144896,T,MARYLAND,1,100.0,0,215,59.0,,58.7,0,0,0,,,,0,0,0,2,0,0,0,2,0,0,2,0,2,0
Maxwell Brown,144904,LB,MARYLAND,1,100.0,0,215,60.0,,59.9,0,0,0,,,,0,0,0,2,0,0,0,2,0,0,0,0,2,2
Jackson Sirmon,81458,LB,WASHINGTON,2,100.0,0,340,60.0,,60.1,0,0,0,,,,0,0,0,2,0,0,0,2,0,0,0,0,2,0
Louis Hansen,144929,TE,MICHIGAN,1,100.0,0,222,60.0,,60.0,0,0,0,,,,0,0,0,2,0,0,0,2,0,0,0,0,2,1
Hank Pepper,144966,LS,MICH STATE,2,100.0,0,223,60.0,,60.0,0,0,0,,,,0,0,0,2,0,0,0,2,0,0,0,0,2,0
Thomas Fidone II,144997,TE,NEBRASKA,1,66.7,0,238,57.4,,56.6,0,0,0,0.0,0.0,,0,0,0,2,0,0,0,3,0,1,0,0,2,1
Tyler Williams,81523,LS,WASH STATE,2,100.0,0,341,60.0,60.9,60.0,0,0,0,,100.0,,0,0,0,2,0,0,0,2,1,1,0,0,1,0
J.T. Siekerman,99203,WR,TENNESSEE,1,50.0,0,307,57.0,,60.0,0,0,0,0.0,0.0,,0,0,0,2,0,0,0,4,0,2,0,0,2,0
Zen Michalski,145062,G,OHIO STATE,1,100.0,0,260,60.0,,66.9,0,0,0,,,,0,0,0,2,0,0,2,2,0,0,0,0,2,0
Khalil Dinkins,145087,TE,PENN STATE,1,100.0,0,266,60.0,,60.0,0,0,0,,,,0,0,0,2,0,0,0,2,0,0,0,0,2,1
Braeden Krivosh,155986,G,TENNESSEE,1,100.0,0,307,60.0,69.8,60.0,0,0,1,100.0,100.0,100.0,0,0,0,2,0,0,0,2,1,1,2,0,1,0
Soni Fonua,99112,ED,LSU,2,100.0,0,211,60.0,81.0,,0,0,2,100.0,100.0,100.0,0,0,0,2,0,0,0,2,2,2,0,0,0,0
Hamilton Hall,81738,G,OLE MISS,1,100.0,0,226,63.4,,64.2,0,0,0,,,,0,0,0,2,0,2,0,2,0,0,0,0,2,0
Jacob Westberry,44933,LS,FRESNO ST,2,100.0,0,169,60.0,67.6,60.0,0,0,0,,100.0,,0,0,0,2,2,0,0,2,1,1,0,0,1,0
Quentin Skinner,99038,LS,LSU,2,100.0,0,211,60.0,97.8,,0,0,2,100.0,100.0,100.0,0,0,0,2,0,0,0,2,2,2,0,0,0,0
Chandler Staton,44839,K,APP STATE,2,100.0,0,108,60.0,,60.0,0,0,0,,,,0,0,0,2,0,0,0,2,0,0,0,0,2,0
Matthew Bailey,99030,LS,S CAROLINA,2,100.0,0,289,60.0,63.8,60.0,0,0,1,100.0,100.0,100.0,0,0,0,2,1,0,0,2,1,1,0,0,1,0
Obie Sanni,145354,HB,DOMINION,1,25.0,0,263,61.2,,60.0,0,0,0,,,,0,0,0,2,0,0,0,8,0,0,0,0,2,0
Mike Crawford,145448,TE,UAB,1,100.0,0,321,59.7,,58.7,0,0,0,,,,0,0,0,2,0,0,0,2,0,0,0,0,2,0
Kevorian Barnes,145514,HB,UTSA,3,16.7,0,331,55.0,19.1,36.8,0,0,2,33.3,33.3,100.0,0,0,0,2,0,0,0,12,2,6,0,0,0,0
Kyle McNamara,145536,WR,W KENTUCKY,1,100.0,0,346,60.0,,60.0,0,0,0,,,,0,0,0,2,0,0,0,2,0,0,0,0,2,0
Tristin Tuialuuluu,81909,C,UTEP,1,100.0,0,330,60.0,,60.0,0,0,0,,,,0,0,0,2,2,0,0,2,0,0,0,0,2,0
Bailey Smith,145696,QB,C MICHIGAN,1,100.0,0,134,60.0,,60.0,0,0,0,,,,0,0,0,2,0,0,0,2,0,0,0,0,2,0
Tyson Davis,145702,WR,C MICHIGAN,1,50.0,0,134,57.7,,60.0,0,0,0,0.0,0.0,,0,0,0,2,0,0,0,4,0,2,0,0,2,0
Matt Miller,145717,WR,C MICHIGAN,1,100.0,0,134,60.0,,60.0,0,0,0,,,,0,0,0,2,0,0,0,2,0,0,0,0,2,0
Hudson Tyner,156006,TE,AIR FORCE,1,100.0,0,101,58.8,,57.9,0,0,0,,,,0,0,0,2,0,0,0,2,0,0,0,0,2,2
Trevor Jones,145723,T,C MICHIGAN,1,100.0,0,134,60.3,,60.4,0,0,0,,,,0,0,0,2,0,2,0,2,0,0,0,0,2,0
Brooks Hosea,82016,P,ARMY,2,100.0,0,114,60.0,63.8,60.0,0,0,0,,100.0,,0,0,0,2,0,0,0,2,1,1,0,0,1,0
DJ Stepney,145727,HB,C MICHIGAN,3,9.5,0,134,79.9,39.1,,0,0,2,25.0,25.0,100.0,0,0,0,2,0,0,0,21,2,8,0,0,0,0
Andrew Brito,98674,QB,UCF,3,22.2,0,323,71.1,,60.0,0,0,0,0.0,0.0,,0,0,0,2,0,0,0,9,0,6,0,0,2,0
Andrew Glass,145777,K,KENT STATE,4,50.0,0,201,86.6,,60.0,0,0,0,,0.0,,0,0,0,2,0,0,0,4,0,1,0,0,2,0
Isaiah Nichols,82218,DI,ARKANSAS,2,100.0,0,111,60.0,63.8,60.0,0,0,1,100.0,100.0,100.0,0,0,0,2,0,0,0,2,1,1,0,0,1,0
Devin Kaufusi,82242,DI,UTAH,2,100.0,0,328,60.0,63.8,60.0,0,0,0,,100.0,,2,0,0,2,0,0,0,2,1,1,0,0,1,0
Nolan McCormick,145880,HB,OHIO,1,100.0,0,259,60.0,,60.0,0,0,0,,,,0,0,0,2,0,0,0,2,0,0,0,0,2,0
Davon Strickland,82259,DI,FIU,2,100.0,0,166,60.0,81.0,,0,0,2,100.0,100.0,100.0,0,0,0,2,0,0,0,2,2,2,0,0,0,0
Willie Shaw III,145916,HB,TOLEDO,2,25.0,0,316,73.1,67.7,60.0,0,0,1,33.3,33.3,100.0,0,0,0,2,0,0,0,8,1,3,0,0,1,0
Brandon Honorable,145944,G,W MICHIGAN,1,100.0,0,347,60.0,,59.9,0,0,0,,,,0,0,0,2,0,0,0,2,0,0,0,2,2,0
Alan Kervin,98535,P,UCF,2,100.0,0,323,60.0,64.6,60.0,0,0,0,,100.0,,0,0,0,2,0,0,0,2,1,1,0,0,1,1
Matt Araiza,82642,P,S DIEGO ST,2,100.0,0,284,60.0,,60.0,0,0,0,,,,0,0,0,2,0,0,0,2,0,0,0,0,2,0
Vallee Washington,146031,WR,FRESNO ST,1,100.0,0,169,60.0,,60.0,0,0,0,,,,0,0,0,2,0,0,0,2,0,0,0,0,2,0
Devon Matthews,83248,S,INDIANA,2,100.0,0,190,60.0,,60.0,0,0,0,,,,0,0,0,2,0,0,0,2,0,0,0,0,2,0
Carlton Brown III,146088,TE,NEVADA,2,66.7,0,239,58.0,,59.6,0,0,0,0.0,0.0,,0,0,0,2,0,0,0,3,0,1,0,0,2,0
Dylan Overstreet,146090,HB,NEVADA,1,33.3,0,239,32.4,21.2,60.0,0,0,1,50.0,50.0,0.0,0,1,1,2,0,0,0,6,1,2,0,0,1,0
Ty Danzy,98453,ED,FIU,2,100.0,0,166,60.0,81.0,,0,0,2,100.0,100.0,100.0,3,0,0,2,0,0,0,2,2,2,0,0,0,0
Jeremy Jones,98414,T,TULSA,1,100.0,0,320,63.4,,64.2,0,0,0,,,,0,0,0,2,0,0,0,2,0,0,2,0,2,0
Kason Martin,83531,QB,N TEXAS,1,66.7,0,251,60.0,,60.0,0,0,0,,,,0,0,0,2,0,0,0,3,0,0,0,0,2,0
Sione Veikoso,146273,DI,ARIZONA ST,1,100.0,0,110,60.0,,60.0,0,0,0,,,,0,0,0,2,0,0,0,2,0,0,0,2,2,0
Trent Walker,146340,WR,OREGON ST,1,66.7,0,265,58.5,,60.0,0,0,0,0.0,0.0,,0,0,0,2,0,0,0,3,0,1,0,0,2,0
Cole Capen,83595,QB,NOTRE DAME,1,100.0,0,258,60.0,,60.0,0,0,0,,,,0,0,0,2,0,0,0,2,0,0,0,0,2,0
Bryson Reeves,146434,WR,UTAH,1,100.0,0,328,60.0,,60.0,0,0,0,,,,0,0,0,2,0,0,0,2,0,0,0,0,2,0
JT Greep,146462,LS,UTAH,2,100.0,0,328,60.0,63.8,60.0,0,0,0,,100.0,,0,0,0,2,0,0,0,2,1,1,0,0,1,0
Adrian Bickham,98195,ED,RICE,2,100.0,1,275,60.0,,60.0,0,0,0,,,,1,0,0,2,0,0,0,2,0,0,0,0,2,0
DeWayne Carter,98175,DI,DUKE,2,66.7,0,154,57.8,,59.9,0,0,0,,,,0,0,0,2,0,0,0,3,0,0,0,0,2,0
Gage Wilcox,146696,TE,FLORIDA,1,66.7,0,163,59.1,,59.8,0,0,0,0.0,0.0,,0,0,0,2,0,0,0,3,0,1,0,0,2,2
Greg Penn III,146780,LB,LSU,2,100.0,0,211,60.0,97.8,,0,0,2,100.0,100.0,100.0,0,0,0,2,0,0,0,2,2,2,0,0,0,0
Dylan Black,97768,LS,OREGON ST,2,100.0,0,265,60.0,63.8,60.0,0,0,1,100.0,100.0,100.0,0,0,0,2,0,0,0,2,1,1,0,0,1,0
Antonio Harmon,146849,WR,MISS STATE,1,28.6,0,227,61.8,,83.7,0,0,0,0.0,0.0,,0,0,0,2,0,0,0,7,0,5,0,0,2,0
O'Mega Blake,146913,WR,S CAROLINA,1,33.3,0,289,54.8,,59.9,0,0,0,0.0,0.0,,0,0,0,2,0,0,0,6,0,4,0,0,2,0
Jahquan Bloomfield,84269,WR,LA MONROE,3,40.0,0,209,59.4,,60.0,0,0,0,0.0,0.0,,0,0,0,2,0,0,0,5,0,3,0,0,2,0
Dylan Betts-Pauley,146957,HB,VANDERBILT,1,28.6,0,333,54.3,70.3,60.0,0,0,1,33.3,33.3,100.0,0,0,0,2,0,0,0,7,1,3,0,0,1,0
Jack Brooks,97588,P,S ALABAMA,2,50.0,0,288,58.8,,60.1,0,0,0,,,,0,0,0,2,0,0,0,4,0,0,0,0,2,0
Ethan Hudak,97585,LS,TULANE,2,100.0,0,319,60.0,71.0,,0,0,2,100.0,100.0,100.0,0,0,0,2,1,0,0,2,2,2,0,0,0,0
Kyre Duplessis,147082,WR,COAST CAR,2,100.0,0,141,60.0,,60.0,0,0,0,,,,0,0,0,2,0,0,0,2,0,0,0,0,2,0
Jameson Tucker,147090,WR,COAST CAR,1,100.0,0,141,60.0,,60.0,0,0,0,,,,0,0,0,2,0,0,0,2,0,0,0,0,2,0
Andrew Douglas,147112,WR,GA SOUTHRN,1,100.0,0,174,60.0,,60.0,0,0,0,,,,0,0,0,2,0,0,0,2,0,0,0,0,2,0
Kory Taylor,84381,WR,PURDUE,1,66.7,0,273,59.3,,60.0,0,0,0,0.0,0.0,,0,0,0,2,0,0,0,3,0,1,0,0,2,0
Reese Mason,84437,CB,TEXAS A&M,1,100.0,0,312,60.0,,60.0,0,0,0,,,,0,0,0,2,0,0,0,2,0,0,0,0,2,0
Eavan Gibbons,85696,S,NAVY,2,100.0,0,237,60.0,63.8,60.0,0,0,1,100.0,100.0,100.0,1,0,0,2,0,0,0,2,1,1,0,0,1,0
Shaun Grayson,85731,TE,UNLV,3,7.7,0,325,51.8,44.8,60.0,0,0,1,4.0,4.0,100.0,0,0,0,2,0,0,0,26,1,25,0,0,1,12
Joseph McKay,151050,HB,E CAROLINA,1,28.6,0,156,72.4,,59.1,0,0,0,0.0,0.0,,0,0,0,2,0,0,0,7,0,1,0,0,2,0
Jared Poplawski,60875,TE,COLORADO,1,100.0,0,143,60.0,,59.0,0,0,0,,,,0,0,0,2,0,0,0,2,0,0,0,0,2,2
Kyle Toole,123726,QB,TROY,1,66.7,0,318,58.5,,60.0,0,0,0,0.0,0.0,,0,0,0,2,0,0,0,3,0,1,0,0,2,0
Damian Sellers,131809,ED,UCLA,1,100.0,0,324,60.0,,60.0,0,0,0,,,,0,0,0,1,0,0,0,1,0,0,0,0,1,0
Mitchell Kulkin,101005,LB,TULSA,1,100.0,0,320,60.0,,60.0,0,0,0,,,,0,0,0,1,0,0,0,1,0,0,0,0,1,0
Urriah Shephard,124150,HB,OLE MISS,1,100.0,0,226,60.0,,60.0,0,0,0,,,,0,0,0,1,0,0,0,1,0,0,0,0,1,0
Trey Creamer,55962,CB,CHARLOTTE,1,100.0,1,136,60.0,,60.0,0,0,0,,,,3,0,0,1,0,0,0,1,0,0,0,0,1,0
Ronald Gaines,101011,LS,TEMPLE,1,100.0,0,306,60.0,,60.0,0,0,0,,,,0,0,0,1,0,0,0,1,0,0,0,0,1,0
Laine Wilkins,123686,P,HOUSTON,1,100.0,0,182,60.0,,60.0,0,0,0,,,,0,0,0,1,0,0,0,1,0,0,0,0,1,0
Ezekiel Barnett,56017,LB,LA TECH,1,100.0,0,208,60.0,,60.0,0,0,0,,,,0,0,0,1,0,0,0,1,0,0,0,0,1,0
Mannie Nunnery,101079,LB,HOUSTON,1,100.0,0,182,60.0,,60.0,0,0,0,,,,0,0,0,1,0,0,0,1,0,0,0,0,1,0
Bryce Bailey,60204,C,VANDERBILT,1,100.0,0,333,60.0,,60.0,0,0,0,,,,0,0,0,1,0,0,0,1,0,0,0,0,1,0
Kenny Bennett,56032,CB,MARYLAND,1,100.0,0,215,60.0,,60.0,0,0,0,,,,2,0,0,1,0,0,0,1,0,0,0,0,1,0
Jared Lawrence,124139,LS,OLE MISS,1,100.0,0,226,60.0,,60.0,0,0,0,,,,0,0,0,1,0,0,0,1,0,0,0,0,1,0
J'Marick Woods,56062,S,DUKE,1,100.0,0,154,60.0,,60.0,0,0,0,,,,0,0,0,1,0,0,0,1,0,0,0,0,1,0
Joe Evans,81247,ED,IOWA,1,100.0,0,192,60.0,,60.0,0,0,0,,,,0,0,0,1,0,0,0,1,0,0,0,0,1,0
Bryce Jackson,56134,S,NWESTERN,1,100.0,0,256,60.0,,60.0,0,0,0,,,,0,0,0,1,0,0,0,1,0,0,0,0,1,0
Peter Stehr,77707,HB,BOSTON COL,2,8.3,0,121,63.6,,60.0,0,0,0,0.0,0.0,,0,0,0,1,0,0,0,12,0,7,0,0,1,0
Ryan Johnson,144797,QB,ILLINOIS,1,100.0,0,187,60.0,,60.0,0,0,0,,,,0,0,0,1,0,0,0,1,0,0,0,0,1,0
Bryce Baringer,60274,P,MICH STATE,2,50.0,0,223,53.1,,60.0,0,0,0,,,,0,0,0,1,0,0,0,2,0,0,0,0,1,0
Ben Ballard,99469,QB,TEXAS,1,100.0,0,311,60.0,,60.0,0,0,0,,,,0,0,0,1,0,0,0,1,0,0,0,0,1,0
Mike Timm,81248,LB,IOWA,1,100.0,0,192,60.0,,60.0,0,0,0,,,,0,0,0,1,0,0,0,1,0,0,0,0,1,0
Ty Mason,56208,CB,TEMPLE,1,100.0,0,306,60.0,,60.0,0,0,0,,,,1,0,0,1,0,0,0,1,0,0,0,0,1,0
Corvan Taylor,101157,S,AIR FORCE,1,100.0,0,101,60.0,,60.0,0,0,0,,,,1,0,0,1,0,0,0,1,0,0,0,0,1,0
Caleb Fauria,131676,TE,COLORADO,2,14.3,0,143,59.9,,65.7,0,0,0,0.0,0.0,,0,0,0,1,0,0,0,7,0,6,0,0,1,6
Teagan Liufau,101167,ED,WYOMING,1,100.0,0,351,60.0,11.2,,0,0,0,,100.0,,1,0,0,1,0,0,0,1,1,1,0,0,0,0
Cale Fulsom,122969,WR,OKLA STATE,1,100.0,0,262,60.0,,60.0,0,0,0,,,,0,0,0,1,0,0,0,1,0,0,0,0,1,0
AJ Vongphachanh,101172,LB,UTAH ST,1,100.0,0,329,60.0,,60.0,0,0,0,,,,0,0,0,1,0,0,0,1,0,0,0,0,1,0
Wyatt Draeger,101173,DI,S DIEGO ST,1,100.0,0,284,60.0,,60.0,0,0,0,,,,0,0,0,1,0,0,0,1,0,0,0,0,1,0
Cesar Silva,101210,K,FRESNO ST,1,100.0,0,169,60.0,,60.0,0,0,0,,,,0,0,0,1,0,0,0,1,0,0,0,0,1,0
Michael Shawcroft,101215,LB,S DIEGO ST,1,100.0,0,284,60.0,,60.0,0,0,0,,,,1,0,0,1,0,0,0,1,0,0,0,0,1,0
James Evans,144846,P,INDIANA,1,100.0,0,190,60.0,,60.0,0,0,0,,,,0,0,0,1,0,0,0,1,0,0,0,0,1,0
George Nyakwol,52203,S,RICE,1,100.0,0,275,60.0,,60.0,0,0,0,,,,1,0,0,1,0,0,0,1,0,0,0,0,1,0
Micah Baskerville,81281,LB,LSU,1,100.0,0,211,60.0,63.8,,0,0,1,100.0,100.0,100.0,0,0,0,1,0,0,0,1,1,1,0,0,0,0
Walker Hardan,101236,LS,UNLV,1,100.0,0,325,60.0,,60.0,0,0,0,,,,0,0,0,1,0,0,0,1,0,0,0,0,1,0
Ahmad McCullough,81291,LB,MARYLAND,1,100.0,0,215,60.0,,60.0,0,0,0,,,,0,0,0,1,0,0,0,1,0,0,0,0,1,0
Luke Knox,81312,ED,OLE MISS,1,100.0,0,226,60.0,,60.0,0,0,0,,,,0,0,0,1,0,0,0,1,0,0,0,0,1,0
Cooper DeJean,144867,CB,IOWA,1,100.0,0,192,60.0,,60.0,0,0,0,,,,0,0,0,1,0,0,0,1,0,0,0,0,1,0
Evan Davis,97261,LS,BUFFALO,1,100.0,0,126,60.0,,60.0,0,0,0,,,,0,0,0,1,0,0,0,1,0,0,0,0,1,0
Josh Thompson,56218,CB,TEXAS,1,100.0,0,311,60.0,,60.0,0,0,0,,,,3,0,0,1,0,0,0,1,0,0,0,0,1,0
Chike Anigbogu,97239,S,RICE,1,100.0,0,275,60.0,,60.0,0,0,0,,,,0,0,0,1,0,0,0,1,0,0,0,0,1,0
Deion Jennings,81371,LB,RUTGERS,1,100.0,0,278,60.0,61.8,,0,0,1,100.0,100.0,100.0,0,0,0,1,0,0,0,1,1,1,0,0,0,0
Bryce Watts,56284,CB,UMASS,1,100.0,1,216,60.0,,60.0,0,0,0,,,,2,0,0,1,0,0,0,1,0,0,0,0,1,0
Antonio Showers,81422,ED,TROY,1,100.0,1,318,60.0,,60.0,0,0,0,,,,2,0,0,1,0,0,0,1,0,0,0,0,1,0
Kenderick Duncan,60658,S,LOUISVILLE,1,100.0,0,210,60.0,,60.0,0,0,0,,,,1,0,0,1,0,0,0,1,0,0,0,0,1,0
Antwain Littleton Jr.,144892,HB,MARYLAND,2,5.0,0,215,78.0,,60.0,0,0,0,0.0,0.0,,0,0,0,1,0,0,0,20,0,4,0,0,1,0
Clayton Allen,144894,C,MARYLAND,1,100.0,0,215,60.0,,60.0,0,0,0,,,,0,0,0,1,0,1,0,1,0,0,0,0,1,0
Brad Robbins,60291,P,MICHIGAN,2,50.0,0,222,46.9,,60.0,0,0,0,,,,0,0,0,1,0,0,0,2,0,0,0,0,1,0
Christian Albright,56327,ED,BALL ST,1,100.0,0,117,60.0,,60.0,0,0,0,,,,1,0,0,1,0,0,0,1,0,0,0,0,1,0
Chop Robinson,144901,ED,MARYLAND,1,100.0,0,215,60.0,,60.0,0,0,0,,,,2,0,0,1,0,0,0,1,0,0,0,0,1,0
Trenton Gill,60295,P,NC STATE,1,100.0,0,248,60.0,,60.0,0,0,0,,,,0,0,0,1,0,0,0,1,0,0,0,0,1,0
Ethan Gough,144912,LS,MARYLAND,1,100.0,0,215,60.0,,60.0,0,0,0,,,,0,0,0,1,0,0,0,1,0,0,0,0,1,0
Ryan Stonehouse,52045,P,COLO STATE,1,100.0,0,144,60.0,,60.0,0,0,0,,,,0,0,0,1,0,0,0,1,0,0,0,0,1,0
Spencer Gaddis,84512,WR,GA STATE,1,100.0,0,175,60.0,,60.0,0,0,0,,,,0,0,0,1,0,0,0,1,0,0,0,0,1,0
Davaughn Celestine,101308,S,S DIEGO ST,1,100.0,0,284,60.0,,60.0,0,0,0,,,,0,0,0,1,0,0,0,1,0,0,0,0,1,0
Patrick Maddox,101319,CB,UTAH ST,1,100.0,0,329,60.0,,60.0,0,0,0,,,,0,0,0,1,0,0,0,1,0,0,0,0,1,0
Jesse Madden,144920,QB,MICHIGAN,1,100.0,0,222,60.0,,60.0,0,0,0,,,,0,0,0,1,0,0,0,1,0,0,0,0,1,0
Marcus Valdez,56333,ED,BOSTON COL,1,100.0,1,121,60.0,,60.0,0,0,0,,,,1,0,0,1,0,0,0,1,0,0,0,0,1,0
CJ Schrimpf,81476,LS,COAST CAR,1,100.0,0,141,60.0,,60.0,0,0,0,,,,0,0,0,1,0,0,0,1,0,0,0,0,1,0
Jett Bush,99372,ED,TEXAS,1,100.0,0,311,60.0,,60.0,0,0,0,,,,1,0,0,1,0,0,0,1,0,0,0,0,1,0
RJ Edwards,131570,S,ARIZONA,1,100.0,0,109,60.0,,60.0,0,0,0,,,,0,0,0,1,0,0,0,1,0,0,0,0,1,0
Matt Ference,60298,P,N ILLINOIS,1,100.0,0,254,60.0,63.8,,0,0,1,100.0,100.0,100.0,0,0,0,1,0,0,0,1,1,1,0,0,0,0
Max Bredeson,144930,TE,MICHIGAN,1,100.0,0,222,60.0,,59.4,0,0,0,,,,0,0,0,1,0,0,0,1,0,0,0,0,1,1
Joe Taylor,144936,HB,MICHIGAN,1,50.0,0,222,57.0,,60.0,0,0,0,,,,0,0,0,1,0,0,0,2,0,0,0,0,1,0
Kendell Brooks,144946,S,MICH STATE,1,100.0,0,223,60.0,,60.0,0,0,0,,,,0,0,0,1,0,0,0,1,0,0,0,0,1,0
Justin Foster,56340,ED,CLEMSON,1,100.0,0,140,60.0,60.5,,0,0,1,100.0,100.0,100.0,1,0,0,1,0,0,0,1,1,1,0,0,0,0
Daniel Gutierrez,60310,P,UNLV,1,100.0,0,325,60.0,,60.0,0,0,0,,,,0,0,0,1,0,0,0,1,0,0,0,0,1,0
Marco Ortiz,81478,LS,FLORIDA,1,100.0,0,163,60.0,,60.0,0,0,0,,,,0,0,0,1,0,0,0,1,0,0,0,0,1,0
Jameson Geers,144979,TE,MINNESOTA,1,50.0,0,225,59.1,,60.0,0,0,0,0.0,0.0,,0,0,0,1,0,0,0,2,0,1,0,0,1,0
Cole Kizziah,81515,LS,UAB,1,100.0,0,321,60.0,,60.0,0,0,0,,,,0,0,0,1,0,0,0,1,0,0,0,0,1,0
Beau Corrales,61513,WR,N CAROLINA,1,20.0,0,245,56.6,,60.0,0,0,0,0.0,0.0,,0,0,0,1,0,0,0,5,0,4,0,0,1,0
Byron Murphy II,131252,DI,TEXAS,1,100.0,0,311,60.0,,60.0,0,0,0,,,,0,0,0,1,0,0,0,1,0,0,0,0,1,0
Ben Reppenhagen,123097,TE,TCU,1,100.0,0,305,60.0,,60.0,0,0,0,,,,0,0,0,1,0,0,0,1,0,0,0,0,1,0
Andre Crump Jr.,101352,WR,S JOSE ST,1,25.0,0,285,56.3,,60.0,0,0,0,0.0,0.0,,0,0,0,1,0,0,0,4,0,3,0,0,1,0
Keshaun Harris,101381,CB,MICHIGAN,1,100.0,0,222,60.0,,60.0,0,0,0,,,,0,0,0,1,0,0,0,1,0,0,0,0,1,0
Dane Belton,101398,S,IOWA,1,100.0,0,192,60.0,63.8,,0,0,1,100.0,100.0,100.0,0,0,0,1,0,0,0,1,1,1,0,0,0,0
Kyler Fisher,101403,S,IOWA,1,100.0,0,192,60.0,,60.0,0,0,0,,,,0,0,0,1,0,0,0,1,0,0,0,0,1,0
DJ Schramm,81524,LB,BOISE ST,1,100.0,0,120,60.0,,60.0,0,0,0,,,,0,0,0,1,0,0,0,1,0,0,0,0,1,0
Adam Berghorst,101412,TE,MICH STATE,1,100.0,0,223,60.0,,59.4,0,0,0,,,,0,0,0,1,0,0,0,1,0,0,0,0,1,1
Calvin Johnson II,145043,WR,NWESTERN,1,50.0,0,256,30.6,,60.0,0,0,0,,,,0,0,0,1,0,0,0,2,0,0,0,0,1,0
Jaylan Ford,123114,LB,TEXAS,1,100.0,0,311,60.0,,60.0,0,0,0,,,,0,0,0,1,0,0,0,1,0,0,0,0,1,0
Danny Blakeman,56422,ED,NC STATE,1,100.0,0,248,60.0,,60.0,0,0,0,,,,0,0,0,1,0,0,0,1,0,0,0,0,1,0
Michael Scott,56459,ED,AKRON,1,100.0,1,102,60.0,,60.0,0,0,0,,,,1,0,0,1,0,0,0,1,0,0,0,0,1,0
Griffin McDowell,81633,C,FLORIDA,1,100.0,0,163,60.0,,60.0,0,0,0,,,,0,0,0,1,0,0,0,1,0,0,0,0,1,0
Louie Stec,101458,DI,IOWA,1,100.0,0,192,60.0,,60.0,0,0,0,,,,0,0,0,1,0,0,0,1,0,0,0,0,1,0
Kyle Mayberry,50403,CB,UTAH ST,1,100.0,0,329,60.0,,60.0,0,0,0,,,,0,0,0,1,0,0,0,1,0,0,0,0,1,0
Phidarian Mathis,56504,DI,ALABAMA,1,100.0,0,103,60.0,60.5,,0,0,1,100.0,100.0,100.0,2,0,0,1,0,0,0,1,1,1,0,0,0,0
Logan Johnson,155281,WR,GEORGIA,1,100.0,0,173,60.0,,59.0,0,0,0,,,,0,0,0,1,0,0,0,1,0,0,0,0,1,0
Quan Easterling,101459,TE,WISCONSIN,1,100.0,0,349,60.0,,59.6,0,0,0,,,,0,0,0,1,0,0,0,1,0,0,0,0,1,1
Tatum Grass,101462,LB,WISCONSIN,1,100.0,0,349,60.0,,60.0,0,0,0,,,,0,0,0,1,0,0,0,1,0,0,0,0,1,0
Jashon Prophete,130572,S,N ILLINOIS,1,100.0,0,254,60.0,63.8,,0,0,1,100.0,100.0,100.0,0,0,0,1,0,0,0,1,1,1,0,0,0,0
Scott Patchan,36449,ED,COLO STATE,1,100.0,0,144,60.0,,60.0,0,0,0,,,,4,0,0,1,0,0,0,1,0,0,0,0,1,0
Nathan Priestley,99131,QB,GEORGIA,1,100.0,0,173,60.0,,60.0,0,0,0,,,,0,0,0,1,0,0,0,1,0,0,0,0,1,1
Michael Hagerty,124022,TE,GEORGIA,1,100.0,0,173,60.0,,60.0,0,0,0,,,,0,0,0,1,0,0,0,1,0,0,0,0,1,1
Leo Chenal,101463,LB,WISCONSIN,1,100.0,0,349,60.0,,60.0,0,0,0,,,,2,0,0,1,0,0,0,1,0,0,0,0,1,0
Jaden Dolphin,130547,LB,N ILLINOIS,1,100.0,0,254,60.0,63.8,,0,0,1,100.0,100.0,100.0,0,0,0,1,0,0,0,1,1,1,0,0,0,0
Reinard Britz,99126,QB,TEXAS A&M,1,100.0,0,312,60.0,,60.0,0,0,0,,,,0,0,0,1,0,0,0,1,0,0,0,0,1,0
Spencer Smith,99121,QB,TENNESSEE,1,100.0,0,307,60.0,,60.0,0,0,0,,,,0,0,0,1,0,0,0,1,0,0,0,0,1,0
Danny Caracciolo,30548,LS,VIRGINIA,1,100.0,0,335,60.0,,60.0,0,0,0,,,,0,0,0,1,1,0,0,1,0,0,0,0,1,0
Michael Ziemba,56646,ED,INDIANA,1,100.0,0,190,60.0,,60.0,0,0,0,,,,0,0,0,1,0,0,0,1,0,0,0,0,1,0
Brady Weeks,101529,LS,MINNESOTA,1,100.0,0,225,60.0,,60.0,0,0,0,,,,0,0,0,1,0,0,0,1,0,0,0,0,1,0
Peter Bowden,101530,LS,WISCONSIN,1,100.0,0,349,60.0,,60.0,0,0,0,,,,0,0,0,1,0,0,0,1,0,0,0,0,1,0
Deontre Thomas,56749,DI,NEBRASKA,1,100.0,0,238,60.0,,60.0,0,0,0,,,,1,0,0,1,0,0,0,1,0,0,0,0,1,0
Kofi Wardlow,56785,ED,CHARLOTTE,1,100.0,0,136,60.0,,60.0,0,0,0,,,,3,0,0,1,0,0,0,1,0,0,0,0,1,0
Michael Hayes,97151,P,GA STATE,1,100.0,0,175,60.0,,60.0,0,0,0,,,,0,0,0,1,0,0,0,1,0,0,0,0,1,0
James Besett,130510,WR,MIAMI OH,1,100.0,0,221,60.0,,60.0,0,0,0,,,,0,0,0,1,0,0,0,1,0,0,0,0,1,0
Grover Bortolotti,145166,HB,WISCONSIN,1,14.3,0,349,76.8,,60.0,0,0,0,0.0,0.0,,0,0,0,1,0,0,0,7,0,1,0,0,1,0
CJ West,130507,DI,KENT STATE,1,100.0,0,201,60.0,,60.0,0,0,0,,,,1,0,0,1,0,0,0,1,0,0,0,0,1,1
Brad Johnson,56831,LB,S CAROLINA,1,100.0,0,289,60.0,63.8,,0,0,1,100.0,100.0,100.0,2,0,0,1,0,0,0,1,1,1,0,0,0,0
Tony Johnson,145189,WR,FAU,1,16.7,0,165,54.9,,60.0,0,0,0,0.0,0.0,,0,0,0,1,0,0,0,6,0,5,0,0,1,0
Riley Moses,101584,T,NEBRASKA,1,100.0,0,238,60.0,,60.0,0,0,0,,,,0,0,0,1,1,0,0,1,0,0,0,0,1,0
Ja'Cquez Williams,45037,LB,LA MONROE,1,100.0,0,209,60.0,63.8,,0,0,1,100.0,100.0,100.0,1,0,0,1,0,0,0,1,1,1,0,0,0,0
Fred Stokes,130444,ED,C MICHIGAN,1,100.0,0,134,60.0,,60.0,0,0,0,,,,0,0,0,1,0,0,0,1,0,0,0,0,1,0
Chase Harof,99074,TE,GEORGIA,2,33.3,0,173,54.8,,59.7,0,0,0,0.0,0.0,,0,0,0,1,0,0,0,3,0,2,0,0,1,3
Marshall Meeder,130441,K,C MICHIGAN,1,100.0,0,134,60.0,,60.0,0,0,0,,,,0,0,0,1,0,0,0,1,0,0,0,0,1,0
Ralph Holley,56950,DI,W MICHIGAN,1,100.0,1,347,60.0,,59.2,0,0,0,,,,5,0,0,1,0,0,0,1,0,0,0,0,1,1
Noah Stafursky,101587,C,NEBRASKA,1,100.0,0,238,60.0,,60.0,0,0,0,,,,0,0,0,1,0,0,0,1,0,0,1,0,1,0
Gaethan Bernadel,145230,LB,FIU,1,100.0,0,166,60.0,63.8,,0,0,1,100.0,100.0,100.0,0,0,0,1,0,0,0,1,1,1,0,0,0,0
Anthony Koclanakis,88506,LB,COLO STATE,1,100.0,0,144,60.0,,60.0,0,0,0,,,,0,0,0,1,0,0,0,1,0,0,0,0,1,0
Shaun Dolac,130406,LB,BUFFALO,1,100.0,0,126,60.0,,60.0,0,0,0,,,,0,0,0,1,0,0,0,1,0,0,0,0,1,0
Will Jontz,101633,QB,INDIANA,1,100.0,0,190,60.0,,60.0,0,0,0,,,,0,0,0,1,0,0,0,1,0,0,0,0,1,0
Billie Roberts,130379,DI,BOWL GREEN,1,100.0,0,122,60.0,,60.0,0,0,0,,,,1,0,0,1,0,0,0,1,0,0,0,0,1,0
Cooper Jewett,101654,HB,NEBRASKA,2,33.3,0,238,55.8,,60.0,0,0,0,,,,0,0,0,1,0,0,0,3,0,0,0,0,1,0
Matt Coghlin,44998,K,MICH STATE,1,100.0,0,223,60.0,,60.0,0,0,0,,,,0,0,0,1,0,0,0,1,0,0,0,0,1,0
Hamilton Hawthorne II,81871,G,TROY,1,100.0,0,318,60.0,,60.0,0,0,0,,,,0,0,0,1,0,0,0,1,0,0,0,0,1,0
Trey Franklin,97132,CB,LOUISVILLE,1,100.0,0,210,60.0,,60.0,0,0,0,,,,0,0,0,1,0,0,0,1,0,0,0,0,1,0
Marshall Kellner,77377,T,KANSAS ST,1,100.0,0,199,60.0,,60.0,0,0,0,,,,0,0,0,1,0,0,0,1,0,0,1,0,1,0
Anthony Hawkins,130366,DI,BOWL GREEN,1,100.0,1,122,60.0,63.8,,0,0,1,100.0,100.0,100.0,1,0,0,1,0,0,0,1,1,1,0,0,0,0
Demetrius Hardamon,130365,ED,BOWL GREEN,1,100.0,1,122,60.0,63.8,,0,0,1,100.0,100.0,100.0,2,0,0,1,0,0,0,1,1,1,0,0,0,0
Gabriel Brown,130355,C,BOWL GREEN,1,100.0,0,122,60.0,,60.0,0,0,0,,,,0,0,0,1,0,0,0,1,0,0,0,0,1,0
Nick Zecchino,44923,LS,PURDUE,1,100.0,0,273,60.0,90.4,,0,0,1,100.0,100.0,100.0,0,0,0,1,1,0,0,1,1,1,0,0,0,0
Carter Scudo,147420,WR,UMASS,4,7.7,0,216,72.2,71.5,,0,0,1,16.7,14.3,100.0,0,0,0,1,0,0,0,13,1,7,0,0,0,0
Jacob Quattlebaum,99035,LS,AUBURN,1,100.0,0,115,60.0,60.5,,0,0,1,100.0,100.0,100.0,0,0,0,1,0,0,0,1,1,1,0,0,0,0
Javon Batten,147429,S,UMASS,1,100.0,0,216,60.0,,60.0,0,0,0,,,,0,0,0,1,0,0,0,1,0,0,0,0,1,0
Cameron Kaye,44629,LS,TROY,1,100.0,0,318,60.0,,60.0,0,0,0,,,,0,0,0,1,0,0,0,1,0,0,0,0,1,0
Curtis Brooks,44559,DI,CINCINNATI,1,100.0,0,138,60.0,,60.0,0,0,0,,,,2,0,0,1,0,0,0,1,0,0,0,0,1,0
Dorian Helm,147431,CB,UMASS,1,100.0,0,216,60.0,,60.0,0,0,0,,,,0,0,0,1,0,0,0,1,0,0,0,0,1,0
Ke'Shun Brown,98991,LB,S ALABAMA,1,100.0,0,288,60.0,,60.0,0,0,0,,,,1,0,0,1,0,0,0,1,0,0,0,0,1,0
Jordan Mahoney,147438,CB,UMASS,1,100.0,0,216,60.0,,60.0,0,0,0,,,,2,0,0,1,0,0,0,1,0,0,0,0,1,0
Will Reichard,98965,K,ALABAMA,1,100.0,0,103,60.0,60.5,,0,0,1,100.0,100.0,100.0,0,0,0,1,0,0,0,1,1,1,0,0,0,0
J.B. Brown,130354,LB,BOWL GREEN,1,100.0,0,122,60.0,63.8,,0,0,1,100.0,100.0,100.0,0,0,0,1,0,0,0,1,1,1,0,0,0,0
Dylan Seiler,130348,LS,BALL ST,1,100.0,0,117,60.0,,60.0,0,0,0,,,,0,0,0,1,0,0,0,1,0,0,0,0,1,0
Elijah Garcia,44498,DI,RICE,1,100.0,1,275,60.0,,60.0,0,0,0,,,,6,0,0,1,0,0,0,1,0,0,0,0,1,0
Vince Sanford,90952,ED,AIR FORCE,1,100.0,0,101,60.0,,60.0,0,0,0,,,,1,0,0,1,0,0,0,1,0,0,0,0,1,0
Trey Corley,86847,LS,LA MONROE,1,100.0,0,209,60.0,63.8,,0,0,1,100.0,100.0,100.0,0,0,0,1,0,0,0,1,1,1,0,0,0,0
Karch Gardiner,98873,WR,UTSA,1,100.0,0,331,60.0,,60.0,0,0,0,,,,0,0,0,1,0,0,0,1,0,0,0,0,1,0
Kenney Solomon,98848,CB,TULSA,1,100.0,0,320,60.0,,60.0,0,0,0,,,,0,0,0,1,0,0,0,1,0,0,0,0,1,0
Derek Dorsey,44209,DI,LOUISVILLE,1,100.0,0,210,60.0,,60.0,0,0,0,,,,0,0,0,1,0,0,0,1,0,0,0,0,1,0
Jaden Smith,101860,CB,UTAH ST,1,100.0,0,329,60.0,,60.0,0,0,0,,,,0,0,0,1,0,0,0,1,0,0,0,0,1,0
Jeffery Johnson,77312,DI,TULANE,1,100.0,1,319,60.0,60.5,,0,0,1,100.0,100.0,100.0,1,0,0,1,0,0,0,1,1,1,0,0,0,0
Drew Lawson,145423,C,SO MISS,1,100.0,0,296,60.0,,60.0,0,0,0,,,,0,0,0,1,1,0,0,1,0,0,0,0,1,0
Kyle Bauman,77309,LS,AKRON,1,100.0,0,102,60.0,,60.0,0,0,0,,,,0,0,0,1,0,0,0,1,0,0,0,0,1,0
Erik Abrell,77304,LS,N ILLINOIS,1,100.0,0,254,60.0,63.8,,0,0,1,100.0,100.0,100.0,0,0,0,1,0,0,0,1,1,1,0,0,0,0
Jalen Knight,130301,WR,AKRON,1,33.3,0,102,56.9,,60.0,0,0,0,0.0,0.0,,0,0,0,1,0,0,0,3,0,2,0,0,1,0
Kenny Hebert,43827,ED,ARIZONA,1,100.0,2,109,60.0,,60.0,0,0,0,,,,3,0,0,1,0,0,0,1,0,0,0,0,1,0
Justin Mader,77298,LS,TEXAS,1,100.0,0,311,60.0,,60.0,0,0,0,,,,0,0,0,1,0,0,0,1,0,0,0,0,1,0
Jerrin Thompson,123128,S,TEXAS,1,100.0,0,311,60.0,,60.0,0,0,0,,,,1,0,0,1,0,0,0,1,0,0,0,0,1,0
Jackson Greene,102658,S,APP STATE,1,100.0,0,108,60.0,,60.0,0,0,0,,,,0,0,0,1,0,0,0,1,0,0,0,0,1,0
Fabrice Voyne,102669,ED,ARMY,1,100.0,0,114,60.0,,60.0,0,0,0,,,,0,0,0,1,0,0,0,1,0,0,0,0,1,0
Sosaia Tuitavake,102704,DI,ARK STATE,1,100.0,1,113,60.0,,60.0,0,0,0,,,,3,0,0,1,0,0,0,1,0,0,0,0,1,0
Franklin Lama,77297,LS,C MICHIGAN,1,100.0,0,134,60.0,,60.0,0,0,0,,,,0,0,0,1,0,0,0,1,0,0,0,0,1,0
Marcus Brown,43739,DI,CINCINNATI,1,100.0,1,138,60.0,,60.0,0,0,0,,,,5,0,0,1,0,0,0,1,0,0,0,0,1,0
Jourdan Heilig,102733,ED,APP STATE,1,100.0,0,108,60.0,,60.0,0,0,0,,,,0,0,0,1,0,0,0,1,0,0,0,0,1,0
Andy Vujnovich,129934,P,WISCONSIN,1,100.0,0,349,60.0,,60.0,0,0,0,,,,0,0,0,1,0,0,0,1,0,0,0,0,1,0
Matt Martinez,84530,S,CHARLOTTE,1,100.0,0,136,60.0,,60.0,0,0,0,,,,0,0,0,1,0,0,0,1,0,0,0,0,1,0
Cole Talley,102744,K,ARMY,3,33.3,0,114,52.0,63.8,,0,0,0,0.0,50.0,,0,0,0,1,0,0,0,3,1,2,0,0,0,0
Kyle Ostendorp,98795,P,ARIZONA,1,100.0,0,109,60.0,,60.0,0,0,0,,,,0,0,0,1,0,0,0,1,0,0,0,0,1,0
Wyatt Tucker,98788,LS,HAWAII,1,100.0,0,180,60.0,,60.0,0,0,0,,,,0,0,0,1,0,0,0,1,0,0,0,0,1,0
Kenny Haynes,102763,LB,TEXAS ST,1,100.0,0,314,60.0,,60.0,0,0,0,,,,0,0,0,1,0,0,0,1,0,0,0,0,1,0
Seth MacKellar,98785,LS,ARIZONA,1,100.0,0,109,60.0,,60.0,0,0,0,,,,0,0,0,1,0,0,0,1,0,0,0,0,1,0
Cole Voyles,77292,LS,SMU,1,100.0,0,287,60.0,,60.0,0,0,0,,,,0,0,0,1,1,0,0,1,0,0,0,0,1,0
Ty'Ron Hopper,98781,LB,FLORIDA,1,100.0,0,163,60.0,,60.0,0,0,0,,,,0,0,0,1,0,0,0,1,0,0,0,0,1,0
Brenden Schooler,28253,S,TEXAS,1,100.0,0,311,60.0,,60.0,0,0,0,,,,1,0,0,1,0,0,0,1,0,0,0,0,1,0
Cade Long,77283,LS,GA TECH,1,100.0,0,176,60.0,61.8,,0,0,1,100.0,100.0,100.0,0,0,0,1,0,0,0,1,1,1,0,0,0,0
Mohamoud Diabate,98780,LB,FLORIDA,1,100.0,0,163,60.0,,60.0,0,0,0,,,,3,0,0,1,0,0,0,1,0,0,0,0,1,0
Noa Kamana,98758,LB,HAWAII,1,100.0,0,180,60.0,,60.0,0,0,0,,,,0,0,0,1,0,0,0,1,0,0,0,0,1,0
Bailey Rice,145570,P,CHARLOTTE,1,100.0,0,136,60.0,,60.0,0,0,0,,,,0,0,0,1,0,0,0,1,0,0,0,0,1,0
Henry Rutledge,145571,HB,CHARLOTTE,2,25.0,0,136,68.2,,60.0,0,0,0,0.0,0.0,,0,0,0,1,0,0,0,4,0,2,0,0,1,0
Garrett Murray,77280,LS,FLORIDA ST,1,100.0,0,167,60.0,63.8,,0,0,0,,100.0,,0,0,0,1,0,0,0,1,1,1,0,0,0,0
Jaylin Thomas,43665,LB,BALL ST,1,100.0,0,117,60.0,,60.0,0,0,0,,,,2,0,0,1,0,0,0,1,0,0,0,0,1,0
Brendan Harrington,102848,LB,APP STATE,1,100.0,0,108,60.0,,60.0,0,0,0,,,,4,0,0,1,0,0,0,1,0,0,0,0,1,0
Jake Hansen,43645,LB,ILLINOIS,1,100.0,0,187,60.0,,60.0,0,0,0,,,,0,0,0,1,0,0,0,1,0,0,0,0,1,0
Jessie Parson III,129896,WR,RUTGERS,2,14.3,0,278,53.4,,60.0,0,0,0,0.0,0.0,,0,0,0,1,0,0,0,7,0,6,0,0,1,0
Jamil Muhammad,102860,ED,GA STATE,1,100.0,0,175,60.0,,60.0,0,0,0,,,,1,0,0,1,0,0,0,1,0,0,0,0,1,0
Maurice Bellan,102864,QB,ARMY,1,33.3,0,114,76.8,,60.0,0,0,0,,,,0,0,0,1,0,0,0,3,0,0,0,0,1,0
Gabe Montgomery,102872,HB,APP STATE,1,16.7,0,108,66.6,67.9,,0,0,1,100.0,100.0,100.0,0,0,0,1,0,0,0,6,1,1,0,0,0,0
Zach DiLauro,77276,LB,AKRON,1,100.0,0,102,60.0,,60.0,0,0,0,,,,0,0,0,1,0,0,0,1,0,0,0,0,1,0
B.J. Turner,84540,LB,CHARLOTTE,1,100.0,0,136,60.0,,60.0,0,0,0,,,,0,0,0,1,0,0,0,1,0,0,0,0,1,0
Kevin Meitzenheimer,43102,LB,UTAH ST,1,100.0,0,329,60.0,,60.0,0,0,0,,,,0,0,0,1,0,0,0,1,0,0,0,0,1,0
Valentino Ambrosio,129869,K,RUTGERS,1,100.0,0,278,60.0,,60.0,0,0,0,,,,0,0,0,1,0,0,0,1,0,0,0,0,1,0
Brandon Bischof,77275,LB,AKRON,1,100.0,0,102,60.0,,60.0,0,0,0,,,,0,0,0,1,0,0,0,1,0,0,0,0,1,0
Blake McDonald,81936,C,WASH STATE,1,100.0,0,341,60.0,,60.0,0,0,0,,,,0,0,0,1,0,1,0,1,0,0,0,0,1,0
Tanner Davis,102905,S,UMASS,1,100.0,1,216,60.0,,60.0,0,0,0,,,,4,0,0,1,0,0,0,1,0,0,0,0,1,0
Elijah Hamilton,43012,CB,LA TECH,1,100.0,0,208,60.0,,60.0,0,0,0,,,,2,0,0,1,0,0,0,1,0,0,0,0,1,0
Brian Hibbard,129851,FB,RICE,1,100.0,0,275,60.0,,59.3,0,0,0,,,,0,0,0,1,0,0,0,1,0,0,0,0,1,0
Noah Burks,42956,ED,WISCONSIN,1,100.0,0,349,60.0,,60.0,0,0,0,,,,1,0,0,1,0,0,0,1,0,0,0,0,1,0
Javian Boykin,102908,TE,GA SOUTHRN,1,100.0,0,174,60.0,,59.9,0,0,0,,,,0,0,0,1,0,0,0,1,0,0,0,0,1,1
Carson Williams,145677,TE,BUFFALO,1,100.0,0,126,60.0,,60.0,0,0,0,,,,0,0,0,1,0,0,0,1,0,0,0,0,1,1
Jontrey Hunter,81961,LB,GA STATE,1,100.0,0,175,60.0,,60.0,0,0,0,,,,1,0,0,1,0,0,0,1,0,0,0,0,1,0
Liam Douglass,82007,G,USC,1,100.0,0,326,60.0,,60.0,0,0,0,,,,0,0,0,1,0,0,0,1,0,0,1,0,1,0
Ajani Kerr,42797,CB,TULANE,1,100.0,0,319,60.0,60.5,,0,0,1,100.0,100.0,100.0,4,0,0,1,0,0,0,1,1,1,0,0,0,0
Thomas Incoom,145694,ED,C MICHIGAN,1,100.0,0,134,60.0,,60.0,0,0,0,,,,1,0,0,1,0,0,0,1,0,0,0,0,1,0
Gabriel Watson,123130,HB,TEXAS,3,9.1,0,311,71.7,,60.0,0,0,0,,,,0,0,0,1,0,0,0,11,0,0,0,0,1,0
Fabian Weitz,77274,LB,BUFFALO,1,100.0,0,126,60.0,,60.0,0,0,0,,,,0,0,0,1,0,0,0,1,0,0,0,0,1,0
Vinny DePalma,77273,LB,BOSTON COL,1,100.0,0,121,60.0,,60.0,0,0,0,,,,1,0,0,1,0,0,0,1,0,0,0,0,1,0
Max Michel,77272,ED,BUFFALO,1,100.0,0,126,60.0,,60.0,0,0,0,,,,2,0,0,1,0,0,0,1,0,0,0,0,1,0
Akheem Mesidor,123427,DI,W VIRGINIA,1,50.0,1,343,59.2,,60.0,0,0,0,0.0,0.0,,3,0,0,1,0,0,0,2,0,1,0,0,1,0
Davis Heinzen,145705,G,C MICHIGAN,1,100.0,0,134,60.0,,60.0,0,0,0,,,,0,0,0,1,0,0,0,1,0,0,0,0,1,0
C.J. Avery,60683,LB,LOUISVILLE,1,100.0,0,210,60.0,,60.0,0,0,0,,,,2,0,0,1,0,0,0,1,0,0,0,0,1,0
Wesley Steiner,124003,LB,AUBURN,1,100.0,0,115,60.0,60.5,,0,0,1,100.0,100.0,100.0,0,0,0,1,0,0,0,1,1,1,0,0,0,0
Nick Heninger,42766,ED,UTAH ST,1,100.0,0,329,60.0,,60.0,0,0,0,,,,1,0,0,1,0,0,0,1,0,0,0,0,1,0
Naeem Smith,98708,S,RICE,1,100.0,0,275,60.0,,60.0,0,0,0,,,,0,0,0,1,0,0,0,1,0,0,0,0,1,0
Cornelius Dyson,123215,S,TULANE,1,100.0,0,319,60.0,60.5,,0,0,1,100.0,100.0,100.0,1,0,0,1,0,0,0,1,1,1,0,0,0,0
Adonis Friloux,123216,DI,TULANE,1,100.0,0,319,60.0,60.5,,0,0,1,100.0,100.0,100.0,0,0,0,1,0,0,0,1,1,1,0,0,0,0
Carson King,82024,P,FRESNO ST,2,50.0,0,169,75.2,,60.0,0,0,0,,0.0,,0,0,0,1,0,0,0,2,0,1,0,0,1,0
Jesus Machado Jr.,123224,LB,TULANE,1,100.0,0,319,60.0,60.5,,0,0,1,100.0,100.0,100.0,0,0,0,1,0,0,0,1,1,1,0,0,0,0
Marcellus Moore,129827,WR,PURDUE,1,14.3,0,273,77.1,,83.5,0,0,0,0.0,0.0,,0,0,0,1,0,0,0,7,0,4,0,0,1,0
Ben Furtney,129812,TE,PURDUE,1,100.0,0,273,60.0,,59.8,0,0,0,,,,0,0,0,1,0,0,0,1,0,0,0,0,1,1
Jake Tafelski,145730,HB,C MICHIGAN,1,33.3,0,134,69.4,,60.0,0,0,0,0.0,0.0,,0,0,0,1,0,0,0,3,0,1,0,0,1,0
Harrison Smith,82058,P,VANDERBILT,1,100.0,0,333,60.0,,60.0,0,0,0,,,,0,0,0,1,0,0,0,1,0,0,0,0,1,0
Matt Harmon,77244,ED,KENT STATE,1,100.0,2,201,59.9,,59.6,0,0,0,,,,3,0,0,1,0,0,0,1,0,0,0,0,1,0
Byron Vaughns,77206,ED,UTAH ST,1,100.0,1,329,60.0,,60.0,0,0,0,,,,5,0,0,1,0,0,0,1,0,0,0,0,1,0
Spencer Eason-Riddle,42747,LB,S CAROLINA,1,100.0,0,289,60.0,63.8,,0,0,1,100.0,100.0,100.0,0,0,0,1,0,0,0,1,1,1,0,0,0,0
Curtis Jacobs,129785,LB,PENN STATE,2,50.0,0,266,81.5,,60.0,0,0,0,0.0,0.0,,2,0,0,1,0,0,0,2,0,1,0,0,1,0
Tylan Morton,98681,QB,S ALABAMA,1,100.0,0,288,60.0,,60.0,0,0,0,,,,0,0,0,1,0,0,0,1,0,0,0,0,1,0
Jordan Gandy,103605,CB,N ILLINOIS,1,100.0,0,254,60.0,63.8,,0,0,1,100.0,100.0,100.0,3,0,0,1,0,0,0,1,1,1,0,0,0,0
Colin Gutzmer,147495,TE,NOTRE DAME,1,100.0,0,258,60.0,,59.9,0,0,0,,,,0,0,0,1,0,0,0,1,0,0,0,0,1,1
Noah Taliancich,123235,DI,TULANE,1,100.0,0,319,60.0,60.5,,0,0,1,100.0,100.0,100.0,0,0,0,1,0,0,0,1,1,1,0,0,0,0
DeJuan Dandridge,103636,S,TEMPLE,1,100.0,0,306,60.0,,60.0,0,0,0,,,,0,0,0,1,0,0,0,1,0,0,0,0,1,0
Hansky Paillant,82205,DI,APP STATE,1,100.0,0,108,60.0,,60.0,0,0,0,,,,2,0,0,1,0,0,0,1,0,0,0,0,1,0
Carson Bay,155194,P,AIR FORCE,1,100.0,0,101,60.0,,60.0,0,0,0,,,,0,0,0,1,0,0,0,1,0,0,0,0,1,0
Tyreek Maddox-Williams,42694,LB,RUTGERS,1,100.0,0,278,60.0,61.8,,0,0,1,100.0,100.0,100.0,0,0,0,1,0,0,0,1,1,1,0,0,0,0
James Patterson,77169,LB,BUFFALO,1,100.0,0,126,60.0,,60.0,0,0,0,,,,0,0,0,1,0,0,0,1,0,0,0,0,1,0
Tyler Brueckner,145841,WR,N ILLINOIS,1,100.0,0,254,60.0,,60.0,0,0,0,,,,0,0,0,1,0,0,0,1,0,0,0,0,1,0
Keshon Artis,77126,LB,VA TECH,1,100.0,0,337,60.0,,60.0,0,0,0,,,,0,0,0,1,0,0,0,1,0,0,0,0,1,0
Traveion Webster,60676,LB,LA MONROE,1,100.0,0,209,60.0,63.8,,0,0,1,100.0,100.0,100.0,2,0,0,1,0,0,0,1,1,1,0,0,0,0
Alan Tisdale,77125,LB,VA TECH,1,100.0,0,337,60.0,,60.0,0,0,0,,,,0,0,0,1,0,0,0,1,0,0,0,0,1,0
Patrick Gurd,129747,TE,OHIO STATE,1,100.0,0,260,60.0,,60.0,0,0,0,,,,0,0,0,1,0,0,0,1,0,0,0,0,1,0
Hugh Davis,77103,LB,BOSTON COL,1,100.0,0,121,60.0,,60.0,0,0,0,,,,0,0,0,1,0,0,0,1,0,0,0,0,1,0
Brendan Farrell,151065,P,VIRGINIA,1,100.0,0,335,60.0,,60.0,0,0,0,,,,0,0,0,1,0,0,0,1,0,0,0,0,1,0
Everitt Rogers,123261,DI,TULSA,1,100.0,0,320,60.0,,60.0,0,0,0,,,,1,0,0,1,0,0,0,1,0,0,0,0,1,0
Isaiah Graham-Mobley,42679,LB,BOSTON COL,1,100.0,0,121,60.0,,60.0,0,0,0,,,,2,0,0,1,0,0,0,1,0,0,0,0,1,0
Aramoni Rhone,145892,WR,OHIO,1,9.1,0,259,56.1,,60.0,0,0,0,0.0,0.0,,0,0,0,1,0,0,0,11,0,10,0,0,1,0
Yasir Abdullah,77100,ED,LOUISVILLE,1,100.0,0,210,60.0,,60.0,0,0,0,,,,1,0,0,1,0,0,0,1,0,0,0,0,1,0
Devin O'Rourke,82362,ED,NWESTERN,1,100.0,0,256,60.0,,60.0,0,0,0,,,,0,0,0,1,0,0,0,1,0,0,0,0,1,0
Matthew Trickett,77078,K,MINNESOTA,1,100.0,0,225,60.0,,60.0,0,0,0,,,,0,0,0,1,0,0,0,1,0,0,0,0,1,0
Trevor Horton,97067,WR,DUKE,1,100.0,0,154,60.0,,60.0,0,0,0,,,,0,0,0,1,0,0,0,1,0,0,0,0,1,0
Jamree Kromah,82380,DI,RUTGERS,1,100.0,0,278,60.0,,60.0,0,0,0,,,,0,0,0,1,0,0,0,1,0,0,0,0,1,0
Brayden Narveson,77073,K,W KENTUCKY,1,100.0,0,346,60.0,64.6,,0,0,0,,100.0,,0,0,0,1,0,0,0,1,1,1,0,0,0,1
B.T. Potter,77054,K,CLEMSON,1,100.0,0,140,60.0,,60.0,0,0,0,,,,0,0,0,1,0,0,0,1,0,0,0,0,1,0
Xander Mueller,129731,LB,NWESTERN,1,100.0,0,256,60.0,,60.0,0,0,0,,,,0,0,0,1,0,0,0,1,0,0,0,0,1,0
Cullen Coleman,129720,TE,NWESTERN,1,100.0,0,256,60.0,,59.0,0,0,0,,,,0,0,0,1,0,0,0,1,0,0,0,0,1,1
Allie Brown,97066,HB,GA SOUTHRN,1,50.0,0,174,57.5,,60.0,0,0,0,,,,0,0,0,1,0,0,0,2,0,0,0,0,1,0
Braden Fiske,76958,DI,W MICHIGAN,1,100.0,2,347,60.0,,53.5,0,0,0,,,,7,0,0,1,0,0,0,1,0,0,0,0,1,1
Karl Brooks,76941,ED,BOWL GREEN,2,50.0,0,122,56.8,,60.0,0,0,0,0.0,0.0,,5,0,0,1,0,0,0,2,0,1,0,0,1,0
Eian Castonguay,145954,CB,AIR FORCE,1,100.0,0,101,60.0,,60.0,0,0,0,,,,0,0,0,1,0,0,0,1,0,0,0,0,1,0
Eric Kendzior,42672,ED,LA TECH,1,100.0,0,208,60.0,,60.0,0,0,0,,,,0,0,0,1,0,0,0,1,0,0,0,0,1,0
Jalen Mergerson,145957,S,AIR FORCE,1,100.0,0,101,60.0,,60.0,0,0,0,,,,0,0,0,1,0,0,0,1,0,0,0,0,1,0
Daniel Okpoko,82386,DI,S DIEGO ST,1,100.0,0,284,60.0,,60.0,0,0,0,,,,0,0,0,1,0,0,0,1,0,0,0,0,1,0
Michael Fairbanks II,82443,ED,UAB,1,100.0,0,321,60.0,,60.0,0,0,0,,,,0,0,0,1,0,0,0,1,0,0,0,0,1,0
Monte McGary,42477,S,UTAH ST,1,100.0,0,329,60.0,,60.0,0,0,0,,,,1,0,0,1,0,0,0,1,0,0,0,0,1,0
Bo Richter,145962,LB,AIR FORCE,1,100.0,0,101,60.0,,60.0,0,0,0,,,,0,0,0,1,0,0,0,1,0,0,0,0,1,0
Greg Eisworth II,42444,S,IOWA STATE,1,100.0,0,193,60.0,,60.0,0,0,0,,,,2,0,0,1,0,0,0,1,0,0,0,0,1,0
Flaubert Akepeu,123271,TE,USF,1,50.0,0,327,59.8,,60.0,0,0,0,,0.0,,0,0,0,1,0,0,0,2,0,1,0,0,1,1
Tyler Manoa,82445,DI,UCLA,1,100.0,0,324,60.0,,60.0,0,0,0,,,,0,0,0,1,0,0,0,1,0,0,0,0,1,0
Keondre Coburn,76928,DI,TEXAS,1,100.0,0,311,60.0,,59.3,0,0,0,,,,3,0,0,1,0,0,0,1,0,0,0,0,1,1
Travis Jones,76914,DI,UCONN,1,100.0,0,146,60.0,60.5,,0,0,1,100.0,100.0,100.0,1,0,0,1,0,0,0,1,1,1,0,0,0,0
Ben VanSumeren,82523,LB,MICH STATE,1,100.0,0,223,60.0,,60.0,0,0,0,,,,0,0,0,1,0,0,0,1,0,0,0,0,1,0
Kyle Harrell,57437,ED,UAB,1,100.0,0,321,60.0,,60.0,0,0,0,,,,1,0,0,1,0,0,0,1,0,0,0,0,1,0
Justin White,129640,CB,MICH STATE,1,100.0,0,223,60.0,,60.0,0,0,0,,,,0,0,0,1,0,0,0,1,0,0,0,0,1,0
Darius Snow,129635,S,MICH STATE,1,100.0,0,223,60.0,,60.0,0,0,0,,,,0,0,0,1,0,0,0,1,0,0,0,0,1,0
Rondell Cole,120943,WR,TROY,1,50.0,0,318,57.6,,60.0,0,0,0,0.0,0.0,,0,0,0,1,0,0,0,2,0,1,0,0,1,0
Demonte Meeks,82536,LB,AIR FORCE,1,100.0,0,101,60.0,,60.0,0,0,0,,,,0,0,0,1,0,0,0,1,0,0,0,0,1,0
Yam Banks,121407,CB,S ALABAMA,1,100.0,0,288,60.0,,60.0,0,0,0,,,,0,0,0,1,0,0,0,1,0,0,0,0,1,0
Michael Lynn,86458,T,NEBRASKA,1,100.0,0,238,60.0,,60.0,0,0,0,,,,0,0,0,1,0,0,0,1,0,0,0,1,1,0
Desmyn Baker,151168,LB,RICE,1,100.0,0,275,60.0,,60.0,0,0,0,,,,2,0,0,1,0,0,0,1,0,0,0,0,1,0
Donovan Eaglin,129612,HB,MICH STATE,1,16.7,0,223,77.9,67.5,,0,0,1,50.0,50.0,100.0,0,0,0,1,0,0,0,6,1,2,0,0,0,0
Alexander Smith,83112,CB,WISCONSIN,1,100.0,0,349,60.0,,60.0,0,0,0,,,,1,0,0,1,0,0,0,1,0,0,0,0,1,0
Hasaan Hypolite,83194,S,HOUSTON,1,100.0,0,182,60.0,,60.0,0,0,0,,,,0,0,0,1,0,0,0,1,0,0,0,0,1,0
Hugh Nelson II,83221,CB,HAWAII,1,100.0,2,180,60.0,,60.0,0,0,0,,,,3,0,0,1,0,0,0,1,0,0,0,0,1,0
Cesar Reyes,123292,T,USF,1,100.0,0,327,60.0,,60.0,0,0,0,,,,0,0,0,1,0,0,0,1,0,0,0,1,1,0
Zach Petersen,76835,ED,IOWA STATE,1,100.0,0,193,60.0,,60.0,0,0,0,,,,0,0,0,1,0,0,0,1,0,0,0,0,1,0
Porter Wilson,98463,P,DUKE,2,33.3,0,154,60.9,,60.0,0,0,0,,,,0,0,0,1,0,0,0,3,0,0,0,0,1,0
Nate Needham,24901,K,BOWL GREEN,1,100.0,0,122,60.0,,60.0,0,0,0,,,,0,0,0,1,0,0,0,1,0,0,0,0,1,0
Rodney Robinson,86527,CB,BOISE ST,1,100.0,0,120,60.0,,60.0,0,0,0,,,,3,0,0,1,0,0,0,1,0,0,0,0,1,0
Lu Tillery,154713,CB,LA MONROE,1,100.0,0,209,60.0,63.8,,0,0,1,100.0,100.0,100.0,0,0,0,1,0,0,0,1,1,1,0,0,0,0
Peyton Smith,129596,QB,MICHIGAN,1,100.0,0,222,60.0,,60.0,0,0,0,,,,0,0,0,1,0,0,0,1,0,0,0,0,1,0
German Green,83294,CB,MICHIGAN,1,100.0,0,222,60.0,,60.0,0,0,0,,,,0,0,0,1,0,0,0,1,0,0,0,0,1,0
Terry Perry,121431,ED,S ALABAMA,1,100.0,0,288,60.0,,60.0,0,0,0,,,,0,0,0,1,0,0,0,1,0,0,0,0,1,0
Justin Mascoll,76809,ED,CLEMSON,1,100.0,0,140,60.0,,60.0,0,0,0,,,,2,0,0,1,0,0,0,1,0,0,0,0,1,0
Isaiah Gash,129577,HB,MICHIGAN,2,14.3,0,222,61.1,,60.0,0,0,0,,,,0,0,0,1,0,0,0,7,0,0,0,0,1,0
Chris Mills,83315,CB,TEXAS ST,1,100.0,0,314,60.0,,60.0,0,0,0,,,,1,0,0,1,0,0,0,1,0,0,0,0,1,0
Christian Izien,83360,S,RUTGERS,1,100.0,1,278,60.0,61.8,,0,0,1,100.0,100.0,100.0,3,0,0,1,0,0,0,1,1,1,0,0,0,0
Ryan Wintermeyer,146152,LS,S DIEGO ST,1,100.0,0,284,60.0,,60.0,0,0,0,,,,0,0,0,1,0,0,0,1,0,0,0,0,1,0
Xavier Lanier,83411,CB,UAB,1,100.0,0,321,60.0,,60.0,0,0,0,,,,1,0,0,1,0,0,0,1,0,0,0,0,1,0
Stephan Blaylock,83417,S,UCLA,1,100.0,0,324,60.0,,60.0,0,0,0,,,,2,0,0,1,0,0,0,1,0,0,0,0,1,0
Kenny Churchwell III,83419,S,UCLA,1,100.0,0,324,60.0,,60.0,0,0,0,,,,0,0,0,1,0,0,0,1,0,0,0,0,1,0
DeMarvion Overshown,76729,LB,TEXAS,1,100.0,0,311,60.0,,60.0,0,0,0,,,,1,0,0,1,0,0,0,1,0,0,0,0,1,0
Christian Bartholomew,129573,WR,MICHIGAN,1,100.0,0,222,60.0,,60.0,0,0,0,,,,0,0,0,1,0,0,0,1,0,0,0,0,1,0
Anthony Berry,146188,T,UNLV,1,100.0,0,325,60.0,66.6,,0,0,1,100.0,100.0,100.0,0,0,0,1,0,0,1,1,1,1,0,0,0,0
Brandon Logan,146193,C,UNLV,1,100.0,0,325,60.0,,60.0,0,0,0,,,,0,0,0,1,0,0,0,1,0,0,0,0,1,0
Brye Lighon,146194,TE,UNLV,1,50.0,0,325,91.2,,63.2,0,0,0,0.0,0.0,,0,0,0,1,0,0,0,2,0,1,0,0,1,2
Dominique Hampton,83452,S,WASHINGTON,1,100.0,0,340,60.0,,60.0,0,0,0,,,,2,0,0,1,0,0,0,1,0,0,0,0,1,0
Dylan Herberg,83477,ED,BOISE ST,1,100.0,0,120,60.0,,60.0,0,0,0,,,,0,0,0,1,0,0,0,1,0,0,0,0,1,0
Rolan Wooden II,83484,DI,COAST CAR,1,100.0,0,141,60.0,,60.0,0,0,0,,,,0,0,0,1,0,0,0,1,0,0,0,0,1,0
Shane Mosley,129526,S,MARYLAND,1,100.0,0,215,60.0,,60.0,0,0,0,,,,0,0,0,1,0,0,0,1,0,0,0,0,1,0
Avery Demmons,121514,G,ARK STATE,1,100.0,0,113,60.0,0.0,,1,0,1,100.0,100.0,50.0,0,1,0,1,0,0,0,1,1,1,0,1,0,0
Tyler Mais,60792,S,WISCONSIN,1,100.0,0,349,60.0,,60.0,0,0,0,,,,0,0,0,1,0,0,0,1,0,0,0,0,1,0
Walter Robert,156011,G,LA MONROE,1,100.0,0,209,60.0,,60.0,0,0,0,,,,0,0,0,1,0,0,0,1,0,0,0,0,1,0
Jalen Johnson,154714,WR,AIR FORCE,1,100.0,0,101,60.0,,60.0,0,0,0,,,,0,0,0,1,0,0,0,1,0,0,0,0,1,0
Sean Greeley,129513,LB,MARYLAND,1,100.0,0,215,60.0,,60.0,0,0,0,,,,0,0,0,1,0,0,0,1,0,0,0,0,1,0
Jimmy Ciarlo,121563,LB,ARMY,1,100.0,0,114,60.0,,60.0,0,0,0,,,,1,0,0,1,0,0,0,1,0,0,0,0,1,0
Jason Whittaker,83532,TE,NWESTERN,1,100.0,0,256,60.0,,63.6,0,0,0,,,,0,0,0,1,0,0,0,1,0,0,0,0,1,1
Yasias Young,123298,HB,USF,2,11.1,0,327,61.7,69.2,,0,0,0,,100.0,,0,0,0,1,0,0,0,9,1,1,0,0,0,0
Michael McMorris,76674,CB,NAVY,1,100.0,0,237,60.0,,60.0,0,0,0,,,,1,0,0,1,0,0,0,1,0,0,0,0,1,0
Nasir Peoples,76665,S,VA TECH,1,100.0,0,337,60.0,,60.0,0,0,0,,,,0,0,0,1,0,0,0,1,0,0,0,0,1,0
Jason Goldstein,83557,QB,SO MISS,1,50.0,0,296,32.8,,60.0,0,0,0,0.0,0.0,,0,0,0,1,0,0,0,2,0,1,0,0,1,0
Dylan Plautz,83559,QB,STANFORD,1,14.3,0,300,26.9,,60.0,0,0,0,0.0,0.0,,0,0,0,1,0,0,0,7,0,6,0,0,1,0
Blake Mazza,57501,K,SMU,1,100.0,0,287,60.0,,60.0,0,0,0,,,,0,0,0,1,0,0,0,1,0,0,0,0,1,0
Devin Baldwin,98346,ED,UMASS,1,100.0,0,216,60.0,,60.0,0,0,0,,,,0,0,0,1,0,0,0,1,0,0,0,0,1,0
Leo Lowin,121586,S,ARMY,1,100.0,0,114,60.0,,60.0,0,0,0,,,,0,0,0,1,0,0,0,1,0,0,0,0,1,0
Trey Walker,129452,TE,INDIANA,1,100.0,0,190,60.0,,60.0,0,0,0,,,,0,0,0,1,0,0,0,1,0,0,0,0,1,1
Jeremiah Noga,146338,WR,OREGON ST,1,50.0,0,265,35.6,,60.0,0,0,0,0.0,0.0,,0,0,0,1,0,0,0,2,0,1,0,0,1,0
Gavin Haines,146339,HB,OREGON ST,1,50.0,0,265,60.0,,60.0,0,0,0,0.0,0.0,,0,0,0,1,0,0,0,2,0,1,0,0,1,0
Scott Nelson,60791,S,WISCONSIN,1,100.0,0,349,60.0,,60.0,0,0,0,,,,0,0,0,1,0,0,0,1,0,0,0,0,1,0
Skyler Thomas,146351,CB,OREGON ST,2,50.0,0,265,57.6,,60.0,0,0,0,0.0,0.0,,0,0,0,1,0,0,0,2,0,1,0,0,1,0
Brooks Buce,57529,K,TROY,1,100.0,0,318,60.0,,60.0,0,0,0,,,,0,0,0,1,0,0,0,1,0,0,0,0,1,0
Juanyeh Thomas,76655,S,GA TECH,1,100.0,0,176,60.0,61.8,,0,0,1,100.0,100.0,100.0,3,0,0,1,0,0,0,1,1,1,0,0,0,0
Shield Taylor,146369,FB,STANFORD,1,100.0,0,300,60.0,,59.4,0,0,0,,,,0,0,0,1,0,0,0,1,0,0,0,0,1,1
Will Boler,60771,S,UAB,1,100.0,0,321,60.0,,60.0,0,0,0,,,,1,0,0,1,0,0,0,1,0,0,0,0,1,0
Parker White,57611,K,S CAROLINA,2,50.0,0,289,59.5,,60.0,0,0,0,,0.0,,0,0,0,1,0,0,0,2,0,1,0,0,1,0
Devin Kirkwood,146398,CB,UCLA,1,100.0,0,324,60.0,,60.0,0,0,0,,,,3,0,0,1,0,0,0,1,0,0,0,0,1,0
Jay Toia,146406,DI,UCLA,1,100.0,0,324,60.0,,60.0,0,0,0,,,,0,0,0,1,0,0,0,1,0,0,0,0,1,0
Tiaoalii Savea,146408,DI,UCLA,1,100.0,0,324,60.0,,60.0,0,0,0,,,,0,0,0,1,0,0,0,1,0,0,0,0,1,0
Connor Coles,57644,K,UTAH ST,1,100.0,0,329,60.0,,60.0,0,0,0,,,,0,0,0,1,0,0,0,1,0,0,0,0,1,0
Elijah Jones,76632,CB,BOSTON COL,1,100.0,0,121,60.0,,60.0,0,0,0,,,,4,0,0,1,0,0,0,1,0,0,0,0,1,0
Jordan Stout,57649,P,PENN STATE,3,25.0,0,266,35.4,,60.0,0,0,0,0.0,0.0,,0,0,0,1,0,0,0,4,0,3,0,0,1,0
Ron Carr,98265,DI,DUKE,1,100.0,0,154,60.0,,52.6,0,0,0,,,,0,0,0,1,0,0,0,1,0,0,0,0,1,1
Danny Smith,83638,HB,BOISE ST,2,14.3,0,120,67.9,,60.0,0,0,0,,,,0,0,0,1,0,0,0,7,0,0,0,0,1,0
Jaiden Woodbey,76624,S,BOSTON COL,1,100.0,0,121,60.0,,60.0,0,0,0,,,,4,0,0,1,0,0,0,1,0,0,0,0,1,0
Josh Beetham,129407,TE,MICHIGAN,1,100.0,0,222,60.0,,60.0,0,0,0,,,,0,0,0,1,0,0,0,1,0,0,0,0,1,1
A.J. Lytton,76623,CB,PENN STATE,2,50.0,0,266,57.6,,60.0,0,0,0,0.0,0.0,,0,0,0,1,0,0,0,2,0,1,0,0,1,0
Kyle Eaves,123309,WR,UTSA,1,50.0,0,331,58.0,,60.0,0,0,0,0.0,0.0,,0,0,0,1,0,0,0,2,0,1,0,0,1,0
Malik Williams,128441,T,WYOMING,1,100.0,0,351,60.0,60.9,,0,0,0,,100.0,,0,0,0,1,0,0,0,1,1,1,0,0,0,0
Bubba Arslanian,57671,LB,AKRON,1,100.0,0,102,60.0,,60.0,0,0,0,,,,0,0,0,1,0,0,0,1,0,0,0,0,1,0
Simote Pepa,146457,DI,UTAH,1,100.0,0,328,60.0,,60.0,0,0,0,,,,0,0,0,1,0,0,0,1,0,0,0,0,1,0
Tyler Murray,60765,LB,CHARLOTTE,1,100.0,0,136,60.0,,60.0,0,0,0,,,,1,0,0,1,0,0,0,1,0,0,0,0,1,0
Tyler Markray,83688,HB,KENTUCKY,1,33.3,0,202,36.1,,60.0,0,0,0,,,,0,0,0,1,0,0,0,3,0,0,0,0,1,0
D'Marco Jackson,57691,LB,APP STATE,1,100.0,0,108,60.0,,60.0,0,0,0,,,,4,0,0,1,0,0,0,1,0,0,0,0,1,0
Camden Sirmon,146466,QB,WASHINGTON,1,100.0,0,340,60.0,,60.0,0,0,0,,,,0,0,0,1,0,0,0,1,0,0,0,0,1,0
Rourke Freeburg,57694,S,ARIZONA,1,100.0,0,109,60.0,,60.0,0,0,0,,,,0,0,0,1,0,0,0,1,0,0,0,0,1,0
Davon Banks,146477,S,WASHINGTON,1,100.0,0,340,60.0,,60.0,0,0,0,,,,0,0,0,1,0,0,0,1,0,0,0,0,1,0
Anderson Grover,146493,WR,WASH STATE,1,16.7,0,341,54.8,,60.0,0,0,0,0.0,0.0,,0,0,0,1,0,0,0,6,0,5,0,0,1,0
Jack Wilson,146500,G,WASH STATE,2,50.0,0,341,59.4,,60.0,0,0,0,,0.0,,0,0,0,1,0,0,0,2,0,1,0,0,1,0
Lacedrick Brunson,57811,LB,FLORIDA,1,100.0,0,163,60.0,,60.0,0,0,0,,,,0,0,0,1,0,0,0,1,0,0,0,0,1,0
Charlie Mendes,98209,P,RICE,1,100.0,0,275,60.0,,60.0,0,0,0,,,,0,0,0,1,0,0,0,1,0,0,0,0,1,0
Dorian Strong,123366,CB,VA TECH,2,50.0,0,337,57.8,,60.0,0,0,0,0.0,0.0,,1,0,0,1,0,0,0,2,0,1,0,0,1,0
Kennedy Roberts,98188,DI,COAST CAR,1,100.0,0,141,60.0,,60.0,0,0,0,,,,0,0,0,1,0,0,0,1,0,0,0,0,1,0
Jacob Kraft,123543,WR,BOSTON COL,1,50.0,0,121,60.9,,60.0,0,0,0,0.0,0.0,,0,0,0,1,0,0,0,2,0,1,0,0,1,0
Amaud Willis-Dalton,57851,LB,HOUSTON,1,100.0,0,182,60.0,,60.0,0,0,0,,,,0,0,0,1,0,0,0,1,0,0,0,0,1,0
Mike Kelly,98148,ED,CHARLOTTE,1,100.0,0,136,60.0,,60.0,0,0,0,,,,0,0,0,1,0,0,0,1,0,0,0,0,1,0
Clayton Coll,98134,LB,BALL ST,1,100.0,0,117,60.0,,60.0,0,0,0,,,,1,0,0,1,0,0,0,1,0,0,0,0,1,0
Elijah Gooden,57852,LB,HOUSTON,1,100.0,0,182,60.0,,60.0,0,0,0,,,,0,0,0,1,0,0,0,1,0,0,0,0,1,0
Brody Butler,121797,LS,MIDDLE TN,1,100.0,0,224,60.0,,60.0,0,0,0,,,,0,0,0,1,0,0,0,1,0,0,0,0,1,0
C'Bo Flemister,83730,HB,NOTRE DAME,2,14.3,0,258,64.6,,60.0,0,0,0,0.0,0.0,,0,0,0,1,0,0,0,7,0,3,0,0,1,0
Waisale Muavesi,128364,DI,UNLV,1,100.0,0,325,60.0,,60.0,0,0,0,,,,0,0,0,1,0,0,0,1,0,0,0,0,1,0
Jared Wilson,83753,HB,S ALABAMA,2,10.0,0,288,72.0,,60.0,0,0,0,0.0,0.0,,0,0,0,1,0,0,0,10,0,5,0,0,1,0
Derek Parish,57854,ED,HOUSTON,1,100.0,1,182,60.0,,60.0,0,0,0,,,,4,0,0,1,0,0,0,1,0,0,0,0,1,0
Thomas Allen,57874,LB,INDIANA,1,100.0,0,190,60.0,,60.0,0,0,0,,,,1,0,0,1,0,0,0,1,0,0,0,0,1,0
Tywan Francis,75909,S,COLO STATE,1,100.0,0,144,60.0,,60.0,0,0,0,,,,4,0,0,1,0,0,0,1,0,0,0,0,1,0
Zeke Rankin,121818,K,MIDDLE TN,1,100.0,0,224,60.0,,60.0,0,0,0,,,,0,0,0,1,0,0,0,1,0,0,0,0,1,0
Michael Barrett,83822,LB,MICHIGAN,2,50.0,0,222,64.2,,60.0,0,0,0,,,,0,0,0,1,0,0,0,2,0,0,0,0,1,0
Christian Young,83827,S,ARIZONA,1,100.0,0,109,60.0,,60.0,0,0,0,,,,3,0,0,1,0,0,0,1,0,0,0,0,1,0
Jacorey Crawford,83840,S,GA STATE,1,100.0,0,175,60.0,,60.0,0,0,0,,,,0,0,0,1,0,0,0,1,0,0,0,0,1,0
Vai Kaho,128304,LB,S DIEGO ST,1,100.0,0,284,60.0,,60.0,0,0,0,,,,0,0,0,1,0,0,0,1,0,0,0,0,1,0
Kneeland Hibbett,146618,LS,ALABAMA,1,100.0,0,103,60.0,60.5,,0,0,1,100.0,100.0,100.0,0,0,0,1,0,0,0,1,1,1,0,0,0,0
Justin Rice,40640,LB,UTAH ST,1,100.0,0,329,60.0,,60.0,0,0,0,,,,0,0,0,1,0,0,0,1,0,0,0,0,1,0
John Torchio,83916,S,WISCONSIN,1,100.0,0,349,60.0,,60.0,0,0,0,,,,0,0,0,1,0,0,0,1,0,0,0,0,1,0
Jevon Bigelow,75898,HB,FRESNO ST,1,100.0,0,169,60.0,,60.0,0,0,0,,,,0,0,0,1,0,0,0,1,0,0,0,0,1,0
Chaisen Buckner,121836,LB,NAVY,1,100.0,0,237,60.0,,60.0,0,0,0,,,,0,0,0,1,0,0,0,1,0,0,0,0,1,0
Cam Little,146646,P,ARKANSAS,2,50.0,0,111,55.7,,60.0,0,0,0,0.0,0.0,,0,0,0,1,0,0,0,2,0,1,0,0,1,0
Zac Krause,98015,QB,NWESTERN,1,100.0,0,256,60.0,,60.0,0,0,0,,,,0,0,0,1,0,0,0,1,0,0,0,0,1,0
Khalil Crawford,121839,LB,NAVY,1,100.0,0,237,60.0,,60.0,0,0,0,,,,0,0,0,1,0,0,0,1,0,0,0,0,1,0
Sean Jackson,146665,HB,AUBURN,2,7.1,0,115,78.9,67.5,,0,0,1,50.0,50.0,100.0,0,0,0,1,0,0,0,14,1,2,0,0,0,0
Jeremy Moussa,75887,QB,VANDERBILT,2,11.1,0,333,55.8,,60.0,0,0,0,0.0,0.0,,0,0,0,1,0,0,0,9,0,8,0,0,1,0
Jake Hummel,57879,LB,IOWA STATE,1,100.0,0,193,60.0,,60.0,0,0,0,,,,0,0,0,1,0,0,0,1,0,0,0,0,1,0
A.J. DeShazor Jr.,60748,LB,S ALABAMA,1,100.0,0,288,60.0,,60.0,0,0,0,,,,2,0,0,1,0,0,0,1,0,0,0,0,1,0
Tristan Allen,57930,DI,LA TECH,1,100.0,0,208,60.0,,60.0,0,0,0,,,,1,0,0,1,0,0,0,1,0,0,0,0,1,0
Tralon Thomas,57933,LB,LA MONROE,1,100.0,0,209,60.0,63.8,,0,0,1,100.0,100.0,100.0,0,0,0,1,0,0,0,1,1,1,0,0,0,0
Tabarius Peterson,57939,DI,LOUISVILLE,1,100.0,0,210,60.0,,60.0,0,0,0,,,,0,0,0,1,0,0,0,1,0,0,0,0,1,0
Ross Reiter,75828,LS,COLO STATE,1,100.0,0,144,60.0,,60.0,0,0,0,,,,0,0,0,1,0,0,0,1,0,0,0,0,1,0
Xavier McDonald,121857,LB,NAVY,1,100.0,0,237,60.0,,60.0,0,0,0,,,,0,0,0,1,0,0,0,1,0,0,0,0,1,0
Dante Zanders,83963,DI,FLORIDA,1,100.0,0,163,60.0,,60.0,0,0,0,,,,0,0,0,1,0,0,0,1,0,0,0,0,1,0
Tommy Kujawa,83985,TE,IOWA,1,100.0,0,192,60.0,,60.0,0,0,0,,,,0,0,0,1,0,0,0,1,0,0,0,0,1,1
Evan Deckers,75827,LS,UMASS,1,100.0,0,216,60.0,,60.0,0,0,0,,,,0,0,0,1,0,0,0,1,0,0,0,0,1,0
Vincent Terrell II,121872,HB,NAVY,1,100.0,0,237,60.0,,60.0,0,0,0,,,,0,0,0,1,0,0,0,1,0,0,0,0,1,0
Chris Bergin,58080,LB,NWESTERN,1,100.0,0,256,60.0,,60.0,0,0,0,,,,1,0,0,1,0,0,0,1,0,0,0,0,1,0
Jahaziel Lee,40537,DI,LA MONROE,1,100.0,0,209,60.0,63.8,,0,0,1,100.0,100.0,100.0,0,0,0,1,0,0,0,1,1,1,0,0,0,0
Devo Bridges,97935,ED,FRESNO ST,1,100.0,0,169,60.0,,60.0,0,0,0,,,,1,0,0,1,0,0,0,1,0,0,0,0,1,1
Olakunle Fatukasi,58122,LB,RUTGERS,1,100.0,0,278,60.0,61.8,,0,0,1,100.0,100.0,100.0,0,0,0,1,0,0,0,1,1,1,0,0,0,0
Jai Williams,146738,TE,KENTUCKY,1,100.0,0,202,60.0,,60.0,0,0,0,,,,0,0,0,1,0,0,0,1,0,0,0,0,1,1
Tyshon Fogg,58124,LB,RUTGERS,1,100.0,1,278,60.0,61.8,,0,0,1,100.0,100.0,100.0,1,0,0,1,0,0,0,1,1,1,0,0,0,0
Nick Rattin,97916,LB,N ILLINOIS,1,100.0,0,254,60.0,63.8,,0,0,1,100.0,100.0,100.0,0,0,0,1,0,0,0,1,1,1,0,0,0,0
Ben Johnson,97901,LB,OHIO,1,100.0,0,259,60.0,63.8,,0,0,1,100.0,100.0,100.0,1,0,0,1,0,0,0,1,1,1,0,0,0,0
Solo Turner,97897,S,HAWAII,1,100.0,1,180,60.0,,60.0,0,0,0,,,,2,0,0,1,0,0,0,1,0,0,0,0,1,0
Da'Shon Ross,75804,LB,UMASS,1,100.0,0,216,60.0,,60.0,0,0,0,,,,0,0,0,1,0,0,0,1,0,0,0,0,1,0
Riley Wilson,128218,LB,HAWAII,1,100.0,0,180,60.0,,60.0,0,0,0,,,,0,0,0,1,0,0,0,1,0,0,0,0,1,0
Kumehnnu Gwilly,40495,LB,C MICHIGAN,1,100.0,0,134,60.0,,60.0,0,0,0,,,,0,0,0,1,0,0,0,1,0,0,0,0,1,0
Cole Williams,121878,LS,NAVY,1,100.0,0,237,60.0,,60.0,0,0,0,,,,0,0,0,1,0,0,0,1,0,0,0,0,1,0
Dawson Nobriga,121900,HB,N TEXAS,2,16.7,0,251,78.9,,60.0,0,0,0,,,,0,0,0,1,0,0,0,6,0,0,0,0,1,0
Logan Stewart,75703,S,COLO STATE,1,100.0,0,144,60.0,,60.0,0,0,0,,,,2,0,0,1,0,0,0,1,0,0,0,0,1,0
Cam Lockridge,128202,CB,HAWAII,1,100.0,0,180,60.0,,60.0,0,0,0,,,,3,0,0,1,0,0,0,1,0,0,0,0,1,0
Damani Staley,58136,LB,S CAROLINA,1,100.0,0,289,60.0,63.8,,0,0,1,100.0,100.0,100.0,0,0,0,1,0,0,0,1,1,1,0,0,0,0
Jonathan Sutherland,60739,S,PENN STATE,1,100.0,0,266,60.0,,60.0,0,0,0,,,,2,0,0,1,0,0,0,1,0,0,0,0,1,0
Sai'vion Jones,146782,ED,LSU,1,100.0,0,211,60.0,60.5,,0,0,1,100.0,100.0,100.0,0,0,0,1,0,0,0,1,1,1,0,0,0,0
Derrick Davis Jr.,146794,S,LSU,1,100.0,0,211,60.0,60.5,,0,0,1,100.0,100.0,100.0,0,0,0,1,0,0,0,1,1,1,0,0,0,0
Orlando Jones,121931,HB,SMU,1,100.0,0,287,60.0,,60.0,0,0,0,,,,0,0,0,1,0,0,0,1,0,0,0,0,1,0
Taequan Tyler,128140,HB,BOISE ST,3,4.3,0,120,66.4,68.1,,0,0,1,8.3,8.3,100.0,0,0,0,1,0,0,0,23,1,12,0,0,0,0
Devin Lloyd,58238,LB,UTAH,2,50.0,1,328,59.6,,60.0,0,0,0,,0.0,,2,0,0,1,0,0,0,2,0,1,0,0,1,0
Gunner Daniel,58332,LS,BOSTON COL,1,100.0,0,121,60.0,,60.0,0,0,0,,,,0,0,0,1,0,0,0,1,0,0,0,0,1,0
Tristan Armstrong,128072,S,UMASS,1,100.0,0,216,60.0,,60.0,0,0,0,,,,1,0,0,1,0,0,0,1,0,0,0,0,1,0
Caden Costa,146835,K,OLE MISS,1,100.0,0,226,60.0,,60.0,0,0,0,,,,0,0,0,1,0,0,0,1,0,0,0,0,1,0
Seth Glausier,97771,LS,GA STATE,1,100.0,0,175,60.0,,60.0,0,0,0,,,,0,0,0,1,0,0,0,1,0,0,0,0,1,0
Ke'Travion Hargrove,146841,HB,MISS STATE,1,25.0,0,227,59.4,,60.0,0,0,0,0.0,0.0,,0,0,0,1,0,0,0,4,0,3,0,0,1,0
Teddy Knox,146842,WR,MISS STATE,1,20.0,0,227,55.9,,60.0,0,0,0,0.0,0.0,,0,0,0,1,0,0,0,5,0,4,0,0,1,0
Drew Hartlaub,60737,S,PENN STATE,2,50.0,0,266,54.8,,60.0,0,0,0,0.0,0.0,,0,0,0,1,0,0,0,2,0,1,0,0,1,0
Troy Young,60625,S,UAB,1,100.0,0,321,60.0,,60.0,0,0,0,,,,1,0,0,1,0,0,0,1,0,0,0,0,1,0
Daniel Cantrell,58333,LS,BOISE ST,1,100.0,0,120,60.0,,60.0,0,0,0,,,,0,0,0,1,0,0,0,1,0,0,0,0,1,0
Kyle Kelly,97740,LB,OHIO,2,50.0,0,259,57.9,,60.0,0,0,0,0.0,0.0,,0,0,0,1,0,0,0,2,0,1,0,0,1,0
Maki Carabin,97733,LB,LA TECH,1,100.0,0,208,60.0,,60.0,0,0,0,,,,0,0,0,1,0,0,0,1,0,0,0,0,1,0
Keith Woetzel,88494,LB,BUFFALO,1,100.0,0,126,60.0,,60.0,0,0,0,,,,0,0,0,1,0,0,0,1,0,0,0,0,1,0
Mohamed Kamara,97731,ED,COLO STATE,1,100.0,1,144,60.0,,60.0,0,0,0,,,,1,0,0,1,0,0,0,1,0,0,0,0,1,0
Nalu Emerson,97701,S,HAWAII,1,100.0,0,180,60.0,,60.0,0,0,0,,,,0,0,0,1,0,0,0,1,0,0,0,0,1,0
Josh McConnell,127636,WR,AIR FORCE,1,100.0,0,101,60.0,,60.0,0,0,0,,,,0,0,0,1,0,0,0,1,0,0,0,0,1,0
Dorian Williams,97694,LB,TULANE,1,100.0,0,319,60.0,60.5,,0,0,1,100.0,100.0,100.0,2,0,0,1,0,0,0,1,1,1,0,0,0,0
Reggie Peterson,123643,ED,FIU,1,100.0,0,166,60.0,63.8,,0,0,1,100.0,100.0,100.0,0,0,0,1,0,0,0,1,1,1,0,0,0,0
Camden Hardy,146920,CB,S CAROLINA,1,100.0,0,289,60.0,66.5,,0,0,0,,100.0,,0,0,0,1,0,0,0,1,1,1,1,0,0,0
Nick Barrett,146926,DI,S CAROLINA,1,100.0,0,289,60.0,64.6,,0,0,0,,100.0,,0,0,0,1,0,0,0,1,1,1,0,0,0,1
Brendan Bentley,127620,LS,AIR FORCE,1,100.0,0,101,60.0,,60.0,0,0,0,,,,0,0,0,1,0,0,0,1,0,0,0,0,1,0
Jacob Raab,71891,LS,S DIEGO ST,1,100.0,0,284,60.0,,60.0,0,0,0,,,,0,0,0,1,0,0,0,1,0,0,0,0,1,0
Kevin Swint,122158,ED,CLEMSON,1,100.0,0,140,60.0,,60.0,0,0,0,,,,1,0,0,1,0,0,0,1,0,0,0,0,1,0
Chris Houston,122170,WR,CHARLOTTE,1,100.0,0,136,60.0,,60.0,0,0,0,,,,0,0,0,1,0,0,0,1,0,0,0,0,1,0
Parker Kahlert,97662,WR,S ALABAMA,1,100.0,0,288,60.0,,60.0,0,0,0,,,,0,0,0,1,0,0,0,1,0,0,0,0,1,0
Dallan Wright,123369,WR,VA TECH,1,100.0,0,337,60.0,,60.0,0,0,0,,,,0,0,0,1,0,0,0,1,0,0,0,0,1,0
Daniel Etter,58336,LS,CAL,1,100.0,0,130,60.0,,60.0,0,0,0,,,,0,0,0,1,0,0,0,1,0,0,0,0,1,0
Chase Little,123712,T,TROY,1,100.0,0,318,60.0,,60.0,0,0,0,,,,0,0,0,1,0,0,0,1,0,0,0,0,1,0
Darian Varner,125344,ED,TEMPLE,1,100.0,0,306,60.0,,60.0,0,0,0,,,,0,0,0,1,0,0,0,1,0,0,0,0,1,0
Blake Beecher,71497,LB,COLO STATE,1,100.0,0,144,60.0,,60.0,0,0,0,,,,0,0,0,1,0,0,0,1,0,0,0,0,1,0
Demerick Morris,125335,DI,TEMPLE,1,100.0,1,306,60.0,,60.0,0,0,0,,,,2,0,0,1,0,0,0,1,0,0,0,0,1,0
Mitch Hall,58360,LS,LOUISVILLE,1,100.0,0,210,60.0,,60.0,0,0,0,,,,0,0,0,1,0,0,0,1,0,0,0,0,1,0
Nate Wyatt,97634,CB,TEMPLE,1,100.0,0,306,60.0,,60.0,0,0,0,,,,0,0,0,1,0,0,0,1,0,0,0,0,1,0
Peter Snodgrass,58384,LS,NWESTERN,1,100.0,0,256,60.0,,60.0,0,0,0,,,,0,0,0,1,0,0,0,1,0,0,0,0,1,0
Colby Garfield,122180,LS,CHARLOTTE,1,100.0,0,136,60.0,,60.0,0,0,0,,,,0,0,0,1,0,0,0,1,0,0,0,0,1,0
Peter Hennigan,122241,TE,APP STATE,1,100.0,0,108,60.0,,60.0,0,0,0,,,,0,0,0,1,0,0,0,1,0,0,0,0,1,1
Wesley Schelling,124358,LS,VANDERBILT,1,100.0,0,333,60.0,,60.0,0,0,0,,,,0,0,0,1,0,0,0,1,0,0,0,0,1,0
Xavier Henderson,66267,S,MICH STATE,1,100.0,0,223,60.0,,60.0,0,0,0,,,,0,0,0,1,0,0,0,1,0,0,0,0,1,0
John Sabra,147010,T,TEXAS A&M,1,100.0,0,312,60.0,,60.0,0,0,0,,,,0,0,0,1,0,1,0,1,0,0,0,0,1,0
Drew Leszczynski,97613,WR,COAST CAR,1,100.0,0,141,60.0,,60.0,0,0,0,,,,0,0,0,1,0,0,0,1,0,0,0,0,1,0
Jaylen Stinson,122389,CB,DUKE,1,100.0,0,154,60.0,,60.0,0,0,0,,,,0,0,0,1,0,0,0,1,0,0,0,0,1,0
Omari Thomas,124300,DI,TENNESSEE,1,100.0,1,307,60.0,,60.0,0,0,0,,,,2,0,0,1,0,0,0,1,0,0,0,0,1,0
Caleb Surber,147015,CB,TEXAS A&M,1,100.0,0,312,60.0,,60.0,0,0,0,,,,0,0,0,1,0,0,0,1,0,0,0,0,1,0
Luke Williams,147017,T,TEXAS A&M,1,100.0,0,312,60.0,,60.0,0,0,0,,,,0,0,0,1,0,0,0,1,0,0,0,1,1,0
Bryson Lucero,97608,QB,UAB,1,50.0,0,321,56.6,,60.0,0,0,0,,,,1,0,0,1,0,0,0,2,0,0,0,0,1,0
Cesar Barajas,63300,K,LA TECH,2,50.0,0,208,52.9,,60.0,0,0,0,,,,0,0,0,1,0,0,0,2,0,0,0,0,1,0
Koby Hathcock,122516,LS,IOWA STATE,1,100.0,0,193,60.0,,60.0,0,0,0,,,,0,0,0,1,0,0,0,1,0,0,0,0,1,0
Kekaula Kaniho,60637,S,BOISE ST,1,100.0,0,120,60.0,,60.0,0,0,0,,,,3,0,0,1,0,0,0,1,0,0,0,0,1,0
Nelson Ceaser,123656,ED,HOUSTON,1,100.0,0,182,60.0,,60.0,0,0,0,,,,0,0,0,1,0,0,0,1,0,0,0,0,1,0
T.D. Roof,62956,LB,APP STATE,1,100.0,0,108,60.0,,60.0,0,0,0,,,,2,0,0,1,0,0,0,1,0,0,0,0,1,0
Jordan Veneziale,97542,LB,GA STATE,1,100.0,0,175,60.0,,60.0,0,0,0,,,,0,0,0,1,0,0,0,1,0,0,0,0,1,0
Dax Hill,97519,S,MICHIGAN,1,100.0,0,222,60.0,,60.0,0,0,0,,,,2,0,0,1,0,0,0,1,0,0,0,0,1,0
Nick Cross,97514,S,MARYLAND,1,100.0,0,215,60.0,,60.0,0,0,0,,,,2,0,0,1,0,0,0,1,0,0,0,0,1,0
Diego Neri,62732,LB,BOWL GREEN,1,100.0,0,122,60.0,63.8,,0,0,1,100.0,100.0,100.0,1,0,0,1,0,0,0,1,1,1,0,0,0,0
Adam Higuera,61854,LS,TULSA,1,100.0,0,320,60.0,,60.0,0,0,0,,,,0,0,0,1,0,0,0,1,0,0,0,0,1,0
Kai Kroeger,124245,P,S CAROLINA,3,33.3,0,289,72.6,,60.0,0,0,0,0.0,0.0,,0,0,0,1,0,0,0,3,0,2,0,0,1,0
Gavin Gately,123664,LS,HOUSTON,1,100.0,0,182,60.0,,60.0,0,0,0,,,,0,0,0,1,0,0,0,1,0,0,0,0,1,0
Lawrence Keys III,84346,WR,NOTRE DAME,1,20.0,0,258,55.0,,60.0,0,0,0,0.0,0.0,,0,0,0,1,0,0,0,5,0,4,0,0,1,0
Trevor Russell,61135,WR,LA LAFAYET,1,50.0,0,207,57.9,,60.0,0,0,0,0.0,0.0,,0,0,0,1,0,0,0,2,0,1,0,0,1,0
DJ Washington,60029,DI,PURDUE,1,100.0,0,273,60.0,63.3,,0,0,1,100.0,100.0,100.0,0,0,0,1,0,0,0,1,1,1,1,0,0,0
Alex Cook,61805,S,WASHINGTON,1,100.0,0,340,60.0,,60.0,0,0,0,,,,0,0,0,1,0,0,0,1,0,0,0,0,1,0
Ja'Mori Maclin,124211,WR,MISSOURI,2,33.3,0,229,55.2,,60.0,0,0,0,0.0,0.0,,0,0,0,1,0,0,0,3,0,2,0,0,1,0
Seth Porter,78143,WR,KANSAS ST,1,100.0,0,199,60.0,,60.0,0,0,0,,,,0,0,0,1,0,0,0,1,0,0,0,0,1,0
A.J. Gucciardo,97417,QB,TOLEDO,1,100.0,0,316,60.0,,60.0,0,0,0,,,,0,0,0,1,0,0,0,1,0,0,0,0,1,0
Sterling Galban,78150,WR,TEXAS TECH,1,100.0,0,315,60.0,,60.0,0,0,0,,,,0,0,0,1,0,0,0,1,0,0,0,0,1,0
Holman Edwards,144246,QB,HOUSTON,1,50.0,0,182,60.0,,60.0,0,0,0,,,,0,0,0,1,0,0,0,2,0,0,0,0,1,0
Tommy Zozus,55163,LS,FIU,2,50.0,0,166,60.0,63.8,,0,0,1,50.0,50.0,100.0,0,0,0,1,0,0,0,2,1,2,0,0,0,0
Zack Kindel,123783,WR,VIRGINIA,1,100.0,0,335,60.0,,60.0,0,0,0,,,,0,0,0,1,0,0,0,1,0,0,0,0,1,0
Daelen Menard,97411,QB,BOSTON COL,2,33.3,0,121,61.1,,60.0,0,0,0,,,,0,0,0,1,0,0,0,3,0,0,0,0,1,0
David Clayton,97406,WR,ARK STATE,1,33.3,0,113,59.3,,60.0,0,0,0,0.0,0.0,,0,0,0,1,0,0,0,3,0,2,0,0,1,0
Cameron Wright,144289,WR,MEMPHIS,2,11.1,0,218,67.2,,60.0,0,0,0,0.0,0.0,,0,0,0,1,0,0,0,9,0,8,0,0,1,0
Tyler Fletcher,144304,LB,NAVY,1,100.0,0,237,60.0,,60.0,0,0,0,,,,3,0,0,1,0,0,0,1,0,0,0,0,1,0
Jackson Baltar,97389,P,BUFFALO,1,100.0,0,126,60.0,,60.0,0,0,0,,,,0,0,0,1,0,0,0,1,0,0,0,0,1,0
Amin Hassan,144313,WR,NAVY,1,100.0,0,237,60.0,,60.0,0,0,0,,,,0,0,0,1,0,0,0,1,0,0,0,0,1,0
Casey Verhulst,60128,G,TEXAS TECH,1,100.0,0,315,60.0,,60.0,0,0,0,,,,0,0,0,1,0,1,0,1,0,0,0,0,1,0
Mark Vassett,144176,P,LOUISVILLE,1,100.0,0,210,60.0,,60.0,0,0,0,,,,0,0,0,1,0,0,0,1,0,0,0,0,1,0
Riley Riethman,144340,P,NAVY,4,25.0,0,237,67.3,,60.0,0,0,0,0.0,0.0,,0,0,0,1,0,0,0,4,0,1,0,0,1,0
Regis Velez,144350,WR,NAVY,1,20.0,0,237,55.7,,60.0,0,0,0,0.0,0.0,,0,0,0,1,0,0,0,5,0,4,0,0,1,0
William Paar,144170,TE,LOUISVILLE,1,100.0,0,210,60.0,70.3,,0,0,1,100.0,100.0,100.0,0,0,0,1,0,0,0,1,1,1,0,0,0,0
Ray Thornton III,99727,S,CLEMSON,1,100.0,0,140,60.0,60.5,,0,0,1,100.0,100.0,100.0,0,0,0,1,0,0,0,1,1,1,0,0,0,0
Daniel Jackson,55169,LB,FIU,1,100.0,0,166,60.0,60.5,,0,0,1,100.0,100.0,100.0,1,0,0,1,0,0,0,1,1,1,0,0,0,0
Tyler Haskins,97359,CB,NWESTERN,1,100.0,0,256,60.0,,60.0,0,0,0,,,,0,0,0,1,0,0,0,1,0,0,0,0,1,0
Keith Maguire,99760,LB,CLEMSON,1,100.0,0,140,60.0,60.5,,0,0,1,100.0,100.0,100.0,0,0,0,1,0,0,0,1,1,1,0,0,0,0
Cameron Mitchell,97340,CB,NWESTERN,1,100.0,0,256,60.0,,60.0,0,0,0,,,,3,0,0,1,0,0,0,1,0,0,0,0,1,0
Christian VanSickle,55137,K,RICE,1,100.0,0,275,60.0,,60.0,0,0,0,,,,0,0,0,1,0,0,0,1,0,0,0,0,1,0
Jaylon Scott,99771,LB,NC STATE,1,100.0,1,248,60.0,,60.0,0,0,0,,,,1,0,0,1,0,0,0,1,0,0,0,0,1,0
Kevin McNeal,144126,HB,CLEMSON,1,100.0,0,140,60.0,,60.0,0,0,0,,,,0,0,0,1,0,0,0,1,0,0,0,0,1,0
Brian Keating,55109,LS,UCONN,1,100.0,0,146,60.0,60.5,,0,0,1,100.0,100.0,100.0,0,0,0,1,0,0,0,1,1,1,0,0,0,0
Amare Barno,99780,ED,VA TECH,1,100.0,0,337,60.0,60.5,,0,0,1,100.0,100.0,100.0,1,0,0,1,0,0,0,1,1,1,0,0,0,0
Quae Drake,79192,LB,LA MONROE,1,100.0,0,209,60.0,63.8,,0,0,1,100.0,100.0,100.0,1,0,0,1,0,0,0,1,1,1,0,0,0,0
Dean Ferguson,99798,LB,VA TECH,1,100.0,0,337,60.0,60.5,,0,0,1,100.0,100.0,100.0,0,0,0,1,0,0,0,1,1,1,0,0,0,0
Keith Cooper Jr.,144409,ED,TULANE,1,100.0,0,319,60.0,71.0,,0,0,1,100.0,100.0,100.0,2,0,0,1,0,0,0,1,1,1,0,0,0,0
Joren Dickey,122668,LB,LA TECH,1,100.0,0,208,60.0,,60.0,0,0,0,,,,0,0,0,1,0,0,0,1,0,0,0,0,1,0
Ben Smiley,99845,ED,VIRGINIA,1,100.0,0,335,60.0,,60.0,0,0,0,,,,3,0,0,1,0,0,0,1,0,0,0,1,1,0
Joe Shimko,99870,LS,NC STATE,1,100.0,0,248,60.0,,60.0,0,0,0,,,,0,0,0,1,0,0,0,1,0,0,0,0,1,0
Jalen Stroman,144106,S,VA TECH,1,100.0,0,337,60.0,,60.0,0,0,0,,,,1,0,0,1,0,0,0,1,0,0,0,0,1,0
Zackariah Kadri,100249,T,E MICHIGAN,1,100.0,0,160,60.0,68.9,,0,0,1,100.0,100.0,100.0,0,0,0,1,0,0,1,1,1,1,0,0,0,0
Jorden Starling,79217,ED,MIDDLE TN,1,100.0,0,224,60.0,,60.0,0,0,0,,,,1,0,0,1,0,0,0,1,0,0,0,0,1,0
Alex Ward,55396,LS,UCF,2,50.0,0,323,60.0,,60.0,0,0,0,,0.0,,0,0,0,1,1,0,0,2,0,1,0,0,1,0
Patrick Day,100299,S,BOWL GREEN,1,100.0,0,122,60.0,63.8,,0,0,1,100.0,100.0,100.0,1,0,0,1,0,0,0,1,1,1,0,0,0,0
Brock Horne,100301,LB,BOWL GREEN,1,100.0,0,122,60.0,63.8,,0,0,1,100.0,100.0,100.0,2,0,0,1,0,0,0,1,1,1,0,0,0,0
Corey Thomas Jr.,100330,ED,AKRON,1,100.0,0,102,60.0,,60.0,0,0,0,,,,1,0,0,1,0,0,0,1,0,0,0,0,1,0
Jakolbe Baldwin,143984,WR,NC STATE,1,50.0,0,248,60.9,,60.0,0,0,0,0.0,0.0,,0,0,0,1,0,0,0,2,0,1,0,0,1,0
Caleb Thomas,55105,DI,LA MONROE,1,100.0,0,209,60.0,63.8,,0,0,1,100.0,100.0,100.0,1,0,0,1,0,0,0,1,1,1,0,0,0,0
Braylon Braxton,144442,QB,TULSA,4,10.0,0,320,70.7,,60.0,0,0,0,,,,0,0,0,1,0,0,0,10,0,0,0,0,1,0
Jordan Ford,144445,WR,TULSA,2,50.0,0,320,66.8,,60.0,0,0,0,,,,0,0,0,1,0,0,0,2,0,0,0,0,1,0
Jaylon Carlies,124196,S,MISSOURI,1,100.0,0,229,60.0,,60.0,0,0,0,,,,0,0,0,1,0,0,0,1,0,0,0,0,1,0
Dean Janikowski,100479,K,WASH STATE,2,50.0,0,341,59.4,,60.0,0,0,0,,0.0,,0,0,0,1,0,0,0,2,0,1,0,0,1,0
Waydale Jones,55452,WR,TEXAS ST,1,25.0,0,314,56.2,,60.0,0,0,0,0.0,0.0,,0,0,0,1,0,0,0,4,0,3,0,0,1,0
Joe Davis,100590,HB,COLORADO,1,16.7,0,143,80.7,,60.0,0,0,0,,,,0,0,0,1,0,0,0,6,0,0,0,0,1,0
Omni Wells,124190,HB,MISS STATE,2,25.0,0,227,68.8,,60.0,0,0,0,0.0,0.0,,0,0,0,1,0,0,0,4,0,3,0,0,1,0
Anthony Williams Jr.,144472,HB,UCF,1,14.3,0,323,73.0,,60.0,0,0,0,0.0,0.0,,0,0,0,1,0,0,0,7,0,1,0,0,1,0
Jeremy Jennings,61706,CB,TEMPLE,1,100.0,0,306,60.0,,60.0,0,0,0,,,,0,0,0,1,0,0,0,1,0,0,0,0,1,0
Mychael Hamilton,144480,HB,USF,2,16.7,0,327,60.2,,60.0,0,0,0,,,,0,0,0,1,0,0,0,6,0,0,0,0,1,0
Ty Lucas,99607,HB,CLEMSON,2,16.7,0,140,61.2,70.3,,0,0,1,50.0,50.0,100.0,0,0,0,1,0,0,0,6,1,2,0,0,0,0
Malik Hausman,55567,CB,ARIZONA,1,100.0,0,109,60.0,,60.0,0,0,0,,,,0,0,0,1,0,0,0,1,0,0,0,0,1,0
Keegan Jones,100594,HB,UCLA,8,2.0,0,324,62.2,72.9,73.4,0,0,1,4.5,4.2,100.0,0,0,0,1,0,0,0,50,1,24,0,0,0,0
Ray Kelly,122679,C,LA TECH,1,100.0,0,208,60.0,,60.0,0,0,0,,,,0,0,0,1,0,0,0,1,0,0,0,0,1,0
Zane Smith,143895,P,FLORIDA ST,1,100.0,0,167,60.0,63.8,,0,0,0,,100.0,,0,0,0,1,0,0,0,1,1,1,0,0,0,0
Sean Mahoney,100631,TE,USC,1,100.0,0,326,60.0,,60.0,0,0,0,,,,0,0,0,1,0,0,0,1,0,0,0,0,1,1
Kyrese Rowan,100635,WR,UTAH,1,100.0,0,328,60.0,,60.0,0,0,0,,,,0,0,0,1,0,0,0,1,0,0,0,0,1,0
Brandon Martin,40066,LB,BALL ST,1,100.0,0,117,60.0,,60.0,0,0,0,,,,1,0,0,1,0,0,0,1,0,0,0,0,1,0
Josh Henderson,99594,HB,N CAROLINA,2,12.5,0,245,65.7,,60.0,0,0,0,0.0,0.0,,0,0,0,1,0,0,0,8,0,2,0,0,1,0
Nicholas Marino,100701,LS,FAU,1,100.0,0,165,60.0,69.0,,0,0,0,,100.0,,0,0,0,1,1,0,0,1,1,1,0,0,0,0
Noah White,100765,LS,LA TECH,1,100.0,0,208,60.0,,60.0,0,0,0,,,,0,0,0,1,0,0,0,1,0,0,0,0,1,0
Beau Freyler,144549,S,IOWA STATE,1,100.0,0,193,60.0,,60.0,0,0,0,,,,0,0,0,1,0,0,0,1,0,0,0,0,1,0
Isaiah King,55037,CB,BUFFALO,1,100.0,1,126,60.0,,60.0,0,0,0,,,,4,0,0,1,0,0,0,1,0,0,0,0,1,0
Xavier Coleman,143822,HB,BOSTON COL,3,8.3,0,121,63.9,,60.0,0,0,0,0.0,0.0,,0,0,0,1,0,0,0,12,0,5,0,0,1,0
Marcus Cushnie,79548,ED,FLORIDA ST,1,100.0,0,167,60.0,,60.0,0,0,0,,,,0,0,0,1,0,0,0,1,0,0,0,0,1,0
Ezeqiel Marion,134129,TE,GA STATE,1,50.0,0,175,57.5,,59.6,0,0,0,0.0,0.0,,0,0,0,1,0,0,0,2,0,1,0,0,1,2
Josh Bryant,133943,HB,AKRON,1,14.3,0,102,61.8,67.5,,0,0,1,20.0,20.0,100.0,0,0,0,1,0,0,0,7,1,5,0,0,0,0
Jamel Starks,122723,HB,HOUSTON,1,33.3,0,182,66.2,,60.0,0,0,0,0.0,0.0,,0,0,0,1,0,0,0,3,0,1,0,0,1,0
Malcolm Lee,77861,S,BALL ST,1,100.0,0,117,60.0,,60.0,0,0,0,,,,1,0,0,1,0,0,0,1,0,0,0,0,1,0
Tyler Bird,81168,LB,APP STATE,1,100.0,0,108,60.0,,60.0,0,0,0,,,,0,0,0,1,0,0,0,1,0,0,0,0,1,0
Issaiah Johnson,81169,LB,ARIZONA,1,100.0,0,109,60.0,,60.0,0,0,0,,,,0,0,0,1,0,0,0,1,0,0,0,0,1,0
Connor Newhouse,97295,HB,NWESTERN,1,50.0,0,256,76.3,,60.0,0,0,0,,,,0,0,0,1,0,0,0,2,0,0,0,0,1,0
Jay'Veon Sunday,131918,HB,WASHINGTON,4,6.3,0,340,40.3,,60.0,0,0,0,0.0,0.0,,0,0,0,1,0,0,0,16,0,7,0,0,1,0
Kemonte Yow,81189,LB,ARMY,1,100.0,0,114,60.0,,60.0,0,0,0,,,,0,0,0,1,0,0,0,1,0,0,0,0,1,0
Elijah Green,122836,HB,N CAROLINA,3,8.3,0,245,71.5,,60.0,0,0,0,,,,0,0,0,1,0,0,0,12,0,0,0,0,1,0
Ja'Marcus Ingram,55738,CB,BUFFALO,1,100.0,0,126,60.0,,60.0,0,0,0,,,,3,0,0,1,0,0,0,1,0,0,0,0,1,0
Jalen Joseph,100842,WR,UTEP,1,25.0,0,330,63.2,,60.0,0,0,0,,,,0,0,0,1,0,0,0,4,0,0,0,0,1,0
Daiquain Jackson,77826,S,TULSA,1,100.0,0,320,60.0,,60.0,0,0,0,,,,0,0,0,1,0,0,0,1,0,0,0,0,1,0
Silas Kelly,54456,LB,COAST CAR,1,100.0,0,141,60.0,,60.0,0,0,0,,,,0,0,0,1,0,0,0,1,0,0,0,0,1,0
Charles Ouverson,54441,P,COAST CAR,1,100.0,0,141,60.0,,60.0,0,0,0,,,,0,0,0,1,0,0,0,1,0,0,0,0,1,0
Jaden Nixon,144652,HB,OKLA STATE,2,5.3,0,262,82.7,,60.0,0,0,0,0.0,0.0,,0,0,0,1,0,0,0,19,0,4,0,0,1,0
C.J. Brewer,54409,DI,COAST CAR,2,50.0,0,141,65.4,,60.0,0,0,0,,,,0,0,0,1,0,0,0,2,0,0,0,0,1,0
Bryson Powers,77824,S,TULSA,1,100.0,0,320,60.0,,60.0,0,0,0,,,,0,0,0,1,0,0,0,1,0,0,0,0,1,0
Nick Niehoff,52963,WR,BOWL GREEN,1,100.0,0,122,60.0,,60.0,0,0,0,,,,0,0,0,1,0,0,0,1,0,0,0,0,1,0
Clark Phillips III,131871,CB,UTAH,1,100.0,2,328,60.0,,60.0,0,0,0,,,,3,0,0,1,0,0,0,1,0,0,0,0,1,0
Devon Betty,122853,LB,NC STATE,1,100.0,0,248,60.0,,60.0,0,0,0,,,,1,0,0,1,0,0,0,1,0,0,0,0,1,0
Reggie Ellis,100916,CB,TULSA,1,100.0,0,320,60.0,,60.0,0,0,0,,,,0,0,0,1,0,0,0,1,0,0,0,0,1,0
Brandon Sebastian,55829,CB,BOSTON COL,1,100.0,0,121,60.0,,60.0,0,0,0,,,,1,0,0,1,0,0,0,1,0,0,0,0,1,0
Craig Williams,77756,HB,BAYLOR,2,16.7,0,118,55.7,,60.0,0,0,0,0.0,0.0,,0,0,0,1,0,0,0,6,0,1,0,0,1,0
Brandon Hawkins,81198,LB,BOISE ST,1,100.0,0,120,60.0,,60.0,0,0,0,,,,0,0,0,1,0,0,0,1,0,0,0,0,1,0
Carson Banks,124156,WR,MISS STATE,1,12.5,0,227,75.9,,60.0,0,0,0,0.0,0.0,,0,0,0,1,0,0,0,8,0,7,0,0,1,0
Teddy Gallagher,81210,LB,COAST CAR,1,100.0,0,141,60.0,,60.0,0,0,0,,,,1,0,0,1,0,0,0,1,0,0,0,0,1,0
Andrew Milek,131832,C,USC,1,100.0,0,326,60.0,,60.0,0,0,0,,,,0,0,0,1,1,0,0,1,0,0,0,0,1,0
Spencer Shrader,100974,K,USF,2,50.0,0,327,63.3,,60.0,0,0,0,0.0,0.0,,0,0,0,1,0,0,0,2,0,1,0,0,1,0
Juwan Burgess,55958,S,INDIANA,1,100.0,0,190,60.0,,60.0,0,0,0,,,,0,0,0,1,0,0,0,1,0,0,0,0,1,0
JonJon Vaughns,131815,LB,UCLA,1,100.0,0,324,60.0,,60.0,0,0,0,,,,2,0,0,1,0,0,0,1,0,0,0,0,1,0
Bryant Fitzgerald,55961,CB,INDIANA,2,50.0,0,190,64.4,,60.0,0,0,0,,,,0,0,0,1,0,0,0,2,0,0,0,0,1,0
Rocky Jacques-Louis,81222,LB,FIU,1,100.0,0,166,60.0,60.5,,0,0,1,100.0,100.0,100.0,0,0,0,1,0,0,0,1,1,1,0,0,0,0
Peyton Higgins,147247,WR,TROY,1,50.0,0,318,59.4,,60.0,0,0,0,0.0,0.0,,0,0,0,1,0,0,0,2,0,1,0,0,1,0
