player,player_id,position,team_name,player_game_count,block_percent,declined_penalties,franchise_id,grades_offense,grades_pass_block,grades_run_block,hits_allowed,hurries_allowed,non_spike_pass_block,non_spike_pass_block_percentage,pass_block_percent,pbe,penalties,pressures_allowed,sacks_allowed,snap_counts_block,snap_counts_ce,snap_counts_lg,snap_counts_lt,snap_counts_offense,snap_counts_pass_block,snap_counts_pass_play,snap_counts_rg,snap_counts_rt,snap_counts_run_block,snap_counts_te
Emil Ekiyor Jr.,81540,G,ALABAMA,13,100.0,0,103,75.3,70.5,76.0,4,8,452,100.0,100.0,98.2,1,14,2,885,0,1,0,885,478,478,884,0,407,0
Matt Lee,98544,C,UCF,10,100.0,2,323,58.6,62.7,62.6,3,9,453,100.0,100.0,98.0,13,15,3,883,883,0,0,883,485,485,0,0,398,0
Alex Leatherwood,58468,T,ALABAMA,13,100.0,0,103,80.7,73.4,85.4,4,9,448,100.0,100.0,97.9,9,16,3,867,0,0,862,867,474,474,0,0,393,5
Joe Sculthorpe,41846,G,NC STATE,12,100.0,0,248,68.7,51.3,74.4,2,22,447,100.0,100.0,96.6,3,27,3,864,15,505,0,864,481,481,344,0,383,0
Ryan Neuzil,41123,G,APP STATE,12,100.0,0,108,87.3,87.8,86.4,0,4,356,100.0,100.0,98.6,3,7,3,863,10,853,0,863,380,380,0,0,483,0
Colin Newell,59753,C,IOWA STATE,12,100.0,0,193,69.5,63.7,69.6,1,22,419,100.0,100.0,97.3,1,23,0,862,862,0,0,862,445,445,0,0,417,0
Grant Gibson,57005,C,NC STATE,12,100.0,2,248,78.5,80.8,80.1,2,11,443,100.0,100.0,98.3,7,14,1,858,858,0,0,858,477,477,0,0,381,0
Baer Hunter,44512,G,APP STATE,12,100.0,0,108,77.2,80.6,76.9,2,6,356,100.0,100.0,98.6,4,9,1,855,0,0,0,855,380,380,853,2,475,0
Noah Hannon,58480,C,APP STATE,12,100.0,1,108,78.5,76.3,79.8,0,4,356,100.0,100.0,99.2,12,5,1,855,853,0,0,855,380,380,2,0,475,0
Dylan Parham,60953,T,MEMPHIS,11,100.0,0,218,90.6,87.6,89.8,2,6,468,100.0,100.0,98.9,3,9,1,849,0,0,0,849,502,502,0,849,347,0
Sincere Haynesworth,97644,C,TULANE,12,100.0,1,319,71.4,67.9,71.5,0,3,387,100.0,100.0,99.1,4,5,2,849,849,0,0,849,414,414,0,0,435,0
Sean Foster,41948,T,IOWA STATE,12,100.0,1,193,58.0,73.8,50.4,1,11,418,100.0,100.0,97.6,5,16,4,847,0,0,847,847,444,444,0,0,403,0
Manuel Orona-Lopez,77414,C,MEMPHIS,11,100.0,1,218,54.6,62.0,52.3,0,7,468,100.0,100.0,99.0,6,8,1,847,847,0,0,847,502,502,0,0,345,0
Aaron Banks,59983,G,NOTRE DAME,12,100.0,0,258,81.3,80.8,82.1,3,7,435,100.0,100.0,98.9,2,10,0,847,0,827,19,847,461,461,0,0,386,0
Josh Sills,41748,T,OKLA STATE,11,100.0,0,262,77.2,69.6,78.4,4,5,390,100.0,100.0,98.1,3,12,3,841,0,343,114,841,417,417,0,384,424,0
Richard Gouraige,81635,G,FLORIDA,12,100.0,0,163,62.5,63.0,60.4,6,12,497,100.0,100.0,98.0,1,19,1,840,0,720,120,840,523,523,0,0,317,0
Derek Schweiger,59750,G,IOWA STATE,12,100.0,0,193,62.5,87.0,54.9,0,7,413,100.0,100.0,98.9,2,8,1,837,0,742,0,837,439,439,73,22,398,0
Robert Hainsey,59980,T,NOTRE DAME,12,100.0,0,258,89.6,80.3,88.0,2,13,435,100.0,100.0,97.8,0,17,2,836,0,0,0,836,462,462,0,835,374,0
Liam Eichenberg,41851,T,NOTRE DAME,12,100.0,0,258,89.9,83.8,90.1,1,14,428,100.0,100.0,98.2,4,15,0,834,0,0,833,834,455,455,0,0,379,0
Brett Heggie,41179,C,FLORIDA,12,100.0,0,163,70.4,77.6,65.6,1,6,496,100.0,100.0,99.3,2,7,0,833,833,0,0,833,522,522,0,0,311,0
Hunter Woodard,77544,G,OKLA STATE,11,100.0,0,262,76.6,83.5,75.1,1,6,386,100.0,100.0,98.6,3,9,2,831,0,10,0,831,413,413,821,0,418,0
Devery Hamilton,40636,T,DUKE,11,100.0,0,154,73.4,62.3,77.0,3,19,442,100.0,100.0,96.8,2,25,3,830,0,0,0,830,468,468,0,830,362,0
Deonte Brown,41457,G,ALABAMA,13,100.0,0,103,64.9,77.2,62.5,3,12,427,100.0,100.0,98.2,5,15,0,829,0,828,1,829,453,453,0,0,376,0
Ikem Ekwonu,98286,T,NC STATE,12,100.0,1,248,80.6,55.3,91.2,5,13,429,100.0,100.0,96.3,4,25,7,827,0,239,586,827,463,463,0,1,364,1
DJ Scaife Jr.,77378,G,MIAMI FL,11,100.0,1,220,61.3,70.3,58.7,5,9,435,100.0,100.0,97.7,4,17,3,827,0,0,0,827,472,472,819,3,355,3
Obinna Eze,59837,T,MEMPHIS,11,100.0,0,218,75.8,81.7,71.9,2,8,460,100.0,100.0,98.5,7,12,2,827,0,0,827,827,494,494,0,0,333,0
Ivory Scott,98699,G,ARK STATE,11,100.0,1,113,65.2,72.2,62.2,5,11,501,100.0,100.0,98.4,4,16,0,825,0,420,0,825,531,531,405,0,294,0
Logan Langemeier,108708,C,GA SOUTHRN,13,100.0,0,174,50.3,54.1,50.2,1,7,220,100.0,100.0,97.7,3,9,1,824,824,0,0,824,229,229,0,0,595,0
Isaac Ellis,77419,G,MEMPHIS,11,100.0,3,218,64.0,64.1,64.4,0,8,450,100.0,100.0,98.4,3,11,3,823,2,820,0,823,483,483,0,1,340,0
Corey Gaynor,59844,C,MIAMI FL,11,100.0,2,220,54.0,48.8,55.0,0,8,431,100.0,100.0,98.8,4,9,1,818,814,0,0,818,468,468,3,0,350,0
Wyatt Luebke,56526,T,ARK STATE,11,100.0,0,113,43.4,29.5,52.8,7,32,501,100.0,100.0,94.9,2,45,6,818,0,0,7,818,531,531,1,810,287,0
Jacob Monk,98058,G,DUKE,11,100.0,0,154,68.1,63.8,69.3,5,6,440,100.0,100.0,98.3,5,13,2,817,0,0,0,817,464,464,817,0,353,0
Reece Jordan,55554,C,TEXAS ST,12,100.0,0,314,56.4,54.0,55.5,3,15,465,100.0,100.0,97.6,2,20,2,817,816,0,0,817,504,504,0,0,313,0
Bryce Hargrove,41946,G,PITTSBURGH,11,100.0,0,268,67.8,82.1,62.2,2,7,479,100.0,100.0,98.6,5,11,2,817,0,815,0,817,512,512,0,0,305,0
Dalton Cooper,98482,T,TEXAS ST,12,99.9,0,314,69.3,73.1,64.5,6,14,464,99.8,99.8,97.6,4,21,1,816,0,0,790,817,503,504,0,0,313,9
Ben Brown,59869,C,OLE MISS,10,100.0,0,226,63.1,61.4,61.3,2,7,406,100.0,100.0,98.9,1,9,0,816,816,0,0,816,432,432,0,0,384,0
Nick Broeker,99084,T,OLE MISS,10,100.0,0,226,59.4,51.8,63.7,4,19,405,100.0,100.0,96.7,5,25,2,815,0,0,813,815,431,431,0,0,384,2
Royce Newman,41746,T,OLE MISS,10,99.9,0,226,68.9,64.2,71.1,5,18,404,99.8,99.8,96.7,5,25,2,814,0,0,1,815,430,431,0,813,384,0
Ahofitu Maka,100803,C,UTSA,11,100.0,0,331,53.3,44.0,53.9,3,9,403,100.0,100.0,98.3,1,13,1,814,738,0,0,814,430,430,76,0,384,0
Cade Stewart,41614,C,CLEMSON,12,100.0,2,140,64.9,65.1,65.7,4,11,465,100.0,100.0,98.0,5,17,2,814,812,0,0,814,491,491,0,2,323,0
Stone Forsythe,41795,T,FLORIDA,12,100.0,2,163,71.2,76.9,64.2,6,8,488,100.0,100.0,98.2,4,16,2,812,0,0,721,812,513,513,0,91,299,0
Casey Holman,77315,T,DUKE,11,100.0,0,154,58.8,48.9,60.8,8,22,426,100.0,100.0,95.3,3,35,5,810,0,0,809,810,451,451,0,0,359,0
Russell Baker,121957,T,TEXAS ST,12,100.0,0,314,62.6,71.2,59.7,1,16,461,100.0,100.0,97.5,6,20,3,808,0,34,0,808,500,500,122,621,308,14
Marcus McKethan,60811,G,N CAROLINA,12,100.0,1,245,64.0,74.6,59.7,0,7,416,100.0,100.0,98.9,4,8,1,808,0,0,0,808,444,444,795,13,364,0
Jimmy Morrissey,41626,C,PITTSBURGH,11,100.0,1,268,69.0,64.3,69.7,4,12,475,100.0,100.0,97.7,1,19,3,807,711,0,0,807,508,508,96,0,299,0
Grant Betts,81870,G,TROY,11,100.0,1,318,71.8,81.4,67.8,0,11,493,100.0,100.0,98.9,2,11,0,805,0,804,0,805,513,513,0,1,292,0
Dylan Bradshaw,41566,C,TROY,11,100.0,0,318,70.9,76.8,68.7,0,10,493,100.0,100.0,98.8,3,11,1,805,805,0,0,805,513,513,0,0,292,0
Jake Andrews,81868,G,TROY,11,100.0,0,318,79.7,84.6,79.7,2,4,493,100.0,100.0,99.2,3,7,1,804,0,0,0,804,513,513,804,0,291,0
Cole Schneider,55401,G,UCF,10,99.9,0,323,54.8,59.1,52.5,1,9,418,100.0,100.0,98.1,4,13,3,803,0,802,0,804,448,448,0,0,355,0
Aaron Dowdell,41586,G,GA SOUTHRN,13,100.0,2,174,75.3,68.9,74.9,2,6,216,100.0,100.0,97.7,5,9,1,802,0,794,0,802,225,225,0,0,577,7
Liam Shanahan,108697,C,LSU,10,100.0,0,211,68.2,75.6,65.3,1,9,473,100.0,100.0,98.7,4,11,1,801,801,0,0,801,489,489,0,0,312,0
Trey Carter,54494,G,COAST CAR,12,100.0,0,141,68.0,73.3,65.8,0,9,332,100.0,100.0,98.3,3,10,1,793,0,0,0,793,353,353,793,0,440,0
Willie Lampkin,122344,G,COAST CAR,12,100.0,0,141,75.1,78.1,73.4,2,6,332,100.0,100.0,98.5,3,9,1,793,0,793,0,793,353,353,0,0,440,0
Ry Schneider,41164,C,OKLA STATE,11,100.0,0,262,68.8,79.5,63.8,0,8,375,100.0,100.0,98.7,3,9,1,793,793,0,0,793,401,401,0,0,392,0
Austin Deculus,59821,T,LSU,10,100.0,0,211,67.3,68.9,64.1,7,11,468,100.0,100.0,97.2,2,22,4,792,0,0,0,792,484,484,0,792,308,0
Brian Ankerson,41827,C,S ALABAMA,11,100.0,1,288,47.2,38.5,48.8,4,17,423,100.0,100.0,96.8,5,24,3,791,791,0,0,791,446,446,0,0,345,0
Sam Thompson,81612,C,COAST CAR,12,100.0,0,141,62.7,73.6,59.3,2,6,332,100.0,100.0,98.5,2,9,1,790,790,0,0,790,353,353,0,0,437,0
Evan Neal,99063,T,ALABAMA,12,100.0,0,103,83.7,73.1,86.4,1,6,399,100.0,100.0,98.6,4,9,2,789,0,0,23,789,423,423,1,765,366,0
Tyler Vrabel,77343,T,BOSTON COL,11,100.0,0,121,77.4,79.4,72.6,4,12,445,100.0,100.0,97.8,3,18,2,785,0,0,0,785,473,473,0,783,312,2
Alec Lindstrom,58532,C,BOSTON COL,11,100.0,0,121,65.2,85.1,57.2,2,9,445,100.0,100.0,98.3,4,13,2,785,785,0,0,785,473,473,0,0,312,0
Zion Johnson,99681,T,BOSTON COL,11,100.0,2,121,76.1,68.4,76.1,7,18,445,100.0,100.0,96.7,2,27,2,785,0,0,783,785,473,473,0,0,312,2
Christian Mahogany,98261,G,BOSTON COL,11,100.0,1,121,66.2,76.0,63.5,3,9,445,100.0,100.0,98.0,5,15,3,785,0,785,0,785,473,473,0,0,312,0
Jeremy James,98423,G,OLE MISS,10,100.0,1,226,74.5,60.0,76.9,0,16,391,100.0,100.0,97.2,5,19,3,781,0,0,0,781,415,415,779,1,366,0
Manase Mose,59950,C,N TEXAS,10,100.0,0,251,50.5,17.5,66.5,1,8,377,100.0,100.0,98.5,6,10,1,780,780,0,0,780,391,391,0,0,389,0
Cole Brown,81768,T,N TEXAS,10,100.0,0,251,50.9,51.0,49.5,2,14,377,100.0,100.0,97.1,1,19,3,780,0,30,749,780,391,391,0,0,389,1
Jackson Carman,52575,T,CLEMSON,12,100.0,1,140,79.2,75.8,81.5,4,3,452,100.0,100.0,98.3,7,11,4,779,0,0,779,779,477,477,0,0,302,0
Jacob Brammer,59944,T,N TEXAS,10,100.0,0,251,68.1,66.6,65.7,4,8,377,100.0,100.0,98.4,1,12,0,779,0,0,0,779,391,391,0,778,388,0
Ben Petrula,58533,G,BOSTON COL,11,100.0,0,121,62.4,64.5,59.3,8,10,445,100.0,100.0,97.5,0,20,2,778,0,0,0,778,473,473,776,2,305,0
Will Putnam,99655,G,CLEMSON,12,100.0,0,140,63.7,65.1,61.9,0,8,449,100.0,100.0,99.1,3,8,0,778,0,0,0,778,472,472,778,0,306,0
Steven Bedosky,54493,T,COAST CAR,12,100.0,0,141,54.5,53.2,52.9,3,17,327,100.0,100.0,96.3,0,22,2,777,0,0,0,777,348,348,0,772,429,5
Seth Joest,41891,C,W KENTUCKY,12,100.0,0,346,67.7,73.2,65.8,3,11,421,100.0,100.0,97.9,3,16,2,770,770,0,0,770,434,434,0,0,336,0
Nick Brahms,58514,C,AUBURN,11,100.0,0,115,64.9,65.2,65.0,0,9,412,100.0,100.0,98.9,4,9,0,769,769,0,0,769,436,436,0,0,333,0
Darrell Simmons Jr.,99441,G,IOWA STATE,11,100.0,1,193,61.0,66.0,62.5,3,9,376,100.0,100.0,98.4,10,12,0,768,0,0,0,768,400,400,768,0,368,0
Dareuan Parker,41285,G,MISS STATE,11,100.0,1,227,75.5,82.2,73.1,1,11,599,100.0,100.0,99.0,2,12,0,768,0,0,0,768,617,617,768,0,151,0
Alan Ali,60053,C,SMU,10,100.0,0,287,60.7,61.4,58.9,0,7,415,100.0,100.0,99.2,1,7,0,767,654,81,0,767,440,440,0,32,327,0
Spencer Burford,81920,T,UTSA,11,100.0,0,331,59.9,71.1,56.6,3,8,364,100.0,100.0,97.4,7,15,4,766,0,0,623,766,388,388,0,143,378,0
Lokahi Pauole,98548,G,UCF,10,100.0,1,323,54.2,50.4,55.8,2,10,399,100.0,100.0,98.5,5,12,0,765,0,0,0,765,427,427,765,0,338,0
Cole Spencer,60236,T,W KENTUCKY,12,100.0,1,346,78.2,84.7,72.3,1,10,420,100.0,100.0,98.5,3,12,1,764,0,0,764,764,433,433,0,0,331,0
Mason Brooks,81938,T,W KENTUCKY,12,100.0,0,346,83.4,77.5,84.4,0,11,420,100.0,100.0,98.2,3,13,2,764,0,0,0,764,433,433,0,764,331,0
Jordan Meredith,60235,G,W KENTUCKY,12,100.0,0,346,81.5,83.9,83.9,1,8,420,100.0,100.0,98.7,4,10,1,764,0,0,0,764,433,433,764,0,331,0
Shamarious Gilmore,41823,G,GA STATE,10,100.0,2,175,61.6,64.5,58.8,1,5,320,100.0,100.0,99.1,2,6,0,760,0,759,0,760,334,334,0,0,426,0
Malik Sumter,55194,C,GA STATE,10,100.0,0,175,67.3,37.4,72.9,4,6,320,100.0,100.0,97.8,1,12,2,759,759,0,0,759,334,334,0,0,425,0
Travis Glover,81658,T,GA STATE,10,100.0,0,175,63.4,70.7,57.4,2,6,320,100.0,100.0,98.1,0,10,2,758,0,0,740,758,334,334,0,0,424,3
Adonis Boone,77558,T,LOUISVILLE,11,99.9,1,210,61.5,56.6,62.9,5,19,393,99.7,99.8,95.7,5,29,5,751,0,0,732,752,412,413,0,8,339,10
Jack Anderson,60130,G,TEXAS TECH,10,100.0,0,315,78.8,86.2,77.7,1,3,442,100.0,100.0,98.9,2,7,3,749,13,0,0,749,459,459,736,0,290,0
Mike Johnson,41265,G,ARMY,12,100.0,1,114,88.1,47.0,87.8,1,2,94,100.0,100.0,96.3,2,5,2,746,0,746,0,746,101,101,0,0,645,0
Adrian Ealy,59995,T,OKLAHOMA,11,100.0,1,261,77.4,81.0,74.3,3,8,389,100.0,100.0,97.8,6,14,3,746,0,0,54,746,421,421,0,692,325,0
Jordan McFadden,77578,T,CLEMSON,12,100.0,0,140,83.5,73.5,83.4,0,13,420,100.0,100.0,97.7,0,16,3,744,0,0,0,744,443,443,0,744,301,0
Matt Bockhorst,51714,G,CLEMSON,12,100.0,0,140,61.1,65.1,62.1,3,13,423,100.0,100.0,98.1,5,16,0,744,0,744,0,744,446,446,0,0,298,0
Edward Collins,77408,T,UCF,10,100.0,0,323,41.4,42.1,42.8,2,18,392,100.0,100.0,96.2,4,25,5,743,0,0,743,743,420,420,0,0,323,0
Austin Stidham,60135,T,TROY,10,100.0,0,318,83.1,85.6,76.3,1,8,451,100.0,100.0,98.6,1,11,2,742,0,0,738,742,470,470,0,0,272,4
Pat Bartlett,55191,G,GA STATE,10,100.0,0,175,54.1,62.9,51.0,3,7,311,100.0,100.0,98.4,1,10,0,742,0,0,0,742,325,325,739,2,417,0
Cooper Hodges,81548,T,APP STATE,11,100.0,0,108,74.9,86.5,73.6,2,2,303,100.0,100.0,99.3,8,4,0,742,0,0,0,742,325,325,0,736,417,6
Corey Dublin,60142,G,TULANE,11,100.0,0,319,70.3,58.5,72.3,0,13,341,100.0,100.0,96.9,3,17,4,741,1,740,0,741,366,366,0,0,375,0
Marquis Hayes,60000,G,OKLAHOMA,11,100.0,0,261,71.7,74.2,69.4,2,8,385,100.0,100.0,98.2,2,12,2,738,0,736,0,738,416,416,2,0,322,0
Chris Glaser,62780,G,VIRGINIA,10,100.0,0,335,67.4,78.0,63.9,1,10,432,100.0,100.0,98.7,3,11,0,734,0,0,0,734,461,461,730,3,273,0
Abraham Delfin,59808,G,LA TECH,10,100.0,1,208,69.4,72.1,66.8,4,12,413,100.0,100.0,97.6,1,18,2,733,28,0,0,733,439,439,705,0,294,0
Michael Maietti,40939,C,MISSOURI,10,100.0,0,229,76.3,70.3,76.5,1,3,389,100.0,100.0,99.5,4,4,0,732,732,0,0,732,407,407,0,0,325,0
Case Cook,59876,G,MISSOURI,10,100.0,1,229,64.9,84.2,59.3,2,7,388,100.0,100.0,98.8,4,9,0,731,0,0,0,731,406,406,731,0,325,0
Jean Delance,41866,T,FLORIDA,12,100.0,0,163,51.1,47.7,54.8,11,24,424,100.0,100.0,94.7,3,40,5,731,0,0,0,731,449,449,0,731,282,0
Jarrid Williams,38432,T,MIAMI FL,10,99.9,1,220,69.8,79.7,63.4,4,4,387,99.7,99.8,98.4,3,10,2,730,0,0,0,731,418,419,0,727,312,3
Asim Richards,99674,T,N CAROLINA,12,100.0,1,245,49.6,42.8,53.9,4,20,355,100.0,100.0,94.6,6,31,7,730,0,0,729,730,380,380,0,1,350,0
Joshua Mote,59803,G,LA TECH,10,100.0,0,208,68.7,82.0,63.6,0,8,411,100.0,100.0,98.5,2,10,2,728,0,728,0,728,437,437,0,0,291,0
Hayden Howerton,60052,G,SMU,10,100.0,1,287,77.5,84.0,73.1,2,4,397,100.0,100.0,99.2,2,6,0,728,122,606,0,728,421,421,0,0,307,0
Michal Menet,41448,C,PENN STATE,9,100.0,0,266,69.4,66.2,68.8,2,10,361,100.0,100.0,97.5,1,15,3,726,726,0,0,726,383,383,0,0,343,0
Rasheed Walker,81798,T,PENN STATE,9,100.0,0,266,70.6,67.9,71.9,0,12,361,100.0,100.0,97.8,4,14,2,726,0,0,726,726,383,383,0,0,343,0
Brock Hoffman,54535,C,VA TECH,11,100.0,0,337,66.7,68.6,67.8,0,3,295,100.0,100.0,98.5,8,6,3,725,725,0,0,725,323,323,0,0,402,0
Tyler Witt,40256,G,W KENTUCKY,12,100.0,1,346,69.9,74.0,68.0,1,11,398,100.0,100.0,98.0,3,14,2,725,0,725,0,725,411,411,0,0,314,0
Ed Ingram,59819,G,LSU,9,100.0,0,211,74.7,62.2,78.2,5,10,422,100.0,100.0,97.7,0,17,2,724,0,724,0,724,437,437,0,0,287,0
Junior Angilau,77465,G,TEXAS,10,100.0,1,311,73.6,77.6,74.2,2,10,400,100.0,100.0,98.0,4,14,2,723,0,723,0,723,431,431,0,0,292,0
Christian Jones,77463,T,TEXAS,10,100.0,0,311,65.5,58.9,71.8,4,18,400,100.0,100.0,96.0,7,27,5,723,0,0,34,723,431,431,0,689,292,0
Samuel Jackson,55403,T,UCF,9,100.0,0,323,57.0,52.0,59.3,2,10,368,100.0,100.0,97.8,4,14,2,723,0,78,134,723,391,391,118,393,332,0
Ryan Johnson,41740,G,GA TECH,10,100.0,0,176,45.5,50.1,45.4,2,17,350,100.0,100.0,97.3,5,19,0,723,0,0,0,723,378,378,722,0,345,0
Will Fries,41530,G,PENN STATE,9,100.0,1,266,73.5,75.7,70.1,0,8,360,100.0,100.0,97.8,3,12,4,722,0,0,0,722,382,382,404,311,340,7
Jack DeFoor,41168,G,GA TECH,10,100.0,0,176,53.5,58.2,51.2,6,12,350,100.0,100.0,96.6,4,21,3,722,0,713,8,722,378,378,0,0,344,0
Brian Anderson,59932,C,N CAROLINA,11,100.0,0,245,48.9,43.0,51.6,1,17,367,100.0,100.0,97.5,5,18,0,722,722,0,0,722,394,394,0,0,328,0
Charles Cross,98401,T,MISS STATE,10,100.0,1,227,64.4,60.7,72.0,5,33,559,100.0,100.0,95.5,5,44,6,720,0,0,720,720,574,574,0,0,146,0
Daizion Carroll,81769,G,N TEXAS,10,100.0,0,251,63.9,59.7,65.4,0,10,343,100.0,100.0,98.3,4,11,1,719,17,0,0,719,356,356,701,1,363,0
Lecitus Smith,61069,G,VA TECH,11,100.0,1,337,72.0,76.1,70.1,0,7,288,100.0,100.0,98.8,2,7,0,718,0,718,0,718,312,312,0,0,406,0
Olusegun Oluwatimi,98581,C,VIRGINIA,10,100.0,1,335,71.1,54.1,77.1,2,13,426,100.0,100.0,98.2,4,15,0,718,718,0,0,718,454,454,0,0,264,0
Dawson Deaton,60131,C,TEXAS TECH,10,100.0,0,315,74.8,77.3,72.1,2,6,427,100.0,100.0,99.1,2,8,0,717,717,0,0,717,445,445,0,0,272,0
Tommy Kraemer,40976,G,NOTRE DAME,11,100.0,1,258,76.5,73.1,76.6,0,10,368,100.0,100.0,97.8,1,13,3,717,0,0,0,717,390,390,716,0,327,0
Landon Dickerson,41712,C,ALABAMA,12,100.0,0,103,91.3,76.2,92.8,2,2,363,100.0,100.0,99.2,3,5,1,716,685,31,0,716,385,385,0,0,331,0
Shane Vallot,81704,C,LA LAFAYET,11,100.0,1,207,68.4,65.0,69.3,1,8,319,100.0,100.0,98.6,4,9,0,713,713,0,0,713,339,339,0,0,374,0
Johnathan Bass,83920,T,GA STATE,10,100.0,0,175,63.3,63.0,61.3,2,6,300,100.0,100.0,98.0,1,10,2,712,0,0,0,712,314,314,0,692,398,5
Michael Brown,77467,G,W VIRGINIA,10,100.0,0,343,73.2,71.1,75.9,5,7,409,100.0,100.0,98.3,3,13,1,712,0,0,1,712,427,427,710,0,285,0
Beau Morris,24688,T,SMU,10,100.0,0,287,65.0,54.8,69.8,3,15,379,100.0,100.0,97.1,4,20,2,711,0,0,40,711,399,399,0,671,312,0
Creed Humphrey,59996,C,OKLAHOMA,11,100.0,0,261,80.9,68.9,84.7,0,7,370,100.0,100.0,99.1,4,7,0,710,710,0,0,710,401,401,0,0,309,0
Kody Russey,41726,C,LA TECH,10,100.0,1,208,69.3,71.2,69.0,2,5,397,100.0,100.0,98.6,5,9,2,708,708,0,0,708,423,423,0,0,285,0
Myron Cunningham,33168,T,ARKANSAS,10,100.0,0,111,66.2,73.1,61.3,3,5,366,100.0,100.0,98.4,4,10,2,705,0,0,700,705,391,391,0,0,314,4
Zach Quinney,62969,T,GA TECH,10,100.0,1,176,49.9,49.5,52.4,9,14,342,100.0,100.0,95.8,6,26,3,702,0,0,699,702,370,370,0,0,332,3
Kevin Davis,60199,G,UTSA,10,100.0,0,331,59.3,77.1,55.4,1,2,352,100.0,100.0,98.7,4,6,3,702,138,0,0,702,375,375,564,0,327,0
Tyrese Robinson,59998,G,OKLAHOMA,11,100.0,1,261,71.3,84.2,73.3,0,8,369,100.0,100.0,98.4,10,10,2,701,0,0,0,701,400,400,701,0,301,0
O'Cyrus Torrence,102821,G,LA LAFAYET,11,100.0,2,207,74.2,89.0,74.7,0,2,312,100.0,100.0,99.7,6,2,0,701,0,0,0,701,332,332,699,0,369,0
Jake Springfield,99425,T,OKLA STATE,10,100.0,0,262,63.0,60.3,60.6,5,12,329,100.0,100.0,96.8,0,19,2,700,0,0,700,700,350,350,0,0,350,0
Jordan Tucker,59936,T,N CAROLINA,11,100.0,0,245,64.1,51.7,69.2,1,21,353,100.0,100.0,96.6,3,23,1,700,0,0,0,700,377,377,0,699,323,0
Landon Young,41761,T,KENTUCKY,11,100.0,1,202,77.3,76.3,75.7,1,11,282,100.0,100.0,97.5,4,13,1,699,0,5,693,699,305,305,0,0,394,0
Darian Kinnard,51789,T,KENTUCKY,11,100.0,0,202,91.5,75.3,91.9,2,7,281,100.0,100.0,97.7,1,11,2,698,0,0,0,698,304,304,2,695,394,0
Drake Jackson,40872,C,KENTUCKY,11,100.0,0,202,86.4,79.3,85.4,0,3,282,100.0,100.0,99.5,2,3,0,698,698,0,0,698,305,305,0,0,393,0
Josh Burger,51610,T,TEXAS TECH,10,100.0,0,315,58.6,56.2,61.1,4,17,409,100.0,100.0,96.7,4,24,3,695,0,0,0,695,425,425,0,694,270,1
Nick Krimin,41825,C,RUTGERS,9,100.0,0,278,52.6,46.2,52.5,4,6,360,100.0,100.0,97.8,0,13,3,692,672,0,0,692,385,385,20,0,307,0
Dante Bivens,77317,G,TULSA,9,100.0,1,320,48.8,63.8,42.3,5,5,341,100.0,100.0,97.7,2,13,3,691,0,689,2,691,366,366,0,0,325,0
Dan Moore Jr.,60120,T,TEXAS A&M,10,100.0,1,312,69.7,67.9,66.3,6,10,326,100.0,100.0,96.9,4,18,2,691,0,0,691,691,339,339,0,0,352,0
Carson Green,60118,T,TEXAS A&M,10,100.0,0,312,82.2,64.6,90.1,2,13,326,100.0,100.0,97.7,5,15,0,691,0,0,0,691,339,339,0,691,352,0
Kenyon Green,99052,G,TEXAS A&M,10,100.0,0,312,75.0,63.0,77.2,5,5,326,100.0,100.0,98.5,4,10,0,691,1,690,0,691,339,339,0,0,352,0
Reggie Sutton,81813,T,RUTGERS,9,100.0,0,278,60.7,65.5,55.4,7,5,359,100.0,100.0,97.2,0,16,4,690,0,0,0,690,384,384,130,555,306,4
Brandon Yates,99423,T,W VIRGINIA,10,100.0,1,343,55.3,58.6,56.5,7,17,397,100.0,100.0,96.2,7,27,3,690,0,0,688,690,411,411,0,0,279,1
Ryan McCollum,41974,C,TEXAS A&M,10,100.0,0,312,69.6,64.0,69.4,5,6,325,100.0,100.0,98.3,1,11,0,690,690,0,0,690,338,338,0,0,352,0
Cole Bentley,59816,C,LOUISVILLE,10,100.0,0,210,73.2,69.8,76.1,2,12,369,100.0,100.0,98.1,7,14,0,689,689,0,0,689,387,387,0,0,302,0
Stewart Reese,41113,G,FLORIDA,11,100.0,1,163,56.5,64.3,51.0,6,6,421,100.0,100.0,98.1,1,14,2,685,0,0,0,685,445,445,685,0,240,0
Gerard Wheeler,76561,C,TULSA,9,100.0,1,320,55.6,41.9,61.7,4,6,340,100.0,100.0,97.9,8,12,2,685,684,0,0,685,364,364,0,1,321,0
Jordan Williams,122503,T,GA TECH,10,100.0,1,176,52.8,64.9,51.1,2,15,337,100.0,100.0,96.6,7,20,3,683,0,0,0,683,363,363,0,683,320,0
Tate Heitmeier,60815,G,TEXAS ST,11,100.0,1,314,59.2,69.4,53.1,3,13,382,100.0,100.0,97.4,3,18,2,683,0,0,0,683,417,417,679,0,266,1
Weston Wright,77494,G,TEXAS TECH,10,100.0,0,315,57.6,80.4,52.3,0,4,404,100.0,100.0,99.3,6,5,1,682,0,682,0,682,420,420,0,0,262,0
Justin Shaffer,59703,G,GEORGIA,10,100.0,0,173,78.9,78.6,79.7,1,5,330,100.0,100.0,98.8,3,7,1,677,0,604,0,677,354,354,73,0,323,0
Dylan Wonnum,81842,T,S CAROLINA,10,100.0,0,289,54.4,58.7,52.3,6,13,346,100.0,100.0,96.1,2,23,4,676,0,0,216,676,363,363,0,457,313,3
Eric Douglas,60061,C,S CAROLINA,10,100.0,0,289,55.8,60.9,53.9,3,3,346,100.0,100.0,98.8,5,7,1,676,676,0,0,676,363,363,0,0,313,0
Drew Wilson,41664,T,GA SOUTHRN,13,100.0,0,174,67.3,76.4,63.2,0,4,175,100.0,100.0,98.3,1,5,1,676,0,0,0,676,183,183,0,675,493,0
Anterrious Gray,121889,G,N TEXAS,10,100.0,0,251,69.2,69.1,69.2,1,7,333,100.0,100.0,98.8,2,8,0,675,0,663,0,675,342,342,12,0,333,0
Jovaughn Gwyn,81839,G,S CAROLINA,10,100.0,1,289,66.4,73.8,63.5,3,9,346,100.0,100.0,98.0,3,13,1,675,0,0,0,675,363,363,672,0,312,0
Chase Behrndt,43963,C,W VIRGINIA,9,100.0,1,343,63.9,65.8,62.6,1,9,378,100.0,100.0,98.7,4,10,0,674,667,0,0,674,395,395,7,0,279,0
Zach Tom,55443,T,WAKE,9,100.0,0,339,73.4,84.1,63.7,3,8,349,100.0,100.0,98.1,2,12,1,674,0,0,674,674,370,370,0,0,304,0
Derrick Graham,123703,T,TROY,11,100.0,0,318,55.7,74.3,42.7,3,11,416,100.0,100.0,97.8,4,16,2,672,0,1,0,672,432,432,0,671,240,0
Peter Skoronski,129737,T,NWESTERN,9,100.0,0,256,81.4,71.0,80.9,4,11,337,100.0,100.0,97.2,0,17,2,672,0,0,665,672,348,348,0,0,324,7
Sam Gerak,59970,C,NWESTERN,9,100.0,0,256,67.9,64.9,69.9,0,16,337,100.0,100.0,97.6,4,16,0,672,664,0,0,672,348,348,8,0,324,0
Je'Vionte' Nash,44818,T,WAKE,9,100.0,0,339,79.4,59.6,84.7,5,14,348,100.0,100.0,96.4,0,22,3,672,0,0,0,672,368,368,0,672,304,0
Nik Urban,41887,G,NWESTERN,9,100.0,1,256,57.4,62.8,53.3,1,12,337,100.0,100.0,98.1,2,13,0,672,0,672,0,672,348,348,0,0,324,0
Caleb Warren,99083,G,OLE MISS,9,100.0,0,226,65.4,60.4,64.6,3,9,328,100.0,100.0,97.9,1,13,1,671,0,650,1,671,347,347,19,0,324,0
Tashawn Manning,56551,G,AUBURN,11,100.0,1,115,67.8,80.5,63.3,0,7,362,100.0,100.0,99.0,3,7,0,671,0,668,0,671,384,384,0,0,287,1
Sean Maginn,55446,G,WAKE,9,100.0,0,339,57.0,52.9,56.6,3,10,346,100.0,100.0,97.5,1,15,2,670,106,564,0,670,367,367,0,0,303,0
Sadarius Hutcherson,41336,G,S CAROLINA,10,100.0,0,289,74.9,78.0,72.8,1,6,341,100.0,100.0,98.4,0,9,2,669,0,666,0,669,358,358,0,3,311,0
Carlos Vettorello,77348,C,SYRACUSE,11,100.0,0,304,51.5,48.6,53.2,0,11,396,100.0,100.0,98.1,4,13,2,669,669,0,0,669,414,414,0,0,255,0
Airon Servais,41573,T,SYRACUSE,11,100.0,0,304,47.2,43.6,50.3,5,12,396,100.0,100.0,96.1,2,24,7,669,0,0,198,669,414,414,0,470,255,1
Christian Darrisaw,77373,T,VA TECH,10,99.9,0,337,95.6,90.8,94.5,0,6,266,99.6,99.7,98.9,1,6,0,668,0,0,666,669,293,294,0,0,375,2
Taaga Tuulima,38661,C,HAWAII,9,100.0,0,180,62.3,81.9,54.5,0,7,391,100.0,100.0,98.8,4,8,1,668,668,0,0,668,411,411,0,0,257,0
Gunnar Vogel,41644,T,NWESTERN,9,100.0,0,256,66.6,50.8,71.2,8,17,334,100.0,100.0,96.0,0,26,1,668,0,0,0,668,345,345,0,668,323,0
Dylan Couch,41390,G,TULSA,9,100.0,0,320,56.3,50.0,61.1,5,15,331,100.0,100.0,95.8,7,24,4,668,2,0,0,668,354,354,666,0,314,0
Solo Vaipulu,75849,G,HAWAII,9,100.0,0,180,60.0,67.4,56.9,2,13,391,100.0,100.0,97.6,3,17,2,668,0,0,0,668,411,411,668,0,257,0
Jared Hocker,60121,G,TEXAS A&M,10,100.0,0,312,76.3,52.0,82.5,5,11,316,100.0,100.0,97.5,5,16,0,667,0,1,0,667,329,329,666,0,338,0
Tyler Smith,98385,T,TULSA,9,100.0,0,320,86.2,78.4,88.4,3,5,330,100.0,100.0,98.8,5,8,0,667,0,2,665,667,355,355,0,0,312,0
Ryan Nelson,62778,T,VIRGINIA,10,99.9,0,335,68.0,80.7,54.6,3,11,395,99.7,99.8,98.0,1,15,1,666,0,7,654,667,420,421,0,1,246,1
Matthew Bergeron,99658,T,SYRACUSE,11,100.0,0,304,53.5,61.8,54.1,0,11,393,100.0,100.0,97.6,9,15,4,666,0,0,471,666,411,411,0,195,255,0
Chasen Hines,81531,G,LSU,9,100.0,0,211,63.5,67.8,62.0,2,14,398,100.0,100.0,98.0,3,16,0,665,0,0,0,665,411,411,665,0,254,0
Jamaree Salyer,81656,T,GEORGIA,10,100.0,0,173,81.2,78.5,77.9,1,7,327,100.0,100.0,98.8,0,8,0,663,0,67,581,663,349,349,0,13,314,2
Renato Brown,98232,T,LOUISVILLE,11,99.5,0,210,64.4,68.7,63.6,5,12,347,99.1,99.2,97.0,6,19,2,663,0,0,0,666,363,366,0,651,300,13
Trey Smith,62960,G,TENNESSEE,10,100.0,1,307,73.4,73.1,72.4,1,4,339,100.0,100.0,99.0,2,6,1,662,0,657,0,662,359,359,0,0,303,5
Denzel Okafor,42007,G,TEXAS,9,100.0,0,311,66.0,58.4,66.6,2,17,367,100.0,100.0,96.3,3,23,4,662,0,0,0,662,397,397,658,4,265,0
Cole Smith,99094,C,MISS STATE,10,100.0,1,227,41.3,31.5,43.3,6,20,506,100.0,100.0,96.8,2,29,3,658,636,22,0,658,523,523,0,0,135,0
Caleb Chandler,59814,G,LOUISVILLE,11,100.0,2,210,75.1,66.7,78.2,0,6,341,100.0,100.0,98.2,6,9,3,657,0,657,0,657,356,356,0,0,301,0
Antwine Loper,54534,T,COAST CAR,11,100.0,1,141,66.2,52.4,68.2,2,17,265,100.0,100.0,96.0,3,20,1,656,0,0,631,656,280,280,0,16,376,9
Joshua Ezeudu,77355,G,N CAROLINA,10,100.0,1,245,69.0,76.2,65.1,4,5,338,100.0,100.0,98.7,3,9,0,654,0,408,122,654,359,359,0,124,295,0
Jaylon Thomas,77421,T,SMU,9,100.0,1,287,87.3,82.8,84.8,1,7,358,100.0,100.0,98.3,3,10,2,653,0,0,653,653,378,378,0,0,275,0
Zion Nelson,98239,T,MIAMI FL,10,99.8,0,220,70.4,78.7,63.8,4,5,356,100.0,99.7,97.9,3,12,3,652,0,1,565,653,383,384,0,84,269,1
Mike Miranda,60016,G,PENN STATE,9,100.0,0,266,63.8,70.4,62.9,2,10,325,100.0,100.0,97.8,3,13,1,651,5,646,0,651,345,345,0,0,306,0
Arvin Fletcher,41722,T,SO MISS,10,100.0,1,296,56.5,55.0,58.2,2,11,308,100.0,100.0,96.3,3,18,5,649,0,0,0,649,325,325,0,647,324,2
Ryan Swoboda,77576,T,VIRGINIA,10,99.8,1,335,69.5,69.7,65.1,1,15,383,99.7,99.8,97.9,3,16,0,649,0,0,0,650,408,409,3,645,241,0
Darius Harper,77401,T,CINCINNATI,10,100.0,0,138,59.3,58.0,59.4,4,12,331,100.0,100.0,96.4,3,20,4,649,0,0,0,649,344,344,0,649,305,0
Eddie Rivas,59955,G,TEXAS ST,10,100.0,0,314,67.7,71.8,64.6,2,8,388,100.0,100.0,98.7,2,10,0,648,0,645,0,648,418,418,0,0,230,2
Grant Miller,60200,C,VANDERBILT,9,100.0,1,333,48.6,50.3,47.9,3,9,332,100.0,100.0,97.6,3,14,2,647,647,0,0,647,352,352,0,0,295,0
Fernando Frye,77437,C,E CAROLINA,9,100.0,0,156,50.2,36.8,58.4,2,6,320,100.0,100.0,98.1,6,10,2,641,640,0,0,641,346,346,0,0,295,0
Khalil Crowder,78240,G,GA SOUTHRN,12,100.0,1,174,59.6,62.1,59.1,0,5,175,100.0,100.0,98.0,3,6,1,641,0,6,0,641,181,181,635,0,460,0
Jaylen Turner,77526,G,BALL ST,8,100.0,0,117,57.8,70.5,55.4,1,7,300,100.0,100.0,98.7,4,8,0,640,0,0,0,640,320,320,639,0,320,0
Curtis Blackwell,58521,T,BALL ST,8,100.0,2,117,73.9,68.2,74.4,2,7,300,100.0,100.0,97.5,4,12,3,640,0,0,0,640,320,320,0,639,320,0
Joseph Boggs,77524,G,BALL ST,8,100.0,0,117,55.3,65.2,50.3,0,8,300,100.0,100.0,98.0,0,10,2,639,0,638,0,639,320,320,0,0,319,0
Baveon Johnson,41337,G,FLORIDA ST,9,100.0,0,167,53.8,65.9,51.1,0,11,354,100.0,100.0,97.9,4,13,2,639,117,9,0,639,377,377,513,0,262,0
Tyler Orsini,101264,C,NEVADA,9,100.0,0,239,66.6,73.7,64.2,5,10,390,100.0,100.0,97.8,3,16,1,637,637,0,0,637,416,416,0,0,221,0
Max Mitchell,81707,T,LA LAFAYET,10,100.0,0,207,84.3,72.1,85.3,0,1,278,100.0,100.0,99.8,3,1,0,636,0,0,87,636,297,297,0,546,339,1
Aaron Frost,82350,T,NEVADA,9,100.0,0,239,73.8,66.6,82.3,3,17,390,100.0,100.0,96.4,8,24,4,636,0,0,0,636,416,416,0,631,220,5
Derek Kerstetter,60116,C,TEXAS,9,100.0,1,311,66.9,77.2,66.6,0,9,354,100.0,100.0,98.4,8,10,1,635,605,0,0,635,384,384,0,30,251,0
Anthony Todd,41847,C,BALL ST,8,100.0,0,117,60.4,70.3,59.1,1,7,299,100.0,100.0,98.7,6,8,0,635,634,0,0,635,319,319,0,0,316,0
Alex Salguero,41435,C,MARSHALL,10,100.0,0,214,68.6,72.6,66.1,3,2,290,100.0,100.0,98.8,1,6,1,635,635,0,0,635,310,310,0,0,325,0
Greg Eiland,41341,G,MISS STATE,10,100.0,0,227,55.2,50.8,56.2,6,21,494,100.0,100.0,96.5,3,31,4,634,0,470,60,634,511,511,0,104,123,0
Alex Mollette,40437,G,MARSHALL,10,100.0,1,214,79.0,90.5,74.8,0,0,288,100.0,100.0,100.0,1,0,0,633,6,627,0,633,308,308,0,0,325,0
Brady Latham,99068,G,ARKANSAS,10,100.0,1,111,64.7,72.3,62.8,1,4,330,100.0,100.0,99.2,4,5,0,630,0,628,0,630,351,351,0,2,279,0
Tyler Steen,81921,T,VANDERBILT,9,100.0,0,333,66.8,66.0,68.0,1,7,323,100.0,100.0,97.8,4,11,3,630,0,0,630,630,343,343,0,0,287,0
Jakai Clark,97645,G,MIAMI FL,10,100.0,1,220,61.2,77.5,56.9,1,7,345,100.0,100.0,98.8,6,8,0,629,16,611,0,629,376,376,2,0,253,0
Ricky Stromberg,99066,C,ARKANSAS,9,100.0,1,111,66.5,63.9,69.7,1,2,331,100.0,100.0,99.2,5,4,1,628,628,0,0,628,355,355,0,0,273,0
Zach Frazier,123419,G,W VIRGINIA,10,100.0,0,343,63.3,59.0,64.5,5,11,352,100.0,100.0,97.4,3,17,1,628,84,542,0,628,368,368,0,0,260,1
Sidney Wells,100797,T,UAB,9,100.0,1,321,74.3,69.7,73.5,2,10,252,100.0,100.0,97.2,3,13,1,623,0,0,0,623,265,265,0,623,358,0
James Hudson III,59854,T,CINCINNATI,10,100.0,1,138,75.0,79.9,73.6,0,6,306,100.0,100.0,99.0,6,6,0,618,0,0,618,618,319,319,0,0,299,0
Nick Weber,59684,C,FAU,9,100.0,0,165,59.0,69.6,56.0,2,5,274,100.0,100.0,98.7,3,7,0,610,610,0,0,610,286,286,0,0,324,0
Makai Hart,123314,T,UTSA,9,100.0,0,331,71.2,70.3,67.2,0,16,295,100.0,100.0,96.6,0,18,2,610,0,0,91,610,313,313,0,518,297,0
Michael Eletise,40716,G,HAWAII,9,100.0,0,180,66.3,67.2,66.5,3,10,348,100.0,100.0,97.6,2,15,2,609,0,599,0,609,367,367,0,0,242,10
Carter Warren,60023,T,PITTSBURGH,9,99.8,0,268,64.4,68.9,58.5,1,18,343,99.7,99.7,96.9,2,20,1,607,0,0,515,608,372,373,0,1,235,90
Gene Pryor,75851,T,HAWAII,8,100.0,0,180,66.6,74.5,65.6,1,9,360,100.0,100.0,97.5,6,14,4,607,0,0,0,607,380,380,0,607,227,0
Bryson Speas,59937,T,NC STATE,12,100.0,0,248,63.3,56.0,66.6,2,13,322,100.0,100.0,96.7,3,18,3,606,0,59,15,606,350,350,36,496,256,0
Sam Cosmi,60114,T,TEXAS,8,100.0,0,311,90.8,90.7,86.4,1,5,338,100.0,100.0,98.5,0,8,2,605,0,0,605,605,368,368,0,0,237,0
Malik Clark,45322,T,KANSAS,9,100.0,5,198,25.0,0.0,44.1,3,32,335,100.0,100.0,92.1,9,44,9,602,0,150,451,602,357,357,0,0,245,1
Matt Dale,98648,G,MEMPHIS,11,100.0,1,218,61.7,60.4,67.8,2,10,330,100.0,100.0,97.6,8,14,2,601,0,27,0,601,350,350,573,0,251,1
Cole Garrison,41479,T,APP STATE,10,99.7,1,108,68.8,58.1,69.0,5,6,245,99.2,99.2,96.1,1,15,4,601,0,1,479,603,262,264,0,111,339,12
Harry Crider,59744,C,INDIANA,8,100.0,0,190,61.3,64.1,58.1,3,8,308,100.0,100.0,98.2,1,11,0,600,600,0,0,600,335,335,0,0,265,0
Matthew Trehern,100796,G,UAB,9,100.0,0,321,63.6,41.3,73.2,4,10,250,100.0,100.0,97.2,10,14,0,600,0,0,0,600,263,263,600,0,337,0
Rakavius Chambers,57099,G,DUKE,11,100.0,0,154,63.6,62.1,62.0,0,8,307,100.0,100.0,98.4,0,9,1,598,0,597,0,598,326,326,0,0,272,0
Billy Honaker,60810,T,NAVY,10,100.0,1,237,73.1,66.3,72.1,0,8,158,100.0,100.0,96.8,2,9,1,596,0,173,0,596,170,170,0,404,426,19
Warren McClendon Jr.,99081,T,GEORGIA,10,100.0,1,173,71.8,71.3,67.5,2,8,293,100.0,100.0,97.6,2,12,2,595,0,0,2,595,316,316,0,593,279,0
Darius Tisdale,99682,G,SYRACUSE,11,100.0,2,304,53.4,57.1,54.5,1,9,348,100.0,100.0,98.0,6,12,2,594,0,1,0,594,364,364,593,0,230,0
Marcus Greer,79674,G,MIDDLE TN,9,100.0,2,224,39.7,53.2,40.3,2,7,324,100.0,100.0,98.6,7,9,0,594,210,2,0,594,345,345,382,0,249,0
Jermaine Ledbetter,81753,G,NEVADA,9,100.0,0,239,64.7,80.2,61.7,0,9,361,100.0,100.0,98.5,5,10,1,593,0,593,0,593,386,386,0,0,207,0
Luke Tenuta,77367,T,VA TECH,9,99.8,0,337,85.7,69.5,87.6,0,5,246,100.0,99.6,97.4,3,9,4,592,0,0,79,593,264,265,0,510,328,4
Justin Self,60809,T,NAVY,10,100.0,0,237,70.4,63.6,72.1,2,6,154,100.0,100.0,97.4,4,8,0,591,37,0,544,591,166,166,0,10,425,0
Larry Borom,59879,T,MISSOURI,8,100.0,0,229,87.0,84.5,81.5,1,2,310,100.0,100.0,99.2,1,4,1,589,0,0,0,589,324,324,0,587,265,1
Jake Burton,43915,G,BAYLOR,8,100.0,0,118,57.4,74.5,56.2,3,11,372,100.0,100.0,97.3,7,17,3,586,0,0,0,586,391,391,585,0,195,0
Raiqwon O'Neal,81811,T,RUTGERS,8,99.8,0,278,61.5,64.8,55.6,1,9,318,99.7,99.7,97.8,4,12,2,586,0,0,585,587,341,342,0,0,245,0
Pierce Banbury,77384,C,NAVY,10,100.0,0,237,56.9,22.5,60.6,1,15,153,100.0,100.0,93.5,0,18,2,586,586,0,0,586,165,165,0,0,421,0
Connor Galvin,77450,T,BAYLOR,8,100.0,1,118,71.8,75.4,67.2,1,11,348,100.0,100.0,96.8,3,17,5,584,0,0,583,584,367,367,0,0,217,0
Luke McCleery,58508,T,ARMY,11,100.0,0,114,74.5,42.6,76.5,1,2,76,100.0,100.0,95.4,4,5,2,582,0,0,321,582,83,83,0,157,499,104
Caleb Kelly,59709,T,GA SOUTHRN,13,100.0,0,174,60.2,61.2,59.7,0,9,159,100.0,100.0,95.9,3,11,2,581,0,0,372,581,165,165,62,147,416,0
Joey Claybrook,60141,T,TULANE,10,100.0,0,319,59.9,71.4,53.5,2,5,258,100.0,100.0,98.6,3,7,0,579,0,0,579,579,271,271,0,0,308,0
Bryce Benhart,98531,T,NEBRASKA,8,100.0,1,238,54.0,51.6,57.9,3,11,272,100.0,100.0,96.0,5,18,4,579,0,0,0,579,283,283,0,579,296,0
Michael Jurgens,77345,C,WAKE,8,100.0,1,339,55.0,31.1,63.0,2,5,296,100.0,100.0,98.5,4,8,1,579,579,0,0,579,314,314,0,0,265,0
Matt Farniok,41585,G,NEBRASKA,8,100.0,0,238,62.6,64.1,61.0,2,4,269,100.0,100.0,98.1,3,8,2,575,127,0,0,575,280,280,448,0,295,0
Cain Madden,41602,G,MARSHALL,9,100.0,0,214,92.5,82.0,93.0,0,6,255,100.0,100.0,98.8,1,6,0,573,0,0,0,573,273,273,572,0,300,0
Khalique Washington,98704,T,SO MISS,10,100.0,0,296,72.4,68.8,74.4,3,11,273,100.0,100.0,97.1,5,15,1,573,0,0,568,573,287,287,0,0,286,4
Cedrice Paillant,129895,G,RUTGERS,9,100.0,0,278,45.2,45.7,42.4,3,8,301,100.0,100.0,96.8,3,15,4,573,0,573,0,573,321,321,0,0,252,0
Avery Jones,77352,G,E CAROLINA,9,100.0,0,156,66.6,59.7,67.6,1,10,283,100.0,100.0,97.7,1,12,1,572,0,572,0,572,302,302,0,0,270,0
Loic Ngassam Nya,55442,G,WAKE,8,100.0,2,339,59.5,67.0,61.7,3,10,287,100.0,100.0,96.7,10,16,3,571,0,111,0,571,304,304,460,0,267,0
Darnell Wright,98480,T,TENNESSEE,10,100.0,0,307,53.5,49.1,57.9,5,9,292,100.0,100.0,95.9,4,19,5,569,0,0,14,569,309,309,0,554,260,1
Kyle Spalding,40356,T,S DIEGO ST,8,100.0,0,284,82.8,88.2,75.4,1,4,234,100.0,100.0,98.9,1,5,0,566,0,0,564,566,242,242,0,0,324,0
Vincent McConnell,55089,G,CINCINNATI,9,100.0,1,138,55.6,70.9,49.6,1,7,301,100.0,100.0,98.0,2,10,2,566,0,0,0,566,313,313,566,0,253,0
Zach Thomas,43641,T,S DIEGO ST,8,100.0,0,284,87.5,61.1,90.1,2,9,234,100.0,100.0,96.8,0,13,2,566,0,0,0,566,242,242,0,564,324,0
Jake Kradel,77328,G,PITTSBURGH,8,100.0,0,268,60.7,54.7,62.9,4,14,312,100.0,100.0,96.8,2,19,1,565,0,0,0,565,334,334,563,0,231,0
Desmond Noel,41776,G,FAU,9,100.0,1,165,54.9,68.3,51.0,1,3,246,100.0,100.0,98.8,3,5,1,564,0,564,0,564,258,258,0,0,306,0
Alama Uluave,81814,C,S DIEGO ST,8,100.0,0,284,59.1,69.0,55.0,2,5,234,100.0,100.0,97.2,0,10,3,563,563,0,0,563,242,242,0,0,321,0
Jarrett Patterson,81775,C,NOTRE DAME,8,100.0,0,258,81.7,72.1,82.0,1,8,266,100.0,100.0,98.3,1,9,0,563,563,0,0,563,281,281,0,0,282,0
Ken Marks,46118,G,LA LAFAYET,11,100.0,0,207,61.0,66.6,61.8,0,8,253,100.0,100.0,98.0,4,9,1,561,0,502,55,561,271,271,0,0,290,2
Jason Moore,58523,C,BAYLOR,9,100.0,0,118,51.2,58.3,48.0,2,13,340,100.0,100.0,96.9,3,18,3,560,510,50,0,560,357,357,0,0,203,0
Jacob Capra,41743,G,S DIEGO ST,8,100.0,0,284,72.6,76.7,70.2,1,1,225,100.0,100.0,99.6,3,2,0,559,0,551,6,559,233,233,0,0,326,0
Jacob Gardner,128229,T,NEVADA,9,99.8,0,239,59.6,69.3,54.8,1,11,350,99.7,99.7,97.1,4,16,4,559,0,0,550,560,372,373,0,5,187,5
Jaime Navarro,81533,T,S JOSE ST,8,100.0,0,285,55.3,56.3,60.0,3,12,311,100.0,100.0,97.3,4,16,1,555,0,0,0,555,334,334,0,550,221,4
Peter Nestrowitz,57103,G,NAVY,10,100.0,0,237,83.5,49.4,85.4,1,3,143,100.0,100.0,97.2,0,6,2,555,0,0,0,555,154,154,555,0,401,0
Jack Snyder,41119,T,S JOSE ST,8,100.0,0,285,90.9,88.0,88.7,1,3,311,100.0,100.0,99.4,1,4,0,554,0,0,553,554,334,334,0,0,220,1
Evan Henry,98085,G,LA MONROE,10,100.0,0,209,52.2,43.6,52.4,6,22,387,100.0,100.0,96.1,1,29,1,553,0,0,0,553,405,405,552,0,148,0
Connor Bishop,102830,C,ARMY,11,100.0,1,114,68.2,22.4,70.9,1,7,80,100.0,100.0,95.0,3,8,0,552,552,0,0,552,86,86,0,0,466,0
Ben Knutson,39837,T,TULANE,11,100.0,0,319,58.3,75.6,49.7,1,8,267,100.0,100.0,97.6,1,11,2,551,0,0,199,551,287,287,143,209,264,0
Gabriel Houy,60020,T,PITTSBURGH,9,100.0,2,268,60.3,63.3,56.3,2,18,307,100.0,100.0,96.4,2,21,1,550,0,0,29,550,334,334,0,521,216,0
Zeke Powell,60058,T,MISSOURI,9,100.0,1,229,51.7,37.9,63.3,3,12,283,100.0,100.0,97.0,6,16,1,550,0,0,547,550,298,298,0,0,252,2
Connor Mignone,61980,G,VANDERBILT,8,100.0,0,333,63.4,65.7,61.6,0,11,279,100.0,100.0,97.3,1,13,2,549,0,113,0,549,298,298,294,142,251,0
Wyatt Davis,59993,G,OHIO STATE,8,100.0,0,260,66.3,67.1,66.4,1,7,260,100.0,100.0,97.3,2,11,3,547,0,0,0,547,280,280,547,0,267,0
Nate Brown,40643,G,NEVADA,9,100.0,2,239,58.4,54.7,59.5,2,20,326,100.0,100.0,96.6,3,22,0,547,0,0,0,547,349,349,547,0,198,0
Earl Bostick Jr.,59771,T,KANSAS,9,100.0,0,198,63.7,44.7,72.2,2,16,306,100.0,100.0,95.8,1,22,4,547,0,0,193,547,329,329,0,354,218,0
Dylan McMahon,98044,G,NC STATE,9,100.0,2,248,59.0,52.8,63.3,2,11,298,100.0,100.0,97.5,4,14,1,547,0,70,0,547,320,320,477,0,227,0
Alaric Jackson,40972,T,IOWA,8,100.0,1,192,74.4,74.2,73.6,5,6,267,100.0,100.0,97.2,4,13,2,546,0,0,545,546,280,280,0,0,266,0
Mikey Minihan,62963,C,GA TECH,10,100.0,1,176,42.7,50.5,44.7,4,8,256,100.0,100.0,97.3,6,13,1,546,546,0,0,546,278,278,0,0,268,0
Tyler Linderbaum,82291,C,IOWA,8,100.0,0,192,91.5,87.3,90.6,2,1,267,100.0,100.0,99.4,1,3,0,545,545,0,0,545,280,280,0,0,265,0
Noah Johnson,99436,C,KANSAS ST,10,100.0,0,199,66.3,62.8,68.8,2,5,229,100.0,100.0,98.0,4,8,1,544,537,0,0,544,244,244,7,0,300,0
Cam DeGeorge,41469,G,LOUISVILLE,10,100.0,0,210,70.5,85.5,66.5,1,5,290,100.0,100.0,98.6,2,7,1,542,0,101,0,542,303,303,354,85,239,1
Bobby DeHaro,60194,G,UTEP,8,100.0,0,330,65.0,66.3,63.9,1,4,245,100.0,100.0,98.6,2,6,1,542,0,542,0,542,268,268,0,0,274,0
Maurice Smith,99650,C,FLORIDA ST,8,100.0,0,167,55.0,38.4,65.1,2,5,309,100.0,100.0,98.9,5,7,0,542,542,0,0,542,327,327,0,0,215,0
Brad Cecil,86862,C,USF,7,100.0,0,327,61.5,71.4,57.8,1,8,315,100.0,100.0,98.3,2,10,1,539,539,0,0,539,329,329,0,0,210,0
Andrew Meyer,81910,C,UTEP,8,100.0,0,330,52.6,41.2,54.4,2,6,244,100.0,100.0,98.4,0,8,0,539,539,0,0,539,267,267,0,0,272,0
Luke Fortner,42028,G,KENTUCKY,10,100.0,1,202,74.3,63.8,75.3,0,7,207,100.0,100.0,97.3,2,9,2,538,0,284,2,538,223,223,251,0,315,1
T.J. Fiailoa,39844,G,LA MONROE,10,100.0,1,209,47.9,47.0,45.6,4,10,355,100.0,100.0,97.5,2,16,2,538,0,462,0,538,371,371,76,0,167,0
Conner Estes,59810,T,S ALABAMA,8,100.0,0,288,44.1,31.1,51.6,5,18,274,100.0,100.0,94.3,1,27,4,538,0,0,0,538,292,292,0,537,246,0
BJ Etienne,59686,T,FAU,8,99.8,1,165,61.0,80.4,55.5,1,1,235,99.6,99.6,98.7,5,4,2,537,0,0,1,538,243,244,0,527,294,10
Sean Rhyan,72009,T,UCLA,7,100.0,0,324,73.9,75.0,71.2,3,8,238,100.0,100.0,97.7,2,11,0,536,0,0,516,536,254,254,0,0,282,20
Keiondre Jones,99072,G,AUBURN,11,100.0,0,115,64.1,61.5,64.1,1,10,277,100.0,100.0,98.0,2,11,0,536,0,0,0,536,297,297,534,0,239,1
Alec Anderson,81882,T,UCLA,7,100.0,1,324,74.0,77.4,71.6,0,9,237,100.0,100.0,97.7,5,10,1,535,0,0,7,535,253,253,0,528,282,0
Chris Elmore,57090,G,SYRACUSE,11,99.1,0,304,56.3,59.7,55.9,0,6,311,98.4,98.5,98.1,3,9,3,535,0,504,0,540,325,330,1,0,210,11
Trey Hill,81653,C,GEORGIA,8,100.0,0,173,76.2,73.4,74.9,0,1,256,100.0,100.0,99.4,1,2,1,535,511,0,0,535,273,273,24,0,262,0
Justin Osborne,99071,G,SMU,8,100.0,0,287,55.5,52.6,53.3,4,10,305,100.0,100.0,97.0,0,16,2,535,0,0,0,535,325,325,535,0,210,0
Brodarious Hamm,58518,T,AUBURN,9,100.0,0,115,65.9,68.4,62.2,1,10,280,100.0,100.0,97.7,1,12,1,534,0,0,1,534,295,295,0,532,239,0
Federico Maranges,100771,G,FAU,8,100.0,0,165,50.7,73.1,46.8,3,4,234,100.0,100.0,97.6,4,9,2,534,0,0,0,534,245,245,534,0,289,0
Jacob Shoemaker,98656,G,S ALABAMA,8,100.0,0,288,58.9,74.3,54.0,1,3,275,100.0,100.0,98.9,2,5,1,533,0,0,146,533,290,290,386,0,243,0
Ben Cleveland,41696,G,GEORGIA,9,100.0,0,173,78.8,86.2,77.4,1,5,265,100.0,100.0,98.9,1,6,0,531,0,0,0,531,283,283,531,0,248,0
Matthew Bedford,101579,T,INDIANA,7,100.0,0,190,64.7,27.0,90.3,8,26,285,100.0,100.0,93.7,3,35,1,531,0,0,0,531,308,308,0,531,223,0
Verdis Brown,82284,G,ILLINOIS,8,100.0,1,187,63.2,67.1,60.6,0,6,225,100.0,100.0,98.2,1,7,1,527,0,0,0,527,238,238,527,0,289,0
Kendrick Green,56642,G,ILLINOIS,8,100.0,2,187,88.0,75.2,88.6,2,4,225,100.0,100.0,98.7,4,6,0,527,211,316,0,527,238,238,0,0,289,0
Braylon Jones,26635,G,HOUSTON,7,100.0,0,182,72.4,79.4,68.6,1,7,284,100.0,100.0,98.2,1,9,1,527,207,0,0,527,302,302,234,86,225,0
Kaleb Slaven,40645,T,BALL ST,7,100.0,1,117,61.0,63.0,61.2,0,8,257,100.0,100.0,96.9,4,12,4,527,0,0,526,527,272,272,0,0,255,0
Jacob Still,41563,C,ARK STATE,10,99.8,0,113,45.3,42.0,50.9,3,13,314,100.0,99.7,97.5,5,16,0,527,527,0,0,528,333,334,0,0,194,1
C.J. Perez,77520,C,TEMPLE,7,100.0,0,306,65.0,76.7,63.4,1,5,264,100.0,100.0,98.9,4,6,0,527,527,0,0,527,276,276,0,0,251,0
Vederian Lowe,59741,T,ILLINOIS,8,100.0,1,187,71.3,77.6,64.7,3,2,225,100.0,100.0,96.7,2,10,5,527,0,0,525,527,238,238,0,1,289,1
Dontae Lucas,98047,G,FLORIDA ST,8,100.0,1,167,48.7,57.5,52.1,2,8,298,100.0,100.0,97.3,8,13,3,525,0,525,0,525,316,316,0,0,209,0
Keenan Murphy,40970,G,HOUSTON,8,100.0,0,182,61.2,74.0,58.7,0,9,281,100.0,100.0,98.0,3,10,1,523,0,523,0,523,297,297,0,0,226,0
Trevor Robbins,41508,C,S JOSE ST,8,100.0,0,285,53.0,71.0,44.6,3,4,298,100.0,100.0,97.8,3,10,3,522,275,182,0,522,321,321,65,0,201,0
Robert Scott Jr.,122415,T,FLORIDA ST,8,100.0,1,167,66.2,59.8,67.3,0,19,271,100.0,100.0,95.0,2,23,4,522,0,0,0,522,291,291,0,522,231,0
Ethan Wiederkehr,59969,G,NWESTERN,8,100.0,0,256,62.8,65.5,61.4,1,6,233,100.0,100.0,96.8,2,11,4,519,0,0,0,519,240,240,519,0,279,0
Elijah Klein,81912,G,UTEP,8,100.0,0,330,66.3,54.6,68.8,2,10,241,100.0,100.0,96.7,1,14,2,519,0,0,0,519,263,263,519,0,256,0
Will Ulmer,41256,T,MARSHALL,9,100.0,1,214,85.8,65.1,89.6,1,4,224,100.0,100.0,98.4,4,6,1,518,0,14,84,518,239,239,69,350,279,0
Cade Briggs,73582,T,NEW MEXICO,7,100.0,0,241,71.4,58.2,75.5,4,9,253,100.0,100.0,95.5,2,18,5,515,0,0,515,515,263,263,0,0,252,0
Ethan Piper,101586,G,NEBRASKA,8,100.0,0,238,47.1,56.4,46.5,1,7,243,100.0,100.0,98.4,5,8,0,515,0,515,0,515,253,253,0,0,262,0
Brandon Kipper,52054,T,OREGON ST,7,100.0,1,265,58.8,43.4,65.9,2,17,261,100.0,100.0,95.2,3,22,3,514,0,0,0,514,277,277,0,514,237,0
Joshua Gray,98252,T,OREGON ST,7,100.0,0,265,68.7,65.0,66.5,2,7,261,100.0,100.0,97.5,1,11,2,514,0,0,514,514,277,277,0,0,237,0
Nathan Eldridge,45657,C,OREGON ST,7,100.0,0,265,72.9,65.7,73.4,1,6,261,100.0,100.0,98.7,3,7,0,514,514,0,0,514,277,277,0,0,237,0
Jake Levengood,81794,G,OREGON ST,7,100.0,1,265,69.4,59.6,73.3,5,10,261,100.0,100.0,96.7,2,16,1,514,0,514,0,514,277,277,0,0,237,0
Josh Myers,59992,C,OHIO STATE,7,100.0,0,260,65.4,65.9,63.9,1,8,248,100.0,100.0,97.4,1,11,2,512,512,0,0,512,264,264,0,0,248,0
Thayer Munford Jr.,59994,T,OHIO STATE,7,100.0,0,260,91.8,87.6,90.3,0,3,248,100.0,100.0,99.4,0,3,0,512,0,0,512,512,264,264,0,0,248,0
Nicholas Petit-Frere,82003,T,OHIO STATE,7,100.0,0,260,77.8,83.9,72.7,3,1,248,100.0,100.0,99.2,3,4,0,512,0,0,0,512,264,264,0,512,248,0
Kyle Stapley,81761,C,NEW MEXICO,7,100.0,0,241,58.5,57.8,57.9,4,5,251,100.0,100.0,97.8,1,10,1,512,512,0,0,512,261,261,0,0,251,0
Michael Wiggs,41166,G,USF,8,100.0,0,327,58.7,56.9,56.7,1,9,288,100.0,100.0,97.6,0,12,2,510,0,0,0,510,301,301,510,0,209,0
Preston Wilson,99429,G,OKLA STATE,8,100.0,0,262,65.0,78.9,61.2,1,4,236,100.0,100.0,98.5,2,6,1,510,0,474,0,510,254,254,36,0,256,0
Steve Avila,77319,C,TCU,9,100.0,0,305,75.8,68.0,76.0,1,6,239,100.0,100.0,97.7,2,9,2,510,371,0,0,510,255,255,26,113,255,0
Austin Cook,81759,G,NEW MEXICO,7,100.0,0,241,64.9,78.7,62.1,6,1,251,100.0,100.0,98.2,4,8,1,510,0,510,0,510,261,261,0,0,249,0
Robert Jones,100786,T,MIDDLE TN,8,100.0,1,224,75.4,80.1,72.4,0,5,303,100.0,100.0,99.2,4,5,0,509,0,0,0,509,320,320,2,507,189,0
Brandon Kennedy,46813,C,TENNESSEE,8,100.0,0,307,66.1,82.2,63.4,2,4,242,100.0,100.0,98.3,4,7,1,507,507,0,0,507,258,258,0,0,249,0
Chris Paul,77579,T,TULSA,8,100.0,0,320,83.9,83.8,77.7,3,2,246,100.0,100.0,98.2,2,7,2,503,0,0,19,503,266,266,0,484,237,0
Colby Ragland,81872,T,UAB,7,100.0,0,321,65.0,64.0,67.5,3,7,211,100.0,100.0,97.6,4,10,0,500,0,125,375,500,220,220,0,0,280,0
Jarrett Horst,102823,T,ARK STATE,7,99.8,3,113,53.8,48.2,62.6,4,16,322,100.0,99.7,95.7,8,24,4,499,0,0,499,500,339,340,0,0,160,1
Dare Rosenthal,82491,T,LSU,7,100.0,0,211,72.5,72.4,69.6,4,10,309,100.0,100.0,97.4,1,15,1,499,0,0,499,499,316,316,0,0,183,0
Conner Olson,41504,G,MINNESOTA,7,100.0,0,225,69.0,63.0,68.5,1,6,205,100.0,100.0,97.3,0,9,2,495,0,9,0,495,213,213,486,0,282,0
Teton Saltes,42581,T,NEW MEXICO,7,100.0,0,241,83.1,70.0,83.1,1,10,242,100.0,100.0,97.3,1,12,1,495,0,0,0,495,252,252,0,495,243,0
Blaise Andries,55233,T,MINNESOTA,7,100.0,0,225,82.5,68.4,84.7,4,6,205,100.0,100.0,97.1,3,11,1,495,0,73,23,495,213,213,0,399,282,0
Sam Schlueter,41640,T,MINNESOTA,7,100.0,0,225,74.4,58.1,75.4,2,10,205,100.0,100.0,96.6,0,13,1,495,0,0,437,495,213,213,0,0,282,58
Dylan O'Quinn,77924,G,CINCINNATI,9,100.0,0,138,56.2,61.9,54.5,2,10,259,100.0,100.0,97.7,2,12,0,493,0,453,0,493,271,271,40,0,222,0
Wyatt Green,81833,T,S ALABAMA,8,100.0,1,288,37.7,21.5,48.2,4,22,269,100.0,100.0,93.3,2,31,5,493,0,0,492,493,284,284,0,0,209,0
Kevin Jarvis,57100,T,MICH STATE,7,100.0,0,223,60.5,63.2,57.4,1,10,263,100.0,100.0,97.5,1,12,1,492,0,0,0,492,275,275,0,492,217,0
AJ Arcuri,44757,T,MICH STATE,7,100.0,0,223,65.6,80.0,56.9,3,4,263,100.0,100.0,97.9,4,9,2,492,0,0,492,492,275,275,0,0,217,0
Terrell Haynes,81913,G,UTSA,9,100.0,0,331,61.0,69.0,58.5,0,3,217,100.0,100.0,98.4,1,5,2,491,0,374,0,491,228,228,117,0,263,0
Marcus Tatum,41437,T,UCF,9,100.0,0,323,53.9,51.5,57.4,3,15,234,100.0,100.0,95.7,5,19,1,488,0,0,0,488,252,252,0,488,236,0
Jake Remsburg,99445,T,IOWA STATE,8,100.0,0,193,59.1,60.5,58.7,1,13,243,100.0,100.0,96.7,2,15,1,484,0,0,0,484,255,255,0,484,229,0
Josh Rivas,59780,G,KANSAS ST,8,100.0,0,199,70.3,56.4,74.1,3,10,214,100.0,100.0,97.0,2,13,0,481,0,446,0,481,232,232,34,0,249,0
Donovan Jennings,86861,T,USF,7,99.8,1,327,69.4,79.5,61.6,1,5,275,99.6,99.7,98.5,2,7,1,479,0,0,479,480,285,286,0,0,194,0
Cade Mays,81995,G,TENNESSEE,7,100.0,0,307,66.8,69.3,68.4,1,4,233,100.0,100.0,97.6,3,8,3,478,0,0,16,478,249,249,382,67,229,13
Sam Marrazzo,60170,C,UCLA,7,100.0,0,324,58.6,69.4,56.3,0,4,218,100.0,100.0,98.6,5,5,1,477,477,0,0,477,231,231,0,0,246,0
Erik Swenson,40250,T,OKLAHOMA,11,100.0,1,261,83.0,82.3,79.2,1,10,252,100.0,100.0,97.8,3,11,0,477,0,0,410,477,272,272,5,60,205,2
Ben Adler,59778,G,KANSAS ST,8,100.0,0,199,53.8,71.0,48.5,2,5,211,100.0,100.0,97.9,1,8,1,477,48,0,0,477,230,230,428,0,247,0
Dorian Hinton,98283,G,MIDDLE TN,8,100.0,0,224,49.3,59.5,45.4,2,10,264,100.0,100.0,97.0,2,14,2,477,0,303,0,477,284,284,174,0,193,0
Vitaliy Gurman,130620,T,TOLEDO,6,100.0,1,316,73.7,71.2,75.1,3,7,256,100.0,100.0,96.9,5,13,3,476,0,0,476,476,272,272,0,0,204,0
Nick Rosi,77511,T,TOLEDO,6,100.0,1,316,63.1,62.6,64.6,4,5,256,100.0,100.0,96.3,4,14,5,476,0,46,0,476,272,272,0,430,204,0
Syrus Tuitele,59696,T,FRESNO ST,6,100.0,2,169,73.0,81.8,62.9,1,5,297,100.0,100.0,98.3,2,8,2,473,0,0,0,473,311,311,0,473,162,0
Brenden Jaimes,59909,T,NEBRASKA,7,100.0,0,238,67.4,79.2,59.0,0,4,227,100.0,100.0,99.1,1,4,0,473,0,0,471,473,235,235,0,0,238,2
Frank Fillip,81624,T,COLORADO,6,100.0,0,143,69.9,70.4,67.2,2,5,198,100.0,100.0,97.7,1,8,1,470,0,0,0,470,211,211,0,470,259,0
Bryce Harris,36827,C,TOLEDO,6,100.0,0,316,69.9,78.6,66.6,1,8,256,100.0,100.0,97.9,2,10,1,468,468,0,0,468,272,272,0,0,196,0
Garrett Hirsch,22001,C,LA MONROE,10,100.0,1,209,52.2,59.7,54.9,1,4,323,100.0,100.0,97.7,6,10,5,468,468,0,0,468,339,339,0,0,129,0
Jalen McKenzie,60817,T,USC,6,100.0,2,326,54.6,60.6,58.6,2,13,289,100.0,100.0,96.4,6,18,3,466,0,0,0,466,305,305,0,466,161,0
Christian Duffie,77484,T,KANSAS ST,9,100.0,0,199,53.3,55.7,54.8,2,9,197,100.0,100.0,96.2,3,13,2,466,0,0,226,466,208,208,0,239,258,0
JB Hunter,58509,T,ARMY,10,99.6,0,114,68.9,30.9,71.0,0,2,49,96.1,96.3,98.0,2,2,0,466,0,0,0,468,52,54,0,286,414,182
Matt Smith,41124,C,FRESNO ST,6,100.0,0,169,48.7,59.5,50.9,1,14,292,100.0,100.0,97.4,6,15,0,466,466,0,0,466,306,306,0,0,160,0
Alijah Vera-Tucker,57107,T,USC,6,100.0,0,326,81.8,84.2,76.3,2,2,289,100.0,100.0,97.9,2,8,4,466,0,0,466,466,305,305,0,0,161,0
Peyton Reeder,56549,G,ARMY,10,100.0,1,114,68.4,53.4,68.0,0,1,45,100.0,100.0,98.9,2,1,0,465,0,0,0,465,47,47,465,0,418,0
Dylan Powell,41118,G,INDIANA,8,100.0,0,190,58.6,58.0,56.4,2,8,230,100.0,100.0,97.8,0,10,0,464,0,306,0,464,250,250,158,0,214,0
Will Sherman,59662,T,COLORADO,6,100.0,0,143,72.9,75.1,67.8,2,0,198,100.0,100.0,98.5,1,4,2,464,0,0,457,464,210,210,0,0,254,7
Jake Stetz,58529,G,BOISE ST,7,100.0,0,120,75.4,79.0,74.2,0,4,253,100.0,100.0,99.2,0,4,0,463,0,0,0,463,265,265,462,0,198,0
Harry Miller,98280,G,OHIO STATE,7,100.0,1,260,53.5,40.0,55.9,1,5,223,100.0,100.0,98.2,5,7,1,463,69,370,0,463,240,240,24,0,223,0
Cooper Beebe,99434,T,KANSAS ST,9,100.0,0,199,64.2,64.6,61.3,3,5,212,100.0,100.0,96.7,1,11,3,463,0,89,0,463,226,226,0,373,237,0
Reuben Unije,81675,T,HOUSTON,7,100.0,2,182,69.7,73.6,63.0,3,9,264,100.0,100.0,97.7,3,12,0,463,0,0,463,463,272,272,0,0,191,0
Alec Jackson,56550,T,AUBURN,8,100.0,3,115,41.3,41.1,50.1,1,18,255,100.0,100.0,94.7,8,23,4,463,0,2,452,463,268,268,0,5,195,1
Nishad Strother,98057,T,E CAROLINA,7,100.0,1,156,53.2,46.1,53.8,2,12,249,100.0,100.0,96.8,3,15,1,462,0,0,391,462,268,268,44,27,194,0
Garrett Curran,81596,G,BOISE ST,7,99.8,0,120,66.7,66.1,69.1,3,7,253,100.0,100.0,97.2,2,12,2,462,0,462,0,463,265,265,0,0,197,0
Ty Clary,58490,G,ARKANSAS,8,100.0,0,111,71.7,62.6,74.7,0,4,226,100.0,100.0,98.2,2,6,2,461,76,0,0,461,243,243,384,0,218,0
Brayden Patton,40463,C,N ILLINOIS,6,100.0,0,254,74.0,74.6,74.5,0,2,239,100.0,100.0,99.2,4,3,1,460,460,0,0,460,261,261,0,0,199,0
Casey Roddick,81623,G,COLORADO,6,100.0,1,143,57.0,53.8,56.7,1,6,195,100.0,100.0,98.2,2,7,0,460,0,90,0,460,208,208,370,0,252,0
Sean Bailey,40720,G,E CAROLINA,9,100.0,0,156,46.8,61.0,44.1,1,7,220,100.0,100.0,97.7,3,9,1,458,0,107,0,458,239,239,350,0,219,0
Marquice Robinson,81639,T,FAU,8,99.6,0,165,52.2,46.5,53.1,4,10,209,99.1,99.1,96.2,0,15,1,458,0,0,448,460,215,217,0,0,243,11
Marques Cox,77518,T,N ILLINOIS,6,100.0,0,254,56.7,54.2,61.7,2,14,237,100.0,100.0,95.8,5,18,2,457,0,0,456,457,259,259,0,0,198,0
Andrew Coker,99459,T,TCU,8,100.0,0,305,57.8,60.0,61.8,1,11,210,100.0,100.0,95.2,9,16,4,456,0,0,0,456,223,223,0,455,233,1
Jacob Gall,55024,G,BUFFALO,7,100.0,0,126,90.5,86.9,89.4,2,0,156,100.0,100.0,99.4,1,2,0,454,0,363,11,454,168,168,80,0,286,0
Jake Fuzak,44882,T,BUFFALO,7,100.0,0,126,91.4,86.1,88.9,0,1,156,100.0,100.0,99.7,0,1,0,454,0,0,0,454,168,168,0,454,286,0
Mike Novitsky,77545,C,BUFFALO,7,100.0,0,126,88.3,69.1,86.5,2,1,156,100.0,100.0,99.0,1,3,0,454,454,0,0,454,168,168,0,0,286,0
Andrew Smith Jr.,81873,C,UAB,9,100.0,0,321,66.5,58.8,69.7,3,3,175,100.0,100.0,98.3,4,6,0,454,378,76,0,454,183,183,0,0,271,0
Brian Miller,56358,T,GA SOUTHRN,12,100.0,1,174,77.1,79.6,72.2,0,0,120,100.0,100.0,99.2,2,1,1,452,0,0,452,452,124,124,0,0,328,0
Logan Zschernitz,100262,G,N ILLINOIS,6,100.0,1,254,67.1,55.0,70.6,0,9,232,100.0,100.0,97.2,3,11,2,451,0,0,0,451,253,253,451,0,198,0
Quireo Woodley,59697,G,FRESNO ST,6,100.0,1,169,56.7,48.3,58.8,3,16,288,100.0,100.0,96.0,4,21,2,451,0,0,69,451,301,301,381,0,150,0
Kayode Awosika,44909,T,BUFFALO,7,100.0,0,126,91.3,77.5,90.4,0,0,156,100.0,100.0,99.4,1,1,1,450,0,0,439,450,168,168,0,0,282,11
Bailey Malovic,101041,T,E CAROLINA,8,100.0,1,156,43.8,40.9,50.8,1,15,225,100.0,100.0,95.1,4,19,3,450,0,0,0,450,248,248,0,450,202,0
Blake Bedier,99448,T,BAYLOR,8,100.0,2,118,52.4,60.0,49.2,5,20,287,100.0,100.0,94.6,4,28,3,449,0,0,0,449,302,302,0,447,147,1
Teven Jenkins,41534,T,OKLA STATE,7,100.0,1,262,92.0,76.3,93.6,2,2,197,100.0,100.0,99.0,4,4,0,448,0,0,32,448,211,211,0,416,237,0
Cameron Wire,82000,T,LSU,9,100.0,0,211,62.0,60.9,66.6,3,10,254,100.0,100.0,97.4,4,13,0,448,0,11,298,448,266,266,133,6,182,0
Michael Niese,108444,T,TEMPLE,6,100.0,0,306,74.3,72.9,72.8,1,3,231,100.0,100.0,98.3,1,6,2,448,0,66,0,448,241,241,0,382,207,0
Derek Smith,36229,T,C MICHIGAN,6,100.0,1,134,79.5,56.4,84.3,2,5,204,100.0,100.0,97.8,1,8,1,447,0,0,0,447,216,216,0,447,231,0
Jamezz Kimbrough,55052,C,C MICHIGAN,6,100.0,0,134,41.6,23.9,49.8,0,3,204,100.0,100.0,98.3,2,5,2,447,447,0,0,447,216,216,0,0,231,0
Andre Harris Jr.,58501,G,ARK STATE,7,100.0,0,113,72.4,72.5,71.5,2,4,247,100.0,100.0,98.4,0,7,1,446,0,446,0,446,259,259,0,0,187,0
Bernhard Raimann,77948,T,C MICHIGAN,6,99.8,0,134,75.1,78.0,70.9,1,4,204,100.0,99.5,98.8,1,5,0,446,0,0,446,447,215,216,0,0,231,0
Tyler Jernigan,81826,G,S ALABAMA,9,100.0,0,288,43.7,23.0,46.9,3,12,226,100.0,100.0,95.8,1,17,2,446,0,445,0,446,243,243,0,0,203,0
Cole Banwart,41557,G,IOWA,8,100.0,0,192,81.4,83.5,80.6,1,2,214,100.0,100.0,99.3,1,3,0,446,0,15,0,446,225,225,430,0,221,0
Matt Carrick,57101,G,MICH STATE,7,100.0,0,223,62.2,63.8,66.5,1,6,233,100.0,100.0,98.1,5,8,1,445,0,0,0,445,243,243,445,0,202,0
Dennis Bardwell,59720,T,HOUSTON,6,100.0,0,182,66.0,77.6,57.1,1,7,230,100.0,100.0,98.3,1,8,0,443,0,0,1,443,248,248,0,442,195,0
Darta Lee,81911,T,UTEP,7,100.0,0,330,59.8,54.8,62.5,3,8,208,100.0,100.0,96.4,3,13,2,443,0,0,443,443,226,226,0,0,217,0
Tykeem Doss,121454,G,SO MISS,10,99.8,0,296,66.7,60.7,67.7,3,5,195,99.5,99.5,96.9,1,10,2,443,0,419,1,444,202,203,0,0,241,23
Alex Forsyth,60012,C,OREGON,7,100.0,0,264,74.2,78.2,69.8,1,2,222,100.0,100.0,98.9,0,4,1,440,440,0,0,440,231,231,0,0,209,0
Josh Ball,40733,T,MARSHALL,8,100.0,0,214,76.7,73.3,75.7,0,4,206,100.0,100.0,99.0,2,4,0,440,0,0,439,440,217,217,0,0,223,0
Cam Jurgens,84014,C,NEBRASKA,7,100.0,0,238,42.7,53.2,41.6,0,6,198,100.0,100.0,98.0,2,7,1,440,440,0,0,440,202,202,0,0,238,0
Nolan Potter,77521,T,N ILLINOIS,6,100.0,0,254,55.4,51.1,59.0,4,8,236,100.0,100.0,97.0,3,13,1,439,0,0,0,439,256,256,0,438,183,0
Marcellus Johnson,77529,T,E MICHIGAN,6,100.0,1,160,66.7,71.3,62.7,1,4,235,100.0,100.0,98.5,1,6,1,439,0,0,437,439,249,249,0,1,190,0
John Lanz,76563,G,TCU,8,100.0,0,305,61.7,67.6,61.0,1,4,194,100.0,100.0,98.7,2,5,0,438,0,438,0,438,205,205,0,0,233,0
Walter Rouse,100564,T,STANFORD,6,100.0,0,300,65.7,71.3,63.9,2,3,242,100.0,100.0,98.6,3,6,1,438,0,0,437,438,259,259,0,0,179,0
Tyler Long,77509,G,TOLEDO,6,100.0,0,316,56.3,56.3,55.0,3,10,239,100.0,100.0,97.3,1,13,0,438,0,91,0,438,252,252,347,0,186,0
Jon Dietzen,38654,G,WISCONSIN,7,100.0,1,349,73.7,78.4,72.2,1,3,206,100.0,100.0,99.0,2,4,0,437,0,274,94,437,215,215,69,0,222,0
Drew Dalman,52270,C,STANFORD,6,100.0,0,300,86.9,68.6,90.1,0,5,242,100.0,100.0,99.0,1,5,0,437,437,0,0,437,258,258,0,0,179,0
Foster Sarell,52272,T,STANFORD,6,100.0,0,300,65.8,63.9,65.1,1,6,242,100.0,100.0,98.1,1,8,1,437,0,0,0,437,258,258,0,437,179,0
Mackenzie Nworah,40808,G,INDIANA,8,100.0,0,190,54.0,35.2,57.9,1,14,217,100.0,100.0,96.5,2,15,0,436,0,0,0,436,236,236,436,0,200,0
Jakai Moore,99041,T,S CAROLINA,8,100.0,0,289,65.6,30.3,79.7,5,14,232,100.0,100.0,94.6,1,22,3,435,0,2,246,435,239,239,0,187,196,0
Paul Grattan Jr.,41791,G,UCLA,7,100.0,0,324,63.9,51.2,66.1,2,6,190,100.0,100.0,97.4,1,9,1,434,0,434,0,434,202,202,0,0,232,0
Brian Dooley,77531,T,E MICHIGAN,6,99.8,0,160,55.9,33.3,63.4,1,7,231,99.6,99.6,96.5,0,12,4,433,0,0,1,434,245,246,0,433,188,0
Doug Nester,98486,G,VA TECH,9,100.0,0,337,73.8,81.3,70.4,3,1,162,100.0,100.0,98.8,2,4,0,433,0,0,0,433,180,180,347,86,253,0
Demetris Harris,52295,G,USF,6,100.0,0,327,61.1,87.0,51.6,1,1,250,100.0,100.0,99.6,1,2,0,432,0,432,0,432,260,260,0,0,172,0
Julio Garcia,28977,G,UNLV,6,100.0,0,325,70.4,67.2,72.1,1,8,260,100.0,100.0,97.1,1,12,3,432,0,0,0,432,267,267,432,0,165,0
Tyler Beach,60252,T,WISCONSIN,7,100.0,0,349,77.1,70.5,76.7,1,2,202,100.0,100.0,98.8,2,4,1,432,0,0,0,432,213,213,0,432,219,0
Liam Jimmons,44413,G,USC,6,100.0,0,326,59.6,68.6,53.6,1,8,265,100.0,100.0,97.9,1,10,1,432,0,0,0,432,281,281,432,0,151,0
Justice Oluwaseun,60179,T,UNLV,6,100.0,0,325,78.9,79.4,76.8,1,6,260,100.0,100.0,97.9,5,9,2,432,0,0,0,432,267,267,0,432,165,0
Graham Barton,122367,C,DUKE,6,100.0,0,154,61.9,61.3,63.7,4,5,222,100.0,100.0,98.0,5,9,0,430,430,0,0,430,238,238,0,0,192,0
Sidy Sow,59675,G,E MICHIGAN,6,100.0,0,160,75.6,79.8,76.6,2,2,232,100.0,100.0,98.7,3,5,1,429,0,429,0,429,241,241,0,0,188,0
Trey Tuggle,123236,T,TULANE,11,100.0,1,319,54.4,45.4,59.7,2,15,187,100.0,100.0,93.9,5,20,3,428,0,0,0,428,199,199,0,428,229,0
Zac Thomas,39989,QB,APP STATE,12,51.0,0,108,74.3,,60.0,0,0,0,0.0,0.0,,2,0,0,427,0,0,0,838,0,376,0,0,427,0
Vincent Picozzi,40641,G,TEMPLE,6,100.0,0,306,64.5,88.7,55.0,0,1,222,100.0,100.0,99.8,1,1,0,426,0,52,119,426,234,234,255,0,192,0
Will Taylor,55550,C,DUKE,6,100.0,0,154,73.8,71.9,71.3,1,7,234,100.0,100.0,98.3,0,8,0,426,426,0,0,426,244,244,0,0,182,0
Grant Hermanns,40648,T,PURDUE,6,100.0,0,273,65.8,60.5,68.3,1,11,279,100.0,100.0,97.1,1,14,2,425,0,0,425,425,298,298,0,0,127,0
Donavaughn Campbell,41763,T,LA TECH,6,100.0,1,208,51.7,43.8,58.2,9,12,256,100.0,100.0,95.1,3,23,2,425,0,0,425,425,274,274,0,0,151,0
Logan Bruss,60251,G,WISCONSIN,6,100.0,0,349,72.9,79.8,69.6,0,4,205,100.0,100.0,99.0,0,4,0,425,0,0,0,425,212,212,352,69,213,4
Joshua Blanchard,101032,T,USF,9,100.0,1,327,61.9,56.2,63.3,2,7,226,100.0,100.0,97.1,2,11,2,424,0,0,70,424,235,235,0,354,189,0
Mike Van Hoeven,41296,C,E MICHIGAN,6,100.0,1,160,61.6,72.7,57.3,1,1,226,100.0,100.0,99.1,1,3,1,422,422,0,0,422,240,240,0,0,182,0
John Michael Schmitz Jr.,55238,C,MINNESOTA,6,100.0,1,225,82.9,62.5,84.8,2,4,174,100.0,100.0,98.3,3,6,0,422,422,0,0,422,182,182,0,0,240,0
Devontay Love-Taylor,44392,T,FLORIDA ST,7,100.0,1,167,72.9,84.0,71.1,2,4,228,100.0,100.0,97.8,4,8,2,421,0,0,247,421,240,240,51,122,181,1
T.J. Storment,41643,T,TCU,8,100.0,0,305,69.4,81.0,67.2,1,5,183,100.0,100.0,97.3,4,8,2,420,0,0,402,420,192,192,0,10,228,7
Caleb Rogers,123157,T,TEXAS TECH,9,100.0,0,315,50.1,48.1,52.8,2,10,239,100.0,100.0,96.7,3,14,2,419,0,0,362,419,247,247,0,55,172,2
Tyler Stevens,52263,G,S JOSE ST,6,100.0,0,285,58.4,47.2,59.3,2,6,230,100.0,100.0,98.3,2,8,0,417,0,0,0,417,243,243,417,0,174,0
Bryan Felter,129877,G,RUTGERS,7,100.0,0,278,51.7,62.4,47.8,4,6,212,100.0,100.0,97.6,1,10,0,417,0,105,0,417,220,220,312,0,197,0
Andrew Vorhees,60818,G,USC,5,100.0,1,326,71.4,76.3,69.2,2,7,252,100.0,100.0,97.8,1,10,1,415,0,415,0,415,268,268,0,0,147,0
Caedan Wallace,98427,T,PENN STATE,9,100.0,0,266,68.3,67.2,65.1,1,6,199,100.0,100.0,97.2,0,9,2,415,0,0,0,415,208,208,0,415,207,0
Chris Cameron,83940,TE,ARMY,12,96.7,1,114,86.2,77.8,80.5,0,0,8,38.1,36.4,100.0,1,0,0,414,0,0,151,428,8,22,0,146,406,70
Dalton Wagner,58493,T,ARKANSAS,7,100.0,0,111,62.7,69.2,61.8,3,5,212,100.0,100.0,97.2,3,10,2,413,0,0,0,413,225,225,0,412,188,1
Xavier Delgado,81746,G,MISSOURI,8,100.0,0,229,51.3,41.6,52.3,4,7,223,100.0,100.0,97.5,1,11,0,412,0,412,0,412,231,231,0,0,181,0
Isaac Moore,77495,T,TEMPLE,7,100.0,0,306,65.5,65.2,63.8,1,6,208,100.0,100.0,97.4,2,9,2,411,0,0,411,411,214,214,0,0,197,0
Nick Samac,101570,C,MICH STATE,7,100.0,0,223,63.7,74.3,59.6,1,7,215,100.0,100.0,98.1,1,8,0,410,410,0,0,410,224,224,0,0,186,0
John Ojukwu,58530,T,BOISE ST,7,100.0,0,120,69.3,72.2,63.5,4,4,230,100.0,100.0,98.3,1,8,0,410,0,0,409,410,241,241,0,0,169,0
Frank Crum,75860,T,WYOMING,6,100.0,1,351,63.6,59.0,65.1,1,8,156,100.0,100.0,97.1,3,9,0,409,0,0,0,409,163,163,0,409,246,0
Eric Abojei,60824,G,WYOMING,6,100.0,0,351,52.0,37.0,54.9,2,7,156,100.0,100.0,93.9,2,14,5,409,0,409,0,409,163,163,0,0,246,0
Keegan Cryder,57110,C,WYOMING,6,100.0,0,351,67.7,42.3,70.0,2,6,156,100.0,100.0,96.8,0,9,1,409,409,0,0,409,163,163,0,0,246,0
Branson Bragg,98251,G,STANFORD,6,100.0,0,300,68.5,51.9,72.4,2,9,222,100.0,100.0,97.5,0,11,0,408,0,0,0,408,233,233,407,0,175,0
Carlos Rubio,59799,T,LA LAFAYET,10,100.0,0,207,72.0,66.2,73.3,5,4,178,100.0,100.0,97.5,2,9,0,408,0,0,202,408,189,189,0,199,219,7
Bryce Texeira,77388,G,NAVY,9,100.0,2,237,55.4,10.9,62.4,1,7,103,100.0,100.0,96.1,3,8,0,407,0,355,0,407,111,111,52,0,296,0
Anderson Hardy,81549,T,APP STATE,11,99.8,0,108,66.9,61.4,70.0,1,4,164,99.4,99.4,97.3,3,7,2,406,0,1,382,407,173,174,0,0,233,24
Jack Freeman,77435,C,HOUSTON,7,100.0,1,182,56.8,39.1,68.3,4,7,235,100.0,100.0,96.4,6,14,3,405,405,0,0,405,243,243,0,0,162,0
Jacobi Lott,77480,G,KANSAS,7,100.0,1,198,43.1,36.0,45.1,2,9,233,100.0,100.0,96.4,4,14,3,405,0,405,0,405,243,243,0,0,162,0
Thomas Hennigan,61125,WR,APP STATE,12,56.6,1,108,71.7,62.1,64.7,0,0,1,0.3,0.3,100.0,1,0,0,405,0,0,0,716,1,312,0,0,404,0
Jake Renfro,123577,C,CINCINNATI,7,100.0,0,138,52.4,66.2,55.0,1,4,202,100.0,100.0,97.8,7,7,2,404,404,0,0,404,212,212,0,0,192,0
Ashton Gist,122182,G,CHARLOTTE,6,100.0,0,136,60.0,59.2,58.3,2,5,195,100.0,100.0,98.2,0,7,0,402,0,0,0,402,209,209,402,0,193,0
Austin Myers,40815,T,TCU,6,100.0,3,305,48.3,41.5,56.5,3,9,203,100.0,100.0,95.6,9,15,3,402,0,3,266,402,220,220,132,0,182,1
Max Banes,77433,G,HOUSTON,8,100.0,0,182,66.3,68.2,68.6,0,10,214,100.0,100.0,97.7,4,10,0,401,0,24,0,401,227,227,377,0,174,0
Bradley Ashmore,124344,T,VANDERBILT,8,100.0,0,333,62.5,54.6,63.5,1,13,208,100.0,100.0,95.7,0,16,2,401,0,0,17,401,221,221,0,384,180,0
Wanya Morris,98247,T,TENNESSEE,9,100.0,0,307,65.0,53.1,70.1,2,7,185,100.0,100.0,96.5,3,11,2,398,0,3,357,398,195,195,1,7,203,30
Jaylon Moore,43678,T,W MICHIGAN,6,100.0,0,347,77.5,73.8,75.8,2,1,171,100.0,100.0,97.4,3,6,3,397,0,0,397,397,188,188,0,0,209,0
Wesley French,29608,C,W MICHIGAN,6,100.0,3,347,61.5,70.6,61.0,0,1,171,100.0,100.0,99.7,6,1,0,397,397,0,0,397,188,188,0,0,209,0
Austin Dotson,60804,G,KENTUCKY,11,100.0,0,202,70.1,48.9,78.2,2,6,169,100.0,100.0,95.9,4,11,3,397,0,0,0,397,183,183,394,2,214,0
Mike Caliendo,41446,G,W MICHIGAN,6,100.0,0,347,80.4,77.5,80.1,0,2,171,100.0,100.0,99.4,1,2,0,397,0,397,0,397,188,188,0,0,209,0
Mark Brooks,41609,T,W MICHIGAN,6,100.0,0,347,81.9,77.7,78.0,1,2,171,100.0,100.0,98.5,0,4,1,397,0,0,0,397,188,188,0,397,209,0
Spencer Holstege,101600,G,PURDUE,6,100.0,0,273,63.3,77.4,57.0,2,7,259,100.0,100.0,97.9,2,10,1,396,0,396,0,396,276,276,0,0,120,0
Ethan Carde,123135,T,TEXAS TECH,10,99.7,0,315,49.3,34.0,58.9,3,11,241,99.6,99.6,96.7,4,15,1,394,0,0,390,395,253,254,0,0,141,5
Nick Crabtree,42246,T,BOISE ST,6,100.0,1,120,42.0,29.7,52.5,6,18,219,100.0,100.0,94.1,3,25,1,393,0,0,0,393,230,230,0,389,163,3
Garrett Walston,42000,TE,N CAROLINA,12,56.9,0,245,63.8,53.6,65.7,0,3,72,20.3,21.2,96.5,0,4,1,393,0,0,1,691,80,378,0,0,313,462
Kameron Jones,81739,T,MISS STATE,6,100.0,0,227,54.6,61.5,52.0,3,15,292,100.0,100.0,95.5,5,22,4,393,0,0,0,393,303,303,0,393,90,0
Chuck Filiaga,59858,G,MICHIGAN,6,100.0,1,222,60.3,53.6,60.2,1,7,230,100.0,100.0,98.3,4,8,0,392,0,345,0,392,241,241,47,0,151,0
Andrew Stueber,59856,T,MICHIGAN,6,100.0,0,222,68.6,80.8,60.2,0,6,231,100.0,100.0,98.7,0,6,0,392,0,0,0,392,241,241,138,254,151,0
Dylan Deatherage,60242,G,W MICHIGAN,6,100.0,0,347,66.0,75.9,62.5,0,3,170,100.0,100.0,98.5,1,4,1,392,0,0,0,392,186,186,392,0,206,0
J.D. Duplain,101572,G,MICH STATE,7,100.0,0,223,65.5,73.4,63.3,3,9,202,100.0,100.0,97.0,3,12,0,391,0,391,0,391,212,212,0,0,179,0
Isaak Gutierrez,128263,G,NEW MEXICO,7,100.0,0,241,63.9,77.9,59.3,1,3,184,100.0,100.0,98.9,1,4,0,389,7,0,0,389,191,191,382,0,198,0
Api Mane,77477,C,KANSAS,6,100.0,0,198,51.5,39.4,59.9,1,8,222,100.0,100.0,97.1,4,11,2,388,374,14,0,388,232,232,0,0,156,0
Trey Simpson,81836,G,S ALABAMA,7,100.0,0,288,57.1,69.1,51.4,0,7,213,100.0,100.0,98.4,0,7,0,386,0,0,0,386,223,223,386,0,163,0
Austin Troxell,58516,T,AUBURN,8,100.0,0,115,48.2,36.4,55.0,1,15,205,100.0,100.0,95.6,1,17,1,386,0,0,316,386,221,221,0,66,165,3
T.J. Bass,131703,G,OREGON,7,100.0,0,264,66.0,60.6,67.1,1,5,193,100.0,100.0,98.4,3,6,0,386,0,386,0,386,202,202,0,0,184,0
Joshua Simon,98358,TE,W KENTUCKY,12,53.8,0,346,60.1,66.7,53.6,0,5,78,19.5,19.9,95.5,0,6,1,385,0,0,0,715,82,412,0,0,303,448
Luke Doerger,41758,G,TOLEDO,6,100.0,0,316,66.7,68.4,64.8,4,9,212,100.0,100.0,96.0,0,15,2,385,8,339,0,385,224,224,38,0,161,0
Logan Carter,42205,TE,OKLA STATE,11,71.5,0,262,68.3,70.3,81.5,0,3,69,32.5,32.0,97.8,1,3,0,383,0,0,0,536,72,225,0,0,311,273
Jovani Haskins,41005,TE,RUTGERS,9,75.4,1,278,54.3,59.0,56.0,2,0,122,50.4,52.3,98.4,2,3,1,383,0,0,0,508,137,262,0,4,246,449
Axel Ruschmeyer,55236,G,MINNESOTA,6,100.0,0,225,63.9,46.7,66.7,0,1,158,100.0,100.0,97.8,2,4,3,382,0,373,0,382,165,165,9,0,217,0
Joe Bissinger,99648,G,VIRGINIA,8,100.0,0,335,58.4,76.8,51.5,0,4,216,100.0,100.0,99.1,1,4,0,382,0,369,2,382,230,230,11,0,152,0
Leroy Watson,98723,TE,UTSA,12,66.5,0,331,64.2,62.8,70.1,0,4,70,27.9,28.5,97.1,3,4,0,380,0,0,0,571,76,267,0,0,304,486
Jack Klenk,45097,G,BUFFALO,7,100.0,0,126,81.9,76.1,85.0,0,0,129,100.0,100.0,100.0,5,0,0,380,6,0,0,380,139,139,374,0,241,0
Samuel Williams,39843,T,LA MONROE,8,100.0,1,209,56.5,63.4,51.8,1,10,258,100.0,100.0,97.1,3,13,2,378,0,0,0,378,268,268,0,378,110,0
Coy McMillon,60106,C,TCU,10,100.0,0,305,69.7,72.4,70.3,2,5,167,100.0,100.0,97.9,3,7,0,378,266,8,0,378,178,178,104,0,200,0
Jon Gaines II,81879,G,UCLA,7,100.0,0,324,68.7,51.2,70.4,1,3,157,100.0,100.0,98.7,0,4,0,378,62,0,0,378,169,169,316,0,209,0
Dillon Reinkensmeyer,39838,G,VIRGINIA,7,100.0,0,335,69.6,74.0,69.0,2,2,225,100.0,100.0,99.1,1,4,0,376,0,375,0,376,240,240,0,0,136,0
Cody Rudy,43508,TE,BALL ST,8,67.4,0,117,64.1,60.0,73.6,0,2,75,30.1,30.9,98.7,0,2,0,375,0,0,0,556,81,262,0,0,294,491
Dustyn Hall,101036,G,USF,8,100.0,0,327,50.9,60.5,47.4,1,4,210,100.0,100.0,98.3,1,6,1,375,117,108,0,375,217,217,146,0,158,4
Micah Vanterpool,52075,T,HAWAII,9,100.0,0,180,64.9,67.1,66.2,5,7,214,100.0,100.0,96.3,4,14,2,374,0,0,293,374,227,227,0,61,147,19
Blake Lodes,81710,T,LA MONROE,10,100.0,0,209,66.9,62.9,65.9,4,7,237,100.0,100.0,96.8,0,13,2,374,0,0,373,374,246,246,0,0,128,1
Xavior Gray,100263,T,AKRON,6,100.0,0,102,39.1,10.0,58.7,4,12,197,100.0,100.0,92.4,2,23,7,373,0,1,372,373,208,208,0,0,165,0
Jordan Daniels,100260,G,AKRON,6,100.0,0,102,47.0,26.3,51.3,2,14,197,100.0,100.0,95.9,1,16,0,373,0,0,0,373,208,208,373,0,165,0
D'Mitri Emmanuel,59657,T,CHARLOTTE,6,98.9,0,136,58.0,76.1,53.4,0,4,179,98.4,98.0,97.2,1,7,3,373,0,0,341,377,192,196,0,0,181,34
Ryan Beckman,100252,G,AKRON,6,100.0,1,102,52.4,39.4,55.1,2,6,197,100.0,100.0,95.9,3,12,4,373,27,345,0,373,208,208,0,0,165,1
Ilm Manning,75852,T,HAWAII,7,100.0,2,180,60.8,53.2,66.4,4,9,214,100.0,100.0,95.6,4,16,3,372,0,0,372,372,222,222,0,0,150,0
Adagio Lopeti,77482,G,KANSAS,7,100.0,0,198,44.7,46.2,45.2,0,11,205,100.0,100.0,96.3,2,13,2,372,110,53,0,372,215,215,103,104,157,2
Jordan Palmer,121816,C,MIDDLE TN,6,100.0,0,224,47.4,34.5,54.1,2,9,216,100.0,100.0,97.0,2,12,1,372,372,0,0,372,231,231,0,0,141,0
Demytrick Ali'ifua,41289,G,UTAH ST,6,100.0,0,329,54.1,67.7,49.0,0,2,209,100.0,100.0,98.6,2,4,2,371,128,243,0,371,217,217,0,0,154,0
Karter Shaw,81898,G,UTAH ST,6,100.0,0,329,67.2,73.8,65.7,3,3,209,100.0,100.0,98.6,2,6,0,371,0,0,0,371,217,217,371,0,154,0
Ed Montilus,77353,G,N CAROLINA,9,100.0,0,245,56.5,43.0,58.9,0,8,187,100.0,100.0,96.3,3,11,3,371,0,371,0,371,200,200,0,0,171,0
Zuri Henry,81907,T,UTEP,7,100.0,0,330,55.4,48.8,61.4,2,10,158,100.0,100.0,96.2,6,12,0,369,0,0,103,369,175,175,0,263,194,3
Jakoby Jones,100794,G,UAB,9,98.9,1,321,77.6,69.9,84.4,0,2,128,97.7,97.1,99.2,6,2,0,368,0,317,0,372,136,140,0,0,232,55
Owen Murphy,100258,T,AKRON,6,100.0,0,102,37.9,6.3,58.8,2,14,191,100.0,100.0,93.7,2,20,4,367,0,0,0,367,202,202,0,367,165,0
William Dunkle,81815,G,S DIEGO ST,5,100.0,1,284,88.7,69.7,90.4,0,2,142,100.0,100.0,99.3,3,2,0,367,0,0,0,367,148,148,365,0,219,0
Kekaniokoa Holomalia-Gonzalez,81593,C,BOISE ST,6,100.0,0,120,42.1,38.6,42.7,1,12,199,100.0,100.0,96.2,1,14,1,366,366,0,0,366,208,208,0,0,158,0
Brett Neilon,55555,C,USC,5,100.0,0,326,63.3,65.5,61.7,2,7,230,100.0,100.0,97.6,2,10,1,366,366,0,0,366,240,240,0,0,126,0
Cam Brown,57052,TE,GA SOUTHRN,10,89.3,0,174,51.4,61.0,45.7,2,1,30,42.3,40.5,95.0,0,3,0,366,0,0,0,410,30,74,0,0,336,181
Justin Chase,40005,T,E CAROLINA,8,100.0,1,156,57.0,47.1,61.9,2,7,166,100.0,100.0,94.9,3,13,4,364,0,0,130,364,177,177,30,203,187,0
George Moore,60013,T,OREGON,7,100.0,2,264,56.4,52.4,61.6,2,13,184,100.0,100.0,95.9,4,15,0,363,0,0,205,363,192,192,0,158,171,0
Jaylon Robinson,78085,WR,UCF,10,43.6,0,323,64.9,,61.8,0,0,0,0.0,0.0,,5,0,0,363,0,0,0,833,0,470,0,0,363,2
Tyden Ferris,77381,G,C MICHIGAN,6,100.0,0,134,63.3,72.0,59.8,1,4,165,100.0,100.0,98.5,1,5,0,363,0,75,0,363,176,176,288,0,187,0
Sam Pinckney,84197,WR,GA STATE,10,54.7,0,175,78.7,,66.8,0,0,0,0.0,0.0,,3,0,0,363,0,0,0,664,0,301,0,0,363,0
Latrell Bible,98236,T,WYOMING,6,100.0,2,351,60.1,51.0,61.9,0,8,126,100.0,100.0,95.2,3,10,2,361,0,0,361,361,132,132,0,0,229,0
Ryan Walk,60011,G,OREGON,7,100.0,0,264,70.1,67.6,69.6,3,6,184,100.0,100.0,97.6,1,9,0,361,0,54,0,361,188,188,307,0,173,0
Robert Congel,60119,G,ARIZONA,5,100.0,0,109,56.7,59.2,54.8,0,8,214,100.0,100.0,97.7,1,9,1,361,0,0,0,361,224,224,360,0,137,0
Joseph Hooper,101038,G,TEMPLE,6,100.0,0,306,67.9,79.5,63.6,1,1,192,100.0,100.0,98.4,0,4,2,360,0,360,0,360,202,202,0,0,158,0
Malaesala Aumavae-Laulu,100528,T,OREGON,6,100.0,1,264,69.0,62.3,70.7,1,5,182,100.0,100.0,97.8,1,7,1,360,0,0,0,360,190,190,125,235,170,0
Sataoa Laumea,100525,G,UTAH,5,100.0,1,328,59.9,52.3,60.0,2,11,185,100.0,100.0,96.5,1,13,0,360,0,0,0,360,194,194,360,0,166,0
Hunter Long,60859,TE,BOSTON COL,11,46.1,1,121,83.3,54.9,70.6,2,6,51,11.5,11.0,92.2,2,8,0,359,0,0,1,779,52,472,0,0,307,559
Nick Ford,60183,C,UTAH,5,100.0,0,328,65.3,22.2,79.0,1,7,184,100.0,100.0,97.8,1,8,0,359,294,0,65,359,193,193,0,0,166,0
Ethan Miner,98068,C,ARK STATE,11,100.0,1,113,59.1,46.7,63.5,4,4,217,100.0,100.0,97.7,2,9,1,359,357,0,0,359,229,229,0,0,130,2
Cole Van Lanen,41583,T,WISCONSIN,5,100.0,1,349,81.6,70.9,82.2,0,2,175,100.0,100.0,98.9,2,3,1,358,0,0,358,358,181,181,0,0,177,0
Darion Anderson,40989,WR,GA SOUTHRN,12,67.9,0,174,60.4,,68.7,0,0,0,0.0,0.0,,1,0,0,358,0,0,0,527,0,168,0,0,358,0
Shea Baker,52215,G,RICE,5,100.0,0,275,64.0,45.9,67.9,2,8,162,100.0,100.0,96.3,1,11,1,358,9,0,0,358,169,169,349,0,189,0
Jalen Wydermyer,99185,TE,TEXAS A&M,10,53.5,0,312,84.4,68.5,70.2,0,1,17,5.4,5.5,97.1,4,1,0,358,0,0,0,669,18,329,0,0,340,490
Kenny Yeboah,42196,TE,OLE MISS,8,56.8,0,226,62.1,60.4,48.5,1,2,55,18.0,17.6,97.3,4,3,0,357,0,0,1,629,58,330,0,0,299,298
Jovaun Woolford,36479,T,RICE,5,100.0,2,275,45.5,47.6,46.0,0,11,162,100.0,100.0,95.4,2,13,2,356,0,1,4,356,169,169,1,349,187,1
Kenneth Horsey,81696,G,KENTUCKY,8,100.0,1,202,59.5,58.6,57.9,2,6,140,100.0,100.0,97.1,1,8,0,356,0,353,3,356,152,152,0,0,204,0
Jelani Woods,60509,TE,OKLA STATE,10,70.2,0,262,61.8,58.0,72.6,0,2,65,31.7,31.5,96.9,2,3,1,356,0,0,0,507,69,219,0,0,287,273
Justin Witt,41782,T,NC STATE,9,100.0,0,248,67.2,57.1,68.8,2,10,180,100.0,100.0,94.4,0,16,4,355,0,0,0,355,188,188,0,355,167,0
Isaac Klarkowski,97949,C,RICE,5,100.0,0,275,52.2,48.2,52.3,2,5,162,100.0,100.0,96.6,0,9,2,355,349,3,0,355,169,169,3,0,186,0
Shai Werts,40384,QB,GA SOUTHRN,11,54.5,0,174,68.3,,60.1,0,0,0,0.0,0.0,,0,0,0,355,0,0,0,651,0,175,0,0,355,0
Jon Jacobs,45394,T,CHARLOTTE,6,100.0,0,136,61.5,69.6,59.0,2,5,176,100.0,100.0,97.4,2,8,1,355,0,0,74,355,189,189,0,281,166,0
Joey Ramos,77474,T,IOWA STATE,8,100.0,1,193,58.0,48.4,62.1,0,17,168,100.0,100.0,94.3,2,18,1,354,0,0,0,354,182,182,0,354,172,0
Nous Keobounnam,41631,G,OREGON ST,5,100.0,0,265,63.4,65.8,62.7,1,6,173,100.0,100.0,98.0,1,7,0,353,0,0,0,353,182,182,353,0,171,0
Hayden Pittman,61045,TE,UAB,9,70.6,0,321,71.4,68.7,64.7,2,1,60,29.9,31.3,97.5,2,3,0,353,0,0,0,500,67,214,0,0,286,299
Clay Servin,75871,T,RICE,5,100.0,0,275,55.4,61.0,50.8,0,6,162,100.0,100.0,96.3,1,9,3,352,0,0,350,352,169,169,0,1,183,1
Tayvion Robinson,99693,WR,VA TECH,11,53.0,0,337,70.8,,48.2,0,0,0,0.0,0.0,,0,0,0,352,0,0,0,664,0,308,0,0,352,0
Dillon Gabriel,86272,QB,UCF,10,40.4,0,323,90.9,,60.3,0,0,0,0.0,0.0,,1,0,0,352,0,0,0,872,0,483,0,0,352,0
Jake Donnellon,41670,G,E MICHIGAN,5,100.0,0,160,66.3,60.7,63.5,1,2,184,100.0,100.0,99.2,1,3,0,351,0,0,0,351,195,195,351,0,156,0
Brandon Council,41433,G,AUBURN,5,100.0,1,115,56.9,79.8,54.6,0,2,190,100.0,100.0,99.5,4,2,0,351,0,100,0,351,200,200,235,9,151,7
Brock Purdy,77672,QB,IOWA STATE,12,41.9,0,193,78.9,,60.0,0,0,0,0.0,0.0,,1,0,0,350,0,0,0,835,0,437,0,0,350,0
Henry Pearson,83930,TE,APP STATE,9,69.8,0,108,67.8,45.2,70.9,0,4,58,28.4,28.1,93.1,1,6,2,349,0,0,1,500,59,210,0,1,290,260
Gerquan Scott,100792,G,SO MISS,10,100.0,0,296,53.6,49.3,53.8,3,6,150,100.0,100.0,95.7,1,11,2,348,0,13,0,348,157,157,322,11,191,0
Louis Smith,98580,C,SO MISS,7,100.0,0,296,66.2,68.9,64.4,2,7,163,100.0,100.0,97.2,1,9,0,348,348,0,0,348,168,168,0,0,180,0
Darius Washington,99679,T,FLORIDA ST,7,100.0,1,167,61.3,60.2,63.0,2,10,207,100.0,100.0,95.2,3,16,4,347,0,0,344,347,216,216,3,0,131,0
Dylan Soehner,42375,TE,IOWA STATE,11,70.1,0,193,73.1,67.7,79.5,0,3,49,26.3,25.6,96.9,3,3,0,347,0,0,0,495,51,199,0,0,296,308
Mac Jones,60323,QB,ALABAMA,13,42.5,0,103,95.8,,60.1,0,0,0,0.0,0.0,,3,0,0,347,0,0,0,817,0,453,0,0,347,0
Bryce Petersen,77557,C,AKRON,6,100.0,1,102,55.3,49.6,57.0,0,6,179,100.0,100.0,98.3,2,6,0,346,346,0,0,346,189,189,0,0,157,0
Simi Moala,81892,T,UTAH,5,100.0,0,328,60.7,57.5,63.5,2,11,178,100.0,100.0,94.7,3,16,3,346,0,0,295,346,187,187,0,51,159,0
Antawn Lewis,100782,T,LA TECH,5,100.0,0,208,44.2,35.4,51.2,3,16,208,100.0,100.0,95.0,1,20,1,345,0,0,0,345,221,221,0,345,124,0
Paiton Fears,98700,T,ARIZONA,5,100.0,0,109,52.9,58.2,51.6,4,12,201,100.0,100.0,94.5,2,19,3,345,0,0,0,345,211,211,0,344,134,0
Ian Book,40216,QB,NOTRE DAME,12,40.4,0,258,78.5,,60.1,0,0,0,0.0,0.0,,1,0,0,344,0,0,0,852,0,463,0,0,344,0
Donovan Laie,81553,G,ARIZONA,5,100.0,1,109,66.7,64.4,65.6,1,5,201,100.0,100.0,98.0,2,7,1,344,0,222,122,344,212,212,0,0,132,0
Levi Lewis,60428,QB,LA LAFAYET,11,47.4,0,207,79.0,,60.2,0,0,0,0.0,0.0,,4,0,0,344,0,0,0,725,0,347,0,0,344,0
Parker Ferguson,81537,T,AIR FORCE,6,100.0,0,101,80.5,86.3,76.3,0,0,70,100.0,100.0,100.0,3,0,0,343,0,0,324,343,73,73,0,18,270,0
Sam Howell,97599,QB,N CAROLINA,12,41.6,0,245,92.3,,60.0,0,0,0,0.0,0.0,,1,0,0,341,0,0,0,819,0,449,0,0,341,0
Joshua Cephus,98095,WR,UTSA,12,47.4,0,331,72.8,,65.5,0,0,0,0.0,0.0,,4,0,0,341,0,0,0,719,0,377,0,0,341,4
Jaivon Heiligh,84159,WR,COAST CAR,12,53.2,0,141,88.8,,72.7,0,0,0,0.0,0.0,,1,0,0,341,0,0,0,641,0,300,0,0,341,5
John Hughes,99420,T,W VIRGINIA,6,100.0,0,343,62.8,61.2,62.6,2,8,188,100.0,100.0,96.8,2,11,1,340,0,0,0,340,199,199,0,339,141,0
KT Leveston,77487,T,KANSAS ST,10,100.0,2,199,32.2,33.0,36.5,3,7,137,100.0,100.0,95.6,7,11,1,340,0,16,324,340,149,149,0,0,191,0
Jesse Chamberlain,52243,G,S JOSE ST,6,100.0,1,285,60.2,68.1,62.5,1,3,196,100.0,100.0,98.0,5,6,2,340,0,340,0,340,210,210,0,0,130,0
Miller Forristall,47378,TE,ALABAMA,12,54.0,0,103,55.5,58.9,49.1,0,2,53,16.3,16.0,98.1,3,2,0,339,0,0,0,628,55,343,0,0,284,452
Hadon Merchant,60056,G,S ALABAMA,7,100.0,0,288,50.1,56.7,48.3,0,5,188,100.0,100.0,98.7,3,5,0,337,0,337,0,337,195,195,0,0,142,0
Kary Kutsch,81622,G,COLORADO,4,100.0,1,143,36.5,62.8,32.4,3,3,136,100.0,100.0,97.8,1,6,0,336,157,179,0,336,147,147,0,0,189,0
Zach Robertson,38928,T,LA LAFAYET,9,99.7,0,207,61.2,56.0,60.5,0,4,150,99.3,99.4,98.0,0,5,1,336,0,0,328,337,158,159,0,0,178,9
Khalil Keith,58528,G,BAYLOR,7,100.0,0,118,56.3,57.1,60.3,2,4,200,100.0,100.0,97.0,6,9,3,335,0,334,0,335,212,212,0,0,123,0
Alfred Edwards III,60190,T,UTAH ST,6,99.7,1,329,72.8,73.4,68.6,2,4,180,99.4,99.5,98.3,2,6,0,335,0,0,333,336,188,189,0,0,147,3
Anton Harrison,122929,T,OKLAHOMA,9,100.0,1,261,69.1,74.1,63.2,2,4,160,100.0,100.0,97.5,1,7,1,333,0,0,333,333,173,173,0,0,160,0
Nick Muse,61079,TE,S CAROLINA,10,55.4,0,289,76.2,76.4,74.5,0,0,44,14.5,15.8,100.0,0,0,0,332,0,0,0,599,50,317,0,0,282,402
Robbie Bell,41191,G,LOUISVILLE,9,100.0,0,210,59.2,31.7,67.4,1,10,173,100.0,100.0,96.8,2,11,0,332,0,0,0,332,185,185,332,0,147,0
Cornelious Brown IV,98356,QB,GA STATE,10,44.1,0,175,71.0,,60.0,0,0,0,0.0,0.0,,1,0,0,332,0,0,0,753,0,334,0,0,332,0
Julian Pearl,82282,T,ILLINOIS,5,100.0,2,187,57.4,61.9,58.0,2,6,132,100.0,100.0,96.2,3,9,1,331,0,0,0,331,136,136,0,330,195,1
Luke Haggard,129442,T,INDIANA,7,100.0,0,190,55.3,36.9,62.9,3,15,166,100.0,100.0,94.0,1,19,1,331,0,0,331,331,179,179,0,0,152,0
Michael McFarlane,54545,TE,COAST CAR,12,77.1,0,141,47.1,68.1,50.9,0,2,38,29.0,31.5,97.4,0,2,0,330,0,0,1,428,45,143,0,0,285,369
Briason Mays,77469,T,W VIRGINIA,8,100.0,1,343,46.5,47.7,48.5,4,6,187,100.0,100.0,96.3,3,12,2,330,0,0,6,330,192,192,0,324,138,0
Trent Tyre,121440,TE,S ALABAMA,11,70.9,0,288,51.0,57.7,50.0,0,3,66,34.4,34.8,97.7,1,3,0,329,0,0,0,464,72,207,0,0,257,410
DeVonta Smith,61100,WR,ALABAMA,13,42.2,0,103,94.9,,53.2,0,0,0,0.0,0.0,,1,0,0,329,0,0,0,780,0,447,0,0,329,0
Logan Harris,55558,G,WYOMING,5,100.0,0,351,60.6,56.3,61.0,3,6,119,100.0,100.0,95.4,1,10,1,328,0,0,0,328,123,123,328,0,205,0
Hunter Kelly,41892,C,CHARLOTTE,6,100.0,0,136,32.3,11.6,42.1,3,3,154,100.0,100.0,96.1,0,9,3,328,182,130,0,328,168,168,16,0,160,0
Jalen Tolbert,61637,WR,S ALABAMA,11,42.4,0,288,79.2,,72.6,0,0,0,0.0,0.0,,3,0,0,327,0,0,0,771,0,444,0,0,327,0
Sam Garvin,59743,C,PURDUE,6,100.0,0,273,54.0,57.6,54.0,1,4,215,100.0,100.0,98.4,3,6,1,327,327,0,0,327,231,231,0,0,96,0
Caleb Jones,59747,T,INDIANA,5,100.0,0,190,55.0,34.2,64.4,5,4,163,100.0,100.0,96.0,1,11,2,326,0,0,261,326,181,181,0,64,145,1
Nathan Monnin,60930,G,KENT STATE,4,100.0,1,201,76.1,65.8,77.3,2,3,140,100.0,100.0,97.5,2,6,1,326,0,0,0,326,161,161,325,0,165,1
Bill Kuduk,59777,T,KENT STATE,4,99.7,0,201,78.8,77.6,76.5,2,0,140,100.0,99.4,99.3,1,2,0,325,0,0,243,326,160,161,0,81,165,2
Cody Ince,81687,G,IOWA,8,100.0,0,192,75.8,71.2,77.2,1,2,151,100.0,100.0,98.3,1,4,1,324,0,323,0,324,157,157,0,0,167,0
Jack Clement,63443,C,KENT STATE,4,100.0,0,201,65.3,68.2,62.2,0,1,140,100.0,100.0,99.6,0,1,0,323,323,0,0,323,160,160,0,0,163,0
James Mitchell,77885,TE,VA TECH,10,66.0,0,337,73.5,60.6,52.1,1,0,39,20.6,19.9,98.7,2,1,0,322,0,0,3,488,41,206,0,1,281,292
Brandon Walters,83626,HB,ARMY,12,79.5,0,114,51.4,,54.6,0,0,0,0.0,0.0,,2,0,0,321,0,0,0,404,0,77,0,0,321,192
Dyami Brown,77986,WR,N CAROLINA,11,45.9,0,245,82.8,,74.9,0,0,0,0.0,0.0,,3,0,0,321,0,0,0,699,0,378,0,0,321,0
John Metchie III,97400,WR,ALABAMA,13,42.4,0,103,73.1,,82.9,0,0,0,0.0,0.0,,0,0,0,320,0,0,0,755,0,435,0,0,320,0
Nour-Eddine Seidnaly,58495,T,ARK STATE,5,100.0,0,113,56.8,57.1,56.3,1,7,170,100.0,100.0,97.6,3,8,0,320,0,0,317,320,180,180,0,3,140,0
Chris Hughes,23029,G,KANSAS,6,100.0,0,198,64.3,55.1,67.2,1,4,179,100.0,100.0,98.0,1,6,1,320,23,0,0,320,189,189,297,0,131,0
Brady White,25506,QB,MEMPHIS,11,37.6,0,218,73.3,,60.2,0,0,0,0.0,0.0,,3,0,0,319,0,0,0,849,0,502,0,0,319,0
Josh McCauley,40870,C,ARIZONA,5,100.0,0,109,63.7,61.6,61.1,3,5,182,100.0,100.0,97.8,1,8,0,318,318,0,0,318,192,192,0,0,126,0
Matt Brayton,41588,G,UNLV,5,100.0,0,325,66.3,71.3,62.9,0,4,188,100.0,100.0,97.9,1,6,2,318,0,252,66,318,193,193,0,0,125,0
Chase Lane,99205,WR,TEXAS A&M,10,50.1,0,312,64.5,,61.0,0,0,0,0.0,0.0,,0,0,0,317,0,0,0,633,0,316,0,0,317,3
Caleb Thomas,98077,G,TULANE,6,100.0,0,319,62.2,32.4,69.5,1,12,154,100.0,100.0,95.8,1,13,0,317,6,83,0,317,165,165,228,0,152,0
Nick Gallo,98296,TE,VA TECH,11,76.2,0,337,46.1,58.3,40.2,0,2,47,34.1,34.0,97.9,0,2,0,317,0,0,1,416,51,150,0,0,266,332
Doug Kramer,41458,C,ILLINOIS,5,100.0,0,187,65.0,44.8,66.4,0,1,125,100.0,100.0,98.8,1,2,1,316,316,0,0,316,130,130,0,0,186,0
Grayson McCall,98002,QB,COAST CAR,11,45.0,0,141,92.4,,60.1,0,0,0,0.0,0.0,,0,0,0,316,0,0,0,703,0,309,0,0,316,0
Jaron Caldwell,28974,G,UNLV,6,100.0,0,325,44.8,30.5,49.5,1,5,189,100.0,100.0,96.8,1,9,3,316,136,180,0,316,192,192,0,0,124,0
Jaelyn Duncan,81722,T,MARYLAND,5,100.0,0,215,71.2,77.1,65.9,1,6,181,100.0,100.0,97.5,1,8,1,313,0,0,313,313,194,194,0,0,119,0
Jahlil Ryles,79680,G,MIDDLE TN,6,100.0,2,224,52.8,69.6,50.1,1,4,181,100.0,100.0,98.6,6,5,0,312,0,312,0,312,195,195,0,0,117,0
Adam Gregoire,40748,G,KENT STATE,4,100.0,0,201,67.7,74.5,67.6,0,1,137,100.0,100.0,99.6,6,1,0,312,0,234,0,312,158,158,0,77,154,1
Ben Bresnahan,84078,TE,VANDERBILT,9,55.3,1,333,65.1,63.1,50.4,1,2,49,17.1,17.1,96.9,2,3,0,312,0,0,0,564,52,304,0,0,260,313
Chase Allen,39988,TE,IOWA STATE,12,58.8,0,193,67.3,55.7,68.9,0,1,14,6.4,6.4,96.4,2,1,0,312,0,0,0,531,15,234,0,0,297,349
Trace Clopton,81843,C,SO MISS,5,100.0,0,296,58.0,68.0,56.8,0,4,152,100.0,100.0,98.0,2,5,1,312,312,0,0,312,164,164,0,0,148,0
Beaux Limmer,99067,G,ARKANSAS,8,100.0,0,111,57.2,51.6,59.8,3,6,171,100.0,100.0,97.4,3,9,0,310,0,0,0,310,180,180,310,0,130,0
Avery Demmons,121514,G,ARK STATE,9,100.0,0,113,54.0,28.8,59.7,4,13,189,100.0,100.0,95.5,0,17,0,310,0,0,0,310,203,203,310,0,107,0
Roger Carter,55200,TE,GA STATE,10,62.4,0,175,70.5,72.4,65.9,0,0,15,7.6,8.8,100.0,0,0,0,309,0,0,0,495,18,204,1,0,291,203
Johari Branch,63466,G,MARYLAND,5,100.0,0,215,51.5,39.6,59.3,1,5,177,100.0,100.0,96.0,6,10,4,309,0,309,0,309,190,190,0,0,119,0
Jaren Kump,131859,T,UTAH,5,100.0,0,328,66.4,43.4,76.7,3,10,153,100.0,100.0,95.8,1,13,0,309,0,0,0,309,159,159,0,309,150,0
Greg Long,41334,T,PURDUE,6,100.0,1,273,62.0,61.9,61.5,0,12,195,100.0,100.0,96.9,3,12,0,308,0,0,0,308,207,207,0,308,101,0
Spencer Anderson,81719,T,MARYLAND,5,100.0,1,215,72.8,65.2,73.4,2,9,177,100.0,100.0,96.3,1,12,1,308,66,0,0,308,189,189,0,240,119,2
Carson Van Lynn,77329,T,PITTSBURGH,11,100.0,1,268,69.1,75.5,63.0,1,6,183,100.0,100.0,97.0,2,9,2,308,0,0,50,308,189,189,0,217,119,39
Daniel Bellinger,84041,TE,S DIEGO ST,8,60.7,0,284,60.9,37.8,57.8,1,1,20,9.4,10.0,95.0,1,2,0,307,0,0,0,506,22,221,0,0,285,343
Matt Corral,83517,QB,OLE MISS,10,39.2,2,226,90.5,,60.4,0,0,0,0.0,0.0,,2,0,0,306,0,0,0,780,0,423,0,0,306,0
Jonathan Mingo,97774,WR,OLE MISS,10,45.9,0,226,63.1,,67.5,0,0,0,0.0,0.0,,0,0,0,305,0,0,0,665,0,360,0,0,305,1
Chris Owens,40732,C,ALABAMA,11,100.0,0,103,53.9,58.0,53.1,1,4,155,100.0,100.0,98.4,2,5,0,303,207,0,6,303,161,161,0,88,142,2
Bryan Hudson,98241,G,VA TECH,10,100.0,0,337,62.2,71.2,58.6,2,4,143,100.0,100.0,97.9,0,6,0,303,0,21,0,303,158,158,282,0,145,0
John Champe,130545,G,N ILLINOIS,6,100.0,0,254,59.0,56.8,57.4,3,5,156,100.0,100.0,97.4,2,8,0,301,0,293,0,301,170,170,7,0,131,1
Dee Wiggins,78016,WR,MIAMI FL,11,42.9,0,220,56.0,62.1,72.6,0,0,1,0.3,0.2,100.0,1,0,0,301,0,0,0,701,1,401,0,0,300,1
Gus Hartwig,129814,G,PURDUE,6,100.0,0,273,62.7,62.0,65.2,0,8,194,100.0,100.0,97.9,2,8,0,301,106,0,0,301,204,204,195,0,97,0
Brandon Crum,98028,TE,S ALABAMA,10,73.4,1,288,40.7,34.5,45.2,0,0,66,40.0,40.4,98.5,2,1,1,301,0,0,0,410,74,183,0,0,227,406
Tyrick James,77909,TE,TULANE,12,57.5,1,319,52.5,71.4,51.0,0,2,29,12.2,13.3,96.6,5,2,0,300,0,0,0,522,34,256,0,0,266,352
Shane Buechele,12659,QB,SMU,10,39.3,0,287,88.1,62.2,60.0,0,0,1,0.2,0.2,100.0,3,0,0,300,0,0,0,763,1,443,0,0,299,0
Sione Finau,98074,G,FIU,5,100.0,0,166,62.6,70.7,60.6,3,7,154,100.0,100.0,95.5,1,12,2,299,0,299,0,299,163,163,0,0,136,0
Dontae Bull,81650,T,FRESNO ST,4,100.0,0,169,70.9,64.4,75.3,0,9,171,100.0,100.0,96.2,2,11,2,299,0,0,299,299,181,181,0,0,118,0
Jake Hescock,41322,TE,UCF,10,72.9,0,323,56.4,63.3,52.7,0,2,59,36.2,35.8,98.3,2,2,0,299,0,0,0,410,62,173,0,0,237,169
Trent Holler,105818,G,E CAROLINA,9,100.0,0,156,58.8,65.2,56.9,2,6,151,100.0,100.0,96.7,1,9,1,298,41,0,0,298,161,161,256,0,137,0
Jeremiah Byers,100806,T,UTEP,7,100.0,0,330,66.8,66.2,63.2,1,4,140,100.0,100.0,98.2,0,5,0,298,0,0,0,298,151,151,0,298,147,0
Tylan Wallace,61577,WR,OKLA STATE,9,49.9,1,262,86.1,,71.7,0,0,0,0.0,0.0,,3,0,0,298,0,0,0,597,0,298,0,0,298,0
Dazz Newsome,61510,WR,N CAROLINA,12,43.4,0,245,73.2,,70.1,0,0,0,0.0,0.0,,2,0,0,297,0,0,0,685,0,388,0,0,297,1
Jason Pirtle,42235,TE,N TEXAS,9,63.2,0,251,56.7,69.2,46.5,0,3,72,30.4,29.5,97.9,0,3,0,296,0,0,0,468,72,244,0,0,224,161
Kyler Schott,81684,G,IOWA,5,100.0,0,192,63.9,87.4,57.6,1,0,162,100.0,100.0,99.7,1,1,0,296,0,207,0,296,170,170,89,0,126,0
Jacob Harris,34255,WR,UCF,10,43.9,0,323,60.7,63.3,69.2,0,0,1,0.3,0.3,100.0,2,0,0,296,0,0,0,675,1,380,0,0,295,9
Leif Fautanu,101261,C,UNLV,5,100.0,0,325,50.8,57.1,47.5,0,5,181,100.0,100.0,97.5,1,7,2,296,296,0,0,296,187,187,0,0,109,0
Trent Thompson,84074,TE,UTEP,8,80.6,0,330,82.0,73.8,76.6,0,2,73,53.3,52.3,98.6,1,2,0,295,0,0,0,366,78,149,0,1,217,354
Mike Katic,101575,G,INDIANA,6,100.0,0,190,61.1,70.5,56.0,4,4,165,100.0,100.0,97.6,0,8,0,294,0,294,0,294,180,180,0,0,114,0
Josh Oatis,41491,T,UTSA,7,100.0,0,331,61.3,58.4,65.0,3,7,168,100.0,100.0,96.4,3,11,1,293,0,0,75,293,178,178,0,218,115,0
Will Mallory,77888,TE,MIAMI FL,11,57.1,0,220,57.1,24.5,44.6,3,6,57,22.4,21.1,92.1,0,9,0,293,0,0,3,513,59,279,0,0,234,190
Jahan Dotson,84375,WR,PENN STATE,9,45.1,0,266,78.0,,51.6,0,0,0,0.0,0.0,,1,0,0,292,0,0,0,648,0,356,0,0,292,0
Coker Wright,98240,G,SO MISS,5,100.0,0,296,64.8,63.8,67.2,0,2,150,100.0,100.0,99.3,2,2,0,292,1,1,0,292,160,160,290,0,132,0
Kylen Granson,40630,TE,SMU,10,46.3,0,287,70.7,70.3,59.1,1,0,27,7.8,7.7,98.1,0,1,0,292,0,0,0,631,28,366,0,0,264,237
Jaelin Fisher,41571,C,CHARLOTTE,5,100.0,0,136,65.9,54.3,66.7,1,3,143,100.0,100.0,98.6,0,4,0,291,233,58,0,291,153,153,0,0,138,0
Emil Smith,97663,WR,GA SOUTHRN,12,65.5,0,174,53.3,,65.4,0,0,0,0.0,0.0,,0,0,0,291,0,0,0,444,0,153,0,0,291,0
Adam Jewell,81536,T,AIR FORCE,5,100.0,0,101,80.8,83.2,80.0,0,0,60,100.0,100.0,100.0,3,0,0,291,0,0,0,291,62,62,0,259,229,32
Justin Rigg,42096,TE,KENTUCKY,9,71.7,1,202,70.9,62.5,68.5,0,2,35,25.2,24.3,97.1,1,2,0,291,0,0,0,406,37,152,0,0,254,256
Steven Jones,81792,T,OREGON,7,100.0,1,264,72.2,73.3,70.0,2,4,145,100.0,100.0,96.6,2,8,2,290,0,0,235,290,152,152,8,47,138,0
Noah Gatlin,81561,T,ARKANSAS,5,100.0,0,111,67.3,60.9,69.4,2,8,153,100.0,100.0,96.1,1,11,1,289,0,0,0,289,164,164,0,288,125,1
Mason Kolinchak,81577,T,ARMY,6,100.0,0,114,78.6,62.6,77.5,0,4,48,100.0,100.0,95.8,1,4,0,289,0,0,136,289,52,52,0,126,237,27
Marshon Ford,77874,TE,LOUISVILLE,10,64.5,0,210,64.7,41.2,50.6,1,7,69,30.8,32.3,92.8,0,9,1,289,0,0,0,448,76,235,0,0,213,171
Jahmir Ross-Johnson,41349,T,TENNESSEE,7,100.0,1,307,44.9,30.6,58.0,1,9,155,100.0,100.0,96.8,3,10,0,289,0,0,287,289,165,165,1,0,124,0
Dan Dawkins,81924,G,VANDERBILT,6,100.0,0,333,52.0,59.7,47.8,1,4,143,100.0,100.0,98.3,0,5,0,288,0,288,0,288,149,149,0,0,139,0
Mitchell Tinsley,123470,WR,W KENTUCKY,12,42.7,0,346,64.9,67.5,72.8,0,0,1,0.3,0.3,100.0,1,0,0,288,0,0,0,674,1,386,0,0,287,2
LaQuinston Sharp,99095,G,MISS STATE,6,100.0,1,227,55.0,70.0,42.7,0,3,234,100.0,100.0,98.5,1,5,2,288,0,288,0,288,239,239,0,0,49,0
Kellen Mond,60556,QB,TEXAS A&M,10,42.2,0,312,81.7,,60.0,0,0,0,0.0,0.0,,2,0,0,288,0,0,0,682,0,334,0,0,288,0
Tommy Tremble,84025,TE,NOTRE DAME,12,60.8,1,258,77.9,74.4,83.7,0,0,15,7.9,8.0,100.0,1,0,0,287,0,0,0,472,16,200,0,0,271,308
Peyton Hendershot,60915,TE,INDIANA,8,51.7,0,190,57.1,56.8,65.5,0,3,42,14.4,15.5,96.4,1,3,0,286,0,0,0,553,49,316,0,0,237,413
Jason Brownlee,121451,WR,SO MISS,10,48.2,0,296,69.5,,73.9,0,0,0,0.0,0.0,,4,0,0,285,0,0,0,591,0,306,0,0,285,0
Michael Pratt,123229,QB,TULANE,10,41.5,0,319,73.5,,60.1,0,0,0,0.0,0.0,,1,0,0,285,0,0,0,686,0,345,0,0,285,0
Cameron Stage,77499,C,BOWL GREEN,5,100.0,2,122,51.3,60.6,55.0,2,3,138,100.0,100.0,98.2,6,5,0,284,284,0,0,284,145,145,0,0,139,0
Xavier Newman,58525,G,BAYLOR,5,100.0,1,118,47.7,38.2,52.7,1,4,164,100.0,100.0,96.0,6,9,4,284,102,182,0,284,173,173,0,0,111,0
Clayton Bradley,82008,T,UNLV,4,100.0,0,325,50.7,62.9,41.6,3,6,173,100.0,100.0,96.2,0,11,2,284,0,0,284,284,179,179,0,0,105,0
Michael Woods II,84117,WR,ARKANSAS,10,44.7,0,111,68.0,,59.5,0,0,0,0.0,0.0,,1,0,0,284,0,0,0,635,0,351,0,0,284,0
Seth Williams,84137,WR,AUBURN,11,42.2,0,115,69.8,,65.9,0,0,0,0.0,0.0,,2,0,0,283,0,0,0,671,0,388,0,0,283,0
Javon McKinley,41248,WR,NOTRE DAME,12,42.2,0,258,76.1,,85.9,0,0,0,0.0,0.0,,1,0,0,283,0,0,0,671,0,387,0,0,283,14
Zach Smith,25631,QB,TULSA,9,46.7,0,320,63.1,,60.2,0,0,0,0.0,0.0,,2,0,0,283,0,0,0,606,0,314,0,0,283,0
Grant Wells,97784,QB,MARSHALL,10,45.1,0,214,73.8,,60.0,0,0,0,0.0,0.0,,2,0,0,283,0,0,0,628,0,313,0,0,283,0
Mark Kallenberger,59748,T,IOWA,6,100.0,0,192,73.0,68.5,75.6,1,5,139,100.0,100.0,97.8,2,6,0,283,0,0,0,283,149,149,0,282,134,0
Jakari Robinson,55084,C,CINCINNATI,7,100.0,0,138,56.9,65.3,56.7,0,0,140,100.0,100.0,99.3,3,1,1,282,282,0,0,282,146,146,0,0,136,0
Dakota White,122688,T,LA TECH,7,100.0,0,208,49.2,42.2,55.5,4,8,148,100.0,100.0,95.3,2,13,1,281,0,0,207,281,157,157,0,71,124,3
Brenton Strange,101694,TE,PENN STATE,9,65.3,0,266,59.1,72.0,49.8,2,0,53,27.5,27.0,98.1,0,2,0,281,0,0,0,430,55,204,0,0,226,286
Elijah Moore,84302,WR,OLE MISS,8,44.6,0,226,91.2,67.9,57.8,0,0,1,0.3,0.3,100.0,3,0,0,281,0,0,0,630,1,337,0,0,280,5
Evan Fields,77417,G,MEMPHIS,4,100.0,0,218,63.2,57.6,65.5,0,5,156,100.0,100.0,98.4,1,5,0,279,0,0,0,279,171,171,279,0,108,0
Tyler Johnson,40470,T,LA MONROE,8,100.0,0,209,53.1,60.3,56.0,2,3,204,100.0,100.0,96.8,4,9,4,279,0,0,276,279,215,215,0,0,64,3
Camren McDonald,77871,TE,FLORIDA ST,9,51.6,0,167,58.1,55.9,47.8,1,2,50,16.9,16.6,95.0,6,4,1,279,0,0,1,541,52,314,0,0,227,320
Kyle Hoppe,40461,C,S JOSE ST,4,100.0,0,285,61.4,54.9,63.4,1,3,149,100.0,100.0,98.7,3,4,0,279,279,0,0,279,164,164,0,0,115,0
Jaylen Miller,41460,T,TULANE,11,100.0,0,319,48.1,44.6,48.3,3,5,110,100.0,100.0,93.6,1,11,3,278,0,0,26,278,122,122,32,220,156,0
Drew Plitt,39879,QB,BALL ST,8,43.5,0,117,71.2,,60.6,0,0,0,0.0,0.0,,0,0,0,278,0,0,0,639,0,319,0,0,278,0
Andy Koch,81900,T,UTAH ST,5,100.0,0,329,51.8,55.9,47.2,2,9,160,100.0,100.0,96.6,1,11,0,278,0,119,35,278,167,167,0,124,111,0
Kendall Randolph,58466,T,ALABAMA,13,88.5,0,103,58.0,61.7,61.8,1,0,80,71.4,70.2,98.1,1,2,1,277,0,15,9,313,85,121,3,41,192,245
Dominic Pastucci,60820,G,UTSA,6,100.0,0,331,53.1,48.6,51.6,1,8,137,100.0,100.0,96.7,0,9,0,277,0,271,0,277,146,146,6,0,131,0
Karsen Barnhart,101537,T,MICHIGAN,6,100.0,0,222,61.7,71.8,54.8,1,6,163,100.0,100.0,97.2,1,8,1,276,0,0,260,276,173,173,0,16,103,0
Kyle Krepsz,81538,G,AIR FORCE,5,100.0,1,101,75.2,72.7,74.8,0,1,51,100.0,100.0,99.0,4,1,0,276,0,0,0,276,54,54,276,0,222,0
Dean Powell,81583,G,ARMY,9,100.0,0,114,70.3,25.2,74.1,0,1,46,100.0,100.0,98.9,2,1,0,276,20,24,0,276,50,50,232,0,226,0
Chase Brice,60363,QB,DUKE,11,36.8,0,154,49.7,,60.1,0,0,0,0.0,0.0,,1,0,0,276,0,0,0,750,0,436,0,0,276,0
Adam Korutz,44467,G,COLO STATE,4,100.0,0,144,58.8,69.4,56.4,0,5,136,100.0,100.0,98.2,2,5,0,275,0,0,0,275,139,139,275,0,136,0
Danny Motowski,104180,G,C MICHIGAN,4,100.0,0,134,72.6,67.5,74.2,1,0,119,100.0,100.0,99.6,1,1,0,275,0,122,0,275,124,124,153,0,151,0
Casey Phillips,77451,T,BAYLOR,7,100.0,1,118,49.6,42.7,56.7,5,12,162,100.0,100.0,94.1,3,18,1,275,0,9,66,275,172,172,20,176,103,3
Noah Gray,60878,TE,DUKE,10,55.0,0,154,61.7,54.5,52.7,2,5,50,19.2,19.2,93.0,1,7,0,275,0,0,0,500,53,276,0,0,222,139
Jarret Doege,60353,QB,W VIRGINIA,10,38.7,0,343,77.1,,60.1,0,0,0,0.0,0.0,,6,0,0,275,0,0,0,710,0,420,0,0,275,0
Jacob Warren,84057,TE,TENNESSEE,9,75.5,0,307,60.3,42.6,71.2,2,5,66,44.0,44.0,93.2,0,8,1,275,0,0,4,364,70,159,0,5,205,294
Barry Wesley,52018,T,COLO STATE,4,100.0,1,144,60.5,59.2,63.0,1,8,136,100.0,100.0,96.7,2,9,0,275,0,0,0,275,139,139,0,275,136,0
Cam Reddy,77340,C,COLO STATE,4,100.0,0,144,53.8,73.7,49.6,2,1,136,100.0,100.0,98.2,1,4,1,275,275,0,0,275,139,139,0,0,136,0
Drew Birchmeier,44356,G,VANDERBILT,6,100.0,0,333,56.9,64.0,55.0,1,7,146,100.0,100.0,97.3,1,8,0,274,0,0,0,274,150,150,274,0,124,0
Michael Roberts,84128,WR,ARMY,10,84.0,0,114,70.3,72.0,74.1,0,0,2,3.9,3.7,100.0,2,0,0,274,0,0,0,326,2,54,0,0,272,0
Terrance Dixon,84195,WR,GA STATE,10,49.9,1,175,50.1,,45.6,0,0,0,0.0,0.0,,3,0,0,274,0,0,0,549,0,265,0,0,274,0
Shane McGough,41342,C,FIU,4,100.0,1,166,60.1,51.4,62.5,0,2,136,100.0,100.0,98.5,1,3,1,273,273,0,0,273,145,145,0,0,128,0
Jerome Carvin,81852,G,TENNESSEE,7,100.0,0,307,70.7,65.9,72.7,1,4,142,100.0,100.0,97.5,1,6,1,273,46,1,0,273,149,149,226,0,124,0
Malik Cunningham,60436,QB,LOUISVILLE,11,37.4,1,210,77.4,,60.0,0,0,0,0.0,0.0,,2,0,0,273,0,0,0,729,0,400,0,0,273,0
Spencer Rattler,97408,QB,OKLAHOMA,11,38.7,0,261,92.5,,60.2,0,0,0,0.0,0.0,,1,0,0,273,0,0,0,705,0,399,0,0,273,0
Walker Hankinson,98475,T,LA TECH,5,100.0,0,208,70.3,69.6,66.9,1,4,141,100.0,100.0,96.1,0,8,3,272,0,0,32,272,151,151,0,240,121,0
Peyton Ramsey,40186,QB,NWESTERN,9,41.2,0,256,78.5,62.2,61.9,0,0,1,0.3,0.3,100.0,2,0,0,272,0,0,0,660,1,347,0,0,271,0
Josh Ali,61359,WR,KENTUCKY,11,52.1,1,202,67.4,,68.5,0,0,0,0.0,0.0,,2,0,0,272,0,0,0,522,0,249,0,0,272,2
Maurice McIntyre,77365,G,DUKE,7,100.0,0,154,55.8,50.2,56.8,1,2,153,100.0,100.0,97.7,1,5,2,272,4,259,0,272,161,161,9,0,111,0
Jarrett Kingston,81933,G,WASH STATE,4,100.0,0,341,60.2,90.7,47.1,0,0,176,100.0,100.0,99.4,0,1,1,272,0,272,0,272,183,183,0,0,89,0
Josh Watson,41677,G,WASH STATE,4,100.0,0,341,62.2,69.6,57.5,2,5,176,100.0,100.0,98.0,0,7,0,272,0,0,0,272,183,183,272,0,89,0
Liam Ryan,41618,T,WASH STATE,4,100.0,0,341,50.6,59.8,49.6,1,5,176,100.0,100.0,98.3,3,6,0,272,0,0,272,272,183,183,0,0,89,0
Brian Greene,60220,C,WASH STATE,4,100.0,0,341,66.3,75.7,68.7,0,1,176,100.0,100.0,99.1,4,2,1,272,272,0,0,272,183,183,0,0,89,0
Abraham Lucas,60218,T,WASH STATE,4,100.0,0,341,79.9,79.6,75.6,1,2,176,100.0,100.0,98.6,0,4,1,272,0,0,0,272,183,183,0,272,89,0
Isaiah Likely,83955,TE,COAST CAR,11,53.0,0,141,90.8,64.7,67.6,0,0,12,5.1,5.1,100.0,3,0,0,271,0,0,1,511,13,253,0,5,258,340
Tanner Morgan,55239,QB,MINNESOTA,7,54.8,0,225,71.6,,61.8,0,0,0,0.0,0.0,,0,0,0,270,0,0,0,493,0,212,0,0,270,0
John Campbell Jr.,77383,T,MIAMI FL,5,100.0,0,220,59.5,67.6,60.4,0,3,127,100.0,100.0,98.0,3,4,1,270,0,2,268,270,142,142,0,0,128,0
Jeff Sims,122496,QB,GA TECH,10,39.7,0,176,57.0,,60.1,0,0,0,0.0,0.0,,1,0,0,269,0,0,0,677,0,349,0,0,269,0
Frank Harris,60586,QB,UTSA,11,42.0,0,331,78.8,,60.0,0,0,0,0.0,0.0,,1,0,0,269,0,0,0,640,0,314,0,0,269,0
Quiron Johnson,59934,C,N CAROLINA,12,100.0,0,245,58.6,81.6,53.7,0,0,121,100.0,100.0,100.0,1,0,0,268,142,73,0,268,127,127,44,0,141,9
Bo Nix,97790,QB,AUBURN,11,35.0,0,115,73.4,,60.3,0,0,0,0.0,0.0,,5,0,0,268,0,0,0,765,0,435,0,0,268,0
Nolan Laufenberg,81539,G,AIR FORCE,5,100.0,0,101,88.8,86.1,86.8,0,0,51,100.0,100.0,100.0,0,0,0,267,0,267,0,267,54,54,0,0,213,0
Ken Seals,124359,QB,VANDERBILT,9,43.3,0,333,57.0,,60.3,0,0,0,0.0,0.0,,5,0,0,266,0,0,0,615,0,341,0,0,266,0
Kadeem Telfort,59680,T,UAB,6,100.0,1,321,61.4,75.0,62.6,1,2,97,100.0,100.0,98.5,5,3,0,266,0,0,255,266,104,104,0,0,162,11
Allen Dailey Jr.,84245,WR,KENTUCKY,11,55.5,0,202,62.0,,76.8,0,0,0,0.0,0.0,,2,0,0,266,0,0,0,479,0,213,0,0,266,0
Dontario Drummond,98738,WR,OLE MISS,10,47.2,0,226,66.3,,57.5,0,0,0,0.0,0.0,,1,0,0,265,0,0,0,562,0,297,0,0,265,1
Demontrey Jacobs,56619,T,USF,6,100.0,2,327,43.3,49.9,40.6,1,7,167,100.0,100.0,97.6,3,8,0,265,0,0,115,265,176,176,0,149,89,1
Ramaud Chiaokhiao-Bowman,41212,WR,NWESTERN,9,44.8,0,256,72.3,,68.3,0,0,0,0.0,0.0,,1,0,0,265,0,0,0,592,0,326,0,0,265,2
Victor Curne,81930,T,WASHINGTON,4,100.0,0,340,79.6,74.1,76.9,3,6,118,100.0,100.0,96.2,0,9,0,264,0,0,0,264,124,124,0,259,140,5
Jaxson Kirkland,60215,T,WASHINGTON,4,100.0,1,340,74.5,86.6,69.9,0,2,118,100.0,100.0,99.2,3,2,0,264,0,0,264,264,124,124,0,0,140,0
Henry Bainivalu,60214,G,WASHINGTON,4,100.0,0,340,74.1,78.7,72.4,0,3,118,100.0,100.0,98.7,0,3,0,264,0,0,0,264,124,124,263,0,140,1
Ulumoo Ale,81926,G,WASHINGTON,4,100.0,0,340,71.8,46.9,76.3,1,8,118,100.0,100.0,96.2,1,9,0,264,0,263,0,264,124,124,0,0,140,1
Connor Bazelak,99135,QB,MISSOURI,10,40.1,0,229,75.6,,60.4,0,0,0,0.0,0.0,,2,0,0,264,0,0,0,658,0,369,0,0,264,0
Calvin Austin III,61418,WR,MEMPHIS,11,36.5,0,218,74.6,,51.2,0,0,0,0.0,0.0,,1,0,0,264,0,0,0,723,0,457,0,0,264,0
Zay Flowers,97268,WR,BOSTON COL,11,37.0,0,121,72.7,,61.2,0,0,0,0.0,0.0,,4,0,0,263,0,0,0,711,0,440,0,0,263,9
Jaelon Darden,61522,WR,N TEXAS,9,48.2,0,251,89.8,,66.0,0,0,0,0.0,0.0,,1,0,0,263,0,0,0,546,0,283,0,0,263,0
Sam Neverov,58535,G,BOWL GREEN,5,100.0,0,122,72.8,82.3,69.1,0,1,122,100.0,100.0,99.6,0,1,0,263,40,79,0,263,126,126,144,0,137,0
Luke Wattenberg,41024,C,WASHINGTON,4,100.0,0,340,70.7,60.8,70.0,0,3,118,100.0,100.0,98.7,1,3,0,263,263,0,0,263,123,123,0,0,140,0
Timothy Shafter,60140,G,TULANE,8,100.0,0,319,56.4,53.7,62.3,2,4,112,100.0,100.0,97.3,6,6,0,263,0,16,17,263,119,119,220,5,144,5
Zakhari Franklin,97620,WR,UTSA,10,43.3,0,331,72.7,,59.4,0,0,0,0.0,0.0,,1,0,0,263,0,0,0,608,0,345,0,0,263,0
Sam Hartman,77618,QB,WAKE,9,42.4,0,339,77.1,,60.7,0,0,0,0.0,0.0,,3,0,0,263,0,0,0,620,0,337,0,0,263,0
Blake Kern,60848,TE,ARKANSAS,10,58.5,0,111,64.2,55.1,60.5,1,0,56,24.3,24.1,92.0,0,5,4,262,0,0,2,448,59,245,0,2,203,204
McKade Mettauer,100537,G,CAL,4,100.0,0,130,66.4,72.7,65.8,1,2,154,100.0,100.0,98.4,2,4,1,262,0,0,0,262,163,163,262,0,99,0
Steven Losoya III,98266,T,MIDDLE TN,7,100.0,0,224,57.8,56.0,56.3,0,4,133,100.0,100.0,97.7,0,5,1,262,0,0,211,262,145,145,0,50,117,1
Cade Cote,36754,C,ARIZONA ST,4,100.0,2,110,64.6,66.1,63.7,0,1,107,100.0,100.0,99.5,4,1,0,261,260,0,0,261,124,124,0,0,137,0
Kellen Diesch,41750,T,ARIZONA ST,4,100.0,0,110,81.3,78.9,79.0,0,2,107,100.0,100.0,98.1,3,3,1,261,0,0,259,261,124,124,0,0,137,1
John Raine,39957,TE,NWESTERN,8,50.8,0,256,66.1,73.3,67.1,0,0,12,4.7,4.5,100.0,1,0,0,261,0,0,3,514,12,265,0,0,249,338
Dohnovan West,100546,G,ARIZONA ST,4,100.0,0,110,76.7,79.5,75.4,1,1,107,100.0,100.0,99.1,1,2,0,261,0,260,0,261,124,124,0,0,137,0
Antwan Davis,61163,WR,BALL ST,8,47.2,0,117,71.1,,80.9,0,0,0,0.0,0.0,,0,0,0,261,0,0,0,553,0,291,0,0,261,0
Sean Dykes,40468,TE,MEMPHIS,11,44.7,1,218,72.0,40.4,51.1,1,1,39,11.5,11.5,97.4,3,2,0,261,0,0,0,584,42,365,0,0,219,388
Grayson Gunter,42364,TE,SO MISS,10,62.3,1,296,45.9,50.2,56.9,0,5,40,20.9,21.4,93.7,1,5,0,261,0,0,4,419,43,201,0,0,218,348
Braydon Johnson,61576,WR,OKLA STATE,11,48.1,0,262,54.0,,56.8,0,0,0,0.0,0.0,,2,0,0,260,0,0,0,540,0,279,0,0,260,0
Jonathan Adams Jr.,61148,WR,ARK STATE,10,37.2,0,113,85.8,,77.1,0,0,0,0.0,0.0,,2,0,0,259,0,0,0,696,0,437,0,0,259,0
Parker Washington,129799,WR,PENN STATE,9,43.5,0,266,66.7,,48.0,0,0,0,0.0,0.0,,0,0,0,259,0,0,0,596,0,337,0,0,259,0
Chris Pierce,61794,WR,VANDERBILT,9,45.4,0,333,66.0,,70.5,0,0,0,0.0,0.0,,2,0,0,259,0,0,0,571,0,312,0,0,259,12
Johnny Jordan,59835,C,MARYLAND,4,100.0,0,215,73.9,86.3,68.6,0,1,146,100.0,100.0,99.7,1,1,0,259,259,0,0,259,155,155,0,0,104,0
Tre Turner,78006,WR,VA TECH,10,52.3,0,337,82.6,,68.1,0,0,0,0.0,0.0,,2,0,0,259,0,0,0,495,0,228,0,0,259,5
Taleni Suhren,44879,G,WAKE,8,100.0,0,339,65.9,78.6,63.4,1,1,129,100.0,100.0,98.4,1,3,1,258,9,0,0,258,136,136,235,0,122,14
Xavier Hutchinson,122518,WR,IOWA STATE,12,40.5,0,193,73.4,,63.1,0,0,0,0.0,0.0,,1,0,0,257,0,0,0,634,0,377,0,0,257,0
Sam Crawford Jr.,78052,WR,TULSA,9,44.4,1,320,60.2,,60.4,0,0,0,0.0,0.0,,3,0,0,257,0,0,0,579,0,322,0,0,257,0
Marlon Williams,55411,WR,UCF,8,42.0,0,323,87.4,,68.5,0,0,0,0.0,0.0,,2,0,0,257,0,0,0,612,0,355,0,0,257,10
Teagan Quitoriano,84036,TE,OREGON ST,7,66.8,0,265,56.6,56.7,50.5,0,4,44,27.2,26.6,95.5,3,4,0,256,0,0,0,383,46,173,0,0,210,346
Reed Tyler,83619,TE,ARK STATE,11,44.3,0,113,59.5,76.1,58.8,0,0,47,13.4,13.7,100.0,0,0,0,256,0,0,0,578,51,373,0,1,205,307
Kyle Vantrease,55029,QB,BUFFALO,7,58.6,0,126,86.5,,60.0,0,0,0,0.0,0.0,,1,0,0,256,0,0,0,437,0,166,0,0,256,0
Will Rykard,97849,C,UAB,5,100.0,0,321,68.3,75.4,65.6,1,0,105,100.0,100.0,99.5,1,1,0,256,256,0,0,256,112,112,0,0,144,0
Duece Watts,123237,WR,TULANE,11,47.5,0,319,66.1,,62.3,0,0,0,0.0,0.0,,2,0,0,255,0,0,0,537,0,282,0,0,255,0
Brock Wright,60994,TE,NOTRE DAME,12,73.3,0,258,57.3,37.6,69.6,0,3,13,13.0,14.0,88.5,0,3,0,253,0,0,0,345,15,107,0,0,238,292
Dante Adkins Jr.,98051,G,FRESNO ST,4,100.0,0,169,60.0,65.0,60.7,1,5,141,100.0,100.0,97.9,3,6,0,253,0,253,0,253,149,149,0,0,104,0
Bo Melton,61610,WR,RUTGERS,9,43.2,0,278,76.0,,64.5,0,0,0,0.0,0.0,,2,0,0,253,0,0,0,586,0,330,0,0,253,2
Brandon Chapman,44947,TE,WAKE,9,55.5,0,339,44.5,50.9,50.1,1,0,45,18.7,18.8,96.7,0,2,1,253,0,0,0,456,47,250,0,0,206,368
Myron Mitchell,100887,WR,UAB,9,55.4,2,321,69.4,,66.4,0,0,0,0.0,0.0,,2,0,0,253,0,0,0,457,0,202,0,0,253,0
Josh Lugg,59982,C,NOTRE DAME,7,100.0,1,258,68.6,56.0,70.0,2,6,129,100.0,100.0,96.9,1,8,0,252,133,0,0,252,137,137,85,33,115,0
Hayden Burton,121409,T,S ALABAMA,5,100.0,0,288,42.6,40.7,43.0,3,10,139,100.0,100.0,92.4,0,17,4,252,0,0,0,252,146,146,0,251,106,0
Kawaan Baker,61639,WR,S ALABAMA,11,40.1,0,288,75.0,,65.1,0,0,0,0.0,0.0,,0,0,0,252,0,0,0,629,0,364,0,0,252,0
Arik Gilbert,124096,TE,LSU,8,45.6,0,211,70.7,37.3,62.0,2,2,45,13.5,13.8,95.6,3,4,0,251,0,0,0,550,48,347,0,0,203,319
Julian Hernandez,98570,G,VANDERBILT,5,100.0,0,333,54.7,56.1,54.0,0,8,125,100.0,100.0,96.8,1,8,0,251,0,245,0,251,137,137,6,0,114,0
Emeka Emezie,61517,WR,NC STATE,12,41.6,0,248,75.6,,66.7,0,0,0,0.0,0.0,,1,0,0,251,0,0,0,603,0,352,0,0,251,0
Warren Ericson,81652,C,GEORGIA,7,100.0,0,173,63.9,58.1,63.3,0,5,107,100.0,100.0,97.7,1,5,0,251,176,17,0,251,115,115,58,0,136,0
Mychal Cooper,78029,WR,NAVY,8,72.8,0,237,69.4,64.5,54.3,0,0,1,1.1,1.1,100.0,1,0,0,251,0,0,5,345,1,95,0,4,250,24
Ben Scott,98398,T,ARIZONA ST,4,100.0,0,110,63.2,66.0,61.7,2,6,106,100.0,100.0,96.2,2,8,0,250,0,0,0,250,123,123,0,250,127,0
Christian Trahan,77912,TE,HOUSTON,8,55.7,2,182,75.2,75.6,58.5,1,0,42,18.5,17.8,98.8,3,1,0,250,0,0,0,449,43,242,0,0,207,258
Yo'Heinz Tyler,78181,WR,BALL ST,8,47.6,0,117,74.4,,69.1,0,0,0,0.0,0.0,,0,0,0,250,0,0,0,525,0,275,0,0,250,0
Terry Wilson,40709,QB,KENTUCKY,10,42.9,1,202,63.8,,61.2,0,0,0,0.0,0.0,,3,0,0,249,0,0,0,580,0,250,0,0,249,0
Bryce Foxworth,60081,G,SO MISS,9,100.0,1,296,46.0,44.8,46.8,1,3,129,100.0,100.0,97.7,3,5,1,249,0,222,0,249,140,140,27,0,109,0
Matthew Cindric,81604,G,CAL,4,100.0,1,130,66.4,69.9,64.3,0,4,142,100.0,100.0,97.9,1,5,1,249,0,235,0,249,152,152,14,0,97,0
Jake Ferguson,61081,TE,WISCONSIN,7,56.1,0,349,75.5,69.7,66.0,0,0,19,9.2,9.3,94.7,2,1,1,249,0,0,0,444,20,215,0,0,229,372
Cole Kirby,59863,T,MIDDLE TN,8,100.0,0,224,44.5,47.6,41.1,1,10,148,100.0,100.0,94.3,0,14,3,248,0,0,246,248,158,158,0,0,90,2
Donavon Greene,97813,WR,WAKE,8,48.9,0,339,72.5,,74.4,0,0,0,0.0,0.0,,1,0,0,248,0,0,0,507,0,259,0,0,248,3
Jacob South,81901,T,UTAH ST,4,100.0,0,329,71.9,62.3,72.7,2,5,139,100.0,100.0,97.5,0,7,0,247,0,0,2,247,143,143,0,245,104,0
Tarik Adams,41898,T,MARSHALL,7,100.0,0,214,81.5,84.4,77.4,0,3,128,100.0,100.0,98.0,1,4,1,247,0,0,0,247,136,136,0,247,111,0
Matt Alaimo,84066,TE,RUTGERS,9,75.9,0,278,54.4,50.3,53.4,4,0,59,44.0,45.5,91.5,0,7,3,246,0,0,0,324,65,143,0,0,181,276
Holton Ahlers,77651,QB,E CAROLINA,8,41.2,0,156,74.3,,60.0,0,0,0,0.0,0.0,,1,0,0,246,0,0,0,597,0,326,0,0,246,0
Myles Fells,57326,HB,NAVY,10,73.2,0,237,61.3,76.6,53.1,0,0,23,26.7,27.5,100.0,2,0,0,246,0,0,0,336,25,91,0,0,221,202
Phil Jurkovec,83533,QB,BOSTON COL,10,35.4,0,121,71.8,,60.2,0,0,0,0.0,0.0,,2,0,0,246,0,0,0,694,0,411,0,0,246,0
Andrew Vastardis,41627,C,MICHIGAN,4,100.0,0,222,57.3,64.3,55.1,1,5,155,100.0,100.0,98.1,2,6,0,245,245,0,0,245,161,161,0,0,84,0
Justin Fields,82118,QB,OHIO STATE,8,42.4,0,260,93.5,,60.0,0,0,0,0.0,0.0,,4,0,0,245,0,0,0,578,0,301,0,0,245,0
Falepule Alo,128376,C,UTAH ST,5,100.0,0,329,59.6,70.8,58.3,1,0,140,100.0,100.0,98.9,2,2,1,245,243,2,0,245,145,145,0,0,100,0
Max Duggan,99470,QB,TCU,10,39.0,0,305,79.2,61.2,60.1,0,0,1,0.3,0.3,100.0,1,0,0,245,0,0,0,629,1,308,0,0,244,0
Artice Hobbs IV,57142,HB,ARMY,10,78.2,0,114,64.5,75.5,65.2,0,0,8,14.5,14.0,100.0,0,0,0,244,0,0,0,312,8,57,0,0,236,159
Spencer Sanders,77660,QB,OKLA STATE,9,39.0,0,262,74.4,,60.1,0,0,0,0.0,0.0,,6,0,0,244,0,0,0,625,0,317,0,0,244,0
Justin Garrett,84486,WR,UTEP,8,49.0,0,330,72.7,,52.3,0,0,0,0.0,0.0,,2,0,0,244,0,0,0,498,0,254,0,0,244,11
Sam Vretman,60038,G,RUTGERS,6,100.0,0,278,53.5,53.1,50.6,4,4,133,100.0,100.0,97.0,0,8,0,244,0,14,0,244,148,148,230,0,96,0
Mark Pope,78014,WR,MIAMI FL,11,41.4,0,220,58.0,73.3,67.2,0,0,2,0.6,0.9,100.0,3,0,0,244,0,0,0,589,3,347,0,0,241,0
CJ Lewis,61173,WR,BOSTON COL,11,39.0,0,121,67.0,66.8,73.9,0,0,1,0.3,0.3,100.0,3,0,0,244,0,0,0,625,1,382,0,0,243,23
Cade Brewer,61034,TE,TEXAS,10,50.9,0,311,53.4,35.5,59.5,1,2,37,14.6,15.2,93.2,3,4,1,243,0,0,0,477,42,276,0,0,201,196
Wes Harris,60108,G,TCU,4,100.0,0,305,62.1,81.7,58.1,1,2,121,100.0,100.0,98.8,1,3,0,243,0,235,0,243,132,132,8,0,111,0
Jake Bobo,77997,WR,DUKE,11,44.0,1,154,68.0,,59.9,0,0,0,0.0,0.0,,1,0,0,242,0,0,0,550,0,308,0,0,242,0
Amari Rodgers,61212,WR,CLEMSON,12,37.1,0,140,79.1,,64.9,0,0,0,0.0,0.0,,2,0,0,241,0,0,0,650,0,409,0,0,241,2
Noah Knapp,81582,C,ARMY,8,100.0,0,114,76.9,80.2,72.4,0,0,17,100.0,100.0,100.0,0,0,0,240,240,0,0,240,18,18,0,0,222,0
Matt Goncalves,99680,T,PITTSBURGH,7,99.2,0,268,73.6,71.4,72.2,1,5,144,98.6,98.7,97.9,0,6,0,240,0,38,171,242,148,150,0,6,92,27
Bailey Hockman,60383,QB,NC STATE,10,39.6,0,248,73.9,,60.3,0,0,0,0.0,0.0,,2,0,0,240,0,0,0,606,0,332,0,0,240,0
Michael Saffell,58546,C,CAL,4,100.0,0,130,71.1,79.1,65.6,0,2,139,100.0,100.0,99.3,0,2,0,239,239,0,0,239,145,145,0,0,94,0
Lyndell Hudson Jr.,81643,T,FIU,5,100.0,0,166,84.2,81.2,82.3,0,4,119,100.0,100.0,97.5,1,5,1,239,0,0,0,239,126,126,0,239,113,0
D'Eriq King,26636,QB,MIAMI FL,11,31.9,0,220,90.6,,60.2,0,0,0,0.0,0.0,,3,0,0,239,0,0,0,749,0,421,0,0,239,0
Devin Carter,78013,WR,NC STATE,12,41.9,1,248,66.4,,52.3,0,0,0,0.0,0.0,,4,0,0,239,0,0,0,571,0,332,0,0,239,1
Obinna Nwankwo,100778,G,FIU,5,100.0,0,166,79.2,82.3,83.2,1,2,127,100.0,100.0,98.8,2,3,0,238,0,17,0,238,135,135,221,0,103,0
Tyrone Riley,48517,T,NC STATE,5,100.0,0,248,35.4,0.0,51.8,3,11,112,100.0,100.0,92.0,2,16,2,238,0,0,220,238,120,120,0,18,118,0
CJ Marable,55264,HB,COAST CAR,12,36.7,0,141,75.8,42.3,53.0,1,3,66,22.9,22.7,95.5,0,5,1,238,0,0,0,648,70,308,0,0,168,5
Xavier Gaines,40094,TE,MARSHALL,10,54.8,0,214,71.1,59.5,61.1,0,4,27,13.6,13.9,92.6,0,4,0,238,0,0,0,434,30,216,0,0,208,232
Jalen Grant,130364,G,BOWL GREEN,5,100.0,0,122,67.0,64.1,68.1,1,5,107,100.0,100.0,97.2,1,6,0,238,0,224,0,238,113,113,14,0,125,0
Jake Hornibrook,100519,G,STANFORD,6,100.0,0,300,58.9,58.9,61.3,0,6,135,100.0,100.0,97.8,3,6,0,237,0,206,0,237,145,145,30,0,92,0
Tony Poljan,40148,TE,VIRGINIA,10,43.5,1,335,71.0,55.6,69.4,0,1,44,13.3,12.7,96.6,2,2,1,237,0,0,2,545,45,353,0,0,192,489
Brendan Bordner,56812,T,RUTGERS,5,100.0,0,278,63.3,73.8,57.3,0,5,107,100.0,100.0,96.7,1,6,1,237,0,0,105,237,115,115,0,131,122,0
Desmond Ridder,55086,QB,CINCINNATI,10,37.1,0,138,76.3,,60.3,0,0,0,0.0,0.0,,1,0,0,237,0,0,0,638,0,340,0,0,237,0
Austin Watkins,84457,WR,UAB,7,53.5,0,321,75.7,,64.2,0,0,0,0.0,0.0,,0,0,0,236,0,0,0,441,0,205,0,0,236,0
Tahj Washington,97288,WR,MEMPHIS,11,34.6,2,218,64.4,,62.1,0,0,0,0.0,0.0,,2,0,0,236,0,0,0,683,0,443,0,0,236,0
Desmond Trotter,83552,QB,S ALABAMA,10,40.4,0,288,71.3,,60.0,0,0,0,0.0,0.0,,0,0,0,236,0,0,0,584,0,316,0,0,236,0
Cole Garcia,75872,G,RICE,5,100.0,0,275,60.6,59.2,59.3,0,4,108,100.0,100.0,97.2,0,5,1,235,0,231,0,235,112,112,4,0,123,0
Tyrell Robinson,121607,FB,ARMY,11,70.6,0,114,82.0,42.1,66.7,0,0,5,13.5,14.6,80.0,1,1,1,235,0,0,0,333,6,41,0,0,229,168
Luke Farrell,42353,TE,OHIO STATE,8,62.2,0,260,64.3,60.4,80.8,0,2,40,23.0,23.9,97.5,0,2,0,235,0,0,0,378,45,188,0,0,190,285
Austin Allen,60970,TE,NEBRASKA,8,54.8,0,238,57.1,37.2,53.2,0,1,14,7.1,6.8,96.4,2,1,0,234,0,0,2,427,14,207,0,0,220,238
Shane Calhoun,123802,TE,E CAROLINA,9,64.1,0,156,43.5,42.4,41.8,0,2,39,23.9,25.1,97.4,0,2,0,234,0,0,0,365,44,175,0,0,190,250
Austin Ogunmakin,84335,WR,N TEXAS,10,48.3,0,251,60.2,,71.0,0,0,0,0.0,0.0,,2,0,0,234,0,0,0,484,0,250,0,0,234,0
Niko Hea,99192,TE,MISSOURI,10,58.3,0,229,51.0,43.2,43.6,1,2,23,12.6,13.0,93.5,1,3,0,233,0,0,0,400,25,192,0,0,208,241
Jeremiah Hall,57083,TE,OKLAHOMA,11,60.4,0,261,69.9,65.4,63.7,1,1,39,21.2,21.8,94.9,0,3,1,233,0,0,0,386,42,193,0,0,191,216
Anthony Queeley,77976,WR,SYRACUSE,11,36.3,0,304,55.7,,63.0,0,0,0,0.0,0.0,,0,0,0,233,0,0,0,641,0,408,0,0,233,0
Jha'Quan Jackson,101135,WR,TULANE,12,49.2,0,319,77.9,,55.7,0,0,0,0.0,0.0,,1,0,0,232,0,0,0,472,0,238,0,0,232,11
C.J. Johnson,104187,WR,E CAROLINA,9,45.2,2,156,59.1,,64.0,0,0,0,0.0,0.0,,8,0,0,232,0,0,0,513,0,281,0,0,232,1
Kyle Patterson,104205,TE,AIR FORCE,5,79.7,0,101,84.0,81.3,81.1,0,0,2,3.3,4.8,100.0,4,0,0,232,0,0,15,291,3,62,0,17,229,116
Daniel Barker,83982,TE,ILLINOIS,8,59.9,0,187,64.7,40.9,53.8,0,2,17,10.4,10.4,94.1,3,2,0,232,0,0,0,387,18,173,0,0,214,90
James Gmiter,76932,G,W VIRGINIA,7,100.0,0,343,69.3,76.1,69.1,0,1,132,100.0,100.0,98.9,1,2,1,232,0,208,0,232,138,138,23,0,94,0
Barrett Miller,100562,G,STANFORD,6,100.0,0,300,61.9,54.7,64.4,2,2,127,100.0,100.0,97.6,1,5,1,232,0,231,0,232,141,141,0,0,91,0
Bryce Witham,47401,TE,MINNESOTA,6,84.7,0,225,71.0,59.2,72.3,1,1,51,55.4,56.3,98.0,0,2,0,232,0,0,2,274,54,96,0,1,178,244
Ar'maj Reed-Adams,122543,G,KANSAS,5,100.0,0,198,50.7,42.9,51.8,1,11,124,100.0,100.0,95.2,1,12,0,232,0,0,0,232,137,137,232,0,95,0
Kameron Brown,34567,WR,COAST CAR,12,51.1,0,141,61.6,,64.9,0,0,0,0.0,0.0,,1,0,0,231,0,0,0,452,0,221,0,0,231,10
Kyle Trask,39987,QB,FLORIDA,12,30.2,0,163,92.2,62.2,60.1,0,0,1,0.2,0.2,100.0,5,0,0,231,0,0,0,765,1,498,0,0,230,0
Silas Dzansi,60211,T,VA TECH,8,100.0,0,337,73.0,65.6,71.7,1,2,84,100.0,100.0,98.2,0,3,0,231,0,0,0,231,92,92,70,161,139,0
Spencer Petras,82136,QB,IOWA,8,43.6,0,192,58.5,,60.3,0,0,0,0.0,0.0,,1,0,0,231,0,0,0,530,0,280,0,0,231,0
Jalen Camp,40986,WR,GA TECH,10,43.4,0,176,65.0,60.5,78.2,0,0,1,0.4,0.3,100.0,3,0,0,230,0,0,0,530,1,301,0,0,229,1
Josh Remetich,123232,G,TULANE,7,100.0,1,319,49.2,33.2,55.8,2,9,104,100.0,100.0,93.7,3,12,1,230,0,0,0,230,108,108,230,0,122,0
Josh Imatorbhebhe,40548,WR,ILLINOIS,7,53.9,0,187,66.3,,57.1,0,0,0,0.0,0.0,,1,0,0,230,0,0,0,427,0,197,0,0,230,0
Dylan Koch,40924,TE,BALL ST,8,73.2,0,117,46.9,37.7,57.5,1,0,26,24.5,25.0,94.2,1,2,1,230,0,0,0,314,28,112,0,0,202,296
Brevin Jordan,77887,WR,MIAMI FL,8,50.0,0,220,74.1,65.2,62.5,1,1,38,15.1,15.2,97.4,2,2,0,229,0,0,2,458,41,269,0,0,188,107
Aubry Payne,29432,TE,GA STATE,9,63.6,0,175,49.7,61.7,53.6,0,0,20,13.9,14.4,100.0,0,0,0,229,0,0,0,360,22,153,0,0,207,145
Ben Peterson,83599,WR,AIR FORCE,6,87.7,0,101,88.5,67.4,82.1,0,0,1,3.3,3.2,100.0,0,0,0,229,0,0,0,261,1,31,0,0,228,157
Jared Smart,98732,WR,HAWAII,9,37.6,0,180,60.9,,51.3,0,0,0,0.0,0.0,,1,0,0,229,0,0,0,609,0,379,0,0,229,0
Kenny Pickett,60515,QB,PITTSBURGH,9,33.8,0,268,69.8,,60.5,0,0,0,0.0,0.0,,1,0,0,229,0,0,0,677,0,419,0,0,229,0
Amir Abdur-Rahman,84499,WR,VANDERBILT,9,44.5,0,333,71.3,,84.6,0,0,0,0.0,0.0,,1,0,0,228,0,0,0,512,0,284,0,0,228,1
Dez Fitzpatrick,42349,WR,LOUISVILLE,11,39.5,0,210,74.7,60.9,57.8,0,0,1,0.3,0.3,100.0,3,0,0,228,0,0,0,577,1,350,0,0,227,0
Braheam Murphy,102882,TE,ARMY,10,89.4,0,114,61.9,66.8,69.0,0,0,2,10.0,13.0,100.0,3,0,0,228,0,0,0,255,3,23,0,0,225,145
Tyler Brown,98070,G,LA LAFAYET,10,100.0,0,207,64.3,64.0,64.9,1,1,103,100.0,100.0,99.0,3,2,0,228,0,219,0,228,108,108,7,0,120,0
Elijah Johnson,40719,G,COLO STATE,4,100.0,0,144,55.6,64.7,53.4,3,2,116,100.0,100.0,97.8,2,5,0,228,0,214,14,228,118,118,0,0,110,0
Mike Harley Jr.,61423,WR,MIAMI FL,11,38.6,0,220,75.8,62.1,57.8,0,0,1,0.3,0.3,100.0,3,0,0,227,0,0,0,588,1,361,0,0,226,0
Michael Mayer,122906,TE,NOTRE DAME,12,40.1,1,258,71.0,73.7,71.3,0,0,11,3.3,3.2,100.0,3,0,0,226,0,0,0,564,11,349,0,0,215,308
Dillon Stoner,48304,WR,OKLA STATE,11,44.1,0,262,69.0,,69.4,0,0,0,0.0,0.0,,0,0,0,226,0,0,0,512,0,286,0,0,226,2
Keaton Bills,100524,G,UTAH,4,100.0,0,328,59.6,56.3,60.6,3,5,116,100.0,100.0,95.7,1,9,1,226,0,226,0,226,120,120,0,0,106,0
Jazston Turnetine,124260,T,S CAROLINA,5,100.0,0,289,45.0,33.2,49.0,2,6,97,100.0,100.0,92.8,0,11,3,225,0,1,218,225,107,107,0,6,118,0
TJ Chase,40259,WR,FAU,9,53.4,0,165,69.5,,60.9,0,0,0,0.0,0.0,,1,0,0,225,0,0,0,421,0,196,0,0,225,0
Travis Koontz,98720,TE,TEXAS TECH,9,43.6,1,315,43.9,53.7,52.6,1,0,28,9.2,8.8,98.2,2,1,0,225,0,0,5,516,28,319,0,1,197,300
Eric Magwood,45489,G,MIDDLE TN,5,100.0,0,224,51.8,63.1,46.4,0,4,113,100.0,100.0,96.5,1,6,2,225,0,39,90,225,120,120,96,0,105,0
Jermaine Burton,124017,WR,GEORGIA,10,44.6,1,173,62.5,,63.5,0,0,0,0.0,0.0,,3,0,0,225,0,0,0,504,0,275,0,0,225,8
Jeremiah Banks-Wall,130351,T,BOWL GREEN,5,100.0,0,122,60.5,65.6,56.2,1,3,108,100.0,100.0,97.2,0,5,1,224,0,0,125,224,111,111,0,99,113,0
Kwamie Lassiter II,23226,WR,KANSAS,9,37.8,0,198,67.7,,74.1,0,0,0,0.0,0.0,,1,0,0,224,0,0,0,593,0,369,0,0,224,1
Keylon Stokes,65080,WR,TULSA,9,42.0,0,320,79.2,,79.7,0,0,0,0.0,0.0,,0,0,0,224,0,0,0,533,0,296,0,0,224,0
Kayden Lyles,60256,C,WISCONSIN,4,100.0,0,349,65.8,69.4,66.5,0,1,98,100.0,100.0,98.5,2,2,1,224,224,0,0,224,102,102,0,0,122,0
Jeremy Ruckert,84029,TE,OHIO STATE,8,63.3,0,260,72.0,44.4,70.9,1,0,30,19.5,20.7,95.0,2,2,1,224,0,0,0,354,34,164,0,0,190,256
John FitzPatrick,83974,TE,GEORGIA,10,62.1,0,173,67.5,62.2,81.9,0,2,29,18.6,18.6,96.6,0,2,0,223,0,0,0,359,31,167,0,0,192,239
Cornell Powell,40689,WR,CLEMSON,12,35.1,0,140,75.1,,86.5,0,0,0,0.0,0.0,,5,0,0,223,0,0,0,635,0,412,0,0,223,0
Kwatrivous Johnson,81742,T,MISS STATE,4,100.0,0,227,32.7,22.7,52.6,4,15,179,100.0,100.0,94.1,3,20,1,223,0,0,0,223,182,182,0,223,41,0
Luke Deal,98496,TE,AUBURN,11,74.6,0,115,58.3,69.1,68.1,0,0,40,38.1,34.5,100.0,0,0,0,223,0,0,12,299,40,116,0,0,183,234
Graham Mertz,97994,QB,WISCONSIN,7,48.0,0,349,69.5,,60.2,0,0,0,0.0,0.0,,0,0,0,223,0,0,0,465,0,229,0,0,223,0
Nolan Givan,42166,TE,S DIEGO ST,8,76.9,0,284,48.3,63.0,50.2,0,1,14,17.5,18.3,96.4,0,1,0,223,0,0,0,290,15,82,0,0,208,208
Josh Seltzner,60255,G,WISCONSIN,5,100.0,0,349,65.6,79.3,62.2,0,0,87,100.0,100.0,100.0,1,0,0,222,0,218,0,222,92,92,4,0,130,0
Shi Smith,61643,WR,S CAROLINA,9,45.8,0,289,78.0,60.9,61.4,0,0,1,0.4,0.4,100.0,1,0,0,222,0,0,0,485,1,258,0,0,221,5
Spencer Witter,99632,TE,BOSTON COL,10,71.6,0,121,47.7,58.6,43.5,4,3,48,37.2,35.3,92.7,3,7,0,222,0,0,0,310,48,136,0,0,174,285
Greg Dulcich,84068,TE,UCLA,7,49.8,0,324,80.0,59.1,59.8,0,0,7,3.2,3.5,100.0,2,0,0,221,0,0,8,444,8,231,0,6,213,300
Rashee Rice,97605,WR,SMU,10,37.3,0,287,67.4,,67.9,0,0,0,0.0,0.0,,4,0,0,221,0,0,0,592,0,371,0,0,221,0
Duke Clemens,100545,G,UCLA,5,100.0,0,324,56.4,38.5,58.3,1,5,101,100.0,100.0,97.0,0,6,0,220,0,0,0,220,108,108,220,0,112,0
Henry Hattis,41923,G,ARIZONA ST,4,100.0,1,110,48.5,37.8,50.2,0,5,93,100.0,100.0,96.2,1,6,1,220,0,0,0,220,109,109,219,0,111,0
Treylon Burks,99218,WR,ARKANSAS,9,42.7,0,111,82.6,,70.4,0,0,0,0.0,0.0,,1,0,0,220,0,0,0,515,0,284,0,0,220,4
Chance Warren,77869,HB,NAVY,10,63.7,0,237,60.8,52.4,66.7,0,1,5,5.6,5.0,90.0,0,1,0,219,0,0,0,344,5,101,0,0,214,169
Colby Pursell,41506,C,COLORADO,3,100.0,0,143,56.9,66.4,55.3,0,3,109,100.0,100.0,98.6,1,3,0,219,219,0,0,219,116,116,0,0,103,0
Dexter Carter Jr.,45343,WR,GA SOUTHRN,12,79.9,0,174,60.1,,66.1,0,0,0,0.0,0.0,,1,0,0,219,0,0,0,274,0,54,0,0,219,0
Jake Molinich,45060,TE,BUFFALO,7,75.3,0,126,64.0,39.0,78.1,0,1,17,19.3,21.7,97.1,0,1,0,219,0,0,0,291,20,92,0,0,199,232
Chris Martinez,60046,G,S DIEGO ST,6,100.0,0,284,66.0,18.9,75.6,1,9,101,100.0,100.0,94.1,0,11,1,219,7,13,0,219,103,103,199,0,116,0
Brandon Bowling,42151,WR,ARK STATE,11,33.2,0,113,58.7,,45.2,0,0,0,0.0,0.0,,2,0,0,218,0,0,0,656,0,438,0,0,218,0
Vic Cutler,98229,T,LA MONROE,9,100.0,0,209,59.5,63.4,64.1,1,7,154,100.0,100.0,95.5,3,11,3,218,0,0,0,218,164,164,0,218,54,0
Blair Conwright,99538,WR,TCU,8,49.1,0,305,62.4,66.5,68.9,0,0,1,0.5,0.4,100.0,0,0,0,218,0,0,2,444,1,227,0,0,217,0
Ty Fryfogle,61321,WR,INDIANA,8,40.5,0,190,77.2,,43.5,0,0,0,0.0,0.0,,4,0,0,218,0,0,0,538,0,320,0,0,218,0
Theo Wease Jr.,98005,WR,OKLAHOMA,11,41.5,0,261,69.6,,73.9,0,0,0,0.0,0.0,,0,0,0,217,0,0,0,523,0,305,0,0,217,0
George Pickens,99229,WR,GEORGIA,8,43.4,1,173,70.7,,59.7,0,0,0,0.0,0.0,,4,0,0,217,0,0,0,500,0,283,0,0,217,2
Nelson Smith,57075,FB,NAVY,10,61.8,1,237,77.0,56.4,60.8,0,5,83,95.4,94.7,95.8,1,6,1,217,0,0,0,351,90,95,0,0,127,0
Joshua Palmer,62979,WR,TENNESSEE,10,43.3,0,307,70.7,63.6,59.7,0,0,1,0.4,0.4,100.0,2,0,0,217,0,0,0,501,1,285,0,0,216,0
Thomas Odukoya,77872,TE,E MICHIGAN,6,63.1,0,160,50.5,51.1,55.2,0,1,46,27.5,28.2,96.7,1,2,1,217,0,0,0,344,50,177,0,0,167,245
Sam Denmark,42209,WR,COAST CAR,12,55.8,0,141,65.0,,65.9,0,0,0,0.0,0.0,,0,0,0,217,0,0,0,389,0,172,0,0,217,0
Quazzel White,60107,G,TCU,3,100.0,0,305,52.1,55.9,50.6,1,7,113,100.0,100.0,95.6,1,9,1,217,0,0,0,217,123,123,217,0,94,0
A.J. Howard,83627,HB,ARMY,12,90.4,0,114,70.4,69.2,72.1,0,0,1,11.1,11.1,100.0,2,0,0,216,0,0,0,239,1,9,0,0,215,120
Chase Cota,84465,WR,UCLA,7,50.5,0,324,55.4,,64.5,0,0,0,0.0,0.0,,0,0,0,216,0,0,0,428,0,212,0,0,216,4
Derrick Deese Jr.,84043,TE,S JOSE ST,8,45.4,0,285,70.3,67.2,59.5,0,0,16,6.2,5.8,100.0,1,0,0,216,0,0,0,476,16,276,0,3,200,288
Chris Autman-Bell,55245,WR,MINNESOTA,7,54.3,0,225,72.3,,68.9,0,0,0,0.0,0.0,,1,0,0,215,0,0,0,396,0,181,0,0,215,0
Shaun Beyer,40860,TE,IOWA,8,69.1,0,192,89.8,64.2,81.4,0,0,19,17.0,17.2,100.0,0,0,0,215,0,0,0,311,20,116,0,0,195,279
Larnel Coleman,44146,T,UMASS,4,100.0,0,216,67.7,77.3,59.9,0,3,122,100.0,100.0,98.0,0,4,1,215,0,0,212,215,126,126,0,0,89,3
Jarrett Hopple,41856,T,USF,8,100.0,0,327,59.1,46.9,61.1,4,2,117,100.0,100.0,94.9,0,9,3,215,0,61,1,215,120,120,0,153,95,0
Shameen Jones,61609,WR,RUTGERS,9,43.2,0,278,63.5,62.1,62.3,0,0,1,0.4,0.4,100.0,3,0,0,215,0,0,0,498,1,284,0,0,214,1
Garrett Wilson,97405,WR,OHIO STATE,8,45.3,0,260,81.0,,57.1,0,0,0,0.0,0.0,,5,0,0,214,0,0,0,472,0,256,0,0,214,0
JuanCarlos Santana,78056,WR,TULSA,9,43.9,1,320,69.5,,66.2,0,0,0,0.0,0.0,,3,0,0,214,0,0,0,487,0,271,0,0,214,0
Zak Zinter,129605,G,MICHIGAN,5,100.0,0,222,59.9,39.6,64.3,3,3,126,100.0,100.0,97.6,0,6,0,214,0,0,0,214,134,134,214,0,80,0
Clayton Tune,77652,QB,HOUSTON,8,36.1,0,182,84.7,,60.0,0,0,0,0.0,0.0,,2,0,0,214,0,0,0,593,0,342,0,0,214,0
Erik Ezukanma,78148,WR,TEXAS TECH,10,38.6,1,315,72.2,,71.3,0,0,0,0.0,0.0,,1,0,0,214,0,0,0,555,0,341,0,0,214,0
Jake Marwede,60879,TE,DUKE,11,57.8,0,154,51.5,34.0,55.6,1,1,42,21.8,23.2,92.9,1,4,2,214,0,0,0,370,47,203,0,0,167,145
Mike O'Laughlin,77925,TE,W VIRGINIA,9,56.8,0,343,57.1,55.5,65.3,1,3,42,21.4,20.6,92.9,0,5,1,213,0,0,0,375,42,204,0,0,171,220
Sam Ehlinger,60555,QB,TEXAS,10,30.9,0,311,79.9,,60.0,0,0,0,0.0,0.0,,1,0,0,212,0,0,0,685,0,411,0,0,212,0
Michael Young Jr.,61554,WR,CINCINNATI,10,43.4,0,138,63.7,65.5,62.4,0,0,1,0.4,0.4,100.0,0,0,0,212,0,0,0,488,1,276,0,0,211,6
Demarcus Jones,98745,WR,SO MISS,10,46.7,1,296,63.2,,61.8,0,0,0,0.0,0.0,,1,0,0,212,0,0,0,454,0,239,0,0,212,0
Cornelius McCoy,84196,WR,GA STATE,7,51.2,0,175,71.4,,71.1,0,0,0,0.0,0.0,,0,0,0,211,0,0,0,412,0,201,0,0,211,0
Mitchell Brinkman,42021,TE,USF,9,52.6,0,327,51.5,71.4,45.1,0,1,38,17.0,17.0,98.7,2,1,0,211,0,0,1,401,39,229,0,1,172,224
Giles Amos,60835,TE,ARK STATE,11,52.6,0,113,57.5,46.1,47.2,0,1,38,17.5,17.7,96.1,1,2,1,211,0,0,0,401,41,231,0,0,170,244
Branden Mack,39902,WR,TEMPLE,7,44.9,0,306,60.9,,74.2,0,0,0,0.0,0.0,,2,0,0,211,0,0,0,470,0,256,0,0,211,2
Charlie Kolar,60917,TE,IOWA STATE,11,42.3,1,193,84.9,75.3,59.4,0,0,11,3.9,4.0,100.0,2,0,0,210,0,0,0,496,12,298,0,0,198,203
Malik Williams,61121,WR,APP STATE,11,44.1,0,108,67.6,,55.6,0,0,0,0.0,0.0,,0,0,0,210,0,0,0,476,0,265,0,0,210,3
Chris Olave,84355,WR,OHIO STATE,7,47.1,0,260,83.3,,55.0,0,0,0,0.0,0.0,,0,0,0,209,0,0,0,444,0,234,0,0,209,4
Cameron Ervin,97654,G,SMU,10,100.0,0,287,56.5,73.6,55.0,0,2,101,100.0,100.0,98.0,2,3,1,209,0,92,0,209,107,107,114,0,102,3
Mark Walker,101120,WR,NAVY,10,64.1,0,237,67.4,,60.3,0,0,0,0.0,0.0,,0,0,0,209,0,0,0,326,0,112,0,0,209,5
Tre Walker,52260,WR,S JOSE ST,8,39.5,0,285,72.6,,78.2,0,0,0,0.0,0.0,,5,0,0,209,0,0,0,529,0,320,0,0,209,0
Trea Shropshire,121502,WR,UAB,9,55.3,0,321,63.6,,73.4,0,0,0,0.0,0.0,,0,0,0,209,0,0,0,378,0,169,0,0,209,0
Malachi Carter,77993,WR,GA TECH,10,45.6,0,176,63.3,,60.0,0,0,0,0.0,0.0,,1,0,0,208,0,0,0,456,0,248,0,0,208,0
Marcus Williams,60973,TE,NEW MEXICO,7,52.7,0,241,56.7,54.2,70.8,0,0,21,10.5,10.1,100.0,0,0,0,208,0,0,0,395,21,208,0,0,187,218
Quentin Johnston,123085,WR,TCU,9,46.8,0,305,71.3,61.0,61.1,0,0,1,0.5,0.4,100.0,0,0,0,208,0,0,0,444,1,234,0,0,207,1
Cary Angeline,40767,TE,NC STATE,12,38.2,0,248,65.4,54.1,63.2,1,0,44,12.5,11.7,98.9,1,1,0,206,0,0,1,539,44,377,0,0,162,233
Keith Williams,30673,T,COLO STATE,3,100.0,1,144,67.6,55.6,72.0,2,1,102,100.0,100.0,96.6,2,5,2,206,0,0,206,206,105,105,0,0,101,0
Zac Lefebvre,44819,TE,BUFFALO,7,59.7,0,126,58.4,61.1,56.8,0,1,7,5.1,6.1,92.9,0,1,0,206,0,0,0,345,9,148,0,0,197,295
Chabastin Taylor,61354,WR,KANSAS ST,10,49.5,0,199,57.2,,61.7,0,0,0,0.0,0.0,,1,0,0,206,0,0,0,416,0,208,0,0,206,0
Jackson Lanam,84062,TE,TEXAS ST,7,78.9,0,314,59.4,36.1,45.4,1,3,66,55.9,57.0,92.4,0,7,3,206,0,0,0,261,73,128,0,0,133,219
Tauskie Dove,84318,WR,MISSOURI,10,49.4,0,229,62.8,,62.4,0,0,0,0.0,0.0,,0,0,0,206,0,0,0,417,0,211,0,0,206,2
Ben Skowronek,27948,WR,NOTRE DAME,10,39.2,1,258,65.2,55.0,89.0,0,0,0,0.0,0.0,,4,0,0,206,0,0,0,526,0,318,0,0,206,2
Braden Galloway,77891,TE,CLEMSON,12,43.7,0,140,58.8,70.9,51.0,0,0,27,9.8,9.6,100.0,0,0,0,206,0,0,0,471,28,293,0,0,178,294
Charlie Schmidt,81772,G,NWESTERN,9,99.5,0,256,46.9,29.1,53.1,1,6,109,99.1,99.1,95.0,1,9,2,205,32,0,2,206,113,114,145,0,92,27
Ousman Traore,98695,G,MIAMI FL,5,100.0,0,220,54.1,63.3,50.5,0,2,92,100.0,100.0,97.8,0,3,1,205,0,204,0,205,98,98,0,0,107,0
Jeremiah Haydel,61719,WR,TEXAS ST,12,36.4,0,314,62.1,,58.9,0,0,0,0.0,0.0,,0,0,0,205,0,0,0,563,0,356,0,0,205,0
Matthew Jones,81781,G,OHIO STATE,4,100.0,0,260,71.9,29.6,79.7,4,2,96,100.0,100.0,95.8,1,7,1,205,0,205,0,205,102,102,0,0,103,0
Reikan Donaldson,102947,WR,ARMY,10,78.5,0,114,63.2,63.0,60.4,0,0,1,1.9,1.8,100.0,0,0,0,205,0,0,0,261,1,56,0,0,204,0
Kameren Stewart,98488,T,COAST CAR,8,100.0,0,141,43.3,22.9,51.6,1,6,82,100.0,100.0,95.7,2,7,0,205,0,0,204,205,90,90,0,0,115,1
Sandon McCoy,57146,HB,ARMY,11,68.7,1,114,76.2,75.6,76.7,1,1,40,83.3,84.6,97.5,2,2,0,204,0,0,0,297,44,52,0,0,160,0
Jaden Muskrat,123256,T,TULSA,4,100.0,0,320,59.4,57.0,58.3,0,4,102,100.0,100.0,96.1,0,6,2,204,0,0,6,204,107,107,0,198,97,0
Nicholas Noyen,101271,C,AIR FORCE,5,100.0,0,101,79.2,66.7,74.8,0,2,33,100.0,100.0,97.0,0,2,0,204,204,0,0,204,35,35,0,0,169,0
Joshua Moore,78101,WR,TEXAS,10,40.3,0,311,64.8,,46.3,0,0,0,0.0,0.0,,0,0,0,204,0,0,0,506,0,301,0,0,204,0
Brett Borske,42170,TE,W MICHIGAN,6,68.9,0,347,67.5,66.9,81.3,0,1,42,33.6,32.8,98.8,2,1,0,204,0,0,0,296,45,137,0,0,159,263
Taj Harris,77970,WR,SYRACUSE,10,35.7,1,304,70.9,,62.6,0,0,0,0.0,0.0,,3,0,0,204,0,0,0,572,0,367,0,0,204,0
Justin Dutton,58496,G,ARK STATE,7,100.0,0,113,60.8,74.9,56.2,0,2,130,100.0,100.0,99.2,2,2,0,204,0,11,1,204,136,136,168,24,68,0
Demetris Allen,98082,G,UTSA,6,100.0,0,331,35.8,42.7,38.3,2,4,94,100.0,100.0,95.7,3,7,1,203,0,170,33,203,103,103,0,0,100,0
Gunnar Watson,83570,QB,TROY,9,36.8,0,318,70.7,62.2,60.0,0,0,1,0.3,0.3,100.0,0,0,0,203,0,0,0,552,1,337,0,0,202,0
Tyrrell Pigrome,46511,QB,W KENTUCKY,11,32.3,0,346,62.5,,60.0,0,0,0,0.0,0.0,,1,0,0,203,0,0,0,629,0,351,0,0,203,0
Bubba Hudson,60134,T,TROY,3,100.0,0,318,53.4,49.8,57.0,0,1,120,100.0,100.0,97.1,1,4,3,202,0,0,61,202,125,125,0,139,77,2
Antonio Nunn,42411,WR,BUFFALO,7,57.2,0,126,83.5,,66.9,0,0,0,0.0,0.0,,0,0,0,202,0,0,0,353,0,151,0,0,202,0
Kyle Philips,84463,WR,UCLA,7,46.0,0,324,73.1,,71.4,0,0,0,0.0,0.0,,1,0,0,202,0,0,0,439,0,232,0,0,202,32
Charlie Mangieri,83918,TE,NWESTERN,9,70.9,0,256,50.4,68.3,38.9,0,2,18,17.8,20.2,94.4,2,2,0,202,0,0,1,285,21,104,0,0,181,258
Bryce Cabeldue,122550,T,KANSAS,4,100.0,0,198,49.9,51.9,47.6,1,10,104,100.0,100.0,93.7,0,12,1,202,0,0,0,202,113,113,0,202,89,0
Max Longman,98411,G,UMASS,4,100.0,0,216,56.9,81.2,48.5,0,3,115,100.0,100.0,98.7,1,3,0,202,0,0,5,202,119,119,197,0,83,0
Walker Parks,122156,T,CLEMSON,11,100.0,0,140,78.8,71.9,76.8,0,3,102,100.0,100.0,98.5,0,3,0,201,0,0,131,201,106,106,0,70,95,0
Darnell Washington,124044,TE,GEORGIA,10,61.7,1,173,68.9,53.4,72.6,0,0,18,13.4,14.4,100.0,2,0,0,201,0,0,2,326,21,146,0,0,180,252
Chance Lytle,39834,G,COLORADO,3,100.0,1,143,52.8,32.0,56.2,2,2,75,100.0,100.0,96.0,2,5,1,201,0,201,0,201,81,81,0,0,120,0
Brandon Smith,61327,WR,IOWA,8,46.6,0,192,60.0,,70.9,0,0,0,0.0,0.0,,0,0,0,201,0,0,0,431,0,230,0,0,201,0
Jacob Cowing,100894,WR,UTEP,8,44.4,0,330,78.0,,66.8,0,0,0,0.0,0.0,,1,0,0,201,0,0,0,453,0,252,0,0,201,1
Bruno LaBelle,42163,TE,CINCINNATI,7,70.8,0,138,72.1,73.4,75.2,0,1,32,27.8,29.7,98.4,1,1,0,201,0,0,0,284,35,118,0,0,166,235
Collin Hill,40245,QB,S CAROLINA,8,42.5,0,289,76.9,,60.1,0,0,0,0.0,0.0,,0,0,0,200,0,0,0,471,0,256,0,0,200,0
Ean Pfeifer,36767,TE,LOUISVILLE,10,65.4,0,210,48.5,51.1,47.6,0,2,31,23.5,23.7,93.5,2,3,1,200,0,0,9,306,33,139,0,11,167,230
Jarrett Guarantano,40771,QB,TENNESSEE,7,47.3,0,307,63.6,,60.0,0,0,0,0.0,0.0,,0,0,0,200,0,0,0,423,0,205,0,0,200,0
Zachary Breaux,81709,C,LA MONROE,8,100.0,0,209,36.8,38.5,38.2,1,2,123,100.0,100.0,98.0,1,4,1,199,178,0,0,199,127,127,21,0,72,0
C.J. Thorpe,60018,G,PENN STATE,6,100.0,0,266,63.6,42.6,70.5,1,4,104,100.0,100.0,97.6,1,5,0,199,0,0,0,199,113,113,199,0,86,0
DeMarcus Harris,99244,WR,KENTUCKY,11,57.8,0,202,48.3,,53.5,0,0,0,0.0,0.0,,1,0,0,199,0,0,0,344,0,145,0,0,199,2
Charleston Rambo,61569,WR,OKLAHOMA,10,43.6,0,261,59.9,,72.6,0,0,0,0.0,0.0,,1,0,0,199,0,0,0,456,0,255,0,0,199,1
Joe Ware,41849,T,BOWL GREEN,4,100.0,0,122,61.7,51.8,65.6,3,6,91,100.0,100.0,92.9,1,11,2,199,0,0,199,199,97,97,0,0,102,0
Hunter Bergeron,56396,TE,LA LAFAYET,11,71.1,0,207,45.4,51.8,51.4,0,2,22,21.8,22.1,95.5,0,2,0,199,0,0,0,280,23,104,0,0,176,228
Sam LaPorta,101690,TE,IOWA,8,47.3,0,192,75.0,60.6,71.2,0,2,18,7.9,8.3,94.4,0,2,0,199,0,0,0,421,20,242,0,0,179,288
Trevor Lawrence,77632,QB,CLEMSON,10,31.7,0,140,91.1,,60.3,0,0,0,0.0,0.0,,2,0,0,198,0,0,0,624,0,381,0,0,198,0
Ainias Smith,99207,WR,TEXAS A&M,10,37.1,0,312,73.7,62.7,52.5,0,0,7,2.5,2.4,100.0,1,0,0,198,0,0,0,533,7,292,0,0,191,7
Dakota Davis,60104,G,SYRACUSE,5,100.0,0,304,61.8,63.7,59.7,0,2,113,100.0,100.0,99.1,0,2,0,198,0,134,0,198,117,117,64,0,81,0
Aaron Hackett,61027,TE,SYRACUSE,11,69.1,0,304,56.0,72.5,57.4,0,0,45,35.2,34.3,100.0,1,0,0,197,0,0,0,285,46,134,0,0,151,130
Kadarius Toney,61245,WR,FLORIDA,11,32.1,0,163,84.2,,55.8,0,0,0,0.0,0.0,,1,0,0,197,0,0,0,613,0,397,0,0,197,5
R.J. Sneed II,61166,WR,BAYLOR,9,33.9,0,118,67.3,,60.8,0,0,0,0.0,0.0,,0,0,0,197,0,0,0,581,0,384,0,0,197,2
Levi Williams,98365,QB,WYOMING,6,51.6,0,351,64.7,,60.0,0,0,0,0.0,0.0,,2,0,0,197,0,0,0,382,0,145,0,0,197,0
Ethan Hall,101105,TE,TULSA,8,82.8,0,320,85.3,65.2,82.4,1,0,28,41.8,42.3,98.2,3,1,0,197,0,0,0,238,30,71,0,0,167,224
Isaiah Graham,48337,WR,LA TECH,9,39.9,0,208,58.4,,61.8,0,0,0,0.0,0.0,,0,0,0,197,0,0,0,494,0,297,0,0,197,0
Travis Vokolek,61004,TE,NEBRASKA,8,63.5,0,238,59.0,35.6,61.5,0,1,12,9.8,10.3,95.8,1,1,0,197,0,0,0,310,13,126,0,0,184,231
Alex Palczewski,59738,T,ILLINOIS,4,100.0,0,187,71.4,63.2,71.4,0,3,93,100.0,100.0,95.2,1,6,3,196,0,0,0,196,102,102,0,196,94,0
Kip Frankland,100901,T,NAVY,6,100.0,0,237,68.6,59.7,71.7,0,2,45,100.0,100.0,97.8,4,2,0,196,0,0,0,196,50,50,0,192,146,3
Derek Downs,58536,T,BOWL GREEN,4,100.0,0,122,73.6,76.0,71.6,0,5,93,100.0,100.0,97.3,1,5,0,196,0,0,0,196,97,97,0,196,99,0
Devin Mathews,101123,WR,NAVY,10,72.6,0,237,60.4,48.5,65.1,0,0,4,5.9,5.1,75.0,0,1,1,196,0,0,0,270,4,78,0,3,192,44
Jalen Nailor,84292,WR,MICH STATE,7,44.0,0,223,62.8,,57.6,0,0,0,0.0,0.0,,2,0,0,196,0,0,0,445,0,247,0,0,196,0
Jordyn Law,121583,T,ARMY,7,100.0,0,114,69.7,0.0,72.4,1,3,21,100.0,100.0,90.5,0,4,0,195,0,0,150,195,21,21,0,41,174,4
Jayden Reed,78171,WR,MICH STATE,7,42.4,0,223,62.7,,55.4,0,0,0,0.0,0.0,,1,0,0,195,0,0,0,460,0,260,0,0,195,4
Carson Strong,83524,QB,NEVADA,9,31.6,0,239,85.2,,60.2,0,0,0,0.0,0.0,,2,0,0,194,0,0,0,614,0,414,0,0,194,0
Luke Griffin,99087,G,MISSOURI,6,100.0,0,229,72.2,59.8,75.2,0,2,102,100.0,100.0,99.0,0,2,0,194,5,188,0,194,111,111,1,0,83,0
Blake Zubovic,77331,G,PITTSBURGH,5,100.0,1,268,56.2,54.2,62.5,2,4,127,100.0,100.0,96.9,3,7,1,194,0,0,0,194,129,129,194,0,65,0
Feleipe Franks,40217,QB,ARKANSAS,9,33.6,0,111,72.6,,60.2,0,0,0,0.0,0.0,,2,0,0,193,0,0,0,574,0,336,0,0,193,0
Jalon Calhoun,97272,WR,DUKE,11,43.1,0,154,62.0,,57.8,0,0,0,0.0,0.0,,2,0,0,193,0,0,0,448,0,255,0,0,193,0
Grant Misch,77560,TE,VIRGINIA,8,65.0,0,335,44.0,83.2,46.0,1,0,41,29.9,30.7,98.8,2,1,0,193,0,0,1,297,46,150,0,0,147,168
Briley Moore,47188,TE,KANSAS ST,9,49.9,0,199,79.3,55.1,74.1,1,1,15,7.6,7.2,93.3,3,2,0,193,0,0,0,387,15,209,0,0,178,298
Jalen Virgil,41991,WR,APP STATE,9,52.6,0,108,65.4,,59.7,0,0,0,0.0,0.0,,1,0,0,193,0,0,0,367,0,173,0,0,193,0
Taye Barber,78107,WR,TCU,10,44.5,0,305,65.9,,58.3,0,0,0,0.0,0.0,,1,0,0,193,0,0,0,434,0,227,0,0,193,3
Gavin Hardison,100827,QB,UTEP,7,43.9,0,330,68.5,,60.8,0,0,0,0.0,0.0,,5,0,0,192,0,0,0,437,0,230,0,0,192,0
Bryson Lucero,97608,QB,UAB,7,53.6,0,321,65.3,,60.1,0,0,0,0.0,0.0,,1,0,0,192,0,0,0,358,0,162,0,0,192,0
Tyson Morris,61144,WR,ARKANSAS,10,44.3,0,111,49.0,61.9,47.9,0,0,1,0.4,0.4,100.0,2,0,0,192,0,0,0,433,1,242,0,0,191,0
Blake Proehl,61224,WR,E CAROLINA,9,40.7,0,156,74.0,,61.2,0,0,0,0.0,0.0,,0,0,0,192,0,0,0,472,0,280,0,0,192,0
Brian Abosi,52087,T,UMASS,4,100.0,0,216,49.8,55.2,46.2,3,6,105,100.0,100.0,94.8,1,10,1,191,0,0,1,191,109,109,0,189,82,1
Corey Gammage,98735,WR,MARSHALL,10,45.2,0,214,72.2,,63.6,0,0,0,0.0,0.0,,1,0,0,191,0,0,0,423,0,232,0,0,191,0
Mike Evans,83928,TE,APP STATE,6,70.5,0,108,49.1,63.8,62.4,0,1,24,24.7,24.5,97.9,1,1,0,191,0,0,12,271,26,106,0,1,165,154
Tyler Snead,90863,WR,E CAROLINA,9,39.0,0,156,75.6,,63.3,0,0,0,0.0,0.0,,0,0,0,191,0,0,0,490,0,296,0,0,191,0
Carter Ware,61032,TE,TCU,10,82.7,0,305,66.2,73.2,68.8,2,0,33,45.8,48.1,97.0,1,2,0,191,0,0,1,231,37,77,0,0,154,187
Jeremy Cooper,77483,G,CINCINNATI,6,100.0,0,138,63.3,73.4,60.3,0,2,80,100.0,100.0,97.5,1,3,1,190,0,190,0,190,82,82,0,0,108,0
Jack Bradley,98432,TE,RICE,5,72.0,0,275,56.4,55.6,60.1,1,0,14,16.7,15.9,96.4,0,1,0,190,0,0,1,264,14,88,0,1,176,242
Phat Watts,123238,WR,TULANE,12,49.6,1,319,55.9,73.7,60.2,0,0,2,1.1,1.1,100.0,1,0,0,190,0,0,0,383,2,190,0,0,188,22
Jadan Blue,61705,WR,TEMPLE,6,44.9,0,306,69.6,61.2,66.5,0,0,0,0.0,0.4,,2,0,0,190,0,0,0,423,1,233,0,0,189,3
Hezekiah Jones,61717,WR,TEXAS A&M,6,51.4,0,312,58.4,,56.2,0,0,0,0.0,0.0,,0,0,0,190,0,0,0,370,0,180,0,0,190,1
Kyric McGowan,61544,WR,NWESTERN,8,42.1,0,256,72.6,72.9,73.9,0,0,1,0.4,0.4,100.0,1,0,0,190,0,0,0,451,1,238,0,0,189,0
Marcell Barbee,121958,WR,TEXAS ST,12,36.1,0,314,77.1,,80.8,0,0,0,0.0,0.0,,2,0,0,190,0,0,0,527,0,337,0,0,190,0
Presley Motes,77931,TE,BOWL GREEN,5,66.2,1,122,44.8,69.4,49.8,0,0,25,21.2,21.8,96.0,1,1,1,190,0,0,0,287,27,124,0,0,163,258
Pearse Migl,83993,TE,LA LAFAYET,10,69.7,0,207,45.7,61.5,56.5,0,0,18,19.1,19.6,100.0,0,0,0,189,0,0,1,271,20,102,0,0,169,201
Bryce Ford-Wheaton,78127,WR,W VIRGINIA,9,39.8,0,343,60.6,,72.8,0,0,0,0.0,0.0,,2,0,0,189,0,0,0,475,0,286,0,0,189,0
Sam Noyer,40048,QB,COLORADO,6,45.1,0,143,75.3,,60.0,0,0,0,0.0,0.0,,1,0,0,189,0,0,0,419,0,186,0,0,189,0
Zeke Correll,53431,C,NOTRE DAME,4,100.0,0,258,56.6,29.7,62.8,1,4,95,100.0,100.0,96.3,0,6,1,189,189,0,0,189,104,104,0,0,85,0
Jayshon Jackson,78041,WR,CINCINNATI,10,43.8,0,138,60.6,,72.2,0,0,0,0.0,0.0,,0,0,0,189,0,0,0,432,0,243,0,0,189,1
D'Wayne Eskridge,29573,WR,W MICHIGAN,6,52.2,0,347,86.9,,70.8,0,0,0,0.0,0.0,,1,0,0,189,0,0,0,362,0,172,0,0,189,0
Andrew Erickson,84333,WR,NEW MEXICO,7,48.1,0,241,59.8,,56.4,0,0,0,0.0,0.0,,0,0,0,188,0,0,0,391,0,203,0,0,188,0
Craig Burt Jr.,123445,WR,W KENTUCKY,10,46.7,0,346,56.1,,69.4,0,0,0,0.0,0.0,,1,0,0,188,0,0,0,403,0,215,0,0,188,1
Javon Foster,81748,T,MISSOURI,6,100.0,0,229,62.2,65.7,61.0,0,4,104,100.0,100.0,97.1,1,5,1,188,0,0,33,188,109,109,0,154,79,1
Anthony Schwartz,84135,WR,AUBURN,10,39.2,0,115,70.9,61.0,58.1,0,0,1,0.4,0.3,100.0,0,0,0,188,0,0,0,480,1,289,0,0,187,0
Aaron Jarman,77894,TE,TEMPLE,7,82.8,1,306,51.8,70.7,53.0,0,1,47,56.0,55.7,98.9,2,1,0,188,0,0,0,227,49,88,0,0,139,205
Jason Bean,83529,QB,N TEXAS,8,47.3,0,251,83.3,,60.0,0,0,0,0.0,0.0,,0,0,0,187,0,0,0,395,0,178,0,0,187,0
Benn Olson,41556,G,N ILLINOIS,5,100.0,1,254,66.1,82.2,60.8,0,0,96,100.0,100.0,100.0,1,0,0,187,0,175,0,187,109,109,10,0,78,2
Leonard Taylor,62290,TE,CINCINNATI,10,57.7,0,138,57.8,75.3,54.9,0,0,28,17.9,18.0,100.0,4,0,0,187,0,0,0,324,30,167,0,0,157,212
Wayne Taulapapa,91020,HB,VIRGINIA,10,41.3,0,335,71.1,78.6,52.2,1,2,88,34.4,35.5,98.3,0,3,0,187,0,0,0,453,97,273,0,0,90,7
Tommy McIntyre,91786,TE,SMU,10,71.1,0,287,40.7,55.1,55.1,0,1,20,21.5,21.6,97.5,2,1,0,187,0,0,0,263,21,97,0,0,166,206
Xavier Lane,42334,WR,W KENTUCKY,10,42.5,0,346,60.0,,53.9,0,0,0,0.0,0.0,,2,0,0,187,0,0,0,440,0,253,0,0,187,0
Ethan White,98418,G,FLORIDA,6,100.0,0,163,73.1,82.4,70.8,0,2,107,100.0,100.0,99.1,0,2,0,186,0,145,0,186,108,108,40,0,78,1
Sincere McCormick,97119,HB,UTSA,11,27.5,0,331,77.2,58.4,63.4,0,5,105,32.0,32.5,95.7,1,7,2,186,0,0,0,676,114,351,0,0,72,0
Johnny Johnson III,61588,WR,OREGON,7,48.3,0,264,62.3,,62.5,0,0,0,0.0,0.0,,2,0,0,186,0,0,0,385,0,199,0,0,186,2
Terrell Jana,62782,WR,VIRGINIA,10,34.4,1,335,62.7,60.5,68.6,0,0,1,0.3,0.3,100.0,1,0,0,186,0,0,0,541,1,356,0,0,185,4
Devin Miller,60945,TE,MARSHALL,8,65.1,0,214,52.6,63.7,67.8,0,3,27,22.1,23.3,94.4,1,3,0,185,0,0,0,284,30,129,0,0,155,226
Jack Plumb,81690,T,IOWA,5,100.0,0,192,74.9,55.4,77.2,0,7,77,100.0,100.0,94.2,0,8,1,185,0,0,15,185,80,80,0,169,105,0
Trevon Grimes,61565,WR,FLORIDA,11,35.6,0,163,70.8,,62.7,0,0,0,0.0,0.0,,1,0,0,185,0,0,0,520,0,334,0,0,185,2
Kaleb Eleby,77686,QB,W MICHIGAN,6,46.7,0,347,89.3,,60.0,0,0,0,0.0,0.0,,1,0,0,185,0,0,0,396,0,188,0,0,185,0
JaCorey Sullivan,55060,WR,C MICHIGAN,6,47.2,0,134,57.9,63.9,78.1,0,0,1,0.5,0.5,100.0,1,0,0,184,0,0,0,390,1,207,0,0,183,47
Mason Fairchild,98376,TE,KANSAS,9,72.7,0,198,50.1,24.7,49.0,0,1,34,35.1,34.3,98.5,0,1,0,184,0,0,1,253,36,105,0,2,148,157
Braden Smith,61460,WR,LOUISVILLE,11,43.5,0,210,69.7,62.1,66.5,0,0,1,0.4,0.4,100.0,0,0,0,184,0,0,0,423,1,240,0,0,183,0
Andrew Parchment,41928,WR,KANSAS,8,37.0,4,198,54.6,,53.0,0,0,0,0.0,0.0,,5,0,0,184,0,0,0,497,0,312,0,0,184,0
Robert Haskins,77575,T,VIRGINIA,8,100.0,0,335,67.4,74.0,63.9,1,6,102,100.0,100.0,96.6,1,7,0,184,0,1,87,184,110,110,0,95,74,0
Jesse Matthews,84395,WR,S DIEGO ST,8,49.3,0,284,68.2,,59.0,0,0,0,0.0,0.0,,2,0,0,183,0,0,0,371,0,187,0,0,183,2
Davis Allen,99697,TE,CLEMSON,12,54.8,0,140,71.0,58.9,63.9,0,0,20,12.3,13.2,95.0,0,1,1,183,0,0,0,334,23,174,0,0,160,232
Brady McBride,77641,QB,TEXAS ST,9,32.6,0,314,51.7,,60.3,0,0,0,0.0,0.0,,1,0,0,183,0,0,0,561,0,358,0,0,183,0
Keke Chism,124198,WR,MISSOURI,9,37.3,0,229,66.5,,59.0,0,0,0,0.0,0.0,,0,0,0,183,0,0,0,491,0,308,0,0,183,0
Jacob Adams,79490,TE,LA TECH,10,86.3,0,208,68.1,52.5,66.4,0,1,36,56.3,58.0,95.8,0,2,1,182,0,0,0,211,40,69,0,0,142,178
Mykel Jones,40980,WR,TULANE,11,45.5,0,319,51.3,,54.6,0,0,0,0.0,0.0,,0,0,0,182,0,0,0,400,0,218,0,0,182,0
Reggie Todd,61462,WR,TROY,11,32.3,0,318,64.7,,42.1,0,0,0,0.0,0.0,,0,0,0,182,0,0,0,564,0,382,0,0,182,0
Romeo Doubs,84329,WR,NEVADA,9,32.4,0,239,76.4,,53.2,0,0,0,0.0,0.0,,3,0,0,181,0,0,0,558,0,375,0,0,181,0
Sean Shaw Jr.,78133,WR,IOWA STATE,12,38.4,0,193,56.2,,74.6,0,0,0,0.0,0.0,,2,0,0,181,0,0,0,471,0,290,0,0,181,5
Wan'Dale Robinson,101735,WR,NEBRASKA,8,39.0,0,238,76.6,2.2,58.5,1,0,2,0.9,0.8,75.0,0,1,0,181,0,0,0,464,2,241,0,0,179,2
Jarrin Pierce,100875,WR,MIDDLE TN,9,35.8,0,224,71.8,62.1,66.2,0,0,1,0.3,0.3,100.0,3,0,0,181,0,0,0,506,1,326,0,0,180,1
Logan Bonner,39990,QB,ARK STATE,11,36.1,0,113,70.6,,60.0,0,0,0,0.0,0.0,,2,0,0,181,0,0,0,501,0,309,0,0,181,0
Deonte Simpson,100881,WR,N TEXAS,8,47.1,0,251,71.6,,67.2,0,0,0,0.0,0.0,,1,0,0,180,0,0,0,382,0,202,0,0,180,0
John Samuel Shenker,60854,TE,AUBURN,11,46.3,0,115,52.3,63.8,61.3,0,1,33,14.3,14.0,98.5,1,1,0,180,0,0,1,389,34,243,0,0,146,186
Johnny Lumpkin,83994,TE,LA LAFAYET,11,59.8,0,207,53.7,70.5,68.0,0,0,18,13.8,14.8,100.0,1,0,0,180,0,0,1,301,21,142,0,1,159,230
Chimere Dike,129918,WR,WISCONSIN,7,47.9,0,349,63.3,,84.3,0,0,0,0.0,0.0,,0,0,0,179,0,0,0,374,0,189,0,0,179,0
Logan Wright,57218,HB,GA SOUTHRN,13,50.7,0,174,79.7,42.6,61.6,1,2,27,27.6,27.5,94.4,0,3,0,178,0,0,0,351,28,102,0,0,150,0
Kyren Williams,97118,HB,NOTRE DAME,12,29.8,0,258,73.8,33.3,74.8,3,15,123,39.0,38.9,91.9,1,19,1,178,0,0,0,597,131,337,0,0,47,0
Blake Hickey,99251,G,TCU,4,100.0,0,305,66.6,67.9,69.0,1,2,61,100.0,100.0,97.5,2,3,0,178,0,5,0,178,63,63,173,0,115,0
Ryan Carriere,41232,TE,CHARLOTTE,5,67.8,0,136,53.1,45.6,64.8,0,1,33,30.0,30.6,92.4,0,3,2,177,0,0,0,261,37,121,0,0,140,227
Carlinos Acie,77866,HB,NAVY,10,81.9,0,237,56.6,38.5,68.5,1,2,32,55.2,54.8,89.1,1,5,2,177,0,0,0,216,34,62,0,0,143,101
Princeton Fant,62982,TE,TENNESSEE,10,58.5,0,307,65.3,45.1,67.6,2,2,29,19.3,21.9,93.1,0,4,0,176,0,0,0,301,35,160,0,0,141,213
Tyneil Hopper,83944,TE,BOISE ST,7,69.6,0,120,39.8,58.1,39.0,2,1,37,33.6,32.5,95.9,1,3,0,176,0,0,0,253,37,114,0,0,139,180
Levi Falck,40261,WR,NEBRASKA,8,54.7,0,238,58.2,,57.0,0,0,0,0.0,0.0,,1,0,0,176,0,0,0,322,0,146,0,0,176,0
Tucker Fisk,52286,TE,STANFORD,6,71.0,0,300,64.7,57.3,68.1,0,0,13,16.7,20.0,92.3,0,1,1,176,0,0,0,248,18,90,0,0,158,240
Reggie Marks III,128094,G,UMASS,4,100.0,0,216,55.8,69.0,50.1,1,2,103,100.0,100.0,98.5,0,3,0,176,0,176,0,176,105,105,0,0,71,0
Cole Turner,84330,TE,NEVADA,9,32.2,1,239,72.4,71.4,79.1,0,0,3,0.9,1.1,100.0,4,0,0,176,0,0,1,546,4,374,0,0,172,38
Alex Pihlstrom,60911,G,ILLINOIS,5,100.0,0,187,46.9,50.9,42.7,0,5,82,100.0,100.0,97.0,0,5,0,175,5,168,0,175,90,90,0,0,85,0
Khalil McClain,60568,WR,TROY,11,31.8,0,318,62.5,63.1,59.8,0,0,1,0.3,0.3,100.0,0,0,0,175,0,0,0,551,1,377,0,0,174,1
Whop Philyor,61320,WR,INDIANA,8,35.6,0,190,69.7,62.1,53.1,0,0,0,0.0,0.3,,3,0,0,175,0,0,0,491,1,316,0,0,174,0
Reece McIntyre,98383,G,OLE MISS,5,100.0,0,226,45.1,44.8,41.9,1,6,85,100.0,100.0,95.9,0,7,0,175,0,174,0,175,94,94,0,0,81,0
Javon Ivory,101116,WR,MEMPHIS,10,34.9,0,218,60.6,,69.8,0,0,0,0.0,0.0,,1,0,0,175,0,0,0,501,0,326,0,0,175,0
Luke Musgrave,98499,TE,OREGON ST,7,55.8,0,265,56.0,53.5,52.6,0,1,23,15.0,14.8,93.5,1,2,1,174,0,0,0,312,24,162,0,0,150,225
Rusty Feth,53571,G,MIAMI OH,3,100.0,0,221,65.5,78.4,61.3,1,2,90,100.0,100.0,98.3,0,3,0,174,0,0,0,174,97,97,174,0,77,0
Sean Clifford,51708,QB,PENN STATE,9,31.4,0,266,65.3,,60.0,0,0,0,0.0,0.0,,2,0,0,174,0,0,0,554,0,318,0,0,174,0
Brady Scott,59689,G,FLORIDA ST,7,100.0,0,167,57.2,71.6,56.4,0,6,94,100.0,100.0,96.8,2,6,0,174,0,14,46,174,102,102,94,20,72,0
Dakota Torbert,59811,G,LA MONROE,8,100.0,0,209,44.9,36.3,45.1,1,5,115,100.0,100.0,96.5,1,7,1,174,0,174,0,174,120,120,0,0,54,0
Caleb Shaffer,98380,T,MIAMI OH,3,100.0,0,221,64.7,66.8,61.9,0,3,90,100.0,100.0,98.3,2,3,0,173,0,78,0,173,97,97,0,95,76,0
Stetson Bennett,60387,QB,GEORGIA,8,46.8,0,173,68.7,,60.0,0,0,0,0.0,0.0,,2,0,0,173,0,0,0,370,0,181,0,0,173,0
Will Howard,122599,QB,KANSAS ST,9,40.0,0,199,58.8,,60.0,0,0,0,0.0,0.0,,0,0,0,173,0,0,0,432,0,189,0,0,173,0
Brenden Coffey,123980,T,AUBURN,5,100.0,0,115,59.6,75.1,50.6,0,2,82,100.0,100.0,98.8,1,2,0,172,0,0,0,172,90,90,0,169,82,3
Jacob Copeland,84176,WR,FLORIDA,11,34.0,0,163,56.4,54.4,32.8,0,1,1,0.3,0.3,50.0,1,1,0,172,0,0,0,506,1,334,0,0,171,0
Haaziq Daniels,125263,QB,AIR FORCE,6,59.7,0,101,62.7,,60.0,0,0,0,0.0,0.0,,0,0,0,172,0,0,0,288,0,65,0,0,172,0
Tank Dell,78874,WR,HOUSTON,8,38.4,0,182,68.1,,62.8,0,0,0,0.0,0.0,,2,0,0,172,0,0,0,448,0,276,0,0,172,0
Rashod Bateman,84296,WR,MINNESOTA,5,54.6,0,225,81.1,,61.2,0,0,0,0.0,0.0,,0,0,0,172,0,0,0,315,0,143,0,0,172,0
Josh Johnson,61329,WR,TULSA,9,39.3,1,320,64.4,,51.3,0,0,0,0.0,0.0,,2,0,0,172,0,0,0,438,0,265,0,0,172,0
Bailey Gaither,47904,WR,S JOSE ST,7,41.1,0,285,78.0,,73.8,0,0,0,0.0,0.0,,1,0,0,172,0,0,0,418,0,246,0,0,172,0
James Tupou,81448,FB,UTEP,8,80.7,0,330,56.6,36.8,61.5,0,0,19,33.3,34.9,100.0,0,0,0,171,0,0,0,212,22,63,0,0,149,73
Kyren Lacy,122646,WR,LA LAFAYET,11,49.3,0,207,74.1,,75.5,0,0,0,0.0,0.0,,1,0,0,171,0,0,0,347,0,176,0,0,171,0
Kayshon Boutte,124087,WR,LSU,10,34.8,0,211,73.1,,69.2,0,0,0,0.0,0.0,,0,0,0,171,0,0,0,491,0,320,0,0,171,0
Cole Fotheringham,84070,TE,UTAH,5,70.4,0,328,57.2,72.2,62.0,0,0,23,24.5,25.8,100.0,1,0,0,171,0,0,0,243,25,97,0,0,146,193
Latrell Williams,40021,WR,USF,9,38.2,1,327,57.3,,57.5,0,0,0,0.0,0.0,,3,0,0,171,0,0,0,448,0,276,0,0,171,3
Blake Whiteheart,77881,TE,WAKE,9,61.5,0,339,59.9,63.9,69.9,0,0,25,20.8,19.5,100.0,0,0,0,171,0,0,0,278,26,133,0,0,145,198
Braylon Sanders,61457,WR,OLE MISS,9,47.2,0,226,65.5,,60.2,0,0,0,0.0,0.0,,2,0,0,171,0,0,0,362,0,191,0,0,171,0
Mose Vavao,74174,G,FRESNO ST,3,100.0,0,169,53.1,41.3,53.6,2,7,122,100.0,100.0,96.3,0,9,0,171,0,170,0,171,126,126,0,0,45,0
Chevan Cordeiro,75886,QB,HAWAII,9,27.0,0,180,65.7,62.2,60.2,0,0,0,0.0,0.2,,1,0,0,171,0,0,0,634,1,408,0,0,170,0
Cormac Sampson,84083,C,WISCONSIN,5,100.0,0,349,64.3,69.1,61.4,0,1,62,100.0,100.0,99.2,0,1,0,170,170,0,0,170,67,67,0,0,103,0
Dylan Parham,41351,TE,NC STATE,11,76.6,0,248,57.5,62.6,66.4,0,1,18,28.1,28.8,97.2,0,1,0,170,0,0,0,222,21,73,0,0,149,163
Daniel Morris,101358,WR,AIR FORCE,5,75.8,0,101,64.4,,69.5,0,0,0,0.0,0.0,,1,0,0,169,0,0,3,223,0,54,0,0,169,4
Cade Barnard,83625,FB,ARMY,11,85.4,0,114,61.8,56.2,68.8,1,1,29,90.6,91.2,96.6,2,2,0,169,0,0,0,198,31,34,0,0,138,0
Jaray Jenkins,84274,WR,LSU,10,40.7,0,211,65.4,,70.6,0,0,0,0.0,0.0,,0,0,0,169,0,0,0,415,0,246,0,0,169,5
Miles Marshall,84224,WR,INDIANA,7,40.7,0,190,59.5,66.1,49.3,0,0,1,0.4,0.4,100.0,0,0,0,169,0,0,0,415,1,247,0,0,168,1
Dalton Tucker,81717,T,MARSHALL,7,100.0,0,214,79.2,74.1,76.2,0,4,68,100.0,100.0,97.1,0,4,0,169,0,6,154,169,72,72,0,8,97,0
Malik Murray,61276,WR,GA SOUTHRN,13,54.9,0,174,65.9,,63.2,0,0,0,0.0,0.0,,0,0,0,169,0,0,0,308,0,136,0,0,169,0
Luke Anthony,41127,QB,LA TECH,9,36.7,0,208,61.9,54.3,60.0,0,0,0,0.0,0.0,,6,0,0,169,0,0,0,461,0,283,0,0,169,0
Calvin Turner Jr.,109028,HB,HAWAII,9,30.5,0,180,72.1,64.3,52.8,0,2,17,5.2,5.6,94.1,1,2,0,169,0,0,0,555,19,341,0,0,150,103
Dalen Morris,60474,QB,NAVY,9,53.7,0,237,56.8,,60.0,0,0,0,0.0,0.0,,2,0,0,169,0,0,0,315,0,90,0,0,169,0
Dylan Autenrieth,40793,TE,NC STATE,10,84.9,0,248,51.5,42.2,55.0,0,0,15,34.1,34.8,100.0,0,0,0,169,0,0,0,199,16,46,0,0,153,150
Nick Lenners,60929,TE,KANSAS ST,9,81.3,0,199,55.6,43.4,62.1,1,0,11,23.4,25.0,95.5,0,1,0,169,0,0,0,208,13,52,0,0,156,187
Logan Peterson,60893,TE,FAU,9,63.5,0,165,42.8,43.9,42.1,0,0,9,9.0,9.3,100.0,2,0,0,169,0,0,6,266,10,107,0,3,159,116
Cooper Mays,124289,C,TENNESSEE,10,98.8,0,307,53.6,30.9,63.6,1,4,79,97.5,97.6,96.8,2,5,0,168,129,0,0,170,80,82,0,0,88,37
Kaleb Smith,77982,WR,VA TECH,9,50.0,0,337,55.9,,67.2,0,0,0,0.0,0.0,,0,0,0,168,0,0,0,336,0,168,0,0,168,0
Alan Bowman,77679,QB,TEXAS TECH,8,39.4,0,315,64.8,,60.1,0,0,0,0.0,0.0,,2,0,0,168,0,0,0,426,0,250,0,0,168,0
Treyton Welch,98097,TE,WYOMING,6,65.2,0,351,84.7,70.3,81.7,0,2,22,20.6,20.5,95.5,0,2,0,167,0,0,0,256,23,112,0,0,144,204
Charlie Brewer,60344,QB,BAYLOR,9,26.7,0,118,62.8,,60.2,0,0,0,0.0,0.0,,0,0,0,167,0,0,0,625,0,411,0,0,167,0
Brian Polendey,60955,TE,COLO STATE,4,71.1,0,144,42.0,49.1,53.8,1,2,33,33.3,33.3,95.5,0,3,0,167,0,0,0,235,34,102,0,0,133,202
Juice Scruggs,81800,G,PENN STATE,7,99.4,0,266,76.0,67.3,76.8,0,1,65,98.5,98.6,99.2,0,1,0,166,4,66,0,167,68,69,68,0,98,29
Brenden Knox,57287,HB,MARSHALL,9,37.0,0,214,73.3,62.4,58.2,1,5,121,56.8,57.8,95.9,0,8,2,166,0,0,0,449,130,225,0,0,36,0
Jake Roberts,121905,TE,N TEXAS,10,65.9,0,251,50.1,48.4,51.3,0,1,28,25.0,25.2,98.2,0,1,0,166,0,0,0,252,29,115,0,0,137,92
Dominic Johnson,41594,WR,BUFFALO,7,79.4,0,126,63.8,61.9,63.2,0,0,1,2.4,2.3,100.0,0,0,0,166,0,0,0,209,1,44,0,0,165,3
Quian Williams,61237,WR,E MICHIGAN,6,42.0,0,160,66.8,,65.4,0,0,0,0.0,0.0,,0,0,0,166,0,0,0,395,0,229,0,0,166,1
Drake De Iuliis,61067,TE,VA TECH,10,68.2,0,337,57.7,56.4,67.7,0,2,29,29.3,28.0,96.6,0,2,0,165,0,0,0,242,30,107,0,0,135,175
Braden Moody,81837,T,S ALABAMA,5,100.0,0,288,45.2,29.7,51.3,2,7,76,100.0,100.0,90.1,0,12,3,165,0,0,164,165,83,83,0,0,82,0
Trevis Graham,102925,WR,TEXAS ST,12,36.9,0,314,62.8,54.1,55.6,1,0,1,0.4,0.4,50.0,1,1,0,165,0,0,0,447,1,283,0,0,164,0
Cade Otton,61071,TE,WASHINGTON,4,62.3,0,340,82.4,64.4,67.8,1,0,23,19.5,19.4,97.8,0,1,0,165,0,0,0,265,24,124,0,4,141,204
Daniel Parker Jr.,82343,TE,MISSOURI,7,60.7,0,229,54.9,42.0,70.0,0,1,22,17.6,18.5,93.2,2,2,1,164,0,0,0,270,24,130,0,0,140,183
Peter LeBlanc,97814,WR,LA LAFAYET,10,52.2,0,207,66.9,,61.9,0,0,0,0.0,0.0,,0,0,0,164,0,0,2,314,0,150,0,0,164,0
Jaquarii Roberson,55454,WR,WAKE,9,39.8,0,339,92.6,,54.9,0,0,0,0.0,0.0,,0,0,0,164,0,0,0,412,0,248,0,0,164,1
Asher Alberding,100861,TE,N TEXAS,10,75.6,0,251,56.0,42.5,58.7,0,2,39,43.8,44.2,97.4,2,2,0,164,0,0,0,217,42,95,0,0,122,161
Keith Corbin,40691,WR,HOUSTON,7,41.9,0,182,65.6,62.1,55.9,0,0,1,0.5,0.4,100.0,1,0,0,164,0,0,0,391,1,228,0,0,163,0
Terrace Marshall Jr.,84271,WR,LSU,7,38.9,0,211,78.9,63.9,48.2,0,0,1,0.4,0.4,100.0,2,0,0,164,0,0,0,422,1,259,0,0,163,14
Alex Costilla,121965,T,TEXAS ST,6,100.0,0,314,50.4,31.3,61.3,3,8,98,100.0,100.0,93.4,0,12,1,164,0,2,0,164,105,105,0,160,59,2
Drake Stoops,78087,WR,OKLAHOMA,10,40.0,0,261,64.9,62.1,87.4,0,0,1,0.4,0.4,100.0,0,0,0,163,0,0,0,408,1,246,0,0,162,1
Payne Durham,84037,TE,PURDUE,6,40.5,0,273,48.8,51.3,55.2,1,1,40,15.2,14.6,97.5,2,2,0,163,0,0,0,402,41,280,0,0,122,214
Mason Stokke,42627,FB,WISCONSIN,7,74.4,0,349,69.9,69.8,73.2,0,0,25,40.3,42.4,100.0,0,0,0,163,0,0,0,219,28,66,0,0,135,100
Bobby Lawrence,81744,T,MISSOURI,6,100.0,0,229,68.1,52.5,75.7,2,1,90,100.0,100.0,97.2,1,4,1,163,0,0,160,163,92,92,0,0,71,3
Errol Rogers Jr.,122657,WR,LA LAFAYET,10,54.3,0,207,56.1,,59.2,0,0,0,0.0,0.0,,0,0,0,163,0,0,0,300,0,137,0,0,163,0
Josh Pederson,39861,TE,LA MONROE,10,35.9,0,209,59.7,69.1,56.8,0,1,30,9.8,9.6,98.3,0,1,0,163,0,0,0,454,31,322,0,0,132,263
Jared Wiley,98508,TE,TEXAS,9,57.0,0,311,61.0,67.8,65.3,0,0,26,18.6,18.5,100.0,1,0,0,163,0,0,0,286,28,151,0,0,135,150
Brandon Robinson,84179,WR,FAU,8,48.9,0,165,59.0,,55.5,0,0,0,0.0,0.0,,0,0,0,162,0,0,0,331,0,169,0,0,162,0
Khalil Herbert,41668,HB,VA TECH,10,38.3,0,337,89.5,41.0,61.4,0,3,71,43.0,42.4,95.1,1,5,2,162,0,0,0,423,75,177,0,0,87,2
Danny Godlevske,40471,C,MIAMI OH,3,100.0,0,221,72.1,86.1,67.7,0,0,85,100.0,100.0,100.0,1,0,0,162,162,0,0,162,92,92,0,0,70,0
Reese White,97197,HB,COAST CAR,12,51.6,0,141,80.9,80.6,50.2,0,1,38,38.8,39.4,98.7,1,1,0,161,0,0,0,312,41,104,0,0,120,0
Gavin Sharp,84076,TE,UTSA,9,50.3,0,331,44.9,56.3,54.4,0,2,27,15.6,15.0,96.3,3,2,0,161,0,0,0,320,28,187,0,0,133,216
Keli'i Montibon,52139,G,OREGON ST,2,100.0,0,265,58.9,63.6,55.5,1,1,88,100.0,100.0,98.9,0,2,0,161,0,0,0,161,95,95,161,0,66,0
Carson Baker,83548,QB,S DIEGO ST,6,53.8,0,284,58.8,,60.0,0,0,0,0.0,0.0,,0,0,0,161,0,0,0,299,0,122,0,0,161,0
CJ Williams,57323,HB,NAVY,7,67.9,0,237,70.6,71.2,57.7,0,0,9,13.4,14.3,100.0,0,0,0,161,0,0,0,237,10,70,0,0,151,115
Daniel Crawford,27822,TE,N ILLINOIS,6,43.1,0,254,54.7,53.0,44.0,1,1,30,13.5,13.2,96.7,1,2,0,160,0,0,0,371,32,243,0,0,128,283
Gerrit Prince,84065,TE,UAB,8,62.7,0,321,62.3,74.5,55.0,0,0,26,22.0,22.1,100.0,2,0,0,160,0,0,0,255,27,122,0,0,133,191
Riley Lees,42322,WR,NWESTERN,9,38.6,0,256,61.4,,63.5,0,0,0,0.0,0.0,,1,0,0,160,0,0,0,415,0,250,0,0,160,1
Cam Johnson,84497,WR,VANDERBILT,9,38.0,0,333,74.6,,55.3,0,0,0,0.0,0.0,,3,0,0,160,0,0,0,421,0,261,0,0,160,5
Austin Aune,83528,QB,N TEXAS,8,41.7,0,251,84.1,,60.0,0,0,0,0.0,0.0,,0,0,0,160,0,0,0,384,0,212,0,0,160,0
Thayer Thomas,61515,WR,NC STATE,12,36.3,0,248,74.5,,60.7,0,0,0,0.0,0.0,,1,0,0,160,0,0,0,441,0,280,0,0,160,0
Michael Penix Jr.,82134,QB,INDIANA,6,37.0,0,190,82.9,,60.5,0,0,0,0.0,0.0,,0,0,0,159,0,0,0,430,0,248,0,0,159,0
Christian Anderson,60339,QB,ARMY,7,51.3,0,114,41.9,,60.0,0,0,0,0.0,0.0,,0,0,0,159,0,0,0,310,0,63,0,0,159,0
Kameron Wilson,77902,TE,MEMPHIS,10,62.6,0,218,54.4,43.2,58.9,0,3,19,17.4,20.8,92.1,2,3,0,159,0,0,0,254,25,120,0,0,134,204
Victor Tucker,61203,WR,CHARLOTTE,6,44.5,0,136,76.8,,54.8,0,0,0,0.0,0.0,,2,0,0,159,0,0,0,357,0,192,0,0,159,0
Jaylon Redd,61586,WR,OREGON,7,44.2,0,264,65.2,62.1,57.0,0,0,1,0.5,0.5,100.0,1,0,0,159,0,0,0,360,1,199,0,0,158,3
Cole Cavallo,84050,TE,SO MISS,9,67.9,0,296,73.6,34.5,68.8,1,1,18,20.0,19.4,94.4,1,2,0,159,0,0,1,234,18,93,0,2,141,181
Josh Vann,84414,WR,S CAROLINA,10,41.0,0,289,51.3,,61.7,0,0,0,0.0,0.0,,1,0,0,159,0,0,0,388,0,229,0,0,159,1
Danny Gray,121926,WR,SMU,8,40.5,0,287,72.8,,63.4,0,0,0,0.0,0.0,,1,0,0,158,0,0,0,390,0,229,0,0,158,0
Tre' McKitty,60896,TE,GEORGIA,7,64.5,0,173,72.1,75.0,75.8,0,0,14,14.6,14.7,100.0,2,0,0,158,0,0,0,245,15,102,0,0,143,174
Dennis Smith,77996,WR,DUKE,10,42.7,0,154,62.3,,65.7,0,0,0,0.0,0.0,,0,0,0,158,0,0,0,370,0,212,0,0,158,0
Miles Reed,52077,HB,HAWAII,8,36.2,0,180,62.2,35.9,38.8,1,4,68,26.9,26.7,94.9,0,6,1,158,0,0,0,436,71,266,0,0,87,16
Will Gilchrist,78349,FB,MIDDLE TN,9,82.7,0,224,57.6,65.7,62.0,0,0,32,50.8,52.2,100.0,1,0,0,158,0,0,0,191,36,69,0,0,122,123
Keaton Upshaw,54307,TE,KENTUCKY,11,55.2,0,202,69.4,30.2,69.1,0,0,13,9.6,10.5,100.0,2,0,0,158,0,0,0,286,15,143,0,0,143,156
Garrett Jones,122565,C,KANSAS,4,100.0,0,198,27.8,22.9,29.6,1,5,84,100.0,100.0,95.2,0,7,1,158,158,0,0,158,94,94,0,0,64,0
Christian Wells,102917,WR,APP STATE,11,50.3,0,108,64.2,,61.7,0,0,0,0.0,0.0,,1,0,0,158,0,0,0,314,0,156,0,0,158,0
David Nwaogwugwu,77392,T,TEMPLE,4,100.0,0,306,61.0,66.5,60.4,0,3,62,100.0,100.0,97.6,1,3,0,157,0,0,0,157,64,64,0,157,93,0
Kalil Pimpleton,61799,WR,C MICHIGAN,6,41.3,0,134,67.0,,59.6,0,0,0,0.0,0.0,,0,0,0,157,0,0,0,380,0,210,0,0,157,35
Hagen Meservy,59986,T,OHIO,3,100.0,0,259,76.9,77.5,74.4,1,2,66,100.0,100.0,97.7,0,3,0,157,0,0,0,157,70,70,61,96,87,0
Sam James,78123,WR,W VIRGINIA,9,45.1,0,343,62.0,,76.8,0,0,0,0.0,0.0,,2,0,0,157,0,0,0,348,0,190,0,0,157,1
Nick Sink,41523,T,OHIO,3,100.0,0,259,78.3,66.8,83.6,0,1,66,100.0,100.0,94.7,2,4,3,157,0,0,157,157,70,70,0,0,87,0
Dylan Deveney,99692,TE,GA TECH,7,59.1,0,176,42.5,57.6,42.1,0,1,24,19.2,18.8,97.9,3,1,0,156,0,0,0,264,25,133,0,0,131,175
Adrian Hardy,42172,WR,LA TECH,7,37.5,0,208,70.9,,70.8,0,0,0,0.0,0.0,,0,0,0,156,0,0,0,416,0,260,0,0,156,0
Daniel Moraga,60900,TE,PITTSBURGH,10,45.9,0,268,44.7,52.1,50.8,0,2,28,13.8,14.4,96.4,2,2,0,156,0,0,12,340,31,215,0,7,125,172
Audie Omotosho,42280,WR,E CAROLINA,7,46.2,0,156,57.6,,67.7,0,0,0,0.0,0.0,,1,0,0,156,0,0,0,338,0,182,0,0,156,3
Shocky Jacques-Louis,77960,WR,PITTSBURGH,11,34.9,0,268,59.6,,55.6,0,0,0,0.0,0.0,,0,0,0,156,0,0,0,447,0,286,0,0,156,3
Kyle Pitts,83964,TE,FLORIDA,8,38.1,0,163,96.0,77.1,63.9,0,0,23,8.9,9.0,100.0,1,0,0,156,0,0,0,409,25,278,0,0,131,261
Boe Wilson,41394,G,NEBRASKA,4,100.0,1,238,47.6,60.4,44.3,0,4,81,100.0,100.0,97.5,3,4,0,156,0,28,0,156,88,88,128,0,68,0
Brennan Eagles,78103,WR,TEXAS,9,38.0,0,311,70.9,,66.6,0,0,0,0.0,0.0,,2,0,0,156,0,0,0,411,0,255,0,0,156,0
Oscar Cardenas,98291,TE,UTSA,11,70.1,0,331,58.1,43.3,65.5,1,1,21,24.4,25.8,95.2,1,2,0,155,0,0,0,221,23,89,0,1,132,168
Jalen Williams,40127,WR,LA LAFAYET,11,45.6,0,207,68.3,,66.9,0,0,0,0.0,0.0,,1,0,0,155,0,0,0,340,0,185,0,0,155,0
Kedon Slovis,100580,QB,USC,6,33.4,0,326,79.7,,60.0,0,0,0,0.0,0.0,,3,0,0,155,0,0,0,464,0,304,0,0,155,0
Mike Martinez,100628,TE,UCLA,7,80.3,0,324,64.2,71.4,64.4,0,1,9,22.0,20.8,94.4,1,1,0,155,0,0,2,193,10,48,0,1,145,184
Jalen Wayne,61640,WR,S ALABAMA,11,32.9,1,288,66.4,,62.8,0,0,0,0.0,0.0,,2,0,0,155,0,0,0,471,0,316,0,0,155,0
Jaylen Hall,61825,WR,W MICHIGAN,5,50.3,0,347,64.8,,59.7,0,0,0,0.0,0.0,,0,0,0,155,0,0,0,308,0,153,0,0,155,0
Dontae Keys,64290,T,FIU,4,100.0,0,166,63.1,71.0,60.4,1,1,82,100.0,100.0,97.6,1,3,1,155,0,0,77,155,85,85,0,77,70,1
Mikel Barkley,98748,WR,TCU,10,54.8,0,305,49.7,,60.1,0,0,0,0.0,0.0,,0,0,0,155,0,0,0,283,0,127,0,0,155,0
NaJee Thompson,78869,WR,GA SOUTHRN,13,76.0,0,174,58.5,,64.2,0,0,0,0.0,0.0,,0,0,0,155,0,0,0,204,0,49,0,0,155,0
Billy Kemp IV,77037,WR,VIRGINIA,10,29.6,1,335,73.9,65.1,62.7,0,0,1,0.3,0.3,100.0,3,0,0,155,0,0,0,523,1,364,0,0,154,4
Nate Stewart,61099,WR,AKRON,6,44.0,0,102,59.5,,61.5,0,0,0,0.0,0.0,,0,0,0,155,0,0,0,352,0,197,0,0,155,9
Tyler Shough,83537,QB,OREGON,7,38.4,0,264,61.5,,60.0,0,0,0,0.0,0.0,,0,0,0,154,0,0,0,401,0,207,0,0,154,0
Casey Washington,101710,WR,ILLINOIS,8,55.6,0,187,56.8,,65.1,0,0,0,0.0,0.0,,1,0,0,154,0,0,0,277,0,123,0,0,154,0
Chris Cassidy,100789,G,N TEXAS,6,100.0,0,251,51.4,64.6,47.3,0,1,68,100.0,100.0,99.3,2,1,0,154,0,87,0,154,73,73,67,0,81,0
Tanner Knue,52961,WR,E MICHIGAN,6,40.2,0,160,66.0,,74.4,0,0,0,0.0,0.0,,1,0,0,154,0,0,0,383,0,229,0,0,154,0
Isiah Pacheco,83747,HB,RUTGERS,9,38.4,0,278,66.9,57.8,53.0,0,3,82,39.4,40.0,98.2,2,3,0,154,0,0,0,401,88,220,0,0,66,2
Willie Johnson,41116,WR,MARSHALL,8,47.2,0,214,66.4,,51.1,0,0,0,0.0,0.0,,1,0,0,154,0,0,0,326,0,168,0,0,154,0
Kyle Williams,128374,WR,UNLV,6,37.7,0,325,73.3,,61.7,0,0,0,0.0,0.0,,0,0,0,154,0,0,0,408,0,252,0,0,154,0
Zach Carpenter,101539,C,MICHIGAN,3,100.0,0,222,64.4,54.4,64.9,2,0,79,100.0,100.0,98.7,0,2,0,154,154,0,0,154,84,84,0,0,70,0
Nick Starkel,40326,QB,S JOSE ST,8,33.8,0,285,78.4,,60.0,0,0,0,0.0,0.0,,1,0,0,153,0,0,0,453,0,288,0,0,153,0
Taylor Poitier,99437,G,KANSAS ST,4,100.0,0,199,66.9,66.0,65.9,1,2,60,100.0,100.0,97.5,1,3,0,153,0,0,0,153,61,61,153,0,92,0
Chris Reynolds,60361,QB,CHARLOTTE,6,38.3,0,136,70.9,,60.6,0,0,0,0.0,0.0,,2,0,0,153,0,0,0,400,0,214,0,0,153,0
Tyler Johnston III,60570,QB,UAB,5,56.3,0,321,77.5,,60.1,0,0,0,0.0,0.0,,2,0,0,153,0,0,0,272,0,106,0,0,153,0
Tre Odoms-Dukes,39900,WR,USF,9,43.5,0,327,68.5,,56.7,0,0,0,0.0,0.0,,0,0,0,153,0,0,0,352,0,199,0,0,153,0
Pokey Wilson,55894,WR,FLORIDA ST,9,40.1,0,167,61.0,,47.3,0,0,0,0.0,0.0,,0,0,0,153,0,0,0,382,0,228,0,0,153,0
Skyy Moore,97116,WR,W MICHIGAN,5,49.0,0,347,77.1,,56.0,0,0,0,0.0,0.0,,2,0,0,153,0,0,0,312,0,159,0,0,153,0
Kemore Gamble,60888,TE,FLORIDA,12,49.0,0,163,48.5,31.3,49.4,0,1,16,9.4,9.1,90.6,0,2,1,153,0,0,0,312,16,175,0,0,137,239
Hayden Rucci,101680,TE,WISCONSIN,7,88.4,0,349,60.4,52.9,70.3,0,1,15,44.1,45.9,96.7,2,1,0,153,0,0,0,173,17,37,0,0,136,172
Adonicas Sanders,62988,WR,GA TECH,10,44.9,0,176,61.1,,67.4,0,0,0,0.0,0.0,,2,0,0,153,0,0,0,341,0,187,0,0,153,2
DJ Turner,47663,WR,PITTSBURGH,11,30.7,1,268,65.0,,64.9,0,0,0,0.0,0.0,,4,0,0,153,0,0,0,498,0,335,0,0,153,0
Devin Hayes,81640,T,FAU,4,100.0,1,165,59.0,84.1,51.5,1,1,63,100.0,100.0,98.4,1,2,0,153,0,0,153,153,69,69,0,0,84,0
Brian Hightower,78015,WR,ILLINOIS,8,55.7,0,187,59.3,,71.1,0,0,0,0.0,0.0,,1,0,0,152,0,0,0,273,0,121,0,0,152,0
E.J. Williams Jr.,122164,WR,CLEMSON,12,38.3,0,140,65.3,,47.9,0,0,0,0.0,0.0,,0,0,0,152,0,0,0,397,0,245,0,0,152,0
Brayden Rohme,100535,T,CAL,3,100.0,0,130,60.3,76.9,49.4,0,0,88,100.0,100.0,98.9,0,1,1,152,0,0,152,152,95,95,0,0,57,0
Brennan Armstrong,77696,QB,VIRGINIA,9,26.7,0,335,90.3,,60.6,0,0,0,0.0,0.0,,0,0,0,152,0,0,0,569,0,349,0,0,152,0
Isaiah Winstead,91115,WR,TOLEDO,6,44.2,0,316,70.8,,65.1,0,0,0,0.0,0.0,,1,0,0,152,0,0,0,344,0,192,0,0,152,11
Ty'Kieast Crawford,122177,T,CHARLOTTE,6,100.0,0,136,52.8,46.4,53.6,1,4,55,100.0,100.0,95.5,1,5,0,151,0,0,0,151,58,58,0,150,93,1
Matt McDonald,60350,QB,BOWL GREEN,5,48.9,1,122,50.5,,60.2,0,0,0,0.0,0.0,,1,0,0,151,0,0,0,309,0,156,0,0,151,0
Quintin Morris,61182,TE,BOWL GREEN,5,51.2,0,122,55.3,72.8,53.9,0,0,7,4.9,4.6,100.0,1,0,0,151,0,0,0,295,7,151,0,0,144,196
Isaiah McKoy,78160,WR,KENT STATE,4,51.2,1,201,76.0,,46.7,0,0,0,0.0,0.0,,3,0,0,151,0,0,0,295,0,144,0,0,151,0
Ryan Renick,22838,TE,TEXAS A&M,10,82.1,0,312,56.4,25.7,58.9,0,3,15,31.3,32.7,83.3,1,4,1,151,0,0,0,184,16,49,0,0,135,177
Tommy Doyle,40459,T,MIAMI OH,3,100.0,0,221,64.3,80.2,58.2,1,1,77,100.0,100.0,98.7,2,2,0,151,0,0,150,151,84,84,0,0,67,1
Marcus Bryant,121917,T,SMU,4,100.0,0,287,62.4,60.5,68.5,2,1,79,100.0,100.0,96.8,2,4,1,150,0,0,93,150,90,90,0,57,60,0
Jaelen Gill,82535,WR,BOSTON COL,11,31.4,1,121,64.2,,61.1,0,0,0,0.0,0.0,,3,0,0,150,0,0,0,478,0,328,0,0,150,0
Will Wallace,61043,TE,TULANE,8,67.9,0,319,66.9,69.4,66.4,0,0,17,20.0,20.2,100.0,0,0,0,150,0,0,0,221,18,89,0,0,132,168
Velus Jones Jr.,40573,WR,TENNESSEE,10,45.3,0,307,62.4,61.0,44.1,0,0,1,0.6,0.6,100.0,1,0,0,150,0,0,0,331,1,179,0,0,149,3
Carlos Davis,83755,HB,S ALABAMA,11,32.5,0,288,77.6,55.4,65.6,1,7,103,44.6,43.3,95.1,2,9,1,150,0,0,0,462,106,245,0,0,44,0
Mason Trotter,99652,G,CLEMSON,9,100.0,0,140,65.1,86.3,61.6,0,1,75,100.0,100.0,99.3,1,1,0,150,37,69,0,150,81,81,44,0,69,0
Drew Rosi,55369,TE,TOLEDO,6,54.2,0,316,55.9,64.6,63.6,0,1,21,15.2,15.4,97.6,0,1,0,149,0,0,0,275,23,149,0,0,126,187
KeAndre Lambert-Smith,129789,WR,PENN STATE,9,45.8,0,266,55.0,,58.4,0,0,0,0.0,0.0,,0,0,0,149,0,0,0,325,0,176,0,0,149,0
Ja'Lynn Polk,123153,WR,TEXAS TECH,10,39.5,0,315,58.1,,57.9,0,0,0,0.0,0.0,,2,0,0,149,0,0,0,377,0,228,0,0,149,0
Tyler Lamm,39862,TE,LA MONROE,10,49.3,1,209,56.6,65.8,69.8,0,0,35,19.3,19.5,97.1,2,1,1,149,0,0,1,302,37,190,0,0,112,248
Jaydan Smith,81867,G,TEXAS ST,4,100.0,0,314,63.1,82.8,58.3,0,0,64,100.0,100.0,100.0,1,0,0,149,0,135,0,149,70,70,12,2,79,0
Vincent Davis,99593,HB,PITTSBURGH,11,29.2,0,268,72.8,40.9,57.6,0,5,95,31.8,32.5,96.3,0,6,1,149,0,0,0,510,104,320,0,0,45,0
DJ Johnson,56704,TE,OREGON,7,71.6,0,264,66.0,50.3,61.7,0,2,31,35.6,35.2,93.5,0,3,1,149,0,0,0,208,32,91,0,0,117,180
Tyler Page,61631,WR,SMU,9,33.5,0,287,62.8,,47.4,0,0,0,0.0,0.0,,4,0,0,149,0,0,0,445,0,296,0,0,149,1
David Martin-Robinson,77892,TE,TEMPLE,4,67.3,0,306,73.6,78.1,59.2,0,0,29,30.5,29.4,100.0,1,0,0,148,0,0,0,220,30,102,0,0,118,154
Greg Fecanin,60156,G,UAB,4,100.0,0,321,78.9,30.9,85.7,2,3,63,100.0,100.0,94.4,1,6,1,148,0,116,0,148,64,64,32,0,84,0
Zach Gibson,100201,QB,AKRON,6,43.8,0,102,42.2,,60.0,0,0,0,0.0,0.0,,3,0,0,148,0,0,0,338,0,188,0,0,148,0
Daniel Johnson,77452,T,KENT STATE,3,100.0,0,201,52.7,81.6,55.3,0,0,68,100.0,100.0,98.5,5,1,1,148,0,0,81,148,72,72,0,67,76,0
Hendon Hooker,60593,QB,VA TECH,8,33.3,0,337,81.5,,60.0,0,0,0,0.0,0.0,,0,0,0,148,0,0,0,445,0,210,0,0,148,0
Ross Bowers,38380,QB,N ILLINOIS,6,36.8,0,254,77.5,,60.2,0,0,0,0.0,0.0,,1,0,0,148,0,0,0,402,0,253,0,0,148,0
Nate Weinman,61083,TE,WYOMING,6,77.9,0,351,71.0,45.9,75.4,2,1,24,37.5,36.4,89.6,0,4,1,148,0,0,0,190,24,66,0,0,124,163
Brett Kitrell,59985,C,OHIO,3,100.0,0,259,64.2,74.1,64.7,1,2,65,100.0,100.0,97.7,4,3,0,147,147,0,0,147,69,69,0,0,78,0
William Lay III,62971,C,GA TECH,6,100.0,0,176,41.5,32.3,45.2,0,6,84,100.0,100.0,96.4,0,6,0,147,147,0,0,147,88,88,0,0,59,0
Kearis Jackson,84188,WR,GEORGIA,10,37.9,0,173,73.0,,43.5,0,0,0,0.0,0.0,,2,0,0,147,0,0,0,388,0,241,0,0,147,1
Ben Sims,77918,TE,BAYLOR,6,43.4,0,118,60.3,73.1,51.2,0,1,19,9.6,9.4,97.4,0,1,0,147,0,0,0,339,20,212,0,0,127,168
Bryce Miller,101125,WR,USF,9,38.7,0,327,70.1,62.1,57.6,0,0,0,0.0,0.4,,1,0,0,147,0,0,0,380,1,234,0,0,146,0
Panda Askew,122173,G,CHARLOTTE,4,100.0,0,136,49.3,49.6,49.7,1,3,63,100.0,100.0,96.8,1,4,0,147,0,147,0,147,69,69,0,0,78,0
Jordan Morgan,98652,T,ARIZONA,2,100.0,0,109,47.4,35.1,53.6,1,4,96,100.0,100.0,95.3,1,7,2,147,0,0,147,147,101,101,0,0,46,0
Patrick Paul,101019,T,HOUSTON,2,100.0,0,182,61.0,67.2,66.8,0,2,69,100.0,100.0,98.6,3,2,0,147,0,0,147,147,80,80,0,0,67,0
Brandon Mello,81607,T,CAL,3,100.0,0,130,60.5,60.8,58.0,0,5,83,100.0,100.0,97.0,0,5,0,147,0,0,0,147,90,90,0,147,57,0
Jake Majors,123123,C,TEXAS,3,100.0,0,311,62.6,68.2,62.0,1,1,66,100.0,100.0,95.5,1,4,2,147,147,0,0,147,70,70,0,0,77,0
Joshua Braun,124371,G,FLORIDA,6,100.0,0,163,58.3,75.8,52.7,0,1,73,100.0,100.0,99.3,0,1,0,147,0,0,0,147,75,75,146,0,72,1
Ahmarean Brown,97164,WR,GA TECH,7,44.9,0,176,60.3,,53.2,0,0,0,0.0,0.0,,2,0,0,146,0,0,0,325,0,177,0,0,146,6
Brandon Rolfe,100802,G,UTSA,5,100.0,0,331,70.7,82.2,65.8,1,2,78,100.0,100.0,98.1,0,3,0,146,0,79,67,146,80,80,0,0,66,0
Sean Ryan,78030,WR,W VIRGINIA,9,39.9,0,343,60.3,,56.5,0,0,0,0.0,0.0,,3,0,0,146,0,0,0,366,0,219,0,0,146,0
Christian Beal-Smith,55433,HB,WAKE,9,41.5,0,339,75.7,48.4,65.5,1,7,118,65.9,66.3,94.9,1,10,2,146,0,0,0,352,126,190,0,0,20,0
Emery Simmons,99584,WR,N CAROLINA,10,48.5,0,245,64.2,,47.3,0,0,0,0.0,0.0,,0,0,0,145,0,0,0,299,0,154,0,0,145,0
Ryan Mitchell,61487,WR,NAVY,6,72.1,0,237,71.8,,69.5,0,0,0,0.0,0.0,,0,0,0,145,0,0,1,201,0,56,0,4,145,2
Tyrone Sampson Jr.,81646,G,FRESNO ST,4,100.0,0,169,53.5,52.2,50.6,0,2,89,100.0,100.0,96.6,0,4,2,145,0,50,0,145,95,95,95,0,50,0
Brennon Dingle,40202,WR,UTSA,12,39.7,1,331,61.9,,64.5,0,0,0,0.0,0.0,,1,0,0,145,0,0,0,365,0,215,0,0,145,0
DJ England-Chisolm,97068,WR,MIDDLE TN,9,37.1,0,224,54.5,,69.4,0,0,0,0.0,0.0,,0,0,0,145,0,0,0,391,0,240,0,0,145,0
James Jackson,56723,C,MISS STATE,2,100.0,0,227,48.3,46.3,45.9,3,2,122,100.0,100.0,97.1,0,6,1,144,144,0,0,144,123,123,0,0,21,0
Tyson Gardner,58484,T,ARIZONA,3,100.0,0,109,57.8,40.8,66.5,1,5,89,100.0,100.0,94.4,1,8,2,144,0,0,101,144,93,93,0,42,51,0
CJ Windham,42051,WR,MIDDLE TN,8,40.0,0,224,66.7,,72.4,0,0,0,0.0,0.0,,4,0,0,144,0,0,0,360,0,216,0,0,144,0
Adam Prentice,35639,TE,S CAROLINA,10,83.6,0,289,68.6,73.6,70.1,0,0,22,44.9,45.1,100.0,1,0,0,143,0,0,0,171,23,51,0,0,120,91
Taylor Morin,97213,WR,WAKE,9,37.0,1,339,70.8,,55.8,0,0,0,0.0,0.0,,1,0,0,143,0,0,0,386,0,241,0,0,143,1
Gavin Holmes,61167,WR,BAYLOR,9,31.0,0,118,51.3,,57.9,0,0,0,0.0,0.0,,2,0,0,143,0,0,0,462,0,318,0,0,143,0
Ja'Shaun Poke,100218,WR,KENT STATE,4,49.8,0,201,75.4,,65.9,0,0,0,0.0,0.0,,0,0,0,143,0,0,0,287,0,141,0,0,143,0
Jordan McCloud,101058,QB,USF,8,34.5,0,327,64.4,,60.0,0,0,0,0.0,0.0,,1,0,0,142,0,0,0,411,0,251,0,0,142,0
Owen Drexel,60019,C,PITTSBURGH,6,100.0,0,268,54.0,60.4,54.1,0,1,76,100.0,100.0,99.3,1,1,0,142,142,0,0,142,85,85,0,0,57,0
Dalton Tomlison,98403,C,UMASS,4,100.0,0,216,38.7,23.3,46.1,2,6,78,100.0,100.0,92.3,0,10,2,142,142,0,0,142,80,80,0,0,62,0
Will Craig,81605,T,CAL,2,100.0,0,130,64.2,59.8,63.7,1,2,82,100.0,100.0,97.0,0,4,1,142,0,0,142,142,86,86,0,0,56,0
Nathan Boe,81731,C,MINNESOTA,7,100.0,0,225,54.1,39.6,58.3,1,0,51,100.0,100.0,99.0,1,1,0,142,73,40,8,142,52,52,0,21,90,0
Blake Bueter,60807,G,MICH STATE,5,100.0,0,223,61.9,72.3,60.6,0,0,88,100.0,100.0,100.0,2,0,0,142,0,105,0,142,92,92,37,0,50,0
Amon-Ra St. Brown,84470,WR,USC,6,34.2,0,326,71.7,,59.6,0,0,0,0.0,0.0,,2,0,0,142,0,0,0,415,0,273,0,0,142,1
Marcus Minor,59831,G,MARYLAND,3,100.0,0,215,64.1,79.0,62.3,0,2,83,100.0,100.0,98.8,1,2,0,142,0,0,0,142,88,88,142,0,54,0
Jake Curhan,38549,T,CAL,2,100.0,0,130,61.7,63.7,58.1,0,5,82,100.0,100.0,97.0,0,5,0,142,0,0,0,142,86,86,0,142,56,0
Kaylon Geiger,102929,WR,TROY,11,27.0,1,318,66.2,,44.2,0,0,0,0.0,0.0,,2,0,0,141,0,0,0,522,0,378,0,0,141,1
Rocky Lombardi,60452,QB,MICH STATE,6,41.5,0,223,58.6,,60.0,0,0,0,0.0,0.0,,2,0,0,141,0,0,0,340,0,178,0,0,141,0
Trey McBride,75916,TE,COLO STATE,4,52.0,0,144,86.2,72.3,58.8,0,0,6,4.5,5.1,100.0,3,0,0,140,0,0,0,269,7,136,0,0,133,179
Drake London,86519,WR,USC,6,32.4,1,326,70.6,,69.0,0,0,0,0.0,0.0,,3,0,0,140,0,0,0,432,0,292,0,0,140,0
Justin Ball,98576,TE,VANDERBILT,9,72.9,0,333,42.8,66.6,51.4,0,0,25,34.2,33.3,100.0,3,0,0,140,0,0,0,192,26,78,0,0,114,153
Kamari Morales,99713,TE,N CAROLINA,12,74.9,0,245,58.5,66.2,59.6,0,2,19,30.6,31.9,94.7,1,2,0,140,0,0,0,187,22,69,0,0,118,129
Bosah Osakwe,57109,G,UTSA,3,100.0,0,331,57.4,67.4,53.9,0,2,66,100.0,100.0,98.5,0,2,0,140,7,0,0,140,68,68,133,0,72,0
Jamale Carothers,77868,FB,NAVY,10,55.2,0,237,62.0,54.0,53.2,1,2,53,79.1,78.9,93.4,1,5,2,139,0,0,0,252,56,71,0,0,83,0
Scooter Harrington,40983,TE,STANFORD,6,54.5,0,300,53.8,75.4,65.1,0,0,6,5.1,6.5,100.0,1,0,0,139,0,0,0,255,8,124,0,0,131,187
Pro Wells,77922,TE,TCU,10,51.5,0,305,61.9,73.1,52.2,0,0,6,4.5,5.1,100.0,2,0,0,139,0,0,0,270,7,138,0,1,132,48
Luke Benson,99708,TE,SYRACUSE,11,57.4,1,304,50.9,60.2,56.4,0,1,29,22.3,23.7,98.3,2,1,0,139,0,0,0,242,32,135,0,1,107,187
Nick Tronti,60409,QB,FAU,9,35.8,0,165,73.0,,60.0,0,0,0,0.0,0.0,,2,0,0,139,0,0,0,388,0,201,0,0,139,0
Nolan Groulx,97431,WR,WAKE,8,44.8,0,339,48.7,,66.4,0,0,0,0.0,0.0,,0,0,0,139,0,0,0,310,0,171,0,0,139,5
Ryan Hayes,84003,T,MICHIGAN,2,100.0,0,222,61.1,80.7,57.0,0,1,84,100.0,100.0,99.4,2,1,0,139,0,0,139,139,86,86,0,0,53,0
Justin Hall,61158,WR,BALL ST,7,34.2,0,117,85.8,,71.7,0,0,0,0.0,0.0,,0,0,0,139,0,0,0,407,0,239,0,0,139,0
Beau Johnson,97640,TE,GA SOUTHRN,5,70.4,0,174,66.0,46.3,61.7,0,0,5,8.2,7.9,100.0,0,0,0,138,0,0,0,196,5,63,0,0,133,121
Noah Vedral,55406,QB,RUTGERS,7,30.5,0,278,60.0,62.2,60.4,0,0,0,0.0,0.4,,0,0,0,138,0,0,0,452,1,269,0,0,137,0
Matt Bjorson,83984,TE,INDIANA,8,86.3,0,190,73.5,74.3,72.8,0,0,14,43.8,38.9,100.0,0,0,0,138,0,0,1,160,14,36,0,0,124,154
Mershawn Miller,55164,G,FIU,3,100.0,0,166,64.7,79.6,59.9,0,1,63,100.0,100.0,97.6,0,2,1,138,43,0,0,138,64,64,95,0,74,0
Jamal Turner,55368,TE,TOLEDO,6,54.5,0,316,50.6,61.1,56.8,1,1,25,18.5,18.4,96.0,0,2,0,138,0,0,0,253,26,141,0,0,112,187
Jahleel Billingsley,98221,TE,ALABAMA,12,44.9,0,103,66.2,63.7,45.7,0,0,8,4.7,5.1,87.5,0,1,1,137,0,0,0,305,9,176,0,0,128,188
Jordan Addison,123000,WR,PITTSBURGH,10,27.3,0,268,69.1,,46.4,0,0,0,0.0,0.0,,2,0,0,137,0,0,0,502,0,356,0,0,137,0
Tyrice Richie,100193,WR,N ILLINOIS,6,35.4,1,254,81.9,,59.3,0,0,0,0.0,0.0,,4,0,0,137,0,0,0,387,0,245,0,0,137,0
Britton Beasley,81535,C,AIR FORCE,5,100.0,0,101,69.2,63.3,68.7,0,1,24,100.0,100.0,97.9,1,1,0,137,122,9,6,137,25,25,0,0,112,0
Dylan Leonard,99685,TE,GA TECH,7,62.0,0,176,51.2,58.3,61.4,1,1,25,24.3,23.6,96.0,0,2,0,137,0,0,0,221,26,110,0,0,111,138
Aron Cruickshank,84516,WR,RUTGERS,9,35.5,0,278,57.8,62.1,65.1,0,0,1,0.4,0.4,100.0,1,0,0,137,0,0,0,386,1,246,0,0,136,0
Kyle Jornigan,101599,G,PURDUE,3,100.0,0,273,53.5,44.5,52.8,0,6,89,100.0,100.0,95.5,0,7,1,137,0,0,0,137,96,96,137,0,41,0
Preston Daniel,123494,TE,FLORIDA ST,9,70.1,0,167,53.1,74.7,53.4,1,0,21,28.0,27.5,97.6,1,1,0,136,0,0,0,194,22,80,0,0,114,123
Mose Jeffery,122270,G,BAYLOR,3,100.0,0,118,60.1,72.6,53.8,1,2,85,100.0,100.0,98.2,0,3,0,136,0,83,0,136,91,91,53,0,45,0
Sheldon Jones,84492,WR,UTSA,12,43.7,0,331,57.5,,63.4,0,0,0,0.0,0.0,,0,0,0,136,0,0,0,311,0,175,0,0,136,0
Nykeim Johnson,61692,WR,SYRACUSE,11,29.8,1,304,56.2,70.0,51.1,0,0,1,0.3,0.3,100.0,1,0,0,136,0,0,0,457,1,315,0,0,135,2
Ihmir Smith-Marsette,61324,WR,IOWA,7,40.4,0,192,61.0,,51.8,0,0,0,0.0,0.0,,4,0,0,136,0,0,0,337,0,194,0,0,136,1
Brandon Johnson,40666,WR,TENNESSEE,9,44.3,0,307,63.5,68.5,48.9,0,0,2,1.2,1.2,100.0,0,0,0,135,0,0,0,305,2,172,0,0,133,18
Austin Stogner,98464,TE,OKLAHOMA,8,44.3,0,261,85.2,67.8,63.9,0,0,13,7.7,8.1,100.0,1,0,0,135,0,0,0,305,15,185,0,0,120,173
Justin Shorter,84376,WR,FLORIDA,12,39.6,0,163,61.8,,81.9,0,0,0,0.0,0.0,,2,0,0,135,0,0,0,341,0,206,0,0,135,1
Tay Martin,61811,WR,OKLA STATE,8,55.6,0,262,64.9,,62.9,0,0,0,0.0,0.0,,1,0,0,135,0,0,0,243,0,108,0,0,135,0
Slade Bolden,84089,WR,ALABAMA,13,44.7,0,103,58.7,,46.2,0,0,0,0.0,0.0,,0,0,0,135,0,0,0,302,0,167,0,0,135,0
Parker Moorer,99422,T,W VIRGINIA,6,100.0,0,343,69.9,46.1,79.0,2,2,62,100.0,100.0,96.8,1,4,0,134,0,15,0,134,65,65,0,118,69,0
Asher O'Hara,78529,QB,MIDDLE TN,9,21.2,0,224,77.1,,60.0,0,0,0,0.0,0.0,,1,0,0,134,0,0,0,633,0,373,0,0,134,0
Braeden Daniels,81891,G,UTAH,3,100.0,0,328,79.4,57.6,88.6,0,1,69,100.0,100.0,97.8,1,2,1,134,0,134,0,134,74,74,0,0,60,0
Griffin Hebert,61382,WR,LA TECH,10,33.2,1,208,58.3,71.1,47.1,0,0,5,1.9,2.2,100.0,1,0,0,134,0,0,0,404,6,276,0,0,128,5
Ayden Eberhardt,40554,WR,WYOMING,6,52.1,0,351,69.1,,69.1,0,0,0,0.0,0.0,,0,0,0,134,0,0,0,257,0,122,0,0,134,0
Tim Jones,61669,WR,SO MISS,6,45.9,0,296,85.2,,45.3,0,0,0,0.0,0.0,,0,0,0,134,0,0,0,292,0,158,0,0,134,4
Josh Whyle,54037,TE,CINCINNATI,10,51.2,0,138,90.9,72.7,54.5,0,0,11,8.4,8.0,100.0,1,0,0,133,0,0,0,260,11,138,0,0,122,153
Wisdom Quarshie,98198,G,TEMPLE,3,100.0,0,306,50.3,42.6,49.8,2,1,52,100.0,100.0,97.1,1,3,0,133,0,0,0,133,53,53,133,0,80,0
Malik Knowles,78141,WR,KANSAS ST,9,46.3,0,199,64.6,,71.4,0,0,0,0.0,0.0,,0,0,0,133,0,0,0,287,0,148,0,0,133,0
Rico Bussey Jr.,45380,WR,HAWAII,8,37.4,0,180,60.1,,67.7,0,0,0,0.0,0.0,,1,0,0,133,0,0,0,356,0,223,0,0,133,0
Maurice Bell,61215,WR,COLORADO,6,59.1,0,143,61.4,,59.4,0,0,0,0.0,0.0,,0,0,0,133,0,0,0,225,0,92,0,0,133,0
Jordan Travis,77615,QB,FLORIDA ST,8,34.8,0,167,69.7,,60.8,0,0,0,0.0,0.0,,0,0,0,133,0,0,0,382,0,188,0,0,133,0
C.J. Riley,40684,WR,NC STATE,11,46.3,1,248,58.1,,70.9,0,0,0,0.0,0.0,,2,0,0,133,0,0,0,287,0,154,0,0,133,0
Raymond Pauwels Jr.,101331,TE,FRESNO ST,5,52.0,0,169,47.7,56.7,53.6,0,2,37,24.0,24.1,97.3,0,2,0,133,0,0,0,256,39,162,0,0,94,162
Ben Miles,57078,FB,KANSAS,9,88.6,0,198,51.6,35.7,51.3,0,0,23,57.5,60.5,95.7,0,1,1,132,0,0,0,149,26,43,0,0,106,48
Hank Bachmeier,101284,QB,BOISE ST,5,40.1,0,120,76.3,,60.1,0,0,0,0.0,0.0,,2,0,0,132,0,0,0,329,0,184,0,0,132,0
Tutu Atwell,77965,WR,LOUISVILLE,9,32.7,0,210,77.1,,69.1,0,0,0,0.0,0.0,,0,0,0,131,0,0,0,401,0,268,0,0,131,0
Davis Mills,52269,QB,STANFORD,5,35.1,0,300,82.9,,60.0,0,0,0,0.0,0.0,,2,0,0,131,0,0,0,373,0,229,0,0,131,0
Liam Soraghan,60986,TE,N ILLINOIS,6,82.4,1,254,54.2,49.8,67.3,0,1,21,45.7,46.2,97.6,1,1,0,131,0,0,0,159,24,52,0,0,107,149
Giovanni Fauolo Sr.,40519,TE,UNLV,5,46.6,0,325,46.1,34.8,40.4,0,0,16,9.8,9.6,100.0,1,0,0,131,0,0,0,281,16,166,0,0,115,173
Wesley Kennedy III,61277,HB,GA SOUTHRN,8,51.4,0,174,77.2,25.0,68.6,0,2,3,5.2,5.0,66.7,0,2,0,131,0,0,0,255,3,60,0,0,128,0
Jack Abraham,40557,QB,SO MISS,5,40.6,0,296,74.1,,60.1,0,0,0,0.0,0.0,,0,0,0,130,0,0,0,320,0,178,0,0,130,0
Jake Haener,60596,QB,FRESNO ST,6,29.7,0,169,75.4,,60.3,0,0,0,0.0,0.0,,2,0,0,130,0,0,0,438,0,291,0,0,130,0
Keyshawn Helton,77954,WR,FLORIDA ST,9,37.7,0,167,48.7,,47.6,0,0,0,0.0,0.0,,3,0,0,130,0,0,0,345,0,214,0,0,130,0
Izeya Floyd,97969,G,RICE,3,100.0,0,275,44.7,36.3,43.8,0,2,54,100.0,100.0,96.3,0,3,1,130,0,123,2,130,57,57,1,4,73,0
Xavier Truss,99082,T,GEORGIA,6,100.0,0,173,61.9,34.7,72.2,1,3,53,100.0,100.0,94.3,2,5,1,130,0,1,127,130,59,59,0,0,71,2
Uzoma Osuji,41028,T,BOISE ST,4,100.0,0,120,81.7,78.3,78.4,1,0,57,100.0,100.0,97.4,1,2,1,130,0,0,53,130,60,60,0,76,70,0
Kenneth Walker III,97199,HB,WAKE,7,45.8,0,339,87.1,64.1,56.0,3,5,108,78.3,78.4,96.3,0,8,0,130,0,0,0,284,116,148,0,0,14,1
Lavel Davis Jr.,123773,WR,VIRGINIA,8,29.8,0,335,65.2,,69.0,0,0,0,0.0,0.0,,3,0,0,129,0,0,0,433,0,304,0,0,129,0
J.D. King,57374,HB,GA SOUTHRN,7,42.6,0,174,77.2,59.0,56.6,2,1,17,23.9,24.3,91.2,0,3,0,129,0,0,0,303,18,74,0,0,111,0
Jarett Garner,77998,WR,DUKE,10,46.4,0,154,61.4,,59.2,0,0,0,0.0,0.0,,2,0,0,128,0,0,0,276,0,148,0,0,128,0
Miller Gibbs,83927,TE,APP STATE,10,77.1,0,108,67.6,30.9,70.5,0,0,18,32.7,32.1,94.4,1,1,1,128,0,0,1,166,18,56,0,3,110,95
Jalen Mayfield,81725,T,MICHIGAN,2,100.0,0,222,76.1,75.5,72.3,0,1,74,100.0,100.0,98.0,0,2,1,128,0,0,0,128,76,76,0,128,52,0
Kobe Smith,84397,WR,S DIEGO ST,7,51.6,0,284,64.7,,69.1,0,0,0,0.0,0.0,,0,0,0,128,0,0,0,248,0,120,0,0,128,0
Jake Bailey,72158,WR,RICE,5,44.0,0,275,70.1,,64.7,0,0,0,0.0,0.0,,2,0,0,128,0,0,0,291,0,161,0,0,128,1
Eli Pancol,97995,WR,DUKE,11,39.3,0,154,62.4,,61.8,0,0,0,0.0,0.0,,0,0,0,128,0,0,0,326,0,195,0,0,128,0
Tyler Thurman,78385,T,MIDDLE TN,3,100.0,0,224,43.5,26.5,51.4,3,5,74,100.0,100.0,94.6,0,8,0,128,0,0,113,128,81,81,0,12,47,3
Tim Tanner-Blair,41518,G,BOWL GREEN,5,100.0,0,122,59.9,25.5,69.3,0,4,63,100.0,100.0,93.7,1,6,2,128,0,0,0,128,67,67,119,9,61,0
Deiyantei Powell-Woods,104183,G,C MICHIGAN,3,100.0,0,134,51.7,41.1,51.4,0,3,58,100.0,100.0,97.4,0,3,0,128,0,128,0,128,61,61,0,0,67,0
Artie Henry,84278,WR,MARSHALL,8,43.2,0,214,68.7,,67.0,0,0,0,0.0,0.0,,0,0,0,127,0,0,0,294,0,167,0,0,127,0
Myles Price,123155,WR,TEXAS TECH,9,36.6,0,315,65.6,,68.0,0,0,0,0.0,0.0,,2,0,0,127,0,0,0,347,0,208,0,0,127,0
Daniel Jackson,129654,WR,MINNESOTA,7,45.5,0,225,58.0,,67.9,0,0,0,0.0,0.0,,1,0,0,127,0,0,0,279,0,152,0,0,127,0
Dylan Morris,100570,QB,WASHINGTON,4,48.3,0,340,81.5,,60.0,0,0,0,0.0,0.0,,2,0,0,127,0,0,0,263,0,123,0,0,127,0
Khalil Shakir,84140,WR,BOISE ST,7,33.9,0,120,86.2,,62.2,0,0,0,0.0,0.0,,1,0,0,127,0,0,0,375,0,231,0,0,127,6
Tyler Hunt,82605,TE,MICH STATE,5,52.5,0,223,48.9,24.9,33.4,2,0,19,14.7,14.3,94.7,0,2,0,127,0,0,0,242,19,133,0,0,108,111
Miles Frazier,123626,T,FIU,4,100.0,0,166,70.4,81.5,61.5,1,2,71,100.0,100.0,97.9,0,3,0,126,0,0,124,126,76,76,0,0,50,2
Hudson Henry,99189,TE,ARKANSAS,6,60.6,0,111,50.4,42.8,41.1,0,3,28,26.7,27.4,94.6,2,3,0,126,0,0,2,208,31,113,0,0,95,74
Adam Klein,77395,G,TEMPLE,3,100.0,0,306,66.3,78.7,63.0,0,1,63,100.0,100.0,99.2,0,1,0,126,0,53,0,126,67,67,73,0,59,0
B.J. Alexander,84241,WR,FAU,9,54.5,0,165,54.4,,64.9,0,0,0,0.0,0.0,,0,0,0,126,0,0,0,231,0,105,0,0,126,0
Tyler Vaughns,40283,WR,USC,6,32.4,1,326,67.9,,63.1,0,0,0,0.0,0.0,,3,0,0,126,0,0,0,389,0,263,0,0,126,0
Dimitri Stanley,83810,WR,COLORADO,6,41.4,0,143,66.9,,48.3,0,0,0,0.0,0.0,,0,0,0,125,0,0,0,302,0,176,0,0,125,0
Breece Hall,97636,HB,IOWA STATE,12,18.5,0,193,84.0,61.1,54.8,0,4,76,23.4,23.4,97.4,0,4,0,125,0,0,0,674,81,346,0,0,44,1
Preston Hutchinson,60370,QB,E MICHIGAN,6,29.0,0,160,81.8,,60.0,0,0,0,0.0,0.0,,4,0,0,125,0,0,0,431,0,246,0,0,125,0
Bryce Singleton,55172,WR,FIU,5,43.7,0,166,56.0,,61.2,0,0,0,0.0,0.0,,0,0,0,125,0,0,0,286,0,161,0,0,125,0
Rex Culpepper,40540,QB,SYRACUSE,10,35.8,0,304,33.2,,60.5,0,0,0,0.0,0.0,,1,0,0,125,0,0,0,349,0,215,0,0,125,0
Talik Keaton,84282,WR,MARSHALL,8,45.1,0,214,64.4,,72.4,0,0,0,0.0,0.0,,0,0,0,125,0,0,0,277,0,152,0,0,125,0
AJ Lewis,84063,TE,TROY,11,83.2,0,318,79.1,66.1,72.5,1,0,15,38.5,39.0,96.7,0,1,0,124,0,0,0,149,16,41,0,0,108,128
Joshua Donovan,98647,G,ARIZONA,5,100.0,0,109,53.3,36.1,58.8,0,2,75,100.0,100.0,94.7,1,5,3,124,0,97,0,124,76,76,26,0,48,0
Chaton Mobley,57982,HB,MIDDLE TN,9,36.8,0,224,69.8,72.1,59.9,0,2,49,27.7,29.5,95.9,0,3,1,124,0,0,0,337,56,190,0,0,68,0
Winston Wright Jr.,99537,WR,W VIRGINIA,10,30.9,0,343,71.0,61.0,50.1,0,0,1,0.4,0.4,100.0,0,0,0,124,0,0,0,401,1,276,0,0,123,0
Brevyn Spann-Ford,84006,TE,MINNESOTA,6,69.3,0,225,45.8,72.8,56.2,0,0,15,22.1,21.4,100.0,1,0,0,124,0,0,0,179,15,70,0,0,109,112
Justin McGriff,84325,WR,UTAH ST,6,40.1,0,329,58.7,,49.9,0,0,0,0.0,0.0,,2,0,0,124,0,0,0,309,0,185,0,0,124,0
Kyi Wright,99600,TE,PITTSBURGH,8,60.2,2,268,52.1,14.6,55.4,0,0,7,8.4,7.9,100.0,3,0,0,124,0,0,31,206,7,89,0,15,117,98
Cam'Ron Harris,77728,HB,MIAMI FL,11,28.0,0,220,70.2,53.2,47.0,0,3,58,24.7,26.2,97.4,1,3,0,124,0,0,0,443,68,260,0,0,56,0
Chase Griffin,100579,QB,UCLA,4,57.9,1,324,69.1,,60.0,0,0,0,0.0,0.0,,2,0,0,124,0,0,0,214,0,76,0,0,124,0
Cole Caterbone,102943,WR,ARMY,10,92.5,0,114,74.0,,77.9,0,0,0,0.0,0.0,,0,0,0,124,0,0,0,134,0,10,0,0,124,0
Deon McIntosh,41088,HB,WASH STATE,4,59.6,0,341,76.6,57.1,54.0,2,5,107,78.7,78.2,95.8,0,8,1,124,0,0,0,208,111,142,0,0,13,0
Riley Smith,82091,TE,BOISE ST,7,45.4,0,120,63.4,74.6,55.9,0,0,10,6.8,7.1,100.0,0,0,0,124,0,0,0,273,11,156,0,0,113,161
David Bell,97989,WR,PURDUE,6,29.5,0,273,76.2,,54.5,0,0,0,0.0,0.0,,2,0,0,124,0,0,0,421,0,297,0,0,124,0
Anthony Torres,77939,TE,W MICHIGAN,6,82.0,0,347,49.3,66.3,56.9,0,1,23,48.9,48.1,97.8,2,1,0,123,0,0,0,150,25,52,0,0,98,143
Oakley Lavallii,40522,TE,C MICHIGAN,6,87.9,0,134,57.9,75.8,70.4,0,0,12,42.9,41.4,100.0,2,0,0,123,0,0,0,140,12,29,0,0,111,115
Danielson Ike,98493,G,SMU,5,100.0,0,287,47.7,56.6,46.7,1,0,57,100.0,100.0,99.1,1,1,0,123,0,0,0,123,60,60,123,0,63,0
Willie Wright,61250,WR,FAU,8,50.2,0,165,58.4,,68.7,0,0,0,0.0,0.0,,1,0,0,123,0,0,0,245,0,115,0,0,123,1
Zach Whaley,77504,T,KENT STATE,3,100.0,0,201,63.1,76.8,56.2,0,2,51,100.0,100.0,98.0,1,2,0,123,0,0,0,123,61,61,0,121,62,2
Shedrick Jackson,84136,WR,AUBURN,8,36.9,0,115,49.6,,58.1,0,0,0,0.0,0.0,,0,0,0,123,0,0,0,333,0,210,0,0,123,0
A.T. Perry,77975,WR,WAKE,7,42.9,0,339,60.6,,71.9,0,0,0,0.0,0.0,,1,0,0,123,0,0,0,287,0,164,0,0,123,4
Joseph Scates,78128,WR,IOWA STATE,11,63.5,0,193,57.5,,53.6,0,0,0,0.0,0.0,,1,0,0,122,0,0,0,192,0,70,0,0,122,0
JJ Pegues,123998,TE,AUBURN,11,66.3,0,115,64.4,52.9,58.1,0,1,13,20.3,18.6,96.2,0,1,0,122,0,0,0,184,13,70,0,0,109,117
Erik Krommenhoek,61056,TE,USC,6,46.9,0,326,42.5,58.8,34.7,0,1,13,9.0,9.2,96.2,2,1,0,122,0,0,0,260,14,152,0,0,108,111
Isaiah Neyor,98033,WR,WYOMING,6,51.9,0,351,63.7,,56.0,0,0,0,0.0,0.0,,2,0,0,122,0,0,0,235,0,112,0,0,122,0
Dahu Green,34850,WR,ARK STATE,6,31.0,0,113,75.1,,64.0,0,0,0,0.0,0.0,,0,0,0,122,0,0,0,393,0,271,0,0,122,0
Cade Klimczak,130440,G,C MICHIGAN,3,100.0,0,134,54.5,45.2,54.5,0,5,64,100.0,100.0,96.1,0,5,0,122,0,122,0,122,69,69,0,0,53,0
Monte Pottebaum,81252,FB,IOWA,8,79.7,0,192,60.3,15.6,61.3,0,1,10,25.6,25.0,85.0,0,2,1,122,0,0,0,153,10,40,0,0,112,9
Kanan Ray,81620,G,COLORADO,4,100.0,0,143,72.6,54.2,75.7,0,1,52,100.0,100.0,99.0,0,1,0,122,0,0,0,122,52,52,100,0,70,22
Elijah Stove,40061,WR,AUBURN,10,41.4,0,115,73.4,62.1,61.3,0,0,1,0.6,0.6,100.0,0,0,0,121,0,0,0,292,1,166,0,0,120,3
Jalen Brooks,111284,WR,S CAROLINA,6,43.5,0,289,51.6,54.1,66.5,0,0,1,0.7,0.6,100.0,0,0,0,121,0,0,0,278,1,158,0,0,120,0
Drue Jackson,84504,WR,TEXAS ST,12,36.4,0,314,59.5,,63.5,0,0,0,0.0,0.0,,1,0,0,121,0,0,0,332,0,211,0,0,121,2
Racey McMath,61401,WR,LSU,6,43.5,0,211,61.2,,73.0,0,0,0,0.0,0.0,,0,0,0,121,0,0,0,278,0,157,0,0,121,0
Brayden Bapst,98575,T,VANDERBILT,7,100.0,0,333,43.6,36.6,46.2,0,3,62,100.0,100.0,96.0,0,4,1,121,0,0,0,121,67,67,0,121,54,0
Travis Etienne Jr.,57185,HB,CLEMSON,12,21.8,0,140,82.0,42.8,46.6,1,4,66,20.6,20.8,96.2,1,5,0,121,0,0,0,556,70,337,0,0,51,1
Keon Zipperer,97786,TE,FLORIDA,11,59.4,0,163,75.0,77.7,68.6,0,0,11,11.8,12.8,100.0,0,0,0,120,0,0,0,202,12,94,0,0,108,154
Matthew Murla,101199,FB,AIR FORCE,6,82.2,0,101,63.5,83.2,56.2,0,0,40,93.0,93.0,100.0,0,0,0,120,0,0,0,146,40,43,0,0,80,9
Layne Hatcher,82068,QB,ARK STATE,11,32.0,0,113,77.9,,60.0,0,0,0,0.0,0.0,,0,0,0,120,0,0,0,375,0,250,0,0,120,0
Jack Dunn,47396,WR,WISCONSIN,6,41.5,0,349,68.4,,58.8,0,0,0,0.0,0.0,,0,0,0,120,0,0,0,289,0,165,0,0,120,4
Kolby Taylor,52141,WR,OREGON ST,6,38.5,0,265,65.3,67.1,60.2,0,0,2,1.1,1.0,100.0,0,0,0,120,0,0,0,312,2,193,0,0,118,7
Taylor Thompson,122197,TE,CHARLOTTE,6,56.1,0,136,64.5,62.2,56.5,0,0,18,17.3,16.8,94.4,0,1,1,120,0,0,2,214,19,113,0,0,101,152
Kole Taylor,124114,TE,LSU,5,58.5,0,211,45.3,32.3,48.8,1,2,20,19.4,19.8,92.5,0,3,0,120,0,0,0,205,21,106,0,0,99,160
Jameson Williams,101701,WR,OHIO STATE,8,39.0,0,260,55.5,,54.6,0,0,0,0.0,0.0,,1,0,0,120,0,0,0,308,0,188,0,0,120,0
Dustin Crum,60418,QB,KENT STATE,4,39.1,0,201,85.1,,60.0,0,0,0,0.0,0.0,,0,0,0,120,0,0,0,307,0,155,0,0,120,0
Trevon Bradford,40116,WR,OREGON ST,5,39.8,0,265,64.5,29.9,64.6,0,1,1,0.6,0.6,50.0,0,1,0,119,0,0,0,299,1,179,0,0,118,1
Connor Finucane,121569,G,ARMY,6,100.0,0,114,70.9,83.0,71.2,0,0,13,100.0,100.0,100.0,1,0,0,119,0,40,0,119,14,14,79,0,105,0
Gaej Walker,42531,HB,W KENTUCKY,12,26.3,0,346,63.6,61.8,51.9,0,2,66,26.4,26.5,97.0,1,3,1,119,0,0,0,453,68,257,0,0,51,1
Yusuf Ali,78841,WR,MIDDLE TN,7,34.2,0,224,72.4,72.1,56.7,0,0,5,2.2,2.6,100.0,0,0,0,119,0,0,0,348,6,235,0,0,113,6
Emmanuel Logan-Greene,55409,WR,NEW MEXICO,6,37.7,0,241,66.1,63.9,65.6,0,0,1,0.5,0.5,100.0,0,0,0,119,0,0,0,316,1,190,0,0,118,0
Adrian Martinez,83522,QB,NEBRASKA,7,31.1,0,238,78.2,,60.2,0,0,0,0.0,0.0,,2,0,0,119,0,0,0,383,0,191,0,0,119,0
T.J. Banks,77923,TE,W VIRGINIA,8,71.3,0,343,47.3,44.7,44.5,0,0,12,20.7,22.6,100.0,1,0,0,119,0,0,0,167,14,62,0,0,105,109
Jake Bentley,40788,QB,UTAH,5,40.9,0,328,61.1,,60.1,0,0,0,0.0,0.0,,0,0,0,119,0,0,0,291,0,160,0,0,119,0
Quintin Wilson,53330,G,KENTUCKY,6,100.0,0,202,71.3,55.9,72.9,0,2,49,100.0,100.0,98.0,0,2,0,118,6,56,0,118,53,53,55,0,65,0
Jake Smith,97423,WR,TEXAS,7,41.8,0,311,66.2,,48.9,0,0,0,0.0,0.0,,1,0,0,118,0,0,0,282,0,162,0,0,118,0
Khafre Brown,97398,WR,N CAROLINA,12,38.6,0,245,59.2,,47.3,0,0,0,0.0,0.0,,2,0,0,117,0,0,0,303,0,186,0,0,117,0
Solomon Enis,84473,WR,UTAH,5,41.8,0,328,59.0,,70.7,0,0,0,0.0,0.0,,0,0,0,117,0,0,0,280,0,163,0,0,117,5
JT Daniels,83578,QB,GEORGIA,4,45.3,0,173,86.2,,60.0,0,0,0,0.0,0.0,,0,0,0,117,0,0,0,258,0,136,0,0,117,0
Pat Freiermuth,84085,TE,PENN STATE,4,45.0,0,266,83.0,58.8,74.8,0,2,20,13.1,12.8,95.0,1,2,0,117,0,0,0,260,21,164,0,0,96,118
Justin Marshall,61394,WR,LOUISVILLE,10,40.6,0,210,54.7,,73.6,0,0,0,0.0,0.0,,0,0,0,117,0,0,0,288,0,171,0,0,117,0
Jack Coco,62966,TE,GA TECH,10,77.9,0,176,56.9,53.2,61.7,0,0,9,22.5,26.7,100.0,2,0,0,116,0,0,0,149,12,45,0,0,104,91
Dillan Gibbons,59981,G,NOTRE DAME,6,100.0,0,258,67.1,51.9,68.8,1,1,44,100.0,100.0,97.7,1,2,0,116,0,63,0,116,47,47,51,0,69,0
Zac Welch,98384,G,NEVADA,6,100.0,0,239,53.1,34.9,60.2,0,4,79,100.0,100.0,96.2,2,5,1,116,0,16,0,116,82,82,100,0,34,0
Will Farrar,60132,G,TEXAS TECH,8,100.0,0,315,67.5,49.3,70.6,0,2,63,100.0,100.0,98.4,1,2,0,116,29,64,0,116,66,66,23,0,50,0
Jake Lynch,82436,TE,TEXAS ST,12,80.6,0,314,33.9,31.9,45.7,0,4,35,59.3,58.2,91.4,1,5,1,116,0,0,0,144,39,67,0,1,77,134
Aaron Pyron,98235,G,GA SOUTHRN,10,100.0,0,174,54.4,17.7,59.0,1,0,24,100.0,100.0,97.9,1,1,0,116,0,22,0,116,26,26,94,0,90,0
Miles Kendrick,77673,QB,KANSAS,7,40.6,0,198,49.7,,60.2,0,0,0,0.0,0.0,,0,0,0,116,0,0,0,286,0,156,0,0,116,0
Brody Rodgers,59987,G,OHIO,3,100.0,0,259,68.8,69.9,68.0,0,2,53,100.0,100.0,96.2,0,3,1,116,0,49,0,116,55,55,67,0,61,0
Tanor Bortolini,129915,C,WISCONSIN,3,100.0,0,349,47.8,12.7,66.9,0,1,68,100.0,100.0,99.3,1,1,0,116,116,0,0,116,70,70,0,0,46,0
Hunter Kampmoyer,42701,TE,OREGON,5,58.0,0,264,71.8,28.1,59.1,1,0,9,10.1,10.6,94.4,0,1,0,116,0,0,0,200,10,94,0,0,106,180
Brandon Coleman,123068,T,TCU,4,100.0,0,305,61.2,81.1,49.1,0,1,64,100.0,100.0,99.2,0,1,0,115,0,0,0,115,71,71,0,115,44,0
George Qualls Jr.,130313,WR,AKRON,6,44.1,0,102,63.8,,65.5,0,0,0,0.0,0.0,,0,0,0,115,0,0,0,261,0,146,0,0,115,0
Barrett Banister,61465,WR,MISSOURI,10,34.6,0,229,63.7,,62.4,0,0,0,0.0,0.0,,0,0,0,115,0,0,0,332,0,217,0,0,115,0
Tre Nixon,40445,WR,UCF,4,42.6,0,323,63.9,,62.6,0,0,0,0.0,0.0,,1,0,0,115,0,0,0,270,0,155,0,0,115,0
Dante Cephas,97665,WR,KENT STATE,4,51.3,0,201,60.0,,52.1,0,0,0,0.0,0.0,,1,0,0,115,0,0,0,224,0,108,0,0,115,0
Randall St. Felix,52319,WR,USF,8,42.3,0,327,61.9,,61.8,0,0,0,0.0,0.0,,0,0,0,115,0,0,0,272,0,157,0,0,115,2
Drayton Law,55061,WR,C MICHIGAN,6,50.9,0,134,66.7,,71.4,0,0,0,0.0,0.0,,0,0,0,115,0,0,0,226,0,111,0,0,115,21
Steven Witchoskey,61077,TE,W KENTUCKY,12,73.2,0,346,53.5,72.6,58.3,0,0,18,30.0,31.1,100.0,0,0,0,115,0,0,0,157,19,61,0,0,96,133
Dorian Thompson-Robinson,83574,QB,UCLA,5,35.5,1,324,66.0,,60.0,0,0,0,0.0,0.0,,5,0,0,115,0,0,0,324,0,178,0,0,115,0
Tristan Gebbia,60475,QB,OREGON ST,4,41.4,0,265,83.3,,60.2,0,0,0,0.0,0.0,,0,0,0,115,0,0,0,278,0,151,0,0,115,0
Avery Davis,60502,WR,NOTRE DAME,12,29.9,0,258,65.0,,61.4,0,0,0,0.0,0.0,,2,0,0,115,0,0,0,385,0,267,0,0,115,0
Jayden Daniels,97993,QB,ARIZONA ST,4,44.9,0,110,73.3,,60.1,0,0,0,0.0,0.0,,0,0,0,115,0,0,0,256,0,123,0,0,115,0
Roderic Burns,84334,WR,N TEXAS,9,48.9,0,251,56.8,,60.8,0,0,0,0.0,0.0,,0,0,0,114,0,0,0,233,0,119,0,0,114,0
Greg White,61526,WR,N TEXAS,8,48.1,1,251,57.8,,56.8,0,0,0,0.0,0.0,,2,0,0,114,0,0,0,237,0,123,0,0,114,0
Colin Woodside,77403,G,CINCINNATI,6,100.0,0,138,44.2,33.9,43.8,2,2,44,100.0,100.0,95.5,0,4,0,114,0,38,0,114,50,50,76,0,64,0
Theo Howard,39914,WR,OKLAHOMA,10,47.5,0,261,62.8,,65.0,0,0,0,0.0,0.0,,0,0,0,114,0,0,0,240,0,126,0,0,114,0
Daniel George,84378,WR,PENN STATE,9,44.0,0,266,53.9,,50.4,0,0,0,0.0,0.0,,0,0,0,114,0,0,0,259,0,145,0,0,114,0
Luke Ford,83973,TE,ILLINOIS,8,58.5,0,187,55.1,64.7,65.9,0,1,11,12.9,12.0,95.5,0,1,0,114,0,0,0,195,11,92,0,0,103,94
Jake Tonges,60864,TE,CAL,4,54.6,0,130,50.6,66.1,49.2,0,2,29,24.8,24.2,96.6,0,2,0,113,0,0,0,207,30,124,0,0,83,152
Raheem Blackshear,57385,HB,VA TECH,11,36.2,1,337,65.1,43.4,49.8,0,0,18,12.9,13.2,94.4,1,1,1,113,0,0,0,312,20,151,0,0,93,0
Matt LaRoche,57213,HB,GA SOUTHRN,13,60.1,0,174,73.2,75.8,64.2,0,0,6,17.6,16.7,100.0,0,0,0,113,0,0,0,188,6,36,0,0,107,0
Sean Tucker,123056,HB,SYRACUSE,9,32.4,0,304,77.4,64.7,53.6,0,3,92,49.2,51.0,98.4,1,3,0,113,0,0,0,349,101,198,0,0,12,0
Porter Haught,98264,T,BALL ST,2,100.0,1,117,54.3,63.6,54.6,0,1,43,100.0,100.0,91.9,1,4,3,113,0,0,113,113,48,48,0,0,65,0
Reagan Roberson,60972,TE,NEVADA,9,90.4,0,239,52.7,76.4,53.3,0,0,9,45.0,47.8,100.0,0,0,0,113,0,0,5,125,11,23,0,0,102,78
Jordan Jones,40152,WR,CINCINNATI,10,48.3,0,138,63.3,,69.4,0,0,0,0.0,0.0,,0,0,0,112,0,0,0,232,0,120,0,0,112,0
Zech Byrd,98711,TE,E CAROLINA,6,81.8,1,156,35.5,57.1,41.8,0,3,27,52.9,52.8,94.4,1,3,0,112,0,0,0,137,28,53,0,0,84,125
Marvin Mims Jr.,122937,WR,OKLAHOMA,11,40.7,0,261,88.8,,63.5,0,0,0,0.0,0.0,,0,0,0,112,0,0,0,275,0,161,0,0,112,0
Chase Brown,77787,HB,ILLINOIS,8,34.5,0,187,75.0,67.6,59.2,0,0,35,25.9,25.9,97.1,1,1,1,112,0,0,0,325,37,143,0,0,75,0
Porter Rooks,122883,WR,NC STATE,12,40.1,0,248,65.9,62.1,46.9,0,0,1,0.6,0.6,100.0,1,0,0,112,0,0,0,279,1,167,0,0,111,0
D'Antne Demery,81644,T,FIU,2,100.0,0,166,66.2,71.7,61.8,0,1,48,100.0,100.0,99.0,0,1,0,112,0,0,108,112,51,51,0,0,61,4
Cameron Dollar,61207,WR,CHARLOTTE,6,45.9,0,136,63.6,,71.8,0,0,0,0.0,0.0,,0,0,0,112,0,0,0,244,0,132,0,0,112,0
Cee Jay Powell,42146,WR,LA TECH,10,36.1,0,208,66.2,64.4,53.4,0,0,1,0.5,0.5,100.0,1,0,0,112,0,0,0,310,1,199,0,0,111,1
Tyhier Tyler,82083,QB,ARMY,7,41.9,0,114,64.5,,60.0,0,0,0,0.0,0.0,,2,0,0,112,0,0,0,267,0,8,0,0,112,0
Richard Bates Jr.,98665,G,E MICHIGAN,6,100.0,0,160,53.0,68.1,46.2,1,0,63,100.0,100.0,99.2,0,1,0,112,16,9,0,112,71,71,87,0,41,0
Jashaun Corbin,83773,HB,FLORIDA ST,9,34.0,0,167,67.9,38.8,50.9,3,3,43,24.6,25.8,88.4,1,8,2,112,0,0,0,329,47,182,0,0,65,0
Justin Lockhart,74298,WR,NEVADA,9,34.4,0,239,62.3,,55.5,0,0,0,0.0,0.0,,0,0,0,112,0,0,0,326,0,214,0,0,112,5
Darrell Harding Jr.,98211,WR,DUKE,11,42.4,0,154,62.8,,63.8,0,0,0,0.0,0.0,,0,0,0,112,0,0,0,264,0,152,0,0,112,0
Carson Terrell,61059,TE,UTAH ST,5,63.8,0,329,71.6,65.6,80.4,0,1,22,26.5,26.7,97.7,0,1,0,111,0,0,0,174,23,86,0,0,88,122
Braxton Burmeister,60513,QB,VA TECH,5,44.6,0,337,75.7,,60.0,0,0,0,0.0,0.0,,1,0,0,111,0,0,0,249,0,105,0,0,111,0
Eli Peters,40041,QB,TOLEDO,4,39.9,0,316,68.2,,60.0,0,0,0,0.0,0.0,,3,0,0,111,0,0,0,278,0,165,0,0,111,0
Isaac Martin,57938,TE,LOUISVILLE,11,76.6,0,210,51.3,36.3,53.3,1,1,19,36.5,37.0,94.7,0,2,0,111,0,0,0,145,20,54,0,3,91,34
Sean Eckert,84130,WR,ARMY,6,87.4,0,114,58.0,61.9,63.1,0,0,1,6.3,5.9,100.0,0,0,0,111,0,0,0,127,1,17,0,0,110,0
Chandler Speights,61721,WR,TEXAS ST,12,35.7,0,314,61.5,,73.1,0,0,0,0.0,0.0,,0,0,0,110,0,0,0,308,0,198,0,0,110,1
Keric Wheatfall,98730,WR,FRESNO ST,5,32.9,0,169,62.6,,73.2,0,0,0,0.0,0.0,,0,0,0,110,0,0,0,334,0,223,0,0,110,0
Hunter Buczkowski,41264,TE,C MICHIGAN,6,74.3,1,134,76.8,42.1,74.7,0,0,14,27.5,30.9,92.9,3,1,1,110,0,0,0,148,17,55,0,0,93,140
Ryan O'Keefe,101139,WR,UCF,10,31.7,0,323,57.7,,58.4,0,0,0,0.0,0.0,,1,0,0,110,0,0,0,347,0,237,0,0,110,3
T.J. Finley,124093,QB,LSU,5,37.9,0,211,71.8,,60.0,0,0,0,0.0,0.0,,2,0,0,110,0,0,0,290,0,158,0,0,110,0
Ronnie Bell,84288,WR,MICHIGAN,6,36.5,0,222,72.2,,65.7,0,0,0,0.0,0.0,,0,0,0,110,0,0,0,301,0,191,0,0,110,0
Bryan Thompson,61777,WR,UTAH,5,43.3,0,328,65.5,,58.2,0,0,0,0.0,0.0,,0,0,0,110,0,0,0,254,0,143,0,0,110,0
Jared Wayne,99691,WR,PITTSBURGH,8,35.3,0,268,60.4,,56.3,0,0,0,0.0,0.0,,0,0,0,109,0,0,2,309,0,200,0,0,109,1
Bryce Mitchell,55370,WR,TOLEDO,6,43.8,0,316,70.4,,59.2,0,0,0,0.0,0.0,,6,0,0,109,0,0,0,249,0,140,0,0,109,0
Zeriah Beason,131729,WR,OREGON ST,7,41.9,0,265,64.8,,59.7,0,0,0,0.0,0.0,,0,0,0,109,0,0,0,260,0,151,0,0,109,0
Jalen Knox,84314,WR,MISSOURI,9,36.3,0,229,69.8,,59.0,0,0,0,0.0,0.0,,0,0,0,109,0,0,0,300,0,180,0,0,109,1
De'Corian Clark,100892,WR,UTSA,11,62.6,0,331,67.7,,70.6,0,0,0,0.0,0.0,,0,0,0,109,0,0,0,174,0,64,0,0,109,0
Kyle Jarvis,98716,TE,NEW MEXICO,7,62.6,0,241,69.5,55.9,81.6,1,0,17,21.5,20.7,97.1,0,1,0,109,0,0,0,174,17,82,0,0,92,117
Max Gilliam,38503,QB,UNLV,6,33.4,0,325,76.1,,60.0,0,0,0,0.0,0.0,,1,0,0,109,0,0,0,326,0,201,0,0,109,0
Jamarye Joiner,82071,WR,ARIZONA,5,40.3,0,109,59.0,,50.4,0,0,0,0.0,0.0,,0,0,0,108,0,0,0,268,0,160,0,0,108,1
Neal Johnson,98298,TE,LA LAFAYET,7,50.7,0,207,55.7,35.6,47.2,2,0,9,8.3,8.7,88.9,1,2,0,108,0,0,0,213,10,115,0,0,98,144
Jordan Myers,41521,TE,RICE,5,43.7,0,275,78.5,73.5,64.1,0,0,3,2.3,3.0,100.0,0,0,0,108,0,0,0,247,4,133,0,0,104,136
Ramel Keyton,99204,WR,TENNESSEE,7,43.2,0,307,53.8,,67.6,0,0,0,0.0,0.0,,1,0,0,108,0,0,0,250,0,142,0,0,108,1
Isaiah Hamilton,84401,WR,S JOSE ST,8,32.8,0,285,57.4,,61.4,0,0,0,0.0,0.0,,1,0,0,108,0,0,0,329,0,220,0,0,108,0
Tre'von Bradley,61291,WR,HOUSTON,6,38.0,0,182,60.3,,56.5,0,0,0,0.0,0.0,,0,0,0,108,0,0,0,284,0,176,0,0,108,0
Ben Davis,55252,G,NEW MEXICO,6,100.0,0,241,60.4,69.3,56.6,1,2,56,100.0,100.0,95.5,0,4,1,107,0,0,0,107,59,59,83,24,48,0
Dontay Demus Jr.,84284,WR,MARYLAND,5,37.7,0,215,70.1,,49.1,0,0,0,0.0,0.0,,0,0,0,107,0,0,0,284,0,177,0,0,107,2
Turner Corcoran,129684,T,NEBRASKA,3,100.0,1,238,53.2,78.7,49.4,0,1,45,100.0,100.0,96.7,1,2,1,106,0,0,106,106,48,48,0,0,58,0
Ian McIver,59997,C,OKLAHOMA,5,100.0,0,261,79.3,73.6,75.6,0,0,52,100.0,100.0,100.0,0,0,0,106,106,0,0,106,53,53,0,0,53,0
Trelon Smith,57135,HB,ARKANSAS,10,24.1,1,111,66.2,42.4,53.5,1,1,47,19.9,20.7,91.5,3,5,3,106,0,0,0,440,52,251,0,0,54,2
DJ Render,61350,WR,KANSAS ST,9,57.3,0,199,58.2,,71.5,0,0,0,0.0,0.0,,0,0,0,106,0,0,0,185,0,79,0,0,106,0
Ernesto Ramirez,102825,T,ARK STATE,6,100.0,0,113,53.2,53.4,56.4,0,4,60,100.0,100.0,93.3,2,6,2,106,0,0,60,106,64,64,0,46,42,0
Andrej Karic,123120,T,TEXAS,3,100.0,0,311,69.6,82.4,62.4,0,0,47,100.0,100.0,100.0,0,0,0,106,0,0,106,106,50,50,0,0,56,0
Larry Rountree III,57308,HB,MISSOURI,10,21.4,0,229,76.8,80.3,68.2,0,1,66,28.0,28.9,99.2,0,1,0,106,0,0,0,495,71,246,0,0,35,0
Brenden Bates,53746,TE,KENTUCKY,6,75.2,1,202,48.1,34.9,53.3,1,2,8,20.0,20.5,81.2,1,3,0,106,0,0,0,141,9,44,0,0,97,65
Henry Colombi,60583,QB,TEXAS TECH,6,31.5,0,315,65.1,,60.0,0,0,0,0.0,0.0,,0,0,0,105,0,0,0,333,0,216,0,0,105,0
Jose Barbon,78032,WR,TEMPLE,5,43.0,0,306,56.1,,60.4,0,0,0,0.0,0.0,,0,0,0,105,0,0,0,244,0,139,0,0,105,0
Donny Navarro III,84220,WR,ILLINOIS,8,51.2,0,187,59.8,,48.2,0,0,0,0.0,0.0,,1,0,0,105,0,0,0,205,0,100,0,0,105,0
Antoine Robinson,121473,WR,SO MISS,9,40.4,0,296,66.9,,69.3,0,0,0,0.0,0.0,,0,0,0,105,0,0,0,260,0,155,0,0,105,0
Tyrone Tracy,84226,WR,IOWA,8,48.2,0,192,63.8,,57.7,0,0,0,0.0,0.0,,2,0,0,105,0,0,0,218,0,111,0,0,105,1
Hassan Beydoun,78185,WR,E MICHIGAN,5,39.6,0,160,83.8,,62.8,0,0,0,0.0,0.0,,0,0,0,105,0,0,0,265,0,160,0,0,105,3
Atonio Mafi,82449,G,UCLA,7,100.0,0,324,56.3,41.3,57.6,0,2,48,100.0,100.0,93.7,0,4,2,105,0,105,0,105,52,52,0,0,53,0
Matt Lynch,40546,TE,COLORADO,4,66.9,0,143,49.3,62.5,67.2,0,1,18,28.1,26.8,97.2,0,1,0,105,0,0,1,157,19,71,0,0,86,114
Hawk Wimmer,104200,G,AIR FORCE,5,100.0,0,101,61.8,40.9,62.2,0,1,20,100.0,100.0,97.5,0,1,0,104,0,4,0,104,21,21,100,0,83,0
Jovany Ruiz-Navarro,78055,WR,BUFFALO,7,50.2,0,126,65.1,,67.4,0,0,0,0.0,0.0,,1,0,0,104,0,0,0,207,0,103,0,0,104,1
Kris Campbell,101270,G,AIR FORCE,5,100.0,0,101,67.1,63.2,66.3,0,1,20,100.0,100.0,97.5,0,1,0,104,0,103,0,104,21,21,0,0,83,0
Cedric Patterson III,84332,WR,NEW MEXICO,7,53.6,0,241,55.3,,58.8,0,0,0,0.0,0.0,,0,0,0,104,0,0,0,194,0,90,0,0,104,0
Devaughn Cooper,41966,WR,UTEP,8,39.0,1,330,58.0,,66.7,0,0,0,0.0,0.0,,1,0,0,104,0,0,0,267,0,163,0,0,104,1
Bobby Cole,57331,HB,NEW MEXICO,7,42.3,0,241,77.7,67.4,83.7,1,2,45,52.3,52.7,96.7,0,3,0,104,0,0,0,246,48,91,0,0,56,0
Jonathan Ifedi,41402,WR,GA STATE,9,58.5,0,175,58.6,,63.0,0,0,0,0.0,0.0,,0,0,0,103,0,0,0,176,0,73,0,0,103,0
Jontre Kirklin,55630,WR,LSU,10,34.0,0,211,56.5,,59.6,0,0,0,0.0,0.0,,0,0,0,103,0,0,0,303,0,200,0,0,103,0
Chase Garbers,60356,QB,CAL,4,35.2,0,130,62.0,,60.0,0,0,0,0.0,0.0,,1,0,0,103,0,0,0,293,0,181,0,0,103,0
Ko Kieft,41372,TE,MINNESOTA,4,82.4,0,225,77.9,42.5,79.6,0,1,17,44.7,44.7,97.1,0,1,0,103,0,0,1,125,17,38,0,0,86,114
Michael Irvin II,42255,TE,FAU,7,62.8,0,165,42.9,31.2,56.4,0,1,6,9.1,10.3,91.7,2,1,0,103,0,0,2,164,7,68,0,4,96,80
Lance Robinson,121819,T,MIDDLE TN,3,100.0,0,224,47.8,75.7,41.0,0,2,40,100.0,100.0,97.5,0,2,0,103,0,0,4,103,42,42,0,99,61,0
Jordan Merrell,61253,WR,FAU,9,38.1,0,165,61.4,,54.3,0,0,0,0.0,0.0,,2,0,0,103,0,0,0,270,0,163,0,0,103,2
Deon Jackson,57189,HB,DUKE,11,22.2,0,154,58.9,46.1,58.8,0,3,66,26.3,26.3,96.2,0,4,1,103,0,0,0,464,70,266,0,0,33,0
Ja'Cyais Credle,123740,WR,UCF,10,49.8,0,323,53.8,,61.1,0,0,0,0.0,0.0,,1,0,0,102,0,0,0,205,0,103,0,0,102,1
De'Vion Warren,61141,WR,ARKANSAS,7,39.1,1,111,68.8,,76.0,0,0,0,0.0,0.0,,1,0,0,102,0,0,0,261,0,158,0,0,102,2
Justin Dedich,83018,C,USC,2,100.0,0,326,61.2,48.9,63.5,0,3,59,100.0,100.0,97.5,0,3,0,102,102,0,0,102,65,65,0,0,37,0
John Bates,42275,TE,BOISE ST,5,60.7,0,120,80.7,76.8,81.8,0,0,13,17.1,18.5,100.0,1,0,0,102,0,0,0,168,15,81,0,0,87,128
LaJohntay Wester,123616,WR,FAU,8,51.3,0,165,68.3,,58.5,0,0,0,0.0,0.0,,0,0,0,102,0,0,0,199,0,90,0,0,102,2
TJ Sullivan,84396,WR,S DIEGO ST,8,63.4,0,284,60.4,,55.4,0,0,0,0.0,0.0,,1,0,0,102,0,0,0,161,0,59,0,0,102,1
Jaden Walley,124189,WR,MISS STATE,11,19.5,1,227,63.8,,30.4,0,0,0,0.0,0.0,,3,0,0,102,0,0,0,523,0,421,0,0,102,0
Koy Moore,124104,WR,LSU,10,39.4,0,211,62.2,,53.3,0,0,0,0.0,0.0,,0,0,0,102,0,0,0,259,0,157,0,0,102,11
Evan Gregory,81718,G,MARYLAND,4,100.0,1,215,58.7,67.4,54.5,0,2,59,100.0,100.0,98.3,1,2,0,102,0,0,0,102,65,65,102,0,37,0
Trey Knox,98359,WR,ARKANSAS,10,44.7,1,111,50.0,,50.0,0,0,0,0.0,0.0,,1,0,0,102,0,0,0,228,0,126,0,0,102,3
Colby Suits,82143,QB,LA MONROE,8,25.1,0,209,57.6,,60.1,0,0,0,0.0,0.0,,0,0,0,102,0,0,0,406,0,298,0,0,102,1
Frank Ladson Jr.,99571,WR,CLEMSON,9,39.2,0,140,65.4,,78.4,0,0,0,0.0,0.0,,0,0,0,102,0,0,0,260,0,158,0,0,102,0
Nick Eubanks,40402,TE,MICHIGAN,5,45.7,0,222,57.5,60.2,44.7,0,0,23,16.3,17.1,100.0,2,0,0,102,0,0,0,223,25,146,0,0,77,182
T.J. Pledger,77755,HB,OKLAHOMA,9,33.7,0,261,79.3,78.9,66.9,0,2,59,38.3,39.3,98.3,1,2,0,101,0,0,0,300,66,168,0,0,35,1
Tyquan Thornton,78092,WR,BAYLOR,6,31.4,0,118,53.8,,55.5,0,0,0,0.0,0.0,,1,0,0,101,0,0,0,322,0,221,0,0,101,0
DJ Washington,60029,G,PURDUE,4,100.0,0,273,52.1,59.0,49.9,0,1,68,100.0,100.0,99.3,1,1,0,101,0,0,0,101,73,73,101,0,28,0
C.J. Schmanski,83957,TE,COLORADO,5,60.5,0,143,47.6,73.5,53.5,0,1,9,12.7,12.0,94.4,1,1,0,101,0,0,0,167,9,75,0,0,92,121
Austin Trammell,52195,WR,RICE,3,52.6,0,275,89.8,,81.6,0,0,0,0.0,0.0,,0,0,0,101,0,0,0,192,0,91,0,0,101,1
Tamorrion Terry,61258,WR,FLORIDA ST,5,37.1,1,167,65.4,,51.9,0,0,0,0.0,0.0,,1,0,0,101,0,0,0,272,0,170,0,0,101,0
Javian Hawkins,77704,HB,LOUISVILLE,7,28.2,0,210,81.1,74.8,72.2,2,2,75,39.3,39.1,97.3,1,4,0,101,0,0,0,358,79,202,0,0,22,0
Reggie Roberson Jr.,61815,WR,SMU,4,46.5,0,287,80.5,,70.2,0,0,0,0.0,0.0,,1,0,0,101,0,0,0,217,0,116,0,0,101,0
Brayden Willis,77917,TE,OKLAHOMA,5,57.4,0,261,71.9,72.6,62.2,0,1,18,20.7,22.7,97.2,1,1,0,101,0,0,0,176,22,97,0,0,79,107
Shane Illingworth,71512,QB,OKLA STATE,5,52.1,0,262,68.3,,60.0,0,0,0,0.0,0.0,,1,0,0,100,0,0,0,192,0,85,0,0,100,0
Peje' Harris,77994,WR,GA TECH,9,44.2,0,176,60.9,,53.1,0,0,0,0.0,0.0,,0,0,0,100,0,0,0,226,0,126,0,0,100,1
Stevie Scott III,83680,HB,INDIANA,8,22.8,1,190,67.7,29.7,77.6,2,5,60,26.3,28.2,92.5,1,8,1,100,0,0,0,438,71,252,0,0,29,0
Jaylen Waddle,84088,WR,ALABAMA,5,41.3,0,103,82.6,,55.2,0,0,0,0.0,0.0,,0,0,0,100,0,0,0,242,0,141,0,0,100,1
Jake Henry,61120,WR,APP STATE,8,77.5,0,108,59.4,,71.5,0,0,0,0.0,0.0,,1,0,0,100,0,0,0,129,0,29,0,0,100,0
Joe Wilkins Jr.,84347,WR,NOTRE DAME,11,53.8,0,258,59.8,,75.0,0,0,0,0.0,0.0,,0,0,0,100,0,0,0,186,0,86,0,0,100,1
Donte Harrington,41584,C,BOISE ST,3,100.0,0,120,28.9,17.0,36.0,0,1,54,100.0,100.0,97.2,0,2,1,99,99,0,0,99,57,57,0,0,42,0
Austin Williams,61463,WR,MISS STATE,11,18.3,0,227,56.2,,72.3,0,0,0,0.0,0.0,,0,0,0,99,0,0,0,541,0,442,0,0,99,0
Micaleous Elder,97095,WR,CHARLOTTE,6,41.8,0,136,68.9,,61.4,0,0,0,0.0,0.0,,0,0,0,99,0,0,0,237,0,130,0,0,99,0
Austin Upshaw,60528,WR,SMU,10,39.8,0,287,58.0,,38.8,0,0,0,0.0,0.0,,1,0,0,99,0,0,0,249,0,150,0,0,99,0
Kellton Hollins,40813,C,TCU,4,100.0,0,305,55.7,55.1,55.2,1,1,43,100.0,100.0,97.7,0,2,0,99,57,7,0,99,46,46,34,0,53,1
Ze'Vian Capers,123979,WR,AUBURN,10,40.2,0,115,48.2,,40.5,0,0,0,0.0,0.0,,2,0,0,99,0,0,0,246,0,147,0,0,99,0
Dallas Dixon,130432,WR,C MICHIGAN,4,47.1,0,134,68.5,,72.3,0,0,0,0.0,0.0,,0,0,0,99,0,0,0,210,0,111,0,0,99,11
Kylan Watkins,63239,HB,MEMPHIS,11,27.4,0,218,67.4,71.7,54.7,0,0,39,18.6,19.6,100.0,0,0,0,99,0,0,0,361,44,224,0,0,55,0
Alec Pierce,78038,WR,CINCINNATI,6,42.5,0,138,76.1,65.3,58.4,0,0,1,0.8,0.7,100.0,0,0,0,99,0,0,0,233,1,135,0,0,98,6
Dae Hunter,128200,HB,HAWAII,9,36.4,0,180,66.7,69.8,48.4,0,0,29,19.6,19.4,100.0,1,0,0,98,0,0,0,269,30,155,0,0,68,23
Deion Hankins,97310,HB,UTEP,7,38.3,0,330,79.9,81.8,66.4,0,2,75,70.1,70.3,98.7,0,2,0,98,0,0,0,256,83,118,0,0,15,0
Jalen Moreno-Cropper,97273,WR,FRESNO ST,6,28.5,0,169,73.9,,67.7,0,0,0,0.0,0.0,,0,0,0,98,0,0,0,344,0,242,0,0,98,1
Ricky Person Jr.,77725,HB,NC STATE,12,25.7,2,248,71.8,52.2,47.3,1,3,58,31.2,33.8,96.6,4,4,0,98,0,0,0,382,69,204,0,0,29,0
Sterling Palmer,83968,TE,FIU,4,60.9,0,166,51.6,55.6,47.9,0,0,21,26.3,25.9,95.2,1,1,1,98,0,0,7,161,22,85,0,0,76,127
Isaiah Spiller,99146,HB,TEXAS A&M,10,20.3,0,312,77.9,45.8,55.4,0,2,32,14.8,15.1,96.9,1,2,0,98,0,0,0,482,34,225,0,0,64,1
Aaron Allen,78494,QB,LA TECH,10,39.6,0,208,50.6,,60.0,0,0,0,0.0,0.0,,0,0,0,97,0,0,0,245,0,140,0,0,97,0
T.J. Vasher,42135,WR,TEXAS TECH,7,33.8,0,315,60.7,,53.6,0,0,0,0.0,0.0,,0,0,0,97,0,0,0,287,0,190,0,0,97,0
Osirus Mitchell,42344,WR,MISS STATE,11,21.9,0,227,63.7,,62.7,0,0,0,0.0,0.0,,0,0,0,97,0,0,0,442,0,345,0,0,97,0
Israel Tucker,40566,HB,LA TECH,10,22.4,0,208,65.7,50.4,54.3,1,0,69,28.2,28.7,99.3,0,1,0,97,0,0,0,433,74,258,0,0,23,0
Theo Johnson,129787,TE,PENN STATE,5,69.8,0,266,57.8,47.4,53.1,0,0,12,23.5,22.2,100.0,0,0,0,97,0,0,0,139,12,54,0,0,85,110
Isaiah Epps,61360,WR,KENTUCKY,6,53.9,0,202,56.3,,64.8,0,0,0,0.0,0.0,,1,0,0,97,0,0,0,180,0,83,0,0,97,0
Corey Taylor II,40707,HB,TULSA,8,36.1,0,320,74.5,57.6,59.6,1,3,80,57.6,56.8,96.2,0,5,1,97,0,0,0,269,84,148,0,0,13,0
Dontae Fleming,122634,WR,LA LAFAYET,9,48.3,0,207,61.4,,48.8,0,0,0,0.0,0.0,,0,0,0,97,0,0,0,201,0,103,0,0,97,0
James Palmer,77906,TE,TULSA,8,73.3,1,320,62.0,65.4,66.8,0,1,10,24.4,22.2,95.0,2,1,0,96,0,0,0,131,10,45,0,0,86,110
Trey Lowe,77669,QB,SO MISS,4,46.8,0,296,56.0,,60.1,0,0,0,0.0,0.0,,1,0,0,96,0,0,0,205,0,79,0,0,96,0
Nate Jefferson,97275,WR,FIU,5,41.9,0,166,52.7,,59.7,0,0,0,0.0,0.0,,0,0,0,96,0,0,0,229,0,132,0,0,96,0
Asim Rose,40265,HB,KENTUCKY,11,33.0,1,202,73.8,61.4,70.3,1,1,46,35.7,34.6,97.8,1,2,0,96,0,0,0,291,47,136,0,0,49,0
K.D. Nixon,61216,WR,COLORADO,4,50.0,0,143,61.1,,65.2,0,0,0,0.0,0.0,,0,0,0,96,0,0,0,192,0,95,0,0,96,2
Amare Jones,77742,HB,TULANE,10,36.4,0,319,68.1,61.5,58.7,1,2,15,14.3,15.4,90.0,1,3,0,96,0,0,0,264,18,117,0,0,78,12
Taysir Mack,41635,WR,PITTSBURGH,8,28.1,0,268,63.2,,68.1,0,0,0,0.0,0.0,,1,0,0,96,0,0,0,342,0,246,0,0,96,0
Roshauud Paul,61714,WR,ARK STATE,9,37.9,0,113,56.7,,61.4,0,0,0,0.0,0.0,,0,0,0,96,0,0,0,253,0,157,0,0,96,0
Jonathan Timmons,41481,G,CHARLOTTE,2,100.0,0,136,58.4,52.8,58.0,0,0,53,100.0,100.0,98.1,0,1,1,96,0,96,0,96,54,54,0,0,42,0
Parker Bisek,98060,G,TOLEDO,4,100.0,0,316,66.7,87.0,66.0,0,0,42,100.0,100.0,100.0,1,0,0,95,0,0,0,95,45,45,95,0,50,0
Ty Brock,66582,QB,C MICHIGAN,5,49.2,0,134,60.0,,61.1,0,0,0,0.0,0.0,,0,0,0,95,0,0,0,193,0,86,0,0,95,0
Curtis Hodges,61137,TE,ARIZONA ST,3,54.6,0,110,60.0,34.7,73.2,1,0,9,11.5,13.2,83.3,1,2,1,95,0,0,0,174,12,91,0,0,83,127
Jalon Daniels,122555,QB,KANSAS,7,28.0,0,198,38.7,,60.2,0,0,0,0.0,0.0,,1,0,0,95,0,0,0,339,0,219,0,0,95,0
Will Rogers,124184,QB,MISS STATE,9,19.2,0,227,65.5,,60.0,0,0,0,0.0,0.0,,3,0,0,95,0,0,0,494,0,392,0,0,95,0
Ra'Shaun Henry,109832,WR,VIRGINIA,9,36.4,0,335,55.5,,75.0,0,0,0,0.0,0.0,,0,0,0,95,0,0,0,261,0,166,0,0,95,0
Harry Trotter,57275,HB,KANSAS ST,9,39.4,0,199,70.4,56.6,65.3,0,1,20,23.0,24.0,97.5,2,1,0,95,0,0,0,241,23,96,0,0,72,0
Andrew Boselli,40469,G,FLORIDA ST,4,100.0,0,167,61.8,70.9,62.7,0,2,44,100.0,100.0,97.7,1,2,0,95,9,79,0,95,48,48,7,0,47,0
Ray Thomas-Ishman,27062,G,BUFFALO,5,100.0,0,126,64.5,68.4,72.1,0,0,29,100.0,100.0,100.0,3,0,0,94,0,94,0,94,31,31,0,0,63,0
Bryce Wolma,60844,TE,ARIZONA,5,65.7,0,109,44.8,51.2,47.2,0,0,8,14.3,15.5,100.0,0,0,0,94,0,0,0,143,9,58,0,0,85,109
Kade Warner,61494,WR,NEBRASKA,6,58.0,0,238,50.3,,72.5,0,0,0,0.0,0.0,,1,0,0,94,0,0,0,162,0,68,0,0,94,0
Joshua Jynes,81619,C,COLORADO,2,100.0,0,143,43.5,62.5,44.0,0,0,29,100.0,100.0,100.0,0,0,0,94,94,0,0,94,31,31,0,0,63,0
Coy Cronk,46235,T,IOWA,2,100.0,0,192,55.1,55.8,58.4,1,1,54,100.0,100.0,96.3,1,3,1,94,0,0,0,94,55,55,0,94,39,0
Daniel Arias,84165,WR,COLORADO,5,53.4,0,143,55.4,,54.0,0,0,0,0.0,0.0,,0,0,0,94,0,0,0,176,0,82,0,0,94,0
Jonathan Hodoh,48300,WR,LA MONROE,10,27.2,0,209,51.9,,49.4,0,0,0,0.0,0.0,,1,0,0,94,0,0,0,346,0,252,0,0,94,0
Frank Gore Jr.,121457,HB,SO MISS,10,31.0,0,296,86.6,48.8,72.3,0,6,64,43.2,43.5,95.3,0,6,0,94,0,0,0,303,67,154,0,0,27,0
Christian Henderson,78266,T,LA TECH,7,100.0,0,208,54.1,72.0,48.1,0,1,49,100.0,100.0,99.0,0,1,0,93,0,0,0,93,49,49,21,61,44,11
Keyvone Lee,129790,HB,PENN STATE,9,36.0,0,266,75.9,56.2,60.5,0,2,34,33.3,33.6,97.1,1,2,0,93,0,0,0,258,37,110,0,0,56,0
Luke Whittemore,61736,WR,TROY,11,40.3,0,318,53.9,,51.9,0,0,0,0.0,0.0,,0,0,0,93,0,0,0,231,0,138,0,0,93,0
Owen Condon,81994,T,GEORGIA,3,100.0,0,173,67.1,59.9,66.8,0,4,39,100.0,100.0,94.9,1,4,0,93,0,0,0,93,40,40,12,81,53,0
Julian Ortega-Jones,78155,WR,BOWL GREEN,5,39.4,0,122,59.4,,59.2,0,0,0,0.0,0.0,,0,0,0,93,0,0,0,236,0,143,0,0,93,29
Cameron Carroll,77743,HB,TULANE,12,27.9,0,319,79.0,28.0,50.6,1,4,28,21.1,21.6,91.1,0,5,0,93,0,0,0,333,32,148,0,0,61,1
Devyn Ford,97305,HB,PENN STATE,6,33.2,0,266,63.5,60.7,62.6,0,3,49,30.4,30.2,94.9,0,4,1,93,0,0,0,280,52,172,0,0,41,0
Devin Leary,77628,QB,NC STATE,4,39.4,0,248,78.9,,60.2,0,0,0,0.0,0.0,,0,0,0,93,0,0,0,236,0,134,0,0,93,0
Jeff Foreman,97868,WR,ARK STATE,10,41.2,0,113,69.2,,62.3,0,0,0,0.0,0.0,,1,0,0,93,0,0,0,226,0,133,0,0,93,0
Houston Heimuli,52275,FB,STANFORD,6,88.6,0,300,66.5,81.8,62.6,0,0,9,45.0,42.9,100.0,0,0,0,93,0,0,0,105,9,21,0,0,84,2
Amir Richardson,97811,TE,MARSHALL,6,80.7,0,214,62.6,71.3,63.4,0,0,5,20.0,18.5,100.0,0,0,0,92,0,0,0,114,5,27,0,0,87,82
Jaetavian Toles,61738,WR,TULANE,12,57.5,0,319,69.6,,83.7,0,0,0,0.0,0.0,,1,0,0,92,0,0,0,160,0,68,0,0,92,0
Logan Christopherson,60966,TE,MISSOURI,8,66.2,0,229,57.5,42.2,62.3,0,1,13,22.4,21.7,96.2,0,1,0,92,0,0,2,139,13,60,0,1,79,100
Greg Latushko,54472,WR,COAST CAR,12,37.2,0,141,67.8,,56.2,0,0,0,0.0,0.0,,0,0,0,92,0,0,0,247,0,155,0,0,92,0
Ma'jon Wright,131601,WR,ARIZONA,5,39.0,0,109,61.3,,54.1,0,0,0,0.0,0.0,,0,0,0,92,0,0,0,236,0,143,0,0,92,0
Nico Ragaini,84232,WR,IOWA,8,35.5,0,192,61.8,,69.2,0,0,0,0.0,0.0,,0,0,0,92,0,0,0,259,0,166,0,0,92,0
Travis Levy,57164,HB,BOSTON COL,10,23.0,2,121,67.3,21.8,58.8,5,4,62,24.5,24.1,92.7,2,9,0,92,0,0,0,400,65,270,0,0,27,0
Wayne Toussant,78962,WR,LA TECH,10,36.5,0,208,60.6,,59.5,0,0,0,0.0,0.0,,0,0,0,91,0,0,0,249,0,157,0,0,91,0
Smoke Harris,78918,WR,LA TECH,8,32.0,0,208,71.5,,57.7,0,0,0,0.0,0.0,,0,0,0,91,0,0,0,284,0,188,0,0,91,1
Dontae Crow,40371,WR,WYOMING,6,52.6,0,351,54.2,,61.4,0,0,0,0.0,0.0,,0,0,0,91,0,0,0,173,0,82,0,0,91,0
Tory Horton,128232,WR,NEVADA,9,33.2,0,239,70.5,,62.9,0,0,0,0.0,0.0,,0,0,0,91,0,0,0,274,0,183,0,0,91,0
Tre Mosley,101722,WR,MICH STATE,4,44.4,0,223,55.2,,58.7,0,0,0,0.0,0.0,,0,0,0,91,0,0,0,205,0,114,0,0,91,0
Parker Christensen,97852,TE,WYOMING,6,86.7,0,351,83.2,79.7,78.2,0,0,8,40.0,40.9,100.0,0,0,0,91,0,0,0,105,9,22,0,0,82,45
Javontez Spraggins,124299,G,TENNESSEE,9,100.0,0,307,53.9,43.4,60.9,0,0,31,100.0,100.0,100.0,3,0,0,91,0,18,2,91,32,32,64,2,59,5
Elijah Kothe,84399,WR,S DIEGO ST,7,60.7,0,284,67.6,,70.5,0,0,0,0.0,0.0,,1,0,0,91,0,0,0,150,0,59,0,0,91,0
Mycah Pittman,97270,WR,OREGON,5,47.1,0,264,68.0,,57.1,0,0,0,0.0,0.0,,0,0,0,90,0,0,0,191,0,99,0,0,90,0
Roscoe Johnson,42240,WR,LOUISVILLE,10,52.6,0,210,55.2,,71.5,0,0,0,0.0,0.0,,1,0,0,90,0,0,0,171,0,81,0,0,90,0
Melquan Stovall,74267,WR,NEVADA,8,21.5,0,239,54.4,,65.4,0,0,0,0.0,0.0,,4,0,0,90,0,0,0,419,0,327,0,0,90,3
Mike Collins,60549,QB,RICE,3,42.7,0,275,72.1,,60.0,0,0,0,0.0,0.0,,1,0,0,90,0,0,0,211,0,107,0,0,90,0
Calvin Hill,97069,HB,TEXAS ST,12,27.5,0,314,78.9,50.2,53.2,1,2,60,31.6,35.3,95.8,0,4,1,90,0,0,0,327,73,207,0,0,17,0
Kurt Danneker,77443,G,OHIO,2,100.0,0,259,68.6,64.9,71.3,0,3,34,100.0,100.0,95.6,2,3,0,90,0,90,0,90,36,36,0,0,54,0
Tayquon Johnson,99807,G,CLEMSON,6,100.0,0,140,63.8,85.2,59.8,0,0,43,100.0,100.0,100.0,0,0,0,90,0,0,0,90,43,43,90,0,47,0
T.J. Simmons,47741,WR,W VIRGINIA,8,34.4,0,343,64.8,61.0,47.0,0,0,0,0.0,0.6,,0,0,0,90,0,0,0,262,1,170,0,0,89,5
Isaiah Richardson,61624,WR,S DIEGO ST,7,64.3,0,284,55.6,,68.1,0,0,0,0.0,0.0,,1,0,0,90,0,0,0,140,0,50,0,0,90,0
Brock Sturges,83614,HB,TEXAS ST,12,25.5,0,314,70.6,71.9,57.0,0,2,67,31.9,33.0,98.5,0,2,0,90,0,0,0,353,74,224,0,0,16,0
Camerun Peoples,83607,HB,APP STATE,11,25.0,0,108,82.9,68.7,47.8,0,3,62,40.3,40.1,94.4,0,5,2,90,0,0,0,360,65,162,0,0,25,0
Greg McCrae,55384,HB,UCF,10,23.8,0,323,78.1,62.9,54.4,1,1,65,33.7,34.5,96.9,0,3,1,89,0,0,0,374,71,206,0,0,18,0
Paul Tchio,122160,G,CLEMSON,9,100.0,0,140,63.0,71.9,64.2,0,0,42,100.0,100.0,97.6,1,1,1,89,0,86,0,89,42,42,0,3,47,0
Broc Thompson,97867,WR,MARSHALL,4,56.7,0,214,72.5,,63.6,0,0,0,0.0,0.0,,0,0,0,89,0,0,0,157,0,68,0,0,89,0
La'Vontae Shenault,100644,WR,COLORADO,4,54.6,0,143,70.8,,75.3,0,0,0,0.0,0.0,,0,0,0,89,0,0,0,163,0,74,0,0,89,3
Xzavier Henderson,124380,WR,FLORIDA,11,39.0,0,163,59.2,,75.2,0,0,0,0.0,0.0,,1,0,0,89,0,0,0,228,0,139,0,0,89,0
Zyell Griffin,128355,WR,UNLV,5,39.7,0,325,54.7,,63.2,0,0,0,0.0,0.0,,1,0,0,89,0,0,0,224,0,135,0,0,89,0
Brandon Peters,40416,QB,ILLINOIS,5,44.5,0,187,70.1,,60.0,0,0,0,0.0,0.0,,0,0,0,89,0,0,0,200,0,91,0,0,89,0
E.J. Scott,52024,WR,COLO STATE,4,43.6,0,144,57.9,,57.9,0,0,0,0.0,0.0,,0,0,0,89,0,0,0,204,0,115,0,0,89,18
Tyrese Williams,77454,C,OKLA STATE,5,100.0,0,262,45.8,16.8,52.8,0,1,25,100.0,100.0,94.0,0,2,1,88,88,0,0,88,27,27,0,0,61,0
Tony Grimes Jr.,130292,WR,AKRON,6,42.1,0,102,60.0,,61.7,0,0,0,0.0,0.0,,0,0,0,88,0,0,0,209,0,121,0,0,88,0
La'Damian Webb,122423,HB,FLORIDA ST,7,31.9,0,167,78.4,61.8,80.2,1,1,43,27.9,28.9,97.7,0,2,0,88,0,0,0,276,48,166,0,0,40,6
Brian Cobbs,84285,WR,MARYLAND,5,34.6,0,215,59.4,62.1,71.6,0,0,1,0.6,0.6,100.0,0,0,0,88,0,0,0,254,1,167,0,0,87,1
Chris Carter,90335,TE,USF,9,56.4,0,327,46.4,71.7,48.8,0,1,19,22.9,22.7,97.4,1,1,0,88,0,0,0,156,20,88,1,0,68,87
JJ Holloman,61275,WR,FIU,4,45.8,0,166,56.1,,53.3,0,0,0,0.0,0.0,,0,0,0,88,0,0,0,192,0,104,0,0,88,0
Phillip Brooks,78138,WR,KANSAS ST,10,33.6,0,199,66.9,,68.7,0,0,0,0.0,0.0,,0,0,0,88,0,0,0,262,0,166,0,0,88,1
Deuce Vaughn,122624,HB,KANSAS ST,10,24.0,0,199,89.0,18.2,62.2,1,0,11,7.2,6.8,95.5,0,1,0,87,0,0,0,362,11,162,0,0,76,0
Devin Maddox,64506,WR,TOLEDO,6,39.4,1,316,66.5,,60.6,0,0,0,0.0,0.0,,2,0,0,87,0,0,0,221,0,133,0,0,87,1
Aaron Young,97161,HB,RUTGERS,9,38.0,0,278,61.4,67.1,42.6,1,0,38,27.1,27.2,98.7,1,1,0,87,0,0,0,229,40,147,0,0,47,0
Khaleb Hood,97159,WR,GA SOUTHRN,13,49.2,0,174,74.4,,67.8,0,0,0,0.0,0.0,,0,0,0,87,0,0,0,177,0,86,0,0,87,0
Jaxon Smith-Njigba,129758,WR,OHIO STATE,7,53.7,0,260,72.3,,82.2,0,0,0,0.0,0.0,,0,0,0,87,0,0,0,162,0,75,0,0,87,0
Brenden Rice,131692,WR,COLORADO,6,50.0,0,143,54.5,,58.8,0,0,0,0.0,0.0,,0,0,0,87,0,0,0,174,0,87,0,0,87,4
Mike Epstein,57237,HB,ILLINOIS,7,38.5,0,187,68.4,53.1,52.1,0,1,13,16.7,18.1,96.2,0,1,0,87,0,0,0,226,15,83,0,0,72,0
Landon Wolf,40906,WR,OKLA STATE,11,36.3,0,262,65.2,,53.9,0,0,0,0.0,0.0,,0,0,0,87,0,0,0,240,0,152,0,0,87,0
Shermari Jones,122341,HB,COAST CAR,12,39.2,0,141,81.0,53.9,59.5,0,2,22,31.9,31.9,95.5,0,2,0,87,0,0,0,222,23,72,0,0,64,0
Jamal Jones,33919,HB,ARK STATE,11,21.0,0,113,72.5,54.8,56.8,0,5,72,27.9,28.1,93.7,0,7,2,87,0,0,0,414,76,270,0,0,11,0
Javonte Williams,77803,HB,N CAROLINA,11,20.2,1,245,94.3,81.6,71.5,0,2,60,26.3,26.4,98.3,3,2,0,86,0,0,0,425,64,242,0,0,22,0
Josh Kelly,97061,WR,FRESNO ST,6,27.7,0,169,65.1,,63.6,0,0,0,0.0,0.0,,0,0,0,86,0,0,0,310,0,222,0,0,86,0
Daniel Richardson,97103,QB,C MICHIGAN,4,40.8,0,134,64.5,,60.0,0,0,0,0.0,0.0,,1,0,0,86,0,0,0,211,0,121,0,0,86,0
Jamire Calvin,61807,WR,WASH STATE,4,33.7,0,341,58.5,,62.4,0,0,0,0.0,0.0,,2,0,0,86,0,0,0,255,0,169,0,0,86,3
Jamari Thrash,97399,WR,GA STATE,9,56.6,0,175,70.7,,65.8,0,0,0,0.0,0.0,,1,0,0,86,0,0,0,152,0,66,0,0,86,0
Anthony Russo,40108,QB,TEMPLE,3,33.2,0,306,70.2,62.2,60.0,0,0,1,0.7,0.6,100.0,0,0,0,85,0,0,0,256,1,155,0,0,84,0
Dedrick Mills,39953,HB,NEBRASKA,6,29.6,0,238,70.1,78.1,63.2,0,1,21,16.3,15.9,97.6,1,1,0,85,0,0,0,287,22,138,0,0,63,0
Javion Posey,97606,QB,FAU,6,39.7,0,165,65.6,,60.0,0,0,0,0.0,0.0,,0,0,0,85,0,0,0,214,0,83,0,0,85,0
Malik Jackson,101675,TE,MARYLAND,5,61.2,0,215,36.9,68.2,35.9,0,0,10,16.7,18.2,100.0,1,0,0,85,0,0,0,139,12,66,0,2,73,96
Stephon Huderson,57434,HB,TULANE,12,23.8,0,319,75.0,66.3,58.1,1,4,40,22.5,22.2,93.7,0,5,0,85,0,0,0,357,41,185,0,0,44,2
Brant Kuithe,84071,TE,UTAH,5,36.6,0,328,78.0,67.9,58.3,0,0,2,1.5,1.4,100.0,0,0,0,85,0,0,0,232,2,141,0,0,83,111
Eric Miller,52938,T,PURDUE,4,100.0,0,273,48.3,43.5,48.7,2,3,62,100.0,100.0,94.4,0,6,1,85,0,0,8,85,68,68,0,77,17,0
Michael Furtney,81945,G,WISCONSIN,3,100.0,0,349,58.7,84.9,55.6,0,0,23,100.0,100.0,100.0,0,0,0,85,0,11,0,85,27,27,74,0,58,0
Marcus Rogers,78898,WR,TROY,11,40.5,0,318,51.8,,53.1,0,0,0,0.0,0.0,,1,0,0,85,0,0,0,210,0,125,0,0,85,0
Jayy McDonald,98686,HB,MIDDLE TN,9,37.8,0,224,63.1,63.6,56.5,0,2,40,28.8,30.6,97.5,0,2,0,85,0,0,0,225,45,147,0,0,40,0
Case Hatch,97745,TE,ARIZONA ST,4,87.6,0,110,74.1,70.2,74.2,0,0,3,27.3,20.0,100.0,0,0,0,85,0,0,0,97,3,15,0,0,82,65
Otis Anderson,55412,HB,UCF,9,26.6,0,323,78.0,36.7,77.7,0,6,65,38.9,39.7,95.4,0,6,0,85,0,0,0,319,71,179,0,0,14,0
Luke Jones,81780,G,ARKANSAS,7,100.0,0,111,49.2,28.6,50.5,0,2,39,100.0,100.0,97.4,0,2,0,84,0,76,0,84,44,44,7,0,40,0
Adam Mehelic,60957,TE,MIAMI OH,3,75.0,0,221,55.0,69.0,42.2,0,0,32,55.2,56.9,100.0,0,0,0,84,0,0,1,112,37,65,0,0,47,97
Trey Cleveland,99570,WR,TEXAS TECH,10,42.2,0,315,55.4,,62.1,0,0,0,0.0,0.0,,0,0,0,84,0,0,0,199,0,115,0,0,84,0
Beau Corrales,61513,WR,N CAROLINA,5,46.4,0,245,70.6,,78.4,0,0,0,0.0,0.0,,0,0,0,84,0,0,0,181,0,97,0,0,84,0
Randle Jones,42142,WR,TEMPLE,5,34.9,1,306,68.4,,48.1,0,0,0,0.0,0.0,,2,0,0,84,0,0,0,241,0,156,0,0,84,0
Brey Walker,77446,T,OKLAHOMA,3,100.0,0,261,68.5,67.6,66.9,0,2,44,100.0,100.0,97.7,1,2,0,84,0,0,0,84,45,45,25,59,39,0
Snoop Conner,99163,HB,OLE MISS,10,27.6,0,226,68.3,51.0,36.9,1,1,46,28.0,28.4,95.7,0,3,1,84,0,0,0,304,50,176,0,0,34,0
Walter Stribling,123837,T,E CAROLINA,5,100.0,0,156,64.7,76.3,60.1,2,0,28,100.0,100.0,96.4,0,2,0,83,0,0,82,83,28,28,0,0,55,0
Ty Jones,61806,WR,WASHINGTON,4,46.4,0,340,70.3,,75.5,0,0,0,0.0,0.0,,1,0,0,83,0,0,0,179,0,96,0,0,83,0
Alex Akingbulu,40634,T,FRESNO ST,2,100.0,1,169,64.7,50.3,71.6,0,3,55,100.0,100.0,95.5,1,4,1,83,0,0,83,83,55,55,0,0,28,0
Renard Bell,42089,WR,WASH STATE,4,31.4,0,341,69.9,,58.1,0,0,0,0.0,0.0,,0,0,0,83,0,0,0,264,0,180,0,0,83,0
Ay'Jaun Marshall,121589,TE,ARMY,6,86.5,0,114,67.6,,73.6,0,0,0,0.0,0.0,,0,0,0,83,0,0,0,96,0,7,0,0,83,46
Keon Howard,40418,QB,TULANE,6,50.6,0,319,57.4,,60.0,0,0,0,0.0,0.0,,0,0,0,83,0,0,0,164,0,69,0,0,83,0
Mataeo Durant,77719,HB,DUKE,11,25.0,0,154,75.5,38.4,43.1,2,2,49,28.8,27.5,95.9,1,4,0,83,0,0,0,332,49,178,0,0,34,0
Sean Pelkisson,122454,TE,GA SOUTHRN,7,86.5,0,174,64.8,30.9,54.1,0,1,7,36.8,35.0,92.9,0,1,0,83,0,0,0,96,7,20,0,0,76,93
Jordan Young,77956,WR,FLORIDA ST,7,34.7,1,167,49.6,,37.1,0,0,0,0.0,0.0,,1,0,0,83,0,0,0,239,0,156,0,0,83,0
Trenton Gillison,66276,TE,MICH STATE,4,56.1,0,223,57.3,29.2,51.9,0,0,10,13.9,15.6,100.0,0,0,0,83,0,0,0,148,12,77,0,0,71,79
Tyler Vitt,83566,QB,TEXAS ST,7,32.7,0,314,67.3,,60.0,0,0,0,0.0,0.0,,1,0,0,83,0,0,0,254,0,147,0,0,83,0
Jacob Robertson Jr.,40210,WR,TULANE,7,48.3,1,319,55.4,,53.9,0,0,0,0.0,0.0,,2,0,0,83,0,0,0,172,0,89,0,0,83,0
John Holcomb,123142,TE,TEXAS TECH,10,41.7,0,315,39.5,71.6,48.9,0,0,6,5.1,4.9,100.0,1,0,0,83,0,0,2,199,6,122,0,0,77,116
James Charles,40069,HB,FAU,9,29.1,0,165,77.3,48.2,60.9,0,1,29,22.0,22.5,98.3,1,1,0,83,0,0,0,285,31,138,0,0,52,0
Amelio Moran,78300,T,MARYLAND,3,100.0,0,215,60.3,69.8,52.2,0,1,51,100.0,100.0,97.1,0,2,1,83,0,0,0,83,56,56,0,83,27,0
Kadin Remsberg,83598,HB,AIR FORCE,4,66.9,0,101,70.7,74.9,51.0,0,0,7,31.8,30.4,100.0,0,0,0,83,0,0,0,124,7,23,0,0,76,41
Chuba Hubbard,57373,HB,OKLA STATE,7,25.2,0,262,71.9,72.1,61.4,0,1,42,29.2,29.0,96.4,0,2,1,82,0,0,0,325,45,155,0,0,37,0
Tiger Shanks,128371,T,UNLV,2,100.0,0,325,56.5,75.0,53.0,1,1,49,100.0,100.0,98.0,1,2,0,82,0,0,82,82,50,50,0,0,32,0
Danzel McKinley-Lewis,47648,WR,TOLEDO,6,39.0,0,316,70.2,,49.2,0,0,0,0.0,0.0,,1,0,0,82,0,0,0,210,0,128,0,0,82,0
Gray Davis,59917,T,NEVADA,4,100.0,0,239,34.3,0.0,52.2,2,4,43,100.0,100.0,90.7,0,7,1,82,0,6,76,82,47,47,0,0,35,0
Josh Stewart,40195,WR,TULSA,9,38.3,0,320,58.8,,65.7,0,0,0,0.0,0.0,,1,0,0,82,0,0,0,214,0,132,0,0,82,0
Boobie Curry,97776,WR,ARIZONA,5,35.7,0,109,52.6,,53.1,0,0,0,0.0,0.0,,2,0,0,82,0,0,0,230,0,148,0,0,82,0
Dezmon Jackson,98690,HB,OKLA STATE,9,30.8,0,262,67.6,48.6,56.9,0,3,56,42.4,42.9,97.3,2,3,0,82,0,0,0,266,60,140,0,0,22,0
Travell Harris,61810,WR,WASH STATE,4,30.7,1,341,67.5,,64.7,0,0,0,0.0,0.0,,1,0,0,82,0,0,0,267,0,180,0,0,82,0
Jordan Boatman,59721,T,HOUSTON,1,100.0,0,182,74.7,73.2,72.6,0,1,49,100.0,100.0,99.0,0,1,0,82,0,0,0,82,50,50,0,82,32,0
Chance Nolan,78493,QB,OREGON ST,4,39.2,0,265,69.7,,60.1,0,0,0,0.0,0.0,,1,0,0,82,0,0,0,209,0,115,0,0,82,0
Matt Allen,41727,C,MICH STATE,1,100.0,0,223,53.9,44.8,56.1,0,0,48,100.0,100.0,100.0,0,0,0,82,82,0,0,82,51,51,0,0,31,0
Alec Holler,77899,TE,UCF,7,83.7,0,323,60.2,74.9,63.3,0,0,13,46.4,48.4,100.0,0,0,0,82,0,0,0,98,15,31,0,0,67,46
Changa Hodge,42327,WR,VA TECH,9,57.7,0,337,52.6,,60.0,0,0,0,0.0,0.0,,2,0,0,82,0,0,0,142,0,59,0,0,82,1
Nico Magri,56577,TE,COLORADO,5,96.5,0,143,53.4,73.3,52.7,0,0,10,76.9,76.9,100.0,0,0,0,82,0,0,5,85,10,13,0,0,72,77
Devon Williams,84469,WR,OREGON,6,44.1,0,264,71.2,,83.6,0,0,0,0.0,0.0,,1,0,0,82,0,0,0,186,0,104,0,0,82,0
Pat McSweeney,83953,TE,COAST CAR,10,87.2,0,141,60.0,71.1,60.9,0,0,4,25.0,29.4,100.0,0,0,0,82,0,0,0,94,5,17,0,0,77,80
Malik Heath,124173,WR,MISS STATE,10,18.5,2,227,55.3,,66.1,0,0,0,0.0,0.0,,5,0,0,81,0,0,0,439,0,358,0,0,81,0
DeAndre Torrey,83728,HB,N TEXAS,9,26.1,0,251,90.4,72.8,59.0,0,1,72,39.6,39.0,99.3,0,1,0,81,0,0,0,310,73,187,0,0,8,0
Melquise Stovall,38411,WR,HAWAII,8,30.8,0,180,66.0,19.6,63.5,0,1,3,1.8,1.7,83.3,1,1,0,81,0,0,0,263,3,180,0,0,78,2
Adarius Tolliver,98397,G,FAU,4,100.0,0,165,51.8,32.4,53.3,0,1,40,100.0,100.0,96.2,0,2,1,81,0,0,0,81,41,41,79,0,40,2
Derek Wright,101347,WR,UTAH ST,6,43.3,0,329,61.3,,76.0,0,0,0,0.0,0.0,,0,0,0,81,0,0,0,187,0,106,0,0,81,0
Jordan Kress,98740,WR,NEW MEXICO,4,41.1,0,241,64.6,,41.7,0,0,0,0.0,0.0,,1,0,0,81,0,0,0,197,0,115,0,0,81,0
Jack Westover,84079,TE,WASHINGTON,4,70.4,0,340,62.3,72.9,56.5,0,0,4,12.5,14.7,100.0,0,0,0,81,0,0,0,115,5,34,0,0,76,51
Kendrick Sartor,59825,T,MARSHALL,5,100.0,0,214,81.6,86.6,76.0,0,0,29,100.0,100.0,100.0,0,0,0,81,0,0,0,81,35,35,0,81,46,0
Perry Carter,61384,WR,LA MONROE,10,29.1,0,209,65.0,,54.3,0,0,0,0.0,0.0,,0,0,0,81,0,0,0,278,0,192,0,0,81,0
Omarion Dollison,123280,WR,USF,9,34.6,0,327,71.1,,46.1,0,0,0,0.0,0.0,,0,0,0,81,0,0,0,234,0,152,0,0,81,0
Josh Baker,131560,G,ARIZONA,3,100.0,0,109,65.7,78.2,65.9,0,0,45,100.0,100.0,100.0,1,0,0,81,14,67,0,81,48,48,0,0,33,0
Mason Barta,57056,FB,KANSAS ST,10,92.0,0,199,49.8,33.1,46.8,1,0,9,60.0,58.8,94.4,0,1,0,81,0,0,0,88,10,17,0,0,71,14
Jeremy Singleton,61289,WR,HOUSTON,4,41.5,0,182,53.2,,62.5,0,0,0,0.0,0.0,,1,0,0,81,0,0,0,195,0,114,0,0,81,0
Rahjai Harris,123814,HB,E CAROLINA,8,24.8,0,156,67.8,63.3,63.3,0,3,52,33.8,32.9,95.2,0,4,1,80,0,0,0,322,55,167,0,0,25,0
KeSean Carter,78146,WR,TEXAS TECH,6,36.4,0,315,78.1,,47.1,0,0,0,0.0,0.0,,0,0,0,80,0,0,0,220,0,139,0,0,80,0
Biron Rossell,78388,T,LA TECH,4,100.0,0,208,50.7,37.2,54.6,1,3,34,100.0,100.0,88.2,0,6,2,80,0,0,71,80,36,36,0,0,44,9
Noah Bean,61054,TE,UNLV,4,43.2,0,325,56.7,54.4,45.4,0,1,9,8.0,9.5,94.4,0,1,0,80,0,0,0,185,11,116,0,0,69,105
Dawand Jones,101550,T,OHIO STATE,3,100.0,0,260,72.5,64.2,71.3,0,1,33,100.0,100.0,98.5,0,1,0,80,0,0,80,80,37,37,0,0,43,0
Joe Horn,128084,C,UMASS,4,100.0,1,216,56.4,52.9,56.7,0,3,46,100.0,100.0,96.7,1,3,0,80,80,0,0,80,48,48,0,0,32,0
Grant Carrigan,61001,TE,PITTSBURGH,6,88.9,0,268,59.3,32.0,58.9,0,1,4,28.6,28.6,87.5,0,1,0,80,0,0,14,90,4,14,0,9,76,60
Taulia Tagovailoa,97271,QB,MARYLAND,4,33.2,0,215,64.7,,60.1,0,0,0,0.0,0.0,,2,0,0,80,0,0,0,241,0,152,0,0,80,0
Walter Dawn Jr.,39921,WR,UTEP,8,34.2,0,330,57.7,,54.7,0,0,0,0.0,0.0,,0,0,0,80,0,0,0,234,0,154,0,0,80,1
Maverick Wolfley,57673,TE,AKRON,3,63.5,0,102,57.0,74.1,59.4,0,0,12,21.1,23.3,100.0,0,0,0,80,0,0,1,126,14,60,0,0,66,101
Jason Shelley,60581,QB,UTAH ST,4,36.2,0,329,58.5,,60.0,0,0,0,0.0,0.0,,1,0,0,80,0,0,0,221,0,129,0,0,80,0
Milton Wright,97775,WR,PURDUE,6,30.3,0,273,67.1,,74.5,0,0,0,0.0,0.0,,0,0,0,80,0,0,0,264,0,182,0,0,80,0
Delon Hurt,84466,WR,UCLA,5,44.9,0,324,61.6,51.8,70.4,0,0,0,0.0,0.0,,0,0,0,80,0,0,0,178,0,98,0,0,80,1
Tyler Goodson,101659,HB,IOWA,8,21.2,0,192,75.8,28.8,60.9,1,1,46,23.7,25.2,97.8,0,2,0,80,0,0,0,378,52,206,0,0,28,0
Chris Rodriguez Jr.,83689,HB,KENTUCKY,9,30.5,0,202,92.4,83.0,70.9,0,1,31,34.4,35.7,98.4,0,1,0,80,0,0,0,262,35,98,0,0,45,0
Matlin Marshall,42084,WR,GA STATE,10,53.0,0,175,57.4,,59.0,0,0,0,0.0,0.0,,0,0,0,80,0,0,0,151,0,69,0,0,80,0
Josh Fields,57459,HB,UTEP,7,45.7,0,330,56.9,82.1,58.6,0,0,66,73.3,71.4,98.5,0,1,1,80,0,0,0,175,70,98,0,0,10,0
Terrell McDonald,97922,TE,UAB,9,88.9,0,321,54.6,51.7,65.2,0,1,10,50.0,50.0,95.0,0,1,0,80,0,0,0,90,10,20,0,0,70,44
Xavier Legette,99197,WR,S CAROLINA,6,44.4,0,289,59.7,,71.4,0,0,0,0.0,0.0,,2,0,0,79,0,0,0,178,0,99,0,0,79,4
Bernard Porter,100203,WR,BUFFALO,7,61.7,0,126,53.7,,64.4,0,0,0,0.0,0.0,,1,0,0,79,0,0,0,128,0,49,0,0,79,0
Kekoa Crawford,27369,WR,CAL,4,34.5,0,130,64.6,,68.6,0,0,0,0.0,0.0,,0,0,0,79,0,0,0,229,0,150,0,0,79,7
Casey Kelly,99191,TE,OLE MISS,9,53.7,0,226,72.3,76.8,82.1,0,0,11,14.3,15.0,100.0,0,0,0,79,0,0,0,147,12,80,0,0,67,43
Kyle Maxwell,98110,WR,LA TECH,10,36.1,0,208,56.7,,62.0,0,0,0,0.0,0.0,,0,0,0,79,0,0,0,219,0,140,0,0,79,0
Dennis Robinson,61540,WR,N ILLINOIS,6,35.4,0,254,53.9,,62.5,0,0,0,0.0,0.0,,0,0,0,79,0,0,0,223,0,144,0,0,79,0
Cedric Tillman,84434,WR,TENNESSEE,10,46.2,0,307,57.0,,61.1,0,0,0,0.0,0.0,,0,0,0,79,0,0,0,171,0,92,0,0,79,0
Takulve Williams,61346,WR,KANSAS,7,35.6,0,198,55.6,,60.0,0,0,0,0.0,0.0,,2,0,0,79,0,0,0,222,0,141,0,0,79,0
Marcell Gleaton,78028,WR,NAVY,9,87.8,0,237,64.3,,81.9,0,0,0,0.0,0.0,,1,0,0,79,0,0,3,90,0,11,0,0,79,10
Jonah Panoke,97798,WR,HAWAII,9,34.2,0,180,53.1,,46.7,0,0,0,0.0,0.0,,1,0,0,79,0,0,0,231,0,151,0,0,79,1
Andrew Mason,129857,WR,RICE,5,39.7,0,275,52.4,,55.1,0,0,0,0.0,0.0,,1,0,0,79,0,0,0,199,0,119,0,0,79,0
Jackson Marcotte,75917,TE,WYOMING,4,87.8,0,351,69.1,43.0,65.2,0,0,6,35.3,38.9,83.3,0,1,1,79,0,0,0,90,7,18,0,0,72,82
Bryce Young,123943,QB,ALABAMA,9,69.3,0,103,56.1,,60.0,0,0,0,0.0,0.0,,1,0,0,79,0,0,0,114,0,31,0,0,79,0
Mikey Henderson,122930,FB,OKLAHOMA,9,53.4,0,261,70.6,74.2,50.3,0,0,9,13.4,13.2,100.0,0,0,0,78,0,0,0,146,9,68,0,0,69,45
Jah'Marae Sheread,84443,WR,TEXAS ST,11,29.3,0,314,69.4,63.1,60.9,0,0,1,0.6,0.5,100.0,0,0,0,78,0,0,0,266,1,189,0,0,77,1
Luke Doty,124230,QB,S CAROLINA,8,38.8,0,289,49.9,,60.2,0,0,0,0.0,0.0,,1,0,0,78,0,0,0,201,0,103,0,0,78,0
Joe Milton III,82151,QB,MICHIGAN,6,29.7,0,222,74.4,,60.0,0,0,0,0.0,0.0,,0,0,0,78,0,0,0,263,0,166,0,0,78,0
Bryce Mortenson,84073,TE,UTAH ST,6,65.5,0,329,49.8,70.4,58.1,0,0,3,7.1,6.8,100.0,0,0,0,78,0,0,0,119,3,44,0,0,75,100
Demetris Robertson,38547,WR,GEORGIA,10,52.0,0,173,62.6,,53.3,0,0,0,0.0,0.0,,2,0,0,78,0,0,0,150,0,72,0,0,78,3
Jordan Mason,62946,HB,GA TECH,6,34.5,0,176,73.6,59.6,60.7,0,0,56,50.9,50.0,98.2,1,1,1,78,0,0,0,226,60,120,0,0,18,0
Bennett Clark,77506,T,MIAMI OH,1,100.0,0,221,25.6,0.0,38.4,0,5,37,100.0,100.0,85.1,0,8,3,78,0,0,0,78,41,41,0,78,37,0
D'Ante Smith,41497,T,E CAROLINA,1,100.0,0,156,64.8,63.9,62.9,0,3,33,100.0,100.0,95.5,0,3,0,78,0,0,78,78,36,36,0,0,42,0
Tre Tucker,101106,WR,CINCINNATI,10,42.8,0,138,78.7,,79.7,0,0,0,0.0,0.0,,0,0,0,77,0,0,0,180,0,100,0,0,77,1
Artayvious Lynn,42326,TE,TCU,6,69.4,1,305,74.6,77.1,59.3,0,0,10,23.8,24.4,100.0,1,0,0,77,0,0,0,111,11,45,0,0,66,85
Jeremy Lewis,98113,TE,E CAROLINA,6,54.6,0,156,48.2,23.0,65.0,1,2,10,15.2,15.8,85.0,0,3,0,77,0,0,0,141,12,76,0,0,65,80
Derius Davis,78196,WR,TCU,9,44.0,0,305,72.1,,61.3,0,0,0,0.0,0.0,,1,0,0,77,0,0,0,175,0,90,0,0,77,0
John Stivers,109424,TE,ARIZONA ST,4,82.8,0,110,59.3,78.2,62.7,0,0,6,33.3,33.3,100.0,0,0,0,77,0,0,1,93,8,24,0,0,69,87
Tye Evans,77790,HB,BALL ST,7,31.8,0,117,67.5,54.4,52.7,0,3,36,30.5,31.7,95.8,1,3,0,77,0,0,0,242,40,126,0,0,37,9
Austin Jones,97183,HB,STANFORD,6,20.2,0,300,74.7,38.4,65.9,0,2,54,24.7,24.7,94.4,0,4,2,77,0,0,0,381,58,235,0,0,19,0
Jax Dineen,99489,FB,KANSAS ST,9,75.2,0,199,71.0,67.9,76.4,0,0,1,4.0,3.8,100.0,1,0,0,76,0,0,0,101,1,26,0,0,75,42
Bryson Cannon,98712,TE,E MICHIGAN,5,53.9,0,160,80.2,75.4,66.6,0,0,6,8.8,8.5,100.0,0,0,0,76,0,0,0,141,6,71,0,0,70,69
Keldrick Wilson,59717,T,PITTSBURGH,6,100.0,0,268,56.5,37.6,60.6,0,2,30,100.0,100.0,93.3,0,3,1,76,0,0,5,76,30,30,0,71,46,0
Tommy DeVito,60545,QB,SYRACUSE,4,34.4,0,304,73.8,,60.1,0,0,0,0.0,0.0,,0,0,0,76,0,0,0,221,0,135,0,0,76,0
Samuel Emilus,75926,WR,UMASS,4,42.0,0,216,63.2,,51.2,0,0,0,0.0,0.0,,0,0,0,76,0,0,0,181,0,105,0,0,76,1
Samuel Brown,123410,WR,W VIRGINIA,7,46.6,0,343,63.3,60.9,78.4,0,0,1,1.2,1.1,100.0,0,0,0,76,0,0,0,163,1,88,0,0,75,0
Jared Torres,83970,TE,FRESNO ST,6,71.0,0,169,42.4,54.6,48.6,0,0,10,25.0,24.4,100.0,0,0,0,76,0,0,0,107,10,41,0,0,66,95
Max Johnson,124099,QB,LSU,6,26.1,0,211,78.5,,60.0,0,0,0,0.0,0.0,,0,0,0,76,0,0,0,291,0,183,0,0,76,0
Landry Weber,61349,WR,KANSAS ST,7,61.3,0,199,52.0,,76.4,0,0,0,0.0,0.0,,0,0,0,76,0,0,0,124,0,48,0,0,76,0
DJ Uiagalelei,122162,QB,CLEMSON,10,32.6,0,140,71.1,,60.0,0,0,0,0.0,0.0,,0,0,0,76,0,0,0,233,0,129,0,0,76,0
Marcus Rosemy-Jacksaint,124037,WR,GEORGIA,6,66.1,0,173,62.5,,62.9,0,0,0,0.0,0.0,,0,0,0,76,0,0,0,115,0,39,0,0,76,0
Zach Fryar,122015,TE,UTEP,8,81.7,0,330,60.6,70.8,64.8,0,0,6,28.6,29.2,100.0,1,0,0,76,0,0,0,93,7,24,0,0,69,84
BJ Busbee,84394,WR,S DIEGO ST,8,44.9,0,284,53.3,,56.6,0,0,0,0.0,0.0,,0,0,0,75,0,0,0,167,0,91,0,0,75,0
Jevin Frett,123478,WR,LA MONROE,10,26.6,0,209,59.8,,55.5,0,0,0,0.0,0.0,,0,0,0,75,0,0,0,282,0,207,0,0,75,0
Matt Dotson,60961,TE,MICH STATE,4,51.4,0,223,58.3,27.0,49.1,0,1,13,16.0,15.5,88.5,0,2,1,75,0,0,0,146,13,84,0,0,62,65
Marquez Ezzard,78017,WR,GA TECH,8,50.0,0,176,62.4,,61.8,0,0,0,0.0,0.0,,2,0,0,75,0,0,0,150,0,75,0,0,75,0
Lorenz Metz,77486,T,CINCINNATI,5,100.0,0,138,48.6,42.4,70.4,0,1,37,100.0,100.0,90.5,4,4,3,75,0,0,75,75,40,40,0,0,35,0
Ryan Booth,104208,T,AIR FORCE,4,98.7,0,101,56.5,72.9,54.4,0,0,10,90.9,92.3,100.0,1,0,0,75,0,0,5,76,12,13,0,66,63,5
Ray Davis,101072,HB,TEMPLE,4,32.8,0,306,61.8,76.8,54.8,0,1,53,41.7,42.5,99.1,0,1,0,75,0,0,0,229,57,134,0,0,18,0
Doug Johnson Jr.,81993,T,FAU,2,100.0,0,165,61.3,64.7,57.9,0,3,38,100.0,100.0,96.1,0,3,0,75,0,0,0,75,42,42,0,75,33,0
Patrick O'Brien,40273,QB,COLO STATE,4,41.7,0,144,65.6,,60.0,0,0,0,0.0,0.0,,0,0,0,75,0,0,0,180,0,101,0,0,75,0
Justin Smith,57327,HB,NAVY,5,88.2,0,237,52.5,49.2,56.5,0,2,7,46.7,43.8,85.7,0,2,0,75,0,0,0,85,7,16,0,0,68,53
Nate Craig-Myers,47863,WR,COLO STATE,4,43.4,0,144,56.6,,58.2,0,0,0,0.0,0.0,,0,0,0,75,0,0,0,173,0,98,0,0,75,18
Mike Sainristil,97180,WR,MICHIGAN,6,38.3,1,222,53.8,,57.5,0,0,0,0.0,0.0,,1,0,0,74,0,0,0,193,0,119,0,0,74,0
Tucker Gregg,83669,HB,GA STATE,10,31.4,0,175,65.3,57.9,60.6,1,0,29,30.5,31.4,98.3,1,1,0,74,0,0,0,236,32,102,0,0,42,0
Will Swinney,61209,WR,CLEMSON,9,56.9,0,140,54.6,,60.8,0,0,0,0.0,0.0,,0,0,0,74,0,0,0,130,0,56,0,0,74,0
Damon Hazelton,42194,WR,MISSOURI,9,30.2,0,229,77.1,,52.8,0,0,0,0.0,0.0,,1,0,0,74,0,0,0,245,0,170,0,0,74,0
Sorrell Brown,78068,WR,TULANE,6,50.7,0,319,52.6,,57.8,0,0,0,0.0,0.0,,1,0,0,74,0,0,0,146,0,72,0,0,74,0
Hekili Keliiliki,52063,FB,HAWAII,5,81.3,0,180,49.7,71.9,49.6,0,0,16,51.6,48.5,100.0,1,0,0,74,0,0,0,91,16,33,0,0,58,69
Charles Williams,41837,HB,UNLV,6,20.2,0,325,63.8,18.2,53.0,2,5,46,21.6,21.1,83.7,0,11,4,74,0,0,0,366,46,218,0,0,28,0
Jemel Jones,102863,QB,ARMY,4,54.0,0,114,70.3,,60.0,0,0,0,0.0,0.0,,1,0,0,74,0,0,0,137,0,26,0,0,74,0
Leon Pinto,77393,G,TEMPLE,2,100.0,0,306,65.2,85.9,61.3,0,0,32,100.0,100.0,100.0,0,0,0,73,0,6,0,73,35,35,67,0,38,0
Darren Wilson Jr.,99554,WR,IOWA STATE,8,53.3,0,193,55.9,,69.3,0,0,0,0.0,0.0,,2,0,0,73,0,0,0,137,0,64,0,0,73,0
Damion Daley,75770,G,APP STATE,10,100.0,0,108,53.0,29.6,56.3,0,1,9,100.0,100.0,94.4,0,1,0,73,0,23,2,73,9,9,0,0,64,48
Scott Breslin,98649,G,S JOSE ST,2,100.0,0,285,59.4,83.9,49.1,1,0,48,100.0,100.0,99.0,0,1,0,73,0,0,0,73,52,52,72,0,21,0
Julian Fleming,129745,WR,OHIO STATE,8,56.6,0,260,63.8,,80.8,0,0,0,0.0,0.0,,0,0,0,73,0,0,0,129,0,56,0,0,73,0
Jerrion Ealy,97163,HB,OLE MISS,9,20.3,0,226,88.6,75.0,62.3,0,1,33,20.2,20.2,98.5,0,1,0,73,0,0,0,360,35,173,0,0,38,0
Ben Cox,124348,G,VANDERBILT,1,100.0,0,333,58.3,73.5,53.4,0,1,41,100.0,100.0,96.3,1,2,1,73,0,0,0,73,42,42,73,0,31,0
Loronzo Thompson,121908,CB,N TEXAS,2,58.4,0,251,61.3,,70.6,0,0,0,0.0,0.0,,0,0,0,73,0,0,0,125,0,52,0,0,73,0
Samario Rudolph,97127,WR,UAB,8,65.2,0,321,56.3,,56.8,0,0,0,0.0,0.0,,1,0,0,73,0,0,0,112,0,39,0,0,73,0
Jakobi Buchanan,102884,HB,ARMY,11,38.8,0,114,87.4,79.1,72.8,0,0,10,90.9,90.9,100.0,0,0,0,73,0,0,0,188,10,11,0,0,63,0
Carl Tucker,47165,TE,ALABAMA,7,80.2,0,103,65.0,58.0,79.9,0,1,12,40.0,45.5,87.5,0,2,1,73,0,0,0,91,15,33,0,0,58,83
Tyger Goslin,77634,QB,NAVY,4,52.1,0,237,41.4,,60.0,0,0,0,0.0,0.0,,0,0,0,73,0,0,0,140,0,50,0,0,73,0
Rico Powers Jr.,124250,WR,S CAROLINA,9,45.9,0,289,50.3,,58.7,0,0,0,0.0,0.0,,1,0,0,73,0,0,0,159,0,86,0,0,73,3
Damonte Coxie,61419,WR,MEMPHIS,2,45.3,0,218,71.3,,56.8,0,0,0,0.0,0.0,,1,0,0,73,0,0,0,161,0,88,0,0,73,0
Joshua Black,97843,G,LOUISVILLE,2,100.0,0,210,53.8,64.7,51.0,0,0,29,100.0,100.0,100.0,0,0,0,73,0,0,0,73,30,30,72,0,43,0
Aireontae Ersery,129649,T,MINNESOTA,1,100.0,0,225,60.6,47.0,62.8,1,0,31,100.0,100.0,98.4,0,1,0,73,0,0,0,73,31,31,0,73,42,0
Kyle Porter,40304,HB,HOUSTON,7,22.9,0,182,72.6,53.5,73.4,2,2,48,26.5,26.7,95.8,1,4,0,73,0,0,0,319,51,191,0,0,22,0
Tory Carter,57063,TE,LSU,7,63.5,0,211,61.4,60.9,70.7,1,1,23,36.5,35.4,95.7,0,2,0,73,0,0,0,115,23,65,0,0,50,94
Sean Rattay,55552,G,NAVY,6,100.0,0,237,43.0,0.0,62.9,1,4,26,100.0,100.0,90.4,1,5,0,72,0,65,0,72,28,28,7,0,44,0
Keytaon Thompson,60457,QB,VIRGINIA,9,33.6,0,335,65.8,83.2,59.4,0,0,2,2.0,2.9,100.0,1,0,0,72,0,0,0,214,3,105,0,0,69,3
Joshua Stoner,83597,HB,AIR FORCE,5,72.0,1,101,51.9,74.4,60.8,0,0,1,5.6,15.0,100.0,1,0,0,72,0,0,0,100,3,20,0,0,69,49
Ben Mason,57070,TE,MICHIGAN,6,81.8,0,222,68.6,68.1,63.6,0,0,2,11.8,11.1,100.0,1,0,0,72,0,0,0,88,2,18,0,0,70,37
Mohamed Toure,97787,WR,N ILLINOIS,6,62.6,0,254,50.1,,42.2,0,0,0,0.0,0.0,,0,0,0,72,0,0,0,115,0,43,0,0,72,3
Kamareon Williams,98038,TE,FIU,5,65.5,0,166,41.2,33.1,53.0,0,0,9,20.5,24.0,100.0,1,0,0,72,0,0,0,110,12,50,0,0,60,96
Dawson Delforge,122590,G,KANSAS ST,5,100.0,0,199,56.0,55.1,54.9,1,1,28,100.0,100.0,96.4,0,2,0,72,0,71,0,72,29,29,0,0,43,0
Carter Bradley,77685,QB,TOLEDO,4,39.1,0,316,80.3,,60.0,0,0,0,0.0,0.0,,2,0,0,72,0,0,0,184,0,107,0,0,72,0
Cameron Odom,61558,WR,OHIO,3,53.7,0,259,58.2,,68.4,0,0,0,0.0,0.0,,0,0,0,72,0,0,0,134,0,61,0,0,72,1
Chase Hancock,97462,TE,GA SOUTHRN,8,86.7,0,174,60.7,26.7,67.6,0,2,7,38.9,38.9,85.7,0,2,0,72,0,0,0,83,7,18,0,0,65,75
Brandon Cunningham,99096,T,MISS STATE,2,100.0,0,227,49.5,64.0,51.1,0,3,60,100.0,100.0,97.5,3,3,0,72,0,0,0,72,63,63,12,60,9,0
Jalin Hyatt,124282,WR,TENNESSEE,10,28.6,0,307,64.7,,61.4,0,0,0,0.0,0.0,,0,0,0,72,0,0,0,252,0,179,0,0,72,4
Micah Wilson,40104,WR,MISSOURI,8,67.3,0,229,59.6,,47.6,0,0,0,0.0,0.0,,0,0,0,72,0,0,0,107,0,35,0,0,72,0
Myles Brennan,60438,QB,LSU,3,32.1,0,211,87.5,,60.0,0,0,0,0.0,0.0,,1,0,0,72,0,0,0,224,0,148,0,0,72,0
Garet Morrell,40248,TE,MARSHALL,7,74.7,0,214,61.4,64.7,53.5,0,0,10,30.3,29.4,100.0,0,0,0,71,0,0,0,95,10,34,0,0,61,72
Bijan Robinson,123126,HB,TEXAS,9,24.9,0,311,75.1,43.3,51.5,1,3,42,26.1,26.9,92.9,0,5,1,71,0,0,0,285,46,171,0,0,25,0
Christian Daniels,77648,TE,TULANE,11,58.7,0,319,42.6,71.3,43.0,0,0,6,11.1,10.7,100.0,0,0,0,71,0,0,0,121,6,56,0,0,65,60
Javen Banks,84444,WR,TEXAS ST,11,34.8,0,314,66.4,,44.3,0,0,0,0.0,0.0,,2,0,0,71,0,0,0,204,0,133,0,0,71,0
Oliver Martin,61438,WR,NEBRASKA,5,44.7,0,238,55.8,,68.9,0,0,0,0.0,0.0,,1,0,0,71,0,0,0,159,0,88,0,0,71,0
Warren Thompson,77953,WR,FLORIDA ST,6,39.7,0,167,57.9,,58.1,0,0,0,0.0,0.0,,1,0,0,71,0,0,0,179,0,108,0,0,71,0
Jeshaun Jones,84283,WR,MARYLAND,4,42.3,0,215,61.0,,56.6,0,0,0,0.0,0.0,,4,0,0,71,0,0,0,168,0,97,0,0,71,0
Cam Burnette,64297,WR,E CAROLINA,8,63.4,0,156,63.4,,58.6,0,0,0,0.0,0.0,,0,0,0,71,0,0,0,112,0,41,0,0,71,1
Jake Zilinskas,60514,FB,PITTSBURGH,10,86.6,0,268,45.1,79.4,35.1,0,0,15,57.7,57.7,100.0,0,0,0,71,0,0,0,82,15,26,0,0,56,3
B.J. Casteel,61133,WR,ARIZONA,4,36.6,0,109,58.4,,71.5,0,0,0,0.0,0.0,,0,0,0,71,0,0,0,194,0,123,0,0,71,0
Jerry Johnson III,97649,FB,RICE,5,94.7,0,275,54.1,78.6,52.4,0,0,6,60.0,63.6,100.0,0,0,0,71,0,0,0,75,7,11,0,0,64,3
Wyatt Liewer,84324,WR,NEBRASKA,8,51.4,0,238,53.3,,59.1,0,0,0,0.0,0.0,,0,0,0,71,0,0,0,138,0,67,0,0,71,0
Des Holmes,60017,G,PENN STATE,4,100.0,0,266,55.4,52.7,59.0,0,0,30,100.0,100.0,96.7,2,1,1,71,0,19,9,71,33,33,43,0,38,0
Keegan Cossou,55058,T,C MICHIGAN,6,92.2,0,134,76.0,59.4,67.1,0,1,6,54.5,50.0,91.7,0,1,0,71,0,0,1,77,6,12,0,0,65,74
Dalton Kincaid,91791,TE,UTAH,5,71.7,0,328,79.8,49.8,81.1,0,0,7,21.2,20.0,100.0,0,0,0,71,0,0,0,99,7,35,0,0,64,78
Stefan Cobbs,84143,WR,BOISE ST,7,34.0,1,120,54.9,60.9,51.4,0,0,1,0.8,0.7,100.0,1,0,0,71,0,0,0,209,1,137,0,0,70,1
Leddie Brown,77766,HB,W VIRGINIA,10,12.7,1,343,70.6,59.8,71.6,2,2,44,14.1,15.2,95.5,3,4,0,70,0,0,0,552,50,329,0,0,20,0
Cole Tucker,61537,WR,N ILLINOIS,5,38.5,0,254,60.7,,67.9,0,0,0,0.0,0.0,,0,0,0,70,0,0,0,182,0,112,0,0,70,0
Jalen Preston,84435,WR,TEXAS A&M,6,47.9,0,312,62.3,,68.6,0,0,0,0.0,0.0,,0,0,0,70,0,0,0,146,0,76,0,0,70,0
Harrison Bailey,124266,QB,TENNESSEE,6,42.4,0,307,55.9,,60.3,0,0,0,0.0,0.0,,1,0,0,70,0,0,0,165,0,94,0,0,70,0
Jack Tuttle,83580,QB,INDIANA,3,41.2,0,190,56.2,,60.7,0,0,0,0.0,0.0,,0,0,0,70,0,0,0,170,0,87,0,0,70,0
Conner Parsons,81712,T,LA MONROE,6,100.0,0,209,48.7,33.1,52.1,0,1,40,100.0,100.0,98.7,0,1,0,70,0,14,0,70,41,41,1,54,29,0
Isaiah Alston,121550,WR,ARMY,5,69.3,0,114,70.4,,51.4,0,0,0,0.0,0.0,,0,0,0,70,0,0,0,101,0,31,0,0,70,0
Landen Akers,42212,WR,IOWA STATE,12,38.0,1,193,73.1,,75.5,0,0,0,0.0,0.0,,1,0,0,70,0,0,0,184,0,114,0,0,70,1
J.C. Chalk,39958,TE,CLEMSON,9,55.6,0,140,54.5,62.9,53.6,0,1,8,12.5,13.8,93.7,0,1,0,70,0,0,0,126,9,65,0,0,61,82
Jordon Brookshire,98678,QB,S DIEGO ST,3,35.9,0,284,57.9,,60.0,0,0,0,0.0,0.0,,0,0,0,70,0,0,0,195,0,92,0,0,70,0
Devin Jennings,97780,WR,WYOMING,6,74.5,0,351,58.4,,64.1,0,0,0,0.0,0.0,,0,0,0,70,0,0,0,94,0,22,0,0,70,0
Rick Wells,42268,WR,FLORIDA,9,48.6,0,163,68.6,,54.3,0,0,0,0.0,0.0,,0,0,0,70,0,0,0,144,0,74,0,0,70,2
JaMichael Thompson,121827,WR,MIDDLE TN,9,40.8,0,224,54.2,,46.7,0,0,0,0.0,0.0,,2,0,0,69,0,0,0,169,0,100,0,0,69,0
Tray Eafford,39907,WR,TROY,10,21.7,0,318,71.2,68.0,62.4,0,0,2,0.8,0.8,100.0,0,0,0,69,0,0,0,318,2,251,0,0,67,0
Brenden Schooler,28253,WR,TEXAS,9,43.9,0,311,65.8,55.0,73.6,0,0,0,0.0,0.0,,0,0,0,69,0,0,0,157,0,88,0,0,69,0
D'vonte Price,55158,HB,FIU,5,29.7,0,166,70.0,74.1,56.6,1,3,50,40.3,40.0,94.0,0,5,1,69,0,0,0,232,52,130,0,0,17,0
Max Wray,81782,T,OHIO STATE,2,100.0,0,260,75.1,78.9,70.8,0,1,33,100.0,100.0,95.5,0,2,1,69,0,1,0,69,37,37,0,68,32,0
Judah Bell,61633,WR,SMU,9,54.8,0,287,62.5,69.6,73.5,0,0,9,14.5,16.2,100.0,1,0,0,69,0,0,0,126,11,68,0,0,58,42
Antoine Green,77985,WR,N CAROLINA,11,51.5,0,245,56.5,,63.5,0,0,0,0.0,0.0,,0,0,0,69,0,0,0,134,0,65,0,0,69,0
Destin Coates,83668,HB,GA STATE,9,19.3,0,175,63.3,38.3,57.3,0,5,28,19.3,18.9,91.1,1,5,0,69,0,0,0,357,28,148,0,0,41,0
Roschon Johnson,99467,HB,TEXAS,10,26.8,0,311,78.6,56.2,51.1,0,0,30,23.1,24.3,96.7,0,1,1,69,0,0,0,257,34,140,0,0,35,0
Ryan Luehrman,42371,TE,OHIO,3,62.2,0,259,79.3,70.7,79.2,0,0,10,20.4,19.2,100.0,0,0,0,69,0,0,0,111,10,52,0,0,59,63
Cornelius Johnson,97996,WR,MICHIGAN,6,35.6,0,222,66.0,,62.5,0,0,0,0.0,0.0,,0,0,0,69,0,0,0,194,0,125,0,0,69,0
Austin Collins,122700,C,LOUISVILLE,1,100.0,0,210,25.7,11.9,35.5,0,1,26,100.0,100.0,94.2,2,2,1,69,69,0,0,69,27,27,0,0,42,0
Yusuf Terry,99564,WR,BAYLOR,5,41.7,0,118,57.0,,58.6,0,0,0,0.0,0.0,,0,0,0,68,0,0,0,163,0,95,0,0,68,0
Jaylon Barden,123002,WR,PITTSBURGH,9,41.7,0,268,59.5,,56.1,0,0,0,0.0,0.0,,2,0,0,68,0,0,0,163,0,95,0,0,68,0
Jaeger Bull,52207,TE,RICE,5,87.2,0,275,47.5,69.3,48.8,0,0,2,18.2,23.1,100.0,0,0,0,68,0,0,0,78,3,13,0,0,65,60
Shadeed Ahmed,121716,WR,MARSHALL,6,61.3,0,214,54.9,,51.1,0,0,0,0.0,0.0,,0,0,0,68,0,0,0,111,0,43,0,0,68,0
Austin Cannon,45313,G,VA TECH,6,100.0,0,337,69.0,83.0,67.1,0,0,19,100.0,100.0,100.0,0,0,0,68,0,19,0,68,21,21,48,0,47,0
Jimmy Marshall,61453,WR,MIDDLE TN,5,33.3,0,224,49.8,,50.8,0,0,0,0.0,0.0,,1,0,0,68,0,0,0,204,0,136,0,0,68,0
Lucas Bacon,84505,WR,WASH STATE,4,35.4,0,341,53.5,,70.3,0,0,0,0.0,0.0,,0,0,0,68,0,0,0,192,0,124,0,0,68,3
Kelley Joiner Jr.,101124,HB,USF,9,26.3,0,327,68.1,37.5,56.8,1,3,47,29.4,29.6,91.5,0,6,2,68,0,0,0,259,48,162,0,0,20,0
Bryce Oliver,84248,WR,KENTUCKY,6,51.5,0,202,52.5,,64.2,0,0,0,0.0,0.0,,0,0,0,68,0,0,0,132,0,64,0,0,68,0
Jahquan Bloomfield,84269,WR,LA MONROE,10,26.8,1,209,60.0,,45.4,0,0,0,0.0,0.0,,1,0,0,68,0,0,0,254,0,186,0,0,68,0
Chris Tyree,122913,HB,NOTRE DAME,12,35.4,0,258,64.3,20.6,56.4,0,5,41,46.1,44.1,91.5,1,6,1,68,0,0,0,192,41,93,0,0,27,0
Isaiah Esdale,88318,WR,W VIRGINIA,8,44.7,0,343,67.3,,62.2,0,0,0,0.0,0.0,,0,0,0,68,0,0,0,152,0,84,0,0,68,0
Andrew Van Buren,83636,HB,BOISE ST,7,19.2,0,120,72.4,63.8,63.2,0,1,33,17.0,16.7,98.5,0,1,0,67,0,0,0,349,34,204,0,0,33,0
D'Marcus Adams,77955,WR,FAU,7,63.2,0,165,52.3,,58.5,0,0,0,0.0,0.0,,0,0,0,67,0,0,0,106,0,39,0,0,67,0
Trevor Wilson,97287,WR,BUFFALO,7,51.9,0,126,83.8,,59.0,0,0,0,0.0,0.0,,2,0,0,67,0,0,0,129,0,62,0,0,67,0
Billy Bowens,84144,WR,BOISE ST,6,42.4,0,120,56.3,,77.5,0,0,0,0.0,0.0,,1,0,0,67,0,0,0,158,0,91,0,0,67,2
Matt Sykes,131812,WR,UCLA,6,52.8,0,324,52.6,55.0,60.4,0,0,1,1.7,1.6,0.0,1,1,1,67,0,0,0,127,1,61,0,0,66,0
CT Thomas,61168,WR,BOISE ST,7,25.6,0,120,66.8,,67.9,0,0,0,0.0,0.0,,0,0,0,67,0,0,0,262,0,191,0,0,67,0
Dayton Metcalf,41003,FB,OKLA STATE,9,87.0,0,262,57.1,58.8,57.6,0,0,4,33.3,33.3,100.0,0,0,0,67,0,0,0,77,5,15,0,0,62,22
Isaiah Washington,98102,WR,RUTGERS,9,41.9,0,278,61.7,,60.6,0,0,0,0.0,0.0,,0,0,0,67,0,0,0,160,0,93,0,0,67,0
Bret Clark,61735,WR,TROY,8,29.1,0,318,59.9,63.1,55.7,0,0,1,0.6,0.6,100.0,0,0,0,67,0,0,0,230,1,164,0,0,66,0
Deneric Prince,83774,HB,TULSA,8,31.0,1,320,73.7,64.0,65.0,3,4,54,49.1,51.7,93.5,1,7,0,67,0,0,0,216,61,118,0,0,6,0
Chase Rogers,60939,TE,OLE MISS,5,66.3,0,226,59.4,57.8,62.6,0,0,11,25.0,24.4,100.0,0,0,0,67,0,0,0,101,11,45,0,0,56,66
Kevin Harris,99141,HB,S CAROLINA,10,16.3,0,289,83.3,27.2,56.1,0,3,40,20.7,22.1,93.7,0,4,1,67,0,0,0,412,45,204,0,0,22,3
Pete Nank,59850,G,MIAMI OH,2,100.0,0,221,60.4,77.6,54.7,0,2,38,100.0,100.0,97.4,0,2,0,67,12,55,0,67,40,40,0,0,27,0
Isaiah Williams,97156,QB,ILLINOIS,6,33.2,0,187,72.5,,60.7,0,0,0,0.0,0.0,,0,0,0,67,0,0,0,202,0,78,0,0,67,0
Luke Grimm,122561,WR,KANSAS,7,26.3,0,198,61.5,,51.2,0,0,0,0.0,0.0,,0,0,0,67,0,0,0,255,0,184,0,0,67,0
Jayden de Laura,131928,QB,WASH STATE,4,28.5,0,341,75.2,,60.1,0,0,0,0.0,0.0,,2,0,0,67,0,0,0,235,0,155,0,0,67,0
Damond Philyaw-Johnson,61222,WR,DUKE,7,39.6,0,154,53.7,,61.8,0,0,0,0.0,0.0,,0,0,0,67,0,0,0,169,0,102,0,0,67,0
Chance Lovertich,121427,QB,S ALABAMA,6,37.0,0,288,67.9,,60.0,0,0,0,0.0,0.0,,0,0,0,67,0,0,0,181,0,111,0,0,67,0
Trey Sermon,57372,HB,OHIO STATE,8,23.5,0,260,86.1,57.9,71.8,0,2,44,31.4,31.5,97.7,1,2,0,67,0,0,0,285,46,146,0,0,21,0
Gerald Green,97121,HB,GA SOUTHRN,8,44.6,0,174,78.0,65.9,56.4,0,1,10,47.6,47.6,95.0,0,1,0,66,0,0,0,148,10,21,0,0,56,0
Bru McCoy,71345,WR,USC,6,31.4,0,326,64.9,,57.6,0,0,0,0.0,0.0,,0,0,0,66,0,0,0,210,0,144,0,0,66,0
Tyler Scott,123578,WR,CINCINNATI,9,54.1,0,138,53.1,,63.0,0,0,0,0.0,0.0,,0,0,0,66,0,0,0,122,0,55,0,0,66,1
Kay'Ron Lynch-Adams,101643,HB,RUTGERS,9,45.8,0,278,60.7,49.7,55.3,0,2,37,49.3,50.6,97.3,0,2,0,66,0,0,0,144,42,83,0,0,24,0
Erick All,52595,TE,MICHIGAN,6,38.4,0,222,53.9,57.1,77.9,0,0,9,8.2,9.4,100.0,0,0,0,66,0,0,0,172,11,117,0,0,55,130
Jaron Woodyard,84328,WR,MARSHALL,5,69.5,0,214,67.1,,80.1,0,0,0,0.0,0.0,,0,0,0,66,0,0,0,95,0,29,0,0,66,0
Dylan Spencer,150940,G,MISSOURI,1,100.0,0,229,59.6,83.9,50.5,0,0,45,100.0,100.0,97.8,0,1,1,66,0,66,0,66,46,46,0,0,20,0
D.J. Butler,57051,TE,GA SOUTHRN,8,82.5,0,174,65.1,60.2,61.2,1,0,5,27.8,30.0,90.0,0,1,0,66,0,0,0,80,6,20,0,0,60,36
Nick Mardner,75945,WR,HAWAII,8,34.0,0,180,60.3,,51.7,0,0,0,0.0,0.0,,1,0,0,66,0,0,0,194,0,128,0,0,66,4
Connor Heyward,57301,HB,MICH STATE,7,28.1,0,223,62.1,64.7,56.1,1,2,41,29.5,30.6,93.9,0,4,1,66,0,0,0,235,45,147,0,0,21,1
Jerjuan Newton,97308,WR,TOLEDO,6,41.5,0,316,78.5,,70.9,0,0,0,0.0,0.0,,0,0,0,66,0,0,0,159,0,93,0,0,66,0
Gerrid Doaks,40903,HB,CINCINNATI,9,17.7,0,138,73.8,87.4,54.9,0,0,30,16.1,16.1,100.0,0,0,0,66,0,0,0,372,31,193,0,0,35,0
Joeseph Sewell,78732,FB,MIDDLE TN,7,82.5,0,224,55.7,62.3,48.9,0,0,14,50.0,53.3,92.9,1,1,1,66,0,0,0,80,16,30,0,0,50,51
Tre Johnson,98697,T,SO MISS,3,100.0,0,296,48.4,11.5,63.3,0,3,31,100.0,100.0,85.5,0,6,3,65,0,0,64,65,34,34,0,0,31,1
Brannon Spector,99581,WR,CLEMSON,11,36.1,0,140,60.0,,40.8,0,0,0,0.0,0.0,,1,0,0,65,0,0,0,180,0,113,0,0,65,0
Brett Bostad,77034,FB,N ILLINOIS,6,91.5,0,254,58.3,78.6,57.6,0,0,4,50.0,45.5,100.0,1,0,0,65,0,0,0,71,5,11,0,0,60,20
Pooka Williams Jr.,77771,HB,KANSAS,4,36.5,0,198,72.9,53.3,67.8,1,2,39,39.4,38.6,93.6,0,4,1,65,0,0,0,178,39,101,0,0,26,0
Ali Jennings III,145344,WR,W VIRGINIA,7,43.6,0,343,58.1,,74.6,0,0,0,0.0,0.0,,1,0,0,65,0,0,0,149,0,84,0,0,65,0
Master Teague III,83734,HB,OHIO STATE,7,26.6,0,260,73.0,51.7,37.7,0,2,48,42.1,41.9,95.8,1,3,1,65,0,0,0,244,52,124,0,0,13,0
Marquez Stevenson,41838,WR,HOUSTON,5,32.3,0,182,69.9,,61.8,0,0,0,0.0,0.0,,2,0,0,65,0,0,0,201,0,132,0,0,65,0
Steven McBride,122570,WR,KANSAS,7,43.3,0,198,53.6,,64.0,0,0,0,0.0,0.0,,0,0,0,65,0,0,0,150,0,85,0,0,65,0
Mohamed Ibrahim,55226,HB,MINNESOTA,7,17.6,0,225,83.3,59.8,44.3,0,1,45,32.4,32.9,98.9,0,1,0,65,0,0,0,370,48,146,0,0,17,0
Spencer Gardner,59800,T,LA LAFAYET,3,100.0,0,207,61.4,77.6,52.3,0,1,38,100.0,100.0,98.7,0,1,0,65,0,0,65,65,40,40,0,0,25,0
Braden Lenzy,84348,WR,NOTRE DAME,7,45.1,0,258,59.1,,70.1,0,0,0,0.0,0.0,,0,0,0,65,0,0,0,144,0,76,0,0,65,0
Brian Kilbane,130370,G,BOWL GREEN,4,100.0,0,122,68.8,69.2,68.1,0,1,25,100.0,100.0,98.0,0,1,0,65,0,21,0,65,26,26,44,0,39,0
Jovoni Johnson-McCray,100830,QB,RICE,4,49.2,0,275,72.5,,60.0,0,0,0,0.0,0.0,,1,0,0,65,0,0,0,132,0,48,0,0,65,0
Gio Pancotti,40010,G,HOUSTON,4,100.0,0,182,69.8,58.9,73.4,0,2,39,100.0,100.0,97.4,0,2,0,65,0,64,0,65,41,41,0,1,24,0
Kamaron Holloway,81586,T,ARMY,6,100.0,0,114,66.2,0.0,66.3,0,0,2,100.0,100.0,100.0,0,0,0,65,0,0,36,65,2,2,0,21,63,8
Trayvon Rudolph,130577,WR,N ILLINOIS,6,28.4,0,254,58.5,,57.4,0,0,0,0.0,0.0,,0,0,0,64,0,0,0,225,0,161,0,0,64,0
Chris Murray,81885,G,OKLAHOMA,5,100.0,0,261,83.3,51.5,87.1,2,1,27,100.0,100.0,94.4,0,3,0,64,0,0,0,64,27,27,64,0,37,0
Champ Flemings,52125,WR,OREGON ST,5,37.2,0,265,57.1,,60.7,0,0,0,0.0,0.0,,0,0,0,64,0,0,0,172,0,107,0,0,64,0
Tre Harbison III,45521,HB,CHARLOTTE,6,26.3,1,136,69.7,31.3,62.9,0,2,22,19.5,20.2,95.5,2,2,0,64,0,0,0,243,25,124,0,0,39,0
Jorden Gidrey,125267,HB,AIR FORCE,5,68.1,0,101,50.3,72.5,57.2,0,0,2,9.1,9.1,100.0,0,0,0,64,0,0,0,94,2,22,0,0,62,35
Tyleek Collins,84467,WR,UNLV,5,30.0,0,325,57.3,,43.9,0,0,0,0.0,0.0,,1,0,0,64,0,0,0,213,0,145,0,0,64,0
Jeremiah Payton,97607,WR,MIAMI FL,6,44.8,2,220,58.2,,85.5,0,0,0,0.0,0.0,,2,0,0,64,0,0,0,143,0,79,0,0,64,0
Jawaun Johnson,100872,WR,LA TECH,7,36.4,0,208,56.8,,54.4,0,0,0,0.0,0.0,,1,0,0,64,0,0,0,176,0,111,0,0,64,3
Joshua Fleeks,78088,WR,BAYLOR,8,32.2,0,118,60.6,,55.3,0,0,0,0.0,0.0,,2,0,0,64,0,0,0,199,0,131,0,0,64,0
Jalen Walker,61429,WR,MIAMI OH,3,42.4,0,221,57.2,,64.7,0,0,0,0.0,0.0,,0,0,0,64,0,0,0,151,0,87,0,0,64,0
Malik Washington,97108,WR,NWESTERN,5,55.2,0,256,60.0,,56.2,0,0,0,0.0,0.0,,0,0,0,64,0,0,0,116,0,51,0,0,64,1
Tarik Black,61442,WR,TEXAS,8,37.4,0,311,64.6,,55.7,0,0,0,0.0,0.0,,2,0,0,64,0,0,0,171,0,107,0,0,64,0
T.K. Wilkerson,77739,HB,TULSA,6,35.6,0,320,73.7,73.8,58.4,0,1,51,63.8,61.8,99.0,0,1,0,64,0,0,0,180,55,89,0,0,9,0
Tyler Johnson,98481,G,TEXAS,2,100.0,0,311,64.3,57.0,65.0,0,0,33,100.0,100.0,100.0,0,0,0,64,0,0,0,64,34,34,64,0,30,0
Darwin Barlow,99482,HB,TCU,10,27.5,0,305,71.0,77.4,55.3,0,0,20,18.3,19.1,100.0,1,0,0,64,0,0,0,233,22,115,0,0,42,0
Caleb Chapman,84441,WR,TEXAS A&M,3,41.3,0,312,68.0,,51.1,0,0,0,0.0,0.0,,0,0,0,64,0,0,0,155,0,91,0,0,64,0
Mitchell Mayes,122151,T,CLEMSON,7,100.0,0,140,68.5,68.8,66.0,1,0,28,100.0,100.0,98.2,0,1,0,64,0,0,0,64,28,28,0,64,36,0
Rhamondre Stevenson,98689,HB,OKLAHOMA,6,24.6,0,261,90.4,80.9,57.2,0,1,42,32.1,34.3,98.8,0,1,0,64,0,0,0,260,49,143,0,0,15,0
Ricky White,129639,WR,MICH STATE,4,38.0,0,223,64.8,,59.0,0,0,0,0.0,0.0,,0,0,0,63,0,0,0,166,0,103,0,0,63,0
Brennan Presley,122982,WR,OKLA STATE,9,39.1,0,262,54.4,,54.6,0,0,0,0.0,0.0,,0,0,0,63,0,0,0,161,0,95,0,0,63,0
Vontravious Hall,83526,QB,NEW MEXICO,4,29.9,0,241,63.1,,60.3,0,0,0,0.0,0.0,,0,0,0,63,0,0,0,211,0,124,0,0,63,0
Hunter Rayburn,99654,C,CLEMSON,6,100.0,0,140,57.3,54.1,56.9,0,1,32,100.0,100.0,98.4,0,1,0,63,18,10,0,63,32,32,4,31,31,0
Deven Thompkins,84480,WR,UTAH ST,4,32.8,0,329,62.5,,68.7,0,0,0,0.0,0.0,,1,0,0,63,0,0,0,192,0,127,0,0,63,0
Dominic Benson,40587,WR,S DIEGO ST,6,61.2,0,284,62.2,,61.8,0,0,0,0.0,0.0,,0,0,0,63,0,0,0,103,0,40,0,0,63,0
Zion Bowens,128192,WR,HAWAII,7,35.2,0,180,58.9,,63.8,0,0,0,0.0,0.0,,1,0,0,63,0,0,0,179,0,116,0,0,63,0
Dante Wright,97188,WR,COLO STATE,3,38.4,0,144,82.8,30.9,45.2,0,0,0,0.0,0.0,,0,0,0,63,0,0,0,164,0,91,0,0,63,13
Geordon Porter,84112,WR,ARIZONA ST,4,50.4,1,110,59.3,,51.6,0,0,0,0.0,0.0,,2,0,0,63,0,0,0,125,0,61,0,0,63,0
Xavier Arline,121831,QB,NAVY,5,45.7,0,237,54.3,,60.0,0,0,0,0.0,0.0,,0,0,0,63,0,0,0,138,0,24,0,0,63,0
Terez Traynor,100890,WR,W KENTUCKY,9,39.6,0,346,45.5,,39.2,0,0,0,0.0,0.0,,1,0,0,63,0,0,0,159,0,96,0,0,63,0
Major Tennison,60837,TE,ALABAMA,11,85.1,0,103,50.6,71.4,51.7,0,0,5,31.3,31.3,100.0,0,0,0,63,0,0,1,74,5,16,0,0,58,69
Al'vonte Woodard,99531,WR,TEXAS,10,43.7,0,311,57.3,,67.6,0,0,0,0.0,0.0,,0,0,0,62,0,0,0,142,0,80,0,0,62,0
Tyjon Lindsey,61489,WR,OREGON ST,6,48.4,0,265,71.3,,66.5,0,0,0,0.0,0.0,,0,0,0,62,0,0,0,128,0,56,0,0,62,1
Garrett Groshek,40045,HB,WISCONSIN,6,25.9,0,349,63.7,71.7,63.0,0,0,32,23.4,24.8,96.9,0,1,1,62,0,0,0,239,36,145,0,0,26,0
Dayton Wade,97181,WR,W KENTUCKY,6,32.0,0,346,63.5,,59.9,0,0,0,0.0,0.0,,0,0,0,62,0,0,0,194,0,132,0,0,62,0
LaDarius Henderson,98275,G,ARIZONA ST,3,100.0,0,110,55.1,0.0,66.7,1,1,16,100.0,100.0,81.2,0,4,2,62,0,0,0,62,17,17,41,20,45,0
Sam Olson,128333,TE,S JOSE ST,6,54.4,0,285,60.9,70.6,49.6,0,0,6,10.9,10.3,100.0,0,0,0,62,0,0,1,114,6,58,0,0,56,104
Evan Fairs,22869,WR,VA TECH,8,59.6,0,337,59.2,,81.0,0,0,0,0.0,0.0,,0,0,0,62,0,0,0,104,0,42,0,0,62,0
Makai Polk,100647,WR,CAL,4,35.2,0,130,65.4,,62.3,0,0,0,0.0,0.0,,0,0,0,62,0,0,0,176,0,114,0,0,62,0
Najee Harris,57121,HB,ALABAMA,13,9.9,0,103,89.8,54.2,49.3,1,4,40,11.9,11.9,93.7,0,5,0,62,0,0,0,627,42,353,0,0,20,0
Tayvon Ruley,101073,HB,TEMPLE,7,34.4,0,306,63.0,47.8,49.2,0,4,37,46.3,45.9,94.6,0,4,0,62,0,0,0,180,39,85,0,0,23,1
Garrett Miller,101692,TE,PURDUE,6,66.0,0,273,56.7,66.9,50.2,0,0,15,34.9,31.9,100.0,0,0,0,62,0,0,0,94,15,47,0,0,47,77
Will Plummer,131592,QB,ARIZONA,3,34.8,0,109,50.0,,60.0,0,0,0,0.0,0.0,,2,0,0,62,0,0,0,178,0,102,0,0,62,0
Myles Hinton,131761,T,STANFORD,5,100.0,0,300,61.1,71.4,59.4,0,0,5,100.0,100.0,100.0,1,0,0,62,0,0,0,62,5,5,0,0,57,62
Isaac Lutz,42159,WR,PENN STATE,8,62.0,0,266,60.2,,60.4,0,0,0,0.0,0.0,,0,0,0,62,0,0,0,100,0,38,0,0,62,0
Javon Baker,123904,WR,ALABAMA,7,62.0,0,103,54.6,,52.6,0,0,0,0.0,0.0,,0,0,0,62,0,0,0,100,0,38,0,0,62,0
Jeremy Hunt,123483,QB,LA MONROE,7,27.0,0,209,56.2,,60.0,0,0,0,0.0,0.0,,1,0,0,62,0,0,0,230,0,157,0,0,62,0
Jamious Griffin,97189,HB,GA TECH,7,38.9,0,176,73.9,50.2,64.7,0,1,36,42.9,42.0,98.6,0,1,0,61,0,0,0,157,37,88,0,0,24,0
Conner Kinslow,128267,TE,NEW MEXICO,6,78.2,0,241,55.6,75.7,55.2,0,0,2,11.1,15.0,100.0,0,0,0,61,0,0,0,78,3,20,0,0,58,59
Devon Pauley,84257,WR,LA LAFAYET,10,43.9,0,207,60.5,,55.2,0,0,0,0.0,0.0,,0,0,0,61,0,0,0,139,0,78,0,0,61,2
LD Brown,40346,HB,OKLA STATE,8,29.3,0,262,71.5,87.8,68.1,0,0,36,37.9,38.2,100.0,0,0,0,61,0,0,0,208,39,102,0,0,22,0
David Redding,59849,G,MIAMI OH,2,100.0,0,221,72.4,83.9,70.2,0,0,25,100.0,100.0,100.0,0,0,0,61,0,61,0,61,26,26,0,0,35,0
Fred Payton,82102,QB,COAST CAR,8,50.8,0,141,58.5,,60.3,0,0,0,0.0,0.0,,1,0,0,61,0,0,0,120,0,49,0,0,61,0
Justin Tomlin,78482,QB,GA SOUTHRN,8,48.0,0,174,54.2,,60.0,0,0,0,0.0,0.0,,0,0,0,61,0,0,0,127,0,35,0,0,61,0
Joel Wilson,77943,TE,C MICHIGAN,5,46.6,0,134,66.5,71.8,72.9,0,0,9,12.5,11.4,100.0,0,0,0,61,0,0,0,131,9,79,0,0,52,111
John Hassell,77903,TE,MEMPHIS,9,64.9,0,218,45.3,36.2,56.6,0,1,5,14.3,13.5,90.0,0,1,0,61,0,0,0,94,5,37,0,0,56,80
Ajou Ajou,122137,WR,CLEMSON,9,56.0,0,140,54.2,,69.7,0,0,0,0.0,0.0,,1,0,0,61,0,0,0,109,0,48,0,0,61,0
Jordan Watkins,122730,WR,LOUISVILLE,9,50.4,0,210,66.3,,61.7,0,0,0,0.0,0.0,,0,0,0,61,0,0,0,121,0,59,0,0,61,0
Bam Knight,97432,HB,NC STATE,12,18.6,0,248,84.2,47.3,62.6,0,4,49,30.1,29.3,93.9,1,5,1,61,0,0,0,328,51,174,0,0,10,0
Andrew Raym,122940,G,OKLAHOMA,4,100.0,0,261,75.0,76.5,74.1,0,1,26,100.0,100.0,98.1,0,1,0,61,0,61,0,61,27,27,0,0,34,0
Trey Palmer,99248,WR,LSU,8,40.4,0,211,59.7,,67.8,0,0,0,0.0,0.0,,0,0,0,61,0,0,0,151,0,90,0,0,61,2
Trevor Borland,130400,TE,BUFFALO,7,100.0,0,126,88.7,65.4,81.3,0,0,0,,100.0,,0,0,0,61,0,0,0,61,1,1,0,0,60,56
Ethan Fernea,61765,WR,UCLA,6,76.3,0,324,64.0,,51.3,0,0,0,0.0,0.0,,1,0,0,61,0,0,0,80,0,16,0,0,61,6
Jahmyr Gibbs,122474,HB,GA TECH,7,24.1,0,176,83.2,56.0,49.2,2,3,33,26.4,27.4,92.4,0,5,0,60,0,0,0,249,37,135,0,0,23,0
Grant Gunnell,98367,QB,ARIZONA,4,32.3,0,109,54.0,,60.0,0,0,0,0.0,0.0,,1,0,0,60,0,0,0,186,0,122,0,0,60,0
Michael Tarquin,98407,T,FLORIDA,8,100.0,0,163,56.7,75.7,51.0,1,0,26,100.0,100.0,98.1,0,1,0,60,0,0,7,60,27,27,0,49,33,4
Gunner Gentry,75958,WR,WYOMING,3,55.0,0,351,59.1,,63.0,0,0,0,0.0,0.0,,0,0,0,60,0,0,0,109,0,49,0,0,60,0
Jack Coldiron,63838,TE,MIAMI OH,3,54.5,0,221,64.9,75.0,48.7,0,0,7,12.5,13.8,100.0,0,0,0,60,0,0,0,110,8,58,0,0,52,74
Dekalen Goodson,77182,TE,HOUSTON,7,84.5,0,182,40.2,47.7,45.3,2,1,15,57.7,60.7,90.0,0,3,0,60,0,0,0,71,17,28,0,0,43,71
Kris Leach,61076,TE,KENT STATE,3,77.9,1,201,47.6,49.7,58.6,0,1,10,45.5,41.4,95.0,1,1,0,60,0,0,1,77,12,29,0,0,48,74
Malik Jackson,84267,WR,LA MONROE,10,26.0,0,209,60.9,,47.5,0,0,0,0.0,0.0,,0,0,0,60,0,0,0,231,0,170,0,0,60,0
Steve Jenkins,101350,WR,UNLV,3,38.5,0,325,55.8,,61.9,0,0,0,0.0,0.0,,1,0,0,60,0,0,0,156,0,96,0,0,60,0
Zander Horvath,57384,HB,PURDUE,6,16.6,0,273,74.7,57.7,43.8,0,1,34,14.7,15.7,95.6,0,2,1,60,0,0,0,361,39,249,0,0,21,1
Shane Hooks,78198,WR,OHIO,3,53.2,0,259,59.4,,43.8,0,0,0,0.0,0.0,,2,0,0,59,0,0,0,111,0,52,0,0,59,0
Xavier Weaver,101130,WR,USF,8,33.9,0,327,65.8,,59.4,0,0,0,0.0,0.0,,0,0,0,59,0,0,0,174,0,115,0,0,59,0
Kohl Levao,75850,G,HAWAII,1,100.0,0,180,65.8,77.6,62.0,0,0,43,100.0,100.0,97.7,0,1,1,59,0,59,0,59,44,44,0,0,15,0
Aidan O'Connell,60516,QB,PURDUE,3,26.3,0,273,61.8,,60.0,0,0,0,0.0,0.0,,2,0,0,59,0,0,0,224,0,158,0,0,59,0
Calvin Wiggins,98218,WR,SMU,9,52.2,0,287,45.0,,54.5,0,0,0,0.0,0.0,,2,0,0,59,0,0,0,113,0,54,0,0,59,0
Terrion Avery,102877,HB,S ALABAMA,10,33.7,0,288,66.3,49.2,63.5,1,0,34,34.7,36.5,98.5,0,1,0,59,0,0,0,175,38,104,0,0,21,0
Jyaire Shorter,84337,WR,N TEXAS,3,52.7,0,251,61.0,,63.2,0,0,0,0.0,0.0,,2,0,0,59,0,0,0,112,0,53,0,0,59,0
Terrell Bynum,61804,WR,WASHINGTON,3,44.4,0,340,68.1,,80.4,0,0,0,0.0,0.0,,1,0,0,59,0,0,0,133,0,69,0,0,59,0
Oscar Adaway III,100835,HB,N TEXAS,7,27.9,0,251,82.4,50.8,56.2,0,0,37,43.0,44.4,97.3,0,1,1,58,0,0,0,208,40,90,0,0,18,0
B.J. Smith,40545,HB,TROY,9,18.9,0,318,64.6,44.0,44.4,1,4,37,18.0,18.1,93.2,0,5,0,58,0,0,0,307,39,215,0,0,19,0
Jacob Free,60591,QB,TROY,6,24.5,0,318,61.5,,60.0,0,0,0,0.0,0.0,,0,0,0,58,0,0,0,237,0,175,0,0,58,0
Charles Turner,99102,G,LSU,1,100.0,0,211,61.3,48.2,64.1,2,0,40,100.0,100.0,97.5,0,2,0,58,0,58,0,58,41,41,0,0,17,0
Velton Gardner,97110,HB,KANSAS,6,26.0,0,198,68.1,26.5,57.3,0,1,35,28.5,30.4,92.9,0,3,2,58,0,0,0,223,41,135,0,0,17,0
Rome Odunze,73774,WR,WASHINGTON,4,56.3,0,340,62.9,,68.0,0,0,0,0.0,0.0,,0,0,0,58,0,0,0,103,0,42,0,0,58,0
Elijah Ratliff,76949,G,KENT STATE,4,70.7,0,201,67.2,19.5,85.1,0,0,11,34.4,35.1,100.0,1,0,0,58,2,9,0,82,13,37,15,1,45,54
Harrison Waylee,130584,HB,N ILLINOIS,6,22.0,0,254,77.0,22.3,54.6,2,1,39,30.0,30.3,88.5,0,6,3,58,0,0,0,264,43,142,0,0,15,0
Tevaka Tuioti,40663,QB,NEW MEXICO,2,39.7,0,241,75.4,,60.0,0,0,0,0.0,0.0,,1,0,0,58,0,0,0,146,0,83,0,0,58,0
Jack Plummer,83543,QB,PURDUE,3,27.8,0,273,75.7,,60.0,0,0,0,0.0,0.0,,0,0,0,58,0,0,0,209,0,144,0,0,58,0
Brian Driscoll,100534,C,CAL,2,100.0,0,130,63.2,74.6,64.0,0,0,32,100.0,100.0,100.0,1,0,0,58,58,0,0,58,37,37,0,0,21,0
Jarek Broussard,83656,HB,COLORADO,6,16.9,1,143,77.2,73.1,41.1,0,0,23,16.2,16.4,100.0,1,0,0,58,0,0,0,344,25,152,0,0,33,0
Tykee Ogle-Kellogg,84493,WR,UTSA,6,44.6,0,331,77.9,,69.2,0,0,0,0.0,0.0,,0,0,0,58,0,0,0,130,0,72,0,0,58,0
Logan Brown,101566,T,WISCONSIN,4,100.0,0,349,47.2,68.7,45.1,1,0,14,100.0,100.0,96.4,0,1,0,58,0,0,58,58,16,16,0,0,42,0
Brycen Tremayne,84425,WR,STANFORD,6,26.2,0,300,66.8,,66.1,0,0,0,0.0,0.0,,1,0,0,58,0,0,0,221,0,163,0,0,58,0
Zavier Betts,129674,WR,NEBRASKA,6,43.6,0,238,68.9,,58.4,0,0,0,0.0,0.0,,0,0,0,58,0,0,0,133,0,75,0,0,58,0
Dameon Pierce,83659,HB,FLORIDA,12,16.9,0,163,76.0,45.4,74.9,0,2,16,8.6,8.2,93.7,0,2,0,58,0,0,0,343,16,194,0,0,42,1
La'Darius Jefferson,83704,HB,W MICHIGAN,6,25.2,0,347,78.8,62.9,50.1,0,1,39,41.9,40.4,96.2,0,2,1,58,0,0,0,230,40,99,0,0,18,0
Toa Taua,83722,HB,NEVADA,8,15.3,0,239,74.1,46.4,50.9,1,1,38,16.7,17.6,97.4,0,2,0,58,0,0,0,378,43,245,0,0,15,1
Josh Johnson,88760,HB,LA MONROE,8,18.7,0,209,64.6,57.2,48.4,0,0,48,24.0,23.9,97.9,0,1,1,58,0,0,0,310,51,213,0,0,7,0
Melvin Hill,52107,WR,UMASS,4,46.8,0,216,47.9,63.1,51.8,0,0,1,1.5,1.5,100.0,2,0,0,58,0,0,0,124,1,67,0,0,57,0
Rob Johnson,121491,WR,UAB,4,53.8,1,321,49.1,,52.8,0,0,0,0.0,0.0,,5,0,0,57,0,0,0,106,0,49,0,0,57,0
Christan Horn,122243,WR,APP STATE,8,48.3,0,108,53.2,,68.0,0,0,0,0.0,0.0,,0,0,0,57,0,0,0,118,0,61,0,0,57,0
Tavares Kelly Jr.,78002,WR,VIRGINIA,5,46.7,0,335,56.3,,59.7,0,0,0,0.0,0.0,,0,0,0,57,0,0,0,122,0,63,0,0,57,3
Tez Johnson,123709,WR,TROY,11,33.3,0,318,60.4,,51.5,0,0,0,0.0,0.0,,0,0,0,57,0,0,0,171,0,114,0,0,57,0
Luke McCaffrey,101634,QB,NEBRASKA,7,27.7,0,238,62.3,,60.1,0,0,0,0.0,0.0,,1,0,0,57,0,0,0,206,0,96,0,0,57,0
Ronnie Blackmon,43030,WR,TOLEDO,6,34.5,1,316,62.0,,58.1,0,0,0,0.0,0.0,,2,0,0,57,0,0,0,165,0,108,0,0,57,0
Lindell Stone,62774,QB,VIRGINIA,6,30.6,0,335,44.5,,61.5,0,0,0,0.0,0.0,,0,0,0,57,0,0,0,186,0,121,0,0,57,0
Gary Brightwell,57133,HB,ARIZONA,5,23.8,0,109,70.2,37.6,49.4,1,3,41,31.3,31.7,95.1,1,4,0,57,0,0,0,239,44,139,0,0,13,0
Hassan Hall,77705,HB,LOUISVILLE,7,37.7,0,210,59.1,63.5,57.5,0,2,41,53.2,53.2,95.1,0,3,1,57,0,0,0,151,42,79,0,0,15,0
Brad Anderson,57302,WR,MIDDLE TN,9,48.3,0,224,64.1,61.0,79.5,0,0,1,1.9,1.7,100.0,1,0,0,57,0,0,0,118,1,60,0,0,56,1
Samson Evans,84228,HB,E MICHIGAN,4,37.3,0,160,69.4,83.0,67.4,0,0,28,34.1,33.7,100.0,0,0,0,57,0,0,0,153,28,83,0,0,29,0
Michael Wilson,84423,WR,STANFORD,4,31.8,0,300,69.1,,61.8,0,0,0,0.0,0.0,,0,0,0,57,0,0,0,179,0,122,0,0,57,0
Gerrik Vollmer,76564,C,VIRGINIA,6,100.0,0,335,53.0,62.5,52.9,0,0,20,100.0,100.0,100.0,0,0,0,57,57,0,0,57,22,22,0,0,35,0
Jack Stoll,42058,TE,NEBRASKA,7,57.0,0,238,76.7,66.5,84.2,0,0,2,4.4,4.4,100.0,0,0,0,57,0,0,0,100,2,45,0,0,55,53
Calif Gossett,42008,WR,LA LAFAYET,8,45.6,0,207,64.7,,61.5,0,0,0,0.0,0.0,,0,0,0,57,0,0,0,125,0,68,0,0,57,0
Tank Bigsby,123974,HB,AUBURN,10,18.2,0,115,84.1,36.2,56.0,0,1,25,18.4,18.4,98.0,0,1,0,57,0,0,0,313,26,141,0,0,31,0
Dalton Rigdon,61729,WR,TEXAS TECH,7,35.0,1,315,63.1,,54.6,0,0,0,0.0,0.0,,1,0,0,57,0,0,0,163,0,106,0,0,57,0
Brady Russell,60876,TE,COLORADO,2,62.0,0,143,78.4,70.7,81.1,0,0,2,5.7,7.9,100.0,0,0,0,57,0,0,0,92,3,38,0,0,54,71
Tyler Lavine,97307,HB,SMU,9,25.9,0,287,78.1,84.0,58.4,0,0,45,33.1,32.4,100.0,0,0,0,57,0,0,0,220,48,148,0,0,9,0
Jason Medeiros,130264,C,AIR FORCE,4,100.0,0,101,65.7,38.3,65.6,0,1,14,100.0,100.0,96.4,0,1,0,57,57,0,0,57,15,15,0,0,42,0
Dylan Drummond,78187,WR,E MICHIGAN,3,41.9,0,160,56.1,,60.0,0,0,0,0.0,0.0,,0,0,0,57,0,0,0,136,0,79,0,0,57,1
Jermar Jefferson,83740,HB,OREGON ST,6,18.0,0,265,79.3,80.8,53.7,0,1,23,17.2,16.9,97.8,0,1,0,56,0,0,0,311,24,142,0,0,32,0
Junior Uzebu,77471,T,W VIRGINIA,1,100.0,0,343,45.9,33.9,49.8,1,1,25,100.0,100.0,92.0,0,3,1,56,0,0,56,56,30,30,0,0,26,0
Tommy Brown,81543,G,ALABAMA,6,100.0,1,103,77.2,78.2,79.1,0,0,8,100.0,100.0,100.0,1,0,0,56,0,51,0,56,8,8,3,2,48,0
Charlie Clark,62968,T,GA TECH,3,100.0,0,176,60.2,46.3,62.8,0,2,20,100.0,100.0,90.0,0,3,1,56,0,0,17,56,22,22,0,39,34,0
Jake Paulson,55242,TE,MINNESOTA,4,87.5,0,225,55.3,35.8,53.2,1,1,10,55.6,57.9,90.0,0,2,0,56,0,0,0,64,11,19,0,1,45,62
Naricuss Driver Jr.,98719,TE,SO MISS,4,68.3,0,296,56.2,72.6,52.2,0,0,4,16.0,17.2,100.0,0,0,0,56,0,0,1,82,5,29,0,0,51,45
Stanley Berryhill III,61128,WR,ARIZONA,5,28.0,0,109,70.6,,63.3,0,0,0,0.0,0.0,,0,0,0,56,0,0,0,200,0,144,0,0,56,0
Jean Marcellus,52304,G,USF,1,100.0,0,327,48.6,45.1,52.4,0,2,26,100.0,100.0,96.2,2,2,0,56,0,56,0,56,26,26,0,0,30,0
Skylar Thompson,60417,QB,KANSAS ST,3,37.6,0,199,87.7,,60.0,0,0,0,0.0,0.0,,0,0,0,56,0,0,0,149,0,78,0,0,56,0
Tyler Baylor,82322,TE,MARYLAND,5,70.0,0,215,30.6,72.7,38.1,0,0,8,26.7,25.0,100.0,0,0,0,56,0,0,0,80,8,32,0,0,48,72
Kam Brown,99206,WR,TEXAS A&M,6,41.4,0,312,59.7,,76.1,0,0,0,0.0,0.0,,1,0,0,55,0,0,0,133,0,78,0,0,55,0
Tristian Brank,130281,TE,AKRON,4,54.5,0,102,53.8,45.7,48.5,1,0,10,18.5,20.7,95.0,0,1,0,55,0,0,0,101,12,58,0,0,43,77
Bryce Kirtz,97424,WR,NWESTERN,8,39.6,0,256,58.4,,66.0,0,0,0,0.0,0.0,,0,0,0,55,0,0,0,139,0,84,0,0,55,0
Joseph Ngata,98214,WR,CLEMSON,7,44.7,0,140,64.0,,60.1,0,0,0,0.0,0.0,,0,0,0,55,0,0,0,123,0,68,0,0,55,0
Rico Arnold,84529,WR,CHARLOTTE,5,46.2,0,136,53.7,,63.5,0,0,0,0.0,0.0,,0,0,0,55,0,0,0,119,0,64,0,0,55,0
Rodrigues Clark,101068,HB,MEMPHIS,9,18.0,0,218,70.6,57.2,49.1,0,1,27,20.5,21.3,98.1,0,1,0,55,0,0,0,305,30,141,0,0,25,0
Abe Anderson,101104,TE,TULSA,9,93.2,0,320,66.0,68.9,66.2,0,0,4,50.0,50.0,100.0,0,0,0,55,0,0,0,59,4,8,0,0,51,51
Brandon Hayes,121459,WR,SO MISS,6,59.1,0,296,69.4,,61.2,0,0,0,0.0,0.0,,0,0,0,55,0,0,0,93,0,38,0,0,55,0
Tyler Nevens,52262,HB,S JOSE ST,8,29.1,1,285,90.4,77.3,73.0,0,2,38,38.8,38.0,97.4,1,2,0,55,0,0,0,189,41,108,0,0,14,0
DJ Smith,130479,HB,E MICHIGAN,5,49.5,0,160,49.6,56.5,58.0,0,1,40,54.1,56.1,93.7,0,3,2,55,0,0,0,111,46,82,0,0,9,0
William Barnes,77356,T,N CAROLINA,7,100.0,0,245,59.0,77.0,66.1,0,0,7,100.0,100.0,100.0,2,0,0,55,0,6,0,55,8,8,12,37,47,0
Brycen Yarmo,130325,TE,AKRON,5,69.6,0,102,49.3,31.1,62.6,0,1,12,34.3,33.3,95.8,0,1,0,55,0,0,0,79,12,36,0,0,43,68
Isaiah Chavez,128257,QB,NEW MEXICO,2,49.1,1,241,64.3,,60.0,0,0,0,0.0,0.0,,2,0,0,55,0,0,0,112,0,37,0,0,55,0
Isiah Cox,78199,WR,OHIO,3,48.7,0,259,78.2,,71.4,0,0,0,0.0,0.0,,0,0,0,55,0,0,0,113,0,57,0,0,55,1
Marquel Tinsley,97865,WR,MIDDLE TN,8,37.8,0,224,52.1,,51.8,0,0,0,0.0,0.0,,0,0,0,54,0,0,0,143,0,89,0,0,54,0
Jaylin Lane,121811,WR,MIDDLE TN,7,45.8,0,224,66.9,,44.7,0,0,0,0.0,0.0,,0,0,0,54,0,0,0,118,0,64,0,0,54,2
Steven Bailey,41462,C,ARIZONA,2,100.0,0,109,59.3,84.2,61.8,0,0,38,100.0,100.0,100.0,2,0,0,54,54,0,0,54,39,39,0,0,15,0
Re-al Mitchell,77670,QB,TEMPLE,3,37.0,0,306,47.8,,60.0,0,0,0,0.0,0.0,,1,0,0,54,0,0,0,146,0,59,0,0,54,0
Seth Green,40668,WR,MINNESOTA,7,46.2,0,225,63.9,,55.3,0,0,0,0.0,0.0,,0,0,0,54,0,0,0,117,0,54,0,0,54,7
Gavin Reinwald,60865,TE,CAL,4,65.1,0,130,61.4,61.6,65.5,1,0,10,27.0,25.6,95.0,0,1,0,54,0,0,0,83,10,39,0,0,44,65
Leke Asenuga,128251,G,NEW MEXICO,4,100.0,1,241,56.2,19.3,66.5,0,1,26,100.0,100.0,94.2,2,2,1,54,0,0,0,54,26,26,54,0,28,0
Rudy Stofer,57111,T,WYOMING,2,100.0,0,351,47.4,28.3,54.5,1,4,30,100.0,100.0,91.7,0,5,0,54,0,0,54,54,31,31,0,0,23,0
Mulbah Car,40929,HB,HOUSTON,7,34.0,0,182,67.6,75.1,59.0,1,1,37,43.5,43.3,97.3,0,2,0,54,0,0,0,159,39,90,0,0,15,0
Jsi Hatfield,97131,WR,E CAROLINA,6,54.0,0,156,59.0,,61.3,0,0,0,0.0,0.0,,0,0,0,54,0,0,0,100,0,43,0,0,54,0
Ulysses Bentley IV,97200,HB,SMU,10,13.3,0,287,81.2,43.4,58.7,1,2,38,18.0,18.9,96.1,0,3,0,54,0,0,0,405,42,222,0,0,12,0
John Blasco Jr.,52032,T,COLO STATE,4,100.0,0,144,48.4,48.0,46.9,0,2,28,100.0,100.0,96.4,0,2,0,54,0,19,33,54,28,28,0,0,26,2
Lawrance Toafili,122421,HB,FLORIDA ST,8,34.2,0,167,84.3,84.1,60.9,0,0,14,18.4,18.5,100.0,0,0,0,54,0,0,0,158,15,81,0,0,39,1
Tyrone Broden,100273,WR,BOWL GREEN,5,38.6,0,122,52.7,,52.0,0,0,0,0.0,0.0,,0,0,0,54,0,0,0,140,0,86,0,0,54,0
Julian Sams,77500,G,KENT STATE,1,100.0,0,201,63.4,66.3,62.1,0,0,21,100.0,100.0,100.0,1,0,0,53,0,53,0,53,27,27,0,0,26,0
Tyler Ringwood,40509,WR,CHARLOTTE,5,40.5,1,136,70.2,63.9,73.3,0,0,0,0.0,1.3,,2,0,0,53,0,0,0,131,1,79,0,0,52,1
Adam Luehrman,41375,TE,OHIO,3,73.6,0,259,89.1,72.6,71.7,0,0,4,18.2,17.4,100.0,0,0,0,53,0,0,0,72,4,23,0,0,49,60
Jake Spiewak,53514,WR,AIR FORCE,5,77.9,0,101,73.8,,55.1,0,0,0,0.0,0.0,,0,0,0,53,0,0,0,68,0,15,0,0,53,0
Isaac Vance,57262,WR,KENT STATE,4,42.7,0,201,75.0,,73.7,0,0,0,0.0,0.0,,0,0,0,53,0,0,0,124,0,70,0,0,53,0
Chance Bell,57396,HB,S DIEGO ST,7,33.3,0,284,70.7,17.7,57.6,2,3,21,29.6,31.5,88.1,0,5,0,53,0,0,0,159,23,73,0,0,30,0
Isaiah Bowser,66123,HB,NWESTERN,7,25.6,0,256,62.4,73.7,58.1,0,0,24,24.5,25.7,100.0,0,0,0,53,0,0,0,207,26,101,0,0,27,0
Cooper Lutz,77979,HB,SYRACUSE,8,40.2,0,304,72.9,58.5,54.9,0,1,43,55.8,55.6,96.5,0,2,1,53,0,0,0,132,45,81,0,0,8,0
Jordyn Slaughter,81674,G,ILLINOIS,3,100.0,0,187,51.4,40.6,51.5,0,0,20,100.0,100.0,90.0,0,2,2,53,0,43,2,53,20,20,8,0,33,0
Andrew Peasley,83581,QB,UTAH ST,5,35.3,0,329,54.9,,60.3,0,0,0,0.0,0.0,,0,0,0,53,0,0,0,150,0,88,0,0,53,0
Darryl Jones,84286,WR,MARYLAND,5,32.3,0,215,53.3,,68.8,0,0,0,0.0,0.0,,0,0,0,53,0,0,0,164,0,111,0,0,53,0
KJ Jefferson,99129,QB,ARKANSAS,5,41.4,0,111,57.1,,60.0,0,0,0,0.0,0.0,,0,0,0,53,0,0,0,128,0,54,0,0,53,0
Tyrion Davis-Price,99169,HB,LSU,9,18.2,0,211,72.6,50.4,69.3,0,2,30,19.0,18.3,96.7,0,2,0,53,0,0,0,292,30,164,0,0,23,0
Kai Money,99530,WR,TEXAS,10,41.4,0,311,56.9,,44.0,0,0,0,0.0,0.0,,1,0,0,53,0,0,0,128,0,74,0,0,53,0
Trevor Keegan,101544,G,MICHIGAN,2,100.0,0,222,71.6,54.6,75.0,1,0,28,100.0,100.0,98.2,0,1,0,53,0,53,0,53,29,29,0,0,24,0
Rory Hanson,128178,TE,FRESNO ST,4,63.1,0,169,59.4,74.2,53.1,0,0,7,18.9,18.4,100.0,0,0,0,53,0,0,0,84,7,38,0,0,46,60
Marquez Cooper,130489,HB,KENT STATE,4,29.4,0,201,80.2,82.6,53.3,0,1,26,28.9,32.0,98.1,0,1,0,53,0,0,0,180,33,103,0,0,20,0
Courtland Ford,131826,G,USC,1,100.0,0,326,57.3,43.7,59.2,0,0,37,100.0,100.0,97.3,0,1,1,53,0,53,0,53,37,37,0,0,16,0
Eli Wilson,122259,TE,APP STATE,4,74.3,0,108,46.9,67.5,52.2,0,0,1,5.3,5.3,100.0,1,0,0,52,0,0,1,70,1,19,0,0,51,12
Dashaun Davis,97178,WR,APP STATE,11,48.6,0,108,61.2,,57.9,0,0,0,0.0,0.0,,0,0,0,52,0,0,0,107,0,55,0,0,52,0
Kaleb Carter,84262,WR,LA LAFAYET,8,61.9,0,207,64.8,,50.1,0,0,0,0.0,0.0,,0,0,0,52,0,0,0,84,0,32,0,0,52,0
Hunter Anthony,77458,T,OKLA STATE,3,98.1,0,262,55.3,62.2,54.7,0,0,15,93.8,94.1,93.3,0,1,1,52,0,0,0,53,16,17,0,43,36,10
Keaontay Ingram,77761,HB,TEXAS,6,25.2,0,311,64.8,58.8,60.7,0,3,24,20.9,21.9,93.7,1,3,0,52,0,0,0,206,28,128,0,0,24,0
Daniel Hishaw Jr.,122562,HB,KANSAS,7,32.1,0,198,72.0,45.2,58.5,1,1,30,34.9,35.2,96.7,0,2,0,52,0,0,0,162,31,88,0,0,21,0
George Takacs,84027,TE,NOTRE DAME,9,77.6,0,258,74.5,66.6,66.7,0,0,2,14.3,11.8,100.0,0,0,0,52,0,0,0,67,2,17,0,0,50,57
Valentino Daltoso,40467,G,CAL,1,100.0,0,130,58.7,57.0,57.4,0,0,32,100.0,100.0,96.9,0,1,1,52,0,52,0,52,35,35,0,0,17,0
Trey Ross,83929,TE,APP STATE,9,70.3,0,108,69.1,68.7,66.1,0,0,4,15.4,15.4,100.0,0,0,0,52,0,0,0,74,4,26,0,1,48,58
Tyrell Alexander,39986,WR,VANDERBILT,8,52.5,0,333,51.4,,58.1,0,0,0,0.0,0.0,,0,0,0,52,0,0,0,99,0,47,0,0,52,1
Carver Willis,122626,T,KANSAS ST,4,100.0,0,199,55.8,35.5,59.6,0,1,17,100.0,100.0,91.2,0,2,1,52,0,0,52,52,18,18,0,0,34,0
Luca Fratianne,77386,T,NAVY,4,100.0,0,237,47.0,13.2,53.3,0,1,13,100.0,100.0,88.5,1,2,1,52,0,0,51,52,15,15,0,1,37,0
Corbin Blanchard,125261,WR,AIR FORCE,5,98.1,0,101,50.5,,51.5,0,0,0,0.0,0.0,,1,0,0,52,0,0,0,53,0,1,0,0,52,2
Jalen Holston,57469,HB,VA TECH,9,39.7,0,337,64.4,21.9,49.3,0,1,18,34.6,34.5,86.1,0,3,2,52,0,0,0,131,20,58,0,0,32,1
Kris Hutson,131713,WR,OREGON,7,35.7,0,264,51.2,,43.8,0,0,0,0.0,0.0,,2,0,0,51,0,0,0,143,0,92,0,0,51,0
LV Bunkley-Shelton,131606,WR,ARIZONA ST,4,39.5,0,110,58.7,,76.5,0,0,0,0.0,0.0,,1,0,0,51,0,0,0,129,0,78,0,0,51,0
Sean Behrens,41804,C,MARSHALL,4,100.0,0,214,61.8,28.9,62.6,0,0,9,100.0,100.0,100.0,0,0,0,51,51,0,0,51,10,10,0,0,41,0
JaVonta Payton,97593,WR,MISS STATE,7,19.1,0,227,57.3,,57.1,0,0,0,0.0,0.0,,0,0,0,51,0,0,0,267,0,216,0,0,51,0
Timothy McKay,98249,T,NC STATE,3,100.0,0,248,43.0,38.6,44.9,1,1,26,100.0,100.0,92.3,0,3,1,51,0,0,51,51,28,28,0,0,23,0
Jakairi Moses,57479,HB,W KENTUCKY,11,26.0,0,346,71.2,65.4,70.7,0,1,31,27.0,27.7,98.4,1,1,0,51,0,0,0,196,33,119,0,0,18,0
Dakereon Joyner,83554,WR,S CAROLINA,10,37.5,1,289,53.3,63.1,42.6,0,0,1,1.3,1.2,100.0,2,0,0,51,0,0,0,136,1,84,0,0,50,1
Calvin Brownholtz,83584,QB,UTEP,8,42.1,0,330,57.9,,60.0,0,0,0,0.0,0.0,,0,0,0,51,0,0,0,121,0,48,0,0,51,0
Christoph Henle,77914,TE,BAYLOR,8,72.9,0,118,51.2,53.4,54.1,0,0,9,33.3,32.1,100.0,0,0,0,51,0,0,0,70,9,28,0,2,42,48
Nikko Remigio,84150,WR,CAL,4,24.3,0,130,56.4,,51.5,0,0,0,0.0,0.0,,1,0,0,51,0,0,0,210,0,156,0,0,51,1
K'Rojhn Calbert,62961,T,TENNESSEE,5,100.0,0,307,60.8,55.7,61.7,1,1,31,100.0,100.0,96.8,0,2,0,51,0,1,2,51,34,34,1,47,17,0
Billy Bob Humphreys,41875,TE,S JOSE ST,4,60.7,0,285,63.8,71.9,73.3,0,0,9,23.1,21.4,100.0,0,0,0,51,0,0,0,84,9,42,0,1,42,66
Despelado Alexandre,81657,T,GA STATE,3,100.0,0,175,60.9,75.4,56.0,0,0,22,100.0,100.0,100.0,0,0,0,51,0,0,3,51,22,22,0,48,29,0
Seth McGowan,122936,HB,OKLAHOMA,8,29.7,0,261,79.9,62.9,71.3,0,0,24,29.6,29.9,100.0,0,0,0,51,0,0,0,172,26,87,0,0,25,0
Alex Atcavage,123591,C,FAU,6,87.9,0,165,46.7,69.3,50.1,0,0,1,12.5,22.2,100.0,0,0,0,51,0,0,0,58,2,9,0,0,49,58
Kimani Vidal,123727,HB,TROY,9,15.5,0,318,76.1,46.1,49.4,1,3,31,15.6,15.5,93.5,0,4,0,51,0,0,0,329,32,206,0,0,19,1
Reese Smith,123432,WR,W VIRGINIA,10,33.6,0,343,63.9,,52.9,0,0,0,0.0,0.0,,0,0,0,51,0,0,0,152,0,100,0,0,51,0
Jaelyn Lay,99701,TE,CLEMSON,9,59.3,0,140,48.9,34.7,66.4,0,0,4,10.3,10.3,100.0,0,0,0,51,0,0,0,86,4,39,0,0,47,57
Courtney Jackson,99703,WR,SYRACUSE,11,28.5,0,304,47.9,,61.3,0,0,0,0.0,0.0,,0,0,0,51,0,0,0,179,0,128,0,0,51,0
Brad Roberts,125398,HB,AIR FORCE,4,42.9,0,101,84.8,40.6,63.4,0,0,14,87.5,84.2,100.0,0,0,0,51,0,0,0,119,16,19,0,0,35,2
Gunner Britton,81937,T,W KENTUCKY,9,98.1,0,346,77.3,76.2,72.5,0,0,15,93.8,93.8,100.0,0,0,0,51,0,2,0,52,15,16,0,9,36,41
Jermaine Johnson,102949,WR,UMASS,4,36.4,0,216,61.0,76.2,57.9,0,0,2,2.3,2.2,100.0,1,0,0,51,0,0,0,140,2,90,0,0,49,1
Stone Norton,97988,QB,FIU,5,41.1,0,166,48.8,,60.0,0,0,0,0.0,0.0,,2,0,0,51,0,0,0,124,0,72,0,0,51,0
Kurtis Rourke,97998,QB,OHIO,3,44.7,0,259,69.3,,60.0,0,0,0,0.0,0.0,,0,0,0,51,0,0,0,114,0,58,0,0,51,0
Asa Martin,83633,HB,MEMPHIS,11,26.9,0,218,67.9,83.1,36.3,0,0,29,28.2,27.5,100.0,0,0,0,50,0,0,0,186,30,109,0,0,20,0
Jordan Houston,99592,HB,NC STATE,11,31.1,0,248,67.6,27.2,53.4,1,3,34,34.7,35.0,94.1,0,4,0,50,0,0,0,161,36,103,0,0,14,0
Ty Chandler,62942,HB,TENNESSEE,10,18.1,0,307,68.0,11.0,70.7,1,1,37,23.6,23.3,91.9,2,4,2,50,0,0,0,277,38,163,0,0,12,0
Teon Dollard,78603,HB,AKRON,6,19.7,0,102,75.5,37.7,56.6,0,4,42,32.8,32.6,90.5,0,6,2,50,0,0,0,254,44,135,0,0,6,0
Drake Dabney,122264,TE,BAYLOR,3,45.0,0,118,54.9,70.1,42.9,0,0,3,4.7,4.7,100.0,0,0,0,50,0,0,0,111,3,64,0,1,47,36
Will Jones,57154,HB,BALL ST,6,24.9,0,117,73.9,56.1,62.4,0,0,24,24.5,23.8,95.8,0,1,1,50,0,0,0,201,25,105,0,0,25,0
Reggie Smith,81828,G,S ALABAMA,2,100.0,0,288,63.4,37.4,68.3,0,0,28,100.0,100.0,92.9,0,2,2,50,0,20,0,50,30,30,30,0,20,0
David Hudson,59802,G,LA LAFAYET,4,100.0,0,207,67.4,83.3,64.7,0,0,21,100.0,100.0,100.0,0,0,0,50,0,31,2,50,22,22,17,0,28,0
Wilson Kelly,121810,C,MIDDLE TN,3,100.0,0,224,36.7,18.9,50.4,0,2,25,100.0,100.0,96.0,1,2,0,50,50,0,0,50,27,27,0,0,23,0
Javonte Kinsey,130372,WR,BOWL GREEN,5,69.4,0,122,64.4,,68.9,0,0,0,0.0,0.0,,0,0,0,50,0,0,0,72,0,22,0,0,50,0
Trey Smith,27042,HB,WYOMING,6,27.3,0,351,77.7,61.5,64.3,0,0,18,29.5,29.7,100.0,1,0,0,50,0,0,0,183,19,64,0,0,31,0
T.J. Jones,101706,WR,PENN STATE,7,52.7,0,266,50.8,,63.0,0,0,0,0.0,0.0,,0,0,0,49,0,0,0,93,0,44,0,0,49,0
Corey Crooms Jr.,97276,WR,W MICHIGAN,6,50.5,0,347,54.3,,62.2,0,0,0,0.0,0.0,,0,0,0,49,0,0,0,97,0,48,0,0,49,0
Donald Stewart,42035,WR,WAKE,5,52.1,0,339,63.2,,66.8,0,0,0,0.0,0.0,,0,0,0,49,0,0,0,94,0,45,0,0,49,1
Simi Fehoko,84424,WR,STANFORD,6,18.1,0,300,75.8,62.6,59.6,0,0,1,0.5,0.5,100.0,1,0,0,49,0,0,0,270,1,221,0,0,48,0
Ja'Khi Douglas,122397,WR,FLORIDA ST,8,38.0,0,167,54.4,19.0,60.3,0,0,3,4.2,3.9,66.7,0,1,1,49,0,0,0,129,3,77,0,0,46,0
Bryson Smith,60395,WR,HOUSTON,7,35.3,0,182,67.5,,60.9,0,0,0,0.0,0.0,,0,0,0,49,0,0,0,139,0,87,0,0,49,0
D'ionte Smith,124218,WR,MISSOURI,8,48.5,0,229,65.4,,67.2,0,0,0,0.0,0.0,,1,0,0,49,0,0,0,101,0,51,0,0,49,0
Ezra Naylor II,98733,WR,KANSAS,5,26.8,0,198,55.5,62.1,73.4,0,0,1,0.8,0.7,100.0,0,0,0,49,0,0,0,183,1,135,0,0,48,0
Deshawn Richardson,100772,G,FAU,2,100.0,0,165,57.3,58.7,55.5,1,0,28,100.0,100.0,98.2,0,1,0,49,0,49,0,49,28,28,0,0,21,0
Cade McNamara,101620,QB,MICHIGAN,4,37.1,0,222,65.0,,60.2,0,0,0,0.0,0.0,,1,0,0,49,0,0,0,132,0,78,0,0,49,0
Zach Watts,75862,G,WYOMING,2,100.0,0,351,63.8,55.1,64.8,0,1,22,100.0,100.0,97.7,1,1,0,49,0,0,0,49,25,25,49,0,24,0
Orlando Umana,60185,C,UTAH,1,100.0,0,328,44.6,26.1,50.8,0,2,26,100.0,100.0,96.2,1,2,0,49,49,0,0,49,28,28,0,0,21,0
Nate McCollum,122487,WR,GA TECH,4,48.0,0,176,55.0,,53.5,0,0,0,0.0,0.0,,1,0,0,49,0,0,0,102,0,51,0,0,49,0
Cole Birmingham,99427,G,OKLA STATE,2,100.0,0,262,58.9,61.2,57.3,0,0,25,100.0,100.0,100.0,0,0,0,49,0,29,0,49,27,27,20,0,22,0
K.J. Costello,40268,QB,MISS STATE,6,17.1,0,227,50.7,,60.0,0,0,0,0.0,0.0,,4,0,0,49,0,0,0,286,0,235,0,0,49,0
AJ Mayer,63860,QB,MIAMI OH,3,44.1,0,221,66.5,,60.0,0,0,0,0.0,0.0,,0,0,0,49,0,0,0,111,0,58,0,0,49,0
Malcolm Epps,77951,TE,TEXAS,9,50.0,0,311,58.6,74.3,60.0,0,0,7,13.0,15.5,100.0,0,0,0,49,0,0,0,98,9,58,0,0,40,52
Deyunkrea Lewis,123711,TE,TROY,6,87.5,0,318,45.6,65.1,47.1,0,1,7,50.0,53.3,92.9,0,1,0,49,0,0,0,56,8,15,0,0,41,49
Kairee Robinson,101299,HB,S JOSE ST,8,20.8,0,285,72.0,63.3,63.1,1,1,37,28.9,27.9,97.3,1,2,0,48,0,0,0,231,38,136,0,0,10,0
Isaiah Phillips,83695,HB,LA MONROE,10,30.2,0,209,66.0,69.3,66.0,0,2,38,33.6,34.5,97.4,0,2,0,48,0,0,0,159,40,116,0,0,8,0
Noah Juergensen,44211,G,IOWA STATE,4,100.0,0,193,57.2,43.2,58.8,0,0,27,100.0,100.0,100.0,1,0,0,48,0,39,0,48,28,28,7,2,20,0
Kevin Perkins,98626,HB,SO MISS,9,30.2,0,296,78.6,25.4,86.9,0,0,21,33.3,33.3,95.2,2,1,1,48,0,0,0,159,22,66,0,0,26,0
Jermaine Braddock,84400,WR,S JOSE ST,8,37.8,0,285,62.3,,59.4,0,0,0,0.0,0.0,,0,0,0,48,0,0,0,127,0,79,0,0,48,0
Jerome Ford,83601,HB,CINCINNATI,10,23.0,0,138,73.2,71.4,68.8,0,1,22,21.4,20.4,97.7,0,1,0,48,0,0,0,209,22,108,0,0,26,0
Kendric Pryor,40408,WR,WISCONSIN,3,42.9,0,349,66.4,,76.1,0,0,0,0.0,0.0,,0,0,0,48,0,0,0,112,0,62,0,0,48,0
Jared Rus,77770,TE,IOWA STATE,7,92.3,0,193,49.9,27.4,53.4,0,0,4,50.0,50.0,100.0,0,0,0,48,0,0,0,52,4,8,0,0,44,32
Messiah Travis,97214,WR,N ILLINOIS,6,66.7,0,254,67.0,,62.2,0,0,0,0.0,0.0,,0,0,0,48,0,0,0,72,0,24,0,0,48,0
Bobby Wooden,128288,WR,NEW MEXICO,7,47.1,0,241,56.9,71.1,47.7,0,0,2,4.1,3.8,100.0,0,0,0,48,0,0,0,102,2,52,0,0,46,0
Will Bramel,81803,T,PURDUE,2,100.0,0,273,60.6,57.2,60.6,0,4,30,100.0,100.0,93.3,0,4,0,48,0,0,0,48,31,31,0,48,17,0
Johnny Wilson,76366,WR,ARIZONA ST,3,40.3,0,110,64.9,,68.6,0,0,0,0.0,0.0,,1,0,0,48,0,0,0,119,0,71,0,0,48,0
Jacolby Hewitt,84225,WR,INDIANA,7,51.1,0,190,72.2,,82.1,0,0,0,0.0,0.0,,0,0,0,48,0,0,0,94,0,46,0,0,48,0
Matt Landers,61271,WR,GEORGIA,4,43.6,0,173,54.9,,62.0,0,0,0,0.0,0.0,,0,0,0,48,0,0,0,110,0,62,0,0,48,2
Crishaun Lappin,84017,TE,NEVADA,4,87.3,0,239,60.3,67.4,63.1,0,0,3,30.0,36.4,100.0,0,0,0,48,0,0,4,55,4,11,0,0,44,49
Tate Whatley,83556,QB,SO MISS,4,35.0,0,296,66.3,,60.2,0,0,0,0.0,0.0,,0,0,0,48,0,0,0,137,0,75,0,0,48,0
Ari Broussard,75824,HB,RICE,4,50.5,0,275,67.4,60.3,54.3,0,3,32,64.0,61.8,95.3,0,3,0,48,0,0,0,95,34,55,0,0,14,0
Frank Darby,40988,WR,ARIZONA ST,3,44.4,0,110,56.3,,50.5,0,0,0,0.0,0.0,,0,0,0,48,0,0,0,108,0,60,0,0,48,2
Joctavis Phillips,52031,G,COLO STATE,2,100.0,0,144,62.6,31.3,65.5,1,1,19,100.0,100.0,94.7,0,2,0,48,0,48,0,48,20,20,0,0,28,0
Kobe Hudson,123989,WR,AUBURN,10,40.5,0,115,63.4,,80.1,0,0,0,0.0,0.0,,0,0,0,47,0,0,0,116,0,69,0,0,47,0
Daevon Vigilant,40173,HB,NEW MEXICO,4,43.9,0,241,62.3,39.7,55.6,2,2,38,46.9,48.2,94.7,0,4,0,47,0,0,0,107,41,85,0,0,6,0
A'Jon Vivens,75949,HB,COLO STATE,4,37.6,0,144,64.2,26.3,55.4,2,2,27,50.9,48.2,92.6,0,4,0,47,0,0,0,125,27,56,0,0,20,0
Luke Junkunc,81708,C,LA LAFAYET,4,100.0,1,207,56.7,63.7,60.0,1,0,20,100.0,100.0,97.5,2,1,0,47,47,0,0,47,20,20,0,0,27,0
Don Chaney Jr.,122207,HB,MIAMI FL,11,22.8,0,220,66.2,9.5,64.1,1,4,21,19.4,20.9,78.6,0,7,2,47,0,0,0,206,24,115,0,0,23,0
TW Ayers,86860,ED,ARK STATE,10,71.2,0,113,74.4,51.7,79.9,0,0,10,35.7,38.7,100.0,2,0,0,47,0,0,0,66,12,31,0,0,35,6
Tyler Henderson,60855,TE,BAYLOR,8,40.2,1,118,42.2,39.5,43.6,0,1,5,7.0,7.9,90.0,1,1,0,47,0,0,0,117,6,76,0,1,41,52
Jarrod Hufford,99440,G,IOWA STATE,3,100.0,0,193,76.0,81.6,74.6,0,0,12,100.0,100.0,100.0,0,0,0,47,0,47,0,47,12,12,0,0,35,0
Hayden Mitchell,78004,WR,VIRGINIA,10,54.0,0,335,49.3,60.5,61.8,0,0,1,2.8,2.4,100.0,1,0,0,47,0,0,0,87,1,41,0,0,46,0
Josiah Johnson,75883,TE,UMASS,4,38.5,0,216,55.2,60.5,63.7,0,1,6,8.8,8.7,91.7,0,1,0,47,0,0,0,122,6,69,0,0,41,51
Dominic Mammarelli,122216,TE,MIAMI FL,6,85.5,0,220,37.9,30.1,37.5,0,1,6,46.2,46.7,91.7,1,1,0,47,0,0,0,55,7,15,0,0,40,32
Jude Wolfe,72208,TE,USC,4,45.2,1,326,38.0,17.8,42.7,0,0,6,10.2,9.5,100.0,2,0,0,47,0,0,0,104,6,63,0,0,41,48
Jordan Nathan,42039,WR,UTAH ST,5,27.8,0,329,51.6,,42.4,0,0,0,0.0,0.0,,0,0,0,47,0,0,0,169,0,122,0,0,47,0
Brandon Lewis,90823,WR,AIR FORCE,5,42.0,0,101,79.4,,59.3,0,0,0,0.0,0.0,,0,0,0,47,0,0,0,112,0,45,0,0,47,60
Michael Carter,57337,HB,N CAROLINA,11,13.3,0,245,91.7,58.0,67.8,0,2,28,16.9,18.0,92.9,1,3,1,47,0,0,0,353,32,178,0,0,15,0
Geor'Quarius Spivey,84010,WR,MISS STATE,10,19.1,0,227,50.1,66.9,85.1,0,0,2,1.1,1.0,100.0,3,0,0,46,0,0,0,241,2,197,0,0,44,33
Justin Henderson,78560,HB,LA TECH,7,21.8,0,208,66.1,81.7,60.0,1,0,40,32.8,32.8,98.7,0,1,0,46,0,0,0,211,43,131,0,0,3,0
Steven Hubbard,122021,G,UTEP,3,100.0,0,330,55.2,84.2,50.5,0,0,17,100.0,100.0,100.0,1,0,0,46,0,0,0,46,18,18,46,0,28,0
Ty Jordan,131857,HB,UTAH,5,21.4,0,328,80.1,44.5,67.3,0,3,19,18.8,18.1,92.1,0,3,0,46,0,0,0,215,19,105,0,0,27,0
Jonathan Adorno,122818,G,N CAROLINA,5,100.0,0,245,55.4,75.4,58.9,0,0,5,100.0,100.0,100.0,1,0,0,46,13,4,0,46,5,5,29,0,41,0
Maurice Burkley,57276,HB,LOUISVILLE,7,40.4,0,210,71.2,62.5,62.1,0,3,33,51.6,51.5,95.5,0,3,0,46,0,0,0,114,35,68,0,0,11,0
Rusty Staats,81941,G,W KENTUCKY,5,100.0,0,346,73.5,57.2,75.3,0,0,21,100.0,100.0,100.0,0,0,0,46,3,43,0,46,21,21,0,0,25,0
Lincoln Pare,121537,HB,ARK STATE,9,19.7,0,113,81.3,59.1,59.8,0,3,36,26.5,25.3,93.1,0,4,1,46,0,0,0,233,38,150,0,0,8,0
Kyron Cumby,101712,WR,ILLINOIS,5,65.7,0,187,62.2,,66.6,0,0,0,0.0,0.0,,1,0,0,46,0,0,0,70,0,22,0,0,46,0
Jadon Thompson,123583,WR,CINCINNATI,6,42.2,0,138,60.4,,61.6,0,0,0,0.0,0.0,,0,0,0,46,0,0,0,109,0,63,0,0,46,0
Devonte Lee,83721,HB,NEVADA,9,18.9,0,239,77.4,67.0,68.7,0,2,22,16.9,17.4,95.5,0,2,0,46,0,0,0,244,24,138,0,0,22,0
Zac Crosby,39924,TE,APP STATE,3,65.7,0,108,58.5,56.4,52.4,0,0,6,23.1,20.0,100.0,0,0,0,46,0,0,0,70,6,30,0,0,40,30
John Stephens Jr.,78108,WR,TCU,5,43.0,0,305,49.3,64.8,53.4,0,0,1,1.8,1.6,100.0,0,0,0,46,0,0,0,107,1,62,0,0,45,1
Marcus Washington,99527,WR,TEXAS,8,44.7,0,311,58.0,,77.1,0,0,0,0.0,0.0,,0,0,0,46,0,0,0,103,0,57,0,0,46,0
John Dirksen,81776,G,NOTRE DAME,4,100.0,0,258,54.3,79.8,52.2,0,0,6,100.0,100.0,100.0,0,0,0,46,0,0,0,46,7,7,45,0,39,0
Joey Gatewood,82088,QB,KENTUCKY,7,41.1,0,202,39.6,,60.6,0,0,0,0.0,0.0,,1,0,0,46,0,0,0,112,0,46,0,0,46,0
Trent Hixson,59905,G,NEBRASKA,2,100.0,0,238,49.7,22.8,60.6,0,1,24,100.0,100.0,97.9,1,1,0,46,8,38,0,46,25,25,0,0,21,0
Malik Davis,57196,HB,FLORIDA,12,15.2,0,163,65.8,21.8,42.9,1,0,16,8.2,8.7,90.6,0,2,1,46,0,0,0,302,18,206,0,0,28,0
Johncarlo Valentin,77447,C,BAYLOR,2,100.0,0,118,45.4,21.3,55.9,0,0,33,100.0,100.0,100.0,0,0,0,46,46,0,0,46,35,35,0,0,11,0
Key'Shawn Smith,143950,WR,MIAMI FL,9,43.4,0,220,60.2,,71.0,0,0,0,0.0,0.0,,0,0,0,46,0,0,0,106,0,60,0,0,46,0
Jack Sorenson,41983,WR,MIAMI OH,3,35.7,0,221,79.3,,61.6,0,0,0,0.0,0.0,,0,0,0,46,0,0,0,129,0,83,0,0,46,0
Jhaylin Embry,130361,WR,BOWL GREEN,3,71.9,0,122,56.6,,59.6,0,0,0,0.0,0.0,,1,0,0,46,0,0,0,64,0,12,0,0,46,0
Erin Collins,57342,HB,N ILLINOIS,6,28.8,0,254,64.2,49.1,56.7,1,1,32,36.0,35.4,96.9,0,2,0,46,0,0,0,160,34,96,0,0,12,0
Chip Trayanum,131631,HB,ARIZONA ST,4,37.1,0,110,88.2,57.5,67.7,0,1,25,51.0,48.2,98.0,0,1,0,46,0,0,0,124,27,56,0,0,19,0
Cameron Latu,82647,TE,ALABAMA,6,81.8,0,103,29.6,22.8,39.1,0,1,5,33.3,33.3,90.0,1,1,0,45,0,0,0,55,5,15,0,1,40,53
Trestan Ebner,57159,HB,BAYLOR,9,17.5,1,118,66.1,60.4,49.7,1,1,21,12.2,12.1,95.2,1,2,0,45,0,0,0,257,22,182,0,0,23,0
Zack Ferris,81714,G,MARSHALL,4,100.0,0,214,66.6,79.1,65.0,0,0,9,100.0,100.0,100.0,0,0,0,45,0,30,0,45,10,10,15,0,35,0
Kentron Poitier,122411,WR,FLORIDA ST,6,45.9,2,167,54.2,,62.0,0,0,0,0.0,0.0,,2,0,0,45,0,0,0,98,0,53,0,0,45,0
Bryant Koback,57266,HB,TOLEDO,6,13.8,0,316,77.6,68.1,70.5,0,2,36,19.7,19.5,97.2,0,2,0,45,0,0,0,327,38,195,0,0,7,0
Jawhar Jordan,99595,HB,SYRACUSE,3,44.1,0,304,54.1,50.8,59.1,0,1,37,56.9,58.2,95.9,0,2,1,45,0,0,0,102,39,67,0,0,6,0
Cade Ballard,102861,QB,ARMY,3,73.8,0,114,79.4,,60.0,0,0,0,0.0,0.0,,0,0,0,45,0,0,0,61,0,7,0,0,45,0
Andrew Kristofic,98413,T,NOTRE DAME,3,100.0,0,258,74.6,48.8,73.9,0,1,6,100.0,100.0,91.7,0,1,0,45,0,7,38,45,7,7,0,0,38,0
Cole McGowan,61290,WR,HOUSTON,6,46.9,0,182,48.6,,62.8,0,0,0,0.0,0.0,,0,0,0,45,0,0,0,96,0,51,0,0,45,0
Thomas Shrader,122417,G,FLORIDA ST,3,100.0,0,167,49.2,43.0,48.2,0,1,23,100.0,100.0,93.5,0,2,1,45,0,38,7,45,24,24,0,0,21,0
Daniel Imatorbhebhe,39379,TE,ILLINOIS,5,55.6,0,187,65.2,73.0,68.3,0,0,2,5.9,5.3,100.0,0,0,0,45,0,0,0,81,2,38,0,0,43,9
Keaton Mitchell,123826,HB,E CAROLINA,9,22.1,0,156,77.5,54.3,52.9,0,1,29,30.2,29.3,94.8,0,2,1,45,0,0,0,204,29,99,0,0,16,0
Ger-Cari Caldwell,124228,WR,S CAROLINA,6,46.9,0,289,48.0,,59.1,0,0,0,0.0,0.0,,2,0,0,45,0,0,0,96,0,51,0,0,45,0
Kenny Cooper,40949,C,GA TECH,3,100.0,0,176,60.4,69.8,58.7,0,0,11,100.0,100.0,100.0,0,0,0,45,32,12,0,45,13,13,0,0,32,0
Jalen McGaughy,98023,WR,BALL ST,7,50.6,0,117,72.5,,37.5,0,0,0,0.0,0.0,,1,0,0,45,0,0,0,89,0,42,0,0,45,0
Woody Marks,124179,HB,MISS STATE,11,10.9,0,227,69.7,52.6,59.3,1,2,31,9.7,10.3,95.2,0,3,0,45,0,0,0,411,34,329,0,0,11,0
Rakeem Boyd,40492,HB,ARKANSAS,6,20.5,0,111,66.2,36.8,56.7,0,1,20,18.5,19.1,92.5,0,2,1,45,0,0,0,220,22,115,0,0,23,0
Joey Yellen,71430,QB,PITTSBURGH,6,33.6,1,268,32.4,,60.3,0,0,0,0.0,0.0,,2,0,0,45,0,0,0,134,0,88,0,0,45,0
Cameron Sullivan-Brown,61594,WR,PENN STATE,6,75.9,0,266,54.4,,62.3,0,0,0,0.0,0.0,,1,0,0,44,0,0,0,58,0,14,0,0,44,0
Mark Redman,131911,TE,WASHINGTON,4,80.0,0,340,61.4,,69.2,0,0,0,0.0,0.0,,0,0,0,44,0,0,0,55,0,11,0,0,44,41
Allan Rappleyea,55445,G,WAKE,6,100.0,0,339,46.5,49.7,45.7,0,1,12,100.0,100.0,95.8,0,1,0,44,0,26,0,44,13,13,0,15,31,3
Marquavius Weaver,57291,HB,MEMPHIS,10,35.2,0,218,66.8,88.5,51.8,0,0,26,38.8,40.5,100.0,1,0,0,44,0,0,0,125,30,74,0,0,14,0
Michael Mathison,100275,WR,AKRON,4,35.5,0,102,61.5,,63.6,0,0,0,0.0,0.0,,0,0,0,44,0,0,0,124,0,79,0,0,44,0
Keshunn Abram,100266,WR,KENT STATE,4,46.3,0,201,58.7,,62.3,0,0,0,0.0,0.0,,0,0,0,44,0,0,0,95,0,51,0,0,44,0
Payton Thorne,101629,QB,MICH STATE,4,27.8,0,223,69.4,,60.0,0,0,0,0.0,0.0,,1,0,0,44,0,0,0,158,0,101,0,0,44,0
Darius Pinnix Jr.,57192,HB,E CAROLINA,6,31.2,0,156,64.1,71.4,51.0,0,1,19,29.2,28.4,97.4,1,1,0,44,0,0,0,141,21,74,0,0,23,0
Justin Olson,99695,WR,N CAROLINA,6,64.7,0,245,53.8,,62.8,0,0,0,0.0,0.0,,0,0,0,44,0,0,0,68,0,24,0,0,44,0
Spencer Brown,57441,HB,UAB,8,13.4,0,321,79.0,57.1,59.6,0,2,35,28.7,28.9,97.1,0,2,0,44,0,0,0,329,37,128,0,0,7,0
Willie Taggart Jr.,123613,QB,FAU,7,51.8,0,165,45.6,,59.7,0,0,0,0.0,0.0,,0,0,0,44,0,0,0,85,0,37,0,0,44,0
John Emery Jr.,97403,HB,LSU,9,17.6,0,211,70.0,43.2,58.4,0,2,32,20.3,20.1,96.9,1,2,0,44,0,0,0,250,33,164,0,0,11,0
Kadas Reams,78031,WR,TEMPLE,4,57.9,0,306,48.3,,47.1,0,0,0,0.0,0.0,,1,0,0,44,0,0,0,76,0,32,0,0,44,0
Anthony Adkins,102880,FB,ARMY,10,46.3,0,114,71.8,74.4,55.8,0,0,2,66.7,75.0,100.0,0,0,0,44,0,0,0,95,3,4,0,0,41,0
Veshe Daniyan,102946,WR,ARMY,5,78.6,0,114,64.5,,86.9,0,0,0,0.0,0.0,,0,0,0,44,0,0,0,56,0,12,0,0,44,1
Lew Nichols,97187,HB,C MICHIGAN,6,22.2,0,134,78.1,80.9,50.0,0,0,23,25.0,26.7,100.0,0,0,0,44,0,0,0,198,27,101,0,0,17,0
Isaac Owusu-Appiah,98258,T,COAST CAR,4,100.0,0,141,78.9,75.7,75.4,0,0,6,100.0,100.0,100.0,0,0,0,44,0,0,0,44,7,7,0,44,37,0
Collin Moore,60866,TE,CAL,2,77.2,0,130,66.0,44.2,57.2,1,1,7,41.2,35.0,85.7,0,2,0,44,0,0,0,57,7,20,0,0,37,52
Max Bortenschlager,46500,QB,FIU,5,42.3,0,166,49.6,,60.0,0,0,0,0.0,0.0,,0,0,0,44,0,0,0,104,0,57,0,0,44,0
Mason Lunsford,98422,G,MARYLAND,3,100.0,0,215,59.3,84.2,53.7,0,0,25,100.0,100.0,100.0,0,0,0,44,0,16,0,44,25,25,28,0,19,0
Zachariah Hoyt,40638,C,VA TECH,3,100.0,0,337,67.4,61.9,65.6,0,1,16,100.0,100.0,90.6,0,2,1,44,33,0,0,44,16,16,11,0,28,0
Johnny Ford,86854,HB,USF,6,25.7,0,327,66.0,61.5,68.6,0,1,28,31.1,31.3,98.2,2,1,0,43,0,0,0,167,30,96,0,0,13,0
Tristan Golightly,122560,WR,KANSAS,9,50.0,1,198,53.6,,43.4,0,0,0,0.0,0.0,,1,0,0,43,0,0,0,86,0,43,0,0,43,1
Camden Harrison,61153,WR,ARMY,2,89.6,0,114,71.1,,56.7,0,0,0,0.0,0.0,,0,0,0,43,0,0,0,48,0,5,0,0,43,0
Kobe Lewis,77800,HB,C MICHIGAN,6,17.7,1,134,80.0,55.7,59.8,0,1,22,19.1,20.2,97.7,3,1,0,43,0,0,0,243,24,119,0,0,19,2
D.J. Williams,99154,HB,AUBURN,9,22.4,0,115,67.9,62.4,58.0,0,2,20,16.9,16.5,95.0,0,2,0,43,0,0,0,192,22,133,0,0,21,0
Clevan Thomas Jr.,61362,WR,KENTUCKY,5,55.8,0,202,52.7,,44.7,0,0,0,0.0,0.0,,1,0,0,43,0,0,0,77,0,34,0,0,43,0
Alex Brown,98213,WR,WYOMING,4,53.1,0,351,53.7,,64.1,0,0,0,0.0,0.0,,0,0,0,43,0,0,0,81,0,38,0,0,43,0
Emari Demercado,77763,HB,TCU,8,26.9,0,305,66.6,67.6,62.1,0,1,6,7.9,9.9,91.7,0,1,0,43,0,0,0,160,8,81,0,0,35,0
Dalevon Campbell,101711,WR,ILLINOIS,4,57.3,0,187,60.9,61.9,62.3,0,0,1,3.1,3.0,100.0,0,0,0,43,0,0,0,75,1,33,0,0,42,0
Eric Gray,99143,HB,TENNESSEE,9,12.0,0,307,77.8,24.6,55.8,0,2,25,14.8,14.8,92.0,0,3,1,43,0,0,0,357,27,183,0,0,16,0
Cameron Hatcher-Owens,81394,TE,S ALABAMA,7,72.9,0,288,45.7,61.4,44.1,0,1,6,27.3,27.3,91.7,0,1,0,43,0,0,0,59,6,22,0,0,37,51
Marcus McElroy Jr.,52041,HB,COLO STATE,4,35.2,0,144,56.7,48.4,54.6,0,2,30,46.9,46.9,96.7,0,2,0,43,0,0,0,122,30,64,0,0,13,0
Jordan Carroll,123476,WR,LA MONROE,8,29.9,0,209,61.1,,57.5,0,0,0,0.0,0.0,,0,0,0,43,0,0,0,144,0,101,0,0,43,0
Corey Rucker,121539,WR,ARK STATE,8,34.7,0,113,87.8,,62.2,0,0,0,0.0,0.0,,0,0,0,43,0,0,0,124,0,81,0,0,43,0
Charles Njoku,100656,WR,UCLA,4,51.8,0,324,58.6,,69.0,0,0,0,0.0,0.0,,1,0,0,43,0,0,0,83,0,40,0,0,43,0
Frank Peasant,121817,HB,MIDDLE TN,7,43.0,0,224,59.0,40.0,59.8,0,0,10,21.3,25.5,90.0,0,1,1,43,0,0,0,100,13,51,0,0,30,0
Wayne Dennis Jr.,98108,WR,NWESTERN,9,70.5,0,256,63.7,,58.4,0,0,0,0.0,0.0,,0,0,0,43,0,0,0,61,0,18,0,0,43,0
Cesar Moreno,98664,G,COAST CAR,4,100.0,0,141,61.5,23.6,62.5,0,1,6,100.0,100.0,91.7,0,1,0,43,0,0,0,43,7,7,43,0,36,0
A.J. Davis,57381,HB,PITTSBURGH,10,21.6,0,268,63.9,51.5,81.3,2,2,32,26.9,28.2,93.7,1,4,0,42,0,0,0,194,35,124,0,0,7,0
Nakia Watson,83807,HB,WISCONSIN,5,31.8,0,349,73.6,27.3,54.9,0,1,20,35.7,37.9,87.5,0,3,2,42,0,0,0,132,22,58,0,0,20,0
Hayden Hagler,121732,TE,MARSHALL,6,95.5,0,214,67.4,67.3,62.2,0,0,1,33.3,33.3,100.0,0,0,0,42,0,0,0,44,1,3,0,0,41,31
Vavae Malepeai,40626,HB,USC,5,23.0,0,326,76.3,60.1,73.6,0,1,40,33.1,32.5,98.7,0,1,0,42,0,0,0,183,41,126,0,0,1,0
Francis Sherman,99629,TE,LOUISVILLE,6,76.4,0,210,49.7,0.0,61.8,1,0,1,7.1,7.1,50.0,2,1,0,42,0,0,0,55,1,14,0,0,41,48
Clay Geary,40552,WR,MINNESOTA,5,41.2,0,225,58.9,,59.3,0,0,0,0.0,0.0,,0,0,0,42,0,0,0,102,0,60,0,0,42,0
Brett Bell,42044,G,UCF,5,95.5,0,323,88.5,68.8,81.1,0,0,4,66.7,66.7,100.0,1,0,0,42,0,0,0,44,4,6,0,0,38,44
Larry Hodges,98817,TE,MIAMI FL,6,58.3,0,220,50.0,80.4,61.3,0,0,5,14.7,16.7,100.0,2,0,0,42,0,0,0,72,6,36,0,0,36,24
Gavin Byers,122263,T,BAYLOR,3,100.0,0,118,47.0,19.7,62.7,0,1,19,100.0,100.0,97.4,1,1,0,42,0,0,9,42,20,20,0,31,22,1
Mosese Manu,98721,TE,UTAH ST,3,75.0,0,329,56.7,68.8,61.6,0,0,3,20.0,17.6,100.0,0,0,0,42,0,0,0,56,3,17,0,0,39,50
David Priebe,84067,TE,UCLA,5,82.4,0,324,45.3,77.4,46.1,0,0,2,18.2,18.2,100.0,1,0,0,42,0,0,0,51,2,11,0,0,40,42
Antavious Willis,100883,WR,SO MISS,9,37.5,0,296,56.3,,50.3,0,0,0,0.0,0.0,,1,0,0,42,0,0,0,112,0,69,0,0,42,0
Kevaris Thomas,83593,QB,W KENTUCKY,3,30.4,0,346,52.0,,60.0,0,0,0,0.0,0.0,,0,0,0,42,0,0,0,138,0,81,0,0,42,0
Chris Coleman,55906,WR,FRESNO ST,4,46.2,0,169,55.8,,70.7,0,0,0,0.0,0.0,,2,0,0,42,0,0,0,91,0,49,0,0,42,0
Nick Picozzi,77893,TE,TEMPLE,6,91.3,0,306,56.8,62.5,57.7,0,1,10,71.4,73.3,95.0,0,1,0,42,0,0,0,46,11,15,0,0,31,44
Elijah Queen,128276,WR,NEW MEXICO,6,53.8,0,241,53.8,,71.8,0,0,0,0.0,0.0,,0,0,0,42,0,0,0,78,0,36,0,0,42,0
Jordan White,123439,G,W VIRGINIA,2,100.0,0,343,79.1,79.4,77.9,0,0,10,100.0,100.0,100.0,0,0,0,42,0,0,0,42,10,10,42,0,32,0
Shaun Shivers,83634,HB,AUBURN,8,17.9,0,115,67.1,43.6,58.5,0,2,24,16.0,15.6,95.8,0,2,0,42,0,0,0,234,24,154,0,0,18,1
Jaylan Knighton,122215,HB,MIAMI FL,9,25.5,0,220,66.8,86.8,71.4,0,0,22,25.0,23.9,100.0,0,0,0,42,0,0,0,165,22,92,0,0,20,0
Rontavius Groves,40901,WR,N CAROLINA,9,51.2,0,245,55.9,61.9,62.1,0,0,1,2.9,2.4,100.0,0,0,0,42,0,0,0,82,1,41,0,0,41,1
Zamir White,83665,HB,GEORGIA,10,15.2,0,173,80.4,40.1,59.3,1,3,28,25.5,24.8,92.9,0,4,0,42,0,0,0,276,29,117,0,0,13,0
Caleb Huntley,57156,HB,BALL ST,3,25.1,0,117,86.3,80.7,58.1,0,1,25,37.3,38.0,98.0,0,1,0,42,0,0,0,167,27,71,0,0,15,0
Anselem Umeh,40280,WR,NEW MEXICO,5,53.2,0,241,61.6,,70.7,0,0,0,0.0,0.0,,0,0,0,42,0,0,0,79,0,37,0,0,42,0
Juma Otoviano,75903,HB,RICE,2,38.9,1,275,65.4,24.5,63.8,2,2,28,59.6,57.1,89.3,1,5,1,42,0,0,0,108,28,49,0,0,14,0
Sheldon Evans,83699,HB,MARSHALL,9,25.0,0,214,72.8,64.4,78.3,1,0,27,35.5,34.6,98.1,0,1,0,42,0,0,0,168,28,81,0,0,14,0
Tre Siggers,57347,HB,N TEXAS,7,27.1,0,251,76.4,68.9,59.3,0,1,32,56.1,56.5,98.4,0,1,0,42,0,0,0,155,35,62,0,0,7,0
B.J. Emmons,41603,HB,FAU,4,37.5,0,165,69.7,30.8,80.2,0,2,9,21.4,20.9,88.9,0,2,0,42,0,0,0,112,9,43,0,0,33,0
Jared Atkinson,25636,WR,BAYLOR,5,43.6,0,118,56.2,,49.6,0,0,0,0.0,0.0,,1,0,0,41,0,0,0,94,0,53,0,0,41,0
Jack Werner,97848,G,KANSAS,4,100.0,0,198,73.9,53.5,76.6,0,1,19,100.0,100.0,97.4,0,1,0,41,0,39,0,41,20,20,2,0,21,0
Sammy Wheeler,77678,TE,KANSAS ST,7,40.6,0,199,61.1,,47.3,0,0,0,0.0,0.0,,1,0,0,41,0,0,0,101,0,60,0,0,41,63
Cameron Jackel,60144,T,TULANE,2,100.0,0,319,47.9,29.0,53.6,0,0,16,100.0,100.0,87.5,0,2,2,41,0,0,41,41,18,18,0,0,23,0
Justice Ellison,123383,HB,WAKE,5,50.6,0,339,70.4,82.8,58.9,1,0,33,76.7,77.3,98.5,0,1,0,41,0,0,0,81,34,44,0,0,7,0
CJ Elmonus,98510,T,WAKE,4,100.0,0,339,59.5,81.1,61.7,0,0,12,100.0,100.0,100.0,1,0,0,41,0,0,41,41,13,13,0,0,28,0
Artur Sitkowski,83547,QB,RUTGERS,4,28.5,0,278,69.8,,60.2,0,0,0,0.0,0.0,,1,0,0,41,0,0,0,144,0,97,0,0,41,0
Darius Boone Jr.,100216,HB,E MICHIGAN,3,33.3,0,160,79.1,65.3,57.7,0,0,19,35.2,36.2,100.0,0,0,0,41,0,0,0,123,21,58,0,0,20,0
Coran Taylor,82128,QB,ILLINOIS,2,30.8,0,187,45.5,,60.0,0,0,0,0.0,0.0,,2,0,0,41,0,0,0,133,0,66,0,0,41,0
Jahcour Pearson,42095,WR,W KENTUCKY,2,46.6,0,346,58.0,,50.1,0,0,0,0.0,0.0,,0,0,0,41,0,0,0,88,0,47,0,0,41,0
John Chenal,82534,FB,WISCONSIN,5,75.9,0,349,71.9,76.6,54.2,0,0,5,100.0,100.0,100.0,0,0,0,41,0,0,0,54,6,6,0,0,35,12
Jake Hausmann,40987,TE,OHIO STATE,6,78.8,0,260,60.6,45.2,56.8,0,0,8,42.1,42.1,100.0,0,0,0,41,0,0,0,52,8,19,0,0,33,45
Javon Swinton,129451,WR,INDIANA,7,48.2,0,190,64.9,,62.3,0,0,0,0.0,0.0,,0,0,0,41,0,0,0,85,0,44,0,0,41,0
Nick Bernacchi,77385,G,NAVY,4,100.0,0,237,68.7,47.6,70.6,0,0,11,100.0,100.0,100.0,0,0,0,40,0,30,0,40,12,12,9,0,28,0
David Bailey,77792,HB,BOSTON COL,10,14.9,0,121,78.1,57.8,75.1,0,0,14,12.5,13.7,100.0,1,0,0,40,0,0,0,269,16,117,0,0,24,0
Jacob Mathis,39891,TE,USF,5,60.6,0,327,46.5,36.1,47.3,0,2,6,18.8,21.2,83.3,0,2,0,40,0,0,0,66,7,33,0,0,33,33
Samson Jackson,59988,T,OHIO,1,100.0,0,259,46.7,20.1,62.8,2,0,17,100.0,100.0,94.1,1,2,0,40,0,0,0,40,18,18,0,40,22,0
Cade Sutherland,61636,WR,S ALABAMA,11,22.3,0,288,58.6,,44.7,0,0,0,0.0,0.0,,0,0,0,40,0,0,0,179,0,139,0,0,40,0
Lucas Johnson,40551,QB,S DIEGO ST,3,52.6,0,284,76.8,,60.0,0,0,0,0.0,0.0,,0,0,0,40,0,0,0,76,0,28,0,0,40,0
Kris Mitchell,97659,WR,FIU,4,41.2,0,166,62.4,,63.5,0,0,0,0.0,0.0,,0,0,0,40,0,0,0,97,0,57,0,0,40,0
Josh Ilaoa,123039,G,SYRACUSE,4,100.0,0,304,53.2,67.3,48.9,0,1,20,100.0,100.0,97.5,0,1,0,40,0,28,0,40,22,22,12,0,18,0
Will McDonald,97835,C,COAST CAR,5,100.0,0,141,62.0,73.8,60.5,0,0,4,100.0,100.0,100.0,0,0,0,40,40,0,0,40,5,5,0,0,35,0
Joel Honigford,59851,T,MICHIGAN,4,88.9,0,222,76.1,71.6,74.7,0,0,5,55.6,50.0,100.0,0,0,0,40,0,0,0,45,5,10,0,0,35,45
John Williams,123585,T,CINCINNATI,4,100.0,1,138,53.2,81.5,53.7,0,0,12,100.0,100.0,100.0,1,0,0,40,0,0,0,40,15,15,0,40,25,0
Justin Britt,101594,G,IOWA,4,100.0,0,192,64.2,84.8,66.7,0,0,10,100.0,100.0,100.0,1,0,0,40,14,0,0,40,12,12,26,0,28,0
Danny Davis III,61836,WR,WISCONSIN,2,45.5,0,349,58.6,,62.0,0,0,0,0.0,0.0,,0,0,0,40,0,0,0,88,0,40,0,0,40,2
Blake Vinson,60799,C,CLEMSON,3,100.0,0,140,40.2,80.0,38.1,0,0,19,100.0,100.0,100.0,0,0,0,40,35,5,0,40,19,19,0,0,21,0
Savon Scarver,61783,WR,UTAH ST,4,37.1,0,329,56.0,,69.0,0,0,0,0.0,0.0,,0,0,0,39,0,0,0,105,0,65,0,0,39,0
Jaret Patterson,77745,HB,BUFFALO,6,15.7,1,126,89.9,60.6,66.1,1,1,18,21.4,22.1,94.4,1,2,0,39,0,0,0,248,19,86,0,0,20,0
Kamal Gray,125328,QB,TEMPLE,1,62.9,0,306,32.5,,60.0,0,0,0,0.0,0.0,,0,0,0,39,0,0,0,62,0,23,0,0,39,0
Kaylan Wiggins,55167,QB,FIU,3,44.3,0,166,44.3,,60.0,0,0,0,0.0,0.0,,0,0,0,39,0,0,0,88,0,40,0,0,39,0
Deshaun Fenwick,83759,HB,S CAROLINA,8,21.8,1,289,73.2,20.2,56.7,1,1,22,21.2,22.0,86.4,1,4,2,39,0,0,0,179,24,109,0,0,15,2
Sam Allan,59782,G,KENT STATE,1,100.0,1,201,61.8,73.1,59.4,0,0,18,100.0,100.0,100.0,1,0,0,39,0,39,0,39,19,19,0,0,20,0
Jarrod Leeds,59705,G,GA SOUTHRN,2,100.0,0,174,63.0,83.9,60.0,0,0,14,100.0,100.0,100.0,0,0,0,39,0,5,0,39,15,15,33,0,24,0
Stone Scarcelle,61412,WR,MARSHALL,5,83.0,0,214,59.8,,71.4,0,0,0,0.0,0.0,,0,0,0,39,0,0,0,47,0,8,0,0,39,0
Jared Wilson,83753,HB,S ALABAMA,11,31.0,0,288,68.8,64.1,48.7,0,1,28,39.4,40.3,94.6,0,2,1,39,0,0,0,126,29,72,0,0,10,0
Bentavious Thompson,55383,HB,UCF,9,24.7,0,323,79.4,60.9,48.3,0,0,29,40.3,42.9,100.0,0,0,0,39,0,0,0,158,33,77,0,0,6,0
Dontae Smith,77717,HB,GA TECH,9,35.5,0,176,77.0,39.7,57.4,2,0,20,41.7,42.0,95.0,1,2,0,39,0,0,0,110,21,50,0,0,18,0
Demetric Felton Jr.,40568,HB,UCLA,6,12.4,0,324,79.2,53.7,64.9,0,1,11,7.5,7.7,95.5,0,1,0,39,0,0,0,314,12,155,0,0,27,0
Amauri Pesek-Hickson,122573,HB,KANSAS,4,34.2,0,198,66.4,25.7,57.6,1,2,31,50.8,49.3,88.7,0,5,2,39,0,0,0,114,33,67,0,0,6,0
Ethan Dedeaux,61627,WR,S DIEGO ST,7,45.9,0,284,65.7,,49.8,0,0,0,0.0,0.0,,0,0,0,39,0,0,0,85,0,45,0,0,39,0
Devonta'e Henry-Cole,41545,HB,UTAH ST,5,28.7,0,329,54.8,57.4,55.0,0,1,21,28.4,27.6,92.9,0,2,1,39,0,0,0,136,21,76,0,0,18,0
Cameron Gardner,84310,WR,MISS STATE,9,20.1,0,227,52.5,,77.2,0,0,0,0.0,0.0,,1,0,0,39,0,0,0,194,0,155,0,0,39,0
Noah Johnson,37350,QB,USF,6,23.6,0,327,63.7,,60.0,0,0,0,0.0,0.0,,1,0,0,39,0,0,0,165,0,98,0,0,39,0
Xavier Williams,84087,WR,ALABAMA,7,69.6,0,103,62.3,,70.4,0,0,0,0.0,0.0,,0,0,0,39,0,0,0,56,0,17,0,0,39,0
Cadarrius Thompson,98007,WR,GA STATE,6,58.2,0,175,72.5,,60.2,0,0,0,0.0,0.0,,0,0,0,39,0,0,0,67,0,28,0,0,39,0
Drew Schlegel,44292,FB,CAL,4,75.0,0,130,63.2,38.8,66.8,0,2,7,38.9,40.9,85.7,0,2,0,39,0,0,0,52,9,22,0,0,30,5
Savion Williams,123101,WR,TCU,5,66.1,0,305,58.0,,72.1,0,0,0,0.0,0.0,,0,0,0,39,0,0,0,59,0,20,0,0,39,0
Shawn Naim,100268,WR,AKRON,6,38.8,0,102,50.2,,64.1,0,0,0,0.0,0.0,,0,0,0,38,0,0,0,98,0,60,0,0,38,0
Mason Garcia,123811,QB,E CAROLINA,3,45.2,0,156,46.9,,60.2,0,0,0,0.0,0.0,,1,0,0,38,0,0,0,84,0,35,0,0,38,0
Luke Harris,41383,C,MIDDLE TN,1,100.0,0,224,50.7,72.9,47.2,0,0,20,100.0,100.0,100.0,0,0,0,38,38,0,0,38,21,21,0,0,17,0
Darius Pittman,61003,TE,TEMPLE,4,71.7,0,306,59.2,77.5,53.8,0,0,4,21.1,25.0,100.0,0,0,0,38,0,0,0,53,5,20,0,0,33,40
Kingsley Eguakun,98248,C,FLORIDA,5,100.0,0,163,62.4,79.8,59.1,0,0,15,100.0,100.0,100.0,0,0,0,38,38,0,0,38,15,15,0,0,23,0
Will Levis,83542,QB,PENN STATE,8,21.5,0,266,66.4,,60.0,0,0,0,0.0,0.0,,1,0,0,38,0,0,0,177,0,65,0,0,38,0
Caden Blum,132971,TE,AIR FORCE,2,97.4,0,101,51.1,,51.5,0,0,0,0.0,0.0,,0,0,0,38,0,0,0,39,0,1,0,0,38,32
Mark Williams,77935,TE,KENT STATE,3,69.1,0,201,48.1,50.9,43.6,0,1,7,33.3,34.6,92.9,0,1,0,38,0,0,0,55,9,26,0,0,29,51
Cam Porter,129732,HB,NWESTERN,7,19.3,0,256,70.7,62.2,54.3,1,0,20,21.3,21.4,97.5,0,1,0,38,0,0,0,197,21,98,0,0,17,0
Jalen Mitchell,97173,HB,LOUISVILLE,5,31.1,0,210,77.4,48.3,63.9,1,1,24,42.9,44.8,91.7,0,3,1,38,0,0,0,122,26,58,0,0,12,0
Cole Burniston,77910,TE,BUFFALO,5,92.7,0,126,72.3,,70.8,0,0,0,0.0,0.0,,1,0,0,38,0,0,0,41,0,3,0,0,38,39
Ellis Merriweather,128096,HB,UMASS,4,31.1,0,216,59.8,51.7,61.1,1,1,21,34.4,33.3,95.2,0,2,0,38,0,0,0,122,21,63,0,0,17,0
Caullin Lacy,121426,WR,S ALABAMA,11,31.9,0,288,61.1,,42.4,0,0,0,0.0,0.0,,0,0,0,38,0,0,0,119,0,62,0,0,38,0
Patrick Leitten,60801,T,DUKE,5,100.0,0,154,61.2,65.0,58.3,0,2,23,100.0,100.0,95.7,0,2,0,38,0,0,38,38,23,23,0,0,15,0
Taylor Miterko,99428,T,OKLA STATE,2,100.0,0,262,58.1,31.9,61.7,0,1,10,100.0,100.0,95.0,0,1,0,38,0,0,31,38,11,11,0,7,27,0
Todd Centeio,60552,QB,COLO STATE,3,37.6,0,144,56.0,,60.0,0,0,0,0.0,0.0,,1,0,0,38,0,0,0,101,0,42,0,0,38,0
Aaron McAllister,42962,HB,CHARLOTTE,5,26.6,0,136,70.0,22.9,60.9,0,3,8,11.0,11.7,81.2,0,3,0,38,0,0,0,143,9,77,0,0,29,0
Lyn-J Dixon,77712,HB,CLEMSON,9,27.5,0,140,66.4,55.6,56.8,0,2,29,34.5,35.2,96.6,1,2,0,38,0,0,0,138,31,88,0,0,7,0
John Rhys Plumlee,97602,QB,OLE MISS,7,39.2,0,226,70.5,,60.6,0,0,0,0.0,0.0,,0,0,0,38,0,0,0,97,0,36,0,0,38,0
Ben Coleman,100518,G,CAL,3,100.0,0,130,54.8,86.1,54.9,0,0,20,100.0,100.0,100.0,1,0,0,38,0,6,3,38,20,20,21,8,18,0
Cobe Bryant,101037,T,SMU,6,100.0,0,287,56.3,0.0,74.5,0,1,16,100.0,100.0,90.6,0,2,1,38,0,0,0,38,17,17,12,26,21,0
Cam Jones,101050,TE,CINCINNATI,9,90.5,0,138,76.4,34.4,69.8,0,0,4,57.1,50.0,100.0,0,0,0,38,0,0,0,42,4,8,0,0,34,40
RaJae' Johnson,100886,WR,UAB,8,69.1,0,321,55.4,,59.5,0,0,0,0.0,0.0,,0,0,0,38,0,0,0,55,0,17,0,0,38,0
Ben Jackson,98512,T,MIAMI OH,2,100.0,0,221,55.3,54.2,54.9,1,0,16,100.0,100.0,96.9,0,1,0,38,0,0,26,38,16,16,0,12,22,0
Jordan Whittington,97623,WR,TEXAS,5,27.0,0,311,74.4,,59.7,0,0,0,0.0,0.0,,0,0,0,38,0,0,0,141,0,100,0,0,38,0
Amad Anderson Jr.,84380,WR,PURDUE,5,25.2,0,273,49.3,,47.7,0,0,0,0.0,0.0,,0,0,0,38,0,0,0,151,0,112,0,0,38,0
Nate Williams,130322,G,AKRON,5,95.0,0,102,54.3,28.1,61.5,1,1,17,89.5,90.0,94.1,0,2,0,38,0,9,0,40,18,20,0,6,20,25
Britain Covey,32933,WR,UTAH,4,31.1,0,328,74.6,,57.1,0,0,0,0.0,0.0,,0,0,0,37,0,0,0,119,0,76,0,0,37,0
Gary Hoover,100245,G,OHIO,2,100.0,0,259,73.5,84.7,71.9,0,0,15,100.0,100.0,100.0,0,0,0,37,0,18,0,37,17,17,19,0,20,0
Austin Robinson,97597,WR,MIAMI OH,3,64.9,0,221,63.1,,61.1,0,0,0,0.0,0.0,,0,0,0,37,0,0,0,57,0,20,0,0,37,0
Jeremy Tate Jr,78051,WR,MEMPHIS,7,50.7,0,218,58.5,,72.8,0,0,0,0.0,0.0,,0,0,0,37,0,0,0,73,0,36,0,0,37,0
Thomas Ruocchio,42329,TE,NC STATE,8,92.5,0,248,37.8,69.9,45.4,0,0,2,40.0,40.0,100.0,1,0,0,37,0,0,0,40,2,5,0,0,35,37
De'Von Fox,101133,WR,TEMPLE,4,50.0,0,306,71.9,64.5,66.8,0,0,1,2.6,2.6,100.0,0,0,0,37,0,0,0,74,1,38,0,0,36,6
Ronnie Rivers,57208,HB,FRESNO ST,6,11.9,0,169,90.3,78.2,85.7,0,1,22,11.7,12.6,97.7,0,1,0,37,0,0,0,311,25,199,0,0,12,0
Ronald Awatt,57461,HB,UTEP,6,39.4,0,330,77.2,84.3,59.4,0,0,28,68.3,68.9,100.0,0,0,0,37,0,0,0,94,31,45,0,0,6,0
Jax Harrington,98255,G,LA LAFAYET,6,100.0,0,207,66.0,77.1,63.1,0,0,18,100.0,100.0,100.0,0,0,0,37,0,0,0,37,18,18,23,14,19,0
Kevin Marks Jr.,55019,HB,BUFFALO,7,16.3,0,126,81.9,80.9,74.5,0,0,9,11.7,11.6,100.0,0,0,0,37,0,0,0,227,10,86,0,0,27,0
Cam Craig,101598,G,PURDUE,1,100.0,0,273,54.5,55.4,51.8,1,0,24,100.0,100.0,97.9,0,1,0,37,0,37,0,37,26,26,0,0,11,0
Alante Brown,97171,WR,NEBRASKA,6,44.6,0,238,56.9,,60.2,0,0,0,0.0,0.0,,0,0,0,37,0,0,0,83,0,45,0,0,37,0
Warren Bryan,101291,QB,AIR FORCE,3,56.1,0,101,75.7,,60.0,0,0,0,0.0,0.0,,0,0,0,37,0,0,0,66,0,8,0,0,37,0
Henry Parrish Jr.,124144,HB,OLE MISS,6,25.0,0,226,74.3,45.8,55.6,0,1,20,28.2,28.0,97.5,0,1,0,37,0,0,0,148,21,75,0,0,16,0
Noah Massey,78153,WR,BOWL GREEN,3,46.3,0,122,72.1,,59.9,0,0,0,0.0,0.0,,1,0,0,37,0,0,0,80,0,43,0,0,37,0
Zach Charbonnet,97630,HB,MICHIGAN,5,35.9,0,222,68.7,52.3,74.8,0,2,25,36.2,34.7,96.0,0,2,0,37,0,0,0,103,25,72,0,0,12,0
Rachaad White,131633,HB,ARIZONA ST,4,32.5,0,110,87.0,71.0,57.7,0,0,20,40.0,40.7,95.0,0,1,1,37,0,0,0,114,24,59,0,0,13,0
Mike Drennen II,124059,WR,KENTUCKY,8,56.1,0,202,60.2,,62.0,0,0,0,0.0,0.0,,0,0,0,37,0,0,0,66,0,29,0,0,37,0
Luke Schoonmaker,84005,TE,MICHIGAN,6,81.8,0,222,41.1,70.1,49.9,0,0,5,38.5,38.5,100.0,2,0,0,36,0,0,0,44,5,13,0,0,31,44
Donnell Wilson,98382,G,COAST CAR,4,100.0,0,141,61.6,75.2,60.3,0,0,4,100.0,100.0,100.0,0,0,0,36,0,36,0,36,5,5,0,0,31,0
Jacob Gasser,98751,WR,UNLV,3,38.3,0,325,54.5,,41.8,0,0,0,0.0,0.0,,0,0,0,36,0,0,0,94,0,58,0,0,36,0
Keyon Lesane,97464,WR,NC STATE,8,42.9,0,248,56.1,,72.2,0,0,0,0.0,0.0,,2,0,0,36,0,0,0,84,0,48,0,0,36,0
Akeem Hayes,84247,WR,KENTUCKY,7,48.6,0,202,64.7,,59.2,0,0,0,0.0,0.0,,0,0,0,36,0,0,0,74,0,38,0,0,36,0
Michael Brown Stephens,97191,WR,MINNESOTA,6,53.7,0,225,59.3,,67.4,0,0,0,0.0,0.0,,0,0,0,36,0,0,0,67,0,31,0,0,36,0
Elijah Higgins,98027,WR,STANFORD,6,22.6,0,300,62.7,,45.4,0,0,0,0.0,0.0,,0,0,0,36,0,0,0,159,0,123,0,0,36,10
Malachi Corley,66272,WR,W KENTUCKY,5,40.9,0,346,73.0,,88.3,0,0,0,0.0,0.0,,0,0,0,36,0,0,0,88,0,52,0,0,36,1
Jonah Monheim,86461,G,USC,1,100.0,0,326,58.1,60.5,56.0,1,1,24,100.0,100.0,95.8,0,2,0,36,0,0,0,36,24,24,34,2,12,0
Jayden Harrison,98556,WR,VANDERBILT,9,47.4,0,333,55.3,61.0,53.7,0,0,1,2.9,2.6,100.0,0,0,0,36,0,0,0,76,1,39,0,0,35,2
Xavier Graham,98041,G,UMASS,3,100.0,0,216,61.4,78.4,57.9,0,0,17,100.0,100.0,100.0,0,0,0,36,0,21,0,36,19,19,15,0,17,0
Ethan Bullock,66590,QB,OKLA STATE,2,54.7,0,262,49.6,,60.0,0,0,0,0.0,0.0,,0,0,0,35,0,0,0,64,0,26,0,0,35,0
Eli Russ,122987,T,OKLA STATE,2,100.0,0,262,69.9,75.4,67.0,0,0,7,100.0,100.0,100.0,0,0,0,35,0,0,0,35,8,8,4,31,27,0
Jay Amburgey,98250,T,OHIO,2,100.0,0,259,62.5,46.1,66.0,0,0,15,100.0,100.0,93.3,0,1,1,35,0,0,0,35,16,16,0,35,19,0
John Lovett,57157,HB,BAYLOR,5,20.8,0,118,62.6,44.0,62.9,0,1,13,14.4,13.1,88.5,0,2,1,35,0,0,0,168,13,99,0,0,22,0
Kaegun Williams,57397,HB,S DIEGO ST,7,27.1,0,284,76.4,61.4,60.1,0,0,15,30.0,28.3,93.3,0,1,1,35,0,0,0,129,15,53,0,0,20,0
Jaret Pallotta,75882,TE,UMASS,4,50.0,0,216,49.1,85.6,50.7,0,0,4,10.5,10.3,100.0,0,0,0,35,0,0,1,70,4,39,0,1,31,44
Kavosiey Smoke,83691,HB,KENTUCKY,7,27.1,0,202,67.2,66.5,71.8,0,1,15,27.3,29.7,96.7,1,1,0,35,0,0,0,129,19,64,0,0,16,1
Tre Tipton,47838,WR,PITTSBURGH,9,18.1,0,268,52.7,75.4,67.3,0,0,1,0.7,0.6,100.0,0,0,0,35,0,0,12,193,1,159,0,0,34,6
Brian Darby,122922,WR,OKLAHOMA,7,62.5,0,261,57.9,63.9,60.9,0,0,1,4.5,4.5,100.0,0,0,0,35,0,0,0,56,1,22,0,0,34,0
Izayah Cummings,124055,WR,KENTUCKY,7,77.8,0,202,56.1,,62.5,0,0,0,0.0,0.0,,0,0,0,35,0,0,0,45,0,10,0,0,35,0
Xazavian Valladay,57490,HB,WYOMING,5,16.7,0,351,79.6,40.7,54.5,0,3,17,18.7,20.0,85.3,0,4,1,35,0,0,0,210,19,95,0,0,16,0
Caziah Holmes,129782,HB,PENN STATE,9,22.6,0,266,63.4,48.8,57.1,0,3,19,21.8,22.2,92.1,0,3,0,35,0,0,0,155,20,90,0,0,15,0
Logan Osburn,53851,G,MARSHALL,4,100.0,0,214,58.6,73.1,57.6,0,0,5,100.0,100.0,100.0,0,0,0,35,0,15,0,35,5,5,20,0,30,0
Messiah Swinson,84012,TE,MISSOURI,9,58.3,0,229,65.3,,67.4,0,0,0,0.0,0.0,,0,0,0,35,0,0,0,60,0,25,0,0,35,40
Conner McCarthy,84164,WR,COAST CAR,6,83.3,0,141,50.1,,60.7,0,0,0,0.0,0.0,,0,0,0,35,0,0,0,42,0,7,0,0,35,1
Trevon West,122948,WR,OKLAHOMA,6,53.8,0,261,66.2,,61.7,0,0,0,0.0,0.0,,0,0,0,35,0,0,0,65,0,30,0,0,35,0
Joe Krause,122567,G,KANSAS,1,100.0,0,198,61.4,29.4,65.9,0,1,16,100.0,100.0,96.9,0,1,0,35,0,4,0,35,18,18,31,0,17,0
Helber Fagundes,75837,G,UMASS,2,100.0,0,216,47.3,85.5,42.5,0,0,14,100.0,100.0,100.0,0,0,0,35,0,25,0,35,14,14,10,0,21,0
Bryan Bradford,97436,HB,KENT STATE,4,38.0,0,201,74.4,83.8,51.3,0,0,14,45.2,42.9,100.0,0,0,0,35,0,0,0,92,15,35,0,0,20,0
Rivaldo Fairweather,123625,TE,FIU,5,40.5,0,166,85.7,69.7,63.4,0,0,1,2.0,3.8,100.0,0,0,0,34,0,0,0,84,2,52,0,0,32,39
Kevin Bauman,122893,TE,NOTRE DAME,4,97.1,0,258,50.4,,55.1,0,0,0,0.0,0.0,,1,0,0,34,0,0,0,35,0,1,0,0,34,27
Robert Kraeling,41976,G,DUKE,3,100.0,0,154,70.4,81.6,68.7,0,0,13,100.0,100.0,100.0,0,0,0,34,0,0,0,34,14,14,34,0,20,0
Mekhi Sargent,83684,HB,IOWA,8,21.9,0,192,77.7,79.9,61.0,0,0,12,21.4,21.4,100.0,0,0,0,34,0,0,0,155,12,56,0,0,22,0
Gabe Wallace,77535,G,BUFFALO,6,100.0,0,126,78.6,69.6,76.4,0,0,2,100.0,100.0,100.0,0,0,0,34,0,17,1,34,2,2,3,13,32,0
Blaine Scott,77546,C,W VIRGINIA,2,100.0,0,343,47.9,75.5,49.2,0,0,7,100.0,100.0,100.0,0,0,0,34,34,0,0,34,7,7,0,0,27,0
Ches Jackson,75855,T,COLO STATE,2,100.0,0,144,40.3,0.0,55.3,1,1,19,100.0,100.0,89.5,0,3,1,34,0,0,28,34,19,19,0,6,15,0
Trey Blount,61272,WR,GEORGIA,4,89.5,0,173,50.6,,42.0,0,0,0,0.0,0.0,,1,0,0,34,0,0,0,38,0,4,0,0,34,0
Jasiah Provillon,78012,WR,NC STATE,3,54.0,0,248,46.2,,64.9,0,0,0,0.0,0.0,,2,0,0,34,0,0,0,63,0,29,0,0,34,0
Dillon Johnson,124176,HB,MISS STATE,11,12.6,0,227,72.1,41.9,58.2,0,1,25,12.3,12.7,98.0,0,1,0,34,0,0,0,270,27,212,0,0,7,0
Lavel Dumont,77512,T,TOLEDO,1,100.0,0,316,70.5,71.2,68.4,0,1,16,100.0,100.0,96.9,0,1,0,34,0,0,0,34,19,19,0,34,15,0
Jordan Smith,78037,WR,TEMPLE,5,66.7,0,306,50.5,,72.0,0,0,0,0.0,0.0,,0,0,0,34,0,0,0,51,0,17,0,0,34,0
Brandon Myers,82526,TE,RUTGERS,8,94.4,0,278,69.0,73.5,72.8,0,0,4,66.7,71.4,100.0,0,0,0,34,0,0,0,36,5,7,0,0,29,20
Nay'Quan Wright,98803,HB,FLORIDA,11,16.7,0,163,72.0,26.7,52.4,0,1,12,9.8,10.1,95.8,0,1,0,34,0,0,0,204,13,129,0,0,21,0
Will Brown,61210,WR,CLEMSON,7,44.2,0,140,55.2,,46.9,0,0,0,0.0,0.0,,0,0,0,34,0,0,0,77,0,43,0,0,34,0
Nate Noel,122249,HB,APP STATE,10,19.8,0,108,78.7,70.9,65.9,0,1,24,31.6,30.4,97.9,0,1,0,34,0,0,0,172,24,79,0,0,10,0
Matthew Downing,82120,QB,TCU,4,45.3,0,305,56.9,,60.0,0,0,0,0.0,0.0,,1,0,0,34,0,0,0,75,0,36,0,0,34,0
Nick Manson,97778,WR,MIAMI OH,3,59.6,0,221,52.6,,58.9,0,0,0,0.0,0.0,,0,0,0,34,0,0,0,57,0,23,0,0,34,0
Michael Wiley,98617,HB,ARIZONA,5,28.8,0,109,75.2,20.9,59.7,0,4,24,32.4,32.5,87.5,0,5,1,34,0,0,0,118,25,77,0,0,9,0
Joshua Hardeman,128408,WR,WYOMING,4,79.1,0,351,49.4,,62.1,0,0,0,0.0,0.0,,0,0,0,34,0,0,0,43,0,9,0,0,34,0
Nick Malone,99421,T,W VIRGINIA,2,100.0,0,343,60.4,14.9,63.7,0,0,7,100.0,100.0,100.0,0,0,0,34,0,0,31,34,7,7,0,3,27,0
Chandler Whitfield,97111,WR,LA MONROE,8,22.8,0,209,54.4,,68.4,0,0,0,0.0,0.0,,0,0,0,34,0,0,0,149,0,115,0,0,34,0
Evan Buss,130543,T,N ILLINOIS,4,100.0,0,254,58.1,33.4,61.9,0,0,9,100.0,100.0,100.0,1,0,0,34,0,0,3,34,13,13,0,29,21,0
Rafiti Ghirmai,77464,G,TEXAS,3,100.0,0,311,68.7,80.4,66.5,0,0,7,100.0,100.0,100.0,0,0,0,34,3,19,0,34,10,10,12,0,24,0
Jamontez Woods,97311,HB,TROY,11,21.8,0,318,65.2,26.2,71.0,0,1,14,15.9,16.5,89.3,0,2,1,34,0,0,0,156,15,91,0,0,19,0
Dalton King,125272,TE,AIR FORCE,2,82.9,0,101,71.9,,72.6,0,0,0,0.0,0.0,,1,0,0,34,0,0,0,41,0,7,0,0,34,16
Trevor Downing,77472,G,IOWA STATE,1,100.0,0,193,78.5,55.5,81.4,0,0,14,100.0,100.0,100.0,0,0,0,34,0,34,0,34,15,15,0,0,19,0
Trey Ragas,42174,HB,LA LAFAYET,11,12.7,0,207,90.5,81.4,60.5,0,0,12,12.5,11.8,100.0,1,0,0,33,0,0,0,260,12,102,0,0,21,1
John Gelotte,98406,T,DUKE,4,100.0,0,154,61.7,51.1,63.1,0,1,15,100.0,100.0,90.0,0,2,1,33,0,0,0,33,15,15,0,30,18,3
Blayne Baker,75859,G,WYOMING,2,100.0,0,351,55.6,19.4,59.0,0,2,10,100.0,100.0,90.0,0,2,0,33,0,0,0,33,10,10,26,6,23,0
Greg Bell,83716,HB,S DIEGO ST,7,15.8,0,284,83.1,77.4,59.2,0,1,21,26.9,25.9,97.6,1,1,0,33,0,0,0,209,21,81,0,0,12,0
Tyler Badie,83714,HB,MISSOURI,10,15.2,0,229,80.6,64.6,67.4,0,1,6,4.5,5.0,91.7,0,1,0,33,0,0,0,217,7,139,0,0,26,0
Jahmyl Jeter,77759,HB,TEXAS ST,9,24.4,0,314,76.6,85.1,54.4,0,0,15,23.4,25.0,100.0,0,0,0,33,0,0,0,135,18,72,0,0,15,0
Roman Wilson,129604,WR,MICHIGAN,6,28.2,0,222,60.5,,45.2,0,0,0,0.0,0.0,,0,0,0,33,0,0,0,117,0,83,0,0,33,0
Titus Jones,77418,T,MEMPHIS,3,100.0,0,218,60.1,81.2,63.0,0,0,9,100.0,100.0,100.0,1,0,0,33,0,0,33,33,9,9,0,0,24,0
Timothy Jackson,101200,FB,AIR FORCE,2,47.8,0,101,67.8,66.6,73.6,0,0,7,87.5,87.5,100.0,0,0,0,33,0,0,0,69,7,8,0,0,26,2
Moses Landis,81758,G,NEVADA,3,100.0,0,239,62.0,58.3,61.9,0,1,16,100.0,100.0,96.9,0,1,0,33,0,28,5,33,17,17,0,0,16,0
Michael Redding III,122219,WR,MIAMI FL,7,49.3,0,220,60.3,,62.5,0,0,0,0.0,0.0,,0,0,0,33,0,0,0,67,0,34,0,0,33,0
JaCobian Morgan,123050,QB,SYRACUSE,4,33.3,0,304,64.0,,60.0,0,0,0,0.0,0.0,,1,0,0,33,0,0,0,99,0,63,0,0,33,0
Alec Burton,77884,TE,OHIO,3,70.2,0,259,49.3,67.7,57.1,0,0,2,12.5,12.5,100.0,1,0,0,33,0,0,0,47,2,16,0,0,31,40
Layden Robinson,99057,G,TEXAS A&M,3,100.0,0,312,75.7,49.9,77.7,0,0,12,100.0,100.0,100.0,0,0,0,33,0,0,0,33,12,12,33,0,21,0
Hassan Littles,61160,WR,BALL ST,8,45.2,0,117,60.4,,57.2,0,0,0,0.0,0.0,,0,0,0,33,0,0,0,73,0,40,0,0,33,0
Elijah Mitchell,57272,HB,LA LAFAYET,10,10.9,0,207,85.8,74.8,58.9,0,0,13,9.7,10.4,92.3,0,1,1,33,0,0,0,304,15,144,0,0,18,1
Anthony Pardue,81819,G,S JOSE ST,2,100.0,0,285,53.2,51.8,52.4,0,1,12,100.0,100.0,95.8,0,1,0,33,0,32,0,33,12,12,0,0,21,0
Hayden Gillum,77508,C,KANSAS ST,3,100.0,0,199,52.8,75.6,48.6,0,1,16,100.0,100.0,96.9,0,1,0,33,32,0,0,33,19,19,0,0,14,0
James Bostic,61793,WR,VANDERBILT,5,48.5,0,333,52.0,,61.2,0,0,0,0.0,0.0,,0,0,0,33,0,0,0,68,0,35,0,0,33,0
Taylor Edwards,40120,TE,UMASS,2,55.0,0,216,47.2,36.9,37.0,1,0,5,16.1,15.6,90.0,0,1,0,33,0,0,0,60,5,32,0,0,28,32
CJ Verdell,57378,HB,OREGON,5,19.4,0,264,72.5,81.0,60.3,0,0,6,7.8,11.0,100.0,0,0,0,33,0,0,0,170,9,82,0,0,24,0
Devin Brumfield,83788,HB,UTAH,4,39.3,0,328,74.2,25.5,76.3,0,4,15,34.9,33.3,80.0,0,5,1,33,0,0,0,84,15,45,0,0,18,0
Logan Loya,131801,WR,UCLA,6,62.7,0,324,54.0,,57.9,0,0,0,0.0,0.0,,0,0,0,32,0,0,0,51,0,19,0,0,32,1
Tyson Mobley,122350,WR,COAST CAR,6,71.1,0,141,61.1,,57.5,0,0,0,0.0,0.0,,0,0,0,32,0,0,0,45,0,11,0,0,32,0
Jackson Knipper,56947,TE,W VIRGINIA,2,94.1,0,343,68.5,70.4,67.0,0,0,4,66.7,66.7,100.0,0,0,0,32,0,0,0,34,4,6,0,0,28,31
Aaron Young,26090,WR,FAU,5,46.4,0,165,65.9,,47.7,0,0,0,0.0,0.0,,1,0,0,32,0,0,0,69,0,37,0,0,32,0
Alec Pell,85874,TE,COLORADO,3,78.0,1,143,38.9,69.7,37.6,0,0,2,18.2,18.2,100.0,1,0,0,32,0,0,0,41,2,11,0,0,30,32
Damieon George Jr.,123915,T,ALABAMA,3,100.0,0,103,55.5,73.4,54.2,0,0,4,100.0,100.0,100.0,0,0,0,32,0,0,0,32,4,4,0,32,28,0
Jacob Huesman,41939,QB,APP STATE,6,80.0,0,108,72.5,,60.0,0,0,0,0.0,0.0,,0,0,0,32,0,0,0,40,0,4,0,0,32,0
Stephen Carr,57453,HB,USC,6,19.5,0,326,70.6,76.8,60.0,0,1,28,25.5,25.9,98.2,0,1,0,32,0,0,0,164,30,116,0,0,2,0
Bryson Carroll,60479,HB,NEW MEXICO,7,34.0,0,241,69.1,54.2,58.7,0,1,21,36.2,37.3,97.6,0,1,0,32,0,0,0,94,22,59,0,0,10,0
Jordon Simmons,129634,HB,MICH STATE,5,24.6,0,223,66.3,19.0,57.6,1,0,17,29.8,30.5,97.1,0,1,0,32,0,0,0,130,18,59,0,0,14,0
Kamari Pleasant,40696,HB,WASHINGTON,4,29.1,0,340,69.8,46.8,57.8,1,1,19,31.1,32.8,94.7,0,2,0,32,0,0,0,110,21,64,0,0,11,0
Markenzy Pierre,57421,HB,SYRACUSE,7,48.5,0,304,64.7,56.9,59.3,0,1,30,75.0,73.2,95.0,0,2,1,32,0,0,0,66,30,41,0,0,2,0
Traeshon Holden,123917,WR,ALABAMA,5,88.9,0,103,57.3,,58.1,0,0,0,0.0,0.0,,0,0,0,32,0,0,0,36,0,4,0,0,32,0
Jehlani Galloway,77971,WR,BOSTON COL,10,29.4,0,121,74.6,,53.1,0,0,0,0.0,0.0,,1,0,0,32,0,0,0,109,0,77,0,0,32,0
Sharod Johnson,61693,WR,SYRACUSE,10,22.9,0,304,51.8,,69.0,0,0,0,0.0,0.0,,1,0,0,32,0,0,0,140,0,108,0,0,32,0
Jadon Jackson,97800,WR,OLE MISS,4,45.7,0,226,58.3,,71.0,0,0,0,0.0,0.0,,0,0,0,32,0,0,0,70,0,38,0,0,32,0
Trevon Clark,98727,WR,CAL,3,31.1,0,130,54.9,,63.8,0,0,0,0.0,0.0,,0,0,0,32,0,0,0,103,0,71,0,0,32,0
Tope Imade,41569,G,TEXAS,3,100.0,0,311,80.2,78.4,78.7,0,0,4,100.0,100.0,100.0,0,0,0,32,0,0,0,32,7,7,19,13,25,0
Marcus Fleming,129688,WR,NEBRASKA,4,39.5,0,238,58.2,,61.3,0,0,0,0.0,0.0,,0,0,0,32,0,0,0,81,0,49,0,0,32,0
SaRodorick Thompson,77777,HB,TEXAS TECH,10,8.9,0,315,71.9,56.2,75.2,0,0,15,7.0,7.2,100.0,0,0,0,31,0,0,0,350,16,223,0,0,15,0
Jalen Rivers,122221,T,MIAMI FL,3,100.0,0,220,62.9,36.8,66.0,0,0,11,100.0,100.0,100.0,0,0,0,31,0,0,6,31,11,11,0,24,20,1
Kyle Horn,36296,TE,ARIZONA ST,3,77.5,0,110,56.3,68.4,66.1,0,0,2,18.2,18.2,100.0,2,0,0,31,0,0,0,40,2,11,0,0,29,38
Nick Abbs,81651,T,FRESNO ST,3,100.0,0,169,53.3,57.4,49.9,0,2,20,100.0,100.0,95.0,0,2,0,31,0,0,26,31,21,21,0,4,10,0
Bryce Wade,98509,T,UMASS,1,100.0,0,216,73.0,56.9,76.5,0,2,19,100.0,100.0,94.7,0,2,0,31,0,0,0,31,19,19,0,31,12,0
Will Koch,128088,QB,UMASS,3,32.6,0,216,32.3,,60.0,0,0,0,0.0,0.0,,1,0,0,31,0,0,0,95,0,51,0,0,31,0
Lowell Narcisse,60439,QB,UTSA,4,24.2,0,331,81.2,,60.0,0,0,0,0.0,0.0,,0,0,0,31,0,0,0,128,0,74,0,0,31,0
Lawrence Keys III,84346,WR,NOTRE DAME,8,42.5,0,258,62.4,,61.2,0,0,0,0.0,0.0,,0,0,0,31,0,0,0,73,0,42,0,0,31,0
Rondale Moore,62890,WR,PURDUE,3,18.8,0,273,80.9,,60.0,0,0,0,0.0,0.0,,0,0,0,31,0,0,0,165,0,128,0,0,31,0
Andrew Clair,57167,HB,BOWL GREEN,4,23.8,0,122,63.3,58.1,69.7,0,1,25,36.2,36.1,94.0,1,2,1,31,0,0,0,130,26,72,0,0,5,0
Kendre Miller,123091,HB,TCU,9,26.1,0,305,72.9,24.5,58.1,0,2,8,20.0,21.4,87.5,0,2,0,31,0,0,0,119,9,42,0,0,22,0
Cagan Baldree,41502,FB,TEXAS A&M,10,96.9,0,312,61.8,,61.8,0,0,0,0.0,0.0,,0,0,0,31,0,0,0,32,0,1,0,0,31,0
Baden Pinson,54436,FB,COAST CAR,8,59.6,0,141,77.7,77.0,59.1,0,0,5,41.7,46.2,100.0,0,0,0,31,0,0,0,52,6,13,0,0,25,1
Derek Devine,99664,G,VIRGINIA,3,100.0,0,335,61.4,88.4,58.5,0,0,9,100.0,100.0,100.0,0,0,0,31,0,0,0,31,10,10,31,0,21,0
Drake Anderson,83729,HB,NWESTERN,8,20.0,0,256,69.5,73.0,56.5,0,1,17,22.1,24.7,97.1,0,1,0,31,0,0,0,155,20,81,0,0,11,0
Cayden Baker,122819,T,N CAROLINA,5,100.0,0,245,69.2,73.4,66.9,0,0,4,100.0,100.0,100.0,0,0,0,31,0,0,23,31,4,4,0,8,27,0
James Blackman,60382,QB,FLORIDA ST,4,23.7,0,167,58.3,,60.2,0,0,0,0.0,0.0,,1,0,0,31,0,0,0,131,0,98,0,0,31,0
Blake Aragon,84446,TE,TEXAS ST,9,37.8,0,314,65.2,68.4,74.0,0,0,3,6.1,5.6,100.0,0,0,0,31,0,0,1,82,3,54,0,0,28,18
Juan Rodriguez,45596,TE,FRESNO ST,1,53.6,0,169,50.6,75.0,48.9,0,0,7,23.3,21.2,100.0,0,0,0,30,0,0,0,56,7,33,0,0,23,35
Caleb McMillan,100866,WR,MARSHALL,6,69.8,0,214,66.0,,89.0,0,0,0,0.0,0.0,,0,0,0,30,0,0,0,43,0,13,0,0,30,0
Marcus Phillips Jr.,101351,WR,UNLV,2,36.1,0,325,53.6,,58.6,0,0,0,0.0,0.0,,0,0,0,30,0,0,0,83,0,53,0,0,30,0
Everett Smalley,131512,T,AIR FORCE,3,100.0,0,101,75.8,78.1,72.6,0,0,1,100.0,100.0,100.0,0,0,0,30,0,0,30,30,2,2,0,0,28,0
Luke Zban,82147,QB,MARSHALL,4,58.8,0,214,86.4,,60.0,0,0,0,0.0,0.0,,0,0,0,30,0,0,0,51,0,10,0,0,30,0
Jonathan Leech,105783,T,VIRGINIA,3,100.0,0,335,71.9,82.6,68.3,0,0,8,100.0,100.0,100.0,0,0,0,30,0,0,0,30,9,9,0,29,21,0
Jake Funk,45835,HB,MARYLAND,4,17.5,0,215,82.6,80.9,59.7,0,0,22,22.4,22.1,100.0,0,0,0,30,0,0,0,171,23,104,0,0,7,0
Luke Petitbon,123396,G,WAKE,4,100.0,0,339,48.0,35.7,50.4,0,0,8,100.0,100.0,87.5,0,1,1,30,12,0,0,30,9,9,18,0,21,0
Adam Dulka,44293,TE,KENT STATE,1,76.9,0,201,45.0,62.0,47.6,0,0,7,43.8,43.8,100.0,0,0,0,30,0,0,0,39,7,16,0,0,23,37
Wyatt Rector,77687,TE,FLORIDA ST,8,42.9,0,167,48.1,40.3,48.5,0,1,8,17.8,18.8,93.7,0,1,0,30,0,0,0,70,9,48,0,0,21,45
Seth Caillouet,84061,TE,TEXAS ST,4,69.8,0,314,42.0,59.8,43.9,0,1,15,57.7,55.2,96.7,0,1,0,30,0,0,0,43,16,29,0,0,14,39
Jack Eschenbach,84082,TE,WISCONSIN,7,60.0,0,349,51.3,65.3,54.2,0,0,1,5.0,4.8,100.0,0,0,0,30,0,0,0,50,1,21,0,0,29,32
Daetrich Harrington,57129,HB,APP STATE,6,15.4,0,108,69.7,59.2,71.0,0,0,19,27.1,28.2,100.0,0,0,0,30,0,0,0,195,22,78,0,0,8,0
Devaughn Vele,100637,WR,UTAH,5,37.5,0,328,51.8,,56.9,0,0,0,0.0,0.0,,0,0,0,30,0,0,0,80,0,50,0,0,30,0
De'Montre Tuggle,98688,HB,OHIO,3,25.6,0,259,71.0,33.7,56.0,0,0,13,28.3,32.7,100.0,1,0,0,30,0,0,0,117,16,49,0,0,14,0
Keyon Henry-Brooks,98564,HB,VANDERBILT,6,10.1,0,333,74.5,58.2,57.2,0,2,24,14.8,14.8,91.7,0,3,1,30,0,0,0,297,25,169,0,0,5,2
DeVonte Gordon,98391,T,WAKE,4,100.0,0,339,63.9,76.6,61.0,0,0,7,100.0,100.0,100.0,0,0,0,30,0,0,1,30,8,8,0,29,22,0
Dane Jackson,90914,T,N TEXAS,1,100.0,0,251,60.1,49.6,61.7,0,1,15,100.0,100.0,96.7,0,1,0,30,0,0,30,30,16,16,0,0,14,0
Connor Genal,98366,QB,NEW MEXICO,2,60.0,0,241,41.1,,60.0,0,0,0,0.0,0.0,,0,0,0,30,0,0,0,50,0,19,0,0,30,0
Will Register,61015,TE,S CAROLINA,9,66.7,0,289,40.8,79.2,43.9,0,0,2,12.5,16.7,100.0,0,0,0,30,0,0,3,45,3,18,0,0,27,34
Ke'Andre Street,101111,WR,HOUSTON,7,52.6,0,182,60.1,,57.5,0,0,0,0.0,0.0,,0,0,0,30,0,0,0,57,0,27,0,0,30,0
Brett Gabbert,97404,QB,MIAMI OH,2,40.0,0,221,92.6,,60.0,0,0,0,0.0,0.0,,0,0,0,30,0,0,0,75,0,42,0,0,30,0
Tanner Mordecai,77656,QB,OKLAHOMA,4,34.9,0,261,65.7,,60.0,0,0,0,0.0,0.0,,0,0,0,29,0,0,0,83,0,47,0,0,29,0
Jack Bailey,98061,C,KENT STATE,2,100.0,0,201,23.9,0.0,29.5,0,0,11,100.0,100.0,100.0,0,0,0,29,24,5,0,29,11,11,0,0,18,0
Keenan Garber,99550,WR,KANSAS ST,6,54.7,0,199,60.6,,58.4,0,0,0,0.0,0.0,,0,0,0,29,0,0,0,53,0,22,0,0,29,0
Micah Kelly,97099,HB,TOLEDO,6,25.0,0,316,69.2,25.3,60.2,0,3,20,32.8,31.7,92.5,0,3,0,29,0,0,0,116,20,63,0,0,9,0
James Cook,83666,HB,GEORGIA,8,16.1,0,173,78.8,57.3,59.9,0,1,17,14.4,15.3,97.1,0,1,0,29,0,0,0,180,19,124,0,0,10,0
Kadyn Roach,97638,HB,LA MONROE,6,32.6,0,209,69.8,59.3,56.9,1,0,19,31.1,32.3,97.4,0,1,0,29,0,0,0,89,20,62,0,0,9,0
Caden Prieskorn,121783,TE,MEMPHIS,4,50.0,0,218,50.2,68.4,43.3,0,0,2,6.7,6.5,100.0,0,0,0,29,0,0,0,58,2,31,0,0,27,40
Shane Simpson,33929,HB,VIRGINIA,10,14.1,0,335,67.0,63.3,66.9,0,0,6,5.0,4.6,100.0,0,0,0,29,0,0,0,206,6,130,0,0,23,0
Javon Turner,98737,WR,UMASS,4,40.3,0,216,56.8,,73.4,0,0,0,0.0,0.0,,0,0,0,29,0,0,0,72,0,43,0,0,29,0
Jalen Berger,129914,HB,WISCONSIN,4,25.9,0,349,75.6,74.8,58.0,0,0,3,13.0,12.0,100.0,0,0,0,29,0,0,0,112,3,25,0,0,26,0
Te'Vailance Hunt,78109,WR,TCU,3,40.8,0,305,52.0,,61.5,0,0,0,0.0,0.0,,0,0,0,29,0,0,0,71,0,42,0,0,29,0
Johnny Langan,77617,QB,RUTGERS,9,24.4,0,278,68.1,68.2,58.4,0,0,2,7.7,6.5,100.0,1,0,0,29,0,0,0,119,2,31,0,0,27,10
Marcel Dancy,83642,HB,CAL,4,23.2,0,130,66.7,50.4,47.4,0,0,22,26.5,29.7,100.0,0,0,0,29,0,0,0,125,27,91,0,0,2,2
Hayden Sturdevant,57105,G,SO MISS,5,100.0,0,296,57.2,57.9,56.2,0,1,13,100.0,100.0,96.2,0,1,0,29,0,7,0,29,15,15,21,0,14,1
Josh Downs,122832,WR,N CAROLINA,10,39.2,0,245,66.1,,70.8,0,0,0,0.0,0.0,,0,0,0,29,0,0,0,74,0,45,0,0,29,0
Loic Fouonji,123139,WR,TEXAS TECH,5,43.9,0,315,69.3,,58.7,0,0,0,0.0,0.0,,1,0,0,29,0,0,0,66,0,37,0,0,29,0
Jordan Mims,57209,HB,FRESNO ST,6,26.1,0,169,66.0,84.7,62.6,0,0,16,22.5,22.5,100.0,0,0,0,29,0,0,0,111,16,71,0,0,13,1
Jack Luavasa,77930,TE,KANSAS,4,67.4,0,198,41.3,0.0,54.4,0,1,3,17.6,17.6,50.0,0,2,1,29,0,0,0,43,3,17,0,0,26,19
Quinn Carroll,98517,T,NOTRE DAME,2,100.0,0,258,49.2,0.0,55.9,0,0,3,100.0,100.0,100.0,0,0,0,29,0,0,0,29,4,4,0,29,25,0
Thomas Gordon,98430,TE,NWESTERN,4,100.0,0,256,66.7,,64.4,0,0,0,,,,1,0,0,29,0,0,1,29,0,0,0,0,29,28
Josh Adkins,60483,QB,UTSA,5,40.8,0,331,65.1,,60.0,0,0,0,0.0,0.0,,0,0,0,29,0,0,0,71,0,36,0,0,29,0
Octavius Evans,61172,WR,BOISE ST,2,40.8,0,120,65.9,,65.1,0,0,0,0.0,0.0,,0,0,0,29,0,0,0,71,0,42,0,0,29,2
Austin Fontaine,82325,G,MARYLAND,1,100.0,0,215,54.4,59.1,52.4,0,0,12,100.0,100.0,100.0,0,0,0,29,0,0,0,29,14,14,25,0,15,4
Aaron Cephus,40121,WR,HAWAII,6,50.0,0,180,52.8,,48.0,0,0,0,0.0,0.0,,0,0,0,29,0,0,0,58,0,29,0,0,29,1
Puka Nacua,100632,WR,WASHINGTON,3,33.0,0,340,66.2,,83.6,0,0,0,0.0,0.0,,0,0,0,29,0,0,0,88,0,59,0,0,29,0
Jacolby Criswell,122830,QB,N CAROLINA,5,65.9,0,245,29.7,,60.0,0,0,0,0.0,0.0,,0,0,0,29,0,0,0,44,0,7,0,0,29,0
Gary Williams,75915,TE,COLO STATE,4,96.7,0,144,48.7,23.7,53.6,0,0,2,66.7,66.7,100.0,0,0,0,29,0,0,0,30,2,3,0,0,27,24
Mitch Rossi,57368,TE,OHIO STATE,5,90.6,0,260,67.9,65.6,69.0,0,0,1,25.0,25.0,100.0,0,0,0,29,0,0,0,32,1,4,0,0,28,27
Chris Smith,83693,HB,LA LAFAYET,11,16.0,0,207,69.2,22.1,61.1,2,1,10,10.5,11.1,85.0,0,3,0,29,0,0,0,181,11,99,0,0,18,0
Ricky Pearsall,100660,WR,ARIZONA ST,4,35.4,0,110,77.8,,61.4,0,0,0,0.0,0.0,,0,0,0,28,0,0,0,79,0,47,0,0,28,0
Javion Cohen,123911,T,ALABAMA,5,100.0,0,103,59.3,71.0,58.2,0,0,2,100.0,100.0,100.0,0,0,0,28,0,0,28,28,2,2,0,0,26,0
Darrian Dalcourt,99061,C,ALABAMA,4,100.0,0,103,64.6,73.9,62.5,0,0,4,100.0,100.0,100.0,0,0,0,28,28,0,0,28,4,4,0,0,24,0
Corey Luciano,100620,T,WASHINGTON,3,100.0,1,340,88.6,71.0,82.9,0,0,3,100.0,100.0,100.0,1,0,0,28,0,0,0,28,4,4,0,8,24,19
Julon Williams,78074,WR,UTSA,8,37.3,0,331,56.2,,57.6,0,0,0,0.0,0.0,,0,0,0,28,0,0,0,75,0,47,0,0,28,0
Joshua McMillon,13920,LB,ALABAMA,9,100.0,0,103,53.4,67.7,52.8,0,0,1,100.0,100.0,100.0,0,0,0,28,0,0,0,28,1,1,0,0,27,0
Zachary Franks,98492,T,NWESTERN,5,100.0,0,256,59.8,0.0,63.3,0,1,3,100.0,100.0,50.0,0,2,1,28,0,0,24,28,3,3,0,4,25,0
Orlando Lacey,55720,WR,TROY,9,45.2,0,318,51.9,,70.2,0,0,0,0.0,0.0,,1,0,0,28,0,0,0,62,0,34,0,0,28,0
John David White,99222,WR,ARKANSAS,7,56.0,0,111,52.2,,59.1,0,0,0,0.0,0.0,,0,0,0,28,0,0,0,50,0,22,0,0,28,0
Emory Jones,82111,QB,FLORIDA,9,29.5,0,163,90.5,,60.0,0,0,0,0.0,0.0,,0,0,0,28,0,0,0,95,0,36,0,0,28,0
Tank Green,129514,G,MARYLAND,2,100.0,0,215,62.7,41.0,67.3,0,1,19,100.0,100.0,97.4,0,1,0,28,0,0,0,28,19,19,28,0,9,0
Reid Rials,33969,WR,TROY,2,96.6,0,318,60.1,,60.6,0,0,0,0.0,0.0,,0,0,0,28,0,0,0,29,0,1,0,0,28,0
Marcus Major Jr.,99488,HB,OKLAHOMA,5,26.9,0,261,77.9,51.2,50.0,1,0,19,32.2,32.8,97.4,0,1,0,28,0,0,0,104,20,61,0,0,8,0
Navaughn Donaldson,59848,G,MIAMI FL,2,100.0,0,220,75.2,79.4,74.4,0,0,12,100.0,100.0,100.0,0,0,0,28,0,26,0,28,12,12,2,0,16,0
Wykeen Gill,78139,WR,KANSAS ST,2,58.3,0,199,57.7,,70.8,0,0,0,0.0,0.0,,0,0,0,28,0,0,0,48,0,20,0,0,28,0
Adam Berghorst,101412,TE,MICH STATE,5,77.8,0,223,33.5,8.5,51.9,0,0,2,22.2,27.3,100.0,0,0,0,28,0,0,0,36,3,11,0,0,25,29
Jordan Byrd,83748,HB,S DIEGO ST,8,27.5,0,284,61.7,20.3,59.2,0,1,5,11.1,11.1,70.0,0,2,1,28,0,0,0,102,5,45,0,0,23,0
Graeson Malashevich,99536,WR,W VIRGINIA,2,67.5,0,343,56.0,,63.1,0,0,0,0.0,0.0,,0,0,0,27,0,0,0,40,0,12,0,0,27,0
Travis Dye,83738,HB,OREGON,7,15.8,0,264,79.2,10.1,64.6,1,0,9,10.3,11.2,72.2,0,3,2,27,0,0,0,171,10,89,0,0,17,0
Dominick Mazotti,98717,TE,S JOSE ST,6,33.8,0,285,63.5,70.3,63.3,0,0,4,7.7,7.0,100.0,0,0,0,27,0,0,0,80,4,57,0,0,23,53
Jack West,83558,QB,STANFORD,1,56.3,0,300,65.8,,60.0,0,0,0,0.0,0.0,,0,0,0,27,0,0,0,48,0,20,0,0,27,0
Anthony Gould,97078,WR,OREGON ST,4,52.9,0,265,51.9,,68.1,0,0,0,0.0,0.0,,0,0,0,27,0,0,0,51,0,24,0,0,27,0
Ed Hendrix,77977,WR,SYRACUSE,3,48.2,0,304,59.4,,61.0,0,0,0,0.0,0.0,,1,0,0,27,0,0,0,56,0,29,0,0,27,0
Maclaine Griffin,84141,WR,BOISE ST,4,54.0,0,120,47.8,,40.7,0,0,0,0.0,0.0,,1,0,0,27,0,0,0,50,0,23,0,0,27,2
Jalen Moy,84134,WR,ARMY,2,100.0,0,114,93.5,,89.7,0,0,0,,,,0,0,0,27,0,0,11,27,0,0,0,8,27,7
Trent Whittemore,98811,WR,FLORIDA,7,32.1,0,163,74.0,,60.2,0,0,0,0.0,0.0,,0,0,0,27,0,0,0,84,0,56,0,0,27,0
Josh Priebe,129733,G,NWESTERN,4,100.0,0,256,59.8,67.0,58.8,0,0,2,100.0,100.0,100.0,0,0,0,27,0,0,0,27,2,2,21,0,25,6
Jaylen Ellis,99563,WR,BAYLOR,8,25.7,0,118,55.3,,82.2,0,0,0,0.0,0.0,,0,0,0,27,0,0,0,105,0,78,0,0,27,0
Tiller Bucktrot,41807,G,TULSA,4,100.0,0,320,49.5,10.6,55.2,0,1,11,100.0,100.0,95.5,1,1,0,27,0,0,0,27,14,14,26,0,13,0
Tanner Bowles,99059,G,ALABAMA,4,100.0,0,103,64.9,74.4,63.7,0,0,4,100.0,100.0,100.0,0,0,0,27,0,2,0,27,4,4,25,0,23,0
Lideatrick Griffin,124169,WR,MISS STATE,6,19.4,0,227,51.7,,76.9,0,0,0,0.0,0.0,,0,0,0,27,0,0,0,139,0,112,0,0,27,0
Andre Johnson,100662,WR,ARIZONA ST,3,54.0,0,110,72.5,,69.6,0,0,0,0.0,0.0,,0,0,0,27,0,0,0,50,0,23,0,0,27,0
Chez Mellusi,99597,HB,CLEMSON,10,30.3,0,140,70.2,53.9,55.6,0,1,18,36.0,35.2,91.7,0,2,1,27,0,0,0,89,19,54,0,0,8,0
Kendall Karr,122841,TE,N CAROLINA,6,90.0,0,245,52.4,68.6,50.0,0,0,0,0.0,25.0,,0,0,0,27,0,0,0,30,1,4,0,0,26,22
D'Wan Mathis,99130,QB,GEORGIA,4,33.8,0,173,33.9,,60.0,0,0,0,0.0,0.0,,0,0,0,27,0,0,0,80,0,43,0,0,27,0
Austin Kendall,40056,QB,W VIRGINIA,2,49.1,0,343,54.4,,60.2,0,0,0,0.0,0.0,,0,0,0,27,0,0,0,55,0,26,0,0,27,0
Max Borghi,83802,HB,WASH STATE,1,64.3,0,341,57.2,65.1,58.5,0,1,23,82.1,82.1,97.8,0,1,0,27,0,0,0,42,23,28,0,0,4,0
Drew McQuarrie,60858,TE,BOSTON COL,4,79.4,0,121,41.5,66.0,39.8,0,1,7,50.0,50.0,92.9,0,1,0,27,0,0,1,34,7,14,0,0,20,28
Brenden Brady,83795,HB,UTSA,6,21.3,0,331,75.5,62.5,44.7,0,1,14,22.2,23.1,96.4,0,1,0,27,0,0,0,127,15,65,0,0,12,0
Tyler Eiguren,101325,TE,BOISE ST,5,100.0,0,120,52.4,71.2,50.1,0,0,2,100.0,100.0,100.0,0,0,0,27,0,0,0,27,2,2,0,0,25,19
Nic Smith,41321,HB,N TEXAS,5,32.1,0,251,68.7,82.3,45.6,0,0,17,43.6,43.6,100.0,0,0,0,27,0,0,0,84,17,39,0,0,10,0
B.J. Daniels,57462,HB,UTSA,10,37.0,0,331,67.6,87.9,55.7,0,0,17,44.7,45.0,100.0,0,0,0,27,0,0,0,73,18,40,0,0,9,0
Giles Jackson,101695,WR,MICHIGAN,5,18.6,0,222,71.0,,72.9,0,0,0,0.0,0.0,,0,0,0,26,0,0,0,140,0,113,0,0,26,0
Drew Dixon,61131,WR,ARIZONA,2,39.4,0,109,63.7,63.9,47.2,0,0,1,2.6,2.4,100.0,0,0,0,26,0,0,0,66,1,41,0,0,25,0
Robert Mervin,122030,T,UTEP,2,100.0,0,330,46.9,65.2,51.6,0,0,14,100.0,100.0,100.0,1,0,0,26,7,0,19,26,14,14,0,0,12,0
Ben Bryant,77655,QB,CINCINNATI,7,53.1,0,138,78.5,,60.0,0,0,0,0.0,0.0,,0,0,0,26,0,0,0,49,0,19,0,0,26,0
Adam Jones,104182,WR,C MICHIGAN,6,66.7,0,134,57.0,,69.3,0,0,0,0.0,0.0,,0,0,0,26,0,0,0,39,0,13,0,0,26,3
Rhett Harms,83921,TE,AIR FORCE,3,92.9,0,101,75.5,,70.6,0,0,0,0.0,0.0,,0,0,0,26,0,0,0,28,0,2,0,4,26,7
Trey Bonner,98282,G,GA STATE,4,100.0,0,175,58.8,22.7,63.7,1,0,12,100.0,100.0,95.8,0,1,0,26,0,0,0,26,12,12,25,0,14,0
Myles Benning,41374,TE,UTSA,5,96.3,0,331,65.6,68.7,64.2,0,0,2,66.7,66.7,100.0,0,0,0,26,0,0,0,27,2,3,0,0,24,26
Vershon Lee,124246,T,S CAROLINA,3,100.0,0,289,51.3,45.3,52.8,0,1,17,100.0,100.0,85.3,0,3,2,26,0,0,0,26,17,17,0,26,9,0
Logan Long,60928,T,KANSAS ST,2,100.0,0,199,39.6,57.5,37.2,0,0,10,100.0,100.0,90.0,0,1,1,26,0,0,14,26,10,10,0,10,16,2
Joshua Lingenfelter,121584,TE,ARMY,7,96.3,0,114,62.8,,62.0,0,0,0,0.0,0.0,,0,0,0,26,0,0,1,27,0,1,0,2,26,15
Keith Davis,84110,WR,ARIZONA ST,3,74.3,0,110,64.6,,90.8,0,0,0,0.0,0.0,,0,0,0,26,0,0,0,35,0,9,0,0,26,0
Luke Floriea,130491,WR,KENT STATE,3,44.8,0,201,57.1,,67.4,0,0,0,0.0,0.0,,0,0,0,26,0,0,0,58,0,32,0,0,26,0
Avery Morrow,128240,HB,NEVADA,9,36.1,0,239,68.8,17.2,69.9,1,1,9,22.5,22.0,77.8,0,3,1,26,0,0,0,72,9,41,0,0,17,7
Marcus Williams Jr.,40600,HB,APP STATE,8,19.4,0,108,81.4,83.5,60.0,0,0,20,35.7,36.1,100.0,0,0,0,26,0,0,0,134,22,61,0,0,4,0
Dennis Grosel,60351,QB,BOSTON COL,3,28.6,0,121,80.1,,60.0,0,0,0,0.0,0.0,,2,0,0,26,0,0,0,91,0,62,0,0,26,0
Marquis McCoy,98746,WR,SO MISS,3,36.1,0,296,56.6,,77.1,0,0,0,0.0,0.0,,1,0,0,26,0,0,0,72,0,46,0,0,26,0
Kene Nwangwu,40547,HB,IOWA STATE,12,20.0,0,193,72.1,27.0,69.2,1,1,15,27.3,27.6,93.3,1,2,0,26,0,0,0,130,16,58,0,0,10,0
Chandler Smith,45291,HB,HOUSTON,7,33.8,0,182,72.7,75.5,53.4,0,0,16,40.0,38.1,100.0,0,0,0,26,0,0,0,77,16,42,0,0,10,0
Jaylen Johnson,84191,WR,GEORGIA,7,57.8,0,173,50.9,,48.5,0,0,0,0.0,0.0,,0,0,0,26,0,0,0,45,0,19,0,0,26,0
Chris Curry,83696,HB,LSU,7,18.7,0,211,60.6,33.3,54.1,0,0,18,21.4,22.1,100.0,0,0,0,26,0,0,0,139,19,86,0,0,7,0
Cleveland Reed Jr.,77379,C,MIAMI FL,3,100.0,0,220,53.4,0.0,62.3,0,0,9,100.0,100.0,100.0,0,0,0,26,14,0,0,26,9,9,12,0,17,0
John Humphreys,131762,WR,STANFORD,6,33.8,0,300,56.4,,59.7,0,0,0,0.0,0.0,,0,0,0,26,0,0,0,77,0,51,0,0,26,0
James Burns,130513,WR,MIAMI OH,3,35.6,0,221,44.7,,59.2,0,0,0,0.0,0.0,,0,0,0,26,0,0,0,73,0,47,0,0,26,0
James Magee,59827,G,MARSHALL,6,92.9,0,214,67.3,78.3,68.3,0,0,4,66.7,71.4,100.0,0,0,0,26,0,0,0,28,5,7,16,2,21,9
Darien Porter,99553,WR,IOWA STATE,5,78.8,0,193,57.6,,63.1,0,0,0,0.0,0.0,,0,0,0,26,0,0,0,33,0,7,0,0,26,0
Paris Johnson Jr.,129749,G,OHIO STATE,4,100.0,0,260,79.7,46.9,88.8,0,1,15,100.0,100.0,90.0,0,2,1,26,0,12,0,26,15,15,7,7,11,0
Jordan Blackman,61149,WR,ARMY,3,89.7,0,114,76.2,,57.5,0,0,0,,0.0,,0,0,0,26,0,0,0,29,0,1,0,0,26,21
Brittain Brown,40399,HB,UCLA,7,15.8,0,324,82.0,38.7,56.2,0,0,5,8.5,11.1,100.0,0,0,0,26,0,0,0,165,7,63,0,0,19,0
Sam Vaughan,74188,T,MIAMI OH,2,100.0,0,221,71.5,77.6,68.5,0,0,5,100.0,100.0,100.0,0,0,0,26,0,0,17,26,5,5,0,9,21,0
Jalen Cunningham,82340,G,OLE MISS,3,100.0,0,226,57.0,80.3,54.1,0,0,9,100.0,100.0,100.0,2,0,0,25,0,0,0,25,11,11,24,0,14,0
Tyler Burns,40130,HB,KANSAS ST,8,51.0,0,199,54.1,42.9,70.1,0,0,10,47.6,50.0,90.0,0,1,1,25,0,0,0,49,11,22,0,0,14,0
Tyjae Spears,97195,HB,TULANE,3,28.1,0,319,90.2,80.6,65.8,0,0,12,32.4,30.8,100.0,0,0,0,25,0,0,0,89,12,39,0,0,13,3
Demick Starling,123792,WR,VIRGINIA,6,47.2,0,335,63.2,,56.9,0,0,0,0.0,0.0,,0,0,0,25,0,0,0,53,0,28,0,0,25,1
Malachi Wideman,124303,WR,TENNESSEE,6,65.8,0,307,63.1,,63.5,0,0,0,0.0,0.0,,1,0,0,25,0,0,0,38,0,13,0,0,25,0
Adam Krumholz,40697,WR,WISCONSIN,2,35.2,0,349,49.0,,68.2,0,0,0,0.0,0.0,,0,0,0,25,0,0,0,71,0,45,0,0,25,0
Seth Jones,122272,WR,BAYLOR,4,51.0,0,118,48.2,,62.2,0,0,0,0.0,0.0,,0,0,0,25,0,0,0,49,0,24,0,0,25,0
Seth Boomer,77643,QB,TULSA,2,58.1,0,320,44.7,,60.0,0,0,0,0.0,0.0,,0,0,0,25,0,0,0,43,0,18,0,0,25,0
Nate Cox,60432,QB,NEVADA,8,86.2,0,239,43.3,,62.2,0,0,0,0.0,0.0,,0,0,0,25,0,0,0,29,0,3,0,0,25,0
Christian Sims,100276,TE,BOWL GREEN,5,36.8,0,122,39.2,,52.9,0,0,0,0.0,0.0,,1,0,0,25,0,0,0,68,0,43,0,0,25,48
Clay Webb,99076,G,GEORGIA,2,100.0,0,173,76.5,71.3,74.5,0,0,1,100.0,100.0,100.0,0,0,0,25,0,23,0,25,1,1,0,0,24,0
N'Kosi Perry,60446,QB,MIAMI FL,5,29.1,0,220,66.4,,60.2,0,0,0,0.0,0.0,,0,0,0,25,0,0,0,86,0,54,0,0,25,0
Julian Hicks,55059,WR,AKRON,3,33.3,0,102,57.6,,62.1,0,0,0,0.0,0.0,,0,0,0,25,0,0,0,75,0,50,0,0,25,0
Duane Martin,122716,TE,LOUISVILLE,3,69.4,0,210,57.2,78.1,53.3,0,0,4,28.6,26.7,100.0,0,0,0,25,0,0,1,36,4,15,0,0,21,10
Zack Ward,81585,T,ARMY,4,100.0,0,114,55.7,,55.6,0,0,0,,,,0,0,0,25,0,0,0,25,0,0,0,23,25,2
Drew Lisk,40372,QB,UTAH,1,47.2,0,328,68.3,,60.0,0,0,0,0.0,0.0,,0,0,0,25,0,0,0,53,0,27,0,0,25,0
Caleb Lynum,82114,WR,FIU,4,64.1,0,166,53.7,,57.4,0,0,0,0.0,0.0,,0,0,0,25,0,0,0,39,0,14,0,0,25,0
Sedrick Van Pran-Granger,124042,C,GEORGIA,3,100.0,0,173,57.2,70.4,57.3,0,0,1,100.0,100.0,100.0,0,0,0,25,25,0,0,25,1,1,0,0,24,0
Joe Michalski,99426,G,OKLA STATE,2,100.0,0,262,67.1,77.3,65.7,0,0,6,100.0,100.0,100.0,0,0,0,25,0,25,0,25,6,6,0,0,19,0
Broderick Jones,124025,T,GEORGIA,2,100.0,0,173,90.3,70.9,87.3,0,0,1,100.0,100.0,100.0,0,0,0,25,0,0,0,25,1,1,0,25,24,0
Elijah Collins,83705,HB,MICH STATE,7,23.1,0,223,58.9,22.7,58.9,1,2,16,28.6,29.3,90.6,0,3,0,25,0,0,0,108,17,58,0,0,8,0
Jermaine Brown Jr.,97084,HB,UAB,9,17.6,0,321,74.5,51.6,58.8,0,2,22,30.6,30.6,95.5,0,2,0,25,0,0,0,142,22,72,0,0,3,0
Marshall Lang,52369,TE,NWESTERN,4,89.3,0,256,50.3,0.0,61.5,0,0,0,0.0,0.0,,0,0,0,25,0,0,0,28,0,3,0,0,25,28
Malcolm Davidson,83660,HB,FAU,6,21.6,0,165,74.9,11.3,55.0,0,1,4,8.0,9.4,87.5,0,1,0,25,0,0,0,116,5,53,0,0,20,0
Brian Robinson,57120,HB,ALABAMA,13,11.8,0,103,83.8,67.7,55.7,0,0,13,12.9,13.0,100.0,0,0,0,25,0,0,0,211,14,108,0,0,11,0
Cody Winokur,102837,G,ARMY,2,100.0,0,114,67.2,71.3,66.3,0,0,2,100.0,100.0,100.0,0,0,0,25,0,0,0,25,2,2,25,0,23,0
Jaylon Jackson,61214,WR,COLORADO,6,58.1,0,143,68.0,,71.5,0,0,0,0.0,0.0,,0,0,0,25,0,0,0,43,0,18,0,0,25,0
Jalen McMillan,131905,WR,WASHINGTON,3,43.9,0,340,54.6,,66.9,0,0,0,0.0,0.0,,0,0,0,25,0,0,0,57,0,30,0,0,25,0
Henry Ikahihifo,73151,TE,NEVADA,8,39.1,0,239,51.0,,69.1,0,0,0,0.0,0.0,,1,0,0,25,0,0,0,64,0,39,0,0,25,9
Jack Sears,60580,QB,BOISE ST,3,38.1,0,120,93.3,,60.0,0,0,0,0.0,0.0,,0,0,0,24,0,0,0,63,0,34,0,0,24,0
AJ Harrison,104219,TE,TOLEDO,3,88.9,0,316,78.7,,82.3,0,0,0,0.0,0.0,,1,0,0,24,0,0,0,27,0,3,0,0,24,19
Jaylen Erwin,98750,WR,UCLA,2,38.7,0,324,56.3,,61.8,0,0,0,0.0,0.0,,0,0,0,24,0,0,0,62,0,38,0,0,24,0
Zach Kahn,40571,HB,MIAMI OH,3,35.8,0,221,77.1,75.8,57.9,0,0,16,44.4,46.3,100.0,0,0,0,24,0,0,0,67,19,41,0,0,5,0
Dom D'Antonio,98244,G,NWESTERN,3,100.0,0,256,57.0,,56.7,0,0,0,,,,0,0,0,24,0,24,0,24,0,0,0,0,24,0
Ja'Quavion Fraziars,124375,WR,FLORIDA,2,49.0,0,163,52.6,,57.9,0,0,0,0.0,0.0,,0,0,0,24,0,0,0,49,0,25,0,0,24,0
A.J. Abbott,84520,WR,WISCONSIN,5,25.0,0,349,49.6,,61.3,0,0,0,0.0,0.0,,1,0,0,24,0,0,0,96,0,72,0,0,24,0
Ben Wrather,129740,T,NWESTERN,3,100.0,0,256,65.3,,71.1,0,0,0,,,,1,0,0,24,0,0,0,24,0,0,0,24,24,0
B.J. Baylor,52122,HB,OREGON ST,7,22.0,0,265,65.8,71.5,50.4,0,0,11,16.9,16.2,100.0,0,0,0,24,0,0,0,109,11,68,0,0,13,0
Sean Tyler,97124,HB,W MICHIGAN,4,21.8,0,347,78.2,72.7,46.5,0,1,13,24.5,25.0,96.2,1,1,0,24,0,0,0,110,15,60,0,0,9,0
Donta Armstrong,122167,TE,CHARLOTTE,4,85.7,1,136,61.5,29.9,66.3,0,0,1,20.0,20.0,100.0,1,0,0,24,0,0,0,28,1,5,0,0,23,24
Morgan Moore,81862,T,TEXAS ST,8,88.9,0,314,67.1,69.1,67.9,0,0,3,50.0,50.0,100.0,0,0,0,24,0,0,6,27,3,6,0,4,21,17
Caelan Shepard,98489,T,BUFFALO,3,100.0,0,126,59.2,71.1,58.0,0,0,2,100.0,100.0,100.0,0,0,0,24,0,0,24,24,2,2,0,0,22,0
JJ Guedet,101563,T,MINNESOTA,1,100.0,0,225,50.6,70.7,49.7,0,0,3,100.0,100.0,100.0,0,0,0,24,0,0,24,24,3,3,0,0,21,0
Ray Kelly,122679,C,LA TECH,2,96.0,0,208,62.2,68.8,61.4,0,0,2,66.7,75.0,100.0,0,0,0,24,0,0,0,25,3,4,0,0,21,25
Gavin Schoenwald,84077,TE,VANDERBILT,6,53.3,0,333,60.1,69.8,75.0,0,0,5,20.0,19.2,100.0,0,0,0,24,0,0,0,45,5,26,0,0,19,24
Brayden Liebrock,70983,TE,TEXAS,3,72.7,0,311,69.3,72.7,69.4,0,0,4,30.8,40.0,100.0,0,0,0,24,0,0,0,33,6,15,0,0,18,11
Josh McMullen,77407,T,UCF,5,100.0,0,323,42.4,0.0,64.3,0,0,1,100.0,100.0,100.0,1,0,0,24,0,4,6,24,2,2,0,14,22,0
Chubba Purdy,122412,QB,FLORIDA ST,3,23.5,0,167,50.9,,60.5,0,0,0,0.0,0.0,,2,0,0,24,0,0,0,102,0,73,0,0,24,0
Connor Hebbeler,55429,TE,WAKE,7,100.0,0,339,55.9,,53.3,0,0,0,,,,0,0,0,24,0,0,0,24,0,0,0,0,24,6
Carson Rieder,97864,WR,LA TECH,7,66.7,0,208,53.3,69.3,59.7,0,0,2,15.4,14.3,100.0,0,0,0,24,0,0,1,36,2,14,0,0,22,30
Bryce Ramer,77332,G,OHIO,1,100.0,0,259,59.9,0.0,63.2,0,2,4,100.0,100.0,75.0,0,2,0,24,0,14,0,24,4,4,10,0,20,0
Ben Redding,77908,TE,SMU,5,77.4,1,287,40.8,64.4,53.0,0,0,1,12.5,12.5,100.0,1,0,0,24,0,0,0,31,1,8,0,0,23,23
Parker Titsworth,97656,C,OHIO,1,100.0,0,259,70.3,48.5,68.1,0,1,4,100.0,100.0,87.5,0,1,0,24,24,0,0,24,4,4,0,0,20,0
Reid Holskey,130520,G,MIAMI OH,3,100.0,0,221,47.7,43.8,54.5,0,0,4,100.0,100.0,100.0,1,0,0,24,0,0,0,24,4,4,20,0,20,4
Marcayll Jones,121771,WR,MEMPHIS,5,63.2,0,218,47.7,,61.5,0,0,0,0.0,0.0,,0,0,0,24,0,0,0,38,0,14,0,0,24,0
Lyle Hiers,102809,T,APP STATE,5,100.0,0,108,86.6,,82.5,0,0,0,,,,0,0,0,24,0,0,0,24,0,0,0,23,24,1
Tanner Hawthorne,98657,T,SO MISS,5,100.0,0,296,53.0,17.9,61.0,1,0,11,100.0,100.0,95.5,0,1,0,24,0,0,23,24,11,11,0,0,13,0
Sincere Brown,123276,WR,USF,6,46.2,0,327,56.2,,61.8,0,0,0,0.0,0.0,,0,0,0,24,0,0,0,52,0,28,0,0,24,0
Isaiah Holiness,74501,WR,S JOSE ST,8,21.3,1,285,54.9,76.0,70.9,0,0,5,7.6,7.0,100.0,1,0,0,23,0,0,0,108,5,71,0,0,18,0
Pat Hughes,84264,WR,LA LAFAYET,6,71.9,0,207,49.4,,88.5,0,0,0,0.0,0.0,,1,0,0,23,0,0,0,32,0,9,0,0,23,0
Nick Nash,98679,QB,S JOSE ST,8,22.1,0,285,77.9,,60.0,0,0,0,0.0,0.0,,0,0,0,23,0,0,0,104,0,47,0,0,23,0
Monroe Young,84153,WR,CAL,4,53.5,0,130,59.5,,61.0,0,0,0,0.0,0.0,,0,0,0,23,0,0,0,43,0,20,0,0,23,11
Tommy Christ,76995,DI,VIRGINIA,2,100.0,0,335,62.5,87.4,58.7,0,0,7,100.0,100.0,100.0,1,0,0,23,0,7,16,23,8,8,0,0,15,0
Will Harrod,98794,T,FLORIDA,3,100.0,1,163,48.9,80.1,52.7,0,0,9,100.0,100.0,100.0,1,0,0,23,0,0,23,23,9,9,0,0,14,0
Justin Mayers,100808,G,UTEP,2,100.0,0,330,64.0,70.9,62.5,0,1,13,100.0,100.0,96.2,0,1,0,23,0,23,0,23,13,13,0,0,10,0
Pailate Makakona,101296,HB,UTAH ST,6,43.4,0,329,60.0,43.7,55.9,0,0,15,42.9,42.9,100.0,0,0,0,23,0,0,0,53,15,35,0,0,8,0
Shawn Robinson,60551,QB,MISSOURI,3,34.8,0,229,48.1,,60.1,0,0,0,0.0,0.0,,1,0,0,23,0,0,0,66,0,34,0,0,23,0
Nik Ognenovic,99194,TE,KENTUCKY,3,88.5,0,202,51.8,25.2,56.4,0,0,2,50.0,40.0,100.0,0,0,0,23,0,0,0,26,2,5,0,0,21,17
Alfred Armour,83743,FB,PURDUE,5,76.7,0,273,46.8,36.0,42.4,0,1,5,41.7,41.7,90.0,0,1,0,23,0,0,0,30,5,12,0,0,18,1
Blake Corum,129574,HB,MICHIGAN,6,27.7,0,222,64.9,58.8,59.4,0,0,13,30.2,30.4,100.0,0,0,0,23,0,0,0,83,14,46,0,0,9,0
Kurt Stengel,60808,T,NAVY,1,100.0,0,237,55.7,73.5,53.8,0,0,4,100.0,100.0,100.0,0,0,0,23,0,0,18,23,4,4,0,5,19,0
Destin Myers,81393,TE,S ALABAMA,6,100.0,0,288,39.6,69.8,38.0,0,0,1,100.0,100.0,100.0,0,0,0,23,0,0,0,23,2,2,0,0,21,14
Jonah Laulu,75763,ED,HAWAII,1,60.5,0,180,58.4,69.8,52.2,0,0,2,11.8,11.8,100.0,1,0,0,23,0,0,0,38,2,17,0,0,21,33
Montorie Foster Jr.,129616,WR,MICH STATE,7,39.7,0,223,47.5,,61.4,0,0,0,0.0,0.0,,0,0,0,23,0,0,0,58,0,35,0,0,23,0
Shane Creamer,60906,TE,HOUSTON,6,76.7,0,182,54.3,74.2,70.8,0,0,2,33.3,22.2,100.0,0,0,0,23,0,0,0,30,2,9,0,0,21,17
Armani Rogers,40034,QB,OHIO,3,45.1,0,259,76.7,,60.0,0,0,0,0.0,0.0,,0,0,0,23,0,0,0,51,0,15,0,0,23,0
Khalan Griffin,129847,HB,RICE,5,17.2,0,275,63.6,60.7,60.0,0,1,20,33.9,35.0,97.5,0,1,0,23,0,0,0,134,21,60,0,0,2,0
Jirehl Brock,97291,HB,IOWA STATE,8,35.4,0,193,63.9,24.4,76.9,1,2,16,39.0,39.5,90.6,0,3,0,23,0,0,0,65,17,43,0,0,6,0
Calvin Camp,61202,HB,CHARLOTTE,6,38.3,0,136,71.6,74.9,57.1,0,0,3,14.3,14.3,100.0,0,0,0,23,0,0,0,60,3,21,0,0,20,0
Zane Pope,61265,WR,FRESNO ST,2,22.8,0,169,64.9,68.4,59.0,0,0,1,1.3,1.3,100.0,0,0,0,23,0,0,0,101,1,79,0,0,22,15
Bence Polgar,98083,C,BUFFALO,3,100.0,0,126,66.2,70.7,64.2,0,0,2,100.0,100.0,100.0,1,0,0,23,17,0,0,23,2,2,6,0,21,0
Wyatt Fischer,78043,WR,CINCINNATI,6,82.1,0,138,62.0,,72.4,0,0,0,0.0,0.0,,0,0,0,23,0,0,0,28,0,5,0,0,23,7
Tarique Milton,61328,WR,IOWA STATE,6,25.0,0,193,65.0,,47.5,0,0,0,0.0,0.0,,0,0,0,23,0,0,0,92,0,69,0,0,23,0
Eric Hommel,61352,WR,KANSAS ST,4,63.9,0,199,54.3,,61.4,0,0,0,0.0,0.0,,0,0,0,23,0,0,0,36,0,13,0,0,23,0
Zach Jackson,61387,WR,LA MONROE,5,20.5,0,209,48.8,,46.5,0,0,0,0.0,0.0,,0,0,0,23,0,0,0,112,0,89,0,0,23,0
Dannis Jackson,97594,WR,OLE MISS,8,56.1,0,226,42.2,,60.5,0,0,0,0.0,0.0,,0,0,0,23,0,0,0,41,0,17,0,0,23,0
Carlton Todd,100274,WR,BUFFALO,4,76.7,0,126,55.9,,59.8,0,0,0,0.0,0.0,,0,0,0,23,0,0,0,30,0,7,0,0,23,0
Ayden McCollough,132970,T,AIR FORCE,2,100.0,0,101,63.0,,62.0,0,0,0,,,,0,0,0,23,0,0,0,23,0,0,7,16,23,0
Demarcus Gregory,84300,WR,OLE MISS,5,60.5,0,226,53.7,,61.5,0,0,0,0.0,0.0,,0,0,0,23,0,0,0,38,0,15,0,0,23,0
Chris Hickman,101687,WR,NEBRASKA,5,68.8,0,238,52.5,,45.7,0,0,0,0.0,0.0,,0,0,0,22,0,0,0,32,0,10,0,0,22,2
Trent Howard,122150,C,CLEMSON,4,100.0,0,140,61.8,78.8,58.0,0,0,14,100.0,100.0,100.0,0,0,0,22,22,0,0,22,14,14,0,0,8,0
Andrew Marty,60498,QB,NWESTERN,4,75.9,0,256,78.0,,60.0,0,0,0,0.0,0.0,,0,0,0,22,0,0,0,29,0,1,0,0,22,0
Jabre Barber,123689,WR,TROY,3,100.0,0,318,60.6,,60.5,0,0,0,,,,0,0,0,22,0,0,0,22,0,0,0,0,22,0
Jordan Waters,97754,HB,DUKE,7,33.8,0,154,62.8,56.9,54.3,0,1,10,29.4,27.0,95.0,0,1,0,22,0,0,0,65,10,37,0,0,12,0
Seth Porter,78143,WR,KANSAS ST,6,55.0,0,199,51.8,,59.9,0,0,0,0.0,0.0,,0,0,0,22,0,0,0,40,0,17,0,0,22,0
Tre Bradford,124088,HB,LSU,5,32.8,0,211,62.3,37.2,60.0,0,1,13,27.7,27.1,88.5,0,2,1,22,0,0,0,67,13,48,0,0,9,0
Kelvin Dean Jr.,97429,HB,FAU,6,31.4,0,165,50.9,28.8,64.6,0,0,7,19.4,21.1,100.0,0,0,0,22,0,0,0,70,8,38,0,0,14,0
Christian Dremel,97211,WR,RUTGERS,9,34.4,0,278,52.0,,56.9,0,0,0,0.0,0.0,,0,0,0,22,0,0,0,64,0,42,0,0,22,0
Mitchell Pryor,83798,HB,VANDERBILT,6,26.2,0,333,70.9,44.4,59.6,2,0,18,37.5,35.8,94.4,0,2,0,22,0,0,0,84,19,53,0,0,3,0
Trey Adkins,99198,WR,S CAROLINA,4,31.9,0,289,51.8,,60.1,0,0,0,0.0,0.0,,0,0,0,22,0,0,0,69,0,47,0,0,22,0
Cyrus Habibi-Likio,57379,HB,OREGON,7,27.5,0,264,57.9,48.3,55.2,0,1,9,19.6,19.1,94.4,0,1,0,22,0,0,0,80,9,47,0,0,13,0
Billy Ward,122502,TE,GA TECH,2,71.0,0,176,40.4,68.8,63.3,0,0,2,18.2,25.0,100.0,1,0,0,22,0,0,0,31,3,12,0,0,19,26
Brian Battie,123274,HB,USF,7,18.5,1,327,80.9,71.8,67.6,0,0,10,16.7,20.3,100.0,1,0,0,22,0,0,0,119,13,64,0,0,9,0
Landon Peterson,99457,G,TEXAS TECH,2,100.0,0,315,61.0,72.1,57.6,0,0,14,100.0,100.0,100.0,0,0,0,22,0,13,0,22,14,14,0,9,8,0
Jontavis Robertson,122384,WR,DUKE,7,56.4,0,154,64.1,,70.0,0,0,0,0.0,0.0,,0,0,0,22,0,0,0,39,0,17,0,0,22,0
Tyrell Shavers,61107,WR,MISS STATE,4,17.1,0,227,56.4,,46.5,0,0,0,0.0,0.0,,0,0,0,22,0,0,0,129,0,107,0,0,22,0
Max Thrower,42335,TE,N ILLINOIS,5,73.3,0,254,48.9,72.0,52.0,0,0,1,14.3,27.3,100.0,0,0,0,22,0,0,0,30,3,11,0,0,19,26
Matt Myers,77698,QB,BUFFALO,3,68.8,0,126,68.9,,60.0,0,0,0,0.0,0.0,,0,0,0,22,0,0,0,32,0,3,0,0,22,0
Dee Anderson,40225,WR,OKLA STATE,4,56.4,0,262,50.2,,60.8,0,0,0,0.0,0.0,,0,0,0,22,0,0,0,39,0,17,0,0,22,0
Alec Sinkfield,57476,HB,W VIRGINIA,10,10.9,0,343,62.8,63.7,38.7,1,1,13,11.6,12.2,92.3,1,2,0,22,0,0,0,202,14,115,0,0,8,0
Dylan Thomas,39948,WR,TCU,2,43.1,0,305,61.7,,60.6,0,0,0,0.0,0.0,,0,0,0,22,0,0,0,51,0,29,0,0,22,0
Jerome Buckner,78200,WR,OHIO,2,62.9,0,259,63.0,,61.2,0,0,0,0.0,0.0,,0,0,0,22,0,0,0,35,0,13,0,0,22,0
Jamal Glaspie,97402,WR,FRESNO ST,3,47.8,0,169,67.1,,60.7,0,0,0,0.0,0.0,,0,0,0,22,0,0,0,46,0,24,0,0,22,0
Sampson James,97629,HB,INDIANA,7,29.7,0,190,58.9,35.6,53.6,0,1,6,23.1,23.1,91.7,0,1,0,22,0,0,0,74,6,26,0,0,16,0
Drew Swinney,78023,WR,CLEMSON,4,55.0,0,140,60.7,,61.9,0,0,0,0.0,0.0,,0,0,0,22,0,0,0,40,0,18,0,0,22,0
Zach Evans,123072,HB,TCU,9,18.5,0,305,71.6,77.2,46.7,0,0,6,13.0,12.2,100.0,0,0,0,22,0,0,0,119,6,49,0,0,16,0
Marcellus Marshall,130496,T,KENT STATE,2,100.0,0,201,60.8,32.8,64.9,0,1,10,100.0,100.0,95.0,0,1,0,22,0,7,15,22,10,10,0,0,12,0
Cole Prudhomme,14037,G,LA LAFAYET,3,100.0,0,207,58.7,21.2,62.0,1,1,7,100.0,100.0,85.7,0,2,0,22,0,8,0,22,7,7,14,0,15,0
Jordan Johnson,122902,WR,NOTRE DAME,2,80.8,0,258,48.4,,54.0,0,0,0,0.0,0.0,,1,0,0,21,0,0,0,26,0,5,0,0,21,0
Pat Garwo III,97120,HB,BOSTON COL,7,15.7,0,121,58.7,24.9,55.9,1,1,12,13.8,14.9,83.3,0,3,1,21,0,0,0,134,14,94,0,0,7,0
Garrett Bickhart,61598,WR,PITTSBURGH,4,63.6,0,268,50.1,,61.5,0,0,0,0.0,0.0,,0,0,0,21,0,0,0,33,0,12,0,0,21,0
Mike Kosar,124411,TE,VIRGINIA,4,75.0,0,335,43.1,,42.5,0,0,0,0.0,0.0,,0,0,0,21,0,0,1,28,0,7,0,0,21,22
Lexington Joseph,97104,HB,FIU,3,46.7,0,166,54.2,74.9,56.3,0,0,2,13.3,12.5,100.0,0,0,0,21,0,0,0,45,2,16,0,0,19,0
Josh Delgado,97320,WR,OREGON,7,41.2,0,264,62.2,,50.7,0,0,0,0.0,0.0,,0,0,0,21,0,0,0,51,0,30,0,0,21,0
Drew Pyne,122910,QB,NOTRE DAME,4,84.0,0,258,53.9,,60.0,0,0,0,0.0,0.0,,0,0,0,21,0,0,0,25,0,4,0,0,21,0
Erik Brooks,84187,WR,FRESNO ST,6,17.2,0,169,60.1,,61.3,0,0,0,0.0,0.0,,0,0,0,21,0,0,0,122,0,101,0,0,21,1
Keitha Jones Jr.,77171,TE,TULANE,3,72.4,0,319,55.5,70.6,57.3,0,0,5,45.5,38.5,100.0,0,0,0,21,0,0,0,29,5,13,0,0,16,18
Rakim Jarrett,129519,WR,MARYLAND,4,18.8,1,215,68.7,,85.7,0,0,0,0.0,0.0,,3,0,0,21,0,0,0,112,0,91,0,0,21,0
Jafar Armstrong,61555,HB,NOTRE DAME,6,42.9,0,258,61.7,56.8,59.7,1,0,10,50.0,52.4,95.0,0,1,0,21,0,0,0,49,11,21,0,0,10,0
Ja'Veon Marlow,83797,HB,VANDERBILT,4,18.6,0,333,73.9,60.5,59.4,0,0,13,22.4,24.6,100.0,0,0,0,21,0,0,0,113,15,61,0,0,6,0
Christopher Toudle,99705,WR,NC STATE,5,53.8,0,248,54.7,,74.1,0,0,0,0.0,0.0,,0,0,0,21,0,0,0,39,0,18,0,0,21,0
Kamryn Babb,84354,WR,OHIO STATE,3,65.6,0,260,54.8,,61.7,0,0,0,0.0,0.0,,0,0,0,21,0,0,0,32,0,11,0,0,21,0
Collin Schlee,98025,QB,KENT STATE,3,45.7,0,201,82.8,,60.0,0,0,0,0.0,0.0,,1,0,0,21,0,0,0,46,0,16,0,0,21,0
Kenny McIntosh,99158,HB,GEORGIA,8,14.3,0,173,80.6,2.5,57.6,0,2,10,12.3,11.4,90.0,0,2,0,21,0,0,0,147,10,88,0,0,11,0
Trent Pennix,77726,FB,NC STATE,8,75.0,0,248,73.1,,57.2,0,0,0,0.0,0.0,,0,0,0,21,0,0,0,28,0,6,0,0,21,2
Brad Cumbest,84011,WR,MISS STATE,7,36.8,0,227,58.3,64.4,53.0,0,0,1,2.8,2.7,100.0,0,0,0,21,0,0,0,57,1,37,0,0,20,18
Anthony Whigan,101555,G,PENN STATE,1,100.0,0,266,50.8,0.0,56.4,0,0,6,100.0,100.0,83.3,0,1,1,21,0,0,0,21,6,6,21,0,15,0
Trad Beatty,77637,QB,TEMPLE,2,35.0,0,306,69.9,,60.0,0,0,0,0.0,0.0,,1,0,0,21,0,0,0,60,0,35,0,0,21,0
Greg Garner,122671,HB,LA TECH,8,27.3,0,208,66.6,47.5,66.4,0,1,9,30.0,30.3,94.4,0,1,0,21,0,0,0,77,10,33,0,0,11,0
Jimmy Calloway,124274,WR,TENNESSEE,6,43.8,0,307,54.8,,78.7,0,0,0,0.0,0.0,,1,0,0,21,0,0,0,48,0,26,0,0,21,0
Tre'Shaun Harrison,77958,WR,OREGON ST,2,38.2,0,265,64.3,,56.8,0,0,0,0.0,0.0,,0,0,0,21,0,0,0,55,0,34,0,0,21,0
Damien Moore,70767,HB,CAL,4,24.4,0,130,70.7,75.0,60.0,0,1,18,40.0,40.0,97.2,0,1,0,21,0,0,0,86,18,45,0,0,3,0
Marcus Williams,99458,T,TCU,2,100.0,0,305,50.3,22.7,54.7,0,1,7,100.0,100.0,92.9,0,1,0,21,0,0,21,21,7,7,0,0,14,0
Michael Sullivan,75838,G,UMASS,4,95.2,0,216,39.6,43.8,43.7,0,0,8,88.9,88.9,100.0,0,0,0,20,0,0,0,21,8,9,0,0,12,21
Xavier White,99566,HB,TEXAS TECH,8,9.7,0,315,70.0,79.1,42.2,0,0,7,5.6,5.3,100.0,1,0,0,20,0,0,0,206,7,132,0,0,13,0
Micah Davis,125264,WR,AIR FORCE,4,76.9,0,101,68.5,,73.4,0,0,0,0.0,0.0,,0,0,0,20,0,0,0,26,0,5,0,0,20,15
Marcel Murray,83618,HB,ARK STATE,5,17.7,0,113,62.7,50.8,,0,0,18,28.1,30.3,100.0,0,0,0,20,0,0,0,113,20,66,0,0,0,0
Jaden Warren,98300,WR,TROY,2,95.2,0,318,60.8,,62.5,0,0,0,0.0,0.0,,0,0,0,20,0,0,0,21,0,1,0,0,20,0
Joey Carroll,98498,T,BOWL GREEN,3,95.2,0,122,63.3,69.3,62.3,0,0,2,66.7,66.7,100.0,0,0,0,20,0,0,0,21,2,3,0,0,18,21
Isaac Jernagin,70363,WR,NEVADA,9,34.5,0,239,54.5,,58.2,0,0,0,0.0,0.0,,0,0,0,20,0,0,0,58,0,38,0,0,20,0
Enokk Vimahi,101548,G,OHIO STATE,3,100.0,0,260,75.3,69.8,73.6,0,0,0,,100.0,,0,0,0,20,0,4,0,20,1,1,7,9,19,0
Victor Konopka,129881,TE,RUTGERS,4,100.0,0,278,52.0,67.7,49.9,0,0,2,100.0,100.0,100.0,0,0,0,20,0,0,0,20,2,2,0,0,18,18
Dominic Richardson,122985,HB,OKLA STATE,4,23.8,0,262,66.7,82.1,59.0,0,0,13,40.6,41.2,100.0,0,0,0,20,0,0,0,84,14,34,0,0,6,0
Chase Wolf,51692,QB,WISCONSIN,3,58.8,0,349,47.4,,60.0,0,0,0,0.0,0.0,,0,0,0,20,0,0,0,34,0,10,0,0,20,0
Marvin Scott III,129711,HB,NEBRASKA,5,24.4,0,238,68.8,41.3,66.8,0,0,5,11.9,11.9,100.0,0,0,0,20,0,0,0,82,5,42,0,0,15,0
Kobe Webster,121790,WR,MEMPHIS,4,87.0,0,218,58.0,,61.8,0,0,0,0.0,0.0,,0,0,0,20,0,0,0,23,0,3,0,0,20,0
Malik Bowen-Sims,122368,WR,DUKE,6,46.5,0,154,63.4,,56.4,0,0,0,0.0,0.0,,0,0,0,20,0,0,0,43,0,23,0,0,20,0
Alex Wollschlaeger,130396,T,BOWL GREEN,2,100.0,0,122,60.9,75.2,58.0,0,0,6,100.0,100.0,100.0,0,0,0,20,0,0,0,20,6,6,0,20,14,0
Darius Maberry,57412,HB,SO MISS,6,24.7,1,296,64.7,56.7,65.5,0,0,12,33.3,32.4,100.0,1,0,0,20,0,0,0,81,12,37,0,0,8,0
Connor Wedington,52267,WR,STANFORD,3,21.1,0,300,74.9,,59.3,0,0,0,0.0,0.0,,1,0,0,20,0,0,0,95,0,75,0,0,20,2
Joseph Habinowski,130593,T,OHIO,1,100.0,0,259,51.6,78.2,48.6,0,0,5,100.0,100.0,100.0,0,0,0,20,0,0,20,20,5,5,0,0,15,0
Jamyest Williams,56165,HB,GA STATE,8,18.7,0,175,72.9,80.7,57.6,0,0,6,13.6,13.6,100.0,0,0,0,20,0,0,0,107,6,44,0,0,14,0
Peyton Sawyer,78077,WR,HOUSTON,2,35.1,0,182,56.5,,58.1,0,0,0,0.0,0.0,,0,0,0,20,0,0,0,57,0,37,0,0,20,0
CJ Hanson,98387,C,RUTGERS,2,100.0,0,278,31.7,21.1,38.7,0,1,9,100.0,100.0,94.4,0,1,0,20,20,0,0,20,10,10,0,0,10,0
Jay Symonds,83763,FB,STANFORD,3,74.1,0,300,47.3,70.1,41.6,0,0,0,0.0,12.5,,0,0,0,20,0,0,0,27,1,8,0,0,19,1
Stacey Marshall Jr.,131584,TE,ARIZONA,3,87.0,0,109,58.3,70.6,58.3,0,0,2,40.0,57.1,100.0,0,0,0,20,0,0,0,23,4,7,0,0,16,21
Tyler Connolly,99419,G,W VIRGINIA,1,100.0,0,343,55.0,73.5,53.9,0,0,5,100.0,100.0,100.0,0,0,0,20,0,20,0,20,5,5,0,0,15,0
Jalan Robinson,77479,T,KANSAS,2,100.0,0,198,55.0,78.0,51.8,0,0,6,100.0,100.0,100.0,0,0,0,20,0,0,20,20,6,6,0,0,14,0
Darien Rencher,39949,HB,CLEMSON,9,30.6,0,140,70.0,12.8,57.4,0,1,10,34.5,34.5,95.0,0,1,0,19,0,0,0,62,10,29,0,0,9,0
Forest McKee,57094,FB,UTEP,2,76.0,0,330,64.8,67.9,70.1,0,0,1,14.3,14.3,100.0,0,0,0,19,0,0,0,25,1,7,0,0,18,11
Leonard Parker,100928,HB,USF,5,27.9,0,327,70.8,49.7,72.1,0,0,9,24.3,24.3,100.0,0,0,0,19,0,0,0,68,9,37,0,0,10,0
Tristin Tuialuuluu,81909,C,UTEP,2,100.0,0,330,62.0,78.9,58.8,0,0,10,100.0,100.0,100.0,0,0,0,19,19,0,0,19,10,10,0,0,9,0
DaShon Bussell,78169,WR,W MICHIGAN,3,52.8,0,347,54.5,,61.2,0,0,0,0.0,0.0,,0,0,0,19,0,0,0,36,0,17,0,0,19,0
Devin Staton,78086,WR,OKLAHOMA,4,59.4,0,261,49.9,,44.3,0,0,0,0.0,0.0,,0,0,0,19,0,0,0,32,0,13,0,0,19,0
Kaymar Mimes,77873,TE,PITTSBURGH,3,79.2,0,268,65.2,64.5,55.7,0,0,1,16.7,16.7,100.0,0,0,0,19,0,0,1,24,1,6,0,0,18,15
Hassan Haskins,83701,HB,MICHIGAN,6,15.1,0,222,80.9,81.7,36.7,0,0,13,22.4,22.4,100.0,0,0,0,19,0,0,0,126,13,58,0,0,6,0
AJ Barner,129433,TE,INDIANA,5,63.3,0,190,46.8,64.4,64.3,0,0,1,9.1,8.3,100.0,0,0,0,19,0,0,0,30,1,12,0,0,18,25
Charles McClelland,77733,HB,CINCINNATI,4,28.4,0,138,68.9,36.6,47.9,0,0,9,28.1,29.4,100.0,0,0,0,19,0,0,0,67,10,34,0,0,9,0
Lucas Krull,83962,TE,PITTSBURGH,1,35.8,0,268,45.2,68.8,44.9,0,0,2,6.3,5.6,100.0,0,0,0,19,0,0,9,53,2,36,0,6,17,16
Jace Taylor,128284,WR,NEW MEXICO,7,61.3,0,241,51.1,,45.1,0,0,0,0.0,0.0,,0,0,0,19,0,0,0,31,0,12,0,0,19,0
Casey Thompson,77677,QB,TEXAS,3,38.8,0,311,84.1,,60.0,0,0,0,0.0,0.0,,0,0,0,19,0,0,0,49,0,22,0,0,19,0
Justin Rogers,77666,QB,UNLV,3,36.5,0,325,74.2,,60.0,0,0,0,0.0,0.0,,0,0,0,19,0,0,0,52,0,31,0,0,19,0
Gunnar Holmberg,77625,QB,DUKE,6,27.1,0,154,49.8,,60.0,0,0,0,0.0,0.0,,0,0,0,19,0,0,0,70,0,30,0,0,19,0
Cade Fortin,77620,QB,USF,2,59.4,0,327,59.1,,60.0,0,0,0,0.0,0.0,,0,0,0,19,0,0,0,32,0,11,0,0,19,0
Devin Culp,84080,TE,WASHINGTON,2,82.6,0,340,57.5,72.5,57.7,0,0,3,42.9,50.0,100.0,0,0,0,19,0,0,0,23,4,8,0,0,15,16
Carlos Sandy,84215,WR,ILLINOIS,5,37.3,0,187,55.4,,60.3,0,0,0,0.0,0.0,,0,0,0,19,0,0,0,51,0,32,0,0,19,0
Dalton Bishop,77441,G,OKLAHOMA,1,100.0,0,261,67.3,81.2,64.9,0,0,12,100.0,100.0,100.0,1,0,0,19,0,0,0,19,12,12,19,0,7,0
Rweha Munyagi Jr.,84373,WR,OREGON ST,4,100.0,0,265,57.9,,55.1,0,0,0,,,,0,0,0,19,0,0,0,19,0,0,0,0,19,2
Braden Cassity,76837,TE,OKLA STATE,3,90.5,0,262,58.3,,60.1,0,0,0,0.0,0.0,,0,0,0,19,0,0,0,21,0,2,0,0,19,10
Andrew McGowan,84496,WR,UTSA,7,65.5,0,331,70.4,,62.6,0,0,0,0.0,0.0,,0,0,0,19,0,0,0,29,0,10,0,0,19,0
Malik Staples,40902,LB,W KENTUCKY,6,51.4,0,346,58.0,75.7,65.6,0,0,6,35.3,35.3,100.0,0,0,0,19,0,0,0,37,6,17,0,0,13,0
Terrence Horne,86859,WR,USF,6,54.3,0,327,59.5,,75.3,0,0,0,0.0,0.0,,0,0,0,19,0,0,0,35,0,16,0,0,19,0
Bryson Denley,41077,HB,BOWL GREEN,5,22.1,0,122,59.0,29.0,59.5,1,0,10,27.0,28.2,95.0,0,1,0,19,0,0,0,86,11,39,0,0,8,1
Noah Nelson,72508,T,OKLAHOMA,1,100.0,0,261,77.8,82.7,74.7,0,0,12,100.0,100.0,100.0,0,0,0,19,0,0,19,19,12,12,0,0,7,0
Chandler Farrell,41404,TE,S CAROLINA,5,100.0,0,289,36.2,64.9,40.5,0,0,1,100.0,100.0,100.0,0,0,0,19,0,0,0,19,1,1,0,0,18,19
Thomas MacVittie,41467,QB,KANSAS,2,47.5,0,198,77.6,,60.0,0,0,0,0.0,0.0,,0,0,0,19,0,0,0,40,0,17,0,0,19,0
Ke'Shawn Williams,123406,WR,WAKE,3,63.3,0,339,74.1,,50.5,0,0,0,0.0,0.0,,0,0,0,19,0,0,0,30,0,11,0,0,19,0
Jahmal Banks,123373,WR,WAKE,4,79.2,0,339,73.5,,56.6,0,0,0,0.0,0.0,,0,0,0,19,0,0,0,24,0,5,0,0,19,0
Mark Birmingham,42328,TE,DUKE,8,63.3,0,154,58.7,66.6,48.9,0,0,2,15.4,15.4,100.0,0,0,0,19,0,0,0,30,2,13,0,0,17,10
Marshall Few,61426,WR,MIAMI FL,5,54.3,0,220,64.8,,60.7,0,0,0,0.0,0.0,,0,0,0,19,0,0,0,35,0,16,0,0,19,0
Tyce Daniel,60952,TE,MEMPHIS,8,76.0,0,218,41.6,,58.6,0,0,0,0.0,0.0,,0,0,0,19,0,0,0,25,0,6,0,0,19,19
Addison West,98272,G,W MICHIGAN,2,100.0,0,347,59.5,79.7,57.6,0,0,3,100.0,100.0,100.0,0,0,0,19,0,14,0,19,5,5,5,0,14,0
Genson Hooper Price,98369,WR,NWESTERN,3,90.5,0,256,57.2,,57.3,0,0,0,0.0,0.0,,0,0,0,19,0,0,0,21,0,2,0,0,19,0
John Copenhaver,122828,TE,N CAROLINA,5,100.0,0,245,65.1,64.5,65.4,0,0,1,100.0,100.0,100.0,0,0,0,19,0,0,0,19,1,1,0,0,18,11
Dane Ledford,60567,WR,TULANE,4,76.0,0,319,56.8,,61.6,0,0,0,0.0,0.0,,0,0,0,19,0,0,0,25,0,6,0,0,19,0
Jake Overman,131748,TE,OREGON ST,4,54.3,0,265,60.6,68.4,56.2,0,0,2,13.3,11.1,100.0,0,0,0,19,0,0,0,35,2,18,0,0,17,25
Nick Ast,60416,QB,KANSAS ST,3,46.3,0,199,42.3,,60.0,0,0,0,0.0,0.0,,0,0,0,19,0,0,0,41,0,19,0,0,19,0
Ethan Driskell,98530,T,MARSHALL,3,100.0,0,214,87.7,,84.3,0,0,0,,,,0,0,0,19,0,0,15,19,0,0,0,4,19,0
Michael Gause,122672,G,LA TECH,1,100.0,0,208,38.5,0.0,61.1,0,1,14,100.0,100.0,96.4,0,1,0,19,0,0,0,19,14,14,0,19,5,0
Samson Nacua,43380,WR,UTAH,3,37.3,0,328,59.8,,71.0,0,0,0,0.0,0.0,,0,0,0,19,0,0,0,51,0,32,0,0,19,1
Miles Banks,98588,WR,UTEP,5,42.2,0,330,61.2,,80.7,0,0,0,0.0,0.0,,0,0,0,19,0,0,0,45,0,26,0,0,19,0
Will Huggins,122563,TE,KANSAS,3,65.5,0,198,65.1,64.4,65.6,0,0,1,9.1,9.1,100.0,1,0,0,19,0,0,0,29,1,11,0,0,18,25
Bryce Ramsey,99086,G,OLE MISS,4,100.0,0,226,63.2,29.2,65.6,0,1,6,100.0,100.0,91.7,0,1,0,19,6,5,0,19,7,7,7,0,12,0
Khi Mathieu,121775,WR,MEMPHIS,4,59.4,0,218,62.6,,61.7,0,0,0,0.0,0.0,,0,0,0,19,0,0,0,32,0,13,0,0,19,0
Isaiah Hookfin,99415,T,TEXAS,1,100.0,0,311,90.3,75.2,90.1,0,0,4,100.0,100.0,100.0,0,0,0,19,0,0,0,19,6,6,0,19,13,0
Don Ragsdale,121470,HB,SO MISS,3,24.7,0,296,66.7,78.6,60.0,0,0,14,31.1,34.0,100.0,0,0,0,19,0,0,0,77,17,50,0,0,2,0
Marcus Alexander,99432,G,OKLAHOMA,1,100.0,0,261,71.9,81.2,70.7,0,0,12,100.0,100.0,100.0,0,0,0,19,0,19,0,19,12,12,0,0,7,0
Easton Dean,99522,TE,IOWA STATE,6,79.2,0,193,79.0,,75.1,0,0,0,0.0,0.0,,0,0,0,19,0,0,0,24,0,5,0,0,19,16
Maurice Bellan,102864,QB,ARMY,5,57.6,0,114,68.4,,60.0,0,0,0,0.0,0.0,,0,0,0,19,0,0,0,33,0,2,0,0,19,0
Justin Lescouflair,102680,HB,ARMY,2,95.0,0,114,71.1,63.6,82.2,0,0,0,,100.0,,0,0,0,19,0,0,0,20,1,1,0,0,18,8
Eric Najarian,101624,QB,MARYLAND,1,37.3,0,215,73.8,,60.0,0,0,0,0.0,0.0,,0,0,0,19,0,0,0,51,0,31,0,0,19,0
Isaiah Wooden,100230,WR,KENT STATE,3,57.6,0,201,86.7,,70.2,0,0,0,0.0,0.0,,0,0,0,19,0,0,0,33,0,13,0,0,19,0
Evan Hull,97302,HB,NWESTERN,8,23.1,0,256,68.6,3.7,54.1,0,0,1,3.0,2.9,100.0,0,0,0,18,0,0,0,78,1,34,0,0,17,0
Garrett Dzuro,64526,QB,UMASS,3,25.4,0,216,46.6,54.3,60.0,0,0,0,0.0,0.0,,0,0,0,18,0,0,0,71,0,50,0,0,18,0
Teeshaun Turpin,63213,T,N TEXAS,2,100.0,0,251,68.7,70.6,66.9,0,0,5,100.0,100.0,100.0,0,0,0,18,0,0,1,18,5,5,0,17,13,0
Javien Cuff,97809,WR,BUFFALO,3,90.0,0,126,59.0,,60.5,0,0,0,0.0,0.0,,0,0,0,18,0,0,0,20,0,2,0,0,18,0
Khatib Lyles,97803,TE,N TEXAS,2,75.0,0,251,68.1,,61.0,0,0,0,0.0,0.0,,0,0,0,18,0,0,0,24,0,6,0,0,18,0
Michael Kern,97799,QB,WAKE,7,34.6,0,339,82.0,,60.0,0,0,0,0.0,0.0,,0,0,0,18,0,0,0,52,0,29,0,0,18,0
Javin Myers,57273,HB,LA MONROE,6,27.3,0,209,70.5,81.8,58.7,0,0,11,26.2,29.5,100.0,0,0,0,18,0,0,0,66,13,44,0,0,5,0
Montana Lemonious-Craig,131686,WR,COLORADO,3,64.3,0,143,64.0,,61.7,0,0,0,0.0,0.0,,0,0,0,18,0,0,0,28,0,10,0,0,18,0
Rahmir Johnson,101655,HB,NEBRASKA,6,26.5,0,238,61.8,3.3,48.1,0,1,3,6.8,8.7,83.3,0,1,0,18,0,0,0,68,4,46,0,0,14,0
Jordan Chin,42150,WR,WASHINGTON,3,38.3,0,340,49.4,,57.3,0,0,0,0.0,0.0,,1,0,0,18,0,0,0,47,0,29,0,0,18,0
Brandon George,99759,LB,PITTSBURGH,3,94.7,0,268,61.1,73.2,60.4,0,0,2,66.7,66.7,100.0,0,0,0,18,0,0,0,19,2,3,0,0,16,0
Jack Powers,78114,WR,TCU,2,85.7,0,305,57.8,,61.1,0,0,0,0.0,0.0,,0,0,0,18,0,0,0,21,0,3,0,0,18,0
Bula Schmidt,97646,C,FRESNO ST,2,100.0,0,169,39.8,22.0,44.9,0,1,10,100.0,100.0,95.0,0,1,0,18,11,4,0,18,10,10,1,0,8,0
Taisun Phommachanh,99577,QB,CLEMSON,4,41.9,0,140,52.6,,60.0,0,0,0,0.0,0.0,,0,0,0,18,0,0,0,43,0,20,0,0,18,0
Calvin Tyler Jr.,52133,HB,OREGON ST,3,23.1,0,265,60.4,28.3,59.7,0,0,14,25.5,25.4,92.9,0,1,1,18,0,0,0,78,15,59,0,0,3,1
Katravis Marsh,123289,QB,USF,4,33.3,0,327,28.6,,60.0,0,0,0,0.0,0.0,,0,0,0,18,0,0,0,54,0,34,0,0,18,0
John Vardzel,77963,WR,PITTSBURGH,6,47.4,0,268,53.4,,58.7,0,0,0,0.0,0.0,,0,0,0,18,0,0,0,38,0,20,0,0,18,0
Bo Gross,104197,FB,AIR FORCE,4,66.7,0,101,72.5,77.4,50.7,0,0,4,100.0,100.0,100.0,0,0,0,18,0,0,0,27,5,5,0,0,13,0
Jordan Weeks,83585,QB,UTSA,2,31.6,0,331,45.2,,60.0,0,0,0,0.0,0.0,,0,0,0,18,0,0,0,57,0,39,0,0,18,0
Jared Sparks,40215,WR,PURDUE,3,27.7,0,273,56.8,,76.6,0,0,0,0.0,0.0,,0,0,0,18,0,0,0,65,0,47,0,0,18,0
Shaun Peterson Jr.,83662,HB,FIU,3,33.3,0,166,71.2,72.7,58.4,0,1,11,57.9,57.9,95.5,0,1,0,18,0,0,0,54,11,19,0,0,7,4
C'Bo Flemister,83730,HB,NOTRE DAME,9,18.8,0,258,83.3,83.8,67.9,0,0,14,45.2,42.4,100.0,1,0,0,18,0,0,0,96,14,33,0,0,4,0
Nofoafia Tulafono,128438,G,WYOMING,2,100.0,0,351,63.4,77.3,61.9,0,0,5,100.0,100.0,100.0,0,0,0,18,0,6,0,18,5,5,12,0,13,0
Keveon Mullins,99200,TE,S CAROLINA,5,34.0,0,289,62.5,,55.4,0,0,0,0.0,0.0,,0,0,0,18,0,0,0,53,0,35,0,0,18,19
Elelyon Noa,128394,HB,UTAH ST,5,21.2,0,329,58.1,16.3,57.2,0,1,13,26.5,30.8,96.2,0,1,0,18,0,0,0,85,16,52,0,0,2,0
Josh Blancato,62947,WR,GA TECH,6,64.3,0,176,57.5,,73.1,0,0,0,0.0,0.0,,0,0,0,18,0,0,0,28,0,10,0,0,18,0
Shawn Muldowney II,58463,C,AKRON,2,100.0,0,102,56.3,46.4,56.9,0,0,12,100.0,100.0,100.0,0,0,0,18,0,18,0,18,12,12,0,0,6,0
Keke Burns,98016,WR,SMU,5,52.9,0,287,56.5,,60.0,0,0,0,0.0,0.0,,0,0,0,18,0,0,0,34,0,16,0,0,18,0
Xavier Restrepo,122220,WR,MIAMI FL,5,62.1,0,220,63.9,,62.1,0,0,0,0.0,0.0,,0,0,0,18,0,0,0,29,0,11,0,0,18,0
Shelton Zeon III,84069,TE,UNLV,2,52.9,0,325,44.8,47.0,45.8,0,0,3,16.7,15.8,100.0,0,0,0,18,0,0,0,34,3,19,0,0,15,23
Onuma Dieke,128080,WR,UMASS,4,43.9,0,216,56.3,,44.5,0,0,0,0.0,0.0,,1,0,0,18,0,0,0,41,0,23,0,0,18,0
Chad Hickson,59946,G,N TEXAS,2,100.0,0,251,46.8,73.7,45.1,0,0,5,100.0,100.0,100.0,0,0,0,18,0,17,0,18,5,5,0,1,13,0
Chaz Neal,77325,T,FLORIDA ST,3,94.7,0,167,58.0,44.0,60.7,0,0,6,85.7,88.9,83.3,0,1,1,18,0,0,14,19,8,9,0,4,10,1
Rocko Griffin,124350,HB,VANDERBILT,8,22.2,0,333,58.4,0.0,58.3,0,3,6,20.0,18.8,75.0,0,3,0,18,0,0,0,81,6,32,0,0,12,0
Tayvian Cunningham,98658,WR,ARIZONA,4,20.2,0,109,69.1,,76.4,0,0,0,0.0,0.0,,0,0,0,18,0,0,0,89,0,71,0,0,18,1
Derrick Eason,76805,T,NC STATE,2,100.0,0,248,57.5,35.7,61.5,0,1,13,100.0,100.0,88.5,0,2,1,18,0,0,0,18,13,13,15,3,5,0
Amari Johnson,98551,WR,UCF,7,39.1,0,323,55.1,,61.0,0,0,0,0.0,0.0,,0,0,0,18,0,0,0,46,0,28,0,0,18,0
Caylin Newton,60402,WR,AUBURN,4,52.9,0,115,49.4,,30.4,0,0,0,0.0,0.0,,1,0,0,18,0,0,0,34,0,16,0,0,18,0
Tim Patrick Jr.,84481,WR,UTAH ST,3,47.4,0,329,64.8,,60.8,0,0,0,0.0,0.0,,0,0,0,18,0,0,0,38,0,20,0,0,18,0
Trevor Reid,122720,T,LOUISVILLE,4,100.0,0,210,57.4,79.5,53.0,0,0,7,100.0,100.0,100.0,0,0,0,18,0,0,16,18,7,7,0,0,11,0
Dejan Rasuo,84545,C,CHARLOTTE,5,100.0,0,136,59.6,70.9,59.1,0,0,1,100.0,100.0,100.0,0,0,0,18,17,1,0,18,1,1,0,0,17,0
Jevon Bigelow,75898,HB,FRESNO ST,4,32.7,0,169,68.1,84.0,58.6,0,0,12,33.3,31.6,100.0,0,0,0,18,0,0,0,55,12,38,0,0,6,2
Tylee Craft,122829,WR,N CAROLINA,4,90.0,0,245,58.5,,62.0,0,0,0,0.0,0.0,,0,0,0,18,0,0,0,20,0,2,0,0,18,0
Paul Maile,82512,C,UTAH,2,100.0,0,328,65.1,81.2,60.0,0,0,14,100.0,100.0,100.0,0,0,0,17,17,0,0,17,15,15,0,0,2,0
Tahj Brooks,123133,HB,TEXAS TECH,7,10.2,0,315,76.9,81.1,71.2,0,0,5,6.0,6.9,100.0,0,0,0,17,0,0,0,167,6,87,0,0,11,0
Deion Hair-Griffin,42213,WR,N TEXAS,5,60.7,0,251,48.6,,57.8,0,0,0,0.0,0.0,,0,0,0,17,0,0,0,28,0,11,0,0,17,0
Kyle Toole,123726,QB,TROY,1,89.5,0,318,56.6,,60.0,0,0,0,,,,0,0,0,17,0,0,0,19,0,0,0,0,17,0
TJ McDaniel,97299,HB,SMU,4,13.5,0,287,73.2,82.9,59.6,0,0,11,18.6,19.7,100.0,0,0,0,17,0,0,0,126,12,61,0,0,5,0
Seth Currens,42435,TE,MIAMI OH,3,81.0,0,221,51.7,,54.5,0,0,0,0.0,0.0,,0,0,0,17,0,0,0,21,0,4,0,0,17,17
Joe Davis,100590,HB,COLORADO,5,30.4,0,143,53.3,38.3,53.3,0,3,10,32.3,32.3,85.0,0,3,0,17,0,0,0,56,10,31,0,0,7,0
Ahmon Green,123857,TE,GA STATE,6,77.3,0,175,43.9,68.5,41.8,0,0,1,20.0,16.7,100.0,0,0,0,17,0,0,0,22,1,6,0,0,16,17
Ernesto Almaraz,90765,T,UTSA,2,100.0,0,331,62.1,80.5,59.7,0,0,5,100.0,100.0,100.0,0,0,0,17,13,0,0,17,5,5,0,4,12,0
Larry Wooden,55808,HB,UAB,4,47.2,0,321,60.3,67.0,58.1,0,1,8,72.7,75.0,93.7,0,1,0,17,0,0,0,36,9,12,0,0,8,0
Jesse Brown,40847,HB,NWESTERN,6,25.8,0,256,62.5,29.5,57.7,0,0,7,17.1,17.1,85.7,0,1,1,17,0,0,0,66,7,41,0,0,10,0
ZaQuandre White,57205,HB,S CAROLINA,5,36.2,0,289,57.4,23.8,74.5,0,1,4,22.2,22.2,87.5,0,1,0,17,0,0,0,47,4,18,0,0,13,1
Andrew Haidet,60399,QB,N ILLINOIS,4,58.6,0,254,64.3,,60.0,0,0,0,0.0,0.0,,0,0,0,17,0,0,0,29,0,8,0,0,17,0
Danny Dalton,40739,TE,BOSTON COL,5,77.3,0,121,53.0,54.1,54.4,0,1,3,37.5,37.5,83.3,0,1,0,17,0,0,0,22,3,8,0,0,14,18
Lawrence Arnold,122546,WR,KANSAS,4,20.0,0,198,56.0,,73.1,0,0,0,0.0,0.0,,1,0,0,17,0,0,0,85,0,68,0,0,17,0
Jaylen Warren,98692,HB,UTAH ST,3,17.3,0,329,74.9,70.9,59.0,0,0,11,22.4,23.1,90.9,0,1,1,17,0,0,0,98,12,52,0,0,5,0
Tate Rodemaker,122414,QB,FLORIDA ST,4,28.8,0,167,28.6,,60.0,0,0,0,0.0,0.0,,0,0,0,17,0,0,0,59,0,36,0,0,17,0
Jared Cole,128079,HB,UMASS,4,27.9,0,216,58.2,41.4,48.4,0,0,6,15.8,17.5,83.3,0,1,1,17,0,0,0,61,7,40,0,0,10,0
Stephen Lewerenz,77422,T,TULANE,2,100.0,0,319,64.1,70.4,63.3,0,0,1,100.0,100.0,100.0,0,0,0,17,0,17,0,17,2,2,0,0,15,0
Andrew Todd,77505,C,MIAMI OH,1,100.0,0,221,87.3,72.3,81.1,0,0,3,100.0,100.0,100.0,0,0,0,17,17,0,0,17,3,3,0,0,14,0
Sage Ennis,122147,TE,CLEMSON,4,65.4,0,140,42.9,68.9,55.7,0,0,3,25.0,25.0,100.0,0,0,0,17,0,0,0,26,3,12,0,0,14,18
Bubba Ogbebor,40340,WR,ARK STATE,8,29.8,0,113,66.9,63.8,61.6,0,0,0,0.0,2.4,,0,0,0,17,0,0,0,57,1,41,0,0,16,0
Josh Williams,99171,HB,LSU,4,29.8,0,211,60.5,39.8,59.1,0,0,9,34.6,33.3,100.0,0,0,0,17,0,0,0,57,9,27,0,0,8,0
Connor Killian,44930,TE,TEXAS TECH,3,65.4,0,315,56.0,65.2,64.9,0,0,1,10.0,10.0,100.0,0,0,0,17,0,0,0,26,1,10,0,0,16,22
Jett Duncan,121886,T,N TEXAS,1,100.0,0,251,51.3,73.8,48.9,0,0,5,100.0,100.0,100.0,0,0,0,17,0,0,17,17,5,5,0,0,12,0
Chase Hayden,57137,HB,E CAROLINA,2,36.2,0,156,56.5,49.9,55.0,0,1,12,46.2,48.1,95.8,0,1,0,17,0,0,0,47,13,27,0,0,4,0
Tahj Magee,78919,WR,LA TECH,5,39.5,0,208,54.5,,57.1,0,0,0,0.0,0.0,,0,0,0,17,0,0,0,43,0,26,0,0,17,1
Brent Matiscik,99517,TE,TCU,3,89.5,0,305,43.9,67.3,42.8,0,0,0,0.0,33.3,,0,0,0,17,0,0,0,19,1,3,0,0,16,13
Michael Ford Jr.,130408,T,BUFFALO,2,100.0,0,126,69.4,71.5,68.5,0,0,2,100.0,100.0,100.0,0,0,0,17,0,3,0,17,2,2,14,0,15,0
Ty Scott,78042,WR,C MICHIGAN,2,30.4,0,134,62.7,,69.3,0,0,0,0.0,0.0,,0,0,0,17,0,0,0,56,0,39,0,0,17,2
Ben Wooldridge,82115,QB,FRESNO ST,2,43.6,0,169,70.3,,60.1,0,0,0,0.0,0.0,,0,0,0,17,0,0,0,39,0,20,0,0,17,0
John Brunner,100791,G,N TEXAS,1,100.0,0,251,46.0,73.7,44.4,0,0,5,100.0,100.0,100.0,0,0,0,17,0,0,0,17,5,5,17,0,12,0
Ralph Frias III,81560,G,ARIZONA ST,2,100.0,0,110,72.7,66.7,71.0,0,0,1,100.0,100.0,100.0,0,0,0,17,0,0,13,17,1,1,0,3,16,0
Chris Evans,27303,HB,MICHIGAN,6,18.3,0,222,65.9,82.7,61.0,0,0,9,13.6,15.5,100.0,0,0,0,17,0,0,0,93,11,71,0,0,6,0
Woody Jean,131576,C,ARIZONA,2,100.0,0,109,43.8,17.7,57.1,1,1,14,100.0,100.0,92.9,0,2,0,17,0,0,16,17,14,14,0,0,3,0
Tyler Walton,78201,WR,OHIO,1,56.7,0,259,57.5,,60.7,0,0,0,0.0,0.0,,0,0,0,17,0,0,0,30,0,13,0,0,17,0
Davion Johnson,57295,HB,MIAMI OH,2,34.7,0,221,65.9,72.8,52.6,0,1,13,44.8,46.7,96.2,0,1,0,17,0,0,0,49,14,30,0,0,3,0
Andre Crump Jr.,101352,WR,S JOSE ST,4,37.0,0,285,53.5,,61.3,0,0,0,0.0,0.0,,0,0,0,17,0,0,0,46,0,29,0,0,17,0
Jadon Haselwood,97791,WR,OKLAHOMA,3,27.0,1,261,65.0,,81.6,0,0,0,0.0,0.0,,2,0,0,17,0,0,0,63,0,46,0,0,17,1
Charles Ross,97855,WR,NEVADA,9,30.9,0,239,62.3,,74.0,0,0,0,0.0,0.0,,1,0,0,17,0,0,0,55,0,38,0,0,17,0
Fabian McCray,97862,WR,N ILLINOIS,2,54.8,0,254,72.0,,59.7,0,0,0,0.0,0.0,,0,0,0,17,0,0,0,31,0,14,0,0,17,0
Jalyn Galmore,81918,C,UTSA,2,100.0,0,331,73.4,70.9,71.8,0,0,1,100.0,100.0,100.0,0,0,0,16,0,0,7,16,1,1,0,9,15,0
Stuart Kettler,98402,T,W MICHIGAN,1,100.0,0,347,74.7,58.3,74.3,0,1,3,100.0,100.0,83.3,0,1,0,16,0,0,16,16,4,4,0,0,12,0
Qualan Jones,97196,HB,BAYLOR,5,15.1,0,118,66.1,77.8,54.3,0,0,5,8.2,8.2,100.0,0,0,0,16,0,0,0,106,5,61,0,0,11,0
Nick DeJong,101590,T,IOWA,2,100.0,0,192,79.0,74.8,77.4,0,0,3,100.0,100.0,100.0,0,0,0,16,0,0,0,16,4,4,0,15,12,0
Sean Fitzgerald,59855,T,COAST CAR,3,100.0,0,141,70.7,74.8,68.3,0,0,4,100.0,100.0,100.0,0,0,0,16,7,8,0,16,4,4,1,0,12,0
Ja'Markis Weston,98826,WR,FLORIDA,2,42.1,0,163,58.7,,61.4,0,0,0,0.0,0.0,,0,0,0,16,0,0,0,38,0,22,0,0,16,0
Drake Carroll,78248,G,LA TECH,2,100.0,0,208,87.9,76.9,86.2,0,0,4,100.0,100.0,100.0,0,0,0,16,0,8,0,16,4,4,0,0,12,8
Kendall Milton,124031,HB,GEORGIA,7,23.2,0,173,70.1,21.1,57.9,1,1,6,27.3,32.0,83.3,0,2,0,16,0,0,0,69,8,25,0,0,8,0
Brendon Lewis,131687,QB,COLORADO,1,42.1,0,143,69.7,,60.0,0,0,0,0.0,0.0,,0,0,0,16,0,0,0,38,0,17,0,0,16,0
Kelvin Ateman,55362,T,TOLEDO,2,100.0,0,316,39.0,16.3,56.8,0,1,5,100.0,100.0,90.0,1,1,0,16,0,0,0,16,6,6,0,16,10,0
Robert Hudson,59758,T,IOWA STATE,3,100.0,0,193,69.7,75.5,69.0,0,0,4,100.0,100.0,100.0,0,0,0,16,0,0,0,16,4,4,14,0,12,2
Dom Shoffner,62788,QB,CHARLOTTE,4,36.4,0,136,75.1,,60.0,0,0,0,0.0,0.0,,1,0,0,16,0,0,0,44,0,7,0,0,16,0
Trevor Campbell,60241,G,W MICHIGAN,1,100.0,0,347,60.0,78.3,58.3,0,0,3,100.0,100.0,100.0,0,0,0,16,0,0,0,16,4,4,16,0,12,0
O'Shaan Allison,77801,HB,OHIO,3,35.6,0,259,63.8,83.4,57.6,0,0,10,45.5,43.5,100.0,0,0,0,16,0,0,0,45,10,23,0,0,6,0
A.J. Henning,129580,WR,MICHIGAN,6,26.2,0,222,63.2,,59.8,0,0,0,0.0,0.0,,0,0,0,16,0,0,0,61,0,42,0,0,16,0
George Holani,72154,HB,BOISE ST,3,24.6,0,120,78.1,80.0,67.5,0,0,8,22.2,21.6,100.0,0,0,0,16,0,0,0,65,8,37,0,0,8,1
Will Sheppard,124360,WR,VANDERBILT,5,45.7,0,333,63.8,,61.6,0,0,0,0.0,0.0,,0,0,0,16,0,0,0,35,0,19,0,0,16,0
James Harris II,77030,FB,NAVY,3,88.9,0,237,77.4,79.2,84.7,0,0,5,83.3,71.4,100.0,0,0,0,16,0,0,0,18,5,7,0,0,11,0
Cade Fennegan,128127,QB,BOISE ST,3,27.6,0,120,33.9,,60.0,0,0,0,0.0,0.0,,0,0,0,16,0,0,0,58,0,38,0,0,16,0
Will Edwards,105803,T,CLEMSON,3,100.0,0,140,64.7,80.8,59.3,0,0,10,100.0,100.0,100.0,0,0,0,16,0,0,16,16,10,10,0,0,6,0
T.Q. Jackson,99217,WR,SMU,2,42.1,0,287,51.2,,63.0,0,0,0,0.0,0.0,,0,0,0,16,0,0,0,38,0,22,0,0,16,0
Ben Brittain,125262,QB,AIR FORCE,2,69.6,0,101,56.0,,60.0,0,0,0,0.0,0.0,,0,0,0,16,0,0,0,23,0,2,0,0,16,0
Golden Eke,122633,WR,LA LAFAYET,3,55.2,0,207,49.4,,61.3,0,0,0,0.0,0.0,,0,0,0,16,0,0,0,29,0,13,0,0,16,0
Ja'Vontae Williams,123058,WR,SYRACUSE,4,69.6,0,304,56.0,,61.2,0,0,0,0.0,0.0,,0,0,0,16,0,0,0,23,0,7,0,0,16,0
Shayne Buckingham,102911,TE,ARMY,2,100.0,0,114,54.8,,54.1,0,0,0,,,,0,0,0,16,0,0,3,16,0,0,0,0,16,11
Tyler Stephens,98494,TE,BUFFALO,4,69.6,0,126,57.9,,74.8,0,0,0,0.0,0.0,,1,0,0,16,0,0,0,23,0,7,0,0,16,20
Ke'von Ahmad,78049,WR,UCF,2,88.9,0,323,56.8,,57.7,0,0,0,0.0,0.0,,0,0,0,16,0,0,0,18,0,2,0,0,16,0
Gary Bryant Jr.,131819,WR,USC,5,30.8,0,326,57.4,,31.4,0,0,0,0.0,0.0,,0,0,0,16,0,0,0,52,0,35,0,0,16,0
Jestus Johnson,132972,G,VIRGINIA,1,100.0,0,335,62.2,77.0,69.0,0,0,4,100.0,100.0,100.0,1,0,0,16,0,16,0,16,4,4,0,0,12,0
James Ohonba,84521,G,MICH STATE,3,100.0,1,223,64.8,81.1,72.4,0,0,9,100.0,100.0,100.0,1,0,0,16,0,0,0,16,9,9,16,0,7,0
Dakota Thomas,123467,WR,W KENTUCKY,2,31.4,0,346,74.4,,62.2,0,0,0,0.0,0.0,,0,0,0,16,0,0,0,51,0,35,0,0,16,0
Jordan Pouncey,61711,WR,FLORIDA,3,59.3,0,163,62.9,,59.8,0,0,0,0.0,0.0,,0,0,0,16,0,0,0,27,0,11,0,0,16,0
Randy Fields Jr.,78120,WR,W VIRGINIA,1,72.7,0,343,56.4,,62.6,0,0,0,0.0,0.0,,0,0,0,16,0,0,0,22,0,6,0,0,16,0
Drew Leszczynski,97613,WR,COAST CAR,3,76.2,0,141,55.9,,60.5,0,0,0,0.0,0.0,,0,0,0,16,0,0,0,21,0,5,0,0,16,0
Hunter Dekkers,122511,QB,IOWA STATE,3,55.6,0,193,83.7,,60.0,0,0,0,0.0,0.0,,0,0,0,15,0,0,0,27,0,8,0,0,15,0
Ygenio Booker,77711,HB,TULANE,4,60.0,0,319,63.8,67.5,58.4,0,0,0,0.0,50.0,,0,0,0,15,0,0,0,25,1,2,0,0,14,3
Edward Saydee,97300,HB,TEMPLE,4,32.6,0,306,58.6,49.0,58.9,0,1,10,45.5,45.5,95.0,0,1,0,15,0,0,0,46,10,22,0,0,5,0
Jaxson Kincaide,40415,HB,W MICHIGAN,5,19.5,0,347,73.6,63.7,47.3,0,0,6,17.6,18.4,100.0,0,0,0,15,0,0,0,77,7,38,0,0,8,0
Kealon Jackson,100879,WR,N TEXAS,1,65.2,0,251,81.4,,61.5,0,0,0,0.0,0.0,,0,0,0,15,0,0,0,23,0,8,0,0,15,0
Damien Alford,123029,WR,SYRACUSE,4,39.5,0,304,50.1,,61.7,0,0,0,0.0,0.0,,1,0,0,15,0,0,0,38,0,23,0,0,15,0
Mason Gallegos,101340,WR,WYOMING,2,100.0,0,351,68.2,,76.1,0,0,0,,,,0,0,0,15,0,0,0,15,0,0,0,0,15,0
Elijah Canion,123978,WR,AUBURN,2,51.7,0,115,79.6,,62.8,0,0,0,0.0,0.0,,1,0,0,15,0,0,0,29,0,14,0,0,15,0
JoJo Dorceus,56701,ED,MEMPHIS,7,88.2,0,218,78.1,,73.7,0,0,0,0.0,0.0,,0,0,0,15,0,0,0,17,0,1,0,0,15,5
Jamauri Wakefield,41185,HB,VANDERBILT,4,19.5,0,333,73.8,74.0,60.0,1,0,12,35.3,35.1,95.8,0,1,0,15,0,0,0,77,13,37,0,0,2,0
Carter Wood,81876,G,UAB,3,100.0,0,321,75.2,,72.3,0,0,0,,,,0,0,0,15,0,0,0,15,0,0,2,0,15,13
Tyler Falvey,78287,T,MIDDLE TN,2,100.0,0,224,42.8,29.6,43.2,0,1,6,100.0,100.0,91.7,1,1,0,15,0,9,0,15,7,7,6,0,8,0
Max Fisher,61516,WR,NC STATE,2,50.0,0,248,53.1,,57.0,0,0,0,0.0,0.0,,0,0,0,15,0,0,0,30,0,15,0,0,15,0
Thomas Reid III,61132,WR,ARIZONA,4,28.8,0,109,53.0,,76.6,0,0,0,0.0,0.0,,0,0,0,15,0,0,0,52,0,37,0,0,15,0
Elijah Robinson,131507,HB,AIR FORCE,2,44.1,0,101,82.6,70.0,56.8,0,0,1,100.0,100.0,100.0,1,0,0,15,0,0,0,34,1,1,0,0,14,0
Tyler Moore,101117,WR,MEMPHIS,2,68.2,0,218,48.3,,62.6,0,0,0,0.0,0.0,,0,0,0,15,0,0,0,22,0,7,0,0,15,0
Riley Locklear,62959,G,TENNESSEE,3,93.8,0,307,91.6,34.7,81.6,1,0,2,66.7,66.7,75.0,0,1,0,15,0,0,0,16,2,3,0,0,13,16
Daimarqua Foster,97186,HB,TCU,5,18.8,0,305,67.0,77.7,58.9,0,0,3,7.5,8.5,100.0,0,0,0,15,0,0,0,80,4,47,0,0,11,0
Luke Smith,102705,C,APP STATE,4,100.0,0,108,54.5,,55.5,0,0,0,,,,0,0,0,15,15,0,0,15,0,0,0,0,15,0
William Kakavitsas,99642,WR,VA TECH,3,83.3,0,337,56.8,,61.4,0,0,0,0.0,0.0,,0,0,0,15,0,0,0,18,0,3,0,0,15,0
Tyler Foster,98497,TE,OHIO,1,88.2,0,259,66.8,64.0,67.4,0,0,1,33.3,33.3,100.0,0,0,0,15,0,0,0,17,1,3,0,0,14,17
Mitch Griffis,123386,QB,WAKE,4,44.1,0,339,56.5,,60.0,0,0,0,0.0,0.0,,0,0,0,15,0,0,0,34,0,17,0,0,15,0
Finn Corwin,99547,WR,OKLAHOMA,1,44.1,0,261,69.2,,83.1,0,0,0,0.0,0.0,,0,0,0,15,0,0,0,34,0,19,0,0,15,0
Luke Wypler,129764,C,OHIO STATE,3,100.0,0,260,38.8,,43.8,0,0,0,,,,0,0,0,15,15,0,0,15,0,0,0,0,15,0
Kartik Akkihal,99528,WR,TEXAS,2,71.4,0,311,54.7,,60.6,0,0,0,0.0,0.0,,0,0,0,15,0,0,0,21,0,6,0,0,15,0
Wade Buckman,40750,TE,W MICHIGAN,3,93.8,0,347,56.3,,56.8,0,0,0,0.0,0.0,,0,0,0,15,0,0,0,16,0,1,0,0,15,15
Branson Taylor,123026,C,PITTSBURGH,3,100.0,0,268,47.7,79.0,43.9,0,0,5,100.0,100.0,100.0,0,0,0,15,0,0,0,15,5,5,0,0,10,15
J.T. Shrout,83562,QB,TENNESSEE,4,21.4,0,307,63.6,,60.0,0,0,0,0.0,0.0,,0,0,0,15,0,0,0,70,0,54,0,0,15,0
Jimmy Holiday,124281,WR,TENNESSEE,8,38.5,0,307,45.2,,57.2,0,0,0,0.0,0.0,,0,0,0,15,0,0,0,39,0,23,0,0,15,0
Moochie Dixon,123112,WR,TEXAS,3,48.4,0,311,72.3,,61.1,0,0,0,0.0,0.0,,0,0,0,15,0,0,0,31,0,16,0,0,15,0
Caqavouis Berryhill,101129,WR,USF,5,42.9,0,327,50.3,,44.4,0,0,0,0.0,0.0,,0,0,0,15,0,0,0,35,0,20,0,0,15,0
Paul Woods,84391,WR,RUTGERS,6,28.3,0,278,52.5,,44.6,0,0,0,0.0,0.0,,1,0,0,15,0,0,0,53,0,38,0,0,15,0
De'Von Achane,124305,HB,TEXAS A&M,8,14.7,0,312,91.2,28.3,57.3,0,2,6,12.8,12.5,83.3,0,2,0,15,0,0,0,102,6,48,0,0,9,0
Chris Brooks,83644,HB,CAL,3,24.2,0,130,65.1,71.2,60.0,0,0,11,30.6,31.6,100.0,0,0,0,15,0,0,0,62,12,38,0,0,3,0
Devon High,77867,HB,NAVY,4,62.5,0,237,66.5,66.8,55.5,0,0,1,14.3,12.5,100.0,0,0,0,15,0,0,0,24,1,8,0,0,14,17
Maximilian Mang,123048,TE,SYRACUSE,3,93.8,0,304,75.6,69.0,74.8,0,0,2,66.7,66.7,100.0,0,0,0,15,0,0,0,16,2,3,0,0,13,14
Grant Treiber,99444,T,IOWA STATE,2,100.0,0,193,59.3,67.4,58.5,0,0,1,100.0,100.0,100.0,0,0,0,15,0,0,15,15,1,1,0,0,14,0
Kevin Austin Jr.,84345,WR,NOTRE DAME,2,60.0,0,258,58.9,,60.8,0,0,0,0.0,0.0,,0,0,0,15,0,0,0,25,0,10,0,0,15,0
Dalrone Donaldson,123559,WR,CINCINNATI,3,83.3,0,138,61.7,,72.6,0,0,0,0.0,0.0,,0,0,0,15,0,0,0,18,0,3,0,0,15,0
Andrew Eisenson,60113,C,TEMPLE,4,100.0,0,306,65.1,75.8,63.3,0,0,5,100.0,100.0,100.0,0,0,0,15,4,0,0,15,5,5,11,0,10,0
Mason Richman,129479,T,IOWA,2,100.0,0,192,35.7,0.0,52.6,1,1,3,100.0,100.0,66.7,0,2,0,15,0,15,0,15,4,4,0,0,11,0
Tyler Elsbury,129466,T,IOWA,2,100.0,0,192,55.3,75.9,53.6,0,0,3,100.0,100.0,100.0,0,0,0,15,0,0,0,15,4,4,15,0,11,0
Isaiah Azubuike,97297,HB,ARK STATE,6,26.8,0,113,61.3,52.8,,1,0,14,37.8,39.5,96.4,0,1,0,15,0,0,0,56,15,38,0,0,0,0
Jaycob Horn,121973,WR,TEXAS ST,4,46.9,0,314,56.5,,45.2,0,0,0,0.0,0.0,,0,0,0,15,0,0,0,32,0,17,0,0,15,0
George Sell,123401,G,WAKE,2,100.0,0,339,56.4,77.1,53.8,0,0,6,100.0,100.0,100.0,0,0,0,15,0,15,0,15,7,7,0,0,8,0
Lee Witherspoon,99166,HB,MISS STATE,8,20.5,0,227,67.1,77.4,59.3,0,0,3,5.8,5.5,100.0,0,0,0,15,0,0,0,73,3,55,0,0,12,0
Kobe Pace,122155,HB,CLEMSON,6,29.4,0,140,65.7,28.4,59.2,1,1,9,34.6,37.0,88.9,0,2,0,15,0,0,0,51,10,27,0,0,5,0
Mac Dalena,128174,WR,FRESNO ST,6,40.5,0,169,73.7,,62.8,0,0,0,0.0,0.0,,0,0,0,15,0,0,0,37,0,22,0,0,15,0
Nicky Dalmolin,122369,TE,DUKE,5,53.6,0,154,76.2,,60.9,0,0,0,0.0,0.0,,0,0,0,15,0,0,0,28,0,13,0,0,15,0
Damani Burrell,83279,TE,LA LAFAYET,2,70.0,0,207,52.0,65.9,50.2,0,0,1,14.3,14.3,100.0,0,0,0,14,0,0,0,20,1,7,0,0,13,17
Payten Singletary,123580,TE,CINCINNATI,4,93.3,0,138,65.3,,66.6,0,0,0,0.0,0.0,,0,0,0,14,0,0,0,15,0,1,0,0,14,12
Daniel Jackson,122519,WR,IOWA STATE,4,38.9,0,193,65.0,,60.1,0,0,0,0.0,0.0,,0,0,0,14,0,0,0,36,0,22,0,0,14,0
Brannon Brown,99412,C,TCU,2,100.0,0,305,59.2,69.1,58.9,0,0,1,100.0,100.0,100.0,0,0,0,14,14,0,0,14,1,1,0,0,13,0
Daniel Carter,99572,HB,PITTSBURGH,9,26.9,1,268,58.4,14.8,63.5,0,0,5,18.5,17.9,80.0,2,1,1,14,0,0,0,52,5,28,0,0,9,0
Braydon Bennett,122318,HB,COAST CAR,3,70.0,0,141,61.7,70.7,57.2,0,0,2,100.0,100.0,100.0,0,0,0,14,0,0,0,20,2,2,0,0,12,0
Taji Johnson,123542,WR,BOSTON COL,5,38.9,0,121,48.1,,57.3,0,0,0,0.0,0.0,,1,0,0,14,0,0,0,36,0,22,0,0,14,1
Michael Nichols,123094,T,TCU,2,100.0,0,305,66.5,68.1,65.3,0,0,1,100.0,100.0,100.0,0,0,0,14,0,0,0,14,1,1,0,14,13,0
Quadry Jones,77640,QB,UCF,2,73.7,0,323,75.0,,60.0,0,0,0,0.0,0.0,,0,0,0,14,0,0,0,19,0,2,0,0,14,0
Garrett Hayes,123079,T,TCU,2,100.0,0,305,76.5,69.8,75.5,0,0,1,100.0,100.0,100.0,0,0,0,14,0,0,0,14,1,1,14,0,13,0
Jaelen Bush,52132,G,OREGON ST,5,100.0,0,265,53.2,64.8,53.9,0,0,1,100.0,100.0,100.0,0,0,0,14,0,0,0,14,1,1,0,0,13,14
Gunnar Oakes,60885,TE,E MICHIGAN,4,77.8,0,160,68.9,66.6,53.3,0,0,2,33.3,33.3,100.0,0,0,0,14,0,0,0,18,2,6,0,0,12,18
Gage Blackston,58482,G,APP STATE,2,100.0,0,108,74.1,,73.0,0,0,0,,,,0,0,0,14,0,0,0,14,0,0,14,0,14,0
Micah Bernard,100583,HB,UTAH,5,20.9,0,328,70.7,27.2,58.2,0,0,5,12.2,17.8,100.0,0,0,0,14,0,0,0,67,8,45,0,0,6,0
Clay Markoff,57095,HB,WASH STATE,2,70.0,0,341,61.5,50.1,59.8,0,0,10,90.9,91.7,100.0,0,0,0,14,0,0,0,20,11,12,0,0,3,0
Malik McGowan,122842,G,N CAROLINA,4,100.0,0,245,72.2,72.9,71.5,0,0,3,100.0,100.0,100.0,0,0,0,14,0,14,0,14,3,3,0,0,11,0
Boogie Knight,78211,HB,AKRON,6,13.3,0,102,59.3,57.5,,0,2,13,21.0,21.2,92.3,0,2,0,14,0,0,0,105,14,66,0,0,0,0
Sean McGrew,40698,HB,WASHINGTON,4,16.3,0,340,75.3,77.6,57.4,0,0,3,10.0,12.5,100.0,0,0,0,14,0,0,0,86,4,32,0,0,10,0
Chad Johnson Jr.,131615,WR,ARIZONA ST,1,87.5,0,110,53.5,,70.7,0,0,0,0.0,0.0,,1,0,0,14,0,0,0,16,0,2,0,0,14,0
JD Spielman,39935,WR,TCU,3,20.3,0,305,62.5,,77.2,0,0,0,0.0,0.0,,1,0,0,14,0,0,0,69,0,51,0,0,14,1
Jaxon Hughes,98504,T,CHARLOTTE,2,100.0,0,136,73.1,,71.6,0,0,0,,,,0,0,0,14,0,0,14,14,0,0,0,0,14,0
Jacob Hopper,121421,TE,S ALABAMA,3,53.8,0,288,43.1,39.4,46.0,0,0,2,15.4,14.3,50.0,0,1,1,14,0,0,0,26,2,14,0,0,12,25
Josh McCulloch,81832,G,S ALABAMA,1,100.0,0,288,49.3,27.3,59.5,0,2,12,100.0,100.0,83.3,0,3,1,14,0,0,0,14,12,12,0,14,2,0
Rashod Owens,122979,WR,OKLA STATE,4,66.7,0,262,66.1,,61.2,0,0,0,0.0,0.0,,0,0,0,14,0,0,0,21,0,7,0,0,14,0
Eli Acker,124121,C,OLE MISS,1,100.0,0,226,64.8,70.4,63.3,0,0,3,100.0,100.0,100.0,0,0,0,14,0,0,0,14,4,4,0,14,10,0
David Ellis,101663,HB,INDIANA,5,18.7,0,190,62.2,76.0,60.5,0,0,2,4.4,4.3,100.0,0,0,0,14,0,0,0,75,2,47,0,0,12,2
Josh McConnell,127636,TE,AIR FORCE,4,100.0,0,101,52.4,,50.6,0,0,0,,,,0,0,0,14,0,0,0,14,0,0,0,0,14,10
Justin Barron,123032,S,SYRACUSE,5,56.0,0,304,55.6,,61.7,0,0,0,0.0,0.0,,0,0,0,14,0,0,0,25,0,11,0,0,14,0
Jacob Gideon,72705,C,W MICHIGAN,1,100.0,0,347,57.5,76.6,56.4,0,0,3,100.0,100.0,100.0,0,0,0,14,12,2,0,14,4,4,0,0,10,0
Emmett Davis,60471,WR,NAVY,3,93.3,0,237,59.7,,60.3,0,0,0,0.0,0.0,,0,0,0,14,0,0,0,15,0,1,0,0,14,0
Charlie Jones,55038,WR,IOWA,6,43.8,0,192,66.2,,77.2,0,0,0,0.0,0.0,,0,0,0,14,0,0,0,32,0,16,0,0,14,0
Charles Finley,123417,TE,W VIRGINIA,2,58.3,0,343,55.9,74.7,56.8,0,0,3,23.1,23.1,100.0,0,0,0,14,0,0,0,24,3,13,0,0,11,16
Ronnie Stevenson,78132,WR,TEMPLE,3,35.9,0,306,50.6,,43.8,0,0,0,0.0,0.0,,0,0,0,14,0,0,0,39,0,25,0,0,14,0
Alex Wilson,61629,TE,S DIEGO ST,4,93.3,0,284,54.9,,55.1,0,0,0,0.0,0.0,,1,0,0,14,0,0,0,15,0,1,0,0,14,12
Gage Welborn,84546,T,CHARLOTTE,2,100.0,0,136,63.1,,62.6,0,0,0,,,,0,0,0,14,0,0,0,14,0,0,14,0,14,0
Austin Erickson,128261,WR,NEW MEXICO,1,66.7,0,241,57.8,,61.8,0,0,0,0.0,0.0,,0,0,0,14,0,0,0,21,0,7,0,0,14,0
Derek Thomas,75760,ED,HAWAII,2,93.3,0,180,56.6,68.7,55.0,0,0,2,66.7,66.7,100.0,0,0,0,14,0,0,0,15,2,3,0,0,12,6
Shedrick Rhodes Jr.,130602,G,OHIO,1,100.0,0,259,58.7,39.3,59.2,0,1,3,100.0,100.0,83.3,0,1,0,14,0,0,0,14,3,3,14,0,11,0
Hamilton Hall,81738,G,OLE MISS,2,100.0,0,226,61.1,71.3,59.8,0,0,2,100.0,100.0,100.0,0,0,0,14,0,0,13,14,3,3,0,0,11,0
Spencer Lovell,81559,T,ARIZONA ST,2,100.0,0,110,63.9,68.0,63.2,0,0,1,100.0,100.0,100.0,0,0,0,14,0,0,0,14,1,1,13,0,13,0
Quincy Patterson II,77626,QB,VA TECH,3,35.0,0,337,71.5,,60.0,0,0,0,0.0,0.0,,0,0,0,14,0,0,0,40,0,10,0,0,14,0
Justin Jeffery,84525,WR,CHARLOTTE,4,56.0,0,136,51.2,,43.4,0,0,0,0.0,0.0,,0,0,0,14,0,0,0,25,0,11,0,0,14,0
Bryce Williams,83708,HB,MINNESOTA,3,45.2,0,225,62.5,33.0,71.7,0,1,6,33.3,36.8,91.7,0,1,0,14,0,0,0,31,7,19,0,0,7,0
TJ Sheffield,101741,WR,PURDUE,6,29.2,0,273,57.8,,73.1,0,0,0,0.0,0.0,,0,0,0,14,0,0,0,48,0,34,0,0,14,0
Matt Smith,98287,TE,DUKE,5,66.7,0,154,44.0,37.0,35.6,0,1,5,45.5,41.7,90.0,0,1,0,14,0,0,0,21,5,12,0,0,9,5
Tip Reiman,129423,TE,ILLINOIS,3,87.5,0,187,59.6,,60.8,0,0,0,0.0,0.0,,0,0,0,14,0,0,0,16,0,2,0,0,14,7
Chaese Jackson,77690,QB,E MICHIGAN,4,28.6,0,160,54.8,,78.8,0,0,0,0.0,0.0,,0,0,0,14,0,0,0,49,0,35,0,0,14,0
Ivory Kelly-Martin,57244,HB,IOWA,6,30.4,0,192,66.0,57.0,89.9,0,0,5,21.7,20.8,100.0,0,0,0,14,0,0,0,46,5,24,0,0,9,0
Ryan Thompson,78065,WR,TULANE,4,72.2,0,319,56.6,,56.9,0,0,0,0.0,0.0,,0,0,0,13,0,0,0,18,0,5,0,0,13,0
Joey Beljan,100863,TE,W KENTUCKY,5,100.0,0,346,64.5,,64.2,0,0,0,,,,0,0,0,13,0,0,0,13,0,0,0,0,13,9
Jeremiah Batiste,130509,WR,MIAMI OH,2,92.9,0,221,59.7,,60.3,0,0,0,0.0,0.0,,0,0,0,13,0,0,0,14,0,1,0,0,13,1
Robert French,75920,TE,RICE,5,18.8,0,275,60.3,,89.8,0,0,0,0.0,0.0,,0,0,0,13,0,0,0,69,0,56,0,0,13,5
Jalen Harrison,99647,WR,VIRGINIA,4,72.2,1,335,50.4,,41.6,0,0,0,0.0,0.0,,1,0,0,13,0,0,0,18,0,5,0,0,13,0
Ryan Davis,97321,WR,UAB,7,54.2,0,321,83.5,,61.1,0,0,0,0.0,0.0,,0,0,0,13,0,0,0,24,0,11,0,0,13,0
Jackson Manning,128093,TE,UMASS,3,59.1,0,216,40.3,34.9,38.3,0,1,1,11.1,10.0,50.0,0,1,0,13,0,0,0,22,1,10,0,0,12,13
Malcolm Johnson Jr.,124402,WR,AUBURN,2,81.3,0,115,57.6,,62.2,0,0,0,0.0,0.0,,0,0,0,13,0,0,0,16,0,3,0,0,13,0
Jayle Stacks,131695,FB,COLORADO,3,100.0,0,143,66.1,,69.9,0,0,0,,,,0,0,0,13,0,0,0,13,0,0,0,0,13,0
Cam Roberson,98736,HB,UMASS,4,25.5,0,216,52.3,72.4,67.4,0,0,2,7.1,7.1,100.0,0,0,0,13,0,0,0,51,2,28,0,0,11,0
Joe Ludwig,82522,TE,UTAH,5,81.3,0,328,57.0,71.6,56.4,0,0,1,25.0,25.0,100.0,0,0,0,13,0,0,0,16,1,4,0,0,12,0
Brendon Clark,102869,QB,NOTRE DAME,1,72.2,0,258,57.1,,60.0,0,0,0,0.0,0.0,,0,0,0,13,0,0,0,18,0,4,0,0,13,0
Davis Beville,99588,QB,PITTSBURGH,6,46.4,0,268,62.4,,60.0,0,0,0,0.0,0.0,,0,0,0,13,0,0,0,28,0,14,0,0,13,0
Sean Horton,102918,WR,APP STATE,1,100.0,0,108,60.3,,59.9,0,0,0,,,,0,0,0,13,0,0,0,13,0,0,0,0,13,0
Moses Okpala,98521,G,ILLINOIS,2,100.0,0,187,58.2,27.5,59.8,1,0,2,100.0,100.0,75.0,0,1,0,13,0,0,0,13,2,2,0,13,11,0
Trenton Bourguet,97285,QB,ARIZONA ST,1,76.5,0,110,37.6,,60.0,0,0,0,0.0,0.0,,0,0,0,13,0,0,0,17,0,2,0,0,13,0
Austin Conrad,52194,WR,RICE,4,76.5,0,275,55.8,,56.9,0,0,0,0.0,0.0,,0,0,0,13,0,0,0,17,0,4,0,0,13,0
Joshua Youngblood,99552,WR,KANSAS ST,2,54.2,0,199,53.7,,59.8,0,0,0,0.0,0.0,,0,0,0,13,0,0,0,24,0,10,0,0,13,0
Jaheim Bell,124225,TE,S CAROLINA,4,54.2,0,289,65.3,65.5,61.2,0,0,1,8.3,8.3,100.0,0,0,0,13,0,0,0,24,1,12,0,0,12,15
Malik Rodgers,101138,WR,TULSA,5,21.0,0,320,60.5,,55.5,0,0,0,0.0,0.0,,0,0,0,13,0,0,0,62,0,48,0,0,13,0
Chandler Morris,122938,QB,OKLAHOMA,5,56.5,0,261,83.9,,60.0,0,0,0,0.0,0.0,,0,0,0,13,0,0,0,23,0,8,0,0,13,0
Damon Ward Jr.,100880,WR,N TEXAS,2,56.5,0,251,53.7,,61.7,0,0,0,0.0,0.0,,0,0,0,13,0,0,0,23,0,10,0,0,13,0
Mikele Colasurdo,123851,QB,GA STATE,4,81.3,0,175,48.5,,60.0,0,0,0,0.0,0.0,,0,0,0,13,0,0,0,16,0,3,0,0,13,0
Jarrett Bell,81554,C,ARIZONA ST,1,100.0,0,110,77.6,68.1,74.1,0,0,1,100.0,100.0,100.0,0,0,0,13,13,0,0,13,1,1,0,0,12,0
Peter Hennigan,122241,TE,APP STATE,1,86.7,0,108,45.9,,44.3,0,0,0,0.0,0.0,,0,0,0,13,0,0,0,15,0,2,0,0,13,1
Carlos Carriere,61413,WR,MARYLAND,4,28.3,0,215,64.5,,62.0,0,0,0,0.0,0.0,,0,0,0,13,0,0,0,46,0,33,0,0,13,0
Herman McCray IV,83975,TE,GA STATE,1,100.0,0,175,58.8,,58.2,0,0,0,,,,1,0,0,13,0,0,0,13,0,0,0,0,13,7
Jack Buford,99090,T,MISSOURI,1,100.0,0,229,58.1,74.3,56.7,0,0,4,100.0,100.0,100.0,0,0,0,13,0,0,0,13,4,4,11,0,9,0
Drew Rutledge,97457,WR,GA SOUTHRN,1,86.7,0,174,58.4,,61.6,0,0,0,0.0,0.0,,0,0,0,13,0,0,0,15,0,2,0,0,13,0
Deven Langston,100882,WR,N TEXAS,4,54.2,0,251,54.7,,62.1,0,0,0,0.0,0.0,,0,0,0,13,0,0,0,24,0,11,0,0,13,0
Brevyn Jones,99098,G,ILLINOIS,2,100.0,0,187,33.1,70.3,32.4,0,0,2,100.0,100.0,100.0,0,0,0,13,0,0,13,13,2,2,0,0,11,0
Terry Lockett Jr.,129625,WR,MICH STATE,4,43.3,0,223,48.3,,61.2,0,0,0,0.0,0.0,,0,0,0,13,0,0,0,30,0,17,0,0,13,0
Corey Reed Jr.,61395,WR,LOUISVILLE,1,65.0,0,210,48.5,,56.2,0,0,0,0.0,0.0,,0,0,0,13,0,0,0,20,0,7,0,0,13,0
Nick Kargman,98022,QB,W MICHIGAN,1,76.5,0,347,51.0,,60.0,0,0,0,0.0,0.0,,0,0,0,13,0,0,0,17,0,4,0,0,13,0
Kylin Hill,57306,HB,MISS STATE,3,10.1,0,227,69.6,42.2,60.0,0,0,12,10.8,10.7,100.0,0,0,0,13,0,0,0,129,12,112,0,0,1,0
Jalen White,122464,HB,GA SOUTHRN,5,38.2,0,174,69.1,,73.6,0,0,0,0.0,0.0,,0,0,0,13,0,0,0,34,0,1,0,0,13,0
Kylar Cooks,81866,T,TEXAS ST,7,92.9,0,314,55.6,,57.1,0,0,0,0.0,0.0,,0,0,0,13,0,0,0,14,0,1,0,11,13,2
Josh Plohr,101561,G,ILLINOIS,2,100.0,0,187,72.5,70.8,71.6,0,0,2,100.0,100.0,100.0,0,0,0,13,0,13,0,13,2,2,0,0,11,0
Michael Denson,101024,T,MEMPHIS,4,100.0,0,218,69.4,76.4,67.3,0,0,3,100.0,100.0,100.0,0,0,0,13,0,0,1,13,3,3,0,11,10,1
Quintavius Workman,100895,WR,UTEP,4,52.0,0,330,53.7,,61.3,0,0,0,0.0,0.0,,0,0,0,13,0,0,0,25,0,12,0,0,13,0
LaBronz Davis,100202,QB,BOWL GREEN,2,86.7,0,122,27.6,,60.0,0,0,0,0.0,0.0,,0,0,0,13,0,0,0,15,0,2,0,0,13,0
JuTahn McClain,124071,HB,KENTUCKY,6,33.3,0,202,68.5,57.6,58.2,0,0,5,33.3,33.3,80.0,0,1,1,13,0,0,0,39,5,15,0,0,8,0
Ben Bray,131605,T,ARIZONA ST,1,100.0,0,110,55.7,68.0,55.2,0,0,1,100.0,100.0,100.0,0,0,0,13,0,13,0,13,1,1,0,0,12,0
Dalvin Smith,98019,TE,W KENTUCKY,5,33.3,0,346,67.7,,52.2,0,0,0,0.0,0.0,,0,0,0,13,0,0,0,39,0,26,0,0,13,20
Goran Jovanovic,55444,C,WAKE,2,100.0,0,339,22.3,0.0,25.9,0,0,5,100.0,100.0,100.0,0,0,0,13,10,0,0,13,6,6,3,0,7,0
Xavier Watts,122914,WR,NOTRE DAME,1,81.3,0,258,66.4,,88.3,0,0,0,0.0,0.0,,0,0,0,13,0,0,0,16,0,3,0,0,13,0
Kendric Blake Jr.,97861,WR,CHARLOTTE,5,72.2,0,136,49.5,,62.5,0,0,0,0.0,0.0,,1,0,0,13,0,0,0,18,0,5,0,0,13,0
Miller Mosley,64159,QB,GA SOUTHRN,3,28.3,0,174,47.1,,60.0,0,0,0,0.0,0.0,,0,0,0,13,0,0,0,46,0,19,0,0,13,0
Johnathan Lewis,60520,TE,RUTGERS,5,76.5,0,278,58.3,66.0,65.9,0,0,2,40.0,33.3,100.0,0,0,0,13,0,0,0,17,2,6,0,0,11,12
Marlon Martinez,124102,T,LSU,3,100.0,0,211,61.6,71.3,60.7,0,0,1,100.0,100.0,100.0,0,0,0,13,4,8,0,13,1,1,1,0,12,0
Ryan Graham,98618,HB,ARK STATE,8,18.2,0,113,59.5,25.9,59.4,1,2,9,27.3,27.8,83.3,0,3,0,12,0,0,0,66,10,36,0,0,2,0
Israel Abanikanda,122999,HB,PITTSBURGH,7,17.1,0,268,66.0,21.7,59.6,0,0,8,23.5,25.6,100.0,1,0,0,12,0,0,0,70,10,39,0,0,2,0
Thaiu Jones-Bell,123921,WR,ALABAMA,3,75.0,0,103,47.9,,59.8,0,0,0,0.0,0.0,,0,0,0,12,0,0,0,16,0,4,0,0,12,0
Mike Fallon,75881,QB,UMASS,1,42.9,0,216,80.2,,60.0,0,0,0,0.0,0.0,,0,0,0,12,0,0,0,28,0,16,0,0,12,0
Terrance Gipson,97413,QB,SMU,4,54.5,0,287,45.7,,60.0,0,0,0,0.0,0.0,,0,0,0,12,0,0,0,22,0,5,0,0,12,0
Elijah Lamptey,98399,T,KENT STATE,1,100.0,1,201,62.8,74.3,72.4,0,0,2,100.0,100.0,100.0,1,0,0,12,0,0,12,12,2,2,0,0,10,0
Alex Padilla,86285,QB,IOWA,2,66.7,0,192,69.2,,60.0,0,0,0,0.0,0.0,,0,0,0,12,0,0,0,18,0,4,0,0,12,0
Calvin Jackson Jr.,84508,WR,WASH STATE,1,30.0,0,341,48.1,,61.6,0,0,0,0.0,0.0,,0,0,0,12,0,0,0,40,0,28,0,0,12,0
Cole Watts,98523,T,NEVADA,3,100.0,0,239,54.2,74.0,50.7,0,0,3,100.0,100.0,100.0,0,0,0,12,0,0,0,12,3,3,0,12,9,0
Chris Maloney,76868,ED,PITTSBURGH,1,92.3,0,268,54.0,,53.2,0,0,0,0.0,0.0,,0,0,0,12,0,0,0,13,0,1,0,0,12,0
Ryan Montgomery,101063,HB,CINCINNATI,7,25.5,0,138,66.9,76.3,64.3,0,0,5,21.7,20.0,100.0,0,0,0,12,0,0,0,47,5,25,0,0,7,0
Jaiave Magalei,98673,QB,LA LAFAYET,1,63.2,0,207,66.0,,60.0,0,0,0,0.0,0.0,,1,0,0,12,0,0,0,19,0,5,0,0,12,0
CJ McNeal,127622,TE,AIR FORCE,3,48.0,0,101,71.7,,65.0,0,0,0,0.0,0.0,,0,0,0,12,0,0,0,25,0,8,0,0,12,7
Bryan Robinson,122413,WR,FLORIDA ST,3,21.1,0,167,53.4,,83.3,0,0,0,0.0,0.0,,0,0,0,12,0,0,0,57,0,45,0,0,12,0
Colin Grunhard,59979,T,NOTRE DAME,2,100.0,0,258,52.3,,53.7,0,0,0,,,,0,0,0,12,12,0,0,12,0,0,0,0,12,0
Aidan Rafferty,81677,T,INDIANA,1,100.0,0,190,69.6,76.2,67.8,0,0,2,100.0,100.0,100.0,0,0,0,12,0,0,7,12,2,2,0,5,10,0
Jamaal Bell,128222,WR,NEVADA,9,31.6,0,239,61.7,,58.6,0,0,0,0.0,0.0,,0,0,0,12,0,0,0,38,0,25,0,0,12,0
Preston Engel,81673,G,ILLINOIS,3,100.0,0,187,63.0,0.0,69.0,0,0,1,100.0,100.0,100.0,0,0,0,12,8,0,0,12,1,1,0,0,11,0
T.J. DeShields,77700,QB,AKRON,2,37.5,0,102,28.2,,60.0,0,0,0,0.0,0.0,,0,0,0,12,0,0,0,32,0,20,0,0,12,0
Bryn Tucker,122161,G,CLEMSON,3,100.0,0,140,56.2,79.5,52.7,0,0,8,100.0,100.0,100.0,0,0,0,12,0,12,0,12,8,8,0,0,4,0
Brian Maurer,99123,QB,TENNESSEE,4,50.0,0,307,51.6,,60.0,0,0,0,0.0,0.0,,0,0,0,12,0,0,0,24,0,10,0,0,12,0
Doug Brumfield,128348,QB,UNLV,2,25.5,0,325,69.3,,60.0,0,0,0,0.0,0.0,,0,0,0,12,0,0,0,47,0,29,0,0,12,0
Kaden DeLuna,83943,TE,BOISE ST,4,100.0,0,120,63.1,,62.4,0,0,0,,,,0,0,0,12,0,0,0,12,0,0,0,0,12,11
Kelan Walker,77749,HB,HOUSTON,5,25.5,0,182,72.7,76.8,58.6,0,0,4,25.0,23.5,100.0,0,0,0,12,0,0,0,47,4,17,0,0,8,0
Conner Griffin,121806,G,MIDDLE TN,2,100.0,0,224,54.9,29.5,57.5,0,0,6,100.0,100.0,100.0,0,0,0,12,0,2,0,12,7,7,10,0,5,0
Reggie Love III,129418,HB,ILLINOIS,4,30.0,0,187,55.3,21.3,58.4,0,2,5,22.7,21.7,80.0,0,2,0,12,0,0,0,40,5,23,0,0,7,0
DJ Glaze,129511,C,MARYLAND,1,100.0,0,215,61.8,77.7,58.2,0,0,6,100.0,100.0,100.0,0,0,0,12,0,0,12,12,6,6,0,0,6,0
A.J. Davis,121485,WR,UAB,5,54.5,0,321,47.3,,59.4,0,0,0,0.0,0.0,,0,0,0,12,0,0,0,22,0,10,0,0,12,0
Lance LeGendre,97779,QB,MARYLAND,3,35.3,0,215,63.1,,60.0,0,0,0,0.0,0.0,,0,0,0,12,0,0,0,34,0,17,0,0,12,0
Trey Hamilton,81757,G,NEVADA,3,100.0,0,239,64.7,75.1,62.8,0,0,3,100.0,100.0,100.0,0,0,0,12,0,5,6,12,3,3,1,0,9,0
Jonah White,99496,HB,BAYLOR,2,21.1,0,118,69.5,67.8,60.7,0,1,8,17.4,20.0,93.7,0,1,0,12,0,0,0,57,10,50,0,0,2,0
Konner Fox,99520,TE,KANSAS ST,6,33.3,0,199,43.3,,51.8,0,0,0,0.0,0.0,,1,0,0,12,0,0,0,36,0,24,0,0,12,27
Leroy Deshazor,102938,WR,ARK STATE,6,25.5,0,113,56.4,,61.1,0,0,0,0.0,0.0,,0,0,0,12,0,0,0,47,0,35,0,0,12,0
Jacob Mahoney,100746,FB,MIDDLE TN,3,92.3,0,224,65.9,70.0,66.4,0,0,4,80.0,80.0,100.0,0,0,0,12,0,0,0,13,4,5,0,0,8,6
Knox Kadum,99578,QB,VA TECH,1,50.0,0,337,60.1,,60.0,0,0,0,0.0,0.0,,0,0,0,12,0,0,0,24,0,7,0,0,12,0
Avery Reece,97824,C,GA STATE,4,100.0,0,175,60.9,75.7,59.6,0,0,3,100.0,100.0,100.0,0,0,0,12,8,2,0,12,3,3,0,0,9,0
Jaren Mangham,97773,HB,COLORADO,4,22.2,0,143,64.3,80.6,58.8,0,0,2,10.0,17.4,100.0,0,0,0,12,0,0,0,54,4,23,0,0,8,0
Stephan Bracey Jr.,101718,WR,WISCONSIN,2,36.4,0,349,57.0,,57.4,0,0,0,0.0,0.0,,0,0,0,12,0,0,0,33,0,20,0,0,12,0
Todd Sibley Jr.,57382,HB,PITTSBURGH,6,30.0,0,268,72.2,7.0,76.2,1,0,4,21.1,21.1,87.5,0,1,0,12,0,0,0,40,4,19,0,0,8,1
Caden Leggett,78151,WR,TEXAS TECH,5,31.6,0,315,57.6,,61.2,0,0,0,0.0,0.0,,0,0,0,12,0,0,0,38,0,26,0,0,12,0
Javaughn Williams,78159,WR,KENT STATE,2,57.1,0,201,71.9,,61.0,0,0,0,0.0,0.0,,0,0,0,12,0,0,0,21,0,9,0,0,12,0
Griffin Moore,101677,TE,ILLINOIS,2,85.7,0,187,58.0,,58.8,0,0,0,0.0,0.0,,0,0,0,12,0,0,0,14,0,2,0,0,12,2
Cody Lamb,55083,G,CINCINNATI,2,100.0,0,138,61.8,71.3,61.1,0,0,1,100.0,100.0,100.0,0,0,0,12,0,12,0,12,1,1,0,0,11,0
Jalil Irvin,81588,T,AUBURN,2,100.0,0,115,50.9,74.1,50.9,0,0,3,100.0,100.0,100.0,0,0,0,12,11,0,0,12,3,3,1,0,9,0
Javan Hawes,55091,WR,ARK STATE,6,35.3,0,113,44.3,63.8,62.4,0,0,0,0.0,4.3,,0,0,0,12,0,0,0,34,1,23,0,0,11,0
Alain Schaerer,100244,G,BUFFALO,3,100.0,0,126,67.9,,67.2,0,0,0,,,,0,0,0,12,0,0,2,12,0,0,0,10,12,0
Kyle Back,55400,G,UCF,3,100.0,0,323,62.5,,61.7,0,0,0,,,,0,0,0,12,12,0,0,12,0,0,0,0,12,0
Jacob Likes,101023,T,MEMPHIS,3,100.0,0,218,45.2,72.2,46.9,0,0,2,100.0,100.0,100.0,0,0,0,12,11,0,0,12,2,2,0,0,10,1
Troy Fautanu,100521,G,WASHINGTON,1,100.0,0,340,75.9,74.4,75.1,0,0,3,100.0,100.0,100.0,0,0,0,12,0,1,10,12,4,4,0,0,8,0
LaTrell Bumphus,62977,ED,TENNESSEE,4,100.0,0,307,55.0,60.5,53.8,0,0,1,100.0,100.0,100.0,0,0,0,12,0,0,0,12,1,1,0,0,11,0
Altrique Barlow,123061,G,TCU,2,100.0,0,305,68.4,69.8,67.5,0,0,1,100.0,100.0,100.0,0,0,0,12,0,12,0,12,1,1,0,0,11,0
Paul Rubelt,123761,T,UCF,3,100.0,0,323,50.2,,50.3,0,0,0,,,,0,0,0,12,0,0,12,12,0,0,0,0,12,0
Mark Petry,123053,T,SYRACUSE,3,100.0,0,304,48.1,74.6,45.5,0,0,3,100.0,100.0,100.0,0,0,0,12,0,0,0,12,3,3,0,12,9,0
Christian Hunter,97202,HB,COLO STATE,2,34.3,0,144,63.8,63.6,58.6,0,1,8,34.8,34.8,93.7,0,1,0,12,0,0,0,35,8,23,0,0,4,0
Brandon Frazier,123985,TE,AUBURN,5,36.7,0,115,58.2,,77.4,0,0,0,0.0,0.0,,0,0,0,11,0,0,0,30,0,19,0,0,11,11
Seth McLaughlin,123927,G,ALABAMA,2,100.0,0,103,90.7,,85.3,0,0,0,,,,0,0,0,11,11,0,0,11,0,0,0,0,11,0
Griffin Sestili,60112,G,TEMPLE,2,100.0,0,306,69.0,72.4,67.1,0,0,4,100.0,100.0,100.0,0,0,0,11,11,0,0,11,4,4,0,0,7,0
Zach Marsh Wojan,123752,TE,UCF,4,100.0,0,323,58.0,,57.3,0,0,0,,,,0,0,0,11,0,0,0,11,0,0,0,0,11,7
Wyatt Tunall,99646,T,N CAROLINA,3,100.0,0,245,46.8,67.3,46.2,0,0,1,100.0,100.0,100.0,0,0,0,11,0,6,4,11,1,1,0,1,10,0
Bryce Schulte,83986,TE,IOWA,2,73.3,0,192,58.8,,61.8,0,0,0,0.0,0.0,,0,0,0,11,0,0,0,15,0,4,0,0,11,14
Isaiah Jacobs,129518,HB,MARYLAND,4,20.4,0,215,62.2,60.6,67.0,1,0,5,17.9,20.0,90.0,0,1,0,11,0,0,0,54,6,30,0,0,5,0
Garrett Greene,123420,QB,W VIRGINIA,2,52.4,0,343,71.8,,60.0,0,0,0,0.0,0.0,,0,0,0,11,0,0,0,21,0,5,0,0,11,0
Xavier Williams,57263,HB,KENT STATE,4,20.0,0,201,91.4,77.6,70.4,0,0,4,22.2,23.8,100.0,1,0,0,11,0,0,0,55,5,21,0,0,6,0
Tanner McGee,98215,QB,S ALABAMA,2,42.3,0,288,77.0,,60.0,0,0,0,0.0,0.0,,0,0,0,11,0,0,0,26,0,13,0,0,11,0
Raymond James,55993,WR,KENT STATE,2,55.0,1,201,40.5,,61.6,0,0,0,0.0,0.0,,1,0,0,11,0,0,0,20,0,9,0,0,11,0
Gavin Cupp,40825,G,OHIO STATE,1,100.0,0,260,56.9,67.3,56.4,0,0,1,100.0,100.0,100.0,0,0,0,11,0,0,0,11,1,1,11,0,10,0
Jack Keenan,123782,T,VIRGINIA,1,100.0,0,335,72.0,84.1,69.2,0,0,4,100.0,100.0,100.0,0,0,0,11,0,0,11,11,5,5,0,0,6,0
Logan Parr,123125,G,TEXAS,2,100.0,0,311,63.7,70.9,63.0,0,0,0,,100.0,,0,0,0,11,0,11,0,11,1,1,0,0,10,0
Zamar Wise,128106,WR,UMASS,2,42.3,0,216,62.1,,61.8,0,0,0,0.0,0.0,,0,0,0,11,0,0,0,26,0,15,0,0,11,0
Josh Sterzer,128399,TE,UTAH ST,2,84.6,0,329,70.6,66.0,72.4,0,0,1,33.3,33.3,100.0,0,0,0,11,0,0,1,13,1,3,0,2,10,9
Mike Wright Jr.,124366,QB,VANDERBILT,5,30.6,0,333,45.2,,60.0,0,0,0,0.0,0.0,,0,0,0,11,0,0,0,36,0,11,0,0,11,0
Jack Green,121418,C,S ALABAMA,2,100.0,0,288,76.3,74.2,73.4,0,0,2,100.0,100.0,100.0,0,0,0,11,11,0,0,11,2,2,0,0,9,0
Gavin Beerup,128404,QB,WYOMING,3,36.7,0,351,28.8,,60.0,0,0,0,0.0,0.0,,0,0,0,11,0,0,0,30,0,17,0,0,11,0
Joey Hobert,131934,WR,WASH STATE,4,26.2,0,341,61.0,,60.6,0,0,0,0.0,0.0,,0,0,0,11,0,0,0,42,0,31,0,0,11,0
Caleb Spurlin,44410,DI,APP STATE,8,84.6,1,108,85.6,,86.1,0,0,0,0.0,0.0,,2,0,0,11,0,0,0,13,0,2,0,0,11,0
Darrian Felix,57377,HB,USF,3,23.9,0,327,65.6,58.6,60.0,0,1,8,25.8,26.5,93.7,0,1,0,11,0,0,0,46,9,34,0,0,2,0
Julius Buelow,100523,C,WASHINGTON,1,100.0,0,340,65.4,72.1,64.5,0,0,3,100.0,100.0,100.0,0,0,0,11,0,0,0,11,3,3,10,0,8,0
Nathan Edwards,41470,T,NEVADA,2,100.0,0,239,25.3,73.0,28.1,0,0,3,100.0,100.0,100.0,1,0,0,11,11,0,0,11,3,3,0,0,8,0
Kamaar Bell,99073,T,AUBURN,1,100.0,0,115,48.8,72.5,47.8,0,0,2,100.0,100.0,100.0,0,0,0,11,0,11,0,11,2,2,0,0,9,0
Nate Kalepo,100522,G,WASHINGTON,1,100.0,0,340,61.9,72.1,60.9,0,0,3,100.0,100.0,100.0,0,0,0,11,0,10,0,11,3,3,0,0,8,0
Max May,78024,WR,CLEMSON,5,45.8,0,140,55.6,,61.5,0,0,0,0.0,0.0,,0,0,0,11,0,0,0,24,0,13,0,0,11,0
Bradrick Shaw,35088,HB,CAL,3,44.0,0,130,65.0,81.0,60.0,0,0,7,77.8,70.0,100.0,0,0,0,11,0,0,0,25,7,10,0,0,4,0
Lucious Stanley,57439,HB,UAB,8,21.2,0,321,74.5,68.1,60.0,0,0,6,22.2,30.0,100.0,0,0,0,11,0,0,0,52,9,30,0,0,2,0
Willie Erdman,40681,WR,TEMPLE,6,42.3,0,306,54.1,,54.8,0,0,0,0.0,0.0,,0,0,0,11,0,0,0,26,0,15,0,0,11,0
Sean Atkins,101127,WR,USF,4,45.8,0,327,62.8,,59.2,0,0,0,0.0,0.0,,0,0,0,11,0,0,0,24,0,13,0,0,11,0
Stephon Robinson Jr.,78136,WR,KANSAS,3,52.4,0,198,78.7,,60.7,0,0,0,0.0,0.0,,0,0,0,11,0,0,0,21,0,10,0,0,11,0
Alec Kritta,101739,WR,IOWA,2,73.3,0,192,82.4,,61.4,0,0,0,0.0,0.0,,0,0,0,11,0,0,0,15,0,4,0,0,11,0
Leak Bryant,77936,TE,UAB,4,84.6,0,321,58.3,,60.0,0,0,0,0.0,0.0,,0,0,0,11,0,0,0,13,0,2,0,0,11,10
Pierce Quick,99062,G,ALABAMA,3,100.0,0,103,62.4,68.8,70.7,0,0,1,100.0,100.0,100.0,1,0,0,11,0,3,0,11,1,1,8,0,10,0
Chris Miller,99696,TE,GA TECH,2,91.7,0,176,60.1,,61.5,0,0,0,0.0,0.0,,0,0,0,11,0,0,0,12,0,1,0,0,11,0
Nathaniel Beal III,132973,WR,VIRGINIA,2,78.6,0,335,57.1,,60.8,0,0,0,0.0,0.0,,0,0,0,11,0,0,0,14,0,3,0,0,11,0
Ryan Jackovic,102945,WR,ARMY,3,91.7,0,114,54.6,,49.0,0,0,0,0.0,0.0,,0,0,0,11,0,0,0,12,0,1,0,0,11,0
Alex Lines,128361,TE,UNLV,3,73.3,0,325,52.7,76.9,53.8,0,0,2,33.3,33.3,100.0,0,0,0,11,0,0,0,15,2,6,0,0,9,11
Terion Stewart,130386,HB,BOWL GREEN,3,15.1,0,122,84.3,53.9,62.3,1,0,4,14.3,13.8,87.5,0,1,0,11,0,0,0,73,4,29,0,0,7,0
Nick Storz,124113,TE,LSU,3,100.0,0,211,59.3,17.7,68.5,0,0,1,100.0,100.0,100.0,0,0,0,11,0,0,0,11,1,1,0,0,10,11
Jackson Anthrop,41338,WR,PURDUE,4,18.0,0,273,51.2,,59.1,0,0,0,0.0,0.0,,0,0,0,11,0,0,0,61,0,50,0,0,11,0
Tate Johnson,123992,C,AUBURN,1,100.0,0,115,66.4,72.5,65.6,0,0,2,100.0,100.0,100.0,0,0,0,11,0,0,0,11,2,2,11,0,9,0
Marcelo Mendiola,101017,T,CINCINNATI,1,100.0,0,138,82.0,71.3,80.9,0,0,1,100.0,100.0,100.0,0,0,0,11,0,0,0,11,1,1,11,0,10,0
Joe Tippmann,101568,G,WISCONSIN,1,100.0,0,349,88.2,,87.0,0,0,0,,,,0,0,0,11,0,0,0,11,0,0,11,0,11,0
Chris Noble,81875,T,UAB,2,100.0,0,321,65.3,71.9,77.1,0,0,3,100.0,100.0,100.0,1,0,0,11,0,0,0,11,3,3,0,11,8,0
Turner Pallissard,82521,FB,IOWA,4,91.7,0,192,59.6,75.4,57.2,0,0,3,75.0,75.0,100.0,0,0,0,11,0,0,0,12,3,4,0,0,8,0
Brett Seither,98371,TE,GEORGIA,3,68.8,0,173,59.2,,61.5,0,0,0,0.0,0.0,,0,0,0,11,0,0,0,16,0,5,0,0,11,8
William Brown,77645,QB,SMU,2,91.7,1,287,47.5,,61.2,0,0,0,0.0,0.0,,1,0,0,11,0,0,0,12,0,1,0,0,11,0
Chidoziri Maghiro,77409,C,UCF,2,100.0,0,323,64.4,,63.8,0,0,0,,,,0,0,0,11,0,7,0,11,0,0,4,0,11,0
C.J. Jones,57426,HB,W KENTUCKY,4,23.3,0,346,85.4,80.9,59.6,0,0,8,42.1,40.0,100.0,0,0,0,10,0,0,0,43,8,20,0,0,2,0
Jackson Ritter,101736,WR,IOWA,1,71.4,0,192,56.7,,58.5,0,0,0,0.0,0.0,,0,0,0,10,0,0,0,14,0,4,0,0,10,0
Cameron Darling,98436,TE,LA MONROE,2,71.4,0,209,77.3,34.9,69.8,0,0,2,33.3,33.3,100.0,0,0,0,10,0,0,0,14,2,6,0,0,8,13
Cesar Reyes,123292,T,USF,2,100.0,0,327,56.1,76.8,52.0,0,0,7,100.0,100.0,100.0,0,0,0,10,0,1,0,10,7,7,0,9,3,0
Matthew Smith,84513,WR,W KENTUCKY,3,90.9,0,346,59.3,,61.7,0,0,0,0.0,0.0,,0,0,0,10,0,0,0,11,0,1,0,0,10,0
Leif Engstrand,98527,G,N ILLINOIS,3,100.0,0,254,62.7,78.1,59.5,0,0,4,100.0,100.0,100.0,0,0,0,10,0,0,8,10,6,6,0,0,4,0
Deonte Sheffield,57203,HB,FLORIDA ST,4,71.4,0,167,58.2,58.9,59.2,0,1,7,70.0,70.0,92.9,0,1,0,10,0,0,0,14,7,10,0,0,3,0
Cooper Shults,131724,TE,OREGON,2,90.9,0,264,58.3,67.9,58.5,0,0,3,75.0,75.0,100.0,0,0,0,10,0,0,0,11,3,4,0,0,7,11
Brady Cook,124199,QB,MISSOURI,3,50.0,0,229,57.9,,60.0,0,0,0,0.0,0.0,,0,0,0,10,0,0,0,20,0,8,0,0,10,0
Jonah Brewster,98514,C,LA TECH,4,100.0,0,208,58.0,74.1,56.7,0,0,4,100.0,100.0,100.0,0,0,0,10,0,0,0,10,4,4,10,0,6,0
Jacob Golden,101248,G,BOISE ST,2,100.0,0,120,56.0,,55.8,0,0,0,,,,0,0,0,10,0,0,0,10,0,0,3,0,10,7
Chance Luper,124210,WR,MISSOURI,3,47.6,0,229,68.3,,60.5,0,0,0,0.0,0.0,,0,0,0,10,0,0,0,21,0,11,0,0,10,0
Matthew McDuffie,101034,G,USF,2,100.0,0,327,61.7,77.2,59.6,0,0,7,100.0,100.0,100.0,0,0,0,10,0,9,1,10,7,7,0,0,3,0
Tyrek Presley,97856,WR,TULANE,1,100.0,0,319,60.3,,60.1,0,0,0,,,,0,0,0,10,0,0,0,10,0,0,0,0,10,0
Reese Moore,77540,T,TEXAS,1,100.0,0,311,51.8,71.9,50.4,0,0,0,,100.0,,0,0,0,10,0,0,10,10,1,1,0,0,9,0
Sackett Wood Jr.,132974,TE,VIRGINIA,2,76.9,0,335,42.3,,39.5,0,0,0,0.0,0.0,,0,0,0,10,0,0,0,13,0,3,0,0,10,11
Zack Kuntz,84084,TE,PENN STATE,4,76.9,0,266,57.3,,58.3,0,0,0,0.0,0.0,,0,0,0,10,0,0,0,13,0,3,0,0,10,8
Rondarius Gregory,97071,HB,N ILLINOIS,2,25.0,0,254,53.5,39.6,,0,1,9,37.5,34.5,94.4,0,1,0,10,0,0,0,40,10,29,0,0,0,0
Tyson Riley,121605,FB,ARMY,3,43.5,0,114,72.8,71.6,61.9,0,0,2,100.0,100.0,100.0,0,0,0,10,0,0,0,23,2,2,0,0,8,0
Joe Spivak,56783,DI,NWESTERN,6,76.9,0,256,60.2,,60.8,0,0,0,0.0,0.0,,0,0,0,10,0,0,0,13,0,3,0,0,10,0
Nathaniel Jones,128265,HB,NEW MEXICO,6,14.7,0,241,69.2,10.4,53.6,0,1,6,42.9,42.9,91.7,0,1,0,10,0,0,0,68,6,14,0,0,4,0
Patrick Davis,60105,G,SYRACUSE,1,100.0,0,304,47.8,0.0,56.5,0,0,5,100.0,100.0,100.0,0,0,0,10,0,2,0,10,5,5,8,0,5,0
Seth Meador,133207,TE,AIR FORCE,1,76.9,0,101,67.5,,77.7,0,0,0,0.0,0.0,,0,0,0,10,0,0,0,13,0,3,0,0,10,8
Tyrell Smith,46331,G,VA TECH,3,100.0,0,337,82.1,,82.0,0,0,0,,,,0,0,0,10,0,0,9,10,0,0,0,0,10,0
Josh Farr,122011,WR,UTEP,2,40.0,0,330,51.6,,60.6,0,0,0,0.0,0.0,,1,0,0,10,0,0,0,25,0,15,0,0,10,0
Stephen Gosnell,122834,WR,N CAROLINA,3,100.0,0,245,60.0,,59.4,0,0,0,,,,0,0,0,10,0,0,0,10,0,0,0,0,10,0
Parker Rickert,61330,WR,IOWA STATE,1,90.9,0,193,59.6,,62.0,0,0,0,0.0,0.0,,0,0,0,10,0,0,0,11,0,1,0,0,10,0
Cameron Hite,98029,TE,WAKE,3,90.9,0,339,54.3,67.3,55.0,0,0,1,50.0,50.0,100.0,0,0,0,10,0,0,0,11,1,2,0,0,9,11
Danny Vanden Boom,60612,QB,WISCONSIN,1,90.9,0,349,61.7,,60.0,0,0,0,,,,0,0,0,10,0,0,0,11,0,0,0,0,10,0
Jadon Walker,52029,WR,COLO STATE,1,50.0,0,144,54.7,,61.2,0,0,0,0.0,0.0,,0,0,0,10,0,0,0,20,0,10,0,0,10,0
Matteo Mele,81929,T,WASHINGTON,1,100.0,0,340,57.1,72.9,56.3,0,0,3,100.0,100.0,100.0,0,0,0,10,10,0,0,10,3,3,0,0,7,0
Lawrence Papillon,98620,HB,MARSHALL,3,40.0,0,214,57.6,13.4,60.6,0,0,1,20.0,16.7,0.0,0,1,1,10,0,0,0,25,1,6,0,0,9,0
Ronald Folkes,98238,G,GA STATE,3,100.0,0,175,71.2,76.1,69.6,0,0,3,100.0,100.0,100.0,0,0,0,10,0,0,0,10,3,3,0,10,7,0
Jalen John,131577,HB,ARIZONA,2,32.3,0,109,61.9,24.3,,0,2,10,37.0,37.0,90.0,0,2,0,10,0,0,0,31,10,27,0,0,0,0
Brett Slusher,55997,WR,KENTUCKY,5,100.0,0,202,60.8,,61.0,0,0,0,,,,0,0,0,10,0,0,0,10,0,0,0,0,10,0
Will Derrick,105790,WR,LA MONROE,3,62.5,0,209,54.1,,60.2,0,0,0,0.0,0.0,,0,0,0,10,0,0,0,16,0,6,0,0,10,0
Chance Carroll,122826,T,N CAROLINA,3,100.0,0,245,58.6,71.6,57.9,0,0,2,100.0,100.0,100.0,0,0,0,10,8,0,0,10,2,2,2,0,8,0
Gregory Clayton Jr.,123302,WR,UTSA,2,100.0,0,331,61.1,,61.9,0,0,0,,,,0,0,0,10,0,0,0,10,0,0,0,0,10,0
Luca Diamont,122370,QB,DUKE,1,31.3,0,154,46.4,,60.0,0,0,0,0.0,0.0,,0,0,0,10,0,0,0,32,0,11,0,0,10,0
King Doerue,97192,HB,PURDUE,4,16.7,0,273,65.5,79.3,58.8,0,0,7,17.9,17.5,100.0,1,0,0,10,0,0,0,60,7,40,0,0,3,0
Branson Hickman,121928,C,SMU,2,100.0,0,287,52.7,68.0,53.5,0,0,1,100.0,100.0,100.0,0,0,0,10,10,0,0,10,1,1,0,0,9,0
Cade McDonald,101725,WR,MICH STATE,5,40.0,0,223,54.3,,60.8,0,0,0,0.0,0.0,,0,0,0,10,0,0,0,25,0,15,0,0,10,0
Victor Stoffel,98528,G,TEMPLE,2,100.0,0,306,61.0,72.6,59.4,0,0,3,100.0,100.0,100.0,0,0,0,9,0,0,9,9,3,3,0,0,6,0
Jack Randolph,98063,G,W KENTUCKY,2,100.0,0,346,85.3,69.8,84.2,0,0,1,100.0,100.0,100.0,0,0,0,9,0,0,0,9,1,1,9,0,8,0
Uriah Greene,123283,G,USF,1,100.0,0,327,61.5,76.2,59.7,0,0,6,100.0,100.0,100.0,0,0,0,9,0,0,0,9,6,6,9,0,3,0
Ryan Kisselstein,77349,C,SYRACUSE,2,100.0,0,304,39.2,,42.1,0,0,0,,,,0,0,0,9,9,0,0,9,0,0,0,0,9,0
Isaiah Johnson,121892,HB,N TEXAS,3,29.0,0,251,68.3,78.1,60.0,0,0,7,58.3,58.3,100.0,0,0,0,9,0,0,0,31,7,12,0,0,2,0
Rashad Green,123217,C,TULANE,2,100.0,0,319,60.4,73.5,59.3,0,0,2,100.0,100.0,100.0,0,0,0,9,0,6,0,9,3,3,3,0,6,0
Finn Dirstine,77342,C,BOSTON COL,2,100.0,0,121,68.8,,68.1,0,0,0,,,,0,0,0,9,0,0,0,9,0,0,9,0,9,0
Richard Newton,83799,HB,WASHINGTON,2,22.5,0,340,63.9,17.6,59.6,0,2,4,33.3,33.3,75.0,0,2,0,9,0,0,0,40,4,12,0,0,5,0
Courtney Reese,101297,HB,UNLV,5,17.0,0,325,66.7,74.5,58.6,0,0,3,8.3,8.1,100.0,0,0,0,9,0,0,0,53,3,37,0,0,6,0
Hudson Card,123109,QB,TEXAS,2,52.9,0,311,61.4,,60.0,0,0,0,0.0,0.0,,0,0,0,9,0,0,0,17,0,5,0,0,9,0
Bryce Effner,81801,G,PENN STATE,1,100.0,0,266,66.4,,65.7,0,0,0,,,,0,0,0,9,0,0,0,9,0,0,0,9,9,0
Brackston Alford,121752,T,MEMPHIS,2,100.0,0,218,68.5,0.0,74.5,0,0,2,100.0,100.0,100.0,0,0,0,9,0,8,0,9,2,2,0,0,7,1
Preston Bacon,97869,WR,NWESTERN,3,100.0,0,256,60.5,,60.6,0,0,0,,,,0,0,0,9,0,0,0,9,0,0,0,0,9,0
Peny Boone,129498,HB,MARYLAND,4,15.0,0,215,64.2,66.3,73.0,0,0,7,20.0,18.4,100.0,0,0,0,9,0,0,0,60,7,38,0,0,2,0
Dewayne McBride,121495,HB,UAB,6,12.5,0,321,93.5,21.9,60.0,1,0,8,36.4,33.3,93.7,1,1,0,9,0,0,0,72,8,24,0,0,1,0
T.J. Hammonds,41365,WR,ARKANSAS,8,16.1,0,111,66.1,,61.6,0,0,0,0.0,0.0,,0,0,0,9,0,0,0,56,0,34,0,0,9,1
Darion Williamson,122425,WR,FLORIDA ST,2,47.4,0,167,49.1,,59.3,0,0,0,0.0,0.0,,0,0,0,9,0,0,0,19,0,10,0,0,9,0
Lloyd Willis,122426,G,FLORIDA ST,1,100.0,0,167,45.6,0.0,59.0,0,0,3,100.0,100.0,100.0,0,0,0,9,0,0,9,9,3,3,0,0,6,0
Shauntavis Vardaman,100795,G,UAB,2,100.0,0,321,65.7,,64.7,0,0,0,,,,0,0,0,9,0,0,4,9,0,0,0,0,9,5
Kason Martin,83531,QB,N TEXAS,2,60.0,0,251,61.4,,60.0,0,0,0,0.0,0.0,,0,0,0,9,0,0,0,15,0,6,0,0,9,0
Taylor Compton,61779,WR,UTAH ST,4,26.5,0,329,54.7,,60.8,0,0,0,0.0,0.0,,0,0,0,9,0,0,0,34,0,25,0,0,9,0
Jake McCurry,56059,WR,MICHIGAN,3,90.0,0,222,58.8,,61.2,0,0,0,0.0,0.0,,0,0,0,9,0,0,0,10,0,1,0,0,9,0
Dalen Cambre,102933,WR,LA LAFAYET,5,40.9,0,207,59.6,,56.2,0,0,0,0.0,0.0,,0,0,0,9,0,0,0,22,0,13,0,0,9,0
Kerby Joseph,83239,S,ILLINOIS,3,75.0,0,187,63.8,,77.1,0,0,0,0.0,0.0,,0,0,0,9,0,0,0,12,0,3,0,0,9,0
JD Head,122677,QB,LA TECH,2,34.6,0,208,54.2,,60.0,0,0,0,0.0,0.0,,0,0,0,9,0,0,0,26,0,17,0,0,9,0
Jack Nelson,129927,G,WISCONSIN,2,100.0,0,349,58.2,,57.7,0,0,0,,,,0,0,0,9,0,0,0,9,0,0,0,9,9,0
Wes Dorsey,98513,C,W KENTUCKY,2,100.0,0,346,62.6,69.9,61.6,0,0,1,100.0,100.0,100.0,0,0,0,9,0,0,9,9,1,1,0,0,8,0
Darius Lewis,97170,WR,GA SOUTHRN,5,50.0,0,174,69.4,,59.1,0,0,0,0.0,0.0,,0,0,0,9,0,0,0,18,0,8,0,0,9,0
Marquis Whitmire,130321,WR,AKRON,4,60.0,0,102,56.7,,61.5,0,0,0,0.0,0.0,,0,0,0,9,0,0,0,15,0,6,0,0,9,0
James Sosinski,36380,TE,KANSAS,4,47.4,0,198,63.6,,55.1,0,0,0,0.0,0.0,,0,0,0,9,0,0,0,19,0,10,0,0,9,6
Bradley Archer,100623,TE,STANFORD,3,90.0,0,300,59.3,,59.1,0,0,0,0.0,0.0,,0,0,0,9,0,0,0,10,0,1,0,0,9,9
Carson Shaffer,102828,G,ARMY,2,100.0,0,114,52.7,,52.7,0,0,0,,,,0,0,0,9,0,0,0,9,0,0,9,0,9,0
Craig McFarland,102812,G,APP STATE,2,100.0,0,108,57.4,,57.2,0,0,0,,,,0,0,0,9,0,0,0,9,0,0,9,0,9,0
Ira Armstead,123767,QB,VIRGINIA,4,27.3,0,335,73.7,,71.9,0,0,0,0.0,0.0,,0,0,0,9,0,0,0,33,0,16,0,0,9,1
DJ Thomas-Jones,124154,TE,OLE MISS,5,69.2,0,226,59.6,,62.5,0,0,0,0.0,0.0,,0,0,0,9,0,0,0,13,0,4,0,1,9,5
Brock Parry,123290,C,USF,1,100.0,0,327,61.5,75.0,59.7,0,0,6,100.0,100.0,100.0,0,0,0,9,9,0,0,9,6,6,0,0,3,0
Dustin Fletcher,130553,QB,N ILLINOIS,3,36.0,0,254,57.6,,60.0,0,0,0,0.0,0.0,,0,0,0,9,0,0,0,25,0,1,0,0,9,0
Milan Tucker,102655,WR,APP STATE,4,56.3,0,108,63.2,,60.1,0,0,0,0.0,0.0,,1,0,0,9,0,0,0,16,0,5,0,0,9,0
Josh Kosciol,99670,T,SYRACUSE,2,100.0,0,304,51.6,,51.7,0,0,0,,,,0,0,0,9,0,9,0,9,0,0,0,0,9,0
DK Billingsley,57432,HB,TROY,6,14.1,0,318,67.9,61.6,57.2,0,0,4,13.8,12.9,100.0,0,0,0,9,0,0,0,64,4,31,0,0,5,0
Ivan Vaughn,53876,FB,MARSHALL,2,100.0,0,214,60.1,,59.7,0,0,0,,,,0,0,0,9,0,0,0,9,0,0,0,0,9,9
Anthony Sambucci,130663,WR,W MICHIGAN,3,69.2,0,347,56.7,,60.5,0,0,0,0.0,0.0,,0,0,0,9,0,0,0,13,0,4,0,0,9,0
Jeremy Jones,98414,T,TULSA,1,100.0,0,320,59.8,0.0,69.4,1,0,3,100.0,100.0,83.3,0,1,0,9,0,0,0,9,3,3,0,9,6,0
Moss Saccomanno,84551,TE,CHARLOTTE,2,100.0,0,136,71.1,,71.1,0,0,0,,,,0,0,0,9,0,0,0,9,0,0,0,0,9,8
Sergio Muasau,86114,G,HAWAII,4,100.0,0,180,71.8,46.5,73.6,0,0,2,100.0,100.0,100.0,0,0,0,9,0,0,0,9,2,2,0,0,7,8
Chandler Fields,97286,QB,LA LAFAYET,2,56.3,0,207,48.3,,60.0,0,0,0,0.0,0.0,,0,0,0,9,0,0,0,16,0,7,0,0,9,0
Alex Adams,124085,WR,LSU,1,75.0,0,211,58.6,,60.8,0,0,0,0.0,0.0,,0,0,0,9,0,0,0,12,0,3,0,0,9,0
Trevon Raymore,100208,HB,BOWL GREEN,3,18.4,0,122,74.6,13.6,68.2,0,2,5,26.3,25.0,80.0,0,2,0,9,0,0,0,49,5,20,0,0,4,0
Anthony Smith,122885,WR,NC STATE,6,27.3,1,248,60.3,,55.1,0,0,0,0.0,0.0,,1,0,0,9,0,0,0,33,0,24,0,0,9,0
Garth Barclay,123031,G,SYRACUSE,2,100.0,0,304,59.0,,58.6,0,0,0,,,,0,0,0,9,0,0,9,9,0,0,0,0,9,0
Tayon Fleet-Davis,57290,HB,MARYLAND,1,26.5,0,215,56.8,72.0,50.7,0,0,2,12.5,11.8,100.0,0,0,0,9,0,0,0,34,2,17,0,0,7,0
Vincent Murphy,99046,G,S CAROLINA,2,100.0,0,289,65.5,,64.6,0,0,0,,,,0,0,0,9,3,5,0,9,0,0,1,0,9,0
Cameron Rising,77663,QB,UTAH,1,56.3,0,328,41.0,,60.0,0,0,0,0.0,0.0,,0,0,0,9,0,0,0,16,0,7,0,0,9,0
Jace Ruder,77680,QB,N CAROLINA,3,56.3,0,245,29.6,,60.0,0,0,0,0.0,0.0,,0,0,0,9,0,0,0,16,0,4,0,0,9,0
Peace Addo,77574,T,DUKE,1,100.0,0,154,60.5,60.3,,1,0,8,100.0,100.0,93.7,0,1,0,9,0,0,9,9,9,9,0,0,0,0
Greg Brown II,128256,T,NEW MEXICO,2,100.0,0,241,62.2,74.9,61.0,0,0,2,100.0,100.0,100.0,0,0,0,9,0,5,4,9,2,2,0,0,7,0
Jacob Zeno,98014,QB,BAYLOR,1,42.9,0,118,55.7,,60.0,0,0,0,0.0,0.0,,0,0,0,9,0,0,0,21,0,12,0,0,9,0
Ty McCullouch,71780,WR,COLO STATE,2,32.0,0,144,54.6,,60.4,0,0,0,0.0,0.0,,0,0,0,8,0,0,0,25,0,17,0,0,8,0
Galen Gallagher,81857,G,TEXAS A&M,1,100.0,0,312,67.6,67.9,66.9,0,0,1,100.0,100.0,100.0,0,0,0,8,0,0,8,8,1,1,0,0,7,0
Chase Kuerschen,60770,S,TULANE,4,100.0,1,319,60.0,,60.0,0,0,0,,,,1,0,0,8,0,0,0,8,0,0,0,0,8,0
Jordan Rhodes,60062,DI,S CAROLINA,2,100.0,1,289,50.4,77.5,59.5,0,0,5,100.0,100.0,100.0,1,0,0,8,0,8,0,8,5,5,0,0,3,0
Joachim Bangda,97184,HB,KENT STATE,3,36.4,0,201,77.1,78.3,68.3,0,0,3,30.0,30.0,100.0,0,0,0,8,0,0,0,22,3,10,0,0,5,0
Adam Vandervest,130667,T,W MICHIGAN,1,100.0,0,347,58.9,77.3,56.4,0,0,1,100.0,100.0,100.0,0,0,0,8,0,0,0,8,2,2,0,8,6,0
Anthony Brown,40316,QB,OREGON,2,20.5,0,264,69.5,,60.0,0,0,0,0.0,0.0,,0,0,0,8,0,0,0,39,0,24,0,0,8,0
Gayflor Flomo,105811,HB,KANSAS,4,50.0,0,198,61.6,76.1,66.1,0,0,3,60.0,60.0,100.0,1,0,0,8,0,0,0,16,3,5,0,0,5,0
Ron Cook Jr.,97070,HB,BUFFALO,6,22.9,0,126,74.7,67.7,66.9,0,0,0,0.0,14.3,,0,0,0,8,0,0,0,35,1,7,0,0,7,0
Barrett Barham,84419,WR,SO MISS,5,66.7,0,296,56.3,60.5,59.1,0,0,1,20.0,20.0,100.0,0,0,0,8,0,0,0,12,1,5,0,0,7,0
Justin Ibieta,123220,QB,TULANE,2,72.7,0,319,70.3,,60.0,0,0,0,0.0,0.0,,0,0,0,8,0,0,0,11,0,1,0,0,8,0
Mohamed Elazazy,60243,G,W MICHIGAN,1,100.0,0,347,63.7,73.8,62.2,0,0,2,100.0,100.0,100.0,1,0,0,8,0,0,0,8,2,2,0,8,6,0
Jonah Gambill,121763,G,MEMPHIS,1,100.0,0,218,59.5,72.9,58.6,0,0,2,100.0,100.0,100.0,0,0,0,8,0,0,0,8,2,2,8,0,6,0
Markese Stepp,83786,HB,USC,5,10.0,0,326,70.0,13.2,73.5,0,1,7,21.2,20.0,92.9,0,1,0,8,0,0,0,80,7,35,0,0,1,0
Smart Chibuzo,124309,G,TEXAS A&M,1,100.0,0,312,48.2,67.8,49.1,0,0,1,100.0,100.0,100.0,0,0,0,8,8,0,0,8,1,1,0,0,7,0
Xavier Hill,124098,G,LSU,1,100.0,0,211,55.9,,55.4,0,0,0,,,,0,0,0,8,0,0,8,8,0,0,0,0,8,0
Jack Kennedy,97465,WR,NWESTERN,2,100.0,0,256,61.1,,61.7,0,0,0,,,,0,0,0,8,0,0,0,8,0,0,0,0,8,0
Jalen Booth,101244,C,S DIEGO ST,3,100.0,0,284,64.4,,64.0,0,0,0,,,,0,0,0,8,0,6,0,8,0,0,0,0,8,0
Sean Dollars,71332,HB,OREGON,4,28.6,0,264,60.0,18.7,58.8,0,1,3,21.4,20.0,83.3,0,1,0,8,0,0,0,28,3,15,0,0,5,0
Kalani Norris,97458,WR,GA TECH,3,53.3,0,176,55.2,,59.4,0,0,0,0.0,0.0,,0,0,0,8,0,0,0,15,0,7,0,0,8,0
Darfnell Gouin,78203,WR,OHIO,1,66.7,0,259,57.8,,61.1,0,0,0,0.0,0.0,,0,0,0,8,0,0,0,12,0,4,0,0,8,0
Daniyel Ngata,131623,HB,ARIZONA ST,4,18.6,0,110,79.0,78.5,60.0,0,0,4,33.3,30.8,100.0,0,0,0,8,0,0,0,43,4,13,0,0,4,1
Noah Whittington,123472,HB,W KENTUCKY,8,17.8,0,346,59.8,71.8,64.3,0,0,1,4.8,4.5,100.0,0,0,0,8,0,0,0,45,1,22,0,0,7,0
Maceo Donald,90622,WR,E CAROLINA,2,57.1,0,156,60.7,,76.5,0,0,0,0.0,0.0,,0,0,0,8,0,0,0,14,0,6,0,0,8,0
Chris Akporoghene,99050,G,TENNESSEE,2,100.0,0,307,73.0,74.4,72.2,0,0,2,100.0,100.0,100.0,0,0,0,8,0,0,0,8,2,2,8,0,6,0
Blake Trainor,99051,T,TEXAS A&M,1,100.0,0,312,68.8,66.1,68.4,0,0,1,100.0,100.0,100.0,0,0,0,8,0,0,0,8,1,1,0,8,7,0
Timothy Scippio,78214,WR,AKRON,2,50.0,0,102,60.5,,41.4,0,0,0,0.0,0.0,,0,0,0,8,0,0,0,16,0,8,0,0,8,0
Jake Wiley,100530,G,COLORADO,3,100.0,0,143,58.5,74.1,57.1,0,0,0,,100.0,,0,0,0,8,0,0,7,8,1,1,0,0,7,1
Jawon Pass,40916,QB,LOUISVILLE,2,47.1,0,210,51.5,,60.0,0,0,0,0.0,0.0,,0,0,0,8,0,0,0,17,0,8,0,0,8,0
Isaac James-Gray,47706,WR,BALL ST,5,44.4,0,117,77.5,38.9,61.0,0,0,0,0.0,0.0,,0,0,0,8,0,0,0,18,0,10,0,0,8,0
A.J. Phillips,97378,HB,S ALABAMA,7,27.6,0,288,67.6,80.0,,0,0,8,53.3,50.0,100.0,0,0,0,8,0,0,0,29,8,16,0,0,0,0
Rashad Amos,124224,HB,S CAROLINA,3,15.1,0,289,55.1,54.7,58.7,0,1,5,15.6,15.2,90.0,0,1,0,8,0,0,0,53,5,33,0,0,3,0
Josh Henderson,99594,HB,N CAROLINA,6,19.5,0,245,63.9,76.6,59.9,0,0,3,16.7,16.7,100.0,0,0,0,8,0,0,0,41,3,18,0,0,5,0
Patrick Reedy,84048,TE,S CAROLINA,1,88.9,0,289,54.8,,56.7,0,0,0,0.0,0.0,,0,0,0,8,0,0,0,9,0,1,0,0,8,9
CJ Harris,130594,QB,OHIO,1,66.7,0,259,66.2,,60.0,0,0,0,0.0,0.0,,0,0,0,8,0,0,0,12,0,2,0,0,8,0
Mitch Bartol,130644,TE,W MICHIGAN,1,88.9,0,347,45.2,,46.7,0,0,0,0.0,0.0,,0,0,0,8,0,0,0,9,0,1,0,0,8,9
J.J. Lippe,98426,G,N ILLINOIS,1,100.0,0,254,61.9,25.9,65.1,0,0,3,100.0,100.0,66.7,0,1,1,8,8,0,0,8,5,5,0,0,3,0
Mason Cook,123852,G,GA STATE,3,100.0,0,175,76.3,71.9,75.3,0,0,1,100.0,100.0,100.0,0,0,0,8,0,3,5,8,1,1,0,0,7,0
Mark-Antony Richards,99155,HB,AUBURN,3,22.9,0,115,70.9,74.7,59.4,0,0,2,22.2,22.2,100.0,0,0,0,8,0,0,0,35,2,9,0,0,6,0
Dillon Markiewicz,123049,QB,SYRACUSE,2,88.9,0,304,58.6,,60.0,0,0,0,0.0,0.0,,0,0,0,8,0,0,0,9,0,1,0,0,8,0
Damon Smith,99549,WR,OKLAHOMA,2,50.0,0,261,57.3,,59.1,0,0,0,0.0,0.0,,0,0,0,8,0,0,0,16,0,8,0,0,8,0
Logan Holgorsen,101053,QB,HOUSTON,4,42.1,0,182,49.0,,60.0,0,0,0,0.0,0.0,,0,0,0,8,0,0,0,19,0,10,0,0,8,0
Hunter Helms,122149,QB,CLEMSON,3,36.4,0,140,74.3,,60.0,0,0,0,0.0,0.0,,0,0,0,8,0,0,0,22,0,13,0,0,8,0
Aki Ogunbiyi,124335,G,TEXAS A&M,1,100.0,0,312,65.1,68.4,64.5,0,0,1,100.0,100.0,100.0,0,0,0,8,0,8,0,8,1,1,0,0,7,0
Robert Burns,57293,HB,MIAMI FL,5,24.2,0,220,73.9,41.1,59.3,0,0,1,11.1,10.0,100.0,0,0,0,8,0,0,0,33,1,10,0,0,7,0
Luke Sanders,61829,TE,W MICHIGAN,3,50.0,0,347,66.5,70.8,58.0,0,0,1,12.5,20.0,100.0,0,0,0,8,0,0,0,16,2,10,0,0,6,13
David Stickle,122419,TE,FLORIDA ST,2,100.0,0,167,83.4,,88.9,0,0,0,,,,0,0,0,8,0,0,0,8,0,0,0,0,8,0
Tanner Allton,100196,WR,OHIO,1,88.9,0,259,77.9,,61.1,0,0,0,0.0,0.0,,0,0,0,8,0,0,0,9,0,1,0,0,8,0
Dawson Downing,42539,HB,MISSOURI,5,57.1,0,229,66.8,78.7,60.0,0,0,6,54.5,54.5,100.0,0,0,0,8,0,0,0,14,6,11,0,0,2,1
Kyle Dobbins,77731,HB,TEMPLE,3,27.6,0,306,50.7,25.3,59.2,0,1,5,41.7,41.7,90.0,0,1,0,8,0,0,0,29,5,12,0,0,3,0
Connor Adair,60445,QB,MEMPHIS,2,80.0,0,218,60.0,,60.0,0,0,0,0.0,0.0,,0,0,0,8,0,0,0,10,0,2,0,0,8,0
Josh Johnson,61390,WR,LOUISVILLE,6,33.3,0,210,62.5,,59.1,0,0,0,0.0,0.0,,0,0,0,8,0,0,0,24,0,16,0,0,8,0
Perry Olsen,101056,QB,NAVY,1,34.8,0,237,41.8,,60.0,0,0,0,0.0,0.0,,0,0,0,8,0,0,0,23,0,7,0,0,8,0
Cole McCrary,84024,TE,N TEXAS,2,88.9,0,251,57.2,,58.7,0,0,0,0.0,0.0,,0,0,0,8,0,0,0,9,0,1,0,0,8,4
Freddie Brown,99534,WR,W VIRGINIA,1,66.7,0,343,47.7,,61.6,0,0,0,0.0,0.0,,1,0,0,8,0,0,0,12,0,4,0,0,8,0
David O'Meara,83967,TE,FIU,2,100.0,0,166,77.0,65.2,74.0,0,0,1,100.0,100.0,100.0,0,0,0,8,0,0,0,8,1,1,0,0,7,8
Gerry Bohanon,77636,QB,BAYLOR,2,58.3,0,118,67.4,,60.0,0,0,0,0.0,0.0,,0,0,0,7,0,0,0,12,0,1,0,0,7,0
Davis Brin,77642,QB,TULSA,2,16.3,0,320,85.0,,60.0,0,0,0,0.0,0.0,,0,0,0,7,0,0,0,43,0,34,0,0,7,0
Ethon Williams,158639,WR,BOSTON COL,1,58.3,0,121,68.1,,55.6,0,0,0,0.0,0.0,,0,0,0,7,0,0,0,12,0,5,0,0,7,2
Craig Williams,77756,HB,BAYLOR,4,14.9,0,118,87.8,74.7,60.0,0,0,4,23.5,22.2,100.0,0,0,0,7,0,0,0,47,4,18,0,0,3,0
Elijah Young,124223,HB,MISSOURI,8,28.0,0,229,75.9,71.9,58.1,0,0,2,22.2,22.2,100.0,0,0,0,7,0,0,0,25,2,9,0,0,5,0
Donny Marcus,130340,HB,BALL ST,4,21.9,0,117,72.0,42.2,60.0,0,1,3,25.0,23.1,83.3,0,1,0,7,0,0,0,32,3,13,0,0,4,0
Quincy Darnell,102922,WR,GA SOUTHRN,3,87.5,0,174,58.7,,60.7,0,0,0,0.0,0.0,,0,0,0,7,0,0,0,8,0,1,0,0,7,0
Chris Cavalaris,76763,WR,MIAMI OH,1,87.5,0,221,59.4,,60.5,0,0,0,0.0,0.0,,0,0,0,7,0,0,0,8,0,1,0,0,7,0
Ezeriah Anderson,99555,WR,IOWA STATE,4,70.0,0,193,55.7,,56.5,0,0,0,0.0,0.0,,0,0,0,7,0,0,0,10,0,3,0,0,7,0
Max Wright,82434,TE,TEXAS A&M,1,87.5,0,312,93.5,,67.6,0,0,0,0.0,0.0,,0,0,0,7,0,0,0,8,0,1,0,0,7,8
Jere Getzinger,130457,TE,E MICHIGAN,2,100.0,0,160,58.2,,57.8,0,0,0,,,,0,0,0,7,0,0,0,7,0,0,0,0,7,6
Amari Kight,99064,G,ALABAMA,1,100.0,0,103,53.8,,53.6,0,0,0,,,,0,0,0,7,0,0,0,7,0,0,7,0,7,0
Jamel Thomas,102935,WR,S ALABAMA,4,31.8,0,288,46.1,,60.2,0,0,0,0.0,0.0,,1,0,0,7,0,0,0,22,0,15,0,0,7,0
Johnnie Lang,57246,WR,IOWA STATE,6,36.8,0,193,60.2,,60.8,0,0,0,0.0,0.0,,0,0,0,7,0,0,0,19,0,9,0,0,7,0
Luis Cristobal Jr.,97453,G,GA STATE,2,100.0,0,175,49.6,75.5,59.4,0,0,3,100.0,100.0,100.0,1,0,0,7,2,2,0,7,3,3,3,0,4,0
Eli Cox,99099,G,KENTUCKY,3,100.0,0,202,56.8,,56.6,0,0,0,,,,0,0,0,7,0,6,0,7,0,0,0,0,7,0
Chadarius Townsend,61105,HB,TEXAS TECH,5,12.1,0,315,70.6,75.4,55.4,0,0,2,5.7,5.7,100.0,0,0,0,7,0,0,0,58,2,35,0,0,5,0
C.J. Stroud,129759,QB,OHIO STATE,3,87.5,0,260,83.7,,60.0,0,0,0,,,,0,0,0,7,0,0,0,8,0,0,0,0,7,0
Netori Johnson,59702,G,GEORGIA,1,100.0,0,173,55.3,12.5,59.5,0,0,2,100.0,100.0,100.0,0,0,0,7,0,0,0,7,3,3,7,0,4,0
Adrian Medley,98550,T,UCF,1,100.0,0,323,54.1,,54.1,0,0,0,,,,0,0,0,7,0,0,0,7,0,0,7,0,7,0
TaMerik Williams,77741,HB,SMU,8,22.6,0,287,77.0,77.4,60.0,0,0,3,23.1,21.4,100.0,0,0,0,7,0,0,0,31,3,14,0,0,4,0
Gee Scott Jr.,129756,WR,OHIO STATE,3,50.0,0,260,56.1,,59.7,0,0,0,0.0,0.0,,0,0,0,7,0,0,0,14,0,7,0,0,7,0
Bryce Childress,123695,WR,TROY,3,70.0,0,318,56.8,,59.4,0,0,0,0.0,0.0,,0,0,0,7,0,0,0,10,0,3,0,0,7,0
Shamar Garrett,128323,HB,S JOSE ST,6,25.0,0,285,57.9,31.0,59.1,0,0,2,10.0,10.0,100.0,0,0,0,7,0,0,0,28,2,20,0,0,5,0
Aidan Robbins,98030,HB,LOUISVILLE,3,46.7,0,210,54.3,62.1,60.0,1,0,6,75.0,75.0,91.7,0,1,0,7,0,0,0,15,6,8,0,0,1,0
Tre'Von Morgan,101723,WR,MICH STATE,4,28.0,0,223,76.9,,60.9,0,0,0,0.0,0.0,,0,0,0,7,0,0,0,25,0,18,0,0,7,0
Austin White,99688,TE,FLORIDA ST,3,87.5,0,167,61.0,67.5,60.1,0,0,2,66.7,66.7,100.0,0,0,0,7,0,0,0,8,2,3,0,0,5,8
Ian Driscoll,55453,WR,WAKE,2,100.0,0,339,60.3,,60.3,0,0,0,,,,0,0,0,7,0,0,0,7,0,0,0,0,7,0
Gabe Lloyd,41263,TE,WISCONSIN,2,100.0,0,349,58.7,63.3,58.1,0,0,1,100.0,100.0,100.0,0,0,0,7,0,0,0,7,1,1,0,0,6,7
Todd Hudson,99487,HB,OKLAHOMA,2,35.0,0,261,72.8,73.5,60.0,0,0,4,44.4,44.4,100.0,0,0,0,7,0,0,0,20,4,9,0,0,3,0
Jordan Yates,97416,QB,GA TECH,3,31.8,0,176,29.5,,60.0,0,0,0,0.0,0.0,,0,0,0,7,0,0,0,22,0,13,0,0,7,0
Victor Santiago,52114,WR,UMASS,4,29.2,0,216,54.8,,59.2,0,0,0,0.0,0.0,,0,0,0,7,0,0,0,24,0,17,0,0,7,0
Nick Lewis,81996,T,KENTUCKY,3,100.0,1,202,48.1,,61.1,0,0,0,,,,1,0,0,7,0,0,6,7,0,0,0,0,7,0
Beau Coberley,78130,WR,IOWA STATE,2,100.0,0,193,60.9,,61.0,0,0,0,,,,0,0,0,7,0,0,0,7,0,0,0,0,7,0
Nathaniel Peat,100586,HB,STANFORD,6,14.3,0,300,76.7,73.3,59.4,0,0,3,20.0,20.0,100.0,0,0,0,7,0,0,0,49,3,15,0,0,4,0
Allen Horace II,123316,TE,UTSA,2,87.5,0,331,65.7,,66.4,0,0,0,0.0,0.0,,0,0,0,7,0,0,0,8,0,1,0,0,7,7
Jennings Stanley,58497,G,ARK STATE,2,100.0,0,113,57.1,,57.0,0,0,0,,,,0,0,0,7,0,7,0,7,0,0,0,0,7,0
Jordan Brown,122548,WR,KANSAS,5,50.0,0,198,56.7,,61.3,0,0,0,0.0,0.0,,0,0,0,7,0,0,0,14,0,7,0,0,7,0
Dylan McDuffie,77703,HB,BUFFALO,3,77.8,0,126,61.4,,68.4,0,0,0,0.0,0.0,,0,0,0,7,0,0,0,9,0,1,0,0,7,0
Carter Colquitt,99085,T,OLE MISS,1,100.0,0,226,61.2,,60.9,0,0,0,,,,0,0,0,7,7,0,0,7,0,0,0,0,7,0
Demond Demas,124313,WR,TEXAS A&M,4,46.7,0,312,54.7,,60.0,0,0,0,0.0,0.0,,0,0,0,7,0,0,0,15,0,8,0,0,7,0
Michael McNicholas,98042,T,KENT STATE,1,100.0,0,201,66.2,72.5,65.4,0,0,2,100.0,100.0,100.0,0,0,0,7,0,0,0,7,2,2,7,0,5,0
Marcus Carroll,123849,HB,GA STATE,7,19.4,0,175,62.2,73.2,59.0,0,0,1,7.1,13.3,100.0,0,0,0,7,0,0,0,36,2,15,0,0,5,0
Josh Carlin,72075,G,UCLA,2,100.0,0,324,61.4,82.7,59.1,0,0,2,100.0,100.0,100.0,0,0,0,7,0,0,0,7,2,2,0,4,5,3
Kenan Christon II,100601,HB,USC,5,21.9,0,326,60.1,27.9,59.9,0,1,5,26.3,23.8,90.0,0,1,0,7,0,0,0,32,5,21,0,0,2,0
Jeremy Flax,124061,T,KENTUCKY,3,100.0,0,202,80.5,66.3,81.7,0,0,1,100.0,100.0,100.0,0,0,0,7,0,0,0,7,1,1,2,5,6,0
Tyler Hussey,81513,WR,TROY,2,87.5,0,318,78.3,,59.3,0,0,0,0.0,0.0,,0,0,0,7,0,0,0,8,0,1,0,0,7,0
John Williams,122166,T,CLEMSON,2,100.0,0,140,62.7,77.8,59.1,0,0,5,100.0,100.0,100.0,0,0,0,7,0,0,0,7,5,5,0,7,2,0
Ronnie Walker Jr.,83681,HB,VIRGINIA,3,19.4,0,335,56.5,6.5,58.0,0,0,2,25.0,25.0,100.0,0,0,0,7,0,0,0,36,2,8,0,0,5,1
Wade Meacham,81902,T,UTAH ST,1,100.0,0,329,44.9,0.0,,0,1,7,100.0,100.0,78.6,0,2,1,7,0,7,0,7,7,7,0,0,0,0
Ryan Hilinski,71295,QB,S CAROLINA,2,43.8,0,289,57.7,,60.0,0,0,0,0.0,0.0,,1,0,0,7,0,0,0,16,0,6,0,0,7,0
Seth Collins,47812,S,TEXAS TECH,1,46.7,0,315,56.4,,60.0,0,0,0,0.0,0.0,,0,0,0,7,0,0,0,15,0,8,0,0,7,0
Ben Finley,122864,QB,NC STATE,1,22.6,0,248,47.7,,60.0,0,0,0,0.0,0.0,,0,0,0,7,0,0,0,31,0,22,0,0,7,0
Taye McWilliams,122275,HB,BAYLOR,4,18.9,0,118,56.9,19.9,59.5,0,1,4,20.0,20.0,87.5,0,1,0,7,0,0,0,37,4,20,0,0,3,0
Tosh Baker,122892,C,NOTRE DAME,1,100.0,0,258,68.3,,67.9,0,0,0,,,,0,0,0,7,0,0,7,7,0,0,0,0,7,0
Luke Soto,122038,TE,UTEP,4,100.0,0,330,56.5,,56.1,0,0,0,,,,0,0,0,7,0,0,0,7,0,0,0,0,7,7
Tate Ratledge,124034,G,GEORGIA,1,100.0,0,173,57.4,,57.3,0,0,0,,,,0,0,0,7,0,0,0,7,0,0,7,0,7,0
Mac Hippenhammer,61591,WR,MIAMI OH,1,24.1,0,221,77.3,,60.4,0,0,0,0.0,0.0,,0,0,0,7,0,0,0,29,0,22,0,0,7,0
Challen Faamatau,129506,HB,MARYLAND,2,46.7,0,215,55.1,43.2,59.4,0,0,4,36.4,41.7,100.0,0,0,0,7,0,0,0,15,5,12,0,0,2,0
Chase Cunningham,78533,QB,MIDDLE TN,3,25.9,0,224,40.4,,60.0,0,0,0,0.0,0.0,,0,0,0,7,0,0,0,27,0,19,0,0,7,0
Luke Lachey,129475,TE,IOWA,2,100.0,0,192,54.8,,54.3,0,0,0,,,,0,0,0,7,0,0,0,7,0,0,0,0,7,7
Hamilton Hawthorne II,81871,G,TROY,1,100.0,0,318,58.3,70.6,57.7,0,0,1,100.0,100.0,100.0,0,0,0,7,0,3,0,7,1,1,4,0,6,0
Zach Hummel,100934,C,CINCINNATI,3,100.0,0,138,60.5,71.2,59.9,0,0,1,100.0,100.0,100.0,0,0,0,7,7,0,0,7,1,1,0,0,6,0
Daijun Edwards,124021,HB,GEORGIA,6,12.1,0,173,84.4,74.7,58.8,0,0,2,14.3,13.3,100.0,0,0,0,7,0,0,0,58,2,15,0,0,5,0
Anthony Bradford,99103,G,LSU,1,100.0,0,211,46.0,,57.4,0,0,0,,,,1,0,0,7,0,0,0,7,0,0,6,1,7,0
Jordan Jernigan,99233,WR,OLE MISS,1,100.0,0,226,60.4,,60.4,0,0,0,,,,0,0,0,7,0,0,0,7,0,0,0,0,7,0
Zach Rasmussen,26134,TE,LA MONROE,2,70.0,0,209,80.5,,69.9,0,0,0,0.0,0.0,,0,0,0,7,0,0,0,10,0,3,0,0,7,7
Wyatt Wilson,133199,WR,AIR FORCE,1,100.0,0,101,60.6,,60.7,0,0,0,,,,0,0,0,7,0,0,0,7,0,0,0,0,7,0
Blayne Toll,123967,TE,ARKANSAS,1,77.8,0,111,40.0,9.1,57.2,0,1,2,50.0,50.0,75.0,1,1,0,7,0,0,0,9,2,4,0,0,5,1
Bubba Wa'a,98791,G,HAWAII,2,100.0,0,180,71.9,,71.2,0,0,0,,,,0,0,0,7,0,7,0,7,0,0,0,0,7,0
Broc Lane,128386,TE,UTAH ST,4,14.3,0,329,43.7,,66.1,0,0,0,0.0,0.0,,0,0,0,7,0,0,0,49,0,42,0,0,7,12
Thomas Yassmin,84072,TE,UTAH,2,70.0,0,328,44.0,28.2,50.5,0,1,2,40.0,40.0,75.0,0,1,0,7,0,0,0,10,2,5,0,0,5,8
Jacob Isaia,81727,G,MICH STATE,1,100.0,0,223,65.7,75.9,63.7,0,0,4,100.0,100.0,100.0,0,0,0,6,6,0,0,6,4,4,0,0,2,0
Will Farniok,81750,T,NEBRASKA,1,100.0,0,238,55.0,73.5,53.5,0,0,3,100.0,100.0,100.0,0,0,0,6,6,0,0,6,3,3,0,0,3,0
Mark Patritto,78192,WR,C MICHIGAN,5,100.0,0,134,60.4,,60.4,0,0,0,,,,0,0,0,6,0,0,0,6,0,0,0,0,6,1
Andrew Segovia,78140,WR,HOUSTON,2,75.0,0,182,57.8,,61.1,0,0,0,0.0,0.0,,0,0,0,6,0,0,0,8,0,2,0,0,6,0
Dan VanOpstall,82002,T,MICH STATE,1,100.0,0,223,30.5,0.0,60.1,0,2,4,100.0,100.0,75.0,0,2,0,6,0,0,6,6,4,4,0,0,2,0
Kai Jarmon,78106,WR,TEXAS,1,85.7,0,311,58.5,,59.6,0,0,0,,0.0,,0,0,0,6,0,0,0,7,0,1,0,0,6,0
Tyler Harrell,77969,WR,LOUISVILLE,3,66.7,0,210,50.1,,40.3,0,0,0,0.0,0.0,,0,0,0,6,0,0,0,9,0,3,0,0,6,0
Jacob Sirmon,83590,QB,WASHINGTON,1,60.0,0,340,47.6,,60.0,0,0,0,0.0,0.0,,0,0,0,6,0,0,0,10,0,3,0,0,6,0
Danny Smith,83638,HB,BOISE ST,2,26.1,0,120,66.0,78.7,60.0,0,0,4,50.0,55.6,100.0,0,0,0,6,0,0,0,23,5,9,0,0,1,0
Jakari Norwood,83678,HB,ILLINOIS,1,50.0,0,187,52.8,57.0,60.0,0,0,5,55.6,55.6,80.0,0,1,1,6,0,0,0,12,5,9,0,0,1,0
Tylan Knight,83710,CB,OLE MISS,3,35.3,0,226,65.8,29.3,60.0,0,0,4,36.4,41.7,100.0,0,0,0,6,0,0,0,17,5,12,0,0,1,0
British Brooks,77714,HB,N CAROLINA,5,13.6,0,245,64.0,75.3,60.0,0,0,2,12.5,17.6,100.0,0,0,0,6,0,0,0,44,3,17,0,0,3,0
Kris Dike,77582,T,TCU,1,100.0,0,305,63.7,,63.6,0,0,0,,,,0,0,0,6,0,0,6,6,0,0,0,0,6,0
Dalton Adkison,84092,WR,TROY,1,100.0,0,318,60.7,,61.0,0,0,0,,,,0,0,0,6,0,0,0,6,0,0,0,0,6,0
Justin Eichman,77485,T,KANSAS ST,2,100.0,0,199,69.4,73.5,68.4,0,0,2,100.0,100.0,100.0,0,0,0,6,0,0,6,6,2,2,0,0,4,0
Michael Remondet,77426,C,TULANE,1,100.0,0,319,59.9,70.4,59.4,0,0,1,100.0,100.0,100.0,0,0,0,6,6,0,0,6,1,1,0,0,5,0
Tobechi Nwokeji,77344,G,N CAROLINA,1,100.0,0,245,46.3,67.4,42.1,0,0,1,100.0,100.0,100.0,0,0,0,6,0,0,6,6,1,1,0,0,5,0
Raymond Niro III,84343,HB,NWESTERN,2,40.0,0,256,54.1,,54.6,0,0,0,0.0,0.0,,1,0,0,6,0,0,0,15,0,9,0,0,6,0
Grant Frerking,84432,WR,TENNESSEE,1,100.0,0,307,60.8,,60.8,0,0,0,,,,0,0,0,6,0,0,0,6,0,0,0,0,6,0
Tajudeen Mustapha,84519,WR,WISCONSIN,3,75.0,0,349,57.2,,60.6,0,0,0,0.0,0.0,,0,0,0,6,0,0,0,8,0,2,0,0,6,0
Ethan Hahn,97085,WR,MARSHALL,1,100.0,0,214,60.7,,61.0,0,0,0,,,,0,0,0,6,0,0,0,6,0,0,0,0,6,0
Quinton Hadnot,74269,WR,UTAH ST,2,25.0,0,329,47.5,,60.5,0,0,0,0.0,0.0,,0,0,0,6,0,0,0,24,0,18,0,0,6,0
Elijah Mojarro,71312,TE,CAL,3,46.2,0,130,37.7,,39.2,0,0,0,0.0,0.0,,0,0,0,6,0,0,0,13,0,7,0,0,6,11
Jeremiah Fails,97293,WR,W KENTUCKY,3,60.0,0,346,56.1,,59.6,0,0,0,0.0,0.0,,0,0,0,6,0,0,0,10,0,4,0,0,6,0
Jeremiah Josephs,97357,WR,MIAMI OH,1,100.0,0,221,59.7,,59.0,0,0,0,,,,0,0,0,6,0,0,0,6,0,0,0,0,6,0
David Clayton,97406,WR,ARK STATE,1,85.7,0,113,59.1,,61.1,0,0,0,0.0,0.0,,0,0,0,6,0,0,0,7,0,1,0,0,6,0
Oliver Parker,97454,WR,W KENTUCKY,1,85.7,0,346,58.9,,61.0,0,0,0,0.0,0.0,,0,0,0,6,0,0,0,7,0,1,0,0,6,0
Andy Elkins Jr.,97668,WR,WAKE,1,85.7,0,339,58.8,,61.0,0,0,0,0.0,0.0,,0,0,0,6,0,0,0,7,0,1,0,0,6,0
Evan Conley,97783,QB,LOUISVILLE,3,50.0,0,210,58.1,,60.0,0,0,0,0.0,0.0,,0,0,0,6,0,0,0,12,0,6,0,0,6,0
Russell Thompson-Bishop,61696,WR,SYRACUSE,1,100.0,0,304,60.8,,61.0,0,0,0,,,,0,0,0,6,0,0,0,6,0,0,0,0,6,0
Dequan Finn,97804,QB,TOLEDO,4,33.3,0,316,88.3,,60.0,0,0,0,0.0,0.0,,0,0,0,6,0,0,0,18,0,1,0,0,6,0
Steele Chambers,97812,HB,OHIO STATE,3,31.6,0,260,65.2,76.0,60.0,0,0,2,40.0,42.9,100.0,0,0,0,6,0,0,0,19,3,7,0,0,3,0
Will Lansbury,61546,WR,NWESTERN,2,100.0,0,256,60.4,,60.4,0,0,0,,,,0,0,0,6,0,0,0,6,0,0,0,0,6,0
Berkeley Holman,61543,WR,NWESTERN,2,20.7,0,256,53.2,,60.0,0,0,0,0.0,0.0,,0,0,0,6,0,0,0,29,0,23,0,0,6,0
Jarrett Guest,97997,QB,COAST CAR,1,60.0,0,141,69.5,,60.0,0,0,0,0.0,0.0,,0,0,0,6,0,0,0,10,0,1,0,0,6,0
Aidan MacDonald,98073,G,OHIO,1,100.0,0,259,59.8,70.9,59.2,0,0,2,100.0,100.0,100.0,0,0,0,6,6,0,0,6,2,2,0,0,4,0
Joey Capra,98230,G,S DIEGO ST,1,100.0,0,284,57.2,,57.0,0,0,0,,,,0,0,0,6,0,0,0,6,0,0,6,0,6,0
Cole Blaker,61066,TE,VA TECH,1,100.0,0,337,47.5,,46.8,0,0,0,,,,0,0,0,6,0,0,0,6,0,0,0,0,6,6
Luke Vannest,98267,G,OHIO,1,100.0,0,259,58.2,70.1,57.6,0,0,2,100.0,100.0,100.0,0,0,0,6,0,6,0,6,2,2,0,0,4,0
Jackson Fort,98269,T,TULANE,1,100.0,0,319,52.3,,52.3,0,0,0,,,,0,0,0,6,0,0,0,6,0,0,6,0,6,0
Griffin Carder,98276,C,GA SOUTHRN,2,100.0,0,174,59.2,63.8,57.7,0,0,1,100.0,100.0,100.0,0,0,0,6,0,0,0,6,1,1,0,5,5,0
Trevor Bycznski,98357,QB,BUFFALO,1,85.7,0,126,26.9,,60.0,0,0,0,0.0,0.0,,0,0,0,6,0,0,0,7,0,1,0,0,6,0
Tyler Fromm,98431,TE,AUBURN,1,75.0,0,115,57.7,,60.4,0,0,0,0.0,0.0,,0,0,0,6,0,0,0,8,0,2,0,0,6,6
Paul Boudreaux,58356,LS,LA LAFAYET,3,100.0,0,207,60.0,75.3,60.0,0,0,1,100.0,100.0,100.0,0,0,0,6,0,0,0,6,2,2,0,0,4,0
Skyler Miller,58306,FB,WYOMING,1,100.0,0,351,66.3,,68.7,0,0,0,,,,0,0,0,6,0,0,0,6,0,0,0,0,6,2
Derek Parish,57854,ED,HOUSTON,1,100.0,0,182,58.1,70.0,56.3,0,0,1,100.0,100.0,100.0,2,0,0,6,0,0,0,6,1,1,0,0,5,0
Spence Massey,99641,HB,GA TECH,2,66.7,0,176,92.6,75.5,71.7,0,0,1,100.0,100.0,100.0,0,0,0,6,0,0,0,9,2,2,0,0,4,0
Hamp Greene,99712,WR,CLEMSON,2,66.7,0,140,57.4,,61.0,0,0,0,0.0,0.0,,0,0,0,6,0,0,0,9,0,3,0,0,6,0
Alex Oelsner,57357,TE,NWESTERN,1,100.0,0,256,58.9,,58.7,0,0,0,,,,0,0,0,6,0,0,0,6,0,0,0,0,6,6
Drayton Bohnstadt,100264,G,OHIO,1,100.0,0,259,58.2,67.3,57.1,0,0,2,100.0,100.0,100.0,0,0,0,6,0,0,0,6,2,2,0,6,4,0
Keegan Jones,100594,HB,UCLA,5,13.3,0,324,64.3,78.7,60.0,0,0,3,12.0,11.1,100.0,2,0,0,6,0,0,0,45,3,27,0,0,3,0
Maleek Williams,57138,HB,FIU,2,30.0,0,166,62.5,76.6,60.0,0,0,3,27.3,30.8,100.0,0,0,0,6,0,0,0,20,4,13,0,0,2,0
Aaron Vopal,56485,T,WISCONSIN,1,100.0,0,349,66.9,66.8,66.4,0,0,1,100.0,100.0,100.0,0,0,0,6,0,6,0,6,1,1,0,0,5,0
Jahquez Evans,101059,WR,USF,4,66.7,0,327,66.6,,60.6,0,0,0,0.0,0.0,,0,0,0,6,0,0,0,9,0,2,0,0,6,0
Brandon Crenshaw-Dickson,101241,G,S DIEGO ST,1,100.0,0,284,76.5,,80.5,0,0,0,,,,0,0,0,6,0,0,0,6,0,0,0,6,6,0
Marco Machado,101251,C,WYOMING,1,100.0,0,351,58.0,,57.7,0,0,0,,,,0,0,0,6,6,0,0,6,0,0,0,0,6,0
Josh Jackson,55853,WR,CLEMSON,3,54.5,0,140,57.4,,61.0,0,0,0,0.0,0.0,,0,0,0,6,0,0,0,11,0,5,0,0,6,0
Cade Stover,101486,TE,OHIO STATE,3,100.0,0,260,59.9,,59.6,0,0,0,,,,0,0,0,6,0,0,0,6,0,0,0,0,6,6
Spencer Brown,101569,C,MICH STATE,1,100.0,0,223,45.9,0.0,57.5,0,1,4,100.0,100.0,62.5,0,2,1,6,0,0,0,6,4,4,0,6,2,0
Tim Weaver,101578,T,INDIANA,1,100.0,0,190,55.6,13.3,59.9,0,1,4,100.0,100.0,87.5,0,1,0,6,0,0,0,6,4,4,6,0,2,0
Cam Wiley,101646,HB,MINNESOTA,6,11.8,0,225,78.6,73.3,60.0,0,0,4,21.1,21.1,100.0,0,0,0,6,0,0,0,51,4,19,0,0,2,0
Trey Potts,101647,HB,MINNESOTA,5,12.2,0,225,67.1,22.2,,0,1,6,20.0,20.0,91.7,0,1,0,6,0,0,0,49,6,30,0,0,0,0
Scott Brooks,52046,C,COLO STATE,1,100.0,0,144,57.5,74.6,57.9,0,0,4,100.0,100.0,100.0,0,0,0,6,6,0,0,6,4,4,0,0,2,0
Rondell Cole,120943,WR,TROY,1,100.0,0,318,61.1,,60.9,0,0,0,,,,0,0,0,6,0,0,0,6,0,0,0,0,6,6
EJ Horton Jr.,121734,WR,MARSHALL,1,60.0,0,214,43.0,,61.0,0,0,0,0.0,0.0,,0,0,0,6,0,0,0,10,0,4,0,0,6,0
Dante Johnson,122214,WR,MIAMI FL,3,60.0,0,220,56.3,,61.0,0,0,0,0.0,0.0,,0,0,0,6,0,0,0,10,0,4,0,0,6,1
Chris Washington,122228,C,MIAMI FL,2,100.0,0,220,49.8,,48.6,0,0,0,,,,0,0,0,6,0,0,0,6,0,0,0,6,6,0
Justin Harris,122440,WR,GA SOUTHRN,3,85.7,0,174,59.2,,59.5,0,0,0,0.0,0.0,,0,0,0,6,0,0,0,7,0,1,0,0,6,0
Ryan King,122484,WR,GA TECH,1,46.2,0,176,60.6,,79.1,0,0,0,0.0,0.0,,0,0,0,6,0,0,0,13,0,7,0,0,6,0
Aidan Bitter,122507,WR,IOWA STATE,3,42.9,0,193,72.9,,60.4,0,0,0,0.0,0.0,,0,0,0,6,0,0,0,14,0,8,0,0,6,0
Steven Mahar Jr.,123047,TE,SYRACUSE,2,100.0,0,304,37.3,,39.4,0,0,0,,,,0,0,0,6,0,0,0,6,0,0,0,0,6,6
Chase Curtis,123069,WR,TCU,2,54.5,0,305,47.2,,41.3,0,0,0,0.0,0.0,,0,0,0,6,0,0,0,11,0,4,0,0,6,0
Mitchell Hansen,123077,WR,TCU,2,60.0,0,305,56.3,,60.8,0,0,0,0.0,0.0,,0,0,0,6,0,0,0,10,0,4,0,0,6,0
Paxton Anderson,123104,WR,TEXAS,1,85.7,0,311,38.2,,56.0,0,0,0,0.0,0.0,,0,0,0,6,0,0,0,7,0,1,0,0,6,0
Gabe Cantu,123243,T,TULSA,1,100.0,0,320,54.7,68.5,53.4,0,0,1,100.0,100.0,100.0,0,0,0,6,6,0,0,6,1,1,0,0,5,0
Jordan Chapman,123694,C,TROY,2,100.0,0,318,59.3,71.6,58.0,0,0,1,100.0,100.0,100.0,0,0,0,6,0,0,4,6,1,1,0,0,5,2
Logan Self,123722,T,TROY,1,100.0,0,318,59.2,0.0,65.5,0,0,1,100.0,100.0,100.0,0,0,0,6,6,0,0,6,1,1,0,0,5,0
Robert Lewis,123858,WR,GA STATE,3,60.0,0,175,55.6,,60.3,0,0,0,0.0,0.0,,0,0,0,6,0,0,0,10,0,4,0,0,6,0
Marcus Dumervil,124091,T,LSU,1,100.0,0,211,57.7,,57.0,0,0,0,,,,0,0,0,6,0,0,0,6,0,0,0,6,6,0
Brodie King,124178,WR,MISS STATE,5,17.6,0,227,48.6,,40.4,0,0,0,0.0,0.0,,0,0,0,6,0,0,0,34,0,28,0,0,6,0
Drake Heismeyer,124205,G,MISSOURI,1,100.0,0,229,58.6,69.4,57.9,0,0,1,100.0,100.0,100.0,0,0,0,6,6,0,0,6,1,1,0,0,5,0
Haynes King,124329,QB,TEXAS A&M,2,37.5,0,312,71.7,,60.0,0,0,0,0.0,0.0,,0,0,0,6,0,0,0,16,0,6,0,0,6,0
Gage Gaynor,128152,T,COLO STATE,1,100.0,0,144,60.9,76.0,59.7,0,0,4,100.0,100.0,100.0,0,0,0,6,0,0,0,6,4,4,6,0,2,0
Matt Lowe,128185,TE,FRESNO ST,3,85.7,0,169,58.9,64.2,60.5,0,0,1,50.0,50.0,100.0,0,0,0,6,0,0,0,7,1,2,0,0,5,6
Dylan Downing,128352,HB,UNLV,2,37.5,0,325,57.7,29.3,60.0,0,3,5,45.5,41.7,70.0,0,3,0,6,0,0,0,16,5,12,0,0,1,0
Tim Baldwin Jr.,129432,HB,INDIANA,4,16.7,0,190,69.3,78.4,60.0,0,0,4,36.4,41.7,100.0,0,0,0,6,0,0,0,36,5,12,0,0,1,0
DeaJaun McDougle,129524,WR,MARYLAND,3,35.3,0,215,63.7,,60.1,0,0,0,0.0,0.0,,0,0,0,6,0,0,0,17,0,11,0,0,6,0
Charlie Stone,129863,G,RICE,4,100.0,0,275,41.5,,64.5,0,0,0,,,,2,0,0,6,0,0,0,6,0,0,0,0,6,1
Vashon Bailey,130425,T,C MICHIGAN,1,100.0,0,134,45.2,72.7,44.6,0,0,2,100.0,100.0,100.0,0,0,0,6,0,0,0,6,2,2,6,0,4,0
Zahir Swann,130445,HB,C MICHIGAN,3,66.7,0,134,64.6,,60.3,0,0,0,0.0,0.0,,0,0,0,6,0,0,0,9,0,2,0,0,6,0
Trey Bess III,130448,HB,E MICHIGAN,5,22.2,0,160,41.7,73.0,60.0,0,0,3,42.9,42.9,100.0,0,0,0,6,0,0,0,27,3,7,0,0,3,0
Robie Glass,130492,WR,KENT STATE,2,75.0,0,201,56.7,,61.0,0,0,0,0.0,0.0,,0,0,0,6,0,0,0,8,0,2,0,0,6,0
Savion Washington,130505,T,KENT STATE,1,100.0,0,201,59.3,61.5,58.5,0,0,0,,100.0,,0,0,0,6,0,0,1,6,1,1,0,5,5,0
Kevin Davis,130517,HB,MIAMI OH,3,13.0,0,221,62.7,,59.0,0,0,0,0.0,0.0,,0,0,0,6,0,0,0,46,0,18,0,0,6,0
Wyatt Walton,130607,T,OHIO,1,100.0,0,259,53.3,70.1,52.8,0,0,2,100.0,100.0,100.0,0,0,0,6,0,0,0,6,2,2,6,0,4,0
Griffin McDowell,81633,C,FLORIDA,1,100.0,0,163,67.1,,66.7,0,0,0,,,,0,0,0,6,0,6,0,6,0,0,0,0,6,0
Zac McIntosh,99662,G,CLEMSON,2,100.0,0,140,54.2,0.0,59.1,0,1,2,100.0,100.0,75.0,0,1,0,5,0,0,0,5,2,2,5,0,3,0
Mitch Hall,58360,LS,LOUISVILLE,4,100.0,0,210,60.0,60.9,60.0,0,0,1,100.0,100.0,100.0,0,0,0,5,0,0,0,5,1,1,0,0,4,0
Chad Magyar,83785,HB,UNLV,1,62.5,0,325,62.9,53.1,59.9,0,0,3,75.0,75.0,100.0,0,0,0,5,0,0,0,8,3,4,0,0,2,0
Giovanni Sanders,131627,WR,ARIZONA ST,1,83.3,0,110,58.8,,60.5,0,0,0,0.0,0.0,,0,0,0,5,0,0,0,6,0,1,0,0,5,0
Cannon Montgomery,78054,WR,TULSA,6,41.7,0,320,38.3,,60.0,0,0,0,0.0,0.0,,0,0,0,5,0,0,0,12,0,7,0,0,5,0
Jordan Davis,94854,DI,GEORGIA,2,83.3,0,173,76.4,,79.1,0,0,0,0.0,0.0,,0,0,0,5,0,0,0,6,0,1,0,0,5,6
Bryan Addison,83825,WR,OREGON,2,55.6,0,264,63.7,,79.2,0,0,0,0.0,0.0,,0,0,0,5,0,0,0,9,0,4,0,0,5,0
Jalen Carter,124019,DI,GEORGIA,2,83.3,0,173,79.7,,79.8,0,0,0,0.0,0.0,,0,0,0,5,0,0,0,6,0,1,0,0,5,0
Kaleb Boateng,99644,G,CLEMSON,1,100.0,0,140,61.2,74.7,59.5,0,0,3,100.0,100.0,100.0,0,0,0,5,0,0,0,5,3,3,0,5,2,0
Dajuan Hudson,78206,WR,BUFFALO,1,100.0,0,126,60.4,,60.5,0,0,0,,,,0,0,0,5,0,0,0,5,0,0,0,0,5,0
Carson Beck,124010,QB,GEORGIA,1,100.0,0,173,60.0,,60.0,0,0,0,,,,0,0,0,5,0,0,0,5,0,0,0,0,5,0
Doug Bates,41258,TE,TOLEDO,1,100.0,0,316,60.5,68.7,59.1,0,0,1,100.0,100.0,100.0,0,0,0,5,0,0,0,5,1,1,0,0,4,5
Zackariah Kadri,100249,T,E MICHIGAN,2,100.0,0,160,60.4,70.4,60.0,0,0,3,100.0,100.0,100.0,0,0,0,5,0,0,0,5,3,3,0,4,2,0
Zach Williams,83932,TE,ARIZONA,2,15.2,0,109,51.7,,60.7,0,0,0,0.0,0.0,,0,0,0,5,0,0,0,33,0,28,0,0,5,0
Nick Spicer,100248,G,KENT STATE,1,100.0,0,201,58.8,,58.7,0,0,0,,,,0,0,0,5,0,0,0,5,0,0,5,0,5,0
Ikaika Ragsdale,73289,HB,N TEXAS,1,100.0,0,251,60.8,77.0,,0,0,5,100.0,100.0,100.0,0,0,0,5,0,0,0,5,5,5,0,0,0,0
Brett Nezat,121535,QB,ARK STATE,1,100.0,0,113,60.0,,60.0,0,0,0,,,,0,0,0,5,0,0,0,5,0,0,0,0,5,0
Perris Jones,77721,HB,VIRGINIA,6,25.0,0,335,60.5,74.9,58.7,0,0,2,14.3,20.0,100.0,0,0,0,5,0,0,0,20,3,15,0,0,2,0
Braedon Nutter,129859,C,RICE,4,100.0,0,275,63.1,,63.3,0,0,0,,,,0,0,0,5,0,0,0,5,0,0,0,0,5,3
Josh Black,44437,ED,SYRACUSE,2,100.0,0,304,68.7,67.1,66.9,0,0,1,100.0,100.0,100.0,1,0,0,5,0,0,0,5,1,1,0,0,4,5
Taji Hudson,123816,QB,E CAROLINA,3,55.6,0,156,56.3,,60.4,0,0,0,0.0,0.0,,0,0,0,5,0,0,0,9,0,4,0,0,5,0
Wyatt Campbell,81840,T,S CAROLINA,1,100.0,0,289,57.8,,57.3,0,0,0,,,,0,0,0,5,0,1,0,5,0,0,2,2,5,0
Josh Clifford,123772,WR,VIRGINIA,2,100.0,0,335,47.0,,60.6,0,0,0,,,,1,0,0,5,0,0,0,5,0,0,0,0,5,0
Maliq Carr,129807,WR,PURDUE,3,16.1,0,273,51.8,,60.7,0,0,0,0.0,0.0,,0,0,0,5,0,0,0,31,0,26,0,0,5,0
Tyler Warren,129798,TE,PENN STATE,1,100.0,0,266,68.7,,68.7,0,0,0,,,,0,0,0,5,0,0,0,5,0,0,0,0,5,5
Mike Lofton,123751,G,UCF,2,100.0,0,323,64.7,,64.4,0,0,0,,,,0,0,0,5,0,4,0,5,0,0,1,0,5,0
Keyon Mozee,145809,HB,KANSAS ST,9,13.2,0,199,58.6,10.0,56.8,0,0,1,4.8,8.7,0.0,0,1,1,5,0,0,0,38,2,23,0,0,3,0
Michel Dukes,99591,HB,CLEMSON,4,26.3,0,140,64.0,71.8,59.9,0,0,3,33.3,33.3,100.0,1,0,0,5,0,0,0,19,3,9,0,0,2,0
E.J. Wilson,123652,HB,FIU,2,26.3,0,166,50.6,70.0,60.0,0,0,1,10.0,10.0,100.0,0,0,0,5,0,0,0,19,1,10,0,0,4,0
Devin Voisin,97427,WR,S ALABAMA,5,17.2,0,288,51.4,,60.1,0,0,0,0.0,0.0,,0,0,0,5,0,0,0,29,0,24,0,0,5,0
Onasis Neely,97435,HB,TEMPLE,3,15.2,0,306,66.4,15.8,59.8,0,0,3,30.0,30.0,100.0,0,0,0,5,0,0,0,33,3,10,0,0,2,0
Joseph Walker,97463,WR,LA TECH,2,41.7,0,208,56.5,,60.7,0,0,0,0.0,0.0,,0,0,0,5,0,0,0,12,0,7,0,0,5,0
Carson Burgess,77990,WR,N CAROLINA,1,83.3,0,245,59.6,,60.6,0,0,0,0.0,0.0,,0,0,0,5,0,0,0,6,0,1,0,0,5,0
Charlie Norman,123489,HB,LA MONROE,3,50.0,0,209,45.6,20.2,,0,1,5,62.5,55.6,90.0,0,1,0,5,0,0,0,10,5,9,0,0,0,0
Isaiah Newell,131746,HB,OREGON ST,1,71.4,0,265,66.4,,73.2,0,0,0,0.0,0.0,,0,0,0,5,0,0,0,7,0,2,0,0,5,0
Jack Miller III,129754,QB,OHIO STATE,2,50.0,0,260,68.3,,60.0,0,0,0,,,,0,0,0,5,0,0,0,10,0,0,0,0,5,0
Gray Goodwyn,77984,WR,N CAROLINA,1,83.3,0,245,56.7,,54.2,0,0,0,0.0,0.0,,0,0,0,5,0,0,0,6,0,1,0,0,5,0
Marcus Crowley,97626,HB,OHIO STATE,1,21.7,0,260,56.7,29.8,,0,0,5,31.3,29.4,100.0,0,0,0,5,0,0,0,23,5,17,0,0,0,0
Deandre Bowman,40515,WR,GA STATE,1,100.0,0,175,60.1,,59.9,0,0,0,,,,0,0,0,5,0,0,0,5,0,0,0,0,5,0
Tyler Thomas,130503,T,KENT STATE,1,100.0,0,201,56.4,,56.3,0,0,0,,,,0,0,0,5,0,5,0,5,0,0,0,0,5,0
Isaiah Davis,123307,WR,UTSA,1,100.0,0,331,60.5,,60.6,0,0,0,,,,0,0,0,5,0,0,0,5,0,0,0,0,5,0
Kaedric Cobbs,123303,HB,UTSA,6,25.0,0,331,71.0,76.9,60.0,0,0,3,42.9,42.9,100.0,0,0,0,5,0,0,0,20,3,7,0,0,2,0
Holden Willis,123297,TE,USF,2,45.5,0,327,50.2,68.4,48.1,0,0,1,14.3,14.3,100.0,0,0,0,5,0,0,0,11,1,7,0,0,4,6
Connor Riddle,84145,WR,BOISE ST,2,83.3,0,120,55.1,,60.4,0,0,0,,,,0,0,0,5,0,0,0,6,0,0,0,0,5,0
Jack Heathcott,99541,WR,TCU,2,83.3,0,305,50.8,,42.0,0,0,0,0.0,0.0,,0,0,0,5,0,0,0,6,0,1,0,0,5,0
Rob Morrow,84161,WR,COAST CAR,2,100.0,0,141,60.5,,60.7,0,0,0,,,,0,0,0,5,0,0,0,5,0,0,0,0,5,0
Ronald Thompkins,101656,HB,NEBRASKA,2,27.8,0,238,68.5,67.5,50.2,0,0,1,11.1,11.1,100.0,0,0,0,5,0,0,0,18,1,9,0,0,4,0
Colson Yankoff,83589,QB,UCLA,2,100.0,0,324,60.1,,59.9,0,0,0,,,,0,0,0,5,0,0,0,5,0,0,0,0,5,0
Jared Edwards,77900,C,MEMPHIS,2,100.0,0,218,57.4,,57.2,0,0,0,,,,0,0,0,5,0,5,0,5,0,0,0,0,5,0
Chris Houston,122170,WR,CHARLOTTE,2,100.0,0,136,60.8,,61.5,0,0,0,,,,0,0,0,5,0,0,0,5,0,0,0,0,5,0
Kamdyn Benjamin,123241,WR,TULSA,1,83.3,0,320,58.5,,59.7,0,0,0,0.0,0.0,,0,0,0,5,0,0,0,6,0,1,0,0,5,0
Marshall Kellner,77377,T,KANSAS ST,1,100.0,0,199,60.3,71.9,59.9,0,0,2,100.0,100.0,100.0,0,0,0,5,5,0,0,5,2,2,0,0,3,0
John Jackson III,97866,WR,USC,3,71.4,0,326,75.0,,60.7,0,0,0,0.0,0.0,,0,0,0,5,0,0,0,7,0,2,0,0,5,0
Austyn Chestnut,61509,WR,N CAROLINA,1,71.4,0,245,59.6,,60.2,0,0,0,0.0,0.0,,0,0,0,5,0,0,0,7,0,2,0,0,5,0
Keegan Wilburn,130608,WR,OHIO,2,62.5,0,259,56.7,,60.3,0,0,0,0.0,0.0,,0,0,0,5,0,0,0,8,0,3,0,0,5,0
Gabriel Watson,123130,HB,TEXAS,2,41.7,0,311,69.0,70.8,59.7,0,0,0,,100.0,,0,0,0,5,0,0,0,12,1,1,0,0,4,0
Elijah Cooks,61501,WR,NEVADA,1,20.8,0,239,74.5,,59.8,0,0,0,0.0,0.0,,0,0,0,5,0,0,0,24,0,19,0,0,5,0
Coye' Fairman,61420,WR,MEMPHIS,1,31.3,0,218,61.4,,89.0,0,0,0,0.0,0.0,,0,0,0,5,0,0,0,16,0,11,0,0,5,0
Grant Loy,40276,QB,AUBURN,3,38.5,0,115,60.1,,60.0,0,0,0,0.0,0.0,,0,0,0,5,0,0,0,13,0,4,0,0,5,0
CJ Fletcher,61385,WR,LA MONROE,1,45.5,0,209,54.8,,60.4,0,0,0,0.0,0.0,,0,0,0,5,0,0,0,11,0,6,0,0,5,0
Bryce Thoman,125342,T,TEMPLE,2,100.0,0,306,52.5,73.1,52.5,0,0,2,100.0,100.0,100.0,0,0,0,5,0,5,0,5,2,2,0,0,3,0
Matt Duncan,125323,QB,TEMPLE,1,45.5,0,306,45.1,,60.0,0,0,0,0.0,0.0,,0,0,0,5,0,0,0,11,0,6,0,0,5,0
McKenly O'Neal,125276,DI,AIR FORCE,1,100.0,0,101,68.4,,69.3,0,0,0,,,,0,0,0,5,0,0,0,5,0,0,0,3,5,2
Tyler Dixon,130490,WR,KENT STATE,1,100.0,0,201,60.4,,60.5,0,0,0,,,,0,0,0,5,0,0,0,5,0,0,0,0,5,0
Seth Paige,83671,HB,GA STATE,1,35.7,0,175,52.2,71.5,59.3,0,0,1,25.0,20.0,100.0,0,0,0,5,0,0,0,14,1,5,0,0,4,0
Jaylen Nichols,99040,T,S CAROLINA,3,100.0,0,289,38.4,,50.8,0,0,0,,,,1,0,0,5,0,0,0,5,0,0,3,2,5,0
Dee Baker,100838,HB,SO MISS,9,14.3,0,296,60.5,78.9,78.7,0,0,4,23.5,23.5,100.0,0,0,0,5,0,0,0,35,4,17,0,0,1,0
Demetri Jordan,121932,T,SMU,1,100.0,0,287,56.4,,56.3,0,0,0,,,,0,0,0,5,0,5,0,5,0,0,0,0,5,0
Seth Hayes,98219,WR,ARK STATE,1,100.0,0,113,60.6,,60.8,0,0,0,,,,0,0,0,5,0,0,0,5,0,0,0,0,5,0
Andrew Acosta,61061,TE,UTSA,1,100.0,0,331,68.7,,69.0,0,0,0,,,,0,0,0,5,0,0,0,5,0,0,0,0,5,5
Brody Belt,83717,WR,NEBRASKA,6,50.0,0,238,60.5,,81.3,0,0,0,0.0,0.0,,0,0,0,5,0,0,0,10,0,5,0,0,5,0
Ethan Crowe,130330,T,BALL ST,2,100.0,0,117,56.5,67.6,54.6,0,0,1,100.0,100.0,100.0,0,0,0,5,5,0,0,5,1,1,0,0,4,0
Jacob Edwards,56342,G,CLEMSON,2,100.0,0,140,67.6,75.0,63.5,0,0,3,100.0,100.0,100.0,0,0,0,5,0,0,0,5,3,3,5,0,2,0
Deondre Jackson,124323,HB,TEXAS A&M,1,71.4,0,312,66.7,,50.9,0,0,0,,,,0,0,0,5,0,0,0,7,0,0,0,0,5,0
Earnest Crownover,124312,HB,TEXAS A&M,4,50.0,0,312,68.8,,59.4,0,0,0,0.0,0.0,,0,0,0,5,0,0,0,10,0,2,0,0,5,0
Parker Eichenberger,60907,TE,HOUSTON,4,100.0,0,182,58.8,,58.1,0,0,0,,,,0,0,0,5,0,0,0,5,0,0,0,0,5,2
Cavon Croom,100271,WR,BOWL GREEN,3,100.0,0,122,59.7,,59.1,0,0,0,,,,0,0,0,5,0,0,0,5,0,0,0,0,5,0
Jordan Wilmore,100585,HB,UTAH,2,16.1,0,328,65.5,77.2,60.0,0,0,4,33.3,33.3,100.0,0,0,0,5,0,0,0,31,4,12,0,0,1,0
Gavin Adams,122202,T,MIAMI FL,1,100.0,0,220,55.9,,55.7,0,0,0,,,,0,0,0,5,0,0,0,5,0,0,5,0,5,0
Blaise Sparks,129428,G,ILLINOIS,1,100.0,0,187,66.7,68.2,66.2,0,0,1,100.0,100.0,100.0,0,0,0,5,0,0,0,5,1,1,5,0,4,0
Finley Felix,99430,G,OKLAHOMA,1,100.0,0,261,59.9,,59.6,0,0,0,,,,0,0,0,5,0,0,0,5,0,0,0,5,5,0
Kazmeir Allen,83782,HB,UCLA,2,18.5,0,324,63.5,,60.3,0,0,0,0.0,0.0,,0,0,0,5,0,0,0,27,0,20,0,0,5,2
Praise Okorie,78783,WR,LA TECH,2,45.5,0,208,43.7,,59.8,0,0,0,0.0,0.0,,0,0,0,5,0,0,0,11,0,6,0,0,5,0
Caden Hilborn,98388,T,HAWAII,1,62.5,0,180,66.1,68.0,70.6,0,0,2,40.0,40.0,100.0,0,0,0,5,0,0,0,8,2,5,0,0,3,8
Tyshawn Wannamaker,124261,T,S CAROLINA,1,100.0,0,289,58.2,,58.0,0,0,0,,,,0,0,0,5,0,0,0,5,0,0,5,0,5,0
Jefferson Boaz,122822,QB,N CAROLINA,1,83.3,0,245,61.8,,60.0,0,0,0,0.0,0.0,,0,0,0,5,0,0,0,6,0,1,0,0,5,0
Tre Harris,122676,WR,LA TECH,2,33.3,0,208,67.1,,43.9,0,0,0,0.0,0.0,,0,0,0,5,0,0,0,15,0,10,0,0,5,1
Justin Menard,98555,WR,UCF,1,100.0,0,323,60.1,,59.9,0,0,0,,,,0,0,0,5,0,0,0,5,0,0,0,0,5,0
Christian Moore,122608,FB,KANSAS ST,2,100.0,0,199,59.7,65.1,58.7,0,0,1,100.0,100.0,100.0,0,0,0,5,0,0,0,5,1,1,0,0,4,2
Shawn Hendershot,124206,TE,MISSOURI,1,83.3,0,229,54.2,,55.8,0,0,0,0.0,0.0,,0,0,0,5,0,0,0,6,0,1,0,0,5,4
Justin Weller,61593,WR,PENN STATE,1,100.0,0,266,60.3,,60.5,0,0,0,,,,0,0,0,4,0,0,0,4,0,0,0,0,4,0
Monterio Hunt,61410,WR,RUTGERS,2,30.8,0,278,53.1,,59.4,0,0,0,0.0,0.0,,0,0,0,4,0,0,0,13,0,9,0,0,4,0
Jonathan Hess,81314,TE,OLE MISS,3,100.0,0,226,58.6,,56.0,0,0,0,,,,0,0,0,4,0,0,0,4,0,0,0,0,4,0
Tyler Guyton,123076,T,TCU,1,100.0,0,305,77.9,69.9,81.6,0,0,1,100.0,100.0,100.0,0,0,0,4,0,0,4,4,1,1,0,0,3,0
Elijah Wroten,98069,C,DUKE,1,100.0,0,154,66.1,,65.8,0,0,0,,,,0,0,0,4,0,4,0,4,0,0,0,0,4,0
Obi Obialo,42337,WR,OKLAHOMA,2,30.8,0,261,38.2,,60.1,0,0,0,0.0,0.0,,0,0,0,4,0,0,0,13,0,9,0,0,4,0
Trevor Hohlt,61161,WR,BALL ST,2,28.6,0,117,62.4,,60.0,0,0,0,0.0,0.0,,0,0,0,4,0,0,0,14,0,10,0,0,4,0
Nick Okeke,57936,ED,LOUISVILLE,3,100.0,0,210,60.2,60.9,60.6,0,0,1,100.0,100.0,100.0,1,0,0,4,0,0,0,4,1,1,0,0,3,0
Bryce Carpenter,82101,QB,COAST CAR,5,36.4,0,141,62.4,,60.0,0,0,0,0.0,0.0,,0,0,0,4,0,0,0,11,0,3,0,0,4,0
Isaiah Jones,123040,WR,SYRACUSE,1,80.0,0,304,58.5,,60.5,0,0,0,0.0,0.0,,0,0,0,4,0,0,0,5,0,1,0,0,4,0
Michael Bergen,98256,T,TOLEDO,1,100.0,0,316,66.2,71.8,68.1,0,0,1,100.0,100.0,100.0,0,0,0,4,0,0,4,4,1,1,0,0,3,0
Monroe Mills,122977,G,OKLA STATE,1,100.0,0,262,59.9,,59.5,0,0,0,,,,0,0,0,4,0,0,4,4,0,0,0,0,4,0
Cale Cabbiness,122962,WR,OKLA STATE,1,100.0,0,262,60.3,,60.2,0,0,0,,,,0,0,0,4,0,0,0,4,0,0,0,0,4,0
Carter Selzer,60959,TE,MICHIGAN,2,80.0,0,222,67.1,,71.6,0,0,0,0.0,0.0,,0,0,0,4,0,0,0,5,0,1,0,0,4,4
Ron Carr,98265,T,DUKE,1,100.0,0,154,44.7,,40.7,0,0,0,,,,0,0,0,4,0,0,4,4,0,0,0,0,4,0
Tanner Wiggins,42602,ED,LA LAFAYET,3,66.7,0,207,38.3,60.9,61.3,0,0,0,0.0,50.0,,0,0,0,4,0,0,0,6,1,2,0,0,3,0
Jake Lauer,60852,TE,ARMY,1,100.0,0,114,60.5,,60.5,0,0,0,,,,0,0,0,4,0,0,2,4,0,0,0,2,4,0
Landon Stevens,122848,WR,N CAROLINA,1,100.0,0,245,60.2,,60.3,0,0,0,,,,0,0,0,4,0,0,0,4,0,0,0,0,4,0
Sean McGonigal,58135,FB,S CAROLINA,1,100.0,0,289,65.1,,67.8,0,0,0,,,,0,0,0,4,0,0,0,4,0,0,0,0,4,0
Blair Brooks,49777,S,LA LAFAYET,2,100.0,0,207,60.0,,60.4,0,0,0,,,,0,0,0,4,0,0,0,4,0,0,0,0,4,0
D.J. Jones,122840,HB,N CAROLINA,3,20.0,0,245,76.8,70.0,59.4,0,0,0,0.0,16.7,,0,0,0,4,0,0,0,20,1,6,0,0,3,0
Billy Dozier,130549,WR,N ILLINOIS,2,57.1,0,254,57.1,,60.0,0,0,0,0.0,0.0,,0,0,0,4,0,0,0,7,0,3,0,0,4,0
Rhett Rodriguez,60332,QB,ARIZONA,1,18.2,0,109,29.7,,60.0,0,0,0,0.0,0.0,,0,0,0,4,0,0,0,22,0,18,0,0,4,0
Tyler Lytle,60364,QB,COLORADO,2,30.8,0,143,37.2,,60.0,0,0,0,0.0,0.0,,0,0,0,4,0,0,0,13,0,8,0,0,4,0
Donavon Hickman,98713,TE,LA MONROE,4,66.7,0,209,64.8,,68.3,0,0,0,0.0,0.0,,1,0,0,4,0,0,0,6,0,2,0,0,4,6
Zack Leininger,98715,TE,AKRON,2,80.0,0,102,58.9,,60.4,0,0,0,0.0,0.0,,0,0,0,4,0,0,0,5,0,1,0,0,4,4
PJ Poutasi,59647,G,CAL,1,100.0,0,130,67.1,72.0,66.2,0,0,1,100.0,100.0,100.0,0,0,0,4,0,4,0,4,1,1,0,0,3,0
Aveon Smith,130529,QB,MIAMI OH,1,50.0,0,221,71.5,,60.0,0,0,0,0.0,0.0,,0,0,0,4,0,0,0,8,0,1,0,0,4,0
Trent Kelley,58515,T,AUBURN,3,100.0,0,115,60.0,86.3,60.4,0,0,0,,100.0,,0,0,0,4,0,1,0,4,2,2,0,0,2,1
Dallas Holliday,81595,T,BOISE ST,2,100.0,0,120,66.1,,67.2,0,0,0,,,,0,0,0,4,0,3,0,4,0,0,0,0,4,0
Shane Clenin,58492,G,ARKANSAS,2,100.0,0,111,60.1,73.7,59.9,0,0,2,100.0,100.0,100.0,0,0,0,4,0,0,0,4,2,2,3,0,2,0
Isaiah Bravo,100828,QB,UTEP,1,57.1,0,330,42.4,,60.0,0,0,0,0.0,0.0,,0,0,0,4,0,0,0,7,0,3,0,0,4,0
Kardell Thomas,99101,T,LSU,1,100.0,0,211,53.4,,53.2,0,0,0,,,,0,0,0,4,0,4,0,4,0,0,0,0,4,0
Tyarise Stevenson,44422,DI,TULSA,3,100.0,0,320,64.7,,66.3,0,0,0,,,,2,0,0,4,0,0,0,4,0,0,0,0,4,0
McKinley Williams,44622,DI,SYRACUSE,2,80.0,0,304,56.7,,56.1,0,0,0,0.0,0.0,,1,0,0,4,0,0,0,5,0,1,0,0,4,0
A'Montae Spivey,99151,HB,ARKANSAS,1,36.4,0,111,61.4,23.8,,0,1,3,60.0,57.1,83.3,0,1,0,4,0,0,0,11,4,7,0,0,0,0
Will Spiers,45131,P,CLEMSON,2,50.0,0,140,48.2,,60.0,0,0,0,0.0,0.0,,0,0,0,4,0,0,0,8,0,3,0,0,4,0
Demetric Hardin,121807,WR,MIDDLE TN,1,33.3,0,224,48.5,63.5,35.8,0,0,1,11.1,11.1,100.0,0,0,0,4,0,0,0,12,1,9,0,0,3,0
Landon Burrell,121795,WR,MIDDLE TN,1,40.0,0,224,68.0,,60.4,0,0,0,0.0,0.0,,0,0,0,4,0,0,0,10,0,6,0,0,4,0
Bill Taylor,58330,C,AUBURN,3,100.0,0,115,60.0,83.8,60.0,0,0,0,,100.0,,0,0,0,4,2,0,0,4,2,2,0,0,2,0
T.J. Harvey,81509,C,SO MISS,4,100.0,0,296,60.0,70.5,60.0,0,0,1,100.0,100.0,100.0,0,0,0,4,1,0,0,4,2,2,0,0,2,1
TJ Green,34643,QB,NWESTERN,2,100.0,0,256,60.0,,60.0,0,0,0,,,,0,0,0,4,0,0,0,4,0,0,0,0,4,0
Javon Gantt,130434,WR,C MICHIGAN,2,100.0,0,134,59.6,,58.9,0,0,0,,,,0,0,0,4,0,0,0,4,0,0,0,0,4,1
Gunner Cruz,100575,QB,WASH STATE,1,28.6,0,341,71.7,,60.0,0,0,0,0.0,0.0,,0,0,0,4,0,0,0,14,0,10,0,0,4,0
Austin Henderson,130268,FB,MINNESOTA,1,100.0,0,225,56.0,,54.5,0,0,0,,,,0,0,0,4,0,0,0,4,0,0,0,0,4,0
Percy Butler,83271,S,LA LAFAYET,2,100.0,0,207,60.1,,61.8,0,0,0,,,,2,0,0,4,0,0,0,4,0,0,0,0,4,0
Malikhi Miller,101353,WR,S JOSE ST,2,80.0,0,285,57.9,,60.0,0,0,0,0.0,0.0,,0,0,0,4,0,0,0,5,0,1,0,0,4,0
Kam Pedescleaux,83278,CB,LA LAFAYET,2,100.0,0,207,60.7,,61.3,0,0,0,,,,1,0,0,4,0,0,0,4,0,0,0,0,4,0
Jaden Dottin,129774,WR,PENN STATE,1,100.0,0,266,60.2,,60.1,0,0,0,,,,0,0,0,4,0,0,0,4,0,0,0,0,4,0
Josh Fryar,129746,G,OHIO STATE,1,100.0,0,260,59.9,,59.7,0,0,0,,,,0,0,0,4,0,0,4,4,0,0,0,0,4,0
Brendan Smith,77879,TE,BOSTON COL,1,100.0,0,121,59.2,,58.9,0,0,0,,,,0,0,0,4,0,0,0,4,0,0,0,0,4,4
Jack Jamieson,101547,G,OHIO STATE,1,100.0,0,260,65.7,,65.2,0,0,0,,,,0,0,0,4,0,4,0,4,0,0,0,0,4,0
Jarrett Smith,77804,HB,TEXAS,2,57.1,0,311,52.6,,59.9,0,0,0,0.0,0.0,,0,0,0,4,0,0,0,7,0,1,0,0,4,0
Sal Wormley,101559,C,PENN STATE,1,100.0,0,266,66.6,,66.4,0,0,0,,,,0,0,0,4,0,4,0,4,0,0,0,0,4,0
Karmi Mackey,77794,HB,E MICHIGAN,1,21.1,0,160,49.9,17.3,,0,0,3,20.0,25.0,66.7,0,1,1,4,0,0,0,19,4,16,0,0,0,0
John Tank Miller Jr.,83758,HB,S ALABAMA,5,21.1,0,288,44.3,25.3,60.0,0,0,2,16.7,16.7,100.0,0,0,0,4,0,0,0,19,2,12,0,0,2,0
David Baker,129431,WR,INDIANA,1,100.0,0,190,60.2,,60.1,0,0,0,,,,0,0,0,4,0,0,0,4,0,0,0,0,4,0
Jourdan Quibodeaux,81275,LB,LA LAFAYET,2,100.0,0,207,60.0,,60.4,0,0,0,,,,1,0,0,4,0,0,0,4,0,0,0,0,4,0
Reynaldo Flores,83794,HB,UTEP,3,30.8,0,330,76.8,76.1,60.0,0,0,3,37.5,37.5,100.0,0,0,0,4,0,0,0,13,3,8,0,0,1,0
Kendall Major,100243,G,TOLEDO,1,100.0,0,316,58.7,71.2,55.9,0,0,1,100.0,100.0,100.0,0,0,0,4,4,0,0,4,1,1,0,0,3,0
Jay Rudolph,128313,TE,S DIEGO ST,1,100.0,0,284,69.9,,71.4,0,0,0,,,,0,0,0,4,0,0,0,4,0,0,0,0,4,4
Evan Morris,101618,FB,MICH STATE,1,80.0,0,223,50.4,72.7,44.8,0,0,1,50.0,50.0,100.0,0,0,0,4,0,0,0,5,1,2,0,0,3,2
Jaylon Armstead,128290,HB,S DIEGO ST,1,80.0,0,284,64.5,,59.4,0,0,0,,,,0,0,0,4,0,0,0,5,0,0,0,0,4,0
Ta'Quan Roberson,101625,QB,PENN STATE,1,100.0,0,266,60.0,,60.0,0,0,0,,,,0,0,0,4,0,0,0,4,0,0,0,0,4,0
Jairus Grissom,77691,WR,E MICHIGAN,2,40.0,0,160,65.1,,59.9,0,0,0,0.0,0.0,,0,0,0,4,0,0,0,10,0,3,0,0,4,0
Connor Witthoft,128287,TE,NEW MEXICO,2,100.0,0,241,68.0,,68.4,0,0,0,,,,0,0,0,4,0,0,0,4,0,0,0,0,4,4
James Graham,77621,QB,GA TECH,1,16.0,0,176,81.0,,60.0,0,0,0,0.0,0.0,,0,0,0,4,0,0,0,25,0,16,0,0,4,0
Jer'Marques Bailey,128253,T,NEW MEXICO,1,100.0,0,241,60.1,,60.0,0,0,0,,,,0,0,0,4,0,4,0,4,0,0,0,0,4,0
Koali Nishigaya,128207,HB,HAWAII,4,36.4,0,180,90.9,,59.9,0,0,0,0.0,0.0,,0,0,0,4,0,0,0,11,0,6,0,0,4,0
Mac Copeland,77475,TE,KANSAS,2,100.0,0,198,59.7,63.9,58.1,0,0,0,,100.0,,0,0,0,4,0,0,0,4,1,1,0,0,3,4
Russell Corrigan,128124,TE,BOISE ST,2,100.0,0,120,57.8,,57.0,0,0,0,,,,0,0,0,4,0,0,0,4,0,0,0,0,4,3
Ethan Voelker,77402,T,CINCINNATI,1,100.0,0,138,59.6,,59.2,0,0,0,,,,0,0,0,4,0,0,0,4,0,0,0,4,4,0
Michael Maye,77357,C,GA TECH,2,100.0,0,176,57.8,,57.6,0,0,0,,,,0,0,0,4,0,0,0,4,0,0,3,0,4,0
Anthony Richardson,124393,QB,FLORIDA,4,28.6,0,163,65.5,,60.0,0,0,0,0.0,0.0,,0,0,0,4,0,0,0,14,0,4,0,0,4,0
Hank Manos,81841,T,S CAROLINA,1,100.0,0,289,59.9,,59.6,0,0,0,,,,0,0,0,4,4,0,0,4,0,0,0,0,4,0
Jonathan Odom,124389,TE,FLORIDA,4,57.1,0,163,46.9,,46.3,0,0,0,0.0,0.0,,0,0,0,4,0,0,0,7,0,3,0,0,4,6
Saevion Johnson,40577,FB,FRESNO ST,2,66.7,0,169,50.1,,53.2,0,0,0,0.0,0.0,,0,0,0,4,0,0,0,6,0,1,0,0,4,3
Devin Price,124339,WR,TEXAS A&M,1,100.0,0,312,60.3,,60.4,0,0,0,,,,0,0,0,4,0,0,0,4,0,0,0,0,4,0
Jesiah Irish,84371,WR,OREGON ST,4,33.3,0,265,47.1,,60.2,0,0,0,0.0,0.0,,1,0,0,4,0,0,0,12,0,7,0,0,4,0
Moose Muhammad III,124334,WR,TEXAS A&M,2,80.0,0,312,58.2,,59.9,0,0,0,0.0,0.0,,0,0,0,4,0,0,0,5,0,1,0,0,4,0
Kameron King,81844,G,SO MISS,3,100.0,0,296,56.0,,55.6,0,0,0,,,,0,0,0,4,0,0,0,4,0,0,0,0,4,3
Jaxon Player,77002,ED,TULSA,3,100.0,1,320,65.7,,67.7,0,0,0,,,,11,0,0,4,0,0,0,4,0,0,0,0,4,0
Will Crowley,99686,TE,N CAROLINA,1,100.0,0,245,52.9,,52.5,0,0,0,,,,0,0,0,4,0,0,0,4,0,0,0,0,4,4
Tyler Crowe,101219,HB,BOISE ST,4,40.0,0,120,66.1,,58.1,0,0,0,0.0,0.0,,0,0,0,4,0,0,0,10,0,1,0,0,4,0
Brad Dennis,84421,WR,SO MISS,3,80.0,0,296,57.7,,59.7,0,0,0,0.0,0.0,,0,0,0,4,0,0,0,5,0,1,0,0,4,0
Christian Harris,101728,WR,INDIANA,1,100.0,0,190,59.5,,58.6,0,0,0,,,,0,0,0,4,0,0,0,4,0,0,0,0,4,0
Jaret Curtis,40798,WR,W MICHIGAN,1,80.0,0,347,59.4,,60.0,0,0,0,0.0,0.0,,0,0,0,4,0,0,0,5,0,1,0,0,4,0
Brady Schipper,84518,HB,WISCONSIN,2,26.7,0,349,57.0,14.5,60.0,0,0,3,30.0,30.0,100.0,0,0,0,4,0,0,0,15,3,10,0,0,1,0
Justin Robinson,124036,WR,GEORGIA,1,57.1,0,173,57.1,,60.2,0,0,0,0.0,0.0,,0,0,0,4,0,0,0,7,0,3,0,0,4,0
Alec Ogden,100820,QB,MIDDLE TN,2,30.8,0,224,53.4,,60.3,0,0,0,0.0,0.0,,0,0,0,4,0,0,0,13,0,9,0,0,4,0
Jake Rogers,97075,WR,BOWL GREEN,2,80.0,0,122,57.4,,58.4,0,0,0,0.0,0.0,,0,0,0,4,0,0,0,5,0,1,0,0,4,0
Ja'len Johnson,56016,S,LA LAFAYET,2,100.0,0,207,60.0,,61.3,0,0,0,,,,0,0,0,4,0,0,0,4,0,0,0,0,4,0
Treshaun Ward,99619,HB,FLORIDA ST,1,40.0,0,167,75.2,,39.9,0,0,0,0.0,0.0,,0,0,0,4,0,0,0,10,0,4,0,0,4,0
Cam Cooper,78170,WR,W MICHIGAN,1,57.1,0,347,40.9,,60.0,0,0,0,0.0,0.0,,0,0,0,4,0,0,0,7,0,3,0,0,4,0
Luke Purnell,123863,TE,GA STATE,2,100.0,0,175,49.5,,46.1,0,0,0,,,,0,0,0,4,0,0,0,4,0,0,0,0,4,3
Cameron Golden,123855,T,GA STATE,2,100.0,0,175,60.2,,60.0,0,0,0,,,,0,0,0,4,0,0,4,4,0,0,0,0,4,0
Kris Byrd,123848,TE,GA STATE,2,100.0,0,175,55.1,,54.2,0,0,0,,,,0,0,0,4,0,0,0,4,0,0,0,0,4,4
Hampton Earle,99604,WR,CLEMSON,2,57.1,0,140,58.5,,60.0,0,0,0,0.0,0.0,,0,0,0,4,0,0,0,7,0,3,0,0,4,0
Knowledge McDaniel,97294,HB,MARSHALL,5,8.0,0,214,85.7,75.9,60.0,0,0,2,18.2,21.4,100.0,0,0,0,4,0,0,0,50,3,14,0,0,1,0
Parker Navarro,123758,QB,UCF,1,100.0,0,323,60.0,,60.0,0,0,0,,,,0,0,0,4,0,0,0,4,0,0,0,0,4,0
Larry McCammon III,97309,HB,FAU,2,12.1,0,165,68.7,76.1,59.6,0,0,2,14.3,14.3,100.0,0,0,0,4,0,0,0,33,2,14,0,0,2,0
Marquez Bell,123555,WR,CINCINNATI,1,100.0,0,138,60.3,,60.3,0,0,0,,,,0,0,0,4,0,0,0,4,0,0,0,0,4,0
Trejan Bridges,97600,WR,OKLAHOMA,2,23.5,0,261,55.6,,60.0,0,0,0,0.0,0.0,,0,0,0,4,0,0,0,17,0,13,0,0,4,0
Dillon Brooks,123475,C,LA MONROE,1,100.0,0,209,63.7,69.0,66.1,0,0,1,100.0,100.0,100.0,0,0,0,4,4,0,0,4,1,1,0,0,3,0
Darius Ocean,123459,QB,W KENTUCKY,1,66.7,0,346,45.4,,60.0,0,0,0,0.0,0.0,,0,0,0,4,0,0,0,6,0,2,0,0,4,0
Miyan Williams,62608,HB,OHIO STATE,4,26.7,0,260,91.6,70.3,60.0,0,0,1,50.0,66.7,100.0,0,0,0,4,0,0,0,15,2,3,0,0,2,0
Tyler Guidry,97717,ED,LA LAFAYET,2,100.0,0,207,60.1,,61.8,0,0,0,,,,0,0,0,4,0,0,0,4,0,0,0,0,4,0
Kyle Arnoldi,130643,C,W MICHIGAN,1,100.0,0,347,60.1,70.4,59.7,0,0,1,100.0,100.0,100.0,0,0,0,4,4,0,0,4,1,1,0,0,3,0
Dawaiian McNeely,97815,HB,WYOMING,2,19.0,0,351,72.8,,59.8,0,0,0,0.0,0.0,,0,0,0,4,0,0,0,21,0,3,0,0,4,0
Vinny Sciury,130632,C,TOLEDO,1,100.0,0,316,60.3,72.0,59.8,0,0,1,100.0,100.0,100.0,0,0,0,4,0,4,0,4,1,1,0,0,3,0
JD Kavel,97817,WR,WAKE,1,66.7,0,339,89.3,,60.3,0,0,0,0.0,0.0,,0,0,0,4,0,0,0,6,0,2,0,0,4,0
Donivan Wright,131963,WR,E MICHIGAN,2,25.0,0,160,62.5,,60.1,0,0,0,0.0,0.0,,0,0,0,4,0,0,0,16,0,12,0,0,4,0
Parker Alford,99529,WR,TEXAS,1,100.0,0,311,60.2,,60.2,0,0,0,,,,0,0,0,4,0,0,0,4,0,0,0,0,4,0
Mike Morris,77501,G,KENT STATE,1,100.0,0,201,60.0,,60.2,0,0,0,,,,0,0,0,3,3,0,0,3,0,0,0,0,3,0
Tanner McKee,131770,QB,STANFORD,1,25.0,0,300,55.5,,60.0,0,0,0,0.0,0.0,,0,0,0,3,0,0,0,12,0,9,0,0,3,0
Ben Dooley,101247,DI,BOISE ST,1,100.0,0,120,69.8,,80.7,0,0,0,,,,0,0,0,3,0,0,3,3,0,0,0,0,3,0
Donovan Ollie,100651,WR,WASH STATE,3,16.7,0,341,61.5,,60.0,0,0,0,0.0,0.0,,0,0,0,3,0,0,0,18,0,15,0,0,3,0
Siale Taupaki,100432,T,UCLA,1,100.0,0,324,58.8,,58.7,0,0,0,,,,0,0,0,3,0,0,0,3,0,0,3,0,3,0
Nigel Drummond II,100272,WR,OHIO,1,100.0,0,259,60.0,,60.0,0,0,0,,,,0,0,0,3,0,0,0,3,0,0,0,0,3,0
Jonathan Barna,100223,HB,OHIO,1,25.0,0,259,56.8,68.5,60.0,0,0,1,50.0,50.0,100.0,0,0,0,3,0,0,0,12,1,2,0,0,2,0
Xavier Johnson,101641,HB,OHIO STATE,2,42.9,0,260,66.4,,59.9,0,0,0,,,,0,0,0,3,0,0,0,7,0,0,0,0,3,0
Trevor Baker,101693,TE,PENN STATE,1,100.0,0,266,60.0,,60.0,0,0,0,,,,0,0,0,3,0,0,0,3,0,0,0,0,3,3
Teddy Centofanti,99709,WR,WAKE,1,100.0,0,339,60.1,,60.1,0,0,0,,,,0,0,0,3,0,0,0,3,0,0,0,0,3,0
Hunter Shope,99684,G,N CAROLINA,1,100.0,0,245,57.9,,57.8,0,0,0,,,,0,0,0,3,0,3,0,3,0,0,0,0,3,0
Ira Henry III,99683,T,FLORIDA ST,1,100.0,0,167,60.1,75.5,,0,0,3,100.0,100.0,100.0,0,0,0,3,0,3,0,3,3,3,0,0,0,0
Jayrin Wilson,102663,CB,LA LAFAYET,2,100.0,0,207,60.2,,61.0,0,0,0,,,,1,0,0,3,0,0,0,3,0,0,0,0,3,0
Quardraiz Wadley,57460,HB,UTEP,1,30.0,0,330,47.2,74.7,60.0,0,0,2,50.0,50.0,100.0,0,0,0,3,0,0,0,10,2,4,0,0,1,0
Jake Broom,102752,TE,COAST CAR,1,100.0,0,141,60.3,65.4,59.8,0,0,0,,100.0,,0,0,0,3,0,0,0,3,1,1,0,0,2,3
Verneal Henshaw Jr.,102816,T,GA SOUTHRN,1,100.0,0,174,59.6,,59.0,0,0,0,,,,0,0,0,3,0,0,3,3,0,0,0,0,3,0
Jaewan Boyd,99610,WR,VA TECH,2,75.0,0,337,57.6,,60.1,0,0,0,0.0,0.0,,0,0,0,3,0,0,0,4,0,1,0,0,3,0
Langston Anderson,99546,WR,OKLA STATE,2,50.0,0,262,57.5,,60.0,0,0,0,0.0,0.0,,0,0,0,3,0,0,0,6,0,3,0,0,3,0
Donavon Grier,102942,WR,GA STATE,2,75.0,0,175,58.7,,60.0,0,0,0,0.0,0.0,,0,0,0,3,0,0,0,4,0,1,0,0,3,0
Deryl Reynolds,99483,HB,TCU,2,75.0,0,305,58.6,,59.8,0,0,0,0.0,0.0,,0,0,0,3,0,0,0,4,0,1,0,0,3,0
Dorian Etheridge,57937,LB,LOUISVILLE,3,100.0,0,210,60.0,,60.1,0,0,0,,,,0,0,0,3,0,0,0,3,0,0,0,0,3,0
Monty Montgomery,58203,LB,LOUISVILLE,3,100.0,1,210,60.0,,60.0,0,0,0,,,,4,0,0,3,0,0,0,3,0,0,0,0,3,0
Jalen Parker,121499,QB,UAB,1,75.0,0,321,60.2,,60.0,0,0,0,,,,0,0,0,3,0,0,0,4,0,0,0,0,3,0
Jacardia Wright,99250,HB,KANSAS ST,4,20.0,0,199,65.8,,60.0,0,0,0,0.0,0.0,,0,0,0,3,0,0,0,15,0,6,0,0,3,0
Devonta Lee,99245,WR,LSU,1,37.5,0,211,56.7,,60.1,0,0,0,0.0,0.0,,0,0,0,3,0,0,0,8,0,5,0,0,3,0
Seth Cottengim,58326,LS,ARK STATE,3,100.0,0,113,60.0,99.9,60.0,0,0,1,100.0,100.0,100.0,0,0,0,3,0,0,0,3,2,2,0,0,1,0
Kenyon Jackson,99210,WR,TEXAS A&M,1,100.0,0,312,60.1,,60.0,0,0,0,,,,0,0,0,3,0,0,0,3,0,0,0,0,3,0
Mike DiLiello,121801,QB,MIDDLE TN,1,30.0,0,224,73.4,,60.0,0,0,0,0.0,0.0,,0,0,0,3,0,0,0,10,0,6,0,0,3,0
Willie Eldridge,122009,HB,UTEP,1,25.0,0,330,55.6,77.4,,0,0,3,42.9,42.9,100.0,0,0,0,3,0,0,0,12,3,7,0,0,0,0
Mike Malewitz,122028,WR,UTEP,2,50.0,0,330,56.2,,60.1,0,0,0,0.0,0.0,,0,0,0,3,0,0,0,6,0,3,0,0,3,0
Demarkcus Bowman,122141,HB,CLEMSON,2,25.0,0,140,69.3,74.2,,0,0,3,100.0,100.0,100.0,0,0,0,3,0,0,0,12,3,3,0,0,0,0
Bryan Bresee,122142,DI,CLEMSON,3,100.0,1,140,60.0,,59.0,0,0,0,,,,4,0,0,3,0,0,0,3,0,0,0,0,3,1
Cal Adomitis,58393,LS,PITTSBURGH,3,100.0,0,268,60.0,,60.0,0,0,0,,,,0,0,0,3,0,0,0,3,0,0,0,0,3,0
Camden Coleman,98897,S,VANDERBILT,3,100.0,0,333,60.1,,60.2,0,0,0,,,,0,0,0,3,0,0,0,3,0,0,0,0,3,0
CJ Beasley,122317,HB,COAST CAR,1,25.0,0,141,78.8,67.8,60.0,0,0,1,50.0,50.0,100.0,0,0,0,3,0,0,0,12,1,2,0,0,2,0
Isaiah Connelly,122329,HB,COAST CAR,1,30.0,0,141,67.6,68.1,59.9,0,0,1,50.0,50.0,100.0,0,0,0,3,0,0,0,10,1,2,0,0,2,0
Derek Dorsey,44209,DI,LOUISVILLE,3,100.0,0,210,60.0,,60.5,0,0,0,,,,0,0,0,3,0,0,0,3,0,0,0,0,3,0
Carter Boatwright,122393,TE,FLORIDA ST,1,100.0,0,167,60.0,,60.0,0,0,0,,,,0,0,0,3,0,0,0,3,0,0,0,0,3,3
Broc Bando,59911,T,NEBRASKA,1,100.0,0,238,60.4,73.8,60.0,0,0,2,100.0,100.0,100.0,0,0,0,3,0,0,0,3,2,2,3,0,1,0
Teva Reynolds,122457,C,GA SOUTHRN,1,100.0,0,174,64.8,,64.8,0,0,0,,,,0,0,0,3,0,0,0,3,0,0,3,0,3,0
Randy Wade Jr.,43888,ED,GA SOUTHRN,3,100.0,0,174,64.0,,67.0,0,0,0,,,,1,0,0,3,0,0,0,3,0,0,0,0,3,0
Kenny Hebert,43827,LB,VANDERBILT,3,100.0,0,333,60.0,,60.1,0,0,0,,,,0,0,0,3,0,0,0,3,0,0,0,0,3,0
Hunter Johnson,60362,QB,NWESTERN,1,100.0,0,256,60.0,,60.0,0,0,0,,,,0,0,0,3,0,0,0,3,0,0,0,0,3,0
Harlan Dixon,122669,HB,LA TECH,3,12.5,0,208,65.1,83.6,,0,0,3,20.0,20.0,100.0,0,0,0,3,0,0,0,24,3,15,0,0,0,0
Damarius Good,98554,HB,UCF,3,23.1,0,323,73.1,67.5,60.0,0,0,1,16.7,14.3,100.0,0,0,0,3,0,0,0,13,1,7,0,0,2,0
Westin Elliott,60433,QB,LA TECH,1,75.0,0,208,86.4,,60.0,0,0,0,0.0,0.0,,0,0,0,3,0,0,0,4,0,1,0,0,3,0
Rodney Thompson,60491,QB,N ILLINOIS,2,23.1,0,254,52.1,,60.0,0,0,0,0.0,0.0,,0,0,0,3,0,0,0,13,0,5,0,0,3,0
Rhett Williams,98465,TE,MIAMI OH,1,100.0,0,221,58.5,,57.8,0,0,0,,,,0,0,0,3,0,0,0,3,0,0,0,0,3,3
Kannon Biggs,98415,G,TROY,1,100.0,0,318,60.0,,60.0,0,0,0,,,,0,0,0,3,0,3,0,3,0,0,0,0,3,0
Carson Burt,98394,T,TROY,1,100.0,0,318,60.0,,60.0,0,0,0,,,,0,0,0,3,0,0,3,3,0,0,0,0,3,0
Nathan Thomas,98390,G,LA LAFAYET,1,100.0,0,207,66.2,69.0,68.2,0,0,1,100.0,100.0,100.0,0,0,0,3,0,0,3,3,1,1,0,0,2,0
C.J. Avery,60683,LB,LOUISVILLE,3,100.0,0,210,60.0,,60.0,0,0,0,,,,1,0,0,3,0,0,0,3,0,0,0,0,3,0
Joe Hocker,98360,TE,FIU,1,75.0,0,166,55.5,,57.3,0,0,0,0.0,0.0,,0,0,0,3,0,0,0,4,0,1,0,0,3,4
Luka Trifunovic,98284,G,NWESTERN,1,100.0,0,256,59.8,,59.7,0,0,0,,,,0,0,0,3,0,0,0,3,0,0,3,0,3,0
Tyler Burnsed,98257,C,TROY,1,100.0,0,318,60.2,70.6,59.9,0,0,1,100.0,100.0,100.0,0,0,0,3,0,0,0,3,1,1,3,0,2,0
Kurt Rafdal,60971,TE,NEBRASKA,3,20.0,0,238,55.1,,59.2,0,0,0,0.0,0.0,,0,0,0,3,0,0,0,15,0,12,0,0,3,7
Josh Falo,61055,TE,USC,2,75.0,0,326,57.1,70.0,56.9,0,0,1,50.0,50.0,100.0,0,0,0,3,0,0,0,4,1,2,0,0,2,2
Roger Rosengarten,131912,T,WASHINGTON,1,100.0,0,340,59.8,,59.3,0,0,0,,,,0,0,0,3,0,0,0,3,0,0,0,2,3,0
Adam Derry,98049,T,MIDDLE TN,1,100.0,0,224,59.8,7.5,,1,0,3,100.0,100.0,83.3,0,1,0,3,0,3,0,3,3,3,0,0,0,0
Ben Reppenhagen,123097,TE,TCU,1,100.0,0,305,53.5,,52.4,0,0,0,,,,0,0,0,3,0,0,0,3,0,0,0,0,3,3
Jay Wilkerson,131961,WR,WASH STATE,1,60.0,0,341,56.8,,59.9,0,0,0,0.0,0.0,,0,0,0,3,0,0,0,5,0,2,0,0,3,0
Tanner Schafer,42175,QB,OKLAHOMA,1,60.0,0,261,61.5,,60.0,0,0,0,,,,0,0,0,3,0,0,0,5,0,0,0,0,3,0
Austin Chrismon,61511,WR,N CAROLINA,1,60.0,0,245,66.1,,60.0,0,0,0,0.0,0.0,,0,0,0,3,0,0,0,5,0,2,0,0,3,0
Matthew Redmond,123231,WR,TULANE,1,100.0,0,319,60.1,,60.1,0,0,0,,,,0,0,0,3,0,0,0,3,0,0,0,0,3,0
Torry Locklin,97792,HB,KANSAS,2,100.0,0,198,60.0,,59.3,0,0,0,,,,0,0,0,3,0,0,0,3,0,0,0,0,3,0
Jordan Smith,123294,QB,USF,1,100.0,0,327,60.0,,60.0,0,0,0,,,,0,0,0,3,0,0,0,3,0,0,0,0,3,0
Monte Williams,123338,T,UTSA,1,100.0,0,331,60.0,,63.1,0,0,0,,,,0,0,0,3,0,0,0,3,0,0,0,3,3,0
Jake Jones,41902,C,FAU,1,100.0,0,165,60.0,,59.6,0,0,0,,,,0,0,0,3,3,0,0,3,0,0,0,0,3,0
Quavaris Crouch,97635,LB,TENNESSEE,3,100.0,0,307,60.0,76.0,,0,0,3,100.0,100.0,100.0,0,0,0,3,0,0,0,3,3,3,0,0,0,0
Chris Mayo,123425,G,W VIRGINIA,1,100.0,0,343,63.6,,67.1,0,0,0,,,,0,0,0,3,0,0,3,3,0,0,0,0,3,0
Quantavious Leslie,123456,T,W KENTUCKY,1,100.0,0,346,65.9,,66.1,0,0,0,,,,0,0,0,3,0,3,0,3,0,0,0,0,3,0
Theo Jackson,62919,CB,TENNESSEE,3,100.0,0,307,60.0,71.5,,0,0,3,100.0,100.0,100.0,0,0,0,3,0,0,0,3,3,3,0,0,0,0
Alex Smith,41781,G,GA SOUTHRN,1,100.0,0,174,60.0,,59.9,0,0,0,,,,0,0,0,3,3,0,0,3,0,0,0,0,3,0
Jaquel Pierce,41589,ED,TEXAS ST,2,100.0,0,314,60.0,60.9,60.1,0,0,1,100.0,100.0,100.0,0,0,0,3,0,0,0,3,1,1,0,0,2,0
Dino Tomlin,97422,WR,MARYLAND,1,60.0,0,215,57.2,,60.0,0,0,0,0.0,0.0,,0,0,0,3,0,0,0,5,0,2,0,0,3,0
Johnny Richardson,123760,HB,UCF,3,11.5,0,323,74.4,75.3,,0,0,3,20.0,20.0,100.0,0,0,0,3,0,0,0,26,3,15,0,0,0,0
Tucker Finkelston,123775,LS,VIRGINIA,3,100.0,0,335,60.0,97.8,60.0,0,0,2,100.0,100.0,100.0,0,0,0,3,0,0,0,3,2,2,0,0,1,0
Jonathan Brown,123847,T,GA STATE,1,100.0,0,175,54.1,,53.8,0,0,0,,,,0,0,0,3,0,3,0,3,0,0,0,0,3,0
Cam Davis,72376,HB,WASHINGTON,4,8.1,0,340,69.3,,60.0,0,0,0,0.0,0.0,,0,0,0,3,0,0,0,37,0,18,0,0,3,0
Beau Allen,73936,QB,KENTUCKY,2,25.0,0,202,38.2,,60.0,0,0,0,0.0,0.0,,1,0,0,3,0,0,0,12,0,9,0,0,3,0
Jacquez Stuart,97125,HB,TOLEDO,1,42.9,0,316,55.5,,59.9,0,0,0,0.0,0.0,,0,0,0,3,0,0,0,7,0,1,0,0,3,0
Marcus Henderson,123956,G,ARKANSAS,2,100.0,0,111,54.8,,46.5,0,0,0,,,,0,0,0,3,0,0,0,3,0,0,0,0,3,1
Chris Lovick,97101,HB,TULSA,2,21.4,0,320,76.1,38.9,60.0,0,0,2,50.0,50.0,100.0,0,0,0,3,0,0,0,14,2,4,0,0,1,0
Aaron Bedgood,97079,WR,COAST CAR,1,100.0,0,141,59.9,,59.3,0,0,0,,,,0,0,0,3,0,0,0,3,0,0,0,0,3,0
Blaze Alldredge,75826,LB,RICE,2,100.0,1,275,60.0,60.5,60.0,0,0,0,,100.0,,1,0,0,3,0,0,0,3,1,1,0,0,2,0
Cade Degraw,124057,LS,KENTUCKY,3,100.0,0,202,60.0,,60.0,0,0,0,,,,0,0,0,3,0,0,0,3,0,0,0,0,3,0
Earnest Sanders,124078,WR,KENTUCKY,1,100.0,0,202,60.1,,60.1,0,0,0,,,,0,0,0,3,0,0,0,3,0,0,0,0,3,0
Chris Wiggins,84550,WR,CHARLOTTE,1,100.0,0,136,59.4,,56.7,0,0,0,,,,0,0,0,3,0,0,0,3,0,0,0,0,3,0
Austin Osborne,84502,WR,WASHINGTON,1,50.0,0,340,55.4,,60.1,0,0,0,0.0,0.0,,0,0,0,3,0,0,0,6,0,3,0,0,3,0
Patrick Ballard,84468,WR,UNLV,1,33.3,0,325,46.7,,60.0,0,0,0,0.0,0.0,,0,0,0,3,0,0,0,9,0,6,0,0,3,0
Jacoby Hopkins,84448,WR,TEXAS ST,2,30.0,0,314,57.0,,60.0,0,0,0,0.0,0.0,,0,0,0,3,0,0,0,10,0,7,0,0,3,0
Austin Smith,76880,T,GA TECH,1,100.0,0,176,59.4,,58.9,0,0,0,,,,0,0,0,3,0,0,0,3,0,0,0,3,3,0
Jabari Small,124298,HB,TENNESSEE,6,6.0,0,307,73.1,,39.7,0,0,0,0.0,0.0,,0,0,0,3,0,0,0,50,0,21,0,0,3,0
Yasir Abdullah,77100,ED,LOUISVILLE,3,100.0,0,210,60.0,,60.3,0,0,0,,,,0,0,0,3,0,0,0,3,0,0,0,0,3,0
Garrett Kahmann,133204,QB,LA MONROE,2,21.4,0,209,35.8,,60.0,0,0,0,0.0,0.0,,0,0,0,3,0,0,0,14,0,4,0,0,3,0
Ethan Barr,124345,LB,VANDERBILT,3,100.0,0,333,60.0,,59.5,0,0,0,,,,0,0,0,3,0,0,0,3,0,0,0,0,3,0
Micah Jones,84352,WR,NOTRE DAME,1,100.0,0,258,60.1,,60.0,0,0,0,,,,0,0,0,3,0,0,0,3,0,0,0,0,3,0
Brody Carper,77279,G,MIAMI OH,1,100.0,0,221,60.0,,57.0,0,0,0,,,,0,0,0,3,3,0,0,3,0,0,0,0,3,0
Sam Davis,125321,T,TEMPLE,1,100.0,0,306,36.6,,35.6,0,0,0,,,,0,0,0,3,0,0,0,3,0,0,3,0,3,0
James Della Pesca,125322,TE,TEMPLE,1,100.0,0,306,59.7,,57.8,0,0,0,,,,0,0,0,3,0,0,0,3,0,0,0,0,3,3
Chevy Trask Jr.,125343,G,TEMPLE,1,100.0,0,306,59.7,,59.2,0,0,0,,,,0,0,0,3,0,0,3,3,0,0,0,0,3,0
Miles Zietek,125350,C,TEMPLE,1,100.0,0,306,63.3,,67.4,0,0,0,,,,0,0,0,3,0,0,0,3,0,0,0,3,3,0
Nick Mackovic,77354,G,N CAROLINA,1,100.0,0,245,65.9,,66.0,0,0,0,,,,0,0,0,3,0,0,0,3,0,0,3,0,3,0
Matt Fink,40553,QB,USC,1,75.0,0,326,61.7,,60.0,0,0,0,0.0,0.0,,0,0,0,3,0,0,0,4,0,1,0,0,3,0
Andy Peters,128138,QB,BOISE ST,1,25.0,0,120,55.6,,60.0,0,0,0,0.0,0.0,,0,0,0,3,0,0,0,12,0,9,0,0,3,0
Jahmeel Rice,133205,WR,LA MONROE,1,75.0,0,209,57.7,,59.9,0,0,0,0.0,0.0,,0,0,0,3,0,0,0,4,0,1,0,0,3,0
Nick Williams,77481,C,KANSAS,1,100.0,0,198,60.0,73.1,60.0,0,0,2,100.0,100.0,100.0,0,0,0,3,0,0,0,3,2,2,0,3,1,0
Dior Scott,128211,WR,HAWAII,1,60.0,0,180,57.9,,60.0,0,0,0,0.0,0.0,,0,0,0,3,0,0,0,5,0,2,0,0,3,0
Micah Soliai Howlett,128214,C,HAWAII,1,100.0,0,180,60.0,,59.8,0,0,0,,,,0,0,0,3,0,0,3,3,0,0,0,0,3,0
John O'Brian,77497,G,BOWL GREEN,1,100.0,0,122,59.1,26.7,60.0,0,1,2,100.0,100.0,75.0,0,1,0,3,0,0,0,3,2,2,3,0,1,0
Cameron Cooper,100805,G,UTEP,1,100.0,0,330,68.2,,76.6,0,0,0,,,,0,0,0,3,0,0,0,3,0,0,0,3,3,0
Grant Beucler,77667,QB,TCU,2,100.0,0,305,60.0,,60.0,0,0,0,,,,0,0,0,3,0,0,0,3,0,0,0,0,3,0
Cameron Fleming,77736,HB,MEMPHIS,1,75.0,0,218,67.8,,60.0,0,0,0,,,,0,0,0,3,0,0,0,4,0,0,0,0,3,0
Kalvin Souders,128372,WR,UNLV,1,20.0,0,325,53.0,,60.0,0,0,0,0.0,0.0,,0,0,0,3,0,0,0,15,0,12,0,0,3,0
Ezeqiel Marion,134129,TE,GA STATE,1,100.0,0,175,60.2,,60.1,0,0,0,,,,0,0,0,3,0,0,0,3,0,0,0,0,3,3
Charles Strong,83775,HB,TROY,2,12.5,0,318,61.4,,60.0,0,0,0,0.0,0.0,,0,0,0,3,0,0,0,24,0,2,0,0,3,0
Jeremy Banks,83769,LB,TENNESSEE,3,100.0,0,307,60.0,75.5,,0,0,3,100.0,100.0,100.0,2,0,0,3,0,0,0,3,3,3,0,0,0,0
Lorenzo Lingard,77779,HB,FLORIDA,5,23.1,0,163,76.0,,59.8,0,0,0,0.0,0.0,,0,0,0,3,0,0,0,13,0,5,0,0,3,0
Dane Saltarelli,77876,FB,OKLAHOMA,1,100.0,0,261,59.0,,58.1,0,0,0,,,,0,0,0,3,0,0,0,3,0,0,0,0,3,1
Wes Obermeier,77905,TE,BALL ST,1,100.0,0,117,59.7,,59.4,0,0,0,,,,0,0,0,3,0,0,0,3,0,0,0,0,3,3
Cammon Cooper,83591,QB,WASH STATE,2,13.0,0,341,68.6,,60.0,0,0,0,0.0,0.0,,0,0,0,3,0,0,0,23,0,18,0,0,3,0
Joe Hardison,78000,WR,DUKE,1,75.0,0,154,58.0,,59.8,0,0,0,0.0,0.0,,0,0,0,3,0,0,0,4,0,1,0,0,3,0
Devon Modster,40118,QB,CAL,1,75.0,0,130,79.1,,60.0,0,0,0,0.0,0.0,,0,0,0,3,0,0,0,4,0,1,0,0,3,0
Shakif Seymour,40052,HB,TOLEDO,2,9.7,0,316,75.4,76.5,,0,0,2,15.4,20.0,100.0,0,0,0,3,0,0,0,31,3,15,0,0,0,0
DeJuan Ellis,78007,WR,MARYLAND,1,42.9,0,215,63.1,,60.0,0,0,0,0.0,0.0,,0,0,0,3,0,0,0,7,0,4,0,0,3,0
Kenny Tracy,130531,HB,MIAMI OH,2,23.1,0,221,52.2,,60.0,0,0,0,0.0,0.0,,0,0,0,3,0,0,0,13,0,2,0,0,3,0
Matt Robinson,82130,QB,ILLINOIS,2,27.3,0,187,74.8,,60.0,0,0,0,0.0,0.0,,0,0,0,3,0,0,0,11,0,8,0,0,3,0
Harrison Smith,82058,P,VANDERBILT,3,100.0,0,333,60.3,,60.2,0,0,0,,,,0,0,0,3,0,0,0,3,0,0,0,0,3,0
DeMeer Blankumsee,130613,WR,TOLEDO,2,75.0,0,316,58.1,,59.9,0,0,0,0.0,0.0,,0,0,0,3,0,0,0,4,0,1,0,0,3,0
LeMaro Smith Jr.,78208,WR,BUFFALO,1,100.0,0,126,60.0,,60.0,0,0,0,,,,0,0,0,3,0,0,0,3,0,0,0,0,3,0
Lucas Gramlick,81886,C,UCLA,1,100.0,0,324,65.7,,68.3,0,0,0,,,,0,0,0,3,0,0,3,3,0,0,0,0,3,0
Aidan Lee,131653,WR,CAL,1,75.0,0,130,36.9,,60.2,0,0,0,0.0,0.0,,0,0,0,3,0,0,0,4,0,1,0,0,3,1
Mason Mangum,131655,WR,CAL,1,75.0,0,130,58.4,,60.0,0,0,0,0.0,0.0,,0,0,0,3,0,0,0,4,0,1,0,0,3,0
C.J. Wright,79640,DI,GA SOUTHRN,4,75.0,1,174,51.9,,55.5,0,0,0,,,,3,0,0,3,0,0,0,4,0,0,0,0,3,0
Eliki Tanuvasa,79663,T,HAWAII,1,100.0,0,180,59.6,,59.4,0,0,0,,,,0,0,0,3,0,3,0,3,0,0,0,0,3,0
Daniel Archibong,100963,DI,TEMPLE,1,100.0,0,306,57.1,,56.7,0,0,0,,,,0,0,0,3,0,0,0,3,0,0,0,0,3,3
Sam Schroeder,57055,FB,KANSAS,1,100.0,0,198,59.2,,58.2,0,0,0,,,,0,0,0,3,0,0,0,3,0,0,0,0,3,1
Maasai Maynor,101057,QB,NAVY,1,42.9,0,237,37.6,,60.0,0,0,0,0.0,0.0,,0,0,0,3,0,0,0,7,0,4,0,0,3,0
Tyshawn Buckner,101118,WR,NAVY,2,100.0,0,237,60.0,,60.0,0,0,0,,,,0,0,0,3,0,0,0,3,0,0,0,0,3,0
Tanner King,57106,C,TEXAS ST,1,100.0,0,314,60.3,73.2,60.0,0,0,2,100.0,100.0,100.0,0,0,0,3,0,0,0,3,2,2,3,0,1,0
Will Kuehne,100822,QB,N TEXAS,1,100.0,0,251,60.0,,60.0,0,0,0,,,,0,0,0,3,0,0,0,3,0,0,0,0,3,0
Kelvin Pinkney,52308,DI,USF,2,100.0,0,327,60.0,63.3,60.0,0,0,1,100.0,100.0,100.0,0,0,0,2,0,0,0,2,1,1,1,0,1,0
Jamin Davis,57905,LB,KENTUCKY,2,100.0,0,202,60.0,,60.0,0,0,0,,,,1,0,0,2,0,0,0,2,0,0,0,0,2,0
Benjamin Yurosek,131786,TE,STANFORD,6,11.1,0,300,54.1,,67.4,0,0,0,0.0,0.0,,0,0,0,2,0,0,0,18,0,16,0,0,2,5
Kemonte Yow,81189,ED,ARMY,2,100.0,0,114,60.0,,60.0,0,0,0,,,,0,0,0,2,0,0,0,2,0,0,0,0,2,0
Delbert Mimms III,99609,HB,NC STATE,1,15.4,0,248,59.2,73.6,,0,0,2,15.4,15.4,100.0,0,0,0,2,0,0,0,13,2,13,0,0,0,0
Tabarius Peterson,57939,ED,LOUISVILLE,3,66.7,0,210,64.9,,60.0,0,0,0,,,,2,0,0,2,0,0,0,3,0,0,0,0,2,0
Jason Rodriguez,100520,C,USC,1,100.0,0,326,63.2,,64.0,0,0,0,,,,0,0,0,2,0,0,0,2,0,0,2,0,2,0
Tommy Spencer,131754,TE,OREGON ST,1,66.7,0,265,57.9,66.1,60.0,0,0,1,100.0,50.0,100.0,0,0,0,2,0,0,0,3,1,2,0,0,1,2
Jason Brooks Jr.,124347,G,VANDERBILT,1,66.7,0,333,54.9,,58.7,0,0,0,0.0,0.0,,0,0,0,2,0,0,0,3,0,1,0,0,2,3
Turner Bernard,42656,LS,S DIEGO ST,2,100.0,0,284,60.0,,60.0,0,0,0,,,,0,0,0,2,0,0,0,2,0,0,0,0,2,0
Tailique Williams,123867,WR,GA STATE,2,100.0,0,175,60.0,,60.0,0,0,0,,,,0,0,0,2,0,0,0,2,0,0,0,0,2,0
Kaleb Oliver,62915,S,GA TECH,2,100.0,0,176,60.0,60.5,60.0,0,0,1,100.0,100.0,100.0,0,0,0,2,0,0,0,2,1,1,0,0,1,0
Ethan Fischler,77978,WR,SYRACUSE,1,100.0,0,304,59.9,,59.6,0,0,0,,,,0,0,0,2,0,0,0,2,0,0,0,0,2,0
Travis West,78102,WR,TEXAS,1,40.0,0,311,56.0,,60.0,0,0,0,0.0,0.0,,0,0,0,2,0,0,0,5,0,3,0,0,2,0
Christian Roberson,41870,TE,CHARLOTTE,1,66.7,0,136,58.9,,60.2,0,0,0,,0.0,,0,0,0,2,0,0,0,3,0,1,0,1,2,1
Matthew Ojeda,81915,T,UTSA,1,100.0,0,331,60.0,,60.0,0,0,0,,,,0,0,0,2,0,2,0,2,0,0,0,0,2,0
Nic Burroughs-Rogers,105812,TE,COAST CAR,1,100.0,0,141,60.0,65.6,60.0,0,0,1,100.0,100.0,100.0,0,0,0,2,0,0,0,2,1,1,0,0,1,2
Ty Van Fossen,77147,LB,CINCINNATI,2,100.0,0,138,60.0,,60.0,0,0,0,,,,0,0,0,2,0,0,0,2,0,0,0,0,2,0
Cameron Young,101064,HB,CINCINNATI,2,50.0,0,138,83.5,,59.9,0,0,0,,,,0,0,0,2,0,0,0,4,0,0,0,0,2,0
Drew Mims,77187,LB,USF,2,100.0,0,327,60.0,65.5,60.0,0,0,1,100.0,100.0,100.0,0,0,0,2,0,0,0,2,1,1,0,0,1,1
T.C. Harrison,99779,LB,VIRGINIA,2,100.0,0,335,60.0,60.5,60.0,0,0,1,100.0,100.0,100.0,0,0,0,2,0,0,0,2,1,1,0,0,1,0
Hudson Habermehl,100658,WR,UCLA,1,66.7,0,324,59.0,,60.0,0,0,0,0.0,0.0,,0,0,0,2,0,0,0,3,0,1,0,0,2,2
Darius Bracy,55048,HB,C MICHIGAN,4,11.1,0,134,67.2,,60.0,0,0,0,0.0,0.0,,0,0,0,2,0,0,0,18,0,1,0,0,2,0
Justin Richard Baker,131663,WR,CAL,1,66.7,0,130,58.1,,60.0,0,0,0,0.0,0.0,,0,0,0,2,0,0,0,3,0,1,0,0,2,0
Jonathan Johnson,78081,WR,E CAROLINA,3,66.7,0,156,58.7,,60.0,0,0,0,0.0,0.0,,0,0,0,2,0,0,0,3,0,1,0,0,2,0
Nathan Harman,77217,LB,N ILLINOIS,2,100.0,0,254,60.0,60.5,60.0,0,0,1,100.0,100.0,100.0,0,0,0,2,0,0,0,2,1,1,0,0,1,0
Jerry Howard Jr.,62941,HB,GA TECH,4,22.2,0,176,61.5,36.1,,0,0,2,40.0,33.3,100.0,0,0,0,2,0,0,0,9,2,6,0,0,0,0
Cade Long,77283,LS,GA TECH,2,100.0,0,176,60.0,60.5,60.0,0,0,1,100.0,100.0,100.0,0,0,0,2,0,0,0,2,1,1,0,0,1,0
Jarrad Baker,98553,WR,UCF,1,66.7,0,323,58.1,,60.0,0,0,0,0.0,0.0,,0,0,0,2,0,0,0,3,0,1,0,0,2,0
Abdur-Rahmaan Yaseen,129838,WR,PURDUE,1,33.3,0,273,46.1,,60.0,0,0,0,0.0,0.0,,0,0,0,2,0,0,0,6,0,4,0,0,2,0
Kobie Campbell,129841,HB,RICE,2,40.0,0,275,45.4,,60.0,0,0,0,0.0,0.0,,1,0,0,2,0,0,0,5,0,3,0,0,2,0
Zach Johnson,57265,CB,KENTUCKY,2,100.0,0,202,60.0,,60.0,0,0,0,,,,0,0,0,2,0,0,0,2,0,0,0,0,2,0
Jeremy Hollingsworth,97115,HB,WYOMING,1,100.0,0,351,60.0,,60.0,0,0,0,,,,0,0,0,2,0,0,0,2,0,0,0,0,2,0
Keon Carter,102903,S,GA STATE,2,100.0,0,175,60.0,,60.0,0,0,0,,,,0,0,0,2,0,0,0,2,0,0,0,0,2,0
Dez Melton,98104,TE,LOUISVILLE,2,100.0,0,210,60.0,,60.0,0,0,0,,,,0,0,0,2,0,0,0,2,0,0,0,0,2,2
Tristen Tewes,98099,LB,N ILLINOIS,2,100.0,0,254,60.0,60.5,60.0,0,0,1,100.0,100.0,100.0,0,0,0,2,0,0,0,2,1,1,0,0,1,0
Dylan Wentzel,57259,WR,KANSAS ST,2,66.7,0,199,58.6,,60.0,0,0,0,0.0,0.0,,0,0,0,2,0,0,0,3,0,1,0,0,2,0
Marlon Character,43550,CB,LOUISVILLE,2,100.0,0,210,60.0,,60.0,0,0,0,,,,2,0,0,2,0,0,0,2,0,0,0,0,2,0
Payton Snyder,82047,P,SO MISS,3,66.7,0,296,58.8,,60.0,0,0,0,,0.0,,0,0,0,2,0,0,0,3,0,1,0,0,2,0
Javonis Isaac,42036,TE,ARK STATE,3,66.7,0,113,60.0,88.4,,0,0,1,100.0,100.0,100.0,0,0,0,2,0,0,0,3,2,2,0,0,0,0
Chad Alexander,97065,HB,NEW MEXICO,4,14.3,0,241,65.2,,60.0,0,0,0,0.0,0.0,,0,0,0,2,0,0,0,14,0,9,0,0,2,0
Ty Eller,99625,TE,VA TECH,2,100.0,0,337,58.2,,57.4,0,0,0,,,,0,0,0,2,0,0,0,2,0,0,0,0,2,2
Ethan Tucky,55071,ED,CINCINNATI,2,100.0,2,138,60.0,,60.0,0,0,0,,,,4,0,0,2,0,0,0,2,0,0,0,0,2,0
Cayson Pfeiffer,101007,LS,CINCINNATI,2,100.0,0,138,60.0,,60.0,0,0,0,,,,0,0,0,2,0,0,0,2,0,0,0,0,2,0
Reed Rutkowski,123233,WR,TULANE,1,66.7,0,319,58.5,,60.0,0,0,0,0.0,0.0,,0,0,0,2,0,0,0,3,0,1,0,0,2,0
Cedrick Cunningham Jr.,83170,S,ARMY,2,100.0,0,114,60.0,,60.0,0,0,0,,,,3,0,0,2,0,0,0,2,0,0,0,0,2,0
Conner Lillig,57236,HB,ILLINOIS,2,40.0,0,187,67.4,,60.0,0,0,0,,,,0,0,0,2,0,0,0,5,0,0,0,0,2,0
Rob Fiorentino,97062,HB,KANSAS,2,50.0,0,198,54.1,20.6,60.0,0,1,1,100.0,100.0,50.0,0,1,0,2,0,0,0,4,1,1,0,0,1,0
Jordan Veneziale,97542,LB,GA STATE,2,100.0,0,175,60.0,,60.0,0,0,0,,,,0,0,0,2,0,0,0,2,0,0,0,0,2,0
Patrick Elima-Jeune,61266,WR,FRESNO ST,1,66.7,0,169,57.9,,59.7,0,0,0,0.0,0.0,,0,0,0,2,0,0,0,3,0,1,0,0,2,0
Erik Abrell,77304,LS,N ILLINOIS,2,100.0,0,254,60.0,60.5,60.0,0,0,1,100.0,100.0,100.0,0,0,0,2,0,0,0,2,1,1,0,0,1,0
Jacob Shaffer,130316,TE,AKRON,1,100.0,0,102,60.0,,60.0,0,0,0,,,,0,0,0,2,0,0,0,2,0,0,0,0,2,1
Matt Araiza,82642,P,S DIEGO ST,2,100.0,0,284,60.0,,60.0,0,0,0,,,,0,0,0,2,0,0,0,2,0,0,0,0,2,0
Jacob Fryrear,41716,T,TEXAS ST,2,100.0,0,314,60.0,,66.9,0,0,0,,,,0,0,0,2,0,0,2,2,0,0,0,0,2,0
London Harris,58192,ED,TEXAS ST,1,100.0,0,314,60.0,60.9,60.0,0,0,1,100.0,100.0,100.0,0,0,0,2,0,0,0,2,1,1,0,0,1,0
Jonny Hassard,128082,C,UMASS,1,100.0,0,216,60.0,74.0,60.0,0,0,1,100.0,100.0,100.0,0,0,0,2,0,0,2,2,1,1,0,0,1,0
Tyrell Ajian,55995,S,KENTUCKY,2,100.0,0,202,60.0,,60.0,0,0,0,,,,0,0,0,2,0,0,0,2,0,0,0,0,2,0
Kyle McCombs,52277,TE,STANFORD,2,66.7,0,300,56.1,60.9,59.0,0,0,0,0.0,50.0,,0,0,0,2,0,0,0,3,1,2,0,0,1,2
Fabrice Voyne,102669,LB,ARMY,2,100.0,0,114,60.0,,60.0,0,0,0,,,,0,0,0,2,0,0,0,2,0,0,0,0,2,0
Lex Boucvalt,123063,WR,TCU,2,66.7,0,305,61.2,,60.0,0,0,0,0.0,0.0,,0,0,0,2,0,0,0,3,0,1,0,0,2,0
Ja'Quain Blakely,42579,DI,TENNESSEE,2,100.0,0,307,60.0,65.2,,0,0,2,100.0,100.0,100.0,0,0,0,2,0,0,0,2,2,2,0,0,0,0
Terrell Dawkins,99825,ED,NC STATE,1,100.0,1,248,60.0,,60.0,0,0,0,,,,2,0,0,2,0,0,0,2,0,0,0,0,2,0
Derek Ferraro,75873,C,RICE,1,100.0,0,275,60.0,,59.7,0,0,0,,,,0,0,0,2,0,0,0,2,0,0,0,2,2,0
Odunayo Seriki,90334,HB,USF,3,14.3,0,327,57.4,73.2,,0,0,2,25.0,25.0,100.0,0,0,0,2,0,0,0,14,2,8,0,0,0,0
Isaac Hodgins,82503,DI,OREGON ST,2,100.0,0,265,60.0,,58.7,0,0,0,,,,1,0,0,2,0,0,0,2,0,0,0,0,2,0
Hunter Stewart,99841,LB,VIRGINIA,2,100.0,0,335,60.0,88.4,,0,0,2,100.0,100.0,100.0,0,0,0,2,0,0,0,2,2,2,0,0,0,0
Trey Sanders,97433,HB,ALABAMA,4,4.3,0,103,71.4,70.0,60.0,0,0,1,6.7,6.7,100.0,0,0,0,2,0,0,0,46,1,15,0,0,1,0
James Turner,99857,K,LOUISVILLE,2,100.0,0,210,60.0,60.9,60.0,0,0,1,100.0,100.0,100.0,0,0,0,2,0,0,0,2,1,1,0,0,1,0
Matt Frost,77466,T,TEXAS,1,100.0,0,311,60.0,,60.0,0,0,0,,,,0,0,0,2,0,0,0,2,0,0,2,0,2,0
Parker Devine,79211,DI,GA SOUTHRN,2,100.0,0,174,60.0,63.8,60.0,0,0,1,100.0,100.0,100.0,0,0,0,2,0,0,0,2,1,1,0,0,1,0
Nathan Bax,89474,TE,ARKANSAS,1,100.0,0,111,60.0,68.7,60.0,0,0,1,100.0,100.0,100.0,0,0,0,2,0,0,0,2,1,1,0,0,1,1
Bruce Jordan-Swilling,62954,HB,GA TECH,2,28.6,0,176,52.1,68.1,60.0,0,0,1,100.0,100.0,100.0,0,0,0,2,0,0,0,7,1,1,0,0,1,0
Reece Jarvis,155782,WR,ARK STATE,1,100.0,0,113,60.0,,60.0,0,0,0,,,,0,0,0,2,0,0,0,2,0,0,0,0,2,0
Osiris St. Brown,52279,WR,STANFORD,1,33.3,0,300,56.8,,60.0,0,0,0,0.0,0.0,,0,0,0,2,0,0,0,6,0,4,0,0,2,0
Alston Orji,81453,LB,VANDERBILT,2,100.0,0,333,60.0,,60.0,0,0,0,,,,0,0,0,2,0,0,0,2,0,0,0,0,2,0
Michael Vinson,81495,LS,NOTRE DAME,2,100.0,0,258,60.0,,60.0,0,0,0,,,,0,0,0,2,0,0,0,2,0,0,0,0,2,0
Kingston Harris,82422,G,TENNESSEE,1,100.0,0,307,49.6,,46.9,0,0,0,,,,0,0,0,2,0,2,0,2,0,0,0,0,2,0
Pat Jones II,43974,ED,PITTSBURGH,2,100.0,0,268,60.0,,60.4,0,0,0,,,,4,0,0,2,0,0,0,2,0,0,0,0,2,0
Anthony Whitney,100199,WR,OHIO,1,66.7,0,259,58.3,,60.0,0,0,0,0.0,0.0,,0,0,0,2,0,0,0,3,0,1,0,0,2,0
Sean Coghlan,57867,LB,ILLINOIS,2,100.0,0,187,60.0,,60.0,0,0,0,,,,0,0,0,2,0,0,0,2,0,0,0,0,2,0
Jason D'Amore,123070,WR,TCU,1,100.0,0,305,60.0,,60.0,0,0,0,,,,0,0,0,2,0,0,0,2,0,0,0,0,2,0
Deslin Alexandre,56807,ED,PITTSBURGH,2,100.0,0,268,60.0,,60.4,0,0,0,,,,2,0,0,2,0,0,0,2,0,0,0,0,2,0
Caleb Bonner,57713,LB,ARK STATE,2,100.0,0,113,60.0,63.8,60.0,0,0,1,100.0,100.0,100.0,1,0,0,2,0,0,0,2,1,1,0,0,1,0
Bryce Bernard,123275,LS,USF,2,100.0,0,327,60.0,90.4,60.0,0,0,1,100.0,100.0,100.0,0,0,0,2,1,0,0,2,1,1,0,0,1,0
Daniel Bangura,130485,HB,KENT STATE,2,20.0,0,201,71.1,71.1,60.0,0,0,1,33.3,33.3,100.0,0,0,0,2,0,0,0,10,1,3,0,0,1,0
Hunter Kaufman,61344,WR,KANSAS,2,16.7,0,198,53.8,,60.0,0,0,0,0.0,0.0,,0,0,0,2,0,0,0,12,0,10,0,0,2,0
Christian Gaylord,46224,T,NEBRASKA,1,100.0,0,238,60.0,74.7,,0,0,2,100.0,100.0,100.0,0,0,0,2,0,0,2,2,2,2,0,0,0,0
Terrel Ferrell,97410,WR,TOLEDO,1,66.7,0,316,55.9,,60.0,0,0,0,0.0,0.0,,0,0,0,2,0,0,0,3,0,1,0,0,2,0
Bryce Bailey,121794,WR,MIDDLE TN,2,22.2,0,224,49.7,,38.3,0,0,0,0.0,0.0,,0,0,0,2,0,0,0,9,0,7,0,0,2,0
Garrett Woodall,121619,TE,ARMY,1,100.0,0,114,60.0,,60.1,0,0,0,,,,0,0,0,2,0,0,1,2,0,0,0,0,2,1
Greg Desrosiers Jr.,158759,WR,LOUISVILLE,1,100.0,0,210,60.0,,60.0,0,0,0,,,,0,0,0,2,0,0,0,2,0,0,0,0,2,0
Mac Cranford,99659,T,CLEMSON,1,100.0,0,140,60.0,,54.1,0,0,0,,,,0,0,0,2,2,0,0,2,0,0,0,0,2,0
Casey Collier,131821,G,USC,1,100.0,0,326,60.0,,60.1,0,0,0,,,,0,0,0,2,0,0,2,2,0,0,0,0,2,0
Ryan Langan,58349,LS,GA SOUTHRN,2,100.0,0,174,60.0,63.8,60.0,0,0,1,100.0,100.0,100.0,0,0,0,2,0,0,0,2,1,1,0,0,1,0
Chase Jasmin,41549,HB,S DIEGO ST,1,25.0,0,284,69.1,72.3,,0,0,2,66.7,66.7,100.0,0,0,0,2,0,0,0,8,2,3,0,0,0,0
Joshua Jackson Jr.,131827,WR,USC,2,66.7,0,326,58.5,,60.0,0,0,0,0.0,0.0,,0,0,0,2,0,0,0,3,0,1,0,0,2,0
Nick Patti,77614,QB,PITTSBURGH,2,14.3,0,268,36.9,,60.0,0,0,0,0.0,0.0,,0,0,0,2,0,0,0,14,0,7,0,0,2,0
Kyle Poland,44967,LS,W VIRGINIA,2,100.0,0,343,60.0,,60.0,0,0,0,,,,0,0,0,2,0,0,0,2,0,0,0,0,2,0
Mac Brown,44942,P,OLE MISS,2,100.0,0,226,60.0,,59.9,0,0,0,,,,0,0,0,2,0,0,0,2,0,0,0,0,2,0
Yusuf Corker,55996,S,KENTUCKY,2,100.0,0,202,60.0,,60.0,0,0,0,,,,1,0,0,2,0,0,0,2,0,0,0,0,2,0
Daniel Jones,121851,HB,NAVY,1,50.0,0,237,65.4,,60.0,0,0,0,0.0,0.0,,0,0,0,2,0,0,0,4,0,1,0,0,2,0
Cade Stoever,84495,WR,UTSA,1,100.0,0,331,60.0,,60.0,0,0,0,,,,0,0,0,2,0,0,0,2,0,0,0,0,2,0
Anfernee Orji,98568,LB,VANDERBILT,2,100.0,0,333,60.0,,60.0,0,0,0,,,,1,0,0,2,0,0,0,2,0,0,0,0,2,0
Christian Parrish,121598,QB,ARMY,3,22.2,0,114,68.1,,60.0,0,0,0,0.0,0.0,,0,0,0,2,0,0,0,9,0,2,0,0,2,0
Melvin Billingsley,99187,TE,ALABAMA,1,100.0,0,103,59.8,,59.3,0,0,0,,,,0,0,0,2,0,0,0,2,0,0,0,0,2,2
Seth Glausier,97771,LS,GA STATE,2,100.0,0,175,60.0,,60.0,0,0,0,,,,0,0,0,2,0,0,0,2,0,0,0,0,2,0
Zach Harding,82017,P,ARMY,2,100.0,0,114,60.0,,60.0,0,0,0,,,,0,0,0,2,0,0,0,2,0,0,0,0,2,0
Bobby Hill,44800,LS,E CAROLINA,2,100.0,0,156,60.0,,60.0,0,0,0,,,,0,0,0,2,0,0,0,2,0,0,0,0,2,0
Xavier Lezynski,84026,TE,NOTRE DAME,1,100.0,0,258,58.3,,55.4,0,0,0,,,,0,0,0,2,0,0,0,2,0,0,0,0,2,1
Dylan Cordell,121921,T,SMU,1,100.0,0,287,60.0,67.3,60.0,0,0,1,100.0,100.0,100.0,0,0,0,2,0,0,0,2,1,1,2,0,1,0
Austin Spiewak,44746,LS,IOWA,2,100.0,0,192,60.0,,60.0,0,0,0,,,,0,0,0,2,0,0,0,2,0,0,0,0,2,0
Kirk Christodoulou,60302,P,PITTSBURGH,3,66.7,0,268,39.6,,60.0,0,0,0,,,,0,0,0,2,0,0,0,3,0,0,0,0,2,0
Kyle O'Connor,64864,LS,ARMY,2,100.0,0,114,60.0,,60.0,0,0,0,,,,0,0,0,2,0,0,0,2,0,0,0,0,2,0
Jaylon King,76652,S,GA TECH,2,100.0,0,176,60.0,60.5,60.0,0,0,1,100.0,100.0,100.0,0,0,0,2,0,0,0,2,1,1,0,0,1,0
Ben Sparks,121949,G,SMU,1,100.0,0,287,60.0,67.3,60.0,0,0,1,100.0,100.0,100.0,0,0,0,2,0,2,0,2,1,1,0,0,1,0
Leka Lotulelei,128306,FB,S DIEGO ST,3,66.7,0,284,68.5,,60.0,0,0,0,,,,0,0,0,2,0,0,0,3,0,0,0,0,2,0
Christian Fitzpatrick,122707,WR,LOUISVILLE,1,50.0,0,210,57.6,,60.0,0,0,0,0.0,0.0,,0,0,0,2,0,0,0,4,0,2,0,0,2,0
Jack Varga,65592,TE,KENTUCKY,1,100.0,0,202,60.0,,57.7,0,0,0,,,,0,0,0,2,0,0,0,2,0,0,0,0,2,2
Zach Owens,98031,WR,GA TECH,1,100.0,0,176,60.0,,60.0,0,0,0,,,,0,0,0,2,0,0,0,2,0,0,0,0,2,0
Traevon Kenion,99178,TE,S CAROLINA,2,40.0,0,289,57.6,63.8,60.0,0,0,1,25.0,25.0,100.0,0,0,0,2,0,0,0,5,1,4,0,0,1,1
Alton Stephens,121989,LS,TEXAS ST,2,100.0,0,314,60.0,,60.0,0,0,0,,,,0,0,0,2,0,0,0,2,0,0,0,0,2,0
Adam Cousins,122005,WR,UTEP,1,33.3,0,330,58.6,,60.0,0,0,0,0.0,0.0,,0,0,0,2,0,0,0,6,0,4,0,0,2,0
Isaiah Dunnuck,100240,TE,BALL ST,2,100.0,0,117,59.7,,58.6,0,0,0,,,,0,0,0,2,0,0,0,2,0,0,0,0,2,2
Travis Tisdale,99168,HB,KENTUCKY,3,18.2,0,202,64.5,,60.0,0,0,0,0.0,0.0,,0,0,0,2,0,0,0,11,0,2,0,0,2,0
Corvin Moment,58294,LB,W MICHIGAN,1,100.0,0,347,59.5,,58.4,0,0,0,,,,0,0,0,2,0,0,0,2,0,0,0,0,2,0
Anthony Watkins,99165,HB,TULSA,2,18.2,0,320,53.1,0.0,60.0,1,0,1,33.3,33.3,50.0,0,1,0,2,0,0,0,11,1,3,0,0,1,0
Jensen Jones,133209,QB,AIR FORCE,1,33.3,0,101,77.6,,60.0,0,0,0,,,,0,0,0,2,0,0,0,6,0,0,0,0,2,0
Clayton Six,65619,C,LOUISVILLE,2,100.0,0,210,60.0,60.9,60.0,0,0,1,100.0,100.0,100.0,0,0,0,2,0,0,0,2,1,1,0,0,1,0
Seamus O'Kelly,102853,P,TEXAS ST,2,66.7,0,314,69.7,60.9,60.0,0,0,1,100.0,100.0,100.0,0,0,0,2,0,0,0,3,1,1,0,0,1,0
Michael Young,122049,FB,UTEP,2,100.0,0,330,63.1,,70.0,0,0,0,,,,0,0,0,2,0,0,0,2,0,0,0,0,2,1
Brandt Peterson,52196,T,RICE,1,100.0,0,275,60.0,,59.6,0,0,0,,,,0,0,0,2,0,0,1,2,0,0,0,1,2,0
Bryquice Brown,102650,CB,GA STATE,2,100.0,0,175,60.0,,60.0,0,0,0,,,,0,0,0,2,0,0,0,2,0,0,0,0,2,0
Markeveon Coleman,102849,LB,TEXAS ST,1,100.0,0,314,60.0,60.9,60.0,0,0,1,100.0,100.0,100.0,3,0,0,2,0,0,0,2,1,1,0,0,1,0
Alex Morgan,66280,TE,TOLEDO,1,100.0,0,316,60.0,,60.0,0,0,0,,,,0,0,0,2,0,0,0,2,0,0,0,0,2,2
Noland Brown,99668,C,N CAROLINA,1,100.0,0,245,60.0,,57.5,0,0,0,,,,0,0,0,2,0,0,0,2,0,0,0,2,2,0
Aran Mohamad-Ali,100784,HB,MIDDLE TN,1,100.0,0,224,60.7,65.0,,0,0,2,100.0,100.0,100.0,0,0,0,2,0,0,0,2,2,2,0,0,0,0
Ja'Mori Maclin,124211,WR,MISSOURI,3,16.7,0,229,55.9,,60.0,0,0,0,0.0,0.0,,0,0,0,2,0,0,0,12,0,10,0,0,2,0
Victor Heyward,55187,LB,GA STATE,2,100.0,0,175,60.0,,60.0,0,0,0,,,,1,0,0,2,0,0,0,2,0,0,0,0,2,0
Tyler Brennan,121557,WR,ARMY,1,100.0,0,114,60.0,,60.0,0,0,0,,,,0,0,0,2,0,0,0,2,0,0,0,0,2,0
Donavan Beaver,99418,G,W VIRGINIA,1,100.0,0,343,60.0,67.3,60.0,0,0,1,100.0,100.0,100.0,0,0,0,2,0,0,0,2,1,1,2,0,1,0
Naasir Watkins,81999,T,KENTUCKY,1,100.0,0,202,60.0,,60.0,0,0,0,,,,0,0,0,2,0,0,0,2,0,0,0,2,2,0
Marquez Bembry,99107,LB,KENTUCKY,2,100.0,0,202,60.0,,60.0,0,0,0,,,,1,0,0,2,0,0,0,2,0,0,0,0,2,0
Hal Vinson,44387,ED,TEXAS ST,1,100.0,1,314,60.0,60.9,60.0,0,0,1,100.0,100.0,100.0,4,0,0,2,0,0,0,2,1,1,0,0,1,0
Brant Banks,101581,T,NEBRASKA,1,100.0,0,238,60.0,73.1,,0,0,2,100.0,100.0,100.0,0,0,0,2,0,0,0,2,2,2,0,2,0,0
Jack Propst,45272,LS,OLE MISS,2,100.0,0,226,60.0,,60.0,0,0,0,,,,0,0,0,2,0,0,0,2,0,0,0,0,2,0
Scott Meyer,58320,LS,VANDERBILT,2,100.0,0,333,60.0,,60.0,0,0,0,,,,0,0,0,2,0,0,0,2,0,0,0,0,2,0
Nyles Pinckney,44360,DI,CLEMSON,3,66.7,0,140,77.5,,63.4,0,0,0,,,,0,0,0,2,0,0,0,3,0,0,0,0,2,1
Deon Fountain,97281,WR,COAST CAR,1,50.0,0,141,57.4,,60.0,0,0,0,0.0,0.0,,0,0,0,2,0,0,0,4,0,2,0,0,2,0
Ontario Russell,97269,HB,MIAMI OH,3,10.5,0,221,42.6,,59.7,0,0,0,0.0,0.0,,0,0,0,2,0,0,0,19,0,3,0,0,2,0
David Curry,26573,LB,GA TECH,2,100.0,0,176,60.0,60.5,60.0,0,0,1,100.0,100.0,100.0,1,0,0,2,0,0,0,2,1,1,0,0,1,0
ChaVon McEachern,122190,HB,CHARLOTTE,3,11.8,0,136,84.2,,59.8,0,0,0,0.0,0.0,,0,0,0,2,0,0,0,17,0,5,0,0,2,0
Hampton Ergle,123795,T,E CAROLINA,2,100.0,0,156,60.0,,60.0,0,0,0,,,,0,0,0,2,0,2,0,2,0,0,0,0,2,0
Josh Mays,83779,HB,TROY,2,33.3,0,318,58.8,,60.0,0,0,0,,,,0,0,0,2,0,0,0,6,0,0,0,0,2,0
Demario McCall,28012,HB,OHIO STATE,3,22.2,0,260,66.6,,83.1,0,0,0,0.0,0.0,,0,0,0,2,0,0,0,9,0,6,0,0,2,0
Javon Forward,131894,FB,WASHINGTON,1,100.0,0,340,60.9,,65.0,0,0,0,,,,0,0,0,2,0,0,0,2,0,0,0,0,2,0
Marco Lee,123355,HB,VA TECH,1,40.0,0,337,74.7,71.5,60.0,0,0,1,100.0,100.0,100.0,0,0,0,2,0,0,0,5,1,1,0,0,1,0
Chase Cokley,40742,WR,OHIO,1,66.7,0,259,58.2,,60.0,0,0,0,0.0,0.0,,0,0,0,2,0,0,0,3,0,1,0,0,2,0
Ben Gulbranson,131734,QB,OREGON ST,1,18.2,0,265,83.1,,60.0,0,0,0,0.0,0.0,,0,0,0,2,0,0,0,11,0,9,0,0,2,0
Lorenzo Dorr,77767,HB,W VIRGINIA,1,40.0,0,343,55.9,,59.9,0,0,0,0.0,0.0,,0,0,0,2,0,0,0,5,0,1,0,0,2,0
Sawyer Racanelli,131910,WR,WASHINGTON,1,100.0,0,340,60.0,,60.0,0,0,0,,,,0,0,0,2,0,0,0,2,0,0,0,0,2,0
Lincoln Victor,97215,WR,HAWAII,4,15.4,0,180,63.2,,60.0,0,0,0,0.0,0.0,,0,0,0,2,0,0,0,13,0,11,0,0,2,0
Jaden Green,131897,LS,WASHINGTON,1,100.0,0,340,60.0,67.6,60.0,0,0,0,,100.0,,0,0,0,2,1,0,0,2,1,1,0,0,1,0
Justus Woods,83764,HB,STANFORD,3,28.6,0,300,64.7,73.9,,0,0,2,66.7,66.7,100.0,0,0,0,2,0,0,0,7,2,3,0,0,0,0
Daniel Parrish,102835,G,ARMY,1,100.0,0,114,59.8,,59.7,0,0,0,,,,0,0,0,2,0,2,0,2,0,0,0,0,2,0
Tony Mathis Jr.,99481,HB,W VIRGINIA,1,7.7,0,343,64.8,,59.9,0,0,0,0.0,0.0,,0,0,0,2,0,0,0,26,0,6,0,0,2,0
Henry To'oTo'o,98982,LB,TENNESSEE,3,66.7,0,307,70.9,65.2,,0,0,2,66.7,66.7,100.0,0,0,0,2,0,0,0,3,2,3,0,0,0,0
Gavin Williams,129488,HB,IOWA,1,16.7,0,192,63.6,67.7,60.0,0,0,1,50.0,33.3,100.0,0,0,0,2,0,0,0,12,1,3,0,0,1,0
Alec McEachern,55956,LB,ILLINOIS,2,100.0,0,187,60.0,,60.0,0,0,0,,,,0,0,0,2,0,0,0,2,0,0,0,0,2,0
Nick DeGennaro,129503,WR,MARYLAND,2,28.6,0,215,79.6,,60.0,0,0,0,0.0,0.0,,0,0,0,2,0,0,0,7,0,5,0,0,2,0
Michael Frogge,123385,TE,WAKE,1,100.0,0,339,60.0,,60.0,0,0,0,,,,0,0,0,2,0,0,0,2,0,0,0,0,2,2
Kenney Solomon,98848,WR,TENNESSEE,1,66.7,0,307,53.5,,60.0,0,0,0,,,,0,0,0,2,0,0,0,3,0,0,0,0,2,0
Aaron Beasley,98846,LB,TENNESSEE,2,100.0,0,307,60.0,69.7,,0,0,2,100.0,100.0,100.0,0,0,0,2,0,0,0,2,2,2,0,0,0,0
Peyton Matocha,98798,QB,MIAMI FL,1,40.0,0,220,69.0,,60.0,0,0,0,,,,0,0,0,2,0,0,0,5,0,0,0,0,2,0
Jack Cravaack,82165,TE,PURDUE,2,100.0,0,273,60.0,,59.2,0,0,0,,,,0,0,0,2,0,0,0,2,0,0,0,0,2,0
McLane Mannix,61496,WR,TEXAS TECH,1,33.3,0,315,48.3,,38.3,0,0,0,0.0,0.0,,0,0,0,2,0,0,0,6,0,4,0,0,2,0
Randall Brown,122322,FB,COAST CAR,2,100.0,0,141,60.0,,60.4,0,0,0,,,,0,0,0,2,0,0,0,2,0,0,0,0,2,0
Braden Fiske,76958,DI,W MICHIGAN,1,100.0,0,347,59.5,,58.4,0,0,0,,,,2,0,0,2,0,0,0,2,0,0,0,0,2,0
Jack Henige,60991,TE,NOTRE DAME,1,100.0,0,258,64.4,,70.2,0,0,0,,,,0,0,0,2,0,0,0,2,0,0,0,0,2,2
Billy Pospisil III,100652,WR,WASH STATE,1,100.0,0,341,59.6,,58.9,0,0,0,,,,0,0,0,2,0,0,0,2,0,0,0,0,2,0
Matthew Salansky,124296,LS,TENNESSEE,2,100.0,0,307,60.0,71.1,,0,0,2,100.0,100.0,100.0,0,0,0,2,0,0,0,2,2,2,0,0,0,0
Kellan Autenrieth,123846,WR,GA STATE,2,100.0,0,175,60.0,,60.0,0,0,0,,,,0,0,0,2,0,0,0,2,0,0,0,0,2,0
Kyle Bilodeau,98378,TE,PURDUE,2,100.0,0,273,60.0,,60.0,0,0,0,,,,0,0,0,2,0,0,0,2,0,0,0,0,2,1
Anthony Montalvo,55417,DI,UCF,2,100.0,1,323,60.8,,69.6,0,0,0,,,,1,0,0,2,0,0,0,2,0,0,0,0,2,0
DJ Fuller Jr.,102834,G,ARMY,2,100.0,0,114,60.0,,60.3,0,0,0,,,,0,0,0,2,0,0,0,2,0,0,2,0,2,0
Jack Henrichs,59859,T,MICH STATE,1,100.0,0,223,60.0,75.5,,0,0,2,100.0,100.0,100.0,0,0,0,2,0,2,0,2,2,2,0,0,0,0
Matt Sichterman,59906,G,NEBRASKA,1,100.0,0,238,60.0,28.8,,0,1,2,100.0,100.0,75.0,0,1,0,2,0,0,0,2,2,2,2,0,0,0
John Lynch,100785,G,MIDDLE TN,1,100.0,0,224,60.7,65.0,,0,0,2,100.0,100.0,100.0,0,0,0,2,0,0,0,2,2,2,0,0,0,0
Jamar Watson,42938,ED,KENTUCKY,2,100.0,0,202,60.0,,60.0,0,0,0,,,,1,0,0,2,0,0,0,2,0,0,0,0,2,0
J.D. Carney,60500,QB,NOTRE DAME,2,100.0,0,258,60.0,,60.0,0,0,0,,,,0,0,0,2,0,0,0,2,0,0,0,0,2,0
Jahmari Moore,43776,TE,WYOMING,1,100.0,0,351,64.5,,66.7,0,0,0,,,,0,0,0,2,0,0,0,2,0,0,0,0,2,2
Jacob Freeman,123854,WR,GA STATE,1,100.0,0,175,60.0,,60.0,0,0,0,,,,0,0,0,2,0,0,0,2,0,0,0,0,2,0
Desmond Bessent,60051,G,S DIEGO ST,2,100.0,0,284,60.0,,60.0,0,0,0,,,,0,0,0,2,0,0,0,2,0,0,0,0,2,0
Michael Balis,99414,C,TEXAS,1,100.0,0,311,59.6,,59.4,0,0,0,,,,0,0,0,2,0,2,0,2,0,0,0,0,2,0
Jordan Allen,44142,TE,TENNESSEE,1,100.0,0,307,59.9,,59.6,0,0,0,,,,0,0,0,2,0,0,0,2,0,0,0,0,2,1
Christian Thomas,123865,WR,GA STATE,1,100.0,0,175,60.0,,60.0,0,0,0,,,,0,0,0,1,0,0,0,1,0,0,0,0,1,0
Collin Westfelt,123866,LS,GA STATE,1,100.0,0,175,60.0,,60.0,0,0,0,,,,0,0,0,1,0,0,0,1,0,0,0,0,1,0
Ja'von Hicks,53569,S,CINCINNATI,1,100.0,0,138,60.0,,60.0,0,0,0,,,,1,0,0,1,0,0,0,1,0,0,0,0,1,0
Brad George,97153,C,KENT STATE,1,100.0,0,201,60.0,67.6,,0,0,0,,100.0,,0,0,0,1,1,0,0,1,1,1,0,0,0,0
Michael Hayes,97151,K,GA STATE,3,33.3,0,175,39.5,,60.0,0,0,0,,,,0,0,0,1,0,0,0,3,0,0,0,0,1,0
Benjamin St-Juste,56061,CB,MINNESOTA,1,100.0,0,225,60.0,,60.0,0,0,0,,,,2,0,0,1,0,0,0,1,0,0,0,0,1,0
Michael Churich,73978,TE,UCLA,1,100.0,0,324,60.0,,60.0,0,0,0,,,,0,0,0,1,0,0,0,1,0,0,0,0,1,1
Jase McClellan,123926,HB,ALABAMA,5,2.9,0,103,90.9,,60.0,0,0,0,0.0,0.0,,0,0,0,1,0,0,0,34,0,9,0,0,1,0
Justin Houston,74101,CB,FRESNO ST,1,100.0,0,169,60.0,,60.0,0,0,0,,,,0,0,0,1,0,0,0,1,0,0,0,0,1,0
Chris Carpenter,131671,WR,COLORADO,1,100.0,0,143,60.0,,60.0,0,0,0,,,,0,0,0,1,0,0,0,1,0,0,0,0,1,0
Dominique Johnson,123959,HB,ARKANSAS,2,50.0,0,111,60.0,15.2,,0,1,1,50.0,50.0,50.0,0,1,0,1,0,0,0,2,1,2,0,0,0,0
Miles Williams,75706,S,WYOMING,1,100.0,0,351,60.0,,60.0,0,0,0,,,,0,0,0,1,0,0,0,1,0,0,0,0,1,0
Shaadie Clayton-Johnson,131674,HB,COLORADO,3,8.3,0,143,68.4,70.0,,0,0,1,20.0,20.0,100.0,0,0,0,1,0,0,0,12,1,5,0,0,0,0
Campbell Riddle,75779,LS,RICE,1,100.0,0,275,60.0,60.5,,0,0,0,,100.0,,0,0,0,1,0,0,0,1,1,1,0,0,0,0
Anthony Beck II,78452,P,GA SOUTHRN,2,50.0,0,174,40.0,,60.0,0,0,0,0.0,0.0,,0,0,0,1,0,0,0,2,0,1,0,0,1,0
RJ Harvey,99622,HB,UCF,2,25.0,0,323,57.0,,60.0,0,0,0,,,,0,0,0,1,0,0,0,4,0,0,0,0,1,0
Jacob Doddridge,75787,ED,RICE,1,100.0,0,275,60.0,60.5,,0,0,0,,100.0,,0,0,0,1,0,0,0,1,1,1,0,0,0,0
Marist Liufau,102789,LB,NOTRE DAME,1,100.0,0,258,60.0,,60.0,0,0,0,,,,1,0,0,1,0,0,0,1,0,0,0,0,1,0
Kyle Hamilton,102684,S,NOTRE DAME,1,100.0,0,258,60.0,,60.0,0,0,0,,,,4,0,0,1,0,0,0,1,0,0,0,0,1,0
Andrew Gonneville,101238,LS,S JOSE ST,1,100.0,0,285,60.0,,60.0,0,0,0,,,,0,0,0,1,0,0,0,1,0,0,0,0,1,0
Marquel Broughton,102671,S,ARMY,1,100.0,0,114,60.0,,60.0,0,0,0,,,,1,0,0,1,0,0,0,1,0,0,0,0,1,0
Brett Brenton,91070,HB,WYOMING,2,20.0,0,351,67.5,,60.0,0,0,0,0.0,0.0,,0,0,0,1,0,0,0,5,0,1,0,0,1,0
Joseph White,90870,CB,VIRGINIA,1,100.0,0,335,60.0,,60.0,0,0,0,,,,0,0,0,1,0,0,0,1,0,0,0,0,1,0
Deonte Perry,41092,S,FRESNO ST,1,100.0,0,169,60.0,,60.0,0,0,0,,,,0,0,0,1,0,0,0,1,0,0,0,0,1,0
Arian Smith,124039,WR,GEORGIA,4,14.3,0,173,90.5,,60.0,0,0,0,0.0,0.0,,0,0,0,1,0,0,0,7,0,5,0,0,1,0
Keyon Helton,90253,ED,USF,1,100.0,0,327,60.0,65.5,,0,0,1,100.0,100.0,100.0,0,0,0,1,0,0,0,1,1,1,0,0,0,1
David Perales,87160,ED,FRESNO ST,1,100.0,0,169,60.0,,60.0,0,0,0,,,,1,0,0,1,0,0,0,1,0,0,0,0,1,0
Sebastian Sainterling,86864,T,USF,1,100.0,0,327,60.0,63.7,,0,0,1,100.0,100.0,100.0,0,0,0,1,0,0,0,1,1,1,0,1,0,0
Cesar Silva,101210,K,FRESNO ST,1,100.0,0,169,60.0,,60.0,0,0,0,,,,0,0,0,1,0,0,0,1,0,0,0,0,1,0
Sean Chambers,75888,QB,WYOMING,1,33.3,0,351,59.1,,60.0,0,0,0,0.0,0.0,,0,0,0,1,0,0,0,3,0,1,0,0,1,0
Ian Deneen,86852,LS,USF,1,100.0,0,327,60.0,68.6,,0,0,1,100.0,100.0,100.0,0,0,0,1,1,0,0,1,1,1,0,0,0,0
Trey Corley,86847,LS,LA MONROE,1,100.0,0,209,60.0,,60.0,0,0,0,,,,0,0,0,1,0,0,0,1,0,0,0,0,1,0
Bo Bauer,81350,LB,NOTRE DAME,1,100.0,0,258,60.0,,60.0,0,0,0,,,,1,0,0,1,0,0,0,1,0,0,0,0,1,0
Wiley Green,75891,QB,RICE,1,6.7,0,275,46.5,,60.0,0,0,0,0.0,0.0,,0,0,0,1,0,0,0,15,0,14,0,0,1,0
Dhailon Phillips,101137,WR,TULSA,1,50.0,0,320,57.8,,60.0,0,0,0,0.0,0.0,,0,0,0,1,0,0,0,2,0,1,0,0,1,0
B.J. Turner,84540,LB,CHARLOTTE,1,100.0,0,136,60.0,,60.0,0,0,0,,,,0,0,0,1,0,0,0,1,0,0,0,0,1,0
Markees Watts,84537,ED,CHARLOTTE,1,100.0,1,136,60.0,,60.0,0,0,0,,,,1,0,0,1,0,0,0,1,0,0,0,0,1,0
Cameron Murray,75910,S,WYOMING,1,100.0,0,351,60.0,,60.0,0,0,0,,,,0,0,0,1,0,0,0,1,0,0,0,0,1,0
Spencer Gaddis,84512,WR,GA STATE,1,100.0,0,175,60.0,,60.0,0,0,0,,,,0,0,0,1,0,0,0,1,0,0,0,0,1,0
Jalen Denton,124133,CB,OLE MISS,1,100.0,0,226,60.0,,60.0,0,0,0,,,,0,0,0,1,0,0,0,1,0,0,0,0,1,0
Cedric Johnson,124136,ED,OLE MISS,1,100.0,0,226,60.0,,60.0,0,0,0,,,,0,0,0,1,0,0,0,1,0,0,0,0,1,0
Jeremiah Lewis,76571,CB,DUKE,1,100.0,1,154,60.0,63.8,,0,0,1,100.0,100.0,100.0,4,0,0,1,0,0,0,1,1,1,0,0,0,0
Damel Hickman,76651,CB,E CAROLINA,1,100.0,0,156,60.0,,60.0,0,0,0,,,,0,0,0,1,0,0,0,1,0,0,0,0,1,0
Jay Banks,124155,WR,MISS STATE,1,100.0,0,227,60.0,,60.0,0,0,0,,,,0,0,0,1,0,0,0,1,0,0,0,0,1,0
TJ Jackson,40879,G,VA TECH,1,100.0,0,337,60.0,,60.0,0,0,0,,,,0,0,0,1,0,0,0,1,0,0,0,0,1,0
Nadir Thompson,76660,CB,VA TECH,1,100.0,0,337,60.0,,60.0,0,0,0,,,,1,0,0,1,0,0,0,1,0,0,0,0,1,0
Dallas Gant,81352,LB,OHIO STATE,1,100.0,0,260,60.0,,60.0,0,0,0,,,,0,0,0,1,0,0,0,1,0,0,0,0,1,0
Chamarri Conner,76662,CB,VA TECH,1,100.0,0,337,60.0,,60.0,0,0,0,,,,2,0,0,1,0,0,0,1,0,0,0,0,1,0
Zach Wilson,84471,WR,USC,1,100.0,0,326,60.0,,60.0,0,0,0,,,,0,0,0,1,0,0,0,1,0,0,0,0,1,0
Mitchell West,76676,S,NAVY,1,100.0,0,237,60.0,,60.0,0,0,0,,,,0,0,0,1,0,0,0,1,0,0,0,0,1,0
Kibet Chepyator,124197,TE,MISSOURI,1,50.0,0,229,57.5,,60.0,0,0,0,0.0,0.0,,0,0,0,1,0,0,0,2,0,1,0,0,1,1
Quindell Johnson,76689,S,MEMPHIS,1,100.0,0,218,60.0,,60.0,0,0,0,,,,0,0,0,1,0,0,0,1,0,0,0,0,1,0
Deion Jennings,81371,LB,RUTGERS,1,100.0,0,278,60.0,,60.0,0,0,0,,,,0,0,0,1,0,0,0,1,0,0,0,0,1,0
Myles Berry,76702,LB,E CAROLINA,1,100.0,1,156,60.0,,60.0,0,0,0,,,,1,0,0,1,0,0,0,1,0,0,0,0,1,0
Nolan Johnson,76714,CB,E CAROLINA,1,100.0,0,156,60.0,,60.0,0,0,0,,,,1,0,0,1,0,0,0,1,0,0,0,0,1,0
DeMarvion Overshown,76729,LB,TEXAS,1,100.0,0,311,60.0,63.8,,0,0,1,100.0,100.0,100.0,0,0,0,1,0,0,0,1,1,1,0,0,0,0
Damir Faison,76800,ED,E CAROLINA,1,100.0,1,156,60.0,,60.0,0,0,0,,,,1,0,0,1,0,0,0,1,0,0,0,0,1,0
KJ Henry,76808,ED,CLEMSON,1,100.0,0,140,60.0,,60.0,0,0,0,,,,1,0,0,1,0,0,0,1,0,0,0,0,1,1
Mohamed Kaba,124244,LB,S CAROLINA,1,100.0,0,289,60.0,63.8,,0,0,1,100.0,100.0,100.0,0,0,0,1,0,0,0,1,1,1,0,0,0,0
John Morgan III,76865,ED,PITTSBURGH,1,100.0,0,268,60.0,,60.0,0,0,0,,,,3,0,0,1,0,0,0,1,0,0,0,0,1,0
Robert Brown Jr.,57428,HB,TEXAS ST,2,50.0,0,314,60.0,,60.0,0,0,0,0.0,0.0,,0,0,0,1,0,0,0,2,0,1,0,0,1,0
Will Albright,124264,LS,TENNESSEE,1,100.0,1,307,60.0,60.5,,0,0,1,100.0,100.0,100.0,1,0,0,1,0,0,0,1,1,1,0,0,0,0
Jordan Miller,76890,DI,MIAMI FL,1,100.0,1,220,60.0,,60.0,0,0,0,,,,1,0,0,1,0,0,0,1,0,0,0,0,1,0
Dee Beckwith,124269,WR,TENNESSEE,3,20.0,0,307,77.1,,60.0,0,0,0,,,,0,0,0,1,0,0,0,5,0,0,0,0,1,0
Da'Shaun Brown,101727,WR,INDIANA,1,50.0,0,190,57.3,,60.0,0,0,0,0.0,0.0,,0,0,0,1,0,0,0,2,0,1,0,0,1,0
Kwauze Garland,124278,S,TENNESSEE,1,100.0,0,307,60.0,60.5,,0,0,1,100.0,100.0,100.0,0,0,0,1,0,0,0,1,1,1,0,0,0,0
Michael Scibelli,76942,G,MIAMI FL,1,100.0,0,220,60.0,,60.0,0,0,0,,,,0,0,0,1,0,0,0,1,0,0,1,0,1,0
Carter Stagner,76965,ED,E MICHIGAN,1,100.0,0,160,60.0,,60.0,0,0,0,,,,0,0,0,1,0,0,0,1,0,0,0,0,1,0
Alton Julian,131739,S,OREGON ST,1,100.0,0,265,60.0,,60.0,0,0,0,,,,0,0,0,1,0,0,0,1,0,0,0,0,1,0
C.J. Brewer,54409,DI,COAST CAR,2,33.3,1,141,65.9,,60.0,0,0,0,0.0,0.0,,3,0,0,1,0,0,0,3,0,2,0,0,1,0
John Mayers,77068,K,BAYLOR,1,100.0,0,118,60.0,,60.0,0,0,0,,,,0,0,0,1,0,0,0,1,0,0,0,0,1,0
Shaka Heyward,77120,LB,DUKE,1,100.0,0,154,60.0,63.8,,0,0,1,100.0,100.0,100.0,0,0,0,1,0,0,0,1,1,1,0,0,0,0
Micah Lowe,99690,WR,LOUISVILLE,1,50.0,0,210,58.0,,60.0,0,0,0,0.0,0.0,,0,0,0,1,0,0,0,2,0,1,0,0,1,0
Alan Tisdale,77125,LB,VA TECH,1,100.0,0,337,60.0,,60.0,0,0,0,,,,0,0,0,1,0,0,0,1,0,0,0,0,1,0
Tye Herbstreit,99706,WR,CLEMSON,1,100.0,0,140,60.0,,60.0,0,0,0,,,,0,0,0,1,0,0,0,1,0,0,0,0,1,0
AJ Vongphachanh,101172,LB,UTAH ST,1,100.0,0,329,60.0,,60.0,0,0,0,,,,0,0,0,1,0,0,0,1,0,0,0,0,1,0
Demetrius Knight Jr.,99728,LB,GA TECH,1,100.0,0,176,60.0,,60.0,0,0,0,,,,0,0,0,1,0,0,0,1,0,0,0,0,1,0
Andrew Booth Jr.,99744,CB,CLEMSON,1,100.0,0,140,60.0,,60.0,0,0,0,,,,1,0,0,1,0,0,0,1,0,0,0,0,1,0
Lannden Zanders,99774,S,CLEMSON,1,100.0,0,140,60.0,,60.0,0,0,0,,,,1,0,0,1,0,0,0,1,0,0,0,0,1,0
Justin Rice,40640,LB,ARK STATE,1,100.0,0,113,60.0,63.8,,0,0,1,100.0,100.0,100.0,1,0,0,1,0,0,0,1,1,1,0,0,0,0
Patrick Joyner Jr.,77133,ED,MIAMI FL,1,100.0,0,220,60.0,,60.0,0,0,0,,,,0,0,0,1,0,0,0,1,0,0,0,0,1,0
Bryce Farrell,131758,WR,STANFORD,3,14.3,0,300,54.8,,60.0,0,0,0,0.0,0.0,,0,0,0,1,0,0,0,7,0,6,0,0,1,0
Wesley Schelling,124358,LS,VANDERBILT,1,100.0,0,333,60.0,,60.0,0,0,0,,,,0,0,0,1,0,0,0,1,0,0,0,0,1,0
Matt Salerno,84350,WR,NOTRE DAME,1,50.0,0,258,58.1,,60.0,0,0,0,0.0,0.0,,0,0,0,1,0,0,0,2,0,1,0,0,1,0
Mike Jones Jr.,77134,LB,CLEMSON,1,100.0,0,140,60.0,,60.0,0,0,0,,,,0,0,0,1,0,0,0,1,0,0,0,0,1,0
Kevo Wesley,124364,G,VANDERBILT,1,100.0,0,333,60.0,67.3,,0,0,1,100.0,100.0,100.0,0,0,0,1,0,1,0,1,1,1,0,0,0,0
Jake Venables,77135,LB,CLEMSON,1,100.0,0,140,60.0,,60.0,0,0,0,,,,0,0,0,1,0,0,0,1,0,0,0,0,1,0
Amare Barno,99780,ED,VA TECH,1,100.0,0,337,60.0,,60.0,0,0,0,,,,1,0,0,1,0,0,0,1,0,0,0,0,1,0
Jireh Wilson,77192,S,E CAROLINA,1,100.0,1,156,60.0,,60.0,0,0,0,,,,1,0,0,1,0,0,0,1,0,0,0,0,1,0
Jake Abbott,77212,LB,W VIRGINIA,1,100.0,0,343,60.0,,60.0,0,0,0,,,,0,0,0,1,0,0,0,1,0,0,0,0,1,0
Nathan Tilford,57134,HB,ARIZONA,1,12.5,0,109,71.5,70.2,,0,0,1,16.7,16.7,100.0,0,0,0,1,0,0,0,8,1,6,0,0,0,0
Oscar Shadley,77284,LS,VA TECH,1,100.0,0,337,60.0,,60.0,0,0,0,,,,0,0,0,1,0,0,0,1,0,0,0,0,1,0
Ethan Erickson,125266,S,AIR FORCE,1,100.0,0,101,60.0,,60.0,0,0,0,,,,0,0,0,1,0,0,0,1,0,0,0,0,1,0
Clay James,77286,LS,MIAMI FL,1,100.0,0,220,60.0,,60.0,0,0,0,,,,0,0,0,1,0,0,0,1,0,0,0,0,1,0
Treysen Neal,77290,C,MEMPHIS,1,100.0,0,218,60.0,,60.0,0,0,0,,,,0,0,0,1,1,0,0,1,0,0,0,0,1,0
Taylor McCawley,99794,LB,GA TECH,1,100.0,0,176,60.0,60.5,,0,0,1,100.0,100.0,100.0,0,0,0,1,0,0,0,1,1,1,0,0,0,0
Will Trawick,125279,LB,AIR FORCE,1,100.0,0,101,60.0,,60.0,0,0,0,,,,1,0,0,1,0,0,0,1,0,0,0,0,1,0
Daniel Davies,100972,K,NAVY,1,100.0,0,237,60.0,,60.0,0,0,0,,,,0,0,0,1,0,0,0,1,0,0,0,0,1,0
Mitchell Kulkin,101005,LB,TULSA,1,100.0,0,320,60.0,,60.0,0,0,0,,,,0,0,0,1,0,0,0,1,0,0,0,0,1,0
Kevon Darton,99808,DI,SYRACUSE,1,100.0,0,304,60.0,,60.0,0,0,0,,,,0,0,0,1,0,0,0,1,0,0,0,0,1,0
Dominic Gicinto,84316,WR,MISSOURI,4,2.3,0,229,55.9,,60.0,0,0,0,0.0,0.0,,0,0,0,1,0,0,0,43,0,42,0,0,1,0
Blake Green,100962,DI,USF,1,100.0,0,327,60.0,,60.0,0,0,0,,,,1,0,0,1,0,0,0,1,0,0,0,0,1,0
Zion Kelly,125397,CB,AIR FORCE,1,100.0,0,101,60.0,,60.0,0,0,0,,,,0,0,0,1,0,0,0,1,0,0,0,0,1,0
Justin Mader,77298,LS,TEXAS,1,100.0,0,311,60.0,63.8,,0,0,1,100.0,100.0,100.0,0,0,0,1,0,0,0,1,1,1,0,0,0,0
Randen Plattner,77301,LS,KANSAS ST,1,100.0,0,199,60.0,,60.0,0,0,0,,,,0,0,0,1,0,0,0,1,0,0,0,0,1,0
Steve Bird,77305,LS,E MICHIGAN,1,100.0,0,160,60.0,,60.0,0,0,0,,,,0,0,0,1,0,0,0,1,0,0,0,0,1,0
Cam'Ron Johnson,101018,C,HOUSTON,1,100.0,0,182,60.0,,60.0,0,0,0,,,,0,0,0,1,0,1,0,1,0,0,0,0,1,0
Andrew Tsangeos,40567,TE,RICE,1,100.0,0,275,60.0,60.5,,0,0,0,,100.0,,0,0,0,1,0,0,0,1,1,1,0,0,0,0
Cody Jones,128086,CB,UMASS,1,100.0,0,216,60.0,63.8,,0,0,1,100.0,100.0,100.0,0,0,0,1,0,0,0,1,1,1,0,0,0,0
Bryce Barnes,101678,DI,ILLINOIS,1,100.0,0,187,60.0,,60.0,0,0,0,,,,0,0,0,1,0,0,0,1,0,0,0,0,1,0
Zack Magdis,128092,LB,UMASS,1,100.0,0,216,60.0,63.8,,0,0,1,100.0,100.0,100.0,1,0,0,1,0,0,0,1,1,1,0,0,0,0
Jayden Curry,100926,S,USF,1,100.0,0,327,60.0,,60.0,0,0,0,,,,0,0,0,1,0,0,0,1,0,0,0,0,1,0
Michael Orphey Jr.,84259,HB,LA LAFAYET,2,12.5,0,207,79.7,72.2,,0,0,1,25.0,25.0,100.0,0,0,0,1,0,0,0,8,1,4,0,0,0,0
Austin Bolt,128118,TE,BOISE ST,2,16.7,0,120,56.1,,59.9,0,0,0,0.0,0.0,,0,0,0,1,0,0,0,6,0,5,0,0,1,0
Gabriel Rogers,100921,CB,MEMPHIS,1,100.0,0,218,60.0,,60.0,0,0,0,,,,0,0,0,1,0,0,0,1,0,0,0,0,1,0
Justin Harris,100902,CB,CINCINNATI,1,100.0,0,138,60.0,,60.0,0,0,0,,,,0,0,0,1,0,0,0,1,0,0,0,0,1,0
James Smith,55085,P,CINCINNATI,2,50.0,0,138,64.8,,60.0,0,0,0,,,,0,0,0,1,0,0,0,2,0,0,0,0,1,0
Dalles Jacobus,56651,DI,IOWA,1,100.0,0,192,60.0,,60.0,0,0,0,,,,0,0,0,1,0,0,0,1,0,0,0,0,1,0
Grant Lake,128181,WR,FRESNO ST,1,100.0,0,169,60.0,,60.0,0,0,0,,,,0,0,0,1,0,0,0,1,0,0,0,0,1,0
Tyler Mello,128186,LB,FRESNO ST,1,100.0,0,169,60.0,,60.0,0,0,0,,,,0,0,0,1,0,0,0,1,0,0,0,0,1,0
Brandon Wright,101650,HB,MICH STATE,2,7.1,0,223,64.1,71.8,,0,0,1,14.3,14.3,100.0,0,0,0,1,0,0,0,14,1,7,0,0,0,0
Rayonta Rose,165155,WR,N CAROLINA,1,50.0,0,245,59.1,,60.0,0,0,0,0.0,0.0,,0,0,0,1,0,0,0,2,0,1,0,0,1,0
D.J. Davidson,56523,DI,ARIZONA ST,1,100.0,0,110,60.0,,60.0,0,0,0,,,,0,0,0,1,0,0,0,1,0,0,0,0,1,0
Tahj Sykes,56846,DI,SO MISS,1,100.0,0,296,60.0,60.5,,0,0,1,100.0,100.0,100.0,1,0,0,1,0,0,0,1,1,1,0,0,0,0
Wilson Catoe,81187,LB,ARMY,2,50.0,0,114,63.4,,60.0,0,0,0,,,,0,0,0,1,0,0,0,2,0,0,0,0,1,0
Jahaziel Lee,40537,DI,GA TECH,1,100.0,0,176,60.0,,60.0,0,0,0,,,,0,0,0,1,0,0,0,1,0,0,0,0,1,0
Lucas Tesznar,77503,T,E MICHIGAN,1,100.0,0,160,60.0,,60.0,0,0,0,,,,0,0,0,1,0,0,0,1,0,0,0,0,1,0
Frank Poso,128243,G,NEVADA,1,100.0,0,239,60.0,,60.0,0,0,0,,,,0,0,0,1,0,0,1,1,0,0,0,0,1,0
Nick Fedanzo,101645,HB,ILLINOIS,2,33.3,0,187,56.1,,60.0,0,0,0,0.0,0.0,,0,0,0,1,0,0,0,3,0,1,0,0,1,0
Alex Howie,77527,G,E MICHIGAN,1,100.0,0,160,60.0,,60.0,0,0,0,,,,0,0,0,1,0,0,0,1,0,0,0,0,1,0
Darrick Forrest,55087,S,CINCINNATI,1,100.0,0,138,60.0,,60.0,0,0,0,,,,0,0,0,1,0,0,0,1,0,0,0,0,1,0
Josh Holl,77649,QB,TULANE,1,100.0,0,319,60.0,,60.0,0,0,0,,,,0,0,0,1,0,0,0,1,0,0,0,0,1,0
Jacob Prince,84051,TE,SO MISS,1,100.0,0,296,59.9,,59.6,0,0,0,,,,0,0,0,1,0,0,0,1,0,0,0,0,1,0
Emmanuel Galvan-Vazquez,56455,ED,TEXAS ST,1,100.0,0,314,60.0,,60.0,0,0,0,,,,0,0,0,1,0,0,0,1,0,0,0,0,1,0
Spencer Webb,84033,TE,OREGON,1,20.0,0,264,55.4,,60.0,0,0,0,0.0,0.0,,0,0,0,1,0,0,0,5,0,4,0,0,1,3
Wilson Huber,55090,LB,CINCINNATI,1,100.0,0,138,60.0,,60.0,0,0,0,,,,0,0,0,1,0,0,0,1,0,0,0,0,1,0
Evan Johnson,57345,HB,N TEXAS,2,11.1,0,251,65.5,,60.0,0,0,0,0.0,0.0,,0,0,0,1,0,0,0,9,0,2,0,0,1,0
PaSean Wimberly,100221,WR,BOWL GREEN,1,100.0,0,122,60.0,,60.0,0,0,0,,,,0,0,0,1,0,0,0,1,0,0,0,0,1,0
Trae Allen,100226,HB,W MICHIGAN,2,8.3,0,347,49.5,72.6,,0,0,0,0.0,25.0,,0,0,0,1,0,0,0,12,1,4,0,0,0,0
Lamar Barrett,128319,T,S JOSE ST,1,100.0,0,285,60.0,,60.0,0,0,0,,,,0,0,0,1,0,0,0,1,0,0,0,0,1,0
Ben Maleszyk,77693,WR,C MICHIGAN,1,100.0,0,134,60.0,,60.0,0,0,0,,,,0,0,0,1,0,0,0,1,0,0,0,0,1,0
Dante Zanders,83963,ED,FLORIDA,1,100.0,0,163,60.0,,60.0,0,0,0,,,,0,0,0,1,0,0,0,1,0,0,0,0,1,0
Cross Holmes,101048,HB,MEMPHIS,1,100.0,0,218,60.0,,60.0,0,0,0,,,,0,0,0,1,0,0,0,1,0,0,0,0,1,0
Noah Fenske,101593,C,IOWA,1,100.0,0,192,60.0,,60.0,0,0,0,,,,0,0,0,1,1,0,0,1,0,0,0,0,1,0
Brian Norris,77750,LB,USF,1,100.0,0,327,60.0,,60.0,0,0,0,,,,0,0,0,1,0,0,0,1,0,0,0,0,1,0
Michael Lindauer,101049,QB,CINCINNATI,1,33.3,0,138,23.0,,60.0,0,0,0,,,,0,0,0,1,0,0,0,3,0,0,0,0,1,0
Shaq Bond,83906,S,UTAH ST,1,100.0,0,329,60.0,,60.0,0,0,0,,,,1,0,0,1,0,0,0,1,0,0,0,0,1,0
Spencer Jones,40339,WR,OKLAHOMA,1,33.3,0,261,54.5,,58.5,0,0,0,0.0,0.0,,0,0,0,1,0,0,0,3,0,2,0,0,1,0
John Gentry,128379,HB,UTAH ST,4,6.3,0,329,58.3,70.0,,0,0,1,11.1,11.1,100.0,0,0,0,1,0,0,0,16,1,9,0,0,0,0
Stephen Kotsanlee,128385,P,UTAH ST,1,100.0,0,329,60.0,,60.0,0,0,0,,,,0,0,0,1,0,0,0,1,0,0,0,0,1,0
Jacorey Crawford,83840,S,GA STATE,1,100.0,0,175,60.0,,60.0,0,0,0,,,,0,0,0,1,0,0,0,1,0,0,0,0,1,0
Amari Burney,83811,LB,FLORIDA,1,100.0,0,163,60.0,,60.0,0,0,0,,,,0,0,0,1,0,0,0,1,0,0,0,0,1,0
Isaac Guerendo,83806,HB,WISCONSIN,1,7.7,0,349,53.7,0.0,,0,0,1,50.0,50.0,0.0,0,1,1,1,0,0,0,13,1,2,0,0,0,0
Wyett Ekeler,128411,LB,WYOMING,1,100.0,0,351,60.0,,60.0,0,0,0,,,,0,0,0,1,0,0,0,1,0,0,0,0,1,0
Read Sunn,128435,LB,WYOMING,1,100.0,0,351,60.0,,60.0,0,0,0,,,,0,0,0,1,0,0,0,1,0,0,0,0,1,0
Justus Harris,55215,S,MINNESOTA,1,100.0,0,225,60.0,,60.0,0,0,0,,,,0,0,0,1,0,0,0,1,0,0,0,0,1,0
Noah Hickcox,55219,DI,MINNESOTA,1,100.0,0,225,60.0,,60.0,0,0,0,,,,0,0,0,1,0,0,0,1,0,0,0,0,1,0
Broderick Roman,100253,C,E MICHIGAN,1,100.0,0,160,60.0,,60.0,0,0,0,,,,0,0,0,1,0,0,0,1,0,0,0,0,1,0
William Racely,100257,G,E MICHIGAN,1,100.0,0,160,60.0,,60.0,0,0,0,,,,0,0,0,1,0,0,0,1,0,0,0,0,1,0
Andrew Cole,56848,DI,SO MISS,1,100.0,0,296,60.0,,60.0,0,0,0,,,,0,0,0,1,0,0,0,1,0,0,0,0,1,0
Zi'Yon Hill-Green,56991,DI,LA LAFAYET,1,100.0,0,207,60.0,,60.0,0,0,0,,,,1,0,0,1,0,0,0,1,0,0,0,0,1,0
Caleb Murphy,129449,TE,INDIANA,1,100.0,0,190,60.0,,60.0,0,0,0,,,,0,0,0,1,0,0,0,1,0,0,0,0,1,1
Xavier Cullens,56044,LB,MEMPHIS,1,100.0,0,218,60.0,,60.0,0,0,0,,,,0,0,0,1,0,0,0,1,0,0,0,0,1,0
Seth Benson,81255,LB,IOWA,1,100.0,0,192,60.0,,60.0,0,0,0,,,,0,0,0,1,0,0,0,1,0,0,0,0,1,0
Kirk Coomes,77773,FB,KANSAS ST,1,100.0,0,199,60.0,,60.0,0,0,0,,,,0,0,0,1,0,0,0,1,0,0,0,0,1,0
Tony Brown,83754,HB,S ALABAMA,1,100.0,0,288,60.0,,60.0,0,0,0,,,,0,0,0,1,0,0,0,1,0,0,0,0,1,0
Corey Dyches,129504,WR,MARYLAND,2,50.0,0,215,58.6,,60.0,0,0,0,0.0,0.0,,0,0,0,1,0,0,0,2,0,1,0,0,1,0
Logan Ammons,77774,WR,TULANE,1,33.3,0,319,57.1,,60.0,0,0,0,0.0,0.0,,0,0,0,1,0,0,0,3,0,1,0,0,1,0
Sanchez Blake Jr.,56043,S,MEMPHIS,1,100.0,0,218,60.0,,60.0,0,0,0,,,,0,0,0,1,0,0,0,1,0,0,0,0,1,0
Tim Taylor,57292,HB,MEMPHIS,5,5.9,0,218,68.4,70.8,,0,0,1,7.7,7.7,100.0,0,0,0,1,0,0,0,17,1,13,0,0,0,0
Carl Jones Jr.,100406,ED,UCLA,1,100.0,0,324,60.0,63.8,,0,0,1,100.0,100.0,100.0,0,0,0,1,0,0,0,1,1,1,0,0,0,0
Preston Jelen,83709,HB,MINNESOTA,2,50.0,0,225,55.6,70.3,,0,0,1,100.0,100.0,100.0,0,0,0,1,0,0,0,2,1,1,0,0,0,0
Xavier Smith,134137,LB,E CAROLINA,1,100.0,0,156,60.0,,60.0,0,0,0,,,,1,0,0,1,0,0,0,1,0,0,0,0,1,0
Simon Sandberg,100446,DI,OREGON ST,1,100.0,0,265,60.0,,60.0,0,0,0,,,,1,0,0,1,0,0,0,1,0,0,0,0,1,0
Trenell Troutman,77810,ED,LOUISVILLE,1,100.0,0,210,60.0,,60.0,0,0,0,,,,0,0,0,1,0,0,0,1,0,0,0,0,1,0
Kevin Brennan,77819,S,NAVY,1,100.0,0,237,60.0,,60.0,0,0,0,,,,5,0,0,1,0,0,0,1,0,0,0,0,1,0
Joshua Earl,77859,S,N ILLINOIS,1,100.0,0,254,60.0,,60.0,0,0,0,,,,0,0,0,1,0,0,0,1,0,0,0,0,1,0
Iverson Clement,83658,HB,FLORIDA,3,14.3,0,163,78.7,,60.0,0,0,0,0.0,0.0,,0,0,0,1,0,0,0,7,0,1,0,0,1,0
Zayin West,56384,ED,KENT STATE,1,100.0,1,201,60.0,70.1,,0,0,0,,100.0,,1,0,0,1,0,0,0,1,1,1,0,0,0,0
Daedae Hill,156527,CB,C MICHIGAN,1,50.0,0,134,53.0,,60.0,0,0,0,,,,0,0,0,1,0,0,0,2,0,0,0,0,1,0
Jack Landherr IV,100514,LS,UCLA,1,100.0,0,324,60.0,63.8,,0,0,1,100.0,100.0,100.0,0,0,0,1,0,0,0,1,1,1,0,0,0,0
Trente Jones,101538,G,MICHIGAN,1,100.0,0,222,60.0,,60.0,0,0,0,,,,0,0,0,1,0,0,0,1,0,0,0,1,1,0
Woody Barrett,40207,QB,KENT STATE,1,100.0,0,201,60.0,,60.0,0,0,0,,,,0,0,0,1,0,0,0,1,0,0,0,0,1,0
Michael Parrott,57067,FB,MIAMI FL,1,100.0,0,220,60.0,,60.0,0,0,0,,,,0,0,0,1,0,0,0,1,0,0,0,0,1,0
D'Angelo McKinnie,77915,DI,E CAROLINA,1,100.0,0,156,60.0,,60.0,0,0,0,,,,1,0,0,1,0,0,0,1,0,0,0,0,1,0
Kenyon Oblad,83576,QB,UNLV,1,14.3,0,325,24.2,,60.0,0,0,0,0.0,0.0,,0,0,0,1,0,0,0,7,0,6,0,0,1,0
Andre Pegues,77938,WR,E CAROLINA,1,100.0,0,156,60.0,,60.0,0,0,0,,,,0,0,0,1,0,0,0,1,0,0,0,0,1,0
Hunter Welcing,129738,TE,NWESTERN,1,50.0,0,256,60.5,15.1,63.1,0,0,0,0.0,0.0,,0,0,0,1,0,0,0,2,0,1,0,0,1,2
Jack Colletto,83540,LB,OREGON ST,6,5.3,0,265,82.7,,60.0,0,0,0,0.0,0.0,,0,0,0,1,0,0,0,19,0,2,0,0,1,0
Brady Weeks,101529,LS,MINNESOTA,1,100.0,0,225,60.0,,60.0,0,0,0,,,,0,0,0,1,0,0,0,1,0,0,0,0,1,0
Aidan Hall,101527,LS,ILLINOIS,1,100.0,0,187,60.0,,60.0,0,0,0,,,,0,0,0,1,0,0,0,1,0,0,0,0,1,0
Derik LeCaptain,101506,LB,MINNESOTA,1,100.0,0,225,60.0,,60.0,0,0,0,,,,0,0,0,1,0,0,0,1,0,0,0,0,1,0
Mason Laurence,77987,WR,N CAROLINA,1,33.3,0,245,57.3,,60.0,0,0,0,0.0,0.0,,0,0,0,1,0,0,0,3,0,2,0,0,1,0
Ryan Meed,101501,LB,ILLINOIS,1,100.0,0,187,60.0,,60.0,0,0,0,,,,0,0,0,1,0,0,0,1,0,0,0,0,1,0
Kyler Gordon,83451,CB,WASHINGTON,1,100.0,0,340,60.0,,60.0,0,0,0,,,,0,0,0,1,0,0,0,1,0,0,0,0,1,0
Arik Smith,81190,LB,ARMY,2,50.0,0,114,58.0,,60.0,0,0,0,,,,1,0,0,1,0,0,0,2,0,0,0,0,1,0
Elisha Guidry,83421,S,UCLA,1,100.0,0,324,60.0,63.8,,0,0,1,100.0,100.0,100.0,0,0,0,1,0,0,0,1,1,1,0,0,0,0
Christian Izien,83360,S,RUTGERS,1,100.0,1,278,60.0,,60.0,0,0,0,,,,4,0,0,1,0,0,0,1,0,0,0,0,1,0
James Fullbright III,101066,HB,HOUSTON,3,20.0,0,182,80.9,,60.0,0,0,0,,,,0,0,0,1,0,0,0,5,0,0,0,0,1,0
Paul Moala,83346,LB,NOTRE DAME,1,100.0,0,258,60.0,,60.0,0,0,0,,,,0,0,0,1,0,0,0,1,0,0,0,0,1,0
Valentin Senn,100533,C,COLORADO,1,100.0,0,143,60.0,,59.9,0,0,0,,,,0,0,0,1,0,0,0,1,0,0,0,0,1,1
Zach Carter,56349,ED,FLORIDA,1,100.0,0,163,60.0,,60.0,0,0,0,,,,5,0,0,1,0,0,0,1,0,0,0,0,1,0
Blake Wells,101361,WR,NEW MEXICO,1,16.7,0,241,54.9,,60.0,0,0,0,0.0,0.0,,0,0,0,1,0,0,0,6,0,5,0,0,1,0
Josh Aune,83307,LB,MINNESOTA,1,100.0,0,225,60.0,,60.0,0,0,0,,,,0,0,0,1,0,0,0,1,0,0,0,0,1,0
Patrick Mensah,83272,CB,LA LAFAYET,1,100.0,0,207,60.0,,60.0,0,0,0,,,,1,0,0,1,0,0,0,1,0,0,0,0,1,0
Will Barnard,101355,WR,NEVADA,1,50.0,0,239,62.1,,60.0,0,0,0,0.0,0.0,,0,0,0,1,0,0,0,2,0,1,0,0,1,0
Kyleb Howell,81467,LB,N TEXAS,1,100.0,0,251,60.0,,60.0,0,0,0,,,,1,0,0,1,0,0,0,1,0,0,0,0,1,0
Christian Bobak,39965,S,ILLINOIS,1,100.0,0,187,60.0,,60.0,0,0,0,,,,0,0,0,1,0,0,0,1,0,0,0,0,1,0
Kaevon Merriweather,83257,S,IOWA,1,100.0,0,192,60.0,,60.0,0,0,0,,,,0,0,0,1,0,0,0,1,0,0,0,0,1,0
Terry Roberts,83255,CB,IOWA,1,100.0,0,192,60.0,,60.0,0,0,0,,,,0,0,0,1,0,0,0,1,0,0,0,0,1,0
Smoke Monday,83177,S,AUBURN,1,100.0,0,115,60.0,,60.0,0,0,0,,,,3,0,0,1,0,0,0,1,0,0,0,0,1,0
Devin Chandler,129916,WR,WISCONSIN,3,6.7,0,349,77.7,,60.0,0,0,0,0.0,0.0,,0,0,0,1,0,0,0,15,0,13,0,0,1,0
Roger McCreary,83176,CB,AUBURN,1,100.0,0,115,60.0,,60.0,0,0,0,,,,5,0,0,1,0,0,0,1,0,0,0,0,1,0
Jamien Sherwood,83175,LB,AUBURN,1,100.0,0,115,60.0,,60.0,0,0,0,,,,1,0,0,1,0,0,0,1,0,0,0,0,1,0
Jonah Dalmas,129940,K,BOISE ST,1,100.0,0,120,60.0,,60.0,0,0,0,,,,0,0,0,1,0,0,0,1,0,0,0,0,1,0
Kemani Brown,129943,WR,TULSA,1,100.0,0,320,60.0,,60.0,0,0,0,,,,0,0,0,1,0,0,0,1,0,0,0,0,1,0
Elisha Palm,83117,CB,AIR FORCE,1,100.0,1,101,60.0,,60.0,0,0,0,,,,3,0,0,1,0,0,0,1,0,0,0,0,1,0
Ronan Chambers,130283,T,AKRON,1,100.0,0,102,60.0,,60.0,0,0,0,,,,0,0,0,1,0,0,0,1,0,0,0,0,1,1
Damari Kelly,83033,CB,COAST CAR,1,100.0,0,141,60.0,,60.0,0,0,0,,,,0,0,0,1,0,0,0,1,0,0,0,0,1,0
Parker Noren,82644,LB,AIR FORCE,1,100.0,0,101,60.0,,60.0,0,0,0,,,,0,0,0,1,0,0,0,1,0,0,0,0,1,0
Matthew Mercurio,82622,K,S JOSE ST,1,100.0,0,285,60.0,,60.0,0,0,0,,,,0,0,0,1,0,0,0,1,0,0,0,0,1,0
Thad Mangum,36819,ED,USF,1,100.0,0,327,60.0,,60.0,0,0,0,,,,0,0,0,1,0,0,0,1,0,0,0,0,1,0
Kyle Van Leeuwen,101345,WR,UTAH ST,1,50.0,0,329,58.2,,60.0,0,0,0,0.0,0.0,,0,0,0,1,0,0,0,2,0,1,0,0,1,0
Josiah Bronson,36668,DI,WASHINGTON,1,100.0,0,340,60.0,,60.0,0,0,0,,,,0,0,0,1,0,0,0,1,0,0,0,0,1,0
Kenneth Almendares,82597,K,LA LAFAYET,2,50.0,0,207,59.6,60.5,,0,0,1,100.0,50.0,100.0,0,0,0,1,0,0,0,2,1,2,0,0,0,0
Levi Gazarek,130363,TE,BOWL GREEN,1,100.0,0,122,60.0,,60.0,0,0,0,,,,0,0,0,1,0,0,0,1,0,0,0,0,1,1
Matt Ruffolo,82595,K,KENTUCKY,1,100.0,0,202,60.0,,60.0,0,0,0,,,,0,0,0,1,0,0,0,1,0,0,0,0,1,0
Shane Ciucci,82586,P,MARSHALL,1,100.0,0,214,60.0,,60.0,0,0,0,,,,0,0,0,1,0,0,0,1,0,0,0,0,1,0
Nic Kilbride,130371,WR,BOWL GREEN,1,50.0,0,122,57.8,,60.0,0,0,0,0.0,0.0,,0,0,0,1,0,0,0,2,0,1,0,0,1,0
Zach Angelillo,82544,FB,CAL,1,100.0,0,130,60.0,,60.0,0,0,0,,,,0,0,0,1,0,0,0,1,0,0,0,0,1,0
Will Huggins,78018,WR,MIAMI FL,1,100.0,0,220,60.0,,60.0,0,0,0,,,,0,0,0,1,0,0,0,1,0,0,0,0,1,0
Tahliq Battle,130399,WR,BUFFALO,1,100.0,0,126,60.0,,60.0,0,0,0,,,,0,0,0,1,0,0,0,1,0,0,0,0,1,0
Tyler Manoa,82445,DI,UCLA,1,100.0,0,324,60.0,63.8,,0,0,1,100.0,100.0,100.0,4,0,0,1,0,0,0,1,1,1,0,0,0,0
Dotson Schaefer,82438,DI,TEXAS ST,1,100.0,0,314,60.0,,60.0,0,0,0,,,,0,0,0,1,0,0,0,1,0,0,0,0,1,0
Caron Robinson,130419,HB,BUFFALO,1,14.3,0,126,71.6,,60.0,0,0,0,0.0,0.0,,0,0,0,1,0,0,0,7,0,1,0,0,1,0
Erik Dickerson,81471,LS,ARIZONA ST,1,100.0,0,110,60.0,,60.0,0,0,0,,,,0,0,0,1,0,0,0,1,0,0,0,0,1,0
John Petrishen,35069,LB,PITTSBURGH,1,100.0,0,268,60.0,,60.0,0,0,0,,,,0,0,0,1,0,0,0,1,0,0,0,0,1,0
Ajani Carter,101343,S,UTAH ST,1,100.0,0,329,60.0,,60.0,0,0,0,,,,0,0,0,1,0,0,0,1,0,0,0,0,1,0
Jouvensly Bazil,100591,HB,WASH STATE,1,100.0,0,341,60.0,,60.0,0,0,0,,,,0,0,0,1,0,0,0,1,0,0,0,0,1,0
Jake Hoffman,81491,LS,MISSOURI,1,100.0,0,229,60.0,60.5,,0,0,1,100.0,100.0,100.0,0,0,0,1,0,0,0,1,1,1,0,0,0,0
Tayland Humphrey,82262,DI,LA LAFAYET,1,100.0,0,207,60.0,,60.0,0,0,0,,,,3,0,0,1,0,0,0,1,0,0,0,0,1,0
J.B. Awolowo,130484,WR,KENT STATE,1,50.0,0,201,56.9,,60.0,0,0,0,0.0,0.0,,0,0,0,1,0,0,0,2,0,1,0,0,1,0
Ja'Varrius Johnson,99223,WR,AUBURN,1,12.5,0,115,54.9,,60.0,0,0,0,0.0,0.0,,0,0,0,1,0,0,0,8,0,7,0,0,1,0
Tyler Ostrom,81818,C,S JOSE ST,1,100.0,0,285,60.0,,60.0,0,0,0,,,,0,0,0,1,0,0,0,1,0,0,0,0,1,0
Bradley Robinson,45062,LS,OHIO STATE,1,100.0,0,260,60.0,,60.0,0,0,0,,,,0,0,0,1,0,0,0,1,0,0,0,0,1,0
Keilon Brown,121754,QB,MEMPHIS,1,100.0,0,218,60.0,,60.0,0,0,0,,,,0,0,0,1,0,0,0,1,0,0,0,0,1,0
Josh Lanier,99214,WR,ALABAMA,1,100.0,0,103,60.0,,60.0,0,0,0,,,,0,0,0,1,0,0,0,1,0,0,0,0,1,0
Joseph Greenwood,58331,LS,BALL ST,1,100.0,0,117,60.0,60.9,,0,0,0,,100.0,,0,0,0,1,0,0,0,1,1,1,0,0,0,0
Daniel Cantrell,58333,LS,BOISE ST,1,100.0,0,120,60.0,,60.0,0,0,0,,,,0,0,0,1,0,0,0,1,0,0,0,0,1,0
Jack Maddox,58339,LS,CLEMSON,1,100.0,0,140,60.0,,60.0,0,0,0,,,,0,0,0,1,0,0,0,1,0,0,0,0,1,0
John Taylor,58342,LS,DUKE,1,100.0,0,154,60.0,63.8,,0,0,1,100.0,100.0,100.0,0,0,0,1,0,0,0,1,1,1,0,0,0,0
Brett DioGuardi,45076,LS,FLORIDA,1,100.0,0,163,60.0,,60.0,0,0,0,,,,0,0,0,1,0,0,0,1,0,0,0,0,1,0
Matthew Stephenson,45054,P,MINNESOTA,1,100.0,0,225,60.0,,60.0,0,0,0,,,,0,0,0,1,0,0,0,1,0,0,0,0,1,0
A.J. Reed,45042,K,ARKANSAS,1,100.0,0,111,60.0,,60.0,0,0,0,,,,0,0,0,1,0,0,0,1,0,0,0,0,1,0
Ethan Tabel,58352,LS,ILLINOIS,1,100.0,0,187,60.0,,60.0,0,0,0,,,,0,0,0,1,0,0,0,1,0,0,0,0,1,0
Jacob Westberry,44933,LS,FRESNO ST,1,100.0,0,169,60.0,,60.0,0,0,0,,,,0,0,0,1,0,0,0,1,0,0,0,0,1,0
Detraveon Brown,121881,WR,N TEXAS,1,100.0,0,251,60.0,,60.0,0,0,0,,,,0,0,0,1,0,0,0,1,0,0,0,0,1,0
Silakivai Carmichael,121884,LB,N TEXAS,1,100.0,0,251,60.0,,60.0,0,0,0,,,,0,0,0,1,0,0,0,1,0,0,0,0,1,0
J.D. Rutherford,121475,S,SO MISS,1,100.0,0,296,60.0,60.5,,0,0,1,100.0,100.0,100.0,0,0,0,1,0,0,0,1,1,1,0,0,0,0
Alex Kessman,44905,K,PITTSBURGH,1,100.0,0,268,60.0,,60.0,0,0,0,,,,0,0,0,1,0,0,0,1,0,0,0,0,1,0
Drue Chrisman,44787,P,OHIO STATE,1,100.0,0,260,60.0,,60.0,0,0,0,,,,0,0,0,1,0,0,0,1,0,0,0,0,1,0
Gage Haskin,121927,TE,SMU,1,100.0,0,287,60.0,,60.0,0,0,0,,,,0,0,0,1,0,0,0,1,0,0,0,0,1,1
KeShawn Toney,99179,TE,S CAROLINA,2,50.0,0,289,59.8,67.1,,0,0,1,50.0,50.0,100.0,0,0,0,1,0,0,0,2,1,2,0,0,0,2
Leo Lowin,121586,S,ARMY,1,100.0,0,114,60.0,,60.0,0,0,0,,,,0,0,0,1,0,0,0,1,0,0,0,0,1,0
Jacob Finn,44727,P,FLORIDA,1,100.0,0,163,60.0,,60.0,0,0,0,,,,0,0,0,1,0,0,0,1,0,0,0,0,1,0
Jake Verity,44709,K,E CAROLINA,1,100.0,0,156,60.0,,60.0,0,0,0,,,,0,0,0,1,0,0,0,1,0,0,0,0,1,0
Evan Staley,44672,K,W VIRGINIA,1,100.0,0,343,60.0,,60.0,0,0,0,,,,0,0,0,1,0,0,0,1,0,0,0,0,1,0
Durham Harris,121971,LS,TEXAS ST,1,100.0,0,314,60.0,60.9,,0,0,1,100.0,100.0,100.0,0,0,0,1,0,0,0,1,1,1,0,0,0,0
Ta'Ron Madison,100602,HB,OREGON ST,1,33.3,0,265,58.6,,60.0,0,0,0,0.0,0.0,,0,0,0,1,0,0,0,3,0,1,0,0,1,0
Jet Toner,44643,K,STANFORD,1,100.0,0,300,60.0,60.9,,0,0,0,,100.0,,0,0,0,1,0,0,0,1,1,1,0,0,0,0
Isaiah Nichols,82218,DI,ARKANSAS,1,100.0,0,111,60.0,,60.0,0,0,0,,,,1,0,0,1,0,0,0,1,0,0,0,0,1,0
Preston Brady,58366,LS,MEMPHIS,1,100.0,0,218,60.0,,60.0,0,0,0,,,,0,0,0,1,0,0,0,1,0,0,0,0,1,0
Jordan Silver,58325,LS,ARKANSAS,1,100.0,0,111,60.0,,60.0,0,0,0,,,,0,0,0,1,0,0,0,1,0,0,0,0,1,0
Brandon Pada,45142,LS,UTAH ST,1,100.0,0,329,60.0,,60.0,0,0,0,,,,0,0,0,1,0,0,0,1,0,0,0,0,1,0
Scott Voigt,100630,TE,USC,1,100.0,0,326,60.0,,60.0,0,0,0,,,,0,0,0,1,0,0,0,1,0,0,0,0,1,1
Thomas Booker IV,82168,DI,STANFORD,1,100.0,0,300,60.0,60.9,,0,0,0,,100.0,,1,0,0,1,0,0,0,1,1,1,0,0,0,0
Kyle Gibbs,58372,LS,NAVY,1,100.0,0,237,60.0,,60.0,0,0,0,,,,0,0,0,1,0,0,0,1,0,0,0,0,1,0
Nate Durham,58379,LS,N TEXAS,1,100.0,0,251,60.0,,60.0,0,0,0,,,,0,0,0,1,0,0,0,1,0,0,0,0,1,0
Sean Mahoney,100631,TE,USC,1,100.0,0,326,60.0,,60.0,0,0,0,,,,0,0,0,1,0,0,0,1,0,0,0,0,1,0
Nash Griffin,44574,P,VIRGINIA,3,33.3,0,335,69.7,,60.0,0,0,0,0.0,0.0,,0,0,0,1,0,0,0,3,0,2,0,0,1,0
Thor Rodoni,45244,LS,BAYLOR,1,100.0,0,118,60.0,,60.0,0,0,0,,,,0,0,0,1,0,0,0,1,0,0,0,0,1,0
Aaron Bibbins,121555,S,ARMY,1,100.0,0,114,60.0,,60.0,0,0,0,,,,0,0,0,1,0,0,0,1,0,0,0,0,1,0
J.J. Weaver,99111,ED,KENTUCKY,1,100.0,0,202,60.0,,60.0,0,0,0,,,,3,0,0,1,0,0,0,1,0,0,0,0,1,0
Billy Taylor,58394,LS,RUTGERS,1,100.0,0,278,60.0,,60.0,0,0,0,,,,0,0,0,1,0,0,0,1,0,0,0,0,1,0
Rashad Byrd,44306,LB,GA SOUTHRN,1,100.0,0,174,60.0,,60.0,0,0,0,,,,1,0,0,1,0,0,0,1,0,0,0,0,1,0
Colby Garfield,122180,LS,CHARLOTTE,1,100.0,0,136,60.0,,60.0,0,0,0,,,,0,0,0,1,0,0,0,1,0,0,0,0,1,0
Andre Mintze,44299,ED,VANDERBILT,1,100.0,2,333,60.0,,60.0,0,0,0,,,,4,0,0,1,0,0,0,1,0,0,0,0,1,0
Jake Harwell,58397,LS,S ALABAMA,1,100.0,0,288,60.0,61.9,,0,0,0,,100.0,,0,0,0,1,0,0,0,1,1,1,0,0,0,0
CJ Harris,121524,S,ARK STATE,1,100.0,0,113,60.0,63.8,,0,0,0,,100.0,,0,0,0,1,0,0,0,1,1,1,0,0,0,0
Justis Borton,58443,DI,WYOMING,1,100.0,0,351,60.0,,60.0,0,0,0,,,,0,0,0,1,0,0,0,1,0,0,0,0,1,0
Ryan Hanson,121522,P,ARK STATE,3,33.3,0,113,69.3,,60.0,0,0,0,0.0,0.0,,0,0,0,1,0,0,0,3,0,2,0,0,1,0
Chris Adimora,99266,CB,TEXAS,1,100.0,0,311,60.0,63.8,,0,0,1,100.0,100.0,100.0,2,0,0,1,0,0,0,1,1,1,0,0,0,0
Jalen Thornton,99326,ED,W VIRGINIA,1,100.0,0,343,60.0,,60.0,0,0,0,,,,0,0,0,1,0,0,0,1,0,0,0,0,1,0
Kolton McGhee,99365,P,W VIRGINIA,1,100.0,0,343,60.0,,60.0,0,0,0,,,,0,0,0,1,0,0,0,1,0,0,0,0,1,0
Matthew Bailey,99030,LS,S CAROLINA,1,100.0,0,289,60.0,63.8,,0,0,1,100.0,100.0,100.0,0,0,0,1,0,0,0,1,1,1,0,0,0,0
Tyler Van Dyke,122225,QB,MIAMI FL,2,25.0,0,220,71.5,,60.0,0,0,0,0.0,0.0,,0,0,0,1,0,0,0,4,0,3,0,0,1,0
Dazalin Worsham,122232,WR,MIAMI FL,1,100.0,0,220,60.0,,60.0,0,0,0,,,,0,0,0,1,0,0,0,1,0,0,0,0,1,0
Anderson Castle,122234,HB,APP STATE,4,5.6,0,108,70.4,,60.0,0,0,0,,,,0,0,0,1,0,0,0,18,0,0,0,0,1,0
Devin Nicholson,99021,LB,MISSOURI,1,100.0,1,229,60.0,60.5,,0,0,1,100.0,100.0,100.0,2,0,0,1,0,0,0,1,1,1,0,0,0,0
Ashanti Cistrunk,98958,LB,OLE MISS,1,100.0,0,226,60.0,,60.0,0,0,0,,,,0,0,0,1,0,0,0,1,0,0,0,0,1,0
Mike Ruth,81747,C,MISSOURI,1,100.0,0,229,60.0,32.9,,1,0,1,100.0,100.0,50.0,0,1,0,1,0,0,0,1,1,1,0,0,0,0
AJ Finley,98887,S,OLE MISS,1,100.0,0,226,60.0,,60.0,0,0,0,,,,0,0,0,1,0,0,0,1,0,0,0,0,1,0
Zion Puckett,98874,CB,AUBURN,1,100.0,0,115,60.0,,60.0,0,0,0,,,,0,0,0,1,0,0,0,1,0,0,0,0,1,0
Lou Hedley,98796,P,MIAMI FL,1,100.0,0,220,60.0,,60.0,0,0,0,,,,0,0,0,1,0,0,0,1,0,0,0,0,1,0
Nick Childs,122327,WR,COAST CAR,1,100.0,0,141,60.0,,60.0,0,0,0,,,,0,0,0,1,0,0,0,1,0,0,0,0,1,0
Daniel Leconte,57201,HB,FAU,1,16.7,0,165,51.3,1.1,,1,0,1,25.0,25.0,50.0,0,1,0,1,0,0,0,6,1,4,0,0,0,0
Doug Taumoelau,44174,LB,OREGON ST,1,100.0,0,265,60.0,,60.0,0,0,0,,,,0,0,0,1,0,0,0,1,0,0,0,0,1,0
Seth MacKellar,98785,LS,ARIZONA,1,100.0,0,109,60.0,,60.0,0,0,0,,,,0,0,0,1,0,0,0,1,0,0,0,0,1,0
Jonathan Marshall,44173,DI,ARKANSAS,1,100.0,0,111,60.0,,60.0,0,0,0,,,,1,0,0,1,0,0,0,1,0,0,0,0,1,0
Jesiah Pierre,98782,LB,FLORIDA,1,100.0,0,163,60.0,,60.0,0,0,0,,,,0,0,0,1,0,0,0,1,0,0,0,0,1,0
Mohamoud Diabate,98780,LB,FLORIDA,1,100.0,0,163,60.0,,60.0,0,0,0,,,,0,0,0,1,0,0,0,1,0,0,0,0,1,0
Ja'Kori Morgan,78075,WR,HOUSTON,3,14.3,0,182,55.4,,60.0,0,0,0,0.0,0.0,,0,0,0,1,0,0,0,7,0,6,0,0,1,0
Jordyn Peters,55824,S,AUBURN,1,100.0,0,115,60.0,,60.0,0,0,0,,,,0,0,0,1,0,0,0,1,0,0,0,0,1,0
DJ Lundy,122405,LB,FLORIDA ST,1,50.0,0,167,57.8,,60.0,0,0,0,0.0,0.0,,1,0,0,1,0,0,0,2,0,1,0,0,1,0
Brian Smith Jr.,98734,WR,LA LAFAYET,1,25.0,0,207,57.3,,60.0,0,0,0,0.0,0.0,,0,0,0,1,0,0,0,4,0,3,0,0,1,0
Liam Ryan,59940,T,NC STATE,1,100.0,0,248,60.0,,60.0,0,0,0,,,,0,0,0,1,0,0,0,1,0,0,1,0,1,0
Zach Appio,58363,LS,MARSHALL,1,100.0,0,214,60.0,,60.0,0,0,0,,,,0,0,0,1,0,0,0,1,0,0,0,0,1,0
Paul Gainer Jr.,60079,T,SO MISS,1,100.0,0,296,60.0,,60.0,0,0,0,,,,0,0,0,1,0,0,0,1,0,0,0,0,1,0
Thomas Schaffer,44097,DI,STANFORD,1,100.0,1,300,60.0,60.9,,0,0,0,,100.0,,2,0,0,1,0,0,0,1,1,1,0,0,0,0
Joel Dublanko,43990,LB,CINCINNATI,2,50.0,1,138,61.5,,60.0,0,0,0,,,,1,0,0,1,0,0,0,2,0,0,0,0,1,0
Blake Smithback,60253,G,WISCONSIN,1,100.0,0,349,60.0,,60.0,0,0,0,,,,0,0,0,1,0,1,0,1,0,0,0,0,1,0
Jake Julien,60269,P,E MICHIGAN,1,100.0,0,160,60.0,,60.0,0,0,0,,,,0,0,0,1,0,0,0,1,0,0,0,0,1,0
KeyShawn Johnson,81280,LB,LA MONROE,1,100.0,0,209,60.0,,60.0,0,0,0,,,,0,0,0,1,0,0,0,1,0,0,0,0,1,0
Jordan Pearson,122453,FB,GA SOUTHRN,1,100.0,0,174,60.0,,60.0,0,0,0,,,,0,0,0,1,0,0,0,1,0,0,0,0,1,0
Jordan Williams,56328,ED,BALL ST,1,100.0,0,117,60.0,60.9,,0,0,0,,100.0,,0,0,0,1,0,0,0,1,1,1,0,0,0,0
Ryan Gersonde,60278,P,IOWA,1,100.0,0,192,60.0,,60.0,0,0,0,,,,0,0,0,1,0,0,0,1,0,0,0,0,1,0
Avery Boyd,122469,WR,GA TECH,2,33.3,0,176,60.4,,60.0,0,0,0,0.0,0.0,,0,0,0,1,0,0,0,3,0,2,0,0,1,0
Timmy Horne,43918,DI,CHARLOTTE,1,100.0,0,136,60.0,,60.0,0,0,0,,,,1,0,0,1,0,0,0,1,0,0,0,0,1,0
Tucker Gleason,122475,QB,GA TECH,1,100.0,0,176,60.0,,60.0,0,0,0,,,,0,0,0,1,0,0,0,1,0,0,0,0,1,0
Adam Williams,60289,P,MEMPHIS,1,100.0,0,218,60.0,,60.0,0,0,0,,,,0,0,0,1,0,0,0,1,0,0,0,0,1,0
Lamar Mullins,101090,S,TULSA,1,100.0,0,320,60.0,,60.0,0,0,0,,,,1,0,0,1,0,0,0,1,0,0,0,0,1,0
Gavin Stewart,122498,K,GA TECH,1,100.0,0,176,60.0,,60.0,0,0,0,,,,0,0,0,1,0,0,0,1,0,0,0,0,1,0
Matt Ference,60298,P,N ILLINOIS,2,50.0,0,254,60.0,60.5,,0,0,1,100.0,100.0,100.0,0,0,0,1,0,0,0,2,1,1,0,0,0,0
Thomas Rush,81306,ED,MINNESOTA,1,100.0,0,225,60.0,,60.0,0,0,0,,,,0,0,0,1,0,0,0,1,0,0,0,0,1,0
DeShawn Hanika,122515,TE,IOWA STATE,1,100.0,0,193,60.0,,60.0,0,0,0,,,,0,0,0,1,0,0,0,1,0,0,0,0,1,0
Race Porter,60313,P,WASHINGTON,1,50.0,0,340,54.2,,60.0,0,0,0,,0.0,,0,0,0,1,0,0,0,2,0,1,0,0,1,0
Isaiah Sanders,60319,QB,STANFORD,2,25.0,0,300,71.3,,60.0,0,0,0,,,,0,0,0,1,0,0,0,4,0,0,0,0,1,0
Jerney Jones,43490,HB,MISSOURI,1,16.7,0,229,61.6,,60.0,0,0,0,0.0,0.0,,0,0,0,1,0,0,0,6,0,1,0,0,1,0
Barrington Wade,43472,LB,IOWA,1,100.0,0,192,60.0,,60.0,0,0,0,,,,0,0,0,1,0,0,0,1,0,0,0,0,1,0
Nick Jackson,98640,LB,VIRGINIA,3,33.3,0,335,87.3,,60.0,0,0,0,0.0,0.0,,1,0,0,1,0,0,0,3,0,2,0,0,1,0
Phil Campbell III,43402,LB,PITTSBURGH,1,100.0,1,268,60.0,,60.0,0,0,0,,,,1,0,0,1,0,0,0,1,0,0,0,0,1,0
TQ Newsome,98625,LB,SO MISS,1,100.0,0,296,60.0,60.5,,0,0,1,100.0,100.0,100.0,0,0,0,1,0,0,0,1,1,1,0,0,0,0
TJ Johnson,98606,ED,MARSHALL,1,100.0,0,214,60.0,,60.0,0,0,0,,,,0,0,0,1,0,0,0,1,0,0,0,0,1,0
Jaden Dolphin,130547,CB,N ILLINOIS,1,100.0,0,254,60.0,60.5,,0,0,1,100.0,100.0,100.0,0,0,0,1,0,0,0,1,1,1,0,0,0,0
Trevor Kardell,122566,TE,KANSAS,1,50.0,0,198,58.0,,60.0,0,0,0,0.0,0.0,,0,0,0,1,0,0,0,2,0,1,0,0,1,2
Jaydon Grant,43354,S,OREGON ST,1,100.0,1,265,60.0,,60.0,0,0,0,,,,1,0,0,1,0,0,0,1,0,0,0,0,1,0
Chris Katrenick,60365,QB,DUKE,1,14.3,0,154,62.2,,60.0,0,0,0,0.0,0.0,,0,0,0,1,0,0,0,7,0,5,0,0,1,0
Chase Pine,43225,LB,PITTSBURGH,1,100.0,0,268,60.0,,60.0,0,0,0,,,,1,0,0,1,0,0,0,1,0,0,0,0,1,0
Nolan Turner,43187,S,CLEMSON,1,100.0,0,140,60.0,,60.0,0,0,0,,,,2,0,0,1,0,0,0,1,0,0,0,0,1,0
Dominic Quewon,121469,ED,SO MISS,1,100.0,0,296,60.0,60.5,,0,0,1,100.0,100.0,100.0,1,0,0,1,0,0,0,1,1,1,0,0,0,0
Tuf Borland,43158,LB,OHIO STATE,1,100.0,0,260,60.0,,60.0,0,0,0,,,,1,0,0,1,0,0,0,1,0,0,0,0,1,0
Emani Bailey,122630,HB,LA LAFAYET,3,5.3,0,207,70.1,70.3,,0,0,1,11.1,11.1,100.0,0,0,0,1,0,0,0,19,1,9,0,0,0,0
Sean Mahone,43146,S,W VIRGINIA,1,100.0,0,343,60.0,,60.0,0,0,0,,,,0,0,0,1,0,0,0,1,0,0,0,0,1,0
Tim Hart,43085,LB,MEMPHIS,1,100.0,0,218,60.0,,60.0,0,0,0,,,,0,0,0,1,0,0,0,1,0,0,0,0,1,0
Elijah Hamilton,43012,CB,VANDERBILT,2,50.0,0,333,55.4,,60.0,0,0,0,,,,1,0,0,1,0,0,0,2,0,0,0,0,1,0
Kain Medrano,100655,LB,UCLA,1,100.0,0,324,60.0,29.9,,0,0,1,100.0,100.0,0.0,0,1,1,1,0,0,0,1,1,1,0,0,0,0
Averie Habas,121458,LB,SO MISS,1,100.0,0,296,60.0,60.5,,0,0,1,100.0,100.0,100.0,1,0,0,1,0,0,0,1,1,1,0,0,0,0
Elijah Carson,98526,G,FRESNO ST,1,100.0,0,169,60.0,,60.0,0,0,0,,,,0,0,0,1,0,0,0,1,0,0,0,0,1,0
Jordan Hansen,130555,S,N ILLINOIS,1,100.0,0,254,60.0,,60.0,0,0,0,,,,1,0,0,1,0,0,0,1,0,0,0,0,1,0
Brock Nichols,33753,S,USF,1,100.0,0,327,60.0,,60.0,0,0,0,,,,0,0,0,1,0,0,0,1,0,0,0,0,1,0
Coney Durr,42953,CB,MINNESOTA,1,100.0,1,225,60.0,,60.0,0,0,0,,,,3,0,0,1,0,0,0,1,0,0,0,0,1,0
Lovie Jenkins,122709,S,LOUISVILLE,1,100.0,0,210,60.0,,60.0,0,0,0,,,,0,0,0,1,0,0,0,1,0,0,0,0,1,0
Cord Sandberg,82090,QB,AUBURN,1,50.0,0,115,61.0,,60.0,0,0,0,0.0,0.0,,0,0,0,1,0,0,0,2,0,1,0,0,1,0
Nolan Matthews-Harris,98433,TE,ARIZONA ST,1,50.0,0,110,57.6,,59.5,0,0,0,0.0,0.0,,0,0,0,1,0,0,0,2,0,1,0,0,1,2
Thomas Morton,60539,TE,SO MISS,1,100.0,0,296,60.0,,60.0,0,0,0,,,,0,0,0,1,0,0,0,1,0,0,0,0,1,0
Brayden DeVault-Smith,58259,LB,VANDERBILT,1,100.0,1,333,60.0,,60.0,0,0,0,,,,1,0,0,1,0,0,0,1,0,0,0,0,1,0
Donovan Stiner,60647,S,FLORIDA,1,100.0,0,163,60.0,,60.0,0,0,0,,,,1,0,0,1,0,0,0,1,0,0,0,0,1,0
Traveion Webster,60676,LB,LA MONROE,1,100.0,1,209,60.0,,60.0,0,0,0,,,,1,0,0,1,0,0,0,1,0,0,0,0,1,0
Jett Hendrix,101092,S,TULSA,1,100.0,0,320,60.0,,60.0,0,0,0,,,,0,0,0,1,0,0,0,1,0,0,0,0,1,0
Elijah Green,122836,HB,N CAROLINA,3,7.1,0,245,71.0,,60.0,0,0,0,0.0,0.0,,0,0,0,1,0,0,0,14,0,3,0,0,1,0
Damani Staley,58136,LB,S CAROLINA,1,100.0,0,289,60.0,63.8,,0,0,1,100.0,100.0,100.0,0,0,0,1,0,0,0,1,1,1,0,0,0,0
Austin Hawley,60677,S,LA MONROE,1,100.0,0,209,60.0,,60.0,0,0,0,,,,2,0,0,1,0,0,0,1,0,0,0,0,1,0
Griffin Korican,81726,G,MICHIGAN,1,100.0,0,222,60.0,,60.0,0,0,0,,,,0,0,0,1,0,1,0,1,0,0,0,0,1,0
Tyshon Fogg,58124,LB,RUTGERS,1,100.0,0,278,60.0,,60.0,0,0,0,,,,2,0,0,1,0,0,0,1,0,0,0,0,1,0
Isaiah Pryor,60724,S,NOTRE DAME,1,100.0,0,258,60.0,,60.0,0,0,0,,,,0,0,0,1,0,0,0,1,0,0,0,0,1,0
Nick Heninger,42766,ED,UTAH ST,1,100.0,0,329,60.0,,60.0,0,0,0,,,,0,0,0,1,0,0,0,1,0,0,0,0,1,0
Preston Dimery,60762,S,TEXAS ST,1,50.0,0,314,58.0,,60.0,0,0,0,0.0,0.0,,0,0,0,1,0,0,0,2,0,1,0,0,1,0
Tyler Murray,60765,LB,CHARLOTTE,1,100.0,0,136,60.0,,60.0,0,0,0,,,,1,0,0,1,0,0,0,1,0,0,0,0,1,0
Exree Loe,60790,LB,W VIRGINIA,1,100.0,0,343,60.0,,60.0,0,0,0,,,,0,0,0,1,0,0,0,1,0,0,0,0,1,0
Tyreek Maddox-Williams,42694,LB,RUTGERS,1,100.0,0,278,60.0,,60.0,0,0,0,,,,0,0,0,1,0,0,0,1,0,0,0,0,1,0
Michael Marchese,55952,S,ILLINOIS,1,100.0,0,187,60.0,,60.0,0,0,0,,,,0,0,0,1,0,0,0,1,0,0,0,0,1,0
Jordan Bertagnole,98348,DI,WYOMING,1,100.0,0,351,60.0,,60.0,0,0,0,,,,0,0,0,1,0,0,0,1,0,0,0,0,1,0
Robert Revels III,49871,LB,TULSA,1,100.0,0,320,60.0,,60.0,0,0,0,,,,0,0,0,1,0,0,0,1,0,0,0,0,1,0
Calvin Swenson,42636,S,MINNESOTA,1,100.0,0,225,60.0,,60.0,0,0,0,,,,2,0,0,1,0,0,0,1,0,0,0,0,1,0
John Weiss,81821,T,S JOSE ST,1,100.0,0,285,60.0,,60.0,0,0,0,,,,0,0,0,1,0,0,0,1,0,0,0,0,1,0
Jaden Knowles,122933,HB,OKLAHOMA,1,100.0,0,261,60.0,,60.0,0,0,0,,,,0,0,0,1,0,0,0,1,0,0,0,0,1,0
Dylan Slavens,56258,WR,UTAH,2,33.3,0,328,58.6,,60.0,0,0,0,0.0,0.0,,0,0,0,1,0,0,0,3,0,2,0,0,1,0
Tyriq Harris,50255,ED,CHARLOTTE,1,100.0,0,136,60.0,,60.0,0,0,0,,,,0,0,0,1,0,0,0,1,0,0,0,0,1,0
Justus Te'i,50311,ED,UTAH ST,1,100.0,0,329,60.0,,60.0,0,0,0,,,,3,0,0,1,0,0,0,1,0,0,0,0,1,0
Ephraim Kitchen,50509,CB,GA SOUTHRN,1,100.0,0,174,60.0,,60.0,0,0,0,,,,0,0,0,1,0,0,0,1,0,0,0,0,1,0
Ben DeLuca,51269,S,CHARLOTTE,1,100.0,0,136,60.0,,60.0,0,0,0,,,,0,0,0,1,0,0,0,1,0,0,0,0,1,0
Baron Browning,58095,LB,OHIO STATE,1,100.0,1,260,60.0,,60.0,0,0,0,,,,2,0,0,1,0,0,0,1,0,0,0,0,1,0
Richard Burney,29120,DI,VIRGINIA,1,100.0,0,335,60.0,63.8,,0,0,1,100.0,100.0,100.0,0,0,0,1,0,0,0,1,1,1,0,0,0,0
Tyrez Lindsey,42510,S,MEMPHIS,1,100.0,1,218,60.0,,60.0,0,0,0,,,,3,0,0,1,0,0,0,1,0,0,0,0,1,0
Austin Talbert-Loving,58010,LB,NAVY,1,100.0,0,237,60.0,,60.0,0,0,0,,,,0,0,0,1,0,0,0,1,0,0,0,0,1,0
Dante Bonamico,42508,S,W VIRGINIA,1,100.0,0,343,60.0,,60.0,0,0,0,,,,0,0,0,1,0,0,0,1,0,0,0,0,1,0
Reese Leitao,61035,ED,TEXAS,1,100.0,0,311,60.0,63.8,,0,0,1,100.0,100.0,100.0,0,0,0,1,0,0,0,1,1,1,0,0,0,0
Rashad Battle,123003,CB,PITTSBURGH,1,100.0,0,268,60.0,,60.0,0,0,0,,,,0,0,0,1,0,0,0,1,0,0,0,0,1,0
Bailey Parsons,131775,LS,STANFORD,1,100.0,0,300,60.0,60.9,,0,0,0,,100.0,,0,0,0,1,0,0,0,1,1,1,0,0,0,0
Zikerrion Baker,57983,LB,OLE MISS,1,100.0,0,226,60.0,,60.0,0,0,0,,,,0,0,0,1,0,0,0,1,0,0,0,0,1,0
Garrett Shrader,98212,WR,MISS STATE,1,10.0,0,227,55.0,,60.0,0,0,0,0.0,0.0,,0,0,0,1,0,0,0,10,0,9,0,0,1,0
Mike Kelly,98148,DI,CHARLOTTE,1,100.0,0,136,60.0,,60.0,0,0,0,,,,0,0,0,1,0,0,0,1,0,0,0,0,1,0
Rhys Byrns,82027,P,LA LAFAYET,2,25.0,0,207,45.8,,60.0,0,0,0,,,,0,0,0,1,0,0,0,4,0,0,0,0,1,0
Ben Ballard,99469,QB,TEXAS,1,25.0,0,311,57.8,,60.0,0,0,0,,,,0,0,0,1,0,0,0,4,0,0,0,0,1,0
Chester Baah,98089,G,TULSA,1,100.0,0,320,60.0,,60.0,0,0,0,,,,0,0,0,1,0,1,0,1,0,0,0,0,1,0
Hunter Smith,57931,LB,LA MONROE,1,100.0,0,209,60.0,,60.0,0,0,0,,,,0,0,0,1,0,0,0,1,0,0,0,0,1,0
Brandon Pierce,105781,WR,ARIZONA ST,1,50.0,0,110,58.3,,59.7,0,0,0,0.0,0.0,,0,0,0,1,0,0,0,2,0,1,0,0,1,0
Henry Marchese,61325,CB,IOWA,1,100.0,0,192,60.0,,60.0,0,0,0,,,,0,0,0,1,0,0,0,1,0,0,0,0,1,0
Korbin Sorensen,23427,G,OREGON ST,1,100.0,0,265,60.0,,60.0,0,0,0,,,,0,0,0,1,0,0,0,1,0,0,0,0,1,0
Colt Atkinson,99471,QB,OKLAHOMA,1,100.0,0,261,60.0,,59.5,0,0,0,,,,0,0,0,1,0,0,0,1,0,0,0,0,1,0
Hilton Harris,123078,WR,TCU,1,100.0,0,305,60.0,,59.4,0,0,0,,,,0,0,0,1,0,0,0,1,0,0,0,0,1,1
Cole McCubrey,52095,LB,UMASS,1,100.0,0,216,60.0,63.8,,0,0,1,100.0,100.0,100.0,0,0,0,1,0,0,0,1,1,1,0,0,0,0
Grayson Lewis,98039,T,E CAROLINA,1,100.0,0,156,60.0,,60.0,0,0,0,,,,0,0,0,1,0,0,0,1,0,0,0,1,1,0
Joseph Carlson,82009,K,AIR FORCE,1,100.0,0,101,60.0,,60.0,0,0,0,,,,0,0,0,1,0,0,0,1,0,0,0,0,1,0
Harry Blair,52097,LS,UMASS,1,100.0,0,216,60.0,63.8,,0,0,1,100.0,100.0,100.0,0,0,0,1,0,0,0,1,1,1,0,0,0,0
Josh Coltrin,98001,QB,TULANE,1,33.3,0,319,64.8,,60.0,0,0,0,,,,0,0,0,1,0,0,0,3,0,0,0,0,1,0
Jaylan Ford,123114,LB,TEXAS,1,100.0,0,311,60.0,63.8,,0,0,1,100.0,100.0,100.0,0,0,0,1,0,0,0,1,1,1,0,0,0,0
Mike Ruane,52109,LB,UMASS,1,100.0,0,216,60.0,63.8,,0,0,1,100.0,100.0,100.0,1,0,0,1,0,0,0,1,1,1,0,0,0,0
Coltin Clack,97987,QB,ARK STATE,1,33.3,0,113,47.8,,60.0,0,0,0,0.0,0.0,,0,0,0,1,0,0,0,3,0,2,0,0,1,0
Divine Deablo,42208,S,VA TECH,1,100.0,0,337,60.0,,60.0,0,0,0,,,,1,0,0,1,0,0,0,1,0,0,0,0,1,0
Jerrin Thompson,123128,S,TEXAS,1,100.0,0,311,60.0,63.8,,0,0,1,100.0,100.0,100.0,0,0,0,1,0,0,0,1,1,1,0,0,0,0
Josh Paschal,57908,ED,KENTUCKY,1,100.0,0,202,60.0,,60.0,0,0,0,,,,1,0,0,1,0,0,0,1,0,0,0,0,1,0
Jaylan Franklin,81987,TE,WISCONSIN,1,100.0,0,349,60.0,,59.9,0,0,0,,,,0,0,0,1,0,0,0,1,0,0,0,0,1,0
AJ Watkins,97964,ED,GA SOUTHRN,1,100.0,0,174,60.0,,60.0,0,0,0,,,,0,0,0,1,0,0,0,1,0,0,0,0,1,0
Levelle Bailey,97956,LB,FRESNO ST,1,100.0,0,169,60.0,,60.0,0,0,0,,,,0,0,0,1,0,0,0,1,0,0,0,0,1,0
Justin Hilliard,28079,LB,OHIO STATE,1,100.0,0,260,60.0,,60.0,0,0,0,,,,1,0,0,1,0,0,0,1,0,0,0,0,1,0
Easton Gibbs,97899,LB,WYOMING,1,100.0,0,351,60.0,,60.0,0,0,0,,,,0,0,0,1,0,0,0,1,0,0,0,0,1,0
David Spaulding,97890,CB,GA SOUTHRN,1,100.0,0,174,60.0,,60.0,0,0,0,,,,0,0,0,1,0,0,0,1,0,0,0,0,1,0
Kei'Trel Clark,104163,CB,LOUISVILLE,1,100.0,0,210,60.0,,60.0,0,0,0,,,,1,0,0,1,0,0,0,1,0,0,0,0,1,0
Chayse Todd,97851,G,HOUSTON,1,100.0,0,182,60.0,,60.0,0,0,0,,,,0,0,0,1,0,0,0,1,0,0,1,0,1,0
Stephen Payne,123228,WR,TULANE,1,100.0,0,319,60.0,,60.0,0,0,0,,,,0,0,0,1,0,0,0,1,0,0,0,0,1,0
Jacoby Clarke,99494,HB,BAYLOR,1,16.7,0,118,61.0,,60.0,0,0,0,0.0,0.0,,0,0,0,1,0,0,0,6,0,5,0,0,1,0
Jontrey Hunter,81961,LB,GA STATE,1,100.0,0,175,60.0,,60.0,0,0,0,,,,0,0,0,1,0,0,0,1,0,0,0,0,1,0
Austin Nix,97841,G,ARKANSAS,1,100.0,0,111,60.0,,60.0,0,0,0,,,,0,0,0,1,0,0,0,1,0,0,0,0,1,0
Eric Collins,41998,WR,NC STATE,1,100.0,0,248,60.0,,60.0,0,0,0,,,,0,0,0,1,0,0,0,1,0,0,0,0,1,0
Drake Nugent,97828,C,STANFORD,1,100.0,0,300,60.0,,59.4,0,0,0,,,,0,0,0,1,0,0,0,1,0,0,0,0,1,1
Dominic DiNunzio,99518,TE,TCU,1,100.0,0,305,60.0,,60.0,0,0,0,,,,0,0,0,1,0,0,0,1,0,0,0,0,1,1
Jacob Kainer,123254,TE,TULSA,1,50.0,0,320,48.9,,54.0,0,0,0,0.0,0.0,,0,0,0,1,0,0,0,2,0,1,0,0,1,2
Bayne Tryon,123263,TE,TULSA,1,100.0,0,320,60.0,,60.0,0,0,0,,,,0,0,0,1,0,0,0,1,0,0,0,0,1,1
Matt Dorrity,61630,WR,SMU,1,50.0,0,287,69.5,,60.0,0,0,0,0.0,0.0,,0,0,0,1,0,0,0,2,0,1,0,0,1,0
Dylan Tonkery,41961,ED,W VIRGINIA,1,100.0,0,343,60.0,,60.0,0,0,0,,,,0,0,0,1,0,0,0,1,0,0,0,0,1,0
Nick Alftin,81954,TE,CAL,1,100.0,0,130,60.0,,60.0,0,0,0,,,,0,0,0,1,0,0,0,1,0,0,0,0,1,1
Omar Manning,61702,WR,NEBRASKA,1,25.0,0,238,55.9,,60.0,0,0,0,0.0,0.0,,0,0,0,1,0,0,0,4,0,3,0,0,1,0
Dylan Black,97768,LS,OREGON ST,1,100.0,0,265,60.0,,60.0,0,0,0,,,,0,0,0,1,0,0,0,1,0,0,0,0,1,0
Adam Beale,78166,WR,TOLEDO,1,50.0,0,316,57.7,,59.9,0,0,0,0.0,0.0,,0,0,0,1,0,0,0,2,0,1,0,0,1,0
Briggs Bourgeois,57616,K,SO MISS,3,33.3,0,296,48.9,,60.0,0,0,0,,0.0,,0,0,0,1,0,0,0,3,0,1,0,0,1,2
Mohamed Toure,97751,ED,RUTGERS,1,100.0,0,278,60.0,,60.0,0,0,0,,,,1,0,0,1,0,0,0,1,0,0,0,0,1,0
Peyton Tuggle,102927,WR,TEXAS ST,1,50.0,0,314,69.8,,83.7,0,0,0,0.0,0.0,,0,0,0,1,0,0,0,2,0,1,0,0,1,0
Dorian Hopkins,97730,LB,TULSA,1,100.0,0,320,60.0,,60.0,0,0,0,,,,0,0,0,1,0,0,0,1,0,0,0,0,1,0
Jonathan Doerer,57586,K,NOTRE DAME,1,100.0,0,258,60.0,,60.0,0,0,0,,,,0,0,0,1,0,0,0,1,0,0,0,0,1,0
Dorian Strong,123366,CB,VA TECH,1,100.0,0,337,60.0,,60.0,0,0,0,,,,2,0,0,1,0,0,0,1,0,0,0,0,1,0
Adam Higuera,61854,LS,TULSA,1,100.0,0,320,60.0,,60.0,0,0,0,,,,0,0,0,1,0,0,0,1,0,0,0,0,1,0
Patrick Lyons,97657,G,BALL ST,1,100.0,0,117,60.0,,60.0,0,0,0,,,,0,0,0,1,0,1,0,1,0,0,0,0,1,0
Riley Patterson,57556,K,MEMPHIS,1,100.0,0,218,60.0,,60.0,0,0,0,,,,0,0,0,1,0,0,0,1,0,0,0,0,1,0
Ahmani Marshall,123391,HB,WAKE,2,14.3,0,339,67.2,,60.0,0,0,0,,,,0,0,0,1,0,0,0,7,0,0,0,0,1,0
Darrius Bratton,62772,CB,VIRGINIA,1,100.0,0,335,60.0,60.5,,0,0,1,100.0,100.0,100.0,0,0,0,1,0,0,0,1,1,1,0,0,0,0
Charles Snowden,62775,ED,VIRGINIA,1,100.0,0,335,60.0,,60.0,0,0,0,,,,0,0,0,1,0,0,0,1,0,0,0,0,1,0
Matt Gahm,62779,ED,VIRGINIA,1,100.0,0,335,60.0,63.8,,0,0,1,100.0,100.0,100.0,0,0,0,1,0,0,0,1,1,1,0,0,0,0
Paris Shand,131594,DI,ARIZONA,1,100.0,0,109,60.0,,60.0,0,0,0,,,,0,0,0,1,0,0,0,1,0,0,0,0,1,0
Dion Wilson Jr.,131600,DI,ARIZONA,1,100.0,0,109,60.0,,60.0,0,0,0,,,,0,0,0,1,0,0,0,1,0,0,0,0,1,0
Isaiah Richardson,52205,S,RICE,1,100.0,0,275,60.0,60.5,,0,0,0,,100.0,,0,0,0,1,0,0,0,1,1,1,0,0,0,0
Tajay Ahmed,97622,HB,BUFFALO,1,50.0,0,126,75.5,,60.0,0,0,0,,,,0,0,0,1,0,0,0,2,0,0,0,0,1,0
Nate Schoenle,27365,WR,MICHIGAN,1,100.0,0,222,60.0,,60.0,0,0,0,,,,0,0,0,1,0,0,0,1,0,0,0,0,1,0
Cheyenne Labruzza,62917,S,TENNESSEE,1,100.0,0,307,60.0,60.5,,0,0,1,100.0,100.0,100.0,0,0,0,1,0,0,0,1,1,1,0,0,0,0
Blake Lynch,57541,K,KANSAS ST,1,100.0,0,199,60.0,,60.0,0,0,0,,,,0,0,0,1,0,0,0,1,0,0,0,0,1,0
Jaytlin Askew,62924,CB,GA TECH,2,50.0,0,176,57.0,,60.0,0,0,0,0.0,0.0,,0,0,0,1,0,0,0,2,0,1,0,0,1,0
Tanner Davis,102905,S,UMASS,1,100.0,0,216,60.0,63.8,,0,0,1,100.0,100.0,100.0,0,0,0,1,0,0,0,1,1,1,0,0,0,0
Logan Lupo,97582,K,LOUISVILLE,2,50.0,0,210,60.0,,60.0,0,0,0,,,,0,0,0,1,0,0,0,2,0,0,0,0,1,0
Jyran Mitchell,78175,HB,N ILLINOIS,1,33.3,0,254,58.6,,60.0,0,0,0,,,,0,0,0,1,0,0,0,3,0,0,0,0,1,0
Bobby Bell,102902,S,LA MONROE,1,100.0,0,209,60.0,,60.0,0,0,0,,,,1,0,0,1,0,0,0,1,0,0,0,0,1,0
Ty Shelby,41752,ED,LA MONROE,1,100.0,0,209,60.0,,60.0,0,0,0,,,,0,0,0,1,0,0,0,1,0,0,0,0,1,0
Diego Guajardo,97579,K,S ALABAMA,1,100.0,0,288,60.0,61.9,,0,0,0,,100.0,,0,0,0,1,0,0,0,1,1,1,0,0,0,0
Anders Carlson,57509,K,AUBURN,3,33.3,0,115,56.7,,60.0,0,0,0,,0.0,,0,0,0,1,0,0,0,3,0,2,0,0,1,0
Evan Prater,123576,QB,CINCINNATI,1,33.3,0,138,51.9,,60.0,0,0,0,,,,0,0,0,1,0,0,0,3,0,0,0,0,1,0
Malachi Langley,97532,LB,FRESNO ST,1,100.0,0,169,60.0,,60.0,0,0,0,,,,0,0,0,1,0,0,0,1,0,0,0,0,1,0
Beau Barker,97444,WR,SMU,1,100.0,0,287,60.0,,60.0,0,0,0,,,,0,0,0,1,0,0,0,1,0,0,0,0,1,0
Cristian Zendejas,57499,K,ARIZONA ST,1,100.0,0,110,60.0,,60.0,0,0,0,,,,0,0,0,1,0,0,0,1,0,0,0,0,1,0
Ryan Morgan,131622,TE,ARIZONA ST,1,100.0,0,110,60.0,,60.0,0,0,0,,,,1,0,0,1,0,0,0,1,0,0,0,0,1,1
Pressley Harvin III,62973,P,GA TECH,3,33.3,0,176,55.6,,60.0,0,0,0,0.0,0.0,,0,0,0,1,0,0,0,3,0,1,0,0,1,0
Gabe Montgomery,102872,HB,APP STATE,1,33.3,0,108,65.4,,60.0,0,0,0,,,,0,0,0,1,0,0,0,3,0,0,0,0,1,0
Derek Bowman,123654,C,HOUSTON,1,100.0,0,182,60.0,,60.0,0,0,0,,,,0,0,0,1,0,0,0,1,0,0,0,1,1,0
Ugonna Nnanna,123675,G,HOUSTON,1,100.0,0,182,60.0,,60.0,0,0,0,,,,0,0,0,1,0,0,1,1,0,0,0,0,1,0
Dylan Robinson,123677,WR,HOUSTON,1,100.0,0,182,60.0,,60.0,0,0,0,,,,0,0,0,1,0,0,0,1,0,0,0,0,1,0
DeShawn Gaddie Jr.,100680,S,N TEXAS,1,100.0,0,251,60.0,,60.0,0,0,0,,,,0,0,0,1,0,0,0,1,0,0,0,0,1,0
Nick Bolton,81322,LB,MISSOURI,1,100.0,0,229,60.0,60.5,,0,0,1,100.0,100.0,100.0,1,0,0,1,0,0,0,1,1,1,0,0,0,0
Noel Ruiz,64479,K,GA STATE,1,100.0,0,175,60.0,,60.0,0,0,0,,,,0,0,0,1,0,0,0,1,0,0,0,0,1,0
Alex Raynor,97397,K,GA SOUTHRN,1,100.0,0,174,60.0,63.8,,0,0,1,100.0,100.0,100.0,0,0,0,1,0,0,0,1,1,1,0,0,0,0
Cameron Wilkins,81325,LB,MISSOURI,1,100.0,0,229,60.0,60.5,,0,0,1,100.0,100.0,100.0,0,0,0,1,0,0,0,1,1,1,0,0,0,0
Daquan Evans,97326,CB,USF,2,50.0,0,327,59.8,,60.0,0,0,0,0.0,0.0,,2,0,0,1,0,0,0,2,0,1,0,0,1,0
Lucas Havrisik,57498,K,ARIZONA,1,100.0,0,109,60.0,,60.0,0,0,0,,,,0,0,0,1,0,0,0,1,0,0,0,0,1,0
Fred Lloyd Jr.,52300,TE,USF,2,16.7,0,327,37.8,,59.4,0,0,0,0.0,0.0,,0,0,0,1,0,0,0,6,0,5,0,0,1,3
Gavin Thomson,99598,WR,PITTSBURGH,1,33.3,0,268,75.8,,59.9,0,0,0,0.0,0.0,,0,0,0,1,0,0,0,3,0,2,0,0,1,0
Jacob Goldberg,101239,LS,AIR FORCE,1,100.0,0,101,60.0,,60.0,0,0,0,,,,0,0,0,1,0,0,0,1,0,0,0,0,1,0
Sam Brady,123769,LB,VIRGINIA,1,100.0,0,335,60.0,63.8,,0,0,1,100.0,100.0,100.0,0,0,0,1,0,0,0,1,1,1,0,0,0,0
Jake Dewease,123774,S,VIRGINIA,1,100.0,0,335,60.0,63.8,,0,0,1,100.0,100.0,100.0,0,0,0,1,0,0,0,1,1,1,0,0,0,0
Kadari Johnson,100841,HB,UTSA,1,33.3,0,331,75.7,,60.0,0,0,0,,,,0,0,0,1,0,0,0,3,0,0,0,0,1,0
Jack Knight,97260,K,BALL ST,1,100.0,0,117,60.0,60.9,,0,0,0,,100.0,,0,0,0,1,0,0,0,1,1,1,0,0,0,0
Isaiah Foote,123810,C,E CAROLINA,1,100.0,0,156,60.0,,60.0,0,0,0,,,,0,0,0,1,0,0,0,1,0,0,1,0,1,0
Jacob Bernard,97218,WR,LA LAFAYET,1,16.7,0,207,49.1,,37.3,0,0,0,0.0,0.0,,0,0,0,1,0,0,0,6,0,5,0,0,1,0
Xavier McIver,123825,DI,E CAROLINA,1,100.0,0,156,60.0,,60.0,0,0,0,,,,0,0,0,1,0,0,0,1,0,0,0,0,1,0
Cam Gardner,71385,WR,UTAH,2,7.1,0,328,54.0,,60.0,0,0,0,0.0,0.0,,0,0,0,1,0,0,0,14,0,13,0,0,1,0
Elijah Morris,123827,DI,E CAROLINA,1,100.0,0,156,60.0,,60.0,0,0,0,,,,0,0,0,1,0,0,0,1,0,0,0,0,1,0
Akili Arnold,71406,S,OREGON ST,1,100.0,0,265,60.0,,60.0,0,0,0,,,,0,0,0,1,0,0,0,1,0,0,0,0,1,0
Justin Abraham,123845,LB,GA STATE,1,100.0,0,175,60.0,,60.0,0,0,0,,,,0,0,0,1,0,0,0,1,0,0,0,0,1,0
Tre Avery,56146,CB,RUTGERS,1,100.0,0,278,60.0,,60.0,0,0,0,,,,3,0,0,1,0,0,0,1,0,0,0,0,1,0
Noah Cain,97185,HB,PENN STATE,1,20.0,0,266,68.7,,60.0,0,0,0,0.0,0.0,,0,0,0,1,0,0,0,5,0,1,0,0,1,0
Trent McDuffie,72191,CB,WASHINGTON,1,100.0,1,340,60.0,,60.0,0,0,0,,,,1,0,0,1,0,0,0,1,0,0,0,0,1,0
Rodney Wright III,97169,WR,FRESNO ST,1,100.0,0,169,60.0,,60.0,0,0,0,,,,0,0,0,1,0,0,0,1,0,0,0,0,1,0
Matt Ryals,100793,C,SO MISS,1,100.0,0,296,60.0,64.6,,0,0,0,,100.0,,0,0,0,1,0,0,0,1,1,1,0,0,0,1
Shayne Simon,81349,LB,NOTRE DAME,1,100.0,0,258,60.0,,60.0,0,0,0,,,,0,0,0,1,0,0,0,1,0,0,0,0,1,0
