player,player_id,position,team_name,player_game_count,block_percent,declined_penalties,franchise_id,grades_offense,grades_pass_block,grades_run_block,hits_allowed,hurries_allowed,non_spike_pass_block,non_spike_pass_block_percentage,pass_block_percent,pbe,penalties,pressures_allowed,sacks_allowed,snap_counts_block,snap_counts_ce,snap_counts_lg,snap_counts_lt,snap_counts_offense,snap_counts_pass_block,snap_counts_pass_play,snap_counts_rg,snap_counts_rt,snap_counts_run_block,snap_counts_te
Jacob Bennett,21772,T,BOWL GREEN,14,100.0,0,122,87.5,75.7,89.8,1,17,637,100.0,100.0,97.6,5,24,6,1137,0,0,1128,1137,671,671,0,2,466,7
Chris Wallace,21678,G,TULSA,13,100.0,3,320,76.0,91.3,73.8,0,6,559,100.0,100.0,99.3,7,7,1,1130,0,0,1,1130,599,599,1123,3,531,3
Evan Plagg,46373,T,TULSA,13,100.0,0,320,89.1,78.1,89.0,2,12,559,100.0,100.0,97.5,1,21,7,1130,0,0,1101,1130,599,599,0,2,531,27
Chandler Miller,26727,C,TULSA,13,100.0,0,320,74.2,77.6,79.5,0,7,559,100.0,100.0,98.5,14,12,5,1129,1129,0,0,1129,599,599,0,0,530,0
Garrett Stafford,16803,G,TULSA,13,100.0,2,320,74.3,72.4,81.1,0,10,558,100.0,100.0,97.8,15,17,7,1128,0,1117,6,1128,598,598,5,0,530,0
Jay Guillermo,22262,C,CLEMSON,15,100.0,1,140,71.5,77.3,69.6,3,10,547,100.0,100.0,98.4,4,15,2,1101,1101,0,0,1101,577,577,0,0,524,0
Ryan Hunter,46904,G,BOWL GREEN,14,100.0,0,122,85.0,82.8,87.1,1,11,606,100.0,100.0,98.8,4,13,1,1099,111,954,0,1099,640,640,0,34,459,0
Eric Mac Lain,17428,G,CLEMSON,15,100.0,0,140,75.5,80.1,70.4,4,6,552,100.0,100.0,99.1,4,10,0,1097,0,1097,0,1097,583,583,0,0,514,0
Jared Kaster,19437,C,TEXAS TECH,13,100.0,0,315,78.5,77.6,80.0,0,22,682,100.1,100.1,98.2,5,23,1,1095,1095,0,0,1095,715,714,0,0,380,0
Willie Wright,46989,T,TULSA,13,100.0,0,320,61.7,55.3,64.2,0,26,541,100.0,100.0,96.5,5,32,6,1093,0,0,15,1093,578,578,1,1072,515,5
Christian Westerman,10795,G,ARIZONA ST,13,100.0,0,110,81.5,86.6,78.6,5,9,589,100.0,100.0,98.6,0,15,1,1091,0,1091,0,1091,607,607,0,0,484,0
Dimitric Camiel,46882,T,INDIANA,13,100.0,0,190,72.5,71.4,73.6,3,19,498,100.0,100.0,97.6,12,23,1,1086,0,0,1,1086,516,516,0,1085,570,0
Vi Teofilo,11397,G,ARIZONA ST,13,100.0,0,110,77.2,77.6,77.8,5,9,584,100.0,100.0,97.9,3,19,5,1085,0,0,0,1085,602,602,1085,0,483,0
Jake Reed,11054,C,INDIANA,13,100.0,1,190,82.2,79.6,83.1,0,9,498,100.0,100.0,98.9,6,10,1,1083,1083,0,0,1083,516,516,0,0,567,0
Nick Kelly,16773,C,ARIZONA ST,13,100.0,0,110,75.4,79.4,73.5,2,13,581,100.0,100.0,98.0,1,19,4,1081,1081,0,0,1081,598,598,0,0,483,0
Jason Spriggs,10682,T,INDIANA,13,100.0,1,190,85.5,83.9,81.0,3,6,493,100.0,100.0,98.5,2,12,3,1078,0,0,1077,1078,511,511,0,0,567,1
Dan Feeney,11826,G,INDIANA,13,100.0,1,190,87.7,87.3,87.5,1,5,492,100.0,100.0,99.4,5,6,0,1074,0,0,0,1074,510,510,1074,0,564,0
Alex Cooper,11105,T,HOUSTON,14,100.0,1,182,84.0,77.7,85.1,2,13,509,100.0,100.0,98.3,5,16,1,1072,0,0,545,1072,526,526,96,431,546,0
Joe Noteboom,46249,T,TCU,13,100.0,0,305,78.3,84.0,71.7,5,13,574,100.0,100.0,97.9,3,21,3,1071,0,0,262,1071,613,613,0,799,458,8
Carter Wall,17200,G,HOUSTON,14,100.0,0,182,80.8,74.6,82.4,1,15,487,100.0,100.0,98.2,5,17,1,1066,21,264,0,1066,504,504,337,444,562,0
Alfredo Morales,19439,G,TEXAS TECH,13,100.0,0,315,75.3,77.6,77.8,6,20,662,100.2,100.1,97.7,6,28,2,1066,0,1065,0,1066,693,692,1,0,373,0
Gunnar Eklund,16712,G,WASH STATE,13,100.0,0,341,81.5,89.6,79.5,7,11,805,100.0,100.0,98.3,3,23,5,1064,0,951,113,1064,830,830,0,0,234,0
Cole Madison,46953,T,WASH STATE,13,100.0,0,341,78.1,84.0,69.5,4,28,805,100.0,100.0,97.4,8,37,5,1064,0,0,0,1064,830,830,0,1064,234,0
Ross Pierschbacher,46815,G,ALABAMA,15,100.0,2,103,80.1,72.7,83.9,7,10,487,100.0,100.0,98.3,7,17,0,1062,0,1049,12,1062,509,509,0,1,553,0
Eduardo Middleton,46652,G,WASH STATE,13,100.0,0,341,83.9,87.3,83.8,2,13,803,100.0,100.0,98.8,1,17,2,1059,0,113,0,1059,828,828,946,0,231,0
Andrew Ness,16416,C,N ILLINOIS,14,100.0,0,254,76.5,79.7,74.8,1,7,474,100.0,100.0,98.9,3,9,1,1048,1048,0,0,1048,490,490,0,0,558,0
Levon Myers,46358,T,N ILLINOIS,14,100.0,0,254,80.2,78.2,75.7,4,11,474,100.0,100.0,97.6,3,19,4,1048,0,0,1048,1048,490,490,0,0,558,0
Aidan Conlon,16489,G,N ILLINOIS,14,100.0,0,254,89.0,90.4,88.8,1,5,474,100.0,100.0,99.4,4,6,0,1048,0,1048,0,1048,490,490,0,0,558,0
Mitch Hyatt,46233,T,CLEMSON,15,100.0,0,140,74.4,67.2,77.9,3,22,529,100.0,100.0,97.3,6,27,2,1047,0,0,1042,1047,557,557,0,0,490,4
Alphonse Taylor,34786,G,ALABAMA,15,100.0,1,103,78.5,62.4,83.6,2,13,482,100.0,100.0,98.0,7,17,2,1045,0,0,0,1045,504,504,1045,0,541,0
Tim McAuliffe,45569,C,BOWL GREEN,13,100.0,0,122,79.7,78.2,83.0,1,14,591,100.0,100.0,98.6,8,16,1,1045,1045,0,0,1045,624,624,0,0,421,0
Cam Robinson,11789,T,ALABAMA,15,100.0,2,103,76.9,75.0,78.1,2,8,484,100.0,100.0,97.5,12,17,7,1042,0,0,1035,1042,506,506,0,5,536,2
Tanner Stone,46619,G,DUKE,13,100.0,0,154,77.4,75.3,78.9,2,9,534,100.0,100.0,98.2,4,15,4,1035,0,0,0,1035,570,570,1035,0,465,0
Matt Skura,11102,C,DUKE,13,100.0,0,154,92.2,83.4,93.3,5,9,531,100.0,100.0,98.7,1,14,0,1033,1033,0,0,1033,567,567,0,0,466,0
Ryan Leahy,46809,G,CINCINNATI,13,100.0,0,138,73.9,72.8,75.8,3,20,574,100.0,100.0,97.5,7,26,3,1033,0,488,0,1033,610,610,545,0,423,0
Le'Raven Clark,10716,T,TEXAS TECH,13,100.0,1,315,87.9,83.6,86.9,2,21,642,100.2,100.1,97.9,6,25,2,1031,0,0,1008,1031,674,673,0,0,357,20
Spencer Drango,10802,T,BAYLOR,13,100.0,1,118,92.0,88.6,90.9,2,4,404,100.0,100.0,99.3,6,6,0,1029,0,0,970,1029,430,430,0,0,599,59
Dominick Jackson,11089,T,ALABAMA,14,100.0,2,103,82.8,75.4,82.6,2,15,472,100.0,100.0,97.8,8,19,2,1023,0,0,0,1023,493,493,0,1017,530,6
Alex Huettel,17236,G,BOWL GREEN,14,100.0,1,122,84.7,81.4,90.3,3,4,577,100.0,100.0,98.9,9,10,3,1021,0,0,0,1021,608,608,1021,0,413,0
Marcus Henry,11228,C,BOISE ST,13,100.0,0,120,85.7,75.4,90.5,3,14,575,100.0,100.0,98.0,3,20,3,1019,1019,0,0,1019,596,596,0,0,423,0
Marquis Lucas,10970,T,W VIRGINIA,13,100.0,0,343,79.5,77.5,76.5,1,19,467,100.0,100.0,97.6,4,21,1,1018,0,0,458,1018,493,493,0,560,525,0
Kyle Fuller,11998,C,BAYLOR,13,100.0,0,118,80.5,81.7,81.1,1,4,396,100.0,100.0,98.9,6,7,2,1013,1013,0,0,1013,422,422,0,0,591,0
Steven Baggett,46689,G,BOISE ST,13,100.0,0,120,76.2,82.7,73.7,2,5,575,100.0,100.0,99.2,1,8,1,1012,0,0,0,1012,596,596,1010,2,416,0
Cameron Tom,12227,C,SO MISS,14,100.0,0,296,84.7,75.7,87.9,5,7,551,100.0,100.0,98.4,2,15,3,1011,1011,0,0,1011,579,579,0,0,432,0
Orlando Brown Jr.,46227,T,OKLAHOMA,13,100.0,2,261,77.7,78.0,80.0,1,13,521,100.0,100.0,97.7,12,19,5,1008,0,0,1008,1008,543,543,0,0,465,0
Casey Blaser,46988,T,DUKE,13,100.0,0,154,77.3,75.9,73.5,3,15,521,100.0,100.0,98.1,1,19,1,1006,0,0,0,1006,556,556,0,1006,450,0
Parker Ehinger,10739,T,CINCINNATI,13,100.0,0,138,76.9,79.7,73.8,8,13,560,100.0,100.0,97.6,6,24,3,1006,0,0,1005,1006,595,595,0,0,411,0
Ryan Kelly,10652,C,ALABAMA,15,100.0,0,103,83.6,83.2,81.4,4,6,465,100.0,100.0,98.9,0,10,0,1006,1006,0,0,1006,487,487,0,0,519,0
Forrest Lamp,11793,T,W KENTUCKY,14,100.0,0,346,92.4,88.2,92.1,6,8,575,100.0,100.0,98.6,5,15,1,1005,0,0,1003,1005,596,596,0,0,409,0
Max Halpin,22016,C,W KENTUCKY,14,100.0,1,346,76.6,76.7,76.0,7,16,575,100.0,100.0,98.0,2,23,0,1005,1005,0,0,1005,596,596,0,0,409,0
Brandon Ray,46079,G,W KENTUCKY,14,100.0,1,346,78.9,68.7,82.4,3,18,575,100.0,100.0,97.8,5,23,2,1004,0,1004,0,1004,596,596,0,0,408,0
Stephane Nembot,11097,T,COLORADO,13,100.0,1,143,76.6,69.9,77.7,5,23,539,100.0,100.0,96.7,5,32,4,1004,0,0,647,1004,562,562,0,343,442,14
Lucas Patrick,11435,G,DUKE,13,100.0,0,154,86.0,81.2,88.3,3,5,515,100.0,100.0,98.8,5,10,2,1000,0,1000,0,1000,550,550,0,0,450,0
Lene Maiava,11287,T,ARIZONA,13,100.0,1,109,87.0,66.6,92.7,1,22,529,100.2,100.2,97.1,6,27,4,998,0,0,0,998,553,552,0,998,445,0
Gabe Brandner,46372,T,DUKE,13,100.0,0,154,67.9,67.4,70.9,5,21,519,100.0,100.0,97.1,7,28,2,995,0,0,994,995,553,553,0,0,442,1
Tyler Orlosky,12256,C,W VIRGINIA,13,100.0,0,343,90.1,89.2,89.9,1,4,460,100.0,100.0,99.2,2,6,1,995,995,0,0,995,486,486,0,0,509,0
Blake Muir,11276,G,BAYLOR,13,100.0,0,118,83.3,80.9,83.3,1,7,384,100.0,100.0,98.7,3,9,1,993,0,772,7,993,411,411,0,213,582,0
Justin Murray,11022,T,CINCINNATI,13,100.0,2,138,84.7,80.3,80.0,2,14,560,100.0,100.0,98.2,2,18,2,993,0,0,0,993,593,593,0,993,400,0
Alex Kelley,21950,C,COLORADO,13,100.0,0,143,73.9,70.5,74.5,3,16,532,100.0,100.0,97.3,2,24,5,993,993,0,0,993,555,555,0,0,438,0
Michael Selby,22906,C,MARSHALL,13,100.0,0,214,79.6,65.8,85.4,2,16,509,100.0,100.0,98.2,8,18,0,990,990,0,0,990,538,538,0,0,452,0
Dominic Granado,39007,C,CAL,13,100.0,1,130,72.4,72.2,72.3,4,20,578,100.0,100.0,96.9,2,30,6,984,984,0,0,984,618,618,0,0,366,0
Jordan Rigsbee,11381,G,CAL,13,100.0,0,130,71.6,78.0,72.5,3,21,577,100.0,100.0,97.7,8,25,1,983,0,1,0,983,616,616,975,0,367,0
Dylan Utter,23411,G,NEBRASKA,13,100.0,0,238,73.6,66.4,74.8,3,19,493,100.2,100.2,97.4,4,24,2,983,0,983,0,983,524,523,0,0,459,0
Alex Lewis,10764,T,NEBRASKA,13,100.0,1,238,77.5,83.0,75.0,5,15,493,100.2,100.2,98.0,9,20,0,982,0,0,982,982,524,523,0,0,458,0
Joe Gore,11088,T,CLEMSON,15,100.0,0,140,77.5,67.0,77.8,5,15,494,100.0,100.0,97.8,1,21,1,979,0,0,9,979,521,521,0,969,458,1
Sandley Jean-Felix,28937,T,MARSHALL,13,100.0,0,214,69.4,78.5,68.5,0,13,504,100.0,100.0,98.1,10,16,3,977,0,0,977,977,533,533,0,0,444,0
Max Scharping,46961,G,N ILLINOIS,14,100.0,0,254,90.3,88.1,88.9,1,5,445,100.0,100.0,98.4,2,10,4,977,0,0,0,977,459,459,531,446,518,0
Drew Kyser,37099,C,MEMPHIS,13,100.0,0,218,70.6,76.0,67.3,2,10,479,99.6,99.6,98.1,2,15,3,976,976,0,0,976,490,492,0,0,486,0
Mike Matthews,11065,C,TEXAS A&M,13,100.0,0,312,83.6,87.4,79.7,1,7,540,100.0,100.0,99.3,1,8,0,973,973,0,0,973,562,562,0,0,411,0
Germain Ifedi,10665,T,TEXAS A&M,13,100.0,1,312,73.6,72.7,78.5,3,17,540,100.0,100.0,97.2,11,25,5,973,0,0,4,973,562,562,0,969,411,0
Avery Gennesy,38837,T,TEXAS A&M,13,99.9,1,312,70.9,75.1,71.1,4,20,539,99.8,99.8,97.0,8,28,4,972,0,0,962,973,561,562,0,0,411,11
Dion Dawkins,11818,T,TEMPLE,14,100.0,2,306,79.3,74.3,78.2,6,9,482,100.0,100.0,97.8,5,18,3,972,0,0,972,972,519,519,0,0,453,0
Shahbaz Ahmed,11292,G,TEMPLE,14,100.0,1,306,56.2,39.0,59.8,9,29,480,100.0,100.0,95.8,5,39,1,971,0,971,0,971,517,517,0,0,454,0
Jordan Rose,46975,T,IDAHO,12,100.0,4,185,73.7,78.7,77.2,3,20,548,100.0,100.0,97.5,11,25,2,969,0,66,302,969,571,571,119,482,398,0
Donavon Clark,10858,G,MICH STATE,14,100.0,1,223,77.2,71.7,78.9,2,16,450,100.0,100.0,97.8,6,19,1,969,0,0,0,969,476,476,568,390,493,11
Chris Borrayo,46019,G,CAL,13,100.0,0,130,87.6,84.4,89.7,1,15,576,100.0,100.0,98.6,1,16,0,968,0,968,0,968,616,616,0,0,352,0
Steven Matlock,45559,C,IDAHO,12,99.9,0,185,71.0,80.7,65.3,3,10,548,100.0,100.0,98.4,4,15,2,968,969,0,0,969,571,571,0,0,397,0
Cayman Bundage,16988,C,ARIZONA,13,100.0,1,109,77.7,75.1,78.7,0,8,512,100.2,100.2,98.8,8,10,2,966,966,0,0,966,536,535,0,0,430,0
William McGehee,16708,T,ARIZONA ST,13,100.0,0,110,72.8,74.9,69.5,3,20,531,100.0,100.0,96.1,1,32,9,966,0,0,1,966,547,547,0,962,419,2
Brad Lundblade,45578,C,OKLA STATE,13,100.0,0,262,68.8,74.9,65.8,1,12,572,100.0,100.0,98.0,3,18,5,965,965,0,0,965,593,593,0,0,372,0
Victor Salako,46319,T,OKLA STATE,13,100.0,1,262,75.7,70.0,81.6,4,19,572,100.0,100.0,97.8,9,24,1,965,0,1,963,965,593,593,0,0,372,1
Daniel Stephens,23173,C,MIDDLE TN,13,100.0,0,224,88.2,80.4,90.4,3,12,505,100.0,100.0,98.3,3,16,1,963,563,0,0,963,523,523,400,0,440,0
Mike McQueen,10996,T,OHIO,13,100.0,1,259,73.0,78.2,70.8,3,14,464,100.0,100.0,97.5,5,20,3,962,0,55,907,962,494,494,0,0,468,0
Mason Woods,46791,G,IDAHO,12,100.0,2,185,77.4,79.5,78.1,3,12,542,100.0,100.0,97.9,7,19,4,962,0,302,65,962,565,565,476,119,397,0
Zachary Crabtree,46920,T,OKLA STATE,13,100.0,0,262,72.7,65.0,73.1,5,26,570,100.0,100.0,96.6,0,35,4,962,0,0,0,962,591,591,0,962,371,0
Dallas Sandberg,17366,G,IDAHO,12,100.0,0,185,83.0,71.6,87.0,4,16,543,100.0,100.0,97.6,1,23,3,961,0,590,0,961,566,566,371,0,395,0
Caleb Benenoch,10782,T,UCLA,13,100.0,2,324,77.1,73.0,86.3,7,22,508,100.0,100.0,96.8,13,31,2,959,0,0,0,959,536,536,344,615,423,0
Michael Deiter,38554,G,WISCONSIN,13,100.0,1,349,73.3,64.6,75.1,8,14,451,100.0,100.0,96.9,5,25,3,958,491,467,0,958,473,473,0,0,485,0
Steven Moore,12296,T,CAL,13,100.0,0,130,73.8,70.9,72.4,5,25,570,100.0,100.0,96.7,3,34,4,957,0,0,0,957,610,610,0,955,347,2
Baylen Brown,46182,T,TEXAS TECH,12,100.0,0,315,70.5,67.9,69.2,2,25,588,100.2,100.2,97.7,5,27,0,956,0,0,50,956,616,615,318,587,340,0
Tyler Johnstone,10990,T,OREGON,13,99.9,0,264,75.6,72.3,72.9,2,24,437,100.0,100.0,96.1,2,30,4,956,0,0,956,957,453,453,0,0,503,1
Eric Gallo,41666,C,VA TECH,13,100.0,0,337,71.1,73.0,70.2,1,16,450,100.0,100.0,97.2,4,21,4,954,954,0,0,954,478,478,0,0,476,0
Sevrin Remmo,17653,T,AIR FORCE,14,99.9,0,101,82.1,83.4,79.4,0,3,176,99.4,99.5,99.1,3,3,0,953,0,0,11,954,184,185,0,881,769,60
A.J. Ruechel,17720,G,AIR FORCE,14,100.0,0,101,91.1,71.9,90.5,0,4,176,100.0,100.0,98.9,3,4,0,953,0,0,0,953,184,184,953,0,769,0
Jake Brendel,11117,C,UCLA,13,100.0,1,324,78.6,74.2,80.5,6,14,511,100.0,100.0,98.0,5,20,0,953,953,0,0,953,540,540,0,0,413,0
Brady Foltz,19348,G,TCU,12,100.0,2,305,79.0,87.9,76.9,1,4,519,100.0,100.0,99.1,5,7,2,952,0,112,0,952,556,556,840,0,396,0
Isaac Asiata,11919,G,UTAH,13,100.0,0,328,86.9,72.7,89.1,4,11,418,100.0,100.0,97.7,2,17,2,951,0,951,0,951,446,446,0,0,505,0
Derek Edwards,46880,T,C MICHIGAN,13,100.0,1,134,59.3,58.5,62.6,5,32,547,100.0,100.0,95.2,7,45,8,950,0,0,11,950,576,576,0,934,374,5
Fred Zerblis,46680,G,COLO STATE,13,100.0,0,144,86.7,89.2,86.9,3,2,420,100.0,100.0,99.4,5,5,0,948,0,0,0,948,443,443,948,0,505,0
Sam Carlson,11324,T,COLO STATE,13,100.0,1,144,86.7,77.7,88.1,7,9,419,100.0,100.0,97.9,4,17,1,948,0,0,2,948,442,442,0,946,506,0
J.J. Dielman,11931,T,UTAH,13,100.0,0,328,87.9,77.3,90.0,2,12,417,100.0,100.0,97.6,3,17,3,947,0,0,0,947,445,445,0,946,502,0
Sebastian Johansson,10989,G,MARSHALL,13,100.0,0,214,87.7,83.9,88.9,3,3,490,100.0,100.0,99.0,1,8,2,947,0,947,0,947,519,519,0,0,428,0
Nick Beamish,16436,C,C MICHIGAN,13,100.0,1,134,75.3,88.7,72.0,1,12,547,100.0,100.0,98.8,6,13,0,946,946,0,0,946,576,576,0,0,370,0
Austin Blythe,10882,C,IOWA,14,100.0,0,192,94.4,80.0,95.4,2,12,435,100.0,100.0,97.9,3,16,2,943,943,0,0,943,463,463,0,0,480,0
Jarell Broxton,11092,G,BAYLOR,13,100.0,0,118,90.1,90.9,91.7,1,0,360,100.0,100.0,99.9,10,1,0,941,0,82,0,941,386,386,859,0,555,0
Johnny Caspers,46828,G,STANFORD,14,100.0,0,300,89.0,83.2,89.2,0,9,355,100.0,100.0,98.7,1,9,0,941,51,0,0,941,380,380,890,0,561,0
Michael Wilson,13099,G,OKLA STATE,13,100.0,1,262,70.0,72.5,67.5,5,10,556,100.0,100.0,98.3,5,17,2,940,0,939,0,940,576,576,0,0,364,1
Matt Hegarty,18996,C,OREGON,13,100.0,0,264,75.7,70.5,77.0,0,17,426,100.0,100.0,97.1,4,21,4,939,939,0,0,939,441,441,0,0,498,0
Kwayde Miller,12205,T,S DIEGO ST,14,100.0,2,284,73.6,57.8,76.4,2,13,296,100.0,100.0,96.1,7,19,4,938,0,0,937,938,304,304,0,0,634,1
Arthur Flores,21944,C,S DIEGO ST,14,100.0,0,284,77.0,83.9,73.1,2,2,296,100.0,100.0,98.6,1,6,2,938,938,0,0,938,304,304,0,0,634,0
Jordan Roos,12266,G,PURDUE,12,100.0,2,273,70.4,66.1,72.2,4,17,557,100.0,100.0,97.8,4,23,2,937,0,9,0,937,580,580,858,70,357,0
Kyler Kerbyson,11457,T,TENNESSEE,13,100.0,1,307,80.0,79.5,81.1,1,14,416,100.0,100.0,97.2,7,19,4,937,0,0,934,937,429,429,0,0,508,3
Joshua Garnett,10662,G,STANFORD,14,100.0,0,300,95.6,79.7,96.3,7,4,354,100.0,100.0,97.6,4,14,3,936,0,933,0,936,379,379,0,0,557,3
Mario Yakoo,46895,T,BOISE ST,12,100.0,0,120,77.8,75.0,79.3,3,11,546,100.0,100.0,98.2,4,17,3,935,0,151,0,935,565,565,0,776,370,8
Jamison Lalk,10968,C,IOWA STATE,12,100.0,0,193,86.3,88.5,84.0,1,7,483,100.0,100.0,99.2,1,8,0,935,935,0,0,935,504,504,0,0,431,0
Austin Doan,26135,G,C MICHIGAN,13,100.0,0,134,62.4,62.7,64.1,2,28,538,100.0,100.0,97.0,3,31,1,935,4,931,0,935,566,566,0,0,369,0
Nate Velichko,46855,T,S JOSE ST,13,100.0,2,285,75.2,73.8,76.3,1,23,469,100.0,100.0,97.0,7,26,2,935,0,0,34,935,487,487,0,901,448,0
Anthony McMeans,45590,C,NEW MEX ST,12,100.0,2,242,84.4,84.4,90.1,0,6,539,100.0,100.0,98.9,12,9,3,934,934,0,0,934,566,566,0,0,368,0
Andy Cunningham,16949,T,NEW MEX ST,12,100.0,0,242,66.1,62.9,71.0,7,30,539,100.0,100.0,95.8,7,41,4,934,0,0,0,934,566,566,0,933,368,1
Houston Clemente,16723,T,NEW MEX ST,12,100.0,0,242,72.2,76.7,66.7,5,15,539,100.0,100.0,96.8,1,27,7,934,0,0,933,934,566,566,0,0,368,1
Wyatt Teller,46131,G,VA TECH,13,100.0,0,337,91.1,70.6,96.2,3,13,442,100.0,100.0,97.5,8,19,3,933,0,933,0,933,470,470,0,0,463,0
Jeremiah Kolone,46167,G,S JOSE ST,13,100.0,0,285,83.2,77.8,84.9,1,13,472,100.0,100.0,98.3,2,15,1,933,15,918,0,933,490,490,0,0,443,0
Robert Kugler,10967,C,PURDUE,12,100.0,0,273,80.4,89.8,75.2,1,7,555,100.0,100.0,99.3,2,8,0,933,933,0,0,933,577,577,0,0,356,0
Evan Goodman,12275,T,ARIZONA ST,13,99.9,0,110,71.6,72.6,72.6,3,15,507,99.8,99.8,97.0,9,24,6,932,0,0,932,933,523,524,0,0,409,0
Tyrell Crosby,38897,T,OREGON,13,100.0,3,264,90.3,75.3,92.0,1,15,425,100.0,100.0,97.4,10,19,3,932,0,0,41,932,438,438,0,888,494,3
Wes Schweitzer,10829,T,S JOSE ST,13,100.0,0,285,89.9,83.3,88.5,4,8,468,100.0,100.0,97.9,1,16,4,931,0,0,898,931,486,486,0,0,445,32
Tony Adams,46610,G,NC STATE,13,100.0,0,248,84.0,78.0,85.2,4,10,473,100.0,100.0,98.3,2,15,1,930,10,0,1,930,487,487,919,0,443,0
Maurquice Shakir,12084,T,MIDDLE TN,13,100.0,0,224,69.2,77.1,61.6,6,12,505,100.0,100.0,97.8,2,20,2,930,0,0,0,930,521,521,0,926,409,4
Drake Miller,25278,T,BALL ST,12,100.0,0,117,77.4,80.6,73.9,3,11,492,100.0,100.0,98.0,4,17,3,930,0,0,477,930,520,520,0,452,410,1
Chris Gonzalez,46682,G,S JOSE ST,13,100.0,0,285,77.9,80.2,78.1,0,9,469,100.0,100.0,98.2,4,13,4,930,0,0,0,930,487,487,930,0,443,0
Abram Holland,46721,G,NEW MEX ST,12,100.0,0,242,81.5,86.8,81.7,2,8,534,100.0,100.0,98.9,6,11,1,929,0,246,0,929,561,561,683,0,368,0
Coleman Thomas,30136,C,TENNESSEE,13,100.0,0,307,68.3,68.6,67.7,1,17,411,100.0,100.0,97.3,5,20,2,929,899,0,0,929,424,424,0,30,505,0
Jacob Richard,17669,C,BALL ST,12,100.0,0,117,83.5,88.9,81.0,1,5,492,100.0,100.0,99.4,3,6,0,929,929,0,0,929,520,520,0,0,409,0
Michael Boland,46699,G,UMASS,12,100.0,1,216,78.2,83.4,82.0,3,12,563,100.0,100.0,98.3,4,17,2,926,0,0,3,926,593,593,854,69,333,0
Ryne Reeves,18677,C,NEBRASKA,13,100.0,0,238,76.1,85.0,72.1,2,6,480,100.2,100.2,99.0,3,9,1,926,926,0,0,926,510,509,0,0,416,0
Keoni Taylor,26853,C,S JOSE ST,13,100.0,0,285,74.1,72.0,72.2,4,7,469,100.0,100.0,97.8,2,16,5,925,925,0,0,925,487,487,0,0,438,0
Nico Siragusa,11877,G,S DIEGO ST,14,100.0,0,284,82.8,78.9,80.8,2,6,285,100.0,100.0,98.2,1,9,1,924,0,924,0,924,293,293,0,0,631,0
Tommy Brown,20827,G,AKRON,13,100.0,0,102,72.7,62.9,73.6,4,10,401,100.0,100.0,97.8,2,16,2,923,0,317,0,923,425,425,605,1,498,0
Mikingson Marsaille,18004,G,FAU,12,100.0,0,165,87.3,75.1,89.7,2,9,451,100.2,100.2,98.1,3,14,3,923,0,921,1,923,475,474,0,0,448,1
Joe Thuney,10712,T,NC STATE,13,100.0,2,248,92.2,92.3,92.5,1,4,471,100.0,100.0,99.0,7,7,2,922,0,29,888,922,485,485,0,0,437,4
Dillon DeBoer,12036,C,FAU,12,100.0,0,165,70.8,69.3,71.3,2,11,451,100.2,100.2,98.1,3,15,2,922,854,0,0,922,475,474,1,66,447,1
Casey Tucker,46376,T,STANFORD,14,100.0,1,300,74.5,65.1,75.8,3,23,351,100.0,100.0,95.4,5,29,3,921,0,0,0,921,375,375,0,911,546,10
Tyler Marz,11329,T,WISCONSIN,13,100.0,1,349,84.8,75.4,84.8,2,14,441,100.0,100.0,97.3,3,20,4,921,0,0,921,921,463,463,0,0,458,0
Augie Conte,46667,G,VA TECH,13,100.0,0,337,74.9,66.0,76.5,4,16,437,100.0,100.0,96.8,2,24,4,921,0,0,0,921,465,465,921,0,456,0
Jon Heck,46979,T,N CAROLINA,14,100.0,0,245,79.2,81.5,77.9,3,12,444,100.0,100.0,97.9,8,17,2,920,0,0,38,920,468,468,0,874,452,8
Jordan Walsh,11471,G,IOWA,14,100.0,0,192,86.1,78.6,89.4,3,16,420,100.0,100.0,97.7,6,19,0,919,0,0,0,919,448,448,919,0,471,0
Taylor Moton,11819,G,W MICHIGAN,13,100.0,1,347,92.0,77.4,94.8,3,6,448,100.0,100.0,98.8,4,10,1,919,0,0,2,919,473,473,891,2,446,24
Austin Corbett,46290,T,NEVADA,13,100.0,1,239,85.9,77.3,85.6,4,8,368,100.0,100.0,97.3,6,16,4,919,0,0,919,919,387,387,0,0,532,0
Quinton Schooley,10895,C,NC STATE,13,100.0,1,248,79.4,77.4,78.9,5,10,470,100.0,100.0,98.0,2,17,2,918,917,0,0,918,484,484,0,0,434,1
Chukwuma Okorafor,46302,T,W MICHIGAN,13,100.0,3,347,73.0,61.9,82.3,8,13,448,100.0,100.0,97.0,14,24,3,916,0,0,0,916,473,473,0,916,443,0
Nathan Goltry,38835,C,NEVADA,13,100.0,3,239,82.1,76.9,82.6,3,3,368,100.0,100.0,98.4,6,9,3,915,915,0,0,915,387,387,0,0,528,0
Matt Sparks,19544,C,UMASS,12,100.0,0,216,71.7,77.3,71.6,4,5,557,100.0,100.0,98.7,5,12,3,914,914,0,0,914,587,587,0,0,327,0
Landon Turner,11237,G,N CAROLINA,14,100.0,0,245,89.7,86.2,92.0,2,5,443,100.0,100.0,99.0,4,8,1,913,0,16,0,913,467,467,897,0,446,0
Graham Glasgow,10729,C,MICHIGAN,13,100.0,0,222,80.9,76.2,85.5,3,7,467,100.2,100.2,98.9,8,10,0,911,911,0,0,911,492,491,0,0,419,0
Mason Cole,45547,T,MICHIGAN,13,100.0,0,222,83.5,69.4,88.4,8,16,467,100.2,100.2,96.6,4,28,4,911,0,0,876,911,492,491,0,0,419,31
Erik Magnuson,12280,T,MICHIGAN,13,100.0,0,222,73.3,66.9,72.0,1,19,467,100.2,100.2,97.2,1,23,3,911,0,0,9,911,492,491,0,901,419,0
Nila Kasitati,11398,G,OKLAHOMA,13,100.0,0,261,83.2,75.5,86.5,0,16,479,100.0,100.0,97.9,3,18,2,911,0,0,0,911,500,500,911,0,411,0
James O'Hagan,28134,C,BUFFALO,12,100.0,0,126,75.5,66.0,77.3,3,15,476,100.0,100.0,97.7,4,20,2,909,909,0,0,909,505,505,0,0,404,0
John Kling IV,11340,T,BUFFALO,12,100.0,0,126,73.1,80.9,71.4,5,6,476,100.0,100.0,98.2,8,14,3,909,0,1,900,909,505,505,0,0,404,8
Justin Malone,18752,G,MISS STATE,13,100.0,1,227,73.5,58.9,78.9,3,23,541,100.0,100.0,96.7,4,31,5,908,78,723,107,908,558,558,0,0,350,0
Kyle Kalis,12302,G,MICHIGAN,13,100.0,2,222,68.6,63.1,70.2,6,15,465,100.2,100.2,97.5,5,22,1,907,0,0,0,907,490,489,907,0,417,0
Caleb Peterson,46045,G,N CAROLINA,14,100.0,0,245,69.4,56.2,73.6,6,17,433,100.0,100.0,96.4,4,27,4,906,0,903,0,906,457,457,3,0,449,0
Kofi Amichia,11967,T,USF,13,100.0,1,327,72.6,64.8,71.0,5,19,368,100.0,100.0,95.1,5,30,6,906,0,0,897,906,386,386,0,0,520,8
Pearce Slater,10901,T,S DIEGO ST,14,100.0,1,284,86.2,70.2,88.6,1,10,285,100.0,100.0,96.3,8,16,5,906,0,0,0,906,292,292,0,905,614,1
Kyle Murphy,10834,T,STANFORD,14,99.9,1,300,89.8,84.6,88.6,3,7,348,99.7,99.7,97.7,4,13,3,905,0,0,900,906,373,374,0,0,532,5
Rashod Hill,11369,T,SO MISS,14,100.0,1,296,85.8,90.0,79.8,2,7,493,100.0,100.0,98.5,4,12,3,904,0,0,900,904,515,515,0,0,389,3
Lucas Crowley,12011,C,N CAROLINA,14,100.0,0,245,79.1,80.1,84.1,5,8,440,100.0,100.0,98.1,11,15,2,904,904,0,0,904,463,463,0,0,441,0
Geron Christian,46375,T,LOUISVILLE,13,100.0,2,210,61.2,49.1,70.6,4,31,486,100.0,100.0,95.4,11,40,5,904,0,0,508,904,504,504,0,394,400,2
Alex Stoehr,26123,G,GA STATE,13,100.0,0,175,67.4,63.2,69.6,0,17,535,100.0,100.0,97.9,3,20,3,902,0,0,0,902,566,566,902,0,336,0
Storm Norton,12188,T,TOLEDO,12,100.0,0,316,85.9,78.8,90.7,2,11,425,100.0,100.0,98.2,10,14,1,901,0,0,901,901,445,445,0,0,456,0
Brian Allen,46104,G,MICH STATE,14,100.0,1,223,82.0,56.0,87.4,3,17,421,100.0,100.0,97.1,2,22,2,901,196,705,0,901,444,444,0,0,457,0
Dylan Brumbaugh,16589,G,AKRON,13,100.0,0,102,79.8,78.8,80.2,1,12,396,100.0,100.0,98.1,2,14,1,900,0,579,16,900,420,420,294,11,480,0
Braden Smith,46794,G,AUBURN,13,100.0,1,115,86.0,81.1,86.6,5,5,331,100.0,100.0,98.5,5,10,0,899,0,0,0,899,344,344,826,72,555,0
Dalton Risner,47008,C,KANSAS ST,13,99.9,0,199,87.9,84.7,87.9,1,7,402,100.0,100.0,99.0,2,8,0,899,900,0,0,900,429,429,0,0,470,0
Riley Sorenson,21829,C,WASH STATE,11,100.0,0,341,78.4,85.2,82.4,2,11,689,100.0,100.0,98.5,7,17,4,899,899,0,0,899,709,709,0,0,190,0
Trip Thurman,11295,G,FLORIDA,14,100.0,0,163,63.9,57.2,65.2,5,19,490,100.0,100.0,96.9,1,27,3,898,192,398,0,898,507,507,303,5,391,0
Trey Martin,32555,G,RICE,12,100.0,0,275,77.7,79.0,76.6,2,11,431,100.0,100.0,98.0,3,15,2,897,320,0,0,897,450,450,577,0,447,0
Austin Albrecht,46242,T,UTAH ST,13,100.0,1,329,75.6,71.1,77.5,6,13,457,100.0,100.0,97.5,4,21,2,896,0,0,695,896,476,476,190,11,420,0
Taylor Lasecki,38691,C,SMU,12,100.0,1,287,60.2,70.0,55.5,3,17,462,100.0,100.0,96.8,2,25,5,896,896,0,0,896,496,496,0,0,400,0
Robert Blodgett,18035,T,BUFFALO,12,100.0,0,126,77.2,70.0,77.7,3,13,471,100.0,100.0,97.5,3,20,4,896,0,182,0,896,500,500,0,706,396,8
Deyshawn Bond,12120,C,CINCINNATI,12,100.0,2,138,74.7,82.4,73.5,2,6,501,100.0,100.0,98.4,7,12,4,896,896,0,0,896,534,534,0,0,362,0
Ben Braden,23112,G,MICHIGAN,13,100.0,1,222,72.8,69.2,71.6,6,12,459,100.2,100.2,97.8,3,19,1,895,0,895,0,895,484,483,0,0,411,0
Cody Whitehair,10690,T,KANSAS ST,13,100.0,1,199,94.3,85.1,94.7,1,11,400,100.0,100.0,98.0,4,14,2,895,0,0,895,895,427,427,0,0,468,0
Austin Moreton,46626,G,ARK STATE,13,100.0,0,113,72.7,80.7,70.3,2,5,391,100.0,100.0,98.6,1,9,2,895,0,569,0,895,407,407,326,0,488,0
Joseph Cheek,11223,G,TEXAS A&M,13,100.0,1,312,74.2,69.0,76.8,2,19,482,100.0,100.0,97.2,4,24,3,894,0,0,0,894,501,501,894,0,393,0
Evan Brown,38709,G,SMU,12,100.0,1,287,65.4,74.2,61.6,1,12,459,100.0,100.0,98.1,3,15,2,894,0,0,0,894,493,493,894,0,401,0
Reed Darragh,46792,T,UTSA,12,100.0,0,331,59.5,50.2,66.3,3,25,435,100.7,100.7,94.5,2,38,10,894,0,0,891,894,456,453,0,2,438,1
Colin Sandor,46050,G,AIR FORCE,14,100.0,0,101,87.4,86.6,84.6,0,1,163,100.0,100.0,99.7,0,1,0,892,0,888,0,892,168,168,0,0,724,4
Mike Ebert,46661,G,TOLEDO,12,100.0,1,316,90.6,72.8,93.6,1,9,419,100.0,100.0,98.8,4,10,0,892,0,0,0,892,438,438,892,0,454,0
Graham Shuler,17493,C,STANFORD,14,100.0,0,300,89.4,72.4,91.6,2,13,351,100.0,100.0,97.6,2,16,1,890,890,0,0,890,376,376,0,0,514,0
Mitch Smothers,17789,C,ARKANSAS,13,100.0,0,111,80.8,73.7,79.9,3,7,409,100.0,100.0,98.8,2,10,0,890,890,0,0,890,420,420,0,0,470,0
Eric Olson,46902,T,NWESTERN,12,100.0,1,256,74.6,64.0,78.2,3,23,387,100.0,100.0,95.9,6,29,3,889,0,0,0,889,400,400,0,889,489,0
Kris Weeks,19248,T,SMU,12,100.0,1,287,75.5,79.2,71.0,2,12,456,100.0,100.0,98.0,7,16,2,889,0,3,0,889,490,490,0,885,399,1
John Keenoy,45568,C,W MICHIGAN,13,100.0,3,347,77.6,67.2,83.6,3,18,422,100.0,100.0,96.6,12,25,4,888,888,0,0,888,446,446,0,0,442,0
Sebastian Tretola,10827,G,ARKANSAS,13,100.0,0,111,90.6,74.7,92.0,4,6,409,100.0,100.0,97.8,2,14,4,888,0,886,0,888,420,420,2,0,468,0
Colton Jackson,46065,G,ARK STATE,13,100.0,0,113,85.7,86.8,85.1,1,10,390,100.0,100.0,98.6,3,11,0,888,0,0,0,888,406,406,565,305,482,18
Austin Stephens,24208,C,UTAH ST,13,100.0,0,329,76.9,78.0,75.8,1,8,457,100.0,100.0,98.6,3,11,2,888,888,0,0,888,476,476,0,0,412,0
Frank Ragnow,39137,G,ARKANSAS,13,100.0,1,111,80.0,65.9,84.2,4,15,409,100.0,100.0,97.7,5,19,0,888,0,2,0,888,420,420,886,0,468,0
Brynjar Gudmundsson,17747,C,USF,13,100.0,0,327,66.2,72.0,65.8,0,9,364,100.0,100.0,98.8,7,9,0,887,887,0,0,887,382,382,0,0,505,0
Dan Skipper,12307,T,ARKANSAS,13,100.0,0,111,72.2,61.4,76.6,8,23,408,100.0,100.0,95.2,5,35,4,887,0,0,6,887,419,419,0,874,468,7
Ty Darlington,19111,C,OKLAHOMA,12,100.0,3,261,68.7,74.0,65.1,1,11,463,100.0,100.0,98.1,5,15,3,886,886,0,0,886,483,483,0,0,403,0
Ruben Carter,11203,C,TOLEDO,12,100.0,0,316,80.4,74.9,82.6,2,4,419,100.0,100.0,99.3,6,6,0,886,883,3,0,886,438,438,0,0,448,0
Peter Godber,46777,G,RICE,12,100.0,1,275,74.1,81.4,74.6,1,7,435,100.0,100.0,98.4,7,11,3,885,0,885,0,885,454,454,0,0,431,0
Jonah Pirsig,12298,T,MINNESOTA,13,100.0,0,225,62.7,52.0,64.3,12,25,457,100.0,100.0,95.5,2,39,2,885,0,0,353,885,477,477,0,530,408,2
Jake Simonich,46694,T,UTAH ST,13,100.0,2,329,65.1,63.9,70.6,5,19,455,100.0,100.0,96.9,13,26,2,885,0,0,0,885,474,474,0,856,411,29
Denver Kirkland,11370,T,ARKANSAS,13,100.0,1,111,84.6,70.2,87.0,7,16,404,100.0,100.0,96.4,3,26,3,884,0,0,880,884,415,415,0,3,469,1
Brandon Smith,46856,T,E CAROLINA,12,100.0,2,156,72.9,65.5,76.1,5,19,515,100.0,100.0,97.1,4,27,3,883,0,0,1,883,536,536,0,882,347,0
J.T. Boyd,45582,G,E CAROLINA,12,100.0,0,156,72.5,69.2,77.0,4,10,513,100.0,100.0,98.1,8,17,3,883,75,6,0,883,534,534,802,0,349,0
Dylan Wiesman,46696,G,TENNESSEE,13,100.0,0,307,73.1,69.7,73.4,3,13,388,100.0,100.0,97.7,2,17,1,883,0,151,0,883,400,400,732,0,483,0
Jeff Savage,21342,G,LA MONROE,13,100.0,1,209,61.7,59.5,68.2,6,16,542,100.0,100.0,97.6,8,24,2,882,77,1,0,882,557,557,803,1,325,0
Chase Farris,11133,T,OHIO STATE,13,100.0,0,260,76.0,54.0,81.1,4,23,364,100.0,100.0,95.2,4,31,4,881,0,0,1,881,379,379,21,859,502,0
Ryan Melton,46369,T,TEXAS ST,12,100.0,1,314,84.9,80.9,82.3,1,11,450,100.0,100.0,98.0,4,15,3,881,0,0,421,881,468,468,0,458,413,2
Billy Price,46795,G,OHIO STATE,13,100.0,0,260,80.0,72.3,80.9,2,9,363,100.0,100.0,98.2,4,12,1,880,0,880,0,880,378,378,0,0,502,0
Danny Isidora,11933,G,MIAMI FL,13,100.0,0,220,71.0,54.9,76.3,3,22,470,100.0,100.0,96.7,2,28,3,879,0,13,0,879,493,493,786,80,386,0
Spencer Pulley,10998,C,VANDERBILT,12,100.0,0,333,84.3,87.2,82.8,1,8,420,100.0,100.0,98.0,1,13,4,879,879,0,0,879,434,434,0,0,445,0
Thor Jozwiak,17684,G,USF,13,100.0,1,327,76.5,75.9,77.4,1,12,361,100.0,100.0,97.1,5,17,4,876,0,876,0,876,379,379,0,0,497,0
Will Kreitler,25610,C,UNLV,12,100.0,0,325,76.0,73.7,74.6,4,5,425,100.2,100.2,98.2,2,12,3,876,876,0,0,876,454,453,0,0,422,0
Taylor Decker,10650,T,OHIO STATE,13,100.0,2,260,87.7,78.8,87.4,3,10,364,100.0,100.0,97.7,4,15,2,876,0,0,872,876,379,379,0,0,497,4
Zack Golditch,46885,G,COLO STATE,13,100.0,1,144,85.0,75.6,85.8,4,8,388,100.0,100.0,97.9,4,14,2,875,0,745,130,875,409,409,0,0,466,0
Travis Averill,46117,G,BOISE ST,11,100.0,0,120,84.4,81.8,85.9,5,4,495,100.0,100.0,98.9,3,10,1,874,0,874,0,874,515,515,0,0,359,0
Willie Beavers,10755,T,W MICHIGAN,13,100.0,1,347,55.8,34.8,68.1,9,25,429,100.0,100.0,94.9,9,39,5,874,0,0,873,874,453,453,0,0,421,1
Eddie Gordon,19424,C,LA LAFAYET,12,100.0,0,207,86.5,80.8,87.3,2,8,425,100.0,100.0,98.4,2,12,2,873,792,81,0,873,449,449,0,0,424,0
Will Holden,11912,T,VANDERBILT,12,100.0,2,333,74.0,73.7,73.6,7,19,413,100.0,100.0,96.6,8,27,1,872,0,0,871,872,427,427,0,0,445,1
Mak Djulbegovic,17746,T,USF,13,100.0,0,327,79.3,73.1,78.0,2,18,355,100.0,100.0,96.6,2,22,2,872,0,0,1,872,373,373,0,868,499,3
Pat Elflein,11825,G,OHIO STATE,13,100.0,0,260,87.5,80.5,88.5,2,7,362,100.0,100.0,98.5,2,10,1,872,14,1,0,872,377,377,857,0,495,0
Octravian Anderson,19502,T,LA LAFAYET,12,100.0,2,207,85.8,74.1,86.2,4,9,423,100.0,100.0,97.5,6,17,4,871,0,0,0,871,447,447,0,871,424,0
Jonathan McLaughlin,12018,T,VA TECH,13,100.0,0,337,79.3,74.6,81.0,5,13,413,100.0,100.0,95.9,5,26,8,871,0,6,670,871,438,438,2,192,433,1
Aaron Jenkins,46868,G,NEW MEXICO,13,100.0,1,241,77.0,62.6,79.6,1,7,253,100.0,100.0,98.0,8,9,1,870,0,0,0,870,267,267,830,40,603,0
Dorian Johnson,11870,G,PITTSBURGH,13,100.0,0,268,73.0,84.9,68.3,0,6,405,100.0,100.0,99.3,0,6,0,870,0,870,0,870,420,420,0,0,450,0
Eden Mahina,18740,C,NEW MEXICO,13,100.0,0,241,74.2,67.7,75.1,3,5,253,100.0,100.0,98.4,4,8,0,870,821,49,0,870,267,267,0,0,603,0
Steve Elmer,23402,G,NOTRE DAME,13,100.0,0,258,71.3,78.3,70.5,0,8,437,100.0,100.0,98.6,1,10,2,869,0,0,0,869,464,464,869,0,405,0
Mike Lucas,18967,G,OHIO,13,100.0,1,259,84.9,72.3,90.1,3,9,434,100.0,100.0,98.6,6,12,0,869,17,829,0,869,465,465,23,0,404,0
Jacoby Boren,19278,C,OHIO STATE,13,100.0,2,260,76.8,77.2,78.3,1,14,359,100.0,100.0,97.6,7,16,1,867,867,0,0,867,373,373,0,0,494,0
Chris May,20238,T,S ALABAMA,12,100.0,0,288,77.6,74.6,76.5,5,9,422,100.0,100.0,97.2,3,19,5,867,0,0,26,867,444,444,0,830,423,11
Fahn Cooper,10808,T,OLE MISS,13,100.0,0,226,66.5,66.0,63.6,4,13,494,100.0,100.0,97.9,3,19,2,867,0,0,469,867,521,521,0,394,346,4
Josh Robinson,18332,G,LA TECH,13,100.0,2,208,71.6,70.3,73.6,3,14,492,100.0,100.0,98.1,7,18,1,866,0,0,1,866,518,518,852,0,348,13
Mike McGlinchey,46275,T,NOTRE DAME,13,100.0,0,258,88.0,79.7,90.2,2,15,436,100.0,100.0,98.1,5,17,0,866,0,0,0,866,463,463,0,865,403,1
Eric Lofton,16628,T,TEMPLE,14,100.0,0,306,65.3,76.8,57.9,3,14,432,100.0,100.0,98.0,3,17,0,866,0,4,0,866,468,468,294,568,398,0
Joe Scelfo,38308,C,S ALABAMA,12,100.0,2,288,82.5,87.3,81.5,2,2,420,100.0,100.0,99.0,6,6,2,865,863,2,0,865,442,442,0,0,423,0
Jackson Matteo,45550,C,VIRGINIA,12,100.0,2,335,81.5,80.3,81.6,1,8,468,100.0,100.0,99.0,6,9,0,865,865,0,0,865,491,491,0,0,374,0
Lucas Powell,18663,C,OHIO,12,100.0,0,259,82.0,84.7,82.3,1,8,436,100.0,100.0,98.7,6,10,1,862,862,0,0,862,466,466,0,0,396,0
Matt Kleinsorge,18449,T,KANSAS ST,13,100.0,1,199,78.2,75.0,79.0,2,17,389,100.0,100.0,96.3,6,24,5,862,0,0,0,862,415,415,0,862,447,0
Andrew Bohan,16665,C,AKRON,12,100.0,0,102,63.5,53.2,65.1,4,15,372,100.0,100.0,97.2,3,20,1,862,862,0,0,862,395,395,0,0,467,0
Jake Bernstein,11175,G,VANDERBILT,12,100.0,1,333,82.0,76.0,87.1,1,12,411,100.0,100.0,97.4,8,17,4,862,0,862,0,862,425,425,0,0,437,0
Kyle Saxelid,46253,T,UNLV,12,100.0,0,325,72.3,63.2,72.2,7,13,419,100.2,100.2,97.1,1,22,2,861,0,0,861,861,448,447,0,0,413,0
Matt Thornton,22790,C,E MICHIGAN,12,100.0,0,160,71.3,68.6,72.4,2,9,469,100.0,100.0,97.8,5,16,5,859,765,0,93,859,489,489,0,0,370,1
Nick Linder,29025,C,MIAMI FL,13,100.0,1,220,69.2,74.2,67.7,3,11,463,100.0,100.0,97.6,5,18,4,859,859,0,0,859,484,484,0,0,375,0
Rey Baltazar,46345,T,LA MONROE,13,100.0,0,209,60.7,56.3,61.9,5,25,536,100.0,100.0,95.7,3,38,8,858,0,0,858,858,550,550,0,0,308,0
Jordan Gray,17094,T,UTSA,12,100.0,0,331,74.4,71.9,75.2,3,15,414,100.7,100.7,97.3,5,20,2,858,0,0,0,858,435,432,1,855,423,0
William Cavanaugh,17169,G,UTSA,12,100.0,0,331,79.7,61.4,86.2,1,11,413,100.7,100.7,97.8,4,15,3,858,1,0,0,858,432,429,857,0,426,0
Brian O'Neill,46854,T,PITTSBURGH,13,100.0,0,268,76.4,74.8,75.0,1,20,400,100.0,100.0,96.1,3,26,5,856,0,0,125,856,415,415,0,728,441,3
Sean Welsh,46711,G,IOWA,14,100.0,0,192,91.5,70.4,94.9,2,10,400,100.0,100.0,97.7,5,15,3,855,0,689,0,855,426,426,22,144,429,0
Justin Northern,38831,T,FRESNO ST,12,100.0,0,169,62.8,67.7,60.4,3,17,445,100.0,100.0,96.6,5,25,5,854,0,0,0,854,468,468,0,850,386,3
Ross Burbank,11350,G,VIRGINIA,12,100.0,0,335,73.2,71.9,76.9,0,20,462,100.0,100.0,97.6,7,21,1,854,0,492,0,854,485,485,362,0,369,0
Nick Martin,10684,C,NOTRE DAME,13,100.0,1,258,88.3,86.5,90.2,0,5,434,100.0,100.0,99.4,7,5,0,854,854,0,0,854,461,461,0,0,393,0
Aaron Mitchell,46066,G,FRESNO ST,12,100.0,0,169,67.2,74.7,67.1,4,7,443,100.0,100.0,98.5,6,12,1,851,0,850,0,851,466,466,0,0,385,0
Devon Desper,46122,G,MISS STATE,13,100.0,1,227,77.0,72.4,79.9,4,19,502,100.0,100.0,97.3,2,25,2,851,0,193,0,851,519,519,658,0,332,0
Alex Kozan,46038,G,AUBURN,13,100.0,2,115,80.8,64.6,81.7,6,9,317,100.0,100.0,97.3,3,16,1,850,0,850,0,850,328,328,0,0,522,0
Ted Karras,10855,G,ILLINOIS,12,100.0,0,187,78.5,81.4,78.9,3,5,505,99.8,99.8,98.8,2,10,2,849,29,0,0,849,528,529,820,0,321,0
Ronnie Stanley,10640,T,NOTRE DAME,13,100.0,2,258,86.4,88.6,87.4,4,7,431,100.0,100.0,98.0,11,14,3,849,0,0,848,849,458,458,0,0,391,1
RJ Hollis,47012,T,HAWAII,13,100.0,2,180,68.4,69.1,67.8,3,18,467,100.0,100.0,96.9,5,25,4,848,0,0,9,848,487,487,3,836,361,0
Tobijah Hughley,45546,C,LOUISVILLE,13,100.0,1,210,48.9,34.0,59.6,5,29,459,100.0,100.0,96.1,12,35,1,847,847,0,0,847,475,475,0,0,372,0
Jake Bennett,27100,C,COLO STATE,13,100.0,0,144,76.2,75.5,76.2,3,4,378,100.0,100.0,98.5,4,9,2,847,727,120,0,847,398,398,0,0,449,0
Darrell Brown,46322,T,LA TECH,13,100.0,2,208,68.0,68.3,67.8,8,13,482,100.0,100.0,97.6,5,22,1,847,0,0,845,847,506,506,0,0,341,2
Colby Gossett,46673,G,APP STATE,13,100.0,0,108,96.8,81.5,97.0,2,7,308,100.0,100.0,98.5,4,9,0,847,0,0,0,847,330,330,407,428,517,12
Reno Henderson,46277,T,NEW MEXICO,13,100.0,0,241,72.4,82.8,66.7,0,5,241,100.0,100.0,98.5,5,6,1,846,0,0,844,846,255,255,0,0,591,1
Calvin Anderson,46247,T,RICE,12,100.0,2,275,63.8,60.9,65.3,6,18,414,100.0,100.0,95.7,7,30,6,846,0,0,843,846,431,431,0,0,415,3
Logan Dietz,46303,T,BOWL GREEN,12,100.0,2,122,73.0,71.0,73.6,1,13,489,100.0,100.0,98.2,5,16,2,846,0,0,2,846,515,515,0,842,331,1
Adrian Bellard,11367,T,TEXAS ST,12,100.0,0,314,77.1,83.3,75.9,2,10,431,100.0,100.0,98.4,9,13,1,846,0,0,446,846,449,449,0,399,397,0
Ryan Doyle,18384,T,MARYLAND,12,100.0,0,215,73.5,78.7,69.4,5,13,445,100.0,100.0,98.0,0,18,0,845,0,359,197,845,464,464,0,289,381,0
Roderick Johnson,11915,T,FLORIDA ST,13,100.0,1,167,84.8,73.4,90.3,5,11,444,100.0,100.0,98.0,9,17,1,844,0,0,844,844,463,463,0,0,381,0
Justin Herron,46271,T,WAKE,12,100.0,0,339,61.0,63.7,60.7,8,15,501,100.0,100.0,96.7,6,28,5,843,0,0,843,843,525,525,0,0,318,0
Joey Gaston,18632,T,NAVY,13,100.0,1,237,83.1,64.2,81.8,1,3,140,100.0,100.0,97.9,5,5,1,843,0,0,698,843,149,149,0,0,694,145
Siosifa Tufunga,19563,C,WASHINGTON,13,100.0,0,340,65.8,57.5,69.9,4,20,455,100.0,100.0,96.7,4,27,3,843,843,0,0,843,470,470,0,0,373,0
Will Hernandez,46180,G,UTEP,12,100.0,1,330,90.3,86.7,90.3,3,4,422,100.0,100.0,98.9,3,8,1,842,0,840,1,842,438,438,1,0,404,0
Evan Mulrooney,18315,C,MARYLAND,12,100.0,0,215,66.8,65.9,66.5,5,9,446,100.0,100.0,97.3,2,19,5,842,842,0,0,842,465,465,0,0,377,0
Andy Kwon,22669,C,GA SOUTHRN,13,100.0,1,174,89.2,79.9,88.3,1,1,153,100.0,100.0,99.3,6,2,0,841,841,0,0,841,170,170,0,0,671,0
Artie Rowell,19253,C,PITTSBURGH,13,100.0,0,268,61.4,70.8,57.7,3,11,394,100.0,100.0,97.5,3,17,3,841,841,0,0,841,409,409,0,0,432,0
Chad Wheeler,12240,T,USC,12,100.0,1,326,76.9,75.2,79.3,4,13,432,100.0,100.0,97.3,10,20,3,840,0,0,829,840,455,455,0,0,385,11
Curtis Williams,46299,T,S ALABAMA,12,100.0,1,288,68.7,62.7,73.6,5,11,405,100.0,100.0,96.3,8,23,7,839,0,0,829,839,427,427,1,7,412,2
Jacob Alsadek,46691,G,ARIZONA,12,100.0,0,109,80.7,73.5,81.9,2,9,440,100.2,100.2,98.7,3,11,0,839,0,0,0,839,458,457,839,0,381,0
Jamaal Clayborn,45567,C,MISS STATE,12,100.0,0,227,71.8,74.3,69.2,1,17,499,100.0,100.0,98.0,1,19,1,838,838,0,0,838,514,514,0,0,324,0
Jon Toth,22917,C,KENTUCKY,12,100.0,1,202,91.3,89.0,92.1,3,4,464,100.0,100.0,99.0,4,8,1,837,837,0,0,837,494,494,0,0,343,0
Jacob Henry,46888,T,NEVADA,13,100.0,0,239,76.8,65.8,77.8,4,16,328,100.0,100.0,96.3,4,22,2,837,0,0,0,837,345,345,0,834,492,3
Tommy Boynton,12611,T,GA SOUTHRN,13,100.0,0,174,90.2,65.0,89.0,1,8,152,100.0,100.0,96.4,3,10,1,835,0,0,0,835,169,169,0,829,666,6
Tommy Hopkins,46024,G,UCONN,13,100.0,0,146,88.8,83.5,90.6,3,6,458,100.0,100.0,98.4,3,12,3,835,0,835,0,835,476,476,0,0,359,0
Paul Perschon,46111,G,TOLEDO,12,100.0,0,316,86.2,73.9,89.1,2,9,389,100.0,100.0,98.3,7,12,1,834,0,834,0,834,404,404,0,0,430,0
Brendan Vechery,46023,C,UCONN,13,100.0,0,146,71.5,62.3,74.8,3,18,457,100.0,100.0,97.3,8,23,2,834,834,0,0,834,475,475,0,0,359,0
Andreas Knappe,12025,T,UCONN,13,100.0,0,146,70.6,66.8,72.9,5,19,457,100.0,100.0,96.3,8,29,5,834,0,0,0,834,475,475,0,820,359,13
Richard Levy,12279,T,UCONN,13,100.0,0,146,78.3,68.0,83.1,2,16,457,100.0,100.0,96.9,6,23,5,834,0,0,818,834,475,475,0,0,359,16
Jack Conklin,10642,T,MICH STATE,12,100.0,0,223,94.6,89.2,93.9,3,9,391,100.0,100.0,98.2,3,13,1,833,0,10,811,833,416,416,0,0,417,12
Jake Campos,39334,T,IOWA STATE,12,100.0,0,193,80.3,76.1,80.8,4,13,423,100.0,100.0,96.6,6,23,6,832,0,0,620,832,442,442,0,211,390,0
Shon Coleman,10710,T,AUBURN,12,100.0,1,115,91.0,82.5,88.5,0,8,309,100.0,100.0,98.1,2,10,2,832,0,0,717,832,321,321,0,0,511,112
Chandler Brewer,13976,G,MIDDLE TN,13,100.0,1,224,74.2,82.5,69.7,0,13,416,100.0,100.0,98.2,1,14,1,831,0,0,305,831,433,433,523,1,398,2
Donovan Williams,11389,G,LA LAFAYET,12,100.0,0,207,83.3,74.9,85.7,2,9,405,100.0,100.0,98.1,5,13,2,830,0,247,0,830,429,429,583,0,401,0
Ike Harris,51606,T,E CAROLINA,12,100.0,0,156,69.1,72.4,68.0,6,16,479,100.0,100.0,97.3,7,24,2,829,0,0,828,829,497,497,0,0,332,0
Andrew Reue,19208,C,RICE,11,100.0,0,275,74.4,76.6,77.7,1,12,406,100.0,100.0,98.2,7,14,1,829,530,0,0,829,423,423,253,46,406,0
Gabe Mobley,26119,C,GA STATE,12,100.0,0,175,66.7,70.6,67.5,1,13,474,100.0,100.0,98.5,5,14,0,829,829,0,0,829,503,503,0,0,326,0
Norman Price,11277,T,SO MISS,14,100.0,0,296,64.0,53.1,73.1,8,24,458,100.0,100.0,95.4,6,37,5,828,0,0,108,828,480,480,0,720,348,0
Ben Clarke,11176,T,HAWAII,13,100.0,1,180,74.0,72.9,74.1,1,10,462,100.0,100.0,97.1,4,19,8,827,4,0,813,827,483,483,0,2,344,8
Jack Allen,11221,C,MICH STATE,12,99.9,0,223,88.9,74.5,89.9,4,6,369,100.0,100.0,98.1,0,12,2,827,739,8,65,828,391,391,10,0,436,2
Coleman Shelton,39316,G,WASHINGTON,13,100.0,0,340,71.1,71.4,70.0,2,17,450,100.0,100.0,97.4,2,21,2,826,0,120,107,826,465,465,599,0,361,0
Jah-Mai Davidson,21244,T,GA STATE,13,100.0,0,175,54.2,44.9,63.6,4,22,474,100.0,100.0,95.4,6,35,9,826,0,0,0,826,505,505,0,823,321,3
Elijah Nkansah,46887,T,TOLEDO,12,100.0,0,316,84.4,69.2,87.1,4,17,384,100.0,100.0,97.0,3,22,1,826,0,0,26,826,401,401,0,800,425,0
Chase Roullier,11954,G,WYOMING,12,100.0,0,351,94.3,87.7,94.2,1,4,369,100.0,100.0,99.1,2,6,1,825,0,825,0,825,391,391,0,0,434,0
Layth Friekh,46357,T,ARIZONA,13,100.0,0,109,67.5,63.1,70.2,5,16,427,100.2,100.2,95.9,5,28,7,824,0,0,824,824,444,443,0,0,380,0
Alex Officer,29963,G,PITTSBURGH,13,100.0,0,268,71.5,68.5,73.7,3,17,379,100.0,100.0,97.1,4,21,1,824,0,0,0,824,394,394,824,0,430,0
Josh Mitchell,19044,C,OREGON ST,12,100.0,0,265,86.5,83.0,85.8,1,5,395,100.0,100.0,99.0,4,7,1,824,824,0,0,824,420,420,0,0,404,0
Dustin Stanton,46857,T,OREGON ST,12,100.0,0,265,75.8,73.5,74.9,4,10,395,100.0,100.0,98.2,4,14,0,824,0,0,0,824,420,420,0,818,404,6
Ryan Cummings,46962,T,WYOMING,12,100.0,1,351,74.5,69.6,77.9,5,12,368,100.0,100.0,97.1,8,19,2,823,0,0,823,823,390,390,0,0,433,0
Ben Tamburello,18781,G,NAVY,13,100.0,0,237,72.5,72.8,72.1,0,4,137,100.0,100.0,97.8,3,5,1,823,0,0,0,823,146,146,823,0,677,0
Gabe Kuhn,46250,G,MEMPHIS,12,100.0,0,218,61.3,69.5,58.4,2,16,413,99.5,99.5,97.6,3,19,1,821,4,0,0,821,423,425,817,0,398,0
Colby Mitchell,16422,C,LA MONROE,13,100.0,0,209,63.8,68.2,63.3,1,16,515,100.0,100.0,98.0,5,19,2,821,821,0,0,821,529,529,0,0,292,0
Pat Colbert,17885,T,BAYLOR,12,100.0,0,118,67.1,64.5,66.2,4,10,349,100.0,100.0,97.7,3,15,1,819,0,0,28,819,372,372,0,790,447,1
Taylor Fallin,10932,T,MEMPHIS,11,100.0,0,218,72.7,72.1,70.4,2,13,410,99.8,99.8,97.7,3,17,2,818,0,0,812,818,419,420,0,0,399,6
Reggie Bain,28501,T,FAU,12,100.0,0,165,70.0,58.8,74.2,2,20,392,100.3,100.2,96.4,6,25,3,817,0,0,808,817,414,413,0,0,403,9
Siaosi Aiono,16608,C,UTAH,11,100.0,0,328,72.3,72.5,69.6,2,16,366,100.0,100.0,97.0,1,20,2,817,817,0,0,817,391,391,0,0,426,0
Aaron Evans,46350,T,UCF,12,100.0,0,323,73.5,76.7,70.7,4,16,474,100.0,100.0,97.0,3,24,4,816,0,0,799,816,497,497,0,0,319,17
Kyle Bosch,46666,G,W VIRGINIA,13,100.0,1,343,82.1,85.4,80.8,3,4,377,100.0,100.0,99.1,3,7,0,816,0,0,0,816,397,397,816,0,419,0
Andrew Zeller,11140,G,MARYLAND,12,100.0,0,215,69.3,73.6,70.5,4,10,434,100.0,100.0,97.9,4,16,2,816,0,0,0,816,453,453,816,0,363,0
Parker Collins,22381,G,APP STATE,13,100.0,2,108,88.4,88.3,92.1,0,2,303,100.0,100.0,99.0,10,4,2,814,77,737,0,814,321,321,0,0,493,0
Jason King,46129,G,PURDUE,11,100.0,4,273,79.9,82.4,81.4,4,6,465,100.0,100.0,98.7,8,11,1,814,0,813,0,814,486,486,0,0,328,1
J.J. Denman,46913,T,RUTGERS,12,100.0,1,278,64.4,54.4,67.6,4,29,393,100.0,100.0,94.8,4,37,4,814,0,0,0,814,413,413,0,814,401,0
Joey Hunt,10849,C,TCU,10,100.0,0,305,90.2,91.3,89.9,0,3,444,100.0,100.0,99.7,5,3,0,814,814,0,0,814,471,471,0,0,343,0
Alex Fifita,11040,T,FRESNO ST,12,100.0,3,169,67.7,77.6,60.8,3,13,431,100.0,100.0,97.7,5,18,2,814,0,0,810,814,454,454,0,0,360,4
Eric Noone,21823,G,UNLV,12,100.0,0,325,72.0,56.2,74.6,7,13,400,100.3,100.2,97.0,1,22,2,813,0,810,0,813,427,426,3,0,386,0
Joe Spencer,22803,C,ILLINOIS,12,100.0,0,187,67.5,73.2,64.3,5,17,479,99.8,99.8,97.3,2,24,2,813,813,0,0,813,501,502,0,0,312,0
Trevon Tate,46258,T,MEMPHIS,13,100.0,0,218,72.1,67.4,72.7,4,19,414,99.8,99.8,97.0,4,24,1,813,0,0,28,813,424,425,0,780,389,5
Danny Book,21090,T,CHARLOTTE,12,100.0,0,136,62.6,47.6,68.8,7,9,382,100.0,100.0,95.0,3,27,11,813,0,0,256,813,392,392,4,547,421,3
Jonathan Alvarez,29653,G,OKLAHOMA,12,100.0,2,261,74.5,71.9,75.8,1,10,407,100.0,100.0,98.2,4,13,2,812,108,704,0,812,423,423,0,0,389,0
Kolton Houston,17587,T,GEORGIA,13,100.0,0,173,69.4,68.7,72.1,3,17,345,100.0,100.0,96.8,6,21,1,810,0,312,0,810,354,354,0,497,456,1
Eric Lee,19589,C,UTEP,12,100.0,0,330,80.0,80.1,79.1,1,10,413,100.0,100.0,98.2,3,13,2,810,810,0,0,810,429,429,0,0,381,0
Bo Bonnheim,17345,C,FRESNO ST,12,100.0,0,169,78.5,80.2,77.9,2,6,433,100.0,100.0,98.8,3,9,1,809,548,2,0,809,456,456,259,0,353,0
John Theus,10779,T,GEORGIA,13,100.0,1,173,79.5,74.1,80.1,1,12,344,100.0,100.0,97.2,6,16,3,807,0,0,494,807,353,353,0,312,454,1
Michael Montero,22596,C,FIU,12,100.0,0,166,78.0,82.7,75.3,0,5,487,100.0,99.8,99.3,4,6,1,807,807,0,0,807,508,509,0,0,299,0
Isaac Seumalo,10713,G,OREGON ST,12,100.0,0,265,94.0,92.6,94.4,0,4,382,100.0,100.0,99.5,4,4,0,807,0,0,187,807,405,405,618,0,402,1
Darien Foreman,37831,G,GA SOUTHRN,13,100.0,0,174,83.4,84.4,82.4,0,3,146,100.0,100.0,99.0,6,3,0,805,0,805,0,805,163,163,0,0,642,0
Trevan Brown,18543,T,MIAMI OH,12,100.0,1,221,63.1,67.6,62.7,2,15,417,100.0,100.0,97.2,5,20,3,805,0,0,805,805,439,439,0,0,366,0
Devin Mondie,28114,C,ARK STATE,11,100.0,0,113,65.9,65.2,63.7,1,9,355,100.0,100.0,98.0,1,12,2,804,804,0,0,804,370,370,0,0,434,0
Dejon Allen,46225,G,HAWAII,13,100.0,1,180,79.2,76.1,86.1,1,8,439,100.0,100.0,98.3,7,12,3,803,0,4,0,803,460,460,798,1,343,0
Damien Mama,12139,G,USC,14,100.0,0,326,79.3,71.2,83.6,4,10,423,100.0,100.0,97.4,4,18,4,803,0,803,0,803,447,447,0,0,356,0
Christian DiLauro,46976,T,ILLINOIS,12,100.0,1,187,60.3,63.0,59.2,5,39,490,99.8,99.8,94.9,5,47,3,802,0,0,0,802,511,512,0,800,291,2
Avery Young,11239,T,AUBURN,12,100.0,0,115,75.5,74.4,72.9,3,10,278,100.0,100.0,97.3,5,14,1,802,0,0,1,802,290,290,0,801,512,0
Wilson Bell,46796,G,FLORIDA ST,13,100.0,0,167,74.4,62.0,81.9,4,11,415,100.0,100.0,97.2,7,19,4,802,0,0,0,802,432,432,802,0,370,0
Andrew Wylie,12333,T,E MICHIGAN,12,100.0,1,160,70.9,63.7,78.3,5,20,442,100.0,100.0,96.3,5,29,4,802,0,0,5,802,459,459,0,791,343,6
Ethan Pocic,11813,C,LSU,12,100.0,2,211,79.7,76.5,79.8,1,9,309,100.0,100.0,98.1,6,11,1,801,801,0,0,801,329,329,0,0,472,0
Vadal Alexander,10868,T,LSU,12,100.0,3,211,79.2,66.5,83.6,1,19,309,100.0,100.0,96.4,12,21,1,801,0,0,92,801,329,329,0,709,472,0
Austin Schmidt,46251,T,ILLINOIS,12,100.0,0,187,68.8,77.0,67.5,4,13,476,99.8,99.8,97.8,6,19,2,801,0,0,795,801,496,497,0,0,305,6
David Sharpe,11884,T,FLORIDA,14,100.0,1,163,61.3,60.1,62.5,6,22,431,100.0,100.0,95.8,6,32,4,800,0,2,787,800,447,447,0,0,353,9
Zach Banner,11892,T,USC,14,100.0,0,326,87.8,87.8,90.4,2,6,405,100.0,100.0,98.8,13,9,1,800,0,0,139,800,427,427,0,661,373,0
Halapoulivaati Vaitai,10798,T,TCU,12,100.0,0,305,70.6,76.6,64.3,5,12,426,100.0,100.0,97.8,4,18,1,799,0,0,784,799,456,456,0,0,343,13
Josh Harris,41544,C,WAKE,12,100.0,1,339,60.5,71.8,55.1,2,8,477,100.0,100.0,98.7,2,11,1,797,737,60,0,797,500,500,0,0,297,0
Dillon Romine,18658,T,NEW MEXICO,13,100.0,1,241,77.9,60.3,81.9,1,10,227,100.0,100.0,96.3,4,14,3,796,0,0,1,796,240,240,0,795,556,0
Dalton Bennett,17530,C,TROY,12,100.0,0,318,74.9,74.8,74.6,1,10,444,100.2,100.2,98.8,3,11,0,796,695,95,2,796,462,461,0,0,334,4
Connor McGovern,10778,T,MISSOURI,12,100.0,1,229,78.3,74.4,78.7,2,15,430,100.0,100.0,97.1,4,21,4,795,0,0,793,795,453,453,1,0,342,1
O'Shea Dugas,46157,G,LA TECH,13,100.0,0,208,65.9,80.5,66.1,5,6,458,100.0,100.0,98.6,11,12,1,795,0,795,0,795,479,479,0,0,316,0
Jesse Chapman,17725,C,APP STATE,13,100.0,0,108,93.0,87.1,93.0,0,5,284,100.0,100.0,98.8,2,6,1,794,794,0,0,794,306,306,0,0,488,0
Antonio Garcia,11840,T,TROY,12,100.0,1,318,74.8,89.1,68.7,3,2,440,100.2,100.2,98.7,7,8,3,792,0,0,790,792,459,458,0,1,333,1
Joseph Bacchus,46845,T,ARK STATE,13,100.0,0,113,72.5,82.5,65.7,4,7,345,100.0,100.0,97.8,2,13,2,792,0,0,182,792,359,359,0,610,433,0
Isaiah Wynn,46048,G,GEORGIA,13,100.0,0,173,87.7,91.8,88.3,2,5,345,100.0,100.0,98.4,6,9,2,792,0,477,312,792,354,354,0,0,438,3
Jaylen Hunter,18615,G,MIDDLE TN,12,100.0,0,224,76.6,81.4,77.6,1,8,442,100.0,100.0,98.8,4,10,1,791,0,743,0,791,455,455,48,0,336,0
Darien Terrell,22841,G,E MICHIGAN,12,100.0,0,160,68.3,77.1,68.7,2,10,437,100.0,100.0,98.6,4,12,0,791,0,1,0,791,451,451,790,0,340,0
Kelly Parfitt,46967,T,FAU,12,100.0,1,165,61.5,49.7,67.5,3,20,370,100.3,100.3,96.6,9,24,1,790,68,1,0,790,391,390,0,713,399,8
Tyler Burns,18689,G,DOMINION,12,100.0,1,263,83.4,87.7,83.0,1,6,451,100.0,100.0,98.8,3,9,2,790,0,0,0,790,467,467,790,0,323,0
Keith Lumpkin,10971,T,RUTGERS,12,100.0,1,278,78.3,73.7,76.1,2,13,373,100.0,100.0,96.9,3,19,4,788,0,0,788,788,393,393,0,0,395,0
Troy Watson,46919,T,OHIO,13,100.0,0,259,76.7,61.6,79.2,3,11,376,100.0,100.0,96.5,1,20,6,788,0,0,23,788,402,402,0,764,386,1
Luke Hayes,18229,G,KANSAS ST,13,100.0,0,199,79.4,72.0,82.4,2,10,353,100.0,100.0,98.0,3,13,1,788,0,0,0,788,376,376,788,0,412,0
Taylor Doyle,19584,C,TEXAS,12,100.0,2,311,67.5,69.0,67.0,1,12,341,100.0,100.0,97.8,6,14,1,787,787,0,0,787,356,356,0,0,431,0
Conor McDermott,11966,T,UCLA,12,100.0,0,324,80.4,77.0,83.1,3,14,425,100.0,100.0,97.5,6,19,2,787,0,0,785,787,443,443,0,1,344,1
Brandon Kublanow,22141,C,GEORGIA,13,100.0,0,173,86.5,72.4,88.8,0,8,332,100.0,100.0,98.5,2,9,1,787,635,14,0,787,341,341,138,0,446,0
Dominique Threatt,46704,G,USF,13,100.0,0,327,74.3,56.4,77.8,1,14,316,100.0,100.0,97.3,2,16,1,784,0,0,0,784,329,329,784,0,455,0
Calvin White,17550,T,IDAHO,12,100.0,0,185,72.1,75.3,64.4,4,17,442,100.0,100.0,96.5,0,26,5,784,0,0,492,784,461,461,0,286,323,6
Tyler Hayworth,46088,G,WAKE,12,100.0,1,339,67.7,70.4,65.9,2,15,463,100.0,100.0,98.2,2,17,0,783,0,783,0,783,485,485,0,0,298,0
Sam Rice,18706,G,N TEXAS,12,100.0,0,251,79.7,75.8,81.0,2,12,408,100.0,100.0,98.0,1,15,1,783,0,776,0,783,425,425,7,0,358,0
Jeremiah Culbreth,46329,T,GA SOUTHRN,13,100.0,0,174,66.6,56.4,66.5,3,8,139,100.0,100.0,96.0,3,11,0,782,0,0,779,782,154,154,0,3,628,0
Darrell Williams,12285,T,W KENTUCKY,14,100.0,0,346,77.9,78.2,75.0,1,12,443,100.0,100.0,98.1,1,15,2,782,0,0,13,782,459,459,0,769,323,0
Jackson Day,46126,G,W MICHIGAN,12,100.0,1,347,86.0,52.5,91.6,2,20,350,100.0,100.0,96.0,2,25,3,782,62,716,0,782,371,371,3,0,411,1
Cameron Hunt,46707,G,OREGON,12,100.0,1,264,76.5,74.6,80.6,1,10,354,100.0,100.0,97.9,10,13,2,781,0,0,0,781,367,367,684,97,414,0
Will Clapp,39386,G,LSU,12,100.0,0,211,90.7,82.4,91.2,3,8,303,100.0,100.0,98.2,4,11,0,780,0,93,0,780,323,323,687,0,457,0
Brandon Shell,10792,T,S CAROLINA,12,99.9,0,289,76.9,86.4,73.9,1,6,396,100.0,100.0,99.1,7,7,0,780,0,0,778,781,411,411,0,0,369,3
Tyler Samra,17193,G,UCONN,13,100.0,1,146,67.6,56.8,71.2,2,16,428,100.0,100.0,96.5,3,24,6,778,0,0,0,778,445,445,778,0,333,0
Alex Redmond,11113,G,UCLA,11,100.0,0,324,79.5,78.5,85.2,5,9,410,100.0,100.0,98.3,10,14,0,778,38,305,0,778,432,432,435,0,346,0
Will Sport,16508,G,S CAROLINA,12,100.0,0,289,69.5,71.0,67.4,3,12,394,100.0,100.0,97.1,0,19,4,777,0,0,0,777,408,408,777,0,369,0
Brian Gaia,45552,G,PENN STATE,13,100.0,0,266,74.5,67.8,79.9,3,13,434,100.0,100.0,97.7,5,18,2,777,0,0,1,777,455,455,776,0,322,0
Eric Smith,46987,T,VIRGINIA,12,100.0,0,335,74.1,74.2,73.7,5,18,415,100.0,100.0,97.0,5,24,1,775,0,0,97,775,433,433,0,659,342,19
Brandon Sarabia,19371,G,TEXAS ST,12,100.0,0,314,65.7,73.2,64.4,1,10,394,100.0,100.0,98.4,4,12,1,775,0,401,0,775,412,412,374,0,363,0
Shane Callahan,46336,G,COLORADO,13,100.0,0,143,64.7,56.2,67.1,2,19,414,100.0,100.0,96.5,3,25,4,773,0,0,24,773,437,437,699,50,336,0
Asotui Eli,46825,C,HAWAII,12,100.0,1,180,78.3,74.5,80.7,2,12,448,100.0,100.0,97.8,6,17,3,772,768,0,0,772,466,466,4,0,306,0
David Mahaffey,23096,C,LA TECH,13,100.0,0,208,73.8,74.8,73.2,4,4,440,100.0,100.0,99.1,3,8,0,772,668,104,0,772,459,459,0,0,313,0
Adam Pankey,12114,G,W VIRGINIA,12,100.0,0,343,63.9,60.0,67.1,3,18,370,100.0,100.0,96.4,5,24,3,772,0,629,143,772,391,391,0,0,381,0
Chris Taylor,46071,G,TULANE,12,100.0,0,319,71.9,65.0,74.9,4,12,423,100.0,100.0,96.5,5,23,7,770,0,0,0,770,436,436,770,0,334,0
Kenny Rogers,16499,G,C MICHIGAN,11,100.0,0,134,71.2,71.6,72.0,3,17,440,100.0,100.0,97.5,3,21,1,770,0,0,0,770,466,466,770,0,304,0
Wayne Scott,46141,G,KENT STATE,12,100.0,2,201,74.9,82.0,74.1,0,7,370,100.0,100.0,99.1,9,7,0,769,0,768,1,769,384,384,0,0,385,0
Connor Williams,46216,T,TEXAS,12,100.0,0,311,81.6,84.5,76.5,2,14,329,100.0,100.0,97.6,5,16,0,768,0,0,751,768,344,344,0,0,424,17
Derrick Nelson,16846,C,RUTGERS,11,100.0,0,278,76.1,79.9,74.3,0,9,370,100.0,100.0,98.8,4,9,0,764,764,0,0,764,390,390,0,0,374,0
Brandon Farmer,44855,G,SO MISS,14,100.0,0,296,69.1,49.0,77.1,7,26,426,100.0,100.0,96.1,3,33,0,764,17,747,0,764,443,443,0,0,321,0
Chris Boles,18358,G,ILLINOIS,12,100.0,1,187,71.5,73.2,71.4,2,12,452,99.8,99.8,98.2,1,15,1,763,0,763,0,763,471,472,0,0,292,0
Trevor Darling,46327,T,MIAMI FL,13,100.0,2,220,58.8,52.7,62.4,6,25,405,100.0,100.0,95.4,7,34,3,762,0,0,762,762,426,426,0,0,336,0
Grant Horst,46894,G,LA LAFAYET,11,100.0,0,207,68.8,59.3,78.5,6,12,367,100.0,100.0,97.5,6,18,0,762,85,219,335,762,385,385,123,0,377,0
Evan Boehm,10762,C,MISSOURI,12,100.0,1,229,75.0,64.9,77.0,1,14,414,100.0,100.0,97.7,2,17,2,761,761,0,0,761,435,435,0,0,326,0
Steven Foster,46677,G,S ALABAMA,12,100.0,1,288,68.6,79.5,67.9,5,5,372,100.0,100.0,98.7,2,10,0,759,1,740,0,759,393,393,17,0,366,1
Tyrone Crowder,46798,G,CLEMSON,13,100.0,0,140,64.6,64.0,64.4,4,10,372,100.0,100.0,97.8,2,15,1,759,0,0,0,759,393,393,759,0,366,0
Justin Senior,11965,T,MISS STATE,12,100.0,0,227,72.2,69.7,70.1,3,18,443,100.0,100.0,96.5,2,26,5,757,0,0,0,757,456,456,0,754,301,3
Paris Palmer,46380,T,PENN STATE,13,99.9,0,266,59.5,47.3,65.1,3,24,415,99.8,99.8,94.8,2,35,8,756,0,0,751,757,435,436,0,0,321,5
Joe Dahl,10785,T,WASH STATE,9,100.0,0,341,86.6,92.0,82.3,3,12,558,100.0,100.0,98.1,6,18,3,756,0,0,756,756,576,576,0,0,180,0
Sedrick Flowers,19419,G,TEXAS,12,100.0,1,311,71.0,61.0,74.6,0,19,324,100.0,100.0,95.8,5,23,4,756,0,751,0,756,339,339,5,0,417,0
Daquane Wilkie,46860,T,FIU,12,100.0,0,166,70.3,73.1,66.2,1,14,454,100.0,99.8,98.1,2,16,1,756,0,0,0,756,474,475,0,756,282,0
Micah Thompson,18760,G,N TEXAS,12,100.0,0,251,75.4,71.8,76.2,1,11,394,100.0,100.0,97.7,1,15,3,756,0,0,0,756,411,411,756,0,345,0
Jon Baker,45566,C,BOSTON COL,12,100.0,1,121,82.2,64.6,86.9,1,9,302,100.0,100.0,97.4,4,13,3,755,622,133,0,755,323,323,0,0,432,0
Taylor Evans,16122,G,GA STATE,12,100.0,0,175,71.4,58.6,76.8,2,17,442,100.0,100.0,97.6,2,20,1,754,109,645,0,754,465,465,0,0,289,0
Mitch Hall,18626,G,MISSOURI,12,100.0,2,229,68.6,66.0,71.6,3,13,409,100.0,100.0,96.8,7,21,5,754,0,0,1,754,432,432,753,0,322,0
Wade Hansen,11484,T,VA TECH,13,100.0,0,337,81.1,80.2,77.9,3,12,354,100.0,100.0,97.0,2,18,3,753,0,0,2,753,377,377,0,750,376,1
Cole Croston,46317,T,IOWA,12,100.0,0,192,76.3,63.2,79.4,4,16,333,100.0,100.0,95.2,3,26,6,752,0,0,337,752,359,359,0,415,393,0
Jamelle Naff,19343,G,TCU,10,100.0,1,305,64.5,75.2,63.7,2,8,420,100.0,100.0,98.8,6,10,0,750,0,750,0,750,446,446,0,0,304,0
Nick Robinson,17078,G,SYRACUSE,12,100.0,0,304,76.1,63.4,82.3,1,15,365,99.7,99.7,97.3,2,18,2,750,0,750,0,750,395,396,0,0,355,0
Colton Freeman,27261,C,HOUSTON,11,100.0,0,182,76.2,76.3,76.4,1,10,352,100.0,100.0,98.2,6,12,1,750,435,20,0,750,359,359,295,0,391,0
Angelo Mangiro,17322,C,PENN STATE,12,100.0,0,266,72.9,76.7,74.1,2,15,408,100.0,100.0,97.7,8,18,1,750,497,236,0,750,428,428,0,0,322,17
Viane Talamaivao,46810,G,USC,13,100.0,1,326,66.6,59.5,67.5,6,21,368,100.0,100.0,96.1,2,28,1,749,0,0,0,749,386,386,749,0,363,0
Matt Hugenberg,19954,C,ARMY,12,100.0,0,114,84.6,72.5,83.1,1,2,128,100.0,100.0,98.0,1,4,1,747,747,0,0,747,135,135,0,0,612,0
Adam Bisnowaty,11955,T,PITTSBURGH,12,100.0,1,268,83.9,78.8,83.4,3,7,359,100.0,100.0,98.1,5,12,2,746,0,0,745,746,369,369,0,0,377,1
Elijah Wilkinson,46238,T,UMASS,11,100.0,0,216,74.4,64.6,80.0,6,20,464,100.0,100.0,96.3,3,30,4,745,0,0,45,745,487,487,0,698,258,0
Quenton Nelson,12954,G,NOTRE DAME,12,100.0,1,258,85.2,77.9,88.1,2,6,373,100.0,100.0,98.1,3,11,3,744,0,744,0,744,393,393,0,0,351,0
Brock Macaulay,47005,T,KENT STATE,12,100.0,1,201,71.2,71.1,71.0,1,15,360,100.0,100.0,97.8,3,16,0,744,0,0,21,744,376,376,0,723,368,0
Davante Harris,10909,T,APP STATE,12,100.0,1,108,82.7,84.4,79.7,2,2,275,100.0,100.0,98.5,6,6,2,744,0,0,726,744,294,294,0,0,450,18
Omari Palmer,17221,T,SYRACUSE,12,100.0,0,304,70.6,71.0,76.7,3,14,361,99.7,99.7,97.4,8,18,1,743,0,0,0,743,391,392,0,743,352,0
Jeremy Macauley,46685,G,NEVADA,11,100.0,0,239,76.1,73.2,77.9,2,5,289,100.0,100.0,98.4,6,8,1,743,4,112,0,743,305,305,627,0,438,0
Archie Lewis,46294,T,BOISE ST,13,100.0,0,120,79.0,76.9,82.0,0,14,389,100.0,100.0,96.9,7,19,5,742,0,0,496,742,402,402,0,236,340,9
Blake Hance,46301,T,NWESTERN,12,100.0,0,256,71.7,57.7,75.8,4,23,316,100.0,100.0,94.5,3,31,4,740,0,0,688,740,326,326,0,52,414,0
Mason Halter,20878,T,FLORIDA,13,100.0,0,163,67.8,56.3,70.5,5,30,402,100.0,100.0,94.4,0,40,5,740,0,0,59,740,413,413,0,666,327,14
Zach Wallace,46359,T,WYOMING,12,100.0,0,351,63.1,58.0,64.8,4,17,322,100.0,100.0,94.6,3,28,7,739,0,0,0,739,341,341,0,739,398,0
Keyon Haughton,19867,C,KANSAS,11,100.0,1,198,71.5,84.0,69.2,1,7,425,100.0,100.0,98.6,6,10,2,738,738,0,0,738,438,438,0,0,300,0
Ivan Foy,17151,T,SYRACUSE,12,100.0,0,304,59.5,55.2,59.3,4,15,352,99.7,99.7,97.0,2,20,1,737,0,0,733,737,382,383,0,4,355,0
Bryan Oldenkamp,18739,G,NEW MEXICO,13,100.0,0,241,66.8,53.2,67.8,0,8,203,100.0,100.0,97.0,2,10,2,737,0,702,0,737,216,216,35,0,521,0
Ramadan Ahmeti,16580,T,C MICHIGAN,10,100.0,0,134,72.8,73.8,73.3,6,17,427,100.0,100.0,96.1,5,28,5,736,0,0,723,736,449,449,0,0,287,13
Jake Eldrenkamp,12204,G,WASHINGTON,11,100.0,0,340,76.9,68.7,79.3,2,8,390,100.0,100.0,98.2,1,12,2,733,0,733,0,733,404,404,0,0,329,0
Thomas La Bianca,25680,C,CHARLOTTE,11,100.0,0,136,60.5,79.8,56.9,2,3,333,100.0,100.0,99.2,2,5,0,730,730,0,0,730,342,342,0,0,388,0
D'Andre Banks,46344,G,KANSAS,11,100.0,1,198,68.7,77.8,68.3,0,9,416,100.0,100.0,98.7,4,10,1,730,0,0,2,730,431,431,728,0,299,0
Nick Clarke,29704,C,DOMINION,12,100.0,0,263,81.1,87.2,76.1,2,5,425,100.0,100.0,98.7,0,9,2,730,730,0,0,730,441,441,0,0,289,0
Todd Jacquet,16819,T,TULANE,12,100.0,0,319,57.0,56.9,60.4,4,30,404,100.0,100.0,95.5,3,35,1,730,0,0,91,730,417,417,0,639,313,0
Wendell Taiese,18243,G,IOWA STATE,12,100.0,0,193,75.2,71.0,76.0,4,13,391,100.0,100.0,97.3,6,19,2,729,0,729,0,729,407,407,0,0,322,0
Jerome Daniels,39794,T,UTEP,11,100.0,0,330,78.4,66.1,77.3,7,13,379,100.0,100.0,96.6,1,23,3,725,0,0,671,725,393,393,0,19,332,35
Alex Barr,18585,G,NC STATE,10,100.0,0,248,76.0,84.6,74.5,1,7,380,100.0,100.0,98.9,2,8,0,724,0,724,0,724,393,393,0,0,331,0
Brock Dagel,18387,T,IOWA STATE,12,100.0,0,193,68.7,67.0,73.4,5,14,371,100.0,100.0,95.8,8,25,6,724,0,0,0,724,385,385,0,724,339,0
Quaison Osborne,39637,T,AKRON,12,100.0,0,102,85.0,70.6,85.7,2,5,326,100.0,100.0,98.3,2,9,2,723,0,0,332,723,344,344,0,384,379,7
Sam Tevi,11945,T,UTAH,13,100.0,1,328,67.0,68.1,64.7,1,11,302,100.0,100.0,97.7,5,13,1,722,0,0,722,722,323,323,0,0,399,0
Micah Kapoi,46036,G,WISCONSIN,12,100.0,1,349,67.4,56.8,68.6,2,19,309,100.0,100.0,95.6,5,24,3,721,0,477,0,721,325,325,244,0,396,0
Dylan Intemann,16607,G,WAKE,11,100.0,0,339,65.7,60.2,69.4,3,13,438,100.0,100.0,97.3,6,20,4,721,0,0,0,721,458,458,714,7,263,0
Colton Hanson,21826,G,TULANE,12,100.0,0,319,89.4,87.3,90.6,5,4,387,100.0,100.0,98.8,2,9,0,721,0,721,0,721,398,398,0,0,323,0
Trey Braun,17401,G,GA TECH,12,100.0,0,176,71.3,41.3,74.2,1,13,213,100.0,100.0,96.2,2,15,1,719,0,719,0,719,220,220,0,0,499,0
Tarik Cook,17452,G,UCF,12,100.0,0,323,70.6,77.9,70.8,2,9,416,100.0,100.0,98.4,4,12,1,719,0,88,0,719,435,435,631,0,284,0
Frank Sutton Jr.,46172,G,LA MONROE,13,100.0,0,209,60.3,70.5,63.7,5,10,456,100.0,100.0,97.7,6,18,3,716,0,716,0,716,468,468,0,0,248,0
Jens Danielsen,18482,T,LA TECH,13,100.0,0,208,78.4,69.4,78.3,4,13,393,100.0,100.0,97.3,1,19,2,716,0,0,31,716,414,414,0,683,302,2
Taani Fisilau,19553,G,UTAH ST,11,100.0,0,329,69.9,64.3,72.1,3,10,349,100.0,100.0,97.9,3,14,1,715,0,0,0,715,363,363,715,0,352,0
Chris Muller,12127,G,RUTGERS,12,100.0,0,278,71.8,62.6,76.8,1,9,332,100.0,100.0,97.6,8,13,3,714,68,0,0,714,352,352,646,0,362,0
Nick Gates,29476,T,NEBRASKA,10,100.0,0,238,88.8,73.8,91.6,1,17,344,100.3,100.3,97.4,5,18,0,713,0,0,1,713,365,364,0,712,348,0
Connor Mewbourne,18910,T,DOMINION,12,100.0,0,263,65.9,63.8,69.8,4,27,435,100.0,100.0,95.7,5,34,3,713,0,0,652,713,453,453,0,61,260,0
Christopher Roberson,46213,G,MEMPHIS,11,100.0,0,218,73.3,69.3,75.5,0,7,369,99.7,99.7,98.8,4,8,1,712,0,538,173,712,377,378,0,0,335,1
Elijah Tupai,46743,G,HAWAII,12,100.0,0,180,81.8,80.1,81.9,5,6,392,100.0,100.0,97.8,0,14,3,710,0,710,0,710,409,409,0,0,301,0
Mike Matulis,16583,G,S CAROLINA,11,100.0,2,289,73.0,70.6,76.6,1,10,352,100.0,100.0,97.3,5,15,4,709,0,628,0,709,364,364,0,79,345,2
Maea Teuhema,46842,G,LSU,12,100.0,0,211,74.3,59.2,78.5,2,13,272,100.0,100.0,96.5,6,17,2,709,0,709,0,709,288,288,0,0,421,0
Lukayus McNeil,46840,G,LOUISVILLE,11,100.0,0,210,65.8,56.3,69.1,2,15,365,100.0,100.0,97.1,2,19,2,707,0,387,0,707,379,379,320,0,328,0
Cam Dillard,45588,C,FLORIDA,13,100.0,0,163,75.8,78.6,72.1,1,13,372,100.0,100.0,97.3,0,17,3,707,705,0,0,707,384,384,2,0,323,0
E.K. Binns,18702,G,NAVY,12,100.0,0,237,74.8,59.8,73.4,0,4,117,100.0,100.0,97.4,2,5,1,704,0,704,0,704,121,121,0,0,583,0
Jason Rae,45586,C,UCF,11,100.0,0,323,71.1,75.5,69.1,3,7,405,100.0,100.0,98.5,3,11,1,703,703,0,0,703,426,426,0,0,277,0
Arturo Uzdavinis,11171,T,TULANE,11,100.0,2,319,78.6,74.4,78.3,3,12,397,100.0,100.0,97.6,9,17,2,702,0,0,702,702,408,408,0,0,294,0
Dru Samia,45376,T,OKLAHOMA,11,100.0,0,261,71.1,49.8,79.0,2,27,349,100.0,100.0,95.6,2,30,1,701,0,0,0,701,361,361,0,700,340,1
Nick Callender,21885,T,COLO STATE,11,100.0,0,144,74.2,78.3,71.1,4,10,304,100.0,100.0,97.0,3,16,2,699,0,0,693,699,322,322,0,0,377,6
Jake Hurcombe,24227,G,E MICHIGAN,11,100.0,0,160,68.2,62.8,71.7,5,11,379,100.0,100.0,97.4,2,18,2,698,0,635,0,698,397,397,63,0,301,0
Brian Carter,46725,G,TEMPLE,13,100.0,0,306,66.9,70.8,66.9,4,11,351,100.0,100.0,97.6,4,16,1,695,0,0,0,695,380,380,695,0,315,0
Isaiah Williams,11467,T,AKRON,11,100.0,1,102,75.7,72.3,75.8,1,9,294,100.0,100.0,97.3,5,13,3,694,0,0,419,694,312,312,0,254,382,21
Sunny Odogwu,46930,T,MIAMI FL,12,100.0,1,220,73.5,72.6,73.9,4,18,367,100.0,100.0,96.7,5,23,1,694,0,0,3,694,381,381,0,691,313,0
Freddie Burden,38071,C,GA TECH,12,100.0,0,176,71.8,71.3,69.0,1,2,196,100.0,100.0,98.7,0,4,1,692,692,0,0,692,203,203,0,0,489,0
Rob Trudo,17223,G,SYRACUSE,11,100.0,1,304,72.1,69.0,78.1,3,7,343,99.7,99.7,98.3,6,11,1,691,90,0,0,691,373,374,601,0,318,0
Jason Emerich,39730,C,SYRACUSE,12,100.0,0,304,76.1,83.6,72.1,3,5,332,99.7,99.7,98.8,1,8,0,691,691,0,0,691,361,362,0,0,330,0
Jay Whitmire,19462,G,VIRGINIA,12,100.0,0,335,77.5,77.4,78.2,2,16,370,100.0,100.0,97.6,2,18,0,688,0,0,1,688,387,387,484,198,301,5
Jeremiah Harvey,17668,G,BALL ST,12,100.0,0,117,79.5,79.3,80.9,2,8,372,100.0,100.0,98.7,3,10,0,688,0,343,0,688,395,395,345,0,293,0
Oni Omoile,11360,G,IOWA STATE,11,100.0,1,193,87.0,85.2,87.6,2,9,360,100.0,100.0,98.5,1,11,0,688,0,206,0,688,376,376,482,0,312,0
Isaiah Folasa-Lutui,16794,G,NEW MEX ST,10,100.0,3,242,66.5,65.1,73.6,3,13,410,100.0,100.0,97.3,10,19,3,687,0,687,0,687,429,429,0,0,258,0
Devin Farrior,46646,G,SO MISS,14,100.0,0,296,72.6,61.9,81.8,8,8,389,100.0,100.0,97.4,8,18,2,686,0,101,0,686,404,404,585,0,282,0
Kenny Lacy,46034,G,UCLA,12,100.0,2,324,77.4,75.4,78.8,2,9,339,100.0,100.0,98.1,5,12,1,685,0,623,0,685,360,360,60,2,325,0
Harris Williams,17896,G,BOSTON COL,12,100.0,0,121,62.5,47.4,67.8,2,14,264,100.0,100.0,95.8,5,19,3,683,0,584,0,683,283,283,98,0,400,0
Tyshon Mosley,34692,G,UTAH ST,10,100.0,0,329,79.1,76.0,80.8,2,7,344,100.0,100.0,98.4,3,10,1,679,0,678,0,679,359,359,0,0,320,0
Brendan Mahon,46194,T,PENN STATE,13,100.0,0,266,77.9,64.6,83.9,2,12,373,100.0,100.0,96.8,2,19,5,679,0,197,0,679,389,389,0,481,290,1
Kyle Friend,11257,C,TEMPLE,10,100.0,0,306,73.7,69.6,74.7,1,11,335,100.0,100.0,98.2,3,12,0,678,678,0,0,678,359,359,0,0,319,0
Chongo Kondolo,18757,G,NEBRASKA,9,100.0,1,238,73.6,49.7,82.5,2,18,367,100.3,100.3,97.3,4,20,0,677,0,0,0,677,389,388,677,0,288,0
Chris Lindstrom,46692,G,BOSTON COL,12,100.0,0,121,65.0,42.3,69.8,2,17,269,100.0,100.0,95.7,2,21,2,677,0,0,0,677,290,290,674,0,387,0
Austin Golson,46212,C,AUBURN,10,100.0,0,115,69.9,84.1,65.7,0,2,251,100.0,100.0,98.8,2,4,2,676,676,0,0,676,262,262,0,0,414,0
David Hedelin,11122,T,PURDUE,9,100.0,0,273,76.2,73.5,74.1,4,13,402,100.0,100.0,97.1,2,20,3,675,0,0,665,675,420,420,0,0,255,10
Blaze Ryder,18922,C,NAVY,12,100.0,0,237,66.8,40.8,66.9,1,2,119,100.0,100.0,96.2,2,6,3,675,675,0,0,675,125,125,0,0,550,0
Will Noble,26633,C,HOUSTON,9,100.0,0,182,68.7,78.0,63.4,1,5,317,100.0,100.0,98.4,2,8,2,675,675,0,0,675,331,331,0,0,344,0
Dorian Miller,46151,G,RUTGERS,10,100.0,0,278,74.5,71.0,74.0,3,9,339,100.0,100.0,98.2,3,12,0,672,0,672,0,672,358,358,0,0,314,0
Cole Gardner,46332,T,E MICHIGAN,10,99.9,1,160,68.7,60.7,78.4,3,20,356,99.7,99.7,96.2,6,25,2,671,0,0,654,672,373,374,0,1,298,15
Quincy McKinney,17959,G,E CAROLINA,10,100.0,2,156,72.1,75.2,74.0,1,8,391,100.0,100.0,98.6,7,10,1,670,0,670,0,670,405,405,0,0,265,0
Jakobi Smith,46779,G,FAU,12,100.0,1,165,68.4,76.0,67.7,2,8,338,100.3,100.3,97.9,5,12,2,668,0,0,1,668,353,352,666,0,315,1
Michael Banogu,18822,T,N TEXAS,12,100.0,1,251,68.8,67.1,69.9,2,15,348,100.0,100.0,96.4,6,21,4,668,0,0,614,668,363,363,0,50,305,4
Phil Haynes,29244,T,WAKE,12,100.0,0,339,52.2,41.9,62.9,3,29,394,100.0,100.0,93.1,2,43,11,666,0,0,0,666,413,413,0,665,253,0
Tyshon Henderson,23859,T,UMASS,12,100.0,1,216,65.3,76.4,61.8,6,11,368,100.0,100.0,96.9,6,20,3,665,0,29,353,665,393,393,0,122,272,157
Barrett Gouger,45558,G,VANDERBILT,12,100.0,0,333,68.3,67.8,68.6,3,11,325,100.0,100.0,96.6,3,18,4,664,2,0,0,664,339,339,662,0,325,0
Charlie Renfree,30819,C,WYOMING,11,100.0,0,351,73.2,77.2,74.7,2,4,302,100.0,100.0,99.0,6,6,0,663,663,0,0,663,322,322,0,0,341,0
Jordan Swindle,11200,T,KENTUCKY,11,100.0,2,202,73.1,70.5,75.2,3,16,363,100.0,100.0,97.1,6,20,1,663,0,0,663,663,385,385,0,0,278,0
Reno Reda,46315,T,KENT STATE,11,100.0,1,201,71.2,71.0,70.5,2,11,324,100.0,100.0,97.4,5,15,2,661,0,1,659,661,336,336,0,0,325,1
Cameron Cermin,46905,T,PURDUE,12,100.0,0,273,66.6,58.9,67.7,6,20,394,100.0,100.0,95.7,1,30,4,661,0,0,170,661,410,410,0,482,251,9
Boone Myers,46144,T,IOWA,11,100.0,0,192,72.6,50.1,81.1,7,19,307,100.0,100.0,93.8,5,32,6,661,0,51,610,661,327,327,0,0,334,0
J'Ondray Sanders,26911,T,UNLV,12,100.0,0,325,44.0,19.3,56.5,7,31,303,100.0,100.0,91.7,3,44,6,660,0,0,0,660,325,325,0,660,335,0
Jerald Hawkins,10757,T,LSU,11,100.0,2,211,83.9,77.1,82.0,4,5,220,100.0,100.0,96.1,5,13,4,660,0,0,636,660,236,236,0,0,424,24
Zach Hovey,29018,G,MIAMI OH,10,100.0,1,221,68.9,70.7,72.4,0,12,339,100.0,100.0,97.9,7,13,1,658,0,658,0,658,356,356,0,0,302,0
Taylor Chappell,18763,T,MISSOURI,12,100.0,0,229,64.1,56.7,64.4,2,17,349,100.0,100.0,96.1,1,23,4,656,0,185,0,656,368,368,0,471,288,0
Matt Pierson,11483,G,OREGON,12,100.0,1,264,66.9,58.1,69.4,1,18,302,100.0,100.0,96.5,4,20,1,656,0,648,0,656,312,312,0,8,344,0
Jonathan Huckins,34776,G,COLORADO,11,100.0,0,143,64.3,54.9,67.0,3,14,346,100.0,100.0,97.3,2,18,1,654,0,349,0,654,360,360,305,0,294,0
Joe Bjorklund,16648,G,MINNESOTA,13,100.0,0,225,82.4,70.4,86.4,3,8,334,100.0,100.0,98.1,2,12,1,654,0,387,0,654,352,352,267,0,302,0
Michael Dunn,39676,T,MARYLAND,11,100.0,0,215,80.1,80.1,75.2,1,10,349,100.0,100.0,98.1,3,12,1,654,0,0,652,654,363,363,0,1,291,1
Nate Davis,46808,G,CHARLOTTE,12,100.0,0,136,67.9,40.3,72.3,6,10,302,100.0,100.0,96.4,2,19,3,653,0,0,0,653,310,310,649,4,343,0
Brandon Manosalvas,23785,G,BUFFALO,10,100.0,1,126,69.1,65.9,76.1,4,11,339,100.0,100.0,97.8,10,15,0,653,0,250,0,653,359,359,402,0,294,0
Matt Rochell,17572,T,AIR FORCE,14,100.0,0,101,69.8,78.3,66.9,0,4,121,100.0,100.0,98.3,4,4,0,653,0,0,619,653,127,127,0,1,526,33
Dakota Gordon,17297,FB,S DIEGO ST,14,85.0,0,284,92.8,80.0,90.5,1,4,137,64.3,64.2,98.2,3,5,0,652,0,0,0,767,140,218,0,0,512,39
Ramsey Meyers,39317,G,KENTUCKY,12,100.0,0,202,78.0,74.3,80.1,1,8,369,100.0,100.0,97.7,1,13,4,651,0,0,0,651,390,390,651,0,261,0
Troy Butler,18782,G,DOMINION,11,100.0,0,263,82.6,80.4,82.0,2,11,382,100.0,100.0,98.3,1,13,0,644,98,347,0,644,393,393,0,199,251,0
Ryan Alexander,97058,T,ARMY,12,100.0,0,114,76.7,62.7,76.5,0,6,107,100.0,100.0,97.2,2,6,0,644,0,0,135,644,113,113,6,336,531,167
Jalen Rowell,38948,WR,AIR FORCE,14,78.7,0,101,73.9,62.0,64.3,0,0,1,0.6,0.6,100.0,2,0,0,641,0,0,0,814,1,172,0,0,640,0
Cameron Blankenship,17372,G,S ALABAMA,10,100.0,0,288,72.6,65.7,75.9,0,10,311,100.0,100.0,97.4,3,13,3,641,0,0,2,641,327,327,635,0,314,4
Kaydon Kirby,23381,C,N TEXAS,10,100.0,0,251,85.0,79.3,84.3,0,10,339,100.0,100.0,98.5,1,10,0,639,639,0,0,639,355,355,0,0,284,0
Jordan Shelley-Smith,24882,T,KANSAS,9,100.0,0,198,59.5,45.7,64.5,8,18,363,100.0,100.0,95.0,1,31,5,637,0,0,631,637,373,373,0,1,264,5
Aaron Cochran,28151,T,CAL,12,100.0,1,130,63.8,62.0,61.4,2,23,368,100.0,100.0,95.8,4,28,3,636,0,0,632,636,396,396,0,0,240,4
Nick Gstrein,16861,G,UNLV,9,100.0,0,325,87.9,78.4,89.4,1,4,311,100.3,100.3,98.9,2,6,1,632,0,0,0,632,330,329,632,0,302,0
Wes Martin,46087,G,INDIANA,11,100.0,0,190,82.8,80.2,82.2,0,4,284,100.0,100.0,99.3,0,4,0,631,0,631,0,631,296,296,0,0,335,0
Brandon Greene,18845,T,NAVY,13,100.0,0,237,74.0,56.5,74.3,1,8,109,100.0,100.0,95.9,1,9,0,629,162,0,27,629,115,115,0,440,514,0
Lincoln Howard,46657,T,N ILLINOIS,14,100.0,0,254,65.7,58.1,68.6,1,17,261,100.0,100.0,95.8,4,20,2,629,0,0,0,629,273,273,0,629,356,0
Sam McCollum,46679,G,MIAMI OH,12,100.0,0,221,68.2,63.4,70.0,4,10,311,100.0,100.0,97.1,2,16,2,628,0,0,0,628,327,327,628,0,301,0
Greg Pyke,12148,G,GEORGIA,11,100.0,2,173,80.0,81.0,77.0,1,7,272,100.0,100.0,98.5,2,8,0,624,0,0,0,624,280,280,624,0,344,0
Tyler McCloskey,12281,TE,HOUSTON,14,67.1,1,182,63.0,71.8,82.5,0,6,120,28.6,29.7,97.5,5,6,0,624,0,0,0,930,129,435,0,0,495,614
Chris Miles,46257,T,N TEXAS,12,100.0,0,251,66.8,65.4,64.9,1,14,340,100.0,100.0,96.9,1,18,3,623,0,0,1,623,355,355,0,621,268,1
Tyrell Smith,19469,T,UMASS,11,100.0,0,216,76.4,62.7,83.1,4,12,369,100.0,100.0,96.2,3,22,6,615,0,82,366,615,387,387,0,0,228,161
Tyler Lassiter,47009,T,TROY,9,100.0,0,318,77.3,85.0,75.3,4,1,343,100.0,100.0,99.3,4,5,0,615,0,231,0,615,356,356,0,383,259,1
Matt Frazier,18906,G,NWESTERN,9,100.0,0,256,75.2,64.8,78.0,1,14,301,100.0,100.0,97.2,2,16,1,615,0,102,0,615,312,312,513,0,303,0
Dave Bowen,18026,T,BOSTON COL,12,100.0,0,121,65.6,55.3,69.5,2,11,242,100.0,100.0,94.8,3,19,6,614,0,0,325,614,259,259,0,268,355,21
Kodi Kieler,45658,T,MICH STATE,11,100.0,0,223,71.6,65.5,70.1,3,16,292,100.0,100.0,96.1,0,21,2,614,0,0,61,614,306,306,0,549,308,4
Skylar Lacy,28955,G,LOUISVILLE,10,100.0,0,210,62.4,53.4,69.4,4,19,338,100.0,100.0,96.3,6,24,1,610,0,250,0,610,352,352,360,0,258,0
Chad Pursley,29897,T,SMU,9,100.0,0,287,83.4,86.2,75.6,4,9,334,100.0,100.0,98.1,1,13,0,608,0,0,602,608,356,356,0,0,252,4
Jordan Dowrey,36905,G,MARSHALL,13,100.0,0,214,80.8,70.2,85.0,1,10,301,100.0,100.0,97.5,3,13,2,606,0,57,0,606,318,318,549,0,288,0
K.C. McDermott,29035,G,MIAMI FL,12,100.0,0,220,61.0,54.3,65.4,9,7,306,100.0,100.0,96.4,6,19,3,606,0,355,141,606,325,325,0,110,281,0
Beau Benzschawel,46801,T,WISCONSIN,8,100.0,0,349,64.3,23.1,81.5,8,24,285,100.0,100.0,93.0,2,36,4,604,0,0,0,604,299,299,156,448,305,0
Jarred Gipson,47082,TE,NEVADA,13,72.2,0,239,77.2,65.2,75.2,2,3,108,32.7,32.9,95.8,1,7,2,604,0,0,0,836,114,346,0,0,490,699
Kolton Miller,47013,T,UCLA,11,100.0,0,324,81.5,69.8,86.2,2,19,337,100.0,100.0,96.6,3,22,1,603,0,0,220,603,357,357,0,370,246,12
Collin Buchanan,12217,T,MIAMI OH,11,100.0,0,221,59.2,61.6,59.8,1,10,308,100.0,100.0,97.6,4,13,2,602,0,0,0,602,325,325,0,601,277,0
Michael Ivory,46099,T,GA STATE,9,100.0,0,175,72.4,68.6,77.8,1,19,350,100.0,100.0,96.0,5,24,4,601,0,0,601,601,375,375,0,0,226,0
Austin Pratt,46043,G,UTSA,11,100.0,2,331,70.1,63.5,72.8,4,7,291,101.0,101.0,97.8,6,12,1,601,366,235,0,601,307,304,0,0,294,0
Zach Hemmila,21706,G,ARIZONA,10,100.0,1,109,58.7,51.3,60.9,6,11,319,100.3,100.3,97.0,3,18,1,600,32,486,0,600,334,333,82,0,266,0
Trey Adams,46310,T,WASHINGTON,10,100.0,0,340,53.3,59.5,56.0,3,18,328,100.0,100.0,95.6,6,25,4,595,0,0,593,595,334,334,0,2,261,0
Kent Perkins,46807,T,TEXAS,10,100.0,2,311,79.2,70.5,79.2,0,12,253,100.0,100.0,96.8,5,14,2,592,0,24,0,592,264,264,148,417,328,3
Roscoe Byrd,17461,G,GA SOUTHRN,10,100.0,0,174,94.9,91.1,92.5,0,0,108,100.0,100.0,100.0,1,0,0,591,0,35,0,591,122,122,556,0,469,0
Nathan Puthoff,46643,C,KENT STATE,12,100.0,0,201,68.8,60.4,68.4,1,12,274,100.0,100.0,97.6,1,13,0,590,374,23,0,590,286,286,192,0,304,0
Nick Plavchak,17870,T,BALL ST,12,100.0,0,117,83.7,79.1,78.3,1,13,301,100.0,100.0,97.7,0,14,0,589,0,0,285,589,315,315,0,304,274,0
Boston Stiverson,11128,G,KANSAS ST,9,100.0,0,199,89.6,82.8,90.2,3,4,276,100.0,100.0,98.7,1,7,0,588,0,588,0,588,296,296,0,0,292,0
Dennis Edwards,46624,G,W KENTUCKY,14,100.0,1,346,76.0,68.4,76.5,0,11,312,100.0,100.0,97.9,3,12,1,588,35,0,0,588,323,323,553,0,265,0
Connor Mayes,46093,G,MINNESOTA,11,100.0,0,225,70.1,67.7,70.4,4,7,297,100.0,100.0,98.1,1,11,0,587,0,0,0,587,308,308,587,0,279,0
Zach Sterup,11346,T,NEBRASKA,9,100.0,0,238,83.9,76.8,85.1,1,9,280,100.0,100.0,97.9,1,11,1,585,0,0,0,585,299,299,306,279,286,0
Salesi Uhatafe,38924,G,UTAH,13,100.0,0,328,74.7,67.5,75.6,3,13,250,100.0,100.0,96.4,1,17,1,585,0,0,0,585,263,263,585,0,322,0
Ian Park,23477,C,NWESTERN,9,100.0,0,256,63.1,54.7,63.7,1,11,255,100.0,100.0,96.5,1,15,3,582,518,64,0,582,266,266,0,0,316,0
Alan Knott,26357,C,S CAROLINA,10,100.0,2,289,81.9,75.9,82.5,0,7,302,100.0,100.0,98.8,3,7,0,581,581,0,0,581,312,312,0,0,269,0
Will Richardson Jr.,46980,T,NC STATE,9,100.0,0,248,70.5,66.7,69.5,1,11,298,100.0,100.0,96.3,1,17,5,581,0,0,0,581,306,306,0,577,275,4
Ben Still,16810,C,OLE MISS,11,99.8,1,226,59.9,51.9,62.5,1,12,338,100.0,100.0,97.2,3,16,3,581,582,0,0,582,352,352,0,0,229,0
Derek Elmendorff,30498,G,UTEP,10,100.0,0,330,68.6,83.5,67.5,1,4,280,100.0,100.0,99.1,1,5,0,580,1,1,0,580,290,290,578,0,290,0
Patrick Vahe,46039,G,TEXAS,10,100.0,1,311,61.9,53.3,64.5,0,14,240,100.0,100.0,96.7,6,15,1,578,0,0,0,578,247,247,578,0,331,0
Kyle McKinney,26995,G,UTSA,10,100.0,1,331,70.9,69.7,72.9,0,9,291,101.0,101.0,97.8,1,11,2,578,0,577,1,578,307,304,0,0,271,0
Bentley Spain,46370,T,N CAROLINA,11,100.0,0,245,66.4,51.8,69.5,6,22,279,100.0,100.0,94.6,0,29,1,577,0,0,575,577,296,296,0,0,281,2
Gerard Kough,46110,G,COLORADO,10,100.0,0,143,59.8,71.4,58.6,2,8,310,100.0,100.0,97.7,4,12,2,573,0,573,0,573,320,320,0,0,253,0
Mike Houghton,30925,G,ARMY,10,100.0,0,114,68.6,56.3,68.2,2,1,96,100.0,100.0,96.4,2,5,2,572,0,99,0,572,101,101,469,4,471,0
Aaron Epps,11363,T,LOUISVILLE,11,100.0,0,210,54.5,42.3,61.9,4,23,314,100.0,100.0,94.7,3,30,3,572,0,0,234,572,326,326,0,331,246,7
Anthony Pruitt,18291,G,KENT STATE,12,100.0,2,201,63.4,53.9,67.1,2,7,270,100.0,100.0,98.0,6,10,1,571,0,0,0,571,281,281,571,0,290,0
J.P. Holtz,11062,TE,PITTSBURGH,13,68.6,1,268,81.6,67.7,82.1,0,3,132,34.6,34.3,96.6,2,6,3,571,0,0,1,832,136,397,0,2,435,664
Errin Joe,17548,T,GA TECH,11,100.0,0,176,65.4,65.2,68.0,1,9,168,100.0,100.0,96.4,5,11,1,569,0,6,17,569,171,171,200,335,398,11
Ziad Damanhoury,29458,G,NEVADA,10,100.0,0,239,75.3,75.7,76.5,1,4,212,100.0,100.0,98.3,2,6,1,568,0,565,0,568,220,220,3,0,348,0
Daniel Brunskill,34807,TE,S DIEGO ST,14,78.6,1,284,88.4,75.9,81.5,0,1,39,20.7,20.5,98.7,1,1,0,568,0,0,1,723,40,195,0,0,528,681
Casey Perry,46025,G,CHARLOTTE,11,100.0,1,136,79.5,57.4,83.8,3,11,256,100.0,100.0,96.9,2,15,1,563,0,563,0,563,260,260,0,0,303,0
Rees Odhiambo,10731,T,BOISE ST,8,100.0,0,120,79.4,78.0,74.7,3,6,304,100.0,100.0,98.2,1,10,1,563,0,0,557,563,315,315,0,0,248,6
Mason Zandi,12047,T,S CAROLINA,9,100.0,0,289,64.3,63.7,67.5,6,14,274,100.0,100.0,95.3,4,23,3,562,0,0,0,562,281,281,0,562,281,0
Chance Hall,37380,T,TENNESSEE,10,100.0,0,307,64.6,75.6,60.7,1,9,237,100.0,100.0,97.0,3,12,2,561,0,0,10,561,245,245,0,551,316,0
Durrell Wood,46665,G,OHIO,10,100.0,0,259,79.3,72.6,80.8,1,8,247,100.0,100.0,98.2,2,9,0,560,0,0,0,560,265,265,560,0,295,0
Walker Williams,24308,G,WISCONSIN,9,100.0,1,349,63.1,51.0,70.2,4,9,285,100.0,100.0,96.3,5,17,4,560,0,11,0,560,299,299,524,25,261,0
Jesse Robinson,46153,G,OKLA STATE,10,100.0,0,262,72.8,77.6,70.7,0,6,340,100.0,100.0,99.1,0,6,0,558,0,41,0,558,350,350,517,0,208,0
Kody Kohl,47142,TE,ARIZONA ST,13,58.7,0,110,68.5,65.6,75.6,0,3,107,21.8,22.2,98.6,3,3,0,558,0,0,2,951,112,505,0,4,446,558
Larry Hughes,46738,T,KANSAS,10,100.0,0,198,65.1,63.3,67.1,6,17,319,100.0,100.0,95.8,4,25,2,558,0,0,0,558,332,332,0,555,226,3
Donnie Ernsberger,47243,TE,W MICHIGAN,13,80.8,0,347,87.5,51.5,85.2,1,4,133,50.8,52.2,97.4,2,6,1,558,0,0,0,691,144,276,0,0,414,553
Giuliano Cattaneo,45549,C,TEXAS ST,9,100.0,0,314,63.6,67.7,62.0,1,10,298,100.0,100.0,97.8,2,12,1,558,558,0,0,558,312,312,0,0,246,0
Kareem Are,18066,G,FLORIDA ST,11,100.0,0,167,77.8,58.5,83.6,4,11,293,100.0,100.0,97.4,2,15,0,557,0,528,0,557,306,306,29,0,251,0
Keaton Sutherland,46035,G,TEXAS A&M,12,100.0,0,312,73.9,71.2,77.0,1,13,295,100.0,100.0,97.6,4,14,0,555,0,555,0,555,309,309,0,0,246,0
Johnathan Boring,22093,T,TROY,9,100.0,1,318,72.2,65.8,73.1,4,13,298,100.3,100.3,97.1,3,17,0,554,0,118,1,554,310,309,18,417,244,0
Jemar Clark,46261,T,ARK STATE,9,100.0,0,113,71.4,60.9,77.1,3,9,228,100.0,100.0,96.1,7,15,3,554,0,0,547,554,237,237,1,3,317,3
Nick Haynes,46016,G,KENTUCKY,12,100.0,1,202,82.4,76.5,84.5,0,9,315,100.0,100.0,98.3,3,10,1,554,0,551,3,554,334,334,0,0,220,0
Idarius Ray,46020,G,CINCINNATI,9,100.0,3,138,64.9,58.8,67.4,2,13,312,100.0,100.0,97.6,7,15,0,552,0,552,0,552,331,331,0,0,221,0
Fabian Hoeller,45587,G,UMASS,12,100.0,0,216,75.6,71.3,77.8,4,4,342,100.0,100.0,98.0,1,11,3,552,0,552,0,552,357,357,0,0,195,0
Stefano Millin,45555,C,KENT STATE,12,100.0,0,201,68.6,73.8,65.3,0,9,280,100.0,100.0,98.0,2,10,1,552,389,1,138,552,292,292,1,23,260,0
Barrett Burns,47334,TE,APP STATE,13,86.1,0,108,64.7,52.4,62.7,0,5,91,52.3,53.4,97.3,2,5,0,550,0,0,18,639,102,191,0,26,448,258
Wyatt Miller,46948,T,UCF,10,100.0,1,323,72.9,56.9,79.9,5,15,302,100.0,100.0,96.4,3,21,1,549,0,0,0,549,319,319,0,538,230,11
D'Aquin Withrow,46293,T,LA LAFAYET,10,100.0,0,207,71.1,76.6,65.8,3,8,261,100.0,100.0,97.5,1,12,1,548,0,0,542,548,273,273,0,6,275,0
O.J. Howard,11774,TE,ALABAMA,15,60.8,1,103,75.8,62.4,80.9,3,2,85,20.2,20.1,97.1,2,5,0,548,0,0,0,901,89,442,0,0,459,587
Ryan Malleck,11247,TE,VA TECH,13,61.2,1,337,64.9,79.2,74.0,0,0,104,24.1,24.3,100.0,3,0,0,548,0,0,1,896,112,460,0,1,436,562
Dieugot Joseph,12172,T,FIU,11,100.0,0,166,65.8,70.4,63.7,3,8,319,100.0,99.7,97.6,4,13,2,547,0,0,547,547,333,334,0,0,214,0
Chris Thomas,23375,T,UTEP,11,100.0,0,330,70.6,79.5,68.0,0,4,274,100.0,100.0,98.9,4,5,1,547,0,0,90,547,286,286,1,426,261,30
Edens Sineace,22753,T,FIU,10,100.0,1,166,57.6,54.3,57.3,2,14,314,100.0,100.0,96.8,4,18,2,547,0,112,302,547,328,328,44,89,219,0
Bryan Chamberlain,17475,T,GA TECH,11,100.0,0,176,75.4,75.8,72.1,2,4,150,100.0,100.0,98.0,1,6,0,545,0,0,459,545,157,157,0,58,388,28
Jamie Collmar,23992,G,APP STATE,12,100.0,0,108,89.9,83.6,89.1,1,3,183,100.0,100.0,98.9,1,4,0,542,0,26,0,542,197,197,516,0,345,0
Martez Ivey,46178,G,FLORIDA,12,100.0,0,163,65.3,63.4,67.8,3,11,305,100.0,100.0,97.0,3,16,2,542,0,474,66,542,312,312,0,0,230,2
Tyler Hudanick,46067,G,UCF,10,100.0,0,323,72.1,61.6,80.1,3,6,307,100.0,100.0,97.6,6,12,3,541,0,511,0,541,325,325,23,7,216,0
Desroy Maxwell,16640,TE,N ILLINOIS,14,71.6,1,254,64.8,67.3,68.5,1,0,109,34.9,33.9,97.7,6,3,2,541,0,0,0,756,109,322,0,0,432,623
Robert Craighead,39299,G,S DIEGO ST,14,99.3,1,284,79.5,69.3,81.7,2,8,180,97.8,97.9,97.2,3,10,0,541,0,0,0,545,185,189,488,19,356,38
Fred Lauina,46092,G,OREGON ST,11,100.0,1,265,65.1,65.4,68.3,3,12,263,100.0,100.0,97.1,4,15,0,539,0,445,0,539,277,277,94,0,262,0
Rick Kurz,47146,T,ARMY,11,100.0,0,114,79.6,71.2,78.9,0,1,89,100.0,100.0,98.3,3,2,1,539,0,4,453,539,94,94,0,73,445,9
Alex Norton,46776,C,AIR FORCE,10,100.0,0,101,59.6,51.8,59.8,0,5,110,100.0,100.0,97.7,3,5,0,538,535,0,0,538,114,114,3,0,424,0
Tony Morales,45597,G,TEXAS TECH,9,100.0,1,315,65.6,69.2,74.5,3,13,348,100.3,100.3,97.1,9,18,2,537,19,6,0,537,364,363,512,0,173,0
Hunter Henry,10669,TE,ARKANSAS,13,62.1,0,111,92.4,76.9,82.0,0,1,75,19.0,19.3,99.3,7,1,0,536,0,0,4,863,78,405,0,4,458,664
Josh Chester,38088,C,MIDDLE TN,10,100.0,0,224,77.4,71.0,79.0,3,6,283,100.0,100.0,98.4,2,9,0,536,456,80,0,536,296,296,0,0,240,0
Kaleb McGary,46912,T,WASHINGTON,11,100.0,0,340,69.4,57.0,73.1,0,20,273,100.0,100.0,95.6,2,22,2,536,0,0,0,536,281,281,0,528,255,8
Damian Prince,46897,T,MARYLAND,9,100.0,0,215,63.5,64.5,65.3,3,12,282,100.0,100.0,95.9,5,19,4,535,0,0,0,535,296,296,0,531,239,4
K.D. Cannon,12241,WR,BAYLOR,13,58.9,0,118,68.5,,64.4,0,0,0,0.0,0.0,,5,0,0,535,0,0,0,908,0,372,0,0,535,0
Caleb Williams,19140,T,RICE,8,100.0,0,275,84.7,81.4,83.2,0,4,253,100.0,100.0,98.4,3,6,2,535,0,0,0,535,267,267,0,535,268,0
Chad Mavety,18042,G,FLORIDA ST,9,100.0,0,167,74.7,59.3,80.7,5,6,276,100.0,100.0,97.6,4,12,1,533,0,322,0,533,291,291,13,198,242,0
Matt Pryor,46647,G,TCU,11,100.0,0,305,67.1,68.5,63.8,2,11,274,100.0,100.0,96.9,1,15,2,532,0,84,0,532,294,294,136,311,238,0
Rufus Warren,18813,T,MISS STATE,11,100.0,0,227,56.6,49.1,59.9,2,21,322,100.0,100.0,94.9,2,28,5,532,0,0,532,532,331,331,0,0,201,0
Jalen Schlachter,17731,G,BALL ST,8,100.0,0,117,84.6,85.4,85.6,1,5,288,100.0,100.0,99.0,2,6,0,532,0,267,0,532,310,310,265,0,222,0
Shane Mertz,18692,G,NWESTERN,9,100.0,0,256,73.9,59.8,76.7,3,10,198,100.0,100.0,96.7,2,13,0,530,0,87,0,530,203,203,443,0,327,0
Tyler Jones,46378,T,NC STATE,11,100.0,1,248,67.5,65.7,66.4,5,14,255,100.0,100.0,95.1,2,22,3,529,0,99,78,529,262,262,0,346,267,6
Tyler Moore,37039,C,MINNESOTA,8,100.0,1,225,63.9,75.4,61.1,2,3,277,100.0,100.0,98.7,6,6,1,528,528,0,0,528,293,293,0,0,235,0
Kian Schoenborn,30156,G,TEXAS ST,11,100.0,1,314,72.8,77.4,75.0,0,6,260,100.0,100.0,98.5,5,7,1,527,0,250,0,527,271,271,277,0,256,0
Jarred Barr,12470,G,CHARLOTTE,12,100.0,0,136,75.1,81.7,71.2,2,2,261,100.0,100.0,99.2,0,4,0,526,205,279,0,526,269,269,42,0,257,0
Martesse Patterson,46304,T,PURDUE,12,100.0,0,273,61.0,62.6,63.7,5,12,306,100.0,100.0,96.9,4,18,1,526,0,0,92,526,318,318,41,381,208,12
Sam Kronshage,46886,T,COLORADO,11,100.0,1,143,57.4,46.1,64.0,6,18,275,100.0,100.0,94.9,3,26,2,524,0,0,244,524,286,286,0,275,238,4
Henry Krieger-Coble,11020,TE,IOWA,14,60.6,0,192,66.8,69.8,72.8,0,3,73,18.4,19.0,96.6,4,4,1,524,0,0,0,865,80,421,0,0,444,649
Javon Patterson,46040,G,OLE MISS,12,100.0,0,226,64.2,55.7,67.2,3,13,294,100.0,100.0,96.9,2,17,1,523,0,447,0,523,306,306,76,0,217,0
Alan Cross,10931,TE,MEMPHIS,13,64.2,0,218,79.3,69.6,88.1,0,3,111,27.9,28.0,98.6,3,3,0,522,0,0,2,813,114,407,0,3,408,422
Keaton Baggs,46937,T,LA MONROE,13,100.0,0,209,42.8,25.4,58.6,10,21,288,100.0,100.0,91.8,5,39,8,521,0,0,0,521,296,296,1,518,225,2
Hiva Lutui,21594,G,UTAH,12,100.0,0,328,65.6,59.2,65.9,0,13,220,100.0,100.0,96.6,1,14,1,520,144,0,0,520,238,238,376,0,282,0
Bryan Peters,20075,G,KANSAS,10,100.0,0,198,59.8,57.2,59.4,4,7,294,100.0,100.0,96.8,1,15,4,520,0,517,0,520,302,302,3,0,218,0
Freddie Tagaloa,12342,G,ARIZONA,8,100.0,0,109,67.4,59.5,75.1,3,7,262,100.0,100.0,97.3,6,12,2,516,0,318,198,516,274,274,0,0,242,0
Keyarris Garrett,11008,WR,TULSA,13,46.5,0,320,79.9,,61.1,0,0,0,0.0,0.0,,3,0,0,512,0,0,0,1101,0,589,0,0,512,0
Braylon Hyder,46739,G,SMU,11,100.0,0,287,60.5,67.2,61.8,2,10,274,100.0,100.0,97.1,3,14,2,511,7,502,0,511,296,296,2,0,215,0
Emeka Okafor,17096,T,TEXAS TECH,9,100.0,0,315,58.3,39.8,71.9,3,29,309,100.0,100.0,93.5,2,36,4,510,0,29,5,510,322,322,0,475,188,0
Nate Crawford,29090,T,MISSOURI,11,100.0,0,229,67.1,62.7,67.8,4,11,287,100.0,100.0,97.0,1,16,1,509,0,225,0,509,301,301,0,284,208,0
Sean Rawlings,47022,T,OLE MISS,10,100.0,0,226,77.6,75.4,74.1,1,9,296,100.0,100.0,98.3,0,10,0,509,3,0,0,509,312,312,0,506,197,0
Benny McGowan,45553,G,MICH STATE,14,100.0,0,223,75.8,58.0,78.7,5,8,232,100.0,100.0,96.3,1,15,2,508,86,190,0,508,245,245,230,2,263,0
Jay Robertson,46072,G,TENNESSEE,10,100.0,0,307,68.0,83.8,64.3,1,4,216,100.0,100.0,98.4,1,6,1,508,0,484,0,508,222,222,24,0,286,0
C.J. Struyk,17961,C,E CAROLINA,9,100.0,0,156,73.0,75.6,69.7,2,5,317,100.0,100.0,98.9,2,7,0,506,506,0,0,506,330,330,0,0,176,0
Aaron Morris,16958,G,OLE MISS,13,100.0,1,226,58.4,19.6,75.3,7,10,280,100.0,100.0,96.6,7,18,1,504,0,502,1,504,299,299,1,0,205,0
Khaliel Rodgers,45201,C,USC,10,100.0,1,326,66.4,72.4,63.4,1,5,232,100.4,100.4,98.7,3,6,0,504,500,0,0,504,241,240,4,0,263,0
Karson Roberts,17721,QB,AIR FORCE,14,59.7,0,101,61.9,,60.0,0,0,0,0.0,0.0,,2,0,0,504,0,0,0,844,0,164,0,0,504,0
Jack English,46367,T,VIRGINIA,9,99.8,0,335,70.1,75.2,67.5,1,12,262,99.6,99.6,96.8,2,15,2,503,0,0,498,504,275,276,0,0,228,5
Nick Byrne,47144,TE,LA LAFAYET,12,61.1,0,207,52.3,70.2,66.2,0,3,104,25.7,25.2,98.6,1,3,0,502,0,0,0,822,108,428,0,0,394,530
Dillon Guy,14222,G,BUFFALO,8,100.0,0,126,70.6,77.5,71.5,2,3,254,100.0,100.0,98.6,3,6,1,502,0,398,0,502,269,269,104,0,233,0
Marcel Lazard,46943,T,W VIRGINIA,10,100.0,1,343,75.6,64.4,79.3,0,9,218,100.0,100.0,96.6,5,12,3,501,0,0,0,501,228,228,0,501,273,0
Nick Vannett,10728,TE,OHIO STATE,13,69.0,0,260,67.5,56.8,80.0,1,2,76,25.9,26.3,96.7,2,4,1,499,0,0,0,723,80,304,0,1,419,470
Jordan Leggett,11905,TE,CLEMSON,15,54.4,0,140,71.8,73.5,65.1,0,0,60,13.1,13.5,98.3,0,1,1,499,0,0,1,917,65,483,0,0,434,318
Jerico Richardson,47944,WR,NEVADA,13,56.7,0,239,75.4,,64.4,0,0,0,0.0,0.0,,1,0,0,497,0,0,0,877,0,378,0,0,497,4
Evan Baylis,23652,TE,OREGON,13,61.9,0,264,65.5,65.9,83.2,0,2,43,12.8,12.9,95.3,2,3,1,494,0,0,1,798,45,349,0,3,449,505
Kelvin White,20028,TE,ARMY,12,91.8,0,114,74.4,85.6,77.0,0,0,28,41.8,39.7,100.0,3,0,0,494,0,0,101,538,29,73,0,110,465,135
Jordan Sims,46805,G,OLE MISS,12,100.0,0,226,64.2,55.8,68.1,4,5,246,100.0,100.0,97.4,3,11,2,493,0,39,0,493,258,258,447,0,235,7
Tony Matteo,46120,G,W VIRGINIA,12,100.0,1,343,78.8,77.3,80.4,1,4,224,100.0,100.0,98.9,4,5,0,493,0,255,0,493,238,238,238,0,255,0
Jay Lee,11136,WR,BAYLOR,13,55.2,1,118,64.3,,67.7,0,0,0,0.0,0.0,,3,0,0,490,0,0,0,888,0,397,0,0,490,1
Nate Sudfeld,10821,QB,INDIANA,12,49.9,0,190,81.4,,60.0,0,0,0,0.0,0.0,,1,0,0,489,0,0,0,980,0,455,0,0,489,0
Kyle Meadows,47025,T,KENTUCKY,11,100.0,1,202,61.3,55.0,67.2,5,11,278,100.0,100.0,95.3,5,21,5,489,0,0,48,489,294,294,0,441,195,0
Reece White,18805,TE,NEW MEXICO,13,75.2,0,241,77.8,65.6,83.2,0,1,49,23.9,26.1,99.0,2,1,0,488,0,0,0,649,57,218,0,1,431,248
Jacob Bragg,46168,G,KANSAS,10,100.0,0,198,65.9,58.8,66.3,2,8,288,100.0,100.0,97.2,2,13,3,488,0,337,0,488,300,300,151,0,188,0
Sean Irwin,47260,TE,COLORADO,13,65.2,0,143,63.6,75.1,74.7,0,3,86,25.4,25.7,98.3,6,3,0,487,0,0,15,747,90,350,0,5,397,562
David Morgan,10822,TE,UTSA,12,57.5,0,331,92.5,75.2,85.0,0,2,73,17.6,17.7,98.6,9,2,0,486,0,0,2,845,77,434,0,1,409,485
Connor Mahoney,46127,G,NWESTERN,12,99.6,0,256,73.9,78.2,72.2,2,4,165,98.8,98.8,98.2,0,6,0,484,0,452,0,486,167,169,1,0,317,33
Michael Cooper,11034,TE,INDIANA,13,77.3,0,190,84.8,63.1,83.4,1,7,101,42.1,42.5,96.0,3,8,0,483,0,0,0,625,105,247,0,0,378,464
Oliver Bates,46063,G,SO MISS,14,100.0,0,296,71.9,57.5,76.6,3,3,227,100.0,100.0,97.8,6,8,2,482,0,39,0,482,246,246,443,0,236,0
Jacob Vazquez,23403,C,FRESNO ST,10,100.0,1,169,66.3,69.3,64.1,6,7,255,100.0,100.0,97.1,2,14,1,482,306,1,0,482,268,268,175,0,214,0
Foster Bush,16430,T,MINNESOTA,11,100.0,0,225,67.5,62.4,68.5,2,9,262,100.0,100.0,97.5,1,12,1,481,0,39,329,481,275,275,54,59,206,0
Kenny Golladay,11851,WR,N ILLINOIS,14,50.8,0,254,78.4,,73.7,0,0,0,0.0,0.0,,1,0,0,480,0,0,0,944,0,455,0,0,480,0
Ricky Jeune,47781,WR,GA TECH,12,70.8,0,176,76.1,78.0,73.8,0,0,7,3.5,3.4,100.0,0,0,0,480,0,0,3,678,7,205,0,21,473,3
Darius Garcia,46891,T,DOMINION,10,100.0,0,263,62.9,64.5,60.4,1,12,233,100.0,100.0,95.1,1,18,5,478,0,0,182,478,244,244,0,296,234,0
Joe Manley,20833,G,W KENTUCKY,14,100.0,2,346,64.8,63.0,63.7,3,12,272,100.0,100.0,97.2,4,15,0,478,0,1,0,478,282,282,477,0,196,0
Dane Evans,46560,QB,TULSA,13,43.1,0,320,85.7,,60.0,0,0,0,0.0,0.0,,1,0,0,477,0,0,0,1106,0,597,0,0,477,0
Jake Coker,10951,QB,ALABAMA,15,48.8,0,103,77.2,,60.0,0,0,0,0.0,0.0,,2,0,0,477,0,0,0,977,0,470,0,0,477,0
Jon Christenson,16647,G,MINNESOTA,10,100.0,0,225,78.4,69.6,81.7,1,8,250,100.0,100.0,98.2,2,9,0,476,0,476,0,476,264,264,0,0,212,0
Alex Gall,45603,G,MIAMI FL,9,100.0,0,220,61.7,59.7,65.7,3,13,269,100.0,100.0,96.7,4,17,1,476,19,448,0,476,281,281,9,0,195,0
Mason Denley,46032,G,HOUSTON,9,100.0,1,182,68.5,55.9,71.8,0,15,234,100.0,100.0,96.4,2,16,1,475,0,475,0,475,244,244,0,0,231,0
Shamire Devine,39465,G,GA TECH,10,100.0,0,176,74.2,77.8,72.0,0,2,118,100.0,100.0,99.2,0,2,0,474,0,0,0,474,123,123,474,0,351,0
Brad North,29604,C,NWESTERN,10,100.0,0,256,71.3,67.3,70.7,1,6,179,100.0,100.0,97.5,3,8,1,473,409,64,0,473,182,182,0,0,291,0
Hasaan Henderson,48001,WR,NEVADA,13,56.8,0,239,73.2,64.8,64.7,0,0,1,0.3,0.3,100.0,2,0,0,472,0,0,0,831,1,360,0,0,471,13
Garrett Griffin,11439,TE,AIR FORCE,9,83.2,0,101,84.8,80.6,87.7,0,0,17,15.6,15.9,100.0,0,0,0,472,0,0,64,567,18,113,0,52,454,174
Sean Harlow,11891,T,OREGON ST,7,100.0,1,265,82.4,76.9,87.1,0,7,209,100.0,100.0,96.4,6,11,4,472,0,0,467,472,220,220,0,0,252,5
Derek Keaton,11339,WR,GA SOUTHRN,13,78.7,1,174,49.3,,63.6,0,0,0,0.0,0.0,,1,0,0,472,0,0,0,600,0,127,0,0,472,0
Ben Wysocki,19481,G,UTAH ST,13,100.0,0,329,63.3,50.1,66.9,2,16,239,100.0,100.0,95.8,1,19,1,472,0,210,204,472,248,248,0,6,224,52
Nathan Shienle,21886,C,TULANE,10,100.0,1,319,67.2,72.1,63.3,2,8,268,100.0,100.0,97.4,1,12,2,471,383,88,0,471,279,279,0,0,192,0
Kevin Hogan,10796,QB,STANFORD,14,52.6,0,300,79.2,,61.3,0,0,0,0.0,0.0,,2,0,0,471,0,0,0,896,0,372,0,0,471,0
Colin Jeter,12126,TE,LSU,12,75.7,0,211,65.3,54.3,71.3,2,1,55,27.9,29.8,95.5,2,4,1,471,0,0,12,622,64,215,0,0,407,539
Maxwell Smith,18474,QB,S DIEGO ST,12,65.4,0,284,74.5,,60.0,0,0,0,0.0,0.0,,1,0,0,470,0,0,0,719,0,237,0,0,470,0
Dan Voltz,38564,C,WISCONSIN,7,100.0,0,349,69.2,68.6,67.0,2,6,244,100.0,100.0,98.0,3,9,1,467,467,0,0,467,255,255,0,0,212,0
Jamir Tillman,48091,WR,NAVY,13,79.3,1,237,83.6,76.2,83.3,0,0,7,5.8,5.5,100.0,3,0,0,466,0,0,10,588,7,127,0,6,459,1
ArDarius Stewart,11834,WR,ALABAMA,15,48.9,0,103,71.1,,81.1,0,0,0,0.0,0.0,,4,0,0,465,0,0,0,950,0,482,0,0,465,6
Luke Lawrence,22030,G,TROY,10,100.0,0,318,56.7,71.0,47.7,1,6,265,100.4,100.4,98.3,1,8,1,464,58,350,0,464,278,277,56,0,186,0
Mitch Palmer,45574,C,MIAMI OH,9,100.0,0,221,65.4,62.3,71.5,4,8,226,100.0,100.0,97.3,4,12,0,462,452,4,0,462,237,237,6,0,225,0
Corey Coleman,10649,WR,BAYLOR,12,54.3,0,118,90.0,61.1,66.9,0,0,1,0.3,0.3,100.0,3,0,0,461,0,0,0,849,1,367,0,0,460,0
Geoff Mogus,18912,T,NWESTERN,8,100.0,0,256,69.9,65.8,68.6,3,9,210,100.0,100.0,97.1,2,12,0,460,0,180,280,460,220,220,0,0,240,0
Kai Absheer,46052,G,FIU,9,100.0,1,166,59.8,35.3,65.3,3,16,272,100.0,100.0,95.4,1,22,3,459,0,141,0,459,283,283,314,4,176,0
Nate Becker,29141,TE,MIAMI OH,12,84.8,0,221,62.0,55.1,67.9,1,6,154,66.4,66.4,95.8,3,10,3,459,0,0,0,541,162,244,0,0,297,498
Larry Mazyck,19788,T,KANSAS,8,100.0,1,198,76.3,77.8,80.7,1,7,270,100.0,100.0,98.5,5,8,0,458,0,67,28,458,280,280,0,359,178,4
Blake Fromang,37961,T,VANDERBILT,12,100.0,2,333,67.7,57.3,72.4,1,17,229,100.0,100.0,95.6,4,19,1,457,0,0,14,457,235,235,0,443,222,0
Elgton Jenkins,46298,T,MISS STATE,11,100.0,0,227,73.1,64.9,77.9,2,10,258,100.0,100.0,97.3,3,13,1,457,0,0,287,457,264,264,0,169,193,1
Derek Dowrey,46612,G,PENN STATE,13,100.0,0,266,71.7,64.7,73.0,2,4,220,100.0,100.0,97.7,2,8,2,457,0,388,0,457,230,230,63,0,227,0
Jamal Covington,46197,T,CHARLOTTE,8,100.0,1,136,83.1,84.2,78.4,0,6,222,100.0,100.0,98.2,2,7,1,456,0,0,452,456,227,227,0,0,229,0
Yodny Cajuste,46297,T,W VIRGINIA,7,100.0,1,343,57.7,64.9,57.9,2,9,221,100.0,100.0,96.2,4,14,3,454,0,0,430,454,235,235,0,0,219,24
Taylor Lamb,46422,QB,APP STATE,13,53.5,0,108,73.6,,60.0,0,0,0,0.0,0.0,,4,0,0,453,0,0,0,846,0,336,0,0,453,0
Andrew Nelson,45323,T,PENN STATE,9,100.0,1,266,54.6,48.9,68.9,4,21,273,100.0,100.0,94.3,7,28,3,453,0,0,85,453,287,287,1,360,166,7
Tyler Stewart,46474,QB,NEVADA,13,49.5,0,239,76.0,,60.1,0,0,0,0.0,0.0,,2,0,0,452,0,0,0,914,0,384,0,0,452,0
Chance Allen,47789,WR,HOUSTON,14,50.2,0,182,67.6,,63.5,0,0,0,0.0,0.0,,2,0,0,452,0,0,0,901,0,449,0,0,452,0
Calvin Ridley,48262,WR,ALABAMA,15,50.2,1,103,78.6,,70.7,0,0,0,0.0,0.0,,4,0,0,450,0,0,0,896,0,445,0,0,450,5
AJ Addison,31940,T,MARSHALL,11,100.0,0,214,53.0,53.5,59.7,2,14,217,100.0,100.0,95.9,6,17,1,450,0,0,0,450,225,225,0,450,225,0
Darrell Greene,11072,G,S DIEGO ST,7,100.0,0,284,95.9,85.2,94.3,0,1,118,100.0,100.0,99.6,0,1,0,450,0,0,0,450,121,121,450,0,329,0
Jacob Bailey,46086,G,INDIANA,7,100.0,0,190,86.6,84.5,87.3,1,3,204,100.0,100.0,99.0,1,4,0,448,0,436,0,448,210,210,12,0,238,0
Kyle Ritz,46690,T,AKRON,11,100.0,0,102,65.9,43.3,77.1,4,11,176,100.0,100.0,95.2,2,16,1,446,0,0,153,446,187,187,8,285,259,0
Max McCaffrey,11357,WR,DUKE,13,44.6,0,154,60.8,,51.1,0,0,0,0.0,0.0,,0,0,0,444,0,0,0,995,0,551,0,0,444,0
Holden Huff,16767,TE,BOISE ST,13,70.7,0,120,69.1,55.8,76.0,4,1,84,31.9,32.0,95.8,2,6,1,441,0,0,9,624,86,269,0,12,355,521
Paul Lewis,23667,G,OKLA STATE,9,100.0,0,262,56.8,63.9,54.7,3,2,247,100.0,100.0,98.6,6,6,1,441,0,1,0,441,259,259,440,0,182,0
Brian Farley,18074,T,CAL,9,100.0,0,130,60.2,60.2,62.0,3,15,242,100.0,100.0,95.5,1,20,2,441,0,0,395,441,255,255,0,27,186,19
Rodney Adams,11925,WR,USF,13,56.0,0,327,70.7,63.4,64.9,0,0,1,0.3,0.3,100.0,3,0,0,441,0,0,0,787,1,336,0,0,440,1
Junior Diaz,26655,C,TULANE,12,100.0,0,319,83.8,81.1,80.6,1,3,223,100.0,100.0,98.2,0,6,2,440,432,0,0,440,227,227,0,0,213,0
Derek Lee,20883,TE,BOWL GREEN,14,73.4,0,122,68.9,62.0,70.8,0,4,121,44.0,45.0,97.5,3,5,1,439,0,0,2,598,130,289,0,3,309,397
Brandon Allen,10835,QB,ARKANSAS,13,49.6,0,111,90.0,,60.1,0,0,0,0.0,0.0,,5,0,0,438,0,0,0,883,0,417,0,0,438,0
Deante Burton,47970,WR,KANSAS ST,13,50.8,0,199,63.4,,71.8,0,0,0,0.0,0.0,,1,0,0,438,0,0,0,863,0,425,0,0,438,8
Cody Clay,19861,TE,W VIRGINIA,13,82.6,0,343,68.9,82.4,71.3,1,0,125,58.7,59.3,99.6,1,1,0,437,0,0,0,529,134,226,0,0,303,382
Jacobi Owens,45647,HB,AIR FORCE,14,63.2,0,101,68.1,69.5,64.6,0,2,56,54.9,54.7,98.2,0,2,0,437,0,0,0,692,58,106,0,0,379,126
Phillip Ely,19653,QB,TOLEDO,12,48.7,0,316,79.5,,60.1,0,0,0,0.0,0.0,,4,0,0,436,0,0,0,895,0,442,0,0,436,0
Ricky Jones,48295,WR,INDIANA,13,50.1,0,190,72.4,,64.3,0,0,0,0.0,0.0,,3,0,0,435,0,0,0,869,0,432,0,0,435,0
Maverick Morris,34741,G,CLEMSON,13,100.0,0,140,72.6,72.7,72.5,1,7,207,100.0,100.0,98.1,1,8,0,435,0,4,0,435,216,216,425,6,219,0
Dylan Vail,25144,C,AIR FORCE,9,100.0,0,101,75.3,59.9,73.7,1,0,67,100.0,100.0,99.3,1,1,0,435,435,0,0,435,71,71,0,0,364,0
Nate Wozniak,44891,TE,MINNESOTA,13,68.1,0,225,55.7,60.6,69.8,0,7,90,31.6,31.6,95.0,5,8,1,434,0,0,2,637,94,297,0,3,340,517
Beau Nunn,46851,T,APP STATE,7,100.0,0,108,87.0,85.1,84.2,1,4,151,100.0,100.0,98.3,5,5,0,434,0,0,27,434,163,163,0,394,271,13
Cody Kessler,10727,QB,USC,14,44.1,0,326,85.3,,60.0,0,0,0,0.0,0.0,,2,0,0,433,0,0,0,982,0,530,0,0,433,0
Simmie Cobbs,28580,WR,INDIANA,13,49.7,3,190,74.3,,77.4,0,0,0,0.0,0.0,,3,0,0,433,0,0,0,872,0,439,0,0,433,0
Wolfgang Zacherl,46018,G,CHARLOTTE,10,100.0,0,136,52.7,31.4,58.8,5,7,209,100.0,100.0,95.2,3,16,4,433,0,74,0,433,214,214,225,134,219,0
Chris Miller,39308,G,FIU,8,100.0,0,166,61.5,51.0,61.2,1,16,249,100.0,100.0,96.6,1,17,0,430,0,430,0,430,257,257,0,0,173,0
Wyatt Houston,12136,TE,UTAH ST,13,60.6,1,329,67.5,68.0,79.0,1,2,85,23.9,24.5,98.2,3,3,0,430,0,0,8,710,91,371,0,4,339,409
Colin Thompson,12239,TE,TEMPLE,14,75.0,0,306,58.7,65.8,64.9,0,2,71,35.0,35.6,98.6,2,2,0,429,0,0,0,572,79,222,0,0,350,544
Chad West,38471,G,CINCINNATI,12,100.0,0,138,83.5,80.9,80.5,0,5,214,100.0,100.0,98.8,0,5,0,428,0,0,23,428,234,234,311,94,194,0
Melvin Ray,17875,WR,AUBURN,13,61.7,0,115,60.3,79.7,75.5,0,0,8,3.0,2.9,100.0,0,0,0,427,0,0,8,692,8,273,0,0,419,3
Brandon Harris,46538,QB,LSU,12,53.3,0,211,72.5,,60.2,0,0,0,0.0,0.0,,4,0,0,427,0,0,0,801,0,329,0,0,427,2
Jeff Ward,37835,TE,GA SOUTHRN,13,98.8,0,174,89.9,77.4,86.1,0,1,58,92.1,92.8,99.1,1,1,0,427,0,0,0,432,64,69,0,3,363,254
C.J. Beathard,11859,QB,IOWA,14,45.4,0,192,78.1,,60.0,0,0,0,0.0,0.0,,5,0,0,426,0,0,0,938,0,463,0,0,426,0
Keith Heitzman,18588,TE,OHIO,13,58.1,1,259,64.7,49.2,80.6,0,2,49,14.5,15.2,98.0,8,2,0,426,0,0,0,733,55,362,0,0,371,243
Mandel Dixon,11444,TE,TULSA,11,87.4,0,320,77.2,57.4,82.9,1,7,119,66.5,67.6,96.6,1,8,0,425,0,0,5,486,127,188,0,5,298,161
Demond Brown,18842,TE,NAVY,13,79.3,0,237,78.6,73.9,75.1,0,0,17,18.5,21.0,100.0,1,0,0,425,0,0,0,536,21,100,0,0,404,346
Deontae Crumitie,36779,G,TROY,11,100.0,0,318,62.1,64.8,61.8,1,2,227,100.4,100.4,97.6,2,7,4,424,0,0,1,424,237,236,410,0,187,7
Darius Johnson,11304,T,MIDDLE TN,6,100.0,0,224,74.9,82.9,65.2,2,7,244,100.0,100.0,97.3,0,11,2,424,0,0,423,424,248,248,0,0,176,0
Kenneth Scott,16622,WR,UTAH,13,50.5,2,328,66.8,,69.0,0,0,0,0.0,0.0,,5,0,0,423,0,0,0,837,0,414,0,0,423,2
Chauncey Briggs,46940,T,SMU,8,100.0,2,287,55.3,49.1,60.9,1,15,190,100.0,100.0,94.7,6,18,2,423,0,112,294,423,204,204,1,15,219,1
Antonio Riles,12724,G,FLORIDA,10,100.0,0,163,72.4,66.7,73.4,0,11,231,100.0,100.0,96.8,0,13,2,422,0,46,0,422,241,241,374,2,181,0
Nick Stevens,46468,QB,COLO STATE,13,49.6,0,144,74.3,,60.2,0,0,0,0.0,0.0,,0,0,0,421,0,0,0,848,0,395,0,0,421,0
Micah St. Andrew,46782,G,FRESNO ST,9,100.0,0,169,67.3,59.6,68.4,2,7,204,100.0,100.0,96.3,0,12,3,421,0,1,0,421,214,214,420,0,207,0
Josh Atkinson,48293,WR,TULSA,13,44.3,0,320,71.8,,60.2,0,0,0,0.0,0.0,,0,0,0,420,0,0,0,948,0,528,0,0,420,1
Clayton Thorson,46501,QB,NWESTERN,13,49.7,0,256,54.2,,60.1,0,0,0,0.0,0.0,,1,0,0,418,0,0,0,841,0,347,0,0,418,0
Cole Cook,47097,TE,NC STATE,13,82.4,0,248,75.3,67.2,79.2,0,4,84,48.8,49.1,97.6,1,4,0,417,0,0,4,506,86,175,0,6,331,464
Roubbens Joseph,46330,G,BUFFALO,8,100.0,1,126,70.6,72.0,72.3,2,6,223,100.0,100.0,97.8,3,9,1,416,0,0,0,416,237,237,416,0,179,0
Kaden Jackson,46644,G,WYOMING,12,100.0,1,351,65.0,69.8,66.4,3,5,212,100.0,100.0,97.6,3,9,1,415,0,0,0,415,228,228,415,0,187,0
Vinnie Palazeti,22487,G,BALL ST,7,100.0,1,117,65.6,77.7,62.6,0,5,206,100.0,100.0,98.8,1,5,0,414,1,222,0,414,213,213,191,0,201,0
John De La Rosa,46654,T,UTEP,8,100.0,0,330,75.4,75.1,70.9,1,2,201,100.0,100.0,99.3,0,3,0,414,0,0,7,414,207,207,0,370,207,37
Nick Mullens,12282,QB,SO MISS,14,40.7,0,296,91.1,,60.0,0,0,0,0.0,0.0,,5,0,0,414,0,0,0,1017,0,583,0,0,414,0
De'Marcus Ayers,10863,WR,HOUSTON,14,46.1,1,182,88.5,65.5,72.4,0,0,1,0.2,0.2,100.0,2,0,0,413,0,0,0,896,1,460,0,0,412,1
Paul Lang,11442,TE,MICH STATE,14,81.6,0,223,77.0,80.3,68.5,0,0,52,36.9,35.9,100.0,0,0,0,413,0,0,2,506,52,145,0,4,361,350
Steven Dunbar Jr.,48275,WR,HOUSTON,13,53.9,0,182,55.1,,62.3,0,0,0,0.0,0.0,,2,0,0,412,0,0,0,765,0,353,0,0,412,0
Andrew Kirkland,46309,T,WASHINGTON,8,100.0,0,340,59.3,60.7,56.2,1,9,187,100.0,100.0,95.7,2,13,3,412,0,0,155,412,193,193,0,257,219,0
Leon Johnson,46874,T,TEMPLE,12,100.0,0,306,56.7,48.3,61.2,2,6,186,100.0,100.0,96.8,3,10,2,411,0,0,3,411,200,200,0,408,211,0
Joel Stave,10985,QB,WISCONSIN,13,48.8,0,349,82.6,,60.7,0,0,0,0.0,0.0,,2,0,0,410,0,0,0,840,0,421,0,0,410,0
Dalton Schultz,47304,TE,STANFORD,14,77.1,0,300,72.2,79.0,74.9,0,1,43,27.9,26.9,98.8,0,1,0,410,0,0,5,532,45,167,0,6,365,453
Troy Boyland,19791,G,WYOMING,11,100.0,0,351,74.5,84.3,71.5,0,2,157,100.0,100.0,99.4,1,2,0,410,0,0,0,410,163,163,410,0,247,0
Keenan Reynolds,10816,QB,NAVY,13,50.4,1,237,77.7,,60.0,0,0,0,0.0,0.0,,6,0,0,410,0,0,0,813,0,143,0,0,410,0
Mike Bercovici,10986,QB,ARIZONA ST,13,37.8,0,110,75.8,,60.0,0,0,0,0.0,0.0,,3,0,0,409,0,0,0,1081,0,606,0,0,409,0
P.J. Walker,12134,QB,TEMPLE,14,41.9,0,306,69.6,,60.0,0,0,0,0.0,0.0,,3,0,0,409,0,0,0,976,0,520,0,0,409,0
Laremy Tunsil,10647,T,OLE MISS,6,99.8,0,226,91.1,83.7,90.6,0,5,224,100.0,100.0,98.9,4,5,0,407,0,0,407,408,235,235,0,0,172,1
D.J. Thompson,13313,WR,SO MISS,14,41.7,0,296,62.9,,66.1,0,0,0,0.0,0.0,,2,0,0,406,0,0,0,974,0,568,0,0,406,6
Austin Schlottmann,30097,C,TCU,7,100.0,0,305,71.7,69.8,69.3,1,7,185,100.0,100.0,97.3,0,9,1,404,309,0,0,404,198,198,95,0,206,0
Connor Cook,10734,QB,MICH STATE,13,44.6,0,223,83.8,,60.6,0,0,0,0.0,0.0,,3,0,0,404,0,0,0,905,0,466,0,0,404,0
Chase Regian,26427,T,LA MONROE,9,100.0,0,209,61.1,58.5,64.1,1,11,273,100.0,100.0,96.0,2,17,5,404,0,0,0,404,280,280,0,404,124,0
Skyler Howard,12262,QB,W VIRGINIA,13,40.4,0,343,72.0,,60.0,0,0,0,0.0,0.0,,2,0,0,403,0,0,0,998,0,497,0,0,403,0
Alec Eberle,28392,C,FLORIDA ST,8,100.0,0,167,70.3,63.5,75.6,6,6,216,100.0,100.0,97.2,5,12,0,403,403,0,0,403,225,225,0,0,178,0
Edgar Poe,39749,WR,ARMY,12,78.0,0,114,77.6,,72.5,0,0,0,0.0,0.0,,2,0,0,401,0,0,0,514,0,113,0,0,401,1
Matt Weiser,10993,TE,BUFFALO,12,53.2,0,126,77.0,68.7,64.9,0,1,55,14.1,15.1,99.1,3,1,0,401,0,0,4,754,63,416,0,10,338,518
Gehrig Dieter,12163,WR,BOWL GREEN,14,38.8,0,122,73.9,,80.2,0,0,0,0.0,0.0,,2,0,0,400,0,0,0,1031,0,630,0,0,400,0
Aaron Burbridge,10847,WR,MICH STATE,14,45.7,0,223,85.4,,72.4,0,0,0,0.0,0.0,,2,0,0,400,0,0,0,875,0,466,0,0,400,1
Danny Vitale,10831,TE,NWESTERN,13,60.5,0,256,63.7,42.7,57.8,0,1,17,6.4,6.5,97.1,1,1,0,398,0,0,0,658,18,278,0,0,380,326
Antonyo Woods,28275,G,FAU,9,100.0,0,165,86.1,76.9,88.8,0,6,196,100.0,100.0,98.5,3,6,0,398,0,1,0,398,209,209,255,127,189,15
Tres Houston,17604,WR,ARK STATE,13,54.6,1,113,70.3,,71.8,0,0,0,0.0,0.0,,10,0,0,397,0,0,0,727,0,330,0,0,397,0
Paxton Lynch,10660,QB,MEMPHIS,13,41.5,1,218,86.6,,60.0,0,0,0,0.0,0.0,,3,0,0,396,0,0,0,955,0,496,0,0,396,0
Cam Phillips,47593,WR,VA TECH,13,46.8,0,337,62.6,,73.5,0,0,0,0.0,0.0,,3,0,0,396,0,0,0,846,0,449,0,0,396,1
Jake McGee,11010,TE,FLORIDA,13,53.3,0,163,72.6,71.3,64.2,0,1,60,15.2,15.0,99.2,2,1,0,395,0,0,2,741,61,407,0,0,334,479
Devonte Boyd,47983,WR,UNLV,12,47.3,0,325,72.4,,71.2,0,0,0,0.0,0.0,,1,0,0,395,0,0,0,835,0,439,0,0,395,0
David Wells,34985,TE,S DIEGO ST,14,81.4,0,284,70.3,73.9,80.7,0,0,17,16.3,15.9,100.0,4,0,0,393,0,0,0,483,17,107,0,1,376,436
Sebastian Smith,48067,WR,OHIO,13,46.9,1,259,71.4,,64.9,0,0,0,0.0,0.0,,5,0,0,393,0,0,0,838,0,445,0,0,393,0
Jake Rudock,10825,QB,MICHIGAN,13,45.2,0,222,73.8,,60.2,0,0,0,0.0,0.0,,1,0,0,393,0,0,0,870,0,466,0,0,393,0
Daniel Braverman,10864,WR,W MICHIGAN,13,46.0,0,347,91.2,,60.1,0,0,0,0.0,0.0,,0,0,0,392,0,0,0,853,0,459,0,0,392,0
Garrett Brown,17796,WR,AIR FORCE,14,66.9,0,101,76.1,63.5,56.5,0,0,0,0.0,0.6,,0,0,0,392,0,0,0,586,1,159,0,0,391,272
Jeremiah Gaines,47070,TE,SMU,12,56.4,0,287,57.5,51.1,69.2,0,5,83,22.6,23.5,94.6,0,7,2,391,0,0,2,693,93,395,0,1,298,231
Ben McCord,11432,TE,C MICHIGAN,13,46.0,1,134,70.5,74.1,65.2,1,1,60,12.1,11.6,96.7,7,3,1,391,0,0,3,850,60,519,0,2,331,462
Darion Griswold,10908,TE,ARK STATE,13,62.7,0,113,77.7,57.1,86.2,2,3,47,17.5,17.4,94.7,4,5,0,391,0,0,1,624,49,281,0,1,342,324
Will Bryan,46113,T,GA TECH,10,100.0,0,176,65.3,49.9,65.6,0,5,113,100.0,100.0,97.8,0,5,0,390,0,0,75,390,118,118,0,304,272,11
Roger Lewis Jr.,11246,WR,BOWL GREEN,14,39.1,1,122,74.0,,59.6,0,0,0,0.0,0.0,,6,0,0,389,0,0,0,996,0,607,0,0,389,0
Terrale Johnson,46800,G,KANSAS ST,10,100.0,1,199,82.5,74.7,88.1,1,8,154,100.0,100.0,97.1,6,9,0,389,0,270,8,389,164,164,107,0,225,1
Harrison Handley,47244,TE,UTAH,13,61.2,0,328,62.2,55.1,71.3,1,1,27,10.5,11.2,96.3,2,2,0,389,0,0,0,636,31,278,0,0,358,312
Zach Terrell,12086,QB,W MICHIGAN,13,43.4,0,347,89.7,,60.0,0,0,0,0.0,0.0,,2,0,0,388,0,0,0,893,0,469,0,0,388,0
T.L. Ford II,48284,WR,CHARLOTTE,12,50.4,0,136,54.6,,61.3,0,0,0,0.0,0.0,,2,0,0,388,0,0,0,770,0,382,0,0,388,0
Will Fuller V,10655,WR,NOTRE DAME,13,45.9,0,258,77.2,,78.9,0,0,0,0.0,0.0,,1,0,0,388,0,0,0,846,0,458,0,0,388,0
Greyson Lambert,46545,QB,GEORGIA,12,55.9,0,173,71.3,,60.9,0,0,0,0.0,0.0,,2,0,0,387,0,0,0,692,0,287,0,0,387,0
Daniel Burton,22794,G,IOWA STATE,8,100.0,0,193,74.3,75.4,73.2,0,7,182,100.0,100.0,97.5,0,8,1,387,0,0,0,387,191,191,387,0,196,0
Joshua Dobbs,11890,QB,TENNESSEE,13,43.0,0,307,71.3,,60.2,0,0,0,0.0,0.0,,2,0,0,387,0,0,0,900,0,412,0,0,387,0
Brett Kendrick,46861,T,TENNESSEE,7,100.0,0,307,68.9,70.2,66.4,1,7,172,100.0,100.0,96.5,1,10,2,386,0,0,0,386,176,176,0,384,210,2
Derek Watt,10832,FB,WISCONSIN,13,73.2,0,349,88.7,74.0,89.7,1,2,44,25.6,25.8,96.6,0,3,0,386,0,0,0,527,46,178,0,0,340,143
Isaiah Ford,11991,WR,VA TECH,13,45.3,1,337,81.6,,65.8,0,0,0,0.0,0.0,,3,0,0,386,0,0,0,853,0,460,0,0,386,0
Matt Johnson,11111,QB,BOWL GREEN,14,34.8,0,122,91.6,,60.0,0,0,0,0.0,0.0,,4,0,0,386,0,0,0,1110,0,666,0,0,386,0
Zach Wright,47483,WR,RICE,12,49.9,0,275,66.1,67.8,67.0,0,0,1,0.3,0.3,100.0,1,0,0,386,0,0,0,774,1,389,0,0,385,2
Jeremy Sprinkle,11909,TE,ARKANSAS,13,63.6,1,111,74.3,82.9,71.7,0,0,42,16.5,16.4,100.0,2,0,0,385,0,0,0,605,43,262,0,0,342,298
Josh Rosen,35460,QB,UCLA,13,40.5,0,324,82.6,,60.1,0,0,0,0.0,0.0,,3,0,0,384,0,0,0,948,0,545,0,0,384,0
Ryan Longoria,18166,WR,GA SOUTHRN,12,76.2,0,174,60.3,,79.1,0,0,0,0.0,0.0,,2,0,0,384,0,0,0,504,0,119,0,0,384,0
Tyler Uselton,18497,G,MEMPHIS,10,100.0,0,218,67.8,70.8,68.5,1,5,175,99.4,99.4,98.3,2,6,0,383,0,321,0,383,178,179,62,0,205,0
Brandyn Cook,18542,C,MIAMI OH,7,100.0,0,221,62.4,80.6,60.1,0,5,201,100.0,100.0,98.3,4,6,1,383,380,0,0,383,212,212,3,0,171,0
Evan Engram,11778,TE,OLE MISS,13,52.5,1,226,76.3,71.5,84.0,0,4,88,21.1,21.1,97.7,1,4,0,382,0,0,1,727,92,437,0,0,290,345
Brandon Doughty,10857,QB,W KENTUCKY,14,38.9,0,346,91.5,,60.0,0,0,0,0.0,0.0,,1,0,0,382,0,0,0,983,0,591,0,0,382,0
Corey Davis,11760,WR,W MICHIGAN,13,46.6,1,347,91.4,,65.7,0,0,0,0.0,0.0,,2,0,0,382,0,0,0,819,0,436,0,0,382,0
Juan Perez-Isidoro,26973,C,UTSA,6,100.0,0,331,70.7,62.8,70.7,1,3,197,100.0,100.0,97.5,0,7,3,381,344,20,0,381,206,206,17,0,175,0
Jordan Williams-Lambert,11238,WR,BALL ST,12,43.1,0,117,71.2,,68.3,0,0,0,0.0,0.0,,4,0,0,381,0,0,0,883,0,502,0,0,381,0
Nelson Spruce,11199,WR,COLORADO,13,41.9,0,143,82.3,,70.2,0,0,0,0.0,0.0,,2,0,0,380,0,0,0,907,0,527,0,0,380,2
John Lisella II,27265,T,COLORADO,10,100.0,0,143,55.3,58.6,51.8,2,10,191,100.0,100.0,94.2,1,17,5,379,0,0,6,379,202,202,0,371,177,2
Ryan Izzo,47327,TE,FLORIDA ST,13,63.7,2,167,69.1,56.2,81.0,2,3,56,21.5,21.2,95.5,7,5,0,379,0,0,0,595,58,274,0,0,321,522
Malcolm Mitchell,10746,WR,GEORGIA,13,53.3,1,173,86.4,,71.8,0,0,0,0.0,0.0,,4,0,0,378,0,0,2,709,0,331,0,1,378,0
Ed'Marques Batties,39438,WR,MIDDLE TN,13,42.8,1,224,73.1,,60.0,0,0,0,0.0,0.0,,4,0,0,378,0,0,0,884,0,506,0,0,378,2
Trent Bostick,38886,WR,CHARLOTTE,12,51.8,1,136,63.7,,73.2,0,0,0,0.0,0.0,,1,0,0,378,0,0,0,730,0,352,0,0,378,0
Shane Wimann,47295,TE,N ILLINOIS,14,77.4,0,254,70.3,68.3,65.6,0,1,51,32.7,31.9,99.0,2,1,0,377,0,0,0,487,51,160,0,0,326,271
Drew Clarkson,29800,G,OREGON ST,9,100.0,0,265,70.2,64.3,73.3,2,6,183,100.0,100.0,97.8,2,8,0,377,0,377,0,377,199,199,0,0,178,0
Kivon Cartwright,10929,TE,COLO STATE,13,63.9,0,144,69.2,46.7,74.6,0,3,49,19.3,20.0,94.9,3,4,1,376,0,0,3,588,53,265,0,2,323,451
Michael Thomas,10681,WR,OHIO STATE,13,54.0,0,260,83.4,,73.8,0,0,0,0.0,0.0,,1,0,0,376,0,0,0,696,0,320,0,0,376,0
Justin Gilbert,46211,T,ARMY,9,100.0,0,114,63.0,61.1,63.6,0,4,70,100.0,100.0,95.7,2,5,1,376,0,107,36,376,73,73,84,115,303,34
Dylan Curry,17811,TE,BALL ST,12,70.1,0,117,50.4,75.0,59.9,1,0,85,35.6,35.2,98.2,2,2,1,376,0,0,0,536,87,247,0,0,289,233
Gerald Everett,11799,TE,S ALABAMA,12,56.0,1,288,84.6,75.9,68.5,0,0,43,13.7,13.6,100.0,2,0,0,375,0,0,0,670,45,332,0,0,330,471
Steven Scheu,11219,TE,VANDERBILT,11,57.9,0,333,60.7,59.6,65.2,0,1,31,10.6,10.5,95.2,0,2,1,375,0,0,0,648,32,304,0,0,343,430
Brian Bobek,38261,C,MINNESOTA,5,100.0,0,225,73.7,85.3,68.5,0,3,189,100.0,100.0,98.7,1,4,1,375,375,0,0,375,195,195,0,0,180,0
Ryan Reffitt,47939,TE,AIR FORCE,14,84.5,0,101,66.2,73.6,86.9,0,0,8,10.8,10.4,100.0,2,0,0,375,0,0,20,444,8,77,0,11,367,82
Jerell Adams,10818,TE,S CAROLINA,12,56.6,0,289,80.6,68.2,83.3,0,0,62,18.2,18.4,100.0,3,0,0,375,0,0,3,663,65,353,0,2,310,420
Joe Licata,11390,QB,BUFFALO,12,41.8,0,126,74.4,,60.9,0,0,0,0.0,0.0,,2,0,0,374,0,0,0,895,0,500,0,0,374,0
Zack Bailey,46082,C,S CAROLINA,9,100.0,0,289,63.7,64.4,63.6,3,3,190,100.0,100.0,97.4,1,8,2,374,212,153,0,374,201,201,4,0,173,5
Daniel Keith,27921,G,ARK STATE,9,100.0,0,113,68.5,78.6,67.4,1,5,165,100.0,100.0,97.6,3,7,1,373,0,254,32,373,173,173,43,43,200,1
John Ferranto,23882,T,N CAROLINA,11,100.0,0,245,73.8,53.9,78.0,3,10,176,100.0,100.0,95.7,3,14,1,373,0,32,331,373,182,182,8,0,191,2
Brent Stockstill,29288,QB,MIDDLE TN,13,39.4,0,224,81.6,,60.1,0,0,0,0.0,0.0,,0,0,0,373,0,0,0,947,0,537,0,0,373,0
Cole Mosier,46381,G,KENTUCKY,11,100.0,0,202,72.2,63.8,76.6,0,9,198,100.0,100.0,96.7,4,11,2,373,0,12,132,373,213,213,189,40,160,0
George Asafo-Adjei,46614,T,KENTUCKY,11,100.0,0,202,70.6,66.8,71.1,0,8,198,100.0,100.0,97.0,3,10,2,372,0,0,0,372,214,214,0,372,158,0
Deshaun Watson,11767,QB,CLEMSON,15,33.1,0,140,85.7,,60.8,0,0,0,0.0,0.0,,2,0,0,372,0,0,0,1123,0,598,0,0,372,0
Bryce Williams,11220,TE,E CAROLINA,12,46.2,2,156,66.0,63.0,87.8,0,3,52,11.1,11.2,97.1,6,3,0,372,0,0,0,806,55,489,0,1,317,182
Wendy Laurent,46012,C,PENN STATE,10,100.0,0,266,67.9,62.5,67.3,4,4,214,100.0,100.0,97.7,0,9,1,372,349,21,0,372,225,225,2,0,147,0
John Burt,47850,WR,TEXAS,12,53.5,0,311,59.4,,63.0,0,0,0,0.0,0.0,,1,0,0,371,0,0,0,694,0,322,0,0,371,2
Taylor McNamara,12101,TE,USC,14,62.4,0,326,71.2,60.1,82.0,1,2,61,22.0,22.0,95.9,2,4,1,371,0,0,8,595,63,287,0,0,308,442
Ryan Yurachek,31983,TE,MARSHALL,13,49.7,1,214,67.1,73.5,67.6,0,1,26,6.8,6.9,98.1,3,1,0,371,0,0,0,747,28,404,0,0,343,278
Alec Bloom,47202,TE,UCONN,13,58.6,1,146,76.7,74.0,78.1,0,0,46,15.4,15.8,100.0,3,0,0,371,0,0,16,633,49,311,0,13,322,546
Matt Flanagan,47298,TE,RUTGERS,12,74.6,0,278,62.7,51.2,72.7,2,4,63,33.7,33.7,95.2,3,6,0,370,0,0,0,496,64,190,0,0,306,461
Aaron Nielsen,18017,G,FIU,10,100.0,0,166,70.4,81.7,65.9,0,3,211,100.0,99.5,98.8,0,4,1,370,22,163,0,370,221,222,185,0,149,0
Billy Freeman,47284,TE,S JOSE ST,13,49.2,0,285,77.9,76.0,74.7,0,1,59,13.9,13.6,99.2,2,1,0,369,0,0,8,750,60,441,0,7,309,544
Josh Cooper,46146,G,OHIO,10,100.0,0,259,73.1,69.2,76.4,0,6,190,100.0,100.0,96.8,2,9,3,369,0,72,0,369,198,198,297,0,171,0
Jacob Hollister,12051,TE,WYOMING,12,56.4,0,351,79.5,65.0,78.0,0,1,28,9.4,9.8,98.2,2,1,0,369,0,0,0,654,31,316,0,0,338,584
Durron Neal,11023,WR,OKLAHOMA,13,45.6,0,261,64.9,74.3,68.9,0,0,4,0.9,0.9,100.0,1,0,0,369,0,0,0,810,4,445,0,0,365,11
Kendrick Roberts,19874,WR,W MICHIGAN,13,51.5,0,347,53.7,,61.2,0,0,0,0.0,0.0,,1,0,0,369,0,0,0,716,0,347,0,0,369,3
Jake Phillips,11468,TE,UNLV,12,76.2,0,325,61.8,67.5,68.6,0,2,66,37.5,38.5,97.0,1,3,1,368,0,0,0,483,72,187,0,0,296,322
Brock Ruble,28334,T,FLORIDA ST,9,100.0,0,167,77.4,66.0,80.3,4,12,189,100.0,100.0,95.2,1,17,1,368,0,0,0,368,194,194,0,365,174,3
Jake Manley,17518,FB,IDAHO,12,82.1,0,185,70.6,80.8,82.4,0,1,67,47.5,46.7,99.3,3,1,0,367,0,0,0,447,70,150,0,0,297,153
Sean Price,17750,TE,USF,13,63.1,1,327,72.7,63.3,73.6,1,2,37,15.4,15.4,95.9,5,3,0,367,0,0,1,582,39,254,0,1,328,261
Tim White,12144,WR,ARIZONA ST,13,43.8,0,110,61.9,,64.3,0,0,0,0.0,0.0,,2,0,0,366,0,0,0,835,0,467,0,0,366,2
Bralon Addison,11013,WR,OREGON,13,47.7,0,264,81.1,,84.7,0,0,0,0.0,0.0,,4,0,0,365,0,0,0,765,0,385,0,0,365,6
Chris Laviano,46398,QB,RUTGERS,12,47.6,0,278,59.5,,60.1,0,0,0,0.0,0.0,,2,0,0,363,0,0,0,762,0,382,0,0,363,0
Jenson Stoshak,11012,WR,FAU,12,46.9,1,165,75.9,70.3,64.8,0,0,1,0.3,0.2,100.0,1,0,0,363,1,0,0,774,1,412,0,0,362,5
Toa Lobendahn,45551,G,USC,7,100.0,1,326,72.2,64.5,76.2,1,6,207,100.0,100.0,97.8,2,8,1,363,151,57,4,363,221,221,151,0,142,0
Brice Fackler,47159,TE,KENT STATE,12,57.2,0,201,47.6,42.7,63.3,0,4,51,16.3,16.4,96.1,3,4,0,362,1,0,1,633,53,324,0,0,309,306
KeVonn Mabon,12295,WR,BALL ST,12,43.4,0,117,66.9,,66.4,0,0,0,0.0,0.0,,0,0,0,362,0,0,0,835,0,471,0,0,362,0
Tommy Sweeney,47216,TE,BOSTON COL,12,80.4,0,121,68.2,61.6,68.3,0,1,39,32.5,32.8,98.7,1,1,0,362,0,0,1,450,43,131,0,2,319,434
Sam Cotton,12343,TE,NEBRASKA,13,70.7,0,238,58.0,62.7,70.1,1,3,54,27.3,27.0,96.3,1,4,0,362,0,0,0,512,55,204,0,0,307,487
Chase Litton,34874,QB,MARSHALL,11,43.8,0,214,73.4,,60.0,0,0,0,0.0,0.0,,0,0,0,360,0,0,0,822,0,440,0,0,360,0
Ike Boettger,46918,T,IOWA,7,100.0,0,192,70.1,68.0,69.0,2,9,178,100.0,100.0,96.3,2,12,1,359,0,0,0,359,185,185,0,353,174,6
Tommy Armstrong Jr.,46589,QB,NEBRASKA,12,39.8,0,238,73.3,,60.0,0,0,0,0.0,0.0,,2,0,0,359,0,0,0,903,0,467,0,0,359,0
John Trainor,31017,FB,ARMY,12,78.6,1,114,77.5,71.6,63.4,0,0,9,12.2,11.7,100.0,2,0,0,359,0,0,0,457,9,77,0,0,350,260
Victor Nieves III,37367,G,ARMY,9,100.0,0,114,63.3,48.7,65.6,0,2,45,100.0,100.0,95.6,3,3,1,359,0,355,4,359,47,47,0,0,312,0
Jordan Payton,10788,WR,UCLA,13,41.6,0,324,88.3,,88.8,0,0,0,0.0,0.0,,1,0,0,359,0,0,0,864,0,505,0,0,359,0
Chris Swain,11002,FB,NAVY,13,59.0,0,237,65.8,50.8,67.1,3,4,73,68.2,67.9,93.8,1,8,1,359,0,0,0,608,76,112,0,0,283,0
Cayleb Jones,11075,WR,ARIZONA,13,43.1,1,109,71.4,,65.9,0,0,0,0.0,0.0,,3,0,0,358,0,0,0,831,0,472,0,0,358,0
Marcus Oliver,27389,T,HOUSTON,10,100.0,1,182,47.2,41.1,53.2,2,8,158,100.0,100.0,92.4,4,17,7,357,0,11,336,357,162,162,10,0,195,0
Greg Ward,12258,QB,HOUSTON,14,38.1,0,182,82.7,,60.1,0,0,0,0.0,0.0,,1,0,0,356,0,0,0,934,0,440,0,0,356,0
Chuma Edoga,46232,T,USC,13,100.0,1,326,62.3,53.5,65.2,0,12,181,100.0,100.0,95.0,3,15,3,356,0,0,0,356,188,188,0,356,168,0
Ethan Wolf,47173,TE,TENNESSEE,13,58.9,0,307,71.1,42.8,75.4,0,2,32,11.8,11.7,93.7,1,3,1,356,0,0,0,604,33,281,0,1,323,448
Steven Walker,16918,TE,COLO STATE,13,69.4,1,144,70.1,75.4,73.2,0,0,54,26.9,26.8,100.0,3,0,0,356,0,0,0,513,57,213,0,0,299,378
Jalin Marshall,11259,WR,OHIO STATE,12,53.9,0,260,64.3,,71.4,0,0,0,0.0,0.0,,1,0,0,354,0,0,0,657,0,301,0,0,354,3
Isiah Willis,45645,HB,GA TECH,12,77.0,1,176,75.0,72.2,64.1,0,1,62,45.9,46.4,97.6,2,2,1,354,0,0,0,460,64,138,0,0,290,306
Kameron Eloph,37497,G,HOUSTON,7,100.0,0,182,70.6,47.8,77.4,2,9,144,100.0,100.0,96.2,4,11,0,354,0,71,21,354,152,152,262,0,202,0
Chris Barr,47730,WR,USF,13,55.1,0,327,58.3,,73.4,0,0,0,0.0,0.0,,1,0,0,352,0,0,0,639,0,286,0,0,352,0
Kendal Keys,26969,WR,UNLV,12,46.9,0,325,66.8,,71.1,0,0,0,0.0,0.0,,0,0,0,352,0,0,0,750,0,397,0,0,352,0
Nick Arcidiacono,47114,TE,RUTGERS,12,66.7,0,278,62.6,62.1,71.2,1,2,52,24.3,22.8,97.1,6,3,0,352,0,0,0,528,52,228,0,0,300,395
Jordan Reid,48138,WR,OHIO,13,46.0,1,259,69.6,,77.6,0,0,0,0.0,0.0,,1,0,0,352,0,0,0,765,0,413,0,0,352,0
Charlie Hopkins,13633,TE,VIRGINIA,12,62.4,0,335,58.8,73.6,70.3,1,1,74,26.8,26.9,97.3,4,3,1,352,0,0,10,564,78,290,0,9,274,396
Davonte Allen,10963,WR,MARSHALL,13,44.1,0,214,67.2,,59.9,0,0,0,0.0,0.0,,3,0,0,351,0,0,0,796,0,445,0,0,351,0
Cethan Carter,47149,TE,NEBRASKA,11,54.3,1,238,74.8,67.0,78.9,0,2,62,18.6,18.3,98.4,1,2,0,351,0,0,0,647,66,360,0,0,285,508
Jeb Blazevich,47140,TE,GEORGIA,13,64.2,0,173,61.3,62.5,69.5,0,1,36,15.8,15.9,98.6,2,1,0,351,0,0,1,547,37,233,0,0,314,436
Dijon Paschal,48255,WR,ARK STATE,13,56.5,0,113,67.5,,73.1,0,0,0,0.0,0.0,,2,0,0,350,0,0,0,619,0,268,0,0,350,0
Nathan Peterman,11926,QB,PITTSBURGH,13,45.0,0,268,76.0,61.2,60.2,0,0,1,0.3,0.3,100.0,3,0,0,350,0,0,0,778,1,389,0,0,349,0
Josiah St. John,19035,T,OKLAHOMA,7,100.0,1,261,74.6,69.9,74.5,0,6,188,100.0,100.0,97.9,2,7,1,349,0,0,20,349,199,199,0,326,150,2
Mack Crowder,19325,G,TENNESSEE,11,100.0,0,307,67.6,82.6,63.9,1,3,164,100.0,100.0,98.8,1,4,0,349,40,298,0,349,168,168,11,0,181,0
Cooper Rush,12324,QB,C MICHIGAN,13,36.8,0,134,85.2,,60.0,0,0,0,0.0,0.0,,3,0,0,348,0,0,0,946,0,576,0,0,348,0
Dede Westbrook,11865,WR,OKLAHOMA,13,43.6,1,261,67.5,,72.5,0,0,0,0.0,0.0,,6,0,0,348,0,0,0,799,0,447,0,0,348,0
Mike Thomas,10840,WR,SO MISS,13,41.5,0,296,84.8,61.0,71.5,0,0,1,0.2,0.2,100.0,4,0,0,348,0,0,0,839,1,492,0,0,347,0
Jared Goff,10635,QB,CAL,13,35.5,0,130,92.4,,60.0,0,0,0,0.0,0.0,,5,0,0,347,0,0,0,978,0,619,0,0,347,0
Jacoby Brissett,10725,QB,NC STATE,13,38.1,0,248,71.5,,60.1,0,0,0,0.0,0.0,,1,0,0,347,0,0,0,910,0,485,0,0,347,0
Shelton Gibson,11921,WR,W VIRGINIA,13,48.4,0,343,65.5,,57.4,0,0,0,0.0,0.0,,3,0,0,347,0,0,0,717,0,370,0,0,347,0
Cody Thompson,48152,WR,TOLEDO,12,48.9,1,316,79.2,,71.0,0,0,0,0.0,0.0,,5,0,0,347,0,0,0,709,0,362,0,0,347,2
Brad Stewart,48348,WR,GA TECH,12,73.3,0,176,59.4,77.8,76.2,0,0,7,5.3,5.3,100.0,1,0,0,346,0,0,24,472,7,132,0,2,339,2
Matt Johns,24210,QB,VIRGINIA,12,40.9,0,335,58.7,,60.9,0,0,0,0.0,0.0,,8,0,0,346,0,0,0,845,0,482,0,0,346,0
Jamal Lyles,47285,TE,MICH STATE,14,72.8,0,223,70.5,65.4,70.1,1,1,37,23.1,22.4,97.3,3,2,0,346,0,0,12,475,37,165,0,6,309,428
Jordan Villamin,48246,WR,OREGON ST,12,48.5,0,265,70.1,,68.2,0,0,0,0.0,0.0,,2,0,0,346,0,0,0,713,0,367,0,1,346,1
Kerry Thomas Jr.,48005,WR,UTSA,12,46.4,0,331,67.3,,80.4,0,0,0,0.0,0.0,,1,0,0,346,0,0,0,745,0,387,0,0,346,6
Christian Matau,28467,C,E CAROLINA,7,100.0,0,156,66.7,70.2,63.2,1,3,190,100.0,100.0,97.4,1,7,3,345,289,21,0,345,196,196,35,0,149,0
Devonte Danzey,17676,C,AUBURN,7,100.0,0,115,70.2,78.5,67.2,0,2,128,100.0,100.0,99.2,2,2,0,345,223,49,0,345,133,133,73,0,212,0
Carlos Harris,18681,WR,N TEXAS,12,43.1,0,251,63.5,,63.9,0,0,0,0.0,0.0,,4,0,0,345,0,0,0,800,0,449,0,0,345,0
Quinton Flowers,46580,QB,USF,13,40.8,0,327,78.1,,60.0,0,0,0,0.0,0.0,,3,0,0,345,0,0,0,845,0,365,0,0,345,0
Joe Hansley,11393,WR,COLO STATE,13,50.4,0,144,65.3,,62.3,0,0,0,0.0,0.0,,3,0,0,344,0,0,0,682,0,335,0,0,344,4
Sam Rogers,11961,FB,VA TECH,13,55.1,1,337,66.9,71.2,64.8,1,4,120,36.9,36.8,96.2,1,7,2,343,0,0,0,622,127,345,0,0,216,70
Marcus Smith,18761,TE,N TEXAS,12,55.5,1,251,59.1,36.8,71.7,0,3,36,11.9,13.0,93.1,1,4,1,343,0,0,1,618,41,316,0,3,302,255
Charone Peake,10875,WR,CLEMSON,15,46.9,0,140,72.1,,76.6,0,0,0,0.0,0.0,,0,0,0,343,0,0,0,731,0,388,0,0,343,0
Xavier Fields,46824,G,TROY,8,100.0,0,318,72.7,86.4,70.2,1,1,185,100.0,100.0,99.5,0,2,0,342,0,1,0,342,193,193,341,0,149,0
Sebastian Willer,46873,T,GA STATE,8,100.0,0,175,50.3,47.8,53.5,1,8,193,100.0,100.0,96.6,2,11,2,342,0,0,308,342,201,201,0,34,141,0
Steven Bell,23835,T,BALL ST,9,100.0,0,117,72.6,80.5,70.3,2,3,191,100.0,100.0,98.7,2,5,0,341,0,0,167,341,205,205,0,174,136,0
Thomas Wilson,18924,WR,NAVY,13,86.5,0,237,70.3,77.9,77.1,0,0,11,18.0,18.5,100.0,0,0,0,341,0,0,8,394,12,65,0,8,329,6
Drew Sample,47259,TE,WASHINGTON,13,87.4,0,340,73.3,67.8,71.6,0,2,65,57.0,57.8,98.5,0,2,0,340,0,0,1,389,67,116,0,0,273,348
Daniel Montiel,47237,TE,MEMPHIS,13,74.0,0,218,72.1,62.9,71.4,1,3,54,31.6,32.0,96.3,4,4,0,339,0,0,5,458,56,175,0,2,283,388
Trent Sherfield,48021,WR,VANDERBILT,12,46.8,0,333,70.5,,68.7,0,0,0,0.0,0.0,,4,0,0,339,0,0,0,724,0,381,0,0,339,1
JuJu Smith-Schuster,11817,WR,USC,14,42.9,0,326,83.8,61.0,74.4,0,0,0,0.0,0.2,,2,0,0,339,0,0,0,791,1,452,0,0,338,18
Baker Mayfield,46518,QB,OKLAHOMA,13,37.4,0,261,91.7,,60.5,0,0,0,0.0,0.0,,1,0,0,339,0,0,0,906,0,505,0,0,339,0
Josh Malone,11883,WR,TENNESSEE,13,50.4,0,307,63.7,,68.9,0,0,0,0.0,0.0,,1,0,0,338,0,0,0,671,0,333,0,0,338,0
Temuchin Hodges,11956,TE,VA TECH,13,45.3,0,337,69.6,45.9,70.5,0,0,4,1.0,1.0,100.0,2,0,0,338,0,0,0,746,4,408,0,1,334,138
Nate Terry,28336,TE,FAU,12,53.7,0,165,58.0,63.5,63.4,0,2,51,15.6,16.0,94.1,1,4,2,337,0,0,4,627,55,344,0,6,282,353
Cam Serigne,47249,TE,WAKE,12,44.7,1,339,63.3,31.6,63.1,0,10,60,13.1,12.9,88.3,2,12,2,337,0,0,0,754,62,479,0,1,275,457
Dontez Ford,12184,WR,PITTSBURGH,13,48.6,0,268,64.7,42.7,79.3,0,0,3,0.9,0.8,100.0,0,0,0,336,0,0,0,692,3,359,0,0,333,5
Travis Wilson,12079,QB,UTAH,12,40.3,0,328,64.9,,60.2,0,0,0,0.0,0.0,,1,0,0,334,0,0,0,828,0,400,0,0,334,0
Lamar Jordan,29577,QB,NEW MEXICO,12,53.7,0,241,50.9,,60.2,0,0,0,0.0,0.0,,1,0,0,334,0,0,0,622,0,147,0,0,334,0
Doug Brenner,46062,G,OREGON,11,99.4,1,264,70.7,69.7,73.9,1,3,138,100.0,100.0,98.6,3,4,0,333,69,117,0,335,145,145,149,0,188,0
Driphus Jackson,19062,QB,RICE,12,42.6,0,275,75.0,,60.0,0,0,0,0.0,0.0,,3,0,0,332,0,0,0,779,0,405,0,0,332,0
Daikiel Shorts,12153,WR,W VIRGINIA,13,50.3,0,343,74.4,,72.1,0,0,0,0.0,0.0,,4,0,0,332,0,0,0,660,0,328,0,0,332,0
K.J. Maye,11248,WR,MINNESOTA,13,43.4,0,225,74.5,,72.4,0,0,0,0.0,0.0,,1,0,0,332,0,0,0,765,0,424,0,0,332,4
Cal Bloom,47103,TE,UCF,12,75.6,2,323,45.7,64.9,53.4,1,2,74,42.3,41.8,98.0,3,3,0,332,0,0,4,439,77,184,0,5,255,424
Jafus Gaines,19364,WR,TEXAS ST,12,46.6,1,314,61.3,,56.0,0,0,0,0.0,0.0,,3,0,0,332,0,0,0,713,0,380,0,0,332,0
Conner Floyd,16802,WR,TULSA,13,40.5,0,320,57.2,,56.2,0,0,0,0.0,0.0,,1,0,0,332,0,0,0,820,0,486,0,0,332,0
Devin Lucien,10859,WR,ARIZONA ST,13,44.3,0,110,82.3,,57.3,0,0,0,0.0,0.0,,2,0,0,331,0,0,0,747,0,416,0,0,331,0
Justin Bell,16879,G,OLE MISS,10,100.0,0,226,61.4,55.5,63.5,4,6,180,100.0,100.0,96.7,3,11,1,330,100,0,0,330,192,192,230,0,138,0
Sterling Shepard,10674,WR,OKLAHOMA,13,41.4,1,261,91.5,65.9,87.4,0,0,2,0.4,0.4,100.0,2,0,0,330,0,0,0,798,2,469,0,0,328,0
Josh Ruka,46186,G,N ILLINOIS,8,100.0,0,254,73.1,61.7,76.4,2,1,153,100.0,100.0,97.7,2,5,2,330,0,0,0,330,156,156,330,0,174,0
C.J. Conrad,47344,TE,KENTUCKY,12,68.3,0,202,56.2,33.9,64.9,2,6,81,35.5,36.5,91.4,1,11,3,330,0,0,0,483,88,241,0,0,242,275
Daniel Marx,27536,FB,STANFORD,11,93.2,0,300,84.7,64.1,84.2,1,0,27,55.1,52.9,94.4,0,2,1,330,0,0,0,354,27,51,0,0,303,19
David Richards,11055,WR,ARIZONA,13,43.2,0,109,63.0,,57.7,0,0,0,0.0,0.0,,1,0,0,329,0,0,0,761,0,431,0,0,329,0
J.D. McKissic,11047,WR,ARK STATE,13,51.6,1,113,77.3,,65.7,0,0,0,0.0,0.0,,1,0,0,329,0,0,0,637,0,291,0,0,329,2
James Dean,18162,TE,GA SOUTHRN,13,96.2,0,174,71.6,61.2,73.2,0,2,36,73.5,76.8,97.2,2,2,0,329,0,0,0,342,43,56,0,1,286,75
Andrew Pratt,16452,WR,AKRON,13,51.3,0,102,61.7,,67.3,0,0,0,0.0,0.0,,0,0,0,328,0,0,0,640,0,312,0,0,328,0
Delane Hart-Johnson,32299,WR,NEW MEXICO,13,71.9,0,241,65.6,61.1,69.5,0,0,1,0.8,0.8,100.0,0,0,0,328,0,0,0,456,1,129,0,0,327,0
Terry Davis,22990,T,MIAMI OH,10,100.0,0,221,63.9,63.7,61.4,2,7,175,100.0,100.0,96.9,0,10,1,327,0,0,8,327,185,185,104,215,142,0
DeAndre Bell,19951,WR,ARMY,12,80.0,0,114,65.8,,72.3,0,0,0,0.0,0.0,,2,0,0,327,0,0,0,409,0,81,0,0,327,3
Gabe Fuselier,47634,WR,LA LAFAYET,12,46.0,0,207,62.2,61.1,76.4,0,0,0,0.0,0.3,,1,0,0,326,0,0,0,708,1,383,0,0,325,0
Cody Clements,17292,QB,S ALABAMA,12,42.3,0,288,59.4,,60.2,0,0,0,0.0,0.0,,5,0,0,325,0,0,0,768,0,409,0,0,325,1
Dwayne Stanford,47825,WR,OREGON,13,53.0,0,264,70.9,,64.0,0,0,0,0.0,0.0,,2,0,0,325,0,0,0,613,0,287,0,0,325,6
Zach Johnson,16979,T,HOUSTON,5,100.0,0,182,65.8,72.8,65.7,0,6,152,100.0,100.0,98.0,2,6,0,324,0,0,229,324,153,153,0,95,171,0
Brent Wilkerson,21960,TE,PENN STATE,13,76.2,1,266,63.0,71.8,71.9,0,0,69,41.1,42.6,98.6,3,1,1,324,0,0,2,425,75,176,0,0,249,352
Pharoh Cooper,10751,WR,S CAROLINA,12,43.7,0,289,76.7,,64.0,0,0,0,0.0,0.0,,3,0,0,324,0,0,0,742,0,396,0,0,324,5
Tyler Fisher,23451,G,DOMINION,9,100.0,0,263,71.6,86.0,71.1,0,3,157,100.0,100.0,99.0,2,3,0,324,0,324,0,324,164,164,0,0,160,0
Justin Thomas,12344,QB,GA TECH,12,48.9,0,176,59.2,,60.0,0,0,0,0.0,0.0,,2,0,0,324,0,0,0,662,0,209,0,0,324,0
Marquis Bundy,11429,WR,NEW MEXICO,13,72.4,0,241,59.8,,87.1,0,0,0,0.0,0.0,,3,0,0,323,0,0,0,446,0,123,0,0,323,0
Mitch Leidner,46437,QB,MINNESOTA,13,37.3,0,225,59.8,,60.3,0,0,0,0.0,0.0,,5,0,0,323,0,0,0,865,0,467,0,0,323,0
Marcus McGill,47629,WR,BUFFALO,12,42.4,0,126,68.5,,69.9,0,0,0,0.0,0.0,,3,0,0,323,0,0,0,761,0,436,0,0,323,27
Ryeshene Bronson,48268,WR,USF,13,52.2,0,327,52.5,,74.7,0,0,0,0.0,0.0,,3,0,0,323,0,0,0,619,0,296,0,0,323,0
DJ Dowdy,47102,TE,CINCINNATI,13,71.7,0,138,67.6,73.7,73.3,0,2,59,32.6,34.2,98.3,3,2,0,322,0,0,1,449,66,193,0,0,256,350
Cody Collins,28813,G,MARSHALL,9,100.0,0,214,81.3,62.4,90.6,0,6,164,100.0,100.0,98.2,3,6,0,322,0,0,0,322,173,173,322,0,149,0
Brandon Smith,19372,WR,TEXAS ST,12,47.1,1,314,58.2,,68.3,0,0,0,0.0,0.0,,4,0,0,322,0,0,0,684,0,361,0,0,322,0
Laquon Treadwell,10657,WR,OLE MISS,13,39.4,1,226,85.3,60.9,82.7,0,0,1,0.2,0.2,100.0,7,0,0,321,0,0,0,814,1,494,0,0,320,1
Kenny Thomas,47023,T,LOUISVILLE,5,100.0,0,210,62.6,64.3,67.1,1,12,169,100.0,100.0,96.2,4,13,0,321,0,0,150,321,174,174,0,171,147,0
Jamire Jordan,47514,WR,FRESNO ST,12,42.2,0,169,62.4,,59.3,0,0,0,0.0,0.0,,0,0,0,321,0,0,0,760,0,429,0,0,321,0
Thomas Duarte,10865,WR,UCLA,13,41.1,0,324,76.2,64.5,69.5,0,0,1,0.2,0.2,100.0,1,0,0,320,0,0,0,779,1,460,0,0,319,32
Alex Zmolik,19728,TE,TOLEDO,12,68.7,0,316,71.7,78.2,86.4,0,0,26,15.7,16.1,100.0,2,0,0,320,0,0,0,466,28,174,0,0,292,230
Braedon Bowman,10904,TE,S ALABAMA,12,64.3,1,288,63.5,77.9,70.9,0,1,53,23.6,24.3,99.1,3,1,0,320,0,4,2,498,57,235,3,0,263,431
Nick Arbuckle,16351,QB,GA STATE,13,35.0,0,175,89.5,,60.1,0,0,0,0.0,0.0,,6,0,0,320,0,0,0,913,0,564,0,0,320,0
Derek Farniok,19180,G,OKLAHOMA,9,100.0,0,261,76.6,65.7,80.3,0,9,163,100.0,100.0,96.6,1,10,1,320,0,304,15,320,171,171,1,0,149,0
Jeremiah Stuckey,38376,G,TEXAS A&M,6,100.0,0,312,61.4,67.7,57.8,0,9,182,100.0,100.0,97.0,0,10,1,320,0,320,0,320,186,186,0,0,134,0
Thomas Sperbeck,47487,WR,BOISE ST,13,36.1,0,120,83.5,,79.7,0,0,0,0.0,0.0,,1,0,0,319,0,0,0,884,0,561,0,0,319,1
Kendrick Singleton,19382,WR,N CAROLINA,14,56.2,0,245,66.6,84.7,89.6,1,0,52,17.8,18.1,99.0,0,1,0,319,0,0,0,568,55,304,0,0,264,107
Jake Butt,11900,TE,MICHIGAN,13,46.5,1,222,83.4,63.9,58.9,1,3,50,12.6,13.1,94.0,2,5,1,318,0,0,6,684,55,420,0,3,263,506
Ryan Smith,47299,TE,MIAMI OH,12,62.1,0,221,64.9,46.0,58.6,1,6,78,29.5,30.2,94.2,3,8,1,318,0,0,0,512,84,278,0,1,234,336
Trey Klock,46889,G,GA TECH,11,100.0,1,176,63.6,55.1,66.8,0,5,99,100.0,100.0,97.5,1,5,0,317,0,25,175,317,100,100,94,0,217,23
Brendan McGowan,45562,C,TEMPLE,7,100.0,0,306,61.6,61.4,61.1,1,8,150,100.0,100.0,96.3,1,10,1,316,316,0,0,316,165,165,0,0,151,0
Victor Bolden Jr.,12269,WR,OREGON ST,12,41.9,0,265,61.1,68.7,65.8,0,0,0,0.0,0.3,,1,0,0,315,0,0,0,751,1,397,0,0,314,5
DeAngelo Yancey,11930,WR,PURDUE,12,39.9,0,273,64.0,,59.2,0,0,0,0.0,0.0,,0,0,0,315,0,0,0,790,0,475,0,0,315,0
Jaypee Philbert,46356,T,IOWA STATE,9,100.0,1,193,62.8,68.7,62.9,0,7,172,100.0,100.0,95.6,8,11,4,315,0,0,314,315,181,181,0,0,134,1
Kiola Mahoni,46616,G,LOUISVILLE,6,100.0,0,210,55.3,42.9,55.7,3,8,156,100.0,100.0,95.2,0,13,2,315,0,146,0,315,160,160,167,0,155,0
Wayne Gallman,11895,HB,CLEMSON,14,39.1,0,140,81.9,80.1,69.0,0,7,181,47.6,48.0,98.1,1,7,0,314,0,0,0,804,191,398,0,0,123,1
Sefo Liufau,12064,QB,COLORADO,11,39.7,0,143,75.9,,60.0,0,0,0,0.0,0.0,,0,0,0,314,0,0,0,791,0,428,0,0,314,0
Vernon Adams Jr.,20008,QB,OREGON,10,46.2,0,264,79.8,65.5,60.2,0,0,1,0.3,0.3,100.0,0,0,0,314,0,0,0,679,1,329,0,0,313,1
Blake Frohnapfel,19699,QB,UMASS,12,35.2,1,216,53.8,,60.2,0,0,0,0.0,0.0,,4,0,0,313,0,0,0,890,0,566,0,0,313,0
Aaron Monteiro,25693,T,BOSTON COL,6,100.0,1,121,47.0,41.3,57.1,5,9,148,100.0,100.0,94.6,3,15,1,313,0,0,310,313,161,161,0,0,152,3
Robert Lindsey,39779,T,NAVY,10,100.0,0,237,75.4,67.1,72.2,0,1,36,100.0,100.0,98.6,0,1,0,313,0,0,25,313,40,40,0,288,273,0
Jared Dangerfield,11225,WR,W KENTUCKY,14,38.9,1,346,74.9,,71.3,0,0,0,0.0,0.0,,2,0,0,313,0,0,0,805,0,492,0,0,313,0
Ryan Northrup,46162,G,GA SOUTHRN,11,100.0,0,174,80.7,80.7,79.4,0,2,49,100.0,100.0,98.0,0,2,0,312,0,56,0,312,52,52,256,0,260,0
Drew Morgan,48073,WR,ARKANSAS,13,48.1,0,111,85.5,,72.4,0,0,0,0.0,0.0,,0,0,0,312,0,0,0,649,0,333,0,0,312,16
James Rast,46985,T,AIR FORCE,12,100.0,0,101,76.3,62.9,73.4,0,1,53,100.0,100.0,99.1,0,1,0,312,0,0,236,312,55,55,0,33,257,43
Brad Kaaya,11970,QB,MIAMI FL,12,40.8,0,220,80.6,,60.2,0,0,0,0.0,0.0,,3,0,0,311,0,0,0,762,0,433,0,0,311,0
Chris Edling,18741,TE,NEW MEXICO,13,92.8,0,241,88.8,63.1,86.0,0,2,32,59.3,58.6,96.9,1,2,0,311,0,0,1,335,34,58,0,0,277,218
Allen Lazard,48135,WR,IOWA STATE,11,43.3,0,193,71.4,,82.0,0,0,0,0.0,0.0,,1,0,0,311,0,0,0,718,0,407,0,0,311,1
Ryan Anderson,46883,T,WAKE,7,100.0,1,339,54.3,35.4,65.0,4,9,177,100.0,100.0,94.6,2,16,3,311,23,0,0,311,187,187,118,170,124,0
Brendan Cope,29727,WR,OHIO,12,46.8,1,259,61.0,,55.7,0,0,0,0.0,0.0,,1,0,0,310,0,0,0,663,0,353,0,0,310,0
Jaymar Parrish,47220,FB,PITTSBURGH,13,90.1,0,268,76.4,66.4,84.2,1,0,40,54.8,54.7,96.2,1,2,1,309,0,0,0,343,41,75,0,0,268,233
Jake Browning,46401,QB,WASHINGTON,12,40.1,0,340,82.8,,60.5,0,0,0,0.0,0.0,,1,0,0,308,0,0,0,769,0,444,0,0,308,0
Christian Hackenberg,10685,QB,PENN STATE,13,40.1,0,266,61.2,,60.7,0,0,0,0.0,0.0,,3,0,0,308,0,0,0,769,0,446,0,0,308,0
Austin Traylor,11411,TE,WISCONSIN,8,67.8,0,349,86.3,77.8,75.9,0,0,32,18.6,18.4,100.0,0,0,0,308,0,0,0,454,33,179,0,0,275,426
Ben Boesen,18465,TE,IOWA STATE,12,82.1,0,193,56.3,68.5,66.4,1,3,73,52.5,53.1,97.3,0,4,0,308,0,0,0,375,76,143,0,0,232,302
DeAndre Reaves,11000,WR,MARSHALL,13,43.8,0,214,71.3,,72.6,0,0,0,0.0,0.0,,0,0,0,308,0,0,0,703,0,395,0,0,308,1
Matt Linehan,46436,QB,IDAHO,11,37.7,0,185,86.4,,60.0,0,0,0,0.0,0.0,,1,0,0,307,0,0,0,814,0,477,0,0,307,0
Dorian Baker,28585,WR,KENTUCKY,12,40.2,0,202,64.5,67.7,56.3,0,0,1,0.2,0.2,100.0,4,0,0,307,0,0,0,764,1,458,0,0,306,0
Sam Jones,38935,T,ARIZONA ST,10,100.0,1,110,67.3,78.3,61.6,0,4,143,100.0,100.0,97.9,1,5,1,307,0,3,162,307,147,147,0,128,160,14
Alonzo Russell,11114,WR,TOLEDO,12,48.3,0,316,72.7,,86.0,0,0,0,0.0,0.0,,2,0,0,306,0,0,0,634,0,328,0,0,306,0
Derrick Kelly II,46090,T,FLORIDA ST,6,100.0,2,167,71.1,70.1,72.6,2,5,174,100.0,100.0,97.4,4,8,1,306,0,0,0,306,181,181,0,306,125,0
Ron Willoughby,39400,WR,BUFFALO,12,40.3,0,126,76.4,,67.6,0,0,0,0.0,0.0,,2,0,0,306,0,0,0,759,0,453,0,0,306,0
Jacob Maxwell,47014,T,WISCONSIN,8,100.0,0,349,65.6,65.2,66.2,2,6,105,100.0,100.0,96.2,2,8,0,305,0,0,40,305,108,108,0,255,197,10
Deon-Tay McManus,31827,WR,MARSHALL,13,44.9,0,214,57.3,,68.1,0,0,0,0.0,0.0,,0,0,0,305,0,0,0,680,0,375,0,0,305,1
Tim Gorski,17098,TE,W KENTUCKY,14,68.5,0,346,79.4,75.4,82.5,1,1,65,32.8,32.7,98.5,1,2,0,305,0,0,0,445,68,208,0,0,237,352
Brett Rypien,46487,QB,BOISE ST,11,37.8,1,120,81.9,,60.2,0,0,0,0.0,0.0,,2,0,0,305,0,0,0,807,0,488,0,0,305,0
Andre Patton,12043,WR,RUTGERS,12,46.3,0,278,68.9,,89.2,0,0,0,0.0,0.0,,1,0,0,305,0,0,0,659,0,354,0,0,305,0
Josh Reynolds,11872,WR,TEXAS A&M,12,40.2,1,312,75.3,,59.5,0,0,0,0.0,0.0,,1,0,0,304,0,0,0,756,0,452,0,0,304,0
Marcus Baugh,47131,TE,OHIO STATE,13,79.6,0,260,73.1,72.3,82.3,0,1,31,29.2,30.4,98.4,4,1,0,304,0,0,3,382,34,112,0,0,270,294
Yosh Nijman,60822,T,VA TECH,12,100.0,0,337,55.6,60.9,51.7,2,15,140,100.0,100.0,92.5,0,19,2,302,0,0,297,302,148,148,0,0,154,5
DeBrandon Sanders,39644,TE,NAVY,13,69.6,0,237,86.4,68.8,64.4,0,0,2,2.3,2.2,100.0,0,0,0,302,0,0,0,434,2,91,0,0,300,253
Phil Mayhue,48044,WR,MEMPHIS,13,47.9,0,218,77.9,,80.4,0,0,0,0.0,0.0,,0,0,0,302,0,0,0,630,0,328,0,0,302,1
Rashard Higgins,10806,WR,COLO STATE,12,48.0,0,144,91.3,,69.2,0,0,0,0.0,0.0,,2,0,0,302,0,0,0,629,0,326,0,0,302,4
Wes Lunt,12050,QB,ILLINOIS,12,36.1,0,187,67.7,,60.1,0,0,0,0.0,0.0,,2,0,0,302,0,0,0,836,0,528,0,0,302,0
Austin Duke,47632,WR,CHARLOTTE,12,45.5,1,136,58.3,64.4,53.8,0,0,1,0.3,0.3,100.0,4,0,0,302,0,0,0,664,1,354,0,0,301,0
Shaq Washington,38626,WR,CINCINNATI,13,37.7,0,138,87.0,,78.5,0,0,0,0.0,0.0,,1,0,0,302,0,0,0,802,0,500,0,0,302,2
JaBryce Taylor,48189,WR,UTSA,12,47.9,1,331,66.7,,63.0,0,0,0,0.0,0.0,,3,0,0,302,0,0,0,631,0,328,0,0,302,0
Chris Lopez,27086,G,UNLV,9,100.0,0,325,59.8,29.3,60.8,3,4,129,100.0,100.0,95.7,0,9,2,302,0,42,0,302,139,139,260,0,163,0
Tre Robertson,18033,G,E CAROLINA,6,100.0,0,156,70.3,61.0,73.8,0,4,169,100.0,100.0,97.6,1,6,2,302,0,209,55,302,180,180,38,0,122,0
Tyrian Taylor,47932,WR,NEW MEX ST,12,39.6,0,242,64.2,,49.4,0,0,0,0.0,0.0,,0,0,0,301,0,0,0,760,0,457,0,0,301,0
Patrick Mahomes,11765,QB,TEXAS TECH,13,28.5,0,315,79.3,,60.1,0,0,0,0.0,0.0,,5,0,0,300,0,0,0,1053,0,681,0,0,300,0
Malachi Dupre,12002,WR,LSU,12,50.2,0,211,76.4,,62.9,0,0,0,0.0,0.0,,2,0,0,300,0,0,0,598,0,298,0,0,300,0
Justin Murphy,46683,G,TEXAS TECH,5,100.0,1,315,73.6,81.5,74.8,3,5,176,100.0,100.0,97.7,2,8,0,300,0,24,23,300,186,186,250,3,114,0
Tyrone Young-Smith,48098,WR,UTAH,13,50.8,0,328,53.9,,63.5,0,0,0,0.0,0.0,,1,0,0,300,0,0,0,590,0,290,0,0,300,0
Tryston Mizerak,46986,C,TEXAS ST,7,100.0,0,314,65.9,76.0,62.4,1,4,149,100.0,100.0,98.3,1,5,0,300,300,0,0,300,154,154,0,0,146,0
Josh Campion,16350,T,MINNESOTA,4,100.0,0,225,63.1,50.3,68.3,1,11,151,100.0,100.0,94.7,2,14,2,300,0,0,0,300,156,156,0,299,144,1
Kody Cook,18371,WR,KANSAS ST,13,44.8,0,199,69.1,,60.1,0,0,0,0.0,0.0,,2,0,0,298,0,0,0,665,0,317,0,0,298,1
Richard Murphy,21019,TE,CHARLOTTE,12,69.0,0,136,64.6,56.9,69.3,0,3,47,26.1,26.8,96.8,5,3,0,298,0,0,0,432,49,183,0,1,249,134
Robert Davis,11964,WR,GA STATE,13,35.6,0,175,66.9,,65.7,0,0,0,0.0,0.0,,2,0,0,298,0,0,0,838,0,540,0,0,298,1
Malachi Jones,11045,WR,APP STATE,13,59.0,0,108,69.3,,69.4,0,0,0,0.0,0.0,,0,0,0,297,0,0,0,503,0,206,0,0,297,0
Artavis Scott,12044,WR,CLEMSON,15,41.9,0,140,75.3,,71.5,0,0,0,0.0,0.0,,2,0,0,297,0,0,0,709,0,407,0,0,297,0
Shaq Counts,17803,G,APP STATE,12,100.0,0,108,67.4,68.6,68.0,1,3,96,100.0,100.0,97.9,2,4,0,297,32,128,111,297,104,104,0,23,193,3
Sam Bergen,11384,FB,RUTGERS,12,85.1,0,278,58.6,68.0,59.4,0,1,41,44.1,44.1,96.3,1,2,1,296,0,0,0,348,41,93,0,0,255,71
Simms McElfresh,17724,WR,APP STATE,12,52.5,0,108,71.5,,60.3,0,0,0,0.0,0.0,,1,0,0,296,0,0,0,564,0,261,0,0,296,0
Christian Kirk,47546,WR,TEXAS A&M,13,37.5,0,312,75.2,,68.4,0,0,0,0.0,0.0,,0,0,0,296,0,0,0,790,0,483,0,0,296,0
Steve Ishmael,47731,WR,SYRACUSE,12,46.1,1,304,69.5,,68.6,0,0,0,0.0,0.0,,6,0,0,295,0,0,0,640,0,345,0,0,295,0
Jonathan Duhart,47666,WR,DOMINION,12,39.9,0,263,68.2,76.8,73.2,0,0,8,1.8,2.0,100.0,0,0,0,295,0,0,0,740,9,454,0,2,286,5
Garrett Dickerson,47268,TE,NWESTERN,11,78.2,0,256,73.3,66.4,63.0,0,0,23,22.1,23.6,95.7,0,1,1,295,0,0,0,377,25,106,0,0,270,328
Fredi Knighten,17824,QB,ARK STATE,10,41.2,0,113,70.6,,60.0,0,0,0,0.0,0.0,,3,0,0,294,0,0,0,713,0,318,0,0,294,0
Marcus Davis,47943,WR,AUBURN,13,53.7,0,115,57.9,61.0,64.2,0,0,1,0.4,0.4,100.0,1,0,0,294,0,0,0,547,1,253,0,0,293,0
Gerhard de Beer,46960,G,ARIZONA,7,100.0,1,109,58.4,61.7,57.0,3,4,153,100.0,100.0,97.1,2,8,1,294,0,177,0,294,162,162,82,35,132,0
Conor Hundley,16449,HB,AKRON,13,47.1,0,102,80.4,86.7,71.7,2,2,160,58.0,58.7,98.7,0,4,0,294,0,0,0,624,172,293,0,0,122,5
Shane Smith,12238,FB,S JOSE ST,13,80.1,0,285,85.9,69.6,88.5,0,1,41,37.6,36.3,96.3,1,2,1,293,0,0,0,366,41,113,0,0,252,138
Kalib Woods,48013,WR,FAU,11,45.2,0,165,56.9,,55.7,0,0,0,0.0,0.0,,3,0,0,293,0,0,0,648,0,354,0,0,293,1
Deion Calhoun,46676,G,MISS STATE,11,100.0,0,227,72.0,64.2,74.0,1,6,168,100.0,100.0,97.3,0,8,1,293,0,25,0,293,176,176,268,0,117,0
Danny Woodson II,20536,WR,S ALABAMA,10,51.0,0,288,58.8,,70.0,0,0,0,0.0,0.0,,0,0,0,292,0,0,0,573,0,280,0,0,292,0
Keith Towbridge,12154,TE,LOUISVILLE,13,64.7,0,210,66.6,55.0,80.6,1,2,41,21.2,21.7,93.9,4,4,1,292,0,0,0,451,44,203,0,0,248,427
Robert Conyers,21766,C,OLE MISS,6,99.7,0,226,70.5,76.9,68.7,0,4,166,100.0,100.0,98.8,1,4,0,292,268,0,0,293,177,177,0,24,115,1
Mose Frazier,11015,WR,MEMPHIS,13,42.4,0,218,68.5,,70.4,0,0,0,0.0,0.0,,2,0,0,292,0,0,0,688,0,381,0,0,292,0
Mikah Holder,27203,WR,S DIEGO ST,14,57.5,2,284,74.5,,80.8,0,0,0,0.0,0.0,,5,0,0,291,0,0,0,506,0,214,0,0,291,0
Jeff Driskel,10841,QB,LA TECH,13,33.7,0,208,83.6,,60.0,0,0,0,0.0,0.0,,5,0,0,291,0,0,0,863,0,516,0,0,291,0
Riley Neal,35543,QB,BALL ST,11,36.7,0,117,66.6,,60.0,0,0,0,0.0,0.0,,1,0,0,291,0,0,0,793,0,446,0,0,291,0
Herb Waters,11520,WR,MIAMI FL,13,40.0,0,220,59.3,,61.9,0,0,0,0.0,0.0,,4,0,0,290,0,0,0,725,0,432,0,0,290,0
Tyler Jordan,46662,G,FLORIDA,9,100.0,0,163,60.3,59.8,58.3,1,8,166,100.0,100.0,97.3,1,9,0,290,36,0,0,290,172,172,254,0,118,0
Ben Johnson,47039,TE,KANSAS,12,69.2,1,198,67.8,69.6,75.6,1,2,64,33.3,34.2,97.7,5,3,0,290,0,0,8,419,67,196,0,5,223,219
Noel Thomas,12191,WR,UCONN,13,39.1,0,146,74.8,,76.4,0,0,0,0.0,0.0,,2,0,0,290,0,0,0,742,0,449,0,0,290,7
Matt Giachinta,19805,FB,ARMY,12,76.5,0,114,67.1,59.7,80.8,1,3,72,75.0,73.5,94.4,0,6,2,289,0,0,0,378,75,102,0,0,214,0
Marquise Williams,11419,QB,N CAROLINA,14,34.4,0,245,82.8,,60.0,0,0,0,0.0,0.0,,0,0,0,288,0,0,0,837,0,428,0,0,288,0
Chaz Anderson,47973,WR,BOISE ST,13,35.4,0,120,57.1,,75.9,0,0,0,0.0,0.0,,5,0,0,288,0,0,0,813,0,523,0,0,288,3
Zach Pascal,12303,WR,DOMINION,12,38.0,0,263,77.8,67.9,81.2,0,0,1,0.2,0.2,100.0,3,0,0,288,0,0,0,757,1,456,0,0,287,1
Chad Olsen,47300,TE,FRESNO ST,11,51.3,0,169,58.5,67.1,62.2,0,1,17,6.2,5.9,97.1,1,1,0,288,0,0,4,561,17,290,0,2,271,266
Thomas Woodson,26372,QB,AKRON,13,37.8,0,102,76.1,40.2,60.1,0,0,0,0.0,0.0,,4,0,0,288,0,0,0,761,0,355,0,0,288,0
Trenton Saunders,46611,G,FIU,5,100.0,2,166,54.6,59.9,58.1,0,6,163,100.0,99.4,98.2,6,6,0,287,0,0,0,287,170,171,287,0,117,0
Travis Rudolph,47997,WR,FLORIDA ST,13,41.1,0,167,71.9,,64.3,0,0,0,0.0,0.0,,1,0,0,287,0,0,0,698,0,411,0,0,287,5
George Aston,30027,FB,PITTSBURGH,13,89.1,0,268,79.8,52.3,81.2,0,1,26,44.1,42.6,94.2,0,2,1,287,0,0,0,322,26,61,0,0,261,79
Austin Hooper,10715,TE,STANFORD,14,49.3,1,300,77.1,57.8,82.6,1,0,12,4.2,3.9,87.5,3,2,1,286,0,0,0,580,12,306,0,1,274,321
Turner Smiley,29531,WR,N TEXAS,11,45.8,0,251,54.5,,56.3,0,0,0,0.0,0.0,,0,0,0,286,0,0,0,624,0,337,0,0,286,0
Felix Romero,46609,G,TEXAS ST,5,100.0,0,314,78.6,76.0,80.0,0,4,164,100.0,100.0,98.8,0,4,0,286,0,142,0,286,172,172,144,0,114,0
Jovon Durante,47716,WR,W VIRGINIA,12,50.3,0,343,57.3,,59.4,0,0,0,0.0,0.0,,1,0,0,286,0,0,0,569,0,283,0,0,286,0
Jaryn Villegas,31055,G,ARMY,6,100.0,0,114,72.4,68.7,72.4,1,0,67,100.0,100.0,97.8,1,2,1,286,0,168,5,286,71,71,113,0,215,0
Tyree Mayfield,47096,TE,WYOMING,12,77.9,0,351,63.2,70.7,69.3,0,0,33,30.6,29.6,97.0,0,1,1,286,0,0,0,367,34,115,0,0,252,352
Josh Kern,47337,TE,ARIZONA,13,82.6,0,109,67.9,60.1,70.1,0,4,53,48.6,48.7,96.2,0,4,0,285,0,0,0,345,57,117,0,0,228,219
Geronimo Allison,11141,WR,ILLINOIS,12,35.6,1,187,66.6,,70.4,0,0,0,0.0,0.0,,3,0,0,285,0,0,0,801,0,517,0,0,285,0
Von Pearson,19317,WR,TENNESSEE,13,51.6,0,307,70.7,,69.8,0,0,0,0.0,0.0,,0,0,0,285,0,0,0,552,0,263,0,0,285,1
Austin Labus,39269,T,BOWL GREEN,7,100.0,0,122,66.8,57.4,72.3,3,5,143,100.0,100.0,96.5,2,9,1,285,0,0,0,285,151,151,6,277,134,2
Quenton Bundrage,11256,WR,IOWA STATE,12,43.1,0,193,64.6,,66.7,0,0,0,0.0,0.0,,1,0,0,284,0,0,0,659,0,374,0,0,284,0
Standish Dobard,47056,TE,MIAMI FL,12,70.8,0,220,49.9,70.4,55.4,1,0,34,23.6,22.5,98.5,4,1,0,284,0,0,0,401,34,151,0,0,250,310
Kamryn Pettway,45919,HB,AUBURN,13,93.1,0,115,83.0,54.2,86.3,0,2,20,48.8,50.0,95.0,0,2,0,284,0,0,0,305,21,42,0,0,263,27
Jerome Lane,26262,WR,AKRON,13,51.4,0,102,78.6,70.0,71.7,0,0,2,0.8,0.7,100.0,4,0,0,284,0,0,9,552,2,270,0,1,282,1
Johnell Barnes,22786,WR,DUKE,10,45.8,0,154,64.0,,63.4,0,0,0,0.0,0.0,,2,0,0,283,0,0,0,618,0,335,0,0,283,0
Quinshad Davis,11131,WR,N CAROLINA,14,46.9,0,245,79.6,,72.0,0,0,0,0.0,0.0,,4,0,0,283,0,0,0,604,0,321,0,0,283,18
Zay Jones,11792,WR,E CAROLINA,12,36.7,0,156,88.4,,69.9,0,0,0,0.0,0.0,,2,0,0,283,0,0,0,771,0,488,0,0,283,0
Jim Cashman,39305,T,BOSTON COL,10,100.0,0,121,65.5,70.7,65.3,0,3,88,100.0,100.0,98.3,2,3,0,282,0,18,0,282,96,96,1,262,186,1
Fedrice Binot,36710,T,MARSHALL,6,100.0,0,214,58.4,54.2,62.6,4,5,148,100.0,100.0,97.0,2,9,0,282,0,0,21,282,156,156,0,261,126,0
Alex Erickson,11107,WR,WISCONSIN,13,41.2,1,349,87.5,,73.7,0,0,0,0.0,0.0,,1,0,0,282,0,0,0,685,0,396,0,0,282,0
Zach West,18398,G,KENTUCKY,11,100.0,0,202,75.0,61.7,77.8,1,2,146,100.0,100.0,98.3,3,4,1,281,0,281,0,281,157,157,0,0,124,0
Sean Karl,39245,G,VIRGINIA,9,100.0,0,335,68.7,81.5,66.9,0,2,164,100.0,100.0,99.4,1,2,0,281,0,275,0,281,174,174,1,0,107,5
Luke Palmer,46190,G,UCF,6,100.0,0,323,46.8,33.6,55.7,4,9,181,100.0,100.0,95.9,3,14,1,280,0,125,0,280,188,188,96,59,92,0
Tommy Myers,47154,TE,UCONN,11,61.0,0,146,69.0,71.5,78.2,1,0,42,19.5,20.1,98.8,1,1,0,280,0,0,0,459,45,224,0,0,235,375
Tyler Jones,46534,QB,TEXAS ST,12,34.1,0,314,64.7,,60.0,0,0,0,0.0,0.0,,0,0,0,280,0,0,0,821,0,436,0,0,280,0
George Kittle,11901,TE,IOWA,14,74.0,0,192,93.8,75.5,82.0,0,0,24,20.7,19.7,100.0,1,0,0,279,0,0,0,377,24,122,0,0,255,335
Tyler Carmona,48147,WR,NAVY,13,94.9,0,237,94.6,80.5,94.8,0,0,16,59.3,53.1,100.0,0,0,0,279,0,0,62,294,17,32,0,44,262,6
Benson Browne,11447,TE,NC STATE,13,87.5,0,248,71.3,77.3,70.0,0,0,39,50.0,49.4,100.0,1,0,0,279,0,0,0,319,39,79,0,1,240,276
Cameron Coffman,20018,QB,WYOMING,9,47.4,0,351,67.5,,60.9,0,0,0,0.0,0.0,,2,0,0,279,0,0,0,589,0,300,0,0,279,0
Keith Rucker Jr.,47203,TE,GA STATE,10,57.2,0,175,86.2,73.0,61.2,0,0,50,20.2,20.3,100.0,1,0,0,278,0,0,0,486,53,261,0,0,225,382
Josh Smith,47562,WR,TENNESSEE,13,53.3,1,307,64.2,,66.7,0,0,0,0.0,0.0,,3,0,0,278,0,0,0,522,0,244,0,0,278,0
Rodney Mills,19470,TE,UMASS,10,48.9,0,216,75.5,92.8,73.9,0,0,86,23.8,23.4,100.0,4,0,0,278,0,0,95,569,89,380,0,14,189,274
Ezekiel Elliott,10638,HB,OHIO STATE,13,34.7,0,260,88.8,86.6,88.4,0,0,102,31.6,32.1,99.0,1,1,1,278,0,0,0,802,108,336,0,0,170,4
Brandon Lingen,26308,TE,MINNESOTA,12,54.1,0,225,71.9,53.3,71.7,1,2,38,14.6,14.2,96.1,3,3,0,278,0,0,2,514,39,275,0,0,239,306
A.J. Williams,18581,TE,MICHIGAN,13,78.0,0,222,81.3,69.8,73.2,0,3,65,47.1,46.6,97.7,2,3,0,277,0,0,2,355,68,146,0,4,209,313
Chad Hendricks,29629,T,DOMINION,8,100.0,0,263,69.9,70.4,68.6,3,10,189,100.0,100.0,93.9,1,18,5,277,0,0,0,277,194,194,0,275,83,2
Michael Roberts,11882,TE,TOLEDO,12,51.6,0,316,75.9,74.6,84.4,0,0,12,4.6,4.8,100.0,1,0,0,277,0,0,0,537,13,273,0,0,264,242
Myles Campbell,47693,WR,GA SOUTHRN,13,74.1,0,174,69.3,,72.3,0,0,0,0.0,0.0,,0,0,0,277,0,0,0,374,0,96,0,0,277,0
Jimmie Sims,46991,T,W KENTUCKY,11,100.0,0,346,64.5,64.1,64.0,1,6,139,100.0,100.0,97.5,1,7,0,277,0,0,0,277,144,144,0,277,133,0
Thomas Sirk,22589,QB,DUKE,12,30.2,0,154,69.0,,60.3,0,0,0,0.0,0.0,,0,0,0,276,0,0,0,915,0,488,0,0,276,0
Bug Howard,12125,WR,N CAROLINA,14,50.2,0,245,70.0,,79.6,0,0,0,0.0,0.0,,0,0,0,276,0,0,0,550,0,274,0,0,276,6
K.J. Brent,11349,WR,WAKE,12,35.6,1,339,64.8,,56.8,0,0,0,0.0,0.0,,1,0,0,276,0,0,0,776,0,500,0,0,276,3
Rashawn Scott,11211,WR,MIAMI FL,13,43.3,1,220,76.4,63.9,71.3,0,0,1,0.3,0.3,100.0,3,0,0,276,0,0,0,638,1,363,0,0,275,0
Chad Kelly,12008,QB,OLE MISS,13,31.3,0,226,86.3,61.2,60.0,0,0,1,0.2,0.2,100.0,3,0,0,275,0,0,0,878,1,537,0,0,274,0
Joel Bouagnon,12167,HB,N ILLINOIS,14,35.5,0,254,73.0,82.1,73.5,2,3,163,44.9,44.9,97.9,0,6,1,274,0,0,0,772,169,376,0,0,105,0
Kevin Ellison,46555,QB,GA SOUTHRN,11,55.4,0,174,73.2,,60.5,0,0,0,0.0,0.0,,0,0,0,274,0,0,0,495,0,108,0,0,274,0
Mykhael Quave,19657,G,LA LAFAYET,4,100.0,0,207,71.5,67.9,73.0,1,3,134,100.0,100.0,98.5,1,4,0,274,0,274,0,274,141,141,0,0,133,0
Jordan Murray,46347,T,N TEXAS,9,100.0,1,251,55.0,51.3,63.7,1,6,142,100.0,100.0,95.4,4,10,3,274,0,0,224,274,147,147,0,50,127,0
Bobo Wilson,12067,WR,FLORIDA ST,13,39.5,1,167,66.9,,79.7,0,0,0,0.0,0.0,,2,0,0,274,0,0,0,694,0,417,0,0,274,1
Courtland Sutton,48164,WR,SMU,12,41.9,0,287,81.8,71.6,74.4,0,0,1,0.3,0.3,100.0,2,0,0,272,0,0,5,649,1,378,0,0,271,2
Gus Penning,17891,TE,BAYLOR,12,87.5,0,118,74.1,53.7,87.0,1,2,81,69.2,68.5,96.9,2,4,1,272,0,0,4,311,85,124,0,14,187,115
Tra Carson,11104,HB,TEXAS A&M,13,37.2,0,312,76.8,81.8,72.0,0,3,187,47.5,48.1,98.1,0,5,2,271,0,0,0,729,198,412,0,0,73,0
Clinton Lynch,45642,HB,GA TECH,12,61.7,0,176,82.6,73.2,55.8,0,1,20,14.9,15.1,97.5,3,1,0,271,0,0,0,439,21,139,0,0,250,228
Ryan Switzer,11888,WR,N CAROLINA,14,44.4,0,245,70.4,38.4,66.5,0,1,2,0.6,0.6,75.0,1,1,0,271,0,0,0,610,2,338,0,0,269,1
Zach Crawford,19362,G,TEXAS ST,8,100.0,0,314,77.4,81.6,77.7,0,1,126,100.0,100.0,98.8,2,2,1,270,0,136,0,270,129,129,134,0,141,0
Josh Parris,17220,TE,SYRACUSE,10,57.8,0,304,60.0,56.1,67.9,1,6,63,25.9,24.8,94.4,1,7,0,269,0,0,0,465,65,262,0,0,204,413
Chris Brown,46037,G,USC,11,100.0,0,326,67.6,38.3,77.0,1,5,117,100.0,100.0,94.9,2,9,3,269,0,156,0,269,120,120,113,0,149,0
Tajae Sharpe,10774,WR,UMASS,12,32.6,0,216,88.1,63.5,71.3,0,0,1,0.2,0.2,100.0,5,0,0,269,0,0,0,826,1,557,0,0,268,1
Chris Herndon,47164,TE,MIAMI FL,13,64.7,0,220,65.1,63.3,57.0,0,1,23,14.1,14.5,97.8,3,1,0,269,0,0,0,416,25,172,0,0,244,260
Tyler Bell,34877,HB,WAKE,12,46.3,0,339,60.6,61.9,66.2,3,10,199,52.6,54.3,95.2,1,16,3,268,0,0,0,579,216,398,0,0,52,20
Connor Cella,47563,TE,RICE,11,62.6,0,275,66.5,75.6,68.7,0,0,26,14.5,14.0,100.0,0,0,0,268,0,0,1,428,26,186,0,1,242,268
Cortez Lewis,48296,WR,WAKE,12,36.4,0,339,66.7,,68.8,0,0,0,0.0,0.0,,4,0,0,267,0,0,0,733,0,466,0,0,267,0
Patrick Skov,11067,FB,GA TECH,11,70.6,1,176,65.8,79.9,52.7,0,3,104,85.2,85.9,98.6,1,3,0,267,0,0,0,378,110,128,0,0,157,0
Dustin Creel,17974,WR,E MICHIGAN,12,39.6,0,160,63.9,,85.3,0,0,0,0.0,0.0,,3,0,0,267,0,0,0,675,0,408,0,0,267,0
Elijah Wellman,47323,TE,W VIRGINIA,13,84.5,0,343,64.4,71.2,67.2,0,1,74,68.5,69.0,98.0,0,2,1,267,0,0,0,316,78,113,0,0,189,21
Robert Leff,12027,T,AUBURN,10,100.0,0,115,81.1,54.1,80.2,0,3,56,100.0,100.0,93.7,0,5,2,266,0,0,180,266,58,58,0,25,208,61
Carlos Johnson,28992,T,MIDDLE TN,5,100.0,0,224,77.7,88.1,71.1,0,2,132,100.0,100.0,98.5,1,3,1,266,0,0,264,266,136,136,0,0,130,2
Tim Crawley,47574,WR,S JOSE ST,13,41.4,0,285,66.8,,62.5,0,0,0,0.0,0.0,,1,0,0,266,0,0,0,643,0,373,0,0,266,8
Ryan Burbrink,17092,WR,BOWL GREEN,13,36.1,0,122,63.2,,61.9,0,0,0,0.0,0.0,,3,0,0,266,0,0,0,736,0,469,0,0,266,6
Aaron Grubb,17024,WR,UTSA,12,42.9,0,331,60.3,,64.8,0,0,0,0.0,0.0,,1,0,0,266,0,0,0,620,0,339,0,0,266,0
Lawrence White,15140,TE,TEXAS ST,12,64.9,0,314,59.7,71.3,67.6,0,1,42,24.0,23.4,98.8,0,1,0,266,0,0,0,410,44,188,0,1,222,292
Kenny Potter,46562,QB,S JOSE ST,11,39.5,0,285,85.9,,60.0,0,0,0,0.0,0.0,,1,0,0,266,0,0,0,673,0,357,0,0,266,0
Matt Davis,46456,QB,SMU,12,32.0,0,287,74.0,,60.0,0,0,0,0.0,0.0,,0,0,0,266,0,0,0,830,0,464,0,0,266,0
Ben Dew,17124,G,HOUSTON,3,100.0,0,182,68.6,84.2,68.1,0,3,127,100.0,100.0,98.8,3,3,0,266,0,266,0,266,130,130,0,0,136,0
Desmine Hilliard,17886,G,BAYLOR,12,100.0,0,118,70.6,78.6,68.2,0,1,97,100.0,100.0,99.5,0,1,0,265,0,82,0,265,100,100,183,0,165,0
Drew Hare,46600,QB,N ILLINOIS,9,41.4,0,254,78.8,,60.0,0,0,0,0.0,0.0,,0,0,0,265,0,0,0,640,0,307,0,0,265,0
Ryan Carden,19360,TE,TEXAS ST,8,63.4,0,314,75.8,68.3,81.8,0,1,56,27.6,27.8,97.3,4,2,1,265,0,0,1,418,59,212,0,1,206,297
Johnny McCrary,26439,QB,VANDERBILT,10,42.8,0,333,44.1,,60.0,0,0,0,0.0,0.0,,5,0,0,265,0,0,0,619,0,316,0,0,265,0
Richie James,28991,WR,MIDDLE TN,13,38.8,0,224,91.0,,69.8,0,0,0,0.0,0.0,,3,0,0,265,0,0,0,683,0,405,0,0,265,3
Austin Carr,12215,WR,NWESTERN,12,58.9,0,256,67.8,63.9,72.3,0,0,1,0.5,0.5,100.0,2,0,0,264,0,0,0,448,1,184,0,0,263,13
Michael Mooney,46395,T,VIRGINIA,5,100.0,1,335,68.9,80.8,65.5,1,3,150,100.0,100.0,97.3,3,6,2,264,0,0,258,264,158,158,0,0,106,6
Mike McHugh,23261,WR,NWESTERN,13,54.3,0,256,61.1,,77.2,0,0,0,0.0,0.0,,0,0,0,264,0,0,0,486,0,222,0,0,264,0
Hunter Renfrow,47509,WR,CLEMSON,15,42.7,0,140,60.3,63.5,55.0,0,0,1,0.3,0.3,100.0,0,0,0,263,0,0,0,616,1,354,0,0,262,0
Zac Veatch,47128,TE,OKLA STATE,13,74.9,0,262,70.0,65.0,73.7,0,1,68,44.4,45.3,97.8,2,2,1,263,0,0,2,351,73,161,0,3,190,233
Temi Alaka,48011,WR,RICE,11,48.5,0,275,57.5,,62.6,0,0,0,0.0,0.0,,1,0,0,263,0,0,0,542,0,279,0,0,263,0
Clyde McCauley III,36930,T,KANSAS,5,100.0,0,198,69.7,61.0,72.4,0,6,148,100.0,100.0,95.3,1,10,4,263,0,0,249,263,154,154,0,0,109,14
Jeremy Johnson,46386,QB,AUBURN,12,55.7,0,115,59.4,,60.6,0,0,0,0.0,0.0,,1,0,0,263,0,0,0,472,0,177,0,0,263,0
Reginald Davis III,47733,WR,TEXAS TECH,13,36.0,1,315,57.6,,64.6,0,0,0,0.0,0.0,,1,0,0,262,0,0,0,728,0,464,0,0,262,1
Braxton Deaver,11380,TE,DUKE,12,53.6,0,154,61.9,75.8,72.5,0,0,20,8.6,9.2,100.0,1,0,0,262,0,0,0,489,23,250,0,0,239,69
Richard Mullaney,11167,WR,ALABAMA,15,44.4,0,103,72.2,68.9,86.7,0,0,2,0.6,0.6,100.0,0,0,0,262,0,0,0,590,2,330,0,0,260,28
Ryan Mack,11125,T,MEMPHIS,8,100.0,0,218,70.8,78.6,67.1,0,3,100,100.0,100.0,97.5,1,4,1,262,0,0,0,262,101,101,0,261,161,1
Chandler Cox,45629,FB,AUBURN,13,78.0,0,115,69.0,60.5,85.8,0,3,45,38.1,38.3,92.2,2,5,2,262,0,0,0,336,46,120,0,0,216,42
Kyle Harris,17601,T,ARK STATE,7,100.0,1,113,66.3,68.5,66.7,1,6,112,100.0,100.0,96.0,3,8,1,262,0,0,231,262,120,120,2,27,142,2
Brogan Roback,25079,QB,E MICHIGAN,12,37.9,0,160,64.5,,61.4,0,0,0,0.0,0.0,,0,0,0,262,0,0,0,692,0,402,0,0,262,0
Alex Chisum,11478,WR,CINCINNATI,13,42.4,0,138,63.8,,57.7,0,0,0,0.0,0.0,,1,0,0,261,0,0,0,615,0,354,0,0,261,0
James Daniels,45576,G,IOWA,8,100.0,1,192,73.3,40.3,80.1,2,5,109,100.0,100.0,95.0,2,9,2,261,0,209,0,261,114,114,21,31,147,0
Devan Stubblefield,28257,WR,HAWAII,12,45.4,0,180,58.1,,64.6,0,0,0,0.0,0.0,,4,0,0,261,0,0,0,575,0,314,0,0,261,0
Matt VandeBerg,47559,WR,IOWA,14,37.5,0,192,76.4,,80.7,0,0,0,0.0,0.0,,0,0,0,260,0,0,0,694,0,432,0,0,260,0
Juwan Brescacin,16490,WR,N ILLINOIS,13,45.5,0,254,59.1,,76.9,0,0,0,0.0,0.0,,0,0,0,260,0,0,0,572,0,312,0,0,260,0
Teriyon Gipson,45968,HB,NEW MEXICO,12,50.9,0,241,64.2,47.6,52.9,2,0,20,16.5,18.9,95.0,1,2,0,259,0,0,0,509,24,127,0,0,235,0
Chavis Dickey,46780,T,UCF,7,100.0,0,323,45.3,28.9,57.6,3,17,162,100.0,100.0,92.6,2,22,2,259,0,58,0,259,166,166,0,201,93,0
Kris Strange,18047,WR,E MICHIGAN,11,43.0,0,160,58.3,,82.3,0,0,0,0.0,0.0,,3,0,0,259,0,0,0,603,0,344,0,0,259,0
Darrin Laufasa,47296,FB,UTEP,12,69.1,0,330,66.0,55.9,68.8,1,3,41,33.6,34.1,95.1,1,4,0,259,0,0,0,375,43,126,0,0,216,48
Jaylen Samuels,47297,TE,NC STATE,13,48.0,1,248,81.2,69.3,61.8,0,4,35,13.9,13.6,94.3,1,4,0,258,0,0,0,537,35,258,0,0,223,184
KeeSean Johnson,39587,WR,FRESNO ST,12,45.0,0,169,59.5,,68.5,0,0,0,0.0,0.0,,1,0,0,258,0,0,0,573,0,315,0,0,258,0
Ricky Seals-Jones,12020,WR,TEXAS A&M,13,36.9,0,312,66.5,71.9,84.6,0,0,1,0.2,0.2,100.0,2,0,0,257,0,0,1,696,1,440,0,0,256,6
Antonio Callaway,48101,WR,FLORIDA,14,38.3,0,163,66.2,61.0,70.5,0,0,1,0.3,0.2,100.0,1,0,0,257,0,0,0,671,1,412,0,0,256,19
Mitchell Paige,12337,WR,INDIANA,13,42.3,0,190,70.7,,60.6,0,0,0,0.0,0.0,,0,0,0,257,0,0,0,608,0,348,0,0,257,0
Teddy Veal,26490,WR,TULANE,12,40.0,0,319,67.0,,73.9,0,0,0,0.0,0.0,,2,0,0,256,0,0,0,640,0,384,0,0,256,3
Reuben Mwehla,39530,WR,IDAHO,12,42.5,0,185,50.8,,58.9,0,0,0,0.0,0.0,,2,0,0,256,0,0,0,603,0,347,0,0,256,0
Andrew Peterson,21121,T,SO MISS,8,100.0,0,296,46.2,34.4,61.3,1,5,134,100.0,100.0,94.0,7,11,5,255,0,0,0,255,146,146,0,255,109,0
Ryan Hoefeld,28232,C,FLORIDA ST,4,100.0,0,167,47.2,27.0,56.0,5,8,148,100.0,100.0,95.6,2,13,0,255,255,0,0,255,154,154,0,0,101,0
Trevon Pendleton,17084,FB,MICH STATE,14,85.6,0,223,64.6,85.2,62.1,0,0,36,46.2,46.8,100.0,0,0,0,255,0,0,0,298,37,79,0,0,218,21
Johnny Mundt,12206,TE,OREGON,13,69.5,0,264,66.8,36.8,82.6,0,1,25,18.7,19.4,98.0,0,1,0,255,0,0,0,367,27,139,0,0,228,249
Jauan Wesley,28630,WR,IOWA STATE,10,40.7,0,193,58.1,,63.1,0,0,0,0.0,0.0,,0,0,0,255,0,0,0,626,0,369,0,0,255,1
Callen Hightower,48145,WR,IDAHO,11,37.2,0,185,66.1,,66.4,0,0,0,0.0,0.0,,0,0,0,255,0,0,0,685,0,428,0,0,255,0
Bobby Wolford,18052,FB,BOSTON COL,12,84.1,0,121,60.4,27.9,62.7,1,3,19,29.2,29.9,89.5,1,4,0,254,0,0,0,302,20,67,0,0,234,111
Warren Leapheart,22347,TE,ARK STATE,13,64.5,0,113,64.1,78.4,80.6,0,0,31,18.7,18.1,100.0,3,0,0,254,0,0,3,394,31,171,0,0,223,228
Trevone Boykin,11279,QB,TCU,11,31.3,0,305,90.1,,60.5,0,0,0,0.0,0.0,,3,0,0,254,0,0,0,811,0,479,0,0,254,0
Johnny Woods,48238,WR,KENT STATE,11,50.4,0,201,59.5,,66.0,0,0,0,0.0,0.0,,0,0,0,253,0,0,0,502,0,249,0,0,253,0
Samaje Perine,11869,HB,OKLAHOMA,13,37.2,0,261,80.8,84.6,68.2,0,3,149,44.2,43.7,98.3,0,4,1,252,0,0,0,678,153,350,0,0,99,0
Alex McGough,46420,QB,FIU,12,32.1,0,166,70.8,,60.0,0,0,0,0.0,0.0,,3,0,0,252,0,0,0,784,0,492,0,0,252,0
Daythan Davis,39579,FB,SO MISS,14,78.5,1,296,55.6,31.5,55.1,1,2,32,33.7,33.3,95.3,1,3,0,252,0,0,0,321,33,99,0,0,219,76
Jesse Kroll,25334,WR,C MICHIGAN,13,34.0,0,134,76.9,64.4,70.7,0,0,1,0.2,0.2,100.0,1,0,0,252,0,0,0,742,1,491,0,0,251,2
Saledeem Major,16549,TE,TEMPLE,14,76.8,0,306,73.7,74.2,67.0,0,0,37,34.6,35.6,100.0,1,0,0,252,0,0,0,328,42,118,0,0,210,304
LaQuan McGowan,37823,TE,BAYLOR,13,90.6,1,118,77.8,67.6,86.1,0,2,64,73.6,73.7,98.4,4,2,0,252,0,0,18,278,70,95,0,19,182,123
Jeremy Hickey,28242,T,E MICHIGAN,7,100.0,0,160,60.2,51.4,62.4,1,7,142,100.0,100.0,95.8,0,10,2,252,95,2,92,252,148,148,4,58,104,1
Max Tuerk,10700,C,USC,5,100.0,0,326,88.8,87.6,88.1,0,0,145,100.0,100.0,99.3,3,1,1,251,251,0,0,251,152,152,0,0,99,0
Dezmand Candelarie,46206,G,NEW MEX ST,5,100.0,0,242,74.6,74.9,78.6,1,3,133,100.0,100.0,98.5,2,4,0,251,0,0,0,251,141,141,251,0,110,0
Corey Jones,47526,WR,TOLEDO,12,42.1,0,316,63.4,,74.5,0,0,0,0.0,0.0,,2,0,0,250,0,0,0,594,0,339,0,0,250,2
Jaylen Smith,47846,WR,LOUISVILLE,13,41.0,0,210,57.7,,67.6,0,0,0,0.0,0.0,,1,0,0,250,0,0,0,610,0,360,0,0,250,0
Chris Brown,11118,WR,NOTRE DAME,13,45.5,0,258,76.2,,64.7,0,0,0,0.0,0.0,,1,0,0,250,0,0,0,550,0,300,0,0,250,0
Hansell Wilson,16873,WR,S JOSE ST,13,40.5,0,285,64.0,,62.3,0,0,0,0.0,0.0,,3,0,0,250,0,0,0,618,0,363,0,0,250,0
Garrett Johnson,47450,WR,KENTUCKY,12,38.4,0,202,71.3,,62.3,0,0,0,0.0,0.0,,1,0,0,249,0,0,0,648,0,398,0,0,249,1
Keeon Johnson,12234,WR,VIRGINIA,12,45.5,1,335,52.5,,70.0,0,0,0,0.0,0.0,,2,0,0,249,0,0,0,547,0,298,0,0,249,0
Eugene German,46999,T,CHARLOTTE,8,100.0,1,136,69.8,70.4,66.0,1,3,123,100.0,100.0,96.7,1,6,2,249,0,0,0,249,127,127,0,245,122,3
Jake Roh,26561,TE,BOISE ST,13,42.5,0,120,63.2,61.5,73.5,1,1,21,6.1,6.1,90.5,0,3,1,249,0,0,0,586,22,359,0,0,227,256
Imani Davis,16590,WR,AKRON,13,44.9,0,102,76.0,,71.6,0,0,0,0.0,0.0,,2,0,0,249,0,0,0,555,0,302,0,0,249,8
DeShone Kizer,11807,QB,NOTRE DAME,13,32.8,0,258,76.5,,60.0,0,0,0,0.0,0.0,,4,0,0,249,0,0,0,759,0,419,0,0,249,0
J'Mon Moore,48316,WR,MISSOURI,12,41.5,0,229,58.9,,61.5,0,0,0,0.0,0.0,,3,0,0,248,0,0,0,598,0,350,0,0,248,1
Wesley Leftwich,18628,WR,MISSOURI,11,43.2,0,229,55.3,,58.8,0,0,0,0.0,0.0,,0,0,0,248,0,0,0,574,0,326,0,0,248,0
Joe Walker,24470,HB,ARMY,10,79.5,0,114,63.7,75.4,56.1,0,0,12,25.5,25.0,100.0,1,0,0,248,0,0,0,312,12,48,0,0,236,175
Fred Johnson,46951,T,FLORIDA,8,100.0,1,163,55.8,52.8,73.6,2,6,137,100.0,100.0,96.4,5,9,1,247,0,0,0,247,143,143,0,245,104,2
Alec Abeln,46639,G,MISSOURI,8,100.0,1,229,54.5,42.4,65.5,5,3,119,100.0,100.0,95.0,2,10,2,247,33,214,0,247,130,130,0,0,117,0
Robbie Chosen,11254,WR,TEMPLE,14,36.3,0,306,73.1,,60.3,0,0,0,0.0,0.0,,2,0,0,247,0,0,0,680,0,429,0,0,247,0
Shane Carpenter,46853,T,LA TECH,12,100.0,1,208,50.0,40.8,56.2,3,10,138,100.0,100.0,94.6,2,14,1,247,0,0,0,247,145,145,0,244,102,3
Bryant Shirreffs,46413,QB,UCONN,12,35.0,0,146,57.0,,60.0,0,0,0,0.0,0.0,,4,0,0,247,0,0,0,705,0,408,0,0,247,0
Patrick Towles,46478,QB,KENTUCKY,11,36.5,0,202,63.0,,60.2,0,0,0,0.0,0.0,,0,0,0,247,0,0,0,677,0,406,0,0,247,0
Larry Rose III,39604,HB,NEW MEX ST,12,34.2,0,242,78.3,80.5,64.0,2,6,180,44.8,45.4,97.2,1,9,1,247,0,0,0,723,194,427,0,0,53,0
BJ Johnson III,18197,WR,GA SOUTHRN,9,72.6,0,174,77.8,,67.9,0,0,0,0.0,0.0,,0,0,0,246,0,0,0,339,0,92,0,0,246,0
Louie Addazio,18025,TE,BOSTON COL,10,91.1,0,121,48.3,69.1,56.3,0,0,34,59.6,60.0,97.1,3,1,1,246,0,0,5,270,36,60,0,4,210,261
Josh McNeil,25620,TE,AKRON,10,83.7,0,102,59.7,58.4,52.5,1,3,55,55.0,54.3,96.4,1,4,0,246,0,0,2,294,57,105,0,1,189,269
Terry Godwin II,47946,WR,GEORGIA,13,47.1,0,173,67.4,,55.3,0,0,0,0.0,0.0,,3,0,0,246,0,0,0,522,0,268,0,0,246,2
Brandon Fritts,39542,TE,N CAROLINA,14,64.1,0,245,70.4,72.2,69.2,0,2,28,17.7,18.3,96.4,1,2,0,246,0,0,4,384,31,169,0,8,215,101
Dishan Romine,38115,TE,NAVY,13,74.2,0,237,84.1,81.1,61.1,0,0,9,16.4,15.5,100.0,1,0,0,245,0,0,0,330,9,58,0,0,236,195
Harley Scioneaux,16569,TE,LA MONROE,13,43.8,0,209,52.6,44.8,65.4,0,2,37,10.7,11.3,97.3,3,2,0,245,0,0,0,559,40,354,0,0,205,125
Jaquez Johnson,18005,QB,FAU,10,39.7,0,165,57.4,,60.1,0,0,0,0.0,0.0,,2,0,0,245,0,0,0,617,0,299,0,0,245,0
Tyler Compton,46114,G,DOMINION,8,100.0,0,263,84.8,82.3,78.9,0,3,135,100.0,100.0,98.9,0,3,0,244,22,158,0,244,144,144,64,0,100,0
Thomas Owens,48148,WR,FIU,12,36.3,1,166,65.0,,59.2,0,0,0,0.0,0.0,,3,0,0,244,0,0,0,672,0,429,0,0,244,0
Caleb Scott,48100,WR,VANDERBILT,12,47.8,0,333,56.9,,58.7,0,0,0,0.0,0.0,,1,0,0,244,0,0,0,510,0,266,0,0,244,4
Jake Fruhmorgen,47017,T,CLEMSON,11,100.0,0,140,62.0,67.9,64.3,1,4,104,100.0,100.0,97.6,3,5,0,244,0,0,0,244,110,110,0,244,134,0
Nate Phillips,47463,WR,ARIZONA,13,36.6,0,109,65.5,,77.9,0,0,0,0.0,0.0,,1,0,0,244,0,0,0,666,0,422,0,0,244,0
Nate Iese,47210,TE,UCLA,13,73.9,0,324,70.2,68.0,68.3,0,3,41,33.6,34.1,96.3,0,3,0,244,0,0,0,330,44,129,0,0,200,279
Glenn Gronkowski,10966,FB,KANSAS ST,13,80.5,0,199,85.1,86.9,89.3,0,1,43,48.3,48.4,98.8,2,1,0,244,0,0,0,303,46,95,0,0,198,37
Nate Brown,29094,WR,MISSOURI,12,40.7,0,229,59.7,,54.0,0,0,0,0.0,0.0,,2,0,0,243,0,0,0,597,0,354,0,0,243,0
Jackson Barton,46978,T,UTAH,11,100.0,0,328,73.4,78.7,69.4,1,5,117,100.0,100.0,97.4,3,6,0,243,0,0,238,243,124,124,0,4,119,0
Ricardo Louis,10748,WR,AUBURN,13,50.0,2,115,76.0,63.9,77.1,0,0,1,0.5,0.5,100.0,3,0,0,242,0,0,0,484,1,212,0,0,241,0
Chris Godwin,11839,WR,PENN STATE,13,35.0,0,266,80.5,,71.5,0,0,0,0.0,0.0,,0,0,0,242,0,0,0,691,0,449,0,0,242,2
Jordan Jurasevich,30003,TE,PURDUE,12,71.1,0,273,68.0,66.8,70.8,0,2,51,34.9,35.1,98.0,1,2,0,241,0,0,4,339,53,151,0,1,188,262
Tyler Cameron,47287,TE,FAU,12,60.6,0,165,71.2,76.5,76.8,0,0,29,16.8,17.2,100.0,0,0,0,241,0,0,0,398,32,186,0,0,209,139
Evan Voeller,46816,G,OREGON,10,100.0,0,264,72.1,54.9,76.2,0,7,103,100.0,100.0,95.6,1,8,1,241,0,203,3,241,108,108,20,15,133,0
Dayton Valentine,47205,TE,KANSAS ST,11,76.8,0,199,58.3,68.3,69.6,0,1,49,42.2,42.1,99.0,0,1,0,241,0,0,0,314,53,126,0,0,188,305
Devin Lauderdale,48315,WR,TEXAS TECH,11,37.7,1,315,60.7,73.0,69.1,0,0,2,0.5,0.5,100.0,5,0,0,241,0,0,3,639,2,400,0,0,239,0
Kendall Ardoin,39215,TE,TULANE,12,75.7,0,319,54.0,73.4,58.3,0,2,40,34.2,35.8,97.5,0,2,0,240,0,0,0,317,43,120,0,0,197,232
Jamal Robinson,10900,WR,LA LAFAYET,12,42.7,0,207,77.0,,65.9,0,0,0,0.0,0.0,,4,0,0,240,0,0,0,562,0,322,0,0,240,1
Stephen Anderson,11160,TE,CAL,13,37.4,0,130,67.0,71.8,82.0,0,1,25,6.3,6.1,98.0,2,1,0,240,0,0,3,642,26,428,0,2,214,189
Adam Khouri,29508,G,NEVADA,4,100.0,0,239,74.4,69.0,74.4,2,2,107,100.0,100.0,97.2,0,5,1,239,0,239,0,239,113,113,0,0,126,0
John Wa'a,46030,G,HAWAII,8,100.0,0,180,69.0,66.0,73.3,2,4,134,100.0,100.0,97.8,2,6,0,239,0,159,1,239,138,138,69,7,101,3
Kolby Listenbee,10826,WR,TCU,11,42.4,1,305,67.5,66.5,47.9,0,0,1,0.3,0.3,100.0,2,0,0,239,0,0,3,564,1,325,0,0,238,0
Christian Jones,18911,WR,NWESTERN,13,49.0,0,256,60.2,,56.5,0,0,0,0.0,0.0,,3,0,0,239,0,0,0,488,0,249,0,0,239,2
Shay Fields,47791,WR,COLORADO,12,39.3,0,143,66.6,,68.4,0,0,0,0.0,0.0,,0,0,0,239,0,0,0,608,0,367,0,0,239,1
Chris Brown,46374,T,CHARLOTTE,8,100.0,0,136,66.5,53.9,67.4,2,3,98,100.0,100.0,94.4,0,8,3,238,0,0,236,238,99,99,0,0,139,1
Ricky Parks,25621,TE,SO MISS,13,65.6,0,296,50.5,62.9,65.0,0,2,35,22.6,22.4,97.1,3,2,0,238,0,0,1,363,36,161,0,0,202,259
Michael Brewer,19619,QB,VA TECH,8,45.9,0,337,66.3,,60.6,0,0,0,0.0,0.0,,1,0,0,238,0,0,0,518,0,258,0,0,238,0
Davis Moore,26126,G,GA STATE,7,100.0,1,175,50.1,18.6,61.1,2,10,139,100.0,100.0,94.2,2,14,2,238,0,233,0,238,150,150,5,0,88,0
Troy Fumagalli,47333,TE,WISCONSIN,11,48.4,0,349,68.3,63.2,63.1,0,3,26,9.7,9.9,94.2,4,3,0,238,0,0,0,492,28,282,0,0,210,380
Drew Wolitarsky,47637,WR,MINNESOTA,13,38.8,0,225,67.8,,88.3,0,0,0,0.0,0.0,,1,0,0,237,0,0,0,611,0,374,0,0,237,0
Jerrod Heard,47635,QB,TEXAS,12,43.3,0,311,73.6,,60.1,0,0,0,0.0,0.0,,2,0,0,237,0,0,0,547,0,236,0,0,237,0
Marvin Shinn,20535,WR,S ALABAMA,12,48.6,0,288,62.7,,65.5,0,0,0,0.0,0.0,,1,0,0,237,0,0,0,488,0,251,0,0,237,0
Buck Jones,23866,TE,TCU,13,80.3,0,305,67.6,59.6,78.0,0,3,50,49.0,47.7,97.0,0,3,0,237,0,0,1,295,53,111,0,0,184,130
Gunner Kiel,24708,QB,CINCINNATI,10,38.6,0,138,87.0,,60.8,0,0,0,0.0,0.0,,3,0,0,236,0,0,0,611,0,353,0,0,236,0
Travin Dural,12219,WR,LSU,10,54.1,0,211,77.8,,61.2,0,0,0,0.0,0.0,,1,0,0,236,0,0,0,436,0,197,0,0,236,0
Joe Hubener,46389,QB,KANSAS ST,13,32.4,0,199,58.2,,60.6,0,0,0,0.0,0.0,,2,0,0,235,0,0,0,725,0,344,0,0,235,0
Anu Solomon,46599,QB,ARIZONA,11,35.3,0,109,85.7,,60.0,0,0,0,0.0,0.0,,0,0,0,235,0,0,0,665,0,391,0,0,235,0
Hayden Biegel,38613,T,WISCONSIN,4,100.0,0,349,65.0,60.2,64.2,2,4,106,100.0,100.0,96.2,1,7,1,235,0,0,0,235,112,112,0,230,123,5
Treon Harris,27651,QB,FLORIDA,12,40.2,0,163,55.8,,60.0,0,0,0,0.0,0.0,,4,0,0,235,0,0,0,585,0,319,0,0,235,1
Brandon Silvers,46483,QB,TROY,11,37.6,0,318,68.7,,60.8,0,0,0,0.0,0.0,,2,0,0,235,0,0,0,625,0,367,0,0,235,0
Demarcus Robinson,10760,WR,FLORIDA,13,39.4,1,163,68.5,,73.1,0,0,0,0.0,0.0,,2,0,0,235,0,0,0,596,0,360,0,1,235,0
DaeSean Hamilton,45416,WR,PENN STATE,13,35.3,0,266,67.7,,79.8,0,0,0,0.0,0.0,,1,0,0,235,0,0,0,666,0,431,0,0,235,13
Kellen Clute,19043,TE,OREGON ST,11,72.7,0,265,50.8,60.7,67.8,1,1,44,33.8,36.2,97.7,0,2,0,234,0,0,1,322,50,138,0,3,184,278
Kenny Lawler,10877,WR,CAL,13,35.9,0,130,71.7,,64.6,0,0,0,0.0,0.0,,2,0,0,234,0,0,0,652,0,417,0,0,234,0
Evan Tatford,19578,TE,LA LAFAYET,12,79.3,0,207,69.3,75.2,77.8,0,0,26,32.1,30.7,100.0,0,0,0,234,0,0,0,295,27,88,0,0,207,279
Ka'John Armstrong,46148,G,E MICHIGAN,9,100.0,1,160,54.9,54.6,57.9,1,4,123,100.0,100.0,97.2,5,6,1,233,0,222,6,233,131,131,0,4,102,1
Malik Turner,48078,WR,ILLINOIS,12,33.2,1,187,60.4,,62.6,0,0,0,0.0,0.0,,4,0,0,233,0,0,0,701,0,468,0,0,233,0
Aregeros Turner,47577,WR,N ILLINOIS,14,46.3,0,254,70.0,70.3,72.4,0,0,1,0.4,0.4,100.0,2,0,0,233,0,0,0,503,1,245,0,0,232,0
Justin Skule,38951,T,VANDERBILT,6,100.0,0,333,42.0,27.5,54.5,3,15,130,100.0,100.0,92.3,1,19,1,233,0,0,0,233,136,136,0,232,97,1
Terry Pettis,23344,WR,MIDDLE TN,13,39.0,0,224,68.6,66.1,70.0,0,1,27,7.1,6.9,98.1,4,1,0,233,0,0,3,598,27,392,0,4,206,260
Jack Jones,36749,G,TENNESSEE,9,100.0,0,307,58.4,62.1,58.0,0,4,91,100.0,100.0,97.8,1,4,0,233,0,0,0,233,96,96,210,23,137,0
Alex Gardner,28346,HB,FIU,12,34.6,0,166,72.0,74.4,56.3,1,9,181,43.5,43.3,96.7,0,11,1,232,0,0,0,671,189,436,0,0,43,0
Trent Cowan,47208,WR,IDAHO,12,36.7,0,185,85.0,76.2,81.5,0,1,39,9.2,8.9,98.7,1,1,0,232,0,0,0,632,39,439,0,0,193,492
Marcus Johnson,11074,WR,TEXAS,10,55.4,0,311,54.3,,58.0,0,0,0,0.0,0.0,,3,0,0,232,0,0,0,419,0,187,0,0,232,0
Cody Tuttle,25555,TE,E MICHIGAN,12,47.1,0,160,73.6,34.0,72.9,1,1,23,8.3,9.1,91.3,1,3,1,232,0,0,5,493,26,286,0,1,206,143
Darren Carrington II,48219,WR,OREGON,7,49.4,0,264,72.4,,68.4,0,0,0,0.0,0.0,,4,0,0,232,0,0,0,470,0,237,0,0,232,0
Charlie Callinan,48029,WR,BOSTON COL,12,63.7,0,121,64.3,63.5,58.5,0,0,1,0.8,0.8,100.0,4,0,0,232,0,0,0,364,1,133,0,0,231,49
Jake Hardee,16698,TE,BOISE ST,13,80.5,1,120,69.3,52.8,70.5,0,1,41,43.2,42.9,98.8,1,1,0,231,0,0,0,287,42,98,0,0,189,229
Shaedon Meadors,48003,WR,APP STATE,11,61.6,0,108,74.3,,60.6,0,0,0,0.0,0.0,,1,0,0,231,0,0,0,375,0,144,0,0,231,0
James Washington,47792,WR,OKLA STATE,13,34.8,1,262,75.9,,75.1,0,0,0,0.0,0.0,,3,0,0,231,0,0,0,664,0,432,0,0,231,0
Brendan Moore,28804,G,MARYLAND,7,100.0,0,215,66.2,78.1,64.2,0,2,112,100.0,100.0,99.1,1,2,0,230,9,195,0,230,117,117,26,0,113,0
Joseph Brunson,45579,C,LA TECH,8,100.0,0,208,71.5,81.5,68.5,1,2,113,100.0,100.0,98.7,1,3,0,230,230,0,0,230,123,123,0,0,107,0
Stone Underwood,20007,C,W VIRGINIA,9,100.0,0,343,94.2,89.0,90.9,0,0,93,100.0,100.0,100.0,0,0,0,230,88,142,0,230,96,96,0,0,134,0
Tyler Higbee,10744,TE,W KENTUCKY,9,47.8,2,346,87.1,72.1,80.4,0,0,50,17.0,16.9,100.0,3,0,0,230,0,0,1,481,51,302,0,0,179,310
Sterling Napier,47145,TE,UTEP,11,93.1,1,330,68.9,64.6,68.7,0,2,38,70.4,69.6,94.7,2,3,1,229,0,0,14,246,39,56,0,0,190,223
Tre'Quan Smith,48228,WR,UCF,12,37.8,0,323,78.7,61.0,64.1,0,0,1,0.3,0.3,100.0,0,0,0,229,0,0,0,606,1,378,0,0,228,2
Nicholas Norris,47533,WR,W KENTUCKY,14,32.5,1,346,70.3,,50.1,0,0,0,0.0,0.0,,4,0,0,229,0,0,0,704,0,469,0,0,229,10
Mason Schreck,12007,TE,BUFFALO,10,61.5,0,126,69.5,67.5,63.1,1,0,31,18.9,19.2,98.4,2,1,0,228,0,0,1,371,34,177,0,0,194,270
Sam Browning,47189,TE,E MICHIGAN,12,49.1,0,160,69.1,41.4,67.3,1,0,27,10.8,10.6,94.4,1,2,1,228,0,0,5,464,28,264,0,4,200,173
Davon Grayson,38079,WR,E CAROLINA,12,38.2,0,156,57.0,,59.5,0,0,0,0.0,0.0,,1,0,0,228,0,0,0,597,0,369,0,0,228,0
Nick Davidson,17341,T,STANFORD,13,99.6,0,300,72.4,45.7,69.7,0,1,17,94.4,95.0,97.1,1,1,0,228,0,0,0,229,19,20,0,40,209,189
Freddie Stevenson,12176,FB,FLORIDA ST,12,79.4,0,167,74.2,30.4,80.1,1,4,37,40.7,40.4,90.5,0,6,1,227,0,0,0,286,38,94,0,0,189,56
D'Vario Montgomery,38043,WR,IOWA STATE,11,49.1,0,193,62.4,71.6,63.1,0,0,1,0.4,0.4,100.0,3,0,0,227,0,0,1,462,1,236,0,0,226,0
Austin Carrow,47258,TE,NEVADA,10,90.8,0,239,69.7,76.2,72.1,0,0,23,52.3,51.1,100.0,1,0,0,227,0,0,0,250,24,47,0,0,203,240
Ian Anderson,17662,G,BALL ST,4,100.0,0,117,71.0,62.7,76.3,0,6,118,100.0,100.0,97.5,2,6,0,227,0,98,0,227,122,122,129,0,105,0
Carlos Wiggins,18807,WR,NEW MEXICO,13,61.2,0,241,70.3,,63.7,0,0,0,0.0,0.0,,3,0,0,226,0,0,0,369,0,138,0,0,226,0
Josh Doctson,10656,WR,TCU,10,39.3,0,305,92.9,,69.1,0,0,0,0.0,0.0,,3,0,0,226,0,0,0,575,0,347,0,0,226,0
Kevin O'Brien,17005,C,COLO STATE,10,100.0,0,144,73.7,73.6,70.8,1,2,102,100.0,100.0,96.6,0,5,2,226,225,0,0,226,108,108,1,0,118,0
Blake Blackmar,46057,C,BAYLOR,9,100.0,0,118,84.3,71.4,81.5,0,3,70,100.0,100.0,97.9,0,3,0,226,123,103,0,226,74,74,0,0,152,0
Cole Herdman,47071,TE,PURDUE,12,55.7,0,273,59.8,57.6,62.4,0,2,67,28.0,27.7,95.5,2,4,2,226,0,1,15,406,69,249,0,11,157,276
Dimitri Flowers,47265,FB,OKLAHOMA,13,79.0,0,261,80.7,73.1,81.8,0,0,48,46.2,46.4,97.9,2,1,1,226,0,0,0,286,52,112,0,0,174,162
Chris Moore,10741,WR,CINCINNATI,12,38.1,0,138,69.5,,55.1,0,0,0,0.0,0.0,,1,0,0,225,0,0,0,590,0,363,0,0,225,0
Trent Taylor,11932,WR,LA TECH,13,31.5,0,208,88.3,63.9,86.7,0,0,0,0.0,0.2,,1,0,0,225,0,0,0,715,1,491,0,0,224,0
Shuler Bentley,46479,QB,DOMINION,10,40.8,0,263,53.4,,60.1,0,0,0,0.0,0.0,,0,0,0,225,0,0,0,552,0,313,0,0,225,0
Brandon Clemons,46617,G,MICH STATE,11,100.0,0,223,70.8,64.4,74.7,0,6,110,100.0,100.0,97.3,1,6,0,225,0,0,0,225,117,117,213,2,108,10
Pedro Sibiea,23076,G,LOUISVILLE,6,100.0,1,210,64.9,45.9,72.3,3,10,133,100.0,100.0,94.4,2,14,1,225,0,145,0,225,137,137,80,0,88,0
Bailey Granier,46760,T,VANDERBILT,6,100.0,0,333,61.9,39.1,70.6,1,4,80,100.0,100.0,93.1,2,8,3,225,0,0,7,225,82,82,0,218,143,0
Jake Maulhardt,48045,WR,WYOMING,12,40.8,0,351,75.7,,69.0,0,0,0,0.0,0.0,,1,0,0,225,0,0,0,552,0,327,0,0,225,8
Romond Deloatch,47224,WR,TEMPLE,14,57.5,0,306,61.2,60.9,64.2,0,0,1,0.6,0.6,100.0,0,0,0,225,0,0,0,391,1,167,0,0,224,0
Ben Lauer,21324,T,MINNESOTA,5,99.6,0,225,57.5,46.7,62.1,3,4,108,99.1,99.1,95.8,1,8,1,225,0,0,222,226,113,114,0,0,112,3
Germone Hopper,22191,WR,CLEMSON,15,49.7,0,140,65.2,,69.4,0,0,0,0.0,0.0,,0,0,0,225,0,0,0,453,0,228,0,0,225,0
Anthony Nash,48285,WR,DUKE,11,41.4,0,154,61.0,,62.8,0,0,0,0.0,0.0,,4,0,0,225,0,0,0,543,0,318,0,0,225,0
Deandre Goolsby,47133,TE,FLORIDA,14,57.6,0,163,78.3,36.5,71.5,1,6,42,21.0,21.4,91.7,2,7,0,224,0,0,10,389,45,210,0,12,179,243
Casey Martin,19137,WR,SO MISS,14,32.7,0,296,79.7,,76.3,0,0,0,0.0,0.0,,1,0,0,224,0,0,0,685,0,461,0,0,224,0
Miles Shuler,11382,WR,NWESTERN,12,47.1,0,256,55.4,,66.4,0,0,0,0.0,0.0,,0,0,0,224,0,0,0,476,0,250,0,0,224,0
Amara Darboh,11861,WR,MICHIGAN,13,35.7,0,222,72.9,,73.7,0,0,0,0.0,0.0,,1,0,0,224,0,0,0,627,0,401,0,0,224,3
Brisly Estime,12243,WR,SYRACUSE,11,47.9,1,304,58.8,,63.7,0,0,0,0.0,0.0,,4,0,0,223,0,0,0,466,0,239,0,0,223,0
Tyler Williams,47065,WR,AIR FORCE,12,81.7,0,101,74.3,68.3,70.3,0,0,3,13.6,13.6,100.0,3,0,0,223,0,0,0,273,3,22,0,0,220,150
Joe Bacci,12352,FB,C MICHIGAN,13,74.1,0,134,58.1,68.8,53.8,1,2,30,29.4,28.7,95.0,1,3,0,223,0,0,0,301,31,108,0,0,192,60
Evan Butts,47365,TE,VIRGINIA,12,51.3,1,335,59.8,73.9,60.6,0,0,29,12.6,13.1,100.0,2,0,0,223,0,0,1,435,32,244,0,0,191,263
Pat Flavin,18434,T,ILLINOIS,11,100.0,0,187,68.9,74.3,68.3,1,2,93,100.0,100.0,98.4,2,3,0,223,0,0,136,223,98,98,0,59,125,28
John Diarse,47437,WR,LSU,12,51.6,0,211,57.6,70.5,74.2,0,0,1,0.5,0.9,100.0,2,0,0,223,0,0,0,432,2,211,0,0,221,0
Creighton Barr,45585,C,N TEXAS,9,100.0,0,251,81.0,77.9,81.7,0,3,114,100.0,100.0,98.7,1,3,0,223,187,36,0,223,116,116,0,0,107,0
Andrew Beck,47121,TE,TEXAS,12,63.2,0,311,61.2,74.1,78.7,0,1,26,17.1,17.3,98.1,2,1,0,222,0,0,0,351,27,156,0,0,195,99
Jumichael Ramos,39708,WR,NC STATE,13,44.0,0,248,67.8,,60.2,0,0,0,0.0,0.0,,2,0,0,222,0,0,0,505,0,283,0,0,222,1
C.J. Best,37912,WR,TEXAS ST,12,39.6,0,314,72.5,,80.7,0,0,0,0.0,0.0,,2,0,0,222,0,0,0,560,0,321,0,0,222,0
Sean White,46598,QB,AUBURN,7,53.8,0,115,74.7,,60.1,0,0,0,0.0,0.0,,0,0,0,221,0,0,0,411,0,167,0,0,221,0
Marcus Hutchins,19582,T,TEXAS,10,100.0,0,311,69.2,66.7,69.1,1,6,101,100.0,100.0,94.6,1,9,2,221,0,0,44,221,104,104,0,177,117,0
Hunter Sharp,11078,WR,UTAH ST,11,38.8,1,329,78.3,,66.2,0,0,0,0.0,0.0,,2,0,0,221,0,0,0,569,0,339,0,0,221,9
TJ Rahming,47767,WR,DUKE,12,40.6,0,154,62.8,,61.2,0,0,0,0.0,0.0,,3,0,0,221,0,0,0,544,0,322,0,0,221,0
Corey Martinez,28491,C,FLORIDA ST,6,100.0,0,167,48.8,52.3,50.1,3,3,96,100.0,100.0,95.8,2,7,1,220,217,3,0,220,100,100,0,0,120,0
Wyatt Demps,48193,WR,NEVADA,13,44.3,0,239,58.7,,72.5,0,0,0,0.0,0.0,,0,0,0,220,0,0,0,497,0,277,0,0,220,0
David Bright,46091,T,STANFORD,13,100.0,0,300,82.4,81.6,76.7,0,0,16,100.0,100.0,100.0,1,0,0,220,0,1,60,220,17,17,0,0,203,137
Hunter Jarmon,29633,WR,OREGON ST,11,47.2,0,265,55.0,,56.2,0,0,0,0.0,0.0,,1,0,0,220,0,0,0,466,0,246,0,0,220,3
Macgarrett Kings Jr.,17231,WR,MICH STATE,13,37.0,0,223,66.6,,59.2,0,0,0,0.0,0.0,,2,0,0,219,0,0,0,592,0,368,0,0,219,1
Jordan Bergstrom,12722,WR,NEW MEX ST,12,42.2,1,242,65.2,44.4,63.6,0,0,0,0.0,0.0,,1,0,0,219,0,0,0,519,0,300,0,0,219,0
Sam Martin,48047,WR,MIAMI OH,11,41.8,0,221,66.5,,57.1,0,0,0,0.0,0.0,,1,0,0,219,0,0,0,524,0,305,0,0,219,0
Henry Bussey III,47576,WR,FAU,12,44.4,1,165,57.6,,63.3,0,0,0,0.0,0.0,,1,0,0,219,0,0,0,493,0,260,0,0,219,5
Tre' Parmalee,19868,WR,KANSAS,10,36.2,0,198,67.7,63.6,81.9,0,0,1,0.3,0.3,100.0,0,0,0,218,0,0,0,602,1,381,0,0,217,1
Donovan Harden,16201,WR,GA STATE,10,35.0,0,175,70.3,,81.7,0,0,0,0.0,0.0,,3,0,0,218,0,0,0,623,0,404,0,0,218,0
Tevin Jones,11163,WR,MEMPHIS,13,47.0,0,218,61.6,,75.9,0,0,0,0.0,0.0,,0,0,0,218,0,0,0,464,0,238,0,0,218,11
Jacob Fleming,46351,G,SO MISS,12,100.0,0,296,73.6,61.0,76.5,2,3,82,100.0,100.0,97.0,1,5,0,218,0,138,58,218,91,91,0,22,127,0
Drew Lock,39517,QB,MISSOURI,12,39.5,0,229,43.7,,60.4,0,0,0,0.0,0.0,,2,0,0,218,0,0,0,552,0,318,0,0,218,0
Darreus Rogers,12265,WR,USC,12,42.7,1,326,66.6,,88.1,0,0,0,0.0,0.0,,1,0,0,217,0,0,0,508,0,290,0,0,217,11
Ajalen Holley,47699,WR,LA MONROE,12,33.1,1,209,67.5,,88.7,0,0,0,0.0,0.0,,1,0,0,217,0,0,0,656,0,438,0,0,217,1
Rollins Stallworth,17491,WR,STANFORD,14,74.0,0,300,66.5,,69.9,0,0,0,0.0,0.0,,2,0,0,216,0,0,0,292,0,76,0,0,216,0
Royce Caldwell,47590,WR,NEW MEX ST,9,41.0,0,242,54.8,43.3,54.8,0,1,2,0.7,0.6,75.0,0,1,0,215,0,0,0,525,2,311,0,0,213,3
Ryheem Malone,30024,WR,SMU,12,44.5,1,287,61.0,,61.0,0,0,0,0.0,0.0,,3,0,0,215,0,0,0,483,0,268,0,0,215,0
Andy Janovich,10810,FB,NEBRASKA,13,70.5,0,238,86.9,58.6,83.9,0,1,17,27.9,26.2,97.1,0,1,0,215,0,0,0,305,17,65,0,0,198,27
Marques Little,47461,WR,DOMINION,12,39.0,0,263,55.1,,68.2,0,0,0,0.0,0.0,,0,0,0,215,0,0,0,551,0,336,0,0,215,0
Anthony Corsaro,18374,TE,INDIANA,11,62.1,0,190,63.6,74.6,70.9,0,0,44,26.0,26.4,100.0,0,0,0,215,0,0,0,346,47,178,0,1,168,197
Caleb Bluiett,47163,TE,TEXAS,10,72.1,0,311,71.8,64.6,78.7,0,0,23,22.3,23.9,100.0,3,0,0,215,0,0,1,298,26,109,0,0,189,171
Marcus Kemp,12137,WR,HAWAII,13,41.6,0,180,67.8,,64.3,0,0,0,0.0,0.0,,0,0,0,214,0,0,0,515,0,301,0,0,214,1
Favian Upshaw,46554,QB,GA SOUTHRN,13,59.4,1,174,68.2,,60.4,0,0,0,0.0,0.0,,1,0,0,214,0,0,0,360,0,65,0,0,214,0
Vincent Croce,19537,FB,VIRGINIA,12,81.6,0,335,65.9,61.7,74.9,0,3,55,54.5,54.8,95.5,2,4,1,213,0,0,0,261,57,104,0,0,156,21
Jahleel Pinner,17617,FB,USC,14,83.9,0,326,60.9,66.7,62.2,0,2,38,48.1,50.0,97.4,1,2,0,213,0,0,0,254,41,82,0,0,172,130
Jamari Staples,48206,WR,LOUISVILLE,9,45.4,1,210,80.8,,63.0,0,0,0,0.0,0.0,,4,0,0,213,0,0,0,469,0,256,0,0,213,0
Micky Crum,47228,TE,LOUISVILLE,12,59.5,0,210,79.1,72.8,75.4,0,1,25,15.2,14.7,98.0,1,1,0,213,0,0,0,358,25,170,0,2,188,333
Mason Rudolph,46569,QB,OKLA STATE,13,29.0,0,262,91.3,70.1,60.1,0,0,0,0.0,0.2,,3,0,0,212,0,0,0,732,1,500,0,0,211,0
Sam Brunner,47231,TE,BALL ST,12,72.4,0,117,79.4,71.6,84.7,1,1,51,38.9,42.1,98.0,0,2,0,212,0,0,1,293,59,140,0,0,153,165
Taylor Marini,32418,TE,SO MISS,13,43.4,0,296,46.2,51.4,70.3,0,2,35,11.8,11.8,94.3,2,3,1,212,0,0,1,488,37,313,0,0,175,192
Kyle Carter,10977,TE,PENN STATE,12,53.9,0,266,51.6,32.7,74.2,2,3,22,11.2,11.3,88.6,1,5,0,212,0,0,2,393,23,204,0,0,189,289
Shaun Nixon,30132,WR,TCU,13,34.4,0,305,65.1,,83.4,0,0,0,0.0,0.0,,2,0,0,212,0,0,0,616,0,388,0,0,212,0
Jehu Chesson,11894,WR,MICHIGAN,13,35.3,0,222,78.9,64.5,75.2,0,0,1,0.3,0.3,100.0,3,0,0,212,0,0,0,600,1,380,0,0,211,12
Taywan Taylor,11827,WR,W KENTUCKY,14,35.9,0,346,91.0,,70.1,0,0,0,0.0,0.0,,3,0,0,211,0,0,0,588,0,370,0,0,211,0
George Frazier,47342,TE,COLORADO,13,75.9,0,143,81.0,71.4,82.6,0,2,31,32.3,32.3,96.8,0,2,0,211,0,0,0,278,32,99,0,3,179,224
Joey Anglemire,29389,T,NEVADA,5,100.0,0,239,74.8,67.4,75.0,3,3,97,100.0,100.0,96.9,0,6,0,211,0,0,0,211,104,104,126,85,107,0
Noah Togiai,47282,TE,OREGON ST,10,61.7,1,265,46.7,61.6,58.7,2,2,40,24.5,26.0,92.5,4,5,1,211,0,0,1,342,46,177,0,1,165,222
Anthony Kyles,47279,G,UTEP,8,100.0,0,330,66.6,56.6,70.9,1,6,106,100.0,100.0,96.7,1,7,0,211,0,0,8,211,111,111,184,0,100,19
Ryan Willis,60594,QB,KANSAS,10,35.2,0,198,51.4,,60.0,0,0,0,0.0,0.0,,2,0,0,211,0,0,0,599,0,380,0,0,211,0
Jakeem Grant Sr.,10820,WR,TEXAS TECH,13,30.3,1,315,80.9,,80.8,0,0,0,0.0,0.0,,1,0,0,211,0,0,0,697,0,477,0,0,211,0
Taivon Jacobs,28967,WR,MARYLAND,12,43.9,0,215,60.7,,62.0,0,0,0,0.0,0.0,,0,0,0,211,0,0,0,481,0,270,0,0,211,1
Elijah Hood,11997,HB,N CAROLINA,14,33.4,0,245,84.9,81.0,63.1,2,1,94,33.1,33.8,96.3,1,5,2,210,0,0,0,628,101,299,0,0,109,0
Delonte Murray,38644,G,CINCINNATI,7,100.0,0,138,73.1,57.6,78.2,1,5,105,100.0,100.0,97.1,2,6,0,210,0,0,0,210,109,109,210,0,101,0
Tanner Lee,38321,QB,TULANE,9,40.5,0,319,56.8,,60.0,0,0,0,0.0,0.0,,1,0,0,210,0,0,0,519,0,304,0,0,210,0
David Reeves,10893,TE,DUKE,13,59.0,1,154,53.9,78.2,65.2,0,0,20,12.8,12.7,100.0,2,0,0,209,0,0,1,354,21,166,0,0,188,122
DJ Moore,48267,WR,MARYLAND,12,45.2,0,215,61.4,,63.5,0,0,0,0.0,0.0,,0,0,0,209,0,0,0,462,0,252,0,0,209,0
Dalton Sturm,46488,QB,UTSA,10,37.3,0,331,59.9,,60.0,0,0,0,0.0,0.0,,1,0,0,209,0,0,0,561,0,275,0,0,209,0
Bry'Kiethon Mouton,36365,FB,LSU,10,95.0,0,211,68.1,63.7,70.2,0,1,31,73.8,77.1,95.2,1,2,1,209,0,0,0,220,37,48,0,0,172,1
Bruno Reagan,46684,G,VANDERBILT,9,100.0,0,333,71.9,60.7,71.1,1,2,88,100.0,100.0,97.2,1,4,1,209,0,31,0,209,88,88,178,0,121,0
Jared McCray,46260,T,OHIO,8,100.0,0,259,79.5,44.7,90.4,2,7,98,100.0,100.0,93.4,0,11,2,209,0,0,9,209,104,104,0,200,105,0
Fred Brown,23172,WR,MISS STATE,13,34.0,1,227,54.9,,53.9,0,0,0,0.0,0.0,,2,0,0,209,0,0,0,615,0,406,0,0,209,0
Chris O'Connor,18357,G,ILLINOIS,11,100.0,1,187,70.7,68.5,73.1,1,2,112,100.0,100.0,98.7,1,3,0,208,1,161,5,208,116,116,41,0,92,0
Marlon Pope,17751,TE,USF,13,82.5,0,327,56.6,77.1,65.9,0,0,25,37.9,36.2,100.0,5,0,0,208,0,0,7,252,25,69,0,3,183,179
Tyler Batson,47899,WR,UTEP,12,38.4,1,330,55.1,,55.9,0,0,0,0.0,0.0,,1,0,0,208,0,0,0,542,0,334,0,0,208,0
Tyler O'Henly,46879,T,BUFFALO,6,100.0,1,126,62.4,49.7,73.3,4,4,101,100.0,100.0,95.0,3,9,1,208,0,0,0,208,110,110,0,206,98,2
Rokeem Williams,47958,WR,MIAMI OH,12,40.0,1,221,66.7,,64.0,0,0,0,0.0,0.0,,1,0,0,207,0,0,0,518,0,305,0,0,207,0
Sam Pierce,46966,T,RICE,8,100.0,0,275,61.2,50.7,65.6,1,4,94,100.0,100.0,93.1,3,9,4,207,0,0,18,207,96,96,0,180,111,9
Nathan Jacobson,46871,T,UNLV,8,100.0,1,325,61.5,54.0,71.3,2,4,110,100.9,100.9,95.5,3,8,2,207,0,0,40,207,114,113,0,167,93,0
Ronnie Moore,47704,WR,BOWL GREEN,14,34.0,0,122,82.2,,69.4,0,0,0,0.0,0.0,,2,0,0,207,0,0,0,608,0,393,0,0,207,0
Josiah Blandin,25487,WR,FRESNO ST,12,46.4,1,169,64.6,,70.5,0,0,0,0.0,0.0,,1,0,0,206,0,0,0,444,0,238,0,0,206,0
Charles Jones II,47186,TE,TULANE,12,65.6,0,319,76.0,74.3,73.7,0,0,45,30.0,29.9,97.8,1,1,1,206,0,0,0,314,46,154,0,1,160,225
Antwane Grant,11108,WR,W KENTUCKY,14,36.8,1,346,71.2,,74.0,0,0,0,0.0,0.0,,3,0,0,206,0,0,0,560,0,351,0,0,206,2
Levi Duffield,47182,TE,APP STATE,12,88.4,0,108,71.9,74.0,71.7,0,1,27,50.0,52.6,98.1,2,1,0,206,0,0,0,233,30,57,0,0,176,11
D.J. Foster,11214,WR,ARIZONA ST,13,32.3,0,110,64.4,75.5,63.3,0,0,4,1.1,1.1,100.0,2,0,0,205,0,0,0,634,4,378,0,0,201,2
Charles Jones,45700,HB,KANSAS ST,13,43.6,0,199,63.0,85.6,48.8,1,3,121,51.1,51.8,97.5,0,5,1,205,0,0,0,470,128,247,0,0,77,5
Micah Simmons,18496,G,MEMPHIS,10,100.0,0,218,73.9,70.3,76.9,0,3,84,100.0,100.0,98.2,2,3,0,204,39,59,0,204,86,86,106,0,118,0
Seth Russell,46467,QB,BAYLOR,7,43.5,0,118,90.0,,60.1,0,0,0,0.0,0.0,,1,0,0,204,0,0,0,469,0,226,0,0,204,0
Blake Jarwin,12320,TE,OKLA STATE,11,59.0,0,262,68.9,58.2,62.4,0,3,49,26.5,25.7,94.9,2,4,1,204,0,0,0,346,49,191,0,0,155,201
J.J. Beggan,46663,G,BOWL GREEN,13,100.0,0,122,86.4,67.1,87.7,1,2,100,100.0,100.0,98.5,0,3,0,204,0,44,0,204,103,103,125,6,101,0
Kyle Klein,18228,WR,KANSAS ST,11,44.8,0,199,63.1,63.9,76.0,0,0,1,0.4,0.4,100.0,1,0,0,204,0,0,0,455,1,252,0,0,203,2
Kyle Allen,26152,QB,TEXAS A&M,10,35.9,0,312,66.5,,60.2,0,0,0,0.0,0.0,,4,0,0,204,0,0,0,569,0,332,0,0,204,0
David Niehaus,24774,C,CINCINNATI,5,100.0,0,138,74.9,60.8,74.0,0,2,91,100.0,100.0,98.9,1,2,0,204,204,0,0,204,95,95,0,0,109,0
Keith Whitely,21762,HB,UNLV,12,40.0,0,325,71.2,58.7,55.2,1,8,138,49.6,49.7,96.0,1,10,1,203,0,0,0,507,147,296,0,0,56,0
Josh Oliver,47083,TE,S JOSE ST,12,77.5,0,285,67.9,70.3,63.7,0,1,22,28.6,28.4,97.7,1,1,0,203,0,0,0,262,23,81,0,0,180,245
Everett Golson,18665,QB,FLORIDA ST,9,41.8,0,167,87.7,,60.0,0,0,0,0.0,0.0,,2,0,0,203,0,0,0,486,0,262,0,0,203,0
Jeremy Seaton,19117,FB,OKLA STATE,11,72.0,0,262,69.0,49.6,78.2,0,3,41,34.5,36.8,93.9,2,4,1,203,0,0,0,282,46,125,0,0,157,117
Linell Bonner,38628,WR,HOUSTON,12,48.3,0,182,63.8,68.3,57.6,0,0,1,0.5,0.5,100.0,2,0,0,202,0,0,0,418,1,217,0,0,201,2
Darrion Hutcherson,18621,TE,MISS STATE,12,51.8,1,227,62.3,54.9,72.4,0,3,51,21.8,22.0,97.1,3,3,0,202,0,0,0,390,53,241,0,0,149,214
David Glidden,11293,WR,OKLA STATE,13,31.4,0,262,75.9,,61.6,0,0,0,0.0,0.0,,0,0,0,202,0,0,0,644,0,442,0,0,202,0
LaVonne Gauthney,45598,TE,AKRON,10,93.5,0,102,73.3,46.4,78.3,1,2,37,72.5,75.0,95.9,3,3,0,202,0,7,0,216,42,56,2,0,160,207
Penny Hart,13534,WR,GA STATE,13,31.1,1,175,72.9,,59.2,0,0,0,0.0,0.0,,1,0,0,202,0,0,0,649,0,444,0,0,202,0
Darrell Daniels,12122,TE,WASHINGTON,13,62.7,2,340,82.4,69.7,80.7,0,1,16,12.0,11.8,96.9,3,1,0,202,0,0,0,322,16,136,0,1,186,176
James Kristof,37899,G,W MICHIGAN,3,100.0,0,347,55.3,49.8,54.1,1,7,128,100.0,100.0,96.9,0,8,0,202,0,202,0,202,133,133,0,0,69,0
Robert Lowe,19368,HB,TEXAS ST,11,34.1,0,314,66.6,69.0,55.1,0,3,96,32.3,32.3,97.4,1,4,1,202,0,0,0,593,100,310,0,0,102,0
Danny Anthrop,10925,WR,PURDUE,12,36.1,0,273,66.6,,58.8,0,0,0,0.0,0.0,,0,0,0,202,0,0,0,559,0,356,0,0,202,16
Kenneth Dixon,10768,HB,LA TECH,11,33.1,1,208,81.5,73.0,60.0,1,2,142,41.5,41.9,98.2,3,4,1,201,0,0,0,608,149,356,0,0,52,0
Justin Hobbs,47749,WR,TULSA,13,35.7,0,320,60.5,,60.1,0,0,0,0.0,0.0,,2,0,0,201,0,0,0,563,0,359,0,0,201,0
Bryce Bobo,48271,WR,COLORADO,13,41.7,0,143,60.9,,70.0,0,0,0,0.0,0.0,,0,0,0,201,0,0,0,482,0,281,0,0,201,0
Alex Ellis,11326,TE,TENNESSEE,13,64.6,0,307,64.6,73.0,72.8,0,1,32,23.2,22.5,98.4,0,1,0,201,0,0,2,311,32,142,0,2,169,242
Ron Brown,37951,G,N ILLINOIS,8,100.0,0,254,66.2,43.1,72.0,0,4,97,100.0,100.0,95.9,1,6,2,201,0,0,0,201,100,100,201,0,101,0
De'Runnya Wilson,18753,WR,MISS STATE,13,33.2,0,227,78.5,,79.4,0,0,0,0.0,0.0,,1,0,0,201,0,0,0,605,0,404,0,0,201,1
Cole Freytag,47945,WR,UTEP,12,55.1,0,330,63.5,,71.3,0,0,0,0.0,0.0,,1,0,0,201,0,0,0,365,0,163,0,0,201,3
Scott Orndoff,12055,TE,PITTSBURGH,13,66.1,1,268,81.7,70.0,78.2,0,0,50,32.9,32.7,100.0,2,0,0,201,0,0,0,304,50,153,0,0,151,238
Gary Chambers,10964,WR,ARIZONA ST,13,39.3,0,110,65.7,,65.2,0,0,0,0.0,0.0,,0,0,0,201,0,0,0,512,0,311,0,0,201,0
Andrew Davis,47118,TE,ILLINOIS,12,71.4,0,187,40.1,46.5,65.1,1,1,38,32.8,32.5,97.4,2,2,0,200,0,0,1,280,39,120,0,2,161,269
Nick Natour,46248,G,SMU,5,100.0,0,287,66.2,59.4,68.2,1,6,96,100.0,100.0,95.3,0,8,1,200,0,194,0,200,102,102,6,0,98,0
James Hendren,27923,T,BOSTON COL,9,100.0,0,121,46.8,74.6,46.1,0,1,74,100.0,100.0,99.3,3,1,0,200,0,0,10,200,77,77,0,187,123,3
Jacob Hillyer,39104,WR,IOWA,14,36.6,0,192,54.0,,78.1,0,0,0,0.0,0.0,,1,0,0,200,0,0,0,547,0,347,0,0,200,0
Mekale McKay,10913,WR,CINCINNATI,12,36.7,0,138,63.0,,61.4,0,0,0,0.0,0.0,,2,0,0,200,0,0,0,545,0,345,0,0,200,1
Jalen Hurd,45752,HB,TENNESSEE,13,30.8,0,307,78.1,75.6,55.8,0,5,107,38.6,39.1,96.7,1,6,1,199,0,0,0,647,111,284,0,0,88,0
Jonnu Smith,11855,TE,FIU,8,39.1,0,166,61.7,73.2,63.8,0,0,12,3.9,3.7,100.0,2,0,0,199,0,0,0,509,12,323,0,0,187,177
Alec Dhaenens,47134,TE,BOISE ST,13,89.2,0,120,83.5,65.2,86.7,1,0,18,42.9,42.9,97.2,0,1,0,199,0,0,0,223,18,42,0,0,181,87
Josh Anderson,45684,HB,TROY,12,81.5,0,318,66.3,81.2,60.7,0,1,44,56.4,56.8,98.9,0,1,0,198,0,0,0,243,46,81,0,0,152,45
Dak Prescott,10769,QB,MISS STATE,13,22.9,0,227,76.4,,60.0,0,0,0,0.0,0.0,,2,0,0,198,0,0,0,864,0,546,0,0,198,0
Jeff Badet,48309,WR,KENTUCKY,12,39.1,0,202,58.3,,61.2,0,0,0,0.0,0.0,,0,0,0,198,0,0,0,506,0,308,0,0,198,0
Jeremy McNichols,11917,HB,BOISE ST,12,27.2,0,120,83.1,66.9,59.4,3,5,149,34.6,35.1,96.0,0,10,2,198,0,0,0,728,156,445,0,0,42,0
Hunter Long,17590,C,GEORGIA,8,100.0,0,173,68.2,42.1,72.0,0,4,80,100.0,100.0,95.0,1,6,2,197,187,0,0,197,80,80,10,0,117,0
Mike Gesicki,47153,TE,PENN STATE,12,53.2,0,266,33.7,29.9,48.2,0,0,13,7.3,7.5,100.0,5,0,0,197,0,0,1,370,14,187,0,0,183,262
Sean Culkin,12037,TE,MISSOURI,10,53.8,0,229,57.4,76.3,53.9,0,0,20,11.1,11.5,100.0,3,0,0,197,0,0,1,366,22,191,0,0,175,122
Daje Johnson,11043,WR,TEXAS,11,44.8,0,311,66.2,,55.4,0,0,0,0.0,0.0,,0,0,0,197,0,0,0,440,0,236,0,0,197,0
Billy Bahl,46531,QB,MIAMI OH,11,41.8,0,221,51.5,,60.0,0,0,0,0.0,0.0,,0,0,0,197,0,0,0,471,0,266,0,0,197,0
Armanti Foreman,48286,WR,TEXAS,10,48.8,0,311,50.3,,65.0,0,0,0,0.0,0.0,,3,0,0,197,0,0,2,404,0,205,0,0,197,4
James Price,47971,WR,WYOMING,12,52.7,0,351,49.9,,61.3,0,0,0,0.0,0.0,,1,0,0,197,0,0,0,374,0,177,0,0,197,0
Darius Joseph,19166,WR,SMU,12,45.9,0,287,57.5,,75.7,0,0,0,0.0,0.0,,0,0,0,197,0,0,0,429,0,232,0,0,197,0
Nolan Peralta,47362,TE,COLO STATE,12,78.8,0,144,65.0,74.0,80.1,0,0,19,26.4,26.4,100.0,2,0,0,197,0,0,1,250,19,72,0,0,178,105
David Adams,18613,G,MIDDLE TN,5,100.0,0,224,86.7,79.8,89.9,0,1,95,100.0,100.0,99.5,1,1,0,197,0,189,0,197,98,98,0,0,99,8
Lee McNeill,25838,QB,CHARLOTTE,9,46.1,0,136,41.5,,60.0,0,0,0,0.0,0.0,,0,0,0,196,0,0,0,425,0,221,0,0,196,0
Devin Scott,23884,WR,LA LAFAYET,12,57.3,0,207,61.3,,65.8,0,0,0,0.0,0.0,,1,0,0,196,0,0,0,342,0,146,0,0,196,0
Trae Moxley,27103,T,COLO STATE,10,100.0,1,144,56.4,32.7,70.1,2,4,89,100.0,100.0,94.4,5,8,2,196,0,54,141,196,92,92,0,1,104,0
P.J. Gallo,23081,TE,MARYLAND,12,79.7,0,215,56.9,34.5,67.7,2,2,28,36.4,37.5,92.9,0,4,0,196,0,0,1,246,30,80,0,2,166,200
Lukas Kolter,30373,G,UMASS,5,100.0,0,216,50.1,49.6,54.5,3,3,119,100.0,100.0,97.5,3,6,0,196,0,196,0,196,132,132,0,0,64,0
Rod Taylor,46195,G,OLE MISS,10,100.0,0,226,50.0,20.8,58.0,4,7,133,100.0,100.0,95.1,0,12,1,196,0,0,10,196,138,138,186,0,58,0
Perry Orth,46435,QB,S CAROLINA,12,37.2,0,289,63.6,,60.8,0,0,0,0.0,0.0,,2,0,0,195,0,0,0,524,0,303,0,0,195,0
Andre Dillard,29250,T,WASH STATE,3,100.0,0,341,57.0,62.6,51.3,1,10,156,100.0,100.0,94.6,2,14,3,195,0,0,195,195,161,161,0,0,34,0
Winston Dimel,47011,FB,KANSAS ST,13,74.7,0,199,73.3,73.8,71.0,0,0,27,42.2,41.8,100.0,2,0,0,195,0,0,0,261,28,67,0,0,167,69
Luke Falk,46586,QB,WASH STATE,12,20.5,0,341,78.0,,60.0,0,0,0,0.0,0.0,,5,0,0,195,0,0,0,949,0,734,0,0,195,0
J.T. Barrett IV,46387,QB,OHIO STATE,11,41.2,0,260,68.7,,60.4,0,0,0,0.0,0.0,,1,0,0,195,0,0,0,473,0,174,0,0,195,0
Maurice Harris,11035,WR,CAL,13,36.2,0,130,66.0,,62.6,0,0,0,0.0,0.0,,1,0,0,195,0,0,0,538,0,343,0,0,195,0
Tyler Winston,21837,WR,S JOSE ST,8,43.7,0,285,64.4,,70.2,0,0,0,0.0,0.0,,0,0,0,195,0,0,0,446,0,251,0,0,195,0
Samajie Grant,48261,WR,ARIZONA,12,40.7,0,109,63.2,,72.5,0,0,0,0.0,0.0,,0,0,0,194,0,0,0,477,0,279,0,0,194,0
Bill Teknipp,47117,TE,GA STATE,11,87.8,1,175,58.5,77.0,64.9,0,0,45,62.5,63.0,100.0,4,0,0,194,0,0,0,221,46,73,0,0,148,200
Christian Collis,18610,WR,MIDDLE TN,8,46.4,0,224,57.2,,74.1,0,0,0,0.0,0.0,,0,0,0,194,0,0,0,418,0,224,0,0,194,0
Cody Core,10833,WR,OLE MISS,13,37.5,0,226,69.8,66.9,63.4,0,0,2,0.6,0.6,100.0,1,0,0,194,0,0,0,518,2,325,0,0,192,0
Joe Gibson,45583,C,KANSAS,5,100.0,0,198,73.5,82.4,73.2,0,0,111,100.0,100.0,99.1,2,1,1,194,183,0,0,194,117,117,11,0,77,0
Michael Rector,12189,WR,STANFORD,14,41.5,0,300,73.3,,78.1,0,0,0,0.0,0.0,,1,0,0,194,0,0,0,467,0,272,0,0,194,0
Devon Cajuste,11270,WR,STANFORD,13,43.8,0,300,66.9,,74.3,0,0,0,0.0,0.0,,3,0,0,194,0,0,0,443,0,249,0,0,194,0
Hayden Plinke,47273,TE,UTEP,11,46.6,0,330,70.6,69.6,63.9,0,0,16,7.0,7.1,100.0,1,0,0,194,0,0,10,416,17,238,0,0,177,209
Marcell Ateman,23670,WR,OKLA STATE,13,34.0,0,262,75.2,,73.7,0,0,0,0.0,0.0,,1,0,0,194,0,0,0,571,0,376,0,0,194,1
J.P. Quinn,26384,G,C MICHIGAN,5,100.0,0,134,64.9,65.5,66.3,0,7,110,100.0,100.0,96.8,1,7,0,193,0,6,0,193,114,114,187,0,79,0
Clayton Woods,37044,C,UTSA,6,100.0,0,331,63.8,47.3,64.7,0,8,75,100.0,100.0,92.0,1,10,2,193,192,1,0,193,77,77,0,0,116,0
Caden Smith,16341,TE,TEXAS A&M,13,80.8,0,312,76.2,74.4,86.0,0,2,49,52.1,52.6,95.9,0,3,1,193,0,0,0,239,51,97,0,0,142,40
Paul Turner,11082,WR,LA TECH,11,37.0,0,208,73.3,,77.3,0,0,0,0.0,0.0,,0,0,0,193,0,0,0,521,0,327,0,0,193,0
Steven Stevens,17680,G,ARK STATE,12,100.0,1,113,64.1,65.6,68.4,1,0,68,100.0,100.0,97.8,5,2,1,192,0,173,0,192,71,71,19,0,121,0
Kenneth Farrow,10988,HB,HOUSTON,12,36.6,0,182,75.2,77.8,86.3,0,4,92,39.8,40.7,96.7,1,5,1,192,0,0,0,525,98,241,0,0,94,0
LaJuan Hunt,30469,HB,UTAH ST,13,38.2,0,329,63.9,69.0,77.0,2,3,98,33.3,34.5,95.4,1,7,2,192,0,0,0,502,106,307,0,0,86,0
Jordan Asberry,34049,HB,ARMY,9,78.0,0,114,66.4,32.1,59.9,0,1,10,30.3,29.4,85.0,1,2,1,192,0,0,0,246,10,34,0,0,182,165
Brandon Berg,25560,C,ARK STATE,6,100.0,0,113,66.0,61.2,64.9,2,1,71,100.0,100.0,97.9,0,3,0,192,192,0,0,192,75,75,0,0,117,0
Alex Bookser,46672,G,PITTSBURGH,7,100.0,0,268,69.1,74.3,65.3,0,4,81,100.0,100.0,96.3,0,5,1,191,0,1,0,191,86,86,47,141,105,2
Fred Ross,12091,WR,MISS STATE,13,32.1,0,227,79.1,63.1,64.9,0,0,1,0.3,0.2,100.0,0,0,0,191,0,0,0,595,1,403,0,0,190,0
Cody Rediger,37834,TE,GA SOUTHRN,13,96.5,0,174,64.8,76.8,64.1,0,1,15,78.9,68.2,96.7,0,1,0,191,0,0,0,198,15,22,0,0,176,68
Mike Minter,46121,G,MARYLAND,3,100.0,0,215,71.5,65.2,74.2,4,2,95,100.0,100.0,96.8,1,6,0,191,0,188,0,191,98,98,3,0,93,0
Brayden Lenius,84022,WR,WASHINGTON,13,42.1,0,340,58.8,,61.4,0,0,0,0.0,0.0,,5,0,0,190,0,0,0,451,0,261,0,0,190,1
Noah Fisher,46900,G,S ALABAMA,8,100.0,0,288,59.6,33.0,68.5,0,9,86,100.0,100.0,94.8,2,9,0,190,0,0,3,190,92,92,156,25,98,3
Josiah Price,47207,TE,MICH STATE,12,42.7,0,223,75.9,66.1,76.5,0,0,28,10.6,11.1,100.0,3,0,0,190,0,0,9,445,32,287,0,1,158,311
Speedy Noil,12351,WR,TEXAS A&M,9,41.3,0,312,59.2,,69.7,0,0,0,0.0,0.0,,1,0,0,190,0,0,0,460,0,270,0,0,190,0
Nu'uvali Fa'apito,17154,FB,COLO STATE,9,80.9,0,144,73.9,63.4,80.5,0,0,18,31.6,33.9,100.0,0,0,0,190,0,0,0,235,21,62,0,0,169,16
Joel Lanning,46597,QB,IOWA STATE,11,38.9,0,193,74.3,,60.0,0,0,0,0.0,0.0,,0,0,0,190,0,0,0,488,0,243,0,0,190,0
Britain Covey,32933,WR,UTAH,12,40.1,0,328,72.9,,54.8,0,0,0,0.0,0.0,,0,0,0,189,0,0,0,471,0,276,0,0,189,0
Henry Poggi,13455,TE,MICHIGAN,12,88.3,0,222,54.0,45.1,58.0,1,0,8,25.0,28.6,93.7,2,1,0,189,0,0,0,214,10,35,0,0,179,115
Riley McCarron,48033,WR,IOWA,14,84.4,0,192,67.1,,65.1,0,0,0,0.0,0.0,,0,0,0,189,0,0,0,224,0,35,0,0,189,0
Marcus Green,47662,WR,LA MONROE,12,35.5,0,209,71.3,,65.9,0,0,0,0.0,0.0,,0,0,0,189,0,0,0,532,0,340,0,0,189,0
Kirk Barron,30032,G,PURDUE,5,100.0,0,273,72.1,64.9,74.8,0,10,122,100.0,100.0,95.9,0,10,0,189,16,123,0,189,125,125,50,0,64,0
Jaydon Mickens,11371,WR,WASHINGTON,13,33.1,0,340,74.8,61.0,56.3,0,0,1,0.3,0.3,100.0,0,0,0,188,0,0,0,568,1,374,0,0,187,2
Jeff Travillion,22284,T,IDAHO,10,100.0,0,185,62.8,70.6,58.8,1,5,106,100.0,100.0,96.2,1,7,1,188,0,0,102,188,110,110,0,82,78,4
Dennis Parks,11155,WR,RICE,9,46.4,0,275,68.2,,61.0,0,0,0,0.0,0.0,,0,0,0,188,0,0,0,405,0,217,0,0,188,2
Mack Hollins,11873,WR,N CAROLINA,14,43.6,0,245,73.8,63.9,70.7,0,0,1,0.4,0.4,100.0,2,0,0,188,0,0,0,431,1,244,0,0,187,12
Foster Moreau,47043,TE,LSU,12,92.2,0,211,77.6,76.9,78.0,0,0,21,60.0,57.9,100.0,1,0,0,188,0,0,5,204,22,38,0,1,166,195
Akil Dan-Fodio,18093,TE,FIU,12,45.7,0,166,59.3,55.5,67.4,0,1,26,10.8,10.8,98.1,0,1,0,188,0,0,0,411,27,250,0,0,161,258
Chris Hairston,18101,HB,E CAROLINA,12,29.9,0,156,70.6,62.1,78.9,2,6,109,29.9,30.3,94.5,1,10,2,187,0,0,0,626,115,380,0,0,72,0
Eric Judge,34889,WR,S DIEGO ST,14,59.6,0,284,69.6,,79.9,0,0,0,0.0,0.0,,0,0,0,187,0,0,0,314,0,127,0,0,187,0
Cole Hunt,25172,TE,RICE,12,63.4,0,275,71.5,59.1,82.5,0,0,21,17.2,16.3,95.2,1,1,1,187,0,0,2,295,21,129,0,3,166,205
Derrius Vick,18747,QB,OHIO,10,33.7,0,259,62.2,,60.0,0,0,0,0.0,0.0,,5,0,0,187,0,0,0,555,0,312,0,0,187,0
Jordan Thompson,37881,WR,W VIRGINIA,13,43.6,0,343,76.0,,78.4,0,0,0,0.0,0.0,,0,0,0,187,0,0,0,429,0,242,0,0,187,0
Brandon Powell,48036,WR,FLORIDA,14,34.4,0,163,60.6,,76.9,0,0,0,0.0,0.0,,1,0,0,186,0,0,0,541,0,341,0,0,186,8
Marcus Applefield,46668,G,RUTGERS,7,100.0,0,278,58.2,30.1,64.2,1,8,90,100.0,100.0,95.0,2,9,0,186,0,0,0,186,90,90,186,0,96,0
Devin Ross,47687,WR,COLORADO,12,38.0,0,143,53.3,,68.0,0,0,0,0.0,0.0,,1,0,0,186,0,0,0,489,0,302,0,0,186,0
Trevor Stevens,47162,TE,UTSA,12,80.5,0,331,49.1,73.4,60.2,0,0,41,48.8,49.4,100.0,2,0,0,186,0,0,0,231,43,87,0,0,143,208
Kurt Palandech,32214,QB,UNLV,11,42.7,0,325,64.2,,60.0,0,0,0,0.0,0.0,,1,0,0,186,0,0,0,436,0,205,0,0,186,0
Adam West,23236,G,NAVY,10,100.0,0,237,60.9,44.4,60.4,0,2,25,100.0,100.0,96.0,0,2,0,186,0,170,0,186,30,30,16,0,156,0
Steven Sims,48341,WR,KANSAS,11,38.7,0,198,62.8,,64.4,0,0,0,0.0,0.0,,0,0,0,185,0,0,0,478,0,291,0,0,185,0
Taylor Hearn,33068,T,CLEMSON,10,100.0,0,140,80.7,73.4,80.7,0,1,72,100.0,100.0,99.3,1,1,0,185,0,21,164,185,76,76,0,0,109,0
Zack Heeman,31216,T,RUTGERS,7,100.0,1,278,68.0,61.8,67.3,1,2,77,100.0,100.0,96.8,1,4,1,185,0,141,44,185,78,78,0,0,107,0
Jesse Sosebee,46136,G,WASHINGTON,8,100.0,0,340,61.2,67.4,58.9,0,2,74,100.0,100.0,97.3,0,3,1,185,0,2,0,185,75,75,181,0,110,2
David Washington,23616,QB,DOMINION,9,37.7,0,263,73.1,,67.0,0,0,0,0.0,0.0,,0,0,0,185,0,0,0,491,0,288,0,0,185,0
Kam McKnight,12675,WR,LA TECH,13,30.2,0,208,53.9,76.1,75.7,0,0,7,1.7,1.6,100.0,2,0,0,185,0,0,1,612,7,433,0,1,178,19
Jake Pisarcik,29826,G,OREGON,11,100.0,1,264,55.5,35.4,64.2,0,7,85,100.0,100.0,94.7,4,8,1,184,6,30,0,184,86,86,148,0,98,0
Justin Holmes,48231,WR,S JOSE ST,12,46.1,0,285,61.6,,71.5,0,0,0,0.0,0.0,,2,0,0,184,0,0,0,399,0,215,0,0,184,1
Sam Richardson,18467,QB,IOWA STATE,9,39.7,0,193,64.2,,60.6,0,0,0,0.0,0.0,,0,0,0,184,0,0,0,464,0,265,0,0,184,0
Emanuel Thompson,47761,WR,TROY,12,44.9,0,318,68.1,64.4,71.5,0,0,1,0.5,0.4,100.0,0,0,0,184,0,0,0,410,1,227,0,0,183,3
Raymond Epps,47215,TE,ARIZONA ST,12,70.5,0,110,63.4,52.7,79.5,1,0,30,30.0,30.6,95.0,1,2,1,184,0,0,0,261,34,111,0,0,150,194
Blake Decker,16932,QB,UNLV,9,39.6,0,325,71.5,,60.0,0,0,0,0.0,0.0,,1,0,0,184,0,0,0,465,0,249,0,0,184,0
Isaiah Bernard,25335,WR,HAWAII,12,43.7,0,180,54.3,,62.1,0,0,0,0.0,0.0,,0,0,0,184,0,0,0,421,0,237,0,0,184,0
Trevon Brown,28281,WR,E CAROLINA,9,41.5,0,156,73.7,,65.9,0,0,0,0.0,0.0,,0,0,0,184,0,0,0,443,0,259,0,0,184,0
R.J. Shelton,38941,WR,MICH STATE,14,32.4,0,223,66.3,,62.0,0,0,0,0.0,0.0,,2,0,0,183,0,0,0,564,0,357,0,0,183,2
Kris White,47818,WR,KENT STATE,11,45.4,0,201,59.3,,62.5,0,0,0,0.0,0.0,,0,0,0,183,0,0,0,403,0,220,0,0,183,0
Marcus Gaines,47957,WR,LA TECH,13,45.1,0,208,58.6,,59.3,0,0,0,0.0,0.0,,0,0,0,183,0,0,0,406,0,222,0,0,183,0
Cody Small,26032,TE,KANSAS ST,9,74.4,0,199,55.9,69.3,73.7,0,0,34,35.8,35.7,94.1,1,2,2,183,0,0,0,246,35,98,0,0,148,246
Marcus Marshall,45985,HB,GA TECH,11,63.4,0,176,70.9,71.7,54.6,0,2,51,75.0,73.9,98.0,0,2,0,182,0,0,0,287,51,69,0,0,131,0
Deon Watson,47277,WR,IDAHO,11,35.6,1,185,74.1,,64.4,0,0,0,0.0,0.0,,2,0,0,182,0,0,1,511,0,329,0,0,182,60
Eric Steffes,47223,TE,WISCONSIN,11,78.1,0,349,54.5,74.1,57.3,0,0,19,27.5,28.2,100.0,0,0,0,182,0,0,0,233,20,71,0,0,162,216
Alex Collins,10805,HB,ARKANSAS,13,30.3,0,111,79.4,70.9,80.2,2,5,150,51.5,51.7,97.0,0,8,1,182,0,0,0,601,154,298,0,0,28,1
John Leglue,46859,T,TULANE,11,100.0,0,319,75.0,67.9,75.8,1,2,73,100.0,100.0,97.9,1,3,0,182,0,0,0,182,75,75,0,175,107,7
Jhurell Pressley,10982,HB,NEW MEXICO,13,48.4,0,241,71.2,58.3,51.6,0,2,17,27.0,31.3,94.1,0,2,0,181,0,0,0,374,21,67,0,0,160,0
David Dudeck,17897,WR,BOSTON COL,12,42.4,0,121,54.4,,65.2,0,0,0,0.0,0.0,,1,0,0,181,0,0,0,427,0,246,0,0,181,0
Jarvis Bentley,17531,WR,TROY,10,41.2,1,318,60.7,61.0,68.3,0,0,1,0.4,0.4,100.0,1,0,0,181,0,0,0,439,1,258,0,0,180,1
Toneo Gulley,13100,TE,NAVY,11,85.8,0,237,89.6,30.7,81.0,0,2,5,21.7,25.0,80.0,0,2,0,181,0,0,0,211,6,24,0,0,175,159
Ian Sadler,47435,WR,TEXAS TECH,10,33.3,0,315,66.2,75.4,68.7,0,0,2,0.6,0.5,100.0,2,0,0,181,0,0,0,544,2,365,0,0,179,1
Maurice Trowell,48083,WR,NC STATE,13,52.6,0,248,55.2,,65.6,0,0,0,0.0,0.0,,0,0,0,181,0,0,0,344,0,163,0,0,181,0
Alonzo Moore,12140,WR,NEBRASKA,12,51.9,1,238,81.0,,73.1,0,0,0,0.0,0.0,,2,0,0,181,0,0,0,349,0,154,0,0,181,0
Devontae Booker,10770,HB,UTAH,10,26.8,0,328,85.2,69.0,59.7,0,4,89,29.5,29.6,97.8,0,4,0,180,0,0,0,672,94,318,0,0,86,0
D.J. Neal,34425,WR,S CAROLINA,7,59.6,0,289,56.0,61.0,70.3,0,0,1,0.8,0.8,100.0,0,0,0,180,0,0,0,302,1,123,0,0,179,0
Dominique Reed,48046,WR,ARKANSAS,12,47.4,0,111,76.2,,75.1,0,0,0,0.0,0.0,,1,0,0,180,0,0,0,380,0,196,0,0,180,0
Mack Leftwich,24189,QB,UTEP,7,45.2,0,330,57.1,,60.0,0,0,0,0.0,0.0,,1,0,0,180,0,0,0,398,0,213,0,0,180,0
Andrew Price,47359,TE,UNLV,11,58.3,0,325,73.2,65.8,64.2,0,0,17,12.5,11.7,100.0,0,0,0,179,0,0,0,307,17,145,0,0,162,214
DeAndre Washington,10777,HB,TEXAS TECH,13,21.1,0,315,77.5,80.4,77.6,0,2,73,15.0,15.6,98.6,2,2,0,179,0,0,2,847,80,512,0,0,99,1
Justin Hunt,23031,WR,MARSHALL,13,46.5,0,214,63.6,,51.9,0,0,0,0.0,0.0,,1,0,0,179,0,0,0,385,0,206,0,0,179,0
Joshua Perkins,11051,TE,WASHINGTON,13,33.7,1,340,69.2,56.6,77.1,0,1,15,4.2,4.6,96.7,3,1,0,179,0,0,3,531,17,369,0,4,162,180
Steven Mitchell Jr.,47508,WR,USC,12,38.7,0,326,64.1,,68.3,0,0,0,0.0,0.0,,0,0,0,179,0,0,0,462,0,283,0,0,179,14
Ikaika Woolsey,46495,QB,HAWAII,11,45.9,0,180,57.9,,60.1,0,0,0,0.0,0.0,,1,0,0,179,0,0,0,390,0,186,0,0,179,0
Micheal Summers,38058,WR,GA TECH,7,69.6,0,176,77.8,81.9,71.2,0,0,8,10.0,9.3,100.0,1,0,0,179,0,0,14,257,8,86,0,2,171,1
Cardale Jones,10773,QB,OHIO STATE,10,41.3,0,260,57.8,,61.7,0,0,0,0.0,0.0,,2,0,0,179,0,0,0,433,0,212,0,0,179,0
Lane Hovey,23273,WR,NEBRASKA,13,60.7,0,238,61.6,,75.0,0,0,0,0.0,0.0,,2,0,0,179,0,0,0,295,0,115,0,0,179,0
Brad McNulty,18826,G,MISSOURI,6,100.0,0,229,66.0,46.8,70.1,0,5,99,100.0,100.0,96.5,1,6,1,178,4,174,0,178,102,102,0,0,76,0
Bubba Poole,16621,WR,UTAH,13,54.9,0,328,66.2,21.6,74.1,0,1,2,1.5,2.9,75.0,1,1,0,178,0,0,0,324,4,140,0,0,174,0
Siale Fakailoatonga,38914,TE,UTAH,6,60.8,0,328,61.0,41.3,54.8,1,0,12,9.8,10.2,95.8,1,1,0,178,0,0,0,293,13,128,0,0,165,143
Jante Boston,33018,WR,IDAHO,7,42.4,0,185,58.7,,70.6,0,0,0,0.0,0.0,,0,0,0,178,0,0,0,420,0,242,0,0,178,0
L.J. Scott,45797,HB,LOUISVILLE,13,59.3,0,210,64.8,68.0,71.9,0,1,62,43.4,43.6,96.0,1,3,2,178,0,0,0,300,65,149,0,0,113,10
Anthony Miller,48160,WR,MEMPHIS,12,41.7,0,218,80.3,,65.9,0,0,0,0.0,0.0,,3,0,0,178,0,0,0,427,0,240,0,0,178,1
Kent Myers,30603,QB,UTAH ST,9,37.6,0,329,59.2,,60.3,0,0,0,0.0,0.0,,0,0,0,177,0,0,0,471,0,245,0,0,177,0
Davion Hall,44723,WR,BAYLOR,13,53.2,0,118,46.7,67.8,74.6,0,0,3,2.0,1.9,100.0,0,0,0,177,0,0,0,333,3,159,0,0,174,1
Corey Lacanaria,47550,WR,BALL ST,10,38.3,1,117,63.6,,64.8,0,0,0,0.0,0.0,,1,0,0,177,0,0,0,462,0,284,0,0,177,0
Sully Wiefels,17045,G,COLORADO,7,100.0,0,143,58.0,45.1,64.8,1,7,91,100.0,100.0,94.5,2,9,1,177,51,101,0,177,96,96,25,0,81,0
Joshua Bowen,16724,WR,NEW MEX ST,11,39.3,0,242,55.5,63.9,62.0,0,0,1,0.4,0.4,100.0,0,0,0,177,0,0,0,450,1,274,0,0,176,1
Levern Jacobs,12301,WR,MARYLAND,10,37.7,0,215,68.5,,67.4,0,0,0,0.0,0.0,,3,0,0,177,0,0,0,470,0,291,0,0,177,0
Tristan Nickelson,47006,T,TEXAS,8,100.0,2,311,62.8,61.3,66.8,0,5,80,100.0,100.0,96.9,3,5,0,176,0,0,5,176,85,85,0,171,91,0
Tyler Boyd,10689,WR,PITTSBURGH,12,30.7,0,268,89.9,,68.8,0,0,0,0.0,0.0,,3,0,0,176,0,0,0,573,0,361,0,0,176,1
Clint Van Horn,12228,T,MARSHALL,3,100.0,0,214,75.3,81.7,71.4,0,0,95,100.0,100.0,98.9,1,1,1,176,0,0,0,176,105,105,0,176,71,0
Ben Steward,46128,G,BOWL GREEN,13,100.0,0,122,76.3,67.7,78.0,1,1,88,100.0,100.0,98.9,1,2,0,176,0,148,5,176,91,91,0,0,85,23
Sam Schmal,28098,T,BOSTON COL,7,100.0,0,121,52.2,29.0,60.9,1,7,69,100.0,100.0,92.8,2,9,1,176,0,0,124,176,72,72,0,52,104,0
Domonique Young,47793,WR,PURDUE,11,36.8,0,273,57.4,,61.4,0,0,0,0.0,0.0,,0,0,0,175,0,0,0,475,0,299,0,0,175,0
Metuisela 'Unga,47380,TE,HAWAII,12,46.9,0,180,61.0,74.7,82.0,0,0,18,8.7,9.2,100.0,1,0,0,175,0,0,0,373,20,218,0,0,155,222
Trevion Thompson,47596,WR,CLEMSON,14,54.2,0,140,54.9,,77.1,0,0,0,0.0,0.0,,0,0,0,175,0,0,0,323,0,148,0,0,175,0
Charles Chandler,22891,WR,KENT STATE,12,48.5,0,201,54.2,,79.4,0,0,0,0.0,0.0,,0,0,0,175,0,0,0,361,0,186,0,0,175,2
Nic Weishar,47073,TE,NOTRE DAME,10,59.9,0,258,58.0,66.3,80.0,0,1,27,19.4,20.4,98.1,1,1,0,175,0,0,1,292,30,147,0,0,145,155
Patrick Morris,46084,G,TCU,6,100.0,1,305,72.5,89.4,73.3,0,0,61,100.0,100.0,100.0,2,0,0,174,0,123,0,174,64,64,51,0,110,0
Damore'ea Stringfellow,47814,WR,OLE MISS,12,40.2,0,226,77.7,,81.9,0,0,0,0.0,0.0,,0,0,0,174,0,0,0,433,0,259,0,0,174,0
Brandon Radcliff,12129,HB,LOUISVILLE,12,39.5,0,210,67.6,59.6,58.9,2,7,109,47.6,47.5,95.0,0,10,1,174,0,0,0,441,114,240,0,0,60,6
Tyler Luatua,47122,TE,NOTRE DAME,11,83.7,0,258,54.4,62.0,62.0,0,2,31,48.4,50.0,96.8,2,2,0,174,0,0,0,208,34,68,0,0,140,173
John Johnson,48283,WR,TROY,12,44.4,0,318,61.2,,76.5,0,0,0,0.0,0.0,,0,0,0,173,0,0,0,390,0,216,0,0,173,0
Jauan Jennings,48027,WR,TENNESSEE,11,52.9,1,307,58.3,,77.2,0,0,0,0.0,0.0,,4,0,0,173,0,0,0,327,0,147,0,0,173,1
Alex De La Torre,19585,FB,TEXAS,11,75.2,0,311,69.9,71.3,80.2,0,1,22,28.2,29.6,93.2,0,2,1,173,0,0,0,230,24,81,0,0,149,36
Latevius Rayford,47897,WR,VANDERBILT,11,43.8,0,333,56.2,,67.1,0,0,0,0.0,0.0,,0,0,0,173,0,0,0,395,0,222,0,0,173,0
Brooks Haack,46462,QB,LA LAFAYET,10,39.3,0,207,71.2,,60.0,0,0,0,0.0,0.0,,0,0,0,173,0,0,0,440,0,243,0,0,173,0
Hayden Moore,46410,QB,CINCINNATI,9,36.7,0,138,62.9,,60.5,0,0,0,0.0,0.0,,2,0,0,173,0,0,0,472,0,273,0,0,173,0
Keigan Williams,47584,WR,GA SOUTHRN,11,85.2,1,174,61.0,,63.9,0,0,0,0.0,0.0,,1,0,0,173,0,0,0,203,0,30,0,0,173,0
Trayion Durham,18221,HB,KENT STATE,12,50.6,1,201,68.1,82.8,72.0,0,5,114,77.0,76.1,97.8,1,5,0,172,0,0,0,340,118,155,0,0,54,1
Tyler Petite,47222,TE,USC,14,48.6,0,326,56.4,59.7,62.3,0,2,29,14.4,14.6,93.1,2,3,1,172,0,0,3,354,31,213,0,0,141,232
Jared Baker,10946,HB,ARIZONA,12,35.9,0,109,67.8,46.8,64.5,2,6,99,37.2,36.8,93.9,1,10,2,172,0,0,0,479,102,277,0,0,70,0
Daren Echeveria,39552,G,NEVADA,5,100.0,0,239,70.5,82.2,70.1,0,0,71,100.0,100.0,100.0,2,0,0,172,0,3,3,172,74,74,166,0,98,0
Elijhaa Penny,11300,HB,IDAHO,12,26.3,0,185,75.2,82.0,57.9,1,3,133,37.9,39.0,97.7,0,5,1,172,0,0,0,653,144,369,0,0,28,6
Drew Van Maanen,45615,FB,WYOMING,12,90.5,0,351,92.3,83.7,90.9,0,0,22,56.4,57.1,100.0,0,0,0,172,0,0,0,190,24,42,0,0,148,10
Travis Greene,17162,HB,BOWL GREEN,14,25.7,0,122,83.6,74.6,74.5,0,4,128,32.8,33.6,96.1,1,7,3,172,0,0,0,669,137,408,0,0,35,2
Josh Gaston,18557,TE,LA TECH,12,94.5,0,208,65.3,65.7,67.5,0,1,25,75.8,72.2,98.0,1,1,0,172,0,0,0,182,26,36,0,4,146,177
Nicholas Black,13676,HB,ARMY,11,79.3,0,114,65.4,50.8,69.2,0,1,5,13.2,12.5,90.0,1,1,0,172,0,0,0,217,5,40,0,0,167,136
Terian Goree,47805,WR,N TEXAS,12,40.6,0,251,57.6,,64.5,0,0,0,0.0,0.0,,1,0,0,172,0,0,0,424,0,252,0,0,172,1
Chris Johnson,38519,QB,BAYLOR,8,59.9,0,118,43.8,,60.0,0,0,0,0.0,0.0,,0,0,0,172,0,0,0,287,0,83,0,0,172,4
Dante Pettis,48113,WR,WASHINGTON,13,34.3,0,340,63.8,,60.8,0,0,0,0.0,0.0,,2,0,0,172,0,0,0,501,0,329,0,0,172,0
Adrian Goodacre,46717,G,LA LAFAYET,9,100.0,0,207,66.8,77.8,66.1,0,3,84,100.0,100.0,97.0,2,4,1,171,0,0,0,171,93,93,171,0,78,0
Wendell Smallwood,10787,HB,W VIRGINIA,13,26.3,0,343,78.6,83.7,57.1,0,1,79,26.0,25.5,99.4,2,1,0,171,0,0,0,650,81,318,0,0,90,0
Shaquille Powell,37814,HB,DUKE,13,33.4,0,154,70.0,59.0,78.6,1,2,70,26.3,26.0,95.0,1,5,2,171,0,0,0,512,74,285,0,0,97,0
De'Quan Hampton,48114,WR,USC,12,54.1,0,326,63.2,,60.2,0,0,0,0.0,0.0,,1,0,0,171,0,0,0,316,0,145,0,0,171,3
Anthony Williams,16941,WR,UNLV,12,43.5,0,325,48.0,,54.1,0,0,0,0.0,0.0,,1,0,0,171,0,0,0,393,0,221,0,0,171,0
Jarrett Stidham,13725,QB,BAYLOR,10,52.1,0,118,89.3,,60.1,0,0,0,0.0,0.0,,1,0,0,171,0,0,0,328,0,139,0,0,171,0
Thadd Smith,48041,WR,BOSTON COL,12,42.5,0,121,61.2,,63.7,0,0,0,0.0,0.0,,1,0,0,171,0,0,0,402,0,222,0,0,171,17
Da'Mari Scott,39588,WR,FRESNO ST,11,46.6,1,169,73.6,,76.7,0,0,0,0.0,0.0,,3,0,0,170,0,0,0,365,0,194,0,0,170,4
Bra'Lon Cherry,12289,WR,NC STATE,13,38.0,0,248,58.3,,60.4,0,0,0,0.0,0.0,,0,0,0,170,0,0,0,447,0,274,0,0,170,0
Damien Parris,16978,T,HOUSTON,8,100.0,0,182,83.3,74.3,80.2,0,3,50,100.0,100.0,97.0,0,3,0,170,0,0,0,170,53,53,9,161,117,0
Jordan Feuerbacher,47193,TE,BAYLOR,4,92.4,0,118,81.1,78.5,87.4,0,0,26,68.4,66.7,100.0,1,0,0,170,0,0,3,184,28,42,0,0,142,20
Brandon Greene,47169,TE,ALABAMA,14,94.4,0,103,72.7,72.1,74.2,0,0,36,78.3,78.7,97.2,1,1,1,170,0,0,7,180,37,47,0,67,133,94
Connor Patterson,46049,G,RICE,9,100.0,0,275,62.1,51.6,69.0,2,5,81,100.0,100.0,94.4,2,8,1,169,0,35,66,169,83,83,62,6,86,0
Ahmad Bradshaw,46451,QB,ARMY,8,46.6,0,114,61.3,,60.0,0,0,0,0.0,0.0,,1,0,0,169,0,0,0,363,0,63,0,0,169,0
Colin Reardon,22806,QB,KENT STATE,9,42.7,0,201,43.4,,60.0,0,0,0,0.0,0.0,,0,0,0,168,0,0,0,393,0,191,0,0,168,0
Gabe Marks,12245,WR,WASH STATE,13,19.3,0,341,74.3,,57.1,0,0,0,0.0,0.0,,1,0,0,168,0,0,0,870,0,702,0,0,168,0
Toby Weathersby,47015,G,LSU,8,100.0,1,211,58.6,63.4,68.1,1,5,86,100.0,100.0,96.5,4,6,0,168,0,0,2,168,89,89,50,102,79,14
Dylan Collie,47705,WR,HAWAII,13,36.8,0,180,60.2,,55.8,0,0,0,0.0,0.0,,0,0,0,168,0,0,0,457,0,289,0,0,168,3
Ya'Keem Griner,18091,TE,FIU,7,48.0,0,166,59.5,74.9,57.0,0,0,24,12.0,12.0,100.0,3,0,0,168,0,0,0,350,25,208,0,0,143,281
Jay Rome,10894,TE,GEORGIA,13,63.7,0,173,60.7,74.7,68.6,0,0,13,12.5,12.0,100.0,0,0,0,167,0,0,1,262,13,108,0,0,154,214
Brian Hill,11911,HB,WYOMING,12,29.0,0,351,71.8,62.4,72.1,2,4,113,49.8,49.6,95.6,1,8,2,167,0,0,0,576,119,240,0,0,48,0
Chase Hounshell,47303,TE,NOTRE DAME,12,91.8,0,258,72.5,62.8,71.0,0,2,36,73.5,72.2,94.4,1,3,1,167,0,0,0,182,39,54,0,0,128,178
Evan Faunce,32437,TE,NEVADA,8,91.3,0,239,61.9,71.4,67.2,0,0,13,44.8,44.8,100.0,2,0,0,167,0,0,0,183,13,29,0,0,154,182
Kyle Hoffman,47280,TE,CHARLOTTE,12,77.3,0,136,75.3,81.4,74.9,0,0,28,36.8,38.0,100.0,0,0,0,167,0,0,2,216,30,79,0,2,137,72
Tabari Hines,47491,WR,WAKE,12,37.5,0,339,59.9,,59.3,0,0,0,0.0,0.0,,0,0,0,167,0,0,0,445,0,275,0,0,167,1
Prescott Line,45627,HB,SMU,11,50.3,0,287,65.3,74.9,67.1,2,0,75,43.9,44.4,96.0,0,4,2,166,0,0,0,330,83,187,0,0,83,16
D.J. Vinson,17526,WR,S ALABAMA,12,43.7,0,288,56.6,,81.7,0,0,0,0.0,0.0,,2,0,0,166,0,0,0,380,0,211,0,0,166,0
Ervin Philips,47518,HB,SYRACUSE,9,38.6,0,304,66.1,70.4,53.7,0,0,7,3.4,3.5,100.0,1,0,0,166,0,0,0,430,8,230,0,0,158,113
Ernest Calhoun,47950,WR,KENT STATE,11,49.4,0,201,59.5,,65.0,0,0,0,0.0,0.0,,1,0,0,166,0,0,0,336,0,166,0,0,166,0
David Blough,46508,QB,PURDUE,10,30.4,0,273,53.2,,60.0,0,0,0,0.0,0.0,,0,0,0,166,0,0,0,546,0,344,0,0,166,0
Sam Flor,21897,C,WASH STATE,2,100.0,0,341,73.3,78.1,68.9,0,2,116,100.0,100.0,98.3,0,3,1,165,165,0,0,165,121,121,0,0,44,0
Frank Taylor,18095,C,BOSTON COL,6,100.0,0,121,74.5,43.7,75.8,1,3,63,100.0,100.0,95.2,0,5,1,165,140,22,0,165,66,66,2,0,99,0
Trevor Davis,10797,WR,CAL,13,36.3,0,130,69.3,,57.5,0,0,0,0.0,0.0,,1,0,0,165,0,0,0,454,0,286,0,0,165,0
Miles Thomas,16572,FB,MINNESOTA,13,84.2,0,225,51.6,82.4,54.4,0,0,27,47.4,46.6,100.0,1,0,0,165,0,0,0,196,27,58,0,0,138,5
Devin Scott,17175,FB,W KENTUCKY,14,64.6,0,346,55.1,58.5,65.9,0,3,25,22.1,21.7,94.0,0,3,0,164,0,0,1,254,25,115,0,0,139,179
Mark Chapman,48120,WR,C MICHIGAN,12,34.3,0,134,67.0,,59.1,0,0,0,0.0,0.0,,1,0,0,164,0,0,0,478,0,305,0,0,164,4
Teldrick Morgan,47726,WR,NEW MEX ST,9,34.8,0,242,60.3,64.5,59.4,0,0,1,0.3,0.3,100.0,2,0,0,164,0,0,0,471,1,305,0,0,163,10
Emanuel Porter,47776,WR,TCU,8,43.2,0,305,60.4,,53.8,0,0,0,0.0,0.0,,0,0,0,164,0,0,0,380,0,216,0,0,164,0
Buddy Howell,12888,HB,FAU,12,43.4,0,165,66.0,61.0,60.6,2,2,94,56.6,57.5,95.7,1,6,2,164,0,0,0,378,103,179,0,0,61,17
Storm Woods,18975,HB,OREGON ST,11,41.7,0,265,72.6,90.3,72.5,0,1,76,38.8,39.9,99.3,1,1,0,163,0,0,0,391,83,208,0,0,80,0
Jared Mapps,47911,WR,LA MONROE,13,35.0,0,209,52.6,,58.8,0,0,0,0.0,0.0,,1,0,0,163,0,0,0,466,0,303,0,0,163,0
Will Hopkins,29725,T,OREGON ST,4,100.0,0,265,55.0,46.9,60.0,1,2,86,100.0,100.0,94.8,1,6,3,163,0,0,162,163,95,95,0,0,68,1
Dom Williams,16859,WR,WASH STATE,13,19.4,1,341,67.9,,66.0,0,0,0,0.0,0.0,,1,0,0,162,0,0,0,835,0,673,0,0,162,0
Reggie Davis,48079,WR,GEORGIA,12,46.3,0,173,54.3,,56.5,0,0,0,0.0,0.0,,0,0,0,162,0,0,0,350,0,186,0,0,162,0
Montay Crockett,12108,WR,GA SOUTHRN,12,85.3,0,174,58.8,,68.5,0,0,0,0.0,0.0,,2,0,0,162,0,0,0,190,0,26,0,0,162,0
Carlos Henderson,11837,WR,LA TECH,10,34.7,0,208,77.6,,73.6,0,0,0,0.0,0.0,,1,0,0,162,0,0,0,467,0,300,0,0,162,0
Xavier Brown,48031,WR,LA MONROE,10,39.0,0,209,49.9,,63.4,0,0,0,0.0,0.0,,1,0,0,162,0,0,0,415,0,253,0,0,162,0
Rafe Kiely,19871,C,WYOMING,12,100.0,0,351,80.0,87.4,73.8,0,0,67,100.0,100.0,100.0,1,0,0,162,162,0,0,162,69,69,0,0,93,0
Hale Hentges,47150,TE,ALABAMA,14,71.7,0,103,55.3,59.4,65.3,1,0,21,25.6,24.7,92.9,1,2,1,162,0,0,0,226,21,85,0,0,141,172
James Quick,12305,WR,LOUISVILLE,11,35.6,0,210,65.5,43.2,37.0,0,0,0,0.0,0.0,,0,0,0,161,0,0,0,452,0,290,0,0,161,1
Shane Brostek,22123,G,WASHINGTON,10,100.0,0,340,70.5,80.4,66.3,1,1,74,100.0,100.0,98.6,0,2,0,161,40,0,0,161,80,80,116,0,81,1
Amba Etta-Tawo,12034,WR,MARYLAND,12,43.8,0,215,57.5,,77.3,0,0,0,0.0,0.0,,0,0,0,161,0,0,0,368,0,207,0,0,161,0
Bryan Driskell,38940,HB,AIR FORCE,12,66.3,0,101,79.5,83.5,70.5,0,0,13,28.9,28.3,100.0,0,0,0,161,0,0,0,243,13,46,0,0,148,115
Ryan Rentfro,23447,T,N TEXAS,10,100.0,0,251,57.1,66.5,56.0,0,5,77,100.0,100.0,96.8,0,5,0,161,0,44,1,161,79,79,16,100,82,0
Nico Falah,45599,C,USC,6,100.0,0,326,59.7,24.6,66.6,1,5,72,101.4,101.4,94.4,0,7,1,161,121,0,40,161,75,74,0,0,86,0
James Mayden,48232,WR,RICE,12,46.1,0,275,55.0,,61.1,0,0,0,0.0,0.0,,1,0,0,160,0,0,0,347,0,187,0,0,160,0
Shock Linwood,45820,HB,BAYLOR,12,33.0,0,118,85.3,80.8,65.3,2,2,107,48.2,48.3,98.1,2,4,0,160,0,0,0,485,116,240,0,0,44,0
Devon Allen,47972,WR,OREGON,11,53.0,0,264,56.3,,80.0,0,0,0,0.0,0.0,,1,0,0,160,0,0,0,302,0,142,0,0,160,3
Mikell Lands-Davis,48328,TE,GA TECH,7,65.3,0,176,59.6,68.7,51.1,0,0,12,16.0,16.3,100.0,2,0,0,160,0,0,0,245,13,80,0,0,147,139
Devon Breaux,48020,WR,TULANE,11,38.9,0,319,63.1,,73.6,0,0,0,0.0,0.0,,1,0,0,159,0,0,0,409,0,250,0,0,159,0
Jarveon Williams,45938,HB,UTSA,11,32.5,0,331,66.8,42.2,67.2,1,5,75,33.9,35.3,93.3,1,8,2,159,0,0,0,489,82,232,0,0,77,0
Terrell Newby,45689,HB,NEBRASKA,13,27.6,0,238,67.1,58.5,63.7,1,6,84,25.0,24.7,95.8,1,7,0,159,0,0,0,577,88,356,0,0,71,0
Anthone Taylor,18041,HB,BUFFALO,11,31.1,0,126,68.0,74.9,58.2,2,6,138,47.6,47.6,97.1,0,8,0,159,0,0,0,511,147,309,0,0,12,0
Max Wittek,11401,QB,HAWAII,9,32.9,1,180,37.5,,60.0,0,0,0,0.0,0.0,,2,0,0,159,0,0,0,484,0,318,0,0,159,0
Calvin Cass Jr.,45641,TE,NAVY,13,81.1,0,237,63.0,13.4,58.6,0,1,3,13.0,12.5,83.3,0,1,0,159,0,0,0,196,3,24,0,0,156,117
Matt Breida,12271,HB,GA SOUTHRN,13,39.2,0,174,80.7,66.2,58.5,1,1,21,35.6,38.5,95.2,1,2,0,158,0,0,0,403,25,65,0,0,133,0
John Poehlmann,18994,T,RICE,5,100.0,1,275,59.4,57.3,58.3,0,9,79,100.0,100.0,91.8,2,11,2,158,0,0,0,158,82,82,0,158,76,0
Montez McGuire,17801,WR,APP STATE,10,65.0,0,108,65.7,,61.0,0,0,0,0.0,0.0,,1,0,0,158,0,0,0,243,0,85,0,0,158,0
Andrew Libby,30507,FB,UMASS,12,71.2,0,216,61.0,69.0,72.4,1,1,45,43.3,42.9,97.8,1,2,0,158,0,0,0,222,48,112,0,0,110,9
Macon Plewa,18458,FB,IOWA,14,90.3,1,192,75.4,82.2,75.8,0,0,14,48.3,50.0,100.0,1,0,0,158,0,0,0,175,16,32,0,0,142,0
David Anaya,18878,HB,NEW MEXICO,13,69.0,0,241,74.2,60.6,80.6,0,1,20,28.6,29.3,97.5,0,1,0,158,0,0,0,229,22,75,0,0,136,1
Tevaun Smith,10921,WR,IOWA,12,32.4,1,192,73.1,,73.2,0,0,0,0.0,0.0,,1,0,0,157,0,0,0,484,0,327,0,0,157,0
Mike Warren,45751,HB,IOWA STATE,12,26.3,0,193,65.8,66.3,55.8,1,5,111,35.8,35.9,94.6,1,9,3,157,0,0,0,598,117,326,0,0,40,3
Christian Chapman,27211,QB,S DIEGO ST,9,67.7,0,284,67.9,,60.0,0,0,0,0.0,0.0,,0,0,0,157,0,0,0,232,0,67,0,0,157,0
Chris Hudson,29253,WR,MIAMI OH,12,38.4,0,221,56.8,,64.3,0,0,0,0.0,0.0,,3,0,0,157,0,0,0,409,0,252,0,0,157,0
Amir Carlisle,10950,WR,NOTRE DAME,13,37.6,0,258,66.4,,86.7,0,0,0,0.0,0.0,,0,0,0,157,0,0,0,417,0,254,0,0,157,0
Sean Maguire,22742,QB,FLORIDA ST,8,43.4,0,167,59.9,,60.0,0,0,0,0.0,0.0,,4,0,0,157,0,0,0,362,0,203,0,0,157,0
John Wolford,46454,QB,WAKE,11,32.8,0,339,71.3,,60.0,0,0,0,0.0,0.0,,2,0,0,157,0,0,0,479,0,297,0,0,157,0
Jamal Wilson,19625,HB,UMASS,12,35.7,0,216,71.0,84.9,55.6,0,2,128,40.8,41.7,99.2,1,2,0,157,0,0,0,440,138,331,0,0,19,2
Leonte Carroo,10720,WR,RUTGERS,8,43.9,0,278,90.7,,79.3,0,0,0,0.0,0.0,,0,0,0,157,0,0,0,358,0,201,0,0,157,0
Craig Scott,47855,WR,NAVY,13,80.4,0,237,61.3,,72.7,0,0,0,0.0,0.0,,0,0,0,156,0,0,0,194,0,38,0,0,156,3
Eddie Daugherty,47490,WR,E MICHIGAN,12,35.2,0,160,69.8,,58.6,0,0,0,0.0,0.0,,1,0,0,156,0,0,0,443,0,283,0,0,156,0
Al-Damion Riles,12332,WR,LA LAFAYET,11,36.9,0,207,69.8,63.9,65.8,0,0,1,0.4,0.4,100.0,1,0,0,156,0,0,0,423,1,267,0,0,155,1
Christian Allen,47026,FB,AKRON,11,93.4,0,102,57.9,52.8,68.6,0,1,21,65.6,69.4,97.6,2,1,0,156,0,0,0,167,25,36,0,0,131,162
Seth Collins,47812,QB,OREGON ST,8,34.4,0,265,61.2,,60.3,0,0,0,0.0,0.0,,0,0,0,155,0,0,0,450,0,203,0,0,155,0
Teddy Ruben,17295,WR,TROY,12,33.3,0,318,79.9,,67.9,0,0,0,0.0,0.0,,2,0,0,155,0,0,0,466,0,308,0,0,155,0
Xavier Castille,47914,WR,SMU,12,45.1,0,287,63.6,,70.3,0,0,0,0.0,0.0,,1,0,0,155,0,0,0,344,0,189,0,0,155,0
Blake Kemp,22575,QB,E CAROLINA,11,26.3,0,156,80.9,,60.0,0,0,0,0.0,0.0,,5,0,0,155,0,0,0,589,0,408,0,0,155,0
Chris Platt,47570,WR,BAYLOR,13,64.3,0,118,64.6,,53.2,0,0,0,0.0,0.0,,1,0,0,155,0,0,0,241,0,86,0,0,155,0
Bobo Beathard,17657,WR,APP STATE,11,51.3,0,108,64.5,,71.1,0,0,0,0.0,0.0,,0,0,0,155,0,0,0,302,0,146,0,0,155,0
Jake Snyder,26234,G,LA MONROE,8,100.0,0,209,55.9,57.8,52.8,0,3,89,100.0,100.0,97.2,0,4,1,154,0,132,1,154,92,92,21,0,62,0
Autrey Golden,19510,WR,UTEP,12,37.1,0,330,47.5,,64.2,0,0,0,0.0,0.0,,0,0,0,154,0,0,0,415,0,249,0,0,154,0
Jack Ford,46270,T,C MICHIGAN,2,100.0,1,134,59.9,71.0,63.5,1,3,74,100.0,100.0,95.9,4,5,1,154,0,0,151,154,78,78,0,3,76,0
Quincy Adeboyejo,12085,WR,OLE MISS,13,33.6,0,226,66.1,63.9,71.4,0,0,1,0.3,0.3,100.0,0,0,0,154,0,0,0,458,1,305,0,0,153,0
Aaron Criswell,39160,WR,UNLV,12,33.1,0,325,60.8,47.7,67.8,0,0,1,0.4,0.3,100.0,2,0,0,154,0,0,0,465,1,309,0,0,153,0
Bryce Treggs,11278,WR,CAL,13,30.4,0,130,71.1,,68.4,0,0,0,0.0,0.0,,3,0,0,154,0,0,0,507,0,353,0,0,154,2
Ben Lewis,17150,WR,SYRACUSE,8,52.0,0,304,69.4,73.9,66.9,0,0,12,8.6,8.7,100.0,0,0,0,153,0,0,0,294,13,150,0,0,140,207
Ryan Graham,26338,QB,N ILLINOIS,10,45.3,0,254,43.9,,60.1,0,0,0,0.0,0.0,,0,0,0,153,0,0,0,338,0,130,0,0,153,0
Andrew Allen,26510,QB,NEW MEX ST,7,33.2,0,242,57.6,,60.0,0,0,0,0.0,0.0,,0,0,0,153,0,0,0,461,0,277,0,0,153,0
Sione Houma,11229,FB,MICHIGAN,13,59.8,0,222,77.8,82.2,81.3,0,0,19,24.4,25.9,100.0,1,0,0,153,0,0,0,256,21,81,0,0,132,9
Tyler Ervin,10753,HB,S JOSE ST,13,20.3,0,285,73.3,53.1,53.5,2,4,82,21.7,22.1,92.7,1,9,3,153,0,0,0,755,86,389,0,0,67,2
George Bollas,38869,QB,KENT STATE,11,35.8,0,201,48.3,,60.0,0,0,0,0.0,0.0,,0,0,0,153,0,0,0,427,0,216,0,0,153,0
Don Jackson,11150,HB,NEVADA,13,30.2,0,239,63.7,76.6,59.9,1,3,94,46.1,46.8,97.9,1,4,0,152,0,0,0,504,101,216,0,0,51,0
Eric Dungey,46458,QB,SYRACUSE,8,34.8,0,304,63.5,,60.4,0,0,0,0.0,0.0,,1,0,0,152,0,0,0,437,0,234,0,0,152,0
DaMarcus Smith,25479,QB,N TEXAS,10,32.3,1,251,49.3,,60.0,0,0,0,0.0,0.0,,2,0,0,152,0,0,0,470,0,249,0,0,152,0
Justin Holman,46581,QB,UCF,9,32.2,0,323,57.1,,60.1,0,0,0,0.0,0.0,,1,0,0,151,0,0,0,469,0,300,0,0,151,0
Clinton Taylor,18018,WR,FIU,12,34.5,0,166,64.3,,56.3,0,0,0,0.0,0.0,,1,0,0,151,0,0,0,438,0,286,0,0,151,0
Seamus Shanley,17222,G,SYRACUSE,4,100.0,0,304,73.1,59.7,76.8,0,2,61,100.0,100.0,98.4,1,2,0,151,0,0,0,151,62,62,151,0,89,0
Desmond Cain,47979,WR,ILLINOIS,12,27.6,0,187,66.0,,66.3,0,0,0,0.0,0.0,,0,0,0,151,0,0,0,548,0,396,0,0,151,1
Brian Thlang,26312,G,LA MONROE,8,100.0,0,209,66.0,41.2,75.4,1,3,69,100.0,100.0,94.2,1,6,2,151,26,59,0,151,70,70,64,0,81,2
Ventell Bryant,47959,WR,TEMPLE,14,35.5,0,306,78.5,,81.5,0,0,0,0.0,0.0,,1,0,0,150,0,0,0,422,0,271,0,0,150,0
Tommylee Lewis,11231,WR,N ILLINOIS,10,44.9,0,254,67.3,,66.9,0,0,0,0.0,0.0,,1,0,0,150,0,0,0,334,0,176,0,0,150,0
Josh Magee,12030,WR,S ALABAMA,12,43.2,0,288,64.1,,62.8,0,0,0,0.0,0.0,,2,0,0,150,0,0,0,347,0,196,0,0,150,0
Johnathan Alston,45093,WR,NC STATE,13,39.3,0,248,53.8,,63.7,0,0,0,0.0,0.0,,0,0,0,150,0,0,0,382,0,228,0,0,150,4
Donald Gray,48216,WR,MISS STATE,13,49.2,0,227,71.6,,68.2,0,0,0,0.0,0.0,,3,0,0,150,0,0,0,305,0,155,0,0,150,1
Keevan Lucas,47572,WR,TULSA,4,44.2,0,320,66.5,,57.0,0,0,0,0.0,0.0,,2,0,0,150,0,0,0,339,0,183,0,0,150,0
Jared Murphy,47673,WR,MIAMI OH,12,36.3,0,221,65.5,72.6,69.4,0,0,1,0.4,0.4,100.0,1,0,0,150,0,0,0,413,1,262,0,0,149,3
Tyler Patrick,47713,WR,KANSAS,12,36.5,0,198,59.4,,65.4,0,0,0,0.0,0.0,,0,0,0,149,0,0,0,408,0,259,0,0,149,0
Chad Beebe,21528,WR,N ILLINOIS,13,42.3,0,254,57.6,,57.5,0,0,0,0.0,0.0,,0,0,0,149,0,0,0,352,0,200,0,0,149,0
Nathan Marcus,47281,TE,VANDERBILT,12,72.3,0,333,58.4,74.1,67.0,0,0,9,14.3,13.6,100.0,2,0,0,149,0,0,0,206,9,66,0,0,140,169
Tim McVey,32681,HB,AIR FORCE,9,58.9,0,101,86.6,80.2,62.6,0,0,9,15.8,15.0,100.0,0,0,0,149,0,0,0,253,9,60,0,0,140,117
Quentin Ezell,18921,FB,NAVY,13,68.2,0,237,68.4,45.1,68.3,2,1,22,81.5,77.4,93.2,0,3,0,148,0,0,0,217,24,31,0,0,124,0
Newman Williams,47078,FB,AKRON,6,83.6,0,102,75.3,42.5,73.5,0,2,40,60.6,59.7,97.5,3,2,0,148,0,0,0,177,43,72,0,0,105,171
Erich Schneider,47194,TE,DUKE,13,53.4,0,154,62.0,50.0,67.9,2,0,25,17.1,16.8,96.0,2,2,0,148,0,0,0,277,26,155,0,0,122,67
Ray-Ray McCloud III,47895,WR,CLEMSON,12,47.3,0,140,62.8,,55.6,0,0,0,0.0,0.0,,1,0,0,148,0,0,0,313,0,158,0,0,148,0
Demario Richard,27031,HB,ARIZONA ST,12,23.6,0,110,75.7,70.6,69.2,3,2,72,21.4,21.7,96.5,0,5,0,148,0,0,0,627,75,346,0,0,73,0
Malcolm Culmer,47798,WR,MARYLAND,12,42.7,0,215,60.3,,67.1,0,0,0,0.0,0.0,,0,0,0,148,0,0,0,347,0,198,0,0,148,3
D.J. Johnson,45973,HB,AIR FORCE,7,62.4,0,101,63.1,76.1,68.5,0,0,28,87.5,87.9,100.0,0,0,0,148,0,0,0,237,29,33,0,0,119,2
Tyrell Goodman,16596,WR,AKRON,10,50.9,0,102,62.0,64.2,71.8,0,0,1,0.7,0.7,100.0,0,0,0,147,0,0,9,289,1,143,0,1,146,3
Mark Andrews,47436,WR,OKLAHOMA,13,53.5,0,261,75.9,56.9,69.2,0,0,11,8.3,7.9,100.0,0,0,0,147,0,0,0,275,11,139,0,4,136,86
Andrew McNulty,39495,QB,N TEXAS,7,41.4,0,251,52.6,,60.0,0,0,0,0.0,0.0,,1,0,0,147,0,0,0,355,0,199,0,0,147,0
Gus Walley,23317,TE,MISS STATE,8,43.8,0,227,58.1,76.6,53.1,0,0,33,15.3,15.6,100.0,0,0,0,147,0,0,0,336,35,224,0,1,112,173
Darius Powe,11251,WR,CAL,13,32.7,0,130,73.0,72.3,65.3,0,0,5,1.7,1.6,100.0,2,0,0,147,0,0,2,449,5,307,0,0,142,45
Alex Bars,47018,G,NOTRE DAME,6,100.0,0,258,74.0,73.7,76.7,0,2,68,100.0,100.0,98.5,1,2,0,147,0,147,0,147,76,76,0,0,71,0
Johnathon Johnson,38748,WR,TENNESSEE,12,65.6,0,307,63.3,,43.9,0,0,0,0.0,0.0,,2,0,0,147,0,0,0,224,0,77,0,0,147,0
Chad Lewellyn,48199,WR,NAVY,13,83.9,0,237,60.6,67.9,74.6,0,0,2,6.9,9.7,100.0,0,0,0,146,0,0,0,174,3,31,0,0,143,3
Eric Carter,26326,WR,MINNESOTA,10,43.5,0,225,66.6,,75.2,0,0,0,0.0,0.0,,0,0,0,146,0,0,0,336,0,190,0,0,146,0
Royce Freeman,45747,HB,OREGON,13,21.2,0,264,88.5,68.3,61.1,0,6,82,24.8,25.1,95.1,1,7,1,146,0,0,0,689,86,343,0,0,60,0
Jordan Fredericks,45984,HB,SYRACUSE,12,41.6,0,304,65.4,48.6,58.5,2,2,56,38.4,39.5,94.6,0,5,1,146,0,0,0,351,64,162,0,0,82,2
Chris Shillings,17812,WR,BALL ST,12,38.4,0,117,55.8,,54.8,0,0,0,0.0,0.0,,0,0,0,146,0,0,0,380,0,234,0,0,146,0
Rod Ducksworth,38231,WR,MIDDLE TN,12,42.6,0,224,53.7,,49.2,0,0,0,0.0,0.0,,1,0,0,145,0,0,0,340,0,195,0,0,145,0
Adam Cox,22740,FB,IOWA,14,87.9,0,192,83.9,46.9,86.9,0,0,10,33.3,37.5,100.0,1,0,0,145,0,0,0,165,12,32,0,0,133,0
Nate Jeppesen,30572,G,TOLEDO,7,100.0,0,316,74.9,87.7,72.4,0,0,55,100.0,100.0,100.0,1,0,0,145,48,88,0,145,62,62,9,0,83,0
Brandon Ross,10984,HB,MARYLAND,12,34.7,0,215,68.5,57.7,51.6,0,4,74,39.2,39.8,95.9,0,5,1,145,0,0,0,418,80,201,0,0,65,1
Brandon Reilly,12150,WR,NEBRASKA,13,30.7,0,238,81.3,,71.4,0,0,0,0.0,0.0,,1,0,0,145,0,0,0,473,0,316,0,0,145,0
Brenden Motley,44983,QB,VA TECH,10,34.8,0,337,59.6,,60.0,0,0,0,0.0,0.0,,0,0,0,145,0,0,0,417,0,213,0,0,145,0
Eldridge Massington,47955,WR,UCLA,12,42.0,0,324,51.2,,60.3,0,0,0,0.0,0.0,,1,0,0,145,0,0,0,345,0,200,0,0,145,0
Elijah McGuire,11943,HB,LA LAFAYET,12,26.0,0,207,73.6,46.7,73.8,2,3,72,28.9,27.8,96.5,0,5,0,145,0,0,0,557,74,266,0,0,71,0
Darren Andrews,47630,WR,UCLA,12,31.1,0,324,63.9,,52.0,0,0,0,0.0,0.0,,1,0,0,144,0,0,0,463,0,319,0,0,144,0
Gregory Hogan,48183,WR,NEW MEX ST,12,35.1,0,242,62.4,,63.5,0,0,0,0.0,0.0,,0,0,0,144,0,0,0,410,0,266,0,0,144,0
Dakota Torres,47245,TE,HAWAII,7,49.3,1,180,70.5,64.4,82.8,0,1,28,16.6,16.4,94.6,1,2,1,144,0,0,0,292,29,177,0,0,115,207
Marteze Waller,17499,HB,FRESNO ST,12,23.2,0,169,70.5,64.8,54.4,1,7,94,28.8,28.5,94.7,0,9,1,144,0,0,0,620,98,344,0,0,46,0
Shelby Walker,47474,WR,SMU,11,39.7,0,287,56.6,,54.4,0,0,0,0.0,0.0,,1,0,0,143,0,0,0,360,0,217,0,0,143,0
Johnny Jackson,17139,WR,ARIZONA,13,35.0,0,109,73.2,,66.1,0,0,0,0.0,0.0,,0,0,0,143,0,0,0,408,0,264,0,0,143,0
Parker Smith,47892,WR,RICE,10,51.8,0,275,63.8,,70.3,0,0,0,0.0,0.0,,0,0,0,143,0,0,0,276,0,133,0,0,143,0
Dameon Gamblin,47689,WR,NEW MEXICO,13,43.5,0,241,73.1,,58.8,0,0,0,0.0,0.0,,1,0,0,143,0,0,0,329,0,177,0,0,143,0
Nick Gibbons,46145,G,OHIO,9,100.0,0,259,69.4,63.4,75.4,0,3,61,100.0,100.0,97.5,3,3,0,143,0,31,7,143,65,65,105,0,78,0
Kevin Thomas,48069,WR,SMU,12,46.3,0,287,61.4,,71.9,0,0,0,0.0,0.0,,3,0,0,143,0,0,0,309,0,166,0,0,143,0
Devonte Robinson,11158,WR,UTAH ST,12,41.9,0,329,62.5,64.8,60.8,0,0,1,0.5,0.5,100.0,0,0,0,143,0,0,0,341,1,195,0,0,142,4
Hergy Mayala,47845,WR,UCONN,12,33.1,0,146,47.2,67.1,60.1,0,0,1,0.4,0.7,100.0,0,0,0,142,0,0,0,429,2,289,0,0,140,3
Hunter Folkertsma,47074,TE,BOWL GREEN,14,84.0,0,122,61.2,66.9,61.2,0,1,35,57.4,58.5,98.6,1,1,0,142,0,0,0,169,38,65,0,1,104,142
Jemond Hazely,17386,WR,S DIEGO ST,13,51.6,0,284,68.0,,63.4,0,0,0,0.0,0.0,,1,0,0,142,0,0,0,275,0,133,0,0,142,6
Jahad Thomas,12326,HB,TEMPLE,14,21.2,0,306,74.3,47.3,60.2,2,5,89,27.4,28.0,94.9,0,8,1,142,0,0,0,671,97,347,0,0,45,0
Curtis Samuel,11795,WR,OHIO STATE,13,47.8,0,260,74.9,75.0,72.3,0,0,2,1.5,2.1,100.0,0,0,0,142,0,0,0,297,3,140,0,0,139,6
Braelon Roberts,48039,WR,UTAH ST,11,45.1,0,329,55.0,,63.2,0,0,0,0.0,0.0,,2,0,0,142,0,0,0,315,0,173,0,0,142,3
Perry Hills,46491,QB,MARYLAND,8,32.3,1,215,51.5,,60.0,0,0,0,0.0,0.0,,5,0,0,142,0,0,0,439,0,229,0,0,142,0
D'haquille Williams,11366,WR,AUBURN,5,56.8,0,115,67.2,,68.2,0,0,0,0.0,0.0,,0,0,0,142,0,0,0,250,0,108,0,0,142,0
Kyle Shurmur,29110,QB,VANDERBILT,5,54.2,0,333,57.0,,60.3,0,0,0,0.0,0.0,,0,0,0,142,0,0,0,262,0,118,0,0,142,0
Jazz Peavy,48158,WR,WISCONSIN,13,35.5,1,349,59.5,,62.3,0,0,0,0.0,0.0,,1,0,0,142,0,0,0,400,0,258,0,0,142,0
Stephen Ericksen,46166,G,AKRON,7,100.0,1,102,65.8,80.8,61.8,0,0,45,100.0,100.0,100.0,2,0,0,141,80,33,0,141,47,47,28,0,94,0
Lamar Jackson,46416,QB,LOUISVILLE,12,25.0,0,210,68.4,,60.0,0,0,0,0.0,0.0,,0,0,0,141,0,0,0,564,0,322,0,0,141,0
Damion Ratley,48182,WR,TEXAS A&M,12,42.6,0,312,55.9,,61.1,0,0,0,0.0,0.0,,0,0,0,141,0,0,0,331,0,190,0,0,141,0
Peyton Barber,10927,HB,AUBURN,13,26.7,1,115,78.9,50.0,86.4,2,3,61,30.7,30.0,95.9,1,5,0,141,0,0,0,528,63,210,0,0,78,0
Taquan Mizzell Sr.,45675,HB,VIRGINIA,12,21.7,0,335,73.8,80.6,48.4,0,2,48,12.8,12.8,97.9,3,2,0,141,0,0,0,650,50,392,0,0,91,0
Chuckie Keeton,19710,QB,UTAH ST,7,35.1,0,329,59.6,,60.5,0,0,0,0.0,0.0,,1,0,0,141,0,0,0,402,0,230,0,0,141,0
Braxton Miller,10719,WR,OHIO STATE,13,38.5,0,260,69.0,63.9,79.8,0,0,0,0.0,0.5,,1,0,0,141,0,0,0,366,1,183,0,0,140,2
Hyleck Foster,31819,WR,MARSHALL,11,33.9,2,214,64.5,85.3,56.2,0,2,64,28.3,28.4,98.4,2,2,0,141,0,0,0,416,69,243,0,0,72,0
Brandon Wilds,11057,HB,S CAROLINA,9,34.8,0,289,64.7,54.4,69.6,2,2,63,32.3,33.0,95.2,1,5,1,140,0,0,0,402,68,206,0,0,72,3
Torii Hunter Jr.,47985,WR,NOTRE DAME,13,40.8,0,258,72.4,,75.0,0,0,0,0.0,0.0,,0,0,0,140,0,0,0,343,0,198,0,0,140,2
Harold Moleni,18211,TE,HAWAII,9,60.6,0,180,60.8,71.5,82.4,0,1,18,17.0,16.5,97.2,0,1,0,140,0,0,0,231,18,109,0,0,122,136
Jermaine Eluemunor,11914,G,TEXAS A&M,4,100.0,0,312,72.0,78.5,70.4,0,2,73,100.0,100.0,97.3,0,3,1,140,0,91,0,140,80,80,49,0,60,0
Chris Lewis,46095,G,NEW MEXICO,9,100.0,0,241,62.5,50.4,62.5,0,2,44,100.0,100.0,97.7,1,2,0,140,0,140,0,140,45,45,0,0,95,0
Tyler Cogswell,38425,TE,CINCINNATI,13,87.0,0,138,87.4,71.1,87.0,0,0,22,55.0,52.3,100.0,1,0,0,140,0,0,0,161,23,44,0,0,117,104
Jeff Smith,48055,QB,BOSTON COL,9,46.2,0,121,50.9,,60.0,0,0,0,0.0,0.0,,1,0,0,140,0,0,0,303,0,108,0,0,140,0
Carlton Agudosi,12010,WR,RUTGERS,9,46.8,0,278,65.6,,79.2,0,0,0,0.0,0.0,,1,0,0,140,0,0,0,299,0,159,0,0,140,0
Matt Quarells,48010,WR,NEW MEXICO,10,65.3,0,241,52.6,,67.2,0,0,0,0.0,0.0,,0,0,0,139,0,0,0,213,0,74,0,0,139,1
Clayton Echard,11458,TE,MISSOURI,12,79.4,0,229,56.9,67.2,64.1,0,2,29,45.3,46.3,96.6,0,2,0,139,0,0,0,175,31,67,0,0,108,112
Matt James,46911,T,WASHINGTON,6,100.0,0,340,69.3,72.3,64.8,0,4,71,100.0,100.0,95.8,0,5,1,139,0,0,37,139,75,75,0,100,64,1
Joseph Parker,47746,WR,WYOMING,12,39.6,0,351,48.4,,58.5,0,0,0,0.0,0.0,,1,0,0,139,0,0,0,351,0,211,0,0,139,0
Tony Stevens,12143,WR,AUBURN,12,54.7,0,115,71.2,,78.0,0,0,0,0.0,0.0,,0,0,0,139,0,0,0,254,0,115,0,0,139,0
Aaron Green,11186,HB,TCU,13,20.4,0,305,67.2,84.9,63.8,0,0,43,13.5,13.4,100.0,1,0,0,139,0,0,0,680,45,337,0,0,94,0
Chris Loving,18899,TE,N TEXAS,12,53.3,0,251,63.8,67.6,74.5,0,0,15,11.3,11.0,100.0,2,0,0,138,0,0,1,259,15,136,0,0,123,121
Kamrin Solomon,48117,WR,FAU,12,39.2,0,165,62.8,66.8,56.5,0,0,1,0.5,0.5,100.0,0,0,0,138,0,0,0,352,1,213,0,0,137,4
Nathaniel Devers,36865,G,MARSHALL,7,100.0,0,214,78.6,65.4,81.5,0,2,74,100.0,100.0,97.3,0,3,1,138,14,0,0,138,77,77,124,0,61,0
Darian Green,23851,HB,BALL ST,12,30.7,0,117,68.7,76.7,56.7,0,8,89,36.3,35.8,95.5,0,8,0,138,0,0,0,449,91,254,0,0,47,0
Ke'Shawn Vaughn,45866,HB,ILLINOIS,11,30.5,0,187,58.4,66.0,47.4,0,8,103,41.4,40.5,96.1,2,8,0,138,0,0,0,453,106,262,0,0,32,0
Julian Williams,32082,WR,FIU,12,39.2,0,166,52.3,,54.8,0,0,0,0.0,0.0,,1,0,0,138,0,0,0,352,0,214,0,0,138,0
Tony Brown,48344,WR,TEXAS TECH,12,32.6,0,315,50.2,,65.4,0,0,0,0.0,0.0,,4,0,0,138,0,0,1,423,0,284,0,0,138,1
Josh Thomas,27324,G,HOUSTON,4,100.0,0,182,70.6,43.3,77.9,0,2,67,100.0,100.0,95.5,1,4,2,138,0,24,0,138,68,68,114,0,70,0
Ishmael Zamora,12252,WR,BAYLOR,12,58.1,0,118,52.8,,54.9,0,0,0,0.0,0.0,,4,0,0,137,0,0,0,236,0,99,0,0,137,0
Ray Lawry,45939,HB,DOMINION,11,24.8,0,263,71.6,56.7,57.1,2,7,94,30.5,30.8,94.1,0,10,1,137,0,0,0,553,98,318,0,0,39,0
Ricky Jones,18483,TE,LA TECH,13,91.9,0,208,63.2,69.9,65.5,0,1,18,69.2,67.9,97.2,0,1,0,137,0,0,0,149,19,28,0,0,118,56
Derrick Henry,10679,HB,ALABAMA,15,17.4,0,103,82.7,65.1,67.5,2,7,103,30.6,30.6,95.6,1,9,0,137,0,0,0,786,108,353,0,0,29,0
Nick Sharga,32630,FB,TEMPLE,11,91.9,0,306,68.3,80.1,67.8,0,0,11,50.0,50.0,100.0,0,0,0,137,0,0,0,149,12,24,0,0,125,3
D'Angelo Brewer,45951,HB,TULSA,11,30.5,0,320,69.3,83.0,57.5,0,4,115,46.4,45.7,98.3,0,4,0,136,0,0,0,446,121,265,0,0,15,0
Paul Perkins,10783,HB,UCLA,13,20.9,0,324,86.7,71.3,50.0,1,7,105,28.5,28.7,96.2,0,8,0,136,0,0,0,651,111,387,0,0,25,0
Jeff Wilson Jr.,29413,HB,N TEXAS,10,30.0,1,251,68.0,79.2,60.1,0,0,69,30.5,31.4,100.0,3,0,0,136,0,0,0,453,74,236,0,0,62,0
Dalvin Cook,11796,HB,FLORIDA ST,12,23.4,0,167,88.0,49.5,75.6,2,6,98,33.4,32.2,95.9,0,8,0,136,0,0,0,581,98,304,0,0,38,0
L.A. Ramsby,28400,HB,GA SOUTHRN,13,39.3,0,174,71.6,64.5,55.5,1,2,42,51.2,51.6,96.4,0,3,0,136,0,0,0,346,47,91,0,0,89,0
Antwan Dixon,33173,WR,KENT STATE,9,44.3,0,201,72.4,,61.4,0,0,0,0.0,0.0,,0,0,0,136,0,0,0,307,0,160,0,0,136,0
Kilton Anderson,27546,QB,FRESNO ST,8,38.1,0,169,47.5,,60.1,0,0,0,0.0,0.0,,2,0,0,135,0,0,0,354,0,180,0,0,135,0
Jarrison Stewart,34178,WR,TCU,12,39.6,0,305,63.4,63.9,70.0,0,0,1,0.5,0.5,100.0,0,0,0,135,0,0,0,341,1,207,0,0,134,0
Matt Dayes,12006,HB,NC STATE,8,35.2,0,248,75.0,64.4,70.0,0,6,87,44.2,44.1,92.0,0,10,4,135,0,0,0,383,89,202,0,0,46,13
Andrew Rodriguez,47951,WR,UTAH ST,13,34.4,0,329,60.2,,80.7,0,0,0,0.0,0.0,,0,0,0,135,0,0,0,393,0,258,0,0,135,0
Thaddeous Thompson,47575,WR,N TEXAS,10,43.0,0,251,46.8,,60.8,0,0,0,0.0,0.0,,2,0,0,135,0,0,0,314,0,179,0,0,135,0
Dezmon Epps,21035,WR,IDAHO,6,33.3,1,185,79.4,,67.1,0,0,0,0.0,0.0,,2,0,0,135,0,0,0,406,0,271,0,0,135,0
Preston Williams,38855,WR,TENNESSEE,8,62.9,0,307,60.3,,66.8,0,0,0,0.0,0.0,,0,0,0,134,0,0,0,213,0,79,0,0,134,0
Will Grier,38265,QB,FLORIDA,6,39.3,0,163,67.3,,60.3,0,0,0,0.0,0.0,,1,0,0,134,0,0,0,341,0,202,0,0,134,0
Sean Dowling,47104,TE,VANDERBILT,9,95.0,0,333,62.2,66.8,63.7,1,0,29,82.9,80.6,98.3,1,1,0,134,0,0,0,141,29,36,0,0,105,141
Brandon Swindall,19636,WR,UTAH ST,11,46.0,0,329,70.2,,77.3,0,0,0,0.0,0.0,,0,0,0,134,0,0,0,291,0,157,0,0,134,4
Derron Gatewood,30523,C,UTEP,5,100.0,0,330,72.9,72.0,73.7,0,2,61,100.0,100.0,98.4,1,2,0,133,36,4,0,133,62,62,78,0,71,15
Larry Dace III,47617,WR,TULANE,12,40.8,0,319,53.1,,56.2,0,0,0,0.0,0.0,,0,0,0,133,0,0,0,326,0,193,0,0,133,0
Darik Dillard,45983,HB,RICE,12,35.0,0,275,63.1,70.2,64.0,0,5,101,49.5,49.1,95.5,0,7,2,133,0,0,0,380,106,216,0,0,27,4
Zach Bumgarner,47087,TE,CHARLOTTE,12,88.1,0,136,73.3,75.1,71.2,0,0,18,50.0,50.0,100.0,0,0,0,133,0,0,0,151,18,36,0,0,115,122
Johnny Holton,11354,WR,CINCINNATI,8,42.8,0,138,69.5,,55.4,0,0,0,0.0,0.0,,2,0,0,133,0,0,0,311,0,178,0,0,133,2
Brandon Shippen,11212,WR,TEMPLE,14,32.4,0,306,59.7,,66.3,0,0,0,0.0,0.0,,0,0,0,133,0,0,0,410,0,271,0,0,133,1
Chase Favreau,27423,WR,S DIEGO ST,11,56.7,0,284,49.3,,66.1,0,0,0,0.0,0.0,,0,0,0,132,0,0,0,233,0,101,0,0,132,4
J.D. Moore,57062,FB,LSU,6,95.0,0,211,73.8,85.4,74.3,0,0,17,73.9,74.1,100.0,1,0,0,132,0,0,0,139,20,27,0,0,112,1
Francis Owusu,47655,WR,STANFORD,14,44.7,0,300,59.3,,58.1,0,0,0,0.0,0.0,,1,0,0,132,0,0,0,295,0,162,0,0,132,0
Jeremy Liggins,12263,TE,OLE MISS,11,86.8,0,226,59.9,68.9,58.8,0,1,41,74.5,74.1,96.3,2,2,1,132,0,0,1,152,43,58,0,34,89,86
Darious Crawley,31011,WR,KANSAS,9,41.5,0,198,64.8,,72.4,0,0,0,0.0,0.0,,0,0,0,132,0,0,0,318,0,186,0,0,132,0
Tom Collins,18525,T,MARSHALL,4,100.0,0,214,65.9,58.3,66.3,0,5,63,100.0,100.0,91.3,0,8,3,132,0,0,6,132,66,66,9,117,66,0
Dare Ogunbowale,12329,HB,WISCONSIN,13,22.8,1,349,72.2,86.8,70.8,1,1,95,28.9,28.7,98.9,2,2,0,132,0,0,0,578,100,349,0,0,32,0
Brandon Knight,25018,T,INDIANA,7,92.3,0,190,73.5,78.2,71.0,0,0,30,73.2,74.4,100.0,1,0,0,132,0,0,8,143,32,43,0,0,100,109
Alex Dalton,46806,G,OKLAHOMA,7,100.0,0,261,84.9,80.3,85.5,0,2,55,100.0,100.0,98.2,0,2,0,131,0,0,0,131,57,57,131,0,74,0
Brett Toth,46848,T,ARMY,4,100.0,0,114,69.1,76.7,65.4,0,0,24,100.0,100.0,100.0,0,0,0,131,0,0,20,131,26,26,0,106,105,5
Zach Crouch,47187,TE,C MICHIGAN,12,76.2,0,134,55.9,25.0,54.8,0,2,12,23.5,25.5,83.3,0,3,1,131,0,0,1,172,14,55,0,7,117,115
David Njoku,11784,TE,MIAMI FL,13,35.8,0,220,65.6,54.5,72.5,0,0,12,5.1,5.6,100.0,2,0,0,131,0,0,0,366,14,249,0,0,117,108
Dakwa Nichols,45982,HB,NC STATE,10,58.0,0,248,56.5,73.4,58.1,0,2,85,63.4,64.5,97.6,1,3,1,131,0,0,0,226,89,138,0,0,42,2
Robert Wheelwright,47887,WR,WISCONSIN,10,33.2,1,349,69.1,,63.8,0,0,0,0.0,0.0,,2,0,0,131,0,0,0,394,0,263,0,0,131,0
Byers Hickmon,28456,T,FAU,7,100.0,0,165,79.3,55.6,84.3,1,2,66,100.0,100.0,97.7,0,3,0,131,0,0,106,131,68,68,0,6,63,19
Brant Weiss,30687,T,TOLEDO,4,100.0,0,316,79.9,84.4,77.1,0,1,48,100.0,100.0,99.0,1,1,0,131,0,0,0,131,51,51,0,131,80,0
De'mun Mercer,30086,WR,TEXAS ST,12,43.3,0,314,59.8,,55.5,0,0,0,0.0,0.0,,0,0,0,130,0,0,0,300,0,169,0,0,130,0
Kenneth Walker III,12035,WR,UCLA,13,42.2,0,324,55.1,,61.8,0,0,0,0.0,0.0,,2,0,0,130,0,0,0,308,0,177,0,0,130,0
Joseph Yearby,46026,HB,MIAMI FL,13,24.3,0,220,76.3,73.2,63.5,3,4,99,34.4,34.2,96.5,0,7,0,130,0,0,0,536,103,301,0,0,27,0
Fred Ulu-Perry,38310,G,UCLA,5,100.0,0,324,60.9,51.2,62.0,0,5,68,100.0,100.0,93.4,1,7,2,130,0,0,0,130,73,73,115,0,57,0
Emanuel Byrd,25432,TE,MARSHALL,10,50.8,0,214,62.4,74.6,54.0,0,0,8,6.3,6.0,100.0,2,0,0,130,0,0,0,256,8,134,0,0,122,93
Cameron Posey,47639,WR,PURDUE,12,34.2,0,273,60.4,,69.7,0,0,0,0.0,0.0,,0,0,0,130,0,0,0,380,0,250,0,0,130,11
Aaron Kemper,24332,HB,ARMY,11,54.6,0,114,60.6,30.5,62.3,1,1,12,70.6,70.6,91.7,0,2,0,130,0,0,0,238,12,17,0,0,118,1
Cameron Dickerson,18905,WR,NWESTERN,10,48.9,0,256,51.9,,60.2,0,0,0,0.0,0.0,,0,0,0,129,0,0,0,264,0,135,0,0,129,0
Justin Falcinelli,38908,G,CLEMSON,8,100.0,0,140,64.0,54.4,63.7,0,1,49,100.0,100.0,99.0,0,1,0,129,41,87,0,129,49,49,1,0,80,0
Dontrell Hilliard,45691,HB,TULANE,12,27.9,0,319,71.7,69.5,69.1,0,1,47,18.9,18.6,98.9,1,1,0,129,0,0,0,463,48,258,0,0,81,1
Justin Bolus,47324,TE,CHARLOTTE,12,50.2,0,136,58.7,78.7,75.8,0,0,9,6.7,6.6,100.0,0,0,0,129,0,0,2,257,9,137,0,1,120,25
Jalen Nixon,45916,QB,LA LAFAYET,10,37.8,0,207,52.2,,60.0,0,0,0,0.0,0.0,,1,0,0,129,0,0,0,341,0,153,0,0,129,0
Jaquan White,47843,WR,UTEP,12,29.7,0,330,62.7,,60.4,0,0,0,0.0,0.0,,1,0,0,129,0,0,0,435,0,303,0,0,129,0
Ray Hudson,47739,TE,CAL,13,48.3,0,130,60.7,75.7,77.7,0,0,12,8.3,8.7,100.0,0,0,0,128,0,0,2,265,13,150,0,0,115,99
A.J. Schurr,19879,QB,ARMY,6,49.4,0,114,45.2,,60.0,0,0,0,0.0,0.0,,0,0,0,128,0,0,0,259,0,35,0,0,128,0
Workpeh Kofa,47729,WR,CHARLOTTE,12,47.9,0,136,61.0,,66.5,0,0,0,0.0,0.0,,0,0,0,128,0,0,0,267,0,139,0,0,128,0
Connor Lanfear,46797,G,TEXAS A&M,4,100.0,0,312,82.4,60.2,89.9,0,1,74,100.0,100.0,95.3,0,4,3,127,0,52,0,127,78,78,75,0,49,0
Tristan Payton,47840,WR,UCF,10,37.7,0,323,67.7,,59.1,0,0,0,0.0,0.0,,1,0,0,127,0,0,0,337,0,206,0,0,127,6
Austin Appleby,12316,QB,PURDUE,5,31.6,0,273,62.0,,60.0,0,0,0,0.0,0.0,,2,0,0,127,0,0,0,402,0,239,0,0,127,0
Markell Jones,45858,HB,PURDUE,12,23.5,0,273,71.7,63.9,61.4,1,8,84,26.7,26.1,93.5,1,10,1,127,0,0,0,540,85,326,0,0,42,0
T.J. Logan,11935,HB,N CAROLINA,14,41.5,0,245,67.6,81.2,68.9,0,2,43,28.7,29.6,97.7,0,2,0,127,0,0,0,306,47,159,0,0,80,0
Marchie Murdock,47847,WR,ILLINOIS,9,40.3,0,187,52.8,,56.4,0,0,0,0.0,0.0,,0,0,0,127,0,0,0,315,0,187,0,0,127,0
Benton Washington,38937,HB,AIR FORCE,9,60.5,0,101,62.9,65.3,57.2,0,0,1,3.8,3.6,100.0,0,0,0,127,0,0,0,210,1,28,0,0,126,88
Tyler Rouse,45827,HB,BOSTON COL,12,40.5,0,121,69.7,61.7,59.0,0,3,51,39.8,40.1,97.1,0,3,0,126,0,0,0,311,55,137,0,0,71,0
Jordan Westerkamp,47515,WR,NEBRASKA,13,24.5,1,238,84.9,,70.3,0,0,0,0.0,0.0,,1,0,0,126,0,0,0,515,0,387,0,0,126,0
Joe Gray,16729,QB,S JOSE ST,6,49.6,0,285,67.9,,60.2,0,0,0,0.0,0.0,,1,0,0,126,0,0,0,254,0,120,0,0,126,0
Marlon Mack,11898,HB,USF,12,26.5,0,327,82.7,86.3,68.5,0,0,36,21.7,21.6,100.0,2,0,0,126,0,0,0,475,37,171,0,0,89,1
Justin Jackson,29539,HB,NWESTERN,13,20.2,0,256,73.2,73.7,64.4,0,2,64,26.8,26.1,96.9,1,3,1,126,0,0,0,625,65,249,0,0,61,0
Deon Cain,13597,WR,CLEMSON,12,41.3,0,140,76.8,,59.1,0,0,0,0.0,0.0,,5,0,0,126,0,0,0,305,0,178,0,0,126,0
Marlon Watts,28874,WR,LA TECH,11,43.2,0,208,56.7,,65.0,0,0,0,0.0,0.0,,0,0,0,126,0,0,0,292,0,166,0,0,126,0
Jeff Lockie,23581,QB,OREGON,6,48.3,0,264,45.1,,60.0,0,0,0,0.0,0.0,,2,0,0,126,0,0,0,261,0,125,0,0,126,0
Cedrick Lang,11244,TE,UTEP,12,64.9,0,330,57.8,79.0,62.8,0,0,21,24.1,23.6,100.0,1,0,0,126,0,0,40,194,21,89,0,21,105,73
Rushel Shell,12053,HB,W VIRGINIA,13,28.2,0,343,71.7,90.1,75.9,0,0,51,25.1,25.6,100.0,0,0,0,126,0,0,0,447,55,215,0,0,71,0
Rob Castaneda,30318,G,TEXAS TECH,8,100.0,0,315,81.5,65.5,77.4,0,2,63,100.0,100.0,96.8,0,3,1,125,0,0,24,125,66,66,41,48,59,12
Fred Coppet,45748,HB,BOWL GREEN,14,31.1,0,122,69.0,82.6,55.1,0,1,89,42.2,42.2,99.4,0,1,0,125,0,0,0,402,95,225,0,0,30,1
Kyler Murray,38334,QB,TEXAS A&M,8,40.7,0,312,65.8,,60.0,0,0,0,0.0,0.0,,0,0,0,125,0,0,0,307,0,147,0,0,125,0
Shaq Vann,28243,HB,E MICHIGAN,12,32.3,0,160,72.5,31.4,88.5,0,3,36,18.9,18.4,90.3,0,5,2,125,0,0,0,387,37,201,0,0,88,0
Garrett Smith,46568,QB,LA MONROE,10,21.6,0,209,66.8,,60.0,0,0,0,0.0,0.0,,1,0,0,125,0,0,0,579,0,403,0,0,125,0
Corey Willis,25319,WR,C MICHIGAN,13,31.1,0,134,75.3,,62.7,0,0,0,0.0,0.0,,1,0,0,125,0,0,0,402,0,268,0,0,125,1
Booker Mays,22203,WR,ARK STATE,13,53.2,0,113,57.6,,89.1,0,0,0,0.0,0.0,,0,0,0,124,0,0,0,233,0,108,0,0,124,0
James Tabary,38262,QB,ARK STATE,8,48.1,0,113,54.9,,60.0,0,0,0,0.0,0.0,,1,0,0,124,0,0,0,258,0,122,0,0,124,0
Kris Kentera,16632,WR,VANDERBILT,10,37.5,0,333,52.0,,77.2,0,0,0,0.0,0.0,,0,0,0,124,0,0,0,331,0,207,0,0,124,0
Joe Kerridge,11408,FB,MICHIGAN,11,67.4,0,222,66.7,82.5,71.4,0,0,20,32.3,31.3,100.0,0,0,0,124,0,0,0,184,21,67,0,0,103,6
Qadree Ollison,45934,HB,PITTSBURGH,13,24.3,0,268,66.4,48.0,58.2,1,6,74,30.5,31.2,93.9,0,8,1,124,0,0,0,511,79,253,0,0,45,3
Stanley Morgan,48110,WR,NEBRASKA,13,31.2,0,238,68.4,,87.8,0,0,0,0.0,0.0,,2,0,0,124,0,0,0,397,0,273,0,0,124,0
Cameron Ruff,27785,G,USF,8,100.0,0,327,65.2,80.8,64.5,0,0,34,100.0,100.0,97.1,1,1,1,124,22,12,9,124,37,37,81,0,87,0
Leo Koloamatangi,12187,G,HAWAII,11,100.0,0,180,57.3,64.3,61.7,1,1,50,100.0,100.0,96.0,1,3,1,124,0,1,51,124,52,52,0,26,72,46
Chris Minter,47239,TE,TULSA,11,89.2,0,320,51.1,60.2,54.5,0,0,19,57.6,60.5,100.0,1,0,0,124,0,0,1,139,23,38,0,7,101,73
Jeremiah Booker,38977,WR,KANSAS,9,37.2,0,198,64.5,64.5,60.8,0,0,1,0.5,0.5,100.0,1,0,0,123,0,0,0,331,1,209,0,0,122,11
Donnell Alexander,20972,HB,AKRON,12,47.5,0,102,73.0,66.5,79.1,2,2,64,68.8,69.7,96.9,0,4,0,123,0,0,0,259,69,99,0,0,54,2
Kalif Phillips,12116,HB,CHARLOTTE,11,28.3,0,136,78.3,58.8,54.7,2,1,90,43.5,43.1,96.1,0,5,2,123,0,0,0,435,90,209,0,0,33,0
Darius Jackson,10850,HB,E MICHIGAN,12,19.3,0,160,66.7,80.9,69.1,0,2,56,16.0,16.3,98.2,1,2,0,123,0,0,0,636,59,361,0,0,64,0
Isaiah Renfro,34912,WR,WASHINGTON,13,47.1,0,340,62.7,,81.2,0,0,0,0.0,0.0,,1,0,0,123,0,0,0,261,0,138,0,0,123,0
Ryan Stendler,26271,TE,N ILLINOIS,14,89.8,0,254,58.3,58.5,68.2,1,0,20,58.8,58.8,97.5,2,1,0,123,0,0,0,137,20,34,0,0,103,127
Dominique Heath,47670,WR,KANSAS ST,12,40.9,0,199,70.0,,62.6,0,0,0,0.0,0.0,,0,0,0,123,0,0,0,301,0,175,0,0,123,0
Chris Taylor,47769,WR,DUKE,10,51.9,0,154,50.4,,67.8,0,0,0,0.0,0.0,,0,0,0,123,0,0,0,237,0,114,0,0,123,0
Blake Bone,28597,WR,KENTUCKY,12,39.5,0,202,59.0,,66.3,0,0,0,0.0,0.0,,1,0,0,123,0,0,0,311,0,188,0,0,123,0
Jon'Vea Johnson,48082,WR,TOLEDO,12,53.0,0,316,58.8,,65.3,0,0,0,0.0,0.0,,0,0,0,123,0,0,0,232,0,108,0,0,123,1
Johnathan Gray,19507,HB,TEXAS,11,32.8,1,311,64.0,54.9,80.5,0,6,45,27.3,26.7,93.3,1,6,0,123,0,0,0,375,46,172,0,0,77,0
Shane Williams-Rhodes,16845,WR,BOISE ST,11,30.7,0,120,77.0,,66.9,0,0,0,0.0,0.0,,1,0,0,122,0,0,0,397,0,263,0,0,122,3
Devine Redding,45841,HB,INDIANA,13,23.6,0,190,69.0,66.2,58.8,1,5,83,34.6,35.7,96.4,0,6,0,122,0,0,0,516,89,249,0,0,33,0
Joseph Puopolo,17371,FB,UCF,9,76.7,0,323,67.5,62.9,81.2,0,1,9,20.5,20.0,94.4,2,1,0,122,0,0,0,159,9,45,0,0,113,80
Corey Robinson,38151,WR,NOTRE DAME,12,44.4,0,258,63.0,,69.3,0,0,0,0.0,0.0,,0,0,0,122,0,0,0,275,0,153,0,0,122,0
JD Sprague,39102,QB,OHIO,7,40.4,0,259,67.8,,60.0,0,0,0,0.0,0.0,,0,0,0,122,0,0,0,302,0,148,0,0,122,0
Rodney Smith,26306,HB,MINNESOTA,12,28.1,0,225,70.7,68.6,63.1,0,4,78,34.8,35.1,97.4,0,4,0,121,0,0,0,431,81,231,0,0,40,1
Elijah Rodriguez,46835,G,TEXAS,7,100.0,0,311,59.4,76.1,59.4,0,1,55,100.0,100.0,99.1,1,1,0,121,0,22,0,121,59,59,55,38,62,6
Jackson Harris,36237,TE,GEORGIA,10,74.7,0,173,59.6,44.6,51.3,0,0,7,14.9,14.6,100.0,0,0,0,121,0,0,0,162,7,48,0,0,114,141
Stacy Coley,11974,WR,MIAMI FL,11,31.7,0,220,78.4,,69.5,0,0,0,0.0,0.0,,7,0,0,121,0,0,0,382,0,259,0,0,121,1
Xavier Williams,39540,WR,COLO STATE,9,39.0,0,144,58.4,,53.8,0,0,0,0.0,0.0,,0,0,0,120,0,0,0,308,0,187,0,0,120,3
David Sills V,34579,QB,W VIRGINIA,8,49.0,2,343,54.5,,63.2,0,0,0,0.0,0.0,,4,0,0,120,0,0,0,245,0,125,0,0,120,0
Andrew Buie,20009,HB,CHARLOTTE,12,30.7,0,136,58.4,50.9,57.9,0,5,60,33.5,35.6,94.2,0,6,1,119,0,0,0,388,67,188,0,0,52,2
Doroland Dorceus,45790,HB,MEMPHIS,13,26.7,0,218,70.4,73.7,70.0,0,3,60,26.1,26.4,97.5,0,3,0,119,0,0,0,445,62,235,0,0,57,3
Jack McDonald,46613,G,VIRGINIA,7,100.0,0,335,42.8,24.6,47.4,1,5,54,100.0,100.0,92.6,2,7,1,119,1,99,0,119,57,57,19,0,62,0
Austin Wolf,47815,WR,AKRON,11,59.8,0,102,69.8,,59.6,0,0,0,0.0,0.0,,0,0,0,119,0,0,0,199,0,80,0,0,119,0
Ralph Webb,45802,HB,VANDERBILT,12,18.1,0,333,61.1,52.2,58.6,2,5,64,20.5,20.9,91.4,0,9,2,119,0,0,0,657,68,325,0,0,51,0
Joe Mixon,11803,HB,OKLAHOMA,13,28.6,0,261,81.4,61.8,59.5,1,1,46,20.6,20.5,97.8,0,2,0,119,0,0,0,416,47,229,0,0,72,0
Raekwon James,47646,HB,KENT STATE,12,34.6,1,201,60.7,53.8,72.0,0,5,49,26.2,25.5,94.9,2,5,0,119,0,0,0,344,50,196,0,0,69,1
Devin Fuller,10872,WR,UCLA,10,40.2,0,324,68.8,,69.5,0,0,0,0.0,0.0,,0,0,0,119,0,0,0,296,0,177,0,0,119,0
Zack Mahoney,46457,QB,SYRACUSE,8,39.9,0,304,43.0,,60.5,0,0,0,0.0,0.0,,1,0,0,119,0,0,0,298,0,156,0,0,119,0
Carrington Thompson,48032,WR,W MICHIGAN,13,42.8,0,347,51.3,,69.6,0,0,0,0.0,0.0,,1,0,0,119,0,0,0,278,0,159,0,0,119,0
T.J. Thorpe,11452,WR,VIRGINIA,10,31.5,1,335,68.8,,70.1,0,0,0,0.0,0.0,,3,0,0,119,0,0,0,378,0,254,0,0,119,0
John Christopher,16629,WR,TEMPLE,14,33.5,0,306,66.2,,78.2,0,0,0,0.0,0.0,,1,0,0,118,0,0,0,352,0,234,0,0,118,1
Jimmy Williams,48063,WR,E CAROLINA,7,37.6,0,156,54.5,,60.3,0,0,0,0.0,0.0,,0,0,0,118,0,0,0,314,0,196,0,0,118,0
Brandon Holloway,45729,HB,MISS STATE,13,25.1,0,227,62.6,24.4,65.5,2,4,32,11.3,11.3,90.6,0,6,0,118,0,0,0,470,33,292,0,0,85,1
Jared Cornelius,47451,WR,ARKANSAS,9,43.1,0,111,83.7,,76.7,0,0,0,0.0,0.0,,0,0,0,118,0,0,0,274,0,149,0,0,118,0
A.J. Richardson,47896,WR,BOISE ST,12,44.4,0,120,60.4,67.1,68.7,0,0,1,0.7,0.7,100.0,0,0,0,118,0,0,0,266,1,149,0,0,117,5
Nate Cole,38556,WR,CINCINNATI,13,48.0,0,138,72.2,,85.4,0,0,0,0.0,0.0,,1,0,0,118,0,0,0,246,0,128,0,0,118,1
Tyler Campbell,33407,HB,ARMY,7,65.2,0,114,66.5,74.6,69.4,0,0,10,18.2,20.7,100.0,1,0,0,118,0,0,0,181,12,58,0,0,106,93
Carson Epps,47910,WR,IOWA STATE,11,41.4,0,193,50.6,,69.1,0,0,0,0.0,0.0,,0,0,0,118,0,0,0,285,0,167,0,0,118,0
Dennis Turner,28444,WR,FIU,11,38.4,0,166,50.9,,55.5,0,0,0,0.0,0.0,,0,0,0,118,0,0,0,307,0,190,0,0,118,0
Ryan Mullen,46751,G,MIAMI OH,6,100.0,0,221,70.1,79.4,67.3,0,0,53,100.0,100.0,98.1,0,1,1,118,10,7,0,118,54,54,101,0,64,0
De'Veon Smith,45671,HB,MICHIGAN,12,23.6,0,222,77.9,51.0,77.4,1,11,82,30.0,30.9,92.7,1,12,0,118,0,0,0,501,90,291,0,0,28,1
James Butler,45966,HB,NEVADA,13,27.3,0,239,86.3,83.6,60.7,0,1,71,42.0,41.2,97.9,1,2,1,118,0,0,0,432,73,177,0,0,45,0
J.C. Hassenauer,45600,C,ALABAMA,8,100.0,0,103,72.4,82.6,68.4,0,0,38,100.0,100.0,100.0,0,0,0,118,118,0,0,118,38,38,0,0,80,0
C.J. Prosise,10724,HB,NOTRE DAME,11,25.1,0,258,79.3,67.9,68.7,0,3,61,24.9,25.6,95.9,0,4,1,118,0,0,0,471,67,262,0,0,51,1
Jacob Seydel,16780,G,WASH STATE,4,100.0,0,341,59.3,67.0,64.6,3,2,93,100.0,100.0,96.2,1,6,1,118,0,0,0,118,95,95,118,0,23,0
Max Morrison,20285,WR,CINCINNATI,13,27.1,0,138,71.5,,75.9,0,0,0,0.0,0.0,,1,0,0,117,0,0,0,431,0,314,0,0,117,3
Wesley Fields,34554,HB,GA SOUTHRN,13,48.1,0,174,79.4,56.9,56.9,0,1,8,29.6,36.1,93.7,1,1,0,117,0,0,0,243,13,36,0,0,104,0
Joe Brown,29143,G,MIAMI FL,7,100.0,0,220,62.6,52.3,63.6,0,2,54,100.0,100.0,94.4,0,4,2,117,0,4,0,117,57,57,113,0,60,0
DeAndre Lane,39682,WR,MARYLAND,11,47.4,0,215,63.0,,65.9,0,0,0,0.0,0.0,,0,0,0,117,0,0,0,247,0,130,0,0,117,0
Phillip Lindsay,12660,HB,COLORADO,13,27.2,0,143,71.1,76.4,73.6,1,2,87,34.9,35.0,98.3,2,3,0,117,0,0,0,430,91,260,0,0,26,0
Alonzo Smith,45702,HB,MIAMI OH,12,38.5,0,221,61.2,71.0,54.5,0,2,84,60.4,59.7,97.6,1,3,1,117,0,0,0,304,89,149,0,0,28,0
Tyre McCants,48024,WR,USF,13,58.0,0,327,63.3,,70.0,0,0,0,0.0,0.0,,1,0,0,116,0,0,0,200,0,84,0,0,116,0
Jarvion Franklin,30845,HB,W MICHIGAN,13,28.3,0,347,63.4,69.1,47.5,1,3,77,36.7,38.4,96.1,2,5,1,116,0,0,0,410,84,219,0,0,32,0
Isaiah McKenzie,11927,WR,GEORGIA,10,53.5,0,173,65.4,,74.5,0,0,0,0.0,0.0,,2,0,0,116,0,0,0,217,0,90,0,0,116,0
Daniel Aust,24636,G,S ALABAMA,9,100.0,0,288,60.4,40.8,65.3,0,3,53,100.0,100.0,97.2,1,3,0,116,0,109,0,116,54,54,0,0,62,0
Jeromy Irwin,22062,T,COLORADO,2,100.0,0,143,74.4,77.4,69.5,2,1,57,100.0,100.0,97.4,0,3,0,116,0,0,114,116,60,60,0,0,56,2
Jordan Johnson,12146,HB,BUFFALO,12,29.9,1,126,71.1,81.3,64.1,1,3,91,50.0,51.0,97.8,2,4,0,116,0,0,0,388,98,192,0,0,18,1
Matrick Belton,21474,WR,S CAROLINA,12,42.2,1,289,57.7,,66.2,0,0,0,0.0,0.0,,1,0,0,116,0,0,0,275,0,159,0,0,116,0
Canaan Severin,10896,WR,VIRGINIA,12,24.6,0,335,80.6,,62.0,0,0,0,0.0,0.0,,0,0,0,116,0,0,0,471,0,355,0,0,116,0
Paul Harris,45792,HB,HAWAII,12,24.4,0,180,69.3,45.7,57.3,0,3,94,37.9,38.0,94.1,0,7,4,116,0,0,0,475,97,255,0,0,19,0
Hosey Williams,20432,HB,CINCINNATI,13,28.5,0,138,70.1,49.2,66.5,2,4,88,37.8,38.8,95.5,0,7,1,116,0,0,0,407,95,245,0,0,21,0
A.J. Ouellette,45974,HB,OHIO,13,26.4,0,259,60.4,85.2,59.7,0,0,40,20.0,21.3,100.0,0,0,0,116,0,0,0,440,46,216,0,0,70,0
Jordan Rigg,46316,G,MIAMI OH,2,100.0,0,221,70.5,57.9,75.7,0,1,56,100.0,100.0,97.3,1,2,1,116,0,108,8,116,58,58,0,0,58,0
Max Magana,46933,T,GA SOUTHRN,5,100.0,0,174,47.7,25.7,51.0,0,0,18,100.0,100.0,94.4,0,1,1,116,0,0,113,116,20,20,0,3,96,0
Michael Nysewander,38350,TE,ALABAMA,15,87.8,0,103,65.8,56.3,67.3,0,2,12,42.9,42.9,91.7,0,2,0,115,0,0,0,131,12,28,0,0,103,44
Blake Bogenschutz,26913,QB,UTSA,5,36.6,0,331,38.0,,60.0,0,0,0,0.0,0.0,,1,0,0,115,0,0,0,314,0,167,0,0,115,0
Ryan Jackson,17196,HB,HOUSTON,10,40.2,0,182,66.8,80.5,74.0,0,3,47,36.2,37.6,96.8,1,3,0,115,0,0,0,286,50,133,0,0,65,0
Moe Ways,84149,WR,MICHIGAN,12,70.1,0,222,65.9,,90.0,0,0,0,0.0,0.0,,0,0,0,115,0,0,0,164,0,49,0,0,115,3
David Beedle,27298,G,MICH STATE,6,100.0,0,223,60.1,44.3,61.3,0,4,49,100.0,100.0,95.9,0,4,0,115,0,115,0,115,52,52,0,0,63,0
KaVontae Turpin,47658,WR,TCU,13,30.1,0,305,71.5,74.9,50.0,0,0,2,0.9,0.8,100.0,2,0,0,115,0,0,0,382,2,250,0,0,113,0
Brooks Barden,37238,QB,CHARLOTTE,7,45.1,0,136,41.9,,60.0,0,0,0,0.0,0.0,,1,0,0,115,0,0,0,255,0,129,0,0,115,0
Nick Wilson,45690,HB,ARIZONA,9,29.1,1,109,75.6,59.1,60.4,0,7,62,30.8,31.8,94.4,1,7,0,115,0,0,0,395,67,211,0,0,48,0
Kahlil Lewis,47788,WR,CINCINNATI,12,63.2,0,138,56.2,,63.7,0,0,0,0.0,0.0,,0,0,0,115,0,0,0,182,0,67,0,0,115,0
Jeremy Kerr,47038,TE,FLORIDA ST,11,89.1,0,167,68.3,75.6,65.3,0,0,7,35.0,33.3,100.0,0,0,0,114,0,0,0,128,7,21,0,0,107,117
Gerald Holmes,38976,HB,MICH STATE,12,36.5,0,223,72.8,71.6,54.5,1,2,68,45.3,45.0,97.8,0,3,0,114,0,0,0,312,72,160,0,0,42,0
Anthony Rice,47747,WR,C MICHIGAN,13,23.8,0,134,75.8,,47.2,0,0,0,0.0,0.0,,1,0,0,114,0,0,0,478,0,363,0,0,114,1
Nick Westbrook-Ikhine,47861,WR,INDIANA,13,54.8,0,190,59.9,,54.4,0,0,0,0.0,0.0,,0,0,0,114,0,0,0,208,0,94,0,0,114,0
Ryan Nall,45753,HB,OREGON ST,11,43.0,0,265,83.7,61.7,67.7,0,1,49,39.8,40.8,96.9,0,2,1,114,0,0,0,265,53,130,0,0,61,0
Kammy Delp,29628,G,OREGON ST,3,100.0,0,265,63.3,70.7,60.7,0,1,62,100.0,100.0,99.2,1,1,0,114,0,2,0,114,64,64,112,0,50,0
Tyler Trosin,17681,WR,ARK STATE,12,50.9,0,113,56.2,,71.3,0,0,0,0.0,0.0,,0,0,0,114,0,0,0,224,0,106,0,0,114,1
Jason Driskel,46547,QB,FAU,10,37.3,0,165,56.1,,60.2,0,0,0,0.0,0.0,,0,0,0,114,0,0,0,306,0,175,0,0,114,0
Jalen Brown,48028,WR,OREGON,9,57.9,0,264,55.2,,66.5,0,0,0,0.0,0.0,,1,0,0,114,0,0,0,197,0,83,0,0,114,2
Gregory Phillips,47470,WR,PURDUE,12,34.4,0,273,53.7,,64.1,0,0,0,0.0,0.0,,0,0,0,114,0,0,0,331,0,216,0,0,114,1
Alvin Cornelius,17036,WR,SYRACUSE,12,42.0,0,304,48.7,,59.4,0,0,0,0.0,0.0,,0,0,0,113,0,0,0,269,0,156,0,0,113,0
Jake Pruehs,45577,C,OHIO,6,100.0,0,259,85.5,69.7,80.4,0,3,32,100.0,100.0,95.3,0,3,0,113,113,0,0,113,33,33,0,0,80,0
Marquez North,11194,WR,TENNESSEE,7,55.1,0,307,56.0,,49.7,0,0,0,0.0,0.0,,0,0,0,113,0,0,0,205,0,92,0,0,113,0
Eri'Reon Hayes,28155,WR,DOMINION,6,34.0,0,263,51.1,,59.2,0,0,0,0.0,0.0,,0,0,0,113,0,0,0,332,0,219,0,0,113,0
Ishmael Wilson,46107,T,BAYLOR,7,100.0,0,118,65.7,66.8,76.8,1,0,31,100.0,100.0,95.2,4,2,1,112,0,0,106,112,33,33,0,0,79,6
Ka'Raun White,47784,WR,W VIRGINIA,9,46.7,0,343,66.1,,63.0,0,0,0,0.0,0.0,,0,0,0,112,0,0,0,240,0,128,0,0,112,0
Kalen Ballage,45741,HB,ARIZONA ST,10,28.7,0,110,76.6,70.7,76.2,1,4,63,29.6,29.7,96.0,0,5,0,112,0,0,0,390,65,219,0,0,47,0
Tanner Gentry,12170,WR,WYOMING,7,34.9,0,351,77.8,,66.1,0,0,0,0.0,0.0,,1,0,0,112,0,0,0,321,0,204,0,0,112,1
Nathan Echard,45631,HB,ILLINOIS,11,77.8,0,187,61.1,82.2,58.9,0,0,18,37.5,35.3,100.0,1,0,0,112,0,0,0,144,18,51,0,0,94,23
James Summers,12022,QB,E CAROLINA,10,35.4,0,156,77.2,,60.0,0,0,0,0.0,0.0,,2,0,0,112,0,0,0,316,0,140,0,0,112,0
K.D. Edenfield,39264,WR,TROY,12,45.9,1,318,59.9,,86.1,0,0,0,0.0,0.0,,1,0,0,112,0,0,0,244,0,132,0,0,112,0
Nyheim Miller-Hines,48103,WR,NC STATE,13,27.3,0,248,58.6,70.8,63.0,0,0,1,0.4,0.4,0.0,0,1,1,112,0,0,0,411,1,253,0,0,111,12
Zach Collins,28996,G,MEMPHIS,3,100.0,1,218,68.1,67.6,67.1,0,3,38,102.7,102.7,96.1,1,3,0,112,0,51,0,112,38,37,61,0,74,0
Caleb Rowe,18200,QB,MARYLAND,9,36.2,0,215,43.3,,60.0,0,0,0,0.0,0.0,,1,0,0,112,0,0,0,309,0,181,0,0,112,0
Tyraiq Beals,48318,WR,UCONN,13,25.0,0,146,53.7,,68.6,0,0,0,0.0,0.0,,0,0,0,112,0,0,0,448,0,335,0,0,112,0
Wes Brown,23144,HB,MARYLAND,10,36.0,0,215,65.7,60.9,62.5,2,3,76,38.0,38.8,95.4,2,6,1,111,0,0,0,308,80,206,0,0,31,0
Jay Warren,45635,HB,FAU,12,42.0,0,165,62.3,80.0,62.5,2,3,77,59.7,57.9,96.8,0,5,0,111,0,0,0,264,77,133,0,0,34,5
Jeremiah Laufasa,39287,HB,UTEP,12,27.5,0,330,66.4,78.6,57.4,2,1,77,30.0,30.5,98.1,0,3,0,111,0,0,0,404,83,272,0,0,28,0
Marcus Cox,45800,HB,APP STATE,12,22.6,0,108,68.6,73.3,56.3,1,2,72,36.2,36.4,97.9,0,3,0,111,0,0,0,491,76,209,0,0,35,0
Albert Reid,18202,HB,VIRGINIA,12,42.0,0,335,66.2,65.4,59.4,1,5,61,43.0,42.4,95.1,0,6,0,111,0,0,0,264,64,151,0,0,47,2
Jalen Greene,47819,WR,USC,13,50.9,0,326,70.0,,87.5,0,0,0,0.0,0.0,,1,0,0,111,0,0,0,218,0,105,0,0,111,3
Desmon White,47694,WR,TCU,10,33.6,1,305,61.9,,76.8,0,0,0,0.0,0.0,,1,0,0,111,0,0,0,330,0,219,0,0,111,0
Charles Nelson,47665,WR,OREGON,10,44.2,0,264,70.8,,73.2,0,0,0,0.0,0.0,,1,0,0,110,0,0,0,249,0,133,0,0,110,0
Austin Apodaca,46439,QB,NEW MEXICO,11,42.0,0,241,37.0,,60.0,0,0,0,0.0,0.0,,3,0,0,110,0,0,0,262,0,123,0,0,110,0
Marvin Hall,11440,WR,WASHINGTON,13,50.7,0,340,61.7,,60.2,0,0,0,0.0,0.0,,1,0,0,110,0,0,0,217,0,105,0,0,110,0
Stoney Hawkins,32169,TE,LA MONROE,11,51.2,1,209,49.6,80.2,61.1,0,1,26,20.5,19.8,98.1,3,1,0,110,0,0,0,215,26,131,0,0,84,51
Jaelan Austin,47777,WR,TCU,9,49.3,0,305,60.2,,52.7,0,0,0,0.0,0.0,,0,0,0,110,0,0,0,223,0,113,0,0,110,0
Bobby Hartzog,47773,WR,KANSAS,8,44.9,0,198,63.0,,68.9,0,0,0,0.0,0.0,,0,0,0,110,0,0,0,245,0,135,0,0,110,0
Nick Smith,30748,QB,WYOMING,5,49.3,0,351,46.9,,60.1,0,0,0,0.0,0.0,,0,0,0,109,0,0,0,221,0,82,0,0,109,0
Diontae Johnson,33441,WR,TOLEDO,11,51.2,0,316,66.8,,61.0,0,0,0,0.0,0.0,,0,0,0,109,0,0,0,213,0,104,0,0,109,0
Sterling Korona,46993,T,DUKE,6,100.0,0,154,70.0,66.9,67.7,0,2,31,100.0,100.0,96.8,0,2,0,109,0,0,72,109,34,34,0,37,75,0
Lucas Hamilton,12872,TE,MIDDLE TN,11,68.1,0,224,51.9,49.0,66.6,0,1,17,25.8,27.1,97.1,1,1,0,109,0,0,2,160,19,70,0,0,90,98
Dominic Merka,19340,TE,TCU,13,83.2,0,305,62.2,80.3,59.5,0,0,18,47.4,47.6,100.0,1,0,0,109,0,0,0,131,20,42,0,1,89,48
C'yontai Lewis,39171,TE,FLORIDA,9,65.3,0,163,59.7,69.6,59.1,0,0,19,25.7,24.7,100.0,2,0,0,109,0,0,0,167,19,77,0,0,90,134
Jason Reese,47367,TE,MISSOURI,12,37.1,0,229,49.1,34.5,51.0,0,1,11,5.9,6.1,95.5,0,1,0,109,0,0,0,294,12,197,0,0,97,80
Will Thomas Collins,23016,FB,KENTUCKY,11,87.9,0,202,67.7,43.2,72.6,2,1,25,62.5,65.1,94.0,0,3,0,109,0,0,0,124,28,43,0,0,81,1
Xavier Jones,45742,HB,SMU,12,28.3,0,287,67.8,74.0,59.3,1,2,61,35.1,35.7,95.9,0,4,1,108,0,0,0,382,66,185,0,0,42,0
Dalyn Dawkins,39541,HB,COLO STATE,12,24.0,0,144,66.2,56.2,66.0,2,4,67,29.0,31.6,95.5,0,6,0,108,0,0,0,450,78,247,0,0,30,0
Delvon Hardaway,47775,WR,FRESNO ST,9,37.5,0,169,48.0,,67.2,0,0,0,0.0,0.0,,1,0,0,108,0,0,0,288,0,180,0,0,108,0
Raelon Singleton,47649,WR,UTAH,9,58.1,0,328,57.8,,65.6,0,0,0,0.0,0.0,,0,0,0,108,0,0,0,186,0,78,0,0,108,0
Kermit Whitfield,12177,WR,FLORIDA ST,13,24.2,0,167,76.1,,42.8,0,0,0,0.0,0.0,,1,0,0,108,0,0,0,446,0,333,0,0,108,0
Andre Davis,18451,WR,KANSAS ST,8,43.4,0,199,62.4,16.4,61.1,0,1,1,0.8,0.7,50.0,0,1,0,108,0,0,0,249,1,142,0,0,107,3
Lynx Hawthorne,47631,WR,BAYLOR,12,51.7,0,118,55.7,,73.4,0,0,0,0.0,0.0,,2,0,0,108,0,0,0,209,0,86,0,0,108,0
Stanton Seckinger,17427,TE,CLEMSON,14,58.5,0,140,53.7,77.4,62.3,0,0,19,21.3,21.6,100.0,1,0,0,107,0,0,0,183,21,97,0,0,86,58
Rickey Preston,33388,WR,TULANE,10,47.1,0,319,55.3,,66.4,0,0,0,0.0,0.0,,0,0,0,107,0,0,0,227,0,120,0,0,107,0
D'Marius Gillespie,47547,WR,LA MONROE,11,42.0,0,209,50.9,,68.6,0,0,0,0.0,0.0,,0,0,0,107,0,0,0,255,0,148,0,0,107,0
Olamide Zaccheaus,44920,HB,VIRGINIA,12,37.6,0,335,68.8,,63.0,0,0,0,0.0,0.0,,1,0,0,106,0,0,0,282,0,141,0,0,106,0
Kendrick Jackson,39076,HB,ARKANSAS,11,85.5,0,111,68.9,81.3,69.4,0,0,13,41.9,41.9,100.0,0,0,0,106,0,0,0,124,13,31,0,0,93,0
Leonard Fournette,11759,HB,LSU,12,18.2,0,211,92.0,77.6,55.3,1,1,58,27.4,26.4,98.3,0,2,0,106,0,0,0,581,61,231,0,0,45,3
Sharif Custis,30370,TE,UMASS,9,69.7,0,216,70.8,86.6,72.5,0,0,20,32.3,32.4,100.0,1,0,0,106,0,0,22,152,22,68,0,6,84,70
Josh Adams,45662,HB,NOTRE DAME,12,29.7,0,258,74.3,67.8,65.2,1,1,44,25.9,25.1,97.7,0,2,0,106,0,0,0,357,45,179,0,0,61,0
Kyle Bolin,46414,QB,LOUISVILLE,7,38.7,0,210,66.5,,60.0,0,0,0,0.0,0.0,,1,0,0,106,0,0,0,274,0,160,0,0,106,0
Marken Michel,10980,WR,UMASS,9,24.1,0,216,57.7,64.5,60.4,0,0,1,0.3,0.3,100.0,1,0,0,106,0,0,0,439,1,327,0,0,105,4
Tion Green,12185,HB,CINCINNATI,13,26.2,1,138,80.0,66.0,54.7,0,2,77,35.8,36.8,97.4,1,3,1,106,0,0,0,405,85,231,0,0,21,0
Brandon Howard,19624,TE,UMASS,11,76.3,0,216,55.7,83.0,60.4,0,0,16,33.3,34.0,100.0,0,0,0,106,0,0,18,139,17,50,0,9,89,102
D.J. Knox,29903,HB,PURDUE,10,28.3,0,273,62.0,62.5,56.2,2,3,67,30.9,30.8,93.3,0,7,2,106,0,0,0,374,70,227,0,0,36,0
Blake Mack,47171,WR,ARK STATE,7,48.4,0,113,63.1,,88.9,0,0,0,0.0,0.0,,0,0,0,106,0,0,0,219,0,112,0,0,106,0
Elijah Robinson,33901,WR,BOSTON COL,12,43.0,0,121,50.4,,68.7,0,0,0,0.0,0.0,,2,0,0,105,0,0,0,244,0,139,0,0,105,7
Alvin Kamara,11822,HB,TENNESSEE,13,31.8,0,307,90.4,84.2,55.3,0,2,44,28.0,27.4,97.7,0,2,0,105,0,0,0,330,45,164,0,0,60,5
Ike Lewis,28068,WR,APP STATE,12,50.5,0,108,65.2,,74.7,0,0,0,0.0,0.0,,0,0,0,105,0,0,0,208,0,100,0,0,105,0
Tyler Conklin,47124,TE,C MICHIGAN,13,47.9,0,134,56.4,73.3,59.6,0,0,9,8.0,7.3,100.0,1,0,0,105,0,0,1,219,9,123,0,4,96,132
Justin Johnson,47079,TE,MISS STATE,11,65.6,0,227,58.6,45.3,60.4,1,1,15,21.4,21.4,93.3,1,2,0,105,0,0,0,160,15,70,0,0,90,114
Mason Morgan,47242,TE,OHIO,13,68.2,0,259,60.5,76.5,78.7,0,0,12,20.0,21.0,100.0,0,0,0,105,0,0,0,154,13,62,0,0,92,79
D'Ernest Johnson,45734,HB,USF,13,31.2,0,327,71.3,37.9,85.0,0,1,17,10.1,10.6,97.1,3,1,0,105,0,0,0,337,19,180,0,0,86,0
Blake Copeland,46365,T,NAVY,3,100.0,0,237,73.8,55.0,71.8,0,0,15,100.0,100.0,93.3,0,1,1,105,0,0,19,105,16,16,0,86,89,0
Saquon Barkley,45791,HB,PENN STATE,11,22.9,0,266,81.4,61.1,56.8,0,6,73,31.5,31.8,94.5,0,7,1,105,0,0,0,459,78,245,0,0,27,1
Reggie Love,38184,WR,WISCONSIN,11,62.5,1,349,53.9,,54.4,0,0,0,0.0,0.0,,1,0,0,105,0,0,0,168,0,56,0,0,105,17
Zack Greenlee,46587,QB,FRESNO ST,7,35.0,0,169,57.8,,60.0,0,0,0,0.0,0.0,,1,0,0,105,0,0,0,300,0,191,0,0,105,0
Shayne Davern,45972,HB,AIR FORCE,6,67.3,0,101,67.1,80.5,57.0,0,0,15,75.0,76.2,100.0,0,0,0,105,0,0,0,156,16,21,0,0,89,5
Orlando David,18545,TE,MIAMI OH,12,85.2,1,221,46.2,65.6,52.5,0,1,11,39.3,37.9,95.5,2,1,0,104,0,0,0,122,11,29,0,0,93,109
Jaylan Barbour,47507,WR,APP STATE,13,55.9,0,108,54.0,,62.6,0,0,0,0.0,0.0,,0,0,0,104,0,0,0,186,0,81,0,0,104,0
Jordan Canzeri,18311,HB,IOWA,12,23.9,0,192,69.0,62.4,58.3,1,4,75,35.4,35.9,94.0,0,7,2,104,0,0,0,435,80,223,0,0,24,0
Damien Washington,19612,WR,N CAROLINA,13,57.1,0,245,70.0,,75.7,0,0,0,0.0,0.0,,1,0,0,104,0,0,0,182,0,78,0,0,104,1
Dax Raymond,35985,TE,UTAH ST,9,55.0,0,329,54.6,56.0,57.4,0,0,13,13.8,14.1,92.3,0,1,1,104,0,0,3,189,14,99,0,8,90,122
Shannon Brooks,35029,HB,MINNESOTA,11,29.5,0,225,80.9,65.1,57.0,1,5,55,31.3,32.8,94.5,0,6,0,104,0,0,0,353,62,189,0,0,42,0
Ryan Norton,17275,C,CLEMSON,6,100.0,0,140,75.1,72.3,73.0,0,0,54,100.0,100.0,100.0,0,0,0,104,61,0,0,104,58,58,43,0,46,0
Jarvis Baxter,47721,WR,OKLAHOMA,13,33.9,0,261,61.7,,88.4,0,0,0,0.0,0.0,,1,0,0,104,0,0,0,307,0,203,0,0,104,0
Darvin Kidsy,23254,WR,N TEXAS,11,40.9,0,251,67.3,,74.7,0,0,0,0.0,0.0,,0,0,0,104,0,0,0,254,0,150,0,0,104,0
Christian Payne,27678,FB,GEORGIA,8,85.8,0,173,69.8,55.1,66.3,0,1,10,37.0,39.3,95.0,0,1,0,103,0,0,0,120,11,28,0,0,92,1
Durham Smythe,47257,TE,NOTRE DAME,3,69.1,0,258,51.4,55.7,52.6,2,1,21,31.3,32.4,92.9,0,3,0,103,0,0,0,149,22,68,0,1,81,104
Daz'mond Patterson,18966,HB,OHIO,12,29.3,0,259,65.9,72.6,61.6,0,1,38,21.8,22.3,96.1,2,2,1,103,0,0,0,352,41,184,0,0,62,0
Josh Bruns,19545,C,UMASS,6,100.0,0,216,60.5,65.4,58.0,1,2,45,100.0,100.0,96.7,0,3,0,103,12,63,1,103,45,45,14,0,58,7
Jaylen Walton,16735,HB,OLE MISS,12,22.5,0,226,71.9,77.1,71.0,0,3,63,24.0,23.9,97.6,0,3,0,103,0,0,0,458,66,276,0,0,37,0
Joe Morrow,37913,WR,MISS STATE,11,45.4,0,227,57.5,,70.9,0,0,0,0.0,0.0,,0,0,0,103,0,0,0,227,0,124,0,0,103,0
Michael Means Jr.,48340,WR,AKRON,10,54.5,1,102,53.6,,61.0,0,0,0,0.0,0.0,,1,0,0,102,0,0,0,187,0,85,0,0,102,0
Dakota Ball,45222,TE,ALABAMA,8,72.9,1,103,58.1,46.1,66.2,1,0,10,20.8,22.4,95.0,2,1,0,102,0,0,0,140,11,49,0,0,91,114
Kelvin Taylor,10845,HB,FLORIDA,14,17.0,0,163,77.5,49.0,57.3,2,3,77,25.0,25.4,95.5,2,6,1,102,0,0,0,601,81,319,0,1,21,1
Byron Marshall,11076,WR,OREGON,4,52.0,0,264,67.8,,87.1,0,0,0,0.0,0.0,,0,0,0,102,0,0,0,196,0,94,0,0,102,0
Jonathan Wallace,17820,QB,AUBURN,11,76.7,0,115,60.5,,76.2,0,0,0,0.0,0.0,,0,0,0,102,0,0,0,133,0,31,0,0,102,1
Kaylon Watson,26429,HB,LA MONROE,13,23.7,0,209,54.2,75.4,67.0,0,0,39,14.5,14.8,97.4,0,1,1,102,0,0,0,431,40,271,0,0,62,4
Brenden Urban,38633,C,HAWAII,3,100.0,0,180,67.5,62.2,68.2,1,3,35,100.0,100.0,94.3,1,4,0,102,102,0,0,102,38,38,0,0,64,0
Kendall Patterson,17966,FB,BUFFALO,12,84.2,0,126,51.6,55.2,57.3,0,0,10,35.7,36.7,100.0,0,0,0,101,0,0,0,120,11,30,0,0,90,71
R.J. Prince,47385,T,N CAROLINA,8,100.0,0,245,68.0,80.6,69.8,0,1,31,100.0,100.0,98.4,2,1,0,101,0,0,21,101,32,32,0,66,69,14
Warren Redix,47672,WR,UTEP,10,38.4,0,330,62.4,74.8,62.3,0,0,3,2.1,2.1,100.0,0,0,0,101,0,0,0,263,3,144,0,0,98,0
Chuck Wade Jr.,47492,WR,WAKE,12,31.3,0,339,67.8,,67.4,0,0,0,0.0,0.0,,0,0,0,101,0,0,0,323,0,221,0,0,101,0
Dondre Daley,47980,WR,IOWA STATE,10,32.6,0,193,57.9,,65.0,0,0,0,0.0,0.0,,1,0,0,101,0,0,0,310,0,209,0,0,101,0
Adonis Jennings,47991,WR,TEMPLE,14,48.3,0,306,54.4,,68.0,0,0,0,0.0,0.0,,0,0,0,101,0,0,0,209,0,108,0,0,101,0
George Morris,16968,HB,SYRACUSE,12,36.3,0,304,54.3,56.8,47.3,1,4,50,32.3,32.7,95.0,3,5,0,101,0,0,0,278,54,165,0,0,47,1
Jackson Wilson,24945,G,AIR FORCE,9,100.0,0,101,72.7,72.9,71.4,0,1,16,100.0,100.0,96.9,0,1,0,101,0,94,0,101,19,19,1,0,82,6
Bram Kohlhausen,39176,QB,TCU,8,47.2,0,305,59.5,,60.2,0,0,0,0.0,0.0,,0,0,0,100,0,0,0,212,0,106,0,0,100,0
Hayden Daniels,38515,WR,HOUSTON,12,63.7,0,182,60.9,66.1,63.6,0,1,12,17.6,17.4,95.8,0,1,0,100,0,0,0,157,12,69,0,0,88,106
Derek Barnes,25359,WR,MIDDLE TN,12,44.4,0,224,49.3,,55.5,0,0,0,0.0,0.0,,0,0,0,100,0,0,0,225,0,125,0,0,100,0
Devante Mays,11994,HB,UTAH ST,13,29.8,0,329,77.1,76.2,43.6,1,1,65,49.2,50.7,96.9,0,3,1,100,0,0,0,336,70,138,0,0,30,0
Brandon Burks,11306,HB,TROY,12,17.3,1,318,68.0,65.1,64.1,0,2,62,19.1,20.1,95.2,1,4,2,100,0,0,0,579,68,338,0,0,32,0
Ermon Lane,48053,WR,FLORIDA ST,12,35.5,0,167,48.3,,56.8,0,0,0,0.0,0.0,,0,0,0,100,0,0,0,282,0,182,0,0,100,0
A.J. Legree,17556,WR,USF,10,67.3,1,327,63.4,,77.4,0,0,0,0.0,0.0,,2,0,0,99,0,0,0,147,0,48,0,0,99,0
Austin Ramesh,30815,HB,WISCONSIN,10,96.1,0,349,75.9,70.0,74.6,0,0,1,20.0,20.0,100.0,0,0,0,99,0,0,0,103,1,5,0,0,98,14
Kellen Buhr,46748,G,BOISE ST,7,100.0,0,120,64.9,79.6,68.4,0,0,10,100.0,100.0,100.0,2,0,0,98,0,0,0,98,10,10,98,0,88,0
Rashad Still,48022,WR,MINNESOTA,12,35.8,0,225,59.7,,64.1,0,0,0,0.0,0.0,,0,0,0,98,0,0,0,274,0,176,0,0,98,0
Justin Silmon,45823,HB,KANSAS ST,13,43.8,0,199,67.6,86.6,57.5,0,1,60,57.7,59.0,99.2,0,1,0,98,0,0,0,224,69,117,0,0,29,1
Brandon Bishop,47889,WR,E CAROLINA,12,36.7,0,156,53.8,,74.2,0,0,0,0.0,0.0,,0,0,0,98,0,0,0,267,0,169,0,0,98,0
Cole Hikutini,12276,TE,LOUISVILLE,11,40.7,0,210,82.5,74.5,68.8,0,0,9,6.1,6.5,100.0,0,0,0,98,0,0,0,241,10,153,0,0,88,140
Zach Reuter,47455,WR,KANSAS ST,11,46.2,1,199,52.3,,76.6,0,0,0,0.0,0.0,,2,0,0,98,0,0,0,212,0,114,0,0,98,0
Clayton Granch,47084,TE,NEW MEX ST,11,78.4,0,242,62.9,52.8,61.6,2,1,43,62.3,62.5,96.5,1,3,0,98,0,0,0,125,45,72,0,0,53,111
Michael Gordon,17823,HB,ARK STATE,13,23.1,0,113,70.6,48.7,56.1,0,2,27,14.8,14.9,92.6,0,3,1,98,0,0,0,425,28,188,0,0,70,0
Patrick Lawrence,46878,T,BAYLOR,7,100.0,0,118,77.5,54.5,84.4,0,0,26,100.0,100.0,92.3,2,2,2,98,0,0,3,98,27,27,0,95,71,0
Jordan Hogue,47618,WR,BALL ST,10,35.7,0,117,47.6,,50.5,0,0,0,0.0,0.0,,2,0,0,97,0,0,0,272,0,175,0,0,97,0
Brendon Austin,17414,G,STANFORD,13,100.0,0,300,70.8,18.0,71.9,0,2,9,100.0,100.0,88.9,0,2,0,97,0,7,0,97,9,9,76,8,88,6
Madre London,45936,HB,MICH STATE,11,35.5,0,223,65.4,80.8,55.2,0,1,59,54.6,53.9,97.5,0,2,1,97,0,0,0,273,62,115,0,0,35,0
Jerry Harris,46950,T,SO MISS,3,100.0,0,296,67.9,39.2,72.1,0,4,39,100.0,100.0,94.9,0,4,0,97,0,0,0,97,42,42,42,43,55,12
JaQuay Savage,20843,WR,LOUISVILLE,9,37.9,0,210,60.8,,58.4,0,0,0,0.0,0.0,,0,0,0,96,0,0,0,253,0,157,0,0,96,0
Danny Friend,47192,TE,INDIANA,4,80.0,0,190,92.1,65.1,84.0,0,1,12,34.3,33.3,95.8,1,1,0,96,0,0,0,120,12,36,0,0,84,92
P.J. Simmons,33375,WR,KENT STATE,11,50.8,0,201,72.2,,55.5,0,0,0,0.0,0.0,,1,0,0,96,0,0,0,189,0,80,0,0,96,2
Robert Lewis,47715,WR,WASH STATE,13,15.4,0,341,61.4,,88.6,0,0,0,0.0,0.0,,2,0,0,96,0,0,0,623,0,526,0,0,96,0
Hunter Thurley,47225,TE,OLE MISS,13,73.8,0,226,75.1,70.9,71.0,0,1,24,42.9,44.1,97.9,0,1,0,96,0,0,0,130,26,59,0,0,70,103
Travon McMillian,45711,HB,VA TECH,13,24.1,0,337,71.6,78.3,59.8,0,0,45,32.6,32.6,97.8,0,1,1,96,0,0,0,398,47,144,0,0,49,0
Makoa Camanse-Stevens,38581,WR,HAWAII,9,40.8,0,180,62.5,,65.0,0,0,0,0.0,0.0,,0,0,0,95,0,0,0,233,0,138,0,0,95,0
Tyler White,47048,TE,ILLINOIS,6,68.8,0,187,77.7,75.3,79.4,0,0,15,27.3,27.1,100.0,0,0,0,95,0,0,0,138,16,59,0,0,79,119
Brent VanderVeen,23538,TE,OREGON ST,8,75.4,0,265,74.6,61.4,82.5,0,1,22,43.1,41.5,97.7,0,1,0,95,0,0,0,126,22,53,0,0,73,102
Jela Duncan,45981,HB,DUKE,10,36.5,0,154,72.3,51.5,71.7,0,2,35,27.8,28.8,97.1,0,2,0,95,0,0,0,260,38,132,0,0,57,0
Shaun Wilson,45993,HB,DUKE,11,32.6,1,154,62.1,59.3,72.4,0,3,38,27.0,27.2,93.4,1,4,1,95,0,0,0,291,41,151,0,0,54,0
David Grinnage,11148,TE,NC STATE,13,28.8,1,248,69.9,61.1,63.9,0,1,11,4.6,4.5,95.5,1,1,0,95,1,0,0,330,11,246,0,0,84,130
Isaiah Johnson,48233,WR,HOUSTON,11,55.6,0,182,57.8,,65.7,0,0,0,0.0,0.0,,0,0,0,95,0,0,0,171,0,76,0,0,95,0
Quayvon Hicks,11738,FB,GEORGIA,11,76.6,0,173,66.7,78.8,66.8,0,0,7,22.6,21.9,100.0,1,0,0,95,0,0,0,124,7,32,0,0,88,0
Devonte Mathis,47732,WR,W VIRGINIA,10,52.2,0,343,52.6,,62.5,0,0,0,0.0,0.0,,2,0,0,94,0,0,0,180,0,86,0,0,94,0
Sam Craft,23125,HB,MEMPHIS,12,31.9,0,218,58.9,72.9,59.2,0,2,29,19.9,19.5,96.6,2,2,0,94,0,0,0,295,29,149,0,0,65,3
Jarred Craft,45668,HB,LA TECH,10,42.3,0,208,63.3,69.3,54.2,0,4,62,50.0,49.6,96.8,0,4,0,94,0,0,0,222,67,135,0,0,27,0
Chris Harrell,38571,FB,STANFORD,8,93.1,0,300,71.3,79.8,71.0,0,0,9,60.0,56.3,100.0,0,0,0,94,0,0,0,101,9,16,0,0,85,1
Trey Scott,26524,TE,TULANE,11,31.3,0,319,59.8,,63.5,0,0,0,0.0,0.0,,1,0,0,94,0,0,0,300,0,206,0,0,94,16
Christian Morris,26548,T,OLE MISS,3,100.0,0,226,82.9,78.8,78.9,0,1,33,100.0,100.0,98.5,0,1,0,94,0,0,94,94,34,34,0,0,60,0
Cameron Batson,47669,WR,TEXAS TECH,13,28.8,0,315,63.8,,75.9,0,0,0,0.0,0.0,,0,0,0,94,0,0,0,326,0,231,0,0,94,0
Ty Atencio,26563,WR,NEW MEX ST,9,75.2,1,242,44.5,65.2,55.4,0,2,51,63.8,62.2,96.1,2,3,1,94,0,0,0,125,51,82,0,0,43,108
Zack Langer,16743,HB,TULSA,11,25.5,0,320,62.4,90.1,61.8,0,0,74,52.1,50.7,100.0,1,0,0,94,0,0,0,369,76,150,0,0,18,0
Brad Pearson,19435,WR,TEXAS TECH,13,68.4,0,315,59.4,71.3,52.1,0,1,14,26.4,24.6,96.4,0,1,0,93,0,0,1,136,14,57,0,1,79,34
Trever Ryen,47535,WR,IOWA STATE,12,50.8,0,193,60.6,56.6,56.7,0,1,5,6.5,6.3,90.0,0,1,0,93,0,0,0,183,5,79,0,0,88,0
Kevin Kutchera,48259,WR,S ALABAMA,11,41.0,0,288,57.8,,43.3,0,0,0,0.0,0.0,,1,0,0,93,0,0,0,227,0,134,0,0,93,1
Montell Cozart,46563,QB,KANSAS,4,37.7,0,198,48.5,,60.0,0,0,0,0.0,0.0,,0,0,0,93,0,0,0,247,0,135,0,0,93,0
Mason Hampton,26534,C,BOISE ST,6,100.0,0,120,73.4,46.6,70.3,0,1,10,100.0,100.0,95.0,0,1,0,93,93,0,0,93,10,10,0,0,83,0
Edward Pope,47830,WR,TEXAS A&M,10,44.5,0,312,54.5,,62.3,0,0,0,0.0,0.0,,1,0,0,93,0,0,0,209,0,116,0,0,93,0
Malik Dear,35555,WR,MISS STATE,11,42.7,0,227,69.6,70.3,53.2,0,0,1,0.9,0.9,100.0,0,0,0,93,0,0,0,218,1,114,0,0,92,0
Jerrard Randall,17137,QB,ARIZONA,11,33.1,0,109,76.2,,60.4,0,0,0,0.0,0.0,,0,0,0,93,0,0,0,281,0,111,0,0,93,0
Tyler Fox,30411,WR,UTAH ST,13,50.8,0,329,55.2,,60.9,0,0,0,0.0,0.0,,0,0,0,92,0,0,0,181,0,88,0,0,92,1
Chase Pennycuff,18617,FB,MIDDLE TN,10,86.0,0,224,79.9,79.6,85.4,0,0,11,42.3,44.4,100.0,0,0,0,92,0,0,0,107,12,27,0,0,80,27
Spencer Stanley,23744,C,RICE,3,100.0,0,275,66.6,76.9,62.4,0,2,45,100.0,100.0,97.8,0,2,0,92,70,0,0,92,46,46,22,0,46,0
Kyle Postma,32269,QB,HOUSTON,10,41.8,0,182,92.8,,62.3,0,0,0,0.0,0.0,,0,0,0,92,0,0,0,220,0,107,0,0,92,0
Brandon Smiley,39426,WR,BUFFALO,10,47.4,0,126,50.0,,81.5,0,0,0,0.0,0.0,,0,0,0,92,0,0,0,194,0,102,0,0,92,3
Brad Henson,39543,C,N CAROLINA,7,100.0,0,245,67.7,83.6,65.2,0,0,31,100.0,100.0,100.0,1,0,0,92,54,0,0,92,32,32,38,0,60,0
Hunter Rogers,23095,T,MIDDLE TN,5,100.0,0,224,63.2,69.1,60.2,0,0,26,100.0,100.0,96.2,0,1,1,91,0,0,0,91,28,28,0,91,63,0
Andy Fidler,28177,G,BUFFALO,4,100.0,0,126,63.1,53.8,63.7,1,2,43,100.0,100.0,96.5,0,3,0,91,0,91,0,91,43,43,0,0,48,0
Zach Novoselsky,46903,T,W MICHIGAN,6,100.0,0,347,74.2,70.8,74.8,0,0,28,100.0,100.0,96.4,1,1,1,91,16,0,54,91,29,29,0,21,62,0
Devante Peete,47963,WR,LOUISVILLE,12,46.0,0,210,62.9,,67.0,0,0,0,0.0,0.0,,0,0,0,91,0,0,0,198,0,107,0,0,91,0
Broderick Snoddy,17402,HB,GA TECH,8,68.9,0,176,57.1,73.5,55.5,0,0,4,16.0,16.0,100.0,0,0,0,91,0,0,0,132,4,25,0,0,87,71
D.J. Taylor,47556,WR,ILLINOIS,11,24.7,0,187,50.4,,47.3,0,0,0,0.0,0.0,,0,0,0,91,0,0,0,368,0,277,0,0,91,0
Arkeel Newsome,45733,HB,UCONN,13,17.7,0,146,69.8,74.4,59.0,1,3,50,18.0,17.7,96.0,0,4,0,91,0,0,0,514,51,288,0,0,40,0
Demetrius Frazier,23233,WR,MIDDLE TN,13,39.4,0,224,63.7,,48.0,0,0,0,0.0,0.0,,0,0,0,91,0,0,0,231,0,138,0,0,91,1
Andrew Hicks,39211,WR,TULANE,11,52.0,0,319,54.5,,67.3,0,0,0,0.0,0.0,,1,0,0,91,0,0,0,175,0,84,0,0,91,0
Alize Mack,39770,TE,NOTRE DAME,13,36.1,0,258,54.6,62.7,53.4,0,0,8,5.1,5.3,100.0,1,0,0,91,0,0,0,252,9,170,0,0,82,109
Jordy Joseph,16946,QB,TULANE,6,43.5,0,319,61.7,,60.1,0,0,0,0.0,0.0,,2,0,0,91,0,0,0,209,0,109,0,0,91,0
Austin Walter,45038,HB,RICE,12,41.0,0,275,62.5,54.0,56.1,0,0,26,33.8,33.3,92.3,1,2,2,91,0,0,0,222,27,81,0,0,64,21
Luke Turner,19141,HB,RICE,12,43.3,0,275,64.3,70.7,63.8,0,0,3,3.4,3.3,100.0,0,0,0,91,0,0,0,210,3,91,0,0,88,25
Shakur Nesmith,48174,WR,UMASS,9,19.5,1,216,49.1,,60.0,0,0,0,0.0,0.0,,5,0,0,90,0,0,0,462,0,372,0,0,90,0
Brandon Sheperd,19187,WR,OKLA STATE,12,34.6,0,262,72.9,,67.7,0,0,0,0.0,0.0,,0,0,0,90,0,0,0,260,0,164,0,0,90,0
Ito Smith,45932,HB,SO MISS,14,17.6,0,296,82.8,71.0,60.9,1,3,56,19.2,18.8,96.4,0,4,0,90,0,0,0,512,57,304,0,0,33,1
Jeffery Mead,48279,WR,OKLAHOMA,13,51.7,0,261,52.3,,81.5,0,0,0,0.0,0.0,,2,0,0,90,0,0,0,174,0,84,0,0,90,0
Jeremy Tabuyo,48320,WR,TEXAS A&M,11,49.5,1,312,63.8,,67.4,0,0,0,0.0,0.0,,2,0,0,90,0,0,0,182,0,92,0,0,90,0
Shakiem Barbel,47854,WR,KANSAS,12,30.3,1,198,55.8,,65.3,0,0,0,0.0,0.0,,1,0,0,90,0,0,0,297,0,207,0,0,90,0
Kendall Hinton,34045,QB,WAKE,9,23.5,0,339,63.0,,60.1,0,0,0,0.0,0.0,,1,0,0,90,0,0,0,383,0,238,0,0,90,0
Cam Sims,47908,WR,ALABAMA,14,70.3,0,103,62.2,,68.8,0,0,0,0.0,0.0,,0,0,0,90,0,0,0,128,0,38,0,0,90,2
Trey Rutherford,27256,G,UCONN,8,100.0,0,146,74.9,76.5,73.1,0,1,32,100.0,100.0,98.4,0,1,0,90,0,0,0,90,33,33,57,12,57,0
Maurice Hunt,37832,T,GA SOUTHRN,9,100.0,0,174,61.5,20.9,62.7,0,1,10,100.0,100.0,95.0,0,1,0,90,0,0,0,90,10,10,41,49,80,0
Christian McCaffrey,11763,HB,STANFORD,14,13.8,0,300,91.7,55.0,66.8,0,2,32,13.8,13.5,93.7,0,3,1,89,0,0,0,647,33,245,0,0,56,1
Avery Fortenberry,29451,G,N TEXAS,7,100.0,0,251,64.2,41.3,68.8,0,4,49,100.0,100.0,95.9,0,4,0,89,0,0,0,89,49,49,89,0,40,0
Patrick Reed,48026,WR,NEW MEXICO,6,63.6,0,241,51.3,,69.1,0,0,0,0.0,0.0,,0,0,0,89,0,0,0,140,0,51,0,0,89,0
Michael Felton,16399,FB,TEMPLE,13,74.2,0,306,58.8,52.9,57.6,0,1,18,40.9,40.4,97.2,0,1,0,89,0,0,0,120,21,52,0,0,68,9
Dallas Rivers,26604,HB,VANDERBILT,12,40.3,0,333,64.8,60.3,77.1,0,2,29,29.0,28.7,93.1,0,3,1,89,0,0,0,221,29,101,0,0,60,0
Zach Hester,17025,G,UTSA,5,100.0,0,331,55.6,13.5,64.0,1,2,42,100.0,100.0,91.7,0,5,2,89,0,61,0,89,43,43,28,0,46,0
Jojo Kemp,23914,HB,KENTUCKY,12,33.2,0,202,66.8,79.1,59.4,0,3,72,50.0,48.7,97.9,0,3,0,89,0,0,0,268,75,154,0,0,14,0
Kawmae Sawyer,18964,WR,OHIO,11,57.4,0,259,59.9,,70.3,0,0,0,0.0,0.0,,0,0,0,89,0,0,0,155,0,66,0,0,89,16
Jacob Martinez,39421,WR,BUFFALO,12,42.2,0,126,63.4,64.5,68.5,0,0,1,0.9,0.8,100.0,0,0,0,89,0,0,0,211,1,120,0,0,88,4
Malik McMorris,38392,FB,CAL,11,94.7,0,130,73.4,62.8,73.0,0,1,16,76.2,78.3,96.9,0,1,0,89,0,0,0,94,18,23,0,0,71,4
Ahmad Fulwood,12220,WR,FLORIDA,14,44.2,0,163,60.0,,81.8,0,0,0,0.0,0.0,,0,0,0,88,0,0,1,199,0,111,0,0,88,13
Bo Schneider,39713,QB,UCF,8,41.1,0,323,47.9,,60.1,0,0,0,0.0,0.0,,0,0,0,88,0,0,0,214,0,121,0,0,88,0
Jalen Richard,11395,HB,SO MISS,13,17.2,0,296,76.3,65.4,60.0,1,3,59,20.8,21.1,96.6,0,4,0,88,0,0,0,513,63,299,0,0,25,1
Matt Johnson,46383,QB,CHARLOTTE,11,32.4,0,136,54.0,,60.0,0,0,0,0.0,0.0,,0,0,0,88,0,0,0,272,0,105,0,0,88,0
Kenneth Goins Jr.,45686,HB,MARYLAND,12,69.3,0,215,64.6,71.9,70.9,0,1,13,31.7,31.8,96.2,1,1,0,88,0,0,0,127,14,44,0,0,74,13
Shamier Jeffery,16657,WR,S CAROLINA,10,41.9,0,289,54.2,,57.7,0,0,0,0.0,0.0,,1,0,0,88,0,0,0,210,0,122,0,0,88,0
Jordan Howard,10784,HB,INDIANA,9,22.5,0,190,88.0,85.0,60.1,0,2,66,39.5,40.7,98.5,0,2,0,88,0,0,0,391,70,172,0,0,18,0
Gary Haynes,33107,WR,LA LAFAYET,11,43.8,1,207,60.8,,72.9,0,0,0,0.0,0.0,,1,0,0,88,0,0,0,201,0,113,0,0,88,0
Eugene Lewis,47434,WR,PENN STATE,13,27.1,0,266,59.9,,56.4,0,0,0,0.0,0.0,,0,0,0,87,0,0,0,321,0,234,0,0,87,6
Carlton Heard,16439,WR,S CAROLINA,9,42.2,0,289,53.7,,58.9,0,0,0,0.0,0.0,,0,0,0,87,0,0,0,206,0,119,0,0,87,0
Terrance Timmons,20236,HB,S ALABAMA,12,45.8,0,288,70.2,74.7,68.7,0,2,60,58.3,59.5,98.3,0,2,0,87,0,0,0,190,66,111,0,0,21,0
Rami Hammad,32734,G,BAYLOR,7,100.0,0,118,69.4,63.9,68.9,0,0,25,100.0,100.0,96.0,0,1,1,87,0,0,0,87,26,26,87,0,61,0
Jerhen Ertel,16695,T,BOISE ST,6,100.0,0,120,61.6,65.9,59.9,0,0,7,100.0,100.0,85.7,0,1,1,87,0,0,1,87,7,7,0,86,80,0
Bryce Kennedy,23214,G,NC STATE,4,100.0,0,248,78.9,53.3,81.2,0,0,33,100.0,100.0,100.0,0,0,0,87,3,63,0,87,33,33,19,0,54,2
Earnest Carrington,16568,QB,LA MONROE,8,35.4,0,209,52.5,,60.8,0,0,0,0.0,0.0,,1,0,0,87,0,0,0,246,0,140,0,0,87,0
Jordon Vaden,45127,WR,COLO STATE,11,39.7,0,144,62.5,,74.9,0,0,0,0.0,0.0,,0,0,0,87,0,0,0,219,0,131,0,0,87,0
Nick Mitchell,29696,QB,OREGON ST,5,34.9,0,265,52.1,,60.1,0,0,0,0.0,0.0,,1,0,0,87,0,0,0,249,0,144,0,0,87,0
Avery Edwards,47101,TE,MARYLAND,12,31.8,0,215,52.5,70.4,61.2,0,0,4,2.2,2.1,100.0,2,0,0,87,0,0,0,274,4,191,0,0,83,60
David Williams,45732,HB,S CAROLINA,12,32.0,0,289,52.9,37.3,61.7,1,2,47,32.9,32.2,94.7,0,4,1,87,0,0,0,272,47,146,0,0,40,3
James Gilbert,45836,HB,BALL ST,12,25.4,0,117,64.1,83.2,55.7,2,2,64,40.8,39.8,96.9,0,4,0,87,0,0,0,343,68,171,0,0,19,0
Jordan Fuchs,47424,TE,INDIANA,7,61.4,0,190,62.9,55.3,68.0,0,1,17,23.9,25.0,91.2,3,2,1,86,0,0,0,140,18,72,0,0,68,88
Isaiah Robinson,39983,HB,WAKE,12,50.9,0,339,64.0,59.5,56.6,0,4,68,61.8,61.1,94.1,0,6,2,86,0,0,0,169,69,113,0,0,17,3
Dante Jones,47467,WR,APP STATE,11,64.7,1,108,59.1,,70.8,0,0,0,0.0,0.0,,1,0,0,86,0,0,0,133,0,47,0,0,86,0
Zac Brooks,10881,HB,CLEMSON,14,40.4,0,140,69.3,77.6,58.9,1,1,48,37.8,37.7,97.9,0,2,0,86,0,0,0,213,52,138,0,0,34,0
A'Lique Terry,41450,C,WAKE,3,100.0,0,339,66.3,52.8,67.5,0,1,48,100.0,100.0,99.0,0,1,0,86,86,0,0,86,50,50,0,0,36,0
Robby Young,29013,TE,MEMPHIS,8,86.0,0,218,89.1,49.4,83.3,1,0,8,38.1,38.1,93.7,0,1,0,86,0,0,1,100,8,21,0,0,78,85
Michael Stannard,23017,C,MEMPHIS,4,100.0,0,218,79.7,85.3,75.9,0,0,28,103.7,103.6,100.0,0,0,0,86,24,62,0,86,29,28,0,0,57,0
Maurice Shelton,46719,G,MARYLAND,5,100.0,0,215,61.6,51.4,62.1,0,2,36,100.0,100.0,97.2,0,2,0,86,0,80,0,86,37,37,6,0,49,0
Blake Camper,46700,T,S CAROLINA,6,100.0,0,289,55.3,73.1,51.0,0,0,49,100.0,100.0,100.0,1,0,0,86,0,0,0,86,52,52,0,86,34,0
Tyler Rogers,46638,QB,NEW MEX ST,4,33.3,0,242,66.3,,60.0,0,0,0,0.0,0.0,,1,0,0,86,0,0,0,258,0,162,0,0,86,0
Garrett Gunter,45013,C,N TEXAS,8,100.0,0,251,63.3,46.6,66.0,0,3,45,100.0,100.0,92.2,0,5,2,86,42,0,0,86,46,46,0,44,40,0
Taylor Knestis,30703,T,WYOMING,2,100.0,0,351,65.6,72.9,59.9,0,2,47,100.0,100.0,97.9,0,2,0,86,0,0,0,86,50,50,0,86,36,0
Gerard Wicks,45772,HB,WASH STATE,13,14.5,0,341,70.6,63.7,58.7,1,1,49,11.2,11.0,95.9,0,3,1,86,0,0,0,594,49,447,0,0,37,1
Steven Lakalaka,45793,HB,HAWAII,8,49.4,0,180,58.5,45.3,58.5,0,7,70,64.8,65.5,92.1,0,9,2,86,0,0,0,174,76,116,0,0,10,0
Chris Carson,12004,HB,OKLA STATE,12,18.2,0,262,67.7,33.1,67.7,1,7,55,18.5,18.8,92.7,0,8,0,85,0,0,0,468,58,309,0,0,27,0
Datrin Guyton,29802,WR,OREGON ST,8,38.1,0,265,60.0,,74.1,0,0,0,0.0,0.0,,3,0,0,85,0,0,0,223,0,138,0,0,85,0
Alex Ludowig,17719,WR,AIR FORCE,9,79.4,0,101,65.5,,57.3,0,0,0,0.0,0.0,,0,0,0,85,0,0,0,107,0,22,0,0,85,0
Jhajuan Seales,12175,WR,OKLA STATE,11,38.8,0,262,72.4,,66.4,0,0,0,0.0,0.0,,1,0,0,85,0,0,0,219,0,133,0,0,85,0
Tyreis Thomas,45739,HB,S ALABAMA,11,33.6,0,288,67.2,73.1,58.1,0,4,68,58.1,58.2,97.1,0,4,0,85,0,0,0,253,71,122,0,0,14,0
Collin Lisa,38269,WR,BUFFALO,11,29.0,0,126,64.8,,51.7,0,0,0,0.0,0.0,,2,0,0,85,0,0,0,293,0,208,0,0,85,6
Johnny Jefferson,28170,HB,BAYLOR,11,32.0,0,118,80.6,76.6,55.9,0,1,54,56.8,55.6,99.1,0,1,0,85,0,0,0,266,55,99,0,0,30,0
Kendrick Edwards,38284,WR,ARKANSAS,5,55.2,0,111,54.8,,54.4,0,0,0,0.0,0.0,,0,0,0,85,0,0,0,154,0,69,0,0,85,0
Trey Quinn,38276,WR,LSU,11,64.1,0,211,63.8,,50.4,0,0,0,0.0,0.0,,1,0,0,84,0,0,0,131,0,47,0,0,84,0
Jamal Morrow,45773,HB,WASH STATE,12,21.6,0,341,77.6,44.0,63.5,1,0,23,8.7,10.4,97.8,2,1,0,84,0,0,0,388,29,278,0,0,55,0
Kyrin Priester,27543,WR,WASH STATE,13,33.2,0,341,66.3,64.5,76.5,0,0,1,0.6,0.6,100.0,0,0,0,84,0,0,0,253,1,170,0,0,83,19
Justin Stockton,45705,HB,TEXAS TECH,13,28.8,0,315,76.3,69.0,53.2,0,3,43,23.5,22.8,96.5,0,3,0,84,0,0,0,292,43,189,0,0,41,1
Darius Tice,45699,HB,USF,13,38.4,0,327,70.5,77.3,64.2,0,0,21,32.3,31.3,100.0,0,0,0,84,0,0,0,219,21,67,0,0,63,0
Brandon Presley,48018,WR,UNLV,11,55.6,0,325,53.0,,53.7,0,0,0,0.0,0.0,,0,0,0,84,0,0,0,151,0,67,0,0,84,0
Vincent Johnson,28217,T,CAL,8,97.7,0,130,71.7,74.1,68.4,0,1,31,93.9,94.3,98.4,0,1,0,84,0,0,0,86,33,35,0,50,51,36
DeVontae McNeal,16570,HB,LA MONROE,13,27.9,0,209,57.1,76.3,66.0,1,0,20,11.6,11.6,97.5,0,1,0,84,0,0,0,301,21,181,0,0,63,2
Andrew Tercek,46116,G,BOISE ST,6,100.0,0,120,56.3,0.0,64.6,1,1,9,100.0,100.0,88.9,1,2,0,84,0,84,0,84,9,9,0,0,75,0
Tyre Brady,41818,WR,MIAMI FL,9,42.4,0,220,59.9,,68.9,0,0,0,0.0,0.0,,1,0,0,84,0,0,0,198,0,114,0,0,84,0
River Cracraft,47417,WR,WASH STATE,10,17.3,1,341,67.1,,43.0,0,0,0,0.0,0.0,,1,0,0,84,0,0,0,485,0,401,0,0,84,2
Cam Stewart,47894,WR,UCF,8,29.3,0,323,51.9,,58.5,0,0,0,0.0,0.0,,0,0,0,84,0,0,0,287,0,203,0,0,84,4
Nacarius Fant,48276,WR,W KENTUCKY,14,48.8,0,346,73.7,63.6,56.8,0,0,1,1.3,1.1,100.0,1,0,0,84,0,0,0,172,1,87,0,0,83,0
Maty Mauk,46507,QB,MISSOURI,4,33.7,0,229,56.7,,60.0,0,0,0,0.0,0.0,,2,0,0,83,0,0,0,246,0,137,0,0,83,0
Cooper Bateman,46596,QB,ALABAMA,9,58.5,0,103,63.5,,60.0,0,0,0,0.0,0.0,,0,0,0,83,0,0,0,142,0,57,0,0,83,0
Ellis Jefferson,48347,WR,ARIZONA ST,12,41.9,0,110,61.4,,67.4,0,0,0,0.0,0.0,,0,0,0,83,0,0,0,198,0,115,0,0,83,1
Markell Pack,47520,WR,OLE MISS,13,30.4,0,226,72.9,,47.7,0,0,0,0.0,0.0,,0,0,0,83,0,0,0,273,0,189,0,0,83,0
Vincent Lowe,29755,WR,DOMINION,6,48.5,0,263,66.7,,62.5,0,0,0,0.0,0.0,,0,0,0,83,0,0,0,171,0,85,0,0,83,0
Jamal Turner,18893,WR,NEBRASKA,13,51.2,0,238,62.8,,72.2,0,0,0,0.0,0.0,,1,0,0,83,0,0,0,162,0,76,0,0,83,0
Thomas Lucas,27133,WR,UCONN,6,37.4,0,146,56.4,,61.6,0,0,0,0.0,0.0,,1,0,0,82,0,0,0,219,0,137,0,0,82,0
Stephen Baggett,47181,TE,E CAROLINA,12,65.6,0,156,64.8,73.2,71.8,0,0,11,20.8,20.4,100.0,0,0,0,82,0,0,0,125,11,54,0,0,71,52
Kishon Wilcher,39206,WR,TOLEDO,11,52.2,0,316,60.9,,67.8,0,0,0,0.0,0.0,,0,0,0,82,0,0,0,157,0,75,0,0,82,2
Jason Smith,48071,WR,AUBURN,13,34.9,0,115,59.4,,55.0,0,0,0,0.0,0.0,,0,0,0,82,0,0,0,235,0,146,0,0,82,0
Brandon Fanaika,46042,G,STANFORD,12,100.0,0,300,64.9,78.4,63.4,0,0,5,100.0,100.0,100.0,0,0,0,82,0,25,0,82,5,5,0,0,77,18
Malik Henry,48004,WR,GA SOUTHRN,7,83.7,0,174,59.5,,58.1,0,0,0,0.0,0.0,,1,0,0,82,0,0,0,98,0,15,0,0,82,0
Max DeLorenzo,17120,HB,UCONN,13,49.7,0,146,55.6,39.4,55.8,1,1,24,26.4,26.3,87.5,0,4,2,82,0,0,0,165,25,95,0,0,57,6
Torrey Pierce,19658,HB,LA LAFAYET,12,32.7,0,207,65.1,67.2,79.9,1,2,54,40.3,41.7,97.2,0,3,0,82,0,0,0,251,58,139,0,0,24,0
Nick England,23677,WR,DOMINION,5,54.7,0,263,60.4,,61.4,0,0,0,0.0,0.0,,0,0,0,82,0,0,0,150,0,68,0,0,82,0
Joel Ruiz,16358,TE,GA STATE,4,63.8,0,175,75.7,43.0,80.2,0,1,18,28.6,29.2,97.2,0,1,0,81,0,0,0,127,19,65,0,3,62,103
Rayvean Moore,21672,WR,NEW MEX ST,9,41.1,0,242,54.4,,60.2,0,0,0,0.0,0.0,,0,0,0,81,0,0,0,197,0,116,0,0,81,0
T.C. Klusman,23006,C,LOUISVILLE,3,100.0,0,210,55.2,38.8,58.1,0,1,37,100.0,100.0,93.2,1,3,2,81,81,0,0,81,39,39,0,0,42,0
Gary Jennings,48331,WR,W VIRGINIA,8,57.9,0,343,66.2,,75.6,0,0,0,0.0,0.0,,1,0,0,81,0,0,0,140,0,59,0,0,81,0
Brandon Polk,45342,WR,PENN STATE,13,54.7,0,266,63.4,,56.7,0,0,0,0.0,0.0,,0,0,0,81,0,0,0,148,0,48,0,0,81,15
Justin Davis,12202,HB,USC,13,19.3,1,326,85.6,49.0,60.3,0,7,54,25.4,26.4,93.5,1,7,0,81,0,0,0,419,60,227,0,0,21,0
Chris Murray,47874,WR,ARK STATE,10,54.7,0,113,73.4,,65.4,0,0,0,0.0,0.0,,0,0,0,81,0,0,0,148,0,67,0,0,81,0
Miguel Machado,38949,T,MICH STATE,7,100.0,0,223,49.4,65.3,49.4,0,2,34,100.0,100.0,97.1,2,2,0,81,0,0,9,81,35,35,0,65,46,7
Ken Hampel,47288,TE,UTAH,9,91.0,0,328,72.5,72.9,66.3,0,0,7,46.7,46.7,100.0,0,0,0,81,0,0,0,89,7,15,0,0,74,82
Joe Williams,11876,HB,UTAH,10,30.6,0,328,70.2,72.5,61.8,0,1,29,28.4,30.0,98.3,0,1,0,81,0,0,0,265,33,110,0,0,48,0
Nate Romine,46524,QB,AIR FORCE,2,66.4,0,101,58.0,,60.0,0,0,0,0.0,0.0,,0,0,0,81,0,0,0,122,0,21,0,0,81,0
Mark Szott,18769,TE,NWESTERN,12,95.2,0,256,62.6,78.5,61.5,0,0,8,66.7,66.7,100.0,0,0,0,80,0,0,0,84,8,12,0,0,72,84
Kennedy Williams,47851,HB,UTAH ST,13,40.2,0,329,50.5,,51.9,0,0,0,0.0,0.0,,2,0,0,80,0,0,0,199,0,116,0,0,80,0
Imani Cross,18674,HB,NEBRASKA,12,34.8,0,238,71.3,79.3,55.1,0,0,27,42.2,44.9,100.0,0,0,0,80,0,0,0,230,31,69,0,0,49,1
Garrett Williams,47353,TE,CLEMSON,14,80.0,0,140,43.8,70.4,44.2,0,0,5,20.0,20.0,100.0,0,0,0,80,0,0,0,100,5,25,0,0,75,58
Clark Quisenberry,39634,WR,TROY,12,32.9,0,318,61.4,67.5,88.7,0,0,1,0.6,0.6,100.0,3,0,0,80,0,0,0,243,1,163,0,0,79,4
Drew Kummer,18541,QB,MIAMI OH,6,33.3,0,221,52.3,,60.0,0,0,0,0.0,0.0,,0,0,0,80,0,0,0,240,0,144,0,0,80,0
Kyle Hicks,45714,HB,TCU,13,26.4,0,305,68.4,69.6,58.9,1,0,24,13.3,15.3,97.9,0,1,0,80,0,0,0,303,30,196,0,0,50,0
Stanley Williams,45964,HB,KENTUCKY,10,22.9,0,202,73.5,54.0,54.2,1,4,54,28.0,27.7,95.4,0,5,0,80,0,0,0,349,56,202,0,0,24,0
Tyrone Swoopes,12267,QB,TEXAS,11,31.3,0,311,57.4,61.2,60.0,0,0,0,0.0,0.8,,0,0,0,80,0,0,0,256,1,127,0,0,79,0
Sean Smith,13024,TE,MIDDLE TN,8,65.6,0,224,57.3,68.0,66.4,0,0,10,19.2,19.2,100.0,1,0,0,80,0,0,1,122,10,52,0,0,70,96
Tate Hernly,46069,C,UCF,4,100.0,0,323,45.2,24.8,54.5,1,1,50,100.0,100.0,94.0,1,4,2,79,47,31,0,79,52,52,1,0,27,0
Jake Burt,36147,TE,BOSTON COL,9,82.3,0,121,69.4,71.9,72.9,0,0,6,28.6,34.6,100.0,0,0,0,79,0,0,0,96,9,26,0,0,70,96
Ja'Juan Story,19341,WR,TCU,7,39.3,0,305,60.5,,80.4,0,0,0,0.0,0.0,,1,0,0,79,0,0,0,201,0,122,0,0,79,0
Tyron Johnson,34427,WR,LSU,9,38.2,1,211,60.1,,62.8,0,0,0,0.0,0.0,,1,0,0,79,0,0,0,207,0,128,0,0,79,0
Troy Flutie,27900,QB,BOSTON COL,8,49.1,0,121,46.7,,60.0,0,0,0,0.0,0.0,,1,0,0,79,0,0,0,161,0,66,0,0,79,0
Kenny Bias,17167,WR,UTSA,6,42.2,0,331,53.7,,59.5,0,0,0,0.0,0.0,,0,0,0,79,0,0,0,187,0,103,0,0,79,0
Gabe Myles,47881,WR,MISS STATE,10,45.4,0,227,58.6,,48.7,0,0,0,0.0,0.0,,0,0,0,79,0,0,0,174,0,88,0,0,79,0
Jackson Solbeck,47389,TE,NEW MEX ST,10,79.8,0,242,53.5,71.5,53.4,0,1,30,61.2,62.3,98.3,0,1,0,79,0,0,1,99,33,53,0,1,46,83
Kenny Young,29207,HB,MIAMI OH,11,36.4,0,221,57.5,63.6,55.6,0,2,54,44.3,44.0,98.1,0,2,0,79,0,0,0,217,55,125,0,0,24,1
Janarion Grant,47561,WR,RUTGERS,12,25.8,0,278,74.3,,66.9,0,0,0,0.0,0.0,,0,0,0,79,0,0,0,306,0,219,0,0,79,0
Derrick Hayward,47264,TE,MARYLAND,12,62.7,0,215,43.0,38.0,56.9,0,1,5,9.8,9.6,90.0,0,1,0,79,0,0,1,126,5,52,0,1,74,91
Keyon Dilosa,48288,WR,MISSOURI,11,44.9,0,229,57.7,,60.8,0,0,0,0.0,0.0,,0,0,0,79,0,0,0,176,0,97,0,0,79,0
Kano Dillon,84034,TE,USF,11,49.4,0,327,72.7,34.8,77.1,1,1,7,8.4,8.0,85.7,4,2,0,78,0,0,0,158,7,87,0,0,71,73
Austin Proehl,48223,WR,N CAROLINA,12,50.0,0,245,75.7,63.6,74.7,0,0,1,1.3,1.3,100.0,0,0,0,78,0,0,0,156,1,78,0,0,77,0
Trey Griffey,12123,WR,ARIZONA,7,38.6,0,109,66.2,,61.0,0,0,0,0.0,0.0,,1,0,0,78,0,0,0,202,0,124,0,0,78,0
Jeremi Hall,46177,G,USF,8,100.0,0,327,65.3,73.8,63.0,0,1,35,100.0,100.0,98.6,0,1,0,78,0,17,0,78,37,37,61,0,41,0
Brandon Colon,47848,WR,NAVY,13,88.6,0,237,73.1,,89.3,0,0,0,0.0,0.0,,0,0,0,78,0,0,0,88,0,9,0,0,78,1
Deontae McCrady,37042,G,LA TECH,10,100.0,0,208,67.0,20.6,73.0,0,3,28,100.0,100.0,94.6,0,3,0,77,0,0,0,77,29,29,77,0,48,0
Demarcus Kirk,45807,HB,GA STATE,10,34.5,0,175,57.4,75.0,58.8,0,5,61,47.7,47.8,95.9,0,5,0,77,0,0,0,223,64,134,0,0,13,0
Valdez Showers,11410,WR,FLORIDA,12,56.2,0,163,65.2,64.5,72.1,0,0,1,1.7,1.6,100.0,0,0,0,77,0,0,0,137,1,61,0,0,76,21
Dyshon Sims,46625,G,GEORGIA,4,100.0,0,173,72.0,65.2,71.5,1,0,21,100.0,100.0,97.6,0,1,0,77,0,29,0,77,22,22,48,0,55,0
Nick Jeanty,26496,QB,NEW MEX ST,6,35.8,0,242,52.9,,60.0,0,0,0,0.0,0.0,,1,0,0,77,0,0,0,215,0,127,0,0,77,0
Ke'aun Kinner,45667,HB,KANSAS,12,21.1,0,198,63.0,63.3,55.3,0,2,54,26.7,26.8,96.3,0,3,1,77,0,0,0,365,56,209,0,0,21,1
Martez Walker,37976,HB,C MICHIGAN,11,21.3,0,134,60.5,74.1,63.4,0,4,53,23.9,25.0,96.2,3,4,0,77,0,0,0,361,59,236,0,0,18,0
Chico McClatcher,47502,WR,WASHINGTON,13,52.7,0,340,65.1,,75.2,0,0,0,0.0,0.0,,0,0,0,77,0,0,0,146,0,50,0,0,77,1
Nate German,48095,WR,RICE,9,31.4,0,275,63.2,68.7,57.6,0,0,1,0.6,0.6,100.0,0,0,0,77,0,0,0,245,1,166,0,0,76,1
Bradley Bozeman,27934,G,ALABAMA,9,100.0,0,103,75.3,84.5,72.9,0,0,25,100.0,100.0,100.0,1,0,0,77,3,7,0,77,26,26,67,0,51,0
Rob Kelley,11090,HB,TULANE,12,38.6,0,319,68.3,73.9,60.7,1,1,26,31.7,31.8,96.2,0,2,0,76,0,0,0,197,27,85,0,0,49,10
William Crest Jr.,45917,QB,W VIRGINIA,11,43.9,0,343,42.2,0.0,62.0,1,0,1,1.4,1.3,50.0,1,1,0,76,0,0,0,173,1,76,0,0,75,0
Marlon Seets,18260,HB,LA TECH,10,93.8,0,208,72.4,76.4,67.5,0,0,11,78.6,75.0,100.0,0,0,0,76,0,0,0,81,12,16,0,0,64,26
Sherman Badie,39248,HB,TULANE,12,22.6,0,319,67.5,65.4,73.3,0,0,36,16.3,16.3,91.7,1,3,3,76,0,0,0,336,37,227,0,0,39,0
Jordan Fagan,46053,T,ILLINOIS,5,100.0,0,187,61.2,60.4,59.8,1,1,32,100.0,100.0,93.7,0,3,1,76,0,0,0,76,32,32,0,76,44,0
Delando Crooks,46081,G,VANDERBILT,5,100.0,0,333,77.8,84.7,75.8,0,0,30,100.0,100.0,100.0,0,0,0,76,0,0,0,76,30,30,53,0,46,23
Drew Barker,26947,QB,KENTUCKY,5,43.2,0,202,37.0,,60.0,0,0,0,0.0,0.0,,0,0,0,76,0,0,0,176,0,91,0,0,76,0
Devin Pike,47315,TE,WAKE,11,87.4,0,339,59.3,34.6,68.3,1,2,15,60.0,59.3,90.0,0,3,0,76,0,0,0,87,16,27,0,0,60,84
Koda Martin,46231,T,TEXAS A&M,8,100.0,0,312,62.8,29.7,68.1,0,3,26,100.0,100.0,94.2,1,3,0,76,0,0,45,76,28,28,0,0,48,31
Colby Enegren,46234,G,ARMY,3,100.0,0,114,65.6,80.0,63.9,0,0,13,100.0,100.0,100.0,0,0,0,76,0,0,0,76,14,14,76,0,62,0
Devin Chafin,22528,HB,BAYLOR,10,34.2,0,118,74.4,72.0,69.8,0,1,45,66.2,66.7,98.9,0,1,0,76,0,0,0,222,48,72,0,0,28,0
Chad Hansen,11896,WR,CAL,10,37.6,0,130,67.1,,59.1,0,0,0,0.0,0.0,,1,0,0,76,0,0,0,202,0,126,0,0,76,0
Xavier Johnson,45735,HB,S ALABAMA,12,26.4,0,288,82.3,49.4,75.8,1,2,69,53.5,53.0,96.4,0,4,1,76,0,0,0,288,71,134,0,0,5,0
Connor Brennan,46313,G,ILLINOIS,5,100.0,0,187,67.6,79.7,65.2,1,0,32,100.0,100.0,98.4,0,1,0,76,0,0,0,76,32,32,76,0,44,0
Cristian Garcia,13978,G,UCLA,2,100.0,1,324,57.9,79.9,54.6,0,0,48,100.0,100.0,100.0,2,0,0,76,0,33,0,76,49,49,25,18,27,0
James Clark,48149,WR,OHIO STATE,10,67.9,0,260,53.0,,60.8,0,0,0,0.0,0.0,,0,0,0,76,0,0,0,112,0,36,0,0,76,0
Joe Austin,46269,T,C MICHIGAN,3,100.0,0,134,53.6,56.2,60.0,0,3,47,100.0,100.0,94.7,0,4,1,75,0,1,67,75,50,50,0,7,25,0
Korey Cunningham,38555,T,CINCINNATI,4,100.0,0,138,89.7,84.8,84.6,0,0,19,100.0,100.0,100.0,0,0,0,75,0,0,75,75,20,20,0,0,55,0
Jeremiah Mullinax,39312,TE,W MICHIGAN,13,85.2,0,347,76.3,72.0,59.1,0,0,3,20.0,18.8,100.0,1,0,0,75,0,1,0,88,3,16,0,0,72,73
Derek Longoria,19015,TE,SMU,9,62.5,0,287,45.6,68.8,43.5,0,1,13,23.2,22.4,96.2,0,1,0,75,0,0,0,120,13,58,0,0,62,41
Caleb Smith,19273,TE,OREGON ST,2,70.8,0,265,58.3,50.1,70.5,0,1,10,25.0,27.9,95.0,0,1,0,75,0,0,2,106,12,43,0,1,63,83
Dustin Bowens,28478,TE,FAU,10,97.4,0,165,57.1,69.5,60.4,0,0,6,75.0,75.0,100.0,1,0,0,75,0,0,1,77,6,8,0,3,69,68
Grant Perry,47667,WR,MICHIGAN,13,27.9,0,222,55.8,,45.0,0,0,0,0.0,0.0,,1,0,0,75,0,0,0,269,0,193,0,0,75,1
Bill Cecil,28101,TE,APP STATE,9,92.6,0,108,67.1,78.2,64.5,0,0,5,50.0,50.0,100.0,0,0,0,75,0,0,0,81,6,12,0,0,69,2
Andrew Marshall,12715,C,GA TECH,6,100.0,0,176,88.5,81.7,81.3,0,0,22,100.0,100.0,100.0,0,0,0,75,75,0,0,75,22,22,0,0,53,0
Michael Campbell,22133,TE,UCF,11,98.7,0,323,75.0,30.1,75.5,0,0,7,87.5,90.0,100.0,0,0,0,75,0,0,13,76,9,10,0,5,66,57
Kent Taylor,47066,TE,KANSAS,11,31.8,0,198,61.5,71.7,52.7,0,0,6,3.7,3.6,100.0,1,0,0,75,0,0,2,236,6,167,0,0,69,36
Sam Mays,44767,WR,ILLINOIS,11,38.7,0,187,54.8,,84.0,0,0,0,0.0,0.0,,0,0,0,75,0,0,0,194,0,119,0,0,75,0
Reggie Gallaspy II,13818,HB,NC STATE,11,44.4,0,248,70.0,61.5,54.0,1,2,42,60.9,60.6,94.0,0,4,1,75,0,0,0,169,43,71,0,0,32,0
Josh Boutte,12098,G,LSU,7,100.0,0,211,69.9,15.1,76.8,1,1,14,100.0,100.0,92.9,2,2,0,75,0,0,0,75,17,17,75,0,58,0
Hayden Lambert,23747,T,TEXAS ST,5,100.0,0,314,69.2,59.6,70.5,1,2,36,100.0,100.0,95.8,0,3,0,74,0,0,32,74,38,38,0,41,36,0
Teo Redding,47790,WR,BOWL GREEN,14,31.5,0,122,59.7,,59.4,0,0,0,0.0,0.0,,2,0,0,74,0,0,0,235,0,161,0,0,74,0
Korey Robertson,47774,WR,SO MISS,12,50.0,0,296,72.5,,52.8,0,0,0,0.0,0.0,,1,0,0,74,0,0,0,148,0,74,0,0,74,0
Donald Gage,27195,WR,HOUSTON,7,69.8,0,182,58.4,,57.2,0,0,0,0.0,0.0,,1,0,0,74,0,0,0,106,0,31,0,0,74,0
Ladarius Banks,32465,FB,VANDERBILT,9,87.1,0,333,53.6,9.3,56.2,0,0,4,28.6,28.6,100.0,0,0,0,74,0,0,0,85,4,14,0,0,70,0
Remound Wright,37798,HB,STANFORD,14,29.8,0,300,69.8,70.0,44.1,1,3,48,36.9,36.2,95.8,0,4,0,74,0,0,0,248,51,141,0,0,23,0
Tim Clary,18286,TE,ILLINOIS,7,75.5,0,187,64.7,80.6,66.7,0,0,16,41.0,40.0,100.0,0,0,0,74,0,0,0,98,16,40,0,0,58,23
Glenn Smith,45723,WR,GA STATE,13,20.6,0,175,57.7,69.6,58.6,0,2,33,15.3,15.2,93.9,0,3,1,74,0,0,0,360,35,230,0,0,39,0
Lawrence Cager,34914,WR,MIAMI FL,12,45.1,0,220,57.5,,51.8,0,0,0,0.0,0.0,,1,0,0,74,0,0,0,164,0,90,0,0,74,0
Ryan Metz,48058,QB,UTEP,8,28.6,0,330,52.0,,60.0,0,0,0,0.0,0.0,,1,0,0,74,0,0,0,259,0,165,0,0,74,0
Connor Shinsky,46852,T,KENT STATE,2,100.0,0,201,61.6,57.9,60.9,0,2,30,100.0,100.0,96.7,1,2,0,74,0,0,0,74,31,31,0,74,43,0
Justin Chandler,47129,TE,IOWA STATE,10,85.1,0,193,60.5,73.6,50.4,0,1,14,51.9,53.6,96.4,1,1,0,74,0,0,1,87,15,28,0,0,59,83
Kip Patton,38300,TE,TEMPLE,13,43.5,0,306,69.9,72.7,41.4,0,0,9,9.8,9.9,100.0,1,0,0,73,0,0,0,168,10,101,0,0,63,132
Josh Harshman,47108,TE,WYOMING,11,70.2,1,351,64.0,72.0,65.6,0,0,7,20.0,18.4,100.0,1,0,0,73,0,0,0,104,7,38,0,0,66,96
Jay MacIntyre,47592,WR,COLORADO,12,36.9,0,143,53.1,,57.2,0,0,0,0.0,0.0,,0,0,0,73,0,0,0,198,0,125,0,0,73,0
Hunter Nunn,34977,TE,APP STATE,8,89.0,0,108,72.6,80.1,73.0,0,0,5,35.7,35.7,100.0,0,0,0,73,0,0,1,82,5,14,0,0,68,24
Michael Zunica,26040,FB,KANSAS,10,81.1,0,198,69.6,75.1,72.1,0,0,21,55.3,55.3,100.0,0,0,0,73,0,0,0,90,21,38,0,0,52,1
Tobias Edge-Campbell,45557,G,APP STATE,9,100.0,0,108,72.0,80.6,68.7,0,0,11,100.0,100.0,100.0,0,0,0,73,27,39,0,73,11,11,7,0,62,0
Keke Coutee,47698,WR,TEXAS TECH,12,33.5,0,315,50.7,65.5,59.6,0,0,1,0.7,0.7,100.0,0,0,0,73,0,0,0,218,1,146,0,1,72,0
Jay Dye,27397,C,TROY,5,100.0,0,318,57.4,77.9,53.8,0,0,36,100.0,100.0,100.0,1,0,0,73,73,0,0,73,38,38,0,0,35,0
Chris Johnson,45103,WR,UCF,8,35.4,0,323,54.9,,59.6,0,0,0,0.0,0.0,,0,0,0,73,0,0,0,206,0,133,0,0,73,0
Reggie Bonnafon,47542,QB,LOUISVILLE,11,35.1,0,210,71.1,75.7,60.7,0,0,3,3.3,3.2,100.0,0,0,0,73,0,0,0,208,3,95,0,0,70,0
Uriah LeMay,34832,WR,CHARLOTTE,6,49.7,0,136,55.0,,58.6,0,0,0,0.0,0.0,,1,0,0,72,0,0,0,145,0,73,0,0,72,0
Korren Kirven,12065,T,ALABAMA,6,100.0,0,103,65.1,77.5,61.0,0,0,24,100.0,100.0,100.0,0,0,0,72,0,0,37,72,24,24,0,35,48,0
Garrett Adcock,23177,T,NEW MEXICO,3,100.0,0,241,62.1,43.8,64.0,1,2,25,100.0,100.0,94.0,0,3,0,72,0,0,31,72,25,25,0,41,47,0
Warren Wand,45682,HB,ARK STATE,13,22.6,0,113,77.2,57.7,72.8,0,4,27,17.9,17.3,92.6,0,4,0,72,0,0,0,319,27,156,0,0,45,0
Robbie Walker,39105,WR,OHIO,13,38.9,0,259,53.9,,58.5,0,0,0,0.0,0.0,,0,0,0,72,0,0,0,185,0,113,0,0,72,0
Darius Wade,28055,QB,BOSTON COL,3,51.4,0,121,65.0,,60.0,0,0,0,0.0,0.0,,0,0,0,72,0,0,0,140,0,53,0,0,72,0
Dom Roldan,25739,T,GA STATE,6,100.0,0,175,58.7,32.3,63.5,2,1,33,100.0,100.0,95.5,0,3,0,72,0,23,0,72,33,33,0,43,39,3
Kristof Ifkovits,30621,G,W MICHIGAN,11,100.0,0,347,73.4,38.1,73.7,0,1,12,100.0,100.0,95.8,0,1,0,72,0,36,0,72,12,12,36,0,60,0
J.W. Walsh,19040,QB,OKLA STATE,13,29.6,0,262,76.2,,60.0,0,0,0,0.0,0.0,,0,0,0,72,0,0,0,243,0,94,0,0,72,0
Dontre Wilson,12046,WR,OHIO STATE,9,51.8,0,260,60.0,,64.2,0,0,0,0.0,0.0,,0,0,0,72,0,0,0,139,0,67,0,0,72,0
Joshua Thomas,35835,HB,IOWA STATE,12,34.1,0,193,61.0,70.4,65.1,0,2,38,39.2,39.0,94.7,0,3,1,72,0,0,0,211,39,100,0,0,33,0
Gabe Hill,47388,TE,TROY,11,85.7,0,318,71.2,75.2,74.1,0,0,10,47.6,47.8,100.0,1,0,0,72,0,0,0,84,11,23,0,0,61,63
Ashton Shumpert,45740,HB,MISS STATE,11,26.7,1,227,56.7,61.8,66.0,0,2,21,13.5,13.0,95.2,1,2,0,72,0,0,0,270,21,161,0,0,51,0
Rennie Childs,23687,HB,OKLA STATE,12,28.0,0,262,69.6,77.9,57.3,0,2,39,27.3,27.0,97.4,0,2,0,71,0,0,0,254,40,148,0,0,31,0
Caleb Repp,34839,TE,UTAH,10,52.2,0,328,55.9,66.0,66.7,0,0,1,1.6,1.5,100.0,1,0,0,71,0,0,0,136,1,66,0,0,70,6
Cade Apsay,27137,QB,COLORADO,5,35.5,0,143,59.7,,60.0,0,0,0,0.0,0.0,,1,0,0,71,0,0,0,200,0,118,0,0,71,0
Drue Harris,35649,HB,ARMY,10,61.7,0,114,61.1,77.4,51.9,0,0,9,100.0,100.0,100.0,0,0,0,71,0,0,0,115,9,9,0,0,62,0
Jackson Hoskins,30264,C,TEXAS ST,1,100.0,0,314,68.8,50.1,68.1,0,2,25,100.0,100.0,96.0,0,2,0,71,71,0,0,71,26,26,0,0,45,0
Cedric Thompson,17291,HB,UCF,8,54.2,0,323,48.1,79.8,53.5,0,0,11,16.4,18.3,100.0,0,0,0,71,0,0,0,131,13,71,0,0,58,56
Grant Lingafelter,46817,G,W VIRGINIA,6,100.0,0,343,75.7,70.5,75.1,0,0,28,100.0,100.0,100.0,0,0,0,71,0,42,7,71,29,29,0,22,42,0
A.J. Coney,13242,WR,AKRON,11,35.5,0,102,61.3,,65.5,0,0,0,0.0,0.0,,0,0,0,71,0,0,0,200,0,129,0,0,71,0
William Barns,29850,G,SMU,1,100.0,0,287,57.7,61.0,54.1,0,3,49,100.0,100.0,96.9,0,3,0,71,0,71,0,71,52,52,0,0,19,0
Jordan Wilkins,26618,HB,OLE MISS,13,30.0,0,226,70.0,71.1,62.5,1,2,35,28.2,28.8,95.7,0,3,0,71,0,0,0,237,38,132,0,0,33,0
Tony James,45018,WR,TCU,6,42.0,0,305,50.7,,58.3,0,0,0,0.0,0.0,,1,0,0,71,0,0,0,169,0,98,0,0,71,0
Dan Jonah,48131,WR,UMASS,7,48.3,0,216,58.2,,65.3,0,0,0,0.0,0.0,,0,0,0,71,0,0,0,147,0,76,0,0,71,0
Keenan Barnes,48245,WR,LA LAFAYET,9,73.2,0,207,64.4,,75.9,0,0,0,0.0,0.0,,0,0,0,71,0,0,0,97,0,26,0,0,71,0
Andre Booker,18306,WR,INDIANA,9,62.3,0,190,80.5,,75.3,0,0,0,0.0,0.0,,1,0,0,71,0,0,0,114,0,43,0,0,71,0
John Thompson,47443,WR,WASH STATE,13,22.8,0,341,62.1,,80.9,0,0,0,0.0,0.0,,1,0,0,70,0,0,0,307,0,237,0,0,70,0
Hayden Hurst,47294,TE,S CAROLINA,9,44.3,0,289,56.7,68.4,64.8,0,0,1,1.2,1.1,100.0,1,0,0,70,0,0,0,158,1,89,0,0,69,26
James White,45863,HB,TEXAS A&M,9,39.3,0,312,61.4,75.8,61.6,0,0,32,38.1,39.8,96.9,0,1,1,70,0,0,0,178,35,88,0,0,35,0
Jordan Huff,45911,HB,N ILLINOIS,13,33.0,0,254,76.3,80.8,83.4,0,1,27,32.5,33.3,98.1,0,1,0,70,0,0,0,212,28,84,0,0,42,0
Taylor Oldham,47569,WR,UCF,7,43.8,0,323,52.8,,67.0,0,0,0,0.0,0.0,,0,0,0,70,0,0,0,160,0,90,0,0,70,0
Javin Webb,27262,HB,HOUSTON,11,30.2,0,182,62.1,79.8,74.8,0,1,30,25.0,25.2,98.3,0,1,0,70,0,0,0,232,31,123,0,0,39,0
Zach Van Leeuwen,48146,WR,UTAH ST,11,60.9,0,329,66.0,,57.8,0,0,0,0.0,0.0,,0,0,0,70,0,0,0,115,0,45,0,0,70,4
Saeed Blacknall,48088,WR,PENN STATE,13,30.7,0,266,59.4,,68.7,0,0,0,0.0,0.0,,1,0,0,70,0,0,0,228,0,158,0,0,70,2
Kerryon Johnson,34455,HB,AUBURN,13,39.8,0,115,69.1,54.0,60.7,0,1,7,12.1,11.7,92.9,0,1,0,70,0,0,0,176,7,60,0,0,63,2
Kendal Thompson,11451,QB,UTAH,4,51.1,0,328,52.1,,59.3,0,0,0,0.0,0.0,,0,0,0,70,0,0,0,137,0,53,0,0,70,0
Quinton Pedroza,18427,WR,HAWAII,6,31.7,0,180,65.6,,51.4,0,0,0,0.0,0.0,,2,0,0,70,0,0,0,221,0,150,0,0,70,1
Kyle Payton,18438,TE,KENT STATE,11,68.6,0,201,68.5,72.5,72.9,0,0,11,26.8,25.6,100.0,1,0,0,70,0,0,0,102,11,43,0,0,59,42
Lorenzo Joe,30477,WR,TEXAS,6,64.8,0,311,65.8,67.9,51.1,0,0,1,2.6,2.6,100.0,0,0,0,70,0,0,0,108,1,39,0,0,69,1
L.J. Scott,45940,HB,MICH STATE,14,22.3,0,223,68.1,66.5,72.2,1,0,47,35.6,35.5,98.9,1,1,0,69,0,0,0,309,49,138,0,0,20,0
Lucas Johnson,36911,T,GA STATE,6,100.0,0,175,53.1,44.7,56.3,1,2,49,100.0,100.0,94.9,0,4,1,69,0,0,29,69,49,49,0,39,20,1
Michael Henry,47595,WR,W MICHIGAN,13,25.3,0,347,61.9,,62.0,0,0,0,0.0,0.0,,0,0,0,69,0,0,0,273,0,204,0,0,69,0
Aron Taylor,27098,WR,UTSA,11,53.1,1,331,69.8,,61.1,0,0,0,0.0,0.0,,1,0,0,69,0,0,0,130,0,61,0,0,69,0
Raymond Taylor,45881,HB,OKLA STATE,11,41.6,0,262,78.5,78.6,59.1,0,0,29,37.2,38.3,96.6,0,1,1,69,0,0,0,166,31,81,0,0,38,0
Parris Campbell,47940,WR,OHIO STATE,6,63.9,0,260,55.1,,89.2,0,0,0,0.0,0.0,,1,0,0,69,0,0,0,108,0,39,0,0,69,0
Jesse Jackson,47827,WR,MISS STATE,9,61.1,0,227,51.6,,59.8,0,0,0,0.0,0.0,,0,0,0,69,0,0,0,113,0,44,0,0,69,0
Donnel Pumphrey,11887,HB,S DIEGO ST,14,12.1,0,284,77.6,74.0,54.4,0,1,25,12.2,12.9,94.0,2,2,1,69,0,0,0,569,27,210,0,0,42,0
Jeff Greene,18983,WR,OHIO STATE,5,87.3,0,260,73.4,,79.9,0,0,0,0.0,0.0,,0,0,0,69,0,0,0,79,0,10,0,0,69,0
Jerminic Smith,48016,WR,IOWA,12,46.0,0,192,67.1,,79.6,0,0,0,0.0,0.0,,0,0,0,69,0,0,0,150,0,81,0,0,69,0
Kendall Moore,47369,TE,SYRACUSE,3,75.8,1,304,55.6,65.1,68.9,1,0,12,35.3,37.1,95.8,2,1,0,69,0,0,0,91,13,35,0,0,56,89
Austin Stone,47423,WR,E MICHIGAN,11,36.9,0,160,49.6,,70.7,0,0,0,0.0,0.0,,1,0,0,69,0,0,0,187,0,118,0,0,69,0
Kody Walker,45758,FB,ARKANSAS,9,34.8,0,111,74.9,64.0,61.4,1,4,47,55.3,55.7,94.7,0,5,0,69,0,0,0,198,49,88,0,0,20,0
Patrick Carroll,21884,T,UNLV,5,100.0,0,325,73.0,51.9,74.3,1,0,20,100.0,100.0,97.5,1,1,0,69,0,0,0,69,23,23,0,68,46,1
Alex Neale,36898,G,UNLV,4,100.0,0,325,68.9,10.1,75.2,0,1,13,100.0,100.0,88.5,2,2,1,68,25,43,0,68,15,15,0,0,53,0
Jowan Davis,45928,HB,RICE,10,36.8,0,275,65.9,85.7,76.0,0,0,35,45.5,46.3,100.0,1,0,0,68,0,0,0,185,37,80,0,0,31,0
Tyrell Clay,45987,HB,UTSA,11,38.0,0,331,57.6,59.4,70.8,0,3,39,36.4,37.3,96.2,1,3,0,68,0,0,0,179,41,110,0,0,27,0
Cameron MacPherson,37863,TE,SYRACUSE,9,69.4,0,304,59.6,73.5,77.0,0,0,14,33.3,33.3,100.0,0,0,0,68,0,0,0,98,15,45,0,0,53,92
Mark Walton,45996,HB,MIAMI FL,13,20.4,1,220,74.6,70.6,67.9,0,4,55,30.2,30.7,94.5,1,5,1,68,0,0,0,334,59,192,0,0,9,0
Jasen Oden Jr.,17007,HB,COLO STATE,12,22.5,0,144,69.6,78.5,57.4,1,0,46,37.7,38.9,98.9,0,1,0,68,0,0,0,302,49,126,0,0,19,0
Isaac Whitney,12251,WR,USC,5,48.9,1,326,66.8,,82.7,0,0,0,0.0,0.0,,1,0,0,68,0,0,0,139,0,71,0,0,68,2
Paul Thurston,46108,C,NEBRASKA,2,100.0,0,238,73.1,62.9,73.7,0,1,20,100.0,100.0,97.5,1,1,0,68,68,0,0,68,21,21,0,0,47,0
Damon Mitchell,27911,WR,ARKANSAS,13,68.7,0,111,77.6,,86.9,0,0,0,0.0,0.0,,0,0,0,68,0,0,0,99,0,27,0,0,68,1
DeSean Smith,12314,TE,LSU,9,50.4,0,211,72.5,75.7,71.1,0,0,14,17.5,17.3,100.0,0,0,0,68,0,0,3,135,14,81,0,0,54,85
Nick Fett,46958,G,IOWA STATE,3,100.0,0,193,65.1,72.5,63.1,0,1,33,100.0,100.0,98.5,0,1,0,68,0,0,0,68,34,34,67,1,34,0
Josh Ferguson,10907,HB,ILLINOIS,9,17.3,0,187,72.1,51.9,47.7,0,2,47,19.8,20.0,97.9,0,2,0,68,0,0,0,393,49,245,0,0,19,0
Jordan Ellis,45626,FB,WYOMING,11,85.0,0,351,84.0,78.9,82.9,0,0,9,42.9,42.9,100.0,0,0,0,68,0,0,0,80,9,21,0,0,59,4
Dallas Warmack,46183,G,ALABAMA,7,100.0,0,103,69.1,56.7,68.9,0,1,18,100.0,100.0,97.2,0,1,0,68,0,68,0,68,18,18,0,0,50,0
Bart Houston,12349,QB,WISCONSIN,7,56.2,1,349,68.9,,60.4,0,0,0,0.0,0.0,,1,0,0,68,0,0,0,121,0,52,0,0,68,0
Elgin Long,19700,WR,UMASS,12,25.5,0,216,60.7,67.8,65.6,0,0,1,0.5,0.5,100.0,2,0,0,68,0,0,0,267,1,197,0,0,67,4
Jalen Rhodes,45941,HB,UTSA,12,36.2,0,331,58.5,68.5,60.6,0,1,34,38.6,40.0,98.5,1,1,0,68,0,0,0,188,38,95,0,0,30,0
Kenyan Drake,10707,HB,ALABAMA,13,24.1,0,103,84.3,61.5,69.4,0,4,33,20.8,21.6,93.9,1,4,0,67,0,0,0,278,36,167,0,0,31,0
Ian Togiai,39092,ED,UTAH ST,9,89.3,0,329,73.3,75.1,75.1,0,0,6,42.9,42.9,100.0,1,0,0,67,0,0,0,75,6,14,0,0,61,4
Christian Powell,10892,HB,COLORADO,13,32.8,0,143,65.0,76.6,75.8,0,0,34,35.1,34.7,97.1,0,1,1,67,0,0,0,204,35,101,0,0,32,0
Solomon Vault,47647,HB,NWESTERN,13,28.5,0,256,54.2,42.6,62.0,1,3,31,22.1,21.7,93.5,0,4,0,67,0,0,0,235,31,143,0,0,36,0
Brandon Bridgers,26425,T,LA MONROE,6,100.0,0,209,41.6,0.0,59.7,1,1,25,100.0,100.0,92.0,1,3,1,67,0,1,64,67,26,26,0,0,41,2
Keyfer Roberts,48899,FB,SMU,7,93.1,0,287,67.2,76.8,65.3,0,1,22,81.5,82.8,97.7,0,1,0,67,0,0,0,72,24,29,0,0,43,32
Ismail Saleem,48248,WR,TROY,12,45.3,0,318,55.3,,66.8,0,0,0,0.0,0.0,,0,0,0,67,0,0,0,148,0,81,0,0,67,0
C.J. Jones,27336,HB,UCF,10,22.1,0,323,55.6,81.3,71.0,0,1,58,30.4,30.0,99.1,1,1,0,67,0,0,0,303,60,200,0,0,7,0
Javonte Bagley,47888,WR,LOUISVILLE,12,37.6,0,210,54.1,,60.0,0,0,0,0.0,0.0,,0,0,0,67,0,0,0,178,0,111,0,0,67,0
Teddy Williamson,24848,HB,BALL ST,10,45.3,0,117,64.1,79.9,60.5,0,2,55,59.1,58.2,98.2,0,2,0,67,0,0,0,148,57,98,0,0,10,0
Bryce Love,38396,HB,STANFORD,14,47.9,0,300,80.6,,60.6,0,0,0,0.0,0.0,,1,0,0,67,0,0,0,140,0,43,0,0,67,1
Charles Mosley,30180,G,TENNESSEE,6,100.0,0,307,66.5,80.5,64.7,0,0,11,100.0,100.0,100.0,0,0,0,67,0,67,0,67,11,11,0,0,56,0
Darren Drake,37207,G,CHARLOTTE,5,100.0,0,136,64.9,69.9,63.0,0,1,27,100.0,100.0,98.1,0,1,0,67,6,36,0,67,28,28,25,0,39,0
Dontae Strickland,45943,HB,SYRACUSE,12,38.7,0,304,60.3,,50.3,0,0,0,0.0,0.0,,1,0,0,67,0,0,0,173,0,83,0,0,67,53
Kyle Markway,36419,TE,S CAROLINA,10,74.2,0,289,58.8,58.3,56.1,0,0,14,38.9,37.8,100.0,1,0,0,66,0,0,0,89,14,37,0,0,52,83
Clayton Landry,23015,G,LA TECH,7,100.0,0,208,81.0,66.9,80.1,0,1,21,100.0,100.0,97.6,0,1,0,66,13,42,0,66,22,22,11,0,44,0
Joey Grant,17453,C,UCF,1,100.0,0,323,71.6,85.5,65.3,0,0,39,100.0,100.0,100.0,0,0,0,66,66,0,0,66,41,41,0,0,25,0
Nick Bawden,27413,FB,S DIEGO ST,9,98.5,1,284,69.1,28.7,72.9,0,1,2,66.7,66.7,75.0,1,1,0,66,0,0,0,67,2,3,0,0,64,1
Corey McCarron,17682,TE,MIDDLE TN,8,86.8,0,224,58.3,80.5,56.7,0,0,8,44.4,47.4,100.0,0,0,0,66,0,0,0,76,9,19,0,0,57,12
Taariq Allen,18671,WR,NEBRASKA,12,54.1,0,238,55.2,,61.7,0,0,0,0.0,0.0,,0,0,0,66,0,0,0,122,0,56,0,0,66,0
Deebo Samuel,48274,WR,S CAROLINA,5,42.3,0,289,62.4,,52.8,0,0,0,0.0,0.0,,0,0,0,66,0,0,0,156,0,90,0,0,66,0
Quinten Dormady,35426,QB,TENNESSEE,6,66.7,0,307,77.1,,60.0,0,0,0,0.0,0.0,,0,0,0,66,0,0,0,99,0,27,0,0,66,0
Malik Rosier,46550,QB,MIAMI FL,7,45.5,0,220,71.0,,60.0,0,0,0,0.0,0.0,,2,0,0,66,0,0,0,145,0,67,0,0,66,0
Kavika Johnson,46384,QB,UTEP,9,33.3,1,330,38.3,68.3,60.0,0,0,1,1.5,1.5,100.0,2,0,0,65,0,0,0,195,1,67,0,0,64,0
Sammie Long IV,47984,WR,COLO STATE,13,54.6,0,144,59.3,,60.6,0,0,0,0.0,0.0,,1,0,0,65,0,0,0,119,0,54,0,0,65,0
Patrick Mekari,46219,G,CAL,9,100.0,0,130,66.2,59.7,66.0,0,0,18,100.0,100.0,100.0,0,0,0,65,0,52,0,65,19,19,3,0,46,10
Jordan Fredrick,19773,WR,WISCONSIN,13,55.6,0,349,68.8,,66.2,0,0,0,0.0,0.0,,0,0,0,65,0,0,0,117,0,52,0,0,65,0
Cody Waldrop,21534,T,S CAROLINA,1,100.0,0,289,55.6,65.8,50.4,0,1,32,100.0,100.0,95.3,0,2,1,65,0,0,0,65,35,35,0,65,30,0
Mikel Horton,28579,HB,KENTUCKY,12,24.6,0,202,62.7,81.8,62.3,0,1,36,25.5,27.6,95.8,1,2,1,65,0,0,0,264,43,156,0,0,22,0
Taj McGowan,39668,HB,UCF,8,30.4,1,323,61.5,64.9,54.3,2,2,36,38.3,38.4,94.4,1,4,0,65,0,0,0,214,38,99,0,0,27,0
Ryan Finley,46426,QB,BOISE ST,3,40.1,0,120,64.7,,60.0,0,0,0,0.0,0.0,,0,0,0,65,0,0,0,162,0,89,0,0,65,0
Jay Jay McCullough,22127,TE,CLEMSON,11,71.4,0,140,54.7,36.6,65.9,0,1,8,25.0,23.5,93.7,0,1,0,65,0,0,0,91,8,34,0,0,57,41
Colby Watson,22132,G,UCF,2,100.0,0,323,66.0,81.7,62.2,0,0,34,100.0,100.0,100.0,0,0,0,65,0,0,0,65,36,36,65,0,29,0
Bryan Holmes,17383,WR,TROY,10,31.0,0,318,59.2,,53.1,0,0,0,0.0,0.0,,1,0,0,65,0,0,0,210,0,145,0,0,65,0
Kyler Neal,45694,HB,GA STATE,11,23.8,0,175,63.5,80.2,65.6,0,1,46,28.2,29.7,98.9,0,1,0,65,0,0,0,273,52,175,0,0,13,2
Joe Salcedo,27343,T,S DIEGO ST,10,100.0,0,284,63.8,82.8,59.5,0,0,12,100.0,100.0,100.0,0,0,0,65,0,0,19,65,13,13,0,32,52,14
David Hood,26498,HB,TEMPLE,10,36.1,0,306,62.2,56.3,67.2,0,6,48,42.9,44.8,93.7,0,6,0,65,0,0,0,180,56,125,0,0,9,0
Trevor Knight,12009,QB,OKLAHOMA,6,50.8,0,261,50.6,,60.0,0,0,0,0.0,0.0,,0,0,0,65,0,0,0,128,0,49,0,0,65,0
Samuel Stewart,44764,HB,RICE,11,30.2,0,275,56.4,53.2,71.2,2,4,47,47.5,47.0,93.6,0,6,0,64,0,0,0,212,47,100,0,0,17,0
Jordan Davis,38301,TE,TEXAS A&M,10,66.7,0,312,57.7,21.9,66.0,0,2,7,19.4,17.9,85.7,0,2,0,64,0,0,0,96,7,39,0,0,57,79
Shawn Abrams,32056,WR,FIU,8,41.0,0,166,57.5,,61.1,0,0,0,0.0,0.0,,0,0,0,64,0,0,0,156,0,92,0,0,64,0
Shon Carson,16370,HB,S CAROLINA,12,32.7,0,289,64.6,39.8,51.5,0,2,24,23.5,23.1,95.8,0,2,0,64,0,0,0,196,24,104,0,0,40,1
TaQuon Marshall,39457,HB,GA TECH,9,65.3,0,176,77.8,45.9,66.8,0,1,4,13.8,13.3,87.5,0,1,0,64,0,0,0,98,4,30,0,0,60,49
K.J. Carta-Samuels,46525,QB,WASHINGTON,8,62.7,0,340,47.4,,60.0,0,0,0,0.0,0.0,,0,0,0,64,0,0,0,102,0,32,0,0,64,0
Reginald Bell,28286,QB,E MICHIGAN,6,38.3,0,160,59.4,,60.1,0,0,0,0.0,0.0,,1,0,0,64,0,0,0,167,0,87,0,0,64,0
Braeden West,38710,HB,SMU,12,27.9,0,287,61.6,72.4,55.5,0,2,36,26.7,28.5,94.4,0,3,1,64,0,0,0,229,41,144,0,0,23,0
Tevita Fonua,25656,C,NEW MEXICO,1,100.0,0,241,65.9,79.3,62.3,0,0,20,100.0,100.0,100.0,0,0,0,64,64,0,0,64,21,21,0,0,43,0
Austin Davis,39377,G,DUKE,6,100.0,0,154,81.6,85.0,80.8,0,0,25,100.0,100.0,100.0,0,0,0,64,0,64,0,64,26,26,0,0,38,0
Paul Pitts III,17390,WR,S DIEGO ST,12,90.1,0,284,60.5,,66.7,0,0,0,0.0,0.0,,0,0,0,64,0,0,0,71,0,7,0,0,64,3
Jamardre Harris-Cobb,26953,FB,ARIZONA,12,87.7,0,109,67.2,24.3,79.1,0,0,4,30.8,35.7,75.0,0,1,1,64,0,0,0,73,5,14,0,0,59,3
Akeel Lynch,45978,HB,PENN STATE,11,33.3,0,266,62.9,61.0,56.0,0,4,44,38.6,40.3,95.5,0,4,0,64,0,0,0,192,48,119,0,0,16,1
Clay Holgorsen,28940,QB,MEMPHIS,4,70.3,0,218,46.8,,60.0,0,0,0,0.0,0.0,,1,0,0,64,0,0,0,91,0,20,0,0,64,0
Anthony Wales,45945,HB,W KENTUCKY,10,14.8,0,346,75.9,42.5,73.5,0,4,50,19.6,19.9,92.0,0,6,2,64,0,0,0,432,53,266,0,0,11,2
Malcolm Robinson,24243,WR,BUFFALO,9,45.3,0,126,52.2,,68.1,0,0,0,0.0,0.0,,1,0,0,63,0,0,0,139,0,73,0,0,63,0
Derek Edinburgh Jr.,23001,T,LA TECH,8,100.0,0,208,64.9,67.3,67.9,0,2,27,100.0,100.0,92.6,0,3,1,63,0,0,63,63,27,27,0,0,36,0
D'Onta Foreman,11844,HB,TEXAS,10,25.3,0,311,78.0,54.0,75.9,1,2,28,24.3,25.2,94.6,0,3,0,63,0,0,0,249,30,119,0,0,33,0
Tim Boyle,21956,QB,UCONN,6,47.7,0,146,56.3,,60.0,0,0,0,0.0,0.0,,1,0,0,63,0,0,0,132,0,67,0,0,63,0
John Robinson-Woodgett,12225,LB,UMASS,8,92.6,0,216,72.0,71.2,73.4,0,1,11,68.8,68.8,95.5,1,1,0,63,0,0,0,68,11,16,0,0,52,4
Sony Michel,27589,HB,GEORGIA,13,13.7,0,173,80.1,61.2,58.1,0,1,36,18.1,17.9,95.8,0,2,1,63,0,0,0,460,37,207,0,0,26,0
Dontavius Blair,19323,T,TENNESSEE,5,100.0,0,307,60.5,7.0,64.2,0,1,10,100.0,100.0,95.0,0,1,0,63,0,0,54,63,10,10,0,9,53,0
George Naufahu,16785,HB,UNLV,8,51.6,0,325,71.4,64.0,53.6,0,0,22,43.1,44.4,95.5,0,1,1,63,0,0,0,122,24,54,0,0,39,0
Tyler Siudzinski,25275,HB,TEXAS ST,9,35.6,0,314,67.5,71.9,70.7,0,0,28,35.0,34.6,96.4,0,1,1,63,0,0,0,177,28,81,0,0,35,0
Emanuel Hall,39533,WR,MISSOURI,11,40.1,0,229,55.7,,54.5,0,0,0,0.0,0.0,,0,0,0,63,0,0,0,157,0,94,0,0,63,0
Traveon Samuel,47615,WR,LOUISVILLE,13,25.4,1,210,64.4,,77.1,0,0,0,0.0,0.0,,1,0,0,63,0,0,0,248,0,180,0,0,63,0
Travis Fulgham,48023,WR,DOMINION,10,32.8,0,263,57.0,,58.8,0,0,0,0.0,0.0,,1,0,0,62,0,0,0,189,0,127,0,0,62,0
Tony Ellison,34830,HB,ARIZONA,6,73.8,0,109,60.9,,73.2,0,0,0,0.0,0.0,,0,0,0,62,0,0,0,84,0,22,0,0,62,0
Jalen McCleskey,47668,WR,OKLA STATE,12,34.4,0,262,77.2,,65.6,0,0,0,0.0,0.0,,0,0,0,62,0,0,0,180,0,114,0,0,62,0
Chris Copier,25664,TE,UTAH ST,6,84.9,0,329,68.4,68.4,63.3,0,1,13,54.2,57.7,96.2,1,1,0,62,0,0,3,73,15,26,0,4,47,55
Christian Cumberlander,39357,WR,S DIEGO ST,11,71.3,0,284,55.1,,66.0,0,0,0,0.0,0.0,,2,0,0,62,0,0,0,87,0,25,0,0,62,6
Donovan Lee,27159,WR,COLORADO,11,24.4,0,143,66.2,47.9,68.5,0,3,20,12.8,14.1,92.5,0,3,0,62,0,0,0,254,23,163,0,0,39,0
Akeem Judd,12294,HB,OLE MISS,13,25.6,0,226,71.1,69.6,62.5,0,1,25,20.2,20.8,98.0,0,1,0,62,0,0,0,242,27,130,0,0,35,1
Daniel Hurd,47599,WR,MEMPHIS,8,68.9,0,218,69.1,,79.7,0,0,0,0.0,0.0,,0,0,0,62,0,0,0,90,0,28,0,0,62,1
Chason Virgil,39592,QB,FRESNO ST,3,48.1,0,169,49.6,,60.0,0,0,0,0.0,0.0,,1,0,0,62,0,0,0,129,0,61,0,0,62,0
Garrett Kidd,18562,WR,NWESTERN,9,50.0,0,256,53.8,,60.3,0,0,0,0.0,0.0,,0,0,0,62,0,0,0,124,0,62,0,0,62,0
Greg Windham,46533,QB,OHIO,10,45.9,0,259,47.1,,60.0,0,0,0,0.0,0.0,,0,0,0,62,0,0,0,135,0,45,0,0,62,0
Josh Pelzel,28047,G,BAYLOR,7,100.0,0,118,73.5,80.0,71.9,0,0,15,100.0,100.0,100.0,0,0,0,62,0,62,0,62,16,16,0,0,46,0
Jamauri Bogan,30634,HB,W MICHIGAN,13,21.5,0,347,73.0,65.4,70.4,0,1,34,38.2,38.3,98.5,0,1,0,61,0,0,0,284,36,94,0,0,25,0
Kelsey Young,11400,HB,BOISE ST,13,24.1,1,120,66.2,58.2,59.4,0,3,44,35.2,34.6,94.3,1,4,1,61,0,0,0,253,46,133,0,0,15,2
Antoinne Jimmerson,18823,HB,N TEXAS,10,29.9,0,251,53.8,53.1,55.0,1,6,43,38.1,38.8,91.9,1,7,0,61,0,0,0,204,45,116,0,0,16,0
Chase Price,11479,HB,S DIEGO ST,14,18.5,0,284,71.1,37.1,56.5,0,4,25,25.5,25.5,92.0,2,4,0,61,0,0,0,330,26,102,0,0,35,0
Deondre Douglas,47445,WR,TROY,12,25.0,0,318,64.4,,90.7,0,0,0,0.0,0.0,,1,0,0,61,0,0,0,244,0,183,0,0,61,0
KJ Malone,46196,T,LSU,4,100.0,0,211,60.0,33.7,71.2,5,1,33,100.0,100.0,90.9,0,6,0,61,0,0,61,61,35,35,0,0,26,0
Jordan Mitchell,34997,WR,SO MISS,11,51.7,0,296,66.4,,62.3,0,0,0,0.0,0.0,,0,0,0,61,0,0,0,118,0,57,0,0,61,0
Joe Lowery,46318,T,OHIO,2,100.0,0,259,78.9,52.7,82.0,0,2,27,100.0,100.0,92.6,0,3,1,61,0,0,43,61,28,28,0,18,33,0
Ray Raulerson,38307,C,TENNESSEE,5,100.0,0,307,66.6,77.8,63.6,0,0,10,100.0,100.0,100.0,0,0,0,61,61,0,0,61,10,10,0,0,51,0
Antonio Messick,34768,WR,GA TECH,5,71.8,0,176,52.4,,61.5,0,0,0,0.0,0.0,,1,0,0,61,0,0,2,85,0,24,0,0,61,0
Rashon Ceaser,11325,WR,LA MONROE,5,27.6,0,209,71.6,,66.2,0,0,0,0.0,0.0,,1,0,0,60,0,0,0,217,0,155,0,0,60,0
Aaron McLean,35035,WR,UCONN,12,54.1,1,146,49.6,,47.9,0,0,0,0.0,0.0,,1,0,0,60,0,0,0,111,0,51,0,0,60,1
Nyiakki Height,17540,WR,GA STATE,7,35.5,0,175,52.7,,52.6,0,0,0,0.0,0.0,,1,0,0,60,0,0,0,169,0,108,0,0,60,0
Jacob August,47276,TE,S CAROLINA,5,77.9,0,289,72.1,55.1,62.8,0,0,9,36.0,37.0,100.0,0,0,0,60,0,0,0,77,10,27,0,0,50,77
Brad Kuh,21716,TE,S JOSE ST,11,77.9,0,285,68.3,67.9,66.6,0,0,2,11.1,10.5,100.0,0,0,0,60,0,0,0,77,2,19,0,0,58,67
Rashaad Penny,27414,HB,S DIEGO ST,14,38.5,0,284,72.1,69.5,62.0,0,0,1,3.0,2.9,100.0,0,0,0,60,0,0,0,156,1,34,0,0,59,31
Darren Arndt,20003,TE,W VIRGINIA,10,93.8,0,343,60.0,69.6,60.8,0,0,6,60.0,60.0,100.0,0,0,0,60,0,0,0,64,6,10,0,0,54,49
Anthony Lauro,23401,WR,AKRON,7,80.0,0,102,56.2,,62.8,0,0,0,0.0,0.0,,0,0,0,60,0,0,0,75,0,15,0,0,60,0
Marcus Allen,23395,FB,GA TECH,9,58.8,0,176,65.4,80.0,58.9,0,0,22,78.6,78.6,95.5,0,1,1,60,0,0,0,102,22,28,0,0,38,0
Jonathan Giles,47416,WR,TEXAS TECH,12,29.4,0,315,66.9,,77.9,0,0,0,0.0,0.0,,0,0,0,60,0,0,0,204,0,144,0,0,60,0
Halen Steward,45636,HB,UTSA,9,92.3,0,331,60.9,78.0,67.0,0,0,8,80.0,80.0,100.0,1,0,0,60,0,0,0,65,8,10,0,0,52,9
Dennis Finley,27176,T,MICH STATE,2,100.0,1,223,66.5,18.4,77.5,0,4,25,100.0,100.0,92.0,1,4,0,59,0,0,59,59,26,26,0,0,33,0
Marcus Outlow,28054,HB,BOSTON COL,10,32.2,0,121,62.2,56.4,61.7,1,1,42,39.6,37.5,95.2,0,3,1,59,0,0,0,183,42,112,0,0,17,1
Lavonte Robinson,45656,FB,E MICHIGAN,11,90.8,0,160,71.3,74.8,72.5,0,0,3,37.5,40.0,100.0,0,0,0,59,0,0,0,65,4,10,0,0,55,6
Austin Grammer,23315,WR,MIDDLE TN,13,38.8,0,224,54.9,76.8,61.3,0,0,2,2.7,2.6,100.0,0,0,0,59,0,0,0,152,2,77,0,0,57,0
Terry Googer,34699,WR,S CAROLINA,10,41.3,0,289,62.9,,68.8,0,0,0,0.0,0.0,,0,0,0,59,0,0,0,143,0,84,0,0,59,0
Ty Slanina,47433,WR,TCU,4,40.1,0,305,65.7,,85.7,0,0,0,0.0,0.0,,0,0,0,59,0,0,0,147,0,87,0,0,59,0
Ben Luckett,45897,HB,LA MONROE,12,23.0,1,209,66.6,44.0,67.2,1,3,23,19.0,18.4,91.3,1,4,0,59,0,0,0,256,23,125,0,0,36,0
Vance Matthews,47432,WR,RUTGERS,9,50.9,0,278,59.1,,74.9,0,0,0,0.0,0.0,,0,0,0,59,0,0,0,116,0,57,0,0,59,0
Fabian Johnson,45853,HB,W MICHIGAN,12,42.4,0,347,59.5,62.6,60.0,1,3,50,42.7,42.9,96.0,0,4,0,59,0,0,0,139,54,126,0,0,5,0
Tyler Grimsley,29032,G,MIAMI FL,1,100.0,0,220,59.4,30.2,68.8,0,2,30,100.0,100.0,96.7,1,2,0,59,0,59,0,59,32,32,0,0,27,0
Michiah Quick,44732,WR,OKLAHOMA,11,32.2,0,261,65.3,67.6,82.8,0,0,1,0.8,2.4,100.0,0,0,0,59,0,0,0,183,3,127,0,0,56,0
Michael Birdsong,25709,QB,MARSHALL,6,33.3,0,214,40.9,,60.0,0,0,0,0.0,0.0,,0,0,0,58,0,0,0,174,0,99,0,0,58,0
Delshawn McClellon,47594,WR,UTAH,9,57.4,0,328,45.3,,59.1,0,0,0,0.0,0.0,,0,0,0,58,0,0,0,101,0,42,0,0,58,1
Deltron Hopkins,47643,WR,APP STATE,6,69.9,0,108,66.7,,73.1,0,0,0,0.0,0.0,,0,0,0,58,0,0,0,83,0,23,0,0,58,0
Jahrvis Davenport,48277,WR,MARYLAND,10,31.4,0,215,57.1,,41.5,0,0,0,0.0,0.0,,1,0,0,58,0,0,0,185,0,126,0,0,58,0
Will Copa,30332,T,TEXAS ST,3,100.0,0,314,62.8,84.8,54.3,0,0,28,100.0,100.0,100.0,0,0,0,58,0,0,29,58,30,30,0,29,28,0
Christian Harris,46371,T,DUKE,4,100.0,0,154,66.1,48.0,66.1,1,0,11,100.0,100.0,95.5,0,1,0,58,0,0,17,58,11,11,0,41,47,0
Dan DiNicola,30342,G,UMASS,1,100.0,0,216,59.3,68.4,57.2,0,3,20,100.0,100.0,92.5,0,3,0,58,0,0,0,58,20,20,58,0,38,0
Ja'Deion High,47486,WR,TEXAS TECH,9,28.2,0,315,58.9,,75.5,0,0,0,0.0,0.0,,0,0,0,58,0,0,0,206,0,148,0,0,58,0
Damon Graham,18376,WR,INDIANA,13,42.6,0,190,63.9,,73.5,0,0,0,0.0,0.0,,0,0,0,58,0,0,0,136,0,78,0,0,58,1
Deionte Gaines,39608,WR,COLO STATE,10,31.5,0,144,62.6,,69.6,0,0,0,0.0,0.0,,1,0,0,58,0,0,0,184,0,113,0,0,58,1
Kelby Johnson,11321,T,LOUISVILLE,7,100.0,0,210,65.9,41.2,68.4,0,1,21,100.0,100.0,92.9,0,2,1,58,0,0,22,58,22,22,0,26,36,10
Roderick Proctor,47613,WR,MEMPHIS,11,34.3,0,218,73.9,,70.5,0,0,0,0.0,0.0,,3,0,0,58,0,0,0,169,0,109,0,0,58,0
Kenric Young,26589,WR,UTAH,10,69.5,0,328,63.8,,86.1,0,0,0,0.0,0.0,,0,0,0,57,0,0,0,82,0,25,0,0,57,0
Quan Jones,47801,WR,BAYLOR,5,71.3,0,118,62.5,,60.9,0,0,0,0.0,0.0,,0,0,0,57,0,0,0,80,0,23,0,0,57,0
Tim Gay,19366,LB,TEXAS ST,7,83.8,0,314,62.5,37.4,58.1,0,1,6,40.0,37.5,91.7,0,1,0,57,0,0,0,68,6,16,0,0,51,38
DeAnthony Arnett,17157,WR,MICH STATE,10,50.9,0,223,65.7,,59.4,0,0,0,0.0,0.0,,0,0,0,57,0,0,0,112,0,54,0,0,57,0
Austin Hays,47659,WR,OKLA STATE,12,23.8,0,262,61.4,47.6,65.4,0,0,1,0.6,0.5,100.0,0,0,0,57,0,0,0,239,1,183,0,0,56,0
Jack Milas,22500,QB,BALL ST,4,41.6,0,117,40.7,,60.0,0,0,0,0.0,0.0,,0,0,0,57,0,0,0,137,0,74,0,0,57,0
Russell Hansbrough,10933,HB,MISSOURI,11,18.9,0,229,67.3,36.3,70.6,2,3,42,24.9,25.3,94.0,0,5,0,57,0,0,0,301,45,178,0,0,12,0
Joe Stocstill,23726,TE,TENNESSEE,9,90.5,0,307,58.6,68.4,67.2,0,0,3,33.3,33.3,100.0,0,0,0,57,0,0,0,63,3,9,0,0,54,56
Josh Marriner,27232,HB,UCONN,11,50.0,0,146,59.7,26.3,62.6,0,4,18,31.6,31.0,83.3,2,5,1,57,0,0,0,114,18,58,0,0,39,11
D'Andre Ferby,27392,HB,W KENTUCKY,13,15.6,0,346,66.2,70.4,55.8,0,3,44,24.2,23.5,96.6,1,3,0,57,0,0,0,365,44,187,0,0,13,1
Kalvin Cline,38324,TE,VA TECH,9,64.0,0,337,66.0,71.8,64.6,0,0,4,11.8,11.1,100.0,0,0,0,57,0,0,0,89,4,36,0,0,53,35
Curtis Anderson III,39341,WR,S DIEGO ST,7,83.8,0,284,51.7,,53.8,0,0,0,0.0,0.0,,1,0,0,57,0,0,0,68,0,11,0,0,57,8
Jesse Freeman,30324,G,LA LAFAYET,3,100.0,0,207,46.5,23.9,59.2,0,2,26,100.0,100.0,92.3,2,3,1,56,0,56,0,56,28,28,0,0,28,0
Lorenzo Nunez,39564,QB,S CAROLINA,8,32.4,1,289,60.6,,60.0,0,0,0,0.0,0.0,,1,0,0,56,0,0,0,173,0,68,0,0,56,0
Myles Washington,45929,HB,KENT STATE,4,52.8,0,201,55.1,78.9,50.3,0,1,24,61.5,59.5,97.9,1,1,0,56,0,0,0,106,25,42,0,0,31,0
Nick Allegretti,39268,C,ILLINOIS,4,100.0,0,187,64.2,84.0,58.3,0,0,31,100.0,100.0,100.0,0,0,0,56,44,12,0,56,32,32,0,0,24,0
Drake Harris,47920,WR,MICHIGAN,8,46.7,0,222,54.9,,57.0,0,0,0,0.0,0.0,,1,0,0,56,0,0,0,120,0,64,0,0,56,0
Sabian Holmes,16338,WR,TEXAS A&M,10,47.9,0,312,52.6,,60.7,0,0,0,0.0,0.0,,0,0,0,56,0,0,0,117,0,61,0,0,56,0
Chris Lacy,29726,WR,OKLA STATE,9,49.1,0,262,64.5,,67.5,0,0,0,0.0,0.0,,0,0,0,56,0,0,0,114,0,58,0,0,56,0
Tyler O'Connor,46460,QB,MICH STATE,4,58.3,0,223,60.1,,60.2,0,0,0,0.0,0.0,,0,0,0,56,0,0,0,96,0,30,0,0,56,0
Richard Wilson,27987,HB,BOSTON COL,9,60.2,0,121,69.2,80.4,69.2,0,0,8,42.1,45.5,100.0,0,0,0,56,0,0,0,93,10,22,0,0,46,10
Jeremy Cox,46004,HB,DOMINION,10,21.8,0,263,71.6,88.5,66.4,0,1,37,23.0,23.8,98.6,0,1,0,56,0,0,0,257,40,168,0,0,16,0
Leonard Ross,37296,HB,MIAMI OH,9,42.4,0,221,55.5,69.7,61.0,1,2,41,68.3,67.2,96.3,0,3,0,56,0,0,0,132,41,61,0,0,15,0
Semisi Uluave,46831,G,CAL,5,100.0,0,130,65.4,83.2,62.6,0,0,21,100.0,100.0,100.0,0,0,0,56,0,0,0,56,21,21,56,0,35,0
Alex Nielsen,22980,G,KENT STATE,2,100.0,0,201,54.8,24.0,57.6,0,1,21,100.0,100.0,97.6,0,1,0,56,0,0,0,56,22,22,56,0,34,0
Tad France,22920,C,KENT STATE,2,100.0,0,201,71.5,80.3,67.0,0,0,21,100.0,100.0,100.0,0,0,0,56,56,0,0,56,22,22,0,0,34,0
Kevin Davis,48294,WR,E MICHIGAN,10,42.3,1,160,46.2,,59.0,0,0,0,0.0,0.0,,2,0,0,55,0,0,0,130,0,75,0,0,55,0
Justin Berger,11493,WR,WYOMING,7,76.4,0,351,67.4,,60.6,0,0,0,0.0,0.0,,0,0,0,55,0,0,0,72,0,16,0,0,55,0
Flynn Nagel,48118,WR,NWESTERN,5,65.5,0,256,61.2,,61.5,0,0,0,0.0,0.0,,0,0,0,55,0,0,0,84,0,29,0,0,55,0
Delton Williams,45637,HB,MICH STATE,9,44.0,0,223,54.8,80.0,66.1,0,0,43,51.8,50.6,97.7,0,1,1,55,0,0,0,125,44,87,0,0,11,0
Tanner Thrift,46708,G,BAYLOR,5,100.0,0,118,60.7,80.1,58.0,0,0,18,100.0,100.0,100.0,0,0,0,55,0,40,1,55,18,18,7,7,37,0
Xavier Hall,38027,HB,NEW MEX ST,9,35.3,0,242,62.1,77.5,57.8,0,1,46,46.9,47.0,98.9,0,1,0,55,0,0,0,156,47,100,0,0,8,0
Cole Ford,36232,TE,UTEP,9,39.6,0,330,54.4,71.2,70.5,0,0,6,7.1,6.7,100.0,0,0,0,55,0,0,1,139,6,90,0,0,49,78
Lee Walker,12476,WR,COLORADO,9,48.7,0,143,55.8,,84.2,0,0,0,0.0,0.0,,0,0,0,55,0,0,0,113,0,58,0,0,55,0
Alvonta Jenkins,37885,WR,MIAMI OH,9,62.5,0,221,58.8,,71.9,0,0,0,0.0,0.0,,0,0,0,55,0,0,0,88,0,33,0,0,55,0
Sean Avant,48287,WR,SYRACUSE,8,55.6,0,304,62.4,,74.2,0,0,0,0.0,0.0,,0,0,0,55,0,0,0,99,0,45,0,0,55,0
Andre Flakes,45922,WR,TROY,12,23.6,0,318,51.0,69.3,71.0,0,1,20,16.3,17.8,97.5,0,1,0,54,0,0,0,229,23,129,0,0,31,0
Ish Witter,45834,HB,MISSOURI,12,16.9,0,229,56.8,55.6,56.0,2,1,30,18.6,19.4,95.0,0,3,0,54,0,0,0,320,33,170,0,0,21,0
Eason Fromayan,46240,T,GA TECH,5,100.0,0,176,68.4,78.8,64.9,0,0,11,100.0,100.0,100.0,0,0,0,54,0,0,9,54,11,11,0,43,43,2
Nicholas Pletschette,25565,TE,TEXAS ST,6,63.5,0,314,50.4,61.5,48.6,0,1,7,19.4,20.5,92.9,0,1,0,54,0,0,0,85,8,39,0,0,46,65
Dami Ayoola,25379,HB,S ALABAMA,12,46.2,0,288,55.1,73.6,63.7,2,1,42,66.7,65.2,96.4,2,3,0,54,0,0,0,117,43,66,0,0,11,0
Darrius Sims,25021,WR,VANDERBILT,11,34.0,0,333,64.2,21.2,60.0,0,1,1,1.7,1.6,50.0,0,1,0,54,0,0,0,159,1,62,0,0,53,0
Coleman Key,27027,QB,COLO STATE,6,48.6,0,144,42.6,,60.0,0,0,0,0.0,0.0,,1,0,0,54,0,0,0,111,0,54,0,0,54,0
Herman Brunis,39150,WR,OHIO,8,58.7,0,259,61.2,,59.3,0,0,0,0.0,0.0,,0,0,0,54,0,0,0,92,0,38,0,0,54,0
Jordan Lasley,48202,WR,UCLA,10,51.4,0,324,54.1,,61.4,0,0,0,0.0,0.0,,1,0,0,54,0,0,0,105,0,50,0,0,54,0
Devon Johnson,11009,HB,MARSHALL,7,22.0,0,214,66.3,83.8,69.3,0,1,40,30.5,29.0,98.7,0,1,0,54,0,0,0,246,40,138,0,0,14,0
Garrett Campbell,31663,G,CINCINNATI,4,100.0,0,138,73.8,81.7,71.5,0,0,13,100.0,100.0,100.0,0,0,0,54,4,50,0,54,13,13,0,0,41,0
Shaun Wick,20099,HB,WYOMING,4,40.6,0,351,54.1,83.1,67.5,0,2,34,50.0,51.4,97.1,0,2,0,54,0,0,0,133,38,74,0,0,16,0
Ryan Garrey,19365,WR,TEXAS ST,11,28.7,0,314,59.3,,64.6,0,0,0,0.0,0.0,,0,0,0,54,0,0,0,188,0,134,0,0,54,0
Todd Boyd,47841,WR,GA STATE,13,21.3,0,175,61.2,,51.2,0,0,0,0.0,0.0,,0,0,0,54,0,0,0,254,0,199,0,0,54,0
Myles Gaskin,45914,HB,WASHINGTON,13,12.6,0,340,91.2,80.5,59.8,0,1,36,21.1,21.4,95.8,0,2,1,53,0,0,0,419,37,173,0,0,16,0
Tyrone Owens,45969,HB,NEW MEXICO,12,57.6,0,241,53.5,79.9,58.8,0,0,7,33.3,31.8,100.0,0,0,0,53,0,0,0,92,7,22,0,0,46,0
J.B. Butler,29441,C,NWESTERN,2,100.0,1,256,57.8,78.2,56.7,0,0,8,100.0,100.0,100.0,2,0,0,53,53,0,0,53,8,8,0,0,45,0
Clavion Nelson,39275,T,USF,4,100.0,0,327,73.2,81.5,68.7,0,0,16,100.0,100.0,100.0,0,0,0,53,0,0,0,53,16,16,0,53,37,0
Nick McLaughlin,22091,HB,TROY,5,81.5,0,318,64.0,75.7,59.4,0,0,9,42.9,45.5,100.0,0,0,0,53,0,0,0,65,10,22,0,0,43,35
Desmond Maxwell,47219,TE,W KENTUCKY,14,85.5,0,346,58.2,78.2,56.4,0,0,7,43.8,47.1,100.0,0,0,0,53,0,0,0,62,8,17,0,0,45,4
Bobby Thompson,19345,G,TCU,4,100.0,0,305,79.8,81.2,82.5,1,0,12,100.0,100.0,95.8,2,1,0,53,0,53,0,53,12,12,0,0,41,0
Charles Scarff,26892,TE,RUTGERS,12,30.6,0,278,57.3,74.3,54.3,0,0,13,10.2,9.8,100.0,2,0,0,53,0,0,0,173,13,133,0,0,40,151
Romar Morris,11415,HB,N CAROLINA,12,54.1,0,245,69.6,78.9,62.7,0,0,10,23.3,23.9,100.0,0,0,0,53,0,0,0,98,11,46,0,0,42,0
Kyle Riddering,47289,TE,FRESNO ST,9,80.0,0,169,54.8,,63.5,0,0,0,0.0,0.0,,1,0,0,52,0,0,0,65,0,13,0,1,52,62
Daniel Lasco,10871,HB,CAL,8,26.9,0,130,70.2,78.5,71.5,0,0,42,38.2,36.8,100.0,0,0,0,52,0,0,0,193,43,117,0,0,9,0
Isaiah Harper,47480,WR,DOMINION,9,40.3,0,263,48.3,,60.7,0,0,0,0.0,0.0,,0,0,0,52,0,0,0,129,0,77,0,0,52,0
Mike Boone,31615,HB,CINCINNATI,11,19.8,0,138,83.2,37.4,58.0,2,1,39,28.1,28.6,91.0,0,5,2,52,0,0,0,263,42,147,0,0,10,0
Foster Sawyer,13010,QB,TCU,4,52.5,0,305,41.3,,60.3,0,0,0,0.0,0.0,,0,0,0,52,0,0,0,99,0,39,0,0,52,0
Greg McKillion,48142,WR,MEMPHIS,4,81.3,0,218,66.9,,78.9,0,0,0,0.0,0.0,,0,0,0,52,0,0,0,64,0,11,0,0,52,0
LeShun Daniels,26758,HB,IOWA,12,22.3,0,192,68.9,78.9,59.9,1,0,29,47.5,46.2,98.3,0,1,0,52,0,0,0,233,30,65,0,0,22,0
Taz Zettergren,47395,TE,OLE MISS,9,65.0,0,226,71.1,72.6,75.6,0,0,11,30.6,31.7,100.0,0,0,0,52,0,0,0,80,13,41,0,0,39,54
Nick Patti,46582,WR,UCF,12,17.7,1,323,49.1,,60.7,0,0,0,0.0,0.0,,2,0,0,52,0,0,0,293,0,211,0,0,52,1
Madison Malone,28069,T,APP STATE,5,100.0,0,108,61.7,6.0,64.7,1,1,6,100.0,100.0,83.3,0,2,0,52,0,0,1,52,6,6,0,51,46,0
Will Steur,46834,G,CINCINNATI,3,100.0,0,138,73.2,81.9,71.4,0,0,12,100.0,100.0,100.0,0,0,0,52,0,14,0,52,12,12,38,0,40,0
Tyler Baker,16775,WR,WASH STATE,13,24.8,0,341,55.2,,73.1,0,0,0,0.0,0.0,,0,0,0,52,0,0,0,210,0,158,0,0,52,0
Nick Holley,47688,HB,KENT STATE,3,45.2,0,201,76.0,68.3,55.7,0,1,26,50.0,50.0,98.1,0,1,0,52,0,0,0,115,26,52,0,0,26,0
Aaron Duckworth,45803,HB,IDAHO,11,27.4,0,185,54.5,76.0,57.9,0,1,35,38.9,37.6,98.6,0,1,0,51,0,0,0,186,35,93,0,0,16,1
Zach Harmon,46029,C,DUKE,4,100.0,0,154,73.6,79.1,69.0,0,0,10,100.0,100.0,100.0,0,0,0,51,51,0,0,51,10,10,0,0,41,0
Kyle Pohl,16451,QB,AKRON,5,60.7,0,102,61.3,,60.0,0,0,0,0.0,0.0,,1,0,0,51,0,0,0,84,0,29,0,0,51,0
Jameer Outsey,36080,TE,IOWA,7,83.6,0,192,77.2,67.4,71.6,0,0,3,23.1,23.1,100.0,1,0,0,51,0,0,0,61,3,13,0,0,48,59
Colby Meeks,46109,G,COLO STATE,5,100.0,0,144,62.2,58.1,61.8,0,0,16,100.0,100.0,100.0,0,0,0,51,0,48,0,51,17,17,3,0,34,0
Jamarco Jones,46226,T,OHIO STATE,7,100.0,0,260,86.4,78.7,82.4,0,0,14,100.0,100.0,100.0,0,0,0,51,0,0,31,51,15,15,0,20,36,0
Cody Conway,46284,T,SYRACUSE,6,100.0,0,304,65.3,78.8,60.1,0,1,21,100.0,100.0,97.6,0,1,0,51,0,0,51,51,21,21,0,0,30,0
Conner Trent,29037,G,MIDDLE TN,3,100.0,0,224,79.9,76.9,78.4,0,0,7,100.0,100.0,100.0,0,0,0,51,0,0,0,51,7,7,51,0,44,0
Quinton White Jr.,25349,HB,TEXAS TECH,7,52.0,0,315,56.6,81.5,43.2,0,0,11,23.4,25.5,100.0,0,0,0,51,0,0,0,98,13,51,0,0,38,10
Blair Roberts,25011,WR,DOMINION,3,55.4,0,263,49.0,,50.5,0,0,0,0.0,0.0,,0,0,0,51,0,0,0,92,0,41,0,0,51,0
Chris Carter,46512,QB,ARMY,2,44.3,0,114,64.7,,60.0,0,0,0,0.0,0.0,,0,0,0,51,0,0,0,115,0,28,0,0,51,0
Johntre' Goudy,23818,FB,SO MISS,5,94.4,0,296,66.8,70.7,65.9,0,0,6,75.0,70.0,100.0,0,0,0,51,0,0,0,54,7,10,0,0,44,36
Curtis Rainey,46687,C,GA SOUTHRN,8,100.0,0,174,70.8,14.7,69.0,0,1,3,100.0,100.0,83.3,0,1,0,51,51,0,0,51,3,3,0,0,48,0
Will Ash,23018,G,KANSAS ST,5,100.0,0,199,64.2,67.4,68.4,0,0,23,100.0,100.0,100.0,1,0,0,51,0,51,0,51,24,24,0,0,27,0
Taytoyn Montgomery,32936,WR,WYOMING,8,63.8,0,351,50.1,,57.6,0,0,0,0.0,0.0,,0,0,0,51,0,0,0,80,0,29,0,0,51,0
Shane Cockerille,50875,FB,MARYLAND,10,53.7,0,215,59.1,73.5,62.6,0,0,2,6.3,6.1,100.0,2,0,0,51,0,0,0,95,2,33,0,0,49,7
Chris Black,47568,WR,ALABAMA,7,58.6,0,103,52.8,63.9,59.4,0,0,1,2.7,2.7,100.0,0,0,0,51,0,0,0,87,1,37,0,0,50,1
Eric Cooper,47995,WR,C MICHIGAN,13,45.5,0,134,65.4,,52.6,0,0,0,0.0,0.0,,1,0,0,51,0,0,0,112,0,60,0,0,51,1
Clayton Glasper,48072,WR,N ILLINOIS,8,68.9,0,254,46.1,,61.6,0,0,0,0.0,0.0,,0,0,0,51,0,0,0,74,0,23,0,0,51,0
Xzaviar Campbell,13959,HB,UNLV,12,26.8,0,325,70.7,74.3,64.4,0,0,25,35.7,35.5,100.0,0,0,0,51,0,0,0,190,27,76,0,0,24,0
Parker Osterloh,39213,G,VA TECH,8,100.0,0,337,77.2,82.6,75.8,0,0,16,100.0,100.0,100.0,0,0,0,51,0,28,1,51,16,16,22,0,35,0
Zaquon Tyson,47591,WR,KENT STATE,8,49.0,0,201,52.0,,63.7,0,0,0,0.0,0.0,,1,0,0,50,0,0,0,102,0,52,0,0,50,0
Jonathan Lytle,16123,FB,GA STATE,11,96.2,0,175,60.1,72.2,59.9,0,0,6,85.7,85.7,100.0,0,0,0,50,0,0,0,52,6,7,0,0,44,15
Ron Johnson,45795,HB,UCONN,12,24.6,0,146,50.7,18.5,67.9,3,2,29,33.0,33.3,87.9,1,6,1,50,0,0,0,203,31,93,0,0,19,0
Boone Niederhofer,21514,WR,TEXAS A&M,9,53.2,0,312,54.7,,72.8,0,0,0,0.0,0.0,,0,0,0,50,0,0,0,94,0,44,0,0,50,0
Brandon Godfrey,26682,G,TULANE,7,100.0,0,319,58.6,17.8,63.7,0,1,16,100.0,100.0,90.6,0,2,1,50,0,0,0,50,16,16,45,0,34,5
David Ajamu,47132,TE,WASHINGTON,4,90.9,0,340,56.4,70.8,56.6,0,0,6,60.0,54.5,100.0,0,0,0,50,0,0,0,55,6,11,0,1,44,47
Hunter Bivin,23299,T,NOTRE DAME,5,100.0,0,258,71.5,62.0,70.1,0,0,11,100.0,100.0,100.0,0,0,0,50,0,0,47,50,12,12,0,3,38,0
Lemaefe Galea'i,46786,G,OKLA STATE,3,100.0,0,262,79.1,49.3,79.2,0,1,13,100.0,100.0,96.2,0,1,0,50,0,0,0,50,14,14,24,26,36,0
Marcus McMaryion,29810,QB,OREGON ST,7,35.7,0,265,62.2,,60.0,0,0,0,0.0,0.0,,0,0,0,50,0,0,0,140,0,86,0,0,50,0
Patrick Carr,34491,HB,COLORADO,10,31.6,0,143,70.0,66.3,57.4,1,2,32,45.1,47.3,95.3,0,3,0,50,0,0,0,158,35,74,0,0,15,0
Zack Oliver,18691,QB,NWESTERN,6,42.0,0,256,35.7,,60.0,0,0,0,0.0,0.0,,0,0,0,50,0,0,0,119,0,66,0,0,50,0
Mitch Trubisky,11757,QB,N CAROLINA,9,43.5,0,245,91.2,,60.0,0,0,0,0.0,0.0,,0,0,0,50,0,0,0,115,0,52,0,0,50,0
Zach Austin,30320,WR,TEXAS TECH,6,27.2,0,315,78.5,33.0,89.0,0,1,1,0.8,0.7,50.0,0,1,0,50,0,0,0,184,1,135,0,0,49,1
Addison Ooms,28209,C,CAL,3,100.0,0,130,68.8,81.0,64.5,0,0,21,100.0,100.0,100.0,0,0,0,50,50,0,0,50,21,21,0,0,29,0
Justin Goodwin,45707,HB,RUTGERS,12,24.9,0,278,60.9,63.2,73.4,1,2,44,25.6,26.3,94.3,2,4,1,49,0,0,0,197,49,186,0,0,0,1
Erick Wren,32654,C,OKLAHOMA,3,100.0,0,261,67.9,63.8,66.0,0,1,20,100.0,100.0,97.5,0,1,0,49,49,0,0,49,22,22,0,0,27,0
John Fadule,35420,QB,BOSTON COL,3,28.7,0,121,59.0,,60.0,0,0,0,0.0,0.0,,0,0,0,49,0,0,0,171,0,100,0,0,49,0
Harry Black,28652,C,ILLINOIS,3,100.0,0,187,63.8,73.5,61.0,0,1,20,100.0,100.0,97.5,0,1,0,49,49,0,0,49,20,20,0,0,29,0
Jae'Lon Oglesby,38682,WR,MEMPHIS,8,34.0,0,218,79.8,,65.3,0,0,0,0.0,0.0,,0,0,0,49,0,0,0,144,0,88,0,0,49,0
Zach Challingsworth,39702,WR,PITTSBURGH,10,25.7,0,268,65.1,,70.2,0,0,0,0.0,0.0,,0,0,0,49,0,0,0,191,0,142,0,0,49,0
J.P. Caruso,27814,QB,APP STATE,6,61.3,0,108,80.5,,60.0,0,0,0,0.0,0.0,,0,0,0,49,0,0,0,80,0,12,0,0,49,0
Tre Watson,45730,HB,CAL,11,17.9,0,130,82.4,63.5,55.4,1,1,37,22.4,23.9,97.3,1,2,0,49,0,0,0,273,42,176,0,0,7,1
Devine Ozigbo,45903,HB,NEBRASKA,9,34.3,0,238,67.9,69.2,66.7,0,2,25,32.5,32.9,96.0,0,2,0,49,0,0,0,143,27,82,0,0,22,0
Marquis Young,45950,HB,UMASS,12,16.8,1,216,71.6,74.7,57.7,0,1,38,31.1,31.3,98.7,1,1,0,49,0,0,0,292,40,128,0,0,9,1
Malik Zaire,46634,QB,NOTRE DAME,2,45.4,0,258,87.2,,60.0,0,0,0,0.0,0.0,,1,0,0,49,0,0,0,108,0,44,0,0,49,0
Jimmy Rousher,23130,DI,MIAMI OH,2,100.0,1,221,59.3,63.8,63.0,1,0,21,100.0,100.0,97.6,1,1,0,49,0,49,0,49,23,23,0,0,26,0
DaQuan Barnes,22592,WR,E CAROLINA,8,35.3,0,156,52.6,,71.0,0,0,0,0.0,0.0,,0,0,0,49,0,0,0,139,0,90,0,0,49,0
Nick Hart,47292,TE,MINNESOTA,8,47.1,0,225,67.6,39.7,69.5,1,0,5,8.5,8.3,90.0,0,1,0,49,0,0,0,104,5,60,0,0,44,68
Chris Montgomery,47428,WR,CHARLOTTE,8,51.0,0,136,53.1,,69.8,0,0,0,0.0,0.0,,0,0,0,49,0,0,0,96,0,44,0,0,49,0
Tony Thomas,47456,WR,FAU,12,50.0,0,165,47.9,,51.3,0,0,0,0.0,0.0,,0,0,0,49,0,0,0,98,0,49,0,0,49,0
Nelson Fishback,17115,QB,W KENTUCKY,7,83.1,0,346,88.7,,60.0,0,0,0,0.0,0.0,,0,0,0,49,0,0,0,59,0,8,0,0,49,0
Randal Agee,19135,G,SO MISS,5,100.0,0,296,79.2,59.3,78.7,0,1,7,100.0,100.0,92.9,0,1,0,49,0,47,0,49,9,9,2,0,40,0
Christian Blake,47900,WR,N ILLINOIS,9,48.5,0,254,52.2,,69.1,0,0,0,0.0,0.0,,0,0,0,49,0,0,0,101,0,52,0,0,49,0
Connor Arlia,18293,WR,KENT STATE,7,47.1,0,201,56.9,,72.3,0,0,0,0.0,0.0,,0,0,0,49,0,0,0,104,0,55,0,0,49,0
Josh Boyle,18439,WR,KENT STATE,5,63.2,0,201,48.6,,60.2,0,0,0,0.0,0.0,,1,0,0,48,0,0,0,76,0,28,0,0,48,0
Jordan Frazier,47335,TE,OKLA STATE,7,84.2,0,262,60.5,74.4,60.2,0,0,4,30.8,35.7,100.0,0,0,0,48,0,0,0,57,5,14,0,0,43,30
Daronte Bouldin,26689,G,OLE MISS,3,100.0,0,226,78.5,76.8,77.0,0,0,5,100.0,100.0,100.0,1,0,0,48,0,0,0,48,5,5,48,0,43,0
Jarvis Cooper,28872,HB,MEMPHIS,12,24.4,0,218,60.6,54.6,73.4,0,1,14,20.0,23.3,96.4,0,1,0,48,0,0,0,197,17,73,0,0,31,2
De'Andre Mann,20076,HB,KANSAS,11,19.7,0,198,63.6,68.6,56.5,0,3,35,23.8,23.6,95.7,0,3,0,48,0,0,0,244,35,148,0,0,13,0
Doni Dowling,48214,WR,VIRGINIA,8,50.0,0,335,51.4,,71.5,0,0,0,0.0,0.0,,1,0,0,48,0,0,0,96,0,48,0,0,48,1
Ryan Timmons,47565,WR,KENTUCKY,11,23.8,0,202,56.3,,75.1,0,0,0,0.0,0.0,,1,0,0,48,0,0,0,202,0,152,0,0,48,0
Dallas Davis,13241,QB,S ALABAMA,5,54.5,0,288,48.9,,60.0,0,0,0,0.0,0.0,,0,0,0,48,0,0,0,88,0,34,0,0,48,0
George Maumau,16917,TE,COLO STATE,9,94.1,0,144,70.1,75.1,70.2,0,0,3,50.0,50.0,100.0,0,0,0,48,0,0,0,51,3,6,0,0,45,1
Khalfani Muhammad,11996,HB,CAL,12,16.7,0,130,74.6,88.2,55.3,0,0,36,20.0,20.1,100.0,0,0,0,48,0,0,0,288,38,189,0,0,10,0
Malcolm Lewis,47949,WR,MIAMI FL,10,41.4,0,220,53.7,,67.7,0,0,0,0.0,0.0,,0,0,0,48,0,0,0,116,0,67,0,0,48,0
Michael Chigbu,48086,WR,GEORGIA,9,56.5,0,173,56.4,,56.7,0,0,0,0.0,0.0,,0,0,0,48,0,0,0,85,0,37,0,0,48,0
Jordan Parker,18614,HB,MIDDLE TN,11,15.8,0,224,62.4,60.3,57.8,0,1,28,16.5,17.3,94.6,0,2,1,48,0,0,0,303,31,179,0,0,17,0
DaMarkus Lodge,47858,WR,OLE MISS,5,72.7,0,226,68.5,,79.9,0,0,0,0.0,0.0,,0,0,0,48,0,0,0,66,0,18,0,0,48,0
Darryl Richards,48179,WR,TOLEDO,7,61.5,0,316,60.5,,62.4,0,0,0,0.0,0.0,,0,0,0,48,0,0,0,78,0,30,0,0,48,0
Anthony Scott,45935,HB,E CAROLINA,10,30.6,0,156,62.6,82.4,73.2,0,0,23,28.8,29.8,100.0,0,0,0,48,0,0,0,157,25,84,0,0,23,0
Shane Tucker,23213,HB,MIDDLE TN,11,16.1,0,224,60.5,87.3,46.5,0,0,23,16.1,16.9,100.0,0,0,0,48,0,0,0,299,25,148,0,0,23,5
Thomas Stuart,46486,QB,BOISE ST,8,47.0,0,120,68.2,,60.0,0,0,0,0.0,0.0,,0,0,0,47,0,0,0,100,0,28,0,0,47,0
David Lucero,26726,TE,BOISE ST,9,64.4,0,120,56.4,,45.2,0,0,0,0.0,0.0,,0,0,0,47,0,0,0,73,0,26,0,0,47,46
Vic Enwere,45746,HB,CAL,11,19.5,0,130,86.8,87.0,56.0,0,0,32,28.8,27.5,96.9,0,1,1,47,0,0,0,241,33,120,0,0,14,0
Aubrey Duty-Tyson,37576,HB,AIR FORCE,5,64.4,0,101,49.2,74.9,68.4,0,0,4,66.7,66.7,100.0,0,0,0,47,0,0,0,73,4,6,0,0,43,0
Aaron Bennett,18450,T,KANSAS ST,3,100.0,0,199,90.4,74.1,88.3,0,1,14,100.0,100.0,96.4,0,1,0,47,0,0,0,47,15,15,0,47,32,0
Daniel Siller,19666,WR,UTEP,9,75.8,0,330,57.2,,72.4,0,0,0,0.0,0.0,,0,0,0,47,0,0,0,62,0,15,0,0,47,0
Fred McRae IV,22991,WR,MIAMI OH,7,42.3,0,221,46.9,,64.0,0,0,0,0.0,0.0,,0,0,0,47,0,0,0,111,0,62,0,0,47,2
Derrick Mitchell Jr.,28650,HB,IOWA,10,26.7,0,192,65.9,46.0,57.1,0,5,36,27.3,26.2,90.3,0,6,1,47,0,0,0,176,37,141,0,0,10,0
Cam Hilton,49325,WR,MISSOURI,8,40.5,0,229,75.7,,69.9,0,0,0,0.0,0.0,,1,0,0,47,0,0,0,116,0,69,0,0,47,0
Kyle Sweet,47717,WR,WASH STATE,10,20.1,0,341,53.3,,35.5,0,0,0,0.0,0.0,,1,0,0,47,0,0,0,234,0,187,0,0,47,0
Gabe Schrade,47332,TE,TEXAS ST,6,69.1,0,314,59.4,72.4,58.5,0,0,11,35.5,34.4,100.0,0,0,0,47,0,0,0,68,11,32,0,0,36,46
Tony Pittman,32183,HB,MARSHALL,5,30.1,0,214,64.0,81.3,80.4,0,2,33,45.2,45.5,97.0,0,2,0,47,0,0,0,156,35,77,0,0,12,0
Chris James,38573,HB,PITTSBURGH,10,29.2,0,268,56.3,64.6,80.0,0,1,25,31.3,31.7,94.0,1,2,1,47,0,0,0,161,26,82,0,0,21,4
Orlando Bradford,34868,HB,ARIZONA,8,39.2,0,109,68.5,83.1,61.2,0,0,20,45.5,46.7,100.0,0,0,0,47,0,0,0,120,21,45,0,0,26,0
Dwayne Washington,10870,HB,WASHINGTON,8,18.8,0,340,63.3,48.3,57.4,0,3,36,19.6,19.4,93.1,1,4,1,47,0,0,0,250,37,191,0,0,10,2
Tye Turner,17749,FB,USF,9,92.2,0,327,57.5,13.9,68.1,0,1,2,33.3,33.3,75.0,1,1,0,47,0,0,0,51,2,6,0,0,45,14
Abraham Mendivil,26989,HB,ARIZONA,5,83.6,0,109,62.7,,81.3,0,0,0,0.0,0.0,,0,0,0,46,0,0,0,55,0,9,0,0,46,0
Cullen Casey,44765,T,DOMINION,3,100.0,0,263,60.7,49.1,64.0,0,3,28,100.0,100.0,91.1,0,4,1,46,0,10,15,46,30,30,0,21,16,0
Kaige Lawrence,16987,G,ARIZONA,5,100.0,0,109,63.4,78.7,61.3,0,0,12,100.0,100.0,100.0,0,0,0,46,0,46,0,46,13,13,0,0,33,0
Remi Watson,18224,HB,MARSHALL,9,24.5,0,214,73.3,72.6,60.5,1,1,37,39.4,39.0,97.3,0,2,0,46,0,0,0,188,39,100,0,0,7,0
Jordan Franks,47206,WR,UCF,10,18.3,2,323,56.0,,59.4,0,0,0,0.0,0.0,,2,0,0,46,0,0,0,252,0,206,0,0,46,1
Trae Hart,47661,WR,PURDUE,6,50.0,0,273,52.8,,62.0,0,0,0,0.0,0.0,,0,0,0,46,0,0,0,92,0,46,0,0,46,10
Chad Voytik,46471,QB,PITTSBURGH,7,49.5,0,268,50.2,,60.0,0,0,0,0.0,0.0,,0,0,0,46,0,0,0,93,0,32,0,0,46,0
Lance Wright,45066,WR,RICE,3,51.7,0,275,60.4,,81.6,0,0,0,0.0,0.0,,0,0,0,46,0,0,0,89,0,43,0,0,46,0
Ramadi Warren,26799,HB,TULSA,8,30.9,0,320,71.6,35.2,56.1,0,3,32,50.8,53.6,92.2,0,4,1,46,0,0,0,149,37,69,0,0,9,0
Chris Hill,47391,TE,COLORADO,10,83.6,0,143,69.5,64.2,69.3,0,0,1,11.1,10.0,100.0,1,0,0,46,0,0,0,55,1,10,0,0,45,51
Blake Banham,45843,HB,E MICHIGAN,9,48.4,0,160,59.2,,63.7,0,0,0,0.0,0.0,,0,0,0,46,0,0,0,95,0,48,0,0,46,0
Lavon Coleman,45861,HB,WASHINGTON,13,39.7,0,340,78.1,82.1,70.5,0,0,13,28.3,26.0,100.0,0,0,0,46,0,0,0,116,13,50,0,0,33,0
Tavares Martin Jr.,48314,WR,WASH STATE,12,25.7,0,341,60.7,,62.0,0,0,0,0.0,0.0,,0,0,0,46,0,0,0,179,0,130,0,0,46,0
Austin Cottrell,32350,WR,BOISE ST,10,67.6,0,120,62.6,67.5,57.1,0,0,2,9.1,8.3,100.0,0,0,0,46,0,0,0,68,2,24,0,0,44,7
Tanner McEvoy,11288,WR,WISCONSIN,13,26.1,0,349,66.9,,69.6,0,0,0,0.0,0.0,,1,0,0,46,0,0,0,176,0,113,0,0,46,0
Darryl Long,28816,TE,KENTUCKY,10,93.9,0,202,57.5,72.7,55.8,0,0,7,70.0,70.0,100.0,0,0,0,46,0,0,0,49,7,10,0,0,39,18
J.J. Gustafson,26022,C,TEXAS A&M,2,100.0,0,312,72.1,79.7,71.8,0,0,13,100.0,100.0,100.0,1,0,0,45,45,0,0,45,15,15,0,0,30,0
Jahray Hayes,45838,HB,C MICHIGAN,10,20.5,0,134,61.3,83.5,57.3,0,0,32,29.9,30.4,96.9,0,1,1,45,0,0,0,220,34,112,0,0,11,0
Darrel Williams,13014,HB,LSU,12,29.8,0,211,75.5,77.5,66.1,1,0,30,40.5,40.0,98.3,0,1,0,45,0,0,0,151,30,75,0,0,15,4
Patrick Osterhage,34820,G,WAKE,8,100.0,0,339,66.7,81.5,63.0,0,0,15,100.0,100.0,100.0,0,0,0,45,14,3,0,45,16,16,11,0,29,16
Ryan Lindblade,21303,T,TEXAS A&M,2,100.0,0,312,61.4,46.9,62.7,0,3,13,100.0,100.0,88.5,0,3,0,45,0,0,0,45,15,15,0,45,30,0
Brandon Oliver,17474,WR,GA TECH,4,95.7,0,176,52.1,0.0,56.9,0,0,2,50.0,50.0,50.0,0,1,1,45,0,0,4,47,2,4,0,3,43,0
Boston Scott,39462,HB,LA TECH,10,45.9,0,208,81.2,85.4,53.5,0,0,26,59.1,57.8,100.0,0,0,0,45,0,0,0,98,26,45,0,0,19,0
Dahu Green,34850,WR,OKLAHOMA,9,54.9,0,261,45.6,,71.1,0,0,0,0.0,0.0,,0,0,0,45,0,0,0,82,0,37,0,0,45,0
Josh Self,34573,TE,AIR FORCE,7,100.0,0,101,56.2,,55.4,0,0,0,,,,0,0,0,45,0,0,0,45,0,0,0,0,45,35
Jordan Fieulleteau,47783,WR,N CAROLINA,6,64.3,0,245,74.0,,62.0,0,0,0,0.0,0.0,,0,0,0,45,0,0,0,70,0,25,0,0,45,1
Richie Cooper,33031,WR,AKRON,7,38.8,0,102,62.8,,56.8,0,0,0,0.0,0.0,,0,0,0,45,0,0,0,116,0,70,0,0,45,6
Andre Sims,17238,WR,GA SOUTHRN,10,71.4,0,174,55.3,,60.5,0,0,0,0.0,0.0,,0,0,0,45,0,0,0,63,0,18,0,0,45,0
Steven Bench,17685,QB,USF,5,55.6,0,327,61.5,,60.0,0,0,0,0.0,0.0,,0,0,0,45,0,0,0,81,0,24,0,0,45,0
Cody Cole,21653,T,UTSA,5,100.0,0,331,75.4,77.9,71.6,0,0,23,100.0,100.0,95.7,0,1,1,45,0,0,0,45,23,23,0,45,22,0
Taylor Alie,12829,QB,OREGON,4,60.8,0,264,59.6,,60.0,0,0,0,0.0,0.0,,0,0,0,45,0,0,0,74,0,17,0,0,45,0
Christian Taylor,28269,G,GA SOUTHRN,6,100.0,0,174,66.7,72.0,65.6,0,0,1,100.0,100.0,100.0,0,0,0,45,0,1,0,45,1,1,44,0,44,0
Nick Mathews,32967,WR,MARSHALL,9,57.0,0,214,52.3,,51.0,0,0,0,0.0,0.0,,0,0,0,45,0,0,0,79,0,34,0,0,45,0
Dillon Barrett,39408,TE,OLE MISS,7,76.3,0,226,73.6,73.4,67.3,0,0,9,39.1,41.7,100.0,0,0,0,45,0,0,0,59,10,24,0,0,35,36
Connor Wingo-Reeves,45628,FB,VIRGINIA,5,68.2,0,335,62.0,38.4,70.2,0,0,15,42.9,43.2,93.3,1,1,1,45,0,0,0,66,16,37,0,0,29,7
Kevin Pendleton,46119,G,MISSOURI,4,100.0,0,229,64.2,83.2,60.6,0,0,23,100.0,100.0,100.0,0,0,0,44,0,0,0,44,23,23,44,0,21,0
John Tu'uta,46011,G,NC STATE,4,100.0,0,248,68.7,81.9,66.7,0,0,17,100.0,100.0,100.0,0,0,0,44,0,12,0,44,17,17,32,0,27,0
Cody Hollister,12052,WR,ARKANSAS,5,53.7,0,111,65.4,,59.3,0,0,0,0.0,0.0,,0,0,0,44,0,0,0,82,0,38,0,0,44,0
David Dawson,29185,G,MICHIGAN,6,100.0,0,222,48.3,47.5,47.5,0,2,14,100.0,100.0,92.9,0,2,0,44,0,40,0,44,14,14,4,0,30,0
Sam Shisso,48089,WR,MIAMI OH,7,68.8,0,221,62.8,,69.0,0,0,0,0.0,0.0,,1,0,0,44,0,0,0,64,0,20,0,0,44,0
Devin Powell,38337,QB,TULANE,5,50.6,0,319,46.3,,60.0,0,0,0,0.0,0.0,,0,0,0,44,0,0,0,87,0,38,0,0,44,0
Melvin Holland Jr.,44770,WR,MINNESOTA,8,50.0,0,225,41.5,,49.2,0,0,0,0.0,0.0,,0,0,0,44,0,0,0,88,0,44,0,0,44,2
Jake Luton,17287,QB,IDAHO,7,28.4,0,185,53.3,,60.0,0,0,0,0.0,0.0,,0,0,0,44,0,0,0,155,0,94,0,0,44,0
Alec Moulton,24151,WR,W MICHIGAN,7,69.8,0,347,59.7,,80.8,0,0,0,0.0,0.0,,0,0,0,44,0,0,0,63,0,19,0,0,44,0
Colby Hegwood,19268,C,OKLA STATE,4,100.0,0,262,67.4,77.1,64.2,0,0,10,100.0,100.0,100.0,0,0,0,44,43,0,0,44,11,11,1,0,33,0
Gage Batten,25523,FB,MIAMI FL,11,97.8,0,220,59.3,73.0,63.4,0,0,2,66.7,66.7,100.0,1,0,0,44,0,0,0,45,2,3,0,0,42,0
Matthew Jordan,46476,HB,GA TECH,5,48.4,0,176,59.2,,62.2,0,0,0,0.0,0.0,,0,0,0,44,0,0,0,91,0,14,0,0,44,7
Jalin Moore,27976,HB,APP STATE,11,24.3,0,108,84.2,85.4,60.6,0,0,20,36.4,39.7,100.0,0,0,0,44,0,0,0,181,23,58,0,0,21,0
Bradley Nugent,19059,C,SO MISS,6,100.0,0,296,64.9,76.6,62.4,0,0,6,100.0,100.0,100.0,0,0,0,44,44,0,0,44,7,7,0,0,37,0
AJ Troup,17233,WR,MICH STATE,12,59.5,0,223,57.1,,61.6,0,0,0,0.0,0.0,,0,0,0,44,0,0,0,74,0,30,0,0,44,0
Robert Martin,26957,HB,RUTGERS,12,18.5,0,278,77.0,86.5,59.5,0,0,35,41.2,41.9,100.0,0,0,0,44,0,0,0,238,36,86,0,0,8,0
Mavin Saunders,47366,TE,FLORIDA ST,8,52.4,0,167,56.4,68.1,58.3,0,0,5,11.4,11.1,100.0,0,0,0,44,0,0,0,84,5,45,0,0,39,71
Chris Warren III,35977,HB,TEXAS,8,25.7,0,311,71.3,64.0,58.6,0,0,14,21.2,21.1,92.9,0,1,1,44,0,0,0,171,15,71,0,0,29,0
Amanii Brown,30858,G,W VIRGINIA,4,100.0,0,343,52.7,50.6,52.0,0,1,14,100.0,100.0,96.4,0,1,0,44,0,15,0,44,14,14,29,0,30,0
Michael Walker,48213,WR,BOSTON COL,8,44.0,0,121,63.6,,60.2,0,0,0,0.0,0.0,,0,0,0,44,0,0,0,100,0,55,0,0,44,1
Harrison Tucker,21012,C,CLEMSON,4,100.0,0,140,68.4,81.5,65.0,0,0,13,100.0,100.0,100.0,0,0,0,44,22,22,0,44,13,13,0,0,31,0
Jonathan Haden,27140,WR,ARIZONA,8,55.1,0,109,57.0,,57.1,0,0,0,0.0,0.0,,0,0,0,43,0,0,0,78,0,28,0,0,43,0
Logan Schmidt,24439,G,WISCONSIN,3,100.0,0,349,60.2,44.8,63.3,0,2,29,100.0,100.0,96.6,0,2,0,43,0,6,0,43,31,31,37,0,12,0
Paul Adams,46846,T,MISSOURI,3,100.0,0,229,53.1,34.2,61.1,0,2,28,100.0,100.0,96.4,0,2,0,43,0,0,3,43,29,29,0,40,14,0
Andrew Wood,46990,T,NAVY,4,100.0,0,237,91.8,72.2,89.7,0,0,3,100.0,100.0,100.0,0,0,0,43,0,0,34,43,3,3,0,9,40,0
Deontay Burnett,47477,WR,USC,12,42.6,0,326,78.4,,66.6,0,0,0,0.0,0.0,,0,0,0,43,0,0,0,101,0,57,0,0,43,6
Peter Daniel,46992,T,NC STATE,5,100.0,0,248,67.4,80.1,63.3,0,0,16,100.0,100.0,100.0,0,0,0,43,0,0,0,43,16,16,1,42,27,0
Trevor Thomas,45654,FB,C MICHIGAN,10,76.8,0,134,67.7,71.4,60.3,0,0,3,20.0,18.8,100.0,0,0,0,43,0,0,0,56,3,16,0,0,40,9
Kanawai Noa,47501,WR,CAL,10,43.0,0,130,58.7,,69.6,0,0,0,0.0,0.0,,0,0,0,43,0,0,0,100,0,57,0,0,43,0
Aulden Bynum,27636,G,GEORGIA,8,100.0,0,173,62.2,80.9,58.3,0,0,10,100.0,100.0,100.0,0,0,0,43,0,0,22,43,10,10,0,0,33,21
Matthew Mucha,46922,T,OKLA STATE,3,100.0,0,262,62.3,79.6,59.1,0,0,10,100.0,100.0,100.0,0,0,0,43,0,0,43,43,11,11,0,0,32,0
Ryan Smith,47768,WR,DUKE,7,60.6,0,154,84.7,,69.8,0,0,0,0.0,0.0,,0,0,0,43,0,0,0,71,0,28,0,0,43,0
Malique Micenheimer,17498,HB,FRESNO ST,9,40.2,0,169,61.0,82.4,75.2,0,0,13,22.8,22.0,100.0,1,0,0,43,0,0,0,107,13,59,0,0,30,9
TY Flournoy-Smith,17644,TE,ALABAMA,7,72.9,0,103,58.0,69.7,46.3,0,0,1,5.9,5.9,100.0,0,0,0,43,0,0,0,59,1,17,0,0,42,41
Parker Boehme,39372,QB,DUKE,10,25.0,0,154,70.0,,60.0,0,0,0,0.0,0.0,,0,0,0,43,0,0,0,172,0,90,0,0,43,0
Steve Donatell,38309,TE,WAKE,7,58.9,0,339,70.1,72.2,66.4,0,0,5,14.7,16.7,100.0,0,0,0,43,0,0,0,73,6,36,0,0,37,46
Connor Mitch,38318,QB,S CAROLINA,2,45.7,0,289,42.2,,60.8,0,0,0,0.0,0.0,,3,0,0,43,0,0,0,94,0,42,0,0,43,0
Akil Hawkins,23359,G,GA STATE,5,100.0,0,175,68.3,48.1,69.4,0,1,9,100.0,100.0,94.4,0,1,0,43,0,0,0,43,10,10,35,0,33,6
Tre Madden,11286,HB,USC,10,17.8,0,326,70.4,58.4,78.0,1,4,32,23.4,22.8,92.2,0,5,0,43,0,0,0,241,33,145,0,0,10,0
Ryan Davis,48186,WR,AUBURN,6,84.3,0,115,61.0,,62.6,0,0,0,0.0,0.0,,0,0,0,43,0,0,0,51,0,6,0,0,43,0
Charles Argenzio,21343,FB,WAKE,9,82.7,0,339,57.8,77.6,55.7,0,0,7,46.7,47.1,100.0,0,0,0,43,0,0,0,52,8,17,0,0,35,2
James Gardner,48112,WR,MIAMI OH,7,45.7,0,221,62.0,,59.9,0,0,0,0.0,0.0,,0,0,0,42,0,0,0,92,0,50,0,0,42,0
O'Keeron Rutherford,45114,WR,N TEXAS,9,47.2,0,251,55.3,,61.0,0,0,0,0.0,0.0,,0,0,0,42,0,0,0,89,0,47,0,0,42,0
Matt Morin,25763,TE,ARIZONA,7,91.3,0,109,70.5,70.9,75.0,0,0,5,83.3,83.3,100.0,1,0,0,42,0,0,0,46,5,6,0,0,37,34
Jalan McClendon,46423,QB,NC STATE,6,68.9,0,248,52.5,,60.0,0,0,0,0.0,0.0,,1,0,0,42,0,0,0,61,0,18,0,0,42,0
Sam Mustipher,13026,C,NOTRE DAME,5,100.0,0,258,58.1,78.2,60.5,0,0,7,100.0,100.0,100.0,1,0,0,42,42,0,0,42,8,8,0,0,34,0
Lexington Thomas,45774,HB,UNLV,12,23.6,0,325,79.5,46.8,48.5,1,1,14,20.6,22.2,92.9,0,2,0,42,0,0,0,178,16,72,0,0,26,0
A.J. Doyle,19626,TE,UMASS,6,82.4,0,216,51.1,79.5,58.1,0,0,6,46.2,40.0,100.0,0,0,0,42,0,0,9,51,6,15,0,4,36,22
Devon Spalding,45840,HB,C MICHIGAN,5,23.9,0,134,68.0,65.0,58.8,2,1,35,31.5,31.4,92.9,0,4,1,42,0,0,0,176,37,118,0,0,5,0
Shakenneth Williams,39170,WR,GEORGIA,10,71.2,0,173,61.2,,63.7,0,0,0,0.0,0.0,,0,0,0,42,0,0,0,59,0,17,0,0,42,0
Tonny Lindsey,45728,HB,UTAH ST,9,51.2,0,329,56.5,40.7,53.3,1,0,16,36.4,36.4,96.9,0,1,0,42,0,0,0,82,16,44,0,0,26,0
Dontreal Pruitt,17469,QB,TROY,9,37.5,0,318,65.6,,60.7,0,0,0,0.0,0.0,,1,0,0,42,0,0,0,112,0,46,0,0,42,0
Patrick Halloran,24910,T,AIR FORCE,5,100.0,0,101,58.4,,62.9,0,0,0,,,,1,0,0,42,0,0,36,42,0,0,0,6,42,0
D'erren Wilson,33501,WR,UCF,9,27.6,0,323,56.0,,61.0,0,0,0,0.0,0.0,,0,0,0,42,0,0,0,152,0,110,0,0,42,0
Jake Hubenak,32201,QB,TEXAS A&M,6,29.6,0,312,45.0,,60.3,0,0,0,0.0,0.0,,0,0,0,42,0,0,0,142,0,98,0,0,42,0
Connor White,30266,QB,TEXAS ST,5,38.9,0,314,62.3,,60.0,0,0,0,0.0,0.0,,0,0,0,42,0,0,0,108,0,56,0,0,42,0
Ronald Monroe,26660,WR,VANDERBILT,10,42.4,0,333,53.2,,74.5,0,0,0,0.0,0.0,,0,0,0,42,0,0,0,99,0,57,0,0,42,0
Evan Martin,46620,G,NAVY,5,100.0,0,237,53.5,40.1,57.7,0,0,3,100.0,100.0,100.0,1,0,0,42,0,6,0,42,3,3,36,0,39,0
Terronne Prescod,46628,C,NC STATE,4,100.0,0,248,75.5,78.4,70.9,0,0,15,100.0,100.0,100.0,0,0,0,42,42,0,0,42,15,15,0,0,27,0
Keion Davis,35011,HB,MARSHALL,10,25.5,0,214,65.9,81.3,60.8,0,0,28,38.9,40.0,100.0,0,0,0,41,0,0,0,161,30,75,0,0,11,0
Chris Nutall,19369,HB,TEXAS ST,5,32.3,0,314,77.4,59.4,60.2,0,1,21,30.4,29.7,97.6,1,1,0,41,0,0,0,127,22,74,0,0,19,0
Johnston White,45725,HB,ARK STATE,13,18.6,0,113,73.5,84.5,56.4,0,0,16,18.0,16.8,100.0,0,0,0,41,0,0,0,220,16,95,0,0,25,0
David Patterson,46970,T,FRESNO ST,4,100.0,0,169,83.4,81.8,79.6,0,0,14,100.0,100.0,100.0,0,0,0,41,0,0,40,41,14,14,0,0,27,1
Soma Vainuku,11172,FB,USC,12,69.5,0,326,65.6,76.7,63.5,0,0,5,23.8,23.8,100.0,0,0,0,41,0,0,0,59,5,21,0,0,36,14
Taylor Cox,15863,HB,KANSAS,8,20.0,1,198,51.6,77.3,67.6,0,0,30,27.3,27.1,96.7,1,1,1,41,0,0,0,205,32,118,0,0,9,1
Ty Clemons,29202,WR,MIDDLE TN,5,75.9,0,224,59.1,,74.9,0,0,0,0.0,0.0,,0,0,0,41,0,0,0,54,0,13,0,0,41,1
Curtis Doyle,30726,G,W MICHIGAN,4,100.0,0,347,56.8,76.7,60.0,0,0,9,100.0,100.0,100.0,1,0,0,41,0,11,0,41,9,9,30,0,32,0
Myles Willis,45825,HB,BOSTON COL,9,29.1,0,121,64.6,32.4,62.3,0,1,14,32.6,31.3,89.3,0,2,1,41,0,0,0,141,15,48,0,0,26,0
James Knapke,46506,QB,BOWL GREEN,7,63.1,0,122,62.2,,60.0,0,0,0,0.0,0.0,,1,0,0,41,0,0,0,65,0,23,0,0,41,0
Papi White,45926,WR,OHIO,8,24.7,0,259,81.3,73.0,62.6,0,1,2,2.2,2.1,75.0,0,1,0,41,0,0,0,166,2,94,0,0,39,0
Isaac Griffith,28476,WR,INDIANA,5,63.1,0,190,78.9,,60.3,0,0,0,0.0,0.0,,0,0,0,41,0,0,0,65,0,24,0,0,41,0
Dallis Todd,29744,WR,OKLAHOMA,7,59.4,0,261,58.0,,68.4,0,0,0,0.0,0.0,,1,0,0,41,0,0,0,69,0,28,0,0,41,1
Connor Spears,38063,TE,USC,5,73.2,0,326,50.2,71.7,52.7,0,0,6,28.6,28.6,100.0,0,0,0,41,0,0,0,56,6,21,0,0,35,41
Ronald Jones,34001,HB,USC,14,14.3,0,326,78.7,51.4,60.0,1,0,38,30.2,30.5,93.4,0,3,2,41,0,0,0,287,39,128,0,0,2,0
Roc Thomas,27875,HB,AUBURN,12,29.9,0,115,75.0,81.3,50.0,0,1,10,16.1,17.5,95.0,0,1,0,41,0,0,0,137,11,63,0,0,30,0
Jordan Reed,47047,WR,USF,9,58.6,0,327,54.6,,63.1,0,0,0,0.0,0.0,,0,0,0,41,0,0,0,70,0,28,0,0,41,0
Paul Lucas,46007,WR,OREGON ST,10,31.3,0,265,57.4,,47.0,0,0,0,0.0,0.0,,0,0,0,41,0,0,0,131,0,68,0,0,41,0
Jon Jackson,37901,T,W MICHIGAN,4,100.0,0,347,86.5,76.0,83.6,0,0,8,100.0,100.0,100.0,0,0,0,41,0,0,24,41,8,8,6,11,33,0
Khalid Hill,45614,TE,MICHIGAN,12,50.0,0,222,65.2,70.7,50.5,0,0,4,9.5,8.9,100.0,0,0,0,41,0,0,0,82,4,45,0,0,37,46
Maurice Bennett,17243,G,W KENTUCKY,6,100.0,0,346,65.6,78.0,64.1,0,0,5,100.0,100.0,100.0,0,0,0,41,0,41,0,41,5,5,0,0,36,0
Gavin Locklear,47684,WR,NC STATE,10,36.7,0,248,63.0,,67.4,0,0,0,0.0,0.0,,0,0,0,40,0,0,0,109,0,69,0,0,40,0
Terrence Alls,28277,WR,DUKE,4,44.0,0,154,64.3,,52.7,0,0,0,0.0,0.0,,1,0,0,40,0,0,0,91,0,51,0,0,40,0
A.D. Miller,48310,WR,OKLAHOMA,6,57.1,0,261,60.3,,75.6,0,0,0,0.0,0.0,,0,0,0,40,0,0,0,70,0,30,0,0,40,0
Michael Kneip,45572,G,WASHINGTON,3,100.0,0,340,66.0,72.4,65.8,0,0,2,100.0,100.0,100.0,0,0,0,40,12,28,0,40,2,2,0,0,38,0
DeAndre Thompkins,48211,WR,PENN STATE,13,41.7,0,266,52.4,,60.0,0,0,0,0.0,0.0,,0,0,0,40,0,0,0,96,0,51,0,0,40,2
Will Bush,48194,WR,W KENTUCKY,6,76.9,0,346,55.6,,60.5,0,0,0,0.0,0.0,,1,0,0,40,0,0,0,52,0,10,0,0,40,0
Keon Hatcher,12249,WR,ARKANSAS,2,37.0,0,111,80.7,,90.5,0,0,0,0.0,0.0,,0,0,0,40,0,0,0,108,0,67,0,0,40,1
Kyle Erickson,39441,C,E CAROLINA,4,100.0,0,156,74.2,80.9,69.5,0,0,18,100.0,100.0,100.0,1,0,0,40,40,0,0,40,19,19,0,0,21,0
Chris Thompson,12330,WR,FLORIDA,11,37.4,0,163,57.6,,70.3,0,0,0,0.0,0.0,,0,0,0,40,0,0,0,107,0,67,0,0,40,2
Chris Brown,23535,HB,OREGON ST,7,43.0,0,265,63.3,71.0,59.5,0,1,19,51.4,52.4,97.4,0,1,0,40,0,0,0,93,22,42,0,0,18,0
Nick Schuessler,12061,QB,CLEMSON,5,58.0,0,140,29.2,,60.5,0,0,0,0.0,0.0,,0,0,0,40,0,0,0,69,0,28,0,0,40,0
Ian Bunting,47147,TE,MICHIGAN,12,51.9,0,222,62.7,5.4,59.7,0,1,2,5.9,5.1,25.0,0,2,1,40,0,0,0,77,2,39,0,0,38,68
Claude Garrett,20324,WR,S ALABAMA,8,50.0,0,288,54.0,,50.3,0,0,0,0.0,0.0,,0,0,0,39,0,0,0,78,0,37,0,0,39,0
Chayce Crouch,32855,QB,ILLINOIS,10,38.6,0,187,61.4,,60.0,0,0,0,0.0,0.0,,0,0,0,39,0,0,0,101,0,40,0,0,39,0
Equanimeous St. Brown,47967,WR,NOTRE DAME,5,84.8,0,258,68.3,,70.7,0,0,0,0.0,0.0,,0,0,0,39,0,0,0,46,0,7,0,0,39,0
Corey Smith,47999,WR,OHIO STATE,4,46.4,0,260,62.7,,63.9,0,0,0,0.0,0.0,,0,0,0,39,0,0,0,84,0,45,0,0,39,0
Anthony Jones,45670,WR,FIU,11,29.8,0,166,63.5,50.3,70.3,0,1,9,17.3,17.0,94.4,0,1,0,39,0,0,0,131,9,53,0,0,30,0
Victor Johnson,36507,T,APP STATE,2,100.0,0,108,48.9,79.1,59.1,0,0,5,100.0,100.0,100.0,2,0,0,39,0,0,39,39,5,5,0,0,34,0
Rodrick Williams Jr.,16493,HB,MINNESOTA,7,33.1,1,225,52.2,65.4,55.5,0,1,23,35.4,35.8,97.8,1,1,0,39,0,0,0,118,24,67,0,0,15,0
Ja'Vonn Harrison,48169,WR,FLORIDA ST,11,31.7,0,167,63.0,,88.2,0,0,0,0.0,0.0,,1,0,0,39,0,0,0,123,0,84,0,0,39,0
De'Angelo Ware,45293,T,BOWL GREEN,6,100.0,0,122,74.6,58.6,75.9,0,0,16,100.0,100.0,100.0,0,0,0,39,0,0,39,39,18,18,0,0,21,0
Dillon Gordon,11071,TE,LSU,3,90.7,0,211,73.7,71.0,71.8,0,0,2,33.3,33.3,100.0,0,0,0,39,0,0,1,43,2,6,0,0,37,41
Ralph David Abernathy IV,37800,HB,TENNESSEE,4,72.2,0,307,65.2,,60.3,0,0,0,0.0,0.0,,0,0,0,39,0,0,0,54,0,15,0,0,39,0
Trevor Clemons-Valdez,17869,TE,BAYLOR,7,92.9,0,118,75.9,44.8,72.9,0,1,7,70.0,72.7,92.9,0,1,0,39,0,0,0,42,8,11,0,0,31,17
Chris Lewis,20337,WR,S ALABAMA,10,40.6,0,288,59.3,,71.2,0,0,0,0.0,0.0,,0,0,0,39,0,0,0,96,0,57,0,0,39,0
Evan Sarver,46935,T,S JOSE ST,12,100.0,0,285,58.1,72.5,54.5,0,1,14,100.0,100.0,96.4,0,1,0,39,0,0,0,39,14,14,0,39,25,0
Josh Rounds,16675,HB,TULANE,12,31.0,0,319,62.8,77.8,76.7,0,0,8,13.3,13.1,100.0,0,0,0,39,0,0,0,126,8,61,0,0,31,0
Jarell Aaron,23964,WR,SO MISS,5,82.6,0,296,71.6,,61.6,0,0,0,0.0,0.0,,0,0,0,38,0,0,0,46,0,8,0,0,38,0
Jalen Harvey,47780,WR,ARIZONA ST,5,57.6,0,110,65.5,,61.7,0,0,0,0.0,0.0,,0,0,0,38,0,0,0,66,0,28,0,0,38,0
Derrick Neal,49424,CB,KANSAS,5,36.2,0,198,54.5,,57.8,0,0,0,0.0,0.0,,3,0,0,38,0,0,0,105,0,67,0,0,38,0
De'Vonte Haggerty,47915,WR,LA MONROE,8,45.2,0,209,55.7,,59.6,0,0,0,0.0,0.0,,0,0,0,38,0,0,0,84,0,43,0,0,38,0
Isaiah Seise,36078,FB,GA SOUTHRN,7,97.4,0,174,79.3,67.8,79.9,0,0,0,0.0,50.0,,0,0,0,38,0,0,0,39,1,2,0,0,37,20
Jeremy Smith,32243,HB,LOUISVILLE,12,30.4,0,210,61.3,46.7,58.0,0,1,21,47.7,45.7,92.9,0,2,1,38,0,0,0,125,21,46,0,0,17,1
John Leday,27191,WR,HOUSTON,6,62.3,0,182,60.0,,59.7,0,0,0,0.0,0.0,,0,0,0,38,0,0,0,61,0,23,0,0,38,0
Sherman Alston Jr.,28132,WR,BOSTON COL,11,33.9,0,121,55.1,,60.0,0,0,0,0.0,0.0,,0,0,0,38,0,0,0,112,0,60,0,0,38,0
James Flanders,45998,HB,TULSA,5,50.0,0,320,61.9,84.0,59.4,0,0,20,57.1,55.3,100.0,0,0,0,38,0,0,0,76,21,38,0,0,17,0
Harrison Sorge,29450,T,N TEXAS,4,100.0,0,251,74.5,89.9,69.5,0,0,19,100.0,100.0,100.0,0,0,0,38,0,12,26,38,19,19,0,0,19,0
Neal Mars,36556,C,FIU,4,100.0,0,166,73.8,67.3,70.6,0,1,11,100.0,100.0,95.5,0,1,0,38,25,0,0,38,11,11,13,0,27,0
Quay Johnson,47528,WR,E CAROLINA,12,30.2,0,156,66.9,,87.3,0,0,0,0.0,0.0,,0,0,0,38,0,0,0,126,0,86,0,0,38,0
Lester Cotton,46085,T,ALABAMA,5,100.0,0,103,67.1,81.4,63.5,0,0,10,100.0,100.0,100.0,0,0,0,38,0,0,36,38,10,10,0,2,28,0
Garrett Bradbury,46013,G,NC STATE,4,100.0,0,248,83.6,77.2,83.3,0,0,9,100.0,100.0,100.0,0,0,0,38,0,35,0,38,9,9,1,0,29,2
Myles Barnes,17655,WR,AIR FORCE,14,44.2,0,101,52.1,,74.5,0,0,0,0.0,0.0,,0,0,0,38,0,0,0,86,0,48,0,0,38,0
Terrence Upshaw,27916,HB,APP STATE,11,25.0,0,108,71.8,86.0,57.2,0,0,19,38.0,40.7,100.0,1,0,0,38,0,0,0,152,22,54,0,0,16,0
Scott Liebert,27221,T,W KENTUCKY,5,100.0,0,346,53.6,17.9,55.8,0,0,4,100.0,100.0,75.0,0,1,1,38,6,0,22,38,4,4,10,0,34,0
Dontravious Wilson,45715,HB,UCF,6,30.2,0,323,57.0,58.6,62.0,1,2,29,40.3,41.3,94.8,0,3,0,38,0,0,0,126,31,75,0,0,7,0
Raphael Leonard,64168,,FAU,9,52.9,0,165,54.9,,78.6,0,0,0,0.0,0.0,,0,0,0,37,0,0,0,70,0,33,0,0,37,0
Tyler Matthews,25488,QB,SO MISS,5,67.3,0,296,83.6,,60.0,0,0,0,0.0,0.0,,0,0,0,37,0,0,0,55,0,10,0,0,37,0
Sanford Seay,18484,WR,LA TECH,6,47.4,0,208,63.0,,61.9,0,0,0,0.0,0.0,,0,0,0,37,0,0,0,78,0,41,0,0,37,0
Melvin Davis,25526,HB,HAWAII,8,27.8,0,180,60.9,41.8,60.0,1,3,31,47.0,47.8,93.5,0,4,0,37,0,0,0,133,33,69,0,0,4,0
Shun Brown,47608,WR,ARIZONA,6,67.3,0,109,56.7,,60.2,0,0,0,0.0,0.0,,0,0,0,37,0,0,0,55,0,17,0,0,37,0
Akilian Butler,47457,WR,BOISE ST,9,45.1,0,120,55.1,,81.8,0,0,0,0.0,0.0,,0,0,0,37,0,0,0,82,0,43,0,0,37,0
Randy Heideman,47421,G,MIAMI OH,5,100.0,0,221,52.4,54.2,51.2,0,0,12,100.0,100.0,100.0,0,0,0,37,0,16,13,37,13,13,0,0,24,8
Evan Lisle,46218,G,OHIO STATE,6,100.0,0,260,55.6,78.7,59.4,0,0,7,100.0,100.0,100.0,1,0,0,37,0,0,0,37,7,7,29,8,30,0
Gus Ragland,39063,QB,MIAMI OH,9,28.2,0,221,79.1,,60.0,0,0,0,0.0,0.0,,0,0,0,37,0,0,0,131,0,37,0,0,37,0
Jelani Roberts,45073,WR,NWESTERN,13,37.0,0,256,62.8,,60.4,0,0,0,0.0,0.0,,0,0,0,37,0,0,0,100,0,55,0,0,37,0
Corbin Finlayson,31505,G,S ALABAMA,2,100.0,0,288,53.6,51.4,52.7,0,2,18,100.0,100.0,94.4,0,2,0,37,0,7,0,37,18,18,29,0,19,0
Derek Kief,48249,WR,ALABAMA,11,80.4,0,103,58.6,,65.4,0,0,0,0.0,0.0,,0,0,0,37,0,0,0,46,0,9,0,0,37,0
Blake Belcher,46793,T,TULSA,1,100.0,0,320,68.0,74.4,64.0,0,1,18,100.0,100.0,97.2,0,1,0,37,0,0,0,37,21,21,0,37,16,0
Brice Ramsey,27649,QB,GEORGIA,7,48.7,0,173,57.3,,60.4,0,0,0,0.0,0.0,,0,0,0,37,0,0,0,76,0,38,0,0,37,0
Damien Robinson,18885,T,MISS STATE,4,100.0,0,227,66.4,60.8,65.8,0,1,16,100.0,100.0,96.9,0,1,0,37,0,0,17,37,16,16,3,17,21,0
Sloan Spiller,30531,HB,UTEP,4,82.2,0,330,58.5,73.8,60.5,0,0,2,20.0,33.3,100.0,0,0,0,37,0,0,0,45,4,12,0,0,33,21
Alex Van Dyke,47852,WR,UCLA,5,62.7,0,324,52.0,,71.7,0,0,0,0.0,0.0,,0,0,0,37,0,0,0,59,0,22,0,0,37,0
Taj Griffin,33182,HB,OREGON,11,21.5,0,264,78.6,23.8,57.6,0,1,10,16.1,16.4,95.0,1,1,0,37,0,0,0,172,11,67,0,0,26,0
Jamar McGloster,46875,T,SYRACUSE,3,100.0,0,304,66.9,77.5,63.8,0,0,8,100.0,100.0,100.0,0,0,0,37,0,0,0,37,8,8,0,37,29,0
Jamal Custis,27418,WR,SYRACUSE,6,74.0,0,304,66.0,,58.7,0,0,0,0.0,0.0,,0,0,0,37,0,0,0,50,0,13,0,0,37,0
Jordan Cronkrite,39192,HB,FLORIDA,13,23.8,0,163,62.1,64.6,59.7,0,3,30,30.9,30.7,95.0,1,3,0,36,0,0,0,151,31,101,0,0,5,0
Gump Hayes,12013,HB,ARIZONA ST,9,33.6,0,110,57.1,74.4,57.9,0,1,14,20.9,20.3,96.4,1,1,0,36,0,0,0,107,14,69,0,0,22,0
Adoree' Jackson,11773,CB,USC,14,22.2,0,326,79.1,,58.9,0,0,0,0.0,0.0,,2,0,0,36,0,0,0,162,0,119,0,0,36,2
Steven Peoples,29184,FB,VA TECH,9,100.0,0,337,64.2,67.7,64.3,0,0,1,100.0,100.0,100.0,0,0,0,36,0,0,0,36,1,1,0,0,35,8
Allen Caunitz,46308,G,AIR FORCE,6,100.0,0,101,60.1,,59.4,0,0,0,,,,0,0,0,36,0,4,0,36,0,0,32,0,36,0
Tyler Stehling,46429,QB,RICE,5,37.5,0,275,55.8,,60.0,0,0,0,0.0,0.0,,0,0,0,36,0,0,0,96,0,58,0,0,36,0
David Sutton,18679,TE,NEBRASKA,6,80.0,0,238,57.2,69.3,60.7,0,0,6,42.9,40.0,100.0,0,0,0,36,0,0,0,45,6,15,0,0,30,44
Kevin Rogers,28192,TE,BUFFALO,6,94.7,0,126,47.9,67.9,49.3,0,0,3,60.0,60.0,100.0,0,0,0,36,0,0,0,38,3,5,0,0,33,38
Brian Williams,47880,WR,LA MONROE,5,55.4,0,209,44.7,,61.9,0,0,0,0.0,0.0,,0,0,0,36,0,0,0,65,0,24,0,0,36,0
Sterling Stowers,22367,QB,ARK STATE,6,51.4,0,113,71.2,,67.5,0,0,0,0.0,0.0,,0,0,0,36,0,0,0,70,0,34,0,0,36,0
Trey Rodriguez,57283,HB,FAU,6,24.3,0,165,84.1,40.7,57.1,0,1,23,36.5,34.8,97.8,0,1,0,36,0,0,0,148,23,66,0,0,13,0
Jordan Tyler,32463,C,AIR FORCE,4,100.0,0,101,65.3,,63.4,0,0,0,,,,0,0,0,36,36,0,0,36,0,0,0,0,36,0
Kareem Coles Jr.,34245,QB,IDAHO,8,46.8,0,185,53.9,,69.0,0,0,0,0.0,0.0,,0,0,0,36,0,0,0,77,0,41,0,0,36,0
Xavier Hawkins,47628,WR,OREGON ST,8,40.4,0,265,49.1,,68.9,0,0,0,0.0,0.0,,0,0,0,36,0,0,0,89,0,52,0,0,36,0
Trey Anderson,19120,QB,FIU,7,51.4,0,166,53.9,,60.0,0,0,0,0.0,0.0,,0,0,0,36,0,0,0,70,0,27,0,0,36,0
Austin McClellan,45638,HB,GA TECH,5,80.0,0,176,64.2,65.4,69.7,0,0,1,14.3,14.3,100.0,0,0,0,36,0,0,0,45,1,7,0,0,35,30
Hayden Rettig,21652,QB,RUTGERS,5,51.4,0,278,77.4,,60.0,0,0,0,0.0,0.0,,0,0,0,36,0,0,0,70,0,34,0,0,36,0
Desmond Anderson,33165,HB,MIDDLE TN,8,22.2,0,224,61.5,52.3,67.9,0,1,20,32.3,31.7,92.5,0,2,1,36,0,0,0,162,20,63,0,0,16,0
Levi Walton,26886,C,ARIZONA,3,100.0,0,109,69.5,71.6,66.3,0,0,3,100.0,100.0,100.0,0,0,0,35,35,0,0,35,3,3,0,0,32,0
Aaron Roberts,46102,G,SYRACUSE,3,100.0,0,304,60.5,76.7,64.6,0,0,6,100.0,100.0,100.0,1,0,0,35,0,3,0,35,6,6,32,0,29,0
Johnnie Dixon,47912,WR,OHIO STATE,5,58.3,0,260,61.0,,61.0,0,0,0,0.0,0.0,,0,0,0,35,0,0,0,60,0,25,0,0,35,0
Lee Bristow,17879,TE,BAYLOR,5,100.0,0,118,66.7,70.3,66.6,0,0,1,100.0,100.0,100.0,0,0,0,35,0,0,0,35,1,1,0,2,34,6
Isaiah Prince,47019,T,OHIO STATE,5,100.0,0,260,52.2,75.2,49.9,0,0,7,100.0,100.0,100.0,0,0,0,35,0,0,8,35,7,7,0,27,28,0
Jordan Murphy,17216,FB,COLORADO,11,94.6,0,143,63.8,74.9,63.4,0,0,2,50.0,60.0,100.0,0,0,0,35,0,0,0,37,3,5,0,0,32,0
Jimmy Chung,21404,G,LA MONROE,4,100.0,0,209,54.8,55.3,59.4,0,0,8,100.0,100.0,87.5,1,1,1,35,0,0,0,35,8,8,35,0,27,0
Izzy Matthews,45977,HB,COLO STATE,10,20.3,0,144,82.5,52.9,59.1,1,1,16,32.7,30.8,93.7,0,2,0,35,0,0,0,172,16,52,0,0,19,0
Kareem Hunt,11841,HB,TOLEDO,9,9.9,0,316,78.7,83.7,60.4,0,0,23,14.6,14.2,100.0,0,0,0,35,0,0,0,355,23,162,0,0,12,0
Ford Childress,38253,QB,FRESNO ST,2,49.3,0,169,60.2,,60.0,0,0,0,0.0,0.0,,0,0,0,35,0,0,0,71,0,36,0,0,35,0
Alex Voelzke,17568,TE,ARKANSAS,9,83.3,0,111,47.8,54.5,48.8,0,1,5,41.7,41.7,90.0,0,1,0,35,0,0,0,42,5,12,0,0,30,29
Devante McFarlane,17079,HB,SYRACUSE,10,28.0,0,304,53.7,82.4,57.8,0,1,14,21.5,23.5,96.4,0,1,0,35,0,0,0,125,16,68,0,0,19,0
Jamal Danley,25845,G,OKLAHOMA,2,100.0,0,261,67.7,39.7,75.3,0,3,24,100.0,100.0,93.7,0,3,0,35,0,35,0,35,25,25,0,0,10,0
Elijah Zeise,51580,WR,PITTSBURGH,8,32.7,0,268,58.8,63.4,88.8,0,0,1,1.4,1.4,100.0,0,0,0,35,0,0,0,107,1,73,0,0,34,0
Eric Simmons,18157,C,IOWA,4,100.0,0,192,75.1,75.2,71.0,0,0,5,100.0,100.0,100.0,0,0,0,35,30,5,0,35,5,5,0,0,30,0
Tago Smith,46514,QB,NAVY,8,50.0,0,237,55.0,,60.0,0,0,0,0.0,0.0,,2,0,0,35,0,0,0,70,0,7,0,0,35,0
Andrew Scanlan,48025,WR,NWESTERN,5,68.6,0,256,60.4,,55.0,0,0,0,0.0,0.0,,0,0,0,35,0,0,0,51,0,16,0,0,35,0
Romell Jordan,29467,HB,NEW MEXICO,7,46.7,0,241,60.3,76.9,55.7,0,0,4,14.3,17.2,100.0,0,0,0,35,0,0,0,75,5,29,0,0,30,1
Anthony Young,48290,WR,AKRON,11,40.7,0,102,63.4,,70.5,0,0,0,0.0,0.0,,0,0,0,35,0,0,0,86,0,51,0,0,35,0
Dan Buschman,47125,WR,E MICHIGAN,10,79.5,0,160,67.3,73.6,62.6,0,0,7,46.7,43.8,100.0,0,0,0,35,0,0,0,44,7,16,0,1,28,28
Robert Foster,48230,WR,ALABAMA,3,41.2,0,103,71.9,,88.7,0,0,0,0.0,0.0,,0,0,0,35,0,0,0,85,0,50,0,0,35,0
Justin Johnson,17344,WR,FRESNO ST,7,25.2,0,169,52.2,,57.1,0,0,0,0.0,0.0,,0,0,0,35,0,0,0,139,0,104,0,0,35,0
Chris Lee,47293,TE,UCONN,4,91.9,0,146,49.6,71.5,50.7,0,0,3,50.0,50.0,100.0,0,0,0,34,0,0,1,37,3,6,0,0,31,33
DeMarrion Buford-Hughes,20464,TE,S ALABAMA,6,72.3,0,288,64.1,71.4,61.3,0,0,6,31.6,35.0,100.0,0,0,0,34,0,0,0,47,7,20,0,0,27,36
Talbot Buys,21801,T,OLE MISS,3,100.0,0,226,63.0,76.0,60.6,0,0,5,100.0,100.0,100.0,0,0,0,34,0,0,4,34,5,5,0,30,29,0
Kal-El Williams,36249,FB,FAU,5,100.0,0,165,67.9,68.2,68.0,0,0,2,100.0,100.0,100.0,0,0,0,34,0,0,0,34,2,2,0,0,32,3
Trey Foster,47230,TE,NEBRASKA,4,69.4,0,238,67.8,69.8,65.3,0,0,4,21.1,21.1,100.0,0,0,0,34,0,0,0,49,4,19,0,0,30,45
Brady Taylor,29758,C,OHIO STATE,5,100.0,0,260,67.9,75.3,64.9,0,0,7,100.0,100.0,100.0,0,0,0,34,34,0,0,34,7,7,0,0,27,0
Braxton Berrios,47961,WR,MIAMI FL,11,28.6,0,220,63.5,,59.0,0,0,0,0.0,0.0,,0,0,0,34,0,0,0,119,0,83,0,0,34,0
Aviante Collins,12049,T,TCU,2,100.0,0,305,66.3,79.6,62.6,0,0,11,100.0,100.0,100.0,0,0,0,34,0,0,34,34,11,11,0,0,23,0
Greg Taboada,47086,TE,STANFORD,12,54.8,0,300,88.2,67.4,71.5,0,0,1,4.0,3.4,100.0,1,0,0,34,0,0,1,62,1,29,0,0,33,35
Keith Harrington,39563,HB,WASH STATE,13,13.1,0,341,60.0,67.4,52.2,0,0,8,4.3,4.1,100.0,1,0,0,34,0,0,0,260,8,194,0,0,26,0
Jacob Feeley,25608,C,OLE MISS,3,100.0,0,226,67.4,73.0,64.8,0,0,3,100.0,100.0,100.0,1,0,0,34,34,0,0,34,3,3,0,0,31,0
Darrin Hall,45989,HB,PITTSBURGH,10,21.9,0,268,61.2,81.4,74.9,0,0,14,20.9,21.4,100.0,0,0,0,34,0,0,0,155,15,70,0,0,19,2
RJ Turner,48200,WR,LA MONROE,2,41.0,0,209,54.0,,60.5,0,0,0,0.0,0.0,,1,0,0,34,0,0,0,83,0,49,0,0,34,0
Dorian Leonard,30560,WR,TEXAS,6,82.9,0,311,51.8,,48.0,0,0,0,0.0,0.0,,0,0,0,34,0,0,0,41,0,7,0,0,34,0
Trace McSorley,32819,QB,PENN STATE,7,38.2,0,266,62.8,,60.0,0,0,0,0.0,0.0,,1,0,0,34,0,0,0,89,0,44,0,0,34,0
Kelepi Folau,21114,G,GA STATE,1,100.0,0,175,46.7,41.7,44.6,0,2,19,100.0,100.0,94.7,0,2,0,34,0,34,0,34,20,20,0,0,14,0
Joshua Stanford,24186,WR,KANSAS,2,47.2,0,198,59.5,,61.9,0,0,0,0.0,0.0,,0,0,0,34,0,0,0,72,0,38,0,0,34,0
Connor Knight,39057,TE,OKLAHOMA,6,82.9,0,261,84.7,65.9,78.0,0,0,2,22.2,22.2,100.0,0,0,0,34,0,0,0,41,2,9,0,0,32,26
Joshua Walker,45646,TE,NAVY,6,94.4,0,237,72.3,,70.4,0,0,0,,,,1,0,0,34,0,0,0,36,0,0,0,0,34,23
Demetrius Knox,46832,G,OHIO STATE,5,100.0,0,260,85.9,76.8,85.2,0,0,7,100.0,100.0,100.0,0,0,0,34,0,34,0,34,7,7,0,0,27,0
Robert Behanan,29126,T,MIDDLE TN,3,100.0,0,224,86.9,1.5,88.2,0,1,4,100.0,100.0,87.5,0,1,0,34,0,10,24,34,4,4,0,0,30,0
Elijah St. Hilaire,24380,HB,ARMY,5,89.5,0,114,70.8,70.0,67.7,0,0,0,0.0,25.0,,0,0,0,34,0,0,0,38,1,4,0,0,33,10
Lynn Griffin,45920,WR,GA TECH,6,59.6,0,176,72.5,,54.6,0,0,0,0.0,0.0,,0,0,0,34,0,0,0,57,0,10,0,0,34,33
Lazedrick Thompson,45709,HB,TULANE,8,33.0,0,319,65.7,71.7,61.7,0,0,11,31.4,35.1,100.0,0,0,0,34,0,0,0,103,13,37,0,0,21,1
Jeff Carr,45915,HB,OKLA STATE,13,27.2,0,262,64.0,23.8,54.4,2,1,11,17.5,16.9,86.4,0,3,0,34,0,0,0,125,11,65,0,0,23,0
Aeris Williams,45850,HB,MISS STATE,12,22.5,0,227,62.9,80.1,65.6,0,0,9,10.7,10.5,100.0,0,0,0,34,0,0,0,151,9,86,0,0,25,1
Brian Long,30340,T,SO MISS,4,100.0,0,296,64.7,74.4,62.5,0,0,5,100.0,100.0,100.0,0,0,0,34,0,0,2,34,6,6,0,32,28,0
Luke Adams,29016,T,MIAMI OH,4,100.0,0,221,70.5,76.1,67.6,0,0,7,100.0,100.0,100.0,0,0,0,33,0,0,8,33,7,7,0,25,26,0
Justice Murphy,13573,WR,WYOMING,9,58.9,0,351,50.6,,54.6,0,0,0,0.0,0.0,,0,0,0,33,0,0,0,56,0,21,0,0,33,0
Tshumbi Johnson,38600,WR,CINCINNATI,7,50.0,0,138,59.3,,74.8,0,0,0,0.0,0.0,,0,0,0,33,0,0,0,66,0,33,0,0,33,0
Trenton Irwin,48080,WR,STANFORD,14,28.4,0,300,74.5,,91.1,0,0,0,0.0,0.0,,0,0,0,33,0,0,0,116,0,83,0,0,33,0
Devin Rushing,17573,HB,AIR FORCE,3,86.8,0,101,63.3,61.0,50.9,0,0,1,50.0,50.0,100.0,0,0,0,33,0,0,0,38,1,2,0,0,32,21
Kesean Strong,47413,HB,DOMINION,10,21.4,0,263,46.5,71.0,61.2,0,0,2,2.2,2.1,100.0,1,0,0,33,0,0,0,154,2,97,0,0,31,0
Nick Fitzgerald,46497,QB,MISS STATE,8,47.1,0,227,88.2,,60.0,0,0,0,0.0,0.0,,0,0,0,33,0,0,0,70,0,18,0,0,33,0
Jordan Akins,47050,WR,UCF,2,29.5,0,323,66.5,40.7,67.1,0,0,1,1.3,1.3,0.0,0,1,1,33,0,0,0,112,1,80,0,0,32,7
Macan Wilson,48250,WR,NWESTERN,6,70.2,0,256,54.2,,61.5,0,0,0,0.0,0.0,,0,0,0,33,0,0,0,47,0,14,0,0,33,0
Daniel Lilienthal,16929,WR,WASH STATE,11,42.9,0,341,56.9,64.5,53.1,0,0,1,2.2,2.2,100.0,0,0,0,33,0,0,0,77,1,45,0,0,32,17
Will Adams,46236,T,AUBURN,5,100.0,0,115,60.7,67.0,59.0,0,0,4,100.0,100.0,100.0,0,0,0,33,0,0,4,33,4,4,0,12,29,17
Sekai Lindsay,46000,HB,UMASS,6,34.0,0,216,60.0,87.6,59.9,0,0,28,50.9,51.7,100.0,0,0,0,33,0,0,0,97,31,60,0,0,2,0
Cameron Decell,23688,WR,RICE,6,41.3,0,275,49.1,,58.8,0,0,0,0.0,0.0,,0,0,0,33,0,0,0,80,0,47,0,0,33,0
Adrien Dunn,38899,WR,CLEMSON,6,84.6,0,140,60.0,,61.5,0,0,0,0.0,0.0,,0,0,0,33,0,0,0,39,0,6,0,0,33,0
Nick Diaz,21769,G,S JOSE ST,5,100.0,0,285,64.9,79.7,63.0,0,0,11,100.0,100.0,100.0,0,0,0,33,0,16,0,33,11,11,17,0,22,0
Cody Grilliot,50758,FB,OHIO,8,62.3,0,259,43.0,73.2,56.6,0,0,5,21.7,20.0,100.0,0,0,0,33,0,0,0,53,5,25,0,0,28,15
Adam DePietro,23187,G,NWESTERN,2,100.0,0,256,62.5,42.0,64.3,1,1,11,100.0,100.0,90.9,0,2,0,33,0,17,0,33,11,11,0,16,22,0
Josh Knight,23034,WR,MARSHALL,7,50.0,0,214,66.0,,69.9,0,0,0,0.0,0.0,,0,0,0,33,0,0,0,66,0,33,0,0,33,0
Anthon Samuel,17950,HB,FIU,8,34.7,0,166,63.5,58.7,59.5,0,1,26,46.4,47.4,98.1,0,1,0,33,0,0,0,95,27,57,0,0,6,0
Mossi Johnson,47754,WR,UCLA,5,36.0,0,324,50.9,,70.0,0,0,0,0.0,0.0,,0,0,0,32,0,0,0,89,0,55,0,0,32,0
Yazeed Atariwa,30682,G,TOLEDO,3,100.0,0,316,64.6,76.7,63.1,0,0,5,100.0,100.0,100.0,0,0,0,32,0,0,0,32,5,5,30,0,27,0
Daylon Charlot,13641,WR,ALABAMA,5,65.3,0,103,55.3,,61.5,0,0,0,0.0,0.0,,0,0,0,32,0,0,0,49,0,17,0,0,32,0
Ryan Higgins,22948,QB,LA TECH,7,47.1,0,208,54.6,,60.0,0,0,0,0.0,0.0,,0,0,0,32,0,0,0,68,0,28,0,0,32,0
Will Likely,51082,CB,MARYLAND,6,44.4,0,215,63.7,,58.6,0,0,0,0.0,0.0,,3,0,0,32,0,0,0,72,0,29,0,0,32,0
Ryan Tuiasoa,22778,HB,HAWAII,7,45.7,0,180,55.1,44.0,60.0,0,2,28,59.6,59.2,96.4,0,2,0,32,0,0,0,70,29,49,0,0,3,0
Vegas Harley,49109,QB,GA SOUTHRN,5,76.2,0,174,59.8,,60.0,0,0,0,,,,0,0,0,32,0,0,0,42,0,0,0,0,32,0
Collins Moore,16898,WR,OLE MISS,4,80.0,0,226,60.7,,69.4,0,0,0,0.0,0.0,,0,0,0,32,0,0,0,40,0,8,0,0,32,0
Aaron Herring,46292,T,TROY,4,100.0,0,318,49.1,50.8,48.7,0,1,11,100.0,100.0,95.5,0,1,0,32,0,0,32,32,11,11,0,0,21,0
Nate Starks,31745,HB,UCLA,11,24.8,0,324,83.4,65.4,45.7,1,0,19,30.6,31.8,97.4,0,1,0,32,0,0,0,129,21,66,0,0,11,0
Andrew Davis,30649,WR,TOLEDO,6,79.5,0,316,76.2,,74.6,0,0,0,0.0,0.0,,1,0,0,31,0,0,0,39,0,8,0,0,31,0
Chase Forrest,28221,QB,CAL,3,58.5,0,130,66.0,,60.0,0,0,0,0.0,0.0,,0,0,0,31,0,0,0,53,0,20,0,0,31,0
Taylor Edwards,46761,G,TROY,4,100.0,0,318,66.7,77.4,65.2,0,0,8,100.0,100.0,100.0,0,0,0,31,0,31,0,31,8,8,0,0,23,0
C.J. Curry,48015,WR,OKLA STATE,3,73.8,0,262,59.5,,78.3,0,0,0,0.0,0.0,,0,0,0,31,0,0,0,42,0,11,0,0,31,0
Herve Coby,17237,WR,BOWL GREEN,6,51.7,0,122,67.2,,62.5,0,0,0,0.0,0.0,,0,0,0,31,0,0,0,60,0,29,0,0,31,0
Alexander Hayes,22039,G,SYRACUSE,1,100.0,0,304,62.8,74.9,61.6,0,0,5,100.0,100.0,100.0,0,0,0,31,0,31,0,31,5,5,0,0,26,0
Tyler Wilson,21782,TE,TULSA,3,88.6,0,320,56.8,15.0,62.3,0,1,3,42.9,42.9,83.3,0,1,0,31,0,0,0,35,3,7,0,2,28,11
Ryquell Armstead,45810,HB,TEMPLE,11,25.2,0,306,71.7,59.7,70.3,0,1,14,26.4,27.3,96.4,1,1,0,31,0,0,0,123,15,55,0,0,16,0
Chris Gallon,17019,TE,BOWL GREEN,9,47.7,0,122,67.9,68.3,55.5,0,0,2,5.6,5.6,100.0,0,0,0,31,0,0,0,65,2,36,0,0,29,52
Keyan Williams,42122,WR,FRESNO ST,3,47.7,0,169,61.7,,48.8,0,0,0,0.0,0.0,,0,0,0,31,0,0,0,65,0,33,0,0,31,0
Darius Redman,19695,T,VA TECH,3,100.0,0,337,71.2,77.4,68.0,0,0,6,100.0,100.0,100.0,0,0,0,31,0,0,0,31,6,6,0,31,25,0
Kevin Asante,19463,WR,VA TECH,8,68.9,0,337,61.2,,60.9,0,0,0,0.0,0.0,,0,0,0,31,0,0,0,45,0,14,0,0,31,0
Tyler Wiegers,35825,QB,IOWA,4,86.1,0,192,59.8,,60.0,0,0,0,0.0,0.0,,0,0,0,31,0,0,0,36,0,5,0,0,31,0
Steve McKenzie,46123,G,S ALABAMA,2,100.0,0,288,63.2,59.4,63.9,0,1,21,100.0,100.0,97.6,0,1,0,31,0,5,0,31,21,21,25,0,10,1
Qua Searcy,45640,HB,GA TECH,3,48.4,0,176,84.5,,66.5,0,0,0,0.0,0.0,,0,0,0,31,0,0,0,64,0,20,0,0,31,34
Kwamane Bowens,32100,WR,TEXAS ST,6,44.3,0,314,55.1,,60.2,0,0,0,0.0,0.0,,1,0,0,31,0,0,0,70,0,39,0,0,31,0
Cody Blanc,19319,WR,TENNESSEE,5,81.6,0,307,57.0,,61.6,0,0,0,0.0,0.0,,0,0,0,31,0,0,0,38,0,7,0,0,31,0
Dallas Tidwell,17532,QB,TROY,9,33.3,0,318,50.9,,60.0,0,0,0,0.0,0.0,,0,0,0,31,0,0,0,93,0,57,0,0,31,0
Keegan Render,46763,T,IOWA,3,100.0,0,192,62.0,30.8,63.4,0,0,5,100.0,100.0,80.0,0,1,1,31,0,0,0,31,5,5,0,31,26,0
Griffin Uhl,22949,FB,LOUISVILLE,7,93.9,0,210,65.2,,66.1,0,0,0,0.0,0.0,,0,0,0,31,0,0,0,33,0,2,0,0,31,1
Drake Johnson,23121,HB,MICHIGAN,12,18.3,0,222,56.7,46.3,56.9,1,1,18,18.9,19.0,94.4,0,2,0,31,0,0,0,169,19,100,0,0,12,0
Jake Duzey,18457,TE,IOWA,8,88.2,0,192,64.9,11.1,71.4,0,1,1,20.0,20.0,50.0,0,1,0,30,0,0,0,34,1,5,0,0,29,34
Jack Kraus,47368,TE,ARKANSAS,9,81.1,0,111,54.7,77.2,54.2,0,0,4,36.4,36.4,100.0,0,0,0,30,0,0,0,37,4,11,0,0,26,27
Austin Wilson,38034,QB,SYRACUSE,2,73.2,0,304,66.1,,60.0,0,0,0,0.0,0.0,,0,0,0,30,0,0,0,41,0,9,0,0,30,0
Terry Swanson,45948,HB,TOLEDO,11,9.9,0,316,71.2,77.1,59.1,1,0,18,12.9,12.2,97.2,0,1,0,30,0,0,0,303,18,148,0,0,12,0
Tra'Von Chapman,46559,QB,AKRON,3,30.9,0,102,47.7,,60.0,0,0,0,0.0,0.0,,0,0,0,30,0,0,0,97,0,42,0,0,30,0
Marcus Sanders-Williams,45027,FB,UTAH,7,71.4,0,328,55.6,78.4,46.9,0,0,6,40.0,41.2,100.0,0,0,0,30,0,0,0,42,7,17,0,0,23,7
Anthony Mahoungou,48334,WR,PURDUE,12,24.2,0,273,67.2,,76.0,0,0,0,0.0,0.0,,0,0,0,30,0,0,0,124,0,94,0,0,30,0
Tyler Hunt,18764,HB,MISSOURI,12,23.1,1,229,56.4,23.3,41.2,0,3,19,26.0,26.0,86.8,2,4,1,30,0,0,0,130,20,77,0,0,10,0
Warren Long,45663,HB,NWESTERN,12,22.6,0,256,69.9,64.2,59.3,0,1,6,13.0,12.8,91.7,0,1,0,30,0,0,0,133,6,47,0,0,24,3
Max Richmond,30723,WR,WASHINGTON,5,96.8,0,340,60.8,,62.4,0,0,0,0.0,0.0,,0,0,0,30,0,0,0,31,0,1,0,0,30,0
Taylor Pope,48330,WR,BOISE ST,4,90.9,0,120,58.3,,61.5,0,0,0,0.0,0.0,,0,0,0,30,0,0,0,33,0,3,0,0,30,0
Gabe Roberts,23681,C,PITTSBURGH,1,100.0,0,268,66.2,78.9,62.8,0,0,12,100.0,100.0,100.0,0,0,0,30,30,0,0,30,12,12,0,0,18,0
Nigel Carter,47657,WR,TULSA,6,47.6,0,320,58.2,,73.9,0,0,0,0.0,0.0,,0,0,0,30,0,0,0,63,0,33,0,0,30,0
Thomas Bernhardt,30537,G,N CAROLINA,3,100.0,0,245,65.2,79.8,63.4,0,0,8,100.0,100.0,100.0,0,0,0,30,0,11,0,30,8,8,19,0,22,0
Paul James,16836,HB,RUTGERS,11,16.6,0,278,70.3,34.4,57.7,1,2,16,24.6,25.0,90.6,0,3,0,30,0,0,0,181,17,68,0,0,13,1
Jocquell Johnson,18710,C,MISS STATE,5,100.0,0,227,64.6,76.6,62.2,0,0,7,100.0,100.0,100.0,0,0,0,30,30,0,0,30,7,7,0,0,23,0
Josh Kaiser,27291,G,COLORADO,2,100.0,0,143,61.1,79.1,59.0,0,0,6,100.0,100.0,100.0,0,0,0,30,0,27,3,30,7,7,0,0,23,0
Kirby Wixson,46713,C,LA TECH,1,100.0,0,208,61.7,78.7,58.1,0,0,15,100.0,100.0,100.0,0,0,0,30,30,0,0,30,16,16,0,0,14,0
Hunter Knighton,46972,C,MIAMI FL,4,100.0,0,220,75.5,77.4,71.0,0,0,7,100.0,100.0,100.0,0,0,0,30,30,0,0,30,7,7,0,0,23,0
Tyler King,32589,G,BOWL GREEN,4,100.0,0,122,52.8,78.9,49.1,0,0,11,100.0,100.0,100.0,0,0,0,30,0,9,0,30,13,13,21,0,17,0
Zander Diamont,28542,QB,INDIANA,2,37.0,0,190,42.6,,60.0,0,0,0,0.0,0.0,,0,0,0,30,0,0,0,81,0,43,0,0,30,0
Sylvester Townes,46296,T,W VIRGINIA,3,100.0,0,343,65.7,79.9,61.8,0,0,10,100.0,100.0,100.0,0,0,0,30,0,0,30,30,10,10,0,0,20,0
Keller Chryst,46472,QB,STANFORD,5,62.5,0,300,82.3,,62.9,0,0,0,0.0,0.0,,0,0,0,30,0,0,0,48,0,11,0,0,30,0
Charles Standberry Jr.,47318,TE,LOUISVILLE,11,40.0,0,210,64.9,69.1,64.1,0,0,2,4.3,4.3,100.0,1,0,0,30,0,0,0,75,2,47,0,0,28,37
T.D. Gross,21754,G,ARIZONA,3,100.0,0,109,69.5,71.6,68.1,0,0,3,100.0,100.0,100.0,0,0,0,29,0,0,11,29,3,3,18,0,26,0
Rawleigh Williams III,39128,HB,ARKANSAS,7,25.9,0,111,70.9,86.0,54.6,0,0,21,47.7,46.7,100.0,0,0,0,29,0,0,0,112,21,45,0,0,8,0
Lorenzo Woodley,23860,HB,UMASS,10,34.9,0,216,53.0,76.0,52.6,0,0,24,36.4,36.2,100.0,0,0,0,29,0,0,0,83,25,69,0,0,4,3
Wilton Speight,46399,QB,MICHIGAN,7,45.3,0,222,58.5,,60.0,0,0,0,0.0,0.0,,0,0,0,29,0,0,0,64,0,29,0,0,29,0
Jerrid Marhefka,48226,WR,OHIO,9,50.9,0,259,59.4,,57.1,0,0,0,0.0,0.0,,0,0,0,29,0,0,0,57,0,28,0,0,29,0
Stephen Grommer,18461,G,MARYLAND,1,100.0,0,215,61.8,51.7,63.1,0,2,18,100.0,100.0,94.4,0,2,0,29,0,29,0,29,18,18,0,0,11,0
DeVante Kincade,26446,QB,OLE MISS,3,52.7,0,226,66.9,,60.0,0,0,0,0.0,0.0,,0,0,0,29,0,0,0,55,0,18,0,0,29,0
Keith Weeks,22672,G,FLORIDA ST,4,100.0,0,167,61.3,25.1,65.8,0,1,14,100.0,100.0,96.4,0,1,0,29,0,0,2,29,14,14,21,6,15,0
Tyler Scott,19412,WR,UCLA,4,46.0,0,324,56.3,,60.9,0,0,0,0.0,0.0,,0,0,0,29,0,0,0,63,0,34,0,0,29,2
Tristan Walker,29122,WR,MIDDLE TN,3,82.9,0,224,66.1,,60.7,0,0,0,0.0,0.0,,0,0,0,29,0,0,0,35,0,6,0,0,29,0
Ethan Frith,36954,T,FLORIDA ST,4,100.0,0,167,54.3,18.3,63.6,1,1,15,100.0,100.0,86.7,0,3,1,29,0,0,29,29,15,15,0,0,14,0
Cannon Smith,47394,TE,CLEMSON,9,87.9,0,140,48.2,75.2,54.0,0,0,3,42.9,42.9,100.0,1,0,0,29,0,0,4,33,3,7,0,1,26,11
Stephen Sweeney,21032,WR,UNLV,3,93.5,0,325,60.1,,62.4,0,0,0,0.0,0.0,,0,0,0,29,0,0,0,31,0,2,0,0,29,0
Andrew Smith,37421,WR,AIR FORCE,3,96.7,0,101,71.2,,72.0,0,0,0,0.0,0.0,,0,0,0,29,0,0,0,30,0,1,0,0,29,17
Pate Davis,46570,QB,AIR FORCE,4,90.6,0,101,64.7,,60.0,0,0,0,,,,0,0,0,29,0,0,0,32,0,0,0,0,29,0
Jamarius Henderson,38291,HB,MEMPHIS,8,21.5,0,218,76.4,81.7,71.5,0,0,14,23.3,23.3,100.0,0,0,0,29,0,0,0,135,14,60,0,0,15,0
Nick Chubb,45783,HB,GEORGIA,6,16.0,0,173,81.5,64.2,60.1,0,3,20,25.6,25.3,87.5,0,4,1,29,0,0,0,181,20,79,0,0,9,0
Jack Ziltz,49005,G,NEW MEXICO,2,100.0,0,241,53.2,76.8,51.2,0,0,7,100.0,100.0,100.0,0,0,0,29,0,0,0,29,7,7,29,0,22,0
Dalton Stogner,24093,WR,N CAROLINA,5,67.4,0,245,54.4,,51.2,0,0,0,0.0,0.0,,0,0,0,29,0,0,0,43,0,14,0,0,29,0
Aaron Cochran,45102,TE,UCF,8,37.2,0,323,57.1,60.5,73.1,0,0,1,2.0,2.0,100.0,0,0,0,29,0,0,0,78,1,50,0,0,28,53
Quay Chambers,47675,WR,DUKE,5,80.6,0,154,47.1,,59.3,0,0,0,0.0,0.0,,0,0,0,29,0,0,0,36,0,7,0,0,29,0
Seth Ryan,34901,WR,CLEMSON,5,76.3,0,140,59.0,,63.0,0,0,0,0.0,0.0,,0,0,0,29,0,0,0,38,0,9,0,0,29,0
David Tangipa,47390,TE,FRESNO ST,6,96.6,0,169,51.8,71.5,51.4,0,0,1,50.0,50.0,100.0,0,0,0,28,0,0,0,29,1,2,0,1,27,23
Elliot Jordan,30852,T,W MICHIGAN,3,100.0,0,347,60.1,53.5,59.9,0,1,6,100.0,100.0,91.7,0,1,0,28,0,0,12,28,6,6,0,16,22,0
Bilal Marshall,47641,WR,PURDUE,11,23.7,0,273,61.8,,80.9,0,0,0,0.0,0.0,,0,0,0,28,0,0,0,118,0,90,0,0,28,0
Deontae Cooper,19676,HB,WASHINGTON,6,39.4,0,340,63.9,86.5,57.4,0,0,16,38.1,38.6,100.0,0,0,0,28,0,0,0,71,17,44,0,0,11,0
Joshua Tapscott,30704,HB,WYOMING,8,50.0,0,351,63.8,64.5,59.5,0,1,25,73.5,70.3,98.0,0,1,0,28,0,0,0,56,26,37,0,0,2,0
Chase Whitehead,41000,WR,USF,4,68.3,0,327,54.2,,60.5,0,0,0,0.0,0.0,,0,0,0,28,0,0,0,41,0,13,0,0,28,0
Jarrett Burgess,47764,WR,PURDUE,11,58.3,0,273,58.0,,61.7,0,0,0,0.0,0.0,,0,0,0,28,0,0,0,48,0,18,0,0,28,0
Giovanni Gentosi,13879,FB,UCLA,5,93.3,0,324,76.6,75.9,75.0,0,0,8,80.0,80.0,100.0,0,0,0,28,15,0,0,30,8,10,0,0,20,8
C.J. Fuller,32963,HB,CLEMSON,9,31.1,0,140,66.7,81.1,64.1,0,0,11,35.5,37.5,100.0,0,0,0,28,0,0,0,90,12,32,0,0,16,0
Jon Hilliman,45826,HB,BOSTON COL,4,27.5,0,121,62.4,79.0,59.9,0,0,7,24.1,23.3,100.0,0,0,0,28,0,0,0,102,7,30,0,0,21,0
Tommy Vitale,37450,TE,NWESTERN,5,96.6,0,256,70.0,,70.5,0,0,0,0.0,0.0,,0,0,0,28,0,0,0,29,0,1,0,0,28,20
Steve Hashemi,27254,G,UCONN,2,82.4,0,146,45.7,68.9,60.1,0,0,2,25.0,25.0,100.0,1,0,0,28,0,11,0,34,2,8,0,0,26,21
Stephen Buckley,23386,WR,NWESTERN,8,59.6,0,256,57.5,,76.1,0,0,0,0.0,0.0,,0,0,0,28,0,0,0,47,0,19,0,0,28,0
Jayson Rhodes,46170,G,KANSAS,3,100.0,0,198,65.3,75.1,63.0,0,0,18,100.0,100.0,100.0,0,0,0,28,0,0,0,28,20,20,28,0,8,0
Trey Elliott,30225,T,TCU,3,100.0,0,305,57.5,79.6,62.2,0,0,3,100.0,100.0,100.0,1,0,0,28,0,0,28,28,3,3,0,0,25,0
Matt Galland,24979,WR,AIR FORCE,3,100.0,0,101,77.2,,82.3,0,0,0,,,,0,0,0,28,0,0,0,28,0,0,0,0,28,11
Tom Flacco,46503,QB,W MICHIGAN,7,38.4,0,347,84.9,,60.0,0,0,0,0.0,0.0,,0,0,0,28,0,0,0,73,0,13,0,0,28,0
Tyler Barron,18608,TE,MIDDLE TN,5,60.9,0,224,57.7,,56.0,0,0,0,0.0,0.0,,0,0,0,28,0,0,0,46,0,18,0,0,28,36
Kelly Bryant,34897,QB,CLEMSON,8,45.9,0,140,59.2,,60.0,0,0,0,0.0,0.0,,0,0,0,28,0,0,0,61,0,11,0,0,28,0
Jordan Davis,30148,QB,LA LAFAYET,3,29.2,0,207,77.8,,60.0,0,0,0,0.0,0.0,,0,0,0,28,0,0,0,96,0,53,0,0,28,0
Jojo Robinson,28038,WR,ARKANSAS,5,38.0,0,111,66.3,,64.0,0,0,0,0.0,0.0,,0,0,0,27,0,0,0,71,0,44,0,0,27,0
Derwin Gray,46335,T,MARYLAND,2,100.0,0,215,82.9,41.1,91.4,0,0,13,100.0,100.0,92.3,0,1,1,27,0,0,0,27,14,14,0,27,13,0
Jarrod Lynn,18898,TE,N TEXAS,11,81.8,0,251,54.1,65.1,54.9,0,0,1,25.0,25.0,100.0,0,0,0,27,0,0,0,33,1,4,0,0,26,7
Derrick Jones,11959,WR,OLE MISS,11,30.7,0,226,66.7,,60.7,0,0,0,0.0,0.0,,1,0,0,27,0,0,0,88,0,61,0,0,27,0
Daniel Brooks,23548,HB,OKLAHOMA,8,34.6,0,261,63.0,79.8,56.9,0,0,6,20.7,20.7,100.0,0,0,0,27,0,0,0,78,6,29,0,0,21,0
Matt Brown,21718,TE,OLE MISS,6,87.1,0,226,67.9,70.4,68.3,0,0,6,60.0,66.7,100.0,0,0,0,27,0,0,1,31,8,12,0,0,19,25
Jake Barnhorst,37481,T,AIR FORCE,3,100.0,0,101,65.2,,63.8,0,0,0,,,,0,0,0,27,0,0,16,27,0,0,0,11,27,0
Chris Jones,28109,HB,ARKANSAS,5,90.0,0,111,74.3,70.3,75.7,0,0,1,25.0,25.0,100.0,0,0,0,27,0,0,0,30,1,4,0,0,26,0
Dale Brown,26293,T,N ILLINOIS,4,100.0,0,254,70.5,74.0,68.3,0,0,5,100.0,100.0,100.0,0,0,0,27,0,0,27,27,5,5,0,0,22,0
Derrius Guice,45664,HB,LSU,12,27.8,0,211,90.1,69.9,58.1,0,1,12,38.7,38.7,95.8,0,1,0,27,0,0,0,97,12,31,0,0,15,0
Wes Rogers,39322,C,INDIANA,2,100.0,0,190,51.5,29.8,63.5,1,1,16,100.0,100.0,93.7,1,2,0,27,4,20,0,27,16,16,0,0,11,3
Jeremiah Bryson,18616,HB,MIDDLE TN,7,21.1,0,224,67.6,80.5,58.5,0,1,20,27.0,27.6,97.5,0,1,0,27,0,0,0,128,21,76,0,0,6,0
Jordan Scarlett,39258,HB,FLORIDA,9,31.0,0,163,72.0,81.4,60.1,0,0,11,30.6,32.4,100.0,0,0,0,27,0,0,0,87,12,37,0,0,15,0
Alton Howard,19328,WR,TENNESSEE,2,40.3,0,307,55.3,,59.6,0,0,0,0.0,0.0,,0,0,0,27,0,0,0,67,0,38,0,0,27,0
Shug Oyegunle,22591,WR,FIU,6,50.0,0,166,59.0,,60.8,0,0,0,0.0,0.0,,0,0,0,27,0,0,0,54,0,25,0,0,27,0
Kyle Chung,30756,C,VA TECH,5,100.0,0,337,57.7,77.3,56.4,0,0,6,100.0,100.0,100.0,0,0,0,27,21,4,0,27,6,6,2,0,21,0
Kani Benoit,38917,HB,OREGON,11,25.2,0,264,76.9,21.0,47.0,0,1,12,31.6,31.6,87.5,0,2,1,27,0,0,0,107,12,38,0,0,15,0
Patrick Worstell,22577,WR,CAL,3,62.8,0,130,73.6,,73.1,0,0,0,0.0,0.0,,0,0,0,27,0,0,0,43,0,16,0,0,27,0
Poasi Moala,46819,G,UCLA,2,100.0,0,324,67.3,78.3,73.5,0,0,9,100.0,100.0,100.0,1,0,0,27,0,0,0,27,9,9,27,0,18,0
Dustin Garrison,38827,HB,FRESNO ST,11,19.6,1,169,62.6,74.6,56.8,0,1,17,24.6,23.6,97.1,1,1,0,27,0,0,0,138,17,72,0,0,10,1
Colin McGovern,46818,G,NOTRE DAME,4,100.0,0,258,62.2,77.9,59.5,0,0,4,100.0,100.0,100.0,0,0,0,27,0,5,0,27,5,5,1,21,22,0
Deric Phouthavong,48312,WR,BOWL GREEN,5,65.9,0,122,49.8,,62.1,0,0,0,0.0,0.0,,1,0,0,27,0,0,0,41,0,14,0,0,27,0
Shane Evans,26330,G,N ILLINOIS,5,100.0,0,254,76.6,74.1,75.2,0,0,5,100.0,100.0,100.0,0,0,0,27,2,19,0,27,5,5,6,0,22,0
Sergio Phillips,35479,G,S DIEGO ST,6,100.0,0,284,69.6,77.4,68.3,0,0,5,100.0,100.0,100.0,0,0,0,27,0,24,0,27,5,5,3,0,22,0
Shaquille Harris,23998,WR,UMASS,10,20.6,0,216,56.4,83.9,59.7,0,0,11,10.1,9.6,100.0,0,0,0,27,0,0,10,131,11,115,0,1,16,53
Jake Witucki,22927,G,KENT STATE,1,100.0,0,201,69.9,75.1,68.9,0,0,5,100.0,100.0,100.0,0,0,0,27,0,27,0,27,5,5,0,0,22,0
Jonah Hill,27963,TE,ARK STATE,7,84.4,0,113,52.6,67.5,68.8,0,0,1,20.0,16.7,100.0,2,0,0,27,0,0,0,32,1,6,0,0,26,9
Nathan Sassaman,39236,WR,S ALABAMA,5,69.2,0,288,62.8,,58.3,0,0,0,0.0,0.0,,0,0,0,27,0,0,0,39,0,12,0,0,27,0
Trip McNeill,46621,G,DUKE,3,100.0,0,154,50.6,75.2,49.7,0,0,3,100.0,100.0,100.0,0,0,0,27,0,0,0,27,3,3,27,0,24,0
C.J. Worton,27707,WR,FLORIDA,5,40.3,0,163,73.6,,58.0,0,0,0,0.0,0.0,,0,0,0,27,0,0,0,67,0,40,0,0,27,0
Tyree St. Louis,46252,T,MIAMI FL,4,100.0,0,220,83.0,78.6,80.0,0,0,7,100.0,100.0,100.0,0,0,0,27,0,0,2,27,7,7,0,25,20,0
Emanuel Beal,35040,WR,MARSHALL,4,57.4,0,214,58.3,,63.4,0,0,0,0.0,0.0,,0,0,0,27,0,0,0,47,0,20,0,0,27,0
Grant Newsome,27306,T,MICHIGAN,4,100.0,0,222,76.9,78.2,74.4,0,0,5,100.0,100.0,100.0,0,0,0,27,0,0,22,27,5,5,0,0,22,4
Joshua Peters,37199,G,FLORIDA ST,3,100.0,0,167,65.2,50.5,66.7,1,0,14,100.0,100.0,96.4,0,1,0,27,0,21,0,27,14,14,6,0,13,0
Zach Heiman,28811,TE,KANSAS ST,6,96.4,0,199,59.4,71.1,56.5,0,0,5,83.3,83.3,100.0,0,0,0,27,0,0,0,28,5,6,0,0,22,28
Greg Stroman Jr.,49354,CB,VA TECH,7,64.3,1,337,54.8,,59.3,0,0,0,0.0,0.0,,2,0,0,27,0,0,0,42,0,8,0,0,27,0
David Yancey,45857,HB,PURDUE,11,52.9,0,273,61.5,82.5,48.4,0,0,11,37.9,38.7,100.0,0,0,0,27,0,0,0,51,12,31,0,0,15,1
Jacorey Warrick,47656,WR,TEXAS,5,37.7,0,311,63.3,,71.4,0,0,0,0.0,0.0,,0,0,0,26,0,0,0,69,0,43,0,0,26,1
Ryan Newsome,38331,WR,TEXAS,4,54.2,0,311,64.4,,57.9,0,0,0,0.0,0.0,,0,0,0,26,0,0,0,48,0,22,0,0,26,0
Sean Modster,47919,WR,BOISE ST,9,52.0,0,120,58.9,,59.1,0,0,0,0.0,0.0,,0,0,0,26,0,0,0,50,0,24,0,0,26,0
Logan Sweet,19493,WR,UCLA,10,41.3,0,324,61.4,,74.1,0,0,0,0.0,0.0,,0,0,0,26,0,0,0,63,0,37,0,0,26,0
Max Browne,46632,QB,USC,3,66.7,0,326,52.8,,60.0,0,0,0,0.0,0.0,,0,0,0,26,0,0,0,39,0,12,0,0,26,0
Jerry Neuheisel,24010,QB,UCLA,3,55.3,0,324,54.6,,60.0,0,0,0,0.0,0.0,,1,0,0,26,0,0,0,47,0,18,0,0,26,0
Stephon McCray,21634,G,ARIZONA ST,5,100.0,0,110,54.9,56.4,54.3,0,1,15,100.0,100.0,96.7,0,1,0,26,16,0,0,26,16,16,9,0,10,1
Chris French,32385,TE,TEXAS ST,3,61.9,0,314,64.0,37.6,61.3,0,0,4,21.1,20.0,100.0,1,0,0,26,0,0,0,42,4,20,0,0,22,22
Stewart Hinson,17958,T,E CAROLINA,4,100.0,0,156,68.7,78.6,65.3,0,0,7,100.0,100.0,100.0,0,0,0,26,0,0,3,26,7,7,0,23,19,0
Sam Grant,23587,T,OKLAHOMA,6,100.0,0,261,89.0,69.0,74.4,0,0,4,100.0,100.0,100.0,0,0,0,26,0,0,0,26,4,4,0,13,22,13
Patrick Kugler,46010,C,MICHIGAN,4,100.0,0,222,67.5,76.0,64.9,0,0,4,100.0,100.0,100.0,0,0,0,26,24,0,0,26,4,4,0,2,22,0
Garrett Anderson,26080,HB,UCONN,3,65.0,0,146,65.3,73.7,44.7,0,0,3,21.4,20.0,100.0,1,0,0,26,0,0,0,40,3,15,0,0,23,19
Jake Sanders,28459,G,DUKE,4,100.0,0,154,57.2,72.9,56.4,0,0,2,100.0,100.0,100.0,0,0,0,26,0,19,0,26,2,2,7,0,24,0
Maurice Morris,45554,C,NAVY,5,100.0,0,237,63.0,69.9,61.6,0,0,1,100.0,100.0,100.0,0,0,0,26,26,0,0,26,2,2,0,0,24,0
Alvin Bailey,27559,WR,FLORIDA,9,48.1,0,163,61.5,,58.1,0,0,0,0.0,0.0,,0,0,0,26,0,0,0,54,0,28,0,0,26,3
Ryker Fyfe,46588,QB,NEBRASKA,2,28.6,0,238,65.4,,60.0,0,0,0,0.0,0.0,,0,0,0,26,0,0,0,91,0,63,0,0,26,0
Jaxon Salinas,46046,G,OKLA STATE,1,100.0,0,262,67.6,78.0,66.2,0,0,8,100.0,100.0,100.0,0,0,0,26,0,0,0,26,9,9,26,0,17,0
Soso Jamabo,45526,HB,UCLA,13,16.5,0,324,68.1,42.9,72.5,0,1,17,22.1,21.3,97.1,0,1,0,26,0,0,0,158,17,80,0,0,9,1
Dylan Chmura,27269,TE,MICH STATE,3,100.0,0,223,52.1,,52.1,0,0,0,,,,0,0,0,26,0,0,0,26,0,0,0,0,26,18
Ryan Ward,22684,T,IOWA,3,100.0,0,192,63.7,82.3,61.6,0,0,4,100.0,100.0,100.0,0,0,0,26,0,0,15,26,4,4,11,0,22,0
Taz Bateman,39369,HB,GA STATE,7,19.5,0,175,73.1,56.3,59.2,1,0,20,26.7,26.0,97.5,0,1,0,26,0,0,0,133,20,77,0,0,6,0
Faton Bauta,46470,QB,GEORGIA,2,40.6,0,173,34.1,,60.2,0,0,0,0.0,0.0,,0,0,0,26,0,0,0,64,0,36,0,0,26,0
Damien Harris,35134,HB,ALABAMA,9,26.3,1,103,59.1,33.5,75.8,0,3,18,41.9,41.9,91.7,1,3,0,26,0,0,0,99,18,43,0,0,8,2
Brayle Brown,16644,QB,LA MONROE,6,46.4,0,209,47.1,,60.0,0,0,0,0.0,0.0,,0,0,0,26,0,0,0,56,0,19,0,0,26,0
Dorian Brown,45944,HB,OHIO,7,25.0,0,259,67.3,51.9,67.6,0,0,12,25.0,24.0,91.7,0,1,1,26,0,0,0,104,12,50,0,0,14,0
Da'Quan Heard,22857,TE,GA SOUTHRN,7,100.0,0,174,56.0,,55.4,0,0,0,,,,0,0,0,26,0,0,0,26,0,0,0,2,26,15
Marcus Clark,45880,HB,FAU,11,20.6,0,165,63.2,82.6,58.3,0,0,15,20.0,19.2,100.0,0,0,0,26,0,0,0,126,15,78,0,0,11,7
Deionte Noel,28140,G,OKLA STATE,1,100.0,0,262,77.4,78.0,76.6,0,0,8,100.0,100.0,100.0,0,0,0,26,0,26,0,26,9,9,0,0,17,0
Troy Bacon,26644,T,BOISE ST,1,100.0,0,120,57.4,73.6,63.3,0,0,3,100.0,100.0,100.0,1,0,0,26,0,0,26,26,3,3,0,0,23,0
Taiwan Deal,30651,HB,WISCONSIN,10,13.3,0,349,66.7,58.1,61.0,0,1,13,22.0,23.0,96.2,0,1,0,26,0,0,0,195,14,61,0,0,12,0
Emmanuel Moore,47589,WR,KANSAS,6,42.4,0,198,53.9,,60.9,0,0,0,0.0,0.0,,0,0,0,25,0,0,0,59,0,34,0,0,25,0
Shaquille Johnson,47130,TE,W KENTUCKY,6,86.2,0,346,51.5,66.8,53.4,0,0,1,20.0,20.0,100.0,0,0,0,25,0,0,0,29,1,5,0,0,24,23
D'Aundrey Bradley,33747,WR,N TEXAS,5,41.7,0,251,49.6,,71.2,0,0,0,0.0,0.0,,0,0,0,25,0,0,0,60,0,35,0,0,25,0
Josh Hicks,45862,HB,RUTGERS,11,11.4,0,278,76.4,50.1,60.0,0,2,20,26.0,25.3,95.0,0,2,0,25,0,0,0,219,20,79,0,0,5,0
Andrew Celis,47478,WR,NEVADA,8,83.3,0,239,50.5,,58.7,0,0,0,0.0,0.0,,1,0,0,25,0,0,0,30,0,5,0,0,25,0
Isaiah Gentry-Madaris,26244,WR,MINNESOTA,3,43.9,0,225,55.9,,60.6,0,0,0,0.0,0.0,,0,0,0,25,0,0,0,57,0,32,0,0,25,0
Kam Myers,25052,WR,GA STATE,8,35.2,0,175,51.9,,61.2,0,0,0,0.0,0.0,,0,0,0,25,0,0,0,71,0,45,0,0,25,0
Devin Alexander,50277,FB,TOLEDO,3,92.6,0,316,71.7,,79.6,0,0,0,0.0,0.0,,0,0,0,25,0,0,0,27,0,2,0,0,25,3
Cody Boyer,46266,T,UTAH ST,2,100.0,0,329,59.0,12.8,61.7,1,0,4,100.0,100.0,87.5,0,1,0,25,0,0,0,25,4,4,0,24,21,1
Dameko Doddles,34841,WR,WYOMING,4,45.5,0,351,52.0,,59.3,0,0,0,0.0,0.0,,0,0,0,25,0,0,0,55,0,30,0,0,25,0
Caleb Samuel,30402,TE,N CAROLINA,4,100.0,0,245,69.5,64.8,67.1,0,0,1,100.0,100.0,100.0,0,0,0,25,0,0,0,25,1,1,0,0,24,23
Brendan Douglas,45680,HB,GEORGIA,9,29.1,0,173,58.4,49.2,51.9,1,1,11,30.6,30.6,90.9,0,2,0,25,0,0,0,86,11,36,0,0,14,0
Tommy Fiedler,34293,QB,N ILLINOIS,2,27.8,0,254,58.1,,60.0,0,0,0,0.0,0.0,,1,0,0,25,0,0,0,90,0,58,0,0,25,0
Najee Toran,46833,G,UCLA,1,100.0,0,324,57.4,59.9,55.4,0,1,19,100.0,100.0,97.4,0,1,0,25,0,25,0,25,20,20,0,0,5,0
Maleek Irons,45946,HB,OHIO,7,31.3,0,259,73.1,81.6,66.1,0,0,13,39.4,38.9,100.0,1,0,0,25,0,0,0,80,14,36,0,0,11,0
KJ Uluave,46820,G,UTAH ST,2,100.0,0,329,60.4,73.9,65.5,0,0,4,100.0,100.0,100.0,1,0,0,25,0,17,0,25,4,4,8,0,21,0
Antonio Rosales,27259,G,S DIEGO ST,6,100.0,0,284,70.4,29.4,72.8,0,0,6,100.0,100.0,83.3,0,1,1,25,0,9,0,25,6,6,16,0,19,0
Richard McQuarley,45970,HB,NEW MEXICO,12,30.1,0,241,67.6,,55.5,0,0,0,0.0,0.0,,0,0,0,25,0,0,0,83,0,5,0,0,25,0
Luke Shively,24080,C,N ILLINOIS,3,100.0,0,254,70.6,73.4,67.4,0,0,5,100.0,100.0,100.0,0,0,0,25,25,0,0,25,5,5,0,0,20,0
Jamal Jeffery,47579,WR,TEXAS A&M,5,58.1,0,312,65.5,,72.3,0,0,0,0.0,0.0,,0,0,0,25,0,0,0,43,0,17,0,0,25,0
Bobby Swigert,18029,WR,BOSTON COL,7,21.0,0,121,51.7,,60.6,0,0,0,0.0,0.0,,1,0,0,25,0,0,0,119,0,94,0,0,25,0
Jesse Burkett,27711,C,STANFORD,4,100.0,0,300,59.9,42.8,60.1,0,1,3,100.0,100.0,83.3,0,1,0,25,25,0,0,25,3,3,0,0,22,0
De'Mornay Pierson-El,48141,WR,NEBRASKA,5,24.5,0,238,67.1,,74.7,0,0,0,0.0,0.0,,0,0,0,25,0,0,0,102,0,74,0,0,25,0
Zach Allen,38296,WR,TCU,4,83.3,0,305,60.5,,57.4,0,0,0,0.0,0.0,,1,0,0,25,0,0,0,30,0,5,0,0,25,0
Tyler Harris,27477,QB,UCF,6,26.6,0,323,48.6,,60.0,0,0,0,0.0,0.0,,0,0,0,25,0,0,0,94,0,68,0,0,25,0
Grant Bothun,44875,WR,OKLAHOMA,5,62.5,0,261,71.7,,59.9,0,0,0,0.0,0.0,,0,0,0,25,0,0,0,40,0,15,0,0,25,0
Andrew Daughtery,38946,WR,AIR FORCE,6,100.0,0,101,60.2,,59.4,0,0,0,,,,0,0,0,25,0,0,0,25,0,0,0,0,25,2
Ari Werts,47936,WR,GA STATE,8,35.7,1,175,65.4,15.0,50.5,0,0,3,6.8,6.3,100.0,1,0,0,25,0,0,0,70,3,48,0,0,22,56
Thomas Tucker,21836,HB,S JOSE ST,6,21.4,0,285,63.6,26.3,63.2,0,2,9,16.1,16.4,88.9,1,2,0,25,0,0,0,117,10,61,0,0,15,0
Austin Roberts,47196,WR,UCLA,5,55.6,0,324,61.8,,56.6,0,0,0,0.0,0.0,,0,0,0,25,0,0,0,45,0,20,0,0,25,0
Jarom Ioane,39108,C,UTAH ST,2,100.0,0,329,54.5,73.1,54.7,0,0,4,100.0,100.0,100.0,0,0,0,25,25,0,0,25,4,4,0,0,21,0
Cleveland Smith,20019,DI,W MICHIGAN,10,100.0,0,347,66.5,70.7,66.4,0,0,2,100.0,100.0,100.0,1,0,0,25,0,0,0,25,2,2,0,0,23,2
Clark Eyers,47184,TE,NC STATE,3,80.6,0,248,68.9,70.0,73.6,0,0,5,45.5,45.5,100.0,0,0,0,25,0,0,2,31,5,11,0,0,20,25
Marquez Grayson,45794,HB,E CAROLINA,3,38.7,0,156,66.9,82.7,70.2,0,0,13,36.1,36.8,100.0,0,0,0,24,0,0,0,62,14,38,0,0,10,0
Justin Brown,32940,WR,UNLV,1,100.0,0,325,60.6,,60.4,0,0,0,,,,0,0,0,24,0,0,0,24,0,0,0,0,24,0
Justen Hervey,45669,HB,UTAH ST,7,58.5,0,329,66.2,70.0,56.2,0,0,1,25.0,25.0,100.0,0,0,0,24,0,0,0,41,1,4,0,0,23,0
Elroy Masters Jr.,47844,WR,COLO STATE,4,63.2,0,144,66.3,,59.6,0,0,0,0.0,0.0,,1,0,0,24,0,0,0,38,0,14,0,0,24,1
Dylan Keeney,47049,TE,COLORADO,11,18.5,0,143,57.0,,53.7,0,0,0,0.0,0.0,,1,0,0,24,0,0,0,130,0,106,0,0,24,16
Shawn White,23481,FB,NAVY,9,51.1,0,237,59.8,71.9,60.2,0,0,3,37.5,37.5,100.0,0,0,0,24,0,0,0,47,3,8,0,0,21,0
Christian Drake,33617,HB,ARMY,8,54.5,0,114,45.9,,54.1,0,0,0,0.0,0.0,,0,0,0,24,0,0,0,44,0,5,0,0,24,8
Tre' Perrier,47948,WR,LA MONROE,3,27.6,0,209,54.4,,70.8,0,0,0,0.0,0.0,,0,0,0,24,0,0,0,87,0,63,0,0,24,0
Mitchell Kaufman,47176,TE,SMU,4,77.4,0,287,67.1,79.4,45.9,0,0,7,50.0,50.0,100.0,0,0,0,24,0,0,0,31,7,14,0,0,17,6
Michael Harrop,17939,TE,FAU,5,100.0,0,165,61.1,68.0,60.1,0,0,2,100.0,100.0,100.0,0,0,0,24,0,0,2,24,2,2,0,1,22,10
Jerrod Brooks,45063,T,UTEP,1,100.0,0,330,74.4,74.3,70.9,0,0,5,100.0,100.0,100.0,0,0,0,24,0,0,5,24,5,5,0,11,19,8
Chris Dadson,21662,HB,S JOSE ST,6,68.6,0,285,53.6,65.4,58.0,0,0,1,9.1,9.1,100.0,0,0,0,24,0,0,0,35,1,11,0,0,23,11
Trey Edmunds,38329,HB,VA TECH,10,25.8,0,337,63.5,81.5,59.7,0,0,10,34.5,35.3,100.0,0,0,0,24,0,0,0,93,12,34,0,0,12,0
Jonathan Williams,21322,WR,WAKE,4,42.1,0,339,51.9,,61.8,0,0,0,0.0,0.0,,0,0,0,24,0,0,0,57,0,33,0,0,24,0
Jovon Robinson,25553,HB,AUBURN,8,14.6,0,115,80.7,81.6,53.2,0,0,12,35.3,37.1,100.0,0,0,0,24,0,0,0,164,13,35,0,0,11,0
Colin Sutton,12580,C,COLORADO,2,100.0,0,143,55.5,76.6,53.7,0,0,4,100.0,100.0,100.0,0,0,0,24,3,0,0,24,5,5,21,0,19,0
Brandon Wilson,11962,CB,HOUSTON,3,27.3,0,182,74.6,65.2,57.1,0,1,9,25.7,25.0,94.4,1,1,0,24,0,0,0,88,9,36,0,0,15,0
Jaelin Robinson,26501,T,TEMPLE,3,100.0,0,306,61.4,32.7,63.5,0,0,3,100.0,100.0,100.0,0,0,0,24,0,0,0,24,4,4,1,23,20,0
Alston Smith,24217,G,VA TECH,3,100.0,0,337,69.3,78.3,68.0,0,0,6,100.0,100.0,100.0,0,0,0,24,0,1,0,24,6,6,23,0,18,0
C.J. Davidson,17429,HB,CLEMSON,6,40.7,0,140,62.3,81.9,47.1,0,0,13,50.0,50.0,100.0,0,0,0,24,0,0,0,59,13,26,0,0,11,0
Juwann Bushell-Beatty,46217,T,MICHIGAN,4,100.0,0,222,51.6,31.0,53.9,1,0,4,100.0,100.0,87.5,0,1,0,24,0,0,16,24,4,4,0,8,20,0
Darryl Richardson,34979,TE,S DIEGO ST,5,96.0,0,284,64.4,67.3,63.0,0,0,1,50.0,50.0,100.0,0,0,0,24,0,0,0,25,1,2,0,0,23,25
Jonathan Pavlov,39302,TE,FIU,5,92.3,0,166,56.4,,58.0,0,0,0,0.0,0.0,,0,0,0,24,0,0,0,26,0,2,0,0,24,24
Charles Walker,28635,WR,KENTUCKY,9,24.5,0,202,53.1,,60.9,0,0,0,0.0,0.0,,0,0,0,24,0,0,0,98,0,74,0,0,24,0
DeAndre McNeal,39274,TE,TEXAS,4,57.1,0,311,52.7,,61.0,0,0,0,0.0,0.0,,1,0,0,24,0,0,0,42,0,17,0,0,24,0
Taylor Cornelius,46535,QB,OKLA STATE,2,70.6,0,262,53.2,,60.0,0,0,0,0.0,0.0,,0,0,0,24,0,0,0,34,0,10,0,0,24,0
Mason Sledge,25794,C,CHARLOTTE,3,100.0,0,136,51.9,28.7,54.5,0,0,6,100.0,100.0,100.0,0,0,0,24,11,0,0,24,6,6,7,6,18,0
Ezra Saffold,47442,WR,N ILLINOIS,6,61.5,0,254,60.0,,58.6,0,0,0,0.0,0.0,,0,0,0,24,0,0,0,39,0,14,0,0,24,0
Logan Fetzner,13274,WR,TENNESSEE,3,100.0,0,307,60.4,,59.8,0,0,0,,,,0,0,0,24,0,0,0,24,0,0,0,0,24,0
Corey Nesmith Jr.,25720,WR,CHARLOTTE,7,35.3,0,136,65.0,69.2,60.7,0,0,1,2.5,2.4,100.0,0,0,0,24,0,0,0,68,1,42,0,0,23,0
Case Hillier,46892,T,TROY,3,100.0,0,318,67.2,35.5,69.9,0,1,6,100.0,100.0,91.7,0,1,0,24,0,0,0,24,6,6,0,24,18,0
DeSean Blair,29169,WR,MISSOURI,6,45.3,0,229,54.0,,47.4,0,0,0,0.0,0.0,,1,0,0,24,0,0,0,53,0,29,0,0,24,0
Kirk Merritt,35096,WR,OREGON,10,44.2,0,264,61.3,,58.6,0,0,0,0.0,0.0,,0,0,0,23,0,0,0,52,0,26,0,0,23,0
Thomas Edwards,13113,G,TENNESSEE,3,100.0,0,307,66.8,76.1,65.6,0,0,4,100.0,100.0,100.0,0,0,0,23,0,0,0,23,4,4,23,0,19,0
Mark Harrell,18927,G,NOTRE DAME,4,100.0,0,258,81.3,77.8,80.4,0,0,3,100.0,100.0,100.0,0,0,0,23,0,0,0,23,4,4,17,6,19,0
Camrin Knight,36052,TE,FLORIDA,8,62.2,0,163,51.7,33.6,59.4,0,0,2,12.5,12.5,100.0,0,0,0,23,0,0,2,37,2,16,0,0,21,25
Tommy Doles,46702,T,NWESTERN,1,100.0,0,256,75.1,,72.5,0,0,0,,,,0,0,0,23,0,0,12,23,0,0,0,11,23,0
Jaye Rochell,30183,WR,TENNESSEE,3,100.0,0,307,58.9,,56.7,0,0,0,,,,0,0,0,23,0,0,0,23,0,0,0,0,23,0
Rodney Lawson,25362,WR,NEVADA,8,30.3,0,239,47.6,,61.6,0,0,0,0.0,0.0,,0,0,0,23,0,0,0,76,0,53,0,0,23,0
Grant Childress,22947,WR,LA TECH,9,48.9,0,208,51.2,,66.8,0,0,0,0.0,0.0,,0,0,0,23,0,0,0,47,0,24,0,0,23,0
Tom Strobel,48811,G,MICHIGAN,6,100.0,0,222,57.0,44.4,56.9,1,0,3,100.0,100.0,83.3,1,1,0,23,0,0,0,23,3,3,17,0,20,5
Charley Meyer,24216,WR,VA TECH,9,100.0,0,337,61.6,,62.5,0,0,0,,,,0,0,0,23,0,0,0,23,0,0,0,0,23,0
Scott Hester,31930,HB,AIR FORCE,5,79.3,0,101,63.9,78.6,52.7,0,0,7,100.0,100.0,100.0,0,0,0,23,0,0,0,29,9,9,0,0,14,3
Andres Preciado,39490,T,BOISE ST,2,100.0,0,120,70.7,76.3,68.3,0,0,2,100.0,100.0,100.0,0,0,0,23,0,0,23,23,2,2,0,0,21,0
Adam Breneman,47346,TE,PENN STATE,2,65.7,0,266,50.7,67.8,54.7,0,0,3,21.4,20.0,100.0,0,0,0,23,0,0,0,35,3,15,0,1,20,29
Jake Whitley,27539,G,GA TECH,1,100.0,0,176,78.6,,77.3,0,0,0,,,,0,0,0,23,0,14,0,23,0,0,9,0,23,0
Chris Davis Jr.,40254,WR,NEW MEXICO,9,48.9,0,241,63.7,,68.1,0,0,0,0.0,0.0,,0,0,0,23,0,0,0,47,0,23,0,0,23,0
Sam Coverdale,29546,G,NWESTERN,1,100.0,0,256,85.9,,84.0,0,0,0,,,,1,0,0,23,0,0,0,23,0,0,23,0,23,0
Michael Adkins II,22021,HB,COLORADO,3,24.2,0,143,71.5,62.3,69.9,0,2,14,31.8,31.8,92.9,0,2,0,23,0,0,0,95,14,44,0,0,9,0
Frederick Gammage,47438,WR,ARIZONA ST,6,33.3,0,110,58.8,,74.5,0,0,0,0.0,0.0,,0,0,0,23,0,0,0,69,0,45,0,0,23,0
Willy Ivery,29525,HB,N TEXAS,11,18.9,0,251,64.9,82.1,55.7,0,0,13,20.3,19.4,100.0,1,0,0,23,0,0,0,122,13,67,0,0,10,0
Rivers Bedenbaugh,32436,FB,S CAROLINA,9,95.8,0,289,61.8,74.6,61.0,0,0,2,66.7,66.7,100.0,0,0,0,23,0,0,0,24,2,3,0,0,21,0
Jaren Colston-Green,47853,WR,UTAH ST,7,74.2,0,329,79.5,,57.4,0,0,0,0.0,0.0,,0,0,0,23,0,0,0,31,0,8,0,0,23,0
D.J. Greenlee,27531,TE,CLEMSON,5,79.3,0,140,59.3,,63.9,0,0,0,0.0,0.0,,0,0,0,23,0,0,0,29,0,6,0,0,23,8
Jim Nudera,18142,TE,ILLINOIS,6,100.0,0,187,55.5,71.4,51.9,0,0,2,100.0,100.0,100.0,0,0,0,23,0,0,0,23,3,3,0,0,20,6
Austin Chapman,39331,TE,BOSTON COL,3,82.1,0,121,46.1,,49.3,0,0,0,0.0,0.0,,0,0,0,23,0,0,0,28,0,5,0,0,23,28
Jack Willenbrock,47371,TE,VA TECH,3,74.2,0,337,54.2,70.6,57.6,0,0,2,20.0,20.0,100.0,0,0,0,23,0,0,0,31,2,10,0,0,21,26
Justice Hayes,18629,HB,SO MISS,9,19.0,0,296,62.5,49.0,71.3,0,1,17,27.9,29.2,91.2,0,2,1,23,0,0,0,121,19,65,0,0,4,0
Jacques Patrick,45704,HB,FLORIDA ST,9,16.3,0,167,71.1,64.8,66.0,0,0,17,25.0,23.9,100.0,0,0,0,23,0,0,0,141,17,71,0,0,6,0
Messiah Rice,28471,T,E CAROLINA,3,100.0,0,156,66.7,79.9,62.9,0,0,7,100.0,100.0,100.0,0,0,0,23,0,0,23,23,7,7,0,0,16,0
Terrell Johnson,16703,WR,BOISE ST,9,40.4,0,120,58.1,,59.3,0,0,0,0.0,0.0,,0,0,0,23,0,0,0,57,0,33,0,0,23,0
Ryan Buchanan,26731,QB,OLE MISS,7,56.1,0,226,34.5,,60.0,0,0,0,0.0,0.0,,0,0,0,23,0,0,0,41,0,15,0,0,23,0
Raylen Elzy,35071,WR,MARSHALL,3,60.5,0,214,51.1,,61.8,0,0,0,0.0,0.0,,0,0,0,23,0,0,0,38,0,15,0,0,23,0
Damion Hobbs,46427,QB,UTAH ST,7,45.8,0,329,83.3,,60.3,0,0,0,0.0,0.0,,0,0,0,22,0,0,0,48,0,5,0,0,22,0
Jordan Gehrke,21879,QB,COLORADO,3,39.3,0,143,40.0,,60.0,0,0,0,0.0,0.0,,0,0,0,22,0,0,0,56,0,32,0,0,22,0
Kenneth Towns,22130,WR,GEORGIA,6,38.6,0,173,59.1,,61.8,0,0,0,0.0,0.0,,0,0,0,22,0,0,0,57,0,35,0,0,22,0
Robert Maxwell,22375,G,ARK STATE,4,100.0,0,113,71.8,75.4,71.0,0,0,4,100.0,100.0,100.0,0,0,0,22,0,0,0,22,5,5,22,0,17,0
Jarrod Lawson,21717,HB,S JOSE ST,8,34.9,0,285,49.0,19.2,56.1,2,0,8,25.0,28.6,62.5,0,4,2,22,0,0,0,63,10,35,0,0,12,0
Brian Wallace,27847,T,ARKANSAS,3,100.0,0,111,83.6,65.2,82.3,0,1,6,100.0,100.0,91.7,0,1,0,22,0,0,0,22,6,6,0,22,16,0
Tyler Gauthier,46788,G,MIAMI FL,4,100.0,0,220,76.2,77.6,75.5,0,0,5,100.0,100.0,100.0,0,0,0,22,0,22,0,22,5,5,0,0,17,0
Zach Yousey,47962,WR,TOLEDO,5,81.5,0,316,75.7,,61.1,0,0,0,0.0,0.0,,0,0,0,22,0,0,0,27,0,5,0,0,22,0
Kendall Baker,27757,T,GEORGIA,2,100.0,0,173,67.0,51.5,67.7,0,1,7,100.0,100.0,92.9,0,1,0,22,0,0,0,22,7,7,0,22,15,0
Thomas Jackson,47583,WR,N CAROLINA,5,91.7,0,245,57.7,,58.1,0,0,0,0.0,0.0,,0,0,0,22,0,0,0,24,0,2,0,0,22,0
Cece Jefferson,48729,ED,FLORIDA,6,88.0,1,163,61.7,65.5,62.6,0,0,1,25.0,25.0,100.0,3,0,0,22,0,0,0,25,1,4,0,1,21,24
Andrew Stone,18239,WR,IOWA,12,59.5,0,192,59.7,,77.2,0,0,0,0.0,0.0,,0,0,0,22,0,0,0,37,0,15,0,0,22,0
Ricky Ali'ifua,39139,DI,UTAH ST,5,100.0,0,329,52.8,68.1,52.9,0,0,2,100.0,100.0,100.0,0,0,0,22,0,0,0,22,2,2,0,0,20,22
Monty Madaris,48154,WR,MICH STATE,6,38.6,0,223,51.5,,57.1,0,0,0,0.0,0.0,,0,0,0,22,0,0,0,57,0,35,0,0,22,0
Devon Johnson,26643,T,TULANE,3,100.0,0,319,73.3,76.6,70.8,0,0,3,100.0,100.0,100.0,0,0,0,22,0,0,22,22,3,3,0,0,19,0
Nick Scott,49012,HB,PENN STATE,10,22.0,0,266,69.1,82.7,59.8,0,0,16,25.0,25.8,100.0,1,0,0,22,0,0,0,100,17,66,0,0,5,0
Marcus Jones,34772,HB,N ILLINOIS,8,61.1,0,254,60.5,2.4,56.7,0,0,5,50.0,45.5,80.0,0,1,1,22,0,0,0,36,5,11,0,0,17,0
Daniel McCarty,46174,G,SMU,1,100.0,0,287,59.5,67.6,57.7,0,0,10,100.0,100.0,100.0,0,0,0,22,0,22,0,22,11,11,0,0,11,0
Michael Smith Jr.,46176,G,USF,3,100.0,0,327,52.5,76.2,51.5,0,0,2,100.0,100.0,100.0,0,0,0,22,1,21,0,22,2,2,0,0,20,0
Peyton Hall,34892,WR,UTSA,4,47.8,0,331,54.4,,46.6,0,0,0,0.0,0.0,,0,0,0,22,0,0,0,46,0,21,0,0,22,0
Semaj Reed,26562,G,TEMPLE,3,100.0,0,306,61.5,77.7,59.9,0,0,3,100.0,100.0,100.0,0,0,0,22,0,17,0,22,4,4,5,0,18,0
Gary Brown,27605,G,GA TECH,2,100.0,0,176,62.5,,61.8,0,0,0,,,,0,0,0,22,0,21,0,22,0,0,1,0,22,0
Shadrach Thornton,18797,HB,NC STATE,2,32.8,0,248,69.3,80.6,70.9,0,0,8,34.8,34.8,100.0,0,0,0,22,0,0,0,67,8,23,0,0,14,0
James McHale,38880,T,TEMPLE,3,100.0,0,306,80.4,80.7,77.9,0,0,3,100.0,100.0,100.0,0,0,0,22,0,0,22,22,4,4,0,0,18,0
Terence Williams,45819,HB,BAYLOR,8,16.5,0,118,84.3,80.6,64.4,0,0,10,32.3,30.3,100.0,0,0,0,22,0,0,0,133,10,33,0,0,12,2
Ty Johnson,45769,HB,MARYLAND,11,28.6,0,215,66.4,79.2,56.9,0,0,10,33.3,33.3,100.0,0,0,0,22,0,0,0,77,10,30,0,0,12,1
Ty Isaac,45887,HB,MICHIGAN,7,25.6,0,222,61.1,37.5,57.8,2,0,14,29.8,29.2,92.9,0,2,0,22,0,0,0,86,14,48,0,0,8,0
Michael Julian,30757,QB,TOLEDO,3,61.1,0,316,90.2,,60.0,0,0,0,0.0,0.0,,0,0,0,22,0,0,0,36,0,7,0,0,22,0
Johnathan Vickers,28393,HB,FLORIDA ST,6,27.8,0,167,61.9,51.2,60.0,0,1,18,35.3,36.5,97.2,0,1,0,22,0,0,0,79,19,52,0,0,3,0
Leon Thornton,37458,WR,INDIANA,6,62.9,0,190,47.6,,59.7,0,0,0,0.0,0.0,,0,0,0,22,0,0,0,35,0,13,0,0,22,0
Ronald Cochran,29043,G,MISS STATE,4,100.0,0,227,62.7,35.6,63.0,0,0,4,100.0,100.0,100.0,0,0,0,22,0,5,0,22,4,4,17,0,18,0
CJ Sanders,47607,WR,NOTRE DAME,3,78.6,0,258,54.8,,69.7,0,0,0,0.0,0.0,,0,0,0,22,0,0,0,28,0,6,0,0,22,0
Tyre'oune Holmes,47638,WR,SO MISS,2,84.6,0,296,69.9,,60.9,0,0,0,0.0,0.0,,0,0,0,22,0,0,0,26,0,4,0,0,22,0
Liam Allen,30623,WR,TOLEDO,3,84.6,0,316,61.5,,73.7,0,0,0,0.0,0.0,,0,0,0,22,0,0,0,26,0,4,0,0,22,0
Shawn Brickley,23696,WR,SO MISS,4,78.6,0,296,56.5,,62.7,0,0,0,0.0,0.0,,0,0,0,22,0,0,0,28,0,6,0,0,22,0
George Fant,11282,TE,W KENTUCKY,4,84.6,0,346,56.0,,55.9,0,0,0,0.0,0.0,,0,0,0,22,0,0,0,26,0,4,0,0,22,26
Kenneth Thompson,29869,G,RICE,4,100.0,0,275,70.5,78.7,69.5,0,0,7,100.0,100.0,100.0,0,0,0,22,0,10,0,22,8,8,12,0,14,0
Shawn Furlow,33909,HB,E CAROLINA,9,38.6,0,156,66.2,77.1,57.5,0,0,7,43.8,43.8,100.0,0,0,0,22,0,0,0,57,7,16,0,0,15,0
Ryan Santoro,47766,WR,VIRGINIA,7,47.7,0,335,58.4,,43.6,0,0,0,0.0,0.0,,0,0,0,21,0,0,0,44,0,23,0,0,21,0
Alex Woodall,28819,WR,LA TECH,8,65.6,0,208,38.0,60.5,54.9,0,0,1,8.3,8.3,100.0,0,0,0,21,0,0,0,32,1,12,0,0,20,13
Sam Dobbs,29111,TE,VANDERBILT,7,40.4,0,333,53.9,,57.6,0,0,0,0.0,0.0,,0,0,0,21,0,0,0,52,0,31,0,0,21,3
Zach Riggs,27533,C,CLEMSON,3,100.0,0,140,61.5,79.0,59.1,0,0,7,100.0,100.0,100.0,1,0,0,21,10,4,0,21,7,7,7,0,14,0
Danny Nwosu,47347,TE,COLO STATE,7,77.8,0,144,88.5,65.4,80.7,0,0,1,14.3,14.3,100.0,0,0,0,21,0,0,0,27,1,7,0,0,20,26
Glynn Molinich,28137,TE,BUFFALO,3,95.5,0,126,54.2,,54.7,0,0,0,0.0,0.0,,0,0,0,21,0,0,0,22,0,1,0,0,21,20
Triston Crossland,12501,TE,UTSA,6,75.0,0,331,69.4,69.1,75.0,0,0,3,37.5,30.0,100.0,0,0,0,21,0,0,0,28,3,10,0,0,18,27
Lucas Bezerra,30818,TE,W MICHIGAN,5,84.0,0,347,45.7,11.1,47.6,0,1,2,33.3,33.3,75.0,0,1,0,21,0,0,0,25,2,6,0,0,19,18
T.V. Williams,28698,WR,KENTUCKY,4,51.2,0,202,52.4,,73.8,0,0,0,0.0,0.0,,0,0,0,21,0,0,0,41,0,20,0,0,21,0
Tim Byerly,17313,QB,GA TECH,1,72.4,0,176,68.0,,60.0,0,0,0,0.0,0.0,,0,0,0,21,0,0,0,29,0,2,0,0,21,0
Harris Hite,19383,T,N CAROLINA,3,100.0,0,245,76.2,77.0,73.6,0,0,3,100.0,100.0,100.0,0,0,0,21,0,0,0,21,3,3,0,21,18,0
Jacob Sannon,47558,WR,IDAHO,2,29.2,0,185,64.4,,56.2,0,0,0,0.0,0.0,,0,0,0,21,0,0,0,72,0,51,0,0,21,0
Jakob Johnson,32565,TE,TENNESSEE,4,87.5,0,307,50.9,,53.4,0,0,0,0.0,0.0,,0,0,0,21,0,0,0,24,0,3,0,0,21,19
Christian Montes,16971,TE,COLO STATE,2,100.0,0,144,62.0,32.1,64.2,0,1,7,100.0,100.0,92.9,0,1,0,21,0,0,0,21,7,7,18,3,14,0
Ian Dixon,18811,WR,OHIO,7,48.8,0,259,52.3,,57.4,0,0,0,0.0,0.0,,0,0,0,21,0,0,0,43,0,22,0,0,21,0
Tre'Von Armstead,22527,TE,BAYLOR,1,75.0,1,118,57.2,32.2,65.4,0,2,10,62.5,61.1,90.0,1,2,0,21,0,0,1,28,11,18,0,0,10,6
Jace Neville,46969,T,MEMPHIS,2,100.0,0,218,61.7,75.6,59.7,0,0,3,100.0,100.0,100.0,0,0,0,21,0,0,21,21,3,3,0,0,18,0
Andrew Wilson,22595,HB,INDIANA,6,35.0,0,190,61.9,81.7,60.1,0,0,13,46.4,48.3,100.0,0,0,0,21,0,0,0,60,14,29,0,0,7,0
William Stanback,12197,HB,UCF,2,28.0,0,323,50.2,77.6,59.5,0,1,16,29.1,30.0,96.9,0,1,0,21,0,0,0,75,18,60,0,0,3,0
Dontavian Lee,29216,HB,MISS STATE,8,30.9,0,227,62.1,48.0,60.8,0,0,4,13.8,13.8,100.0,0,0,0,21,0,0,0,68,4,29,0,0,17,1
Juwan Caesar,22711,WR,FIU,6,46.7,0,166,52.0,,76.3,0,0,0,0.0,0.0,,1,0,0,21,0,0,0,45,0,24,0,0,21,0
Anthony Antwine,47221,WR,ARKANSAS,7,77.8,0,111,57.4,66.7,60.1,0,0,2,28.6,25.0,100.0,1,0,0,21,0,0,0,27,2,8,0,0,19,0
Haniteli Lousi,19103,G,OREGON,3,100.0,0,264,76.1,74.7,74.9,0,0,3,100.0,100.0,100.0,0,0,0,21,0,21,0,21,3,3,0,0,18,0
Clark Clancy,27152,G,BOWL GREEN,3,100.0,0,122,68.2,30.6,71.3,0,0,8,100.0,100.0,100.0,0,0,0,21,0,16,0,21,10,10,0,5,11,0
Milan Richard,47364,TE,CLEMSON,5,77.8,0,140,57.1,73.6,60.2,0,0,2,25.0,25.0,100.0,0,0,0,21,0,0,0,27,2,8,0,0,19,12
Matt Colburn II,34388,HB,WAKE,10,21.4,0,339,57.2,53.5,65.5,0,1,4,26.7,31.3,87.5,0,1,0,21,0,0,0,98,5,16,0,0,16,1
Justin Vele,18352,FB,HAWAII,5,70.0,0,180,62.6,81.1,70.9,0,0,10,66.7,68.8,100.0,0,0,0,21,0,0,0,30,11,16,0,0,10,0
Spencer McInnis,20451,HB,MIAMI OH,9,24.4,0,221,55.8,48.2,55.0,0,1,10,23.8,22.2,95.0,0,1,0,21,0,0,0,86,10,45,0,0,11,2
Ryan Beveridge,37625,G,AIR FORCE,2,100.0,0,101,67.4,,66.6,0,0,0,,,,0,0,0,21,0,4,0,21,0,0,17,0,21,0
Tevita Halalilo,37298,G,UCLA,1,100.0,0,324,66.1,78.3,64.3,0,0,9,100.0,100.0,100.0,0,0,0,20,0,20,0,20,9,9,0,0,11,0
Spencer Cairo,17018,C,BOWL GREEN,3,100.0,0,122,60.0,75.7,57.7,0,0,8,100.0,100.0,100.0,0,0,0,20,17,0,0,20,9,9,3,0,11,0
Alex Ogle,38994,QB,BOISE ST,3,74.1,0,120,61.2,,60.0,0,0,0,,,,0,0,0,20,0,0,0,27,0,0,0,0,20,0
Donavan Hale,48121,WR,INDIANA,4,54.1,0,190,63.2,,60.4,0,0,0,0.0,0.0,,0,0,0,20,0,0,0,37,0,16,0,0,20,0
Parker Wade,29354,C,NAVY,4,100.0,0,237,56.3,,56.7,0,0,0,,,,0,0,0,20,20,0,0,20,0,0,0,0,20,0
Cole Boozer,26461,TE,TEMPLE,6,100.0,0,306,56.4,69.2,55.3,0,0,3,100.0,100.0,100.0,0,0,0,20,0,0,0,20,3,3,0,0,17,20
Steve Ferentz,22820,G,IOWA,2,100.0,0,192,72.3,75.6,70.9,0,0,3,100.0,100.0,100.0,0,0,0,20,1,19,0,20,3,3,0,0,17,0
Steven West,22968,WR,KANSAS ST,6,47.6,0,199,59.2,,56.1,0,0,0,0.0,0.0,,0,0,0,20,0,0,0,42,0,22,0,0,20,0
Jake McCreath,23650,TE,OREGON,4,95.2,0,264,61.3,,62.4,0,0,0,0.0,0.0,,0,0,0,20,0,0,0,21,0,1,0,0,20,15
Drew Bishop,23019,WR,MEMPHIS,3,62.5,0,218,50.2,,45.6,0,0,0,0.0,0.0,,0,0,0,20,0,0,0,32,0,12,0,0,20,0
Nyck Young,39263,WR,TROY,4,66.7,0,318,63.6,,60.3,0,0,0,0.0,0.0,,0,0,0,20,0,0,0,30,0,10,0,0,20,0
Cameron Birse,45341,QB,ARK STATE,2,80.0,0,113,72.0,,60.0,0,0,0,0.0,0.0,,0,0,0,20,0,0,0,25,0,5,0,0,20,0
Auden Tate,48192,WR,FLORIDA ST,4,62.5,0,167,54.7,,59.4,0,0,0,0.0,0.0,,0,0,0,20,0,0,0,32,0,12,0,0,20,0
Darian Allen,46278,G,NEW MEXICO,2,100.0,0,241,61.7,72.9,60.1,0,0,4,100.0,100.0,100.0,0,0,0,20,0,3,0,20,4,4,0,17,16,0
Trey Ellis,31787,WR,VANDERBILT,11,52.6,0,333,60.7,,61.3,0,0,0,0.0,0.0,,0,0,0,20,0,0,0,38,0,17,0,0,20,0
Mark Allen,32772,HB,PENN STATE,7,26.3,0,266,57.4,64.8,58.9,0,0,16,37.2,37.8,100.0,0,0,0,20,0,0,0,76,17,45,0,0,3,0
Bryan Cox Jr.,12092,ED,FLORIDA,5,87.0,0,163,59.8,,68.8,0,0,0,0.0,0.0,,2,0,0,20,0,0,0,23,0,3,0,0,20,6
KJ Myers,19785,WR,W VIRGINIA,5,54.1,0,343,53.8,,58.1,0,0,0,0.0,0.0,,0,0,0,20,0,0,0,37,0,17,0,0,20,0
Diquon Woodhouse,45971,HB,NEW MEXICO,8,58.8,0,241,62.6,73.4,67.9,0,0,3,30.0,36.4,100.0,0,0,0,20,0,0,0,34,4,11,0,0,16,0
Shakir Carr,46031,G,C MICHIGAN,2,100.0,0,134,56.6,35.1,57.6,1,0,6,100.0,100.0,91.7,0,1,0,20,0,20,0,20,6,6,0,0,14,0
Kaleb Moore,22530,WR,BAYLOR,2,80.0,0,118,55.7,,62.1,0,0,0,0.0,0.0,,0,0,0,20,0,0,0,25,0,5,0,0,20,0
Garrett McGhin,46165,G,E CAROLINA,3,100.0,0,156,68.2,74.5,67.2,0,0,4,100.0,100.0,100.0,0,0,0,20,0,0,0,20,4,4,20,0,16,0
Chris Myarick,47358,TE,TEMPLE,4,90.9,0,306,59.8,,60.3,0,0,0,0.0,0.0,,0,0,0,20,0,0,0,22,0,2,0,0,20,18
Brandon Dawkins,27142,QB,ARIZONA,6,21.5,0,109,63.8,,60.0,0,0,0,0.0,0.0,,0,0,0,20,0,0,0,93,0,60,0,0,20,0
Malike Roberson,45891,HB,S JOSE ST,7,23.5,0,285,59.3,22.0,59.1,0,0,13,25.5,26.9,84.6,0,2,2,19,0,0,0,81,14,52,0,0,5,0
Maurice Thomas,14213,HB,MIAMI OH,8,41.3,0,221,71.1,74.7,56.7,0,0,2,22.2,27.3,100.0,0,0,0,19,0,0,0,46,3,11,0,0,16,0
Kaleb Harris,35677,TE,MARSHALL,4,82.6,0,214,54.8,63.5,57.7,0,0,1,20.0,20.0,100.0,0,0,0,19,0,0,0,23,1,5,0,0,18,14
Henry Enyenihi,45710,HB,ILLINOIS,7,26.0,0,187,61.6,83.4,48.0,0,0,9,20.9,22.7,100.0,1,0,0,19,0,0,0,73,10,44,0,0,9,0
Peyton Bender,26736,QB,WASH STATE,5,16.5,0,341,50.1,,60.0,0,0,0,0.0,0.0,,0,0,0,19,0,0,0,115,0,96,0,0,19,0
Josh Boyd,28048,HB,APP STATE,7,26.0,0,108,56.9,78.1,56.7,0,0,2,18.2,29.4,100.0,0,0,0,19,0,0,0,73,5,17,0,0,14,0
Terren Encalade,48084,WR,TULANE,2,26.0,0,319,57.2,,63.1,0,0,0,0.0,0.0,,0,0,0,19,0,0,0,73,0,54,0,0,19,0
Alec Greene,29080,TE,MIAMI OH,9,90.5,0,221,64.5,63.3,65.6,0,0,1,33.3,33.3,100.0,0,0,0,19,0,0,0,21,1,3,0,0,18,20
Vasquez Haynes,47977,WR,HAWAII,3,32.2,0,180,51.5,,61.4,0,0,0,0.0,0.0,,1,0,0,19,0,0,0,59,0,40,0,0,19,0
George Rushing,48159,WR,WISCONSIN,12,37.3,0,349,58.6,,58.6,0,0,0,0.0,0.0,,0,0,0,19,0,0,0,51,0,30,0,0,19,0
Michael Muns,22403,C,GA TECH,2,100.0,0,176,62.7,,61.7,0,0,0,,,,0,0,0,19,19,0,0,19,0,0,0,0,19,0
Chandler Dorrell,26661,WR,VANDERBILT,5,51.4,0,333,61.1,,60.8,0,0,0,0.0,0.0,,0,0,0,19,0,0,0,37,0,18,0,0,19,0
Connor Griffin,47724,TE,WASHINGTON,7,73.1,0,340,62.5,,59.6,0,0,0,0.0,0.0,,1,0,0,19,0,0,0,26,0,7,0,0,19,19
Jourdan Soares,39272,WR,S JOSE ST,6,48.7,0,285,56.9,,79.1,0,0,0,0.0,0.0,,0,0,0,19,0,0,0,39,0,20,0,0,19,0
Antonio Zepeda,48485,DI,UNLV,2,95.0,0,325,63.7,67.5,64.1,0,0,1,50.0,50.0,100.0,2,0,0,19,0,0,0,20,1,2,0,0,18,7
Glenn Welch,45622,TE,GEORGIA,5,79.2,0,173,65.7,68.1,63.1,0,0,1,16.7,16.7,100.0,0,0,0,19,0,0,0,24,1,6,0,0,18,0
Brady Jones,47536,WR,UTSA,8,38.8,0,331,66.4,,70.3,0,0,0,0.0,0.0,,0,0,0,19,0,0,0,49,0,29,0,0,19,0
Michael Martens,25394,WR,FRESNO ST,8,24.4,0,169,44.4,,59.9,0,0,0,0.0,0.0,,1,0,0,19,0,0,0,78,0,59,0,0,19,0
Daniel Hamm,45875,HB,VIRGINIA,10,15.2,0,335,72.0,75.3,61.5,0,0,2,4.1,4.0,100.0,0,0,0,19,0,0,0,125,2,50,0,0,17,0
DeJuawn Oliver,47406,WR,LA TECH,5,43.2,0,208,65.3,,60.4,0,0,0,0.0,0.0,,0,0,0,19,0,0,0,44,0,25,0,0,19,0
Albert Hall,22082,G,PENN STATE,5,100.0,0,266,66.5,70.1,65.1,0,0,4,100.0,100.0,100.0,0,0,0,19,0,0,4,19,4,4,12,0,15,3
Jester Weah,48162,WR,PITTSBURGH,10,28.8,0,268,50.7,,62.2,0,0,0,0.0,0.0,,0,0,0,19,0,0,0,66,0,47,0,0,19,0
Felton Davis,48087,WR,MICH STATE,7,57.6,0,223,70.3,,76.5,0,0,0,0.0,0.0,,0,0,0,19,0,0,0,33,0,14,0,0,19,0
Tariq Cole,46311,G,RUTGERS,2,100.0,0,278,70.4,11.7,72.7,0,1,3,100.0,100.0,83.3,0,1,0,19,0,19,0,19,3,3,0,0,16,0
Eli Kessner,29643,G,DOMINION,3,100.0,0,263,75.3,78.8,72.7,0,0,7,100.0,100.0,100.0,0,0,0,19,4,15,0,19,7,7,0,0,12,0
Jordan Clay,37509,WR,AIR FORCE,3,100.0,0,101,51.0,,61.3,0,0,0,,,,1,0,0,19,0,0,0,19,0,0,0,0,19,15
Arrius Holleman,20862,WR,SMU,3,55.9,0,287,56.0,,72.6,0,0,0,0.0,0.0,,0,0,0,19,0,0,0,34,0,15,0,0,19,0
Austin Maass,22078,C,S DIEGO ST,5,100.0,0,284,65.8,,64.1,0,0,0,,,,0,0,0,19,19,0,0,19,0,0,0,0,19,0
Dallas Parker,36242,TE,UCONN,2,90.5,0,146,67.1,61.3,68.5,0,0,1,33.3,33.3,100.0,0,0,0,19,0,0,0,21,1,3,0,0,18,7
Robbie Rhodes,21828,WR,BOWL GREEN,8,32.1,0,122,57.3,,76.8,0,0,0,0.0,0.0,,0,0,0,18,0,0,0,56,0,38,0,0,18,1
Miles Hibbler,38867,HB,KENT STATE,6,51.4,0,201,45.9,77.4,59.1,0,0,8,61.5,61.5,100.0,0,0,0,18,0,0,0,35,8,13,0,0,10,0
Gray King,28122,WR,AUBURN,4,66.7,0,115,68.6,,47.9,0,0,0,0.0,0.0,,1,0,0,18,0,0,0,27,0,9,0,0,18,1
Brendan Weis,28052,G,ARK STATE,1,100.0,0,113,57.5,74.0,56.3,0,0,2,100.0,100.0,100.0,0,0,0,18,0,0,0,18,3,3,18,0,15,0
Tyler Brown,28699,HB,IOWA STATE,5,22.0,0,193,54.6,45.8,72.8,0,0,12,24.0,23.1,91.7,0,1,1,18,0,0,0,82,12,52,0,0,6,0
Elijah George,45068,T,OREGON,3,100.0,0,264,54.7,66.5,54.3,0,0,1,100.0,100.0,100.0,0,0,0,18,0,0,18,18,1,1,0,0,17,0
Corey Clement,12253,HB,WISCONSIN,4,22.2,0,349,64.4,82.4,60.0,0,0,15,50.0,50.0,100.0,1,0,0,18,0,0,0,81,15,30,0,0,3,0
Harrison Jackson,17984,WR,BOSTON COL,7,43.9,0,121,65.1,,61.9,0,0,0,0.0,0.0,,1,0,0,18,0,0,0,41,0,23,0,0,18,2
Andrew Meyer,48253,WR,OHIO,4,62.1,0,259,54.6,,61.2,0,0,0,0.0,0.0,,0,0,0,18,0,0,0,29,0,11,0,0,18,0
Drake Kulick,45621,FB,IOWA,2,81.8,0,192,59.0,69.8,53.1,0,0,1,50.0,50.0,100.0,0,0,0,18,0,0,0,22,1,2,0,0,17,0
Tony Daniel,18036,QB,BUFFALO,3,72.0,0,126,41.5,,60.0,0,0,0,0.0,0.0,,0,0,0,18,0,0,0,25,0,5,0,0,18,0
Isaiah Saunders,45713,HB,IDAHO,6,34.0,0,185,58.3,82.7,59.6,0,0,12,35.3,37.1,100.0,0,0,0,18,0,0,0,53,13,35,0,0,5,0
Trevorris Johnson,45761,HB,TCU,9,22.2,0,305,58.8,78.0,56.3,0,0,6,26.1,24.0,100.0,0,0,0,18,0,0,0,81,6,25,0,0,12,0
Mike Majette,45845,HB,INDIANA,7,22.2,0,190,64.1,82.8,60.0,0,0,14,35.9,35.0,100.0,0,0,0,18,0,0,0,81,14,40,0,0,4,0
Andy Dodd,28885,C,LSU,5,100.0,0,211,69.4,,66.8,0,0,0,,,,0,0,0,18,11,0,0,18,0,0,0,0,18,7
Bolu Olorunfunmi,45864,HB,UCLA,6,22.5,0,324,58.6,40.9,58.9,1,0,9,26.5,26.3,94.4,1,1,0,18,0,0,0,80,10,38,0,0,8,0
Mac Carey,36438,TE,FIU,2,94.7,0,166,46.4,33.8,60.6,0,1,2,66.7,66.7,75.0,1,1,0,18,0,0,0,19,2,3,0,0,16,19
Jordan Benson,26997,C,COLO STATE,1,100.0,0,144,59.5,75.2,58.3,0,0,5,100.0,100.0,100.0,0,0,0,18,18,0,0,18,5,5,0,0,13,0
Zach Green,26954,HB,ARIZONA,5,69.2,0,109,72.5,67.9,66.9,0,0,1,50.0,50.0,100.0,0,0,0,18,0,0,0,26,1,2,0,0,17,0
Brett Jordan,26949,TE,COLO STATE,1,100.0,0,144,63.2,74.2,60.9,0,0,5,100.0,100.0,100.0,0,0,0,18,0,0,0,18,5,5,0,18,13,0
Khalil Hunter,46192,T,LOUISVILLE,2,100.0,0,210,64.7,81.2,60.3,0,0,6,100.0,100.0,100.0,0,0,0,18,0,0,14,18,6,6,0,4,12,0
Cory Butler-Byrd,26108,CB,UTAH,6,47.4,1,328,63.8,,76.6,0,0,0,0.0,0.0,,1,0,0,18,0,0,0,38,0,20,0,0,18,0
Andre Petties-Wilson,30279,WR,TCU,5,69.2,0,305,55.9,,65.6,0,0,0,0.0,0.0,,0,0,0,18,0,0,0,26,0,8,0,0,18,0
Brandon Harris,28582,WR,IOWA STATE,4,78.3,0,193,56.6,,62.5,0,0,0,0.0,0.0,,0,0,0,18,0,0,0,23,0,5,0,0,18,0
Tre Tipton,47838,WR,PITTSBURGH,4,66.7,0,268,54.9,,60.5,0,0,0,0.0,0.0,,0,0,0,18,0,0,0,27,0,9,0,0,18,0
Kato Mitchell,18986,WR,OHIO STATE,4,85.7,0,260,68.1,,88.8,0,0,0,0.0,0.0,,0,0,0,18,0,0,0,21,0,3,0,0,18,0
Carson Meier,29686,TE,OKLAHOMA,5,100.0,0,261,88.1,,84.2,0,0,0,,,,0,0,0,18,0,0,0,18,0,0,0,0,18,13
Will Martinez,32277,WR,TENNESSEE,2,100.0,0,307,59.7,,58.7,0,0,0,,,,0,0,0,18,0,0,0,18,0,0,0,0,18,0
Connor Dintino,28314,FB,PITTSBURGH,7,94.4,0,268,72.6,,74.1,0,0,0,0.0,0.0,,0,0,0,17,0,0,0,18,0,1,0,0,17,1
Malik Rodriguez,23594,WR,OHIO,5,85.0,0,259,56.7,,58.7,0,0,0,0.0,0.0,,0,0,0,17,0,0,0,20,0,3,0,0,17,10
Jake Raulerson,38313,C,TEXAS,2,100.0,0,311,57.4,54.6,57.8,0,0,6,100.0,100.0,83.3,0,1,1,17,16,0,0,17,6,6,0,0,11,1
Ryan Malone,28809,TE,KENT STATE,3,89.5,0,201,54.8,,53.7,0,0,0,0.0,0.0,,0,0,0,17,0,0,0,19,0,2,0,0,17,6
Ryan Stout,46220,T,CINCINNATI,2,100.0,0,138,67.4,76.2,65.0,0,0,4,100.0,100.0,100.0,0,0,0,17,0,0,0,17,4,4,0,17,13,0
Ridge Jones,23195,WR,NEW MEXICO,9,65.4,0,241,74.9,,60.6,0,0,0,0.0,0.0,,0,0,0,17,0,0,0,26,0,8,0,0,17,0
Dexter Williams,45913,HB,NOTRE DAME,7,33.3,0,258,60.8,49.4,66.2,0,0,3,20.0,23.5,100.0,0,0,0,17,0,0,0,51,4,17,0,0,13,0
Austin Allen,46542,QB,ARKANSAS,3,81.0,0,111,65.7,,60.0,0,0,0,0.0,0.0,,0,0,0,17,0,0,0,21,0,3,0,0,17,0
Taylor Chambers,26257,G,WAKE,2,100.0,0,339,68.4,77.6,67.2,0,0,7,100.0,100.0,100.0,0,0,0,17,0,0,3,17,7,7,14,0,10,0
Chad Fahning,26377,T,MINNESOTA,2,100.0,0,225,71.3,22.4,81.3,1,1,7,100.0,100.0,85.7,0,2,0,17,0,0,0,17,9,9,0,17,8,0
Brandon Pertile,46924,T,OKLA STATE,2,100.0,0,262,65.8,67.7,64.5,0,0,2,100.0,100.0,100.0,0,0,0,17,0,0,0,17,2,2,0,17,15,0
Christian Clapp,47883,WR,UNLV,1,100.0,0,325,61.3,,61.8,0,0,0,,,,0,0,0,17,0,0,0,17,0,0,0,0,17,0
David Greene,16965,HB,UNLV,7,54.8,0,325,59.2,67.5,58.9,0,0,1,33.3,33.3,100.0,0,0,0,17,0,0,0,31,1,3,0,0,16,0
Cameron Gardner,41074,T,WAKE,2,100.0,0,339,55.8,40.0,58.1,0,0,7,100.0,100.0,100.0,0,0,0,17,0,0,0,17,7,7,0,17,10,0
Michael Kee,21048,WR,MIDDLE TN,2,89.5,0,224,58.2,,61.3,0,0,0,0.0,0.0,,0,0,0,17,0,0,0,19,0,2,0,0,17,0
Frank Wims,22985,WR,MEMPHIS,6,53.1,0,218,77.6,,57.5,0,0,0,0.0,0.0,,0,0,0,17,0,0,0,32,0,14,0,0,17,0
Kellen Overstreet,34767,HB,WYOMING,7,27.9,0,351,61.9,29.2,57.1,0,0,10,26.3,26.3,90.0,0,1,1,17,0,0,0,61,10,38,0,0,7,0
Jay Roberson,32110,HB,C MICHIGAN,9,24.6,0,134,48.8,81.2,60.0,0,0,10,24.4,26.2,100.0,0,0,0,17,0,0,0,69,11,42,0,0,6,0
Romello Ross,34263,HB,C MICHIGAN,6,13.3,0,134,74.0,53.7,76.6,0,2,13,20.0,19.4,92.3,1,2,0,17,0,0,0,128,13,67,0,0,4,0
Terrell Cuney,30558,G,TEXAS,1,100.0,0,311,59.6,77.5,57.6,0,0,6,100.0,100.0,100.0,0,0,0,17,0,0,0,17,6,6,17,0,11,0
Deltron Sands,33981,HB,OREGON ST,3,60.7,0,265,56.0,75.7,66.0,0,0,5,50.0,50.0,100.0,0,0,0,17,0,0,0,28,5,10,0,0,12,0
Rocco Esposito,26183,G,WAKE,2,100.0,0,339,56.5,25.8,58.7,0,1,7,100.0,100.0,92.9,0,1,0,17,0,14,0,17,7,7,3,0,10,0
Brady Willcutt,36891,G,LA MONROE,3,100.0,0,209,66.6,74.1,65.9,0,0,4,100.0,100.0,100.0,0,0,0,17,0,15,0,17,4,4,0,0,13,2
Josh Greer,38105,QB,N TEXAS,4,39.5,0,251,26.8,,60.0,0,0,0,0.0,0.0,,0,0,0,17,0,0,0,43,0,25,0,0,17,0
Andrew Aqua,38108,T,NEW MEXICO,1,100.0,0,241,58.5,72.0,57.0,0,0,3,100.0,100.0,100.0,0,0,0,17,0,0,17,17,3,3,0,0,14,0
Tyler Provo,22099,TE,SYRACUSE,3,89.5,0,304,57.9,,58.8,0,0,0,0.0,0.0,,0,0,0,17,0,0,0,19,0,2,0,0,17,17
Michael Galati,27845,C,USF,4,100.0,0,327,56.1,69.4,56.4,0,0,1,100.0,100.0,100.0,0,0,0,17,16,0,0,17,1,1,0,1,16,0
Joel Rich,28097,G,BOSTON COL,1,100.0,0,121,73.2,74.8,72.3,0,0,3,100.0,100.0,100.0,0,0,0,16,0,16,0,16,4,4,0,0,12,0
Ainslie Johnson,45064,TE,ILLINOIS,3,69.6,0,187,69.3,73.0,75.0,0,0,2,22.2,22.2,100.0,0,0,0,16,0,0,0,23,2,9,0,0,14,4
Joshua Casher,28102,G,ALABAMA,1,100.0,0,103,74.9,76.1,74.1,0,0,5,100.0,100.0,100.0,0,0,0,16,0,0,0,16,5,5,16,0,11,0
Patrick Johnson,39485,G,IDAHO,4,100.0,0,185,57.2,68.0,54.6,0,0,10,100.0,100.0,100.0,0,0,0,16,0,11,0,16,10,10,3,0,6,0
Preston Miller,23723,WR,TCU,4,59.3,0,305,54.6,,59.3,0,0,0,0.0,0.0,,0,0,0,16,0,0,0,27,0,11,0,0,16,0
Ty Quick,47373,TE,OLE MISS,3,94.1,0,226,67.3,67.5,85.3,0,0,1,50.0,50.0,100.0,1,0,0,16,0,0,0,17,1,2,0,0,15,12
Jalen Harris,49400,TE,AUBURN,8,80.0,0,115,62.5,71.8,65.0,0,0,3,42.9,42.9,100.0,0,0,0,16,0,0,0,20,3,7,0,0,13,10
J.C. Coleman,19465,HB,VA TECH,11,20.0,0,337,57.2,77.3,61.6,0,0,4,20.0,20.0,100.0,0,0,0,16,0,0,0,80,4,20,0,0,12,0
Trey Page,17382,WR,TROY,6,64.0,0,318,66.8,,69.4,0,0,0,0.0,0.0,,0,0,0,16,0,0,0,25,0,9,0,0,16,0
Jake Stickler,27617,T,GA TECH,2,100.0,0,176,72.8,,70.7,0,0,0,,,,0,0,0,16,0,0,0,16,0,0,0,13,16,3
K.C. Crosby,47488,TE,S CAROLINA,5,84.2,0,289,68.2,76.1,70.3,0,0,2,40.0,40.0,100.0,0,0,0,16,0,0,0,19,2,5,0,0,14,2
Brendan Brosnan,32879,G,PENN STATE,3,100.0,0,266,61.9,70.1,61.2,0,0,2,100.0,100.0,100.0,0,0,0,16,0,16,0,16,2,2,0,0,14,0
Evan Wilson,27597,WR,USF,5,76.2,0,327,38.3,,56.5,0,0,0,0.0,0.0,,0,0,0,16,0,0,0,21,0,5,0,0,16,0
Keith Marshall,10876,HB,GEORGIA,11,13.8,0,173,72.7,73.8,60.0,0,1,14,31.1,31.1,96.4,0,1,0,16,0,0,0,116,14,45,0,0,2,0
Jay Jay Wilson,38931,FB,ARIZONA ST,7,61.5,0,110,59.6,69.1,70.8,0,0,2,22.2,18.2,100.0,0,0,0,16,0,0,0,26,2,11,0,0,14,9
Jacob Stafford,37694,HB,AIR FORCE,3,64.0,0,101,51.8,,61.2,0,0,0,,,,0,0,0,16,0,0,0,25,0,0,0,0,16,1
Alec Ingold,34934,HB,WISCONSIN,8,19.5,0,349,57.0,78.7,58.5,0,0,10,40.0,40.0,100.0,0,0,0,16,0,0,0,82,10,25,0,0,6,0
Noah Beh,33085,T,PENN STATE,3,100.0,0,266,57.3,68.4,56.4,0,0,2,100.0,100.0,100.0,0,0,0,16,0,0,0,16,2,2,0,16,14,0
Ernest McQuade,37503,G,AIR FORCE,3,100.0,0,101,60.8,,60.3,0,0,0,,,,0,0,0,16,0,16,0,16,0,0,0,0,16,0
Trevon Lee,28512,WR,DUKE,3,100.0,0,154,59.7,,58.6,0,0,0,,,,0,0,0,16,0,0,0,16,0,0,0,0,16,0
Blake Bars,23117,T,MICHIGAN,3,100.0,0,222,49.9,78.5,45.8,0,0,4,100.0,100.0,100.0,0,0,0,16,0,0,0,16,4,4,0,16,12,0
LeVante Bellamy,45854,HB,W MICHIGAN,13,11.9,0,347,73.6,74.3,58.9,0,0,4,9.8,9.3,100.0,0,0,0,16,0,0,0,134,4,43,0,0,12,0
Zach Myers,23133,C,KENTUCKY,1,100.0,0,202,66.5,0.0,72.1,0,1,3,100.0,100.0,83.3,0,1,0,16,16,0,0,16,3,3,0,0,13,0
Kylen Towner,47460,WR,W KENTUCKY,2,66.7,0,346,66.7,,60.1,0,0,0,0.0,0.0,,0,0,0,16,0,0,0,24,0,5,0,0,16,0
Derrick Green,45904,HB,MICHIGAN,9,20.8,0,222,54.4,63.9,56.8,0,1,8,40.0,38.1,93.7,0,1,0,16,0,0,0,77,8,21,0,0,8,1
Drew Before,48166,WR,WASHINGTON,1,100.0,0,340,61.8,,63.1,0,0,0,,,,0,0,0,16,0,0,0,16,0,0,0,0,16,0
Alex Bachman,47996,WR,WAKE,5,39.0,0,339,54.0,,89.4,0,0,0,0.0,0.0,,0,0,0,16,0,0,0,41,0,25,0,0,16,0
Kevin Reihner,17324,C,PENN STATE,3,100.0,0,266,63.8,69.7,62.5,0,0,2,100.0,100.0,100.0,0,0,0,16,12,0,0,16,2,2,4,0,14,0
Effrem Reed,19733,HB,LA LAFAYET,5,48.5,0,207,60.7,65.1,60.0,1,0,15,55.6,51.7,96.7,0,1,0,16,0,0,0,33,15,29,0,0,1,0
Michael Carroll,48343,WR,TCU,3,100.0,0,305,59.8,,58.9,0,0,0,,,,0,0,0,16,0,0,0,16,0,0,0,0,16,0
Brice Dolezal,16336,HB,TEXAS A&M,4,19.5,0,312,63.0,82.9,60.0,0,0,10,26.3,30.0,100.0,0,0,0,16,0,0,0,82,12,40,0,0,4,0
Cole Anderson,17003,WR,COLO STATE,7,84.2,0,144,72.0,,90.6,0,0,0,0.0,0.0,,0,0,0,16,0,0,0,19,0,3,0,0,16,0
Maurice Morgan,18648,WR,NC STATE,5,57.1,0,248,72.5,,73.5,0,0,0,0.0,0.0,,0,0,0,16,0,0,0,28,0,12,0,0,16,0
Michael Moll,22254,TE,APP STATE,3,94.1,0,108,57.7,,50.8,0,0,0,0.0,0.0,,0,0,0,16,0,0,0,17,0,1,0,0,16,2
Lamarq Caldwell,18172,HB,FIU,4,59.3,0,166,58.4,,64.1,0,0,0,0.0,0.0,,0,0,0,16,0,0,0,27,0,2,0,0,16,1
Kyle Wells,28216,TE,CAL,2,80.0,0,130,43.2,,42.6,0,0,0,0.0,0.0,,0,0,0,16,0,0,0,20,0,4,0,0,16,14
Ryan Wolpin,45976,HB,BOISE ST,5,37.2,0,120,75.5,,57.8,0,0,0,,,,0,0,0,16,0,0,0,43,0,0,0,0,16,2
Joel Suggs,21467,T,WAKE,1,100.0,0,339,60.7,79.1,56.8,0,0,7,100.0,100.0,100.0,0,0,0,16,0,0,14,16,7,7,0,0,9,2
Chris Kearney,16728,WR,S JOSE ST,9,34.8,0,285,66.2,,59.0,0,0,0,0.0,0.0,,0,0,0,16,0,0,0,46,0,30,0,0,16,0
Mykelti Armstrong,27973,WR,APP STATE,1,88.9,0,108,59.0,,60.0,0,0,0,0.0,0.0,,0,0,0,16,0,0,0,18,0,2,0,0,16,0
Damion Terry,27206,WR,MICH STATE,9,30.8,0,223,42.2,,61.1,0,0,0,0.0,0.0,,0,0,0,16,0,0,0,52,0,13,0,0,16,0
Bri'onte Dunn,23515,HB,OHIO STATE,11,45.7,0,260,58.9,72.2,61.4,0,0,2,28.6,28.6,100.0,0,0,0,16,0,0,0,35,2,7,0,0,14,0
Emiere Scaife,46446,QB,GA STATE,3,53.3,0,175,52.6,,60.0,0,0,0,0.0,0.0,,0,0,0,16,0,0,0,30,0,11,0,0,16,0
Patrick Zeller,47410,WR,TCU,4,84.2,0,305,58.7,,60.1,0,0,0,0.0,0.0,,0,0,0,16,0,0,0,19,0,3,0,0,16,0
Davis Webb,11842,QB,TEXAS TECH,5,26.2,0,315,63.7,,60.0,0,0,0,0.0,0.0,,0,0,0,16,0,0,0,61,0,43,0,0,16,0
Tommy Blevins,17380,TE,TROY,2,64.0,0,318,45.9,71.5,66.2,0,0,1,10.0,10.0,100.0,0,0,0,16,0,0,0,25,1,10,0,0,15,19
Marshall Wadleigh,47310,HB,TULANE,4,80.0,0,319,66.7,69.5,82.4,0,0,1,25.0,25.0,100.0,0,0,0,16,0,0,0,20,1,4,0,0,15,1
Chris Flaig,28402,G,FIU,2,100.0,0,166,54.4,78.9,51.9,0,0,5,100.0,100.0,100.0,0,0,0,15,0,4,0,15,5,5,11,0,10,0
Justin Sandifer,26125,G,E CAROLINA,1,100.0,0,156,66.1,78.1,64.5,0,0,8,100.0,100.0,100.0,0,0,0,15,0,0,0,15,8,8,15,0,7,0
Tim Gant,36504,G,ARMY,1,100.0,0,114,60.6,74.6,59.5,0,0,2,100.0,100.0,100.0,0,0,0,15,0,15,0,15,2,2,0,0,13,0
Da'Vante Phillips,48165,WR,FLORIDA ST,4,48.4,0,167,51.0,,62.0,0,0,0,0.0,0.0,,1,0,0,15,0,0,0,31,0,16,0,0,15,0
Robby Kolanz,22277,WR,USC,6,51.7,0,326,57.1,,75.7,0,0,0,0.0,0.0,,0,0,0,15,0,0,0,29,0,14,0,0,15,1
Lloyd Mills,22079,WR,S DIEGO ST,5,44.1,1,284,70.4,,61.2,0,0,0,0.0,0.0,,1,0,0,15,0,0,0,34,0,19,0,0,15,0
Conner Smith,47504,WR,LA TECH,4,25.4,0,208,63.1,,83.0,0,0,0,0.0,0.0,,0,0,0,15,0,0,0,59,0,44,0,0,15,2
Jake O'Donnell,38884,TE,MIAMI FL,4,88.2,0,220,58.5,,61.3,0,0,0,0.0,0.0,,0,0,0,15,0,0,0,17,0,2,0,0,15,15
Rahmel Dockery,38138,WR,OREGON ST,8,57.7,0,265,62.7,,61.1,0,0,0,0.0,0.0,,0,0,0,15,0,0,0,26,0,10,0,0,15,0
Nick Thomas,36711,G,MEMPHIS,1,100.0,0,218,54.2,81.9,61.0,0,0,5,125.0,125.0,100.0,1,0,0,15,0,15,0,15,5,4,0,0,10,0
Avery Sweeting,16361,WR,GA STATE,4,46.9,0,175,56.8,,59.2,0,0,0,0.0,0.0,,0,0,0,15,0,0,0,32,0,16,0,0,15,0
Daniel Stone,17347,T,CLEMSON,3,100.0,0,140,67.2,60.2,67.1,1,0,5,100.0,100.0,90.0,0,1,0,15,0,0,15,15,5,5,0,0,10,0
Izaiah Fuller,47859,WR,E MICHIGAN,6,45.5,0,160,55.6,,61.2,0,0,0,0.0,0.0,,0,0,0,15,0,0,0,33,0,18,0,0,15,0
Ty'Son Williams,38287,HB,N CAROLINA,6,25.9,0,245,57.5,80.2,57.8,0,0,7,23.3,22.6,100.0,0,0,0,15,0,0,0,58,7,31,0,0,8,0
Mike Smith,26373,G,N ILLINOIS,4,100.0,0,254,58.3,69.5,57.6,0,0,2,100.0,100.0,100.0,0,0,0,15,0,8,0,15,2,2,7,0,13,0
Jazzmar Clax,22012,FB,UCONN,3,100.0,0,146,52.7,66.8,50.8,0,0,1,100.0,100.0,100.0,0,0,0,15,0,0,0,15,1,1,0,0,14,3
Greg Siener,19579,G,LA LAFAYET,5,93.8,0,207,54.1,65.9,54.1,0,0,1,50.0,50.0,100.0,0,0,0,15,0,0,0,16,1,2,0,0,14,16
Ryan Braswell,27788,FB,GA TECH,2,78.9,0,176,54.1,,54.2,0,0,0,,,,0,0,0,15,0,0,0,19,0,0,0,0,15,0
Adam Schulz,38551,QB,HOUSTON,2,48.4,0,182,56.2,,60.0,0,0,0,0.0,0.0,,0,0,0,15,0,0,0,31,0,14,0,0,15,0
Darrell Langham,48234,WR,MIAMI FL,2,65.2,0,220,46.3,,59.5,0,0,0,0.0,0.0,,0,0,0,15,0,0,0,23,0,8,0,0,15,0
Khalin Smith,50246,ED,IDAHO,3,93.8,0,185,55.8,64.4,56.1,0,0,1,50.0,50.0,100.0,1,0,0,15,0,0,2,16,1,2,0,0,14,14
Garrison Duncan,45229,HB,CHARLOTTE,8,30.6,0,136,55.0,77.7,67.0,0,0,6,35.3,35.3,100.0,0,0,0,15,0,0,0,49,6,17,0,0,9,0
Jayson Stanley,48212,WR,GEORGIA,4,65.2,0,173,57.4,,60.8,0,0,0,0.0,0.0,,0,0,0,15,0,0,0,23,0,8,0,0,15,0
Kenterius Womack,39723,QB,SYRACUSE,1,100.0,0,304,60.5,,60.2,0,0,0,,,,0,0,0,15,0,0,0,15,0,0,0,0,15,0
Justus Canfield,30186,WR,TCU,3,88.2,0,305,57.5,,58.4,0,0,0,0.0,0.0,,0,0,0,15,0,0,0,17,0,2,0,0,15,0
William Cockerill,17502,T,CLEMSON,3,100.0,0,140,63.8,77.2,60.8,0,0,5,100.0,100.0,100.0,0,0,0,15,0,0,0,15,5,5,0,15,10,0
Kenton Playko,23330,G,NWESTERN,2,100.0,0,256,70.7,,70.0,0,0,0,,,,0,0,0,15,0,14,0,15,0,0,0,0,15,1
Brandon Wimbush,35595,QB,NOTRE DAME,2,51.7,0,258,86.4,,60.0,0,0,0,0.0,0.0,,0,0,0,15,0,0,0,29,0,6,0,0,15,0
Jonathan Haynes,30680,T,W VIRGINIA,2,100.0,0,343,56.9,78.1,53.4,0,0,5,100.0,100.0,100.0,1,0,0,15,0,0,15,15,5,5,0,0,10,0
Luke Wright,31682,QB,CINCINNATI,3,71.4,0,138,46.8,,60.0,0,0,0,0.0,0.0,,0,0,0,15,0,0,0,21,0,4,0,0,15,0
Cole Neph,47497,WR,OKLA STATE,3,68.2,0,262,59.6,,71.5,0,0,0,0.0,0.0,,0,0,0,15,0,0,0,22,0,7,0,0,15,0
Markis McCray,27009,WR,LA MONROE,5,50.0,0,209,43.6,,56.0,0,0,0,0.0,0.0,,1,0,0,15,0,0,0,30,0,15,0,0,15,0
Cody Apfel,17574,WR,AIR FORCE,3,100.0,1,101,53.7,,46.6,0,0,0,,,,1,0,0,15,0,0,0,15,0,0,0,0,15,0
Alexander Montgomery,44914,WR,KENTUCKY,5,24.6,0,202,67.3,,89.4,0,0,0,0.0,0.0,,0,0,0,15,0,0,0,61,0,46,0,0,15,0
Jevontey Smith,28993,WR,MIDDLE TN,3,88.2,0,224,58.0,,60.2,0,0,0,0.0,0.0,,0,0,0,15,0,0,0,17,0,2,0,0,15,0
Jack Rhoades,15139,WR,TEXAS ST,4,40.5,0,314,57.5,,62.1,0,0,0,0.0,0.0,,0,0,0,15,0,0,0,37,0,22,0,0,15,0
Eric Ritland,33587,WR,GA SOUTHRN,4,100.0,0,174,60.3,,59.8,0,0,0,,,,0,0,0,15,0,0,0,15,0,0,0,0,15,0
Tyshon Dye,46002,HB,CLEMSON,6,31.9,0,140,59.5,81.8,58.2,0,0,11,55.0,55.0,100.0,0,0,0,15,0,0,0,47,11,20,0,0,4,0
James Prather,47046,FB,NWESTERN,5,93.8,0,256,66.7,,66.4,0,0,0,0.0,0.0,,0,0,0,15,0,0,0,16,0,1,0,0,15,16
Octavious Andrews,16274,WR,GA STATE,5,44.1,0,175,59.7,,60.6,0,0,0,0.0,0.0,,0,0,0,15,0,0,0,34,0,19,0,0,15,0
Chandler Greer,27873,T,APP STATE,2,100.0,0,108,57.9,73.0,56.1,0,0,3,100.0,100.0,100.0,0,0,0,14,0,0,6,14,3,3,0,8,11,0
Andre Levrone,47813,WR,VIRGINIA,1,40.0,0,335,55.0,,52.7,0,0,0,0.0,0.0,,0,0,0,14,0,0,0,35,0,21,0,0,14,0
Kamani Thomas,45458,HB,MIDDLE TN,4,29.2,0,224,72.0,52.3,71.5,0,0,4,26.7,26.7,100.0,0,0,0,14,0,0,0,48,4,15,0,0,10,0
Ryan Brodie,16901,T,RUTGERS,1,100.0,0,278,63.6,,62.7,0,0,0,,,,0,0,0,14,0,0,0,14,0,0,0,14,14,0
Bradan Smith,32610,HB,CHARLOTTE,5,32.6,0,136,70.8,80.3,60.0,0,0,13,59.1,59.1,100.0,1,0,0,14,0,0,0,43,13,22,0,0,1,0
Scott Miller,47481,WR,BOWL GREEN,8,25.0,0,122,59.3,,60.2,0,0,0,0.0,0.0,,0,0,0,14,0,0,0,56,0,42,0,0,14,0
Bug Rivera,47469,HB,CAL,3,36.8,0,130,61.6,,55.9,0,0,0,0.0,0.0,,0,0,0,14,0,0,0,38,0,24,0,0,14,6
Austin Katsorelos,39048,FB,KANSAS ST,5,93.3,0,199,62.7,66.8,64.2,0,0,1,50.0,50.0,100.0,0,0,0,14,0,0,0,15,1,2,0,0,13,8
Ian Dibble,24225,FB,N CAROLINA,9,82.4,0,245,50.0,64.3,48.0,0,0,1,25.0,25.0,100.0,1,0,0,14,0,0,0,17,1,4,0,0,13,0
Luke Grandjean,28609,WR,KENT STATE,2,53.8,0,201,48.6,,59.3,0,0,0,0.0,0.0,,0,0,0,14,0,0,0,26,0,12,0,0,14,0
DeAndre Woods,26609,TE,VANDERBILT,3,17.3,0,333,69.8,,81.5,0,0,0,0.0,0.0,,0,0,0,14,0,0,0,81,0,67,0,0,14,16
Ray Wingo,47522,WR,MISSOURI,8,32.6,0,229,63.9,,59.8,0,0,0,0.0,0.0,,0,0,0,14,0,0,0,43,0,27,0,0,14,0
Alex Pagonis,46622,G,TULSA,8,100.0,0,320,61.5,67.3,60.8,0,0,1,100.0,100.0,100.0,0,0,0,14,0,11,1,14,1,1,0,2,13,0
Reed Bergstrom,18301,G,KANSAS ST,3,100.0,0,199,77.8,76.5,77.2,0,0,3,100.0,100.0,100.0,0,0,0,14,0,0,0,14,3,3,14,0,11,0
Anthony Buffini,23990,WR,SMU,4,93.3,0,287,60.3,,61.8,0,0,0,0.0,0.0,,0,0,0,14,0,0,0,15,0,1,0,0,14,0
Kwame Etwi,33911,HB,TEXAS A&M,6,28.6,0,312,58.8,68.1,55.0,0,1,9,39.1,36.0,94.4,0,1,0,14,0,0,0,49,9,25,0,0,5,0
Colby Cyburt,23799,TE,UCLA,5,82.4,0,324,62.1,68.0,63.6,0,0,2,40.0,40.0,100.0,0,0,0,14,0,0,1,17,2,5,0,0,12,13
Hayden Jones,38817,TE,COLORADO,2,66.7,0,143,37.9,,54.7,0,0,0,0.0,0.0,,0,0,0,14,0,0,0,21,0,7,0,0,14,19
J.J. Cosentino,28282,QB,FLORIDA ST,3,51.9,0,167,56.0,,60.0,0,0,0,0.0,0.0,,0,0,0,14,0,0,0,27,0,13,0,0,14,0
Joseph Ajeigbe,45992,HB,DUKE,3,51.9,0,154,59.3,74.5,83.4,0,0,2,20.0,18.2,100.0,0,0,0,14,0,0,0,27,2,11,0,0,12,0
Barry Sanders,38317,HB,STANFORD,11,17.7,0,300,62.6,68.4,59.5,0,1,8,40.0,39.1,93.7,0,1,0,14,0,0,0,79,9,23,0,0,5,0
Quintavius Burdette,16737,WR,OLE MISS,3,58.3,0,226,54.2,,59.4,0,0,0,0.0,0.0,,0,0,0,14,0,0,0,24,0,9,0,0,14,0
Eric Laurent,47735,WR,MISSOURI,3,66.7,0,229,58.1,,60.8,0,0,0,0.0,0.0,,0,0,0,14,0,0,0,21,0,7,0,0,14,0
Colton Plante,13960,FB,FLORIDA ST,4,93.3,0,167,62.7,,56.2,0,0,0,,,,0,0,0,14,0,0,0,15,0,0,0,0,14,0
Landon Horne,39155,TE,UTAH ST,2,87.5,0,329,82.2,,88.4,0,0,0,0.0,0.0,,0,0,0,14,0,0,0,16,0,2,0,0,14,5
Sihiem King,33252,HB,KENTUCKY,6,35.0,0,202,72.1,76.1,59.9,0,0,3,16.7,16.7,100.0,0,0,0,14,0,0,0,40,3,18,0,0,11,0
Zach Rogers,37116,C,ARKANSAS,3,100.0,0,111,72.6,,70.0,0,0,0,,,,0,0,0,14,14,0,0,14,0,0,0,0,14,0
DeMarcus Walker,11806,ED,FLORIDA ST,8,100.0,0,167,59.0,72.5,58.1,0,0,2,100.0,100.0,100.0,0,0,0,14,0,0,0,14,2,2,0,0,12,0
Bobby Henderson,23145,FB,MICHIGAN,3,100.0,0,222,68.5,,69.3,0,0,0,,,,0,0,0,14,0,0,0,14,0,0,0,0,14,0
Alex Ross,38293,HB,OKLAHOMA,6,22.2,0,261,59.2,77.7,57.1,0,0,7,30.4,32.0,100.0,0,0,0,14,0,0,0,63,8,25,0,0,6,0
Nik Little,32360,WR,WASHINGTON,2,93.3,0,340,60.0,,61.3,0,0,0,0.0,0.0,,0,0,0,14,0,0,0,15,0,1,0,0,14,0
Tony Brooks-James,45764,HB,OREGON,7,19.7,0,264,81.3,52.5,59.2,0,1,5,16.7,16.7,90.0,0,1,0,14,0,0,0,71,5,30,0,0,9,0
Cory Klingler,12811,C,RICE,2,100.0,0,275,72.8,68.0,70.3,0,0,1,100.0,100.0,100.0,0,0,0,14,10,0,0,14,1,1,4,0,13,0
Leon Allen,17118,HB,W KENTUCKY,2,16.7,0,346,70.4,79.0,60.0,0,0,8,16.3,17.6,100.0,2,0,0,14,0,0,0,84,9,51,0,0,5,1
Andrew Bolton,20083,DI,SO MISS,7,93.3,0,296,77.8,,79.1,0,0,0,0.0,0.0,,1,0,0,14,0,0,0,15,0,1,0,0,14,8
Bennett Barton,27606,WR,GA TECH,2,100.0,0,176,59.9,,59.2,0,0,0,,,,0,0,0,14,0,0,0,14,0,0,0,3,14,0
Marc Remy,51096,HB,TOLEDO,11,14.1,0,316,59.4,82.0,59.9,0,0,9,15.3,14.5,100.0,0,0,0,14,0,0,0,99,9,62,0,0,5,0
Joseph Peterson,37843,LB,GA STATE,5,100.0,0,175,60.6,,61.1,0,0,0,,,,2,0,0,13,0,0,0,13,0,0,0,0,13,0
Micah Till,29332,TE,NC STATE,2,76.5,0,248,49.0,,47.9,0,0,0,0.0,0.0,,0,0,0,13,0,0,0,17,0,4,0,0,13,11
Blake Tiralosi,44774,HB,UCF,4,24.5,0,323,63.1,,82.8,0,0,0,0.0,0.0,,0,0,0,13,0,0,0,53,0,40,0,0,13,2
Kendrick Mouton,45639,HB,NAVY,2,100.0,0,237,57.0,,56.2,0,0,0,,,,0,0,0,13,0,0,0,13,0,0,0,0,13,8
Eric Lauderdale,16922,WR,ARIZONA ST,3,54.2,0,110,56.4,,61.7,0,0,0,0.0,0.0,,0,0,0,13,0,0,0,24,0,11,0,0,13,0
Cedric Thompson,18032,WR,E CAROLINA,4,92.9,0,156,47.3,,57.8,0,0,0,0.0,0.0,,0,0,0,13,0,0,0,14,0,1,0,0,13,0
Jeremy Gaskins,18082,HB,FAU,3,59.1,0,165,58.7,81.0,60.0,0,0,11,61.1,61.1,100.0,0,0,0,13,0,0,0,22,11,18,0,0,2,5
Christian Pellage,39562,T,S CAROLINA,4,100.0,0,289,64.7,77.8,61.9,0,0,4,100.0,100.0,100.0,0,0,0,13,0,0,13,13,4,4,0,0,9,0
Albert McCoy,22486,T,BUFFALO,1,100.0,0,126,48.6,67.4,48.3,0,0,1,100.0,100.0,100.0,0,0,0,13,0,0,13,13,1,1,0,0,12,0
Donell Stanley,46747,G,S CAROLINA,4,100.0,0,289,65.2,76.7,63.9,0,0,4,100.0,100.0,100.0,0,0,0,13,0,0,0,13,4,4,13,0,9,0
Jeff Ejekam,47796,WR,ARMY,8,52.0,0,114,58.1,,74.3,0,0,0,0.0,0.0,,0,0,0,13,0,0,0,25,0,12,0,0,13,0
Skylar Hartley,28166,C,BUFFALO,1,100.0,0,126,61.5,68.0,60.7,0,0,1,100.0,100.0,100.0,0,0,0,13,13,0,0,13,1,1,0,0,12,0
Austin Stevens,28189,C,BOSTON COL,1,100.0,0,121,81.2,73.4,78.3,0,0,3,100.0,100.0,100.0,0,0,0,13,13,0,0,13,4,4,0,0,9,0
Dwayne Lawson,35633,QB,VA TECH,4,36.1,0,337,52.9,,60.0,0,0,0,0.0,0.0,,0,0,0,13,0,0,0,36,0,11,0,0,13,0
Jalen Saunders,27724,WR,GA TECH,2,100.0,0,176,68.1,,75.5,0,0,0,,,,0,0,0,13,0,0,1,13,0,0,0,0,13,0
Jamarl Eiland,47620,WR,BUFFALO,3,92.9,0,126,58.6,,58.0,0,0,0,0.0,0.0,,0,0,0,13,0,0,0,14,0,1,0,0,13,2
Carl Hulick,24008,FB,UCLA,6,100.0,0,324,61.5,,61.7,0,0,0,,,,0,0,0,13,0,0,0,13,0,0,0,0,13,0
Josh Cabrera,30591,WR,N CAROLINA,2,100.0,0,245,61.3,,61.9,0,0,0,,,,0,0,0,13,0,0,0,13,0,0,0,0,13,0
Jermichael Selders,16866,HB,NEW MEX ST,5,23.2,0,242,66.7,36.3,59.8,0,1,11,28.2,28.2,95.5,0,1,0,13,0,0,0,56,11,39,0,0,2,0
Joe Woodrum,18296,TE,MARSHALL,4,72.2,0,214,57.9,,64.1,0,0,0,0.0,0.0,,0,0,0,13,0,0,0,18,0,5,0,0,13,11
Kenny Clark,10661,DI,UCLA,5,92.9,0,324,77.8,66.1,64.4,0,0,1,50.0,50.0,100.0,1,0,0,13,0,0,0,14,1,2,0,0,12,1
Deondre Ford,25315,QB,KANSAS,2,30.2,0,198,56.9,,60.0,0,0,0,0.0,0.0,,0,0,0,13,0,0,0,43,0,27,0,0,13,0
Cordale Boyd,22257,G,ARKANSAS,3,100.0,0,111,73.2,,72.6,0,0,0,,,,0,0,0,13,0,0,0,13,0,0,13,0,13,0
Darrell Cloy Jr.,45236,TE,ARIZONA,3,86.7,0,109,62.4,73.6,59.8,0,0,3,60.0,60.0,100.0,0,0,0,13,0,0,0,15,3,5,0,0,10,4
Marcus Danenhauer,17786,G,ARKANSAS,4,100.0,0,111,58.0,,57.7,0,0,0,,,,0,0,0,13,0,9,0,13,0,0,3,1,13,0
Aloyis Gray,25389,WR,E MICHIGAN,4,41.9,0,160,60.5,,60.8,0,0,0,0.0,0.0,,0,0,0,13,0,0,0,31,0,18,0,0,13,0
Gordon Thomas,26622,C,TEMPLE,3,100.0,1,306,47.8,,49.3,0,0,0,,,,1,0,0,13,10,0,0,13,0,0,0,0,13,3
Nyqwan Murray,26456,WR,FLORIDA ST,4,37.1,0,167,69.2,,60.3,0,0,0,0.0,0.0,,0,0,0,13,0,0,0,35,0,22,0,0,13,0
Chris Clark,38320,TE,UCLA,1,100.0,0,324,30.8,50.9,38.9,0,0,3,100.0,100.0,100.0,0,0,0,13,0,0,0,13,3,3,0,0,10,13
Trevor Roop,47708,WR,BOWL GREEN,4,76.5,0,122,56.2,,61.4,0,0,0,0.0,0.0,,0,0,0,13,0,0,0,17,0,4,0,0,13,0
Tyree Harris,48064,WR,WAKE,2,37.1,0,339,53.9,,60.9,0,0,0,0.0,0.0,,0,0,0,13,0,0,0,35,0,22,0,0,13,0
Anthony Davis,18265,HB,W KENTUCKY,8,18.6,0,346,43.6,77.5,58.4,0,0,8,20.0,22.0,100.0,0,0,0,13,0,0,0,70,9,41,0,0,4,1
Marshall Ellick,48116,WR,TEMPLE,6,43.3,0,306,49.3,,60.2,0,0,0,0.0,0.0,,0,0,0,13,0,0,0,30,0,17,0,0,13,0
Brandon Brockman,27985,TE,ARK STATE,1,86.7,0,113,65.5,,70.9,0,0,0,0.0,0.0,,0,0,0,13,0,0,0,15,0,2,0,0,13,9
Kamryn Bennett,28200,G,CAL,1,100.0,0,130,52.8,78.1,49.3,0,0,8,100.0,100.0,100.0,0,0,0,13,0,13,0,13,8,8,0,0,5,0
Johnny Gibson Jr.,39084,T,ARKANSAS,2,100.0,0,111,66.6,,65.5,0,0,0,,,,0,0,0,13,0,0,13,13,0,0,0,0,13,0
Darius Durall,29924,HB,SMU,3,43.3,0,287,64.7,80.2,58.9,0,1,6,31.6,31.6,91.7,0,1,0,13,0,0,0,30,6,19,0,0,7,0
Alex Weber,26569,WR,OLE MISS,1,92.9,0,226,60.1,,61.2,0,0,0,0.0,0.0,,0,0,0,13,0,0,0,14,0,1,0,0,13,0
Doug Blacksill,16954,G,S JOSE ST,4,100.0,0,285,58.1,69.9,57.3,0,0,2,100.0,100.0,100.0,0,0,0,13,0,13,0,13,2,2,0,0,11,0
Frank Nutile,26476,QB,TEMPLE,3,61.9,0,306,64.2,,60.0,0,0,0,0.0,0.0,,1,0,0,13,0,0,0,21,0,4,0,0,13,0
Austin Moses,25355,WR,KANSAS,6,39.4,0,198,49.5,,41.1,0,0,0,0.0,0.0,,0,0,0,13,0,0,0,33,0,20,0,0,13,0
Travaris Dorsey,12717,G,FLORIDA,1,100.0,0,163,62.9,77.5,61.2,0,0,5,100.0,100.0,100.0,0,0,0,13,0,13,0,13,5,5,0,0,8,0
George Katrib,17836,WR,USC,3,92.9,0,326,59.2,,60.8,0,0,0,,,,0,0,0,13,0,0,0,14,0,0,0,0,13,0
Dalvin Warmack,28763,HB,KANSAS ST,5,37.1,0,199,67.1,80.7,60.0,0,0,9,47.4,47.4,100.0,0,0,0,13,0,0,0,35,9,19,0,0,4,0
Demarcus Felton,45678,HB,TEXAS TECH,8,38.7,0,315,53.1,75.7,58.6,0,0,3,18.8,23.5,100.0,0,0,0,12,0,0,0,31,4,17,0,0,8,0
Kyle Bockeloh,21947,G,UCONN,2,100.0,0,146,73.5,76.5,71.9,0,0,2,100.0,100.0,100.0,0,0,0,12,0,0,0,12,2,2,11,1,10,0
Bishop Louie,47472,WR,TULSA,9,23.1,0,320,54.6,,84.1,0,0,0,0.0,0.0,,0,0,0,12,0,0,0,52,0,40,0,0,12,0
Zach Adams,39146,G,OHIO,2,100.0,0,259,50.3,6.1,53.7,0,1,3,100.0,100.0,83.3,0,1,0,12,0,5,0,12,3,3,7,0,9,0
Calvain Holmes,38966,WR,FAU,6,36.4,0,165,57.2,,56.5,0,0,0,0.0,0.0,,0,0,0,12,0,0,0,33,0,21,0,0,12,1
Adrian Sullivan,46728,G,TEMPLE,2,100.0,0,306,67.0,,66.5,0,0,0,,,,0,0,0,12,0,5,7,12,0,0,0,0,12,0
Brayden Sanchez,47462,WR,NEVADA,1,54.5,0,239,57.6,,61.0,0,0,0,0.0,0.0,,0,0,0,12,0,0,0,22,0,10,0,0,12,0
William Wilson,18609,FB,MIDDLE TN,2,92.3,0,224,54.8,,54.0,0,0,0,0.0,0.0,,0,0,0,12,0,0,0,13,0,1,0,0,12,7
Jerome Washington,38277,TE,MIAMI FL,4,80.0,0,220,76.5,,65.8,0,0,0,0.0,0.0,,0,0,0,12,0,0,0,15,0,3,0,0,12,12
Max Linder,29171,TE,MIDDLE TN,2,85.7,0,224,61.4,70.0,62.8,0,0,1,33.3,33.3,100.0,0,0,0,12,0,0,0,14,1,3,0,0,11,4
Tyrone Perkins,34929,HB,SYRACUSE,1,85.7,0,304,51.4,,55.2,0,0,0,0.0,0.0,,0,0,0,12,0,0,0,14,0,1,0,0,12,8
Tyler Bowling,46047,T,TULSA,7,100.0,0,320,61.0,,60.7,0,0,0,,,,0,0,0,12,0,2,0,12,0,0,1,0,12,0
Graham Bullmore,29509,T,NWESTERN,1,100.0,0,256,63.0,,62.2,0,0,0,,,,0,0,0,12,0,0,0,12,0,0,0,12,12,0
Brandon Singleton,48317,WR,CAL,1,66.7,0,130,55.6,,60.1,0,0,0,0.0,0.0,,0,0,0,12,0,0,0,18,0,6,0,0,12,0
Jon Wisnieski,13600,TE,IOWA,2,100.0,0,192,54.3,,55.0,0,0,0,,,,0,0,0,12,0,0,0,12,0,0,0,0,12,12
Damion Jones-Moore,45768,HB,TOLEDO,10,7.9,0,316,67.6,80.0,60.0,0,0,8,14.0,15.0,100.0,0,0,0,12,0,0,0,151,9,60,0,0,3,0
Samuel Benjamin,20774,WR,TEMPLE,10,20.7,0,306,53.8,,59.8,0,0,0,0.0,0.0,,0,0,0,12,0,0,0,58,0,44,0,0,12,1
Chance Sorrell,32962,T,PENN STATE,2,100.0,0,266,73.2,70.3,71.8,0,0,2,100.0,100.0,100.0,0,0,0,12,0,0,12,12,2,2,0,0,10,0
Dane Crane,30659,G,WASHINGTON,1,100.0,0,340,52.9,72.6,52.1,0,0,2,100.0,100.0,100.0,0,0,0,12,0,12,0,12,2,2,0,0,10,0
Cole Hardin,26664,C,VANDERBILT,1,100.0,0,333,56.6,77.0,54.5,0,0,6,100.0,100.0,100.0,0,0,0,12,12,0,0,12,6,6,0,0,6,0
Braden Eggert,29956,G,OREGON,2,100.0,0,264,68.8,,67.7,0,0,0,,,,0,0,0,12,0,0,0,12,0,0,4,8,12,0
Lamont Gaillard,46618,G,GEORGIA,2,100.0,0,173,82.1,,80.8,0,0,0,,,,0,0,0,12,0,0,0,12,0,0,12,0,12,0
Akrum Wadley,28564,HB,IOWA,9,9.4,0,192,70.1,63.4,60.0,1,0,9,26.5,23.7,94.4,0,1,0,12,0,0,0,127,9,38,0,0,3,0
Kyle Dockins,24138,WR,VIRGINIA,3,42.9,0,335,52.6,,60.8,0,0,0,0.0,0.0,,0,0,0,12,0,0,0,28,0,16,0,0,12,0
Christian Boettcher,34823,G,ARIZONA,2,100.0,0,109,58.3,,57.9,0,0,0,,,,0,0,0,12,0,6,0,12,0,0,6,0,12,0
Daryl Chestnut,45975,HB,NEW MEXICO,9,33.3,0,241,61.6,67.9,56.7,0,0,1,11.1,11.1,100.0,0,0,0,12,0,0,0,36,1,9,0,0,11,0
Shai McKenzie,39247,HB,VA TECH,2,42.9,0,337,61.2,78.3,59.7,0,0,5,62.5,62.5,100.0,0,0,0,12,0,0,0,28,5,8,0,0,7,0
Jeff Lindquist,47029,QB,WASHINGTON,6,48.0,0,340,32.8,,59.9,0,0,0,,,,0,0,0,12,0,0,0,25,0,0,0,0,12,0
Jonathan Walton,50900,LB,S CAROLINA,4,85.7,0,289,66.5,76.1,60.8,0,0,2,50.0,50.0,100.0,1,0,0,12,0,0,0,14,2,4,0,0,10,0
Michael Willett,12657,HB,UCF,4,20.3,0,323,62.3,80.9,59.3,0,0,7,17.5,19.5,100.0,0,0,0,12,0,0,0,59,8,41,0,0,4,0
Bryson Burtnett,30244,TE,TCU,4,80.0,0,305,52.3,,50.7,0,0,0,0.0,0.0,,0,0,0,12,0,0,0,15,0,3,0,0,12,5
Connor Osborne,23796,WR,TCU,1,100.0,0,305,57.1,,54.1,0,0,0,,,,0,0,0,12,0,0,0,12,0,0,0,0,12,0
Cameron Croteau,22413,TE,BOSTON COL,2,85.7,0,121,50.3,67.3,51.1,0,0,2,50.0,50.0,100.0,0,0,0,12,0,0,0,14,2,4,0,0,10,14
Malik Gray,47771,WR,E CAROLINA,2,85.7,0,156,59.0,,61.1,0,0,0,0.0,0.0,,0,0,0,12,0,0,0,14,0,2,0,0,12,0
Chaz Thornton,32289,HB,GA SOUTHRN,9,36.4,0,174,48.3,,57.4,0,0,0,0.0,0.0,,1,0,0,12,0,0,0,33,0,1,0,0,12,0
Charles Brunson,23952,HB,N CAROLINA,4,46.2,0,245,66.5,75.2,63.5,0,0,3,37.5,37.5,100.0,0,0,0,12,0,0,0,26,3,8,0,0,9,0
Darrel Colbert Jr.,46577,QB,SMU,7,18.2,0,287,56.6,,60.0,0,0,0,0.0,0.0,,0,0,0,12,0,0,0,66,0,34,0,0,12,0
Dalton Ferguson,37115,T,IOWA,2,100.0,0,192,60.1,70.7,59.0,0,0,2,100.0,100.0,100.0,0,0,0,12,0,0,12,12,2,2,0,0,10,0
Aaron Fischer,12494,FB,N ILLINOIS,5,100.0,0,254,62.4,,62.6,0,0,0,,,,0,0,0,12,0,0,0,12,0,0,0,0,12,1
Jaquil Capel,47890,WR,APP STATE,2,40.0,0,108,59.1,,58.9,0,0,0,0.0,0.0,,0,0,0,12,0,0,0,30,0,18,0,0,12,0
Mark Quattlebaum,47459,WR,CHARLOTTE,3,54.5,0,136,54.5,,59.1,0,0,0,0.0,0.0,,0,0,0,12,0,0,0,22,0,10,0,0,12,0
Trey Bledsoe,26460,WR,OLE MISS,2,85.7,0,226,71.7,,58.6,0,0,0,0.0,0.0,,0,0,0,12,0,0,0,14,0,2,0,0,12,0
Wylie Reinhardt,45254,TE,N TEXAS,5,75.0,0,251,54.2,66.6,54.3,0,0,2,33.3,33.3,100.0,0,0,0,12,0,0,0,16,2,6,0,0,10,14
Demitri Knowles,19617,WR,VA TECH,2,63.2,0,337,53.3,,46.4,0,0,0,0.0,0.0,,1,0,0,12,0,0,0,19,0,7,0,0,12,0
T.J. Millweard,24446,QB,KANSAS,1,92.3,0,198,39.2,,60.0,0,0,0,0.0,0.0,,0,0,0,12,0,0,0,13,0,1,0,0,12,0
Quinten Parker,47250,TE,ARMY,4,100.0,0,114,58.8,66.7,57.9,0,0,1,100.0,100.0,100.0,0,0,0,12,0,0,2,12,1,1,0,3,11,7
Zach Grant,47606,WR,ILLINOIS,6,52.2,0,187,47.3,,60.2,0,0,0,0.0,0.0,,0,0,0,12,0,0,0,23,0,11,0,0,12,0
Kyle Anderton,36284,TE,VANDERBILT,5,75.0,0,333,66.4,,66.4,0,0,0,0.0,0.0,,0,0,0,12,0,0,0,16,0,4,0,0,12,3
George Campbell,34785,WR,FLORIDA ST,5,44.4,0,167,60.8,,53.7,0,0,0,0.0,0.0,,1,0,0,12,0,0,0,27,0,15,0,0,12,2
Devin Perry,34708,WR,N CAROLINA,3,85.7,0,245,58.7,,61.8,0,0,0,0.0,0.0,,0,0,0,12,0,0,0,14,0,2,0,0,12,0
Deon Mix,27878,G,AUBURN,1,100.0,0,115,79.4,,78.5,0,0,0,,,,0,0,0,11,0,0,0,11,0,0,11,0,11,0
Keaton Perry,26825,QB,KANSAS,2,57.9,0,198,28.6,,60.0,0,0,0,0.0,0.0,,1,0,0,11,0,0,0,19,0,6,0,0,11,0
Quinten Pounds,47965,WR,WASHINGTON,2,50.0,0,340,38.9,,56.0,0,0,0,0.0,0.0,,0,0,0,11,0,0,0,22,0,11,0,0,11,0
Justin Gamble,39624,WR,TEXAS ST,2,42.3,0,314,49.6,,60.9,0,0,0,0.0,0.0,,1,0,0,11,0,0,0,26,0,15,0,0,11,0
Jacob Hyde,50051,FB,KENTUCKY,4,91.7,0,202,78.1,64.3,81.3,0,0,1,50.0,50.0,100.0,0,0,0,11,0,0,0,12,1,2,0,0,10,0
Mark Uptegraff,30365,C,N CAROLINA,2,100.0,0,245,53.9,,54.8,0,0,0,,,,0,0,0,11,11,0,0,11,0,0,0,0,11,0
Jordan Diamond,46143,G,AUBURN,1,100.0,0,115,62.0,,70.4,0,0,0,,,,1,0,0,11,0,11,0,11,0,0,0,0,11,0
Josh Sessoms,23466,WR,NC STATE,3,57.9,0,248,55.5,,60.1,0,0,0,0.0,0.0,,0,0,0,11,0,0,0,19,0,8,0,0,11,0
John Kelly Jr.,34761,HB,TENNESSEE,6,18.6,0,307,72.1,79.8,58.2,0,0,5,38.5,38.5,100.0,0,0,0,11,0,0,0,59,5,13,0,0,6,0
Brett Medders,18317,WR,IOWA STATE,4,64.7,0,193,55.8,,60.4,0,0,0,0.0,0.0,,0,0,0,11,0,0,0,17,0,6,0,0,11,0
Kareem Vance Jr.,23373,WR,MISS STATE,2,84.6,0,227,57.9,,62.0,0,0,0,0.0,0.0,,0,0,0,11,0,0,0,13,0,2,0,0,11,0
Jordan Ellis,30806,HB,VIRGINIA,9,27.5,0,335,64.4,47.8,58.3,0,2,6,54.5,58.3,83.3,0,2,0,11,0,0,0,40,7,12,0,0,4,0
Pierre Youngblood-Ary,18771,WR,NWESTERN,3,61.1,0,256,75.3,,60.5,0,0,0,0.0,0.0,,0,0,0,11,0,0,0,18,0,7,0,0,11,0
Daris Workman,25747,G,NC STATE,1,100.0,0,248,62.3,79.3,59.5,0,0,8,100.0,100.0,100.0,0,0,0,11,0,11,0,11,8,8,0,0,3,0
Charlie Reid,47174,WR,TCU,9,57.9,0,305,60.1,,51.9,0,0,0,0.0,0.0,,1,0,0,11,0,0,0,19,0,8,0,0,11,7
Daniel Oak,27317,C,UCONN,1,100.0,0,146,79.0,66.5,75.7,0,0,1,100.0,100.0,100.0,0,0,0,11,11,0,0,11,1,1,0,0,10,0
Ryan Kortokrax,26375,G,AKRON,2,100.0,0,102,47.4,,56.5,0,0,0,,,,1,0,0,11,0,6,0,11,0,0,5,0,11,0
Freddy Canteen,29129,WR,MICHIGAN,4,23.9,0,222,49.4,,70.8,0,0,0,0.0,0.0,,0,0,0,11,0,0,0,46,0,35,0,0,11,0
Dylan Bradley,48901,ED,SO MISS,7,78.6,0,296,48.7,,52.0,0,0,0,0.0,0.0,,1,0,0,11,0,0,0,14,0,1,0,0,11,0
Todd Stafford,47072,TE,UMASS,3,91.7,0,216,59.2,,59.4,0,0,0,0.0,0.0,,0,0,0,11,0,0,1,12,0,1,0,2,11,7
Connor Brewer,21714,QB,VIRGINIA,2,52.4,0,335,73.9,,60.0,0,0,0,0.0,0.0,,0,0,0,11,0,0,0,21,0,10,0,0,11,0
Neal Bess,37594,T,AIR FORCE,2,100.0,0,101,74.2,,72.7,0,0,0,,,,0,0,0,11,0,0,0,11,0,0,0,11,11,0
Brenden O'Neil,26347,TE,WAKE,1,78.6,0,339,77.1,71.0,80.9,0,0,4,57.1,57.1,100.0,0,0,0,11,0,0,0,14,4,7,0,0,7,11
Nick Bingham,34922,HB,TEXAS ST,1,52.4,0,314,59.7,78.7,59.3,0,0,6,54.5,54.5,100.0,0,0,0,11,0,0,0,21,6,11,0,0,5,0
Ryan Watkins,25596,FB,TCU,2,100.0,0,305,59.7,,59.4,0,0,0,,,,0,0,0,11,0,0,0,11,0,0,0,0,11,0
Eric Hawkins,22336,WR,ARKANSAS,5,91.7,0,111,59.1,,61.2,0,0,0,0.0,0.0,,0,0,0,11,0,0,0,12,0,1,0,0,11,0
Alphonso Carter,44922,WR,LOUISVILLE,2,68.8,0,210,65.1,,88.9,0,0,0,0.0,0.0,,0,0,0,11,0,0,0,16,0,5,0,0,11,0
Brad Absher,27936,WR,APP STATE,2,100.0,0,108,59.0,,57.8,0,0,0,,,,0,0,0,11,0,0,0,11,0,0,0,0,11,0
Mario Pender,22741,HB,FLORIDA ST,3,16.4,0,167,72.7,61.8,65.8,0,1,6,20.0,21.2,91.7,1,1,0,11,0,0,0,67,7,33,0,0,4,0
Jerald Foster,45497,G,NEBRASKA,1,100.0,0,238,62.5,77.7,60.3,0,0,7,100.0,100.0,100.0,0,0,0,11,0,11,0,11,7,7,0,0,4,0
Tyler Scalzi,47213,FB,TEXAS TECH,7,91.7,0,315,57.2,66.4,57.5,0,0,1,50.0,50.0,100.0,0,0,0,11,0,0,1,12,1,2,0,1,10,8
Jerry Moorehead,27851,TE,ARK STATE,1,84.6,0,113,58.0,,62.5,0,0,0,0.0,0.0,,0,0,0,11,0,0,0,13,0,2,0,0,11,0
Logan Rice,27967,WR,AUBURN,1,100.0,0,115,60.4,,60.3,0,0,0,,,,0,0,0,11,0,0,0,11,0,0,0,0,11,0
Josh Grady,16418,WR,FLORIDA,4,42.3,0,163,75.5,,60.8,0,0,0,0.0,0.0,,0,0,0,11,0,0,0,26,0,12,0,0,11,0
Ben Knox,27855,T,USF,1,100.0,0,327,69.2,77.7,67.0,0,0,3,100.0,100.0,100.0,0,0,0,11,0,0,11,11,3,3,0,0,8,0
A.T. Hall,47000,T,STANFORD,3,100.0,0,300,55.8,,56.2,0,0,0,,,,0,0,0,11,0,0,0,11,0,0,0,0,11,11
Luke Rossi,39132,WR,ARKANSAS,4,52.4,0,111,53.5,,60.6,0,0,0,0.0,0.0,,0,0,0,11,0,0,0,21,0,10,0,0,11,0
Devin Glenn,47530,HB,TULANE,9,37.9,0,319,42.0,,61.4,0,0,0,0.0,0.0,,0,0,0,11,0,0,0,29,0,14,0,0,11,0
Joseph Hall,26990,WR,COLORADO,2,78.6,0,143,54.8,,56.2,0,0,0,0.0,0.0,,0,0,0,11,0,0,0,14,0,3,0,0,11,0
Will Dissly,30762,DI,WASHINGTON,2,100.0,0,340,82.1,65.1,77.3,0,0,1,100.0,100.0,100.0,0,0,0,11,0,0,0,11,1,1,0,0,10,11
D.J. Gillins,30688,WR,WISCONSIN,3,64.7,0,349,56.5,,61.3,0,0,0,0.0,0.0,,0,0,0,11,0,0,0,17,0,6,0,0,11,0
David Bouvier,28637,WR,KENTUCKY,1,91.7,0,202,58.7,,60.0,0,0,0,0.0,0.0,,0,0,0,11,0,0,0,12,0,1,0,0,11,0
Luke Benuska,19342,T,TCU,3,100.0,0,305,59.0,,58.5,0,0,0,,,,0,0,0,11,0,0,0,11,0,0,0,11,11,0
Wallace Gonzalez,47116,TE,UTAH,2,90.9,0,328,60.0,,59.4,0,0,0,,,,0,0,0,10,0,0,0,11,0,0,0,0,10,5
Jacky Marcellus,30714,WR,W VIRGINIA,3,37.0,0,343,46.4,72.9,58.3,0,0,3,27.3,27.3,100.0,0,0,0,10,0,0,0,27,3,11,0,0,7,0
Vernon Davis Jr.,24261,WR,W VIRGINIA,1,100.0,0,343,61.1,,61.8,0,0,0,,,,0,0,0,10,0,0,0,10,0,0,0,0,10,0
Ryan Lamb,21400,QB,C MICHIGAN,2,83.3,0,134,59.6,,60.0,0,0,0,0.0,0.0,,0,0,0,10,0,0,0,12,0,1,0,0,10,0
Matt Rockett,47707,WR,CAL,3,62.5,0,130,54.8,,59.4,0,0,0,0.0,0.0,,0,0,0,10,0,0,0,16,0,6,0,0,10,0
Nico Evans,30864,HB,WYOMING,8,29.4,0,351,66.4,73.5,75.0,0,0,2,18.2,16.7,100.0,0,0,0,10,0,0,0,34,2,12,0,0,8,0
Chris Streveler,46440,WR,MINNESOTA,5,47.6,0,225,50.1,,58.5,0,0,0,0.0,0.0,,0,0,0,10,0,0,0,21,0,7,0,0,10,0
Peter Pekar,47105,TE,IOWA,1,100.0,0,192,74.1,,70.9,0,0,0,,,,0,0,0,10,0,0,0,10,0,0,0,0,10,10
Demry Croft,13644,QB,MINNESOTA,3,27.8,0,225,49.5,,60.0,0,0,0,0.0,0.0,,1,0,0,10,0,0,0,36,0,22,0,0,10,0
TJ Flinta,34369,HB,MISS STATE,3,90.9,0,227,78.3,,76.8,0,0,0,0.0,0.0,,0,0,0,10,0,0,0,11,0,1,0,0,10,11
Mark Herndon,23198,HB,FLORIDA,8,41.7,0,163,50.3,62.9,59.5,0,1,6,37.5,37.5,91.7,0,1,0,10,0,0,0,24,6,16,0,0,4,0
Dontonio Jordan,38630,WR,STANFORD,5,62.5,0,300,67.4,,60.6,0,0,0,0.0,0.0,,0,0,0,10,0,0,0,16,0,6,0,0,10,0
Garrett Brumfield,28936,G,LSU,2,100.0,0,211,79.6,,78.7,0,0,0,,,,0,0,0,10,0,10,0,10,0,0,0,0,10,0
R.J. Tyler,47291,TE,CHARLOTTE,3,58.8,0,136,69.6,,84.2,0,0,0,0.0,0.0,,0,0,0,10,0,0,0,17,0,7,0,0,10,0
Derrick Dick,33863,WR,UTSA,8,37.0,0,331,45.6,,72.6,0,0,0,0.0,0.0,,0,0,0,10,0,0,0,27,0,10,0,0,10,0
Denzel Tolliver,26213,TE,N ILLINOIS,4,90.9,0,254,64.8,,65.1,0,0,0,0.0,0.0,,0,0,0,10,0,0,0,11,0,1,0,0,10,10
David Mellstrom,17691,WR,USC,3,71.4,0,326,69.9,,60.7,0,0,0,0.0,0.0,,0,0,0,10,0,0,0,14,0,3,0,0,10,0
Jordan Davis,27648,TE,GEORGIA,4,58.8,0,173,71.3,60.8,64.8,0,0,1,12.5,12.5,100.0,0,0,0,10,0,0,0,17,1,8,0,0,9,13
Kaliq Kokuma,38424,HB,HOUSTON,3,32.3,0,182,61.2,74.3,59.2,0,0,3,50.0,50.0,100.0,0,0,0,10,0,0,0,31,3,6,0,0,7,0
Devan Demas,45942,HB,BOISE ST,8,16.1,0,120,62.9,77.9,58.4,0,0,4,15.4,15.4,100.0,0,0,0,10,0,0,0,62,4,26,0,0,6,1
Stanton Weber,18372,WR,KANSAS ST,3,58.8,0,199,55.9,,57.9,0,0,0,0.0,0.0,,0,0,0,10,0,0,0,17,0,7,0,0,10,0
Marquan Greene,33578,WR,GA STATE,2,40.0,0,175,65.4,71.6,61.1,0,0,1,12.5,10.0,100.0,0,0,0,10,0,0,0,25,1,10,0,0,9,0
Andrew Albers,16609,T,UTAH,1,100.0,0,328,53.1,,52.6,0,0,0,,,,0,0,0,10,0,0,0,10,0,0,0,10,10,0
LaQuintus Dowell,19709,HB,UTEP,7,10.2,0,330,58.5,76.2,60.0,0,0,8,23.5,23.5,100.0,0,0,0,10,0,0,0,98,8,34,0,0,2,0
Jake Matkovich,37730,WR,AIR FORCE,1,100.0,0,101,45.9,,59.3,0,0,0,,,,1,0,0,10,0,0,0,10,0,0,0,0,10,0
Ronald Cleveland,37707,HB,AIR FORCE,2,90.9,0,101,74.4,,70.9,0,0,0,,,,0,0,0,10,0,0,0,11,0,0,0,0,10,3
Joe Anderson,46742,T,OHIO,1,100.0,0,259,67.5,71.4,66.2,0,0,2,100.0,100.0,100.0,0,0,0,10,0,0,0,10,2,2,0,10,8,0
Cody Robinson,18086,G,DUKE,1,100.0,0,154,65.6,0.5,69.9,1,0,2,100.0,100.0,75.0,0,1,0,10,0,0,0,10,2,2,10,0,8,0
Caleb Henderson,39905,,N CAROLINA,2,58.8,0,245,67.4,,60.0,0,0,0,0.0,0.0,,0,0,0,10,0,0,0,17,0,1,0,0,10,0
Matt Alviti,44954,QB,NWESTERN,2,62.5,0,256,57.1,,60.0,0,0,0,0.0,0.0,,0,0,0,10,0,0,0,16,0,6,0,0,10,0
Davasyia Hagger,47671,TE,HAWAII,2,33.3,0,180,52.0,69.4,61.1,0,0,2,9.1,9.1,100.0,0,0,0,10,0,0,0,30,2,22,0,0,8,13
Tyris Wooten,45116,WR,NAVY,3,100.0,0,237,60.3,,59.8,0,0,0,,,,0,0,0,10,0,0,0,10,0,0,0,0,10,3
Billy Seward,27580,C,GEORGIA,1,100.0,0,173,59.8,77.2,57.9,0,0,7,100.0,100.0,100.0,0,0,0,10,10,0,0,10,7,7,0,0,3,0
Cameron Tucker,18436,HB,ILLINOIS,4,52.6,0,187,57.8,27.3,59.8,0,1,5,71.4,71.4,90.0,0,1,0,10,0,0,0,19,5,7,0,0,5,0
Cole Collier,30196,C,TEXAS TECH,2,100.0,0,315,60.1,71.5,59.4,0,0,2,100.0,100.0,100.0,0,0,0,10,10,0,0,10,2,2,0,0,8,0
Jeffrey Coprich,47409,HB,CAL,6,25.6,0,130,67.8,78.0,60.0,0,0,5,26.3,25.0,100.0,0,0,0,10,0,0,0,39,5,20,0,0,5,0
Nick Nowakowski,21441,G,UTAH,1,100.0,0,328,54.8,,64.0,0,0,0,,,,1,0,0,10,0,10,0,10,0,0,0,0,10,0
Tucker Brown,36555,C,AUBURN,1,90.9,0,115,66.9,,65.4,0,0,0,,,,0,0,0,10,11,0,0,11,0,0,0,0,10,0
Olabisi Johnson,47882,WR,COLO STATE,7,30.3,0,144,58.6,,60.5,0,0,0,0.0,0.0,,0,0,0,10,0,0,0,33,0,23,0,0,10,0
Donte Thomas-Williams,13114,HB,W VIRGINIA,4,28.1,0,343,63.0,76.4,72.2,0,0,1,11.1,18.2,100.0,0,0,0,9,0,0,0,32,2,11,0,0,7,0
Brian Hardy,25552,WR,E CAROLINA,2,100.0,0,156,58.5,,57.7,0,0,0,,,,0,0,0,9,0,0,0,9,0,0,0,0,9,3
Hunter Wells,18522,G,MIAMI FL,2,100.0,0,220,54.4,0.0,59.4,0,0,2,100.0,100.0,100.0,0,0,0,9,0,7,0,9,2,2,0,2,7,0
Russell Bellomy,18591,QB,UTSA,3,32.1,0,331,54.3,,60.0,0,0,0,0.0,0.0,,0,0,0,9,0,0,0,28,0,13,0,0,9,0
Jonathan Curry,34966,HB,PURDUE,4,90.0,0,273,63.9,,64.7,0,0,0,0.0,0.0,,0,0,0,9,0,0,0,10,0,1,0,0,9,10
Aaron Ruff,26623,G,TEMPLE,2,100.0,0,306,76.8,,75.9,0,0,0,,,,0,0,0,9,0,7,0,9,0,0,2,0,9,0
P.J. Howard IV,16540,WR,WAKE,1,40.9,0,339,56.7,,60.6,0,0,0,0.0,0.0,,0,0,0,9,0,0,0,22,0,13,0,0,9,0
Jake Elfers,36007,TE,CINCINNATI,1,100.0,0,138,58.1,,57.0,0,0,0,,,,0,0,0,9,0,0,0,9,0,0,0,0,9,5
Quinn Bailey,46669,T,ARIZONA ST,4,100.0,0,110,66.2,,65.1,0,0,0,,,,0,0,0,9,0,0,0,9,0,0,0,3,9,6
Ryan Schadler,33976,HB,KANSAS,9,18.8,0,198,62.9,78.2,58.7,0,1,4,19.0,20.8,87.5,0,1,0,9,0,0,0,48,5,24,0,0,4,0
Corey Whitaker,46041,T,NEBRASKA,3,100.0,0,238,61.7,76.3,59.6,0,0,6,100.0,100.0,100.0,0,0,0,9,0,0,0,9,6,6,7,2,3,0
Mark Cosgrove,27044,FB,ARIZONA ST,3,90.0,0,110,64.7,71.8,67.4,0,0,2,66.7,66.7,100.0,0,0,0,9,0,0,0,10,2,3,0,0,7,0
David Anzaldua,27055,G,UTSA,1,100.0,0,331,80.3,70.1,79.8,0,0,2,100.0,100.0,100.0,0,0,0,9,0,9,0,9,2,2,0,0,7,0
David Georges,18737,TE,NEW MEXICO,1,100.0,0,241,64.5,,65.3,0,0,0,,,,0,0,0,9,0,0,0,9,0,0,0,0,9,4
Jarrett LaRubbio,28571,G,KENTUCKY,1,100.0,0,202,56.9,,56.7,0,0,0,,,,0,0,0,9,0,0,0,9,0,0,9,0,9,0
Nicodem Pierre,45994,HB,DUKE,4,34.6,0,154,68.7,75.4,67.5,0,0,2,50.0,50.0,100.0,0,0,0,9,0,0,0,26,2,4,0,0,7,0
Jack Lamm,23244,C,NEW MEXICO,1,100.0,0,241,59.1,,59.0,0,0,0,,,,0,0,0,9,9,0,0,9,0,0,0,0,9,0
Matt Zanellato,17326,WR,PENN STATE,3,81.8,0,266,58.0,,61.9,0,0,0,0.0,0.0,,0,0,0,9,0,0,0,11,0,2,0,0,9,0
Tanner Davies,29904,G,OREGON,2,100.0,0,264,72.3,66.7,71.5,0,0,1,100.0,100.0,100.0,0,0,0,9,0,0,0,9,1,1,9,0,8,0
Rowdy Simon,45892,HB,TULSA,1,56.3,0,320,69.0,44.7,,0,0,8,100.0,100.0,100.0,0,0,0,9,0,0,0,16,9,9,0,0,0,0
Nick Padla,27333,T,MICH STATE,2,100.0,0,223,70.3,65.5,70.5,0,0,1,100.0,100.0,100.0,0,0,0,9,0,0,0,9,1,1,0,9,8,0
Alex Rodriguez,45844,HB,INDIANA,4,30.0,0,190,56.6,81.9,60.0,0,0,6,42.9,50.0,100.0,0,0,0,9,0,0,0,30,8,16,0,0,1,0
Darnell Woolfolk,45756,HB,ARMY,6,90.0,0,114,68.9,70.0,67.0,0,0,0,0.0,50.0,,0,0,0,9,0,0,0,10,1,2,0,0,8,0
Sean Mac Lain,27528,TE,CLEMSON,4,64.3,0,140,56.3,,61.3,0,0,0,0.0,0.0,,0,0,0,9,0,0,0,14,0,5,0,0,9,0
Taylor Jackson,27576,WR,NAVY,4,100.0,0,237,59.9,,59.1,0,0,0,,,,0,0,0,9,0,0,0,9,0,0,0,0,9,1
Michael Rodriguez,28789,TE,LA TECH,1,100.0,0,208,59.4,78.6,55.2,0,0,4,100.0,100.0,100.0,0,0,0,9,0,0,0,9,4,4,0,9,5,0
Gabriel Casillas,46984,T,UTSA,1,100.0,0,331,60.9,69.8,59.8,0,0,2,100.0,100.0,100.0,0,0,0,9,0,0,9,9,2,2,0,0,7,0
Stedman Mayberry,45672,HB,TEXAS ST,3,19.1,0,314,65.2,77.8,59.7,0,0,6,21.4,20.7,100.0,0,0,0,9,0,0,0,47,6,29,0,0,3,0
Darryl Bonner,45643,TE,NAVY,2,90.0,0,237,55.4,,55.0,0,0,0,,,,0,0,0,9,0,0,0,10,0,0,0,0,9,6
Tucker Tuberville,22212,QB,AUBURN,1,81.8,0,115,73.0,,60.0,0,0,0,,,,0,0,0,9,0,0,0,11,0,0,0,0,9,0
Drew Barksdale,38060,WR,BOSTON COL,2,40.9,0,121,56.7,,61.4,0,0,0,0.0,0.0,,0,0,0,9,0,0,0,22,0,13,0,0,9,1
Ed Caldwell,22073,G,COLORADO,2,100.0,0,143,66.3,,65.8,0,0,0,,,,0,0,0,9,0,0,0,9,0,0,3,6,9,0
John Montelus,45239,G,NOTRE DAME,2,100.0,0,258,51.9,67.3,51.6,0,0,1,100.0,100.0,100.0,0,0,0,9,0,0,0,9,1,1,9,0,8,0
Vincent Arvia,22020,C,COLORADO,2,100.0,0,143,65.8,,64.8,0,0,0,,,,0,0,0,9,6,3,0,9,0,0,0,0,9,0
Shadrach Abrokwah,38133,HB,UMASS,5,39.1,0,216,54.7,37.9,59.7,1,0,6,66.7,66.7,91.7,0,1,0,9,0,0,0,23,6,9,0,0,3,0
Reid Najvar,28714,C,KANSAS ST,3,100.0,0,199,71.9,69.1,70.1,0,0,1,100.0,100.0,100.0,0,0,0,9,9,0,0,9,1,1,0,0,8,0
Koa Ka'ai,19173,TE,OREGON,2,100.0,0,264,71.3,,69.5,0,0,0,,,,0,0,0,9,0,0,0,9,0,0,0,0,9,9
Treyvon Hughes,39807,HB,UTEP,9,24.3,0,330,60.7,56.2,59.3,0,1,6,66.7,66.7,91.7,0,1,0,9,0,0,0,37,6,9,0,0,3,0
Tymon Locklin,49152,WR,NEW MEX ST,3,56.3,0,242,45.6,,60.6,0,0,0,0.0,0.0,,0,0,0,9,0,0,0,16,0,7,0,0,9,0
Jake Ashton,38385,TE,CAL,1,69.2,0,130,61.1,,71.1,0,0,0,0.0,0.0,,0,0,0,9,0,0,0,13,0,4,0,0,9,4
Jay'Shawn Washington,47382,FB,SO MISS,1,31.0,0,296,64.5,36.9,69.0,0,2,4,17.4,16.7,75.0,0,2,0,9,0,0,0,29,4,24,0,0,5,18
Suleiman Masumbuko,39332,DI,TULSA,5,100.0,0,320,78.8,,80.6,0,0,0,,,,0,0,0,9,0,0,0,9,0,0,0,0,9,0
Trent Moore,28263,T,OREGON ST,4,100.0,0,265,66.1,74.2,64.3,0,0,2,100.0,100.0,100.0,0,0,0,9,0,0,4,9,2,2,0,0,7,5
Montrel Carter,19655,HB,LA LAFAYET,3,34.6,0,207,60.6,77.6,59.4,0,0,5,41.7,41.7,100.0,0,0,0,9,0,0,0,26,5,12,0,0,4,0
Denis Onwualu,20822,HB,GA TECH,2,100.0,0,176,58.2,,57.3,0,0,0,,,,0,0,0,9,0,0,0,9,0,0,0,0,9,6
Tyrell Johnson,47587,WR,ARIZONA,6,24.3,0,109,56.0,,79.5,0,0,0,0.0,0.0,,0,0,0,9,0,0,0,37,0,23,0,0,9,0
Kevin Tennenbaum,20727,TE,N ILLINOIS,3,100.0,0,254,56.5,,56.6,0,0,0,,,,0,0,0,9,0,0,0,9,0,0,0,0,9,9
Tony Ray Parnell,20465,WR,S ALABAMA,5,60.0,0,288,58.4,,60.8,0,0,0,0.0,0.0,,0,0,0,9,0,0,0,15,0,6,0,0,9,0
Jack Gammon,47581,WR,MARSHALL,2,60.0,0,214,56.2,,61.1,0,0,0,0.0,0.0,,0,0,0,9,0,0,0,15,0,6,0,0,9,0
Derek Straus,19851,FB,WISCONSIN,3,52.9,0,349,56.0,,59.6,0,0,0,0.0,0.0,,0,0,0,9,0,0,0,17,0,7,0,0,9,5
Will Thomas,12370,WR,CHARLOTTE,2,90.0,0,136,59.2,,61.8,0,0,0,0.0,0.0,,0,0,0,9,0,0,0,10,0,1,0,0,9,0
Blake Martin,18558,HB,LA TECH,5,22.5,0,208,68.7,51.1,52.2,0,0,5,31.3,31.3,100.0,0,0,0,9,0,0,0,40,5,16,0,0,4,0
Joey Herrick,18251,WR,KENTUCKY,1,100.0,0,202,68.5,,76.2,0,0,0,,,,0,0,0,8,0,0,0,8,0,0,0,0,8,0
Emonee Spence,39505,WR,LOUISVILLE,4,40.0,0,210,58.0,,73.7,0,0,0,0.0,0.0,,0,0,0,8,0,0,0,20,0,12,0,0,8,0
Hakeem Lawrence,39781,HB,AKRON,3,53.3,0,102,57.4,35.0,57.3,0,0,2,66.7,66.7,50.0,0,1,1,8,0,0,0,15,2,3,0,0,6,0
Brayden Beard,33748,WR,CINCINNATI,1,80.0,0,138,55.3,,55.5,0,0,0,0.0,0.0,,0,0,0,8,0,0,0,10,0,2,0,0,8,0
Kevin D'Arcy,21311,C,C MICHIGAN,2,100.0,0,134,59.4,70.4,58.9,0,0,1,100.0,100.0,100.0,0,0,0,8,8,0,0,8,1,1,0,0,7,0
Orion Prescott,25289,HB,UTEP,1,53.3,0,330,54.5,,61.0,0,0,0,0.0,0.0,,0,0,0,8,0,0,0,15,0,7,0,0,8,0
Daxx Garman,19183,QB,MARYLAND,2,20.5,0,215,44.7,,60.0,0,0,0,0.0,0.0,,1,0,0,8,0,0,0,39,0,29,0,0,8,0
Chris Collins,39573,WR,LA LAFAYET,4,34.8,0,207,53.3,,60.5,0,0,0,0.0,0.0,,0,0,0,8,0,0,0,23,0,15,0,0,8,0
Trey Dunkelberger,39722,TE,SYRACUSE,1,88.9,0,304,54.6,,55.9,0,0,0,0.0,0.0,,0,0,0,8,0,0,0,9,0,1,0,0,8,9
Jake LaCoste,32308,HB,AIR FORCE,2,53.3,0,101,64.8,,56.3,0,0,0,,,,0,0,0,8,0,0,0,15,0,0,0,0,8,6
Dalton Gifford,16973,T,UCONN,1,100.0,0,146,52.2,60.7,51.9,0,0,1,100.0,100.0,100.0,0,0,0,8,0,0,8,8,1,1,0,0,7,0
OJ Clark,27635,WR,NEW MEX ST,3,27.6,0,242,51.6,,61.4,0,0,0,0.0,0.0,,0,0,0,8,0,0,0,29,0,19,0,0,8,0
Cedric Brown,29687,WR,OHIO,4,88.9,0,259,59.1,,61.6,0,0,0,0.0,0.0,,0,0,0,8,0,0,0,9,0,1,0,0,8,0
Jonathan Carson,23620,TE,C MICHIGAN,1,100.0,0,134,74.3,,71.9,0,0,0,,,,0,0,0,8,0,0,0,8,0,0,0,0,8,8
Ken Webster,12955,CB,OLE MISS,1,88.9,0,226,68.2,69.2,68.3,0,0,1,100.0,66.7,100.0,3,0,0,8,0,0,0,9,2,3,0,0,6,8
Cole Carter,23248,T,MISS STATE,3,100.0,0,227,76.7,,76.2,0,0,0,,,,0,0,0,8,0,0,3,8,0,0,0,5,8,0
Luke McNitt,45660,TE,NEBRASKA,1,72.7,0,238,57.7,68.2,54.7,0,0,4,57.1,57.1,100.0,0,0,0,8,0,0,0,11,4,7,0,0,4,10
Jude Hockel,29054,G,UTAH ST,1,100.0,0,329,58.0,69.7,57.3,0,0,2,100.0,100.0,100.0,0,0,0,8,0,8,0,8,2,2,0,0,6,0
Jager Gardner,34959,HB,TEMPLE,7,17.0,0,306,63.6,76.4,59.1,0,0,4,44.4,45.5,100.0,0,0,0,8,0,0,0,47,5,11,0,0,3,0
Stephen Johnson III,34416,WR,UCLA,6,22.9,0,324,80.7,,57.8,0,0,0,0.0,0.0,,0,0,0,8,0,0,0,35,0,25,0,0,8,0
Aaron Jones,11937,HB,UTEP,2,12.3,0,330,73.7,68.3,56.3,0,0,1,3.8,3.8,100.0,0,0,0,8,0,0,0,65,1,26,0,0,7,0
Jabrill Peppers,11780,CB,MICHIGAN,9,15.4,0,222,81.8,,58.4,0,0,0,0.0,0.0,,5,0,0,8,0,0,0,52,0,27,0,0,8,1
Cywettnie Brown,17631,WR,BALL ST,4,34.8,0,117,66.9,,61.1,0,0,0,0.0,0.0,,0,0,0,8,0,0,0,23,0,15,0,0,8,0
Alec Morris,46578,QB,ALABAMA,3,88.9,0,103,62.4,,60.0,0,0,0,0.0,0.0,,0,0,0,8,0,0,0,9,0,1,0,0,8,0
Shane Mikesky,19019,WR,PURDUE,9,11.6,0,273,67.5,,60.3,0,0,0,0.0,0.0,,0,0,0,8,0,0,0,69,0,61,0,0,8,3
Brodrick Yancy,44977,WR,TEMPLE,3,42.1,0,306,62.1,,54.7,0,0,0,0.0,0.0,,0,0,0,8,0,0,0,19,0,11,0,0,8,0
Joe Wolljung,25840,T,CHARLOTTE,1,100.0,0,136,56.6,74.1,55.3,0,0,1,100.0,100.0,100.0,0,0,0,8,0,0,0,8,1,1,0,8,7,0
Victor Gonzalez,47759,WR,NEVADA,5,33.3,0,239,53.6,,61.2,0,0,0,0.0,0.0,,0,0,0,8,0,0,0,24,0,16,0,0,8,0
Eric Lutzen,29535,HB,NWESTERN,1,100.0,0,256,65.1,,63.9,0,0,0,,,,0,0,0,8,0,0,0,8,0,0,0,0,8,8
Tim Seager,17549,G,GA TECH,2,100.0,0,176,63.2,,62.8,0,0,0,,,,0,0,0,8,0,0,3,8,0,0,5,0,8,0
Donovan Wilson,44919,HB,BOWL GREEN,9,14.8,0,122,59.3,78.2,60.0,0,0,7,43.8,41.2,100.0,0,0,0,8,0,0,0,54,7,17,0,0,1,0
Austin Aikens,22366,WR,USF,2,88.9,0,327,41.5,,60.5,0,0,0,0.0,0.0,,0,0,0,8,0,0,0,9,0,1,0,0,8,0
Aaron Parry,28010,G,OHIO STATE,1,100.0,0,260,63.6,72.0,62.9,0,0,1,100.0,100.0,100.0,0,0,0,8,0,0,0,8,1,1,8,0,7,0
Matt Sokol,47123,TE,MICH STATE,2,100.0,0,223,66.2,65.4,64.6,0,0,1,100.0,100.0,100.0,0,0,0,8,0,0,0,8,1,1,0,0,7,8
Manny Wilkins,46604,QB,ARIZONA ST,4,50.0,0,110,73.6,,60.0,0,0,0,0.0,0.0,,1,0,0,8,0,0,0,16,0,2,0,0,8,0
Khalil Brooks,34161,WR,MIDDLE TN,1,100.0,0,224,59.9,,59.2,0,0,0,,,,0,0,0,8,0,0,0,8,0,0,0,0,8,0
Brady Swilling,27540,QB,GA TECH,2,38.1,0,176,70.9,,60.0,0,0,0,,,,0,0,0,8,0,0,0,21,0,0,0,0,8,0
Jonathan Parker,28767,WR,IOWA,5,57.1,0,192,67.0,,91.1,0,0,0,0.0,0.0,,0,0,0,8,0,0,0,14,0,4,0,0,8,0
Kameron Doolittle,18972,WR,OKLA STATE,2,57.1,0,262,46.9,,61.4,0,0,0,0.0,0.0,,0,0,0,8,0,0,0,14,0,6,0,0,8,0
Parker Barrineau,17913,WR,ALABAMA,5,66.7,0,103,50.1,,42.2,0,0,0,0.0,0.0,,0,0,0,8,0,0,0,12,0,4,0,0,8,0
Eugene Brazley,45770,HB,OLE MISS,6,21.6,0,226,70.2,47.5,57.0,0,1,5,41.7,41.7,90.0,0,1,0,8,0,0,0,37,5,12,0,0,3,0
Dominic Salomone,21958,FB,PENN STATE,2,100.0,0,266,83.4,,81.8,0,0,0,,,,0,0,0,8,0,0,0,8,0,0,0,0,8,7
Luke Timian,47860,WR,INDIANA,3,57.1,0,190,91.0,,59.6,0,0,0,0.0,0.0,,0,0,0,8,0,0,0,14,0,6,0,0,8,0
Ryan Brand,37572,QB,AIR FORCE,2,100.0,0,101,60.0,,60.0,0,0,0,,,,1,0,0,8,0,0,0,8,0,0,0,0,8,0
Danny Cameron,39323,QB,INDIANA,1,30.8,0,190,63.3,,60.0,0,0,0,0.0,0.0,,0,0,0,8,0,0,0,26,0,18,0,0,8,0
Matt Spadaro,26845,T,S JOSE ST,3,72.7,0,285,59.5,67.8,58.7,0,0,1,25.0,25.0,100.0,0,0,0,8,0,0,0,11,1,4,0,0,7,10
Aston Walter,29870,HB,RICE,2,100.0,0,275,60.2,,60.0,0,0,0,,,,0,0,0,8,0,0,0,8,0,0,0,0,8,0
David Ducre,36102,FB,LSU,3,88.9,0,211,65.0,71.6,63.8,0,0,2,66.7,66.7,100.0,0,0,0,8,0,0,0,9,2,3,0,0,6,1
Cale Luke,39420,WR,OLE MISS,2,100.0,0,226,60.2,,60.0,0,0,0,,,,0,0,0,8,0,0,0,8,0,0,0,0,8,0
Andrew Lucke,26998,C,BOWL GREEN,2,100.0,0,122,65.6,72.1,63.9,0,0,3,100.0,100.0,100.0,0,0,0,8,3,5,0,8,4,4,0,0,4,0
Alex Mut,47357,WR,USF,6,36.4,0,327,54.2,,60.9,0,0,0,0.0,0.0,,0,0,0,8,0,0,0,22,0,14,0,0,8,0
Connor Howard,16435,WR,C MICHIGAN,1,100.0,0,134,68.8,,78.3,0,0,0,,,,0,0,0,7,0,0,0,7,0,0,0,0,7,0
Jared Chapple,22391,TE,GEORGIA,1,100.0,0,173,70.8,,69.5,0,0,0,,,,0,0,0,7,0,0,0,7,0,0,0,0,7,7
John Tsimis,48239,WR,RUTGERS,2,23.3,0,278,64.1,,60.9,0,0,0,0.0,0.0,,0,0,0,7,0,0,0,30,0,23,0,0,7,0
David Baumer,28783,T,KENTUCKY,1,100.0,0,202,66.5,,66.8,0,0,0,,,,0,0,0,7,0,0,7,7,0,0,0,0,7,0
Jordan Austin,27683,T,USC,1,100.0,0,326,59.9,63.7,58.7,0,0,1,,,100.0,0,0,0,7,0,1,0,7,1,0,0,6,6,0
Jalen Johnson,27641,WR,GA TECH,2,100.0,0,176,60.4,,60.3,0,0,0,,,,0,0,0,7,0,0,0,7,0,0,0,0,7,0
Matt Finnin,18888,T,NEBRASKA,1,100.0,0,238,67.5,51.1,60.0,0,1,5,100.0,100.0,90.0,0,1,0,7,0,0,7,7,5,5,0,0,2,0
Chase Hansen,51448,S,UTAH,3,46.7,0,328,67.4,,60.0,0,0,0,0.0,0.0,,0,0,0,7,0,0,0,15,0,1,0,0,7,0
Brandon Bell,16811,TE,OLE MISS,1,100.0,0,226,60.1,,59.9,0,0,0,,,,0,0,0,7,0,0,0,7,0,0,0,0,7,0
Michael Talafus,21787,C,S JOSE ST,3,100.0,0,285,59.5,69.9,58.8,0,0,2,100.0,100.0,100.0,0,0,0,7,7,0,0,7,2,2,0,0,5,0
Grant Newell,44729,WR,OKLA STATE,1,100.0,0,262,59.9,,59.6,0,0,0,,,,0,0,0,7,0,0,0,7,0,0,0,0,7,0
Dylan Dyer,16808,TE,OLE MISS,3,100.0,0,226,50.2,,47.4,0,0,0,,,,0,0,0,7,0,0,0,7,0,0,0,0,7,3
Ricky Fergerson,17804,HB,APP STATE,5,28.0,0,108,63.4,69.6,59.9,0,0,1,12.5,12.5,100.0,0,0,0,7,0,0,0,25,1,8,0,0,6,0
Jonathan Trull,30418,G,N CAROLINA,1,100.0,0,245,59.3,68.2,58.7,0,0,1,100.0,100.0,100.0,0,0,0,7,0,7,0,7,1,1,0,0,6,0
Ben Pliska,23122,G,MICHIGAN,2,100.0,0,222,65.9,72.6,65.1,0,0,2,100.0,100.0,100.0,0,0,0,7,0,0,0,7,2,2,7,0,5,0
Dylan Greenberg,12891,G,KENTUCKY,1,100.0,0,202,65.3,,64.9,0,0,0,,,,0,0,0,7,0,7,0,7,0,0,0,0,7,0
Tyler Hartmann,21470,FB,MINNESOTA,3,87.5,0,225,70.3,71.8,73.1,0,0,2,66.7,66.7,100.0,0,0,0,7,0,0,0,8,2,3,0,0,5,0
Erick Jepsen,17689,G,USC,1,100.0,0,326,53.8,63.3,53.1,0,0,1,,,100.0,0,0,0,7,0,6,0,7,1,0,1,0,6,0
Adrian Falconer,33582,WR,IOWA,3,77.8,0,192,59.0,,60.9,0,0,0,0.0,0.0,,0,0,0,7,0,0,0,9,0,2,0,0,7,0
Devin Anderson,45997,HB,E CAROLINA,5,58.3,0,156,53.2,,60.0,0,0,0,,,,0,0,0,7,0,0,0,12,0,0,0,0,7,0
Devyn Salmon,27147,C,MICH STATE,1,100.0,0,223,60.5,67.7,60.2,0,0,1,100.0,100.0,100.0,0,0,0,7,7,0,0,7,1,1,0,0,6,0
Chase Gianacakos,27131,G,MICH STATE,1,100.0,0,223,58.7,66.7,58.3,0,0,1,100.0,100.0,100.0,0,0,0,7,0,0,0,7,1,1,7,0,6,0
Kyle Junior,48799,FB,BOWL GREEN,3,100.0,0,122,63.7,,64.1,0,0,0,,,,0,0,0,7,0,0,0,7,0,0,0,0,7,0
Khris Francis,39526,HB,N CAROLINA,5,33.3,0,245,65.3,72.7,79.2,0,0,1,33.3,33.3,100.0,0,0,0,7,0,0,0,21,1,3,0,0,6,0
Brandon Scott,47345,TE,NEVADA,3,77.8,0,239,55.2,,57.4,0,0,0,0.0,0.0,,0,0,0,7,0,0,0,9,0,2,0,0,7,7
Tueni Lupeamanu,48928,ED,IDAHO,1,100.0,0,185,56.8,,56.2,0,0,0,,,,1,0,0,7,0,0,0,7,0,0,0,0,7,0
Tanner Fink,25527,TE,KENTUCKY,2,100.0,0,202,56.4,5.4,65.4,0,0,2,100.0,100.0,100.0,0,0,0,7,0,0,0,7,2,2,0,0,5,0
Michael MacCrory,23732,G,TCU,3,100.0,0,305,57.3,,57.1,0,0,0,,,,0,0,0,7,0,6,0,7,0,0,0,1,7,0
Hunter McCoy,38405,QB,HOUSTON,1,100.0,0,182,60.0,,60.0,0,0,0,,,,0,0,0,7,0,0,0,7,0,0,0,0,7,0
Garrett Altman,30314,C,TCU,3,100.0,0,305,58.7,,58.6,0,0,0,,,,0,0,0,7,6,1,0,7,0,0,0,0,7,0
Nick Lehman,47374,TE,NEW MEXICO,2,70.0,0,241,53.8,,55.1,0,0,0,0.0,0.0,,0,0,0,7,0,0,0,10,0,3,0,0,7,6
Tyler Simonsen,25754,G,GA STATE,3,100.0,0,175,58.7,,58.4,0,0,0,,,,0,0,0,7,0,7,0,7,0,0,0,0,7,0
Michael Smith,11387,ED,SO MISS,3,87.5,0,296,69.8,,69.1,0,0,0,0.0,0.0,,0,0,0,7,0,0,0,8,0,1,0,0,7,8
Cory Young,26722,HB,BOISE ST,4,26.9,0,120,67.1,71.5,71.3,0,0,1,33.3,33.3,100.0,0,0,0,7,0,0,0,26,1,3,0,0,6,2
Ty Barrett,30310,G,TCU,3,100.0,0,305,57.5,,57.2,0,0,0,,,,0,0,0,7,0,0,1,7,0,0,6,0,7,0
Robert Orban,38810,WR,COLORADO,2,100.0,0,143,60.7,,60.5,0,0,0,,,,0,0,0,7,0,0,0,7,0,0,0,0,7,0
Joey Ivie,11984,DI,FLORIDA,4,87.5,0,163,50.9,68.6,46.9,0,0,1,50.0,50.0,100.0,0,0,0,7,0,0,0,8,1,2,0,0,6,1
Corey McBride,30072,WR,TCU,1,87.5,0,305,58.7,,60.8,0,0,0,0.0,0.0,,0,0,0,7,0,0,0,8,0,1,0,0,7,0
Rob Heyen,26531,WR,TEMPLE,1,100.0,0,306,60.5,,60.6,0,0,0,,,,0,0,0,7,0,0,0,7,0,0,0,0,7,0
Nick Apostolu,12665,G,TEMPLE,1,100.0,0,306,48.0,,48.2,0,0,0,,,,0,0,0,7,0,0,0,7,0,0,7,0,7,0
Cole McKnight,32054,WR,OKLA STATE,1,100.0,0,262,60.7,,61.0,0,0,0,,,,0,0,0,7,0,0,0,7,0,0,0,0,7,0
Jaylynn Bailey,28256,HB,OREGON ST,4,87.5,0,265,64.2,72.5,64.7,0,0,1,50.0,50.0,100.0,0,0,0,7,0,0,0,8,1,2,0,0,6,0
Cole Johnson,13312,WR,NWESTERN,1,100.0,0,256,60.8,,61.1,0,0,0,,,,0,0,0,7,0,0,0,7,0,0,0,0,7,0
Jermaine Adams,31002,WR,ARMY,3,100.0,0,114,59.7,,58.9,0,0,0,,,,0,0,0,7,0,0,0,7,0,0,0,0,7,0
Ross Comis,46584,QB,UMASS,5,20.0,0,216,66.2,,60.0,0,0,0,0.0,0.0,,0,0,0,7,0,0,0,35,0,27,0,0,7,0
Desmond Debose,20792,WR,HOUSTON,1,100.0,0,182,60.2,,59.8,0,0,0,,,,0,0,0,7,0,0,0,7,0,0,0,0,7,0
Jake Spinek,30785,WR,W MICHIGAN,2,87.5,0,347,60.5,,59.3,0,0,0,0.0,0.0,,0,0,0,7,0,0,0,8,0,1,0,0,7,0
Caleb Kimbro,29325,QB,NEW MEXICO,1,77.8,0,241,62.1,,60.0,0,0,0,,,,0,0,0,7,0,0,0,9,0,0,0,0,7,0
Anthony Jennings,46485,QB,LSU,2,77.8,0,211,62.2,,60.0,0,0,0,,,,0,0,0,7,0,0,0,9,0,0,0,0,7,0
Delaunte' Thornton,34860,HB,SO MISS,3,17.1,0,296,70.4,72.7,60.0,0,0,2,25.0,20.0,100.0,0,0,0,7,0,0,0,41,2,10,0,0,5,0
Daniel Fields,30188,WR,UCLA,1,53.8,0,324,44.3,,60.3,0,0,0,0.0,0.0,,0,0,0,7,0,0,0,13,0,6,0,0,7,0
Jhamahl Bell,27922,T,ARK STATE,1,100.0,0,113,58.9,,58.4,0,0,0,,,,0,0,0,7,0,0,0,7,0,0,0,7,7,0
Michael Walsh,47109,WR,NEW MEXICO,3,77.8,0,241,58.9,67.5,57.5,0,0,1,33.3,33.3,100.0,0,0,0,7,0,0,0,9,1,3,0,0,6,0
Dan Beilinson,47136,TE,DUKE,2,77.8,0,154,56.0,,58.3,0,0,0,0.0,0.0,,0,0,0,7,0,0,0,9,0,2,0,0,7,7
Easton Marshall,28482,TE,S ALABAMA,4,87.5,0,288,75.4,,78.8,0,0,0,0.0,0.0,,0,0,0,7,0,0,0,8,0,1,0,0,7,5
Undrea Bullard,32715,T,AKRON,2,100.0,0,102,59.8,,59.4,0,0,0,,,,0,0,0,7,0,0,2,7,0,0,0,4,7,1
Darmontre Warr,22037,HB,W KENTUCKY,8,11.5,0,346,62.9,75.1,68.1,0,0,2,9.5,9.5,100.0,0,0,0,7,0,0,0,61,2,21,0,0,5,1
Hunter Nettles,25727,G,BOISE ST,2,100.0,0,120,41.2,,41.2,0,0,0,,,,0,0,0,7,0,3,0,7,0,0,4,0,7,0
Brian Lemelle,48251,WR,UCONN,3,24.1,0,146,64.2,,59.9,0,0,0,0.0,0.0,,0,0,0,7,0,0,0,29,0,22,0,0,7,0
Malik Young,26124,G,S CAROLINA,1,100.0,0,289,61.3,75.3,60.1,0,0,3,100.0,100.0,100.0,0,0,0,7,0,7,0,7,3,3,0,0,4,0
Kyle Wright,16874,T,S JOSE ST,3,100.0,0,285,61.4,70.3,60.5,0,0,2,100.0,100.0,100.0,0,0,0,7,0,0,7,7,2,2,0,0,5,0
John Loughery,22644,QB,TEMPLE,1,100.0,0,306,60.0,,60.0,0,0,0,,,,0,0,0,6,0,0,0,6,0,0,0,0,6,0
Mark Gorogianis,29536,WR,NWESTERN,1,100.0,0,256,45.4,,60.5,0,0,0,,,,1,0,0,6,0,0,0,6,0,0,0,0,6,0
T.J. Boothe,47386,WR,DOMINION,3,100.0,0,263,60.4,69.3,59.6,0,0,0,,100.0,,0,0,0,6,0,0,0,6,1,1,0,0,5,3
Jackson Porter,49414,WR,UMASS,5,33.3,0,216,52.3,,60.6,0,0,0,0.0,0.0,,0,0,0,6,0,0,0,18,0,11,0,0,6,0
Bill Weber,30783,G,TOLEDO,2,100.0,0,316,65.0,69.1,64.4,0,0,1,100.0,100.0,100.0,0,0,0,6,0,6,0,6,1,1,0,0,5,0
Brian Boatman,27399,TE,COLORADO,1,100.0,0,143,58.9,,58.5,0,0,0,,,,0,0,0,6,0,0,0,6,0,0,0,0,6,6
Matt Boston,27408,T,W KENTUCKY,1,100.0,0,346,55.2,,54.8,0,0,0,,,,0,0,0,6,0,0,6,6,0,0,0,0,6,0
Tony Richards,29853,TE,SMU,2,100.0,0,287,47.4,66.8,46.0,0,0,1,100.0,100.0,100.0,0,0,0,6,0,0,0,6,1,1,0,0,5,6
Isaiah Brandt-Sims,38457,WR,STANFORD,11,22.2,0,300,45.9,,61.1,0,0,0,0.0,0.0,,0,0,0,6,0,0,0,27,0,21,0,0,6,0
Danny Seafler,16521,WR,AKRON,2,100.0,0,102,60.3,,60.3,0,0,0,,,,0,0,0,6,0,0,0,6,0,0,0,0,6,0
Roderick Bernard,30583,WR,TEXAS,3,54.5,0,311,62.1,,74.6,0,0,0,0.0,0.0,,0,0,0,6,0,0,0,11,0,5,0,0,6,0
Chad President,28862,QB,TULSA,6,20.0,0,320,46.0,,60.0,0,0,0,0.0,0.0,,0,0,0,6,0,0,0,30,0,7,0,0,6,0
Jacob Tuioti-Mariner,50141,DI,UCLA,2,100.0,0,324,43.3,65.6,59.2,0,0,2,100.0,100.0,100.0,1,0,0,6,0,0,0,6,2,2,0,0,4,6
Greg Campbell Jr.,48043,WR,UTSA,4,54.5,0,331,55.3,,59.7,0,0,0,0.0,0.0,,0,0,0,6,0,0,0,11,0,4,0,0,6,0
Jaqwis Dancy,34243,HB,LA TECH,2,66.7,0,208,59.5,66.7,52.3,0,0,1,50.0,50.0,100.0,0,0,0,6,0,0,0,9,1,2,0,0,5,0
Jakari Dillard,30065,WR,TEXAS TECH,1,100.0,0,315,59.7,,58.9,0,0,0,,,,0,0,0,6,0,0,0,6,0,0,0,0,6,0
Thaddeus Snodgrass,39300,WR,KENTUCKY,3,33.3,0,202,59.8,,61.1,0,0,0,0.0,0.0,,0,0,0,6,0,0,0,18,0,12,0,0,6,0
Conner Crane,17260,WR,STANFORD,5,75.0,0,300,57.6,,60.3,0,0,0,0.0,0.0,,0,0,0,6,0,0,0,8,0,2,0,0,6,0
Tavarreon Dickerson,21904,HB,TULSA,1,75.0,0,320,63.9,78.2,,0,0,5,71.4,75.0,100.0,0,0,0,6,0,0,0,8,6,8,0,0,0,0
Tucker Melcher,12825,WR,NEVADA,3,75.0,0,239,58.2,,60.9,0,0,0,0.0,0.0,,0,0,0,6,0,0,0,8,0,2,0,0,6,0
Ajahne Brager,28629,T,KANSAS ST,3,100.0,0,199,60.4,,60.0,0,0,0,,,,0,0,0,6,0,0,6,6,0,0,0,0,6,0
Jordan Chunn,45727,HB,TROY,2,26.1,0,318,66.6,73.0,42.4,0,0,2,16.7,16.7,100.0,0,0,0,6,0,0,0,23,2,12,0,0,4,0
Niko Anderson,27727,G,GA TECH,2,100.0,0,176,47.5,,46.9,0,0,0,,,,0,0,0,6,0,1,0,6,0,0,3,1,6,1
Matt Leidner,26251,C,MINNESOTA,2,100.0,0,225,64.2,67.2,66.1,0,0,1,100.0,100.0,100.0,0,0,0,6,5,1,0,6,1,1,0,0,5,0
Price Wilson,28774,QB,LA TECH,2,60.0,0,208,59.3,,60.0,0,0,0,0.0,0.0,,0,0,0,6,0,0,0,10,0,4,0,0,6,0
Cody Keith,17962,QB,E CAROLINA,2,75.0,0,156,62.1,,60.0,0,0,0,,,,0,0,0,6,0,0,0,8,0,0,0,0,6,0
Marc Meier,18846,WR,NAVY,1,100.0,0,237,59.2,,58.0,0,0,0,,,,0,0,0,6,0,0,0,6,0,0,0,0,6,0
Cyrus Hobbi,20960,TE,USC,1,85.7,0,326,53.1,,54.5,0,0,0,,,,0,0,0,6,0,0,0,7,0,0,0,0,6,7
Nic Shimonek,46594,QB,TEXAS TECH,2,75.0,0,315,58.7,,60.0,0,0,0,0.0,0.0,,0,0,0,6,0,0,0,8,0,2,0,0,6,0
Bob Bradley,39198,G,TULANE,3,100.0,0,319,60.1,,59.8,0,0,0,,,,0,0,0,6,0,6,0,6,0,0,0,0,6,0
Brad Sochowski,39194,WR,UCLA,1,50.0,0,324,54.8,,60.2,0,0,0,0.0,0.0,,0,0,0,6,0,0,0,12,0,6,0,0,6,0
Clark Orren,24219,G,TEXAS,1,100.0,0,311,49.8,71.9,49.5,0,0,1,100.0,100.0,100.0,0,0,0,6,0,6,0,6,1,1,0,0,5,0
Lorenzo Cryer,45069,WR,LA LAFAYET,1,75.0,0,207,40.4,,60.2,0,0,0,0.0,0.0,,0,0,0,6,0,0,0,8,0,2,0,0,6,0
Jarid Brown,47499,WR,OHIO,3,100.0,0,259,60.3,,60.4,0,0,0,,,,0,0,0,6,0,0,0,6,0,0,0,0,6,0
Ammon Barker,48282,WR,HAWAII,3,60.0,0,180,56.6,,60.5,0,0,0,0.0,0.0,,0,0,0,6,0,0,0,10,0,4,0,0,6,0
Josh Allen,37029,G,ARKANSAS,2,100.0,0,111,56.6,,56.4,0,0,0,,,,0,0,0,6,0,3,0,6,0,0,0,0,6,0
Cody Grice,16448,DI,AKRON,10,20.0,1,102,72.6,,86.8,0,0,0,0.0,0.0,,4,0,0,6,0,0,0,30,0,3,0,0,6,0
Dean Mosley,21513,WR,TEMPLE,2,85.7,0,306,60.5,,61.1,0,0,0,0.0,0.0,,0,0,0,6,0,0,0,7,0,1,0,0,6,0
Eric Neefe,26473,FB,TEMPLE,1,100.0,0,306,67.8,,68.8,0,0,0,,,,0,0,0,6,0,0,0,6,0,0,0,0,6,4
A'Shawn Robinson,10680,DI,ALABAMA,3,100.0,0,103,87.4,,89.5,0,0,0,,,,0,0,0,6,0,0,0,6,0,0,0,0,6,1
Auston Anderson,44955,HB,NWESTERN,4,26.1,0,256,41.7,59.0,,0,1,6,60.0,60.0,91.7,0,1,0,6,0,0,0,23,6,10,0,0,0,0
Collin Lucas,27227,FB,MICH STATE,1,100.0,0,223,53.5,,52.0,0,0,0,,,,0,0,0,6,0,0,0,6,0,0,0,0,6,0
Britton Abbott,29760,FB,OKLA STATE,2,100.0,0,262,75.7,,78.7,0,0,0,,,,0,0,0,6,0,0,0,6,0,0,0,0,6,0
Jaxon Uhles,28093,FB,OKLAHOMA,1,100.0,0,261,70.1,,73.4,0,0,0,,,,0,0,0,6,0,0,0,6,0,0,0,0,6,0
Jeremiah Theus,36697,T,GA SOUTHRN,1,100.0,0,174,51.5,66.2,50.4,0,0,1,100.0,100.0,100.0,0,0,0,6,0,0,0,6,1,1,0,6,5,0
Cody Thomas,12913,QB,OKLAHOMA,3,66.7,0,261,46.1,,60.0,0,0,0,0.0,0.0,,0,0,0,6,0,0,0,9,0,3,0,0,6,0
Zac Schuller,19256,WR,OREGON,2,85.7,0,264,60.0,,60.8,0,0,0,0.0,0.0,,0,0,0,6,0,0,0,7,0,1,0,0,6,0
Bunchy Stallings,28746,G,KENTUCKY,1,100.0,0,202,79.9,67.3,79.2,0,0,1,100.0,100.0,100.0,0,0,0,6,0,2,0,6,1,1,4,0,5,0
Tristan Hill,46741,T,GA SOUTHRN,2,100.0,0,174,68.5,,69.4,0,0,0,,,,0,0,0,6,0,0,5,6,0,0,0,1,6,0
Trayone Gray,29027,HB,MIAMI FL,6,16.2,0,220,70.5,71.5,60.0,0,0,1,12.5,12.5,100.0,0,0,0,6,0,0,0,37,1,8,0,0,5,0
Siua Taufa,48626,DI,UTAH ST,4,85.7,0,329,57.2,,56.8,0,0,0,0.0,0.0,,0,0,0,6,0,0,0,7,0,1,0,0,6,0
Michael Jocz,47326,TE,MICHIGAN,3,75.0,0,222,55.8,,58.2,0,0,0,0.0,0.0,,0,0,0,6,0,0,0,8,0,2,0,0,6,8
D.J. Park,46866,G,S CAROLINA,3,100.0,0,289,61.4,70.9,60.6,0,0,1,100.0,100.0,100.0,0,0,0,6,0,6,0,6,1,1,0,0,5,0
Mitchell Loewen,11232,ED,ARKANSAS,3,100.0,1,111,66.8,65.2,65.3,0,0,1,100.0,100.0,100.0,2,0,0,6,0,0,0,6,1,1,0,0,5,6
Demarcus Godfrey,45886,HB,GA SOUTHRN,3,75.0,0,174,78.8,,60.2,0,0,0,,,,0,0,0,6,0,0,0,8,0,0,0,0,6,0
David Moala,11021,DI,UTAH ST,4,85.7,0,329,52.1,69.6,55.7,0,0,1,100.0,100.0,100.0,0,0,0,6,0,0,0,7,1,1,0,0,5,0
Unknown Player (UNLV),37461,T,UNLV,1,100.0,0,325,58.7,,58.4,0,0,0,,,,0,0,0,6,0,0,0,6,0,0,0,6,6,0
Aaron Sharp,34969,WR,UCLA,1,85.7,0,324,57.5,,59.4,0,0,0,0.0,0.0,,0,0,0,6,0,0,0,7,0,1,0,0,6,0
Geno Zappa,27028,T,BOWL GREEN,2,100.0,0,122,68.0,72.8,67.3,0,0,1,100.0,100.0,100.0,0,0,0,6,0,0,0,6,1,1,0,6,5,0
Matt Hentges,24381,WR,KANSAS,1,100.0,0,198,60.4,,60.5,0,0,0,,,,0,0,0,6,0,0,0,6,0,0,0,0,6,0
Matthew Weiner,26393,T,FAU,2,100.0,0,165,60.7,,60.5,0,0,0,,,,0,0,0,6,0,0,0,6,0,0,0,0,6,6
Luke Dauch,20824,WR,NWESTERN,1,100.0,0,256,60.5,,60.6,0,0,0,,,,0,0,0,6,0,0,0,6,0,0,0,0,6,0
Darius Peterson,46364,T,IDAHO,3,100.0,0,185,60.7,66.9,60.1,0,0,1,100.0,100.0,100.0,0,0,0,6,0,0,5,6,1,1,0,0,5,1
D.J. Brown,33750,HB,N ILLINOIS,5,25.0,0,254,70.1,,58.1,0,0,0,0.0,0.0,,0,0,0,6,0,0,0,24,0,6,0,0,6,0
Jordan Gallegos,21663,WR,OLE MISS,1,100.0,0,226,60.7,,61.0,0,0,0,,,,0,0,0,6,0,0,0,6,0,0,0,0,6,0
Jake Easter,33883,QB,APP STATE,1,75.0,0,108,32.0,,58.5,0,0,0,0.0,0.0,,1,0,0,6,0,0,0,8,0,2,0,0,6,0
Ryan Burns,46394,QB,STANFORD,4,50.0,0,300,54.2,,60.0,0,0,0,,,,1,0,0,6,0,0,0,12,0,0,0,0,6,0
Andrew Mike,27592,T,FLORIDA,1,100.0,0,163,60.1,66.8,59.4,0,0,1,100.0,100.0,100.0,0,0,0,6,0,0,6,6,1,1,0,0,5,0
Jermal Hosley,21888,WR,BOWL GREEN,5,75.0,0,122,57.8,,60.2,0,0,0,0.0,0.0,,0,0,0,6,0,0,0,8,0,2,0,0,6,0
Curtis Burston,39439,WR,E CAROLINA,1,100.0,0,156,60.4,,60.5,0,0,0,,,,0,0,0,6,0,0,0,6,0,0,0,0,6,0
Darius Hoggins,45830,WR,LA LAFAYET,4,37.5,0,207,74.3,74.9,66.6,0,0,3,60.0,50.0,100.0,0,0,0,6,0,0,0,16,3,6,0,0,3,0
Jeremiah Robbins,46044,G,NAVY,1,100.0,0,237,64.9,,64.5,0,0,0,,,,0,0,0,6,0,0,0,6,0,0,6,0,6,0
Cade Laufer,17095,TE,UTSA,2,85.7,0,331,57.4,64.4,58.9,0,0,1,50.0,50.0,100.0,0,0,0,6,0,0,0,7,1,2,0,0,5,7
Dylan Ferguson,45195,G,W KENTUCKY,1,100.0,0,346,65.5,,65.1,0,0,0,,,,0,0,0,6,0,0,0,6,0,0,6,0,6,0
Wade Freebeck,46432,QB,VANDERBILT,1,50.0,0,333,37.8,,60.0,0,0,0,0.0,0.0,,0,0,0,6,0,0,0,12,0,6,0,0,6,0
Tom Clarkson,21710,G,UNLV,1,100.0,0,325,65.3,,64.9,0,0,0,,,,0,0,0,6,0,6,0,6,0,0,0,0,6,0
Gavin Peterson,26966,G,UNLV,1,100.0,0,325,64.3,,64.0,0,0,0,,,,0,0,0,6,0,0,0,6,0,0,6,0,6,0
Johnathan Hawkins,34938,HB,BUFFALO,3,26.1,0,126,54.2,74.5,60.0,0,0,3,60.0,60.0,100.0,0,0,0,6,0,0,0,23,3,5,0,0,3,0
Blair Vaughan,21971,FB,W KENTUCKY,2,85.7,0,346,75.7,,79.8,0,0,0,0.0,0.0,,0,0,0,6,0,0,0,7,0,1,0,0,6,0
Jay Harper,36018,TE,TEXAS,1,50.0,0,311,56.9,75.8,59.0,0,0,3,37.5,33.3,100.0,0,0,0,6,0,0,0,12,3,9,0,0,3,3
Jackson Morris,28504,C,GA SOUTHRN,1,100.0,0,174,59.0,,58.6,0,0,0,,,,0,0,0,5,5,0,0,5,0,0,0,0,5,0
Ricky Rogers,38888,WR,W VIRGINIA,1,50.0,0,343,77.0,,60.4,0,0,0,0.0,0.0,,0,0,0,5,0,0,0,10,0,5,0,0,5,0
Tom Pancoast,28303,TE,PENN STATE,1,83.3,0,266,52.2,,52.9,0,0,0,0.0,0.0,,0,0,0,5,0,0,0,6,0,1,0,0,5,6
Josh Deuyour,28299,T,FIU,2,100.0,0,166,63.2,,63.9,0,0,0,,,,0,0,0,5,0,0,0,5,0,0,0,5,5,0
Nick Moore,39090,FB,GEORGIA,1,100.0,0,173,58.8,,58.3,0,0,0,,,,0,0,0,5,0,0,0,5,0,0,0,0,5,0
Karan Higdon,38565,HB,MICHIGAN,3,20.0,0,222,52.8,75.3,60.0,0,0,3,25.0,25.0,100.0,0,0,0,5,0,0,0,25,3,12,0,0,2,0
Eperone Moananu,38417,DI,HAWAII,3,100.0,0,180,63.2,69.8,60.1,0,0,1,100.0,100.0,100.0,0,0,0,5,0,0,0,5,1,1,0,2,4,0
Walter Tucker,39407,HB,MIAMI FL,5,50.0,0,220,35.6,72.7,60.0,0,0,1,33.3,33.3,100.0,0,0,0,5,0,0,0,10,1,3,0,0,4,0
Drew Davis,39440,QB,OLE MISS,1,100.0,0,226,60.0,,60.0,0,0,0,,,,0,0,0,5,0,0,0,5,0,0,0,0,5,0
Jonathan Hughes,39452,WR,LA TECH,1,55.6,0,208,56.8,,60.2,0,0,0,0.0,0.0,,0,0,0,5,0,0,0,9,0,4,0,0,5,0
Deon Newsome,44962,WR,VA TECH,3,50.0,0,337,55.6,,60.0,0,0,0,0.0,0.0,,0,0,0,5,0,0,0,10,0,5,0,0,5,0
Ruben Garnett,45389,HB,MIDDLE TN,1,25.0,0,224,70.4,,57.8,0,0,0,0.0,0.0,,0,0,0,5,0,0,0,20,0,5,0,0,5,0
David Knevel,45510,T,NEBRASKA,2,100.0,0,238,66.3,74.4,65.8,0,0,2,100.0,100.0,100.0,0,0,0,5,0,0,4,5,2,2,0,0,3,1
Sean Muir,45564,C,BAYLOR,1,100.0,0,118,60.0,,59.8,0,0,0,,,,0,0,0,5,5,0,0,5,0,0,0,0,5,0
Keith Orcutt,27914,G,BAYLOR,1,100.0,0,118,67.1,,66.8,0,0,0,,,,0,0,0,5,0,0,0,5,0,0,5,0,5,0
Jake Oliver,12732,WR,TEXAS,1,62.5,0,311,57.6,,59.9,0,0,0,0.0,0.0,,0,0,0,5,0,0,0,8,0,3,0,0,5,0
David Ungerer III,27581,WR,IDAHO,2,15.6,0,185,51.9,,60.7,0,0,0,0.0,0.0,,0,0,0,5,0,0,0,32,0,27,0,0,5,0
Richie Wenzel,27557,G,USC,1,100.0,0,326,60.9,63.3,60.1,0,0,1,,,100.0,0,0,0,5,0,0,0,5,1,0,5,0,4,0
Jordan Washington,27545,WR,FRESNO ST,1,100.0,0,169,59.9,,59.4,0,0,0,,,,0,0,0,5,0,0,0,5,0,0,0,0,5,0
Kendrick Foster,45868,HB,ILLINOIS,4,23.8,0,187,80.4,72.1,60.0,0,0,2,66.7,66.7,100.0,0,0,0,5,0,0,0,21,2,3,0,0,3,0
Dejonte O'Neal,46001,HB,FRESNO ST,3,21.7,0,169,59.8,73.6,60.0,0,0,3,60.0,60.0,100.0,0,0,0,5,0,0,0,23,3,5,0,0,2,0
Jim Weber,36562,C,OREGON,1,100.0,0,264,55.0,,53.9,0,0,0,,,,0,0,0,5,5,0,0,5,0,0,0,0,5,0
Davis Miyashiro-Saipaia,46158,G,OREGON,1,100.0,0,264,59.6,,59.4,0,0,0,,,,0,0,0,5,0,0,0,5,0,0,5,0,5,0
D.J. Jones,11953,DI,OLE MISS,5,83.3,0,226,51.4,69.8,50.6,0,0,1,100.0,50.0,100.0,0,0,0,5,0,0,0,6,1,2,0,0,4,0
Berkley Edwards,26136,HB,MINNESOTA,2,38.5,0,225,56.8,78.1,60.0,0,0,4,66.7,66.7,100.0,0,0,0,5,0,0,0,13,4,6,0,0,1,0
Mike Williams,11762,WR,CLEMSON,1,41.7,0,140,88.7,,60.8,0,0,0,0.0,0.0,,0,0,0,5,0,0,0,12,0,7,0,0,5,0
Pol Guzman,25761,T,FIU,2,100.0,0,166,60.6,,60.7,0,0,0,,,,0,0,0,5,0,0,5,5,0,0,0,0,5,0
Alex Delton,34840,QB,KANSAS ST,2,55.6,0,199,60.9,,60.0,0,0,0,,,,0,0,0,5,0,0,0,9,0,0,0,0,5,0
Jayon Young,25741,TE,FLORIDA ST,1,100.0,0,167,76.5,,74.3,0,0,0,,,,0,0,0,5,0,0,0,5,0,0,0,0,5,5
Logan Moragne,34418,HB,ARK STATE,5,16.7,0,113,64.9,67.9,60.0,0,0,0,0.0,16.7,,0,0,0,5,0,0,0,30,1,6,0,0,4,0
Matthew Eaton,24780,WR,TEMPLE,4,41.7,0,306,68.4,,60.5,0,0,0,0.0,0.0,,0,0,0,5,0,0,0,12,0,7,0,0,5,0
Josh Allen,46601,QB,WYOMING,2,33.3,0,351,65.5,,60.0,0,0,0,0.0,0.0,,0,0,0,5,0,0,0,15,0,9,0,0,5,0
Jake Brodner,46608,G,DUKE,2,100.0,0,154,67.4,71.3,66.5,0,0,1,100.0,100.0,100.0,0,0,0,5,0,0,0,5,1,1,5,0,4,0
Neel Salukhe,24155,WR,WASHINGTON,2,83.3,0,340,58.9,,60.0,0,0,0,0.0,0.0,,0,0,0,5,0,0,0,6,0,1,0,0,5,0
Jack Fields,16696,HB,BOISE ST,5,27.8,0,120,64.8,77.2,71.4,0,0,3,42.9,42.9,100.0,0,0,0,5,0,0,0,18,3,7,0,0,2,0
Mike Fafaul,23735,QB,UCLA,1,71.4,0,324,76.2,,60.0,0,0,0,0.0,0.0,,0,0,0,5,0,0,0,7,0,2,0,0,5,0
Javous Nicks,23692,WR,MISS STATE,2,100.0,0,227,60.6,,60.8,0,0,0,,,,0,0,0,5,0,0,0,5,0,0,0,0,5,0
Dontae Owens,33819,WR,RUTGERS,1,55.6,0,278,58.0,,59.7,0,0,0,0.0,0.0,,0,0,0,5,0,0,0,9,0,4,0,0,5,0
Braxton Pfaff,46737,G,VA TECH,2,100.0,0,337,72.7,,72.3,0,0,0,,,,0,0,0,5,0,0,0,5,0,0,5,0,5,0
David Catalano,16834,G,ARIZONA,1,100.0,0,109,65.8,,65.5,0,0,0,,,,0,0,0,5,0,0,0,5,0,0,5,0,5,0
Michael Coley,32621,WR,TEXAS TECH,2,55.6,0,315,55.7,,60.2,0,0,0,0.0,0.0,,0,0,0,5,0,0,0,9,0,4,0,0,5,0
Kyle Marrs,22072,G,HOUSTON,1,100.0,0,182,68.0,75.2,63.6,0,0,3,100.0,100.0,100.0,0,0,0,5,0,0,0,5,3,3,5,0,2,0
Noah Scarver,32496,TE,MINNESOTA,4,50.0,0,225,48.9,26.4,59.8,1,1,4,44.4,44.4,75.0,0,2,0,5,0,0,0,10,4,9,0,0,1,7
Isaac Hayes,21532,G,MINNESOTA,1,100.0,0,225,59.0,68.4,58.6,0,0,1,100.0,100.0,100.0,0,0,0,5,0,5,0,5,1,1,0,0,4,0
Garrett Gorringe,21246,C,GA STATE,2,100.0,0,175,60.2,,60.2,0,0,0,,,,0,0,0,5,4,0,0,5,0,0,0,0,5,0
Jordan Bianchi,21014,WR,CLEMSON,3,50.0,0,140,57.9,,60.4,0,0,0,0.0,0.0,,0,0,0,5,0,0,0,10,0,5,0,0,5,0
Franky Gennaro,32008,WR,FIU,2,100.0,0,166,60.2,,60.4,0,0,0,,,,0,0,0,5,0,0,0,5,0,0,0,0,5,0
C.J. Carroll,47534,WR,VA TECH,2,83.3,0,337,58.0,,60.5,0,0,0,0.0,0.0,,0,0,0,5,0,0,0,6,0,1,0,0,5,0
Josh Silvas,19734,G,UTEP,2,100.0,0,330,60.4,74.5,59.7,0,0,3,100.0,100.0,100.0,0,0,0,5,0,2,0,5,3,3,3,0,2,0
Roosevelt Davis,19409,HB,UCLA,2,23.8,0,324,61.2,71.5,60.0,0,0,1,25.0,25.0,100.0,0,0,0,5,0,0,0,21,1,4,0,0,4,0
Adly Enoicy,47756,WR,SYRACUSE,1,83.3,0,304,58.0,,59.1,0,0,0,0.0,0.0,,0,0,0,5,0,0,0,6,0,1,0,0,5,0
Terrel Hunt,17224,QB,SYRACUSE,1,62.5,0,304,39.8,,60.0,0,0,0,0.0,0.0,,1,0,0,5,0,0,0,8,0,3,0,0,5,0
Kane Banner,47839,QB,DUKE,2,100.0,0,154,59.9,,59.6,0,0,0,,,,0,0,0,5,0,0,0,5,0,0,0,0,5,0
Roger Dixon,17359,WR,FLORIDA,1,83.3,0,163,61.2,,60.7,0,0,0,0.0,0.0,,0,0,0,5,0,0,0,6,0,1,0,0,5,0
Connor Bravard,17379,QB,TROY,2,100.0,0,318,59.1,,57.8,0,0,0,,,,0,0,0,5,0,0,0,5,0,0,0,0,5,0
Hunter Fralick,29510,QB,NEVADA,2,62.5,0,239,41.7,,60.0,0,0,0,0.0,0.0,,0,0,0,5,0,0,0,8,0,3,0,0,5,0
Jacob Beasley,30198,TE,LA LAFAYET,2,100.0,0,207,60.7,65.9,59.8,0,0,1,100.0,100.0,100.0,0,0,0,5,0,0,0,5,1,1,0,0,4,5
A.J. Krawczyk,30100,HB,TEXAS ST,2,55.6,0,314,64.3,76.3,59.9,0,0,3,60.0,60.0,100.0,0,0,0,5,0,0,0,9,3,5,0,0,2,0
Darius Lee-Campbell,48070,QB,IOWA STATE,2,71.4,0,193,60.6,,60.8,0,0,0,0.0,0.0,,0,0,0,5,0,0,0,7,0,2,0,0,5,0
Leslie Poole,18219,WR,ILLINOIS,2,71.4,0,187,55.9,,55.0,0,0,0,0.0,0.0,,0,0,0,5,0,0,0,7,0,2,0,0,5,0
Terry McLaurin,48229,WR,OHIO STATE,3,83.3,0,260,58.8,,60.7,0,0,0,0.0,0.0,,0,0,0,5,0,0,0,6,0,1,0,0,5,0
Luke Carrezola,48460,ED,UCONN,1,83.3,0,146,63.6,,56.3,0,0,0,0.0,0.0,,0,0,0,5,0,0,0,6,0,1,0,0,5,0
Eric Hampson,29701,T,DOMINION,2,100.0,0,263,55.5,77.4,54.2,0,0,3,100.0,100.0,100.0,0,0,0,5,0,0,5,5,3,3,0,0,2,0
Julio Derosier,38850,T,TEMPLE,1,100.0,0,306,59.5,,59.1,0,0,0,,,,0,0,0,5,0,0,0,5,0,0,0,5,5,0
Harrison Jordan,29416,FB,NEBRASKA,1,66.7,0,238,52.4,71.1,48.8,0,0,1,33.3,33.3,100.0,1,0,0,4,0,0,0,6,1,3,0,0,3,0
Bladen Gatling,41070,,E CAROLINA,2,100.0,0,156,52.9,,52.7,0,0,0,,,,0,0,0,4,0,4,0,4,0,0,0,0,4,0
Marcus Caffey,16276,HB,GA STATE,2,14.3,0,175,52.6,35.5,60.0,0,1,3,21.4,20.0,83.3,0,1,0,4,0,0,0,28,3,15,0,0,1,0
Daniel Kubiuk,29454,QB,NWESTERN,1,100.0,0,256,60.0,,60.0,0,0,0,,,,0,0,0,4,0,0,0,4,0,0,0,0,4,0
Anthony Scarcelli,39480,WR,C MICHIGAN,2,80.0,0,134,59.1,,60.2,0,0,0,0.0,0.0,,0,0,0,4,0,0,0,5,0,1,0,0,4,0
Desmond Gant,26413,WR,MINNESOTA,1,80.0,0,225,58.5,,60.4,0,0,0,0.0,0.0,,0,0,0,4,0,0,0,5,0,1,0,0,4,0
Zach Laniewski,21053,G,NAVY,2,100.0,0,237,60.0,,60.0,0,0,0,,,,0,0,0,4,0,2,0,4,0,0,2,0,4,0
Myers Colvin,19457,G,N CAROLINA,2,100.0,0,245,60.0,,59.9,0,0,0,,,,0,0,0,4,0,0,0,4,0,0,4,0,4,0
Logan Tuley-Tillman,46340,T,MICHIGAN,1,100.0,0,222,56.5,,56.1,0,0,0,,,,0,0,0,4,0,0,2,4,0,0,0,0,4,2
Brennen Bradley,12663,WR,LA MONROE,1,80.0,0,209,67.3,,78.6,0,0,0,0.0,0.0,,0,0,0,4,0,0,0,5,0,1,0,0,4,0
Jordan Smallwood,47753,WR,OKLAHOMA,1,57.1,0,261,56.5,,60.0,0,0,0,0.0,0.0,,0,0,0,4,0,0,0,7,0,3,0,0,4,0
Sean Damaska,22667,TE,INDIANA,2,100.0,0,190,60.0,,60.0,0,0,0,,,,0,0,0,4,0,0,0,4,0,0,0,0,4,4
Chris Long,18890,G,NEBRASKA,1,100.0,0,238,54.9,0.0,59.6,0,1,2,100.0,100.0,75.0,0,1,0,4,0,0,0,4,2,2,4,0,2,0
Gio Pascascio,12297,WR,LOUISVILLE,1,80.0,0,210,59.2,,60.2,0,0,0,0.0,0.0,,0,0,0,4,0,0,0,5,0,1,0,0,4,0
Mitchell Harger,22734,HB,IOWA STATE,3,20.0,0,193,70.2,77.0,60.0,0,0,3,23.1,23.1,100.0,0,0,0,4,0,0,0,20,3,13,0,0,1,0
Roberto Hinojosa,17542,FB,GA TECH,1,80.0,0,176,57.2,,57.1,0,0,0,,,,0,0,0,4,0,0,0,5,0,0,0,0,4,2
Stephon Brown,47598,WR,W KENTUCKY,3,57.1,0,346,56.9,,60.1,0,0,0,0.0,0.0,,0,0,0,4,0,0,0,7,0,3,0,0,4,0
Spencer Gilbert,28006,HB,BALL ST,4,66.7,0,117,59.5,65.2,59.8,0,0,0,0.0,33.3,,0,0,0,4,0,0,0,6,1,3,0,0,3,1
Jacob Hill,32958,HB,SYRACUSE,2,14.3,0,304,55.9,69.8,67.2,0,0,1,16.7,14.3,100.0,0,0,0,4,0,0,0,28,1,7,0,0,3,0
Terrance Hollingsworth,28000,HB,ARK STATE,2,80.0,0,113,62.9,,64.5,0,0,0,0.0,0.0,,0,0,0,4,0,0,0,5,0,1,0,0,4,0
Noah Hickey,35116,HB,GA SOUTHRN,5,30.8,0,174,44.7,,60.0,0,0,0,,,,0,0,0,4,0,0,0,13,0,0,0,0,4,0
Ricky Brookins,13582,HB,INDIANA,3,18.2,0,190,49.6,73.5,60.0,0,0,2,20.0,20.0,100.0,0,0,0,4,0,0,0,22,2,10,0,0,2,0
Efe Scott-Emuakpor,17672,WR,BALL ST,1,80.0,0,117,59.1,,60.4,0,0,0,0.0,0.0,,0,0,0,4,0,0,0,5,0,1,0,0,4,0
Man Berg,47427,QB,ILLINOIS,1,100.0,0,187,60.3,,60.3,0,0,0,,,,0,0,0,4,0,0,0,4,0,0,0,0,4,0
Michael Brainard,20939,WR,VA TECH,1,100.0,0,337,58.0,,55.2,0,0,0,,,,0,0,0,4,0,0,0,4,0,0,0,0,4,0
Colten Christensen,19271,HB,TCU,4,18.2,0,305,77.3,67.5,67.8,0,0,1,33.3,33.3,100.0,0,0,0,4,0,0,0,22,1,3,0,0,3,0
Jake Largay,30438,DI,UMASS,1,100.0,0,216,60.0,69.8,60.0,0,0,1,100.0,100.0,100.0,0,0,0,4,0,4,0,4,1,1,0,0,3,0
Logan Curry,17666,TE,BALL ST,1,80.0,0,117,56.7,,59.0,0,0,0,0.0,0.0,,0,0,0,4,0,0,0,5,0,1,0,0,4,5
Devonte Howard,33146,WR,MEMPHIS,1,80.0,0,218,79.4,,60.4,0,0,0,0.0,0.0,,0,0,0,4,0,0,0,5,0,1,0,0,4,0
Gaston Davis,19664,HB,TEXAS,1,80.0,0,311,61.0,,67.7,0,0,0,,,,0,0,0,4,0,0,0,5,0,0,0,0,4,0
Jacquis Webb,26937,T,RUTGERS,1,100.0,0,278,55.0,77.6,57.1,0,0,3,100.0,100.0,100.0,0,0,0,4,0,0,0,4,3,3,0,4,1,0
Zach Werlinger,26894,QB,ARIZONA,1,66.7,0,109,75.5,,60.0,0,0,0,,,,0,0,0,4,0,0,0,6,0,0,0,0,4,0
Colt Pettit,46132,T,VA TECH,1,100.0,0,337,66.9,,68.5,0,0,0,,,,0,0,0,4,0,0,4,4,0,0,0,0,4,0
Larry Stephens,26890,WR,UTSA,3,66.7,0,331,58.4,,60.0,0,0,0,0.0,0.0,,0,0,0,4,0,0,0,6,0,2,0,0,4,0
Devin Campbell,17899,HB,BUFFALO,4,50.0,0,126,64.0,,60.4,0,0,0,0.0,0.0,,0,0,0,4,0,0,0,8,0,2,0,0,4,0
Matavius Scott,26163,WR,GA STATE,1,80.0,0,175,57.7,,59.4,0,0,0,0.0,0.0,,0,0,0,4,0,0,0,5,0,1,0,0,4,0
Donovan Walker,30393,HB,UTEP,1,22.2,0,330,55.0,,60.4,0,0,0,0.0,0.0,,0,0,0,4,0,0,0,18,0,14,0,0,4,0
Jack Austin,47752,WR,CAL,2,80.0,0,130,58.6,,60.3,0,0,0,0.0,0.0,,0,0,0,4,0,0,0,5,0,1,0,0,4,0
Tony Tully,22013,WR,UCONN,1,100.0,0,146,60.3,,60.5,0,0,0,,,,0,0,0,4,0,0,0,4,0,0,0,0,4,0
Treyous Jarrells,16919,HB,COLO STATE,1,22.2,0,144,58.8,43.4,60.0,1,0,3,30.0,30.0,83.3,0,1,0,4,0,0,0,18,3,10,0,0,1,0
Cole Rogers,30392,TE,UTEP,2,44.4,0,330,43.2,,60.4,0,0,0,0.0,0.0,,0,0,0,4,0,0,0,9,0,5,0,0,4,0
Cameron Oliver,22017,WR,HOUSTON,2,66.7,0,182,57.4,,59.7,0,0,0,0.0,0.0,,0,0,0,4,0,0,0,6,0,2,0,0,4,0
Darrell Fuery,39582,WR,FRESNO ST,1,57.1,0,169,36.9,,39.2,0,0,0,0.0,0.0,,0,0,0,4,0,0,0,7,0,3,0,0,4,0
Morgan Steward,23258,HB,MISSOURI,3,22.2,0,229,51.7,24.7,,1,0,4,44.4,44.4,87.5,0,1,0,4,0,0,0,18,4,9,0,0,0,0
Ross Douglas,45176,HB,MICHIGAN,6,23.5,0,222,58.0,68.5,60.0,0,0,1,25.0,25.0,100.0,0,0,0,4,0,0,0,17,1,4,0,0,3,0
John Turner,30780,C,WASHINGTON,2,100.0,0,340,60.0,,60.0,0,0,0,,,,0,0,0,4,1,0,0,4,0,0,0,3,4,0
Dontez Byrd,28909,WR,LOUISVILLE,3,33.3,0,210,64.8,,90.2,0,0,0,0.0,0.0,,0,0,0,4,0,0,0,12,0,8,0,0,4,0
Romello Brooker,27260,WR,HOUSTON,3,57.1,0,182,55.6,,59.9,0,0,0,0.0,0.0,,0,0,0,4,0,0,0,7,0,3,0,0,4,5
Jarran Reed,10683,DI,ALABAMA,2,100.0,0,103,64.3,,65.8,0,0,0,,,,1,0,0,4,0,0,0,4,0,0,0,0,4,0
Kameron Richardson,23454,WR,NEVADA,1,22.2,0,239,45.2,,53.8,0,0,0,0.0,0.0,,0,0,0,4,0,0,0,18,0,14,0,0,4,0
Shaquery Wilson,34349,WR,GEORGIA,2,100.0,0,173,60.2,,60.2,0,0,0,,,,0,0,0,4,0,0,0,4,0,0,0,0,4,0
Jake Rodrigues,22080,QB,S DIEGO ST,1,66.7,0,284,61.7,,60.0,0,0,0,,,,0,0,0,4,0,0,0,6,0,0,0,0,4,0
Chris Tewhill,23580,WR,OREGON,1,100.0,0,264,60.0,,59.7,0,0,0,,,,0,0,0,4,0,0,0,4,0,0,0,0,4,0
Andrew Stefanelli,45604,HB,MARYLAND,3,100.0,0,215,65.7,70.2,67.6,0,0,1,100.0,100.0,100.0,0,0,0,4,0,0,0,4,1,1,0,0,3,0
Pharoah McKever,39669,ED,NC STATE,1,66.7,0,248,92.2,,79.7,0,0,0,0.0,0.0,,0,0,0,4,0,0,0,6,0,2,0,0,4,1
Tim Gardner,28646,G,INDIANA,2,100.0,0,190,59.7,,59.4,0,0,0,,,,0,0,0,4,0,0,0,4,0,0,0,1,4,3
Bearooz Yacoobi,46772,T,PURDUE,2,100.0,0,273,58.5,45.5,59.5,0,1,2,100.0,100.0,75.0,0,1,0,4,0,0,0,4,2,2,0,4,2,0
Dan Monteroso,23644,WR,PURDUE,6,15.4,0,273,71.1,,60.4,0,0,0,0.0,0.0,,0,0,0,4,0,0,0,26,0,22,0,0,4,0
Isaac Luatua,17709,G,ALABAMA,1,100.0,0,103,54.2,67.3,54.2,0,0,1,100.0,100.0,100.0,0,0,0,4,0,4,0,4,1,1,0,0,3,0
Dontae Levingston,18175,T,E CAROLINA,1,100.0,0,156,60.9,72.8,59.9,0,0,2,100.0,100.0,100.0,0,0,0,4,0,0,0,4,2,2,0,4,2,0
Austin Beck,17640,G,ARKANSAS,2,100.0,0,111,67.3,,67.7,0,0,0,,,,0,0,0,4,0,3,1,4,0,0,0,0,4,0
Austin Kelly,45620,FB,IOWA,1,100.0,0,192,63.6,,64.9,0,0,0,,,,0,0,0,4,0,0,0,4,0,0,0,0,4,0
Chad Banschbach,31664,HB,CINCINNATI,2,13.8,0,138,70.9,72.0,61.6,0,0,2,33.3,28.6,100.0,0,0,0,4,0,0,0,29,2,7,0,0,2,0
Jake Hall,23801,QB,UCLA,1,100.0,0,324,60.0,,60.0,0,0,0,,,,0,0,0,4,0,0,0,4,0,0,0,0,4,0
Sean Burke,18027,TE,BOSTON COL,2,66.7,0,121,64.6,,58.0,0,0,0,0.0,0.0,,0,0,0,4,0,0,0,6,0,2,0,0,4,0
Malik Watson,16953,QB,S JOSE ST,3,20.0,0,285,61.6,,60.0,0,0,0,0.0,0.0,,0,0,0,4,0,0,0,20,0,16,0,0,4,0
Steve Wolgamott,39352,TE,GA STATE,1,100.0,0,175,58.8,,58.1,0,0,0,,,,0,0,0,4,0,0,4,4,0,0,0,0,4,0
Bo Scarbrough,45731,HB,ALABAMA,4,14.3,0,103,70.4,73.1,47.3,0,0,2,25.0,25.0,100.0,0,0,0,4,0,0,0,28,2,8,0,0,2,0
Alex Pfeiffer,30775,T,TOLEDO,1,100.0,0,316,51.5,69.0,60.5,0,0,1,100.0,100.0,100.0,1,0,0,4,0,0,4,4,1,1,0,0,3,0
Tommy Vento,17012,QB,MICH STATE,1,100.0,0,223,60.0,,60.0,0,0,0,,,,0,0,0,4,0,0,0,4,0,0,0,0,4,0
Thomas Richard,29089,WR,MISSOURI,3,28.6,0,229,56.0,,60.2,0,0,0,0.0,0.0,,0,0,0,4,0,0,0,14,0,10,0,0,4,0
Christian Tober,17758,WR,USC,4,22.2,0,326,40.8,,55.6,0,0,0,0.0,0.0,,0,0,0,4,0,0,0,18,0,14,0,0,4,2
James Cruise,46583,G,FIU,1,100.0,0,166,73.0,,72.9,0,0,0,,,,0,0,0,4,0,4,0,4,0,0,0,0,4,0
Elijah Staley,29280,QB,MISS STATE,2,33.3,0,227,75.2,,60.0,0,0,0,0.0,0.0,,0,0,0,4,0,0,0,12,0,5,0,0,4,0
Alexander Karr,28902,T,MEMPHIS,1,100.0,0,218,60.4,70.2,60.0,0,0,2,100.0,100.0,100.0,0,0,0,4,0,0,4,4,2,2,0,0,2,0
Brian Vaughn,17242,HB,UTSA,3,36.4,0,331,51.4,70.0,60.0,0,0,1,25.0,25.0,100.0,0,0,0,4,0,0,0,11,1,4,0,0,3,0
Kyle Driscoll,26385,QB,WAKE,2,100.0,0,339,60.0,,60.0,0,0,0,,,,0,0,0,4,0,0,0,4,0,0,0,0,4,0
Marvin Zanders,27438,QB,MISSOURI,1,100.0,0,229,60.0,,60.0,0,0,0,,,,0,0,0,3,0,0,0,3,0,0,0,0,3,0
Jomon Dotson,45776,HB,WASHINGTON,6,11.1,0,340,49.5,67.5,60.0,0,0,1,14.3,14.3,100.0,0,0,0,3,0,0,0,27,1,7,0,0,2,0
Cole Edmiston,47745,WR,BAYLOR,1,100.0,0,118,60.0,,59.9,0,0,0,,,,0,0,0,3,0,0,0,3,0,0,0,0,3,0
Kyle Evans,45822,HB,COLORADO,2,10.3,0,143,65.5,,60.0,0,0,0,0.0,0.0,,0,0,0,3,0,0,0,29,0,7,0,0,3,0
Johndre Bennett,18087,WR,DUKE,2,100.0,0,154,60.1,,60.1,0,0,0,,,,0,0,0,3,0,0,0,3,0,0,0,0,3,0
Rod Talley,21606,HB,S CAROLINA,5,23.1,0,289,60.1,,59.7,0,0,0,0.0,0.0,,0,0,0,3,0,0,0,13,0,8,0,0,3,0
Marcus Stamps,39367,HB,S DIEGO ST,6,14.3,0,284,56.3,,54.9,0,0,0,0.0,0.0,,0,0,0,3,0,0,0,21,0,2,0,0,3,2
Ryan Brown,20736,HB,GA SOUTHRN,2,75.0,0,174,59.5,,60.0,0,0,0,,,,0,0,0,3,0,0,0,4,0,0,0,0,3,0
Mikale Wilbon,45902,HB,NEBRASKA,2,10.7,0,238,66.2,75.2,60.0,0,0,2,11.8,11.1,100.0,0,0,0,3,0,0,0,28,2,18,0,0,1,0
Derek Dumais,37276,T,UMASS,1,100.0,0,216,60.0,,60.0,0,0,0,,,,0,0,0,3,0,0,3,3,0,0,0,0,3,0
Evan Moeai,16635,TE,UTAH,1,60.0,0,328,71.2,,79.5,0,0,0,0.0,0.0,,0,0,0,3,0,0,0,5,0,2,0,0,3,2
Cole Minshew,37160,G,FLORIDA ST,1,100.0,0,167,60.2,71.9,59.8,0,0,1,100.0,100.0,100.0,0,0,0,3,0,0,0,3,1,1,3,0,2,0
Van Edwards Jr.,45947,HB,AKRON,5,14.3,0,102,41.1,70.3,60.0,0,0,2,40.0,40.0,100.0,0,0,0,3,0,0,0,21,2,5,0,0,1,0
Joe Young,34461,HB,TENNESSEE,4,12.5,0,307,61.5,69.6,60.0,0,0,2,50.0,50.0,100.0,0,0,0,3,0,0,0,24,2,4,0,0,1,0
Brandon Arduino,25004,WR,C MICHIGAN,1,100.0,0,134,59.9,,59.6,0,0,0,,,,0,0,0,3,0,0,0,3,0,0,0,0,3,0
Lawyer Tillman,17738,HB,AUBURN,1,37.5,0,115,67.5,,58.8,0,0,0,,,,0,0,0,3,0,0,0,8,0,0,0,0,3,0
Warren Ball,45965,HB,OHIO STATE,4,21.4,0,260,71.5,,60.0,0,0,0,0.0,0.0,,0,0,0,3,0,0,0,14,0,1,0,0,3,0
Aca'Cedric Ware,34669,HB,USC,3,15.0,0,326,68.4,75.2,60.0,0,0,2,28.6,28.6,100.0,0,0,0,3,0,0,0,20,2,7,0,0,1,0
Stephen Morrison,48157,WR,NC STATE,2,50.0,0,248,46.2,,59.9,0,0,0,0.0,0.0,,0,0,0,3,0,0,0,6,0,3,0,0,3,0
Josh Crawford,34763,HB,VANDERBILT,7,8.1,0,333,49.9,71.7,60.0,0,0,2,11.1,11.1,100.0,0,0,0,3,0,0,0,37,2,18,0,0,1,0
Ben Grazen,29293,HB,NC STATE,3,27.3,0,248,52.7,,58.6,0,0,0,0.0,0.0,,0,0,0,3,0,0,0,11,0,7,0,0,3,0
Cooper Williams,36847,C,MEMPHIS,1,100.0,0,218,59.9,,59.4,0,0,0,,,,0,0,0,3,3,0,0,3,0,0,0,0,3,0
Darian Miles,18195,G,E MICHIGAN,1,100.0,0,160,60.0,68.2,59.8,0,0,1,100.0,100.0,100.0,0,0,0,3,0,0,0,3,1,1,3,0,2,0
Vincent Wilkerson,38679,WR,MEMPHIS,1,100.0,0,218,60.0,,60.0,0,0,0,,,,0,0,0,3,0,0,0,3,0,0,0,0,3,0
Malik Cuellar,25805,T,MISSOURI,1,100.0,0,229,60.0,71.5,60.0,0,0,2,100.0,100.0,100.0,0,0,0,3,0,0,0,3,2,2,0,3,1,0
Connor Lemieux,38887,WR,UMASS,4,42.9,0,216,50.1,,54.2,0,0,0,0.0,0.0,,1,0,0,3,0,0,0,7,0,4,0,0,3,0
Jonathan Roth,36775,T,MIDDLE TN,1,100.0,0,224,61.1,70.2,60.0,0,0,2,100.0,100.0,100.0,0,0,0,3,0,0,0,3,2,2,0,0,1,1
Darius Lee,20861,HB,MEMPHIS,3,15.8,0,218,56.3,72.9,60.0,0,0,1,14.3,14.3,100.0,0,0,0,3,0,0,0,19,1,7,0,0,2,0
Tomas Rivera (Copy),26120,G,COLO STATE,1,100.0,0,144,60.5,75.5,60.0,0,0,2,100.0,100.0,100.0,0,0,0,3,0,3,0,3,2,2,0,0,1,0
Eddie Vanderdoes,11843,DI,UCLA,1,75.0,0,324,64.8,,67.0,0,0,0,0.0,0.0,,0,0,0,3,0,0,0,4,0,1,0,0,3,0
Lloyd Terry,21882,FB,RUTGERS,1,100.0,0,278,59.4,,59.0,0,0,0,,,,0,0,0,3,0,0,0,3,0,0,0,0,3,0
James Conner,11860,HB,PITTSBURGH,1,20.0,0,268,69.2,68.5,60.0,0,0,1,20.0,20.0,100.0,0,0,0,3,0,0,0,15,1,5,0,0,2,0
Thomas Newton,29342,C,NEVADA,1,100.0,0,239,58.3,,53.3,0,0,0,,,,0,0,0,3,3,0,0,3,0,0,0,0,3,0
Patrick Stewart,29030,DI,MIDDLE TN,1,100.0,0,224,60.1,,60.1,0,0,0,,,,0,0,0,3,0,0,0,3,0,0,0,0,3,3
Billy Ray Mitchell,36758,G,VA TECH,1,100.0,0,337,54.9,,54.6,0,0,0,,,,0,0,0,3,0,3,0,3,0,0,0,0,3,0
Blake Wright,29527,HB,NEVADA,2,37.5,0,239,68.3,75.2,,0,0,3,100.0,100.0,100.0,0,0,0,3,0,0,0,8,3,3,0,0,0,0
Andy McAlindon,18407,TE,LA TECH,3,30.0,0,208,53.1,,55.7,0,0,0,0.0,0.0,,0,0,0,3,0,0,0,10,0,7,0,0,3,2
Corbin White,45986,HB,UTSA,2,33.3,0,331,51.5,70.0,59.5,0,0,1,33.3,33.3,100.0,0,0,0,3,0,0,0,9,1,3,0,0,2,0
Ethan Smith,36714,T,TEXAS TECH,2,100.0,0,315,59.7,,59.2,0,0,0,,,,0,0,0,3,0,0,0,3,0,0,0,3,3,0
Brandon Poncsak,12496,WR,BOWL GREEN,2,100.0,0,122,60.1,,60.0,0,0,0,,,,0,0,0,3,0,0,0,3,0,0,0,0,3,0
Jeff Bieber,30009,WR,OREGON,1,100.0,0,264,59.6,,58.9,0,0,0,,,,0,0,0,3,0,0,0,3,0,0,0,0,3,0
Alex Carling,35708,TE,TEMPLE,1,100.0,0,306,59.3,,58.9,0,0,0,,,,0,0,0,3,0,0,0,3,0,0,0,0,3,3
Brett Connors,30730,T,WISCONSIN,1,100.0,0,349,59.6,,59.2,0,0,0,,,,0,0,0,3,0,0,0,3,0,0,0,3,3,0
Tanner Langvardt,28676,WR,KANSAS ST,1,75.0,0,199,40.7,,60.0,0,0,0,0.0,0.0,,0,0,0,3,0,0,0,4,0,1,0,0,3,0
Micah Seau,22027,FB,S DIEGO ST,1,100.0,0,284,59.7,73.0,60.0,0,0,2,100.0,100.0,100.0,0,0,0,3,0,0,0,3,2,2,0,0,1,0
DJ Chark Jr.,47702,WR,LSU,2,50.0,0,211,92.3,,59.9,0,0,0,0.0,0.0,,0,0,0,3,0,0,0,6,0,1,0,0,3,0
George Panos,30628,C,WISCONSIN,1,100.0,0,349,60.0,,59.1,0,0,0,,,,0,0,0,3,3,0,0,3,0,0,0,0,3,0
Bozidar Antunovic,19016,DI,SMU,1,100.0,0,287,59.4,,55.7,0,0,0,,,,1,0,0,3,0,0,0,3,0,0,0,3,3,0
Connor Humphreys,32598,G,ARIZONA ST,1,100.0,0,110,72.2,,72.5,0,0,0,,,,0,0,0,3,0,0,0,3,0,0,3,0,3,0
Casey Eugenio,47402,HB,OREGON,1,100.0,0,264,60.0,,60.0,0,0,0,,,,0,0,0,3,0,0,0,3,0,0,0,0,3,0
Cole Novak,47085,TE,TCU,1,100.0,0,305,67.7,,70.8,0,0,0,,,,0,0,0,3,0,0,0,3,0,0,0,0,3,3
Zack Murdock,29654,T,OHIO,1,100.0,0,259,60.0,,60.0,0,0,0,,,,0,0,0,3,0,0,3,3,0,0,0,0,3,0
Ricky Ortiz,47053,ED,OREGON ST,3,75.0,0,265,57.3,,56.5,0,0,0,0.0,0.0,,0,0,0,3,0,0,0,4,0,1,0,0,3,0
Taylor Hilgers,28557,WR,KANSAS ST,1,100.0,0,199,60.1,,59.9,0,0,0,,,,0,0,0,3,0,0,0,3,0,0,0,0,3,0
Chris Durkin,47030,QB,VA TECH,3,42.9,0,337,55.6,,59.2,0,0,0,,,,0,0,0,3,0,0,0,7,0,0,0,0,3,2
Aaron Hepp,39178,WR,BALL ST,1,75.0,0,117,58.9,,60.1,0,0,0,0.0,0.0,,0,0,0,3,0,0,0,4,0,1,0,0,3,0
Chester Brown,47002,G,UCF,1,100.0,0,323,56.5,,56.2,0,0,0,,,,0,0,0,3,0,3,0,3,0,0,0,0,3,0
Devin Goodman,16853,G,ARIZONA ST,1,100.0,0,110,54.5,,54.1,0,0,0,,,,0,0,0,3,0,3,0,3,0,0,0,0,3,0
Chase Abbington,45896,HB,MISSOURI,6,11.1,0,229,60.1,51.6,60.0,0,0,2,11.1,10.5,100.0,0,0,0,3,0,0,0,27,2,19,0,0,1,0
Psalm Wooching,50220,ED,WASHINGTON,2,75.0,0,340,58.7,65.6,58.3,0,0,1,50.0,50.0,100.0,1,0,0,3,0,0,0,4,1,2,0,0,2,1
Taylor Hindy,17035,C,SYRACUSE,1,100.0,0,304,60.0,71.2,59.7,0,0,1,100.0,100.0,100.0,0,0,0,3,3,0,0,3,1,1,0,0,2,0
Joe Riddle,22954,HB,MARYLAND,1,25.0,0,215,58.7,75.3,,0,0,3,30.0,30.0,100.0,0,0,0,3,0,0,0,12,3,10,0,0,0,0
Nick Begg,45030,TE,WASH STATE,1,60.0,0,341,57.5,,60.2,0,0,0,0.0,0.0,,0,0,0,3,0,0,0,5,0,2,0,0,3,0
Da'Mario Jones,23114,WR,MICHIGAN,5,33.3,0,222,61.5,,79.3,0,0,0,0.0,0.0,,0,0,0,3,0,0,0,9,0,6,0,0,3,0
Jesse Moffitt,29278,C,MIDDLE TN,1,100.0,0,224,60.0,,43.7,0,0,0,,,,0,0,0,3,3,0,0,3,0,0,0,0,3,0
Ronnie Feist,50076,LB,LSU,1,100.0,0,211,64.3,,67.5,0,0,0,,,,0,0,0,3,0,0,0,3,0,0,0,0,3,0
Yoofi Quansah,45048,WR,USC,1,100.0,0,326,60.1,,60.1,0,0,0,,,,0,0,0,3,0,0,0,3,0,0,0,0,3,0
J.R. Zazzara,28187,WR,BUFFALO,1,100.0,0,126,60.0,,60.0,0,0,0,,,,0,0,0,3,0,0,0,3,0,0,0,0,3,0
Randy Stites,45067,WR,OHIO,2,75.0,0,259,58.4,,60.0,0,0,0,0.0,0.0,,0,0,0,3,0,0,0,4,0,1,0,0,3,0
Trevon Coley,11093,DI,FAU,4,75.0,0,165,65.6,,69.6,0,0,0,0.0,0.0,,1,0,0,3,0,0,0,4,0,1,0,0,3,1
Shane Cannon,23238,T,NEVADA,1,100.0,0,239,60.1,,60.3,0,0,0,,,,0,0,0,3,0,0,0,3,0,0,0,3,3,0
Stephen Collier,29651,QB,OHIO STATE,1,100.0,0,260,60.0,,60.0,0,0,0,,,,0,0,0,3,0,0,0,3,0,0,0,0,3,0
John Gardner,47903,WR,WASHINGTON,2,100.0,0,340,59.9,,59.5,0,0,0,,,,0,0,0,3,0,0,0,3,0,0,0,0,3,0
Mac Long,46821,G,HOUSTON,1,100.0,0,182,57.7,,57.6,0,0,0,,,,0,0,0,3,0,0,0,3,0,0,3,0,3,0
A.J. Caruso,17953,FB,BOSTON COL,1,100.0,0,121,59.2,,58.3,0,0,0,,,,0,0,0,3,0,0,0,3,0,0,0,0,3,1
Paul Nwokeji,38646,T,UCONN,1,100.0,0,146,60.0,,60.7,0,0,0,,,,0,0,0,3,0,0,3,3,0,0,0,0,3,0
Curtis Fitch,27877,QB,APP STATE,1,75.0,0,108,60.1,,60.0,0,0,0,,,,0,0,0,3,0,0,0,4,0,0,0,0,3,0
Eric Swingler,29874,G,PURDUE,1,100.0,0,273,60.0,72.0,59.7,0,0,1,100.0,100.0,100.0,0,0,0,3,0,3,0,3,1,1,0,0,2,0
V'Angelo Bentley,11213,CB,ILLINOIS,3,37.5,0,187,61.9,74.9,60.0,0,0,2,50.0,40.0,100.0,2,0,0,3,0,0,0,8,2,5,0,0,1,0
Case Harrison,27714,HB,FLORIDA,1,30.0,0,163,66.1,70.0,60.0,0,0,1,33.3,33.3,100.0,0,0,0,3,0,0,0,10,1,3,0,0,2,0
Humberto Lopez,18732,G,NEVADA,1,100.0,0,239,59.1,,59.0,0,0,0,,,,0,0,0,3,0,3,0,3,0,0,0,0,3,0
Joey Warburg,23646,T,PURDUE,1,100.0,0,273,56.2,74.0,52.9,0,0,1,100.0,100.0,100.0,0,0,0,3,0,0,3,3,1,1,0,0,2,0
Tani Tupou,11318,DI,WASHINGTON,3,75.0,0,340,65.6,,69.0,0,0,0,0.0,0.0,,0,0,0,3,0,0,0,4,0,1,0,0,3,1
Garrett Krstich,37876,QB,SMU,2,37.5,0,287,33.9,,60.0,0,0,0,0.0,0.0,,0,0,0,3,0,0,0,8,0,2,0,0,3,0
Jeff Jones,26225,HB,MINNESOTA,1,50.0,0,225,55.4,,59.0,0,0,0,0.0,0.0,,0,0,0,2,0,0,0,4,0,2,0,0,2,0
Brad Smith,30782,HB,TOLEDO,1,33.3,0,316,63.5,,60.0,0,0,0,,,,0,0,0,2,0,0,0,6,0,0,0,0,2,0
Joe Tustin,31118,T,ARMY,1,100.0,0,114,60.0,,60.0,0,0,0,,,,0,0,0,2,0,0,0,2,0,0,0,1,2,1
Will Huntsman,20754,FB,NAVY,1,66.7,0,237,57.4,,60.0,0,0,0,,,,0,0,0,2,0,0,0,3,0,0,0,0,2,0
Colin Butler,32104,WR,NAVY,1,100.0,0,237,60.0,,60.0,0,0,0,,,,0,0,0,2,0,0,0,2,0,0,0,0,2,0
Daniel Groebner,47411,WR,ARIZONA ST,1,100.0,0,110,60.0,,60.0,0,0,0,,,,0,0,0,2,0,0,0,2,0,0,0,0,2,0
Julian Turner,47399,WR,NAVY,1,100.0,0,237,60.0,,59.9,0,0,0,,,,0,0,0,2,0,0,0,2,0,0,0,0,2,0
Gordon Bentley,32118,WR,PENN STATE,1,100.0,0,266,60.0,,60.0,0,0,0,,,,0,0,0,2,0,0,0,2,0,0,0,0,2,0
Michael Kish,47387,TE,AKRON,1,100.0,0,102,60.0,,60.0,0,0,0,,,,0,0,0,2,0,0,0,2,0,0,0,0,2,2
Kaiwi Chung,47355,TE,HAWAII,1,100.0,0,180,60.0,,60.0,0,0,0,,,,0,0,0,2,0,0,0,2,0,0,0,0,2,0
Jazz Ferguson,47725,WR,LSU,2,50.0,0,211,58.9,,60.0,0,0,0,0.0,0.0,,0,0,0,2,0,0,0,4,0,2,0,0,2,0
Thomas Rumer,21378,TE,TEMPLE,1,100.0,0,306,59.8,,59.0,0,0,0,,,,0,0,0,2,0,0,0,2,0,0,0,0,2,2
Brendan Nosovitch,21468,QB,BOSTON COL,2,28.6,0,121,41.0,,59.1,0,0,0,0.0,0.0,,0,0,0,2,0,0,0,7,0,5,0,0,2,1
Miles Lerch,21840,WR,UTSA,1,66.7,0,331,58.0,,60.0,0,0,0,0.0,0.0,,0,0,0,2,0,0,0,3,0,1,0,0,2,0
Keelan Ewaliko,47762,WR,HAWAII,2,100.0,0,180,60.0,,60.0,0,0,0,,,,0,0,0,2,0,0,0,2,0,0,0,0,2,0
Dylan Foxworth,21850,C,TULSA,2,100.0,0,320,60.0,,59.7,0,0,0,,,,0,0,0,2,1,0,0,2,0,0,0,0,2,0
Jared Pinkney,47214,WR,VANDERBILT,1,66.7,0,333,57.9,,59.5,0,0,0,0.0,0.0,,0,0,0,2,0,0,0,3,0,1,0,0,2,3
Darrion Hancock,21890,HB,S JOSE ST,1,25.0,0,285,67.1,72.7,60.0,0,0,1,33.3,33.3,100.0,0,0,0,2,0,0,0,8,1,3,0,0,1,0
John Finch,21952,FB,COLORADO,1,100.0,0,143,61.7,,65.2,0,0,0,,,,0,0,0,2,0,0,0,2,0,0,0,0,2,0
Kwadarrius Smith,47772,WR,AKRON,1,66.7,0,102,79.1,,79.7,0,0,0,0.0,0.0,,0,0,0,2,0,0,0,3,0,1,0,0,2,3
Harrison Louden,13245,C,S ALABAMA,2,100.0,0,288,60.0,4.9,,0,0,2,100.0,100.0,50.0,0,1,1,2,2,0,0,2,2,2,0,0,0,0
Jonathan Williams,10790,HB,ARKANSAS,1,100.0,0,111,60.0,,60.0,0,0,0,,,,0,0,0,2,0,0,0,2,0,0,0,0,2,0
Gregg Garrity,22048,WR,PENN STATE,2,66.7,0,266,80.3,,60.0,0,0,0,0.0,0.0,,0,0,0,2,0,0,0,3,0,1,0,0,2,0
Jake Kiley,22084,WR,PENN STATE,2,66.7,0,266,58.0,,60.0,0,0,0,0.0,0.0,,0,0,0,2,0,0,0,3,0,1,0,0,2,0
Conner Dayton,32732,WR,ARKANSAS,1,100.0,0,111,60.0,,60.0,0,0,0,,,,0,0,0,2,0,0,0,2,0,0,0,0,2,0
Chris Saunders,22194,WR,ARKANSAS,2,100.0,0,111,60.0,,60.0,0,0,0,,,,0,0,0,2,0,0,0,2,0,0,0,0,2,0
A.J. Ezzard,29453,HB,N TEXAS,6,6.3,0,251,60.2,,58.5,0,0,0,0.0,0.0,,0,0,0,2,0,0,0,32,0,14,0,0,2,0
Clay Johnson,22265,WR,GEORGIA,1,100.0,0,173,60.0,,60.0,0,0,0,,,,0,0,0,2,0,0,0,2,0,0,0,0,2,0
Bair Diamond,22266,TE,FLORIDA,1,100.0,0,163,57.1,,53.4,0,0,0,,,,0,0,0,2,0,0,0,2,0,0,0,0,2,2
Marty Murad,22389,WR,ARKANSAS,1,100.0,0,111,60.0,,60.0,0,0,0,,,,0,0,0,2,0,0,0,2,0,0,0,0,2,0
Rodney Butler,50938,LB,NEW MEX ST,3,66.7,0,242,58.7,,58.9,0,0,0,0.0,0.0,,0,0,0,2,0,0,0,3,0,1,0,0,2,0
Chris Posa,22446,C,ALABAMA,2,100.0,0,103,60.0,68.0,60.0,0,0,1,100.0,100.0,100.0,0,0,0,2,1,0,1,2,1,1,0,0,1,0
David D'Amico,22449,FB,ALABAMA,1,100.0,0,103,60.0,,59.6,0,0,0,,,,0,0,0,2,0,0,0,2,0,0,0,0,2,1
Tyrone Williams,47842,WR,S ALABAMA,1,11.1,0,288,56.0,,60.0,0,0,0,0.0,0.0,,0,0,0,2,0,0,0,18,0,16,0,0,2,0
Kameron Fry,22796,WR,ILLINOIS,1,100.0,0,187,60.0,,60.0,0,0,0,,,,0,0,0,2,0,0,0,2,0,0,0,0,2,0
Jake Young,29461,QB,NEVADA,1,100.0,0,239,60.0,,60.0,0,0,0,,,,0,0,0,2,0,0,0,2,0,0,0,0,2,0
Bryson Albright,10962,ED,MIAMI OH,2,100.0,0,221,60.0,,60.0,0,0,0,,,,3,0,0,2,0,0,0,2,0,0,0,0,2,0
Johnathan Thomas,33088,HB,PENN STATE,3,12.5,0,266,67.5,74.1,,0,0,2,40.0,40.0,100.0,0,0,0,2,0,0,0,16,2,5,0,0,0,0
Pat Thomas,23139,QB,LOUISVILLE,1,40.0,0,210,56.7,,59.2,0,0,0,0.0,0.0,,0,0,0,2,0,0,0,5,0,3,0,0,2,0
Luke Langdon,33213,QB,ARMY,2,50.0,0,114,49.5,,60.0,0,0,0,0.0,0.0,,0,0,0,2,0,0,0,4,0,2,0,0,2,0
Jarrid Satterfield,33233,CB,TEMPLE,1,100.0,0,306,60.0,,60.0,0,0,0,,,,0,0,0,2,0,0,0,2,0,0,0,0,2,0
John Ferguson,23280,T,NAVY,1,100.0,0,237,60.0,,60.0,0,0,0,,,,0,0,0,2,0,0,0,2,0,0,0,2,2,0
Stacy Boyd,23868,HB,TCU,2,40.0,0,305,55.5,,59.3,0,0,0,,,,0,0,0,2,0,0,0,5,0,0,0,0,2,0
Tyreik Gray,34098,HB,HOUSTON,1,28.6,0,182,56.0,,60.0,0,0,0,0.0,0.0,,0,0,0,2,0,0,0,7,0,4,0,0,2,0
Taelon Parson,24149,WR,WASHINGTON,2,100.0,0,340,60.0,,60.0,0,0,0,,,,0,0,0,2,0,0,0,2,0,0,0,0,2,0
LaChaston Smith,24204,HB,VIRGINIA,2,100.0,0,335,59.2,,56.7,0,0,0,,,,0,0,0,2,0,0,0,2,0,0,0,0,2,0
Nolan Genovese,18618,QB,MIDDLE TN,2,66.7,0,224,61.3,,60.0,0,0,0,0.0,0.0,,0,0,0,2,0,0,0,3,0,1,0,0,2,0
Devin Reece,24244,WR,BALL ST,1,40.0,0,117,56.9,,60.0,0,0,0,0.0,0.0,,0,0,0,2,0,0,0,5,0,3,0,0,2,0
Thomas Banks,34467,HB,GA SOUTHRN,4,22.2,0,174,50.5,,60.0,0,0,0,,,,0,0,0,2,0,0,0,9,0,0,0,0,2,0
Quadree Henderson,48008,WR,PITTSBURGH,6,16.7,0,268,59.2,,70.9,0,0,0,0.0,0.0,,0,0,0,2,0,0,0,12,0,8,0,0,2,0
Jay Scheel,34529,WR,IOWA,2,66.7,0,192,57.8,,58.7,0,0,0,0.0,0.0,,0,0,0,2,0,0,0,3,0,1,0,0,2,0
Gunnar Holcombe,46409,QB,MARSHALL,1,25.0,0,214,27.2,,60.0,0,0,0,0.0,0.0,,0,0,0,2,0,0,0,8,0,3,0,0,2,0
De'Arius Young,25790,C,S ALABAMA,2,100.0,0,288,60.0,,60.0,0,0,0,,,,0,0,0,2,1,0,0,2,0,0,1,0,2,0
Jaleel Awini,26085,LB,COLORADO,1,33.3,0,143,71.8,,60.0,0,0,0,,,,0,0,0,2,0,0,0,6,0,0,0,0,2,0
Obi Melifonwu,11811,S,UCONN,1,100.0,0,146,60.0,,60.0,0,0,0,,,,2,0,0,2,0,0,0,2,0,0,0,0,2,0
Jermaine Johnson,17520,WR,IDAHO,1,66.7,0,185,56.9,,59.0,0,0,0,0.0,0.0,,0,0,0,2,0,0,0,3,0,1,0,0,2,3
James Proche II,48037,WR,SMU,1,100.0,0,287,59.8,,59.4,0,0,0,,,,0,0,0,2,0,0,0,2,0,0,0,0,2,0
Jacques Perra,26285,QB,MINNESOTA,1,100.0,0,225,60.0,,60.0,0,0,0,,,,0,0,0,2,0,0,0,2,0,0,0,0,2,0
Stanton Keane,30098,WR,TEXAS TECH,2,100.0,0,315,61.3,,66.5,0,0,0,,,,0,0,0,2,0,0,0,2,0,0,0,0,2,0
Troy Stewart,26572,WR,GA SOUTHRN,2,100.0,0,174,59.8,,59.4,0,0,0,,,,0,0,0,2,0,0,0,2,0,0,0,0,2,0
Nick Brossette,35314,HB,LSU,6,11.1,0,211,61.2,70.3,81.4,0,0,1,20.0,20.0,100.0,0,0,0,2,0,0,0,18,1,5,0,0,1,0
Denzel Wimberly,16500,FB,C MICHIGAN,1,100.0,0,134,60.0,,60.0,0,0,0,,,,0,0,0,2,0,0,0,2,0,0,0,0,2,0
Luke Heitshusen,36023,G,TEXAS TECH,1,100.0,0,315,59.9,,59.8,0,0,0,,,,0,0,0,2,0,0,0,2,0,0,2,0,2,0
Connor Brown,29690,TE,OHIO,1,100.0,0,259,59.9,,59.6,0,0,0,,,,0,0,0,2,0,0,0,2,0,0,0,0,2,2
Tim Patrick,12087,WR,UTAH,1,40.0,0,328,56.0,,60.0,0,0,0,0.0,0.0,,0,0,0,2,0,0,0,5,0,3,0,0,2,0
Deon Yelder,29556,WR,W KENTUCKY,1,100.0,0,346,60.0,,60.0,0,0,0,,,,0,0,0,2,0,0,0,2,0,0,0,0,2,2
Corvin Lamb,18264,HB,LOUISVILLE,3,15.4,0,210,56.4,,59.9,0,0,0,0.0,0.0,,0,0,0,2,0,0,0,13,0,3,0,0,2,0
Andrew Tucker,45979,HB,N TEXAS,3,6.5,0,251,54.1,72.5,,0,0,2,12.5,12.5,100.0,0,0,0,2,0,0,0,31,2,16,0,0,0,0
Jesse Hudak,29927,WR,RICE,1,100.0,0,275,60.0,,60.0,0,0,0,,,,0,0,0,2,0,0,0,2,0,0,0,0,2,0
Ryan Pasoquen,18210,WR,HAWAII,2,66.7,0,180,58.9,,60.0,0,0,0,0.0,0.0,,0,0,0,2,0,0,0,3,0,1,0,0,2,0
Ryan Conte,36868,G,BOSTON COL,1,100.0,0,121,60.0,,60.0,0,0,0,,,,0,0,0,2,0,2,0,2,0,0,0,0,2,0
Damani Carter,37515,FB,ARKANSAS,1,100.0,0,111,59.2,,57.8,0,0,0,,,,0,0,0,2,0,0,0,2,0,0,0,0,2,0
Taylor Martin,45778,HB,KANSAS,4,6.5,0,198,47.3,72.0,,0,0,2,13.3,12.5,100.0,0,0,0,2,0,0,0,31,2,16,0,0,0,0
Keenan Schon,29898,WR,PURDUE,2,28.6,0,273,46.8,,59.7,0,0,0,0.0,0.0,,1,0,0,2,0,0,0,7,0,5,0,0,2,0
Michael Scarnecchia,12599,QB,S CAROLINA,1,50.0,0,289,41.0,,60.0,0,0,0,0.0,0.0,,0,0,0,2,0,0,0,4,0,1,0,0,2,0
Austin Webster,29649,WR,NOTRE DAME,1,100.0,0,258,60.0,,60.0,0,0,0,,,,0,0,0,2,0,0,0,2,0,0,0,0,2,0
Bryan LaCivita,38066,WR,FLORIDA ST,1,100.0,0,167,60.0,,60.0,0,0,0,,,,0,0,0,2,0,0,0,2,0,0,0,0,2,0
Alonzo Mayo,27952,FB,NWESTERN,1,100.0,0,256,60.0,,60.0,0,0,0,,,,0,0,0,2,0,0,0,2,0,0,0,0,2,0
Myles Norwood,45223,WR,PURDUE,1,66.7,0,273,59.0,,60.0,0,0,0,0.0,0.0,,0,0,0,2,0,0,0,3,0,1,0,0,2,0
Sawyer Dawson,45203,TE,PURDUE,2,100.0,0,273,60.0,63.3,60.0,0,0,1,100.0,100.0,100.0,0,0,0,2,0,0,0,2,1,1,0,0,1,2
Alex Netherda,45160,HB,CAL,1,66.7,0,130,58.9,,60.0,0,0,0,0.0,0.0,,0,0,0,2,0,0,0,3,0,1,0,0,2,0
Chris Laye,27989,TE,AUBURN,1,100.0,0,115,60.0,,60.0,0,0,0,,,,0,0,0,2,0,0,0,2,0,0,0,0,2,0
Bo Hardy,45047,HB,OHIO,2,22.2,0,259,64.9,,60.0,0,0,0,0.0,0.0,,0,0,0,2,0,0,0,9,0,2,0,0,2,0
Johnny Dwight,44949,TE,ALABAMA,2,66.7,0,103,58.5,,60.0,0,0,0,0.0,0.0,,0,0,0,2,0,0,0,3,0,1,0,0,2,3
Adrian Sterling,38235,HB,FAU,1,100.0,0,165,60.0,,60.0,0,0,0,,,,0,0,0,2,0,0,0,2,0,0,0,0,2,0
Christopher Misaalefua,39808,G,UTEP,1,100.0,0,330,60.0,68.4,60.0,0,0,1,100.0,100.0,100.0,0,0,0,2,0,0,0,2,1,1,2,0,1,0
Devon Edwards,39716,TE,PITTSBURGH,2,100.0,0,268,60.0,67.3,60.0,0,0,1,100.0,100.0,100.0,0,0,0,2,0,0,0,2,1,1,0,0,1,2
Truett Harris,17776,TE,ALABAMA,1,100.0,0,103,59.7,,58.8,0,0,0,,,,0,0,0,2,0,0,0,2,0,0,0,0,2,2
Jassavia Reese,48435,ED,NEW MEX ST,2,100.0,0,242,59.4,,58.3,0,0,0,,,,0,0,0,2,0,0,0,2,0,0,0,0,2,0
D.K. Buford,12500,HB,OLE MISS,3,16.7,0,226,75.1,,59.9,0,0,0,0.0,0.0,,0,0,0,2,0,0,0,12,0,2,0,0,2,0
Noah Westerfield,48561,ED,CAL,1,100.0,0,130,59.9,,59.2,0,0,0,,,,0,0,0,2,0,0,0,2,0,0,0,0,2,0
Luke Brantley,17718,T,AIR FORCE,1,100.0,0,101,60.0,30.6,,0,1,2,100.0,100.0,75.0,0,1,0,2,0,0,2,2,2,2,0,0,0,0
Eli Ankou,48856,DI,UCLA,1,100.0,0,324,60.0,,60.0,0,0,0,,,,1,0,0,2,0,0,0,2,0,0,0,0,2,0
Samson Bailey,39521,T,MISSOURI,1,100.0,0,229,60.0,68.3,60.0,0,0,1,100.0,100.0,100.0,0,0,0,2,0,0,0,2,1,1,0,0,1,2
Chris Merchant,28180,QB,BUFFALO,1,66.7,0,126,58.9,,60.0,0,0,0,0.0,0.0,,0,0,0,2,0,0,0,3,0,1,0,0,2,0
Steven Leggett,49892,DI,FAU,3,66.7,0,165,75.5,,79.4,0,0,0,0.0,0.0,,1,0,0,2,0,0,0,3,0,1,0,0,2,2
Graham Stewart,38458,LB,UCONN,1,100.0,0,146,59.6,,58.6,0,0,0,,,,1,0,0,2,0,0,0,2,0,0,0,0,2,0
Zach Davidson,28628,QB,KANSAS ST,1,50.0,0,199,62.4,,60.0,0,0,0,0.0,0.0,,0,0,0,2,0,0,0,4,0,1,0,0,2,0
Blake Dean,17062,HB,UTSA,1,100.0,0,331,60.0,,60.0,0,0,0,,,,0,0,0,2,0,0,0,2,0,0,0,0,2,0
Brinkley Jolly,30844,TE,WYOMING,2,100.0,0,351,60.0,71.9,60.0,0,0,1,100.0,100.0,100.0,0,0,0,2,0,0,2,2,1,1,0,0,1,0
Stanton Truitt,47644,WR,AUBURN,6,11.1,0,115,67.5,,60.0,0,0,0,0.0,0.0,,0,0,0,2,0,0,0,18,0,10,0,0,2,0
T.J. Semke,19787,DI,KANSAS,1,100.0,0,198,59.4,,56.8,0,0,0,,,,0,0,0,2,0,0,0,2,0,0,0,0,2,0
Corey Acker,29412,WR,NWESTERN,2,14.3,0,256,79.9,76.4,,0,0,2,50.0,50.0,100.0,0,0,0,2,0,0,0,14,2,4,0,0,0,0
Caleb Woodward,45907,WR,TEXAS TECH,1,50.0,0,315,56.9,,60.0,0,0,0,,,,0,0,0,1,0,0,0,2,0,0,0,0,1,0
DeAndre Herron,18152,G,INDIANA,1,100.0,0,190,60.0,,60.0,0,0,0,,,,0,0,0,1,0,0,0,1,0,0,1,0,1,0
Trey Holtz,24220,QB,TEXAS,1,33.3,0,311,62.0,,60.0,0,0,0,,,,0,0,0,1,0,0,0,3,0,0,0,0,1,0
Payne Sullins,46593,QB,TEXAS TECH,1,50.0,0,315,55.9,,60.0,0,0,0,,,,0,0,0,1,0,0,0,2,0,0,0,0,1,0
Cory Fuavai,24085,G,WASHINGTON,1,100.0,0,340,60.0,,60.0,0,0,0,,,,0,0,0,1,0,1,0,1,0,0,0,0,1,0
Jason Muraoka,18134,HB,HAWAII,1,100.0,0,180,60.0,,60.0,0,0,0,,,,0,0,0,1,0,0,0,1,0,0,0,0,1,0
Jarret LaCoste,45878,HB,OREGON,1,100.0,0,264,60.0,,60.0,0,0,0,,,,0,0,0,1,0,0,0,1,0,0,0,0,1,0
Jordan Willis,29085,FB,MIDDLE TN,2,16.7,0,224,58.2,,60.0,0,0,0,,,,0,0,0,1,0,0,0,6,0,0,0,0,1,0
Willie Smith,51627,G,FLORIDA ST,1,100.0,0,167,60.0,,60.0,0,0,0,,,,0,0,0,1,0,0,0,1,0,0,1,0,1,0
Dominick Manco,38450,C,UCONN,1,100.0,0,146,60.0,70.9,,0,0,1,100.0,100.0,100.0,0,0,0,1,1,0,0,1,1,1,0,0,0,0
Rob Burns,19536,TE,VIRGINIA,1,100.0,0,335,60.0,67.3,,0,0,1,100.0,100.0,100.0,0,0,0,1,0,0,0,1,1,1,0,0,0,1
Grayson Muehlstein,30311,QB,TCU,1,25.0,0,305,61.3,,60.0,0,0,0,,,,0,0,0,1,0,0,0,4,0,0,0,0,1,0
Denzell Evans,45759,HB,ARKANSAS,2,14.3,0,111,60.6,72.6,,0,0,1,100.0,100.0,100.0,0,0,0,1,0,0,0,7,1,1,0,0,0,0
Darius Latham,11356,DI,INDIANA,1,100.0,0,190,60.0,,60.0,0,0,0,,,,6,0,0,1,0,0,0,1,0,0,0,0,1,0
Christian Chamagua,23928,T,SMU,1,100.0,0,287,60.0,,60.0,0,0,0,,,,0,0,0,1,0,0,1,1,0,0,0,0,1,0
Pereese Joas,38591,HB,HAWAII,1,33.3,0,180,52.4,72.7,,0,0,1,100.0,100.0,100.0,0,0,0,1,0,0,0,3,1,1,0,0,0,0
Tony Upchurch,28805,WR,LSU,1,100.0,0,211,60.0,,60.0,0,0,0,,,,0,0,0,1,0,0,0,1,0,0,0,0,1,0
Nardo Govan,49686,ED,GA SOUTHRN,1,100.0,0,174,60.0,,60.0,0,0,0,,,,0,0,0,1,0,0,0,1,0,0,0,0,1,1
Ryan Ferguson,27590,TE,FLORIDA,1,100.0,0,163,60.0,,59.4,0,0,0,,,,0,0,0,1,0,0,0,1,0,0,0,0,1,1
Tarean Folston,45676,HB,NOTRE DAME,1,14.3,0,258,58.6,,60.0,0,0,0,0.0,0.0,,0,0,0,1,0,0,0,7,0,3,0,0,1,0
Miquel James,47505,WR,LSU,1,100.0,0,211,60.0,,60.0,0,0,0,,,,0,0,0,1,0,0,0,1,0,0,0,0,1,0
Craig Leonard,38028,QB,COLO STATE,4,9.1,0,144,76.1,,60.0,0,0,0,0.0,0.0,,0,0,0,1,0,0,0,11,0,1,0,0,1,0
Clayton Stadnik,38029,C,S CAROLINA,1,100.0,0,289,60.0,,60.0,0,0,0,,,,0,0,0,1,1,0,0,1,0,0,0,0,1,0
Will Davis,38039,T,ALABAMA,1,100.0,0,103,60.0,,60.0,0,0,0,,,,0,0,0,1,0,0,0,1,0,0,0,1,1,0
Terell West,33993,WR,MIDDLE TN,1,100.0,0,224,60.0,,60.0,0,0,0,,,,0,0,0,1,0,0,0,1,0,0,0,0,1,0
NaQuan Brown,18727,WR,NC STATE,2,33.3,0,248,58.3,,60.0,0,0,0,0.0,0.0,,0,0,0,1,0,0,0,3,0,2,0,0,1,0
Jerry Saena,46688,G,SMU,1,100.0,0,287,60.0,,60.0,0,0,0,,,,0,0,0,1,0,0,0,1,0,0,1,0,1,0
Andre Bodden,39161,WR,OREGON ST,1,100.0,0,265,60.0,,60.0,0,0,0,,,,0,0,0,1,0,0,0,1,0,0,0,0,1,0
Tom Bradway,21451,WR,TEMPLE,1,100.0,0,306,60.0,,60.0,0,0,0,,,,0,0,0,1,0,0,0,1,0,0,0,0,1,0
Nick Vigil,10721,LB,UTAH ST,2,12.5,0,329,68.8,63.8,,0,0,1,50.0,50.0,100.0,3,0,0,1,0,0,0,8,1,2,0,0,0,0
Dawson Bassett,39175,TE,OKLA STATE,1,100.0,0,262,60.0,64.5,,0,0,1,100.0,100.0,100.0,0,0,0,1,0,0,0,1,1,1,0,0,0,1
Nikia Cathey,27840,WR,APP STATE,1,33.3,0,108,60.8,,60.0,0,0,0,0.0,0.0,,0,0,0,1,0,0,0,3,0,2,0,0,1,0
Alex Skidmore,38056,G,DUKE,1,100.0,0,154,60.0,,60.0,0,0,0,,,,0,0,0,1,0,1,0,1,0,0,0,0,1,0
Jamin Smith,46783,G,NEW MEX ST,1,100.0,0,242,60.0,70.9,,0,0,1,100.0,100.0,100.0,0,0,0,1,0,1,0,1,1,1,0,0,0,0
Lucas LeGrand,45575,G,IOWA,1,100.0,0,192,60.0,,60.0,0,0,0,,,,0,0,0,1,0,1,0,1,0,0,0,0,1,0
Steve Manders,23385,FB,IOWA,1,100.0,0,192,60.0,,60.0,0,0,0,,,,0,0,0,1,0,0,0,1,0,0,0,0,1,0
Conner Sullivan,38064,QB,USC,1,50.0,0,326,48.4,,60.0,0,0,0,,,,0,0,0,1,0,0,0,2,0,0,0,0,1,0
Kendall Blanton,47311,TE,MISSOURI,1,50.0,0,229,67.2,,62.9,0,0,0,0.0,0.0,,0,0,0,1,0,0,0,2,0,1,0,0,1,1
Justin Motlow,12730,WR,FLORIDA ST,1,100.0,0,167,60.0,,60.0,0,0,0,,,,0,0,0,1,0,0,0,1,0,0,0,0,1,0
Ja'Boree Poole,50113,ED,SO MISS,1,100.0,0,296,60.0,,59.7,0,0,0,,,,1,0,0,1,0,0,0,1,0,0,0,0,1,0
Brandon Moss,45252,WR,UTEP,1,100.0,0,330,60.0,,60.0,0,0,0,,,,0,0,0,1,0,0,0,1,0,0,0,0,1,0
Chris High,29096,HB,NAVY,2,16.7,0,237,66.9,,60.0,0,0,0,,,,0,0,0,1,0,0,0,6,0,0,0,0,1,0
Rocky Hayes,17740,CB,ARK STATE,1,100.0,0,113,60.0,,60.0,0,0,0,,,,3,0,0,1,0,0,0,1,0,0,0,0,1,0
Dexter Andrews,21237,WR,GA STATE,1,100.0,0,175,60.0,,60.0,0,0,0,,,,0,0,0,1,0,0,0,1,0,0,0,0,1,0
Omar Hunter,23277,WR,NOTRE DAME,1,50.0,0,258,57.5,,59.9,0,0,0,0.0,0.0,,0,0,0,1,0,0,0,2,0,1,0,0,1,0
Connor Keane,28631,WR,IOWA,1,100.0,0,192,60.0,,60.0,0,0,0,,,,0,0,0,1,0,0,0,1,0,0,0,0,1,0
Delroy Baker,46837,T,INDIANA,1,100.0,0,190,60.0,,60.0,0,0,0,,,,0,0,0,1,0,0,1,1,0,0,0,0,1,0
Bryan Larson,28750,G,IOWA STATE,1,100.0,0,193,60.0,,60.0,0,0,0,,,,0,0,0,1,0,1,0,1,0,0,0,0,1,0
Hud Mellencamp,17942,WR,DUKE,1,100.0,0,154,60.0,,60.0,0,0,0,,,,0,0,0,1,0,0,0,1,0,0,0,0,1,0
Nolan Dieter,17020,QB,BOWL GREEN,1,100.0,0,122,60.0,,60.0,0,0,0,,,,0,0,0,1,0,0,0,1,0,0,0,0,1,0
Willie Smith III,33361,WR,TEMPLE,1,100.0,0,306,60.0,,60.0,0,0,0,,,,0,0,0,1,0,0,0,1,0,0,0,0,1,1
Jake Brents,23191,WR,MISSOURI,1,33.3,0,229,56.9,,60.0,0,0,0,0.0,0.0,,0,0,0,1,0,0,0,3,0,2,0,0,1,0
Rex Rollins,23181,HB,N TEXAS,1,20.0,0,251,64.6,72.6,,0,0,1,50.0,33.3,100.0,0,0,0,1,0,0,0,5,1,3,0,0,0,0
Matt Burke,29789,TE,PURDUE,1,100.0,0,273,60.0,68.7,,0,0,1,100.0,100.0,100.0,0,0,0,1,0,0,0,1,1,1,0,0,0,1
Moral Stephens,47351,TE,FLORIDA,1,100.0,0,163,60.0,,59.4,0,0,0,,,,0,0,0,1,0,0,0,1,0,0,0,0,1,1
Thaddaeus Medford,23074,WR,LA TECH,2,11.1,0,208,43.5,,60.0,0,0,0,0.0,0.0,,0,0,0,1,0,0,0,9,0,8,0,0,1,0
Jayme Taylor,45010,TE,NWESTERN,1,100.0,0,256,60.0,,60.0,0,0,0,,,,0,0,0,1,0,0,0,1,0,0,0,0,1,1
Emmanuel Ogwo,33130,WR,IOWA,1,50.0,0,192,58.4,,60.0,0,0,0,0.0,0.0,,0,0,0,1,0,0,0,2,0,1,0,0,1,0
Lucas Munds,22888,WR,KANSAS ST,1,100.0,0,199,60.0,,60.0,0,0,0,,,,0,0,0,1,0,0,0,1,0,0,0,0,1,0
Tyrin Stone-Davis,22843,WR,ILLINOIS,1,33.3,0,187,55.8,,60.0,0,0,0,0.0,0.0,,0,0,0,1,0,0,0,3,0,2,0,0,1,0
Daquan Mack,38881,HB,UMASS,1,100.0,0,216,60.0,71.8,,0,0,1,100.0,100.0,100.0,0,0,0,1,0,0,0,1,1,1,0,0,0,0
Juwan Lewis,22816,HB,E MICHIGAN,2,20.0,0,160,71.8,,60.0,0,0,0,,,,0,0,0,1,0,0,0,5,0,0,0,0,1,0
Orion Salters,28706,WR,IOWA STATE,1,100.0,0,193,60.0,,60.0,0,0,0,,,,0,0,0,1,0,0,0,1,0,0,0,0,1,0
Will Schmidt,44810,TE,IDAHO,1,100.0,0,185,60.0,,59.7,0,0,0,,,,0,0,0,1,0,0,0,1,0,0,0,0,1,1
Robert Wagner,50877,LB,NEW MEX ST,2,50.0,0,242,59.3,,60.0,0,0,0,0.0,0.0,,1,0,0,1,0,0,0,2,0,1,0,0,1,0
Ronnie Clark,28029,HB,ALABAMA,3,16.7,0,103,70.7,74.6,,0,0,1,100.0,100.0,100.0,0,0,0,1,0,0,0,6,1,1,0,0,0,0
Greg Turnage,32881,G,FLORIDA ST,1,100.0,0,167,60.0,,60.0,0,0,0,,,,0,0,0,1,0,1,0,1,0,0,0,0,1,0
Reeve Koehler,28037,G,ARKANSAS,1,100.0,0,111,60.0,,60.0,0,0,0,,,,0,0,0,1,0,1,0,1,0,0,0,0,1,0
Damien Haskins,29748,HB,OREGON ST,5,10.0,0,265,55.9,,60.0,0,0,0,0.0,0.0,,0,0,0,1,0,0,0,10,0,2,0,0,1,0
Pat McFadden,22378,HB,STANFORD,1,25.0,0,300,69.0,,60.0,0,0,0,,,,0,0,0,1,0,0,0,4,0,0,0,0,1,0
Trey Ndlovu,40804,,WAKE,1,100.0,0,339,60.0,,60.0,0,0,0,,,,0,0,0,1,0,0,0,1,0,0,0,0,1,1
Ethan Cortazzo,47723,WR,UTAH ST,1,100.0,0,329,60.0,,60.0,0,0,0,,,,0,0,0,1,0,0,0,1,0,0,0,0,1,0
Brandon Dawkins,39806,T,RICE,1,100.0,0,275,60.0,,60.0,0,0,0,,,,0,0,0,1,0,0,0,1,0,0,0,1,1,0
Tremaine Edmunds,50905,LB,VA TECH,1,100.0,0,337,60.0,,66.3,0,0,0,,,,0,0,0,1,0,0,0,1,0,0,0,0,1,1
Nick Severs,28693,C,IOWA STATE,1,100.0,0,193,60.0,,60.0,0,0,0,,,,0,0,0,1,1,0,0,1,0,0,0,0,1,0
Joey Tuggle,32200,HB,COLORADO,1,100.0,0,143,60.0,70.0,,0,0,1,100.0,100.0,100.0,0,0,0,1,0,0,0,1,1,1,0,0,0,0
Brady Strodtbeck,47080,FB,IDAHO,1,100.0,0,185,60.0,,60.0,0,0,0,,,,0,0,0,1,0,0,0,1,0,0,0,0,1,0
Kato Fawkes,22228,DI,IDAHO,1,100.0,0,185,60.0,65.4,,0,0,1,100.0,100.0,100.0,0,0,0,1,0,0,0,1,1,1,0,0,0,1
Brady Bodine,29338,HB,NC STATE,1,14.3,0,248,53.1,70.2,,0,0,1,25.0,25.0,100.0,0,0,0,1,0,0,0,7,1,4,0,0,0,0
Stody Bradley,48458,ED,NEW MEX ST,1,100.0,0,242,60.0,,60.4,0,0,0,,,,3,0,0,1,0,0,0,1,0,0,0,0,1,0
Brett Sheehan,32083,QB,GA STATE,1,100.0,0,175,60.0,,60.0,0,0,0,,,,0,0,0,1,0,0,0,1,0,0,0,0,1,0
Brandon Williams,10726,CB,TEXAS A&M,3,14.3,0,312,56.4,70.8,,0,0,1,20.0,16.7,100.0,4,0,0,1,0,0,0,7,1,6,0,0,0,0
Chase Winovich,48523,TE,MICHIGAN,1,100.0,0,222,60.0,,59.4,0,0,0,,,,0,0,0,1,0,0,0,1,0,0,0,0,1,1
Ralph Kinne,30811,HB,WASHINGTON,1,12.5,0,340,62.8,,60.0,0,0,0,,,,0,0,0,1,0,0,0,8,0,0,0,0,1,0
Tavon Young,10738,CB,TEMPLE,1,100.0,0,306,60.0,,60.0,0,0,0,,,,7,0,0,1,0,0,0,1,0,0,0,0,1,0
Rob Bain,48636,DI,ILLINOIS,1,100.0,0,187,60.0,64.3,,0,0,1,100.0,100.0,100.0,0,0,0,1,0,0,0,1,1,1,0,0,0,0
Brendan Marshall,47161,QB,VIRGINIA,1,50.0,0,335,87.7,63.3,,0,0,1,50.0,50.0,100.0,0,0,0,1,0,0,0,2,1,2,0,0,0,2
Jalen Wyatt,28110,WR,BALL ST,1,100.0,0,117,60.0,,60.0,0,0,0,,,,0,0,0,1,0,0,0,1,0,0,0,0,1,0
Kyle Fulks,47609,WR,UTAH,1,50.0,0,328,53.2,,60.0,0,0,0,,,,0,0,0,1,0,0,0,2,0,0,0,0,1,0
Andy Isabella,47448,HB,UMASS,9,3.1,0,216,47.0,,60.0,0,0,0,0.0,0.0,,0,0,0,1,0,0,0,32,0,28,0,0,1,0
Aiulua Fanene,48894,DI,ARIZONA,1,100.0,0,109,60.0,,60.0,0,0,0,,,,0,0,0,1,0,0,0,1,0,0,1,0,1,0
Dannon Cavil,29684,WR,UTSA,1,100.0,0,331,60.0,,60.0,0,0,0,,,,0,0,0,1,0,0,0,1,0,0,0,0,1,0
Harry Adolphus,38341,TE,CAL,1,100.0,0,130,60.0,65.5,,0,0,1,100.0,100.0,100.0,0,0,0,1,0,0,0,1,1,1,0,0,0,1
Dan Mastromatteo,39522,ED,N CAROLINA,1,50.0,0,245,59.1,,59.9,0,0,0,0.0,0.0,,0,0,0,1,0,0,0,2,0,1,0,0,1,0
Reggie Corbin,26692,HB,ILLINOIS,1,100.0,0,187,60.0,,60.0,0,0,0,,,,0,0,0,1,0,0,0,1,0,0,0,0,1,0
Ross Reynolds,46142,G,IOWA,1,100.0,0,192,60.0,,60.0,0,0,0,,,,0,0,0,1,0,0,0,1,0,0,1,0,1,0
Jordan Gowins,35346,HB,BOSTON COL,3,6.3,0,121,40.2,70.8,,0,0,1,100.0,100.0,100.0,0,0,0,1,0,0,0,16,1,1,0,0,0,0
Freddie Booth-Lloyd,48962,DI,TEMPLE,1,100.0,0,306,60.0,,53.8,0,0,0,,,,1,0,0,1,0,0,0,1,0,0,0,0,1,1
Jacom Brimhall,26964,HB,ARIZONA ST,4,16.7,0,110,51.9,72.7,,0,0,1,33.3,33.3,100.0,0,0,0,1,0,0,0,6,1,3,0,0,0,0
Caleb Kinlaw,30843,HB,WISCONSIN,1,10.0,0,349,58.5,0.0,,0,0,1,33.3,33.3,100.0,0,0,0,1,0,0,0,10,1,3,0,0,0,0
Jesse Haas,16920,HB,COLO STATE,1,100.0,0,144,60.0,,60.0,0,0,0,,,,0,0,0,1,0,0,0,1,0,0,0,0,1,0
Wyatt Shallman,38666,HB,MICHIGAN,1,25.0,0,222,60.7,,60.0,0,0,0,,,,0,0,0,1,0,0,0,4,0,0,0,0,1,0
Tearris Wallace,29007,HB,MEMPHIS,3,11.1,0,218,62.9,,60.0,0,0,0,0.0,0.0,,0,0,0,1,0,0,0,9,0,1,0,0,1,0
Cheyenne Hunt,39454,T,GA TECH,1,100.0,0,176,60.0,,60.0,0,0,0,,,,0,0,0,1,0,0,0,1,0,0,0,1,1,0
B.J. Bello,12097,LB,ILLINOIS,1,100.0,0,187,60.0,,60.0,0,0,0,,,,0,0,0,1,0,0,0,1,0,0,0,0,1,1
Peyton Braswell,35163,TE,LA TECH,1,100.0,0,208,60.0,,57.2,0,0,0,,,,0,0,0,1,0,0,0,1,0,0,0,0,1,1
Stephan Crawford,18259,G,LA TECH,1,100.0,0,208,60.0,,60.0,0,0,0,,,,0,0,0,1,0,0,0,1,0,0,1,0,1,0
Deron Thompson,27025,HB,COLO STATE,2,10.0,0,144,64.7,,60.0,0,0,0,0.0,0.0,,0,0,0,1,0,0,0,10,0,2,0,0,1,0
Jaron Dukes,28999,WR,MICHIGAN,1,100.0,0,222,60.0,,60.0,0,0,0,,,,0,0,0,1,0,0,0,1,0,0,0,0,1,0
Sam Hahn,46017,T,NEBRASKA,1,100.0,0,238,60.0,70.9,,0,0,1,100.0,100.0,100.0,0,0,0,1,0,0,0,1,1,1,0,1,0,0
Zach Boden,45991,HB,DUKE,2,8.3,0,154,68.0,,60.0,0,0,0,0.0,0.0,,0,0,0,1,0,0,0,12,0,2,0,0,1,0
Seth White,46222,G,NAVY,1,100.0,0,237,60.0,,60.0,0,0,0,,,,0,0,0,1,0,1,0,1,0,0,0,0,1,0
Keith Harris Jr.,16563,HB,N ILLINOIS,1,16.7,0,254,51.2,74.6,,0,0,1,33.3,33.3,100.0,0,0,0,1,0,0,0,6,1,3,0,0,0,0
Mustafa Branch,38602,LB,STANFORD,1,100.0,0,300,60.0,,65.1,0,0,0,,,,0,0,0,1,0,0,0,1,0,0,0,0,1,0
Jordan Whitehead,49196,S,PITTSBURGH,5,5.0,0,268,80.4,,60.0,0,0,0,0.0,0.0,,1,0,0,1,0,0,0,20,0,7,0,0,1,0
Alex Coty,26356,G,C MICHIGAN,1,100.0,0,134,60.0,70.3,,0,0,1,100.0,100.0,100.0,0,0,0,1,0,0,0,1,1,1,1,0,0,0
Travis Fister,29949,C,SMU,1,100.0,0,287,60.0,,60.0,0,0,0,,,,0,0,0,1,1,0,0,1,0,0,0,0,1,0
Bryce Reeves,26021,WR,TEXAS A&M,1,100.0,0,312,60.0,,60.0,0,0,0,,,,0,0,0,1,0,0,0,1,0,0,0,0,1,1
Will Few,21839,C,OLE MISS,1,100.0,0,226,60.0,,60.0,0,0,0,,,,0,0,0,1,1,0,0,1,0,0,0,0,1,0
Louis Grigoletti,25853,T,C MICHIGAN,1,100.0,0,134,60.0,69.5,,0,0,1,100.0,100.0,100.0,0,0,0,1,0,0,1,1,1,1,0,0,0,0
Jordan Hahn,32356,WR,ILLINOIS,1,100.0,0,187,60.0,,60.0,0,0,0,,,,0,0,0,1,0,0,0,1,0,0,0,0,1,0
Drew Eckels,27245,QB,W KENTUCKY,1,25.0,0,346,54.8,,60.0,0,0,0,0.0,0.0,,0,0,0,1,0,0,0,4,0,2,0,0,1,0
Zach Heath,25750,G,ILLINOIS,1,100.0,0,187,60.0,,60.0,0,0,0,,,,0,0,0,1,0,1,0,1,0,0,0,0,1,0
Keaton Duhon,30185,WR,TCU,1,100.0,0,305,60.0,,60.0,0,0,0,,,,0,0,0,1,0,0,0,1,0,0,0,0,1,0
Keith Kirkwood,48017,WR,TEMPLE,1,100.0,0,306,60.0,,59.9,0,0,0,,,,0,0,0,1,0,0,0,1,0,0,0,0,1,0
Jesse Ertz,46473,QB,KANSAS ST,1,50.0,0,199,55.5,,60.0,0,0,0,,,,0,0,0,1,0,0,0,2,0,0,0,0,1,0
Lance Sanders,21602,G,C MICHIGAN,1,100.0,0,134,60.0,66.8,,0,0,1,100.0,100.0,100.0,0,0,0,1,0,0,0,1,1,1,0,0,0,1
Brandon Johnson,11443,HB,PENN STATE,2,16.7,0,266,69.9,,60.0,0,0,0,,,,0,0,0,1,0,0,0,6,0,0,0,0,1,0
Jimmie Stoudemire,34476,WR,AUBURN,1,100.0,0,115,60.0,,60.0,0,0,0,,,,0,0,0,1,0,0,0,1,0,0,0,0,1,1
Eric Davidson,17578,HB,APP STATE,1,11.1,0,108,53.6,,60.0,0,0,0,0.0,0.0,,0,0,0,1,0,0,0,9,0,2,0,0,1,0
Cameron Colbert,39046,WR,ARKANSAS,1,100.0,0,111,60.0,,60.0,0,0,0,,,,0,0,0,1,0,0,0,1,0,0,0,0,1,0
Lofi Tamasese,24334,C,ARMY,1,100.0,0,114,60.0,,60.0,0,0,0,,,,0,0,0,1,1,0,0,1,0,0,0,0,1,0
Tom Thornton,24314,QB,WYOMING,3,14.3,0,351,56.1,,60.0,0,0,0,0.0,0.0,,0,0,0,1,0,0,0,7,0,6,0,0,1,0
Thomas Walsh,30246,G,TCU,1,100.0,0,305,60.0,,60.0,0,0,0,,,,0,0,0,1,0,0,0,1,0,0,1,0,1,0
Dominic Davis,45909,HB,USC,11,2.5,0,326,72.4,72.7,,0,0,1,4.2,3.8,100.0,0,0,0,1,0,0,0,40,1,26,0,0,0,0
